SA1_CODE21,SA2_CODE21,SA2_NAME21,zone_tier,area_km2,x_mga56,y_mga56,lon,lat,population,dwellings_total,office,retail,food,civic,health,leisure,tourism,amenity,landuse,job_index,jobs_sa2,jobs,jobs_source,attr_HW,attr_HE,attr_HS,attr_HO,attr_WB,attr_NHB
10601110701,106011107,Branxton - Greta - Pokolbin,core,0.4799,348567.8,6384035.7,151.3850026,-32.670974,706,264,0.0,0.0,0.0,0.0,0.0,2.0,0.0,1.0,1.0,5.2,4941,19.1,modelled_from_WPP_SA2,19.1,14.620000000000001,0.5,11.0,1.0,1.0
10601110702,106011107,Branxton - Greta - Pokolbin,core,0.329,349277.7,6383211.2,151.3924383,-32.678506,555,241,0.0,0.0,0.0,1.0,0.0,4.0,0.0,5.0,0.0,28.0,4941,102.8,modelled_from_WPP_SA2,102.8,43.6,2.5,28.0,10.0,8.0
10601110703,106011107,Branxton - Greta - Pokolbin,core,2.8685,349522.0,6383771.1,151.3951335,-32.6734907,803,284,0.0,0.0,0.0,0.0,0.0,10.0,0.0,2.0,3.0,22.6,4941,83.0,modelled_from_WPP_SA2,83.0,17.06,1.0,52.0,2.0,2.0
10601110704,106011107,Branxton - Greta - Pokolbin,external,41.7628,340056.2,6389518.7,151.2952007,-32.620333,407,146,0.0,0.0,0.0,2.0,0.0,4.0,1.0,1.0,0.0,42.0,4941,154.2,modelled_from_WPP_SA2,154.2,68.64,0.5,30.0,11.0,7.0
10601110705,106011107,Branxton - Greta - Pokolbin,external,68.843,339036.8,6382062.1,151.2830545,-32.68742,372,150,0.0,5.0,6.0,0.0,0.0,18.0,7.0,25.0,0.0,138.0,4941,506.6,modelled_from_WPP_SA2,506.6,19.94,86.5,176.0,25.0,80.0
10601110706,106011107,Branxton - Greta - Pokolbin,core,33.7724,350217.1,6380842.5,151.4020735,-32.6999931,363,146,0.0,0.0,0.0,0.0,0.0,6.0,0.0,6.0,5.0,19.0,4941,69.7,modelled_from_WPP_SA2,69.7,10.26,3.0,36.0,6.0,6.0
10601110707,106011107,Branxton - Greta - Pokolbin,core,89.2697,340067.3,6371359.3,151.2922021,-32.7840749,267,166,1.0,23.0,17.0,2.0,0.0,35.0,29.0,160.0,2.0,553.4,4941,2031.5,modelled_from_WPP_SA2,2031.5,145.34,378.0,559.0,180.0,369.0
10601110708,106011107,Branxton - Greta - Pokolbin,core,38.3597,347681.6,6372676.7,151.3736969,-32.7732777,338,138,0.0,0.0,1.0,0.0,0.0,3.0,3.0,9.0,1.0,30.2,4941,110.9,modelled_from_WPP_SA2,110.9,11.26,8.5,38.0,9.0,14.0
10601110709,106011107,Branxton - Greta - Pokolbin,core,0.6532,345415.5,6385645.1,151.3516625,-32.656025,309,143,0.0,3.0,4.0,4.0,0.0,3.0,1.0,13.0,4.0,118.8,4941,436.1,modelled_from_WPP_SA2,436.1,132.68,52.5,69.0,33.0,60.0
10601110710,106011107,Branxton - Greta - Pokolbin,core,0.499,345976.8,6384753.6,151.3574986,-32.6641417,265,103,0.0,0.0,0.0,0.0,0.0,0.0,0.0,0.0,0.0,0.0,4941,0.0,modelled_from_WPP_SA2,0.0,5.3,0.0,0.0,0.0,0.0
10601110712,106011107,Branxton - Greta - Pokolbin,core,0.3404,349028.1,6382898.1,151.3897262,-32.6812947,442,172,0.0,2.0,2.0,1.0,0.0,0.0,0.0,5.0,3.0,40.6,4941,149.0,modelled_from_WPP_SA2,149.0,41.34,30.5,22.0,10.0,28.0
10601110713,106011107,Branxton - Greta - Pokolbin,core,0.819,345991.9,6385611.5,151.3578007,-32.6564079,299,108,0.0,0.0,0.0,0.0,0.0,20.0,0.0,7.0,0.0,47.0,4941,172.5,modelled_from_WPP_SA2,172.5,9.48,3.5,107.0,7.0,7.0
10601110714,106011107,Branxton - Greta - Pokolbin,core,0.3984,345251.5,6382975.8,151.3494725,-32.6800712,652,248,0.0,0.0,0.0,0.0,0.0,4.0,0.0,1.0,1.0,9.2,4941,33.8,modelled_from_WPP_SA2,33.8,13.540000000000001,0.5,21.0,1.0,1.0
10601110716,106011107,Branxton - Greta - Pokolbin,external,4.9388,347433.8,6387234.9,151.3734363,-32.6419695,822,260,0.0,0.0,0.0,0.0,0.0,1.0,0.0,0.0,2.0,2.4,4941,8.8,modelled_from_WPP_SA2,8.8,16.44,0.0,5.0,0.0,0.0
10601110717,106011107,Branxton - Greta - Pokolbin,external,19.3569,351023.4,6387946.1,151.4118068,-32.6360463,230,74,0.0,1.0,0.0,0.0,0.0,1.0,0.0,2.0,0.0,8.0,4941,29.4,modelled_from_WPP_SA2,29.4,5.6000000000000005,11.0,9.0,2.0,7.0
10601110718,106011107,Branxton - Greta - Pokolbin,external,19.1787,346899.2,6388739.9,151.3679844,-32.6283249,371,141,0.0,0.0,0.0,1.0,0.0,3.0,1.0,2.0,6.0,27.2,4941,99.8,modelled_from_WPP_SA2,99.8,38.42,1.0,23.0,7.0,5.0
10601110719,106011107,Branxton - Greta - Pokolbin,core,0.1857,347359.2,6385662.8,151.3723845,-32.6561351,278,103,0.0,0.0,0.0,0.0,0.0,0.0,0.0,0.0,0.0,0.0,4941,0.0,modelled_from_WPP_SA2,0.0,5.5600000000000005,0.0,0.0,0.0,0.0
10601110720,106011107,Branxton - Greta - Pokolbin,core,0.2212,346832.1,6385637.2,151.366761,-32.6562936,505,190,0.0,0.0,0.0,0.0,0.0,0.0,0.0,0.0,1.0,0.2,4941,0.7,modelled_from_WPP_SA2,0.7,10.1,0.0,0.0,0.0,0.0
10601110722,106011107,Branxton - Greta - Pokolbin,core,1.0676,345019.7,6385616.8,151.3474389,-32.6562244,390,163,0.0,0.0,0.0,2.0,0.0,1.0,0.0,3.0,5.0,36.0,4941,132.2,modelled_from_WPP_SA2,132.2,69.3,1.5,14.0,13.0,9.0
10601110723,106011107,Branxton - Greta - Pokolbin,core,1.0874,349352.5,6381937.5,151.3930302,-32.690001,730,255,0.0,0.0,0.0,0.0,0.0,0.0,0.0,3.0,4.0,3.8,4941,13.9,modelled_from_WPP_SA2,13.9,16.1,1.5,3.0,3.0,3.0
10601110725,106011107,Branxton - Greta - Pokolbin,core,0.1755,346808.4,6385934.5,151.3665573,-32.653609,496,190,0.0,0.0,0.0,0.0,0.0,0.0,0.0,0.0,0.0,0.0,4941,0.0,modelled_from_WPP_SA2,0.0,9.92,0.0,0.0,0.0,0.0
10601110726,106011107,Branxton - Greta - Pokolbin,core,0.1193,347279.0,6385999.6,151.3715843,-32.6530874,338,123,0.0,0.0,0.0,0.0,0.0,0.0,0.0,0.0,0.0,0.0,4941,0.0,modelled_from_WPP_SA2,0.0,6.76,0.0,0.0,0.0,0.0
10601110727,106011107,Branxton - Greta - Pokolbin,core,1.6907,346484.7,6383000.6,151.3626241,-32.6800193,565,205,0.0,0.0,0.0,0.0,0.0,6.0,0.0,0.0,8.0,13.6,4941,49.9,modelled_from_WPP_SA2,49.9,11.3,0.0,30.0,0.0,0.0
10601110728,106011107,Branxton - Greta - Pokolbin,core,28.2095,346231.0,6377631.5,151.3590332,-32.7283979,196,97,0.0,2.0,5.0,0.0,0.0,6.0,1.0,7.0,1.0,60.2,4941,221.0,modelled_from_WPP_SA2,221.0,7.42,43.5,69.0,7.0,42.0
10601110729,106011107,Branxton - Greta - Pokolbin,core,0.2617,345593.2,6383241.4,151.3531596,-32.6777239,512,182,0.0,0.0,0.0,0.0,0.0,0.0,0.0,0.0,1.0,0.2,4941,0.7,modelled_from_WPP_SA2,0.7,10.24,0.0,0.0,0.0,0.0
10601110730,106011107,Branxton - Greta - Pokolbin,core,9.8573,343189.1,6374409.1,151.3260404,-32.7570247,341,182,0.0,7.0,2.0,0.0,0.0,4.0,3.0,11.0,5.0,69.0,4941,253.3,modelled_from_WPP_SA2,253.3,12.32,83.5,64.0,11.0,56.0
10601110731,106011107,Branxton - Greta - Pokolbin,core,24.8329,344783.5,6381809.9,151.3442885,-32.6905182,360,131,0.0,0.0,0.0,0.0,0.0,6.0,1.0,5.0,2.0,20.4,4941,74.9,modelled_from_WPP_SA2,74.9,9.7,2.5,38.0,5.0,5.0
10601110732,106011107,Branxton - Greta - Pokolbin,core,1.0651,345722.8,6383935.9,151.3546554,-32.6714795,557,195,0.0,2.0,2.0,0.0,0.0,3.0,0.0,6.0,6.0,33.2,4941,121.9,modelled_from_WPP_SA2,121.9,14.14,31.0,35.0,6.0,26.0
10601110733,106011107,Branxton - Greta - Pokolbin,core,1.5678,342814.5,6377113.5,151.3225,-32.7325859,315,196,0.0,0.0,1.0,0.0,0.0,4.0,0.0,3.0,4.0,17.8,4941,65.3,modelled_from_WPP_SA2,65.3,7.8,5.5,28.0,3.0,8.0
10601110801,106011108,Cessnock,core,0.2345,345267.8,6365787.2,151.3467834,-32.8350622,539,274,0.0,0.0,0.0,0.0,0.0,0.0,0.0,0.0,0.0,0.0,7459,0.0,modelled_from_WPP_SA2,0.0,10.78,0.0,0.0,0.0,0.0
10601110806,106011108,Cessnock,core,0.1427,344852.9,6366442.7,151.342462,-32.8290935,335,144,0.0,0.0,0.0,0.0,0.0,0.0,0.0,0.0,0.0,0.0,7459,0.0,modelled_from_WPP_SA2,0.0,6.7,0.0,0.0,0.0,0.0
10601110807,106011108,Cessnock,core,0.3883,346185.5,6364608.5,151.3563893,-32.8458192,497,219,0.0,0.0,0.0,0.0,0.0,7.0,0.0,3.0,1.0,17.2,7459,122.3,modelled_from_WPP_SA2,122.3,11.44,1.5,38.0,3.0,3.0
10601110808,106011108,Cessnock,core,0.3759,346986.9,6365229.0,151.3650527,-32.8403372,430,179,0.0,0.0,0.0,1.0,0.0,26.0,2.0,3.0,0.0,76.0,7459,540.2,modelled_from_WPP_SA2,540.2,40.1,1.5,142.0,8.0,6.0
10601110809,106011108,Cessnock,core,0.1746,347341.6,6365253.2,151.3688447,-32.8401683,253,109,0.0,0.0,0.0,1.0,0.0,0.0,0.0,1.0,0.0,16.0,7459,113.7,modelled_from_WPP_SA2,113.7,35.56,0.5,4.0,6.0,4.0
10601110810,106011108,Cessnock,core,0.217,347571.9,6365136.7,151.3712855,-32.8412502,427,185,0.0,0.0,0.0,0.0,0.0,0.0,0.0,0.0,0.0,0.0,7459,0.0,modelled_from_WPP_SA2,0.0,8.540000000000001,0.0,0.0,0.0,0.0
10601110811,106011108,Cessnock,core,0.1677,344814.1,6366718.7,151.3420943,-32.826599,398,165,0.0,0.0,0.0,0.0,0.0,1.0,0.0,0.0,0.0,2.0,7459,14.2,modelled_from_WPP_SA2,14.2,7.96,0.0,5.0,0.0,0.0
10601110812,106011108,Cessnock,core,0.2183,345201.5,6366701.2,151.346228,-32.8268117,444,181,0.0,0.0,0.0,0.0,1.0,1.0,0.0,0.0,0.0,10.0,7459,71.1,modelled_from_WPP_SA2,71.1,8.88,0.0,9.0,3.0,0.0
10601110813,106011108,Cessnock,core,0.2229,345327.8,6366313.8,151.3475126,-32.8303223,580,195,0.0,0.0,0.0,0.0,0.0,3.0,0.0,3.0,0.0,9.0,7459,64.0,modelled_from_WPP_SA2,64.0,13.1,1.5,18.0,3.0,3.0
10601110814,106011108,Cessnock,core,0.1255,345737.3,6366192.3,151.3518655,-32.8314758,158,83,0.0,1.0,0.0,0.0,0.0,1.0,0.0,1.0,0.0,7.0,7459,49.8,modelled_from_WPP_SA2,49.8,3.66,10.5,8.0,1.0,6.0
10601110815,106011108,Cessnock,core,0.1422,345933.9,6366344.9,151.353991,-32.8301275,238,102,0.0,0.0,1.0,0.0,0.0,3.0,0.0,2.0,1.0,14.2,7459,100.9,modelled_from_WPP_SA2,100.9,5.76,5.0,22.0,2.0,7.0
10601110816,106011108,Cessnock,core,0.1969,345700.6,6366766.0,151.3515694,-32.8262976,446,188,0.0,0.0,0.0,0.0,0.0,1.0,0.0,0.0,0.0,2.0,7459,14.2,modelled_from_WPP_SA2,14.2,8.92,0.0,5.0,0.0,0.0
10601110817,106011108,Cessnock,core,0.1932,345592.6,6367091.6,151.3504701,-32.8233469,411,179,0.0,1.0,0.0,1.0,0.0,2.0,0.0,2.0,0.0,25.0,7459,177.7,modelled_from_WPP_SA2,177.7,39.22,11.0,17.0,7.0,10.0
10601110818,106011108,Cessnock,core,1.0957,345483.0,6367500.9,151.3493682,-32.8196407,251,10,0.0,0.0,0.0,0.0,0.0,1.0,0.0,3.0,0.0,5.0,7459,35.5,modelled_from_WPP_SA2,35.5,6.5200000000000005,1.5,8.0,3.0,3.0
10601110819,106011108,Cessnock,core,0.2146,346126.9,6366945.1,151.3561521,-32.8247428,480,198,0.0,0.0,0.0,0.0,0.0,3.0,0.0,0.0,0.0,6.0,7459,42.6,modelled_from_WPP_SA2,42.6,9.6,0.0,15.0,0.0,0.0
10601110820,106011108,Cessnock,core,0.194,347165.6,6366735.7,151.3672097,-32.826776,428,194,0.0,0.0,0.0,0.0,0.0,0.0,0.0,0.0,0.0,0.0,7459,0.0,modelled_from_WPP_SA2,0.0,8.56,0.0,0.0,0.0,0.0
10601110821,106011108,Cessnock,core,0.2478,347069.1,6366352.8,151.3661159,-32.8302149,327,164,0.0,0.0,0.0,0.0,0.0,0.0,0.0,0.0,0.0,0.0,7459,0.0,modelled_from_WPP_SA2,0.0,6.54,0.0,0.0,0.0,0.0
10601110822,106011108,Cessnock,core,0.5757,349891.5,6363255.9,151.3957575,-32.8585303,528,203,0.0,0.0,0.0,1.0,0.0,9.0,0.0,1.0,1.0,34.2,7459,243.1,modelled_from_WPP_SA2,243.1,41.06,0.5,49.0,6.0,4.0
10601110823,106011108,Cessnock,core,1.091,349141.4,6363938.5,151.387855,-32.8522717,216,77,0.0,0.0,0.0,0.0,0.0,4.0,0.0,0.0,2.0,8.4,7459,59.7,modelled_from_WPP_SA2,59.7,4.32,0.0,20.0,0.0,0.0
10601110824,106011108,Cessnock,core,0.2393,347726.0,6366736.0,151.3731953,-32.8268507,197,80,0.0,0.0,0.0,1.0,0.0,0.0,0.0,0.0,1.0,15.2,7459,108.0,modelled_from_WPP_SA2,108.0,33.94,0.0,3.0,5.0,3.0
10601110825,106011108,Cessnock,core,0.4316,347533.9,6367138.0,151.37121,-32.8231993,857,254,0.0,0.0,0.0,0.0,0.0,0.0,0.0,0.0,2.0,0.4,7459,2.8,modelled_from_WPP_SA2,2.8,17.14,0.0,0.0,0.0,0.0
10601110826,106011108,Cessnock,core,28.7624,349063.8,6366724.2,151.3874808,-32.8271429,171,69,0.0,0.0,0.0,1.0,0.0,6.0,41.0,7.0,0.0,157.0,7459,1115.9,modelled_from_WPP_SA2,1115.9,36.92,3.5,163.0,12.0,10.0
10601110827,106011108,Cessnock,core,13.0207,346199.4,6363568.7,151.3563652,-32.8551975,77,29,0.0,1.0,0.0,0.0,0.0,0.0,0.0,2.0,0.0,6.0,7459,42.6,modelled_from_WPP_SA2,42.6,2.54,11.0,4.0,2.0,7.0
10601110828,106011108,Cessnock,core,0.3788,343235.2,6366902.4,151.3252636,-32.8247182,118,104,0.0,0.0,0.0,0.0,0.0,0.0,0.0,1.0,1.0,1.2,7459,8.5,modelled_from_WPP_SA2,8.5,2.86,0.5,1.0,1.0,1.0
10601110829,106011108,Cessnock,core,0.1823,346599.6,6365465.2,151.3609548,-32.8381525,421,173,0.0,0.0,0.0,0.0,0.0,3.0,0.0,0.0,0.0,6.0,7459,42.6,modelled_from_WPP_SA2,42.6,8.42,0.0,15.0,0.0,0.0
10601110830,106011108,Cessnock,core,0.3497,346618.3,6366930.4,151.3613971,-32.8249443,746,310,0.0,0.0,0.0,0.0,0.0,1.0,0.0,0.0,0.0,2.0,7459,14.2,modelled_from_WPP_SA2,14.2,14.92,0.0,5.0,0.0,0.0
10601110831,106011108,Cessnock,core,0.1157,346243.7,6366561.8,151.3573354,-32.8282155,213,97,0.0,0.0,3.0,0.0,0.0,0.0,1.0,1.0,1.0,22.2,7459,157.8,modelled_from_WPP_SA2,157.8,4.76,12.5,19.0,1.0,16.0
10601110832,106011108,Cessnock,core,0.2494,346500.5,6366436.2,151.3600568,-32.8293834,365,154,0.0,8.0,1.0,0.0,0.0,2.0,1.0,0.0,2.0,45.4,7459,322.7,modelled_from_WPP_SA2,322.7,7.3,84.0,34.0,0.0,45.0
10601110833,106011108,Cessnock,core,0.4045,346383.5,6365958.9,151.3587285,-32.8336709,344,166,0.0,4.0,5.0,2.0,0.0,5.0,0.0,19.0,2.0,105.4,7459,749.2,modelled_from_WPP_SA2,749.2,76.38,69.5,83.0,29.0,70.0
10601110834,106011108,Cessnock,core,0.5436,346114.5,6365293.4,151.3557451,-32.8396337,413,201,0.0,2.0,2.0,3.0,0.0,14.0,1.0,16.0,1.0,112.2,7459,797.5,modelled_from_WPP_SA2,797.5,106.26,36.0,112.0,31.0,45.0
10601110835,106011108,Cessnock,core,0.1122,346504.2,6364529.2,151.359781,-32.8465792,211,95,0.0,0.0,0.0,0.0,0.0,3.0,0.0,1.0,0.0,7.0,7459,49.8,modelled_from_WPP_SA2,49.8,4.72,0.5,16.0,1.0,1.0
10601110836,106011108,Cessnock,core,0.2524,344308.2,6365446.1,151.3364771,-32.8380018,556,237,0.0,0.0,0.0,0.0,0.0,2.0,0.0,0.0,0.0,4.0,7459,28.4,modelled_from_WPP_SA2,28.4,11.120000000000001,0.0,10.0,0.0,0.0
10601110837,106011108,Cessnock,core,0.4276,344819.5,6365713.7,151.3419832,-32.8356621,706,353,0.0,0.0,0.0,0.0,1.0,3.0,0.0,1.0,1.0,15.2,7459,108.0,modelled_from_WPP_SA2,108.0,14.620000000000001,0.5,20.0,4.0,1.0
10601110838,106011108,Cessnock,core,0.1903,347807.1,6365085.1,151.3737895,-32.8417488,336,161,0.0,0.0,0.0,0.0,0.0,1.0,0.0,0.0,0.0,2.0,7459,14.2,modelled_from_WPP_SA2,14.2,6.72,0.0,5.0,0.0,0.0
10601110839,106011108,Cessnock,core,0.1902,348004.0,6364958.8,151.3758715,-32.842915,364,147,0.0,0.0,0.0,0.0,0.0,0.0,0.0,0.0,0.0,0.0,7459,0.0,modelled_from_WPP_SA2,0.0,7.28,0.0,0.0,0.0,0.0
10601110840,106011108,Cessnock,core,0.1897,348228.8,6364895.0,151.378263,-32.8435212,320,129,0.0,0.0,0.0,0.0,0.0,0.0,0.0,0.0,0.0,0.0,7459,0.0,modelled_from_WPP_SA2,0.0,6.4,0.0,0.0,0.0,0.0
10601110841,106011108,Cessnock,core,0.3113,348452.7,6364822.5,151.3806428,-32.8442061,411,155,0.0,0.0,0.0,0.0,0.0,0.0,0.0,0.0,0.0,0.0,7459,0.0,modelled_from_WPP_SA2,0.0,8.22,0.0,0.0,0.0,0.0
10601110842,106011108,Cessnock,core,0.7412,341503.1,6363094.6,151.3061137,-32.8588026,351,114,0.0,0.0,0.0,0.0,0.0,0.0,0.0,0.0,0.0,0.0,7459,0.0,modelled_from_WPP_SA2,0.0,7.0200000000000005,0.0,0.0,0.0,0.0
10601110843,106011108,Cessnock,core,0.1823,344973.7,6364911.2,151.3434956,-32.8429198,375,168,0.0,0.0,0.0,0.0,0.0,2.0,0.0,0.0,0.0,4.0,7459,28.4,modelled_from_WPP_SA2,28.4,7.5,0.0,10.0,0.0,0.0
10601110844,106011108,Cessnock,core,0.182,344771.9,6365148.9,151.3413806,-32.8407478,387,161,0.0,0.0,0.0,0.0,0.0,2.0,0.0,3.0,0.0,7.0,7459,49.8,modelled_from_WPP_SA2,49.8,9.24,1.5,13.0,3.0,3.0
10601110845,106011108,Cessnock,core,0.3063,345440.4,6365610.5,151.3485973,-32.8366798,502,320,0.0,3.0,0.0,5.0,0.0,2.0,0.0,3.0,1.0,94.2,7459,669.6,modelled_from_WPP_SA2,669.6,161.54,31.5,34.0,28.0,33.0
10601110847,106011108,Cessnock,core,0.4727,342499.2,6362712.0,151.3166907,-32.862396,690,261,0.0,0.0,0.0,1.0,0.0,1.0,0.0,2.0,0.0,19.0,7459,135.0,modelled_from_WPP_SA2,135.0,44.8,1.0,10.0,7.0,5.0
10601110848,106011108,Cessnock,core,0.1557,342772.2,6363429.3,151.319729,-32.8559681,233,82,0.0,0.0,0.0,0.0,0.0,6.0,0.0,1.0,0.0,13.0,7459,92.4,modelled_from_WPP_SA2,92.4,5.16,0.5,31.0,1.0,1.0
10601110850,106011108,Cessnock,core,0.2207,343880.8,6364267.5,151.331713,-32.8485688,416,166,0.0,0.0,0.0,0.0,0.0,0.0,0.0,0.0,0.0,0.0,7459,0.0,modelled_from_WPP_SA2,0.0,8.32,0.0,0.0,0.0,0.0
10601110852,106011108,Cessnock,core,0.1302,344519.4,6364836.8,151.3386303,-32.8435262,267,109,0.0,0.0,0.0,0.0,0.0,0.0,1.0,0.0,0.0,3.0,7459,21.3,modelled_from_WPP_SA2,21.3,5.34,0.0,3.0,0.0,0.0
10601110855,106011108,Cessnock,core,0.1901,343670.2,6367019.2,151.3299281,-32.8237269,373,127,0.0,0.0,0.0,0.0,0.0,0.0,0.0,0.0,2.0,0.4,7459,2.8,modelled_from_WPP_SA2,2.8,7.46,0.0,0.0,0.0,0.0
10601110858,106011108,Cessnock,core,0.2067,344222.6,6364975.6,151.3354836,-32.8422326,508,223,0.0,0.0,0.0,0.0,0.0,0.0,0.0,0.0,0.0,0.0,7459,0.0,modelled_from_WPP_SA2,0.0,10.16,0.0,0.0,0.0,0.0
10601110859,106011108,Cessnock,core,0.4383,343239.6,6366196.1,151.3251913,-32.8310874,757,221,0.0,0.0,0.0,0.0,0.0,0.0,0.0,3.0,1.0,3.2,7459,22.7,modelled_from_WPP_SA2,22.7,16.64,1.5,3.0,3.0,3.0
10601110860,106011108,Cessnock,core,0.204,343603.1,6364205.8,151.328737,-32.8490851,474,193,0.0,0.0,0.0,0.0,0.0,0.0,0.0,0.0,0.0,0.0,7459,0.0,modelled_from_WPP_SA2,0.0,9.48,0.0,0.0,0.0,0.0
10601110861,106011108,Cessnock,core,1.2873,343957.0,6367746.4,151.3331141,-32.8172111,1482,0,0.0,0.0,0.0,0.0,0.0,3.0,0.0,12.0,0.0,18.0,7459,127.9,modelled_from_WPP_SA2,127.9,35.64,6.0,27.0,12.0,12.0
10601110862,106011108,Cessnock,core,5.4121,342519.4,6364885.3,151.3172762,-32.8428033,32,12,0.0,0.0,0.0,0.0,0.0,0.0,0.0,0.0,3.0,0.6000000000000001,7459,4.3,modelled_from_WPP_SA2,4.3,0.64,0.0,0.0,0.0,0.0
10601110863,106011108,Cessnock,core,0.2566,342321.4,6363395.4,151.314907,-32.8562086,397,128,0.0,0.0,0.0,0.0,0.0,7.0,0.0,0.0,0.0,14.0,7459,99.5,modelled_from_WPP_SA2,99.5,7.94,0.0,35.0,0.0,0.0
10601110864,106011108,Cessnock,core,4.8122,344783.6,6369480.4,151.3422311,-32.8016927,660,242,0.0,0.0,1.0,2.0,0.0,7.0,16.0,4.0,3.0,102.6,7459,729.3,modelled_from_WPP_SA2,729.3,75.2,6.0,98.0,14.0,15.0
10601110865,106011108,Cessnock,core,0.3631,343042.7,6363647.5,151.3226557,-32.8540387,572,244,0.0,0.0,1.0,0.0,0.0,1.0,0.0,3.0,0.0,11.0,7459,78.2,modelled_from_WPP_SA2,78.2,12.94,5.5,13.0,3.0,8.0
10601110866,106011108,Cessnock,core,0.8349,344017.0,6366606.2,151.3335624,-32.8275005,806,311,0.0,0.0,0.0,0.0,0.0,9.0,1.0,5.0,1.0,26.2,7459,186.2,modelled_from_WPP_SA2,186.2,18.62,2.5,53.0,5.0,5.0
10601110901,106011109,Cessnock Surrounds,core,0.3318,341823.6,6357105.0,151.3085115,-32.912855,426,142,0.0,0.0,1.0,1.0,0.0,0.0,0.0,1.0,0.0,22.0,1688,55.2,modelled_from_WPP_SA2,55.2,39.019999999999996,4.5,9.0,6.0,9.0
10601110902,106011109,Cessnock Surrounds,core,0.8092,342641.5,6357115.4,151.3172568,-32.9128796,409,145,0.0,0.0,0.0,0.0,0.0,1.0,0.0,2.0,0.0,4.0,1688,10.0,modelled_from_WPP_SA2,10.0,9.18,1.0,7.0,2.0,2.0
10601110903,106011109,Cessnock Surrounds,core,0.3614,347344.0,6361186.5,151.3681992,-32.8768378,366,134,0.0,0.0,1.0,1.0,0.0,0.0,0.0,1.0,1.0,22.2,1688,55.7,modelled_from_WPP_SA2,55.7,37.82,4.5,9.0,6.0,9.0
10601110904,106011109,Cessnock Surrounds,core,0.2697,349964.4,6360833.5,151.396143,-32.8803823,255,86,0.0,0.0,0.0,0.0,0.0,2.0,0.0,0.0,1.0,4.2,1688,10.5,modelled_from_WPP_SA2,10.5,5.1000000000000005,0.0,10.0,0.0,0.0
10601110905,106011109,Cessnock Surrounds,core,0.8964,357910.9,6358391.2,151.4806878,-32.9034658,366,136,0.0,0.0,0.0,1.0,0.0,7.0,0.0,2.0,1.0,31.2,1688,78.2,modelled_from_WPP_SA2,78.2,38.32,1.0,40.0,7.0,5.0
10601110906,106011109,Cessnock Surrounds,core,68.2142,362748.3,6362655.0,151.5330309,-32.8656351,480,156,0.0,0.0,1.0,0.0,0.0,1.0,4.0,33.0,5.0,54.0,1688,135.4,modelled_from_WPP_SA2,135.4,26.1,20.5,55.0,33.0,38.0
10601110907,106011109,Cessnock Surrounds,core,0.2698,336860.5,6359658.2,151.2559102,-32.8891051,278,100,0.0,0.0,0.0,1.0,0.0,0.0,0.0,0.0,0.0,15.0,1688,37.6,modelled_from_WPP_SA2,37.6,35.56,0.0,3.0,5.0,3.0
10601110908,106011109,Cessnock Surrounds,core,0.706,337604.7,6359382.1,151.2638152,-32.8917055,544,202,0.0,0.0,0.0,1.0,0.0,3.0,0.0,1.0,2.0,22.4,1688,56.2,modelled_from_WPP_SA2,56.2,41.38,0.5,19.0,6.0,4.0
10601110909,106011109,Cessnock Surrounds,core,0.3246,339693.0,6358030.9,151.2858977,-32.9041959,545,211,0.0,0.0,1.0,0.0,0.0,3.0,0.0,0.0,1.0,12.2,1688,30.6,modelled_from_WPP_SA2,30.6,10.9,4.0,20.0,0.0,5.0
10601110911,106011109,Cessnock Surrounds,core,0.8489,342088.5,6356246.9,151.3111971,-32.9206301,289,106,0.0,0.0,0.0,0.0,0.0,0.0,0.0,0.0,1.0,0.2,1688,0.5,modelled_from_WPP_SA2,0.5,5.78,0.0,0.0,0.0,0.0
10601110912,106011109,Cessnock Surrounds,core,55.6436,366064.4,6367971.3,151.5692339,-32.8181044,347,118,0.0,0.0,1.0,1.0,0.0,0.0,0.0,3.0,10.0,26.0,1688,65.2,modelled_from_WPP_SA2,65.2,38.44,5.5,11.0,8.0,11.0
10601110913,106011109,Cessnock Surrounds,core,39.5108,353974.8,6361334.9,151.4390792,-32.8764042,275,104,0.0,0.0,0.0,0.0,0.0,1.0,0.0,0.0,0.0,2.0,1688,5.0,modelled_from_WPP_SA2,5.0,5.5,0.0,5.0,0.0,0.0
10601110914,106011109,Cessnock Surrounds,core,41.8583,357279.1,6355650.4,151.4735093,-32.9280989,471,168,0.0,1.0,0.0,1.0,0.0,2.0,10.0,6.0,2.0,59.4,1688,148.9,modelled_from_WPP_SA2,148.9,42.42,13.0,51.0,11.0,14.0
10601110915,106011109,Cessnock Surrounds,core,32.9901,352981.6,6354914.8,151.4274424,-32.934162,363,123,0.0,0.0,0.0,0.0,0.0,0.0,4.0,0.0,0.0,12.0,1688,30.1,modelled_from_WPP_SA2,30.1,7.26,0.0,12.0,0.0,0.0
10601110916,106011109,Cessnock Surrounds,core,154.7947,350725.4,6349903.8,151.4025039,-32.9790393,519,189,0.0,0.0,0.0,0.0,0.0,9.0,21.0,6.0,0.0,87.0,1688,218.1,modelled_from_WPP_SA2,218.1,13.38,3.0,114.0,6.0,6.0
10601110917,106011109,Cessnock Surrounds,core,40.2865,341838.8,6361507.8,151.3094293,-32.8731591,272,110,0.0,0.0,1.0,0.0,0.0,1.0,2.0,4.0,4.0,18.8,1688,47.1,modelled_from_WPP_SA2,47.1,7.44,6.0,20.0,4.0,9.0
10601110918,106011109,Cessnock Surrounds,core,149.0806,329672.8,6364672.2,151.1800247,-32.8428039,237,121,0.0,0.0,0.0,0.0,0.0,0.0,0.0,0.0,1.0,0.2,1688,0.5,modelled_from_WPP_SA2,0.5,4.74,0.0,0.0,0.0,0.0
10601110920,106011109,Cessnock Surrounds,core,165.7261,322240.3,6354445.0,151.0986756,-32.9338277,406,217,1.0,2.0,2.0,3.0,0.0,9.0,6.0,21.0,1.0,134.2,1688,336.5,modelled_from_WPP_SA2,336.5,108.62,38.5,107.0,46.0,53.0
10601110921,106011109,Cessnock Surrounds,core,483.2796,310916.6,6344057.3,150.9754833,-33.0255694,256,184,0.0,1.0,2.0,1.0,0.0,3.0,0.0,3.0,0.0,40.0,1688,100.3,modelled_from_WPP_SA2,100.3,36.62,19.5,33.0,8.0,21.0
10601110922,106011109,Cessnock Surrounds,core,157.6349,330106.5,6339515.9,151.1800124,-33.0696774,418,285,0.0,0.0,0.0,0.0,0.0,1.0,10.0,3.0,0.0,35.0,1688,87.8,modelled_from_WPP_SA2,87.8,9.86,1.5,38.0,3.0,3.0
10601110924,106011109,Cessnock Surrounds,core,0.8443,340389.3,6357751.6,151.2932923,-32.9068165,4,0,0.0,0.0,0.0,0.0,0.0,0.0,0.0,0.0,0.0,0.0,1688,0.0,modelled_from_WPP_SA2,0.0,0.08,0.0,0.0,0.0,0.0
10601110925,106011109,Cessnock Surrounds,core,0.5578,338028.6,6358955.4,151.2682706,-32.8956151,247,70,0.0,0.0,0.0,0.0,0.0,0.0,0.0,0.0,1.0,0.2,1688,0.5,modelled_from_WPP_SA2,0.5,4.94,0.0,0.0,0.0,0.0
10601110926,106011109,Cessnock Surrounds,core,0.2494,347776.1,6361520.2,151.372872,-32.8738886,188,56,0.0,0.0,0.0,0.0,0.0,0.0,0.0,0.0,6.0,1.2000000000000002,1688,3.0,modelled_from_WPP_SA2,3.0,3.7600000000000002,0.0,0.0,0.0,0.0
10601110927,106011109,Cessnock Surrounds,core,24.9315,347240.9,6360605.7,151.3670011,-32.8820603,232,76,0.0,0.0,0.0,0.0,0.0,2.0,1.0,2.0,1.0,9.2,1688,23.1,modelled_from_WPP_SA2,23.1,5.64,1.0,15.0,2.0,2.0
10601110928,106011109,Cessnock Surrounds,core,0.6829,340518.0,6358448.3,151.294788,-32.9005534,198,52,0.0,0.0,0.0,0.0,0.0,0.0,0.0,0.0,0.0,0.0,1688,0.0,modelled_from_WPP_SA2,0.0,3.96,0.0,0.0,0.0,0.0
10601110929,106011109,Cessnock Surrounds,core,0.5032,339427.5,6358519.1,151.2831445,-32.8997554,418,148,0.0,0.0,0.0,1.0,0.0,2.0,0.0,3.0,3.0,22.6,1688,56.7,modelled_from_WPP_SA2,56.7,39.86,1.5,16.0,8.0,6.0
10601110930,106011109,Cessnock Surrounds,core,148.6936,335184.1,6353009.8,151.2368075,-32.9487976,341,157,0.0,0.0,0.0,1.0,0.0,1.0,6.0,3.0,0.0,38.0,1688,95.3,modelled_from_WPP_SA2,95.3,38.32,1.5,29.0,8.0,6.0
10601111001,106011110,Dungog,external,1.2843,384480.5,6395628.7,151.7693491,-32.5707629,205,72,0.0,0.0,0.0,0.0,0.0,0.0,0.0,0.0,0.0,0.0,2412,0.0,modelled_from_WPP_SA2,0.0,4.1,0.0,0.0,0.0,0.0
10601111002,106011110,Dungog,external,1.033,385181.5,6393673.3,151.7765753,-32.588472,555,213,3.0,8.0,2.0,6.0,4.0,19.0,3.0,13.0,4.0,262.8,2412,1341.8,modelled_from_WPP_SA2,1341.8,197.6,94.5,177.0,85.0,90.0
10601111003,106011110,Dungog,external,1.4551,386296.5,6393860.0,151.788477,-32.5869032,325,136,0.0,0.0,0.0,0.0,0.0,4.0,6.0,11.0,0.0,37.0,2412,188.9,modelled_from_WPP_SA2,188.9,12.0,5.5,49.0,11.0,11.0
10601111004,106011110,Dungog,external,0.8015,381692.0,6414590.6,151.7420308,-32.3994528,317,97,0.0,0.0,0.0,0.0,0.0,0.0,0.0,0.0,0.0,0.0,2412,0.0,modelled_from_WPP_SA2,0.0,6.34,0.0,0.0,0.0,0.0
10601111006,106011110,Dungog,external,0.9075,383066.4,6413016.7,151.7564467,-32.4137929,297,146,0.0,0.0,0.0,0.0,0.0,0.0,0.0,0.0,0.0,0.0,2412,0.0,modelled_from_WPP_SA2,0.0,5.94,0.0,0.0,0.0,0.0
10601111007,106011110,Dungog,external,0.9851,383062.5,6413751.9,151.756496,-32.4071618,507,251,0.0,0.0,0.0,0.0,0.0,0.0,0.0,0.0,0.0,0.0,2412,0.0,modelled_from_WPP_SA2,0.0,10.14,0.0,0.0,0.0,0.0
10601111008,106011110,Dungog,external,1.1396,383396.7,6414905.2,151.7601915,-32.3967949,200,111,0.0,0.0,0.0,0.0,0.0,0.0,0.0,0.0,0.0,0.0,2412,0.0,modelled_from_WPP_SA2,0.0,4.0,0.0,0.0,0.0,0.0
10601111009,106011110,Dungog,external,0.2641,382390.4,6414226.4,151.7494099,-32.4028114,342,169,0.0,0.0,0.0,0.0,0.0,0.0,0.0,0.0,0.0,0.0,2412,0.0,modelled_from_WPP_SA2,0.0,6.84,0.0,0.0,0.0,0.0
10601111010,106011110,Dungog,external,0.3105,382502.9,6414746.7,151.7506704,-32.3981308,238,116,0.0,0.0,0.0,0.0,0.0,0.0,0.0,0.0,0.0,0.0,2412,0.0,modelled_from_WPP_SA2,0.0,4.76,0.0,0.0,0.0,0.0
10601111011,106011110,Dungog,external,91.9598,365672.8,6393296.5,151.5687033,-32.5896738,645,220,0.0,0.0,0.0,0.0,0.0,2.0,0.0,0.0,1.0,4.2,2412,21.4,modelled_from_WPP_SA2,21.4,12.9,0.0,10.0,0.0,0.0
10601111012,106011110,Dungog,external,33.7273,372751.9,6396728.0,151.6445801,-32.559564,351,137,0.0,0.0,0.0,1.0,0.0,3.0,0.0,2.0,0.0,23.0,2412,117.4,modelled_from_WPP_SA2,117.4,38.02,1.0,20.0,7.0,5.0
10601111013,106011110,Dungog,external,87.7073,361662.6,6403331.9,151.5274633,-32.4986806,335,140,0.0,0.0,0.0,0.0,0.0,0.0,0.0,2.0,0.0,2.0,2412,10.2,modelled_from_WPP_SA2,10.2,7.7,1.0,2.0,2.0,2.0
10601111014,106011110,Dungog,external,113.3152,361201.7,6412674.4,151.5239328,-32.4143708,308,124,0.0,0.0,0.0,0.0,0.0,0.0,0.0,0.0,0.0,0.0,2412,0.0,modelled_from_WPP_SA2,0.0,6.16,0.0,0.0,0.0,0.0
10601111015,106011110,Dungog,external,123.841,385376.0,6423520.9,151.7822746,-32.3192933,215,110,0.0,0.0,0.0,0.0,0.0,0.0,0.0,0.0,0.0,0.0,2412,0.0,modelled_from_WPP_SA2,0.0,4.3,0.0,0.0,0.0,0.0
10601111016,106011110,Dungog,external,600.3148,352867.7,6433994.7,151.4386347,-32.2210358,262,134,0.0,0.0,0.0,0.0,0.0,0.0,0.0,0.0,0.0,0.0,2412,0.0,modelled_from_WPP_SA2,0.0,5.24,0.0,0.0,0.0,0.0
10601111017,106011110,Dungog,external,466.3743,369340.9,6435791.1,151.6136477,-32.2068723,235,138,0.0,0.0,0.0,0.0,0.0,0.0,0.0,0.0,0.0,0.0,2412,0.0,modelled_from_WPP_SA2,0.0,4.7,0.0,0.0,0.0,0.0
10601111018,106011110,Dungog,external,170.9316,374454.3,6417851.7,151.6655215,-32.3692501,261,124,0.0,0.0,0.0,0.0,0.0,0.0,0.0,0.0,0.0,0.0,2412,0.0,modelled_from_WPP_SA2,0.0,5.22,0.0,0.0,0.0,0.0
10601111019,106011110,Dungog,external,176.1123,391689.3,6407569.4,151.8475071,-32.4637955,292,141,0.0,0.0,0.0,0.0,0.0,0.0,0.0,0.0,0.0,0.0,2412,0.0,modelled_from_WPP_SA2,0.0,5.84,0.0,0.0,0.0,0.0
10601111020,106011110,Dungog,external,115.1414,375524.6,6404435.8,151.6751274,-32.490365,379,159,0.0,0.0,0.0,0.0,0.0,0.0,0.0,0.0,0.0,0.0,2412,0.0,modelled_from_WPP_SA2,0.0,7.58,0.0,0.0,0.0,0.0
10601111021,106011110,Dungog,external,72.1129,390755.4,6393416.8,151.8359269,-32.5913494,650,245,0.0,0.0,0.0,0.0,0.0,0.0,0.0,0.0,0.0,0.0,2412,0.0,modelled_from_WPP_SA2,0.0,13.0,0.0,0.0,0.0,0.0
10601111022,106011110,Dungog,external,1.0254,363005.0,6411100.1,151.5428769,-32.4287913,307,145,0.0,0.0,0.0,0.0,0.0,0.0,0.0,0.0,0.0,0.0,2412,0.0,modelled_from_WPP_SA2,0.0,6.140000000000001,0.0,0.0,0.0,0.0
10601111023,106011110,Dungog,external,1.2787,369897.9,6391940.9,151.6135224,-32.6024044,345,142,0.0,2.0,3.0,5.0,0.0,11.0,2.0,11.0,7.0,141.4,2412,722.0,modelled_from_WPP_SA2,722.0,162.4,37.5,106.0,36.0,51.0
10601111024,106011110,Dungog,external,31.9378,380589.7,6393749.6,151.7276692,-32.5872982,368,127,0.0,0.0,0.0,0.0,0.0,0.0,0.0,1.0,0.0,1.0,2412,5.1,modelled_from_WPP_SA2,5.1,7.86,0.5,1.0,1.0,1.0
10601111025,106011110,Dungog,external,31.59,387683.8,6401437.2,151.8041621,-32.5187056,313,119,0.0,0.0,0.0,0.0,0.0,0.0,0.0,0.0,0.0,0.0,2412,0.0,modelled_from_WPP_SA2,0.0,6.26,0.0,0.0,0.0,0.0
10601111026,106011110,Dungog,external,62.1032,383211.6,6400549.4,151.7564461,-32.5262509,309,98,0.0,0.0,0.0,0.0,0.0,0.0,0.0,1.0,0.0,1.0,2412,5.1,modelled_from_WPP_SA2,5.1,6.68,0.5,1.0,1.0,1.0
10601111027,106011110,Dungog,external,59.4346,366064.8,6399602.8,151.5737785,-32.5328502,704,258,0.0,0.0,0.0,0.0,0.0,0.0,0.0,0.0,0.0,0.0,2412,0.0,modelled_from_WPP_SA2,0.0,14.08,0.0,0.0,0.0,0.0
10601111028,106011110,Dungog,external,0.2601,382568.5,6413622.3,151.7512284,-32.4082791,176,94,0.0,0.0,0.0,0.0,0.0,0.0,0.0,0.0,0.0,0.0,2412,0.0,modelled_from_WPP_SA2,0.0,3.52,0.0,0.0,0.0,0.0
10601111029,106011110,Dungog,external,1.8119,381504.1,6413302.6,151.7398719,-32.4110498,91,28,0.0,0.0,0.0,0.0,0.0,0.0,0.0,0.0,0.0,0.0,2412,0.0,modelled_from_WPP_SA2,0.0,1.82,0.0,0.0,0.0,0.0
10601111101,106011111,Kurri Kurri - Abermain,core,0.423,353923.2,6368753.8,151.4396986,-32.8094988,473,191,0.0,0.0,0.0,2.0,0.0,0.0,0.0,0.0,0.0,30.0,4034,187.3,modelled_from_WPP_SA2,187.3,69.46000000000001,0.0,6.0,10.0,6.0
10601111102,106011111,Kurri Kurri - Abermain,core,0.1463,355958.3,6369136.1,151.461489,-32.8063209,257,104,0.0,0.0,0.0,0.0,0.0,0.0,0.0,0.0,0.0,0.0,4034,0.0,modelled_from_WPP_SA2,0.0,5.14,0.0,0.0,0.0,0.0
10601111103,106011111,Kurri Kurri - Abermain,core,0.1065,355156.0,6369036.6,151.4529065,-32.8071118,256,91,0.0,0.0,0.0,0.0,0.0,2.0,0.0,0.0,0.0,4.0,4034,25.0,modelled_from_WPP_SA2,25.0,5.12,0.0,10.0,0.0,0.0
10601111104,106011111,Kurri Kurri - Abermain,core,1.2543,357150.4,6368802.6,151.4741658,-32.8094835,206,98,0.0,0.0,0.0,0.0,0.0,0.0,0.0,0.0,3.0,0.6000000000000001,4034,3.7,modelled_from_WPP_SA2,3.7,4.12,0.0,0.0,0.0,0.0
10601111105,106011111,Kurri Kurri - Abermain,core,0.267,356865.8,6368039.8,151.4710094,-32.8163249,412,186,0.0,0.0,0.0,0.0,0.0,5.0,0.0,1.0,0.0,11.0,4034,68.7,modelled_from_WPP_SA2,68.7,8.74,0.5,26.0,1.0,1.0
10601111106,106011111,Kurri Kurri - Abermain,core,0.3737,356857.9,6367488.9,151.4708399,-32.8212915,337,143,0.0,0.0,0.0,0.0,0.0,0.0,0.0,0.0,0.0,0.0,4034,0.0,modelled_from_WPP_SA2,0.0,6.74,0.0,0.0,0.0,0.0
10601111107,106011111,Kurri Kurri - Abermain,core,0.2112,357770.0,6367863.1,151.4806387,-32.8180359,269,117,1.0,2.0,4.0,2.0,0.0,1.0,1.0,10.0,1.0,89.2,4034,556.8,modelled_from_WPP_SA2,556.8,70.38,41.0,48.0,30.0,49.0
10601111108,106011111,Kurri Kurri - Abermain,core,0.2591,357344.5,6367680.9,151.4760664,-32.8196242,483,201,0.0,1.0,0.0,1.0,0.0,0.0,0.0,1.0,1.0,20.2,4034,126.1,modelled_from_WPP_SA2,126.1,40.16,10.5,6.0,6.0,9.0
10601111109,106011111,Kurri Kurri - Abermain,core,0.17,357514.9,6367286.7,151.4778255,-32.8232009,303,132,0.0,0.0,0.0,0.0,0.0,1.0,0.0,1.0,0.0,3.0,4034,18.7,modelled_from_WPP_SA2,18.7,6.5600000000000005,0.5,6.0,1.0,1.0
10601111110,106011111,Kurri Kurri - Abermain,core,0.2848,357965.2,6367411.2,151.4826541,-32.8221363,444,190,0.0,0.0,2.0,0.0,0.0,5.0,0.0,0.0,1.0,22.2,4034,138.6,modelled_from_WPP_SA2,138.6,8.88,8.0,35.0,0.0,10.0
10601111111,106011111,Kurri Kurri - Abermain,core,0.4657,355418.4,6368747.7,151.4556638,-32.8097518,572,218,0.0,0.0,0.0,0.0,0.0,2.0,0.0,3.0,0.0,7.0,4034,43.7,modelled_from_WPP_SA2,43.7,12.94,1.5,13.0,3.0,3.0
10601111112,106011111,Kurri Kurri - Abermain,core,1.5952,354924.2,6369264.0,151.4504672,-32.8050307,720,202,0.0,0.0,0.0,0.0,0.0,0.0,0.0,0.0,2.0,0.4,4034,2.5,modelled_from_WPP_SA2,2.5,14.4,0.0,0.0,0.0,0.0
10601111113,106011111,Kurri Kurri - Abermain,core,0.7354,358903.9,6367179.8,151.4926439,-32.8243441,575,234,0.0,0.0,1.0,1.0,0.0,7.0,0.0,5.0,1.0,40.2,4034,251.0,modelled_from_WPP_SA2,251.0,44.0,6.5,48.0,10.0,13.0
10601111114,106011111,Kurri Kurri - Abermain,core,0.3694,358028.2,6366861.1,151.4832424,-32.8271047,494,213,0.0,0.0,0.0,0.0,0.0,5.0,2.0,1.0,1.0,17.2,4034,107.4,modelled_from_WPP_SA2,107.4,10.38,0.5,32.0,1.0,1.0
10601111115,106011111,Kurri Kurri - Abermain,core,0.9055,357473.6,6366596.6,151.477278,-32.8294182,587,243,0.0,0.0,0.0,1.0,0.0,1.0,0.0,2.0,1.0,19.2,4034,119.9,modelled_from_WPP_SA2,119.9,42.74,1.0,10.0,7.0,5.0
10601111116,106011111,Kurri Kurri - Abermain,core,0.7055,356183.3,6367536.7,151.4636431,-32.8207721,551,167,0.0,0.0,0.0,0.0,1.0,4.0,0.0,2.0,0.0,18.0,4034,112.4,modelled_from_WPP_SA2,112.4,12.02,1.0,26.0,5.0,2.0
10601111117,106011111,Kurri Kurri - Abermain,core,0.1561,360417.1,6369262.8,151.5091186,-32.805754,342,128,0.0,0.0,1.0,0.0,0.0,0.0,0.0,0.0,1.0,6.2,4034,38.7,modelled_from_WPP_SA2,38.7,6.84,4.0,5.0,0.0,5.0
10601111118,106011111,Kurri Kurri - Abermain,core,0.1102,360314.4,6369428.3,151.5080462,-32.8042481,250,87,0.0,0.0,1.0,0.0,0.0,0.0,0.0,1.0,0.0,7.0,4034,43.7,modelled_from_WPP_SA2,43.7,5.5,4.5,6.0,1.0,6.0
10601111121,106011111,Kurri Kurri - Abermain,core,0.384,356299.1,6368721.1,151.4650634,-32.8101077,306,126,0.0,0.0,0.0,0.0,0.0,2.0,0.0,1.0,0.0,5.0,4034,31.2,modelled_from_WPP_SA2,31.2,6.62,0.5,11.0,1.0,1.0
10601111122,106011111,Kurri Kurri - Abermain,core,0.7432,352688.0,6368241.5,151.4264282,-32.8139531,303,126,0.0,0.0,0.0,0.0,0.0,1.0,0.0,1.0,1.0,3.2,4034,20.0,modelled_from_WPP_SA2,20.0,6.5600000000000005,0.5,6.0,1.0,1.0
10601111123,106011111,Kurri Kurri - Abermain,core,0.2986,352631.6,6369017.9,151.4259484,-32.8069451,433,175,0.0,0.0,0.0,1.0,0.0,5.0,1.0,3.0,0.0,31.0,4034,193.5,modelled_from_WPP_SA2,193.5,40.16,1.5,34.0,8.0,6.0
10601111124,106011111,Kurri Kurri - Abermain,core,0.6478,353382.4,6368107.7,151.4338217,-32.8152529,473,158,0.0,0.0,0.0,0.0,0.0,2.0,0.0,0.0,0.0,4.0,4034,25.0,modelled_from_WPP_SA2,25.0,9.46,0.0,10.0,0.0,0.0
10601111125,106011111,Kurri Kurri - Abermain,core,2.3475,351597.5,6367490.6,151.4146629,-32.8205772,423,204,0.0,0.0,1.0,0.0,0.0,0.0,0.0,3.0,9.0,10.8,4034,67.4,modelled_from_WPP_SA2,67.4,9.96,5.5,8.0,3.0,8.0
10601111126,106011111,Kurri Kurri - Abermain,core,0.405,358977.6,6368626.1,151.4936506,-32.8113113,544,210,0.0,0.0,0.0,0.0,0.0,13.0,0.0,0.0,1.0,26.2,4034,163.6,modelled_from_WPP_SA2,163.6,10.88,0.0,65.0,0.0,0.0
10601111127,106011111,Kurri Kurri - Abermain,core,0.3215,358476.1,6368561.7,151.4882858,-32.8118281,533,217,0.0,0.0,0.0,1.0,0.0,7.0,0.0,1.0,0.0,30.0,4034,187.3,modelled_from_WPP_SA2,187.3,41.16,0.5,39.0,6.0,4.0
10601111128,106011111,Kurri Kurri - Abermain,core,0.207,357997.5,6368500.7,151.4831659,-32.8123163,503,227,0.0,0.0,0.0,0.0,0.0,0.0,0.0,0.0,0.0,0.0,4034,0.0,modelled_from_WPP_SA2,0.0,10.06,0.0,0.0,0.0,0.0
10601111129,106011111,Kurri Kurri - Abermain,core,0.3665,358763.8,6367894.8,151.4912558,-32.8178782,388,176,0.0,0.0,0.0,0.0,0.0,1.0,0.0,0.0,0.0,2.0,4034,12.5,modelled_from_WPP_SA2,12.5,7.76,0.0,5.0,0.0,0.0
10601111130,106011111,Kurri Kurri - Abermain,core,0.2711,358436.7,6367487.2,151.487701,-32.8215119,525,207,0.0,0.0,0.0,0.0,0.0,1.0,0.0,1.0,0.0,3.0,4034,18.7,modelled_from_WPP_SA2,18.7,11.0,0.5,6.0,1.0,1.0
10601111131,106011111,Kurri Kurri - Abermain,core,0.2422,358195.4,6368044.3,151.485209,-32.8164575,346,137,0.0,0.0,0.0,3.0,0.0,8.0,0.0,2.0,0.0,63.0,4034,393.3,modelled_from_WPP_SA2,393.3,97.92,1.0,51.0,17.0,11.0
10601111132,106011111,Kurri Kurri - Abermain,core,0.1709,357621.9,6368348.9,151.4791316,-32.8136366,373,155,0.0,0.0,0.0,0.0,0.0,0.0,0.0,0.0,0.0,0.0,4034,0.0,modelled_from_WPP_SA2,0.0,7.46,0.0,0.0,0.0,0.0
10601111133,106011111,Kurri Kurri - Abermain,core,0.1552,357307.3,6368200.3,151.4757485,-32.8149355,396,163,0.0,0.0,0.0,0.0,0.0,2.0,0.0,0.0,0.0,4.0,4034,25.0,modelled_from_WPP_SA2,25.0,7.92,0.0,10.0,0.0,0.0
10601111134,106011111,Kurri Kurri - Abermain,core,0.2206,355757.6,6368642.6,151.4592693,-32.8107446,337,144,0.0,0.0,0.0,1.0,0.0,3.0,0.0,0.0,0.0,21.0,4034,131.1,modelled_from_WPP_SA2,131.1,36.74,0.0,18.0,5.0,3.0
10601111135,106011111,Kurri Kurri - Abermain,core,0.1474,356229.8,6369094.4,151.4643814,-32.8067324,299,108,0.0,0.0,0.0,0.0,0.0,2.0,0.0,0.0,0.0,4.0,4034,25.0,modelled_from_WPP_SA2,25.0,5.98,0.0,10.0,0.0,0.0
10601111136,106011111,Kurri Kurri - Abermain,core,0.2113,355483.0,6368322.9,151.456287,-32.8135908,338,152,0.0,0.0,0.0,1.0,0.0,0.0,0.0,0.0,0.0,15.0,4034,93.6,modelled_from_WPP_SA2,93.6,36.76,0.0,3.0,5.0,3.0
10601111137,106011111,Kurri Kurri - Abermain,core,7.993,357645.5,6365708.7,151.4789776,-32.8374469,0,0,0.0,0.0,0.0,0.0,0.0,0.0,3.0,0.0,0.0,9.0,4034,56.2,modelled_from_WPP_SA2,56.2,0.0,0.0,9.0,0.0,0.0
10601111138,106011111,Kurri Kurri - Abermain,core,0.1001,360772.9,6369578.4,151.5129648,-32.8029528,219,76,0.0,0.0,0.0,0.0,0.0,0.0,0.0,0.0,0.0,0.0,4034,0.0,modelled_from_WPP_SA2,0.0,4.38,0.0,0.0,0.0,0.0
10601111139,106011111,Kurri Kurri - Abermain,core,2.153,352229.7,6369672.8,151.4217623,-32.8009857,3,0,0.0,0.0,0.0,0.0,0.0,0.0,0.0,0.0,0.0,0.0,4034,0.0,modelled_from_WPP_SA2,0.0,0.06,0.0,0.0,0.0,0.0
10601111140,106011111,Kurri Kurri - Abermain,core,0.4383,353203.5,6368970.3,151.4320484,-32.8074502,474,176,0.0,0.0,0.0,0.0,0.0,0.0,0.0,0.0,0.0,0.0,4034,0.0,modelled_from_WPP_SA2,0.0,9.48,0.0,0.0,0.0,0.0
10601111141,106011111,Kurri Kurri - Abermain,core,2.0184,353711.8,6369644.0,151.4375814,-32.8014437,372,107,0.0,0.0,0.0,0.0,0.0,0.0,0.0,0.0,6.0,1.2000000000000002,4034,7.5,modelled_from_WPP_SA2,7.5,7.44,0.0,0.0,0.0,0.0
10601111142,106011111,Kurri Kurri - Abermain,core,10.748,354226.8,6366105.5,151.4425236,-32.8334201,32,8,0.0,0.0,0.0,0.0,0.0,1.0,0.0,0.0,2.0,2.4,4034,15.0,modelled_from_WPP_SA2,15.0,0.64,0.0,5.0,0.0,0.0
10601111143,106011111,Kurri Kurri - Abermain,core,0.3426,354577.4,6368389.1,151.4466267,-32.8128746,261,103,0.0,0.0,0.0,0.0,0.0,3.0,0.0,1.0,1.0,7.2,4034,44.9,modelled_from_WPP_SA2,44.9,5.72,0.5,16.0,1.0,1.0
10601111144,106011111,Kurri Kurri - Abermain,core,0.1433,355982.9,6368256.8,151.4616152,-32.8142524,282,106,0.0,0.0,1.0,0.0,0.0,2.0,0.0,6.0,1.0,16.2,4034,101.1,modelled_from_WPP_SA2,101.1,8.64,7.0,21.0,6.0,11.0
10601111146,106011111,Kurri Kurri - Abermain,core,0.4922,360180.4,6368946.9,151.5065427,-32.8085728,0,0,0.0,0.0,0.0,0.0,0.0,1.0,0.0,1.0,0.0,3.0,4034,18.7,modelled_from_WPP_SA2,18.7,0.5,0.5,6.0,1.0,1.0
10601111147,106011111,Kurri Kurri - Abermain,core,42.1285,355130.9,6371892.2,151.4530846,-32.7813587,582,184,0.0,0.0,0.0,1.0,0.0,4.0,0.0,12.0,1.0,35.2,4034,219.7,modelled_from_WPP_SA2,219.7,47.64,6.0,35.0,17.0,15.0
10601111148,106011111,Kurri Kurri - Abermain,core,0.1978,360988.9,6370276.6,151.5153753,-32.7966841,498,174,0.0,0.0,0.0,0.0,0.0,0.0,0.0,0.0,1.0,0.2,4034,1.2,modelled_from_WPP_SA2,1.2,9.96,0.0,0.0,0.0,0.0
10601111149,106011111,Kurri Kurri - Abermain,core,0.3234,360540.2,6370313.2,151.5105908,-32.7962974,462,151,0.0,0.0,0.0,0.0,0.0,3.0,0.0,0.0,0.0,6.0,4034,37.5,modelled_from_WPP_SA2,37.5,9.24,0.0,15.0,0.0,0.0
10601111150,106011111,Kurri Kurri - Abermain,core,0.243,360659.5,6371545.1,151.5120492,-32.7852038,420,147,0.0,0.0,0.0,0.0,0.0,0.0,0.0,0.0,1.0,0.2,4034,1.2,modelled_from_WPP_SA2,1.2,8.4,0.0,0.0,0.0,0.0
10601111151,106011111,Kurri Kurri - Abermain,core,1.9345,361683.9,6370344.5,151.5228067,-32.7961604,190,75,0.0,0.0,0.0,1.0,0.0,2.0,0.0,3.0,2.0,22.4,4034,139.8,modelled_from_WPP_SA2,139.8,35.3,1.5,16.0,8.0,6.0
10601111152,106011111,Kurri Kurri - Abermain,core,0.3167,361224.2,6371269.2,151.5180362,-32.7877638,381,139,0.0,0.0,0.0,0.0,0.0,0.0,0.0,0.0,0.0,0.0,4034,0.0,modelled_from_WPP_SA2,0.0,7.62,0.0,0.0,0.0,0.0
10601111153,106011111,Kurri Kurri - Abermain,core,0.1589,361115.4,6370826.6,151.5168093,-32.7917409,428,138,0.0,0.0,0.0,0.0,0.0,0.0,0.0,0.0,0.0,0.0,4034,0.0,modelled_from_WPP_SA2,0.0,8.56,0.0,0.0,0.0,0.0
10601111154,106011111,Kurri Kurri - Abermain,core,0.3271,360857.2,6368806.5,151.5137495,-32.8099246,472,163,0.0,0.0,0.0,0.0,0.0,0.0,0.0,0.0,3.0,0.6000000000000001,4034,3.7,modelled_from_WPP_SA2,3.7,9.44,0.0,0.0,0.0,0.0
10601111155,106011111,Kurri Kurri - Abermain,core,0.1976,360594.0,6370817.1,151.5112409,-32.7917609,434,164,0.0,0.0,0.0,0.0,0.0,0.0,0.0,0.0,1.0,0.2,4034,1.2,modelled_from_WPP_SA2,1.2,8.68,0.0,0.0,0.0,0.0
10601111156,106011111,Kurri Kurri - Abermain,core,0.1811,360655.3,6371113.5,151.5119393,-32.7890957,462,157,0.0,0.0,0.0,0.0,0.0,1.0,0.0,0.0,0.0,2.0,4034,12.5,modelled_from_WPP_SA2,12.5,9.24,0.0,5.0,0.0,0.0
10601111157,106011111,Kurri Kurri - Abermain,core,2.7133,359459.5,6369101.4,151.4988682,-32.8070875,4,0,0.0,0.0,2.0,0.0,0.0,0.0,0.0,1.0,3.0,13.6,4034,84.9,modelled_from_WPP_SA2,84.9,0.58,8.5,11.0,1.0,11.0
10601111158,106011111,Kurri Kurri - Abermain,core,0.2963,360438.0,6369858.9,151.5094308,-32.8003815,576,194,0.0,0.0,0.0,0.0,0.0,0.0,0.0,0.0,1.0,0.2,4034,1.2,modelled_from_WPP_SA2,1.2,11.52,0.0,0.0,0.0,0.0
10601111159,106011111,Kurri Kurri - Abermain,core,1.4617,361072.7,6372045.3,151.5165351,-32.7807455,0,0,0.0,0.0,0.0,0.0,0.0,4.0,0.0,1.0,0.0,9.0,4034,56.2,modelled_from_WPP_SA2,56.2,0.5,0.5,21.0,1.0,1.0
10601111201,106011112,Singleton,external,0.2508,328238.6,6397735.6,151.1707986,-32.5444742,328,127,0.0,0.0,0.0,0.0,0.0,0.0,0.0,0.0,0.0,0.0,8664,0.0,modelled_from_WPP_SA2,0.0,6.5600000000000005,0.0,0.0,0.0,0.0
10601111202,106011112,Singleton,external,0.1561,328883.0,6397967.4,151.1777009,-32.5424835,355,127,0.0,0.0,0.0,0.0,0.0,0.0,0.0,0.0,0.0,0.0,8664,0.0,modelled_from_WPP_SA2,0.0,7.1000000000000005,0.0,0.0,0.0,0.0
10601111203,106011112,Singleton,external,0.4751,329409.4,6395667.7,151.1828861,-32.5633004,568,260,0.0,0.0,1.0,1.0,0.0,16.0,0.0,1.0,1.0,54.2,8664,479.8,modelled_from_WPP_SA2,479.8,41.86,4.5,89.0,6.0,9.0
10601111204,106011112,Singleton,external,0.2839,329881.1,6395192.3,151.1878227,-32.5676592,314,124,0.0,0.0,0.0,0.0,1.0,2.0,0.0,0.0,0.0,12.0,8664,106.2,modelled_from_WPP_SA2,106.2,6.28,0.0,14.0,3.0,0.0
10601111205,106011112,Singleton,external,0.1637,329803.8,6394803.8,151.1869291,-32.5711495,281,130,0.0,0.0,0.0,0.0,0.0,2.0,0.0,1.0,0.0,5.0,8664,44.3,modelled_from_WPP_SA2,44.3,6.12,0.5,11.0,1.0,1.0
10601111206,106011112,Singleton,external,0.1949,329514.0,6394698.8,151.1838244,-32.5720519,314,126,0.0,0.0,3.0,0.0,0.0,2.0,2.0,1.0,1.0,29.2,8664,258.5,modelled_from_WPP_SA2,258.5,6.78,12.5,32.0,1.0,16.0
10601111207,106011112,Singleton,external,0.21,329257.7,6394435.3,151.181047,-32.5743886,306,126,0.0,0.0,0.0,1.0,0.0,5.0,1.0,8.0,0.0,36.0,8664,318.7,modelled_from_WPP_SA2,318.7,40.12,4.0,39.0,13.0,11.0
10601111208,106011112,Singleton,external,0.1065,328656.5,6394539.5,151.1746635,-32.5733561,244,97,0.0,0.0,0.0,0.0,0.0,2.0,0.0,0.0,0.0,4.0,8664,35.4,modelled_from_WPP_SA2,35.4,4.88,0.0,10.0,0.0,0.0
10601111209,106011112,Singleton,external,0.3078,328052.7,6394641.9,151.1682536,-32.5723389,484,196,0.0,1.0,0.0,0.0,0.0,2.0,0.0,6.0,1.0,14.2,8664,125.7,modelled_from_WPP_SA2,125.7,12.68,13.0,18.0,6.0,11.0
10601111210,106011112,Singleton,external,46.5311,330907.9,6389494.4,151.1977269,-32.6191912,993,162,0.0,1.0,0.0,0.0,0.0,4.0,2.0,3.0,0.0,21.0,8664,185.9,modelled_from_WPP_SA2,185.9,21.36,11.5,31.0,3.0,8.0
10601111211,106011112,Singleton,external,24.8188,325150.9,6393384.8,151.1371204,-32.5832194,141,58,0.0,0.0,0.0,0.0,0.0,0.0,0.0,0.0,0.0,0.0,8664,0.0,modelled_from_WPP_SA2,0.0,2.82,0.0,0.0,0.0,0.0
10601111213,106011112,Singleton,external,0.3291,328918.9,6394851.3,151.1775149,-32.5705855,426,197,0.0,0.0,0.0,3.0,0.0,17.0,0.0,1.0,0.0,80.0,8664,708.1,modelled_from_WPP_SA2,708.1,99.02,0.5,95.0,16.0,10.0
10601111214,106011112,Singleton,external,0.2951,328844.6,6395172.3,151.176782,-32.5676797,448,197,0.0,0.0,1.0,0.0,0.0,2.0,0.0,1.0,0.0,11.0,8664,97.4,modelled_from_WPP_SA2,97.4,9.46,4.5,16.0,1.0,6.0
10601111215,106011112,Singleton,external,0.748,327556.0,6395487.8,151.16312,-32.5646348,265,135,5.0,34.0,6.0,1.0,4.0,29.0,1.0,24.0,3.0,364.6,8664,3227.3,modelled_from_WPP_SA2,3227.3,47.3,376.0,289.0,91.0,242.0
10601111216,106011112,Singleton,external,0.1204,328485.1,6394925.1,151.1729092,-32.5698529,275,131,0.0,0.0,0.0,0.0,0.0,0.0,0.0,0.0,0.0,0.0,8664,0.0,modelled_from_WPP_SA2,0.0,5.5,0.0,0.0,0.0,0.0
10601111217,106011112,Singleton,external,0.2295,327510.8,6398507.5,151.1631929,-32.5374014,327,117,0.0,0.0,0.0,0.0,0.0,0.0,0.0,0.0,0.0,0.0,8664,0.0,modelled_from_WPP_SA2,0.0,6.54,0.0,0.0,0.0,0.0
10601111218,106011112,Singleton,external,0.1769,329027.4,6395486.7,151.1787865,-32.5648732,325,160,0.0,1.0,0.0,1.0,1.0,0.0,0.0,0.0,0.0,27.0,8664,239.0,modelled_from_WPP_SA2,239.0,36.5,10.0,9.0,8.0,8.0
10601111219,106011112,Singleton,external,0.1805,328536.0,6394305.8,151.1733379,-32.575445,383,186,0.0,0.0,0.0,0.0,0.0,0.0,0.0,0.0,0.0,0.0,8664,0.0,modelled_from_WPP_SA2,0.0,7.66,0.0,0.0,0.0,0.0
10601111220,106011112,Singleton,external,7.7421,330181.1,6396097.4,151.191181,-32.5595443,135,48,0.0,0.0,0.0,0.0,0.0,1.0,0.0,1.0,1.0,3.2,8664,28.3,modelled_from_WPP_SA2,28.3,3.2,0.5,6.0,1.0,1.0
10601111221,106011112,Singleton,external,0.1313,327376.8,6397528.5,151.1615867,-32.5462077,277,111,0.0,0.0,0.0,0.0,0.0,0.0,0.0,0.0,1.0,0.2,8664,1.8,modelled_from_WPP_SA2,1.8,5.54,0.0,0.0,0.0,0.0
10601111222,106011112,Singleton,external,0.2408,327056.4,6397302.6,151.1581346,-32.5481946,411,152,0.0,0.0,0.0,0.0,0.0,1.0,0.0,1.0,0.0,3.0,8664,26.6,modelled_from_WPP_SA2,26.6,8.72,0.5,6.0,1.0,1.0
10601111223,106011112,Singleton,external,0.1555,327006.1,6397753.0,151.1576823,-32.5441254,220,99,0.0,0.0,0.0,0.0,0.0,0.0,0.0,0.0,0.0,0.0,8664,0.0,modelled_from_WPP_SA2,0.0,4.4,0.0,0.0,0.0,0.0
10601111224,106011112,Singleton,external,1.7304,330245.7,6399589.6,151.1925,-32.5280662,397,118,0.0,0.0,0.0,0.0,0.0,0.0,0.0,0.0,0.0,0.0,8664,0.0,modelled_from_WPP_SA2,0.0,7.94,0.0,0.0,0.0,0.0
10601111225,106011112,Singleton,external,1.5962,329121.8,6399904.5,151.1805952,-32.5250551,266,81,0.0,0.0,0.0,0.0,0.0,0.0,0.0,0.0,0.0,0.0,8664,0.0,modelled_from_WPP_SA2,0.0,5.32,0.0,0.0,0.0,0.0
10601111226,106011112,Singleton,external,1.4028,328228.0,6400312.1,151.1711574,-32.5212418,321,102,0.0,0.0,0.0,0.0,0.0,0.0,0.0,0.0,0.0,0.0,8664,0.0,modelled_from_WPP_SA2,0.0,6.42,0.0,0.0,0.0,0.0
10601111227,106011112,Singleton,external,0.1799,327271.1,6397938.9,151.1605368,-32.5424911,461,166,0.0,0.0,0.0,0.0,0.0,0.0,0.0,0.0,0.0,0.0,8664,0.0,modelled_from_WPP_SA2,0.0,9.22,0.0,0.0,0.0,0.0
10601111228,106011112,Singleton,external,1.3062,328194.3,6396879.2,151.1701703,-32.552189,296,113,0.0,0.0,0.0,1.0,0.0,0.0,0.0,1.0,0.0,16.0,8664,141.6,modelled_from_WPP_SA2,141.6,36.42,0.5,4.0,6.0,4.0
10601111229,106011112,Singleton,external,0.1334,327339.7,6396853.3,151.1610676,-32.5522897,299,122,0.0,0.0,0.0,0.0,0.0,1.0,0.0,0.0,0.0,2.0,8664,17.7,modelled_from_WPP_SA2,17.7,5.98,0.0,5.0,0.0,0.0
10601111230,106011112,Singleton,external,0.2424,326965.1,6396828.4,151.1570758,-32.552456,489,195,0.0,0.0,0.0,0.0,0.0,7.0,0.0,0.0,0.0,14.0,8664,123.9,modelled_from_WPP_SA2,123.9,9.78,0.0,35.0,0.0,0.0
10601111231,106011112,Singleton,external,5.1204,325731.0,6396955.4,151.1439607,-32.5511172,463,170,0.0,0.0,0.0,0.0,0.0,4.0,3.0,1.0,1.0,18.2,8664,161.1,modelled_from_WPP_SA2,161.1,9.76,0.5,30.0,1.0,1.0
10601111232,106011112,Singleton,external,0.5254,328896.2,6396149.3,151.1775098,-32.5588786,276,101,0.0,0.0,2.0,5.0,0.0,5.0,4.0,7.0,0.0,116.0,8664,1026.8,modelled_from_WPP_SA2,1026.8,159.02,11.5,69.0,32.0,32.0
10601111233,106011112,Singleton,external,0.9273,327697.6,6396068.5,151.164734,-32.5594213,507,225,0.0,0.0,0.0,0.0,0.0,3.0,1.0,3.0,3.0,12.6,8664,111.5,modelled_from_WPP_SA2,111.5,11.64,1.5,21.0,3.0,3.0
10601111234,106011112,Singleton,external,0.1588,326996.6,6398260.8,151.1576748,-32.5395457,313,132,0.0,0.0,0.0,0.0,0.0,0.0,0.0,0.0,0.0,0.0,8664,0.0,modelled_from_WPP_SA2,0.0,6.26,0.0,0.0,0.0,0.0
10601111235,106011112,Singleton,external,0.1844,328647.3,6397561.8,151.1751179,-32.5461047,459,177,0.0,0.0,0.0,0.0,0.0,0.0,0.0,0.0,0.0,0.0,8664,0.0,modelled_from_WPP_SA2,0.0,9.18,0.0,0.0,0.0,0.0
10601111237,106011112,Singleton,external,0.4392,327916.0,6398575.4,151.1675186,-32.5368522,337,112,0.0,0.0,0.0,0.0,0.0,0.0,0.0,0.0,0.0,0.0,8664,0.0,modelled_from_WPP_SA2,0.0,6.74,0.0,0.0,0.0,0.0
10601111238,106011112,Singleton,external,0.1527,326946.7,6398653.7,151.1572162,-32.5359956,301,112,0.0,0.0,0.0,0.0,0.0,0.0,0.0,0.0,0.0,0.0,8664,0.0,modelled_from_WPP_SA2,0.0,6.0200000000000005,0.0,0.0,0.0,0.0
10601111240,106011112,Singleton,external,0.1595,327791.0,6397414.5,151.1659753,-32.5472998,356,115,0.0,0.0,0.0,0.0,0.0,0.0,0.0,0.0,0.0,0.0,8664,0.0,modelled_from_WPP_SA2,0.0,7.12,0.0,0.0,0.0,0.0
10601111241,106011112,Singleton,external,0.2772,327768.6,6394464.6,151.165196,-32.5738936,179,75,0.0,0.0,0.0,0.0,0.0,0.0,0.0,0.0,0.0,0.0,8664,0.0,modelled_from_WPP_SA2,0.0,3.58,0.0,0.0,0.0,0.0
10601111242,106011112,Singleton,external,0.3444,328453.4,6395708.0,151.1727147,-32.562789,428,188,3.0,7.0,2.0,1.0,0.0,12.0,5.0,5.0,2.0,135.4,8664,1198.5,modelled_from_WPP_SA2,1198.5,41.06,80.5,107.0,40.0,62.0
10601111244,106011112,Singleton,external,0.1491,328753.8,6398161.1,151.1763613,-32.5407171,413,157,0.0,0.0,0.0,0.0,0.0,0.0,0.0,0.0,0.0,0.0,8664,0.0,modelled_from_WPP_SA2,0.0,8.26,0.0,0.0,0.0,0.0
10601111245,106011112,Singleton,external,0.2156,329490.2,6397820.5,151.1841376,-32.5439019,244,86,0.0,0.0,0.0,0.0,0.0,0.0,0.0,0.0,0.0,0.0,8664,0.0,modelled_from_WPP_SA2,0.0,4.88,0.0,0.0,0.0,0.0
10601111246,106011112,Singleton,external,0.1025,329019.5,6398264.7,151.179208,-32.5398242,354,121,0.0,0.0,0.0,0.0,0.0,0.0,0.0,0.0,0.0,0.0,8664,0.0,modelled_from_WPP_SA2,0.0,7.08,0.0,0.0,0.0,0.0
10601111247,106011112,Singleton,external,0.1723,327554.3,6398069.9,151.1635761,-32.5413532,330,117,0.0,0.0,0.0,0.0,0.0,0.0,0.0,0.0,0.0,0.0,8664,0.0,modelled_from_WPP_SA2,0.0,6.6000000000000005,0.0,0.0,0.0,0.0
10601111248,106011112,Singleton,external,0.2295,329092.3,6397783.8,151.1798956,-32.5441718,413,135,0.0,0.0,0.0,0.0,0.0,0.0,0.0,0.0,0.0,0.0,8664,0.0,modelled_from_WPP_SA2,0.0,8.26,0.0,0.0,0.0,0.0
10601111249,106011112,Singleton,external,0.1696,327761.3,6397860.5,151.165741,-32.5432736,276,97,0.0,0.0,0.0,0.0,0.0,0.0,0.0,0.0,0.0,0.0,8664,0.0,modelled_from_WPP_SA2,0.0,5.5200000000000005,0.0,0.0,0.0,0.0
10601111250,106011112,Singleton,external,26.163,325190.3,6400281.2,151.1388239,-32.5210454,543,184,0.0,0.0,0.0,0.0,0.0,0.0,0.0,0.0,0.0,0.0,8664,0.0,modelled_from_WPP_SA2,0.0,10.86,0.0,0.0,0.0,0.0
10601111251,106011112,Singleton,external,1.2907,328636.3,6398793.4,151.1752255,-32.5349979,477,184,0.0,0.0,0.0,0.0,0.0,0.0,0.0,0.0,0.0,0.0,8664,0.0,modelled_from_WPP_SA2,0.0,9.540000000000001,0.0,0.0,0.0,0.0
10601111301,106011113,Singleton Surrounds,external,0.6408,322407.4,6375154.4,151.104436,-32.747146,231,104,0.0,0.0,1.0,2.0,0.0,3.0,1.0,6.0,1.0,51.2,8152,3720.0,modelled_from_WPP_SA2,3720.0,67.62,7.0,35.0,16.0,17.0
10601111302,106011113,Singleton Surrounds,external,202.6877,321629.1,6373298.9,151.0957764,-32.7637495,412,193,0.0,2.0,0.0,0.0,0.0,4.0,2.0,1.0,12.0,25.4,8152,1845.5,modelled_from_WPP_SA2,1845.5,8.74,20.5,31.0,1.0,11.0
10601111303,106011113,Singleton Surrounds,external,351.3424,323513.2,6388135.5,151.1186897,-32.6302879,227,69,0.0,0.0,0.0,0.0,0.0,2.0,0.0,7.0,8.0,12.6,8152,915.5,modelled_from_WPP_SA2,915.5,8.04,3.5,17.0,7.0,7.0
10601111304,106011113,Singleton Surrounds,external,1423.2133,296675.2,6362625.2,150.8271921,-32.8556327,375,180,0.0,0.0,0.0,0.0,0.0,0.0,0.0,0.0,0.0,0.0,8152,0.0,modelled_from_WPP_SA2,0.0,7.5,0.0,0.0,0.0,0.0
10601111305,106011113,Singleton Surrounds,external,127.3456,311462.8,6387262.7,150.9901259,-32.636166,418,128,0.0,0.0,0.0,0.0,0.0,0.0,0.0,0.0,0.0,0.0,8152,0.0,modelled_from_WPP_SA2,0.0,8.36,0.0,0.0,0.0,0.0
10601111306,106011113,Singleton Surrounds,external,423.6071,298169.8,6392060.8,150.8495353,-32.5905651,345,155,0.0,0.0,0.0,0.0,0.0,0.0,0.0,0.0,0.0,0.0,8152,0.0,modelled_from_WPP_SA2,0.0,6.9,0.0,0.0,0.0,0.0
10601111307,106011113,Singleton Surrounds,external,31.0315,320938.5,6398137.1,151.0931677,-32.5396992,175,60,0.0,0.0,0.0,0.0,0.0,0.0,0.0,0.0,0.0,0.0,8152,0.0,modelled_from_WPP_SA2,0.0,3.5,0.0,0.0,0.0,0.0
10601111308,106011113,Singleton Surrounds,external,328.2672,316236.9,6412916.2,151.0460072,-32.4056843,169,75,0.0,0.0,0.0,0.0,0.0,0.0,0.0,0.0,0.0,0.0,8152,0.0,modelled_from_WPP_SA2,0.0,3.38,0.0,0.0,0.0,0.0
10601111309,106011113,Singleton Surrounds,external,269.1053,328380.9,6418381.3,151.176069,-32.3583424,499,180,0.0,0.0,0.0,0.0,0.0,0.0,0.0,0.0,0.0,0.0,8152,0.0,modelled_from_WPP_SA2,0.0,9.98,0.0,0.0,0.0,0.0
10601111310,106011113,Singleton Surrounds,external,268.8857,340306.8,6425780.5,151.3040103,-32.29339,216,99,0.0,0.0,0.0,0.0,0.0,0.0,0.0,0.0,0.0,0.0,8152,0.0,modelled_from_WPP_SA2,0.0,4.32,0.0,0.0,0.0,0.0
10601111311,106011113,Singleton Surrounds,external,256.8246,342374.0,6412323.3,151.3237192,-32.4150325,364,143,0.0,0.0,0.0,0.0,0.0,0.0,0.0,0.0,0.0,0.0,8152,0.0,modelled_from_WPP_SA2,0.0,7.28,0.0,0.0,0.0,0.0
10601111312,106011113,Singleton Surrounds,external,71.2603,334123.3,6399046.1,151.233674,-32.5335534,639,217,0.0,0.0,0.0,0.0,0.0,1.0,0.0,0.0,0.0,2.0,8152,145.3,modelled_from_WPP_SA2,145.3,12.780000000000001,0.0,5.0,0.0,0.0
10601111313,106011113,Singleton Surrounds,external,45.447,340725.7,6395817.0,151.3034043,-32.563638,355,119,0.0,0.0,0.0,0.0,0.0,0.0,0.0,1.0,0.0,1.0,8152,72.7,modelled_from_WPP_SA2,72.7,7.6000000000000005,0.5,1.0,1.0,1.0
10601111314,106011113,Singleton Surrounds,external,106.0469,355924.0,6397162.5,151.4654509,-32.5535853,525,183,0.0,0.0,0.0,1.0,0.0,2.0,0.0,1.0,0.0,20.0,8152,1453.1,modelled_from_WPP_SA2,1453.1,41.0,0.5,14.0,6.0,4.0
10601111315,106011113,Singleton Surrounds,external,161.8151,351615.3,6405511.2,151.4208919,-32.4777314,368,112,0.0,0.0,0.0,0.0,0.0,0.0,0.0,0.0,0.0,0.0,8152,0.0,modelled_from_WPP_SA2,0.0,7.36,0.0,0.0,0.0,0.0
10602111401,106021114,Maitland,core,0.8675,364215.9,6377658.3,151.550909,-32.730521,300,162,2.0,5.0,8.0,1.0,2.0,24.0,0.0,68.0,14.0,241.8,7843,1331.0,modelled_from_WPP_SA2,1331.0,70.0,116.0,249.0,99.0,142.0
10602111402,106021114,Maitland,core,2.2529,365058.2,6376232.3,151.5596893,-32.7434843,482,232,0.0,0.0,0.0,0.0,0.0,83.0,1.0,57.0,6.0,227.2,7843,1250.7,modelled_from_WPP_SA2,1250.7,38.14,28.5,475.0,57.0,57.0
10602111403,106021114,Maitland,core,0.1029,361939.0,6373808.5,151.5260456,-32.7649551,247,90,0.0,0.0,0.0,0.0,0.0,0.0,0.0,0.0,0.0,0.0,7843,0.0,modelled_from_WPP_SA2,0.0,4.94,0.0,0.0,0.0,0.0
10602111408,106021114,Maitland,core,1.0248,366035.7,6377121.8,151.5702476,-32.7355822,425,171,0.0,4.0,0.0,4.0,0.0,8.0,0.0,5.0,1.0,97.2,7843,535.1,modelled_from_WPP_SA2,535.1,131.0,42.5,65.0,25.0,37.0
10602111409,106021114,Maitland,core,0.7676,365567.0,6376592.0,151.5651697,-32.7403031,287,133,0.0,1.0,3.0,5.0,0.0,37.0,2.0,49.0,14.0,228.8,7843,1259.5,modelled_from_WPP_SA2,1259.5,180.24,46.5,272.0,74.0,84.0
10602111410,106021114,Maitland,core,0.4997,364607.2,6377146.2,151.5550093,-32.7351874,585,290,3.0,17.0,13.0,7.0,3.0,17.0,4.0,31.0,29.0,393.8,7843,2167.7,modelled_from_WPP_SA2,2167.7,237.2,237.5,260.0,105.0,211.0
10602111411,106021114,Maitland,core,0.4561,363440.4,6378379.0,151.5427414,-32.723926,348,141,1.0,2.0,1.0,1.0,1.0,7.0,1.0,14.0,4.0,80.8,7843,444.8,modelled_from_WPP_SA2,444.8,43.96,31.0,68.0,32.0,35.0
10602111412,106021114,Maitland,core,0.4346,363641.6,6377647.9,151.5447807,-32.730544,362,119,0.0,0.0,1.0,0.0,0.0,1.0,0.0,3.0,3.0,11.6,7843,63.9,modelled_from_WPP_SA2,63.9,8.74,5.5,13.0,3.0,8.0
10602111415,106021114,Maitland,core,1.7375,364690.9,6372528.7,151.5552302,-32.776838,563,175,0.0,0.0,0.0,0.0,0.0,0.0,0.0,0.0,1.0,0.2,7843,1.1,modelled_from_WPP_SA2,1.1,11.26,0.0,0.0,0.0,0.0
10602111416,106021114,Maitland,core,0.2406,362460.7,6374348.2,151.5316929,-32.7601531,712,226,0.0,0.0,0.0,0.0,0.0,0.0,0.0,0.0,1.0,0.2,7843,1.1,modelled_from_WPP_SA2,1.1,14.24,0.0,0.0,0.0,0.0
10602111417,106021114,Maitland,core,0.244,361738.3,6373519.4,151.5238596,-32.7675363,627,240,0.0,0.0,0.0,0.0,0.0,0.0,0.0,0.0,1.0,0.2,7843,1.1,modelled_from_WPP_SA2,1.1,12.540000000000001,0.0,0.0,0.0,0.0
10602111418,106021114,Maitland,core,0.2339,361805.1,6374443.0,151.5247106,-32.7592164,514,225,0.0,0.0,0.0,0.0,0.0,5.0,0.0,2.0,3.0,12.6,7843,69.4,modelled_from_WPP_SA2,69.4,11.28,1.0,27.0,2.0,2.0
10602111419,106021114,Maitland,core,9.6164,363072.8,6372762.8,151.5379919,-32.7745261,163,51,0.0,0.0,0.0,0.0,0.0,0.0,0.0,0.0,0.0,0.0,7843,0.0,modelled_from_WPP_SA2,0.0,3.2600000000000002,0.0,0.0,0.0,0.0
10602111420,106021114,Maitland,core,0.1742,362781.4,6374169.3,151.535089,-32.7618064,652,208,0.0,0.0,0.0,0.0,0.0,0.0,0.0,0.0,0.0,0.0,7843,0.0,modelled_from_WPP_SA2,0.0,13.040000000000001,0.0,0.0,0.0,0.0
10602111421,106021114,Maitland,core,0.6764,363102.3,6374338.5,151.5385393,-32.760321,674,224,0.0,0.0,0.0,1.0,0.0,2.0,1.0,0.0,1.0,22.2,7843,122.2,modelled_from_WPP_SA2,122.2,43.480000000000004,0.0,16.0,5.0,3.0
10602111422,106021114,Maitland,core,11.3448,360695.1,6374259.1,151.5128363,-32.7607344,327,115,0.0,0.0,0.0,1.0,0.0,1.0,0.0,0.0,4.0,17.8,7843,98.0,modelled_from_WPP_SA2,98.0,36.54,0.0,8.0,5.0,3.0
10602111423,106021114,Maitland,core,0.274,362236.6,6373631.1,151.5291948,-32.766592,369,130,0.0,5.0,4.0,1.0,1.0,3.0,0.0,5.0,4.0,78.8,7843,433.8,modelled_from_WPP_SA2,433.8,39.88,68.5,57.0,13.0,53.0
10602111424,106021114,Maitland,core,0.6608,363796.7,6372239.4,151.545643,-32.7793366,204,58,0.0,0.0,0.0,0.0,0.0,3.0,0.0,3.0,12.0,11.4,7843,62.8,modelled_from_WPP_SA2,62.8,5.58,1.5,18.0,3.0,3.0
10602111425,106021114,Maitland,core,0.3819,362547.6,6373438.8,151.5324857,-32.7683651,622,209,0.0,0.0,0.0,0.0,0.0,0.0,0.0,0.0,1.0,0.2,7843,1.1,modelled_from_WPP_SA2,1.1,12.44,0.0,0.0,0.0,0.0
10602111426,106021114,Maitland,core,0.0772,362274.4,6374107.1,151.5296691,-32.7623043,150,112,0.0,0.0,0.0,0.0,0.0,0.0,0.0,0.0,0.0,0.0,7843,0.0,modelled_from_WPP_SA2,0.0,3.0,0.0,0.0,0.0,0.0
10602111601,106021116,Maitland - North,core,0.2443,368728.0,6380921.0,151.5995092,-32.701645,487,177,0.0,1.0,0.0,0.0,0.0,0.0,0.0,1.0,0.0,5.0,1278,11.7,modelled_from_WPP_SA2,11.7,10.24,10.5,3.0,1.0,6.0
10602111602,106021116,Maitland - North,core,1.4007,367277.3,6382114.5,151.5842065,-32.690709,452,161,0.0,0.0,0.0,0.0,0.0,1.0,0.0,0.0,0.0,2.0,1278,4.7,modelled_from_WPP_SA2,4.7,9.040000000000001,0.0,5.0,0.0,0.0
10602111603,106021116,Maitland - North,core,0.2403,367388.3,6381264.3,151.5852697,-32.6983888,273,105,0.0,0.0,0.0,0.0,0.0,0.0,0.0,2.0,0.0,2.0,1278,4.7,modelled_from_WPP_SA2,4.7,6.46,1.0,2.0,2.0,2.0
10602111604,106021116,Maitland - North,core,0.3162,368313.0,6381144.0,151.5951146,-32.699585,606,207,0.0,0.0,0.0,0.0,0.0,0.0,0.0,0.0,0.0,0.0,1278,0.0,modelled_from_WPP_SA2,0.0,12.120000000000001,0.0,0.0,0.0,0.0
10602111605,106021116,Maitland - North,core,0.2472,367791.1,6381007.1,151.5895289,-32.7007568,490,172,0.0,0.0,0.0,0.0,0.0,2.0,0.0,0.0,0.0,4.0,1278,9.4,modelled_from_WPP_SA2,9.4,9.8,0.0,10.0,0.0,0.0
10602111606,106021116,Maitland - North,core,0.776,366538.7,6381189.3,151.5761977,-32.6989631,1127,333,0.0,0.0,0.0,0.0,0.0,2.0,1.0,0.0,0.0,7.0,1278,16.4,modelled_from_WPP_SA2,16.4,22.54,0.0,13.0,0.0,0.0
10602111607,106021116,Maitland - North,core,0.1954,364681.6,6378168.6,151.555952,-32.7259772,192,86,0.0,0.0,0.0,0.0,0.0,26.0,0.0,2.0,0.0,54.0,1278,126.6,modelled_from_WPP_SA2,126.6,4.84,1.0,132.0,2.0,2.0
10602111608,106021116,Maitland - North,core,0.1931,364959.0,6378156.1,151.5589101,-32.7261236,401,167,0.0,4.0,0.0,0.0,2.0,29.0,0.0,4.0,0.0,94.0,1278,220.4,modelled_from_WPP_SA2,220.4,10.02,42.0,165.0,10.0,24.0
10602111609,106021116,Maitland - North,core,0.141,365301.3,6378062.4,151.562548,-32.7270108,306,115,0.0,0.0,0.0,0.0,0.0,9.0,0.0,0.0,0.0,18.0,1278,42.2,modelled_from_WPP_SA2,42.2,6.12,0.0,45.0,0.0,0.0
10602111610,106021116,Maitland - North,core,0.3913,364956.8,6377736.6,151.5588256,-32.7299064,461,179,0.0,8.0,4.0,1.0,4.0,18.0,0.0,3.0,2.0,142.4,1278,333.9,modelled_from_WPP_SA2,333.9,40.72,97.5,148.0,20.0,66.0
10602111611,106021116,Maitland - North,core,0.135,369190.2,6381023.2,151.6044541,-32.7007791,218,102,0.0,0.0,1.0,3.0,0.0,2.0,0.0,1.0,0.0,56.0,1278,131.3,modelled_from_WPP_SA2,131.3,94.86,4.5,25.0,16.0,15.0
10602111612,106021116,Maitland - North,core,0.603,368706.5,6381626.7,151.5993803,-32.6952787,977,338,0.0,0.0,0.0,0.0,0.0,7.0,0.0,0.0,0.0,14.0,1278,32.8,modelled_from_WPP_SA2,32.8,19.54,0.0,35.0,0.0,0.0
10602111613,106021116,Maitland - North,core,0.8768,366290.7,6380581.9,151.5734649,-32.70441,701,236,0.0,0.0,0.0,2.0,0.0,8.0,0.0,0.0,1.0,46.2,1278,108.3,modelled_from_WPP_SA2,108.3,74.02,0.0,46.0,10.0,6.0
10602111614,106021116,Maitland - North,core,0.5115,365662.1,6379897.6,151.5666618,-32.7105049,516,201,0.0,0.0,0.0,0.0,0.0,18.0,0.0,1.0,0.0,37.0,1278,86.8,modelled_from_WPP_SA2,86.8,10.82,0.5,91.0,1.0,1.0
10602111615,106021116,Maitland - North,core,19.4122,369603.9,6379921.6,151.608712,-32.7107626,524,180,0.0,0.0,0.0,0.0,0.0,12.0,1.0,1.0,0.0,28.0,1278,65.7,modelled_from_WPP_SA2,65.7,10.98,0.5,64.0,1.0,1.0
10602111617,106021116,Maitland - North,core,44.5968,365743.3,6385472.3,151.5683304,-32.6602419,544,162,0.0,0.0,0.0,1.0,0.0,5.0,0.0,10.0,2.0,35.4,1278,83.0,modelled_from_WPP_SA2,83.0,45.88,5.0,38.0,15.0,13.0
10602111618,106021116,Maitland - North,core,0.2409,368642.4,6382129.8,151.5987668,-32.6907344,453,145,0.0,0.0,0.0,0.0,0.0,0.0,0.0,0.0,0.0,0.0,1278,0.0,modelled_from_WPP_SA2,0.0,9.06,0.0,0.0,0.0,0.0
10602161401,106021614,East Maitland - Metford,core,0.1442,369763.3,6373532.7,151.6095177,-32.7683964,354,150,0.0,0.0,0.0,2.0,0.0,2.0,0.0,0.0,1.0,34.2,7769,161.0,modelled_from_WPP_SA2,161.0,67.08,0.0,16.0,10.0,6.0
10602161402,106021614,East Maitland - Metford,core,0.2121,368380.0,6372909.9,151.5946648,-32.7738485,327,100,0.0,0.0,0.0,0.0,0.0,4.0,0.0,2.0,1.0,10.2,7769,48.0,modelled_from_WPP_SA2,48.0,7.54,1.0,22.0,2.0,2.0
10602161403,106021614,East Maitland - Metford,core,0.2477,368505.5,6374540.2,151.5962352,-32.759161,441,179,0.0,5.0,2.0,0.0,0.0,0.0,0.0,7.0,2.0,39.4,7769,185.5,modelled_from_WPP_SA2,185.5,12.32,61.5,27.0,7.0,42.0
10602161404,106021614,East Maitland - Metford,core,0.9594,366953.2,6376086.4,151.5798894,-32.745031,202,91,0.0,0.0,0.0,0.0,0.0,1.0,0.0,2.0,4.0,4.8,7769,22.6,modelled_from_WPP_SA2,22.6,5.04,1.0,7.0,2.0,2.0
10602161405,106021614,East Maitland - Metford,core,0.2666,367855.2,6375335.8,151.5894079,-32.751909,523,291,1.0,1.0,4.0,0.0,1.0,3.0,0.0,43.0,3.0,97.6,7769,459.4,modelled_from_WPP_SA2,459.4,31.96,47.5,84.0,56.0,71.0
10602161406,106021614,East Maitland - Metford,core,0.1778,367951.5,6372979.1,151.5901004,-32.7731729,470,158,0.0,0.0,0.0,0.0,0.0,0.0,0.0,0.0,0.0,0.0,7769,0.0,modelled_from_WPP_SA2,0.0,9.4,0.0,0.0,0.0,0.0
10602161407,106021614,East Maitland - Metford,core,0.2888,366840.9,6375291.3,151.5785765,-32.7521872,415,159,0.0,0.0,0.0,0.0,0.0,4.0,0.0,9.0,0.0,17.0,7769,80.0,modelled_from_WPP_SA2,80.0,12.8,4.5,29.0,9.0,9.0
10602161408,106021614,East Maitland - Metford,core,0.3077,367194.7,6374800.7,151.582282,-32.7566546,608,303,0.0,0.0,0.0,0.0,0.0,5.0,0.0,2.0,1.0,12.2,7769,57.4,modelled_from_WPP_SA2,57.4,13.16,1.0,27.0,2.0,2.0
10602161409,106021614,East Maitland - Metford,core,0.1369,370167.9,6373439.7,151.6138231,-32.7692835,469,164,0.0,0.0,0.0,0.0,0.0,0.0,0.0,0.0,0.0,0.0,7769,0.0,modelled_from_WPP_SA2,0.0,9.38,0.0,0.0,0.0,0.0
10602161410,106021614,East Maitland - Metford,core,0.1222,369764.4,6373175.8,151.6094796,-32.771615,377,138,0.0,0.0,0.0,0.0,0.0,0.0,0.0,0.0,0.0,0.0,7769,0.0,modelled_from_WPP_SA2,0.0,7.54,0.0,0.0,0.0,0.0
10602161411,106021614,East Maitland - Metford,core,0.1534,365870.0,6373788.3,151.5679982,-32.7656234,413,136,0.0,0.0,0.0,0.0,0.0,29.0,0.0,0.0,0.0,58.0,7769,273.0,modelled_from_WPP_SA2,273.0,8.26,0.0,145.0,0.0,0.0
10602161412,106021614,East Maitland - Metford,core,0.2434,367669.9,6374894.2,151.5873671,-32.7558684,481,218,0.0,3.0,0.0,1.0,0.0,16.0,1.0,0.0,1.0,62.2,7769,292.8,modelled_from_WPP_SA2,292.8,39.620000000000005,30.0,92.0,5.0,18.0
10602161413,106021614,East Maitland - Metford,core,0.2159,368071.5,6374909.8,151.591655,-32.7557761,248,122,0.0,0.0,0.0,0.0,0.0,12.0,0.0,0.0,0.0,24.0,7769,113.0,modelled_from_WPP_SA2,113.0,4.96,0.0,60.0,0.0,0.0
10602161414,106021614,East Maitland - Metford,core,0.418,367637.6,6374339.1,151.5869436,-32.7608706,363,164,3.0,8.0,4.0,2.0,2.0,5.0,0.0,23.0,2.0,171.4,7769,806.8,modelled_from_WPP_SA2,806.8,78.76,107.5,98.0,69.0,98.0
10602161415,106021614,East Maitland - Metford,core,0.1313,370584.1,6373245.0,151.6182383,-32.771088,496,171,0.0,0.0,0.0,0.0,0.0,0.0,0.0,0.0,1.0,0.2,7769,0.9,modelled_from_WPP_SA2,0.9,9.92,0.0,0.0,0.0,0.0
10602161416,106021614,East Maitland - Metford,core,1.2824,369450.6,6374548.7,151.6063228,-32.7591977,263,127,0.0,3.0,0.0,0.0,3.0,7.0,0.0,11.0,1.0,61.2,7769,288.1,modelled_from_WPP_SA2,288.1,10.76,35.5,64.0,20.0,26.0
10602161417,106021614,East Maitland - Metford,core,0.3179,367504.6,6375806.5,151.585733,-32.7476214,387,174,0.0,1.0,7.0,3.0,0.0,8.0,1.0,15.0,5.0,126.0,7769,593.1,modelled_from_WPP_SA2,593.1,105.24,45.5,104.0,30.0,64.0
10602161418,106021614,East Maitland - Metford,core,0.46,366690.3,6373756.7,151.5767497,-32.7660081,436,146,0.0,0.0,0.0,0.0,0.0,26.0,0.0,0.0,0.0,52.0,7769,244.8,modelled_from_WPP_SA2,244.8,8.72,0.0,130.0,0.0,0.0
10602161419,106021614,East Maitland - Metford,core,0.1508,367629.6,6373156.9,151.5866892,-32.7715307,590,201,0.0,0.0,0.0,0.0,0.0,6.0,1.0,3.0,0.0,18.0,7769,84.7,modelled_from_WPP_SA2,84.7,13.3,1.5,36.0,3.0,3.0
10602161420,106021614,East Maitland - Metford,core,0.159,369358.7,6372757.1,151.6050898,-32.7753431,364,143,0.0,0.0,0.0,0.0,0.0,0.0,0.0,0.0,0.0,0.0,7769,0.0,modelled_from_WPP_SA2,0.0,7.28,0.0,0.0,0.0,0.0
10602161421,106021614,East Maitland - Metford,core,0.1041,369101.9,6372610.2,151.6023284,-32.7766375,303,88,0.0,0.0,0.0,0.0,0.0,1.0,0.0,0.0,0.0,2.0,7769,9.4,modelled_from_WPP_SA2,9.4,6.0600000000000005,0.0,5.0,0.0,0.0
10602161422,106021614,East Maitland - Metford,core,4.3474,366331.9,6372761.9,151.5727812,-32.7749356,9,5,0.0,0.0,0.0,0.0,0.0,0.0,0.0,2.0,1.0,2.2,7769,10.4,modelled_from_WPP_SA2,10.4,1.18,1.0,2.0,2.0,2.0
10602161423,106021614,East Maitland - Metford,core,0.1357,370537.0,6373626.4,151.6177895,-32.7676427,310,106,0.0,0.0,0.0,0.0,0.0,0.0,0.0,2.0,0.0,2.0,7769,9.4,modelled_from_WPP_SA2,9.4,7.2,1.0,2.0,2.0,2.0
10602161424,106021614,East Maitland - Metford,core,4.4641,368839.5,6371690.3,151.5993975,-32.784902,38,10,0.0,1.0,0.0,0.0,0.0,0.0,0.0,0.0,0.0,4.0,7769,18.8,modelled_from_WPP_SA2,18.8,0.76,10.0,2.0,0.0,5.0
10602161425,106021614,East Maitland - Metford,core,0.242,368542.5,6373404.3,151.5964685,-32.7694092,305,112,0.0,0.0,0.0,1.0,0.0,7.0,0.0,7.0,0.0,36.0,7769,169.5,modelled_from_WPP_SA2,169.5,39.6,3.5,45.0,12.0,10.0
10602161426,106021614,East Maitland - Metford,core,0.2377,368706.0,6375019.9,151.5984421,-32.7548594,279,163,0.0,0.0,0.0,3.0,0.0,5.0,0.0,16.0,1.0,71.2,7769,335.2,modelled_from_WPP_SA2,335.2,103.58,8.0,50.0,31.0,25.0
10602161427,106021614,East Maitland - Metford,core,0.4354,370306.9,6372778.6,151.6152145,-32.7752611,589,212,0.0,0.0,0.0,2.0,0.0,3.0,0.0,3.0,0.0,39.0,7769,183.6,modelled_from_WPP_SA2,183.6,73.28,1.5,24.0,13.0,9.0
10602161428,106021614,East Maitland - Metford,core,0.1185,366891.9,6373576.5,151.5788753,-32.767658,285,93,0.0,0.0,0.0,0.0,0.0,1.0,0.0,0.0,0.0,2.0,7769,9.4,modelled_from_WPP_SA2,9.4,5.7,0.0,5.0,0.0,0.0
10602161429,106021614,East Maitland - Metford,core,0.92,366575.5,6374645.0,151.5756516,-32.757984,606,224,0.0,0.0,0.0,0.0,0.0,5.0,0.0,1.0,1.0,11.2,7769,52.7,modelled_from_WPP_SA2,52.7,12.620000000000001,0.5,26.0,1.0,1.0
10602161430,106021614,East Maitland - Metford,core,0.1721,367276.0,6373717.2,151.5829949,-32.7664352,233,81,0.0,0.0,0.0,0.0,0.0,2.0,0.0,0.0,2.0,4.4,7769,20.7,modelled_from_WPP_SA2,20.7,4.66,0.0,10.0,0.0,0.0
10602161431,106021614,East Maitland - Metford,core,0.1504,368051.7,6373511.9,151.5912454,-32.7683799,343,120,0.0,0.0,0.0,0.0,0.0,16.0,0.0,0.0,0.0,32.0,7769,150.6,modelled_from_WPP_SA2,150.6,6.86,0.0,80.0,0.0,0.0
10602161432,106021614,East Maitland - Metford,core,0.1702,369432.5,6374063.1,151.6060609,-32.763574,406,193,0.0,0.0,0.0,0.0,0.0,0.0,0.0,1.0,1.0,1.2,7769,5.6,modelled_from_WPP_SA2,5.6,8.620000000000001,0.5,1.0,1.0,1.0
10602161433,106021614,East Maitland - Metford,core,0.336,370007.0,6372598.0,151.6119885,-32.7768547,424,175,0.0,0.0,0.0,0.0,0.0,9.0,0.0,0.0,1.0,18.2,7769,85.7,modelled_from_WPP_SA2,85.7,8.48,0.0,45.0,0.0,0.0
10602161434,106021614,East Maitland - Metford,core,0.176,367592.9,6372618.7,151.5862208,-32.7763797,469,151,0.0,0.0,0.0,0.0,0.0,0.0,0.0,0.0,0.0,0.0,7769,0.0,modelled_from_WPP_SA2,0.0,9.38,0.0,0.0,0.0,0.0
10602161435,106021614,East Maitland - Metford,core,0.2768,367254.0,6375458.4,151.5830095,-32.7507303,319,170,1.0,3.0,0.0,1.0,0.0,3.0,0.0,7.0,4.0,52.8,7769,248.5,modelled_from_WPP_SA2,248.5,39.88,33.5,31.0,22.0,28.0
10602161436,106021614,East Maitland - Metford,core,0.088,370080.3,6373646.5,151.6129177,-32.7674083,197,69,0.0,0.0,0.0,0.0,0.0,1.0,0.0,0.0,1.0,2.2,7769,10.4,modelled_from_WPP_SA2,10.4,3.94,0.0,5.0,0.0,0.0
10602161437,106021614,East Maitland - Metford,core,0.1077,369076.4,6373345.5,151.6021591,-32.7700035,200,73,0.0,0.0,0.0,0.0,0.0,0.0,0.0,0.0,0.0,0.0,7769,0.0,modelled_from_WPP_SA2,0.0,4.0,0.0,0.0,0.0,0.0
10602161438,106021614,East Maitland - Metford,core,0.2023,368946.8,6373961.9,151.6008627,-32.7644293,293,119,0.0,0.0,0.0,0.0,0.0,1.0,0.0,1.0,1.0,3.2,7769,15.1,modelled_from_WPP_SA2,15.1,6.36,0.5,6.0,1.0,1.0
10602161439,106021614,East Maitland - Metford,core,0.1849,368348.2,6375187.2,151.5946478,-32.753308,533,284,0.0,0.0,0.0,0.0,0.0,2.0,0.0,0.0,0.0,4.0,7769,18.8,modelled_from_WPP_SA2,18.8,10.66,0.0,10.0,0.0,0.0
10602161440,106021614,East Maitland - Metford,core,0.3507,367744.5,6373811.8,151.5880095,-32.7656386,252,119,0.0,0.0,0.0,0.0,0.0,14.0,0.0,12.0,2.0,40.4,7769,190.2,modelled_from_WPP_SA2,190.2,11.04,6.0,82.0,12.0,12.0
10602161441,106021614,East Maitland - Metford,core,0.2222,368789.3,6373670.2,151.5991405,-32.767041,409,141,0.0,0.0,0.0,0.0,2.0,1.0,0.0,3.0,0.0,21.0,7769,98.9,modelled_from_WPP_SA2,98.9,9.68,1.5,16.0,9.0,3.0
10602161442,106021614,East Maitland - Metford,core,0.3695,368252.5,6374075.2,151.5934684,-32.763324,345,182,0.0,31.0,20.0,1.0,4.0,22.0,2.0,57.0,1.0,398.2,7769,1874.5,modelled_from_WPP_SA2,1874.5,65.4,418.5,354.0,74.0,315.0
10602161443,106021614,East Maitland - Metford,core,0.2115,369181.1,6373076.7,151.603239,-32.7724401,265,119,0.0,0.0,0.0,1.0,0.0,3.0,0.0,0.0,0.0,21.0,7769,98.9,modelled_from_WPP_SA2,98.9,35.3,0.0,18.0,5.0,3.0
10602161444,106021614,East Maitland - Metford,core,0.1025,366207.1,6373904.2,151.5716136,-32.7646193,278,92,0.0,0.0,0.0,0.0,0.0,1.0,0.0,0.0,1.0,2.2,7769,10.4,modelled_from_WPP_SA2,10.4,5.5600000000000005,0.0,5.0,0.0,0.0
10602161445,106021614,East Maitland - Metford,core,0.2504,369383.1,6373501.6,151.6054549,-32.7686317,409,159,0.0,0.0,0.0,0.0,0.0,4.0,0.0,4.0,1.0,12.2,7769,57.4,modelled_from_WPP_SA2,57.4,10.18,2.0,24.0,4.0,4.0
10602161446,106021614,East Maitland - Metford,core,0.143,368840.6,6372891.4,151.5995784,-32.7740704,371,123,0.0,0.0,0.0,0.0,0.0,0.0,0.0,0.0,0.0,0.0,7769,0.0,modelled_from_WPP_SA2,0.0,7.42,0.0,0.0,0.0,0.0
10602161447,106021614,East Maitland - Metford,core,0.1252,368135.5,6373284.7,151.5921081,-32.7704395,288,100,0.0,0.0,0.0,0.0,0.0,1.0,0.0,0.0,0.0,2.0,7769,9.4,modelled_from_WPP_SA2,9.4,5.76,0.0,5.0,0.0,0.0
10602161448,106021614,East Maitland - Metford,core,0.3278,367247.9,6373234.2,151.582626,-32.7707875,433,151,0.0,0.0,0.0,0.0,0.0,1.0,0.0,0.0,1.0,2.2,7769,10.4,modelled_from_WPP_SA2,10.4,8.66,0.0,5.0,0.0,0.0
10602161449,106021614,East Maitland - Metford,core,0.3008,370082.3,6373950.2,151.612981,-32.7646696,556,223,0.0,0.0,0.0,2.0,0.0,17.0,0.0,11.0,1.0,75.2,7769,354.0,modelled_from_WPP_SA2,354.0,76.62,5.5,102.0,21.0,17.0
10602161501,106021615,Rutherford (North) - Aberglasslyn,core,0.146,363572.8,6381639.1,151.5446308,-32.6945434,560,187,0.0,0.0,0.0,0.0,0.0,0.0,0.0,0.0,0.0,0.0,3048,0.0,modelled_from_WPP_SA2,0.0,11.200000000000001,0.0,0.0,0.0,0.0
10602161502,106021615,Rutherford (North) - Aberglasslyn,core,35.4908,361033.3,6386546.8,151.5182784,-32.6499693,192,65,0.0,0.0,0.0,0.0,0.0,3.0,0.0,0.0,0.0,6.0,3048,10.3,modelled_from_WPP_SA2,10.3,3.84,0.0,15.0,0.0,0.0
10602161503,106021615,Rutherford (North) - Aberglasslyn,core,0.1912,363101.7,6381382.9,151.5395697,-32.6967953,437,156,0.0,0.0,0.0,0.0,0.0,0.0,0.0,0.0,0.0,0.0,3048,0.0,modelled_from_WPP_SA2,0.0,8.74,0.0,0.0,0.0,0.0
10602161504,106021615,Rutherford (North) - Aberglasslyn,core,0.3681,362357.2,6379747.6,151.5313878,-32.7114499,438,175,0.0,0.0,0.0,3.0,0.0,5.0,0.0,2.0,0.0,57.0,3048,97.6,modelled_from_WPP_SA2,97.6,99.76,1.0,36.0,17.0,11.0
10602161505,106021615,Rutherford (North) - Aberglasslyn,core,0.2173,362063.3,6379119.4,151.5281599,-32.7170776,252,136,1.0,31.0,14.0,3.0,12.0,10.0,1.0,45.0,5.0,430.0,3048,736.1,modelled_from_WPP_SA2,736.1,117.54,388.5,287.0,106.0,282.0
10602161506,106021615,Rutherford (North) - Aberglasslyn,core,2.1857,357685.2,6381216.5,151.4817775,-32.6976099,838,262,0.0,0.0,0.0,0.0,0.0,16.0,0.0,0.0,1.0,32.2,3048,55.1,modelled_from_WPP_SA2,55.1,16.76,0.0,80.0,0.0,0.0
10602161507,106021615,Rutherford (North) - Aberglasslyn,core,0.7339,362453.7,6381444.5,151.532667,-32.6961594,779,255,0.0,0.0,0.0,0.0,0.0,15.0,0.0,0.0,2.0,30.4,3048,52.0,modelled_from_WPP_SA2,52.0,15.58,0.0,75.0,0.0,0.0
10602161508,106021615,Rutherford (North) - Aberglasslyn,core,0.116,360299.1,6380908.7,151.5096082,-32.7007204,534,125,0.0,0.0,0.0,0.0,0.0,0.0,0.0,3.0,0.0,3.0,3048,5.1,modelled_from_WPP_SA2,5.1,12.18,1.5,3.0,3.0,3.0
10602161509,106021615,Rutherford (North) - Aberglasslyn,core,0.2403,362854.7,6379747.6,151.5366943,-32.7115119,523,201,0.0,0.0,0.0,0.0,0.0,0.0,0.0,0.0,0.0,0.0,3048,0.0,modelled_from_WPP_SA2,0.0,10.46,0.0,0.0,0.0,0.0
10602161510,106021615,Rutherford (North) - Aberglasslyn,core,0.2002,362630.3,6379127.1,151.5342091,-32.7170795,499,214,0.0,1.0,0.0,0.0,0.0,0.0,0.0,2.0,3.0,6.6,3048,11.3,modelled_from_WPP_SA2,11.3,10.98,11.0,4.0,2.0,7.0
10602161511,106021615,Rutherford (North) - Aberglasslyn,core,0.1341,362536.4,6380656.9,151.5334336,-32.7032722,360,119,0.0,0.0,0.0,0.0,0.0,43.0,0.0,0.0,0.0,86.0,3048,147.2,modelled_from_WPP_SA2,147.2,7.2,0.0,215.0,0.0,0.0
10602161512,106021615,Rutherford (North) - Aberglasslyn,core,0.2183,361036.7,6380119.6,151.5173582,-32.7079297,521,247,0.0,1.0,3.0,0.0,0.0,12.0,1.0,6.0,2.0,55.4,3048,94.8,modelled_from_WPP_SA2,94.8,13.42,25.0,86.0,6.0,26.0
10602161513,106021615,Rutherford (North) - Aberglasslyn,core,2.6487,364025.6,6381329.8,151.5494147,-32.697389,494,173,0.0,3.0,0.0,0.0,0.0,4.0,0.0,3.0,0.0,23.0,3048,39.4,modelled_from_WPP_SA2,39.4,11.38,31.5,29.0,3.0,18.0
10602161514,106021615,Rutherford (North) - Aberglasslyn,core,29.9362,353918.2,6386414.2,151.4424179,-32.6502474,332,108,1.0,0.0,0.0,0.0,0.0,0.0,1.0,6.0,8.0,22.6,3048,38.7,modelled_from_WPP_SA2,38.7,9.64,3.0,9.0,16.0,9.0
10602161515,106021615,Rutherford (North) - Aberglasslyn,core,0.1054,362327.6,6379195.9,151.5309905,-32.7164209,233,103,0.0,0.0,0.0,0.0,0.0,1.0,0.0,0.0,0.0,2.0,3048,3.4,modelled_from_WPP_SA2,3.4,4.66,0.0,5.0,0.0,0.0
10602161516,106021615,Rutherford (North) - Aberglasslyn,core,1.0353,354997.0,6380838.0,151.4530501,-32.7006725,508,195,0.0,0.0,1.0,5.0,0.0,16.0,1.0,5.0,13.0,123.6,3048,211.6,modelled_from_WPP_SA2,211.6,162.66,6.5,108.0,30.0,25.0
10602161517,106021615,Rutherford (North) - Aberglasslyn,core,0.232,362378.8,6380302.1,151.5317002,-32.7064523,546,192,0.0,0.0,0.0,0.0,0.0,37.0,0.0,0.0,1.0,74.2,3048,127.0,modelled_from_WPP_SA2,127.0,10.92,0.0,185.0,0.0,0.0
10602161518,106021615,Rutherford (North) - Aberglasslyn,core,0.3577,363588.0,6382128.9,151.5448652,-32.6901282,490,168,0.0,0.0,0.0,0.0,0.0,0.0,0.0,0.0,0.0,0.0,3048,0.0,modelled_from_WPP_SA2,0.0,9.8,0.0,0.0,0.0,0.0
10602161519,106021615,Rutherford (North) - Aberglasslyn,core,0.4156,363279.7,6379675.7,151.5412174,-32.712213,825,246,0.0,1.0,0.0,0.0,0.0,4.0,0.0,2.0,2.0,14.4,3048,24.7,modelled_from_WPP_SA2,24.7,17.5,11.0,24.0,2.0,7.0
10602161520,106021615,Rutherford (North) - Aberglasslyn,core,1.2921,361483.5,6381662.5,151.522353,-32.6940716,482,170,0.0,0.0,0.0,0.0,0.0,63.0,0.0,0.0,0.0,126.0,3048,215.7,modelled_from_WPP_SA2,215.7,9.64,0.0,315.0,0.0,0.0
10602161521,106021615,Rutherford (North) - Aberglasslyn,core,0.5406,360633.8,6380409.7,151.5131042,-32.7052627,625,268,0.0,0.0,0.0,0.0,0.0,4.0,0.0,1.0,0.0,9.0,3048,15.4,modelled_from_WPP_SA2,15.4,13.0,0.5,21.0,1.0,1.0
10602161522,106021615,Rutherford (North) - Aberglasslyn,core,1.6592,362675.4,6382469.6,151.5351831,-32.6869427,570,203,0.0,0.0,0.0,0.0,0.0,6.0,0.0,1.0,0.0,13.0,3048,22.3,modelled_from_WPP_SA2,22.3,11.9,0.5,31.0,1.0,1.0
10602161523,106021615,Rutherford (North) - Aberglasslyn,core,0.1219,361274.1,6380655.6,151.5199698,-32.7031261,339,125,0.0,0.0,0.0,0.0,0.0,16.0,0.0,0.0,0.0,32.0,3048,54.8,modelled_from_WPP_SA2,54.8,6.78,0.0,80.0,0.0,0.0
10602161524,106021615,Rutherford (North) - Aberglasslyn,core,0.4056,361696.8,6380535.7,151.5244606,-32.7042598,248,96,0.0,0.0,0.0,0.0,0.0,26.0,0.0,0.0,2.0,52.4,3048,89.7,modelled_from_WPP_SA2,89.7,4.96,0.0,130.0,0.0,0.0
10602161525,106021615,Rutherford (North) - Aberglasslyn,core,0.1891,363032.8,6378979.7,151.5384807,-32.7184591,407,174,0.0,2.0,2.0,0.0,0.0,0.0,0.0,3.0,6.0,24.2,3048,41.4,modelled_from_WPP_SA2,41.4,9.64,29.5,17.0,3.0,23.0
10602161526,106021615,Rutherford (North) - Aberglasslyn,core,0.1822,360930.8,6380870.5,151.5163403,-32.7011443,308,102,0.0,0.0,0.0,0.0,0.0,1.0,0.0,1.0,1.0,3.2,3048,5.5,modelled_from_WPP_SA2,5.5,6.66,0.5,6.0,1.0,1.0
10602161527,106021615,Rutherford (North) - Aberglasslyn,core,0.1954,362936.6,6380376.6,151.5376609,-32.70585,514,155,0.0,0.0,0.0,0.0,0.0,0.0,0.0,0.0,0.0,0.0,3048,0.0,modelled_from_WPP_SA2,0.0,10.28,0.0,0.0,0.0,0.0
10602161528,106021615,Rutherford (North) - Aberglasslyn,core,0.1819,363091.6,6381072.0,151.5394158,-32.6995982,536,171,0.0,0.0,0.0,0.0,0.0,2.0,0.0,0.0,1.0,4.2,3048,7.2,modelled_from_WPP_SA2,7.2,10.72,0.0,10.0,0.0,0.0
10602161529,106021615,Rutherford (North) - Aberglasslyn,core,0.1485,363338.6,6379071.1,151.5417566,-32.7176726,336,204,0.0,0.0,0.0,0.0,0.0,0.0,0.0,22.0,0.0,22.0,3048,37.7,modelled_from_WPP_SA2,37.7,17.72,11.0,22.0,22.0,22.0
10602161530,106021615,Rutherford (North) - Aberglasslyn,core,0.1948,361304.3,6380373.7,151.5202495,-32.7056718,279,117,0.0,0.0,0.0,0.0,0.0,23.0,0.0,0.0,1.0,46.2,3048,79.1,modelled_from_WPP_SA2,79.1,5.58,0.0,115.0,0.0,0.0
10602161531,106021615,Rutherford (North) - Aberglasslyn,core,4.9798,364400.2,6379978.0,151.5532135,-32.7096253,202,76,0.0,0.0,0.0,0.0,0.0,44.0,2.0,24.0,1.0,118.2,3048,202.4,modelled_from_WPP_SA2,202.4,16.04,12.0,250.0,24.0,24.0
10602161532,106021615,Rutherford (North) - Aberglasslyn,core,0.1432,363157.3,6381757.4,151.5402175,-32.6934254,563,188,0.0,0.0,0.0,0.0,0.0,0.0,0.0,0.0,1.0,0.2,3048,0.3,modelled_from_WPP_SA2,0.3,11.26,0.0,0.0,0.0,0.0
10602161533,106021615,Rutherford (North) - Aberglasslyn,core,34.3913,356916.8,6384010.5,151.474012,-32.6723151,417,130,0.0,1.0,0.0,0.0,0.0,19.0,0.0,1.0,5.0,44.0,3048,75.3,modelled_from_WPP_SA2,75.3,8.84,10.5,98.0,1.0,6.0
10602161534,106021615,Rutherford (North) - Aberglasslyn,core,0.2088,361329.4,6381024.7,151.5206139,-32.6998044,588,212,0.0,0.0,0.0,0.0,0.0,7.0,0.0,0.0,0.0,14.0,3048,24.0,modelled_from_WPP_SA2,24.0,11.76,0.0,35.0,0.0,0.0
10602161535,106021615,Rutherford (North) - Aberglasslyn,core,15.5524,354374.5,6378544.1,151.4460528,-32.7212761,396,160,1.0,1.0,0.0,0.0,0.0,2.0,0.0,4.0,14.0,26.8,3048,45.9,modelled_from_WPP_SA2,45.9,9.92,12.0,16.0,14.0,12.0
10602161536,106021615,Rutherford (North) - Aberglasslyn,core,0.1564,362057.7,6380495.8,151.5283036,-32.7046655,416,148,0.0,0.0,0.0,0.0,0.0,51.0,0.0,0.0,0.0,102.0,3048,174.6,modelled_from_WPP_SA2,174.6,8.32,0.0,255.0,0.0,0.0
10602161537,106021615,Rutherford (North) - Aberglasslyn,core,0.2742,361688.9,6379835.8,151.5242725,-32.7105711,410,124,0.0,0.0,0.0,1.0,0.0,32.0,0.0,36.0,0.0,115.0,3048,196.9,modelled_from_WPP_SA2,196.9,56.2,18.0,199.0,41.0,39.0
10602161538,106021615,Rutherford (North) - Aberglasslyn,core,0.1688,361861.5,6379562.0,151.5260722,-32.7130615,378,188,0.0,0.0,0.0,1.0,0.0,22.0,0.0,2.0,2.0,61.4,3048,105.1,modelled_from_WPP_SA2,105.1,38.56,1.0,115.0,7.0,5.0
10602161539,106021615,Rutherford (North) - Aberglasslyn,core,0.1326,362589.0,6380097.9,151.5339113,-32.7083194,364,119,0.0,0.0,0.0,0.0,0.0,0.0,0.0,0.0,1.0,0.2,3048,0.3,modelled_from_WPP_SA2,0.3,7.28,0.0,0.0,0.0,0.0
10602161601,106021616,Rutherford (South) - Telarah,core,0.1268,362578.1,6378102.3,151.5335009,-32.7263139,317,135,0.0,0.0,0.0,1.0,0.0,0.0,0.0,1.0,0.0,16.0,5648,146.5,modelled_from_WPP_SA2,146.5,36.84,0.5,4.0,6.0,4.0
10602161602,106021616,Rutherford (South) - Telarah,core,0.2353,362885.2,6378243.2,151.5367978,-32.7250824,226,106,0.0,0.0,0.0,0.0,0.0,8.0,0.0,3.0,0.0,19.0,5648,174.0,modelled_from_WPP_SA2,174.0,6.0200000000000005,1.5,43.0,3.0,3.0
10602161603,106021616,Rutherford (South) - Telarah,core,0.5799,359964.0,6378704.0,151.5057032,-32.7205587,357,129,0.0,0.0,0.0,0.0,0.0,3.0,0.0,4.0,2.0,10.4,5648,95.2,modelled_from_WPP_SA2,95.2,9.14,2.0,19.0,4.0,4.0
10602161604,106021616,Rutherford (South) - Telarah,core,0.1839,361668.9,6379166.3,151.5239593,-32.7166055,409,155,0.0,0.0,0.0,0.0,0.0,3.0,1.0,0.0,2.0,9.4,5648,86.1,modelled_from_WPP_SA2,86.1,8.18,0.0,18.0,0.0,0.0
10602161605,106021616,Rutherford (South) - Telarah,core,0.2203,363332.4,6377617.5,151.5414772,-32.7307801,332,160,0.0,0.0,0.0,1.0,0.0,1.0,0.0,2.0,2.0,19.4,5648,177.6,modelled_from_WPP_SA2,177.6,37.64,1.0,10.0,7.0,5.0
10602161606,106021616,Rutherford (South) - Telarah,core,0.176,361334.2,6379347.8,151.5204165,-32.7149269,335,119,0.0,0.0,0.0,0.0,0.0,2.0,0.0,0.0,1.0,4.2,5648,38.5,modelled_from_WPP_SA2,38.5,6.7,0.0,10.0,0.0,0.0
10602161607,106021616,Rutherford (South) - Telarah,core,0.3489,362296.3,6377835.8,151.5304556,-32.7286827,415,193,0.0,5.0,1.0,0.0,1.0,0.0,0.0,0.0,4.0,34.8,5648,318.7,modelled_from_WPP_SA2,318.7,8.3,54.0,19.0,3.0,30.0
10602161608,106021616,Rutherford (South) - Telarah,core,0.1178,360958.6,6379066.9,151.5163677,-32.7174127,268,99,0.0,0.0,0.0,0.0,0.0,1.0,0.0,0.0,0.0,2.0,5648,18.3,modelled_from_WPP_SA2,18.3,5.36,0.0,5.0,0.0,0.0
10602161609,106021616,Rutherford (South) - Telarah,core,0.2584,362744.3,6378646.6,151.535354,-32.7214267,521,241,0.0,0.0,0.0,1.0,0.0,0.0,0.0,0.0,0.0,15.0,5648,137.4,modelled_from_WPP_SA2,137.4,40.42,0.0,3.0,5.0,3.0
10602161610,106021616,Rutherford (South) - Telarah,core,0.3038,363105.9,6377382.0,151.539026,-32.7328754,488,203,0.0,0.0,0.0,0.0,0.0,1.0,0.0,0.0,4.0,2.8,5648,25.6,modelled_from_WPP_SA2,25.6,9.76,0.0,5.0,0.0,0.0
10602161611,106021616,Rutherford (South) - Telarah,core,6.2543,359477.8,6379851.8,151.5006901,-32.7101469,6,0,6.0,43.0,2.0,0.0,0.0,10.0,0.0,47.0,14.0,325.8,5648,2983.3,modelled_from_WPP_SA2,2983.3,23.62,461.5,193.0,107.0,290.0
10602161612,106021616,Rutherford (South) - Telarah,core,0.164,362432.8,6378427.9,151.5319985,-32.7233604,447,210,0.0,0.0,0.0,0.0,0.0,3.0,0.0,0.0,1.0,6.2,5648,56.8,modelled_from_WPP_SA2,56.8,8.94,0.0,15.0,0.0,0.0
10602161613,106021616,Rutherford (South) - Telarah,core,0.2046,361101.8,6378434.7,151.5178009,-32.7231313,499,187,0.0,0.0,0.0,0.0,0.0,3.0,0.0,0.0,0.0,6.0,5648,54.9,modelled_from_WPP_SA2,54.9,9.98,0.0,15.0,0.0,0.0
10602161614,106021616,Rutherford (South) - Telarah,core,0.3285,362006.4,6378425.9,151.5274499,-32.7233249,535,211,0.0,0.0,0.0,3.0,0.0,11.0,0.0,2.0,0.0,69.0,5648,631.8,modelled_from_WPP_SA2,631.8,101.7,1.0,66.0,17.0,11.0
10602161615,106021616,Rutherford (South) - Telarah,core,14.0214,360656.3,6376941.9,151.5128249,-32.7365367,614,258,0.0,0.0,0.0,1.0,0.0,0.0,0.0,1.0,7.0,17.4,5648,159.3,modelled_from_WPP_SA2,159.3,42.78,0.5,4.0,6.0,4.0
10602161616,106021616,Rutherford (South) - Telarah,core,0.1478,361215.1,6378875.6,151.5190751,-32.7191698,383,163,0.0,0.0,0.0,0.0,0.0,8.0,0.0,0.0,1.0,16.2,5648,148.3,modelled_from_WPP_SA2,148.3,7.66,0.0,40.0,0.0,0.0
10602161617,106021616,Rutherford (South) - Telarah,core,0.4839,360571.0,6378617.8,151.5121652,-32.7214131,515,165,0.0,0.0,0.0,0.0,0.0,7.0,1.0,0.0,1.0,17.2,5648,157.5,modelled_from_WPP_SA2,157.5,10.3,0.0,38.0,0.0,0.0
10602161618,106021616,Rutherford (South) - Telarah,core,0.1828,361752.9,6378821.1,151.524804,-32.7197293,430,197,0.0,0.0,0.0,0.0,0.0,4.0,0.0,0.0,0.0,8.0,5648,73.3,modelled_from_WPP_SA2,73.3,8.6,0.0,20.0,0.0,0.0
10602161619,106021616,Rutherford (South) - Telarah,core,0.3821,361440.8,6378336.9,151.5214029,-32.7240567,666,234,0.0,0.0,0.0,0.0,0.0,9.0,0.0,0.0,0.0,18.0,5648,164.8,modelled_from_WPP_SA2,164.8,13.32,0.0,45.0,0.0,0.0
10602161620,106021616,Rutherford (South) - Telarah,core,14.5706,356241.8,6375778.0,151.4655444,-32.7464645,218,81,0.0,0.0,0.0,0.0,0.0,0.0,0.0,0.0,0.0,0.0,5648,0.0,modelled_from_WPP_SA2,0.0,4.36,0.0,0.0,0.0,0.0
10602161701,106021617,Tenambit - East Maitland,core,0.5464,370677.5,6377895.5,151.6198827,-32.7291606,749,382,0.0,0.0,0.0,0.0,0.0,6.0,0.0,4.0,0.0,16.0,1606,45.0,modelled_from_WPP_SA2,45.0,16.98,2.0,34.0,4.0,4.0
10602161702,106021617,Tenambit - East Maitland,core,0.1457,368951.3,6376051.5,151.6012056,-32.7455858,336,154,0.0,0.0,0.0,0.0,0.0,0.0,0.0,0.0,0.0,0.0,1606,0.0,modelled_from_WPP_SA2,0.0,6.72,0.0,0.0,0.0,0.0
10602161703,106021617,Tenambit - East Maitland,core,0.2686,370251.7,6377288.7,151.6152547,-32.7345824,802,297,0.0,0.0,0.0,0.0,0.0,0.0,0.0,0.0,0.0,0.0,1606,0.0,modelled_from_WPP_SA2,0.0,16.04,0.0,0.0,0.0,0.0
10602161704,106021617,Tenambit - East Maitland,core,0.3675,369639.9,6376088.6,151.6085587,-32.7453332,518,220,0.0,3.0,3.0,1.0,1.0,7.0,0.0,6.0,1.0,73.2,1606,206.0,modelled_from_WPP_SA2,206.0,43.36,45.0,69.0,14.0,39.0
10602161705,106021617,Tenambit - East Maitland,core,0.1926,369645.2,6376440.4,151.6086646,-32.7421607,453,191,0.0,0.0,0.0,1.0,0.0,0.0,0.0,0.0,0.0,15.0,1606,42.2,modelled_from_WPP_SA2,42.2,39.06,0.0,3.0,5.0,3.0
10602161706,106021617,Tenambit - East Maitland,core,0.2669,368971.7,6376748.0,151.6015212,-32.7393068,533,247,0.0,0.0,0.0,1.0,0.0,6.0,0.0,1.0,0.0,28.0,1606,78.8,modelled_from_WPP_SA2,78.8,41.16,0.5,34.0,6.0,4.0
10602161707,106021617,Tenambit - East Maitland,core,0.2159,369704.8,6376829.3,151.609356,-32.7386609,544,229,0.0,0.0,0.0,0.0,0.0,2.0,0.0,0.0,1.0,4.2,1606,11.8,modelled_from_WPP_SA2,11.8,10.88,0.0,10.0,0.0,0.0
10602161708,106021617,Tenambit - East Maitland,core,0.3068,371308.7,6378333.5,151.6266773,-32.7252848,366,180,0.0,3.0,4.0,2.0,0.0,5.0,2.0,6.0,2.0,88.4,1606,248.8,modelled_from_WPP_SA2,248.8,70.32,49.0,69.0,16.0,47.0
10602161709,106021617,Tenambit - East Maitland,core,0.112,370281.8,6376844.2,151.6155149,-32.7385947,309,104,0.0,0.0,0.0,0.0,0.0,1.0,0.0,0.0,0.0,2.0,1606,5.6,modelled_from_WPP_SA2,5.6,6.18,0.0,5.0,0.0,0.0
10602161710,106021617,Tenambit - East Maitland,core,5.9169,368594.0,6377840.4,151.5976453,-32.7294104,74,25,0.0,0.0,0.0,0.0,0.0,2.0,0.0,2.0,1.0,6.2,1606,17.5,modelled_from_WPP_SA2,17.5,2.48,1.0,12.0,2.0,2.0
10602161711,106021617,Tenambit - East Maitland,core,0.1558,368173.3,6375784.9,151.5928656,-32.7478969,338,176,0.0,0.0,0.0,0.0,0.0,2.0,0.0,0.0,0.0,4.0,1606,11.3,modelled_from_WPP_SA2,11.3,6.76,0.0,10.0,0.0,0.0
10602161712,106021617,Tenambit - East Maitland,core,0.3482,368056.7,6376139.1,151.5916716,-32.7446886,466,218,0.0,0.0,1.0,1.0,0.0,8.0,1.0,16.0,3.0,56.6,1606,159.3,modelled_from_WPP_SA2,159.3,47.32,12.0,67.0,21.0,24.0
10602161713,106021617,Tenambit - East Maitland,core,0.3616,369515.3,6377356.3,151.6074077,-32.7338861,666,238,0.0,0.0,0.0,0.0,0.0,4.0,0.0,6.0,0.0,14.0,1606,39.4,modelled_from_WPP_SA2,39.4,16.32,3.0,26.0,6.0,6.0
10602161714,106021617,Tenambit - East Maitland,core,0.3203,368672.3,6375873.8,151.598203,-32.7471547,557,262,0.0,0.0,0.0,1.0,0.0,12.0,0.0,2.0,1.0,41.2,1606,116.0,modelled_from_WPP_SA2,116.0,42.14,1.0,65.0,7.0,5.0
10602161715,106021617,Tenambit - East Maitland,core,0.1818,368423.8,6375488.6,151.5954969,-32.7505989,398,185,0.0,0.0,0.0,0.0,0.0,1.0,0.0,6.0,0.0,8.0,1606,22.5,modelled_from_WPP_SA2,22.5,10.96,3.0,11.0,6.0,6.0
10602161716,106021617,Tenambit - East Maitland,core,0.2106,369301.7,6376736.1,151.6050416,-32.7394537,435,190,0.0,0.0,0.0,1.0,0.0,2.0,0.0,0.0,0.0,19.0,1606,53.5,modelled_from_WPP_SA2,53.5,38.7,0.0,13.0,5.0,3.0
10602161717,106021617,Tenambit - East Maitland,core,0.1246,370274.3,6376672.0,151.6154108,-32.7401463,357,135,0.0,0.0,0.0,0.0,0.0,2.0,0.0,0.0,0.0,4.0,1606,11.3,modelled_from_WPP_SA2,11.3,7.140000000000001,0.0,10.0,0.0,0.0
10602161718,106021617,Tenambit - East Maitland,core,1.6374,372486.2,6378351.1,151.6392431,-32.725263,557,249,0.0,0.0,0.0,1.0,0.0,8.0,0.0,4.0,1.0,35.2,1606,99.1,modelled_from_WPP_SA2,99.1,43.14,2.0,47.0,9.0,7.0
10602161719,106021617,Tenambit - East Maitland,core,0.5673,369917.4,6377861.1,151.6117677,-32.7293814,597,201,0.0,0.0,0.0,0.0,0.0,25.0,1.0,1.0,1.0,54.2,1606,152.6,modelled_from_WPP_SA2,152.6,12.44,0.5,129.0,1.0,1.0
10602161720,106021617,Tenambit - East Maitland,core,0.6253,369389.0,6375519.0,151.6058017,-32.7504401,0,0,0.0,0.0,0.0,0.0,0.0,1.0,0.0,0.0,0.0,2.0,1606,5.6,modelled_from_WPP_SA2,5.6,0.0,0.0,5.0,0.0,0.0
10602161721,106021617,Tenambit - East Maitland,core,0.2813,368556.6,6376505.4,151.5970581,-32.7414451,526,223,0.0,0.0,0.0,0.0,0.0,6.0,0.0,2.0,1.0,14.2,1606,40.0,modelled_from_WPP_SA2,40.0,11.52,1.0,32.0,2.0,2.0
10602161722,106021617,Tenambit - East Maitland,core,3.9687,370554.3,6376076.2,151.6183148,-32.7455522,156,83,0.0,0.0,1.0,0.0,0.0,17.0,0.0,26.0,1.0,66.2,1606,186.3,modelled_from_WPP_SA2,186.3,16.12,17.0,116.0,26.0,31.0
10602161723,106021617,Tenambit - East Maitland,core,0.1527,370113.0,6376369.3,151.6136472,-32.7428575,344,143,0.0,0.0,0.0,1.0,0.0,2.0,0.0,0.0,0.0,19.0,1606,53.5,modelled_from_WPP_SA2,53.5,36.88,0.0,13.0,5.0,3.0
10602161801,106021618,Thornton - Millers Forest,core,0.3873,373233.9,6371683.1,151.6463106,-32.7854822,512,234,0.0,0.0,0.0,0.0,0.0,0.0,0.0,1.0,0.0,1.0,5760,4.4,modelled_from_WPP_SA2,4.4,10.74,0.5,1.0,1.0,1.0
10602161802,106021618,Thornton - Millers Forest,core,13.9579,374680.3,6375006.0,151.6622002,-32.7556816,287,120,0.0,0.0,0.0,0.0,0.0,36.0,0.0,8.0,1.0,80.2,5760,354.3,modelled_from_WPP_SA2,354.3,9.74,4.0,188.0,8.0,8.0
10602161803,106021618,Thornton - Millers Forest,core,0.1993,373558.0,6372586.7,151.649894,-32.7773706,485,152,0.0,0.0,0.0,0.0,0.0,2.0,0.0,0.0,1.0,4.2,5760,18.6,modelled_from_WPP_SA2,18.6,9.700000000000001,0.0,10.0,0.0,0.0
10602161804,106021618,Thornton - Millers Forest,core,4.2539,370670.8,6370513.8,151.6187831,-32.7957287,207,69,0.0,0.0,0.0,0.0,0.0,7.0,0.0,0.0,1.0,14.2,5760,62.7,modelled_from_WPP_SA2,62.7,4.14,0.0,35.0,0.0,0.0
10602161805,106021618,Thornton - Millers Forest,core,0.4507,372204.7,6374400.5,151.6356969,-32.760857,380,119,1.0,0.0,1.0,0.0,0.0,42.0,0.0,12.0,1.0,114.2,5760,504.5,modelled_from_WPP_SA2,504.5,13.600000000000001,10.0,227.0,22.0,20.0
10602161806,106021618,Thornton - Millers Forest,core,0.2023,373272.1,6372112.2,151.6467763,-32.7816169,585,211,0.0,0.0,0.0,0.0,0.0,0.0,0.0,0.0,0.0,0.0,5760,0.0,modelled_from_WPP_SA2,0.0,11.700000000000001,0.0,0.0,0.0,0.0
10602161807,106021618,Thornton - Millers Forest,core,0.1391,371447.1,6374908.1,151.6276806,-32.7561916,483,157,0.0,0.0,0.0,0.0,0.0,29.0,0.0,0.0,0.0,58.0,5760,256.2,modelled_from_WPP_SA2,256.2,9.66,0.0,145.0,0.0,0.0
10602161808,106021618,Thornton - Millers Forest,core,2.3464,372348.7,6371320.2,151.6368096,-32.7886529,0,0,1.0,7.0,6.0,1.0,5.0,7.0,1.0,27.0,8.0,176.6,5760,780.2,modelled_from_WPP_SA2,780.2,43.5,107.5,132.0,57.0,98.0
10602161809,106021618,Thornton - Millers Forest,core,0.2097,372102.3,6372506.0,151.6343429,-32.77793,440,189,0.0,0.0,0.0,0.0,0.0,1.0,0.0,0.0,0.0,2.0,5760,8.8,modelled_from_WPP_SA2,8.8,8.8,0.0,5.0,0.0,0.0
10602161810,106021618,Thornton - Millers Forest,core,0.1185,374331.8,6373062.8,151.658218,-32.7731661,384,137,0.0,0.0,0.0,0.0,0.0,0.0,0.0,0.0,0.0,0.0,5760,0.0,modelled_from_WPP_SA2,0.0,7.68,0.0,0.0,0.0,0.0
10602161811,106021618,Thornton - Millers Forest,core,0.1716,372675.7,6372655.3,151.6404839,-32.7766506,315,115,3.0,13.0,8.0,4.0,4.0,10.0,0.0,4.0,0.0,252.0,5760,1113.3,modelled_from_WPP_SA2,1113.3,128.3,164.0,148.0,66.0,130.0
10602161812,106021618,Thornton - Millers Forest,core,0.1893,373149.2,6372536.2,151.6455227,-32.7777792,408,154,0.0,1.0,0.0,0.0,0.0,0.0,0.0,0.0,0.0,4.0,5760,17.7,modelled_from_WPP_SA2,17.7,8.16,10.0,2.0,0.0,5.0
10602161813,106021618,Thornton - Millers Forest,core,0.1162,373328.1,6372994.7,151.6474946,-32.773665,306,108,0.0,0.0,0.0,0.0,0.0,1.0,0.0,2.0,0.0,4.0,5760,17.7,modelled_from_WPP_SA2,17.7,7.12,1.0,7.0,2.0,2.0
10602161814,106021618,Thornton - Millers Forest,core,0.4386,371750.1,6374086.6,151.6308007,-32.7636352,176,63,0.0,0.0,0.0,0.0,0.0,4.0,0.0,0.0,0.0,8.0,5760,35.3,modelled_from_WPP_SA2,35.3,3.52,0.0,20.0,0.0,0.0
10602161815,106021618,Thornton - Millers Forest,core,0.1333,373964.0,6373437.3,151.6543432,-32.7697468,430,142,0.0,0.0,0.0,0.0,0.0,8.0,0.0,3.0,0.0,19.0,5760,83.9,modelled_from_WPP_SA2,83.9,10.1,1.5,43.0,3.0,3.0
10602161816,106021618,Thornton - Millers Forest,core,0.1624,372981.8,6372847.4,151.6437777,-32.7749531,472,171,0.0,0.0,0.0,0.0,0.0,0.0,0.0,0.0,0.0,0.0,5760,0.0,modelled_from_WPP_SA2,0.0,9.44,0.0,0.0,0.0,0.0
10602161817,106021618,Thornton - Millers Forest,core,2.0731,372082.6,6375838.9,151.6345908,-32.7478715,749,230,0.0,0.0,0.0,0.0,0.0,41.0,0.0,1.0,3.0,83.6,5760,369.3,modelled_from_WPP_SA2,369.3,15.48,0.5,206.0,1.0,1.0
10602161818,106021618,Thornton - Millers Forest,core,0.2741,371333.0,6374146.5,151.6263572,-32.7630463,613,184,0.0,0.0,0.0,0.0,0.0,38.0,0.0,8.0,0.0,84.0,5760,371.1,modelled_from_WPP_SA2,371.1,16.259999999999998,4.0,198.0,8.0,8.0
10602161819,106021618,Thornton - Millers Forest,core,0.1485,373817.2,6371757.9,151.6525477,-32.7848753,494,160,0.0,0.0,0.0,0.0,0.0,0.0,0.0,0.0,0.0,0.0,5760,0.0,modelled_from_WPP_SA2,0.0,9.88,0.0,0.0,0.0,0.0
10602161820,106021618,Thornton - Millers Forest,core,1.6086,371124.0,6372816.5,151.6239421,-32.7750159,317,86,0.0,0.0,0.0,0.0,0.0,0.0,0.0,0.0,1.0,0.2,5760,0.9,modelled_from_WPP_SA2,0.9,6.34,0.0,0.0,0.0,0.0
10602161821,106021618,Thornton - Millers Forest,core,0.2096,372702.4,6373071.4,151.6408264,-32.7729014,633,226,0.0,0.0,0.0,0.0,0.0,0.0,0.0,0.0,0.0,0.0,5760,0.0,modelled_from_WPP_SA2,0.0,12.66,0.0,0.0,0.0,0.0
10602161822,106021618,Thornton - Millers Forest,core,0.181,372231.0,6373094.0,151.6357976,-32.7726425,479,180,0.0,0.0,0.0,0.0,0.0,0.0,0.0,0.0,0.0,0.0,5760,0.0,modelled_from_WPP_SA2,0.0,9.58,0.0,0.0,0.0,0.0
10602161823,106021618,Thornton - Millers Forest,core,0.2026,371112.3,6375095.2,151.6241338,-32.7544652,557,176,0.0,0.0,0.0,0.0,0.0,38.0,0.0,0.0,0.0,76.0,5760,335.8,modelled_from_WPP_SA2,335.8,11.14,0.0,190.0,0.0,0.0
10602161824,106021618,Thornton - Millers Forest,core,0.0784,373348.8,6374019.9,151.6478553,-32.7644222,253,108,0.0,0.0,0.0,0.0,0.0,0.0,0.0,0.0,0.0,0.0,5760,0.0,modelled_from_WPP_SA2,0.0,5.0600000000000005,0.0,0.0,0.0,0.0
10602161825,106021618,Thornton - Millers Forest,core,0.3453,373825.7,6372997.2,151.6528074,-32.7736999,608,182,0.0,0.0,0.0,0.0,0.0,0.0,0.0,0.0,0.0,0.0,5760,0.0,modelled_from_WPP_SA2,0.0,12.16,0.0,0.0,0.0,0.0
10602161826,106021618,Thornton - Millers Forest,core,27.7958,378048.8,6374717.3,151.6981139,-32.7586638,357,126,0.0,0.0,0.0,1.0,0.0,4.0,0.0,3.0,0.0,26.0,5760,114.9,modelled_from_WPP_SA2,114.9,38.64,1.5,26.0,8.0,6.0
10602161827,106021618,Thornton - Millers Forest,core,0.1006,373321.8,6373850.1,151.6475444,-32.7659498,401,158,0.0,0.0,0.0,0.0,0.0,0.0,0.0,0.0,0.0,0.0,5760,0.0,modelled_from_WPP_SA2,0.0,8.02,0.0,0.0,0.0,0.0
10602161828,106021618,Thornton - Millers Forest,core,0.1443,373937.4,6372649.6,151.6539517,-32.7768475,395,123,0.0,0.0,0.0,0.0,0.0,0.0,0.0,0.0,0.0,0.0,5760,0.0,modelled_from_WPP_SA2,0.0,7.9,0.0,0.0,0.0,0.0
10602161829,106021618,Thornton - Millers Forest,core,2.054,373138.0,6374839.5,151.6457171,-32.7570068,218,81,0.0,0.0,0.0,0.0,0.0,0.0,0.0,1.0,2.0,1.4,5760,6.2,modelled_from_WPP_SA2,6.2,4.86,0.5,1.0,1.0,1.0
10602161830,106021618,Thornton - Millers Forest,core,0.2014,373676.0,6373803.2,151.6513188,-32.7664141,258,153,0.0,0.0,0.0,0.0,0.0,0.0,0.0,4.0,1.0,4.2,5760,18.6,modelled_from_WPP_SA2,18.6,7.16,2.0,4.0,4.0,4.0
10602161831,106021618,Thornton - Millers Forest,core,1.7086,373086.6,6373344.0,151.6449646,-32.770487,597,208,0.0,0.0,0.0,0.0,0.0,18.0,0.0,2.0,0.0,38.0,5760,167.9,modelled_from_WPP_SA2,167.9,12.94,1.0,92.0,2.0,2.0
10602161832,106021618,Thornton - Millers Forest,core,0.2968,371896.3,6375284.1,151.6325264,-32.7528529,532,174,0.0,0.0,0.0,2.0,0.0,30.0,0.0,7.0,0.0,97.0,5760,428.5,modelled_from_WPP_SA2,428.5,74.14,3.5,163.0,17.0,13.0
10602161833,106021618,Thornton - Millers Forest,core,0.1705,373720.7,6372094.1,151.6515628,-32.7818324,500,160,0.0,0.0,0.0,0.0,0.0,0.0,0.0,0.0,0.0,0.0,5760,0.0,modelled_from_WPP_SA2,0.0,10.0,0.0,0.0,0.0,0.0
10602161834,106021618,Thornton - Millers Forest,core,0.1907,372250.8,6372752.3,151.6359617,-32.7757263,517,203,0.0,0.0,0.0,0.0,0.0,1.0,0.0,0.0,0.0,2.0,5760,8.8,modelled_from_WPP_SA2,8.8,10.34,0.0,5.0,0.0,0.0
10602161835,106021618,Thornton - Millers Forest,core,0.1298,371699.6,6374838.5,151.6303659,-32.7568485,427,133,0.0,0.0,0.0,0.0,0.0,32.0,0.0,2.0,0.0,66.0,5760,291.6,modelled_from_WPP_SA2,291.6,9.540000000000001,1.0,162.0,2.0,2.0
10602161836,106021618,Thornton - Millers Forest,core,1.2009,370759.6,6375026.4,151.6203598,-32.7550436,0,0,0.0,0.0,0.0,0.0,0.0,4.0,0.0,4.0,0.0,12.0,5760,53.0,modelled_from_WPP_SA2,53.0,2.0,2.0,24.0,4.0,4.0
10602161837,106021618,Thornton - Millers Forest,core,0.1554,371188.0,6374596.7,151.6248723,-32.7589695,438,127,0.0,0.0,0.0,0.0,0.0,18.0,0.0,0.0,0.0,36.0,5760,159.0,modelled_from_WPP_SA2,159.0,8.76,0.0,90.0,0.0,0.0
10602161838,106021618,Thornton - Millers Forest,core,0.1055,374297.6,6373495.0,151.657912,-32.7692649,400,137,0.0,0.0,0.0,0.0,0.0,0.0,0.0,0.0,0.0,0.0,5760,0.0,modelled_from_WPP_SA2,0.0,8.0,0.0,0.0,0.0,0.0
10602161839,106021618,Thornton - Millers Forest,core,0.2183,372726.3,6372206.9,151.6409634,-32.7807001,278,123,0.0,0.0,0.0,1.0,0.0,8.0,0.0,9.0,0.0,40.0,5760,176.7,modelled_from_WPP_SA2,176.7,40.06,4.5,52.0,14.0,12.0
10603111901,106031119,Anna Bay,core,0.4141,414854.8,6372164.2,152.0907489,-32.7851577,311,130,0.0,0.0,0.0,0.0,0.0,0.0,0.0,0.0,0.0,0.0,1058,51.0,modelled_from_WPP_SA2,51.0,6.22,0.0,0.0,0.0,0.0
10603111902,106031119,Anna Bay,core,0.1245,414974.4,6372818.4,152.0920857,-32.7792668,412,147,0.0,0.0,0.0,0.0,0.0,0.0,0.0,0.0,0.0,0.0,1058,67.5,modelled_from_WPP_SA2,67.5,8.24,0.0,0.0,0.0,0.0
10603111903,106031119,Anna Bay,core,0.5331,416552.7,6371759.2,152.1088419,-32.7889408,590,294,0.0,0.0,0.0,0.0,0.0,0.0,0.0,0.0,0.0,0.0,1058,96.7,modelled_from_WPP_SA2,96.7,11.8,0.0,0.0,0.0,0.0
10603111904,106031119,Anna Bay,core,0.4631,416554.7,6372524.0,152.108932,-32.7820434,356,177,0.0,0.0,0.0,0.0,0.0,0.0,0.0,0.0,0.0,0.0,1058,58.3,modelled_from_WPP_SA2,58.3,7.12,0.0,0.0,0.0,0.0
10603111906,106031119,Anna Bay,core,32.603,406243.3,6372027.5,151.9987856,-32.7856896,337,134,0.0,0.0,0.0,0.0,0.0,0.0,0.0,0.0,0.0,0.0,1058,55.2,modelled_from_WPP_SA2,55.2,6.74,0.0,0.0,0.0,0.0
10603111907,106031119,Anna Bay,core,6.3763,414437.7,6375377.9,152.0865916,-32.7561396,572,300,0.0,0.0,0.0,0.0,0.0,0.0,0.0,0.0,0.0,0.0,1058,93.7,modelled_from_WPP_SA2,93.7,11.44,0.0,0.0,0.0,0.0
10603111908,106031119,Anna Bay,core,0.6315,417353.3,6372279.6,152.1174374,-32.7843082,0,0,0.0,0.0,0.0,0.0,0.0,0.0,0.0,0.0,0.0,0.0,1058,0.0,modelled_from_WPP_SA2,0.0,0.0,0.0,0.0,0.0,0.0
10603111909,106031119,Anna Bay,core,0.1328,413005.4,6373723.3,152.0711481,-32.7709508,272,147,0.0,0.0,0.0,0.0,0.0,0.0,0.0,0.0,0.0,0.0,1058,44.6,modelled_from_WPP_SA2,44.6,5.44,0.0,0.0,0.0,0.0
10603111910,106031119,Anna Bay,core,13.1529,408340.7,6375047.5,152.0214786,-32.758628,481,212,0.0,0.0,0.0,0.0,0.0,0.0,0.0,0.0,0.0,0.0,1058,78.8,modelled_from_WPP_SA2,78.8,9.620000000000001,0.0,0.0,0.0,0.0
10603111911,106031119,Anna Bay,core,0.1416,413948.2,6372625.5,152.0811112,-32.7809264,196,118,0.0,0.0,0.0,0.0,0.0,0.0,0.0,0.0,0.0,0.0,1058,32.1,modelled_from_WPP_SA2,32.1,3.92,0.0,0.0,0.0,0.0
10603111912,106031119,Anna Bay,core,0.3765,414201.6,6371998.7,152.0837591,-32.7866003,277,165,0.0,0.0,0.0,0.0,0.0,0.0,0.0,0.0,0.0,0.0,1058,45.4,modelled_from_WPP_SA2,45.4,5.54,0.0,0.0,0.0,0.0
10603111913,106031119,Anna Bay,core,0.1724,414631.5,6372893.7,152.0884315,-32.7785611,410,154,0.0,0.0,0.0,0.0,0.0,0.0,0.0,0.0,0.0,0.0,1058,67.2,modelled_from_WPP_SA2,67.2,8.2,0.0,0.0,0.0,0.0
10603111914,106031119,Anna Bay,core,0.1502,414421.8,6372496.9,152.0861558,-32.7821233,356,144,0.0,0.0,0.0,0.0,0.0,0.0,0.0,0.0,0.0,0.0,1058,58.3,modelled_from_WPP_SA2,58.3,7.12,0.0,0.0,0.0,0.0
10603111915,106031119,Anna Bay,core,0.2599,414189.7,6372589.8,152.0836867,-32.7812675,508,247,0.0,0.0,0.0,0.0,0.0,0.0,0.0,0.0,0.0,0.0,1058,83.3,modelled_from_WPP_SA2,83.3,10.16,0.0,0.0,0.0,0.0
10603111916,106031119,Anna Bay,core,0.1715,414400.7,6373103.1,152.085987,-32.7766539,399,153,0.0,0.0,0.0,0.0,0.0,0.0,0.0,0.0,0.0,0.0,1058,65.4,modelled_from_WPP_SA2,65.4,7.98,0.0,0.0,0.0,0.0
10603111917,106031119,Anna Bay,core,1.2166,415663.2,6372084.5,152.0993734,-32.7859393,0,0,0.0,0.0,0.0,0.0,0.0,0.0,0.0,0.0,0.0,0.0,1058,0.0,modelled_from_WPP_SA2,0.0,0.0,0.0,0.0,0.0,0.0
10603111918,106031119,Anna Bay,core,1.1817,416611.9,6373484.7,152.1096291,-32.7733822,317,100,0.0,0.0,0.0,0.0,0.0,0.0,0.0,0.0,0.0,0.0,1058,51.9,modelled_from_WPP_SA2,51.9,6.34,0.0,0.0,0.0,0.0
10603111919,106031119,Anna Bay,core,3.0846,417759.5,6374758.2,152.121994,-32.7619823,0,0,0.0,0.0,0.0,0.0,0.0,0.0,0.0,0.0,0.0,0.0,1058,0.0,modelled_from_WPP_SA2,0.0,0.0,0.0,0.0,0.0,0.0
10603111921,106031119,Anna Bay,core,0.1242,417189.4,6374121.8,152.1158522,-32.7676796,120,62,0.0,0.0,0.0,0.0,0.0,0.0,0.0,0.0,0.0,0.0,1058,19.7,modelled_from_WPP_SA2,19.7,2.4,0.0,0.0,0.0,0.0
10603111922,106031119,Anna Bay,core,6.6981,415520.8,6374321.5,152.0980569,-32.7657513,542,247,0.0,0.0,0.0,0.0,0.0,0.0,0.0,0.0,0.0,0.0,1058,88.8,modelled_from_WPP_SA2,88.8,10.84,0.0,0.0,0.0,0.0
10603112001,106031120,Lemon Tree Passage - Tanilba Bay,core,3.5543,408400.4,6377862.6,152.0223939,-32.7332425,26,14,0.0,0.0,0.0,0.0,0.0,0.0,0.0,0.0,0.0,0.0,947,3.6,modelled_from_WPP_SA2,3.6,0.52,0.0,0.0,0.0,0.0
10603112002,106031120,Lemon Tree Passage - Tanilba Bay,core,0.2507,409850.6,6377494.1,152.0378335,-32.7366857,363,181,0.0,0.0,0.0,0.0,0.0,0.0,0.0,0.0,0.0,0.0,947,50.0,modelled_from_WPP_SA2,50.0,7.26,0.0,0.0,0.0,0.0
10603112003,106031120,Lemon Tree Passage - Tanilba Bay,core,0.1609,409354.8,6377632.9,152.0325554,-32.735393,285,146,0.0,0.0,0.0,0.0,0.0,0.0,0.0,0.0,0.0,0.0,947,39.3,modelled_from_WPP_SA2,39.3,5.7,0.0,0.0,0.0,0.0
10603112004,106031120,Lemon Tree Passage - Tanilba Bay,core,0.5002,408712.7,6377357.1,152.0256762,-32.737828,463,230,0.0,0.0,0.0,0.0,0.0,0.0,0.0,0.0,0.0,0.0,947,63.8,modelled_from_WPP_SA2,63.8,9.26,0.0,0.0,0.0,0.0
10603112005,106031120,Lemon Tree Passage - Tanilba Bay,core,21.2885,405380.5,6375725.3,151.9899505,-32.7522644,8,3,0.0,0.0,0.0,0.0,0.0,0.0,0.0,0.0,0.0,0.0,947,1.1,modelled_from_WPP_SA2,1.1,0.16,0.0,0.0,0.0,0.0
10603112006,106031120,Lemon Tree Passage - Tanilba Bay,core,0.3924,406248.2,6377756.1,151.9994165,-32.7340215,607,263,0.0,0.0,0.0,0.0,0.0,0.0,0.0,0.0,0.0,0.0,947,83.6,modelled_from_WPP_SA2,83.6,12.14,0.0,0.0,0.0,0.0
10603112007,106031120,Lemon Tree Passage - Tanilba Bay,core,0.2286,407669.6,6378907.4,152.0146984,-32.7237584,254,122,0.0,0.0,0.0,0.0,0.0,0.0,0.0,0.0,0.0,0.0,947,35.0,modelled_from_WPP_SA2,35.0,5.08,0.0,0.0,0.0,0.0
10603112008,106031120,Lemon Tree Passage - Tanilba Bay,core,0.2625,406323.7,6378219.1,152.0002691,-32.7298522,587,258,0.0,0.0,0.0,0.0,0.0,0.0,0.0,0.0,0.0,0.0,947,80.9,modelled_from_WPP_SA2,80.9,11.74,0.0,0.0,0.0,0.0
10603112009,106031120,Lemon Tree Passage - Tanilba Bay,core,0.6728,406964.8,6378133.6,152.0071009,-32.7306777,796,319,0.0,0.0,0.0,0.0,0.0,0.0,0.0,0.0,0.0,0.0,947,109.6,modelled_from_WPP_SA2,109.6,15.92,0.0,0.0,0.0,0.0
10603112010,106031120,Lemon Tree Passage - Tanilba Bay,core,0.2995,407557.6,6378224.7,152.0134356,-32.729906,611,263,0.0,0.0,0.0,0.0,0.0,0.0,0.0,0.0,0.0,0.0,947,84.2,modelled_from_WPP_SA2,84.2,12.22,0.0,0.0,0.0,0.0
10603112011,106031120,Lemon Tree Passage - Tanilba Bay,core,0.174,409822.8,6378264.6,152.0376111,-32.7297344,263,123,0.0,0.0,0.0,0.0,0.0,0.0,0.0,0.0,0.0,0.0,947,36.2,modelled_from_WPP_SA2,36.2,5.26,0.0,0.0,0.0,0.0
10603112012,106031120,Lemon Tree Passage - Tanilba Bay,core,0.2345,409242.5,6378244.7,152.0314167,-32.7298663,370,147,0.0,0.0,0.0,0.0,0.0,0.0,0.0,0.0,0.0,0.0,947,51.0,modelled_from_WPP_SA2,51.0,7.4,0.0,0.0,0.0,0.0
10603112013,106031120,Lemon Tree Passage - Tanilba Bay,core,0.2396,409422.9,6378556.6,152.0333726,-32.7270678,427,206,0.0,0.0,0.0,0.0,0.0,0.0,0.0,0.0,0.0,0.0,947,58.8,modelled_from_WPP_SA2,58.8,8.540000000000001,0.0,0.0,0.0,0.0
10603112014,106031120,Lemon Tree Passage - Tanilba Bay,core,0.2584,409831.8,6377856.5,152.0376684,-32.7334154,499,233,0.0,0.0,0.0,0.0,0.0,0.0,0.0,0.0,0.0,0.0,947,68.7,modelled_from_WPP_SA2,68.7,9.98,0.0,0.0,0.0,0.0
10603112015,106031120,Lemon Tree Passage - Tanilba Bay,core,0.2117,405622.1,6379041.1,151.9928658,-32.7223785,228,117,0.0,0.0,0.0,0.0,0.0,0.0,0.0,0.0,0.0,0.0,947,31.4,modelled_from_WPP_SA2,31.4,4.5600000000000005,0.0,0.0,0.0,0.0
10603112016,106031120,Lemon Tree Passage - Tanilba Bay,core,0.2698,405547.4,6377616.5,151.9919239,-32.7352211,558,225,0.0,0.0,0.0,0.0,0.0,0.0,0.0,0.0,0.0,0.0,947,76.9,modelled_from_WPP_SA2,76.9,11.16,0.0,0.0,0.0,0.0
10603112017,106031120,Lemon Tree Passage - Tanilba Bay,core,0.6547,406398.5,6376806.7,152.0009246,-32.7425981,5,0,0.0,0.0,0.0,0.0,0.0,0.0,0.0,0.0,0.0,0.0,947,0.7,modelled_from_WPP_SA2,0.7,0.1,0.0,0.0,0.0,0.0
10603112018,106031120,Lemon Tree Passage - Tanilba Bay,core,0.3118,405894.1,6378137.1,151.9956758,-32.7305554,525,224,0.0,0.0,0.0,0.0,0.0,0.0,0.0,0.0,0.0,0.0,947,72.3,modelled_from_WPP_SA2,72.3,10.5,0.0,0.0,0.0,0.0
10603112101,106031121,Nelson Bay Peninsula,core,1.0798,414050.8,6377247.4,152.0826345,-32.7392473,588,321,0.0,0.0,0.0,0.0,0.0,0.0,0.0,0.0,0.0,0.0,7303,0.0,modelled_from_WPP_SA2,0.0,11.76,0.0,0.0,0.0,0.0
10603112102,106031121,Nelson Bay Peninsula,core,0.4931,412319.7,6381211.9,152.0645333,-32.703352,487,422,0.0,0.0,0.0,0.0,0.0,1.0,0.0,0.0,0.0,2.0,7303,7303.0,modelled_from_WPP_SA2,7303.0,9.74,0.0,5.0,0.0,0.0
10603112103,106031121,Nelson Bay Peninsula,core,0.3024,412184.4,6380362.4,152.0630095,-32.7110034,407,174,0.0,0.0,0.0,0.0,0.0,0.0,0.0,0.0,0.0,0.0,7303,0.0,modelled_from_WPP_SA2,0.0,8.14,0.0,0.0,0.0,0.0
10603112104,106031121,Nelson Bay Peninsula,core,0.1435,412463.8,6380577.3,152.0660109,-32.7090874,273,132,0.0,0.0,0.0,0.0,0.0,0.0,0.0,0.0,0.0,0.0,7303,0.0,modelled_from_WPP_SA2,0.0,5.46,0.0,0.0,0.0,0.0
10603112105,106031121,Nelson Bay Peninsula,core,0.1117,412946.9,6380019.1,152.071113,-32.7141611,300,143,0.0,0.0,0.0,0.0,0.0,0.0,0.0,0.0,0.0,0.0,7303,0.0,modelled_from_WPP_SA2,0.0,6.0,0.0,0.0,0.0,0.0
10603112106,106031121,Nelson Bay Peninsula,core,0.3763,413111.5,6379665.6,152.0728354,-32.7173619,600,421,0.0,0.0,0.0,0.0,0.0,0.0,0.0,0.0,0.0,0.0,7303,0.0,modelled_from_WPP_SA2,0.0,12.0,0.0,0.0,0.0,0.0
10603112107,106031121,Nelson Bay Peninsula,core,0.0813,414147.0,6377973.4,152.0837282,-32.7327067,219,106,0.0,0.0,0.0,0.0,0.0,0.0,0.0,0.0,0.0,0.0,7303,0.0,modelled_from_WPP_SA2,0.0,4.38,0.0,0.0,0.0,0.0
10603112108,106031121,Nelson Bay Peninsula,core,0.176,413351.7,6378981.5,152.0753345,-32.7235512,496,251,0.0,0.0,0.0,0.0,0.0,0.0,0.0,0.0,0.0,0.0,7303,0.0,modelled_from_WPP_SA2,0.0,9.92,0.0,0.0,0.0,0.0
10603112109,106031121,Nelson Bay Peninsula,core,0.1414,414431.6,6377867.1,152.0867554,-32.7336871,381,165,0.0,0.0,0.0,0.0,0.0,0.0,0.0,0.0,0.0,0.0,7303,0.0,modelled_from_WPP_SA2,0.0,7.62,0.0,0.0,0.0,0.0
10603112110,106031121,Nelson Bay Peninsula,core,0.0903,414496.1,6377554.2,152.0874152,-32.7365145,264,112,0.0,0.0,0.0,0.0,0.0,0.0,0.0,0.0,0.0,0.0,7303,0.0,modelled_from_WPP_SA2,0.0,5.28,0.0,0.0,0.0,0.0
10603112111,106031121,Nelson Bay Peninsula,core,1.9706,415253.9,6377959.7,152.0955394,-32.7329159,0,0,0.0,0.0,0.0,0.0,0.0,0.0,0.0,0.0,0.0,0.0,7303,0.0,modelled_from_WPP_SA2,0.0,0.0,0.0,0.0,0.0,0.0
10603112112,106031121,Nelson Bay Peninsula,core,1.4357,415965.2,6376898.5,152.1030334,-32.7425418,0,0,0.0,0.0,0.0,0.0,0.0,0.0,0.0,0.0,0.0,0.0,7303,0.0,modelled_from_WPP_SA2,0.0,0.0,0.0,0.0,0.0,0.0
10603112113,106031121,Nelson Bay Peninsula,core,1.5629,412965.8,6378840.7,152.0712045,-32.7247908,86,38,0.0,0.0,0.0,0.0,0.0,0.0,0.0,0.0,0.0,0.0,7303,0.0,modelled_from_WPP_SA2,0.0,1.72,0.0,0.0,0.0,0.0
10603112114,106031121,Nelson Bay Peninsula,core,5.2193,412622.8,6377458.2,152.0674138,-32.7372331,20,7,0.0,0.0,0.0,0.0,0.0,0.0,0.0,0.0,0.0,0.0,7303,0.0,modelled_from_WPP_SA2,0.0,0.4,0.0,0.0,0.0,0.0
10603112115,106031121,Nelson Bay Peninsula,core,0.3048,419177.2,6379143.8,152.1375092,-32.7225304,548,339,0.0,0.0,0.0,0.0,0.0,0.0,0.0,0.0,0.0,0.0,7303,0.0,modelled_from_WPP_SA2,0.0,10.96,0.0,0.0,0.0,0.0
10603112116,106031121,Nelson Bay Peninsula,core,0.362,419210.9,6379451.7,152.1378961,-32.7197557,456,383,0.0,0.0,0.0,0.0,0.0,0.0,0.0,0.0,0.0,0.0,7303,0.0,modelled_from_WPP_SA2,0.0,9.120000000000001,0.0,0.0,0.0,0.0
10603112117,106031121,Nelson Bay Peninsula,core,20.5614,419994.3,6377358.8,152.1460749,-32.7386904,7,0,0.0,0.0,0.0,0.0,0.0,0.0,0.0,0.0,0.0,0.0,7303,0.0,modelled_from_WPP_SA2,0.0,0.14,0.0,0.0,0.0,0.0
10603112118,106031121,Nelson Bay Peninsula,core,0.4185,413876.7,6378889.0,152.0809287,-32.7244268,367,224,0.0,0.0,0.0,0.0,0.0,0.0,0.0,0.0,0.0,0.0,7303,0.0,modelled_from_WPP_SA2,0.0,7.34,0.0,0.0,0.0,0.0
10603112119,106031121,Nelson Bay Peninsula,core,0.1973,414216.1,6378411.1,152.0845063,-32.7287635,503,223,0.0,0.0,0.0,0.0,0.0,0.0,0.0,0.0,0.0,0.0,7303,0.0,modelled_from_WPP_SA2,0.0,10.06,0.0,0.0,0.0,0.0
10603112120,106031121,Nelson Bay Peninsula,core,0.1006,413939.9,6377860.3,152.0815079,-32.7337102,241,88,0.0,0.0,0.0,0.0,0.0,0.0,0.0,0.0,0.0,0.0,7303,0.0,modelled_from_WPP_SA2,0.0,4.82,0.0,0.0,0.0,0.0
10603112121,106031121,Nelson Bay Peninsula,core,0.1134,411598.4,6377492.0,152.0564853,-32.7368466,111,55,0.0,0.0,0.0,0.0,0.0,0.0,0.0,0.0,0.0,0.0,7303,0.0,modelled_from_WPP_SA2,0.0,2.22,0.0,0.0,0.0,0.0
10603112122,106031121,Nelson Bay Peninsula,core,0.4484,422121.1,6376794.3,152.1687249,-32.7439343,313,303,0.0,0.0,0.0,0.0,0.0,0.0,0.0,0.0,0.0,0.0,7303,0.0,modelled_from_WPP_SA2,0.0,6.26,0.0,0.0,0.0,0.0
10603112123,106031121,Nelson Bay Peninsula,core,0.2136,421829.7,6376056.3,152.1655528,-32.7505705,535,312,0.0,0.0,0.0,0.0,0.0,0.0,0.0,0.0,0.0,0.0,7303,0.0,modelled_from_WPP_SA2,0.0,10.700000000000001,0.0,0.0,0.0,0.0
10603112124,106031121,Nelson Bay Peninsula,core,0.2106,421638.5,6376660.2,152.1635629,-32.7451103,409,247,0.0,0.0,0.0,0.0,0.0,0.0,0.0,0.0,0.0,0.0,7303,0.0,modelled_from_WPP_SA2,0.0,8.18,0.0,0.0,0.0,0.0
10603112125,106031121,Nelson Bay Peninsula,core,0.2446,422152.1,6376001.9,152.1689893,-32.7510844,376,255,0.0,0.0,0.0,0.0,0.0,0.0,0.0,0.0,0.0,0.0,7303,0.0,modelled_from_WPP_SA2,0.0,7.5200000000000005,0.0,0.0,0.0,0.0
10603112126,106031121,Nelson Bay Peninsula,core,0.2271,418195.7,6378692.8,152.1269965,-32.7265261,268,114,0.0,0.0,0.0,0.0,0.0,0.0,0.0,0.0,0.0,0.0,7303,0.0,modelled_from_WPP_SA2,0.0,5.36,0.0,0.0,0.0,0.0
10603112127,106031121,Nelson Bay Peninsula,core,0.2205,418477.0,6378937.2,152.1300196,-32.7243422,466,255,0.0,0.0,0.0,0.0,0.0,0.0,0.0,0.0,0.0,0.0,7303,0.0,modelled_from_WPP_SA2,0.0,9.32,0.0,0.0,0.0,0.0
10603112128,106031121,Nelson Bay Peninsula,core,0.1913,419112.7,6378657.2,152.1367784,-32.7269145,383,172,0.0,0.0,0.0,0.0,0.0,0.0,0.0,0.0,0.0,0.0,7303,0.0,modelled_from_WPP_SA2,0.0,7.66,0.0,0.0,0.0,0.0
10603112129,106031121,Nelson Bay Peninsula,core,0.1159,418810.8,6378984.5,152.1335857,-32.7239404,282,121,0.0,0.0,0.0,0.0,0.0,0.0,0.0,0.0,0.0,0.0,7303,0.0,modelled_from_WPP_SA2,0.0,5.64,0.0,0.0,0.0,0.0
10603112130,106031121,Nelson Bay Peninsula,core,0.1474,417926.5,6379078.6,152.1241583,-32.7230263,373,169,0.0,0.0,0.0,0.0,0.0,0.0,0.0,0.0,0.0,0.0,7303,0.0,modelled_from_WPP_SA2,0.0,7.46,0.0,0.0,0.0,0.0
10603112131,106031121,Nelson Bay Peninsula,core,0.837,421183.1,6380112.3,152.1589948,-32.7139407,665,852,0.0,0.0,0.0,0.0,0.0,0.0,0.0,0.0,0.0,0.0,7303,0.0,modelled_from_WPP_SA2,0.0,13.3,0.0,0.0,0.0,0.0
10603112133,106031121,Nelson Bay Peninsula,core,0.2003,416991.7,6379516.2,152.114223,-32.7190093,355,236,0.0,0.0,0.0,0.0,0.0,0.0,0.0,0.0,0.0,0.0,7303,0.0,modelled_from_WPP_SA2,0.0,7.1000000000000005,0.0,0.0,0.0,0.0
10603112134,106031121,Nelson Bay Peninsula,core,0.2081,417015.8,6378215.7,152.1143639,-32.7307414,696,241,0.0,0.0,0.0,0.0,0.0,0.0,0.0,0.0,0.0,0.0,7303,0.0,modelled_from_WPP_SA2,0.0,13.92,0.0,0.0,0.0,0.0
10603112135,106031121,Nelson Bay Peninsula,core,0.6657,417204.1,6378988.2,152.1164415,-32.7237874,786,299,0.0,0.0,0.0,0.0,0.0,0.0,0.0,0.0,0.0,0.0,7303,0.0,modelled_from_WPP_SA2,0.0,15.72,0.0,0.0,0.0,0.0
10603112136,106031121,Nelson Bay Peninsula,core,0.1589,417413.2,6378600.0,152.118639,-32.7273042,458,185,0.0,0.0,0.0,0.0,0.0,0.0,0.0,0.0,0.0,0.0,7303,0.0,modelled_from_WPP_SA2,0.0,9.16,0.0,0.0,0.0,0.0
10603112137,106031121,Nelson Bay Peninsula,core,0.201,417487.6,6378400.6,152.1194145,-32.7291083,477,192,0.0,0.0,0.0,0.0,0.0,0.0,0.0,0.0,0.0,0.0,7303,0.0,modelled_from_WPP_SA2,0.0,9.540000000000001,0.0,0.0,0.0,0.0
10603112138,106031121,Nelson Bay Peninsula,core,0.3835,416495.1,6379203.3,152.1088964,-32.7217934,624,303,0.0,0.0,0.0,0.0,0.0,0.0,0.0,0.0,0.0,0.0,7303,0.0,modelled_from_WPP_SA2,0.0,12.48,0.0,0.0,0.0,0.0
10603112139,106031121,Nelson Bay Peninsula,core,0.139,416789.8,6378988.8,152.1120212,-32.723751,343,144,0.0,0.0,0.0,0.0,0.0,0.0,0.0,0.0,0.0,0.0,7303,0.0,modelled_from_WPP_SA2,0.0,6.86,0.0,0.0,0.0,0.0
10603112140,106031121,Nelson Bay Peninsula,core,0.0952,416634.4,6378427.8,152.1103133,-32.728799,310,147,0.0,0.0,0.0,0.0,0.0,0.0,0.0,0.0,0.0,0.0,7303,0.0,modelled_from_WPP_SA2,0.0,6.2,0.0,0.0,0.0,0.0
10603112141,106031121,Nelson Bay Peninsula,core,0.2017,416430.2,6378642.5,152.1081531,-32.7268471,482,209,0.0,0.0,0.0,0.0,0.0,0.0,0.0,0.0,0.0,0.0,7303,0.0,modelled_from_WPP_SA2,0.0,9.64,0.0,0.0,0.0,0.0
10603112142,106031121,Nelson Bay Peninsula,core,0.327,416148.9,6379129.3,152.1051949,-32.722435,348,211,0.0,0.0,0.0,0.0,0.0,0.0,0.0,0.0,0.0,0.0,7303,0.0,modelled_from_WPP_SA2,0.0,6.96,0.0,0.0,0.0,0.0
10603112143,106031121,Nelson Bay Peninsula,core,0.253,422428.9,6378662.7,152.1721659,-32.7271036,513,349,0.0,0.0,0.0,0.0,0.0,0.0,0.0,0.0,0.0,0.0,7303,0.0,modelled_from_WPP_SA2,0.0,10.26,0.0,0.0,0.0,0.0
10603112144,106031121,Nelson Bay Peninsula,core,0.203,422599.6,6378654.2,152.1739871,-32.7271927,332,222,0.0,0.0,0.0,0.0,0.0,0.0,0.0,0.0,0.0,0.0,7303,0.0,modelled_from_WPP_SA2,0.0,6.640000000000001,0.0,0.0,0.0,0.0
10603112145,106031121,Nelson Bay Peninsula,core,0.2867,422816.4,6378890.2,152.17632,-32.7250787,508,494,0.0,0.0,0.0,0.0,0.0,0.0,0.0,0.0,0.0,0.0,7303,0.0,modelled_from_WPP_SA2,0.0,10.16,0.0,0.0,0.0,0.0
10603112146,106031121,Nelson Bay Peninsula,core,0.2451,422367.0,6379444.8,152.171571,-32.7200451,462,441,0.0,0.0,0.0,0.0,0.0,0.0,0.0,0.0,0.0,0.0,7303,0.0,modelled_from_WPP_SA2,0.0,9.24,0.0,0.0,0.0,0.0
10603112147,106031121,Nelson Bay Peninsula,core,0.138,420914.8,6378914.9,152.156031,-32.7247213,336,157,0.0,0.0,0.0,0.0,0.0,0.0,0.0,0.0,0.0,0.0,7303,0.0,modelled_from_WPP_SA2,0.0,6.72,0.0,0.0,0.0,0.0
10603112148,106031121,Nelson Bay Peninsula,core,0.2095,420565.1,6379008.6,152.1523068,-32.7238511,467,248,0.0,0.0,0.0,0.0,0.0,0.0,0.0,0.0,0.0,0.0,7303,0.0,modelled_from_WPP_SA2,0.0,9.34,0.0,0.0,0.0,0.0
10603112149,106031121,Nelson Bay Peninsula,core,0.3288,420896.1,6379363.6,152.1558691,-32.7206725,543,283,0.0,0.0,0.0,0.0,0.0,0.0,0.0,0.0,0.0,0.0,7303,0.0,modelled_from_WPP_SA2,0.0,10.86,0.0,0.0,0.0,0.0
10603112150,106031121,Nelson Bay Peninsula,core,0.0988,415949.7,6377864.5,152.1029553,-32.7338278,287,128,0.0,0.0,0.0,0.0,0.0,0.0,0.0,0.0,0.0,0.0,7303,0.0,modelled_from_WPP_SA2,0.0,5.74,0.0,0.0,0.0,0.0
10603112151,106031121,Nelson Bay Peninsula,core,0.4277,416388.2,6377845.7,152.1076337,-32.7340308,476,233,0.0,0.0,0.0,0.0,0.0,0.0,0.0,0.0,0.0,0.0,7303,0.0,modelled_from_WPP_SA2,0.0,9.52,0.0,0.0,0.0,0.0
10603112152,106031121,Nelson Bay Peninsula,core,1.9527,417652.6,6377757.6,152.1211183,-32.734921,308,129,0.0,0.0,0.0,0.0,0.0,0.0,0.0,0.0,0.0,0.0,7303,0.0,modelled_from_WPP_SA2,0.0,6.16,0.0,0.0,0.0,0.0
10603112153,106031121,Nelson Bay Peninsula,core,1.2434,420071.4,6378553.0,152.1470003,-32.7279251,410,173,0.0,0.0,0.0,0.0,0.0,0.0,0.0,0.0,0.0,0.0,7303,0.0,modelled_from_WPP_SA2,0.0,8.2,0.0,0.0,0.0,0.0
10603112154,106031121,Nelson Bay Peninsula,core,0.3027,418721.3,6378597.6,152.1325976,-32.7274234,415,184,0.0,0.0,0.0,0.0,0.0,0.0,0.0,0.0,0.0,0.0,7303,0.0,modelled_from_WPP_SA2,0.0,8.3,0.0,0.0,0.0,0.0
10603112155,106031121,Nelson Bay Peninsula,core,0.1192,417698.7,6379098.3,152.1217292,-32.7228312,331,152,0.0,0.0,0.0,0.0,0.0,0.0,0.0,0.0,0.0,0.0,7303,0.0,modelled_from_WPP_SA2,0.0,6.62,0.0,0.0,0.0,0.0
10603112156,106031121,Nelson Bay Peninsula,core,0.2912,412848.4,6380556.4,152.0701119,-32.7093065,392,256,0.0,0.0,0.0,0.0,0.0,0.0,0.0,0.0,0.0,0.0,7303,0.0,modelled_from_WPP_SA2,0.0,7.84,0.0,0.0,0.0,0.0
10603112157,106031121,Nelson Bay Peninsula,core,0.1805,420189.8,6379240.1,152.1483226,-32.7217354,368,239,0.0,0.0,0.0,0.0,0.0,0.0,0.0,0.0,0.0,0.0,7303,0.0,modelled_from_WPP_SA2,0.0,7.36,0.0,0.0,0.0,0.0
10603112158,106031121,Nelson Bay Peninsula,core,0.4862,419963.1,6379385.3,152.1459161,-32.7204096,533,597,0.0,0.0,0.0,0.0,0.0,0.0,0.0,0.0,0.0,0.0,7303,0.0,modelled_from_WPP_SA2,0.0,10.66,0.0,0.0,0.0,0.0
10603112201,106031122,Raymond Terrace,core,0.2825,384801.8,6374857.1,151.7702082,-32.7581313,665,278,0.0,0.0,0.0,0.0,0.0,1.0,0.0,0.0,1.0,2.2,11626,33.1,modelled_from_WPP_SA2,33.1,13.3,0.0,5.0,0.0,0.0
10603112202,106031122,Raymond Terrace,core,34.9112,381323.0,6367488.1,151.7321352,-32.8242181,269,131,0.0,0.0,1.0,0.0,0.0,3.0,3.0,9.0,9.0,31.8,11626,478.4,modelled_from_WPP_SA2,478.4,9.879999999999999,8.5,38.0,9.0,14.0
10603112203,106031122,Raymond Terrace,core,12.2201,386463.6,6371922.1,151.787586,-32.784774,0,0,0.0,0.0,0.0,0.0,0.0,0.0,1.0,1.0,0.0,4.0,11626,60.2,modelled_from_WPP_SA2,60.2,0.5,0.5,4.0,1.0,1.0
10603112204,106031122,Raymond Terrace,core,1.3307,381236.5,6373445.5,151.7319742,-32.7704822,382,162,0.0,0.0,0.0,0.0,0.0,0.0,0.0,9.0,0.0,9.0,11626,135.4,modelled_from_WPP_SA2,135.4,12.14,4.5,9.0,9.0,9.0
10603112205,106031122,Raymond Terrace,core,0.2998,384457.0,6374688.1,151.7665069,-32.7596193,387,164,0.0,0.0,0.0,0.0,0.0,6.0,0.0,0.0,0.0,12.0,11626,180.5,modelled_from_WPP_SA2,180.5,7.74,0.0,30.0,0.0,0.0
10603112206,106031122,Raymond Terrace,core,0.1438,384943.1,6374474.1,151.7716686,-32.7616002,388,155,0.0,0.0,0.0,0.0,0.0,0.0,0.0,1.0,0.0,1.0,11626,15.0,modelled_from_WPP_SA2,15.0,8.26,0.5,1.0,1.0,1.0
10603112207,106031122,Raymond Terrace,core,0.1601,382743.0,6373616.5,151.7480765,-32.769102,416,205,0.0,0.0,0.0,0.0,0.0,0.0,0.0,0.0,0.0,0.0,11626,0.0,modelled_from_WPP_SA2,0.0,8.32,0.0,0.0,0.0,0.0
10603112208,106031122,Raymond Terrace,core,0.191,382007.6,6373654.2,151.7402315,-32.7686835,329,170,0.0,0.0,0.0,1.0,0.0,4.0,1.0,9.0,0.0,35.0,11626,526.5,modelled_from_WPP_SA2,526.5,41.08,4.5,35.0,14.0,12.0
10603112209,106031122,Raymond Terrace,core,0.1966,382306.8,6373718.0,151.7434336,-32.7681406,476,227,0.0,0.0,0.0,0.0,0.0,0.0,0.0,0.0,0.0,0.0,11626,0.0,modelled_from_WPP_SA2,0.0,9.52,0.0,0.0,0.0,0.0
10603112210,106031122,Raymond Terrace,core,0.9711,382889.3,6374133.1,151.7497035,-32.7644586,620,296,0.0,1.0,0.0,5.0,0.0,12.0,0.0,2.0,1.0,105.2,11626,1582.6,modelled_from_WPP_SA2,1582.6,163.4,11.0,79.0,27.0,22.0
10603112211,106031122,Raymond Terrace,core,0.8657,382403.4,6374588.1,151.7445747,-32.7603035,371,122,1.0,7.0,5.0,3.0,1.0,41.0,1.0,29.0,21.0,241.2,11626,3628.6,modelled_from_WPP_SA2,3628.6,111.92,104.5,289.0,57.0,101.0
10603112212,106031122,Raymond Terrace,core,0.173,383643.1,6374230.8,151.757762,-32.7636574,553,226,0.0,0.0,0.0,0.0,0.0,0.0,0.0,1.0,0.0,1.0,11626,15.0,modelled_from_WPP_SA2,15.0,11.56,0.5,1.0,1.0,1.0
10603112213,106031122,Raymond Terrace,core,0.1332,384036.3,6373952.2,151.7619248,-32.7662116,198,96,0.0,0.0,0.0,0.0,0.0,0.0,0.0,0.0,0.0,0.0,11626,0.0,modelled_from_WPP_SA2,0.0,3.96,0.0,0.0,0.0,0.0
10603112214,106031122,Raymond Terrace,core,0.1401,383358.9,6374575.1,151.7547717,-32.7605223,361,131,0.0,0.0,0.0,0.0,0.0,1.0,0.0,0.0,0.0,2.0,11626,30.1,modelled_from_WPP_SA2,30.1,7.22,0.0,5.0,0.0,0.0
10603112215,106031122,Raymond Terrace,core,0.1946,383922.1,6374523.1,151.760777,-32.7610514,447,167,0.0,0.0,0.0,0.0,0.0,0.0,0.0,0.0,0.0,0.0,11626,0.0,modelled_from_WPP_SA2,0.0,8.94,0.0,0.0,0.0,0.0
10603112216,106031122,Raymond Terrace,core,0.6517,382988.4,6375207.9,151.7508972,-32.7547759,392,160,0.0,0.0,0.0,0.0,0.0,10.0,1.0,4.0,0.0,27.0,11626,406.2,modelled_from_WPP_SA2,406.2,9.84,2.0,57.0,4.0,4.0
10603112217,106031122,Raymond Terrace,core,0.2636,384418.3,6373998.7,151.7660078,-32.7658325,781,264,0.0,0.0,0.0,0.0,0.0,0.0,0.0,1.0,0.0,1.0,11626,15.0,modelled_from_WPP_SA2,15.0,16.12,0.5,1.0,1.0,1.0
10603112218,106031122,Raymond Terrace,core,0.1241,384885.9,6374040.6,151.771004,-32.765504,339,124,0.0,0.0,0.0,0.0,0.0,0.0,0.0,0.0,0.0,0.0,11626,0.0,modelled_from_WPP_SA2,0.0,6.78,0.0,0.0,0.0,0.0
10603112219,106031122,Raymond Terrace,core,0.1516,385283.5,6374326.9,151.7752836,-32.7629638,435,191,0.0,0.0,0.0,0.0,0.0,0.0,0.0,0.0,0.0,0.0,11626,0.0,modelled_from_WPP_SA2,0.0,8.700000000000001,0.0,0.0,0.0,0.0
10603112220,106031122,Raymond Terrace,core,0.3585,385949.5,6374529.9,151.7824177,-32.7612017,324,152,0.0,0.0,0.0,0.0,0.0,8.0,0.0,5.0,0.0,21.0,11626,315.9,modelled_from_WPP_SA2,315.9,8.98,2.5,45.0,5.0,5.0
10603112221,106031122,Raymond Terrace,core,0.2531,385484.4,6374757.3,151.7774807,-32.7591024,528,205,0.0,1.0,2.0,0.0,0.0,3.0,0.0,6.0,2.0,28.4,11626,427.2,modelled_from_WPP_SA2,427.2,13.56,21.0,33.0,6.0,21.0
10603112222,106031122,Raymond Terrace,core,0.1814,383587.6,6374857.9,151.7572481,-32.7579961,439,173,0.0,0.0,0.0,0.0,0.0,0.0,0.0,0.0,0.0,0.0,11626,0.0,modelled_from_WPP_SA2,0.0,8.78,0.0,0.0,0.0,0.0
10603112223,106031122,Raymond Terrace,core,0.2076,384124.6,6374904.9,151.7629861,-32.7576292,523,178,0.0,1.0,0.0,0.0,0.0,1.0,0.0,1.0,1.0,7.2,11626,108.3,modelled_from_WPP_SA2,108.3,10.96,10.5,8.0,1.0,6.0
10603112224,106031122,Raymond Terrace,core,0.1168,383764.7,6375105.3,151.7591693,-32.7557836,312,125,0.0,0.0,0.0,1.0,0.0,0.0,0.0,0.0,0.0,15.0,11626,225.7,modelled_from_WPP_SA2,225.7,36.24,0.0,3.0,5.0,3.0
10603112225,106031122,Raymond Terrace,core,0.2862,383506.7,6375455.5,151.75646,-32.7525982,427,160,0.0,0.0,0.0,0.0,0.0,0.0,0.0,0.0,0.0,0.0,11626,0.0,modelled_from_WPP_SA2,0.0,8.540000000000001,0.0,0.0,0.0,0.0
10603112226,106031122,Raymond Terrace,core,0.2222,384096.1,6375391.4,151.7627424,-32.7532383,581,246,0.0,0.0,0.0,0.0,0.0,3.0,0.0,1.0,0.0,7.0,11626,105.3,modelled_from_WPP_SA2,105.3,12.120000000000001,0.5,16.0,1.0,1.0
10603112227,106031122,Raymond Terrace,core,0.2595,383855.3,6375969.9,151.7602444,-32.7479961,638,232,0.0,0.0,0.0,0.0,0.0,0.0,0.0,0.0,0.0,0.0,11626,0.0,modelled_from_WPP_SA2,0.0,12.76,0.0,0.0,0.0,0.0
10603112228,106031122,Raymond Terrace,core,0.2428,384199.0,6376154.0,151.7639357,-32.7463719,527,206,0.0,0.0,0.0,0.0,0.0,2.0,0.0,0.0,0.0,4.0,11626,60.2,modelled_from_WPP_SA2,60.2,10.540000000000001,0.0,10.0,0.0,0.0
10603112230,106031122,Raymond Terrace,core,12.8278,381753.0,6371513.4,151.7372414,-32.7879625,654,277,1.0,7.0,9.0,1.0,0.0,10.0,4.0,35.0,7.0,177.4,11626,2668.8,modelled_from_WPP_SA2,2668.8,60.58,123.5,159.0,50.0,121.0
10603112232,106031122,Raymond Terrace,core,5.2806,386093.5,6377264.9,151.7842892,-32.7365511,12,4,0.0,0.0,0.0,0.0,0.0,0.0,0.0,3.0,0.0,3.0,11626,45.1,modelled_from_WPP_SA2,45.1,1.74,1.5,3.0,3.0,3.0
10603112233,106031122,Raymond Terrace,core,0.4634,385189.5,6375151.6,151.7743816,-32.7555163,300,99,0.0,0.0,0.0,1.0,0.0,0.0,0.0,3.0,2.0,18.4,11626,276.8,modelled_from_WPP_SA2,276.8,37.5,1.5,6.0,8.0,6.0
10603112234,106031122,Raymond Terrace,core,3.0731,383267.7,6373012.0,151.7536014,-32.7746093,263,105,0.0,0.0,0.0,0.0,0.0,1.0,0.0,1.0,0.0,3.0,11626,45.1,modelled_from_WPP_SA2,45.1,5.76,0.5,6.0,1.0,1.0
10603112235,106031122,Raymond Terrace,core,0.7585,385071.4,6376792.1,151.7733244,-32.7407081,1020,336,0.0,0.0,0.0,0.0,0.0,3.0,0.0,6.0,0.0,12.0,11626,180.5,modelled_from_WPP_SA2,180.5,23.400000000000002,3.0,21.0,6.0,6.0
10603112236,106031122,Raymond Terrace,core,31.4994,384661.7,6379732.4,151.7693172,-32.7141476,227,86,0.0,0.0,0.0,0.0,0.0,0.0,1.0,1.0,0.0,4.0,11626,60.2,modelled_from_WPP_SA2,60.2,5.04,0.5,4.0,1.0,1.0
10603112301,106031123,Seaham - Woodville,core,20.3472,374307.8,6391158.5,151.6604023,-32.6099704,310,95,0.0,0.0,0.0,0.0,0.0,0.0,0.0,0.0,0.0,0.0,808,0.0,modelled_from_WPP_SA2,0.0,6.2,0.0,0.0,0.0,0.0
10603112302,106031123,Seaham - Woodville,core,7.3466,370681.6,6389180.0,151.6214911,-32.6273948,276,97,0.0,0.0,0.0,0.0,0.0,0.0,0.0,0.0,0.0,0.0,808,0.0,modelled_from_WPP_SA2,0.0,5.5200000000000005,0.0,0.0,0.0,0.0
10603112303,106031123,Seaham - Woodville,core,1.0532,380444.0,6385251.7,151.7250308,-32.6639218,433,146,0.0,1.0,0.0,3.0,1.0,2.0,0.0,2.0,1.0,63.2,808,216.6,modelled_from_WPP_SA2,216.6,99.66,11.0,27.0,20.0,16.0
10603112304,106031123,Seaham - Woodville,core,1.3043,374037.8,6382780.2,151.6563954,-32.6854986,431,127,0.0,0.0,0.0,0.0,0.0,0.0,0.0,0.0,1.0,0.2,808,0.7,modelled_from_WPP_SA2,0.7,8.620000000000001,0.0,0.0,0.0,0.0
10603112305,106031123,Seaham - Woodville,core,0.7509,373380.0,6381706.0,151.6492347,-32.6951103,529,180,0.0,0.0,0.0,0.0,0.0,11.0,0.0,1.0,1.0,23.2,808,79.5,modelled_from_WPP_SA2,79.5,11.08,0.5,56.0,1.0,1.0
10603112306,106031123,Seaham - Woodville,core,0.95,378756.3,6382222.3,151.7066421,-32.6910587,182,54,0.0,0.0,0.0,0.0,0.0,0.0,0.0,0.0,0.0,0.0,808,0.0,modelled_from_WPP_SA2,0.0,3.64,0.0,0.0,0.0,0.0
10603112307,106031123,Seaham - Woodville,core,2.8969,377484.6,6383094.2,151.6931944,-32.6830544,234,79,0.0,0.0,0.0,0.0,0.0,0.0,0.0,0.0,0.0,0.0,808,0.0,modelled_from_WPP_SA2,0.0,4.68,0.0,0.0,0.0,0.0
10603112308,106031123,Seaham - Woodville,core,2.4937,378006.5,6381560.5,151.6985597,-32.6969439,432,146,0.0,0.0,0.0,0.0,0.0,0.0,0.0,0.0,0.0,0.0,808,0.0,modelled_from_WPP_SA2,0.0,8.64,0.0,0.0,0.0,0.0
10603112309,106031123,Seaham - Woodville,core,1.4754,373779.8,6378808.9,151.6531064,-32.7212832,374,146,0.0,0.0,1.0,2.0,0.0,7.0,0.0,1.0,5.0,52.0,808,178.2,modelled_from_WPP_SA2,178.2,67.98,4.5,47.0,11.0,12.0
10603112310,106031123,Seaham - Woodville,core,32.2337,371007.0,6385183.4,151.6244064,-32.6634754,613,220,0.0,1.0,0.0,1.0,0.0,1.0,0.0,1.0,0.0,22.0,808,75.4,modelled_from_WPP_SA2,75.4,42.76,10.5,11.0,6.0,9.0
10603112311,106031123,Seaham - Woodville,core,65.141,385294.5,6388488.3,151.7771439,-32.6352465,371,130,0.0,0.0,0.0,0.0,0.0,2.0,1.0,4.0,1.0,11.2,808,38.4,modelled_from_WPP_SA2,38.4,9.42,2.0,17.0,4.0,4.0
10603112312,106031123,Seaham - Woodville,core,29.3919,379223.2,6390217.9,151.7126563,-32.6190004,408,124,0.0,0.0,0.0,1.0,0.0,5.0,0.0,0.0,0.0,25.0,808,85.7,modelled_from_WPP_SA2,85.7,38.16,0.0,28.0,5.0,3.0
10603112313,106031123,Seaham - Woodville,core,40.9344,378306.3,6384399.8,151.7021275,-32.671371,428,144,0.0,0.0,0.0,0.0,0.0,4.0,0.0,1.0,0.0,9.0,808,30.8,modelled_from_WPP_SA2,30.8,9.06,0.5,21.0,1.0,1.0
10603112314,106031123,Seaham - Woodville,core,20.8578,380642.2,6378358.5,151.7262612,-32.7261107,373,112,0.0,0.0,0.0,0.0,0.0,2.0,0.0,0.0,0.0,4.0,808,13.7,modelled_from_WPP_SA2,13.7,7.46,0.0,10.0,0.0,0.0
10603112315,106031123,Seaham - Woodville,core,20.1981,374435.4,6379878.6,151.6602447,-32.7117109,290,94,0.0,0.0,0.0,1.0,0.0,2.0,0.0,7.0,0.0,26.0,808,89.1,modelled_from_WPP_SA2,89.1,39.3,3.5,20.0,12.0,10.0
10603112402,106031124,Tea Gardens - Hawks Nest,external,84.3615,410832.9,6389379.4,152.0494523,-32.6295656,330,173,0.0,0.0,0.0,0.0,0.0,0.0,0.0,0.0,0.0,0.0,1222,69.4,modelled_from_WPP_SA2,69.4,6.6000000000000005,0.0,0.0,0.0,0.0
10603112403,106031124,Tea Gardens - Hawks Nest,external,0.3939,420551.4,6386795.9,152.152825,-32.6536099,530,276,0.0,0.0,0.0,0.0,0.0,0.0,0.0,0.0,0.0,0.0,1222,111.4,modelled_from_WPP_SA2,111.4,10.6,0.0,0.0,0.0,0.0
10603112404,106031124,Tea Gardens - Hawks Nest,external,0.2026,420700.0,6386304.0,152.1543673,-32.6580573,357,194,0.0,0.0,0.0,0.0,0.0,0.0,0.0,0.0,0.0,0.0,1222,75.0,modelled_from_WPP_SA2,75.0,7.140000000000001,0.0,0.0,0.0,0.0
10603112405,106031124,Tea Gardens - Hawks Nest,external,0.3661,420073.3,6386466.1,152.1476986,-32.65655,581,342,0.0,0.0,0.0,0.0,0.0,0.0,0.0,0.0,0.0,0.0,1222,122.1,modelled_from_WPP_SA2,122.1,11.620000000000001,0.0,0.0,0.0,0.0
10603112406,106031124,Tea Gardens - Hawks Nest,external,0.1716,420366.6,6386000.1,152.1507863,-32.660775,301,164,0.0,0.0,0.0,0.0,0.0,0.0,0.0,0.0,0.0,0.0,1222,63.3,modelled_from_WPP_SA2,63.3,6.0200000000000005,0.0,0.0,0.0,0.0
10603112407,106031124,Tea Gardens - Hawks Nest,external,0.1642,420730.2,6385878.6,152.1546528,-32.6618965,248,175,0.0,0.0,0.0,0.0,0.0,0.0,0.0,0.0,0.0,0.0,1222,52.1,modelled_from_WPP_SA2,52.1,4.96,0.0,0.0,0.0,0.0
10603112408,106031124,Tea Gardens - Hawks Nest,external,0.4043,421082.2,6385363.5,152.1583628,-32.6665684,327,245,0.0,0.0,0.0,0.0,0.0,0.0,0.0,0.0,0.0,0.0,1222,68.7,modelled_from_WPP_SA2,68.7,6.54,0.0,0.0,0.0,0.0
10603112409,106031124,Tea Gardens - Hawks Nest,external,8.1684,423634.6,6387599.0,152.1857645,-32.646584,315,168,0.0,0.0,0.0,0.0,0.0,0.0,0.0,0.0,0.0,0.0,1222,66.2,modelled_from_WPP_SA2,66.2,6.3,0.0,0.0,0.0,0.0
10603112411,106031124,Tea Gardens - Hawks Nest,external,1.8344,422699.4,6384174.8,152.1755103,-32.6774047,571,671,0.0,0.0,0.0,0.0,0.0,0.0,0.0,0.0,0.0,0.0,1222,120.0,modelled_from_WPP_SA2,120.0,11.42,0.0,0.0,0.0,0.0
10603112412,106031124,Tea Gardens - Hawks Nest,external,3.2751,416488.9,6384726.9,152.1093244,-32.671972,279,196,0.0,0.0,0.0,0.0,0.0,0.0,0.0,0.0,0.0,0.0,1222,58.7,modelled_from_WPP_SA2,58.7,5.58,0.0,0.0,0.0,0.0
10603112413,106031124,Tea Gardens - Hawks Nest,external,1.3038,410237.8,6385027.3,152.0426911,-32.6687716,491,288,0.0,0.0,0.0,0.0,0.0,0.0,0.0,0.0,0.0,0.0,1222,103.2,modelled_from_WPP_SA2,103.2,9.82,0.0,0.0,0.0,0.0
10603112414,106031124,Tea Gardens - Hawks Nest,external,84.4761,420368.4,6390356.5,152.1511773,-32.6214804,104,37,0.0,0.0,0.0,0.0,0.0,0.0,0.0,0.0,0.0,0.0,1222,21.9,modelled_from_WPP_SA2,21.9,2.08,0.0,0.0,0.0,0.0
10603112415,106031124,Tea Gardens - Hawks Nest,external,2.2541,427392.3,6383008.2,152.2254695,-32.6882465,0,0,0.0,0.0,0.0,0.0,0.0,0.0,0.0,0.0,0.0,0.0,1222,0.0,modelled_from_WPP_SA2,0.0,0.0,0.0,0.0,0.0,0.0
10603112416,106031124,Tea Gardens - Hawks Nest,external,1.802,436232.8,6390929.1,152.3203085,-32.6173449,0,0,0.0,0.0,0.0,0.0,0.0,0.0,0.0,0.0,0.0,0.0,1222,0.0,modelled_from_WPP_SA2,0.0,0.0,0.0,0.0,0.0,0.0
10603112417,106031124,Tea Gardens - Hawks Nest,external,13.1636,418715.7,6386318.4,152.1332106,-32.657783,350,128,0.0,0.0,0.0,0.0,0.0,0.0,0.0,0.0,0.0,0.0,1222,73.6,modelled_from_WPP_SA2,73.6,7.0,0.0,0.0,0.0,0.0
10603112418,106031124,Tea Gardens - Hawks Nest,external,0.1642,422779.3,6385201.0,152.1764473,-32.6681535,239,198,0.0,0.0,0.0,0.0,0.0,0.0,0.0,0.0,0.0,0.0,1222,50.2,modelled_from_WPP_SA2,50.2,4.78,0.0,0.0,0.0,0.0
10603112419,106031124,Tea Gardens - Hawks Nest,external,1.1087,423380.9,6385260.6,152.1828674,-32.6676578,30,45,0.0,0.0,0.0,0.0,0.0,0.0,0.0,0.0,0.0,0.0,1222,6.3,modelled_from_WPP_SA2,6.3,0.6,0.0,0.0,0.0,0.0
10603112420,106031124,Tea Gardens - Hawks Nest,external,0.278,419389.6,6385993.3,152.1403686,-32.6607652,497,270,0.0,0.0,0.0,0.0,0.0,0.0,0.0,0.0,0.0,0.0,1222,104.5,modelled_from_WPP_SA2,104.5,9.94,0.0,0.0,0.0,0.0
10603112421,106031124,Tea Gardens - Hawks Nest,external,0.1347,422611.5,6384829.3,152.1746268,-32.6714947,113,131,0.0,0.0,0.0,0.0,0.0,0.0,0.0,0.0,0.0,0.0,1222,23.8,modelled_from_WPP_SA2,23.8,2.2600000000000002,0.0,0.0,0.0,0.0
10603112422,106031124,Tea Gardens - Hawks Nest,external,0.1598,422395.2,6385090.9,152.1723418,-32.6691196,150,120,0.0,0.0,0.0,0.0,0.0,0.0,0.0,0.0,0.0,0.0,1222,31.5,modelled_from_WPP_SA2,31.5,3.0,0.0,0.0,0.0,0.0
10603112501,106031125,Williamtown - Medowie - Karuah,core,0.2189,402219.8,6387908.2,151.9574927,-32.6421059,247,102,0.0,0.0,0.0,0.0,0.0,0.0,0.0,0.0,0.0,0.0,7307,0.0,modelled_from_WPP_SA2,0.0,4.94,0.0,0.0,0.0,0.0
10603112502,106031125,Williamtown - Medowie - Karuah,core,1.0432,401789.3,6386907.1,151.9527992,-32.6510975,619,259,0.0,0.0,0.0,0.0,0.0,0.0,0.0,0.0,0.0,0.0,7307,0.0,modelled_from_WPP_SA2,0.0,12.38,0.0,0.0,0.0,0.0
10603112503,106031125,Williamtown - Medowie - Karuah,core,4.8398,391672.6,6375640.4,151.8436343,-32.751765,492,159,0.0,0.0,0.0,0.0,0.0,0.0,0.0,1.0,0.0,1.0,7307,11.3,modelled_from_WPP_SA2,11.3,10.34,0.5,1.0,1.0,1.0
10603112505,106031125,Williamtown - Medowie - Karuah,core,19.182,398785.1,6368647.9,151.9187833,-32.815509,0,0,0.0,0.0,0.0,0.0,0.0,0.0,1.0,1.0,0.0,4.0,7307,45.0,modelled_from_WPP_SA2,45.0,0.5,0.5,4.0,1.0,1.0
10603112506,106031125,Williamtown - Medowie - Karuah,core,6.2914,401620.5,6373786.5,151.9496133,-32.7694203,572,205,0.0,0.0,0.0,0.0,0.0,2.0,0.0,1.0,0.0,5.0,7307,56.3,modelled_from_WPP_SA2,56.3,11.94,0.5,11.0,1.0,1.0
10603112507,106031125,Williamtown - Medowie - Karuah,core,12.4046,398529.7,6371204.0,151.9163353,-32.7924316,529,206,0.0,6.0,2.0,2.0,0.0,1.0,1.0,15.0,1.0,86.2,7307,970.2,modelled_from_WPP_SA2,970.2,78.08,75.5,51.0,25.0,61.0
10603112508,106031125,Williamtown - Medowie - Karuah,core,26.2368,389549.4,6377563.2,151.8212025,-32.7342124,0,0,0.0,0.0,0.0,0.0,0.0,0.0,0.0,0.0,0.0,0.0,7307,0.0,modelled_from_WPP_SA2,0.0,0.0,0.0,0.0,0.0,0.0
10603112509,106031125,Williamtown - Medowie - Karuah,core,8.0073,391309.3,6371053.2,151.83922,-32.7931009,43,0,1.0,0.0,2.0,0.0,0.0,10.0,2.0,28.0,0.0,78.0,7307,877.9,modelled_from_WPP_SA2,877.9,14.86,22.0,94.0,38.0,41.0
10603112510,106031125,Williamtown - Medowie - Karuah,core,94.397,400191.4,6389636.5,151.9360542,-32.6263367,327,142,0.0,0.0,0.0,0.0,0.0,1.0,2.0,19.0,7.0,28.4,7307,319.7,modelled_from_WPP_SA2,319.7,16.04,9.5,30.0,19.0,19.0
10603112512,106031125,Williamtown - Medowie - Karuah,core,1.3896,394359.0,6375755.1,151.8723192,-32.7509923,350,122,0.0,0.0,2.0,1.0,0.0,1.0,0.0,0.0,5.0,30.0,7307,337.7,modelled_from_WPP_SA2,337.7,37.0,8.0,18.0,5.0,13.0
10603112513,106031125,Williamtown - Medowie - Karuah,core,1.0821,395263.0,6374975.4,151.8818792,-32.7581103,555,179,0.0,0.0,0.0,0.0,0.0,0.0,0.0,0.0,6.0,1.2000000000000002,7307,13.5,modelled_from_WPP_SA2,13.5,11.1,0.0,0.0,0.0,0.0
10603112514,106031125,Williamtown - Medowie - Karuah,core,1.186,402542.1,6387364.9,151.9608722,-32.6470345,104,41,0.0,0.0,0.0,0.0,0.0,0.0,0.0,0.0,0.0,0.0,7307,0.0,modelled_from_WPP_SA2,0.0,2.08,0.0,0.0,0.0,0.0
10603112515,106031125,Williamtown - Medowie - Karuah,core,0.5906,402707.4,6385877.3,151.9624793,-32.6604668,486,218,0.0,0.0,0.0,0.0,0.0,0.0,0.0,0.0,0.0,0.0,7307,0.0,modelled_from_WPP_SA2,0.0,9.72,0.0,0.0,0.0,0.0
10603112516,106031125,Williamtown - Medowie - Karuah,core,19.2711,388080.0,6369931.8,151.8046036,-32.8028898,375,128,0.0,1.0,0.0,0.0,0.0,0.0,2.0,13.0,0.0,23.0,7307,258.9,modelled_from_WPP_SA2,258.9,14.0,16.5,21.0,13.0,18.0
10603112517,106031125,Williamtown - Medowie - Karuah,core,31.4873,394328.0,6371053.2,151.8714534,-32.7933955,469,242,0.0,0.0,1.0,1.0,0.0,1.0,3.0,3.0,1.0,35.2,7307,396.2,modelled_from_WPP_SA2,396.2,40.88,5.5,25.0,8.0,11.0
10603112518,106031125,Williamtown - Medowie - Karuah,core,1.6303,392326.6,6378170.7,151.8509079,-32.7290089,564,197,0.0,0.0,0.0,0.0,0.0,0.0,0.0,0.0,0.0,0.0,7307,0.0,modelled_from_WPP_SA2,0.0,11.28,0.0,0.0,0.0,0.0
10603112519,106031125,Williamtown - Medowie - Karuah,core,0.6685,393357.6,6378773.5,151.8619774,-32.7236726,338,127,0.0,0.0,0.0,0.0,0.0,0.0,0.0,0.0,0.0,0.0,7307,0.0,modelled_from_WPP_SA2,0.0,6.76,0.0,0.0,0.0,0.0
10603112520,106031125,Williamtown - Medowie - Karuah,core,0.9045,393689.8,6377639.7,151.8653919,-32.7339305,336,125,0.0,6.0,8.0,0.0,0.0,10.0,0.0,19.0,4.0,111.8,7307,1258.4,modelled_from_WPP_SA2,1258.4,16.22,101.5,121.0,19.0,89.0
10603112521,106031125,Williamtown - Medowie - Karuah,core,0.6238,394521.3,6378012.3,151.8743078,-32.7306501,555,169,0.0,0.0,0.0,0.0,0.0,0.0,0.0,0.0,0.0,0.0,7307,0.0,modelled_from_WPP_SA2,0.0,11.1,0.0,0.0,0.0,0.0
10603112522,106031125,Williamtown - Medowie - Karuah,core,0.1518,394151.3,6377431.2,151.8702933,-32.7358555,322,125,0.0,0.0,0.0,0.0,0.0,0.0,0.0,0.0,0.0,0.0,7307,0.0,modelled_from_WPP_SA2,0.0,6.44,0.0,0.0,0.0,0.0
10603112523,106031125,Williamtown - Medowie - Karuah,core,0.1442,394478.1,6377275.5,151.8737631,-32.7372905,348,115,0.0,0.0,0.0,0.0,0.0,0.0,0.0,0.0,0.0,0.0,7307,0.0,modelled_from_WPP_SA2,0.0,6.96,0.0,0.0,0.0,0.0
10603112524,106031125,Williamtown - Medowie - Karuah,core,0.1627,394758.8,6377499.4,151.8767835,-32.7352987,482,171,0.0,0.0,0.0,0.0,0.0,0.0,0.0,0.0,0.0,0.0,7307,0.0,modelled_from_WPP_SA2,0.0,9.64,0.0,0.0,0.0,0.0
10603112525,106031125,Williamtown - Medowie - Karuah,core,0.1847,394277.6,6376998.1,151.8715915,-32.7397734,477,185,0.0,0.0,0.0,0.0,0.0,0.0,0.0,1.0,0.0,1.0,7307,11.3,modelled_from_WPP_SA2,11.3,10.040000000000001,0.5,1.0,1.0,1.0
10603112526,106031125,Williamtown - Medowie - Karuah,core,0.1006,395170.8,6377333.0,151.8811615,-32.7368386,311,111,0.0,0.0,0.0,0.0,0.0,0.0,0.0,0.0,0.0,0.0,7307,0.0,modelled_from_WPP_SA2,0.0,6.22,0.0,0.0,0.0,0.0
10603112527,106031125,Williamtown - Medowie - Karuah,core,0.321,395357.9,6376844.7,151.8831028,-32.7412607,615,224,0.0,0.0,0.0,0.0,0.0,16.0,0.0,3.0,0.0,35.0,7307,393.9,modelled_from_WPP_SA2,393.9,13.8,1.5,83.0,3.0,3.0
10603112528,106031125,Williamtown - Medowie - Karuah,core,0.2237,394544.7,6376791.9,151.874419,-32.7416586,469,161,0.0,0.0,0.0,0.0,0.0,10.0,0.0,0.0,0.0,20.0,7307,225.1,modelled_from_WPP_SA2,225.1,9.38,0.0,50.0,0.0,0.0
10603112529,106031125,Williamtown - Medowie - Karuah,core,0.1416,394857.8,6377148.8,151.877801,-32.7384701,347,135,0.0,0.0,0.0,0.0,0.0,3.0,0.0,0.0,0.0,6.0,7307,67.5,modelled_from_WPP_SA2,67.5,6.94,0.0,15.0,0.0,0.0
10603112530,106031125,Williamtown - Medowie - Karuah,core,0.1726,395003.2,6376417.4,151.8792699,-32.7450808,535,192,0.0,0.0,0.0,0.0,0.0,2.0,0.0,0.0,0.0,4.0,7307,45.0,modelled_from_WPP_SA2,45.0,10.700000000000001,0.0,10.0,0.0,0.0
10603112531,106031125,Williamtown - Medowie - Karuah,core,0.3318,394099.2,6374629.7,151.8694184,-32.7611168,359,124,0.0,0.0,0.0,0.0,0.0,0.0,0.0,0.0,8.0,1.6,7307,18.0,modelled_from_WPP_SA2,18.0,7.18,0.0,0.0,0.0,0.0
10603112532,106031125,Williamtown - Medowie - Karuah,core,1.1879,395131.1,6375960.4,151.8805831,-32.749214,262,83,0.0,0.0,0.0,0.0,0.0,0.0,0.0,0.0,2.0,0.4,7307,4.5,modelled_from_WPP_SA2,4.5,5.24,0.0,0.0,0.0,0.0
10603112533,106031125,Williamtown - Medowie - Karuah,core,13.5976,398697.0,6374355.3,151.9184655,-32.7640254,0,0,0.0,0.0,0.0,0.0,0.0,0.0,0.0,0.0,0.0,0.0,7307,0.0,modelled_from_WPP_SA2,0.0,0.0,0.0,0.0,0.0,0.0
10603112534,106031125,Williamtown - Medowie - Karuah,core,3.1076,393245.4,6375278.6,151.8603794,-32.7551816,247,86,0.0,1.0,2.0,3.0,0.0,11.0,0.0,7.0,0.0,90.0,7307,1013.0,modelled_from_WPP_SA2,1013.0,98.44,21.5,83.0,22.0,31.0
10603112535,106031125,Williamtown - Medowie - Karuah,core,0.1076,395461.7,6377254.8,151.8842574,-32.7375719,317,112,0.0,0.0,0.0,0.0,0.0,0.0,0.0,0.0,0.0,0.0,7307,0.0,modelled_from_WPP_SA2,0.0,6.34,0.0,0.0,0.0,0.0
10603112536,106031125,Williamtown - Medowie - Karuah,core,0.6905,394389.6,6378681.5,151.8729783,-32.7246014,267,81,0.0,0.0,0.0,0.0,0.0,0.0,0.0,0.0,0.0,0.0,7307,0.0,modelled_from_WPP_SA2,0.0,5.34,0.0,0.0,0.0,0.0
10603112537,106031125,Williamtown - Medowie - Karuah,core,1.3823,392907.0,6377858.5,151.8570647,-32.7318811,391,136,0.0,0.0,0.0,3.0,0.0,0.0,0.0,1.0,0.0,46.0,7307,517.7,modelled_from_WPP_SA2,517.7,98.32,0.5,10.0,16.0,10.0
10603112538,106031125,Williamtown - Medowie - Karuah,core,1.3235,394278.9,6379430.2,151.8718817,-32.7178389,619,191,0.0,0.0,0.0,0.0,0.0,3.0,0.0,2.0,0.0,8.0,7307,90.0,modelled_from_WPP_SA2,90.0,13.38,1.0,17.0,2.0,2.0
10603112539,106031125,Williamtown - Medowie - Karuah,core,1.1337,394228.7,6374038.1,151.8707333,-32.7664653,335,161,0.0,0.0,0.0,0.0,0.0,1.0,0.0,1.0,11.0,5.2,7307,58.5,modelled_from_WPP_SA2,58.5,7.2,0.5,6.0,1.0,1.0
10603112540,106031125,Williamtown - Medowie - Karuah,core,31.7702,401310.3,6381618.9,151.9471329,-32.6987505,310,141,0.0,0.0,0.0,0.0,0.0,0.0,0.0,0.0,2.0,0.4,7307,4.5,modelled_from_WPP_SA2,4.5,6.2,0.0,0.0,0.0,0.0
10603112541,106031125,Williamtown - Medowie - Karuah,core,0.411,394230.5,6374336.2,151.8707864,-32.7637764,852,283,0.0,0.0,0.0,0.0,0.0,3.0,0.0,0.0,8.0,7.6,7307,85.5,modelled_from_WPP_SA2,85.5,17.04,0.0,15.0,0.0,0.0
10603112542,106031125,Williamtown - Medowie - Karuah,core,76.8862,394585.8,6380297.7,151.8752548,-32.7100438,182,76,0.0,0.0,0.0,0.0,0.0,0.0,1.0,16.0,6.0,20.2,7307,227.4,modelled_from_WPP_SA2,227.4,11.64,8.0,19.0,16.0,16.0
10604112601,106041126,Muswellbrook,external,26.6826,296949.4,6429491.7,150.8445835,-32.2529104,68,30,0.0,0.0,0.0,0.0,0.0,0.0,0.0,0.0,0.0,0.0,8603,47.7,modelled_from_WPP_SA2,47.7,1.36,0.0,0.0,0.0,0.0
10604112602,106041126,Muswellbrook,external,42.1767,304996.9,6430457.9,150.9301576,-32.2456288,411,68,0.0,0.0,0.0,0.0,0.0,0.0,0.0,0.0,0.0,0.0,8603,288.1,modelled_from_WPP_SA2,288.1,8.22,0.0,0.0,0.0,0.0
10604112603,106041126,Muswellbrook,external,0.5461,300629.4,6428706.3,150.8834595,-32.2606522,319,194,0.0,0.0,0.0,0.0,0.0,0.0,0.0,0.0,0.0,0.0,8603,223.6,modelled_from_WPP_SA2,223.6,6.38,0.0,0.0,0.0,0.0
10604112604,106041126,Muswellbrook,external,0.2828,301884.0,6428706.4,150.896771,-32.2608735,369,182,0.0,0.0,0.0,0.0,0.0,0.0,0.0,0.0,0.0,0.0,8603,258.7,modelled_from_WPP_SA2,258.7,7.38,0.0,0.0,0.0,0.0
10604112605,106041126,Muswellbrook,external,0.1531,301955.1,6425782.7,150.8969163,-32.2872438,310,122,0.0,0.0,0.0,0.0,0.0,0.0,0.0,0.0,0.0,0.0,8603,217.3,modelled_from_WPP_SA2,217.3,6.2,0.0,0.0,0.0,0.0
10604112606,106041126,Muswellbrook,external,0.3006,301808.7,6427946.5,150.895814,-32.2677105,219,118,0.0,0.0,0.0,0.0,0.0,0.0,0.0,0.0,0.0,0.0,8603,153.5,modelled_from_WPP_SA2,153.5,4.38,0.0,0.0,0.0,0.0
10604112607,106041126,Muswellbrook,external,0.2836,302350.7,6428445.7,150.9016682,-32.263306,277,138,0.0,0.0,0.0,0.0,0.0,0.0,0.0,0.0,0.0,0.0,8603,194.2,modelled_from_WPP_SA2,194.2,5.54,0.0,0.0,0.0,0.0
10604112608,106041126,Muswellbrook,external,0.361,301303.5,6428269.3,150.8905206,-32.2647113,202,94,0.0,0.0,0.0,0.0,0.0,0.0,0.0,0.0,0.0,0.0,8603,141.6,modelled_from_WPP_SA2,141.6,4.04,0.0,0.0,0.0,0.0
10604112609,106041126,Muswellbrook,external,0.1753,301834.2,6429596.3,150.8964273,-32.2528413,411,160,0.0,0.0,0.0,0.0,0.0,0.0,0.0,0.0,0.0,0.0,8603,288.1,modelled_from_WPP_SA2,288.1,8.22,0.0,0.0,0.0,0.0
10604112610,106041126,Muswellbrook,external,0.2816,302606.3,6426176.2,150.9039099,-32.2838116,444,170,0.0,0.0,0.0,0.0,0.0,0.0,0.0,0.0,0.0,0.0,8603,311.3,modelled_from_WPP_SA2,311.3,8.88,0.0,0.0,0.0,0.0
10604112611,106041126,Muswellbrook,external,0.0838,302352.8,6425794.8,150.9011401,-32.2872054,201,78,0.0,0.0,0.0,0.0,0.0,0.0,0.0,0.0,0.0,0.0,8603,140.9,modelled_from_WPP_SA2,140.9,4.0200000000000005,0.0,0.0,0.0,0.0
10604112612,106041126,Muswellbrook,external,0.1607,302200.7,6426179.6,150.8996057,-32.2837093,293,131,0.0,0.0,0.0,0.0,0.0,0.0,0.0,0.0,0.0,0.0,8603,205.4,modelled_from_WPP_SA2,205.4,5.86,0.0,0.0,0.0,0.0
10604112613,106041126,Muswellbrook,external,0.5502,301264.1,6426179.4,150.8896658,-32.2835448,434,180,0.0,0.0,0.0,0.0,0.0,0.0,0.0,0.0,0.0,0.0,8603,304.2,modelled_from_WPP_SA2,304.2,8.68,0.0,0.0,0.0,0.0
10604112614,106041126,Muswellbrook,external,0.4589,302294.9,6427654.1,150.9009123,-32.2704329,411,223,0.0,0.0,0.0,0.0,0.0,0.0,0.0,0.0,0.0,0.0,8603,288.1,modelled_from_WPP_SA2,288.1,8.22,0.0,0.0,0.0,0.0
10604112615,106041126,Muswellbrook,external,0.8548,302192.3,6426974.7,150.8996815,-32.2765398,93,38,0.0,0.0,0.0,0.0,0.0,0.0,0.0,0.0,0.0,0.0,8603,65.2,modelled_from_WPP_SA2,65.2,1.86,0.0,0.0,0.0,0.0
10604112617,106041126,Muswellbrook,external,2.4155,298834.0,6426734.8,150.8639944,-32.2781045,525,195,0.0,0.0,0.0,0.0,0.0,0.0,0.0,0.0,0.0,0.0,8603,368.0,modelled_from_WPP_SA2,368.0,10.5,0.0,0.0,0.0,0.0
10604112618,106041126,Muswellbrook,external,0.2386,302622.1,6429085.8,150.90468,-32.2575828,329,122,0.0,0.0,0.0,0.0,0.0,0.0,0.0,0.0,0.0,0.0,8603,230.6,modelled_from_WPP_SA2,230.6,6.58,0.0,0.0,0.0,0.0
10604112619,106041126,Muswellbrook,external,0.0772,302222.1,6429599.4,150.9005427,-32.2528824,167,67,0.0,0.0,0.0,0.0,0.0,0.0,0.0,0.0,0.0,0.0,8603,117.1,modelled_from_WPP_SA2,117.1,3.34,0.0,0.0,0.0,0.0
10604112620,106041126,Muswellbrook,external,0.2764,302186.2,6429054.2,150.9000493,-32.2577915,359,141,0.0,0.0,0.0,0.0,0.0,0.0,0.0,0.0,0.0,0.0,8603,251.7,modelled_from_WPP_SA2,251.7,7.18,0.0,0.0,0.0,0.0
10604112621,106041126,Muswellbrook,external,0.3612,300471.8,6426827.4,150.8813937,-32.2775626,423,156,0.0,0.0,0.0,0.0,0.0,0.0,0.0,0.0,0.0,0.0,8603,296.5,modelled_from_WPP_SA2,296.5,8.46,0.0,0.0,0.0,0.0
10604112622,106041126,Muswellbrook,external,0.1785,300563.2,6427334.0,150.8824699,-32.2730118,423,190,0.0,0.0,0.0,0.0,0.0,0.0,0.0,0.0,0.0,0.0,8603,296.5,modelled_from_WPP_SA2,296.5,8.46,0.0,0.0,0.0,0.0
10604112623,106041126,Muswellbrook,external,0.4176,301652.5,6426745.6,150.8939064,-32.2785095,474,198,0.0,0.0,0.0,0.0,0.0,0.0,0.0,0.0,0.0,0.0,8603,332.3,modelled_from_WPP_SA2,332.3,9.48,0.0,0.0,0.0,0.0
10604112624,106041126,Muswellbrook,external,0.2654,300880.2,6427750.9,150.885921,-32.2693097,310,148,0.0,0.0,0.0,0.0,0.0,0.0,0.0,0.0,0.0,0.0,8603,217.3,modelled_from_WPP_SA2,217.3,6.2,0.0,0.0,0.0,0.0
10604112625,106041126,Muswellbrook,external,0.5222,301273.8,6427564.6,150.8900579,-32.2710591,352,178,0.0,0.0,0.0,0.0,0.0,0.0,0.0,0.0,0.0,0.0,8603,246.8,modelled_from_WPP_SA2,246.8,7.04,0.0,0.0,0.0,0.0
10604112626,106041126,Muswellbrook,external,0.1696,302335.5,6429418.7,150.9017088,-32.2545316,232,86,0.0,0.0,0.0,0.0,0.0,0.0,0.0,0.0,0.0,0.0,8603,162.6,modelled_from_WPP_SA2,162.6,4.64,0.0,0.0,0.0,0.0
10604112627,106041126,Muswellbrook,external,0.416,302371.2,6429911.8,150.9021894,-32.2500925,392,135,0.0,0.0,0.0,0.0,0.0,0.0,0.0,0.0,0.0,0.0,8603,274.8,modelled_from_WPP_SA2,274.8,7.84,0.0,0.0,0.0,0.0
10604112628,106041126,Muswellbrook,external,0.4248,301721.5,6430120.9,150.8953406,-32.2480921,193,91,0.0,0.0,0.0,0.0,0.0,0.0,0.0,0.0,0.0,0.0,8603,135.3,modelled_from_WPP_SA2,135.3,3.86,0.0,0.0,0.0,0.0
10604112629,106041126,Muswellbrook,external,0.1826,301844.7,6426139.0,150.8958198,-32.2840122,306,137,0.0,0.0,0.0,0.0,0.0,0.0,0.0,0.0,0.0,0.0,8603,214.5,modelled_from_WPP_SA2,214.5,6.12,0.0,0.0,0.0,0.0
10604112630,106041126,Muswellbrook,external,0.3374,303060.4,6425716.9,150.9086343,-32.2880321,748,277,0.0,0.0,0.0,0.0,0.0,0.0,0.0,0.0,0.0,0.0,8603,524.4,modelled_from_WPP_SA2,524.4,14.96,0.0,0.0,0.0,0.0
10604112632,106041126,Muswellbrook,external,0.1686,301553.8,6429394.6,150.8934102,-32.2546105,164,78,0.0,0.0,0.0,0.0,0.0,0.0,0.0,0.0,0.0,0.0,8603,115.0,modelled_from_WPP_SA2,115.0,3.2800000000000002,0.0,0.0,0.0,0.0
10604112633,106041126,Muswellbrook,external,0.1401,301569.5,6428891.3,150.8934718,-32.2591506,227,109,0.0,0.0,0.0,0.0,0.0,0.0,0.0,0.0,0.0,0.0,8603,159.1,modelled_from_WPP_SA2,159.1,4.54,0.0,0.0,0.0,0.0
10604112634,106041126,Muswellbrook,external,0.2193,301309.3,6429087.8,150.8907522,-32.2573333,223,106,0.0,0.0,0.0,0.0,0.0,0.0,0.0,0.0,0.0,0.0,8603,156.3,modelled_from_WPP_SA2,156.3,4.46,0.0,0.0,0.0,0.0
10604112635,106041126,Muswellbrook,external,0.1916,302896.1,6428450.5,150.9074563,-32.2633592,7,3,0.0,0.0,0.0,0.0,0.0,0.0,0.0,0.0,0.0,0.0,8603,4.9,modelled_from_WPP_SA2,4.9,0.14,0.0,0.0,0.0,0.0
10604112636,106041126,Muswellbrook,external,0.2101,301009.8,6427076.8,150.8871548,-32.2754102,339,173,0.0,0.0,0.0,0.0,0.0,0.0,0.0,0.0,0.0,0.0,8603,237.6,modelled_from_WPP_SA2,237.6,6.78,0.0,0.0,0.0,0.0
10604112637,106041126,Muswellbrook,external,180.3513,304169.1,6419493.2,150.9191176,-32.3443355,895,382,0.0,0.0,0.0,0.0,0.0,0.0,0.0,0.0,0.0,0.0,8603,627.4,modelled_from_WPP_SA2,627.4,17.900000000000002,0.0,0.0,0.0,0.0
10604112638,106041126,Muswellbrook,external,0.1882,301065.5,6426575.7,150.8876414,-32.2799373,421,171,0.0,0.0,0.0,0.0,0.0,0.0,0.0,0.0,0.0,0.0,8603,295.1,modelled_from_WPP_SA2,295.1,8.42,0.0,0.0,0.0,0.0
10604112639,106041126,Muswellbrook,external,1.3336,302207.4,6425053.6,150.8994423,-32.293862,301,88,0.0,0.0,0.0,0.0,0.0,0.0,0.0,0.0,0.0,0.0,8603,211.0,modelled_from_WPP_SA2,211.0,6.0200000000000005,0.0,0.0,0.0,0.0
10604112701,106041127,Muswellbrook Surrounds,external,0.4217,282359.6,6413609.2,150.6861747,-32.3933389,460,216,0.0,0.0,0.0,0.0,0.0,0.0,0.0,0.0,0.0,0.0,2206,248.4,modelled_from_WPP_SA2,248.4,9.200000000000001,0.0,0.0,0.0,0.0
10604112702,106041127,Muswellbrook Surrounds,external,232.2911,294940.9,6411967.7,150.8194902,-32.4105207,276,67,0.0,0.0,0.0,0.0,0.0,0.0,0.0,0.0,0.0,0.0,2206,149.0,modelled_from_WPP_SA2,149.0,5.5200000000000005,0.0,0.0,0.0,0.0
10604112704,106041127,Muswellbrook Surrounds,external,0.7652,281660.7,6414004.8,150.6788408,-32.3896365,0,0,0.0,0.0,0.0,0.0,0.0,0.0,0.0,0.0,0.0,0.0,2206,0.0,modelled_from_WPP_SA2,0.0,0.0,0.0,0.0,0.0,0.0
10604112705,106041127,Muswellbrook Surrounds,external,274.7047,268691.4,6431253.1,150.5452686,-32.2315629,238,94,0.0,0.0,0.0,0.0,0.0,0.0,0.0,0.0,0.0,0.0,2206,128.5,modelled_from_WPP_SA2,128.5,4.76,0.0,0.0,0.0,0.0
10604112706,106041127,Muswellbrook Surrounds,external,1808.6387,266280.7,6391888.1,150.509977,-32.5858496,495,193,0.0,0.0,0.0,0.0,0.0,0.0,0.0,0.0,0.0,0.0,2206,267.2,modelled_from_WPP_SA2,267.2,9.9,0.0,0.0,0.0,0.0
10604112707,106041127,Muswellbrook Surrounds,external,0.7398,281781.7,6413464.6,150.6800016,-32.3945292,211,88,0.0,0.0,0.0,0.0,0.0,0.0,0.0,0.0,0.0,0.0,2206,113.9,modelled_from_WPP_SA2,113.9,4.22,0.0,0.0,0.0,0.0
10604112708,106041127,Muswellbrook Surrounds,external,222.1691,289254.1,6427804.9,150.7625759,-32.2666971,292,126,0.0,0.0,0.0,0.0,0.0,0.0,0.0,0.0,0.0,0.0,2206,157.6,modelled_from_WPP_SA2,157.6,5.84,0.0,0.0,0.0,0.0
10604112709,106041127,Muswellbrook Surrounds,external,173.5501,278490.6,6423673.3,150.6474215,-32.3018625,334,146,0.0,0.0,0.0,0.0,0.0,0.0,0.0,0.0,0.0,0.0,2206,180.3,modelled_from_WPP_SA2,180.3,6.68,0.0,0.0,0.0,0.0
10604112710,106041127,Muswellbrook Surrounds,external,315.8757,315123.1,6428088.6,151.0371253,-32.2687053,633,220,0.0,0.0,0.0,0.0,0.0,0.0,0.0,0.0,0.0,0.0,2206,341.8,modelled_from_WPP_SA2,341.8,12.66,0.0,0.0,0.0,0.0
10604112711,106041127,Muswellbrook Surrounds,external,0.2826,282422.0,6414340.2,150.6870057,-32.386762,268,131,0.0,0.0,0.0,0.0,0.0,0.0,0.0,0.0,0.0,0.0,2206,144.7,modelled_from_WPP_SA2,144.7,5.36,0.0,0.0,0.0,0.0
10604112712,106041127,Muswellbrook Surrounds,external,0.5451,282341.8,6414678.6,150.6862314,-32.3836961,447,213,0.0,0.0,0.0,0.0,0.0,0.0,0.0,0.0,0.0,0.0,2206,241.3,modelled_from_WPP_SA2,241.3,8.94,0.0,0.0,0.0,0.0
10604112713,106041127,Muswellbrook Surrounds,external,113.4407,283607.0,6415417.2,150.6998398,-32.3772847,272,106,0.0,0.0,0.0,0.0,0.0,0.0,0.0,0.0,0.0,0.0,2206,146.9,modelled_from_WPP_SA2,146.9,5.44,0.0,0.0,0.0,0.0
10604112714,106041127,Muswellbrook Surrounds,external,0.5009,281478.8,6414931.4,150.6771218,-32.3812486,160,53,0.0,0.0,0.0,0.0,0.0,0.0,0.0,0.0,0.0,0.0,2206,86.4,modelled_from_WPP_SA2,86.4,3.2,0.0,0.0,0.0,0.0
10604112801,106041128,Scone,external,0.3294,299646.3,6452122.8,150.8779285,-32.049368,441,190,0.0,0.0,0.0,0.0,0.0,0.0,0.0,0.0,0.0,0.0,2989,218.8,modelled_from_WPP_SA2,218.8,8.82,0.0,0.0,0.0,0.0
10604112802,106041128,Scone,external,0.2741,299299.7,6451991.7,150.8742319,-32.0504889,456,220,0.0,0.0,0.0,0.0,0.0,0.0,0.0,0.0,0.0,0.0,2989,226.2,modelled_from_WPP_SA2,226.2,9.120000000000001,0.0,0.0,0.0,0.0
10604112803,106041128,Scone,external,1.7874,299192.7,6453319.4,150.8733764,-32.0384993,385,188,0.0,0.0,0.0,0.0,0.0,0.0,0.0,0.0,0.0,0.0,2989,191.0,modelled_from_WPP_SA2,191.0,7.7,0.0,0.0,0.0,0.0
10604112804,106041128,Scone,external,2.3193,298067.2,6451889.8,150.8611638,-32.0511874,578,295,0.0,0.0,0.0,0.0,0.0,0.0,0.0,0.0,0.0,0.0,2989,286.7,modelled_from_WPP_SA2,286.7,11.56,0.0,0.0,0.0,0.0
10604112805,106041128,Scone,external,55.9077,297569.5,6454082.4,150.8563569,-32.0313314,358,123,0.0,0.0,0.0,0.0,0.0,0.0,0.0,0.0,0.0,0.0,2989,177.6,modelled_from_WPP_SA2,177.6,7.16,0.0,0.0,0.0,0.0
10604112806,106041128,Scone,external,51.681,298540.0,6448563.6,150.8654725,-32.0812595,663,211,0.0,0.0,0.0,0.0,0.0,0.0,0.0,0.0,0.0,0.0,2989,328.9,modelled_from_WPP_SA2,328.9,13.26,0.0,0.0,0.0,0.0
10604112807,106041128,Scone,external,2.7069,295415.9,6453956.9,150.8335387,-32.0320757,231,90,0.0,0.0,0.0,0.0,0.0,0.0,0.0,0.0,0.0,0.0,2989,114.6,modelled_from_WPP_SA2,114.6,4.62,0.0,0.0,0.0,0.0
10604112808,106041128,Scone,external,0.2372,296296.7,6453154.7,150.8426898,-32.0394664,366,147,0.0,0.0,0.0,0.0,0.0,0.0,0.0,0.0,0.0,0.0,2989,181.6,modelled_from_WPP_SA2,181.6,7.32,0.0,0.0,0.0,0.0
10604112809,106041128,Scone,external,0.7801,296491.8,6452645.6,150.8446472,-32.044091,539,232,0.0,0.0,0.0,0.0,0.0,0.0,0.0,0.0,0.0,0.0,2989,267.4,modelled_from_WPP_SA2,267.4,10.78,0.0,0.0,0.0,0.0
10604112810,106041128,Scone,external,0.8873,300048.4,6451793.2,150.8821167,-32.0524113,641,236,0.0,0.0,0.0,0.0,0.0,0.0,0.0,0.0,0.0,0.0,2989,318.0,modelled_from_WPP_SA2,318.0,12.82,0.0,0.0,0.0,0.0
10604112811,106041128,Scone,external,0.7823,298374.0,6453117.8,150.8646692,-32.0401716,532,240,0.0,0.0,0.0,0.0,0.0,0.0,0.0,0.0,0.0,0.0,2989,263.9,modelled_from_WPP_SA2,263.9,10.64,0.0,0.0,0.0,0.0
10604112812,106041128,Scone,external,0.4184,298874.6,6451903.0,150.8697132,-32.0512129,441,198,0.0,0.0,0.0,0.0,0.0,0.0,0.0,0.0,0.0,0.0,2989,218.8,modelled_from_WPP_SA2,218.8,8.82,0.0,0.0,0.0,0.0
10604112813,106041128,Scone,external,0.4879,299259.8,6451257.8,150.8736571,-32.0570975,394,195,0.0,0.0,0.0,0.0,0.0,0.0,0.0,0.0,0.0,0.0,2989,195.5,modelled_from_WPP_SA2,195.5,7.88,0.0,0.0,0.0,0.0
10604112901,106041129,Scone Surrounds,external,1.2097,300670.6,6439550.0,150.8861599,-32.1628992,404,198,0.0,0.0,0.0,0.0,0.0,0.0,0.0,0.0,0.0,0.0,2442,120.6,modelled_from_WPP_SA2,120.6,8.08,0.0,0.0,0.0,0.0
10604112902,106041129,Scone Surrounds,external,0.5549,300841.8,6438378.3,150.8877304,-32.1734929,503,211,0.0,0.0,0.0,0.0,0.0,0.0,0.0,0.0,0.0,0.0,2442,150.1,modelled_from_WPP_SA2,150.1,10.06,0.0,0.0,0.0,0.0
10604112903,106041129,Scone Surrounds,external,1.5715,301784.6,6438414.5,150.8977314,-32.1733333,575,229,0.0,0.0,0.0,0.0,0.0,0.0,0.0,0.0,0.0,0.0,2442,171.6,modelled_from_WPP_SA2,171.6,11.5,0.0,0.0,0.0,0.0
10604112904,106041129,Scone Surrounds,external,1.3473,301513.1,6439657.2,150.895112,-32.1620819,385,183,0.0,0.0,0.0,0.0,0.0,0.0,0.0,0.0,0.0,0.0,2442,114.9,modelled_from_WPP_SA2,114.9,7.7,0.0,0.0,0.0,0.0
10604112905,106041129,Scone Surrounds,external,125.3207,291222.0,6440639.9,150.78626,-32.151361,245,95,0.0,0.0,0.0,0.0,0.0,0.0,0.0,0.0,0.0,0.0,2442,73.1,modelled_from_WPP_SA2,73.1,4.9,0.0,0.0,0.0,0.0
10604112906,106041129,Scone Surrounds,external,186.5258,310197.4,6449716.3,150.9891461,-32.0728865,309,109,0.0,0.0,0.0,0.0,0.0,0.0,0.0,0.0,0.0,0.0,2442,92.2,modelled_from_WPP_SA2,92.2,6.18,0.0,0.0,0.0,0.0
10604112907,106041129,Scone Surrounds,external,462.5664,325152.3,6442943.9,151.1462778,-32.136368,289,131,0.0,0.0,0.0,0.0,0.0,0.0,0.0,0.0,0.0,0.0,2442,86.3,modelled_from_WPP_SA2,86.3,5.78,0.0,0.0,0.0,0.0
10604112908,106041129,Scone Surrounds,external,268.4765,300549.4,6482987.1,150.8938397,-31.7712612,366,178,0.0,0.0,0.0,0.0,0.0,0.0,0.0,0.0,0.0,0.0,2442,109.2,modelled_from_WPP_SA2,109.2,7.32,0.0,0.0,0.0,0.0
10604112909,106041129,Scone Surrounds,external,149.4389,303644.1,6467838.5,150.9234423,-31.9083784,277,107,0.0,0.0,0.0,0.0,0.0,0.0,0.0,0.0,0.0,0.0,2442,82.7,modelled_from_WPP_SA2,82.7,5.54,0.0,0.0,0.0,0.0
10604112910,106041129,Scone Surrounds,external,157.8482,293873.3,6466003.3,150.8197828,-31.9231939,369,150,0.0,0.0,0.0,0.0,0.0,0.0,0.0,0.0,0.0,0.0,2442,110.1,modelled_from_WPP_SA2,110.1,7.38,0.0,0.0,0.0,0.0
10604112911,106041129,Scone Surrounds,external,73.7194,308932.3,6459023.3,150.977596,-31.9887607,165,79,0.0,0.0,0.0,0.0,0.0,0.0,0.0,0.0,0.0,0.0,2442,49.2,modelled_from_WPP_SA2,49.2,3.3000000000000003,0.0,0.0,0.0,0.0
10604112912,106041129,Scone Surrounds,external,987.1532,338152.5,6469094.6,151.2884405,-31.9024913,259,201,0.0,0.0,0.0,0.0,0.0,0.0,0.0,0.0,0.0,0.0,2442,77.3,modelled_from_WPP_SA2,77.3,5.18,0.0,0.0,0.0,0.0
10604112913,106041129,Scone Surrounds,external,1550.9378,327990.5,6483488.0,151.1835657,-31.7712063,365,183,0.0,0.0,0.0,0.0,0.0,0.0,0.0,0.0,0.0,0.0,2442,108.9,modelled_from_WPP_SA2,108.9,7.3,0.0,0.0,0.0,0.0
10604112914,106041129,Scone Surrounds,external,1.9256,251139.3,6441239.4,150.3617613,-32.1378134,287,114,0.0,0.0,0.0,0.0,0.0,0.0,0.0,0.0,0.0,0.0,2442,85.7,modelled_from_WPP_SA2,85.7,5.74,0.0,0.0,0.0,0.0
10604112915,106041129,Scone Surrounds,external,0.8349,250114.2,6440699.6,150.3507634,-32.1424507,266,136,0.0,0.0,0.0,0.0,0.0,0.0,0.0,0.0,0.0,0.0,2442,79.4,modelled_from_WPP_SA2,79.4,5.32,0.0,0.0,0.0,0.0
10604112916,106041129,Scone Surrounds,external,1.0558,250977.4,6440442.7,150.3598395,-32.144957,487,214,0.0,0.0,0.0,0.0,0.0,0.0,0.0,0.0,0.0,0.0,2442,145.4,modelled_from_WPP_SA2,145.4,9.74,0.0,0.0,0.0,0.0
10604112917,106041129,Scone Surrounds,external,1051.4652,218358.6,6458493.5,150.0196733,-31.9746462,298,162,0.0,0.0,0.0,0.0,0.0,0.0,0.0,0.0,0.0,0.0,2442,88.9,modelled_from_WPP_SA2,88.9,5.96,0.0,0.0,0.0,0.0
10604112918,106041129,Scone Surrounds,external,1039.6505,249083.8,6457226.8,150.3441613,-31.9932788,262,118,0.0,0.0,0.0,0.0,0.0,0.0,0.0,0.0,0.0,0.0,2442,78.2,modelled_from_WPP_SA2,78.2,5.24,0.0,0.0,0.0,0.0
10604112919,106041129,Scone Surrounds,external,459.54,270729.1,6456810.4,150.5729838,-32.0016201,161,92,0.0,0.0,0.0,0.0,0.0,0.0,0.0,0.0,0.0,0.0,2442,48.1,modelled_from_WPP_SA2,48.1,3.22,0.0,0.0,0.0,0.0
10604112920,106041129,Scone Surrounds,external,429.3679,285812.2,6458947.8,150.7330144,-31.9853055,404,170,0.0,0.0,0.0,0.0,0.0,0.0,0.0,0.0,0.0,0.0,2442,120.6,modelled_from_WPP_SA2,120.6,8.08,0.0,0.0,0.0,0.0
10604112921,106041129,Scone Surrounds,external,0.9378,294354.8,6484146.5,150.8287096,-31.75971,382,200,0.0,0.0,0.0,0.0,0.0,0.0,0.0,0.0,0.0,0.0,2442,114.0,modelled_from_WPP_SA2,114.0,7.640000000000001,0.0,0.0,0.0,0.0
10604112922,106041129,Scone Surrounds,external,1.4935,294909.9,6483447.7,150.8344194,-31.7661105,438,250,0.0,0.0,0.0,0.0,0.0,0.0,0.0,0.0,0.0,0.0,2442,130.7,modelled_from_WPP_SA2,130.7,8.76,0.0,0.0,0.0,0.0
10604112923,106041129,Scone Surrounds,external,999.0846,243529.8,6427295.8,150.2774265,-32.2617569,686,285,0.0,0.0,0.0,0.0,0.0,0.0,0.0,0.0,0.0,0.0,2442,204.7,modelled_from_WPP_SA2,204.7,13.72,0.0,0.0,0.0,0.0
11101120601,111011206,Belmont - Bennetts Green,core,4.5,378383.5,6347743.0,151.6981338,-33.001961,210,112,0.0,20.0,5.0,0.0,0.0,9.0,2.0,15.0,6.0,150.2,7190,1270.5,modelled_from_WPP_SA2,1270.5,11.7,227.5,131.0,15.0,140.0
11101120602,111011206,Belmont - Bennetts Green,core,1.4844,376287.1,6347568.7,151.6756743,-33.0032974,294,109,0.0,0.0,0.0,0.0,0.0,0.0,0.0,1.0,17.0,4.4,7190,37.2,modelled_from_WPP_SA2,37.2,6.38,0.5,1.0,1.0,1.0
11101120603,111011206,Belmont - Bennetts Green,core,0.126,377024.5,6345836.1,151.6833341,-33.019005,270,95,0.0,0.0,0.0,1.0,0.0,0.0,0.0,1.0,0.0,16.0,7190,135.3,modelled_from_WPP_SA2,135.3,35.9,0.5,4.0,6.0,4.0
11101120604,111011206,Belmont - Bennetts Green,core,0.13,376716.3,6345820.4,151.6800334,-33.0191116,335,124,0.0,0.0,0.0,0.0,0.0,2.0,0.0,0.0,0.0,4.0,7190,33.8,modelled_from_WPP_SA2,33.8,6.7,0.0,10.0,0.0,0.0
11101120605,111011206,Belmont - Bennetts Green,core,0.1541,376426.7,6345743.1,151.6769227,-33.0197763,442,174,0.0,0.0,1.0,0.0,0.0,5.0,0.0,0.0,0.0,16.0,7190,135.3,modelled_from_WPP_SA2,135.3,8.84,4.0,30.0,0.0,5.0
11101120606,111011206,Belmont - Bennetts Green,core,0.2115,374718.1,6344196.3,151.6584223,-33.0335293,565,301,0.0,3.0,4.0,1.0,0.0,0.0,1.0,13.0,5.0,68.0,7190,575.2,modelled_from_WPP_SA2,575.2,47.8,52.5,45.0,18.0,51.0
11101120607,111011206,Belmont - Bennetts Green,core,6.4342,376827.0,6344410.3,151.6810287,-33.0318404,0,0,0.0,0.0,0.0,0.0,0.0,0.0,4.0,7.0,0.0,19.0,7190,160.7,modelled_from_WPP_SA2,160.7,3.5,3.5,19.0,7.0,7.0
11101120608,111011206,Belmont - Bennetts Green,core,0.1007,375210.1,6344707.5,151.6637592,-33.0289759,310,135,0.0,0.0,0.0,0.0,0.0,0.0,0.0,0.0,2.0,0.4,7190,3.4,modelled_from_WPP_SA2,3.4,6.2,0.0,0.0,0.0,0.0
11101120609,111011206,Belmont - Bennetts Green,core,0.407,375420.2,6345170.0,151.666071,-33.0248297,496,187,0.0,3.0,2.0,0.0,0.0,0.0,0.0,5.0,0.0,29.0,7190,245.3,modelled_from_WPP_SA2,245.3,12.42,40.5,21.0,5.0,30.0
11101120610,111011206,Belmont - Bennetts Green,core,0.4381,376097.2,6345194.0,151.6733215,-33.0246906,778,289,0.0,0.0,0.0,0.0,0.0,3.0,0.0,0.0,0.0,6.0,7190,50.8,modelled_from_WPP_SA2,50.8,15.56,0.0,15.0,0.0,0.0
11101120611,111011206,Belmont - Bennetts Green,core,0.3972,377182.5,6345604.1,151.6849945,-33.0211152,419,159,1.0,1.0,0.0,0.0,0.0,0.0,0.0,6.0,0.0,22.0,7190,186.1,modelled_from_WPP_SA2,186.1,11.38,13.0,8.0,16.0,14.0
11101120612,111011206,Belmont - Bennetts Green,core,0.2457,376785.3,6346298.1,151.6808353,-33.0148117,546,194,0.0,0.0,0.0,1.0,0.0,0.0,0.0,0.0,0.0,15.0,7190,126.9,modelled_from_WPP_SA2,126.9,40.92,0.0,3.0,5.0,3.0
11101120613,111011206,Belmont - Bennetts Green,core,0.1693,375928.2,6345804.9,151.6715946,-33.0191619,361,140,0.0,0.0,0.0,0.0,0.0,1.0,0.0,1.0,0.0,3.0,7190,25.4,modelled_from_WPP_SA2,25.4,7.72,0.5,6.0,1.0,1.0
11101120614,111011206,Belmont - Bennetts Green,core,0.1048,376310.0,6345990.2,151.6757063,-33.0175346,284,119,0.0,0.0,0.0,0.0,0.0,1.0,0.0,0.0,1.0,2.2,7190,18.6,modelled_from_WPP_SA2,18.6,5.68,0.0,5.0,0.0,0.0
11101120615,111011206,Belmont - Bennetts Green,core,0.3136,376003.4,6346397.1,151.6724795,-33.0138298,572,216,0.0,0.0,0.0,0.0,0.0,3.0,0.0,0.0,0.0,6.0,7190,50.8,modelled_from_WPP_SA2,50.8,11.44,0.0,15.0,0.0,0.0
11101120616,111011206,Belmont - Bennetts Green,core,0.1867,376891.6,6346881.2,151.6820522,-33.0095654,383,138,0.0,0.0,0.0,0.0,0.0,0.0,0.0,0.0,0.0,0.0,7190,0.0,modelled_from_WPP_SA2,0.0,7.66,0.0,0.0,0.0,0.0
11101120617,111011206,Belmont - Bennetts Green,core,0.1182,376908.8,6346593.8,151.6821975,-33.0121589,274,103,0.0,0.0,0.0,0.0,0.0,2.0,0.0,0.0,0.0,4.0,7190,33.8,modelled_from_WPP_SA2,33.8,5.48,0.0,10.0,0.0,0.0
11101120618,111011206,Belmont - Bennetts Green,core,0.186,376339.6,6346362.0,151.6760738,-33.0141853,400,143,0.0,0.0,0.0,0.0,0.0,3.0,0.0,0.0,0.0,6.0,7190,50.8,modelled_from_WPP_SA2,50.8,8.0,0.0,15.0,0.0,0.0
11101120619,111011206,Belmont - Bennetts Green,core,0.2748,377329.7,6346673.5,151.6867129,-33.0114875,520,197,0.0,9.0,4.0,0.0,2.0,0.0,0.0,3.0,0.0,79.0,7190,668.2,modelled_from_WPP_SA2,668.2,11.9,107.5,49.0,9.0,68.0
11101120620,111011206,Belmont - Bennetts Green,core,0.4873,377576.7,6346325.5,151.6893101,-33.0146535,444,171,0.0,0.0,0.0,0.0,0.0,0.0,0.0,3.0,0.0,3.0,7190,25.4,modelled_from_WPP_SA2,25.4,10.38,1.5,3.0,3.0,3.0
11101120621,111011206,Belmont - Bennetts Green,core,0.5277,374133.6,6345757.6,151.6523782,-33.019383,480,154,0.0,0.0,0.0,0.0,0.0,0.0,0.0,0.0,0.0,0.0,7190,0.0,modelled_from_WPP_SA2,0.0,9.6,0.0,0.0,0.0,0.0
11101120622,111011206,Belmont - Bennetts Green,core,0.2224,374051.3,6345305.8,151.651436,-33.0234473,405,157,0.0,0.0,0.0,0.0,0.0,0.0,0.0,0.0,0.0,0.0,7190,0.0,modelled_from_WPP_SA2,0.0,8.1,0.0,0.0,0.0,0.0
11101120623,111011206,Belmont - Bennetts Green,core,0.3388,373656.4,6345073.2,151.6471764,-33.0254995,559,259,0.0,0.0,0.0,0.0,1.0,0.0,0.0,7.0,0.0,15.0,7190,126.9,modelled_from_WPP_SA2,126.9,14.68,3.5,11.0,10.0,7.0
11101120624,111011206,Belmont - Bennetts Green,core,0.1734,375844.5,6346817.3,151.6708362,-33.0100227,395,138,0.0,0.0,0.0,0.0,0.0,0.0,0.0,0.0,0.0,0.0,7190,0.0,modelled_from_WPP_SA2,0.0,7.9,0.0,0.0,0.0,0.0
11101120625,111011206,Belmont - Bennetts Green,core,0.2063,375436.7,6347014.0,151.666498,-33.0082021,476,148,0.0,0.0,0.0,0.0,0.0,0.0,0.0,0.0,0.0,0.0,7190,0.0,modelled_from_WPP_SA2,0.0,9.52,0.0,0.0,0.0,0.0
11101120626,111011206,Belmont - Bennetts Green,core,0.4449,375033.5,6346992.9,151.6621798,-33.0083461,571,209,1.0,0.0,0.0,0.0,0.0,0.0,0.0,1.0,0.0,13.0,7190,110.0,modelled_from_WPP_SA2,110.0,11.92,0.5,1.0,11.0,4.0
11101120627,111011206,Belmont - Bennetts Green,core,0.4557,374994.5,6346232.3,151.661658,-33.0152011,557,222,0.0,0.0,0.0,0.0,0.0,1.0,0.0,2.0,0.0,4.0,7190,33.8,modelled_from_WPP_SA2,33.8,12.14,1.0,7.0,2.0,2.0
11101120628,111011206,Belmont - Bennetts Green,core,0.3563,375490.5,6346213.0,151.6669653,-33.0154315,481,171,0.0,0.0,0.0,0.0,0.0,5.0,0.0,2.0,0.0,12.0,7190,101.5,modelled_from_WPP_SA2,101.5,10.620000000000001,1.0,27.0,2.0,2.0
11101120629,111011206,Belmont - Bennetts Green,core,0.3656,374786.0,6343217.7,151.6590149,-33.0423623,433,247,0.0,0.0,1.0,1.0,0.0,0.0,3.0,8.0,1.0,38.2,7190,323.1,modelled_from_WPP_SA2,323.1,42.66,8.0,25.0,13.0,16.0
11101120630,111011206,Belmont - Bennetts Green,core,0.1783,374627.4,6343410.4,151.6573432,-33.0406065,366,184,0.0,3.0,3.0,0.0,0.0,1.0,1.0,1.0,4.0,36.8,7190,311.3,modelled_from_WPP_SA2,311.3,7.82,42.5,30.0,1.0,31.0
11101120631,111011206,Belmont - Bennetts Green,core,0.1437,375089.0,6343767.3,151.662334,-33.0374405,397,192,1.0,0.0,0.0,3.0,1.0,1.0,0.0,6.0,1.0,73.2,7190,619.2,modelled_from_WPP_SA2,619.2,100.94,3.0,24.0,34.0,18.0
11101120632,111011206,Belmont - Bennetts Green,core,0.1266,375734.7,6345609.1,151.6694974,-33.0209056,323,135,0.0,0.0,0.0,0.0,0.0,0.0,0.0,0.0,0.0,0.0,7190,0.0,modelled_from_WPP_SA2,0.0,6.46,0.0,0.0,0.0,0.0
11101120633,111011206,Belmont - Bennetts Green,core,0.5298,375333.8,6344255.0,151.6650214,-33.0330713,735,367,0.0,0.0,5.0,1.0,1.0,41.0,0.0,10.0,5.0,146.0,7190,1235.0,modelled_from_WPP_SA2,1235.0,49.7,25.0,247.0,18.0,38.0
11101120634,111011206,Belmont - Bennetts Green,core,0.2116,375177.1,6345465.0,151.6635081,-33.0221415,537,222,0.0,2.0,0.0,0.0,0.0,1.0,0.0,4.0,0.0,14.0,7190,118.4,modelled_from_WPP_SA2,118.4,12.74,22.0,13.0,4.0,14.0
11101120635,111011206,Belmont - Bennetts Green,core,0.2578,374829.8,6345569.7,151.6598052,-33.0211569,314,130,0.0,0.0,0.0,0.0,0.0,1.0,0.0,3.0,0.0,5.0,7190,42.3,modelled_from_WPP_SA2,42.3,7.78,1.5,8.0,3.0,3.0
11101120636,111011206,Belmont - Bennetts Green,core,0.1217,374819.7,6345165.9,151.6596419,-33.0247974,356,157,0.0,2.0,0.0,0.0,0.0,2.0,0.0,6.0,1.0,18.2,7190,154.0,modelled_from_WPP_SA2,154.0,10.120000000000001,23.0,20.0,6.0,16.0
11101120637,111011206,Belmont - Bennetts Green,core,0.2039,374825.1,6344760.9,151.6596447,-33.0284503,410,175,0.0,2.0,0.0,0.0,0.0,0.0,0.0,0.0,2.0,8.4,7190,71.1,modelled_from_WPP_SA2,71.1,8.2,20.0,4.0,0.0,10.0
11101120638,111011206,Belmont - Bennetts Green,core,0.2177,374474.6,6345089.1,151.655937,-33.0254502,554,234,0.0,0.0,0.0,0.0,0.0,0.0,0.0,0.0,0.0,0.0,7190,0.0,modelled_from_WPP_SA2,0.0,11.08,0.0,0.0,0.0,0.0
11101120639,111011206,Belmont - Bennetts Green,core,0.1772,374272.2,6344520.2,151.6536927,-33.0305575,405,212,0.0,0.0,1.0,0.0,0.0,1.0,0.0,1.0,0.0,9.0,7190,76.1,modelled_from_WPP_SA2,76.1,8.6,4.5,11.0,1.0,6.0
11101120640,111011206,Belmont - Bennetts Green,core,0.1946,373591.8,6344616.7,151.6464223,-33.0296079,473,197,0.0,0.0,0.0,0.0,0.0,0.0,0.0,0.0,0.0,0.0,7190,0.0,modelled_from_WPP_SA2,0.0,9.46,0.0,0.0,0.0,0.0
11101120641,111011206,Belmont - Bennetts Green,core,0.1398,373169.0,6345192.5,151.6419749,-33.0243666,402,138,0.0,0.0,0.0,0.0,0.0,0.0,0.0,0.0,0.0,0.0,7190,0.0,modelled_from_WPP_SA2,0.0,8.040000000000001,0.0,0.0,0.0,0.0
11101120642,111011206,Belmont - Bennetts Green,core,0.1376,374138.6,6344900.8,151.6523144,-33.0271095,320,153,0.0,0.0,0.0,0.0,0.0,2.0,0.0,0.0,0.0,4.0,7190,33.8,modelled_from_WPP_SA2,33.8,6.4,0.0,10.0,0.0,0.0
11101120701,111011207,Belmont South - Blacksmiths,core,0.5899,374339.8,6338874.3,151.6536409,-33.081479,447,208,0.0,0.0,0.0,0.0,0.0,22.0,0.0,15.0,0.0,59.0,742,169.9,modelled_from_WPP_SA2,169.9,16.439999999999998,7.5,125.0,15.0,15.0
11101120702,111011207,Belmont South - Blacksmiths,core,0.2864,374369.8,6339513.5,151.6540509,-33.0757183,486,187,0.0,0.0,0.0,0.0,0.0,2.0,0.0,0.0,0.0,4.0,742,11.5,modelled_from_WPP_SA2,11.5,9.72,0.0,10.0,0.0,0.0
11101120703,111011207,Belmont South - Blacksmiths,core,0.359,374416.3,6339992.5,151.6546148,-33.071404,395,173,0.0,0.0,0.0,1.0,0.0,5.0,2.0,1.0,0.0,32.0,742,92.2,modelled_from_WPP_SA2,92.2,38.4,0.5,35.0,6.0,4.0
11101120704,111011207,Belmont South - Blacksmiths,core,0.2349,373650.6,6339657.9,151.6463676,-33.0743321,222,97,0.0,0.0,0.0,0.0,0.0,4.0,0.0,0.0,0.0,8.0,742,23.0,modelled_from_WPP_SA2,23.0,4.44,0.0,20.0,0.0,0.0
11101120705,111011207,Belmont South - Blacksmiths,core,0.1809,373325.5,6341760.5,151.6431758,-33.0553341,437,196,0.0,0.0,0.0,0.0,0.0,2.0,1.0,1.0,0.0,8.0,742,23.0,modelled_from_WPP_SA2,23.0,9.24,0.5,14.0,1.0,1.0
11101120706,111011207,Belmont South - Blacksmiths,core,0.1767,373984.5,6341507.1,151.6501984,-33.0576954,353,156,0.0,0.0,0.0,1.0,0.0,15.0,2.0,0.0,0.0,51.0,742,146.9,modelled_from_WPP_SA2,146.9,37.06,0.0,84.0,5.0,3.0
11101120707,111011207,Belmont South - Blacksmiths,core,0.1167,374058.8,6341748.5,151.6510265,-33.0555269,419,232,0.0,0.0,0.0,0.0,0.0,1.0,0.0,1.0,1.0,3.2,742,9.2,modelled_from_WPP_SA2,9.2,8.88,0.5,6.0,1.0,1.0
11101120708,111011207,Belmont South - Blacksmiths,core,0.222,374157.7,6342299.4,151.6521614,-33.0505707,441,202,0.0,0.0,0.0,0.0,0.0,15.0,0.0,7.0,0.0,37.0,742,106.6,modelled_from_WPP_SA2,106.6,12.32,3.5,82.0,7.0,7.0
11101120709,111011207,Belmont South - Blacksmiths,core,0.2114,374573.8,6342124.4,151.6565931,-33.0521973,458,199,0.0,0.0,0.0,0.0,0.0,0.0,1.0,2.0,1.0,5.2,742,15.0,modelled_from_WPP_SA2,15.0,10.16,1.0,5.0,2.0,2.0
11101120710,111011207,Belmont South - Blacksmiths,core,0.7511,375784.7,6342695.7,151.6696376,-33.0471842,0,0,0.0,0.0,0.0,0.0,0.0,1.0,0.0,2.0,0.0,4.0,742,11.5,modelled_from_WPP_SA2,11.5,1.0,1.0,7.0,2.0,2.0
11101120711,111011207,Belmont South - Blacksmiths,core,0.286,373907.7,6339876.4,151.6491507,-33.0723916,343,144,0.0,0.0,0.0,0.0,0.0,3.0,0.0,0.0,0.0,6.0,742,17.3,modelled_from_WPP_SA2,17.3,6.86,0.0,15.0,0.0,0.0
11101120712,111011207,Belmont South - Blacksmiths,core,0.5614,373681.5,6339103.6,151.6466213,-33.0793347,561,282,0.0,1.0,1.0,0.0,0.0,0.0,1.0,5.0,0.0,18.0,742,51.8,modelled_from_WPP_SA2,51.8,13.72,16.5,15.0,5.0,15.0
11101120713,111011207,Belmont South - Blacksmiths,core,0.1703,373370.9,6340063.2,151.6434277,-33.0706449,308,138,0.0,0.0,0.0,0.0,0.0,3.0,0.0,3.0,0.0,9.0,742,25.9,modelled_from_WPP_SA2,25.9,7.66,1.5,18.0,3.0,3.0
11101120714,111011207,Belmont South - Blacksmiths,core,1.7759,374659.9,6341270.0,151.6573985,-33.059912,0,0,0.0,0.0,0.0,0.0,0.0,1.0,0.0,2.0,0.0,4.0,742,11.5,modelled_from_WPP_SA2,11.5,1.0,1.0,7.0,2.0,2.0
11101120715,111011207,Belmont South - Blacksmiths,core,0.7957,373609.9,6340927.6,151.6461061,-33.062878,540,268,0.0,0.0,0.0,0.0,0.0,1.0,1.0,1.0,0.0,6.0,742,17.3,modelled_from_WPP_SA2,17.3,11.3,0.5,9.0,1.0,1.0
11101120716,111011207,Belmont South - Blacksmiths,core,0.0863,374588.2,6342617.8,151.6568151,-33.0477489,268,124,0.0,0.0,0.0,0.0,0.0,0.0,1.0,0.0,1.0,3.2,742,9.2,modelled_from_WPP_SA2,9.2,5.36,0.0,3.0,0.0,0.0
11101120801,111011208,Charlestown - Dudley,core,0.1244,379754.9,6352227.6,151.7133977,-32.9616709,419,180,0.0,0.0,1.0,0.0,0.0,0.0,0.0,1.0,1.0,7.2,12724,66.5,modelled_from_WPP_SA2,66.5,8.88,4.5,6.0,1.0,6.0
11101120802,111011208,Charlestown - Dudley,core,0.1425,377095.7,6352878.9,151.685038,-32.9555007,325,150,0.0,0.0,0.0,0.0,1.0,0.0,0.0,0.0,1.0,8.2,12724,75.8,modelled_from_WPP_SA2,75.8,6.5,0.0,4.0,3.0,0.0
11101120803,111011208,Charlestown - Dudley,core,0.2132,377563.8,6352736.2,151.690026,-32.9568409,306,126,0.0,0.0,0.0,0.0,0.0,0.0,0.0,1.0,1.0,1.2,12724,11.1,modelled_from_WPP_SA2,11.1,6.62,0.5,1.0,1.0,1.0
11101120804,111011208,Charlestown - Dudley,core,0.0941,376948.9,6352590.0,151.6834296,-32.9580902,263,100,0.0,0.0,0.0,0.0,0.0,0.0,0.0,1.0,0.0,1.0,12724,9.2,modelled_from_WPP_SA2,9.2,5.76,0.5,1.0,1.0,1.0
11101120806,111011208,Charlestown - Dudley,core,0.1495,379757.1,6350074.2,151.7131394,-32.9810911,310,132,0.0,0.0,0.0,0.0,0.0,0.0,0.0,5.0,0.0,5.0,12724,46.2,modelled_from_WPP_SA2,46.2,8.7,2.5,5.0,5.0,5.0
11101120807,111011208,Charlestown - Dudley,core,0.2403,378054.7,6350277.0,151.6949517,-32.9790727,424,159,0.0,0.0,0.0,3.0,0.0,0.0,0.0,0.0,1.0,45.2,12724,417.6,modelled_from_WPP_SA2,417.6,98.48,0.0,9.0,15.0,9.0
11101120808,111011208,Charlestown - Dudley,core,3.3528,381103.6,6351515.8,151.7277338,-32.9682376,408,133,0.0,0.0,0.0,0.0,0.0,35.0,8.0,14.0,0.0,108.0,12724,997.8,modelled_from_WPP_SA2,997.8,15.16,7.0,213.0,14.0,14.0
11101120809,111011208,Charlestown - Dudley,core,0.5129,380868.9,6352863.0,151.7253969,-32.9560631,375,121,0.0,0.0,0.0,1.0,0.0,0.0,1.0,0.0,0.0,18.0,12724,166.3,modelled_from_WPP_SA2,166.3,37.5,0.0,6.0,5.0,3.0
11101120810,111011208,Charlestown - Dudley,core,0.1982,379721.6,6352872.4,151.7131259,-32.9558525,396,149,0.0,0.0,0.0,0.0,0.0,1.0,0.0,3.0,2.0,5.4,12724,49.9,modelled_from_WPP_SA2,49.9,9.42,1.5,8.0,3.0,3.0
11101120811,111011208,Charlestown - Dudley,core,0.21,379236.8,6352816.3,151.7079324,-32.9563044,375,150,0.0,0.0,0.0,0.0,0.0,0.0,0.0,3.0,2.0,3.4,12724,31.4,modelled_from_WPP_SA2,31.4,9.0,1.5,3.0,3.0,3.0
11101120812,111011208,Charlestown - Dudley,core,0.2618,379868.5,6352456.7,151.7146426,-32.9596171,345,133,0.0,0.0,0.0,0.0,0.0,3.0,0.0,1.0,0.0,7.0,12724,64.7,modelled_from_WPP_SA2,64.7,7.4,0.5,16.0,1.0,1.0
11101120813,111011208,Charlestown - Dudley,core,0.1622,378022.5,6349816.1,151.6945459,-32.9832256,310,149,0.0,0.0,0.0,0.0,0.0,0.0,0.0,0.0,1.0,0.2,12724,1.8,modelled_from_WPP_SA2,1.8,6.2,0.0,0.0,0.0,0.0
11101120814,111011208,Charlestown - Dudley,core,0.2862,379907.4,6350425.2,151.7147935,-32.9779419,442,179,0.0,0.0,0.0,0.0,0.0,1.0,0.0,1.0,0.0,3.0,12724,27.7,modelled_from_WPP_SA2,27.7,9.34,0.5,6.0,1.0,1.0
11101120815,111011208,Charlestown - Dudley,core,0.1654,379222.2,6351778.9,151.7076405,-32.9656583,511,215,0.0,0.0,0.0,0.0,0.0,0.0,0.0,0.0,1.0,0.2,12724,1.8,modelled_from_WPP_SA2,1.8,10.22,0.0,0.0,0.0,0.0
11101120816,111011208,Charlestown - Dudley,core,0.1417,379085.1,6352546.9,151.706275,-32.9587171,349,131,0.0,0.0,0.0,0.0,0.0,1.0,0.0,0.0,1.0,2.2,12724,20.3,modelled_from_WPP_SA2,20.3,6.98,0.0,5.0,0.0,0.0
11101120817,111011208,Charlestown - Dudley,core,0.1697,378836.8,6352433.7,151.7036034,-32.9597108,542,209,0.0,0.0,0.0,0.0,0.0,0.0,0.0,0.0,1.0,0.2,12724,1.8,modelled_from_WPP_SA2,1.8,10.84,0.0,0.0,0.0,0.0
11101120818,111011208,Charlestown - Dudley,core,0.1608,379362.5,6352303.8,151.7092101,-32.96094,425,210,0.0,0.0,0.0,0.0,0.0,0.0,0.0,0.0,1.0,0.2,12724,1.8,modelled_from_WPP_SA2,1.8,8.5,0.0,0.0,0.0,0.0
11101120819,111011208,Charlestown - Dudley,core,0.1702,378485.8,6352364.3,151.6998398,-32.9602977,485,195,0.0,3.0,2.0,0.0,0.0,0.0,0.0,1.0,3.0,25.6,12724,236.5,modelled_from_WPP_SA2,236.5,10.200000000000001,38.5,17.0,1.0,26.0
11101120820,111011208,Charlestown - Dudley,core,0.1675,378823.0,6352151.1,151.703419,-32.9622578,341,184,0.0,0.0,0.0,0.0,0.0,0.0,0.0,0.0,0.0,0.0,12724,0.0,modelled_from_WPP_SA2,0.0,6.82,0.0,0.0,0.0,0.0
11101120821,111011208,Charlestown - Dudley,core,0.1645,378849.4,6351885.4,151.7036663,-32.964657,445,187,0.0,1.0,0.0,0.0,0.0,2.0,0.0,1.0,1.0,9.2,12724,85.0,modelled_from_WPP_SA2,85.0,9.4,10.5,13.0,1.0,6.0
11101120822,111011208,Charlestown - Dudley,core,0.382,378845.9,6351498.3,151.7035776,-32.9681475,464,182,0.0,0.0,0.0,0.0,0.0,0.0,0.0,0.0,2.0,0.4,12724,3.7,modelled_from_WPP_SA2,3.7,9.28,0.0,0.0,0.0,0.0
11101120823,111011208,Charlestown - Dudley,core,2.3767,380706.2,6347824.7,151.7230026,-33.0014812,0,0,0.0,0.0,0.0,0.0,0.0,2.0,2.0,1.0,0.0,11.0,12724,101.6,modelled_from_WPP_SA2,101.6,0.5,0.5,17.0,1.0,1.0
11101120824,111011208,Charlestown - Dudley,core,0.0704,377244.2,6351028.1,151.6863803,-32.9722086,197,87,0.0,0.0,0.0,0.0,0.0,0.0,0.0,0.0,0.0,0.0,12724,0.0,modelled_from_WPP_SA2,0.0,3.94,0.0,0.0,0.0,0.0
11101120825,111011208,Charlestown - Dudley,core,0.2944,377548.3,6350994.2,151.689629,-32.9725482,377,148,0.0,0.0,0.0,0.0,0.0,3.0,0.0,1.0,2.0,7.4,12724,68.4,modelled_from_WPP_SA2,68.4,8.04,0.5,16.0,1.0,1.0
11101120826,111011208,Charlestown - Dudley,core,0.4463,380326.5,6348902.8,151.7190799,-32.9917168,649,225,0.0,0.0,1.0,1.0,0.0,14.0,1.0,2.0,0.0,54.0,12724,498.9,modelled_from_WPP_SA2,498.9,43.980000000000004,5.0,83.0,7.0,10.0
11101120827,111011208,Charlestown - Dudley,core,0.2009,380229.1,6349408.1,151.7181029,-32.9871494,569,205,0.0,0.0,0.0,0.0,0.0,1.0,0.0,0.0,0.0,2.0,12724,18.5,modelled_from_WPP_SA2,18.5,11.38,0.0,5.0,0.0,0.0
11101120828,111011208,Charlestown - Dudley,core,0.2221,377400.7,6351550.0,151.6881238,-32.9675191,451,168,0.0,0.0,0.0,1.0,0.0,0.0,0.0,0.0,2.0,15.4,12724,142.3,modelled_from_WPP_SA2,142.3,39.019999999999996,0.0,3.0,5.0,3.0
11101120829,111011208,Charlestown - Dudley,core,0.1811,377054.1,6351553.7,151.684416,-32.9674472,314,115,0.0,0.0,0.0,0.0,0.0,0.0,0.0,0.0,0.0,0.0,12724,0.0,modelled_from_WPP_SA2,0.0,6.28,0.0,0.0,0.0,0.0
11101120830,111011208,Charlestown - Dudley,core,0.2099,376754.8,6350950.0,151.6811336,-32.9728576,325,120,0.0,0.0,0.0,2.0,0.0,0.0,0.0,0.0,2.0,30.4,12724,280.9,modelled_from_WPP_SA2,280.9,66.5,0.0,6.0,10.0,6.0
11101120831,111011208,Charlestown - Dudley,core,0.1149,379522.2,6349961.4,151.7106119,-32.9820822,369,135,0.0,0.0,0.0,0.0,0.0,0.0,0.0,0.0,0.0,0.0,12724,0.0,modelled_from_WPP_SA2,0.0,7.38,0.0,0.0,0.0,0.0
11101120832,111011208,Charlestown - Dudley,core,0.1458,378553.6,6350108.0,151.7002671,-32.9806524,247,85,0.0,0.0,0.0,0.0,0.0,0.0,0.0,0.0,1.0,0.2,12724,1.8,modelled_from_WPP_SA2,1.8,4.94,0.0,0.0,0.0,0.0
11101120833,111011208,Charlestown - Dudley,core,0.1707,378491.1,6350475.9,151.6996469,-32.9773275,296,105,0.0,0.0,0.0,0.0,0.0,0.0,0.0,0.0,0.0,0.0,12724,0.0,modelled_from_WPP_SA2,0.0,5.92,0.0,0.0,0.0,0.0
11101120834,111011208,Charlestown - Dudley,core,0.2269,378911.9,6350545.4,151.7041583,-32.9767476,313,118,0.0,0.0,0.0,0.0,0.0,0.0,0.0,0.0,0.0,0.0,12724,0.0,modelled_from_WPP_SA2,0.0,6.26,0.0,0.0,0.0,0.0
11101120835,111011208,Charlestown - Dudley,core,0.4728,379033.6,6350876.4,151.7055038,-32.9737765,410,170,0.0,0.0,0.0,1.0,0.0,32.0,0.0,5.0,0.0,84.0,12724,776.1,modelled_from_WPP_SA2,776.1,40.7,2.5,168.0,10.0,8.0
11101120836,111011208,Charlestown - Dudley,core,0.161,377056.6,6350091.0,151.684247,-32.9806382,529,191,0.0,0.0,0.0,0.0,0.0,0.0,0.0,0.0,4.0,0.8,12724,7.4,modelled_from_WPP_SA2,7.4,10.58,0.0,0.0,0.0,0.0
11101120837,111011208,Charlestown - Dudley,core,0.1237,376784.5,6350255.6,151.6813581,-32.9791232,434,157,0.0,0.0,0.0,0.0,0.0,0.0,0.0,0.0,0.0,0.0,12724,0.0,modelled_from_WPP_SA2,0.0,8.68,0.0,0.0,0.0,0.0
11101120838,111011208,Charlestown - Dudley,core,0.1727,376915.0,6350603.3,151.6828014,-32.9760024,289,115,0.0,0.0,0.0,1.0,0.0,3.0,0.0,2.0,1.0,23.2,12724,214.3,modelled_from_WPP_SA2,214.3,36.78,1.0,20.0,7.0,5.0
11101120839,111011208,Charlestown - Dudley,core,0.1548,378420.1,6351177.2,151.69898,-32.9709956,468,170,0.0,0.0,0.0,0.0,0.0,0.0,0.0,0.0,1.0,0.2,12724,1.8,modelled_from_WPP_SA2,1.8,9.36,0.0,0.0,0.0,0.0
11101120840,111011208,Charlestown - Dudley,core,0.1921,378326.2,6350906.7,151.6979401,-32.9734247,442,175,0.0,0.0,0.0,0.0,0.0,0.0,0.0,0.0,1.0,0.2,12724,1.8,modelled_from_WPP_SA2,1.8,8.84,0.0,0.0,0.0,0.0
11101120841,111011208,Charlestown - Dudley,core,0.1734,378206.7,6350585.8,151.6966192,-32.9763046,473,180,0.0,0.0,0.0,0.0,0.0,0.0,0.0,0.0,0.0,0.0,12724,0.0,modelled_from_WPP_SA2,0.0,9.46,0.0,0.0,0.0,0.0
11101120842,111011208,Charlestown - Dudley,core,0.193,377957.0,6351069.2,151.6940118,-32.9719178,329,132,0.0,0.0,0.0,0.0,0.0,0.0,0.0,1.0,1.0,1.2,12724,11.1,modelled_from_WPP_SA2,11.1,7.08,0.5,1.0,1.0,1.0
11101120844,111011208,Charlestown - Dudley,core,0.1403,378287.0,6351903.4,151.697652,-32.9644317,244,146,0.0,0.0,3.0,6.0,5.0,3.0,0.0,5.0,3.0,159.6,12724,1474.6,modelled_from_WPP_SA2,1474.6,187.38,14.5,73.0,50.0,38.0
11101120845,111011208,Charlestown - Dudley,core,0.2213,376515.8,6351721.2,151.6786799,-32.9658754,334,132,0.0,0.0,0.0,0.0,0.0,1.0,0.0,0.0,0.0,2.0,12724,18.5,modelled_from_WPP_SA2,18.5,6.68,0.0,5.0,0.0,0.0
11101120846,111011208,Charlestown - Dudley,core,0.1512,376475.0,6351305.7,151.6781872,-32.9696183,448,143,0.0,0.0,0.0,0.0,0.0,2.0,0.0,0.0,0.0,4.0,12724,37.0,modelled_from_WPP_SA2,37.0,8.96,0.0,10.0,0.0,0.0
11101120847,111011208,Charlestown - Dudley,core,0.1072,376781.5,6351550.4,151.6814996,-32.9674464,280,107,0.0,0.0,0.0,0.0,0.0,0.0,0.0,0.0,1.0,0.2,12724,1.8,modelled_from_WPP_SA2,1.8,5.6000000000000005,0.0,0.0,0.0,0.0
11101120848,111011208,Charlestown - Dudley,core,0.297,376841.3,6352209.5,151.6822278,-32.9615092,343,145,0.0,0.0,0.0,2.0,0.0,1.0,0.0,0.0,0.0,32.0,12724,295.6,modelled_from_WPP_SA2,295.6,66.86,0.0,11.0,10.0,6.0
11101120849,111011208,Charlestown - Dudley,core,0.1852,377237.6,6352114.9,151.6864544,-32.962407,431,163,0.0,0.0,0.0,0.0,0.0,2.0,0.0,0.0,1.0,4.2,12724,38.8,modelled_from_WPP_SA2,38.8,8.620000000000001,0.0,10.0,0.0,0.0
11101120850,111011208,Charlestown - Dudley,core,0.099,376857.5,6351252.3,151.6822725,-32.970143,269,99,0.0,0.0,0.0,0.0,0.0,0.0,0.0,0.0,0.0,0.0,12724,0.0,modelled_from_WPP_SA2,0.0,5.38,0.0,0.0,0.0,0.0
11101120851,111011208,Charlestown - Dudley,core,0.1638,377831.5,6351570.1,151.6927353,-32.9673868,266,113,0.0,0.0,0.0,0.0,0.0,10.0,0.0,5.0,0.0,25.0,12724,231.0,modelled_from_WPP_SA2,231.0,7.82,2.5,55.0,5.0,5.0
11101120852,111011208,Charlestown - Dudley,core,0.1867,377599.3,6352126.0,151.6903246,-32.962347,357,169,0.0,0.0,0.0,0.0,0.0,0.0,0.0,0.0,0.0,0.0,12724,0.0,modelled_from_WPP_SA2,0.0,7.140000000000001,0.0,0.0,0.0,0.0
11101120853,111011208,Charlestown - Dudley,core,0.3412,380254.3,6350033.1,151.7184544,-32.9815157,353,125,0.0,0.0,0.0,0.0,0.0,3.0,0.0,0.0,0.0,6.0,12724,55.4,modelled_from_WPP_SA2,55.4,7.0600000000000005,0.0,15.0,0.0,0.0
11101120854,111011208,Charlestown - Dudley,core,0.4825,379665.3,6349309.2,151.7120573,-32.9879792,273,106,0.0,0.0,0.0,0.0,0.0,0.0,0.0,1.0,0.0,1.0,12724,9.2,modelled_from_WPP_SA2,9.2,5.96,0.5,1.0,1.0,1.0
11101120855,111011208,Charlestown - Dudley,core,0.2675,379684.4,6351847.2,151.7125944,-32.9650932,714,301,0.0,0.0,0.0,1.0,0.0,5.0,0.0,2.0,1.0,27.2,12724,251.3,modelled_from_WPP_SA2,251.3,45.28,1.0,30.0,7.0,5.0
11101120856,111011208,Charlestown - Dudley,core,0.2638,381124.0,6348951.4,151.7276207,-32.9913662,312,118,0.0,0.0,0.0,0.0,0.0,3.0,2.0,6.0,0.0,18.0,12724,166.3,modelled_from_WPP_SA2,166.3,9.24,3.0,27.0,6.0,6.0
11101120857,111011208,Charlestown - Dudley,core,0.8529,380878.0,6349740.1,151.7250895,-32.9842263,350,137,0.0,0.0,1.0,0.0,0.0,8.0,0.0,1.0,0.0,23.0,12724,212.5,modelled_from_WPP_SA2,212.5,7.5,4.5,46.0,1.0,6.0
11101120858,111011208,Charlestown - Dudley,core,0.4019,378131.4,6352612.2,151.6960815,-32.9580222,396,165,0.0,2.0,1.0,1.0,0.0,0.0,3.0,6.0,1.0,44.2,12724,408.4,modelled_from_WPP_SA2,408.4,40.92,27.0,27.0,11.0,24.0
11101120859,111011208,Charlestown - Dudley,core,0.1596,377406.1,6352470.7,151.6883047,-32.9592169,485,224,0.0,0.0,0.0,0.0,0.0,0.0,0.0,0.0,2.0,0.4,12724,3.7,modelled_from_WPP_SA2,3.7,9.700000000000001,0.0,0.0,0.0,0.0
11101120860,111011208,Charlestown - Dudley,core,0.7526,377461.2,6349455.6,151.6884916,-32.9864138,561,221,0.0,0.0,1.0,2.0,1.0,12.0,0.0,2.0,1.0,70.2,12724,648.6,modelled_from_WPP_SA2,648.6,72.22,5.0,77.0,15.0,13.0
11101120861,111011208,Charlestown - Dudley,core,0.1421,377599.6,6350546.0,151.6901176,-32.9765956,327,140,0.0,0.0,0.0,0.0,0.0,0.0,0.0,0.0,1.0,0.2,12724,1.8,modelled_from_WPP_SA2,1.8,6.54,0.0,0.0,0.0,0.0
11101120862,111011208,Charlestown - Dudley,core,0.1368,377209.8,6350539.7,151.6859468,-32.9766091,459,194,0.0,0.0,0.0,0.0,0.0,0.0,0.0,0.0,0.0,0.0,12724,0.0,modelled_from_WPP_SA2,0.0,9.18,0.0,0.0,0.0,0.0
11101120863,111011208,Charlestown - Dudley,core,0.2208,377914.7,6352104.4,151.6936957,-32.9625773,390,209,4.0,16.0,3.0,2.0,3.0,10.0,0.0,7.0,1.0,211.2,12724,1951.3,modelled_from_WPP_SA2,1951.3,71.3,175.5,122.0,66.0,120.0
11101120864,111011208,Charlestown - Dudley,core,0.2469,378575.6,6349821.2,151.7004643,-32.9832416,418,134,0.0,0.0,0.0,0.0,0.0,0.0,0.0,0.0,0.0,0.0,12724,0.0,modelled_from_WPP_SA2,0.0,8.36,0.0,0.0,0.0,0.0
11101120865,111011208,Charlestown - Dudley,core,0.9853,378373.9,6349130.0,151.6982145,-32.9894524,21,7,0.0,7.0,3.0,0.0,2.0,2.0,1.0,6.0,19.0,78.8,12724,728.0,modelled_from_WPP_SA2,728.0,3.42,85.0,56.0,12.0,56.0
11101120866,111011208,Charlestown - Dudley,core,0.7166,379038.9,6349594.3,151.7053923,-32.9853389,268,108,1.0,4.0,3.0,1.0,1.0,0.0,0.0,5.0,1.0,74.2,12724,685.5,modelled_from_WPP_SA2,685.5,37.86,54.5,35.0,23.0,46.0
11101120867,111011208,Charlestown - Dudley,core,0.144,378349.1,6351550.2,151.6982696,-32.9676235,269,144,1.0,2.0,0.0,1.0,1.0,3.0,0.0,3.0,3.0,52.6,12724,486.0,modelled_from_WPP_SA2,486.0,36.88,21.5,29.0,21.0,19.0
11101120868,111011208,Charlestown - Dudley,core,0.0213,378090.4,6351470.8,151.6954917,-32.9683111,239,175,0.0,0.0,0.0,0.0,0.0,0.0,0.0,0.0,1.0,0.2,12724,1.8,modelled_from_WPP_SA2,1.8,4.78,0.0,0.0,0.0,0.0
11101120869,111011208,Charlestown - Dudley,core,0.2028,379515.8,6350876.4,151.710663,-32.9738299,312,133,0.0,0.0,0.0,1.0,0.0,10.0,0.0,1.0,1.0,36.2,12724,334.5,modelled_from_WPP_SA2,334.5,36.74,0.5,54.0,6.0,4.0
11101120870,111011208,Charlestown - Dudley,core,0.2173,379646.0,6350693.8,151.7120327,-32.9754905,375,154,0.0,3.0,0.0,0.0,1.0,0.0,1.0,0.0,0.0,23.0,12724,212.5,modelled_from_WPP_SA2,212.5,7.5,30.0,13.0,3.0,15.0
11101120871,111011208,Charlestown - Dudley,core,0.3888,380048.4,6351639.2,151.716461,-32.9670094,0,0,0.0,0.0,0.0,0.0,0.0,0.0,0.0,3.0,0.0,3.0,12724,27.7,modelled_from_WPP_SA2,27.7,1.5,1.5,3.0,3.0,3.0
11101120901,111011209,Glendale - Cardiff - Hillsborough,core,0.9371,376233.7,6353325.6,151.6758778,-32.9513757,509,170,0.0,0.0,0.0,1.0,0.0,6.0,0.0,1.0,2.0,28.4,11372,175.5,modelled_from_WPP_SA2,175.5,40.68,0.5,34.0,6.0,4.0
11101120902,111011209,Glendale - Cardiff - Hillsborough,core,2.075,375777.9,6351537.8,151.6707611,-32.9674462,9,0,0.0,0.0,0.0,0.0,0.0,1.0,0.0,1.0,0.0,3.0,11372,18.5,modelled_from_WPP_SA2,18.5,0.6799999999999999,0.5,6.0,1.0,1.0
11101120903,111011209,Glendale - Cardiff - Hillsborough,core,0.1113,376079.9,6352799.7,151.6741626,-32.9561005,318,115,0.0,0.0,0.0,0.0,0.0,0.0,0.0,0.0,1.0,0.2,11372,1.2,modelled_from_WPP_SA2,1.2,6.36,0.0,0.0,0.0,0.0
11101120904,111011209,Glendale - Cardiff - Hillsborough,core,0.2414,376522.1,6352751.0,151.6788859,-32.9565893,319,123,0.0,0.0,0.0,0.0,0.0,0.0,0.0,1.0,0.0,1.0,11372,6.2,modelled_from_WPP_SA2,6.2,6.88,0.5,1.0,1.0,1.0
11101120905,111011209,Glendale - Cardiff - Hillsborough,core,0.4124,371803.5,6354740.6,151.6286898,-32.9381035,479,215,0.0,0.0,1.0,2.0,0.0,6.0,0.0,3.0,5.0,52.0,11372,321.3,modelled_from_WPP_SA2,321.3,71.08,5.5,44.0,13.0,14.0
11101120906,111011209,Glendale - Cardiff - Hillsborough,core,0.2253,372659.5,6355102.5,151.6378944,-32.9349405,470,211,0.0,0.0,1.0,0.0,0.0,1.0,0.0,0.0,2.0,8.4,11372,51.9,modelled_from_WPP_SA2,51.9,9.4,4.0,10.0,0.0,5.0
11101120907,111011209,Glendale - Cardiff - Hillsborough,core,0.363,372532.8,6355861.3,151.6366441,-32.9280826,495,213,0.0,1.0,2.0,0.0,1.0,6.0,0.0,8.0,4.0,44.8,11372,276.8,modelled_from_WPP_SA2,276.8,13.9,22.0,54.0,11.0,23.0
11101120908,111011209,Glendale - Cardiff - Hillsborough,core,1.1255,373135.9,6356298.0,151.6431533,-32.9242145,310,156,0.0,0.0,3.0,3.0,0.0,6.0,0.0,18.0,2.0,93.4,11372,577.1,modelled_from_WPP_SA2,577.1,105.2,21.0,72.0,33.0,42.0
11101120909,111011209,Glendale - Cardiff - Hillsborough,core,0.1325,373434.3,6355807.9,151.6462769,-32.9286694,379,180,0.0,0.0,0.0,0.0,0.0,0.0,0.0,1.0,1.0,1.2,11372,7.4,modelled_from_WPP_SA2,7.4,8.08,0.5,1.0,1.0,1.0
11101120910,111011209,Glendale - Cardiff - Hillsborough,core,0.1252,373901.9,6355727.1,151.6512654,-32.9294519,313,130,0.0,0.0,0.0,0.0,0.0,0.0,0.0,0.0,0.0,0.0,11372,0.0,modelled_from_WPP_SA2,0.0,6.26,0.0,0.0,0.0,0.0
11101120911,111011209,Glendale - Cardiff - Hillsborough,core,0.1788,373667.7,6353824.0,151.6485004,-32.9465865,302,108,0.0,0.0,0.0,0.0,0.0,1.0,0.0,0.0,1.0,2.2,11372,13.6,modelled_from_WPP_SA2,13.6,6.04,0.0,5.0,0.0,0.0
11101120912,111011209,Glendale - Cardiff - Hillsborough,core,0.0803,373505.6,6353615.2,151.6467382,-32.9484514,273,99,0.0,0.0,0.0,0.0,0.0,0.0,0.0,0.0,1.0,0.2,11372,1.2,modelled_from_WPP_SA2,1.2,5.46,0.0,0.0,0.0,0.0
11101120913,111011209,Glendale - Cardiff - Hillsborough,core,0.1334,373575.3,6353375.7,151.6474507,-32.9506186,504,174,0.0,0.0,0.0,0.0,0.0,0.0,0.0,0.0,0.0,0.0,11372,0.0,modelled_from_WPP_SA2,0.0,10.08,0.0,0.0,0.0,0.0
11101120914,111011209,Glendale - Cardiff - Hillsborough,core,0.2067,374011.7,6353311.7,151.6521095,-32.9512466,517,197,0.0,0.0,0.0,0.0,0.0,1.0,0.0,0.0,1.0,2.2,11372,13.6,modelled_from_WPP_SA2,13.6,10.34,0.0,5.0,0.0,0.0
11101120915,111011209,Glendale - Cardiff - Hillsborough,core,0.4316,373923.7,6352897.3,151.651112,-32.9549732,664,233,0.0,0.0,0.0,3.0,0.0,2.0,0.0,5.0,0.0,54.0,11372,333.7,modelled_from_WPP_SA2,333.7,105.78,2.5,24.0,20.0,14.0
11101120916,111011209,Glendale - Cardiff - Hillsborough,core,0.2951,375520.7,6354103.1,151.6683572,-32.9442831,428,186,0.0,0.0,0.0,0.0,0.0,6.0,0.0,1.0,1.0,13.2,11372,81.6,modelled_from_WPP_SA2,81.6,9.06,0.5,31.0,1.0,1.0
11101120917,111011209,Glendale - Cardiff - Hillsborough,core,0.4243,376140.4,6354231.8,151.6750023,-32.9431923,512,184,0.0,0.0,0.0,1.0,0.0,0.0,0.0,0.0,1.0,15.2,11372,93.9,modelled_from_WPP_SA2,93.9,40.24,0.0,3.0,5.0,3.0
11101120918,111011209,Glendale - Cardiff - Hillsborough,core,0.4195,376818.8,6354163.8,151.6822482,-32.9438825,546,204,0.0,0.0,0.0,1.0,0.0,0.0,0.0,0.0,2.0,15.4,11372,95.2,modelled_from_WPP_SA2,95.2,40.92,0.0,3.0,5.0,3.0
11101120919,111011209,Glendale - Cardiff - Hillsborough,core,0.1973,376729.4,6353839.7,151.6812485,-32.9467955,387,134,0.0,0.0,0.0,2.0,0.0,2.0,0.0,1.0,0.0,35.0,11372,216.3,modelled_from_WPP_SA2,216.3,68.24,0.5,17.0,11.0,7.0
11101120920,111011209,Glendale - Cardiff - Hillsborough,core,0.7861,375217.1,6355945.7,151.6653594,-32.9276318,536,177,0.0,0.0,0.0,1.0,0.0,1.0,0.0,0.0,11.0,19.2,11372,118.6,modelled_from_WPP_SA2,118.6,40.72,0.0,8.0,5.0,3.0
11101120921,111011209,Glendale - Cardiff - Hillsborough,core,0.2638,374127.5,6355993.8,151.6537142,-32.9270727,589,215,0.0,0.0,0.0,2.0,0.0,4.0,0.0,1.0,1.0,39.2,11372,242.2,modelled_from_WPP_SA2,242.2,72.28,0.5,27.0,11.0,7.0
11101120922,111011209,Glendale - Cardiff - Hillsborough,core,0.232,374348.6,6355611.2,151.6560269,-32.9305482,531,218,0.0,0.0,0.0,0.0,0.0,0.0,0.0,1.0,2.0,1.4,11372,8.7,modelled_from_WPP_SA2,8.7,11.120000000000001,0.5,1.0,1.0,1.0
11101120923,111011209,Glendale - Cardiff - Hillsborough,core,0.1632,374629.1,6355954.8,151.6590732,-32.9274817,436,152,0.0,0.0,0.0,0.0,0.0,0.0,0.0,0.0,1.0,0.2,11372,1.2,modelled_from_WPP_SA2,1.2,8.72,0.0,0.0,0.0,0.0
11101120924,111011209,Glendale - Cardiff - Hillsborough,core,0.2225,374765.9,6355515.9,151.6604757,-32.9314555,452,179,0.0,0.0,0.0,0.0,0.0,0.0,0.0,0.0,1.0,0.2,11372,1.2,modelled_from_WPP_SA2,1.2,9.040000000000001,0.0,0.0,0.0,0.0
11101120925,111011209,Glendale - Cardiff - Hillsborough,core,0.214,374381.1,6353941.8,151.6561471,-32.9456072,647,305,0.0,0.0,3.0,0.0,0.0,0.0,1.0,5.0,3.0,26.6,11372,164.4,modelled_from_WPP_SA2,164.4,15.44,14.5,23.0,5.0,20.0
11101120926,111011209,Glendale - Cardiff - Hillsborough,core,0.3213,374602.3,6353764.3,151.658488,-32.9472326,441,185,0.0,0.0,0.0,2.0,1.0,12.0,0.0,9.0,1.0,71.2,11372,440.0,modelled_from_WPP_SA2,440.0,73.32,4.5,79.0,22.0,15.0
11101120927,111011209,Glendale - Cardiff - Hillsborough,core,0.2945,374715.4,6353029.1,151.6595979,-32.9538756,484,168,0.0,0.0,0.0,0.0,0.0,1.0,0.0,2.0,0.0,4.0,11372,24.7,modelled_from_WPP_SA2,24.7,10.68,1.0,7.0,2.0,2.0
11101120928,111011209,Glendale - Cardiff - Hillsborough,core,0.2703,374655.2,6352615.2,151.6588977,-32.9576017,555,210,0.0,2.0,1.0,0.0,0.0,1.0,0.0,2.0,2.0,18.4,11372,113.7,modelled_from_WPP_SA2,113.7,12.1,25.0,16.0,2.0,17.0
11101120929,111011209,Glendale - Cardiff - Hillsborough,core,0.1644,375425.8,6352597.0,151.6671378,-32.957854,285,108,0.0,0.0,0.0,0.0,0.0,0.0,0.0,1.0,0.0,1.0,11372,6.2,modelled_from_WPP_SA2,6.2,6.2,0.5,1.0,1.0,1.0
11101120930,111011209,Glendale - Cardiff - Hillsborough,core,0.2448,375442.9,6352823.6,151.667352,-32.9558124,381,131,0.0,0.0,0.0,0.0,0.0,12.0,0.0,2.0,0.0,26.0,11372,160.7,modelled_from_WPP_SA2,160.7,8.620000000000001,1.0,62.0,2.0,2.0
11101120931,111011209,Glendale - Cardiff - Hillsborough,core,0.2248,375404.7,6353238.5,151.666999,-32.9520664,433,172,0.0,0.0,0.0,1.0,0.0,1.0,0.0,0.0,1.0,17.2,11372,106.3,modelled_from_WPP_SA2,106.3,38.66,0.0,8.0,5.0,3.0
11101120932,111011209,Glendale - Cardiff - Hillsborough,core,0.1986,375020.6,6353338.4,151.6629043,-32.9511217,564,228,0.0,0.0,0.0,1.0,0.0,0.0,0.0,0.0,1.0,15.2,11372,93.9,modelled_from_WPP_SA2,93.9,41.28,0.0,3.0,5.0,3.0
11101120933,111011209,Glendale - Cardiff - Hillsborough,core,0.3647,374757.7,6354515.8,151.6602529,-32.9404738,602,333,8.0,27.0,7.0,1.0,11.0,29.0,0.0,379.0,6.0,787.2,11372,4864.2,modelled_from_WPP_SA2,4864.2,231.54,487.5,660.0,497.0,576.0
11101120934,111011209,Glendale - Cardiff - Hillsborough,core,0.263,375050.6,6353870.8,151.6632972,-32.9463238,454,199,0.0,0.0,0.0,0.0,0.0,6.0,0.0,2.0,1.0,14.2,11372,87.7,modelled_from_WPP_SA2,87.7,10.08,1.0,32.0,2.0,2.0
11101120935,111011209,Glendale - Cardiff - Hillsborough,core,0.1836,374199.3,6355096.6,151.6543598,-32.9351723,438,202,0.0,0.0,1.0,0.0,0.0,2.0,0.0,1.0,1.0,11.2,11372,69.2,modelled_from_WPP_SA2,69.2,9.26,4.5,16.0,1.0,6.0
11101120936,111011209,Glendale - Cardiff - Hillsborough,core,0.1588,374713.0,6355110.9,151.6598552,-32.9351016,434,177,0.0,0.0,0.0,0.0,0.0,1.0,0.0,1.0,1.0,3.2,11372,19.8,modelled_from_WPP_SA2,19.8,9.18,0.5,6.0,1.0,1.0
11101120937,111011209,Glendale - Cardiff - Hillsborough,core,1.691,373338.7,6354111.3,151.6450211,-32.9439579,16,5,0.0,2.0,0.0,0.0,1.0,5.0,0.0,6.0,6.0,33.2,11372,205.1,modelled_from_WPP_SA2,205.1,3.32,23.0,39.0,9.0,16.0
11101120938,111011209,Glendale - Cardiff - Hillsborough,core,0.9662,373389.5,6355276.3,151.6457251,-32.9334579,0,0,0.0,15.0,6.0,1.0,1.0,24.0,1.0,23.0,3.0,193.6,11372,1196.3,modelled_from_WPP_SA2,1196.3,41.5,185.5,213.0,31.0,131.0
11101120939,111011209,Glendale - Cardiff - Hillsborough,core,0.3925,372926.1,6353861.0,151.6405736,-32.946167,857,288,0.0,0.0,0.0,0.0,0.0,13.0,0.0,0.0,0.0,26.0,11372,160.7,modelled_from_WPP_SA2,160.7,17.14,0.0,65.0,0.0,0.0
11101120940,111011209,Glendale - Cardiff - Hillsborough,core,0.8852,371580.3,6355046.3,151.6263451,-32.9353206,409,184,0.0,0.0,3.0,0.0,0.0,6.0,1.0,4.0,4.0,37.8,11372,233.6,modelled_from_WPP_SA2,233.6,10.18,14.0,52.0,4.0,19.0
11101120941,111011209,Glendale - Cardiff - Hillsborough,core,0.9197,372892.7,6353247.1,151.6401315,-32.9516997,480,162,0.0,0.0,0.0,0.0,0.0,0.0,0.0,0.0,0.0,0.0,11372,0.0,modelled_from_WPP_SA2,0.0,9.6,0.0,0.0,0.0,0.0
11101120942,111011209,Glendale - Cardiff - Hillsborough,core,0.167,377072.9,6355172.3,151.6851008,-32.9348161,437,155,0.0,0.0,0.0,0.0,0.0,0.0,0.0,0.0,0.0,0.0,11372,0.0,modelled_from_WPP_SA2,0.0,8.74,0.0,0.0,0.0,0.0
11101120943,111011209,Glendale - Cardiff - Hillsborough,core,0.4629,376457.1,6355277.2,151.6785295,-32.9338013,460,168,0.0,0.0,0.0,1.0,0.0,1.0,0.0,0.0,2.0,17.4,11372,107.5,modelled_from_WPP_SA2,107.5,39.2,0.0,8.0,5.0,3.0
11101120944,111011209,Glendale - Cardiff - Hillsborough,core,0.2497,376484.8,6355981.4,151.6789197,-32.9274535,419,165,0.0,0.0,0.0,0.0,0.0,0.0,0.0,0.0,1.0,0.2,11372,1.2,modelled_from_WPP_SA2,1.2,8.38,0.0,0.0,0.0,0.0
11101120945,111011209,Glendale - Cardiff - Hillsborough,core,0.2137,376290.5,6355586.2,151.6767896,-32.9309951,447,166,0.0,0.0,0.0,0.0,0.0,1.0,0.0,0.0,1.0,2.2,11372,13.6,modelled_from_WPP_SA2,13.6,8.94,0.0,5.0,0.0,0.0
11101120946,111011209,Glendale - Cardiff - Hillsborough,core,0.3044,375831.2,6355917.9,151.6719223,-32.9279518,452,161,0.0,0.0,0.0,0.0,0.0,1.0,0.0,0.0,1.0,2.2,11372,13.6,modelled_from_WPP_SA2,13.6,9.040000000000001,0.0,5.0,0.0,0.0
11101120947,111011209,Glendale - Cardiff - Hillsborough,core,0.2647,376156.2,6353743.5,151.6751051,-32.9475976,500,179,0.0,0.0,0.0,0.0,0.0,3.0,0.0,0.0,2.0,6.4,11372,39.5,modelled_from_WPP_SA2,39.5,10.0,0.0,15.0,0.0,0.0
11101120948,111011209,Glendale - Cardiff - Hillsborough,core,0.4626,376489.9,6354669.9,151.6787987,-32.9392813,509,192,0.0,0.0,1.0,0.0,0.0,0.0,0.0,2.0,5.0,9.0,11372,55.6,modelled_from_WPP_SA2,55.6,11.18,5.0,7.0,2.0,7.0
11101120949,111011209,Glendale - Cardiff - Hillsborough,core,0.2032,375551.4,6354429.5,151.6687293,-32.9413431,404,139,0.0,1.0,0.0,2.0,0.0,0.0,0.0,3.0,2.0,37.4,11372,231.1,modelled_from_WPP_SA2,231.1,69.58,11.5,11.0,13.0,14.0
11101120950,111011209,Glendale - Cardiff - Hillsborough,core,0.2119,375107.6,6354637.7,151.6640115,-32.9394149,464,214,0.0,0.0,0.0,0.0,0.0,4.0,0.0,5.0,2.0,13.4,11372,82.8,modelled_from_WPP_SA2,82.8,11.78,2.5,25.0,5.0,5.0
11101120951,111011209,Glendale - Cardiff - Hillsborough,core,0.2322,375889.0,6355369.1,151.6724664,-32.9329082,313,130,0.0,0.0,0.0,0.0,0.0,0.0,0.0,1.0,1.0,1.2,11372,7.4,modelled_from_WPP_SA2,7.4,6.76,0.5,1.0,1.0,1.0
11101120952,111011209,Glendale - Cardiff - Hillsborough,core,0.2344,375131.4,6355302.4,151.6643556,-32.9334226,473,168,0.0,0.0,0.0,0.0,0.0,0.0,0.0,0.0,0.0,0.0,11372,0.0,modelled_from_WPP_SA2,0.0,9.46,0.0,0.0,0.0,0.0
11101120953,111011209,Glendale - Cardiff - Hillsborough,core,0.237,375456.9,6355373.9,151.6678468,-32.9328157,480,182,0.0,0.0,0.0,0.0,0.0,0.0,0.0,0.0,1.0,0.2,11372,1.2,modelled_from_WPP_SA2,1.2,9.6,0.0,0.0,0.0,0.0
11101120954,111011209,Glendale - Cardiff - Hillsborough,core,0.3296,375454.7,6354810.4,151.6677462,-32.9378964,577,230,0.0,0.0,0.0,1.0,0.0,0.0,0.0,0.0,2.0,15.4,11372,95.2,modelled_from_WPP_SA2,95.2,41.54,0.0,3.0,5.0,3.0
11101120955,111011209,Glendale - Cardiff - Hillsborough,core,0.2775,376997.8,6355679.9,151.6843658,-32.9302304,450,166,0.0,0.0,0.0,0.0,0.0,0.0,0.0,0.0,2.0,0.4,11372,2.5,modelled_from_WPP_SA2,2.5,9.0,0.0,0.0,0.0,0.0
11101120956,111011209,Glendale - Cardiff - Hillsborough,core,0.5178,377344.3,6355105.6,151.6879945,-32.9354484,451,161,0.0,0.0,0.0,1.0,0.0,1.0,0.0,1.0,5.0,19.0,11372,117.4,modelled_from_WPP_SA2,117.4,39.519999999999996,0.5,9.0,6.0,4.0
11101121001,111011210,Mount Hutton - Windale,core,0.0694,376486.8,6349455.5,151.6780648,-32.9863042,206,72,0.0,0.0,0.0,0.0,0.0,0.0,0.0,0.0,1.0,0.2,1827,2.5,modelled_from_WPP_SA2,2.5,4.12,0.0,0.0,0.0,0.0
11101121002,111011210,Mount Hutton - Windale,core,0.1065,375953.0,6348913.8,151.6722805,-32.9911289,220,75,0.0,0.0,0.0,0.0,0.0,0.0,0.0,0.0,0.0,0.0,1827,0.0,modelled_from_WPP_SA2,0.0,4.4,0.0,0.0,0.0,0.0
11101121003,111011210,Mount Hutton - Windale,core,0.6794,375275.2,6348043.0,151.664909,-32.9989044,358,144,0.0,0.0,0.0,0.0,0.0,2.0,0.0,1.0,0.0,5.0,1827,62.6,modelled_from_WPP_SA2,62.6,7.66,0.5,11.0,1.0,1.0
11101121004,111011210,Mount Hutton - Windale,core,0.3725,375509.8,6347688.1,151.6673714,-33.0021316,300,115,0.0,0.0,0.0,0.0,0.0,0.0,0.0,0.0,4.0,0.8,1827,10.0,modelled_from_WPP_SA2,10.0,6.0,0.0,0.0,0.0,0.0
11101121005,111011210,Mount Hutton - Windale,core,0.2174,375935.8,6348526.5,151.6720441,-32.9946196,369,136,0.0,0.0,0.0,0.0,0.0,0.0,0.0,0.0,3.0,0.6000000000000001,1827,7.5,modelled_from_WPP_SA2,7.5,7.38,0.0,0.0,0.0,0.0
11101121006,111011210,Mount Hutton - Windale,core,0.3176,375471.4,6350237.1,151.6673064,-32.9791403,493,230,0.0,0.0,0.0,1.0,0.0,10.0,0.0,4.0,1.0,39.2,1827,490.5,modelled_from_WPP_SA2,490.5,41.86,2.0,57.0,9.0,7.0
11101121007,111011210,Mount Hutton - Windale,core,0.3837,375970.0,6349841.9,151.6725871,-32.982761,550,279,0.0,3.0,2.0,0.0,0.0,0.0,0.0,2.0,2.0,26.4,1827,330.4,modelled_from_WPP_SA2,330.4,12.0,39.0,18.0,2.0,27.0
11101121008,111011210,Mount Hutton - Windale,core,0.3171,376489.5,6350285.8,151.678206,-32.9788172,494,177,0.0,0.0,0.0,0.0,0.0,2.0,0.0,0.0,0.0,4.0,1827,50.1,modelled_from_WPP_SA2,50.1,9.88,0.0,10.0,0.0,0.0
11101121010,111011210,Mount Hutton - Windale,core,0.1451,375980.2,6349311.9,151.6726253,-32.9875422,448,110,0.0,0.0,0.0,0.0,0.0,0.0,0.0,0.0,1.0,0.2,1827,2.5,modelled_from_WPP_SA2,2.5,8.96,0.0,0.0,0.0,0.0
11101121011,111011210,Mount Hutton - Windale,core,0.1308,376191.4,6348966.4,151.6748383,-32.990682,316,112,0.0,0.0,0.0,0.0,0.0,0.0,0.0,0.0,1.0,0.2,1827,2.5,modelled_from_WPP_SA2,2.5,6.32,0.0,0.0,0.0,0.0
11101121012,111011210,Mount Hutton - Windale,core,0.1185,376394.3,6349211.2,151.677043,-32.9884975,336,123,0.0,0.0,0.0,0.0,0.0,0.0,0.0,0.0,1.0,0.2,1827,2.5,modelled_from_WPP_SA2,2.5,6.72,0.0,0.0,0.0,0.0
11101121013,111011210,Mount Hutton - Windale,core,0.2006,376813.1,6349583.8,151.6815741,-32.9851847,518,191,0.0,0.0,0.0,0.0,0.0,0.0,0.0,0.0,1.0,0.2,1827,2.5,modelled_from_WPP_SA2,2.5,10.36,0.0,0.0,0.0,0.0
11101121014,111011210,Mount Hutton - Windale,core,0.1148,375572.2,6349711.2,151.6683131,-32.9838943,279,143,0.0,0.0,0.0,0.0,0.0,0.0,0.0,0.0,0.0,0.0,1827,0.0,modelled_from_WPP_SA2,0.0,5.58,0.0,0.0,0.0,0.0
11101121015,111011210,Mount Hutton - Windale,core,0.8156,375233.6,6349249.7,151.6646279,-32.9880175,587,272,0.0,0.0,0.0,0.0,0.0,0.0,0.0,1.0,5.0,2.0,1827,25.0,modelled_from_WPP_SA2,25.0,12.24,0.5,1.0,1.0,1.0
11101121016,111011210,Mount Hutton - Windale,core,0.4134,375432.5,6348752.0,151.6666885,-32.9925291,400,142,0.0,0.0,0.0,0.0,0.0,0.0,0.0,0.0,5.0,1.0,1827,12.5,modelled_from_WPP_SA2,12.5,8.0,0.0,0.0,0.0,0.0
11101121017,111011210,Mount Hutton - Windale,core,0.1131,375175.4,6348368.1,151.663885,-32.9959611,330,107,0.0,0.0,0.0,0.0,0.0,0.0,0.0,0.0,1.0,0.2,1827,2.5,modelled_from_WPP_SA2,2.5,6.6000000000000005,0.0,0.0,0.0,0.0
11101121018,111011210,Mount Hutton - Windale,core,0.5023,376982.3,6349169.0,151.6833291,-32.9889439,591,259,0.0,0.0,0.0,0.0,0.0,4.0,0.0,1.0,1.0,9.2,1827,115.1,modelled_from_WPP_SA2,115.1,12.32,0.5,21.0,1.0,1.0
11101121019,111011210,Mount Hutton - Windale,core,0.2006,376401.2,6348581.9,151.6770315,-32.9941733,254,122,0.0,0.0,0.0,1.0,0.0,0.0,0.0,0.0,1.0,15.2,1827,190.2,modelled_from_WPP_SA2,190.2,35.08,0.0,3.0,5.0,3.0
11101121020,111011210,Mount Hutton - Windale,core,0.1746,376882.3,6348521.3,151.6821718,-32.9947735,470,222,0.0,0.0,0.0,2.0,0.0,0.0,0.0,2.0,3.0,32.6,1827,407.9,modelled_from_WPP_SA2,407.9,70.4,1.0,8.0,12.0,8.0
11101121021,111011210,Mount Hutton - Windale,core,0.1981,376574.7,6348310.5,151.6788525,-32.99664,494,213,0.0,0.0,0.0,0.0,0.0,1.0,0.0,0.0,1.0,2.2,1827,27.5,modelled_from_WPP_SA2,27.5,9.88,0.0,5.0,0.0,0.0
11101121022,111011210,Mount Hutton - Windale,core,0.2603,377028.0,6347834.0,151.6836393,-33.0009882,396,145,0.0,1.0,0.0,0.0,0.0,1.0,0.0,0.0,1.0,6.2,1827,77.6,modelled_from_WPP_SA2,77.6,7.92,10.0,7.0,0.0,5.0
11101121023,111011210,Mount Hutton - Windale,core,0.2119,376434.0,6350014.1,151.6775756,-32.9812613,476,187,0.0,0.0,0.0,0.0,0.0,0.0,0.0,0.0,0.0,0.0,1827,0.0,modelled_from_WPP_SA2,0.0,9.52,0.0,0.0,0.0,0.0
11101121024,111011210,Mount Hutton - Windale,core,0.1996,375998.0,6350162.5,151.6729306,-32.9798734,609,260,0.0,0.0,0.0,0.0,0.0,0.0,0.0,0.0,2.0,0.4,1827,5.0,modelled_from_WPP_SA2,5.0,12.18,0.0,0.0,0.0,0.0
11101121101,111011211,Redhead,core,0.3116,380105.4,6346534.0,151.7164048,-33.0130554,289,106,0.0,0.0,2.0,0.0,0.0,13.0,1.0,9.0,0.0,50.0,1260,176.1,modelled_from_WPP_SA2,176.1,10.280000000000001,12.5,87.0,9.0,19.0
11101121102,111011211,Redhead,core,0.1769,380209.4,6347256.2,151.7176116,-33.0065538,265,89,0.0,0.0,0.0,0.0,0.0,40.0,0.0,0.0,0.0,80.0,1260,281.7,modelled_from_WPP_SA2,281.7,5.3,0.0,200.0,0.0,0.0
11101121103,111011211,Redhead,core,0.3166,378694.3,6346088.2,151.7012417,-33.0169188,502,343,0.0,0.0,0.0,0.0,0.0,4.0,0.0,2.0,0.0,10.0,1260,35.2,modelled_from_WPP_SA2,35.2,11.040000000000001,1.0,22.0,2.0,2.0
11101121104,111011211,Redhead,core,0.1095,379481.4,6347137.2,151.7098043,-33.0075466,377,120,0.0,0.0,0.0,1.0,0.0,2.0,0.0,1.0,0.0,20.0,1260,70.4,modelled_from_WPP_SA2,70.4,38.04,0.5,14.0,6.0,4.0
11101121105,111011211,Redhead,core,0.9572,379778.0,6348036.0,151.7130971,-32.999474,427,115,0.0,0.0,0.0,0.0,0.0,0.0,0.0,8.0,0.0,8.0,1260,28.2,modelled_from_WPP_SA2,28.2,12.540000000000001,4.0,8.0,8.0,8.0
11101121106,111011211,Redhead,core,0.1789,379830.6,6346630.4,151.7134756,-33.0121551,395,148,0.0,0.0,0.0,2.0,0.0,3.0,1.0,6.0,0.0,45.0,1260,158.5,modelled_from_WPP_SA2,158.5,70.9,3.0,30.0,16.0,12.0
11101121107,111011211,Redhead,core,0.2002,379388.7,6346917.3,151.7087829,-33.0095192,364,141,0.0,5.0,2.0,0.0,2.0,4.0,0.0,8.0,3.0,64.6,1260,227.5,modelled_from_WPP_SA2,227.5,11.280000000000001,62.0,56.0,14.0,43.0
11101121108,111011211,Redhead,core,0.2704,379425.9,6346564.9,151.7091353,-33.0127015,644,222,0.0,0.0,0.0,1.0,0.0,2.0,0.0,2.0,0.0,21.0,1260,74.0,modelled_from_WPP_SA2,74.0,43.88,1.0,15.0,7.0,5.0
11101121109,111011211,Redhead,core,0.8446,378650.5,6346522.5,151.7008305,-33.0129979,12,3,0.0,1.0,3.0,0.0,0.0,0.0,0.0,4.0,0.0,26.0,1260,91.6,modelled_from_WPP_SA2,91.6,2.24,24.0,21.0,4.0,24.0
11101121110,111011211,Redhead,core,0.3167,380645.9,6346614.0,151.7221998,-33.012393,502,174,0.0,0.0,1.0,0.0,0.0,6.0,3.0,6.0,1.0,33.2,1260,116.9,modelled_from_WPP_SA2,116.9,13.040000000000001,7.0,50.0,6.0,11.0
11101121201,111011212,Swansea - Caves Beach,core,0.3685,372971.3,6336411.0,151.6386402,-33.1035332,379,136,0.0,0.0,0.0,2.0,0.0,15.0,0.0,2.0,0.0,62.0,2310,184.7,modelled_from_WPP_SA2,184.7,68.58,1.0,83.0,12.0,8.0
11101121202,111011212,Swansea - Caves Beach,core,0.233,372827.6,6335772.5,151.6370112,-33.1092741,358,151,0.0,0.0,0.0,1.0,0.0,0.0,0.0,1.0,0.0,16.0,2310,47.7,modelled_from_WPP_SA2,47.7,37.66,0.5,4.0,6.0,4.0
11101121203,111011212,Swansea - Caves Beach,core,0.8192,370179.9,6332794.8,151.6082178,-33.1358117,229,95,0.0,0.0,0.0,0.0,0.0,0.0,0.0,1.0,0.0,1.0,2310,3.0,modelled_from_WPP_SA2,3.0,5.08,0.5,1.0,1.0,1.0
11101121204,111011212,Swansea - Caves Beach,core,0.3728,372393.4,6338988.0,151.6328079,-33.0802263,588,258,0.0,0.0,0.0,0.0,0.0,9.0,0.0,4.0,0.0,22.0,2310,65.5,modelled_from_WPP_SA2,65.5,13.76,2.0,49.0,4.0,4.0
11101121205,111011212,Swansea - Caves Beach,core,0.2383,372326.2,6338645.0,151.6320406,-33.0833119,366,167,0.0,0.0,0.0,1.0,0.0,8.0,0.0,3.0,0.0,34.0,2310,101.3,modelled_from_WPP_SA2,101.3,38.82,1.5,46.0,8.0,6.0
11101121206,111011212,Swansea - Caves Beach,core,0.1746,372217.0,6338282.5,151.6308201,-33.086568,453,211,0.0,0.0,0.0,0.0,0.0,0.0,0.0,0.0,0.0,0.0,2310,0.0,modelled_from_WPP_SA2,0.0,9.06,0.0,0.0,0.0,0.0
11101121207,111011212,Swansea - Caves Beach,core,0.2406,372700.7,6338199.4,151.6359894,-33.0873736,490,251,0.0,4.0,1.0,1.0,0.0,2.0,0.0,32.0,1.0,73.2,2310,218.0,modelled_from_WPP_SA2,218.0,55.8,60.0,58.0,37.0,60.0
11101121208,111011212,Swansea - Caves Beach,core,0.3097,373493.3,6335386.9,151.6440907,-33.1128288,358,163,0.0,0.0,1.0,0.0,0.0,9.0,2.0,15.0,0.0,45.0,2310,134.0,modelled_from_WPP_SA2,134.0,14.66,11.5,71.0,15.0,20.0
11101121209,111011212,Swansea - Caves Beach,core,0.147,373488.5,6335868.3,151.6441066,-33.1084875,422,163,0.0,0.0,0.0,0.0,0.0,2.0,0.0,0.0,0.0,4.0,2310,11.9,modelled_from_WPP_SA2,11.9,8.44,0.0,10.0,0.0,0.0
11101121210,111011212,Swansea - Caves Beach,core,0.0942,373290.5,6336248.6,151.6420374,-33.1050344,272,99,0.0,0.0,0.0,0.0,0.0,1.0,0.0,0.0,0.0,2.0,2310,6.0,modelled_from_WPP_SA2,6.0,5.44,0.0,5.0,0.0,0.0
11101121212,111011212,Swansea - Caves Beach,core,0.2214,373422.4,6334939.9,151.6432695,-33.1168516,458,184,0.0,0.0,0.0,0.0,0.0,0.0,0.0,0.0,0.0,0.0,2310,0.0,modelled_from_WPP_SA2,0.0,9.16,0.0,0.0,0.0,0.0
11101121213,111011212,Swansea - Caves Beach,core,0.3799,375128.9,6337865.7,151.6619559,-33.0906652,191,86,0.0,0.0,0.0,0.0,0.0,14.0,1.0,7.0,0.0,38.0,2310,113.2,modelled_from_WPP_SA2,113.2,7.32,3.5,80.0,7.0,7.0
11101121215,111011212,Swansea - Caves Beach,core,0.2862,372152.7,6337685.7,151.6300477,-33.0919416,393,177,0.0,0.0,0.0,0.0,0.0,11.0,0.0,3.0,0.0,25.0,2310,74.5,modelled_from_WPP_SA2,74.5,9.36,1.5,58.0,3.0,3.0
11101121216,111011212,Swansea - Caves Beach,core,0.122,372442.4,6337664.1,151.6331485,-33.0921711,425,259,0.0,0.0,0.0,0.0,0.0,0.0,0.0,0.0,0.0,0.0,2310,0.0,modelled_from_WPP_SA2,0.0,8.5,0.0,0.0,0.0,0.0
11101121217,111011212,Swansea - Caves Beach,core,0.1977,372528.5,6337380.1,151.6340315,-33.094742,438,194,0.0,0.0,0.0,0.0,0.0,0.0,0.0,1.0,0.0,1.0,2310,3.0,modelled_from_WPP_SA2,3.0,9.26,0.5,1.0,1.0,1.0
11101121218,111011212,Swansea - Caves Beach,core,0.1466,372740.2,6337815.2,151.6363593,-33.0908427,412,286,0.0,1.0,2.0,2.0,0.0,2.0,2.0,6.0,1.0,62.2,2310,185.3,modelled_from_WPP_SA2,185.3,71.24,21.0,40.0,16.0,27.0
11101121219,111011212,Swansea - Caves Beach,core,0.1967,372904.0,6337190.6,151.6380273,-33.0964947,262,109,0.0,0.0,0.0,0.0,0.0,0.0,0.0,0.0,0.0,0.0,2310,0.0,modelled_from_WPP_SA2,0.0,5.24,0.0,0.0,0.0,0.0
11101121220,111011212,Swansea - Caves Beach,core,1.6149,372230.5,6336013.7,151.630647,-33.1070283,0,0,0.0,0.0,0.0,0.0,0.0,0.0,0.0,0.0,0.0,0.0,2310,0.0,modelled_from_WPP_SA2,0.0,0.0,0.0,0.0,0.0,0.0
11101121222,111011212,Swansea - Caves Beach,core,1.1084,374592.1,6337545.8,151.656162,-33.0934882,520,208,0.0,0.0,0.0,0.0,0.0,2.0,0.0,0.0,0.0,4.0,2310,11.9,modelled_from_WPP_SA2,11.9,10.4,0.0,10.0,0.0,0.0
11101121223,111011212,Swansea - Caves Beach,core,0.2106,372921.1,6337650.0,151.6382746,-33.0923539,395,190,0.0,0.0,2.0,2.0,0.0,3.0,1.0,14.0,2.0,65.4,2310,194.8,modelled_from_WPP_SA2,194.8,74.9,15.0,48.0,24.0,30.0
11101121224,111011212,Swansea - Caves Beach,core,0.3992,374008.0,6336723.0,151.6497911,-33.10084,596,259,0.0,0.0,0.0,0.0,0.0,0.0,0.0,0.0,0.0,0.0,2310,0.0,modelled_from_WPP_SA2,0.0,11.92,0.0,0.0,0.0,0.0
11101121225,111011212,Swansea - Caves Beach,core,0.2153,373425.0,6336775.8,151.6435513,-33.1002966,627,261,0.0,0.0,0.0,0.0,0.0,0.0,0.0,0.0,0.0,0.0,2310,0.0,modelled_from_WPP_SA2,0.0,12.540000000000001,0.0,0.0,0.0,0.0
11101121226,111011212,Swansea - Caves Beach,core,0.1957,372109.2,6336950.4,151.6294784,-33.0985679,356,155,0.0,0.0,0.0,1.0,0.0,2.0,0.0,1.0,0.0,20.0,2310,59.6,modelled_from_WPP_SA2,59.6,37.62,0.5,14.0,6.0,4.0
11101121227,111011212,Swansea - Caves Beach,core,0.3768,369812.0,6332679.0,151.604258,-33.1368115,661,305,0.0,0.0,0.0,1.0,0.0,3.0,0.0,3.0,0.0,24.0,2310,71.5,modelled_from_WPP_SA2,71.5,44.72,1.5,21.0,8.0,6.0
11101121228,111011212,Swansea - Caves Beach,core,0.3077,371374.0,6334457.6,151.6212504,-33.12096,405,138,0.0,0.0,0.0,0.0,0.0,0.0,0.0,0.0,0.0,0.0,2310,0.0,modelled_from_WPP_SA2,0.0,8.1,0.0,0.0,0.0,0.0
11101121229,111011212,Swansea - Caves Beach,core,0.3221,372632.3,6339837.1,151.6354851,-33.0725975,31,18,0.0,0.0,0.0,0.0,0.0,13.0,3.0,18.0,0.0,53.0,2310,157.9,modelled_from_WPP_SA2,157.9,9.62,9.0,92.0,18.0,18.0
11101121230,111011212,Swansea - Caves Beach,core,0.1882,370888.8,6334459.7,151.6160516,-33.1208831,147,177,0.0,0.0,1.0,0.0,0.0,4.0,0.0,0.0,0.0,14.0,2310,41.7,modelled_from_WPP_SA2,41.7,2.94,4.0,25.0,0.0,5.0
11101121231,111011212,Swansea - Caves Beach,core,0.1599,371885.5,6329655.9,151.6260577,-33.1643197,345,128,0.0,0.0,0.0,0.0,0.0,0.0,0.0,0.0,1.0,0.2,2310,0.6,modelled_from_WPP_SA2,0.6,6.9,0.0,0.0,0.0,0.0
11101121232,111011212,Swansea - Caves Beach,core,0.3098,371448.1,6329813.3,151.6213898,-33.1628489,265,91,0.0,0.0,0.0,0.0,0.0,0.0,0.0,0.0,1.0,0.2,2310,0.6,modelled_from_WPP_SA2,0.6,5.3,0.0,0.0,0.0,0.0
11101121233,111011212,Swansea - Caves Beach,core,0.6438,370983.3,6335133.4,151.6171597,-33.114819,478,196,0.0,0.0,1.0,0.0,0.0,2.0,1.0,2.0,1.0,15.2,2310,45.3,modelled_from_WPP_SA2,45.3,10.56,5.0,20.0,2.0,7.0
11101121234,111011212,Swansea - Caves Beach,core,0.2542,373910.0,6336106.9,151.6486556,-33.106385,174,127,2.0,1.0,3.0,0.0,0.0,7.0,0.0,4.0,0.0,64.0,2310,190.6,modelled_from_WPP_SA2,190.6,5.48,24.0,56.0,24.0,30.0
11101121235,111011212,Swansea - Caves Beach,core,0.1366,372568.0,6339344.6,151.6347275,-33.0770317,256,121,0.0,0.0,0.0,0.0,0.0,1.0,0.0,2.0,0.0,4.0,2310,11.9,modelled_from_WPP_SA2,11.9,6.12,1.0,7.0,2.0,2.0
11101121236,111011212,Swansea - Caves Beach,core,0.5131,372298.2,6329999.5,151.630531,-33.1612699,219,94,0.0,0.0,1.0,0.0,0.0,4.0,0.0,11.0,2.0,25.4,2310,75.6,modelled_from_WPP_SA2,75.6,9.879999999999999,9.5,36.0,11.0,16.0
11101121237,111011212,Swansea - Caves Beach,core,0.1253,373537.8,6336245.4,151.644687,-33.1050925,441,203,0.0,3.0,2.0,0.0,2.0,0.0,0.0,6.0,1.0,46.2,2310,137.6,modelled_from_WPP_SA2,137.6,11.82,41.0,30.0,12.0,31.0
11101121238,111011212,Swansea - Caves Beach,core,20.7648,371960.3,6332930.0,151.62732,-33.1348042,164,77,0.0,0.0,0.0,0.0,0.0,19.0,3.0,7.0,3.0,54.6,2310,162.6,modelled_from_WPP_SA2,162.6,6.78,3.5,111.0,7.0,7.0
11101121301,111011213,Valentine - Eleebana,core,0.7278,374242.5,6346463.6,151.6536406,-33.0130286,0,0,0.0,0.0,0.0,0.0,0.0,0.0,0.0,0.0,0.0,0.0,1230,0.0,modelled_from_WPP_SA2,0.0,0.0,0.0,0.0,0.0,0.0
11101121302,111011213,Valentine - Eleebana,core,1.6066,372747.2,6345393.1,151.6374873,-33.0225085,0,0,0.0,0.0,0.0,0.0,0.0,6.0,6.0,14.0,0.0,44.0,1230,221.4,modelled_from_WPP_SA2,221.4,7.0,7.0,62.0,14.0,14.0
11101121303,111011213,Valentine - Eleebana,core,0.2456,373101.6,6346664.3,151.6414568,-33.0110861,544,213,0.0,0.0,0.0,1.0,0.0,1.0,0.0,2.0,0.0,19.0,1230,95.6,modelled_from_WPP_SA2,95.6,41.88,1.0,10.0,7.0,5.0
11101121304,111011213,Valentine - Eleebana,core,0.1831,373113.1,6346325.6,151.6415333,-33.0141422,453,163,0.0,0.0,0.0,0.0,0.0,1.0,0.0,0.0,0.0,2.0,1230,10.1,modelled_from_WPP_SA2,10.1,9.06,0.0,5.0,0.0,0.0
11101121305,111011213,Valentine - Eleebana,core,0.3985,373947.7,6348010.0,151.6506978,-32.9990494,503,169,0.0,0.0,0.0,0.0,0.0,3.0,0.0,0.0,0.0,6.0,1230,30.2,modelled_from_WPP_SA2,30.2,10.06,0.0,15.0,0.0,0.0
11101121306,111011213,Valentine - Eleebana,core,0.224,372866.9,6348997.2,151.6392679,-32.9900214,413,166,0.0,0.0,0.0,1.0,0.0,8.0,0.0,6.0,0.0,37.0,1230,186.2,modelled_from_WPP_SA2,186.2,41.26,3.0,49.0,11.0,9.0
11101121307,111011213,Valentine - Eleebana,core,0.368,373291.3,6349254.3,151.6438452,-32.9877526,533,196,0.0,0.0,0.0,0.0,0.0,1.0,0.0,1.0,4.0,3.8,1230,19.1,modelled_from_WPP_SA2,19.1,11.16,0.5,6.0,1.0,1.0
11101121308,111011213,Valentine - Eleebana,core,0.667,373701.3,6347373.0,151.6479735,-33.0047651,641,236,0.0,0.0,0.0,0.0,0.0,13.0,0.0,8.0,0.0,34.0,1230,171.1,modelled_from_WPP_SA2,171.1,16.82,4.0,73.0,8.0,8.0
11101121309,111011213,Valentine - Eleebana,core,0.1152,374214.4,6348900.4,151.6536744,-32.9910504,223,78,0.0,0.0,0.0,0.0,0.0,0.0,0.0,0.0,0.0,0.0,1230,0.0,modelled_from_WPP_SA2,0.0,4.46,0.0,0.0,0.0,0.0
11101121310,111011213,Valentine - Eleebana,core,0.2546,374001.5,6348709.3,151.6513698,-32.9927495,462,157,0.0,0.0,0.0,0.0,0.0,0.0,0.0,0.0,1.0,0.2,1230,1.0,modelled_from_WPP_SA2,1.0,9.24,0.0,0.0,0.0,0.0
11101121311,111011213,Valentine - Eleebana,core,0.2448,373814.6,6346985.9,151.6491331,-33.0082687,499,182,0.0,0.0,0.0,0.0,0.0,0.0,0.0,0.0,0.0,0.0,1230,0.0,modelled_from_WPP_SA2,0.0,9.98,0.0,0.0,0.0,0.0
11101121312,111011213,Valentine - Eleebana,core,0.256,373599.2,6346532.3,151.6467649,-33.0123344,440,186,0.0,0.0,0.0,0.0,0.0,1.0,0.0,0.0,0.0,2.0,1230,10.1,modelled_from_WPP_SA2,10.1,8.8,0.0,5.0,0.0,0.0
11101121313,111011213,Valentine - Eleebana,core,0.1171,373423.1,6346319.6,151.6448503,-33.0142323,307,115,0.0,0.0,0.0,0.0,0.0,0.0,0.0,0.0,0.0,0.0,1230,0.0,modelled_from_WPP_SA2,0.0,6.140000000000001,0.0,0.0,0.0,0.0
11101121314,111011213,Valentine - Eleebana,core,0.714,373204.4,6348044.2,151.6427482,-32.9986546,504,181,0.0,0.0,0.0,0.0,0.0,6.0,0.0,17.0,0.0,29.0,1230,145.9,modelled_from_WPP_SA2,145.9,18.58,8.5,47.0,17.0,17.0
11101121315,111011213,Valentine - Eleebana,core,0.3755,374381.3,6348399.2,151.6553916,-32.9955895,509,167,0.0,0.0,0.0,0.0,0.0,0.0,0.0,0.0,0.0,0.0,1230,0.0,modelled_from_WPP_SA2,0.0,10.18,0.0,0.0,0.0,0.0
11101121316,111011213,Valentine - Eleebana,core,0.211,374710.1,6347861.1,151.6588365,-33.0004801,208,66,0.0,0.0,0.0,0.0,0.0,0.0,0.0,0.0,0.0,0.0,1230,0.0,modelled_from_WPP_SA2,0.0,4.16,0.0,0.0,0.0,0.0
11101121317,111011213,Valentine - Eleebana,core,0.2194,374615.0,6347448.4,151.6577629,-33.0041908,425,153,0.0,0.0,0.0,0.0,0.0,0.0,0.0,0.0,0.0,0.0,1230,0.0,modelled_from_WPP_SA2,0.0,8.5,0.0,0.0,0.0,0.0
11101121318,111011213,Valentine - Eleebana,core,0.2132,374576.9,6347024.2,151.6572968,-33.008012,440,138,0.0,0.0,0.0,0.0,0.0,1.0,0.0,0.0,1.0,2.2,1230,11.1,modelled_from_WPP_SA2,11.1,8.8,0.0,5.0,0.0,0.0
11101121319,111011213,Valentine - Eleebana,core,0.2004,372760.6,6348431.8,151.6380522,-32.9951074,446,166,0.0,0.0,0.0,0.0,0.0,0.0,0.0,0.0,1.0,0.2,1230,1.0,modelled_from_WPP_SA2,1.0,8.92,0.0,0.0,0.0,0.0
11101121320,111011213,Valentine - Eleebana,core,0.1297,372703.7,6346737.3,151.6372091,-33.0103812,271,123,0.0,0.0,0.0,0.0,0.0,2.0,0.0,0.0,0.0,4.0,1230,20.1,modelled_from_WPP_SA2,20.1,5.42,0.0,10.0,0.0,0.0
11101121321,111011213,Valentine - Eleebana,core,0.1472,373035.7,6348681.6,151.6410311,-32.992887,426,146,0.0,0.0,0.0,0.0,0.0,0.0,0.0,0.0,0.0,0.0,1230,0.0,modelled_from_WPP_SA2,0.0,8.52,0.0,0.0,0.0,0.0
11101121322,111011213,Valentine - Eleebana,core,0.2382,373521.7,6348726.2,151.6462373,-32.992541,559,187,0.0,0.0,0.0,0.0,0.0,1.0,0.0,0.0,0.0,2.0,1230,10.1,modelled_from_WPP_SA2,10.1,11.18,0.0,5.0,0.0,0.0
11101121323,111011213,Valentine - Eleebana,core,0.2566,373352.8,6345835.3,151.6440311,-33.0185917,631,210,0.0,0.0,0.0,0.0,0.0,4.0,0.0,5.0,0.0,13.0,1230,65.4,modelled_from_WPP_SA2,65.4,15.120000000000001,2.5,25.0,5.0,5.0
11101121324,111011213,Valentine - Eleebana,core,0.2767,372243.0,6348576.0,151.6325335,-32.9937467,533,207,0.0,0.0,0.0,0.0,0.0,0.0,1.0,2.0,0.0,5.0,1230,25.2,modelled_from_WPP_SA2,25.2,11.66,1.0,5.0,2.0,2.0
11101121325,111011213,Valentine - Eleebana,core,0.2233,372136.7,6346490.7,151.631106,-33.012539,558,201,0.0,0.0,0.0,0.0,0.0,2.0,0.0,4.0,0.0,8.0,1230,40.3,modelled_from_WPP_SA2,40.3,13.16,2.0,14.0,4.0,4.0
11101121326,111011213,Valentine - Eleebana,core,0.1854,372447.3,6346625.4,151.6344484,-33.0113607,472,192,1.0,0.0,0.0,0.0,0.0,2.0,0.0,2.0,0.0,18.0,1230,90.6,modelled_from_WPP_SA2,90.6,10.44,1.0,12.0,12.0,5.0
11101121327,111011213,Valentine - Eleebana,core,0.2031,372839.6,6347186.2,151.6387258,-33.0063494,441,201,0.0,1.0,0.0,0.0,0.0,2.0,0.0,4.0,1.0,12.2,1230,61.4,modelled_from_WPP_SA2,61.4,10.82,12.0,16.0,4.0,9.0
11101121328,111011213,Valentine - Eleebana,core,0.1006,372365.6,6346097.5,151.6335011,-33.0161117,297,98,0.0,0.0,0.0,0.0,0.0,0.0,0.0,0.0,0.0,0.0,1230,0.0,modelled_from_WPP_SA2,0.0,5.94,0.0,0.0,0.0,0.0
11101121329,111011213,Valentine - Eleebana,core,0.6563,374217.2,6349348.1,151.6537658,-32.9870137,413,205,0.0,0.0,0.0,0.0,0.0,1.0,0.0,0.0,3.0,2.6,1230,13.1,modelled_from_WPP_SA2,13.1,8.26,0.0,5.0,0.0,0.0
11101121330,111011213,Valentine - Eleebana,core,0.2119,374210.2,6349104.0,151.6536571,-32.989214,426,156,0.0,0.0,0.0,0.0,0.0,0.0,0.0,0.0,1.0,0.2,1230,1.0,modelled_from_WPP_SA2,1.0,8.52,0.0,0.0,0.0,0.0
11101121401,111011214,Warners Bay - Boolaroo,core,0.1943,371865.5,6351573.9,151.6289118,-32.9666677,484,205,0.0,0.0,0.0,0.0,0.0,0.0,0.0,0.0,0.0,0.0,7765,0.0,modelled_from_WPP_SA2,0.0,9.68,0.0,0.0,0.0,0.0
11101121402,111011214,Warners Bay - Boolaroo,core,0.3005,372232.5,6351346.5,151.6328064,-32.9687618,438,165,0.0,0.0,0.0,0.0,0.0,0.0,0.0,0.0,0.0,0.0,7765,0.0,modelled_from_WPP_SA2,0.0,8.76,0.0,0.0,0.0,0.0
11101121403,111011214,Warners Bay - Boolaroo,core,0.3052,372348.0,6351121.1,151.6340103,-32.9708076,639,251,0.0,0.0,0.0,0.0,0.0,1.0,0.0,4.0,0.0,6.0,7765,32.6,modelled_from_WPP_SA2,32.6,14.780000000000001,2.0,9.0,4.0,4.0
11101121404,111011214,Warners Bay - Boolaroo,core,0.7686,373027.5,6352200.0,151.641429,-32.9611574,830,323,0.0,0.0,0.0,0.0,0.0,0.0,0.0,0.0,0.0,0.0,7765,0.0,modelled_from_WPP_SA2,0.0,16.6,0.0,0.0,0.0,0.0
11101121405,111011214,Warners Bay - Boolaroo,core,0.7207,374470.3,6351610.3,151.6567822,-32.966642,0,0,1.0,4.0,4.0,3.0,0.0,21.0,2.0,20.0,1.0,165.2,7765,898.9,modelled_from_WPP_SA2,898.9,100.0,66.0,168.0,45.0,72.0
11101121406,111011214,Warners Bay - Boolaroo,core,0.2089,373616.4,6352247.9,151.647735,-32.9607938,494,161,0.0,0.0,0.0,0.0,0.0,85.0,0.0,0.0,0.0,170.0,7765,925.1,modelled_from_WPP_SA2,925.1,9.88,0.0,425.0,0.0,0.0
11101121407,111011214,Warners Bay - Boolaroo,core,0.1614,371481.5,6351829.1,151.6248394,-32.9643211,466,215,0.0,1.0,1.0,0.0,0.0,1.0,0.0,0.0,0.0,12.0,7765,65.3,modelled_from_WPP_SA2,65.3,9.32,14.0,12.0,0.0,10.0
11101121408,111011214,Warners Bay - Boolaroo,core,0.129,373792.5,6350021.4,151.6493136,-32.9808927,306,122,0.0,0.0,0.0,1.0,0.0,0.0,0.0,0.0,0.0,15.0,7765,81.6,modelled_from_WPP_SA2,81.6,36.12,0.0,3.0,5.0,3.0
11101121409,111011214,Warners Bay - Boolaroo,core,0.151,372856.5,6351510.0,151.6395041,-32.9673604,294,105,0.0,0.0,0.0,0.0,0.0,1.0,0.0,6.0,0.0,8.0,7765,43.5,modelled_from_WPP_SA2,43.5,8.879999999999999,3.0,11.0,6.0,6.0
11101121410,111011214,Warners Bay - Boolaroo,core,0.2729,373459.8,6351320.1,151.6459325,-32.9691431,672,326,0.0,1.0,0.0,0.0,0.0,0.0,0.0,2.0,2.0,6.4,7765,34.8,modelled_from_WPP_SA2,34.8,14.44,11.0,4.0,2.0,7.0
11101121411,111011214,Warners Bay - Boolaroo,core,0.1762,373915.6,6351870.5,151.6508836,-32.9642323,356,123,0.0,0.0,0.0,0.0,0.0,52.0,0.0,1.0,0.0,105.0,7765,571.4,modelled_from_WPP_SA2,571.4,7.62,0.5,261.0,1.0,1.0
11101121412,111011214,Warners Bay - Boolaroo,core,0.1448,373521.3,6351822.7,151.6466599,-32.9646174,188,87,0.0,0.0,1.0,0.0,0.0,24.0,0.0,4.0,0.0,58.0,7765,315.6,modelled_from_WPP_SA2,315.6,5.76,6.0,129.0,4.0,9.0
11101121413,111011214,Warners Bay - Boolaroo,core,0.2913,374042.9,6352298.7,151.6523044,-32.9603855,402,143,0.0,0.0,0.0,0.0,0.0,40.0,0.0,0.0,0.0,80.0,7765,435.3,modelled_from_WPP_SA2,435.3,8.040000000000001,0.0,200.0,0.0,0.0
11101121414,111011214,Warners Bay - Boolaroo,core,0.2596,373880.0,6350766.3,151.6503515,-32.9741859,628,286,0.0,0.0,0.0,1.0,0.0,3.0,0.0,2.0,0.0,23.0,7765,125.2,modelled_from_WPP_SA2,125.2,43.56,1.0,20.0,7.0,5.0
11101121415,111011214,Warners Bay - Boolaroo,core,0.5291,370886.1,6352936.0,151.6186254,-32.9542692,613,263,0.0,0.0,0.0,2.0,0.0,2.0,0.0,7.0,6.0,42.2,7765,229.6,modelled_from_WPP_SA2,229.6,75.76,3.5,23.0,17.0,13.0
11101121416,111011214,Warners Bay - Boolaroo,core,0.2971,373014.3,6351244.0,151.6411562,-32.9697776,418,169,0.0,1.0,1.0,1.0,0.0,37.0,1.0,23.0,1.0,125.2,7765,681.3,modelled_from_WPP_SA2,681.3,49.86,25.5,221.0,28.0,36.0
11101121417,111011214,Warners Bay - Boolaroo,core,0.2921,373774.9,6351116.8,151.6492756,-32.9710122,423,241,0.0,10.0,5.0,1.0,4.0,5.0,1.0,19.0,3.0,149.6,7765,814.0,modelled_from_WPP_SA2,814.0,47.96,129.5,111.0,36.0,97.0
11101121419,111011214,Warners Bay - Boolaroo,core,0.2374,371494.5,6353074.0,151.6251527,-32.9530962,531,221,0.0,2.0,2.0,2.0,0.0,1.0,0.0,5.0,6.0,58.2,7765,316.7,modelled_from_WPP_SA2,316.7,73.12,30.5,30.0,15.0,31.0
11101121420,111011214,Warners Bay - Boolaroo,core,0.565,374575.3,6352050.3,151.6579657,-32.9626866,15,7,1.0,6.0,4.0,0.0,0.0,1.0,0.0,6.0,2.0,68.4,7765,372.2,modelled_from_WPP_SA2,372.2,3.3,79.0,43.0,16.0,59.0
11101121421,111011214,Warners Bay - Boolaroo,core,0.1166,374710.8,6351527.5,151.6593438,-32.967417,395,184,0.0,0.0,0.0,0.0,0.0,0.0,0.0,0.0,1.0,0.2,7765,1.1,modelled_from_WPP_SA2,1.1,7.9,0.0,0.0,0.0,0.0
11101121422,111011214,Warners Bay - Boolaroo,core,0.1835,374451.5,6351139.9,151.6565174,-32.9708819,494,208,0.0,0.0,0.0,0.0,0.0,0.0,0.0,0.0,1.0,0.2,7765,1.1,modelled_from_WPP_SA2,1.1,9.88,0.0,0.0,0.0,0.0
11101121423,111011214,Warners Bay - Boolaroo,core,0.1387,374753.4,6351144.6,151.6597482,-32.9708749,377,134,0.0,0.0,0.0,0.0,0.0,0.0,0.0,0.0,1.0,0.2,7765,1.1,modelled_from_WPP_SA2,1.1,7.54,0.0,0.0,0.0,0.0
11101121424,111011214,Warners Bay - Boolaroo,core,0.1265,374096.5,6351206.4,151.6527285,-32.9702414,346,155,0.0,0.0,0.0,0.0,0.0,0.0,0.0,0.0,0.0,0.0,7765,0.0,modelled_from_WPP_SA2,0.0,6.92,0.0,0.0,0.0,0.0
11101121425,111011214,Warners Bay - Boolaroo,core,0.2015,374847.6,6350727.0,151.6606984,-32.9746516,329,132,0.0,0.0,0.0,0.0,0.0,0.0,0.0,0.0,1.0,0.2,7765,1.1,modelled_from_WPP_SA2,1.1,6.58,0.0,0.0,0.0,0.0
11101121426,111011214,Warners Bay - Boolaroo,core,0.2038,374244.1,6350037.3,151.6541475,-32.9808017,406,160,0.0,0.0,0.0,0.0,0.0,0.0,0.0,0.0,0.0,0.0,7765,0.0,modelled_from_WPP_SA2,0.0,8.120000000000001,0.0,0.0,0.0,0.0
11101121427,111011214,Warners Bay - Boolaroo,core,0.6187,370908.6,6352322.1,151.6187798,-32.959808,486,215,0.0,0.0,4.0,3.0,2.0,24.0,3.0,28.0,2.0,170.4,7765,927.2,modelled_from_WPP_SA2,927.2,113.72,30.0,194.0,49.0,57.0
11101121428,111011214,Warners Bay - Boolaroo,core,0.2602,371523.5,6352429.9,151.6253724,-32.9589083,533,254,0.0,0.0,0.0,2.0,0.0,0.0,0.0,6.0,2.0,36.4,7765,198.1,modelled_from_WPP_SA2,198.1,73.66,3.0,12.0,16.0,12.0
11101121429,111011214,Warners Bay - Boolaroo,core,0.1565,374398.8,6350671.0,151.6558889,-32.9751046,316,119,0.0,0.0,0.0,0.0,0.0,0.0,0.0,0.0,1.0,0.2,7765,1.1,modelled_from_WPP_SA2,1.1,6.32,0.0,0.0,0.0,0.0
11101121430,111011214,Warners Bay - Boolaroo,core,0.1846,371753.1,6352100.3,151.6277827,-32.9619073,402,164,0.0,0.0,0.0,0.0,0.0,0.0,0.0,0.0,0.0,0.0,7765,0.0,modelled_from_WPP_SA2,0.0,8.040000000000001,0.0,0.0,0.0,0.0
11101121431,111011214,Warners Bay - Boolaroo,core,0.1697,373437.0,6349765.3,151.6454748,-32.983161,293,122,0.0,0.0,1.0,0.0,0.0,2.0,1.0,6.0,0.0,19.0,7765,103.4,modelled_from_WPP_SA2,103.4,8.86,7.0,24.0,6.0,11.0
11101121432,111011214,Warners Bay - Boolaroo,core,0.2732,373944.9,6350374.2,151.6509926,-32.977729,575,248,0.0,0.0,0.0,2.0,0.0,0.0,0.0,0.0,2.0,30.4,7765,165.4,modelled_from_WPP_SA2,165.4,71.5,0.0,6.0,10.0,6.0
11101121433,111011214,Warners Bay - Boolaroo,core,0.7454,374951.2,6350192.5,151.6617342,-32.9794832,405,143,0.0,0.0,0.0,0.0,0.0,0.0,0.0,0.0,2.0,0.4,7765,2.2,modelled_from_WPP_SA2,2.2,8.1,0.0,0.0,0.0,0.0
11101121435,111011214,Warners Bay - Boolaroo,core,2.0511,371725.3,6353754.8,151.6277161,-32.9469846,490,196,0.0,3.0,1.0,0.0,0.0,1.0,0.0,26.0,10.0,48.0,7765,261.2,modelled_from_WPP_SA2,261.2,22.8,47.0,42.0,26.0,46.0
11101121436,111011214,Warners Bay - Boolaroo,core,0.1373,373478.8,6350269.1,151.6459909,-32.9786228,408,212,0.0,1.0,0.0,0.0,1.0,1.0,0.0,7.0,0.0,21.0,7765,114.3,modelled_from_WPP_SA2,114.3,11.66,13.5,18.0,10.0,12.0
11101121437,111011214,Warners Bay - Boolaroo,core,0.0282,373395.2,6350531.8,151.645133,-32.9762442,228,128,0.0,0.0,0.0,0.0,0.0,1.0,0.0,3.0,0.0,5.0,7765,27.2,modelled_from_WPP_SA2,27.2,6.0600000000000005,1.5,8.0,3.0,3.0
11101121438,111011214,Warners Bay - Boolaroo,core,0.9348,372252.7,6352254.6,151.6331489,-32.9605751,0,0,0.0,0.0,0.0,0.0,0.0,0.0,1.0,0.0,1.0,3.2,7765,17.4,modelled_from_WPP_SA2,17.4,0.0,0.0,3.0,0.0,0.0
11102121501,111021215,Bolton Point - Teralba,core,0.3487,370431.9,6350759.0,151.6134607,-32.9738473,251,100,0.0,1.0,1.0,2.0,0.0,8.0,0.0,6.0,0.0,62.0,1949,352.7,modelled_from_WPP_SA2,352.7,68.02,17.0,59.0,16.0,22.0
11102121502,111021215,Bolton Point - Teralba,core,0.1784,368635.4,6348821.5,151.5939642,-32.9911039,365,147,0.0,0.0,0.0,0.0,0.0,0.0,0.0,0.0,0.0,0.0,1949,0.0,modelled_from_WPP_SA2,0.0,7.3,0.0,0.0,0.0,0.0
11102121503,111021215,Bolton Point - Teralba,core,0.1613,368991.1,6348526.0,151.5977286,-32.9938117,381,181,0.0,0.0,0.0,0.0,0.0,0.0,0.0,0.0,0.0,0.0,1949,0.0,modelled_from_WPP_SA2,0.0,7.62,0.0,0.0,0.0,0.0
11102121504,111021215,Bolton Point - Teralba,core,0.1183,370463.0,6349306.4,151.6135893,-32.9869497,299,108,0.0,0.0,0.0,0.0,0.0,2.0,0.0,0.0,0.0,4.0,1949,22.8,modelled_from_WPP_SA2,22.8,5.98,0.0,10.0,0.0,0.0
11102121505,111021215,Bolton Point - Teralba,core,0.29,370896.4,6349988.4,151.6183219,-32.980851,449,197,0.0,0.0,1.0,2.0,0.0,3.0,0.0,2.0,0.0,44.0,1949,250.3,modelled_from_WPP_SA2,250.3,69.98,5.0,28.0,12.0,13.0
11102121506,111021215,Bolton Point - Teralba,core,0.1992,370134.2,6349231.8,151.6100598,-32.987584,448,151,0.0,0.0,0.0,0.0,0.0,0.0,0.0,0.0,1.0,0.2,1949,1.1,modelled_from_WPP_SA2,1.1,8.96,0.0,0.0,0.0,0.0
11102121507,111021215,Bolton Point - Teralba,core,0.2909,370110.2,6347484.6,151.609556,-33.0033363,449,203,0.0,0.0,0.0,1.0,0.0,3.0,0.0,2.0,0.0,23.0,1949,130.8,modelled_from_WPP_SA2,130.8,39.980000000000004,1.0,20.0,7.0,5.0
11102121508,111021215,Bolton Point - Teralba,core,0.247,370557.2,6347510.3,151.6143432,-33.0031576,466,168,0.0,0.0,0.0,0.0,0.0,0.0,0.0,0.0,1.0,0.2,1949,1.1,modelled_from_WPP_SA2,1.1,9.32,0.0,0.0,0.0,0.0
11102121509,111021215,Bolton Point - Teralba,core,0.2345,370243.2,6348061.6,151.611061,-32.9981495,423,177,0.0,0.0,0.0,0.0,0.0,1.0,0.0,0.0,0.0,2.0,1949,11.4,modelled_from_WPP_SA2,11.4,8.46,0.0,5.0,0.0,0.0
11102121510,111021215,Bolton Point - Teralba,core,0.1898,369996.5,6348437.5,151.6084746,-32.9947299,456,172,0.0,0.0,0.0,0.0,0.0,0.0,0.0,0.0,0.0,0.0,1949,0.0,modelled_from_WPP_SA2,0.0,9.120000000000001,0.0,0.0,0.0,0.0
11102121511,111021215,Bolton Point - Teralba,core,1.499,369316.1,6352984.4,151.6018394,-32.9536456,434,145,0.0,0.0,0.0,0.0,0.0,0.0,0.0,0.0,1.0,0.2,1949,1.1,modelled_from_WPP_SA2,1.1,8.68,0.0,0.0,0.0,0.0
11102121512,111021215,Bolton Point - Teralba,core,0.1169,369777.1,6349222.3,151.6062375,-32.987627,276,96,0.0,0.0,0.0,0.0,0.0,0.0,0.0,0.0,0.0,0.0,1949,0.0,modelled_from_WPP_SA2,0.0,5.5200000000000005,0.0,0.0,0.0,0.0
11102121513,111021215,Bolton Point - Teralba,core,0.2868,369608.3,6349546.3,151.6044781,-32.9846844,453,157,0.0,0.0,0.0,2.0,0.0,0.0,0.0,4.0,1.0,34.2,1949,194.6,modelled_from_WPP_SA2,194.6,71.06,2.0,10.0,14.0,10.0
11102121514,111021215,Bolton Point - Teralba,core,0.2872,369822.9,6350267.5,151.6068758,-32.9782064,266,88,0.0,0.0,0.0,1.0,0.0,9.0,0.0,1.0,1.0,34.2,1949,194.6,modelled_from_WPP_SA2,194.6,35.82,0.5,49.0,6.0,4.0
11102121515,111021215,Bolton Point - Teralba,core,0.5,370275.7,6349879.8,151.6116655,-32.9817574,14,7,0.0,0.0,0.0,0.0,0.0,0.0,0.0,0.0,0.0,0.0,1949,0.0,modelled_from_WPP_SA2,0.0,0.28,0.0,0.0,0.0,0.0
11102121516,111021215,Bolton Point - Teralba,core,0.3517,370185.7,6350529.5,151.6107944,-32.975887,637,291,0.0,0.0,0.0,1.0,0.0,1.0,0.0,2.0,0.0,19.0,1949,108.1,modelled_from_WPP_SA2,108.1,43.74,1.0,10.0,7.0,5.0
11102121517,111021215,Bolton Point - Teralba,core,0.2324,369782.6,6351183.6,151.6065743,-32.9699409,478,138,0.0,0.0,0.0,0.0,0.0,0.0,0.0,3.0,1.0,3.2,1949,18.2,modelled_from_WPP_SA2,18.2,11.06,1.5,3.0,3.0,3.0
11102121518,111021215,Bolton Point - Teralba,core,1.2955,369035.5,6351174.9,151.5985804,-32.9699297,1472,509,0.0,0.0,3.0,0.0,0.0,3.0,2.0,10.0,15.0,43.0,1949,244.6,modelled_from_WPP_SA2,244.6,34.44,17.0,46.0,10.0,25.0
11102121519,111021215,Bolton Point - Teralba,core,0.6907,370148.7,6352257.9,151.6106427,-32.9602963,392,165,0.0,0.0,0.0,1.0,0.0,8.0,0.0,7.0,5.0,39.0,1949,221.9,modelled_from_WPP_SA2,221.9,41.34,3.5,50.0,12.0,10.0
11102121520,111021215,Bolton Point - Teralba,core,0.3016,369453.7,6352270.7,151.6032104,-32.960098,298,123,0.0,0.0,0.0,0.0,0.0,0.0,0.0,0.0,3.0,0.6000000000000001,1949,3.4,modelled_from_WPP_SA2,3.4,5.96,0.0,0.0,0.0,0.0
11102121521,111021215,Bolton Point - Teralba,core,12.7637,368465.7,6352428.9,151.5926647,-32.9585531,63,23,0.0,0.0,0.0,0.0,0.0,2.0,0.0,0.0,3.0,4.6,1949,26.2,modelled_from_WPP_SA2,26.2,1.26,0.0,10.0,0.0,0.0
11102121522,111021215,Bolton Point - Teralba,core,0.4904,369685.5,6348831.7,151.605202,-32.9911376,539,198,0.0,0.0,0.0,1.0,0.0,3.0,0.0,4.0,1.0,25.2,1949,143.4,modelled_from_WPP_SA2,143.4,42.78,2.0,22.0,9.0,7.0
11102121523,111021215,Bolton Point - Teralba,core,0.5236,370432.1,6348620.3,151.6131613,-32.9931332,0,0,0.0,0.0,0.0,0.0,0.0,1.0,0.0,0.0,0.0,2.0,1949,11.4,modelled_from_WPP_SA2,11.4,0.0,0.0,5.0,0.0,0.0
11102121524,111021215,Bolton Point - Teralba,core,0.2135,368977.7,6348981.6,151.5976499,-32.9897018,506,191,0.0,0.0,0.0,0.0,0.0,1.0,0.0,0.0,0.0,2.0,1949,11.4,modelled_from_WPP_SA2,11.4,10.120000000000001,0.0,5.0,0.0,0.0
11102121525,111021215,Bolton Point - Teralba,core,0.1506,368534.4,6349237.9,151.5929435,-32.9873368,329,137,0.0,0.0,0.0,0.0,0.0,0.0,0.0,0.0,0.0,0.0,1949,0.0,modelled_from_WPP_SA2,0.0,6.58,0.0,0.0,0.0,0.0
11102121601,111021216,Bonnells Bay - Silverwater,core,0.227,365287.8,6337046.8,151.5564125,-33.0968728,376,185,0.0,0.0,0.0,0.0,0.0,0.0,0.0,0.0,0.0,0.0,1157,0.0,modelled_from_WPP_SA2,0.0,7.5200000000000005,0.0,0.0,0.0,0.0
11102121602,111021216,Bonnells Bay - Silverwater,core,0.6178,364388.0,6336663.0,151.546716,-33.1002218,390,193,0.0,0.0,0.0,0.0,0.0,0.0,0.0,0.0,0.0,0.0,1157,0.0,modelled_from_WPP_SA2,0.0,7.8,0.0,0.0,0.0,0.0
11102121603,111021216,Bonnells Bay - Silverwater,core,0.7481,365154.8,6335369.9,151.5547399,-33.1119775,809,328,0.0,1.0,0.0,0.0,0.0,0.0,0.0,2.0,1.0,6.2,1157,20.9,modelled_from_WPP_SA2,20.9,17.18,11.0,4.0,2.0,7.0
11102121604,111021216,Bonnells Bay - Silverwater,core,0.7994,365811.9,6335361.0,151.5617798,-33.1121394,475,224,0.0,0.0,0.0,8.0,0.0,8.0,0.0,4.0,2.0,140.4,1157,473.0,modelled_from_WPP_SA2,473.0,251.5,2.0,68.0,44.0,28.0
11102121605,111021216,Bonnells Bay - Silverwater,core,0.8965,365508.0,6336362.3,151.5586705,-33.1030725,274,135,0.0,0.0,0.0,0.0,0.0,0.0,0.0,0.0,0.0,0.0,1157,0.0,modelled_from_WPP_SA2,0.0,5.48,0.0,0.0,0.0,0.0
11102121606,111021216,Bonnells Bay - Silverwater,core,0.5118,364515.5,6337391.6,151.5481897,-33.093668,619,270,0.0,0.0,0.0,0.0,0.0,5.0,1.0,5.0,0.0,18.0,1157,60.6,modelled_from_WPP_SA2,60.6,14.88,2.5,33.0,5.0,5.0
11102121607,111021216,Bonnells Bay - Silverwater,core,0.3512,362729.0,6335757.4,151.5288059,-33.1081798,799,367,0.0,0.0,0.0,1.0,0.0,4.0,0.0,2.0,0.0,25.0,1157,84.2,modelled_from_WPP_SA2,84.2,46.980000000000004,1.0,25.0,7.0,5.0
11102121608,111021216,Bonnells Bay - Silverwater,core,1.5855,361932.3,6335221.6,151.5201886,-33.1129094,1161,432,0.0,0.0,0.0,2.0,0.0,1.0,0.0,2.0,1.0,34.2,1157,115.2,modelled_from_WPP_SA2,115.2,84.22,1.0,13.0,12.0,8.0
11102121609,111021216,Bonnells Bay - Silverwater,core,1.418,364249.6,6335372.2,151.5450409,-33.111844,480,232,0.0,0.0,0.0,0.0,0.0,4.0,0.0,1.0,0.0,9.0,1157,30.3,modelled_from_WPP_SA2,30.3,10.1,0.5,21.0,1.0,1.0
11102121610,111021216,Bonnells Bay - Silverwater,core,0.2735,363427.8,6334991.8,151.5361783,-33.1151709,392,170,0.0,0.0,0.0,1.0,0.0,0.0,0.0,1.0,0.0,16.0,1157,53.9,modelled_from_WPP_SA2,53.9,38.34,0.5,4.0,6.0,4.0
11102121611,111021216,Bonnells Bay - Silverwater,core,0.3254,363315.5,6335473.0,151.5350476,-33.1108181,375,136,0.0,5.0,4.0,0.0,2.0,3.0,0.0,5.0,3.0,71.6,1157,241.2,modelled_from_WPP_SA2,241.2,10.0,68.5,58.0,11.0,50.0
11102121612,111021216,Bonnells Bay - Silverwater,core,0.6787,363335.0,6334200.0,151.5350655,-33.1222997,841,331,0.0,0.0,0.0,0.0,0.0,2.0,0.0,2.0,0.0,6.0,1157,20.2,modelled_from_WPP_SA2,20.2,17.82,1.0,12.0,2.0,2.0
11102121613,111021216,Bonnells Bay - Silverwater,core,0.4419,362800.0,6334781.3,151.52942,-33.1169903,599,218,0.0,0.0,0.0,0.0,0.0,0.0,0.0,0.0,4.0,0.8,1157,2.7,modelled_from_WPP_SA2,2.7,11.98,0.0,0.0,0.0,0.0
11102121614,111021216,Bonnells Bay - Silverwater,core,0.2676,363114.4,6334973.1,151.5328175,-33.1153005,371,158,0.0,0.0,0.0,0.0,0.0,1.0,0.0,0.0,1.0,2.2,1157,7.4,modelled_from_WPP_SA2,7.4,7.42,0.0,5.0,0.0,0.0
11102121615,111021216,Bonnells Bay - Silverwater,core,0.304,361823.4,6335861.6,151.5191191,-33.1071251,588,241,0.0,0.0,0.0,0.0,0.0,4.0,0.0,2.0,0.0,10.0,1157,33.7,modelled_from_WPP_SA2,33.7,12.76,1.0,22.0,2.0,2.0
11102121616,111021216,Bonnells Bay - Silverwater,core,0.2764,361631.7,6336209.9,151.5171179,-33.1039602,445,218,0.0,0.0,0.0,0.0,0.0,1.0,0.0,2.0,0.0,4.0,1157,13.5,modelled_from_WPP_SA2,13.5,9.9,1.0,7.0,2.0,2.0
11102121617,111021216,Bonnells Bay - Silverwater,core,0.4327,363717.4,6336067.0,151.539442,-33.1055119,701,291,0.0,0.0,0.0,0.0,0.0,0.0,0.0,0.0,0.0,0.0,1157,0.0,modelled_from_WPP_SA2,0.0,14.02,0.0,0.0,0.0,0.0
11102121701,111021217,Edgeworth - Cameron Park,core,0.4104,369623.3,6355703.8,151.6055105,-32.9291599,271,160,0.0,0.0,0.0,0.0,0.0,0.0,0.0,0.0,0.0,0.0,4144,0.0,modelled_from_WPP_SA2,0.0,5.42,0.0,0.0,0.0,0.0
11102121702,111021217,Edgeworth - Cameron Park,core,0.1332,370657.7,6357550.7,151.6168304,-32.9126272,349,116,0.0,0.0,0.0,0.0,0.0,0.0,0.0,1.0,0.0,1.0,4144,10.2,modelled_from_WPP_SA2,10.2,7.48,0.5,1.0,1.0,1.0
11102121703,111021217,Edgeworth - Cameron Park,core,0.0852,371527.4,6356592.7,151.6259951,-32.9213691,241,92,0.0,0.0,0.0,0.0,0.0,0.0,0.0,0.0,0.0,0.0,4144,0.0,modelled_from_WPP_SA2,0.0,4.82,0.0,0.0,0.0,0.0
11102121704,111021217,Edgeworth - Cameron Park,core,0.1342,371352.7,6356870.1,151.6241666,-32.9188471,401,155,0.0,0.0,0.0,0.0,0.0,0.0,0.0,0.0,0.0,0.0,4144,0.0,modelled_from_WPP_SA2,0.0,8.02,0.0,0.0,0.0,0.0
11102121705,111021217,Edgeworth - Cameron Park,core,0.183,370208.4,6356191.2,151.6118363,-32.9248339,447,220,0.0,0.0,0.0,1.0,0.0,0.0,0.0,1.0,0.0,16.0,4144,163.3,modelled_from_WPP_SA2,163.3,39.44,0.5,4.0,6.0,4.0
11102121706,111021217,Edgeworth - Cameron Park,core,0.3261,370039.1,6355729.2,151.6099604,-32.92898,418,154,0.0,0.0,0.0,0.0,0.0,0.0,0.0,0.0,0.0,0.0,4144,0.0,modelled_from_WPP_SA2,0.0,8.36,0.0,0.0,0.0,0.0
11102121707,111021217,Edgeworth - Cameron Park,core,0.1445,370353.6,6355777.6,151.61333,-32.9285812,368,177,0.0,0.0,0.0,0.0,0.0,1.0,0.0,0.0,0.0,2.0,4144,20.4,modelled_from_WPP_SA2,20.4,7.36,0.0,5.0,0.0,0.0
11102121708,111021217,Edgeworth - Cameron Park,core,0.6525,370812.4,6355685.5,151.6182231,-32.9294659,325,147,0.0,0.0,1.0,0.0,0.0,9.0,0.0,1.0,1.0,25.2,4144,257.2,modelled_from_WPP_SA2,257.2,7.0,4.5,51.0,1.0,6.0
11102121709,111021217,Edgeworth - Cameron Park,core,0.6478,369328.3,6356399.4,151.6024547,-32.9228518,357,121,0.0,0.0,0.0,0.0,0.0,0.0,0.0,0.0,2.0,0.4,4144,4.1,modelled_from_WPP_SA2,4.1,7.140000000000001,0.0,0.0,0.0,0.0
11102121710,111021217,Edgeworth - Cameron Park,core,0.6339,371401.2,6355800.2,151.6245357,-32.9285013,224,97,0.0,3.0,1.0,0.0,2.0,13.0,0.0,8.0,4.0,68.8,4144,702.2,modelled_from_WPP_SA2,702.2,8.48,38.0,92.0,14.0,28.0
11102121711,111021217,Edgeworth - Cameron Park,core,0.2283,371887.0,6356798.2,151.6298689,-32.9195586,601,219,0.0,0.0,0.0,0.0,0.0,2.0,0.0,1.0,2.0,5.4,4144,55.1,modelled_from_WPP_SA2,55.1,12.52,0.5,11.0,1.0,1.0
11102121714,111021217,Edgeworth - Cameron Park,core,0.1442,370381.2,6357003.7,151.6137973,-32.9175274,391,141,0.0,0.0,0.0,0.0,0.0,0.0,0.0,0.0,0.0,0.0,4144,0.0,modelled_from_WPP_SA2,0.0,7.82,0.0,0.0,0.0,0.0
11102121718,111021217,Edgeworth - Cameron Park,core,0.4943,369874.9,6357316.1,151.6084288,-32.9146505,22,6,0.0,0.0,0.0,1.0,0.0,14.0,0.0,10.0,0.0,53.0,4144,541.0,modelled_from_WPP_SA2,541.0,35.44,5.0,83.0,15.0,13.0
11102121719,111021217,Edgeworth - Cameron Park,core,0.1481,371972.3,6355833.8,151.6306472,-32.9282649,388,169,0.0,0.0,0.0,0.0,0.0,0.0,0.0,0.0,1.0,0.2,4144,2.0,modelled_from_WPP_SA2,2.0,7.76,0.0,0.0,0.0,0.0
11102121720,111021217,Edgeworth - Cameron Park,core,0.0816,372117.9,6356231.8,151.6322591,-32.9246935,216,77,0.0,0.0,0.0,0.0,0.0,0.0,0.0,0.0,0.0,0.0,4144,0.0,modelled_from_WPP_SA2,0.0,4.32,0.0,0.0,0.0,0.0
11102121721,111021217,Edgeworth - Cameron Park,core,0.2408,371568.5,6356337.0,151.6263994,-32.9236796,563,238,0.0,0.0,1.0,0.0,0.0,1.0,0.0,1.0,3.0,9.6,4144,98.0,modelled_from_WPP_SA2,98.0,11.76,4.5,11.0,1.0,6.0
11102121722,111021217,Edgeworth - Cameron Park,core,0.3279,370743.6,6356502.6,151.6176024,-32.9220898,506,182,0.0,0.0,1.0,2.0,0.0,5.0,0.0,3.0,1.0,49.2,4144,502.2,modelled_from_WPP_SA2,502.2,71.62,5.5,39.0,13.0,14.0
11102121723,111021217,Edgeworth - Cameron Park,core,0.2242,369995.6,6356575.3,151.6096146,-32.9213449,502,194,0.0,0.0,0.0,1.0,0.0,0.0,0.0,0.0,2.0,15.4,4144,157.2,modelled_from_WPP_SA2,157.2,40.04,0.0,3.0,5.0,3.0
11102121724,111021217,Edgeworth - Cameron Park,core,0.1461,370703.6,6357820.8,151.617359,-32.9101975,416,138,0.0,0.0,0.0,0.0,0.0,0.0,0.0,0.0,1.0,0.2,4144,2.0,modelled_from_WPP_SA2,2.0,8.32,0.0,0.0,0.0,0.0
11102121727,111021217,Edgeworth - Cameron Park,core,3.353,372242.6,6357510.8,151.6337695,-32.9131738,162,62,0.0,0.0,0.0,0.0,0.0,2.0,0.0,2.0,3.0,6.6,4144,67.4,modelled_from_WPP_SA2,67.4,4.24,1.0,12.0,2.0,2.0
11102121729,111021217,Edgeworth - Cameron Park,core,0.1605,370157.7,6357505.6,151.6114789,-32.9129752,420,146,0.0,0.0,0.0,0.0,0.0,2.0,0.0,0.0,1.0,4.2,4144,42.9,modelled_from_WPP_SA2,42.9,8.4,0.0,10.0,0.0,0.0
11102121730,111021217,Edgeworth - Cameron Park,core,0.1423,370475.9,6357357.7,151.6148598,-32.9143461,337,122,0.0,0.0,0.0,0.0,0.0,0.0,0.0,0.0,0.0,0.0,4144,0.0,modelled_from_WPP_SA2,0.0,6.74,0.0,0.0,0.0,0.0
11102121731,111021217,Edgeworth - Cameron Park,core,0.1504,370677.2,6356934.9,151.6169525,-32.9181828,440,159,0.0,0.0,0.0,0.0,0.0,0.0,0.0,0.0,0.0,0.0,4144,0.0,modelled_from_WPP_SA2,0.0,8.8,0.0,0.0,0.0,0.0
11102121732,111021217,Edgeworth - Cameron Park,core,0.3204,370910.0,6358053.0,151.6195989,-32.9081273,666,198,0.0,0.0,0.0,0.0,0.0,0.0,0.0,0.0,1.0,0.2,4144,2.0,modelled_from_WPP_SA2,2.0,13.32,0.0,0.0,0.0,0.0
11102121734,111021217,Edgeworth - Cameron Park,core,0.9908,368948.3,6359533.6,151.5988369,-32.8945422,0,0,0.0,2.0,2.0,0.0,0.0,1.0,0.0,2.0,3.0,24.6,4144,251.1,modelled_from_WPP_SA2,251.1,1.0,29.0,21.0,2.0,22.0
11102121736,111021217,Edgeworth - Cameron Park,core,0.1546,369567.3,6356963.9,151.6050899,-32.91779,496,151,0.0,0.0,0.0,0.0,0.0,0.0,0.0,0.0,1.0,0.2,4144,2.0,modelled_from_WPP_SA2,2.0,9.92,0.0,0.0,0.0,0.0
11102121737,111021217,Edgeworth - Cameron Park,core,0.281,369859.1,6358167.8,151.6083798,-32.9069682,445,141,0.0,0.0,0.0,0.0,0.0,1.0,0.0,0.0,1.0,2.2,4144,22.5,modelled_from_WPP_SA2,22.5,8.9,0.0,5.0,0.0,0.0
11102121738,111021217,Edgeworth - Cameron Park,core,0.2444,369357.4,6356813.3,151.6028245,-32.9191227,447,124,0.0,0.0,0.0,0.0,0.0,0.0,0.0,0.0,1.0,0.2,4144,2.0,modelled_from_WPP_SA2,2.0,8.94,0.0,0.0,0.0,0.0
11102121739,111021217,Edgeworth - Cameron Park,core,0.8729,368762.3,6358688.7,151.5967288,-32.9021396,4,0,0.0,0.0,0.0,0.0,0.0,0.0,0.0,0.0,0.0,0.0,4144,0.0,modelled_from_WPP_SA2,0.0,0.08,0.0,0.0,0.0,0.0
11102121740,111021217,Edgeworth - Cameron Park,core,0.1828,369352.6,6357273.8,151.602838,-32.9149698,577,173,0.0,0.0,0.0,0.0,0.0,0.0,0.0,0.0,0.0,0.0,4144,0.0,modelled_from_WPP_SA2,0.0,11.540000000000001,0.0,0.0,0.0,0.0
11102121741,111021217,Edgeworth - Cameron Park,core,0.2891,369942.0,6358782.7,151.6093526,-32.9014328,607,185,0.0,0.0,0.0,0.0,0.0,0.0,0.0,0.0,0.0,0.0,4144,0.0,modelled_from_WPP_SA2,0.0,12.14,0.0,0.0,0.0,0.0
11102121742,111021217,Edgeworth - Cameron Park,core,0.4472,370252.2,6358911.5,151.6126865,-32.9003084,0,0,0.0,0.0,0.0,0.0,0.0,0.0,0.0,0.0,0.0,0.0,4144,0.0,modelled_from_WPP_SA2,0.0,0.0,0.0,0.0,0.0,0.0
11102121743,111021217,Edgeworth - Cameron Park,core,0.2748,369168.6,6358411.8,151.6010332,-32.9046852,764,238,0.0,0.0,0.0,0.0,0.0,0.0,0.0,0.0,1.0,0.2,4144,2.0,modelled_from_WPP_SA2,2.0,15.280000000000001,0.0,0.0,0.0,0.0
11102121744,111021217,Edgeworth - Cameron Park,core,0.146,369397.4,6358147.5,151.603441,-32.9070958,449,128,0.0,0.0,0.0,0.0,0.0,4.0,0.0,3.0,1.0,11.2,4144,114.3,modelled_from_WPP_SA2,114.3,10.48,1.5,23.0,3.0,3.0
11102121745,111021217,Edgeworth - Cameron Park,core,0.2235,370239.0,6358335.4,151.6124647,-32.9055014,472,134,0.0,0.0,0.0,0.0,0.0,0.0,0.0,0.0,2.0,0.4,4144,4.1,modelled_from_WPP_SA2,4.1,9.44,0.0,0.0,0.0,0.0
11102121746,111021217,Edgeworth - Cameron Park,core,1.1097,368802.4,6357514.6,151.5969907,-32.9127319,930,312,0.0,3.0,3.0,1.0,0.0,1.0,0.0,10.0,6.0,58.2,4144,594.0,modelled_from_WPP_SA2,594.0,53.6,47.0,39.0,15.0,43.0
11102121747,111021217,Edgeworth - Cameron Park,core,0.1403,370986.4,6356785.7,151.6202379,-32.919565,392,180,0.0,0.0,0.0,0.0,0.0,2.0,0.0,0.0,1.0,4.2,4144,42.9,modelled_from_WPP_SA2,42.9,7.84,0.0,10.0,0.0,0.0
11102121748,111021217,Edgeworth - Cameron Park,core,0.1603,370226.1,6357926.6,151.6122693,-32.9091865,390,93,0.0,2.0,0.0,1.0,0.0,1.0,0.0,6.0,3.0,31.6,4144,322.5,modelled_from_WPP_SA2,322.5,40.8,23.0,18.0,11.0,19.0
11102121749,111021217,Edgeworth - Cameron Park,core,0.2709,369451.3,6358937.4,151.6041288,-32.8999795,818,249,0.0,0.0,0.0,0.0,0.0,4.0,0.0,6.0,2.0,14.4,4144,147.0,modelled_from_WPP_SA2,147.0,19.36,3.0,26.0,6.0,6.0
11102121750,111021217,Edgeworth - Cameron Park,core,0.3002,371079.9,6357159.4,151.6212895,-32.9162064,574,195,0.0,0.0,0.0,0.0,0.0,0.0,0.0,1.0,1.0,1.2,4144,12.2,modelled_from_WPP_SA2,12.2,11.98,0.5,1.0,1.0,1.0
11102121801,111021218,Morisset - Cooranbong,core,3.1256,357147.1,6338506.9,151.4694296,-33.0826664,489,146,0.0,0.0,0.0,0.0,0.0,7.0,0.0,0.0,6.0,15.2,7568,70.9,modelled_from_WPP_SA2,70.9,9.78,0.0,35.0,0.0,0.0
11102121803,111021218,Morisset - Cooranbong,core,26.7552,353855.8,6328547.8,151.4325828,-33.172028,362,130,0.0,0.0,0.0,0.0,0.0,0.0,0.0,0.0,2.0,0.4,7568,1.9,modelled_from_WPP_SA2,1.9,7.24,0.0,0.0,0.0,0.0
11102121804,111021218,Morisset - Cooranbong,core,3.4776,357944.0,6333101.4,151.477125,-33.1315131,16,12,1.0,11.0,4.0,0.0,0.0,5.0,0.0,9.0,13.0,101.6,7568,474.1,modelled_from_WPP_SA2,474.1,4.82,130.5,76.0,19.0,87.0
11102121805,111021218,Morisset - Cooranbong,core,0.9743,355228.8,6338553.5,151.4488911,-33.0819925,301,105,0.0,1.0,0.0,1.0,0.0,2.0,0.0,13.0,0.0,36.0,7568,168.0,modelled_from_WPP_SA2,168.0,42.52,16.5,28.0,18.0,21.0
11102121807,111021218,Morisset - Cooranbong,core,0.2697,358976.7,6335476.0,151.4885589,-33.1102353,195,80,0.0,0.0,0.0,0.0,0.0,4.0,0.0,59.0,1.0,67.2,7568,313.6,modelled_from_WPP_SA2,313.6,33.4,29.5,79.0,59.0,59.0
11102121809,111021218,Morisset - Cooranbong,core,3.7143,357924.6,6327802.2,151.4760912,-33.1792931,740,231,0.0,1.0,0.0,0.0,0.0,0.0,0.0,1.0,5.0,6.0,7568,28.0,modelled_from_WPP_SA2,28.0,15.3,10.5,3.0,1.0,6.0
11102121810,111021218,Morisset - Cooranbong,core,2.1552,361244.1,6331306.7,151.5122191,-33.1481229,282,90,0.0,0.0,0.0,0.0,0.0,0.0,0.0,1.0,0.0,1.0,7568,4.7,modelled_from_WPP_SA2,4.7,6.14,0.5,1.0,1.0,1.0
11102121811,111021218,Morisset - Cooranbong,core,0.189,361799.0,6331789.2,151.5182409,-33.1438438,442,171,0.0,0.0,0.0,0.0,0.0,0.0,0.0,0.0,1.0,0.2,7568,0.9,modelled_from_WPP_SA2,0.9,8.84,0.0,0.0,0.0,0.0
11102121812,111021218,Morisset - Cooranbong,core,0.7608,362126.0,6331560.7,151.5217109,-33.1459457,914,428,0.0,0.0,0.0,0.0,0.0,3.0,1.0,9.0,2.0,18.4,7568,85.9,modelled_from_WPP_SA2,85.9,22.78,4.5,27.0,9.0,9.0
11102121813,111021218,Morisset - Cooranbong,core,0.2703,359176.5,6327616.8,151.489486,-33.1811281,251,89,0.0,0.0,0.0,0.0,0.0,0.0,0.0,4.0,1.0,4.2,7568,19.6,modelled_from_WPP_SA2,19.6,7.0200000000000005,2.0,4.0,4.0,4.0
11102121814,111021218,Morisset - Cooranbong,core,0.2438,356586.0,6337141.6,151.4632064,-33.0949039,556,206,0.0,0.0,0.0,0.0,0.0,0.0,0.0,0.0,1.0,0.2,7568,0.9,modelled_from_WPP_SA2,0.9,11.120000000000001,0.0,0.0,0.0,0.0
11102121815,111021218,Morisset - Cooranbong,core,0.5508,359204.5,6328536.5,151.4899281,-33.1728387,276,102,0.0,0.0,0.0,0.0,0.0,5.0,0.0,2.0,1.0,12.2,7568,56.9,modelled_from_WPP_SA2,56.9,6.5200000000000005,1.0,27.0,2.0,2.0
11102121816,111021218,Morisset - Cooranbong,core,52.2448,353359.0,6333106.4,151.4279888,-33.1308571,433,161,0.0,0.0,0.0,0.0,0.0,2.0,0.0,1.0,0.0,5.0,7568,23.3,modelled_from_WPP_SA2,23.3,9.16,0.5,11.0,1.0,1.0
11102121817,111021218,Morisset - Cooranbong,core,12.9417,360151.7,6333398.0,151.5008304,-33.1291251,4,0,0.0,0.0,0.0,1.0,0.0,2.0,0.0,0.0,1.0,19.2,7568,89.6,modelled_from_WPP_SA2,89.6,30.08,0.0,13.0,5.0,3.0
11102121819,111021218,Morisset - Cooranbong,core,0.2094,359782.2,6338392.1,151.4976376,-33.084045,295,143,0.0,0.0,0.0,0.0,0.0,0.0,0.0,0.0,0.0,0.0,7568,0.0,modelled_from_WPP_SA2,0.0,5.9,0.0,0.0,0.0,0.0
11102121820,111021218,Morisset - Cooranbong,core,2.5678,360336.4,6337304.7,151.5034078,-33.0939223,223,107,0.0,0.0,0.0,1.0,0.0,1.0,0.0,0.0,4.0,17.8,7568,83.1,modelled_from_WPP_SA2,83.1,34.46,0.0,8.0,5.0,3.0
11102121822,111021218,Morisset - Cooranbong,core,1.4193,360549.6,6338533.3,151.5058786,-33.0828706,578,278,0.0,1.0,1.0,0.0,0.0,9.0,1.0,5.0,0.0,36.0,7568,168.0,modelled_from_WPP_SA2,168.0,14.06,16.5,60.0,5.0,15.0
11102121823,111021218,Morisset - Cooranbong,core,1.063,358641.9,6338978.3,151.4855137,-33.0786117,335,132,0.0,0.0,0.0,0.0,0.0,0.0,0.0,1.0,0.0,1.0,7568,4.7,modelled_from_WPP_SA2,4.7,7.2,0.5,1.0,1.0,1.0
11102121824,111021218,Morisset - Cooranbong,core,2.5606,359112.6,6337669.8,151.4903533,-33.0904719,207,77,0.0,0.0,0.0,1.0,0.0,0.0,0.0,0.0,2.0,15.4,7568,71.9,modelled_from_WPP_SA2,71.9,34.14,0.0,3.0,5.0,3.0
11102121825,111021218,Morisset - Cooranbong,core,67.7924,348748.5,6342509.1,151.3801368,-33.0454431,402,156,0.0,0.0,0.0,0.0,0.0,9.0,22.0,15.0,0.0,99.0,7568,462.0,modelled_from_WPP_SA2,462.0,15.540000000000001,7.5,126.0,15.0,15.0
11102121827,111021218,Morisset - Cooranbong,core,3.1087,357132.1,6335965.6,151.4688724,-33.1055792,433,247,0.0,0.0,1.0,2.0,0.0,0.0,0.0,1.0,1.0,37.2,7568,173.6,modelled_from_WPP_SA2,173.6,69.16,4.5,12.0,11.0,12.0
11102121828,111021218,Morisset - Cooranbong,core,0.376,357822.2,6337070.0,151.4764379,-33.0957121,369,136,0.0,0.0,0.0,0.0,0.0,2.0,0.0,1.0,1.0,5.2,7568,24.3,modelled_from_WPP_SA2,24.3,7.88,0.5,11.0,1.0,1.0
11102121829,111021218,Morisset - Cooranbong,core,0.3358,358501.9,6335550.9,151.4834833,-33.1094982,180,83,8.0,25.0,11.0,3.0,6.0,4.0,0.0,23.0,8.0,387.6,7568,1808.7,modelled_from_WPP_SA2,1808.7,105.1,305.5,181.0,136.0,236.0
11102121830,111021218,Morisset - Cooranbong,core,0.1559,360971.9,6336003.9,151.5100167,-33.1057326,342,260,0.0,0.0,0.0,0.0,0.0,1.0,0.0,1.0,0.0,3.0,7568,14.0,modelled_from_WPP_SA2,14.0,7.34,0.5,6.0,1.0,1.0
11102121831,111021218,Morisset - Cooranbong,core,0.9348,360065.9,6335826.4,151.5002831,-33.1072175,574,205,0.0,1.0,0.0,2.0,0.0,2.0,0.0,7.0,4.0,45.8,7568,213.7,modelled_from_WPP_SA2,213.7,74.98,13.5,25.0,17.0,18.0
11102121832,111021218,Morisset - Cooranbong,core,2.0909,356062.6,6338520.1,151.4578158,-33.0824045,409,179,0.0,1.0,2.0,4.0,0.0,3.0,0.0,24.0,2.0,106.4,7568,496.5,modelled_from_WPP_SA2,496.5,140.18,30.0,63.0,44.0,51.0
11102121833,111021218,Morisset - Cooranbong,core,0.4094,356743.8,6340170.5,151.4653705,-33.0676129,331,128,0.0,0.0,0.0,0.0,0.0,0.0,0.0,3.0,4.0,3.8,7568,17.7,modelled_from_WPP_SA2,17.7,8.120000000000001,1.5,3.0,3.0,3.0
11102121835,111021218,Morisset - Cooranbong,core,1.1057,359569.1,6336579.0,151.4950766,-33.1003667,457,170,2.0,2.0,1.0,2.0,0.0,4.0,0.0,15.0,2.0,91.4,7568,426.5,modelled_from_WPP_SA2,426.5,76.64,31.5,50.0,45.0,42.0
11102121836,111021218,Morisset - Cooranbong,core,0.3865,359796.8,6338714.2,151.4978431,-33.0811429,349,151,0.0,0.0,0.0,3.0,0.0,11.0,0.0,4.0,0.0,71.0,7568,331.3,modelled_from_WPP_SA2,331.3,98.98,2.0,68.0,19.0,13.0
11102121837,111021218,Morisset - Cooranbong,core,0.3633,354762.6,6338461.5,151.4438829,-33.0827596,845,296,0.0,0.0,0.0,0.0,0.0,2.0,0.0,2.0,0.0,6.0,7568,28.0,modelled_from_WPP_SA2,28.0,17.9,1.0,12.0,2.0,2.0
11102121838,111021218,Morisset - Cooranbong,core,18.3413,360709.6,6329102.9,151.5061526,-33.1679265,109,38,0.0,0.0,0.0,0.0,0.0,0.0,0.0,0.0,0.0,0.0,7568,0.0,modelled_from_WPP_SA2,0.0,2.18,0.0,0.0,0.0,0.0
11102121839,111021218,Morisset - Cooranbong,core,0.6476,358825.2,6327586.9,151.4857141,-33.1813524,302,111,0.0,0.0,0.0,2.0,0.0,5.0,0.0,6.0,7.0,47.4,7568,221.2,modelled_from_WPP_SA2,221.2,69.04,3.0,37.0,16.0,12.0
11102121840,111021218,Morisset - Cooranbong,core,0.3245,359316.7,6327215.1,151.4909277,-33.1847683,410,126,0.0,0.0,0.0,0.0,0.0,0.0,0.0,0.0,0.0,0.0,7568,0.0,modelled_from_WPP_SA2,0.0,8.2,0.0,0.0,0.0,0.0
11102121841,111021218,Morisset - Cooranbong,core,1.7478,353942.0,6338649.4,151.4351238,-33.0809554,327,130,0.0,0.0,0.0,2.0,0.0,0.0,1.0,3.0,1.0,36.2,7568,168.9,modelled_from_WPP_SA2,168.9,68.04,1.5,12.0,13.0,9.0
11102121842,111021218,Morisset - Cooranbong,core,0.2644,355688.5,6339429.9,151.453953,-33.0741513,596,257,0.0,2.0,2.0,0.0,1.0,1.0,0.0,5.0,1.0,35.2,7568,164.3,modelled_from_WPP_SA2,164.3,14.42,30.5,28.0,8.0,25.0
11102121843,111021218,Morisset - Cooranbong,core,0.3843,356511.8,6337495.9,151.4624668,-33.0916994,229,74,0.0,0.0,0.0,0.0,0.0,0.0,0.0,0.0,2.0,0.4,7568,1.9,modelled_from_WPP_SA2,1.9,4.58,0.0,0.0,0.0,0.0
11102121844,111021218,Morisset - Cooranbong,core,5.1119,359267.9,6340135.5,151.4923969,-33.068258,38,15,0.0,0.0,0.0,0.0,0.0,0.0,0.0,0.0,3.0,0.6000000000000001,7568,2.8,modelled_from_WPP_SA2,2.8,0.76,0.0,0.0,0.0,0.0
11102121845,111021218,Morisset - Cooranbong,core,9.8029,362199.4,6340961.4,151.5239153,-33.0611869,0,0,0.0,0.0,0.0,0.0,0.0,3.0,0.0,5.0,3.0,11.6,7568,54.1,modelled_from_WPP_SA2,54.1,2.5,2.5,20.0,5.0,5.0
11102121846,111021218,Morisset - Cooranbong,core,0.1825,356286.6,6340449.6,151.4605181,-33.0650359,628,199,0.0,0.0,0.0,0.0,0.0,0.0,0.0,0.0,1.0,0.2,7568,0.9,modelled_from_WPP_SA2,0.9,12.56,0.0,0.0,0.0,0.0
11102121847,111021218,Morisset - Cooranbong,core,1.0915,355768.0,6340094.5,151.4549095,-33.0681689,273,100,0.0,0.0,0.0,0.0,0.0,2.0,0.0,0.0,5.0,5.0,7568,23.3,modelled_from_WPP_SA2,23.3,5.46,0.0,10.0,0.0,0.0
11102121848,111021218,Morisset - Cooranbong,core,5.6509,362644.8,6339525.5,151.5284702,-33.0741912,221,105,0.0,0.0,0.0,1.0,0.0,7.0,1.0,0.0,3.0,32.6,7568,152.1,modelled_from_WPP_SA2,152.1,34.42,0.0,41.0,5.0,3.0
11102121849,111021218,Morisset - Cooranbong,core,0.471,356483.5,6339577.0,151.4624902,-33.0729297,604,240,0.0,1.0,0.0,0.0,1.0,0.0,2.0,0.0,1.0,18.2,7568,84.9,modelled_from_WPP_SA2,84.9,12.08,10.0,12.0,3.0,5.0
11102121850,111021218,Morisset - Cooranbong,core,2.5933,356018.5,6341323.1,151.4577854,-33.0571237,634,211,0.0,0.0,0.0,1.0,0.0,33.0,0.0,13.0,2.0,94.4,7568,440.5,modelled_from_WPP_SA2,440.5,49.18,6.5,181.0,18.0,16.0
11102121851,111021218,Morisset - Cooranbong,core,4.9139,354636.2,6336977.2,151.4422926,-33.0961265,84,34,0.0,0.0,0.0,0.0,0.0,1.0,0.0,1.0,0.0,3.0,7568,14.0,modelled_from_WPP_SA2,14.0,2.1799999999999997,0.5,6.0,1.0,1.0
11102121852,111021218,Morisset - Cooranbong,core,0.3846,355444.0,6337560.3,151.4510389,-33.0909766,458,260,0.0,0.0,0.0,0.0,0.0,0.0,0.0,1.0,3.0,1.6,7568,7.5,modelled_from_WPP_SA2,7.5,9.66,0.5,1.0,1.0,1.0
11102121853,111021218,Morisset - Cooranbong,core,0.6108,358403.1,6335944.7,151.4824864,-33.1059343,382,166,0.0,0.0,0.0,2.0,0.0,12.0,1.0,8.0,1.0,65.2,7568,304.3,modelled_from_WPP_SA2,304.3,71.64,4.0,77.0,18.0,14.0
11102121854,111021218,Morisset - Cooranbong,core,84.6801,357638.0,6346197.8,151.4758835,-33.0133814,407,152,0.0,0.0,2.0,0.0,0.0,7.0,3.0,16.0,1.0,51.2,7568,238.9,modelled_from_WPP_SA2,238.9,16.14,16.0,70.0,16.0,26.0
11102121855,111021218,Morisset - Cooranbong,core,0.2057,358502.3,6336443.3,151.4836267,-33.1014522,538,192,0.0,0.0,0.0,0.0,0.0,1.0,0.0,0.0,2.0,2.4,7568,11.2,modelled_from_WPP_SA2,11.2,10.76,0.0,5.0,0.0,0.0
11102121856,111021218,Morisset - Cooranbong,core,0.4648,358185.9,6336830.1,151.4802965,-33.097923,291,162,0.0,0.0,0.0,0.0,0.0,0.0,1.0,0.0,1.0,3.2,7568,14.9,modelled_from_WPP_SA2,14.9,5.82,0.0,3.0,0.0,0.0
11102121901,111021219,Toronto - Awaba,core,0.2595,367977.3,6347951.8,151.5867975,-32.9988673,274,134,0.0,0.0,0.0,0.0,0.0,1.0,0.0,2.0,0.0,4.0,4790,34.2,modelled_from_WPP_SA2,34.2,6.48,1.0,7.0,2.0,2.0
11102121902,111021219,Toronto - Awaba,core,0.4609,368428.0,6346565.4,151.5914216,-33.0114233,458,236,0.0,5.0,10.0,1.0,3.0,13.0,0.0,17.0,2.0,162.4,4790,1387.6,modelled_from_WPP_SA2,1387.6,47.66,98.5,157.0,31.0,95.0
11102121903,111021219,Toronto - Awaba,core,0.2981,368936.4,6347470.2,151.5969926,-33.0033254,445,167,0.0,0.0,0.0,1.0,0.0,2.0,0.0,0.0,0.0,19.0,4790,162.3,modelled_from_WPP_SA2,162.3,38.9,0.0,13.0,5.0,3.0
11102121904,111021219,Toronto - Awaba,core,0.175,367206.4,6347836.4,151.5785305,-32.9998143,432,176,0.0,0.0,0.0,0.0,0.0,0.0,0.0,0.0,0.0,0.0,4790,0.0,modelled_from_WPP_SA2,0.0,8.64,0.0,0.0,0.0,0.0
11102121905,111021219,Toronto - Awaba,core,0.1347,367321.5,6348102.1,151.5798009,-32.9974323,219,89,0.0,0.0,0.0,1.0,0.0,2.0,0.0,1.0,0.0,20.0,4790,170.9,modelled_from_WPP_SA2,170.9,34.88,0.5,14.0,6.0,4.0
11102121906,111021219,Toronto - Awaba,core,0.2727,368572.7,6347591.8,151.5931176,-33.0021851,214,93,0.0,0.0,0.0,0.0,0.0,0.0,0.0,0.0,0.0,0.0,4790,0.0,modelled_from_WPP_SA2,0.0,4.28,0.0,0.0,0.0,0.0
11102121907,111021219,Toronto - Awaba,core,0.1823,367779.6,6346735.6,151.5845068,-33.0098107,224,104,0.0,0.0,0.0,1.0,0.0,0.0,1.0,0.0,0.0,18.0,4790,153.8,modelled_from_WPP_SA2,153.8,34.480000000000004,0.0,6.0,5.0,3.0
11102121908,111021219,Toronto - Awaba,core,0.2972,368991.4,6344824.6,151.5972025,-33.0271898,450,175,0.0,0.0,0.0,0.0,0.0,0.0,0.0,0.0,0.0,0.0,4790,0.0,modelled_from_WPP_SA2,0.0,9.0,0.0,0.0,0.0,0.0
11102121909,111021219,Toronto - Awaba,core,0.7173,368610.7,6345406.3,151.5932105,-33.0218982,348,129,0.0,0.0,0.0,0.0,0.0,0.0,0.0,0.0,0.0,0.0,4790,0.0,modelled_from_WPP_SA2,0.0,6.96,0.0,0.0,0.0,0.0
11102121910,111021219,Toronto - Awaba,core,0.3816,369088.2,6345871.1,151.5983889,-33.0177644,637,364,0.0,0.0,0.0,0.0,1.0,2.0,0.0,3.0,1.0,15.2,4790,129.9,modelled_from_WPP_SA2,129.9,14.24,1.5,17.0,6.0,3.0
11102121911,111021219,Toronto - Awaba,core,0.2365,368007.2,6344731.0,151.5866536,-33.0279144,414,165,0.0,0.0,0.0,1.0,0.0,4.0,0.0,8.0,0.0,31.0,4790,264.9,modelled_from_WPP_SA2,264.9,42.28,4.0,31.0,13.0,11.0
11102121912,111021219,Toronto - Awaba,core,0.2437,368542.4,6347207.3,151.5927384,-33.0056493,204,79,0.0,0.0,0.0,0.0,0.0,0.0,0.0,0.0,0.0,0.0,4790,0.0,modelled_from_WPP_SA2,0.0,4.08,0.0,0.0,0.0,0.0
11102121913,111021219,Toronto - Awaba,core,0.2249,370785.6,6342550.7,151.6160891,-33.0479096,308,136,0.0,0.0,0.0,0.0,0.0,2.0,0.0,1.0,0.0,5.0,4790,42.7,modelled_from_WPP_SA2,42.7,6.66,0.5,11.0,1.0,1.0
11102121914,111021219,Toronto - Awaba,core,0.3486,370478.5,6342996.5,151.6128638,-33.0438526,417,200,0.0,1.0,0.0,0.0,0.0,0.0,0.0,0.0,0.0,4.0,4790,34.2,modelled_from_WPP_SA2,34.2,8.34,10.0,2.0,0.0,5.0
11102121915,111021219,Toronto - Awaba,core,0.3328,368078.2,6345220.3,151.5874842,-33.0235108,255,91,0.0,0.0,0.0,0.0,0.0,2.0,0.0,0.0,0.0,4.0,4790,34.2,modelled_from_WPP_SA2,34.2,5.1000000000000005,0.0,10.0,0.0,0.0
11102121916,111021219,Toronto - Awaba,core,0.1579,368345.0,6346263.3,151.5904896,-33.0141375,448,162,0.0,0.0,0.0,1.0,0.0,0.0,0.0,0.0,1.0,15.2,4790,129.9,modelled_from_WPP_SA2,129.9,38.96,0.0,3.0,5.0,3.0
11102121917,111021219,Toronto - Awaba,core,0.7928,367675.4,6347227.6,151.5834616,-33.0053615,529,226,0.0,0.0,0.0,0.0,0.0,4.0,0.0,0.0,0.0,8.0,4790,68.4,modelled_from_WPP_SA2,68.4,10.58,0.0,20.0,0.0,0.0
11102121918,111021219,Toronto - Awaba,core,0.1433,367761.6,6346418.6,151.5842682,-33.0126671,421,189,0.0,0.0,0.0,0.0,0.0,0.0,0.0,0.0,1.0,0.2,4790,1.7,modelled_from_WPP_SA2,1.7,8.42,0.0,0.0,0.0,0.0
11102121919,111021219,Toronto - Awaba,core,0.2021,370343.4,6343474.4,151.6114853,-33.0395266,252,112,0.0,0.0,0.0,1.0,0.0,1.0,0.0,0.0,0.0,17.0,4790,145.3,modelled_from_WPP_SA2,145.3,35.04,0.0,8.0,5.0,3.0
11102121921,111021219,Toronto - Awaba,core,15.0071,363699.8,6344414.8,151.5404974,-33.0302347,3,0,0.0,0.0,0.0,0.0,0.0,2.0,0.0,4.0,3.0,8.6,4790,73.5,modelled_from_WPP_SA2,73.5,2.06,2.0,14.0,4.0,4.0
11102121922,111021219,Toronto - Awaba,core,8.8029,363749.0,6347138.5,151.5414286,-33.0056804,100,35,0.0,0.0,0.0,0.0,0.0,0.0,0.0,4.0,0.0,4.0,4790,34.2,modelled_from_WPP_SA2,34.2,4.0,2.0,4.0,4.0,4.0
11102121923,111021219,Toronto - Awaba,core,0.3936,370241.4,6344013.9,151.6104691,-33.0346494,483,201,0.0,0.0,0.0,0.0,0.0,0.0,0.0,0.0,1.0,0.2,4790,1.7,modelled_from_WPP_SA2,1.7,9.66,0.0,0.0,0.0,0.0
11102121924,111021219,Toronto - Awaba,core,0.201,369841.1,6344262.4,151.6062194,-33.0323611,287,116,0.0,0.0,0.0,0.0,0.0,0.0,0.0,0.0,0.0,0.0,4790,0.0,modelled_from_WPP_SA2,0.0,5.74,0.0,0.0,0.0,0.0
11102121925,111021219,Toronto - Awaba,core,0.9938,363836.7,6346427.9,151.542261,-33.0120993,362,123,0.0,0.0,0.0,1.0,0.0,6.0,0.0,7.0,4.0,34.8,4790,297.3,modelled_from_WPP_SA2,297.3,40.74,3.5,40.0,12.0,10.0
11102121926,111021219,Toronto - Awaba,core,1.0938,366769.2,6348262.3,151.573914,-32.9959199,332,136,0.0,0.0,0.0,0.0,0.0,0.0,0.0,0.0,0.0,0.0,4790,0.0,modelled_from_WPP_SA2,0.0,6.640000000000001,0.0,0.0,0.0,0.0
11102121927,111021219,Toronto - Awaba,core,2.2832,366575.0,6349155.9,151.5719652,-32.9878386,0,0,0.0,0.0,0.0,0.0,0.0,1.0,0.0,2.0,0.0,4.0,4790,34.2,modelled_from_WPP_SA2,34.2,1.0,1.0,7.0,2.0,2.0
11102121929,111021219,Toronto - Awaba,core,0.2553,367072.7,6346768.5,151.5769448,-33.0094276,287,113,0.0,0.0,0.0,1.0,0.0,0.0,0.0,0.0,0.0,15.0,4790,128.2,modelled_from_WPP_SA2,128.2,35.74,0.0,3.0,5.0,3.0
11102121930,111021219,Toronto - Awaba,core,0.1864,366973.9,6346411.9,151.5758358,-33.0126313,483,157,0.0,0.0,0.0,1.0,0.0,1.0,0.0,0.0,0.0,17.0,4790,145.3,modelled_from_WPP_SA2,145.3,39.66,0.0,8.0,5.0,3.0
11102121931,111021219,Toronto - Awaba,core,0.1957,366535.3,6346419.0,151.5711427,-33.0125136,453,172,0.0,0.0,0.0,0.0,0.0,3.0,0.0,0.0,1.0,6.2,4790,53.0,modelled_from_WPP_SA2,53.0,9.06,0.0,15.0,0.0,0.0
11102121933,111021219,Toronto - Awaba,core,0.1946,369566.0,6345588.8,151.6034624,-33.0203675,323,151,0.0,0.0,0.0,1.0,0.0,0.0,0.0,0.0,0.0,15.0,4790,128.2,modelled_from_WPP_SA2,128.2,36.46,0.0,3.0,5.0,3.0
11102121934,111021219,Toronto - Awaba,core,0.2097,369860.7,6344665.1,151.6064856,-33.0287321,381,197,0.0,0.0,0.0,0.0,0.0,1.0,0.0,0.0,0.0,2.0,4790,17.1,modelled_from_WPP_SA2,17.1,7.62,0.0,5.0,0.0,0.0
11102121935,111021219,Toronto - Awaba,core,0.2806,369689.4,6345123.2,151.6047174,-33.0245807,477,231,0.0,0.0,0.0,0.0,0.0,1.0,0.0,0.0,0.0,2.0,4790,17.1,modelled_from_WPP_SA2,17.1,9.540000000000001,0.0,5.0,0.0,0.0
11102121936,111021219,Toronto - Awaba,core,0.2083,369336.5,6345207.9,151.6009521,-33.0237747,446,172,0.0,0.0,0.0,0.0,0.0,0.0,0.0,0.0,1.0,0.2,4790,1.7,modelled_from_WPP_SA2,1.7,8.92,0.0,0.0,0.0,0.0
11102121937,111021219,Toronto - Awaba,core,0.2523,368339.3,6348907.5,151.5908079,-32.9902929,337,145,0.0,0.0,0.0,0.0,0.0,0.0,0.0,0.0,0.0,0.0,4790,0.0,modelled_from_WPP_SA2,0.0,6.74,0.0,0.0,0.0,0.0
11102121938,111021219,Toronto - Awaba,core,0.2278,367451.7,6348627.1,151.5812704,-32.9927139,550,200,0.0,0.0,0.0,0.0,0.0,1.0,0.0,0.0,0.0,2.0,4790,17.1,modelled_from_WPP_SA2,17.1,11.0,0.0,5.0,0.0,0.0
11102121939,111021219,Toronto - Awaba,core,0.197,367687.7,6348422.4,151.5837655,-32.9945883,257,103,0.0,0.0,0.0,0.0,0.0,1.0,0.0,0.0,0.0,2.0,4790,17.1,modelled_from_WPP_SA2,17.1,5.14,0.0,5.0,0.0,0.0
11102121940,111021219,Toronto - Awaba,core,0.4749,367635.0,6349318.7,151.583331,-32.9864992,243,109,0.0,0.0,0.0,2.0,0.0,7.0,0.0,6.0,0.0,50.0,4790,427.2,modelled_from_WPP_SA2,427.2,67.86,3.0,47.0,16.0,12.0
11102121941,111021219,Toronto - Awaba,core,1.2646,365928.0,6347158.2,151.5647504,-33.0057731,349,116,0.0,0.0,0.0,0.0,0.0,0.0,0.0,0.0,7.0,1.4000000000000001,4790,12.0,modelled_from_WPP_SA2,12.0,6.98,0.0,0.0,0.0,0.0
11102121942,111021219,Toronto - Awaba,core,0.3017,368207.5,6346063.3,151.5889899,-33.0159248,221,97,0.0,0.0,0.0,0.0,0.0,0.0,0.0,1.0,0.0,1.0,4790,8.5,modelled_from_WPP_SA2,8.5,4.92,0.5,1.0,1.0,1.0
11102121943,111021219,Toronto - Awaba,core,4.4075,366764.9,6345528.0,151.5734712,-33.0205765,181,107,0.0,0.0,0.0,3.0,0.0,5.0,0.0,2.0,0.0,57.0,4790,487.0,modelled_from_WPP_SA2,487.0,94.62,1.0,36.0,17.0,11.0
11102121944,111021219,Toronto - Awaba,core,0.3541,366918.2,6347333.3,151.5753742,-33.0043153,438,201,0.0,0.0,0.0,0.0,0.0,7.0,0.0,1.0,1.0,15.2,4790,129.9,modelled_from_WPP_SA2,129.9,9.26,0.5,36.0,1.0,1.0
11102122001,111021220,Wangi Wangi - Rathmines,core,0.2277,367653.5,6342285.4,151.5825138,-33.0499254,422,172,0.0,0.0,0.0,0.0,0.0,0.0,0.0,0.0,0.0,0.0,1436,0.0,modelled_from_WPP_SA2,0.0,8.44,0.0,0.0,0.0,0.0
11102122002,111021220,Wangi Wangi - Rathmines,core,0.1671,368508.4,6342257.3,151.5916643,-33.0502822,363,133,0.0,0.0,0.0,0.0,0.0,1.0,0.0,0.0,0.0,2.0,1436,8.4,modelled_from_WPP_SA2,8.4,7.26,0.0,5.0,0.0,0.0
11102122003,111021220,Wangi Wangi - Rathmines,core,0.2259,368833.5,6341769.8,151.5950753,-33.0547176,395,174,0.0,0.0,0.0,0.0,0.0,0.0,0.0,0.0,1.0,0.2,1436,0.8,modelled_from_WPP_SA2,0.8,7.9,0.0,0.0,0.0,0.0
11102122004,111021220,Wangi Wangi - Rathmines,core,0.2185,367914.6,6342854.4,151.5853924,-33.0448255,479,174,0.0,0.0,0.0,0.0,0.0,0.0,0.0,0.0,0.0,0.0,1436,0.0,modelled_from_WPP_SA2,0.0,9.58,0.0,0.0,0.0,0.0
11102122005,111021220,Wangi Wangi - Rathmines,core,0.2842,368578.5,6342736.9,151.5924835,-33.0459657,536,214,0.0,0.0,0.0,0.0,0.0,1.0,0.0,0.0,1.0,2.2,1436,9.2,modelled_from_WPP_SA2,9.2,10.72,0.0,5.0,0.0,0.0
11102122006,111021220,Wangi Wangi - Rathmines,core,0.8945,368345.2,6343535.0,151.5900999,-33.0387404,521,214,1.0,3.0,3.0,1.0,0.0,18.0,2.0,13.0,2.0,112.4,1436,471.9,modelled_from_WPP_SA2,471.9,46.92,48.5,133.0,28.0,49.0
11102122007,111021220,Wangi Wangi - Rathmines,core,0.2797,367762.5,6343779.8,151.5838974,-33.0364628,503,195,0.0,0.0,0.0,0.0,0.0,0.0,0.0,0.0,1.0,0.2,1436,0.8,modelled_from_WPP_SA2,0.8,10.06,0.0,0.0,0.0,0.0
11102122009,111021220,Wangi Wangi - Rathmines,core,0.2558,367153.6,6340175.4,151.5768557,-33.0688909,512,241,0.0,0.0,0.0,0.0,0.0,15.0,1.0,0.0,0.0,33.0,1436,138.6,modelled_from_WPP_SA2,138.6,10.24,0.0,78.0,0.0,0.0
11102122010,111021220,Wangi Wangi - Rathmines,core,0.2397,367848.0,6340907.8,151.5843982,-33.0623708,488,219,0.0,0.0,0.0,0.0,0.0,5.0,0.0,5.0,0.0,15.0,1436,63.0,modelled_from_WPP_SA2,63.0,12.26,2.5,30.0,5.0,5.0
11102122011,111021220,Wangi Wangi - Rathmines,core,0.9308,367287.0,6341821.4,151.5785226,-33.0540647,715,278,0.0,0.0,0.0,0.0,0.0,0.0,0.0,0.0,0.0,0.0,1436,0.0,modelled_from_WPP_SA2,0.0,14.3,0.0,0.0,0.0,0.0
11102122012,111021220,Wangi Wangi - Rathmines,core,0.811,366694.4,6341298.8,151.5721014,-33.0587047,409,150,0.0,0.0,0.0,1.0,0.0,2.0,0.0,2.0,4.0,21.8,1436,91.5,modelled_from_WPP_SA2,91.5,39.18,1.0,15.0,7.0,5.0
11102122013,111021220,Wangi Wangi - Rathmines,core,0.2944,367612.1,6341205.7,151.5819149,-33.0596565,534,225,0.0,0.0,0.0,1.0,0.0,0.0,0.0,0.0,0.0,15.0,1436,63.0,modelled_from_WPP_SA2,63.0,40.68,0.0,3.0,5.0,3.0
11102122014,111021220,Wangi Wangi - Rathmines,core,0.273,369019.9,6341855.5,151.5970841,-33.0539674,352,168,0.0,0.0,0.0,0.0,0.0,2.0,0.0,0.0,0.0,4.0,1436,16.8,modelled_from_WPP_SA2,16.8,7.04,0.0,10.0,0.0,0.0
11102122015,111021220,Wangi Wangi - Rathmines,core,0.2483,367654.8,6342489.1,151.5825576,-33.0480882,284,119,0.0,0.0,0.0,0.0,0.0,0.0,0.0,1.0,1.0,1.2,1436,5.0,modelled_from_WPP_SA2,5.0,6.18,0.5,1.0,1.0,1.0
11102122016,111021220,Wangi Wangi - Rathmines,core,0.2903,367369.5,6342748.3,151.57954,-33.0457163,517,195,0.0,0.0,0.0,0.0,0.0,0.0,0.0,0.0,0.0,0.0,1436,0.0,modelled_from_WPP_SA2,0.0,10.34,0.0,0.0,0.0,0.0
11102122017,111021220,Wangi Wangi - Rathmines,core,1.433,366528.9,6340436.9,151.5702033,-33.066456,424,180,0.0,0.0,0.0,0.0,0.0,1.0,0.0,1.0,3.0,3.6,1436,15.1,modelled_from_WPP_SA2,15.1,8.98,0.5,6.0,1.0,1.0
11102122018,111021220,Wangi Wangi - Rathmines,core,0.7528,370228.0,6339179.3,151.6096405,-33.0782451,321,142,0.0,0.0,0.0,0.0,0.0,0.0,0.0,1.0,0.0,1.0,1436,4.2,modelled_from_WPP_SA2,4.2,6.92,0.5,1.0,1.0,1.0
11102122019,111021220,Wangi Wangi - Rathmines,core,0.2827,369658.5,6339314.7,151.6035598,-33.0769555,336,154,0.0,0.0,0.0,0.0,0.0,0.0,0.0,0.0,1.0,0.2,1436,0.8,modelled_from_WPP_SA2,0.8,6.72,0.0,0.0,0.0,0.0
11102122020,111021220,Wangi Wangi - Rathmines,core,0.4741,368684.7,6339909.9,151.5932152,-33.0714716,638,304,0.0,9.0,6.0,1.0,1.0,1.0,0.0,2.0,4.0,99.8,1436,419.0,modelled_from_WPP_SA2,419.0,43.76,115.0,62.0,10.0,80.0
11102122021,111021220,Wangi Wangi - Rathmines,core,0.456,367473.6,6340063.1,151.5802659,-33.0699426,696,340,0.0,0.0,1.0,1.0,0.0,0.0,1.0,2.0,1.0,26.2,1436,110.0,modelled_from_WPP_SA2,110.0,44.92,5.0,13.0,7.0,10.0
11102122022,111021220,Wangi Wangi - Rathmines,core,0.9126,366442.8,6344130.7,151.56982,-33.0331366,0,0,0.0,0.0,0.0,0.0,0.0,1.0,0.0,0.0,0.0,2.0,1436,8.4,modelled_from_WPP_SA2,8.4,0.0,0.0,5.0,0.0,0.0
11102122023,111021220,Wangi Wangi - Rathmines,core,0.6549,368432.8,6337375.9,151.5901527,-33.0942907,0,0,0.0,0.0,0.0,0.0,0.0,1.0,0.0,0.0,0.0,2.0,1436,8.4,modelled_from_WPP_SA2,8.4,0.0,0.0,5.0,0.0,0.0
11102122024,111021220,Wangi Wangi - Rathmines,core,2.5597,366577.2,6343065.8,151.5711035,-33.0427562,44,15,0.0,0.0,0.0,0.0,0.0,0.0,0.0,0.0,1.0,0.2,1436,0.8,modelled_from_WPP_SA2,0.8,0.88,0.0,0.0,0.0,0.0
11102122101,111021221,West Wallsend - Barnsley - Killingworth,core,1.008,368044.9,6356856.1,151.5887973,-32.918579,384,129,0.0,0.0,0.0,0.0,0.0,3.0,0.0,0.0,0.0,6.0,1149,28.0,modelled_from_WPP_SA2,28.0,7.68,0.0,15.0,0.0,0.0
11102122102,111021221,West Wallsend - Barnsley - Killingworth,core,0.1695,367912.9,6355781.6,151.5872323,-32.9282523,175,70,0.0,0.0,0.0,0.0,0.0,6.0,0.0,3.0,1.0,15.2,1149,71.1,modelled_from_WPP_SA2,71.1,5.0,1.5,33.0,3.0,3.0
11102122103,111021221,West Wallsend - Barnsley - Killingworth,core,6.5519,367713.1,6360669.0,151.5857967,-32.8841553,292,106,0.0,0.0,0.0,0.0,0.0,0.0,0.0,1.0,1.0,1.2,1149,5.6,modelled_from_WPP_SA2,5.6,6.34,0.5,1.0,1.0,1.0
11102122104,111021221,West Wallsend - Barnsley - Killingworth,core,0.3009,368722.9,6355312.5,151.5958265,-32.9325805,348,128,0.0,0.0,0.0,1.0,0.0,3.0,0.0,0.0,0.0,21.0,1149,98.2,modelled_from_WPP_SA2,98.2,36.96,0.0,18.0,5.0,3.0
11102122105,111021221,West Wallsend - Barnsley - Killingworth,core,0.1586,368119.7,6355427.3,151.5893927,-32.9314723,213,84,0.0,0.0,0.0,0.0,0.0,0.0,0.0,0.0,2.0,0.4,1149,1.9,modelled_from_WPP_SA2,1.9,4.26,0.0,0.0,0.0,0.0
11102122106,111021221,West Wallsend - Barnsley - Killingworth,core,0.1766,368406.7,6355621.0,151.59249,-32.9297608,448,170,0.0,0.0,0.0,0.0,0.0,2.0,0.0,1.0,1.0,5.2,1149,24.3,modelled_from_WPP_SA2,24.3,9.46,0.5,11.0,1.0,1.0
11102122107,111021221,West Wallsend - Barnsley - Killingworth,core,0.2094,368558.1,6355882.0,151.5941453,-32.927425,311,112,0.0,0.0,0.0,0.0,0.0,0.0,0.0,0.0,0.0,0.0,1149,0.0,modelled_from_WPP_SA2,0.0,6.22,0.0,0.0,0.0,0.0
11102122108,111021221,West Wallsend - Barnsley - Killingworth,core,0.5314,367385.7,6357660.4,151.5818653,-32.9112466,872,362,0.0,0.0,0.0,1.0,0.0,1.0,0.0,2.0,0.0,19.0,1149,88.8,modelled_from_WPP_SA2,88.8,48.44,1.0,10.0,7.0,5.0
11102122109,111021221,West Wallsend - Barnsley - Killingworth,core,0.2476,366737.8,6357848.9,151.5749657,-32.9094674,227,83,0.0,0.0,0.0,0.0,0.0,0.0,0.0,0.0,2.0,0.4,1149,1.9,modelled_from_WPP_SA2,1.9,4.54,0.0,0.0,0.0,0.0
11102122110,111021221,West Wallsend - Barnsley - Killingworth,core,0.169,365343.3,6355161.7,151.5596652,-32.9335292,333,110,0.0,0.0,0.0,0.0,0.0,1.0,0.0,0.0,0.0,2.0,1149,9.3,modelled_from_WPP_SA2,9.3,6.66,0.0,5.0,0.0,0.0
11102122111,111021221,West Wallsend - Barnsley - Killingworth,core,0.4143,365290.6,6354802.8,151.5590492,-32.936759,345,110,0.0,0.0,0.0,0.0,0.0,1.0,0.0,1.0,1.0,3.2,1149,15.0,modelled_from_WPP_SA2,15.0,7.4,0.5,6.0,1.0,1.0
11102122112,111021221,West Wallsend - Barnsley - Killingworth,core,0.3258,366939.9,6357131.9,151.5770229,-32.9159578,460,166,0.0,0.0,0.0,0.0,0.0,2.0,0.0,2.0,0.0,6.0,1149,28.0,modelled_from_WPP_SA2,28.0,10.200000000000001,1.0,12.0,2.0,2.0
11102122113,111021221,West Wallsend - Barnsley - Killingworth,core,0.1409,367159.9,6357312.3,151.5794011,-32.9143582,346,126,0.0,0.0,0.0,0.0,0.0,2.0,0.0,1.0,2.0,5.4,1149,25.2,modelled_from_WPP_SA2,25.2,7.42,0.5,11.0,1.0,1.0
11102122114,111021221,West Wallsend - Barnsley - Killingworth,core,0.6214,367844.3,6357850.7,151.5867956,-32.9095855,819,293,0.0,0.0,0.0,0.0,0.0,15.0,0.0,5.0,2.0,35.4,1149,165.5,modelled_from_WPP_SA2,165.5,18.88,2.5,80.0,5.0,5.0
11102122115,111021221,West Wallsend - Barnsley - Killingworth,core,0.1969,367470.1,6358616.6,151.5829054,-32.9026342,436,159,0.0,0.0,1.0,0.0,0.0,0.0,0.0,2.0,2.0,8.4,1149,39.3,modelled_from_WPP_SA2,39.3,9.72,5.0,7.0,2.0,7.0
11102122116,111021221,West Wallsend - Barnsley - Killingworth,core,0.5266,368067.7,6358581.3,151.5892884,-32.9030248,245,93,0.0,0.0,0.0,0.0,0.0,2.0,0.0,2.0,0.0,6.0,1149,28.0,modelled_from_WPP_SA2,28.0,5.9,1.0,12.0,2.0,2.0
11102122117,111021221,West Wallsend - Barnsley - Killingworth,core,0.1789,367027.4,6358285.4,151.578125,-32.9055671,324,124,0.0,0.0,0.0,1.0,0.0,0.0,0.0,0.0,1.0,15.2,1149,71.1,modelled_from_WPP_SA2,71.1,36.480000000000004,0.0,3.0,5.0,3.0
11102122118,111021221,West Wallsend - Barnsley - Killingworth,core,2.5103,367170.9,6355618.1,151.5792747,-32.9296368,237,82,0.0,0.0,0.0,1.0,0.0,0.0,0.0,0.0,2.0,15.4,1149,72.0,modelled_from_WPP_SA2,72.0,34.74,0.0,3.0,5.0,3.0
11102122119,111021221,West Wallsend - Barnsley - Killingworth,core,0.1064,367107.9,6358521.7,151.5790197,-32.9034458,240,97,0.0,2.0,0.0,0.0,1.0,0.0,0.0,0.0,0.0,16.0,1149,74.8,modelled_from_WPP_SA2,74.8,4.8,20.0,8.0,3.0,10.0
11102122120,111021221,West Wallsend - Barnsley - Killingworth,core,57.9708,363117.7,6355236.9,151.5358778,-32.9325744,187,68,0.0,0.0,0.0,1.0,0.0,9.0,4.0,19.0,2.0,64.4,1149,301.0,modelled_from_WPP_SA2,301.0,43.24,9.5,79.0,24.0,22.0
11103122201,111031222,Adamstown - Kotara,core,0.1197,380496.2,6354355.1,151.7216038,-32.9425657,404,148,0.0,0.0,0.0,0.0,0.0,0.0,0.0,0.0,0.0,0.0,7269,0.0,modelled_from_WPP_SA2,0.0,8.08,0.0,0.0,0.0,0.0
11103122202,111031222,Adamstown - Kotara,core,0.1491,377714.6,6353770.9,151.6917774,-32.9475269,336,143,0.0,0.0,0.0,0.0,0.0,5.0,0.0,0.0,1.0,10.2,7269,38.5,modelled_from_WPP_SA2,38.5,6.72,0.0,25.0,0.0,0.0
11103122203,111031222,Adamstown - Kotara,core,0.2803,378236.8,6354262.7,151.6974273,-32.9431498,507,222,0.0,0.0,0.0,1.0,0.0,8.0,0.0,4.0,0.0,35.0,7269,132.1,modelled_from_WPP_SA2,132.1,42.14,2.0,47.0,9.0,7.0
11103122204,111031222,Adamstown - Kotara,core,0.2332,379426.2,6353550.1,151.7100546,-32.9497084,621,220,0.0,0.0,0.0,0.0,0.0,1.0,0.0,0.0,1.0,2.2,7269,8.3,modelled_from_WPP_SA2,8.3,12.42,0.0,5.0,0.0,0.0
11103122205,111031222,Adamstown - Kotara,core,0.2036,379132.0,6353682.3,151.7069257,-32.9484829,413,153,0.0,0.0,0.0,1.0,0.0,2.0,0.0,2.0,0.0,21.0,7269,79.3,modelled_from_WPP_SA2,79.3,39.26,1.0,15.0,7.0,5.0
11103122206,111031222,Adamstown - Kotara,core,0.1605,378765.0,6353605.0,151.7029901,-32.9491401,470,184,0.0,0.0,0.0,0.0,0.0,0.0,0.0,0.0,0.0,0.0,7269,0.0,modelled_from_WPP_SA2,0.0,9.4,0.0,0.0,0.0,0.0
11103122207,111031222,Adamstown - Kotara,core,0.1923,379206.0,6354156.1,151.7077797,-32.9442184,600,227,0.0,1.0,0.0,0.0,0.0,0.0,0.0,0.0,0.0,4.0,7269,15.1,modelled_from_WPP_SA2,15.1,12.0,10.0,2.0,0.0,5.0
11103122208,111031222,Adamstown - Kotara,core,0.3344,379859.0,6354730.8,151.7148378,-32.9391082,524,235,0.0,10.0,1.0,1.0,0.0,36.0,0.0,24.0,10.0,159.0,7269,600.3,modelled_from_WPP_SA2,600.3,52.480000000000004,116.0,232.0,29.0,82.0
11103122209,111031222,Adamstown - Kotara,core,0.1469,380105.3,6354450.1,151.7174364,-32.9416661,315,89,0.0,0.0,0.0,2.0,0.0,0.0,0.0,1.0,3.0,31.6,7269,119.3,modelled_from_WPP_SA2,119.3,66.8,0.5,7.0,11.0,7.0
11103122210,111031222,Adamstown - Kotara,core,0.1609,380407.2,6355235.4,151.7207662,-32.9346171,545,273,0.0,2.0,1.0,0.0,0.0,2.0,0.0,7.0,29.0,30.8,7269,116.3,modelled_from_WPP_SA2,116.3,14.4,27.5,26.0,7.0,22.0
11103122211,111031222,Adamstown - Kotara,core,0.0989,381739.6,6354796.8,151.7349593,-32.9387182,364,126,0.0,0.0,0.0,0.0,0.0,0.0,0.0,0.0,1.0,0.2,7269,0.8,modelled_from_WPP_SA2,0.8,7.28,0.0,0.0,0.0,0.0
11103122212,111031222,Adamstown - Kotara,core,0.1282,381578.5,6355082.5,151.7332738,-32.9361238,506,223,0.0,0.0,0.0,0.0,0.0,0.0,0.0,0.0,2.0,0.4,7269,1.5,modelled_from_WPP_SA2,1.5,10.120000000000001,0.0,0.0,0.0,0.0
11103122213,111031222,Adamstown - Kotara,core,0.0624,381304.0,6355050.6,151.730333,-32.9363817,252,112,0.0,0.0,0.0,0.0,0.0,0.0,0.0,1.0,0.0,1.0,7269,3.8,modelled_from_WPP_SA2,3.8,5.54,0.5,1.0,1.0,1.0
11103122214,111031222,Adamstown - Kotara,core,0.0951,381033.7,6355139.1,151.7274544,-32.9355544,411,160,2.0,14.0,9.0,2.0,2.0,0.0,0.0,4.0,1.0,184.2,7269,695.5,modelled_from_WPP_SA2,695.5,70.22,178.0,91.0,40.0,131.0
11103122215,111031222,Adamstown - Kotara,core,0.12,381006.9,6354801.5,151.7271239,-32.9385965,399,144,0.0,0.0,0.0,1.0,0.0,0.0,0.0,0.0,1.0,15.2,7269,57.4,modelled_from_WPP_SA2,57.4,37.980000000000004,0.0,3.0,5.0,3.0
11103122216,111031222,Adamstown - Kotara,core,0.2497,378815.6,6354238.2,151.7036147,-32.943435,523,194,0.0,0.0,0.0,0.0,0.0,1.0,0.0,1.0,2.0,3.4,7269,12.8,modelled_from_WPP_SA2,12.8,10.96,0.5,6.0,1.0,1.0
11103122217,111031222,Adamstown - Kotara,core,0.1432,380384.8,6354849.3,151.7204771,-32.938097,548,217,0.0,0.0,0.0,0.0,0.0,0.0,0.0,0.0,14.0,2.8000000000000003,7269,10.6,modelled_from_WPP_SA2,10.6,10.96,0.0,0.0,0.0,0.0
11103122218,111031222,Adamstown - Kotara,core,0.1291,380699.7,6355027.1,151.7238683,-32.9365284,493,216,1.0,8.0,4.0,0.0,9.0,0.0,1.0,9.0,11.0,154.2,7269,582.2,modelled_from_WPP_SA2,582.2,14.36,100.5,84.0,46.0,72.0
11103122219,111031222,Adamstown - Kotara,core,0.1166,381083.8,6355448.8,151.7280299,-32.9327667,437,203,1.0,0.0,0.0,1.0,3.0,0.0,1.0,4.0,2.0,58.4,7269,220.5,modelled_from_WPP_SA2,220.5,40.74,2.0,22.0,28.0,10.0
11103122220,111031222,Adamstown - Kotara,core,0.1708,381211.5,6355754.7,151.7294351,-32.9300223,577,212,0.0,2.0,0.0,0.0,1.0,1.0,1.0,1.0,2.0,22.4,7269,84.6,modelled_from_WPP_SA2,84.6,12.040000000000001,20.5,17.0,4.0,11.0
11103122221,111031222,Adamstown - Kotara,core,0.3864,381458.3,6354513.0,151.7319142,-32.9412468,9,0,0.0,0.0,0.0,0.0,0.0,4.0,0.0,1.0,0.0,9.0,7269,34.0,modelled_from_WPP_SA2,34.0,0.6799999999999999,0.5,21.0,1.0,1.0
11103122222,111031222,Adamstown - Kotara,core,0.392,379225.9,6354617.5,151.7080522,-32.9400603,0,0,1.0,106.0,31.0,1.0,7.0,16.0,1.0,175.0,6.0,904.2,7269,3414.0,modelled_from_WPP_SA2,3414.0,117.5,1271.5,656.0,211.0,866.0
11103122223,111031222,Adamstown - Kotara,core,0.2264,378045.7,6353817.5,151.6953251,-32.9471431,630,239,0.0,0.0,2.0,1.0,0.0,7.0,0.0,1.0,8.0,43.6,7269,164.6,modelled_from_WPP_SA2,164.6,43.1,8.5,49.0,6.0,14.0
11103122224,111031222,Adamstown - Kotara,core,0.2631,378487.2,6353800.8,151.7000448,-32.9473435,488,192,0.0,0.0,0.0,2.0,0.0,4.0,0.0,1.0,2.0,39.4,7269,148.8,modelled_from_WPP_SA2,148.8,70.26,0.5,27.0,11.0,7.0
11103122225,111031222,Adamstown - Kotara,core,0.2795,379564.3,6353933.8,151.711582,-32.9462631,497,195,0.0,0.0,0.0,1.0,0.0,0.0,0.0,3.0,1.0,18.2,7269,68.7,modelled_from_WPP_SA2,68.7,41.44,1.5,6.0,8.0,6.0
11103122226,111031222,Adamstown - Kotara,core,0.1789,377435.8,6353109.4,151.6887072,-32.9534603,411,152,0.0,0.0,0.0,0.0,0.0,0.0,0.0,0.0,2.0,0.4,7269,1.5,modelled_from_WPP_SA2,1.5,8.22,0.0,0.0,0.0,0.0
11103122227,111031222,Adamstown - Kotara,core,0.4063,378429.2,6353115.9,151.6993332,-32.9535132,505,177,0.0,0.0,0.0,0.0,0.0,3.0,0.0,1.0,1.0,7.2,7269,27.2,modelled_from_WPP_SA2,27.2,10.6,0.5,16.0,1.0,1.0
11103122228,111031222,Adamstown - Kotara,core,0.2123,379135.5,6353090.3,151.7068853,-32.9538221,394,143,0.0,0.0,0.0,0.0,0.0,3.0,3.0,3.0,0.0,18.0,7269,68.0,modelled_from_WPP_SA2,68.0,9.379999999999999,1.5,27.0,3.0,3.0
11103122229,111031222,Adamstown - Kotara,core,0.2429,377333.0,6353389.4,151.6876446,-32.9509244,444,179,0.0,0.0,0.0,0.0,0.0,0.0,0.0,0.0,3.0,0.6000000000000001,7269,2.3,modelled_from_WPP_SA2,2.3,8.88,0.0,0.0,0.0,0.0
11103122230,111031222,Adamstown - Kotara,core,0.1398,377997.0,6353378.2,151.6947459,-32.9510991,467,161,0.0,0.0,0.0,0.0,0.0,0.0,0.0,0.0,0.0,0.0,7269,0.0,modelled_from_WPP_SA2,0.0,9.34,0.0,0.0,0.0,0.0
11103122231,111031222,Adamstown - Kotara,core,0.1403,377657.9,6353240.5,151.6911002,-32.952303,360,128,0.0,0.0,0.0,0.0,0.0,2.0,0.0,0.0,2.0,4.4,7269,16.6,modelled_from_WPP_SA2,16.6,7.2,0.0,10.0,0.0,0.0
11103122232,111031222,Adamstown - Kotara,core,0.2091,377353.7,6353873.1,151.6879306,-32.9465644,477,176,0.0,0.0,0.0,0.0,0.0,0.0,0.0,0.0,3.0,0.6000000000000001,7269,2.3,modelled_from_WPP_SA2,2.3,9.540000000000001,0.0,0.0,0.0,0.0
11103122233,111031222,Adamstown - Kotara,core,0.1967,380100.9,6353282.2,151.7172368,-32.9521979,396,160,0.0,0.0,0.0,0.0,0.0,1.0,0.0,0.0,0.0,2.0,7269,7.6,modelled_from_WPP_SA2,7.6,7.92,0.0,5.0,0.0,0.0
11103122234,111031222,Adamstown - Kotara,core,0.1322,380023.9,6353534.5,151.7164459,-32.9499149,359,121,0.0,0.0,0.0,0.0,0.0,0.0,0.0,0.0,0.0,0.0,7269,0.0,modelled_from_WPP_SA2,0.0,7.18,0.0,0.0,0.0,0.0
11103122235,111031222,Adamstown - Kotara,core,0.254,380079.6,6353929.8,151.7170932,-32.9463556,623,223,0.0,0.0,0.0,0.0,0.0,5.0,0.0,2.0,1.0,12.2,7269,46.1,modelled_from_WPP_SA2,46.1,13.46,1.0,27.0,2.0,2.0
11103122236,111031222,Adamstown - Kotara,core,0.103,380363.2,6353900.6,151.7201224,-32.9466501,339,123,0.0,0.0,0.0,0.0,0.0,0.0,0.0,0.0,1.0,0.2,7269,0.8,modelled_from_WPP_SA2,0.8,6.78,0.0,0.0,0.0,0.0
11103122237,111031222,Adamstown - Kotara,core,0.4559,380800.8,6354067.0,151.7248245,-32.9451977,0,0,0.0,0.0,0.0,0.0,0.0,0.0,0.0,2.0,1.0,2.2,7269,8.3,modelled_from_WPP_SA2,8.3,1.0,1.0,2.0,2.0,2.0
11103122238,111031222,Adamstown - Kotara,core,0.2064,381524.2,6355493.9,151.7327455,-32.932408,0,0,0.0,0.0,1.0,1.0,0.0,20.0,0.0,0.0,0.0,61.0,7269,230.3,modelled_from_WPP_SA2,230.3,30.0,4.0,108.0,5.0,8.0
11103122239,111031222,Adamstown - Kotara,core,0.1539,380762.1,6355529.0,151.7246002,-32.9320085,493,293,1.0,8.0,0.0,1.0,0.0,0.0,0.0,1.0,10.0,62.0,7269,234.1,modelled_from_WPP_SA2,234.1,40.36,80.5,20.0,16.0,47.0
11103122240,111031222,Adamstown - Kotara,core,0.1408,380497.1,6354584.8,151.7216433,-32.9404944,470,201,0.0,0.0,0.0,0.0,0.0,2.0,0.0,0.0,0.0,4.0,7269,15.1,modelled_from_WPP_SA2,15.1,9.4,0.0,10.0,0.0,0.0
11103122301,111031223,Beresfield - Hexham,core,1.3367,374048.6,6370862.3,151.6548961,-32.7929781,216,80,0.0,0.0,0.0,1.0,0.0,24.0,0.0,64.0,1.0,127.2,8579,767.6,modelled_from_WPP_SA2,767.6,66.32,32.0,187.0,69.0,67.0
11103122302,111031223,Beresfield - Hexham,core,0.7179,373528.6,6370654.5,151.6493159,-32.7947923,426,185,0.0,0.0,0.0,0.0,0.0,2.0,0.0,2.0,1.0,6.2,8579,37.4,modelled_from_WPP_SA2,37.4,9.52,1.0,12.0,2.0,2.0
11103122303,111031223,Beresfield - Hexham,core,0.2113,373678.3,6369980.6,151.650823,-32.8008869,541,242,0.0,0.0,1.0,1.0,0.0,0.0,0.0,4.0,0.0,25.0,8579,150.9,modelled_from_WPP_SA2,150.9,42.82,6.0,12.0,9.0,12.0
11103122304,111031223,Beresfield - Hexham,core,0.4971,373022.6,6369889.2,151.6438088,-32.8016355,328,140,0.0,0.0,0.0,0.0,0.0,4.0,0.0,2.0,0.0,10.0,8579,60.3,modelled_from_WPP_SA2,60.3,7.5600000000000005,1.0,22.0,2.0,2.0
11103122306,111031223,Beresfield - Hexham,core,0.2456,373405.3,6369477.8,151.6478387,-32.8053896,426,190,0.0,0.0,0.0,0.0,0.0,13.0,0.0,80.0,0.0,106.0,8579,639.7,modelled_from_WPP_SA2,639.7,48.519999999999996,40.0,145.0,80.0,80.0
11103122307,111031223,Beresfield - Hexham,core,0.3523,373768.1,6369262.9,151.6516838,-32.8073694,432,172,0.0,0.0,0.0,0.0,0.0,3.0,0.0,5.0,0.0,11.0,8579,66.4,modelled_from_WPP_SA2,66.4,11.14,2.5,20.0,5.0,5.0
11103122308,111031223,Beresfield - Hexham,core,0.1338,373982.2,6368896.2,151.653921,-32.810701,368,137,0.0,0.0,0.0,0.0,0.0,0.0,0.0,0.0,0.0,0.0,8579,0.0,modelled_from_WPP_SA2,0.0,7.36,0.0,0.0,0.0,0.0
11103122309,111031223,Beresfield - Hexham,core,3.6347,372046.2,6369714.4,151.633359,-32.803099,31,14,3.0,5.0,4.0,0.0,0.0,0.0,0.0,17.0,13.0,99.6,8579,601.1,modelled_from_WPP_SA2,601.1,9.12,74.5,47.0,47.0,71.0
11103122310,111031223,Beresfield - Hexham,core,0.2382,374072.1,6369893.4,151.655016,-32.8017187,479,222,1.0,6.0,4.0,3.0,0.0,33.0,0.0,61.0,0.0,232.0,8579,1400.1,modelled_from_WPP_SA2,1400.1,130.08,106.5,267.0,86.0,123.0
11103122311,111031223,Beresfield - Hexham,core,0.2117,374252.0,6369705.9,151.6569119,-32.8034301,585,247,2.0,8.0,2.0,1.0,1.0,21.0,0.0,36.0,0.0,169.0,8579,1019.9,modelled_from_WPP_SA2,1019.9,59.7,106.0,174.0,64.0,95.0
11103122312,111031223,Beresfield - Hexham,core,0.1674,374260.5,6369120.6,151.6569234,-32.8087099,420,178,0.0,0.0,0.0,0.0,0.0,3.0,0.0,0.0,0.0,6.0,8579,36.2,modelled_from_WPP_SA2,36.2,8.4,0.0,15.0,0.0,0.0
11103122313,111031223,Beresfield - Hexham,core,0.8535,375018.9,6368776.4,151.6649754,-32.8119004,571,291,0.0,0.0,0.0,3.0,0.0,11.0,1.0,3.0,3.0,73.6,8579,444.2,modelled_from_WPP_SA2,444.2,102.92,1.5,70.0,18.0,12.0
11103122314,111031223,Beresfield - Hexham,core,13.9917,373144.8,6366579.2,151.6446607,-32.8314998,342,103,0.0,0.0,0.0,0.0,0.0,0.0,0.0,0.0,1.0,0.2,8579,1.2,modelled_from_WPP_SA2,1.2,6.84,0.0,0.0,0.0,0.0
11103122315,111031223,Beresfield - Hexham,core,5.9614,376741.8,6370962.0,151.6836649,-32.7923846,291,104,0.0,1.0,0.0,0.0,0.0,32.0,0.0,0.0,4.0,68.8,8579,415.2,modelled_from_WPP_SA2,415.2,5.82,10.0,162.0,0.0,5.0
11103122316,111031223,Beresfield - Hexham,core,24.869,375861.5,6365020.9,151.6734702,-32.8458638,222,90,0.0,1.0,2.0,0.0,0.0,4.0,0.0,16.0,7.0,41.4,8579,249.8,modelled_from_WPP_SA2,249.8,12.440000000000001,26.0,48.0,16.0,31.0
11103122317,111031223,Beresfield - Hexham,core,0.1202,375491.0,6371210.8,151.6703443,-32.7899998,421,164,0.0,0.0,0.0,0.0,0.0,8.0,0.0,1.0,0.0,17.0,8579,102.6,modelled_from_WPP_SA2,102.6,8.92,0.5,41.0,1.0,1.0
11103122318,111031223,Beresfield - Hexham,core,0.0945,375293.3,6370595.8,151.66815,-32.7955234,315,133,0.0,0.0,0.0,0.0,0.0,13.0,0.0,1.0,0.0,27.0,8579,162.9,modelled_from_WPP_SA2,162.9,6.8,0.5,66.0,1.0,1.0
11103122319,111031223,Beresfield - Hexham,core,0.0995,375145.5,6371253.6,151.6666611,-32.7895747,346,131,0.0,0.0,0.0,0.0,0.0,5.0,0.0,0.0,0.0,10.0,8579,60.3,modelled_from_WPP_SA2,60.3,6.92,0.0,25.0,0.0,0.0
11103122320,111031223,Beresfield - Hexham,core,0.164,375287.7,6370936.3,151.6681364,-32.7924525,385,161,0.0,0.0,0.0,2.0,0.0,29.0,0.0,76.0,1.0,164.2,8579,990.9,modelled_from_WPP_SA2,990.9,105.7,38.0,227.0,86.0,82.0
11103122321,111031223,Beresfield - Hexham,core,0.0805,374942.5,6371145.5,151.6644788,-32.7905266,291,86,0.0,0.0,0.0,0.0,0.0,1.0,0.0,0.0,0.0,2.0,8579,12.1,modelled_from_WPP_SA2,12.1,5.82,0.0,5.0,0.0,0.0
11103122322,111031223,Beresfield - Hexham,core,0.1572,374680.6,6371037.2,151.661668,-32.7914729,510,183,0.0,0.0,0.0,0.0,0.0,3.0,0.0,2.0,0.0,8.0,8579,48.3,modelled_from_WPP_SA2,48.3,11.200000000000001,1.0,17.0,2.0,2.0
11103122323,111031223,Beresfield - Hexham,core,0.3963,375107.8,6370375.5,151.6661397,-32.7974892,275,116,0.0,2.0,1.0,0.0,2.0,10.0,0.0,117.0,2.0,167.4,8579,1010.2,modelled_from_WPP_SA2,1010.2,64.0,82.5,184.0,123.0,132.0
11103122324,111031223,Beresfield - Hexham,core,0.0923,374349.4,6369394.6,151.6579097,-32.806249,244,100,0.0,0.0,0.0,0.0,0.0,0.0,0.0,3.0,0.0,3.0,8579,18.1,modelled_from_WPP_SA2,18.1,6.38,1.5,3.0,3.0,3.0
11103122325,111031223,Beresfield - Hexham,core,4.6067,376865.6,6369173.2,151.6847498,-32.8085301,99,39,0.0,0.0,0.0,0.0,0.0,16.0,0.0,15.0,0.0,47.0,8579,283.6,modelled_from_WPP_SA2,283.6,9.48,7.5,95.0,15.0,15.0
11103122401,111031224,Hamilton - Broadmeadow,core,0.1495,382883.3,6355392.0,151.747267,-32.9334739,520,209,0.0,0.0,0.0,0.0,0.0,0.0,0.0,0.0,0.0,0.0,14182,0.0,modelled_from_WPP_SA2,0.0,10.4,0.0,0.0,0.0,0.0
11103122402,111031224,Hamilton - Broadmeadow,core,0.1218,382834.9,6355092.4,151.7467112,-32.9361705,390,143,0.0,0.0,0.0,0.0,0.0,1.0,0.0,0.0,1.0,2.2,14182,16.2,modelled_from_WPP_SA2,16.2,7.8,0.0,5.0,0.0,0.0
11103122403,111031224,Hamilton - Broadmeadow,core,0.0639,382389.6,6355073.5,151.741946,-32.9362926,423,288,0.0,0.0,0.0,0.0,0.0,0.0,0.0,0.0,0.0,0.0,14182,0.0,modelled_from_WPP_SA2,0.0,8.46,0.0,0.0,0.0,0.0
11103122404,111031224,Hamilton - Broadmeadow,core,0.163,382433.4,6355352.9,151.742451,-32.9337783,513,227,0.0,0.0,0.0,0.0,0.0,3.0,0.0,0.0,2.0,6.4,14182,47.2,modelled_from_WPP_SA2,47.2,10.26,0.0,15.0,0.0,0.0
11103122405,111031224,Hamilton - Broadmeadow,core,0.0786,382095.1,6355239.9,151.7388185,-32.9347605,355,204,0.0,0.0,0.0,1.0,0.0,3.0,0.0,1.0,1.0,22.2,14182,163.7,modelled_from_WPP_SA2,163.7,37.6,0.5,19.0,6.0,4.0
11103122406,111031224,Hamilton - Broadmeadow,core,0.079,381905.5,6355287.4,151.7367964,-32.9343116,245,70,0.0,0.0,0.0,0.0,0.0,0.0,0.0,0.0,1.0,0.2,14182,1.5,modelled_from_WPP_SA2,1.5,4.9,0.0,0.0,0.0,0.0
11103122407,111031224,Hamilton - Broadmeadow,core,0.3261,383893.7,6356355.3,151.7581942,-32.9248936,601,394,8.0,16.0,4.0,1.0,1.0,4.0,2.0,18.0,10.0,241.0,14182,1777.5,modelled_from_WPP_SA2,1777.5,51.019999999999996,185.0,103.0,106.0,145.0
11103122408,111031224,Hamilton - Broadmeadow,core,0.068,382034.6,6356259.6,151.7383014,-32.9255579,199,94,0.0,3.0,0.0,1.0,0.0,0.0,1.0,1.0,1.0,31.2,14182,230.1,modelled_from_WPP_SA2,230.1,34.48,30.5,13.0,6.0,19.0
11103122409,111031224,Hamilton - Broadmeadow,core,0.5034,382286.9,6355759.3,151.7409359,-32.9300972,9,3,0.0,0.0,3.0,0.0,0.0,1.0,1.0,2.0,0.0,25.0,14182,184.4,modelled_from_WPP_SA2,184.4,1.18,13.0,25.0,2.0,17.0
11103122410,111031224,Hamilton - Broadmeadow,core,0.6625,381093.9,6356897.2,151.7283245,-32.9197062,5,6,1.0,5.0,5.0,1.0,1.0,49.0,2.0,16.0,5.0,206.0,14182,1519.4,modelled_from_WPP_SA2,1519.4,38.1,78.0,309.0,34.0,72.0
11103122411,111031224,Hamilton - Broadmeadow,core,0.3609,382224.8,6357433.1,151.7404858,-32.9149955,309,141,0.0,0.0,0.0,0.0,0.0,1.0,0.0,1.0,4.0,3.8,14182,28.0,modelled_from_WPP_SA2,28.0,6.68,0.5,6.0,1.0,1.0
11103122412,111031224,Hamilton - Broadmeadow,core,0.6577,381621.2,6357671.5,151.7340627,-32.9127803,577,243,4.0,16.0,3.0,1.0,0.0,6.0,0.0,9.0,13.0,168.6,14182,1243.5,modelled_from_WPP_SA2,1243.5,46.04,176.5,89.0,54.0,119.0
11103122413,111031224,Hamilton - Broadmeadow,core,0.3256,381781.1,6356894.4,151.7356729,-32.919806,451,214,1.0,9.0,4.0,2.0,0.0,3.0,0.0,5.0,4.0,113.8,14182,839.4,modelled_from_WPP_SA2,839.4,71.52,108.5,64.0,25.0,79.0
11103122414,111031224,Hamilton - Broadmeadow,core,0.1666,381437.5,6356092.4,151.7318952,-32.9270015,379,167,0.0,3.0,0.0,0.0,1.0,0.0,0.0,3.0,1.0,23.2,14182,171.1,modelled_from_WPP_SA2,171.1,9.08,31.5,13.0,6.0,18.0
11103122415,111031224,Hamilton - Broadmeadow,core,0.1909,381665.7,6355928.6,151.7343145,-32.9285035,487,220,1.0,0.0,1.0,1.0,0.0,12.0,0.0,2.0,3.0,59.6,14182,439.6,modelled_from_WPP_SA2,439.6,40.74,5.0,70.0,17.0,13.0
11103122416,111031224,Hamilton - Broadmeadow,core,0.4189,380840.7,6355930.6,151.7254929,-32.928395,0,0,7.0,6.0,4.0,1.0,1.0,4.0,0.0,19.0,3.0,182.6,14182,1346.8,modelled_from_WPP_SA2,1346.8,39.5,85.5,78.0,97.0,93.0
11103122417,111031224,Hamilton - Broadmeadow,core,0.117,381831.0,6356567.9,151.7361646,-32.9227553,230,123,0.0,1.0,0.0,1.0,1.0,2.0,0.0,10.0,2.0,41.4,14182,305.4,modelled_from_WPP_SA2,305.4,39.6,15.0,29.0,18.0,18.0
11103122418,111031224,Hamilton - Broadmeadow,core,0.1541,382186.9,6356644.5,151.7399791,-32.922103,676,290,0.0,2.0,1.0,0.0,0.0,0.0,0.0,4.0,2.0,18.4,14182,135.7,modelled_from_WPP_SA2,135.7,15.52,26.0,13.0,4.0,19.0
11103122419,111031224,Hamilton - Broadmeadow,core,0.0832,382256.1,6356896.7,151.7407516,-32.9198363,362,182,0.0,0.0,1.0,0.0,0.0,0.0,0.0,0.0,1.0,6.2,14182,45.7,modelled_from_WPP_SA2,45.7,7.24,4.0,5.0,0.0,5.0
11103122420,111031224,Hamilton - Broadmeadow,core,0.2336,382633.3,6357198.0,151.7448233,-32.9171599,180,80,2.0,11.0,5.0,1.0,2.0,4.0,1.0,68.0,13.0,210.6,14182,1553.3,modelled_from_WPP_SA2,1553.3,67.6,164.0,149.0,99.0,157.0
11103122421,111031224,Hamilton - Broadmeadow,core,0.2289,382643.1,6356710.4,151.7448659,-32.921558,753,362,0.0,5.0,9.0,3.0,1.0,7.0,0.0,13.0,15.0,157.0,14182,1158.0,modelled_from_WPP_SA2,1158.0,111.56,92.5,116.0,31.0,92.0
11103122422,111031224,Hamilton - Broadmeadow,core,0.1934,382387.5,6356254.0,151.7420749,-32.9256468,677,282,1.0,0.0,1.0,2.0,0.0,1.0,1.0,1.0,5.0,55.0,14182,405.7,modelled_from_WPP_SA2,405.7,74.04,4.5,20.0,21.0,15.0
11103122423,111031224,Hamilton - Broadmeadow,core,0.0796,382715.9,6356256.7,151.7455864,-32.9256579,406,211,0.0,0.0,2.0,1.0,0.0,0.0,0.0,7.0,7.0,35.4,14182,261.1,modelled_from_WPP_SA2,261.1,41.620000000000005,11.5,20.0,12.0,20.0
11103122424,111031224,Hamilton - Broadmeadow,core,0.1032,383110.6,6356778.9,151.7498732,-32.9209901,389,186,0.0,2.0,6.0,1.0,0.0,1.0,0.0,4.0,1.0,65.2,14182,480.9,modelled_from_WPP_SA2,480.9,39.78,46.0,46.0,9.0,47.0
11103122425,111031224,Hamilton - Broadmeadow,core,0.1049,383065.7,6356517.8,151.74936,-32.9233403,451,235,0.0,3.0,1.0,3.0,2.0,0.0,0.0,10.0,12.0,91.4,14182,674.1,modelled_from_WPP_SA2,674.1,104.02,39.0,38.0,31.0,39.0
11103122426,111031224,Hamilton - Broadmeadow,core,0.1938,383007.2,6356161.3,151.7486894,-32.9265492,612,317,0.0,2.0,3.0,1.0,0.0,1.0,1.0,8.0,22.0,58.4,14182,430.7,modelled_from_WPP_SA2,430.7,46.24,36.0,38.0,13.0,36.0
11103122427,111031224,Hamilton - Broadmeadow,core,0.2759,383537.9,6356116.8,151.7543591,-32.927007,615,238,1.0,3.0,0.0,2.0,1.0,2.0,1.0,6.0,21.0,79.2,14182,584.2,modelled_from_WPP_SA2,584.2,75.3,33.0,35.0,29.0,30.0
11103122428,111031224,Hamilton - Broadmeadow,core,0.0978,383780.5,6355828.8,151.7569164,-32.9296305,338,131,0.0,0.0,0.0,0.0,0.0,0.0,0.0,0.0,4.0,0.8,14182,5.9,modelled_from_WPP_SA2,5.9,6.76,0.0,0.0,0.0,0.0
11103122429,111031224,Hamilton - Broadmeadow,core,0.1637,383464.9,6355652.8,151.7535198,-32.9311839,487,182,0.0,0.0,1.0,0.0,0.0,0.0,0.0,0.0,7.0,7.4,14182,54.6,modelled_from_WPP_SA2,54.6,9.74,4.0,5.0,0.0,5.0
11103122430,111031224,Hamilton - Broadmeadow,core,0.1249,383863.2,6355392.1,151.7577464,-32.9335774,379,150,0.0,0.0,0.0,0.0,0.0,0.0,0.0,0.0,5.0,1.0,14182,7.4,modelled_from_WPP_SA2,7.4,7.58,0.0,0.0,0.0,0.0
11103122431,111031224,Hamilton - Broadmeadow,core,0.1634,382940.7,6355750.9,151.7479264,-32.9302431,507,179,0.0,0.0,0.0,0.0,0.0,4.0,0.0,0.0,4.0,8.8,14182,64.9,modelled_from_WPP_SA2,64.9,10.14,0.0,20.0,0.0,0.0
11103122432,111031224,Hamilton - Broadmeadow,core,0.0894,383200.7,6355407.4,151.7506629,-32.9333688,254,95,0.0,0.0,0.0,0.0,0.0,0.0,0.0,0.0,4.0,0.8,14182,5.9,modelled_from_WPP_SA2,5.9,5.08,0.0,0.0,0.0,0.0
11103122501,111031225,Lambton - New Lambton,core,0.1982,378629.8,6354693.8,151.7016873,-32.9393056,549,217,0.0,0.0,0.0,0.0,0.0,3.0,0.0,1.0,1.0,7.2,11905,58.5,modelled_from_WPP_SA2,58.5,11.48,0.5,16.0,1.0,1.0
11103122502,111031225,Lambton - New Lambton,core,0.078,378975.9,6355007.8,151.7054306,-32.9365125,291,115,0.0,0.0,0.0,0.0,0.0,4.0,0.0,3.0,0.0,11.0,11905,89.3,modelled_from_WPP_SA2,89.3,7.32,1.5,23.0,3.0,3.0
11103122503,111031225,Lambton - New Lambton,core,0.131,379325.5,6355039.7,151.7091737,-32.9362635,419,162,0.0,0.0,0.0,0.0,0.0,1.0,0.0,1.0,0.0,3.0,11905,24.4,modelled_from_WPP_SA2,24.4,8.88,0.5,6.0,1.0,1.0
11103122504,111031225,Lambton - New Lambton,core,0.2938,380038.1,6355457.8,151.7168488,-32.9325712,733,307,0.0,1.0,0.0,1.0,0.0,19.0,0.0,14.0,4.0,71.8,11905,583.0,modelled_from_WPP_SA2,583.0,51.66,17.0,114.0,19.0,22.0
11103122505,111031225,Lambton - New Lambton,core,0.1158,380173.1,6355939.0,151.718355,-32.9282463,389,147,0.0,0.0,0.0,0.0,0.0,0.0,0.0,0.0,0.0,0.0,11905,0.0,modelled_from_WPP_SA2,0.0,7.78,0.0,0.0,0.0,0.0
11103122506,111031225,Lambton - New Lambton,core,0.0838,380252.3,6355777.0,151.7191801,-32.9297164,314,116,0.0,0.0,0.0,0.0,0.0,0.0,0.0,1.0,0.0,1.0,11905,8.1,modelled_from_WPP_SA2,8.1,6.78,0.5,1.0,1.0,1.0
11103122507,111031225,Lambton - New Lambton,core,0.1836,379722.5,6356290.2,151.7135825,-32.92503,490,217,3.0,15.0,10.0,3.0,6.0,0.0,0.0,10.0,2.0,259.4,11905,2106.2,modelled_from_WPP_SA2,2106.2,104.8,195.0,123.0,73.0,153.0
11103122508,111031225,Lambton - New Lambton,core,0.2079,379246.4,6356007.5,151.7084536,-32.9275267,577,203,0.0,0.0,0.0,0.0,0.0,0.0,0.0,0.0,1.0,0.2,11905,1.6,modelled_from_WPP_SA2,1.6,11.540000000000001,0.0,0.0,0.0,0.0
11103122509,111031225,Lambton - New Lambton,core,0.1221,379674.5,6355998.3,151.7130308,-32.9276569,351,158,0.0,0.0,0.0,1.0,0.0,2.0,0.0,2.0,1.0,21.2,11905,172.1,modelled_from_WPP_SA2,172.1,38.02,1.0,15.0,7.0,5.0
11103122510,111031225,Lambton - New Lambton,core,0.0855,379685.0,6355678.6,151.7131011,-32.9305414,305,137,0.0,0.0,0.0,0.0,0.0,0.0,0.0,0.0,1.0,0.2,11905,1.6,modelled_from_WPP_SA2,1.6,6.1000000000000005,0.0,0.0,0.0,0.0
11103122511,111031225,Lambton - New Lambton,core,0.1064,379600.2,6355408.8,151.7121595,-32.9329656,370,137,0.0,0.0,0.0,0.0,0.0,0.0,0.0,0.0,0.0,0.0,11905,0.0,modelled_from_WPP_SA2,0.0,7.4,0.0,0.0,0.0,0.0
11103122512,111031225,Lambton - New Lambton,core,0.1632,379333.9,6355518.3,151.7093259,-32.9319482,364,152,1.0,1.0,2.0,0.0,0.0,5.0,0.0,8.0,2.0,46.4,11905,376.8,modelled_from_WPP_SA2,376.8,11.280000000000001,22.0,45.0,18.0,26.0
11103122513,111031225,Lambton - New Lambton,core,0.1881,379037.9,6355532.5,151.7061625,-32.9317876,633,248,0.0,0.0,0.0,0.0,0.0,0.0,0.0,2.0,0.0,2.0,11905,16.2,modelled_from_WPP_SA2,16.2,13.66,1.0,2.0,2.0,2.0
11103122514,111031225,Lambton - New Lambton,core,0.2168,380544.4,6355952.7,151.7223267,-32.928164,527,245,1.0,0.0,0.0,0.0,0.0,2.0,1.0,1.0,1.0,20.2,11905,164.0,modelled_from_WPP_SA2,164.0,11.040000000000001,0.5,14.0,11.0,4.0
11103122515,111031225,Lambton - New Lambton,core,0.0774,380350.9,6356215.4,151.7202922,-32.9257736,311,117,0.0,1.0,0.0,0.0,0.0,0.0,0.0,1.0,2.0,5.4,11905,43.8,modelled_from_WPP_SA2,43.8,6.72,10.5,3.0,1.0,6.0
11103122516,111031225,Lambton - New Lambton,core,0.2497,380491.2,6357367.7,151.7219413,-32.9153976,494,238,0.0,5.0,1.0,0.0,0.0,0.0,0.0,4.0,4.0,30.8,11905,250.1,modelled_from_WPP_SA2,250.1,11.88,56.0,19.0,4.0,34.0
11103122517,111031225,Lambton - New Lambton,core,0.088,380141.2,6357191.2,151.7181761,-32.9169506,371,149,0.0,0.0,0.0,0.0,0.0,0.0,0.0,0.0,1.0,0.2,11905,1.6,modelled_from_WPP_SA2,1.6,7.42,0.0,0.0,0.0,0.0
11103122518,111031225,Lambton - New Lambton,core,0.1664,380030.2,6357484.8,151.7170274,-32.9142906,514,218,0.0,0.0,0.0,0.0,0.0,2.0,0.0,0.0,1.0,4.2,11905,34.1,modelled_from_WPP_SA2,34.1,10.28,0.0,10.0,0.0,0.0
11103122519,111031225,Lambton - New Lambton,core,0.2288,379803.7,6357810.6,151.7146491,-32.9113276,484,223,0.0,0.0,0.0,2.0,0.0,1.0,0.0,0.0,0.0,32.0,11905,259.8,modelled_from_WPP_SA2,259.8,69.68,0.0,11.0,10.0,6.0
11103122520,111031225,Lambton - New Lambton,core,0.0738,379821.3,6357569.3,151.714805,-32.9135052,218,86,0.0,0.0,0.0,0.0,0.0,0.0,0.0,0.0,0.0,0.0,11905,0.0,modelled_from_WPP_SA2,0.0,4.36,0.0,0.0,0.0,0.0
11103122521,111031225,Lambton - New Lambton,core,0.1292,378248.8,6357431.2,151.6979749,-32.9145767,443,156,0.0,0.0,0.0,0.0,0.0,0.0,0.0,0.0,2.0,0.4,11905,3.2,modelled_from_WPP_SA2,3.2,8.86,0.0,0.0,0.0,0.0
11103122522,111031225,Lambton - New Lambton,core,0.1407,378588.5,6357072.1,151.7015592,-32.9178532,296,96,0.0,0.0,0.0,0.0,0.0,2.0,0.0,0.0,1.0,4.2,11905,34.1,modelled_from_WPP_SA2,34.1,5.92,0.0,10.0,0.0,0.0
11103122523,111031225,Lambton - New Lambton,core,0.2975,378577.6,6357821.1,151.7015411,-32.9110978,547,266,0.0,0.0,0.0,1.0,0.0,2.0,0.0,0.0,1.0,19.2,11905,155.9,modelled_from_WPP_SA2,155.9,40.94,0.0,13.0,5.0,3.0
11103122524,111031225,Lambton - New Lambton,core,0.1576,378589.5,6357496.3,151.7016254,-32.9140277,532,208,0.0,0.0,0.0,0.0,0.0,1.0,0.0,0.0,1.0,2.2,11905,17.9,modelled_from_WPP_SA2,17.9,10.64,0.0,5.0,0.0,0.0
11103122525,111031225,Lambton - New Lambton,core,0.1488,379100.6,6357828.9,151.7071339,-32.9110848,444,201,3.0,8.0,8.0,2.0,7.0,1.0,0.0,51.0,3.0,255.6,11905,2075.4,modelled_from_WPP_SA2,2075.4,94.38,137.5,146.0,112.0,146.0
11103122526,111031225,Lambton - New Lambton,core,0.1971,379026.7,6357398.5,151.7062877,-32.9149585,553,220,0.0,1.0,1.0,0.0,0.0,3.0,0.0,0.0,0.0,16.0,11905,129.9,modelled_from_WPP_SA2,129.9,11.06,14.0,22.0,0.0,10.0
11103122527,111031225,Lambton - New Lambton,core,0.243,379457.6,6357485.7,151.7109061,-32.9142193,257,116,0.0,0.0,2.0,2.0,0.0,50.0,0.0,9.0,1.0,151.2,11905,1227.7,modelled_from_WPP_SA2,1227.7,69.64,12.5,275.0,19.0,25.0
11103122528,111031225,Lambton - New Lambton,core,0.1943,378947.2,6356477.8,151.7053167,-32.9232525,383,139,0.0,0.0,0.0,0.0,0.0,1.0,0.0,1.0,0.0,3.0,11905,24.4,modelled_from_WPP_SA2,24.4,8.16,0.5,6.0,1.0,1.0
11103122529,111031225,Lambton - New Lambton,core,0.0886,379408.4,6356417.2,151.7102395,-32.9238501,276,115,0.0,0.0,0.0,0.0,0.0,0.0,0.0,0.0,0.0,0.0,11905,0.0,modelled_from_WPP_SA2,0.0,5.5200000000000005,0.0,0.0,0.0,0.0
11103122530,111031225,Lambton - New Lambton,core,0.1449,379347.7,6356719.1,151.7096305,-32.9211204,523,226,0.0,0.0,0.0,0.0,0.0,1.0,0.0,0.0,0.0,2.0,11905,16.2,modelled_from_WPP_SA2,16.2,10.46,0.0,5.0,0.0,0.0
11103122531,111031225,Lambton - New Lambton,core,0.121,378883.4,6356787.8,151.7046747,-32.9204499,327,136,0.0,0.0,0.0,1.0,0.0,0.0,0.0,1.0,0.0,16.0,11905,129.9,modelled_from_WPP_SA2,129.9,37.04,0.5,4.0,6.0,4.0
11103122532,111031225,Lambton - New Lambton,core,0.0969,379012.2,6356959.9,151.7060746,-32.9189119,319,133,0.0,0.0,0.0,0.0,0.0,0.0,0.0,0.0,1.0,0.2,11905,1.6,modelled_from_WPP_SA2,1.6,6.38,0.0,0.0,0.0,0.0
11103122533,111031225,Lambton - New Lambton,core,2.1408,377806.9,6357072.1,151.6932023,-32.9177661,18,0,0.0,0.0,1.0,1.0,4.0,12.0,0.0,25.0,0.0,102.0,11905,828.2,modelled_from_WPP_SA2,828.2,42.86,16.5,109.0,42.0,33.0
11103122534,111031225,Lambton - New Lambton,core,0.2443,378358.2,6356136.9,151.6989731,-32.9262615,478,162,0.0,0.0,0.0,0.0,0.0,1.0,0.0,0.0,2.0,2.4,11905,19.5,modelled_from_WPP_SA2,19.5,9.56,0.0,5.0,0.0,0.0
11103122535,111031225,Lambton - New Lambton,core,1.7904,378250.9,6355502.2,151.6977419,-32.9319732,0,0,0.0,1.0,1.0,0.0,0.0,27.0,12.0,34.0,0.0,134.0,11905,1088.0,modelled_from_WPP_SA2,1088.0,17.0,31.0,212.0,34.0,44.0
11103122536,111031225,Lambton - New Lambton,core,0.213,377481.3,6354477.0,151.6893757,-32.9411328,329,117,0.0,0.0,0.0,0.0,0.0,0.0,0.0,0.0,1.0,0.2,11905,1.6,modelled_from_WPP_SA2,1.6,6.58,0.0,0.0,0.0,0.0
11103122537,111031225,Lambton - New Lambton,core,0.1571,377883.0,6354380.9,151.6936596,-32.9420438,395,141,0.0,0.0,0.0,0.0,0.0,3.0,0.0,1.0,1.0,7.2,11905,58.5,modelled_from_WPP_SA2,58.5,8.4,0.5,16.0,1.0,1.0
11103122538,111031225,Lambton - New Lambton,core,0.117,379368.7,6357094.6,151.709904,-32.9177371,475,233,0.0,0.0,0.0,0.0,0.0,0.0,0.0,0.0,0.0,0.0,11905,0.0,modelled_from_WPP_SA2,0.0,9.5,0.0,0.0,0.0,0.0
11103122539,111031225,Lambton - New Lambton,core,0.3105,379816.9,6356848.1,151.7146647,-32.9200095,531,284,2.0,11.0,4.0,0.0,1.0,19.0,0.0,10.0,2.0,148.4,11905,1205.0,modelled_from_WPP_SA2,1205.0,15.620000000000001,131.0,151.0,33.0,91.0
11103122540,111031225,Lambton - New Lambton,core,0.2269,380441.3,6356870.8,151.7213439,-32.9198727,477,197,0.0,0.0,0.0,1.0,0.0,7.0,0.0,2.0,2.0,31.4,11905,255.0,modelled_from_WPP_SA2,255.0,40.54,1.0,40.0,7.0,5.0
11103122541,111031225,Lambton - New Lambton,core,0.1066,380157.4,6356651.2,151.7182798,-32.9218223,306,134,0.0,2.0,0.0,0.0,0.0,2.0,0.0,0.0,1.0,12.2,11905,99.1,modelled_from_WPP_SA2,99.1,6.12,20.0,14.0,0.0,10.0
11103122542,111031225,Lambton - New Lambton,core,0.0732,380238.3,6356489.2,151.7191239,-32.9232916,247,97,0.0,2.0,0.0,0.0,0.0,1.0,0.0,0.0,0.0,10.0,11905,81.2,modelled_from_WPP_SA2,81.2,4.94,20.0,9.0,0.0,10.0
11103122543,111031225,Lambton - New Lambton,core,0.1464,380012.9,6356158.7,151.7166705,-32.9262476,497,200,0.0,0.0,0.0,2.0,0.0,1.0,0.0,0.0,1.0,32.2,11905,261.5,modelled_from_WPP_SA2,261.5,69.94,0.0,11.0,10.0,6.0
11103122601,111031226,Maryland - Fletcher - Minmi,core,0.3499,375522.3,6361006.4,151.6693061,-32.8820286,467,178,0.0,0.0,0.0,0.0,0.0,0.0,0.0,0.0,1.0,0.2,2100,1.2,modelled_from_WPP_SA2,1.2,9.34,0.0,0.0,0.0,0.0
11103122602,111031226,Maryland - Fletcher - Minmi,core,0.0938,373893.2,6361113.7,151.6519095,-32.8808746,219,73,0.0,0.0,0.0,0.0,0.0,0.0,0.0,0.0,0.0,0.0,2100,0.0,modelled_from_WPP_SA2,0.0,4.38,0.0,0.0,0.0,0.0
11103122603,111031226,Maryland - Fletcher - Minmi,core,0.2422,375111.7,6361583.1,151.6649954,-32.8767808,695,246,0.0,0.0,0.0,0.0,0.0,1.0,0.0,0.0,1.0,2.2,2100,13.2,modelled_from_WPP_SA2,13.2,13.9,0.0,5.0,0.0,0.0
11103122604,111031226,Maryland - Fletcher - Minmi,core,0.0948,374257.6,6361037.6,151.6557936,-32.8816022,277,103,0.0,0.0,0.0,0.0,0.0,0.0,0.0,0.0,0.0,0.0,2100,0.0,modelled_from_WPP_SA2,0.0,5.54,0.0,0.0,0.0,0.0
11103122605,111031226,Maryland - Fletcher - Minmi,core,0.1986,373421.2,6361244.8,151.6468832,-32.8796378,542,179,0.0,0.0,0.0,0.0,0.0,0.0,0.0,1.0,1.0,1.2,2100,7.2,modelled_from_WPP_SA2,7.2,11.34,0.5,1.0,1.0,1.0
11103122606,111031226,Maryland - Fletcher - Minmi,core,0.0951,373881.8,6360850.0,151.6517515,-32.8832508,288,99,0.0,0.0,0.0,0.0,0.0,0.0,0.0,0.0,0.0,0.0,2100,0.0,modelled_from_WPP_SA2,0.0,5.76,0.0,0.0,0.0,0.0
11103122608,111031226,Maryland - Fletcher - Minmi,core,0.1285,373979.7,6362067.5,151.6529633,-32.8722833,448,176,0.0,0.0,0.0,0.0,0.0,0.0,0.0,0.0,0.0,0.0,2100,0.0,modelled_from_WPP_SA2,0.0,8.96,0.0,0.0,0.0,0.0
11103122609,111031226,Maryland - Fletcher - Minmi,core,0.1689,374289.1,6361791.4,151.6562324,-32.8748087,447,157,0.0,0.0,0.0,0.0,0.0,0.0,0.0,0.0,1.0,0.2,2100,1.2,modelled_from_WPP_SA2,1.2,8.94,0.0,0.0,0.0,0.0
11103122610,111031226,Maryland - Fletcher - Minmi,core,0.0925,374557.6,6360399.2,151.6589127,-32.8873942,304,123,0.0,0.0,0.0,0.0,0.0,0.0,0.0,0.0,0.0,0.0,2100,0.0,modelled_from_WPP_SA2,0.0,6.08,0.0,0.0,0.0,0.0
11103122611,111031226,Maryland - Fletcher - Minmi,core,0.1085,374889.2,6360366.1,151.662453,-32.887731,323,117,0.0,0.0,0.0,0.0,0.0,3.0,0.0,0.0,0.0,6.0,2100,36.1,modelled_from_WPP_SA2,36.1,6.46,0.0,15.0,0.0,0.0
11103122613,111031226,Maryland - Fletcher - Minmi,core,0.5982,373511.6,6362153.0,151.6479737,-32.8714582,331,115,0.0,0.0,0.0,2.0,0.0,9.0,0.0,9.0,1.0,57.2,2100,344.4,modelled_from_WPP_SA2,344.4,71.12,4.5,60.0,19.0,15.0
11103122614,111031226,Maryland - Fletcher - Minmi,core,0.1767,374110.7,6361380.9,151.6542703,-32.8784897,444,137,0.0,0.0,0.0,0.0,0.0,1.0,0.0,0.0,1.0,2.2,2100,13.2,modelled_from_WPP_SA2,13.2,8.88,0.0,5.0,0.0,0.0
11103122615,111031226,Maryland - Fletcher - Minmi,core,0.168,374582.8,6361408.9,151.659319,-32.8782915,438,150,0.0,1.0,2.0,0.0,1.0,0.0,0.0,3.0,2.0,27.4,2100,165.0,modelled_from_WPP_SA2,165.0,10.26,19.5,19.0,6.0,18.0
11103122616,111031226,Maryland - Fletcher - Minmi,core,0.1057,374052.7,6360617.3,151.6535459,-32.8853693,251,77,0.0,0.0,0.0,0.0,0.0,4.0,0.0,2.0,1.0,10.2,2100,61.4,modelled_from_WPP_SA2,61.4,6.0200000000000005,1.0,22.0,2.0,2.0
11103122617,111031226,Maryland - Fletcher - Minmi,core,0.1216,374298.0,6360675.4,151.6561754,-32.8848739,273,107,0.0,0.0,0.0,0.0,0.0,1.0,0.0,0.0,1.0,2.2,2100,13.2,modelled_from_WPP_SA2,13.2,5.46,0.0,5.0,0.0,0.0
11103122618,111031226,Maryland - Fletcher - Minmi,core,0.1468,374659.7,6360745.3,151.6600509,-32.884285,413,166,0.0,0.0,0.0,0.0,0.0,0.0,0.0,0.0,1.0,0.2,2100,1.2,modelled_from_WPP_SA2,1.2,8.26,0.0,0.0,0.0,0.0
11103122619,111031226,Maryland - Fletcher - Minmi,core,0.1222,375069.4,6360688.9,151.6644223,-32.8848402,363,139,0.0,0.0,0.0,0.0,0.0,2.0,0.0,0.0,0.0,4.0,2100,24.1,modelled_from_WPP_SA2,24.1,7.26,0.0,10.0,0.0,0.0
11103122620,111031226,Maryland - Fletcher - Minmi,core,0.1544,374708.9,6360991.3,151.6606106,-32.8820721,247,97,0.0,0.0,0.0,1.0,0.0,7.0,0.0,0.0,0.0,29.0,2100,174.6,modelled_from_WPP_SA2,174.6,34.94,0.0,38.0,5.0,3.0
11103122621,111031226,Maryland - Fletcher - Minmi,core,0.0631,374610.9,6361575.4,151.659642,-32.8767936,194,64,0.0,0.0,0.0,0.0,0.0,0.0,0.0,0.0,0.0,0.0,2100,0.0,modelled_from_WPP_SA2,0.0,3.88,0.0,0.0,0.0,0.0
11103122622,111031226,Maryland - Fletcher - Minmi,core,1.4849,375824.1,6360712.6,151.672492,-32.8847123,31,14,0.0,1.0,0.0,0.0,0.0,3.0,0.0,1.0,2.0,11.4,2100,68.6,modelled_from_WPP_SA2,68.6,1.12,10.5,18.0,1.0,6.0
11103122623,111031226,Maryland - Fletcher - Minmi,core,0.1798,370681.3,6361533.5,151.6176413,-32.8767136,331,121,0.0,2.0,0.0,2.0,0.0,12.0,0.0,3.0,0.0,65.0,2100,391.3,modelled_from_WPP_SA2,391.3,68.12,21.5,73.0,13.0,19.0
11103122624,111031226,Maryland - Fletcher - Minmi,core,2.261,370164.0,6360426.8,151.6119577,-32.8866327,355,120,0.0,0.0,0.0,1.0,0.0,0.0,0.0,0.0,2.0,15.4,2100,92.7,modelled_from_WPP_SA2,92.7,37.1,0.0,3.0,5.0,3.0
11103122625,111031226,Maryland - Fletcher - Minmi,core,0.3329,374420.8,6362494.2,151.6577352,-32.8684858,434,170,0.0,0.0,0.0,0.0,0.0,1.0,0.0,0.0,0.0,2.0,2100,12.0,modelled_from_WPP_SA2,12.0,8.68,0.0,5.0,0.0,0.0
11103122626,111031226,Maryland - Fletcher - Minmi,core,0.125,374554.8,6362015.3,151.6591026,-32.8728196,402,146,0.0,0.0,0.0,0.0,0.0,1.0,0.0,1.0,1.0,3.2,2100,19.3,modelled_from_WPP_SA2,19.3,8.540000000000001,0.5,6.0,1.0,1.0
11103122627,111031226,Maryland - Fletcher - Minmi,core,0.1303,374895.5,6361915.4,151.6627296,-32.8737594,268,102,0.0,0.0,0.0,0.0,0.0,0.0,0.0,0.0,0.0,0.0,2100,0.0,modelled_from_WPP_SA2,0.0,5.36,0.0,0.0,0.0,0.0
11103122628,111031226,Maryland - Fletcher - Minmi,core,0.1499,374071.6,6362243.7,151.6539703,-32.8707049,420,165,0.0,0.0,0.0,0.0,0.0,1.0,0.0,0.0,1.0,2.2,2100,13.2,modelled_from_WPP_SA2,13.2,8.4,0.0,5.0,0.0,0.0
11103122629,111031226,Maryland - Fletcher - Minmi,core,0.2325,372904.5,6361626.3,151.6414126,-32.8761371,531,165,0.0,2.0,0.0,0.0,0.0,0.0,0.0,0.0,1.0,8.2,2100,49.4,modelled_from_WPP_SA2,49.4,10.620000000000001,20.0,4.0,0.0,10.0
11103122631,111031226,Maryland - Fletcher - Minmi,core,4.1012,370941.8,6362468.5,151.6205553,-32.8683127,19,5,0.0,0.0,0.0,0.0,0.0,3.0,0.0,5.0,1.0,11.2,2100,67.4,modelled_from_WPP_SA2,67.4,2.88,2.5,20.0,5.0,5.0
11103122632,111031226,Maryland - Fletcher - Minmi,core,0.1056,373758.4,6361522.9,151.6505249,-32.8771688,344,101,0.0,0.0,0.0,0.0,0.0,0.0,0.0,0.0,0.0,0.0,2100,0.0,modelled_from_WPP_SA2,0.0,6.88,0.0,0.0,0.0,0.0
11103122633,111031226,Maryland - Fletcher - Minmi,core,1.3881,372374.6,6363066.8,151.6359487,-32.863085,0,0,0.0,0.0,0.0,0.0,0.0,0.0,0.0,0.0,0.0,0.0,2100,0.0,modelled_from_WPP_SA2,0.0,0.0,0.0,0.0,0.0,0.0
11103122634,111031226,Maryland - Fletcher - Minmi,core,0.1621,373447.0,6362960.1,151.6473934,-32.8641719,513,168,0.0,0.0,0.0,0.0,0.0,4.0,0.0,0.0,0.0,8.0,2100,48.2,modelled_from_WPP_SA2,48.2,10.26,0.0,20.0,0.0,0.0
11103122635,111031226,Maryland - Fletcher - Minmi,core,0.3837,372193.2,6361996.9,151.6338631,-32.8727127,436,132,0.0,0.0,0.0,0.0,0.0,3.0,0.0,0.0,0.0,6.0,2100,36.1,modelled_from_WPP_SA2,36.1,8.72,0.0,15.0,0.0,0.0
11103122636,111031226,Maryland - Fletcher - Minmi,core,0.1858,373676.0,6362876.5,151.6498284,-32.8649524,660,207,0.0,0.0,0.0,0.0,0.0,2.0,0.0,1.0,0.0,5.0,2100,30.1,modelled_from_WPP_SA2,30.1,13.700000000000001,0.5,11.0,1.0,1.0
11103122637,111031226,Maryland - Fletcher - Minmi,core,0.6067,372558.2,6362434.7,151.6378238,-32.8688072,1139,357,0.0,0.0,0.0,1.0,0.0,12.0,0.0,5.0,2.0,44.4,2100,267.3,modelled_from_WPP_SA2,267.3,55.28,2.5,68.0,10.0,8.0
11103122638,111031226,Maryland - Fletcher - Minmi,core,0.7146,372163.1,6361351.0,151.6334513,-32.8785338,816,246,0.0,0.0,0.0,0.0,0.0,2.0,0.0,0.0,7.0,5.4,2100,32.5,modelled_from_WPP_SA2,32.5,16.32,0.0,10.0,0.0,0.0
11103122639,111031226,Maryland - Fletcher - Minmi,core,0.1677,371842.4,6362006.5,151.6301149,-32.8725849,496,155,0.0,0.0,0.0,0.0,0.0,0.0,0.0,2.0,1.0,2.2,2100,13.2,modelled_from_WPP_SA2,13.2,10.92,1.0,2.0,2.0,2.0
11103122640,111031226,Maryland - Fletcher - Minmi,core,0.389,373388.9,6360891.8,151.6464894,-32.8828177,934,293,0.0,0.0,0.0,0.0,0.0,0.0,0.0,0.0,1.0,0.2,2100,1.2,modelled_from_WPP_SA2,1.2,18.68,0.0,0.0,0.0,0.0
11103122641,111031226,Maryland - Fletcher - Minmi,core,0.5765,372942.4,6361187.2,151.6417579,-32.8801019,605,172,0.0,2.0,0.0,0.0,0.0,2.0,0.0,3.0,2.0,15.4,2100,92.7,modelled_from_WPP_SA2,92.7,13.6,21.5,17.0,3.0,13.0
11103122642,111031226,Maryland - Fletcher - Minmi,core,0.3492,373150.7,6362400.6,151.6441499,-32.8691837,740,219,0.0,0.0,0.0,0.0,0.0,0.0,0.0,1.0,2.0,1.4,2100,8.4,modelled_from_WPP_SA2,8.4,15.3,0.5,1.0,1.0,1.0
11103122701,111031227,Mayfield - Warabrook,core,0.2097,379559.1,6361344.7,151.7124943,-32.8794292,241,93,0.0,0.0,0.0,0.0,0.0,0.0,0.0,0.0,0.0,0.0,10357,0.0,modelled_from_WPP_SA2,0.0,4.82,0.0,0.0,0.0,0.0
11103122702,111031227,Mayfield - Warabrook,core,1.108,380668.7,6361258.1,151.724343,-32.8803314,4,0,1.0,1.0,0.0,0.0,0.0,0.0,0.0,42.0,14.0,60.8,10357,483.3,modelled_from_WPP_SA2,483.3,21.08,31.0,44.0,52.0,50.0
11103122703,111031227,Mayfield - Warabrook,core,0.13,382236.3,6358917.9,151.7407982,-32.9016062,291,131,1.0,17.0,5.0,0.0,0.0,0.0,0.0,6.0,5.0,117.0,10357,930.1,modelled_from_WPP_SA2,930.1,8.82,193.0,65.0,16.0,119.0
11103122704,111031227,Mayfield - Warabrook,core,0.0913,382927.9,6358604.4,151.7481518,-32.9045075,313,156,0.0,1.0,1.0,0.0,0.0,0.0,0.0,0.0,0.0,10.0,10357,79.5,modelled_from_WPP_SA2,79.5,6.26,14.0,7.0,0.0,10.0
11103122705,111031227,Mayfield - Warabrook,core,0.2112,383254.0,6359089.5,151.7516993,-32.9001682,345,165,0.0,0.0,2.0,0.0,0.0,0.0,0.0,1.0,3.0,13.6,10357,108.1,modelled_from_WPP_SA2,108.1,7.4,8.5,11.0,1.0,11.0
11103122706,111031227,Mayfield - Warabrook,core,0.118,382934.1,6358964.9,151.748264,-32.9012571,502,231,0.0,0.0,0.0,0.0,0.0,0.0,0.0,0.0,1.0,0.2,10357,1.6,modelled_from_WPP_SA2,1.6,10.040000000000001,0.0,0.0,0.0,0.0
11103122707,111031227,Mayfield - Warabrook,core,0.2098,382507.7,6358441.3,151.7436386,-32.9059339,598,277,0.0,6.0,0.0,0.0,0.0,4.0,0.0,5.0,3.0,37.6,10357,298.9,modelled_from_WPP_SA2,298.9,14.46,62.5,37.0,5.0,35.0
11103122708,111031227,Mayfield - Warabrook,core,0.1161,382104.3,6358759.6,151.7393672,-32.90302,470,213,0.0,0.0,0.0,0.0,0.0,0.0,0.0,0.0,0.0,0.0,10357,0.0,modelled_from_WPP_SA2,0.0,9.4,0.0,0.0,0.0,0.0
11103122709,111031227,Mayfield - Warabrook,core,0.1205,382007.0,6358342.8,151.7382736,-32.9067679,368,158,0.0,0.0,0.0,0.0,0.0,1.0,0.0,0.0,0.0,2.0,10357,15.9,modelled_from_WPP_SA2,15.9,7.36,0.0,5.0,0.0,0.0
11103122710,111031227,Mayfield - Warabrook,core,0.1794,381532.1,6360288.9,151.7334455,-32.8891662,454,190,0.0,0.0,0.0,0.0,0.0,4.0,0.0,0.0,1.0,8.2,10357,65.2,modelled_from_WPP_SA2,65.2,9.08,0.0,20.0,0.0,0.0
11103122711,111031227,Mayfield - Warabrook,core,0.1327,381837.1,6360223.3,151.7366981,-32.8897911,517,229,0.0,0.0,0.0,0.0,0.0,0.0,0.0,1.0,0.0,1.0,10357,7.9,modelled_from_WPP_SA2,7.9,10.84,0.5,1.0,1.0,1.0
11103122712,111031227,Mayfield - Warabrook,core,0.0557,381038.6,6359936.2,151.728125,-32.8922934,203,87,0.0,1.0,1.0,0.0,0.0,0.0,1.0,0.0,0.0,13.0,10357,103.3,modelled_from_WPP_SA2,103.3,4.0600000000000005,14.0,10.0,0.0,10.0
11103122713,111031227,Mayfield - Warabrook,core,0.2117,381129.5,6360223.1,151.7291345,-32.8897156,621,278,0.0,0.0,0.0,1.0,0.0,3.0,2.0,4.0,0.0,31.0,10357,246.4,modelled_from_WPP_SA2,246.4,44.42,2.0,28.0,9.0,7.0
11103122714,111031227,Mayfield - Warabrook,core,0.3592,380624.3,6360618.5,151.7237855,-32.8860952,621,258,0.0,0.0,0.0,0.0,0.0,12.0,1.0,4.0,0.0,31.0,10357,246.4,modelled_from_WPP_SA2,246.4,14.42,2.0,67.0,4.0,4.0
11103122715,111031227,Mayfield - Warabrook,core,0.1601,380489.9,6360238.6,151.7222995,-32.8895062,464,135,0.0,0.0,0.0,0.0,0.0,2.0,0.0,1.0,0.0,5.0,10357,39.7,modelled_from_WPP_SA2,39.7,9.78,0.5,11.0,1.0,1.0
11103122716,111031227,Mayfield - Warabrook,core,0.228,380099.6,6360110.7,151.7181106,-32.890617,284,136,1.0,0.0,0.0,0.0,0.0,1.0,0.0,1.0,0.0,15.0,10357,119.2,modelled_from_WPP_SA2,119.2,6.18,0.5,6.0,11.0,4.0
11103122717,111031227,Mayfield - Warabrook,core,0.1133,381805.0,6358599.1,151.736147,-32.9044348,482,191,0.0,0.0,0.0,0.0,0.0,0.0,0.0,0.0,0.0,0.0,10357,0.0,modelled_from_WPP_SA2,0.0,9.64,0.0,0.0,0.0,0.0
11103122718,111031227,Mayfield - Warabrook,core,0.1357,381792.5,6359119.9,151.7360799,-32.8997364,448,231,0.0,4.0,3.0,0.0,5.0,0.0,0.0,10.0,3.0,84.6,10357,672.6,modelled_from_WPP_SA2,672.6,13.96,57.0,53.0,25.0,45.0
11103122719,111031227,Mayfield - Warabrook,core,0.1733,382615.4,6358961.8,151.7448567,-32.9012512,454,194,0.0,2.0,1.0,0.0,0.0,15.0,0.0,6.0,4.0,50.8,10357,403.8,modelled_from_WPP_SA2,403.8,12.08,27.0,90.0,6.0,21.0
11103122720,111031227,Mayfield - Warabrook,core,0.1097,382692.7,6359405.0,151.7457393,-32.8972621,470,206,0.0,0.0,0.0,0.0,0.0,0.0,0.0,0.0,3.0,0.6000000000000001,10357,4.8,modelled_from_WPP_SA2,4.8,9.4,0.0,0.0,0.0,0.0
11103122721,111031227,Mayfield - Warabrook,core,0.1489,382277.6,6359178.0,151.7412733,-32.8992647,373,186,1.0,13.0,5.0,1.0,2.0,2.0,1.0,8.0,5.0,141.0,10357,1120.9,modelled_from_WPP_SA2,1120.9,41.46,154.0,83.0,29.0,104.0
11103122722,111031227,Mayfield - Warabrook,core,0.0749,382012.0,6359569.8,151.7384832,-32.8957034,239,109,0.0,0.0,1.0,3.0,0.0,0.0,0.0,8.0,1.0,59.2,10357,470.6,modelled_from_WPP_SA2,470.6,98.78,8.0,22.0,23.0,22.0
11103122723,111031227,Mayfield - Warabrook,core,0.1481,382338.3,6359440.1,151.7419546,-32.8969082,561,198,0.0,0.0,0.0,5.0,0.0,1.0,0.0,3.0,2.0,80.4,10357,639.2,modelled_from_WPP_SA2,639.2,162.72,1.5,23.0,28.0,18.0
11103122724,111031227,Mayfield - Warabrook,core,0.2514,382552.8,6359821.2,151.7442969,-32.8934944,590,295,0.0,0.0,0.0,0.0,0.0,4.0,1.0,8.0,3.0,19.6,10357,155.8,modelled_from_WPP_SA2,155.8,15.8,4.0,31.0,8.0,8.0
11103122725,111031227,Mayfield - Warabrook,core,0.1494,380335.9,6359990.2,151.7206213,-32.8917297,434,176,0.0,0.0,0.0,0.0,0.0,0.0,0.0,2.0,0.0,2.0,10357,15.9,modelled_from_WPP_SA2,15.9,9.68,1.0,2.0,2.0,2.0
11103122726,111031227,Mayfield - Warabrook,core,0.2598,379996.8,6360750.1,151.7170953,-32.8848395,312,154,0.0,4.0,1.0,0.0,2.0,0.0,0.0,6.0,3.0,44.6,10357,354.6,modelled_from_WPP_SA2,354.6,9.24,47.0,27.0,12.0,31.0
11103122727,111031227,Mayfield - Warabrook,core,0.511,379579.5,6360587.5,151.7126136,-32.88626,286,99,0.0,0.0,0.0,0.0,0.0,3.0,1.0,8.0,0.0,17.0,10357,135.1,modelled_from_WPP_SA2,135.1,9.719999999999999,4.0,26.0,8.0,8.0
11103122728,111031227,Mayfield - Warabrook,core,0.2497,379967.7,6361267.2,151.7168512,-32.8801727,495,188,0.0,4.0,0.0,0.0,0.0,4.0,0.0,59.0,3.0,83.6,10357,664.6,modelled_from_WPP_SA2,664.6,39.4,69.5,87.0,59.0,79.0
11103122729,111031227,Mayfield - Warabrook,core,0.2079,382154.3,6360038.2,151.7400645,-32.8914939,503,219,0.0,0.0,0.0,1.0,0.0,11.0,0.0,2.0,0.0,39.0,10357,310.0,modelled_from_WPP_SA2,310.0,41.06,1.0,60.0,7.0,5.0
11103122730,111031227,Mayfield - Warabrook,core,0.1456,381550.7,6358793.0,151.7334523,-32.9026591,509,237,0.0,0.0,0.0,1.0,0.0,0.0,0.0,2.0,0.0,17.0,10357,135.1,modelled_from_WPP_SA2,135.1,41.18,1.0,5.0,7.0,5.0
11103122731,111031227,Mayfield - Warabrook,core,0.1558,381336.6,6359125.8,151.7312067,-32.8996341,573,275,1.0,6.0,2.0,0.0,0.0,2.0,0.0,1.0,3.0,53.6,10357,426.1,modelled_from_WPP_SA2,426.1,11.96,68.5,33.0,11.0,44.0
11103122732,111031227,Mayfield - Warabrook,core,0.158,381553.3,6359427.6,151.7335617,-32.896936,530,260,1.0,2.0,1.0,1.0,3.0,2.0,0.0,6.0,1.0,75.2,10357,597.8,modelled_from_WPP_SA2,597.8,43.6,27.0,40.0,30.0,27.0
11103122733,111031227,Mayfield - Warabrook,core,0.4789,380962.5,6359654.5,151.7272754,-32.8948257,443,171,1.0,6.0,3.0,3.0,2.0,0.0,1.0,10.0,6.0,129.2,10357,1027.1,modelled_from_WPP_SA2,1027.1,103.86,77.0,57.0,41.0,67.0
11103122734,111031227,Mayfield - Warabrook,core,0.1152,381743.9,6359677.5,151.7356319,-32.8947033,466,206,0.0,3.0,2.0,0.0,0.0,0.0,0.0,2.0,0.0,26.0,10357,206.7,modelled_from_WPP_SA2,206.7,10.32,39.0,18.0,2.0,27.0
11103122735,111031227,Mayfield - Warabrook,core,0.111,381479.5,6359826.5,151.7328247,-32.8933308,418,203,0.0,0.0,2.0,0.0,0.0,1.0,0.0,0.0,0.0,14.0,10357,111.3,modelled_from_WPP_SA2,111.3,8.36,8.0,15.0,0.0,10.0
11103122736,111031227,Mayfield - Warabrook,core,0.1943,383027.1,6359435.3,151.7493176,-32.8970251,636,265,0.0,0.0,0.0,1.0,0.0,1.0,0.0,3.0,0.0,20.0,10357,159.0,modelled_from_WPP_SA2,159.0,44.22,1.5,11.0,8.0,6.0
11103122801,111031228,Merewether - The Junction,core,0.1544,381459.6,6353667.4,151.7318192,-32.9488726,592,177,0.0,0.0,0.0,0.0,0.0,0.0,0.0,1.0,1.0,1.2,4087,6.4,modelled_from_WPP_SA2,6.4,12.34,0.5,1.0,1.0,1.0
11103122802,111031228,Merewether - The Junction,core,0.2357,381310.8,6353994.9,151.7302705,-32.9459034,547,192,0.0,0.0,0.0,0.0,0.0,0.0,0.0,0.0,0.0,0.0,4087,0.0,modelled_from_WPP_SA2,0.0,10.94,0.0,0.0,0.0,0.0
11103122803,111031228,Merewether - The Junction,core,2.8352,382087.2,6353003.1,151.7384474,-32.9549316,0,0,0.0,0.0,0.0,0.0,0.0,4.0,10.0,4.0,0.0,42.0,4087,223.2,modelled_from_WPP_SA2,223.2,2.0,2.0,54.0,4.0,4.0
11103122804,111031228,Merewether - The Junction,core,0.0966,382878.2,6354109.1,151.7470491,-32.9450427,322,119,0.0,0.0,0.0,0.0,0.0,0.0,0.0,0.0,1.0,0.2,4087,1.1,modelled_from_WPP_SA2,1.1,6.44,0.0,0.0,0.0,0.0
11103122805,111031228,Merewether - The Junction,core,0.1082,383202.8,6353408.9,151.7504316,-32.951392,292,114,0.0,0.0,0.0,0.0,0.0,0.0,1.0,1.0,1.0,4.2,4087,22.3,modelled_from_WPP_SA2,22.3,6.34,0.5,4.0,1.0,1.0
11103122806,111031228,Merewether - The Junction,core,0.2375,382986.0,6353702.4,151.7481508,-32.9487218,528,182,0.0,0.0,0.0,0.0,0.0,4.0,0.0,1.0,1.0,9.2,4087,48.9,modelled_from_WPP_SA2,48.9,11.06,0.5,21.0,1.0,1.0
11103122807,111031228,Merewether - The Junction,core,0.1705,383300.9,6353899.9,151.7515434,-32.9469747,707,252,0.0,0.0,0.0,0.0,0.0,0.0,0.0,0.0,0.0,0.0,4087,0.0,modelled_from_WPP_SA2,0.0,14.14,0.0,0.0,0.0,0.0
11103122808,111031228,Merewether - The Junction,core,0.1621,382635.1,6354148.0,151.7444544,-32.944666,461,157,0.0,0.0,0.0,0.0,0.0,3.0,0.0,0.0,1.0,6.2,4087,32.9,modelled_from_WPP_SA2,32.9,9.22,0.0,15.0,0.0,0.0
11103122809,111031228,Merewether - The Junction,core,0.1442,384283.4,6354997.5,151.76219,-32.9371801,485,238,0.0,1.0,8.0,0.0,2.0,0.0,0.0,9.0,11.0,79.2,4087,420.8,modelled_from_WPP_SA2,420.8,14.200000000000001,46.5,59.0,15.0,54.0
11103122810,111031228,Merewether - The Junction,core,0.1786,383894.9,6355060.2,151.7580434,-32.9365741,537,280,0.0,2.0,2.0,2.0,1.0,2.0,0.0,4.0,12.0,68.4,4087,363.4,modelled_from_WPP_SA2,363.4,72.74,30.0,38.0,17.0,30.0
11103122811,111031228,Merewether - The Junction,core,0.1724,383471.8,6355318.8,151.7535517,-32.9341965,550,180,0.0,0.0,0.0,1.0,0.0,2.0,0.0,0.0,5.0,20.0,4087,106.3,modelled_from_WPP_SA2,106.3,41.0,0.0,13.0,5.0,3.0
11103122812,111031228,Merewether - The Junction,core,0.1456,383329.4,6355002.2,151.7519883,-32.9370368,525,175,0.0,0.0,0.0,0.0,0.0,1.0,0.0,0.0,5.0,3.0,4087,15.9,modelled_from_WPP_SA2,15.9,10.5,0.0,5.0,0.0,0.0
11103122813,111031228,Merewether - The Junction,core,0.1709,382091.6,6354961.4,151.7387447,-32.9372718,492,193,0.0,0.0,1.0,1.0,0.0,6.0,0.0,0.0,0.0,33.0,4087,175.3,modelled_from_WPP_SA2,175.3,39.84,4.0,38.0,5.0,8.0
11103122814,111031228,Merewether - The Junction,core,0.1359,384152.4,6354676.9,151.7607493,-32.9400584,471,213,0.0,2.0,0.0,1.0,0.0,0.0,0.0,0.0,10.0,25.0,4087,132.8,modelled_from_WPP_SA2,132.8,39.42,20.0,7.0,5.0,13.0
11103122815,111031228,Merewether - The Junction,core,0.0663,383286.9,6354750.8,151.7515013,-32.9392989,320,159,0.0,0.0,0.0,0.0,0.0,0.0,0.0,0.0,1.0,0.2,4087,1.1,modelled_from_WPP_SA2,1.1,6.4,0.0,0.0,0.0,0.0
11103122816,111031228,Merewether - The Junction,core,0.0552,383004.7,6354697.0,151.748477,-32.9397547,316,180,0.0,0.0,0.0,0.0,0.0,0.0,0.0,0.0,0.0,0.0,4087,0.0,modelled_from_WPP_SA2,0.0,6.32,0.0,0.0,0.0,0.0
11103122817,111031228,Merewether - The Junction,core,0.1252,382694.6,6354675.6,151.7451574,-32.9399139,620,329,0.0,0.0,0.0,0.0,0.0,0.0,0.0,2.0,1.0,2.2,4087,11.7,modelled_from_WPP_SA2,11.7,13.4,1.0,2.0,2.0,2.0
11103122818,111031228,Merewether - The Junction,core,0.2656,382292.2,6354276.5,151.7408027,-32.9434699,647,236,0.0,0.0,0.0,0.0,0.0,5.0,0.0,0.0,1.0,10.2,4087,54.2,modelled_from_WPP_SA2,54.2,12.94,0.0,25.0,0.0,0.0
11103122819,111031228,Merewether - The Junction,core,0.0887,382321.6,6354662.0,151.7411671,-32.9399965,303,109,0.0,1.0,0.0,0.0,0.0,1.0,0.0,0.0,0.0,6.0,4087,31.9,modelled_from_WPP_SA2,31.9,6.0600000000000005,10.0,7.0,0.0,5.0
11103122820,111031228,Merewether - The Junction,core,0.2283,382052.3,6354535.4,151.73827,-32.9411092,511,196,0.0,0.0,0.0,0.0,0.0,0.0,0.0,0.0,1.0,0.2,4087,1.1,modelled_from_WPP_SA2,1.1,10.22,0.0,0.0,0.0,0.0
11103122821,111031228,Merewether - The Junction,core,0.1927,381855.1,6353997.6,151.7360926,-32.9459378,433,157,0.0,0.0,0.0,1.0,0.0,0.0,0.0,0.0,2.0,15.4,4087,81.8,modelled_from_WPP_SA2,81.8,38.66,0.0,3.0,5.0,3.0
11103122822,111031228,Merewether - The Junction,core,0.0998,382697.4,6354840.3,151.7452082,-32.938429,371,156,0.0,0.0,0.0,0.0,0.0,0.0,0.0,0.0,1.0,0.2,4087,1.1,modelled_from_WPP_SA2,1.1,7.42,0.0,0.0,0.0,0.0
11103122823,111031228,Merewether - The Junction,core,0.0447,383382.4,6354654.1,151.7525113,-32.9401816,286,159,0.0,0.0,0.0,0.0,0.0,0.0,0.0,1.0,0.0,1.0,4087,5.3,modelled_from_WPP_SA2,5.3,6.22,0.5,1.0,1.0,1.0
11103122824,111031228,Merewether - The Junction,core,0.0767,383722.5,6354689.0,151.7561528,-32.939903,293,155,0.0,0.0,1.0,0.0,1.0,0.0,0.0,1.0,1.0,15.2,4087,80.8,modelled_from_WPP_SA2,80.8,6.36,4.5,10.0,4.0,6.0
11103122825,111031228,Merewether - The Junction,core,0.0746,383418.2,6354496.6,151.752874,-32.9416055,371,172,0.0,3.0,2.0,0.0,0.0,1.0,0.0,1.0,2.0,27.4,4087,145.6,modelled_from_WPP_SA2,145.6,7.92,38.5,22.0,1.0,26.0
11103122826,111031228,Merewether - The Junction,core,0.1196,384193.8,6354511.3,151.7611713,-32.9415558,695,319,0.0,0.0,0.0,0.0,0.0,0.0,0.0,0.0,1.0,0.2,4087,1.1,modelled_from_WPP_SA2,1.1,13.9,0.0,0.0,0.0,0.0
11103122827,111031228,Merewether - The Junction,core,0.1812,384056.5,6354157.8,151.7596582,-32.944729,453,247,0.0,0.0,0.0,0.0,0.0,14.0,0.0,45.0,2.0,73.4,4087,390.0,modelled_from_WPP_SA2,390.0,31.560000000000002,22.5,115.0,45.0,45.0
11103122828,111031228,Merewether - The Junction,core,0.1,383842.8,6353886.5,151.7573377,-32.9471535,337,138,0.0,0.0,1.0,0.0,0.0,25.0,0.0,115.0,3.0,171.6,4087,911.8,modelled_from_WPP_SA2,911.8,64.24,61.5,245.0,115.0,120.0
11103122829,111031228,Merewether - The Junction,core,0.1232,383654.3,6354188.0,151.7553603,-32.9444142,641,295,0.0,0.0,0.0,0.0,0.0,0.0,0.0,0.0,3.0,0.6000000000000001,4087,3.2,modelled_from_WPP_SA2,3.2,12.82,0.0,0.0,0.0,0.0
11103122830,111031228,Merewether - The Junction,core,0.1409,383559.8,6354366.7,151.7543717,-32.9427927,382,198,0.0,0.0,1.0,0.0,0.0,4.0,0.0,0.0,0.0,14.0,4087,74.4,modelled_from_WPP_SA2,74.4,7.640000000000001,4.0,25.0,0.0,5.0
11103122831,111031228,Merewether - The Junction,core,0.1526,383099.6,6354375.1,151.7494514,-32.9426675,520,201,0.0,0.0,0.0,1.0,0.0,5.0,0.0,2.0,1.0,27.2,4087,144.5,modelled_from_WPP_SA2,144.5,41.4,1.0,30.0,7.0,5.0
11103122832,111031228,Merewether - The Junction,core,0.1595,383550.9,6353679.4,151.7541899,-32.9489894,497,222,0.0,0.0,3.0,1.0,0.0,21.0,0.0,37.0,3.0,112.6,4087,598.3,modelled_from_WPP_SA2,598.3,58.44,30.5,160.0,42.0,55.0
11103122901,111031229,Newcastle - Cooks Hill,core,0.0655,384993.8,6355299.4,151.7698252,-32.9345327,453,268,0.0,2.0,0.0,0.0,0.0,2.0,0.0,0.0,4.0,12.8,21415,60.2,modelled_from_WPP_SA2,60.2,9.06,20.0,14.0,0.0,10.0
11103122902,111031229,Newcastle - Cooks Hill,core,0.1237,384828.0,6355400.5,151.768065,-32.9336039,533,288,0.0,1.0,1.0,1.0,0.0,8.0,0.0,1.0,5.0,43.0,21415,202.3,modelled_from_WPP_SA2,202.3,41.16,14.5,51.0,6.0,14.0
11103122903,111031229,Newcastle - Cooks Hill,core,0.3003,385359.0,6356285.3,151.7738541,-32.9256801,932,656,1.0,7.0,31.0,0.0,0.0,33.0,14.0,121.0,2.0,455.4,21415,2142.1,modelled_from_WPP_SA2,2142.1,79.14,254.5,497.0,131.0,314.0
11103122905,111031229,Newcastle - Cooks Hill,core,0.1723,385803.9,6356042.7,151.7785815,-32.9279141,962,625,1.0,14.0,19.0,2.0,4.0,9.0,2.0,57.0,3.0,325.6,21415,1531.5,modelled_from_WPP_SA2,1531.5,107.74000000000001,244.5,253.0,89.0,231.0
11103122906,111031229,Newcastle - Cooks Hill,core,0.1904,385124.6,6356051.6,151.7713182,-32.9277631,320,188,6.0,17.0,35.0,4.0,1.0,23.0,9.0,91.0,1.0,582.2,21415,2738.5,modelled_from_WPP_SA2,2738.5,171.9,355.5,458.0,174.0,381.0
11103122908,111031229,Newcastle - Cooks Hill,core,0.0281,386640.3,6356070.2,151.7875288,-32.9277532,373,218,0.0,1.0,2.0,0.0,0.0,2.0,1.0,2.0,5.0,26.0,21415,122.3,modelled_from_WPP_SA2,122.3,8.46,19.0,27.0,2.0,17.0
11103122909,111031229,Newcastle - Cooks Hill,core,0.086,385863.4,6355760.8,151.7791829,-32.9304626,374,195,0.0,0.0,0.0,1.0,0.0,7.0,0.0,2.0,6.0,32.2,21415,151.5,modelled_from_WPP_SA2,151.5,38.480000000000004,1.0,40.0,7.0,5.0
11103122910,111031229,Newcastle - Cooks Hill,core,0.0808,385551.1,6355875.5,151.7758572,-32.9293957,339,188,0.0,1.0,0.0,3.0,0.0,15.0,0.0,40.0,5.0,120.0,21415,564.4,modelled_from_WPP_SA2,564.4,116.78,30.0,126.0,55.0,54.0
11103122911,111031229,Newcastle - Cooks Hill,core,0.1888,385623.3,6355165.6,151.7765415,-32.9358053,691,343,0.0,0.0,0.0,0.0,0.0,21.0,2.0,5.0,4.0,53.8,21415,253.1,modelled_from_WPP_SA2,253.1,16.32,2.5,116.0,5.0,5.0
11103122912,111031229,Newcastle - Cooks Hill,core,0.029,386742.9,6356042.4,151.7886227,-32.9280152,357,185,0.0,0.0,2.0,0.0,0.0,1.0,0.0,4.0,5.0,19.0,21415,89.4,modelled_from_WPP_SA2,89.4,9.14,10.0,19.0,4.0,14.0
11103122913,111031229,Newcastle - Cooks Hill,core,0.4715,387014.0,6356588.6,151.7915887,-32.9231172,325,194,0.0,0.0,6.0,0.0,0.0,67.0,6.0,519.0,7.0,708.4,21415,3332.1,modelled_from_WPP_SA2,3332.1,266.0,283.5,902.0,519.0,549.0
11103122914,111031229,Newcastle - Cooks Hill,core,0.3036,384147.1,6355606.2,151.7608094,-32.9316763,0,0,0.0,0.0,0.0,1.0,0.0,63.0,0.0,6.0,0.0,147.0,21415,691.4,modelled_from_WPP_SA2,691.4,33.0,3.0,324.0,11.0,9.0
11103122916,111031229,Newcastle - Cooks Hill,core,0.0757,384687.7,6355681.0,151.7666002,-32.9310589,459,211,0.0,2.0,1.0,0.0,0.0,0.0,2.0,3.0,4.0,23.8,21415,111.9,modelled_from_WPP_SA2,111.9,10.68,25.5,18.0,3.0,18.0
11103122917,111031229,Newcastle - Cooks Hill,core,0.0893,385066.8,6355713.8,151.7706577,-32.9308031,390,181,3.0,13.0,13.0,3.0,0.0,34.0,2.0,101.0,9.0,387.8,21415,1824.1,modelled_from_WPP_SA2,1824.1,148.3,232.5,377.0,146.0,249.0
11103122918,111031229,Newcastle - Cooks Hill,core,0.0569,384851.5,6355802.8,151.7683664,-32.9299782,371,197,0.0,0.0,2.0,2.0,0.0,1.0,1.0,1.0,10.0,50.0,21415,235.2,modelled_from_WPP_SA2,235.2,67.92,8.5,25.0,11.0,17.0
11103122919,111031229,Newcastle - Cooks Hill,core,0.103,385334.2,6355667.7,151.7735116,-32.9312472,507,234,2.0,12.0,16.0,0.0,2.0,21.0,0.0,42.0,15.0,271.0,21415,1274.7,modelled_from_WPP_SA2,1274.7,31.14,205.0,259.0,68.0,188.0
11103122920,111031229,Newcastle - Cooks Hill,core,0.0611,384570.3,6355455.6,151.7653156,-32.9330794,232,96,0.0,0.0,0.0,0.0,0.0,0.0,0.0,0.0,2.0,0.4,21415,1.9,modelled_from_WPP_SA2,1.9,4.64,0.0,0.0,0.0,0.0
11103122921,111031229,Newcastle - Cooks Hill,core,0.1943,384742.1,6354573.1,151.7670429,-32.9410563,213,84,0.0,3.0,2.0,0.0,0.0,29.0,5.0,33.0,4.0,130.8,21415,615.2,modelled_from_WPP_SA2,615.2,20.759999999999998,54.5,209.0,33.0,58.0
11103122922,111031229,Newcastle - Cooks Hill,core,0.1654,385101.6,6354819.9,151.7709186,-32.9388685,406,164,0.0,0.0,0.0,0.0,0.0,0.0,0.0,4.0,3.0,4.6,21415,21.6,modelled_from_WPP_SA2,21.6,10.120000000000001,2.0,4.0,4.0,4.0
11103122923,111031229,Newcastle - Cooks Hill,core,0.1679,385228.9,6355219.9,151.7723297,-32.9352749,545,357,0.0,0.0,0.0,0.0,0.0,21.0,0.0,4.0,6.0,47.2,21415,222.0,modelled_from_WPP_SA2,222.0,12.9,2.0,109.0,4.0,4.0
11103122924,111031229,Newcastle - Cooks Hill,core,0.0624,384795.4,6354969.1,151.7676626,-32.9374909,342,165,0.0,0.0,0.0,0.0,0.0,0.0,0.0,0.0,2.0,0.4,21415,1.9,modelled_from_WPP_SA2,1.9,6.84,0.0,0.0,0.0,0.0
11103122925,111031229,Newcastle - Cooks Hill,core,0.131,384534.8,6355154.6,151.7648986,-32.9357903,693,364,0.0,0.0,1.0,1.0,0.0,2.0,0.0,2.0,7.0,28.4,21415,133.6,modelled_from_WPP_SA2,133.6,44.86,5.0,20.0,7.0,10.0
11103122926,111031229,Newcastle - Cooks Hill,core,0.0815,385567.2,6355586.4,151.775994,-32.932005,368,194,0.0,0.0,0.0,0.0,0.0,17.0,0.0,9.0,4.0,43.8,21415,206.0,modelled_from_WPP_SA2,206.0,11.86,4.5,94.0,9.0,9.0
11103122927,111031229,Newcastle - Cooks Hill,core,0.3417,385952.7,6355570.0,151.7801146,-32.9321927,391,242,0.0,4.0,10.0,1.0,1.0,24.0,9.0,40.0,0.0,214.0,21415,1006.6,modelled_from_WPP_SA2,1006.6,57.82,100.0,252.0,48.0,113.0
11103122928,111031229,Newcastle - Cooks Hill,core,0.0529,386460.8,6356049.0,151.7856073,-32.9279262,391,270,0.0,5.0,11.0,1.0,0.0,5.0,3.0,20.0,0.0,140.0,21415,658.5,modelled_from_WPP_SA2,658.5,47.82,104.0,122.0,25.0,103.0
11103122929,111031229,Newcastle - Cooks Hill,core,0.1319,384464.7,6355887.9,151.7642408,-32.9291694,419,272,1.0,14.0,6.0,0.0,1.0,1.0,0.0,16.0,9.0,131.8,21415,619.9,modelled_from_WPP_SA2,619.9,16.380000000000003,172.0,83.0,29.0,119.0
11103122930,111031229,Newcastle - Cooks Hill,core,0.0785,386368.5,6355735.0,151.7845808,-32.9307481,481,449,0.0,0.0,5.0,0.0,0.0,19.0,2.0,22.0,0.0,96.0,21415,451.6,modelled_from_WPP_SA2,451.6,20.62,31.0,148.0,22.0,47.0
11103122931,111031229,Newcastle - Cooks Hill,core,0.1191,384469.6,6356157.5,151.7643267,-32.926739,482,327,3.0,10.0,19.0,3.0,3.0,24.0,7.0,37.0,2.0,365.4,21415,1718.7,modelled_from_WPP_SA2,1718.7,118.14,194.5,314.0,91.0,200.0
11103122932,111031229,Newcastle - Cooks Hill,core,0.0231,386180.2,6356094.6,151.7826116,-32.9274853,459,279,1.0,7.0,7.0,0.0,0.0,1.0,1.0,5.0,0.0,92.0,21415,432.7,modelled_from_WPP_SA2,432.7,11.68,100.5,62.0,15.0,78.0
11103123001,111031230,Newcastle Port - Kooragang,core,30.8447,384382.6,6361495.4,151.7640659,-32.87859,31,10,0.0,2.0,1.0,0.0,0.0,13.0,9.0,175.0,18.0,245.6,3070,3070.0,modelled_from_WPP_SA2,3070.0,88.12,111.5,276.0,175.0,190.0
11103123101,111031231,Shortland - Jesmond,core,0.1901,377933.6,6360424.8,151.6950002,-32.8875452,461,210,0.0,1.0,1.0,3.0,0.0,1.0,0.0,1.0,0.0,58.0,7339,81.4,modelled_from_WPP_SA2,81.4,99.72,14.5,22.0,16.0,20.0
11103123102,111031231,Shortland - Jesmond,core,0.1518,377558.8,6360560.6,151.691013,-32.8862784,425,170,0.0,0.0,0.0,0.0,0.0,0.0,0.0,0.0,0.0,0.0,7339,0.0,modelled_from_WPP_SA2,0.0,8.5,0.0,0.0,0.0,0.0
11103123103,111031231,Shortland - Jesmond,core,0.1446,377946.6,6359840.7,151.695062,-32.8928145,440,194,0.0,1.0,0.0,1.0,0.0,1.0,1.0,1.0,0.0,25.0,7339,35.1,modelled_from_WPP_SA2,35.1,39.3,10.5,14.0,6.0,9.0
11103123104,111031231,Shortland - Jesmond,core,0.1915,377590.6,6359885.6,151.6912625,-32.8923698,725,270,0.0,0.0,0.0,0.0,0.0,0.0,0.0,0.0,0.0,0.0,7339,0.0,modelled_from_WPP_SA2,0.0,14.5,0.0,0.0,0.0,0.0
11103123105,111031231,Shortland - Jesmond,core,2.3096,378858.1,6362529.5,151.7051581,-32.8686674,276,76,0.0,1.0,0.0,0.0,0.0,0.0,0.0,16.0,15.0,23.0,7339,32.3,modelled_from_WPP_SA2,32.3,13.52,18.0,18.0,16.0,21.0
11103123106,111031231,Shortland - Jesmond,core,1.0873,378571.7,6361103.7,151.7019103,-32.8814932,238,137,0.0,0.0,0.0,0.0,0.0,9.0,0.0,7.0,1.0,25.2,7339,35.3,modelled_from_WPP_SA2,35.3,8.26,3.5,52.0,7.0,7.0
11103123107,111031231,Shortland - Jesmond,core,1.5197,378017.3,6362649.3,151.6961892,-32.8674934,80,30,0.0,0.0,1.0,1.0,0.0,16.0,20.0,26.0,2.0,139.4,7339,195.5,modelled_from_WPP_SA2,195.5,44.6,17.0,174.0,31.0,34.0
11103123108,111031231,Shortland - Jesmond,core,0.199,377514.2,6362170.3,151.6907491,-32.8717574,522,213,0.0,0.0,0.0,0.0,0.0,2.0,0.0,0.0,0.0,4.0,7339,5.6,modelled_from_WPP_SA2,5.6,10.44,0.0,10.0,0.0,0.0
11103123109,111031231,Shortland - Jesmond,core,0.663,377185.0,6361838.5,151.6871867,-32.8747119,632,264,0.0,0.0,0.0,0.0,0.0,0.0,0.0,0.0,0.0,0.0,7339,0.0,modelled_from_WPP_SA2,0.0,12.64,0.0,0.0,0.0,0.0
11103123110,111031231,Shortland - Jesmond,core,0.3316,377936.5,6361236.9,151.6951384,-32.8802214,586,250,0.0,0.0,1.0,2.0,1.0,16.0,0.0,10.0,2.0,86.4,7339,121.2,modelled_from_WPP_SA2,121.2,76.72,9.0,105.0,23.0,21.0
11103123111,111031231,Shortland - Jesmond,core,0.2219,377513.7,6361279.5,151.6906259,-32.8797906,521,238,0.0,0.0,0.0,0.0,0.0,1.0,0.0,1.0,0.0,3.0,7339,4.2,modelled_from_WPP_SA2,4.2,10.92,0.5,6.0,1.0,1.0
11103123112,111031231,Shortland - Jesmond,core,1.8208,376699.3,6360895.3,151.6818702,-32.8831636,0,0,0.0,0.0,0.0,0.0,0.0,3.0,0.0,1.0,0.0,7.0,7339,9.8,modelled_from_WPP_SA2,9.8,0.5,0.5,16.0,1.0,1.0
11103123113,111031231,Shortland - Jesmond,core,0.2267,377639.4,6360803.4,151.6919057,-32.884098,617,262,0.0,6.0,2.0,0.0,0.0,1.0,0.0,2.0,2.0,40.4,7339,56.7,modelled_from_WPP_SA2,56.7,13.34,69.0,29.0,2.0,42.0
11103123114,111031231,Shortland - Jesmond,core,0.1849,377530.4,6359540.0,151.6905732,-32.8954789,738,271,0.0,0.0,0.0,1.0,0.0,1.0,0.0,3.0,0.0,20.0,7339,28.1,modelled_from_WPP_SA2,28.1,46.26,1.5,11.0,8.0,6.0
11103123115,111031231,Shortland - Jesmond,core,0.1438,377309.8,6360278.9,151.6883133,-32.8887912,455,197,0.0,0.0,0.0,0.0,0.0,0.0,0.0,0.0,0.0,0.0,7339,0.0,modelled_from_WPP_SA2,0.0,9.1,0.0,0.0,0.0,0.0
11103123116,111031231,Shortland - Jesmond,core,0.1869,377122.4,6359766.5,151.6862418,-32.893391,483,199,0.0,0.0,0.0,0.0,0.0,4.0,0.0,1.0,0.0,9.0,7339,12.6,modelled_from_WPP_SA2,12.6,10.16,0.5,21.0,1.0,1.0
11103123117,111031231,Shortland - Jesmond,core,0.078,376849.6,6359496.1,151.6832901,-32.8957986,211,90,0.0,0.0,0.0,0.0,0.0,0.0,0.0,1.0,1.0,1.2,7339,1.7,modelled_from_WPP_SA2,1.7,4.72,0.5,1.0,1.0,1.0
11103123118,111031231,Shortland - Jesmond,core,0.1897,377444.8,6358921.0,151.6895764,-32.9010515,220,91,1.0,8.0,19.0,0.0,0.0,10.0,0.0,280.0,2.0,458.4,7339,643.0,modelled_from_WPP_SA2,643.0,144.4,296.0,441.0,290.0,418.0
11103123119,111031231,Shortland - Jesmond,core,0.1152,377759.7,6359153.4,151.6929736,-32.8989915,575,206,0.0,0.0,0.0,0.0,0.0,0.0,0.0,0.0,1.0,0.2,7339,0.3,modelled_from_WPP_SA2,0.3,11.5,0.0,0.0,0.0,0.0
11103123120,111031231,Shortland - Jesmond,core,0.0957,377662.5,6358620.4,151.6918632,-32.9037875,333,177,0.0,3.0,1.0,0.0,2.0,3.0,0.0,6.0,17.0,49.4,7339,69.3,modelled_from_WPP_SA2,69.3,9.66,37.0,40.0,12.0,26.0
11103123121,111031231,Shortland - Jesmond,core,0.089,377825.3,6358474.8,151.6935852,-32.9051183,377,145,0.0,0.0,0.0,0.0,0.0,0.0,0.0,1.0,0.0,1.0,7339,1.4,modelled_from_WPP_SA2,1.4,8.04,0.5,1.0,1.0,1.0
11103123122,111031231,Shortland - Jesmond,core,0.1215,378148.3,6358375.5,151.6970249,-32.9060496,476,189,0.0,0.0,0.0,1.0,0.0,0.0,0.0,1.0,1.0,16.2,7339,22.7,modelled_from_WPP_SA2,22.7,40.019999999999996,0.5,4.0,6.0,4.0
11103123123,111031231,Shortland - Jesmond,core,0.1566,378142.6,6358691.7,151.6970054,-32.9031976,662,243,0.0,0.0,0.0,1.0,0.0,0.0,0.0,0.0,1.0,15.2,7339,21.3,modelled_from_WPP_SA2,21.3,43.24,0.0,3.0,5.0,3.0
11103123124,111031231,Shortland - Jesmond,core,0.3411,378204.3,6359154.9,151.6977264,-32.899027,715,252,0.0,0.0,0.0,2.0,0.0,8.0,0.0,232.0,1.0,278.2,7339,390.2,modelled_from_WPP_SA2,390.2,190.3,116.0,278.0,242.0,238.0
11103123125,111031231,Shortland - Jesmond,core,1.7899,378843.5,6360135.8,151.7046875,-32.8902526,1358,0,0.0,0.0,11.0,5.0,1.0,249.0,10.0,3206.0,0.0,3883.0,7339,5446.3,modelled_from_WPP_SA2,5446.3,1780.16,1647.0,4555.0,3234.0,3276.0
11103123126,111031231,Shortland - Jesmond,core,0.1536,377249.3,6359200.4,151.687523,-32.89851,449,185,0.0,0.0,0.0,1.0,0.0,1.0,0.0,72.0,1.0,89.2,7339,125.1,modelled_from_WPP_SA2,125.1,74.98,36.0,80.0,77.0,75.0
11103123201,111031232,Stockton - Fullerton Cove,core,0.1522,386501.7,6358381.8,151.7863318,-32.9068922,397,158,0.0,0.0,0.0,0.0,0.0,0.0,0.0,0.0,0.0,0.0,1227,0.0,modelled_from_WPP_SA2,0.0,7.94,0.0,0.0,0.0,0.0
11103123202,111031232,Stockton - Fullerton Cove,core,0.1642,386167.4,6358471.5,151.7827685,-32.9060482,454,189,0.0,0.0,0.0,0.0,0.0,0.0,1.0,2.0,0.0,5.0,1227,10.6,modelled_from_WPP_SA2,10.6,10.08,1.0,5.0,2.0,2.0
11103123203,111031232,Stockton - Fullerton Cove,core,0.2693,386638.7,6357805.9,151.7877257,-32.9121004,377,174,0.0,0.0,1.0,1.0,0.0,13.0,1.0,3.0,2.0,53.4,1227,113.6,modelled_from_WPP_SA2,113.6,39.04,5.5,79.0,8.0,11.0
11103123204,111031232,Stockton - Fullerton Cove,core,0.3031,386588.8,6357203.2,151.7871172,-32.91753,477,256,0.0,0.0,2.0,1.0,0.0,9.0,1.0,10.0,4.0,58.8,1227,125.1,modelled_from_WPP_SA2,125.1,44.54,13.0,71.0,15.0,23.0
11103123205,111031232,Stockton - Fullerton Cove,core,0.2021,386075.2,6357265.7,151.781634,-32.9169129,482,231,0.0,3.0,4.0,3.0,1.0,1.0,0.0,5.0,7.0,97.4,1227,207.2,modelled_from_WPP_SA2,207.2,102.14,48.5,49.0,23.0,49.0
11103123206,111031232,Stockton - Fullerton Cove,core,0.1548,385980.1,6357619.4,151.7806602,-32.9137136,328,139,0.0,0.0,0.0,0.0,0.0,0.0,0.0,4.0,0.0,4.0,1227,8.5,modelled_from_WPP_SA2,8.5,8.56,2.0,4.0,4.0,4.0
11103123207,111031232,Stockton - Fullerton Cove,core,0.1689,386336.3,6357973.6,151.7845126,-32.9105564,528,201,0.0,0.0,0.0,0.0,0.0,2.0,0.0,5.0,2.0,9.4,1227,20.0,modelled_from_WPP_SA2,20.0,13.06,2.5,15.0,5.0,5.0
11103123208,111031232,Stockton - Fullerton Cove,core,0.1722,385947.9,6358061.6,151.7803705,-32.9097224,389,121,0.0,0.0,0.0,1.0,0.0,1.0,0.0,1.0,2.0,18.4,1227,39.1,modelled_from_WPP_SA2,39.1,38.28,0.5,9.0,6.0,4.0
11103123209,111031232,Stockton - Fullerton Cove,core,0.23,386502.2,6358927.9,151.7864038,-32.9019669,482,213,0.0,1.0,0.0,0.0,0.0,10.0,0.0,62.0,1.0,86.2,1227,183.4,modelled_from_WPP_SA2,183.4,40.64,41.0,114.0,62.0,67.0
11103123210,111031232,Stockton - Fullerton Cove,core,0.1558,386707.3,6359376.0,151.788652,-32.897947,122,57,0.0,0.0,0.0,0.0,0.0,3.0,0.0,3.0,0.0,9.0,1227,19.1,modelled_from_WPP_SA2,19.1,3.94,1.5,18.0,3.0,3.0
11103123211,111031232,Stockton - Fullerton Cove,core,1.7072,387435.6,6360681.2,151.7965966,-32.8862513,10,3,0.0,0.0,0.0,0.0,0.0,5.0,0.0,3.0,1.0,13.2,1227,28.1,modelled_from_WPP_SA2,28.1,1.7,1.5,28.0,3.0,3.0
11103123213,111031232,Stockton - Fullerton Cove,core,0.2674,387627.0,6363364.4,151.7989682,-32.8620723,716,482,0.0,0.0,0.0,0.0,0.0,4.0,0.0,0.0,0.0,8.0,1227,17.0,modelled_from_WPP_SA2,17.0,14.32,0.0,20.0,0.0,0.0
11103123216,111031232,Stockton - Fullerton Cove,core,4.6192,389241.6,6362913.4,151.8161675,-32.8663043,0,0,0.0,0.0,0.0,0.0,0.0,0.0,29.0,2.0,0.0,89.0,1227,189.3,modelled_from_WPP_SA2,189.3,1.0,1.0,89.0,2.0,2.0
11103123217,111031232,Stockton - Fullerton Cove,core,0.2831,386926.6,6363022.2,151.7914422,-32.8650867,424,245,0.0,0.0,0.0,0.0,1.0,1.0,0.0,1.0,1.0,11.2,1227,23.8,modelled_from_WPP_SA2,23.8,8.98,0.5,10.0,4.0,1.0
11103123218,111031232,Stockton - Fullerton Cove,core,0.3769,389076.2,6363778.6,151.8145041,-32.8584844,487,163,0.0,0.0,0.0,0.0,1.0,2.0,0.0,2.0,0.0,14.0,1227,29.8,modelled_from_WPP_SA2,29.8,10.74,1.0,16.0,5.0,2.0
11103123219,111031232,Stockton - Fullerton Cove,core,0.8513,389530.0,6363988.7,151.8193788,-32.8566353,644,237,0.0,0.0,0.0,0.0,0.0,2.0,0.0,0.0,0.0,4.0,1227,8.5,modelled_from_WPP_SA2,8.5,12.88,0.0,10.0,0.0,0.0
11103123220,111031232,Stockton - Fullerton Cove,core,0.7641,388297.8,6363684.3,151.8061756,-32.8592558,824,243,0.0,0.0,0.0,0.0,0.0,4.0,1.0,2.0,4.0,13.8,1227,29.4,modelled_from_WPP_SA2,29.4,17.48,1.0,25.0,2.0,2.0
11103123221,111031232,Stockton - Fullerton Cove,core,0.5392,387496.3,6363913.0,151.7976387,-32.8571117,441,230,0.0,0.0,0.0,0.0,0.0,2.0,0.0,1.0,3.0,5.6,1227,11.9,modelled_from_WPP_SA2,11.9,9.32,0.5,11.0,1.0,1.0
11103123222,111031232,Stockton - Fullerton Cove,core,17.9297,391988.7,6366004.4,151.8458865,-32.8387014,290,114,0.0,0.0,0.0,0.0,0.0,0.0,0.0,1.0,0.0,1.0,1227,2.1,modelled_from_WPP_SA2,2.1,6.3,0.5,1.0,1.0,1.0
11103123223,111031232,Stockton - Fullerton Cove,core,0.1565,389315.6,6363436.1,151.8170216,-32.861598,499,165,0.0,0.0,0.0,0.0,0.0,8.0,0.0,6.0,1.0,22.2,1227,47.2,modelled_from_WPP_SA2,47.2,12.98,3.0,46.0,6.0,6.0
11103123224,111031232,Stockton - Fullerton Cove,core,1.0304,387462.2,6362535.6,151.7971068,-32.8695298,442,187,0.0,1.0,1.0,2.0,0.0,4.0,0.0,5.0,1.0,53.2,1227,113.2,modelled_from_WPP_SA2,113.2,71.34,16.5,38.0,15.0,21.0
11103123301,111031233,Wallsend - Elermore Vale,core,0.1435,376541.1,6358790.9,151.6798981,-32.9021232,377,157,0.0,0.0,0.0,0.0,0.0,2.0,0.0,4.0,3.0,8.6,5946,41.4,modelled_from_WPP_SA2,41.4,9.54,2.0,14.0,4.0,4.0
11103123302,111031233,Wallsend - Elermore Vale,core,0.148,376083.9,6358885.2,151.6750232,-32.9012219,483,213,0.0,0.0,0.0,0.0,0.0,0.0,0.0,0.0,1.0,0.2,5946,1.0,modelled_from_WPP_SA2,1.0,9.66,0.0,0.0,0.0,0.0
11103123303,111031233,Wallsend - Elermore Vale,core,0.3161,375606.2,6358478.3,151.6698619,-32.9048367,555,254,0.0,4.0,3.0,5.0,0.0,15.0,0.0,13.0,7.0,153.4,5946,739.0,modelled_from_WPP_SA2,739.0,167.6,58.5,126.0,38.0,63.0
11103123304,111031233,Wallsend - Elermore Vale,core,0.3821,375189.1,6358757.7,151.6654406,-32.9022699,749,312,0.0,8.0,7.0,3.0,4.0,13.0,0.0,28.0,7.0,206.4,5946,994.4,modelled_from_WPP_SA2,994.4,118.98,122.0,169.0,55.0,112.0
11103123305,111031233,Wallsend - Elermore Vale,core,0.2475,374889.6,6358297.3,151.6621766,-32.9063872,624,296,0.0,0.0,0.0,1.0,0.0,0.0,0.0,0.0,3.0,15.6,5946,75.2,modelled_from_WPP_SA2,75.2,42.480000000000004,0.0,3.0,5.0,3.0
11103123306,111031233,Wallsend - Elermore Vale,core,0.2,374919.4,6357839.7,151.6624331,-32.9105173,530,231,0.0,0.0,0.0,0.0,0.0,0.0,1.0,3.0,3.0,6.6,5946,31.8,modelled_from_WPP_SA2,31.8,12.1,1.5,6.0,3.0,3.0
11103123307,111031233,Wallsend - Elermore Vale,core,0.3935,374326.4,6357099.9,151.6559924,-32.9171205,499,260,0.0,0.0,0.0,1.0,0.0,0.0,0.0,18.0,3.0,33.6,5946,161.9,modelled_from_WPP_SA2,161.9,48.980000000000004,9.0,21.0,23.0,21.0
11103123308,111031233,Wallsend - Elermore Vale,core,9.4189,372046.7,6359390.5,151.6319358,-32.8962001,0,0,0.0,1.0,0.0,0.0,0.0,1.0,1.0,17.0,0.0,26.0,5946,125.3,modelled_from_WPP_SA2,125.3,8.5,18.5,27.0,17.0,22.0
11103123309,111031233,Wallsend - Elermore Vale,core,0.2581,374721.9,6360092.0,151.6606274,-32.8901838,542,192,0.0,0.0,0.0,1.0,0.0,3.0,0.0,2.0,5.0,24.0,5946,115.6,modelled_from_WPP_SA2,115.6,41.84,1.0,20.0,7.0,5.0
11103123310,111031233,Wallsend - Elermore Vale,core,0.5304,374813.1,6359685.3,151.6615472,-32.8938614,782,340,0.0,0.0,2.0,1.0,0.0,4.0,0.0,3.0,3.0,38.6,5946,186.0,modelled_from_WPP_SA2,186.0,47.14,9.5,36.0,8.0,16.0
11103123311,111031233,Wallsend - Elermore Vale,core,1.0604,373832.0,6357499.9,151.6507615,-32.9134566,0,0,0.0,0.0,0.0,0.0,0.0,0.0,0.0,8.0,0.0,8.0,5946,38.5,modelled_from_WPP_SA2,38.5,4.0,4.0,8.0,8.0,8.0
11103123312,111031233,Wallsend - Elermore Vale,core,1.1499,376133.1,6359489.2,151.6756307,-32.8957797,526,212,1.0,1.0,1.0,1.0,0.0,31.0,0.0,10.0,6.0,110.2,5946,530.9,modelled_from_WPP_SA2,530.9,45.519999999999996,19.0,175.0,25.0,26.0
11103123313,111031233,Wallsend - Elermore Vale,core,0.1324,374865.6,6356947.8,151.6617364,-32.9185539,222,110,0.0,0.0,0.0,0.0,0.0,1.0,0.0,0.0,1.0,2.2,5946,10.6,modelled_from_WPP_SA2,10.6,4.44,0.0,5.0,0.0,0.0
11103123314,111031233,Wallsend - Elermore Vale,core,0.138,375137.0,6359400.1,151.6649705,-32.8964705,405,184,0.0,0.0,0.0,0.0,0.0,1.0,0.0,0.0,1.0,2.2,5946,10.6,modelled_from_WPP_SA2,10.6,8.1,0.0,5.0,0.0,0.0
11103123315,111031233,Wallsend - Elermore Vale,core,0.1917,375295.5,6359088.4,151.6666229,-32.8992993,494,227,2.0,4.0,5.0,0.0,1.0,2.0,1.0,16.0,2.0,101.4,5946,488.5,modelled_from_WPP_SA2,488.5,17.880000000000003,68.0,66.0,39.0,67.0
11103123316,111031233,Wallsend - Elermore Vale,core,0.2059,374948.7,6357294.9,151.6626724,-32.9154333,580,221,0.0,0.0,0.0,0.0,0.0,0.0,0.0,0.0,0.0,0.0,5946,0.0,modelled_from_WPP_SA2,0.0,11.6,0.0,0.0,0.0,0.0
11103123317,111031233,Wallsend - Elermore Vale,core,0.3485,377050.8,6358873.0,151.6853582,-32.901441,607,293,0.0,0.0,0.0,0.0,1.0,3.0,0.0,5.0,7.0,20.4,5946,98.3,modelled_from_WPP_SA2,98.3,14.64,2.5,24.0,8.0,5.0
11103123318,111031233,Wallsend - Elermore Vale,core,0.1975,376499.9,6359118.3,151.6795011,-32.8991666,385,163,0.0,0.0,0.0,0.0,0.0,1.0,1.0,84.0,1.0,89.2,5946,429.7,modelled_from_WPP_SA2,429.7,49.7,42.0,92.0,84.0,84.0
11103123319,111031233,Wallsend - Elermore Vale,core,0.365,375447.7,6356710.9,151.6679287,-32.9207571,791,244,0.0,0.0,0.0,0.0,0.0,6.0,0.0,3.0,4.0,15.8,5946,76.1,modelled_from_WPP_SA2,76.1,17.32,1.5,33.0,3.0,3.0
11103123320,111031233,Wallsend - Elermore Vale,core,0.1932,374419.7,6356820.8,151.6569514,-32.9196481,446,167,0.0,0.0,0.0,0.0,0.0,0.0,0.0,0.0,2.0,0.4,5946,1.9,modelled_from_WPP_SA2,1.9,8.92,0.0,0.0,0.0,0.0
11103123321,111031233,Wallsend - Elermore Vale,core,0.2114,374995.9,6356771.4,151.663106,-32.9201598,534,219,0.0,0.0,0.0,0.0,0.0,1.0,0.0,0.0,1.0,2.2,5946,10.6,modelled_from_WPP_SA2,10.6,10.68,0.0,5.0,0.0,0.0
11103123322,111031233,Wallsend - Elermore Vale,core,0.2226,375471.5,6357131.6,151.6682397,-32.9169657,437,164,0.0,0.0,0.0,1.0,0.0,1.0,0.0,0.0,4.0,17.8,5946,85.8,modelled_from_WPP_SA2,85.8,38.74,0.0,8.0,5.0,3.0
11103123323,111031233,Wallsend - Elermore Vale,core,0.332,376045.2,6356929.4,151.6743467,-32.9188549,455,194,0.0,2.0,1.0,2.0,0.0,11.0,0.0,12.0,4.0,78.8,5946,379.6,modelled_from_WPP_SA2,379.6,75.1,30.0,82.0,22.0,33.0
11103123324,111031233,Wallsend - Elermore Vale,core,0.1549,375935.8,6356503.3,151.6731193,-32.9226847,442,186,0.0,0.0,0.0,0.0,0.0,1.0,0.0,0.0,1.0,2.2,5946,10.6,modelled_from_WPP_SA2,10.6,8.84,0.0,5.0,0.0,0.0
11103123325,111031233,Wallsend - Elermore Vale,core,0.2171,376312.6,6356482.2,151.6771459,-32.9229177,491,199,0.0,0.0,0.0,0.0,0.0,3.0,0.0,0.0,2.0,6.4,5946,30.8,modelled_from_WPP_SA2,30.8,9.82,0.0,15.0,0.0,0.0
11103123326,111031233,Wallsend - Elermore Vale,core,0.1978,377089.0,6356247.6,151.6854166,-32.9251214,228,95,0.0,0.0,0.0,0.0,0.0,0.0,0.0,1.0,0.0,1.0,5946,4.8,modelled_from_WPP_SA2,4.8,5.0600000000000005,0.5,1.0,1.0,1.0
11103123327,111031233,Wallsend - Elermore Vale,core,0.2169,376758.6,6356503.8,151.6819178,-32.922773,606,229,0.0,0.0,0.0,0.0,0.0,0.0,0.0,0.0,1.0,0.2,5946,1.0,modelled_from_WPP_SA2,1.0,12.120000000000001,0.0,0.0,0.0,0.0
11103123328,111031233,Wallsend - Elermore Vale,core,0.1709,376464.4,6357036.0,151.678843,-32.9179412,465,166,0.0,0.0,0.0,0.0,0.0,1.0,0.0,0.0,1.0,2.2,5946,10.6,modelled_from_WPP_SA2,10.6,9.3,0.0,5.0,0.0,0.0
11103123329,111031233,Wallsend - Elermore Vale,core,0.333,376815.1,6356770.2,151.6825572,-32.920377,413,142,0.0,0.0,0.0,0.0,0.0,0.0,0.0,0.0,1.0,0.2,5946,1.0,modelled_from_WPP_SA2,1.0,8.26,0.0,0.0,0.0,0.0
11103123330,111031233,Wallsend - Elermore Vale,core,0.4602,376805.3,6357420.5,151.6825397,-32.9145114,373,123,0.0,0.0,0.0,0.0,0.0,0.0,0.0,0.0,0.0,0.0,5946,0.0,modelled_from_WPP_SA2,0.0,7.46,0.0,0.0,0.0,0.0
11103123331,111031233,Wallsend - Elermore Vale,core,0.1463,376074.1,6357341.5,151.6747113,-32.915142,462,194,0.0,0.0,0.0,0.0,0.0,1.0,0.0,0.0,1.0,2.2,5946,10.6,modelled_from_WPP_SA2,10.6,9.24,0.0,5.0,0.0,0.0
11103123332,111031233,Wallsend - Elermore Vale,core,0.1307,375698.8,6358173.9,151.6708103,-32.9075925,362,164,0.0,2.0,0.0,1.0,0.0,0.0,0.0,4.0,2.0,27.4,5946,132.0,modelled_from_WPP_SA2,132.0,39.24,22.0,11.0,9.0,17.0
11103123333,111031233,Wallsend - Elermore Vale,core,0.1457,376276.3,6357729.6,151.6769254,-32.9116642,378,134,0.0,0.0,0.0,0.0,0.0,0.0,0.0,0.0,1.0,0.2,5946,1.0,modelled_from_WPP_SA2,1.0,7.5600000000000005,0.0,0.0,0.0,0.0
11103123334,111031233,Wallsend - Elermore Vale,core,0.1828,376114.0,6358090.9,151.6752381,-32.9083877,522,215,0.0,0.0,0.0,0.0,0.0,5.0,0.0,2.0,1.0,12.2,5946,58.8,modelled_from_WPP_SA2,58.8,11.44,1.0,27.0,2.0,2.0
11103123335,111031233,Wallsend - Elermore Vale,core,0.1876,376255.3,6358433.3,151.6767954,-32.9053164,686,226,0.0,1.0,2.0,1.0,0.0,4.0,0.0,6.0,3.0,45.6,5946,219.7,modelled_from_WPP_SA2,219.7,46.72,21.0,41.0,11.0,24.0
11103123336,111031233,Wallsend - Elermore Vale,core,0.2157,376496.8,6358304.9,151.6793599,-32.9065016,534,218,0.0,0.0,0.0,0.0,0.0,6.0,0.0,2.0,1.0,14.2,5946,68.4,modelled_from_WPP_SA2,68.4,11.68,1.0,32.0,2.0,2.0
11103123337,111031233,Wallsend - Elermore Vale,core,0.3557,375212.4,6357780.8,151.6655581,-32.911082,609,278,0.0,0.0,1.0,0.0,0.0,12.0,0.0,2.0,2.0,32.4,5946,156.1,modelled_from_WPP_SA2,156.1,13.18,5.0,67.0,2.0,7.0
11103123338,111031233,Wallsend - Elermore Vale,core,0.1915,376944.7,6357858.4,151.6840879,-32.9105786,401,137,0.0,0.0,0.0,0.0,0.0,0.0,0.0,0.0,1.0,0.2,5946,1.0,modelled_from_WPP_SA2,1.0,8.02,0.0,0.0,0.0,0.0
11103123339,111031233,Wallsend - Elermore Vale,core,0.346,377077.4,6358247.5,151.6855593,-32.9070841,419,187,0.0,1.0,0.0,0.0,0.0,2.0,4.0,15.0,1.0,35.2,5946,169.6,modelled_from_WPP_SA2,169.6,15.88,17.5,39.0,15.0,20.0
11103123340,111031233,Wallsend - Elermore Vale,core,0.1039,377129.8,6356013.4,151.6858216,-32.9272377,297,112,0.0,0.0,0.0,0.0,0.0,0.0,0.0,0.0,1.0,0.2,5946,1.0,modelled_from_WPP_SA2,1.0,5.94,0.0,0.0,0.0,0.0
11103123341,111031233,Wallsend - Elermore Vale,core,0.3915,374627.7,6359161.9,151.6594944,-32.89856,589,249,0.0,0.0,0.0,2.0,0.0,2.0,0.0,1.0,1.0,35.2,5946,169.6,modelled_from_WPP_SA2,169.6,72.28,0.5,17.0,11.0,7.0
11103123342,111031233,Wallsend - Elermore Vale,core,0.183,375857.8,6357577.4,151.6724304,-32.9129899,574,243,0.0,0.0,2.0,0.0,0.0,2.0,0.0,2.0,0.0,18.0,5946,86.7,modelled_from_WPP_SA2,86.7,12.48,9.0,22.0,2.0,12.0
11103123343,111031233,Wallsend - Elermore Vale,core,0.1788,375714.4,6357853.0,151.6709339,-32.9104884,532,230,0.0,0.0,0.0,0.0,0.0,0.0,0.0,0.0,1.0,0.2,5946,1.0,modelled_from_WPP_SA2,1.0,10.64,0.0,0.0,0.0,0.0
11103123344,111031233,Wallsend - Elermore Vale,core,0.2131,377397.3,6358052.0,151.6889531,-32.908883,545,239,0.0,0.0,0.0,0.0,0.0,2.0,0.0,33.0,1.0,37.2,5946,179.2,modelled_from_WPP_SA2,179.2,27.4,16.5,43.0,33.0,33.0
11103123401,111031234,Waratah - North Lambton,core,0.0958,381476.6,6358016.6,151.7325611,-32.9096522,379,174,1.0,4.0,0.0,1.0,0.0,1.0,0.0,2.0,3.0,47.6,6892,362.3,modelled_from_WPP_SA2,362.3,38.58,41.0,18.0,17.0,28.0
11103123402,111031234,Waratah - North Lambton,core,0.2051,378598.5,6358640.4,151.7018721,-32.9037115,654,274,0.0,0.0,0.0,0.0,0.0,3.0,0.0,0.0,0.0,6.0,6892,45.7,modelled_from_WPP_SA2,45.7,13.08,0.0,15.0,0.0,0.0
11103123403,111031234,Waratah - North Lambton,core,0.1598,379053.3,6358171.0,151.7066726,-32.9079951,574,211,0.0,0.0,0.0,0.0,0.0,0.0,0.0,0.0,0.0,0.0,6892,0.0,modelled_from_WPP_SA2,0.0,11.48,0.0,0.0,0.0,0.0
11103123404,111031234,Waratah - North Lambton,core,0.1217,380043.8,6359395.0,151.7174219,-32.8970653,403,163,0.0,0.0,0.0,1.0,0.0,2.0,0.0,0.0,2.0,19.4,6892,147.6,modelled_from_WPP_SA2,147.6,38.06,0.0,13.0,5.0,3.0
11103123405,111031234,Waratah - North Lambton,core,0.1242,379508.7,6358152.3,151.7115391,-32.9082136,344,135,0.0,0.0,0.0,0.0,0.0,3.0,0.0,2.0,4.0,8.8,6892,67.0,modelled_from_WPP_SA2,67.0,7.88,1.0,17.0,2.0,2.0
11103123406,111031234,Waratah - North Lambton,core,0.187,380385.9,6358223.2,151.7209261,-32.9076709,589,254,0.0,0.0,0.0,1.0,0.0,5.0,0.0,2.0,3.0,27.6,6892,210.0,modelled_from_WPP_SA2,210.0,42.78,1.0,30.0,7.0,5.0
11103123407,111031234,Waratah - North Lambton,core,0.2142,379985.6,6358245.8,151.7166505,-32.9074228,716,242,0.0,2.0,0.0,0.0,0.0,1.0,0.0,4.0,0.0,14.0,6892,106.5,modelled_from_WPP_SA2,106.5,16.32,22.0,13.0,4.0,14.0
11103123408,111031234,Waratah - North Lambton,core,0.2065,379702.9,6358432.4,151.7136525,-32.905709,348,152,0.0,0.0,0.0,0.0,0.0,2.0,0.0,0.0,0.0,4.0,6892,30.4,modelled_from_WPP_SA2,30.4,6.96,0.0,10.0,0.0,0.0
11103123409,111031234,Waratah - North Lambton,core,0.2949,379748.4,6358860.8,151.7141939,-32.9018504,414,180,0.0,0.0,0.0,0.0,0.0,4.0,0.0,1.0,1.0,9.2,6892,70.0,modelled_from_WPP_SA2,70.0,8.78,0.5,21.0,1.0,1.0
11103123410,111031234,Waratah - North Lambton,core,0.3914,380236.7,6358971.2,151.7194289,-32.9009084,723,185,1.0,2.0,0.0,1.0,1.0,8.0,0.0,12.0,0.0,71.0,6892,540.3,modelled_from_WPP_SA2,540.3,50.46,26.0,63.0,30.0,28.0
11103123411,111031234,Waratah - North Lambton,core,0.1303,379762.3,6359341.1,151.7144059,-32.8975207,297,130,0.0,0.0,0.0,1.0,0.0,0.0,0.0,0.0,1.0,15.2,6892,115.7,modelled_from_WPP_SA2,115.7,35.94,0.0,3.0,5.0,3.0
11103123412,111031234,Waratah - North Lambton,core,0.2289,379177.0,6359297.3,151.7081425,-32.8978515,483,197,0.0,0.0,0.0,0.0,0.0,6.0,0.0,1.0,0.0,13.0,6892,98.9,modelled_from_WPP_SA2,98.9,10.16,0.5,31.0,1.0,1.0
11103123413,111031234,Waratah - North Lambton,core,0.3908,378925.8,6359057.6,151.7054267,-32.8999853,516,224,0.0,0.0,0.0,0.0,0.0,1.0,0.0,1.0,0.0,3.0,6892,22.8,modelled_from_WPP_SA2,22.8,10.82,0.5,6.0,1.0,1.0
11103123414,111031234,Waratah - North Lambton,core,0.1354,381131.8,6358069.9,151.7288809,-32.909134,547,264,0.0,6.0,2.0,0.0,0.0,0.0,0.0,1.0,3.0,37.6,6892,286.2,modelled_from_WPP_SA2,286.2,11.44,68.5,23.0,1.0,41.0
11103123415,111031234,Waratah - North Lambton,core,0.1161,381770.8,6358165.9,151.7357252,-32.9083382,420,164,0.0,0.0,0.0,0.0,0.0,0.0,0.0,0.0,0.0,0.0,6892,0.0,modelled_from_WPP_SA2,0.0,8.4,0.0,0.0,0.0,0.0
11103123416,111031234,Waratah - North Lambton,core,0.2689,379106.3,6358546.2,151.7072892,-32.9046167,699,277,0.0,0.0,0.0,0.0,0.0,1.0,0.0,1.0,1.0,3.2,6892,24.4,modelled_from_WPP_SA2,24.4,14.48,0.5,6.0,1.0,1.0
11103123417,111031234,Waratah - North Lambton,core,0.3106,381352.3,6358505.2,151.731295,-32.9052325,442,187,0.0,0.0,0.0,2.0,1.0,21.0,0.0,5.0,1.0,85.2,6892,648.4,modelled_from_WPP_SA2,648.4,71.34,2.5,120.0,18.0,11.0
11103123418,111031234,Waratah - North Lambton,core,0.1091,381153.5,6357744.8,151.7290718,-32.9120689,369,152,2.0,5.0,1.0,0.0,1.0,1.0,0.0,1.0,5.0,62.0,6892,471.8,modelled_from_WPP_SA2,471.8,7.88,54.5,25.0,24.0,37.0
11103123419,111031234,Waratah - North Lambton,core,0.074,380803.8,6358929.4,151.7254862,-32.9013474,300,152,1.0,0.0,0.0,0.0,0.0,0.0,0.0,0.0,1.0,12.2,6892,92.8,modelled_from_WPP_SA2,92.8,6.0,0.0,0.0,10.0,3.0
11103123420,111031234,Waratah - North Lambton,core,0.1297,381094.3,6358883.2,151.7285849,-32.9017953,418,211,1.0,10.0,3.0,0.0,1.0,2.0,0.0,7.0,4.0,89.8,6892,683.4,modelled_from_WPP_SA2,683.4,11.86,115.5,56.0,20.0,75.0
11103123421,111031234,Waratah - North Lambton,core,0.2512,380649.2,6357704.2,151.7236742,-32.9123797,519,214,0.0,0.0,0.0,0.0,1.0,4.0,0.0,2.0,7.0,19.4,6892,147.6,modelled_from_WPP_SA2,147.6,11.38,1.0,26.0,5.0,2.0
11103123422,111031234,Waratah - North Lambton,core,0.2052,380794.3,6358210.4,151.7252911,-32.9078307,519,202,1.0,11.0,5.0,2.0,4.0,0.0,0.0,118.0,2.0,266.4,6892,2027.4,modelled_from_WPP_SA2,2027.4,129.38,189.0,187.0,150.0,207.0
11103123423,111031234,Waratah - North Lambton,core,0.1779,380754.9,6358579.6,151.7249177,-32.9044967,432,207,0.0,0.0,1.0,2.0,0.0,2.0,0.0,4.0,4.0,44.8,6892,340.9,modelled_from_WPP_SA2,340.9,70.64,6.0,25.0,14.0,15.0
11103123424,111031234,Waratah - North Lambton,core,0.0882,380613.5,6358994.4,151.7234595,-32.9007407,308,130,0.0,0.0,0.0,2.0,1.0,1.0,0.0,2.0,0.0,42.0,6892,319.6,modelled_from_WPP_SA2,319.6,67.16,1.0,17.0,15.0,8.0
11103123425,111031234,Waratah - North Lambton,core,0.2048,380643.2,6359339.6,151.7238221,-32.8976306,647,305,0.0,0.0,0.0,0.0,0.0,0.0,0.0,0.0,0.0,0.0,6892,0.0,modelled_from_WPP_SA2,0.0,12.94,0.0,0.0,0.0,0.0
11103123426,111031234,Waratah - North Lambton,core,0.1284,380062.8,6359648.3,151.7176576,-32.8947829,370,155,0.0,0.0,0.0,0.0,0.0,1.0,0.0,0.0,0.0,2.0,6892,15.2,modelled_from_WPP_SA2,15.2,7.4,0.0,5.0,0.0,0.0
11103123427,111031234,Waratah - North Lambton,core,0.1614,378543.6,6358289.1,151.7012394,-32.9068732,458,199,0.0,0.0,0.0,0.0,0.0,0.0,0.0,2.0,1.0,2.2,6892,16.7,modelled_from_WPP_SA2,16.7,10.16,1.0,2.0,2.0,2.0
11103123501,111031235,Wickham - Carrington - Tighes Hill,core,0.1607,384031.2,6356979.5,151.759743,-32.919279,338,188,1.0,2.0,2.0,0.0,0.0,3.0,1.0,10.0,4.0,51.8,6680,353.7,modelled_from_WPP_SA2,353.7,11.76,33.0,42.0,20.0,33.0
11103123502,111031235,Wickham - Carrington - Tighes Hill,core,0.3381,383564.4,6357981.0,151.7548777,-32.9101978,756,318,0.0,3.0,1.0,0.0,0.0,4.0,1.0,3.0,6.0,33.2,6680,226.7,modelled_from_WPP_SA2,226.7,16.62,35.5,37.0,3.0,23.0
11103123503,111031235,Wickham - Carrington - Tighes Hill,core,0.1781,383159.3,6358486.6,151.7506109,-32.9055948,689,294,0.0,0.0,1.0,0.0,0.0,0.0,0.0,1.0,2.0,7.4,6680,50.5,modelled_from_WPP_SA2,50.5,14.280000000000001,4.5,6.0,1.0,6.0
11103123504,111031235,Wickham - Carrington - Tighes Hill,core,0.2822,383701.4,6358445.5,151.756401,-32.9060238,525,213,0.0,0.0,0.0,0.0,0.0,2.0,0.0,2.0,1.0,6.2,6680,42.3,modelled_from_WPP_SA2,42.3,11.5,1.0,12.0,2.0,2.0
11103123505,111031235,Wickham - Carrington - Tighes Hill,core,0.0783,384001.4,6357815.3,151.7595296,-32.911739,363,193,0.0,0.0,0.0,0.0,0.0,1.0,0.0,0.0,0.0,2.0,6680,13.7,modelled_from_WPP_SA2,13.7,7.26,0.0,5.0,0.0,0.0
11103123506,111031235,Wickham - Carrington - Tighes Hill,core,0.2111,382524.1,6358137.3,151.7437749,-32.9086772,0,0,0.0,0.0,0.0,1.0,0.0,8.0,1.0,9.0,0.0,43.0,6680,293.6,modelled_from_WPP_SA2,293.6,34.5,4.5,55.0,14.0,12.0
11103123507,111031235,Wickham - Carrington - Tighes Hill,core,0.1373,383079.5,6358048.5,151.7497025,-32.9095377,588,211,0.0,1.0,1.0,2.0,0.0,0.0,1.0,0.0,3.0,43.6,6680,297.7,modelled_from_WPP_SA2,297.7,71.76,14.0,16.0,10.0,16.0
11103123508,111031235,Wickham - Carrington - Tighes Hill,core,0.1258,382990.7,6357170.0,151.7486407,-32.9174504,423,234,0.0,16.0,8.0,0.0,0.0,0.0,0.0,5.0,11.0,119.2,6680,813.8,modelled_from_WPP_SA2,813.8,10.96,194.5,77.0,5.0,125.0
11103123509,111031235,Wickham - Carrington - Tighes Hill,core,0.1594,384760.4,6358090.7,151.7676786,-32.9093355,457,207,0.0,1.0,1.0,0.0,0.0,3.0,1.0,0.0,5.0,20.0,6680,136.5,modelled_from_WPP_SA2,136.5,9.14,14.0,25.0,0.0,10.0
11103123510,111031235,Wickham - Carrington - Tighes Hill,core,0.216,383655.3,6357323.1,151.7557669,-32.9161408,453,208,0.0,8.0,2.0,0.0,0.0,0.0,1.0,0.0,7.0,48.4,6680,330.4,modelled_from_WPP_SA2,330.4,9.06,88.0,29.0,0.0,50.0
11103123511,111031235,Wickham - Carrington - Tighes Hill,core,0.0894,383329.0,6357377.6,151.7522851,-32.9156148,527,263,0.0,1.0,0.0,1.0,0.0,0.0,0.0,0.0,2.0,19.4,6680,132.5,modelled_from_WPP_SA2,132.5,40.54,10.0,5.0,5.0,8.0
11103123512,111031235,Wickham - Carrington - Tighes Hill,core,0.1541,384431.5,6358020.2,151.7641535,-32.9099365,506,247,0.0,0.0,0.0,0.0,0.0,1.0,1.0,4.0,6.0,10.2,6680,69.6,modelled_from_WPP_SA2,69.6,12.120000000000001,2.0,12.0,4.0,4.0
11103123513,111031235,Wickham - Carrington - Tighes Hill,core,0.1376,384687.7,6357512.1,151.7668285,-32.9145459,417,182,1.0,2.0,3.0,1.0,1.0,2.0,0.0,3.0,9.0,69.8,6680,476.6,modelled_from_WPP_SA2,476.6,39.84,33.5,39.0,21.0,34.0
11103123514,111031235,Wickham - Carrington - Tighes Hill,core,0.2452,382976.8,6357629.7,151.748551,-32.9133031,477,215,0.0,4.0,4.0,1.0,1.0,10.0,0.0,14.0,7.0,98.4,6680,671.8,modelled_from_WPP_SA2,671.8,46.54,63.0,99.0,22.0,57.0
11103123515,111031235,Wickham - Carrington - Tighes Hill,core,0.1003,382716.3,6357685.1,151.745773,-32.9127759,330,159,1.0,7.0,0.0,2.0,0.0,1.0,0.0,4.0,5.0,77.0,6680,525.7,modelled_from_WPP_SA2,525.7,68.6,72.0,29.0,24.0,48.0
11103123516,111031235,Wickham - Carrington - Tighes Hill,core,0.2624,384355.4,6357334.7,151.7632541,-32.9161106,651,304,0.0,4.0,3.0,0.0,0.0,17.0,0.0,6.0,11.0,76.2,6680,520.3,modelled_from_WPP_SA2,520.3,16.02,55.0,114.0,6.0,41.0
11103123518,111031235,Wickham - Carrington - Tighes Hill,core,0.1453,382425.2,6357778.2,151.7426722,-32.9119047,273,134,4.0,2.0,1.0,0.0,0.0,0.0,0.0,1.0,9.0,64.8,6680,442.4,modelled_from_WPP_SA2,442.4,5.96,24.5,10.0,41.0,28.0
11103123519,111031235,Wickham - Carrington - Tighes Hill,core,0.1647,383498.7,6357673.8,151.7541365,-32.9129614,496,218,0.0,0.0,1.0,0.0,0.0,1.0,0.0,4.0,2.0,12.4,6680,84.7,modelled_from_WPP_SA2,84.7,11.92,6.0,14.0,4.0,9.0
11103123520,111031235,Wickham - Carrington - Tighes Hill,core,0.1255,383891.2,6356853.8,151.7582294,-32.9203984,352,192,1.0,11.0,3.0,2.0,0.0,2.0,0.0,5.0,6.0,114.2,6680,779.7,modelled_from_WPP_SA2,779.7,69.54,124.5,58.0,25.0,84.0
11103123521,111031235,Wickham - Carrington - Tighes Hill,core,0.0439,383906.6,6356545.6,151.758356,-32.9231796,525,371,0.0,0.0,0.0,0.0,0.0,0.0,0.0,6.0,4.0,6.8,6680,46.4,modelled_from_WPP_SA2,46.4,13.5,3.0,6.0,6.0,6.0
11103123522,111031235,Wickham - Carrington - Tighes Hill,core,0.1982,383526.6,6356858.9,151.7543316,-32.9203136,18,12,0.0,0.0,2.0,1.0,0.0,11.0,0.0,5.0,2.0,54.4,6680,371.4,modelled_from_WPP_SA2,371.4,32.86,10.5,73.0,10.0,18.0
