from_stop,to_stop,from_name,to_name,from_modes,to_modes,straight_distance_m,walk_distance_m,walk_time_s,is_sheltered,requires_road_crossing,signalised_crossing_delay_s,total_transfer_time_s,in_interchange_group,source
nisc001:228013,nisc001:228049,Pacific Hwy at Docker St,Pacific Hwy at Docker St,other,other,72.1,90.1,72.1,0,1,22,94.1,0,modelled
nisc001:228014,nisc001:228048,Pacific Hwy before Docker St,Pacific Hwy opp Docker St,other,other,41.0,51.3,41.0,0,0,0,41.0,0,modelled
nisc001:228015,nisc001:228047,Pacific Hwy at Marks Point Rd,Pacific Hwy opp Marks Point Rd,other,other,71.4,89.2,71.4,0,1,22,93.4,0,modelled
nisc001:228015,nisc001:2280294,Pacific Hwy at Marks Point Rd,Marks Point Rd after Pacific Hwy,other,other,47.6,59.5,47.6,0,0,0,47.6,0,modelled
nisc001:228015,nisc001:2280297,Pacific Hwy at Marks Point Rd,Marks Point Rd before Pacific Hwy,other,other,54.7,68.4,54.7,0,0,0,54.7,0,modelled
nisc001:228016,nisc001:228046,Pacific Hwy before Emily St,Pacific Hwy after Thompson St,other,other,112.7,140.9,112.7,0,1,22,134.7,0,modelled
nisc001:228017,nisc001:228045,Pacific St at Arthur St,Pacific Hwy at Clara St,other,other,108.8,136.0,108.8,0,1,22,130.8,0,modelled
nisc001:228018,nisc001:228043,Pacific Hwy opp Beach St,Pacific Hwy at Robert St,other,other,142.9,178.7,142.9,0,1,22,164.9,0,modelled
nisc001:228018,nisc001:228044,Pacific Hwy opp Beach St,Pacific Hwy at Beach St,other,other,36.4,45.4,36.4,0,0,0,36.4,0,modelled
nisc001:228020,nisc001:2280281,Pacific Hwy opp Alick St,Alick St opp Spinnakers Leisure Park,other,other,64.7,80.8,64.7,0,1,22,86.7,0,modelled
nisc001:228022,nisc001:228040,Pacific Hwy before Macquarie St,Pacific Hwy opp Macquarie St,other,other,28.5,35.7,28.5,0,0,0,28.5,0,modelled
nisc001:228022,nisc001:2280276,Pacific Hwy before Macquarie St,"Belmont Citi Centre, Macquarie St",other,other,65.5,81.9,65.5,0,1,22,87.5,0,modelled
nisc001:228023,nisc001:2280259,Pacific Hwy after Maude St,Pacific Hwy at Merleview St,other,other,91.3,114.1,91.3,0,1,22,113.3,0,modelled
nisc001:228024,nisc001:228039,Pacific Hwy opp Stanley St,Pacific Hwy after Livingstone St,other,other,136.5,170.6,136.5,0,1,22,158.5,0,modelled
nisc001:228024,nisc001:2280244,Pacific Hwy opp Stanley St,Evans St at Pacific Hwy,other,other,59.7,74.7,59.7,0,0,0,59.7,0,modelled
nisc001:228024,nisc001:2280246,Pacific Hwy opp Stanley St,"Belmont High School, Henry St",other,other,122.0,152.6,122.0,0,1,22,144.0,0,modelled
nisc001:228026,nisc001:228037,Pacific Hwy at York Cres,Pacific Hwy at Patrick St,other,other,101.1,126.4,101.1,0,1,22,123.1,0,modelled
nisc001:228027,nisc001:228036,Pacific Hwy opp Old Belmont Rd,Pacific Hwy at Old Belmont Rd,other,other,48.1,60.1,48.1,0,0,0,48.1,0,modelled
nisc001:228027,nisc001:228071,Pacific Hwy opp Old Belmont Rd,Wommara Ave after Pacific Hwy,other,other,149.4,186.7,149.4,0,1,22,171.4,0,modelled
nisc001:228027,nisc001:228095,Pacific Hwy opp Old Belmont Rd,Old Belmont Rd opp Belmont Neighbourhood Centre,other,other,140.3,175.4,140.3,0,1,22,162.3,0,modelled
nisc001:228027,nisc001:228096,Pacific Hwy opp Old Belmont Rd,"Belmont Neighbourhood Centre, Old Belmont Rd",other,other,110.4,138.1,110.4,0,1,22,132.4,0,modelled
nisc001:228028,nisc001:228035,Pacific Hwy at Avonlea St,Pacific Hwy opp Avonlea St,other,other,40.4,50.6,40.4,0,0,0,40.4,0,modelled
nisc001:228029,nisc001:228034,Pacific Hwy after Avonlea St,Pacific Hwy before Avonlea St,other,other,22.2,27.7,22.2,0,0,0,22.2,0,modelled
nisc001:228030,nisc001:228054,Pacific Hwy after Ntaba Rd,Pacific Hwy opp Ntaba Rd,other,other,59.7,74.7,59.7,0,0,0,59.7,0,modelled
nisc001:228031,nisc001:228053,Pacific Hwy opp 120,120 Pacific Hwy,other,other,54.1,67.6,54.1,0,0,0,54.1,0,modelled
nisc001:228032,nisc001:228052,Pacific Hwy before Dalrymple St,Pacific Hwy opp Dalrymple St,other,other,54.0,67.5,54.0,0,0,0,54.0,0,modelled
nisc001:228036,nisc001:228095,Pacific Hwy at Old Belmont Rd,Old Belmont Rd opp Belmont Neighbourhood Centre,other,other,101.0,126.2,101.0,0,1,22,123.0,0,modelled
nisc001:228036,nisc001:228096,Pacific Hwy at Old Belmont Rd,"Belmont Neighbourhood Centre, Old Belmont Rd",other,other,69.6,87.0,69.6,0,1,22,91.6,0,modelled
nisc001:228056,nisc001:229040,Pacific Hwy at South St,Pacific Hwy opp South St,other,other,113.2,141.5,113.2,0,1,22,135.2,0,modelled
nisc001:228059,nisc001:228078,Railway Cres after Kalaroo Rd,Wommara Ave at Railway Cres,other,other,103.0,128.7,103.0,0,1,22,125.0,0,modelled
nisc001:228059,nisc001:228079,Railway Cres after Kalaroo Rd,Railway Cres before Kalaroo Rd,other,other,22.5,28.1,22.5,0,0,0,22.5,0,modelled
nisc001:228060,nisc001:228062,Railway Cres after Wommara Ave,Wommara Ave after Railway Cres,other,other,78.0,97.4,78.0,0,1,22,100.0,0,modelled
nisc001:228060,nisc001:228074,Railway Cres after Wommara Ave,Wommara Ave before Warrior St,other,other,81.2,101.5,81.2,0,1,22,103.2,0,modelled
nisc001:228062,nisc001:228074,Wommara Ave after Railway Cres,Wommara Ave before Warrior St,other,other,103.4,129.2,103.4,0,1,22,125.4,0,modelled
nisc001:228063,nisc001:228064,Wommara Ave after Prince St,Wommara Ave at Golding Ave,other,other,76.8,96.0,76.8,0,1,22,98.8,0,modelled
nisc001:228066,nisc001:228072,Wommara Ave before Chief St,Wommara Ave opp Master St,other,other,49.6,62.0,49.6,0,0,0,49.6,0,modelled
nisc001:228067,nisc001:228068,"Belmont Christian College, John Fisher Rd","Belmont Christian College, John Fisher Rd",other,other,11.3,14.1,11.3,0,0,0,11.3,0,modelled
nisc001:228067,nisc001:228069,"Belmont Christian College, John Fisher Rd","Belmont Christian College, John Fisher Rd",other,other,44.4,55.5,44.4,0,0,0,44.4,0,modelled
nisc001:228067,nisc001:228070,"Belmont Christian College, John Fisher Rd","Belmont Christian College, John Fisher Rd",other,other,62.4,78.0,62.4,0,1,22,84.4,0,modelled
nisc001:228068,nisc001:228069,"Belmont Christian College, John Fisher Rd","Belmont Christian College, John Fisher Rd",other,other,33.4,41.7,33.4,0,0,0,33.4,0,modelled
nisc001:228068,nisc001:228070,"Belmont Christian College, John Fisher Rd","Belmont Christian College, John Fisher Rd",other,other,51.2,64.0,51.2,0,0,0,51.2,0,modelled
nisc001:228069,nisc001:228070,"Belmont Christian College, John Fisher Rd","Belmont Christian College, John Fisher Rd",other,other,18.4,22.9,18.4,0,0,0,18.4,0,modelled
nisc001:228074,nisc001:228078,Wommara Ave before Warrior St,Wommara Ave at Railway Cres,other,other,111.9,139.9,111.9,0,1,22,133.9,0,modelled
nisc001:228075,nisc001:228076,"Holy Family Anglican Church, Ntaba Rd",Ntaba Rd opp Holy Family Anglican Church,other,other,20.4,25.5,20.4,0,0,0,20.4,0,modelled
nisc001:228075,nisc001:228084,"Holy Family Anglican Church, Ntaba Rd","Holy Family Anglican Church, Harrison St",other,other,79.0,98.8,79.0,0,1,22,101.0,0,modelled
nisc001:228076,nisc001:228084,Ntaba Rd opp Holy Family Anglican Church,"Holy Family Anglican Church, Harrison St",other,other,94.4,118.0,94.4,0,1,22,116.4,0,modelled
nisc001:228078,nisc001:228079,Wommara Ave at Railway Cres,Railway Cres before Kalaroo Rd,other,other,112.3,140.4,112.3,0,1,22,134.3,0,modelled
nisc001:228088,nisc001:228091,Harrison St at Somerset St,Old Belmont Rd before Harlo St,other,other,146.9,183.6,146.9,0,1,22,168.9,0,modelled
nisc001:228092,nisc001:228099,Old Belmont Rd at Arlington St,Old Belmont Rd after Leicester Ave,other,other,78.4,98.0,78.4,0,1,22,100.4,0,modelled
nisc001:228093,nisc001:228098,Old Belmont Rd at Bangalla St,Old Belmont Rd opp Bangalla St,other,other,24.6,30.7,24.6,0,0,0,24.6,0,modelled
nisc001:228094,nisc001:228097,"Belmont North Public School, Old Belmont Rd",Old Belmont Rd opp Belmont North Public School,other,other,20.4,25.5,20.4,0,0,0,20.4,0,modelled
nisc001:228095,nisc001:228096,Old Belmont Rd opp Belmont Neighbourhood Centre,"Belmont Neighbourhood Centre, Old Belmont Rd",other,other,31.5,39.4,31.5,0,0,0,31.5,0,modelled
nisc001:228118,nisc001:228132,"Swansea Library, Pacific Hwy",Bowman St opp Swansea Library,other,other,80.5,100.6,80.5,0,1,22,102.5,0,modelled
nisc001:228119,nisc001:228120,Pacific Hwy after Lake Rd,Pacific Hwy opp Peel St,other,other,145.4,181.7,145.4,0,1,22,167.4,0,modelled
nisc001:228119,nisc001:228130,Pacific Hwy after Lake Rd,Bowman St at Peel St,other,other,124.3,155.4,124.3,0,1,22,146.3,0,modelled
nisc001:228119,nisc001:228131,Pacific Hwy after Lake Rd,Bowman St opp Lake Rd,other,other,124.1,155.2,124.1,0,1,22,146.1,0,modelled
nisc001:228120,nisc001:228130,Pacific Hwy opp Peel St,Bowman St at Peel St,other,other,61.0,76.3,61.0,0,1,22,83.0,0,modelled
nisc001:228121,nisc001:228129,Pacific Hwy after Little Pelican,Pacific Hwy opp Little Pelican Rd,other,other,48.3,60.4,48.3,0,0,0,48.3,0,modelled
nisc001:228122,nisc001:228128,Pacific Hwy after Turea St,Pacific Hwy after Gommera St,other,other,137.8,172.3,137.8,0,1,22,159.8,0,modelled
nisc001:228122,nisc001:228166,Pacific Hwy after Turea St,Gommera St after Pacific Hwy,other,other,127.0,158.7,127.0,0,1,22,149.0,0,modelled
nisc001:228123,nisc001:228127,Pacific Hwy opp Pelican Flat Park,"Pelican Flat Park, Pacific Hwy",other,other,28.8,36.0,28.8,0,0,0,28.8,0,modelled
nisc001:228124,nisc001:228126,Pacific Hwy opp Maneela St,Pacific Hwy at Maneela St,other,other,82.3,102.8,82.3,0,1,22,104.3,0,modelled
nisc001:228125,nisc001:228142,Pacific Hwy at Awabakal Ave,Pacific Hwy at Soldiers Rd,other,other,73.5,91.9,73.5,0,1,22,95.5,0,modelled
nisc001:228125,nisc001:2281250,Pacific Hwy at Awabakal Ave,Soldiers Rd after Pacific Hwy,other,other,66.0,82.5,66.0,0,1,22,88.0,0,modelled
nisc001:228128,nisc001:228166,Pacific Hwy after Gommera St,Gommera St after Pacific Hwy,other,other,81.2,101.4,81.2,0,1,22,103.2,0,modelled
nisc001:228154,nisc001:228173,Awabakal Ave opp Cudgee St,Awabakal Ave at Cudgee St,other,other,19.3,24.1,19.3,0,0,0,19.3,0,modelled
nisc001:228155,nisc001:228172,Ungala Rd opp Mallawa St,Ungala Rd before Mallawa St,other,other,62.9,78.6,62.9,0,1,22,84.9,0,modelled
nisc001:228160,nisc001:228171,Ungala Rd opp Carawa St,Ungala Rd before Carawa St,other,other,20.7,25.8,20.7,0,0,0,20.7,0,modelled
nisc001:228161,nisc001:228170,Ungala Rd opp Tirriki St,Ungala Rd before Tirriki St,other,other,21.4,26.7,21.4,0,0,0,21.4,0,modelled
nisc001:228162,nisc001:228169,Ungala Rd opp Kolang St,Ungala Rd before Kolang St,other,other,19.6,24.5,19.6,0,0,0,19.6,0,modelled
nisc001:228163,nisc001:228168,"Swansea Belmont SLSC, Ungala Rd",Gommera St after Ungala Rd,other,other,56.8,71.0,56.8,0,0,0,56.8,0,modelled
nisc001:228164,nisc001:228167,"Belmont Swansea United Soccer Club, Gommera St",Gommera St opp Belmont Swansea United Soccer Club,other,other,78.6,98.3,78.6,0,1,22,100.6,0,modelled
nisc001:228164,nisc001:228168,"Belmont Swansea United Soccer Club, Gommera St",Gommera St after Ungala Rd,other,other,140.0,175.0,140.0,0,1,22,162.0,0,modelled
nisc001:228184,nisc001:228185,Park Ave opp Caves Beach Tennis Club,137 Park Ave,other,other,143.6,179.5,143.6,0,1,22,165.6,0,modelled
nisc001:228211,nisc001:228212,Macquarie Rd before Hillsborough Rd,Macquarie Rd after Medcalf St,other,other,26.1,32.7,26.1,0,0,0,26.1,0,modelled
nisc001:228215,nisc001:228233,Medcalf St at Walker St,"Lakelands Tennis Courts, Medcalf St",other,other,98.8,123.5,98.8,0,1,22,120.8,0,modelled
nisc001:228216,nisc001:228227,Medcalf St at Albert St,Medcalf St opp Albert St,other,other,27.8,34.7,27.8,0,0,0,27.8,0,modelled
nisc001:228217,nisc001:228226,Medcalf St opp Biddabah Public School,"Biddabah Public School, Medcalf St",other,other,31.2,39.1,31.2,0,0,0,31.2,0,modelled
nisc001:228218,nisc001:228225,Medcalf St at Vincent St,Medcalf Rd after Vincent St,other,other,28.0,35.0,28.0,0,0,0,28.0,0,modelled
nisc001:228219,nisc001:228222,The Esplanade before Seaman Ave,The Esplanade opp Seaman Ave,other,other,47.3,59.1,47.3,0,0,0,47.3,0,modelled
nisc001:228219,nisc001:228223,The Esplanade before Seaman Ave,Fairfax Rd after The Esplanade,other,other,110.6,138.3,110.6,0,1,22,132.6,0,modelled
nisc001:228220,nisc001:228221,The Esplanade opp Warner Reserve,"Warner Reserve, The Esplanade",other,other,29.7,37.1,29.7,0,0,0,29.7,0,modelled
nisc001:228220,nisc001:228222,The Esplanade opp Warner Reserve,The Esplanade opp Seaman Ave,other,other,146.9,183.6,146.9,0,1,22,168.9,0,modelled
nisc001:228224,nisc001:2284107,Fairfax Rd after Vincent St,Thompson Rd after Fairfax Rd,other,other,78.4,98.0,78.4,0,1,22,100.4,0,modelled
nisc001:228226,nisc001:228227,"Biddabah Public School, Medcalf St",Medcalf St opp Albert St,other,other,146.8,183.5,146.8,0,1,22,168.8,0,modelled
nisc001:228230,nisc001:228231,Ambleside Cct opp Ulverston Way,Ambleside Cct at Whitehaven Dr,other,other,139.8,174.8,139.8,0,1,22,161.8,0,modelled
nisc001:228234,nisc001:228235,King St after Hillsborough Rd,"Warners Bay High School, Myles Ave",other,other,110.1,137.6,110.1,0,1,22,132.1,0,modelled
nisc001:228234,nisc001:228236,King St after Hillsborough Rd,"Warners Bay High School, Myles Ave",other,other,117.8,147.3,117.8,0,1,22,139.8,0,modelled
nisc001:228234,nisc001:228237,King St after Hillsborough Rd,"Warners Bay High School, Myles Ave",other,other,130.5,163.1,130.5,0,1,22,152.5,0,modelled
nisc001:228234,nisc001:228269,King St after Hillsborough Rd,King St opp Myles Ave,other,other,21.9,27.4,21.9,0,0,0,21.9,0,modelled
nisc001:228235,nisc001:228236,"Warners Bay High School, Myles Ave","Warners Bay High School, Myles Ave",other,other,14.2,17.7,14.2,0,0,0,14.2,0,modelled
nisc001:228235,nisc001:228237,"Warners Bay High School, Myles Ave","Warners Bay High School, Myles Ave",other,other,32.6,40.7,32.6,0,0,0,32.6,0,modelled
nisc001:228235,nisc001:228239,"Warners Bay High School, Myles Ave","Warners Bay High School, Myles Ave",other,other,139.3,174.2,139.3,0,1,22,161.3,0,modelled
nisc001:228235,nisc001:228260,"Warners Bay High School, Myles Ave",Myles Ave opp Warners Bay High School,other,other,54.2,67.7,54.2,0,0,0,54.2,0,modelled
nisc001:228235,nisc001:228269,"Warners Bay High School, Myles Ave",King St opp Myles Ave,other,other,127.7,159.6,127.7,0,1,22,149.7,0,modelled
nisc001:228236,nisc001:228237,"Warners Bay High School, Myles Ave","Warners Bay High School, Myles Ave",other,other,18.4,23.0,18.4,0,0,0,18.4,0,modelled
nisc001:228236,nisc001:228239,"Warners Bay High School, Myles Ave","Warners Bay High School, Myles Ave",other,other,125.2,156.5,125.2,0,1,22,147.2,0,modelled
nisc001:228236,nisc001:228260,"Warners Bay High School, Myles Ave",Myles Ave opp Warners Bay High School,other,other,41.3,51.7,41.3,0,0,0,41.3,0,modelled
nisc001:228236,nisc001:228269,"Warners Bay High School, Myles Ave",King St opp Myles Ave,other,other,136.6,170.7,136.6,0,1,22,158.6,0,modelled
nisc001:228237,nisc001:228239,"Warners Bay High School, Myles Ave","Warners Bay High School, Myles Ave",other,other,106.8,133.5,106.8,0,1,22,128.8,0,modelled
nisc001:228237,nisc001:228260,"Warners Bay High School, Myles Ave",Myles Ave opp Warners Bay High School,other,other,25.8,32.2,25.8,0,0,0,25.8,0,modelled
nisc001:228239,nisc001:228240,"Warners Bay High School, Myles Ave",Myles Ave at Biddabah Ave,other,other,146.1,182.6,146.1,0,1,22,168.1,0,modelled
nisc001:228239,nisc001:228257,"Warners Bay High School, Myles Ave",Myles Ave opp Biddabah Ave,other,other,149.4,186.8,149.4,0,1,22,171.4,0,modelled
nisc001:228239,nisc001:228260,"Warners Bay High School, Myles Ave",Myles Ave opp Warners Bay High School,other,other,90.2,112.8,90.2,0,1,22,112.2,0,modelled
nisc001:228240,nisc001:228257,Myles Ave at Biddabah Ave,Myles Ave opp Biddabah Ave,other,other,12.8,16.0,12.8,0,0,0,12.8,0,modelled
nisc001:228242,nisc001:228255,Myles Ave opp Vennard St,Myles Ave at Vennard St,other,other,33.6,42.0,33.6,0,0,0,33.6,0,modelled
nisc001:228243,nisc001:228253,Vennard St after Myles Ave,Vennard St at East St,other,other,119.9,149.9,119.9,0,1,22,141.9,0,modelled
nisc001:228243,nisc001:228254,Vennard St after Myles Ave,Vennard St after East St,other,other,20.1,25.1,20.1,0,0,0,20.1,0,modelled
nisc001:228244,nisc001:228253,East St opp Vennard St,Vennard St at East St,other,other,54.1,67.6,54.1,0,0,0,54.1,0,modelled
nisc001:228244,nisc001:228254,East St opp Vennard St,Vennard St after East St,other,other,149.6,186.9,149.6,0,1,22,171.6,0,modelled
nisc001:228245,nisc001:228252,East St opp Wellings St,East St at Wellings St,other,other,65.0,81.3,65.0,0,1,22,87.0,0,modelled
nisc001:228246,nisc001:228251,East St opp Nott St,East St after Nott St,other,other,21.8,27.2,21.8,0,0,0,21.8,0,modelled
nisc001:228247,nisc001:228250,Yorston St opp Pring St,Yorston St at Pring St,other,other,15.2,19.0,15.2,0,0,0,15.2,0,modelled
nisc001:228247,nisc001:228261,Yorston St opp Pring St,King St after Pring St,other,other,139.1,173.9,139.1,0,1,22,161.1,0,modelled
nisc001:228248,nisc001:228249,Yorston St after Holt St,Yorston St opp Holt St,other,other,42.7,53.3,42.7,0,0,0,42.7,0,modelled
nisc001:228248,nisc001:228262,Yorston St after Holt St,King St opp Charles St,other,other,145.0,181.2,145.0,0,1,22,167.0,0,modelled
nisc001:228248,nisc001:228263,Yorston St after Holt St,St Mary's PS before Warner St,other,other,113.3,141.7,113.3,0,1,22,135.3,0,modelled
nisc001:228248,nisc001:228274,Yorston St after Holt St,Bayview St after King St,other,other,121.7,152.1,121.7,0,1,22,143.7,0,modelled
nisc001:228248,nisc001:228275,Yorston St after Holt St,Bayview St opp St Mary's Primary School,other,other,137.3,171.7,137.3,0,1,22,159.3,0,modelled
nisc001:228249,nisc001:228262,Yorston St opp Holt St,King St opp Charles St,other,other,135.1,168.9,135.1,0,1,22,157.1,0,modelled
nisc001:228249,nisc001:228274,Yorston St opp Holt St,Bayview St after King St,other,other,147.0,183.7,147.0,0,1,22,169.0,0,modelled
nisc001:228250,nisc001:228261,Yorston St at Pring St,King St after Pring St,other,other,124.4,155.5,124.4,0,1,22,146.4,0,modelled
nisc001:228253,nisc001:228254,Vennard St at East St,Vennard St after East St,other,other,102.6,128.2,102.6,0,1,22,124.6,0,modelled
nisc001:228258,nisc001:228259,Yorston St before East St,Yorston St opp Nott St,other,other,48.3,60.4,48.3,0,0,0,48.3,0,modelled
nisc001:228261,nisc001:228268,King St after Pring St,King St at Margaret St,other,other,44.6,55.7,44.6,0,0,0,44.6,0,modelled
nisc001:228261,nisc001:228270,King St after Pring St,Margaret St after King St,other,other,119.6,149.6,119.6,0,1,22,141.6,0,modelled
nisc001:228262,nisc001:228267,King St opp Charles St,King St after Charles St,other,other,26.7,33.4,26.7,0,0,0,26.7,0,modelled
nisc001:228262,nisc001:228274,King St opp Charles St,Bayview St after King St,other,other,115.6,144.4,115.6,0,1,22,137.6,0,modelled
nisc001:228263,nisc001:228274,St Mary's PS before Warner St,Bayview St after King St,other,other,86.9,108.7,86.9,0,1,22,108.9,0,modelled
nisc001:228263,nisc001:228275,St Mary's PS before Warner St,Bayview St opp St Mary's Primary School,other,other,91.2,114.0,91.2,0,1,22,113.2,0,modelled
nisc001:228263,nisc001:228291,St Mary's PS before Warner St,Warner St after Bayview St,other,other,66.0,82.5,66.0,0,1,22,88.0,0,modelled
nisc001:228264,nisc001:228272,John St opp Warners Bay Village Shopping Centre,The Esplanade before King St,other,other,112.7,140.9,112.7,0,1,22,134.7,0,modelled
nisc001:228264,nisc001:228273,John St opp Warners Bay Village Shopping Centre,The Esplanade opp King St,other,other,135.4,169.3,135.4,0,1,22,157.4,0,modelled
nisc001:228267,nisc001:228274,King St after Charles St,Bayview St after King St,other,other,139.9,174.9,139.9,0,1,22,161.9,0,modelled
nisc001:228268,nisc001:228270,King St at Margaret St,Margaret St after King St,other,other,75.1,93.9,75.1,0,1,22,97.1,0,modelled
nisc001:228268,nisc001:228271,King St at Margaret St,Lake St at Martin St,other,other,139.6,174.4,139.6,0,1,22,161.6,0,modelled
nisc001:228270,nisc001:228271,Margaret St after King St,Lake St at Martin St,other,other,98.5,123.1,98.5,0,1,22,120.5,0,modelled
nisc001:228272,nisc001:228273,The Esplanade before King St,The Esplanade opp King St,other,other,22.7,28.4,22.7,0,0,0,22.7,0,modelled
nisc001:228274,nisc001:228291,Bayview St after King St,Warner St after Bayview St,other,other,73.2,91.6,73.2,0,1,22,95.2,0,modelled
nisc001:228276,nisc001:228299,Bayview St before Carwood Cl,Bayview St opp Carwood Cl,other,other,77.7,97.1,77.7,0,1,22,99.7,0,modelled
nisc001:228277,nisc001:228282,Bayview St before Andrew St,Mills St at Bayview St,other,other,98.7,123.4,98.7,0,1,22,120.7,0,modelled
nisc001:228277,nisc001:228297,Bayview St before Andrew St,Mills St before Bayview St,other,other,95.5,119.4,95.5,0,1,22,117.5,0,modelled
nisc001:228277,nisc001:228298,Bayview St before Andrew St,Bayview St at Barbara St,other,other,50.2,62.8,50.2,0,0,0,50.2,0,modelled
nisc001:228278,nisc001:228281,Bayview St after Gayton Cl,Bayview St after Panorama Pde,other,other,17.9,22.4,17.9,0,0,0,17.9,0,modelled
nisc001:228279,nisc001:228280,Bayview St after Taylor Cres,Bayview St opp Taylor Cres,other,other,40.0,50.0,40.0,0,0,0,40.0,0,modelled
nisc001:228282,nisc001:228297,Mills St at Bayview St,Mills St before Bayview St,other,other,28.7,35.9,28.7,0,0,0,28.7,0,modelled
nisc001:228282,nisc001:228298,Mills St at Bayview St,Bayview St at Barbara St,other,other,137.4,171.8,137.4,0,1,22,159.4,0,modelled
nisc001:228283,nisc001:228296,Mills St before Gregory Pde,Mills St opp Gregory Pde,other,other,15.6,19.4,15.6,0,0,0,15.6,0,modelled
nisc001:228284,nisc001:228295,Mills St opp Bucklee Cres,Mills St opp Jonathan St,other,other,50.7,63.3,50.7,0,0,0,50.7,0,modelled
nisc001:228285,nisc001:228288,Jonathan St at Warners Bay Rd,Jonathan St after Warners Bay Rd,other,other,35.5,44.4,35.5,0,0,0,35.5,0,modelled
nisc001:228286,nisc001:228287,Warners Bay Rd at Punt Rd,Warners Bay Rd at Augusta St,other,other,85.5,106.9,85.5,0,1,22,107.5,0,modelled
nisc001:228290,nisc001:228292,Queen St after James St,Queen St before James St,other,other,40.8,51.0,40.8,0,0,0,40.8,0,modelled
nisc001:228297,nisc001:228298,Mills St before Bayview St,Bayview St at Barbara St,other,other,125.3,156.6,125.3,0,1,22,147.3,0,modelled
nisc001:228412,nisc001:228413,Main Rd after Parrot St,Main Rd before Parrot St,other,other,17.5,21.9,17.5,0,0,0,17.5,0,modelled
nisc001:228431,nisc001:228432,Lake Rd before Creek Reserve Rd,Lake Rd opp Creek Reserve Rd,other,other,78.1,97.6,78.1,0,1,22,100.1,0,modelled
nisc001:228431,sydneytrains:2284171,Lake Rd before Creek Reserve Rd,Cockle Creek Station Platform 1,other,heavy_rail,94.6,118.3,94.6,0,1,22,116.6,0,modelled
nisc001:228431,sydneytrains:2284172,Lake Rd before Creek Reserve Rd,Cockle Creek Station Platform 2,other,heavy_rail,105.0,131.3,105.0,0,1,22,127.0,0,modelled
nisc001:228432,sydneytrains:2284171,Lake Rd opp Creek Reserve Rd,Cockle Creek Station Platform 1,other,heavy_rail,169.9,212.4,169.9,0,1,22,191.9,0,modelled
nisc001:228432,sydneytrains:2284172,Lake Rd opp Creek Reserve Rd,Cockle Creek Station Platform 2,other,heavy_rail,180.4,225.5,180.4,0,1,22,202.4,0,modelled
nisc001:228433,nisc001:228443,Main Rd opp Albert Reserve,"Albert Reserve, Main Rd",other,other,21.7,27.2,21.7,0,0,0,21.7,0,modelled
nisc001:228434,nisc001:228442,Main Rd after Fourth St,Main Rd at Fourth St,other,other,71.5,89.4,71.5,0,1,22,93.5,0,modelled
nisc001:228437,nisc001:228439,Lake Rd at Princess St,Lake Rd at Victoria St,other,other,22.5,28.1,22.5,0,0,0,22.5,0,modelled
nisc001:228438,nisc001:228461,Lake Rd after Park Ave,Lake Rd at McLaughlin St,other,other,111.5,139.4,111.5,0,1,22,133.5,0,modelled
nisc001:228441,nisc001:228484,Main Rd after First St,Main Rd at First St,other,other,14.9,18.6,14.9,0,0,0,14.9,0,modelled
nisc001:228462,nisc001:228488,Lake Rd at Waratah St,Lake Rd opp Waratah St,other,other,47.3,59.1,47.3,0,0,0,47.3,0,modelled
nisc001:228465,nisc001:228485,Lake Rd opp Club Macquarie,"Waratah Golf Club, Lake Rd",other,other,76.7,95.8,76.7,0,1,22,98.7,0,modelled
nisc001:228465,sydneytrains:2284171,Lake Rd opp Club Macquarie,Cockle Creek Station Platform 1,other,heavy_rail,209.9,262.3,209.9,0,1,22,231.9,0,modelled
nisc001:228465,sydneytrains:2284172,Lake Rd opp Club Macquarie,Cockle Creek Station Platform 2,other,heavy_rail,201.8,252.2,201.8,0,1,22,223.8,0,modelled
nisc001:228467,nisc001:228468,"Stockland Glendale, Stand D","Stockland Glendale, Stand E",other,other,14.9,18.6,14.9,0,0,0,14.9,0,modelled
nisc001:228467,nisc001:228470,"Stockland Glendale, Stand D","Stockland Glendale, Stand G",other,other,49.5,61.9,49.5,0,0,0,49.5,0,modelled
nisc001:228468,nisc001:228470,"Stockland Glendale, Stand E","Stockland Glendale, Stand G",other,other,34.6,43.3,34.6,0,0,0,34.6,0,modelled
nisc001:228479,nisc001:228499,Main Rd opp Nord St,Main Rd at Nord St,other,other,16.7,20.9,16.7,0,0,0,16.7,0,modelled
nisc001:228480,nisc001:228498,"Speers Point Library, Main Rd",Main Rd opp Speers Point Library,other,other,19.2,24.0,19.2,0,0,0,19.2,0,modelled
nisc001:228481,nisc001:228497,Main Rd at Eighth St,Main Rd at Eighth St,other,other,69.2,86.5,69.2,0,1,22,91.2,0,modelled
nisc001:228485,sydneytrains:2284171,"Waratah Golf Club, Lake Rd",Cockle Creek Station Platform 1,other,heavy_rail,276.9,346.1,276.9,0,1,22,298.9,0,modelled
nisc001:228485,sydneytrains:2284172,"Waratah Golf Club, Lake Rd",Cockle Creek Station Platform 2,other,heavy_rail,267.8,334.8,267.8,0,1,22,289.8,0,modelled
nisc001:228486,nisc001:228494,Lake Rd opp NSW Mines Rescue Service,"NSW Mines Rescue Service, Lake Rd",other,other,22.3,27.8,22.3,0,0,0,22.3,0,modelled
nisc001:228514,nisc001:228581,Main Rd at Lilian St,Main Rd opp Lilian St,other,other,16.8,21.0,16.8,0,0,0,16.8,0,modelled
nisc001:228515,nisc001:228516,Main Rd opp Veronica St,Main Rd at Harrison St,other,other,41.9,52.3,41.9,0,0,0,41.9,0,modelled
nisc001:228515,sydneytrains:2285361,Main Rd opp Veronica St,Cardiff Station Platform 1,other,heavy_rail,363.9,454.8,363.9,0,1,22,385.9,0,modelled
nisc001:228515,sydneytrains:2285362,Main Rd opp Veronica St,Cardiff Station Platform 2,other,heavy_rail,368.4,460.5,368.4,0,1,22,390.4,0,modelled
nisc001:228516,sydneytrains:2285361,Main Rd at Harrison St,Cardiff Station Platform 1,other,heavy_rail,331.2,414.0,331.2,0,1,22,353.2,0,modelled
nisc001:228516,sydneytrains:2285362,Main Rd at Harrison St,Cardiff Station Platform 2,other,heavy_rail,335.2,419.0,335.2,0,1,22,357.2,0,modelled
nisc001:228517,nisc001:228568,Main Rd after Glendale Dr,Main Rd before Glendale Dr,other,other,44.0,55.0,44.0,0,0,0,44.0,0,modelled
nisc001:228518,nisc001:2285302,Main Rd before Lake Rd,Main Rd before Manuel St,other,other,25.7,32.1,25.7,0,0,0,25.7,0,modelled
nisc001:228519,nisc001:228584,Main Rd opp Frederick St,Main Rd before Frederick St,other,other,24.5,30.7,24.5,0,0,0,24.5,0,modelled
nisc001:228523,nisc001:228524,"Cardiff Station, Main Rd",Main Rd opp Cardiff Station,other,other,30.5,38.1,30.5,0,0,0,30.5,0,modelled
nisc001:228523,nisc001:228569,"Cardiff Station, Main Rd",Main Rd after Wansbeck Valley Rd,other,other,125.9,157.3,125.9,0,1,22,147.9,0,modelled
nisc001:228523,nisc001:228577,"Cardiff Station, Main Rd",Main Rd opp Wansbeck Valley Rd,other,other,123.2,154.0,123.2,0,1,22,145.2,0,modelled
nisc001:228523,sydneytrains:2285361,"Cardiff Station, Main Rd",Cardiff Station Platform 1,other,heavy_rail,55.8,69.8,55.8,0,0,0,55.8,0,modelled
nisc001:228523,sydneytrains:2285362,"Cardiff Station, Main Rd",Cardiff Station Platform 2,other,heavy_rail,50.2,62.7,50.2,0,0,0,50.2,0,modelled
nisc001:228524,nisc001:228569,Main Rd opp Cardiff Station,Main Rd after Wansbeck Valley Rd,other,other,97.6,122.0,97.6,0,1,22,119.6,0,modelled
nisc001:228524,nisc001:228577,Main Rd opp Cardiff Station,Main Rd opp Wansbeck Valley Rd,other,other,97.2,121.5,97.2,0,1,22,119.2,0,modelled
nisc001:228524,sydneytrains:2285361,Main Rd opp Cardiff Station,Cardiff Station Platform 1,other,heavy_rail,84.4,105.4,84.4,0,1,22,106.4,0,modelled
nisc001:228524,sydneytrains:2285362,Main Rd opp Cardiff Station,Cardiff Station Platform 2,other,heavy_rail,77.8,97.2,77.8,0,1,22,99.8,0,modelled
nisc001:228563,nisc001:228583,Main Rd after Fairleigh St,"Booth Park, Main Rd",other,other,75.7,94.6,75.7,0,1,22,97.7,0,modelled
nisc001:228564,nisc001:228582,Main Rd at Poyner Ave,Main Rd opp Poyner Ave,other,other,52.7,65.9,52.7,0,0,0,52.7,0,modelled
nisc001:228565,nisc001:228568,Main Rd after Bruce St,Main Rd before Glendale Dr,other,other,128.5,160.6,128.5,0,1,22,150.5,0,modelled
nisc001:228565,nisc001:228580,Main Rd after Bruce St,Main Rd opp Bruce St,other,other,32.0,40.0,32.0,0,0,0,32.0,0,modelled
nisc001:228566,nisc001:228579,Main Rd after Lowry St,Main Rd opp Lowry St,other,other,28.4,35.5,28.4,0,0,0,28.4,0,modelled
nisc001:228567,nisc001:228578,Main Rd after Taylor St,Main Rd opp Taylor St,other,other,50.7,63.3,50.7,0,0,0,50.7,0,modelled
nisc001:228569,nisc001:228576,Main Rd after Wansbeck Valley Rd,Newcastle St opp St Kevin's Primary School,other,other,97.9,122.4,97.9,0,1,22,119.9,0,modelled
nisc001:228569,nisc001:228577,Main Rd after Wansbeck Valley Rd,Main Rd opp Wansbeck Valley Rd,other,other,18.1,22.6,18.1,0,0,0,18.1,0,modelled
nisc001:228569,sydneytrains:2285361,Main Rd after Wansbeck Valley Rd,Cardiff Station Platform 1,other,heavy_rail,181.5,226.8,181.5,0,1,22,203.5,0,modelled
nisc001:228569,sydneytrains:2285362,Main Rd after Wansbeck Valley Rd,Cardiff Station Platform 2,other,heavy_rail,175.2,219.0,175.2,0,1,22,197.2,0,modelled
nisc001:228572,nisc001:228573,Myall Rd after Lois Cres,"Cardiff High School, Myall Rd",other,other,92.7,115.9,92.7,0,1,22,114.7,0,modelled
nisc001:228576,nisc001:228577,Newcastle St opp St Kevin's Primary School,Main Rd opp Wansbeck Valley Rd,other,other,89.0,111.2,89.0,0,1,22,111.0,0,modelled
nisc001:228576,sydneytrains:2285361,Newcastle St opp St Kevin's Primary School,Cardiff Station Platform 1,other,heavy_rail,260.1,325.2,260.1,0,1,22,282.1,0,modelled
nisc001:228576,sydneytrains:2285362,Newcastle St opp St Kevin's Primary School,Cardiff Station Platform 2,other,heavy_rail,255.5,319.4,255.5,0,1,22,277.5,0,modelled
nisc001:228577,sydneytrains:2285361,Main Rd opp Wansbeck Valley Rd,Cardiff Station Platform 1,other,heavy_rail,179.0,223.7,179.0,0,1,22,201.0,0,modelled
nisc001:228577,sydneytrains:2285362,Main Rd opp Wansbeck Valley Rd,Cardiff Station Platform 2,other,heavy_rail,173.3,216.6,173.3,0,1,22,195.3,0,modelled
nisc001:228595,nisc001:228598,Wallsend Rd after Rowes Lane,Wallsend Rd opp Rowes Lane,other,other,68.8,86.1,68.8,0,1,22,90.8,0,modelled
nisc001:228596,nisc001:228597,Cardiff Rd at Rainbow Cl,Cardiff Rd at Daintree Cl,other,other,17.9,22.4,17.9,0,0,0,17.9,0,modelled
nisc001:228712,nisc001:2287357,"Woodlands Retirement Village, Lake Rd",Croudace Rd after Lake Rd,other,other,130.2,162.7,130.2,0,1,22,152.2,0,modelled
nisc001:228712,nisc001:2287361,"Woodlands Retirement Village, Lake Rd",Lake Rd opp Hanley St,other,other,76.0,95.0,76.0,0,1,22,98.0,0,modelled
nisc001:228713,nisc001:2287246,Cowper St opp Wal Herd Park,"Wal Herd Park, Cowper St",other,other,62.4,78.0,62.4,0,1,22,84.4,0,modelled
nisc001:228714,nisc001:228720,"Wallsend District Library, Bunn St",Bunn St opp Wallsend District Library,other,other,70.2,87.7,70.2,0,1,22,92.2,0,modelled
nisc001:228714,nisc001:2287249,"Wallsend District Library, Bunn St",Bousfield St at Kokera St,other,other,128.0,160.0,128.0,0,1,22,150.0,0,modelled
nisc001:228715,nisc001:228719,Victory Pde opp Chalmers Rd,Victory Pde at Chalmers Rd,other,other,67.1,83.9,67.1,0,1,22,89.1,0,modelled
nisc001:228715,nisc001:2287332,Victory Pde opp Chalmers Rd,Birchgrove Dr opp Birchgrove Drive Reserve,other,other,144.6,180.7,144.6,0,1,22,166.6,0,modelled
nisc001:228716,nisc001:228718,Newcastle Rd after Douglas St,Newcastle Rd before Douglas St,other,other,30.6,38.2,30.6,0,0,0,30.6,0,modelled
nisc001:228716,nisc001:2287177,Newcastle Rd after Douglas St,Douglas St at Abbott St,other,other,104.9,131.1,104.9,0,1,22,126.9,0,modelled
nisc001:228716,nisc001:2287178,Newcastle Rd after Douglas St,Douglas St at Abbott St,other,other,120.3,150.4,120.3,0,1,22,142.3,0,modelled
nisc001:228717,nisc001:229919,Newcastle Rd at Chalmers Rd,Newcastle Rd before Blue Gum Rd,other,other,35.3,44.2,35.3,0,0,0,35.3,0,modelled
nisc001:228727,nisc001:228747,Cowper St at George St,Cowper St at George St,other,other,51.9,64.9,51.9,0,0,0,51.9,0,modelled
nisc001:228728,nisc001:228746,Cowper St opp Platt St,Cowper St at Platt St,other,other,25.7,32.1,25.7,0,0,0,25.7,0,modelled
nisc001:228732,nisc001:228741,"Elermore Vale Community Hall, Cardiff Rd",Cardiff Rd opp Elermore Vale Community Hall,other,other,18.2,22.8,18.2,0,0,0,18.2,0,modelled
nisc001:228733,nisc001:228740,Cardiff Rd at Watkins Rd,Cardiff Rd opp Watkins Rd,other,other,14.7,18.4,14.7,0,0,0,14.7,0,modelled
nisc001:228734,nisc001:228739,Cardiff Rd opp Webb St,Cardiff Rd at Webb St,other,other,14.5,18.1,14.5,0,0,0,14.5,0,modelled
nisc001:228736,nisc001:228737,Walford St opp Close St,Walford St at Close St,other,other,25.5,31.9,25.5,0,0,0,25.5,0,modelled
nisc001:228756,nisc001:228768,Wentworth St opp Richardson St,Wentworth St after Abel St,other,other,125.5,156.8,125.5,0,1,22,147.5,0,modelled
nisc001:228756,nisc001:228784,Wentworth St opp Richardson St,Wentworth St at Richardson St,other,other,12.3,15.4,12.3,0,0,0,12.3,0,modelled
nisc001:228756,nisc001:228785,Wentworth St opp Richardson St,Wentworth St at Abel St,other,other,139.3,174.2,139.3,0,1,22,161.3,0,modelled
nisc001:228761,nisc001:228792,Maryland Dr at Tulloch Ave,Maryland Dr opp Tulloch Ave,other,other,42.2,52.8,42.2,0,0,0,42.2,0,modelled
nisc001:228768,nisc001:228784,Wentworth St after Abel St,Wentworth St at Richardson St,other,other,127.8,159.8,127.8,0,1,22,149.8,0,modelled
nisc001:228768,nisc001:228785,Wentworth St after Abel St,Wentworth St at Abel St,other,other,17.8,22.3,17.8,0,0,0,17.8,0,modelled
nisc001:228774,nisc001:228780,Wentworth St before Charlotte St,Hill St at Hannah St,other,other,137.5,171.9,137.5,0,1,22,159.5,0,modelled
nisc001:228774,nisc001:228786,Wentworth St before Charlotte St,Wentworth St at Charlotte St,other,other,51.5,64.3,51.5,0,0,0,51.5,0,modelled
nisc001:228776,nisc001:228793,Irrawang St before Boundary St,Irrawang St before Kokera St,other,other,11.7,14.6,11.7,0,0,0,11.7,0,modelled
nisc001:228777,nisc001:228790,Hill St at Tyrrell St,Hill St after Nelson St,other,other,130.3,162.9,130.3,0,1,22,152.3,0,modelled
nisc001:228777,nisc001:228791,Hill St at Tyrrell St,Hill St before Neilson St,other,other,45.1,56.4,45.1,0,0,0,45.1,0,modelled
nisc001:228779,nisc001:228780,Hill St before Harriet St,Hill St at Hannah St,other,other,122.6,153.3,122.6,0,1,22,144.6,0,modelled
nisc001:228779,nisc001:228790,Hill St before Harriet St,Hill St after Nelson St,other,other,75.4,94.3,75.4,0,1,22,97.4,0,modelled
nisc001:228784,nisc001:228785,Wentworth St at Richardson St,Wentworth St at Abel St,other,other,140.6,175.8,140.6,0,1,22,162.6,0,modelled
nisc001:228912,nisc001:228913,"Kotara Park, Park Ave",Park Ave opp Kotara Park,other,other,22.7,28.4,22.7,0,0,0,22.7,0,modelled
nisc001:228912,sydneytrains:2289341,"Kotara Park, Park Ave",Kotara Station Platform 1,other,heavy_rail,109.9,137.4,109.9,0,1,22,131.9,0,modelled
nisc001:228912,sydneytrains:2289342,"Kotara Park, Park Ave",Kotara Station Platform 2,other,heavy_rail,115.7,144.6,115.7,0,1,22,137.7,0,modelled
nisc001:228913,sydneytrains:2289341,Park Ave opp Kotara Park,Kotara Station Platform 1,other,heavy_rail,121.6,152.0,121.6,0,1,22,143.6,0,modelled
nisc001:228913,sydneytrains:2289342,Park Ave opp Kotara Park,Kotara Station Platform 2,other,heavy_rail,127.4,159.2,127.4,0,1,22,149.4,0,modelled
nisc001:228916,nisc001:228964,Myall Rd opp Kirinari Hostel,"Kirinari Hostel, Myall Rd",other,other,20.1,25.1,20.1,0,0,0,20.1,0,modelled
nisc001:228918,nisc001:2289236,Charlestown Rd at Stuart St,Stuart St at Charlestown Rd,other,other,46.0,57.5,46.0,0,0,0,46.0,0,modelled
nisc001:228918,nisc001:2289238,Charlestown Rd at Stuart St,Stuart St at Charlestown Rd,other,other,25.1,31.4,25.1,0,0,0,25.1,0,modelled
nisc001:228918,nisc001:2289249,Charlestown Rd at Stuart St,Charlestown Rd at Blackbutt Pde,other,other,61.0,76.2,61.0,0,1,22,83.0,0,modelled
nisc001:228918,nisc001:2289276,Charlestown Rd at Stuart St,Myall Rd at Charlestown Rd,other,other,134.5,168.2,134.5,0,1,22,156.5,0,modelled
nisc001:228919,nisc001:228961,Pacific Hwy opp George St,Pacific Hwy at George St,other,other,64.7,80.9,64.7,0,1,22,86.7,0,modelled
nisc001:228922,nisc001:228956,Northcott Dr opp Kinross Ave,Northcott Dr at Kinross Ave,other,other,144.6,180.8,144.6,0,1,22,166.6,0,modelled
nisc001:228925,nisc001:228960,"Westfield Kotara, Park Ave",Northcott Dr opp Westfield Kotara,other,other,125.8,157.2,125.8,0,1,22,147.8,0,modelled
nisc001:228925,nisc001:2289258,"Westfield Kotara, Park Ave",Park Ave opp Westfield Kotara,other,other,32.4,40.5,32.4,0,0,0,32.4,0,modelled
nisc001:228933,nisc001:228986,Glebe Rd opp Adamstown Uniting Church,"Adamstown Community Early Learning, Glebe Rd",other,other,76.4,95.5,76.4,0,1,22,98.4,0,modelled
nisc001:228933,nisc001:228987,Glebe Rd opp Adamstown Uniting Church,Brunker Rd after Glebe Rd,other,other,55.4,69.3,55.4,0,0,0,55.4,0,modelled
nisc001:228933,nisc001:228998,Glebe Rd opp Adamstown Uniting Church,Brunker Rd before Glebe Rd,other,other,45.1,56.3,45.1,0,0,0,45.1,0,modelled
nisc001:228935,nisc001:228936,Park Ave after Fletcher St,"Trinity Catholic College, Park Ave",other,other,103.1,128.9,103.1,0,1,22,125.1,0,modelled
nisc001:228937,nisc001:228959,Highfields Pde Exit at Pacific Hwy,Pacific Hwy at Kahibah Rd,other,other,68.4,85.5,68.4,0,1,22,90.4,0,modelled
nisc001:228937,nisc001:228999,Highfields Pde Exit at Pacific Hwy,Pacific Hwy opp Kahibah Rd,other,other,51.8,64.7,51.8,0,0,0,51.8,0,modelled
nisc001:228942,nisc001:228950,Brunker Rd at Mandalong Rd,Brunker Rd at Evans Rd,other,other,86.6,108.3,86.6,0,1,22,108.6,0,modelled
nisc001:228943,nisc001:228949,Brunker Rd opp Olney Rd,Brunker Rd at Olney Rd,other,other,77.0,96.3,77.0,0,1,22,99.0,0,modelled
nisc001:228945,nisc001:228947,Park Ave after Dibbs St,Park Ave before Dibbs St,other,other,21.6,27.0,21.6,0,0,0,21.6,0,modelled
nisc001:228948,sydneytrains:2289331,"West Park, Glebe Rd",Adamstown Station Platform 1,other,heavy_rail,204.6,255.7,204.6,0,1,22,226.6,0,modelled
nisc001:228948,sydneytrains:2289332,"West Park, Glebe Rd",Adamstown Station Platform 2,other,heavy_rail,209.1,261.3,209.1,0,1,22,231.1,0,modelled
nisc001:228952,nisc001:229215,Brunker Rd opp Arthur Park,"Arthur Park, Brunker St",other,other,39.3,49.2,39.3,0,0,0,39.3,0,modelled
nisc001:228959,nisc001:228999,Pacific Hwy at Kahibah Rd,Pacific Hwy opp Kahibah Rd,other,other,74.6,93.2,74.6,0,1,22,96.6,0,modelled
nisc001:228965,sydneytrains:2289331,"Adamstown Station, Park Ave",Adamstown Station Platform 1,other,heavy_rail,44.2,55.3,44.2,0,0,0,44.2,0,modelled
nisc001:228965,sydneytrains:2289332,"Adamstown Station, Park Ave",Adamstown Station Platform 2,other,heavy_rail,51.6,64.5,51.6,0,0,0,51.6,0,modelled
nisc001:228966,nisc001:228967,Park Ave after Bailey St,Park Ave before Bailey St,other,other,17.2,21.5,17.2,0,0,0,17.2,0,modelled
nisc001:228966,sydneytrains:2289331,Park Ave after Bailey St,Adamstown Station Platform 1,other,heavy_rail,273.8,342.3,273.8,0,1,22,295.8,0,modelled
nisc001:228966,sydneytrains:2289332,Park Ave after Bailey St,Adamstown Station Platform 2,other,heavy_rail,277.5,346.9,277.5,0,1,22,299.5,0,modelled
nisc001:228967,sydneytrains:2289331,Park Ave before Bailey St,Adamstown Station Platform 1,other,heavy_rail,269.6,337.0,269.6,0,1,22,291.6,0,modelled
nisc001:228967,sydneytrains:2289332,Park Ave before Bailey St,Adamstown Station Platform 2,other,heavy_rail,273.9,342.4,273.9,0,1,22,295.9,0,modelled
nisc001:228977,nisc001:228981,City Rd after Brunker Rd,City Rd before Faul St,other,other,34.3,42.9,34.3,0,0,0,34.3,0,modelled
nisc001:228979,nisc001:228980,Fernleigh Loop opp Grevillea Cl,Fernleigh Loop at Faul St,other,other,137.0,171.3,137.0,0,1,22,159.0,0,modelled
nisc001:228980,nisc001:228981,Fernleigh Loop at Faul St,City Rd before Faul St,other,other,118.5,148.1,118.5,0,1,22,140.5,0,modelled
nisc001:228982,nisc001:228983,Glebe Rd opp Adamstown Bowling Club,"Adamstown Bowling Club, Glebe Rd",other,other,51.6,64.5,51.6,0,0,0,51.6,0,modelled
nisc001:228984,nisc001:228985,Glebe Rd opp Adamstown Park,Glebe Rd before Bryant St,other,other,69.6,87.0,69.6,0,1,22,91.6,0,modelled
nisc001:228986,nisc001:228987,"Adamstown Community Early Learning, Glebe Rd",Brunker Rd after Glebe Rd,other,other,60.1,75.1,60.1,0,1,22,82.1,0,modelled
nisc001:228986,nisc001:228998,"Adamstown Community Early Learning, Glebe Rd",Brunker Rd before Glebe Rd,other,other,68.3,85.3,68.3,0,1,22,90.3,0,modelled
nisc001:228987,nisc001:228998,Brunker Rd after Glebe Rd,Brunker Rd before Glebe Rd,other,other,14.1,17.7,14.1,0,0,0,14.1,0,modelled
nisc001:228988,nisc001:228997,"St Columba's Primary School, Brunker Rd",Brunker Rd opp St Columba's Primary School,other,other,17.1,21.4,17.1,0,0,0,17.1,0,modelled
nisc001:228989,nisc001:228996,"Bullecourt Barracks, Brunker Rd",Brunker Rd at Rifle St,other,other,43.1,53.9,43.1,0,0,0,43.1,0,modelled
nisc001:228990,nisc001:228995,Brunker Rd opp South St,Brunker Rd after South St,other,other,16.8,21.0,16.8,0,0,0,16.8,0,modelled
nisc001:228991,nisc001:228994,Brunker Rd opp Burns St,Brunker Rd at Burns St,other,other,56.8,70.9,56.8,0,0,0,56.8,0,modelled
nisc001:228992,nisc001:228993,Brunker Rd opp Yarrum St,Brunker Rd at Yarrum St,other,other,25.0,31.2,25.0,0,0,0,25.0,0,modelled
nisc001:229011,nisc001:2290213,"Lake Macquarie Fair, Wilsons Rd","Lake Macquarie Fair, Wilsons Rd",other,other,126.4,158.0,126.4,0,1,22,148.4,0,modelled
nisc001:229011,nisc001:2290241,"Lake Macquarie Fair, Wilsons Rd",Wilsons Rd opp Lake Macquarie Fair,other,other,52.6,65.8,52.6,0,0,0,52.6,0,modelled
nisc001:229016,nisc001:229062,"Centrelink, Charlestown Rd",Pacific Hwy at Charlestown Rd,other,other,123.8,154.7,123.8,0,1,22,145.8,0,modelled
nisc001:229018,nisc001:229082,Smith St before Smart St,Smart St at Smith St,other,other,48.1,60.2,48.1,0,0,0,48.1,0,modelled
nisc001:229018,nisc001:229085,Smith St before Smart St,Smart St at Smith St,other,other,66.2,82.8,66.2,0,1,22,88.2,0,modelled
nisc001:229018,nisc001:2290501,Smith St before Smart St,"Charlestown Branch Library, Ridley St",other,other,89.4,111.8,89.4,0,1,22,111.4,0,modelled
nisc001:229027,nisc001:229062,Smith St at Ida St,Pacific Hwy at Charlestown Rd,other,other,119.7,149.6,119.7,0,1,22,141.7,0,modelled
nisc001:229027,nisc001:2290501,Smith St at Ida St,"Charlestown Branch Library, Ridley St",other,other,123.7,154.6,123.7,0,1,22,145.7,0,modelled
nisc001:229028,nisc001:229041,30 Burwood Rd,15 Burwood Rd,other,other,31.3,39.1,31.3,0,0,0,31.3,0,modelled
nisc001:229032,nisc001:229052,Pacific Hwy before Oxford St,Pacific Hwy after Oxford St,other,other,32.5,40.7,32.5,0,0,0,32.5,0,modelled
nisc001:229033,nisc001:229051,Pacific Hwy after Oxford St,Pacific Hwy at Oxford St,other,other,49.3,61.6,49.3,0,0,0,49.3,0,modelled
nisc001:229033,nisc001:2290480,Pacific Hwy after Oxford St,"St Paul's Church, Felton St",other,other,94.4,118.0,94.4,0,1,22,116.4,0,modelled
nisc001:229035,nisc001:229050,Pacfic Hwy opp Hughes St,Pacific Hwy at Hughes St,other,other,55.4,69.2,55.4,0,0,0,55.4,0,modelled
nisc001:229036,nisc001:229049,Pacific Hwy opp Hunter Sports High,"Hunter Sports High, Pacific Hwy",other,other,61.5,76.9,61.5,0,1,22,83.5,0,modelled
nisc001:229039,nisc001:229061,Pacific Hwy after Groves Rd,Pacific Hwy opp Groves Rd,other,other,39.9,49.9,39.9,0,0,0,39.9,0,modelled
nisc001:229042,nisc001:229056,Smith St after Frederick St,Pacific Hwy before Smart St,other,other,141.8,177.2,141.8,0,1,22,163.8,0,modelled
nisc001:229042,nisc001:229082,Smith St after Frederick St,Smart St at Smith St,other,other,137.7,172.1,137.7,0,1,22,159.7,0,modelled
nisc001:229042,nisc001:229085,Smith St after Frederick St,Smart St at Smith St,other,other,117.6,147.0,117.6,0,1,22,139.6,0,modelled
nisc001:229042,nisc001:229086,Smith St after Frederick St,"Charlestown Public School, Smith St",other,other,80.6,100.8,80.6,0,1,22,102.6,0,modelled
nisc001:229054,nisc001:229060,"Lions Park, Pacific Hwy",Pacific Hwy opp Lions Park,other,other,55.0,68.8,55.0,0,0,0,55.0,0,modelled
nisc001:229067,nisc001:229097,Collarena Cres after Kahibah Rd,Kendella Pde after Louisa Ave,other,other,125.8,157.2,125.8,0,1,22,147.8,0,modelled
nisc001:229070,nisc001:229073,Glebe St at Burwood St,"Kahibah Memorial Park, Hexham St",other,other,85.1,106.4,85.1,0,1,22,107.1,0,modelled
nisc001:229074,nisc001:229092,"Kahibah Sports Club, Kahibah Rd","Kahibah Sports Club, Kenibea Ave",other,other,110.3,137.8,110.3,0,1,22,132.3,0,modelled
nisc001:229075,nisc001:229090,Kahibah Rd opp Princes Ave,Cowper Ave opp Guna St,other,other,118.1,147.6,118.1,0,1,22,140.1,0,modelled
nisc001:229075,nisc001:229091,Kahibah Rd opp Princes Ave,Cowper Ave after Guna St,other,other,134.4,168.1,134.4,0,1,22,156.4,0,modelled
nisc001:229075,nisc001:229093,Kahibah Rd opp Princes Ave,Kahibah Rd at Princes Ave,other,other,33.3,41.6,33.3,0,0,0,33.3,0,modelled
nisc001:229076,nisc001:229078,Kahibah Rd after Cowper Ave,"St Joseph's Primary School, Shelton St",other,other,114.8,143.5,114.8,0,1,22,136.8,0,modelled
nisc001:229076,nisc001:229089,Kahibah Rd after Cowper Ave,Kahibah Rd opp Cowper Ave,other,other,32.6,40.7,32.6,0,0,0,32.6,0,modelled
nisc001:229077,nisc001:229083,Kahibah Rd at Milson St,"St Mary Immaculate Church, Smart St",other,other,116.2,145.2,116.2,0,1,22,138.2,0,modelled
nisc001:229078,nisc001:229089,"St Joseph's Primary School, Shelton St",Kahibah Rd opp Cowper Ave,other,other,119.6,149.5,119.6,0,1,22,141.6,0,modelled
nisc001:229082,nisc001:229085,Smart St at Smith St,Smart St at Smith St,other,other,20.7,25.9,20.7,0,0,0,20.7,0,modelled
nisc001:229090,nisc001:229091,Cowper Ave opp Guna St,Cowper Ave after Guna St,other,other,19.7,24.6,19.7,0,0,0,19.7,0,modelled
nisc001:229090,nisc001:229093,Cowper Ave opp Guna St,Kahibah Rd at Princes Ave,other,other,120.0,150.0,120.0,0,1,22,142.0,0,modelled
nisc001:229091,nisc001:229093,Cowper Ave after Guna St,Kahibah Rd at Princes Ave,other,other,138.6,173.3,138.6,0,1,22,160.6,0,modelled
nisc001:229095,nisc001:229099,Kullaroo Rd at Parkview Ave,Kullaroo Rd opp Parkview Ave,other,other,41.4,51.7,41.4,0,0,0,41.4,0,modelled
nisc001:229096,nisc001:229098,Goola Ave after Roslyn Ave,Goola Ave opp Roslyn Ave,other,other,25.7,32.1,25.7,0,0,0,25.7,0,modelled
nisc001:229111,nisc001:229122,James St after Glebe Rd,James St at Glebe Rd,other,other,24.1,30.1,24.1,0,0,0,24.1,0,modelled
nisc001:229111,nisc001:2303111,James St after Glebe Rd,Glebe Rd at James St,other,other,34.7,43.4,34.7,0,0,0,34.7,0,modelled
nisc001:229111,nisc001:2303112,James St after Glebe Rd,Glebe Rd opp James St,other,other,60.1,75.1,60.1,0,1,22,82.1,0,modelled
nisc001:229112,nisc001:229121,James St opp Henderson Park,"Henderson Park, James St",other,other,27.2,34.0,27.2,0,0,0,27.2,0,modelled
nisc001:229113,nisc001:229119,Lockyer St before Henry St,Henry St opp Herbert St,other,other,145.6,182.0,145.6,0,1,22,167.6,0,modelled
nisc001:229113,nisc001:229120,Lockyer St before Henry St,Lockyer St at Henry St,other,other,22.3,27.9,22.3,0,0,0,22.3,0,modelled
nisc001:229114,nisc001:229115,Henry St at Herbert St,Macquarie St at Herbert St,other,other,68.6,85.7,68.6,0,1,22,90.6,0,modelled
nisc001:229114,nisc001:229118,Henry St at Herbert St,Macquarie St before Whitely Cl,other,other,96.6,120.8,96.6,0,1,22,118.6,0,modelled
nisc001:229114,nisc001:229119,Henry St at Herbert St,Henry St opp Herbert St,other,other,33.5,41.8,33.5,0,0,0,33.5,0,modelled
nisc001:229115,nisc001:229118,Macquarie St at Herbert St,Macquarie St before Whitely Cl,other,other,33.3,41.6,33.3,0,0,0,33.3,0,modelled
nisc001:229115,nisc001:229119,Macquarie St at Herbert St,Henry St opp Herbert St,other,other,86.9,108.7,86.9,0,1,22,108.9,0,modelled
nisc001:229116,nisc001:229117,Macquarie St at Hugh St,Macquarie St after Hugh St,other,other,20.1,25.2,20.1,0,0,0,20.1,0,modelled
nisc001:229118,nisc001:229119,Macquarie St before Whitely Cl,Henry St opp Herbert St,other,other,107.4,134.2,107.4,0,1,22,129.4,0,modelled
nisc001:229119,nisc001:229120,Henry St opp Herbert St,Lockyer St at Henry St,other,other,133.6,167.0,133.6,0,1,22,155.6,0,modelled
nisc001:229122,nisc001:2303111,James St at Glebe Rd,Glebe Rd at James St,other,other,34.6,43.2,34.6,0,0,0,34.6,0,modelled
nisc001:229122,nisc001:2303112,James St at Glebe Rd,Glebe Rd opp James St,other,other,36.2,45.2,36.2,0,0,0,36.2,0,modelled
nisc001:229123,nisc001:229124,Scenic Dr opp Sun Hill Dr,Scenic Dr at Sun Hill Dr,other,other,21.1,26.4,21.1,0,0,0,21.1,0,modelled
nisc001:229123,nisc001:229135,Scenic Dr opp Sun Hill Dr,Sunhill Dr at Bershire Ave,other,other,127.2,159.0,127.2,0,1,22,149.2,0,modelled
nisc001:229123,nisc001:229141,Scenic Dr opp Sun Hill Dr,"Anglican Care Scenic Lodge, Scenic Dr",other,other,94.6,118.3,94.6,0,1,22,116.6,0,modelled
nisc001:229123,nisc001:229142,Scenic Dr opp Sun Hill Dr,Sunhill Dr at Bershire Ave,other,other,76.9,96.1,76.9,0,1,22,98.9,0,modelled
nisc001:229123,nisc001:229147,Scenic Dr opp Sun Hill Dr,Scenic Dr opp Anglican Care Scenic Lodge,other,other,133.8,167.3,133.8,0,1,22,155.8,0,modelled
nisc001:229124,nisc001:229135,Scenic Dr at Sun Hill Dr,Sunhill Dr at Bershire Ave,other,other,106.4,133.0,106.4,0,1,22,128.4,0,modelled
nisc001:229124,nisc001:229141,Scenic Dr at Sun Hill Dr,"Anglican Care Scenic Lodge, Scenic Dr",other,other,92.0,115.0,92.0,0,1,22,114.0,0,modelled
nisc001:229124,nisc001:229142,Scenic Dr at Sun Hill Dr,Sunhill Dr at Bershire Ave,other,other,55.8,69.7,55.8,0,0,0,55.8,0,modelled
nisc001:229124,nisc001:229147,Scenic Dr at Sun Hill Dr,Scenic Dr opp Anglican Care Scenic Lodge,other,other,126.3,157.9,126.3,0,1,22,148.3,0,modelled
nisc001:229127,nisc001:229128,Alice St opp Wilton St,Alice St at Wilton St,other,other,21.0,26.2,21.0,0,0,0,21.0,0,modelled
nisc001:229129,nisc001:229154,Morgan St at Yule Rd,Morgan St after Alice St,other,other,27.8,34.8,27.8,0,0,0,27.8,0,modelled
nisc001:229129,nisc001:229170,Morgan St at Yule Rd,Yule Rd after Morgan St,other,other,56.7,70.8,56.7,0,0,0,56.7,0,modelled
nisc001:229129,nisc001:229174,Morgan St at Yule Rd,Yule Rd before Morgan St,other,other,37.4,46.8,37.4,0,0,0,37.4,0,modelled
nisc001:229130,nisc001:229153,Morgan St at Kiah Pl,Morgan St opp Kiah Pl,other,other,43.9,54.9,43.9,0,0,0,43.9,0,modelled
nisc001:229131,nisc001:229152,Morgan St at Myamblah Cres,Morgan St opp Myamblah Cres,other,other,44.1,55.1,44.1,0,0,0,44.1,0,modelled
nisc001:229132,nisc001:229151,Morgan St at Hatfield St,Hatfield St at Flowerdale Ave,other,other,51.9,64.8,51.9,0,0,0,51.9,0,modelled
nisc001:229133,nisc001:229144,Hatfield St at Sun Hill Dr,Sun Hill Dr at Hatfield St,other,other,48.9,61.1,48.9,0,0,0,48.9,0,modelled
nisc001:229134,nisc001:229143,Sun Hill Dr opp Elsworth Pde,Sun Hill Dr at Elsworth Pde,other,other,55.0,68.8,55.0,0,0,0,55.0,0,modelled
nisc001:229135,nisc001:229141,Sunhill Dr at Bershire Ave,"Anglican Care Scenic Lodge, Scenic Dr",other,other,127.5,159.4,127.5,0,1,22,149.5,0,modelled
nisc001:229135,nisc001:229142,Sunhill Dr at Bershire Ave,Sunhill Dr at Bershire Ave,other,other,51.0,63.7,51.0,0,0,0,51.0,0,modelled
nisc001:229135,nisc001:229147,Sunhill Dr at Bershire Ave,Scenic Dr opp Anglican Care Scenic Lodge,other,other,124.7,155.8,124.7,0,1,22,146.7,0,modelled
nisc001:229138,nisc001:229149,Sun Hill Dr after Cedar Cres,Scenic Dr before Sun Hill Dr,other,other,148.6,185.8,148.6,0,1,22,170.6,0,modelled
nisc001:229138,nisc001:229150,Sun Hill Dr after Cedar Cres,Sun Hill Dr before Ashford Pde,other,other,30.8,38.5,30.8,0,0,0,30.8,0,modelled
nisc001:229139,nisc001:229149,Scenic Dr opp Sun Hill Dr,Scenic Dr before Sun Hill Dr,other,other,44.5,55.6,44.5,0,0,0,44.5,0,modelled
nisc001:229140,nisc001:229148,Scenic Dr opp Ashford Pde,Scenic Dr at Ashford Pde,other,other,31.2,38.9,31.2,0,0,0,31.2,0,modelled
nisc001:229141,nisc001:229142,"Anglican Care Scenic Lodge, Scenic Dr",Sunhill Dr at Bershire Ave,other,other,102.9,128.6,102.9,0,1,22,124.9,0,modelled
nisc001:229141,nisc001:229147,"Anglican Care Scenic Lodge, Scenic Dr",Scenic Dr opp Anglican Care Scenic Lodge,other,other,45.0,56.3,45.0,0,0,0,45.0,0,modelled
nisc001:229142,nisc001:229147,Sunhill Dr at Bershire Ave,Scenic Dr opp Anglican Care Scenic Lodge,other,other,118.4,147.9,118.4,0,1,22,140.4,0,modelled
nisc001:229149,nisc001:229150,Scenic Dr before Sun Hill Dr,Sun Hill Dr before Ashford Pde,other,other,120.2,150.3,120.2,0,1,22,142.2,0,modelled
nisc001:229154,nisc001:229170,Morgan St after Alice St,Yule Rd after Morgan St,other,other,77.2,96.4,77.2,0,1,22,99.2,0,modelled
nisc001:229154,nisc001:229174,Morgan St after Alice St,Yule Rd before Morgan St,other,other,56.3,70.4,56.3,0,0,0,56.3,0,modelled
nisc001:229156,nisc001:229164,Glebe Rd after Smith St,Glebe Rd before Lingard St,other,other,23.8,29.8,23.8,0,0,0,23.8,0,modelled
nisc001:229156,nisc001:229180,Glebe Rd after Smith St,Railway St opp Prince of Wales Hotel,other,other,33.8,42.3,33.8,0,0,0,33.8,0,modelled
nisc001:229156,nisc001:229186,Glebe Rd after Smith St,"Prince of Wales Hotel, Railway St",other,other,55.3,69.1,55.3,0,0,0,55.3,0,modelled
nisc001:229157,nisc001:229158,"Junction Fair, Glebe Rd","St Joseph's Primary School, Union St",other,other,128.2,160.2,128.2,0,1,22,150.2,0,modelled
nisc001:229157,nisc001:229163,"Junction Fair, Glebe Rd",Glebe Rd opp Junction Fair,other,other,22.2,27.8,22.2,0,0,0,22.2,0,modelled
nisc001:229157,nisc001:229181,"Junction Fair, Glebe Rd",Union St opp The Junction Public School,other,other,51.3,64.1,51.3,0,0,0,51.3,0,modelled
nisc001:229157,nisc001:229182,"Junction Fair, Glebe Rd","The Junction Public School, Union St",other,other,87.3,109.1,87.3,0,1,22,109.3,0,modelled
nisc001:229157,nisc001:229183,"Junction Fair, Glebe Rd",Railway St opp Rowlands Park,other,other,101.0,126.3,101.0,0,1,22,123.0,0,modelled
nisc001:229158,nisc001:229162,"St Joseph's Primary School, Union St",Union St opp St Joseph's Primary School,other,other,52.9,66.2,52.9,0,0,0,52.9,0,modelled
nisc001:229158,nisc001:229163,"St Joseph's Primary School, Union St",Glebe Rd opp Junction Fair,other,other,146.8,183.5,146.8,0,1,22,168.8,0,modelled
nisc001:229159,nisc001:229160,Union St at Kemp St,Union St at Parkway Ave,other,other,120.1,150.1,120.1,0,1,22,142.1,0,modelled
nisc001:229159,nisc001:229161,Union St at Kemp St,Union St at Kemp St,other,other,51.9,64.8,51.9,0,0,0,51.9,0,modelled
nisc001:229160,nisc001:229161,Union St at Parkway Ave,Union St at Kemp St,other,other,75.3,94.1,75.3,0,1,22,97.3,0,modelled
nisc001:229160,nisc001:230055,Union St at Parkway Ave,"Newcastle Grammar School, Union St",other,other,99.0,123.8,99.0,0,1,22,121.0,0,modelled
nisc001:229160,nisc001:230096,Union St at Parkway Ave,"Newcastle Grammar School, Parkway Ave",other,other,77.2,96.5,77.2,0,1,22,99.2,0,modelled
nisc001:229161,nisc001:230096,Union St at Kemp St,"Newcastle Grammar School, Parkway Ave",other,other,135.4,169.2,135.4,0,1,22,157.4,0,modelled
nisc001:229163,nisc001:229181,Glebe Rd opp Junction Fair,Union St opp The Junction Public School,other,other,34.2,42.7,34.2,0,0,0,34.2,0,modelled
nisc001:229163,nisc001:229182,Glebe Rd opp Junction Fair,"The Junction Public School, Union St",other,other,66.9,83.6,66.9,0,1,22,88.9,0,modelled
nisc001:229163,nisc001:229183,Glebe Rd opp Junction Fair,Railway St opp Rowlands Park,other,other,79.4,99.2,79.4,0,1,22,101.4,0,modelled
nisc001:229164,nisc001:229180,Glebe Rd before Lingard St,Railway St opp Prince of Wales Hotel,other,other,16.4,20.5,16.4,0,0,0,16.4,0,modelled
nisc001:229164,nisc001:229186,Glebe Rd before Lingard St,"Prince of Wales Hotel, Railway St",other,other,31.8,39.8,31.8,0,0,0,31.8,0,modelled
nisc001:229166,nisc001:229177,Llewellyn St opp Selwyn St,Morgan St before Llewellyn St,other,other,134.7,168.4,134.7,0,1,22,156.7,0,modelled
nisc001:229166,nisc001:229178,Llewellyn St opp Selwyn St,Llewellyn St at Selwyn St,other,other,18.4,23.0,18.4,0,0,0,18.4,0,modelled
nisc001:229167,nisc001:229168,Morgan St before Caldwell St,Morgan St at Ridge St,other,other,140.9,176.1,140.9,0,1,22,162.9,0,modelled
nisc001:229167,nisc001:229176,Morgan St before Caldwell St,Morgan St at Rose St,other,other,141.3,176.6,141.3,0,1,22,163.3,0,modelled
nisc001:229167,nisc001:229177,Morgan St before Caldwell St,Morgan St before Llewellyn St,other,other,51.2,64.0,51.2,0,0,0,51.2,0,modelled
nisc001:229168,nisc001:229176,Morgan St at Ridge St,Morgan St at Rose St,other,other,20.7,25.9,20.7,0,0,0,20.7,0,modelled
nisc001:229168,nisc001:229188,Morgan St at Ridge St,Ridge St opp Kempster Rd,other,other,97.8,122.3,97.8,0,1,22,119.8,0,modelled
nisc001:229168,nisc001:229191,Morgan St at Ridge St,Ridge St before Morgan St,other,other,49.3,61.7,49.3,0,0,0,49.3,0,modelled
nisc001:229169,nisc001:229175,"Woodward Street Reserve, Morgan St",Morgan St opp Woodward Street Reserve,other,other,56.9,71.1,56.9,0,0,0,56.9,0,modelled
nisc001:229170,nisc001:229174,Yule Rd after Morgan St,Yule Rd before Morgan St,other,other,20.8,26.0,20.8,0,0,0,20.8,0,modelled
nisc001:229171,nisc001:229173,41 Yule Rd,Yule Rd opp 31,other,other,56.7,70.9,56.7,0,0,0,56.7,0,modelled
nisc001:229172,nisc001:229192,Ridge St after Mitchell St,Ridge St at Mitchell St,other,other,23.2,29.0,23.2,0,0,0,23.2,0,modelled
nisc001:229172,nisc001:229193,Ridge St after Mitchell St,Ridge St at Mitchell St,other,other,80.7,100.9,80.7,0,1,22,102.7,0,modelled
nisc001:229176,nisc001:229188,Morgan St at Rose St,Ridge St opp Kempster Rd,other,other,118.5,148.1,118.5,0,1,22,140.5,0,modelled
nisc001:229176,nisc001:229191,Morgan St at Rose St,Ridge St before Morgan St,other,other,66.5,83.1,66.5,0,1,22,88.5,0,modelled
nisc001:229177,nisc001:229178,Morgan St before Llewellyn St,Llewellyn St at Selwyn St,other,other,130.8,163.4,130.8,0,1,22,152.8,0,modelled
nisc001:229179,nisc001:229187,Morgan St opp Berner St,Morgan St at Berner St,other,other,24.0,30.0,24.0,0,0,0,24.0,0,modelled
nisc001:229180,nisc001:229186,Railway St opp Prince of Wales Hotel,"Prince of Wales Hotel, Railway St",other,other,33.2,41.5,33.2,0,0,0,33.2,0,modelled
nisc001:229181,nisc001:229182,Union St opp The Junction Public School,"The Junction Public School, Union St",other,other,38.0,47.5,38.0,0,0,0,38.0,0,modelled
nisc001:229181,nisc001:229183,Union St opp The Junction Public School,Railway St opp Rowlands Park,other,other,72.2,90.2,72.2,0,1,22,94.2,0,modelled
nisc001:229182,nisc001:229183,"The Junction Public School, Union St",Railway St opp Rowlands Park,other,other,53.9,67.4,53.9,0,0,0,53.9,0,modelled
nisc001:229182,nisc001:229185,"The Junction Public School, Union St",Union St at Merewether St,other,other,138.9,173.6,138.9,0,1,22,160.9,0,modelled
nisc001:229183,nisc001:229184,Railway St opp Rowlands Park,Union St opp Merewether St,other,other,146.4,183.1,146.4,0,1,22,168.4,0,modelled
nisc001:229183,nisc001:229185,Railway St opp Rowlands Park,Union St at Merewether St,other,other,125.6,157.0,125.6,0,1,22,147.6,0,modelled
nisc001:229184,nisc001:229185,Union St opp Merewether St,Union St at Merewether St,other,other,22.0,27.5,22.0,0,0,0,22.0,0,modelled
nisc001:229188,nisc001:229191,Ridge St opp Kempster Rd,Ridge St before Morgan St,other,other,69.3,86.7,69.3,0,1,22,91.3,0,modelled
nisc001:229189,nisc001:229190,Ridge St at Merewether St,Ridge St after Merewether St,other,other,29.8,37.3,29.8,0,0,0,29.8,0,modelled
nisc001:229192,nisc001:229193,Ridge St at Mitchell St,Ridge St at Mitchell St,other,other,64.3,80.4,64.3,0,1,22,86.3,0,modelled
nisc001:229194,nisc001:229195,Ridge St opp Holy Family Primary School,"Holy Family Primary School, Ridge St",other,other,22.1,27.6,22.1,0,0,0,22.1,0,modelled
nisc001:229194,nisc001:229196,Ridge St opp Holy Family Primary School,"Holy Family Primary School, Pell St",other,other,116.0,145.0,116.0,0,1,22,138.0,0,modelled
nisc001:229194,nisc001:229199,Ridge St opp Holy Family Primary School,Frederick St opp Jefferson Park,other,other,127.8,159.8,127.8,0,1,22,149.8,0,modelled
nisc001:229195,nisc001:229196,"Holy Family Primary School, Ridge St","Holy Family Primary School, Pell St",other,other,94.0,117.5,94.0,0,1,22,116.0,0,modelled
nisc001:229195,nisc001:229199,"Holy Family Primary School, Ridge St",Frederick St opp Jefferson Park,other,other,146.2,182.7,146.2,0,1,22,168.2,0,modelled
nisc001:229196,nisc001:229197,"Holy Family Primary School, Pell St",Pell St at Curry St,other,other,112.5,140.7,112.5,0,1,22,134.5,0,modelled
nisc001:229197,nisc001:229198,Pell St at Curry St,Lloyd St at Curry St,other,other,149.7,187.1,149.7,0,1,22,171.7,0,modelled
nisc001:229212,nisc001:229218,Lambton Rd opp Hunter School Of The Performing Arts,"Hunter School of The Performing Arts, Lambton Rd",other,other,72.0,90.0,72.0,0,1,22,94.0,0,modelled
nisc001:229212,nisc001:229220,Lambton Rd opp Hunter School Of The Performing Arts,"Hunter School Of The Performing Arts, Lambton Rd",other,other,99.8,124.8,99.8,0,1,22,121.8,0,modelled
nisc001:229212,regionbuses:229221,Lambton Rd opp Hunter School Of The Performing Arts,"Hunter School Of The Performing Arts, Lambton Rd",other,other,117.1,146.4,117.1,0,1,22,139.1,0,modelled
nisc001:229212,regionbuses:229222,Lambton Rd opp Hunter School Of The Performing Arts,Lambton Rd opp Hunter School Of Performing Arts,other,other,65.1,81.4,65.1,0,1,22,87.1,0,modelled
nisc001:229213,nisc001:229217,Brunker Rd at Koree St,Brunker Rd after Heddon Rd,other,other,44.3,55.4,44.3,0,0,0,44.3,0,modelled
nisc001:229213,sydneytrains:229271,Brunker Rd at Koree St,Broadmeadow Station Platform 1,other,heavy_rail,343.8,429.7,343.8,0,1,22,365.8,0,modelled
nisc001:229213,sydneytrains:229272,Brunker Rd at Koree St,Broadmeadow Station Platform 2,other,heavy_rail,352.0,440.0,352.0,0,1,22,374.0,0,modelled
nisc001:229213,sydneytrains:229273,Brunker Rd at Koree St,Broadmeadow Station Platform 3,other,heavy_rail,359.6,449.5,359.6,0,1,22,381.6,0,modelled
nisc001:229214,nisc001:229216,Brunker Rd at Awaba St,Brunker Rd after Coolah Rd,other,other,48.5,60.6,48.5,0,0,0,48.5,0,modelled
nisc001:229214,nisc001:229254,Brunker Rd at Awaba St,Pokolbin St opp Merewether High School,other,other,129.0,161.3,129.0,0,1,22,151.0,0,modelled
nisc001:229214,nisc001:229256,Brunker Rd at Awaba St,"Merewether High School, Pokolbin St",other,other,145.8,182.3,145.8,0,1,22,167.8,0,modelled
nisc001:229214,regionbuses:229256,Brunker Rd at Awaba St,"Merewether High School, Pokolbin St",other,other,145.8,182.3,145.8,0,1,22,167.8,0,modelled
nisc001:229217,sydneytrains:229271,Brunker Rd after Heddon Rd,Broadmeadow Station Platform 1,other,heavy_rail,309.6,387.1,309.6,0,1,22,331.6,0,modelled
nisc001:229217,sydneytrains:229272,Brunker Rd after Heddon Rd,Broadmeadow Station Platform 2,other,heavy_rail,318.3,397.9,318.3,0,1,22,340.3,0,modelled
nisc001:229217,sydneytrains:229273,Brunker Rd after Heddon Rd,Broadmeadow Station Platform 3,other,heavy_rail,326.3,407.9,326.3,0,1,22,348.3,0,modelled
nisc001:229218,nisc001:229220,"Hunter School of The Performing Arts, Lambton Rd","Hunter School Of The Performing Arts, Lambton Rd",other,other,30.2,37.7,30.2,0,0,0,30.2,0,modelled
nisc001:229218,nisc001:229223,"Hunter School of The Performing Arts, Lambton Rd","Hunter School Of The Performing Arts, Lambton Rd",other,other,102.6,128.3,102.6,0,1,22,124.6,0,modelled
nisc001:229218,nisc001:229224,"Hunter School of The Performing Arts, Lambton Rd",Lambton Rd at Cameron St,other,other,128.5,160.6,128.5,0,1,22,150.5,0,modelled
nisc001:229218,nisc001:229265,"Hunter School of The Performing Arts, Lambton Rd",Lambton Rd opp Cameron St,other,other,137.8,172.3,137.8,0,1,22,159.8,0,modelled
nisc001:229218,regionbuses:229221,"Hunter School of The Performing Arts, Lambton Rd","Hunter School Of The Performing Arts, Lambton Rd",other,other,48.2,60.3,48.2,0,0,0,48.2,0,modelled
nisc001:229218,regionbuses:229222,"Hunter School of The Performing Arts, Lambton Rd",Lambton Rd opp Hunter School Of Performing Arts,other,other,26.9,33.6,26.9,0,0,0,26.9,0,modelled
nisc001:229219,nisc001:229247,"Broadmeadow Station, Graham Rd","Broadmeadow Station, Brown Rd",other,other,106.6,133.3,106.6,0,1,22,128.6,0,modelled
nisc001:229219,regionbuses:229268,"Broadmeadow Station, Graham Rd","Broadmeadow Station, Graham Rd",other,other,25.5,31.8,25.5,0,0,0,25.5,0,modelled
nisc001:229219,sydneytrains:229271,"Broadmeadow Station, Graham Rd",Broadmeadow Station Platform 1,other,heavy_rail,31.4,39.2,31.4,0,0,0,31.4,0,modelled
nisc001:229219,sydneytrains:229272,"Broadmeadow Station, Graham Rd",Broadmeadow Station Platform 2,other,heavy_rail,36.3,45.3,36.3,0,0,0,36.3,0,modelled
nisc001:229219,sydneytrains:229273,"Broadmeadow Station, Graham Rd",Broadmeadow Station Platform 3,other,heavy_rail,42.7,53.4,42.7,0,0,0,42.7,0,modelled
nisc001:229219,nswtrains:229271,"Broadmeadow Station, Graham Rd","Broadmeadow Station, Platform 1",other,other,31.4,39.2,31.4,0,0,0,31.4,0,modelled
nisc001:229219,nswtrains:229268,"Broadmeadow Station, Graham Rd","Broadmeadow Station, Graham Rd",other,other,10.0,12.5,10.0,0,0,0,10.0,0,modelled
nisc001:229219,nswtrains:229272,"Broadmeadow Station, Graham Rd","Broadmeadow Station, Platform 2",other,other,36.3,45.3,36.3,0,0,0,36.3,0,modelled
nisc001:229220,nisc001:229223,"Hunter School Of The Performing Arts, Lambton Rd","Hunter School Of The Performing Arts, Lambton Rd",other,other,72.5,90.6,72.5,0,1,22,94.5,0,modelled
nisc001:229220,nisc001:229224,"Hunter School Of The Performing Arts, Lambton Rd",Lambton Rd at Cameron St,other,other,98.3,122.9,98.3,0,1,22,120.3,0,modelled
nisc001:229220,nisc001:229265,"Hunter School Of The Performing Arts, Lambton Rd",Lambton Rd opp Cameron St,other,other,108.7,135.8,108.7,0,1,22,130.7,0,modelled
nisc001:229220,regionbuses:229221,"Hunter School Of The Performing Arts, Lambton Rd","Hunter School Of The Performing Arts, Lambton Rd",other,other,18.1,22.6,18.1,0,0,0,18.1,0,modelled
nisc001:229220,regionbuses:229222,"Hunter School Of The Performing Arts, Lambton Rd",Lambton Rd opp Hunter School Of Performing Arts,other,other,39.8,49.8,39.8,0,0,0,39.8,0,modelled
nisc001:229223,nisc001:229224,"Hunter School Of The Performing Arts, Lambton Rd",Lambton Rd at Cameron St,other,other,26.2,32.7,26.2,0,0,0,26.2,0,modelled
nisc001:229223,nisc001:229265,"Hunter School Of The Performing Arts, Lambton Rd",Lambton Rd opp Cameron St,other,other,45.1,56.4,45.1,0,0,0,45.1,0,modelled
nisc001:229223,regionbuses:229221,"Hunter School Of The Performing Arts, Lambton Rd","Hunter School Of The Performing Arts, Lambton Rd",other,other,54.4,68.0,54.4,0,0,0,54.4,0,modelled
nisc001:229223,regionbuses:229222,"Hunter School Of The Performing Arts, Lambton Rd",Lambton Rd opp Hunter School Of Performing Arts,other,other,105.5,131.8,105.5,0,1,22,127.5,0,modelled
nisc001:229224,nisc001:229265,Lambton Rd at Cameron St,Lambton Rd opp Cameron St,other,other,28.2,35.2,28.2,0,0,0,28.2,0,modelled
nisc001:229224,regionbuses:229221,Lambton Rd at Cameron St,"Hunter School Of The Performing Arts, Lambton Rd",other,other,80.3,100.4,80.3,0,1,22,102.3,0,modelled
nisc001:229224,regionbuses:229222,Lambton Rd at Cameron St,Lambton Rd opp Hunter School Of Performing Arts,other,other,129.6,162.0,129.6,0,1,22,151.6,0,modelled
nisc001:229225,nisc001:229228,Belford St before Samdon St,Belford St at Dixon St,other,other,32.7,40.9,32.7,0,0,0,32.7,0,modelled
nisc001:229226,nisc001:229227,Belford St at Torpey Pl,Belford St before Chatham St,other,other,45.3,56.6,45.3,0,0,0,45.3,0,modelled
nisc001:229226,sydneytrains:229271,Belford St at Torpey Pl,Broadmeadow Station Platform 1,other,heavy_rail,360.9,451.1,360.9,0,1,22,382.9,0,modelled
nisc001:229226,sydneytrains:229272,Belford St at Torpey Pl,Broadmeadow Station Platform 2,other,heavy_rail,370.9,463.7,370.9,0,1,22,392.9,0,modelled
nisc001:229226,sydneytrains:229273,Belford St at Torpey Pl,Broadmeadow Station Platform 3,other,heavy_rail,379.2,474.1,379.2,0,1,22,401.2,0,modelled
nisc001:229227,sydneytrains:229271,Belford St before Chatham St,Broadmeadow Station Platform 1,other,heavy_rail,325.9,407.3,325.9,0,1,22,347.9,0,modelled
nisc001:229227,sydneytrains:229272,Belford St before Chatham St,Broadmeadow Station Platform 2,other,heavy_rail,336.0,420.0,336.0,0,1,22,358.0,0,modelled
nisc001:229227,sydneytrains:229273,Belford St before Chatham St,Broadmeadow Station Platform 3,other,heavy_rail,344.5,430.6,344.5,0,1,22,366.5,0,modelled
nisc001:229235,nisc001:229260,Curley Rd opp Moira Rd,Lambton Rd at Australia Rd,other,other,73.7,92.1,73.7,0,1,22,95.7,0,modelled
nisc001:229235,nisc001:229266,Curley Rd opp Moira Rd,Lambton Rd at Curley Rd,other,other,48.3,60.4,48.3,0,0,0,48.3,0,modelled
nisc001:229239,nisc001:229245,Broadmeadow Rd opp St Laurence O'Toole Church,Broadmeadow Rd at Jackson St,other,other,113.1,141.4,113.1,0,1,22,135.1,0,modelled
nisc001:229239,nisc001:229246,Broadmeadow Rd opp St Laurence O'Toole Church,"St Laurence O'Toole Church, Broadmeadow Rd",other,other,125.6,157.0,125.6,0,1,22,147.6,0,modelled
nisc001:229241,nisc001:229243,Broadmeadow Rd opp Boreas Rd,Broadmeadow Rd at Boreas Rd,other,other,47.1,58.9,47.1,0,0,0,47.1,0,modelled
nisc001:229242,nisc001:229243,Broadmeadow Rd before Georgetown Rd,Broadmeadow Rd at Boreas Rd,other,other,133.6,167.0,133.6,0,1,22,155.6,0,modelled
nisc001:229246,sydneytrains:229271,"St Laurence O'Toole Church, Broadmeadow Rd",Broadmeadow Station Platform 1,other,heavy_rail,336.5,420.6,336.5,0,1,22,358.5,0,modelled
nisc001:229246,sydneytrains:229272,"St Laurence O'Toole Church, Broadmeadow Rd",Broadmeadow Station Platform 2,other,heavy_rail,329.3,411.7,329.3,0,1,22,351.3,0,modelled
nisc001:229246,sydneytrains:229273,"St Laurence O'Toole Church, Broadmeadow Rd",Broadmeadow Station Platform 3,other,heavy_rail,322.6,403.3,322.6,0,1,22,344.6,0,modelled
nisc001:229247,regionbuses:229268,"Broadmeadow Station, Brown Rd","Broadmeadow Station, Graham Rd",other,other,87.3,109.2,87.3,0,1,22,109.3,0,modelled
nisc001:229247,sydneytrains:229271,"Broadmeadow Station, Brown Rd",Broadmeadow Station Platform 1,other,heavy_rail,75.2,94.0,75.2,0,1,22,97.2,0,modelled
nisc001:229247,sydneytrains:229272,"Broadmeadow Station, Brown Rd",Broadmeadow Station Platform 2,other,heavy_rail,72.4,90.5,72.4,0,1,22,94.4,0,modelled
nisc001:229247,sydneytrains:229273,"Broadmeadow Station, Brown Rd",Broadmeadow Station Platform 3,other,heavy_rail,70.0,87.5,70.0,0,1,22,92.0,0,modelled
nisc001:229247,nswtrains:229271,"Broadmeadow Station, Brown Rd","Broadmeadow Station, Platform 1",other,other,75.2,94.0,75.2,0,1,22,97.2,0,modelled
nisc001:229247,nswtrains:229268,"Broadmeadow Station, Brown Rd","Broadmeadow Station, Graham Rd",other,other,113.6,142.0,113.6,0,1,22,135.6,0,modelled
nisc001:229247,nswtrains:229272,"Broadmeadow Station, Brown Rd","Broadmeadow Station, Platform 2",other,other,72.4,90.5,72.4,0,1,22,94.4,0,modelled
nisc001:229248,sydneytrains:229271,"Broadmeadow Basketball Stadium, Young Rd",Broadmeadow Station Platform 1,other,heavy_rail,205.6,257.0,205.6,0,1,22,227.6,0,modelled
nisc001:229248,sydneytrains:229272,"Broadmeadow Basketball Stadium, Young Rd",Broadmeadow Station Platform 2,other,heavy_rail,196.5,245.6,196.5,0,1,22,218.5,0,modelled
nisc001:229248,sydneytrains:229273,"Broadmeadow Basketball Stadium, Young Rd",Broadmeadow Station Platform 3,other,heavy_rail,189.3,236.6,189.3,0,1,22,211.3,0,modelled
nisc001:229254,nisc001:229256,Pokolbin St opp Merewether High School,"Merewether High School, Pokolbin St",other,other,19.7,24.6,19.7,0,0,0,19.7,0,modelled
nisc001:229254,regionbuses:229256,Pokolbin St opp Merewether High School,"Merewether High School, Pokolbin St",other,other,19.7,24.6,19.7,0,0,0,19.7,0,modelled
nisc001:229256,regionbuses:229256,"Merewether High School, Pokolbin St","Merewether High School, Pokolbin St",other,other,0.0,0.0,0.0,0,0,0,0.0,0,modelled
nisc001:229260,nisc001:229266,Lambton Rd at Australia Rd,Lambton Rd at Curley Rd,other,other,81.9,102.3,81.9,0,1,22,103.9,0,modelled
nisc001:229265,regionbuses:229221,Lambton Rd opp Cameron St,"Hunter School Of The Performing Arts, Lambton Rd",other,other,91.7,114.6,91.7,0,1,22,113.7,0,modelled
nisc001:229265,regionbuses:229222,Lambton Rd opp Cameron St,Lambton Rd opp Hunter School Of Performing Arts,other,other,133.4,166.8,133.4,0,1,22,155.4,0,modelled
nisc001:229266,sydneytrains:229271,Lambton Rd at Curley Rd,Broadmeadow Station Platform 1,other,heavy_rail,393.3,491.6,393.3,0,1,22,415.3,0,modelled
nisc001:229266,sydneytrains:229272,Lambton Rd at Curley Rd,Broadmeadow Station Platform 2,other,heavy_rail,387.3,484.2,387.3,0,1,22,409.3,0,modelled
nisc001:229266,sydneytrains:229273,Lambton Rd at Curley Rd,Broadmeadow Station Platform 3,other,heavy_rail,383.3,479.1,383.3,0,1,22,405.3,0,modelled
nisc001:229311,nisc001:229618,"Wickham Park, Maitland Rd",Maitland Rd opp Wickham Park,other,other,17.5,21.9,17.5,0,0,0,17.5,0,modelled
nisc001:229311,nisc001:229637,"Wickham Park, Maitland Rd",Albert St opp Hawkins Oval,other,other,72.8,91.1,72.8,0,1,22,94.8,0,modelled
nisc001:229311,nisc001:2303125,"Wickham Park, Maitland Rd",Donald St opp Lawson St,other,other,143.6,179.5,143.6,0,1,22,165.6,0,modelled
nisc001:229311,sydneytrains:2303151,"Wickham Park, Maitland Rd",Hamilton Station Platform 1,other,heavy_rail,234.0,292.5,234.0,0,1,22,256.0,0,modelled
nisc001:229311,sydneytrains:2303152,"Wickham Park, Maitland Rd",Hamilton Station Platform 2,other,heavy_rail,251.4,314.2,251.4,0,1,22,273.4,0,modelled
nisc001:229312,nisc001:229325,Hannell St at Dickson St,"Newcastle Yacht Club, Hannell St",other,other,128.8,161.0,128.8,0,1,22,150.8,0,modelled
nisc001:229312,sydneytrains:229351,Hannell St at Dickson St,Newcastle Interchange Station Platform 1,other,heavy_rail,254.9,318.7,254.9,0,1,22,276.9,0,modelled
nisc001:229312,sydneytrains:229352,Hannell St at Dickson St,Newcastle Interchange Station Platform 2,other,heavy_rail,242.5,303.1,242.5,0,1,22,264.5,0,modelled
nisc001:229312,sydneytrains:229354,Hannell St at Dickson St,Newcastle Interchange Station Platform 3,other,heavy_rail,239.7,299.7,239.7,0,1,22,261.7,0,modelled
nisc001:229313,nisc001:229324,Hannell St after Greenway St,Hannell St after Cowper St,other,other,73.7,92.2,73.7,0,1,22,95.7,0,modelled
nisc001:229324,nisc001:229353,Hannell St after Cowper St,Branch St at Fleming St,other,other,109.6,137.0,109.6,0,1,22,131.6,0,modelled
nisc001:229325,sydneytrains:229351,"Newcastle Yacht Club, Hannell St",Newcastle Interchange Station Platform 1,other,heavy_rail,369.6,462.0,369.6,0,1,22,391.6,0,modelled
nisc001:229325,sydneytrains:229352,"Newcastle Yacht Club, Hannell St",Newcastle Interchange Station Platform 2,other,heavy_rail,357.3,446.7,357.3,0,1,22,379.3,0,modelled
nisc001:229325,sydneytrains:229354,"Newcastle Yacht Club, Hannell St",Newcastle Interchange Station Platform 3,other,heavy_rail,354.6,443.3,354.6,0,1,22,376.6,0,modelled
nisc001:229326,nisc001:229333,McMichael St after The Avenue,McMichael St at The Avenue,other,other,18.4,23.0,18.4,0,0,0,18.4,0,modelled
nisc001:229327,nisc001:229332,Downie St after McMichael St,Downie St at McMichael St,other,other,20.0,25.0,20.0,0,0,0,20.0,0,modelled
nisc001:229328,nisc001:229331,Downie St at Estell St,Downie St at Estell St,other,other,21.2,26.5,21.2,0,0,0,21.2,0,modelled
nisc001:229334,nisc001:229634,The Avenue at Norfolk Ave,Norfolk Ave at The Avenue,other,other,42.2,52.8,42.2,0,0,0,42.2,0,modelled
nisc001:229342,nisc001:229343,"Wickham Park, Albert St",Albert St opp Wickham Park,other,other,149.2,186.5,149.2,0,1,22,171.2,0,modelled
nisc001:229342,sydneytrains:2303151,"Wickham Park, Albert St",Hamilton Station Platform 1,other,heavy_rail,390.1,487.6,390.1,0,1,22,412.1,0,modelled
nisc001:229342,sydneytrains:2303152,"Wickham Park, Albert St",Hamilton Station Platform 2,other,heavy_rail,398.8,498.5,398.8,0,1,22,420.8,0,modelled
nisc001:229344,nisc001:229353,Albert St at Railway St,Branch St at Fleming St,other,other,121.9,152.4,121.9,0,1,22,143.9,0,modelled
nisc001:229411,nisc001:229430,"Pat Jordan Oval, Cowper St",Cowper St opp Pat Jordan Oval,other,other,20.6,25.8,20.6,0,0,0,20.6,0,modelled
nisc001:229413,nisc001:229429,"Connolly Park, Cowper St",Cowper St opp Conolly Park,other,other,37.5,46.9,37.5,0,0,0,37.5,0,modelled
nisc001:229414,nisc001:229431,Young St at Victoria St,"Jubilee Park, Young St",other,other,41.1,51.4,41.1,0,0,0,41.1,0,modelled
nisc001:229415,nisc001:229427,Young St opp Carrington Public School,"Carrington Public School, Robertson St",other,other,77.6,97.0,77.6,0,1,22,99.6,0,modelled
nisc001:229417,nisc001:229426,"Grahame Park, Robertson St",Bourke St at Robertson St,other,other,98.9,123.6,98.9,0,1,22,120.9,0,modelled
nisc001:229418,nisc001:229425,Bourke St at Hargrave St,Bourke St at Hargrave St,other,other,62.8,78.5,62.8,0,1,22,84.8,0,modelled
nisc001:229419,nisc001:229424,Bourke St before Elizabeth St,Bourke St at Elizabeth St,other,other,28.4,35.5,28.4,0,0,0,28.4,0,modelled
nisc001:229419,nisc001:229425,Bourke St before Elizabeth St,Bourke St at Hargrave St,other,other,146.1,182.7,146.1,0,1,22,168.1,0,modelled
nisc001:229420,nisc001:229423,Elizabeth St at Rodgers St,Elizabeth St at Parker St,other,other,22.7,28.3,22.7,0,0,0,22.7,0,modelled
nisc001:229421,nisc001:229422,Elizabeth St opp Port Waratah Dr,Elizabeth St at Port Waratah Dr,other,other,48.3,60.4,48.3,0,0,0,48.3,0,modelled
nisc001:229535,nisc001:229557,Mitchell St at Queen St,Stockton Wharf,other,ferry,340.4,425.5,340.4,0,1,22,362.4,0,modelled
nisc001:229612,nisc001:229613,Maitland Rd opp Beaumont St,Maitland Rd before Beaumont St,other,other,31.1,38.8,31.1,0,0,0,31.1,0,modelled
nisc001:229612,nisc001:229632,Maitland Rd opp Beaumont St,Sheddon St at Power St,other,other,54.0,67.5,54.0,0,0,0,54.0,0,modelled
nisc001:229612,nisc001:229636,Maitland Rd opp Beaumont St,Sheddon St opp Power St,other,other,87.6,109.5,87.6,0,1,22,109.6,0,modelled
nisc001:229612,nisc001:229637,Maitland Rd opp Beaumont St,Albert St opp Hawkins Oval,other,other,121.4,151.8,121.4,0,1,22,143.4,0,modelled
nisc001:229612,sydneytrains:2303151,Maitland Rd opp Beaumont St,Hamilton Station Platform 1,other,heavy_rail,176.4,220.5,176.4,0,1,22,198.4,0,modelled
nisc001:229612,sydneytrains:2303152,Maitland Rd opp Beaumont St,Hamilton Station Platform 2,other,heavy_rail,173.6,217.0,173.6,0,1,22,195.6,0,modelled
nisc001:229613,nisc001:229632,Maitland Rd before Beaumont St,Sheddon St at Power St,other,other,84.2,105.3,84.2,0,1,22,106.2,0,modelled
nisc001:229613,nisc001:229636,Maitland Rd before Beaumont St,Sheddon St opp Power St,other,other,115.3,144.1,115.3,0,1,22,137.3,0,modelled
nisc001:229613,nisc001:229637,Maitland Rd before Beaumont St,Albert St opp Hawkins Oval,other,other,148.0,185.0,148.0,0,1,22,170.0,0,modelled
nisc001:229613,sydneytrains:2303151,Maitland Rd before Beaumont St,Hamilton Station Platform 1,other,heavy_rail,154.1,192.6,154.1,0,1,22,176.1,0,modelled
nisc001:229613,sydneytrains:2303152,Maitland Rd before Beaumont St,Hamilton Station Platform 2,other,heavy_rail,148.0,185.0,148.0,0,1,22,170.0,0,modelled
nisc001:229613,nswtrains:2303152,Maitland Rd before Beaumont St,Hamilton Station Platform 2,other,other,148.0,185.0,148.0,0,1,22,170.0,0,modelled
nisc001:229615,nisc001:229621,Maitland Rd opp Islington St,Maitland Rd at Hubbard St,other,other,25.0,31.2,25.0,0,0,0,25.0,0,modelled
nisc001:229616,nisc001:229620,"Islington Park, Maitland Rd",Maitland Rd opp Islington Park,other,other,45.3,56.6,45.3,0,0,0,45.3,0,modelled
nisc001:229617,nisc001:229619,Maitland Rd opp May St,Maitland Rd at May St,other,other,18.7,23.4,18.7,0,0,0,18.7,0,modelled
nisc001:229617,sydneytrains:2303151,Maitland Rd opp May St,Hamilton Station Platform 1,other,heavy_rail,362.7,453.3,362.7,0,1,22,384.7,0,modelled
nisc001:229617,sydneytrains:2303152,Maitland Rd opp May St,Hamilton Station Platform 2,other,heavy_rail,337.5,421.9,337.5,0,1,22,359.5,0,modelled
nisc001:229618,nisc001:229637,Maitland Rd opp Wickham Park,Albert St opp Hawkins Oval,other,other,89.1,111.4,89.1,0,1,22,111.1,0,modelled
nisc001:229618,nisc001:2303125,Maitland Rd opp Wickham Park,Donald St opp Lawson St,other,other,126.3,157.9,126.3,0,1,22,148.3,0,modelled
nisc001:229618,sydneytrains:2303151,Maitland Rd opp Wickham Park,Hamilton Station Platform 1,other,heavy_rail,229.0,286.2,229.0,0,1,22,251.0,0,modelled
nisc001:229618,sydneytrains:2303152,Maitland Rd opp Wickham Park,Hamilton Station Platform 2,other,heavy_rail,247.9,309.8,247.9,0,1,22,269.9,0,modelled
nisc001:229619,sydneytrains:2303151,Maitland Rd at May St,Hamilton Station Platform 1,other,heavy_rail,355.6,444.5,355.6,0,1,22,377.6,0,modelled
nisc001:229619,sydneytrains:2303152,Maitland Rd at May St,Hamilton Station Platform 2,other,heavy_rail,329.9,412.4,329.9,0,1,22,351.9,0,modelled
nisc001:229632,nisc001:229636,Sheddon St at Power St,Sheddon St opp Power St,other,other,37.5,46.9,37.5,0,0,0,37.5,0,modelled
nisc001:229632,nisc001:229637,Sheddon St at Power St,Albert St opp Hawkins Oval,other,other,97.8,122.3,97.8,0,1,22,119.8,0,modelled
nisc001:229632,sydneytrains:2303151,Sheddon St at Power St,Hamilton Station Platform 1,other,heavy_rail,227.2,283.9,227.2,0,1,22,249.2,0,modelled
nisc001:229632,sydneytrains:2303152,Sheddon St at Power St,Hamilton Station Platform 2,other,heavy_rail,226.4,283.0,226.4,0,1,22,248.4,0,modelled
nisc001:229633,nisc001:229635,Norfolk Ave after Robert St,Norfolk Ave before Robert St,other,other,20.6,25.8,20.6,0,0,0,20.6,0,modelled
nisc001:229636,nisc001:229637,Sheddon St opp Power St,Albert St opp Hawkins Oval,other,other,117.1,146.4,117.1,0,1,22,139.1,0,modelled
nisc001:229636,sydneytrains:2303151,Sheddon St opp Power St,Hamilton Station Platform 1,other,heavy_rail,263.3,329.1,263.3,0,1,22,285.3,0,modelled
nisc001:229636,sydneytrains:2303152,Sheddon St opp Power St,Hamilton Station Platform 2,other,heavy_rail,261.2,326.5,261.2,0,1,22,283.2,0,modelled
nisc001:229637,sydneytrains:2303151,Albert St opp Hawkins Oval,Hamilton Station Platform 1,other,heavy_rail,238.8,298.4,238.8,0,1,22,260.8,0,modelled
nisc001:229637,sydneytrains:2303152,Albert St opp Hawkins Oval,Hamilton Station Platform 2,other,heavy_rail,249.1,311.4,249.1,0,1,22,271.1,0,modelled
nisc001:229711,nisc001:229712,Maitland Rd at Elizabeth St,Maitland Rd after Elizabeth St,other,other,62.7,78.4,62.7,0,1,22,84.7,0,modelled
nisc001:229711,nisc001:229728,Maitland Rd at Elizabeth St,Elizabeth St before Maitland Rd,other,other,77.6,97.0,77.6,0,1,22,99.6,0,modelled
nisc001:229712,nisc001:229728,Maitland Rd after Elizabeth St,Elizabeth St before Maitland Rd,other,other,140.3,175.4,140.3,0,1,22,162.3,0,modelled
nisc001:229713,nisc001:229714,Maitland Rd opp Newcastle TAFE,"Newcastle TAFE, Maitland Rd",other,other,71.7,89.6,71.7,0,1,22,93.7,0,modelled
nisc001:229713,regionbuses:229713,Maitland Rd opp Newcastle TAFE,Maitland Rd opp Newcastle TAFE,other,other,0.0,0.0,0.0,0,0,0,0.0,0,modelled
nisc001:229714,regionbuses:229713,"Newcastle TAFE, Maitland Rd",Maitland Rd opp Newcastle TAFE,other,other,71.7,89.6,71.7,0,1,22,93.7,0,modelled
nisc001:229718,nisc001:229725,Elizabeth St at William St,William St at Elizabeth St,other,other,43.5,54.3,43.5,0,0,0,43.5,0,modelled
nisc001:229718,nisc001:229726,Elizabeth St at William St,"Tighes Hill Public School, Elizabeth St",other,other,47.2,59.0,47.2,0,0,0,47.2,0,modelled
nisc001:229718,nisc001:229730,Elizabeth St at William St,William St after Bryant St,other,other,51.3,64.2,51.3,0,0,0,51.3,0,modelled
nisc001:229721,nisc001:229722,Elizabeth St before Industrial Dr,Elizabeth St after Hannell St,other,other,19.3,24.1,19.3,0,0,0,19.3,0,modelled
nisc001:229721,nisc001:229734,Elizabeth St before Industrial Dr,Elizabeth St at Revelation Cl,other,other,141.7,177.1,141.7,0,1,22,163.7,0,modelled
nisc001:229722,nisc001:229734,Elizabeth St after Hannell St,Elizabeth St at Revelation Cl,other,other,137.7,172.2,137.7,0,1,22,159.7,0,modelled
nisc001:229725,nisc001:229726,William St at Elizabeth St,"Tighes Hill Public School, Elizabeth St",other,other,90.7,113.3,90.7,0,1,22,112.7,0,modelled
nisc001:229725,nisc001:229730,William St at Elizabeth St,William St after Bryant St,other,other,77.0,96.3,77.0,0,1,22,99.0,0,modelled
nisc001:229726,nisc001:229730,"Tighes Hill Public School, Elizabeth St",William St after Bryant St,other,other,56.8,71.1,56.8,0,0,0,56.8,0,modelled
nisc001:229731,nisc001:229732,Industrial Dr opp Hunter Bulk Terminal,"Hunter Bulk Terminal, Industrial Dr",other,other,29.3,36.6,29.3,0,0,0,29.3,0,modelled
nisc001:229733,nisc001:229734,Elizabeth St opp Kings Rd,Elizabeth St at Revelation Cl,other,other,49.6,62.0,49.6,0,0,0,49.6,0,modelled
nisc001:229811,nisc001:229842,"Waratah Station, Platt St",Platt St opp Waratah Station,other,other,24.9,31.1,24.9,0,0,0,24.9,0,modelled
nisc001:229811,nisc001:230450,"Waratah Station, Platt St",Hanbury St at Railway Tce,other,other,106.6,133.2,106.6,0,1,22,128.6,0,modelled
nisc001:229811,nisc001:230451,"Waratah Station, Platt St",Hanbury St opp Sunderland St,other,other,110.9,138.6,110.9,0,1,22,132.9,0,modelled
nisc001:229811,sydneytrains:2304311,"Waratah Station, Platt St",Waratah Station Platform 1,other,heavy_rail,56.6,70.8,56.6,0,0,0,56.6,0,modelled
nisc001:229811,sydneytrains:2304312,"Waratah Station, Platt St",Waratah Station Platform 2,other,heavy_rail,54.3,67.9,54.3,0,0,0,54.3,0,modelled
nisc001:229811,nswtrains:2304312,"Waratah Station, Platt St",Waratah Station Platform 2,other,other,54.3,67.9,54.3,0,0,0,54.3,0,modelled
nisc001:229811,nswtrains:2304311,"Waratah Station, Platt St",Waratah Station Platform 1,other,other,56.6,70.8,56.6,0,0,0,56.6,0,modelled
nisc001:229812,nisc001:229819,Maud St opp King St,Maud St at King St,other,other,66.0,82.5,66.0,0,1,22,88.0,0,modelled
nisc001:229813,nisc001:229890,University Dr after Delauret Square,Delauret Sq opp International Christian Church,other,other,67.9,84.9,67.9,0,1,22,89.9,0,modelled
nisc001:229813,nisc001:230816,University Dr after Delauret Square,University Dr opp Delauret Square,other,other,35.9,44.9,35.9,0,0,0,35.9,0,modelled
nisc001:229814,nisc001:229845,"Callaghan College Waratah Technology Campus, Turton Rd",Turton Rd opp Callaghan College,other,other,92.5,115.6,92.5,0,1,22,114.5,0,modelled
nisc001:229814,regionbuses:229857,"Callaghan College Waratah Technology Campus, Turton Rd","Callaghan College Waratah Campus, Turton Rd",other,other,31.7,39.6,31.7,0,0,0,31.7,0,modelled
nisc001:229814,sydneytrains:2304311,"Callaghan College Waratah Technology Campus, Turton Rd",Waratah Station Platform 1,other,heavy_rail,315.2,394.0,315.2,0,1,22,337.2,0,modelled
nisc001:229814,sydneytrains:2304312,"Callaghan College Waratah Technology Campus, Turton Rd",Waratah Station Platform 2,other,heavy_rail,304.5,380.6,304.5,0,1,22,326.5,0,modelled
nisc001:229818,nisc001:229823,Turton Rd at Tinonee Rd,Georgetown Rd at Bowker St,other,other,133.9,167.3,133.9,0,1,22,155.9,0,modelled
nisc001:229820,nisc001:229821,Georgetown Rd opp David St,Georgetown Rd opp Hunter St,other,other,125.6,157.0,125.6,0,1,22,147.6,0,modelled
nisc001:229820,nisc001:229856,Georgetown Rd opp David St,Georgetown Rd opp Christo Rd,other,other,54.6,68.3,54.6,0,0,0,54.6,0,modelled
nisc001:229820,nisc001:229897,Georgetown Rd opp David St,Christo Rd at Georgetown Rd,other,other,48.3,60.3,48.3,0,0,0,48.3,0,modelled
nisc001:229820,nisc001:229898,Georgetown Rd opp David St,Christo Rd at Stephen St,other,other,85.2,106.5,85.2,0,1,22,107.2,0,modelled
nisc001:229821,nisc001:229855,Georgetown Rd opp Hunter St,Georgetown Rd at Hunter St,other,other,37.8,47.3,37.8,0,0,0,37.8,0,modelled
nisc001:229822,nisc001:229854,Georgetown Rd opp Moate St,Georgetown Rd at Moate St,other,other,39.0,48.8,39.0,0,0,0,39.0,0,modelled
nisc001:229822,nisc001:229855,Georgetown Rd opp Moate St,Georgetown Rd at Hunter St,other,other,148.6,185.7,148.6,0,1,22,170.6,0,modelled
nisc001:229823,nisc001:229853,Georgetown Rd at Bowker St,Turton Rd before Georgetown Rd,other,other,128.4,160.5,128.4,0,1,22,150.4,0,modelled
nisc001:229824,nisc001:229844,Georgetown Rd at Coolamin Rd,Georgetown Rd opp Coolamin Rd,other,other,18.0,22.6,18.0,0,0,0,18.0,0,modelled
nisc001:229824,nisc001:229853,Georgetown Rd at Coolamin Rd,Turton Rd before Georgetown Rd,other,other,86.8,108.6,86.8,0,1,22,108.8,0,modelled
nisc001:229825,nisc001:229852,Tighe St at Georgetown Rd,High St before Tighe St,other,other,51.2,64.0,51.2,0,0,0,51.2,0,modelled
nisc001:229826,nisc001:229827,"Waratah Public School, High St","Waratah Public School, Bridge St",other,other,141.4,176.7,141.4,0,1,22,163.4,0,modelled
nisc001:229826,nisc001:229850,"Waratah Public School, High St",Bridge St after Station St,other,other,114.8,143.4,114.8,0,1,22,136.8,0,modelled
nisc001:229826,nisc001:229851,"Waratah Public School, High St","St Philip's College, High St",other,other,72.2,90.2,72.2,0,1,22,94.2,0,modelled
nisc001:229826,regionbuses:229851,"Waratah Public School, High St","St Philip's College, High St",other,other,72.2,90.2,72.2,0,1,22,94.2,0,modelled
nisc001:229827,nisc001:229873,"Waratah Public School, Bridge St",Lambton Rd at Coolamin Rd,other,other,114.2,142.7,114.2,0,1,22,136.2,0,modelled
nisc001:229829,nisc001:229851,Lambton Rd opp Waratah Public School,"St Philip's College, High St",other,other,147.5,184.4,147.5,0,1,22,169.5,0,modelled
nisc001:229829,regionbuses:229851,Lambton Rd opp Waratah Public School,"St Philip's College, High St",other,other,147.5,184.4,147.5,0,1,22,169.5,0,modelled
nisc001:229832,nisc001:229833,Bridge St at Myall Rd,Bridge St opp Smart St,other,other,148.4,185.5,148.4,0,1,22,170.4,0,modelled
nisc001:229832,nisc001:229850,Bridge St at Myall Rd,Bridge St after Station St,other,other,116.3,145.4,116.3,0,1,22,138.3,0,modelled
nisc001:229832,regionbuses:2298116,Bridge St at Myall Rd,St Phillip's College before Bridge St,other,other,85.6,107.0,85.6,0,1,22,107.6,0,modelled
nisc001:229833,nisc001:229836,Bridge St opp Smart St,Platt St opp Corpus Christi Primary School,other,other,139.8,174.7,139.8,0,1,22,161.8,0,modelled
nisc001:229833,nisc001:229848,Bridge St opp Smart St,Platt St opp Corpus Christi Catholic Church,other,other,72.8,91.0,72.8,0,1,22,94.8,0,modelled
nisc001:229833,nisc001:229849,Bridge St opp Smart St,Bridge St after Platt St,other,other,34.6,43.2,34.6,0,0,0,34.6,0,modelled
nisc001:229834,nisc001:229895,Turton Rd before Christo Rd,Christo Rd before Turton Rd,other,other,91.6,114.5,91.6,0,1,22,113.6,0,modelled
nisc001:229836,nisc001:229848,Platt St opp Corpus Christi Primary School,Platt St opp Corpus Christi Catholic Church,other,other,81.0,101.3,81.0,0,1,22,103.0,0,modelled
nisc001:229836,nisc001:229849,Platt St opp Corpus Christi Primary School,Bridge St after Platt St,other,other,107.8,134.8,107.8,0,1,22,129.8,0,modelled
nisc001:229838,nisc001:229847,Platt St at Grove St,Platt St at Grove St,other,other,33.3,41.6,33.3,0,0,0,33.3,0,modelled
nisc001:229839,nisc001:229840,Platt St at Prince St,Turton Rd before Platt St,other,other,65.8,82.3,65.8,0,1,22,87.8,0,modelled
nisc001:229839,nisc001:229841,Platt St at Prince St,Turton Rd before Station St,other,other,147.6,184.5,147.6,0,1,22,169.6,0,modelled
nisc001:229839,nisc001:229846,Platt St at Prince St,Platt St before Dulling St,other,other,29.7,37.1,29.7,0,0,0,29.7,0,modelled
nisc001:229839,regionbuses:229840,Platt St at Prince St,Turton Rd before Platt St,other,other,65.8,82.3,65.8,0,1,22,87.8,0,modelled
nisc001:229839,sydneytrains:2304311,Platt St at Prince St,Waratah Station Platform 1,other,heavy_rail,273.7,342.2,273.7,0,1,22,295.7,0,modelled
nisc001:229839,sydneytrains:2304312,Platt St at Prince St,Waratah Station Platform 2,other,heavy_rail,273.1,341.4,273.1,0,1,22,295.1,0,modelled
nisc001:229840,nisc001:229841,Turton Rd before Platt St,Turton Rd before Station St,other,other,84.8,106.0,84.8,0,1,22,106.8,0,modelled
nisc001:229840,nisc001:229842,Turton Rd before Platt St,Platt St opp Waratah Station,other,other,144.9,181.1,144.9,0,1,22,166.9,0,modelled
nisc001:229840,nisc001:229846,Turton Rd before Platt St,Platt St before Dulling St,other,other,69.1,86.3,69.1,0,1,22,91.1,0,modelled
nisc001:229840,regionbuses:229840,Turton Rd before Platt St,Turton Rd before Platt St,other,other,0.0,0.0,0.0,0,0,0,0.0,0,modelled
nisc001:229840,sydneytrains:2304311,Turton Rd before Platt St,Waratah Station Platform 1,other,heavy_rail,226.1,282.7,226.1,0,1,22,248.1,0,modelled
nisc001:229840,sydneytrains:2304312,Turton Rd before Platt St,Waratah Station Platform 2,other,heavy_rail,223.5,279.4,223.5,0,1,22,245.5,0,modelled
nisc001:229841,nisc001:229842,Turton Rd before Station St,Platt St opp Waratah Station,other,other,141.1,176.4,141.1,0,1,22,163.1,0,modelled
nisc001:229841,nisc001:229846,Turton Rd before Station St,Platt St before Dulling St,other,other,140.5,175.6,140.5,0,1,22,162.5,0,modelled
nisc001:229841,regionbuses:229840,Turton Rd before Station St,Turton Rd before Platt St,other,other,84.8,106.0,84.8,0,1,22,106.8,0,modelled
nisc001:229841,sydneytrains:2304311,Turton Rd before Station St,Waratah Station Platform 1,other,heavy_rail,216.0,270.0,216.0,0,1,22,238.0,0,modelled
nisc001:229841,sydneytrains:2304312,Turton Rd before Station St,Waratah Station Platform 2,other,heavy_rail,209.4,261.7,209.4,0,1,22,231.4,0,modelled
nisc001:229842,nisc001:230450,Platt St opp Waratah Station,Hanbury St at Railway Tce,other,other,127.4,159.3,127.4,0,1,22,149.4,0,modelled
nisc001:229842,nisc001:230451,Platt St opp Waratah Station,Hanbury St opp Sunderland St,other,other,129.4,161.7,129.4,0,1,22,151.4,0,modelled
nisc001:229842,regionbuses:229840,Platt St opp Waratah Station,Turton Rd before Platt St,other,other,144.9,181.1,144.9,0,1,22,166.9,0,modelled
nisc001:229842,sydneytrains:2304311,Platt St opp Waratah Station,Waratah Station Platform 1,other,heavy_rail,81.5,101.9,81.5,0,1,22,103.5,0,modelled
nisc001:229842,sydneytrains:2304312,Platt St opp Waratah Station,Waratah Station Platform 2,other,heavy_rail,78.7,98.4,78.7,0,1,22,100.7,0,modelled
nisc001:229842,nswtrains:2304312,Platt St opp Waratah Station,Waratah Station Platform 2,other,other,78.7,98.4,78.7,0,1,22,100.7,0,modelled
nisc001:229842,nswtrains:2304311,Platt St opp Waratah Station,Waratah Station Platform 1,other,other,81.5,101.9,81.5,0,1,22,103.5,0,modelled
nisc001:229844,nisc001:229853,Georgetown Rd opp Coolamin Rd,Turton Rd before Georgetown Rd,other,other,78.5,98.1,78.5,0,1,22,100.5,0,modelled
nisc001:229845,regionbuses:229857,Turton Rd opp Callaghan College,"Callaghan College Waratah Campus, Turton Rd",other,other,61.3,76.7,61.3,0,1,22,83.3,0,modelled
nisc001:229845,sydneytrains:2304311,Turton Rd opp Callaghan College,Waratah Station Platform 1,other,heavy_rail,399.5,499.4,399.5,0,1,22,421.5,0,modelled
nisc001:229845,sydneytrains:2304312,Turton Rd opp Callaghan College,Waratah Station Platform 2,other,heavy_rail,388.4,485.5,388.4,0,1,22,410.4,0,modelled
nisc001:229846,regionbuses:229840,Platt St before Dulling St,Turton Rd before Platt St,other,other,69.1,86.3,69.1,0,1,22,91.1,0,modelled
nisc001:229846,sydneytrains:2304311,Platt St before Dulling St,Waratah Station Platform 1,other,heavy_rail,290.6,363.3,290.6,0,1,22,312.6,0,modelled
nisc001:229846,sydneytrains:2304312,Platt St before Dulling St,Waratah Station Platform 2,other,heavy_rail,289.0,361.3,289.0,0,1,22,311.0,0,modelled
nisc001:229848,nisc001:229849,Platt St opp Corpus Christi Catholic Church,Bridge St after Platt St,other,other,38.7,48.4,38.7,0,0,0,38.7,0,modelled
nisc001:229848,nisc001:229858,Platt St opp Corpus Christi Catholic Church,Edith St opp Calvary Mater Newcastle,other,other,144.8,181.0,144.8,0,1,22,166.8,0,modelled
nisc001:229850,regionbuses:2298116,Bridge St after Station St,St Phillip's College before Bridge St,other,other,93.3,116.7,93.3,0,1,22,115.3,0,modelled
nisc001:229851,regionbuses:229851,"St Philip's College, High St","St Philip's College, High St",other,other,0.0,0.0,0.0,0,0,0,0.0,0,modelled
nisc001:229856,nisc001:229897,Georgetown Rd opp Christo Rd,Christo Rd at Georgetown Rd,other,other,40.1,50.1,40.1,0,0,0,40.1,0,modelled
nisc001:229856,nisc001:229898,Georgetown Rd opp Christo Rd,Christo Rd at Stephen St,other,other,108.7,135.9,108.7,0,1,22,130.7,0,modelled
nisc001:229858,nisc001:229859,Edith St opp Calvary Mater Newcastle,"Calvary Mater Newcastle, Edith St",other,other,56.7,70.9,56.7,0,0,0,56.7,0,modelled
nisc001:229860,nisc001:229861,Lorna St at Angus Ave,Lorna St opp Angus Ave,other,other,27.5,34.4,27.5,0,0,0,27.5,0,modelled
nisc001:229863,nisc001:229872,Lambton Rd at Delando St,Lambton Rd opp Delando St,other,other,22.9,28.6,22.9,0,0,0,22.9,0,modelled
nisc001:229864,nisc001:229871,Lambton Rd opp Oxley Rd,Lambton Rd before Oxley Rd,other,other,33.0,41.3,33.0,0,0,0,33.0,0,modelled
nisc001:229864,nisc001:229892,Lambton Rd opp Oxley Rd,Christo Rd opp Newcastle Eye Hospital,other,other,92.5,115.6,92.5,0,1,22,114.5,0,modelled
nisc001:229865,nisc001:229870,Morpeth Rd at Christo Rd,Morpeth Rd before Christo Rd,other,other,22.7,28.4,22.7,0,0,0,22.7,0,modelled
nisc001:229866,nisc001:229869,Morpeth Rd opp Tripet Pl,Morpeth Rd at Tripet Pl,other,other,16.1,20.1,16.1,0,0,0,16.1,0,modelled
nisc001:229871,nisc001:229892,Lambton Rd before Oxley Rd,Christo Rd opp Newcastle Eye Hospital,other,other,69.5,86.9,69.5,0,1,22,91.5,0,modelled
nisc001:229876,nisc001:229889,Marcus St at Dover Cres,Marcus St opp Dover Cres,other,other,36.4,45.4,36.4,0,0,0,36.4,0,modelled
nisc001:229877,nisc001:229888,Marcus St at Allowah St,Marcus St after Allowah St,other,other,21.4,26.7,21.4,0,0,0,21.4,0,modelled
nisc001:229879,nisc001:2299126,Acacia Ave at Alnwick Rd,Acacia Ave opp Alnwick Rd,other,other,62.4,78.0,62.4,0,1,22,84.4,0,modelled
nisc001:229882,nisc001:229887,Allowah St opp Thomas Percy Oval,"Thomas Percy Oval, Allowah St",other,other,20.1,25.2,20.1,0,0,0,20.1,0,modelled
nisc001:229883,nisc001:229886,Allowah St opp Stannet St,Allowah St at Stannet St,other,other,18.1,22.7,18.1,0,0,0,18.1,0,modelled
nisc001:229884,nisc001:229885,Stannett St opp Kimian Ave,Stannett St at Kimian Ave,other,other,58.6,73.3,58.6,0,0,0,58.6,0,modelled
nisc001:229884,nisc001:230821,Stannett St opp Kimian Ave,University Dr opp University of Newcastle Eastern Entrance,other,other,64.3,80.4,64.3,0,1,22,86.3,0,modelled
nisc001:229884,nisc001:230826,Stannett St opp Kimian Ave,"University of Newcastle Eastern Entrance, University Dr",other,other,124.3,155.4,124.3,0,1,22,146.3,0,modelled
nisc001:229884,regionbuses:230826,Stannett St opp Kimian Ave,"University of Newcastle Eastern Entrance, University Dr",other,other,124.3,155.4,124.3,0,1,22,146.3,0,modelled
nisc001:229885,nisc001:230821,Stannett St at Kimian Ave,University Dr opp University of Newcastle Eastern Entrance,other,other,114.2,142.7,114.2,0,1,22,136.2,0,modelled
nisc001:229890,nisc001:230816,Delauret Sq opp International Christian Church,University Dr opp Delauret Square,other,other,60.9,76.1,60.9,0,1,22,82.9,0,modelled
nisc001:229896,nisc001:229899,Christo Rd at Asher St,Christo Rd at Asher St,other,other,27.1,33.9,27.1,0,0,0,27.1,0,modelled
nisc001:229897,nisc001:229898,Christo Rd at Georgetown Rd,Christo Rd at Stephen St,other,other,69.3,86.6,69.3,0,1,22,91.3,0,modelled
nisc001:229911,nisc001:229912,"Stockland Jesmond, Blue Gum Rd",Blue Gum Rd opp Stockland Jesmond,other,other,21.3,26.6,21.3,0,0,0,21.3,0,modelled
nisc001:229914,nisc001:229918,"Heaton Park, Blue Gum Rd",Blue Gum Rd opp Heaton Park,other,other,80.5,100.6,80.5,0,1,22,102.5,0,modelled
nisc001:229914,nisc001:229933,"Heaton Park, Blue Gum Rd",Janet St opp Heaton St,other,other,120.6,150.8,120.6,0,1,22,142.6,0,modelled
nisc001:229914,nisc001:229934,"Heaton Park, Blue Gum Rd",Janet St before Heaton St,other,other,71.5,89.4,71.5,0,1,22,93.5,0,modelled
nisc001:229918,nisc001:229934,Blue Gum Rd opp Heaton Park,Janet St before Heaton St,other,other,111.4,139.3,111.4,0,1,22,133.4,0,modelled
nisc001:229918,nisc001:229951,Blue Gum Rd opp Heaton Park,Blue Gum Rd before Goodwin St,other,other,142.5,178.1,142.5,0,1,22,164.5,0,modelled
nisc001:229921,nisc001:229926,Newcastle Rd at Steel St,Newcastle Rd opp Steel St,other,other,33.3,41.6,33.3,0,0,0,33.3,0,modelled
nisc001:229931,nisc001:229937,Janet St opp Sunset Bvd,Janet St at Sunset Bvd,other,other,21.0,26.2,21.0,0,0,0,21.0,0,modelled
nisc001:229931,nisc001:229938,Janet St opp Sunset Bvd,Seventh St opp Pilkington St,other,other,118.2,147.7,118.2,0,1,22,140.2,0,modelled
nisc001:229931,nisc001:229943,Janet St opp Sunset Bvd,Seventh St at Henry St,other,other,114.5,143.2,114.5,0,1,22,136.5,0,modelled
nisc001:229932,nisc001:229935,Janet St opp Callaghan College Jesmond Senior Campus,"Callaghan College, Janet St",other,other,45.6,57.0,45.6,0,0,0,45.6,0,modelled
nisc001:229933,nisc001:229934,Janet St opp Heaton St,Janet St before Heaton St,other,other,49.2,61.5,49.2,0,0,0,49.2,0,modelled
nisc001:229937,nisc001:229938,Janet St at Sunset Bvd,Seventh St opp Pilkington St,other,other,122.3,152.8,122.3,0,1,22,144.3,0,modelled
nisc001:229937,nisc001:229943,Janet St at Sunset Bvd,Seventh St at Henry St,other,other,121.9,152.4,121.9,0,1,22,143.9,0,modelled
nisc001:229938,nisc001:229942,Seventh St opp Pilkington St,Seventh St at Arthur St,other,other,139.1,173.9,139.1,0,1,22,161.1,0,modelled
nisc001:229938,nisc001:229943,Seventh St opp Pilkington St,Seventh St at Henry St,other,other,19.2,24.0,19.2,0,0,0,19.2,0,modelled
nisc001:229939,nisc001:229942,Seventh St opp Arthur St,Seventh St at Arthur St,other,other,41.2,51.5,41.2,0,0,0,41.2,0,modelled
nisc001:229940,nisc001:229941,Seventh St at George St,Seventh St at George St,other,other,21.3,26.6,21.3,0,0,0,21.3,0,modelled
nisc001:229942,nisc001:229943,Seventh St at Arthur St,Seventh St at Henry St,other,other,147.6,184.5,147.6,0,1,22,169.6,0,modelled
nisc001:229956,nisc001:229959,George St opp Hill St,George St at Hill St,other,other,18.4,23.0,18.4,0,0,0,18.4,0,modelled
nisc001:229956,nisc001:229960,George St opp Hill St,Hill St after Dent St,other,other,140.7,175.9,140.7,0,1,22,162.7,0,modelled
nisc001:229956,nisc001:229961,George St opp Hill St,Hill St at Dent St,other,other,146.2,182.8,146.2,0,1,22,168.2,0,modelled
nisc001:229957,nisc001:229958,George St at Percy St,George St opp Percy St,other,other,31.9,39.9,31.9,0,0,0,31.9,0,modelled
nisc001:229959,nisc001:229960,George St at Hill St,Hill St after Dent St,other,other,122.3,152.9,122.3,0,1,22,144.3,0,modelled
nisc001:229959,nisc001:229961,George St at Hill St,Hill St at Dent St,other,other,127.9,159.9,127.9,0,1,22,149.9,0,modelled
nisc001:229960,nisc001:229961,Hill St after Dent St,Hill St at Dent St,other,other,22.3,27.8,22.3,0,0,0,22.3,0,modelled
nisc001:229966,nisc001:229979,"Lambton High School, Womboin Rd",Young Rd at Womboin Rd,other,other,50.6,63.3,50.6,0,0,0,50.6,0,modelled
nisc001:229966,nisc001:230533,"Lambton High School, Womboin Rd","Lambton High School, Young Rd",other,other,99.3,124.2,99.3,0,1,22,121.3,0,modelled
nisc001:229966,nisc001:230535,"Lambton High School, Womboin Rd","Lambton High School, Young Rd",other,other,52.5,65.7,52.5,0,0,0,52.5,0,modelled
nisc001:229966,regionbuses:229966,"Lambton High School, Womboin Rd","Lambton High School, Womboin Rd",other,other,0.0,0.0,0.0,0,0,0,0.0,0,modelled
nisc001:229966,regionbuses:230535,"Lambton High School, Womboin Rd","Lambton High School, Young Rd",other,other,52.5,65.7,52.5,0,0,0,52.5,0,modelled
nisc001:229968,nisc001:229969,Wallarah Rd at Womboin Rd,Wallarah Rd after Womboin Rd,other,other,23.0,28.8,23.0,0,0,0,23.0,0,modelled
nisc001:229970,nisc001:229971,Wallarah Rd at Young Rd,Young Rd at Wallarah Rd,other,other,34.1,42.6,34.1,0,0,0,34.1,0,modelled
nisc001:229970,nisc001:229977,Wallarah Rd at Young Rd,Young Rd at Orlando Rd,other,other,67.4,84.2,67.4,0,1,22,89.4,0,modelled
nisc001:229971,nisc001:229977,Young Rd at Wallarah Rd,Young Rd at Orlando Rd,other,other,91.3,114.2,91.3,0,1,22,113.3,0,modelled
nisc001:229971,nisc001:229978,Young Rd at Wallarah Rd,"Lambton Fire Station, Young Rd",other,other,121.8,152.3,121.8,0,1,22,143.8,0,modelled
nisc001:229973,nisc001:229976,Young Rd at Elder St,Young Rd opp Elder St,other,other,50.1,62.7,50.1,0,0,0,50.1,0,modelled
nisc001:229974,nisc001:229975,Young Rd at Tathra Rd,Young Rd at Tathra Rd,other,other,49.0,61.3,49.0,0,0,0,49.0,0,modelled
nisc001:229978,nisc001:229979,"Lambton Fire Station, Young Rd",Young Rd at Womboin Rd,other,other,141.6,177.0,141.6,0,1,22,163.6,0,modelled
nisc001:229979,nisc001:230533,Young Rd at Womboin Rd,"Lambton High School, Young Rd",other,other,99.4,124.3,99.4,0,1,22,121.4,0,modelled
nisc001:229979,nisc001:230535,Young Rd at Womboin Rd,"Lambton High School, Young Rd",other,other,44.6,55.8,44.6,0,0,0,44.6,0,modelled
nisc001:229979,regionbuses:229966,Young Rd at Womboin Rd,"Lambton High School, Womboin Rd",other,other,50.6,63.3,50.6,0,0,0,50.6,0,modelled
nisc001:229979,regionbuses:230535,Young Rd at Womboin Rd,"Lambton High School, Young Rd",other,other,44.6,55.8,44.6,0,0,0,44.6,0,modelled
nisc001:229980,nisc001:229986,Florida Ave at Mitchell Ave,Florida Ave before Mitchell Ave,other,other,20.9,26.1,20.9,0,0,0,20.9,0,modelled
nisc001:229980,nisc001:230550,Florida Ave at Mitchell Ave,Mitchell Ave at Florida Ave,other,other,50.3,62.9,50.3,0,0,0,50.3,0,modelled
nisc001:229981,nisc001:229985,Florida Ave at Grainger St,Florida Ave opp Grainger St,other,other,20.6,25.8,20.6,0,0,0,20.6,0,modelled
nisc001:229981,nisc001:229986,Florida Ave at Grainger St,Florida Ave before Mitchell Ave,other,other,149.7,187.1,149.7,0,1,22,171.7,0,modelled
nisc001:229982,nisc001:229984,Durham Rd at Morehead St,Durham Rd opp Morehead St,other,other,19.6,24.5,19.6,0,0,0,19.6,0,modelled
nisc001:229985,nisc001:229986,Florida Ave opp Grainger St,Florida Ave before Mitchell Ave,other,other,130.2,162.8,130.2,0,1,22,152.2,0,modelled
nisc001:229986,nisc001:230550,Florida Ave before Mitchell Ave,Mitchell Ave at Florida Ave,other,other,49.5,61.9,49.5,0,0,0,49.5,0,modelled
nisc001:229989,nisc001:229997,Howe St at Morehead St,Howe St at Morehead St,other,other,55.4,69.2,55.4,0,0,0,55.4,0,modelled
nisc001:229996,nisc001:229998,Howe St at Grainger St,Howe St at Grainger St,other,other,22.2,27.8,22.2,0,0,0,22.2,0,modelled
nisc001:230018,nisc001:230038,"Customs House, Watt St",Watt St opp Customs House,other,other,43.2,54.0,43.2,0,0,0,43.2,0,modelled
nisc001:230039,nisc001:230070,King St at Bolton St,Bolton St before Church St,other,other,99.4,124.3,99.4,0,1,22,121.4,0,modelled
nisc001:230039,nisc001:230089,King St at Bolton St,Bolton St at King St,other,other,46.4,58.0,46.4,0,0,0,46.4,0,modelled
nisc001:230039,nisc001:230090,King St at Bolton St,King St at Watt St,other,other,36.8,46.0,36.8,0,0,0,36.8,0,modelled
nisc001:230040,nisc001:230042,King St at Perkins St,King St at Perkins St,other,other,16.7,20.9,16.7,0,0,0,16.7,0,modelled
nisc001:230044,nisc001:230045,King St after Darby St,King St before Darby St,other,other,91.1,113.9,91.1,0,1,22,113.1,0,modelled
nisc001:230048,nisc001:230049,"University House, King St",King St after Auckland St,other,other,102.1,127.6,102.1,0,1,22,124.1,0,modelled
nisc001:230051,nisc001:230239,King St after Union St,Union St at Hunter St,other,other,110.0,137.5,110.0,0,1,22,132.0,0,modelled
nisc001:230052,nisc001:230054,"National Park Netball Centre, Union St",Union St opp National Park Netball Centre,other,other,43.3,54.1,43.3,0,0,0,43.3,0,modelled
nisc001:230055,nisc001:230096,"Newcastle Grammar School, Union St","Newcastle Grammar School, Parkway Ave",other,other,45.9,57.4,45.9,0,0,0,45.9,0,modelled
nisc001:230056,nisc001:230061,Parkway Ave at Bruce St,Parkway Ave after Bruce St,other,other,55.0,68.8,55.0,0,0,0,55.0,0,modelled
nisc001:230057,nisc001:230058,Parkway Ave after Darby St,Parkway Ave before Light St,other,other,116.1,145.1,116.1,0,1,22,138.1,0,modelled
nisc001:230057,nisc001:230059,Parkway Ave after Darby St,Parkway Ave before Brooks St,other,other,116.1,145.2,116.1,0,1,22,138.1,0,modelled
nisc001:230057,nisc001:230060,Parkway Ave after Darby St,Parkway Ave after Darby St,other,other,120.4,150.4,120.4,0,1,22,142.4,0,modelled
nisc001:230057,nisc001:230063,Parkway Ave after Darby St,Darby St after Parkway Ave,other,other,85.6,107.0,85.6,0,1,22,107.6,0,modelled
nisc001:230057,nisc001:230095,Parkway Ave after Darby St,Darby St at Parkway Ave,other,other,52.3,65.4,52.3,0,0,0,52.3,0,modelled
nisc001:230058,nisc001:230059,Parkway Ave before Light St,Parkway Ave before Brooks St,other,other,40.3,50.4,40.3,0,0,0,40.3,0,modelled
nisc001:230060,nisc001:230063,Parkway Ave after Darby St,Darby St after Parkway Ave,other,other,95.7,119.6,95.7,0,1,22,117.7,0,modelled
nisc001:230060,nisc001:230095,Parkway Ave after Darby St,Darby St at Parkway Ave,other,other,77.9,97.4,77.9,0,1,22,99.9,0,modelled
nisc001:230063,nisc001:230095,Darby St after Parkway Ave,Darby St at Parkway Ave,other,other,43.7,54.6,43.7,0,0,0,43.7,0,modelled
nisc001:230064,nisc001:230094,Darby St at Tooke St,"Cooks Hill Commercial Centre, Darby St",other,other,51.9,64.9,51.9,0,0,0,51.9,0,modelled
nisc001:230065,nisc001:230093,"St Johns Anglican Church, Darby St",Darby St at Parry St,other,other,53.8,67.3,53.8,0,0,0,53.8,0,modelled
nisc001:230066,nisc001:230092,Darby St at Bull St,Darby St before Bull St,other,other,85.0,106.2,85.0,0,1,22,107.0,0,modelled
nisc001:230067,nisc001:230091,"Newcastle Art Gallery, Darby St",Darby St opp Newcastle Art Gallery,other,other,21.7,27.1,21.7,0,0,0,21.7,0,modelled
nisc001:230070,nisc001:230089,Bolton St before Church St,Bolton St at King St,other,other,80.5,100.7,80.5,0,1,22,102.5,0,modelled
nisc001:230070,nisc001:230090,Bolton St before Church St,King St at Watt St,other,other,126.1,157.6,126.1,0,1,22,148.1,0,modelled
nisc001:230071,nisc001:230072,Church St at Perkins St,Tyrrell St at Brown St,other,other,126.0,157.5,126.0,0,1,22,148.0,0,modelled
nisc001:230071,nisc001:230085,Church St at Perkins St,Wolfe St at Tyrrell St,other,other,146.9,183.7,146.9,0,1,22,168.9,0,modelled
nisc001:230072,nisc001:230085,Tyrrell St at Brown St,Wolfe St at Tyrrell St,other,other,106.5,133.1,106.5,0,1,22,128.5,0,modelled
nisc001:230074,nisc001:230085,Wolfe St at Ordnance St,Wolfe St at Tyrrell St,other,other,90.7,113.4,90.7,0,1,22,112.7,0,modelled
nisc001:230075,nisc001:230083,Bingle St after The Terrace,Bingle St after Anzac Pde,other,other,18.0,22.5,18.0,0,0,0,18.0,0,modelled
nisc001:230076,nisc001:230082,High St opp Lemnos Pde,High St after Memorial Dr,other,other,35.0,43.7,35.0,0,0,0,35.0,0,modelled
nisc001:230077,nisc001:230078,Fenton Ave opp Nickson St,Fenton Ave at Light St,other,other,148.2,185.2,148.2,0,1,22,170.2,0,modelled
nisc001:230077,nisc001:230080,Fenton Ave opp Nickson St,Fenton Ave at Light St,other,other,126.0,157.5,126.0,0,1,22,148.0,0,modelled
nisc001:230077,nisc001:230081,Fenton Ave opp Nickson St,Fenton Ave at Nickson St,other,other,20.9,26.1,20.9,0,0,0,20.9,0,modelled
nisc001:230078,nisc001:230079,Fenton Ave at Light St,Light St at Tooke St,other,other,121.6,152.0,121.6,0,1,22,143.6,0,modelled
nisc001:230078,nisc001:230080,Fenton Ave at Light St,Fenton Ave at Light St,other,other,30.3,37.8,30.3,0,0,0,30.3,0,modelled
nisc001:230080,nisc001:230081,Fenton Ave at Light St,Fenton Ave at Nickson St,other,other,135.2,168.9,135.2,0,1,22,157.2,0,modelled
nisc001:230087,nisc001:230088,"Christ Church Cathedral, Church St",Church St opp Christ Church Cathedral,other,other,36.1,45.1,36.1,0,0,0,36.1,0,modelled
nisc001:230089,nisc001:230090,Bolton St at King St,King St at Watt St,other,other,83.1,103.9,83.1,0,1,22,105.1,0,modelled
nisc001:230098,nisc001:230099,Wharf Rd opp Argyle St,Wharf Rd before Argyle St,other,other,15.2,19.0,15.2,0,0,0,15.2,0,modelled
nisc001:230211,regionbuses:230246,Hunter St before Tudor St,"Newcastle Interchange, Stand C",other,other,147.6,184.5,147.6,1,0,0,147.6,1,modelled
nisc001:230211,sydneytrains:229351,Hunter St before Tudor St,Newcastle Interchange Station Platform 1,other,heavy_rail,223.1,278.8,223.1,1,0,0,223.1,1,modelled
nisc001:230211,sydneytrains:229352,Hunter St before Tudor St,Newcastle Interchange Station Platform 2,other,heavy_rail,230.1,287.6,230.1,1,0,0,230.1,1,modelled
nisc001:230211,sydneytrains:229354,Hunter St before Tudor St,Newcastle Interchange Station Platform 3,other,heavy_rail,231.7,289.6,231.7,1,0,0,231.7,1,modelled
nisc001:230211,nswtrains:230246,Hunter St before Tudor St,"Newcastle Interchange, Stand C",other,other,136.0,170.1,136.0,1,0,0,136.0,1,modelled
nisc001:230214,nisc001:230222,Hunter St at Steel St,Hunter St after Steel St,other,other,28.5,35.7,28.5,0,0,0,28.5,0,modelled
nisc001:230214,nisc001:230241,Hunter St at Steel St,King St opp Devonshire St,other,other,138.1,172.6,138.1,0,1,22,160.1,0,modelled
nisc001:230214,nisc001:230247,Hunter St at Steel St,King St before Devonshire St,other,other,124.7,155.9,124.7,0,1,22,146.7,0,modelled
nisc001:230219,nisc001:230221,Hunter St opp Sacred Heart Cathedral,"Sacred Heart Cathedral, Hunter St",other,other,27.1,33.9,27.1,0,0,0,27.1,0,modelled
nisc001:230221,nisc001:230251,"Sacred Heart Cathedral, Hunter St","Sacred Heart Cathedral, Parry St",other,other,139.6,174.5,139.6,0,1,22,161.6,0,modelled
nisc001:230222,nisc001:230247,Hunter St after Steel St,King St before Devonshire St,other,other,131.3,164.1,131.3,0,1,22,153.3,0,modelled
nisc001:230223,nisc001:230250,Tudor St after Parry St,Parry St opp Sacred Heart Cathedral,other,other,90.0,112.5,90.0,0,1,22,112.0,0,modelled
nisc001:230223,nisc001:230251,Tudor St after Parry St,"Sacred Heart Cathedral, Parry St",other,other,76.9,96.1,76.9,0,1,22,98.9,0,modelled
nisc001:230223,sydneytrains:229351,Tudor St after Parry St,Newcastle Interchange Station Platform 1,other,heavy_rail,393.1,491.4,393.1,0,1,22,415.1,0,modelled
nisc001:230223,sydneytrains:229352,Tudor St after Parry St,Newcastle Interchange Station Platform 2,other,heavy_rail,398.6,498.3,398.6,0,1,22,420.6,0,modelled
nisc001:230223,sydneytrains:229354,Tudor St after Parry St,Newcastle Interchange Station Platform 3,other,heavy_rail,399.9,499.8,399.9,0,1,22,421.9,0,modelled
nisc001:230228,nisc001:230254,"Marketown Shopping Centre, Steel St",Steel St opp Marketown Shopping Centre,other,other,29.3,36.6,29.3,0,0,0,29.3,0,modelled
nisc001:230229,nisc001:230232,Hunter St after National Park St,Hunter St at Florence St,other,other,129.1,161.3,129.1,0,1,22,151.1,0,modelled
nisc001:230229,nisc001:230252,Hunter St after National Park St,King St before National Park St,other,other,127.2,159.0,127.2,0,1,22,149.2,0,modelled
nisc001:230229,sydneytrains:229351,Hunter St after National Park St,Newcastle Interchange Station Platform 1,other,heavy_rail,296.8,371.0,296.8,0,1,22,318.8,0,modelled
nisc001:230229,sydneytrains:229352,Hunter St after National Park St,Newcastle Interchange Station Platform 2,other,heavy_rail,301.8,377.3,301.8,0,1,22,323.8,0,modelled
nisc001:230229,sydneytrains:229354,Hunter St after National Park St,Newcastle Interchange Station Platform 3,other,heavy_rail,303.0,378.7,303.0,0,1,22,325.0,0,modelled
nisc001:230230,nisc001:230232,Hunter St opp Cooper St,Hunter St at Florence St,other,other,126.1,157.6,126.1,1,0,0,126.1,1,modelled
nisc001:230230,nisc001:230233,Hunter St opp Cooper St,"Newcastle Interchange, Stand A",other,other,90.7,113.3,90.7,1,0,0,90.7,1,modelled
nisc001:230230,nisc001:230234,Hunter St opp Cooper St,"Newcastle Interchange, Stand B",other,other,110.0,137.5,110.0,1,0,0,110.0,1,modelled
nisc001:230230,regionbuses:230246,Hunter St opp Cooper St,"Newcastle Interchange, Stand C",other,other,95.6,119.5,95.6,1,0,0,95.6,1,modelled
nisc001:230230,sydneytrains:229351,Hunter St opp Cooper St,Newcastle Interchange Station Platform 1,other,heavy_rail,111.9,139.8,111.9,1,0,0,111.9,1,modelled
nisc001:230230,sydneytrains:229352,Hunter St opp Cooper St,Newcastle Interchange Station Platform 2,other,heavy_rail,124.1,155.1,124.1,1,0,0,124.1,1,modelled
nisc001:230230,sydneytrains:229354,Hunter St opp Cooper St,Newcastle Interchange Station Platform 3,other,heavy_rail,126.7,158.4,126.7,1,0,0,126.7,1,modelled
nisc001:230230,nswtrains:230246,Hunter St opp Cooper St,"Newcastle Interchange, Stand C",other,other,130.2,162.7,130.2,1,0,0,130.2,1,modelled
nisc001:230232,sydneytrains:229351,Hunter St at Florence St,Newcastle Interchange Station Platform 1,other,heavy_rail,171.7,214.6,171.7,1,0,0,171.7,1,modelled
nisc001:230232,sydneytrains:229352,Hunter St at Florence St,Newcastle Interchange Station Platform 2,other,heavy_rail,178.3,222.9,178.3,1,0,0,178.3,1,modelled
nisc001:230232,sydneytrains:229354,Hunter St at Florence St,Newcastle Interchange Station Platform 3,other,heavy_rail,179.9,224.8,179.9,1,0,0,179.9,1,modelled
nisc001:230233,nisc001:230234,"Newcastle Interchange, Stand A","Newcastle Interchange, Stand B",other,other,46.9,58.7,46.9,1,0,0,46.9,1,modelled
nisc001:230233,regionbuses:230246,"Newcastle Interchange, Stand A","Newcastle Interchange, Stand C",other,other,70.8,88.5,70.8,1,0,0,70.8,1,modelled
nisc001:230233,sydneytrains:229351,"Newcastle Interchange, Stand A",Newcastle Interchange Station Platform 1,other,heavy_rail,21.3,26.6,21.3,1,0,0,21.3,1,modelled
nisc001:230233,sydneytrains:229352,"Newcastle Interchange, Stand A",Newcastle Interchange Station Platform 2,other,heavy_rail,33.4,41.7,33.4,1,0,0,33.4,1,modelled
nisc001:230233,sydneytrains:229354,"Newcastle Interchange, Stand A",Newcastle Interchange Station Platform 3,other,heavy_rail,36.1,45.1,36.1,1,0,0,36.1,1,modelled
nisc001:230233,nswtrains:230246,"Newcastle Interchange, Stand A","Newcastle Interchange, Stand C",other,other,90.1,112.6,90.1,1,0,0,90.1,1,modelled
nisc001:230234,regionbuses:230246,"Newcastle Interchange, Stand B","Newcastle Interchange, Stand C",other,other,38.2,47.7,38.2,1,0,0,38.2,1,modelled
nisc001:230234,sydneytrains:229351,"Newcastle Interchange, Stand B",Newcastle Interchange Station Platform 1,other,heavy_rail,45.3,56.6,45.3,1,0,0,45.3,1,modelled
nisc001:230234,sydneytrains:229352,"Newcastle Interchange, Stand B",Newcastle Interchange Station Platform 2,other,heavy_rail,52.0,65.0,52.0,1,0,0,52.0,1,modelled
nisc001:230234,sydneytrains:229354,"Newcastle Interchange, Stand B",Newcastle Interchange Station Platform 3,other,heavy_rail,53.7,67.2,53.7,1,0,0,53.7,1,modelled
nisc001:230234,nswtrains:230246,"Newcastle Interchange, Stand B","Newcastle Interchange, Stand C",other,other,44.4,55.5,44.4,1,0,0,44.4,1,modelled
nisc001:230235,nisc001:230390,"Newcastle High School, Parkway Ave","Newcastle High School, Parkway Ave",other,other,43.4,54.3,43.4,0,0,0,43.4,0,modelled
nisc001:230235,regionbuses:230235,"Newcastle High School, Parkway Ave","Newcastle High School, Parkway Ave",other,other,0.0,0.0,0.0,0,0,0,0.0,0,modelled
nisc001:230238,regionbuses:230238,Union St opp Laman St,Union St opp Laman St,other,other,0.0,0.0,0.0,0,0,0,0.0,0,modelled
nisc001:230239,nisc001:230247,Union St at Hunter St,King St before Devonshire St,other,other,147.9,184.8,147.9,0,1,22,169.9,0,modelled
nisc001:230241,nisc001:230247,King St opp Devonshire St,King St before Devonshire St,other,other,50.5,63.1,50.5,0,0,0,50.5,0,modelled
nisc001:230242,nisc001:230252,"Marketown Shopping Centre, National Park St",King St before National Park St,other,other,100.3,125.3,100.3,0,1,22,122.3,0,modelled
nisc001:230242,nisc001:230253,"Marketown Shopping Centre, National Park St",King St at National Park St,other,other,107.5,134.3,107.5,0,1,22,129.5,0,modelled
nisc001:230248,nisc001:230249,"TAFE Hunter, Parry St",Parry St opp TAFE Hunter,other,other,87.5,109.4,87.5,0,1,22,109.5,0,modelled
nisc001:230248,sydneytrains:229351,"TAFE Hunter, Parry St",Newcastle Interchange Station Platform 1,other,heavy_rail,309.6,386.9,309.6,0,1,22,331.6,0,modelled
nisc001:230248,sydneytrains:229352,"TAFE Hunter, Parry St",Newcastle Interchange Station Platform 2,other,heavy_rail,321.1,401.3,321.1,0,1,22,343.1,0,modelled
nisc001:230248,sydneytrains:229354,"TAFE Hunter, Parry St",Newcastle Interchange Station Platform 3,other,heavy_rail,323.6,404.5,323.6,0,1,22,345.6,0,modelled
nisc001:230249,sydneytrains:229351,Parry St opp TAFE Hunter,Newcastle Interchange Station Platform 1,other,heavy_rail,269.1,336.4,269.1,1,0,0,269.1,1,modelled
nisc001:230249,sydneytrains:229352,Parry St opp TAFE Hunter,Newcastle Interchange Station Platform 2,other,heavy_rail,281.5,351.8,281.5,1,0,0,281.5,1,modelled
nisc001:230249,sydneytrains:229354,Parry St opp TAFE Hunter,Newcastle Interchange Station Platform 3,other,heavy_rail,284.2,355.2,284.2,1,0,0,284.2,1,modelled
nisc001:230250,nisc001:230251,Parry St opp Sacred Heart Cathedral,"Sacred Heart Cathedral, Parry St",other,other,22.8,28.5,22.8,0,0,0,22.8,0,modelled
nisc001:230252,nisc001:230253,King St before National Park St,King St at National Park St,other,other,92.1,115.2,92.1,0,1,22,114.1,0,modelled
nisc001:230252,sydneytrains:229351,King St before National Park St,Newcastle Interchange Station Platform 1,other,heavy_rail,364.4,455.4,364.4,0,1,22,386.4,0,modelled
nisc001:230252,sydneytrains:229352,King St before National Park St,Newcastle Interchange Station Platform 2,other,heavy_rail,372.7,465.9,372.7,0,1,22,394.7,0,modelled
nisc001:230252,sydneytrains:229354,King St before National Park St,Newcastle Interchange Station Platform 3,other,heavy_rail,374.6,468.2,374.6,0,1,22,396.6,0,modelled
nisc001:230312,nisc001:230313,Tudor St at Murray St,Tudor St at Murray St,other,other,33.9,42.4,33.9,0,0,0,33.9,0,modelled
nisc001:230312,nisc001:230344,Tudor St at Murray St,Beaumont St at Tudor St,other,other,64.1,80.1,64.1,0,1,22,86.1,0,modelled
nisc001:230312,nisc001:230353,Tudor St at Murray St,Beaumont St at James St,other,other,134.2,167.8,134.2,0,1,22,156.2,0,modelled
nisc001:230312,nisc001:230354,Tudor St at Murray St,Beaumont St at Tudor St,other,other,56.8,71.0,56.8,0,0,0,56.8,0,modelled
nisc001:230312,nisc001:2303138,Tudor St at Murray St,Beaumont St opp Wesley Uniting Church,other,other,121.7,152.1,121.7,0,1,22,143.7,0,modelled
nisc001:230313,nisc001:230344,Tudor St at Murray St,Beaumont St at Tudor St,other,other,98.0,122.4,98.0,0,1,22,120.0,0,modelled
nisc001:230313,nisc001:230354,Tudor St at Murray St,Beaumont St at Tudor St,other,other,69.3,86.6,69.3,0,1,22,91.3,0,modelled
nisc001:230313,nisc001:2303138,Tudor St at Murray St,Beaumont St opp Wesley Uniting Church,other,other,116.2,145.3,116.2,0,1,22,138.2,0,modelled
nisc001:230315,nisc001:230323,Tudor St before Gordon Ave,Tudor St after Elcho St,other,other,104.4,130.4,104.4,0,1,22,126.4,0,modelled
nisc001:230316,nisc001:230323,Tudor St at Lawson St,Tudor St after Elcho St,other,other,126.9,158.6,126.9,0,1,22,148.9,0,modelled
nisc001:230316,nisc001:230356,Tudor St at Lawson St,Lawson St at Denison St,other,other,143.8,179.8,143.8,0,1,22,165.8,0,modelled
nisc001:230317,nisc001:230321,"Hamilton Public School, Tudor St","Gregson Park, Tudor St",other,other,28.2,35.2,28.2,0,0,0,28.2,0,modelled
nisc001:230335,nisc001:230343,Clyde St opp Phillips St,Clyde St after Phillips St,other,other,27.8,34.8,27.8,0,0,0,27.8,0,modelled
nisc001:230336,nisc001:230342,Clyde St opp Newcastle St,Clyde St after Newcastle St,other,other,31.3,39.2,31.3,0,0,0,31.3,0,modelled
nisc001:230337,nisc001:230338,Newcastle St at Boreas Rd,Boreas Rd at Chatham Rd,other,other,146.5,183.1,146.5,0,1,22,168.5,0,modelled
nisc001:230337,nisc001:230341,Newcastle St at Boreas Rd,Boreas Rd at Newcastle St,other,other,27.9,34.9,27.9,0,0,0,27.9,0,modelled
nisc001:230338,nisc001:230341,Boreas Rd at Chatham Rd,Boreas Rd at Newcastle St,other,other,135.1,168.9,135.1,0,1,22,157.1,0,modelled
nisc001:230339,nisc001:230340,Chatham Rd at Donald St,Chatham Rd at Donald St,other,other,20.8,26.0,20.8,0,0,0,20.8,0,modelled
nisc001:230344,nisc001:230353,Beaumont St at Tudor St,Beaumont St at James St,other,other,99.6,124.5,99.6,0,1,22,121.6,0,modelled
nisc001:230344,nisc001:230354,Beaumont St at Tudor St,Beaumont St at Tudor St,other,other,77.5,96.9,77.5,0,1,22,99.5,0,modelled
nisc001:230345,nisc001:230353,Beaumont St at Lindsay St,Beaumont St at James St,other,other,83.3,104.2,83.3,0,1,22,105.3,0,modelled
nisc001:230346,nisc001:230351,Donald St at Beaumont St,Beaumont St at Donald St,other,other,54.1,67.6,54.1,0,0,0,54.1,0,modelled
nisc001:230346,sydneytrains:2303151,Donald St at Beaumont St,Hamilton Station Platform 1,other,heavy_rail,174.1,217.6,174.1,0,1,22,196.1,0,modelled
nisc001:230346,sydneytrains:2303152,Donald St at Beaumont St,Hamilton Station Platform 2,other,heavy_rail,188.0,235.0,188.0,0,1,22,210.0,0,modelled
nisc001:230348,nisc001:230349,Donald St before Samdon St,Donald St at Samdon St,other,other,41.9,52.4,41.9,0,0,0,41.9,0,modelled
nisc001:230351,sydneytrains:2303151,Beaumont St at Donald St,Hamilton Station Platform 1,other,heavy_rail,186.9,233.6,186.9,0,1,22,208.9,0,modelled
nisc001:230351,sydneytrains:2303152,Beaumont St at Donald St,Hamilton Station Platform 2,other,heavy_rail,206.7,258.4,206.7,0,1,22,228.7,0,modelled
nisc001:230355,nisc001:230356,Lawson St at Denison St,Lawson St at Denison St,other,other,21.3,26.6,21.3,0,0,0,21.3,0,modelled
nisc001:230371,nisc001:230372,Lawson St at Kemp St,Lawson St at Kemp St,other,other,34.1,42.6,34.1,0,0,0,34.1,0,modelled
nisc001:230373,nisc001:230374,Lawson St at Jenner Pde,Lawson St at Jenner Pde,other,other,18.9,23.6,18.9,0,0,0,18.9,0,modelled
nisc001:230375,nisc001:230376,Lawson St at Darling St,Lawson St after Darling St,other,other,28.4,35.5,28.4,0,0,0,28.4,0,modelled
nisc001:230377,nisc001:230378,Darling St before Beaumont St,Darling St at Beaumont St,other,other,19.1,23.9,19.1,0,0,0,19.1,0,modelled
nisc001:230382,nisc001:230385,Fowler St after Hassall St,Fowler St before Hassall St,other,other,40.4,50.5,40.4,0,0,0,40.4,0,modelled
nisc001:230383,nisc001:230384,Fowler St at Beaumont St,Fowler St after Beaumont St,other,other,44.6,55.8,44.6,0,0,0,44.6,0,modelled
nisc001:230386,nisc001:230387,Fowler St at Coady St,Fowler St opp Coady St,other,other,18.6,23.3,18.6,0,0,0,18.6,0,modelled
nisc001:230390,regionbuses:230235,"Newcastle High School, Parkway Ave","Newcastle High School, Parkway Ave",other,other,43.4,54.3,43.4,0,0,0,43.4,0,modelled
nisc001:230391,nisc001:230392,Stewart Ave at Cram St,Stewart Ave opp Cram St,other,other,21.9,27.4,21.9,0,0,0,21.9,0,modelled
nisc001:230411,nisc001:230416,Maud St at Morris St,Maud St opp Miller St,other,other,67.3,84.2,67.3,0,1,22,89.3,0,modelled
nisc001:230411,nisc001:2304230,Maud St at Morris St,Maud St opp Vickers St,other,other,142.2,177.8,142.2,0,1,22,164.2,0,modelled
nisc001:230412,nisc001:230421,Industrial Dr opp Avon St,Industrial Dr after William St,other,other,104.3,130.3,104.3,0,1,22,126.3,0,modelled
nisc001:230417,nisc001:2304193,Maitland Rd at Hanbury St,Waratah St at Hanbury St,other,other,140.2,175.2,140.2,0,1,22,162.2,0,modelled
nisc001:230417,nisc001:2304233,Maitland Rd at Hanbury St,Maitland Rd before Hanbury St,other,other,33.9,42.4,33.9,0,0,0,33.9,0,modelled
nisc001:230417,nisc001:2304264,Maitland Rd at Hanbury St,Hanbury St opp Mayfield Library,other,other,48.6,60.7,48.6,0,0,0,48.6,0,modelled
nisc001:230418,nisc001:230419,Maitland Rd opp Valencia St,Maitland Rd before Valencia St,other,other,28.4,35.5,28.4,0,0,0,28.4,0,modelled
nisc001:230425,nisc001:230441,Maitland Rd opp Wallsend Rd,Pacific Hwy opp Ferry Rd,other,other,92.7,115.9,92.7,0,1,22,114.7,0,modelled
nisc001:230426,nisc001:230441,Maitland Rd at Mangrove Rd,Pacific Hwy opp Ferry Rd,other,other,149.8,187.3,149.8,0,1,22,171.8,0,modelled
nisc001:230432,nisc001:230439,Maitland Rd at Church St,Maitland Rd opp Church St,other,other,68.1,85.1,68.1,0,1,22,90.1,0,modelled
nisc001:230433,nisc001:230438,Maitland Rd before Havelock St,Maitland Rd at Corona St,other,other,38.4,48.0,38.4,0,0,0,38.4,0,modelled
nisc001:230434,nisc001:230437,Maitland Rd at Carrington St,Maitland Rd at Silsoe St,other,other,20.1,25.1,20.1,0,0,0,20.1,0,modelled
nisc001:230435,nisc001:230436,Maitland Rd at Tarin St,Maitland Rd opp Tarin St,other,other,80.1,100.2,80.1,0,1,22,102.1,0,modelled
nisc001:230447,nisc001:230459,Barton St at Maitland Rd,Maitland Rd opp Elizabeth St,other,other,92.6,115.8,92.6,0,1,22,114.6,0,modelled
nisc001:230447,nisc001:230469,Barton St at Maitland Rd,Barton St at Maitland Rd,other,other,35.0,43.8,35.0,0,0,0,35.0,0,modelled
nisc001:230447,nisc001:230477,Barton St at Maitland Rd,Maitland Rd at Elizabeth St,other,other,93.0,116.3,93.0,0,1,22,115.0,0,modelled
nisc001:230449,sydneytrains:2304311,"St Johns Presbyterian Church, Hanbury St",Waratah Station Platform 1,other,heavy_rail,311.5,389.4,311.5,0,1,22,333.5,0,modelled
nisc001:230449,sydneytrains:2304312,"St Johns Presbyterian Church, Hanbury St",Waratah Station Platform 2,other,heavy_rail,322.9,403.6,322.9,0,1,22,344.9,0,modelled
nisc001:230450,nisc001:230451,Hanbury St at Railway Tce,Hanbury St opp Sunderland St,other,other,19.0,23.8,19.0,0,0,0,19.0,0,modelled
nisc001:230450,sydneytrains:2304311,Hanbury St at Railway Tce,Waratah Station Platform 1,other,heavy_rail,71.6,89.5,71.6,0,1,22,93.6,0,modelled
nisc001:230450,sydneytrains:2304312,Hanbury St at Railway Tce,Waratah Station Platform 2,other,heavy_rail,83.1,103.9,83.1,0,1,22,105.1,0,modelled
nisc001:230450,nswtrains:2304312,Hanbury St at Railway Tce,Waratah Station Platform 2,other,other,83.1,103.9,83.1,0,1,22,105.1,0,modelled
nisc001:230450,nswtrains:2304311,Hanbury St at Railway Tce,Waratah Station Platform 1,other,other,71.6,89.5,71.6,0,1,22,93.6,0,modelled
nisc001:230451,sydneytrains:2304311,Hanbury St opp Sunderland St,Waratah Station Platform 1,other,heavy_rail,84.6,105.8,84.6,0,1,22,106.6,0,modelled
nisc001:230451,sydneytrains:2304312,Hanbury St opp Sunderland St,Waratah Station Platform 2,other,heavy_rail,96.1,120.2,96.1,0,1,22,118.1,0,modelled
nisc001:230451,nswtrains:2304312,Hanbury St opp Sunderland St,Waratah Station Platform 2,other,other,96.1,120.2,96.1,0,1,22,118.1,0,modelled
nisc001:230451,nswtrains:2304311,Hanbury St opp Sunderland St,Waratah Station Platform 1,other,other,84.6,105.8,84.6,0,1,22,106.6,0,modelled
nisc001:230457,nisc001:230458,Maud St opp Basil St,Maud St at Basil St,other,other,57.1,71.4,57.1,0,0,0,57.1,0,modelled
nisc001:230457,nisc001:230463,Maud St opp Basil St,Maitland Rd after Stedman St,other,other,142.7,178.4,142.7,0,1,22,164.7,0,modelled
nisc001:230457,nisc001:230473,Maud St opp Basil St,Maitland Rd after Werribi St,other,other,133.1,166.4,133.1,0,1,22,155.1,0,modelled
nisc001:230459,nisc001:230469,Maitland Rd opp Elizabeth St,Barton St at Maitland Rd,other,other,115.8,144.7,115.8,0,1,22,137.8,0,modelled
nisc001:230459,nisc001:230477,Maitland Rd opp Elizabeth St,Maitland Rd at Elizabeth St,other,other,20.8,26.0,20.8,0,0,0,20.8,0,modelled
nisc001:230460,nisc001:230476,Maitland Rd opp Gamack St,Maitland Rd at Gamack St,other,other,21.0,26.2,21.0,0,0,0,21.0,0,modelled
nisc001:230461,nisc001:230475,Maitland Rd at Frith St,Maitland Rd at Tourle St,other,other,40.4,50.5,40.4,0,0,0,40.4,0,modelled
nisc001:230463,nisc001:230473,Maitland Rd after Stedman St,Maitland Rd after Werribi St,other,other,41.2,51.5,41.2,0,0,0,41.2,0,modelled
nisc001:230464,nisc001:230493,Maitland Rd after Carandotta St,Casuarina Cct opp 31,other,other,81.7,102.1,81.7,0,1,22,103.7,0,modelled
nisc001:230465,nisc001:230471,Terry St at Maitland Rd,Maitland Rd after Terry St,other,other,106.2,132.8,106.2,0,1,22,128.2,0,modelled
nisc001:230469,nisc001:230477,Barton St at Maitland Rd,Maitland Rd at Elizabeth St,other,other,120.9,151.1,120.9,0,1,22,142.9,0,modelled
nisc001:230490,nisc001:230492,Warabrook Bvd before Casuarina Cct,"BaptistCare Warabrook Centre, Casuarina Cct",other,other,93.1,116.4,93.1,0,1,22,115.1,0,modelled
nisc001:230491,nisc001:230495,Casuarina Cct opp Callistemon Cl,Casuarina Cct before Callistemon Cl,other,other,46.4,58.1,46.4,0,0,0,46.4,0,modelled
nisc001:230498,nisc001:230499,Angophora Dr after Floribunda Cl,Angophora Dr opp Olearia Cres,other,other,121.5,151.9,121.5,0,1,22,143.5,0,modelled
nisc001:230515,nisc001:230525,Turton Rd at Young Rd,Turton Rd opp Young Rd,other,other,31.0,38.7,31.0,0,0,0,31.0,0,modelled
nisc001:230520,nisc001:230583,Bridges Rd at Penman St,Bridges Rd opp Penman St,other,other,46.2,57.7,46.2,0,0,0,46.2,0,modelled
nisc001:230523,nisc001:230531,Turton Rd opp Monash Rd,Turton Rd at Monash Rd,other,other,17.7,22.1,17.7,0,0,0,17.7,0,modelled
nisc001:230524,nisc001:230530,Turton Rd opp Rex Ave,Turton Rd after Lambton Rd,other,other,29.5,36.9,29.5,0,0,0,29.5,0,modelled
nisc001:230533,nisc001:230535,"Lambton High School, Young Rd","Lambton High School, Young Rd",other,other,55.7,69.6,55.7,0,0,0,55.7,0,modelled
nisc001:230533,regionbuses:229966,"Lambton High School, Young Rd","Lambton High School, Womboin Rd",other,other,99.3,124.2,99.3,0,1,22,121.3,0,modelled
nisc001:230533,regionbuses:230535,"Lambton High School, Young Rd","Lambton High School, Young Rd",other,other,55.7,69.6,55.7,0,0,0,55.7,0,modelled
nisc001:230535,regionbuses:229966,"Lambton High School, Young Rd","Lambton High School, Womboin Rd",other,other,52.5,65.7,52.5,0,0,0,52.5,0,modelled
nisc001:230535,regionbuses:230535,"Lambton High School, Young Rd","Lambton High School, Young Rd",other,other,0.0,0.0,0.0,0,0,0,0.0,0,modelled
nisc001:230536,nisc001:230537,"Arthur Edden Oval, Wallarah Rd","Richard Ford Oval, Wallarah Rd",other,other,17.7,22.1,17.7,0,0,0,17.7,0,modelled
nisc001:230539,nisc001:230573,Greta Rd at Thalaba Rd,Lambton Rd before Hobart Rd,other,other,138.8,173.5,138.8,0,1,22,160.8,0,modelled
nisc001:230539,nisc001:230574,Greta Rd at Thalaba Rd,Lambton Rd at Greta Rd,other,other,72.2,90.2,72.2,0,1,22,94.2,0,modelled
nisc001:230541,nisc001:230560,Hobart Rd before Wallarah Rd,Hobart Rd at Henderson St,other,other,68.3,85.4,68.3,0,1,22,90.3,0,modelled
nisc001:230542,nisc001:230543,Hobart Rd opp Alfred Harker Memorial Oval,Rugby Rd before Lambton Rd,other,other,137.1,171.4,137.1,0,1,22,159.1,0,modelled
nisc001:230542,nisc001:230558,Hobart Rd opp Alfred Harker Memorial Oval,Rugby Rd after Lambton Rd,other,other,140.0,175.1,140.0,0,1,22,162.0,0,modelled
nisc001:230542,nisc001:230559,Hobart Rd opp Alfred Harker Memorial Oval,"Alfred Harker Memorial Oval, Hobart Rd",other,other,19.1,23.9,19.1,0,0,0,19.1,0,modelled
nisc001:230543,nisc001:230558,Rugby Rd before Lambton Rd,Rugby Rd after Lambton Rd,other,other,19.3,24.2,19.3,0,0,0,19.3,0,modelled
nisc001:230543,nisc001:230559,Rugby Rd before Lambton Rd,"Alfred Harker Memorial Oval, Hobart Rd",other,other,141.8,177.2,141.8,0,1,22,163.8,0,modelled
nisc001:230558,nisc001:230559,Rugby Rd after Lambton Rd,"Alfred Harker Memorial Oval, Hobart Rd",other,other,142.1,177.7,142.1,0,1,22,164.1,0,modelled
nisc001:230561,nisc001:230562,Hobart Rd opp Tyrone Rd,Hobart Rd at Tyrone Rd,other,other,41.4,51.8,41.4,0,0,0,41.4,0,modelled
nisc001:230564,nisc001:230565,Croudace St before Russell Rd,Russell Rd after Croudace St,other,other,108.9,136.2,108.9,0,1,22,130.9,0,modelled
nisc001:230564,nisc001:230581,Croudace St before Russell Rd,Croudace St opp Russell Rd,other,other,21.9,27.4,21.9,0,0,0,21.9,0,modelled
nisc001:230565,nisc001:230566,Russell Rd after Croudace St,Russell Rd opp Brett St,other,other,141.9,177.3,141.9,0,1,22,163.9,0,modelled
nisc001:230565,nisc001:230581,Russell Rd after Croudace St,Croudace St opp Russell Rd,other,other,112.6,140.7,112.6,0,1,22,134.6,0,modelled
nisc001:230566,nisc001:230580,Russell Rd opp Brett St,Russell Rd before Brett St,other,other,32.2,40.2,32.2,0,0,0,32.2,0,modelled
nisc001:230568,nisc001:230578,Russell Rd at Baker St,Russell Rd opp Baker St,other,other,19.3,24.1,19.3,0,0,0,19.3,0,modelled
nisc001:230569,nisc001:230577,Rugby Rd opp New Lambton Public School,"New Lambton Public School, Rugby Rd",other,other,60.7,75.9,60.7,0,1,22,82.7,0,modelled
nisc001:230570,nisc001:230576,Alma Rd at Regent St,"New Lambton Community Centre, Alma Rd",other,other,107.7,134.6,107.7,0,1,22,129.7,0,modelled
nisc001:230570,nisc001:230577,Alma Rd at Regent St,"New Lambton Public School, Rugby Rd",other,other,134.1,167.7,134.1,0,1,22,156.1,0,modelled
nisc001:230570,nisc001:230596,Alma Rd at Regent St,"New Lambton Public School, Regent St",other,other,79.8,99.8,79.8,0,1,22,101.8,0,modelled
nisc001:230570,nisc001:230599,Alma Rd at Regent St,"New Lambton Library, Regent St",other,other,57.1,71.3,57.1,0,0,0,57.1,0,modelled
nisc001:230571,nisc001:230575,Lambton Rd at Wallarah Rd,Lambton Rd at Wallarah Rd,other,other,45.2,56.5,45.2,0,0,0,45.2,0,modelled
nisc001:230576,nisc001:230596,"New Lambton Community Centre, Alma Rd","New Lambton Public School, Regent St",other,other,144.1,180.2,144.1,0,1,22,166.1,0,modelled
nisc001:230576,nisc001:230599,"New Lambton Community Centre, Alma Rd","New Lambton Library, Regent St",other,other,122.8,153.5,122.8,0,1,22,144.8,0,modelled
nisc001:230577,nisc001:230596,"New Lambton Public School, Rugby Rd","New Lambton Public School, Regent St",other,other,100.9,126.1,100.9,0,1,22,122.9,0,modelled
nisc001:230577,nisc001:230599,"New Lambton Public School, Rugby Rd","New Lambton Library, Regent St",other,other,113.5,141.8,113.5,0,1,22,135.5,0,modelled
nisc001:230586,nisc001:230587,Carnley Ave before Orchardtown Rd,Orchardtown Rd at Fay Ave,other,other,101.1,126.3,101.1,0,1,22,123.1,0,modelled
nisc001:230586,nisc001:230588,Carnley Ave before Orchardtown Rd,Orchardtown Rd at Fay Ave,other,other,102.6,128.2,102.6,0,1,22,124.6,0,modelled
nisc001:230587,nisc001:230588,Orchardtown Rd at Fay Ave,Orchardtown Rd at Fay Ave,other,other,20.6,25.7,20.6,0,0,0,20.6,0,modelled
nisc001:230591,nisc001:230592,Queens Rd at High St,Queens Rd at Evescourt Rd,other,other,121.9,152.4,121.9,0,1,22,143.9,0,modelled
nisc001:230596,nisc001:230599,"New Lambton Public School, Regent St","New Lambton Library, Regent St",other,other,24.8,31.0,24.8,0,0,0,24.8,0,modelled
nisc001:230611,nisc001:230620,South St after Tomaree Way,South St opp Tomaree Way,other,other,21.7,27.1,21.7,0,0,0,21.7,0,modelled
nisc001:230612,nisc001:230619,Merrigum St opp Bahloo Reserve,"Bahloo Reserve, Merrigum St",other,other,16.5,20.6,16.5,0,0,0,16.5,0,modelled
nisc001:230612,nisc001:230637,Merrigum St opp Bahloo Reserve,South St opp Bahloo Reserve,other,other,146.0,182.5,146.0,0,1,22,168.0,0,modelled
nisc001:230612,nisc001:230638,Merrigum St opp Bahloo Reserve,"Bahloo Reserve, South St",other,other,131.7,164.6,131.7,0,1,22,153.7,0,modelled
nisc001:230613,nisc001:230618,Balemo Cres at Neikah Pl,Balemo Cres opp Neikah Pl,other,other,28.7,35.9,28.7,0,0,0,28.7,0,modelled
nisc001:230613,nisc001:230650,Balemo Cres at Neikah Pl,Merrigum St at Lowanna Cres,other,other,134.5,168.2,134.5,0,1,22,156.5,0,modelled
nisc001:230613,nisc001:230651,Balemo Cres at Neikah Pl,Merrigum St opp Lowanna Cres,other,other,101.4,126.7,101.4,0,1,22,123.4,0,modelled
nisc001:230614,nisc001:230617,Balemo Cres opp Danina Way,Balemo Cres at Danina Way,other,other,17.7,22.1,17.7,0,0,0,17.7,0,modelled
nisc001:230615,nisc001:230616,"Anglican Parish of Windale, Balemo Cres",Balemo Cres opp Talinga Cl,other,other,19.1,23.9,19.1,0,0,0,19.1,0,modelled
nisc001:230615,nisc001:230654,"Anglican Parish of Windale, Balemo Cres","Anglican Parish of Windale, Merrigum St",other,other,62.3,77.9,62.3,0,1,22,84.3,0,modelled
nisc001:230615,nisc001:230655,"Anglican Parish of Windale, Balemo Cres",Merrigum St opp Anglican Parish of Windale,other,other,93.4,116.8,93.4,0,1,22,115.4,0,modelled
nisc001:230616,nisc001:230654,Balemo Cres opp Talinga Cl,"Anglican Parish of Windale, Merrigum St",other,other,65.0,81.3,65.0,0,1,22,87.0,0,modelled
nisc001:230616,nisc001:230655,Balemo Cres opp Talinga Cl,Merrigum St opp Anglican Parish of Windale,other,other,95.4,119.2,95.4,0,1,22,117.4,0,modelled
nisc001:230618,nisc001:230650,Balemo Cres opp Neikah Pl,Merrigum St at Lowanna Cres,other,other,135.6,169.5,135.6,0,1,22,157.6,0,modelled
nisc001:230618,nisc001:230651,Balemo Cres opp Neikah Pl,Merrigum St opp Lowanna Cres,other,other,100.4,125.5,100.4,0,1,22,122.4,0,modelled
nisc001:230619,nisc001:230637,"Bahloo Reserve, Merrigum St",South St opp Bahloo Reserve,other,other,133.7,167.1,133.7,0,1,22,155.7,0,modelled
nisc001:230619,nisc001:230638,"Bahloo Reserve, Merrigum St","Bahloo Reserve, South St",other,other,118.2,147.7,118.2,0,1,22,140.2,0,modelled
nisc001:230622,nisc001:230628,South St opp Mick Bird Oval,"Mick Bird Oval, South St",other,other,27.5,34.3,27.5,0,0,0,27.5,0,modelled
nisc001:230623,nisc001:230626,South St at Shade Lane,"St Pius X Church, Lake St",other,other,147.9,184.9,147.9,0,1,22,169.9,0,modelled
nisc001:230623,nisc001:230636,South St at Shade Lane,Lake St opp Lake St Shops,other,other,89.7,112.1,89.7,0,1,22,111.7,0,modelled
nisc001:230623,nisc001:230639,South St at Shade Lane,South St before Lake St,other,other,127.6,159.4,127.6,0,1,22,149.6,0,modelled
nisc001:230624,nisc001:230625,"Windale Gateshead Bowling Club, Lake St",Lake St opp Windale Gateshead Bowling Club,other,other,65.3,81.7,65.3,0,1,22,87.3,0,modelled
nisc001:230626,nisc001:230639,"St Pius X Church, Lake St",South St before Lake St,other,other,118.6,148.3,118.6,0,1,22,140.6,0,modelled
nisc001:230629,nisc001:230646,Iona St at Lachlan St,Iona St at South St,other,other,32.0,40.0,32.0,0,0,0,32.0,0,modelled
nisc001:230630,nisc001:230631,Manfred Ave at Lachlan St,24 Manfred Ave,other,other,142.9,178.6,142.9,0,1,22,164.9,0,modelled
nisc001:230630,nisc001:230644,Manfred Ave at Lachlan St,19 Manfred Ave,other,other,141.5,176.8,141.5,0,1,22,163.5,0,modelled
nisc001:230631,nisc001:230644,24 Manfred Ave,19 Manfred Ave,other,other,19.3,24.1,19.3,0,0,0,19.3,0,modelled
nisc001:230632,nisc001:230643,Manfred Ave before Willandra Cres,Manfred Ave after Willandra Cres,other,other,19.3,24.1,19.3,0,0,0,19.3,0,modelled
nisc001:230633,nisc001:230642,Willandra Cres opp Wakool St,Willandra Cres before Wakool St,other,other,18.4,23.1,18.4,0,0,0,18.4,0,modelled
nisc001:230634,nisc001:230641,Lake St at Willandra Cres,Lake St at Willandra Cres,other,other,25.1,31.4,25.1,0,0,0,25.1,0,modelled
nisc001:230634,nisc001:230652,Lake St at Willandra Cres,Willandra Cres after Lake St,other,other,75.3,94.1,75.3,0,1,22,97.3,0,modelled
nisc001:230634,nisc001:230653,Lake St at Willandra Cres,Willandra Cres at Croudace Rd,other,other,67.9,84.9,67.9,0,1,22,89.9,0,modelled
nisc001:230635,nisc001:230640,Lake St opp Wilga St,Lake St at Lachlan St,other,other,48.2,60.3,48.2,0,0,0,48.2,0,modelled
nisc001:230636,nisc001:230639,Lake St opp Lake St Shops,South St before Lake St,other,other,64.4,80.4,64.4,0,1,22,86.4,0,modelled
nisc001:230637,nisc001:230638,South St opp Bahloo Reserve,"Bahloo Reserve, South St",other,other,21.3,26.6,21.3,0,0,0,21.3,0,modelled
nisc001:230641,nisc001:230652,Lake St at Willandra Cres,Willandra Cres after Lake St,other,other,50.2,62.7,50.2,0,0,0,50.2,0,modelled
nisc001:230641,nisc001:230653,Lake St at Willandra Cres,Willandra Cres at Croudace Rd,other,other,44.5,55.6,44.5,0,0,0,44.5,0,modelled
nisc001:230642,nisc001:230643,Willandra Cres before Wakool St,Manfred Ave after Willandra Cres,other,other,141.2,176.4,141.2,0,1,22,163.2,0,modelled
nisc001:230650,nisc001:230651,Merrigum St at Lowanna Cres,Merrigum St opp Lowanna Cres,other,other,35.4,44.3,35.4,0,0,0,35.4,0,modelled
nisc001:230652,nisc001:230653,Willandra Cres after Lake St,Willandra Cres at Croudace Rd,other,other,25.1,31.3,25.1,0,0,0,25.1,0,modelled
nisc001:230654,nisc001:230655,"Anglican Parish of Windale, Merrigum St",Merrigum St opp Anglican Parish of Windale,other,other,31.1,38.9,31.1,0,0,0,31.1,0,modelled
nisc001:230711,nisc001:230747,Sandgate Rd after Cobby St,Cobby St at Sandgate Rd,other,other,55.3,69.1,55.3,0,0,0,55.3,0,modelled
nisc001:230711,nisc001:230748,Sandgate Rd after Cobby St,Cobby St at Rabaul St,other,other,80.6,100.8,80.6,0,1,22,102.6,0,modelled
nisc001:230712,nisc001:230754,163 Marsden St,135 Marsden St,other,other,112.5,140.6,112.5,0,1,22,134.5,0,modelled
nisc001:230713,nisc001:230743,Marton St at Sandgate Rd,Marton St at Sandgate Rd,other,other,15.2,19.0,15.2,0,0,0,15.2,0,modelled
nisc001:230714,nisc001:230725,King St before Marton St,Mawson St at Marton St,other,other,146.7,183.4,146.7,0,1,22,168.7,0,modelled
nisc001:230714,nisc001:230742,King St before Marton St,King St after Marton St,other,other,17.2,21.5,17.2,0,0,0,17.2,0,modelled
nisc001:230715,nisc001:230741,King St opp Cora Pl,King St after Cora Pl,other,other,18.6,23.3,18.6,0,0,0,18.6,0,modelled
nisc001:230716,nisc001:230722,King St before Mort Lane,Marsden St at Mort Lane,other,other,111.3,139.2,111.3,0,1,22,133.3,0,modelled
nisc001:230716,nisc001:230739,King St before Mort Lane,Marsden St opp Mort Lane,other,other,127.8,159.8,127.8,0,1,22,149.8,0,modelled
nisc001:230716,nisc001:230740,King St before Mort Lane,King St after Mort St,other,other,19.6,24.5,19.6,0,0,0,19.6,0,modelled
nisc001:230717,nisc001:230721,Karloo St after Alderson St,King St at Karloo St,other,other,126.4,158.1,126.4,0,1,22,148.4,0,modelled
nisc001:230722,nisc001:230739,Marsden St at Mort Lane,Marsden St opp Mort Lane,other,other,20.6,25.7,20.6,0,0,0,20.6,0,modelled
nisc001:230722,nisc001:230740,Marsden St at Mort Lane,King St after Mort St,other,other,130.9,163.7,130.9,0,1,22,152.9,0,modelled
nisc001:230723,nisc001:230738,54 Marsden St,67 Marsden St,other,other,32.8,41.0,32.8,0,0,0,32.8,0,modelled
nisc001:230724,nisc001:230737,Marsden St opp Alister St,Marsden St before Alister St,other,other,19.2,23.9,19.2,0,0,0,19.2,0,modelled
nisc001:230725,nisc001:230736,Mawson St at Marton St,Mawson St at Alister St,other,other,28.5,35.7,28.5,0,0,0,28.5,0,modelled
nisc001:230726,nisc001:230735,"Hunter Valley Private Hospital, Mawson St",Mawson St opp Hunter Valley Private Hospital,other,other,19.7,24.7,19.7,0,0,0,19.7,0,modelled
nisc001:230727,nisc001:230734,Mawson St at Sandgate Rd,Mawson St after Sandgate Rd,other,other,22.2,27.8,22.2,0,0,0,22.2,0,modelled
nisc001:230729,nisc001:230733,Sandgate Rd opp Hansen Pl,Sandgate Rd at Hansen Pl,other,other,29.4,36.8,29.4,0,0,0,29.4,0,modelled
nisc001:230730,nisc001:230731,Sandgate Rd opp Our Lady of Victories Church,"Our Lady of Victories Primary School, Sandgate Rd",other,other,102.3,127.9,102.3,0,1,22,124.3,0,modelled
nisc001:230730,nisc001:230732,Sandgate Rd opp Our Lady of Victories Church,"Our Lady of Victories Church, Sandgate Rd",other,other,19.0,23.8,19.0,0,0,0,19.0,0,modelled
nisc001:230730,nisc001:230751,Sandgate Rd opp Our Lady of Victories Church,Bardia Rd before Sandgate Rd,other,other,144.8,181.0,144.8,0,1,22,166.8,0,modelled
nisc001:230731,nisc001:230732,"Our Lady of Victories Primary School, Sandgate Rd","Our Lady of Victories Church, Sandgate Rd",other,other,94.4,118.1,94.4,0,1,22,116.4,0,modelled
nisc001:230732,nisc001:230744,"Our Lady of Victories Church, Sandgate Rd",Bardia Rd after Sandgate Rd,other,other,144.4,180.5,144.4,0,1,22,166.4,0,modelled
nisc001:230732,nisc001:230751,"Our Lady of Victories Church, Sandgate Rd",Bardia Rd before Sandgate Rd,other,other,142.6,178.3,142.6,0,1,22,164.6,0,modelled
nisc001:230733,nisc001:230751,Sandgate Rd at Hansen Pl,Bardia Rd before Sandgate Rd,other,other,142.0,177.6,142.0,0,1,22,164.0,0,modelled
nisc001:230739,nisc001:230740,Marsden St opp Mort Lane,King St after Mort St,other,other,147.4,184.3,147.4,0,1,22,169.4,0,modelled
nisc001:230744,nisc001:230751,Bardia Rd after Sandgate Rd,Bardia Rd before Sandgate Rd,other,other,45.4,56.7,45.4,0,0,0,45.4,0,modelled
nisc001:230745,nisc001:230750,Derna Rd at Bardia Rd,Derna Rd at Bardia Rd,other,other,22.3,27.9,22.3,0,0,0,22.3,0,modelled
nisc001:230746,nisc001:230749,Derna Rd at Cobby St,Derna Rd at Cobby St,other,other,16.8,21.0,16.8,0,0,0,16.8,0,modelled
nisc001:230747,nisc001:230748,Cobby St at Sandgate Rd,Cobby St at Rabaul St,other,other,27.8,34.7,27.8,0,0,0,27.8,0,modelled
nisc001:230811,nisc001:230817,"University of Newcastle Western Entrance, University Dr",University Dr opp University of Newcastle Western Entrance,other,other,30.1,37.7,30.1,0,0,0,30.1,0,modelled
nisc001:230811,regionbuses:230817,"University of Newcastle Western Entrance, University Dr",University Dr opp University of Newcastle Western Entrance,other,other,30.1,37.7,30.1,0,0,0,30.1,0,modelled
nisc001:230812,nisc001:230815,Ring Rd opp The Wollotuka Institute,"The Wollotuka Institute, Ring Rd",other,other,41.8,52.3,41.8,0,0,0,41.8,0,modelled
nisc001:230813,nisc001:230814,Ring Rd opp Mathematics Building,"Mathematics Building, Ring Rd",other,other,31.8,39.7,31.8,0,0,0,31.8,0,modelled
nisc001:230817,regionbuses:230817,University Dr opp University of Newcastle Western Entrance,University Dr opp University of Newcastle Western Entrance,other,other,0.0,0.0,0.0,0,0,0,0.0,0,modelled
nisc001:230820,nisc001:230827,University Dr after Kimian Ave,University Dr opp Kimian Ave,other,other,51.4,64.2,51.4,0,0,0,51.4,0,modelled
nisc001:230821,nisc001:230826,University Dr opp University of Newcastle Eastern Entrance,"University of Newcastle Eastern Entrance, University Dr",other,other,66.9,83.6,66.9,0,1,22,88.9,0,modelled
nisc001:230821,regionbuses:230826,University Dr opp University of Newcastle Eastern Entrance,"University of Newcastle Eastern Entrance, University Dr",other,other,66.9,83.6,66.9,0,1,22,88.9,0,modelled
nisc001:230826,regionbuses:230826,"University of Newcastle Eastern Entrance, University Dr","University of Newcastle Eastern Entrance, University Dr",other,other,0.0,0.0,0.0,0,0,0,0.0,0,modelled
nisc001:2200485,nisc001:2290251,Buwa St after Algona Rd,Algona Rd at Buwa St,other,other,61.4,76.8,61.4,0,1,22,83.4,0,modelled
nisc001:2200485,nisc001:2290288,Buwa St after Algona Rd,Algona Rd at Felton St,other,other,77.8,97.2,77.8,0,1,22,99.8,0,modelled
nisc001:2280100,nisc001:228091,Old Belmont Rd opp Harlo St,Old Belmont Rd before Harlo St,other,other,16.6,20.8,16.6,0,0,0,16.6,0,modelled
nisc001:2280101,nisc001:228088,Harrison St opp Somerset St,Harrison St at Somerset St,other,other,35.3,44.1,35.3,0,0,0,35.3,0,modelled
nisc001:2280102,nisc001:228087,Harrison St opp Arlington St,Harrison St before Arlington St,other,other,96.4,120.6,96.4,0,1,22,118.4,0,modelled
nisc001:2280103,nisc001:228086,Harrison St opp Palamuna Cl,Harrison St after Palamuna Cl,other,other,24.2,30.3,24.2,0,0,0,24.2,0,modelled
nisc001:2280104,nisc001:228085,Harrison St opp Cooinda Cl,Harrison St after Cooinda Cl,other,other,27.2,34.0,27.2,0,0,0,27.2,0,modelled
nisc001:2280105,nisc001:228075,Harrison St at Ntaba Rd,"Holy Family Anglican Church, Ntaba Rd",other,other,58.8,73.5,58.8,0,0,0,58.8,0,modelled
nisc001:2280105,nisc001:228076,Harrison St at Ntaba Rd,Ntaba Rd opp Holy Family Anglican Church,other,other,68.8,85.9,68.8,0,1,22,90.8,0,modelled
nisc001:2280105,nisc001:228084,Harrison St at Ntaba Rd,"Holy Family Anglican Church, Harrison St",other,other,34.2,42.7,34.2,0,0,0,34.2,0,modelled
nisc001:2280106,nisc001:228083,Ntaba Rd opp Lepton Pde,Ntaba Rd before Lepton Pde,other,other,20.6,25.8,20.6,0,0,0,20.6,0,modelled
nisc001:2280106,nisc001:2280319,Ntaba Rd opp Lepton Pde,Ntaba Rd opp Dalrymple St,other,other,132.3,165.3,132.3,0,1,22,154.3,0,modelled
nisc001:2280107,nisc001:228082,Ntaba Rd opp Jewells Plaza,"Jewells Plaza, Ntaba Rd",other,other,19.4,24.3,19.4,0,0,0,19.4,0,modelled
nisc001:2280107,nisc001:2280319,Ntaba Rd opp Jewells Plaza,Ntaba Rd opp Dalrymple St,other,other,108.8,136.1,108.8,0,1,22,130.8,0,modelled
nisc001:2280108,nisc001:228081,Ntaba Rd at Gilsmere St,Ntaba Rd opp Gilsmere St,other,other,15.2,19.0,15.2,0,0,0,15.2,0,modelled
nisc001:2280109,nisc001:228080,Ntaba Rd opp Fencott Dr,Ntaba Rd after Fencott Dr,other,other,16.7,20.9,16.7,0,0,0,16.7,0,modelled
nisc001:2280113,nisc001:228051,Pacific Hwy opp Violet Town Rd,Pacific Hwy at Violet Town Rd,other,other,75.4,94.2,75.4,0,1,22,97.4,0,modelled
nisc001:2280117,nisc001:228071,Wommara Ave after John Fisher Rd,Wommara Ave after Pacific Hwy,other,other,20.0,25.0,20.0,0,0,0,20.0,0,modelled
nisc001:2280120,nisc001:228025,Floraville Rd before Pacific Hwy,Pacific Hwy opp Cobbin Pde,other,other,102.6,128.3,102.6,0,1,22,124.6,0,modelled
nisc001:2280120,nisc001:2280225,Floraville Rd before Pacific Hwy,"Belmont Bus Depot, Floraville Rd",other,other,37.1,46.4,37.1,0,0,0,37.1,0,modelled
nisc001:2280120,nisc001:2280243,Floraville Rd before Pacific Hwy,Pacific Hwy at Cobbin Pde,other,other,144.3,180.4,144.3,0,1,22,166.3,0,modelled
nisc001:2280122,nisc001:228027,Park St at Elidge Cres,Pacific Hwy opp Old Belmont Rd,other,other,124.0,155.0,124.0,0,1,22,146.0,0,modelled
nisc001:2280122,nisc001:228036,Park St at Elidge Cres,Pacific Hwy at Old Belmont Rd,other,other,134.9,168.6,134.9,0,1,22,156.9,0,modelled
nisc001:2280125,nisc001:2280126,Violet Town Rd at Cambewarra Dr,Violet Town Rd opp Camberwarra Dr,other,other,21.9,27.4,21.9,0,0,0,21.9,0,modelled
nisc001:2280130,nisc001:2280131,Tingira Dr at Wyndham Way,Tingira Dr opp Wyndham Way,other,other,111.0,138.7,111.0,0,1,22,133.0,0,modelled
nisc001:2280130,nisc001:2282164,Tingira Dr at Wyndham Way,Wyndham Way before Tingira Dr,other,other,66.6,83.2,66.6,0,1,22,88.6,0,modelled
nisc001:2280130,nisc001:2282165,Tingira Dr at Wyndham Way,Wyndham Way after Tingira Dr,other,other,97.8,122.2,97.8,0,1,22,119.8,0,modelled
nisc001:2280131,nisc001:2282164,Tingira Dr opp Wyndham Way,Wyndham Way before Tingira Dr,other,other,109.2,136.6,109.2,0,1,22,131.2,0,modelled
nisc001:2280131,nisc001:2282165,Tingira Dr opp Wyndham Way,Wyndham Way after Tingira Dr,other,other,113.1,141.4,113.1,0,1,22,135.1,0,modelled
nisc001:2280132,nisc001:2280158,Parklea Ave opp Valentine Eleebana Netball Club,"Valentine Eleebana Netball Club, Parklea Ave",other,other,20.1,25.1,20.1,0,0,0,20.1,0,modelled
nisc001:2280133,nisc001:2280157,Parklea Ave opp Valentine Eleebana Football Club,"Valentine Eleebana Football Club, Parklea Ave",other,other,29.4,36.7,29.4,0,0,0,29.4,0,modelled
nisc001:2280134,nisc001:2280156,"The Stuart Centre, Parklea Ave",Parklea Ave opp The Stuart Centre,other,other,30.5,38.1,30.5,0,0,0,30.5,0,modelled
nisc001:2280135,nisc001:2280136,Parklea Ave at Connaught Rd,Connaught Rd opp Parklea Ave,other,other,76.7,95.9,76.7,0,1,22,98.7,0,modelled
nisc001:2280135,nisc001:2280155,Parklea Ave at Connaught Rd,Connaught Rd before Parklea Ave,other,other,78.3,97.8,78.3,0,1,22,100.3,0,modelled
nisc001:2280136,nisc001:2280155,Connaught Rd opp Parklea Ave,Connaught Rd before Parklea Ave,other,other,18.2,22.8,18.2,0,0,0,18.2,0,modelled
nisc001:2280137,nisc001:2280154,Connaught Rd at Arundel Pl,Connaught Rd opp Arundel Pl,other,other,26.6,33.3,26.6,0,0,0,26.6,0,modelled
nisc001:2280138,nisc001:2280153,Regal Way after Connaught Rd,Regal Way at Connaught Rd,other,other,17.9,22.4,17.9,0,0,0,17.9,0,modelled
nisc001:2280139,nisc001:2280152,Regal Way opp Trafalgar Cres,Regal Way opp Warwick Way,other,other,28.4,35.6,28.4,0,0,0,28.4,0,modelled
nisc001:2280140,nisc001:2280151,"Gatts Farm Reserve, Regal Way",Regal Way opp Gatts Farm Reserve,other,other,21.7,27.1,21.7,0,0,0,21.7,0,modelled
nisc001:2280141,nisc001:2280150,Regal Way opp Trafalgar Cres,Regal Way before Trafalgar Cres,other,other,25.9,32.4,25.9,0,0,0,25.9,0,modelled
nisc001:2280142,nisc001:2280149,Regal Way opp Kenton Cres,Regal Way opp Kenton Cres,other,other,36.7,45.9,36.7,0,0,0,36.7,0,modelled
nisc001:2280143,nisc001:2280148,Regal Way after Stonehaven Pl,Regal Way opp Stonehaven Pl,other,other,41.7,52.1,41.7,0,0,0,41.7,0,modelled
nisc001:2280144,nisc001:2280147,Regal Way opp Kento Cres,Regal Way at Kento Cres,other,other,25.6,32.0,25.6,0,0,0,25.6,0,modelled
nisc001:2280145,nisc001:2280146,Regal Way before Ruston Ave,Regal Way opp Ruston Ave,other,other,38.2,47.7,38.2,0,0,0,38.2,0,modelled
nisc001:2280159,nisc001:2280162,Macquarie Dr after Tingira Dr,Macquarie Dr opp Tingira Dr,other,other,74.4,93.0,74.4,0,1,22,96.4,0,modelled
nisc001:2280160,nisc001:2280161,Macquarie Dr before St Johns Dr,Macquarie Dr after St Johns Dr,other,other,21.3,26.6,21.3,0,0,0,21.3,0,modelled
nisc001:2280163,nisc001:2280220,"Valentine Public School, Tallawalla Rd",Tallawalla Rd opp Valentine Public School,other,other,26.9,33.7,26.9,0,0,0,26.9,0,modelled
nisc001:2280163,nisc001:2280318,"Valentine Public School, Tallawalla Rd",Macquarie Dr after Tallawalla Rd,other,other,104.7,130.9,104.7,0,1,22,126.7,0,modelled
nisc001:2280163,nisc001:2280320,"Valentine Public School, Tallawalla Rd",Macquarie Dr before Regal Way,other,other,127.5,159.4,127.5,0,1,22,149.5,0,modelled
nisc001:2280164,nisc001:2280219,Tallawalla Rd before Berringar Rd,Tallawalla Rd after Berringar Rd,other,other,44.6,55.8,44.6,0,0,0,44.6,0,modelled
nisc001:2280165,nisc001:2280218,Berringar Rd after Tallawalla Rd,Berringar Rd before Tallawalla Rd,other,other,71.6,89.5,71.6,0,1,22,93.6,0,modelled
nisc001:2280166,nisc001:2280203,Berringar Rd at Allambee Pl,Berringar Rd at Allambee Pl,other,other,21.0,26.2,21.0,0,0,0,21.0,0,modelled
nisc001:2280167,nisc001:2280172,Dilkera Ave at Andrew Rd,Dilkera Ave opp Andrew Rd,other,other,22.1,27.6,22.1,0,0,0,22.1,0,modelled
nisc001:2280167,nisc001:2280173,Dilkera Ave at Andrew Rd,Andrew Rd opp Victor Ave,other,other,82.8,103.5,82.8,0,1,22,104.8,0,modelled
nisc001:2280167,nisc001:2280202,Dilkera Ave at Andrew Rd,Andrew Rd at Victor Ave,other,other,61.0,76.3,61.0,0,1,22,83.0,0,modelled
nisc001:2280168,nisc001:2280171,Dilkera Ave at Albert St,Dilkera Ave opp Albert St,other,other,22.9,28.7,22.9,0,0,0,22.9,0,modelled
nisc001:2280169,nisc001:2280170,Albert St at Andrew Rd,Albert St after Andrew Rd,other,other,26.2,32.8,26.2,0,0,0,26.2,0,modelled
nisc001:2280169,nisc001:2280173,Albert St at Andrew Rd,Andrew Rd opp Victor Ave,other,other,111.1,138.9,111.1,0,1,22,133.1,0,modelled
nisc001:2280169,nisc001:2280174,Albert St at Andrew Rd,Andrew Rd opp Albert St,other,other,39.2,49.0,39.2,0,0,0,39.2,0,modelled
nisc001:2280169,nisc001:2280201,Albert St at Andrew Rd,Andrew Rd opp Christopher Ave,other,other,48.7,60.8,48.7,0,0,0,48.7,0,modelled
nisc001:2280169,nisc001:2280202,Albert St at Andrew Rd,Andrew Rd at Victor Ave,other,other,131.1,163.8,131.1,0,1,22,153.1,0,modelled
nisc001:2280170,nisc001:2280173,Albert St after Andrew Rd,Andrew Rd opp Victor Ave,other,other,128.3,160.4,128.3,0,1,22,150.3,0,modelled
nisc001:2280170,nisc001:2280174,Albert St after Andrew Rd,Andrew Rd opp Albert St,other,other,59.4,74.2,59.4,0,0,0,59.4,0,modelled
nisc001:2280170,nisc001:2280201,Albert St after Andrew Rd,Andrew Rd opp Christopher Ave,other,other,47.2,59.0,47.2,0,0,0,47.2,0,modelled
nisc001:2280170,nisc001:2280202,Albert St after Andrew Rd,Andrew Rd at Victor Ave,other,other,146.6,183.2,146.6,0,1,22,168.6,0,modelled
nisc001:2280170,nisc001:2280217,Albert St after Andrew Rd,Christopher Ave before Andrew Rd,other,other,149.4,186.7,149.4,0,1,22,171.4,0,modelled
nisc001:2280172,nisc001:2280173,Dilkera Ave opp Andrew Rd,Andrew Rd opp Victor Ave,other,other,97.6,122.0,97.6,0,1,22,119.6,0,modelled
nisc001:2280172,nisc001:2280202,Dilkera Ave opp Andrew Rd,Andrew Rd at Victor Ave,other,other,76.0,95.0,76.0,0,1,22,98.0,0,modelled
nisc001:2280173,nisc001:2280174,Andrew Rd opp Victor Ave,Andrew Rd opp Albert St,other,other,127.0,158.7,127.0,0,1,22,149.0,0,modelled
nisc001:2280173,nisc001:2280202,Andrew Rd opp Victor Ave,Andrew Rd at Victor Ave,other,other,21.8,27.3,21.8,0,0,0,21.8,0,modelled
nisc001:2280174,nisc001:2280201,Andrew Rd opp Albert St,Andrew Rd opp Christopher Ave,other,other,43.5,54.4,43.5,0,0,0,43.5,0,modelled
nisc001:2280174,nisc001:2280202,Andrew Rd opp Albert St,Andrew Rd at Victor Ave,other,other,148.5,185.7,148.5,0,1,22,170.5,0,modelled
nisc001:2280174,nisc001:2280204,Andrew Rd opp Albert St,Christopher Ave after Andrew Rd,other,other,143.5,179.4,143.5,0,1,22,165.5,0,modelled
nisc001:2280174,nisc001:2280217,Andrew Rd opp Albert St,Christopher Ave before Andrew Rd,other,other,128.2,160.3,128.2,0,1,22,150.2,0,modelled
nisc001:2280175,nisc001:2280199,Andrew Rd opp Frederick St,Andrew Rd at Roma Rd,other,other,84.4,105.5,84.4,0,1,22,106.4,0,modelled
nisc001:2280175,nisc001:2280200,Andrew Rd opp Frederick St,Andrew Rd at Frederick St,other,other,52.7,65.9,52.7,0,0,0,52.7,0,modelled
nisc001:2280176,nisc001:2280199,Andrew Rd opp Roma Rd,Andrew Rd at Roma Rd,other,other,86.2,107.7,86.2,0,1,22,108.2,0,modelled
nisc001:2280177,nisc001:2280178,Andrew Rd opp Leichhardt Rd,Andrew Rd at Minter St,other,other,115.4,144.2,115.4,0,1,22,137.4,0,modelled
nisc001:2280177,nisc001:2280198,Andrew Rd opp Leichhardt Rd,Andrew Rd before Leichhardt Rd,other,other,37.2,46.6,37.2,0,0,0,37.2,0,modelled
nisc001:2280178,nisc001:2280197,Andrew Rd at Minter St,Andrew Rd before Redondo Rd,other,other,98.7,123.4,98.7,0,1,22,120.7,0,modelled
nisc001:2280179,nisc001:2280196,Andrew Rd before Berringar Rd,Andrew Rd after Berringar Rd,other,other,47.9,59.8,47.9,0,0,0,47.9,0,modelled
nisc001:2280179,nisc001:2280197,Andrew Rd before Berringar Rd,Andrew Rd before Redondo Rd,other,other,139.4,174.3,139.4,0,1,22,161.4,0,modelled
nisc001:2280180,nisc001:2280181,Andrew Rd at Croudace Bay Rd,Croudace Bay Rd at Excalibur Pde,other,other,99.5,124.4,99.5,0,1,22,121.5,0,modelled
nisc001:2280180,nisc001:2280194,Andrew Rd at Croudace Bay Rd,Croudace Bay Rd at Andrew Rd,other,other,43.9,54.9,43.9,0,0,0,43.9,0,modelled
nisc001:2280180,nisc001:2280212,Andrew Rd at Croudace Bay Rd,Berringar Rd at Andrew Rd,other,other,78.9,98.6,78.9,0,1,22,100.9,0,modelled
nisc001:2280180,nisc001:2280213,Andrew Rd at Croudace Bay Rd,Berringar Rd opp Andrew Rd,other,other,99.8,124.7,99.8,0,1,22,121.8,0,modelled
nisc001:2280181,nisc001:2280194,Croudace Bay Rd at Excalibur Pde,Croudace Bay Rd at Andrew Rd,other,other,55.6,69.5,55.6,0,0,0,55.6,0,modelled
nisc001:2280182,nisc001:2280193,Spinnaker Ridge Way opp Seafarer Cl,Spinnaker Rgwy opp Jib St,other,other,20.8,26.0,20.8,0,0,0,20.8,0,modelled
nisc001:2280183,nisc001:2280192,Spinnaker Ridge Way after Nerang Pl,Spinnaker Rgwy opp Nerang Pl,other,other,17.1,21.4,17.1,0,0,0,17.1,0,modelled
nisc001:2280184,nisc001:2280191,Spinnaker Ridge Way before Hill St,Spinnaker Rgwy at Hill St,other,other,19.3,24.2,19.3,0,0,0,19.3,0,modelled
nisc001:2280185,nisc001:2280190,Hill St opp Mary Ave,Hill St before Mary Ave,other,other,36.1,45.1,36.1,0,0,0,36.1,0,modelled
nisc001:2280186,nisc001:2280189,78 Hill St,69 Hill St,other,other,24.4,30.5,24.4,0,0,0,24.4,0,modelled
nisc001:2280187,nisc001:2280188,Hill St at Evans St,Hill St after Evans St,other,other,25.1,31.3,25.1,0,0,0,25.1,0,modelled
nisc001:2280187,nisc001:2280248,Hill St at Evans St,Evans St opp Haig St,other,other,126.0,157.5,126.0,0,1,22,148.0,0,modelled
nisc001:2280187,nisc001:2280366,Hill St at Evans St,Evans St at Haig St,other,other,121.5,151.8,121.5,0,1,22,143.5,0,modelled
nisc001:2280188,nisc001:2280248,Hill St after Evans St,Evans St opp Haig St,other,other,145.7,182.1,145.7,0,1,22,167.7,0,modelled
nisc001:2280188,nisc001:2280366,Hill St after Evans St,Evans St at Haig St,other,other,138.9,173.6,138.9,0,1,22,160.9,0,modelled
nisc001:2280194,nisc001:2280212,Croudace Bay Rd at Andrew Rd,Berringar Rd at Andrew Rd,other,other,107.4,134.3,107.4,0,1,22,129.4,0,modelled
nisc001:2280194,nisc001:2280213,Croudace Bay Rd at Andrew Rd,Berringar Rd opp Andrew Rd,other,other,132.8,166.0,132.8,0,1,22,154.8,0,modelled
nisc001:2280199,nisc001:2280200,Andrew Rd at Roma Rd,Andrew Rd at Frederick St,other,other,136.9,171.2,136.9,0,1,22,158.9,0,modelled
nisc001:2280201,nisc001:2280204,Andrew Rd opp Christopher Ave,Christopher Ave after Andrew Rd,other,other,123.2,154.0,123.2,0,1,22,145.2,0,modelled
nisc001:2280201,nisc001:2280217,Andrew Rd opp Christopher Ave,Christopher Ave before Andrew Rd,other,other,103.6,129.5,103.6,0,1,22,125.6,0,modelled
nisc001:2280204,nisc001:2280217,Christopher Ave after Andrew Rd,Christopher Ave before Andrew Rd,other,other,22.8,28.5,22.8,0,0,0,22.8,0,modelled
nisc001:2280205,nisc001:2280216,Christopher Ave opp Michael Cres,Christopher Ave at Michael Cres,other,other,22.8,28.5,22.8,0,0,0,22.8,0,modelled
nisc001:2280206,nisc001:2280207,Lurnea Cres before Allambee Pl,Lurnea Cres after Allambee Pl,other,other,20.0,25.0,20.0,0,0,0,20.0,0,modelled
nisc001:2280208,nisc001:2280215,Riawena St at Lurnea Cres,Riawena St at Lurnea Cres,other,other,15.3,19.1,15.3,0,0,0,15.3,0,modelled
nisc001:2280211,nisc001:2280213,Berringar Rd opp Valiant Ave,Berringar Rd opp Andrew Rd,other,other,144.8,181.0,144.8,0,1,22,166.8,0,modelled
nisc001:2280211,nisc001:2280214,Berringar Rd opp Valiant Ave,Berringar Rd at Valiant Ave,other,other,25.2,31.5,25.2,0,0,0,25.2,0,modelled
nisc001:2280212,nisc001:2280213,Berringar Rd at Andrew Rd,Berringar Rd opp Andrew Rd,other,other,27.7,34.7,27.7,0,0,0,27.7,0,modelled
nisc001:2280213,nisc001:2280214,Berringar Rd opp Andrew Rd,Berringar Rd at Valiant Ave,other,other,125.9,157.4,125.9,0,1,22,147.9,0,modelled
nisc001:2280220,nisc001:2280318,Tallawalla Rd opp Valentine Public School,Macquarie Dr after Tallawalla Rd,other,other,78.6,98.3,78.6,0,1,22,100.6,0,modelled
nisc001:2280220,nisc001:2280320,Tallawalla Rd opp Valentine Public School,Macquarie Dr before Regal Way,other,other,100.8,126.0,100.8,0,1,22,122.8,0,modelled
nisc001:2280221,nisc001:2280255,Croudace Bay Rd at Spinnaker Rgwy,Croudace Bay Rd opp Spinnaker Rgwy,other,other,23.2,29.0,23.2,0,0,0,23.2,0,modelled
nisc001:2280222,nisc001:2280254,"Belmont Hospital, Green Point Dr",Green Point Dr opp Belmont Hospital,other,other,29.0,36.3,29.0,0,0,0,29.0,0,modelled
nisc001:2280223,nisc001:2280253,Lewers St after Croudace Bay Rd,Lewers St opp Croudace Bay Rd,other,other,42.5,53.1,42.5,0,0,0,42.5,0,modelled
nisc001:2280224,nisc001:2280250,Ross St opp Belmont 16s,"Belmont 16s, Ross St",other,other,23.4,29.2,23.4,0,0,0,23.4,0,modelled
nisc001:2280225,nisc001:228025,"Belmont Bus Depot, Floraville Rd",Pacific Hwy opp Cobbin Pde,other,other,72.1,90.1,72.1,0,1,22,94.1,0,modelled
nisc001:2280225,nisc001:2280243,"Belmont Bus Depot, Floraville Rd",Pacific Hwy at Cobbin Pde,other,other,113.6,142.0,113.6,0,1,22,135.6,0,modelled
nisc001:2280227,nisc001:2280242,Floraville Rd opp York Cres,Floraville Rd at York Cres,other,other,26.6,33.2,26.6,0,0,0,26.6,0,modelled
nisc001:2280228,nisc001:2280241,Floraville Rd at Fairweather Ave,Floraville Rd opp Fairweather Ave,other,other,36.7,45.9,36.7,0,0,0,36.7,0,modelled
nisc001:2280229,nisc001:2280240,Floraville Rd opp Sampson Ave,Floraville Rd at Sampson Ave,other,other,24.2,30.3,24.2,0,0,0,24.2,0,modelled
nisc001:2280230,nisc001:2280239,Floraville Rd opp Marks Oval,"Marks Oval, Floraville Rd",other,other,21.4,26.8,21.4,0,0,0,21.4,0,modelled
nisc001:2280231,nisc001:2280238,"Floraville Public School, Floraville Rd",Floraville Rd opp Floraville Public School,other,other,84.8,106.0,84.8,0,1,22,106.8,0,modelled
nisc001:2280232,nisc001:2280237,Floraville Rd at Victoria St,Floraville Rd opp Victoria St,other,other,24.6,30.7,24.6,0,0,0,24.6,0,modelled
nisc001:2280233,nisc001:2280236,Floraville Rd at Harold St,Floraville Rd opp Harold St,other,other,53.4,66.7,53.4,0,0,0,53.4,0,modelled
nisc001:2280234,nisc001:2280235,"Royal Institute for Deaf & Blind Children, Floraville Rd",Floraville Rd opp Royal Institute for Deaf & Blind Children,other,other,17.5,21.9,17.5,0,0,0,17.5,0,modelled
nisc001:2280243,nisc001:228025,Pacific Hwy at Cobbin Pde,Pacific Hwy opp Cobbin Pde,other,other,41.8,52.3,41.8,0,0,0,41.8,0,modelled
nisc001:2280244,nisc001:228039,Evans St at Pacific Hwy,Pacific Hwy after Livingstone St,other,other,99.8,124.8,99.8,0,1,22,121.8,0,modelled
nisc001:2280244,nisc001:2280246,Evans St at Pacific Hwy,"Belmont High School, Henry St",other,other,129.4,161.8,129.4,0,1,22,151.4,0,modelled
nisc001:2280247,nisc001:2280257,Evans St at Robb St,Evans St opp Robb St,other,other,18.5,23.1,18.5,0,0,0,18.5,0,modelled
nisc001:2280248,nisc001:2280366,Evans St opp Haig St,Evans St at Haig St,other,other,18.6,23.2,18.6,0,0,0,18.6,0,modelled
nisc001:2280251,nisc001:2280252,Lewers St before Daniel St,Daniel St at Crown St,other,other,140.7,175.9,140.7,0,1,22,162.7,0,modelled
nisc001:2280251,nisc001:2280373,Lewers St before Daniel St,Daniel St at Crown St,other,other,136.7,170.9,136.7,0,1,22,158.7,0,modelled
nisc001:2280251,nisc001:2280374,Lewers St before Daniel St,Lewers St before Roe St,other,other,60.7,75.9,60.7,0,1,22,82.7,0,modelled
nisc001:2280252,nisc001:2280373,Daniel St at Crown St,Daniel St at Crown St,other,other,15.6,19.5,15.6,0,0,0,15.6,0,modelled
nisc001:2280264,nisc001:228040,"St Francis Xavier Primary School, Ernest St",Pacific Hwy opp Macquarie St,other,other,147.3,184.1,147.3,0,1,22,169.3,0,modelled
nisc001:2280270,nisc001:228041,"TAFE Hunter, Gen St",Pacific Hwy at Gen St,other,other,63.5,79.4,63.5,0,1,22,85.5,0,modelled
nisc001:2280272,nisc001:2280275,Brooks Pde after Maude St,Brooks Pde after Maude St,other,other,100.3,125.4,100.3,0,1,22,122.3,0,modelled
nisc001:2280276,nisc001:228040,"Belmont Citi Centre, Macquarie St",Pacific Hwy opp Macquarie St,other,other,87.8,109.7,87.8,0,1,22,109.8,0,modelled
nisc001:2280285,nisc001:2280286,Harry St after Pacific Hwy,Hudson St before Arthur St,other,other,65.3,81.6,65.3,0,1,22,87.3,0,modelled
nisc001:2280287,nisc001:228045,Hudson St before Marriot St,Pacific Hwy at Clara St,other,other,121.3,151.7,121.3,0,1,22,143.3,0,modelled
nisc001:2280294,nisc001:228047,Marks Point Rd after Pacific Hwy,Pacific Hwy opp Marks Point Rd,other,other,86.8,108.5,86.8,0,1,22,108.8,0,modelled
nisc001:2280294,nisc001:2280297,Marks Point Rd after Pacific Hwy,Marks Point Rd before Pacific Hwy,other,other,19.0,23.8,19.0,0,0,0,19.0,0,modelled
nisc001:2280297,nisc001:228047,Marks Point Rd before Pacific Hwy,Pacific Hwy opp Marks Point Rd,other,other,74.9,93.7,74.9,0,1,22,96.9,0,modelled
nisc001:2280314,nisc001:2280315,"Belmont Hospital, Croudace Bay Rd",Croudace Bay Rd opp Belmont Hospital,other,other,21.3,26.6,21.3,0,0,0,21.3,0,modelled
nisc001:2280316,nisc001:2280317,Croudace Bay Rd opp Lindsay Ave,Croudace Bay Rd before Lindsay Ave,other,other,21.7,27.1,21.7,0,0,0,21.7,0,modelled
nisc001:2280318,nisc001:2280320,Macquarie Dr after Tallawalla Rd,Macquarie Dr before Regal Way,other,other,26.6,33.2,26.6,0,0,0,26.6,0,modelled
nisc001:2280319,nisc001:228082,Ntaba Rd opp Dalrymple St,"Jewells Plaza, Ntaba Rd",other,other,102.4,127.9,102.4,0,1,22,124.4,0,modelled
nisc001:2280319,nisc001:228083,Ntaba Rd opp Dalrymple St,Ntaba Rd before Lepton Pde,other,other,138.8,173.5,138.8,0,1,22,160.8,0,modelled
nisc001:2280367,nisc001:2280372,Crown St at The Shores Way,Crown St opp The Shores Way,other,other,39.9,49.9,39.9,0,0,0,39.9,0,modelled
nisc001:2280368,nisc001:2280371,Crown St opp Ringtail Cl,Crown St at Ringtail Cl,other,other,55.8,69.8,55.8,0,0,0,55.8,0,modelled
nisc001:2280369,nisc001:2280370,Green Point Dr at Sugarglider Ct,Green Point Dr opp Sugarglider Ct,other,other,28.7,35.8,28.7,0,0,0,28.7,0,modelled
nisc001:2281100,nisc001:228198,Northcote Ave before Pacific Dr,Northcote Ave at Lambton Pde,other,other,89.9,112.3,89.9,0,1,22,111.9,0,modelled
nisc001:2281101,nisc001:228197,Northcote Ave before Francis St,Northcote Ave opp Francis St,other,other,17.8,22.2,17.8,0,0,0,17.8,0,modelled
nisc001:2281102,nisc001:228196,Northcote Ave opp Keith St,Northcote Ave opp Parbury Pl,other,other,33.6,42.0,33.6,0,0,0,33.6,0,modelled
nisc001:2281103,nisc001:228195,Northcote Ave at Dolphin Ct,Northcote Ave before Ross St,other,other,62.3,77.9,62.3,0,1,22,84.3,0,modelled
nisc001:2281104,nisc001:228194,Caves Beach Rd opp Caldwell St,Caves Beach Rd before Caldwell St,other,other,19.4,24.3,19.4,0,0,0,19.4,0,modelled
nisc001:2281105,nisc001:228193,Caves Beach Rd at Yachtsman Ave,Caves Beach Rd at Phillip St,other,other,19.0,23.7,19.0,0,0,0,19.0,0,modelled
nisc001:2281106,nisc001:228192,Caves Beach Rd at Mawson Cl,Caves Beach Rd opp Mawson Cl,other,other,45.8,57.3,45.8,0,0,0,45.8,0,modelled
nisc001:2281107,nisc001:228191,Caves Beach Rd opp Middle St,Caves Beach Rd at Middle St,other,other,41.2,51.5,41.2,0,0,0,41.2,0,modelled
nisc001:2281108,nisc001:228190,Caves Beach Rd opp Park Ave,Park Ave before Caves Beach Rd,other,other,51.5,64.4,51.5,0,0,0,51.5,0,modelled
nisc001:2281109,nisc001:228189,Park Ave before Ocean View Pde,Park Ave opp Ocean View Pde,other,other,24.8,31.0,24.8,0,0,0,24.8,0,modelled
nisc001:2281109,nisc001:2281110,Park Ave before Ocean View Pde,Ocean View Pde at Park Ave,other,other,45.5,56.9,45.5,0,0,0,45.5,0,modelled
nisc001:2281109,nisc001:2281117,Park Ave before Ocean View Pde,Ocean View Pde at Park Ave,other,other,63.8,79.8,63.8,0,1,22,85.8,0,modelled
nisc001:2281110,nisc001:228189,Ocean View Pde at Park Ave,Park Ave opp Ocean View Pde,other,other,53.0,66.2,53.0,0,0,0,53.0,0,modelled
nisc001:2281110,nisc001:2281117,Ocean View Pde at Park Ave,Ocean View Pde at Park Ave,other,other,32.8,41.0,32.8,0,0,0,32.8,0,modelled
nisc001:2281111,nisc001:2281116,Ocean View Pde before New St,Ocean View Pde opp New St,other,other,35.2,44.0,35.2,0,0,0,35.2,0,modelled
nisc001:2281112,nisc001:2281115,Ocean View Pde at Caves Beach Rd,Ocean View Pde at Caves Beach Rd,other,other,23.8,29.8,23.8,0,0,0,23.8,0,modelled
nisc001:2281117,nisc001:228189,Ocean View Pde at Park Ave,Park Ave opp Ocean View Pde,other,other,57.3,71.7,57.3,0,0,0,57.3,0,modelled
nisc001:2281118,nisc001:228188,"Caves Beach Uniting Church, Park Ave",Park Ave at Middle St,other,other,48.8,61.0,48.8,0,0,0,48.8,0,modelled
nisc001:2281120,nisc001:228186,"Swansea High School, Park Ave",Park Ave at Civic Ave,other,other,97.5,121.9,97.5,0,1,22,119.5,0,modelled
nisc001:2281120,nisc001:228187,"Swansea High School, Park Ave",Park Ave opp Swansea High School,other,other,62.4,78.0,62.4,0,1,22,84.4,0,modelled
nisc001:2281120,nisc001:2281121,"Swansea High School, Park Ave","Swansea High School, Park Ave",other,other,19.1,23.8,19.1,0,0,0,19.1,0,modelled
nisc001:2281120,nisc001:2281123,"Swansea High School, Park Ave","Caves Beach OOSH, Park Ave",other,other,51.2,64.0,51.2,0,0,0,51.2,0,modelled
nisc001:2281121,nisc001:228186,"Swansea High School, Park Ave",Park Ave at Civic Ave,other,other,79.1,98.8,79.1,0,1,22,101.1,0,modelled
nisc001:2281121,nisc001:228187,"Swansea High School, Park Ave",Park Ave opp Swansea High School,other,other,80.7,100.9,80.7,0,1,22,102.7,0,modelled
nisc001:2281121,nisc001:2281123,"Swansea High School, Park Ave","Caves Beach OOSH, Park Ave",other,other,32.1,40.1,32.1,0,0,0,32.1,0,modelled
nisc001:2281123,nisc001:228186,"Caves Beach OOSH, Park Ave",Park Ave at Civic Ave,other,other,49.0,61.2,49.0,0,0,0,49.0,0,modelled
nisc001:2281123,nisc001:228187,"Caves Beach OOSH, Park Ave",Park Ave opp Swansea High School,other,other,112.1,140.2,112.1,0,1,22,134.1,0,modelled
nisc001:2281124,nisc001:228184,"Caves Beach Tennis Club, Park Ave",Park Ave opp Caves Beach Tennis Club,other,other,23.1,28.9,23.1,0,0,0,23.1,0,modelled
nisc001:2281124,nisc001:228185,"Caves Beach Tennis Club, Park Ave",137 Park Ave,other,other,144.6,180.8,144.6,0,1,22,166.6,0,modelled
nisc001:2281127,nisc001:228182,Bowman St opp Alexander Pl,Bowman St at Alexander Pl,other,other,43.3,54.1,43.3,0,0,0,43.3,0,modelled
nisc001:2281128,nisc001:228181,Bowman St at Gray St,Bowman St opp Gray St,other,other,61.2,76.5,61.2,0,1,22,83.2,0,modelled
nisc001:2281129,nisc001:228165,Old Pacific Hwy opp Wood St,Wood St before Old Pacific Hwy,other,other,116.3,145.3,116.3,0,1,22,138.3,0,modelled
nisc001:2281129,nisc001:2281167,Old Pacific Hwy opp Wood St,Old Pacific Hwy after Wallace St,other,other,17.5,21.9,17.5,0,0,0,17.5,0,modelled
nisc001:2281130,nisc001:2281148,Old Pacific Hwy at Milray St,Catherine St at Tomlin Pl,other,other,144.5,180.6,144.5,0,1,22,166.5,0,modelled
nisc001:2281130,nisc001:2281164,Old Pacific Hwy at Milray St,Catherine St at Cork Pl,other,other,125.9,157.4,125.9,0,1,22,147.9,0,modelled
nisc001:2281130,nisc001:2281166,Old Pacific Hwy at Milray St,Old Pacific Hwy opp Milray St,other,other,53.6,67.0,53.6,0,0,0,53.6,0,modelled
nisc001:2281131,nisc001:2281165,Old Pacfic Hwy at Parbury Rd,Marks St at Old Pacfic Hwy,other,other,55.1,68.9,55.1,0,0,0,55.1,0,modelled
nisc001:2281135,nisc001:2281148,"Parbury Park, Marks St",Catherine St at Tomlin Pl,other,other,118.4,148.1,118.4,0,1,22,140.4,0,modelled
nisc001:2281135,nisc001:2281164,"Parbury Park, Marks St",Catherine St at Cork Pl,other,other,130.3,162.8,130.3,0,1,22,152.3,0,modelled
nisc001:2281135,nisc001:2281249,"Parbury Park, Marks St",Marks St opp Parbury Park,other,other,22.1,27.7,22.1,0,0,0,22.1,0,modelled
nisc001:2281136,nisc001:2281248,Marks St at Beach St,Marks St at Beach St,other,other,22.7,28.4,22.7,0,0,0,22.7,0,modelled
nisc001:2281137,nisc001:2281147,Marks St at Lake Rd,Marks St at Moxey St,other,other,65.7,82.1,65.7,0,1,22,87.7,0,modelled
nisc001:2281138,nisc001:2281146,Boyd St opp Charles St,Boyd St at Charles St,other,other,34.1,42.6,34.1,0,0,0,34.1,0,modelled
nisc001:2281139,nisc001:2281145,Sturt St at Kennedy St,Sturt St at Kennedy St,other,other,19.6,24.5,19.6,0,0,0,19.6,0,modelled
nisc001:2281142,nisc001:2281155,Burke St before Pelican St,Pelican St at Burke St,other,other,58.7,73.3,58.7,0,0,0,58.7,0,modelled
nisc001:2281143,nisc001:2281144,Rawson St at Pelican St,Rawson St after Pelican St,other,other,27.2,34.0,27.2,0,0,0,27.2,0,modelled
nisc001:2281143,nisc001:2281153,Rawson St at Pelican St,Pelican St opp Swansea Workers Club,other,other,36.6,45.8,36.6,0,0,0,36.6,0,modelled
nisc001:2281143,nisc001:2281159,Rawson St at Pelican St,"Swansea Workers Club, Pelican St",other,other,56.4,70.5,56.4,0,0,0,56.4,0,modelled
nisc001:2281144,nisc001:2281153,Rawson St after Pelican St,Pelican St opp Swansea Workers Club,other,other,63.6,79.5,63.6,0,1,22,85.6,0,modelled
nisc001:2281144,nisc001:2281159,Rawson St after Pelican St,"Swansea Workers Club, Pelican St",other,other,83.1,103.9,83.1,0,1,22,105.1,0,modelled
nisc001:2281148,nisc001:2281164,Catherine St at Tomlin Pl,Catherine St at Cork Pl,other,other,19.1,23.9,19.1,0,0,0,19.1,0,modelled
nisc001:2281148,nisc001:2281166,Catherine St at Tomlin Pl,Old Pacific Hwy opp Milray St,other,other,115.3,144.1,115.3,0,1,22,137.3,0,modelled
nisc001:2281148,nisc001:2281249,Catherine St at Tomlin Pl,Marks St opp Parbury Park,other,other,98.0,122.4,98.0,0,1,22,120.0,0,modelled
nisc001:2281149,nisc001:2281163,Catherine St before Bay St,Catherine St opp Bay St,other,other,20.1,25.1,20.1,0,0,0,20.1,0,modelled
nisc001:2281149,nisc001:2281248,Catherine St before Bay St,Marks St at Beach St,other,other,141.0,176.2,141.0,0,1,22,163.0,0,modelled
nisc001:2281150,nisc001:2281162,Catherine St at Lake Rd,Catherine St at Lake Rd,other,other,20.8,26.0,20.8,0,0,0,20.8,0,modelled
nisc001:2281151,nisc001:2281161,Pelican St after Charles St,Pelican St before Charles St,other,other,28.1,35.1,28.1,0,0,0,28.1,0,modelled
nisc001:2281152,nisc001:2281160,Pelican St at Belmont St,Pelican St at Belmont St,other,other,20.6,25.7,20.6,0,0,0,20.6,0,modelled
nisc001:2281153,nisc001:2281159,Pelican St opp Swansea Workers Club,"Swansea Workers Club, Pelican St",other,other,19.9,24.8,19.9,0,0,0,19.9,0,modelled
nisc001:2281154,nisc001:2281158,Pelican St opp Chapman Oval,"Chapman Oval, Pelican St",other,other,18.6,23.3,18.6,0,0,0,18.6,0,modelled
nisc001:2281159,nisc001:2281170,"Swansea Workers Club, Pelican St",Galgabba St opp Swansea Public School,other,other,147.1,183.9,147.1,0,1,22,169.1,0,modelled
nisc001:2281164,nisc001:2281166,Catherine St at Cork Pl,Old Pacific Hwy opp Milray St,other,other,96.4,120.5,96.4,0,1,22,118.4,0,modelled
nisc001:2281164,nisc001:2281249,Catherine St at Cork Pl,Marks St opp Parbury Park,other,other,108.8,136.0,108.8,0,1,22,130.8,0,modelled
nisc001:2281167,nisc001:228165,Old Pacific Hwy after Wallace St,Wood St before Old Pacific Hwy,other,other,118.7,148.3,118.7,0,1,22,140.7,0,modelled
nisc001:2281168,nisc001:228119,Josephson St opp St Peter's Anglican Church,Pacific Hwy after Lake Rd,other,other,117.1,146.3,117.1,0,1,22,139.1,0,modelled
nisc001:2281168,nisc001:2281173,Josephson St opp St Peter's Anglican Church,"St Peter's Anglican Church, Josephson St",other,other,21.5,26.9,21.5,0,0,0,21.5,0,modelled
nisc001:2281169,nisc001:2281172,Belmont St opp Swansea Swim Centre,"Swansea Swim Centre, Belmont St",other,other,41.8,52.2,41.8,0,0,0,41.8,0,modelled
nisc001:2281169,nisc001:2281246,Belmont St opp Swansea Swim Centre,Josephson St after Belmont St,other,other,132.5,165.6,132.5,0,1,22,154.5,0,modelled
nisc001:2281170,nisc001:2281171,Galgabba St opp Swansea Public School,"Swansea Public School, Galgabba St",other,other,28.1,35.1,28.1,0,0,0,28.1,0,modelled
nisc001:2281173,nisc001:228119,"St Peter's Anglican Church, Josephson St",Pacific Hwy after Lake Rd,other,other,95.5,119.4,95.5,0,1,22,117.5,0,modelled
nisc001:2281177,nisc001:228123,Piriwal St after Warea St,Pacific Hwy opp Pelican Flat Park,other,other,145.0,181.2,145.0,0,1,22,167.0,0,modelled
nisc001:2281177,nisc001:2281186,Piriwal St after Warea St,Piriwal St opp Warea St,other,other,26.0,32.5,26.0,0,0,0,26.0,0,modelled
nisc001:2281178,nisc001:2281185,Piriwal St after Karoburra St,Piriwal St before Karoburra St,other,other,20.3,25.3,20.3,0,0,0,20.3,0,modelled
nisc001:2281179,nisc001:2281184,Piriwal St before Bato St,Piriwal St at Kullara St,other,other,43.8,54.7,43.8,0,0,0,43.8,0,modelled
nisc001:2281180,nisc001:2281183,"Pelican RSL, Pirriwal St",Pirriwal St opp Pelican RSL,other,other,21.1,26.4,21.1,0,0,0,21.1,0,modelled
nisc001:2281181,nisc001:2281182,Soldiers Rd opp Karog St,Soldiers Rd at Karog St,other,other,22.9,28.6,22.9,0,0,0,22.9,0,modelled
nisc001:2281182,nisc001:2281183,Soldiers Rd at Karog St,Pirriwal St opp Pelican RSL,other,other,135.6,169.5,135.6,0,1,22,157.6,0,modelled
nisc001:2281186,nisc001:228123,Piriwal St opp Warea St,Pacific Hwy opp Pelican Flat Park,other,other,125.7,157.1,125.7,0,1,22,147.7,0,modelled
nisc001:2281186,nisc001:228127,Piriwal St opp Warea St,"Pelican Flat Park, Pacific Hwy",other,other,143.6,179.5,143.6,0,1,22,165.6,0,modelled
nisc001:2281187,nisc001:228122,Turea St at Mitti St,Pacific Hwy after Turea St,other,other,111.5,139.4,111.5,0,1,22,133.5,0,modelled
nisc001:2281250,nisc001:228142,Soldiers Rd after Pacific Hwy,Pacific Hwy at Soldiers Rd,other,other,50.6,63.2,50.6,0,0,0,50.6,0,modelled
nisc001:2282100,nisc001:228248,"St Mary's Primary School, Bayview St",Yorston St after Holt St,other,other,126.0,157.6,126.0,0,1,22,148.0,0,modelled
nisc001:2282100,nisc001:228263,"St Mary's Primary School, Bayview St",St Mary's PS before Warner St,other,other,46.9,58.6,46.9,0,0,0,46.9,0,modelled
nisc001:2282100,nisc001:228274,"St Mary's Primary School, Bayview St",Bayview St after King St,other,other,133.1,166.4,133.1,0,1,22,155.1,0,modelled
nisc001:2282100,nisc001:228275,"St Mary's Primary School, Bayview St",Bayview St opp St Mary's Primary School,other,other,46.0,57.5,46.0,0,0,0,46.0,0,modelled
nisc001:2282100,nisc001:228291,"St Mary's Primary School, Bayview St",Warner St after Bayview St,other,other,105.2,131.4,105.2,0,1,22,127.2,0,modelled
nisc001:2282100,nisc001:2282101,"St Mary's Primary School, Bayview St",Bayview St before King St,other,other,129.9,162.4,129.9,0,1,22,151.9,0,modelled
nisc001:2282101,nisc001:228248,Bayview St before King St,Yorston St after Holt St,other,other,138.1,172.6,138.1,0,1,22,160.1,0,modelled
nisc001:2282101,nisc001:228262,Bayview St before King St,King St opp Charles St,other,other,134.6,168.3,134.6,0,1,22,156.6,0,modelled
nisc001:2282101,nisc001:228263,Bayview St before King St,St Mary's PS before Warner St,other,other,83.1,103.9,83.1,0,1,22,105.1,0,modelled
nisc001:2282101,nisc001:228274,Bayview St before King St,Bayview St after King St,other,other,21.7,27.2,21.7,0,0,0,21.7,0,modelled
nisc001:2282101,nisc001:228291,Bayview St before King St,Warner St after Bayview St,other,other,54.3,67.9,54.3,0,0,0,54.3,0,modelled
nisc001:2282103,nisc001:228292,The Esplanade at James St,Queen St before James St,other,other,141.5,176.9,141.5,0,1,22,163.5,0,modelled
nisc001:2282103,nisc001:2282145,The Esplanade at James St,The Esplanade opp James St,other,other,24.5,30.6,24.5,0,0,0,24.5,0,modelled
nisc001:2282104,nisc001:2282144,The Esplanade before Warners Bay Rd,The Esplanade opp Warners Bay Rd,other,other,51.7,64.7,51.7,0,0,0,51.7,0,modelled
nisc001:2282105,nisc001:2282118,The Esplanade after Warners Bay Rd,The Esplanade after Macquarie Dr,other,other,25.0,31.2,25.0,0,0,0,25.0,0,modelled
nisc001:2282106,nisc001:2282117,"Bunya Park, Macquarie Dr",Macquarie Dr opp Bunya Park,other,other,32.2,40.2,32.2,0,0,0,32.2,0,modelled
nisc001:2282106,nisc001:2282119,"Bunya Park, Macquarie Dr",Linden Ave at Cherry Rd,other,other,98.0,122.5,98.0,0,1,22,120.0,0,modelled
nisc001:2282106,nisc001:2282122,"Bunya Park, Macquarie Dr",Linden Ave at Cherry Rd,other,other,88.2,110.3,88.2,0,1,22,110.2,0,modelled
nisc001:2282107,nisc001:2282115,Macquarie Dr before Glad Gunson Dr,Glad Gunson Dr at Linden Ave,other,other,135.8,169.8,135.8,0,1,22,157.8,0,modelled
nisc001:2282107,nisc001:2282116,Macquarie Dr before Glad Gunson Dr,Macquarie Dr opp Glad Gunson Dr,other,other,43.4,54.2,43.4,0,0,0,43.4,0,modelled
nisc001:2282107,nisc001:2282129,Macquarie Dr before Glad Gunson Dr,Glad Gunson Dr at Linden Ave,other,other,135.3,169.1,135.3,0,1,22,157.3,0,modelled
nisc001:2282109,nisc001:2282142,Harkins St at Elizabeth St,Elizabeth St at Harkins St,other,other,53.0,66.2,53.0,0,0,0,53.0,0,modelled
nisc001:2282110,nisc001:2282133,Ian St at Murray St,Murray St opp Mulimbah St,other,other,126.0,157.5,126.0,0,1,22,148.0,0,modelled
nisc001:2282110,nisc001:2282141,Ian St at Murray St,Ian St opp Murray St,other,other,26.1,32.6,26.1,0,0,0,26.1,0,modelled
nisc001:2282111,nisc001:2282133,Ian St at Mulimbah St,Murray St opp Mulimbah St,other,other,143.7,179.6,143.7,0,1,22,165.7,0,modelled
nisc001:2282111,nisc001:2282140,Ian St at Mulimbah St,Ian St at Buring Cl,other,other,69.3,86.6,69.3,0,1,22,91.3,0,modelled
nisc001:2282112,nisc001:2282139,Ian St opp Penfold Cl,Ian St at Penfold Cl,other,other,17.2,21.5,17.2,0,0,0,17.2,0,modelled
nisc001:2282113,nisc001:2282131,"Eleebana Public School, Ian St",Ian St opp Murray St,other,other,79.4,99.2,79.4,0,1,22,101.4,0,modelled
nisc001:2282113,nisc001:2282134,"Eleebana Public School, Ian St",Murray St at Tulloch Cl,other,other,140.5,175.6,140.5,0,1,22,162.5,0,modelled
nisc001:2282114,nisc001:2282130,"Eleebana Public School, Glad Gunson Dr",Glad Gunson Dr opp Eleebana Public School,other,other,24.4,30.5,24.4,0,0,0,24.4,0,modelled
nisc001:2282115,nisc001:2282121,Glad Gunson Dr at Linden Ave,Linden Ave at Glad Gunson Dr,other,other,68.2,85.2,68.2,0,1,22,90.2,0,modelled
nisc001:2282115,nisc001:2282129,Glad Gunson Dr at Linden Ave,Glad Gunson Dr at Linden Ave,other,other,27.9,34.9,27.9,0,0,0,27.9,0,modelled
nisc001:2282117,nisc001:2282119,Macquarie Dr opp Bunya Park,Linden Ave at Cherry Rd,other,other,130.1,162.7,130.1,0,1,22,152.1,0,modelled
nisc001:2282117,nisc001:2282122,Macquarie Dr opp Bunya Park,Linden Ave at Cherry Rd,other,other,120.3,150.4,120.3,0,1,22,142.3,0,modelled
nisc001:2282119,nisc001:2282122,Linden Ave at Cherry Rd,Linden Ave at Cherry Rd,other,other,16.7,20.9,16.7,0,0,0,16.7,0,modelled
nisc001:2282120,nisc001:2282121,Linden Ave at Morris St,Linden Ave at Glad Gunson Dr,other,other,122.4,152.9,122.4,0,1,22,144.4,0,modelled
nisc001:2282121,nisc001:2282129,Linden Ave at Glad Gunson Dr,Glad Gunson Dr at Linden Ave,other,other,41.3,51.7,41.3,0,0,0,41.3,0,modelled
nisc001:2282123,nisc001:2282128,59 Cherry Rd,130 Cherry Rd,other,other,21.9,27.4,21.9,0,0,0,21.9,0,modelled
nisc001:2282124,nisc001:2282127,Jonathan St after Cherry St,Jonathan St before Cherry Rd,other,other,21.2,26.5,21.2,0,0,0,21.2,0,modelled
nisc001:2282125,nisc001:2282126,Jonathan St before Janice St,Jonathan St opp Janice St,other,other,20.4,25.5,20.4,0,0,0,20.4,0,modelled
nisc001:2282131,nisc001:2282134,Ian St opp Murray St,Murray St at Tulloch Cl,other,other,112.8,141.0,112.8,0,1,22,134.8,0,modelled
nisc001:2282135,nisc001:2282138,Rothbury St opp Tyrrells Cl,Rothbury St before Tyrrells Cl,other,other,23.0,28.7,23.0,0,0,0,23.0,0,modelled
nisc001:2282136,nisc001:2282137,Rothbury St opp Arrowfield St,Glad Gunson Dr opp Pindimar Cl,other,other,73.3,91.6,73.3,0,1,22,95.3,0,modelled
nisc001:2282136,nisc001:2282158,Rothbury St opp Arrowfield St,Glad Gunson Dr at Rothbury St,other,other,54.1,67.6,54.1,0,0,0,54.1,0,modelled
nisc001:2282137,nisc001:2282158,Glad Gunson Dr opp Pindimar Cl,Glad Gunson Dr at Rothbury St,other,other,81.4,101.8,81.4,0,1,22,103.4,0,modelled
nisc001:2282146,nisc001:228285,Warners Bay Rd at Jonathan St,Jonathan St at Warners Bay Rd,other,other,32.1,40.2,32.1,0,0,0,32.1,0,modelled
nisc001:2282146,nisc001:228288,Warners Bay Rd at Jonathan St,Jonathan St after Warners Bay Rd,other,other,67.4,84.2,67.4,0,1,22,89.4,0,modelled
nisc001:2282146,nisc001:2282176,Warners Bay Rd at Jonathan St,Warners Bay Rd before Jonathan St,other,other,25.2,31.5,25.2,0,0,0,25.2,0,modelled
nisc001:2282147,nisc001:2282175,Warners Bay Rd at Coronation St,Warners Bay Rd opp Delma Pde,other,other,96.8,121.0,96.8,0,1,22,118.8,0,modelled
nisc001:2282148,nisc001:2282174,107 Warners Bay Rd,120 Warners Bay Rd,other,other,25.6,32.0,25.6,0,0,0,25.6,0,modelled
nisc001:2282149,nisc001:2290174,Warners Bay Rd opp Burton Rd,Burton Rd after Warners Bay Rd,other,other,128.7,160.9,128.7,0,1,22,150.7,0,modelled
nisc001:2282150,nisc001:2282151,Lindeman Cl opp Minchinbury Cl,Lindeman Cl at Woodley St,other,other,101.2,126.4,101.2,0,1,22,123.2,0,modelled
nisc001:2282150,nisc001:2282153,Lindeman Cl opp Minchinbury Cl,Seaview Cl at Huntington Cl,other,other,145.7,182.1,145.7,0,1,22,167.7,0,modelled
nisc001:2282153,nisc001:2282154,Seaview Cl at Huntington Cl,Lindeman Cl opp Seaview Cl,other,other,145.2,181.6,145.2,0,1,22,167.2,0,modelled
nisc001:2282154,nisc001:2282155,Lindeman Cl opp Seaview Cl,Glad Gunson Dr at Lindeman Cl,other,other,38.5,48.2,38.5,0,0,0,38.5,0,modelled
nisc001:2282154,nisc001:2282173,Lindeman Cl opp Seaview Cl,Glad Gunson Dr opp Lindeman Cl,other,other,59.6,74.4,59.6,0,0,0,59.6,0,modelled
nisc001:2282155,nisc001:2282173,Glad Gunson Dr at Lindeman Cl,Glad Gunson Dr opp Lindeman Cl,other,other,23.1,28.9,23.1,0,0,0,23.1,0,modelled
nisc001:2282156,nisc001:2282172,Glad Gunson Dr at Leasingham Cl,Glad Gunson Dr at Yalumba Cl,other,other,140.1,175.1,140.1,0,1,22,162.1,0,modelled
nisc001:2282157,nisc001:2282160,105 Glad Gunson Dr,Wyndham Way opp Mateus Cl,other,other,117.6,147.1,117.6,0,1,22,139.6,0,modelled
nisc001:2282157,nisc001:2282171,105 Glad Gunson Dr,Glad Gunson Dr opp Wyndham Way,other,other,119.2,149.1,119.2,0,1,22,141.2,0,modelled
nisc001:2282159,nisc001:2282170,Wyndham Way after Glad Gunson Dr,Wyndham Way before Glad Gunson Dr,other,other,36.9,46.1,36.9,0,0,0,36.9,0,modelled
nisc001:2282159,nisc001:2282171,Wyndham Way after Glad Gunson Dr,Glad Gunson Dr opp Wyndham Way,other,other,102.7,128.4,102.7,0,1,22,124.7,0,modelled
nisc001:2282160,nisc001:2282169,Wyndham Way opp Mateus Cl,Wyndham Way at Mateus Cl,other,other,59.5,74.4,59.5,0,0,0,59.5,0,modelled
nisc001:2282161,nisc001:2282168,Wyndham Way at Ridgewood Cres,Wyndham Way opp Ridgewood Cres,other,other,20.2,25.3,20.2,0,0,0,20.2,0,modelled
nisc001:2282162,nisc001:2282167,Wyndham Way opp Woodside Dr,Wyndham Way at Woodside Dr,other,other,58.2,72.8,58.2,0,0,0,58.2,0,modelled
nisc001:2282163,nisc001:2282166,Wyndham Way after Desreaux Cl,Wyndham Way opp Desreaux Cl,other,other,21.2,26.5,21.2,0,0,0,21.2,0,modelled
nisc001:2282164,nisc001:2282165,Wyndham Way before Tingira Dr,Wyndham Way after Tingira Dr,other,other,32.2,40.3,32.2,0,0,0,32.2,0,modelled
nisc001:2282170,nisc001:2282171,Wyndham Way before Glad Gunson Dr,Glad Gunson Dr opp Wyndham Way,other,other,131.7,164.6,131.7,0,1,22,153.7,0,modelled
nisc001:2282175,nisc001:2282176,Warners Bay Rd opp Delma Pde,Warners Bay Rd before Jonathan St,other,other,148.2,185.3,148.2,0,1,22,170.2,0,modelled
nisc001:2282176,nisc001:228285,Warners Bay Rd before Jonathan St,Jonathan St at Warners Bay Rd,other,other,57.0,71.2,57.0,0,0,0,57.0,0,modelled
nisc001:2282176,nisc001:228288,Warners Bay Rd before Jonathan St,Jonathan St after Warners Bay Rd,other,other,92.4,115.5,92.4,0,1,22,114.4,0,modelled
nisc001:2282177,nisc001:2282186,"Thomas H Halton Park, Macquarie Dr",Macquarie Dr opp Thomas H Halton Park,other,other,23.0,28.7,23.0,0,0,0,23.0,0,modelled
nisc001:2282178,nisc001:2282185,Bareki Rd opp Moani St,Bareki Rd after Moani St,other,other,54.1,67.6,54.1,0,0,0,54.1,0,modelled
nisc001:2282179,nisc001:2282184,Bareki Rd opp Yerambla Cl,Bareki Rd at Yerambla Cl,other,other,70.3,87.8,70.3,0,1,22,92.3,0,modelled
nisc001:2282180,nisc001:2282183,Bareki Rd at Eleebana Rd,Bareki Rd at Birubi Cl,other,other,76.4,95.5,76.4,0,1,22,98.4,0,modelled
nisc001:2282181,nisc001:2282182,17 Bareki Rd,24 Bareki Rd,other,other,61.4,76.8,61.4,0,1,22,83.4,0,modelled
nisc001:2282199,nisc001:228247,Pring St at Queen St,Yorston St opp Pring St,other,other,108.1,135.2,108.1,0,1,22,130.1,0,modelled
nisc001:2282199,nisc001:228250,Pring St at Queen St,Yorston St at Pring St,other,other,94.2,117.7,94.2,0,1,22,116.2,0,modelled
nisc001:2282199,nisc001:228261,Pring St at Queen St,King St after Pring St,other,other,79.7,99.6,79.7,0,1,22,101.7,0,modelled
nisc001:2282199,nisc001:228268,Pring St at Queen St,King St at Margaret St,other,other,79.9,99.8,79.9,0,1,22,101.9,0,modelled
nisc001:2282199,nisc001:228270,Pring St at Queen St,Margaret St after King St,other,other,126.4,158.1,126.4,0,1,22,148.4,0,modelled
nisc001:2282199,nisc001:2282200,Pring St at Queen St,Margaret St opp Lake St,other,other,91.7,114.6,91.7,0,1,22,113.7,0,modelled
nisc001:2282200,nisc001:228261,Margaret St opp Lake St,King St after Pring St,other,other,100.1,125.1,100.1,0,1,22,122.1,0,modelled
nisc001:2282200,nisc001:228268,Margaret St opp Lake St,King St at Margaret St,other,other,57.9,72.3,57.9,0,0,0,57.9,0,modelled
nisc001:2282200,nisc001:228270,Margaret St opp Lake St,Margaret St after King St,other,other,35.8,44.7,35.8,0,0,0,35.8,0,modelled
nisc001:2282200,nisc001:228271,Margaret St opp Lake St,Lake St at Martin St,other,other,131.7,164.6,131.7,0,1,22,153.7,0,modelled
nisc001:2282201,nisc001:228264,John St at King St,John St opp Warners Bay Village Shopping Centre,other,other,106.6,133.3,106.6,0,1,22,128.6,0,modelled
nisc001:2282202,nisc001:228270,Lake St at Martin St,Margaret St after King St,other,other,141.2,176.4,141.2,0,1,22,163.2,0,modelled
nisc001:2282202,nisc001:228271,Lake St at Martin St,Lake St at Martin St,other,other,42.9,53.6,42.9,0,0,0,42.9,0,modelled
nisc001:2284107,nisc001:2284126,Thompson Rd after Fairfax Rd,Thompson Rd after Rani Cl,other,other,110.5,138.1,110.5,0,1,22,132.5,0,modelled
nisc001:2284108,nisc001:2284125,Thompson Rd opp Rani Cl,Thompson Rd opp Moulden St,other,other,144.5,180.6,144.5,0,1,22,166.5,0,modelled
nisc001:2284108,nisc001:2284126,Thompson Rd opp Rani Cl,Thompson Rd after Rani Cl,other,other,71.5,89.4,71.5,0,1,22,93.5,0,modelled
nisc001:2284109,nisc001:2284125,Thompson Rd at Moulden St,Thompson Rd opp Moulden St,other,other,80.8,101.0,80.8,0,1,22,102.8,0,modelled
nisc001:2284110,nisc001:2284124,Thompson Rd at Morse St,Thompson Rd opp Morse St,other,other,26.6,33.3,26.6,0,0,0,26.6,0,modelled
nisc001:2284112,nisc001:2284122,Speers St after Thompson Rd,Speers St at Thompson Rd,other,other,47.9,59.9,47.9,0,0,0,47.9,0,modelled
nisc001:2284113,nisc001:2284121,Speers St opp Quarry Rd,Speers St after Quarry Rd,other,other,48.0,60.0,48.0,0,0,0,48.0,0,modelled
nisc001:2284114,nisc001:2284120,Speers St opp Barford St,Speers St at Barford St,other,other,19.1,23.9,19.1,0,0,0,19.1,0,modelled
nisc001:2284115,nisc001:2284119,Speers St at Main Rd,Speers St at Lakeview St,other,other,33.3,41.6,33.3,0,0,0,33.3,0,modelled
nisc001:2284118,sydneytrains:2284161,Marmong St at Rens St,Booragul Station Platform 1,other,heavy_rail,348.3,435.4,348.3,0,1,22,370.3,0,modelled
nisc001:2284118,sydneytrains:2284162,Marmong St at Rens St,Booragul Station Platform 2,other,heavy_rail,354.3,442.9,354.3,0,1,22,376.3,0,modelled
nisc001:2285101,nisc001:2285141,Main Rd after Charles St,Main Rd opp Charles St,other,other,18.5,23.1,18.5,0,0,0,18.5,0,modelled
nisc001:2285101,sydneytrains:2285361,Main Rd after Charles St,Cardiff Station Platform 1,other,heavy_rail,372.2,465.2,372.2,0,1,22,394.2,0,modelled
nisc001:2285101,sydneytrains:2285362,Main Rd after Charles St,Cardiff Station Platform 2,other,heavy_rail,365.1,456.4,365.1,0,1,22,387.1,0,modelled
nisc001:2285118,nisc001:2285119,Glendale Dr after Scar Tree Way,Glendale Dr opp Scar Tree Way,other,other,73.4,91.8,73.4,0,1,22,95.4,0,modelled
nisc001:2285119,nisc001:228517,Glendale Dr opp Scar Tree Way,Main Rd after Glendale Dr,other,other,113.8,142.3,113.8,0,1,22,135.8,0,modelled
nisc001:2285125,nisc001:2285288,First St at Lake Ave,First St opp Lake Ave,other,other,14.1,17.7,14.1,0,0,0,14.1,0,modelled
nisc001:2285134,nisc001:228569,"St Kevin's Primary School, Newcastle St",Main Rd after Wansbeck Valley Rd,other,other,110.0,137.5,110.0,0,1,22,132.0,0,modelled
nisc001:2285134,nisc001:228576,"St Kevin's Primary School, Newcastle St",Newcastle St opp St Kevin's Primary School,other,other,15.8,19.8,15.8,0,0,0,15.8,0,modelled
nisc001:2285134,nisc001:228577,"St Kevin's Primary School, Newcastle St",Main Rd opp Wansbeck Valley Rd,other,other,102.6,128.2,102.6,0,1,22,124.6,0,modelled
nisc001:2285134,sydneytrains:2285361,"St Kevin's Primary School, Newcastle St",Cardiff Station Platform 1,other,heavy_rail,275.5,344.4,275.5,0,1,22,297.5,0,modelled
nisc001:2285134,sydneytrains:2285362,"St Kevin's Primary School, Newcastle St",Cardiff Station Platform 2,other,heavy_rail,270.8,338.5,270.8,0,1,22,292.8,0,modelled
nisc001:2285135,nisc001:228572,Myall Rd opp Cardiff High School,Myall Rd after Lois Cres,other,other,75.5,94.4,75.5,0,1,22,97.5,0,modelled
nisc001:2285135,nisc001:228573,Myall Rd opp Cardiff High School,"Cardiff High School, Myall Rd",other,other,30.8,38.5,30.8,0,0,0,30.8,0,modelled
nisc001:2285135,nisc001:2285136,Myall Rd opp Cardiff High School,Myall Rd at Louisa Ave,other,other,119.9,149.9,119.9,0,1,22,141.9,0,modelled
nisc001:2285136,nisc001:228572,Myall Rd at Louisa Ave,Myall Rd after Lois Cres,other,other,69.4,86.7,69.4,0,1,22,91.4,0,modelled
nisc001:2285136,nisc001:228573,Myall Rd at Louisa Ave,"Cardiff High School, Myall Rd",other,other,146.8,183.5,146.8,0,1,22,168.8,0,modelled
nisc001:2285137,nisc001:2285140,Main Rd at Alice St,Main Rd opp Alice St,other,other,19.5,24.4,19.5,0,0,0,19.5,0,modelled
nisc001:2285138,nisc001:228594,Main Rd before Peatties Rd,Main Rd opp Peatties Rd,other,other,77.3,96.6,77.3,0,1,22,99.3,0,modelled
nisc001:2285139,nisc001:228593,Main Rd before Curry St,Main Rd opp Curry St,other,other,27.4,34.3,27.4,0,0,0,27.4,0,modelled
nisc001:2285141,sydneytrains:2285361,Main Rd opp Charles St,Cardiff Station Platform 1,other,heavy_rail,386.3,482.9,386.3,0,1,22,408.3,0,modelled
nisc001:2285141,sydneytrains:2285362,Main Rd opp Charles St,Cardiff Station Platform 2,other,heavy_rail,379.4,474.2,379.4,0,1,22,401.4,0,modelled
nisc001:2285148,nisc001:2285151,Reservoir Rd at Nadrian Cl,Reservoir Rd opp Nadrian Cl,other,other,35.9,44.9,35.9,0,0,0,35.9,0,modelled
nisc001:2285149,nisc001:2285150,Reservoir Rd at Dewrang St,Reservoir Rd opp Dewrang St,other,other,56.0,70.0,56.0,0,0,0,56.0,0,modelled
nisc001:2285155,nisc001:2285156,Jubilee Rd at Ellerdale Dr,Jubilee Rd opp Ellerdale Dr,other,other,50.2,62.7,50.2,0,0,0,50.2,0,modelled
nisc001:2285157,nisc001:2285175,Reservoir Rd before Clarence St,Reservoir Rd opp Clarence St,other,other,23.1,28.9,23.1,0,0,0,23.1,0,modelled
nisc001:2285158,nisc001:2285162,Reservior Rd opp Newcastle Rudolf Steiner School,"Newcastle Rudolf Steiner School, Reservoir Rd",other,other,16.8,21.0,16.8,0,0,0,16.8,0,modelled
nisc001:2285159,nisc001:2285161,Reservior Rd before Lake Rd,Reservior Rd after Lake Rd,other,other,24.7,30.8,24.7,0,0,0,24.7,0,modelled
nisc001:2285159,nisc001:2285167,Reservior Rd before Lake Rd,Lake Rd opp Reservoir Rd,other,other,135.4,169.3,135.4,0,1,22,157.4,0,modelled
nisc001:2285163,nisc001:2285174,Clarence St after Graham St,Clarence St opp Graham St,other,other,20.2,25.3,20.2,0,0,0,20.2,0,modelled
nisc001:2285164,nisc001:2285173,Clarence St after Karen Ave,Clarence St opp Karen Ave,other,other,24.1,30.2,24.1,0,0,0,24.1,0,modelled
nisc001:2285165,nisc001:2285166,Clarence St at Graham St,Graham St at Glendale Dr,other,other,134.5,168.1,134.5,0,1,22,156.5,0,modelled
nisc001:2285165,nisc001:2285171,Clarence St at Graham St,Graham St after Glendale Dr,other,other,114.9,143.6,114.9,0,1,22,136.9,0,modelled
nisc001:2285165,nisc001:2285172,Clarence St at Graham St,Clarence St at Graham St,other,other,17.5,21.9,17.5,0,0,0,17.5,0,modelled
nisc001:2285166,nisc001:2285171,Graham St at Glendale Dr,Graham St after Glendale Dr,other,other,25.7,32.1,25.7,0,0,0,25.7,0,modelled
nisc001:2285166,nisc001:2285172,Graham St at Glendale Dr,Clarence St at Graham St,other,other,118.2,147.7,118.2,0,1,22,140.2,0,modelled
nisc001:2285167,nisc001:228525,Lake Rd opp Reservoir Rd,Lake Rd before Glendale Dr,other,other,41.6,52.0,41.6,0,0,0,41.6,0,modelled
nisc001:2285171,nisc001:2285172,Graham St after Glendale Dr,Clarence St at Graham St,other,other,97.8,122.3,97.8,0,1,22,119.8,0,modelled
nisc001:2285176,nisc001:2285185,Reservoir Rd at Amber Way,Reservoir Rd opp Amber Way,other,other,26.0,32.5,26.0,0,0,0,26.0,0,modelled
nisc001:2285177,nisc001:2285184,Reservoir Rd opp Lowry St,Reservoir Rd after Lowry St,other,other,16.9,21.1,16.9,0,0,0,16.9,0,modelled
nisc001:2285178,nisc001:2285183,Lowry St after Longworth Ave,Lowry St opp Longworth Ave,other,other,64.8,81.0,64.8,0,1,22,86.8,0,modelled
nisc001:2285179,nisc001:2285182,Lowry St opp Alfred St,Lowry St after Alfred St,other,other,18.3,22.8,18.3,0,0,0,18.3,0,modelled
nisc001:2285180,nisc001:228566,Lowry St after Johnstone St,Main Rd after Lowry St,other,other,58.2,72.8,58.2,0,0,0,58.2,0,modelled
nisc001:2285180,nisc001:228579,Lowry St after Johnstone St,Main Rd opp Lowry St,other,other,86.6,108.2,86.6,0,1,22,108.6,0,modelled
nisc001:2285180,nisc001:2285181,Lowry St after Johnstone St,Lowry St opp Johnstone St,other,other,15.2,19.0,15.2,0,0,0,15.2,0,modelled
nisc001:2285181,nisc001:228566,Lowry St opp Johnstone St,Main Rd after Lowry St,other,other,67.2,84.0,67.2,0,1,22,89.2,0,modelled
nisc001:2285181,nisc001:228579,Lowry St opp Johnstone St,Main Rd opp Lowry St,other,other,95.5,119.3,95.5,0,1,22,117.5,0,modelled
nisc001:2285195,nisc001:2285216,Munibung Rd before Pendlebury Rd,Munibung Rd before Lachlan Rd,other,other,59.9,74.8,59.9,0,0,0,59.9,0,modelled
nisc001:2285196,nisc001:2285210,Torrens Ave opp Delasala Dr,Torrens Ave after Delasala Dr,other,other,18.1,22.6,18.1,0,0,0,18.1,0,modelled
nisc001:2285197,nisc001:2285211,Delasala Dr before Kenley Cres,Delasala Dr opp Kenley Cres,other,other,60.5,75.6,60.5,0,1,22,82.5,0,modelled
nisc001:2285198,nisc001:2285209,Delasala Dr at Exford Ave,Delasala Dr opp Exford Ave,other,other,32.2,40.2,32.2,0,0,0,32.2,0,modelled
nisc001:2285198,nisc001:2285388,Delasala Dr at Exford Ave,Exford Ave after Delasala Dr,other,other,61.4,76.7,61.4,0,1,22,83.4,0,modelled
nisc001:2285199,nisc001:2285208,Lawson Rd at Malwood Ave,Lawson Rd opp Malwood Ave,other,other,21.5,26.9,21.5,0,0,0,21.5,0,modelled
nisc001:2285199,nisc001:2285380,Lawson Rd at Malwood Ave,Delaware Dr after Lawson Rd,other,other,97.5,121.9,97.5,0,1,22,119.5,0,modelled
nisc001:2285199,nisc001:2285384,Lawson Rd at Malwood Ave,Delaware Dr before Lawson Rd,other,other,88.5,110.7,88.5,0,1,22,110.5,0,modelled
nisc001:2285200,nisc001:2285207,Lawson Rd at Newbold Rd,Lawson Rd opp Newbold Rd,other,other,25.5,31.8,25.5,0,0,0,25.5,0,modelled
nisc001:2285201,nisc001:2285206,Lawson Rd opp Fitzwilliam Cct,Lawson Rd after Fitzwilliam Cct,other,other,57.8,72.2,57.8,0,0,0,57.8,0,modelled
nisc001:2285201,nisc001:2285391,Lawson Rd opp Fitzwilliam Cct,Sacramento Ave at Alhambra Ave,other,other,87.5,109.3,87.5,0,1,22,109.5,0,modelled
nisc001:2285202,nisc001:2285204,Monterey Ave after Sacramento Ave,Monterey Ave opp Sacramento Ave,other,other,19.0,23.7,19.0,0,0,0,19.0,0,modelled
nisc001:2285202,nisc001:2285377,Monterey Ave after Sacramento Ave,Lawson St after Stephanie Cl,other,other,116.5,145.7,116.5,0,1,22,138.5,0,modelled
nisc001:2285203,nisc001:2285205,Grenada Ave at Lawson Rd,Lawson Rd after Granada Ave,other,other,78.3,97.9,78.3,0,1,22,100.3,0,modelled
nisc001:2285204,nisc001:2285377,Monterey Ave opp Sacramento Ave,Lawson St after Stephanie Cl,other,other,98.6,123.3,98.6,0,1,22,120.6,0,modelled
nisc001:2285206,nisc001:2285391,Lawson Rd after Fitzwilliam Cct,Sacramento Ave at Alhambra Ave,other,other,116.2,145.2,116.2,0,1,22,138.2,0,modelled
nisc001:2285208,nisc001:2285380,Lawson Rd opp Malwood Ave,Delaware Dr after Lawson Rd,other,other,76.8,96.0,76.8,0,1,22,98.8,0,modelled
nisc001:2285208,nisc001:2285384,Lawson Rd opp Malwood Ave,Delaware Dr before Lawson Rd,other,other,67.7,84.7,67.7,0,1,22,89.7,0,modelled
nisc001:2285209,nisc001:2285388,Delasala Dr opp Exford Ave,Exford Ave after Delasala Dr,other,other,91.0,113.8,91.0,0,1,22,113.0,0,modelled
nisc001:2285220,nisc001:2285225,John St at Russell St,John St at Macquarie Rd,other,other,31.8,39.7,31.8,0,0,0,31.8,0,modelled
nisc001:2285220,nisc001:2285226,John St at Russell St,Macquarie Rd at Arthur St,other,other,140.5,175.6,140.5,0,1,22,162.5,0,modelled
nisc001:2285221,nisc001:2285222,John St at Francis St,First St at John St,other,other,55.6,69.5,55.6,0,0,0,55.6,0,modelled
nisc001:2285221,nisc001:2285223,John St at Francis St,First St before Peach Ave,other,other,73.9,92.4,73.9,0,1,22,95.9,0,modelled
nisc001:2285221,nisc001:2285224,John St at Francis St,John St at Francis St,other,other,24.8,31.0,24.8,0,0,0,24.8,0,modelled
nisc001:2285222,nisc001:2285223,First St at John St,First St before Peach Ave,other,other,18.4,23.0,18.4,0,0,0,18.4,0,modelled
nisc001:2285222,nisc001:2285224,First St at John St,John St at Francis St,other,other,78.7,98.4,78.7,0,1,22,100.7,0,modelled
nisc001:2285223,nisc001:2285224,First St before Peach Ave,John St at Francis St,other,other,96.5,120.7,96.5,0,1,22,118.5,0,modelled
nisc001:2285225,nisc001:2285226,John St at Macquarie Rd,Macquarie Rd at Arthur St,other,other,114.6,143.3,114.6,0,1,22,136.6,0,modelled
nisc001:2285227,nisc001:2285231,Macquarie Rd opp Blaxland Rd,Macquarie Rd before Blaxland Rd,other,other,34.0,42.5,34.0,0,0,0,34.0,0,modelled
nisc001:2285228,nisc001:2285251,Main Rd opp Cockburns Lane,Main Rd after Cockburns Lane,other,other,69.1,86.4,69.1,0,1,22,91.1,0,modelled
nisc001:2285229,nisc001:2285230,Macquarie Rd opp 163,163 Macquarie Rd,other,other,23.1,28.9,23.1,0,0,0,23.1,0,modelled
nisc001:2285232,nisc001:2285396,Macquarie Rd at Pendlebury Rd,Macquarie Rd at Ada St,other,other,30.5,38.2,30.5,0,0,0,30.5,0,modelled
nisc001:2285236,nisc001:2285258,Myall Rd opp Cardiff Bowling Club,"Cardiff Bowling Club, Myall Rd",other,other,32.0,40.0,32.0,0,0,0,32.0,0,modelled
nisc001:2285236,sydneytrains:2285361,Myall Rd opp Cardiff Bowling Club,Cardiff Station Platform 1,other,heavy_rail,269.9,337.3,269.9,0,1,22,291.9,0,modelled
nisc001:2285236,sydneytrains:2285362,Myall Rd opp Cardiff Bowling Club,Cardiff Station Platform 2,other,heavy_rail,277.9,347.4,277.9,0,1,22,299.9,0,modelled
nisc001:2285237,nisc001:2285257,Myall Rd before Newcastle St,Myall Rd after Newcastle St,other,other,112.7,140.9,112.7,0,1,22,134.7,0,modelled
nisc001:2285237,sydneytrains:2285361,Myall Rd before Newcastle St,Cardiff Station Platform 1,other,heavy_rail,277.2,346.5,277.2,0,1,22,299.2,0,modelled
nisc001:2285237,sydneytrains:2285362,Myall Rd before Newcastle St,Cardiff Station Platform 2,other,heavy_rail,280.2,350.3,280.2,0,1,22,302.2,0,modelled
nisc001:2285245,nisc001:2285252,"Lynden Grove Retirement Village, Main Rd",Main Rd opp Lynden Grove Retirement Village,other,other,61.0,76.3,61.0,0,1,22,83.0,0,modelled
nisc001:2285246,nisc001:2285251,Main Rd opp Highfield Tce,Main Rd after Cockburns Lane,other,other,112.8,141.0,112.8,0,1,22,134.8,0,modelled
nisc001:2285247,nisc001:2285250,Main Rd opp 50,54 Main Rd,other,other,35.3,44.1,35.3,0,0,0,35.3,0,modelled
nisc001:2285248,nisc001:2285249,"Cardiff Heights Baptist Church, Main Rd",Main Rd opp Cardiff Heights Baptist Church,other,other,46.8,58.5,46.8,0,0,0,46.8,0,modelled
nisc001:2285257,nisc001:2285265,Myall Rd after Newcastle St,Newcastle St after Henry St,other,other,129.4,161.8,129.4,0,1,22,151.4,0,modelled
nisc001:2285257,sydneytrains:2285361,Myall Rd after Newcastle St,Cardiff Station Platform 1,other,heavy_rail,365.9,457.4,365.9,0,1,22,387.9,0,modelled
nisc001:2285257,sydneytrains:2285362,Myall Rd after Newcastle St,Cardiff Station Platform 2,other,heavy_rail,367.2,459.0,367.2,0,1,22,389.2,0,modelled
nisc001:2285258,sydneytrains:2285361,"Cardiff Bowling Club, Myall Rd",Cardiff Station Platform 1,other,heavy_rail,296.5,370.7,296.5,0,1,22,318.5,0,modelled
nisc001:2285258,sydneytrains:2285362,"Cardiff Bowling Club, Myall Rd",Cardiff Station Platform 2,other,heavy_rail,304.5,380.6,304.5,0,1,22,326.5,0,modelled
nisc001:2285265,nisc001:2285266,Newcastle St after Henry St,Newcastle St at Henry St,other,other,21.5,26.9,21.5,0,0,0,21.5,0,modelled
nisc001:2285272,nisc001:2285275,Park St at Prospect Rd,Park St opp Prospect Rd,other,other,19.6,24.5,19.6,0,0,0,19.6,0,modelled
nisc001:2285273,nisc001:2285274,Park St opp Hill St,Park St after Hill St,other,other,45.5,56.8,45.5,0,0,0,45.5,0,modelled
nisc001:2285280,nisc001:228575,Fifth St after Myall Rd,Myall Rd at Fifth St,other,other,80.9,101.1,80.9,0,1,22,102.9,0,modelled
nisc001:2285280,nisc001:2285281,Fifth St after Myall Rd,Fifth St before Myall Rd,other,other,19.2,24.0,19.2,0,0,0,19.2,0,modelled
nisc001:2285280,nisc001:2285308,Fifth St after Myall Rd,Government Rd opp Hill St,other,other,144.0,179.9,144.0,0,1,22,166.0,0,modelled
nisc001:2285281,nisc001:228575,Fifth St before Myall Rd,Myall Rd at Fifth St,other,other,79.0,98.7,79.0,0,1,22,101.0,0,modelled
nisc001:2285282,nisc001:2285283,Fifth opp Elm Ave,Fifth St before Elm St,other,other,18.1,22.6,18.1,0,0,0,18.1,0,modelled
nisc001:2285284,nisc001:2285285,Fifth St opp Lewis St,Fifth St at Lewis St,other,other,26.9,33.7,26.9,0,0,0,26.9,0,modelled
nisc001:2285286,nisc001:2285287,Lake Ave opp Cardiff South Public School,"Cardiff South Public School, Lake Ave",other,other,49.4,61.8,49.4,0,0,0,49.4,0,modelled
nisc001:2285288,nisc001:2285295,First St opp Lake Ave,Saffron Ave opp Haddington Dr,other,other,142.1,177.6,142.1,0,1,22,164.1,0,modelled
nisc001:2285289,nisc001:2285290,First St opp Pine Ave,First St at Pine Ave,other,other,45.4,56.7,45.4,0,0,0,45.4,0,modelled
nisc001:2285292,nisc001:2285293,Maud St at Ethel St,Maud St at Ethel St,other,other,18.2,22.8,18.2,0,0,0,18.2,0,modelled
nisc001:2285292,nisc001:2285294,Maud St at Ethel St,Saffron Ave opp Corwen Cl,other,other,104.3,130.3,104.3,0,1,22,126.3,0,modelled
nisc001:2285293,nisc001:2285294,Maud St at Ethel St,Saffron Ave opp Corwen Cl,other,other,87.8,109.8,87.8,0,1,22,109.8,0,modelled
nisc001:2285293,nisc001:2285295,Maud St at Ethel St,Saffron Ave opp Haddington Dr,other,other,142.7,178.3,142.7,0,1,22,164.7,0,modelled
nisc001:2285294,nisc001:2285295,Saffron Ave opp Corwen Cl,Saffron Ave opp Haddington Dr,other,other,59.8,74.7,59.8,0,0,0,59.8,0,modelled
nisc001:2285296,nisc001:2285297,Haddington Dr opp Bressay Cl,Haddington Dr before Bressay Cl,other,other,28.0,35.0,28.0,0,0,0,28.0,0,modelled
nisc001:2285298,nisc001:2285299,Gertrude St opp Selsey Cl,Gertrude St at Selsey Cl,other,other,18.3,22.9,18.3,0,0,0,18.3,0,modelled
nisc001:2285300,nisc001:2285301,Gertrude St at Helen St,Gertrude St at Helen St,other,other,19.0,23.8,19.0,0,0,0,19.0,0,modelled
nisc001:2285308,nisc001:228575,Government Rd opp Hill St,Myall Rd at Fifth St,other,other,111.0,138.7,111.0,0,1,22,133.0,0,modelled
nisc001:2285380,nisc001:2285384,Delaware Dr after Lawson Rd,Delaware Dr before Lawson Rd,other,other,42.8,53.5,42.8,0,0,0,42.8,0,modelled
nisc001:2285381,nisc001:2285383,Delaware Dr opp Dalmeny Dr,Delaware Dr opp Rosebery Ave,other,other,114.2,142.7,114.2,0,1,22,136.2,0,modelled
nisc001:2285389,nisc001:2285394,Exford Ave opp Newbold Rd,Granada Ave at Alhambra Ave,other,other,97.7,122.1,97.7,0,1,22,119.7,0,modelled
nisc001:2287104,nisc001:228791,Neilson St after High St,Hill St before Neilson St,other,other,139.4,174.3,139.4,0,1,22,161.4,0,modelled
nisc001:2287104,nisc001:2287254,Neilson St after High St,Neilson St after Wentworth St,other,other,54.8,68.5,54.8,0,0,0,54.8,0,modelled
nisc001:2287116,nisc001:228755,Maryland Dr opp Beauford Ave,Maryland Dr after Beauford Ave,other,other,19.9,24.8,19.9,0,0,0,19.9,0,modelled
nisc001:2287118,nisc001:228762,Maryland Dr after Gunsynd Cl,Maryland Dr opp Gunsynd Cl,other,other,18.4,23.0,18.4,0,0,0,18.4,0,modelled
nisc001:2287140,nisc001:228742,Newcastle Rd opp Crest Rd,Newcastle Rd before Victory Pde,other,other,38.0,47.5,38.0,0,0,0,38.0,0,modelled
nisc001:2287141,nisc001:2287142,University Dr after Blue Gum Rd,University Dr before Blue Gum Rd,other,other,32.2,40.3,32.2,0,0,0,32.2,0,modelled
nisc001:2287141,nisc001:2287154,University Dr after Blue Gum Rd,Moore St before Wilkinson Ave,other,other,108.6,135.8,108.6,0,1,22,130.6,0,modelled
nisc001:2287141,nisc001:2287157,University Dr after Blue Gum Rd,Wilkinson Ave at Naughton Ave,other,other,68.1,85.2,68.1,0,1,22,90.1,0,modelled
nisc001:2287142,nisc001:2287154,University Dr before Blue Gum Rd,Moore St before Wilkinson Ave,other,other,140.4,175.6,140.4,0,1,22,162.4,0,modelled
nisc001:2287142,nisc001:2287157,University Dr before Blue Gum Rd,Wilkinson Ave at Naughton Ave,other,other,93.6,117.0,93.6,0,1,22,115.6,0,modelled
nisc001:2287152,nisc001:2287159,Vale St opp Couglin St,Vale St before Couglin St,other,other,64.6,80.7,64.6,0,1,22,86.6,0,modelled
nisc001:2287152,nisc001:2287160,Vale St opp Couglin St,Moore St opp Rae St,other,other,147.1,183.9,147.1,0,1,22,169.1,0,modelled
nisc001:2287153,nisc001:2287158,Moore St after Vale St,Moore St opp Vale St,other,other,43.0,53.8,43.0,0,0,0,43.0,0,modelled
nisc001:2287154,nisc001:2287157,Moore St before Wilkinson Ave,Wilkinson Ave at Naughton Ave,other,other,90.1,112.6,90.1,0,1,22,112.1,0,modelled
nisc001:2287155,nisc001:2287156,Wilkinson Ave opp King St,Wilkinson Ave at King St,other,other,34.4,43.0,34.4,0,0,0,34.4,0,modelled
nisc001:2287156,nisc001:2287157,Wilkinson Ave at King St,Wilkinson Ave at Naughton Ave,other,other,138.8,173.6,138.8,0,1,22,160.8,0,modelled
nisc001:2287159,nisc001:2287160,Vale St before Couglin St,Moore St opp Rae St,other,other,109.2,136.5,109.2,0,1,22,131.2,0,modelled
nisc001:2287159,nisc001:2287161,Vale St before Couglin St,Moore St after Rae St,other,other,128.6,160.7,128.6,0,1,22,150.6,0,modelled
nisc001:2287160,nisc001:2287161,Moore St opp Rae St,Moore St after Rae St,other,other,19.6,24.5,19.6,0,0,0,19.6,0,modelled
nisc001:2287162,nisc001:230711,Rae St at McKay St,Sandgate Rd after Cobby St,other,other,120.7,150.8,120.7,0,1,22,142.7,0,modelled
nisc001:2287163,nisc001:2287164,Rae St opp Heritage Pl,Rae St at Heritage Pl,other,other,21.6,27.0,21.6,0,0,0,21.6,0,modelled
nisc001:2287165,nisc001:2287166,Burke Pl after Naughton Ave,Burke Pl before Timmins St,other,other,21.4,26.7,21.4,0,0,0,21.4,0,modelled
nisc001:2287167,nisc001:2287168,Englund St at Wilkinson Ave,Englund St at Wilkinson Ave,other,other,19.3,24.2,19.3,0,0,0,19.3,0,modelled
nisc001:2287169,nisc001:2287170,Wilkinson Ave after Morris St,Wilkinson Ave opp Morris St,other,other,18.7,23.4,18.7,0,0,0,18.7,0,modelled
nisc001:2287171,nisc001:2287172,Wilkinson Ave opp Cunningham St,Wilkinson Ave at Cunningham St,other,other,66.3,82.9,66.3,0,1,22,88.3,0,modelled
nisc001:2287173,nisc001:2287174,"Birmingham Gardens Ambulance Station, Wilkinson Ave",Wilkinson Ave opp Birmingham Gardens Ambulance Station,other,other,29.7,37.1,29.7,0,0,0,29.7,0,modelled
nisc001:2287174,nisc001:2287182,Wilkinson Ave opp Birmingham Gardens Ambulance Station,Cameron St before Tillie St,other,other,146.2,182.8,146.2,0,1,22,168.2,0,modelled
nisc001:2287175,nisc001:2287180,Douglas St at Stapleton St,Douglas St at Stapleton St,other,other,52.5,65.6,52.5,0,0,0,52.5,0,modelled
nisc001:2287175,nisc001:2287182,Douglas St at Stapleton St,Cameron St before Tillie St,other,other,126.1,157.6,126.1,0,1,22,148.1,0,modelled
nisc001:2287176,nisc001:2287179,Douglas St at Curry St,Douglas St at Curry St,other,other,44.2,55.3,44.2,0,0,0,44.2,0,modelled
nisc001:2287177,nisc001:228718,Douglas St at Abbott St,Newcastle Rd before Douglas St,other,other,135.2,169.0,135.2,0,1,22,157.2,0,modelled
nisc001:2287177,nisc001:2287178,Douglas St at Abbott St,Douglas St at Abbott St,other,other,17.4,21.8,17.4,0,0,0,17.4,0,modelled
nisc001:2287181,nisc001:2287182,Cameron St after Douglas St,Cameron St before Tillie St,other,other,88.2,110.3,88.2,0,1,22,110.2,0,modelled
nisc001:2287181,nisc001:2287183,Cameron St after Douglas St,Cameron St opp Nash St,other,other,101.7,127.1,101.7,0,1,22,123.7,0,modelled
nisc001:2287183,nisc001:2287184,Cameron St opp Nash St,Cameron St at Nash St,other,other,80.5,100.6,80.5,0,1,22,102.5,0,modelled
nisc001:2287193,nisc001:228795,Cowper St after Nelson St,Cowper St at Murnin St,other,other,60.5,75.6,60.5,0,1,22,82.5,0,modelled
nisc001:2287193,nisc001:2287262,Cowper St after Nelson St,Campbell St after Metcalfe St,other,other,133.8,167.2,133.8,0,1,22,155.8,0,modelled
nisc001:2287193,nisc001:2287263,Cowper St after Nelson St,Murnin St at Cowper St,other,other,40.0,50.0,40.0,0,0,0,40.0,0,modelled
nisc001:2287197,nisc001:2287207,Metcalfe St opp Wallsend Public School,"Wallsend Public School, Metcalfe St",other,other,47.9,59.8,47.9,0,0,0,47.9,0,modelled
nisc001:2287198,nisc001:2287243,Martindale St at Brooks St,Martindale St at Brooks St,other,other,18.8,23.5,18.8,0,0,0,18.8,0,modelled
nisc001:2287203,nisc001:2287204,Croudace Rd opp Elermore Vale Shopping Centre,Cambronne Pde opp Colwyn Cl,other,other,105.4,131.7,105.4,0,1,22,127.4,0,modelled
nisc001:2287203,nisc001:2287220,Croudace Rd opp Elermore Vale Shopping Centre,Cambronne Pde at Colwyn Cl,other,other,128.0,160.1,128.0,0,1,22,150.0,0,modelled
nisc001:2287203,nisc001:2287238,Croudace Rd opp Elermore Vale Shopping Centre,"Elermore Vale Shopping Centre, Croudace Rd",other,other,67.9,84.9,67.9,0,1,22,89.9,0,modelled
nisc001:2287204,nisc001:2287220,Cambronne Pde opp Colwyn Cl,Cambronne Pde at Colwyn Cl,other,other,44.1,55.1,44.1,0,0,0,44.1,0,modelled
nisc001:2287204,nisc001:2287221,Cambronne Pde opp Colwyn Cl,Cambronne Pde after Rialto Cl,other,other,149.7,187.1,149.7,0,1,22,171.7,0,modelled
nisc001:2287204,nisc001:2287237,Cambronne Pde opp Colwyn Cl,Cambronne Pde opp Rialto Cl,other,other,146.2,182.8,146.2,0,1,22,168.2,0,modelled
nisc001:2287204,nisc001:2287238,Cambronne Pde opp Colwyn Cl,"Elermore Vale Shopping Centre, Croudace Rd",other,other,121.3,151.7,121.3,0,1,22,143.3,0,modelled
nisc001:2287205,nisc001:2287219,Cambronne Pde at Elermore Pde,Elermore Pde opp Cambronne Pde,other,other,46.7,58.4,46.7,0,0,0,46.7,0,modelled
nisc001:2287206,nisc001:2287208,Elermore Pde at Perks St,Metcalfe St before Perks St,other,other,78.0,97.5,78.0,0,1,22,100.0,0,modelled
nisc001:2287209,nisc001:2287218,Cressington Way at Murnin St,Cressington Way at Elermore Pde,other,other,53.2,66.5,53.2,0,0,0,53.2,0,modelled
nisc001:2287210,nisc001:2287217,"Cressington Way Reserve, Cressington Way",Cressington Way opp Cressington Way Reserve,other,other,15.0,18.7,15.0,0,0,0,15.0,0,modelled
nisc001:2287211,nisc001:2287216,Cressington Way opp Kadina Cl,Cressington Way opp Seladon Ave,other,other,46.1,57.6,46.1,0,0,0,46.1,0,modelled
nisc001:2287213,nisc001:2287214,Douglas St after Corindi St,Douglas St opp Marie St,other,other,24.6,30.8,24.6,0,0,0,24.6,0,modelled
nisc001:2287213,nisc001:2287215,Douglas St after Corindi St,Douglas St at Birchgrove Dr,other,other,149.4,186.8,149.4,0,1,22,171.4,0,modelled
nisc001:2287215,nisc001:2287341,Douglas St at Birchgrove Dr,Birchgrove Dr at Douglas St,other,other,59.9,74.9,59.9,0,0,0,59.9,0,modelled
nisc001:2287215,nisc001:2287342,Douglas St at Birchgrove Dr,Birchgrove Dr at Iranda Gr,other,other,86.5,108.1,86.5,0,1,22,108.5,0,modelled
nisc001:2287220,nisc001:2287221,Cambronne Pde at Colwyn Cl,Cambronne Pde after Rialto Cl,other,other,108.5,135.6,108.5,0,1,22,130.5,0,modelled
nisc001:2287220,nisc001:2287237,Cambronne Pde at Colwyn Cl,Cambronne Pde opp Rialto Cl,other,other,107.3,134.1,107.3,0,1,22,129.3,0,modelled
nisc001:2287221,nisc001:2287237,Cambronne Pde after Rialto Cl,Cambronne Pde opp Rialto Cl,other,other,16.0,20.0,16.0,0,0,0,16.0,0,modelled
nisc001:2287222,nisc001:2287236,Dangerfield Dr opp 116,118 Dangerfield Dr,other,other,29.8,37.3,29.8,0,0,0,29.8,0,modelled
nisc001:2287223,nisc001:2287235,Dangerfield Dr opp 102,104 Dangerfield Dr,other,other,48.0,60.0,48.0,0,0,0,48.0,0,modelled
nisc001:2287224,nisc001:2287233,Dangerfield Dr opp 78,68 Dangerfield Dr,other,other,142.5,178.1,142.5,0,1,22,164.5,0,modelled
nisc001:2287224,nisc001:2287234,Dangerfield Dr opp 78,84 Dangerfield Dr,other,other,54.4,68.0,54.4,0,0,0,54.4,0,modelled
nisc001:2287225,nisc001:2287233,Dangerfield Dr opp 62,68 Dangerfield Dr,other,other,62.1,77.7,62.1,0,1,22,84.1,0,modelled
nisc001:2287226,nisc001:2287232,Dangerfield Dr opp Allenwood Cl,Dangerfield Dr at Allenwood Cl,other,other,29.5,36.9,29.5,0,0,0,29.5,0,modelled
nisc001:2287227,nisc001:2287231,Dangerfield Dr opp Cambronne Pde,Dangerfield Dr after Cambronne Pde,other,other,47.5,59.4,47.5,0,0,0,47.5,0,modelled
nisc001:2287228,nisc001:2287272,Dangerfield Dr opp Isabella Cl,McCaffrey Dr at Spencer St,other,other,92.0,115.0,92.0,0,1,22,114.0,0,modelled
nisc001:2287228,nisc001:2287295,Dangerfield Dr opp Isabella Cl,McCaffrey Dr at Dangerfield Dr,other,other,72.8,91.0,72.8,0,1,22,94.8,0,modelled
nisc001:2287230,nisc001:2287252,Dangerfield Dr at Cambronne Pde,Dangerfield Dr opp Cambronne Pde,other,other,17.8,22.3,17.8,0,0,0,17.8,0,modelled
nisc001:2287244,nisc001:2287265,Metcalfe St opp St Luke's Anglican Church,"St Luke's Anglican Church, Metcalfe St",other,other,18.6,23.2,18.6,0,0,0,18.6,0,modelled
nisc001:2287247,nisc001:2287258,Lake Rd at Bousfield St,Bousfield St before Bulkara St,other,other,132.2,165.3,132.2,0,1,22,154.2,0,modelled
nisc001:2287247,nisc001:2287259,Lake Rd at Bousfield St,Lake Rd after Cowper St,other,other,15.8,19.8,15.8,0,0,0,15.8,0,modelled
nisc001:2287249,nisc001:228793,Bousfield St at Kokera St,Irrawang St before Kokera St,other,other,145.0,181.2,145.0,0,1,22,167.0,0,modelled
nisc001:2287250,nisc001:2287251,Cardiff Rd after Croudace Rd,Cardiff Rd before Croudace Rd,other,other,24.7,30.9,24.7,0,0,0,24.7,0,modelled
nisc001:2287250,nisc001:2287302,Cardiff Rd after Croudace Rd,Croudace Rd opp Urara Pde,other,other,120.6,150.8,120.6,0,1,22,142.6,0,modelled
nisc001:2287251,nisc001:2287302,Cardiff Rd before Croudace Rd,Croudace Rd opp Urara Pde,other,other,96.6,120.7,96.6,0,1,22,118.6,0,modelled
nisc001:2287258,nisc001:2287259,Bousfield St before Bulkara St,Lake Rd after Cowper St,other,other,122.3,152.9,122.3,0,1,22,144.3,0,modelled
nisc001:2287262,nisc001:2287263,Campbell St after Metcalfe St,Murnin St at Cowper St,other,other,133.5,166.9,133.5,0,1,22,155.5,0,modelled
nisc001:2287263,nisc001:228795,Murnin St at Cowper St,Cowper St at Murnin St,other,other,27.7,34.6,27.7,0,0,0,27.7,0,modelled
nisc001:2287266,nisc001:2287308,Watkins Rd opp Kerry Ave,Watkins Rd after Kerry Ave,other,other,20.1,25.1,20.1,0,0,0,20.1,0,modelled
nisc001:2287267,nisc001:2287282,Grandview Rd at Grand Valley Way,Grandview Rd at Meldon Pl,other,other,30.1,37.6,30.1,0,0,0,30.1,0,modelled
nisc001:2287268,nisc001:2287281,Grandview Rd opp Cranbrook Pde,Grandview Rd at Cranbrook Pde,other,other,20.0,25.0,20.0,0,0,0,20.0,0,modelled
nisc001:2287270,nisc001:2287271,"Wallsend South Public School, Grandview Rd",Grandview Rd opp Wallsend South Public School,other,other,60.8,76.0,60.8,0,1,22,82.8,0,modelled
nisc001:2287270,nisc001:2287273,"Wallsend South Public School, Grandview Rd",Smith Rd opp Wallsend South Public School,other,other,118.5,148.1,118.5,0,1,22,140.5,0,modelled
nisc001:2287270,nisc001:2287279,"Wallsend South Public School, Grandview Rd","Wallsend South Public School, Smith Rd",other,other,33.6,42.0,33.6,0,0,0,33.6,0,modelled
nisc001:2287271,nisc001:2287272,Grandview Rd opp Wallsend South Public School,McCaffrey Dr at Spencer St,other,other,111.3,139.1,111.3,0,1,22,133.3,0,modelled
nisc001:2287271,nisc001:2287279,Grandview Rd opp Wallsend South Public School,"Wallsend South Public School, Smith Rd",other,other,93.6,117.0,93.6,0,1,22,115.6,0,modelled
nisc001:2287271,nisc001:2287295,Grandview Rd opp Wallsend South Public School,McCaffrey Dr at Dangerfield Dr,other,other,135.3,169.1,135.3,0,1,22,157.3,0,modelled
nisc001:2287272,nisc001:2287295,McCaffrey Dr at Spencer St,McCaffrey Dr at Dangerfield Dr,other,other,24.0,30.0,24.0,0,0,0,24.0,0,modelled
nisc001:2287273,nisc001:2287279,Smith Rd opp Wallsend South Public School,"Wallsend South Public School, Smith Rd",other,other,87.6,109.5,87.6,0,1,22,109.6,0,modelled
nisc001:2287274,nisc001:228732,Smith Rd after Cardiff Rd,"Elermore Vale Community Hall, Cardiff Rd",other,other,146.6,183.2,146.6,0,1,22,168.6,0,modelled
nisc001:2287274,nisc001:228741,Smith Rd after Cardiff Rd,Cardiff Rd opp Elermore Vale Community Hall,other,other,145.9,182.4,145.9,0,1,22,167.9,0,modelled
nisc001:2287274,nisc001:2287278,Smith Rd after Cardiff Rd,Smith Rd before Cardiff Rd,other,other,27.8,34.7,27.8,0,0,0,27.8,0,modelled
nisc001:2287283,nisc001:2287284,Elbrook Dr opp Atherton Cl,Elbrook Dr at Hasluck Dr,other,other,147.1,183.8,147.1,0,1,22,169.1,0,modelled
nisc001:2287283,nisc001:2287288,Elbrook Dr opp Atherton Cl,Elbrook Dr at Atherton Cl,other,other,30.0,37.5,30.0,0,0,0,30.0,0,modelled
nisc001:2287284,nisc001:2287287,Elbrook Dr at Hasluck Dr,Elbrook Dr opp Hasluck Dr,other,other,35.5,44.4,35.5,0,0,0,35.5,0,modelled
nisc001:2287285,nisc001:2287286,Elbrook Dr opp Kingsway Ave,Elbrook Dr after Kingsway Ave,other,other,27.9,34.9,27.9,0,0,0,27.9,0,modelled
nisc001:2287285,nisc001:2287287,Elbrook Dr opp Kingsway Ave,Elbrook Dr opp Hasluck Dr,other,other,149.5,186.8,149.5,0,1,22,171.5,0,modelled
nisc001:2287285,nisc001:2287292,Elbrook Dr opp Kingsway Ave,McCaffrey Dr opp Dean Pde,other,other,100.8,126.0,100.8,0,1,22,122.8,0,modelled
nisc001:2287286,nisc001:2287287,Elbrook Dr after Kingsway Ave,Elbrook Dr opp Hasluck Dr,other,other,122.0,152.5,122.0,0,1,22,144.0,0,modelled
nisc001:2287286,nisc001:2287292,Elbrook Dr after Kingsway Ave,McCaffrey Dr opp Dean Pde,other,other,128.6,160.8,128.6,0,1,22,150.6,0,modelled
nisc001:2287289,nisc001:2287291,McCaffrey Dr after Marshall St,McCaffrey Dr opp Marshall St,other,other,26.2,32.8,26.2,0,0,0,26.2,0,modelled
nisc001:2287290,nisc001:2287292,McCaffrey Dr opp Elbrook Dr,McCaffrey Dr opp Dean Pde,other,other,112.7,140.8,112.7,0,1,22,134.7,0,modelled
nisc001:2287293,nisc001:2287297,McCaffrey Dr opp Duval St,McCaffrey Dr opp Orana St,other,other,24.7,30.9,24.7,0,0,0,24.7,0,modelled
nisc001:2287294,nisc001:2287296,McCaffrey Dr at Rosedale Cres,McCaffrey Dr opp Rosedale Cres,other,other,69.4,86.8,69.4,0,1,22,91.4,0,modelled
nisc001:2287298,nisc001:2287299,Croudace Rd at Grandview Rd,Croudace Rd opp Grandview Rd,other,other,17.4,21.8,17.4,0,0,0,17.4,0,modelled
nisc001:2287300,nisc001:2287301,Croudace Rd before Garsdale Ave,Croudace Rd after Garsdale Ave,other,other,18.5,23.1,18.5,0,0,0,18.5,0,modelled
nisc001:2287302,nisc001:2287306,Croudace Rd opp Urara Pde,Croudace Rd after Sherwood St,other,other,106.5,133.1,106.5,0,1,22,128.5,0,modelled
nisc001:2287303,nisc001:2287305,Croudace Rd opp Sherwood St,Croudace Rd opp Elermore Vale Public School,other,other,63.0,78.8,63.0,0,1,22,85.0,0,modelled
nisc001:2287303,nisc001:2287306,Croudace Rd opp Sherwood St,Croudace Rd after Sherwood St,other,other,121.7,152.2,121.7,0,1,22,143.7,0,modelled
nisc001:2287304,nisc001:2287307,"Elermore Vale Public School, Croudace Rd","Elermore Vale Public School, Jubilee Rd",other,other,95.1,118.9,95.1,0,1,22,117.1,0,modelled
nisc001:2287304,nisc001:2287313,"Elermore Vale Public School, Croudace Rd",Jubilee Rd opp Elermore Vale Public School,other,other,52.7,65.8,52.7,0,0,0,52.7,0,modelled
nisc001:2287304,nisc001:2287328,"Elermore Vale Public School, Croudace Rd",Croudace Rd at Jubilee Rd,other,other,65.2,81.5,65.2,0,1,22,87.2,0,modelled
nisc001:2287307,nisc001:2287313,"Elermore Vale Public School, Jubilee Rd",Jubilee Rd opp Elermore Vale Public School,other,other,56.8,71.0,56.8,0,0,0,56.8,0,modelled
nisc001:2287307,nisc001:2287328,"Elermore Vale Public School, Jubilee Rd",Croudace Rd at Jubilee Rd,other,other,130.7,163.3,130.7,0,1,22,152.7,0,modelled
nisc001:2287309,nisc001:2287312,Jubilee Rd opp Taurus St,Jubilee Rd before Taurus St,other,other,29.8,37.2,29.8,0,0,0,29.8,0,modelled
nisc001:2287310,nisc001:2287311,Jubilee Rd opp Aries Way,Jubilee Rd at Aries Way,other,other,18.0,22.5,18.0,0,0,0,18.0,0,modelled
nisc001:2287310,nisc001:2287320,Jubilee Rd opp Aries Way,Aries Way at Jubilee Rd,other,other,48.1,60.1,48.1,0,0,0,48.1,0,modelled
nisc001:2287310,nisc001:2287321,Jubilee Rd opp Aries Way,Aries Way before Pisces Ave,other,other,78.5,98.1,78.5,0,1,22,100.5,0,modelled
nisc001:2287311,nisc001:2287320,Jubilee Rd at Aries Way,Aries Way at Jubilee Rd,other,other,36.3,45.3,36.3,0,0,0,36.3,0,modelled
nisc001:2287311,nisc001:2287321,Jubilee Rd at Aries Way,Aries Way before Pisces Ave,other,other,66.0,82.5,66.0,0,1,22,88.0,0,modelled
nisc001:2287313,nisc001:2287328,Jubilee Rd opp Elermore Vale Public School,Croudace Rd at Jubilee Rd,other,other,73.9,92.4,73.9,0,1,22,95.9,0,modelled
nisc001:2287314,nisc001:2287327,Aries Way opp Aquarius Ave,Aries Way at Aquarius Ave,other,other,27.0,33.8,27.0,0,0,0,27.0,0,modelled
nisc001:2287314,nisc001:2287351,Aries Way opp Aquarius Ave,Croudace Rd after Aries Way,other,other,90.6,113.3,90.6,0,1,22,112.6,0,modelled
nisc001:2287314,nisc001:2287357,Aries Way opp Aquarius Ave,Croudace Rd after Lake Rd,other,other,115.6,144.5,115.6,0,1,22,137.6,0,modelled
nisc001:2287315,nisc001:2287326,Aries Way at Taurus St,Aries Way opp Taurus St,other,other,39.6,49.5,39.6,0,0,0,39.6,0,modelled
nisc001:2287316,nisc001:2287325,Aries Way opp 133,Aries Way after Virgo St,other,other,80.1,100.2,80.1,0,1,22,102.1,0,modelled
nisc001:2287317,nisc001:2287324,Aries Way opp Virgo St,Aries Way at Virgo St,other,other,43.8,54.7,43.8,0,0,0,43.8,0,modelled
nisc001:2287318,nisc001:2287323,Aries Way opp Leo Cl,Aries Way after Leo Cl,other,other,87.0,108.8,87.0,0,1,22,109.0,0,modelled
nisc001:2287319,nisc001:2287322,Aries Way opp Gemini Ave,27 Aries Way,other,other,14.0,17.4,14.0,0,0,0,14.0,0,modelled
nisc001:2287320,nisc001:2287321,Aries Way at Jubilee Rd,Aries Way before Pisces Ave,other,other,30.4,38.0,30.4,0,0,0,30.4,0,modelled
nisc001:2287327,nisc001:2287351,Aries Way at Aquarius Ave,Croudace Rd after Aries Way,other,other,79.0,98.8,79.0,0,1,22,101.0,0,modelled
nisc001:2287327,nisc001:2287357,Aries Way at Aquarius Ave,Croudace Rd after Lake Rd,other,other,102.1,127.6,102.1,0,1,22,124.1,0,modelled
nisc001:2287329,nisc001:2287330,Jubilee Rd at Robinia Cl,Jubilee Rd opp Robinia Cl,other,other,117.0,146.3,117.0,0,1,22,139.0,0,modelled
nisc001:2287331,nisc001:2287332,"Birchgrove Drive Reserve, Birchgrove Dr",Birchgrove Dr opp Birchgrove Drive Reserve,other,other,15.0,18.7,15.0,0,0,0,15.0,0,modelled
nisc001:2287333,nisc001:2287334,Birchgrove Dr at Coweambah Cl,Birchgrove Dr opp Coweambah Cl,other,other,18.6,23.3,18.6,0,0,0,18.6,0,modelled
nisc001:2287335,nisc001:2287336,Birchgrove Dr opp Sakonia Cl,Birchgrove Dr at Sakonia Cl,other,other,24.1,30.2,24.1,0,0,0,24.1,0,modelled
nisc001:2287337,nisc001:2287338,Birchgrove Dr at Claymore Cl,Birchgrove Dr opp Claymore Cl,other,other,29.2,36.6,29.2,0,0,0,29.2,0,modelled
nisc001:2287339,nisc001:2287340,Birchgrove Dr opp Wootton Cl,Birchgrove Dr at Wootton Cl,other,other,27.8,34.8,27.8,0,0,0,27.8,0,modelled
nisc001:2287341,nisc001:2287342,Birchgrove Dr at Douglas St,Birchgrove Dr at Iranda Gr,other,other,40.6,50.7,40.6,0,0,0,40.6,0,modelled
nisc001:2287350,nisc001:228796,Tyrrell St at Council St,Tyrrell St at Council St,other,other,37.4,46.7,37.4,0,0,0,37.4,0,modelled
nisc001:2287351,nisc001:2287357,Croudace Rd after Aries Way,Croudace Rd after Lake Rd,other,other,25.5,31.8,25.5,0,0,0,25.5,0,modelled
nisc001:2287351,nisc001:2287361,Croudace Rd after Aries Way,Lake Rd opp Hanley St,other,other,128.7,160.8,128.7,0,1,22,150.7,0,modelled
nisc001:2287352,nisc001:228768,"Callaghan College Wallsend Campus, Macquarie St",Wentworth St after Abel St,other,other,142.2,177.8,142.2,0,1,22,164.2,0,modelled
nisc001:2287352,nisc001:228785,"Callaghan College Wallsend Campus, Macquarie St",Wentworth St at Abel St,other,other,128.6,160.8,128.6,0,1,22,150.6,0,modelled
nisc001:2287355,nisc001:2287356,Newcastle Rd at George St,Newcastle Rd opp George St,other,other,13.2,16.5,13.2,0,0,0,13.2,0,modelled
nisc001:2287357,nisc001:2287361,Croudace Rd after Lake Rd,Lake Rd opp Hanley St,other,other,104.4,130.5,104.4,0,1,22,126.4,0,modelled
nisc001:2287358,nisc001:2287359,Lake Rd opp Jubilee Rd,Lake Rd at Jubilee Rd,other,other,72.5,90.6,72.5,0,1,22,94.5,0,modelled
nisc001:2287387,nisc001:2287388,Maryland Dr after Holywell St,Maryland Dr opp Grange Ave,other,other,100.8,126.0,100.8,0,1,22,122.8,0,modelled
nisc001:2289103,nisc001:228965,Park Ave opp Adamstown Station,"Adamstown Station, Park Ave",other,other,19.9,24.8,19.9,0,0,0,19.9,0,modelled
nisc001:2289103,sydneytrains:2289331,Park Ave opp Adamstown Station,Adamstown Station Platform 1,other,heavy_rail,45.1,56.4,45.1,0,0,0,45.1,0,modelled
nisc001:2289103,sydneytrains:2289332,Park Ave opp Adamstown Station,Adamstown Station Platform 2,other,heavy_rail,54.8,68.5,54.8,0,0,0,54.8,0,modelled
nisc001:2289110,nisc001:228935,"Trinity Catholic College, Fletcher St, Stand C",Park Ave after Fletcher St,other,other,125.1,156.3,125.1,0,1,22,147.1,0,modelled
nisc001:2289110,nisc001:228936,"Trinity Catholic College, Fletcher St, Stand C","Trinity Catholic College, Park Ave",other,other,127.1,158.8,127.1,0,1,22,149.1,0,modelled
nisc001:2289117,nisc001:2289118,Wood St at Third St,Wood St at Fourth St,other,other,142.4,178.0,142.4,0,1,22,164.4,0,modelled
nisc001:2289117,nisc001:2289157,Wood St at Third St,Wood St at Third St,other,other,40.1,50.1,40.1,0,0,0,40.1,0,modelled
nisc001:2289117,sydneytrains:2289331,Wood St at Third St,Adamstown Station Platform 1,other,heavy_rail,244.1,305.1,244.1,0,1,22,266.1,0,modelled
nisc001:2289117,sydneytrains:2289332,Wood St at Third St,Adamstown Station Platform 2,other,heavy_rail,254.5,318.1,254.5,0,1,22,276.5,0,modelled
nisc001:2289118,nisc001:2289156,Wood St at Fourth St,Wood St at Fourth St,other,other,44.7,55.9,44.7,0,0,0,44.7,0,modelled
nisc001:2289118,nisc001:2289157,Wood St at Fourth St,Wood St at Third St,other,other,108.3,135.4,108.3,0,1,22,130.3,0,modelled
nisc001:2289118,sydneytrains:2289331,Wood St at Fourth St,Adamstown Station Platform 1,other,heavy_rail,372.5,465.6,372.5,0,1,22,394.5,0,modelled
nisc001:2289118,sydneytrains:2289332,Wood St at Fourth St,Adamstown Station Platform 2,other,heavy_rail,382.6,478.2,382.6,0,1,22,404.6,0,modelled
nisc001:2289119,nisc001:2289155,Wood St at Fletcher St,Fletcher St at Wood St,other,other,34.5,43.1,34.5,0,0,0,34.5,0,modelled
nisc001:2289119,nisc001:2289314,Wood St at Fletcher St,Fletcher St opp Wood St,other,other,36.3,45.4,36.3,0,0,0,36.3,0,modelled
nisc001:2289120,nisc001:2289154,William St at Fletcher St,William St at Fletcher St,other,other,20.2,25.3,20.2,0,0,0,20.2,0,modelled
nisc001:2289120,nisc001:2289155,William St at Fletcher St,Fletcher St at Wood St,other,other,122.5,153.2,122.5,0,1,22,144.5,0,modelled
nisc001:2289121,nisc001:2289122,South St opp Marin St,South St at Muraban St,other,other,132.4,165.5,132.4,0,1,22,154.4,0,modelled
nisc001:2289121,nisc001:2289127,South St opp Marin St,South St at Muraban St,other,other,121.7,152.1,121.7,0,1,22,143.7,0,modelled
nisc001:2289121,nisc001:2289128,South St opp Marin St,South St after Marin St,other,other,34.1,42.7,34.1,0,0,0,34.1,0,modelled
nisc001:2289121,nisc001:2289129,South St opp Marin St,Garden Grove Pde opp Claremont Ave,other,other,149.2,186.5,149.2,0,1,22,171.2,0,modelled
nisc001:2289121,nisc001:2289153,South St opp Marin St,Garden Grove Pde after Claremont Ave,other,other,141.5,176.9,141.5,0,1,22,163.5,0,modelled
nisc001:2289122,nisc001:2289127,South St at Muraban St,South St at Muraban St,other,other,25.9,32.3,25.9,0,0,0,25.9,0,modelled
nisc001:2289124,nisc001:228989,Date St opp Rifle St,"Bullecourt Barracks, Brunker Rd",other,other,137.7,172.2,137.7,0,1,22,159.7,0,modelled
nisc001:2289124,nisc001:228996,Date St opp Rifle St,Brunker Rd at Rifle St,other,other,108.0,135.0,108.0,0,1,22,130.0,0,modelled
nisc001:2289124,nisc001:2289125,Date St opp Rifle St,Date St opp Fletcher St,other,other,33.9,42.3,33.9,0,0,0,33.9,0,modelled
nisc001:2289125,nisc001:228989,Date St opp Fletcher St,"Bullecourt Barracks, Brunker Rd",other,other,115.0,143.7,115.0,0,1,22,137.0,0,modelled
nisc001:2289125,nisc001:228996,Date St opp Fletcher St,Brunker Rd at Rifle St,other,other,94.0,117.5,94.0,0,1,22,116.0,0,modelled
nisc001:2289126,nisc001:228990,Date St at South St,Brunker Rd opp South St,other,other,137.8,172.3,137.8,0,1,22,159.8,0,modelled
nisc001:2289126,nisc001:228995,Date St at South St,Brunker Rd after South St,other,other,128.0,160.0,128.0,0,1,22,150.0,0,modelled
nisc001:2289128,nisc001:2289129,South St after Marin St,Garden Grove Pde opp Claremont Ave,other,other,124.1,155.2,124.1,0,1,22,146.1,0,modelled
nisc001:2289128,nisc001:2289153,South St after Marin St,Garden Grove Pde after Claremont Ave,other,other,108.6,135.8,108.6,0,1,22,130.6,0,modelled
nisc001:2289129,nisc001:2289130,Garden Grove Pde opp Claremont Ave,Claremont Ave at Garden Grove Pde,other,other,134.9,168.7,134.9,0,1,22,156.9,0,modelled
nisc001:2289129,nisc001:2289153,Garden Grove Pde opp Claremont Ave,Garden Grove Pde after Claremont Ave,other,other,126.2,157.7,126.2,0,1,22,148.2,0,modelled
nisc001:2289130,nisc001:2289152,Claremont Ave at Garden Grove Pde,Claremont Ave at Orana Cres,other,other,36.0,44.9,36.0,0,0,0,36.0,0,modelled
nisc001:2289131,nisc001:2289151,Claremont Ave at Clinton Ave,Claremont Ave after Clinton Ave,other,other,45.1,56.3,45.1,0,0,0,45.1,0,modelled
nisc001:2289133,nisc001:228956,Westwood Ave at Randall Pde,Northcott Dr at Kinross Ave,other,other,116.2,145.2,116.2,0,1,22,138.2,0,modelled
nisc001:2289133,nisc001:2289135,Westwood Ave at Randall Pde,Westwood Ave opp Randall Pde,other,other,22.0,27.5,22.0,0,0,0,22.0,0,modelled
nisc001:2289134,nisc001:2289175,Tremont Ave at Colarado St,City Rd before Brunker Rd,other,other,91.9,114.9,91.9,0,1,22,113.9,0,modelled
nisc001:2289134,nisc001:2289321,Tremont Ave at Colarado St,Tremont Ave at Colarado St,other,other,17.5,21.9,17.5,0,0,0,17.5,0,modelled
nisc001:2289135,nisc001:228956,Westwood Ave opp Randall Pde,Northcott Dr at Kinross Ave,other,other,94.9,118.6,94.9,0,1,22,116.9,0,modelled
nisc001:2289137,nisc001:2289150,Clinton Ave before Westwood Ave,Clinton Ave after Westwood Ave,other,other,19.3,24.1,19.3,0,0,0,19.3,0,modelled
nisc001:2289138,nisc001:228923,Westwood Ave at Bailey St,Northcott Dr after Wade St,other,other,117.7,147.1,117.7,0,1,22,139.7,0,modelled
nisc001:2289138,nisc001:2289149,Westwood Ave at Bailey St,Westwood Ave after Bailey St,other,other,18.9,23.7,18.9,0,0,0,18.9,0,modelled
nisc001:2289138,nisc001:2289165,Westwood Ave at Bailey St,Northcott Dr opp Wade St,other,other,100.3,125.4,100.3,0,1,22,122.3,0,modelled
nisc001:2289142,nisc001:228935,Fletcher St at Bailey St,Park Ave after Fletcher St,other,other,139.4,174.2,139.4,0,1,22,161.4,0,modelled
nisc001:2289142,nisc001:228936,Fletcher St at Bailey St,"Trinity Catholic College, Park Ave",other,other,146.0,182.5,146.0,0,1,22,168.0,0,modelled
nisc001:2289142,nisc001:2289307,Fletcher St at Bailey St,Bailey St at Fletcher St,other,other,40.3,50.4,40.3,0,0,0,40.3,0,modelled
nisc001:2289149,nisc001:228923,Westwood Ave after Bailey St,Northcott Dr after Wade St,other,other,130.2,162.7,130.2,0,1,22,152.2,0,modelled
nisc001:2289149,nisc001:2289150,Westwood Ave after Bailey St,Clinton Ave after Westwood Ave,other,other,144.4,180.6,144.4,0,1,22,166.4,0,modelled
nisc001:2289149,nisc001:2289165,Westwood Ave after Bailey St,Northcott Dr opp Wade St,other,other,110.0,137.4,110.0,0,1,22,132.0,0,modelled
nisc001:2289151,nisc001:2289152,Claremont Ave after Clinton Ave,Claremont Ave at Orana Cres,other,other,137.2,171.6,137.2,0,1,22,159.2,0,modelled
nisc001:2289154,nisc001:2289155,William St at Fletcher St,Fletcher St at Wood St,other,other,137.1,171.3,137.1,0,1,22,159.1,0,modelled
nisc001:2289155,nisc001:2289314,Fletcher St at Wood St,Fletcher St opp Wood St,other,other,42.7,53.3,42.7,0,0,0,42.7,0,modelled
nisc001:2289156,nisc001:2289157,Wood St at Fourth St,Wood St at Third St,other,other,147.5,184.4,147.5,0,1,22,169.5,0,modelled
nisc001:2289157,sydneytrains:2289331,Wood St at Third St,Adamstown Station Platform 1,other,heavy_rail,266.8,333.5,266.8,0,1,22,288.8,0,modelled
nisc001:2289157,sydneytrains:2289332,Wood St at Third St,Adamstown Station Platform 2,other,heavy_rail,277.1,346.3,277.1,0,1,22,299.1,0,modelled
nisc001:2289159,nisc001:2289161,Kahibah Rd at Margaret St,Kahibah Rd after George St,other,other,73.1,91.4,73.1,0,1,22,95.1,0,modelled
nisc001:2289160,nisc001:229067,Kahibah Rd at Collarena Cres,Collarena Cres after Kahibah Rd,other,other,55.0,68.7,55.0,0,0,0,55.0,0,modelled
nisc001:2289160,nisc001:229097,Kahibah Rd at Collarena Cres,Kendella Pde after Louisa Ave,other,other,70.8,88.5,70.8,0,1,22,92.8,0,modelled
nisc001:2289160,nisc001:2290104,Kahibah Rd at Collarena Cres,Kahibah Rd at Newcastle Cres,other,other,66.5,83.1,66.5,0,1,22,88.5,0,modelled
nisc001:2289162,nisc001:228937,Kahibah Rd opp Highfields Pde,Highfields Pde Exit at Pacific Hwy,other,other,75.7,94.6,75.7,0,1,22,97.7,0,modelled
nisc001:2289162,nisc001:228959,Kahibah Rd opp Highfields Pde,Pacific Hwy at Kahibah Rd,other,other,48.7,60.9,48.7,0,0,0,48.7,0,modelled
nisc001:2289162,nisc001:228999,Kahibah Rd opp Highfields Pde,Pacific Hwy opp Kahibah Rd,other,other,107.9,134.9,107.9,0,1,22,129.9,0,modelled
nisc001:2289165,nisc001:228923,Northcott Dr opp Wade St,Northcott Dr after Wade St,other,other,28.1,35.2,28.1,0,0,0,28.1,0,modelled
nisc001:2289174,nisc001:2289176,City Rd after Northcott Dr,City Rd opp Northcott Dr,other,other,115.3,144.2,115.3,0,1,22,137.3,0,modelled
nisc001:2289175,nisc001:2289176,City Rd before Brunker Rd,City Rd opp Northcott Dr,other,other,100.2,125.2,100.2,0,1,22,122.2,0,modelled
nisc001:2289175,nisc001:2289321,City Rd before Brunker Rd,Tremont Ave at Colarado St,other,other,109.0,136.2,109.0,0,1,22,131.0,0,modelled
nisc001:2289177,nisc001:228958,Northcott Dr opp Lexington Pde,Northcott Dr opp Lexington Pde,other,other,65.0,81.3,65.0,0,1,22,87.0,0,modelled
nisc001:2289182,nisc001:2289183,"Kotara Home, Northcott Dr",Northcott Dr opp Kotara Home,other,other,25.9,32.4,25.9,0,0,0,25.9,0,modelled
nisc001:2289185,nisc001:2289219,Lexington Pde opp Rachael Ave,Lexington Pde after Rachael Ave,other,other,31.0,38.8,31.0,0,0,0,31.0,0,modelled
nisc001:2289186,nisc001:2289194,"Hudson Park, Lexington Pde","Kotara High School, Lexington Pde",other,other,121.9,152.4,121.9,0,1,22,143.9,0,modelled
nisc001:2289186,nisc001:2289195,"Hudson Park, Lexington Pde","Kotara High School, Lexington Pde",other,other,102.4,128.0,102.4,0,1,22,124.4,0,modelled
nisc001:2289186,nisc001:2289196,"Hudson Park, Lexington Pde","Kotara High School, Lexington Pde",other,other,90.7,113.3,90.7,0,1,22,112.7,0,modelled
nisc001:2289186,nisc001:2289218,"Hudson Park, Lexington Pde",Rosemont St at Lexington Pde,other,other,46.3,57.9,46.3,0,0,0,46.3,0,modelled
nisc001:2289187,nisc001:2289194,Lexington Pde opp Kotara High School,"Kotara High School, Lexington Pde",other,other,60.9,76.1,60.9,0,1,22,82.9,0,modelled
nisc001:2289187,nisc001:2289195,Lexington Pde opp Kotara High School,"Kotara High School, Lexington Pde",other,other,84.2,105.3,84.2,0,1,22,106.2,0,modelled
nisc001:2289187,nisc001:2289196,Lexington Pde opp Kotara High School,"Kotara High School, Lexington Pde",other,other,99.7,124.6,99.7,0,1,22,121.7,0,modelled
nisc001:2289187,nisc001:2289218,Lexington Pde opp Kotara High School,Rosemont St at Lexington Pde,other,other,149.2,186.5,149.2,0,1,22,171.2,0,modelled
nisc001:2289188,nisc001:2289189,"Belair Public School, Terence St",Terence St opp Belair Public School,other,other,17.2,21.5,17.2,0,0,0,17.2,0,modelled
nisc001:2289190,nisc001:2289199,Corriston Cres opp Ashbury St,Melissa Ave at Madison Dr,other,other,131.2,164.0,131.2,0,1,22,153.2,0,modelled
nisc001:2289190,nisc001:2289215,Corriston Cres opp Ashbury St,Melissa Ave at Madison Dr,other,other,131.0,163.8,131.0,0,1,22,153.0,0,modelled
nisc001:2289194,nisc001:2289195,"Kotara High School, Lexington Pde","Kotara High School, Lexington Pde",other,other,26.6,33.2,26.6,0,0,0,26.6,0,modelled
nisc001:2289194,nisc001:2289196,"Kotara High School, Lexington Pde","Kotara High School, Lexington Pde",other,other,43.6,54.5,43.6,0,0,0,43.6,0,modelled
nisc001:2289194,nisc001:2289218,"Kotara High School, Lexington Pde",Rosemont St at Lexington Pde,other,other,102.8,128.5,102.8,0,1,22,124.8,0,modelled
nisc001:2289195,nisc001:2289196,"Kotara High School, Lexington Pde","Kotara High School, Lexington Pde",other,other,17.1,21.4,17.1,0,0,0,17.1,0,modelled
nisc001:2289195,nisc001:2289218,"Kotara High School, Lexington Pde",Rosemont St at Lexington Pde,other,other,77.7,97.1,77.7,0,1,22,99.7,0,modelled
nisc001:2289196,nisc001:2289218,"Kotara High School, Lexington Pde",Rosemont St at Lexington Pde,other,other,61.6,77.1,61.6,0,1,22,83.6,0,modelled
nisc001:2289197,nisc001:2289217,Rosemont St at Princeton Ave,Rosemont St at Princeton Ave,other,other,21.2,26.5,21.2,0,0,0,21.2,0,modelled
nisc001:2289198,nisc001:228948,Glebe Rd opp West Park,"West Park, Glebe Rd",other,other,20.3,25.4,20.3,0,0,0,20.3,0,modelled
nisc001:2289198,sydneytrains:2289331,Glebe Rd opp West Park,Adamstown Station Platform 1,other,heavy_rail,188.7,235.8,188.7,0,1,22,210.7,0,modelled
nisc001:2289198,sydneytrains:2289332,Glebe Rd opp West Park,Adamstown Station Platform 2,other,heavy_rail,193.7,242.2,193.7,0,1,22,215.7,0,modelled
nisc001:2289199,nisc001:2289215,Melissa Ave at Madison Dr,Melissa Ave at Madison Dr,other,other,17.0,21.3,17.0,0,0,0,17.0,0,modelled
nisc001:2289200,nisc001:228938,Melissa Ave before Princeton Ave,Princeton Ave opp Dalvern Cl,other,other,109.7,137.1,109.7,0,1,22,131.7,0,modelled
nisc001:2289200,nisc001:2289202,Melissa Ave before Princeton Ave,Dalvern Cl opp Edison St,other,other,61.5,76.9,61.5,0,1,22,83.5,0,modelled
nisc001:2289200,nisc001:2289214,Melissa Ave before Princeton Ave,Melissa Ave at Princeton Ave,other,other,33.3,41.6,33.3,0,0,0,33.3,0,modelled
nisc001:2289201,nisc001:2289303,Princeton Ave opp Galena St,Princeton Ave before Galena St,other,other,20.6,25.7,20.6,0,0,0,20.6,0,modelled
nisc001:2289202,nisc001:228938,Dalvern Cl opp Edison St,Princeton Ave opp Dalvern Cl,other,other,66.0,82.5,66.0,0,1,22,88.0,0,modelled
nisc001:2289202,nisc001:2289203,Dalvern Cl opp Edison St,Edison St before Princeton Ave,other,other,142.2,177.8,142.2,0,1,22,164.2,0,modelled
nisc001:2289202,nisc001:2289214,Dalvern Cl opp Edison St,Melissa Ave at Princeton Ave,other,other,82.9,103.6,82.9,0,1,22,104.9,0,modelled
nisc001:2289203,nisc001:228938,Edison St before Princeton Ave,Princeton Ave opp Dalvern Cl,other,other,149.6,187.0,149.6,0,1,22,171.6,0,modelled
nisc001:2289207,nisc001:2289211,"Nesbitt Park, Grayson Ave",Casey Ave opp Nesbitt Park,other,other,133.6,167.0,133.6,0,1,22,155.6,0,modelled
nisc001:2289207,nisc001:2289212,"Nesbitt Park, Grayson Ave",Grayson Ave opp Nesbitt Park,other,other,27.4,34.2,27.4,0,0,0,27.4,0,modelled
nisc001:2289208,nisc001:2289210,Boundary St opp Springfield Ave,Boundary St at Joslin St,other,other,147.1,183.9,147.1,0,1,22,169.1,0,modelled
nisc001:2289208,nisc001:2289211,Boundary St opp Springfield Ave,Casey Ave opp Nesbitt Park,other,other,70.1,87.6,70.1,0,1,22,92.1,0,modelled
nisc001:2289208,nisc001:2289226,Boundary St opp Springfield Ave,Kenneth St opp Catherine St,other,other,119.4,149.2,119.4,0,1,22,141.4,0,modelled
nisc001:2289209,nisc001:2289210,Boundary St at Laurie St,Boundary St at Joslin St,other,other,20.6,25.7,20.6,0,0,0,20.6,0,modelled
nisc001:2289209,nisc001:2289225,Boundary St at Laurie St,Joslin St opp Bellett St,other,other,43.2,54.0,43.2,0,0,0,43.2,0,modelled
nisc001:2289209,nisc001:2289226,Boundary St at Laurie St,Kenneth St opp Catherine St,other,other,117.5,146.9,117.5,0,1,22,139.5,0,modelled
nisc001:2289209,nisc001:2289241,Boundary St at Laurie St,Laurie St opp Boundary St,other,other,45.6,57.0,45.6,0,0,0,45.6,0,modelled
nisc001:2289210,nisc001:2289225,Boundary St at Joslin St,Joslin St opp Bellett St,other,other,32.3,40.3,32.3,0,0,0,32.3,0,modelled
nisc001:2289210,nisc001:2289226,Boundary St at Joslin St,Kenneth St opp Catherine St,other,other,125.3,156.6,125.3,0,1,22,147.3,0,modelled
nisc001:2289210,nisc001:2289241,Boundary St at Joslin St,Laurie St opp Boundary St,other,other,63.2,79.0,63.2,0,1,22,85.2,0,modelled
nisc001:2289214,nisc001:228938,Melissa Ave at Princeton Ave,Princeton Ave opp Dalvern Cl,other,other,112.9,141.2,112.9,0,1,22,134.9,0,modelled
nisc001:2289216,nisc001:228963,Madison Dr before Pacific Hwy,Pacific Hwy opp Madison Dr,other,other,135.5,169.3,135.5,0,1,22,157.5,0,modelled
nisc001:2289216,nisc001:2289306,Madison Dr before Pacific Hwy,Madison Dr after Pacific Hwy,other,other,82.7,103.4,82.7,0,1,22,104.7,0,modelled
nisc001:2289220,nisc001:2289256,Park Ave at Lexington Pde,Park Ave opp Lexington Pde,other,other,24.4,30.5,24.4,0,0,0,24.4,0,modelled
nisc001:2289223,nisc001:2289243,"Joslin St Shops, Joslin St",Joslin St opp Joslin St Shops,other,other,43.7,54.6,43.7,0,0,0,43.7,0,modelled
nisc001:2289223,sydneytrains:2289341,"Joslin St Shops, Joslin St",Kotara Station Platform 1,other,heavy_rail,353.8,442.3,353.8,0,1,22,375.8,0,modelled
nisc001:2289223,sydneytrains:2289342,"Joslin St Shops, Joslin St",Kotara Station Platform 2,other,heavy_rail,359.6,449.4,359.6,0,1,22,381.6,0,modelled
nisc001:2289224,nisc001:2289242,Joslin St at Bryson Ave,Joslin St opp Bryson Ave,other,other,20.3,25.3,20.3,0,0,0,20.3,0,modelled
nisc001:2289225,nisc001:2289241,Joslin St opp Bellett St,Laurie St opp Boundary St,other,other,66.8,83.5,66.8,0,1,22,88.8,0,modelled
nisc001:2289226,nisc001:2289241,Kenneth St opp Catherine St,Laurie St opp Boundary St,other,other,139.5,174.3,139.5,0,1,22,161.5,0,modelled
nisc001:2289227,nisc001:2289228,Kirkdale Dr opp Dalpura Lane,Kirkdale Dr after Dalpura Lane,other,other,23.1,28.9,23.1,0,0,0,23.1,0,modelled
nisc001:2289229,nisc001:2289233,Inglis St before Lugar St,"Lugar St Reserve, Lugar St",other,other,144.4,180.4,144.4,0,1,22,166.4,0,modelled
nisc001:2289229,nisc001:2289240,Inglis St before Lugar St,Inglis St after Lugar St,other,other,25.0,31.2,25.0,0,0,0,25.0,0,modelled
nisc001:2289230,nisc001:2289233,Lugar St opp Lugar St Reserve,"Lugar St Reserve, Lugar St",other,other,56.0,70.0,56.0,0,0,0,56.0,0,modelled
nisc001:2289231,nisc001:2289232,Moruya Pde at Kuranda Cres,Kuranda Cres before Moruya Pde,other,other,103.5,129.4,103.5,0,1,22,125.5,0,modelled
nisc001:2289232,nisc001:228930,Kuranda Cres before Moruya Pde,Park Ave at Kuranda Cres,other,other,132.1,165.1,132.1,0,1,22,154.1,0,modelled
nisc001:2289233,nisc001:2289240,"Lugar St Reserve, Lugar St",Inglis St after Lugar St,other,other,149.6,187.0,149.6,0,1,22,171.6,0,modelled
nisc001:2289234,nisc001:2289235,Stuart St opp Elvidge Cres,Stuart St after Elvidge Cres,other,other,144.1,180.1,144.1,0,1,22,166.1,0,modelled
nisc001:2289234,nisc001:2289239,Stuart St opp Elvidge Cres,Stuart St at Elvidge Cres,other,other,63.2,79.0,63.2,0,1,22,85.2,0,modelled
nisc001:2289235,nisc001:2289239,Stuart St after Elvidge Cres,Stuart St at Elvidge Cres,other,other,88.9,111.1,88.9,0,1,22,110.9,0,modelled
nisc001:2289236,nisc001:2289238,Stuart St at Charlestown Rd,Stuart St at Charlestown Rd,other,other,23.0,28.7,23.0,0,0,0,23.0,0,modelled
nisc001:2289236,nisc001:2289249,Stuart St at Charlestown Rd,Charlestown Rd at Blackbutt Pde,other,other,104.4,130.5,104.4,0,1,22,126.4,0,modelled
nisc001:2289238,nisc001:2289249,Stuart St at Charlestown Rd,Charlestown Rd at Blackbutt Pde,other,other,81.5,101.9,81.5,0,1,22,103.5,0,modelled
nisc001:2289243,sydneytrains:2289341,Joslin St opp Joslin St Shops,Kotara Station Platform 1,other,heavy_rail,351.6,439.5,351.6,0,1,22,373.6,0,modelled
nisc001:2289243,sydneytrains:2289342,Joslin St opp Joslin St Shops,Kotara Station Platform 2,other,heavy_rail,357.2,446.6,357.2,0,1,22,379.2,0,modelled
nisc001:2289244,nisc001:228927,Joslin St at Park Ave,Park Ave before Joslin St,other,other,95.5,119.4,95.5,0,1,22,117.5,0,modelled
nisc001:2289244,nisc001:2289254,Joslin St at Park Ave,Park Ave opp Joslin St,other,other,46.0,57.5,46.0,0,0,0,46.0,0,modelled
nisc001:2289244,sydneytrains:2289341,Joslin St at Park Ave,Kotara Station Platform 1,other,heavy_rail,394.3,492.9,394.3,0,1,22,416.3,0,modelled
nisc001:2289244,sydneytrains:2289342,Joslin St at Park Ave,Kotara Station Platform 2,other,heavy_rail,398.1,497.6,398.1,0,1,22,420.1,0,modelled
nisc001:2289249,nisc001:2289275,Charlestown Rd at Blackbutt Pde,Myall Rd before Charlestown Rd,other,other,120.6,150.7,120.6,0,1,22,142.6,0,modelled
nisc001:2289249,nisc001:2289276,Charlestown Rd at Blackbutt Pde,Myall Rd at Charlestown Rd,other,other,73.8,92.2,73.8,0,1,22,95.8,0,modelled
nisc001:2289251,nisc001:228931,Park Ave opp Nereida Cl,Park Ave after Nereida Cl,other,other,52.4,65.6,52.4,0,0,0,52.4,0,modelled
nisc001:2289252,nisc001:228930,Park Ave opp Kuranda Cres,Park Ave at Kuranda Cres,other,other,58.3,72.9,58.3,0,0,0,58.3,0,modelled
nisc001:2289253,nisc001:228929,250 Park Ave,Park Ave before Bender Pde,other,other,122.5,153.1,122.5,0,1,22,144.5,0,modelled
nisc001:2289253,sydneytrains:2289341,250 Park Ave,Kotara Station Platform 1,other,heavy_rail,376.7,470.9,376.7,0,1,22,398.7,0,modelled
nisc001:2289253,sydneytrains:2289342,250 Park Ave,Kotara Station Platform 2,other,heavy_rail,378.1,472.6,378.1,0,1,22,400.1,0,modelled
nisc001:2289254,nisc001:228927,Park Ave opp Joslin St,Park Ave before Joslin St,other,other,110.8,138.5,110.8,0,1,22,132.8,0,modelled
nisc001:2289254,sydneytrains:2289341,Park Ave opp Joslin St,Kotara Station Platform 1,other,heavy_rail,370.8,463.4,370.8,0,1,22,392.8,0,modelled
nisc001:2289254,sydneytrains:2289342,Park Ave opp Joslin St,Kotara Station Platform 2,other,heavy_rail,374.1,467.6,374.1,0,1,22,396.1,0,modelled
nisc001:2289255,nisc001:228926,Park Ave opp Grayson Ave,Park Ave at Grayson Ave,other,other,19.4,24.3,19.4,0,0,0,19.4,0,modelled
nisc001:2289258,nisc001:228960,Park Ave opp Westfield Kotara,Northcott Dr opp Westfield Kotara,other,other,123.4,154.2,123.4,0,1,22,145.4,0,modelled
nisc001:2289259,nisc001:2289268,Meredith St opp Aldyth St,Meredith St at Aldyth St,other,other,36.6,45.8,36.6,0,0,0,36.6,0,modelled
nisc001:2289260,nisc001:2289267,Meredith St at Grinsell St,Grinsell St at March St,other,other,103.7,129.7,103.7,0,1,22,125.7,0,modelled
nisc001:2289262,nisc001:2289312,Grinsell St at Gregory Pde,Grinsell St opp Gregory Pde,other,other,25.1,31.4,25.1,0,0,0,25.1,0,modelled
nisc001:2289262,sydneytrains:2289341,Grinsell St at Gregory Pde,Kotara Station Platform 1,other,heavy_rail,196.2,245.2,196.2,0,1,22,218.2,0,modelled
nisc001:2289262,sydneytrains:2289342,Grinsell St at Gregory Pde,Kotara Station Platform 2,other,heavy_rail,191.1,238.8,191.1,0,1,22,213.1,0,modelled
nisc001:2289263,nisc001:2289264,157 Grinsell St,Grinsell St opp 157,other,other,14.2,17.7,14.2,0,0,0,14.2,0,modelled
nisc001:2289263,sydneytrains:2289341,157 Grinsell St,Kotara Station Platform 1,other,heavy_rail,357.7,447.1,357.7,0,1,22,379.7,0,modelled
nisc001:2289263,sydneytrains:2289342,157 Grinsell St,Kotara Station Platform 2,other,heavy_rail,354.2,442.7,354.2,0,1,22,376.2,0,modelled
nisc001:2289264,sydneytrains:2289341,Grinsell St opp 157,Kotara Station Platform 1,other,heavy_rail,350.3,437.9,350.3,0,1,22,372.3,0,modelled
nisc001:2289264,sydneytrains:2289342,Grinsell St opp 157,Kotara Station Platform 2,other,heavy_rail,346.6,433.3,346.6,0,1,22,368.6,0,modelled
nisc001:2289267,sydneytrains:2289341,Grinsell St at March St,Kotara Station Platform 1,other,heavy_rail,395.0,493.8,395.0,0,1,22,417.0,0,modelled
nisc001:2289267,sydneytrains:2289342,Grinsell St at March St,Kotara Station Platform 2,other,heavy_rail,394.2,492.7,394.2,0,1,22,416.2,0,modelled
nisc001:2289269,nisc001:2289273,Carnley Ave opp Carisbrooke Ave,Carnley Ave at Carisbrooke Ave,other,other,69.7,87.1,69.7,0,1,22,91.7,0,modelled
nisc001:2289270,nisc001:2289272,Charlestown Rd opp Peatties Rd,Charlestown Rd at Peatties Rd,other,other,39.0,48.8,39.0,0,0,0,39.0,0,modelled
nisc001:2289273,nisc001:2305168,Carnley Ave at Carisbrooke Ave,Charlestown Rd opp Carnley Ave,other,other,117.6,147.0,117.6,0,1,22,139.6,0,modelled
nisc001:2289275,nisc001:2289276,Myall Rd before Charlestown Rd,Myall Rd at Charlestown Rd,other,other,50.5,63.1,50.5,0,0,0,50.5,0,modelled
nisc001:2289277,nisc001:2289278,Bray Cres at Ewing St,"Garden Suburb Uniting Church, Prospect Rd",other,other,119.4,149.2,119.4,0,1,22,141.4,0,modelled
nisc001:2289277,nisc001:2289280,Bray Cres at Ewing St,Prospect Rd opp Irvine St,other,other,72.4,90.4,72.4,0,1,22,94.4,0,modelled
nisc001:2289277,nisc001:2289287,Bray Cres at Ewing St,Prospect Rd at Irvine St,other,other,77.6,97.0,77.6,0,1,22,99.6,0,modelled
nisc001:2289278,nisc001:2289279,"Garden Suburb Uniting Church, Prospect Rd","Garden Suburb Public School, Prospect Rd",other,other,36.1,45.2,36.1,0,0,0,36.1,0,modelled
nisc001:2289280,nisc001:2289287,Prospect Rd opp Irvine St,Prospect Rd at Irvine St,other,other,22.7,28.4,22.7,0,0,0,22.7,0,modelled
nisc001:2289281,nisc001:2289286,Prospect Rd opp Park Rd,Prospect Rd at Park Rd,other,other,66.6,83.3,66.6,0,1,22,88.6,0,modelled
nisc001:2289282,nisc001:2289285,70 Prospect Rd,63 Prospect Rd,other,other,33.5,41.8,33.5,0,0,0,33.5,0,modelled
nisc001:2289283,nisc001:2289284,Prospect Rd at Robinia Gr,Prospect Rd opp Robinia Gr,other,other,20.7,25.8,20.7,0,0,0,20.7,0,modelled
nisc001:2289304,nisc001:2289305,Ashbury St at Lexington Pde,Ashbury St at Lucas Cres,other,other,45.1,56.4,45.1,0,0,0,45.1,0,modelled
nisc001:2289307,nisc001:228935,Bailey St at Fletcher St,Park Ave after Fletcher St,other,other,144.7,180.9,144.7,0,1,22,166.7,0,modelled
nisc001:2289307,nisc001:228936,Bailey St at Fletcher St,"Trinity Catholic College, Park Ave",other,other,122.3,152.8,122.3,0,1,22,144.3,0,modelled
nisc001:2289308,nisc001:2289309,Madison Dr before Melissa Ave,Madison Dr after Melissa Ave,other,other,17.9,22.3,17.9,0,0,0,17.9,0,modelled
nisc001:2289312,sydneytrains:2289341,Grinsell St opp Gregory Pde,Kotara Station Platform 1,other,heavy_rail,196.3,245.4,196.3,0,1,22,218.3,0,modelled
nisc001:2289312,sydneytrains:2289342,Grinsell St opp Gregory Pde,Kotara Station Platform 2,other,heavy_rail,190.9,238.6,190.9,0,1,22,212.9,0,modelled
nisc001:2289319,sydneytrains:2289341,Grinsell St at Kotara Pl,Kotara Station Platform 1,other,heavy_rail,204.0,255.0,204.0,0,1,22,226.0,0,modelled
nisc001:2289319,sydneytrains:2289342,Grinsell St at Kotara Pl,Kotara Station Platform 2,other,heavy_rail,201.1,251.4,201.1,0,1,22,223.1,0,modelled
nisc001:2289322,nisc001:228992,Yarrum St at Brunker Rd,Brunker Rd opp Yarrum St,other,other,72.8,91.1,72.8,0,1,22,94.8,0,modelled
nisc001:2289322,nisc001:228993,Yarrum St at Brunker Rd,Brunker Rd at Yarrum St,other,other,48.5,60.7,48.5,0,0,0,48.5,0,modelled
nisc001:2289322,nisc001:2289323,Yarrum St at Brunker Rd,Yarrum St at Brunker Rd,other,other,21.5,26.9,21.5,0,0,0,21.5,0,modelled
nisc001:2289323,nisc001:228992,Yarrum St at Brunker Rd,Brunker Rd opp Yarrum St,other,other,51.4,64.3,51.4,0,0,0,51.4,0,modelled
nisc001:2289323,nisc001:228993,Yarrum St at Brunker Rd,Brunker Rd at Yarrum St,other,other,27.7,34.6,27.7,0,0,0,27.7,0,modelled
nisc001:2290100,nisc001:229094,Kenibea Ave opp Ocean View Pde,Kenibea Ave after Ocean View Pde,other,other,19.1,23.9,19.1,0,0,0,19.1,0,modelled
nisc001:2290100,nisc001:2290101,Kenibea Ave opp Ocean View Pde,Kahibah Rd at Kenibea Ave,other,other,146.8,183.5,146.8,0,1,22,168.8,0,modelled
nisc001:2290101,nisc001:229074,Kahibah Rd at Kenibea Ave,"Kahibah Sports Club, Kahibah Rd",other,other,141.4,176.8,141.4,0,1,22,163.4,0,modelled
nisc001:2290101,nisc001:229092,Kahibah Rd at Kenibea Ave,"Kahibah Sports Club, Kenibea Ave",other,other,112.8,141.0,112.8,0,1,22,134.8,0,modelled
nisc001:2290101,nisc001:2290139,Kahibah Rd at Kenibea Ave,Kahibah Rd after Frith St,other,other,139.6,174.5,139.6,0,1,22,161.6,0,modelled
nisc001:2290102,nisc001:2290139,Kahibah Rd opp Frith St,Kahibah Rd after Frith St,other,other,77.3,96.6,77.3,0,1,22,99.3,0,modelled
nisc001:2290103,nisc001:229069,Wallsend St at Kenibea Ave,Wallsend St at Jarvie Lane,other,other,22.7,28.3,22.7,0,0,0,22.7,0,modelled
nisc001:2290104,nisc001:229067,Kahibah Rd at Newcastle Cres,Collarena Cres after Kahibah Rd,other,other,99.0,123.8,99.0,0,1,22,121.0,0,modelled
nisc001:2290104,nisc001:229097,Kahibah Rd at Newcastle Cres,Kendella Pde after Louisa Ave,other,other,76.9,96.1,76.9,0,1,22,98.9,0,modelled
nisc001:2290109,nisc001:2290112,Dudley Rd at James St,Dudley Rd opp James St,other,other,53.1,66.4,53.1,0,0,0,53.1,0,modelled
nisc001:2290110,nisc001:2290111,Dudley Rd after Tiral St,Dudley Rd opp Tiral St,other,other,21.3,26.7,21.3,0,0,0,21.3,0,modelled
nisc001:2290112,nisc001:229060,Dudley Rd opp James St,Pacific Hwy opp Lions Park,other,other,111.6,139.5,111.6,0,1,22,133.6,0,modelled
nisc001:2290119,nisc001:2290122,Kirkdale Dr opp Highland Cl,Kirkdale Dr at Highland Cl,other,other,33.2,41.5,33.2,0,0,0,33.2,0,modelled
nisc001:2290120,nisc001:2290121,Kirkdale Dr opp Chelston Cl,Kirkdale Dr after Chelston Cl,other,other,22.6,28.3,22.6,0,0,0,22.6,0,modelled
nisc001:2290126,nisc001:2290128,Charlestown Rd at Robert St,Charlestown Rd after Buller St,other,other,55.1,68.9,55.1,0,0,0,55.1,0,modelled
nisc001:2290126,nisc001:2290135,Charlestown Rd at Robert St,Griffiths St before Charlestown Rd,other,other,125.8,157.3,125.8,0,1,22,147.8,0,modelled
nisc001:2290127,nisc001:229016,"Hilltop Plaza, Charlestown Rd","Centrelink, Charlestown Rd",other,other,17.8,22.2,17.8,0,0,0,17.8,0,modelled
nisc001:2290127,nisc001:229062,"Hilltop Plaza, Charlestown Rd",Pacific Hwy at Charlestown Rd,other,other,125.8,157.3,125.8,0,1,22,147.8,0,modelled
nisc001:2290128,nisc001:2290135,Charlestown Rd after Buller St,Griffiths St before Charlestown Rd,other,other,126.3,157.9,126.3,0,1,22,148.3,0,modelled
nisc001:2290136,nisc001:229015,Charlestown Rd at Willis St,Charlestown Rd at Willis St,other,other,60.9,76.1,60.9,0,1,22,82.9,0,modelled
nisc001:2290137,nisc001:229014,Charlestown Rd after Kendall St,Charlestown Rd opp Kendall St,other,other,20.0,24.9,20.0,0,0,0,20.0,0,modelled
nisc001:2290137,nisc001:2290478,Charlestown Rd after Kendall St,Hillsborough Rd before Charlestown Rd,other,other,149.8,187.2,149.8,0,1,22,171.8,0,modelled
nisc001:2290140,nisc001:2290142,Moody St at Higham St,Robina Dr opp Avon Cl,other,other,142.9,178.7,142.9,0,1,22,164.9,0,modelled
nisc001:2290140,nisc001:2290143,Moody St at Higham St,Chadwick St at Moody St,other,other,136.1,170.1,136.1,0,1,22,158.1,0,modelled
nisc001:2290140,nisc001:2290145,Moody St at Higham St,Chadwick St at Moody St,other,other,133.0,166.2,133.0,0,1,22,155.0,0,modelled
nisc001:2290143,nisc001:2290145,Chadwick St at Moody St,Chadwick St at Moody St,other,other,20.1,25.1,20.1,0,0,0,20.1,0,modelled
nisc001:2290144,nisc001:2290436,Chadwick St at Hillsborough Rd,Hillsborough Rd opp Chadwick St,other,other,111.4,139.3,111.4,0,1,22,133.4,0,modelled
nisc001:2290146,nisc001:2290148,Hillsborough Rd after Waratah Ave,Hillsborough Rd before Waratah Ave,other,other,21.5,26.8,21.5,0,0,0,21.5,0,modelled
nisc001:2290146,nisc001:2290149,Hillsborough Rd after Waratah Ave,Waratah Ave after Hillsborough Rd,other,other,107.8,134.8,107.8,0,1,22,129.8,0,modelled
nisc001:2290146,nisc001:2290171,Hillsborough Rd after Waratah Ave,Waratah Ave before Hillsborough Rd,other,other,119.8,149.8,119.8,0,1,22,141.8,0,modelled
nisc001:2290147,nisc001:2290478,Hillsborough Rd opp Fairview Ave,Hillsborough Rd before Charlestown Rd,other,other,93.6,117.0,93.6,0,1,22,115.6,0,modelled
nisc001:2290148,nisc001:2290149,Hillsborough Rd before Waratah Ave,Waratah Ave after Hillsborough Rd,other,other,94.1,117.6,94.1,0,1,22,116.1,0,modelled
nisc001:2290148,nisc001:2290171,Hillsborough Rd before Waratah Ave,Waratah Ave before Hillsborough Rd,other,other,108.1,135.1,108.1,0,1,22,130.1,0,modelled
nisc001:2290149,nisc001:2290171,Waratah Ave after Hillsborough Rd,Waratah Ave before Hillsborough Rd,other,other,18.0,22.5,18.0,0,0,0,18.0,0,modelled
nisc001:2290150,nisc001:2290169,Waratah Ave at Brett St,E K Ave opp Redbud Cl,other,other,124.2,155.3,124.2,0,1,22,146.2,0,modelled
nisc001:2290150,nisc001:2290170,Waratah Ave at Brett St,Waratah Ave opp Brett St,other,other,74.1,92.6,74.1,0,1,22,96.1,0,modelled
nisc001:2290151,nisc001:2290169,E K Ave after Redbud Cl,E K Ave opp Redbud Cl,other,other,40.9,51.1,40.9,0,0,0,40.9,0,modelled
nisc001:2290152,nisc001:2290168,E K Ave opp Armstrong Rd,E K Ave after Armstrong Rd,other,other,17.0,21.2,17.0,0,0,0,17.0,0,modelled
nisc001:2290153,nisc001:2290167,65 E K Ave,E K Ave opp Trent St,other,other,81.0,101.3,81.0,0,1,22,103.0,0,modelled
nisc001:2290154,nisc001:2290166,E K Ave before Targo St,E K Ave opp Targo St,other,other,20.5,25.6,20.5,0,0,0,20.5,0,modelled
nisc001:2290155,nisc001:2290165,Warners Bay Rd after E K Ave,Warners Bay Rd after Cadaga Rd,other,other,67.3,84.2,67.3,0,1,22,89.3,0,modelled
nisc001:2290155,nisc001:2290194,Warners Bay Rd after E K Ave,Cadaga Rd before Warners Bay Rd,other,other,105.6,131.9,105.6,0,1,22,127.6,0,modelled
nisc001:2290158,nisc001:2290159,Seacourt Ave at Banksia Ave,Seacourt Ave opp Ashby St,other,other,136.5,170.7,136.5,0,1,22,158.5,0,modelled
nisc001:2290158,nisc001:2290331,Seacourt Ave at Banksia Ave,Seacourt Ave opp Banksia Ave,other,other,20.1,25.2,20.1,0,0,0,20.1,0,modelled
nisc001:2290159,nisc001:2290305,Seacourt Ave opp Ashby St,Burwood Rd at Cindi Cl,other,other,90.3,112.9,90.3,0,1,22,112.3,0,modelled
nisc001:2290159,nisc001:2290312,Seacourt Ave opp Ashby St,Burwood Rd opp Cindi Cl,other,other,88.1,110.2,88.1,0,1,22,110.1,0,modelled
nisc001:2290159,nisc001:2290331,Seacourt Ave opp Ashby St,Seacourt Ave opp Banksia Ave,other,other,124.9,156.1,124.9,0,1,22,146.9,0,modelled
nisc001:2290159,nisc001:2290437,Seacourt Ave opp Ashby St,Seacourt Ave at Burwood Rd,other,other,43.9,54.8,43.9,0,0,0,43.9,0,modelled
nisc001:2290160,nisc001:2290163,Gari St after Warners Bay Rd,Patricia Ave opp Anjon St,other,other,124.4,155.5,124.4,0,1,22,146.4,0,modelled
nisc001:2290160,nisc001:2290164,Gari St after Warners Bay Rd,Gari St at Warners Bay Rd,other,other,27.1,33.8,27.1,0,0,0,27.1,0,modelled
nisc001:2290160,nisc001:2290165,Gari St after Warners Bay Rd,Warners Bay Rd after Cadaga Rd,other,other,147.6,184.5,147.6,0,1,22,169.6,0,modelled
nisc001:2290161,nisc001:2290162,Patricia Ave after Anjon St,Patricia Ave after Lincoln St,other,other,85.7,107.2,85.7,0,1,22,107.7,0,modelled
nisc001:2290161,nisc001:2290163,Patricia Ave after Anjon St,Patricia Ave opp Anjon St,other,other,99.7,124.6,99.7,0,1,22,121.7,0,modelled
nisc001:2290162,nisc001:229054,Patricia Ave after Lincoln St,"Lions Park, Pacific Hwy",other,other,127.8,159.8,127.8,0,1,22,149.8,0,modelled
nisc001:2290163,nisc001:2290164,Patricia Ave opp Anjon St,Gari St at Warners Bay Rd,other,other,136.4,170.5,136.4,0,1,22,158.4,0,modelled
nisc001:2290164,nisc001:2290165,Gari St at Warners Bay Rd,Warners Bay Rd after Cadaga Rd,other,other,133.1,166.3,133.1,0,1,22,155.1,0,modelled
nisc001:2290165,nisc001:2290194,Warners Bay Rd after Cadaga Rd,Cadaga Rd before Warners Bay Rd,other,other,57.0,71.3,57.0,0,0,0,57.0,0,modelled
nisc001:2290174,nisc001:2290179,Burton Rd after Warners Bay Rd,Burton Rd opp Lamington Dr,other,other,81.3,101.7,81.3,0,1,22,103.3,0,modelled
nisc001:2290175,nisc001:2290178,Burton Rd before Casson Ave,Burton Rd opp Casson Ave,other,other,19.2,24.0,19.2,0,0,0,19.2,0,modelled
nisc001:2290176,nisc001:2290177,Burton Rd opp Glad Gunson Dr,Burton Rd after Glad Gunson Dr,other,other,19.6,24.5,19.6,0,0,0,19.6,0,modelled
nisc001:2290180,nisc001:2290399,167 Warners Bay Rd,192 Warners Bay Rd,other,other,29.7,37.2,29.7,0,0,0,29.7,0,modelled
nisc001:2290181,nisc001:2290400,Warners Bay Rd after Old Warners Bay Rd,Warners Bay opp Old Warners Bay Rd,other,other,25.6,32.0,25.6,0,0,0,25.6,0,modelled
nisc001:2290182,nisc001:2290209,Warners Bay Rd before Cowmeadow Rd,Warners Bay Rd after Wilsons Rd,other,other,46.3,57.9,46.3,0,0,0,46.3,0,modelled
nisc001:2290183,nisc001:229071,"Mullington Park, Dunkley Pde",Tennent Rd at Helen St,other,other,95.2,119.0,95.2,0,1,22,117.2,0,modelled
nisc001:2290183,nisc001:2290208,"Mullington Park, Dunkley Pde",Dunkley Pde at Tennent Rd,other,other,52.7,65.9,52.7,0,0,0,52.7,0,modelled
nisc001:2290183,nisc001:2290391,"Mullington Park, Dunkley Pde",Tennent Rd at Warners Bay Rd,other,other,100.4,125.5,100.4,0,1,22,122.4,0,modelled
nisc001:2290183,nisc001:2290401,"Mullington Park, Dunkley Pde","Mount Hutton Public School, Dunkley Pde",other,other,128.3,160.4,128.3,0,1,22,150.3,0,modelled
nisc001:2290184,nisc001:2290207,Warners Bay Rd after Bayview St,Warners Bay Rd opp Bayview St,other,other,28.2,35.3,28.2,0,0,0,28.2,0,modelled
nisc001:2290187,nisc001:2290193,Cadaga Rd at Carbeen St,Cadaga Rd opp Carbeen St,other,other,22.3,27.9,22.3,0,0,0,22.3,0,modelled
nisc001:2290188,nisc001:2290192,Cadaga Rd opp Coral Cres,Cadaga Rd at Coral Cres,other,other,25.4,31.8,25.4,0,0,0,25.4,0,modelled
nisc001:2290189,nisc001:2290190,Cadaga Rd opp Sylvia Grozdanovski Memorial Park,"Sylvia Grozdanovski Memorial Park, Oxford St",other,other,52.4,65.5,52.4,0,0,0,52.4,0,modelled
nisc001:2290189,nisc001:2290227,Cadaga Rd opp Sylvia Grozdanovski Memorial Park,Oxford St opp Cadaga Rd,other,other,69.6,87.0,69.6,0,1,22,91.6,0,modelled
nisc001:2290190,nisc001:2290227,"Sylvia Grozdanovski Memorial Park, Oxford St",Oxford St opp Cadaga Rd,other,other,70.7,88.4,70.7,0,1,22,92.7,0,modelled
nisc001:2290196,nisc001:2290226,Oxford St at Paper St,Oxford St at Plane St,other,other,23.9,29.9,23.9,0,0,0,23.9,0,modelled
nisc001:2290197,nisc001:2290199,Oxford St after Goundry St,Oxford St opp O'Brien St,other,other,131.4,164.2,131.4,0,1,22,153.4,0,modelled
nisc001:2290197,nisc001:2290225,Oxford St after Goundry St,Oxford St at Goundry St,other,other,34.5,43.1,34.5,0,0,0,34.5,0,modelled
nisc001:2290198,nisc001:229033,Oxford St at O'Brien St,Pacific Hwy after Oxford St,other,other,123.7,154.6,123.7,0,1,22,145.7,0,modelled
nisc001:2290198,nisc001:229051,Oxford St at O'Brien St,Pacific Hwy at Oxford St,other,other,74.4,93.0,74.4,0,1,22,96.4,0,modelled
nisc001:2290198,nisc001:2290199,Oxford St at O'Brien St,Oxford St opp O'Brien St,other,other,33.5,41.9,33.5,0,0,0,33.5,0,modelled
nisc001:2290198,nisc001:2290255,Oxford St at O'Brien St,Oxford St at Felton St,other,other,123.4,154.3,123.4,0,1,22,145.4,0,modelled
nisc001:2290198,nisc001:2290287,Oxford St at O'Brien St,Oxford St at Pacific Hwy,other,other,117.5,146.9,117.5,0,1,22,139.5,0,modelled
nisc001:2290199,nisc001:229033,Oxford St opp O'Brien St,Pacific Hwy after Oxford St,other,other,141.4,176.8,141.4,0,1,22,163.4,0,modelled
nisc001:2290199,nisc001:229051,Oxford St opp O'Brien St,Pacific Hwy at Oxford St,other,other,93.5,116.9,93.5,0,1,22,115.5,0,modelled
nisc001:2290199,nisc001:2290287,Oxford St opp O'Brien St,Oxford St at Pacific Hwy,other,other,144.6,180.7,144.6,0,1,22,166.6,0,modelled
nisc001:2290206,nisc001:2290219,Warners Bay Rd opp Newcastle City Bypass,109 Auklet Rd,other,other,97.6,122.0,97.6,0,1,22,119.6,0,modelled
nisc001:2290208,nisc001:229071,Dunkley Pde at Tennent Rd,Tennent Rd at Helen St,other,other,111.3,139.1,111.3,0,1,22,133.3,0,modelled
nisc001:2290208,nisc001:2290391,Dunkley Pde at Tennent Rd,Tennent Rd at Warners Bay Rd,other,other,100.7,125.9,100.7,0,1,22,122.7,0,modelled
nisc001:2290208,nisc001:2290401,Dunkley Pde at Tennent Rd,"Mount Hutton Public School, Dunkley Pde",other,other,81.4,101.8,81.4,0,1,22,103.4,0,modelled
nisc001:2290210,nisc001:2290211,Wilsons Rd opp Tango St,Wilsons Rd at Tango St,other,other,27.0,33.7,27.0,0,0,0,27.0,0,modelled
nisc001:2290213,nisc001:2290231,"Lake Macquarie Fair, Wilsons Rd",Wilsons Rd opp Lake Macquarie Fair,other,other,30.5,38.2,30.5,0,0,0,30.5,0,modelled
nisc001:2290214,nisc001:2290230,Willow Rd at Kestrel Ave,Willow Rd opp Kestrel Ave,other,other,20.6,25.7,20.6,0,0,0,20.6,0,modelled
nisc001:2290214,nisc001:2290481,Willow Rd at Kestrel Ave,Kestrel Ave at Willow Rd,other,other,24.0,30.0,24.0,0,0,0,24.0,0,modelled
nisc001:2290217,nisc001:2290221,29 Auklet Rd,Kestrel Ave after Fulmar Cl,other,other,123.7,154.6,123.7,0,1,22,145.7,0,modelled
nisc001:2290222,nisc001:2290229,Willow Rd opp Redwood Cres,Willow Rd at Redwood Cres,other,other,48.4,60.5,48.4,0,0,0,48.4,0,modelled
nisc001:2290223,nisc001:2290228,Hickory Rd at Coral Cres,Hickory Rd at Cassia Cres,other,other,50.5,63.1,50.5,0,0,0,50.5,0,modelled
nisc001:2290230,nisc001:2290481,Willow Rd opp Kestrel Ave,Kestrel Ave at Willow Rd,other,other,17.0,21.3,17.0,0,0,0,17.0,0,modelled
nisc001:2290232,nisc001:2290240,Violet Town Rd opp Sanctuary Gr,Violet Town Rd at Sanctuary Gr,other,other,26.9,33.7,26.9,0,0,0,26.9,0,modelled
nisc001:2290233,nisc001:2290234,Violet Town Rd opp Albert St,Violet Town Rd after Charles St,other,other,40.8,51.0,40.8,0,0,0,40.8,0,modelled
nisc001:2290233,nisc001:2290239,Violet Town Rd opp Albert St,Albert St at Violet Town Rd,other,other,60.6,75.8,60.6,0,1,22,82.6,0,modelled
nisc001:2290233,nisc001:2290279,Violet Town Rd opp Albert St,Croudace Rd after Violet Town Rd,other,other,122.5,153.2,122.5,0,1,22,144.5,0,modelled
nisc001:2290234,nisc001:2290239,Violet Town Rd after Charles St,Albert St at Violet Town Rd,other,other,78.8,98.5,78.8,0,1,22,100.8,0,modelled
nisc001:2290234,nisc001:2290278,Violet Town Rd after Charles St,Croudace Rd before Violet Town Rd,other,other,147.4,184.2,147.4,0,1,22,169.4,0,modelled
nisc001:2290234,nisc001:2290279,Violet Town Rd after Charles St,Croudace Rd after Violet Town Rd,other,other,106.3,132.9,106.3,0,1,22,128.3,0,modelled
nisc001:2290239,nisc001:2290503,Albert St at Violet Town Rd,Albert St opp James St,other,other,146.7,183.4,146.7,0,1,22,168.7,0,modelled
nisc001:2290242,nisc001:2290243,Algona Rd opp Chesterfield Lane,Tirriki St at Algona Rd,other,other,117.0,146.2,117.0,0,1,22,139.0,0,modelled
nisc001:2290242,nisc001:2290250,Algona Rd opp Chesterfield Lane,Tirriki St at Algona Rd,other,other,136.3,170.4,136.3,0,1,22,158.3,0,modelled
nisc001:2290242,nisc001:2290289,Algona Rd opp Chesterfield Lane,Algona Rd at Chesterfield Lane,other,other,55.5,69.3,55.5,0,0,0,55.5,0,modelled
nisc001:2290243,nisc001:2290250,Tirriki St at Algona Rd,Tirriki St at Algona Rd,other,other,19.5,24.4,19.5,0,0,0,19.5,0,modelled
nisc001:2290243,nisc001:2290289,Tirriki St at Algona Rd,Algona Rd at Chesterfield Lane,other,other,111.2,139.0,111.2,0,1,22,133.2,0,modelled
nisc001:2290244,nisc001:2290249,Tirriki St opp Bukka St,Tirriki St at Bukka St,other,other,43.3,54.1,43.3,0,0,0,43.3,0,modelled
nisc001:2290245,nisc001:2290248,Bati St opp Pillapai St,Bati St at Tirriki St,other,other,36.1,45.2,36.1,0,0,0,36.1,0,modelled
nisc001:2290246,nisc001:2290247,Buwa St opp Bati St,Buwa St before Bati St,other,other,27.1,33.9,27.1,0,0,0,27.1,0,modelled
nisc001:2290248,nisc001:2290487,Bati St at Tirriki St,Hallam St after Kalinda Pde,other,other,130.3,162.9,130.3,0,1,22,152.3,0,modelled
nisc001:2290250,nisc001:2290289,Tirriki St at Algona Rd,Algona Rd at Chesterfield Lane,other,other,127.5,159.4,127.5,0,1,22,149.5,0,modelled
nisc001:2290251,nisc001:2290288,Algona Rd at Buwa St,Algona Rd at Felton St,other,other,115.8,144.8,115.8,0,1,22,137.8,0,modelled
nisc001:2290252,nisc001:2290253,Kulai St at Repton St,Hazelton Gr at Alvestor Cl,other,other,107.8,134.7,107.8,0,1,22,129.8,0,modelled
nisc001:2290255,nisc001:229033,Oxford St at Felton St,Pacific Hwy after Oxford St,other,other,68.4,85.5,68.4,0,1,22,90.4,0,modelled
nisc001:2290255,nisc001:229051,Oxford St at Felton St,Pacific Hwy at Oxford St,other,other,73.3,91.7,73.3,0,1,22,95.3,0,modelled
nisc001:2290255,nisc001:2290287,Oxford St at Felton St,Oxford St at Pacific Hwy,other,other,18.9,23.6,18.9,0,0,0,18.9,0,modelled
nisc001:2290255,nisc001:2290480,Oxford St at Felton St,"St Paul's Church, Felton St",other,other,47.3,59.1,47.3,0,0,0,47.3,0,modelled
nisc001:2290260,nisc001:229048,Pacific Hwy opp Mick Middleton Fields,Pacific Hwy opp Oakdale Ave,other,other,71.4,89.3,71.4,0,1,22,93.4,0,modelled
nisc001:2290261,nisc001:2290272,Bulls Garden Rd at Justine Ave,Bulls Garden Rd opp Justine Ave,other,other,71.3,89.2,71.3,0,1,22,93.3,0,modelled
nisc001:2290262,nisc001:2290271,55 Bulls Garden Rd,66 Bulls Garden Rd,other,other,26.6,33.3,26.6,0,0,0,26.6,0,modelled
nisc001:2290263,nisc001:2290270,39 Bulls Garden Rd,36 Bulls Garden Rd,other,other,26.1,32.6,26.1,0,0,0,26.1,0,modelled
nisc001:2290264,nisc001:2290301,Lonus Ave after Dudley Rd,"Dudley Road Shops, Dudley Rd",other,other,84.6,105.7,84.6,0,1,22,106.6,0,modelled
nisc001:2290265,nisc001:2290269,Lonus Ave at Tumpoa St,Lonus Ave opp Tumpoa St,other,other,72.1,90.2,72.1,0,1,22,94.1,0,modelled
nisc001:2290267,nisc001:2290268,Kaleen St at Chester Cl,Kaleen St opp Chester Cl,other,other,21.3,26.6,21.3,0,0,0,21.3,0,modelled
nisc001:2290277,nisc001:2290280,"Bangalay Reserve, Croudace Rd",Croudace Rd opp Bangalay Reserve,other,other,21.7,27.1,21.7,0,0,0,21.7,0,modelled
nisc001:2290278,nisc001:2290279,Croudace Rd before Violet Town Rd,Croudace Rd after Violet Town Rd,other,other,42.5,53.1,42.5,0,0,0,42.5,0,modelled
nisc001:2290279,nisc001:2290385,Croudace Rd after Violet Town Rd,Violet Town Rd at John St,other,other,148.8,186.1,148.8,0,1,22,170.8,0,modelled
nisc001:2290285,nisc001:229036,"Wiripaang Public School, Pacific Hwy",Pacific Hwy opp Hunter Sports High,other,other,95.2,119.0,95.2,0,1,22,117.2,0,modelled
nisc001:2290285,nisc001:229049,"Wiripaang Public School, Pacific Hwy","Hunter Sports High, Pacific Hwy",other,other,138.7,173.3,138.7,0,1,22,160.7,0,modelled
nisc001:2290285,nisc001:229050,"Wiripaang Public School, Pacific Hwy",Pacific Hwy at Hughes St,other,other,133.5,166.9,133.5,0,1,22,155.5,0,modelled
nisc001:2290287,nisc001:229033,Oxford St at Pacific Hwy,Pacific Hwy after Oxford St,other,other,49.7,62.1,49.7,0,0,0,49.7,0,modelled
nisc001:2290287,nisc001:229051,Oxford St at Pacific Hwy,Pacific Hwy at Oxford St,other,other,58.6,73.3,58.6,0,0,0,58.6,0,modelled
nisc001:2290287,nisc001:2290480,Oxford St at Pacific Hwy,"St Paul's Church, Felton St",other,other,57.8,72.2,57.8,0,0,0,57.8,0,modelled
nisc001:2290288,nisc001:229032,Algona Rd at Felton St,Pacific Hwy before Oxford St,other,other,137.7,172.1,137.7,0,1,22,159.7,0,modelled
nisc001:2290288,nisc001:229052,Algona Rd at Felton St,Pacific Hwy after Oxford St,other,other,131.6,164.5,131.6,0,1,22,153.6,0,modelled
nisc001:2290293,nisc001:2290299,"Amaroo Lodge Nursing Home, Dudley Rd",Dudley Rd opp Amaroo Lodge Nursing Home,other,other,69.1,86.3,69.1,0,1,22,91.1,0,modelled
nisc001:2290297,nisc001:2290428,Dudley Rd opp Whitebridge Cemetery,"Whitebridge Cemetery, Dudley Rd",other,other,22.2,27.8,22.2,0,0,0,22.2,0,modelled
nisc001:2290301,nisc001:2290333,"Dudley Road Shops, Dudley Rd","Dudley Road Shops, Dudley Rd",other,other,94.8,118.6,94.8,0,1,22,116.8,0,modelled
nisc001:2290302,nisc001:2290332,Dudley Rd after Station St,Dudley Rd before Station St,other,other,24.3,30.4,24.3,0,0,0,24.3,0,modelled
nisc001:2290303,nisc001:2290313,Burwood Rd after Dudley Rd,Burwood Rd opp Hudson St,other,other,149.9,187.3,149.9,0,1,22,171.9,0,modelled
nisc001:2290303,nisc001:2290381,Burwood Rd after Dudley Rd,Burwood Rd opp Norley St,other,other,30.4,38.0,30.4,0,0,0,30.4,0,modelled
nisc001:2290304,nisc001:2290313,Burwood Rd before Hudson St,Burwood Rd opp Hudson St,other,other,24.2,30.3,24.2,0,0,0,24.2,0,modelled
nisc001:2290304,nisc001:2290381,Burwood Rd before Hudson St,Burwood Rd opp Norley St,other,other,140.9,176.1,140.9,0,1,22,162.9,0,modelled
nisc001:2290305,nisc001:2290312,Burwood Rd at Cindi Cl,Burwood Rd opp Cindi Cl,other,other,21.4,26.8,21.4,0,0,0,21.4,0,modelled
nisc001:2290305,nisc001:2290437,Burwood Rd at Cindi Cl,Seacourt Ave at Burwood Rd,other,other,47.0,58.8,47.0,0,0,0,47.0,0,modelled
nisc001:2290307,nisc001:2290310,Burwood Rd opp Burwood Colliery Bowling Club,"Burwood Colliery Bowling Club, Burwood Rd",other,other,67.5,84.4,67.5,0,1,22,89.5,0,modelled
nisc001:2290308,nisc001:2290309,Burwood Rd at Glenrock CL,Burwood Rd opp Glenrock Cl,other,other,51.3,64.2,51.3,0,0,0,51.3,0,modelled
nisc001:2290312,nisc001:2290437,Burwood Rd opp Cindi Cl,Seacourt Ave at Burwood Rd,other,other,49.4,61.7,49.4,0,0,0,49.4,0,modelled
nisc001:2290313,nisc001:2290381,Burwood Rd opp Hudson St,Burwood Rd opp Norley St,other,other,124.4,155.5,124.4,0,1,22,146.4,0,modelled
nisc001:2290316,nisc001:2290380,Dudley Rd at Yaringa Pl,Dudley Rd at Yaringa Pl,other,other,20.6,25.7,20.6,0,0,0,20.6,0,modelled
nisc001:2290317,nisc001:2290379,Ocean St before John St,Ocean St opp John St,other,other,31.3,39.1,31.3,0,0,0,31.3,0,modelled
nisc001:2290318,nisc001:2290328,Ocean St opp Redhead Rd,Ocean St at Redhead Rd,other,other,19.2,24.0,19.2,0,0,0,19.2,0,modelled
nisc001:2290319,nisc001:2290327,Ocean St at Durfold St,Ocean St opp Durfold St,other,other,18.1,22.6,18.1,0,0,0,18.1,0,modelled
nisc001:2290320,nisc001:2290326,Ocean St opp Frank Watkins Memorial Park,"Frank Watkins Memorial Park, Ocean St",other,other,18.4,23.0,18.4,0,0,0,18.4,0,modelled
nisc001:2290321,nisc001:2290325,Ocean St before Bombala St,Ocean St opp Bombala St,other,other,32.7,40.8,32.7,0,0,0,32.7,0,modelled
nisc001:2290322,nisc001:2290324,Ocean St at Albury St,Ocean St opp Albury St,other,other,19.1,23.9,19.1,0,0,0,19.1,0,modelled
nisc001:2290324,nisc001:2290325,Ocean St opp Albury St,Ocean St opp Bombala St,other,other,149.3,186.6,149.3,0,1,22,171.3,0,modelled
nisc001:2290329,nisc001:2290440,Rose St at Elizabeth St,Rose St at Thomas St,other,other,34.1,42.6,34.1,0,0,0,34.1,0,modelled
nisc001:2290329,nisc001:2290476,Rose St at Elizabeth St,Railway St at Rose St,other,other,139.2,174.0,139.2,0,1,22,161.2,0,modelled
nisc001:2290330,nisc001:2290390,Elizabeth St at Foxdale Ave,Elizabeth St opp Foxdale Ave,other,other,24.3,30.4,24.3,0,0,0,24.3,0,modelled
nisc001:2290334,nisc001:2290378,53 Red Head Rd,Red Head Rd opp 53,other,other,38.7,48.4,38.7,0,0,0,38.7,0,modelled
nisc001:2290335,nisc001:2290488,Wakal St at Keal St,Dudley St at Hallam St,other,other,72.8,91.1,72.8,0,1,22,94.8,0,modelled
nisc001:2290335,nisc001:2290489,Wakal St at Keal St,Dudley Rd before Wakal St,other,other,63.3,79.1,63.3,0,1,22,85.3,0,modelled
nisc001:2290336,nisc001:2290375,Red Head Rd opp Redhead Gardens,"Redhead Gardens, Red Head Rd",other,other,24.2,30.2,24.2,0,0,0,24.2,0,modelled
nisc001:2290337,nisc001:2290341,Cowlishaw St at Allard St,Allard St opp Cowlishaw St,other,other,40.4,50.5,40.4,0,0,0,40.4,0,modelled
nisc001:2290337,nisc001:2290347,Cowlishaw St at Allard St,Cowlishaw St at Allard St,other,other,25.5,31.9,25.5,0,0,0,25.5,0,modelled
nisc001:2290341,nisc001:2290347,Allard St opp Cowlishaw St,Cowlishaw St at Allard St,other,other,63.3,79.1,63.3,0,1,22,85.3,0,modelled
nisc001:2290342,nisc001:2290346,Allard St opp Burns St,Allard St at Beach Rd,other,other,30.4,38.0,30.4,0,0,0,30.4,0,modelled
nisc001:2290343,nisc001:2290345,Hanly St at Murrays Lane,Cowlishaw St at Bennett St,other,other,141.3,176.6,141.3,0,1,22,163.3,0,modelled
nisc001:2290344,nisc001:2290345,Jesmond St after Collier St,Cowlishaw St at Bennett St,other,other,124.7,155.8,124.7,0,1,22,146.7,0,modelled
nisc001:2290348,nisc001:2290352,"Redhead Bowling Club, Cowlishaw St",Collier St at Hutchinson St,other,other,144.5,180.6,144.5,0,1,22,166.5,0,modelled
nisc001:2290348,nisc001:2290355,"Redhead Bowling Club, Cowlishaw St",Cowlishaw St opp Redhead Bowling Club,other,other,75.4,94.2,75.4,0,1,22,97.4,0,modelled
nisc001:2290349,nisc001:2290353,Cowlishaw St opp Cowlishaw Street Shops,Collier St opp Geraldton Dr,other,other,128.5,160.6,128.5,0,1,22,150.5,0,modelled
nisc001:2290349,nisc001:2290354,Cowlishaw St opp Cowlishaw Street Shops,"Cowlishaw Street Shops, Cowlishaw St",other,other,44.3,55.3,44.3,0,0,0,44.3,0,modelled
nisc001:2290351,nisc001:2290352,Collier St opp Hutchinson St,Collier St at Hutchinson St,other,other,81.1,101.4,81.1,0,1,22,103.1,0,modelled
nisc001:2290351,nisc001:2290353,Collier St opp Hutchinson St,Collier St opp Geraldton Dr,other,other,103.8,129.8,103.8,0,1,22,125.8,0,modelled
nisc001:2290353,nisc001:2290354,Collier St opp Geraldton Dr,"Cowlishaw Street Shops, Cowlishaw St",other,other,104.6,130.7,104.6,0,1,22,126.6,0,modelled
nisc001:2290357,nisc001:2290362,Kallaroo Rd opp Seasands Dr,Kallaroo Rd after Seasands Dr,other,other,33.8,42.3,33.8,0,0,0,33.8,0,modelled
nisc001:2290358,nisc001:2290361,31 Kalaroo Rd,Kalaroo Rd opp 31,other,other,122.6,153.2,122.6,0,1,22,144.6,0,modelled
nisc001:2290359,nisc001:2290360,81 Kalaroo Rd,Kalaroo Rd opp 81,other,other,32.3,40.4,32.3,0,0,0,32.3,0,modelled
nisc001:2290363,nisc001:2290373,Brown St at Barnes Lane,Brown St at Barnes Lane,other,other,20.1,25.2,20.1,0,0,0,20.1,0,modelled
nisc001:2290364,nisc001:2290371,Brown Rd at Woods St,Brown St at Hutchinson St,other,other,143.4,179.3,143.4,0,1,22,165.4,0,modelled
nisc001:2290364,nisc001:2290372,Brown Rd at Woods St,Brown Rd at Woods St,other,other,21.3,26.6,21.3,0,0,0,21.3,0,modelled
nisc001:2290365,nisc001:2290367,Brown St at Hutchinson St,Beach Rd at Hutchinson St,other,other,130.0,162.5,130.0,0,1,22,152.0,0,modelled
nisc001:2290365,nisc001:2290370,Brown St at Hutchinson St,Beach Rd at Hutchinson St,other,other,111.4,139.3,111.4,0,1,22,133.4,0,modelled
nisc001:2290365,nisc001:2290371,Brown St at Hutchinson St,Brown St at Hutchinson St,other,other,29.5,36.8,29.5,0,0,0,29.5,0,modelled
nisc001:2290366,nisc001:2290367,"Redhead Public School, Hutchinson St",Beach Rd at Hutchinson St,other,other,78.0,97.5,78.0,0,1,22,100.0,0,modelled
nisc001:2290366,nisc001:2290370,"Redhead Public School, Hutchinson St",Beach Rd at Hutchinson St,other,other,91.0,113.7,91.0,0,1,22,113.0,0,modelled
nisc001:2290367,nisc001:2290368,Beach Rd at Hutchinson St,Beach Rd before Steel St,other,other,120.4,150.5,120.4,0,1,22,142.4,0,modelled
nisc001:2290367,nisc001:2290369,Beach Rd at Hutchinson St,Beach Rd after Steel St,other,other,140.8,176.0,140.8,0,1,22,162.8,0,modelled
nisc001:2290367,nisc001:2290370,Beach Rd at Hutchinson St,Beach Rd at Hutchinson St,other,other,18.8,23.5,18.8,0,0,0,18.8,0,modelled
nisc001:2290368,nisc001:2290369,Beach Rd before Steel St,Beach Rd after Steel St,other,other,26.4,33.0,26.4,0,0,0,26.4,0,modelled
nisc001:2290368,nisc001:2290370,Beach Rd before Steel St,Beach Rd at Hutchinson St,other,other,126.8,158.5,126.8,0,1,22,148.8,0,modelled
nisc001:2290369,nisc001:2290370,Beach Rd after Steel St,Beach Rd at Hutchinson St,other,other,144.7,180.9,144.7,0,1,22,166.7,0,modelled
nisc001:2290370,nisc001:2290371,Beach Rd at Hutchinson St,Brown St at Hutchinson St,other,other,138.4,173.0,138.4,0,1,22,160.4,0,modelled
nisc001:2290382,nisc001:2290389,Violet Town Rd opp 101,101 Violet Town Rd,other,other,27.7,34.6,27.7,0,0,0,27.7,0,modelled
nisc001:2290383,nisc001:2290388,Violet Town Rd before Burton Rd,Violet Town Rd opp Burton Rd,other,other,66.2,82.7,66.2,0,1,22,88.2,0,modelled
nisc001:2290385,nisc001:2290386,Violet Town Rd at John St,Violet Town Rd opp Regent St,other,other,50.2,62.8,50.2,0,0,0,50.2,0,modelled
nisc001:2290391,nisc001:229071,Tennent Rd at Warners Bay Rd,Tennent Rd at Helen St,other,other,30.9,38.7,30.9,0,0,0,30.9,0,modelled
nisc001:2290392,nisc001:2290393,Tennent Rd after Melody Lane,Tennent Rd opp Melody Lane,other,other,25.5,31.9,25.5,0,0,0,25.5,0,modelled
nisc001:2290394,nisc001:2290395,Tennent Rd opp Melroy Dr,Tennent Rd after Melroy Dr,other,other,43.9,54.9,43.9,0,0,0,43.9,0,modelled
nisc001:2290394,nisc001:2290397,Tennent Rd opp Melroy Dr,Tennent Rd after Blue Gum Ct,other,other,133.6,167.1,133.6,0,1,22,155.6,0,modelled
nisc001:2290396,nisc001:2290397,Tennent Rd opp Blue Gum Ct,Tennent Rd after Blue Gum Ct,other,other,62.6,78.2,62.6,0,1,22,84.6,0,modelled
nisc001:2290427,nisc001:2290439,Bula St opp Central Charlestown Leagues Club,"Central Charlestown Leagues Club, Bula St",other,other,19.9,24.8,19.9,0,0,0,19.9,0,modelled
nisc001:2290430,nisc001:2290435,James St at Wakal St,James St after Wakal St,other,other,23.4,29.3,23.4,0,0,0,23.4,0,modelled
nisc001:2290431,nisc001:229087,"Charlestown Swim Centre, Dickinson St","Seventh-day Adventist Church, Dickinson St",other,other,19.2,24.0,19.2,0,0,0,19.2,0,modelled
nisc001:2290433,nisc001:2290434,James St opp Charlestown Multi Purpose Centre,"Charlestown Multi Purpose Centre, James St",other,other,22.7,28.4,22.7,0,0,0,22.7,0,modelled
nisc001:2290440,nisc001:2290476,Rose St at Thomas St,Railway St at Rose St,other,other,114.4,143.0,114.4,0,1,22,136.4,0,modelled
nisc001:2290440,nisc001:2290477,Rose St at Thomas St,Railway St opp Rose St,other,other,128.2,160.3,128.2,0,1,22,150.2,0,modelled
nisc001:2290476,nisc001:2290477,Railway St at Rose St,Railway St opp Rose St,other,other,15.1,18.8,15.1,0,0,0,15.1,0,modelled
nisc001:2290480,nisc001:229051,"St Paul's Church, Felton St",Pacific Hwy at Oxford St,other,other,116.3,145.4,116.3,0,1,22,138.3,0,modelled
nisc001:2290488,nisc001:2290489,Dudley St at Hallam St,Dudley Rd before Wakal St,other,other,45.5,56.8,45.5,0,0,0,45.5,0,modelled
nisc001:2290490,nisc001:229062,"Charlestown Square, Pearson St, Stand A",Pacific Hwy at Charlestown Rd,other,other,144.4,180.5,144.4,0,1,22,166.4,0,modelled
nisc001:2290490,nisc001:2290491,"Charlestown Square, Pearson St, Stand A","Charlestown Square, Pearson St, Stand B",other,other,40.9,51.1,40.9,0,0,0,40.9,0,modelled
nisc001:2290491,nisc001:229056,"Charlestown Square, Pearson St, Stand B",Pacific Hwy before Smart St,other,other,143.9,179.9,143.9,0,1,22,165.9,0,modelled
nisc001:2290492,nisc001:2290493,"Charlestown Square, Frederick St, Stand D","Charlestown Square, Frederick St, Stand C",other,other,47.6,59.5,47.6,0,0,0,47.6,0,modelled
nisc001:2290492,nisc001:2290502,"Charlestown Square, Frederick St, Stand D","Charlestown Square, Pearson St, Stand F",other,other,99.6,124.5,99.6,0,1,22,121.6,0,modelled
nisc001:2290493,nisc001:2290502,"Charlestown Square, Frederick St, Stand C","Charlestown Square, Pearson St, Stand F",other,other,52.0,65.0,52.0,0,0,0,52.0,0,modelled
nisc001:2290501,nisc001:229062,"Charlestown Branch Library, Ridley St",Pacific Hwy at Charlestown Rd,other,other,127.8,159.8,127.8,0,1,22,149.8,0,modelled
nisc001:2290501,nisc001:229082,"Charlestown Branch Library, Ridley St",Smart St at Smith St,other,other,137.6,172.0,137.6,0,1,22,159.6,0,modelled
nisc001:2290503,nisc001:2290505,Albert St opp James St,James St at Henry Pl,other,other,115.8,144.7,115.8,0,1,22,137.8,0,modelled
nisc001:2290504,nisc001:2290505,Victoria Rd at James St,James St at Henry Pl,other,other,130.8,163.4,130.8,0,1,22,152.8,0,modelled
nisc001:2291100,nisc001:229199,"Jefferson Park, Frederick St",Frederick St opp Jefferson Park,other,other,40.7,50.8,40.7,0,0,0,40.7,0,modelled
nisc001:2291103,nisc001:2291109,Scenic Dr opp Charlotte St,Scenic Dr at Charlotte St,other,other,27.7,34.6,27.7,0,0,0,27.7,0,modelled
nisc001:2291104,nisc001:2291108,Scenic Dr opp Woodward St,Scenic Dr at Woodward St,other,other,25.1,31.3,25.1,0,0,0,25.1,0,modelled
nisc001:2291105,nisc001:229138,Scenic Dr opp Toorak Ct,Sun Hill Dr after Cedar Cres,other,other,100.8,126.0,100.8,0,1,22,122.8,0,modelled
nisc001:2291105,nisc001:229150,Scenic Dr opp Toorak Ct,Sun Hill Dr before Ashford Pde,other,other,126.7,158.4,126.7,0,1,22,148.7,0,modelled
nisc001:2291105,nisc001:2291106,Scenic Dr opp Toorak Ct,"Merewether Heights Public School, Scenic Dr",other,other,83.0,103.8,83.0,0,1,22,105.0,0,modelled
nisc001:2291110,nisc001:229197,Lloyd St at Scenic Dr,Pell St at Curry St,other,other,139.5,174.3,139.5,0,1,22,161.5,0,modelled
nisc001:2291110,nisc001:229198,Lloyd St at Scenic Dr,Lloyd St at Curry St,other,other,41.1,51.4,41.1,0,0,0,41.1,0,modelled
nisc001:2291111,nisc001:229196,Pell St after Curry St,"Holy Family Primary School, Pell St",other,other,72.9,91.1,72.9,0,1,22,94.9,0,modelled
nisc001:2291111,nisc001:229197,Pell St after Curry St,Pell St at Curry St,other,other,48.2,60.2,48.2,0,0,0,48.2,0,modelled
nisc001:2291111,nisc001:2291112,Pell St after Curry St,Pell St opp Holy Family Primary School,other,other,146.5,183.1,146.5,0,1,22,168.5,0,modelled
nisc001:2291112,nisc001:229194,Pell St opp Holy Family Primary School,Ridge St opp Holy Family Primary School,other,other,76.2,95.2,76.2,0,1,22,98.2,0,modelled
nisc001:2291112,nisc001:229195,Pell St opp Holy Family Primary School,"Holy Family Primary School, Ridge St",other,other,61.0,76.2,61.0,0,1,22,83.0,0,modelled
nisc001:2291112,nisc001:229196,Pell St opp Holy Family Primary School,"Holy Family Primary School, Pell St",other,other,80.2,100.2,80.2,0,1,22,102.2,0,modelled
nisc001:2291113,nisc001:2291143,Watkins St opp Carpenter Court Aged Care Plus Centre,"Carpenter Court Aged Care Plus Centre, Watkins St",other,other,18.4,23.0,18.4,0,0,0,18.4,0,modelled
nisc001:2291115,nisc001:2291119,Watkins St at Helen St,Watkins St before Berner St,other,other,101.3,126.6,101.3,0,1,22,123.3,0,modelled
nisc001:2291116,nisc001:2291117,Watkins St opp The Junction Public School,"The Junction Public School, Watkins St",other,other,22.5,28.1,22.5,0,0,0,22.5,0,modelled
nisc001:2291116,nisc001:2291127,Watkins St opp The Junction Public School,Patrick St opp Frederick St,other,other,140.9,176.1,140.9,0,1,22,162.9,0,modelled
nisc001:2291117,nisc001:229184,"The Junction Public School, Watkins St",Union St opp Merewether St,other,other,149.4,186.8,149.4,0,1,22,171.4,0,modelled
nisc001:2291117,nisc001:2291127,"The Junction Public School, Watkins St",Patrick St opp Frederick St,other,other,120.3,150.4,120.3,0,1,22,142.3,0,modelled
nisc001:2291117,nisc001:2291131,"The Junction Public School, Watkins St",Patrick St after Frederick St,other,other,133.0,166.3,133.0,0,1,22,155.0,0,modelled
nisc001:2291123,nisc001:229172,Ridge St at Mitchell St,Ridge St after Mitchell St,other,other,66.5,83.2,66.5,0,1,22,88.5,0,modelled
nisc001:2291123,nisc001:229192,Ridge St at Mitchell St,Ridge St at Mitchell St,other,other,56.0,70.0,56.0,0,0,0,56.0,0,modelled
nisc001:2291123,nisc001:229193,Ridge St at Mitchell St,Ridge St at Mitchell St,other,other,23.8,29.7,23.8,0,0,0,23.8,0,modelled
nisc001:2291124,nisc001:2291135,Mitchell St at Llewellyn St,Mitchell St at Park St,other,other,23.8,29.8,23.8,0,0,0,23.8,0,modelled
nisc001:2291126,nisc001:2291132,"Mitchell Park, Mitchell St",Mitchell St at Barr St,other,other,65.7,82.2,65.7,0,1,22,87.7,0,modelled
nisc001:2291127,nisc001:229184,Patrick St opp Frederick St,Union St opp Merewether St,other,other,81.4,101.8,81.4,0,1,22,103.4,0,modelled
nisc001:2291127,nisc001:229185,Patrick St opp Frederick St,Union St at Merewether St,other,other,101.8,127.3,101.8,0,1,22,123.8,0,modelled
nisc001:2291127,nisc001:2291131,Patrick St opp Frederick St,Patrick St after Frederick St,other,other,17.1,21.4,17.1,0,0,0,17.1,0,modelled
nisc001:2291128,nisc001:2291130,Patrick St opp Burwood St,Patrick St at Burwood St,other,other,45.5,56.9,45.5,0,0,0,45.5,0,modelled
nisc001:2291129,nisc001:230062,Patrick St opp Kilgour Ave,Darby St at Bar Beach Ave,other,other,96.6,120.7,96.6,0,1,22,118.6,0,modelled
nisc001:2291129,nisc001:2291130,Patrick St opp Kilgour Ave,Patrick St at Burwood St,other,other,124.9,156.1,124.9,0,1,22,146.9,0,modelled
nisc001:2291131,nisc001:229184,Patrick St after Frederick St,Union St opp Merewether St,other,other,93.6,117.0,93.6,0,1,22,115.6,0,modelled
nisc001:2291131,nisc001:229185,Patrick St after Frederick St,Union St at Merewether St,other,other,114.8,143.5,114.8,0,1,22,136.8,0,modelled
nisc001:2291135,nisc001:229192,Mitchell St at Park St,Ridge St at Mitchell St,other,other,148.9,186.2,148.9,0,1,22,170.9,0,modelled
nisc001:2291135,nisc001:229193,Mitchell St at Park St,Ridge St at Mitchell St,other,other,147.4,184.3,147.4,0,1,22,169.4,0,modelled
nisc001:2291144,nisc001:229157,"Rowlands Park, Railway St","Junction Fair, Glebe Rd",other,other,83.9,104.8,83.9,0,1,22,105.9,0,modelled
nisc001:2291144,nisc001:229163,"Rowlands Park, Railway St",Glebe Rd opp Junction Fair,other,other,62.6,78.3,62.6,0,1,22,84.6,0,modelled
nisc001:2291144,nisc001:229181,"Rowlands Park, Railway St",Union St opp The Junction Public School,other,other,60.3,75.4,60.3,0,1,22,82.3,0,modelled
nisc001:2291144,nisc001:229182,"Rowlands Park, Railway St","The Junction Public School, Union St",other,other,51.8,64.8,51.8,0,0,0,51.8,0,modelled
nisc001:2291144,nisc001:229183,"Rowlands Park, Railway St",Railway St opp Rowlands Park,other,other,17.8,22.2,17.8,0,0,0,17.8,0,modelled
nisc001:2291144,nisc001:229185,"Rowlands Park, Railway St",Union St at Merewether St,other,other,143.0,178.7,143.0,0,1,22,165.0,0,modelled
nisc001:2291145,nisc001:229127,City Rd before Alice St,Alice St opp Wilton St,other,other,82.7,103.3,82.7,0,1,22,104.7,0,modelled
nisc001:2291145,nisc001:229128,City Rd before Alice St,Alice St at Wilton St,other,other,77.6,97.0,77.6,0,1,22,99.6,0,modelled
nisc001:2291147,nisc001:2291148,Llewellyn St opp St Augustines Anglican Church,"Fire & Rescue NSW Fire Station, Llewellyn St",other,other,45.3,56.6,45.3,0,0,0,45.3,0,modelled
nisc001:2291153,nisc001:2291154,Glebe Rd opp Merewether Uniting Church,"Merewether Uniting Church, Glebe Rd",other,other,46.6,58.2,46.6,0,0,0,46.6,0,modelled
nisc001:2298102,nisc001:229817,Turton Rd at Kahibah Rd,Turton Rd opp Crescent Rd,other,other,144.5,180.6,144.5,0,1,22,166.5,0,modelled
nisc001:2298103,nisc001:229834,Christo Rd at Turton Rd,Turton Rd before Christo Rd,other,other,91.4,114.2,91.4,0,1,22,113.4,0,modelled
nisc001:2298103,nisc001:229895,Christo Rd at Turton Rd,Christo Rd before Turton Rd,other,other,24.5,30.6,24.5,0,0,0,24.5,0,modelled
nisc001:2298104,nisc001:229894,Christo Rd opp Tinonee Gardens The Multicultural Village,"Tinonee Gardens The Multicultural Village, Christo Rd",other,other,20.0,25.0,20.0,0,0,0,20.0,0,modelled
nisc001:2298105,nisc001:229893,Christo Rd at Crescent Rd,Christo Rd at Crescent Rd,other,other,21.0,26.3,21.0,0,0,0,21.0,0,modelled
nisc001:2298106,nisc001:229864,"Newcastle Eye Hospital, Christo Rd",Lambton Rd opp Oxley Rd,other,other,107.1,133.8,107.1,0,1,22,129.1,0,modelled
nisc001:2298106,nisc001:229871,"Newcastle Eye Hospital, Christo Rd",Lambton Rd before Oxley Rd,other,other,82.2,102.8,82.2,0,1,22,104.2,0,modelled
nisc001:2298106,nisc001:229892,"Newcastle Eye Hospital, Christo Rd",Christo Rd opp Newcastle Eye Hospital,other,other,15.5,19.4,15.5,0,0,0,15.5,0,modelled
nisc001:2298112,nisc001:229867,Morpeth Rd opp Branxton Rd,Morpeth Rd at Branxton St,other,other,19.0,23.8,19.0,0,0,0,19.0,0,modelled
nisc001:2298114,nisc001:229827,Coolamin Rd opp Waratah Public School,"Waratah Public School, Bridge St",other,other,83.7,104.7,83.7,0,1,22,105.7,0,modelled
nisc001:2298114,nisc001:229873,Coolamin Rd opp Waratah Public School,Lambton Rd at Coolamin Rd,other,other,32.4,40.5,32.4,0,0,0,32.4,0,modelled
nisc001:2298115,nisc001:2298118,"Callaghan College Waratah Technology Campus, Young St","Callaghan College, Turton Rd",other,other,143.2,179.0,143.2,0,1,22,165.2,0,modelled
nisc001:2298116,nisc001:229832,St Phillip's College before Bridge St,Bridge St at Myall Rd,other,other,85.6,107.0,85.6,0,1,22,107.6,0,modelled
nisc001:2298116,nisc001:229850,St Phillip's College before Bridge St,Bridge St after Station St,other,other,93.3,116.7,93.3,0,1,22,115.3,0,modelled
nisc001:2298116,nisc001:2298117,St Phillip's College before Bridge St,Myall Rd after Edith St,other,other,145.1,181.3,145.1,0,1,22,167.1,0,modelled
nisc001:2298116,regionbuses:2298116,St Phillip's College before Bridge St,St Phillip's College before Bridge St,other,other,0.0,0.0,0.0,0,0,0,0.0,0,modelled
nisc001:2298117,nisc001:229832,Myall Rd after Edith St,Bridge St at Myall Rd,other,other,59.5,74.4,59.5,0,0,0,59.5,0,modelled
nisc001:2298117,nisc001:229833,Myall Rd after Edith St,Bridge St opp Smart St,other,other,127.6,159.5,127.6,0,1,22,149.6,0,modelled
nisc001:2298117,regionbuses:2298116,Myall Rd after Edith St,St Phillip's College before Bridge St,other,other,145.1,181.3,145.1,0,1,22,167.1,0,modelled
nisc001:2298118,nisc001:229824,"Callaghan College, Turton Rd",Georgetown Rd at Coolamin Rd,other,other,139.2,174.0,139.2,0,1,22,161.2,0,modelled
nisc001:2298118,nisc001:229844,"Callaghan College, Turton Rd",Georgetown Rd opp Coolamin Rd,other,other,122.6,153.3,122.6,0,1,22,144.6,0,modelled
nisc001:2298118,nisc001:229845,"Callaghan College, Turton Rd",Turton Rd opp Callaghan College,other,other,100.4,125.5,100.4,0,1,22,122.4,0,modelled
nisc001:2298118,nisc001:229853,"Callaghan College, Turton Rd",Turton Rd before Georgetown Rd,other,other,84.8,105.9,84.8,0,1,22,106.8,0,modelled
nisc001:2299100,nisc001:229980,Croudace St at Mitchell Ave,Florida Ave at Mitchell Ave,other,other,92.0,115.0,92.0,0,1,22,114.0,0,modelled
nisc001:2299100,nisc001:229986,Croudace St at Mitchell Ave,Florida Ave before Mitchell Ave,other,other,112.3,140.3,112.3,0,1,22,134.3,0,modelled
nisc001:2299100,nisc001:230550,Croudace St at Mitchell Ave,Mitchell Ave at Florida Ave,other,other,103.9,129.9,103.9,0,1,22,125.9,0,modelled
nisc001:2299100,nisc001:2299101,Croudace St at Mitchell Ave,Croudace St opp Turner St,other,other,134.4,168.0,134.4,0,1,22,156.4,0,modelled
nisc001:2299101,nisc001:229980,Croudace St opp Turner St,Florida Ave at Mitchell Ave,other,other,116.8,146.1,116.8,0,1,22,138.8,0,modelled
nisc001:2299101,nisc001:229986,Croudace St opp Turner St,Florida Ave before Mitchell Ave,other,other,127.5,159.4,127.5,0,1,22,149.5,0,modelled
nisc001:2299102,nisc001:229999,Croudace St at Chilcott St,Croudace St after Chilcott St,other,other,21.3,26.6,21.3,0,0,0,21.3,0,modelled
nisc001:2299103,nisc001:229995,Croudace St at Armstrong St,Croudace St opp Armstrong St,other,other,22.2,27.8,22.2,0,0,0,22.2,0,modelled
nisc001:2299104,nisc001:229994,"Lambton Public School, Croudace St",Croudace St opp Lambton Public School,other,other,43.1,53.9,43.1,0,0,0,43.1,0,modelled
nisc001:2299106,nisc001:229954,Newcastle Rd at Albert St,Newcastle Rd at Arthur St,other,other,129.5,161.9,129.5,0,1,22,151.5,0,modelled
nisc001:2299106,nisc001:229955,Newcastle Rd at Albert St,Newcastle Rd at Albert St,other,other,92.0,115.0,92.0,0,1,22,114.0,0,modelled
nisc001:2299120,nisc001:2299121,Orlando Rd opp Johnson Park,"Johnson Park, Orlando Rd",other,other,17.8,22.3,17.8,0,0,0,17.8,0,modelled
nisc001:2299122,nisc001:229965,Newcastle Rd after Lloyd Rd,Griffiths Rd at Verulam Rd,other,other,107.8,134.7,107.8,0,1,22,129.8,0,modelled
nisc001:2299123,nisc001:229923,Newcastle Rd at Morehead St,Newcastle Rd at Nerong Rd,other,other,102.2,127.8,102.2,0,1,22,124.2,0,modelled
nisc001:2299123,nisc001:229963,Newcastle Rd at Morehead St,Newcastle Rd after Grainger St,other,other,80.4,100.6,80.4,0,1,22,102.4,0,modelled
nisc001:2299123,nisc001:2299124,Newcastle Rd at Morehead St,Newcastle Rd at Grainger St,other,other,147.1,183.9,147.1,0,1,22,169.1,0,modelled
nisc001:2299124,nisc001:229922,Newcastle Rd at Grainger St,Newcastle Rd opp St John the Evangelist Catholic Church,other,other,134.2,167.8,134.2,0,1,22,156.2,0,modelled
nisc001:2299124,nisc001:229963,Newcastle Rd at Grainger St,Newcastle Rd after Grainger St,other,other,73.6,92.0,73.6,0,1,22,95.6,0,modelled
nisc001:2299128,nisc001:229987,Hobart Rd at Durham Rd,Hobart Rd at Durham Rd,other,other,57.2,71.4,57.2,0,0,0,57.2,0,modelled
nisc001:2299133,nisc001:229987,Railway Rd opp Astbury St,Hobart Rd at Durham Rd,other,other,146.8,183.5,146.8,0,1,22,168.8,0,modelled
nisc001:2299134,nisc001:229922,Dent St opp High St,Newcastle Rd opp St John the Evangelist Catholic Church,other,other,113.0,141.3,113.0,0,1,22,135.0,0,modelled
nisc001:2299134,nisc001:229960,Dent St opp High St,Hill St after Dent St,other,other,98.6,123.3,98.6,0,1,22,120.6,0,modelled
nisc001:2299134,nisc001:229961,Dent St opp High St,Hill St at Dent St,other,other,113.5,141.8,113.5,0,1,22,135.5,0,modelled
nisc001:2300100,nisc001:2300102,Wharf Rd opp Queens Wharf,Queens Wharf,other,ferry,84.3,105.3,84.3,0,1,22,106.3,0,modelled
nisc001:2300100,nisc001:2300114,Wharf Rd opp Queens Wharf,"Queens Wharf, Wharf Rd",other,other,55.7,69.7,55.7,0,0,0,55.7,0,modelled
nisc001:2300101,nisc001:230078,Light St at Tooke St,Fenton Ave at Light St,other,other,107.0,133.7,107.0,0,1,22,129.0,0,modelled
nisc001:2300101,nisc001:230079,Light St at Tooke St,Light St at Tooke St,other,other,26.2,32.7,26.2,0,0,0,26.2,0,modelled
nisc001:2300101,nisc001:230080,Light St at Tooke St,Fenton Ave at Light St,other,other,137.3,171.6,137.3,0,1,22,159.3,0,modelled
nisc001:2300102,nisc001:230040,Queens Wharf,King St at Perkins St,ferry,other,272.2,340.2,272.2,0,1,22,294.2,0,modelled
nisc001:2300102,nisc001:230042,Queens Wharf,King St at Perkins St,ferry,other,288.7,360.8,288.7,0,1,22,310.7,0,modelled
nisc001:2300102,nisc001:230098,Queens Wharf,Wharf Rd opp Argyle St,ferry,other,395.8,494.7,395.8,0,1,22,417.8,0,modelled
nisc001:2300102,nisc001:2300114,Queens Wharf,"Queens Wharf, Wharf Rd",ferry,other,58.4,73.0,58.4,0,0,0,58.4,0,modelled
nisc001:2300106,nisc001:2300109,Honeysuckle Dr opp 36,36 Honeysuckle Dr,other,other,20.8,26.0,20.8,0,0,0,20.8,0,modelled
nisc001:2300109,nisc001:230226,36 Honeysuckle Dr,Hunter St after Bellevue St,other,other,132.7,165.8,132.7,0,1,22,154.7,0,modelled
nisc001:2300140,nisc001:230043,Scott St after Zara St,Parnell Pl opp Alfred St,other,other,97.6,121.9,97.6,0,1,22,119.6,0,modelled
nisc001:2303100,nisc001:230399,Stewart Ave opp Hebburn St,Stewart Ave at Hebburn St,other,other,29.0,36.3,29.0,0,0,0,29.0,0,modelled
nisc001:2303101,nisc001:230398,Stewart Ave opp Dumaresq St,Stewart Ave at Dumaresq St,other,other,44.1,55.2,44.1,0,0,0,44.1,0,modelled
nisc001:2303102,nisc001:2303121,"Hamilton South Public School, Stewart Ave",Stewart Ave at Alexander St,other,other,124.7,155.8,124.7,0,1,22,146.7,0,modelled
nisc001:2303103,nisc001:230385,Glebe Rd opp Merewether Public School,Fowler St before Hassall St,other,other,146.2,182.8,146.2,0,1,22,168.2,0,modelled
nisc001:2303103,nisc001:2303110,Glebe Rd opp Merewether Public School,Glebe Rd opp Neill Tce,other,other,56.0,70.0,56.0,0,0,0,56.0,0,modelled
nisc001:2303104,nisc001:230383,Glebe Rd opp Henry St,Fowler St at Beaumont St,other,other,145.1,181.4,145.1,0,1,22,167.1,0,modelled
nisc001:2303104,nisc001:230384,Glebe Rd opp Henry St,Fowler St after Beaumont St,other,other,128.5,160.6,128.5,0,1,22,150.5,0,modelled
nisc001:2303104,nisc001:2303109,Glebe Rd opp Henry St,Glebe Rd at Henry St,other,other,48.2,60.2,48.2,0,0,0,48.2,0,modelled
nisc001:2303105,nisc001:2303108,Glebe Rd opp Edward St,Glebe Rd at Edward St,other,other,23.6,29.5,23.6,0,0,0,23.6,0,modelled
nisc001:2303106,nisc001:2303107,Glebe Rd at Gordon Ave,Glebe Rd after City Rd,other,other,34.8,43.5,34.8,0,0,0,34.8,0,modelled
nisc001:2303109,nisc001:230384,Glebe Rd at Henry St,Fowler St after Beaumont St,other,other,145.3,181.6,145.3,0,1,22,167.3,0,modelled
nisc001:2303110,nisc001:230385,Glebe Rd opp Neill Tce,Fowler St before Hassall St,other,other,144.5,180.6,144.5,0,1,22,166.5,0,modelled
nisc001:2303111,nisc001:2303112,Glebe Rd at James St,Glebe Rd opp James St,other,other,60.3,75.4,60.3,0,1,22,82.3,0,modelled
nisc001:2303113,nisc001:2303114,Glebe Rd at Fellowes St,Glebe Rd at Chatham St,other,other,14.8,18.5,14.8,0,0,0,14.8,0,modelled
nisc001:2303124,nisc001:230346,Donald St at Bennett St,Donald St at Beaumont St,other,other,80.0,100.0,80.0,0,1,22,102.0,0,modelled
nisc001:2303124,nisc001:230351,Donald St at Bennett St,Beaumont St at Donald St,other,other,133.2,166.5,133.2,0,1,22,155.2,0,modelled
nisc001:2303124,nisc001:2303136,Donald St at Bennett St,"Hamilton Station, Beaumont St, Stand C",other,other,137.3,171.7,137.3,0,1,22,159.3,0,modelled
nisc001:2303124,sydneytrains:2303151,Donald St at Bennett St,Hamilton Station Platform 1,other,heavy_rail,202.2,252.7,202.2,0,1,22,224.2,0,modelled
nisc001:2303124,sydneytrains:2303152,Donald St at Bennett St,Hamilton Station Platform 2,other,heavy_rail,205.6,257.0,205.6,0,1,22,227.6,0,modelled
nisc001:2303125,nisc001:2303126,Donald St opp Lawson St,Donald St before Lawson St,other,other,34.3,42.9,34.3,0,0,0,34.3,0,modelled
nisc001:2303125,sydneytrains:2303151,Donald St opp Lawson St,Hamilton Station Platform 1,other,heavy_rail,251.0,313.7,251.0,0,1,22,273.0,0,modelled
nisc001:2303125,sydneytrains:2303152,Donald St opp Lawson St,Hamilton Station Platform 2,other,heavy_rail,277.1,346.4,277.1,0,1,22,299.1,0,modelled
nisc001:2303126,sydneytrains:2303151,Donald St before Lawson St,Hamilton Station Platform 1,other,heavy_rail,281.6,352.1,281.6,0,1,22,303.6,0,modelled
nisc001:2303126,sydneytrains:2303152,Donald St before Lawson St,Hamilton Station Platform 2,other,heavy_rail,308.2,385.2,308.2,0,1,22,330.2,0,modelled
nisc001:2303136,nisc001:230346,"Hamilton Station, Beaumont St, Stand C",Donald St at Beaumont St,other,other,111.3,139.1,111.3,0,1,22,133.3,0,modelled
nisc001:2303136,nisc001:230351,"Hamilton Station, Beaumont St, Stand C",Beaumont St at Donald St,other,other,134.6,168.3,134.6,0,1,22,156.6,0,modelled
nisc001:2303136,nisc001:2303140,"Hamilton Station, Beaumont St, Stand C",Beaumont St opp Hamilton Station,other,other,60.2,75.2,60.2,0,1,22,82.2,0,modelled
nisc001:2303136,sydneytrains:2303151,"Hamilton Station, Beaumont St, Stand C",Hamilton Station Platform 1,other,heavy_rail,66.0,82.5,66.0,0,1,22,88.0,0,modelled
nisc001:2303136,sydneytrains:2303152,"Hamilton Station, Beaumont St, Stand C",Hamilton Station Platform 2,other,heavy_rail,76.7,95.9,76.7,0,1,22,98.7,0,modelled
nisc001:2303136,nswtrains:2303152,"Hamilton Station, Beaumont St, Stand C",Hamilton Station Platform 2,other,other,76.7,95.9,76.7,0,1,22,98.7,0,modelled
nisc001:2303136,nswtrains:2303151,"Hamilton Station, Beaumont St, Stand C",Hamilton Station Platform 1,other,other,66.0,82.5,66.0,0,1,22,88.0,0,modelled
nisc001:2303137,nisc001:230345,Beaumont St at Cleary St,Beaumont St at Lindsay St,other,other,106.8,133.5,106.8,0,1,22,128.8,0,modelled
nisc001:2303137,nisc001:230351,Beaumont St at Cleary St,Beaumont St at Donald St,other,other,118.8,148.5,118.8,0,1,22,140.8,0,modelled
nisc001:2303137,nisc001:2303139,Beaumont St at Cleary St,Beaumont St at Cleary St,other,other,22.9,28.7,22.9,0,0,0,22.9,0,modelled
nisc001:2303137,sydneytrains:2303151,Beaumont St at Cleary St,Hamilton Station Platform 1,other,heavy_rail,304.1,380.2,304.1,0,1,22,326.1,0,modelled
nisc001:2303137,sydneytrains:2303152,Beaumont St at Cleary St,Hamilton Station Platform 2,other,heavy_rail,325.0,406.3,325.0,0,1,22,347.0,0,modelled
nisc001:2303138,nisc001:230344,Beaumont St opp Wesley Uniting Church,Beaumont St at Tudor St,other,other,149.8,187.3,149.8,0,1,22,171.8,0,modelled
nisc001:2303138,nisc001:230354,Beaumont St opp Wesley Uniting Church,Beaumont St at Tudor St,other,other,73.2,91.6,73.2,0,1,22,95.2,0,modelled
nisc001:2303139,nisc001:230345,Beaumont St at Cleary St,Beaumont St at Lindsay St,other,other,124.0,155.1,124.0,0,1,22,146.0,0,modelled
nisc001:2303139,nisc001:230346,Beaumont St at Cleary St,Donald St at Beaumont St,other,other,134.3,167.9,134.3,0,1,22,156.3,0,modelled
nisc001:2303139,nisc001:230351,Beaumont St at Cleary St,Beaumont St at Donald St,other,other,101.7,127.1,101.7,0,1,22,123.7,0,modelled
nisc001:2303139,sydneytrains:2303151,Beaumont St at Cleary St,Hamilton Station Platform 1,other,heavy_rail,288.4,360.5,288.4,0,1,22,310.4,0,modelled
nisc001:2303139,sydneytrains:2303152,Beaumont St at Cleary St,Hamilton Station Platform 2,other,heavy_rail,308.3,385.4,308.3,0,1,22,330.3,0,modelled
nisc001:2303140,sydneytrains:2303151,Beaumont St opp Hamilton Station,Hamilton Station Platform 1,other,heavy_rail,59.5,74.3,59.5,0,0,0,59.5,0,modelled
nisc001:2303140,sydneytrains:2303152,Beaumont St opp Hamilton Station,Hamilton Station Platform 2,other,heavy_rail,44.6,55.8,44.6,0,0,0,44.6,0,modelled
nisc001:2303140,nswtrains:2303152,Beaumont St opp Hamilton Station,Hamilton Station Platform 2,other,other,44.6,55.8,44.6,0,0,0,44.6,0,modelled
nisc001:2303140,nswtrains:2303151,Beaumont St opp Hamilton Station,Hamilton Station Platform 1,other,other,59.5,74.3,59.5,0,0,0,59.5,0,modelled
nisc001:2303141,nisc001:2303143,"St Francis Xavier's College, Parkway Ave",Parkway Ave at Everton St,other,other,77.5,96.9,77.5,0,1,22,99.5,0,modelled
nisc001:2303141,regionbuses:2303141,"St Francis Xavier's College, Parkway Ave","St Francis Xavier's College, Parkway Ave",other,other,0.0,0.0,0.0,0,0,0,0.0,0,modelled
nisc001:2303143,regionbuses:2303141,Parkway Ave at Everton St,"St Francis Xavier's College, Parkway Ave",other,other,77.5,96.9,77.5,0,1,22,99.5,0,modelled
nisc001:2304100,nisc001:230490,"Warabrook Shopping Centre, Angophora Dr",Warabrook Bvd before Casuarina Cct,other,other,138.2,172.7,138.2,0,1,22,160.2,0,modelled
nisc001:2304100,nisc001:230496,"Warabrook Shopping Centre, Angophora Dr",Angophora Dr opp Warabrook Shopping Centre,other,other,72.6,90.7,72.6,0,1,22,94.6,0,modelled
nisc001:2304100,nisc001:2304101,"Warabrook Shopping Centre, Angophora Dr",Warabrook Bvd after Angophora Dr,other,other,121.9,152.3,121.9,0,1,22,143.9,0,modelled
nisc001:2304101,nisc001:230490,Warabrook Bvd after Angophora Dr,Warabrook Bvd before Casuarina Cct,other,other,20.3,25.3,20.3,0,0,0,20.3,0,modelled
nisc001:2304101,nisc001:230492,Warabrook Bvd after Angophora Dr,"BaptistCare Warabrook Centre, Casuarina Cct",other,other,111.1,138.8,111.1,0,1,22,133.1,0,modelled
nisc001:2304114,nisc001:2304116,Purdue Ave opp Thornton Ave,"Stevenson Park, Stevenson Ave",other,other,124.8,156.0,124.8,0,1,22,146.8,0,modelled
nisc001:2304115,nisc001:2304116,Stevenson Ave opp Stevenson Park,"Stevenson Park, Stevenson Ave",other,other,47.9,59.9,47.9,0,0,0,47.9,0,modelled
nisc001:2304118,nisc001:2304121,Norris Ave opp Travers Ave,Norris Ave at Travers Ave,other,other,18.0,22.5,18.0,0,0,0,18.0,0,modelled
nisc001:2304119,nisc001:2304120,Norris Ave at Buruda St,"Mayfield West Bowling Club, Buruda St",other,other,63.5,79.4,63.5,0,1,22,85.5,0,modelled
nisc001:2304119,nisc001:2304135,Norris Ave at Buruda St,Werribi St at Buruda St,other,other,128.9,161.1,128.9,0,1,22,150.9,0,modelled
nisc001:2304120,nisc001:2304122,"Mayfield West Bowling Club, Buruda St",Maitland Rd at Norris Ave,other,other,133.5,166.9,133.5,0,1,22,155.5,0,modelled
nisc001:2304120,nisc001:2304135,"Mayfield West Bowling Club, Buruda St",Werribi St at Buruda St,other,other,66.9,83.6,66.9,0,1,22,88.9,0,modelled
nisc001:2304120,nisc001:2304271,"Mayfield West Bowling Club, Buruda St",Werribi St East at Werribi St,other,other,119.7,149.7,119.7,0,1,22,141.7,0,modelled
nisc001:2304122,nisc001:230464,Maitland Rd at Norris Ave,Maitland Rd after Carandotta St,other,other,136.0,170.0,136.0,0,1,22,158.0,0,modelled
nisc001:2304130,nisc001:2304144,Barton St at Charles St,Barton St at Charles St,other,other,41.1,51.3,41.1,0,0,0,41.1,0,modelled
nisc001:2304131,nisc001:2304142,Barton St at Bull St,Bull St at Barton St,other,other,30.7,38.3,30.7,0,0,0,30.7,0,modelled
nisc001:2304131,nisc001:2304143,Barton St at Bull St,"Hunter Christian School, Bull St",other,other,125.4,156.7,125.4,0,1,22,147.4,0,modelled
nisc001:2304131,regionbuses:2304143,Barton St at Bull St,"Hunter Christian School, Bull St",other,other,125.4,156.7,125.4,0,1,22,147.4,0,modelled
nisc001:2304132,nisc001:2304141,Bull St at Woodstock St,Bull St before Woodstock St,other,other,39.3,49.1,39.3,0,0,0,39.3,0,modelled
nisc001:2304133,nisc001:2304137,Gregson Ave after Tourle St,"Mayfield West Public School, Gregson Ave",other,other,104.1,130.2,104.1,0,1,22,126.1,0,modelled
nisc001:2304133,nisc001:2304138,Gregson Ave after Tourle St,Gregson Ave at Tourle St,other,other,22.0,27.5,22.0,0,0,0,22.0,0,modelled
nisc001:2304133,regionbuses:2304137,Gregson Ave after Tourle St,"Mayfield West Public School, Gregson Ave",other,other,104.1,130.2,104.1,0,1,22,126.1,0,modelled
nisc001:2304134,nisc001:2304136,Gregson Ave opp Mayfield West Public School,Gregson Ave opp Werribi St,other,other,57.4,71.8,57.4,0,0,0,57.4,0,modelled
nisc001:2304134,nisc001:2304137,Gregson Ave opp Mayfield West Public School,"Mayfield West Public School, Gregson Ave",other,other,68.5,85.6,68.5,0,1,22,90.5,0,modelled
nisc001:2304134,nisc001:2304271,Gregson Ave opp Mayfield West Public School,Werribi St East at Werribi St,other,other,138.0,172.5,138.0,0,1,22,160.0,0,modelled
nisc001:2304134,regionbuses:2304137,Gregson Ave opp Mayfield West Public School,"Mayfield West Public School, Gregson Ave",other,other,68.5,85.6,68.5,0,1,22,90.5,0,modelled
nisc001:2304135,nisc001:230473,Werribi St at Buruda St,Maitland Rd after Werribi St,other,other,145.0,181.3,145.0,0,1,22,167.0,0,modelled
nisc001:2304135,nisc001:2304271,Werribi St at Buruda St,Werribi St East at Werribi St,other,other,79.3,99.1,79.3,0,1,22,101.3,0,modelled
nisc001:2304136,nisc001:2304137,Gregson Ave opp Werribi St,"Mayfield West Public School, Gregson Ave",other,other,119.3,149.1,119.3,0,1,22,141.3,0,modelled
nisc001:2304136,nisc001:2304271,Gregson Ave opp Werribi St,Werribi St East at Werribi St,other,other,110.6,138.3,110.6,0,1,22,132.6,0,modelled
nisc001:2304136,regionbuses:2304137,Gregson Ave opp Werribi St,"Mayfield West Public School, Gregson Ave",other,other,119.3,149.1,119.3,0,1,22,141.3,0,modelled
nisc001:2304137,nisc001:2304138,"Mayfield West Public School, Gregson Ave",Gregson Ave at Tourle St,other,other,105.6,132.0,105.6,0,1,22,127.6,0,modelled
nisc001:2304137,regionbuses:2304137,"Mayfield West Public School, Gregson Ave","Mayfield West Public School, Gregson Ave",other,other,0.0,0.0,0.0,0,0,0,0.0,0,modelled
nisc001:2304138,regionbuses:2304137,Gregson Ave at Tourle St,"Mayfield West Public School, Gregson Ave",other,other,105.6,132.0,105.6,0,1,22,127.6,0,modelled
nisc001:2304139,nisc001:2304140,Tourle St at Abel St,Tourle St at Buruda St,other,other,45.5,56.9,45.5,0,0,0,45.5,0,modelled
nisc001:2304140,nisc001:230461,Tourle St at Buruda St,Maitland Rd at Frith St,other,other,147.4,184.2,147.4,0,1,22,169.4,0,modelled
nisc001:2304140,nisc001:230475,Tourle St at Buruda St,Maitland Rd at Tourle St,other,other,140.5,175.6,140.5,0,1,22,162.5,0,modelled
nisc001:2304142,nisc001:2304143,Bull St at Barton St,"Hunter Christian School, Bull St",other,other,132.0,165.0,132.0,0,1,22,154.0,0,modelled
nisc001:2304142,regionbuses:2304143,Bull St at Barton St,"Hunter Christian School, Bull St",other,other,132.0,165.0,132.0,0,1,22,154.0,0,modelled
nisc001:2304143,regionbuses:2304143,"Hunter Christian School, Bull St","Hunter Christian School, Bull St",other,other,0.0,0.0,0.0,0,0,0,0.0,0,modelled
nisc001:2304145,nisc001:230448,Barton St at Crebert St,Barton St at Crebert St,other,other,39.2,49.0,39.2,0,0,0,39.2,0,modelled
nisc001:2304147,nisc001:230417,"Mayfield Library, Hanbury St",Maitland Rd at Hanbury St,other,other,61.5,76.9,61.5,0,1,22,83.5,0,modelled
nisc001:2304147,nisc001:230447,"Mayfield Library, Hanbury St",Barton St at Maitland Rd,other,other,135.3,169.1,135.3,0,1,22,157.3,0,modelled
nisc001:2304147,nisc001:230469,"Mayfield Library, Hanbury St",Barton St at Maitland Rd,other,other,104.1,130.1,104.1,0,1,22,126.1,0,modelled
nisc001:2304147,nisc001:2304233,"Mayfield Library, Hanbury St",Maitland Rd before Hanbury St,other,other,85.3,106.7,85.3,0,1,22,107.3,0,modelled
nisc001:2304147,nisc001:2304264,"Mayfield Library, Hanbury St",Hanbury St opp Mayfield Library,other,other,18.4,23.0,18.4,0,0,0,18.4,0,modelled
nisc001:2304150,nisc001:2304155,Crebert St opp Section St,Church St at Crebert St,other,other,139.1,173.9,139.1,0,1,22,161.1,0,modelled
nisc001:2304150,nisc001:2304260,Crebert St opp Section St,Crebert St at Section St,other,other,56.7,70.8,56.7,0,0,0,56.7,0,modelled
nisc001:2304151,nisc001:2304154,"St Columban's Catholic Church, Church St",Church St opp St Columban's Catholic Church,other,other,24.5,30.6,24.5,0,0,0,24.5,0,modelled
nisc001:2304152,nisc001:230432,Church St at Croydon St,Maitland Rd at Church St,other,other,119.6,149.5,119.6,0,1,22,141.6,0,modelled
nisc001:2304152,nisc001:2304153,Church St at Croydon St,Church St at Dora St,other,other,51.7,64.6,51.7,0,0,0,51.7,0,modelled
nisc001:2304154,nisc001:2304267,Church St opp St Columban's Catholic Church,Church St at Crebert St,other,other,142.2,177.8,142.2,0,1,22,164.2,0,modelled
nisc001:2304155,nisc001:2304267,Church St at Crebert St,Church St at Crebert St,other,other,32.6,40.8,32.6,0,0,0,32.6,0,modelled
nisc001:2304161,nisc001:2304176,Crebert St opp Fawcett St,Crebert St before Fawcett St,other,other,28.0,35.0,28.0,0,0,0,28.0,0,modelled
nisc001:2304162,nisc001:2304175,"Catholic Care Social Services Hunter-Manning, Crebert St",Ingall St opp Bell Pl,other,other,101.1,126.4,101.1,0,1,22,123.1,0,modelled
nisc001:2304162,nisc001:2304176,"Catholic Care Social Services Hunter-Manning, Crebert St",Crebert St before Fawcett St,other,other,134.8,168.6,134.8,0,1,22,156.8,0,modelled
nisc001:2304162,nisc001:2304254,"Catholic Care Social Services Hunter-Manning, Crebert St",Ingall St opp Mayfield East Public School,other,other,89.5,111.8,89.5,0,1,22,111.5,0,modelled
nisc001:2304162,nisc001:2304257,"Catholic Care Social Services Hunter-Manning, Crebert St","Mayfield East Public School, Ingall St",other,other,93.2,116.6,93.2,0,1,22,115.2,0,modelled
nisc001:2304162,regionbuses:2304257,"Catholic Care Social Services Hunter-Manning, Crebert St","Mayfield East Public School, Ingall St",other,other,93.2,116.6,93.2,0,1,22,115.2,0,modelled
nisc001:2304163,nisc001:2304174,Ingall St opp Hann St,Ingall St at Hann St,other,other,36.2,45.3,36.2,0,0,0,36.2,0,modelled
nisc001:2304164,nisc001:2304173,George St after Holt St,George St at Holt St,other,other,34.8,43.5,34.8,0,0,0,34.8,0,modelled
nisc001:2304165,nisc001:2304172,George St opp Smith St,George St at Smith St,other,other,19.2,24.0,19.2,0,0,0,19.2,0,modelled
nisc001:2304175,nisc001:2304254,Ingall St opp Bell Pl,Ingall St opp Mayfield East Public School,other,other,137.1,171.4,137.1,0,1,22,159.1,0,modelled
nisc001:2304175,nisc001:2304257,Ingall St opp Bell Pl,"Mayfield East Public School, Ingall St",other,other,117.3,146.6,117.3,0,1,22,139.3,0,modelled
nisc001:2304175,nisc001:2304263,Ingall St opp Bell Pl,"Mayfield East Public School, Crebert St",other,other,143.0,178.8,143.0,0,1,22,165.0,0,modelled
nisc001:2304175,nisc001:2304265,Ingall St opp Bell Pl,Crebert St opp Mayfield East Public School,other,other,133.5,166.9,133.5,0,1,22,155.5,0,modelled
nisc001:2304175,regionbuses:2304257,Ingall St opp Bell Pl,"Mayfield East Public School, Ingall St",other,other,117.3,146.6,117.3,0,1,22,139.3,0,modelled
nisc001:2304191,nisc001:2304195,Macquarie Rd at Fitzroy St,Macquarie Rd opp Fitzroy St,other,other,20.6,25.8,20.6,0,0,0,20.6,0,modelled
nisc001:2304191,sydneytrains:2304311,Macquarie Rd at Fitzroy St,Waratah Station Platform 1,other,heavy_rail,311.9,389.9,311.9,0,1,22,333.9,0,modelled
nisc001:2304191,sydneytrains:2304312,Macquarie Rd at Fitzroy St,Waratah Station Platform 2,other,heavy_rail,321.5,401.9,321.5,0,1,22,343.5,0,modelled
nisc001:2304192,nisc001:2304194,Baker St opp Diggers Newcastle City,"Diggers Newcastle City, Baker St",other,other,22.8,28.6,22.8,0,0,0,22.8,0,modelled
nisc001:2304193,nisc001:2304233,Waratah St at Hanbury St,Maitland Rd before Hanbury St,other,other,115.1,143.8,115.1,0,1,22,137.1,0,modelled
nisc001:2304195,sydneytrains:2304311,Macquarie Rd opp Fitzroy St,Waratah Station Platform 1,other,heavy_rail,293.6,367.0,293.6,0,1,22,315.6,0,modelled
nisc001:2304195,sydneytrains:2304312,Macquarie Rd opp Fitzroy St,Waratah Station Platform 2,other,heavy_rail,303.4,379.2,303.4,0,1,22,325.4,0,modelled
nisc001:2304200,nisc001:2304201,Wilson St at Waratah St,"Christ the King Church, Wilson St",other,other,63.5,79.4,63.5,0,1,22,85.5,0,modelled
nisc001:2304201,nisc001:230460,"Christ the King Church, Wilson St",Maitland Rd opp Gamack St,other,other,123.2,154.0,123.2,0,1,22,145.2,0,modelled
nisc001:2304201,nisc001:230476,"Christ the King Church, Wilson St",Maitland Rd at Gamack St,other,other,121.6,152.0,121.6,0,1,22,143.6,0,modelled
nisc001:2304202,nisc001:2304203,Fitzroy St opp Gavey St,Fitzroy St opp Gavey St,other,other,56.9,71.2,56.9,0,0,0,56.9,0,modelled
nisc001:2304208,nisc001:2304221,Watson St at Braye St,Watson St before Braye St,other,other,22.0,27.5,22.0,0,0,0,22.0,0,modelled
nisc001:2304208,sydneytrains:2304311,Watson St at Braye St,Waratah Station Platform 1,other,heavy_rail,246.5,308.1,246.5,0,1,22,268.5,0,modelled
nisc001:2304208,sydneytrains:2304312,Watson St at Braye St,Waratah Station Platform 2,other,heavy_rail,250.7,313.4,250.7,0,1,22,272.7,0,modelled
nisc001:2304209,nisc001:2304220,Scholey St after Rawson St,Scholey St at Rawson St,other,other,28.0,35.0,28.0,0,0,0,28.0,0,modelled
nisc001:2304210,nisc001:2304219,Scholey St at Hart St,Scholey St opp Hart St,other,other,19.0,23.7,19.0,0,0,0,19.0,0,modelled
nisc001:2304211,nisc001:2304218,Scholey St at Nelson St,Scholey St opp Nelson St,other,other,23.3,29.1,23.3,0,0,0,23.3,0,modelled
nisc001:2304212,nisc001:2304217,Nelson St at Murray Sq,Nelson St opp Murray Sq,other,other,21.2,26.6,21.2,0,0,0,21.2,0,modelled
nisc001:2304212,nisc001:2304258,Nelson St at Murray Sq,Nevill St opp Nelson St,other,other,122.0,152.5,122.0,0,1,22,144.0,0,modelled
nisc001:2304212,nisc001:2304259,Nelson St at Murray Sq,Nevill St opp Nile St,other,other,108.2,135.2,108.2,0,1,22,130.2,0,modelled
nisc001:2304213,nisc001:2304216,Silsoe St opp Ackeron St,Silsoe St at Ackeron St,other,other,18.5,23.1,18.5,0,0,0,18.5,0,modelled
nisc001:2304214,nisc001:230434,Silsoe St at Maitland Rd,Maitland Rd at Carrington St,other,other,49.9,62.3,49.9,0,0,0,49.9,0,modelled
nisc001:2304214,nisc001:230437,Silsoe St at Maitland Rd,Maitland Rd at Silsoe St,other,other,30.8,38.5,30.8,0,0,0,30.8,0,modelled
nisc001:2304214,nisc001:2304215,Silsoe St at Maitland Rd,Silsoe St after Maitland Rd,other,other,22.7,28.4,22.7,0,0,0,22.7,0,modelled
nisc001:2304215,nisc001:230434,Silsoe St after Maitland Rd,Maitland Rd at Carrington St,other,other,72.5,90.7,72.5,0,1,22,94.5,0,modelled
nisc001:2304215,nisc001:230437,Silsoe St after Maitland Rd,Maitland Rd at Silsoe St,other,other,53.4,66.7,53.4,0,0,0,53.4,0,modelled
nisc001:2304217,nisc001:2304258,Nelson St opp Murray Sq,Nevill St opp Nelson St,other,other,133.6,167.0,133.6,0,1,22,155.6,0,modelled
nisc001:2304217,nisc001:2304259,Nelson St opp Murray Sq,Nevill St opp Nile St,other,other,126.1,157.6,126.1,0,1,22,148.1,0,modelled
nisc001:2304221,sydneytrains:2304311,Watson St before Braye St,Waratah Station Platform 1,other,heavy_rail,239.5,299.4,239.5,0,1,22,261.5,0,modelled
nisc001:2304221,sydneytrains:2304312,Watson St before Braye St,Waratah Station Platform 2,other,heavy_rail,242.8,303.5,242.8,0,1,22,264.8,0,modelled
nisc001:2304223,nisc001:230449,Hanbury St opp St Johns Presbyterian Church,"St Johns Presbyterian Church, Hanbury St",other,other,17.9,22.4,17.9,0,0,0,17.9,0,modelled
nisc001:2304223,sydneytrains:2304311,Hanbury St opp St Johns Presbyterian Church,Waratah Station Platform 1,other,heavy_rail,307.8,384.7,307.8,0,1,22,329.8,0,modelled
nisc001:2304223,sydneytrains:2304312,Hanbury St opp St Johns Presbyterian Church,Waratah Station Platform 2,other,heavy_rail,319.2,399.0,319.2,0,1,22,341.2,0,modelled
nisc001:2304230,nisc001:2304232,Maud St opp Vickers St,Maud St at Vickers St,other,other,29.1,36.3,29.1,0,0,0,29.1,0,modelled
nisc001:2304233,nisc001:2304264,Maitland Rd before Hanbury St,Hanbury St opp Mayfield Library,other,other,77.1,96.4,77.1,0,1,22,99.1,0,modelled
nisc001:2304253,nisc001:2304256,Nile St at Villiers St,Nile St at Villiers St,other,other,30.1,37.6,30.1,0,0,0,30.1,0,modelled
nisc001:2304254,nisc001:2304257,Ingall St opp Mayfield East Public School,"Mayfield East Public School, Ingall St",other,other,28.4,35.5,28.4,0,0,0,28.4,0,modelled
nisc001:2304254,nisc001:2304263,Ingall St opp Mayfield East Public School,"Mayfield East Public School, Crebert St",other,other,138.0,172.5,138.0,0,1,22,160.0,0,modelled
nisc001:2304254,nisc001:2304265,Ingall St opp Mayfield East Public School,Crebert St opp Mayfield East Public School,other,other,146.6,183.2,146.6,0,1,22,168.6,0,modelled
nisc001:2304254,regionbuses:2304257,Ingall St opp Mayfield East Public School,"Mayfield East Public School, Ingall St",other,other,28.4,35.5,28.4,0,0,0,28.4,0,modelled
nisc001:2304255,nisc001:230429,Vine St opp Wye St,Vine St at Wye St,other,other,64.3,80.4,64.3,0,1,22,86.3,0,modelled
nisc001:2304256,nisc001:230439,Nile St at Villiers St,Maitland Rd opp Church St,other,other,143.9,179.9,143.9,0,1,22,165.9,0,modelled
nisc001:2304257,nisc001:2304263,"Mayfield East Public School, Ingall St","Mayfield East Public School, Crebert St",other,other,112.1,140.1,112.1,0,1,22,134.1,0,modelled
nisc001:2304257,nisc001:2304265,"Mayfield East Public School, Ingall St",Crebert St opp Mayfield East Public School,other,other,119.3,149.2,119.3,0,1,22,141.3,0,modelled
nisc001:2304257,regionbuses:2304257,"Mayfield East Public School, Ingall St","Mayfield East Public School, Ingall St",other,other,0.0,0.0,0.0,0,0,0,0.0,0,modelled
nisc001:2304258,nisc001:2304259,Nevill St opp Nelson St,Nevill St opp Nile St,other,other,52.8,66.0,52.8,0,0,0,52.8,0,modelled
nisc001:2304261,nisc001:230461,Frith St at Maitland Rd,Maitland Rd at Frith St,other,other,35.3,44.2,35.3,0,0,0,35.3,0,modelled
nisc001:2304261,nisc001:230475,Frith St at Maitland Rd,Maitland Rd at Tourle St,other,other,74.0,92.5,74.0,0,1,22,96.0,0,modelled
nisc001:2304263,nisc001:2304265,"Mayfield East Public School, Crebert St",Crebert St opp Mayfield East Public School,other,other,18.5,23.1,18.5,0,0,0,18.5,0,modelled
nisc001:2304263,regionbuses:2304257,"Mayfield East Public School, Crebert St","Mayfield East Public School, Ingall St",other,other,112.1,140.1,112.1,0,1,22,134.1,0,modelled
nisc001:2304264,nisc001:230469,Hanbury St opp Mayfield Library,Barton St at Maitland Rd,other,other,122.3,152.9,122.3,0,1,22,144.3,0,modelled
nisc001:2304265,regionbuses:2304257,Crebert St opp Mayfield East Public School,"Mayfield East Public School, Ingall St",other,other,119.3,149.2,119.3,0,1,22,141.3,0,modelled
nisc001:2304267,nisc001:2304270,Church St at Crebert St,"San Clemente High School, Crebert St",other,other,148.9,186.1,148.9,0,1,22,170.9,0,modelled
nisc001:2304267,regionbuses:2304270,Church St at Crebert St,"San Clemente High School, Crebert St",other,other,148.9,186.1,148.9,0,1,22,170.9,0,modelled
nisc001:2304269,nisc001:230429,Vine St after Industrial Dr,Vine St at Wye St,other,other,130.7,163.4,130.7,0,1,22,152.7,0,modelled
nisc001:2304270,regionbuses:2304270,"San Clemente High School, Crebert St","San Clemente High School, Crebert St",other,other,0.0,0.0,0.0,0,0,0,0.0,0,modelled
nisc001:2304272,nisc001:230499,Angophora Dr at Bakeri Cct,Angophora Dr opp Olearia Cres,other,other,148.1,185.2,148.1,0,1,22,170.1,0,modelled
nisc001:2304273,nisc001:2304274,Wallsend Rd opp Sandgate Cemetery,"Sandgate Cemetery, Wallsend Rd",other,other,83.5,104.4,83.5,0,1,22,105.5,0,modelled
nisc001:2304273,sydneytrains:2304291,Wallsend Rd opp Sandgate Cemetery,Sandgate Station Platform 1,other,heavy_rail,328.7,410.8,328.7,0,1,22,350.7,0,modelled
nisc001:2304273,sydneytrains:2304292,Wallsend Rd opp Sandgate Cemetery,Sandgate Station Platform 2,other,heavy_rail,337.3,421.7,337.3,0,1,22,359.3,0,modelled
nisc001:2304275,nisc001:2304276,449 Sandgate Rd,448 Sandgate Rd,other,other,24.6,30.7,24.6,0,0,0,24.6,0,modelled
nisc001:2304277,nisc001:230465,Maitland Rd opp Terry St,Terry St at Maitland Rd,other,other,127.9,159.8,127.9,0,1,22,149.9,0,modelled
nisc001:2304277,nisc001:230471,Maitland Rd opp Terry St,Maitland Rd after Terry St,other,other,36.2,45.2,36.2,0,0,0,36.2,0,modelled
nisc001:2304277,nisc001:230497,Maitland Rd opp Terry St,Angophora Dr opp Viola Way,other,other,144.4,180.6,144.4,0,1,22,166.4,0,modelled
nisc001:2305100,nisc001:2305131,Portland Pl at Cromwell St,Portland Pl at Regent St,other,other,34.9,43.7,34.9,0,0,0,34.9,0,modelled
nisc001:2305101,nisc001:2305102,Portland Pl at Royal St,"St Therese's Catholic Church, Victoria St",other,other,133.9,167.3,133.9,0,1,22,155.9,0,modelled
nisc001:2305101,nisc001:2305106,Portland Pl at Royal St,Royal St opp Portland Pl,other,other,29.8,37.2,29.8,0,0,0,29.8,0,modelled
nisc001:2305101,nisc001:2305130,Portland Pl at Royal St,Royal St at Portland Pl,other,other,32.6,40.8,32.6,0,0,0,32.6,0,modelled
nisc001:2305102,nisc001:2305105,"St Therese's Catholic Church, Victoria St",Victoria St at Burke St,other,other,136.5,170.6,136.5,0,1,22,158.5,0,modelled
nisc001:2305102,nisc001:2305106,"St Therese's Catholic Church, Victoria St",Royal St opp Portland Pl,other,other,111.7,139.7,111.7,0,1,22,133.7,0,modelled
nisc001:2305104,nisc001:230517,Victoria St at Bridges Rd,Bridges Rd at Sketchley Pde,other,other,122.6,153.2,122.6,0,1,22,144.6,0,modelled
nisc001:2305104,nisc001:2305141,Victoria St at Bridges Rd,"Bill Curry Park, Bridges Rd",other,other,107.5,134.3,107.5,0,1,22,129.5,0,modelled
nisc001:2305106,nisc001:2305130,Royal St opp Portland Pl,Royal St at Portland Pl,other,other,45.3,56.7,45.3,0,0,0,45.3,0,modelled
nisc001:2305108,nisc001:2305157,Grandview Rd opp Clepham St,Grandview Rd before Clepham St,other,other,32.5,40.6,32.5,0,0,0,32.5,0,modelled
nisc001:2305108,nisc001:2305158,Grandview Rd opp Clepham St,Holly Cct opp Eskdale Cl,other,other,114.6,143.3,114.6,0,1,22,136.6,0,modelled
nisc001:2305109,nisc001:2305129,Royal St opp St James Rd,Royal St at St James Rd,other,other,23.9,29.8,23.9,0,0,0,23.9,0,modelled
nisc001:2305109,nisc001:2305177,Royal St opp St James Rd,St James Rd after Bridges Rd,other,other,144.9,181.1,144.9,0,1,22,166.9,0,modelled
nisc001:2305110,nisc001:230518,St James Rd before Bridges Rd,Bridges Rd before St James Rd,other,other,59.3,74.1,59.3,0,0,0,59.3,0,modelled
nisc001:2305110,nisc001:2305127,St James Rd before Bridges Rd,Bridges Rd at Queens Rd,other,other,142.3,177.8,142.3,0,1,22,164.3,0,modelled
nisc001:2305110,nisc001:2305177,St James Rd before Bridges Rd,St James Rd after Bridges Rd,other,other,33.2,41.5,33.2,0,0,0,33.2,0,modelled
nisc001:2305111,nisc001:2305112,St James Rd opp New Lambton South Public School,Mackie Ave at St James Rd,other,other,146.4,183.0,146.4,0,1,22,168.4,0,modelled
nisc001:2305111,nisc001:2305122,St James Rd opp New Lambton South Public School,"New Lambton South Public School, Fairfield Ave",other,other,98.9,123.7,98.9,0,1,22,120.9,0,modelled
nisc001:2305111,nisc001:2305123,St James Rd opp New Lambton South Public School,"New Lambton South Public School, St James Rd",other,other,45.5,56.9,45.5,0,0,0,45.5,0,modelled
nisc001:2305111,nisc001:2305176,St James Rd opp New Lambton South Public School,Fairfield Ave opp New Lambton South Public School,other,other,139.4,174.3,139.4,0,1,22,161.4,0,modelled
nisc001:2305111,sydneytrains:2289331,St James Rd opp New Lambton South Public School,Adamstown Station Platform 1,other,heavy_rail,358.1,447.6,358.1,0,1,22,380.1,0,modelled
nisc001:2305111,sydneytrains:2289332,St James Rd opp New Lambton South Public School,Adamstown Station Platform 2,other,heavy_rail,347.9,434.9,347.9,0,1,22,369.9,0,modelled
nisc001:2305112,nisc001:2305118,Mackie Ave at St James Rd,Mackie Ave at St James Rd,other,other,17.5,21.9,17.5,0,0,0,17.5,0,modelled
nisc001:2305112,nisc001:2305122,Mackie Ave at St James Rd,"New Lambton South Public School, Fairfield Ave",other,other,95.2,118.9,95.2,0,1,22,117.2,0,modelled
nisc001:2305112,nisc001:2305176,Mackie Ave at St James Rd,Fairfield Ave opp New Lambton South Public School,other,other,141.7,177.1,141.7,0,1,22,163.7,0,modelled
nisc001:2305112,sydneytrains:2289331,Mackie Ave at St James Rd,Adamstown Station Platform 1,other,heavy_rail,224.9,281.1,224.9,0,1,22,246.9,0,modelled
nisc001:2305112,sydneytrains:2289332,Mackie Ave at St James Rd,Adamstown Station Platform 2,other,heavy_rail,214.5,268.1,214.5,0,1,22,236.5,0,modelled
nisc001:2305113,nisc001:2305117,Mackie Ave at Warren Ave,Mackie Ave opp Warren Ave,other,other,17.5,21.8,17.5,0,0,0,17.5,0,modelled
nisc001:2305114,nisc001:2305115,Sketchley Pde at Meadow Rd,Sketchley Pde after Lille St,other,other,149.3,186.6,149.3,0,1,22,171.3,0,modelled
nisc001:2305114,nisc001:2305116,Sketchley Pde at Meadow Rd,Sketchley Pde at Jellicoe Pde,other,other,53.8,67.3,53.8,0,0,0,53.8,0,modelled
nisc001:2305115,nisc001:230517,Sketchley Pde after Lille St,Bridges Rd at Sketchley Pde,other,other,95.2,119.0,95.2,0,1,22,117.2,0,modelled
nisc001:2305115,nisc001:2305140,Sketchley Pde after Lille St,Bridges Rd opp Sketchley Pde,other,other,124.2,155.2,124.2,0,1,22,146.2,0,modelled
nisc001:2305118,nisc001:2305122,Mackie Ave at St James Rd,"New Lambton South Public School, Fairfield Ave",other,other,100.8,126.0,100.8,0,1,22,122.8,0,modelled
nisc001:2305118,nisc001:2305176,Mackie Ave at St James Rd,Fairfield Ave opp New Lambton South Public School,other,other,142.1,177.7,142.1,0,1,22,164.1,0,modelled
nisc001:2305118,sydneytrains:2289331,Mackie Ave at St James Rd,Adamstown Station Platform 1,other,heavy_rail,207.4,259.3,207.4,0,1,22,229.4,0,modelled
nisc001:2305118,sydneytrains:2289332,Mackie Ave at St James Rd,Adamstown Station Platform 2,other,heavy_rail,197.0,246.2,197.0,0,1,22,219.0,0,modelled
nisc001:2305119,nisc001:2305147,Kookaburra Cct at Byrne Hall Dr,Kookaburra Cct opp Byrne Hall Dr,other,other,44.5,55.6,44.5,0,0,0,44.5,0,modelled
nisc001:2305120,nisc001:2305121,Fairfield Ave opp Moonbi St,Fairfield Ave at Moonbi St,other,other,18.4,23.0,18.4,0,0,0,18.4,0,modelled
nisc001:2305120,sydneytrains:2289331,Fairfield Ave opp Moonbi St,Adamstown Station Platform 1,other,heavy_rail,374.8,468.4,374.8,0,1,22,396.8,0,modelled
nisc001:2305120,sydneytrains:2289332,Fairfield Ave opp Moonbi St,Adamstown Station Platform 2,other,heavy_rail,369.5,461.9,369.5,0,1,22,391.5,0,modelled
nisc001:2305121,sydneytrains:2289331,Fairfield Ave at Moonbi St,Adamstown Station Platform 1,other,heavy_rail,389.1,486.3,389.1,0,1,22,411.1,0,modelled
nisc001:2305121,sydneytrains:2289332,Fairfield Ave at Moonbi St,Adamstown Station Platform 2,other,heavy_rail,383.5,479.4,383.5,0,1,22,405.5,0,modelled
nisc001:2305122,nisc001:2305123,"New Lambton South Public School, Fairfield Ave","New Lambton South Public School, St James Rd",other,other,131.4,164.3,131.4,0,1,22,153.4,0,modelled
nisc001:2305122,nisc001:2305176,"New Lambton South Public School, Fairfield Ave",Fairfield Ave opp New Lambton South Public School,other,other,56.5,70.6,56.5,0,0,0,56.5,0,modelled
nisc001:2305122,sydneytrains:2289331,"New Lambton South Public School, Fairfield Ave",Adamstown Station Platform 1,other,heavy_rail,268.0,335.1,268.0,0,1,22,290.0,0,modelled
nisc001:2305122,sydneytrains:2289332,"New Lambton South Public School, Fairfield Ave",Adamstown Station Platform 2,other,heavy_rail,258.3,322.9,258.3,0,1,22,280.3,0,modelled
nisc001:2305123,sydneytrains:2289331,"New Lambton South Public School, St James Rd",Adamstown Station Platform 1,other,heavy_rail,397.4,496.7,397.4,0,1,22,419.4,0,modelled
nisc001:2305123,sydneytrains:2289332,"New Lambton South Public School, St James Rd",Adamstown Station Platform 2,other,heavy_rail,387.4,484.2,387.4,0,1,22,409.4,0,modelled
nisc001:2305127,nisc001:2305177,Bridges Rd at Queens Rd,St James Rd after Bridges Rd,other,other,149.7,187.2,149.7,0,1,22,171.7,0,modelled
nisc001:2305129,nisc001:2305177,Royal St at St James Rd,St James Rd after Bridges Rd,other,other,135.2,169.0,135.2,0,1,22,157.2,0,modelled
nisc001:2305131,nisc001:2305132,Portland Pl at Regent St,Portland Pl at Evescourt Rd,other,other,130.1,162.6,130.1,0,1,22,152.1,0,modelled
nisc001:2305132,nisc001:230594,Portland Pl at Evescourt Rd,Evescourt Rd at Portland Pl,other,other,26.9,33.6,26.9,0,0,0,26.9,0,modelled
nisc001:2305133,nisc001:230593,Evescourt Rd at St James Rd,Evescourt Rd at St James Rd,other,other,58.8,73.5,58.8,0,0,0,58.8,0,modelled
nisc001:2305134,nisc001:230592,Evescourt Rd at Queens Rd,Queens Rd at Evescourt Rd,other,other,29.6,37.0,29.6,0,0,0,29.6,0,modelled
nisc001:2305135,nisc001:230591,Queens Rd at Orchardtown Rd,Queens Rd at High St,other,other,39.0,48.7,39.0,0,0,0,39.0,0,modelled
nisc001:2305136,nisc001:230590,Orchardtown Rd at Jean St,Orchardtown Rd at Jean St,other,other,43.9,54.9,43.9,0,0,0,43.9,0,modelled
nisc001:2305137,nisc001:230589,Orchardtown Rd at Freyberg St,Orchardtown Rd opp Myra St,other,other,63.6,79.6,63.6,0,1,22,85.6,0,modelled
nisc001:2305138,nisc001:230586,Carnley Ave after Orchardtown Rd,Carnley Ave before Orchardtown Rd,other,other,59.2,74.0,59.2,0,0,0,59.2,0,modelled
nisc001:2305138,nisc001:230589,Carnley Ave after Orchardtown Rd,Orchardtown Rd opp Myra St,other,other,144.1,180.1,144.1,0,1,22,166.1,0,modelled
nisc001:2305139,nisc001:230585,Carnley Ave at Birdwood St,Carnley Ave at Birdwood St,other,other,27.7,34.6,27.7,0,0,0,27.7,0,modelled
nisc001:2305140,nisc001:230517,Bridges Rd opp Sketchley Pde,Bridges Rd at Sketchley Pde,other,other,68.7,85.9,68.7,0,1,22,90.7,0,modelled
nisc001:2305144,nisc001:230565,Lookout Rd after Curson Rd,Russell Rd after Croudace St,other,other,140.3,175.4,140.3,0,1,22,162.3,0,modelled
nisc001:2305148,nisc001:2305171,Lookout Rd opp McCaffrey Dr,Lookout Rd after McCaffrey Dr,other,other,84.1,105.1,84.1,0,1,22,106.1,0,modelled
nisc001:2305151,nisc001:2305152,Lookout Rd opp Grandview Rd,Grandview Rd after Lookout Rd,other,other,137.0,171.3,137.0,0,1,22,159.0,0,modelled
nisc001:2305151,nisc001:2305166,Lookout Rd opp Grandview Rd,Grandview Rd before Lookout Rd,other,other,109.9,137.4,109.9,0,1,22,131.9,0,modelled
nisc001:2305151,nisc001:2305169,Lookout Rd opp Grandview Rd,Lookout Rd at Grandview Rd,other,other,130.4,163.0,130.4,0,1,22,152.4,0,modelled
nisc001:2305152,nisc001:2305166,Grandview Rd after Lookout Rd,Grandview Rd before Lookout Rd,other,other,27.3,34.1,27.3,0,0,0,27.3,0,modelled
nisc001:2305152,nisc001:2305169,Grandview Rd after Lookout Rd,Lookout Rd at Grandview Rd,other,other,68.4,85.4,68.4,0,1,22,90.4,0,modelled
nisc001:2305153,nisc001:2305154,Grandview Rd at Marshall St,37 Grandview Rd,other,other,131.3,164.1,131.3,0,1,22,153.3,0,modelled
nisc001:2305153,nisc001:2305164,Grandview Rd at Marshall St,42 Grandview Rd,other,other,120.9,151.2,120.9,0,1,22,142.9,0,modelled
nisc001:2305153,nisc001:2305165,Grandview Rd at Marshall St,Grandview Rd opp Marshall St,other,other,23.6,29.6,23.6,0,0,0,23.6,0,modelled
nisc001:2305154,nisc001:2305164,37 Grandview Rd,42 Grandview Rd,other,other,26.6,33.2,26.6,0,0,0,26.6,0,modelled
nisc001:2305155,nisc001:2305163,Grandview Rd at Mountain View Pde,Grandview Rd opp Mountain View Pde,other,other,19.6,24.5,19.6,0,0,0,19.6,0,modelled
nisc001:2305156,nisc001:2305162,Grandview Rd opp Elbrook Dr,Grandview Rd before Elbrook Dr,other,other,21.8,27.2,21.8,0,0,0,21.8,0,modelled
nisc001:2305157,nisc001:2305158,Grandview Rd before Clepham St,Holly Cct opp Eskdale Cl,other,other,129.5,161.9,129.5,0,1,22,151.5,0,modelled
nisc001:2305157,nisc001:2305161,Grandview Rd before Clepham St,Walkern Rd at Bowness St,other,other,136.9,171.2,136.9,0,1,22,158.9,0,modelled
nisc001:2305164,nisc001:2305165,42 Grandview Rd,Grandview Rd opp Marshall St,other,other,140.1,175.1,140.1,0,1,22,162.1,0,modelled
nisc001:2305166,nisc001:2305169,Grandview Rd before Lookout Rd,Lookout Rd at Grandview Rd,other,other,66.6,83.3,66.6,0,1,22,88.6,0,modelled
nisc001:2305167,nisc001:2305168,Charlestown Rd at Hurn St,Charlestown Rd opp Carnley Ave,other,other,118.8,148.5,118.8,0,1,22,140.8,0,modelled
nisc001:2305174,nisc001:2305175,Cardiff Rd opp Beverley Cres,Cardiff Rd at Beverley Cres,other,other,38.0,47.5,38.0,0,0,0,38.0,0,modelled
nisc001:2305176,sydneytrains:2289331,Fairfield Ave opp New Lambton South Public School,Adamstown Station Platform 1,other,heavy_rail,267.3,334.1,267.3,0,1,22,289.3,0,modelled
nisc001:2305176,sydneytrains:2289332,Fairfield Ave opp New Lambton South Public School,Adamstown Station Platform 2,other,heavy_rail,258.6,323.2,258.6,0,1,22,280.6,0,modelled
nisc001:2305177,nisc001:230518,St James Rd after Bridges Rd,Bridges Rd before St James Rd,other,other,92.2,115.3,92.2,0,1,22,114.2,0,modelled
nisc001:2305178,nisc001:2305179,"Alder Park Bowling Club, Moonbi St",Moonbi St opp Alder Park Bowling Club,other,other,13.4,16.7,13.4,0,0,0,13.4,0,modelled
nisc001:2305178,nisc001:2305180,"Alder Park Bowling Club, Moonbi St",Bridges Rd opp Alder Park Sports Club,other,other,82.6,103.2,82.6,0,1,22,104.6,0,modelled
nisc001:2305178,nisc001:2305181,"Alder Park Bowling Club, Moonbi St","Alder Park Sports Club, Bridges Rd",other,other,115.6,144.5,115.6,0,1,22,137.6,0,modelled
nisc001:2305179,nisc001:2305180,Moonbi St opp Alder Park Bowling Club,Bridges Rd opp Alder Park Sports Club,other,other,92.3,115.3,92.3,0,1,22,114.3,0,modelled
nisc001:2305179,nisc001:2305181,Moonbi St opp Alder Park Bowling Club,"Alder Park Sports Club, Bridges Rd",other,other,127.8,159.8,127.8,0,1,22,149.8,0,modelled
nisc001:2305180,nisc001:2305181,Bridges Rd opp Alder Park Sports Club,"Alder Park Sports Club, Bridges Rd",other,other,49.2,61.5,49.2,0,0,0,49.2,0,modelled
lightrail:2300123,nisc001:230044,Civic Light Rail,King St after Darby St,lr,other,314.7,393.4,314.7,0,1,22,336.7,0,modelled
lightrail:2300123,nisc001:230045,Civic Light Rail,King St before Darby St,lr,other,398.1,497.6,398.1,0,1,22,420.1,0,modelled
lightrail:2300123,nisc001:230048,Civic Light Rail,"University House, King St",lr,other,129.5,161.9,129.5,0,1,22,151.5,0,modelled
lightrail:2300123,nisc001:230049,Civic Light Rail,King St after Auckland St,lr,other,196.9,246.1,196.9,0,1,22,218.9,0,modelled
lightrail:2300123,nisc001:230051,Civic Light Rail,King St after Union St,lr,other,362.2,452.8,362.2,0,1,22,384.2,0,modelled
lightrail:2300123,nisc001:230067,Civic Light Rail,"Newcastle Art Gallery, Darby St",lr,other,318.7,398.4,318.7,0,1,22,340.7,0,modelled
lightrail:2300123,nisc001:230091,Civic Light Rail,Darby St opp Newcastle Art Gallery,lr,other,340.2,425.3,340.2,0,1,22,362.2,0,modelled
lightrail:2300123,nisc001:2300111,Civic Light Rail,"Newcastle Maritime Museum, Honeysuckle Dr",lr,other,212.8,266.0,212.8,0,1,22,234.8,0,modelled
lightrail:2300123,nisc001:2300112,Civic Light Rail,Honeysuckle Dr after Settlement Lane,lr,other,274.9,343.6,274.9,0,1,22,296.9,0,modelled
lightrail:2300123,lightrail:2300124,Civic Light Rail,Civic Light Rail,lr,lr,7.2,9.0,7.2,0,0,0,7.2,0,modelled
lightrail:2300124,nisc001:230044,Civic Light Rail,King St after Darby St,lr,other,312.8,391.0,312.8,0,1,22,334.8,0,modelled
lightrail:2300124,nisc001:230045,Civic Light Rail,King St before Darby St,lr,other,396.9,496.1,396.9,0,1,22,418.9,0,modelled
lightrail:2300124,nisc001:230048,Civic Light Rail,"University House, King St",lr,other,122.7,153.4,122.7,0,1,22,144.7,0,modelled
lightrail:2300124,nisc001:230049,Civic Light Rail,King St after Auckland St,lr,other,192.0,240.0,192.0,0,1,22,214.0,0,modelled
lightrail:2300124,nisc001:230051,Civic Light Rail,King St after Union St,lr,other,360.2,450.3,360.2,0,1,22,382.2,0,modelled
lightrail:2300124,nisc001:230067,Civic Light Rail,"Newcastle Art Gallery, Darby St",lr,other,311.9,389.8,311.9,0,1,22,333.9,0,modelled
lightrail:2300124,nisc001:230091,Civic Light Rail,Darby St opp Newcastle Art Gallery,lr,other,333.4,416.8,333.4,0,1,22,355.4,0,modelled
lightrail:2300124,nisc001:2300111,Civic Light Rail,"Newcastle Maritime Museum, Honeysuckle Dr",lr,other,219.8,274.7,219.8,0,1,22,241.8,0,modelled
lightrail:2300124,nisc001:2300112,Civic Light Rail,Honeysuckle Dr after Settlement Lane,lr,other,279.0,348.8,279.0,0,1,22,301.0,0,modelled
lightrail:2300129,nisc001:230018,Newcastle Beach Light Rail,"Customs House, Watt St",lr,other,168.9,211.1,168.9,0,1,22,190.9,0,modelled
lightrail:2300129,nisc001:230038,Newcastle Beach Light Rail,Watt St opp Customs House,lr,other,171.5,214.4,171.5,0,1,22,193.5,0,modelled
lightrail:2300129,nisc001:230039,Newcastle Beach Light Rail,King St at Bolton St,lr,other,316.0,395.0,316.0,0,1,22,338.0,0,modelled
lightrail:2300129,nisc001:230043,Newcastle Beach Light Rail,Parnell Pl opp Alfred St,lr,other,297.7,372.1,297.7,0,1,22,319.7,0,modelled
lightrail:2300129,nisc001:230089,Newcastle Beach Light Rail,Bolton St at King St,lr,other,359.4,449.2,359.4,0,1,22,381.4,0,modelled
lightrail:2300129,nisc001:230090,Newcastle Beach Light Rail,King St at Watt St,lr,other,281.5,351.9,281.5,0,1,22,303.5,0,modelled
lightrail:2300129,nisc001:2300140,Newcastle Beach Light Rail,Scott St after Zara St,lr,other,205.7,257.1,205.7,0,1,22,227.7,0,modelled
lightrail:229315,nisc001:229312,Newcastle Interchange Light Rail,Hannell St at Dickson St,lr,other,266.5,333.1,266.5,0,1,22,288.5,0,modelled
lightrail:229315,nisc001:229325,Newcastle Interchange Light Rail,"Newcastle Yacht Club, Hannell St",lr,other,389.2,486.5,389.2,0,1,22,411.2,0,modelled
lightrail:229315,nisc001:230211,Newcastle Interchange Light Rail,Hunter St before Tudor St,lr,other,266.4,333.1,266.4,1,0,0,266.4,1,modelled
lightrail:229315,nisc001:230229,Newcastle Interchange Light Rail,Hunter St after National Park St,lr,other,245.2,306.5,245.2,0,1,22,267.2,0,modelled
lightrail:229315,nisc001:230230,Newcastle Interchange Light Rail,Hunter St opp Cooper St,lr,other,106.6,133.2,106.6,1,0,0,106.6,1,modelled
lightrail:229315,nisc001:230232,Newcastle Interchange Light Rail,Hunter St at Florence St,lr,other,123.9,154.9,123.9,1,0,0,123.9,1,modelled
lightrail:229315,nisc001:230233,Newcastle Interchange Light Rail,"Newcastle Interchange, Stand A",lr,other,48.9,61.2,48.9,1,0,0,48.9,1,modelled
lightrail:229315,nisc001:230234,Newcastle Interchange Light Rail,"Newcastle Interchange, Stand B",lr,other,94.9,118.7,94.9,1,0,0,94.9,1,modelled
lightrail:229315,nisc001:230248,Newcastle Interchange Light Rail,"TAFE Hunter, Parry St",lr,other,328.1,410.1,328.1,0,1,22,350.1,0,modelled
lightrail:229315,nisc001:230249,Newcastle Interchange Light Rail,Parry St opp TAFE Hunter,lr,other,274.5,343.1,274.5,1,0,0,274.5,1,modelled
lightrail:229315,nisc001:230252,Newcastle Interchange Light Rail,King St before National Park St,lr,other,321.1,401.3,321.1,0,1,22,343.1,0,modelled
lightrail:229315,nisc001:230253,Newcastle Interchange Light Rail,King St at National Park St,lr,other,393.2,491.5,393.2,0,1,22,415.2,0,modelled
lightrail:229315,regionbuses:230246,Newcastle Interchange Light Rail,"Newcastle Interchange, Stand C",lr,other,118.9,148.7,118.9,1,0,0,118.9,1,modelled
lightrail:229315,sydneytrains:229351,Newcastle Interchange Light Rail,Newcastle Interchange Station Platform 1,lr,heavy_rail,53.9,67.4,53.9,1,0,0,53.9,1,modelled
lightrail:229315,sydneytrains:229352,Newcastle Interchange Light Rail,Newcastle Interchange Station Platform 2,lr,heavy_rail,56.9,71.1,56.9,1,0,0,56.9,1,modelled
lightrail:229315,sydneytrains:229354,Newcastle Interchange Light Rail,Newcastle Interchange Station Platform 3,lr,heavy_rail,57.9,72.4,57.9,1,0,0,57.9,1,modelled
lightrail:229315,nswtrains:230246,Newcastle Interchange Light Rail,"Newcastle Interchange, Stand C",lr,other,138.8,173.5,138.8,1,0,0,138.8,1,modelled
lightrail:2300107,nisc001:230051,Honeysuckle Light Rail,King St after Union St,lr,other,296.2,370.3,296.2,0,1,22,318.2,0,modelled
lightrail:2300107,nisc001:230214,Honeysuckle Light Rail,Hunter St at Steel St,lr,other,111.2,139.0,111.2,0,1,22,133.2,0,modelled
lightrail:2300107,nisc001:230222,Honeysuckle Light Rail,Hunter St after Steel St,lr,other,83.0,103.7,83.0,0,1,22,105.0,0,modelled
lightrail:2300107,nisc001:230226,Honeysuckle Light Rail,Hunter St after Bellevue St,lr,other,246.1,307.7,246.1,0,1,22,268.1,0,modelled
lightrail:2300107,nisc001:230238,Honeysuckle Light Rail,Union St opp Laman St,lr,other,315.5,394.3,315.5,0,1,22,337.5,0,modelled
lightrail:2300107,nisc001:230239,Honeysuckle Light Rail,Union St at Hunter St,lr,other,189.1,236.4,189.1,0,1,22,211.1,0,modelled
lightrail:2300107,nisc001:230241,Honeysuckle Light Rail,King St opp Devonshire St,lr,other,206.3,257.9,206.3,0,1,22,228.3,0,modelled
lightrail:2300107,nisc001:230247,Honeysuckle Light Rail,King St before Devonshire St,lr,other,166.9,208.7,166.9,0,1,22,188.9,0,modelled
lightrail:2300107,nisc001:2300106,Honeysuckle Light Rail,Honeysuckle Dr opp 36,lr,other,210.7,263.4,210.7,0,1,22,232.7,0,modelled
lightrail:2300107,nisc001:2300109,Honeysuckle Light Rail,36 Honeysuckle Dr,lr,other,202.3,252.9,202.3,0,1,22,224.3,0,modelled
lightrail:2300107,nisc001:2300112,Honeysuckle Light Rail,Honeysuckle Dr after Settlement Lane,lr,other,315.3,394.1,315.3,0,1,22,337.3,0,modelled
lightrail:2300107,lightrail:2300108,Honeysuckle Light Rail,Honeysuckle Light Rail,lr,lr,3.7,4.6,3.7,0,0,0,3.7,0,modelled
lightrail:2300107,regionbuses:230238,Honeysuckle Light Rail,Union St opp Laman St,lr,other,315.5,394.3,315.5,0,1,22,337.5,0,modelled
lightrail:2300108,nisc001:230051,Honeysuckle Light Rail,King St after Union St,lr,other,294.5,368.1,294.5,0,1,22,316.5,0,modelled
lightrail:2300108,nisc001:230214,Honeysuckle Light Rail,Hunter St at Steel St,lr,other,108.4,135.5,108.4,0,1,22,130.4,0,modelled
lightrail:2300108,nisc001:230222,Honeysuckle Light Rail,Hunter St after Steel St,lr,other,80.3,100.4,80.3,0,1,22,102.3,0,modelled
lightrail:2300108,nisc001:230226,Honeysuckle Light Rail,Hunter St after Bellevue St,lr,other,245.2,306.5,245.2,0,1,22,267.2,0,modelled
lightrail:2300108,nisc001:230238,Honeysuckle Light Rail,Union St opp Laman St,lr,other,312.3,390.3,312.3,0,1,22,334.3,0,modelled
lightrail:2300108,nisc001:230239,Honeysuckle Light Rail,Union St at Hunter St,lr,other,187.1,233.8,187.1,0,1,22,209.1,0,modelled
lightrail:2300108,nisc001:230241,Honeysuckle Light Rail,King St opp Devonshire St,lr,other,202.6,253.3,202.6,0,1,22,224.6,0,modelled
lightrail:2300108,nisc001:230247,Honeysuckle Light Rail,King St before Devonshire St,lr,other,163.2,204.1,163.2,0,1,22,185.2,0,modelled
lightrail:2300108,nisc001:2300106,Honeysuckle Light Rail,Honeysuckle Dr opp 36,lr,other,212.1,265.1,212.1,0,1,22,234.1,0,modelled
lightrail:2300108,nisc001:2300109,Honeysuckle Light Rail,36 Honeysuckle Dr,lr,other,203.4,254.3,203.4,0,1,22,225.4,0,modelled
lightrail:2300108,nisc001:2300112,Honeysuckle Light Rail,Honeysuckle Dr after Settlement Lane,lr,other,317.0,396.2,317.0,0,1,22,339.0,0,modelled
lightrail:2300108,regionbuses:230238,Honeysuckle Light Rail,Union St opp Laman St,lr,other,312.3,390.3,312.3,0,1,22,334.3,0,modelled
lightrail:2300127,nisc001:230018,Queens Wharf Light Rail,"Customs House, Watt St",lr,other,314.1,392.6,314.1,0,1,22,336.1,0,modelled
lightrail:2300127,nisc001:230038,Queens Wharf Light Rail,Watt St opp Customs House,lr,other,287.6,359.6,287.6,0,1,22,309.6,0,modelled
lightrail:2300127,nisc001:230039,Queens Wharf Light Rail,King St at Bolton St,lr,other,301.0,376.3,301.0,0,1,22,323.0,0,modelled
lightrail:2300127,nisc001:230040,Queens Wharf Light Rail,King St at Perkins St,lr,other,288.9,361.1,288.9,0,1,22,310.9,0,modelled
lightrail:2300127,nisc001:230042,Queens Wharf Light Rail,King St at Perkins St,lr,other,301.1,376.3,301.1,0,1,22,323.1,0,modelled
lightrail:2300127,nisc001:230070,Queens Wharf Light Rail,Bolton St before Church St,lr,other,357.8,447.3,357.8,0,1,22,379.8,0,modelled
lightrail:2300127,nisc001:230087,Queens Wharf Light Rail,"Christ Church Cathedral, Church St",lr,other,356.0,445.0,356.0,0,1,22,378.0,0,modelled
lightrail:2300127,nisc001:230088,Queens Wharf Light Rail,Church St opp Christ Church Cathedral,lr,other,374.3,467.8,374.3,0,1,22,396.3,0,modelled
lightrail:2300127,nisc001:230089,Queens Wharf Light Rail,Bolton St at King St,lr,other,284.1,355.1,284.1,0,1,22,306.1,0,modelled
lightrail:2300127,nisc001:230090,Queens Wharf Light Rail,King St at Watt St,lr,other,317.2,396.5,317.2,0,1,22,339.2,0,modelled
lightrail:2300127,nisc001:2300100,Queens Wharf Light Rail,Wharf Rd opp Queens Wharf,lr,other,97.8,122.2,97.8,0,1,22,119.8,0,modelled
lightrail:2300127,nisc001:2300102,Queens Wharf Light Rail,Queens Wharf,lr,ferry,169.7,212.2,169.7,0,1,22,191.7,0,modelled
lightrail:2300127,nisc001:2300114,Queens Wharf Light Rail,"Queens Wharf, Wharf Rd",lr,other,153.5,191.9,153.5,0,1,22,175.5,0,modelled
lightrail:2300127,lightrail:2300128,Queens Wharf Light Rail,Queens Wharf Light Rail,lr,lr,7.2,9.0,7.2,0,0,0,7.2,0,modelled
lightrail:2300128,nisc001:230018,Queens Wharf Light Rail,"Customs House, Watt St",lr,other,314.8,393.6,314.8,0,1,22,336.8,0,modelled
lightrail:2300128,nisc001:230038,Queens Wharf Light Rail,Watt St opp Customs House,lr,other,287.6,359.5,287.6,0,1,22,309.6,0,modelled
lightrail:2300128,nisc001:230039,Queens Wharf Light Rail,King St at Bolton St,lr,other,295.2,369.0,295.2,0,1,22,317.2,0,modelled
lightrail:2300128,nisc001:230040,Queens Wharf Light Rail,King St at Perkins St,lr,other,285.0,356.3,285.0,0,1,22,307.0,0,modelled
lightrail:2300128,nisc001:230042,Queens Wharf Light Rail,King St at Perkins St,lr,other,297.0,371.2,297.0,0,1,22,319.0,0,modelled
lightrail:2300128,nisc001:230070,Queens Wharf Light Rail,Bolton St before Church St,lr,other,351.1,438.9,351.1,0,1,22,373.1,0,modelled
lightrail:2300128,nisc001:230087,Queens Wharf Light Rail,"Christ Church Cathedral, Church St",lr,other,348.9,436.1,348.9,0,1,22,370.9,0,modelled
lightrail:2300128,nisc001:230088,Queens Wharf Light Rail,Church St opp Christ Church Cathedral,lr,other,367.1,458.8,367.1,0,1,22,389.1,0,modelled
lightrail:2300128,nisc001:230089,Queens Wharf Light Rail,Bolton St at King St,lr,other,277.7,347.1,277.7,0,1,22,299.7,0,modelled
lightrail:2300128,nisc001:230090,Queens Wharf Light Rail,King St at Watt St,lr,other,311.9,389.8,311.9,0,1,22,333.9,0,modelled
lightrail:2300128,nisc001:2300100,Queens Wharf Light Rail,Wharf Rd opp Queens Wharf,lr,other,99.9,124.8,99.9,0,1,22,121.9,0,modelled
lightrail:2300128,nisc001:2300102,Queens Wharf Light Rail,Queens Wharf,lr,ferry,173.9,217.4,173.9,0,1,22,195.9,0,modelled
lightrail:2300128,nisc001:2300114,Queens Wharf Light Rail,"Queens Wharf, Wharf Rd",lr,other,155.5,194.3,155.5,0,1,22,177.5,0,modelled
lightrail:2300125,nisc001:230040,Crown Street Light Rail,King St at Perkins St,lr,other,195.6,244.6,195.6,0,1,22,217.6,0,modelled
lightrail:2300125,nisc001:230042,Crown Street Light Rail,King St at Perkins St,lr,other,201.5,251.9,201.5,0,1,22,223.5,0,modelled
lightrail:2300125,nisc001:230044,Crown Street Light Rail,King St after Darby St,lr,other,231.8,289.7,231.8,0,1,22,253.8,0,modelled
lightrail:2300125,nisc001:230045,Crown Street Light Rail,King St before Darby St,lr,other,144.7,180.9,144.7,0,1,22,166.7,0,modelled
lightrail:2300125,nisc001:230071,Crown Street Light Rail,Church St at Perkins St,lr,other,308.8,386.0,308.8,0,1,22,330.8,0,modelled
lightrail:2300125,nisc001:230072,Crown Street Light Rail,Tyrrell St at Brown St,lr,other,398.0,497.5,398.0,0,1,22,420.0,0,modelled
lightrail:2300125,nisc001:230098,Crown Street Light Rail,Wharf Rd opp Argyle St,lr,other,139.6,174.4,139.6,0,1,22,161.6,0,modelled
lightrail:2300125,nisc001:230099,Crown Street Light Rail,Wharf Rd before Argyle St,lr,other,137.3,171.6,137.3,0,1,22,159.3,0,modelled
lightrail:2300125,nisc001:2300100,Crown Street Light Rail,Wharf Rd opp Queens Wharf,lr,other,324.8,406.0,324.8,0,1,22,346.8,0,modelled
lightrail:2300125,nisc001:2300102,Crown Street Light Rail,Queens Wharf,lr,ferry,308.3,385.4,308.3,0,1,22,330.3,0,modelled
lightrail:2300125,nisc001:2300114,Crown Street Light Rail,"Queens Wharf, Wharf Rd",lr,other,276.7,345.8,276.7,0,1,22,298.7,0,modelled
lightrail:2300125,lightrail:2300126,Crown Street Light Rail,Crown Street Light Rail,lr,lr,7.2,9.0,7.2,0,0,0,7.2,0,modelled
lightrail:2300126,nisc001:230040,Crown Street Light Rail,King St at Perkins St,lr,other,190.2,237.7,190.2,0,1,22,212.2,0,modelled
lightrail:2300126,nisc001:230042,Crown Street Light Rail,King St at Perkins St,lr,other,195.7,244.6,195.7,0,1,22,217.7,0,modelled
lightrail:2300126,nisc001:230044,Crown Street Light Rail,King St after Darby St,lr,other,229.4,286.8,229.4,0,1,22,251.4,0,modelled
lightrail:2300126,nisc001:230045,Crown Street Light Rail,King St before Darby St,lr,other,141.5,176.8,141.5,0,1,22,163.5,0,modelled
lightrail:2300126,nisc001:230071,Crown Street Light Rail,Church St at Perkins St,lr,other,301.6,377.0,301.6,0,1,22,323.6,0,modelled
lightrail:2300126,nisc001:230072,Crown Street Light Rail,Tyrrell St at Brown St,lr,other,390.8,488.5,390.8,0,1,22,412.8,0,modelled
lightrail:2300126,nisc001:230098,Crown Street Light Rail,Wharf Rd opp Argyle St,lr,other,145.1,181.4,145.1,0,1,22,167.1,0,modelled
lightrail:2300126,nisc001:230099,Crown Street Light Rail,Wharf Rd before Argyle St,lr,other,142.4,177.9,142.4,0,1,22,164.4,0,modelled
lightrail:2300126,nisc001:2300100,Crown Street Light Rail,Wharf Rd opp Queens Wharf,lr,other,324.4,405.5,324.4,0,1,22,346.4,0,modelled
lightrail:2300126,nisc001:2300102,Crown Street Light Rail,Queens Wharf,lr,ferry,309.7,387.2,309.7,0,1,22,331.7,0,modelled
lightrail:2300126,nisc001:2300114,Crown Street Light Rail,"Queens Wharf, Wharf Rd",lr,other,276.9,346.1,276.9,0,1,22,298.9,0,modelled
regionbuses:24231,regionbuses:24232,Bulahdelah Way after Blanch St,Bulahdelah Way before Blanch St,other,other,38.2,47.8,38.2,0,0,0,38.2,0,modelled
regionbuses:24234,regionbuses:24235,"Bungwahl General Store, The Lakes Way",The Lakes Way opp Bungwahl General Store,other,other,14.2,17.7,14.2,0,0,0,14.2,0,modelled
regionbuses:24251,regionbuses:24255,The Bucketts Way before Booral Rd,The Bucketts Way after Booral Rd,other,other,21.9,27.3,21.9,0,0,0,21.9,0,modelled
regionbuses:24251,regionbuses:242519,The Bucketts Way before Booral Rd,Booral Rd before The Bucketts Way,other,other,115.4,144.2,115.4,0,1,22,137.4,0,modelled
regionbuses:24252,regionbuses:24256,Cowper St before Memorial Ave,Cowper St after Gidley St,other,other,108.5,135.6,108.5,0,1,22,130.5,0,modelled
regionbuses:24253,regionbuses:24254,The Bucketts Way at Allworth Rd,The Bucketts Way at Allworth Rd,other,other,72.8,91.0,72.8,0,1,22,94.8,0,modelled
regionbuses:24253,regionbuses:242532,The Bucketts Way at Allworth Rd,Allworth Rd at The Bucketts Way,other,other,50.2,62.8,50.2,0,0,0,50.2,0,modelled
regionbuses:24282,regionbuses:242875,The Lakes Way opp Murray Ave,The Lakes Way after Murray Ave,other,other,77.0,96.3,77.0,0,1,22,99.0,0,modelled
regionbuses:24303,sydneytrains:243067,"Taree Station, Coach Stop",Taree Station Platform 1,other,heavy_rail,14.0,17.5,14.0,0,0,0,14.0,0,modelled
regionbuses:229221,regionbuses:229222,"Hunter School Of The Performing Arts, Lambton Rd",Lambton Rd opp Hunter School Of Performing Arts,other,other,54.7,68.4,54.7,0,0,0,54.7,0,modelled
regionbuses:229268,sydneytrains:229271,"Broadmeadow Station, Graham Rd",Broadmeadow Station Platform 1,other,heavy_rail,18.7,23.4,18.7,0,0,0,18.7,0,modelled
regionbuses:229268,sydneytrains:229272,"Broadmeadow Station, Graham Rd",Broadmeadow Station Platform 2,other,heavy_rail,28.7,35.8,28.7,0,0,0,28.7,0,modelled
regionbuses:229268,sydneytrains:229273,"Broadmeadow Station, Graham Rd",Broadmeadow Station Platform 3,other,heavy_rail,37.4,46.7,37.4,0,0,0,37.4,0,modelled
regionbuses:229840,sydneytrains:2304311,Turton Rd before Platt St,Waratah Station Platform 1,other,heavy_rail,226.1,282.7,226.1,0,1,22,248.1,0,modelled
regionbuses:229840,sydneytrains:2304312,Turton Rd before Platt St,Waratah Station Platform 2,other,heavy_rail,223.5,279.4,223.5,0,1,22,245.5,0,modelled
regionbuses:229857,sydneytrains:2304311,"Callaghan College Waratah Campus, Turton Rd",Waratah Station Platform 1,other,heavy_rail,341.4,426.8,341.4,0,1,22,363.4,0,modelled
regionbuses:229857,sydneytrains:2304312,"Callaghan College Waratah Campus, Turton Rd",Waratah Station Platform 2,other,heavy_rail,330.4,413.0,330.4,0,1,22,352.4,0,modelled
regionbuses:229966,regionbuses:230535,"Lambton High School, Womboin Rd","Lambton High School, Young Rd",other,other,52.5,65.7,52.5,0,0,0,52.5,0,modelled
regionbuses:230246,sydneytrains:229351,"Newcastle Interchange, Stand C",Newcastle Interchange Station Platform 1,other,heavy_rail,78.2,97.7,78.2,1,0,0,78.2,1,modelled
regionbuses:230246,sydneytrains:229352,"Newcastle Interchange, Stand C",Newcastle Interchange Station Platform 2,other,heavy_rail,87.4,109.3,87.4,1,0,0,87.4,1,modelled
regionbuses:230246,sydneytrains:229354,"Newcastle Interchange, Stand C",Newcastle Interchange Station Platform 3,other,heavy_rail,89.5,111.9,89.5,1,0,0,89.5,1,modelled
regionbuses:231121,regionbuses:231132,Paterson River Rd opp 1335,1335 Paterson River Rd,other,other,102.5,128.2,102.5,0,1,22,124.5,0,modelled
regionbuses:231122,regionbuses:231131,1118 Paterson River Rd,1119 Paterson River Rd,other,other,72.3,90.4,72.3,0,1,22,94.3,0,modelled
regionbuses:231122,regionbuses:231182,1118 Paterson River Rd,Paterson River Rd at Lawrences Rd,other,other,18.0,22.6,18.0,0,0,0,18.0,0,modelled
regionbuses:231131,regionbuses:231158,1119 Paterson River Rd,1111 Paterson River Rd,other,other,90.7,113.3,90.7,0,1,22,112.7,0,modelled
regionbuses:231131,regionbuses:231182,1119 Paterson River Rd,Paterson River Rd at Lawrences Rd,other,other,86.2,107.8,86.2,0,1,22,108.2,0,modelled
regionbuses:231153,regionbuses:231183,1821 Paterson River Rd,1821 Paterson River Rd,other,other,36.4,45.4,36.4,0,0,0,36.4,0,modelled
regionbuses:231154,regionbuses:231157,Paterson River Rd at Cross Keys Rd,1577 Paterson River Rd,other,other,26.6,33.2,26.6,0,0,0,26.6,0,modelled
regionbuses:231155,regionbuses:231156,Lostock Rd at Durham Rd,Lostock Rd at Church St,other,other,20.3,25.3,20.3,0,0,0,20.3,0,modelled
regionbuses:232018,regionbuses:232028,"St Peters Maitland, High St",High St opp Free Church St,other,other,100.2,125.2,100.2,0,1,22,122.2,0,modelled
regionbuses:232412,regionbuses:2324265,"Raymond Terrace Shopping Centre, Sturgeon St",Glenelg St before Adelaide St,other,other,113.7,142.2,113.7,0,1,22,135.7,0,modelled
regionbuses:232445,regionbuses:232446,"St Brigid's Parish School, William St","St Brigid's Catholic Church, Irrawang St",other,other,107.9,134.8,107.9,0,1,22,129.9,0,modelled
regionbuses:233012,sydneytrains:2330181,"Singleton Station, Munro St",Singleton Station Platform 1,other,heavy_rail,15.2,19.0,15.2,0,0,0,15.2,0,modelled
regionbuses:233015,regionbuses:2330474,George St after Elizabeth St,George St at Kent St,other,other,81.5,101.9,81.5,0,1,22,103.5,0,modelled
regionbuses:233044,regionbuses:233046,"Singleton High School, King St","King Street Public School, King St",other,other,104.3,130.4,104.3,0,1,22,126.3,0,modelled
regionbuses:233320,sydneytrains:233321,"Muswellbrook Station, Stand C",Muswellbrook Station Platform 1,other,heavy_rail,28.5,35.6,28.5,0,0,0,28.5,0,modelled
regionbuses:233415,regionbuses:233418,Devon St before York St,York St after Devon St,other,other,79.6,99.5,79.6,0,1,22,101.6,0,modelled
regionbuses:233416,regionbuses:233427,Oxford St at Whitburn St,Oxford St at Whitburn St,other,other,10.6,13.2,10.6,0,0,0,10.6,0,modelled
regionbuses:233416,regionbuses:233436,Oxford St at Whitburn St,Whitburn St after Oxford St,other,other,51.7,64.6,51.7,0,0,0,51.7,0,modelled
regionbuses:233417,regionbuses:233436,Oxford St at Kent St,Whitburn St after Oxford St,other,other,140.0,175.1,140.0,0,1,22,162.0,0,modelled
regionbuses:233417,regionbuses:233442,Oxford St at Kent St,Kent St before Oxford St,other,other,62.3,77.8,62.3,0,1,22,84.3,0,modelled
regionbuses:233417,regionbuses:233443,Oxford St at Kent St,Kent St after Oxford St,other,other,57.8,72.3,57.8,0,0,0,57.8,0,modelled
regionbuses:233421,regionbuses:233441,Nelson St at Anvil St,Anvil St at Nelson St,other,other,47.2,59.0,47.2,0,0,0,47.2,0,modelled
regionbuses:233427,regionbuses:233436,Oxford St at Whitburn St,Whitburn St after Oxford St,other,other,43.0,53.7,43.0,0,0,0,43.0,0,modelled
regionbuses:233442,regionbuses:233443,Kent St before Oxford St,Kent St after Oxford St,other,other,15.1,18.8,15.1,0,0,0,15.1,0,modelled
regionbuses:233518,regionbuses:233529,Clift St after Maitland St,Clift St before Maitland St,other,other,25.2,31.5,25.2,0,0,0,25.2,0,modelled
regionbuses:233596,regionbuses:233598,Triton Bvd at Neves Lane,Triton Bvd before Gollan Ave,other,other,113.9,142.4,113.9,0,1,22,135.9,0,modelled
regionbuses:242022,regionbuses:242032,Dungog Rd opp Merchants Rd,Dungog Rd at Merchants Rd,other,other,14.6,18.3,14.6,0,0,0,14.6,0,modelled
regionbuses:242022,regionbuses:242069,Dungog Rd opp Merchants Rd,Dungog Rd at Merchants Rd,other,other,28.0,35.0,28.0,0,0,0,28.0,0,modelled
regionbuses:242032,regionbuses:242069,Dungog Rd at Merchants Rd,Dungog Rd at Merchants Rd,other,other,32.0,40.0,32.0,0,0,0,32.0,0,modelled
regionbuses:242033,regionbuses:242041,Cory St after Station St,Cory St before Station St,other,other,9.8,12.2,9.8,0,0,0,9.8,0,modelled
regionbuses:242033,sydneytrains:242081,Cory St after Station St,Martins Creek Station Platform 1,other,heavy_rail,124.0,155.0,124.0,0,1,22,146.0,0,modelled
regionbuses:242034,regionbuses:242073,"Anglican Church, Cory St",Cory St opp Martins Creek Public School,other,other,8.9,11.1,8.9,0,0,0,8.9,0,modelled
regionbuses:242035,regionbuses:242036,28 Cory St,Cory St opp Skipline Park,other,other,76.5,95.6,76.5,0,1,22,98.5,0,modelled
regionbuses:242035,regionbuses:242039,28 Cory St,34 Cory St,other,other,62.3,77.9,62.3,0,1,22,84.3,0,modelled
regionbuses:242035,sydneytrains:242081,28 Cory St,Martins Creek Station Platform 1,other,heavy_rail,243.5,304.4,243.5,0,1,22,265.5,0,modelled
regionbuses:242036,regionbuses:242039,Cory St opp Skipline Park,34 Cory St,other,other,138.1,172.6,138.1,0,1,22,160.1,0,modelled
regionbuses:242036,sydneytrains:242081,Cory St opp Skipline Park,Martins Creek Station Platform 1,other,heavy_rail,184.8,231.0,184.8,0,1,22,206.8,0,modelled
regionbuses:242037,regionbuses:242042,Dungog Rd opp 181,181 Dungog Rd,other,other,13.9,17.4,13.9,0,0,0,13.9,0,modelled
regionbuses:242039,sydneytrains:242081,34 Cory St,Martins Creek Station Platform 1,other,heavy_rail,302.3,377.8,302.3,0,1,22,324.3,0,modelled
regionbuses:242041,sydneytrains:242081,Cory St before Station St,Martins Creek Station Platform 1,other,heavy_rail,114.3,142.9,114.3,0,1,22,136.3,0,modelled
regionbuses:242058,sydneytrains:242091,Dungog Rd after Wallarobba-Brookfield Rd,Wallarobba Station Platform 1,other,heavy_rail,344.2,430.3,344.2,0,1,22,366.2,0,modelled
regionbuses:242060,regionbuses:242076,"St Joseph's Primary School, Brown St",Lord St opp Dungog Memorial RSL Club,other,other,135.5,169.4,135.5,0,1,22,157.5,0,modelled
regionbuses:242060,regionbuses:242082,"St Joseph's Primary School, Brown St","Dungog Court House, Lord St",other,other,148.9,186.1,148.9,0,1,22,170.9,0,modelled
regionbuses:242076,regionbuses:242082,Lord St opp Dungog Memorial RSL Club,"Dungog Court House, Lord St",other,other,45.4,56.8,45.4,0,0,0,45.4,0,modelled
regionbuses:242076,sydneytrains:242062,Lord St opp Dungog Memorial RSL Club,Dungog Station Platform 2,other,heavy_rail,386.9,483.6,386.9,0,1,22,408.9,0,modelled
regionbuses:242114,regionbuses:242175,Summer Hill Rd opp Lambs Valley Rd,Summer Hill Rd at Lambs Valley Rd,other,other,16.7,20.8,16.7,0,0,0,16.7,0,modelled
regionbuses:242117,regionbuses:242157,256 Lennoxton Rd,255 Lennoxton Rd,other,other,10.5,13.1,10.5,0,0,0,10.5,0,modelled
regionbuses:242118,regionbuses:242129,"Vacy General Store, Gresford Rd","Vacy Public School, Gresford Rd",other,other,73.9,92.4,73.9,0,1,22,95.9,0,modelled
regionbuses:242119,regionbuses:242156,Lennoxton Rd opp 229,229 Lennoxton Rd,other,other,11.3,14.2,11.3,0,0,0,11.3,0,modelled
regionbuses:242123,regionbuses:242154,Lennoxton Rd at Serenity Way,Lennoxton Rd opp Serenity Way,other,other,29.7,37.1,29.7,0,0,0,29.7,0,modelled
regionbuses:242123,regionbuses:242183,Lennoxton Rd at Serenity Way,Lennoxton Rd at Serenity Way,other,other,35.3,44.1,35.3,0,0,0,35.3,0,modelled
regionbuses:242132,regionbuses:242155,64 Bower Bird Cl,51 Bower Bird Cl,other,other,88.1,110.1,88.1,0,1,22,110.1,0,modelled
regionbuses:242133,regionbuses:242153,150 Lennoxton Rd,133 Lennoxton Rd,other,other,14.8,18.4,14.8,0,0,0,14.8,0,modelled
regionbuses:242134,regionbuses:242152,116 Lennoxton Rd,129 Lennoxton Rd,other,other,16.5,20.6,16.5,0,0,0,16.5,0,modelled
regionbuses:242135,regionbuses:242151,Lennoxton Rd after Gilbert Rd,73 Lennoxton Rd,other,other,17.1,21.4,17.1,0,0,0,17.1,0,modelled
regionbuses:242144,regionbuses:242159,Summer Hill Rd opp Mackellar Dr,Summer Hill Rd at Mackellar Dr,other,other,28.3,35.3,28.3,0,0,0,28.3,0,modelled
regionbuses:242145,regionbuses:242174,101 Fishers Hill Rd,241 Fishers Hill Rd,other,other,12.8,16.1,12.8,0,0,0,12.8,0,modelled
regionbuses:242146,regionbuses:242173,555 Fishers Hill Rd,700 Fishers Hill Rd,other,other,25.5,31.9,25.5,0,0,0,25.5,0,modelled
regionbuses:242147,regionbuses:242172,795 Fishers Hill Rd,770 Fishers Hill Rd,other,other,14.7,18.4,14.7,0,0,0,14.7,0,modelled
regionbuses:242148,regionbuses:242149,Gresford Rd opp 1187,1186 Gresford Rd,other,other,143.6,179.5,143.6,0,1,22,165.6,0,modelled
regionbuses:242148,regionbuses:242170,Gresford Rd opp 1187,1187 Gresford Rd,other,other,16.0,20.0,16.0,0,0,0,16.0,0,modelled
regionbuses:242149,regionbuses:242167,1186 Gresford Rd,1187 Gresford Rd,other,other,20.5,25.6,20.5,0,0,0,20.5,0,modelled
regionbuses:242149,regionbuses:242170,1186 Gresford Rd,1187 Gresford Rd,other,other,137.1,171.3,137.1,0,1,22,159.1,0,modelled
regionbuses:242150,regionbuses:242166,Gresford Rd after Gundaroo Rd,Gresford Rd at Gundaroo Rd,other,other,123.8,154.8,123.8,0,1,22,145.8,0,modelled
regionbuses:242154,regionbuses:242183,Lennoxton Rd opp Serenity Way,Lennoxton Rd at Serenity Way,other,other,14.2,17.8,14.2,0,0,0,14.2,0,modelled
regionbuses:242167,regionbuses:242170,1187 Gresford Rd,1187 Gresford Rd,other,other,146.4,183.0,146.4,0,1,22,168.4,0,modelled
regionbuses:242169,sydneytrains:242141,"Paterson Public School, Webbers Creek Rd",Paterson Station Platform 1,other,heavy_rail,185.8,232.3,185.8,0,1,22,207.8,0,modelled
regionbuses:242182,regionbuses:242197,748 Gresford Rd,Gresford Rd opp 748,other,other,15.5,19.3,15.5,0,0,0,15.5,0,modelled
regionbuses:242199,sydneytrains:242141,Maitland Rd at Sloane St,Paterson Station Platform 1,other,heavy_rail,340.0,425.1,340.0,0,1,22,362.0,0,modelled
regionbuses:242519,regionbuses:24255,Booral Rd before The Bucketts Way,The Bucketts Way after Booral Rd,other,other,137.1,171.4,137.1,0,1,22,159.1,0,modelled
regionbuses:242520,regionbuses:242531,The Bucketts Way before Booral Washpool Rd,The Bucketts Way after Booral Washpool Rd,other,other,20.8,26.0,20.8,0,0,0,20.8,0,modelled
regionbuses:242532,regionbuses:24254,Allworth Rd at The Bucketts Way,The Bucketts Way at Allworth Rd,other,other,78.6,98.2,78.6,0,1,22,100.6,0,modelled
regionbuses:242534,regionbuses:242536,The Bucketts Way opp Isaacs Rd,The Bucketts Way at Isaacs Rd,other,other,24.4,30.5,24.4,0,0,0,24.4,0,modelled
regionbuses:242535,regionbuses:242543,Allworth Rd before Stroud St,Stroud St opp Myall St,other,other,123.9,154.8,123.9,0,1,22,145.9,0,modelled
regionbuses:2318280,regionbuses:2318281,Meadowie Rest Area,Pacific Hwy at Medowie Rd,other,other,77.6,96.9,77.6,0,1,22,99.6,0,modelled
regionbuses:2320167,regionbuses:2335103,"Hanwood Estate, Wine Country Dr",Hanwood Rd after Wine Country Dr,other,other,125.2,156.5,125.2,0,1,22,147.2,0,modelled
regionbuses:2320208,regionbuses:232028,"St John the Baptist Primary School, Victoria St",High St opp Free Church St,other,other,148.7,185.9,148.7,0,1,22,170.7,0,modelled
regionbuses:2320240,sydneytrains:2320311,"Maitland Public School, Olive St",Maitland Station Platform 1,other,heavy_rail,238.0,297.5,238.0,0,1,22,260.0,0,modelled
regionbuses:2320240,sydneytrains:2320312,"Maitland Public School, Olive St",Maitland Station Platform 2,other,heavy_rail,246.5,308.2,246.5,0,1,22,268.5,0,modelled
regionbuses:2320240,sydneytrains:2320313,"Maitland Public School, Olive St",Maitland Station Platform 3,other,heavy_rail,253.2,316.5,253.2,0,1,22,275.2,0,modelled
regionbuses:2320240,sydneytrains:2320314,"Maitland Public School, Olive St",Maitland Station Platform 4,other,heavy_rail,263.9,329.8,263.9,0,1,22,285.9,0,modelled
regionbuses:2320364,regionbuses:2320367,Racecourse Rd before Victory Way,Racecourse Rd after Victory Way,other,other,15.0,18.8,15.0,0,0,0,15.0,0,modelled
regionbuses:2320384,regionbuses:2320449,Avery St after Adelong Cl,Avery St before Bingara St,other,other,121.4,151.8,121.4,0,1,22,143.4,0,modelled
regionbuses:2320421,regionbuses:2320422,Denton Park Dr before Aberglasslyn Rd,Aberglasslyn Rd after Denton Park Dr,other,other,103.3,129.1,103.3,0,1,22,125.3,0,modelled
regionbuses:2320421,regionbuses:2320448,Denton Park Dr before Aberglasslyn Rd,Denton Park Dr before Hibiscus Cres,other,other,17.0,21.2,17.0,0,0,0,17.0,0,modelled
regionbuses:2320422,regionbuses:2320432,Aberglasslyn Rd after Denton Park Dr,Aberglasslyn Rd before McKeachie Dr,other,other,62.8,78.5,62.8,0,1,22,84.8,0,modelled
regionbuses:2320422,regionbuses:2320448,Aberglasslyn Rd after Denton Park Dr,Denton Park Dr before Hibiscus Cres,other,other,119.3,149.1,119.3,0,1,22,141.3,0,modelled
regionbuses:2320423,regionbuses:2320430,Mckeachie Dr at Gannet St,Mckeachie Dr at Warbler Ave,other,other,14.1,17.6,14.1,0,0,0,14.1,0,modelled
regionbuses:2320424,regionbuses:2320427,Forest Hill Dr after Hopman Cl,73 Forest Hill Dr,other,other,28.9,36.2,28.9,0,0,0,28.9,0,modelled
regionbuses:2320425,regionbuses:2320433,Oakhampton Rd after Dillons Lane,Oakhampton Rd after Mt Pleasant St,other,other,93.0,116.3,93.0,0,1,22,115.0,0,modelled
regionbuses:2320428,regionbuses:2320466,Hopman Cl after Forest Hill Dr,Hopman Cl before Forest Hill Dr,other,other,75.6,94.5,75.6,0,1,22,97.6,0,modelled
regionbuses:2320429,regionbuses:2320467,Forest Hill Dr before Hopman Cl,127 Forest Hill Dr,other,other,125.6,157.0,125.6,0,1,22,147.6,0,modelled
regionbuses:2320429,regionbuses:2320468,Forest Hill Dr before Hopman Cl,111 Forest Hill Dr,other,other,7.8,9.8,7.8,0,0,0,7.8,0,modelled
regionbuses:2320431,regionbuses:2320464,Warbler Ave opp Golden Whistler Ave,Warbler Ave at Golden Whistler Ave,other,other,22.5,28.1,22.5,0,0,0,22.5,0,modelled
regionbuses:2320453,regionbuses:2320454,Clarence Town Rd at Oakendale Rd,Clarence Town Rd opp Oakendale Rd,other,other,23.3,29.2,23.3,0,0,0,23.3,0,modelled
regionbuses:2320456,regionbuses:2320457,Clarence Town Rd at Timbertop Rd,Clarence Town Rd at Wattle Creek Cl,other,other,24.6,30.7,24.6,0,0,0,24.6,0,modelled
regionbuses:2320460,regionbuses:232069,"St Pauls Primary School, Young St","St Paul's Primary School, Gillies St",other,other,93.5,116.8,93.5,0,1,22,115.5,0,modelled
regionbuses:2320463,regionbuses:2320470,Denton Park Dr after Poplar Cl,Denton Park Dr before Poplar Cl,other,other,15.7,19.7,15.7,0,0,0,15.7,0,modelled
regionbuses:2320465,regionbuses:2320469,240 Oakhampton Rd,Oakhampton Rd opp 240,other,other,8.2,10.2,8.2,0,0,0,8.2,0,modelled
regionbuses:2320467,regionbuses:2320468,127 Forest Hill Dr,111 Forest Hill Dr,other,other,127.3,159.1,127.3,0,1,22,149.3,0,modelled
regionbuses:2320484,regionbuses:2320485,Clarence Town Rd opp 1842,1842 Clarence Town Rd,other,other,9.1,11.4,9.1,0,0,0,9.1,0,modelled
regionbuses:2321104,regionbuses:232136,"Lochinvar Public School, New England Hwy",New England Hwy opp Lochinvar Public School,other,other,23.7,29.6,23.7,0,0,0,23.7,0,modelled
regionbuses:2321112,regionbuses:2321242,Queen St at Marshall St,Marshall St before Queen St,other,other,73.3,91.6,73.3,0,1,22,95.3,0,modelled
regionbuses:2321112,regionbuses:2321244,Queen St at Marshall St,Marshall St after Queen St,other,other,72.1,90.1,72.1,0,1,22,94.1,0,modelled
regionbuses:2321112,regionbuses:2321339,Queen St at Marshall St,Clarence Town Public School,other,other,78.1,97.6,78.1,0,1,22,100.1,0,modelled
regionbuses:2321156,regionbuses:2321216,Limeburners Creek Rd before Glen Martin Rd,Limeburners Creek Rd opp Glen Martin Rd,other,other,89.0,111.2,89.0,0,1,22,111.0,0,modelled
regionbuses:2321158,regionbuses:2321211,Duns Creek Rd at Woodville St,Duns Creek Rd at Woodville St,other,other,25.4,31.7,25.4,0,0,0,25.4,0,modelled
regionbuses:2321191,regionbuses:2321231,Grey St at Prince St,Grey St before Prince St,other,other,88.1,110.1,88.1,0,1,22,110.1,0,modelled
regionbuses:2321191,regionbuses:2321238,Grey St at Prince St,Grey St at Prince St,other,other,74.2,92.7,74.2,0,1,22,96.2,0,modelled
regionbuses:2321191,regionbuses:2321264,Grey St at Prince St,"Anglican Church, Grey St",other,other,148.0,185.0,148.0,0,1,22,170.0,0,modelled
regionbuses:2321193,regionbuses:2321212,Duns Creek Rd after Forest Rd,Duns Creek Rd opp Forest Rd,other,other,50.8,63.5,50.8,0,0,0,50.8,0,modelled
regionbuses:2321207,regionbuses:2321210,124 Duns Creek Rd,109 Duns Creek Rd,other,other,15.4,19.2,15.4,0,0,0,15.4,0,modelled
regionbuses:2321208,regionbuses:2321209,1465 Paterson Rd,1440 Paterson Rd,other,other,14.0,17.5,14.0,0,0,0,14.0,0,modelled
regionbuses:2321220,regionbuses:2321237,13 Brentwood Dr,12 Brentwood Dr,other,other,19.8,24.8,19.8,0,0,0,19.8,0,modelled
regionbuses:2321221,regionbuses:2321236,Brentwood Dr before Grandview Cl,Brentwood Dr after Grandview Cl,other,other,19.1,23.9,19.1,0,0,0,19.1,0,modelled
regionbuses:2321223,regionbuses:2321234,Brentwood Dr before Fotheringay Rd,Fotheringay Rd at Brentwood Dr,other,other,68.0,85.0,68.0,0,1,22,90.0,0,modelled
regionbuses:2321224,regionbuses:2321232,Sheriff St at Queen St,Sheriff St at Queen St,other,other,11.5,14.4,11.5,0,0,0,11.5,0,modelled
regionbuses:2321225,regionbuses:2321230,Glen William Rd at Riverview Cl,Glen William Rd opp Riverview Cl,other,other,12.6,15.8,12.6,0,0,0,12.6,0,modelled
regionbuses:2321226,regionbuses:2321229,Glen William Rd opp Fords Rd,Glen William Rd at Fords Rd,other,other,10.3,12.9,10.3,0,0,0,10.3,0,modelled
regionbuses:2321231,regionbuses:2321238,Grey St before Prince St,Grey St at Prince St,other,other,27.5,34.3,27.5,0,0,0,27.5,0,modelled
regionbuses:2321231,regionbuses:2321328,Grey St before Prince St,Grey St before Duke St,other,other,140.8,176.1,140.8,0,1,22,162.8,0,modelled
regionbuses:2321231,regionbuses:2321336,Grey St before Prince St,Grey St after Duke St,other,other,129.8,162.3,129.8,0,1,22,151.8,0,modelled
regionbuses:2321233,regionbuses:232128,Fotheringay Rd at Royseton Ave,Fotheringay Rd opp Royseton Ave,other,other,77.0,96.3,77.0,0,1,22,99.0,0,modelled
regionbuses:2321238,regionbuses:2321336,Grey St at Prince St,Grey St after Duke St,other,other,148.4,185.5,148.4,0,1,22,170.4,0,modelled
regionbuses:2321239,regionbuses:2321247,Lowe St at Queen St,Lowe St at Queen St,other,other,13.4,16.8,13.4,0,0,0,13.4,0,modelled
regionbuses:2321240,regionbuses:2321246,Lowe St at Prince St,Lowe St at Prince St,other,other,12.5,15.6,12.5,0,0,0,12.5,0,modelled
regionbuses:2321241,regionbuses:2321245,Prince St at Marshall St,Prince St at Marshall St,other,other,7.1,8.9,7.1,0,0,0,7.1,0,modelled
regionbuses:2321242,regionbuses:2321244,Marshall St before Queen St,Marshall St after Queen St,other,other,9.9,12.4,9.9,0,0,0,9.9,0,modelled
regionbuses:2321242,regionbuses:2321339,Marshall St before Queen St,Clarence Town Public School,other,other,68.9,86.1,68.9,0,1,22,90.9,0,modelled
regionbuses:2321243,regionbuses:2321260,Erringhi St at Clarence Town Rd,Clarence Town Rd opp Erringhi St,other,other,59.2,74.0,59.2,0,0,0,59.2,0,modelled
regionbuses:2321243,regionbuses:2321327,Erringhi St at Clarence Town Rd,Clarence Town Rd at Erringhi St,other,other,42.0,52.5,42.0,0,0,0,42.0,0,modelled
regionbuses:2321244,regionbuses:2321339,Marshall St after Queen St,Clarence Town Public School,other,other,77.3,96.6,77.3,0,1,22,99.3,0,modelled
regionbuses:2321253,regionbuses:2321343,East Seaham Rd opp Wetzler Cl,East Seaham Rd at Wetzler Cl,other,other,19.6,24.6,19.6,0,0,0,19.6,0,modelled
regionbuses:2321255,regionbuses:2321265,Russell St before Queen St,Russell St after Queen St,other,other,10.0,12.5,10.0,0,0,0,10.0,0,modelled
regionbuses:2321256,regionbuses:2321264,Grey St opp Anglican Church,"Anglican Church, Grey St",other,other,22.3,27.8,22.3,0,0,0,22.3,0,modelled
regionbuses:2321257,regionbuses:2321263,Rifle St at Earl St,Rifle St at Earl St,other,other,13.8,17.3,13.8,0,0,0,13.8,0,modelled
regionbuses:2321258,regionbuses:2321356,Clarence Town Rd after Hart St,Clarence Town Rd at Hart St,other,other,40.5,50.7,40.5,0,0,0,40.5,0,modelled
regionbuses:2321259,regionbuses:2321261,Clarence Town Rd after O'Loughlin St,Clarence Town Rd after O'Loughlin St,other,other,149.4,186.8,149.4,0,1,22,171.4,0,modelled
regionbuses:2321260,regionbuses:2321327,Clarence Town Rd opp Erringhi St,Clarence Town Rd at Erringhi St,other,other,23.7,29.7,23.7,0,0,0,23.7,0,modelled
regionbuses:2321262,regionbuses:2321356,Clarence Town Rd after Hart St,Clarence Town Rd at Hart St,other,other,124.4,155.5,124.4,0,1,22,146.4,0,modelled
regionbuses:2321267,regionbuses:2321344,Limeburners Creek Rd at Waterview Rd,Limeburners Creek Rd opp Waterview Rd,other,other,52.7,65.9,52.7,0,0,0,52.7,0,modelled
regionbuses:2321268,regionbuses:2321291,Limeburners Creek Rd opp Yoke Way,Limeburners Creek Rd at Yoke Way,other,other,25.2,31.5,25.2,0,0,0,25.2,0,modelled
regionbuses:2321269,regionbuses:2321290,Glen Martin Rd opp Meadows Dr,Glen Martin Rd at Meadows Dr,other,other,22.7,28.3,22.7,0,0,0,22.7,0,modelled
regionbuses:2321270,regionbuses:2321289,Glen Martin Rd before Horton Cl,Glen Martin Rd opp Horton Cl,other,other,74.4,93.0,74.4,0,1,22,96.4,0,modelled
regionbuses:2321271,regionbuses:2321288,Glen Martin Rd at Punchs Rd,Glen Martin Rd opp Punchs Rd,other,other,15.3,19.2,15.3,0,0,0,15.3,0,modelled
regionbuses:2321273,regionbuses:2321285,Glen Martin Rd opp 942,942 Glen Martin Rd,other,other,11.5,14.4,11.5,0,0,0,11.5,0,modelled
regionbuses:2321274,regionbuses:2321284,969 Glen Martin Rd,970 Glen Martin Rd,other,other,17.4,21.8,17.4,0,0,0,17.4,0,modelled
regionbuses:2321278,regionbuses:2321280,569 Pine Brush Rd,Pine Brush Rd opp 569,other,other,22.0,27.5,22.0,0,0,0,22.0,0,modelled
regionbuses:2321292,regionbuses:2321323,714 Luskintyre Rd,Luskintyre Rd opp 714,other,other,9.5,11.9,9.5,0,0,0,9.5,0,modelled
regionbuses:2321293,regionbuses:2321312,692 Luskintyre Rd,Luskintyre Rd opp 692,other,other,19.6,24.5,19.6,0,0,0,19.6,0,modelled
regionbuses:2321294,regionbuses:2321310,398 Luskintyre Rd,252 Luskintyre Rd,other,other,12.7,15.9,12.7,0,0,0,12.7,0,modelled
regionbuses:2321296,regionbuses:2321321,Luskintyre Rd opp Pywells Rd,93 Luskintyre Rd,other,other,13.7,17.1,13.7,0,0,0,13.7,0,modelled
regionbuses:2321297,regionbuses:2321308,Luskintyre Rd opp Loch Katrine Dr,45 Luskintyre Rd,other,other,85.3,106.6,85.3,0,1,22,107.3,0,modelled
regionbuses:2321298,regionbuses:2321320,Windermere Rd before New England Hwy,21 Windermere Rd,other,other,137.5,171.8,137.5,0,1,22,159.5,0,modelled
regionbuses:2321300,regionbuses:2321306,138 Oswald Rd,139 Oswald Rd,other,other,16.9,21.1,16.9,0,0,0,16.9,0,modelled
regionbuses:2321300,regionbuses:2321307,138 Oswald Rd,148 Oswald Rd,other,other,115.7,144.7,115.7,0,1,22,137.7,0,modelled
regionbuses:2321301,regionbuses:2321319,360 Windermere Rd,342 Windermere Rd,other,other,16.3,20.4,16.3,0,0,0,16.3,0,modelled
regionbuses:2321302,regionbuses:232137,"St Patricks Primary School, New England Hwy","St Joseph's College, New England Hwy",other,other,23.7,29.6,23.7,0,0,0,23.7,0,modelled
regionbuses:2321303,regionbuses:2321305,35 Windermere Rd,48 Windermere Rd,other,other,56.8,71.0,56.8,0,0,0,56.8,0,modelled
regionbuses:2321306,regionbuses:2321307,139 Oswald Rd,148 Oswald Rd,other,other,130.5,163.1,130.5,0,1,22,152.5,0,modelled
regionbuses:2321311,regionbuses:2321316,252 Luskintyre Rd,428 Luskintyre Rd,other,other,10.9,13.6,10.9,0,0,0,10.9,0,modelled
regionbuses:2321313,regionbuses:2321314,862 Luskintyre Rd,Luskintyre Rd opp 862,other,other,8.9,11.1,8.9,0,0,0,8.9,0,modelled
regionbuses:2321315,regionbuses:2321324,764 Luskintyre Rd,773 Luskintyre Rd,other,other,8.1,10.1,8.1,0,0,0,8.1,0,modelled
regionbuses:2321325,regionbuses:2321326,Pine Brush Rd opp Glen Martin Rd,Pine Brush Rd at Glen Martin Rd,other,other,14.3,17.9,14.3,0,0,0,14.3,0,modelled
regionbuses:2321325,regionbuses:2321330,Pine Brush Rd opp Glen Martin Rd,Glen Martin Rd at Pine Brush Rd,other,other,46.1,57.6,46.1,0,0,0,46.1,0,modelled
regionbuses:2321325,regionbuses:2321334,Pine Brush Rd opp Glen Martin Rd,Pine Brush Rd opp Glen Martin Rd,other,other,52.2,65.3,52.2,0,0,0,52.2,0,modelled
regionbuses:2321326,regionbuses:2321330,Pine Brush Rd at Glen Martin Rd,Glen Martin Rd at Pine Brush Rd,other,other,35.0,43.8,35.0,0,0,0,35.0,0,modelled
regionbuses:2321326,regionbuses:2321334,Pine Brush Rd at Glen Martin Rd,Pine Brush Rd opp Glen Martin Rd,other,other,51.2,63.9,51.2,0,0,0,51.2,0,modelled
regionbuses:2321328,regionbuses:2321336,Grey St before Duke St,Grey St after Duke St,other,other,22.4,28.0,22.4,0,0,0,22.4,0,modelled
regionbuses:2321329,regionbuses:2321335,767 Glen Martin Rd,778 Glen Martin Rd,other,other,79.0,98.8,79.0,0,1,22,101.0,0,modelled
regionbuses:2321330,regionbuses:2321334,Glen Martin Rd at Pine Brush Rd,Pine Brush Rd opp Glen Martin Rd,other,other,37.7,47.2,37.7,0,0,0,37.7,0,modelled
regionbuses:2321331,regionbuses:2321345,638 Glen William Rd,638 Glen William Road,other,other,90.3,112.9,90.3,0,1,22,112.3,0,modelled
regionbuses:2321331,regionbuses:2321346,638 Glen William Rd,Glen William Road opp 638,other,other,92.3,115.4,92.3,0,1,22,114.3,0,modelled
regionbuses:2321332,regionbuses:2321333,"Glen William Public School, Glen William Rd",Glen William Rd opp Glen William Public School,other,other,18.1,22.6,18.1,0,0,0,18.1,0,modelled
regionbuses:2321345,regionbuses:2321346,638 Glen William Road,Glen William Road opp 638,other,other,18.9,23.6,18.9,0,0,0,18.9,0,modelled
regionbuses:2321348,regionbuses:2321350,Glen Martin Rd opp Black Camp Creek Rd,Glen Martin Rd at Black Camp Creek Rd,other,other,31.7,39.6,31.7,0,0,0,31.7,0,modelled
regionbuses:2321349,regionbuses:2321351,Glen William Rd at Angela Cl,Glen William Rd opp Angela Cl,other,other,16.3,20.4,16.3,0,0,0,16.3,0,modelled
regionbuses:2321354,regionbuses:2321355,3263 Clarence Town Rd,Clarence Town Rd opp 3263,other,other,19.1,23.9,19.1,0,0,0,19.1,0,modelled
regionbuses:2321365,regionbuses:2321366,347 Glen Martin Rd,334 Glen Martin Rd,other,other,46.8,58.6,46.8,0,0,0,46.8,0,modelled
regionbuses:2321368,regionbuses:2321369,Prince St after Durham St,Prince St before Durham St,other,other,10.6,13.3,10.6,0,0,0,10.6,0,modelled
regionbuses:2324107,regionbuses:232460,Mount Hall Rd opp Irrawang High School,Irrawang High School Bus Bay Mt Hall Rd,other,other,48.6,60.7,48.6,0,0,0,48.6,0,modelled
regionbuses:2324113,regionbuses:232412,Adelaide St after Glenelg St,"Raymond Terrace Shopping Centre, Sturgeon St",other,other,136.4,170.5,136.4,0,1,22,158.4,0,modelled
regionbuses:2324113,regionbuses:232499,Adelaide St after Glenelg St,Adelaide St after William St,other,other,46.5,58.1,46.5,0,0,0,46.5,0,modelled
regionbuses:2324113,regionbuses:2324265,Adelaide St after Glenelg St,Glenelg St before Adelaide St,other,other,110.3,137.8,110.3,0,1,22,132.3,0,modelled
regionbuses:2324116,regionbuses:2324117,Pacific Hwy before Adelaide St,Pacific Hwy after Masonite Rd,other,other,120.8,150.9,120.8,0,1,22,142.8,0,modelled
regionbuses:2324116,regionbuses:2324315,Pacific Hwy before Adelaide St,"Adelaide St, Hunter River High School",other,other,19.9,24.8,19.9,0,0,0,19.9,0,modelled
regionbuses:2324117,regionbuses:2324315,Pacific Hwy after Masonite Rd,"Adelaide St, Hunter River High School",other,other,127.8,159.7,127.8,0,1,22,149.8,0,modelled
regionbuses:2324150,regionbuses:2324298,"Seaham Public School, Warren St",Warren St before Dixon St,other,other,53.6,67.0,53.6,0,0,0,53.6,0,modelled
regionbuses:2324152,regionbuses:2324308,Old Coach Rd at The Bucketts Way,The Bucketts Way after Old Coach Rd,other,other,102.8,128.5,102.8,0,1,22,124.8,0,modelled
regionbuses:2324157,regionbuses:2324301,Myall St at Maxwell St,Myall St before Maxwell St,other,other,67.3,84.1,67.3,0,1,22,89.3,0,modelled
regionbuses:2324158,regionbuses:2324189,Tarean Rd before Bundabah St,Tarean Rd after Bundabah St,other,other,27.0,33.8,27.0,0,0,0,27.0,0,modelled
regionbuses:2324158,regionbuses:2324232,Tarean Rd before Bundabah St,"Karuah And District RSL Club, Bundabah St",other,other,143.0,178.7,143.0,0,1,22,165.0,0,modelled
regionbuses:2324158,regionbuses:2324239,Tarean Rd before Bundabah St,"Karuah Public School, Bundabah St",other,other,134.6,168.3,134.6,0,1,22,156.6,0,modelled
regionbuses:2324159,regionbuses:232445,William St opp St Brigid's Primary School,"St Brigid's Parish School, William St",other,other,18.3,22.9,18.3,0,0,0,18.3,0,modelled
regionbuses:2324159,regionbuses:232446,William St opp St Brigid's Primary School,"St Brigid's Catholic Church, Irrawang St",other,other,122.7,153.3,122.7,0,1,22,144.7,0,modelled
regionbuses:2324173,regionbuses:2324242,Richardson Rd opp Raymond Terrace Community Church,"Brethren Church, Richardson Rd",other,other,73.4,91.8,73.4,0,1,22,95.4,0,modelled
regionbuses:2324189,regionbuses:2324209,Tarean Rd after Bundabah St,"Karuah And District RSL Club, Tarean Rd",other,other,137.8,172.3,137.8,0,1,22,159.8,0,modelled
regionbuses:2324189,regionbuses:2324232,Tarean Rd after Bundabah St,"Karuah And District RSL Club, Bundabah St",other,other,119.9,149.9,119.9,0,1,22,141.9,0,modelled
regionbuses:2324189,regionbuses:2324239,Tarean Rd after Bundabah St,"Karuah Public School, Bundabah St",other,other,123.1,153.8,123.1,0,1,22,145.1,0,modelled
regionbuses:2324203,regionbuses:2324277,Round Hill Cres opp Boonara Bend,Sir Edward St after Carlisle Cres,other,other,130.9,163.6,130.9,0,1,22,152.9,0,modelled
regionbuses:2324204,regionbuses:2324222,Tarean Rd opp Karuah Cemetery,Mustons Rd opp Karuah Oval,other,other,101.4,126.7,101.4,0,1,22,123.4,0,modelled
regionbuses:2324204,regionbuses:2324241,Tarean Rd opp Karuah Cemetery,"Karuah Oval, Tarean Rd",other,other,132.0,165.0,132.0,0,1,22,154.0,0,modelled
regionbuses:2324205,regionbuses:2324223,"Twelve Mile Creek, The Bucketts Way",The Bucketts Way opp Twelve Mile Creek,other,other,19.0,23.8,19.0,0,0,0,19.0,0,modelled
regionbuses:2324205,regionbuses:2324275,"Twelve Mile Creek, The Bucketts Way",Limeburners Creek Rd at The Bucketts Way,other,other,67.6,84.5,67.6,0,1,22,89.6,0,modelled
regionbuses:2324205,regionbuses:2324280,"Twelve Mile Creek, The Bucketts Way",Limeburners Creek Rd before The Bucketts Way,other,other,68.4,85.5,68.4,0,1,22,90.4,0,modelled
regionbuses:2324207,regionbuses:2324289,The Bucketts Way at Forest Glen Rd,The Bucketts Way opp Forest Glen Rd,other,other,38.0,47.5,38.0,0,0,0,38.0,0,modelled
regionbuses:2324208,regionbuses:2324267,Pacific Hwy before The Bucketts Way,The Bucketts Way before Pacific Hwy,other,other,79.1,98.9,79.1,0,1,22,101.1,0,modelled
regionbuses:2324209,regionbuses:2324232,"Karuah And District RSL Club, Tarean Rd","Karuah And District RSL Club, Bundabah St",other,other,37.0,46.3,37.0,0,0,0,37.0,0,modelled
regionbuses:2324209,regionbuses:2324239,"Karuah And District RSL Club, Tarean Rd","Karuah Public School, Bundabah St",other,other,50.2,62.8,50.2,0,0,0,50.2,0,modelled
regionbuses:2324209,regionbuses:2324283,"Karuah And District RSL Club, Tarean Rd","Karuah Public School, Tarean Rd",other,other,25.3,31.6,25.3,0,0,0,25.3,0,modelled
regionbuses:2324222,regionbuses:2324241,Mustons Rd opp Karuah Oval,"Karuah Oval, Tarean Rd",other,other,36.1,45.1,36.1,0,0,0,36.1,0,modelled
regionbuses:2324223,regionbuses:2324275,The Bucketts Way opp Twelve Mile Creek,Limeburners Creek Rd at The Bucketts Way,other,other,51.3,64.1,51.3,0,0,0,51.3,0,modelled
regionbuses:2324223,regionbuses:2324280,The Bucketts Way opp Twelve Mile Creek,Limeburners Creek Rd before The Bucketts Way,other,other,50.2,62.8,50.2,0,0,0,50.2,0,modelled
regionbuses:2324232,regionbuses:2324239,"Karuah And District RSL Club, Bundabah St","Karuah Public School, Bundabah St",other,other,74.6,93.2,74.6,0,1,22,96.6,0,modelled
regionbuses:2324232,regionbuses:2324283,"Karuah And District RSL Club, Bundabah St","Karuah Public School, Tarean Rd",other,other,62.0,77.5,62.0,0,1,22,84.0,0,modelled
regionbuses:2324239,regionbuses:2324283,"Karuah Public School, Bundabah St","Karuah Public School, Tarean Rd",other,other,39.9,49.8,39.9,0,0,0,39.9,0,modelled
regionbuses:2324240,regionbuses:2324302,Somerset Ave before Carrington Rd,Somerset Ave at Kempsey Ave,other,other,16.1,20.1,16.1,0,0,0,16.1,0,modelled
regionbuses:2324240,regionbuses:2324307,Somerset Ave before Carrington Rd,Somerset Ave at Quirindi Pde,other,other,107.5,134.4,107.5,0,1,22,129.5,0,modelled
regionbuses:2324243,regionbuses:2324276,Tarean Rd before Swan Bay Rd,Swan Bay Rd before Tarean Rd,other,other,144.8,181.0,144.8,0,1,22,166.8,0,modelled
regionbuses:2324247,regionbuses:2324295,Newline Rd at Six Mile Rd,Newline Rd at Six Mile Rd,other,other,45.2,56.4,45.2,0,0,0,45.2,0,modelled
regionbuses:2324274,regionbuses:2324293,Newline Rd at William Bailey St,Newline Rd after Seaham Rd,other,other,74.6,93.3,74.6,0,1,22,96.6,0,modelled
regionbuses:2324275,regionbuses:2324280,Limeburners Creek Rd at The Bucketts Way,Limeburners Creek Rd before The Bucketts Way,other,other,14.1,17.6,14.1,0,0,0,14.1,0,modelled
regionbuses:2324302,regionbuses:2324307,Somerset Ave at Kempsey Ave,Somerset Ave at Quirindi Pde,other,other,121.2,151.5,121.2,0,1,22,143.2,0,modelled
regionbuses:2330256,regionbuses:2330282,657A Milbrodale Rd,656 Milbrodale Rd,other,other,20.7,25.9,20.7,0,0,0,20.7,0,modelled
regionbuses:2330257,regionbuses:2330281,803 Milbrodale Rd,772 Milbrodale Rd,other,other,16.7,20.9,16.7,0,0,0,16.7,0,modelled
regionbuses:2330259,regionbuses:2330280,Milbrodale Rd opp Adams Peak Rd,Milbrodale Rd at Adams Peak Rd,other,other,57.7,72.1,57.7,0,0,0,57.7,0,modelled
regionbuses:2330260,regionbuses:2330472,Milbrodale Rd at Hill St,Milbrodale Rd opp Hill St,other,other,20.3,25.3,20.3,0,0,0,20.3,0,modelled
regionbuses:2330261,regionbuses:2330278,Milbrodale Rd at Wollombi St,Wollombi St at Archer St,other,other,46.8,58.5,46.8,0,0,0,46.8,0,modelled
regionbuses:2330262,regionbuses:2330277,"McNamara Park, Wollombi St","Broke Catholic Church, Wollombi St",other,other,26.7,33.4,26.7,0,0,0,26.7,0,modelled
regionbuses:2330263,regionbuses:2330276,Wollombi St at Blaxland St,Broke Rd at Blaxland St,other,other,25.5,31.9,25.5,0,0,0,25.5,0,modelled
regionbuses:2330264,regionbuses:2330274,490 Charlton Rd,Charlton Rd opp 490,other,other,11.0,13.7,11.0,0,0,0,11.0,0,modelled
regionbuses:2330265,regionbuses:2330273,466 Putty Rd,481 Putty Rd,other,other,81.7,102.1,81.7,0,1,22,103.7,0,modelled
regionbuses:2330267,sydneytrains:2330181,Carrington St before Crown St,Singleton Station Platform 1,other,heavy_rail,301.6,377.0,301.6,0,1,22,323.6,0,modelled
regionbuses:2330269,sydneytrains:2330181,Glenridding Rd after Victoria St,Singleton Station Platform 1,other,heavy_rail,162.8,203.5,162.8,0,1,22,184.8,0,modelled
regionbuses:2330271,regionbuses:233043,Queen St opp St Catherine's Catholic College,"St Catherine's Catholic College, Queen St",other,other,26.0,32.6,26.0,0,0,0,26.0,0,modelled
regionbuses:2330275,regionbuses:2330322,Charlton Rd opp Fordwich Rd,Charlton Rd at Fordwich Rd,other,other,9.6,12.0,9.6,0,0,0,9.6,0,modelled
regionbuses:2330303,regionbuses:2330319,626 Wollombi Rd,621 Wollombi Rd,other,other,21.8,27.3,21.8,0,0,0,21.8,0,modelled
regionbuses:2330304,regionbuses:2330320,598 Wollombi Rd,587 Wollombi Rd,other,other,7.4,9.3,7.4,0,0,0,7.4,0,modelled
regionbuses:2330305,regionbuses:2330306,Singleton St at Howe St,Cochrane St before Archer St,other,other,133.8,167.3,133.8,0,1,22,155.8,0,modelled
regionbuses:2330305,regionbuses:2330317,Singleton St at Howe St,Cochrane St after Archer St,other,other,142.1,177.6,142.1,0,1,22,164.1,0,modelled
regionbuses:2330305,regionbuses:2330318,Singleton St at Howe St,Singleton St before Howe St,other,other,14.3,17.8,14.3,0,0,0,14.3,0,modelled
regionbuses:2330306,regionbuses:2330317,Cochrane St before Archer St,Cochrane St after Archer St,other,other,11.5,14.4,11.5,0,0,0,11.5,0,modelled
regionbuses:2330306,regionbuses:2330318,Cochrane St before Archer St,Singleton St before Howe St,other,other,133.6,167.0,133.6,0,1,22,155.6,0,modelled
regionbuses:2330307,regionbuses:2330308,Nelson St after Archer St,Nelson St at Adair St,other,other,105.6,132.0,105.6,0,1,22,127.6,0,modelled
regionbuses:2330307,regionbuses:2330321,Nelson St after Archer St,Nelson St before Archer St,other,other,11.9,14.9,11.9,0,0,0,11.9,0,modelled
regionbuses:2330308,regionbuses:2330309,Nelson St at Adair St,Nelson St after Adair St,other,other,88.8,111.0,88.8,0,1,22,110.8,0,modelled
regionbuses:2330308,regionbuses:2330316,Nelson St at Adair St,Nelson St before Adair St,other,other,103.3,129.2,103.3,0,1,22,125.3,0,modelled
regionbuses:2330308,regionbuses:2330321,Nelson St at Adair St,Nelson St before Archer St,other,other,98.0,122.5,98.0,0,1,22,120.0,0,modelled
regionbuses:2330309,regionbuses:2330316,Nelson St after Adair St,Nelson St before Adair St,other,other,15.8,19.8,15.8,0,0,0,15.8,0,modelled
regionbuses:2330311,regionbuses:2330315,53 Wollombi St,Wollombi St opp 53,other,other,17.1,21.4,17.1,0,0,0,17.1,0,modelled
regionbuses:2330312,regionbuses:2330314,337 Putty Rd,337 Putty Rd,other,other,13.1,16.3,13.1,0,0,0,13.1,0,modelled
regionbuses:2330317,regionbuses:2330318,Cochrane St after Archer St,Singleton St before Howe St,other,other,141.0,176.3,141.0,0,1,22,163.0,0,modelled
regionbuses:2330324,regionbuses:2330325,Old Goorangoola Rd at Bowmans Creek Rd,332 Old Goorangoola Rd,other,other,140.9,176.1,140.9,0,1,22,162.9,0,modelled
regionbuses:2330326,regionbuses:2330338,1104 Goorangoola Rd,1139 Goorangoola Rd,other,other,9.9,12.4,9.9,0,0,0,9.9,0,modelled
regionbuses:2330327,regionbuses:2330335,518 Goorangoola Rd,615A Goorangoola Rd,other,other,9.4,11.7,9.4,0,0,0,9.4,0,modelled
regionbuses:2330328,regionbuses:2330337,Goorangoola Rd opp Roselands Lane,Goorangoola Rd at Roselands Lane,other,other,11.4,14.2,11.4,0,0,0,11.4,0,modelled
regionbuses:2330329,regionbuses:2330334,390 Goorangoola Rd,395 Goorangoola Rd,other,other,58.5,73.1,58.5,0,0,0,58.5,0,modelled
regionbuses:2330330,regionbuses:2330468,226 Goorangoola Rd,301 Gorrangoola Rd,other,other,8.2,10.2,8.2,0,0,0,8.2,0,modelled
regionbuses:2330331,regionbuses:2330333,226 Goorangoola Rd,299 Goorangoola Rd,other,other,18.8,23.4,18.8,0,0,0,18.8,0,modelled
regionbuses:2330332,regionbuses:2330467,257 Goorangoola Rd,Goorangoola Rd opp 257,other,other,17.4,21.7,17.4,0,0,0,17.4,0,modelled
regionbuses:2330343,regionbuses:2330361,91 Hambledon Hill Rd,Hambledon Hill Rd at The Brow,other,other,138.9,173.6,138.9,0,1,22,160.9,0,modelled
regionbuses:2330344,regionbuses:2330347,183 Hambledon Hill Rd,Hambledon Hill Rd before The Old Crossing,other,other,89.8,112.2,89.8,0,1,22,111.8,0,modelled
regionbuses:2330348,regionbuses:2330353,9 Llanrian Dr,10 Llanrian Dr,other,other,141.6,177.0,141.6,0,1,22,163.6,0,modelled
regionbuses:2330348,regionbuses:2330357,9 Llanrian Dr,13 Llanrian Dr,other,other,91.6,114.5,91.6,0,1,22,113.6,0,modelled
regionbuses:2330348,regionbuses:2330360,9 Llanrian Dr,6 Llanrian Dr,other,other,24.2,30.3,24.2,0,0,0,24.2,0,modelled
regionbuses:2330349,regionbuses:2330350,21 Llanrian Dr,27 Llanrian Dr,other,other,114.2,142.7,114.2,0,1,22,136.2,0,modelled
regionbuses:2330349,regionbuses:2330353,21 Llanrian Dr,10 Llanrian Dr,other,other,145.0,181.3,145.0,0,1,22,167.0,0,modelled
regionbuses:2330349,regionbuses:2330358,21 Llanrian Dr,17 Llanrian Dr,other,other,86.9,108.7,86.9,0,1,22,108.9,0,modelled
regionbuses:2330350,regionbuses:2330359,27 Llanrian Dr,20 Llanrian Dr,other,other,50.5,63.1,50.5,0,0,0,50.5,0,modelled
regionbuses:2330351,regionbuses:2330352,33 Llanrian Dr,28 Llanrian Dr,other,other,73.3,91.6,73.3,0,1,22,95.3,0,modelled
regionbuses:2330351,regionbuses:2330359,33 Llanrian Dr,20 Llanrian Dr,other,other,137.9,172.4,137.9,0,1,22,159.9,0,modelled
regionbuses:2330353,regionbuses:2330357,10 Llanrian Dr,13 Llanrian Dr,other,other,50.9,63.6,50.9,0,0,0,50.9,0,modelled
regionbuses:2330353,regionbuses:2330358,10 Llanrian Dr,17 Llanrian Dr,other,other,58.8,73.5,58.8,0,0,0,58.8,0,modelled
regionbuses:2330353,regionbuses:2330360,10 Llanrian Dr,6 Llanrian Dr,other,other,118.6,148.3,118.6,0,1,22,140.6,0,modelled
regionbuses:2330354,regionbuses:233044,"Singleton High School, King St","Singleton High School, King St",other,other,103.7,129.6,103.7,0,1,22,125.7,0,modelled
regionbuses:2330354,regionbuses:233046,"Singleton High School, King St","King Street Public School, King St",other,other,12.0,15.0,12.0,0,0,0,12.0,0,modelled
regionbuses:2330356,regionbuses:2330362,27 Hambledon Hill Rd,Hambledon Hill Rd opp 27,other,other,10.8,13.5,10.8,0,0,0,10.8,0,modelled
regionbuses:2330357,regionbuses:2330358,13 Llanrian Dr,17 Llanrian Dr,other,other,107.7,134.6,107.7,0,1,22,129.7,0,modelled
regionbuses:2330357,regionbuses:2330360,13 Llanrian Dr,6 Llanrian Dr,other,other,69.7,87.1,69.7,0,1,22,91.7,0,modelled
regionbuses:2330364,regionbuses:2330366,Maison Dieu Rd at Knodlers Lane,Maison Dieu Rd after Knodlers Lane,other,other,98.3,122.9,98.3,0,1,22,120.3,0,modelled
regionbuses:2330368,regionbuses:2330378,232 Maison Dieu Rd,229 Maison Dieu Rd,other,other,16.4,20.4,16.4,0,0,0,16.4,0,modelled
regionbuses:2330370,regionbuses:2330373,The Glade after Maison Dieu Rd,The Glade before Maison Dieu Rd,other,other,144.2,180.2,144.2,0,1,22,166.2,0,modelled
regionbuses:2330371,regionbuses:2330372,11 The Glade,9 The Glade,other,other,95.2,119.1,95.2,0,1,22,117.2,0,modelled
regionbuses:2330371,regionbuses:2330374,11 The Glade,18 The Glade,other,other,51.6,64.5,51.6,0,0,0,51.6,0,modelled
regionbuses:2330371,regionbuses:2330376,11 The Glade,13 The Glade,other,other,87.4,109.2,87.4,0,1,22,109.4,0,modelled
regionbuses:2330372,regionbuses:2330373,9 The Glade,The Glade before Maison Dieu Rd,other,other,141.3,176.7,141.3,0,1,22,163.3,0,modelled
regionbuses:2330372,regionbuses:2330374,9 The Glade,18 The Glade,other,other,142.8,178.5,142.8,0,1,22,164.8,0,modelled
regionbuses:2330374,regionbuses:2330375,18 The Glade,15 The Glade,other,other,125.2,156.5,125.2,0,1,22,147.2,0,modelled
regionbuses:2330374,regionbuses:2330376,18 The Glade,13 The Glade,other,other,36.7,45.8,36.7,0,0,0,36.7,0,modelled
regionbuses:2330375,regionbuses:2330376,15 The Glade,13 The Glade,other,other,89.3,111.6,89.3,0,1,22,111.3,0,modelled
regionbuses:2330380,regionbuses:2330426,Carrowbrook Rd opp 1513,1513 Carrowbrook Rd,other,other,15.7,19.7,15.7,0,0,0,15.7,0,modelled
regionbuses:2330381,regionbuses:2330425,170 Carrowbrook Rd,Carrowbrook Rd opp 170,other,other,15.1,18.9,15.1,0,0,0,15.1,0,modelled
regionbuses:2330382,regionbuses:2330424,Carrowbrook Rd opp Mount Olive Hall,"Mount Olive Hall, Carrowbrook Rd",other,other,9.0,11.3,9.0,0,0,0,9.0,0,modelled
regionbuses:2330384,regionbuses:2330423,1312 Bridgman Rd,1307 Bridgman Rd,other,other,57.2,71.5,57.2,0,0,0,57.2,0,modelled
regionbuses:2330385,regionbuses:2330422,Bridgman Rd after Sunnyside Lane,Bridgman Rd at Thomas Lane,other,other,56.3,70.4,56.3,0,0,0,56.3,0,modelled
regionbuses:2330388,regionbuses:2330420,Bridgman Rd at Boxtree Lane,Bridgman Rd opp Boxtree Lane,other,other,8.8,11.0,8.8,0,0,0,8.8,0,modelled
regionbuses:2330391,regionbuses:2330392,402 Bridgman Rd,386 Bridgman Rd,other,other,96.1,120.1,96.1,0,1,22,118.1,0,modelled
regionbuses:2330391,regionbuses:2330419,402 Bridgman Rd,Bridgman Rd opp 402,other,other,11.8,14.7,11.8,0,0,0,11.8,0,modelled
regionbuses:2330392,regionbuses:2330419,386 Bridgman Rd,Bridgman Rd opp 402,other,other,94.9,118.6,94.9,0,1,22,116.9,0,modelled
regionbuses:2330393,regionbuses:2330418,368 Bridgman Rd,367 Bridgman Rd,other,other,26.6,33.2,26.6,0,0,0,26.6,0,modelled
regionbuses:2330400,regionbuses:2330417,9 Morris Rd,7 Morris Rd,other,other,144.9,181.1,144.9,0,1,22,166.9,0,modelled
regionbuses:2330409,regionbuses:2330410,Lester Cl opp 20,Lester Cl opp 21,other,other,84.6,105.8,84.6,0,1,22,106.6,0,modelled
regionbuses:2330409,regionbuses:2330415,Lester Cl opp 20,21 Lester Cl,other,other,144.0,180.0,144.0,0,1,22,166.0,0,modelled
regionbuses:2330409,regionbuses:2330416,Lester Cl opp 20,19 Lester Cl,other,other,136.1,170.2,136.1,0,1,22,158.1,0,modelled
regionbuses:2330410,regionbuses:2330411,Lester Cl opp 21,Lester Cl opp 22,other,other,96.3,120.4,96.3,0,1,22,118.3,0,modelled
regionbuses:2330410,regionbuses:2330415,Lester Cl opp 21,21 Lester Cl,other,other,67.1,83.8,67.1,0,1,22,89.1,0,modelled
regionbuses:2330411,regionbuses:2330412,Lester Cl opp 22,Lester Cl before Retreat Rd,other,other,84.4,105.5,84.4,0,1,22,106.4,0,modelled
regionbuses:2330411,regionbuses:2330415,Lester Cl opp 22,21 Lester Cl,other,other,40.1,50.1,40.1,0,0,0,40.1,0,modelled
regionbuses:2330411,regionbuses:2330429,Lester Cl opp 22,Retreat Rd at Freeman Cl,other,other,147.4,184.3,147.4,0,1,22,169.4,0,modelled
regionbuses:2330412,regionbuses:2330415,Lester Cl before Retreat Rd,21 Lester Cl,other,other,123.6,154.5,123.6,0,1,22,145.6,0,modelled
regionbuses:2330413,regionbuses:2330428,Retreat Rd at Bridgman Rd,Retreat Rd at Bridgman Rd,other,other,11.8,14.7,11.8,0,0,0,11.8,0,modelled
regionbuses:2330415,regionbuses:2330429,21 Lester Cl,Retreat Rd at Freeman Cl,other,other,149.4,186.8,149.4,0,1,22,171.4,0,modelled
regionbuses:2330430,regionbuses:2330431,119 Retreat Rd,133 Retreat Rd,other,other,147.0,183.8,147.0,0,1,22,169.0,0,modelled
regionbuses:2330430,regionbuses:2330449,119 Retreat Rd,106 Retreat Rd,other,other,131.4,164.2,131.4,0,1,22,153.4,0,modelled
regionbuses:2330432,regionbuses:2330433,Retreat Rd after Wattle Ponds Rd,193 Retreat Rd,other,other,136.8,171.0,136.8,0,1,22,158.8,0,modelled
regionbuses:2330434,regionbuses:2330448,Retreat Rd opp Governor Martin Cl,Retreat Rd at Governor Martin Cl,other,other,23.8,29.7,23.8,0,0,0,23.8,0,modelled
regionbuses:2330435,regionbuses:2330436,Brigadier Hammett Rd before Clayworth Rd,Brigadier Hammett Rd opp Clayworth Rd,other,other,77.6,97.0,77.6,0,1,22,99.6,0,modelled
regionbuses:2330437,regionbuses:2330438,75 Brigadier Hammett Rd,83 Brigadier Hammett Rd,other,other,108.1,135.1,108.1,0,1,22,130.1,0,modelled
regionbuses:2330440,regionbuses:2330441,Brigadier Hammett Rd at Stacy Cl,Brigadier Hammett Rd opp Stacy Cl,other,other,38.8,48.6,38.8,0,0,0,38.8,0,modelled
regionbuses:2330442,regionbuses:2330443,Wanaruah Cl at Brigadier Hammett Rd,Wanaruah Cl after Brigadier Hammett Rd,other,other,115.5,144.4,115.5,0,1,22,137.5,0,modelled
regionbuses:2330444,regionbuses:2330445,6 Wanaruah Cl,9 Wanaruah Cl,other,other,111.6,139.5,111.6,0,1,22,133.6,0,modelled
regionbuses:2330444,regionbuses:2330447,6 Wanaruah Cl,16 Wanaruah Cl,other,other,129.3,161.6,129.3,0,1,22,151.3,0,modelled
regionbuses:2330445,regionbuses:2330447,9 Wanaruah Cl,16 Wanaruah Cl,other,other,24.2,30.2,24.2,0,0,0,24.2,0,modelled
regionbuses:2330469,regionbuses:2330470,Charlton Rd at Cobcroft Rd,Charlton Rd opp Cobcroft Rd,other,other,22.6,28.2,22.6,0,0,0,22.6,0,modelled
regionbuses:2330487,regionbuses:2330488,Carrowbrook Rd at Gaerys Crossing Rd,Gaerys Crossing Rd at Carrowbrook Rd,other,other,22.3,27.8,22.3,0,0,0,22.3,0,modelled
regionbuses:2330489,regionbuses:2330490,"Lake St Clair Recreation, Carrowbrook Rd","Lake St Clair Recreation, Carrowbrook Rd",other,other,21.1,26.4,21.1,0,0,0,21.1,0,modelled
regionbuses:2330491,regionbuses:2330492,Carrowbrook Rd opp Old Carrowbrook Rd,Carrowbrook Rd at Old Carrowbrook Rd,other,other,43.1,53.9,43.1,0,0,0,43.1,0,modelled
regionbuses:2330495,regionbuses:2330496,Church St opp 20,20 Church St,other,other,13.8,17.2,13.8,0,0,0,13.8,0,modelled
regionbuses:2335109,regionbuses:233519,Fleet St before Cessnock Rd,Bridge St at Fleet St,other,other,93.4,116.7,93.4,0,1,22,115.4,0,modelled
regionbuses:2335117,regionbuses:2335130,Wedgetail Cl at Lambs Valley Rd,Lambs Valley Rd opp Wedgetail Cl,other,other,40.7,50.9,40.7,0,0,0,40.7,0,modelled
regionbuses:2335118,regionbuses:2335137,262 Lambs Valley Rd,245 Lambs Valley Rd,other,other,16.4,20.5,16.4,0,0,0,16.4,0,modelled
regionbuses:2335119,regionbuses:2335126,207 Lambs Valley Rd,79 Lambs Valley Rd,other,other,15.6,19.5,15.6,0,0,0,15.6,0,modelled
regionbuses:2335120,regionbuses:2335124,Luskintyre Rd after Maitland Vale Rd,Luskintyre Rd before Maitland Vale Rd,other,other,9.2,11.5,9.2,0,0,0,9.2,0,modelled
regionbuses:2335121,regionbuses:2335136,1148 Luskintyre Rd,1133 Luskintyre Rd,other,other,11.8,14.8,11.8,0,0,0,11.8,0,modelled
regionbuses:2335122,regionbuses:2335123,1006 Luskintyre Rd,1009 Luskintyre Rd,other,other,11.8,14.7,11.8,0,0,0,11.8,0,modelled
regionbuses:2335125,regionbuses:2335133,Lambs Valley Rd opp 40,40 Lambs Valley Rd,other,other,17.0,21.3,17.0,0,0,0,17.0,0,modelled
regionbuses:2335128,regionbuses:2335132,585 Lambs Valley Rd,572 Lambs Valley Rd,other,other,149.5,186.9,149.5,0,1,22,171.5,0,modelled
regionbuses:2335128,regionbuses:2335138,585 Lambs Valley Rd,Lambs Valley Rd opp 572,other,other,122.5,153.1,122.5,0,1,22,144.5,0,modelled
regionbuses:2335132,regionbuses:2335138,572 Lambs Valley Rd,Lambs Valley Rd opp 572,other,other,28.6,35.7,28.6,0,0,0,28.6,0,modelled
regionbuses:2335134,regionbuses:2335135,Luskintyre Rd opp 1099,1099 Luskintyre Rd,other,other,14.4,18.0,14.4,0,0,0,14.4,0,modelled
regionbuses:2420126,regionbuses:2420127,Clarence Town Rd opp 3490,3490 Clarence Town Rd,other,other,16.6,20.7,16.6,0,0,0,16.6,0,modelled
regionbuses:2420157,regionbuses:2420160,Alison Rd opp 693,693 Alison Rd,other,other,35.8,44.8,35.8,0,0,0,35.8,0,modelled
regionbuses:2420181,regionbuses:2420227,Lord St at Myles St,Lord St before Mary St,other,other,119.1,148.9,119.1,0,1,22,141.1,0,modelled
regionbuses:2420181,regionbuses:2420228,Lord St at Myles St,Lord St after Mary St,other,other,43.1,53.8,43.1,0,0,0,43.1,0,modelled
regionbuses:2420182,regionbuses:2420187,Dungog Rd opp 1597,1597 Dungog Rd,other,other,18.3,22.8,18.3,0,0,0,18.3,0,modelled
regionbuses:2420183,regionbuses:242058,Dungog Rd at Wallarobba-Brookfield Rd,Dungog Rd after Wallarobba-Brookfield Rd,other,other,106.7,133.4,106.7,0,1,22,128.7,0,modelled
regionbuses:2420184,regionbuses:2420186,1332 Dungog Rd,1329 Dungog Rd,other,other,32.8,41.0,32.8,0,0,0,32.8,0,modelled
regionbuses:2420209,regionbuses:2420210,333 Alison Rd,Alison Rd opp 333,other,other,25.1,31.4,25.1,0,0,0,25.1,0,modelled
regionbuses:2420211,sydneytrains:2420101,Dungog Rd after Clarence Town Rd,Wirragulla Station Platform 1,other,heavy_rail,301.0,376.3,301.0,0,1,22,323.0,0,modelled
regionbuses:2420214,regionbuses:242034,"Martin Creek Public School, Cook St","Anglican Church, Cory St",other,other,91.8,114.7,91.8,0,1,22,113.8,0,modelled
regionbuses:2420214,regionbuses:242073,"Martin Creek Public School, Cook St",Cory St opp Martins Creek Public School,other,other,100.1,125.2,100.1,0,1,22,122.1,0,modelled
regionbuses:2420216,regionbuses:242090,Clarence Town Rd opp Wade St,Clarence Town Rd at Wade St,other,other,21.6,27.0,21.6,0,0,0,21.6,0,modelled
regionbuses:2420227,regionbuses:2420228,Lord St before Mary St,Lord St after Mary St,other,other,92.8,116.0,92.8,0,1,22,114.8,0,modelled
regionbuses:2421100,regionbuses:2421103,Gresford Rd opp 150,150 Gresford Rd,other,other,28.8,36.0,28.8,0,0,0,28.8,0,modelled
regionbuses:2421101,sydneytrains:242141,Main St after Victoria St,Paterson Station Platform 1,other,heavy_rail,170.2,212.7,170.2,0,1,22,192.2,0,modelled
regionbuses:2421102,regionbuses:242198,1508 Paterson Rd,1549 Paterson Rd,other,other,48.8,61.0,48.8,0,0,0,48.8,0,modelled
regionbuses:2421104,sydneytrains:242141,Maitland Rd after Prince St,Paterson Station Platform 1,other,heavy_rail,302.8,378.5,302.8,0,1,22,324.8,0,modelled
regionbuses:2421105,regionbuses:2421108,Lomandra Cct before Brisbane Gr,87 Lomandra Cct,other,other,90.7,113.4,90.7,0,1,22,112.7,0,modelled
regionbuses:2421106,regionbuses:2421110,Martins Creek Rd opp Keppies Rd,Martins Creek Rd before Keppies Rd,other,other,121.2,151.5,121.2,0,1,22,143.2,0,modelled
regionbuses:2421107,regionbuses:242179,Martins Creek Rd at Woodglen Cl,Martins Creek Rd after Woodglen Cl,other,other,62.1,77.7,62.1,0,1,22,84.1,0,modelled
regionbuses:2421110,regionbuses:242178,Martins Creek Rd before Keppies Rd,Martins Creek Rd after Keppies Rd,other,other,73.7,92.2,73.7,0,1,22,95.7,0,modelled
regionbuses:2421111,regionbuses:242177,Martins Creek Rd opp Brisbane Gr,Martins Creek Rd after Brisbane Gr,other,other,85.6,107.0,85.6,0,1,22,107.6,0,modelled
regionbuses:2421112,regionbuses:242176,128 Martins Creek Rd,129 Martins Creek Rd,other,other,14.9,18.6,14.9,0,0,0,14.9,0,modelled
regionbuses:2421115,regionbuses:242165,View St before Horns Crossing Rd,Horns Crossing Rd at View St,other,other,56.8,71.0,56.8,0,0,0,56.8,0,modelled
regionbuses:2421116,regionbuses:242180,Martins Creek Rd at Black Rock Rd,Martins Creek Rd opp Black Rock Rd,other,other,14.4,18.0,14.4,0,0,0,14.4,0,modelled
regionbuses:2428160,regionbuses:24286,Boomerang Dr before Croll St,Boomerang Dr after Croll St,other,other,106.2,132.8,106.2,0,1,22,128.2,0,modelled
regionbuses:2428161,regionbuses:24284,The Lakes Way opp Sundowner Tiona Tourist Park,"Sundowner Tiona Tourist Park, The Lakes Way",other,other,14.3,17.9,14.3,0,0,0,14.3,0,modelled
regionbuses:2428172,regionbuses:24285,The Lakes Way opp Macwood Rd,The Lakes Way at Macwood Rd,other,other,27.9,34.9,27.9,0,0,0,27.9,0,modelled
sydneytrains:206451,sydneytrains:206452,Artarmon Station Platform 1,Artarmon Station Platform 2,heavy_rail,heavy_rail,5.1,6.4,5.1,0,0,0,5.1,0,modelled
sydneytrains:2131121,sydneytrains:2131122,Ashfield Station Platform 1,Ashfield Station Platform 2,heavy_rail,heavy_rail,7.6,9.6,7.6,0,0,0,7.6,0,modelled
sydneytrains:2131121,sydneytrains:2131123,Ashfield Station Platform 1,Ashfield Station Platform 3,heavy_rail,heavy_rail,14.7,18.4,14.7,0,0,0,14.7,0,modelled
sydneytrains:2131121,sydneytrains:2131125,Ashfield Station Platform 1,Ashfield Station Platform 5,heavy_rail,heavy_rail,35.1,43.9,35.1,0,0,0,35.1,0,modelled
sydneytrains:2131122,sydneytrains:2131123,Ashfield Station Platform 2,Ashfield Station Platform 3,heavy_rail,heavy_rail,7.1,8.8,7.1,0,0,0,7.1,0,modelled
sydneytrains:2131122,sydneytrains:2131125,Ashfield Station Platform 2,Ashfield Station Platform 5,heavy_rail,heavy_rail,28.0,35.1,28.0,0,0,0,28.0,0,modelled
sydneytrains:2131123,sydneytrains:2131125,Ashfield Station Platform 3,Ashfield Station Platform 5,heavy_rail,heavy_rail,21.9,27.4,21.9,0,0,0,21.9,0,modelled
sydneytrains:2077291,sydneytrains:2077292,Asquith Station Platform 1,Asquith Station Platform 2,heavy_rail,heavy_rail,12.0,15.0,12.0,0,0,0,12.0,0,modelled
sydneytrains:2289331,sydneytrains:2289332,Adamstown Station Platform 1,Adamstown Station Platform 2,heavy_rail,heavy_rail,10.4,13.0,10.4,0,0,0,10.4,0,modelled
sydneytrains:2283221,sydneytrains:2283222,Awaba Station Platform 1,Awaba Station Platform 2,heavy_rail,heavy_rail,10.4,13.0,10.4,0,0,0,10.4,0,modelled
sydneytrains:211981,sydneytrains:211982,Beecroft Station Platform 1,Beecroft Station Platform 2,heavy_rail,heavy_rail,6.8,8.5,6.8,0,0,0,6.8,0,modelled
sydneytrains:208171,sydneytrains:208172,Berowra Station Platform 1,Berowra Station Platform 2,heavy_rail,heavy_rail,6.0,7.5,6.0,0,0,0,6.0,0,modelled
sydneytrains:208171,sydneytrains:208173,Berowra Station Platform 1,Berowra Station Platform 3,heavy_rail,heavy_rail,20.7,25.8,20.7,0,0,0,20.7,0,modelled
sydneytrains:208172,sydneytrains:208173,Berowra Station Platform 2,Berowra Station Platform 3,heavy_rail,heavy_rail,15.9,19.8,15.9,0,0,0,15.9,0,modelled
sydneytrains:229271,sydneytrains:229272,Broadmeadow Station Platform 1,Broadmeadow Station Platform 2,heavy_rail,heavy_rail,10.2,12.7,10.2,0,0,0,10.2,0,modelled
sydneytrains:229271,sydneytrains:229273,Broadmeadow Station Platform 1,Broadmeadow Station Platform 3,heavy_rail,heavy_rail,18.9,23.6,18.9,0,0,0,18.9,0,modelled
sydneytrains:229272,sydneytrains:229273,Broadmeadow Station Platform 2,Broadmeadow Station Platform 3,heavy_rail,heavy_rail,8.7,10.9,8.7,0,0,0,8.7,0,modelled
sydneytrains:233591,sydneytrains:233592,Branxton Station Platform 1,Branxton Station Platform 2,heavy_rail,heavy_rail,9.5,11.9,9.5,0,0,0,9.5,0,modelled
sydneytrains:2284161,sydneytrains:2284162,Booragul Station Platform 1,Booragul Station Platform 2,heavy_rail,heavy_rail,7.5,9.4,7.5,0,0,0,7.5,0,modelled
sydneytrains:2322221,sydneytrains:2322222,Beresfield Station Platform 1,Beresfield Station Platform 2,heavy_rail,heavy_rail,5.4,6.8,5.4,0,0,0,5.4,0,modelled
sydneytrains:213491,sydneytrains:213492,Burwood Station Platform 1,Burwood Station Platform 2,heavy_rail,heavy_rail,11.3,14.1,11.3,0,0,0,11.3,0,modelled
sydneytrains:213491,sydneytrains:213493,Burwood Station Platform 1,Burwood Station Platform 3,heavy_rail,heavy_rail,20.3,25.4,20.3,0,0,0,20.3,0,modelled
sydneytrains:213491,sydneytrains:213494,Burwood Station Platform 1,Burwood Station Platform 4,heavy_rail,heavy_rail,29.0,36.3,29.0,0,0,0,29.0,0,modelled
sydneytrains:213491,sydneytrains:213495,Burwood Station Platform 1,Burwood Station Platform 5,heavy_rail,heavy_rail,37.2,46.5,37.2,0,0,0,37.2,0,modelled
sydneytrains:213491,sydneytrains:213496,Burwood Station Platform 1,Burwood Station Platform 6,heavy_rail,heavy_rail,46.8,58.5,46.8,0,0,0,46.8,0,modelled
sydneytrains:213492,sydneytrains:213493,Burwood Station Platform 2,Burwood Station Platform 3,heavy_rail,heavy_rail,9.1,11.3,9.1,0,0,0,9.1,0,modelled
sydneytrains:213492,sydneytrains:213494,Burwood Station Platform 2,Burwood Station Platform 4,heavy_rail,heavy_rail,17.8,22.2,17.8,0,0,0,17.8,0,modelled
sydneytrains:213492,sydneytrains:213495,Burwood Station Platform 2,Burwood Station Platform 5,heavy_rail,heavy_rail,25.9,32.4,25.9,0,0,0,25.9,0,modelled
sydneytrains:213492,sydneytrains:213496,Burwood Station Platform 2,Burwood Station Platform 6,heavy_rail,heavy_rail,35.5,44.4,35.5,0,0,0,35.5,0,modelled
sydneytrains:213493,sydneytrains:213494,Burwood Station Platform 3,Burwood Station Platform 4,heavy_rail,heavy_rail,8.8,11.0,8.8,0,0,0,8.8,0,modelled
sydneytrains:213493,sydneytrains:213495,Burwood Station Platform 3,Burwood Station Platform 5,heavy_rail,heavy_rail,16.9,21.1,16.9,0,0,0,16.9,0,modelled
sydneytrains:213493,sydneytrains:213496,Burwood Station Platform 3,Burwood Station Platform 6,heavy_rail,heavy_rail,26.5,33.1,26.5,0,0,0,26.5,0,modelled
sydneytrains:213494,sydneytrains:213495,Burwood Station Platform 4,Burwood Station Platform 5,heavy_rail,heavy_rail,8.2,10.2,8.2,0,0,0,8.2,0,modelled
sydneytrains:213494,sydneytrains:213496,Burwood Station Platform 4,Burwood Station Platform 6,heavy_rail,heavy_rail,17.8,22.2,17.8,0,0,0,17.8,0,modelled
sydneytrains:213495,sydneytrains:213496,Burwood Station Platform 5,Burwood Station Platform 6,heavy_rail,heavy_rail,9.6,12.0,9.6,0,0,0,9.6,0,modelled
sydneytrains:2284171,sydneytrains:2284172,Cockle Creek Station Platform 1,Cockle Creek Station Platform 2,heavy_rail,heavy_rail,10.5,13.1,10.5,0,0,0,10.5,0,modelled
sydneytrains:2285361,sydneytrains:2285362,Cardiff Station Platform 1,Cardiff Station Platform 2,heavy_rail,heavy_rail,8.1,10.2,8.1,0,0,0,8.1,0,modelled
sydneytrains:2000336,sydneytrains:2000338,Central Station Platform 16,Central Station Platform 18,heavy_rail,heavy_rail,17.3,21.7,17.3,0,0,0,17.3,0,modelled
sydneytrains:211991,sydneytrains:211992,Cheltenham Station Platform 1,Cheltenham Station Platform 2,heavy_rail,heavy_rail,14.3,17.9,14.3,0,0,0,14.3,0,modelled
sydneytrains:211962,sydneytrains:211991,Cheltenham Station Platform 3,Cheltenham Station Platform 1,heavy_rail,heavy_rail,27.7,34.6,27.7,0,0,0,27.7,0,modelled
sydneytrains:211962,sydneytrains:211992,Cheltenham Station Platform 3,Cheltenham Station Platform 2,heavy_rail,heavy_rail,13.4,16.7,13.4,0,0,0,13.4,0,modelled
sydneytrains:213881,sydneytrains:213882,Concord West Station Platform 2,Concord West Station Platform 3,heavy_rail,heavy_rail,12.0,15.0,12.0,0,0,0,12.0,0,modelled
sydneytrains:213881,sydneytrains:213883,Concord West Station Platform 2,Concord West Station Platform 4,heavy_rail,heavy_rail,17.0,21.2,17.0,0,0,0,17.0,0,modelled
sydneytrains:213882,sydneytrains:213883,Concord West Station Platform 3,Concord West Station Platform 4,heavy_rail,heavy_rail,5.2,6.5,5.2,0,0,0,5.2,0,modelled
sydneytrains:2067141,sydneytrains:2067144,Chatswood Station Platform 1,Chatswood Station Platform 4,heavy_rail,heavy_rail,20.8,26.0,20.8,0,0,0,20.8,0,modelled
sydneytrains:208181,sydneytrains:208182,Cowan Station Platform 1,Cowan Station Platform 2,heavy_rail,heavy_rail,10.4,13.0,10.4,0,0,0,10.4,0,modelled
sydneytrains:213281,sydneytrains:213282,Croydon Station Platform 1,Croydon Station Platform 2,heavy_rail,heavy_rail,8.3,10.4,8.3,0,0,0,8.3,0,modelled
sydneytrains:213281,sydneytrains:213283,Croydon Station Platform 1,Croydon Station Platform 3,heavy_rail,heavy_rail,19.6,24.5,19.6,0,0,0,19.6,0,modelled
sydneytrains:213281,sydneytrains:213284,Croydon Station Platform 1,Croydon Station Platform 4,heavy_rail,heavy_rail,24.7,30.8,24.7,0,0,0,24.7,0,modelled
sydneytrains:213281,sydneytrains:213285,Croydon Station Platform 1,Croydon Station Platform 5,heavy_rail,heavy_rail,35.5,44.3,35.5,0,0,0,35.5,0,modelled
sydneytrains:213282,sydneytrains:213283,Croydon Station Platform 2,Croydon Station Platform 3,heavy_rail,heavy_rail,11.6,14.5,11.6,0,0,0,11.6,0,modelled
sydneytrains:213282,sydneytrains:213284,Croydon Station Platform 2,Croydon Station Platform 4,heavy_rail,heavy_rail,16.7,20.8,16.7,0,0,0,16.7,0,modelled
sydneytrains:213282,sydneytrains:213285,Croydon Station Platform 2,Croydon Station Platform 5,heavy_rail,heavy_rail,28.1,35.1,28.1,0,0,0,28.1,0,modelled
sydneytrains:213283,sydneytrains:213284,Croydon Station Platform 3,Croydon Station Platform 4,heavy_rail,heavy_rail,5.1,6.3,5.1,0,0,0,5.1,0,modelled
sydneytrains:213283,sydneytrains:213285,Croydon Station Platform 3,Croydon Station Platform 5,heavy_rail,heavy_rail,16.7,20.9,16.7,0,0,0,16.7,0,modelled
sydneytrains:213284,sydneytrains:213285,Croydon Station Platform 4,Croydon Station Platform 5,heavy_rail,heavy_rail,12.2,15.2,12.2,0,0,0,12.2,0,modelled
sydneytrains:2264191,sydneytrains:2264192,Dora Creek Station Platform 1,Dora Creek Station Platform 2,heavy_rail,heavy_rail,10.5,13.1,10.5,0,0,0,10.5,0,modelled
sydneytrains:242061,sydneytrains:242062,Dungog Station Platform 1,Dungog Station Platform 2,heavy_rail,heavy_rail,18.0,22.5,18.0,0,0,0,18.0,0,modelled
sydneytrains:2114171,sydneytrains:2114172,Denistone Station Platform 1,Denistone Station Platform 2,heavy_rail,heavy_rail,7.7,9.7,7.7,0,0,0,7.7,0,modelled
sydneytrains:2114171,sydneytrains:2114173,Denistone Station Platform 1,Denistone Station Platform 3,heavy_rail,heavy_rail,18.5,23.1,18.5,0,0,0,18.5,0,modelled
sydneytrains:2114171,sydneytrains:2114174,Denistone Station Platform 1,Denistone Station Platform 4,heavy_rail,heavy_rail,25.6,32.0,25.6,0,0,0,25.6,0,modelled
sydneytrains:2114172,sydneytrains:2114173,Denistone Station Platform 2,Denistone Station Platform 3,heavy_rail,heavy_rail,10.9,13.6,10.9,0,0,0,10.9,0,modelled
sydneytrains:2114172,sydneytrains:2114174,Denistone Station Platform 2,Denistone Station Platform 4,heavy_rail,heavy_rail,18.0,22.5,18.0,0,0,0,18.0,0,modelled
sydneytrains:2114173,sydneytrains:2114174,Denistone Station Platform 3,Denistone Station Platform 4,heavy_rail,heavy_rail,7.1,8.9,7.1,0,0,0,7.1,0,modelled
sydneytrains:2323311,sydneytrains:2323312,East Maitland Station Platform 1,East Maitland Station Platform 2,heavy_rail,heavy_rail,7.2,9.0,7.2,0,0,0,7.2,0,modelled
sydneytrains:2121221,sydneytrains:2121222,Epping Station Platform 1,Epping Station Platform 2,heavy_rail,heavy_rail,14.0,17.5,14.0,0,0,0,14.0,0,modelled
sydneytrains:2121221,sydneytrains:2121223,Epping Station Platform 1,Epping Station Platform 3,heavy_rail,heavy_rail,53.2,66.5,53.2,0,0,0,53.2,0,modelled
sydneytrains:2121222,sydneytrains:2121223,Epping Station Platform 2,Epping Station Platform 3,heavy_rail,heavy_rail,48.5,60.6,48.5,0,0,0,48.5,0,modelled
sydneytrains:2122231,sydneytrains:2122232,Eastwood Station Platform 1,Eastwood Station Platform 2,heavy_rail,heavy_rail,7.8,9.7,7.8,0,0,0,7.8,0,modelled
sydneytrains:2122231,sydneytrains:2122233,Eastwood Station Platform 1,Eastwood Station Platform 3,heavy_rail,heavy_rail,19.8,24.7,19.8,0,0,0,19.8,0,modelled
sydneytrains:2122231,sydneytrains:2122234,Eastwood Station Platform 1,Eastwood Station Platform 4,heavy_rail,heavy_rail,28.7,35.8,28.7,0,0,0,28.7,0,modelled
sydneytrains:2122232,sydneytrains:2122233,Eastwood Station Platform 2,Eastwood Station Platform 3,heavy_rail,heavy_rail,12.0,15.0,12.0,0,0,0,12.0,0,modelled
sydneytrains:2122232,sydneytrains:2122234,Eastwood Station Platform 2,Eastwood Station Platform 4,heavy_rail,heavy_rail,20.9,26.1,20.9,0,0,0,20.9,0,modelled
sydneytrains:2122233,sydneytrains:2122234,Eastwood Station Platform 3,Eastwood Station Platform 4,heavy_rail,heavy_rail,8.9,11.1,8.9,0,0,0,8.9,0,modelled
sydneytrains:2283231,sydneytrains:2283232,Fassifern Station Platform 1,Fassifern Station Platform 2,heavy_rail,heavy_rail,14.0,17.4,14.0,0,0,0,14.0,0,modelled
sydneytrains:2250791,sydneytrains:2250792,Gosford Station Platform 1,Gosford Station Platform 2,heavy_rail,heavy_rail,18.2,22.7,18.2,0,0,0,18.2,0,modelled
sydneytrains:2250791,sydneytrains:2250793,Gosford Station Platform 1,Gosford Station Platform 3,heavy_rail,heavy_rail,25.1,31.4,25.1,0,0,0,25.1,0,modelled
sydneytrains:2250792,sydneytrains:2250793,Gosford Station Platform 2,Gosford Station Platform 3,heavy_rail,heavy_rail,8.9,11.1,8.9,0,0,0,8.9,0,modelled
sydneytrains:207261,sydneytrains:207263,Gordon Station Platform 1,Gordon Station Platform 3,heavy_rail,heavy_rail,17.2,21.6,17.2,0,0,0,17.2,0,modelled
sydneytrains:233461,sydneytrains:233462,Greta Station Platform 1,Greta Station Platform 2,heavy_rail,heavy_rail,10.2,12.8,10.2,0,0,0,10.2,0,modelled
sydneytrains:2303151,sydneytrains:2303152,Hamilton Station Platform 1,Hamilton Station Platform 2,heavy_rail,heavy_rail,27.5,34.3,27.5,0,0,0,27.5,0,modelled
sydneytrains:2077302,sydneytrains:2077303,Hornsby Station Platform 2,Hornsby Station Platform 3,heavy_rail,heavy_rail,4.2,5.2,4.2,0,0,0,4.2,0,modelled
sydneytrains:2077302,sydneytrains:2077304,Hornsby Station Platform 2,Hornsby Station Platform 4,heavy_rail,heavy_rail,15.8,19.7,15.8,0,0,0,15.8,0,modelled
sydneytrains:2077302,sydneytrains:2077305,Hornsby Station Platform 2,Hornsby Station Platform 5,heavy_rail,heavy_rail,22.0,27.5,22.0,0,0,0,22.0,0,modelled
sydneytrains:2077303,sydneytrains:2077304,Hornsby Station Platform 3,Hornsby Station Platform 4,heavy_rail,heavy_rail,12.0,15.0,12.0,0,0,0,12.0,0,modelled
sydneytrains:2077303,sydneytrains:2077305,Hornsby Station Platform 3,Hornsby Station Platform 5,heavy_rail,heavy_rail,18.1,22.6,18.1,0,0,0,18.1,0,modelled
sydneytrains:2077304,sydneytrains:2077305,Hornsby Station Platform 4,Hornsby Station Platform 5,heavy_rail,heavy_rail,6.4,8.0,6.4,0,0,0,6.4,0,modelled
sydneytrains:208341,sydneytrains:208342,Hawkesbury River Station Platform 1,Hawkesbury River Station Platform 2,heavy_rail,heavy_rail,7.2,9.0,7.2,0,0,0,7.2,0,modelled
sydneytrains:2320301,sydneytrains:2320302,High Street Station Platform 1,High Street Station Platform 2,heavy_rail,heavy_rail,6.5,8.1,6.5,0,0,0,6.5,0,modelled
sydneytrains:2322231,sydneytrains:2322232,Hexham Station Platform 1,Hexham Station Platform 2,heavy_rail,heavy_rail,4.9,6.1,4.9,0,0,0,4.9,0,modelled
sydneytrains:207191,sydneytrains:207192,Killara Station Platform 1,Killara Station Platform 2,heavy_rail,heavy_rail,7.9,9.8,7.9,0,0,0,7.9,0,modelled
sydneytrains:2289341,sydneytrains:2289342,Kotara Station Platform 1,Kotara Station Platform 2,heavy_rail,heavy_rail,5.8,7.2,5.8,0,0,0,5.8,0,modelled
sydneytrains:2256451,sydneytrains:2256452,Koolewong Station Platform 1,Koolewong Station Platform 2,heavy_rail,heavy_rail,9.6,12.0,9.6,0,0,0,9.6,0,modelled
sydneytrains:2070141,sydneytrains:2070143,Lindfield Station Platform 1,Lindfield Station Platform 3,heavy_rail,heavy_rail,17.7,22.1,17.7,0,0,0,17.7,0,modelled
sydneytrains:204981,sydneytrains:204982,Lewisham Station Platform 1,Lewisham Station Platform 2,heavy_rail,heavy_rail,11.2,14.1,11.2,0,0,0,11.2,0,modelled
sydneytrains:2321161,sydneytrains:2321162,Lochinvar Station Platform 1,Lochinvar Station Platform 2,heavy_rail,heavy_rail,9.4,11.8,9.4,0,0,0,9.4,0,modelled
sydneytrains:2250801,sydneytrains:2250802,Lisarow Station Platform 1,Lisarow Station Platform 2,heavy_rail,heavy_rail,10.5,13.1,10.5,0,0,0,10.5,0,modelled
sydneytrains:2015121,sydneytrains:2015122,Macdonaldtown Station Platform 1,Macdonaldtown Station Platform 2,heavy_rail,heavy_rail,4.1,5.1,4.1,0,0,0,4.1,0,modelled
sydneytrains:2114181,sydneytrains:2114182,Meadowbank Station Platform 1,Meadowbank Station Platform 2,heavy_rail,heavy_rail,10.9,13.6,10.9,0,0,0,10.9,0,modelled
sydneytrains:2323321,sydneytrains:2323322,Metford Station Platform 1,Metford Station Platform 2,heavy_rail,heavy_rail,4.1,5.1,4.1,0,0,0,4.1,0,modelled
sydneytrains:208041,sydneytrains:208042,Mount Kuring-gai Station Platform 1,Mount Kuring-gai Station Platform 2,heavy_rail,heavy_rail,6.9,8.6,6.9,0,0,0,6.9,0,modelled
sydneytrains:2320311,sydneytrains:2320312,Maitland Station Platform 1,Maitland Station Platform 2,heavy_rail,heavy_rail,17.4,21.8,17.4,0,0,0,17.4,0,modelled
sydneytrains:2320311,sydneytrains:2320313,Maitland Station Platform 1,Maitland Station Platform 3,heavy_rail,heavy_rail,23.0,28.7,23.0,0,0,0,23.0,0,modelled
sydneytrains:2320311,sydneytrains:2320314,Maitland Station Platform 1,Maitland Station Platform 4,heavy_rail,heavy_rail,33.5,41.9,33.5,0,0,0,33.5,0,modelled
sydneytrains:2320312,sydneytrains:2320313,Maitland Station Platform 2,Maitland Station Platform 3,heavy_rail,heavy_rail,6.9,8.6,6.9,0,0,0,6.9,0,modelled
sydneytrains:2320312,sydneytrains:2320314,Maitland Station Platform 2,Maitland Station Platform 4,heavy_rail,heavy_rail,18.3,22.8,18.3,0,0,0,18.3,0,modelled
sydneytrains:2320313,sydneytrains:2320314,Maitland Station Platform 3,Maitland Station Platform 4,heavy_rail,heavy_rail,11.4,14.2,11.4,0,0,0,11.4,0,modelled
sydneytrains:206141,sydneytrains:206142,Milsons Point Station Platform 1,Milsons Point Station Platform 2,heavy_rail,heavy_rail,5.8,7.3,5.8,0,0,0,5.8,0,modelled
sydneytrains:2264201,sydneytrains:2264202,Morisset Station Platform 1,Morisset Station Platform 2,heavy_rail,heavy_rail,26.6,33.2,26.6,0,0,0,26.6,0,modelled
sydneytrains:2079101,sydneytrains:2079102,Mount Colah Station Platform 1,Mount Colah Station Platform 2,heavy_rail,heavy_rail,6.9,8.6,6.9,0,0,0,6.9,0,modelled
sydneytrains:2250821,sydneytrains:2250822,Niagara Park Station Platform 1,Niagara Park Station Platform 2,heavy_rail,heavy_rail,5.9,7.3,5.9,0,0,0,5.9,0,modelled
sydneytrains:2076231,sydneytrains:2076232,Normanhurst Station Platform 1,Normanhurst Station Platform 2,heavy_rail,heavy_rail,11.2,14.0,11.2,0,0,0,11.2,0,modelled
sydneytrains:2250811,sydneytrains:2250812,Narara Station Platform 1,Narara Station Platform 2,heavy_rail,heavy_rail,10.5,13.2,10.5,0,0,0,10.5,0,modelled
sydneytrains:2137171,sydneytrains:2137172,North Strathfield Station Platform 1,North Strathfield Station Platform 2,heavy_rail,heavy_rail,7.6,9.5,7.6,0,0,0,7.6,0,modelled
sydneytrains:2137171,sydneytrains:2137173,North Strathfield Station Platform 1,North Strathfield Station Platform 3,heavy_rail,heavy_rail,19.7,24.7,19.7,0,0,0,19.7,0,modelled
sydneytrains:2137172,sydneytrains:2137173,North Strathfield Station Platform 2,North Strathfield Station Platform 3,heavy_rail,heavy_rail,12.1,15.2,12.1,0,0,0,12.1,0,modelled
sydneytrains:2060101,sydneytrains:2060104,North Sydney Station Platform 1,North Sydney Station Platform 4,heavy_rail,heavy_rail,44.8,56.0,44.8,0,0,0,44.8,0,modelled
sydneytrains:204261,sydneytrains:204262,Newtown Station Platform 1,Newtown Station Platform 2,heavy_rail,heavy_rail,5.6,7.0,5.6,0,0,0,5.6,0,modelled
sydneytrains:229351,sydneytrains:229352,Newcastle Interchange Station Platform 1,Newcastle Interchange Station Platform 2,heavy_rail,heavy_rail,12.5,15.6,12.5,1,0,0,12.5,1,modelled
sydneytrains:229351,sydneytrains:229354,Newcastle Interchange Station Platform 1,Newcastle Interchange Station Platform 3,heavy_rail,heavy_rail,15.2,19.0,15.2,1,0,0,15.2,1,modelled
sydneytrains:229352,sydneytrains:229354,Newcastle Interchange Station Platform 2,Newcastle Interchange Station Platform 3,heavy_rail,heavy_rail,2.7,3.4,2.7,1,0,0,2.7,1,modelled
sydneytrains:2258111,sydneytrains:2258112,Ourimbah Station Platform 1,Ourimbah Station Platform 2,heavy_rail,heavy_rail,28.6,35.7,28.6,0,0,0,28.6,0,modelled
sydneytrains:2250831,sydneytrains:2250832,Point Clare Station Platform 1,Point Clare Station Platform 2,heavy_rail,heavy_rail,10.5,13.2,10.5,0,0,0,10.5,0,modelled
sydneytrains:204991,sydneytrains:204992,Petersham Station Platform 1,Petersham Station Platform 2,heavy_rail,heavy_rail,9.5,11.8,9.5,0,0,0,9.5,0,modelled
sydneytrains:2120201,sydneytrains:2120202,Pennant Hills Station Platform 1,Pennant Hills Station Platform 2,heavy_rail,heavy_rail,17.5,21.8,17.5,0,0,0,17.5,0,modelled
sydneytrains:2120201,sydneytrains:212042,Pennant Hills Station Platform 1,Pennant Hills Station Platform 3,heavy_rail,heavy_rail,18.5,23.1,18.5,0,0,0,18.5,0,modelled
sydneytrains:2120202,sydneytrains:212042,Pennant Hills Station Platform 2,Pennant Hills Station Platform 3,heavy_rail,heavy_rail,19.2,24.0,19.2,0,0,0,19.2,0,modelled
sydneytrains:2073161,sydneytrains:2073162,Pymble Station Platform 1,Pymble Station Platform 2,heavy_rail,heavy_rail,7.3,9.1,7.3,0,0,0,7.3,0,modelled
sydneytrains:2015131,sydneytrains:2015132,Redfern Station Platform 1,Redfern Station Platform 2,heavy_rail,heavy_rail,11.6,14.5,11.6,0,0,0,11.6,0,modelled
sydneytrains:2015131,sydneytrains:2015133,Redfern Station Platform 1,Redfern Station Platform 3,heavy_rail,heavy_rail,15.1,18.9,15.1,0,0,0,15.1,0,modelled
sydneytrains:2015131,sydneytrains:2015134,Redfern Station Platform 1,Redfern Station Platform 4,heavy_rail,heavy_rail,25.4,31.8,25.4,0,0,0,25.4,0,modelled
sydneytrains:2015131,sydneytrains:2015135,Redfern Station Platform 1,Redfern Station Platform 5,heavy_rail,heavy_rail,30.1,37.6,30.1,0,0,0,30.1,0,modelled
sydneytrains:2015131,sydneytrains:2015136,Redfern Station Platform 1,Redfern Station Platform 6,heavy_rail,heavy_rail,42.7,53.4,42.7,0,0,0,42.7,0,modelled
sydneytrains:2015132,sydneytrains:2015133,Redfern Station Platform 2,Redfern Station Platform 3,heavy_rail,heavy_rail,3.5,4.4,3.5,0,0,0,3.5,0,modelled
sydneytrains:2015132,sydneytrains:2015134,Redfern Station Platform 2,Redfern Station Platform 4,heavy_rail,heavy_rail,14.1,17.6,14.1,0,0,0,14.1,0,modelled
sydneytrains:2015132,sydneytrains:2015135,Redfern Station Platform 2,Redfern Station Platform 5,heavy_rail,heavy_rail,18.6,23.3,18.6,0,0,0,18.6,0,modelled
sydneytrains:2015132,sydneytrains:2015136,Redfern Station Platform 2,Redfern Station Platform 6,heavy_rail,heavy_rail,32.0,40.0,32.0,0,0,0,32.0,0,modelled
sydneytrains:2015133,sydneytrains:2015134,Redfern Station Platform 3,Redfern Station Platform 4,heavy_rail,heavy_rail,10.9,13.7,10.9,0,0,0,10.9,0,modelled
sydneytrains:2015133,sydneytrains:2015135,Redfern Station Platform 3,Redfern Station Platform 5,heavy_rail,heavy_rail,15.3,19.1,15.3,0,0,0,15.3,0,modelled
sydneytrains:2015133,sydneytrains:2015136,Redfern Station Platform 3,Redfern Station Platform 6,heavy_rail,heavy_rail,29.0,36.3,29.0,0,0,0,29.0,0,modelled
sydneytrains:2015134,sydneytrains:2015135,Redfern Station Platform 4,Redfern Station Platform 5,heavy_rail,heavy_rail,4.7,5.9,4.7,0,0,0,4.7,0,modelled
sydneytrains:2015134,sydneytrains:2015136,Redfern Station Platform 4,Redfern Station Platform 6,heavy_rail,heavy_rail,18.1,22.7,18.1,0,0,0,18.1,0,modelled
sydneytrains:2015135,sydneytrains:2015136,Redfern Station Platform 5,Redfern Station Platform 6,heavy_rail,heavy_rail,14.4,17.9,14.4,0,0,0,14.4,0,modelled
sydneytrains:213891,sydneytrains:213892,Rhodes Station Platform 1,Rhodes Station Platform 2,heavy_rail,heavy_rail,14.4,18.0,14.4,0,0,0,14.4,0,modelled
sydneytrains:213891,sydneytrains:213893,Rhodes Station Platform 1,Rhodes Station Platform 3,heavy_rail,heavy_rail,19.6,24.6,19.6,0,0,0,19.6,0,modelled
sydneytrains:213892,sydneytrains:213893,Rhodes Station Platform 2,Rhodes Station Platform 3,heavy_rail,heavy_rail,5.5,6.9,5.5,0,0,0,5.5,0,modelled
sydneytrains:2069131,sydneytrains:2069132,Roseville Station Platform 1,Roseville Station Platform 2,heavy_rail,heavy_rail,6.5,8.1,6.5,0,0,0,6.5,0,modelled
sydneytrains:2304291,sydneytrains:2304292,Sandgate Station Platform 1,Sandgate Station Platform 2,heavy_rail,heavy_rail,9.5,11.9,9.5,0,0,0,9.5,0,modelled
sydneytrains:2000322,sydneytrains:2000323,Central Station Platform 2,Central Station Platform 3,heavy_rail,heavy_rail,5.3,6.6,5.3,0,0,0,5.3,0,modelled
sydneytrains:2000322,sydneytrains:2000324,Central Station Platform 2,Central Station Platform 4,heavy_rail,heavy_rail,65.5,81.9,65.5,0,1,22,87.5,0,modelled
sydneytrains:2000322,sydneytrains:2000325,Central Station Platform 2,Central Station Platform 5,heavy_rail,heavy_rail,67.4,84.3,67.4,0,1,22,89.4,0,modelled
sydneytrains:2000322,sydneytrains:2000326,Central Station Platform 2,Central Station Platform 6,heavy_rail,heavy_rail,73.7,92.2,73.7,0,1,22,95.7,0,modelled
sydneytrains:2000322,sydneytrains:2000327,Central Station Platform 2,Central Station Platform 7,heavy_rail,heavy_rail,77.3,96.6,77.3,0,1,22,99.3,0,modelled
sydneytrains:2000322,sydneytrains:2000328,Central Station Platform 2,Central Station Platform 8,heavy_rail,heavy_rail,86.4,108.0,86.4,0,1,22,108.4,0,modelled
sydneytrains:2000322,sydneytrains:2000329,Central Station Platform 2,Central Station Platform 9,heavy_rail,heavy_rail,91.7,114.6,91.7,0,1,22,113.7,0,modelled
sydneytrains:2000322,sydneytrains:2000330,Central Station Platform 2,Central Station Platform 10,heavy_rail,heavy_rail,102.2,127.7,102.2,0,1,22,124.2,0,modelled
sydneytrains:2000322,sydneytrains:2000331,Central Station Platform 2,Central Station Platform 11,heavy_rail,heavy_rail,107.4,134.2,107.4,0,1,22,129.4,0,modelled
sydneytrains:2000322,sydneytrains:2000332,Central Station Platform 2,Central Station Platform 12,heavy_rail,heavy_rail,117.5,146.9,117.5,0,1,22,139.5,0,modelled
sydneytrains:2000322,sydneytrains:2000333,Central Station Platform 2,Central Station Platform 13,heavy_rail,heavy_rail,124.6,155.7,124.6,0,1,22,146.6,0,modelled
sydneytrains:2000323,sydneytrains:2000324,Central Station Platform 3,Central Station Platform 4,heavy_rail,heavy_rail,64.8,81.0,64.8,0,1,22,86.8,0,modelled
sydneytrains:2000323,sydneytrains:2000325,Central Station Platform 3,Central Station Platform 5,heavy_rail,heavy_rail,66.3,82.9,66.3,0,1,22,88.3,0,modelled
sydneytrains:2000323,sydneytrains:2000326,Central Station Platform 3,Central Station Platform 6,heavy_rail,heavy_rail,71.7,89.6,71.7,0,1,22,93.7,0,modelled
sydneytrains:2000323,sydneytrains:2000327,Central Station Platform 3,Central Station Platform 7,heavy_rail,heavy_rail,74.9,93.7,74.9,0,1,22,96.9,0,modelled
sydneytrains:2000323,sydneytrains:2000328,Central Station Platform 3,Central Station Platform 8,heavy_rail,heavy_rail,83.5,104.3,83.5,0,1,22,105.5,0,modelled
sydneytrains:2000323,sydneytrains:2000329,Central Station Platform 3,Central Station Platform 9,heavy_rail,heavy_rail,88.5,110.7,88.5,0,1,22,110.5,0,modelled
sydneytrains:2000323,sydneytrains:2000330,Central Station Platform 3,Central Station Platform 10,heavy_rail,heavy_rail,98.6,123.2,98.6,0,1,22,120.6,0,modelled
sydneytrains:2000323,sydneytrains:2000331,Central Station Platform 3,Central Station Platform 11,heavy_rail,heavy_rail,103.6,129.6,103.6,0,1,22,125.6,0,modelled
sydneytrains:2000323,sydneytrains:2000332,Central Station Platform 3,Central Station Platform 12,heavy_rail,heavy_rail,113.6,142.0,113.6,0,1,22,135.6,0,modelled
sydneytrains:2000323,sydneytrains:2000333,Central Station Platform 3,Central Station Platform 13,heavy_rail,heavy_rail,120.5,150.6,120.5,0,1,22,142.5,0,modelled
sydneytrains:2000324,sydneytrains:2000336,Central Station Platform 4,Central Station Platform 16,heavy_rail,heavy_rail,119.6,149.5,119.6,0,1,22,141.6,0,modelled
sydneytrains:2000324,sydneytrains:2000338,Central Station Platform 4,Central Station Platform 18,heavy_rail,heavy_rail,136.9,171.1,136.9,0,1,22,158.9,0,modelled
sydneytrains:2000324,sydneytrains:2000325,Central Station Platform 4,Central Station Platform 5,heavy_rail,heavy_rail,5.0,6.2,5.0,0,0,0,5.0,0,modelled
sydneytrains:2000324,sydneytrains:2000326,Central Station Platform 4,Central Station Platform 6,heavy_rail,heavy_rail,19.2,24.0,19.2,0,0,0,19.2,0,modelled
sydneytrains:2000324,sydneytrains:2000327,Central Station Platform 4,Central Station Platform 7,heavy_rail,heavy_rail,25.3,31.6,25.3,0,0,0,25.3,0,modelled
sydneytrains:2000324,sydneytrains:2000328,Central Station Platform 4,Central Station Platform 8,heavy_rail,heavy_rail,38.9,48.7,38.9,0,0,0,38.9,0,modelled
sydneytrains:2000324,sydneytrains:2000329,Central Station Platform 4,Central Station Platform 9,heavy_rail,heavy_rail,45.9,57.3,45.9,0,0,0,45.9,0,modelled
sydneytrains:2000324,sydneytrains:2000330,Central Station Platform 4,Central Station Platform 10,heavy_rail,heavy_rail,60.1,75.1,60.1,0,1,22,82.1,0,modelled
sydneytrains:2000324,sydneytrains:2000331,Central Station Platform 4,Central Station Platform 11,heavy_rail,heavy_rail,66.5,83.1,66.5,0,1,22,88.5,0,modelled
sydneytrains:2000324,sydneytrains:2000332,Central Station Platform 4,Central Station Platform 12,heavy_rail,heavy_rail,78.0,97.5,78.0,0,1,22,100.0,0,modelled
sydneytrains:2000324,sydneytrains:2000333,Central Station Platform 4,Central Station Platform 13,heavy_rail,heavy_rail,86.4,107.9,86.4,0,1,22,108.4,0,modelled
sydneytrains:2000325,sydneytrains:2000336,Central Station Platform 5,Central Station Platform 16,heavy_rail,heavy_rail,114.7,143.4,114.7,0,1,22,136.7,0,modelled
sydneytrains:2000325,sydneytrains:2000338,Central Station Platform 5,Central Station Platform 18,heavy_rail,heavy_rail,131.9,164.9,131.9,0,1,22,153.9,0,modelled
sydneytrains:2000325,sydneytrains:2000326,Central Station Platform 5,Central Station Platform 6,heavy_rail,heavy_rail,14.2,17.8,14.2,0,0,0,14.2,0,modelled
sydneytrains:2000325,sydneytrains:2000327,Central Station Platform 5,Central Station Platform 7,heavy_rail,heavy_rail,20.3,25.4,20.3,0,0,0,20.3,0,modelled
sydneytrains:2000325,sydneytrains:2000328,Central Station Platform 5,Central Station Platform 8,heavy_rail,heavy_rail,33.9,42.4,33.9,0,0,0,33.9,0,modelled
sydneytrains:2000325,sydneytrains:2000329,Central Station Platform 5,Central Station Platform 9,heavy_rail,heavy_rail,40.9,51.1,40.9,0,0,0,40.9,0,modelled
sydneytrains:2000325,sydneytrains:2000330,Central Station Platform 5,Central Station Platform 10,heavy_rail,heavy_rail,55.1,68.9,55.1,0,0,0,55.1,0,modelled
sydneytrains:2000325,sydneytrains:2000331,Central Station Platform 5,Central Station Platform 11,heavy_rail,heavy_rail,61.5,76.9,61.5,0,1,22,83.5,0,modelled
sydneytrains:2000325,sydneytrains:2000332,Central Station Platform 5,Central Station Platform 12,heavy_rail,heavy_rail,73.0,91.2,73.0,0,1,22,95.0,0,modelled
sydneytrains:2000325,sydneytrains:2000333,Central Station Platform 5,Central Station Platform 13,heavy_rail,heavy_rail,81.4,101.7,81.4,0,1,22,103.4,0,modelled
sydneytrains:2000326,sydneytrains:2000336,Central Station Platform 6,Central Station Platform 16,heavy_rail,heavy_rail,100.9,126.1,100.9,0,1,22,122.9,0,modelled
sydneytrains:2000326,sydneytrains:2000338,Central Station Platform 6,Central Station Platform 18,heavy_rail,heavy_rail,118.1,147.6,118.1,0,1,22,140.1,0,modelled
sydneytrains:2000326,sydneytrains:2000327,Central Station Platform 6,Central Station Platform 7,heavy_rail,heavy_rail,6.1,7.7,6.1,0,0,0,6.1,0,modelled
sydneytrains:2000326,sydneytrains:2000328,Central Station Platform 6,Central Station Platform 8,heavy_rail,heavy_rail,19.8,24.7,19.8,0,0,0,19.8,0,modelled
sydneytrains:2000326,sydneytrains:2000329,Central Station Platform 6,Central Station Platform 9,heavy_rail,heavy_rail,26.7,33.4,26.7,0,0,0,26.7,0,modelled
sydneytrains:2000326,sydneytrains:2000330,Central Station Platform 6,Central Station Platform 10,heavy_rail,heavy_rail,40.9,51.1,40.9,0,0,0,40.9,0,modelled
sydneytrains:2000326,sydneytrains:2000331,Central Station Platform 6,Central Station Platform 11,heavy_rail,heavy_rail,47.3,59.2,47.3,0,0,0,47.3,0,modelled
sydneytrains:2000326,sydneytrains:2000332,Central Station Platform 6,Central Station Platform 12,heavy_rail,heavy_rail,58.8,73.5,58.8,0,0,0,58.8,0,modelled
sydneytrains:2000326,sydneytrains:2000333,Central Station Platform 6,Central Station Platform 13,heavy_rail,heavy_rail,67.2,84.0,67.2,0,1,22,89.2,0,modelled
sydneytrains:2000327,sydneytrains:2000336,Central Station Platform 7,Central Station Platform 16,heavy_rail,heavy_rail,94.9,118.6,94.9,0,1,22,116.9,0,modelled
sydneytrains:2000327,sydneytrains:2000338,Central Station Platform 7,Central Station Platform 18,heavy_rail,heavy_rail,112.0,140.0,112.0,0,1,22,134.0,0,modelled
sydneytrains:2000327,sydneytrains:2000328,Central Station Platform 7,Central Station Platform 8,heavy_rail,heavy_rail,13.6,17.0,13.6,0,0,0,13.6,0,modelled
sydneytrains:2000327,sydneytrains:2000329,Central Station Platform 7,Central Station Platform 9,heavy_rail,heavy_rail,20.6,25.7,20.6,0,0,0,20.6,0,modelled
sydneytrains:2000327,sydneytrains:2000330,Central Station Platform 7,Central Station Platform 10,heavy_rail,heavy_rail,34.8,43.5,34.8,0,0,0,34.8,0,modelled
sydneytrains:2000327,sydneytrains:2000331,Central Station Platform 7,Central Station Platform 11,heavy_rail,heavy_rail,41.2,51.5,41.2,0,0,0,41.2,0,modelled
sydneytrains:2000327,sydneytrains:2000332,Central Station Platform 7,Central Station Platform 12,heavy_rail,heavy_rail,52.7,65.8,52.7,0,0,0,52.7,0,modelled
sydneytrains:2000327,sydneytrains:2000333,Central Station Platform 7,Central Station Platform 13,heavy_rail,heavy_rail,61.0,76.3,61.0,0,1,22,83.0,0,modelled
sydneytrains:2000328,sydneytrains:2000336,Central Station Platform 8,Central Station Platform 16,heavy_rail,heavy_rail,81.6,102.0,81.6,0,1,22,103.6,0,modelled
sydneytrains:2000328,sydneytrains:2000338,Central Station Platform 8,Central Station Platform 18,heavy_rail,heavy_rail,98.7,123.3,98.7,0,1,22,120.7,0,modelled
sydneytrains:2000328,sydneytrains:2000329,Central Station Platform 8,Central Station Platform 9,heavy_rail,heavy_rail,7.0,8.7,7.0,0,0,0,7.0,0,modelled
sydneytrains:2000328,sydneytrains:2000330,Central Station Platform 8,Central Station Platform 10,heavy_rail,heavy_rail,21.2,26.5,21.2,0,0,0,21.2,0,modelled
sydneytrains:2000328,sydneytrains:2000331,Central Station Platform 8,Central Station Platform 11,heavy_rail,heavy_rail,27.6,34.5,27.6,0,0,0,27.6,0,modelled
sydneytrains:2000328,sydneytrains:2000332,Central Station Platform 8,Central Station Platform 12,heavy_rail,heavy_rail,39.1,48.8,39.1,0,0,0,39.1,0,modelled
sydneytrains:2000328,sydneytrains:2000333,Central Station Platform 8,Central Station Platform 13,heavy_rail,heavy_rail,47.4,59.3,47.4,0,0,0,47.4,0,modelled
sydneytrains:2000329,sydneytrains:2000336,Central Station Platform 9,Central Station Platform 16,heavy_rail,heavy_rail,74.8,93.5,74.8,0,1,22,96.8,0,modelled
sydneytrains:2000329,sydneytrains:2000338,Central Station Platform 9,Central Station Platform 18,heavy_rail,heavy_rail,91.8,114.7,91.8,0,1,22,113.8,0,modelled
sydneytrains:2000329,sydneytrains:2000330,Central Station Platform 9,Central Station Platform 10,heavy_rail,heavy_rail,14.2,17.8,14.2,0,0,0,14.2,0,modelled
sydneytrains:2000329,sydneytrains:2000331,Central Station Platform 9,Central Station Platform 11,heavy_rail,heavy_rail,20.6,25.8,20.6,0,0,0,20.6,0,modelled
sydneytrains:2000329,sydneytrains:2000332,Central Station Platform 9,Central Station Platform 12,heavy_rail,heavy_rail,32.1,40.1,32.1,0,0,0,32.1,0,modelled
sydneytrains:2000329,sydneytrains:2000333,Central Station Platform 9,Central Station Platform 13,heavy_rail,heavy_rail,40.5,50.6,40.5,0,0,0,40.5,0,modelled
sydneytrains:2000330,sydneytrains:2000336,Central Station Platform 10,Central Station Platform 16,heavy_rail,heavy_rail,61.5,76.9,61.5,0,1,22,83.5,0,modelled
sydneytrains:2000330,sydneytrains:2000338,Central Station Platform 10,Central Station Platform 18,heavy_rail,heavy_rail,78.2,97.8,78.2,0,1,22,100.2,0,modelled
sydneytrains:2000330,sydneytrains:2000331,Central Station Platform 10,Central Station Platform 11,heavy_rail,heavy_rail,6.4,8.0,6.4,0,0,0,6.4,0,modelled
sydneytrains:2000330,sydneytrains:2000332,Central Station Platform 10,Central Station Platform 12,heavy_rail,heavy_rail,17.9,22.4,17.9,0,0,0,17.9,0,modelled
sydneytrains:2000330,sydneytrains:2000333,Central Station Platform 10,Central Station Platform 13,heavy_rail,heavy_rail,26.3,32.9,26.3,0,0,0,26.3,0,modelled
sydneytrains:2000331,sydneytrains:2000336,Central Station Platform 11,Central Station Platform 16,heavy_rail,heavy_rail,55.5,69.4,55.5,0,0,0,55.5,0,modelled
sydneytrains:2000331,sydneytrains:2000338,Central Station Platform 11,Central Station Platform 18,heavy_rail,heavy_rail,72.1,90.1,72.1,0,1,22,94.1,0,modelled
sydneytrains:2000331,sydneytrains:2000332,Central Station Platform 11,Central Station Platform 12,heavy_rail,heavy_rail,11.5,14.4,11.5,0,0,0,11.5,0,modelled
sydneytrains:2000331,sydneytrains:2000333,Central Station Platform 11,Central Station Platform 13,heavy_rail,heavy_rail,19.9,24.8,19.9,0,0,0,19.9,0,modelled
sydneytrains:2000332,sydneytrains:2000336,Central Station Platform 12,Central Station Platform 16,heavy_rail,heavy_rail,44.6,55.8,44.6,0,0,0,44.6,0,modelled
sydneytrains:2000332,sydneytrains:2000338,Central Station Platform 12,Central Station Platform 18,heavy_rail,heavy_rail,60.9,76.2,60.9,0,1,22,82.9,0,modelled
sydneytrains:2000332,sydneytrains:2000333,Central Station Platform 12,Central Station Platform 13,heavy_rail,heavy_rail,8.4,10.5,8.4,0,0,0,8.4,0,modelled
sydneytrains:2000333,sydneytrains:2000336,Central Station Platform 13,Central Station Platform 16,heavy_rail,heavy_rail,37.5,46.9,37.5,0,0,0,37.5,0,modelled
sydneytrains:2000333,sydneytrains:2000338,Central Station Platform 13,Central Station Platform 18,heavy_rail,heavy_rail,53.3,66.6,53.3,0,0,0,53.3,0,modelled
sydneytrains:213051,sydneytrains:213052,Summer Hill Station Platform 1,Summer Hill Station Platform 2,heavy_rail,heavy_rail,3.9,4.9,3.9,0,0,0,3.9,0,modelled
sydneytrains:213051,sydneytrains:213053,Summer Hill Station Platform 1,Summer Hill Station Platform 3,heavy_rail,heavy_rail,15.6,19.5,15.6,0,0,0,15.6,0,modelled
sydneytrains:213052,sydneytrains:213053,Summer Hill Station Platform 2,Summer Hill Station Platform 3,heavy_rail,heavy_rail,11.7,14.6,11.7,0,0,0,11.7,0,modelled
sydneytrains:204831,sydneytrains:204832,Stanmore Station Platform 1,Stanmore Station Platform 2,heavy_rail,heavy_rail,9.1,11.4,9.1,0,0,0,9.1,0,modelled
sydneytrains:204831,sydneytrains:204833,Stanmore Station Platform 1,Stanmore Station Platform 3,heavy_rail,heavy_rail,21.2,26.6,21.2,0,0,0,21.2,0,modelled
sydneytrains:204832,sydneytrains:204833,Stanmore Station Platform 2,Stanmore Station Platform 3,heavy_rail,heavy_rail,12.3,15.3,12.3,0,0,0,12.3,0,modelled
sydneytrains:2065152,sydneytrains:2065153,St Leonards Station Platform 2,St Leonards Station Platform 3,heavy_rail,heavy_rail,15.6,19.5,15.6,0,0,0,15.6,0,modelled
sydneytrains:2135231,sydneytrains:2135232,Strathfield Station Platform 1,Strathfield Station Platform 2,heavy_rail,heavy_rail,6.4,8.1,6.4,0,0,0,6.4,0,modelled
sydneytrains:2135231,sydneytrains:2135233,Strathfield Station Platform 1,Strathfield Station Platform 3,heavy_rail,heavy_rail,17.2,21.5,17.2,0,0,0,17.2,0,modelled
sydneytrains:2135231,sydneytrains:2135235,Strathfield Station Platform 1,Strathfield Station Platform 5,heavy_rail,heavy_rail,36.0,45.0,36.0,0,0,0,36.0,0,modelled
sydneytrains:2135231,sydneytrains:2135236,Strathfield Station Platform 1,Strathfield Station Platform 6,heavy_rail,heavy_rail,42.7,53.3,42.7,0,0,0,42.7,0,modelled
sydneytrains:2135232,sydneytrains:2135233,Strathfield Station Platform 2,Strathfield Station Platform 3,heavy_rail,heavy_rail,10.8,13.5,10.8,0,0,0,10.8,0,modelled
sydneytrains:2135232,sydneytrains:2135235,Strathfield Station Platform 2,Strathfield Station Platform 5,heavy_rail,heavy_rail,29.7,37.1,29.7,0,0,0,29.7,0,modelled
sydneytrains:2135232,sydneytrains:2135236,Strathfield Station Platform 2,Strathfield Station Platform 6,heavy_rail,heavy_rail,36.3,45.4,36.3,0,0,0,36.3,0,modelled
sydneytrains:2135233,sydneytrains:2135235,Strathfield Station Platform 3,Strathfield Station Platform 5,heavy_rail,heavy_rail,18.9,23.7,18.9,0,0,0,18.9,0,modelled
sydneytrains:2135233,sydneytrains:2135236,Strathfield Station Platform 3,Strathfield Station Platform 6,heavy_rail,heavy_rail,25.5,31.9,25.5,0,0,0,25.5,0,modelled
sydneytrains:2135235,sydneytrains:2135236,Strathfield Station Platform 5,Strathfield Station Platform 6,heavy_rail,heavy_rail,6.7,8.4,6.7,0,0,0,6.7,0,modelled
sydneytrains:2250841,sydneytrains:2250842,Tascott Station Platform 1,Tascott Station Platform 2,heavy_rail,heavy_rail,15.5,19.4,15.5,0,0,0,15.5,0,modelled
sydneytrains:2284181,sydneytrains:2284182,Teralba Station Platform 1,Teralba Station Platform 2,heavy_rail,heavy_rail,8.4,10.5,8.4,0,0,0,8.4,0,modelled
sydneytrains:2000392,sydneytrains:2000393,Town Hall Station Platform 2,Town Hall Station Platform 3,heavy_rail,heavy_rail,12.5,15.6,12.5,0,0,0,12.5,0,modelled
sydneytrains:2120212,sydneytrains:2120213,Thornleigh Station Platform 2,Thornleigh Station Platform 3,heavy_rail,heavy_rail,10.5,13.1,10.5,0,0,0,10.5,0,modelled
sydneytrains:2322251,sydneytrains:2322252,Thornton Station Platform 1,Thornton Station Platform 2,heavy_rail,heavy_rail,10.5,13.1,10.5,0,0,0,10.5,0,modelled
sydneytrains:2322241,sydneytrains:2322242,Tarro Station Platform 1,Tarro Station Platform 2,heavy_rail,heavy_rail,10.1,12.6,10.1,0,0,0,10.1,0,modelled
sydneytrains:2259911,sydneytrains:2259912,Tuggerah Station Platform 1,Tuggerah Station Platform 2,heavy_rail,heavy_rail,9.7,12.1,9.7,0,0,0,9.7,0,modelled
sydneytrains:2074181,sydneytrains:2074182,Turramurra Station Platform 1,Turramurra Station Platform 2,heavy_rail,heavy_rail,7.7,9.7,7.7,0,0,0,7.7,0,modelled
sydneytrains:2323331,sydneytrains:2323332,Victoria Street Station Platform 1,Victoria Street Station Platform 2,heavy_rail,heavy_rail,6.2,7.7,6.2,0,0,0,6.2,0,modelled
sydneytrains:2076241,sydneytrains:2076242,Wahroonga Station Platform 1,Wahroonga Station Platform 2,heavy_rail,heavy_rail,4.5,5.7,4.5,0,0,0,4.5,0,modelled
sydneytrains:2077311,sydneytrains:2077312,Waitara Station Platform 1,Waitara Station Platform 2,heavy_rail,heavy_rail,5.7,7.2,5.7,0,0,0,5.7,0,modelled
sydneytrains:2060111,sydneytrains:2060112,Waverton Station Platform 1,Waverton Station Platform 2,heavy_rail,heavy_rail,10.1,12.6,10.1,0,0,0,10.1,0,modelled
sydneytrains:2256461,sydneytrains:2256462,Wondabyne Station Platform 1,Wondabyne Station Platform 2,heavy_rail,heavy_rail,8.2,10.3,8.2,0,0,0,8.2,0,modelled
sydneytrains:2065161,sydneytrains:2065162,Wollstonecraft Station Platform 1,Wollstonecraft Station Platform 2,heavy_rail,heavy_rail,11.1,13.9,11.1,0,0,0,11.1,0,modelled
sydneytrains:2256471,sydneytrains:2256472,Woy Woy Station Platform 1,Woy Woy Station Platform 2,heavy_rail,heavy_rail,6.1,7.7,6.1,0,0,0,6.1,0,modelled
sydneytrains:2114191,sydneytrains:2114192,West Ryde Station Platform 1,West Ryde Station Platform 2,heavy_rail,heavy_rail,4.7,5.8,4.7,0,0,0,4.7,0,modelled
sydneytrains:2114191,sydneytrains:2114193,West Ryde Station Platform 1,West Ryde Station Platform 3,heavy_rail,heavy_rail,19.6,24.5,19.6,0,0,0,19.6,0,modelled
sydneytrains:2114192,sydneytrains:2114193,West Ryde Station Platform 2,West Ryde Station Platform 3,heavy_rail,heavy_rail,15.0,18.7,15.0,0,0,0,15.0,0,modelled
sydneytrains:2259921,sydneytrains:2259922,Warnervale Station Platform 1,Warnervale Station Platform 2,heavy_rail,heavy_rail,9.3,11.6,9.3,0,0,0,9.3,0,modelled
sydneytrains:2304301,sydneytrains:2304302,Warabrook Station Platform 1,Warabrook Station Platform 2,heavy_rail,heavy_rail,3.7,4.6,3.7,0,0,0,3.7,0,modelled
sydneytrains:2074191,sydneytrains:2074192,Warrawee Station Platform 1,Warrawee Station Platform 2,heavy_rail,heavy_rail,7.7,9.7,7.7,0,0,0,7.7,0,modelled
sydneytrains:2304311,sydneytrains:2304312,Waratah Station Platform 1,Waratah Station Platform 2,heavy_rail,heavy_rail,11.6,14.5,11.6,0,0,0,11.6,0,modelled
sydneytrains:2259931,sydneytrains:2259932,Wyee Station Platform 1,Wyee Station Platform 2,heavy_rail,heavy_rail,7.5,9.3,7.5,0,0,0,7.5,0,modelled
sydneytrains:2259941,sydneytrains:2259942,Wyong Station Platform 1,Wyong Station Platform 2,heavy_rail,heavy_rail,4.9,6.2,4.9,0,0,0,4.9,0,modelled
sydneytrains:2259941,sydneytrains:2259943,Wyong Station Platform 1,Wyong Station Platform 3,heavy_rail,heavy_rail,18.0,22.5,18.0,0,0,0,18.0,0,modelled
sydneytrains:2259942,sydneytrains:2259943,Wyong Station Platform 2,Wyong Station Platform 3,heavy_rail,heavy_rail,13.3,16.7,13.3,0,0,0,13.3,0,modelled
sydneytrains:2000403,sydneytrains:2000404,Wynyard Station Platform 3,Wynyard Station Platform 4,heavy_rail,heavy_rail,7.5,9.3,7.5,0,0,0,7.5,0,modelled
nswtrains:233621,sydneytrains:233621,"Aberdeen Station, Platform 1",Aberdeen Station Platform 1,other,heavy_rail,0.0,0.0,0.0,0,0,0,0.0,0,modelled
nswtrains:24253,regionbuses:24253,The Bucketts Way at Allworth Rd,The Bucketts Way at Allworth Rd,other,other,10.5,13.1,10.5,0,0,0,10.5,0,modelled
nswtrains:24253,regionbuses:24254,The Bucketts Way at Allworth Rd,The Bucketts Way at Allworth Rd,other,other,80.4,100.5,80.4,0,1,22,102.4,0,modelled
nswtrains:24253,regionbuses:242532,The Bucketts Way at Allworth Rd,Allworth Rd at The Bucketts Way,other,other,59.5,74.4,59.5,0,0,0,59.5,0,modelled
nswtrains:24253,nswtrains:24254,The Bucketts Way at Allworth Rd,The Bucketts Way at Allworth Rd,other,other,45.7,57.1,45.7,0,0,0,45.7,0,modelled
nswtrains:24254,regionbuses:24253,The Bucketts Way at Allworth Rd,The Bucketts Way at Allworth Rd,other,other,37.5,46.9,37.5,0,0,0,37.5,0,modelled
nswtrains:24254,regionbuses:24254,The Bucketts Way at Allworth Rd,The Bucketts Way at Allworth Rd,other,other,35.5,44.3,35.5,0,0,0,35.5,0,modelled
nswtrains:24254,regionbuses:242532,The Bucketts Way at Allworth Rd,Allworth Rd at The Bucketts Way,other,other,53.4,66.8,53.4,0,0,0,53.4,0,modelled
nswtrains:242212,nswtrains:24227,The Bucketts Way opp 2767,2767 The Bucketts Way,other,other,21.0,26.3,21.0,0,0,0,21.0,0,modelled
nswtrains:2322221,sydneytrains:2322221,Beresfield Station Platform 1,Beresfield Station Platform 1,other,heavy_rail,0.0,0.0,0.0,0,0,0,0.0,0,modelled
nswtrains:2322221,sydneytrains:2322222,Beresfield Station Platform 1,Beresfield Station Platform 2,other,heavy_rail,5.4,6.8,5.4,0,0,0,5.4,0,modelled
nswtrains:2322221,nswtrains:2322222,Beresfield Station Platform 1,Beresfield Station Platform 2,other,other,5.4,6.8,5.4,0,0,0,5.4,0,modelled
nswtrains:2322222,sydneytrains:2322221,Beresfield Station Platform 2,Beresfield Station Platform 1,other,heavy_rail,5.4,6.8,5.4,0,0,0,5.4,0,modelled
nswtrains:2322222,sydneytrains:2322222,Beresfield Station Platform 2,Beresfield Station Platform 2,other,heavy_rail,0.0,0.0,0.0,0,0,0,0.0,0,modelled
nswtrains:24251,regionbuses:24251,The Bucketts Way before Booral Rd,The Bucketts Way before Booral Rd,other,other,20.3,25.3,20.3,0,0,0,20.3,0,modelled
nswtrains:24251,regionbuses:24255,The Bucketts Way before Booral Rd,The Bucketts Way after Booral Rd,other,other,42.1,52.7,42.1,0,0,0,42.1,0,modelled
nswtrains:24251,regionbuses:242519,The Bucketts Way before Booral Rd,Booral Rd before The Bucketts Way,other,other,95.4,119.3,95.4,0,1,22,117.4,0,modelled
nswtrains:24251,nswtrains:24255,The Bucketts Way before Booral Rd,The Bucketts Way after Booral Rd,other,other,21.9,27.3,21.9,0,0,0,21.9,0,modelled
nswtrains:24255,regionbuses:24251,The Bucketts Way after Booral Rd,The Bucketts Way before Booral Rd,other,other,6.2,7.8,6.2,0,0,0,6.2,0,modelled
nswtrains:24255,regionbuses:24255,The Bucketts Way after Booral Rd,The Bucketts Way after Booral Rd,other,other,21.8,27.3,21.8,0,0,0,21.8,0,modelled
nswtrains:24255,regionbuses:242519,The Bucketts Way after Booral Rd,Booral Rd before The Bucketts Way,other,other,117.2,146.6,117.2,0,1,22,139.2,0,modelled
nswtrains:233591,sydneytrains:233591,Branxton Station Platform 1,Branxton Station Platform 1,other,heavy_rail,0.0,0.0,0.0,0,0,0,0.0,0,modelled
nswtrains:233591,sydneytrains:233592,Branxton Station Platform 1,Branxton Station Platform 2,other,heavy_rail,9.5,11.9,9.5,0,0,0,9.5,0,modelled
nswtrains:233591,nswtrains:233592,Branxton Station Platform 1,Branxton Station Platform 2,other,other,9.5,11.9,9.5,0,0,0,9.5,0,modelled
nswtrains:233592,sydneytrains:233591,Branxton Station Platform 2,Branxton Station Platform 1,other,heavy_rail,9.5,11.9,9.5,0,0,0,9.5,0,modelled
nswtrains:233592,sydneytrains:233592,Branxton Station Platform 2,Branxton Station Platform 2,other,heavy_rail,0.0,0.0,0.0,0,0,0,0.0,0,modelled
nswtrains:229271,regionbuses:229268,"Broadmeadow Station, Platform 1","Broadmeadow Station, Graham Rd",other,other,18.7,23.4,18.7,0,0,0,18.7,0,modelled
nswtrains:229271,sydneytrains:229271,"Broadmeadow Station, Platform 1",Broadmeadow Station Platform 1,other,heavy_rail,0.0,0.0,0.0,0,0,0,0.0,0,modelled
nswtrains:229271,sydneytrains:229272,"Broadmeadow Station, Platform 1",Broadmeadow Station Platform 2,other,heavy_rail,10.2,12.7,10.2,0,0,0,10.2,0,modelled
nswtrains:229271,sydneytrains:229273,"Broadmeadow Station, Platform 1",Broadmeadow Station Platform 3,other,heavy_rail,18.9,23.6,18.9,0,0,0,18.9,0,modelled
nswtrains:229271,nswtrains:229272,"Broadmeadow Station, Platform 1","Broadmeadow Station, Platform 2",other,other,10.2,12.7,10.2,0,0,0,10.2,0,modelled
nswtrains:229268,regionbuses:229268,"Broadmeadow Station, Graham Rd","Broadmeadow Station, Graham Rd",other,other,35.3,44.1,35.3,0,0,0,35.3,0,modelled
nswtrains:229268,sydneytrains:229271,"Broadmeadow Station, Graham Rd",Broadmeadow Station Platform 1,other,heavy_rail,38.8,48.5,38.8,0,0,0,38.8,0,modelled
nswtrains:229268,sydneytrains:229272,"Broadmeadow Station, Graham Rd",Broadmeadow Station Platform 2,other,heavy_rail,41.7,52.2,41.7,0,0,0,41.7,0,modelled
nswtrains:229268,sydneytrains:229273,"Broadmeadow Station, Graham Rd",Broadmeadow Station Platform 3,other,heavy_rail,46.8,58.5,46.8,0,0,0,46.8,0,modelled
nswtrains:229268,nswtrains:229271,"Broadmeadow Station, Graham Rd","Broadmeadow Station, Platform 1",other,other,38.8,48.5,38.8,0,0,0,38.8,0,modelled
nswtrains:229268,nswtrains:229272,"Broadmeadow Station, Graham Rd","Broadmeadow Station, Platform 2",other,other,41.7,52.2,41.7,0,0,0,41.7,0,modelled
nswtrains:229272,regionbuses:229268,"Broadmeadow Station, Platform 2","Broadmeadow Station, Graham Rd",other,other,28.7,35.8,28.7,0,0,0,28.7,0,modelled
nswtrains:229272,sydneytrains:229271,"Broadmeadow Station, Platform 2",Broadmeadow Station Platform 1,other,heavy_rail,10.2,12.7,10.2,0,0,0,10.2,0,modelled
nswtrains:229272,sydneytrains:229272,"Broadmeadow Station, Platform 2",Broadmeadow Station Platform 2,other,heavy_rail,0.0,0.0,0.0,0,0,0,0.0,0,modelled
nswtrains:229272,sydneytrains:229273,"Broadmeadow Station, Platform 2",Broadmeadow Station Platform 3,other,heavy_rail,8.7,10.9,8.7,0,0,0,8.7,0,modelled
nswtrains:2429108,nswtrains:24292,The Bucketts Way after Kimbriki Rd,The Bucketts Way before Kimbriki Rd,other,other,14.9,18.6,14.9,0,0,0,14.9,0,modelled
nswtrains:247055,sydneytrains:247055,"Casino Station, Platform 1",Casino Station Platform 1,other,heavy_rail,0.0,0.0,0.0,0,0,0,0.0,0,modelled
nswtrains:247021,sydneytrains:247055,"Casino Station, Coach Bay",Casino Station Platform 1,other,heavy_rail,40.2,50.3,40.2,0,0,0,40.2,0,modelled
nswtrains:247021,nswtrains:247055,"Casino Station, Coach Bay","Casino Station, Platform 1",other,other,40.2,50.3,40.2,0,0,0,40.2,0,modelled
nswtrains:2000213,sydneytrains:2000336,"Central Station, Forecourt, Coach Bay 1",Central Station Platform 16,other,heavy_rail,177.3,221.6,177.3,0,1,22,199.3,0,modelled
nswtrains:2000213,sydneytrains:2000338,"Central Station, Forecourt, Coach Bay 1",Central Station Platform 18,other,heavy_rail,194.4,243.1,194.4,0,1,22,216.4,0,modelled
nswtrains:2000213,sydneytrains:2000322,"Central Station, Forecourt, Coach Bay 1",Central Station Platform 2,other,heavy_rail,57.3,71.7,57.3,0,0,0,57.3,0,modelled
nswtrains:2000213,sydneytrains:2000323,"Central Station, Forecourt, Coach Bay 1",Central Station Platform 3,other,heavy_rail,61.2,76.5,61.2,0,1,22,83.2,0,modelled
nswtrains:2000213,sydneytrains:2000324,"Central Station, Forecourt, Coach Bay 1",Central Station Platform 4,other,heavy_rail,57.8,72.3,57.8,0,0,0,57.8,0,modelled
nswtrains:2000213,sydneytrains:2000325,"Central Station, Forecourt, Coach Bay 1",Central Station Platform 5,other,heavy_rail,62.7,78.4,62.7,0,1,22,84.7,0,modelled
nswtrains:2000213,sydneytrains:2000326,"Central Station, Forecourt, Coach Bay 1",Central Station Platform 6,other,heavy_rail,76.4,95.5,76.4,0,1,22,98.4,0,modelled
nswtrains:2000213,sydneytrains:2000327,"Central Station, Forecourt, Coach Bay 1",Central Station Platform 7,other,heavy_rail,82.4,103.0,82.4,0,1,22,104.4,0,modelled
nswtrains:2000213,sydneytrains:2000328,"Central Station, Forecourt, Coach Bay 1",Central Station Platform 8,other,heavy_rail,95.9,119.8,95.9,0,1,22,117.9,0,modelled
nswtrains:2000213,sydneytrains:2000329,"Central Station, Forecourt, Coach Bay 1",Central Station Platform 9,other,heavy_rail,102.8,128.5,102.8,0,1,22,124.8,0,modelled
nswtrains:2000213,sydneytrains:2000330,"Central Station, Forecourt, Coach Bay 1",Central Station Platform 10,other,heavy_rail,116.8,145.9,116.8,0,1,22,138.8,0,modelled
nswtrains:2000213,sydneytrains:2000331,"Central Station, Forecourt, Coach Bay 1",Central Station Platform 11,other,heavy_rail,123.1,153.9,123.1,0,1,22,145.1,0,modelled
nswtrains:2000213,sydneytrains:2000332,"Central Station, Forecourt, Coach Bay 1",Central Station Platform 12,other,heavy_rail,134.6,168.3,134.6,0,1,22,156.6,0,modelled
nswtrains:2000213,sydneytrains:2000333,"Central Station, Forecourt, Coach Bay 1",Central Station Platform 13,other,heavy_rail,142.9,178.7,142.9,0,1,22,164.9,0,modelled
nswtrains:2000213,nswtrains:2000323,"Central Station, Forecourt, Coach Bay 1","Central Station, Platform 3",other,other,61.2,76.5,61.2,0,1,22,83.2,0,modelled
nswtrains:2000213,nswtrains:2000324,"Central Station, Forecourt, Coach Bay 1","Central Station, Platform 4",other,other,57.8,72.3,57.8,0,0,0,57.8,0,modelled
nswtrains:2000213,nswtrains:2000325,"Central Station, Forecourt, Coach Bay 1","Central Station, Platform 5",other,other,62.7,78.4,62.7,0,1,22,84.7,0,modelled
nswtrains:2000323,sydneytrains:2000336,"Central Station, Platform 3",Central Station Platform 16,other,heavy_rail,158.0,197.5,158.0,0,1,22,180.0,0,modelled
nswtrains:2000323,sydneytrains:2000338,"Central Station, Platform 3",Central Station Platform 18,other,heavy_rail,173.4,216.8,173.4,0,1,22,195.4,0,modelled
nswtrains:2000323,sydneytrains:2000322,"Central Station, Platform 3",Central Station Platform 2,other,heavy_rail,5.3,6.6,5.3,0,0,0,5.3,0,modelled
nswtrains:2000323,sydneytrains:2000323,"Central Station, Platform 3",Central Station Platform 3,other,heavy_rail,0.0,0.0,0.0,0,0,0,0.0,0,modelled
nswtrains:2000323,sydneytrains:2000324,"Central Station, Platform 3",Central Station Platform 4,other,heavy_rail,64.8,81.0,64.8,0,1,22,86.8,0,modelled
nswtrains:2000323,sydneytrains:2000325,"Central Station, Platform 3",Central Station Platform 5,other,heavy_rail,66.3,82.9,66.3,0,1,22,88.3,0,modelled
nswtrains:2000323,sydneytrains:2000326,"Central Station, Platform 3",Central Station Platform 6,other,heavy_rail,71.7,89.6,71.7,0,1,22,93.7,0,modelled
nswtrains:2000323,sydneytrains:2000327,"Central Station, Platform 3",Central Station Platform 7,other,heavy_rail,74.9,93.7,74.9,0,1,22,96.9,0,modelled
nswtrains:2000323,sydneytrains:2000328,"Central Station, Platform 3",Central Station Platform 8,other,heavy_rail,83.5,104.3,83.5,0,1,22,105.5,0,modelled
nswtrains:2000323,sydneytrains:2000329,"Central Station, Platform 3",Central Station Platform 9,other,heavy_rail,88.5,110.7,88.5,0,1,22,110.5,0,modelled
nswtrains:2000323,sydneytrains:2000330,"Central Station, Platform 3",Central Station Platform 10,other,heavy_rail,98.6,123.2,98.6,0,1,22,120.6,0,modelled
nswtrains:2000323,sydneytrains:2000331,"Central Station, Platform 3",Central Station Platform 11,other,heavy_rail,103.6,129.6,103.6,0,1,22,125.6,0,modelled
nswtrains:2000323,sydneytrains:2000332,"Central Station, Platform 3",Central Station Platform 12,other,heavy_rail,113.6,142.0,113.6,0,1,22,135.6,0,modelled
nswtrains:2000323,sydneytrains:2000333,"Central Station, Platform 3",Central Station Platform 13,other,heavy_rail,120.5,150.6,120.5,0,1,22,142.5,0,modelled
nswtrains:2000323,nswtrains:2000324,"Central Station, Platform 3","Central Station, Platform 4",other,other,64.8,81.0,64.8,0,1,22,86.8,0,modelled
nswtrains:2000323,nswtrains:2000325,"Central Station, Platform 3","Central Station, Platform 5",other,other,66.3,82.9,66.3,0,1,22,88.3,0,modelled
nswtrains:2000324,sydneytrains:2000336,"Central Station, Platform 4",Central Station Platform 16,other,heavy_rail,119.6,149.5,119.6,0,1,22,141.6,0,modelled
nswtrains:2000324,sydneytrains:2000338,"Central Station, Platform 4",Central Station Platform 18,other,heavy_rail,136.9,171.1,136.9,0,1,22,158.9,0,modelled
nswtrains:2000324,sydneytrains:2000322,"Central Station, Platform 4",Central Station Platform 2,other,heavy_rail,65.5,81.9,65.5,0,1,22,87.5,0,modelled
nswtrains:2000324,sydneytrains:2000323,"Central Station, Platform 4",Central Station Platform 3,other,heavy_rail,64.8,81.0,64.8,0,1,22,86.8,0,modelled
nswtrains:2000324,sydneytrains:2000324,"Central Station, Platform 4",Central Station Platform 4,other,heavy_rail,0.0,0.0,0.0,0,0,0,0.0,0,modelled
nswtrains:2000324,sydneytrains:2000325,"Central Station, Platform 4",Central Station Platform 5,other,heavy_rail,5.0,6.2,5.0,0,0,0,5.0,0,modelled
nswtrains:2000324,sydneytrains:2000326,"Central Station, Platform 4",Central Station Platform 6,other,heavy_rail,19.2,24.0,19.2,0,0,0,19.2,0,modelled
nswtrains:2000324,sydneytrains:2000327,"Central Station, Platform 4",Central Station Platform 7,other,heavy_rail,25.3,31.6,25.3,0,0,0,25.3,0,modelled
nswtrains:2000324,sydneytrains:2000328,"Central Station, Platform 4",Central Station Platform 8,other,heavy_rail,38.9,48.7,38.9,0,0,0,38.9,0,modelled
nswtrains:2000324,sydneytrains:2000329,"Central Station, Platform 4",Central Station Platform 9,other,heavy_rail,45.9,57.3,45.9,0,0,0,45.9,0,modelled
nswtrains:2000324,sydneytrains:2000330,"Central Station, Platform 4",Central Station Platform 10,other,heavy_rail,60.1,75.1,60.1,0,1,22,82.1,0,modelled
nswtrains:2000324,sydneytrains:2000331,"Central Station, Platform 4",Central Station Platform 11,other,heavy_rail,66.5,83.1,66.5,0,1,22,88.5,0,modelled
nswtrains:2000324,sydneytrains:2000332,"Central Station, Platform 4",Central Station Platform 12,other,heavy_rail,78.0,97.5,78.0,0,1,22,100.0,0,modelled
nswtrains:2000324,sydneytrains:2000333,"Central Station, Platform 4",Central Station Platform 13,other,heavy_rail,86.4,107.9,86.4,0,1,22,108.4,0,modelled
nswtrains:2000324,nswtrains:2000325,"Central Station, Platform 4","Central Station, Platform 5",other,other,5.0,6.2,5.0,0,0,0,5.0,0,modelled
nswtrains:2000325,sydneytrains:2000336,"Central Station, Platform 5",Central Station Platform 16,other,heavy_rail,114.7,143.4,114.7,0,1,22,136.7,0,modelled
nswtrains:2000325,sydneytrains:2000338,"Central Station, Platform 5",Central Station Platform 18,other,heavy_rail,131.9,164.9,131.9,0,1,22,153.9,0,modelled
nswtrains:2000325,sydneytrains:2000322,"Central Station, Platform 5",Central Station Platform 2,other,heavy_rail,67.4,84.3,67.4,0,1,22,89.4,0,modelled
nswtrains:2000325,sydneytrains:2000323,"Central Station, Platform 5",Central Station Platform 3,other,heavy_rail,66.3,82.9,66.3,0,1,22,88.3,0,modelled
nswtrains:2000325,sydneytrains:2000324,"Central Station, Platform 5",Central Station Platform 4,other,heavy_rail,5.0,6.2,5.0,0,0,0,5.0,0,modelled
nswtrains:2000325,sydneytrains:2000325,"Central Station, Platform 5",Central Station Platform 5,other,heavy_rail,0.0,0.0,0.0,0,0,0,0.0,0,modelled
nswtrains:2000325,sydneytrains:2000326,"Central Station, Platform 5",Central Station Platform 6,other,heavy_rail,14.2,17.8,14.2,0,0,0,14.2,0,modelled
nswtrains:2000325,sydneytrains:2000327,"Central Station, Platform 5",Central Station Platform 7,other,heavy_rail,20.3,25.4,20.3,0,0,0,20.3,0,modelled
nswtrains:2000325,sydneytrains:2000328,"Central Station, Platform 5",Central Station Platform 8,other,heavy_rail,33.9,42.4,33.9,0,0,0,33.9,0,modelled
nswtrains:2000325,sydneytrains:2000329,"Central Station, Platform 5",Central Station Platform 9,other,heavy_rail,40.9,51.1,40.9,0,0,0,40.9,0,modelled
nswtrains:2000325,sydneytrains:2000330,"Central Station, Platform 5",Central Station Platform 10,other,heavy_rail,55.1,68.9,55.1,0,0,0,55.1,0,modelled
nswtrains:2000325,sydneytrains:2000331,"Central Station, Platform 5",Central Station Platform 11,other,heavy_rail,61.5,76.9,61.5,0,1,22,83.5,0,modelled
nswtrains:2000325,sydneytrains:2000332,"Central Station, Platform 5",Central Station Platform 12,other,heavy_rail,73.0,91.2,73.0,0,1,22,95.0,0,modelled
nswtrains:2000325,sydneytrains:2000333,"Central Station, Platform 5",Central Station Platform 13,other,heavy_rail,81.4,101.7,81.4,0,1,22,103.4,0,modelled
nswtrains:2450173,sydneytrains:2450173,"Coffs Harbour Station, Platform 1",Coffs Harbour Station Platform 1,other,heavy_rail,0.0,0.0,0.0,0,0,0,0.0,0,modelled
nswtrains:2450173,nswtrains:24502,"Coffs Harbour Station, Platform 1","Coffs Harbour Station, Coach Stop",other,other,17.5,21.9,17.5,0,0,0,17.5,0,modelled
nswtrains:24502,sydneytrains:2450173,"Coffs Harbour Station, Coach Stop",Coffs Harbour Station Platform 1,other,heavy_rail,17.5,21.9,17.5,0,0,0,17.5,0,modelled
nswtrains:24225,nswtrains:24229,3065 The Bucketts Way,The Bucketts Way opp 3065,other,other,21.9,27.4,21.9,0,0,0,21.9,0,modelled
nswtrains:242061,sydneytrains:242061,"Dungog Station, Platform 1",Dungog Station Platform 1,other,heavy_rail,0.0,0.0,0.0,0,0,0,0.0,0,modelled
nswtrains:242061,sydneytrains:242062,"Dungog Station, Platform 1",Dungog Station Platform 2,other,heavy_rail,18.0,22.5,18.0,0,0,0,18.0,0,modelled
nswtrains:242061,nswtrains:242062,"Dungog Station, Platform 1",Dungog Station Platform 2,other,other,18.0,22.5,18.0,0,0,0,18.0,0,modelled
nswtrains:242012,sydneytrains:242061,"Dungog Station, Coach Stop",Dungog Station Platform 1,other,heavy_rail,37.5,46.9,37.5,0,0,0,37.5,0,modelled
nswtrains:242012,sydneytrains:242062,"Dungog Station, Coach Stop",Dungog Station Platform 2,other,heavy_rail,37.9,47.4,37.9,0,0,0,37.9,0,modelled
nswtrains:242012,nswtrains:242061,"Dungog Station, Coach Stop","Dungog Station, Platform 1",other,other,37.5,46.9,37.5,0,0,0,37.5,0,modelled
nswtrains:242012,nswtrains:242062,"Dungog Station, Coach Stop",Dungog Station Platform 2,other,other,37.9,47.4,37.9,0,0,0,37.9,0,modelled
nswtrains:242062,sydneytrains:242061,Dungog Station Platform 2,Dungog Station Platform 1,other,heavy_rail,18.0,22.5,18.0,0,0,0,18.0,0,modelled
nswtrains:242062,sydneytrains:242062,Dungog Station Platform 2,Dungog Station Platform 2,other,heavy_rail,0.0,0.0,0.0,0,0,0,0.0,0,modelled
nswtrains:2323311,sydneytrains:2323311,East Maitland Station Platform 1,East Maitland Station Platform 1,other,heavy_rail,0.0,0.0,0.0,0,0,0,0.0,0,modelled
nswtrains:2323311,sydneytrains:2323312,East Maitland Station Platform 1,East Maitland Station Platform 2,other,heavy_rail,7.2,9.0,7.2,0,0,0,7.2,0,modelled
nswtrains:2323311,nswtrains:2323312,East Maitland Station Platform 1,East Maitland Station Platform 2,other,other,7.2,9.0,7.2,0,0,0,7.2,0,modelled
nswtrains:2323312,sydneytrains:2323311,East Maitland Station Platform 2,East Maitland Station Platform 1,other,heavy_rail,7.2,9.0,7.2,0,0,0,7.2,0,modelled
nswtrains:2323312,sydneytrains:2323312,East Maitland Station Platform 2,East Maitland Station Platform 2,other,heavy_rail,0.0,0.0,0.0,0,0,0,0.0,0,modelled
nswtrains:244131,sydneytrains:244131,"Eungai Station, Platform 1",Eungai Station Platform 1,other,heavy_rail,0.0,0.0,0.0,0,0,0,0.0,0,modelled
nswtrains:244112,sydneytrains:244131,"Eungai Station, Coach Stop",Eungai Station Platform 1,other,heavy_rail,7.7,9.6,7.7,0,0,0,7.7,0,modelled
nswtrains:244112,nswtrains:244131,"Eungai Station, Coach Stop","Eungai Station, Platform 1",other,other,7.7,9.6,7.7,0,0,0,7.7,0,modelled
nswtrains:2283231,sydneytrains:2283231,"Fassifern Station, Platform 1",Fassifern Station Platform 1,other,heavy_rail,0.0,0.0,0.0,0,0,0,0.0,0,modelled
nswtrains:2283231,sydneytrains:2283232,"Fassifern Station, Platform 1",Fassifern Station Platform 2,other,heavy_rail,14.0,17.4,14.0,0,0,0,14.0,0,modelled
nswtrains:2283231,nswtrains:2283232,"Fassifern Station, Platform 1","Fassifern Station, Platform 2",other,other,14.0,17.4,14.0,0,0,0,14.0,0,modelled
nswtrains:2283232,sydneytrains:2283231,"Fassifern Station, Platform 2",Fassifern Station Platform 1,other,heavy_rail,14.0,17.4,14.0,0,0,0,14.0,0,modelled
nswtrains:2283232,sydneytrains:2283232,"Fassifern Station, Platform 2",Fassifern Station Platform 2,other,heavy_rail,0.0,0.0,0.0,0,0,0,0.0,0,modelled
nswtrains:242142,sydneytrains:242142,"Gloucester Station, Platform 1",Gloucester Station Platform 1,other,heavy_rail,0.0,0.0,0.0,0,0,0,0.0,0,modelled
nswtrains:242142,nswtrains:24223,"Gloucester Station, Platform 1","Gloucester Station, Coach Stop",other,other,6.9,8.6,6.9,0,0,0,6.9,0,modelled
nswtrains:24223,sydneytrains:242142,"Gloucester Station, Coach Stop",Gloucester Station Platform 1,other,heavy_rail,6.9,8.6,6.9,0,0,0,6.9,0,modelled
nswtrains:2250791,sydneytrains:2250791,"Gosford Station, Platform 1",Gosford Station Platform 1,other,heavy_rail,0.0,0.0,0.0,0,0,0,0.0,0,modelled
nswtrains:2250791,sydneytrains:2250792,"Gosford Station, Platform 1",Gosford Station Platform 2,other,heavy_rail,18.2,22.7,18.2,0,0,0,18.2,0,modelled
nswtrains:2250791,sydneytrains:2250793,"Gosford Station, Platform 1",Gosford Station Platform 3,other,heavy_rail,25.1,31.4,25.1,0,0,0,25.1,0,modelled
nswtrains:2250791,nswtrains:2250792,"Gosford Station, Platform 1","Gosford Station, Platform 2",other,other,18.2,22.7,18.2,0,0,0,18.2,0,modelled
nswtrains:2250792,sydneytrains:2250791,"Gosford Station, Platform 2",Gosford Station Platform 1,other,heavy_rail,18.2,22.7,18.2,0,0,0,18.2,0,modelled
nswtrains:2250792,sydneytrains:2250792,"Gosford Station, Platform 2",Gosford Station Platform 2,other,heavy_rail,0.0,0.0,0.0,0,0,0,0.0,0,modelled
nswtrains:2250792,sydneytrains:2250793,"Gosford Station, Platform 2",Gosford Station Platform 3,other,heavy_rail,8.9,11.1,8.9,0,0,0,8.9,0,modelled
nswtrains:225041,sydneytrains:2250791,"Gosford Station, Stand G",Gosford Station Platform 1,other,heavy_rail,146.0,182.5,146.0,0,1,22,168.0,0,modelled
nswtrains:225041,sydneytrains:2250792,"Gosford Station, Stand G",Gosford Station Platform 2,other,heavy_rail,160.4,200.5,160.4,0,1,22,182.4,0,modelled
nswtrains:225041,sydneytrains:2250793,"Gosford Station, Stand G",Gosford Station Platform 3,other,heavy_rail,161.9,202.4,161.9,0,1,22,183.9,0,modelled
nswtrains:225041,nswtrains:2250791,"Gosford Station, Stand G","Gosford Station, Platform 1",other,other,146.0,182.5,146.0,0,1,22,168.0,0,modelled
nswtrains:2460143,sydneytrains:2460143,"Grafton Station, Platform 1",Grafton Station Platform 1,other,heavy_rail,0.0,0.0,0.0,0,0,0,0.0,0,modelled
nswtrains:2460143,nswtrains:246021,"Grafton Station, Platform 1","Grafton Station, Coach Stop",other,other,68.9,86.2,68.9,0,1,22,90.9,0,modelled
nswtrains:246021,sydneytrains:2460143,"Grafton Station, Coach Stop",Grafton Station Platform 1,other,heavy_rail,68.9,86.2,68.9,0,1,22,90.9,0,modelled
nswtrains:233462,sydneytrains:233461,Greta Station Platform 2,Greta Station Platform 1,other,heavy_rail,10.2,12.8,10.2,0,0,0,10.2,0,modelled
nswtrains:233462,sydneytrains:233462,Greta Station Platform 2,Greta Station Platform 2,other,heavy_rail,0.0,0.0,0.0,0,0,0,0.0,0,modelled
nswtrains:233461,sydneytrains:233461,Greta Station Platform 1,Greta Station Platform 1,other,heavy_rail,0.0,0.0,0.0,0,0,0,0.0,0,modelled
nswtrains:233461,sydneytrains:233462,Greta Station Platform 1,Greta Station Platform 2,other,heavy_rail,10.2,12.8,10.2,0,0,0,10.2,0,modelled
nswtrains:233461,nswtrains:233462,Greta Station Platform 1,Greta Station Platform 2,other,other,10.2,12.8,10.2,0,0,0,10.2,0,modelled
nswtrains:2303152,sydneytrains:2303151,Hamilton Station Platform 2,Hamilton Station Platform 1,other,heavy_rail,27.5,34.3,27.5,0,0,0,27.5,0,modelled
nswtrains:2303152,sydneytrains:2303152,Hamilton Station Platform 2,Hamilton Station Platform 2,other,heavy_rail,0.0,0.0,0.0,0,0,0,0.0,0,modelled
nswtrains:2303151,sydneytrains:2303151,Hamilton Station Platform 1,Hamilton Station Platform 1,other,heavy_rail,0.0,0.0,0.0,0,0,0,0.0,0,modelled
nswtrains:2303151,sydneytrains:2303152,Hamilton Station Platform 1,Hamilton Station Platform 2,other,heavy_rail,27.5,34.3,27.5,0,0,0,27.5,0,modelled
nswtrains:2303151,nswtrains:2303152,Hamilton Station Platform 1,Hamilton Station Platform 2,other,other,27.5,34.3,27.5,0,0,0,27.5,0,modelled
nswtrains:2322231,sydneytrains:2322231,Hexham Station Platform 1,Hexham Station Platform 1,other,heavy_rail,0.0,0.0,0.0,0,0,0,0.0,0,modelled
nswtrains:2322231,sydneytrains:2322232,Hexham Station Platform 1,Hexham Station Platform 2,other,heavy_rail,4.9,6.1,4.9,0,0,0,4.9,0,modelled
nswtrains:2322231,nswtrains:2322232,Hexham Station Platform 1,Hexham Station Platform 2,other,other,4.9,6.1,4.9,0,0,0,4.9,0,modelled
nswtrains:2322232,sydneytrains:2322231,Hexham Station Platform 2,Hexham Station Platform 1,other,heavy_rail,4.9,6.1,4.9,0,0,0,4.9,0,modelled
nswtrains:2322232,sydneytrains:2322232,Hexham Station Platform 2,Hexham Station Platform 2,other,heavy_rail,0.0,0.0,0.0,0,0,0,0.0,0,modelled
nswtrains:2320302,sydneytrains:2320301,High Street Station Platform 2,High Street Station Platform 1,other,heavy_rail,6.5,8.1,6.5,0,0,0,6.5,0,modelled
nswtrains:2320302,sydneytrains:2320302,High Street Station Platform 2,High Street Station Platform 2,other,heavy_rail,0.0,0.0,0.0,0,0,0,0.0,0,modelled
nswtrains:2320301,sydneytrains:2320301,High Street Station Platform 1,High Street Station Platform 1,other,heavy_rail,0.0,0.0,0.0,0,0,0,0.0,0,modelled
nswtrains:2320301,sydneytrains:2320302,High Street Station Platform 1,High Street Station Platform 2,other,heavy_rail,6.5,8.1,6.5,0,0,0,6.5,0,modelled
nswtrains:2320301,nswtrains:2320302,High Street Station Platform 1,High Street Station Platform 2,other,other,6.5,8.1,6.5,0,0,0,6.5,0,modelled
nswtrains:242071,sydneytrains:242071,Hilldale Station Platform 1,Hilldale Station Platform 1,other,heavy_rail,0.0,0.0,0.0,0,0,0,0.0,0,modelled
nswtrains:207762,sydneytrains:2077302,"Hornsby Station, Stand A",Hornsby Station Platform 2,other,heavy_rail,85.6,107.0,85.6,0,1,22,107.6,0,modelled
nswtrains:207762,sydneytrains:2077303,"Hornsby Station, Stand A",Hornsby Station Platform 3,other,heavy_rail,83.9,104.8,83.9,0,1,22,105.9,0,modelled
nswtrains:207762,sydneytrains:2077304,"Hornsby Station, Stand A",Hornsby Station Platform 4,other,heavy_rail,85.9,107.4,85.9,0,1,22,107.9,0,modelled
nswtrains:207762,sydneytrains:2077305,"Hornsby Station, Stand A",Hornsby Station Platform 5,other,heavy_rail,85.1,106.4,85.1,0,1,22,107.1,0,modelled
nswtrains:2077303,sydneytrains:2077302,"Hornsby Station, Platform 3",Hornsby Station Platform 2,other,heavy_rail,4.2,5.2,4.2,0,0,0,4.2,0,modelled
nswtrains:2077303,sydneytrains:2077303,"Hornsby Station, Platform 3",Hornsby Station Platform 3,other,heavy_rail,0.0,0.0,0.0,0,0,0,0.0,0,modelled
nswtrains:2077303,sydneytrains:2077304,"Hornsby Station, Platform 3",Hornsby Station Platform 4,other,heavy_rail,12.0,15.0,12.0,0,0,0,12.0,0,modelled
nswtrains:2077303,sydneytrains:2077305,"Hornsby Station, Platform 3",Hornsby Station Platform 5,other,heavy_rail,18.1,22.6,18.1,0,0,0,18.1,0,modelled
nswtrains:2077303,nswtrains:207762,"Hornsby Station, Platform 3","Hornsby Station, Stand A",other,other,83.9,104.8,83.9,0,1,22,105.9,0,modelled
nswtrains:2077303,nswtrains:2077305,"Hornsby Station, Platform 3","Hornsby Station, Platform 5",other,other,18.1,22.6,18.1,0,0,0,18.1,0,modelled
nswtrains:2077305,sydneytrains:2077302,"Hornsby Station, Platform 5",Hornsby Station Platform 2,other,heavy_rail,22.0,27.5,22.0,0,0,0,22.0,0,modelled
nswtrains:2077305,sydneytrains:2077303,"Hornsby Station, Platform 5",Hornsby Station Platform 3,other,heavy_rail,18.1,22.6,18.1,0,0,0,18.1,0,modelled
nswtrains:2077305,sydneytrains:2077304,"Hornsby Station, Platform 5",Hornsby Station Platform 4,other,heavy_rail,6.4,8.0,6.4,0,0,0,6.4,0,modelled
nswtrains:2077305,sydneytrains:2077305,"Hornsby Station, Platform 5",Hornsby Station Platform 5,other,heavy_rail,0.0,0.0,0.0,0,0,0,0.0,0,modelled
nswtrains:2077305,nswtrains:207762,"Hornsby Station, Platform 5","Hornsby Station, Stand A",other,other,85.1,106.4,85.1,0,1,22,107.1,0,modelled
nswtrains:244086,sydneytrains:244086,"Kempsey Station, Platform 1",Kempsey Station Platform 1,other,heavy_rail,0.0,0.0,0.0,0,0,0,0.0,0,modelled
nswtrains:24402,sydneytrains:244086,"Kempsey Station, Coach Stop",Kempsey Station Platform 1,other,heavy_rail,21.5,26.8,21.5,0,0,0,21.5,0,modelled
nswtrains:24402,nswtrains:244086,"Kempsey Station, Coach Stop","Kempsey Station, Platform 1",other,other,21.5,26.8,21.5,0,0,0,21.5,0,modelled
nswtrains:243927,sydneytrains:243927,"Kendall Station, Platform 1",Kendall Station Platform 1,other,heavy_rail,0.0,0.0,0.0,0,0,0,0.0,0,modelled
nswtrains:24392,sydneytrains:243927,"Kendall Station, Railway St",Kendall Station Platform 1,other,heavy_rail,15.8,19.7,15.8,0,0,0,15.8,0,modelled
nswtrains:24392,nswtrains:243927,"Kendall Station, Railway St","Kendall Station, Platform 1",other,other,15.8,19.7,15.8,0,0,0,15.8,0,modelled
nswtrains:24295,nswtrains:24297,3732 The Bucketts Way,3739 The Bucketts Way,other,other,20.0,25.0,20.0,0,0,0,20.0,0,modelled
nswtrains:247426,sydneytrains:247426,"Kyogle Station, Platform 1",Kyogle Station Platform 1,other,heavy_rail,0.0,0.0,0.0,0,0,0,0.0,0,modelled
nswtrains:2324152,regionbuses:2324152,Old Coach Rd at The Bucketts Way,Old Coach Rd at The Bucketts Way,other,other,13.9,17.3,13.9,0,0,0,13.9,0,modelled
nswtrains:2324152,regionbuses:2324308,Old Coach Rd at The Bucketts Way,The Bucketts Way after Old Coach Rd,other,other,101.6,127.0,101.6,0,1,22,123.6,0,modelled
nswtrains:2321161,sydneytrains:2321161,Lochinvar Station Platform 1,Lochinvar Station Platform 1,other,heavy_rail,0.0,0.0,0.0,0,0,0,0.0,0,modelled
nswtrains:2321161,sydneytrains:2321162,Lochinvar Station Platform 1,Lochinvar Station Platform 2,other,heavy_rail,9.4,11.8,9.4,0,0,0,9.4,0,modelled
nswtrains:2321161,nswtrains:2321162,Lochinvar Station Platform 1,Lochinvar Station Platform 2,other,other,9.4,11.8,9.4,0,0,0,9.4,0,modelled
nswtrains:2321162,sydneytrains:2321161,Lochinvar Station Platform 2,Lochinvar Station Platform 1,other,heavy_rail,9.4,11.8,9.4,0,0,0,9.4,0,modelled
nswtrains:2321162,sydneytrains:2321162,Lochinvar Station Platform 2,Lochinvar Station Platform 2,other,heavy_rail,0.0,0.0,0.0,0,0,0,0.0,0,modelled
nswtrains:244738,sydneytrains:244738,"Macksville Station, Platform 1",Macksville Station Platform 1,other,heavy_rail,0.0,0.0,0.0,0,0,0,0.0,0,modelled
nswtrains:24472,sydneytrains:244738,"Macksville Station, Coach Stop",Macksville Station Platform 1,other,heavy_rail,27.1,33.8,27.1,0,0,0,27.1,0,modelled
nswtrains:24472,nswtrains:244738,"Macksville Station, Coach Stop","Macksville Station, Platform 1",other,other,27.1,33.8,27.1,0,0,0,27.1,0,modelled
nswtrains:2320311,sydneytrains:2320311,"Maitland Station, Platform 1",Maitland Station Platform 1,other,heavy_rail,0.0,0.0,0.0,0,0,0,0.0,0,modelled
nswtrains:2320311,sydneytrains:2320312,"Maitland Station, Platform 1",Maitland Station Platform 2,other,heavy_rail,17.4,21.8,17.4,0,0,0,17.4,0,modelled
nswtrains:2320311,sydneytrains:2320313,"Maitland Station, Platform 1",Maitland Station Platform 3,other,heavy_rail,23.0,28.7,23.0,0,0,0,23.0,0,modelled
nswtrains:2320311,sydneytrains:2320314,"Maitland Station, Platform 1",Maitland Station Platform 4,other,heavy_rail,33.5,41.9,33.5,0,0,0,33.5,0,modelled
nswtrains:2320311,nswtrains:2320312,"Maitland Station, Platform 1","Maitland Station, Platform 2",other,other,17.4,21.8,17.4,0,0,0,17.4,0,modelled
nswtrains:2320311,nswtrains:2320313,"Maitland Station, Platform 1","Maitland Station, Platform 3",other,other,23.0,28.7,23.0,0,0,0,23.0,0,modelled
nswtrains:2320311,nswtrains:2320314,"Maitland Station, Platform 1","Maitland Station, Platform 4",other,other,33.5,41.9,33.5,0,0,0,33.5,0,modelled
nswtrains:232021,sydneytrains:2320311,"Maitland Station, Station St",Maitland Station Platform 1,other,heavy_rail,40.6,50.8,40.6,0,0,0,40.6,0,modelled
nswtrains:232021,sydneytrains:2320312,"Maitland Station, Station St",Maitland Station Platform 2,other,heavy_rail,58.0,72.5,58.0,0,0,0,58.0,0,modelled
nswtrains:232021,sydneytrains:2320313,"Maitland Station, Station St",Maitland Station Platform 3,other,heavy_rail,63.0,78.8,63.0,0,1,22,85.0,0,modelled
nswtrains:232021,sydneytrains:2320314,"Maitland Station, Station St",Maitland Station Platform 4,other,heavy_rail,72.5,90.6,72.5,0,1,22,94.5,0,modelled
nswtrains:232021,nswtrains:2320311,"Maitland Station, Station St","Maitland Station, Platform 1",other,other,40.6,50.8,40.6,0,0,0,40.6,0,modelled
nswtrains:232021,nswtrains:2320312,"Maitland Station, Station St","Maitland Station, Platform 2",other,other,58.0,72.5,58.0,0,0,0,58.0,0,modelled
nswtrains:232021,nswtrains:2320313,"Maitland Station, Station St","Maitland Station, Platform 3",other,other,63.0,78.8,63.0,0,1,22,85.0,0,modelled
nswtrains:232021,nswtrains:2320314,"Maitland Station, Station St","Maitland Station, Platform 4",other,other,72.5,90.6,72.5,0,1,22,94.5,0,modelled
nswtrains:2320312,sydneytrains:2320311,"Maitland Station, Platform 2",Maitland Station Platform 1,other,heavy_rail,17.4,21.8,17.4,0,0,0,17.4,0,modelled
nswtrains:2320312,sydneytrains:2320312,"Maitland Station, Platform 2",Maitland Station Platform 2,other,heavy_rail,0.0,0.0,0.0,0,0,0,0.0,0,modelled
nswtrains:2320312,sydneytrains:2320313,"Maitland Station, Platform 2",Maitland Station Platform 3,other,heavy_rail,6.9,8.6,6.9,0,0,0,6.9,0,modelled
nswtrains:2320312,sydneytrains:2320314,"Maitland Station, Platform 2",Maitland Station Platform 4,other,heavy_rail,18.3,22.8,18.3,0,0,0,18.3,0,modelled
nswtrains:2320312,nswtrains:2320313,"Maitland Station, Platform 2","Maitland Station, Platform 3",other,other,6.9,8.6,6.9,0,0,0,6.9,0,modelled
nswtrains:2320312,nswtrains:2320314,"Maitland Station, Platform 2","Maitland Station, Platform 4",other,other,18.3,22.8,18.3,0,0,0,18.3,0,modelled
nswtrains:2320313,sydneytrains:2320311,"Maitland Station, Platform 3",Maitland Station Platform 1,other,heavy_rail,23.0,28.7,23.0,0,0,0,23.0,0,modelled
nswtrains:2320313,sydneytrains:2320312,"Maitland Station, Platform 3",Maitland Station Platform 2,other,heavy_rail,6.9,8.6,6.9,0,0,0,6.9,0,modelled
nswtrains:2320313,sydneytrains:2320313,"Maitland Station, Platform 3",Maitland Station Platform 3,other,heavy_rail,0.0,0.0,0.0,0,0,0,0.0,0,modelled
nswtrains:2320313,sydneytrains:2320314,"Maitland Station, Platform 3",Maitland Station Platform 4,other,heavy_rail,11.4,14.2,11.4,0,0,0,11.4,0,modelled
nswtrains:2320313,nswtrains:2320314,"Maitland Station, Platform 3","Maitland Station, Platform 4",other,other,11.4,14.2,11.4,0,0,0,11.4,0,modelled
nswtrains:2320314,sydneytrains:2320311,"Maitland Station, Platform 4",Maitland Station Platform 1,other,heavy_rail,33.5,41.9,33.5,0,0,0,33.5,0,modelled
nswtrains:2320314,sydneytrains:2320312,"Maitland Station, Platform 4",Maitland Station Platform 2,other,heavy_rail,18.3,22.8,18.3,0,0,0,18.3,0,modelled
nswtrains:2320314,sydneytrains:2320313,"Maitland Station, Platform 4",Maitland Station Platform 3,other,heavy_rail,11.4,14.2,11.4,0,0,0,11.4,0,modelled
nswtrains:2320314,sydneytrains:2320314,"Maitland Station, Platform 4",Maitland Station Platform 4,other,heavy_rail,0.0,0.0,0.0,0,0,0,0.0,0,modelled
nswtrains:242081,regionbuses:242033,Martins Creek Station Platform 1,Cory St after Station St,other,other,124.0,155.0,124.0,0,1,22,146.0,0,modelled
nswtrains:242081,regionbuses:242041,Martins Creek Station Platform 1,Cory St before Station St,other,other,114.3,142.9,114.3,0,1,22,136.3,0,modelled
nswtrains:242081,sydneytrains:242081,Martins Creek Station Platform 1,Martins Creek Station Platform 1,other,heavy_rail,0.0,0.0,0.0,0,0,0,0.0,0,modelled
nswtrains:2323321,sydneytrains:2323321,Metford Station Platform 1,Metford Station Platform 1,other,heavy_rail,0.0,0.0,0.0,0,0,0,0.0,0,modelled
nswtrains:2323321,sydneytrains:2323322,Metford Station Platform 1,Metford Station Platform 2,other,heavy_rail,4.1,5.1,4.1,0,0,0,4.1,0,modelled
nswtrains:2323321,nswtrains:2323322,Metford Station Platform 1,Metford Station Platform 2,other,other,4.1,5.1,4.1,0,0,0,4.1,0,modelled
nswtrains:2323322,sydneytrains:2323321,Metford Station Platform 2,Metford Station Platform 1,other,heavy_rail,4.1,5.1,4.1,0,0,0,4.1,0,modelled
nswtrains:2323322,sydneytrains:2323322,Metford Station Platform 2,Metford Station Platform 2,other,heavy_rail,0.0,0.0,0.0,0,0,0,0.0,0,modelled
nswtrains:2320321,sydneytrains:2320321,Mindaribba Station Platform 1,Mindaribba Station Platform 1,other,heavy_rail,0.0,0.0,0.0,0,0,0,0.0,0,modelled
nswtrains:2429109,nswtrains:24296,Gloucester Rd after Nowendoc Rd,Gloucester Rd opp Nowendoc Rd,other,other,65.7,82.1,65.7,0,1,22,87.7,0,modelled
nswtrains:233321,regionbuses:233320,"Muswellbrook Station, Platform 1","Muswellbrook Station, Stand C",other,other,28.5,35.6,28.5,0,0,0,28.5,0,modelled
nswtrains:233321,sydneytrains:233321,"Muswellbrook Station, Platform 1",Muswellbrook Station Platform 1,other,heavy_rail,0.0,0.0,0.0,0,0,0,0.0,0,modelled
nswtrains:233320,regionbuses:233320,"Muswellbrook Station, Coach Stop","Muswellbrook Station, Stand C",other,other,0.0,0.0,0.0,0,0,0,0.0,0,modelled
nswtrains:233320,sydneytrains:233321,"Muswellbrook Station, Coach Stop",Muswellbrook Station Platform 1,other,heavy_rail,28.5,35.6,28.5,0,0,0,28.5,0,modelled
nswtrains:233320,nswtrains:233321,"Muswellbrook Station, Coach Stop","Muswellbrook Station, Platform 1",other,other,28.5,35.6,28.5,0,0,0,28.5,0,modelled
nswtrains:244835,sydneytrains:244835,"Nambucca Heads Station, Platform 1",Nambucca Heads Station Platform 1,other,heavy_rail,0.0,0.0,0.0,0,0,0,0.0,0,modelled
nswtrains:24482,sydneytrains:244835,"Nambucca Heads Station, Coach Stop",Nambucca Heads Station Platform 1,other,heavy_rail,28.8,36.0,28.8,0,0,0,28.8,0,modelled
nswtrains:24482,nswtrains:244835,"Nambucca Heads Station, Coach Stop","Nambucca Heads Station, Platform 1",other,other,28.8,36.0,28.8,0,0,0,28.8,0,modelled
nswtrains:230246,regionbuses:230246,"Newcastle Interchange, Stand C","Newcastle Interchange, Stand C",other,other,34.6,43.2,34.6,1,0,0,34.6,1,modelled
nswtrains:230246,sydneytrains:229351,"Newcastle Interchange, Stand C",Newcastle Interchange Station Platform 1,other,heavy_rail,89.5,111.8,89.5,1,0,0,89.5,1,modelled
nswtrains:230246,sydneytrains:229352,"Newcastle Interchange, Stand C",Newcastle Interchange Station Platform 2,other,heavy_rail,94.9,118.7,94.9,1,0,0,94.9,1,modelled
nswtrains:230246,sydneytrains:229354,"Newcastle Interchange, Stand C",Newcastle Interchange Station Platform 3,other,heavy_rail,96.3,120.4,96.3,1,0,0,96.3,1,modelled
nswtrains:242141,sydneytrains:242141,Paterson Station Platform 1,Paterson Station Platform 1,other,heavy_rail,0.0,0.0,0.0,0,0,0,0.0,0,modelled
nswtrains:2324113,regionbuses:232412,Adelaide St After Glenelg St,"Raymond Terrace Shopping Centre, Sturgeon St",other,other,136.1,170.1,136.1,0,1,22,158.1,0,modelled
nswtrains:2324113,regionbuses:232499,Adelaide St After Glenelg St,Adelaide St after William St,other,other,46.7,58.3,46.7,0,0,0,46.7,0,modelled
nswtrains:2324113,regionbuses:2324113,Adelaide St After Glenelg St,Adelaide St after Glenelg St,other,other,0.3,0.4,0.3,0,0,0,0.3,0,modelled
nswtrains:2324113,regionbuses:2324265,Adelaide St After Glenelg St,Glenelg St before Adelaide St,other,other,110.1,137.7,110.1,0,1,22,132.1,0,modelled
nswtrains:40004,sydneytrains:600037,"Roma Street Station, Stand F",Brisbane (Roma St) Station Platform 2,other,heavy_rail,173.3,216.6,173.3,0,1,22,195.3,0,modelled
nswtrains:600033,sydneytrains:600037,"Roma Street Station, Platform 3",Brisbane (Roma St) Station Platform 2,other,heavy_rail,42.0,52.6,42.0,0,0,0,42.0,0,modelled
nswtrains:2304291,sydneytrains:2304291,Sandgate Station Platform 1,Sandgate Station Platform 1,other,heavy_rail,0.0,0.0,0.0,0,0,0,0.0,0,modelled
nswtrains:2304291,sydneytrains:2304292,Sandgate Station Platform 1,Sandgate Station Platform 2,other,heavy_rail,9.5,11.9,9.5,0,0,0,9.5,0,modelled
nswtrains:2304291,nswtrains:2304292,Sandgate Station Platform 1,Sandgate Station Platform 2,other,other,9.5,11.9,9.5,0,0,0,9.5,0,modelled
nswtrains:2304292,sydneytrains:2304291,Sandgate Station Platform 2,Sandgate Station Platform 1,other,heavy_rail,9.5,11.9,9.5,0,0,0,9.5,0,modelled
nswtrains:2304292,sydneytrains:2304292,Sandgate Station Platform 2,Sandgate Station Platform 2,other,heavy_rail,0.0,0.0,0.0,0,0,0,0.0,0,modelled
nswtrains:245240,sydneytrains:245240,"Sawtell Station, Platform 1",Sawtell Station Platform 1,other,heavy_rail,0.0,0.0,0.0,0,0,0,0.0,0,modelled
nswtrains:24522,sydneytrains:245240,"Sawtell Station, Coach Stop",Sawtell Station Platform 1,other,heavy_rail,14.9,18.7,14.9,0,0,0,14.9,0,modelled
nswtrains:24522,nswtrains:245240,"Sawtell Station, Coach Stop","Sawtell Station, Platform 1",other,other,14.9,18.7,14.9,0,0,0,14.9,0,modelled
nswtrains:233731,sydneytrains:233731,"Scone Station, Platform 1",Scone Station Platform 1,other,heavy_rail,0.0,0.0,0.0,0,0,0,0.0,0,modelled
nswtrains:2330181,regionbuses:233012,"Singleton Station, Platform 1","Singleton Station, Munro St",other,other,15.2,19.0,15.2,0,0,0,15.2,0,modelled
nswtrains:2330181,sydneytrains:2330181,"Singleton Station, Platform 1",Singleton Station Platform 1,other,heavy_rail,0.0,0.0,0.0,0,0,0,0.0,0,modelled
nswtrains:233012,regionbuses:233012,"Singleton Station, Munro St","Singleton Station, Munro St",other,other,0.0,0.0,0.0,0,0,0,0.0,0,modelled
nswtrains:233012,sydneytrains:2330181,"Singleton Station, Munro St",Singleton Station Platform 1,other,heavy_rail,15.2,19.0,15.2,0,0,0,15.2,0,modelled
nswtrains:233012,nswtrains:2330181,"Singleton Station, Munro St","Singleton Station, Platform 1",other,other,15.2,19.0,15.2,0,0,0,15.2,0,modelled
nswtrains:233011,regionbuses:233012,"Munro St, opp Singleton Station","Singleton Station, Munro St",other,other,57.2,71.5,57.2,0,0,0,57.2,0,modelled
nswtrains:233011,sydneytrains:2330181,"Munro St, opp Singleton Station",Singleton Station Platform 1,other,heavy_rail,62.4,77.9,62.4,0,1,22,84.4,0,modelled
nswtrains:233011,nswtrains:2330181,"Munro St, opp Singleton Station","Singleton Station, Platform 1",other,other,62.4,77.9,62.4,0,1,22,84.4,0,modelled
nswtrains:233011,nswtrains:233012,"Munro St, opp Singleton Station","Singleton Station, Munro St",other,other,57.2,71.5,57.2,0,0,0,57.2,0,modelled
nswtrains:242211,nswtrains:24226,The Bucketts Way before Avon St,The Bucketts Way after Avon St,other,other,15.1,18.8,15.1,0,0,0,15.1,0,modelled
nswtrains:213514,sydneytrains:2135231,"Strathfield Station, Everton Rd Stand A",Strathfield Station Platform 1,other,heavy_rail,63.7,79.7,63.7,0,1,22,85.7,0,modelled
nswtrains:213514,sydneytrains:2135232,"Strathfield Station, Everton Rd Stand A",Strathfield Station Platform 2,other,heavy_rail,63.9,79.9,63.9,0,1,22,85.9,0,modelled
nswtrains:213514,sydneytrains:2135233,"Strathfield Station, Everton Rd Stand A",Strathfield Station Platform 3,other,heavy_rail,67.4,84.3,67.4,0,1,22,89.4,0,modelled
nswtrains:213514,sydneytrains:2135235,"Strathfield Station, Everton Rd Stand A",Strathfield Station Platform 5,other,heavy_rail,78.3,97.9,78.3,0,1,22,100.3,0,modelled
nswtrains:213514,sydneytrains:2135236,"Strathfield Station, Everton Rd Stand A",Strathfield Station Platform 6,other,heavy_rail,81.8,102.3,81.8,0,1,22,103.8,0,modelled
nswtrains:213514,nswtrains:2135232,"Strathfield Station, Everton Rd Stand A","Strathfield Station, Platform 2",other,other,63.9,79.9,63.9,0,1,22,85.9,0,modelled
nswtrains:213514,nswtrains:2135233,"Strathfield Station, Everton Rd Stand A","Strathfield Station, Platform 3",other,other,67.4,84.3,67.4,0,1,22,89.4,0,modelled
nswtrains:2135232,sydneytrains:2135231,"Strathfield Station, Platform 2",Strathfield Station Platform 1,other,heavy_rail,6.4,8.1,6.4,0,0,0,6.4,0,modelled
nswtrains:2135232,sydneytrains:2135232,"Strathfield Station, Platform 2",Strathfield Station Platform 2,other,heavy_rail,0.0,0.0,0.0,0,0,0,0.0,0,modelled
nswtrains:2135232,sydneytrains:2135233,"Strathfield Station, Platform 2",Strathfield Station Platform 3,other,heavy_rail,10.8,13.5,10.8,0,0,0,10.8,0,modelled
nswtrains:2135232,sydneytrains:2135235,"Strathfield Station, Platform 2",Strathfield Station Platform 5,other,heavy_rail,29.7,37.1,29.7,0,0,0,29.7,0,modelled
nswtrains:2135232,sydneytrains:2135236,"Strathfield Station, Platform 2",Strathfield Station Platform 6,other,heavy_rail,36.3,45.4,36.3,0,0,0,36.3,0,modelled
nswtrains:2135232,nswtrains:2135233,"Strathfield Station, Platform 2","Strathfield Station, Platform 3",other,other,10.8,13.5,10.8,0,0,0,10.8,0,modelled
nswtrains:2135233,sydneytrains:2135231,"Strathfield Station, Platform 3",Strathfield Station Platform 1,other,heavy_rail,17.2,21.5,17.2,0,0,0,17.2,0,modelled
nswtrains:2135233,sydneytrains:2135232,"Strathfield Station, Platform 3",Strathfield Station Platform 2,other,heavy_rail,10.8,13.5,10.8,0,0,0,10.8,0,modelled
nswtrains:2135233,sydneytrains:2135233,"Strathfield Station, Platform 3",Strathfield Station Platform 3,other,heavy_rail,0.0,0.0,0.0,0,0,0,0.0,0,modelled
nswtrains:2135233,sydneytrains:2135235,"Strathfield Station, Platform 3",Strathfield Station Platform 5,other,heavy_rail,18.9,23.7,18.9,0,0,0,18.9,0,modelled
nswtrains:2135233,sydneytrains:2135236,"Strathfield Station, Platform 3",Strathfield Station Platform 6,other,heavy_rail,25.5,31.9,25.5,0,0,0,25.5,0,modelled
nswtrains:24252,regionbuses:24252,Cowper St before Memorial Ave,Cowper St before Memorial Ave,other,other,1.5,1.9,1.5,0,0,0,1.5,0,modelled
nswtrains:24252,regionbuses:24256,Cowper St before Memorial Ave,Cowper St after Gidley St,other,other,109.9,137.4,109.9,0,1,22,131.9,0,modelled
nswtrains:24252,nswtrains:24256,Cowper St before Memorial Ave,Cowper St after Gidley St,other,other,113.6,142.0,113.6,0,1,22,135.6,0,modelled
nswtrains:24256,regionbuses:24252,Cowper St after Gidley St,Cowper St before Memorial Ave,other,other,112.1,140.1,112.1,0,1,22,134.1,0,modelled
nswtrains:24256,regionbuses:24256,Cowper St after Gidley St,Cowper St after Gidley St,other,other,4.1,5.1,4.1,0,0,0,4.1,0,modelled
nswtrains:24151,nswtrains:24152,The Bucketts Way opp Karuah St,The Bucketts Way after Karuah St,other,other,46.9,58.6,46.9,0,0,0,46.9,0,modelled
nswtrains:243067,regionbuses:24303,"Taree Station, Platform 1","Taree Station, Coach Stop",other,other,14.0,17.5,14.0,0,0,0,14.0,0,modelled
nswtrains:243067,sydneytrains:243067,"Taree Station, Platform 1",Taree Station Platform 1,other,heavy_rail,0.0,0.0,0.0,0,0,0,0.0,0,modelled
nswtrains:24303,regionbuses:24303,"Taree Station, Coach Stop","Taree Station, Coach Stop",other,other,29.9,37.4,29.9,0,0,0,29.9,0,modelled
nswtrains:24303,sydneytrains:243067,"Taree Station, Coach Stop",Taree Station Platform 1,other,heavy_rail,34.7,43.3,34.7,0,0,0,34.7,0,modelled
nswtrains:24303,nswtrains:243067,"Taree Station, Coach Stop","Taree Station, Platform 1",other,other,34.7,43.3,34.7,0,0,0,34.7,0,modelled
nswtrains:2322242,sydneytrains:2322241,Tarro Station Platform 2,Tarro Station Platform 1,other,heavy_rail,10.1,12.6,10.1,0,0,0,10.1,0,modelled
nswtrains:2322242,sydneytrains:2322242,Tarro Station Platform 2,Tarro Station Platform 2,other,heavy_rail,0.0,0.0,0.0,0,0,0,0.0,0,modelled
nswtrains:2322241,sydneytrains:2322241,Tarro Station Platform 1,Tarro Station Platform 1,other,heavy_rail,0.0,0.0,0.0,0,0,0,0.0,0,modelled
nswtrains:2322241,sydneytrains:2322242,Tarro Station Platform 1,Tarro Station Platform 2,other,heavy_rail,10.1,12.6,10.1,0,0,0,10.1,0,modelled
nswtrains:2322241,nswtrains:2322242,Tarro Station Platform 1,Tarro Station Platform 2,other,other,10.1,12.6,10.1,0,0,0,10.1,0,modelled
nswtrains:2320331,sydneytrains:2320331,Telarah Station Platform 1,Telarah Station Platform 1,other,heavy_rail,0.0,0.0,0.0,0,0,0,0.0,0,modelled
nswtrains:2322252,sydneytrains:2322251,Thornton Station Platform 2,Thornton Station Platform 1,other,heavy_rail,10.5,13.1,10.5,0,0,0,10.5,0,modelled
nswtrains:2322252,sydneytrains:2322252,Thornton Station Platform 2,Thornton Station Platform 2,other,heavy_rail,0.0,0.0,0.0,0,0,0,0.0,0,modelled
nswtrains:2322251,sydneytrains:2322251,Thornton Station Platform 1,Thornton Station Platform 1,other,heavy_rail,0.0,0.0,0.0,0,0,0,0.0,0,modelled
nswtrains:2322251,sydneytrains:2322252,Thornton Station Platform 1,Thornton Station Platform 2,other,heavy_rail,10.5,13.1,10.5,0,0,0,10.5,0,modelled
nswtrains:2322251,nswtrains:2322252,Thornton Station Platform 1,Thornton Station Platform 2,other,other,10.5,13.1,10.5,0,0,0,10.5,0,modelled
nswtrains:245526,sydneytrains:245526,"Urunga Station, Platform 1",Urunga Station Platform 1,other,heavy_rail,0.0,0.0,0.0,0,0,0,0.0,0,modelled
nswtrains:24552,sydneytrains:245526,"Urunga Station, Coach Stop",Urunga Station Platform 1,other,heavy_rail,25.2,31.5,25.2,0,0,0,25.2,0,modelled
nswtrains:24552,nswtrains:245526,"Urunga Station, Coach Stop","Urunga Station, Platform 1",other,other,25.2,31.5,25.2,0,0,0,25.2,0,modelled
nswtrains:2323332,sydneytrains:2323331,Victoria Street Station Platform 2,Victoria Street Station Platform 1,other,heavy_rail,6.2,7.7,6.2,0,0,0,6.2,0,modelled
nswtrains:2323332,sydneytrains:2323332,Victoria Street Station Platform 2,Victoria Street Station Platform 2,other,heavy_rail,0.0,0.0,0.0,0,0,0,0.0,0,modelled
nswtrains:2323331,sydneytrains:2323331,Victoria Street Station Platform 1,Victoria Street Station Platform 1,other,heavy_rail,0.0,0.0,0.0,0,0,0,0.0,0,modelled
nswtrains:2323331,sydneytrains:2323332,Victoria Street Station Platform 1,Victoria Street Station Platform 2,other,heavy_rail,6.2,7.7,6.2,0,0,0,6.2,0,modelled
nswtrains:2323331,nswtrains:2323332,Victoria Street Station Platform 1,Victoria Street Station Platform 2,other,other,6.2,7.7,6.2,0,0,0,6.2,0,modelled
nswtrains:242091,sydneytrains:242091,Wallarobba Station Platform 1,Wallarobba Station Platform 1,other,heavy_rail,0.0,0.0,0.0,0,0,0,0.0,0,modelled
nswtrains:2304301,sydneytrains:2304301,Warabrook Station Platform 1,Warabrook Station Platform 1,other,heavy_rail,0.0,0.0,0.0,0,0,0,0.0,0,modelled
nswtrains:2304301,sydneytrains:2304302,Warabrook Station Platform 1,Warabrook Station Platform 2,other,heavy_rail,3.7,4.6,3.7,0,0,0,3.7,0,modelled
nswtrains:2304301,nswtrains:2304302,Warabrook Station Platform 1,Warabrook Station Platform 2,other,other,3.7,4.6,3.7,0,0,0,3.7,0,modelled
nswtrains:2304302,sydneytrains:2304301,Warabrook Station Platform 2,Warabrook Station Platform 1,other,heavy_rail,3.7,4.6,3.7,0,0,0,3.7,0,modelled
nswtrains:2304302,sydneytrains:2304302,Warabrook Station Platform 2,Warabrook Station Platform 2,other,heavy_rail,0.0,0.0,0.0,0,0,0,0.0,0,modelled
nswtrains:2304312,sydneytrains:2304311,Waratah Station Platform 2,Waratah Station Platform 1,other,heavy_rail,11.6,14.5,11.6,0,0,0,11.6,0,modelled
nswtrains:2304312,sydneytrains:2304312,Waratah Station Platform 2,Waratah Station Platform 2,other,heavy_rail,0.0,0.0,0.0,0,0,0,0.0,0,modelled
nswtrains:2304311,sydneytrains:2304311,Waratah Station Platform 1,Waratah Station Platform 1,other,heavy_rail,0.0,0.0,0.0,0,0,0,0.0,0,modelled
nswtrains:2304311,sydneytrains:2304312,Waratah Station Platform 1,Waratah Station Platform 2,other,heavy_rail,11.6,14.5,11.6,0,0,0,11.6,0,modelled
nswtrains:2304311,nswtrains:2304312,Waratah Station Platform 1,Waratah Station Platform 2,other,other,11.6,14.5,11.6,0,0,0,11.6,0,modelled
nswtrains:242210,nswtrains:24222,The Bucketts Way opp 22,22 The Bucketts Way,other,other,25.1,31.3,25.1,0,0,0,25.1,0,modelled
nswtrains:244648,sydneytrains:244648,"Wauchope Station, Platform 1",Wauchope Station Platform 1,other,heavy_rail,0.0,0.0,0.0,0,0,0,0.0,0,modelled
nswtrains:24462,sydneytrains:244648,"Wauchope Station, Coach Stop",Wauchope Station Platform 1,other,heavy_rail,25.8,32.2,25.8,0,0,0,25.8,0,modelled
nswtrains:24462,nswtrains:244648,"Wauchope Station, Coach Stop","Wauchope Station, Platform 1",other,other,25.8,32.2,25.8,0,0,0,25.8,0,modelled
nswtrains:23413,sydneytrains:23418,Werris Creek Station,Werris Creek Station Platform 1,other,heavy_rail,64.4,80.5,64.4,0,1,22,86.4,0,modelled
nswtrains:2429102,sydneytrains:2429102,"Wingham Station, Platform 1",Wingham Station Platform 1,other,heavy_rail,0.0,0.0,0.0,0,0,0,0.0,0,modelled
nswtrains:2429102,nswtrains:24293,"Wingham Station, Platform 1","Wingham Station, Coach Stop",other,other,14.9,18.6,14.9,0,0,0,14.9,0,modelled
nswtrains:24293,sydneytrains:2429102,"Wingham Station, Coach Stop",Wingham Station Platform 1,other,heavy_rail,14.9,18.6,14.9,0,0,0,14.9,0,modelled
nswtrains:24294,nswtrains:24298,"Central Park, Isabella St",Isabella St opp Central Park,other,other,45.0,56.2,45.0,0,0,0,45.0,0,modelled
nswtrains:2420101,sydneytrains:2420101,Wirragulla Station Platform 1,Wirragulla Station Platform 1,other,heavy_rail,0.0,0.0,0.0,0,0,0,0.0,0,modelled
nswtrains:225921,sydneytrains:2259941,"Wyong Station, Stand A",Wyong Station Platform 1,other,heavy_rail,26.2,32.8,26.2,0,0,0,26.2,0,modelled
nswtrains:225921,sydneytrains:2259942,"Wyong Station, Stand A",Wyong Station Platform 2,other,heavy_rail,23.5,29.4,23.5,0,0,0,23.5,0,modelled
nswtrains:225921,sydneytrains:2259943,"Wyong Station, Stand A",Wyong Station Platform 3,other,heavy_rail,25.8,32.2,25.8,0,0,0,25.8,0,modelled
nswtrains:225921,nswtrains:2259942,"Wyong Station, Stand A","Wyong Station, Platform 2",other,other,23.5,29.4,23.5,0,0,0,23.5,0,modelled
nswtrains:225921,nswtrains:2259943,"Wyong Station, Stand A","Wyong Station, Platform 3",other,other,25.8,32.2,25.8,0,0,0,25.8,0,modelled
nswtrains:2259942,sydneytrains:2259941,"Wyong Station, Platform 2",Wyong Station Platform 1,other,heavy_rail,4.9,6.2,4.9,0,0,0,4.9,0,modelled
nswtrains:2259942,sydneytrains:2259942,"Wyong Station, Platform 2",Wyong Station Platform 2,other,heavy_rail,0.0,0.0,0.0,0,0,0,0.0,0,modelled
nswtrains:2259942,sydneytrains:2259943,"Wyong Station, Platform 2",Wyong Station Platform 3,other,heavy_rail,13.3,16.7,13.3,0,0,0,13.3,0,modelled
nswtrains:2259942,nswtrains:2259943,"Wyong Station, Platform 2","Wyong Station, Platform 3",other,other,13.3,16.7,13.3,0,0,0,13.3,0,modelled
nswtrains:2259943,sydneytrains:2259941,"Wyong Station, Platform 3",Wyong Station Platform 1,other,heavy_rail,18.0,22.5,18.0,0,0,0,18.0,0,modelled
nswtrains:2259943,sydneytrains:2259942,"Wyong Station, Platform 3",Wyong Station Platform 2,other,heavy_rail,13.3,16.7,13.3,0,0,0,13.3,0,modelled
nswtrains:2259943,sydneytrains:2259943,"Wyong Station, Platform 3",Wyong Station Platform 3,other,heavy_rail,0.0,0.0,0.0,0,0,0,0.0,0,modelled
