SA1_CODE_2021,zone_tier,OPDs_Separate_house_Dwellings,OPDs_Separate_house_Persons,OPDs_SD_r_t_h_th_1_sty_Dwgs,OPDs_SD_r_t_h_th_1_sty_Psns,OPDs_SD_r_t_h_th_2_m_sty_Dwgs,OPDs_SD_r_t_h_th_2_m_sty_Psns,OPDs_SD_r_t_h_th_Tot_Dwgs,OPDs_SD_r_t_h_th_Tot_Psns,OPDs_F_ap_I_1or2_sty_blk_Ds,OPDs_F_ap_I_1or2_sty_blk_Ps,OPDs_F_ap_I_3_sty_blk_Dwgs,OPDs_F_ap_I_3_sty_blk_Psns,OPDs_F_ap_I_4to8_sty_blk_Ds,OPDs_F_ap_I_4to8_sty_blk_Ps,OPDs_F_ap_I_9_m_sty_blk_Ds,OPDs_F_ap_I_9_m_sty_blk_Ps,OPDs_Flt_apt_Att_house_Ds,OPDs_Flt_apt_Att_house_Ps,OPDs_Flt_apart_Tot_Dwgs,OPDs_Flt_apart_Tot_Psns,OPDs_Oth_dwg_Cvn_Ds,OPDs_Oth_dw_Cvn_Ps,OPDs_Oth_dwg_cab_hboat_Ds,OPDs_Oth_dwg_cab_hboat_Ps,OPDs_Ot_dwg_Im_hm_tnt_SO_Ds,OPDs_Ot_dwg_Im_hm_tnt_SO_Ps,OPDs_Ot_dwg_Hs_f_att_sh_of_Ds,OPDs_Ot_dwg_Hs_f_att_sh_of_Ps,OPDs_Other_dwelling_Tot_Dwgs,OPDs_Other_dwelling_Tot_Psns,OPDs_Dwlling_structur_NS_Dwgs,OPDs_Dwlling_structur_NS_Psns,OPDs_Tot_OPDs_Dwellings,OPDs_Tot_OPDs_Persons,Unoccupied_PDs_Dwgs,Unoccupied_PDs_Psns,Total_PDs_Dwellings,Total_PDs_Persons
10601110701,core,234,658,4,13,0,0,4,13,0,0,0,0,0,0,0,0,0,0,0,0,0,0,0,0,0,0,0,0,0,0,4,13,245,689,20,..,264,689
10601110702,core,198,499,17,34,0,0,17,34,0,0,0,0,0,0,0,0,0,0,0,0,0,0,0,0,0,0,0,0,0,0,0,0,213,532,19,..,241,532
10601110703,core,258,735,7,12,3,3,9,18,0,0,0,0,0,0,0,0,3,6,3,6,0,0,0,0,0,0,0,0,0,0,0,3,266,761,14,..,284,761
10601110704,external,136,391,0,0,0,0,0,0,0,0,0,0,0,0,0,0,0,0,0,0,0,0,0,0,0,0,0,0,0,0,0,0,136,391,13,..,146,391
10601110705,external,112,345,0,0,0,0,0,0,0,3,0,0,0,0,0,0,0,0,0,3,0,0,0,0,0,0,0,0,0,0,0,0,114,357,33,..,150,357
10601110706,core,131,356,0,0,0,0,0,0,0,0,0,0,0,0,0,0,0,0,0,0,0,0,0,0,0,0,0,0,0,0,0,0,131,356,11,..,146,356
10601110707,core,85,219,0,6,0,0,0,6,0,0,0,0,0,0,0,0,0,0,0,0,0,0,0,0,0,0,0,0,0,0,0,0,92,222,77,..,166,222
10601110708,core,108,309,0,0,0,0,0,0,0,0,0,0,0,0,0,0,0,0,0,0,0,0,0,0,0,0,0,0,0,0,0,0,108,309,27,..,138,309
10601110709,core,96,259,24,30,0,0,24,30,0,0,0,0,0,0,0,0,0,0,0,0,6,0,0,0,0,0,0,7,3,3,0,0,125,298,18,..,143,298
10601110710,core,92,240,5,10,0,0,5,10,0,0,0,0,0,0,0,0,0,0,0,0,0,0,0,0,0,0,0,0,0,0,0,0,94,252,3,..,103,252
10601110712,core,151,416,11,15,0,0,11,15,0,0,0,0,0,0,0,0,0,0,0,0,0,0,0,0,0,0,0,0,0,0,0,0,162,429,8,..,172,429
10601110713,core,89,243,9,10,4,9,14,24,0,5,0,0,0,0,0,0,0,0,0,5,0,0,0,0,0,0,0,0,0,0,0,0,98,268,14,..,108,268
10601110714,core,224,629,0,3,0,0,0,3,0,0,0,0,0,0,0,0,0,0,0,0,0,0,0,0,0,0,0,0,0,0,0,0,228,630,15,..,248,630
10601110716,external,245,800,0,0,0,0,0,0,0,0,0,0,0,0,0,0,0,0,0,0,0,0,0,0,0,0,0,0,0,0,0,0,245,800,13,..,260,800
10601110717,external,67,219,0,0,0,0,0,0,0,0,0,0,0,0,0,0,0,0,0,0,0,0,0,0,0,0,0,0,0,0,0,0,67,219,9,..,74,219
10601110718,external,116,347,0,0,0,0,0,0,0,0,0,0,0,0,0,0,0,0,0,0,0,0,0,0,0,0,0,0,0,0,0,0,120,346,16,..,141,346
10601110719,core,91,245,3,11,0,3,6,13,0,0,0,0,0,0,0,0,0,3,0,3,0,0,0,0,0,0,0,0,0,0,0,0,97,270,0,..,103,270
10601110720,core,154,444,24,49,0,0,24,49,0,0,0,0,0,0,0,0,0,0,0,0,0,0,0,0,0,0,0,0,0,0,0,0,173,492,15,..,190,492
10601110722,core,140,349,10,23,4,9,14,33,0,0,0,0,0,0,0,0,0,0,0,0,0,0,0,0,0,0,0,0,0,0,0,0,152,380,7,..,163,380
10601110723,core,229,686,0,0,0,0,0,0,0,0,0,0,0,0,0,0,0,0,0,0,0,0,0,0,0,3,0,0,0,3,0,0,234,692,18,..,255,692
10601110725,core,137,371,41,73,0,3,44,83,0,0,0,0,0,0,0,0,0,0,0,0,0,0,0,0,0,0,0,0,0,0,0,0,177,452,12,..,190,452
10601110726,core,97,280,17,46,3,0,22,45,0,0,0,0,0,0,0,0,0,0,0,0,0,0,0,0,0,0,0,0,0,0,0,0,120,328,7,..,123,328
10601110727,core,175,496,14,29,0,0,12,33,0,0,0,0,0,0,0,0,0,4,0,4,0,0,0,0,0,0,0,0,0,0,0,0,188,534,19,..,205,534
10601110728,core,76,190,0,0,0,0,0,0,0,0,0,0,0,0,0,0,0,0,0,0,0,0,0,0,0,0,0,0,0,0,0,0,76,190,19,..,97,190
10601110729,core,172,505,0,0,0,0,0,0,0,0,0,0,0,0,0,0,0,0,0,0,0,0,0,0,0,0,0,0,0,0,0,5,175,508,10,..,182,508
10601110730,core,131,330,0,0,0,0,0,0,0,0,0,0,0,0,0,0,0,0,0,0,0,0,0,0,0,0,0,0,0,0,0,4,131,332,40,..,182,332
10601110731,core,111,332,0,0,0,0,0,0,0,0,0,0,0,0,0,0,0,0,0,0,0,0,0,3,0,0,0,0,0,3,0,0,117,335,15,..,131,335
10601110732,core,178,524,0,3,0,0,0,3,7,10,0,0,0,0,0,0,0,0,6,16,0,0,0,0,0,0,0,0,0,0,0,0,190,540,8,..,195,540
10601110733,core,130,304,0,0,0,0,0,0,0,0,0,0,0,0,0,0,0,0,0,0,0,0,0,0,0,0,0,0,0,0,0,0,130,304,72,..,196,304
10601110801,core,201,450,26,33,16,16,38,57,3,0,0,0,0,0,0,0,0,0,3,0,0,0,0,0,0,0,0,4,5,3,0,0,244,508,27,..,274,508
10601110806,core,110,283,12,16,8,14,22,29,0,0,0,0,0,0,0,0,0,0,0,0,0,0,0,0,0,0,0,0,0,0,0,0,128,313,14,..,144,313
10601110807,core,191,456,9,18,0,0,9,18,0,0,0,0,0,0,0,0,0,0,0,0,0,0,0,0,0,0,0,0,0,0,0,0,201,477,13,..,219,477
10601110808,core,136,351,26,46,4,9,32,48,3,3,0,0,0,0,0,0,0,0,3,3,0,0,0,0,0,0,0,0,0,0,0,0,165,402,16,..,179,402
10601110809,core,81,200,19,39,0,0,19,39,0,0,0,0,0,0,0,0,0,0,0,0,0,0,0,0,0,0,0,0,0,0,0,0,98,235,6,..,109,235
10601110810,core,135,367,30,50,0,0,30,50,0,0,0,0,0,0,0,0,0,0,0,0,0,0,0,0,0,0,0,0,0,0,0,0,166,412,19,..,185,412
10601110811,core,150,382,0,3,0,0,0,3,0,0,0,0,0,0,0,0,0,0,0,0,0,0,0,0,0,0,0,0,0,0,0,0,156,383,12,..,165,383
10601110812,core,126,313,18,24,27,35,46,61,0,0,0,0,0,0,0,0,0,0,0,0,0,0,0,0,0,0,0,0,0,0,0,0,171,373,16,..,181,373
10601110813,core,132,342,38,55,0,0,38,55,9,12,0,0,0,0,0,0,0,0,9,12,0,0,0,0,0,0,0,6,0,6,0,0,177,416,11,..,195,416
10601110814,core,71,148,3,3,0,0,3,3,0,0,0,0,0,0,0,0,0,0,0,0,0,0,0,0,0,0,0,0,0,0,0,0,76,156,0,..,83,156
10601110815,core,92,209,8,15,0,0,8,15,0,0,0,0,0,0,0,0,0,0,0,0,0,0,0,0,0,0,0,0,0,0,0,0,96,221,6,..,102,221
10601110816,core,160,414,0,0,0,0,0,0,16,21,0,0,0,0,0,0,0,0,16,21,0,0,0,0,0,0,0,0,0,0,0,0,175,436,17,..,188,436
10601110817,core,155,387,7,8,0,0,7,8,0,0,0,0,0,0,0,0,0,0,0,0,0,0,0,0,0,0,0,0,0,0,0,0,164,396,14,..,179,396
10601110818,core,7,19,4,4,0,0,4,4,0,0,0,0,0,0,0,0,0,0,0,0,0,0,0,0,0,0,0,0,0,0,0,0,10,19,0,..,10,19
10601110819,core,177,422,11,29,0,0,11,29,0,0,0,0,0,0,0,0,0,8,0,8,0,0,0,0,0,0,0,0,0,0,0,0,188,455,10,..,198,455
10601110820,core,145,361,19,31,0,0,19,31,10,9,0,0,0,0,0,0,5,4,15,16,0,0,0,0,0,0,0,0,0,0,0,0,179,402,21,..,194,402
10601110821,core,128,305,9,11,0,0,9,11,0,0,0,0,0,0,0,0,0,0,0,0,0,0,0,0,0,0,0,0,0,0,0,0,141,315,24,..,164,315
10601110822,core,183,488,0,8,0,0,0,8,0,0,0,0,0,0,0,0,0,0,0,0,0,0,0,0,0,0,0,0,0,0,0,0,189,490,11,..,203,490
10601110823,core,69,200,0,0,0,0,0,0,0,0,0,0,0,0,0,0,0,0,0,0,0,0,0,0,0,0,0,0,0,0,0,0,69,200,10,..,77,200
10601110824,core,71,192,0,5,0,0,0,5,0,0,0,0,0,0,0,0,0,0,0,0,0,0,0,0,0,0,0,0,0,0,0,0,73,193,9,..,80,193
10601110825,core,229,711,11,23,0,0,11,23,0,0,0,0,0,0,0,0,0,0,0,0,0,0,0,0,0,0,0,0,0,0,0,0,235,734,16,..,254,734
10601110826,core,57,150,0,5,0,0,0,5,0,0,0,0,0,0,0,0,3,3,3,3,0,0,0,0,0,0,0,0,0,0,0,0,61,165,11,..,69,165
10601110827,core,27,77,0,0,0,0,0,0,0,0,0,0,0,0,0,0,0,0,0,0,0,0,0,0,0,0,0,0,0,0,0,0,27,77,3,..,29,77
10601110828,core,56,118,0,0,0,0,0,0,0,0,0,0,0,0,0,0,0,0,0,0,0,0,0,0,0,0,0,0,0,0,0,0,56,118,44,..,104,118
10601110829,core,146,373,4,5,0,0,4,5,4,7,0,0,0,0,0,0,0,4,7,11,0,0,0,0,0,0,0,0,0,0,0,0,157,387,11,..,173,387
10601110830,core,259,638,29,58,6,5,30,67,0,0,0,0,0,0,0,0,0,0,0,0,0,0,0,0,0,0,0,0,0,0,0,0,288,707,29,..,310,707
10601110831,core,76,183,8,12,0,0,8,12,3,4,0,0,0,0,0,0,0,3,4,7,0,0,0,0,0,0,0,0,0,0,0,0,91,204,9,..,97,204
10601110832,core,100,239,31,52,0,0,31,52,14,26,0,0,0,0,0,0,0,0,14,26,0,0,0,0,0,0,0,0,0,0,0,0,142,319,15,..,154,319
10601110833,core,134,288,16,30,0,0,17,32,0,0,0,0,0,0,0,0,0,0,0,0,0,0,0,0,0,0,0,3,0,3,0,0,150,320,12,..,166,320
10601110834,core,144,339,15,25,14,10,27,35,10,7,0,0,0,0,0,0,0,0,10,7,0,0,0,0,0,0,0,0,0,0,0,0,179,388,23,..,201,388
10601110835,core,76,195,6,14,0,0,6,14,0,0,0,0,0,0,0,0,0,0,0,0,0,0,0,0,0,0,0,0,0,0,0,0,84,205,5,..,95,205
10601110836,core,197,503,11,16,0,0,11,16,11,13,0,0,0,0,0,0,0,0,11,13,0,0,0,0,0,0,0,0,0,0,0,0,215,526,23,..,237,526
10601110837,core,176,443,124,174,13,27,136,201,0,0,0,0,0,0,0,0,0,0,0,0,12,20,0,0,0,0,0,0,12,20,0,0,330,658,20,..,353,658
10601110838,core,106,255,39,76,0,0,39,76,0,0,0,0,0,0,0,0,0,0,0,0,0,0,0,0,0,0,0,0,0,0,0,0,145,332,14,..,161,332
10601110839,core,112,297,21,44,0,0,21,44,8,19,0,0,0,0,0,0,0,0,8,19,0,0,0,0,0,0,0,0,0,0,0,0,144,355,6,..,147,355
10601110840,core,96,256,18,33,10,25,26,60,0,0,0,0,0,0,0,0,0,0,0,0,0,0,0,0,0,0,0,0,0,0,0,0,125,324,6,..,129,324
10601110841,core,135,351,14,27,0,0,14,27,0,0,0,0,0,0,0,0,0,0,0,0,0,0,0,0,0,0,0,0,0,0,0,0,146,377,9,..,155,377
10601110842,core,104,333,3,4,0,0,3,4,0,0,0,0,0,0,0,0,0,0,0,0,0,0,0,0,0,0,0,0,0,0,0,0,105,333,5,..,114,333
10601110843,core,148,350,7,12,0,0,7,12,0,0,0,0,0,0,0,0,3,4,5,9,0,0,0,0,0,0,0,0,0,0,0,0,160,368,6,..,168,368
10601110844,core,139,348,4,14,0,0,4,14,0,0,0,0,0,0,0,0,0,0,0,0,0,0,0,0,0,0,0,0,0,0,0,0,146,364,8,..,161,364
10601110845,core,88,227,88,115,0,4,93,120,28,35,0,0,0,0,0,0,0,5,31,40,0,0,0,0,0,0,5,12,5,12,0,0,220,401,101,..,320,401
10601110847,core,239,656,3,7,0,0,3,8,0,0,0,0,0,0,0,0,0,0,0,0,0,0,0,0,0,0,0,0,0,0,0,0,243,662,12,..,261,662
10601110848,core,75,218,3,8,0,0,3,8,0,0,0,0,0,0,0,0,0,0,0,0,0,0,0,0,0,0,0,0,0,0,0,0,82,227,3,..,82,227
10601110850,core,150,388,6,6,0,0,6,6,3,9,0,0,0,0,0,0,0,0,3,9,0,0,0,0,0,0,0,0,0,0,0,0,152,398,11,..,166,398
10601110852,core,95,249,4,7,0,0,4,7,0,0,0,0,0,0,0,0,0,0,0,0,0,0,0,0,0,0,0,0,0,0,0,0,102,252,7,..,109,252
10601110855,core,89,294,30,65,0,0,30,65,0,0,0,0,0,0,0,0,0,0,0,0,0,0,0,0,0,0,0,0,0,0,0,0,121,359,5,..,127,359
10601110858,core,189,473,11,13,0,0,11,13,0,0,0,0,0,0,0,0,0,5,0,5,0,0,0,0,0,0,0,0,0,0,0,0,205,489,21,..,223,489
10601110859,core,209,731,4,8,0,0,4,8,0,0,0,0,0,0,0,0,0,0,0,0,0,0,0,0,0,0,0,0,0,0,0,0,207,741,15,..,221,741
10601110860,core,147,370,33,86,0,0,33,86,0,0,0,0,0,0,0,0,0,0,0,0,0,0,0,0,0,0,0,0,0,0,0,0,179,456,12,..,193,456
10601110861,core,0,0,0,0,0,0,0,0,0,0,0,0,0,0,0,0,0,0,0,0,0,0,0,0,0,0,0,0,0,0,0,0,0,0,0,..,0,0
10601110862,core,6,29,0,0,0,0,0,0,0,0,0,0,0,0,0,0,0,0,0,0,0,0,0,0,0,0,0,0,0,0,0,0,6,29,0,..,12,29
10601110863,core,123,357,5,12,0,0,5,12,0,0,0,0,0,0,0,0,0,0,0,0,0,0,0,0,0,0,0,0,0,0,0,0,124,372,7,..,128,372
10601110864,core,207,625,0,0,0,0,0,0,0,0,0,0,0,0,0,0,0,0,0,0,6,13,0,0,0,0,0,0,6,13,3,10,218,651,25,..,242,651
10601110865,core,207,527,19,26,0,0,19,26,0,3,0,0,0,0,0,0,0,0,3,3,0,0,0,0,0,0,0,5,0,5,0,0,229,556,12,..,244,556
10601110866,core,206,606,57,91,16,45,72,142,0,0,0,0,0,0,0,0,0,0,0,0,3,5,0,3,0,0,0,0,9,8,15,25,300,776,13,..,311,776
10601110901,core,136,402,0,0,0,0,0,0,0,0,0,0,0,0,0,0,0,0,0,0,0,0,0,0,0,0,0,0,0,0,0,0,136,403,8,..,142,403
10601110902,core,133,394,0,0,0,0,0,0,0,0,0,0,0,0,0,0,0,0,0,0,0,0,0,0,0,0,0,0,0,0,0,0,133,394,14,..,145,394
10601110903,core,122,360,0,0,0,0,0,0,0,0,0,0,0,0,0,0,0,0,0,0,0,0,0,0,0,0,0,0,0,0,0,0,122,360,11,..,134,360
10601110904,core,81,241,0,0,0,0,0,0,0,0,0,0,0,0,0,0,0,0,0,0,0,0,0,0,0,0,0,0,0,0,0,0,81,241,0,..,86,241
10601110905,core,122,343,0,0,0,0,0,0,0,0,0,0,0,0,0,0,0,0,0,0,0,0,0,0,0,0,0,0,0,0,0,0,122,343,11,..,136,343
10601110906,core,149,462,0,0,0,0,0,0,0,0,0,0,0,0,0,0,0,0,0,0,0,0,0,0,0,0,0,0,0,0,0,0,149,462,7,..,156,462
10601110907,core,91,261,0,0,0,0,0,0,0,0,0,0,0,0,0,0,0,0,0,0,0,0,0,0,0,0,0,0,0,0,0,0,91,261,9,..,100,261
10601110908,core,175,480,0,5,0,0,0,5,0,0,0,0,0,0,0,0,0,3,0,3,0,0,0,0,0,0,0,0,0,0,0,0,183,483,20,..,202,483
10601110909,core,198,526,0,0,0,0,0,0,0,0,0,0,0,0,0,0,0,0,0,0,0,0,0,0,0,0,0,0,0,0,0,9,200,526,9,..,211,526
10601110911,core,100,288,0,0,0,0,0,0,0,0,0,0,0,0,0,0,0,0,0,0,0,0,0,0,0,0,0,0,0,0,0,0,100,288,0,..,106,288
10601110912,core,106,323,0,0,0,0,0,0,0,0,0,0,0,0,0,0,0,0,0,0,0,0,0,0,0,0,0,0,0,0,0,0,106,323,13,..,118,323
10601110913,core,95,251,0,0,0,0,0,0,0,0,0,0,0,0,0,0,0,0,0,0,0,0,0,0,0,0,0,0,0,0,0,0,95,251,15,..,104,251
10601110914,core,159,459,0,0,0,0,0,0,0,0,0,0,0,0,0,0,0,0,0,0,0,0,0,0,0,0,0,0,0,0,0,0,159,459,11,..,168,459
10601110915,core,109,330,0,0,0,0,0,0,0,0,0,0,0,0,0,0,0,0,0,0,0,0,0,0,0,0,0,0,0,0,0,0,109,330,10,..,123,330
10601110916,core,168,485,0,0,0,0,0,0,0,3,0,0,0,0,0,0,0,0,0,3,0,0,0,0,0,0,0,0,0,0,0,0,168,489,23,..,189,489
10601110917,core,92,254,0,0,0,0,0,0,0,0,0,0,0,0,0,0,3,7,3,7,0,0,0,0,0,0,0,0,0,0,0,0,99,261,11,..,110,261
10601110918,core,80,210,0,0,0,0,0,0,0,0,0,0,0,0,0,0,0,0,0,0,0,0,0,0,0,0,0,0,0,0,0,3,86,218,36,..,121,218
10601110920,core,161,350,0,0,0,0,0,0,0,0,0,0,0,0,0,0,0,0,0,0,0,0,0,0,0,0,0,5,3,5,0,0,160,348,55,..,217,348
10601110921,core,123,252,0,0,0,0,0,0,0,0,0,0,0,0,0,0,0,0,0,0,0,0,0,0,0,0,0,0,0,0,0,3,124,253,66,..,184,253
10601110922,core,191,403,0,0,0,0,0,0,0,0,0,0,0,0,0,0,0,0,0,0,0,0,0,0,0,0,0,0,0,0,0,0,191,403,96,..,285,403
10601110924,core,0,4,0,0,0,0,0,0,0,0,0,0,0,0,0,0,0,0,0,0,0,0,0,0,0,0,0,0,0,0,0,0,0,4,0,..,0,4
10601110925,core,66,224,0,0,0,0,0,0,0,0,0,0,0,0,0,0,0,0,0,0,0,0,0,0,0,0,0,0,0,0,0,0,66,224,3,..,70,224
10601110926,core,52,178,0,0,0,0,0,0,0,0,0,0,0,0,0,0,0,0,0,0,0,0,0,0,0,0,0,0,0,0,0,0,52,178,6,..,56,178
10601110927,core,71,222,0,3,0,0,0,3,0,0,0,0,0,0,0,0,0,0,0,0,0,0,0,0,0,0,0,0,0,0,0,0,71,227,3,..,76,227
10601110928,core,50,187,0,0,0,0,0,0,0,0,0,0,0,0,0,0,0,0,0,0,0,0,0,0,0,0,0,0,0,0,0,4,52,199,0,..,52,199
10601110929,core,141,410,0,0,0,0,0,0,0,0,0,0,0,0,0,0,0,0,0,0,0,0,0,0,0,0,0,0,0,0,0,0,141,410,14,..,148,410
10601110930,core,136,324,0,0,0,0,0,0,0,0,0,0,0,0,0,0,0,0,0,0,0,0,0,0,0,0,0,0,0,0,0,0,136,327,20,..,157,327
10601111001,external,67,203,0,0,0,0,0,0,0,0,0,0,0,0,0,0,0,0,0,0,0,0,0,0,0,0,0,0,0,0,0,0,67,203,6,..,72,203
10601111002,external,198,535,0,0,0,0,0,0,0,0,0,0,0,0,0,0,0,0,0,0,0,0,0,0,0,0,0,0,0,0,0,0,198,534,11,..,213,534
10601111003,external,116,290,4,4,0,0,4,4,0,0,0,0,0,0,0,0,0,0,0,0,6,6,0,0,0,0,0,0,5,11,0,0,120,308,13,..,136,308
10601111004,external,77,209,12,18,0,0,12,18,0,0,0,0,0,0,0,0,0,0,0,0,0,0,0,0,0,0,0,0,0,0,0,3,97,233,0,..,97,233
10601111006,external,128,293,3,5,0,0,3,5,0,0,0,0,0,0,0,0,0,0,0,0,0,0,0,0,0,0,0,0,0,0,0,0,128,298,15,..,146,298
10601111007,external,194,449,19,28,0,0,19,28,3,9,0,0,0,0,0,0,0,0,3,9,0,0,0,0,0,0,0,0,0,0,5,0,225,479,23,..,251,479
10601111008,external,88,165,5,13,0,0,5,13,0,0,0,0,0,0,0,0,0,0,0,0,0,0,0,0,0,0,3,6,3,6,0,0,93,184,17,..,111,184
10601111009,external,157,333,0,0,0,0,0,0,0,0,0,0,0,0,0,0,0,0,0,0,0,0,0,0,0,0,0,0,0,0,0,4,153,336,12,..,169,336
10601111010,external,104,228,0,0,0,0,0,0,0,0,0,0,0,0,0,0,0,0,0,0,0,0,0,0,0,0,0,0,0,0,0,0,106,229,9,..,116,229
10601111011,external,208,604,0,0,0,0,0,0,0,0,0,0,0,0,0,0,0,0,0,0,0,0,0,0,0,0,0,0,0,0,0,0,208,604,12,..,220,604
10601111012,external,121,326,0,0,0,0,0,0,0,0,0,0,0,0,0,0,0,0,0,0,0,0,0,0,0,0,0,0,0,0,0,0,121,326,12,..,137,326
10601111013,external,112,307,0,0,0,0,0,0,0,0,0,0,0,0,0,0,0,0,0,0,0,0,0,0,0,0,0,0,0,0,0,5,112,309,30,..,140,309
10601111014,external,116,300,0,0,0,0,0,0,0,6,0,0,0,0,0,0,0,0,0,6,0,0,0,0,0,0,0,0,0,0,0,0,116,301,9,..,124,301
10601111015,external,98,209,0,0,0,0,0,0,0,0,0,0,0,0,0,0,0,0,0,0,0,0,0,0,0,0,0,0,0,0,0,0,98,209,14,..,110,209
10601111016,external,91,211,0,0,0,0,0,0,0,0,0,0,0,0,0,0,0,0,0,0,0,0,5,18,0,0,0,0,5,18,6,11,105,238,28,..,134,238
10601111017,external,76,205,0,0,0,0,0,0,0,0,0,0,0,0,0,0,0,0,0,0,0,0,0,0,0,0,0,0,0,0,4,12,86,215,55,..,138,215
10601111018,external,101,249,0,0,0,0,0,0,0,0,0,0,0,0,0,0,0,0,0,0,0,0,0,0,0,0,0,0,0,0,0,0,102,248,20,..,124,248
10601111019,external,126,291,0,0,0,0,0,0,0,0,0,0,0,0,0,0,0,0,0,0,0,0,0,0,0,0,0,0,0,0,0,0,126,291,14,..,141,291
10601111020,external,140,356,0,0,0,0,0,0,0,0,0,0,0,0,0,0,0,0,0,0,0,0,0,0,0,0,0,0,0,0,0,0,143,356,12,..,159,356
10601111021,external,214,615,0,0,0,0,0,0,0,0,0,0,0,0,0,0,0,0,0,0,0,0,5,7,0,0,0,0,5,7,0,0,220,616,30,..,245,616
10601111022,external,120,279,0,6,0,0,0,6,0,4,0,0,0,0,0,0,0,0,0,4,5,4,0,0,0,0,0,0,5,4,0,0,124,296,17,..,145,296
10601111023,external,137,325,0,0,0,0,0,0,0,0,0,0,0,0,0,0,0,0,0,0,0,0,0,0,0,0,0,0,0,0,0,0,141,326,4,..,142,326
10601111024,external,121,355,0,0,0,0,0,0,0,0,0,0,0,0,0,0,0,0,0,0,0,0,0,3,0,0,3,3,3,9,0,3,123,363,5,..,127,363
10601111025,external,109,300,0,0,0,0,0,0,0,0,0,0,0,0,0,0,0,0,0,0,0,0,0,0,0,0,0,0,0,0,0,7,112,315,8,..,119,315
10601111026,external,88,264,0,0,0,0,0,0,0,0,0,0,0,0,0,0,0,0,0,0,0,0,0,0,0,0,0,0,0,0,0,12,90,272,10,..,98,272
10601111027,external,248,680,0,0,0,0,0,0,0,0,0,0,0,0,0,0,0,0,0,0,0,0,0,0,0,0,0,0,0,0,0,0,251,679,11,..,258,679
10601111028,external,81,173,4,4,0,0,4,4,0,0,0,0,0,0,0,0,0,0,0,0,0,0,0,0,0,0,0,0,0,0,0,0,87,177,10,..,94,177
10601111029,external,28,86,0,0,0,0,0,0,0,0,0,0,0,0,0,0,0,0,0,0,0,0,0,0,0,0,0,0,0,0,0,0,28,86,0,..,28,86
10601111101,core,171,457,5,6,0,0,5,6,0,0,0,0,0,0,0,0,0,0,0,0,0,0,0,0,0,0,0,0,0,0,0,0,184,468,8,..,191,468
10601111102,core,94,253,3,3,0,0,3,3,0,0,0,0,0,0,0,0,0,0,0,0,0,0,0,0,0,0,0,0,0,0,0,0,100,257,7,..,104,257
10601111103,core,74,224,5,10,0,0,5,10,0,0,0,0,0,0,0,0,0,0,0,0,0,0,0,0,0,0,0,0,0,0,0,0,78,225,4,..,91,225
10601111104,core,52,142,0,0,35,57,35,57,4,4,0,0,0,0,0,0,0,0,4,4,0,0,0,0,0,0,0,0,0,0,0,0,89,196,11,..,98,196
10601111105,core,106,264,36,63,26,70,66,126,0,0,0,0,0,0,0,0,0,0,0,0,0,0,0,0,0,0,0,0,0,0,0,0,175,392,13,..,186,392
10601111106,core,123,288,0,3,0,0,0,3,13,18,0,0,0,0,0,0,0,0,13,18,0,0,0,0,0,0,0,0,0,0,0,0,136,309,6,..,143,309
10601111107,core,85,209,20,28,0,0,20,28,6,4,0,0,0,0,0,0,0,0,5,3,0,0,0,0,0,0,0,0,0,0,0,0,105,239,8,..,117,239
10601111108,core,153,385,30,56,0,0,30,56,0,0,0,0,0,0,0,0,0,5,6,8,0,0,0,0,0,0,0,0,0,0,0,0,191,451,7,..,201,451
10601111109,core,106,264,8,12,0,0,8,12,12,14,0,0,0,0,0,0,0,0,12,14,0,0,0,0,0,0,0,0,0,0,0,0,122,287,6,..,132,287
10601111110,core,145,369,11,17,4,10,14,24,21,26,0,0,0,0,0,0,0,0,23,26,0,0,0,0,0,0,0,0,0,0,4,5,180,421,8,..,190,421
10601111111,core,198,533,0,3,0,0,0,3,0,0,0,0,0,0,0,0,0,0,0,0,0,0,0,0,0,0,0,0,0,0,0,0,203,542,16,..,218,542
10601111112,core,197,688,0,0,0,0,0,0,0,0,0,0,0,0,0,0,4,7,4,7,0,0,0,0,0,0,0,0,0,0,0,0,203,695,3,..,202,695
10601111113,core,209,528,8,9,0,0,8,9,4,0,0,0,0,0,0,0,0,0,4,3,0,0,0,0,0,0,0,0,0,0,0,0,221,541,14,..,234,541
10601111114,core,179,462,12,14,0,0,12,14,7,11,0,0,0,0,0,0,0,0,7,6,0,0,0,0,0,0,0,0,0,0,0,0,199,482,11,..,213,482
10601111115,core,200,533,6,20,0,0,6,20,19,20,0,0,0,0,0,0,0,3,18,23,0,0,0,0,0,0,0,0,0,0,0,0,223,575,14,..,243,575
10601111116,core,160,414,5,10,0,0,5,10,0,0,0,0,0,0,0,0,0,0,0,0,0,0,0,0,0,0,0,0,0,0,0,0,166,427,6,..,167,427
10601111117,core,112,301,5,12,0,0,5,12,0,0,0,0,0,0,0,0,0,0,0,0,0,0,0,0,0,0,0,0,0,0,3,0,114,316,9,..,128,316
10601111118,core,86,247,0,0,0,0,0,0,0,0,0,0,0,0,0,0,0,0,0,0,0,0,0,0,0,0,0,0,0,0,0,0,86,247,0,..,87,247
10601111121,core,114,296,4,3,0,0,4,3,0,0,0,0,0,0,0,0,0,0,0,0,0,0,0,0,0,0,0,0,0,0,0,0,118,301,10,..,126,301
10601111122,core,110,276,4,6,0,0,4,6,0,0,0,0,0,0,0,0,4,4,4,4,0,0,0,0,0,0,0,0,0,0,0,0,118,288,3,..,126,288
10601111123,core,153,400,15,26,0,0,15,26,0,0,0,0,0,0,0,0,0,10,0,10,0,0,0,0,0,0,0,0,0,0,0,6,172,434,10,..,175,434
10601111124,core,151,440,0,0,0,0,0,0,4,5,0,0,0,0,0,0,0,0,4,5,0,0,0,0,0,0,0,0,0,0,0,0,149,446,10,..,158,446
10601111125,core,186,402,4,6,0,0,4,6,0,0,0,0,0,0,0,0,0,0,0,0,0,0,0,0,0,3,0,0,6,5,0,0,193,410,13,..,204,410
10601111126,core,201,530,3,0,0,0,3,0,0,0,0,0,0,0,0,0,0,0,0,0,0,0,0,0,0,0,0,0,0,0,0,0,204,532,7,..,210,532
10601111127,core,182,461,14,29,7,8,21,37,0,0,0,0,0,0,0,0,0,0,0,0,0,0,0,0,0,0,0,0,0,0,0,0,210,499,8,..,217,499
10601111128,core,143,373,22,38,32,48,54,87,9,15,0,0,0,0,0,0,0,0,9,15,0,0,0,0,0,0,0,0,0,0,0,0,209,467,21,..,227,467
10601111129,core,153,356,14,19,0,0,14,19,5,6,0,0,0,0,0,0,0,0,5,6,0,0,0,0,0,0,0,0,0,0,0,0,165,379,9,..,176,379
10601111130,core,195,501,9,7,0,0,9,7,0,0,0,0,0,0,0,0,0,0,0,0,0,0,0,0,0,0,0,0,0,0,0,0,199,508,7,..,207,508
10601111131,core,120,302,4,14,0,0,4,14,3,3,0,0,0,0,0,0,0,0,3,3,0,0,0,0,0,0,0,0,0,0,0,0,132,322,9,..,137,322
10601111132,core,125,322,20,30,0,0,20,30,0,0,0,0,0,0,0,0,0,3,0,3,0,0,0,0,0,0,0,0,0,0,0,0,147,355,9,..,155,355
10601111133,core,117,312,5,15,14,16,19,31,12,27,0,0,0,0,0,0,0,0,15,27,0,0,0,0,0,0,0,0,0,0,0,0,150,369,11,..,163,369
10601111134,core,124,302,9,16,0,0,9,16,0,0,0,0,0,0,0,0,0,0,0,0,0,0,0,0,0,0,3,3,3,3,0,0,136,323,5,..,144,323
10601111135,core,106,283,0,0,0,0,0,0,0,0,0,0,0,0,0,0,0,0,0,0,0,0,0,0,0,0,0,0,0,0,0,0,105,286,3,..,108,286
10601111136,core,137,291,4,7,0,0,4,7,4,3,0,0,0,0,0,0,0,0,4,3,0,0,0,0,0,8,0,0,0,8,0,0,143,313,4,..,152,313
10601111137,core,0,0,0,0,0,0,0,0,0,0,0,0,0,0,0,0,0,0,0,0,0,0,0,0,0,0,0,0,0,0,0,0,0,0,0,..,0,0
10601111138,core,74,209,0,0,0,0,0,0,0,0,0,0,0,0,0,0,0,0,0,0,0,0,0,0,0,0,0,0,0,0,0,0,75,204,3,..,76,204
10601111139,core,0,3,0,0,0,0,0,0,0,0,0,0,0,0,0,0,0,0,0,0,0,0,0,0,0,0,0,0,0,0,0,0,0,3,0,..,0,3
10601111140,core,159,420,12,15,0,0,12,15,0,0,0,0,0,0,0,0,0,5,3,8,0,0,0,0,0,0,0,0,0,0,0,0,164,438,4,..,176,438
10601111141,core,101,328,0,0,0,0,0,0,0,0,0,0,0,0,0,0,0,0,0,0,0,0,0,0,0,0,0,0,0,0,0,3,99,330,3,..,107,330
10601111142,core,8,25,0,0,0,0,0,0,0,0,0,0,0,0,0,0,0,0,0,0,0,0,0,0,0,0,0,0,0,0,0,0,8,25,0,..,8,25
10601111143,core,84,224,11,13,0,0,11,13,0,0,0,0,0,0,0,0,0,0,0,0,0,0,0,0,0,0,0,0,0,0,0,0,95,242,4,..,103,242
10601111144,core,94,232,9,13,0,0,9,13,0,0,0,0,0,0,0,0,0,0,3,3,0,0,0,0,0,0,0,0,0,0,0,0,101,241,7,..,106,241
10601111146,core,0,0,0,0,0,0,0,0,0,0,0,0,0,0,0,0,0,0,0,0,0,0,0,0,0,0,0,0,0,0,0,0,0,0,0,..,0,0
10601111147,core,179,561,0,0,0,0,0,0,0,0,0,0,0,0,0,0,0,0,0,0,0,0,0,0,0,0,0,0,0,0,0,0,179,561,3,..,184,561
10601111148,core,149,437,19,41,0,0,19,41,0,0,0,0,0,0,0,0,0,0,0,0,0,0,0,0,0,0,0,0,0,0,0,0,173,477,12,..,174,477
10601111149,core,129,421,15,30,0,0,15,30,0,0,0,0,0,0,0,0,0,0,0,0,0,0,0,0,0,0,0,0,0,0,0,0,144,450,5,..,151,450
10601111150,core,133,393,3,4,0,0,3,6,0,0,0,0,0,0,0,0,0,0,0,0,0,0,0,0,0,0,0,0,0,0,0,0,135,396,7,..,147,396
10601111151,core,62,173,0,0,0,0,0,0,0,0,0,0,0,0,0,0,3,11,3,11,0,0,0,0,0,0,0,0,0,0,0,0,65,182,10,..,75,182
10601111152,core,131,375,0,0,0,0,0,0,0,0,0,0,0,0,0,0,0,0,0,0,0,0,0,0,0,0,0,0,0,0,0,0,133,375,5,..,139,375
10601111153,core,127,407,3,10,0,0,3,10,0,0,0,0,0,0,0,0,0,0,0,0,0,0,0,0,0,0,0,0,0,0,0,0,132,417,8,..,138,417
10601111154,core,151,439,0,5,0,0,4,8,0,0,0,0,0,0,0,0,0,0,0,0,0,0,0,0,0,0,0,0,0,0,0,5,158,453,8,..,163,453
10601111155,core,135,369,22,43,8,12,26,55,0,0,0,0,0,0,0,0,0,0,0,0,0,0,0,0,0,0,0,0,0,0,0,0,154,425,5,..,164,425
10601111156,core,141,434,10,21,0,0,10,21,0,0,0,0,0,0,0,0,0,0,0,0,0,0,0,0,0,0,0,0,0,0,0,0,147,453,7,..,157,453
10601111157,core,0,0,0,0,0,0,0,0,0,0,0,0,0,0,0,0,0,0,0,0,0,0,0,0,0,0,0,0,0,0,0,4,0,4,0,..,0,4
10601111158,core,185,545,9,16,0,0,9,16,0,0,0,0,0,0,0,0,0,0,0,0,0,0,0,0,0,0,0,0,0,0,0,0,194,563,0,..,194,563
10601111159,core,0,0,0,0,0,0,0,0,0,0,0,0,0,0,0,0,0,0,0,0,0,0,0,0,0,0,0,0,0,0,0,0,0,0,0,..,0,0
10601111201,external,103,285,11,26,0,0,11,26,5,14,0,0,0,0,0,0,0,0,5,14,0,0,0,0,0,0,0,0,0,0,0,0,125,321,3,..,127,321
10601111202,external,118,338,5,16,0,0,5,16,0,0,0,0,0,0,0,0,0,0,0,0,0,0,0,0,0,0,0,0,0,0,0,0,122,356,4,..,127,356
10601111203,external,169,454,0,4,13,19,13,21,52,82,0,0,0,0,0,0,0,0,52,82,0,0,0,0,0,0,0,0,0,0,0,0,230,559,32,..,260,559
10601111204,external,108,280,7,12,4,4,11,20,0,0,0,0,0,0,0,0,0,0,0,0,0,0,0,0,0,0,0,0,0,0,0,0,116,300,11,..,124,300
10601111205,external,108,248,16,27,0,0,16,27,0,0,0,0,0,0,0,0,0,0,0,0,0,0,0,0,0,0,0,0,0,0,0,0,123,272,9,..,130,272
10601111206,external,105,275,3,10,3,3,7,15,0,0,0,0,0,0,0,0,0,0,0,0,0,0,0,0,0,0,0,0,0,0,0,0,119,292,9,..,126,292
10601111207,external,104,266,0,0,3,4,3,4,11,9,0,0,0,0,0,0,0,0,11,9,0,0,0,0,0,0,0,0,0,0,0,0,120,285,10,..,126,285
10601111208,external,79,194,0,0,9,21,9,21,0,0,0,0,0,0,0,0,0,0,0,0,0,0,0,0,0,0,0,0,0,0,0,0,90,219,10,..,97,219
10601111209,external,155,360,3,12,16,28,17,42,8,9,0,0,0,0,0,0,0,0,8,9,0,0,0,0,0,0,0,0,0,0,0,0,183,411,17,..,196,411
10601111210,external,138,390,0,0,0,0,0,0,0,0,0,0,0,0,0,0,0,0,0,0,0,0,0,0,0,0,0,0,0,0,0,0,139,388,23,..,162,388
10601111211,external,58,131,0,0,0,0,0,0,0,0,0,0,0,0,0,0,0,0,0,0,0,0,0,0,0,0,0,0,0,0,0,0,58,131,0,..,58,131
10601111213,external,143,342,0,0,28,42,28,42,13,16,0,0,0,0,0,0,0,0,13,16,0,0,0,0,0,0,0,0,0,0,0,0,177,399,12,..,197,399
10601111214,external,155,398,19,35,3,4,25,37,3,6,0,0,0,0,0,0,0,0,3,6,0,0,0,0,0,0,0,0,0,0,0,0,177,438,17,..,197,438
10601111215,external,86,199,0,0,5,10,11,13,16,25,0,0,0,0,0,0,0,0,16,25,0,0,0,0,0,0,0,3,0,3,0,0,118,240,22,..,135,240
10601111216,external,116,257,0,0,0,0,0,0,5,5,0,0,0,0,0,0,0,0,5,5,0,0,0,0,0,0,0,0,0,0,0,0,126,262,11,..,131,262
10601111217,external,97,286,19,39,0,0,19,39,0,0,0,0,0,0,0,0,0,0,0,0,0,0,0,0,0,0,0,0,0,0,0,0,113,327,3,..,117,327
10601111218,external,109,263,33,42,3,6,39,44,0,0,0,0,0,0,0,0,0,0,0,0,0,0,0,0,0,0,0,0,0,0,0,0,141,309,12,..,160,309
10601111219,external,135,322,0,0,6,17,6,17,24,30,0,0,0,0,0,0,0,0,24,30,0,0,0,0,0,0,0,0,0,0,0,0,163,370,16,..,186,370
10601111220,external,43,114,0,0,0,0,0,0,0,0,0,0,0,0,0,0,0,0,0,0,0,0,0,0,0,0,0,0,0,0,0,0,43,114,7,..,48,114
10601111221,external,88,247,0,0,9,17,9,17,4,3,0,0,0,0,0,0,0,0,4,3,0,0,0,0,0,0,0,0,0,0,0,0,99,267,10,..,111,267
10601111222,external,108,310,0,0,0,0,0,0,35,47,0,0,0,0,0,0,0,0,35,47,0,0,0,0,0,0,0,0,0,0,0,0,146,364,11,..,152,364
10601111223,external,66,181,0,0,0,0,0,0,29,36,0,0,0,0,0,0,0,0,29,36,0,0,0,0,0,0,0,0,0,0,0,0,92,222,6,..,99,222
10601111224,external,118,381,0,0,0,0,0,0,0,0,0,0,0,0,0,0,0,0,0,0,0,0,0,0,0,0,0,0,0,0,0,0,118,381,7,..,118,381
10601111225,external,81,259,0,0,0,0,0,0,0,0,0,0,0,0,0,0,0,0,0,0,0,0,0,0,0,0,0,0,0,0,0,0,81,259,0,..,81,259
10601111226,external,97,310,3,4,0,0,3,4,0,0,0,0,0,0,0,0,0,0,0,0,0,0,0,0,0,0,0,0,0,0,0,0,98,317,4,..,102,317
10601111227,external,129,382,9,8,19,37,23,44,0,0,0,0,0,0,0,0,0,0,0,0,0,0,0,0,0,0,0,0,0,0,0,0,158,430,12,..,166,430
10601111228,external,90,267,0,0,14,16,14,16,3,4,0,0,0,0,0,0,0,0,3,4,0,0,0,0,0,0,0,0,0,0,0,3,107,290,5,..,113,290
10601111229,external,114,285,0,0,5,4,5,4,0,0,0,0,0,0,0,0,0,0,0,0,0,0,0,0,0,0,0,0,0,0,0,0,114,292,4,..,122,292
10601111230,external,172,413,0,0,13,16,13,17,0,0,0,0,0,0,0,0,0,0,0,0,0,0,0,0,0,0,0,0,0,0,0,0,184,429,12,..,195,429
10601111231,external,137,423,0,0,0,0,0,0,0,0,0,0,0,0,0,0,0,0,0,0,13,26,0,5,0,0,0,0,16,27,0,0,160,447,9,..,170,447
10601111232,external,72,192,4,8,8,12,15,16,0,0,0,0,0,0,0,0,0,0,0,0,0,0,0,0,0,0,0,0,0,0,3,8,90,217,14,..,101,217
10601111233,external,146,371,28,39,15,32,40,75,0,4,0,0,0,0,0,0,0,0,0,4,7,4,18,37,0,0,3,0,29,53,0,0,219,503,3,..,225,503
10601111234,external,75,215,46,93,0,0,46,93,0,0,0,0,0,0,0,0,0,0,0,0,0,0,0,0,0,0,0,0,0,0,0,0,123,310,10,..,132,310
10601111235,external,161,437,10,7,0,6,9,16,0,0,0,0,0,0,0,0,0,0,0,0,0,0,0,0,0,0,0,0,0,0,0,0,174,452,10,..,177,452
10601111237,external,88,268,15,35,0,6,16,40,0,0,0,0,0,0,0,0,0,0,0,0,0,0,0,0,0,0,0,0,0,0,0,5,105,310,5,..,112,310
10601111238,external,92,254,12,26,0,0,12,26,0,0,0,0,0,0,0,0,0,0,0,0,0,0,0,0,0,0,0,0,0,0,0,0,104,288,14,..,112,288
10601111240,external,76,205,14,17,21,27,29,45,3,8,0,0,0,0,0,0,0,0,3,8,0,0,0,0,0,0,0,0,0,0,0,0,107,254,4,..,115,254
10601111241,external,49,129,0,0,0,0,0,0,0,0,0,0,0,0,0,0,0,0,0,0,17,22,13,21,0,0,0,0,28,39,0,0,75,166,0,..,75,166
10601111242,external,148,395,9,18,9,12,17,26,4,5,0,0,0,0,0,0,0,0,4,5,0,0,0,0,0,0,0,0,0,0,0,0,166,422,20,..,188,422
10601111244,external,126,384,14,21,0,0,14,21,8,7,0,0,0,0,0,0,0,0,8,7,0,0,0,0,0,0,0,0,0,0,0,0,143,413,9,..,157,413
10601111245,external,72,228,4,15,0,0,4,15,0,5,0,0,0,0,0,0,0,0,0,5,0,0,0,0,0,0,0,0,0,0,0,0,77,248,6,..,86,248
10601111246,external,67,216,51,112,0,0,51,112,3,3,0,0,0,0,0,0,0,0,3,3,0,0,0,0,0,0,0,0,0,0,0,0,122,333,4,..,121,333
10601111247,external,109,319,0,0,0,0,0,0,0,0,0,0,0,0,0,0,0,0,0,0,0,0,0,0,0,0,0,0,0,0,0,0,109,319,9,..,117,319
10601111248,external,126,397,0,0,0,3,0,3,4,5,0,0,0,0,0,0,0,0,4,5,0,0,0,0,0,0,0,0,0,0,0,0,127,403,4,..,135,403
10601111249,external,88,264,3,5,0,8,3,12,0,0,0,0,0,0,0,0,0,0,0,0,0,0,0,0,0,0,0,0,0,0,0,0,93,274,0,..,97,274
10601111250,external,152,470,29,57,0,0,29,57,0,0,0,0,0,0,0,0,0,0,0,0,0,0,0,0,0,0,0,5,0,5,0,0,181,532,5,..,184,532
10601111251,external,129,382,27,49,7,9,33,67,3,7,0,0,0,0,0,0,0,0,3,7,0,0,0,0,0,0,0,0,0,0,0,0,165,458,20,..,184,458
10601111301,external,83,224,0,0,0,0,0,0,0,0,0,0,0,0,0,0,0,0,0,0,0,4,0,0,0,0,0,0,3,4,0,0,84,229,16,..,104,229
10601111302,external,140,377,0,0,0,0,0,0,0,0,0,0,0,0,0,0,0,0,0,0,7,8,5,11,0,0,0,3,8,15,0,0,147,395,48,..,193,395
10601111303,external,59,195,0,0,0,0,0,0,0,6,0,0,0,0,0,0,0,0,0,6,0,0,0,0,0,0,0,0,0,0,0,0,60,200,6,..,69,200
10601111304,external,133,302,0,0,0,0,0,0,0,0,0,0,0,0,0,0,0,0,0,0,0,0,0,0,0,0,0,0,0,0,5,9,133,309,53,..,180,309
10601111305,external,124,365,0,0,0,0,0,0,0,0,0,0,0,0,0,0,0,0,0,0,0,0,0,0,0,0,0,0,0,0,0,0,120,368,12,..,128,368
10601111306,external,123,327,0,0,0,0,0,0,0,0,0,0,0,0,0,0,0,0,0,0,0,0,0,0,0,0,0,0,0,0,0,0,118,330,33,..,155,330
10601111307,external,53,152,0,0,0,0,0,0,0,0,0,0,0,0,0,0,0,0,0,0,0,0,0,0,0,0,0,0,0,0,0,0,53,152,9,..,60,152
10601111308,external,56,152,0,0,0,0,0,0,0,0,0,0,0,0,0,0,0,0,0,0,0,0,0,0,0,0,0,0,0,0,0,0,61,152,21,..,75,152
10601111309,external,163,466,0,0,0,0,0,0,0,0,0,0,0,0,0,0,0,0,0,0,0,0,0,7,0,0,0,5,4,10,0,0,164,474,11,..,180,474
10601111310,external,79,204,0,0,0,0,0,0,0,0,0,0,0,0,0,0,0,0,0,0,0,0,0,0,0,0,0,0,0,0,0,0,79,204,18,..,99,204
10601111311,external,124,346,0,0,0,0,0,0,0,0,0,0,0,0,0,0,0,0,0,0,0,0,0,0,0,0,0,0,0,0,0,0,130,349,18,..,143,349
10601111312,external,203,579,0,0,0,0,0,0,0,0,0,0,0,0,0,0,0,0,0,0,0,0,0,0,0,0,0,0,0,0,0,0,203,579,16,..,217,579
10601111313,external,103,313,0,0,0,0,0,0,0,0,0,0,0,0,0,0,0,0,0,0,0,0,0,0,0,0,0,10,0,10,0,0,110,319,5,..,119,319
10601111314,external,166,509,0,0,0,0,0,0,0,0,0,0,0,0,0,0,0,0,0,0,0,0,0,0,0,0,0,0,0,0,0,0,166,509,17,..,183,509
10601111315,external,105,326,0,0,0,0,0,0,0,0,0,0,0,0,0,0,0,0,0,0,0,0,0,0,0,0,0,0,0,0,0,0,106,330,8,..,112,330
10602111401,core,112,245,6,5,12,21,25,26,0,0,0,0,0,0,0,0,0,0,0,0,0,0,0,0,0,0,8,14,8,14,0,0,141,284,19,..,162,284
10602111402,core,155,370,9,12,15,18,20,30,0,0,0,0,0,0,0,0,0,0,0,0,30,41,10,10,0,0,0,0,43,49,0,0,218,453,11,..,232,453
10602111403,core,82,232,0,4,0,0,0,4,0,0,0,0,0,0,0,0,0,0,0,0,0,0,0,0,0,0,0,0,0,0,0,0,85,236,3,..,90,236
10602111408,core,146,343,12,21,5,5,13,31,0,0,0,0,0,0,0,0,3,5,3,5,0,0,0,0,0,0,0,0,0,0,0,0,163,386,15,..,171,386
10602111409,core,85,188,8,23,5,3,13,27,0,0,0,0,0,0,0,0,0,0,0,0,15,13,0,0,0,0,0,0,13,12,9,7,126,236,10,..,133,236
10602111410,core,139,312,26,43,28,47,54,87,12,30,0,0,31,48,0,0,0,0,45,82,0,0,0,0,0,0,31,50,31,50,0,0,263,532,29,..,290,532
10602111411,core,80,209,39,48,0,0,39,48,13,16,0,0,0,0,0,0,0,0,10,22,0,0,0,0,0,0,0,0,0,0,0,0,129,279,14,..,141,279
10602111412,core,104,279,0,0,0,0,0,0,0,0,0,0,0,0,0,0,0,0,0,0,0,0,0,0,0,0,0,0,0,0,0,0,109,281,13,..,119,281
10602111415,core,166,561,0,0,0,0,0,0,0,0,0,0,0,0,0,0,0,0,0,0,0,0,0,0,0,0,0,0,0,0,0,0,166,562,3,..,175,562
10602111416,core,224,705,0,0,0,0,0,0,0,0,0,0,0,0,0,0,0,0,0,0,0,0,0,0,0,0,0,0,0,0,0,0,224,705,4,..,226,705
10602111417,core,188,496,33,66,0,0,36,65,0,0,0,0,0,0,0,0,5,5,5,5,0,0,0,0,0,0,0,0,0,0,0,3,229,570,12,..,240,570
10602111418,core,148,409,65,99,0,0,65,99,0,0,0,0,0,0,0,0,0,0,0,0,0,0,0,0,0,0,0,0,0,0,0,0,215,505,12,..,225,505
10602111419,core,46,149,0,0,0,0,0,0,0,0,0,0,0,0,0,0,0,0,0,0,0,0,0,0,0,3,0,0,0,3,0,0,46,154,5,..,51,154
10602111420,core,200,629,4,3,0,0,4,3,0,0,0,0,0,0,0,0,0,0,0,0,0,0,0,0,0,0,0,0,0,0,0,0,201,635,3,..,208,635
10602111421,core,221,665,3,14,0,0,3,14,0,0,0,0,0,0,0,0,0,0,0,0,0,0,0,0,0,0,0,0,0,0,0,0,220,673,7,..,224,673
10602111422,core,107,320,0,0,0,0,0,0,0,0,0,0,0,0,0,0,0,0,0,0,0,0,0,0,0,0,0,0,0,0,0,0,104,327,10,..,115,327
10602111423,core,124,359,0,11,0,0,0,11,0,0,0,0,0,0,0,0,0,0,0,0,0,0,0,0,0,0,0,0,0,0,0,5,126,368,0,..,130,368
10602111424,core,53,182,0,0,0,0,0,0,0,0,0,0,0,0,0,0,0,0,0,0,0,0,0,0,0,0,0,0,0,0,5,16,58,198,0,..,58,198
10602111425,core,191,593,6,19,0,8,10,23,0,0,0,0,0,0,0,0,0,0,0,0,0,0,0,0,0,0,0,0,0,0,4,0,205,620,3,..,209,620
10602111426,core,0,5,0,0,0,0,0,0,0,0,0,0,0,0,0,0,0,3,0,3,110,142,0,0,0,0,0,0,110,142,0,0,112,143,0,..,112,143
10602111601,core,158,470,14,23,0,0,14,23,0,0,0,0,0,0,0,0,0,0,0,0,0,0,0,0,0,0,0,0,0,0,0,0,170,492,7,..,177,492
10602111602,core,157,450,0,0,0,0,0,0,0,0,0,0,0,0,0,0,0,0,0,0,0,0,0,0,0,0,0,0,0,0,0,0,157,450,5,..,161,450
10602111603,core,99,261,0,0,0,0,0,0,0,0,0,0,0,0,0,0,0,0,0,0,0,0,0,0,0,0,0,0,0,0,0,0,99,261,4,..,105,261
10602111604,core,187,537,5,13,0,0,5,13,3,10,0,0,0,0,0,0,0,0,3,10,0,0,0,0,0,0,0,0,0,0,0,0,194,559,14,..,207,559
10602111605,core,158,439,17,34,0,0,17,34,0,0,0,0,0,0,0,0,0,0,0,0,0,0,0,0,0,0,0,0,0,0,0,0,170,474,3,..,172,474
10602111606,core,325,1097,0,8,0,0,0,8,0,0,0,0,0,0,0,0,0,0,0,0,0,0,0,0,0,0,0,0,0,0,0,0,326,1112,9,..,333,1112
10602111607,core,58,157,26,36,0,0,26,36,0,0,0,0,0,0,0,0,0,0,0,0,0,0,0,0,0,0,0,0,0,0,0,0,83,191,5,..,86,191
10602111608,core,135,361,12,25,5,3,18,29,0,0,0,0,0,0,0,0,0,0,0,0,0,0,0,0,0,0,0,0,0,0,0,0,157,395,14,..,167,395
10602111609,core,105,280,4,3,0,0,4,3,0,8,0,0,0,0,0,0,0,0,0,8,0,0,0,0,0,0,0,0,0,0,0,0,108,294,8,..,115,294
10602111610,core,175,436,0,0,0,0,0,0,0,0,0,0,0,0,0,0,0,0,0,0,0,0,0,0,0,0,0,0,0,0,0,0,175,436,12,..,179,436
10602111611,core,73,190,16,22,0,0,20,27,0,0,0,0,0,0,0,0,0,0,0,0,0,0,0,0,0,0,0,0,0,0,0,5,91,224,12,..,102,224
10602111612,core,291,858,25,41,0,0,27,41,0,0,0,0,0,0,0,0,3,7,3,7,0,0,0,0,0,0,0,0,0,0,5,0,321,906,18,..,338,906
10602111613,core,223,646,12,19,0,0,12,19,0,0,0,0,0,0,0,0,0,0,0,0,0,0,0,0,0,0,0,0,0,0,0,0,231,666,9,..,236,666
10602111614,core,189,486,0,4,0,0,0,4,0,0,0,0,0,0,0,0,0,0,0,0,0,0,0,0,0,0,0,0,0,0,4,5,189,491,10,..,201,491
10602111615,core,167,481,6,15,0,0,6,15,0,0,0,0,0,0,0,0,0,0,0,0,0,0,0,0,0,0,0,0,0,0,0,0,173,500,9,..,180,500
10602111617,core,149,461,0,4,0,0,0,4,0,0,0,0,0,0,0,0,0,0,0,0,0,0,0,0,0,0,0,0,0,0,0,0,150,466,14,..,162,466
10602111618,core,140,439,5,5,0,3,5,12,0,0,0,0,0,0,0,0,0,0,0,0,0,0,0,0,0,0,0,0,0,0,0,0,145,448,0,..,145,448
10602161401,core,107,282,20,28,11,9,28,36,0,0,0,0,0,0,0,0,0,0,0,0,0,0,0,0,0,0,0,0,0,0,0,0,134,320,14,..,150,320
10602161402,core,94,316,0,7,0,0,0,7,0,0,0,0,0,0,0,0,0,0,0,0,0,0,0,0,0,0,0,0,0,0,0,0,99,323,0,..,100,323
10602161403,core,129,320,13,24,4,3,16,29,29,37,0,0,0,0,0,0,0,0,29,37,0,0,0,0,0,0,0,0,0,0,0,0,176,387,9,..,179,387
10602161404,core,67,156,4,27,0,0,9,29,4,11,0,0,0,0,0,0,0,0,4,11,0,0,0,0,0,0,0,0,0,0,0,0,77,193,12,..,91,193
10602161405,core,136,304,44,60,38,54,82,117,52,72,0,0,0,0,0,0,0,0,52,72,0,0,0,0,0,0,0,0,0,0,0,0,267,493,22,..,291,493
10602161406,core,141,445,3,12,0,0,3,12,0,0,0,0,0,0,0,0,0,0,0,0,0,0,0,0,0,0,0,0,0,0,0,0,149,460,7,..,158,460
10602161407,core,149,378,7,5,0,0,7,5,0,0,0,0,0,0,0,0,0,0,0,0,0,0,0,0,0,0,0,0,0,0,0,0,157,390,7,..,159,390
10602161408,core,220,499,31,42,0,0,28,43,39,46,0,0,0,0,0,0,0,0,39,46,0,0,0,0,0,0,0,0,0,0,0,0,286,588,12,..,303,588
10602161409,core,151,423,7,25,0,8,11,27,0,0,0,0,0,0,0,0,0,0,0,0,0,0,0,0,0,0,0,0,0,0,0,0,156,450,0,..,164,450
10602161410,core,134,370,3,4,0,0,3,4,0,0,0,0,0,0,0,0,0,0,0,0,0,0,0,0,0,0,0,0,0,0,0,0,130,375,0,..,138,375
10602161411,core,135,404,0,0,0,0,0,0,0,0,0,0,0,0,0,0,0,0,0,0,0,0,0,0,0,0,0,0,0,0,0,0,135,404,0,..,136,404
10602161412,core,159,386,22,26,3,4,21,29,17,28,0,0,0,0,0,0,0,0,18,22,0,0,0,0,0,0,0,0,0,0,0,0,202,441,16,..,218,441
10602161413,core,91,214,14,22,0,0,14,22,0,0,0,0,0,0,0,0,0,0,0,0,0,0,0,0,0,0,0,0,0,0,0,0,111,235,8,..,122,235
10602161414,core,146,344,4,3,0,0,4,3,0,0,0,0,0,0,0,0,0,0,6,7,0,0,0,0,0,0,0,0,0,0,0,0,154,354,7,..,164,354
10602161415,core,151,454,11,26,0,5,14,28,0,0,0,0,0,0,0,0,0,0,0,0,0,0,0,0,0,0,0,0,0,0,0,0,165,482,6,..,171,482
10602161416,core,68,175,3,6,6,9,6,13,36,52,0,0,0,0,0,0,0,0,36,52,0,0,0,0,0,0,0,0,0,0,0,0,116,239,14,..,127,239
10602161417,core,94,250,27,37,30,46,51,87,16,18,0,0,0,0,0,0,0,0,16,18,0,0,0,0,0,0,0,0,0,0,0,0,160,350,9,..,174,350
10602161418,core,141,434,0,0,0,3,0,3,0,0,0,0,0,0,0,0,0,0,0,0,0,0,0,0,0,0,0,0,0,0,0,0,143,437,0,..,146,437
10602161419,core,134,422,52,125,0,0,55,129,0,0,0,0,0,0,0,0,0,0,0,0,0,0,0,0,0,0,0,0,0,0,0,0,186,547,14,..,201,547
10602161420,core,141,372,0,0,0,0,0,0,0,0,0,0,0,0,0,0,0,0,0,0,0,0,0,0,0,0,0,0,0,0,0,0,141,372,4,..,143,372
10602161421,core,86,297,0,0,0,0,0,0,0,0,0,0,0,0,0,0,0,0,0,0,0,0,0,0,0,0,0,0,0,0,0,0,86,297,0,..,88,297
10602161422,core,5,4,0,0,0,0,0,0,0,0,0,0,0,0,0,0,0,0,0,0,0,0,0,0,0,0,0,0,0,0,0,0,5,4,0,..,5,4
10602161423,core,71,226,29,65,0,3,34,70,0,0,0,0,0,0,0,0,0,0,0,0,0,0,0,0,0,0,0,0,0,0,0,0,104,300,0,..,106,300
10602161424,core,7,34,0,0,0,0,0,0,0,0,0,0,0,0,0,0,0,3,0,3,0,0,0,0,0,0,0,0,0,0,0,0,10,38,0,..,10,38
10602161425,core,102,272,8,17,0,0,8,17,0,0,0,0,0,0,0,0,0,0,0,0,0,0,0,0,0,0,0,0,0,0,0,0,107,294,3,..,112,294
10602161426,core,94,194,29,45,10,10,40,52,9,18,0,0,0,0,0,0,0,0,9,18,0,0,0,0,0,0,0,0,0,0,0,0,143,270,14,..,163,270
10602161427,core,189,553,17,24,0,0,17,24,0,0,0,0,0,0,0,0,0,0,0,0,0,0,0,0,0,0,0,0,0,0,0,0,206,579,3,..,212,579
10602161428,core,90,270,0,0,0,0,0,0,0,0,0,0,0,0,0,0,0,6,0,6,0,0,0,0,0,0,0,0,0,0,0,0,92,275,3,..,93,275
10602161429,core,213,587,0,0,0,0,0,0,0,0,0,0,0,0,0,0,0,0,0,0,0,0,0,0,0,0,0,0,0,0,0,0,213,587,11,..,224,587
10602161430,core,73,221,0,0,0,0,0,0,0,0,0,0,0,0,0,0,0,0,0,0,0,0,0,0,0,0,0,0,0,0,0,0,73,221,3,..,81,221
10602161431,core,116,338,0,0,0,0,0,0,0,0,0,0,0,0,0,0,0,0,0,0,0,0,0,0,0,0,0,0,0,0,0,0,116,338,7,..,120,338
10602161432,core,124,289,27,39,19,33,49,73,15,23,0,0,0,0,0,0,0,3,12,21,0,0,0,0,0,0,0,0,0,0,0,0,188,392,12,..,193,392
10602161433,core,107,294,62,113,0,0,62,113,0,0,0,0,0,0,0,0,0,0,0,0,0,0,0,0,0,0,0,0,0,0,0,7,165,412,3,..,175,412
10602161434,core,152,457,0,4,0,0,0,4,0,0,0,0,0,0,0,0,0,0,0,0,0,0,0,0,0,0,0,0,0,0,0,0,148,463,4,..,151,463
10602161435,core,88,199,56,86,0,4,56,84,6,18,0,0,0,0,0,0,0,0,11,18,0,0,0,0,0,0,0,0,0,0,0,0,160,303,12,..,170,303
10602161436,core,63,169,9,15,0,0,9,15,0,0,0,0,0,0,0,0,0,0,0,0,0,0,0,0,0,0,0,0,0,0,0,0,69,187,3,..,69,187
10602161437,core,74,198,0,0,0,0,0,0,0,0,0,0,0,0,0,0,0,0,0,0,0,0,0,0,0,0,0,0,0,0,0,0,74,198,0,..,73,198
10602161438,core,110,280,0,0,0,0,0,0,0,0,0,0,0,0,0,0,0,0,0,0,0,0,0,0,0,0,0,0,0,0,0,0,110,280,7,..,119,280
10602161439,core,117,282,48,77,13,13,63,92,91,130,0,0,0,0,0,0,0,0,91,130,0,0,0,0,0,0,0,0,0,0,0,0,264,504,18,..,284,504
10602161440,core,41,100,29,38,27,31,61,70,14,27,0,0,0,0,0,0,0,0,14,27,0,0,0,0,0,0,0,0,0,0,0,0,113,192,4,..,119,192
10602161441,core,122,324,13,26,3,4,13,26,0,0,0,0,0,0,0,0,0,0,0,0,0,0,0,0,0,0,0,0,0,0,0,0,134,348,3,..,141,348
10602161442,core,68,184,55,73,41,79,93,154,0,0,0,0,0,0,0,0,0,0,0,0,0,0,0,0,0,0,0,0,0,0,0,0,165,338,16,..,182,338
10602161443,core,111,270,0,0,0,0,0,0,0,0,0,0,0,0,0,0,0,0,0,0,0,0,0,0,0,0,0,0,0,0,0,0,111,270,3,..,119,270
10602161444,core,85,265,0,0,0,0,0,0,0,0,0,0,0,0,0,0,0,0,0,0,0,0,0,0,0,0,0,0,0,0,0,0,85,265,4,..,92,265
10602161445,core,152,388,0,0,0,0,0,0,0,0,0,0,0,0,0,0,0,0,0,0,0,0,0,0,0,0,0,0,0,0,0,0,152,388,5,..,159,388
10602161446,core,123,361,0,0,0,0,0,0,0,0,0,0,0,0,0,0,0,0,0,0,0,0,0,0,0,0,0,0,0,0,0,0,123,361,9,..,123,361
10602161447,core,96,279,0,0,0,0,0,0,0,0,0,0,0,0,0,0,0,0,0,0,0,0,0,0,0,0,0,0,0,0,0,0,96,279,3,..,100,279
10602161448,core,118,369,29,54,0,0,29,54,0,0,0,0,0,0,0,0,0,0,0,0,0,0,0,0,0,0,0,0,0,0,0,0,142,422,5,..,151,422
10602161449,core,157,392,25,33,35,89,61,121,0,0,0,0,0,0,0,0,0,0,0,0,0,0,0,0,0,0,0,0,0,0,0,0,216,515,3,..,223,515
10602161501,core,156,484,25,49,0,0,25,49,0,0,0,0,0,0,0,0,0,0,0,0,0,0,0,0,0,0,0,0,0,0,0,0,177,531,7,..,187,531
10602161502,core,61,165,0,0,0,0,0,0,0,0,0,0,0,0,0,0,0,0,0,0,0,0,0,0,0,0,0,0,0,0,0,0,61,165,9,..,65,165
10602161503,core,128,404,15,33,0,0,15,33,0,7,0,0,0,0,0,0,0,0,0,7,0,0,0,0,0,0,0,0,0,0,0,0,145,441,6,..,156,441
10602161504,core,165,435,4,4,0,0,4,4,0,0,0,0,0,0,0,0,0,0,0,0,0,0,0,0,0,0,0,0,0,0,0,0,168,432,5,..,175,432
10602161505,core,75,174,5,0,42,47,47,47,0,0,0,0,0,0,0,0,0,0,0,0,0,0,0,0,0,0,0,0,0,0,0,0,119,226,14,..,136,226
10602161506,core,249,804,0,0,0,0,0,0,0,0,0,0,0,0,0,0,0,0,0,0,0,0,0,0,0,0,0,0,0,0,0,0,249,804,11,..,262,804
10602161507,core,239,735,13,23,0,0,13,23,0,0,0,0,0,0,0,0,0,0,0,0,0,0,0,0,0,0,0,0,0,0,0,0,251,752,3,..,255,752
10602161508,core,104,355,12,37,0,0,12,37,0,0,0,0,0,0,0,0,0,0,0,0,0,0,0,0,0,0,0,0,0,0,0,0,121,390,8,..,125,390
10602161509,core,189,485,3,10,0,0,3,10,0,0,0,0,0,0,0,0,0,0,0,0,0,0,0,0,0,0,0,0,0,0,0,0,191,493,9,..,201,493
10602161510,core,180,444,10,11,22,25,29,35,0,0,0,0,0,0,0,0,0,0,0,0,0,0,0,0,0,0,0,0,0,0,0,0,212,480,8,..,214,480
10602161511,core,110,346,0,0,0,0,0,0,0,0,0,0,0,0,0,0,0,0,0,0,0,0,0,0,0,0,0,0,0,0,0,0,110,346,6,..,119,346
10602161512,core,94,258,126,213,4,7,129,225,9,20,0,0,0,0,0,0,0,0,9,20,0,0,0,0,0,0,0,0,0,0,0,0,236,502,7,..,247,502
10602161513,core,153,423,14,23,0,6,7,23,0,0,0,0,0,0,0,0,0,0,0,0,0,0,0,0,0,0,0,0,0,0,0,0,162,449,9,..,173,449
10602161514,core,99,307,0,0,0,0,0,0,0,0,0,0,0,0,0,0,0,0,0,0,0,0,0,0,0,0,0,0,0,0,0,0,99,307,6,..,108,307
10602161515,core,98,222,0,0,0,0,0,0,0,0,0,0,0,0,0,0,0,0,0,0,0,0,0,0,0,0,0,0,0,0,0,0,98,222,3,..,103,222
10602161516,core,171,450,0,14,0,0,0,14,8,3,0,0,0,0,0,0,0,0,3,6,0,0,0,0,0,0,0,0,0,0,0,5,182,474,14,..,195,474
10602161517,core,165,486,21,51,0,0,21,51,0,0,0,0,0,0,0,0,0,0,0,0,0,0,0,0,0,0,0,0,0,0,0,0,188,541,3,..,192,541
10602161518,core,133,408,22,66,0,0,26,71,0,0,0,0,0,0,0,0,0,0,0,0,0,0,0,0,0,0,0,0,0,0,0,0,158,480,8,..,168,480
10602161519,core,221,729,18,40,3,8,23,47,0,0,0,0,0,0,0,0,3,5,3,5,0,0,0,0,0,0,0,0,0,0,0,0,245,777,5,..,246,777
10602161520,core,160,458,0,0,0,0,0,0,0,0,0,0,0,0,0,0,0,3,0,3,0,0,0,0,0,0,0,0,0,0,0,0,163,463,8,..,170,463
10602161521,core,163,439,93,150,0,0,93,150,0,0,0,0,0,0,0,0,0,0,0,0,0,0,0,0,0,0,0,0,0,0,0,0,259,592,14,..,268,592
10602161522,core,169,508,12,25,3,0,19,29,0,0,0,0,0,0,0,0,5,7,5,7,0,0,0,0,0,0,0,0,0,0,0,0,188,544,13,..,203,544
10602161523,core,106,305,10,22,0,0,10,22,0,0,0,0,0,0,0,0,0,0,0,0,0,0,0,0,0,0,0,0,0,0,0,0,118,328,8,..,125,328
10602161524,core,80,220,10,15,0,0,10,15,0,0,0,0,0,0,0,0,0,0,0,0,0,0,0,0,0,0,0,0,0,0,0,0,91,237,3,..,96,237
10602161525,core,119,308,17,35,0,0,17,35,24,33,0,0,0,0,0,0,0,0,24,33,0,0,0,0,0,0,0,0,0,0,0,0,162,376,15,..,174,376
10602161526,core,100,310,0,0,0,0,0,0,0,0,0,0,0,0,0,0,0,3,0,3,0,0,0,0,0,0,0,0,0,0,0,0,104,311,0,..,102,311
10602161527,core,141,478,0,0,0,0,0,0,0,0,0,0,0,0,0,0,0,0,0,0,0,0,0,0,0,0,0,0,0,0,0,0,148,485,8,..,155,485
10602161528,core,164,511,0,0,0,0,0,0,0,0,0,0,0,0,0,0,0,3,0,3,0,0,0,0,0,0,0,0,0,0,0,0,164,514,5,..,171,514
10602161529,core,190,315,0,0,3,4,3,4,0,0,0,0,0,0,0,0,0,0,0,0,0,0,0,0,0,0,0,0,0,0,0,0,192,316,12,..,204,316
10602161530,core,106,280,8,7,0,0,8,7,0,0,0,0,0,0,0,0,0,0,0,0,0,0,0,0,0,0,0,0,0,0,0,0,117,289,0,..,117,289
10602161531,core,70,191,0,0,0,0,0,0,0,0,0,0,0,0,0,0,0,0,0,0,0,0,0,0,0,0,0,0,0,0,0,0,68,197,0,..,76,197
10602161532,core,164,507,9,25,0,0,9,25,3,3,0,0,0,0,0,0,0,0,3,3,0,0,0,0,0,0,0,0,0,0,0,0,176,540,7,..,188,540
10602161533,core,121,392,0,0,0,0,0,0,0,0,0,0,0,0,0,0,0,0,0,0,0,0,0,0,0,0,0,0,0,0,0,0,120,389,5,..,130,389
10602161534,core,207,573,0,0,0,0,0,0,0,0,0,0,0,0,0,0,0,0,0,0,0,0,0,0,0,0,0,0,0,0,0,0,207,573,8,..,212,573
10602161535,core,129,367,0,0,4,6,4,6,0,0,0,0,0,0,0,0,0,0,0,0,0,0,0,0,0,0,0,0,0,0,0,0,132,375,32,..,160,375
10602161536,core,131,400,3,15,0,0,3,15,0,0,0,0,0,0,0,0,0,0,0,0,0,0,0,0,0,0,0,0,0,0,0,0,137,411,8,..,148,411
10602161537,core,113,307,3,9,6,12,12,17,0,0,0,0,0,0,0,0,0,0,0,0,0,0,0,0,0,0,0,0,0,0,0,0,125,322,0,..,124,322
10602161538,core,152,329,7,5,0,0,7,5,17,25,0,0,0,0,0,0,0,0,17,25,0,0,0,0,0,0,0,0,0,0,0,0,176,366,8,..,188,366
10602161539,core,116,337,5,14,0,0,5,14,0,0,0,0,0,0,0,0,0,0,0,0,0,0,0,0,0,0,0,0,0,0,0,0,116,355,4,..,119,355
10602161601,core,134,300,0,0,0,0,0,0,0,0,0,0,0,0,0,0,0,0,0,0,0,0,0,0,0,0,0,0,0,0,0,0,134,300,5,..,135,300
10602161602,core,61,151,21,31,10,20,35,46,3,6,0,0,0,0,0,0,0,0,3,6,0,0,0,0,0,0,0,0,0,0,0,0,95,208,15,..,106,208
10602161603,core,88,284,39,58,0,0,39,58,0,0,0,0,0,0,0,0,0,0,0,0,0,0,0,0,0,0,0,0,0,0,0,0,127,339,3,..,129,339
10602161604,core,105,285,10,12,0,10,14,20,25,30,0,0,0,0,0,0,0,0,25,30,0,0,0,0,0,0,0,0,0,0,0,5,146,337,10,..,155,337
10602161605,core,126,293,5,0,0,0,3,6,14,20,0,0,0,0,0,0,0,0,14,20,0,0,0,0,0,0,0,0,0,0,0,0,148,318,16,..,160,318
10602161606,core,109,303,0,0,9,17,9,17,0,0,0,0,0,0,0,0,0,0,0,0,0,0,0,0,0,0,0,0,0,0,0,0,117,323,4,..,119,323
10602161607,core,170,396,10,16,0,0,10,16,0,0,0,0,0,0,0,0,0,0,0,0,0,0,0,0,0,0,0,0,0,0,0,0,185,412,13,..,193,412
10602161608,core,90,248,0,0,0,0,0,0,0,0,0,0,0,0,0,0,0,0,0,0,0,0,0,0,0,0,0,0,0,0,0,0,95,254,9,..,99,254
10602161609,core,208,484,11,11,0,0,11,11,0,0,0,0,0,0,0,0,0,0,0,0,0,0,0,0,0,0,0,0,0,0,0,0,217,499,26,..,241,499
10602161610,core,187,451,0,0,0,0,0,0,0,0,0,0,0,0,0,0,0,0,0,0,0,0,0,0,0,0,0,0,0,0,0,0,190,458,14,..,203,458
10602161611,core,0,4,0,0,0,0,0,0,0,0,0,0,0,0,0,0,0,0,0,0,0,0,0,0,0,0,0,0,0,0,0,0,0,4,0,..,0,4
10602161612,core,155,367,3,6,0,0,3,6,25,41,0,0,0,0,0,0,0,0,25,41,0,0,0,0,0,0,0,0,0,0,0,0,184,410,27,..,210,410
10602161613,core,167,452,13,36,0,3,18,35,0,0,0,0,0,0,0,0,0,0,0,0,0,0,0,0,0,0,0,0,0,0,0,0,184,487,4,..,187,487
10602161614,core,190,491,3,7,0,0,3,7,13,14,0,0,0,0,0,0,0,0,13,14,0,0,0,0,0,0,0,0,0,0,0,0,202,508,5,..,211,508
10602161615,core,140,397,13,34,52,120,68,152,0,0,0,0,0,0,0,0,0,0,0,0,0,0,0,0,0,0,0,0,0,0,0,5,210,550,51,..,258,550
10602161616,core,122,308,27,45,7,12,34,59,0,0,0,0,0,0,0,0,0,0,0,0,0,0,0,0,0,0,0,0,0,0,0,0,152,361,6,..,163,361
10602161617,core,155,490,0,0,0,0,0,0,0,0,0,0,0,0,0,0,0,0,0,0,0,0,0,0,0,0,0,0,0,0,3,7,158,493,6,..,165,493
10602161618,core,173,402,11,17,0,0,11,17,0,0,0,0,0,0,0,0,0,7,0,7,0,0,0,0,0,0,0,0,0,0,0,0,183,423,10,..,197,423
10602161619,core,215,621,5,9,0,0,5,9,0,0,0,0,0,0,0,0,0,0,0,0,0,0,0,0,0,0,0,0,0,0,0,0,221,634,16,..,234,634
10602161620,core,79,214,0,0,0,0,0,0,0,0,0,0,0,0,0,0,0,0,0,0,0,0,0,0,0,0,0,0,0,0,0,0,79,214,11,..,81,214
10602161701,core,144,409,217,321,0,0,217,321,0,0,0,0,0,0,0,0,0,0,0,0,0,0,0,0,0,0,0,0,0,0,0,0,366,736,19,..,382,736
10602161702,core,145,309,4,6,4,9,5,13,0,0,0,0,0,0,0,0,0,0,0,0,0,0,0,0,0,0,0,0,0,0,0,0,153,318,3,..,154,318
10602161703,core,225,663,46,98,0,3,46,99,0,0,0,0,0,0,0,0,3,7,3,7,0,0,0,0,0,0,0,0,0,0,0,0,278,764,19,..,297,764
10602161704,core,177,447,24,31,3,5,31,39,0,7,0,0,0,0,0,0,0,0,0,7,0,0,0,0,0,0,0,0,0,0,0,0,209,496,9,..,220,496
10602161705,core,168,411,12,14,0,0,12,14,0,0,0,0,0,0,0,0,0,0,0,0,0,0,0,0,0,0,0,0,0,0,0,0,180,425,15,..,191,425
10602161706,core,170,417,13,19,23,44,37,69,20,31,0,0,0,0,0,0,0,0,20,31,0,0,0,0,0,0,0,0,0,0,0,0,232,517,18,..,247,517
10602161707,core,203,499,20,27,0,0,20,27,0,0,0,0,0,0,0,0,0,0,0,0,0,0,0,0,0,0,0,0,0,0,0,0,221,530,8,..,229,530
10602161708,core,130,276,14,26,5,3,17,27,9,22,0,0,0,0,0,0,0,0,9,22,0,0,0,0,0,0,0,0,0,0,0,0,157,332,18,..,180,332
10602161709,core,94,253,0,5,0,0,0,5,0,0,0,0,0,0,0,0,0,0,0,0,0,0,0,0,0,0,0,0,0,0,0,4,99,263,3,..,104,263
10602161710,core,19,68,0,0,0,0,0,0,0,0,0,0,0,0,0,0,0,0,0,0,0,0,0,0,0,0,0,0,0,0,0,0,19,68,3,..,25,68
10602161711,core,101,244,27,40,25,27,51,66,7,9,0,0,0,0,0,0,0,0,7,9,0,0,0,0,0,0,0,0,0,0,0,0,161,322,16,..,176,322
10602161712,core,134,344,17,25,18,38,35,63,29,34,0,0,0,0,0,0,0,0,29,34,0,0,0,0,0,0,0,0,0,0,0,0,200,442,11,..,218,442
10602161713,core,217,623,16,26,0,0,16,26,0,0,0,0,0,0,0,0,0,0,0,0,0,0,0,0,0,0,0,0,0,0,0,0,232,649,6,..,238,649
10602161714,core,205,475,24,38,0,9,20,40,16,21,0,0,0,0,0,0,0,0,16,21,0,0,0,0,0,0,0,0,0,0,0,0,244,543,16,..,262,543
10602161715,core,103,251,51,101,8,25,61,124,17,13,0,0,0,0,0,0,0,0,17,13,0,0,0,0,0,0,0,0,0,0,0,0,179,389,10,..,185,389
10602161716,core,133,382,36,49,0,0,36,49,3,0,0,0,0,0,0,0,0,0,3,0,0,0,0,0,0,0,0,0,0,0,0,0,175,442,16,..,190,442
10602161717,core,116,328,6,8,11,19,22,21,0,0,0,0,0,0,0,0,3,4,3,4,0,0,0,0,0,0,0,0,0,0,0,0,135,359,0,..,135,359
10602161718,core,204,480,11,18,0,0,11,18,6,6,0,0,0,0,0,0,3,9,0,10,0,0,0,0,0,0,0,0,0,0,0,3,221,508,27,..,249,508
10602161719,core,192,584,0,0,0,4,0,4,0,0,0,0,0,0,0,0,0,3,0,3,0,0,0,0,0,0,0,0,0,0,0,7,197,596,4,..,201,596
10602161720,core,0,0,0,0,0,0,0,0,0,0,0,0,0,0,0,0,0,0,0,0,0,0,0,0,0,0,0,0,0,0,0,0,0,0,0,..,0,0
10602161721,core,198,483,6,7,0,9,6,15,8,7,0,0,0,0,0,0,0,0,8,7,0,0,0,0,0,0,0,0,0,0,0,0,210,504,18,..,223,504
10602161722,core,63,116,18,25,0,0,18,25,0,0,0,0,0,0,0,0,0,0,0,0,0,0,0,0,0,0,0,0,0,0,0,3,79,146,0,..,83,146
10602161723,core,137,315,3,9,0,0,3,9,0,0,0,0,0,0,0,0,0,0,0,0,0,0,0,0,0,0,0,0,0,0,0,0,139,326,3,..,143,326
10602161801,core,182,414,35,59,0,0,34,64,9,16,0,0,0,0,0,0,0,0,9,16,0,0,0,0,0,0,0,0,0,0,0,0,224,496,8,..,234,496
10602161802,core,116,267,0,0,0,0,0,0,0,0,0,0,0,0,0,0,0,4,0,4,0,0,0,0,0,4,0,0,0,4,0,3,119,280,4,..,120,280
10602161803,core,147,473,0,0,0,0,0,0,0,0,0,0,0,0,0,0,0,0,0,0,0,0,0,0,0,0,0,0,0,0,0,0,147,473,4,..,152,473
10602161804,core,70,208,0,0,0,0,0,0,0,0,0,0,0,0,0,0,0,0,0,0,0,0,0,0,0,0,0,0,0,0,0,0,70,208,0,..,69,208
10602161805,core,113,372,0,0,0,0,0,0,0,0,0,0,0,0,0,0,0,0,0,0,0,0,0,0,0,0,0,0,0,0,0,0,113,372,5,..,119,372
10602161806,core,179,528,17,29,22,29,34,56,0,0,0,0,0,0,0,0,0,3,0,3,0,0,0,0,0,0,0,0,0,0,0,0,208,584,3,..,211,584
10602161807,core,147,473,0,0,0,0,0,0,0,0,0,0,0,0,0,0,0,0,0,0,0,0,0,0,0,0,0,0,0,0,0,0,151,478,3,..,157,478
10602161808,core,0,0,0,0,0,0,0,0,0,0,0,0,0,0,0,0,0,0,0,0,0,0,0,0,0,0,0,0,0,0,0,0,0,0,0,..,0,0
10602161809,core,175,414,0,0,0,0,0,0,0,0,0,0,0,0,0,0,0,0,0,0,0,0,0,0,0,0,0,0,0,0,0,0,175,414,10,..,189,414
10602161810,core,131,364,0,3,0,0,0,3,0,0,0,0,0,0,0,0,0,0,0,0,0,0,0,0,0,0,0,0,0,0,0,0,135,372,4,..,137,372
10602161811,core,104,286,9,13,0,0,9,13,0,0,0,0,0,0,0,0,0,0,0,0,0,0,0,0,0,0,0,0,0,0,0,0,116,296,5,..,115,296
10602161812,core,134,388,4,13,0,0,4,13,0,0,0,0,0,0,0,0,0,0,0,0,0,0,0,0,0,0,0,0,0,0,0,0,140,399,13,..,154,399
10602161813,core,98,274,3,11,0,0,3,11,0,0,0,0,0,0,0,0,0,3,0,3,0,0,0,0,0,0,0,0,0,0,0,0,105,284,3,..,108,284
10602161814,core,61,181,0,0,0,0,0,0,0,0,0,0,0,0,0,0,0,0,0,0,0,0,0,0,0,0,0,0,0,0,0,0,61,181,0,..,63,181
10602161815,core,134,421,0,0,0,0,0,0,0,0,0,0,0,0,0,0,0,0,0,0,0,0,0,0,0,0,0,0,0,0,0,0,134,418,6,..,142,418
10602161816,core,160,450,3,4,0,0,3,4,0,0,0,0,0,0,0,0,0,6,0,6,0,0,0,0,0,0,0,0,0,0,0,0,171,465,0,..,171,465
10602161817,core,219,734,0,0,0,3,6,5,0,0,0,0,0,0,0,0,0,0,0,0,0,0,0,0,0,0,0,0,0,0,3,4,228,741,3,..,230,741
10602161818,core,176,575,0,0,0,0,0,0,0,0,0,0,0,0,0,0,0,0,0,0,0,0,0,0,0,0,0,0,0,0,0,0,176,575,5,..,184,575
10602161819,core,156,467,0,0,0,0,0,0,0,0,0,0,0,0,0,0,0,0,0,0,0,0,0,0,0,0,0,0,0,0,0,0,157,472,5,..,160,472
10602161820,core,85,295,0,0,0,0,0,0,0,0,0,0,0,0,0,0,0,0,0,0,0,0,0,0,0,0,0,0,0,0,0,0,85,295,0,..,86,295
10602161821,core,217,605,3,9,0,0,3,9,0,0,0,0,0,0,0,0,0,4,0,4,0,0,0,0,0,0,0,0,0,0,0,0,219,616,3,..,226,616
10602161822,core,169,452,0,0,0,0,0,0,0,0,0,0,0,0,0,0,0,0,0,0,0,0,0,0,0,0,0,0,0,0,0,0,169,452,9,..,180,452
10602161823,core,176,558,0,0,0,0,0,0,0,0,0,0,0,0,0,0,0,0,0,0,0,0,0,0,0,0,0,0,0,0,0,0,172,559,0,..,176,559
10602161824,core,69,184,15,40,0,3,16,44,0,0,0,0,0,0,0,0,0,0,0,0,0,0,0,0,0,0,0,0,0,0,0,0,95,230,11,..,108,230
10602161825,core,180,606,0,0,0,0,0,0,0,0,0,0,0,0,0,0,0,0,0,0,0,0,0,0,0,0,0,0,0,0,0,0,184,611,4,..,182,611
10602161826,core,110,325,0,0,0,4,0,4,0,0,0,0,0,0,0,0,0,4,0,4,0,0,0,0,0,6,0,0,0,3,5,5,121,339,9,..,126,339
10602161827,core,107,270,41,102,0,7,41,110,0,0,0,0,0,0,0,0,0,0,0,0,0,0,0,0,0,0,0,0,0,0,0,0,145,373,12,..,158,373
10602161828,core,121,386,0,0,0,0,0,0,0,0,0,0,0,0,0,0,0,0,0,0,0,0,0,0,0,0,0,0,0,0,0,0,121,386,4,..,123,386
10602161829,core,77,218,0,0,0,0,0,0,0,0,0,0,0,0,0,0,0,0,0,0,0,0,0,0,0,0,0,0,0,0,0,0,77,218,6,..,81,218
10602161830,core,68,197,14,32,5,5,14,39,0,0,0,0,0,0,0,0,0,6,0,6,0,0,0,0,0,0,0,0,0,0,0,0,93,247,59,..,153,247
10602161831,core,155,463,32,97,5,3,39,100,0,0,0,0,0,0,0,0,6,16,9,16,0,0,0,0,0,0,0,0,0,0,0,3,197,586,11,..,208,586
10602161832,core,163,535,0,0,0,0,0,0,0,0,0,0,0,0,0,0,0,0,0,0,0,0,0,0,0,0,0,0,0,0,0,0,166,537,9,..,174,537
10602161833,core,159,498,0,3,0,0,0,3,0,0,0,0,0,0,0,0,0,0,0,0,0,0,0,0,0,0,0,0,0,0,0,0,159,499,0,..,160,499
10602161834,core,198,499,0,0,0,0,0,0,0,0,0,0,0,0,0,0,0,4,0,4,0,0,0,0,0,0,0,0,0,0,0,0,193,500,4,..,203,500
10602161835,core,134,421,0,4,0,0,0,4,0,0,0,0,0,0,0,0,0,0,0,0,0,0,0,0,0,0,0,0,0,0,0,0,129,425,3,..,133,425
10602161836,core,0,0,0,0,0,0,0,0,0,0,0,0,0,0,0,0,0,0,0,0,0,0,0,0,0,0,0,0,0,0,0,0,0,0,0,..,0,0
10602161837,core,122,432,0,0,0,0,0,0,0,0,0,0,0,0,0,0,0,0,0,0,0,0,0,0,0,0,0,0,0,0,0,0,122,432,3,..,127,432
10602161838,core,133,383,0,0,0,0,0,0,0,0,0,0,0,0,0,0,0,0,0,0,0,0,0,0,0,0,0,0,0,0,0,0,133,383,8,..,137,383
10602161839,core,90,236,9,14,0,0,9,14,9,12,0,0,0,0,0,0,0,5,8,17,0,0,0,0,0,0,0,0,0,0,0,0,111,271,10,..,123,271
10603111901,core,101,281,5,7,7,16,11,23,0,0,0,0,0,0,0,0,0,0,0,0,0,0,0,0,0,0,0,0,0,0,0,0,106,296,19,..,130,296
10603111902,core,130,385,5,5,6,6,9,16,0,0,0,0,0,0,0,0,0,0,0,0,0,0,0,0,0,0,0,0,0,0,0,0,139,396,10,..,147,396
10603111903,core,193,538,0,6,12,27,12,33,0,0,0,0,0,0,0,0,0,0,0,0,0,0,0,0,0,0,0,0,0,0,0,0,213,571,83,..,294,571
10603111904,core,113,288,0,0,23,53,23,53,0,0,0,0,0,0,0,0,0,0,0,0,0,0,0,0,0,0,0,0,0,0,0,0,136,347,43,..,177,347
10603111906,core,106,273,3,7,0,0,3,7,0,0,0,0,0,0,0,0,0,0,0,0,8,7,0,0,0,5,0,0,10,13,11,17,121,305,12,..,134,305
10603111907,core,240,445,34,60,0,0,34,60,0,0,0,0,0,0,0,0,4,9,7,12,0,5,0,0,0,0,0,0,0,5,4,10,288,528,15,..,300,528
10603111908,core,0,0,0,0,0,0,0,0,0,0,0,0,0,0,0,0,0,0,0,0,0,0,0,0,0,0,0,0,0,0,0,0,0,0,0,..,0,0
10603111909,core,147,236,0,0,0,0,0,0,0,0,0,0,0,0,0,0,0,0,0,0,0,0,0,0,0,0,0,0,0,0,0,0,144,232,3,..,147,232
10603111910,core,166,369,0,0,0,0,0,0,0,0,0,0,0,0,0,0,0,6,0,6,24,39,0,0,0,0,0,0,24,39,0,0,193,408,15,..,212,408
10603111911,core,59,142,5,10,19,42,24,48,0,0,0,0,0,0,0,0,0,0,0,0,0,0,0,0,0,0,0,0,0,0,0,0,88,189,26,..,118,189
10603111912,core,77,196,0,8,20,52,21,60,0,0,0,0,0,0,0,0,0,0,0,0,0,0,0,0,0,0,0,0,0,0,0,0,99,255,66,..,165,255
10603111913,core,116,350,21,37,4,4,21,43,0,0,0,0,0,0,0,0,0,0,0,0,0,0,0,0,0,0,0,0,0,0,0,0,138,395,16,..,154,395
10603111914,core,111,296,13,26,4,22,16,49,0,0,0,0,0,0,0,0,0,0,0,0,0,0,0,0,0,0,0,0,0,0,0,0,131,344,10,..,144,344
10603111915,core,161,389,15,26,22,58,30,82,0,0,0,0,0,0,0,0,0,3,0,3,0,3,0,0,0,0,4,0,5,9,0,0,197,476,47,..,247,476
10603111916,core,81,236,18,38,41,99,58,137,0,0,0,0,0,0,0,0,0,0,0,0,0,0,0,0,0,0,0,0,0,0,0,0,141,374,17,..,153,374
10603111917,core,0,0,0,0,0,0,0,0,0,0,0,0,0,0,0,0,0,0,0,0,0,0,0,0,0,0,0,0,0,0,0,0,0,0,0,..,0,0
10603111918,core,84,285,0,0,0,0,0,0,0,0,0,0,0,0,0,0,0,0,0,0,0,0,0,0,0,0,0,0,0,0,0,0,83,288,15,..,100,288
10603111919,core,0,0,0,0,0,0,0,0,0,0,0,0,0,0,0,0,0,0,0,0,0,0,0,0,0,0,0,0,0,0,0,0,0,0,0,..,0,0
10603111921,core,55,75,0,5,0,0,0,5,0,0,0,0,0,0,0,0,0,0,0,0,0,0,0,0,0,0,0,0,0,0,0,3,62,83,0,..,62,83
10603111922,core,231,494,0,6,0,0,0,6,0,0,0,0,0,0,0,0,3,6,3,6,0,0,0,0,0,0,0,0,0,0,0,0,237,502,9,..,247,502
10603112001,core,9,23,0,0,0,0,0,0,0,0,0,0,0,0,0,0,0,0,0,0,0,0,0,0,0,0,0,0,0,0,0,0,9,23,3,..,14,23
10603112002,core,146,333,4,10,0,5,4,11,0,3,0,0,0,0,0,0,0,0,0,3,0,0,0,0,0,0,0,0,0,0,0,0,156,350,23,..,181,350
10603112003,core,124,259,4,4,0,0,4,4,3,3,0,0,0,0,0,0,0,0,3,3,0,0,0,0,0,0,0,0,0,0,0,0,127,264,12,..,146,264
10603112004,core,137,326,23,32,19,44,39,79,0,0,0,0,0,0,0,0,0,3,0,3,0,4,9,23,0,0,0,0,12,28,0,0,192,431,38,..,230,431
10603112005,core,0,0,0,0,0,0,0,0,0,0,0,0,0,0,0,0,0,0,0,0,0,0,0,0,0,0,0,0,0,0,0,0,0,0,0,..,3,0
10603112006,core,210,520,41,62,0,0,40,65,0,0,0,0,0,0,0,0,0,0,0,0,0,0,0,0,0,0,3,5,3,5,0,0,255,587,11,..,263,587
10603112007,core,103,242,4,3,0,0,3,4,0,0,0,0,0,0,0,0,0,0,0,0,0,0,0,0,0,0,0,0,0,0,0,0,104,249,14,..,122,249
10603112008,core,214,537,10,15,4,11,14,26,0,0,0,0,0,0,0,0,0,0,0,0,0,0,0,0,0,0,0,0,0,0,0,0,225,564,30,..,258,564
10603112009,core,277,713,18,29,4,15,29,47,0,0,0,0,0,0,0,0,0,0,0,0,0,0,0,0,0,0,0,0,0,0,0,0,300,756,20,..,319,756
10603112010,core,232,556,12,26,0,0,12,26,0,0,0,0,0,0,0,0,0,0,0,0,0,0,0,0,0,0,0,0,0,0,0,0,238,580,21,..,263,580
10603112011,core,89,212,3,10,7,13,10,21,0,0,0,0,0,0,0,0,0,9,0,9,0,0,0,0,0,0,0,0,0,0,0,0,103,239,22,..,123,239
10603112012,core,129,313,8,8,3,7,11,16,0,0,0,0,0,0,0,0,0,0,0,0,0,0,0,0,0,0,4,9,4,9,0,0,142,340,8,..,147,340
10603112013,core,163,382,0,0,13,23,13,23,3,7,0,0,0,0,0,0,0,0,3,7,0,0,0,0,0,0,0,0,0,0,0,0,177,410,26,..,206,410
10603112014,core,172,399,16,24,11,16,25,43,6,11,0,4,0,0,0,0,0,0,5,10,0,0,0,0,0,0,0,0,0,0,0,0,202,449,32,..,233,449
10603112015,core,100,205,0,0,0,0,0,0,0,0,0,0,0,0,0,0,0,0,0,0,0,0,0,0,0,0,0,0,0,0,0,0,100,205,19,..,117,205
10603112016,core,211,519,8,15,0,0,8,15,0,0,0,0,0,0,0,0,0,0,0,0,0,0,0,3,0,0,0,0,0,3,0,0,218,540,6,..,225,540
10603112017,core,0,0,0,0,0,0,0,0,0,0,0,0,0,0,0,0,0,0,0,0,0,0,0,0,0,0,0,0,0,0,0,5,0,5,0,..,0,5
10603112018,core,207,466,4,11,0,0,4,11,0,0,0,0,0,0,0,0,0,0,0,0,0,0,0,0,0,0,0,0,0,0,0,0,213,477,15,..,224,477
10603112101,core,167,396,8,29,35,63,43,94,29,46,0,3,12,23,0,0,0,0,39,64,0,0,0,0,0,0,0,0,0,0,0,0,257,557,66,..,321,557
10603112102,core,98,212,4,4,28,47,25,50,11,23,24,45,50,85,0,0,4,4,90,162,0,0,6,8,0,0,0,0,6,8,8,13,226,446,195,..,422,446
10603112103,core,136,360,3,6,12,35,20,39,0,0,0,0,0,0,0,0,0,0,0,0,0,0,0,0,0,0,0,0,0,0,0,0,152,396,26,..,174,396
10603112104,core,94,235,4,6,13,24,21,33,0,4,0,5,0,0,0,0,0,0,0,5,0,0,0,0,0,0,0,0,0,0,0,0,116,275,20,..,132,275
10603112105,core,97,248,7,14,8,16,12,30,0,9,0,0,0,0,0,0,0,0,5,8,0,0,0,0,0,0,0,0,0,0,0,0,113,288,27,..,143,288
10603112106,core,56,130,109,150,45,81,152,230,10,7,3,8,20,27,0,0,0,0,33,46,0,0,68,108,0,0,0,0,68,108,19,37,322,553,104,..,421,553
10603112107,core,67,167,20,31,0,9,23,39,13,8,0,0,0,0,0,0,0,0,13,8,0,0,0,0,0,0,0,0,0,0,0,0,98,213,3,..,106,213
10603112108,core,197,365,21,41,25,52,41,98,0,0,0,0,0,0,0,0,0,0,0,0,0,0,0,0,0,0,0,0,0,0,0,4,241,458,11,..,251,458
10603112109,core,107,282,37,55,15,34,52,90,0,0,0,0,0,0,0,0,0,0,0,0,0,0,0,0,0,0,0,0,0,0,0,0,160,376,10,..,165,376
10603112110,core,55,144,15,28,33,64,48,93,0,0,0,0,0,0,0,0,0,0,0,0,0,0,0,0,0,0,0,0,0,0,0,4,103,244,6,..,112,244
10603112111,core,0,0,0,0,0,0,0,0,0,0,0,0,0,0,0,0,0,0,0,0,0,0,0,0,0,0,0,0,0,0,0,0,0,0,0,..,0,0
10603112112,core,0,0,0,0,0,0,0,0,0,0,0,0,0,0,0,0,0,0,0,0,0,0,0,0,0,0,0,0,0,0,0,0,0,0,0,..,0,0
10603112113,core,30,77,0,0,3,7,3,7,0,0,0,0,0,0,0,0,0,0,0,0,0,0,0,0,0,0,0,0,0,0,0,0,36,76,9,..,38,76
10603112114,core,7,12,0,0,0,0,0,0,0,0,0,0,0,0,0,0,0,0,0,0,0,0,0,0,0,0,0,0,0,0,0,0,7,12,0,..,7,12
10603112115,core,97,243,10,15,60,135,74,144,27,50,7,16,27,48,0,0,0,0,64,114,0,0,0,0,0,0,0,4,0,4,0,0,239,505,98,..,339,505
10603112116,core,125,266,8,11,43,75,49,80,11,22,17,26,16,30,0,0,0,0,45,71,0,0,0,0,0,0,0,0,0,0,0,0,214,423,162,..,383,423
10603112117,core,0,7,0,0,0,0,0,0,0,0,0,0,0,0,0,0,0,0,0,0,0,0,0,0,0,0,0,0,0,0,0,0,0,7,5,..,0,7
10603112118,core,133,299,5,4,13,26,17,38,0,6,0,0,0,0,0,0,0,0,3,8,0,0,0,0,0,0,3,3,3,3,0,0,161,350,63,..,224,350
10603112119,core,108,271,61,87,19,40,79,131,0,0,0,0,0,0,0,0,0,0,0,0,0,0,0,0,0,0,0,0,0,0,0,0,190,403,33,..,223,403
10603112120,core,80,208,5,11,0,7,3,14,0,0,0,0,0,0,0,0,0,0,0,0,0,0,0,0,0,0,0,0,0,0,0,0,85,221,0,..,88,221
10603112121,core,42,105,0,0,0,0,0,0,0,0,0,0,0,0,0,0,0,0,0,0,0,0,0,0,0,0,0,0,0,0,0,5,44,103,7,..,55,103
10603112122,core,46,96,40,74,30,61,73,138,0,3,4,3,0,0,0,0,0,0,5,11,0,0,7,31,0,0,0,0,7,31,0,0,134,270,166,..,303,270
10603112123,core,91,210,152,240,15,22,171,266,0,0,0,0,0,0,0,0,0,0,3,0,0,0,0,0,0,0,0,0,0,0,0,0,263,477,52,..,312,477
10603112124,core,108,260,32,77,22,53,58,127,0,0,0,0,0,0,0,0,0,0,0,0,0,0,0,0,0,0,0,0,0,0,0,0,165,383,79,..,247,383
10603112125,core,114,289,4,6,19,51,23,57,0,3,0,0,0,0,0,0,0,0,0,3,0,0,0,0,0,0,0,0,0,0,0,0,138,350,115,..,255,350
10603112126,core,93,248,0,0,3,10,3,10,0,0,0,0,0,0,0,0,0,0,0,0,0,0,0,0,0,0,0,0,0,0,0,0,98,257,18,..,114,257
10603112127,core,139,323,0,0,53,102,53,102,3,11,5,6,0,0,0,0,0,0,8,20,0,0,0,0,0,0,0,0,0,0,0,0,198,444,58,..,255,444
10603112128,core,129,342,4,9,10,30,17,35,4,0,0,0,0,0,0,0,0,0,4,0,0,0,0,0,0,0,0,0,0,0,0,0,146,378,27,..,172,378
10603112129,core,80,222,11,15,16,35,19,54,3,3,0,0,0,0,0,0,0,0,3,3,0,0,0,0,0,0,0,0,0,0,0,0,102,279,18,..,121,279
10603112130,core,99,256,3,10,41,97,49,100,0,0,7,5,0,0,0,0,0,0,7,5,0,0,0,0,0,0,0,0,0,0,0,0,153,363,17,..,169,363
10603112131,core,104,215,17,22,50,93,62,114,28,42,17,26,84,141,0,0,0,6,130,211,0,3,0,0,0,0,0,0,0,3,7,8,305,547,543,..,852,547
10603112133,core,98,215,13,25,43,79,47,101,4,4,0,0,0,0,0,0,0,5,3,12,0,0,0,0,0,0,0,0,0,0,0,0,151,329,85,..,236,329
10603112134,core,156,360,12,23,65,150,79,175,0,0,0,0,0,0,0,0,0,0,0,0,0,0,0,0,0,0,0,0,0,0,0,0,229,536,17,..,241,536
10603112135,core,281,755,0,5,0,0,0,5,0,0,0,0,0,0,0,0,0,0,0,0,0,0,0,0,0,0,0,0,0,0,0,0,284,765,19,..,299,765
10603112136,core,114,299,21,48,39,89,64,133,0,0,0,0,0,0,0,0,0,0,0,0,0,0,0,0,0,0,0,0,0,0,0,8,178,440,10,..,185,440
10603112137,core,131,353,7,17,36,88,47,105,0,0,0,0,0,0,0,0,0,0,0,0,0,0,0,0,0,0,0,0,0,0,0,0,178,459,19,..,192,459
10603112138,core,193,492,21,32,27,68,45,100,3,3,0,0,0,0,0,0,0,0,3,3,0,0,0,0,0,0,0,0,0,0,0,0,245,597,60,..,303,597
10603112139,core,103,277,14,32,14,29,34,62,0,0,0,0,0,0,0,0,0,0,0,0,0,0,0,0,0,0,0,0,0,0,0,0,137,334,12,..,144,334
10603112140,core,70,181,35,60,12,28,47,90,13,10,14,19,0,0,0,0,0,0,23,32,0,0,0,0,0,0,0,0,0,0,0,0,142,301,6,..,147,301
10603112141,core,170,441,12,23,4,3,18,31,0,0,0,0,0,0,0,0,0,0,0,0,0,0,0,0,0,0,0,0,0,0,0,0,185,470,22,..,209,470
10603112142,core,101,235,4,9,33,56,33,61,6,6,0,0,0,0,0,0,0,0,6,6,0,0,0,4,0,0,0,0,0,4,0,3,146,308,65,..,211,308
10603112143,core,163,384,28,51,25,59,58,112,3,6,0,0,0,0,0,0,0,0,3,6,0,0,0,0,0,0,0,0,0,0,0,0,228,499,120,..,349,499
10603112144,core,113,263,7,19,13,23,21,45,11,8,0,0,0,0,0,0,0,0,11,8,0,0,0,0,0,0,0,0,0,0,0,0,139,321,80,..,222,321
10603112145,core,140,331,10,37,28,55,43,90,7,7,19,30,16,26,0,0,0,4,43,57,0,0,0,0,0,0,0,0,0,0,0,0,230,479,267,..,494,479
10603112146,core,9,29,140,178,10,14,147,193,14,18,33,55,8,16,0,0,0,0,58,90,0,0,0,0,0,0,0,0,0,0,0,0,223,311,221,..,441,311
10603112147,core,99,259,4,12,22,49,29,66,0,0,0,4,0,0,0,0,0,0,0,4,0,0,0,0,0,0,0,0,0,0,0,0,134,326,23,..,157,326
10603112148,core,163,378,32,43,7,20,35,58,0,0,0,0,0,0,0,0,0,0,0,0,0,0,0,0,0,0,0,0,0,0,0,0,201,439,52,..,248,439
10603112149,core,162,395,5,7,41,70,40,79,11,10,0,0,0,0,0,0,0,4,9,14,0,0,0,0,0,0,0,0,0,0,0,0,215,488,61,..,283,488
10603112150,core,83,208,38,63,3,10,38,70,0,0,0,0,0,0,0,0,0,0,0,0,0,0,0,0,0,0,0,0,0,0,0,0,118,274,7,..,128,274
10603112151,core,54,142,67,106,74,172,139,276,15,18,0,0,0,0,0,0,0,0,15,18,0,0,0,0,0,0,0,0,0,0,0,0,217,439,18,..,233,439
10603112152,core,79,207,40,84,0,0,40,84,0,0,0,0,0,0,0,0,0,0,0,0,0,0,0,0,0,0,0,0,0,0,0,0,114,298,6,..,129,298
10603112153,core,131,350,0,0,19,30,19,30,0,3,0,0,0,0,0,0,0,0,0,3,0,0,0,0,0,0,0,0,0,0,0,0,148,384,23,..,173,384
10603112154,core,126,332,0,0,23,49,25,47,6,3,0,0,0,0,0,0,0,0,6,8,0,0,0,0,0,0,0,0,0,0,0,0,151,388,27,..,184,388
10603112155,core,88,245,9,19,19,30,25,45,0,5,0,0,5,18,0,0,0,0,11,22,0,0,0,0,0,0,0,0,0,0,0,0,129,313,25,..,152,313
10603112156,core,86,204,12,32,14,32,24,67,0,0,41,65,8,8,0,0,0,0,48,75,0,3,10,8,0,0,0,0,9,16,8,4,175,368,77,..,256,368
10603112157,core,31,69,0,5,78,196,83,204,0,0,0,0,27,58,0,0,0,0,27,58,0,0,0,0,0,0,0,0,0,0,0,0,144,328,92,..,239,328
10603112158,core,43,86,4,10,24,47,32,56,20,44,22,35,153,269,0,0,0,0,198,344,0,0,4,8,0,0,5,8,6,11,3,4,276,508,320,..,597,508
10603112201,core,190,487,20,36,48,103,70,136,0,0,0,0,0,0,0,0,3,6,3,6,0,0,0,0,0,0,0,0,0,0,0,0,265,630,12,..,278,630
10603112202,core,66,134,0,0,0,0,0,0,0,0,0,0,0,0,0,0,0,0,0,0,61,75,0,0,0,0,4,0,64,79,0,0,127,212,3,..,131,212
10603112203,core,0,0,0,0,0,0,0,0,0,0,0,0,0,0,0,0,0,0,0,0,0,0,0,0,0,0,0,0,0,0,0,0,0,0,0,..,0,0
10603112204,core,113,259,47,89,0,0,47,89,0,0,0,0,0,0,0,0,0,0,0,0,0,0,0,0,0,0,0,0,0,0,0,0,154,349,9,..,162,349
10603112205,core,137,339,18,33,5,4,22,32,0,0,0,0,0,0,0,0,0,0,0,0,0,0,0,0,0,0,0,0,0,0,0,0,157,374,6,..,164,374
10603112206,core,116,294,39,56,0,0,39,56,0,0,0,0,0,0,0,0,0,0,0,0,0,0,0,0,0,0,0,0,0,0,0,0,144,348,9,..,155,348
10603112207,core,144,312,25,32,3,9,28,43,12,14,0,0,0,0,0,0,0,0,12,14,0,0,0,0,0,0,0,0,0,0,0,0,188,371,22,..,205,371
10603112208,core,115,256,15,32,24,21,42,56,0,0,0,0,0,0,0,0,0,0,0,0,0,0,0,0,0,0,0,0,0,0,0,0,152,310,13,..,170,310
10603112209,core,160,362,39,55,4,5,48,65,15,10,0,0,0,0,0,0,0,0,15,10,0,0,0,0,0,0,0,0,0,0,0,0,217,441,11,..,227,441
10603112210,core,168,426,66,97,49,62,114,160,0,0,0,0,0,0,0,0,0,0,0,0,0,0,0,0,0,0,0,0,0,0,0,0,280,588,17,..,296,588
10603112211,core,82,189,18,29,0,10,18,44,6,5,0,0,0,0,0,0,0,0,6,5,0,0,0,0,0,0,10,16,10,16,3,4,112,248,6,..,122,248
10603112212,core,195,495,9,15,0,5,9,16,0,0,0,0,0,0,0,0,0,0,0,0,0,0,0,0,0,0,0,0,0,0,0,0,202,512,24,..,226,512
10603112213,core,88,180,0,9,0,0,0,7,0,0,0,0,0,0,0,0,0,0,0,0,0,0,0,0,0,0,0,0,0,0,0,0,93,191,5,..,96,191
10603112214,core,119,341,4,3,0,0,4,3,0,0,0,0,0,0,0,0,0,0,0,0,0,0,0,0,0,0,0,0,0,0,0,0,120,346,13,..,131,346
10603112215,core,151,390,11,14,0,0,11,14,0,0,0,0,0,0,0,0,0,0,0,0,0,0,0,0,0,0,0,0,0,0,0,0,159,404,6,..,167,404
10603112216,core,148,364,4,4,0,0,4,4,0,0,0,0,0,0,0,0,0,0,0,0,0,0,0,0,0,0,0,0,0,0,0,5,151,371,13,..,160,371
10603112217,core,245,764,12,15,0,0,12,15,0,0,0,0,0,0,0,0,0,0,0,0,0,0,0,0,0,0,0,0,0,0,0,0,254,781,9,..,264,781
10603112218,core,115,324,0,0,0,0,0,0,0,0,0,0,0,0,0,0,0,0,0,0,0,0,0,0,0,0,0,0,0,0,0,0,115,324,6,..,124,324
10603112219,core,123,313,61,99,0,0,61,99,0,0,0,0,0,0,0,0,0,0,0,0,0,0,0,0,0,0,0,0,0,0,0,0,186,407,6,..,191,407
10603112220,core,68,185,78,118,0,0,78,118,0,0,0,0,0,0,0,0,0,0,0,0,0,0,0,0,0,0,0,0,0,0,0,0,147,297,3,..,152,297
10603112221,core,168,454,30,40,0,0,30,40,0,0,0,0,0,0,0,0,0,0,0,0,0,0,0,0,0,0,0,0,0,0,0,0,197,500,10,..,205,500
10603112222,core,124,322,0,0,42,91,41,97,0,0,0,0,0,0,0,0,0,0,0,0,0,0,0,0,0,0,0,0,0,0,0,0,166,417,7,..,173,417
10603112223,core,159,452,8,22,0,0,8,22,0,0,0,0,0,0,0,0,0,5,0,5,0,0,0,0,0,0,0,0,0,0,0,0,164,475,14,..,178,475
10603112224,core,107,274,8,8,0,0,8,8,5,5,0,0,0,0,0,0,0,0,5,5,0,0,0,0,0,0,0,0,0,0,0,0,114,283,7,..,125,283
10603112225,core,149,403,0,0,0,0,0,0,0,0,0,0,0,0,0,0,0,0,0,0,0,0,0,0,0,0,0,0,0,0,0,0,149,403,13,..,160,403
10603112226,core,162,430,58,116,11,13,72,128,0,4,0,0,0,0,0,0,0,0,0,4,0,0,0,0,0,0,0,0,0,0,0,0,235,562,11,..,246,562
10603112227,core,211,599,10,25,0,0,10,25,0,0,0,0,0,0,0,0,0,0,0,0,0,0,0,0,0,0,0,0,0,0,0,0,220,618,4,..,232,618
10603112228,core,179,490,15,18,4,4,14,24,0,0,0,0,0,0,0,0,0,0,0,0,0,0,0,0,0,0,0,0,0,0,0,0,189,516,9,..,206,516
10603112230,core,106,277,13,19,0,0,13,19,0,4,0,0,0,0,0,0,0,0,0,4,19,25,114,199,0,0,3,12,136,226,0,3,258,537,18,..,277,537
10603112232,core,4,8,0,0,0,0,0,0,0,0,0,0,0,0,0,0,0,0,0,0,0,0,0,0,0,0,0,0,0,0,0,0,4,8,0,..,4,8
10603112233,core,93,284,7,10,0,0,7,10,0,0,0,0,0,0,0,0,0,0,0,0,0,0,0,0,0,0,0,0,0,0,0,0,98,293,5,..,99,293
10603112234,core,88,248,5,9,0,0,5,9,0,0,0,0,0,0,0,0,0,0,0,0,0,0,0,0,0,0,0,0,0,0,0,0,95,254,7,..,105,254
10603112235,core,310,940,0,7,0,0,0,7,0,0,0,0,0,0,0,0,5,20,5,20,0,0,0,0,0,0,0,0,0,0,0,0,327,971,14,..,336,971
10603112236,core,84,201,0,4,0,0,0,4,0,0,0,0,0,0,0,0,0,0,0,0,0,0,0,0,0,0,0,0,0,0,0,0,84,201,4,..,86,201
10603112301,core,90,281,0,0,0,0,0,0,0,0,0,0,0,0,0,0,0,0,0,0,0,0,0,0,0,0,0,0,0,0,0,0,90,284,6,..,95,284
10603112302,core,97,268,0,0,0,0,0,0,0,0,0,0,0,0,0,0,0,0,0,0,0,0,0,0,0,0,0,0,0,0,0,0,97,268,0,..,97,268
10603112303,core,140,413,0,0,0,0,0,0,0,0,0,0,0,0,0,0,0,4,0,4,0,0,0,0,0,0,0,0,0,0,0,0,138,418,5,..,146,418
10603112304,core,124,415,0,0,0,0,0,0,0,0,0,0,0,0,0,0,0,0,0,0,0,0,0,0,0,0,0,0,0,0,0,6,123,419,0,..,127,419
10603112305,core,167,507,0,0,0,0,0,0,0,0,0,0,0,0,0,0,0,0,0,0,0,0,0,0,0,0,0,0,0,0,0,0,166,506,11,..,180,506
10603112306,core,54,185,0,0,0,0,0,0,0,0,0,0,0,0,0,0,0,0,0,0,0,0,0,0,0,0,0,0,0,0,0,0,54,185,0,..,54,185
10603112307,core,73,230,0,0,0,0,0,0,0,0,0,0,0,0,0,0,0,0,0,0,0,0,0,0,0,0,0,0,0,0,0,0,73,230,0,..,79,230
10603112308,core,139,415,0,0,0,0,0,0,0,0,0,0,0,0,0,0,3,9,3,9,0,0,0,0,0,0,0,0,0,0,0,0,143,423,3,..,146,423
10603112309,core,131,359,0,0,0,0,0,0,0,0,0,0,0,0,0,0,0,0,0,0,0,0,0,0,0,0,0,0,0,0,0,0,133,355,12,..,146,355
10603112310,core,204,579,0,0,0,0,0,0,0,0,0,0,0,0,0,0,0,0,0,0,0,0,0,0,0,0,0,0,0,0,0,0,203,584,18,..,220,584
10603112311,core,115,353,0,3,0,0,3,4,0,0,0,0,0,0,0,0,0,0,0,0,0,0,0,0,0,0,0,0,0,0,0,0,117,357,10,..,130,357
10603112312,core,113,395,0,0,0,0,0,0,0,0,0,0,0,0,0,0,0,0,0,0,0,0,0,0,0,0,0,0,0,0,0,0,113,395,3,..,124,395
10603112313,core,135,415,0,0,0,0,0,0,0,0,0,0,0,0,0,0,0,0,0,0,0,0,0,0,0,8,0,0,0,8,0,0,144,424,4,..,144,424
10603112314,core,105,317,0,0,0,0,0,0,0,0,0,0,0,0,0,0,0,0,0,0,0,0,0,0,0,0,0,0,0,0,0,0,111,325,6,..,112,325
10603112315,core,89,271,0,0,0,0,0,0,0,0,0,0,0,0,0,0,0,0,0,0,0,0,0,0,0,0,0,0,0,0,0,5,90,279,4,..,94,279
10603112402,external,129,289,0,0,0,0,0,0,0,0,0,0,0,0,0,0,0,0,0,0,0,0,0,0,0,0,0,0,0,0,0,0,130,292,44,..,173,292
10603112403,external,235,492,9,7,0,0,9,7,0,0,0,0,0,0,0,0,0,0,0,0,0,0,0,0,0,0,0,0,0,0,0,0,244,500,32,..,276,500
10603112404,external,143,293,15,28,9,16,24,44,0,0,0,0,0,0,0,0,0,0,0,0,0,0,0,0,0,0,0,0,0,0,0,0,168,343,27,..,194,343
10603112405,external,302,532,20,30,0,0,20,30,0,0,0,0,0,0,0,0,0,0,0,0,0,0,0,0,0,0,0,0,0,0,0,0,325,562,20,..,342,562
10603112406,external,127,266,7,18,0,0,7,18,0,0,0,0,0,0,0,0,0,0,0,0,0,0,0,0,0,0,0,0,0,0,0,0,137,283,26,..,164,283
10603112407,external,98,200,0,4,8,10,5,7,8,11,10,9,0,0,0,0,0,0,15,25,0,0,0,0,0,0,0,0,0,0,0,0,120,236,53,..,175,236
10603112408,external,108,206,8,10,32,62,36,66,6,12,0,0,0,0,0,0,0,0,6,12,0,0,0,0,0,0,11,15,11,15,0,0,158,301,91,..,245,301
10603112409,external,116,275,0,0,0,0,0,0,0,0,0,0,0,0,0,0,0,0,0,0,0,0,0,0,0,0,0,0,0,0,0,5,120,278,47,..,168,278
10603112411,external,123,254,24,27,60,110,80,141,19,34,11,12,10,17,0,0,0,0,34,67,4,0,0,0,0,0,0,0,4,0,6,7,251,470,427,..,671,470
10603112412,external,122,247,0,3,0,0,0,3,0,0,0,0,0,0,0,0,0,0,0,0,6,5,0,8,0,0,0,0,7,11,0,0,129,263,69,..,196,263
10603112413,external,196,441,0,0,0,0,0,0,0,0,0,0,0,0,0,0,0,0,0,0,0,0,0,0,0,0,0,0,0,0,0,0,196,436,90,..,288,436
10603112414,external,28,83,0,0,0,0,0,0,0,0,0,0,0,0,0,0,0,0,0,0,0,0,0,0,0,0,0,4,0,4,0,0,34,85,8,..,37,85
10603112415,external,0,0,0,0,0,0,0,0,0,0,0,0,0,0,0,0,0,0,0,0,0,0,0,0,0,0,0,0,0,0,0,0,0,0,0,..,0,0
10603112416,external,0,0,0,0,0,0,0,0,0,0,0,0,0,0,0,0,0,0,0,0,0,0,0,0,0,0,0,0,0,0,0,0,0,0,0,..,0,0
10603112417,external,106,241,0,0,0,0,0,0,0,0,0,0,0,0,0,0,0,0,0,0,0,0,0,0,0,0,0,0,0,0,0,0,106,241,18,..,128,241
10603112418,external,111,214,0,0,0,0,0,0,0,0,0,0,0,0,0,0,0,0,0,0,0,0,0,0,0,0,0,0,0,0,0,0,104,213,93,..,198,213
10603112419,external,9,20,0,0,0,0,0,0,0,0,0,0,0,0,0,0,0,0,0,0,0,0,0,0,0,0,0,0,0,0,0,0,14,29,34,..,45,29
10603112420,external,257,458,0,0,0,4,0,4,0,0,0,0,0,0,0,0,0,0,0,0,0,0,0,0,0,0,0,0,0,0,0,0,257,464,13,..,270,464
10603112421,external,24,47,0,4,20,34,22,41,6,3,0,3,0,0,0,0,0,0,8,7,0,0,0,0,0,0,0,0,0,0,0,0,53,103,83,..,131,103
10603112422,external,69,127,0,0,0,0,4,3,0,0,0,0,0,0,0,0,0,0,0,0,0,0,0,0,0,0,0,0,0,0,0,0,72,126,52,..,120,126
10603112501,core,82,204,0,0,5,13,5,13,0,0,0,0,0,0,0,0,0,0,0,0,0,0,0,0,0,0,0,0,0,0,0,0,86,225,11,..,102,225
10603112502,core,211,519,4,9,7,14,6,23,0,0,0,0,0,0,0,0,0,0,0,0,18,21,0,0,0,0,0,0,16,23,0,3,237,566,25,..,259,566
10603112503,core,150,467,0,0,0,0,0,0,0,0,0,0,0,0,0,0,4,4,4,4,0,0,0,0,0,0,0,0,0,0,0,0,153,474,11,..,159,474
10603112505,core,0,0,0,0,0,0,0,0,0,0,0,0,0,0,0,0,0,0,0,0,0,0,0,0,0,0,0,0,0,0,0,0,0,0,0,..,0,0
10603112506,core,189,518,0,0,0,0,0,0,0,0,0,0,0,0,0,0,0,0,0,0,0,0,0,0,0,0,0,0,0,0,0,0,187,525,19,..,205,525
10603112507,core,177,489,5,7,0,0,9,9,0,0,0,0,0,0,0,0,0,0,0,0,0,0,0,0,0,0,0,0,0,0,0,0,184,496,19,..,206,496
10603112508,core,0,0,0,0,0,0,0,0,0,0,0,0,0,0,0,0,0,0,0,0,0,0,0,0,0,0,0,0,0,0,0,0,0,0,0,..,0,0
10603112509,core,0,0,0,0,0,0,0,0,0,0,0,0,0,0,0,0,0,0,0,0,0,0,0,0,0,0,0,0,0,0,0,0,0,0,0,..,0,0
10603112510,core,87,235,0,0,0,0,0,0,0,0,0,0,0,0,0,0,0,0,0,0,12,15,28,50,0,0,0,0,37,71,0,0,129,303,12,..,142,303
10603112512,core,117,348,0,4,0,0,0,4,0,0,0,0,0,0,0,0,0,0,0,0,0,0,0,0,0,0,0,0,0,0,0,0,123,344,5,..,122,344
10603112513,core,171,545,0,4,0,0,0,4,0,0,0,0,0,0,0,0,0,0,0,0,0,0,0,0,0,0,0,0,0,0,0,0,177,550,10,..,179,550
10603112514,core,26,70,0,0,0,9,0,9,5,7,0,0,0,0,0,0,0,0,5,7,0,0,0,0,0,0,0,0,0,0,0,0,30,83,10,..,41,83
10603112515,core,207,426,4,0,0,0,4,0,0,0,0,0,0,0,0,0,0,0,0,0,0,4,4,5,0,0,0,0,6,7,0,0,212,440,4,..,218,440
10603112516,core,122,350,0,0,0,0,0,0,0,3,0,0,0,0,0,0,0,0,0,3,0,0,0,0,0,0,0,0,0,0,0,0,124,351,4,..,128,351
10603112517,core,215,401,6,7,0,0,6,7,0,0,0,0,0,0,0,0,0,0,0,0,0,0,0,0,0,0,0,0,0,0,0,0,220,412,21,..,242,412
10603112518,core,193,554,0,0,0,0,0,0,0,0,0,0,0,0,0,0,0,0,0,0,0,0,0,0,0,0,0,0,0,0,0,0,188,554,9,..,197,554
10603112519,core,123,330,0,0,0,0,0,0,0,0,0,0,0,0,0,0,0,0,0,0,0,0,0,0,0,0,0,0,0,0,0,0,120,328,4,..,127,328
10603112520,core,95,291,9,4,3,11,13,17,0,0,0,0,0,0,0,0,4,4,4,4,0,0,0,0,0,0,0,0,0,0,0,0,110,313,9,..,125,313
10603112521,core,159,504,0,0,0,0,0,0,0,0,0,0,0,0,0,0,0,0,0,0,0,0,0,0,0,0,0,0,0,0,0,0,163,506,3,..,169,506
10603112522,core,117,318,0,0,0,0,0,0,0,0,0,0,0,0,0,0,0,0,0,0,0,0,0,0,0,0,0,0,0,0,0,0,117,318,4,..,125,318
10603112523,core,113,331,0,0,0,0,0,0,0,0,0,0,0,0,0,0,0,0,0,0,0,0,0,0,0,0,0,0,0,0,0,0,113,331,3,..,115,331
10603112524,core,158,465,0,0,0,0,0,0,0,0,0,0,0,0,0,0,0,0,0,0,0,0,0,0,0,0,0,0,0,0,0,0,158,465,7,..,171,465
10603112525,core,171,458,4,9,0,0,4,9,0,0,0,0,0,0,0,0,0,0,0,0,0,0,0,0,0,0,0,0,0,0,0,0,176,471,5,..,185,471
10603112526,core,102,292,0,7,0,0,0,7,0,0,0,0,0,0,0,0,0,0,0,0,0,0,0,0,0,0,0,0,0,0,0,0,109,298,3,..,111,298
10603112527,core,190,546,13,21,9,18,24,40,0,0,0,0,0,0,0,0,0,0,0,0,0,0,0,0,0,0,0,0,0,0,0,0,214,586,10,..,224,586
10603112528,core,157,420,3,3,0,0,3,3,0,0,0,0,0,0,0,0,0,0,0,0,0,0,0,0,0,0,0,0,0,0,0,0,155,423,4,..,161,423
10603112529,core,117,324,11,14,0,0,11,14,0,0,0,0,0,0,0,0,0,0,0,0,0,0,0,0,0,0,0,0,0,0,0,0,128,340,8,..,135,340
10603112530,core,186,517,4,4,0,0,4,4,0,0,0,0,0,0,0,0,0,0,0,0,0,0,0,0,0,0,0,0,0,0,0,0,185,520,9,..,192,520
10603112531,core,115,346,3,3,0,0,3,3,0,0,0,0,0,0,0,0,0,0,0,0,0,0,0,0,0,0,0,0,0,0,0,0,115,351,5,..,124,351
10603112532,core,79,251,0,5,0,0,0,5,0,0,0,0,0,0,0,0,0,0,0,0,0,0,0,0,0,0,0,0,0,0,0,0,82,256,0,..,83,256
10603112533,core,0,0,0,0,0,0,0,0,0,0,0,0,0,0,0,0,0,0,0,0,0,0,0,0,0,0,0,0,0,0,0,0,0,0,0,..,0,0
10603112534,core,81,217,0,0,0,0,0,0,0,0,0,0,0,0,0,0,0,0,0,0,0,0,0,0,0,0,0,0,0,0,0,0,85,222,8,..,86,222
10603112535,core,105,286,0,0,0,0,0,0,0,0,0,0,0,0,0,0,0,0,0,0,0,0,0,0,0,0,0,0,0,0,0,0,105,286,7,..,112,286
10603112536,core,69,248,3,3,0,0,3,3,0,0,0,0,0,0,0,0,0,0,0,0,0,0,0,0,0,0,0,0,0,0,0,0,76,252,3,..,81,252
10603112537,core,127,389,0,0,0,0,0,0,0,0,0,0,0,0,0,0,3,3,3,3,0,0,0,0,0,0,0,0,0,0,0,0,133,394,3,..,136,394
10603112538,core,180,599,12,11,0,0,12,11,0,0,0,0,0,0,0,0,0,0,0,0,0,0,0,0,0,0,0,0,0,0,0,0,186,614,9,..,191,614
10603112539,core,133,322,0,0,0,0,0,0,0,0,0,0,0,0,0,0,0,0,0,0,0,0,0,0,0,0,0,0,0,0,0,0,133,322,26,..,161,322
10603112540,core,98,251,0,0,0,0,0,0,0,0,0,0,0,0,0,0,0,0,0,0,0,0,14,21,0,0,0,0,14,21,0,0,110,279,29,..,141,279
10603112541,core,265,841,0,0,0,0,0,0,0,0,0,0,0,0,0,0,0,0,0,0,0,0,0,0,0,0,0,0,0,0,0,0,265,841,14,..,283,841
10603112542,core,59,165,0,0,0,0,0,0,0,0,0,0,0,0,0,0,0,0,0,0,0,0,4,6,0,0,0,0,3,9,0,0,62,171,9,..,76,171
10604112601,external,26,71,0,0,0,0,0,0,0,0,0,0,0,0,0,0,0,0,0,0,0,0,0,0,0,0,0,0,0,0,0,0,26,71,3,..,30,71
10604112602,external,61,172,0,0,0,0,0,0,0,0,0,0,0,0,0,0,0,0,0,0,0,0,0,0,0,0,0,0,0,0,0,0,61,172,5,..,68,172
10604112603,external,101,242,36,47,12,21,56,63,0,0,0,0,0,0,0,0,0,0,0,0,0,0,0,0,0,0,0,0,0,0,0,0,161,305,32,..,194,305
10604112604,external,138,329,6,14,5,13,15,23,0,0,0,0,0,0,0,0,0,0,0,0,0,0,0,0,0,0,0,0,0,0,0,0,158,354,25,..,182,354
10604112605,external,114,307,0,7,0,0,0,7,0,0,0,0,0,0,0,0,0,0,0,0,0,0,0,0,0,0,0,0,0,0,0,0,119,311,6,..,122,311
10604112606,external,77,179,19,25,5,6,24,33,0,0,0,0,0,0,0,0,0,0,0,0,0,0,0,0,0,0,0,0,0,0,0,0,99,209,18,..,118,209
10604112607,external,92,226,17,22,7,5,24,30,0,0,0,0,0,0,0,0,0,0,0,0,0,0,0,0,0,0,0,0,0,0,0,0,121,253,17,..,138,253
10604112608,external,54,129,21,33,5,5,24,43,0,4,0,0,0,0,0,0,0,0,0,4,0,0,0,0,0,0,0,0,0,0,0,3,84,179,7,..,94,179
10604112609,external,148,390,0,0,0,0,0,0,0,0,0,0,0,0,0,0,0,0,0,0,0,0,0,0,0,0,0,0,0,0,0,0,148,390,9,..,160,390
10604112610,external,147,409,10,17,0,0,10,17,0,0,0,0,0,0,0,0,0,0,0,0,0,0,0,0,0,0,0,0,0,0,0,0,155,429,13,..,170,429
10604112611,external,65,148,12,12,0,0,12,12,0,0,0,0,0,0,0,0,0,0,0,0,0,0,0,0,0,0,0,0,0,0,0,0,69,160,9,..,78,160
10604112612,external,84,229,19,28,19,30,36,60,0,0,0,0,0,0,0,0,0,0,0,0,0,0,0,0,0,0,0,0,0,0,0,0,119,288,14,..,131,288
10604112613,external,146,375,5,10,15,20,20,31,0,0,0,0,0,0,0,0,0,0,0,0,0,0,0,0,0,0,0,0,0,0,0,0,169,408,15,..,180,408
10604112614,external,142,320,21,26,25,44,46,67,0,0,0,0,0,0,0,0,0,0,0,0,0,0,0,0,0,0,0,4,0,4,0,0,182,394,37,..,223,394
10604112615,external,27,68,4,5,0,0,4,5,0,0,0,0,0,0,0,0,0,0,0,0,0,0,0,0,0,0,0,0,0,0,0,0,38,81,4,..,38,81
10604112617,external,162,408,3,12,0,0,3,12,0,0,0,0,0,0,0,0,0,0,0,0,0,0,0,0,0,0,0,0,0,0,0,0,170,420,25,..,195,420
10604112618,external,110,303,0,3,10,16,5,23,0,0,0,0,0,0,0,0,0,0,0,0,0,0,0,0,0,0,0,0,0,0,0,0,120,319,3,..,122,319
10604112619,external,58,155,0,0,0,0,0,0,0,0,0,0,0,0,0,0,0,0,0,0,0,0,0,0,0,0,0,0,0,0,0,0,58,155,7,..,67,155
10604112620,external,131,350,0,0,0,0,0,0,0,0,0,0,0,0,0,0,0,0,0,0,0,0,0,0,0,0,0,0,0,0,0,0,131,350,16,..,141,350
10604112621,external,127,357,7,14,0,0,7,14,0,0,0,0,0,0,0,0,0,0,0,0,0,0,0,0,0,0,0,0,0,0,0,0,137,368,16,..,156,368
10604112622,external,133,345,25,31,6,6,30,35,0,3,3,12,0,0,0,0,0,0,6,14,0,0,0,0,0,0,0,0,0,0,0,0,170,399,20,..,190,399
10604112623,external,161,364,19,32,0,0,19,32,0,0,0,0,0,0,0,0,0,0,0,0,4,3,0,0,0,0,0,0,4,3,0,0,182,398,22,..,198,398
10604112624,external,109,255,3,0,0,0,3,0,7,11,0,0,0,0,0,0,0,0,7,11,6,6,0,0,0,0,0,0,6,6,4,9,130,280,23,..,148,280
10604112625,external,107,252,14,19,12,15,26,31,4,8,9,19,0,0,0,0,0,0,12,21,0,5,0,0,0,0,0,0,0,5,0,0,148,316,29,..,178,316
10604112626,external,75,219,3,0,0,0,3,0,0,0,0,0,0,0,0,0,0,0,0,0,0,0,0,0,0,0,0,0,0,0,0,0,80,221,6,..,86,221
10604112627,external,118,365,3,7,0,0,3,7,0,0,0,0,0,0,0,0,0,0,0,0,0,0,0,0,0,0,0,0,0,0,0,0,123,376,17,..,135,376
10604112628,external,77,188,0,0,0,0,0,0,0,0,0,0,0,0,0,0,0,0,0,0,0,0,0,0,0,0,0,0,0,0,0,0,78,190,11,..,91,190
10604112629,external,106,255,19,26,0,0,19,26,0,0,0,0,0,0,0,0,0,0,0,0,0,0,0,0,0,0,0,0,0,0,0,0,124,279,12,..,137,279
10604112630,external,232,696,12,33,0,0,12,36,0,0,0,0,0,0,0,0,0,0,0,0,0,0,0,0,0,0,0,0,0,0,0,0,250,727,31,..,277,727
10604112632,external,58,118,0,0,6,13,6,13,0,0,0,0,0,0,0,0,0,0,0,0,0,0,0,0,0,0,0,0,0,0,0,0,66,135,7,..,78,135
10604112633,external,91,215,6,8,0,0,6,8,0,0,0,0,0,0,0,0,0,0,0,0,0,0,0,0,0,0,0,0,0,0,0,0,97,230,9,..,109,230
10604112634,external,89,210,0,0,0,0,0,0,0,0,0,0,0,0,0,0,0,0,0,0,0,0,0,0,0,0,0,0,0,0,0,0,89,210,19,..,106,210
10604112635,external,3,7,0,0,0,0,0,0,0,0,0,0,0,0,0,0,0,0,0,0,0,0,0,0,0,0,0,0,0,0,0,0,3,7,0,..,3,7
10604112636,external,123,287,10,15,3,0,16,22,0,0,0,0,0,0,0,0,0,0,0,0,0,0,0,0,0,0,0,0,0,0,0,0,141,307,36,..,173,307
10604112637,external,260,759,14,38,9,19,29,52,0,0,0,0,0,0,0,0,0,0,0,0,9,13,0,8,0,0,0,0,11,19,3,7,305,837,72,..,382,837
10604112638,external,115,333,34,76,0,0,34,76,0,0,0,0,0,0,0,0,0,0,0,0,0,0,0,0,0,0,0,0,0,0,0,0,154,408,17,..,171,408
10604112639,external,85,296,0,0,0,0,0,0,0,0,0,0,0,0,0,0,0,0,0,0,0,0,0,0,0,0,0,0,0,0,0,0,85,296,3,..,88,296
10604112701,external,122,300,44,80,0,0,44,80,3,3,0,0,0,0,0,0,0,0,3,3,0,3,0,0,0,0,0,7,3,8,6,3,178,394,33,..,216,394
10604112702,external,59,142,0,0,0,0,0,0,0,0,0,0,0,0,0,0,0,0,0,0,0,0,0,0,0,0,0,0,0,0,0,0,57,145,11,..,67,145
10604112704,external,0,0,0,0,0,0,0,0,0,0,0,0,0,0,0,0,0,0,0,0,0,0,0,0,0,0,0,0,0,0,0,0,0,0,0,..,0,0
10604112705,external,85,208,0,0,0,0,0,0,0,0,0,0,0,0,0,0,0,6,0,6,0,0,0,5,0,0,0,0,0,5,0,0,84,212,7,..,94,212
10604112706,external,166,432,0,4,0,0,0,4,0,0,0,0,0,0,0,0,0,0,0,0,0,0,0,0,0,0,0,0,0,0,4,7,176,441,19,..,193,441
10604112707,external,77,185,0,3,0,0,0,3,0,0,0,0,0,0,0,0,0,0,0,0,0,0,0,0,0,0,0,0,0,0,0,0,85,186,9,..,88,186
10604112708,external,98,272,0,0,0,0,0,0,0,0,0,0,0,0,0,0,0,0,0,0,0,0,0,0,0,0,0,0,0,0,0,0,98,272,27,..,126,272
10604112709,external,117,286,0,0,0,0,0,0,0,0,0,0,0,0,0,0,0,0,0,0,3,9,0,0,0,0,0,3,9,11,0,0,120,302,20,..,146,302
10604112710,external,198,604,0,0,0,0,0,0,0,0,0,0,0,0,0,0,0,0,0,0,0,0,0,0,0,0,0,0,0,0,0,13,205,616,18,..,220,616
10604112711,external,103,238,11,18,0,0,11,18,0,0,0,0,0,0,0,0,0,0,0,0,0,0,0,0,0,0,0,0,0,0,0,0,113,258,19,..,131,258
10604112712,external,159,395,9,12,0,0,9,12,19,25,0,0,0,0,0,0,0,0,19,25,0,0,0,0,0,0,0,0,0,0,0,0,192,439,19,..,213,439
10604112713,external,95,248,0,0,0,0,0,0,0,0,0,0,0,0,0,0,0,0,0,0,0,0,0,0,0,0,0,4,0,4,0,5,96,253,10,..,106,253
10604112714,external,52,157,0,0,0,0,0,0,0,0,0,0,0,0,0,0,0,0,0,0,0,0,0,0,0,0,0,0,0,0,0,0,52,157,0,..,53,157
10604112801,external,145,340,14,25,5,6,24,34,10,10,0,0,0,0,0,0,0,0,10,10,0,0,0,0,0,0,0,0,0,0,0,0,173,385,16,..,190,385
10604112802,external,181,427,8,5,3,9,11,13,10,12,0,0,0,0,0,0,0,0,10,12,0,0,0,0,0,0,0,0,0,0,0,0,201,450,17,..,220,450
10604112803,external,118,283,35,55,13,25,44,79,3,0,0,0,0,0,0,0,0,0,3,0,0,0,0,0,0,0,0,3,0,3,0,0,169,366,14,..,188,366
10604112804,external,198,455,58,99,0,0,58,99,0,0,0,0,0,0,0,0,0,0,0,0,0,0,0,0,0,0,0,0,0,0,0,0,251,556,45,..,295,556
10604112805,external,117,330,0,0,0,0,0,0,0,0,0,0,0,0,0,0,0,0,0,0,0,0,0,0,0,0,0,0,0,0,0,0,117,330,12,..,123,330
10604112806,external,198,577,0,0,0,0,0,0,0,0,0,0,0,0,0,0,0,0,0,0,0,0,0,0,0,0,0,0,0,0,0,0,203,578,10,..,211,578
10604112807,external,84,217,0,0,0,0,0,0,0,0,0,0,0,0,0,0,0,0,0,0,0,0,0,0,0,0,0,0,0,0,0,0,84,217,9,..,90,217
10604112808,external,135,350,7,12,0,0,7,12,0,0,0,0,0,0,0,0,0,0,0,0,0,0,0,0,0,0,0,0,0,0,0,0,140,359,7,..,147,359
10604112809,external,187,491,16,31,0,0,16,31,7,9,0,0,0,0,0,0,0,0,7,9,0,0,0,0,0,0,0,0,0,0,0,0,214,532,18,..,232,532
10604112810,external,222,627,0,0,0,0,0,0,0,0,0,0,0,0,0,0,0,0,0,0,0,0,0,0,0,0,0,0,0,0,0,0,222,627,9,..,236,627
10604112811,external,140,333,65,132,0,0,65,132,3,11,0,0,0,0,0,0,0,0,3,11,0,5,0,0,0,0,0,0,0,5,0,10,213,487,25,..,240,487
10604112812,external,149,376,27,37,0,0,27,37,0,0,0,0,0,0,0,0,0,0,0,0,0,0,0,0,0,0,0,5,0,5,0,0,177,415,19,..,198,415
10604112813,external,118,270,54,91,0,0,54,91,0,0,0,0,0,0,0,0,0,0,0,0,9,15,0,0,0,0,0,0,9,15,0,0,179,378,19,..,195,378
10604112901,external,122,296,13,23,0,0,13,23,0,0,0,0,0,0,0,0,0,0,0,0,0,0,39,49,0,0,0,0,39,49,0,0,178,366,28,..,198,366
10604112902,external,193,470,3,12,0,0,3,12,0,0,0,0,0,0,0,0,0,0,0,0,0,0,0,0,0,0,0,0,0,0,0,0,199,484,11,..,211,484
10604112903,external,206,525,10,20,0,0,10,20,0,14,0,0,0,0,0,0,0,0,0,14,0,0,0,0,0,0,0,0,0,0,0,0,215,554,13,..,229,554
10604112904,external,157,357,10,16,0,0,10,16,0,0,0,0,0,0,0,0,0,0,0,0,0,0,0,0,0,0,0,0,0,0,0,0,168,369,14,..,183,369
10604112905,external,90,228,0,0,0,0,0,0,0,0,0,0,0,0,0,0,0,0,0,0,0,0,0,0,0,0,0,0,0,0,0,0,90,228,7,..,95,228
10604112906,external,86,224,7,4,0,0,7,4,0,0,0,0,0,0,0,0,0,0,0,0,0,0,0,0,0,0,0,0,0,0,0,0,94,229,14,..,109,229
10604112907,external,107,237,0,0,0,0,0,0,0,0,0,0,0,0,0,0,0,0,0,0,0,0,0,0,0,0,0,0,0,0,0,0,107,237,22,..,131,237
10604112908,external,143,319,0,0,0,0,0,0,0,0,0,0,0,0,0,0,0,0,0,0,0,0,0,0,0,0,0,0,0,0,0,5,145,322,34,..,178,322
10604112909,external,93,235,0,0,0,0,0,0,0,0,0,0,0,0,0,0,0,0,0,0,0,0,0,0,0,0,0,0,0,0,0,0,93,235,14,..,107,235
10604112910,external,133,354,0,0,0,0,0,0,0,0,0,0,0,0,0,0,0,0,0,0,0,0,0,0,0,0,0,0,0,0,0,5,129,352,14,..,150,352
10604112911,external,66,159,0,0,0,0,0,0,0,0,0,0,0,0,0,0,0,0,0,0,0,0,0,0,0,0,0,0,0,0,0,0,66,154,10,..,79,154
10604112912,external,103,259,0,0,0,0,0,0,0,0,0,0,0,0,0,0,0,0,0,0,0,0,0,0,0,0,0,0,0,0,0,0,107,263,92,..,201,263
10604112913,external,146,338,0,0,0,0,0,0,0,0,0,0,0,0,0,0,0,0,0,0,0,0,0,0,0,0,0,0,0,0,0,0,145,346,42,..,183,346
10604112914,external,98,242,0,6,0,0,0,6,4,3,0,0,0,0,0,0,0,0,4,3,0,0,0,0,0,0,0,0,0,0,0,0,106,257,7,..,114,257
10604112915,external,102,216,7,16,0,0,7,16,0,0,0,0,0,0,0,0,0,0,0,0,0,0,0,0,0,0,0,3,0,3,0,0,110,234,27,..,136,234
10604112916,external,168,397,11,9,0,0,11,9,0,0,0,0,0,0,0,0,0,0,0,0,0,0,0,0,0,0,0,0,0,0,0,0,177,409,34,..,214,409
10604112917,external,99,274,0,3,0,0,0,3,0,0,0,0,0,0,0,0,0,0,0,0,0,0,0,0,0,0,0,0,0,0,0,0,99,279,61,..,162,279
10604112918,external,95,239,0,0,0,0,0,0,0,0,0,0,0,0,0,0,0,0,0,0,0,0,0,0,0,0,0,0,0,0,5,6,94,244,23,..,118,244
10604112919,external,60,149,0,3,0,0,0,3,0,0,0,0,0,0,0,0,0,0,0,0,0,0,0,0,0,0,0,0,0,3,0,0,65,153,24,..,92,153
10604112920,external,146,381,0,0,0,0,0,0,0,0,0,0,0,0,0,0,0,0,0,0,0,3,0,0,0,0,0,0,0,3,0,0,149,388,20,..,170,388
10604112921,external,161,332,0,0,0,0,0,0,0,3,0,0,0,0,0,0,0,0,0,3,0,7,0,0,0,0,0,0,3,9,0,0,167,347,28,..,200,347
10604112922,external,193,383,10,11,0,0,10,11,0,0,0,0,0,0,0,0,0,0,0,0,0,0,0,0,0,0,0,5,4,7,0,0,206,398,48,..,250,398
10604112923,external,233,615,0,0,0,0,0,0,0,0,0,0,0,0,0,0,0,0,0,0,0,0,0,0,0,0,0,0,0,0,4,8,238,628,47,..,285,628
11101120601,core,35,86,68,118,0,0,68,118,0,0,0,0,0,0,0,0,0,0,0,0,0,0,0,0,0,0,0,0,0,0,0,0,109,208,4,..,112,208
11101120602,core,97,293,0,0,0,0,0,0,0,0,0,0,0,0,0,0,0,0,0,0,0,0,0,0,0,0,0,0,0,0,0,0,97,293,4,..,109,293
11101120603,core,80,226,10,17,0,0,10,17,0,0,0,0,0,0,0,0,0,0,0,0,0,0,0,0,0,0,0,0,0,0,0,0,89,247,3,..,95,247
11101120604,core,109,314,3,7,0,4,6,12,5,9,0,0,0,0,0,0,0,0,5,9,0,0,0,0,0,0,0,0,0,0,0,0,121,333,0,..,124,333
11101120605,core,124,322,13,29,30,69,43,96,0,0,0,0,0,0,0,0,4,11,4,11,0,0,0,0,0,0,0,0,0,0,0,0,165,427,6,..,174,427
11101120606,core,141,311,21,25,8,9,32,36,8,3,0,0,80,136,23,30,0,0,106,171,0,0,0,0,0,0,3,6,3,6,0,0,273,525,26,..,301,525
11101120607,core,0,0,0,0,0,0,0,0,0,0,0,0,0,0,0,0,0,0,0,0,0,0,0,0,0,0,0,0,0,0,0,0,0,0,0,..,0,0
11101120608,core,109,257,10,19,0,0,10,19,10,21,0,0,0,0,0,0,0,0,10,21,0,0,0,0,0,0,0,0,0,0,0,0,134,306,8,..,135,306
11101120609,core,163,390,5,14,0,0,5,14,10,19,0,0,0,0,0,0,0,4,16,21,0,0,0,0,0,0,0,0,0,0,0,0,179,421,6,..,187,421
11101120610,core,266,738,8,15,0,0,8,15,0,0,0,0,0,0,0,0,0,0,0,0,0,0,0,0,0,0,0,0,0,0,0,0,275,760,13,..,289,760
11101120611,core,147,392,10,12,0,0,10,12,0,0,0,0,0,0,0,0,0,0,0,0,0,0,0,0,0,0,0,0,0,0,0,0,158,407,3,..,159,407
11101120612,core,185,521,5,8,0,0,5,8,0,0,0,0,0,0,0,0,0,0,0,0,0,0,0,0,0,0,0,0,0,0,0,0,187,522,4,..,194,522
11101120613,core,113,312,3,7,9,10,12,17,6,8,0,0,0,0,0,0,0,0,6,8,0,0,0,0,0,0,0,0,0,0,0,0,130,345,10,..,140,345
11101120614,core,99,260,4,12,5,8,6,15,0,0,0,0,0,0,0,0,0,0,0,0,0,0,0,0,0,0,0,0,0,0,0,0,110,272,10,..,119,272
11101120615,core,199,534,3,8,0,0,3,8,0,0,0,0,0,0,0,0,0,0,0,0,0,0,0,0,0,0,0,0,0,0,0,0,207,543,6,..,216,543
11101120616,core,129,364,0,0,0,0,0,0,0,0,0,0,0,0,0,0,0,0,0,0,0,0,0,0,0,0,0,0,0,0,0,0,129,364,3,..,138,364
11101120617,core,94,248,0,8,0,0,0,8,0,0,0,0,0,0,0,0,0,0,0,0,0,0,0,0,0,0,0,0,0,0,0,0,100,257,7,..,103,257
11101120618,core,145,397,0,6,0,0,0,6,0,0,0,0,0,0,0,0,0,0,0,0,0,0,0,0,0,0,0,0,0,0,0,0,138,407,4,..,143,407
11101120619,core,176,466,3,13,0,0,3,13,8,12,0,0,0,0,0,0,0,0,8,12,0,0,0,0,0,0,0,0,0,0,0,0,189,488,4,..,197,488
11101120620,core,163,442,3,4,0,0,3,4,0,0,0,0,0,0,0,0,0,0,0,0,0,0,0,0,0,0,0,0,0,0,0,0,168,444,7,..,171,444
11101120621,core,149,443,0,0,4,8,4,8,0,0,0,0,0,0,0,0,0,0,0,0,0,0,0,0,0,0,0,0,0,0,0,0,154,452,5,..,154,452
11101120622,core,124,348,20,35,0,9,24,44,0,0,0,0,0,0,0,0,0,0,0,0,0,0,0,0,0,0,0,0,0,0,0,0,146,390,9,..,157,390
11101120623,core,202,501,19,20,7,14,28,37,8,8,0,0,0,0,0,0,6,3,5,8,0,0,0,0,0,0,0,0,0,0,0,0,241,542,17,..,259,542
11101120624,core,138,393,0,0,0,0,0,0,0,0,0,0,0,0,0,0,0,0,0,0,0,0,0,0,0,0,0,0,0,0,0,0,138,393,4,..,138,393
11101120625,core,121,425,17,29,0,8,22,37,4,7,0,0,0,0,0,0,0,0,4,7,0,0,0,0,0,0,0,5,0,5,0,0,141,468,5,..,148,468
11101120626,core,198,533,5,5,0,0,6,5,0,0,0,0,0,0,0,0,0,3,0,3,0,0,0,0,0,0,0,0,0,0,0,0,200,544,3,..,209,544
11101120627,core,165,477,37,55,5,12,41,68,3,4,0,0,0,0,0,0,0,0,3,4,0,0,0,0,0,0,0,0,0,0,0,0,210,545,9,..,222,545
11101120628,core,157,454,0,3,0,0,0,3,4,8,0,0,0,0,0,0,0,4,6,9,0,0,0,0,0,0,0,0,0,0,0,0,165,459,8,..,171,459
11101120629,core,199,341,15,26,0,4,16,28,24,30,0,0,0,0,0,0,0,0,24,30,0,0,0,0,0,0,0,0,0,0,0,0,235,401,12,..,247,401
11101120630,core,73,191,8,11,0,5,11,12,33,60,31,50,0,0,0,0,0,0,66,110,0,0,0,0,0,0,7,25,7,25,0,3,158,338,23,..,184,338
11101120631,core,82,204,29,44,3,3,30,48,41,91,3,10,16,26,0,0,0,0,72,131,0,0,0,0,0,0,0,0,0,0,0,3,179,375,15,..,192,375
11101120632,core,124,303,3,12,0,0,3,12,0,0,0,0,0,0,0,0,0,0,0,0,0,0,0,0,0,0,3,8,3,8,0,0,130,318,6,..,135,318
11101120633,core,125,321,71,110,10,13,76,123,29,28,11,21,93,140,0,0,0,0,137,184,0,0,0,0,0,0,8,17,8,17,0,0,342,645,25,..,367,645
11101120634,core,161,411,7,12,39,75,46,87,11,15,0,0,0,0,0,0,0,0,9,21,0,0,0,0,0,0,3,4,3,4,0,0,216,518,8,..,222,518
11101120635,core,49,164,65,86,0,0,65,86,0,0,0,0,0,0,0,0,0,0,0,0,0,0,0,0,0,0,0,0,0,0,0,0,118,247,12,..,130,247
11101120636,core,105,278,6,10,6,9,16,19,0,0,21,30,0,0,0,0,4,11,23,40,0,0,0,0,0,0,0,0,0,0,0,0,146,336,6,..,157,336
11101120637,core,141,370,10,19,6,10,20,37,0,0,0,0,0,0,0,0,4,8,4,8,0,0,0,0,0,0,0,0,0,0,0,0,161,406,15,..,175,406
11101120638,core,183,471,13,30,23,37,41,63,0,0,0,0,0,0,0,0,0,0,0,0,0,0,0,0,0,0,0,0,0,0,0,0,222,532,7,..,234,532
11101120639,core,105,241,15,26,17,32,28,56,0,0,0,0,0,0,0,0,0,3,0,3,0,0,50,62,0,0,0,0,50,62,8,11,197,381,15,..,212,381
11101120640,core,172,464,0,0,7,7,7,7,0,5,0,0,0,0,0,0,0,0,0,5,0,0,0,0,0,0,0,0,0,0,0,0,184,475,18,..,197,475
11101120641,core,134,396,0,0,0,0,0,0,0,0,0,0,0,0,0,0,0,0,0,0,0,0,0,0,0,0,0,0,0,0,0,0,134,396,5,..,138,396
11101120642,core,96,230,39,48,11,33,52,79,0,0,0,0,0,0,0,0,0,0,0,0,0,0,0,0,0,0,0,0,0,0,0,0,147,310,6,..,153,310
11101120701,core,147,377,9,15,0,7,11,25,4,11,0,0,0,0,0,0,4,3,7,15,9,12,0,0,0,0,0,9,15,23,3,3,178,443,36,..,208,443
11101120702,core,163,436,15,30,0,0,15,30,0,3,0,0,0,0,0,0,0,0,0,3,0,0,0,0,0,0,0,0,0,0,0,0,175,472,10,..,187,472
11101120703,core,142,371,7,15,0,0,7,15,0,0,0,0,0,0,0,0,0,0,0,0,0,0,0,0,0,0,0,0,0,0,0,0,154,386,23,..,173,386
11101120704,core,87,208,0,4,0,0,0,4,3,0,0,0,0,0,0,0,0,0,3,0,0,0,0,0,0,0,0,0,0,0,0,0,90,216,4,..,97,216
11101120705,core,128,320,15,21,10,13,23,40,21,22,0,0,0,0,0,0,0,0,21,22,0,0,0,0,0,0,0,0,5,0,0,0,168,388,29,..,196,388
11101120706,core,103,273,17,29,3,11,23,38,20,26,0,0,0,0,0,0,0,0,20,26,0,0,0,0,0,0,0,0,0,0,0,0,142,337,10,..,156,337
11101120707,core,56,137,33,53,7,18,39,73,120,180,0,0,0,0,0,0,0,0,120,180,0,0,0,0,0,0,0,0,0,0,0,0,224,389,16,..,232,389
11101120708,core,152,355,8,17,3,12,15,27,5,4,0,0,0,0,0,0,0,0,5,4,12,24,0,0,0,0,0,0,12,24,0,8,189,415,15,..,202,415
11101120709,core,157,380,12,12,14,33,22,48,11,14,0,0,0,0,0,0,0,0,11,14,0,0,0,0,0,0,0,0,0,0,0,0,185,444,11,..,199,444
11101120710,core,0,0,0,0,0,0,0,0,0,0,0,0,0,0,0,0,0,0,0,0,0,0,0,0,0,0,0,0,0,0,0,0,0,0,0,..,0,0
11101120711,core,122,307,9,19,0,3,12,24,0,0,0,0,0,0,0,0,0,0,0,0,0,0,0,0,0,0,0,0,0,0,0,0,137,330,9,..,144,330
11101120712,core,225,433,15,29,3,9,21,36,13,12,0,0,0,0,0,0,0,0,13,12,0,0,0,0,0,0,4,7,4,7,3,5,262,490,18,..,282,490
11101120713,core,116,279,0,0,0,0,0,0,0,0,0,0,0,0,0,0,0,0,0,0,0,0,0,0,0,0,0,0,0,0,0,0,119,282,18,..,138,282
11101120714,core,0,0,0,0,0,0,0,0,0,0,0,0,0,0,0,0,0,0,0,0,0,0,0,0,0,0,0,0,0,0,0,0,0,0,0,..,0,0
11101120715,core,138,363,14,25,5,8,18,31,81,125,0,0,0,0,0,0,0,0,81,125,0,0,0,0,0,0,0,0,0,0,0,0,242,522,30,..,268,522
11101120716,core,85,222,9,16,7,8,22,24,7,4,0,0,0,0,0,0,0,0,7,4,0,0,0,0,0,0,0,0,0,0,0,0,114,255,8,..,124,255
11101120801,core,159,386,0,5,0,0,3,10,5,4,0,0,0,0,0,0,0,0,5,4,0,0,0,0,0,0,0,5,0,5,0,0,165,399,7,..,180,399
11101120802,core,63,168,60,103,17,33,77,140,0,0,0,0,0,0,0,0,0,0,0,0,0,0,0,0,0,0,0,0,0,0,0,0,139,306,8,..,150,306
11101120803,core,104,267,0,0,4,4,4,4,0,0,15,22,0,0,0,0,0,0,15,22,0,0,0,0,0,0,0,0,0,0,0,0,120,293,3,..,126,293
11101120804,core,90,253,3,8,0,0,3,8,0,0,0,0,0,0,0,0,0,5,0,5,0,0,0,0,0,0,0,0,0,0,0,0,95,262,0,..,100,262
11101120806,core,93,238,14,16,17,34,31,52,0,0,0,0,0,0,0,0,0,0,0,0,0,0,0,0,0,0,0,0,0,0,0,0,123,291,6,..,132,291
11101120807,core,151,423,4,6,4,5,3,8,0,0,0,0,0,0,0,0,0,0,0,0,0,0,0,0,0,0,0,0,0,0,0,0,156,430,3,..,159,430
11101120808,core,131,396,0,0,0,6,0,6,0,0,0,0,0,0,0,0,0,0,0,0,0,0,0,0,0,0,0,0,0,0,0,0,134,397,4,..,133,397
11101120809,core,114,357,0,0,0,0,0,0,0,0,0,0,0,0,0,0,0,0,0,0,0,0,0,0,0,0,0,0,0,0,0,0,114,357,10,..,121,357
11101120810,core,135,346,0,0,3,13,3,13,0,0,0,0,0,0,0,0,0,3,0,3,0,0,0,0,0,0,0,0,0,0,0,0,140,357,4,..,149,357
11101120811,core,139,380,0,0,5,3,4,5,0,0,0,0,0,0,0,0,0,0,0,0,0,0,0,0,0,0,0,0,0,0,0,0,140,383,9,..,150,383
11101120812,core,122,329,0,0,0,7,0,7,0,4,0,0,0,0,0,0,0,0,0,4,0,0,0,0,0,0,0,0,0,0,0,0,123,333,9,..,133,333
11101120813,core,101,232,17,38,14,13,32,47,11,17,0,0,0,0,0,0,0,0,11,17,0,0,0,0,0,0,0,0,0,0,0,0,138,292,6,..,149,292
11101120814,core,117,325,34,69,13,28,47,95,0,0,0,0,0,0,0,0,0,0,0,0,0,0,0,0,0,0,0,0,0,0,0,0,169,418,10,..,179,418
11101120815,core,148,361,31,45,32,64,61,112,0,0,0,0,0,0,0,0,0,0,0,0,0,0,0,0,0,0,0,0,0,0,0,0,207,479,8,..,215,479
11101120816,core,125,340,6,3,0,0,6,3,0,0,0,0,0,0,0,0,0,0,0,0,0,0,0,0,0,0,0,0,0,0,0,0,130,343,4,..,131,343
11101120817,core,166,469,0,0,0,4,0,4,28,50,0,0,0,0,0,0,0,0,28,50,0,0,0,0,0,0,0,0,0,0,0,0,198,524,12,..,209,524
11101120818,core,119,287,61,88,22,36,79,125,0,0,0,0,0,0,0,0,0,0,0,0,0,0,0,0,0,0,0,0,0,0,0,0,198,406,7,..,210,406
11101120819,core,120,345,0,6,7,9,6,18,4,4,0,0,0,0,51,101,0,0,55,105,0,0,0,0,0,0,0,0,0,0,0,0,183,458,12,..,195,458
11101120820,core,80,187,0,7,63,112,68,120,17,27,11,15,0,0,0,0,0,0,25,35,0,0,0,0,0,0,0,0,0,0,0,0,174,337,11,..,184,337
11101120821,core,131,364,26,39,15,25,42,67,0,0,0,0,0,0,0,0,0,0,0,0,0,0,0,0,0,0,0,0,0,0,0,0,175,434,8,..,187,434
11101120822,core,153,416,10,13,13,25,19,36,0,0,0,0,0,0,0,0,0,0,0,0,0,0,0,0,0,0,0,0,0,0,0,0,173,453,6,..,182,453
11101120823,core,0,0,0,0,0,0,0,0,0,0,0,0,0,0,0,0,0,0,0,0,0,0,0,0,0,0,0,0,0,0,0,0,0,0,0,..,0,0
11101120824,core,60,157,0,0,14,33,14,33,0,0,0,0,0,0,0,0,0,0,0,0,0,0,0,0,0,0,0,0,0,0,0,0,78,197,7,..,87,197
11101120825,core,123,331,11,20,0,0,11,20,0,0,0,0,0,0,0,0,0,0,0,0,0,0,0,0,0,0,0,0,0,0,0,0,136,348,17,..,148,348
11101120826,core,183,542,9,16,25,59,34,71,0,0,0,0,0,0,0,0,0,0,0,0,0,0,0,0,0,0,0,0,0,0,0,0,215,614,11,..,225,614
11101120827,core,193,527,0,0,0,0,0,0,0,0,0,0,0,0,0,0,0,0,0,0,0,0,0,0,0,0,0,0,0,0,0,0,192,527,12,..,205,527
11101120828,core,152,421,6,11,4,6,8,20,0,0,0,0,0,0,0,0,0,0,0,0,0,0,0,0,0,0,0,0,0,0,0,0,162,444,6,..,168,444
11101120829,core,101,295,0,0,0,0,0,0,0,3,0,0,0,0,0,0,4,8,6,13,0,0,0,0,0,0,0,0,0,0,0,0,107,305,4,..,115,305
11101120830,core,104,282,0,0,5,14,7,12,7,5,0,0,0,0,0,0,0,0,7,5,0,0,0,0,0,0,0,9,0,9,0,0,113,305,7,..,120,305
11101120831,core,121,324,6,11,9,21,13,28,0,0,0,0,0,0,0,0,0,0,0,0,0,0,0,0,0,0,0,0,0,0,0,0,130,355,0,..,135,355
11101120832,core,85,248,0,0,0,0,0,0,0,0,0,0,0,0,0,0,0,0,0,0,0,0,0,0,0,0,0,0,0,0,0,0,85,248,0,..,85,248
11101120833,core,99,282,0,5,0,0,0,5,0,0,0,0,0,0,0,0,0,0,0,0,0,0,0,0,0,0,0,0,0,0,0,0,100,284,3,..,105,284
11101120834,core,98,283,7,8,0,9,8,18,0,0,0,0,0,0,0,0,0,0,0,0,0,0,0,0,0,0,0,0,0,0,0,0,110,306,0,..,118,306
11101120835,core,154,374,4,4,11,15,13,20,0,0,0,0,0,0,0,0,0,0,0,0,0,0,0,0,0,0,0,0,0,0,0,0,165,392,7,..,170,392
11101120836,core,176,496,0,0,0,0,0,0,6,10,0,0,0,0,0,0,0,0,6,10,0,0,0,0,0,0,0,0,0,0,0,0,183,504,7,..,191,504
11101120837,core,145,401,0,0,0,0,0,0,14,11,0,0,0,0,0,0,0,0,14,11,0,0,0,0,0,0,0,0,0,0,0,0,153,410,7,..,157,410
11101120838,core,106,260,0,0,6,19,6,19,0,0,0,0,0,0,0,0,0,0,0,0,0,0,0,0,0,0,0,0,0,0,0,0,112,279,0,..,115,279
11101120839,core,119,279,33,52,13,24,46,76,0,0,0,0,0,0,0,0,0,3,0,3,0,0,0,0,0,0,0,0,0,0,0,0,160,355,8,..,170,355
11101120840,core,124,350,30,56,4,7,34,59,7,6,0,0,0,0,0,0,0,0,7,6,0,0,0,0,0,0,0,0,0,0,0,0,166,415,12,..,175,415
11101120841,core,167,449,0,0,0,0,0,0,0,0,0,0,0,0,0,0,0,0,0,0,0,0,0,0,0,0,0,0,0,0,0,0,167,447,12,..,180,447
11101120842,core,115,296,5,6,0,0,5,6,0,0,0,0,0,0,0,0,0,0,0,0,0,0,0,0,0,0,0,0,0,0,0,3,124,314,8,..,132,314
11101120844,core,20,44,4,7,75,113,79,123,10,16,6,0,0,0,20,30,0,0,31,45,0,0,0,0,0,0,0,0,0,0,0,0,127,221,16,..,146,221
11101120845,core,106,276,24,44,0,0,22,44,0,0,0,0,0,0,0,0,0,0,0,0,0,0,0,0,0,0,0,0,0,0,0,0,129,325,0,..,132,325
11101120846,core,128,424,10,14,0,0,10,14,0,0,0,0,0,0,0,0,0,0,0,0,0,0,0,0,0,0,0,0,0,0,0,0,139,439,3,..,143,439
11101120847,core,99,272,0,3,0,0,0,3,0,0,0,0,0,0,0,0,0,8,0,8,0,0,0,0,0,0,0,0,0,0,0,0,103,279,3,..,107,279
11101120848,core,121,303,8,16,5,3,14,21,0,0,0,0,0,0,0,0,0,0,0,0,0,0,0,0,0,0,0,0,0,0,0,0,140,327,8,..,145,327
11101120849,core,151,413,0,0,0,0,0,0,0,0,0,0,0,0,0,0,0,0,0,0,0,0,0,0,0,0,0,0,0,0,0,0,157,414,6,..,163,414
11101120850,core,97,264,0,0,0,0,0,0,0,0,0,0,0,0,0,0,0,0,0,0,0,0,0,0,0,0,0,0,0,0,0,0,97,264,6,..,99,264
11101120851,core,81,227,17,16,0,6,21,25,0,0,0,0,0,0,0,0,0,0,0,0,0,0,0,0,0,0,0,0,0,0,0,0,100,250,11,..,113,250
11101120852,core,125,309,10,7,16,22,19,28,8,6,0,0,0,0,0,0,0,0,8,6,0,0,0,0,0,0,0,0,0,0,0,0,158,350,6,..,169,350
11101120853,core,118,340,0,0,0,0,0,0,0,0,0,0,0,0,0,0,0,0,0,0,0,0,0,0,0,0,0,0,0,0,0,0,122,339,0,..,125,339
11101120854,core,103,280,0,0,0,0,0,0,0,0,0,0,0,0,0,0,0,0,0,0,0,0,0,0,0,0,0,0,0,0,0,0,103,280,5,..,106,280
11101120855,core,176,481,49,73,52,110,97,182,3,13,0,0,0,0,0,0,0,0,3,13,0,0,0,0,0,0,0,0,0,0,0,0,282,677,25,..,301,677
11101120856,core,111,307,0,0,0,0,0,0,0,0,0,0,0,0,0,0,0,0,0,0,0,0,0,0,0,0,0,0,0,0,0,0,111,307,7,..,118,307
11101120857,core,95,259,30,42,7,22,33,59,0,0,0,0,0,0,0,0,0,0,0,0,0,0,0,0,0,0,0,0,0,0,0,0,126,321,9,..,137,321
11101120858,core,73,198,5,3,75,166,84,171,0,6,0,0,0,0,0,0,0,0,0,6,0,0,0,0,0,0,0,0,0,0,0,3,155,377,10,..,165,377
11101120859,core,145,357,13,22,45,84,56,107,8,12,0,0,0,0,0,0,0,0,8,12,0,0,0,0,0,0,0,0,0,0,0,0,210,483,15,..,224,483
11101120860,core,207,533,0,0,0,0,0,0,6,14,0,0,0,0,0,0,0,0,6,14,0,0,0,0,0,0,0,0,0,0,0,0,209,546,8,..,221,546
11101120861,core,122,288,7,16,0,0,7,16,4,10,0,0,0,0,0,0,0,0,4,10,0,0,0,0,0,0,0,0,0,0,0,0,133,317,11,..,140,317
11101120862,core,155,400,22,26,0,0,22,26,0,0,0,0,0,0,0,0,0,0,0,0,0,0,0,0,0,0,0,0,0,0,0,0,178,423,21,..,194,423
11101120863,core,60,158,6,4,0,3,5,8,7,17,7,13,0,0,109,187,4,4,127,223,0,0,0,0,0,0,0,0,0,0,0,0,192,385,20,..,209,385
11101120864,core,120,384,9,27,0,0,9,27,0,0,0,0,0,0,0,0,0,0,0,0,0,0,0,0,0,0,0,0,0,0,0,0,137,407,0,..,134,407
11101120865,core,3,8,0,3,0,0,0,3,0,0,0,0,0,0,0,0,0,0,0,0,0,0,0,0,0,0,0,0,0,0,0,3,7,16,0,..,7,16
11101120866,core,73,200,27,37,0,0,27,37,0,5,0,0,0,0,0,0,0,0,0,5,0,0,0,0,0,0,0,0,0,0,0,0,100,241,3,..,108,241
11101120867,core,43,128,16,20,43,71,60,97,7,19,21,23,0,0,0,0,0,0,30,40,0,0,0,0,0,0,0,0,0,0,0,0,130,263,18,..,144,263
11101120868,core,5,0,18,22,6,10,22,24,0,0,0,0,74,108,51,89,0,0,121,198,0,0,0,0,0,0,0,0,0,0,0,0,146,233,22,..,175,233
11101120869,core,108,268,4,9,4,6,4,15,0,0,0,0,0,0,0,0,0,0,0,0,0,0,0,0,0,0,0,0,0,0,0,0,115,279,14,..,133,279
11101120870,core,83,228,0,5,48,106,56,111,14,18,0,0,0,0,0,0,0,0,12,22,0,0,0,0,0,0,0,0,0,0,0,0,148,360,6,..,154,360
11101120871,core,0,0,0,0,0,0,0,0,0,0,0,0,0,0,0,0,0,0,0,0,0,0,0,0,0,0,0,0,0,0,0,0,0,0,0,..,0,0
11101120901,core,157,389,0,6,0,0,0,6,3,4,0,0,0,0,0,0,0,0,0,6,0,0,0,0,0,0,0,0,0,0,0,0,163,399,12,..,170,399
11101120902,core,0,9,0,0,0,0,0,0,0,0,0,0,0,0,0,0,0,0,0,0,0,0,0,0,0,0,0,0,0,0,0,0,0,9,0,..,0,9
11101120903,core,114,316,0,0,0,0,0,0,4,0,0,0,0,0,0,0,0,0,4,0,0,0,0,0,0,0,0,0,0,0,0,0,115,317,3,..,115,317
11101120904,core,120,314,0,0,0,0,0,0,0,0,0,0,0,0,0,0,0,0,0,0,0,0,0,0,0,0,0,0,0,0,0,0,122,319,5,..,123,319
11101120905,core,176,420,7,18,0,0,7,18,11,13,0,0,0,0,0,0,0,0,11,13,0,0,0,0,0,0,0,0,0,0,0,0,198,452,17,..,215,452
11101120906,core,155,407,21,30,4,9,29,40,3,4,0,0,0,0,0,0,0,0,3,4,0,0,0,0,0,0,0,0,0,0,0,0,193,450,19,..,211,450
11101120907,core,132,345,20,42,12,25,34,67,21,29,0,0,0,0,0,0,0,0,21,29,0,0,0,0,0,0,0,0,0,0,0,0,194,439,23,..,213,439
11101120908,core,101,232,19,30,10,11,24,44,11,18,0,0,0,0,0,0,0,0,13,13,0,0,0,0,0,0,3,5,6,9,0,0,146,291,8,..,156,291
11101120909,core,132,310,10,15,6,16,17,23,18,26,0,0,0,0,0,0,6,0,21,30,0,0,0,0,0,0,0,0,0,0,0,0,168,364,9,..,180,364
11101120910,core,122,295,0,3,0,0,0,3,0,3,0,0,0,0,0,0,0,0,0,3,0,0,0,0,0,0,0,0,0,0,0,0,125,303,3,..,130,303
11101120911,core,106,292,0,0,0,0,0,0,0,0,0,0,0,0,0,0,0,0,0,0,0,0,0,0,0,0,0,0,0,0,0,0,106,292,0,..,108,292
11101120912,core,100,273,0,0,0,0,0,0,0,0,0,0,0,0,0,0,0,0,0,0,0,0,0,0,0,0,0,0,0,0,0,0,100,273,0,..,99,273
11101120913,core,171,496,0,0,0,0,0,0,0,0,0,0,0,0,0,0,0,0,0,0,0,0,0,0,0,0,0,0,0,0,0,0,171,496,3,..,174,496
11101120914,core,187,508,0,0,0,0,0,0,0,0,0,0,0,0,0,0,0,3,0,3,0,0,0,0,0,0,0,0,0,0,0,0,191,513,9,..,197,513
11101120915,core,216,630,19,35,0,0,19,35,0,0,0,0,0,0,0,0,0,0,0,0,0,0,0,0,0,0,0,0,0,0,0,0,235,664,0,..,233,664
11101120916,core,149,366,3,7,18,27,23,31,12,17,0,0,0,0,0,0,0,0,12,17,0,0,0,0,0,0,0,4,0,4,0,0,179,417,3,..,186,417
11101120917,core,171,492,0,0,0,0,0,0,3,5,0,0,0,0,0,0,0,0,3,5,0,0,0,0,0,0,0,0,0,0,0,0,177,494,8,..,184,494
11101120918,core,197,535,0,0,0,0,0,0,0,0,0,0,0,0,0,0,0,0,0,0,0,0,0,0,0,0,0,0,0,0,0,0,197,535,7,..,204,535
11101120919,core,129,390,0,0,0,0,0,0,0,0,0,0,0,0,0,0,0,0,0,0,0,0,0,0,0,0,0,0,0,0,0,0,129,390,3,..,134,390
11101120920,core,165,519,0,3,0,0,0,3,0,0,0,0,0,0,0,0,0,0,0,0,0,0,0,0,0,0,0,0,0,0,0,0,170,521,10,..,177,521
11101120921,core,213,575,3,6,0,0,3,6,0,0,0,0,0,0,0,0,0,0,0,0,0,0,0,0,0,0,0,0,0,0,0,0,214,580,3,..,215,580
11101120922,core,187,470,20,38,5,6,20,44,0,0,0,0,0,0,0,0,6,5,6,5,0,0,0,0,0,0,0,0,0,0,0,3,212,523,4,..,218,523
11101120923,core,145,408,0,0,0,0,0,0,0,0,0,0,0,0,0,0,0,0,0,0,0,0,0,0,0,0,0,0,0,0,0,0,145,408,4,..,152,408
11101120924,core,166,432,4,5,0,0,4,5,0,5,0,0,0,0,0,0,0,0,4,0,0,0,0,0,0,0,0,0,0,0,0,0,172,441,6,..,179,441
11101120925,core,183,431,6,17,59,114,69,127,9,12,0,0,22,29,0,0,0,0,28,47,0,0,0,0,0,0,0,3,0,3,0,0,288,607,15,..,305,607
11101120926,core,173,408,7,8,0,0,7,8,0,0,0,0,0,0,0,0,0,3,3,3,0,0,0,0,0,0,0,0,0,0,0,0,177,417,7,..,185,417
11101120927,core,129,356,21,40,0,0,21,40,0,0,0,0,0,0,0,0,0,0,0,0,0,0,0,0,0,0,0,0,0,0,0,0,156,397,11,..,168,397
11101120928,core,175,497,20,29,0,4,25,38,0,0,0,0,0,0,0,0,0,3,0,3,0,0,0,0,0,0,0,0,0,0,0,0,201,531,4,..,210,531
11101120929,core,99,285,5,0,0,0,5,0,0,0,0,0,0,0,0,0,0,0,0,0,0,0,0,0,0,0,0,0,0,0,0,0,101,284,7,..,108,284
11101120930,core,126,369,0,0,0,0,0,0,0,3,0,0,0,0,0,0,0,0,0,3,0,0,0,0,0,0,0,0,0,0,0,0,129,370,3,..,131,370
11101120931,core,155,388,13,14,0,0,13,14,0,0,0,0,0,0,0,0,0,3,0,3,0,0,0,0,0,0,0,0,0,0,0,0,167,402,5,..,172,402
11101120932,core,210,506,4,12,3,8,7,13,0,7,0,0,0,0,0,0,0,0,0,7,0,0,0,0,0,0,0,0,0,0,0,0,220,529,8,..,228,529
11101120933,core,137,326,62,86,5,13,64,97,6,8,0,0,94,152,0,0,0,0,100,157,0,0,0,0,0,0,0,0,0,0,0,0,303,586,32,..,333,586
11101120934,core,144,359,20,34,0,5,23,35,17,33,0,0,0,0,0,0,0,0,17,33,0,0,0,0,0,0,0,5,0,5,0,0,191,435,7,..,199,435
11101120935,core,135,337,53,70,0,0,53,70,4,8,0,0,0,0,0,0,5,3,3,12,0,0,0,0,0,0,0,0,0,0,0,0,190,422,11,..,202,422
11101120936,core,161,408,4,13,0,0,4,13,0,0,0,0,0,0,0,0,0,0,0,0,0,0,0,0,0,0,0,0,0,0,0,0,166,420,11,..,177,420
11101120937,core,5,5,0,0,0,0,0,0,0,0,0,0,0,0,0,0,0,0,0,0,0,0,0,0,0,0,0,0,0,0,0,0,5,5,0,..,5,5
11101120938,core,0,0,0,0,0,0,0,0,0,0,0,0,0,0,0,0,0,0,0,0,0,0,0,0,0,0,0,0,0,0,0,0,0,0,0,..,0,0
11101120939,core,277,829,0,0,6,6,6,6,0,0,0,0,0,0,0,0,0,0,0,0,0,0,0,0,0,0,0,0,0,0,0,0,281,831,5,..,288,831
11101120940,core,141,340,12,20,9,28,24,42,0,0,0,0,0,0,0,0,0,0,3,0,0,0,0,0,0,0,0,3,0,3,0,3,170,394,13,..,184,394
11101120941,core,156,456,4,11,6,3,8,15,0,0,0,0,0,0,0,0,0,0,0,0,0,0,0,0,0,0,0,0,0,0,0,0,162,472,0,..,162,472
11101120942,core,140,408,3,3,0,0,3,3,0,0,0,0,0,0,0,0,0,0,0,0,0,0,0,0,0,0,0,0,0,0,0,4,148,417,3,..,155,417
11101120943,core,161,437,5,6,3,6,7,13,0,0,0,0,0,0,0,0,0,0,0,0,0,0,0,0,0,0,6,8,6,8,0,0,170,453,0,..,168,453
11101120944,core,155,415,0,5,0,0,0,5,0,0,0,0,0,0,0,0,0,0,0,0,0,0,0,0,0,0,0,0,0,0,0,0,160,412,7,..,165,412
11101120945,core,155,444,0,0,0,0,0,0,0,0,0,0,0,0,0,0,0,0,0,0,0,0,0,0,0,0,0,0,0,0,0,0,155,444,14,..,166,444
11101120946,core,148,428,4,8,0,0,4,8,0,0,0,0,0,0,0,0,0,0,0,0,0,0,0,0,0,0,0,0,0,0,0,0,150,441,5,..,161,441
11101120947,core,165,479,0,4,0,0,0,4,0,6,0,0,0,0,0,0,0,0,0,6,0,0,0,0,0,0,0,0,0,0,0,0,171,486,3,..,179,486
11101120948,core,169,452,10,19,3,6,14,24,0,0,0,0,0,0,0,0,0,0,0,0,0,0,0,0,0,0,0,0,0,0,0,0,188,486,13,..,192,486
11101120949,core,135,365,5,8,0,3,6,9,0,0,0,0,0,0,0,0,0,0,0,0,0,0,0,0,0,0,0,0,0,0,0,0,138,378,5,..,139,378
11101120950,core,176,410,22,32,0,0,22,32,0,0,0,0,0,0,0,0,0,4,0,4,0,0,0,0,0,0,0,0,0,0,0,0,196,448,19,..,214,448
11101120951,core,51,152,67,85,9,11,70,93,0,0,0,0,0,0,0,0,0,0,0,0,0,0,0,0,0,0,0,0,0,0,0,0,120,245,3,..,130,245
11101120952,core,151,421,15,22,0,0,15,22,0,0,0,0,0,0,0,0,0,0,0,0,0,0,0,0,0,0,0,0,0,0,0,0,168,450,3,..,168,450
11101120953,core,168,465,4,8,0,0,4,8,0,0,0,0,0,0,0,0,0,0,0,0,0,0,0,0,0,0,0,0,0,0,0,0,178,473,5,..,182,473
11101120954,core,220,550,0,0,0,0,0,0,0,0,0,0,0,0,0,0,0,0,0,0,0,0,0,0,0,0,0,5,0,5,0,0,216,553,12,..,230,553
11101120955,core,151,438,0,0,0,0,0,0,0,0,0,0,0,0,0,0,0,0,0,0,0,0,0,0,0,0,0,0,0,0,0,0,151,438,6,..,166,438
11101120956,core,146,417,0,0,6,3,6,3,9,6,0,0,0,0,0,0,0,0,9,6,0,0,0,0,0,0,0,0,0,0,0,0,152,431,6,..,161,431
11101121001,core,24,66,8,24,32,84,44,108,0,0,0,0,0,0,0,0,0,0,0,0,0,0,0,0,0,0,0,0,0,0,0,0,63,170,3,..,72,170
11101121002,core,67,186,5,13,0,0,5,13,4,5,0,0,0,0,0,0,0,0,4,5,0,0,0,0,0,0,0,0,0,0,0,0,75,209,0,..,75,209
11101121003,core,139,351,0,0,0,0,0,0,0,3,0,0,0,0,0,0,0,0,0,3,0,0,0,0,0,0,0,0,0,0,0,0,143,356,4,..,144,356
11101121004,core,115,285,0,0,0,0,0,0,0,0,0,0,0,0,0,0,0,0,0,0,0,0,0,0,0,0,0,0,0,0,0,0,112,287,3,..,115,287
11101121005,core,130,353,6,3,0,5,4,4,0,0,0,0,0,0,0,0,0,0,0,0,0,0,0,0,0,0,5,0,5,0,0,0,136,363,0,..,136,363
11101121006,core,119,283,69,113,37,79,103,190,0,0,0,0,0,0,0,0,0,0,0,0,0,0,0,0,0,0,0,0,0,0,0,0,224,478,12,..,230,478
11101121007,core,225,474,4,8,21,42,24,43,5,9,0,0,0,0,0,0,0,6,5,6,0,0,0,0,0,0,0,0,0,0,0,0,260,530,19,..,279,530
11101121008,core,168,458,11,16,0,3,12,18,0,0,0,0,0,0,0,0,0,0,0,0,0,0,0,0,0,0,0,0,0,0,0,0,171,482,5,..,177,482
11101121010,core,79,206,16,27,15,23,27,48,0,0,0,0,0,0,0,0,0,0,0,0,0,0,0,0,0,0,0,0,0,0,0,0,107,252,7,..,110,252
11101121011,core,100,275,5,10,0,4,8,13,0,0,0,0,0,0,0,0,0,0,0,0,0,0,0,0,0,0,0,0,0,0,0,0,106,293,6,..,112,293
11101121012,core,115,290,0,3,0,0,0,3,0,0,0,0,0,0,0,0,0,0,0,0,0,0,0,0,0,0,0,0,0,0,0,0,117,297,8,..,123,297
11101121013,core,166,443,12,14,0,0,17,11,0,0,0,0,0,0,0,0,0,0,0,0,0,0,0,0,0,0,0,0,0,0,0,0,178,457,8,..,191,457
11101121014,core,93,203,38,46,9,19,45,68,4,3,0,0,0,0,0,0,0,3,3,4,0,0,0,0,0,0,0,0,0,0,0,0,139,274,9,..,143,274
11101121015,core,100,288,116,159,23,37,138,196,0,0,24,39,0,0,0,0,0,3,28,38,0,0,0,0,0,0,0,0,0,0,0,0,263,529,14,..,272,529
11101121016,core,122,371,7,8,0,0,7,8,9,7,0,0,0,0,0,0,0,0,9,7,0,0,0,0,0,0,0,0,0,0,0,0,141,386,0,..,142,386
11101121017,core,107,326,0,0,0,0,0,0,0,0,0,0,0,0,0,0,0,0,0,0,0,0,0,0,0,0,0,0,0,0,0,0,107,326,0,..,107,326
11101121018,core,180,435,15,23,10,30,27,52,43,49,0,0,0,0,0,0,0,0,43,49,0,0,0,0,0,0,0,0,0,0,0,0,245,535,10,..,259,535
11101121019,core,84,187,6,13,0,0,6,13,19,29,0,0,0,0,0,0,0,0,19,29,0,0,0,0,0,0,0,0,0,0,0,0,117,217,3,..,122,217
11101121020,core,122,292,12,14,26,48,36,67,39,43,0,0,0,0,0,0,0,0,39,45,0,0,0,0,0,0,0,7,0,7,0,0,203,403,18,..,222,403
11101121021,core,127,299,17,49,52,97,67,147,3,4,0,0,0,0,0,0,0,0,3,4,0,0,0,0,0,0,0,0,0,0,0,0,198,454,14,..,213,454
11101121022,core,112,284,3,13,20,64,26,69,0,0,0,0,0,0,0,0,0,0,0,0,0,0,0,0,0,0,0,0,0,0,0,0,143,359,3,..,145,359
11101121023,core,148,426,3,16,0,0,3,16,23,30,0,0,0,0,0,0,0,0,23,30,0,0,0,0,0,0,0,0,0,0,0,0,174,466,10,..,187,466
11101121024,core,141,354,20,34,46,104,69,143,35,78,0,0,0,0,0,0,0,0,35,78,0,0,0,0,0,0,0,0,0,0,0,0,245,581,11,..,260,581
11101121101,core,86,246,3,10,4,5,4,15,3,4,0,0,0,0,0,0,0,0,3,6,0,0,0,0,0,0,0,0,0,0,0,0,96,267,8,..,106,267
11101121102,core,84,267,0,0,0,0,0,0,0,0,0,0,0,0,0,0,0,0,0,0,0,0,0,0,0,0,0,0,0,0,0,0,84,267,5,..,89,267
11101121103,core,339,440,0,0,0,0,0,0,0,0,0,0,0,0,0,0,0,0,0,0,0,0,0,0,0,0,0,0,0,0,0,0,339,439,8,..,343,439
11101121104,core,107,342,0,5,9,33,10,39,0,0,0,0,0,0,0,0,0,0,0,0,0,0,0,0,0,0,0,0,0,0,0,0,116,378,0,..,120,378
11101121105,core,67,199,25,34,8,19,34,50,0,0,0,0,0,0,0,0,0,0,0,0,0,0,0,0,0,0,0,0,0,0,8,8,107,251,3,..,115,251
11101121106,core,127,365,13,10,0,0,13,10,3,4,0,0,0,0,0,0,0,4,3,6,0,0,0,0,0,0,0,0,0,0,0,0,142,378,3,..,148,378
11101121107,core,117,308,7,11,0,0,7,11,10,13,0,0,0,0,0,0,0,5,5,13,0,0,0,0,0,0,0,0,0,0,0,0,132,334,9,..,141,334
11101121108,core,212,595,0,3,7,20,9,29,0,0,0,0,0,0,0,0,0,0,0,0,0,0,0,0,0,0,0,0,0,0,0,0,219,625,5,..,222,625
11101121109,core,3,12,0,0,0,0,0,0,0,0,0,0,0,0,0,0,0,0,0,0,0,0,0,0,0,0,0,0,0,0,0,0,3,12,0,..,3,12
11101121110,core,166,475,0,0,0,0,0,0,0,0,0,0,0,0,0,0,0,0,0,0,0,0,0,0,0,0,0,0,0,0,0,0,169,479,7,..,174,479
11101121201,core,127,371,0,0,0,0,0,0,0,0,0,0,0,0,0,0,0,0,0,0,0,0,0,0,0,0,0,0,0,0,0,0,127,371,7,..,136,371
11101121202,core,124,325,18,17,0,0,18,17,0,0,0,0,0,0,0,0,0,0,0,0,0,0,0,0,0,0,0,0,0,0,0,0,135,345,11,..,151,345
11101121203,core,85,226,0,0,0,0,0,0,0,0,0,0,0,0,0,0,0,0,0,0,0,0,0,0,0,0,0,0,0,0,0,0,88,232,8,..,95,232
11101121204,core,198,494,13,11,7,12,17,24,10,11,0,0,0,0,0,0,0,3,9,16,0,0,0,0,0,5,0,0,0,5,0,0,228,542,30,..,258,542
11101121205,core,135,328,9,18,0,0,10,16,9,12,0,0,0,0,0,0,0,0,9,12,0,0,0,0,0,0,0,0,0,0,0,0,145,356,17,..,167,356
11101121206,core,142,351,28,46,0,0,28,46,22,22,0,0,0,0,0,0,0,5,20,26,0,0,0,0,0,0,0,0,0,0,0,0,191,423,18,..,211,423
11101121207,core,149,368,21,34,0,5,17,38,3,6,24,28,23,30,0,0,0,0,49,66,0,0,0,0,0,0,3,6,3,6,0,0,226,477,23,..,251,477
11101121208,core,128,336,0,4,0,8,3,9,0,0,0,0,0,0,0,0,0,0,0,0,0,0,0,0,0,0,0,0,0,0,0,0,130,344,30,..,163,344
11101121209,core,147,403,0,0,0,3,0,3,0,0,0,0,0,0,0,0,0,0,0,0,0,0,0,0,0,0,0,0,0,0,0,0,146,409,17,..,163,409
11101121210,core,95,258,0,0,0,3,0,3,0,0,0,0,0,0,0,0,0,0,0,0,0,0,0,0,0,0,0,0,0,0,0,0,93,258,8,..,99,258
11101121212,core,160,428,5,0,0,6,3,7,0,0,0,0,0,0,0,0,0,0,0,0,0,0,0,0,0,0,0,0,0,0,0,0,161,433,30,..,184,433
11101121213,core,72,190,0,0,0,0,0,0,0,0,0,0,0,0,0,0,0,0,0,0,0,0,0,0,0,0,0,0,0,0,0,0,70,191,16,..,86,191
11101121215,core,158,356,5,6,0,0,5,6,0,0,0,0,0,0,0,0,0,0,0,0,0,0,0,0,0,0,0,0,0,0,0,0,160,362,14,..,177,362
11101121216,core,76,175,0,0,0,0,0,0,150,213,0,0,0,0,0,0,0,0,150,213,0,0,0,0,0,0,0,0,0,0,0,0,229,390,28,..,259,390
11101121217,core,134,351,21,32,8,18,26,48,6,7,0,0,12,18,0,0,3,6,22,24,0,0,0,0,0,0,0,0,0,0,0,0,173,429,20,..,194,429
11101121218,core,27,52,17,27,0,0,17,27,217,308,0,0,0,0,0,0,0,0,217,308,0,0,0,0,0,0,0,0,0,0,0,0,253,386,23,..,286,386
11101121219,core,91,236,9,21,0,0,11,21,0,0,0,0,0,0,0,0,0,0,0,0,0,0,0,0,0,0,0,0,0,0,0,0,105,259,9,..,109,259
11101121220,core,0,0,0,0,0,0,0,0,0,0,0,0,0,0,0,0,0,0,0,0,0,0,0,0,0,0,0,0,0,0,0,0,0,0,0,..,0,0
11101121222,core,171,469,5,12,3,9,11,22,0,0,0,0,0,0,0,0,4,0,3,7,0,0,0,0,0,0,0,0,0,0,0,0,182,492,25,..,208,492
11101121223,core,112,253,20,26,33,45,53,74,3,4,0,0,0,0,0,0,0,0,3,4,0,0,0,0,0,0,0,0,0,0,0,0,165,334,18,..,190,334
11101121224,core,180,470,39,73,11,25,51,97,0,0,6,9,0,0,0,0,0,0,6,9,0,0,0,0,0,0,0,0,0,0,0,0,234,576,20,..,259,576
11101121225,core,230,573,0,0,0,0,0,0,8,11,0,0,0,0,0,0,4,0,11,15,0,0,0,0,0,0,0,0,0,0,0,0,241,589,19,..,261,589
11101121226,core,136,339,8,17,0,7,8,25,0,0,0,0,0,0,0,0,0,0,0,0,0,0,0,0,0,0,0,0,0,0,0,0,142,366,11,..,155,366
11101121227,core,244,625,0,0,0,4,3,4,5,11,0,0,0,0,0,0,0,0,3,9,0,0,0,0,0,0,0,0,0,0,0,0,252,646,59,..,305,646
11101121228,core,133,395,0,0,0,0,0,0,0,0,0,0,0,0,0,0,0,0,0,0,0,0,0,0,0,0,0,0,0,0,0,0,136,394,0,..,138,394
11101121229,core,0,7,0,0,0,0,0,0,0,0,0,0,0,0,0,0,0,0,0,0,12,25,0,0,0,0,0,0,17,24,0,0,18,31,0,..,18,31
11101121230,core,21,44,3,9,42,86,48,94,0,0,0,0,0,0,0,0,0,0,0,0,0,0,0,0,0,0,0,0,0,0,0,0,73,139,103,..,177,139
11101121231,core,114,336,0,0,0,0,0,0,0,0,0,0,0,0,0,0,0,0,0,0,0,0,0,0,0,0,0,0,0,0,0,0,114,336,17,..,128,336
11101121232,core,78,261,0,0,0,0,0,0,0,0,0,0,0,0,0,0,0,0,0,0,0,0,0,0,0,0,0,0,0,0,0,0,79,259,16,..,91,259
11101121233,core,180,461,0,0,0,0,0,0,0,0,0,0,0,0,0,0,0,0,0,0,0,0,0,0,0,0,0,0,0,0,0,0,180,461,20,..,196,461
11101121234,core,22,52,22,59,0,0,22,59,0,0,0,0,26,37,0,0,0,0,29,40,0,0,0,0,0,0,0,0,0,0,0,0,71,146,60,..,127,146
11101121235,core,106,241,0,0,0,0,0,0,0,0,0,0,0,0,0,0,0,0,0,0,0,0,0,0,0,0,0,0,0,0,0,0,106,243,14,..,121,243
11101121236,core,68,193,0,0,0,0,0,0,0,0,0,0,0,0,0,0,0,0,0,0,0,0,0,0,0,0,0,0,0,0,0,0,68,194,30,..,94,194
11101121237,core,94,261,56,91,0,3,55,95,0,0,17,24,0,0,0,0,0,0,17,24,0,0,0,0,0,0,0,0,0,0,0,0,172,373,33,..,203,373
11101121238,core,62,153,0,0,4,3,4,3,0,0,0,0,0,0,0,0,0,0,0,0,0,0,0,0,0,0,0,0,0,0,0,5,64,163,14,..,77,163
11101121301,core,0,0,0,0,0,0,0,0,0,0,0,0,0,0,0,0,0,0,0,0,0,0,0,0,0,0,0,0,0,0,0,0,0,0,0,..,0,0
11101121302,core,0,0,0,0,0,0,0,0,0,0,0,0,0,0,0,0,0,0,0,0,0,0,0,0,0,0,0,0,0,0,0,0,0,0,0,..,0,0
11101121303,core,193,507,7,10,3,6,10,15,0,0,0,0,0,0,0,0,0,0,0,0,0,0,0,0,0,0,0,0,0,0,0,0,201,523,8,..,213,523
11101121304,core,149,443,5,5,0,0,5,5,0,0,0,0,0,0,0,0,0,0,0,0,0,0,0,0,0,0,0,0,0,0,0,0,154,450,11,..,163,450
11101121305,core,151,468,7,9,5,0,9,14,0,0,0,0,0,0,0,0,0,0,0,0,0,0,0,0,0,0,0,0,0,0,0,0,158,479,7,..,169,479
11101121306,core,138,357,19,28,0,3,16,30,4,3,0,0,0,0,0,0,0,0,4,3,0,0,0,0,0,0,0,0,0,0,0,0,158,389,11,..,166,389
11101121307,core,176,470,0,6,10,19,12,26,3,5,0,0,0,0,0,0,0,0,3,5,0,0,0,0,0,0,0,0,0,0,0,0,186,503,9,..,196,503
11101121308,core,213,597,8,22,0,0,8,22,0,0,0,0,0,0,0,0,0,0,0,0,0,0,0,0,0,0,0,0,0,0,0,0,220,622,9,..,236,622
11101121309,core,76,222,0,0,0,0,0,0,0,0,0,0,0,0,0,0,0,0,0,0,0,0,0,0,0,0,0,0,0,0,0,0,76,222,0,..,78,222
11101121310,core,152,446,0,0,0,0,0,0,0,0,0,0,0,0,0,0,0,0,0,0,0,0,0,0,0,0,0,0,0,0,0,0,152,446,0,..,157,446
11101121311,core,178,487,0,0,0,0,0,0,0,0,0,0,0,0,0,0,0,0,0,0,0,0,0,0,0,0,0,0,0,0,0,0,178,487,8,..,182,487
11101121312,core,124,341,51,85,4,0,58,86,0,0,0,0,0,0,0,0,0,0,0,0,0,0,0,0,0,0,0,0,0,0,0,0,180,428,7,..,186,428
11101121313,core,82,237,21,51,4,8,29,67,0,0,0,0,0,0,0,0,0,0,0,0,0,0,0,0,0,0,0,0,0,0,0,0,110,296,3,..,115,296
11101121314,core,146,415,29,38,0,0,29,38,0,0,0,0,0,0,0,0,0,0,0,0,0,0,0,0,0,0,0,0,0,0,0,0,173,452,5,..,181,452
11101121315,core,166,503,0,0,0,0,0,0,0,0,0,0,0,0,0,0,0,0,0,0,0,0,0,0,0,0,0,0,0,0,0,0,166,503,4,..,167,503
11101121316,core,66,204,0,0,0,0,0,0,0,0,0,0,0,0,0,0,0,0,0,0,0,0,0,0,0,0,0,0,0,0,0,0,66,204,0,..,66,204
11101121317,core,142,419,3,3,0,0,3,3,0,0,0,0,0,0,0,0,0,0,0,0,0,0,0,0,0,0,0,0,0,0,0,0,151,419,5,..,153,419
11101121318,core,139,434,0,0,0,0,0,0,0,0,0,0,0,0,0,0,0,0,0,0,0,0,0,0,0,0,0,0,0,0,0,0,139,434,0,..,138,434
11101121319,core,147,422,0,0,5,13,8,15,0,0,0,0,0,0,0,0,0,0,0,0,0,0,0,0,0,0,0,0,0,0,0,0,156,436,3,..,166,436
11101121320,core,77,213,13,19,17,27,29,48,0,0,0,0,0,0,0,0,0,0,0,0,0,0,0,0,0,0,0,0,0,0,0,0,109,263,10,..,123,263
11101121321,core,139,410,0,0,0,0,0,0,0,0,0,0,0,0,0,0,0,0,0,0,0,0,0,0,0,0,0,0,0,0,0,0,139,410,3,..,146,410
11101121322,core,183,538,0,0,0,0,0,0,0,0,0,0,0,0,0,0,0,0,0,0,0,0,0,0,0,0,0,0,0,0,0,0,183,538,0,..,187,538
11101121323,core,200,597,0,0,7,12,7,12,0,0,0,0,0,0,0,0,0,0,0,0,0,0,0,0,0,0,0,0,0,0,0,6,203,609,7,..,210,609
11101121324,core,193,495,0,0,4,4,4,4,0,0,0,0,0,0,0,0,0,0,0,0,0,0,0,0,0,0,0,0,0,0,0,0,196,503,14,..,207,503
11101121325,core,195,520,0,0,0,0,0,0,0,0,0,0,0,0,0,0,0,0,0,0,0,0,0,0,0,0,0,0,0,0,0,0,195,524,9,..,201,524
11101121326,core,147,397,12,14,25,37,37,55,0,0,0,0,0,0,0,0,0,0,0,0,0,0,0,0,0,0,0,0,0,0,0,0,183,450,16,..,192,450
11101121327,core,127,310,16,22,30,67,51,88,7,14,0,0,0,0,0,0,0,0,7,14,0,0,0,0,0,0,0,5,0,5,0,3,188,424,16,..,201,424
11101121328,core,91,284,11,15,0,0,11,15,0,0,0,0,0,0,0,0,0,0,0,0,0,0,0,0,0,0,0,0,0,0,0,0,100,305,0,..,98,305
11101121329,core,134,310,53,70,0,0,53,70,0,0,0,0,0,0,0,0,0,3,0,4,0,0,0,0,0,0,0,0,0,0,0,0,186,386,14,..,205,386
11101121330,core,135,383,13,35,0,0,13,35,0,0,0,0,0,0,0,0,0,0,0,0,0,0,0,0,0,0,0,0,0,0,0,0,149,416,4,..,156,416
11101121401,core,170,432,0,0,8,21,8,21,5,11,0,0,0,0,0,0,0,0,5,11,0,0,0,0,0,0,0,0,0,0,0,0,191,464,16,..,205,464
11101121402,core,144,389,4,5,10,18,8,19,0,0,0,0,0,0,0,0,0,0,0,0,0,0,0,0,0,0,0,0,0,0,0,0,157,411,14,..,165,411
11101121403,core,191,515,11,16,29,58,36,69,0,0,0,0,0,0,0,0,0,0,0,0,0,0,0,0,0,0,0,0,0,0,0,0,233,589,19,..,251,589
11101121404,core,261,722,46,68,6,6,53,77,3,5,0,0,0,0,0,0,0,0,3,5,0,0,0,0,0,0,0,0,0,0,0,0,315,808,12,..,323,808
11101121405,core,0,0,0,0,0,0,0,0,0,0,0,0,0,0,0,0,0,0,0,0,0,0,0,0,0,0,0,0,0,0,0,0,0,0,0,..,0,0
11101121406,core,166,491,0,0,0,0,0,0,0,0,0,0,0,0,0,0,0,0,0,0,0,0,0,0,0,0,0,0,0,0,0,0,166,491,0,..,161,491
11101121407,core,105,271,20,29,46,98,70,124,12,21,0,0,7,26,0,0,0,0,24,46,0,0,0,0,0,0,0,0,0,0,0,0,199,442,18,..,215,442
11101121408,core,107,285,3,6,0,7,9,15,0,0,0,0,0,0,0,0,0,0,0,0,0,0,0,0,0,0,0,0,0,0,0,0,117,300,0,..,122,300
11101121409,core,101,266,0,0,0,3,0,3,0,0,0,0,0,0,0,0,0,0,0,0,0,0,0,0,0,0,0,0,0,0,0,0,98,268,6,..,105,268
11101121410,core,135,334,69,112,40,82,116,188,28,45,10,27,14,26,0,0,0,3,54,95,0,0,0,0,0,0,0,0,0,0,0,0,301,624,29,..,326,624
11101121411,core,117,346,0,0,0,0,0,0,0,0,0,0,0,0,0,0,0,0,0,0,0,0,0,0,0,0,0,0,0,0,0,0,117,346,0,..,123,346
11101121412,core,52,153,29,39,0,0,29,39,0,0,0,0,0,0,0,0,0,0,0,0,0,0,0,0,0,0,0,0,0,0,0,0,87,190,0,..,87,190
11101121413,core,140,409,0,0,0,0,0,0,0,0,0,0,0,0,0,0,0,0,0,0,0,0,0,0,0,0,0,0,0,0,0,0,140,409,0,..,143,409
11101121414,core,208,489,38,62,22,46,60,106,3,10,0,0,0,0,0,0,0,0,4,6,0,0,0,0,0,0,0,0,0,0,0,5,275,606,14,..,286,606
11101121415,core,239,560,10,11,0,0,10,11,0,5,0,0,0,0,0,0,5,4,3,10,0,0,0,0,0,0,0,0,0,0,0,0,251,583,10,..,263,583
11101121416,core,123,336,19,29,16,30,34,61,0,0,0,0,0,0,0,0,4,11,4,11,0,0,0,0,0,0,0,0,0,0,0,0,163,408,10,..,169,408
11101121417,core,66,162,73,114,27,58,104,171,40,63,0,9,0,0,0,0,0,0,44,70,0,0,0,0,0,0,0,0,0,0,0,0,218,398,25,..,241,398
11101121419,core,186,438,0,0,0,0,0,0,4,3,14,20,0,0,0,0,0,4,18,25,0,0,0,0,0,0,0,0,0,0,0,0,207,466,14,..,221,466
11101121420,core,0,0,0,0,0,0,0,0,0,0,0,0,0,0,0,0,0,0,0,0,0,0,0,0,0,0,0,8,0,8,0,0,7,11,0,..,7,11
11101121421,core,98,228,81,137,4,9,80,148,0,0,0,0,0,0,0,0,0,0,0,0,0,0,0,0,0,0,0,0,0,0,0,0,177,375,8,..,184,375
11101121422,core,153,391,46,77,0,0,44,79,0,0,0,0,0,0,0,0,0,0,0,0,0,0,0,0,0,0,0,0,0,0,0,0,204,464,8,..,208,464
11101121423,core,114,337,14,14,0,0,14,14,3,6,0,0,0,0,0,0,0,0,3,6,0,0,0,0,0,0,0,0,0,0,0,0,133,355,9,..,134,355
11101121424,core,97,240,36,63,11,26,48,90,0,7,0,0,0,0,0,0,0,3,3,5,0,0,0,0,0,0,0,0,0,0,0,0,156,339,7,..,155,339
11101121425,core,102,266,17,28,7,28,23,52,0,0,0,0,0,0,0,0,0,0,0,0,0,0,0,0,0,0,0,0,0,0,0,0,130,321,3,..,132,321
11101121426,core,142,373,6,11,0,0,6,11,0,4,0,0,0,0,0,0,0,0,0,4,0,0,0,0,0,0,0,0,0,0,0,0,151,388,8,..,160,388
11101121427,core,180,415,24,29,0,0,26,33,0,0,0,0,0,0,0,0,0,0,0,0,0,0,0,0,0,0,0,4,0,4,0,0,201,450,13,..,215,450
11101121428,core,166,415,33,60,24,30,58,88,8,6,0,0,0,0,0,0,0,0,6,4,0,0,0,0,0,0,0,0,0,0,0,3,231,510,21,..,254,510
11101121429,core,111,299,0,4,0,0,0,4,0,0,0,0,0,0,0,0,0,0,0,0,0,0,0,0,0,0,0,0,0,0,0,0,120,306,0,..,119,306
11101121430,core,146,387,0,4,5,0,0,7,3,0,0,0,0,0,0,0,0,0,3,0,0,0,0,0,0,0,0,0,0,0,0,0,157,390,12,..,164,390
11101121431,core,96,269,3,5,8,3,11,11,9,12,0,0,0,0,0,0,0,0,9,12,0,0,0,0,0,0,0,0,0,0,0,0,115,289,6,..,122,289
11101121432,core,160,439,44,65,21,39,60,95,0,0,0,0,12,24,0,0,0,0,15,20,0,0,0,0,0,0,0,0,0,0,0,0,231,556,17,..,248,556
11101121433,core,133,386,4,3,0,0,4,3,4,5,0,0,0,0,0,0,0,0,4,5,0,0,0,0,0,0,0,0,0,0,0,0,134,395,6,..,143,395
11101121435,core,153,423,28,46,0,0,28,46,5,0,0,0,0,0,0,0,0,0,5,0,0,0,0,0,0,0,0,0,0,0,0,0,188,478,10,..,196,478
11101121436,core,74,191,3,8,10,31,16,39,4,12,0,0,91,148,0,0,5,8,98,161,0,0,0,0,0,0,0,0,0,0,0,0,192,392,19,..,212,392
11101121437,core,0,0,42,78,0,14,43,91,0,0,10,18,53,99,0,0,0,0,61,119,0,0,0,0,0,0,0,0,0,0,0,0,108,205,16,..,128,205
11101121438,core,0,0,0,0,0,0,0,0,0,0,0,0,0,0,0,0,0,0,0,0,0,0,0,0,0,0,0,0,0,0,0,0,0,0,0,..,0,0
11102121501,core,88,219,0,0,0,5,0,4,0,0,0,0,0,0,0,0,6,10,6,10,0,0,0,0,0,0,0,0,0,0,0,0,96,236,0,..,100,236
11102121502,core,134,327,0,0,0,0,0,0,0,0,0,0,0,0,0,0,0,0,0,0,0,0,0,0,0,0,0,0,0,0,0,0,134,327,14,..,147,327
11102121503,core,130,311,14,15,0,0,14,15,35,40,0,0,0,0,0,0,0,0,35,40,0,0,0,0,0,0,0,0,0,0,0,0,170,362,11,..,181,362
11102121504,core,102,299,6,5,0,0,6,5,0,0,0,0,0,0,0,0,0,0,0,0,0,0,0,0,0,0,0,0,0,0,0,0,110,304,0,..,108,304
11102121505,core,154,396,23,29,0,0,23,29,4,7,0,0,0,0,0,0,0,0,9,3,0,0,0,0,0,0,0,0,0,0,0,0,182,426,12,..,197,426
11102121506,core,138,393,3,11,5,15,5,30,0,0,0,0,0,0,0,0,0,3,0,3,0,0,0,0,0,0,0,0,0,0,0,0,151,423,3,..,151,423
11102121507,core,177,412,5,10,11,9,12,13,0,0,0,0,0,0,0,0,0,3,0,3,0,0,0,0,0,0,0,0,0,0,0,0,193,430,11,..,203,430
11102121508,core,111,292,44,63,0,0,46,66,4,8,0,0,0,0,0,0,0,0,4,8,0,0,0,0,0,0,0,0,0,0,0,0,161,366,10,..,168,366
11102121509,core,151,382,0,5,7,9,12,17,0,0,0,0,0,0,0,0,0,0,0,0,0,0,0,0,0,0,0,0,0,0,0,0,158,399,19,..,177,399
11102121510,core,121,323,0,3,30,91,30,101,0,0,0,0,0,0,0,0,0,0,0,0,0,0,0,0,0,0,0,0,0,0,0,0,159,420,13,..,172,420
11102121511,core,141,420,0,0,0,0,0,0,0,0,0,0,0,0,0,0,0,0,0,0,0,0,0,0,0,0,0,0,0,0,0,0,137,425,9,..,145,425
11102121512,core,89,255,0,6,0,0,0,6,0,0,0,0,0,0,0,0,0,0,0,0,0,0,0,0,0,0,0,0,0,0,0,0,94,264,0,..,96,264
11102121513,core,152,409,0,0,0,0,0,0,0,0,0,0,0,0,0,0,0,0,0,0,0,0,0,0,0,0,0,0,0,0,0,0,155,416,6,..,157,416
11102121514,core,79,227,0,0,0,0,0,0,0,0,0,0,0,0,0,0,0,0,0,0,0,0,0,0,0,0,0,0,0,0,0,0,79,227,9,..,88,227
11102121515,core,0,0,0,0,0,0,0,0,0,0,0,0,0,0,0,0,0,0,0,0,0,0,7,12,0,0,0,0,7,12,0,0,7,12,0,..,7,12
11102121516,core,249,564,8,9,17,26,28,38,8,9,0,0,0,0,0,0,0,0,8,9,0,0,0,0,0,0,0,0,0,0,0,0,285,611,9,..,291,611
11102121517,core,79,211,35,49,4,6,39,50,0,0,0,0,0,0,0,0,4,10,4,10,0,0,0,4,0,0,0,0,0,4,0,0,124,275,11,..,138,275
11102121518,core,453,1280,33,42,0,0,35,45,4,9,0,0,0,0,0,0,0,0,4,9,0,0,0,0,0,0,0,3,0,3,0,6,492,1347,22,..,509,1347
11102121519,core,99,258,0,0,17,27,17,27,0,0,0,0,0,0,0,0,0,0,0,0,23,25,19,25,0,0,0,0,40,55,4,6,162,343,11,..,165,343
11102121520,core,95,253,7,13,3,9,10,22,0,0,0,0,0,0,0,0,0,0,0,0,0,0,0,0,0,0,0,0,0,0,4,3,110,282,9,..,123,282
11102121521,core,22,62,0,0,0,0,0,0,0,0,0,0,0,0,0,0,0,0,0,0,0,0,0,0,0,0,0,0,0,0,0,0,22,62,0,..,23,62
11102121522,core,171,461,9,17,12,27,17,42,0,0,0,0,0,0,0,0,0,0,0,0,0,0,0,0,0,0,0,0,0,0,0,0,188,509,12,..,198,509
11102121523,core,0,0,0,0,0,0,0,0,0,0,0,0,0,0,0,0,0,0,0,0,0,0,0,0,0,0,0,0,0,0,0,0,0,0,0,..,0,0
11102121524,core,160,414,10,26,0,0,10,26,12,10,0,0,0,0,0,0,0,0,12,10,0,0,0,0,0,0,0,0,0,0,0,0,182,448,8,..,191,448
11102121525,core,122,302,13,16,0,0,13,16,0,0,0,0,0,0,0,0,0,0,0,0,0,0,0,0,0,0,0,0,0,0,0,0,132,318,4,..,137,318
11102121601,core,149,353,0,0,0,0,0,0,6,5,0,0,0,0,0,0,0,0,6,5,0,0,0,0,0,0,0,0,0,0,0,0,151,364,33,..,185,364
11102121602,core,160,370,0,0,0,0,0,0,0,4,0,0,0,0,0,0,0,0,3,4,0,0,0,0,0,0,0,0,0,0,0,0,165,373,29,..,193,373
11102121603,core,295,735,0,9,0,0,0,9,7,3,0,0,0,0,0,0,0,0,5,3,0,0,0,0,0,0,0,0,0,0,0,0,299,753,26,..,328,753
11102121604,core,173,439,0,0,0,6,0,4,0,3,0,0,0,0,0,0,0,0,0,3,0,0,0,0,0,0,0,0,0,0,0,0,180,444,47,..,224,444
11102121605,core,104,253,0,4,0,0,0,4,0,0,0,0,0,0,0,0,0,0,0,0,0,0,0,0,0,0,0,0,0,0,0,0,104,259,26,..,135,259
11102121606,core,223,574,0,0,0,0,0,0,7,22,0,0,0,0,0,0,3,7,16,25,0,0,0,0,0,0,0,0,0,0,0,0,232,607,39,..,270,607
11102121607,core,258,568,10,12,59,164,69,177,0,0,0,0,0,0,0,0,0,10,0,10,0,0,0,0,0,0,0,0,0,0,0,0,327,754,46,..,367,754
11102121608,core,404,1119,0,0,0,0,0,0,0,0,0,0,0,0,0,0,0,0,0,4,0,0,0,0,0,0,0,0,0,0,0,0,405,1121,27,..,432,1121
11102121609,core,189,443,5,3,0,0,5,3,0,8,0,0,0,0,0,0,0,0,0,8,0,0,0,0,0,0,0,0,0,0,0,0,196,457,42,..,232,457
11102121610,core,144,358,0,0,0,0,0,0,3,9,0,0,0,0,0,0,0,0,3,9,0,0,0,0,0,0,0,0,0,0,0,0,150,362,20,..,170,362
11102121611,core,122,354,0,3,0,0,0,3,0,4,0,0,0,0,0,0,0,0,0,4,0,0,0,0,0,0,0,0,0,0,0,3,129,361,4,..,136,361
11102121612,core,280,770,8,14,3,20,20,31,0,0,0,0,0,0,0,0,0,0,0,0,0,0,0,0,0,0,0,0,0,0,0,0,292,807,35,..,331,807
11102121613,core,199,554,3,4,3,3,5,8,0,0,0,0,0,0,0,0,0,0,0,0,0,0,0,0,0,0,0,0,0,0,0,0,201,562,12,..,218,562
11102121614,core,147,355,0,0,0,0,0,0,0,0,0,0,0,0,0,0,0,5,0,5,0,0,0,0,0,0,0,0,0,0,0,3,147,360,6,..,158,360
11102121615,core,232,558,0,0,0,0,0,0,0,0,0,0,0,0,0,0,0,0,0,0,0,0,0,0,0,0,0,0,0,0,0,0,232,558,13,..,241,558
11102121616,core,186,428,0,0,0,0,0,0,0,0,0,0,0,0,0,0,0,0,0,0,0,0,0,0,0,0,0,0,0,0,0,0,189,427,33,..,218,427
11102121617,core,263,651,3,5,0,4,3,7,0,0,0,0,0,0,0,0,0,4,0,6,0,0,0,0,0,0,0,0,0,0,0,0,272,671,19,..,291,671
11102121701,core,0,0,0,0,0,0,0,0,145,168,0,0,0,0,0,0,0,0,145,168,0,0,0,0,0,0,0,0,0,0,0,0,145,168,17,..,160,168
11102121702,core,116,347,0,0,0,0,0,0,0,0,0,0,0,0,0,0,0,0,0,0,0,0,0,0,0,0,0,0,0,0,0,0,116,347,0,..,116,347
11102121703,core,92,231,0,0,0,0,0,0,0,0,0,0,0,0,0,0,0,0,0,0,0,0,0,0,0,0,0,0,0,0,0,0,92,231,3,..,92,231
11102121704,core,147,381,7,13,4,7,6,15,0,0,0,0,0,0,0,0,0,0,0,0,0,0,0,0,0,0,0,0,0,0,0,0,149,394,0,..,155,394
11102121705,core,192,405,3,3,8,14,12,21,0,0,0,0,0,0,0,0,0,0,0,0,0,0,0,0,0,0,0,0,0,0,0,3,207,426,16,..,220,426
11102121706,core,150,394,0,0,0,0,0,0,0,0,0,0,0,0,0,0,0,0,0,0,0,0,0,0,0,0,0,0,0,0,0,0,150,394,0,..,154,394
11102121707,core,125,280,22,25,5,8,25,34,10,16,0,0,0,0,0,0,0,0,10,16,0,0,0,0,0,0,0,0,0,0,0,0,167,332,19,..,177,332
11102121708,core,137,316,0,0,5,4,5,4,3,0,0,0,0,0,0,0,0,0,3,0,0,0,0,0,0,0,0,0,0,0,0,0,141,320,7,..,147,320
11102121709,core,117,329,0,5,0,0,0,5,0,0,0,0,0,0,0,0,0,0,0,0,0,0,0,0,0,0,0,0,0,0,0,0,114,337,5,..,121,337
11102121710,core,90,203,5,6,0,0,5,6,0,0,0,0,0,0,0,0,0,0,0,0,0,0,0,0,0,0,0,0,0,0,0,0,89,207,9,..,97,207
11102121711,core,216,573,0,0,0,0,0,0,0,0,0,0,0,0,0,0,0,0,0,0,0,0,0,0,0,0,0,0,0,0,0,0,216,573,11,..,219,573
11102121714,core,139,390,0,0,0,0,0,0,0,0,0,0,0,0,0,0,0,0,0,0,0,0,0,0,0,0,0,4,0,4,0,0,135,392,0,..,141,392
11102121718,core,5,18,4,7,0,0,4,7,0,0,0,0,0,0,0,0,0,3,0,3,0,0,0,0,0,0,0,0,0,0,0,0,6,26,0,..,6,26
11102121719,core,143,344,16,21,0,0,16,21,0,0,0,0,0,0,0,0,0,0,0,0,0,0,0,0,0,0,0,0,0,0,0,0,157,361,6,..,169,361
11102121720,core,71,193,0,5,0,0,0,5,0,5,0,0,0,0,0,0,0,0,0,5,0,0,0,0,0,0,0,0,0,0,0,0,74,196,9,..,77,196
11102121721,core,185,469,9,21,7,13,16,28,0,0,20,21,0,0,0,0,0,0,17,27,0,0,0,0,0,0,0,4,0,4,0,4,220,528,13,..,238,528
11102121722,core,173,493,0,0,0,0,0,0,0,0,0,0,0,0,0,0,0,0,0,0,0,0,0,0,0,0,0,0,0,0,0,0,172,493,0,..,182,493
11102121723,core,183,469,3,23,0,0,3,23,0,0,0,0,0,0,0,0,0,0,0,0,0,0,0,0,0,0,0,0,0,0,0,0,188,489,4,..,194,489
11102121724,core,126,395,3,6,0,0,3,6,0,0,0,0,0,0,0,0,0,0,0,0,0,0,0,0,0,0,0,0,0,0,0,5,139,411,0,..,138,411
11102121727,core,52,151,6,7,0,0,6,7,0,0,0,0,0,0,0,0,0,0,0,0,0,0,0,0,0,0,0,0,0,0,0,0,58,158,0,..,62,158
11102121729,core,146,406,0,0,0,0,0,0,0,0,0,0,0,0,0,0,0,0,0,0,0,0,0,0,0,0,0,0,0,0,0,0,146,406,4,..,146,406
11102121730,core,114,321,3,5,0,0,3,5,0,0,0,0,0,0,0,0,0,0,0,0,0,0,0,0,0,0,0,0,0,0,0,0,117,331,0,..,122,331
11102121731,core,153,421,0,0,0,0,0,0,0,0,0,0,0,0,0,0,0,0,0,0,0,0,0,0,0,0,0,0,0,0,0,0,153,421,0,..,159,421
11102121732,core,191,637,0,4,0,0,0,4,0,0,0,0,0,0,0,0,0,0,0,0,0,0,0,0,0,0,0,0,0,0,0,0,194,642,7,..,198,642
11102121734,core,0,0,0,0,0,0,0,0,0,0,0,0,0,0,0,0,0,0,0,0,0,0,0,0,0,0,0,0,0,0,0,0,0,0,0,..,0,0
11102121736,core,149,489,0,0,0,0,0,0,0,0,0,0,0,0,0,0,0,0,0,0,0,0,0,0,0,0,0,0,0,0,0,0,149,489,0,..,151,489
11102121737,core,138,441,0,0,0,0,0,0,0,0,0,0,0,0,0,0,0,0,0,0,0,0,0,0,0,0,0,0,0,0,0,0,138,441,6,..,141,441
11102121738,core,124,435,0,0,0,0,0,0,0,0,0,0,0,0,0,0,0,0,0,0,0,0,0,0,0,0,0,0,0,0,0,0,124,435,0,..,124,435
11102121739,core,0,4,0,0,0,0,0,0,0,0,0,0,0,0,0,0,0,0,0,0,0,0,0,0,0,0,0,0,0,0,0,0,0,4,0,..,0,4
11102121740,core,168,572,0,0,0,0,0,0,0,0,0,0,0,0,0,0,0,0,0,0,0,0,0,0,0,0,0,0,0,0,0,0,168,572,0,..,173,572
11102121741,core,174,598,5,3,0,4,3,6,0,0,0,0,0,0,0,0,0,0,0,0,0,0,0,0,0,0,0,0,0,0,0,0,182,605,3,..,185,605
11102121742,core,0,0,0,0,0,0,0,0,0,0,0,0,0,0,0,0,0,0,0,0,0,0,0,0,0,0,0,0,0,0,0,0,0,0,0,..,0,0
11102121743,core,228,744,0,0,0,0,0,0,0,0,0,0,0,0,0,0,0,0,0,0,0,0,0,0,0,0,0,0,0,0,0,0,229,748,10,..,238,748
11102121744,core,125,437,0,0,0,0,0,0,0,0,0,0,0,0,0,0,0,0,0,0,0,0,0,0,0,0,0,0,0,0,0,0,125,441,0,..,128,441
11102121745,core,129,463,0,0,0,0,0,0,0,0,0,0,0,0,0,0,0,5,0,5,0,0,0,0,0,0,0,0,0,0,0,0,132,464,7,..,134,464
11102121746,core,266,783,29,77,5,12,34,92,0,0,0,0,0,0,0,0,0,8,0,8,0,0,0,0,0,0,0,0,0,0,0,0,306,884,7,..,312,884
11102121747,core,115,303,59,85,0,0,59,85,0,0,0,0,0,0,0,0,0,0,0,0,0,0,0,0,0,0,0,0,0,0,0,0,171,383,8,..,180,383
11102121748,core,89,271,0,7,0,0,0,7,0,0,0,0,0,0,0,0,0,0,0,0,0,0,0,0,0,0,0,0,0,0,0,0,93,277,0,..,93,277
11102121749,core,238,784,0,0,0,0,0,0,0,0,0,0,0,0,0,0,0,0,0,0,0,0,0,0,0,0,0,0,0,0,0,0,244,783,7,..,249,783
11102121750,core,177,510,14,28,0,0,14,28,0,0,0,0,0,0,0,0,0,3,0,3,0,0,0,0,0,0,0,0,0,0,0,0,190,535,7,..,195,535
11102121801,core,136,477,0,0,0,0,0,0,0,0,0,0,0,0,0,0,0,5,0,5,0,0,0,0,0,0,0,0,0,0,0,0,139,482,5,..,146,482
11102121803,core,105,328,0,0,0,0,0,0,0,0,0,0,0,0,0,0,0,0,0,0,0,0,0,0,0,0,0,0,0,0,0,0,105,328,21,..,130,328
11102121804,core,10,12,0,0,0,0,0,0,0,0,0,0,0,0,0,0,0,0,0,0,0,0,0,0,0,0,0,0,0,0,0,0,12,11,0,..,12,11
11102121805,core,91,269,0,0,0,0,0,0,0,8,0,0,0,0,0,0,3,7,8,13,0,0,0,0,0,0,0,0,0,0,0,0,99,283,3,..,105,283
11102121807,core,73,181,0,4,0,0,0,4,3,3,0,0,0,0,0,0,0,0,3,3,0,0,0,0,0,0,0,0,0,0,0,0,75,183,6,..,80,183
11102121809,core,205,574,3,5,0,0,3,5,0,0,0,0,0,0,0,0,0,0,0,0,0,0,0,0,0,0,0,0,0,0,3,7,213,589,16,..,231,589
11102121810,core,86,275,0,0,0,0,0,0,0,0,0,0,0,0,0,0,0,0,0,0,0,0,0,0,0,0,0,0,0,0,0,0,86,275,5,..,90,275
11102121811,core,156,403,0,0,0,0,0,0,0,0,0,0,0,0,0,0,0,3,0,3,0,0,0,0,0,0,0,0,0,0,0,0,162,406,10,..,171,406
11102121812,core,177,514,99,167,5,6,100,176,0,0,0,0,0,0,0,0,0,0,0,0,0,0,103,157,0,0,0,5,100,157,0,0,380,853,47,..,428,853
11102121813,core,72,241,5,10,0,0,5,10,0,0,0,0,0,0,0,0,0,3,0,3,0,0,0,0,0,0,0,0,0,0,0,0,80,251,4,..,89,251
11102121814,core,189,503,0,0,0,0,0,0,10,12,0,0,0,0,0,0,0,0,10,12,0,0,0,0,0,0,0,0,0,0,0,0,197,515,8,..,206,515
11102121815,core,97,259,0,0,0,0,0,0,3,6,0,0,0,0,0,0,0,0,3,6,0,0,0,0,0,0,0,0,0,0,0,0,103,271,3,..,102,271
11102121816,core,131,404,0,0,0,0,0,0,0,0,0,0,0,0,0,0,0,0,0,0,0,0,0,0,0,0,0,0,0,0,0,4,131,411,26,..,161,411
11102121817,core,0,0,0,0,0,0,0,0,0,0,0,0,0,0,0,0,0,0,0,0,0,0,0,0,0,0,0,0,0,0,0,4,0,4,0,..,0,4
11102121819,core,122,268,0,0,0,0,0,0,0,0,0,0,0,0,0,0,0,0,0,0,0,0,0,0,0,0,0,0,0,0,0,0,122,268,21,..,143,268
11102121820,core,91,214,0,0,0,0,0,0,0,0,0,0,0,0,0,0,0,0,0,0,0,0,0,0,0,0,0,0,0,0,0,0,91,214,18,..,107,214
11102121822,core,245,550,0,0,0,0,0,0,4,7,0,0,0,0,0,0,0,0,5,7,0,0,0,0,0,0,0,0,0,0,0,0,251,556,29,..,278,556
11102121823,core,119,297,0,0,0,0,0,0,0,0,0,0,0,0,0,0,0,3,3,3,0,0,0,0,0,0,0,0,0,0,0,0,120,308,12,..,132,308
11102121824,core,66,190,4,4,0,0,4,4,0,0,0,0,0,0,0,0,0,0,0,0,0,5,0,0,0,0,0,0,0,5,5,5,73,197,4,..,77,197
11102121825,core,139,386,0,0,0,0,0,0,0,0,0,0,0,0,0,0,0,0,0,0,0,0,0,0,0,0,0,0,0,0,0,0,139,386,11,..,156,386
11102121827,core,214,376,0,0,0,0,0,0,0,0,0,0,0,0,0,0,0,0,0,0,0,0,11,11,0,0,0,0,13,9,0,4,230,387,21,..,247,387
11102121828,core,124,344,5,16,0,0,5,16,0,0,0,0,0,0,0,0,0,0,0,0,0,0,0,0,0,0,0,0,0,0,0,0,131,357,4,..,136,357
11102121829,core,66,154,9,9,0,0,9,9,0,0,4,8,0,0,0,0,0,0,5,4,0,0,0,0,0,0,0,0,0,0,0,0,80,171,4,..,83,171
11102121830,core,3,6,231,326,0,0,231,326,0,0,0,0,0,0,0,0,0,0,0,0,0,0,0,0,0,0,0,0,0,0,0,0,232,329,27,..,260,329
11102121831,core,193,329,0,0,0,0,0,0,4,11,0,0,0,0,0,0,0,0,4,11,0,0,0,0,0,0,0,0,0,0,0,0,194,339,11,..,205,339
11102121832,core,43,81,74,90,0,0,74,90,29,61,0,0,0,0,0,0,0,0,29,61,0,0,0,0,0,0,0,0,0,0,0,0,144,243,39,..,179,243
11102121833,core,116,297,0,0,0,0,0,0,6,11,0,0,0,0,0,0,0,0,6,11,0,0,0,0,0,0,0,0,0,0,0,0,119,304,8,..,128,304
11102121835,core,139,350,15,21,0,0,15,21,0,0,9,4,0,0,0,0,0,0,8,7,0,0,0,0,0,0,0,0,0,0,0,0,154,387,18,..,170,387
11102121836,core,131,313,4,6,3,3,0,6,3,7,0,0,0,0,0,0,0,0,4,8,0,0,0,0,0,0,0,0,0,0,0,0,146,332,10,..,151,332
11102121837,core,285,803,3,8,0,0,3,8,4,6,0,0,0,0,0,0,3,3,9,11,0,0,0,0,0,0,0,0,0,0,3,4,294,834,5,..,296,834
11102121838,core,32,90,0,0,0,0,0,0,0,0,0,0,0,0,0,0,0,0,0,0,0,0,0,0,0,0,0,0,0,0,0,0,36,92,4,..,38,92
11102121839,core,100,265,6,10,0,0,6,10,0,0,0,0,0,0,0,0,0,0,0,0,0,0,0,0,0,0,0,0,0,0,0,3,106,277,7,..,111,277
11102121840,core,119,387,0,0,0,0,0,0,0,0,0,0,0,0,0,0,0,0,0,0,0,0,0,0,0,0,0,0,0,0,0,0,119,387,9,..,126,387
11102121841,core,112,302,0,0,0,0,0,0,0,0,0,0,0,0,0,0,0,0,0,0,0,0,0,0,0,0,0,0,0,0,4,7,119,307,14,..,130,307
11102121842,core,139,382,87,128,4,4,88,135,17,27,0,0,0,0,0,0,0,0,18,23,0,0,0,0,0,0,0,0,0,0,0,0,244,538,14,..,257,538
11102121843,core,69,214,0,0,0,0,0,0,0,3,0,0,0,0,0,0,0,0,0,3,0,0,0,0,0,0,0,0,0,0,0,0,74,216,3,..,74,216
11102121844,core,13,39,0,0,0,0,0,0,0,0,0,0,0,0,0,0,0,0,0,0,0,0,0,0,0,0,0,0,0,0,0,0,13,39,0,..,15,39
11102121845,core,0,0,0,0,0,0,0,0,0,0,0,0,0,0,0,0,0,0,0,0,0,0,0,0,0,0,0,0,0,0,0,0,0,0,0,..,0,0
11102121846,core,189,622,4,5,0,0,4,5,0,0,0,0,0,0,0,0,0,3,0,3,0,0,0,0,0,0,0,0,0,0,0,0,193,633,4,..,199,633
11102121847,core,95,264,0,0,0,4,0,4,5,0,0,0,0,0,0,0,0,0,5,0,0,0,0,0,0,0,0,0,0,0,0,0,93,270,6,..,100,270
11102121848,core,84,213,0,0,0,0,0,0,0,0,0,0,0,0,0,0,3,8,3,8,0,0,0,0,0,0,0,0,0,0,0,0,88,215,17,..,105,215
11102121849,core,221,586,0,3,0,0,0,3,9,6,0,0,0,0,0,0,0,0,4,9,0,0,0,0,0,0,0,0,0,0,0,0,231,599,14,..,240,599
11102121850,core,204,638,0,0,0,0,0,0,0,0,0,0,0,0,0,0,0,0,0,0,0,0,0,0,0,0,0,0,0,0,0,0,204,638,4,..,211,638
11102121851,core,28,87,0,0,0,0,0,0,0,0,0,0,0,0,0,0,0,0,0,0,0,0,0,0,0,0,0,0,0,0,0,0,28,87,3,..,34,87
11102121852,core,131,302,85,113,0,0,85,113,8,12,0,0,0,0,0,0,0,0,8,12,0,0,0,0,0,0,0,0,0,0,0,0,218,429,41,..,260,429
11102121853,core,67,189,8,9,55,118,61,126,0,6,0,0,23,43,0,0,0,3,27,48,0,0,0,0,0,0,0,0,0,0,0,0,153,366,14,..,166,366
11102121854,core,118,325,0,0,0,0,0,3,0,3,0,0,0,0,0,0,0,0,0,3,11,22,0,0,0,0,0,0,12,25,11,19,143,372,6,..,152,372
11102121855,core,151,437,6,11,18,28,17,41,6,15,0,0,0,0,0,0,0,0,6,15,0,0,0,0,0,0,0,0,0,0,0,0,175,496,13,..,192,496
11102121856,core,123,225,0,0,19,43,19,43,0,0,0,0,0,0,0,0,0,0,0,0,0,0,0,0,0,0,0,0,0,0,0,0,143,273,17,..,162,273
11102121901,core,99,243,20,30,0,0,20,30,0,0,0,0,0,0,0,0,0,0,0,0,0,0,0,0,0,0,0,0,0,0,0,0,119,268,11,..,134,268
11102121902,core,99,219,17,39,28,42,48,82,3,8,39,76,20,39,0,0,0,5,65,128,0,0,7,5,0,0,0,0,7,5,0,0,210,431,25,..,236,431
11102121903,core,157,340,0,3,0,0,0,3,0,0,0,0,0,0,0,0,0,0,0,0,0,0,0,0,0,0,0,0,0,0,0,0,156,353,10,..,167,353
11102121904,core,163,404,3,6,0,6,7,9,0,0,0,0,0,0,0,0,0,3,0,3,0,0,0,0,0,0,0,0,0,0,0,0,165,422,3,..,176,422
11102121905,core,83,212,3,4,0,0,3,4,0,0,0,0,0,0,0,0,0,0,0,0,0,0,0,0,0,0,0,0,0,0,0,0,87,209,4,..,89,209
11102121906,core,57,151,13,28,12,26,28,51,0,0,0,0,0,0,0,0,0,0,0,0,0,0,0,0,0,0,0,0,0,0,0,0,88,201,10,..,93,201
11102121907,core,76,180,16,25,0,0,16,25,0,0,0,0,0,0,0,0,0,0,0,0,0,0,0,0,0,0,0,0,0,0,0,3,96,210,3,..,104,210
11102121908,core,155,408,0,0,4,15,4,15,0,0,0,0,0,0,0,0,0,3,0,3,0,0,0,0,0,0,0,0,0,0,0,0,166,425,13,..,175,425
11102121909,core,121,318,4,6,0,0,4,6,0,0,0,0,0,0,0,0,0,0,0,0,0,4,0,0,0,0,0,0,0,4,0,0,124,328,3,..,129,328
11102121910,core,158,337,25,29,100,152,126,184,18,27,0,0,35,56,0,0,0,0,51,82,0,0,0,0,0,4,0,0,0,4,0,4,333,603,29,..,364,603
11102121911,core,144,363,0,0,10,12,10,12,3,0,0,0,0,0,0,0,0,0,0,9,0,0,0,0,0,0,0,0,0,0,0,0,153,381,14,..,165,381
11102121912,core,71,176,6,14,0,0,6,14,0,0,0,0,0,0,0,0,0,0,0,0,0,0,0,0,0,0,0,0,0,0,0,0,81,189,0,..,79,189
11102121913,core,121,288,0,0,0,6,0,6,0,0,0,0,0,0,0,0,0,0,0,0,0,0,0,0,0,0,0,0,0,0,0,0,124,293,12,..,136,293
11102121914,core,172,390,0,0,3,3,3,3,0,0,0,0,0,0,0,0,0,0,0,0,0,0,0,0,0,0,0,0,0,0,0,0,173,395,29,..,200,395
11102121915,core,83,233,3,5,0,0,3,5,0,0,0,0,0,0,0,0,0,0,0,0,0,0,0,0,0,0,0,0,0,0,0,0,88,236,3,..,91,236
11102121916,core,111,250,16,27,8,4,22,28,14,10,0,0,0,0,0,0,0,0,19,13,0,0,0,0,0,0,0,0,0,0,0,0,149,300,12,..,162,300
11102121917,core,146,403,60,99,12,18,70,114,0,0,0,0,0,0,0,0,0,5,0,5,0,0,0,0,0,0,0,0,0,0,0,0,218,524,13,..,226,524
11102121918,core,153,360,4,5,0,0,4,5,22,32,0,0,0,0,0,0,0,0,22,32,0,0,0,0,0,0,0,0,0,0,0,0,183,392,7,..,189,392
11102121919,core,101,243,0,0,0,3,0,3,0,0,0,0,0,0,0,0,0,0,0,0,0,0,0,0,0,0,0,0,0,0,0,0,95,242,13,..,112,242
11102121921,core,0,3,0,0,0,0,0,0,0,0,0,0,0,0,0,0,0,0,0,0,0,0,0,0,0,0,0,0,0,0,0,0,0,3,0,..,0,3
11102121922,core,30,98,0,0,0,0,0,0,0,0,0,0,0,0,0,0,0,0,0,0,0,0,0,0,0,0,0,0,0,0,0,0,35,101,0,..,35,101
11102121923,core,179,457,6,4,0,0,0,5,0,0,0,0,0,0,0,0,0,0,0,0,0,0,0,0,0,0,0,0,0,0,0,0,177,461,25,..,201,461
11102121924,core,96,273,0,0,0,3,0,3,0,0,0,0,0,0,0,0,0,0,0,0,0,0,0,0,0,0,0,0,0,0,0,0,93,281,22,..,116,281
11102121925,core,120,319,0,0,0,0,0,0,0,5,0,0,0,0,0,0,0,0,0,5,0,0,0,0,0,0,0,0,0,0,0,0,118,328,0,..,123,328
11102121926,core,132,319,0,0,0,0,0,0,0,0,0,0,0,0,0,0,0,0,0,0,0,0,0,0,0,0,0,0,0,0,0,0,132,319,4,..,136,319
11102121927,core,0,0,0,0,0,0,0,0,0,0,0,0,0,0,0,0,0,0,0,0,0,0,0,0,0,0,0,0,0,0,0,0,0,0,0,..,0,0
11102121929,core,106,279,0,0,0,0,0,0,0,0,0,0,0,0,0,0,0,0,0,0,0,0,0,0,0,0,0,0,0,0,0,0,111,282,7,..,113,282
11102121930,core,155,430,3,8,0,0,3,8,0,0,0,0,0,0,0,0,0,0,0,0,0,0,0,0,0,0,0,0,0,0,0,0,154,435,6,..,157,435
11102121931,core,163,440,0,4,0,0,0,4,0,0,0,0,0,0,0,0,0,0,0,0,0,0,0,0,0,0,0,0,0,0,0,0,165,446,4,..,172,446
11102121933,core,96,220,0,0,43,83,43,83,4,9,0,0,0,0,0,0,0,0,4,9,0,0,0,0,0,0,0,0,0,0,0,0,139,305,12,..,151,305
11102121934,core,119,293,19,28,6,8,27,31,36,42,0,0,0,0,0,0,0,0,36,42,0,0,0,0,0,0,0,0,0,0,0,0,176,369,17,..,197,369
11102121935,core,147,339,8,17,29,60,34,73,3,9,0,0,0,0,0,0,0,0,3,9,5,5,17,24,0,0,0,4,26,31,0,0,214,455,18,..,231,455
11102121936,core,142,390,28,44,0,0,28,44,0,0,0,0,0,0,0,0,0,0,0,0,0,0,0,0,0,0,0,0,0,0,0,0,168,434,7,..,172,434
11102121937,core,128,301,9,17,4,11,14,18,0,0,0,0,0,0,0,0,0,3,0,3,0,0,0,0,0,0,0,0,0,0,0,0,139,324,5,..,145,324
11102121938,core,197,518,0,0,0,0,0,0,0,0,0,0,0,0,0,0,0,0,0,0,0,0,0,0,0,0,0,0,0,0,0,0,193,520,8,..,200,520
11102121939,core,92,243,5,5,0,0,5,5,0,0,0,0,0,0,0,0,0,0,0,0,0,0,0,0,0,0,0,0,0,0,0,0,98,252,5,..,103,252
11102121940,core,80,194,14,19,0,0,14,19,7,13,0,0,0,0,0,0,0,0,7,13,0,0,0,0,0,0,0,0,0,0,0,0,101,229,5,..,109,229
11102121941,core,102,320,7,10,3,7,4,17,0,0,0,0,0,0,0,0,0,0,0,0,0,0,0,0,0,0,0,0,0,0,0,0,115,337,0,..,116,337
11102121942,core,65,166,14,27,8,12,18,42,0,0,0,0,0,0,0,0,0,0,0,0,0,0,0,0,0,0,0,0,0,0,0,5,86,207,3,..,97,207
11102121943,core,97,156,0,0,0,0,0,0,0,0,0,0,0,0,0,0,0,0,0,0,0,0,0,0,0,0,0,0,0,0,0,0,95,155,9,..,107,155
11102121944,core,149,345,16,22,10,4,20,29,13,16,0,0,0,0,0,0,0,0,16,19,0,0,0,0,0,0,0,0,0,0,0,0,188,390,14,..,201,390
11102122001,core,152,395,0,11,0,0,0,11,0,0,0,0,0,0,0,0,0,0,0,0,0,0,0,0,0,0,0,0,0,0,0,0,157,406,9,..,172,406
11102122002,core,123,326,0,0,3,9,3,9,0,0,0,0,0,0,0,0,0,0,0,0,0,0,0,0,0,0,0,0,0,0,0,7,126,333,6,..,133,333
11102122003,core,146,368,0,0,4,7,4,7,0,0,0,0,0,0,0,0,0,0,0,0,0,0,0,0,0,0,0,0,0,0,0,0,156,376,21,..,174,376
11102122004,core,163,442,3,3,0,0,3,3,0,0,0,0,0,0,0,0,0,0,0,0,0,0,0,0,0,0,0,0,0,0,0,0,166,445,7,..,174,445
11102122005,core,188,498,3,7,3,8,5,16,0,0,0,0,0,0,0,0,0,0,0,0,0,0,0,0,0,0,0,0,0,0,0,0,197,513,17,..,214,513
11102122006,core,166,431,41,59,3,5,38,62,0,0,0,0,0,0,0,0,0,0,0,0,0,0,0,0,0,0,0,0,0,3,0,0,204,500,9,..,214,500
11102122007,core,178,460,0,3,0,6,4,3,0,0,0,0,0,0,0,0,0,0,0,0,0,0,0,0,0,0,0,0,0,0,0,0,182,470,6,..,195,470
11102122009,core,178,419,47,54,0,0,47,54,0,4,0,0,0,0,0,0,0,7,6,6,0,0,0,0,0,0,0,0,0,0,0,0,225,483,9,..,241,483
11102122010,core,193,461,0,0,0,0,0,0,3,6,0,0,0,0,0,0,0,0,3,6,0,0,0,0,0,0,0,0,0,0,0,0,198,466,21,..,219,466
11102122011,core,249,686,3,3,0,3,4,7,0,0,0,0,0,0,0,0,5,3,5,3,0,0,0,0,0,0,0,0,0,0,0,0,249,689,18,..,278,689
11102122012,core,145,383,0,0,0,0,0,0,4,3,0,0,0,0,0,0,0,0,4,3,0,0,0,0,0,0,0,0,0,0,0,0,147,387,9,..,150,387
11102122013,core,195,480,3,10,0,0,3,10,0,0,0,0,0,0,0,0,0,3,0,3,0,0,0,0,0,0,0,0,0,0,0,0,199,489,27,..,225,489
11102122014,core,141,336,0,0,0,0,0,0,0,4,0,0,0,0,0,0,0,0,0,4,0,0,0,0,0,0,0,0,0,0,0,3,145,343,22,..,168,343
11102122015,core,105,256,3,6,0,0,3,6,0,0,0,0,0,0,0,0,0,0,0,0,0,0,0,0,0,0,0,0,0,0,0,0,103,260,8,..,119,260
11102122016,core,191,500,0,0,0,0,0,0,0,0,0,0,0,0,0,0,0,0,0,0,0,0,0,0,0,0,0,0,0,0,0,0,191,500,8,..,195,500
11102122017,core,161,382,0,0,0,0,0,0,0,0,0,0,0,0,0,0,0,0,0,0,0,0,0,0,0,0,0,0,0,0,0,0,161,382,14,..,180,382
11102122018,core,116,280,0,0,6,9,6,9,0,0,0,0,0,0,0,0,0,0,0,0,9,9,0,0,0,3,0,0,6,12,0,0,131,294,16,..,142,294
11102122019,core,130,319,0,0,0,0,0,0,3,5,0,0,0,0,0,0,0,0,3,5,0,0,0,0,0,0,0,0,0,0,0,0,136,322,16,..,154,322
11102122020,core,222,549,7,8,14,20,20,28,5,3,0,0,0,0,0,0,0,0,5,3,0,0,0,0,0,0,7,13,7,13,0,0,254,593,46,..,304,593
11102122021,core,239,555,3,11,0,0,5,15,15,28,30,44,0,0,0,0,0,0,46,76,0,0,0,0,0,0,0,0,0,0,0,0,294,642,54,..,340,642
11102122022,core,0,0,0,0,0,0,0,0,0,0,0,0,0,0,0,0,0,0,0,0,0,0,0,0,0,0,0,0,0,0,0,0,0,0,0,..,0,0
11102122023,core,0,0,0,0,0,0,0,0,0,0,0,0,0,0,0,0,0,0,0,0,0,0,0,0,0,0,0,0,0,0,0,0,0,0,0,..,0,0
11102122024,core,15,40,0,0,0,0,0,0,0,0,0,0,0,0,0,0,0,0,0,0,0,0,0,0,0,0,0,0,0,0,0,0,15,40,0,..,15,40
11102122101,core,128,366,0,0,0,0,0,0,0,0,0,0,0,0,0,0,0,0,0,0,0,0,0,0,0,0,0,0,0,0,0,0,128,366,3,..,129,366
11102122102,core,65,167,0,0,0,0,0,0,0,0,0,0,0,0,0,0,0,0,0,0,0,0,0,0,0,0,0,0,0,0,0,0,65,167,0,..,70,167
11102122103,core,105,270,0,0,0,0,0,0,0,0,0,0,0,0,0,0,0,0,0,0,0,0,0,0,0,0,0,0,0,0,0,0,105,270,4,..,106,270
11102122104,core,122,338,0,0,0,0,0,0,0,8,0,0,0,0,0,0,0,0,0,8,0,0,0,0,0,0,0,0,0,0,0,0,127,342,0,..,128,342
11102122105,core,77,207,0,0,0,0,0,0,0,0,0,0,0,0,0,0,0,0,0,0,0,0,0,0,0,0,0,0,0,0,0,0,77,207,5,..,84,207
11102122106,core,163,436,0,0,0,0,0,0,0,0,0,0,0,0,0,0,0,0,0,0,0,0,0,0,0,0,0,0,0,0,0,0,163,436,4,..,170,436
11102122107,core,107,308,0,0,0,0,0,0,0,0,0,0,0,0,0,0,0,0,0,0,0,0,0,0,0,0,0,0,0,0,0,0,107,308,0,..,112,308
11102122108,core,327,789,16,21,5,9,21,29,0,0,0,0,0,0,0,0,0,0,0,0,0,0,0,0,0,0,0,0,0,0,0,0,346,822,12,..,362,822
11102122109,core,80,235,0,0,0,0,0,0,0,0,0,0,0,0,0,0,0,0,0,0,0,0,0,0,0,0,0,0,0,0,0,0,80,235,4,..,83,235
11102122110,core,104,329,4,6,0,0,4,6,0,0,0,0,0,0,0,0,0,0,0,0,0,0,0,0,0,0,0,0,0,0,0,0,106,329,0,..,110,329
11102122111,core,109,325,0,0,0,0,0,0,0,0,0,0,0,0,0,0,0,0,0,0,0,0,0,0,0,0,0,0,0,0,0,0,109,325,0,..,110,325
11102122112,core,155,423,0,3,0,0,0,3,0,0,0,0,0,0,0,0,0,0,0,0,0,0,0,0,0,0,0,0,0,0,0,0,156,429,5,..,166,429
11102122113,core,121,339,0,0,0,0,0,0,0,0,0,0,0,0,0,0,0,6,3,5,0,0,0,0,0,0,0,0,0,0,0,0,122,345,5,..,126,345
11102122114,core,270,738,8,29,3,0,13,33,0,0,0,0,0,0,0,0,0,0,0,0,0,0,0,0,0,0,0,3,0,3,0,0,280,776,5,..,293,776
11102122115,core,150,421,0,0,0,0,0,0,0,4,0,0,0,0,0,0,0,0,0,4,0,0,0,0,0,0,3,3,3,3,0,0,157,423,3,..,159,423
11102122116,core,87,226,0,0,0,0,0,0,0,0,0,0,0,0,0,0,0,0,0,0,0,0,0,0,0,0,0,0,0,0,0,0,87,226,0,..,93,226
11102122117,core,122,301,0,3,0,0,0,3,0,0,0,0,0,0,0,0,0,0,0,0,0,0,0,0,0,0,0,3,0,3,0,0,123,312,4,..,124,312
11102122118,core,73,217,0,0,0,0,0,0,0,0,0,0,0,0,0,0,6,5,6,5,0,0,0,0,0,0,0,0,0,0,0,0,79,226,3,..,82,226
11102122119,core,84,224,0,0,0,6,0,6,0,3,0,0,0,0,0,0,0,0,0,3,0,0,0,0,0,0,3,0,3,0,0,0,98,234,8,..,97,234
11102122120,core,58,187,0,0,0,0,0,0,0,0,0,0,0,0,0,0,0,0,0,0,0,0,0,0,0,0,0,0,0,0,0,0,58,187,4,..,68,187
11103122201,core,130,369,0,0,0,0,0,0,13,28,0,0,0,0,0,0,0,0,13,28,0,0,0,0,0,0,0,0,0,0,0,0,142,399,10,..,148,399
11103122202,core,130,323,0,0,8,7,8,7,0,0,0,0,0,0,0,0,0,0,0,0,0,0,0,0,0,0,0,0,0,0,0,0,140,334,8,..,143,334
11103122203,core,116,307,40,84,51,88,95,171,0,0,0,0,0,0,0,0,0,0,0,0,0,0,0,0,0,0,0,0,0,0,0,0,207,477,6,..,222,477
11103122204,core,214,593,0,0,0,0,0,0,0,0,0,0,0,0,0,0,0,0,0,0,0,0,0,0,0,0,0,0,0,0,0,0,214,593,8,..,220,593
11103122205,core,145,411,0,0,0,0,0,0,0,0,0,0,0,0,0,0,0,0,0,0,0,0,0,0,0,0,0,0,0,0,0,0,145,411,4,..,153,411
11103122206,core,172,458,0,8,0,0,3,8,0,0,0,0,0,0,0,0,0,0,0,0,0,0,0,0,0,0,0,0,0,0,0,0,176,462,8,..,184,462
11103122207,core,198,555,0,0,19,38,19,38,0,4,0,0,0,0,0,0,0,0,0,4,0,0,0,0,0,0,0,0,0,0,0,0,219,597,7,..,227,597
11103122208,core,149,360,4,9,23,56,32,66,38,82,0,0,0,0,0,0,0,0,38,82,0,0,0,0,0,0,0,0,0,0,0,0,214,505,13,..,235,505
11103122209,core,91,295,0,0,0,0,0,0,0,0,0,0,0,0,0,0,0,0,0,0,0,0,0,0,0,0,0,0,0,0,0,0,91,295,3,..,89,295
11103122210,core,153,380,19,29,43,81,62,112,29,48,0,0,0,0,0,0,0,0,29,48,0,0,0,0,0,0,0,0,0,0,0,0,247,535,25,..,273,535
11103122211,core,111,329,0,0,5,10,11,14,0,0,0,0,0,0,0,0,5,10,5,10,0,0,0,0,0,0,0,0,0,0,0,0,117,351,3,..,126,351
11103122212,core,157,412,7,14,21,27,28,42,24,39,0,0,0,0,0,0,0,0,29,42,0,0,0,0,0,0,0,0,0,0,0,0,213,497,8,..,223,497
11103122213,core,86,214,9,20,0,0,9,20,10,12,0,0,0,0,0,0,0,0,10,12,0,0,0,0,0,0,0,0,0,0,0,0,105,250,6,..,112,250
11103122214,core,107,267,16,21,0,3,17,23,19,38,0,0,0,0,0,0,0,0,19,38,0,0,0,0,0,0,0,0,0,0,0,0,150,326,15,..,160,326
11103122215,core,93,294,26,43,15,36,44,76,0,3,0,0,0,0,0,0,0,0,0,3,0,0,0,0,0,0,0,0,0,0,0,0,144,376,4,..,144,376
11103122216,core,176,482,0,0,7,25,10,24,0,0,0,0,0,0,0,0,0,0,0,0,0,0,0,0,0,0,0,0,0,0,0,0,183,511,9,..,194,511
11103122217,core,169,479,19,37,11,17,32,50,3,8,0,0,0,0,0,0,0,0,3,8,0,0,0,0,0,0,0,0,0,0,0,0,204,535,13,..,217,535
11103122218,core,120,312,31,50,16,27,40,74,46,73,0,0,0,0,0,0,0,0,46,73,0,0,0,0,0,0,0,0,0,0,0,3,208,463,9,..,216,463
11103122219,core,120,294,0,7,33,61,35,66,17,21,15,26,0,0,0,0,0,0,29,52,0,0,0,0,0,0,0,3,0,3,0,0,189,412,14,..,203,412
11103122220,core,149,412,6,9,32,70,36,81,3,0,8,9,7,4,0,0,0,0,14,18,0,0,0,0,0,0,0,0,0,0,0,0,198,509,13,..,212,509
11103122221,core,3,7,0,0,0,0,0,0,0,0,0,0,0,0,0,0,0,0,0,0,0,0,0,0,0,0,0,0,0,0,0,0,0,9,0,..,0,9
11103122222,core,0,3,0,0,0,0,0,0,0,0,0,0,0,0,0,0,0,0,0,0,0,0,0,0,0,0,0,0,0,0,0,0,0,3,0,..,0,3
11103122223,core,197,550,9,10,21,59,30,72,0,0,0,0,0,0,0,0,0,0,0,0,0,0,0,0,0,0,0,3,0,3,0,0,231,620,10,..,239,620
11103122224,core,172,444,0,0,6,18,6,18,0,0,0,0,0,0,0,0,0,3,0,3,0,0,0,0,0,0,0,0,0,0,0,0,183,459,10,..,192,459
11103122225,core,161,451,15,27,0,3,12,34,0,0,0,0,0,0,0,0,0,3,0,3,0,0,0,0,0,0,0,0,0,0,0,0,179,485,11,..,195,485
11103122226,core,125,360,10,16,12,23,18,37,0,0,0,0,0,0,0,0,0,0,0,0,0,0,0,0,0,0,0,0,0,0,0,0,144,396,11,..,152,396
11103122227,core,171,479,0,3,3,5,5,14,0,0,0,0,0,0,0,0,0,0,0,0,0,0,0,0,0,0,0,0,0,0,0,0,172,493,3,..,177,493
11103122228,core,109,346,0,0,0,0,0,0,20,38,0,0,0,0,0,0,0,4,20,40,0,0,0,0,0,0,0,7,0,7,0,0,133,390,11,..,143,390
11103122229,core,160,407,6,10,0,3,8,15,0,0,0,0,0,0,0,0,0,4,0,4,0,0,0,0,0,0,0,0,0,0,0,0,167,427,11,..,179,427
11103122230,core,152,449,0,0,0,3,0,3,0,0,0,0,0,0,0,0,0,0,0,0,0,0,0,0,0,0,0,0,0,0,0,0,155,452,9,..,161,452
11103122231,core,108,331,3,0,6,13,3,14,0,0,0,0,0,0,0,0,0,0,0,0,0,0,0,0,0,0,0,0,0,0,0,0,113,346,6,..,128,346
11103122232,core,162,443,0,0,4,22,4,22,0,0,0,0,0,0,0,0,0,0,0,0,0,0,0,0,0,0,0,0,0,0,0,0,175,464,4,..,176,464
11103122233,core,147,370,0,0,8,21,8,21,0,0,0,0,0,0,0,0,0,0,0,0,0,0,0,0,0,0,0,0,0,0,0,0,153,388,0,..,160,388
11103122234,core,114,343,0,0,0,0,0,0,5,3,0,0,0,0,0,0,0,0,5,3,0,0,0,0,0,0,0,0,0,0,0,0,114,348,6,..,121,348
11103122235,core,215,609,0,0,0,0,0,0,0,4,0,0,0,0,0,0,0,0,0,4,0,0,0,0,0,0,0,0,0,0,0,0,220,615,7,..,223,615
11103122236,core,114,313,4,7,0,0,4,7,4,7,5,3,0,0,0,0,0,0,9,9,0,0,0,0,0,0,0,0,0,0,0,0,125,326,3,..,123,326
11103122237,core,0,0,0,0,0,0,0,0,0,0,0,0,0,0,0,0,0,0,0,0,0,0,0,0,0,0,0,0,0,0,0,0,0,0,0,..,0,0
11103122238,core,0,0,0,0,0,0,0,0,0,0,0,0,0,0,0,0,0,0,0,0,0,0,0,0,0,0,0,0,0,0,0,0,0,0,0,..,0,0
11103122239,core,61,131,55,87,25,52,78,136,48,63,57,84,21,27,0,0,0,0,126,180,0,0,0,0,0,0,0,7,0,7,0,0,268,445,21,..,293,445
11103122240,core,152,389,0,0,16,25,16,27,20,33,0,0,0,0,0,0,0,0,20,33,0,0,0,0,0,0,0,6,0,6,0,0,190,454,14,..,201,454
11103122301,core,72,199,9,7,0,0,9,7,0,0,0,0,0,0,0,0,0,0,0,0,0,0,0,0,0,0,0,0,0,0,0,0,75,214,0,..,80,214
11103122302,core,161,387,4,5,0,9,3,7,5,4,0,0,0,0,0,0,3,7,8,11,0,0,0,0,0,0,0,0,0,0,0,0,174,407,10,..,185,407
11103122303,core,207,503,13,21,0,0,13,21,0,0,0,0,0,0,0,0,0,7,0,7,0,0,0,0,0,0,0,0,0,0,0,0,227,528,13,..,242,528
11103122304,core,129,296,5,6,0,0,5,6,0,0,0,0,0,0,0,0,0,0,0,0,0,0,0,0,0,0,0,0,0,0,0,0,133,308,4,..,140,308
11103122306,core,161,387,17,17,0,0,17,17,0,0,0,0,0,0,0,0,0,0,0,0,0,0,0,0,0,0,0,0,0,0,0,0,181,409,7,..,190,409
11103122307,core,164,410,0,0,0,0,0,0,0,0,0,0,0,0,0,0,0,0,0,0,0,0,0,0,0,0,0,0,0,0,0,0,164,410,6,..,172,410
11103122308,core,127,346,3,3,0,0,3,3,3,5,0,0,0,0,0,0,0,4,3,6,0,0,0,0,0,0,0,0,0,0,0,0,129,355,5,..,137,355
11103122309,core,13,25,0,0,0,0,0,0,0,0,0,0,0,0,0,0,0,0,0,0,0,0,0,0,0,0,0,0,0,0,0,7,16,28,4,..,14,28
11103122310,core,177,437,16,25,4,5,22,33,0,0,0,0,0,0,0,0,4,5,4,5,0,0,0,0,0,0,0,0,0,0,0,0,197,473,22,..,222,473
11103122311,core,171,421,45,76,3,3,50,83,0,0,7,13,0,0,0,0,0,0,7,13,0,0,0,0,0,0,0,0,0,0,0,0,231,515,18,..,247,515
11103122312,core,150,352,23,38,0,0,23,38,0,0,0,0,0,0,0,0,0,0,0,0,0,0,0,0,0,0,0,0,0,0,0,0,173,395,3,..,178,395
11103122313,core,270,512,8,18,0,0,13,23,0,0,0,0,0,0,0,0,0,0,0,0,0,0,0,0,0,0,0,0,0,0,0,0,281,540,9,..,291,540
11103122314,core,97,334,0,0,0,0,0,0,0,0,0,0,0,0,0,0,0,0,0,0,0,0,0,0,0,0,0,0,0,0,0,0,97,334,10,..,103,334
11103122315,core,103,273,0,0,0,0,0,0,0,0,0,0,0,0,0,0,0,0,0,0,0,0,0,0,0,0,0,0,0,0,0,0,103,273,0,..,104,273
11103122316,core,83,193,0,0,0,0,0,0,4,6,0,0,0,0,0,0,0,0,4,6,0,0,0,0,0,0,0,0,0,0,0,0,85,198,6,..,90,198
11103122317,core,140,392,12,14,9,9,17,22,0,0,0,0,0,0,0,0,0,0,0,0,0,0,0,0,0,0,0,0,0,0,0,0,160,415,4,..,164,415
11103122318,core,125,299,0,0,0,0,0,0,0,0,0,0,0,0,0,0,0,0,0,0,0,0,0,0,0,0,0,0,0,0,0,0,125,299,8,..,133,299
11103122319,core,121,325,0,0,0,0,0,0,0,0,0,0,0,0,0,0,0,0,0,0,0,0,0,0,0,0,0,0,0,0,0,0,121,325,7,..,131,325
11103122320,core,140,348,17,27,0,0,17,27,0,0,0,0,0,0,0,0,0,0,0,0,0,0,0,0,0,0,0,0,0,0,0,0,158,373,4,..,161,373
11103122321,core,81,264,0,0,0,0,0,0,0,0,0,0,0,0,0,0,0,0,0,0,0,0,0,0,0,0,0,0,0,0,0,0,81,264,6,..,86,264
11103122322,core,166,485,6,6,0,0,6,6,0,0,0,0,0,0,0,0,0,0,0,0,0,0,0,0,0,0,0,0,0,0,0,0,170,493,13,..,183,493
11103122323,core,112,267,0,0,0,0,0,0,0,0,0,0,0,0,0,0,0,0,0,0,0,0,0,0,0,0,0,0,0,0,0,0,112,267,3,..,116,267
11103122324,core,88,206,3,3,6,10,10,17,0,0,0,0,0,0,0,0,0,0,0,0,0,0,0,0,0,0,0,0,0,0,0,0,97,227,7,..,100,227
11103122325,core,41,99,0,0,0,0,0,0,0,0,0,0,0,0,0,0,0,0,0,0,0,0,0,0,0,0,0,0,0,0,0,0,41,99,0,..,39,99
11103122401,core,158,450,9,14,16,35,25,51,3,8,0,0,0,0,0,0,0,0,3,8,0,0,0,0,0,0,0,0,0,0,0,0,192,504,21,..,209,504
11103122402,core,124,347,0,7,4,7,8,13,3,6,0,0,0,0,0,0,0,0,3,6,0,0,0,0,0,0,0,0,0,0,0,0,128,367,10,..,143,367
11103122403,core,4,14,0,0,0,0,0,0,45,50,92,127,91,107,0,0,0,0,225,284,0,0,0,0,0,0,0,0,0,0,0,0,226,294,62,..,288,294
11103122404,core,108,274,0,0,28,57,27,60,33,35,48,59,0,0,0,0,0,0,84,92,0,0,0,0,0,0,0,0,0,0,0,0,215,422,7,..,227,422
11103122405,core,27,72,5,3,39,97,39,102,49,49,56,87,0,0,0,0,0,3,104,143,0,0,0,0,0,0,0,0,0,0,0,0,171,312,32,..,204,312
11103122406,core,19,60,0,0,42,107,42,107,0,0,0,0,0,0,0,0,0,0,0,0,0,0,0,0,0,0,0,0,0,0,0,0,63,168,4,..,70,168
11103122407,core,23,51,3,3,0,9,5,10,32,37,34,52,67,133,132,191,0,0,262,417,0,0,0,0,0,0,4,12,4,12,0,0,299,493,88,..,394,493
11103122408,core,50,135,7,12,22,45,28,59,3,5,0,0,0,0,0,0,0,0,3,5,0,0,0,0,0,0,4,10,4,10,0,0,82,203,12,..,94,203
11103122409,core,3,7,0,0,0,0,0,0,0,0,0,0,0,0,0,0,0,0,0,0,0,0,0,0,0,0,0,0,0,0,0,0,3,7,0,..,3,7
11103122410,core,0,0,0,0,6,5,6,5,0,0,0,0,0,0,0,0,0,0,0,0,0,0,0,0,0,0,0,0,0,0,0,0,6,5,0,..,6,5
11103122411,core,112,245,10,17,5,13,17,28,0,0,0,0,0,0,0,0,0,0,0,0,0,0,0,0,0,0,0,0,0,0,0,0,130,275,14,..,141,275
11103122412,core,208,489,0,0,13,28,13,28,0,0,0,0,0,0,0,0,3,4,3,4,0,0,0,0,0,0,0,0,0,0,0,3,230,531,17,..,243,531
11103122413,core,119,293,33,49,32,63,57,112,25,29,0,0,0,0,0,0,0,0,24,32,0,0,0,0,0,0,0,0,0,0,0,0,204,433,12,..,214,433
11103122414,core,127,294,13,17,6,16,17,33,7,6,0,0,0,0,0,0,0,0,7,6,0,0,0,0,0,0,0,5,0,5,0,0,156,343,12,..,167,343
11103122415,core,132,319,6,11,5,14,10,21,3,3,11,28,31,55,0,0,0,0,51,81,0,0,0,0,0,0,0,0,0,0,0,0,194,422,24,..,220,422
11103122416,core,0,0,0,0,0,0,0,0,0,0,0,0,0,0,0,0,0,0,0,0,0,0,0,0,0,0,0,0,0,0,0,0,0,0,0,..,0,0
11103122417,core,60,125,20,30,5,21,27,48,8,9,13,14,0,3,0,0,0,0,17,27,0,0,0,0,0,0,0,0,0,0,0,0,103,200,18,..,123,200
11103122418,core,170,408,31,57,14,30,49,84,27,39,18,34,0,0,0,0,0,0,44,72,0,0,0,0,0,0,0,7,0,7,0,0,259,571,30,..,290,571
11103122419,core,156,329,3,11,0,5,7,19,3,3,0,0,0,0,0,0,0,0,3,3,0,0,0,0,0,0,0,0,0,0,0,0,167,353,16,..,182,353
11103122420,core,33,65,14,17,29,45,36,67,0,8,0,0,0,0,0,0,0,0,0,8,0,0,0,0,0,0,0,0,0,0,0,5,78,137,4,..,80,137
11103122421,core,157,380,11,23,63,139,79,165,32,57,24,36,22,40,0,0,0,0,80,139,0,0,0,0,0,0,13,18,13,18,0,0,323,696,40,..,362,696
11103122422,core,203,536,11,26,26,51,43,75,7,13,5,8,0,0,0,0,0,0,14,18,0,0,0,0,0,0,6,9,6,9,0,9,259,646,21,..,282,646
11103122423,core,73,186,15,37,69,111,84,142,31,58,0,0,0,0,0,0,0,4,35,57,0,0,0,0,0,0,0,0,0,0,4,0,190,387,16,..,211,387
11103122424,core,120,265,14,32,22,51,39,85,15,25,0,0,0,0,0,0,0,0,15,25,0,0,0,0,0,0,0,0,0,0,0,0,171,378,14,..,186,378
11103122425,core,92,215,4,7,60,132,66,137,17,29,5,0,10,19,0,0,0,0,33,54,0,0,0,0,0,0,11,11,11,11,0,0,200,424,35,..,235,424
11103122426,core,139,330,33,65,45,82,87,146,13,14,45,55,12,23,0,0,0,0,67,89,0,0,0,0,0,0,7,5,7,5,0,0,292,574,23,..,317,574
11103122427,core,188,507,15,32,11,13,20,43,4,7,0,4,0,0,0,0,0,0,9,14,0,0,0,0,0,0,0,0,0,0,0,0,220,569,14,..,238,569
11103122428,core,119,330,0,0,0,0,0,0,0,0,0,0,0,0,0,0,0,0,0,0,0,0,0,0,0,0,0,0,0,0,0,0,123,327,8,..,131,327
11103122429,core,158,439,6,20,9,16,14,30,0,0,0,0,0,0,0,0,0,0,0,0,0,0,0,0,0,0,0,4,0,4,0,5,179,474,4,..,182,474
11103122430,core,136,366,0,5,0,0,0,5,0,0,0,0,0,0,0,0,0,6,0,6,0,0,0,0,0,0,0,0,0,0,0,0,141,382,7,..,150,382
11103122431,core,156,447,9,14,4,11,13,27,3,7,0,0,0,0,0,0,0,0,3,7,0,0,0,0,0,0,0,0,0,0,0,0,171,477,8,..,179,477
11103122432,core,89,236,0,0,3,6,3,6,0,0,0,0,0,0,0,0,0,0,0,0,0,0,0,0,0,0,0,0,0,0,0,0,90,244,3,..,95,244
11103122501,core,201,531,0,0,6,13,6,13,0,0,0,0,0,0,0,0,0,0,0,0,0,0,0,0,0,0,0,0,0,0,0,0,202,540,10,..,217,540
11103122502,core,104,272,0,0,3,7,3,7,0,0,0,0,0,0,0,0,0,0,0,0,0,0,0,0,0,0,0,5,0,5,0,0,109,282,6,..,115,282
11103122503,core,145,386,0,0,0,0,0,0,3,5,0,0,0,0,0,0,0,0,3,5,0,0,0,0,0,0,0,0,0,0,0,0,149,392,10,..,162,392
11103122504,core,189,469,34,51,68,112,97,171,0,0,0,0,0,0,0,0,0,0,0,0,0,0,0,0,0,0,0,0,0,0,0,0,285,636,22,..,307,636
11103122505,core,141,377,0,0,0,0,0,0,0,0,0,0,0,0,0,0,0,0,0,0,0,0,0,0,0,0,0,0,0,0,0,0,141,377,9,..,147,377
11103122506,core,102,278,3,7,4,6,5,15,0,3,0,0,0,0,0,0,0,0,0,3,0,0,0,0,0,0,0,0,0,0,0,0,108,300,5,..,116,300
11103122507,core,128,309,43,73,19,45,63,118,11,15,0,0,0,0,0,0,0,0,11,15,0,0,0,0,0,0,3,4,3,4,0,0,204,445,13,..,217,445
11103122508,core,168,512,20,30,4,8,27,38,4,3,0,0,0,0,0,0,0,0,4,3,0,0,0,0,0,0,0,0,0,0,0,0,195,554,13,..,203,554
11103122509,core,96,260,29,43,16,31,50,73,4,3,0,0,0,0,0,0,0,0,4,5,0,0,0,0,0,0,0,0,0,0,0,0,151,337,9,..,158,337
11103122510,core,98,252,36,46,0,0,37,44,0,0,0,0,0,0,0,0,0,0,0,0,0,0,0,0,0,0,0,0,0,0,0,0,129,294,5,..,137,294
11103122511,core,129,338,3,8,3,9,7,12,0,0,0,0,0,0,0,0,0,0,0,0,0,0,0,0,0,0,0,0,0,0,0,0,129,356,4,..,137,356
11103122512,core,134,330,8,13,0,0,8,13,0,0,0,0,0,0,0,0,0,0,0,0,0,0,0,0,0,0,0,0,0,0,0,0,145,341,8,..,152,341
11103122513,core,238,604,0,0,0,0,0,0,0,5,0,0,0,0,0,0,0,0,5,6,0,0,0,0,0,0,0,0,0,0,0,0,242,613,8,..,248,613
11103122514,core,151,363,47,65,27,48,79,114,3,13,0,0,0,0,0,0,0,0,3,13,0,0,0,0,0,0,0,0,0,0,0,6,235,496,11,..,245,496
11103122515,core,101,277,3,5,0,0,3,5,0,5,0,0,0,0,0,0,0,4,3,3,0,0,0,0,0,0,0,0,0,0,0,0,113,289,7,..,117,289
11103122516,core,143,361,0,3,14,16,13,20,64,87,0,0,0,0,0,0,0,4,66,93,0,0,0,0,0,0,4,5,4,5,0,0,226,481,19,..,238,481
11103122517,core,86,252,3,13,7,17,13,21,36,70,0,0,0,0,0,0,5,4,40,75,0,0,0,0,0,0,0,0,0,0,0,0,142,350,13,..,149,350
11103122518,core,157,417,30,41,6,9,35,51,11,16,0,0,0,0,0,0,3,5,16,29,0,0,0,0,0,0,0,3,0,3,0,0,208,495,7,..,218,495
11103122519,core,152,355,19,52,14,40,40,83,6,7,15,18,0,0,0,0,0,0,20,25,0,0,0,0,0,0,0,0,0,0,0,3,212,469,10,..,223,469
11103122520,core,73,203,0,5,0,0,0,5,0,0,0,0,0,0,0,0,5,13,5,13,0,0,0,0,0,0,0,0,0,0,0,0,88,217,3,..,86,217
11103122521,core,141,423,4,11,0,0,4,11,0,0,0,0,0,0,0,0,0,0,0,0,0,0,0,0,0,0,0,0,0,0,0,0,147,434,7,..,156,434
11103122522,core,93,286,0,0,0,0,0,0,0,0,0,0,0,0,0,0,0,0,0,0,0,0,0,0,0,0,0,0,0,0,0,0,93,286,3,..,96,286
11103122523,core,185,394,45,59,17,25,63,87,4,6,0,0,0,0,0,0,0,11,8,16,0,0,0,0,0,0,0,0,0,0,0,0,252,506,14,..,266,506
11103122524,core,108,303,89,197,0,5,93,199,0,0,0,0,0,0,0,0,0,0,0,0,0,0,0,0,0,0,0,0,0,0,0,0,204,502,8,..,208,502
11103122525,core,144,337,21,23,9,22,31,54,4,5,7,18,0,0,0,0,0,0,17,23,0,0,0,0,0,0,0,4,0,4,0,0,191,420,9,..,201,420
11103122526,core,188,498,3,8,8,8,10,16,0,3,0,0,0,0,0,0,3,5,9,9,0,0,0,0,0,0,0,4,0,4,0,0,204,532,12,..,220,532
11103122527,core,77,188,0,0,15,27,16,31,12,15,0,0,0,0,0,0,0,15,13,30,0,0,0,0,0,0,0,0,0,0,0,0,110,245,4,..,116,245
11103122528,core,119,340,0,0,5,16,5,16,4,6,0,0,0,0,0,0,0,0,4,6,0,0,0,0,0,0,0,0,0,0,0,0,127,363,13,..,139,363
11103122529,core,90,237,4,7,0,4,11,15,0,5,0,0,8,12,0,0,0,0,5,15,0,0,0,0,0,0,0,0,0,0,0,0,103,264,12,..,115,264
11103122530,core,150,395,18,36,11,29,27,60,21,20,11,13,0,0,0,0,0,10,32,45,0,0,0,0,0,0,0,5,0,5,0,0,208,507,16,..,226,507
11103122531,core,112,292,5,3,4,5,10,10,3,17,0,0,0,0,0,0,3,0,9,17,0,0,0,0,0,0,0,0,0,0,0,0,128,323,3,..,136,323
11103122532,core,111,274,3,5,0,0,3,5,0,0,13,30,0,0,0,0,7,3,19,32,0,0,0,0,0,0,0,0,0,0,0,0,129,309,3,..,133,309
11103122533,core,0,0,0,0,0,0,0,0,0,0,0,0,0,0,0,0,0,0,0,0,0,0,0,0,0,0,0,0,0,0,0,0,0,0,0,..,0,0
11103122534,core,159,469,0,0,0,3,0,3,0,0,0,0,0,0,0,0,0,0,0,0,0,0,0,0,0,0,0,0,0,0,0,0,161,470,3,..,162,470
11103122535,core,0,0,0,0,0,0,0,0,0,0,0,0,0,0,0,0,0,0,0,0,0,0,0,0,0,0,0,0,0,0,0,0,0,0,0,..,0,0
11103122536,core,117,324,0,0,0,0,0,0,0,0,0,0,0,0,0,0,0,0,0,0,0,0,0,0,0,0,0,0,0,0,0,0,117,324,0,..,117,324
11103122537,core,129,366,0,0,6,6,6,6,0,0,0,0,0,0,0,0,0,0,0,0,0,0,0,0,0,0,0,0,0,0,0,0,134,373,7,..,141,373
11103122538,core,93,265,9,17,0,0,9,17,107,160,0,0,0,0,0,0,0,3,112,160,0,0,0,0,0,0,0,0,0,0,0,0,217,449,19,..,233,449
11103122539,core,125,310,15,16,28,50,43,67,43,50,38,67,0,0,0,0,0,3,82,121,0,0,0,0,0,0,0,3,0,3,0,0,255,503,34,..,284,503
11103122540,core,148,390,9,19,15,32,28,46,0,5,0,0,0,0,0,0,4,5,6,14,0,0,0,0,0,0,0,0,0,0,0,3,183,451,14,..,197,451
11103122541,core,98,253,3,8,3,9,7,16,14,28,0,0,0,0,0,0,3,0,16,30,0,0,0,0,0,0,0,0,0,0,0,0,125,295,4,..,134,295
11103122542,core,75,196,3,3,5,5,4,12,5,17,0,0,0,0,0,0,0,0,8,18,0,0,0,0,0,0,0,0,0,0,0,0,86,226,10,..,97,226
11103122543,core,142,377,25,45,15,21,43,65,14,14,0,0,0,0,0,0,0,0,14,14,0,0,0,0,0,0,0,0,0,0,0,0,194,460,5,..,200,460
11103122601,core,143,390,29,48,0,0,29,48,0,0,0,0,0,0,0,0,0,0,0,0,0,0,0,0,0,0,0,0,0,0,0,0,173,442,7,..,178,442
11103122602,core,66,200,3,12,0,4,4,15,0,0,0,0,0,0,0,0,0,0,0,0,0,0,0,0,0,0,0,0,0,0,0,0,74,211,5,..,73,211
11103122603,core,184,556,31,73,27,57,54,128,0,0,0,0,0,0,0,0,0,0,0,0,0,0,0,0,0,0,0,0,0,0,0,0,236,693,10,..,246,693
11103122604,core,93,264,0,0,0,0,0,0,0,0,0,0,0,0,0,0,0,0,0,0,0,0,0,0,0,0,0,0,0,0,0,0,93,264,9,..,103,264
11103122605,core,175,519,0,0,0,4,0,4,0,0,0,0,0,0,0,0,0,0,0,0,0,0,0,0,0,0,0,0,0,0,0,0,178,525,6,..,179,525
11103122606,core,92,280,0,0,5,13,5,13,0,0,0,0,0,0,0,0,0,0,0,0,0,0,0,0,0,0,0,0,0,0,0,0,96,291,3,..,99,291
11103122608,core,160,413,9,16,0,0,9,16,0,0,0,0,0,0,0,0,0,4,0,4,0,0,0,0,0,0,0,0,0,0,0,0,169,430,4,..,176,430
11103122609,core,148,439,5,4,0,0,5,4,0,0,0,0,0,0,0,0,0,0,0,0,0,0,0,0,0,0,0,0,0,0,0,0,155,447,6,..,157,447
11103122610,core,97,267,25,37,0,0,25,37,0,0,0,0,0,0,0,0,0,0,0,0,0,0,0,0,0,0,0,0,0,0,0,0,121,298,3,..,123,298
11103122611,core,101,280,4,12,5,11,9,20,0,0,0,0,0,0,0,0,0,4,0,4,0,0,0,0,0,0,0,0,0,0,0,0,113,299,5,..,117,299
11103122613,core,100,304,6,10,5,9,8,20,0,0,0,0,0,0,0,0,0,0,0,0,0,0,0,0,0,0,0,0,0,0,0,0,114,325,8,..,115,325
11103122614,core,123,394,7,21,4,9,14,27,0,0,0,0,0,0,0,0,0,5,0,5,0,0,0,0,0,0,0,0,0,0,0,0,135,425,3,..,137,425
11103122615,core,149,427,0,5,0,0,0,5,0,0,0,0,0,0,0,0,0,0,0,0,0,0,0,0,0,0,0,0,0,0,0,0,153,435,3,..,150,435
11103122616,core,77,245,0,0,0,0,0,0,0,0,0,0,0,0,0,0,0,0,0,0,0,0,0,0,0,0,0,0,0,0,0,0,77,245,0,..,77,245
11103122617,core,101,273,0,0,0,0,0,0,0,0,0,0,0,0,0,0,0,0,0,0,0,0,0,0,0,0,0,0,0,0,0,3,107,282,0,..,107,282
11103122618,core,157,397,0,0,4,5,4,5,0,0,0,0,0,0,0,0,0,0,0,0,0,0,0,0,0,0,0,0,0,0,0,0,155,408,11,..,166,408
11103122619,core,107,292,23,43,0,4,21,51,0,0,0,0,0,0,0,0,0,0,0,0,0,0,0,0,0,0,0,0,0,0,0,0,132,347,3,..,139,347
11103122620,core,95,242,0,0,0,0,0,0,0,0,0,0,0,0,0,0,0,0,0,0,0,0,0,0,0,0,0,0,0,0,0,0,95,242,0,..,97,242
11103122621,core,63,178,0,0,0,0,0,0,0,0,0,0,0,0,0,0,0,0,0,0,0,0,0,0,0,0,0,0,0,0,0,0,63,178,0,..,64,178
11103122622,core,3,9,0,0,10,20,10,20,0,0,0,0,0,0,0,0,0,0,0,0,0,0,0,0,0,0,0,0,0,0,0,0,14,32,0,..,14,32
11103122623,core,110,317,0,8,0,0,0,8,0,0,0,0,0,0,0,0,0,4,0,4,0,0,0,0,0,0,0,0,0,0,0,0,114,326,3,..,121,326
11103122624,core,116,332,0,4,0,0,0,4,0,0,0,0,0,0,0,0,0,0,0,0,0,0,0,0,0,0,0,0,0,0,0,0,113,337,5,..,120,337
11103122625,core,136,381,22,35,5,8,21,40,0,0,0,0,0,0,0,0,0,0,0,0,0,0,0,0,0,0,0,0,0,0,0,0,164,422,7,..,170,422
11103122626,core,129,349,14,32,0,0,14,32,0,0,0,0,0,0,0,0,0,0,0,0,0,0,0,0,0,0,0,0,0,0,0,0,144,384,5,..,146,384
11103122627,core,84,232,13,14,0,10,8,26,0,0,0,0,0,0,0,0,0,0,0,0,0,0,0,0,0,0,0,0,0,0,0,0,97,255,0,..,102,255
11103122628,core,153,397,5,3,0,6,7,9,0,0,0,0,0,0,0,0,0,0,0,0,0,0,0,0,0,0,0,0,0,0,0,0,161,407,11,..,165,407
11103122629,core,151,490,7,16,0,3,6,17,0,0,0,0,0,0,0,0,0,0,0,0,0,0,0,0,0,0,0,0,0,0,0,0,160,507,12,..,165,507
11103122631,core,5,20,0,0,0,0,0,0,0,0,0,0,0,0,0,0,0,0,0,0,0,0,0,0,0,0,0,0,0,0,0,0,5,20,0,..,5,20
11103122632,core,83,307,13,29,0,0,13,29,0,0,0,0,0,0,0,0,0,0,0,0,0,0,0,0,0,0,0,0,0,0,0,0,98,340,4,..,101,340
11103122633,core,0,0,0,0,0,0,0,0,0,0,0,0,0,0,0,0,0,0,0,0,0,0,0,0,0,0,0,0,0,0,0,0,0,0,0,..,0,0
11103122634,core,148,464,15,44,4,11,18,51,0,0,0,0,0,0,0,0,0,0,0,0,0,0,0,0,0,0,0,0,0,0,0,0,164,519,7,..,168,519
11103122635,core,127,435,0,0,0,0,0,0,0,0,0,0,0,0,0,0,0,4,0,4,0,0,0,0,0,0,0,0,0,0,0,0,127,442,7,..,132,442
11103122636,core,150,496,42,106,10,25,48,131,0,0,0,0,0,0,0,0,0,0,0,0,0,0,0,0,0,0,0,0,0,0,0,0,200,629,3,..,207,629
11103122637,core,286,934,37,111,6,11,40,116,0,0,0,0,0,0,0,0,16,31,16,31,0,0,0,0,0,0,0,0,0,0,0,0,342,1085,12,..,357,1085
11103122638,core,237,801,0,0,0,0,0,0,0,0,0,0,0,0,0,0,0,0,0,0,0,0,0,0,0,0,0,0,0,0,0,0,238,804,0,..,246,804
11103122639,core,148,490,0,0,0,0,0,0,0,0,0,0,0,0,0,0,0,0,0,0,0,0,0,0,0,0,0,0,0,0,0,0,148,490,7,..,155,490
11103122640,core,232,803,28,52,29,65,56,109,0,4,0,0,0,0,0,0,3,0,3,5,0,0,0,0,0,0,0,0,0,0,0,0,289,923,3,..,293,923
11103122641,core,164,589,0,0,0,0,0,0,0,0,0,0,0,0,0,0,0,0,0,0,0,0,0,0,0,0,0,0,0,0,0,0,165,589,6,..,172,589
11103122642,core,216,731,0,12,0,0,0,12,0,0,0,0,0,0,0,0,0,0,0,0,0,0,0,0,0,0,0,0,0,0,0,0,216,736,0,..,219,736
11103122701,core,73,191,20,45,0,0,20,45,0,0,0,0,0,0,0,0,0,0,0,0,0,0,0,0,0,0,0,0,0,0,0,0,93,236,0,..,93,236
11103122702,core,0,0,0,0,0,0,0,0,0,0,0,0,0,0,0,0,0,0,0,0,0,0,0,0,0,0,0,0,0,0,0,0,0,0,0,..,0,0
11103122703,core,83,208,8,8,24,39,29,45,0,0,0,0,0,0,0,0,0,0,0,0,0,0,0,0,0,0,4,12,4,12,0,0,121,263,18,..,131,263
11103122704,core,131,279,5,8,7,13,9,19,0,0,0,0,0,0,0,0,3,6,3,6,0,0,0,0,0,0,0,0,0,0,0,0,143,301,12,..,156,301
11103122705,core,143,311,0,5,0,0,0,5,0,10,0,0,0,0,0,0,6,13,8,15,0,0,0,0,0,0,0,0,0,0,0,0,151,330,18,..,165,330
11103122706,core,180,422,22,39,7,17,31,55,0,3,0,0,0,0,0,0,4,17,11,21,0,0,0,0,0,0,0,0,0,0,0,0,216,490,18,..,231,490
11103122707,core,201,460,21,40,14,26,37,65,6,0,19,29,0,0,0,0,0,0,26,35,0,0,0,0,0,0,8,11,8,11,0,0,263,571,17,..,277,571
11103122708,core,172,404,24,33,11,26,35,56,0,0,0,0,0,0,0,0,0,0,0,0,0,0,0,0,0,0,0,0,0,0,0,0,204,465,12,..,213,465
11103122709,core,135,323,10,11,0,5,10,13,0,0,0,0,0,0,0,0,0,3,0,3,0,0,0,0,0,0,0,0,0,0,0,0,145,346,13,..,158,346
11103122710,core,145,353,20,33,0,0,18,29,4,5,0,0,0,0,0,0,0,0,4,10,0,0,0,0,0,0,0,0,0,0,0,0,175,398,14,..,190,398
11103122711,core,170,400,3,4,3,3,7,11,31,42,0,0,0,0,0,0,0,0,36,45,0,0,0,0,0,0,0,0,0,0,0,0,210,451,18,..,229,451
11103122712,core,75,185,0,3,0,0,0,3,9,16,0,0,0,0,0,0,0,0,9,16,0,0,0,0,0,0,0,0,0,0,0,0,86,202,7,..,87,202
11103122713,core,163,439,38,52,37,53,68,108,13,13,0,0,0,0,0,0,0,0,13,13,0,0,0,0,0,0,0,0,0,0,0,0,247,559,31,..,278,559
11103122714,core,191,478,6,13,21,43,29,50,24,40,0,0,0,0,0,0,0,4,29,46,0,0,0,0,0,0,0,0,0,0,0,0,244,575,15,..,258,575
11103122715,core,119,281,11,16,4,10,12,29,0,0,0,0,0,0,0,0,0,0,0,0,0,0,0,0,0,0,0,0,0,0,0,0,128,311,3,..,135,311
11103122716,core,77,188,14,31,10,25,28,57,26,26,0,0,0,0,0,0,0,0,26,26,0,0,0,0,0,0,0,0,0,0,0,0,129,268,10,..,136,268
11103122717,core,163,427,8,24,4,8,15,30,0,0,0,0,0,0,0,0,0,0,0,0,0,0,0,0,0,0,0,0,0,0,0,0,182,454,13,..,191,454
11103122718,core,147,311,25,41,25,41,52,85,6,16,0,0,0,0,0,0,0,0,6,16,0,0,0,0,0,0,5,6,5,6,0,0,208,423,23,..,231,423
11103122719,core,146,381,3,10,10,13,13,20,18,39,0,0,0,0,0,0,0,0,19,32,0,0,0,0,0,0,0,0,0,0,0,0,183,439,16,..,194,439
11103122720,core,122,325,29,56,22,43,53,101,21,31,0,0,0,0,0,0,0,4,23,37,0,0,0,0,0,0,0,0,0,0,0,0,194,458,10,..,206,458
11103122721,core,124,271,6,12,3,4,9,17,10,14,0,0,0,0,0,0,3,5,14,17,0,0,0,0,0,0,23,40,23,40,0,0,168,349,16,..,186,349
11103122722,core,45,100,11,15,9,13,20,29,26,47,0,0,0,0,0,0,0,0,26,47,0,0,0,0,0,0,0,0,0,0,10,13,108,189,6,..,109,189
11103122723,core,96,210,22,33,49,76,70,110,3,6,13,16,0,0,0,0,0,3,18,24,0,0,0,0,0,0,0,0,0,0,0,4,193,351,11,..,198,351
11103122724,core,169,401,73,101,28,69,105,170,5,4,0,0,0,0,0,0,0,3,5,11,0,0,0,0,0,0,0,0,0,0,0,0,281,574,18,..,295,574
11103122725,core,162,372,3,13,4,3,10,12,0,0,0,0,0,0,0,0,0,0,0,0,0,0,0,0,0,0,0,0,0,0,0,0,170,390,3,..,176,390
11103122726,core,63,172,65,107,20,43,79,146,0,0,0,0,0,0,0,0,0,0,0,0,0,0,0,0,0,0,0,0,0,0,0,4,147,319,7,..,154,319
11103122727,core,92,277,3,5,0,0,3,5,0,0,0,0,0,0,0,0,0,0,0,0,0,0,0,0,0,0,0,0,0,0,0,0,95,282,3,..,99,282
11103122728,core,130,365,57,105,0,5,53,113,0,0,0,0,0,0,0,0,0,0,0,0,0,0,0,0,0,0,0,0,0,0,0,0,183,478,3,..,188,478
11103122729,core,177,425,11,13,8,15,20,34,9,16,0,0,0,0,0,0,0,0,9,16,0,0,0,0,0,0,0,0,0,0,0,0,206,473,7,..,219,473
11103122730,core,166,411,15,24,9,26,29,51,19,24,0,0,0,0,0,0,0,0,23,22,0,0,0,0,0,0,0,0,0,0,0,0,221,483,20,..,237,483
11103122731,core,174,375,32,74,22,30,53,105,17,27,0,0,0,0,0,0,5,7,19,31,0,0,0,0,0,0,7,18,7,18,0,0,245,526,22,..,275,526
11103122732,core,141,364,50,58,10,13,63,77,4,7,0,0,18,33,0,0,0,0,23,40,0,0,0,0,0,0,0,0,0,0,0,0,230,482,35,..,260,482
11103122733,core,143,338,5,9,4,6,11,12,0,0,0,0,0,0,0,0,0,0,0,0,0,0,0,0,0,0,10,16,10,16,0,0,159,362,11,..,171,362
11103122734,core,155,398,14,28,7,12,21,39,7,11,0,0,0,0,0,0,4,7,12,16,0,0,0,0,0,0,0,0,0,0,3,7,193,457,17,..,206,457
11103122735,core,147,323,11,25,21,31,36,55,4,16,0,0,0,0,0,0,0,0,4,16,0,0,0,0,0,0,0,0,0,0,0,0,189,395,15,..,203,395
11103122736,core,178,442,23,35,38,80,62,115,0,0,0,0,0,0,0,0,3,5,3,5,0,0,0,0,0,0,0,0,0,0,0,0,247,565,19,..,265,565
11103122801,core,163,519,3,3,0,3,7,8,0,0,0,0,0,0,0,0,0,0,0,0,0,0,0,0,0,0,0,0,0,0,0,0,168,530,6,..,177,530
11103122802,core,181,517,0,0,3,11,3,11,0,0,0,0,0,0,0,0,0,0,0,0,0,0,0,0,0,0,0,0,0,0,0,0,183,530,7,..,192,530
11103122803,core,0,0,0,0,0,0,0,0,0,0,0,0,0,0,0,0,0,0,0,0,0,0,0,0,0,0,0,0,0,0,0,0,0,0,0,..,0,0
11103122804,core,102,288,0,5,0,0,0,5,3,5,0,0,0,0,0,0,0,0,3,5,0,0,0,0,0,0,0,0,0,0,0,9,111,314,3,..,119,314
11103122805,core,101,266,0,0,3,3,3,3,0,0,0,0,0,0,0,0,0,0,0,0,0,0,0,0,0,0,0,0,0,0,0,0,107,271,10,..,114,271
11103122806,core,170,525,0,0,5,5,5,5,0,0,0,0,0,0,0,0,0,0,0,0,0,0,0,0,0,0,0,0,0,0,0,0,174,536,5,..,182,536
11103122807,core,167,504,8,25,39,100,50,122,13,24,3,9,0,0,0,0,0,0,24,37,0,0,0,0,0,0,0,0,0,0,0,0,243,655,16,..,252,655
11103122808,core,145,435,0,0,0,0,0,0,0,0,0,0,0,0,0,0,0,3,0,3,0,0,0,0,0,0,0,0,0,0,0,0,147,435,10,..,157,435
11103122809,core,91,256,11,20,26,55,38,71,39,54,45,62,0,0,0,0,0,0,80,118,0,0,0,0,0,0,0,0,0,0,0,0,213,453,26,..,238,453
11103122810,core,112,282,20,45,57,123,78,168,18,19,30,41,0,0,0,0,0,0,48,62,0,0,0,0,0,0,0,0,0,0,0,0,243,515,36,..,280,515
11103122811,core,166,528,0,7,0,0,0,7,0,0,0,0,0,0,0,0,0,5,0,5,0,0,0,0,0,0,0,0,0,0,0,0,171,534,8,..,180,534
11103122812,core,167,494,4,4,0,3,4,5,0,5,0,0,0,0,0,0,0,0,0,5,0,0,0,0,0,0,0,0,0,0,0,0,177,501,6,..,175,501
11103122813,core,142,384,28,48,9,21,36,76,0,0,0,0,0,0,0,0,0,0,0,0,0,0,0,0,0,0,0,0,0,0,0,4,182,461,10,..,193,461
11103122814,core,68,173,20,46,60,158,77,204,32,56,9,25,0,0,0,0,0,0,40,79,0,0,0,0,0,0,0,0,0,0,0,0,193,455,23,..,213,455
11103122815,core,57,146,5,9,31,55,35,62,20,27,43,64,0,0,0,0,0,0,62,89,0,0,0,0,0,0,0,0,0,0,0,0,148,300,9,..,159,300
11103122816,core,45,125,43,52,31,50,71,99,13,31,30,52,0,0,0,0,0,0,45,75,0,0,0,0,0,0,0,0,0,0,0,0,163,304,14,..,180,304
11103122817,core,114,292,17,37,48,96,67,131,60,92,44,63,0,0,0,0,0,0,101,156,0,0,0,0,0,0,0,0,0,0,0,0,287,580,43,..,329,580
11103122818,core,186,546,3,6,19,53,19,66,21,19,0,0,0,0,0,0,4,0,21,26,0,0,0,0,0,0,0,0,0,0,0,0,223,635,10,..,236,635
11103122819,core,102,284,0,0,6,11,6,11,0,0,0,0,0,0,0,0,0,0,0,0,0,0,0,0,0,0,0,0,0,0,0,0,105,292,6,..,109,292
11103122820,core,163,474,0,0,7,15,7,15,15,13,6,7,0,0,0,0,0,0,18,19,0,0,0,0,0,0,0,0,0,0,0,0,188,508,8,..,196,508
11103122821,core,141,398,0,0,4,12,4,12,0,0,0,0,0,0,0,0,0,0,0,0,0,0,0,0,0,0,0,0,0,0,0,0,146,407,9,..,157,407
11103122822,core,114,314,12,17,8,18,19,31,5,5,0,0,0,0,0,0,4,6,8,14,0,0,0,0,0,0,0,0,0,0,0,0,138,356,12,..,156,356
11103122823,core,21,56,12,17,36,85,47,100,31,47,46,80,0,0,0,0,0,0,80,122,0,0,0,0,0,0,0,0,0,0,0,0,152,275,12,..,159,275
11103122824,core,38,100,9,22,75,131,87,149,4,6,8,18,0,0,0,0,0,0,13,22,0,0,0,0,0,0,0,0,0,0,0,6,135,277,20,..,155,277
11103122825,core,60,149,9,18,63,126,75,145,11,12,18,30,0,0,0,0,0,0,27,46,0,0,0,0,0,0,0,0,0,0,0,0,163,345,12,..,172,345
11103122826,core,130,367,4,9,45,102,48,114,54,72,29,55,25,44,0,0,0,0,114,180,0,0,0,0,0,0,0,0,0,0,0,0,292,654,27,..,319,654
11103122827,core,77,238,5,6,12,30,19,39,19,27,70,98,18,31,0,0,0,0,112,158,0,0,0,0,0,0,0,0,0,0,0,0,205,430,48,..,247,430
11103122828,core,53,161,4,6,24,49,25,55,11,20,28,51,0,0,0,0,0,5,34,69,0,0,0,0,0,0,0,0,0,0,0,0,113,283,22,..,138,283
11103122829,core,114,300,3,4,76,173,80,183,55,88,8,9,0,0,0,0,0,0,62,98,0,0,0,0,0,0,0,0,0,0,0,0,257,583,40,..,295,583
11103122830,core,73,193,29,55,34,62,66,114,13,30,20,37,0,0,0,0,0,0,43,67,0,0,0,0,0,0,0,0,0,0,0,0,178,377,17,..,198,377
11103122831,core,125,359,11,11,19,40,29,58,0,0,23,46,7,4,0,0,0,0,33,53,0,0,0,0,0,0,0,0,0,0,0,0,187,475,13,..,201,475
11103122832,core,86,251,6,23,28,66,36,83,40,62,30,53,10,17,0,0,0,0,80,132,0,0,0,0,0,0,0,0,0,0,0,0,199,467,17,..,222,467
11103122901,core,0,0,0,0,82,153,82,153,8,16,68,106,71,134,0,0,0,0,154,256,0,0,0,0,0,0,0,0,0,0,0,0,240,406,30,..,268,406
11103122902,core,36,90,61,128,97,176,159,307,29,49,20,34,0,0,0,0,0,0,49,74,0,0,0,0,0,0,0,0,0,0,3,3,254,479,36,..,288,479
11103122903,core,0,0,0,0,6,12,6,12,0,0,0,0,312,521,195,320,0,0,509,833,0,0,0,0,0,0,0,0,0,0,0,6,517,857,142,..,656,857
11103122905,core,33,101,0,0,43,92,43,92,18,26,141,245,169,255,75,145,0,0,409,667,0,0,0,0,0,0,8,13,8,13,0,4,493,873,132,..,625,873
11103122906,core,0,0,0,9,3,4,6,13,11,23,4,10,49,82,82,148,0,0,143,266,0,0,0,0,0,0,9,9,9,9,0,0,162,288,26,..,188,288
11103122908,core,0,5,0,0,67,132,67,132,6,21,25,57,43,74,24,53,0,0,99,203,0,0,0,0,0,0,0,3,0,3,0,0,170,343,53,..,218,343
11103122909,core,21,52,3,3,68,168,71,170,26,44,5,16,33,61,0,0,0,0,69,116,0,0,0,0,0,0,0,0,0,0,0,0,161,346,36,..,195,346
11103122910,core,14,36,0,0,51,104,51,104,16,25,65,111,23,36,0,0,0,0,99,169,0,0,0,0,0,0,0,0,0,0,0,3,167,318,25,..,188,318
11103122911,core,30,77,3,13,67,169,70,185,76,151,121,202,8,17,0,0,0,0,206,373,0,0,0,0,0,0,0,0,0,0,0,0,313,627,37,..,343,627
11103122912,core,3,7,0,0,64,147,64,147,14,24,18,31,28,54,13,23,0,0,73,139,0,0,0,0,0,0,0,0,0,0,5,3,141,295,44,..,185,295
11103122913,core,36,93,0,3,40,93,40,90,21,23,12,17,40,55,0,0,0,0,73,99,0,0,0,0,0,0,0,0,0,0,4,4,145,289,45,..,194,289
11103122914,core,0,0,0,0,0,0,0,0,0,0,0,0,0,0,0,0,0,0,0,0,0,0,0,0,0,0,0,0,0,0,0,0,0,0,0,..,0,0
11103122916,core,23,63,53,133,90,186,142,320,6,7,0,0,24,37,0,0,0,0,24,48,0,0,0,0,0,0,0,0,0,0,0,6,195,430,17,..,211,430
11103122917,core,34,72,25,56,76,174,105,228,13,12,15,24,0,0,0,0,0,0,25,46,0,0,0,0,0,0,0,0,0,0,0,0,159,341,19,..,181,341
11103122918,core,18,53,19,29,135,274,148,304,4,6,0,0,0,0,0,0,0,0,4,6,0,0,0,0,0,0,0,0,0,0,0,0,171,362,23,..,197,362
11103122919,core,61,139,24,43,72,167,96,207,19,35,30,73,0,0,0,0,0,0,53,102,0,0,0,0,0,0,0,0,0,0,0,0,213,445,26,..,234,445
11103122920,core,70,180,7,24,8,12,18,40,9,15,0,0,0,0,0,0,0,0,7,20,0,0,0,0,0,0,0,0,0,0,0,0,92,231,12,..,96,231
11103122921,core,39,112,3,0,16,37,17,45,18,43,0,0,0,0,0,0,0,0,18,43,0,0,0,0,0,0,0,0,0,0,0,0,79,194,5,..,84,194
11103122922,core,88,240,0,0,33,102,33,102,20,42,9,10,0,0,0,0,0,0,30,48,0,0,0,0,0,0,0,0,0,0,0,0,149,398,17,..,164,398
11103122923,core,37,88,0,0,57,142,57,142,92,139,88,102,0,0,0,0,0,0,177,239,0,0,0,0,0,0,0,0,0,0,0,0,269,471,89,..,357,471
11103122924,core,51,148,0,4,8,11,3,12,40,63,44,85,0,0,0,0,0,0,77,151,0,0,0,0,0,0,0,0,0,0,0,0,138,318,23,..,165,318
11103122925,core,72,195,31,64,97,173,125,233,20,30,59,89,44,67,0,0,0,4,116,188,0,0,0,0,0,0,0,0,0,0,0,0,321,627,41,..,364,627
11103122926,core,29,101,5,9,22,56,31,71,66,99,31,50,12,21,0,0,0,0,105,165,0,0,0,0,0,0,0,0,0,0,0,0,165,335,21,..,194,335
11103122927,core,11,13,0,0,21,53,21,53,11,21,17,32,77,134,56,121,0,0,155,299,0,0,0,0,0,0,0,0,0,0,6,6,195,371,50,..,242,371
11103122928,core,6,13,0,0,0,0,0,0,21,21,0,0,43,73,128,219,0,0,197,312,0,0,0,0,0,0,0,3,0,3,0,3,207,336,65,..,270,336
11103122929,core,0,0,3,6,3,10,6,13,23,28,0,0,191,361,0,0,0,0,219,384,0,0,0,0,0,0,0,0,0,0,0,0,227,402,46,..,272,402
11103122930,core,0,0,0,0,0,0,0,0,0,0,0,0,26,46,267,380,0,0,298,430,0,0,0,0,0,0,0,0,0,0,0,0,294,430,154,..,449,430
11103122931,core,0,3,0,0,0,0,0,0,12,24,3,0,134,226,112,175,0,0,261,424,0,0,0,0,0,0,5,7,5,7,7,9,270,445,54,..,327,445
11103122932,core,5,3,0,0,0,0,0,0,0,0,26,43,101,191,92,141,0,0,219,375,0,0,0,0,0,0,6,15,6,15,0,0,229,397,49,..,279,397
11103123001,core,14,18,0,0,0,0,0,0,0,0,0,0,0,0,0,0,0,0,0,0,0,0,0,0,0,0,0,0,0,0,0,0,14,18,0,..,10,18
11103123101,core,93,247,18,28,62,120,79,148,7,12,12,8,0,0,0,0,0,0,18,22,0,0,0,0,0,0,0,0,0,0,0,0,186,418,22,..,210,418
11103123102,core,155,408,0,0,0,0,0,0,0,0,0,0,0,0,0,0,0,9,5,9,0,0,0,0,0,0,0,0,0,0,0,0,161,418,4,..,170,418
11103123103,core,80,205,19,47,27,61,39,103,18,27,0,0,25,32,0,0,0,3,42,63,0,0,0,0,0,0,0,0,0,0,0,0,171,372,21,..,194,372
11103123104,core,226,592,7,20,13,36,21,53,7,3,0,0,0,0,0,0,8,9,8,19,0,0,0,0,0,0,0,0,0,0,0,0,254,667,13,..,270,667
11103123105,core,49,113,16,17,0,0,16,17,0,0,0,0,0,0,0,0,0,0,0,0,0,0,0,0,0,0,5,9,5,9,0,0,75,143,6,..,76,143
11103123106,core,9,13,122,203,7,11,126,208,0,0,0,0,0,0,0,0,0,0,0,0,0,0,0,0,0,0,0,0,0,0,0,0,130,226,7,..,137,226
11103123107,core,30,77,0,0,0,0,0,0,0,0,0,0,0,0,0,0,0,0,0,0,0,0,0,0,0,0,0,0,0,0,0,0,30,77,0,..,30,77
11103123108,core,184,448,11,18,7,29,17,45,0,0,0,0,0,0,0,0,0,0,0,0,0,0,0,0,0,0,0,0,0,0,0,0,204,496,7,..,213,496
11103123109,core,221,533,14,38,19,30,32,67,0,0,0,0,0,0,0,0,0,0,0,0,0,0,0,0,0,0,0,0,0,0,5,4,256,610,16,..,264,610
11103123110,core,106,275,53,93,74,166,125,261,0,0,0,0,0,0,0,0,0,0,0,0,0,0,0,0,0,0,0,0,0,0,0,0,233,533,18,..,250,533
11103123111,core,146,383,55,86,14,42,68,128,0,0,0,0,0,0,0,0,0,3,3,0,0,0,0,0,0,0,0,0,0,0,0,0,224,509,11,..,238,509
11103123112,core,0,0,0,0,0,0,0,0,0,0,0,0,0,0,0,0,0,0,0,0,0,0,0,0,0,0,0,0,0,0,0,0,0,0,0,..,0,0
11103123113,core,180,433,4,13,49,133,60,144,9,7,0,0,0,0,0,0,0,0,9,7,0,0,0,0,0,0,0,0,0,0,0,3,251,590,15,..,262,590
11103123114,core,214,590,4,14,13,35,19,47,19,28,0,0,0,0,0,0,5,13,22,45,0,0,0,0,0,0,0,0,0,0,4,9,255,689,13,..,271,689
11103123115,core,166,391,9,19,3,5,20,28,0,0,0,0,0,0,0,0,3,15,4,13,0,0,0,0,0,0,0,0,0,0,0,0,190,430,11,..,197,430
11103123116,core,168,446,3,9,0,8,5,13,8,10,0,0,0,0,0,0,0,12,10,18,0,0,0,0,0,0,0,0,0,0,0,0,190,483,8,..,199,483
11103123117,core,80,183,4,12,0,0,4,12,0,0,0,0,0,0,0,0,0,0,0,0,0,0,0,0,0,0,0,0,0,0,0,0,80,199,5,..,90,199
11103123118,core,47,130,17,29,0,0,17,29,10,14,12,19,0,0,0,0,0,0,20,37,0,0,0,0,0,0,0,0,0,0,0,3,87,202,0,..,91,202
11103123119,core,80,210,39,82,50,141,85,219,28,46,3,19,0,0,0,0,0,0,32,61,0,0,0,0,0,0,0,0,0,0,0,0,201,497,8,..,206,497
11103123120,core,24,54,8,13,74,168,80,183,8,17,30,45,0,0,0,0,0,0,32,61,0,0,0,0,0,0,0,0,0,0,0,0,139,307,40,..,177,307
11103123121,core,45,129,7,14,37,85,39,97,26,52,35,79,0,0,0,0,0,0,58,129,0,0,0,0,0,0,0,0,0,0,0,0,144,352,3,..,145,352
11103123122,core,121,311,25,44,11,23,33,67,9,17,11,22,0,0,0,0,4,13,26,55,0,0,0,0,0,0,0,0,0,0,0,0,179,431,8,..,189,431
11103123123,core,131,333,26,70,32,84,59,158,35,116,0,0,0,0,0,0,6,8,40,123,0,0,0,0,0,0,0,0,0,0,0,6,229,619,10,..,243,619
11103123124,core,163,479,37,75,17,48,53,126,12,22,0,0,0,0,0,0,0,9,13,25,0,0,0,0,0,0,0,0,0,0,0,0,232,632,21,..,252,632
11103123125,core,0,0,0,0,0,0,0,0,0,0,0,0,0,0,0,0,0,0,0,0,0,0,0,0,0,0,0,0,0,0,0,0,0,0,0,..,0,0
11103123126,core,72,182,0,0,0,0,0,0,23,45,61,99,0,0,0,0,0,0,84,144,0,0,0,0,0,0,0,0,0,0,0,0,151,328,29,..,185,328
11103123201,core,135,335,5,9,9,18,10,28,3,10,0,0,0,0,0,0,0,0,3,10,0,0,0,0,0,0,0,0,0,0,0,0,148,370,8,..,158,370
11103123202,core,148,372,18,33,0,0,22,33,4,5,0,0,0,0,0,0,0,0,4,5,0,0,0,0,0,0,0,0,0,0,0,0,178,409,17,..,189,409
11103123203,core,135,312,4,0,3,0,8,8,10,15,0,0,0,0,0,0,0,0,9,19,5,14,0,0,0,0,0,0,6,14,0,10,163,364,11,..,174,364
11103123204,core,125,272,3,7,23,35,25,38,62,88,9,15,0,0,0,0,0,0,69,102,0,0,0,0,0,0,0,0,0,0,0,0,224,414,28,..,256,414
11103123205,core,157,395,0,0,6,15,6,15,38,59,0,0,0,0,0,0,0,0,39,54,0,0,0,0,0,0,0,0,0,0,0,0,208,467,24,..,231,467
11103123206,core,119,294,4,5,0,0,4,5,5,3,0,0,0,0,0,0,0,0,0,7,0,0,0,0,0,0,0,0,0,0,0,0,128,305,16,..,139,305
11103123207,core,161,442,6,11,3,12,8,23,8,17,0,0,0,0,0,0,3,4,14,24,0,0,0,0,0,0,0,0,0,0,0,0,188,488,17,..,201,488
11103123208,core,105,268,0,0,0,0,0,0,10,19,0,0,0,0,0,0,0,0,10,19,0,0,0,0,0,0,0,0,0,0,0,0,114,290,11,..,121,290
11103123209,core,175,428,4,4,14,28,16,30,0,0,0,0,0,0,0,0,0,3,0,3,0,0,0,0,0,0,0,0,0,0,0,0,197,460,15,..,213,460
11103123210,core,48,107,0,0,0,7,0,7,0,8,0,0,0,0,0,0,0,0,0,8,0,0,0,0,0,0,0,0,0,0,0,0,54,125,7,..,57,125
11103123211,core,3,6,0,0,0,0,0,0,0,0,0,0,0,0,0,0,0,0,0,0,0,0,0,0,0,0,0,0,0,0,0,0,3,6,0,..,3,6
11103123213,core,441,645,3,9,0,0,3,9,0,0,0,0,0,0,0,0,0,0,0,0,0,0,0,0,0,0,0,0,0,0,0,0,445,652,34,..,482,652
11103123216,core,0,0,0,0,0,0,0,0,0,0,0,0,0,0,0,0,0,0,0,0,0,0,0,0,0,0,0,0,0,0,0,0,0,0,0,..,0,0
11103123217,core,242,392,0,0,0,0,0,0,0,0,0,0,0,0,0,0,0,0,0,0,0,0,0,0,0,0,0,0,0,0,0,7,245,395,0,..,245,395
11103123218,core,153,478,0,8,0,5,0,13,0,0,0,0,0,0,0,0,0,0,0,0,0,0,0,0,0,0,0,0,0,0,0,0,154,488,6,..,163,488
11103123219,core,213,610,7,15,4,5,8,21,0,0,0,0,0,0,0,0,0,0,0,0,0,0,0,0,0,0,0,0,0,0,0,3,222,630,13,..,237,630
11103123220,core,236,790,0,3,0,0,0,3,0,0,0,0,0,0,0,0,0,0,0,0,0,0,0,0,0,0,0,0,0,0,0,0,234,790,3,..,243,790
11103123221,core,121,216,68,113,12,21,80,132,0,0,0,0,0,0,0,0,0,0,0,0,0,0,0,0,0,0,0,0,0,0,0,0,196,345,32,..,230,345
11103123222,core,105,270,0,0,0,0,0,0,0,0,0,0,0,0,0,0,0,0,0,0,0,0,0,0,0,0,0,0,0,0,3,3,106,276,5,..,114,276
11103123223,core,161,486,0,0,0,0,0,0,0,0,0,0,0,0,0,0,0,0,0,0,0,0,0,0,0,0,0,0,0,0,0,0,161,486,4,..,165,486
11103123224,core,163,392,9,18,0,4,7,25,7,5,0,0,0,0,0,0,0,0,7,5,0,0,0,0,0,0,0,0,0,0,0,0,178,427,10,..,187,427
11103123301,core,145,352,0,0,0,0,0,0,12,11,0,0,0,0,0,0,0,0,8,15,0,0,0,0,0,0,0,0,0,0,0,0,155,371,3,..,157,371
11103123302,core,125,283,24,44,32,74,58,115,17,38,0,0,0,0,0,0,0,4,21,45,0,0,0,0,0,0,0,0,0,0,0,0,204,442,12,..,213,442
11103123303,core,172,409,9,15,23,52,35,64,20,35,0,0,0,0,0,0,0,8,21,42,0,0,0,0,0,0,0,8,0,8,0,0,230,521,23,..,254,521
11103123304,core,230,599,18,20,27,64,43,87,16,31,0,0,0,0,0,0,0,0,16,31,0,0,0,0,0,0,6,16,6,16,0,0,295,728,17,..,312,728
11103123305,core,152,353,76,122,40,103,114,224,9,4,0,0,0,0,0,0,0,0,9,4,0,0,0,0,0,0,0,0,0,0,0,0,267,583,27,..,296,583
11103123306,core,128,296,36,72,54,77,93,147,0,0,0,0,0,0,0,0,0,0,0,0,0,0,0,0,0,0,0,0,0,0,0,0,222,436,7,..,231,436
11103123307,core,208,324,35,59,0,0,35,62,0,0,0,0,0,0,0,0,0,0,0,0,0,0,0,0,0,0,0,0,0,0,0,3,243,392,18,..,260,392
11103123308,core,0,0,0,0,0,0,0,0,0,0,0,0,0,0,0,0,0,0,0,0,0,0,0,0,0,0,0,0,0,0,0,0,0,0,0,..,0,0
11103123309,core,152,341,30,46,7,8,34,56,0,0,0,0,0,0,0,0,0,0,0,0,0,0,0,0,0,0,0,0,0,0,0,0,188,408,9,..,192,408
11103123310,core,250,599,23,35,30,79,54,113,23,33,0,0,0,0,0,0,0,0,17,29,0,0,0,0,0,0,0,0,0,0,0,4,327,743,17,..,340,743
11103123311,core,0,0,0,0,0,0,0,0,0,0,0,0,0,0,0,0,0,0,0,0,0,0,0,0,0,0,0,0,0,0,0,0,0,0,0,..,0,0
11103123312,core,152,397,9,7,23,72,32,78,12,18,0,0,0,0,0,0,0,0,15,18,0,0,0,0,0,0,0,0,0,0,0,0,201,502,10,..,212,502
11103123313,core,0,0,55,117,52,105,108,217,0,0,0,0,0,0,0,0,0,0,0,0,0,0,0,0,0,0,0,0,0,0,0,0,108,217,6,..,110,217
11103123314,core,148,343,27,35,4,10,31,44,0,3,0,0,0,0,0,0,5,0,3,4,0,0,0,0,0,0,0,0,0,0,0,0,180,391,7,..,184,391
11103123315,core,162,398,25,34,13,28,38,55,9,15,0,0,0,0,0,0,0,0,9,15,0,0,0,0,0,0,9,11,9,11,0,0,215,479,12,..,227,479
11103123316,core,193,530,7,19,0,0,13,25,5,15,0,0,0,0,0,0,0,0,5,15,0,0,0,0,0,0,0,0,0,0,0,0,213,571,7,..,221,571
11103123317,core,118,287,22,34,75,139,92,175,36,70,7,12,0,0,0,0,5,9,48,92,0,0,0,0,0,0,0,0,0,0,0,0,263,545,27,..,293,545
11103123318,core,124,267,4,11,7,15,12,28,24,26,0,0,0,0,0,0,0,0,20,30,0,0,0,0,0,0,0,0,0,0,0,0,158,325,4,..,163,325
11103123319,core,217,624,14,22,0,0,14,22,0,0,0,0,0,0,0,0,0,0,0,0,0,0,0,0,0,0,0,0,0,0,0,0,235,651,16,..,244,651
11103123320,core,104,319,17,36,25,62,45,96,0,0,6,21,0,0,0,0,0,0,6,21,0,0,0,0,0,0,0,0,0,0,0,0,157,434,16,..,167,434
11103123321,core,214,534,0,0,0,5,0,5,0,0,0,0,0,0,0,0,0,0,0,0,0,0,0,0,0,0,0,0,0,0,0,0,215,534,6,..,219,534
11103123322,core,134,384,10,7,15,20,21,28,0,0,0,0,0,0,0,0,0,5,0,5,0,0,0,0,0,0,0,0,0,0,0,0,158,411,4,..,164,411
11103123323,core,97,264,76,141,11,23,81,163,5,9,0,0,0,0,0,0,0,0,5,9,0,0,0,0,0,0,0,0,0,0,0,0,189,438,9,..,194,438
11103123324,core,132,340,45,87,0,0,45,87,0,0,0,0,0,0,0,0,0,0,0,0,0,0,0,0,0,0,0,0,0,0,0,0,175,427,6,..,186,427
11103123325,core,190,477,0,0,0,0,0,0,0,0,0,0,0,0,0,0,0,0,0,0,0,0,0,0,0,0,0,0,0,0,0,0,190,477,10,..,199,477
11103123326,core,89,227,0,0,0,0,0,0,0,0,0,0,0,0,0,0,0,0,0,0,0,0,0,0,0,0,0,0,0,0,0,0,89,227,6,..,95,227
11103123327,core,210,564,0,0,4,14,8,11,0,0,0,0,0,0,0,0,0,4,0,4,0,0,0,0,0,0,0,0,0,0,0,0,217,576,10,..,229,576
11103123328,core,143,433,7,10,0,0,7,10,10,16,0,0,0,0,0,0,0,0,10,16,0,0,0,0,0,0,0,0,0,0,0,0,163,454,7,..,166,454
11103123329,core,140,410,0,0,0,0,0,0,0,0,0,0,0,0,0,0,0,0,0,0,0,0,0,0,0,0,0,0,0,0,0,0,140,410,0,..,142,410
11103123330,core,121,370,0,0,0,0,0,0,0,0,0,0,0,0,0,0,0,0,0,0,0,0,0,0,0,0,0,0,0,0,0,0,121,370,7,..,123,370
11103123331,core,119,305,22,41,38,99,59,137,0,0,0,0,0,0,0,0,0,0,0,0,0,0,0,0,0,0,0,0,0,0,0,0,183,446,12,..,194,446
11103123332,core,132,303,15,25,0,0,17,31,6,3,0,0,0,0,0,0,0,0,6,3,0,0,0,0,0,0,0,0,0,0,0,0,156,341,4,..,164,341
11103123333,core,132,355,0,0,0,0,0,0,0,0,0,0,0,0,0,0,0,0,0,0,0,0,0,0,0,0,0,0,0,0,0,0,128,357,8,..,134,357
11103123334,core,182,462,14,22,4,8,17,24,0,0,0,0,0,0,0,0,0,0,0,0,0,0,0,0,0,0,0,0,0,0,0,0,205,492,13,..,215,492
11103123335,core,186,479,9,15,0,0,9,15,7,10,0,0,0,0,0,0,4,12,9,21,0,0,0,0,0,0,0,0,0,0,0,0,210,511,19,..,226,511
11103123336,core,209,497,5,4,0,3,0,8,0,0,0,0,0,0,0,0,0,5,0,5,0,0,0,0,0,0,0,0,0,0,0,0,213,511,6,..,218,511
11103123337,core,237,543,9,14,7,8,18,20,0,0,0,0,0,0,0,0,0,9,0,9,0,0,0,0,0,0,0,0,0,0,0,5,263,577,16,..,278,577
11103123338,core,118,364,13,24,0,0,13,24,0,0,0,0,0,0,0,0,0,0,0,0,0,0,0,0,0,0,0,0,0,0,0,0,137,388,0,..,137,388
11103123339,core,90,227,35,79,7,16,39,96,6,8,28,46,0,0,0,0,0,0,35,60,0,0,0,0,0,0,3,4,3,4,0,0,168,387,18,..,187,387
11103123340,core,108,284,0,0,0,0,0,0,0,0,0,0,0,0,0,0,0,0,0,0,0,0,0,0,0,0,0,0,0,0,0,0,108,284,5,..,112,284
11103123341,core,195,482,8,13,24,52,36,71,9,9,0,0,0,0,0,0,0,4,6,12,0,0,0,0,0,0,0,0,0,0,0,0,240,560,11,..,249,560
11103123342,core,222,526,0,0,0,0,0,0,0,8,0,0,0,0,0,0,3,3,0,10,0,0,0,0,0,0,0,5,0,5,0,0,227,545,15,..,243,545
11103123343,core,205,477,9,19,3,5,12,28,0,0,0,0,0,0,0,0,0,4,0,4,0,0,0,0,0,0,0,0,0,0,0,0,216,510,11,..,230,510
11103123344,core,127,358,88,113,4,9,98,124,0,0,0,0,0,0,0,0,0,0,0,0,0,0,0,0,0,0,0,0,0,0,0,0,226,485,13,..,239,485
11103123401,core,128,317,0,3,0,0,0,3,22,21,12,16,0,0,0,0,0,5,31,41,0,0,0,0,0,0,7,6,7,6,0,0,167,372,9,..,174,372
11103123402,core,234,589,10,24,0,0,13,26,13,23,0,0,0,0,0,0,0,0,13,23,0,0,0,0,0,0,0,0,0,0,0,0,265,639,7,..,274,639
11103123403,core,176,493,4,11,7,10,10,26,8,22,0,0,0,0,0,0,8,20,20,43,0,0,0,0,0,0,0,0,0,0,0,0,202,554,11,..,211,554
11103123404,core,148,371,0,0,0,0,0,0,0,0,0,0,0,0,0,0,5,7,7,9,0,0,0,0,0,0,0,0,0,0,0,0,152,379,7,..,163,379
11103123405,core,108,286,6,9,3,21,10,25,6,5,0,0,0,0,0,0,0,0,6,5,0,0,0,0,0,0,0,0,0,0,0,0,121,321,7,..,135,321
11103123406,core,179,446,7,6,25,49,32,56,20,18,4,10,0,0,0,0,7,6,27,36,0,0,0,0,0,0,0,0,0,0,0,0,240,543,19,..,254,543
11103123407,core,180,484,8,16,24,65,28,83,7,12,3,9,0,0,0,0,0,0,16,20,0,0,0,0,0,0,0,5,0,5,0,0,219,590,20,..,242,590
11103123408,core,122,296,0,9,7,15,13,21,8,6,0,0,0,0,0,0,0,0,8,6,0,0,0,0,0,0,0,0,0,0,0,0,144,329,13,..,152,329
11103123409,core,124,315,0,0,42,92,42,92,0,0,0,0,0,0,0,0,0,0,0,0,0,0,0,0,0,0,0,0,0,0,0,0,169,407,9,..,180,407
11103123410,core,107,259,14,21,6,17,30,37,20,29,0,0,0,0,0,0,8,10,26,42,0,0,0,0,0,0,0,0,0,0,3,6,163,337,20,..,185,337
11103123411,core,121,285,0,0,0,0,0,0,3,3,0,0,0,0,0,0,0,0,3,3,0,0,0,0,0,0,0,0,0,0,0,0,124,291,8,..,130,291
11103123412,core,140,383,0,3,14,29,13,28,8,11,21,28,0,0,0,0,0,0,31,46,0,0,0,0,0,4,0,0,0,4,0,0,183,455,17,..,197,455
11103123413,core,194,450,0,4,12,25,10,24,3,7,0,0,0,0,0,0,0,0,9,6,0,0,0,0,0,0,0,0,0,0,0,0,210,484,15,..,224,484
11103123414,core,178,420,10,20,9,27,19,45,21,28,0,0,0,0,0,0,10,23,31,49,0,0,0,0,0,0,0,0,0,0,0,4,237,519,30,..,264,519
11103123415,core,157,389,0,8,0,0,0,8,0,0,0,0,0,0,0,0,0,0,0,0,0,0,0,0,0,0,0,0,0,0,0,0,164,401,0,..,164,401
11103123416,core,235,611,9,14,12,24,16,32,4,11,0,0,0,0,0,0,0,0,4,11,0,0,0,0,0,0,0,0,0,0,0,0,265,655,11,..,277,655
11103123417,core,152,372,6,11,10,30,14,38,3,10,0,0,0,0,0,0,0,0,3,10,0,0,0,0,0,0,0,0,0,0,0,0,180,422,7,..,187,422
11103123418,core,149,360,0,0,0,0,0,0,0,0,0,0,0,0,0,0,3,3,3,3,0,0,0,0,0,0,0,0,0,0,0,0,153,363,5,..,152,363
11103123419,core,98,212,3,8,6,6,8,10,6,9,13,15,17,25,0,0,3,0,33,52,0,0,0,0,0,0,0,5,0,5,0,0,137,275,7,..,152,275
11103123420,core,90,236,19,31,33,49,57,83,9,19,23,46,0,0,0,0,0,3,41,64,0,0,0,0,0,0,13,15,13,15,0,0,204,400,12,..,211,400
11103123421,core,146,382,9,7,27,49,35,64,24,32,0,0,0,0,0,0,0,0,25,37,0,0,0,0,0,0,0,0,0,0,0,0,209,482,10,..,214,482
11103123422,core,29,66,59,96,37,63,92,164,43,52,0,0,0,0,0,0,0,0,43,56,0,0,0,0,0,0,0,0,0,0,0,0,169,284,31,..,202,284
11103123423,core,117,282,20,24,14,16,32,42,35,60,0,0,0,0,0,0,0,0,41,59,0,0,0,0,0,0,0,0,0,0,0,0,187,382,15,..,207,382
11103123424,core,81,175,9,6,14,18,16,28,17,31,5,10,0,0,0,0,8,5,26,45,0,0,0,0,0,0,0,0,0,0,0,0,119,244,5,..,130,244
11103123425,core,165,430,8,15,49,102,61,121,26,38,18,21,0,0,0,0,8,20,58,73,0,0,0,0,0,0,0,0,0,0,0,0,284,620,28,..,305,620
11103123426,core,129,323,0,4,0,0,0,4,7,18,0,0,0,0,0,0,0,0,13,17,0,0,0,0,0,0,0,0,0,0,0,3,143,353,10,..,155,353
11103123427,core,168,384,0,0,8,21,8,21,7,7,0,0,0,0,0,0,0,3,5,8,0,0,0,0,0,0,0,0,0,0,0,0,187,411,14,..,199,411
11103123501,core,0,4,0,0,110,221,110,221,3,3,0,0,0,0,37,64,0,0,38,65,0,0,16,19,0,0,0,0,15,22,3,8,166,328,21,..,188,328
11103123502,core,244,607,3,11,41,85,39,99,5,10,0,0,0,0,0,0,0,0,5,9,0,0,0,0,0,0,3,9,3,9,0,0,294,720,23,..,318,720
11103123503,core,221,568,9,10,28,51,37,60,20,30,0,0,0,0,0,0,0,0,19,31,0,0,0,0,0,0,0,0,0,0,0,0,277,655,21,..,294,655
11103123504,core,188,460,0,7,4,7,7,14,12,15,0,0,0,0,0,0,0,0,12,15,0,0,0,0,0,0,0,0,0,0,0,0,201,496,13,..,213,496
11103123505,core,0,0,0,0,125,278,125,278,0,0,26,48,18,39,0,0,0,0,42,78,0,0,0,0,0,0,0,0,0,0,0,0,171,355,19,..,193,355
11103123506,core,0,0,0,0,0,0,0,0,0,0,0,0,0,0,0,0,0,0,0,0,0,0,0,0,0,0,0,0,0,0,0,0,0,0,0,..,0,0
11103123507,core,177,462,7,16,0,5,12,22,9,26,0,0,0,0,0,0,0,0,9,26,0,0,0,0,0,0,0,0,0,0,0,0,202,510,14,..,211,510
11103123508,core,87,182,13,26,43,89,56,119,13,14,0,0,32,60,0,0,0,0,43,70,0,0,0,0,0,0,12,19,12,19,0,0,199,394,36,..,234,394
11103123509,core,138,332,26,40,18,29,41,65,10,22,0,0,0,0,0,0,0,4,9,22,0,0,0,0,0,0,0,0,0,0,0,0,185,424,18,..,207,424
11103123510,core,137,325,17,29,38,73,59,102,3,9,0,0,0,0,0,0,0,0,3,9,0,0,0,0,0,0,0,0,0,0,0,0,189,435,12,..,208,435
11103123511,core,113,284,9,10,105,201,112,213,14,12,0,0,0,6,0,0,0,0,13,16,0,0,0,0,0,0,0,0,0,0,0,0,242,508,20,..,263,508
11103123512,core,140,311,14,25,59,110,75,140,4,9,0,0,0,0,0,0,0,0,4,9,0,0,0,0,0,0,0,0,0,0,0,4,224,463,24,..,247,463
11103123513,core,105,251,11,19,19,38,26,50,7,14,19,43,0,0,0,0,0,0,29,60,0,0,0,0,0,0,0,0,0,0,0,0,164,360,20,..,182,360
11103123514,core,141,328,8,21,34,65,36,80,18,24,6,7,0,0,0,0,0,0,20,29,0,0,0,0,0,0,0,0,0,0,0,0,200,453,17,..,215,453
11103123515,core,70,161,26,57,19,36,41,92,4,13,11,19,15,21,0,0,0,0,29,41,0,0,0,0,0,0,0,0,0,0,0,0,144,298,16,..,159,298
11103123516,core,140,319,18,35,102,217,119,254,19,25,0,0,0,0,0,0,0,0,19,25,0,0,0,0,0,0,0,0,0,0,3,3,279,596,24,..,304,596
11103123518,core,103,213,7,24,11,28,24,45,5,0,0,0,0,0,0,0,0,0,5,0,0,0,0,0,0,0,0,0,0,0,0,0,125,262,8,..,134,262
11103123519,core,185,441,9,9,5,12,9,23,3,0,0,0,0,0,0,0,0,0,3,0,0,0,0,0,0,0,0,0,0,0,0,0,198,467,10,..,218,467
11103123520,core,30,71,13,22,30,76,44,94,21,38,76,118,0,0,0,0,0,0,95,157,0,0,0,0,0,0,0,0,0,0,0,0,166,324,26,..,192,324
11103123521,core,7,9,6,6,60,123,66,130,13,17,0,0,36,56,180,280,0,0,228,351,0,0,0,0,0,0,0,0,0,0,0,0,302,490,73,..,371,490
11103123522,core,0,0,4,8,0,0,4,8,0,5,0,0,0,0,0,0,0,0,0,5,0,0,0,0,0,0,0,0,0,0,0,0,12,18,0,..,12,18
