SA1_CODE_2021,zone_tier,One_method_Train_M,One_method_Train_F,One_method_Train_P,One_method_Bus_M,One_method_Bus_F,One_method_Bus_P,One_method_Ferry_M,One_method_Ferry_F,One_method_Ferry_P,One_met_Tram_or_lt_rail_M,One_met_Tram_or_lt_rail_F,One_met_Tram_or_lt_rail_P,One_met_Taxi_or_Rideshare_M,One_met_Taxi_or_Rideshare_F,One_met_Taxi_or_Rideshare_P,One_method_Car_as_driver_M,One_method_Car_as_driver_F,One_method_Car_as_driver_P,One_method_Car_as_passenger_M,One_method_Car_as_passenger_F,One_method_Car_as_passenger_P,One_method_Truck_M,One_method_Truck_F,One_method_Truck_P,One_method_Motorbike_scootr_M,One_method_Motorbike_scootr_F,One_method_Motorbike_scootr_P,One_method_Bicycle_M,One_method_Bicycle_F,One_method_Bicycle_P,One_method_Other_M,One_method_Other_F,One_method_Other_P,One_method_Walked_only_M,One_method_Walked_only_F,One_method_Walked_only_P,One_method_Tot_one_method_M,One_method_Tot_one_method_F,One_method_Tot_one_method_P,Two_methods_Train_Bus_M,Two_methods_Train_Bus_F,Two_methods_Train_Bus_P,Two_methods_Train_Ferry_M,Two_methods_Train_Ferry_F,Two_methods_Train_Ferry_P,Two_mt_trn_Trm_or_lt_rail_M,Two_mt_trn_Trm_or_lt_rail_F,Two_mt_trn_Trm_or_lt_rail_P,Two_methods_Trn_Car_as_drvr_M,Two_methods_Trn_Car_as_drvr_F,Two_methods_Trn_Car_as_drvr_P,Two_methods_Trn_Car_as_pass_M,Two_methods_Trn_Car_as_pass_F,Two_methods_Trn_Car_as_pass_P,Two_methods_Train_Other_M,Two_methods_Train_Other_F,Two_methods_Train_Other_P,Two_methods_Train_Tot_M,Two_methods_Train_Tot_F,Two_methods_Train_Tot_P,Two_methods_Bus_Ferry_M,Two_methods_Bus_Ferry_F,Two_methods_Bus_Ferry_P,Two_mth_Bu_Trm_or_lt_rail_M,Two_mth_Bu_Trm_or_lt_rail_F,Two_mth_Bu_Trm_or_lt_rail_P,Two_methods_Bus_Car_as_drvr_M,Two_methods_Bus_Car_as_drvr_F,Two_methods_Bus_Car_as_drvr_P,Two_methods_Bus_Car_as_pass_M,Two_methods_Bus_Car_as_pass_F,Two_methods_Bus_Car_as_pass_P,Two_methods_Bus_Other_M,Two_methods_Bus_Other_F,Two_methods_Bus_Other_P,Two_methods_Bus_Tot_M,Two_methods_Bus_Tot_F,Two_methods_Bus_Tot_P,Two_methds_Othr_two_methds_M,Two_methds_Othr_two_methds_F,Two_methds_Othr_two_methds_P,Two_methods_Tot_two_methods_M,Two_methods_Tot_two_methods_F,Two_methods_Tot_two_methods_P,Three_meth_Tr_2_oth_meth_M,Three_meth_Tr_2_oth_meth_F,Three_meth_Tr_2_oth_meth_P,Three_met_Bs_2_ot_met_ex_tr_M,Three_met_Bs_2_ot_met_ex_tr_F,Three_met_Bs_2_ot_met_ex_tr_P,Three_meth_Othr_three_meth_M,Three_meth_Othr_three_meth_F,Three_meth_Othr_three_meth_P,Three_meth_Tot_three_meth_M,Three_meth_Tot_three_meth_F,Three_meth_Tot_three_meth_P,Worked_home_M,Worked_home_F,Worked_home_P,Did_not_go_to_work_M,Did_not_go_to_work_F,Did_not_go_to_work_P,Method_travel_to_work_ns_M,Method_travel_to_work_ns_F,Method_travel_to_work_ns_P,Tot_M,Tot_F,Tot_P
10601110701,core,0,0,0,0,5,5,0,0,0,0,0,0,0,0,0,147,88,237,3,7,12,5,0,5,0,0,0,0,0,0,0,0,0,0,4,4,162,100,261,0,0,0,0,0,0,0,0,0,0,0,0,0,0,0,0,0,0,0,0,0,0,0,0,0,0,0,0,0,0,0,0,0,0,0,0,0,0,0,0,0,0,0,0,0,0,0,0,0,0,0,0,0,0,0,0,0,3,17,22,21,40,65,0,0,0,189,161,354
10601110702,core,0,0,0,0,0,0,0,0,0,0,0,0,0,0,0,104,83,182,6,4,10,3,0,3,0,0,0,0,0,0,0,0,0,7,5,8,115,93,207,0,0,0,0,0,0,0,0,0,0,0,0,0,0,0,0,0,0,0,0,0,0,0,0,0,0,0,0,0,0,0,0,0,0,0,0,0,0,0,0,0,0,0,0,0,0,0,0,0,0,0,0,0,0,0,0,0,3,14,17,22,16,35,0,0,0,145,122,266
10601110703,core,0,0,0,0,0,0,0,0,0,0,0,0,0,0,0,155,121,278,3,9,14,3,0,3,0,0,0,0,0,0,0,0,0,0,0,0,164,132,299,0,0,0,0,0,0,0,0,0,0,0,0,0,0,0,0,0,0,0,0,0,0,0,0,0,0,0,0,0,0,0,0,0,0,0,0,0,0,0,0,0,0,0,0,0,0,0,0,0,0,0,0,0,0,0,0,0,24,37,59,29,43,72,0,0,0,212,217,433
10601110704,external,0,0,0,0,0,0,0,0,0,0,0,0,0,0,0,78,56,129,6,3,6,5,0,5,3,0,3,0,0,0,0,0,0,5,0,5,98,54,152,0,0,0,0,0,0,0,0,0,0,0,0,0,0,0,0,0,0,0,0,0,0,0,0,0,0,0,0,0,0,0,0,0,0,0,0,0,0,0,0,0,3,0,0,3,0,0,0,0,0,0,0,0,0,0,0,0,22,41,70,11,13,27,0,3,3,129,116,246
10601110705,external,0,0,0,0,0,0,0,0,0,0,0,0,0,0,0,49,38,86,3,0,9,6,0,8,3,0,3,0,0,0,0,0,0,10,7,17,74,49,122,0,0,0,0,0,0,0,0,0,0,0,0,0,0,0,0,0,0,0,0,0,0,0,0,0,0,0,0,0,0,0,0,0,0,0,0,0,0,0,0,0,0,0,0,0,0,0,0,0,0,0,0,0,0,0,0,0,22,29,51,9,17,32,0,0,0,105,95,205
10601110706,core,0,0,0,0,0,0,0,0,0,0,0,0,0,0,0,53,42,97,0,6,6,3,0,3,0,0,3,0,0,3,0,0,0,4,3,8,63,56,123,0,0,0,0,0,0,0,0,0,0,0,0,0,0,0,0,0,0,0,0,0,0,0,0,0,0,0,0,0,0,0,0,0,0,0,0,0,0,0,0,0,0,0,0,0,0,0,0,0,0,0,0,0,0,0,0,0,16,19,37,11,17,22,0,6,5,89,99,188
10601110707,core,0,0,0,0,0,0,0,0,0,0,0,0,0,0,0,31,19,51,0,0,0,0,0,0,0,0,0,0,0,0,0,0,0,7,10,14,46,27,76,0,0,0,0,0,0,0,0,0,0,0,0,0,0,0,0,0,0,0,0,0,0,0,0,0,0,0,0,0,0,0,0,0,0,0,0,0,0,0,0,0,0,0,0,0,0,0,0,0,0,0,0,0,0,0,0,0,30,30,62,4,20,22,0,0,0,82,75,160
10601110708,core,0,0,0,0,0,0,0,0,0,0,0,0,0,0,0,48,31,76,0,4,5,0,0,0,0,0,0,0,0,0,0,0,0,3,0,4,57,34,91,0,0,0,0,0,0,0,0,0,0,0,0,0,0,0,0,0,0,0,0,0,0,0,0,0,0,0,0,0,0,0,0,0,0,0,0,0,0,0,0,0,0,0,0,0,0,0,0,0,0,0,0,0,0,0,0,0,11,23,34,16,9,28,0,0,0,85,67,156
10601110709,core,0,0,0,0,0,0,0,0,0,0,0,0,0,0,0,37,34,73,4,4,9,0,0,0,0,0,0,0,0,0,0,0,0,8,0,7,58,44,95,0,0,0,0,0,0,0,0,0,0,0,0,0,0,0,0,0,0,0,0,0,0,0,0,0,0,0,0,0,0,0,0,0,0,0,0,0,0,0,0,0,0,0,0,0,0,0,0,0,0,0,0,0,0,0,0,0,5,17,20,3,13,11,0,0,0,67,65,135
10601110710,core,0,0,0,0,0,0,0,0,0,0,0,0,0,0,0,49,35,83,4,0,3,0,0,0,0,0,0,0,0,0,0,0,0,0,0,0,52,38,89,0,0,0,0,0,0,0,0,0,0,0,0,0,0,0,0,0,0,0,0,0,0,0,0,0,0,0,0,0,0,0,0,0,0,0,0,0,0,0,0,0,0,0,0,0,0,0,0,0,0,0,0,0,0,0,0,0,3,10,14,14,12,19,0,0,0,63,59,122
10601110712,core,0,0,0,0,0,0,0,0,0,0,0,0,0,0,0,81,64,148,8,4,8,5,0,5,0,0,0,0,0,0,0,0,0,0,4,7,100,67,170,0,0,0,0,0,0,0,0,0,0,0,0,0,0,0,0,0,0,0,0,0,0,0,0,0,0,0,0,0,0,0,0,0,0,0,0,0,0,0,3,0,3,3,0,3,0,0,0,0,0,0,0,0,0,0,0,0,4,19,17,16,13,30,0,0,0,125,100,221
10601110713,core,0,0,0,0,0,0,0,0,0,0,0,0,0,0,0,46,39,85,0,3,8,0,0,0,0,0,0,0,0,0,0,0,0,0,0,0,54,47,100,0,0,0,0,0,0,0,0,0,0,0,0,0,0,0,0,0,0,0,0,0,0,0,0,0,0,0,0,0,0,0,0,0,0,0,0,0,0,0,3,0,0,3,0,0,0,0,0,0,0,0,0,0,0,0,0,0,3,10,12,9,14,20,0,0,0,71,66,138
10601110714,core,0,0,0,0,0,0,0,0,0,0,0,0,0,0,0,125,104,228,3,7,11,6,0,6,0,0,0,0,0,0,0,0,0,0,0,0,138,112,252,0,0,0,0,0,0,0,0,0,0,0,0,0,0,0,0,0,0,0,0,0,0,0,0,0,0,0,0,0,0,0,0,0,0,0,0,0,0,0,0,0,0,0,0,6,0,0,0,0,0,0,0,0,0,0,0,0,7,20,27,26,31,54,4,0,3,170,166,333
10601110716,external,0,0,0,0,0,0,0,0,0,0,0,0,0,0,0,149,104,256,4,11,14,10,0,10,0,0,0,0,0,0,0,0,4,0,0,7,169,118,289,0,0,0,0,0,0,0,0,0,0,0,0,0,0,0,0,0,0,0,0,0,0,0,0,0,0,0,0,0,0,0,0,0,0,0,0,0,0,0,5,0,5,5,0,5,0,0,0,0,0,0,0,0,0,0,0,0,20,55,76,30,39,68,0,0,0,228,212,441
10601110717,external,0,0,0,0,0,0,0,0,0,0,0,0,0,0,0,34,28,66,0,0,0,0,0,0,0,0,0,0,0,0,0,0,0,0,4,6,47,32,71,0,0,0,0,0,0,0,0,0,0,0,0,0,0,0,0,0,0,0,0,0,0,0,0,0,0,0,0,0,0,0,0,0,0,0,0,0,0,0,0,0,0,0,0,0,0,0,0,0,0,0,0,0,0,0,0,0,7,9,17,11,13,21,0,0,0,64,51,116
10601110718,external,0,0,0,0,0,0,0,0,0,0,0,0,0,0,0,71,50,121,0,0,0,4,0,4,0,0,0,0,0,0,0,0,0,0,0,0,71,51,121,0,0,0,0,0,0,0,0,0,0,0,0,0,0,0,0,0,0,0,0,0,0,0,0,0,0,0,0,0,0,0,0,0,0,0,0,0,0,0,0,0,0,0,0,0,0,0,0,0,0,0,0,0,0,0,0,0,15,22,35,12,16,31,0,0,0,98,91,186
10601110719,core,0,0,0,0,0,0,0,0,0,0,0,0,0,0,0,61,41,101,4,0,8,0,0,0,0,0,0,0,0,0,0,0,0,0,0,0,68,42,104,0,0,0,0,0,0,0,0,0,0,0,0,0,0,0,0,0,0,0,0,0,0,0,0,0,0,0,0,0,0,0,0,0,0,0,0,0,0,0,0,0,0,0,0,0,0,0,0,0,0,0,0,0,0,0,0,0,3,15,20,11,12,27,0,0,0,83,74,158
10601110720,core,0,0,0,0,0,0,0,0,0,0,0,0,0,0,0,96,66,160,10,6,8,0,0,0,0,0,3,0,0,0,0,0,0,0,0,0,107,68,175,0,0,0,0,0,0,0,0,0,0,0,0,0,0,0,0,0,0,0,0,0,0,0,0,0,0,0,0,0,0,0,0,0,0,0,0,0,0,0,5,0,5,5,0,5,0,0,0,0,0,0,0,0,0,0,0,0,3,22,23,20,22,46,0,0,0,132,118,246
10601110722,core,0,0,0,0,0,0,0,0,0,0,0,0,0,0,0,84,47,126,8,7,11,0,0,0,0,0,0,0,0,0,0,0,0,0,4,4,88,47,138,0,0,0,0,0,0,0,0,0,0,0,0,0,0,0,0,0,0,0,0,0,0,0,0,0,0,0,0,0,0,0,0,0,0,0,0,0,0,0,0,0,0,0,0,0,0,0,0,0,0,0,0,0,0,0,0,0,9,19,20,15,19,29,0,0,0,114,79,197
10601110723,core,0,0,0,0,0,0,0,0,0,0,0,0,0,0,0,134,90,225,8,10,18,4,0,4,0,0,0,0,0,0,0,0,8,3,3,4,149,110,257,0,0,0,0,0,0,0,0,0,0,0,0,0,0,0,0,0,0,0,0,0,0,0,0,0,0,0,0,0,0,0,0,0,0,0,0,0,0,0,0,0,0,0,0,0,0,0,0,0,0,0,0,0,0,0,0,0,11,27,33,28,42,71,0,0,0,191,177,367
10601110725,core,0,0,0,0,0,0,0,0,0,0,0,0,0,0,0,98,71,168,0,3,3,3,0,3,0,0,0,0,0,0,0,0,0,0,0,0,105,75,176,0,0,0,0,0,0,0,0,0,0,0,0,0,0,0,0,0,0,0,0,0,0,0,0,0,0,0,0,0,0,0,0,0,0,0,0,0,0,0,0,0,0,0,0,3,0,0,0,0,0,0,0,0,0,0,0,0,3,24,27,10,23,38,0,0,0,122,120,247
10601110726,core,0,0,0,0,0,0,0,0,0,0,0,0,0,0,0,76,47,128,0,3,4,0,0,0,0,0,0,0,0,0,0,0,0,0,0,0,76,53,132,0,0,0,0,0,0,0,0,0,0,0,0,0,0,0,0,0,0,0,0,0,0,0,0,0,0,0,0,0,0,0,0,0,0,0,0,0,0,0,0,0,0,0,0,0,0,0,0,0,0,0,0,0,0,0,0,0,0,20,21,21,16,36,0,0,0,98,88,180
10601110727,core,0,0,0,0,0,0,0,0,0,0,0,0,0,0,0,100,94,198,5,0,5,0,0,0,0,0,0,0,0,0,0,0,0,0,0,0,105,101,205,0,0,0,0,0,0,0,0,0,0,0,0,0,0,0,0,0,0,0,0,0,0,0,0,0,0,0,0,0,0,0,0,0,0,0,0,0,0,0,3,0,3,3,0,3,0,0,0,0,0,0,0,0,0,0,0,0,13,23,43,20,16,40,0,0,0,146,144,293
10601110728,core,0,0,0,0,0,0,0,0,0,0,0,0,0,0,0,27,16,43,0,0,0,0,0,0,0,0,0,0,0,0,0,0,0,8,3,7,36,22,51,0,0,0,0,0,0,0,0,0,0,0,0,0,0,0,0,0,0,0,0,0,0,0,0,0,0,0,0,0,0,0,0,0,0,0,0,0,0,0,0,0,0,0,0,0,0,0,0,0,0,0,0,0,0,0,0,0,19,18,38,14,8,19,0,0,0,60,49,114
10601110729,core,0,0,0,0,0,0,0,0,0,0,0,0,0,0,0,90,62,151,5,3,7,0,0,0,0,0,0,0,0,0,0,0,0,0,0,0,98,67,165,0,0,0,0,0,0,0,0,0,0,0,0,0,0,0,0,0,0,0,0,0,0,0,0,0,0,0,0,0,0,0,0,0,0,0,0,0,0,0,0,0,0,0,0,0,0,0,0,0,0,0,0,0,0,0,0,0,17,33,49,13,30,42,0,0,3,130,135,260
10601110730,core,0,0,0,0,0,0,0,0,0,0,0,0,0,0,0,41,25,65,0,0,5,0,0,0,0,0,0,0,0,0,6,0,6,6,0,6,52,24,71,0,0,0,0,0,0,0,0,0,0,0,0,0,0,0,0,0,0,0,0,0,0,0,0,0,0,0,0,0,0,0,0,0,0,0,0,0,0,0,0,0,0,0,0,0,0,0,0,0,0,0,0,0,0,0,0,0,32,38,68,13,20,33,0,0,0,96,83,177
10601110731,core,0,0,0,0,0,0,0,0,0,0,0,0,0,0,0,50,47,100,0,0,7,0,0,0,0,0,0,0,0,0,0,0,0,0,0,0,59,50,110,0,0,0,0,0,0,0,0,0,0,0,0,0,0,0,0,0,0,0,0,0,0,0,0,0,0,0,0,0,0,0,0,0,0,0,0,0,0,0,0,0,3,0,0,3,0,0,0,0,0,0,0,0,0,0,0,0,17,26,44,14,15,29,0,0,0,92,92,186
10601110732,core,0,0,0,0,0,0,0,0,0,0,0,0,0,0,0,95,81,178,0,8,9,3,0,3,0,0,0,0,0,0,0,0,0,0,0,0,101,90,190,0,0,0,0,0,0,0,0,0,0,0,0,0,0,0,0,0,0,0,0,0,0,0,0,0,0,0,0,0,0,0,0,0,0,0,0,0,0,0,0,3,6,0,3,6,0,0,0,0,0,0,0,0,0,0,0,0,19,30,47,21,35,52,0,0,0,144,150,294
10601110733,core,0,0,0,0,0,0,0,0,0,0,0,0,0,0,0,27,16,51,0,0,3,0,0,0,0,0,0,0,0,0,0,0,0,0,0,3,30,17,50,0,0,0,0,0,0,0,0,0,0,0,0,0,0,0,0,0,0,0,0,0,0,0,0,0,0,0,0,0,0,0,0,0,0,0,0,0,0,0,0,0,0,0,0,0,0,0,0,0,0,0,0,0,0,0,0,0,43,40,75,3,17,15,0,0,0,76,76,147
10601110801,core,0,0,0,0,0,0,0,0,0,0,0,0,0,0,0,57,65,125,0,0,0,0,0,0,0,0,0,0,0,0,0,0,0,0,7,7,66,76,136,0,0,0,0,0,0,0,0,0,0,0,0,0,0,0,0,0,0,0,0,0,0,0,0,0,0,0,0,0,0,0,0,0,0,0,0,0,0,0,0,0,0,0,0,0,0,0,0,0,0,0,0,0,0,0,0,0,6,15,20,16,37,57,0,0,0,90,125,211
10601110806,core,0,0,0,0,0,0,0,0,0,0,0,0,0,0,0,32,28,68,3,0,3,0,0,0,0,0,0,0,0,0,0,0,0,0,3,3,40,39,82,0,0,0,0,0,0,0,0,0,0,0,0,0,0,0,0,0,0,0,0,0,0,0,0,0,0,0,0,0,0,0,0,0,0,0,0,0,0,0,0,0,0,0,0,0,0,0,0,0,0,0,0,0,0,0,0,0,3,0,7,5,8,20,0,0,0,52,54,109
10601110807,core,0,0,0,0,0,0,0,0,0,0,0,0,0,0,0,70,52,119,7,0,10,5,0,5,0,0,0,0,0,0,0,0,0,0,4,5,81,57,137,0,0,0,0,0,0,0,0,0,0,0,0,0,0,0,0,0,0,0,0,0,0,0,0,0,0,0,0,0,0,0,0,0,0,0,0,0,0,0,0,0,0,0,0,0,0,0,0,0,0,0,0,0,0,0,0,0,5,10,12,11,11,28,0,0,0,101,82,181
10601110808,core,0,0,0,0,0,0,0,0,0,0,0,0,0,0,0,75,47,121,0,6,9,5,0,5,0,0,0,0,0,0,0,0,0,0,0,0,80,55,129,0,0,0,0,0,0,0,0,0,0,0,0,0,0,0,0,0,0,0,0,0,0,0,0,0,0,0,0,0,0,0,0,0,0,0,0,0,0,0,0,0,0,0,0,0,0,0,0,0,0,0,0,0,0,0,0,0,0,16,20,13,19,32,0,0,0,92,90,177
10601110809,core,0,0,0,0,0,0,0,0,0,0,0,0,0,0,0,32,21,56,5,0,5,4,0,4,0,0,0,0,0,0,0,0,0,0,0,0,35,25,59,0,0,0,0,0,0,0,0,0,0,0,0,0,0,0,0,0,0,0,0,0,0,0,0,0,0,0,0,0,0,0,0,0,0,0,0,0,0,0,0,0,0,0,0,0,0,0,0,0,0,0,0,0,0,0,0,0,0,15,17,8,11,18,0,0,0,49,50,95
10601110810,core,0,0,0,0,0,0,0,0,0,0,0,0,0,0,0,67,52,117,5,8,12,0,0,0,0,0,0,6,0,6,0,0,0,3,3,3,82,60,142,0,0,0,0,0,0,0,0,0,0,0,0,0,0,0,0,0,0,0,0,0,0,0,0,0,0,0,0,0,0,0,0,0,0,0,0,0,0,0,0,0,0,0,0,0,0,0,0,0,0,0,0,0,0,0,0,0,11,6,18,11,19,29,0,0,0,102,92,196
10601110811,core,0,0,0,0,0,0,0,0,0,0,0,0,0,0,0,58,45,100,8,0,8,0,0,0,3,0,3,0,0,0,0,0,0,0,0,0,65,54,116,0,0,0,0,0,0,0,0,0,0,0,0,0,0,0,0,0,0,0,0,0,0,0,0,0,0,0,0,0,0,0,0,0,0,0,0,0,0,0,4,0,4,3,0,3,0,0,0,0,0,0,0,0,0,0,0,0,3,15,14,16,15,34,0,0,0,88,79,170
10601110812,core,0,0,0,0,0,0,0,0,0,0,0,0,0,0,0,37,33,65,5,0,0,0,0,0,0,0,0,0,0,0,0,0,0,0,0,0,39,34,68,0,0,0,0,0,0,0,0,0,0,0,0,0,0,0,0,0,0,0,0,0,0,0,0,0,0,0,0,0,0,0,0,0,0,0,0,0,0,0,0,0,0,0,0,0,0,0,0,0,0,0,0,0,0,0,0,0,3,6,14,12,15,29,0,0,0,57,54,112
10601110813,core,0,0,0,0,0,0,0,0,0,0,0,0,0,0,0,61,58,118,7,4,12,0,0,3,0,0,0,5,0,5,0,0,0,0,4,3,73,67,135,0,0,0,0,0,0,0,0,0,0,0,0,0,0,0,0,0,0,0,0,0,0,0,0,0,0,0,0,0,0,0,0,0,0,0,0,0,0,0,0,0,4,0,0,4,0,0,0,0,0,0,0,0,0,0,0,0,7,11,12,11,20,35,0,0,3,97,94,190
10601110814,core,0,0,0,0,0,0,0,0,0,0,0,0,0,0,0,26,16,47,0,6,3,0,0,0,0,0,0,0,0,0,0,0,0,0,0,0,27,20,51,0,0,0,0,0,0,0,0,0,0,0,0,0,0,0,0,0,0,0,0,0,0,0,0,0,0,0,0,0,0,0,0,0,0,0,0,0,0,0,0,0,0,0,0,0,0,0,0,0,0,0,0,0,0,0,0,0,5,3,5,3,3,8,0,0,0,35,36,67
10601110815,core,0,0,0,0,0,0,0,0,0,0,0,0,0,0,0,41,23,63,0,3,3,0,0,0,0,0,0,0,0,0,3,0,3,4,3,6,47,30,78,0,0,0,0,0,0,0,0,0,0,0,0,0,0,0,0,0,0,0,0,0,0,0,0,0,0,0,0,0,0,0,0,0,0,0,0,0,0,0,0,0,0,0,0,0,0,0,0,0,0,0,0,0,0,0,0,0,3,8,14,11,9,13,0,0,0,56,47,105
10601110816,core,0,0,0,3,0,3,0,0,0,0,0,0,0,0,0,60,52,110,0,3,0,0,0,0,0,0,0,0,0,0,0,0,0,0,0,0,65,58,122,0,0,0,0,0,0,0,0,0,0,0,0,0,0,0,0,0,0,0,0,0,0,0,0,0,0,0,0,0,0,0,0,0,0,0,0,0,0,0,3,0,3,3,0,3,0,0,0,0,0,0,0,0,0,0,0,0,8,13,23,20,19,41,0,0,0,90,91,181
10601110817,core,0,0,0,0,0,0,0,0,0,0,0,0,0,0,0,61,47,108,0,3,7,0,0,0,0,0,0,0,0,0,0,0,0,0,0,0,66,51,120,0,0,0,0,0,0,0,0,0,0,0,0,0,0,0,0,0,0,0,0,0,0,0,0,0,0,0,0,0,0,0,0,0,0,0,0,0,0,0,0,0,0,0,0,0,0,0,0,0,0,0,0,0,0,0,0,0,3,8,18,13,26,35,0,0,0,87,86,172
10601110818,core,0,0,0,0,0,0,0,0,0,0,0,0,0,0,0,3,8,9,0,0,0,0,0,0,0,0,0,0,0,0,0,0,0,0,0,0,4,11,8,0,0,0,0,0,0,0,0,0,0,0,0,0,0,0,0,0,0,0,0,0,0,0,0,0,0,0,0,0,0,0,0,0,0,0,0,0,0,0,0,0,0,0,0,0,0,0,0,0,0,0,0,0,0,0,0,0,0,0,0,0,0,0,0,0,0,6,8,15
10601110819,core,0,0,0,0,0,0,0,0,0,0,0,0,0,0,0,60,73,133,12,4,13,0,0,0,0,0,0,0,0,0,0,0,0,0,5,4,72,84,154,0,0,0,0,0,0,0,0,0,0,0,0,0,0,0,0,0,0,0,0,0,0,0,0,0,0,0,0,0,0,0,0,0,0,0,0,0,0,0,0,0,0,0,0,0,0,0,0,0,0,0,0,0,0,0,0,0,3,14,12,13,25,37,0,0,0,91,117,208
10601110820,core,0,0,0,0,0,0,0,0,0,0,0,0,0,0,0,52,48,105,0,3,5,0,0,0,0,0,0,0,0,0,0,0,0,0,0,0,60,52,110,0,0,0,0,0,0,0,0,0,0,0,0,0,0,0,0,0,0,0,0,0,0,0,0,0,0,0,0,0,0,0,0,0,0,0,0,0,0,0,0,0,0,0,0,4,0,0,0,0,0,0,0,0,0,0,0,0,6,7,12,13,11,24,0,0,4,76,74,147
10601110821,core,0,0,0,0,0,0,0,0,0,0,0,0,0,0,0,35,31,70,3,0,3,0,0,0,0,0,0,0,0,0,0,0,0,5,0,3,50,31,79,0,0,0,0,0,0,0,0,0,0,0,0,0,0,0,0,0,0,0,0,0,0,0,0,0,0,0,0,0,0,0,0,0,0,0,0,0,0,0,0,0,0,0,0,0,0,0,0,0,0,0,0,0,0,0,0,0,4,8,6,10,18,24,0,0,0,53,59,111
10601110822,core,0,0,0,0,0,0,0,0,0,0,0,0,0,0,0,94,64,160,4,0,4,0,0,0,0,0,0,0,0,0,0,0,0,0,0,3,103,69,174,0,0,0,0,0,0,0,0,0,0,0,0,0,0,0,0,0,0,0,0,0,0,0,0,0,0,0,0,0,0,0,0,0,0,0,0,0,0,0,0,0,0,0,0,0,0,0,0,0,0,0,0,0,0,0,0,0,5,15,26,12,25,38,0,0,0,121,111,235
10601110823,core,0,0,0,0,0,0,0,0,0,0,0,0,0,0,0,40,26,63,4,0,3,5,0,5,0,0,0,0,0,0,0,0,0,0,0,0,42,28,71,0,0,0,0,0,0,0,0,0,0,0,0,0,0,0,0,0,0,0,0,0,0,0,0,0,0,0,0,0,0,0,0,0,0,0,0,0,0,0,0,0,0,0,0,0,0,0,0,0,0,0,0,0,0,0,0,0,3,7,11,8,10,20,0,0,0,59,46,105
10601110824,core,0,0,0,0,0,0,0,0,0,0,0,0,0,0,0,28,20,48,0,0,3,0,0,0,0,0,0,0,0,0,0,0,0,0,0,0,31,23,55,0,0,0,0,0,0,0,0,0,0,0,0,0,0,0,0,0,0,0,0,0,0,0,0,0,0,0,0,0,0,0,0,0,0,0,0,0,0,0,0,0,0,0,0,0,0,0,0,0,0,0,0,0,0,0,0,0,0,0,0,0,15,18,0,0,0,36,36,68
10601110825,core,0,0,0,0,0,0,0,0,0,0,0,0,0,0,0,49,42,91,7,9,20,0,0,0,3,0,0,0,0,0,0,0,0,0,0,0,67,54,122,0,0,0,0,0,0,0,0,0,0,0,0,0,0,0,0,0,0,0,0,0,0,0,0,0,0,0,0,0,0,0,0,0,0,0,0,0,0,0,0,0,0,0,0,0,0,0,0,0,0,0,0,0,0,0,0,0,8,9,9,18,23,43,5,0,5,96,91,186
10601110826,core,0,0,0,0,0,0,0,0,0,0,0,0,0,0,0,24,17,41,0,6,5,0,0,0,0,0,0,0,0,0,0,0,0,0,5,4,26,25,56,0,0,0,0,0,0,0,0,0,0,0,0,0,0,0,0,0,0,0,0,0,0,0,0,0,0,0,0,0,0,0,0,0,0,0,0,0,0,0,0,0,0,0,0,0,0,0,0,0,0,0,0,0,0,0,0,0,8,6,13,5,12,19,0,0,0,47,39,89
10601110827,core,0,0,0,0,0,0,0,0,0,0,0,0,0,0,0,14,12,24,0,0,0,0,0,0,0,0,0,0,0,0,0,0,0,0,0,0,13,12,25,0,0,0,0,0,0,0,0,0,0,0,0,0,0,0,0,0,0,0,0,0,0,0,0,0,0,0,0,0,0,0,0,0,0,0,0,0,0,0,0,0,0,0,0,0,0,0,0,0,0,0,0,0,0,0,0,0,0,3,3,0,5,5,0,0,0,13,13,29
10601110828,core,0,0,0,0,0,0,0,0,0,0,0,0,0,0,0,15,8,27,0,3,3,0,0,0,0,0,0,0,0,0,0,0,0,0,0,3,18,14,28,0,0,0,0,0,0,0,0,0,0,0,0,0,0,0,0,0,0,0,0,0,0,0,0,0,0,0,0,0,0,0,0,0,0,0,0,0,0,0,0,0,0,0,0,0,0,0,0,0,0,0,0,0,0,0,0,0,11,11,21,5,4,5,0,0,0,28,28,59
10601110829,core,0,0,0,0,0,0,0,0,0,0,0,0,0,0,0,64,51,110,6,0,3,7,0,7,0,0,0,0,0,0,0,0,0,7,3,8,73,54,130,0,0,0,0,0,0,0,0,0,0,0,0,0,0,0,0,0,0,0,0,0,0,0,0,0,0,0,0,0,0,0,0,0,0,0,0,0,0,0,0,0,0,0,0,0,0,0,0,0,0,0,0,0,0,0,0,0,5,13,18,13,15,30,0,0,0,93,85,183
10601110830,core,0,0,0,0,0,0,0,0,0,0,0,0,0,0,0,116,70,186,4,6,7,0,0,0,0,0,0,0,0,0,0,0,0,0,3,3,126,85,207,0,0,0,0,0,0,0,0,0,0,0,0,0,0,0,0,0,0,0,0,0,0,0,0,0,0,0,0,0,0,0,0,0,0,0,0,0,0,0,0,0,0,0,0,0,0,0,0,0,0,0,0,0,0,0,0,0,5,23,25,23,34,50,0,0,0,153,132,284
10601110831,core,0,0,0,0,0,0,0,0,0,0,0,0,0,0,0,31,23,55,0,0,0,0,0,0,0,0,0,0,0,0,0,0,0,0,0,0,37,28,62,0,0,0,0,0,0,0,0,0,0,0,0,0,0,0,0,0,0,0,0,0,0,0,0,0,0,0,0,0,0,0,0,0,0,0,0,0,0,0,0,0,0,0,0,0,0,0,0,0,0,0,0,0,0,0,0,0,0,3,4,11,15,19,0,0,0,45,46,91
10601110832,core,0,0,0,0,0,0,0,0,0,0,0,0,0,0,0,34,29,69,3,3,10,3,0,3,0,0,0,0,0,0,0,0,0,4,4,6,47,44,84,0,0,0,0,0,0,0,0,0,0,0,0,0,0,0,0,0,0,0,0,0,0,0,0,0,0,0,0,0,0,0,0,0,0,0,0,0,0,0,0,0,0,0,0,0,0,0,0,0,0,0,0,0,0,0,0,0,4,6,11,9,17,26,0,0,6,63,66,125
10601110833,core,0,0,0,0,0,0,0,0,0,0,0,0,0,0,0,43,34,77,0,0,6,0,0,0,0,0,0,0,0,0,0,0,0,4,5,11,50,42,94,0,0,0,0,0,0,0,0,0,0,0,0,0,0,0,0,0,0,0,0,0,0,0,0,0,0,0,0,0,0,0,0,0,0,0,0,0,0,0,0,0,0,0,0,0,0,0,0,0,0,0,0,0,0,0,0,0,3,5,10,9,11,20,0,0,0,63,61,124
10601110834,core,0,0,0,0,0,0,0,0,0,0,0,0,0,0,0,43,41,88,4,0,0,0,0,0,0,0,0,0,0,0,0,0,0,5,3,8,54,47,101,0,0,3,0,0,0,0,0,0,0,0,0,0,0,0,0,0,0,0,0,3,0,0,0,0,0,0,0,0,0,0,0,0,0,0,0,0,0,0,0,0,0,0,0,3,0,0,0,0,0,0,0,0,0,0,0,0,7,19,26,13,14,27,0,4,4,82,81,160
10601110835,core,0,0,0,0,0,0,0,0,0,0,0,0,0,0,0,37,23,62,0,3,4,0,0,0,0,0,0,0,0,0,0,0,0,4,0,3,47,28,74,0,0,0,0,0,0,0,0,0,0,0,0,0,0,0,0,0,0,0,0,0,0,0,0,0,0,0,0,0,0,0,0,0,0,0,0,0,0,0,0,0,0,0,0,0,0,0,0,0,0,0,0,0,0,0,0,0,3,3,7,0,6,4,0,0,0,46,36,83
10601110836,core,0,0,0,0,0,0,0,0,0,0,0,0,0,0,0,97,71,163,7,4,9,0,0,0,0,0,0,0,0,0,0,0,0,0,0,0,106,72,179,0,0,0,0,0,0,0,0,0,0,0,0,0,0,0,0,0,0,0,0,0,0,0,0,0,0,0,0,0,0,0,0,0,0,0,0,0,0,0,0,0,0,0,0,0,0,0,0,0,0,0,0,0,0,0,0,0,7,17,25,16,27,44,0,0,0,121,119,245
10601110837,core,0,0,0,0,0,0,0,0,0,0,0,0,0,0,0,70,60,136,0,12,16,0,0,0,0,0,0,0,0,0,0,0,0,0,0,0,85,76,153,0,0,0,0,0,0,0,0,0,0,0,0,0,0,0,0,0,0,0,0,0,0,0,0,0,0,0,0,0,0,0,0,0,0,0,0,0,0,0,0,0,3,0,0,3,0,0,0,0,0,0,0,0,0,0,0,0,15,14,32,16,29,41,0,0,0,109,120,227
10601110838,core,0,0,0,0,0,0,0,0,0,0,0,0,0,0,0,46,52,99,6,5,0,0,0,0,0,0,0,0,0,0,0,0,0,0,0,0,54,59,108,0,0,0,0,0,0,0,0,0,0,0,0,0,0,0,0,0,0,0,0,0,0,0,0,0,0,0,0,0,0,0,0,0,0,0,0,0,0,0,0,0,0,0,0,0,0,0,0,0,0,0,0,0,0,0,0,0,0,3,11,11,22,29,0,0,0,66,86,146
10601110839,core,0,0,0,0,0,0,0,0,0,0,0,0,0,0,0,51,44,91,3,8,9,0,0,0,0,0,0,0,0,0,0,0,0,4,0,5,56,53,110,0,0,0,0,0,0,0,0,0,0,0,0,0,0,0,0,0,0,0,0,0,0,0,0,0,0,0,0,0,0,0,0,0,0,0,0,0,0,0,0,0,0,0,0,0,0,0,0,0,0,0,0,0,0,0,0,0,5,10,14,14,27,41,0,0,0,78,91,164
10601110840,core,0,0,0,0,0,0,0,0,0,0,0,0,0,0,0,44,41,85,3,3,8,5,0,5,0,0,0,0,0,0,0,0,0,0,0,0,52,46,98,0,0,0,0,0,0,0,0,0,0,0,0,0,0,0,0,0,0,0,0,0,0,0,0,0,0,0,0,0,0,0,0,0,0,0,0,0,0,0,0,0,0,0,0,0,0,0,0,0,0,0,0,0,0,0,0,0,4,5,13,11,15,24,0,0,0,65,69,133
10601110841,core,0,0,0,0,0,0,0,0,0,0,0,0,0,0,0,59,36,104,3,0,5,0,0,0,0,0,0,0,0,0,0,0,5,0,0,0,71,45,112,0,0,0,0,0,0,0,0,0,0,0,0,0,0,0,0,0,0,0,0,0,0,0,0,0,0,0,0,0,0,0,0,0,0,0,0,0,0,0,0,0,0,0,0,0,0,0,0,0,0,0,0,0,0,0,0,0,10,5,16,17,16,32,0,0,0,94,61,158
10601110842,core,0,0,0,0,0,0,0,0,0,0,0,0,0,0,0,60,42,104,0,3,6,5,0,5,0,0,0,0,0,0,0,0,0,0,0,0,68,46,116,0,0,0,0,0,0,0,0,0,0,0,0,0,0,0,0,0,0,0,0,0,0,0,0,0,0,0,0,0,0,0,0,0,0,0,0,0,0,0,0,0,0,0,0,0,0,0,0,0,0,0,0,0,0,0,0,0,8,14,23,18,23,41,0,0,0,94,81,178
10601110843,core,0,0,0,0,0,0,0,0,0,0,0,0,0,0,0,53,57,108,3,3,5,0,0,0,0,0,0,0,0,0,0,0,4,0,0,0,58,62,124,0,0,0,0,0,0,0,0,0,0,0,0,0,0,0,0,0,0,0,0,0,0,0,0,0,0,0,0,0,0,0,0,0,0,0,0,0,0,0,6,0,6,6,0,6,0,0,0,0,0,0,0,0,0,0,0,0,3,7,8,5,22,25,0,0,0,75,90,164
10601110844,core,0,0,0,0,0,0,0,0,0,0,0,0,0,0,0,60,45,106,0,0,5,0,0,0,0,0,0,0,0,0,0,0,0,0,3,6,67,52,116,0,0,0,0,0,0,0,0,0,0,0,0,0,0,0,0,0,0,0,0,0,0,0,0,0,0,0,0,0,0,0,0,0,0,0,0,0,0,0,0,0,0,0,0,0,0,0,0,0,0,0,0,0,0,0,0,0,12,13,23,17,23,38,0,0,0,92,87,177
10601110845,core,0,0,0,0,0,0,0,0,0,0,0,0,0,0,0,39,26,58,4,0,8,0,0,0,0,0,0,0,0,0,0,0,0,6,9,11,50,37,76,0,0,0,0,0,0,0,0,0,0,0,0,0,0,0,0,0,0,0,0,0,0,0,0,0,0,0,0,0,0,0,0,0,0,0,0,0,0,0,0,0,0,0,0,0,0,0,0,0,0,0,0,0,0,0,0,0,0,5,10,10,12,20,0,5,5,61,49,110
10601110847,core,0,0,0,0,0,4,0,0,0,0,0,0,0,0,0,107,73,180,9,4,14,0,0,0,0,0,0,0,0,0,0,0,0,0,0,0,121,81,204,0,0,0,0,0,0,0,0,0,0,0,0,0,0,0,0,0,0,0,0,0,0,0,0,0,0,0,0,0,0,0,0,0,0,0,0,0,0,0,0,0,0,0,0,0,0,0,0,0,0,0,0,0,0,0,0,0,5,17,26,23,35,54,0,0,0,153,142,296
10601110848,core,0,0,0,0,0,0,0,0,0,0,0,0,0,0,0,34,33,68,4,0,4,3,0,3,0,0,0,0,0,0,0,0,0,0,0,0,34,33,69,0,0,0,0,0,0,0,0,0,0,0,0,0,0,0,0,0,0,0,0,0,0,0,0,0,0,0,0,0,0,0,0,0,0,0,0,0,0,0,0,0,0,0,0,0,0,0,0,0,0,0,0,0,0,0,0,0,0,5,6,9,10,17,0,0,0,44,47,89
10601110850,core,0,0,0,0,0,0,0,0,0,0,0,0,0,0,0,77,60,133,0,13,11,0,0,0,0,0,0,0,0,0,0,0,0,0,0,0,71,69,146,0,0,0,0,0,0,0,0,0,0,0,0,0,0,0,0,0,0,0,0,0,0,0,0,0,0,0,0,0,0,0,0,0,0,0,0,0,0,0,0,0,0,0,0,0,0,0,0,0,0,0,0,0,0,0,0,0,14,16,31,13,19,27,0,0,0,100,107,207
10601110852,core,0,0,0,0,0,0,0,0,3,0,0,0,0,0,0,37,26,60,0,0,0,0,0,0,0,0,0,0,0,0,0,0,0,0,0,0,40,27,69,0,0,0,0,0,0,0,0,0,0,0,0,0,0,0,0,0,0,0,0,0,0,0,0,0,0,0,0,0,0,0,0,0,0,0,0,0,0,0,0,0,0,0,0,0,0,0,0,0,0,0,0,0,0,0,0,0,3,12,19,4,17,17,0,0,0,50,59,106
10601110855,core,0,0,0,0,0,0,0,0,0,0,0,0,0,0,0,62,49,112,0,0,3,0,0,0,0,0,0,0,0,0,0,0,0,0,0,0,67,49,117,0,0,0,0,0,0,0,0,0,0,0,0,0,0,0,0,0,0,0,0,0,0,0,0,0,0,0,0,0,0,0,0,0,0,0,0,0,0,0,0,0,0,0,0,0,0,0,0,0,0,0,0,0,0,0,0,0,3,19,27,16,27,42,0,0,0,92,96,188
10601110858,core,0,0,0,0,0,0,0,0,0,0,0,0,0,0,0,79,44,127,8,3,11,0,0,3,3,0,3,0,0,0,0,0,0,0,0,3,90,53,145,0,0,0,0,0,0,0,0,0,0,0,0,0,0,0,0,0,0,0,0,0,0,0,0,0,0,0,0,0,0,0,0,0,0,0,0,0,0,0,0,0,0,0,0,0,0,0,0,0,0,0,0,0,0,0,0,0,4,13,14,12,23,29,0,0,0,104,85,191
10601110859,core,0,0,0,0,0,0,0,0,3,0,0,0,0,0,0,107,100,199,11,17,27,3,0,3,0,0,0,0,0,0,0,0,0,0,0,0,119,114,232,0,0,0,0,0,0,0,0,0,0,0,0,0,0,0,0,0,0,0,0,0,0,0,0,0,0,0,0,0,0,0,0,0,0,0,0,0,0,0,0,5,3,0,5,3,0,0,0,0,0,0,0,0,0,0,0,0,15,20,36,18,29,47,0,0,0,152,175,322
10601110860,core,0,0,0,0,0,0,0,0,0,0,0,0,0,0,0,76,41,118,3,7,8,0,0,0,0,0,0,0,0,0,0,0,0,4,0,4,84,47,127,0,0,0,0,0,0,0,0,0,0,0,0,0,0,0,0,0,0,0,0,0,0,0,0,0,0,0,0,0,0,0,0,0,0,0,0,0,0,0,0,0,0,0,0,0,0,0,0,0,0,0,0,0,0,0,0,0,0,10,16,14,20,32,0,0,0,104,79,183
10601110861,core,0,0,0,0,0,0,0,0,0,0,0,0,0,0,0,0,0,0,0,0,0,0,0,0,0,0,0,0,0,0,0,0,0,0,0,0,0,0,0,0,0,0,0,0,0,0,0,0,0,0,0,0,0,0,0,0,0,0,0,0,0,0,0,0,0,0,0,0,0,0,0,0,0,0,0,0,0,0,0,0,0,0,0,0,0,0,0,0,0,0,0,0,0,0,0,0,0,0,0,0,0,0,0,0,0,0,0,0
10601110862,core,0,0,0,0,0,0,0,0,0,0,0,0,0,0,0,5,0,7,0,0,0,0,0,0,0,0,0,0,0,0,0,0,0,0,0,0,5,0,7,0,0,0,0,0,0,0,0,0,0,0,0,0,0,0,0,0,0,0,0,0,0,0,0,0,0,0,0,0,0,0,0,0,0,0,0,0,0,0,0,0,0,0,0,0,0,0,0,0,0,0,0,0,0,0,0,0,0,0,0,0,0,0,0,0,0,5,0,10
10601110863,core,0,0,0,0,0,0,0,0,0,0,0,0,0,0,0,61,55,115,6,0,5,0,0,0,0,0,0,0,0,0,0,0,0,0,0,0,65,57,123,0,0,0,0,0,0,0,0,0,0,0,0,0,0,0,0,0,0,0,0,0,0,0,0,0,0,0,0,0,0,0,0,0,0,0,0,0,0,0,0,0,0,0,0,0,0,0,0,0,0,0,0,0,0,0,0,0,3,14,17,16,14,28,0,3,6,92,85,175
10601110864,core,0,0,0,0,0,0,0,0,0,0,0,0,0,0,0,128,90,216,3,0,5,8,0,8,3,0,3,0,0,0,0,0,0,3,5,6,145,103,241,0,0,0,0,0,0,0,0,0,0,0,0,0,0,0,0,0,0,0,0,0,0,0,0,0,0,0,0,0,0,0,0,0,0,0,0,0,0,0,3,0,5,3,0,5,0,0,0,0,0,0,0,0,0,0,0,0,21,44,58,23,18,40,0,0,0,191,161,350
10601110865,core,0,0,0,0,0,0,0,0,0,0,0,0,0,0,0,68,44,108,0,9,10,5,0,5,0,0,0,0,0,0,0,0,0,3,0,5,76,56,131,0,0,0,0,0,0,0,0,0,0,0,0,0,0,0,0,0,0,0,0,0,0,0,0,0,0,0,0,0,0,0,0,0,0,0,0,0,0,0,0,0,3,0,0,3,0,0,0,0,0,0,0,0,0,0,0,0,7,26,31,30,27,54,0,0,0,108,108,215
10601110866,core,0,0,0,0,0,0,0,0,0,0,0,0,0,0,0,107,109,211,0,9,7,3,0,3,0,0,0,0,0,0,0,0,0,0,4,6,111,117,227,0,0,0,0,0,0,0,0,0,0,0,0,0,0,0,0,0,0,0,0,0,0,0,0,0,0,0,0,0,0,0,0,0,0,0,0,0,0,0,0,0,0,0,0,0,0,0,0,0,0,0,0,0,0,0,0,0,25,28,49,30,46,72,0,0,0,162,188,353
10601110901,core,0,0,0,0,0,0,0,0,0,0,0,0,0,0,0,70,53,118,3,0,4,6,0,6,0,0,0,0,0,0,0,0,0,0,0,0,77,50,133,0,0,0,0,0,0,0,0,0,0,0,0,0,0,0,0,0,0,0,0,0,0,0,0,0,0,0,0,0,0,0,0,0,0,0,0,0,0,0,0,0,0,0,0,0,0,0,0,0,0,0,0,0,0,0,0,0,3,10,19,9,24,41,0,0,0,99,91,189
10601110902,core,0,0,0,0,0,0,0,0,0,0,0,0,0,0,0,54,55,113,0,5,9,4,0,4,0,0,0,0,0,0,3,0,3,0,4,4,63,63,126,0,0,0,0,0,0,0,0,0,0,0,0,0,0,0,0,0,0,0,0,0,0,0,0,0,0,0,0,0,0,0,0,0,0,0,0,0,0,0,0,0,0,0,0,0,0,0,0,0,0,0,0,0,0,0,0,0,0,8,9,9,9,26,0,0,0,82,83,159
10601110903,core,0,0,0,0,0,0,0,0,0,0,0,0,0,0,0,63,47,111,5,5,11,0,0,0,0,0,0,0,0,0,0,0,0,0,0,0,71,50,125,0,0,0,0,0,0,0,0,0,0,0,0,0,0,0,0,0,0,0,0,0,0,0,0,0,0,0,0,0,0,0,0,0,0,0,0,0,0,0,0,0,0,0,0,0,0,0,0,0,0,0,0,0,0,0,0,0,0,4,6,12,11,20,0,0,0,87,69,160
10601110904,core,0,0,0,0,0,0,0,0,0,0,0,0,0,0,0,49,30,84,0,0,0,0,0,0,0,0,0,0,0,0,0,0,0,0,0,0,56,30,85,0,0,0,0,0,0,0,0,0,0,0,0,0,0,0,0,0,0,0,0,0,0,0,0,0,0,0,0,0,0,0,0,0,0,0,0,0,0,0,0,0,0,0,0,0,0,0,0,0,0,0,0,0,0,0,0,0,9,15,21,9,17,27,0,0,0,73,59,131
10601110905,core,0,0,0,0,0,0,0,0,0,0,0,0,0,0,0,52,44,99,7,0,8,0,0,0,0,0,0,0,0,0,0,0,0,0,4,0,59,51,108,0,0,0,0,0,0,0,0,0,0,0,0,0,0,0,0,0,0,0,0,0,0,0,0,0,0,0,0,0,0,0,0,0,0,0,0,0,0,0,0,0,0,0,0,0,0,0,0,0,0,0,0,0,0,0,0,0,12,25,31,8,18,29,0,0,0,74,97,168
10601110906,core,0,0,0,0,0,0,0,0,0,0,0,0,0,0,0,88,58,145,4,3,6,5,0,5,0,0,0,0,0,0,0,0,0,0,3,7,99,66,160,0,0,0,0,0,0,0,0,0,0,0,0,0,0,0,0,0,0,0,0,0,0,0,0,0,0,0,0,0,0,0,0,0,0,0,0,0,0,0,0,0,0,5,0,5,0,0,0,0,0,0,0,0,0,0,0,0,11,31,47,6,15,21,0,0,0,121,111,237
10601110907,core,0,0,0,0,0,0,0,0,0,0,0,0,0,0,0,41,41,82,0,0,5,0,0,0,0,0,0,0,0,0,0,0,0,0,0,0,47,44,92,0,0,0,0,0,0,0,0,0,0,0,0,0,0,0,0,0,0,0,0,0,0,0,0,0,0,0,0,0,0,0,0,0,0,0,0,0,0,0,0,0,0,0,0,0,0,0,0,0,0,0,0,0,0,0,0,0,4,4,8,10,15,21,3,0,5,66,63,128
10601110908,core,0,0,0,0,0,0,0,0,0,0,0,0,0,0,0,70,63,133,0,0,8,4,0,4,0,0,0,0,0,0,0,0,0,0,0,0,76,62,144,0,0,0,0,0,0,0,0,0,0,0,0,0,0,0,0,0,0,0,0,0,0,0,0,0,0,0,0,0,0,0,0,0,0,0,0,0,0,0,0,0,4,0,0,4,0,0,0,0,0,0,0,0,0,0,0,0,11,19,35,22,22,46,0,0,0,112,111,219
10601110909,core,0,0,0,0,0,3,0,0,0,0,0,0,0,0,0,86,59,148,6,0,5,3,0,3,0,0,0,0,0,0,0,0,0,0,0,3,91,70,164,0,0,0,0,0,0,0,0,0,0,0,0,0,0,0,0,0,0,0,0,0,0,0,0,0,0,0,0,0,0,0,0,0,0,0,0,0,0,0,0,0,0,0,0,0,0,0,0,0,0,0,0,0,0,0,0,0,5,10,21,9,16,22,0,0,5,112,97,206
10601110911,core,0,0,0,0,0,0,0,0,0,0,0,0,0,0,0,52,34,91,4,3,9,0,0,0,0,0,0,0,0,0,0,0,0,0,0,0,57,40,97,0,0,0,0,0,0,0,0,0,0,0,0,0,0,0,0,0,0,0,0,0,0,0,0,0,0,0,0,0,0,0,0,0,0,0,0,0,0,0,0,0,0,0,0,0,0,0,0,0,0,0,0,0,0,0,0,0,4,12,14,7,16,23,0,0,0,70,68,139
10601110912,core,0,0,0,0,0,0,0,0,0,0,0,0,0,0,0,48,43,93,3,3,3,10,0,8,0,0,0,0,0,0,0,0,0,0,0,0,60,50,109,0,0,0,0,0,0,0,0,0,0,0,0,0,0,0,0,0,0,0,0,0,0,0,0,0,0,0,0,0,0,0,0,0,0,0,0,0,0,0,0,0,0,0,0,0,0,0,0,0,0,0,0,0,0,0,0,0,18,23,42,12,14,24,0,0,5,90,86,175
10601110913,core,0,0,0,0,0,0,0,0,0,0,0,0,0,0,0,47,25,67,3,0,4,3,0,3,0,0,0,0,0,0,0,0,0,0,3,0,56,25,76,0,0,0,0,0,0,0,0,0,0,0,0,0,0,0,0,0,0,0,0,0,0,0,0,0,0,0,0,0,0,0,0,0,0,0,0,0,0,0,0,0,0,0,0,0,0,0,0,0,0,0,0,0,0,0,0,0,9,16,26,11,10,19,0,0,0,74,57,126
10601110914,core,0,0,0,0,0,0,0,0,0,0,0,0,0,0,0,79,53,125,3,6,10,4,0,4,0,0,3,0,0,0,0,0,4,0,0,0,85,63,149,0,0,0,0,0,0,0,0,0,0,0,0,0,0,0,0,0,0,0,0,0,0,0,0,0,0,0,0,0,0,0,0,0,0,0,0,0,0,0,0,0,0,0,0,0,0,0,0,0,0,0,0,0,0,0,0,0,23,35,62,11,19,37,0,0,0,125,122,244
10601110915,core,0,0,0,0,0,0,0,0,0,0,0,0,0,0,0,50,49,102,4,0,3,10,0,10,0,0,0,0,0,0,0,0,0,0,0,0,65,50,116,0,0,0,0,0,0,0,0,0,0,0,0,0,0,0,0,0,0,0,0,0,0,0,0,0,0,0,0,0,0,0,0,0,0,0,0,0,0,0,0,0,0,0,0,0,0,0,0,0,0,0,0,0,0,0,0,0,25,34,62,11,12,25,0,0,0,105,104,208
10601110916,core,0,0,0,0,0,0,0,0,0,0,0,0,0,0,0,75,62,137,5,8,10,8,0,8,0,0,0,0,0,0,0,0,0,0,0,0,92,67,159,0,0,0,0,0,0,0,0,0,0,0,0,0,0,0,0,0,0,0,0,0,0,0,0,0,0,0,0,0,0,0,0,0,0,0,0,0,0,0,3,0,4,3,0,5,0,0,0,0,0,0,0,0,0,0,0,0,25,28,55,12,21,36,3,0,3,135,119,252
10601110917,core,0,0,0,0,0,0,0,0,0,0,0,0,0,0,0,39,24,64,3,0,6,5,0,5,0,0,0,0,0,0,0,0,0,0,0,0,44,27,71,0,0,0,0,0,0,0,0,0,0,0,0,0,0,0,0,0,0,0,0,0,0,0,0,0,0,0,0,0,0,0,0,0,0,0,0,0,0,0,0,0,0,0,0,0,0,0,0,0,0,0,0,0,0,0,0,0,5,18,30,9,11,26,0,0,0,69,60,124
10601110918,core,0,0,0,0,0,0,0,0,0,0,0,0,0,0,0,20,10,34,0,0,0,0,0,0,0,0,0,0,0,0,0,0,0,3,3,7,33,14,43,0,0,0,0,0,0,0,0,0,0,0,0,0,0,0,0,0,0,0,0,0,0,0,0,0,0,0,0,0,0,0,0,0,0,0,0,0,0,0,0,0,0,0,0,0,0,0,0,0,0,0,0,0,0,0,0,0,16,20,32,6,11,12,0,0,0,51,39,92
10601110920,core,0,0,0,0,0,0,0,0,0,0,0,0,0,0,0,32,23,53,0,0,0,0,0,8,0,0,0,0,0,0,0,0,0,6,0,4,34,30,62,0,0,0,0,0,0,0,0,0,0,0,0,0,0,0,0,0,0,0,0,0,0,0,0,0,0,0,0,0,0,0,0,0,0,0,0,0,0,0,0,0,0,0,0,0,0,0,0,0,0,0,0,0,0,0,0,0,33,37,68,7,20,30,0,0,0,80,78,163
10601110921,core,0,0,0,0,0,0,0,0,0,0,0,0,0,0,0,23,16,43,0,0,0,0,0,0,0,0,0,0,0,0,0,0,0,3,0,5,29,21,48,0,0,0,0,0,0,0,0,0,0,0,0,0,0,0,0,0,0,0,0,0,0,0,0,0,0,0,0,0,0,0,0,0,0,0,0,0,0,0,0,0,0,0,0,0,0,0,0,0,0,0,0,0,0,0,0,0,29,19,48,6,4,11,0,0,0,64,43,107
10601110922,core,0,0,0,0,0,0,0,0,0,0,0,0,0,0,0,49,42,88,0,0,5,0,0,0,0,0,0,0,0,0,5,0,3,0,0,0,61,44,99,0,0,0,0,0,0,0,0,0,0,0,0,0,0,0,0,0,0,0,0,0,0,0,0,0,0,0,0,0,0,0,0,0,0,0,0,0,0,0,0,0,0,0,0,0,0,0,0,0,0,0,0,0,0,0,0,0,25,37,66,15,14,31,0,0,0,100,96,197
10601110924,core,0,0,0,0,0,0,0,0,0,0,0,0,0,0,0,0,0,0,0,0,0,0,0,0,0,0,0,0,0,0,0,0,0,0,0,0,0,0,0,0,0,0,0,0,0,0,0,0,0,0,0,0,0,0,0,0,0,0,0,0,0,0,0,0,0,0,0,0,0,0,0,0,0,0,0,0,0,0,0,0,0,0,0,0,0,0,0,0,0,0,0,0,0,0,0,0,0,0,0,0,0,0,0,0,0,0,0,0
10601110925,core,0,0,0,0,0,0,0,0,0,0,0,0,0,0,0,33,19,52,7,0,7,4,0,4,0,0,0,0,0,0,0,0,0,0,0,0,37,19,61,0,0,0,0,0,0,0,0,0,0,0,0,0,0,0,0,0,0,0,0,0,0,0,0,0,0,0,0,0,0,0,0,0,0,0,0,0,0,0,0,0,0,0,0,0,0,0,0,0,0,0,0,0,0,0,0,0,10,15,24,8,17,26,0,0,0,57,61,116
10601110926,core,0,0,0,0,0,0,0,0,0,0,0,0,0,0,0,28,17,50,0,0,0,0,0,0,0,0,0,0,0,0,0,0,0,0,0,0,34,18,51,0,0,0,0,0,0,0,0,0,0,0,0,0,0,0,0,0,0,0,0,0,0,0,0,0,0,0,0,0,0,0,0,0,0,0,0,0,0,0,0,0,0,0,0,0,0,0,0,0,0,0,0,0,0,0,0,0,4,13,21,8,7,15,0,0,0,44,43,83
10601110927,core,0,0,0,0,0,0,0,0,0,0,0,0,0,0,0,36,29,62,4,0,4,0,0,0,0,0,0,0,0,0,0,0,0,0,0,0,45,29,72,0,0,0,0,0,0,0,0,0,0,0,0,0,0,0,0,0,0,0,0,0,0,0,0,0,0,0,0,0,0,0,0,0,0,0,0,0,0,0,0,0,0,0,0,0,0,0,0,0,0,0,0,0,0,0,0,0,9,7,13,11,11,20,0,0,0,60,45,106
10601110928,core,0,0,0,0,0,0,0,0,0,0,0,0,0,0,0,43,22,57,4,0,4,3,0,3,0,0,0,0,0,0,0,0,0,0,0,6,46,25,67,0,0,0,0,0,0,0,0,0,0,0,0,0,0,0,0,0,0,0,0,0,0,0,0,0,0,0,0,0,0,0,0,0,0,0,0,0,0,0,0,0,0,0,0,0,0,0,0,0,0,0,0,0,0,0,0,0,3,16,17,10,6,18,0,0,0,60,41,102
10601110929,core,0,0,0,0,0,0,0,0,0,0,0,0,0,0,0,59,54,115,0,5,9,0,0,0,0,0,0,0,0,0,0,0,4,0,0,0,71,57,126,0,0,0,0,0,0,0,0,0,0,0,0,0,0,0,0,0,0,0,0,0,0,0,0,0,0,0,0,0,0,0,0,0,0,0,0,0,0,0,0,0,0,0,0,0,0,0,0,0,0,0,0,0,0,0,0,0,4,9,17,15,16,32,0,0,0,91,87,181
10601110930,core,0,0,0,0,0,0,0,0,0,0,0,0,0,0,0,47,38,90,0,3,5,6,0,6,0,0,0,0,0,0,0,0,0,4,6,6,54,45,98,0,0,0,0,0,0,0,0,0,0,0,0,0,0,0,0,0,0,0,0,0,0,0,0,0,0,0,0,0,0,0,0,0,0,0,0,0,0,0,3,0,3,3,0,3,0,0,0,0,0,0,0,0,0,0,0,0,21,20,45,6,14,20,3,0,7,87,84,167
10601111001,external,0,0,0,0,0,0,0,0,0,0,0,0,0,0,0,38,21,61,4,0,4,3,0,3,0,0,0,0,0,0,0,0,0,0,0,0,42,21,62,0,0,0,0,0,0,0,0,0,0,0,0,0,0,0,0,0,0,0,0,0,0,0,0,0,0,0,0,0,0,0,0,0,0,0,0,0,0,0,0,0,0,0,0,0,0,0,0,0,0,0,0,0,0,0,0,0,3,10,11,5,0,10,0,0,0,52,35,85
10601111002,external,0,0,0,0,0,0,0,0,0,0,0,0,0,0,0,99,73,172,3,0,3,0,0,0,0,0,0,0,0,0,3,0,3,3,0,4,113,71,183,0,0,0,0,0,0,0,0,0,0,0,0,0,0,0,0,0,0,0,0,0,0,0,0,0,0,0,0,0,0,0,0,0,0,0,0,0,0,0,0,0,0,0,0,0,0,0,0,0,0,0,0,0,0,0,0,0,9,21,28,11,19,28,4,0,4,132,110,242
10601111003,external,0,0,0,0,0,0,0,0,0,0,0,0,0,0,0,50,30,79,6,0,8,4,0,4,0,0,0,0,0,0,0,0,0,0,0,0,58,38,89,0,0,0,0,0,0,0,0,0,0,0,0,0,0,0,0,0,0,0,0,0,0,0,0,0,0,0,0,0,0,0,0,0,0,0,0,0,0,0,0,0,0,0,0,0,0,0,0,0,0,0,0,0,0,0,0,0,12,13,27,5,10,20,0,0,0,75,60,134
10601111004,external,0,0,0,0,0,0,0,0,0,0,0,0,0,0,0,41,37,73,3,0,3,0,0,0,0,0,0,0,0,0,0,0,0,0,0,0,46,36,86,0,0,0,0,0,0,0,0,0,0,0,0,0,0,0,0,0,0,0,0,0,0,0,0,0,0,0,0,0,0,0,0,0,0,0,0,0,0,0,0,0,0,0,0,0,0,0,0,0,0,0,0,0,0,0,0,0,6,3,11,0,11,16,0,0,0,54,56,108
10601111006,external,0,0,0,0,0,0,0,0,0,0,0,0,0,0,0,43,36,79,3,0,3,5,0,5,0,0,0,0,0,0,0,0,0,0,0,0,51,34,91,0,0,0,0,0,0,0,0,0,0,0,0,0,0,0,0,0,0,0,0,0,0,0,0,0,0,0,0,0,0,0,0,0,0,0,0,0,0,0,0,0,0,0,0,0,0,0,0,0,0,0,0,0,0,0,0,0,11,13,22,3,6,14,0,0,0,63,53,116
10601111007,external,0,0,0,0,0,0,0,0,0,0,0,0,0,0,0,51,47,98,6,4,6,0,0,0,0,0,0,0,0,0,0,0,0,7,0,10,65,58,117,0,0,0,0,0,0,0,0,0,0,0,0,0,0,0,0,0,0,0,0,0,0,0,0,0,0,0,0,0,0,0,0,0,0,0,0,0,0,0,0,0,6,0,0,6,0,0,0,0,0,0,0,0,0,0,0,0,18,18,36,17,13,28,0,0,0,92,85,181
10601111008,external,0,0,0,0,0,0,0,0,0,0,0,0,0,0,0,27,14,43,4,3,8,3,0,3,0,0,0,0,0,0,0,0,0,5,3,11,39,20,57,0,0,0,0,0,0,0,0,0,0,0,0,0,0,0,0,0,0,0,0,0,0,0,0,0,0,0,0,0,0,0,0,0,0,0,0,0,0,0,0,0,0,0,0,0,0,0,0,0,0,0,0,0,0,0,0,0,0,9,6,3,3,5,0,0,0,45,26,76
10601111009,external,0,0,0,0,0,0,0,0,0,0,0,0,0,0,0,52,46,104,3,0,11,0,0,0,0,0,0,0,0,0,0,0,0,0,4,4,56,52,117,0,0,0,0,0,0,0,0,0,0,0,0,0,0,0,0,0,0,0,0,0,0,0,0,0,0,0,0,0,0,0,0,0,0,0,0,0,0,0,0,0,0,0,0,0,0,0,0,0,0,0,0,0,0,0,0,0,9,9,19,10,13,26,0,0,0,76,78,155
10601111010,external,0,0,0,0,0,0,0,0,0,0,0,0,0,0,0,34,25,59,4,0,4,0,0,0,0,0,0,0,0,0,0,0,0,0,0,0,40,28,63,0,0,0,0,0,0,0,0,0,0,0,0,0,0,0,0,0,0,0,0,0,0,0,0,0,0,0,0,0,0,0,0,0,0,0,0,0,0,0,0,0,0,0,0,0,0,0,0,0,0,0,0,0,0,0,0,0,4,0,4,7,9,16,0,0,0,54,35,85
10601111011,external,0,0,0,0,0,0,0,0,0,0,0,0,0,0,0,93,77,171,0,4,6,5,0,5,3,0,3,0,0,0,0,0,0,4,4,8,106,85,192,0,0,0,0,0,0,0,0,0,0,0,0,0,0,0,0,0,0,0,0,0,0,0,0,0,0,0,0,0,0,0,0,0,0,0,0,0,0,0,0,0,0,0,0,0,0,0,0,0,0,0,0,0,0,0,0,0,35,47,87,19,21,46,0,0,0,171,161,328
10601111012,external,0,0,0,0,0,0,0,0,0,0,0,0,0,0,0,54,48,96,0,0,0,0,0,0,0,0,0,0,0,0,0,0,0,0,0,0,56,48,104,0,0,0,0,0,0,0,0,0,0,0,0,0,0,0,0,0,0,0,0,0,0,0,0,0,0,0,0,0,0,0,0,0,0,0,0,0,0,0,0,0,0,0,0,0,0,0,0,0,0,0,0,0,0,0,0,0,12,19,30,8,16,19,0,0,0,74,79,153
10601111013,external,0,0,0,0,0,0,0,0,0,0,0,0,0,0,0,45,39,81,0,0,0,5,0,5,0,0,0,0,0,0,0,0,0,3,0,11,56,36,93,0,0,0,0,0,0,0,0,0,0,0,0,0,0,0,0,0,0,0,0,0,0,0,0,0,0,0,0,0,0,0,0,0,0,0,0,0,0,0,0,0,0,0,0,0,0,0,0,0,0,0,0,0,0,0,0,0,22,20,37,7,14,24,0,0,0,84,73,154
10601111014,external,0,0,0,0,0,0,0,0,0,0,0,0,0,0,0,43,26,73,0,0,0,5,0,5,0,0,0,0,0,0,0,4,4,8,0,9,51,38,92,0,0,0,0,0,0,0,0,0,0,0,0,0,0,0,0,0,0,0,0,0,0,0,0,0,0,0,0,0,0,0,0,0,0,0,0,0,0,0,0,0,0,0,0,0,0,0,0,0,0,0,0,0,0,0,0,0,16,25,41,7,13,21,0,0,0,83,74,154
10601111015,external,0,0,0,0,0,0,0,0,0,0,0,0,0,0,0,25,27,54,0,0,3,0,0,0,0,0,0,0,0,0,4,0,4,5,4,3,33,31,60,0,0,0,0,0,0,0,0,0,0,0,0,0,0,0,0,0,0,0,0,0,0,0,0,0,0,0,0,0,0,0,0,0,0,0,0,0,0,0,0,0,0,0,0,0,0,0,0,0,0,0,0,0,0,0,0,0,15,17,28,8,12,12,0,0,3,53,54,103
10601111016,external,0,0,0,0,0,0,0,0,0,0,0,0,0,0,0,23,25,50,0,4,8,0,0,0,0,0,0,0,0,0,3,0,3,3,7,5,34,29,61,0,0,0,0,0,0,0,0,0,0,0,0,0,0,0,0,0,0,0,0,0,0,0,0,0,0,0,0,0,0,0,0,0,0,0,0,0,0,0,0,0,0,0,0,0,0,0,0,0,0,0,0,0,0,0,0,0,16,16,31,5,12,16,0,0,0,58,54,114
10601111017,external,0,0,0,0,0,0,0,0,0,0,0,0,0,0,0,31,20,54,0,0,0,0,0,0,0,0,0,0,0,0,0,0,3,10,5,13,40,27,69,0,0,0,0,0,0,0,0,0,0,0,0,0,0,0,0,0,0,0,0,0,0,0,0,0,0,0,0,0,0,0,0,0,0,0,0,0,0,0,0,0,0,0,0,0,0,0,0,0,0,0,0,0,0,0,0,0,14,17,30,5,11,19,0,0,0,64,58,116
10601111018,external,0,0,0,0,0,0,0,0,0,0,0,0,0,0,0,40,24,61,0,0,4,0,0,0,0,0,0,0,0,0,0,0,0,4,0,4,45,26,70,0,0,0,0,0,0,0,0,0,0,0,0,0,0,0,0,0,0,0,0,0,0,0,0,0,0,0,0,0,0,0,0,0,0,0,0,0,0,0,0,0,0,0,0,0,0,0,0,0,0,0,0,0,0,0,0,0,16,17,32,5,5,13,0,0,0,65,52,117
10601111019,external,0,0,0,0,0,0,0,0,0,0,0,0,0,0,0,39,30,70,3,0,3,0,0,7,0,0,0,0,0,0,0,0,0,0,0,0,44,32,81,0,0,0,0,0,0,0,0,0,0,0,0,0,0,0,0,0,0,0,0,0,0,0,0,0,0,0,0,0,0,0,0,0,0,0,0,0,0,0,0,0,0,0,0,0,0,0,0,0,0,0,0,0,0,0,0,0,23,25,49,4,5,16,0,0,0,79,68,145
10601111020,external,0,0,0,0,0,0,0,0,0,0,0,0,0,0,0,60,54,112,5,6,3,0,0,0,5,0,5,0,0,0,0,0,0,3,0,3,65,53,126,0,0,0,0,0,0,0,0,0,0,0,0,0,0,0,0,0,0,0,0,0,0,0,0,0,0,0,0,0,0,0,0,0,0,0,0,0,0,0,0,0,0,0,0,0,0,0,0,0,0,0,0,0,0,0,0,0,19,29,45,11,18,25,0,0,0,95,100,195
10601111021,external,0,0,0,0,0,0,0,0,0,0,0,0,0,0,0,94,81,172,8,3,10,0,0,0,0,0,0,0,0,0,0,0,0,6,0,6,109,86,194,0,0,0,0,0,0,0,0,0,0,0,0,0,0,0,0,0,0,0,0,0,0,0,0,0,0,0,0,0,0,0,0,0,0,0,0,0,0,0,0,0,0,0,0,0,0,0,0,0,0,0,0,0,0,0,0,0,34,50,83,27,41,68,0,4,4,169,180,352
10601111022,external,0,0,0,0,0,0,0,0,0,0,0,0,0,0,0,49,40,90,0,0,0,0,0,0,0,0,0,0,0,0,0,0,0,0,4,8,59,41,99,0,0,0,0,0,0,0,0,0,0,0,0,0,0,0,0,0,0,0,0,0,0,0,0,0,0,0,0,0,0,0,0,0,0,0,0,0,0,0,0,0,0,0,0,0,0,0,0,0,0,0,0,0,0,0,0,0,8,7,16,3,13,17,0,0,0,72,58,132
10601111023,external,0,0,0,0,0,0,0,0,0,0,0,0,0,0,0,57,38,92,0,0,0,4,0,4,0,0,0,0,0,0,0,0,0,0,0,3,68,37,105,0,0,0,0,0,0,0,0,0,0,0,0,0,0,0,0,0,0,0,0,0,0,0,0,0,0,0,0,0,0,0,0,0,0,0,0,0,0,0,0,0,0,0,0,0,0,0,0,0,0,0,0,0,0,0,0,0,17,30,42,12,19,33,0,0,5,93,88,179
10601111024,external,0,0,0,0,0,0,0,0,0,0,0,0,0,0,0,75,65,135,3,0,3,0,0,0,0,0,0,0,0,0,0,0,0,0,5,5,80,62,143,0,0,0,0,0,0,0,0,0,0,0,0,0,0,0,0,0,0,0,0,0,0,0,0,0,0,0,0,0,0,0,0,0,0,0,0,0,0,0,0,0,0,0,0,0,0,0,0,0,0,0,0,0,0,0,0,0,18,18,34,9,10,20,3,0,3,110,95,205
10601111025,external,0,0,0,0,0,0,0,0,0,0,0,0,0,0,0,50,34,78,0,3,3,0,0,0,0,0,0,0,0,0,0,0,0,0,0,0,54,30,84,0,0,0,0,0,0,0,0,0,0,0,0,0,0,0,0,0,0,0,0,0,0,0,0,0,0,0,0,0,0,0,0,0,0,0,0,0,0,0,0,0,0,0,0,0,0,0,0,0,0,0,0,0,0,0,0,0,24,28,49,3,16,22,0,0,0,78,79,159
10601111026,external,0,0,0,0,0,0,0,0,0,0,0,0,0,0,0,37,32,68,0,0,0,0,0,5,0,0,0,0,0,0,0,0,0,0,0,0,41,31,77,0,0,0,0,0,0,0,0,0,0,0,0,0,0,0,0,0,0,0,0,0,0,0,0,0,0,0,0,0,0,0,0,0,0,0,0,0,0,0,0,0,0,0,0,0,0,0,0,0,0,0,0,0,0,0,0,0,16,18,34,6,15,26,0,0,0,65,68,136
10601111027,external,0,0,0,0,0,0,0,0,0,0,0,0,0,0,0,115,88,199,5,3,7,10,0,10,4,0,4,0,0,0,0,0,4,0,0,0,126,97,220,0,0,0,0,0,0,0,0,0,0,0,0,0,0,0,0,0,0,0,0,0,0,0,0,0,0,0,0,0,0,0,0,0,0,0,0,0,0,0,0,0,0,0,0,0,0,0,0,0,0,0,0,0,0,0,0,0,30,44,73,25,38,64,0,0,4,181,176,356
10601111028,external,0,0,0,0,0,0,0,0,0,0,0,0,0,0,0,31,18,51,0,0,8,0,0,0,0,0,0,0,0,0,0,0,0,0,0,0,37,22,56,0,0,0,0,0,0,0,0,0,0,0,0,0,0,0,0,0,0,0,0,0,0,0,0,0,0,0,0,0,0,0,0,0,0,0,0,0,0,0,0,0,0,0,0,0,0,0,0,0,0,0,0,0,0,0,0,0,0,6,7,9,6,12,0,0,4,45,34,80
10601111029,external,0,0,0,0,0,0,0,0,0,0,0,0,0,0,0,13,12,30,3,5,6,0,0,0,0,0,0,0,0,0,0,0,0,0,0,0,16,22,35,0,0,0,0,0,0,0,0,0,0,0,0,0,0,0,0,0,0,0,0,0,0,0,0,0,0,0,0,0,0,0,0,0,0,0,0,0,0,0,0,0,0,0,0,0,0,0,0,0,0,0,0,0,0,0,0,0,0,0,3,0,0,0,0,0,0,22,22,43
10601111101,core,0,0,0,0,0,0,0,0,0,0,0,0,0,0,0,81,61,137,4,0,4,5,0,5,0,0,0,0,0,0,0,0,0,0,0,0,88,66,154,0,0,0,0,0,0,0,0,0,0,0,0,0,0,0,0,0,0,0,0,0,0,0,0,0,0,0,0,0,0,0,0,0,0,0,0,0,0,0,0,0,0,5,0,5,0,0,0,0,0,0,0,0,0,0,0,0,3,16,17,15,15,31,0,0,0,111,96,202
10601111102,core,0,0,0,0,0,0,0,0,0,0,0,0,0,0,0,46,33,76,0,0,0,0,0,0,0,0,0,0,0,0,0,0,0,4,0,4,49,35,85,0,0,0,0,0,0,0,0,0,0,0,0,0,0,0,0,0,0,0,0,0,0,0,0,0,0,0,0,0,0,0,0,0,0,0,0,0,0,0,0,0,0,0,0,0,0,0,0,0,0,0,0,0,0,0,0,0,0,3,8,9,11,19,0,0,0,56,56,112
10601111103,core,0,0,0,0,0,0,0,0,0,0,0,0,0,0,0,11,13,28,3,0,3,0,0,0,0,0,0,0,0,0,0,0,0,0,0,0,16,13,31,0,0,0,0,0,0,0,0,0,0,0,0,0,0,0,0,0,0,0,0,0,0,0,0,0,0,0,0,0,0,0,0,0,0,0,0,0,0,0,0,0,0,0,0,0,0,0,0,0,0,0,0,0,0,0,0,0,0,0,0,0,6,11,0,0,0,19,18,39
10601111104,core,0,0,0,0,0,0,0,0,0,0,0,0,0,0,0,23,23,47,4,0,0,3,0,3,0,0,0,0,0,0,0,0,0,0,0,0,32,26,64,0,0,0,0,0,0,0,0,0,0,0,0,0,0,0,0,0,0,0,0,0,0,0,0,0,0,0,0,0,0,0,0,0,0,0,0,0,0,0,0,0,0,0,0,0,0,0,0,0,0,0,0,0,0,0,0,0,0,5,8,5,0,11,0,0,0,42,38,81
10601111105,core,0,0,0,0,0,0,0,0,0,0,0,0,0,0,0,70,52,122,4,3,8,5,0,5,0,0,0,0,0,0,0,0,0,0,0,0,78,58,136,0,0,0,0,0,0,0,0,0,0,0,0,0,0,0,0,0,0,0,0,0,0,0,0,0,0,0,0,0,0,0,0,0,0,0,0,0,0,0,0,0,0,0,0,0,0,0,0,0,0,0,0,0,0,0,0,0,6,15,19,10,18,30,0,0,0,94,92,187
10601111106,core,0,0,0,0,3,3,0,0,0,0,0,0,0,0,0,62,41,101,0,3,3,0,0,0,0,0,0,0,0,0,0,3,3,0,0,0,66,48,115,0,0,0,0,0,0,0,0,0,0,0,0,0,0,0,0,0,0,0,0,0,0,0,0,0,0,0,0,0,0,0,0,0,0,0,0,0,0,0,0,0,0,0,0,0,0,0,0,0,0,0,0,0,0,0,0,0,11,8,15,4,21,24,0,0,0,81,75,152
10601111107,core,0,0,0,0,0,0,0,0,0,0,0,0,0,0,0,33,24,60,0,3,3,0,0,0,0,0,0,0,0,0,0,0,0,0,3,4,40,27,69,0,0,0,0,0,0,0,0,0,0,0,0,0,0,0,0,0,0,0,0,0,0,0,0,0,0,0,0,0,0,0,0,0,0,0,0,0,0,0,0,0,0,0,0,0,0,0,0,0,0,0,0,0,0,0,0,0,0,12,16,3,13,16,0,0,0,45,55,100
10601111108,core,0,0,0,0,0,0,0,0,0,0,0,0,0,0,0,70,48,124,5,3,3,5,0,5,0,0,0,0,0,0,0,0,0,0,4,0,81,55,142,0,0,0,0,0,0,0,0,0,0,0,0,0,0,0,0,0,0,0,0,0,0,0,0,0,0,0,0,0,0,0,0,0,0,0,0,0,0,0,0,0,0,0,0,0,0,0,0,0,0,0,0,0,0,0,0,0,13,12,22,14,15,30,0,0,0,107,84,194
10601111109,core,0,0,0,0,0,0,0,0,0,0,0,0,0,0,0,50,25,77,4,5,3,4,0,4,0,0,0,0,0,0,0,0,0,3,0,3,65,36,93,0,0,0,0,0,0,0,0,0,0,0,0,0,0,0,0,0,0,0,0,0,0,0,0,0,0,0,0,0,0,0,0,0,0,0,0,0,0,0,0,0,0,0,0,0,0,0,0,0,0,0,0,0,0,0,0,0,3,15,16,7,16,20,0,0,0,70,63,133
10601111110,core,0,0,0,0,0,0,0,0,0,0,0,0,0,0,0,67,56,120,4,6,4,3,0,0,0,0,0,0,0,0,0,0,0,0,3,4,75,67,138,0,0,0,0,0,0,0,0,0,0,0,0,0,0,0,0,0,0,0,0,0,0,0,0,0,0,0,0,0,0,0,0,0,0,0,0,0,0,0,0,0,0,0,0,0,0,0,0,0,0,0,0,0,0,0,0,0,8,15,21,13,17,25,3,0,3,95,92,184
10601111111,core,0,0,0,0,0,0,0,0,0,0,0,0,0,0,0,84,57,138,3,6,7,0,0,0,0,0,0,0,0,0,0,0,0,0,0,0,90,61,155,0,0,0,0,0,0,0,0,0,0,0,0,0,0,0,0,0,0,0,0,0,0,0,0,0,0,0,0,0,0,0,0,0,0,0,0,0,0,0,0,0,0,0,0,0,0,0,0,0,0,0,0,0,0,0,0,0,4,15,22,18,25,43,0,0,0,112,102,215
10601111112,core,0,0,0,0,0,0,0,0,0,0,0,0,0,0,0,126,105,231,9,6,15,3,0,3,0,0,0,0,0,0,0,0,0,0,0,0,143,114,256,0,0,0,0,0,0,0,0,0,0,0,0,0,0,0,0,0,0,0,0,0,0,0,0,0,0,0,0,0,0,0,0,0,0,0,0,0,0,0,4,0,4,4,0,4,0,0,0,0,0,0,0,0,0,0,0,0,18,34,53,27,40,70,0,0,0,190,188,379
10601111113,core,0,0,0,0,0,0,0,0,0,0,0,0,0,0,0,87,72,158,3,3,11,0,0,0,0,0,0,0,0,0,0,0,0,4,4,3,96,77,174,0,0,0,0,0,0,0,0,0,0,0,0,0,0,0,0,0,0,0,0,0,0,0,0,0,0,0,0,0,0,0,0,0,0,0,0,0,0,0,0,0,0,0,0,0,0,0,0,0,0,0,0,0,0,0,0,0,14,13,23,15,29,46,0,0,4,121,125,244
10601111114,core,0,0,0,3,0,3,0,0,0,0,0,0,0,0,0,70,53,125,4,8,11,0,0,0,0,0,0,0,0,0,0,0,0,0,0,0,81,63,143,0,0,0,0,0,0,0,0,0,0,0,0,0,0,0,0,0,0,0,0,0,0,0,0,0,0,0,0,0,0,0,0,0,0,0,0,0,0,0,0,0,0,0,0,0,0,0,0,0,0,0,0,0,0,0,0,0,6,15,21,10,12,28,0,0,0,99,89,188
10601111115,core,0,0,0,0,0,0,0,0,0,0,0,0,0,0,0,95,66,155,5,8,14,5,0,5,0,0,0,0,0,0,0,0,0,0,0,4,108,67,176,0,0,0,0,0,0,0,0,0,0,0,0,0,0,0,0,0,0,0,0,0,0,0,0,0,0,0,0,0,0,0,0,0,0,0,0,0,0,0,0,0,0,3,0,0,0,0,0,0,0,0,0,0,0,0,0,0,3,14,20,20,32,49,0,0,0,131,120,251
10601111116,core,0,0,0,0,0,3,0,0,0,0,0,0,0,0,0,61,53,116,4,3,4,0,0,0,0,0,0,0,0,0,0,0,0,0,0,0,65,59,124,0,0,0,0,0,0,0,0,0,0,0,0,0,0,0,0,0,0,0,0,0,0,0,0,0,0,0,0,0,0,0,0,0,0,0,0,0,0,0,0,0,0,0,0,0,0,0,0,0,0,0,0,0,0,0,0,0,6,7,17,13,27,40,0,0,0,84,92,177
10601111117,core,0,0,0,0,0,0,0,0,0,0,0,0,0,0,0,54,45,105,0,0,4,0,0,0,0,0,0,0,0,0,0,0,0,0,0,0,57,49,110,0,0,0,0,0,0,0,0,0,0,0,0,0,0,0,0,0,0,0,0,0,0,0,0,0,0,0,0,0,0,0,0,0,0,0,0,0,0,0,0,0,0,0,0,0,0,0,0,0,0,0,0,0,0,0,0,0,6,16,20,3,10,17,0,0,0,67,84,147
10601111118,core,0,0,0,0,0,0,0,0,0,0,0,0,0,0,0,45,30,76,6,0,6,3,0,3,0,0,0,0,0,0,0,0,0,0,0,0,50,35,82,0,0,0,0,0,0,0,0,0,0,0,0,0,0,0,0,0,0,0,0,0,0,0,0,0,0,0,0,0,0,0,0,0,0,0,0,0,0,0,0,0,0,0,0,0,0,0,0,0,0,0,0,0,0,0,0,0,5,15,19,6,15,24,0,0,0,61,62,121
10601111121,core,0,0,0,0,0,0,0,0,0,0,0,0,0,0,0,48,40,88,0,0,6,0,0,0,0,0,0,0,0,0,0,0,0,0,0,0,54,43,95,0,0,0,0,0,0,0,0,0,0,0,0,0,0,0,0,0,0,0,0,0,0,0,0,0,0,0,0,0,0,0,0,0,0,0,0,0,0,0,0,0,0,0,0,0,0,0,0,0,0,0,0,0,0,0,0,0,7,11,17,6,8,21,0,0,4,72,71,139
10601111122,core,0,0,0,0,0,0,0,0,0,0,0,0,0,0,0,47,31,83,0,0,6,0,0,0,0,0,0,0,0,0,0,0,0,0,0,0,55,33,85,0,0,0,0,0,0,0,0,0,0,0,0,0,0,0,0,0,0,0,0,0,0,0,0,0,0,0,0,0,0,0,0,0,0,0,0,0,0,0,0,0,0,0,0,0,0,0,0,0,0,0,0,0,0,0,0,0,0,8,14,5,16,15,0,0,0,61,54,117
10601111123,core,0,0,0,0,0,3,0,0,0,0,0,0,0,0,0,66,67,140,7,0,6,4,0,4,0,0,0,0,0,0,0,0,0,0,0,0,77,74,151,0,0,0,0,0,0,0,0,0,0,0,0,0,0,0,0,0,0,0,0,0,0,0,0,0,0,0,0,0,0,0,0,0,0,0,0,0,0,0,0,0,0,0,0,4,0,0,0,0,0,0,0,0,0,0,0,0,7,8,11,15,17,31,4,0,0,101,95,196
10601111124,core,0,0,0,0,0,0,0,0,0,0,0,0,0,0,0,73,57,127,3,5,9,0,0,0,5,0,5,0,0,0,0,0,0,0,0,0,81,60,136,0,0,0,0,0,0,0,0,0,0,0,0,0,0,0,0,0,0,0,0,0,0,0,0,0,0,0,0,0,0,0,0,0,0,0,0,0,0,0,0,0,0,0,0,0,0,0,0,0,0,0,0,0,0,0,0,0,6,6,16,10,16,32,0,0,0,106,83,189
10601111125,core,0,0,0,0,0,0,0,0,0,0,0,0,0,0,0,47,44,96,0,0,3,0,0,0,0,0,0,0,0,0,0,0,0,0,0,0,56,43,101,0,0,0,0,0,0,0,0,0,0,0,0,0,0,0,0,0,0,0,0,0,0,0,0,0,0,0,0,0,0,0,0,0,0,0,0,0,0,0,0,0,0,0,0,0,0,0,0,0,0,0,0,0,0,0,0,0,4,9,12,5,10,16,0,0,3,64,66,131
10601111126,core,0,0,0,0,0,0,0,0,0,0,0,0,0,0,0,85,59,142,4,3,7,0,0,0,0,0,0,0,0,0,0,0,0,0,0,0,90,64,151,0,0,0,0,0,0,0,0,0,0,0,0,0,0,0,0,0,0,0,0,0,0,0,0,0,0,0,0,0,0,0,0,0,0,0,0,0,0,0,0,0,0,0,0,0,0,0,0,0,0,0,0,0,0,0,0,0,6,22,29,26,20,44,0,0,0,117,111,229
10601111127,core,0,0,0,0,0,0,0,0,0,0,0,0,0,0,0,83,68,149,7,4,8,0,0,0,0,0,0,0,0,0,0,0,0,0,0,3,86,81,164,0,0,0,0,0,0,0,0,0,0,0,0,0,0,0,0,0,0,0,0,0,0,0,0,0,0,0,0,0,0,0,0,0,0,0,0,0,0,0,0,0,0,0,0,0,0,0,0,0,0,0,0,0,0,0,0,0,3,13,18,10,19,26,0,0,0,103,112,214
10601111128,core,0,0,0,0,0,0,0,0,0,0,0,0,0,0,0,66,62,126,3,5,9,3,0,3,0,0,0,0,0,0,0,0,0,0,0,4,76,65,143,0,0,0,0,0,0,0,0,0,0,0,0,0,0,0,0,0,0,0,0,0,0,0,0,0,0,0,0,0,0,0,0,0,0,0,0,0,0,0,0,0,0,0,0,0,0,0,0,0,0,0,0,0,0,0,0,0,0,10,14,12,22,35,0,0,0,88,94,189
10601111129,core,0,0,0,0,0,0,0,0,0,0,0,0,0,0,0,65,53,116,5,3,12,0,0,0,0,0,0,0,0,0,0,0,0,0,0,0,74,56,131,0,0,0,0,0,0,0,0,0,0,0,0,0,0,0,0,0,0,0,0,0,0,0,0,0,0,0,0,0,0,0,0,0,0,0,0,0,0,0,0,0,0,3,0,3,0,0,0,0,0,0,0,0,0,0,0,0,3,4,7,5,16,25,0,0,0,82,79,161
10601111130,core,0,0,0,0,0,0,0,0,0,0,0,0,0,0,0,88,68,156,5,3,10,0,0,0,0,0,0,0,0,0,0,0,0,0,6,5,98,77,175,0,0,0,0,0,0,0,0,0,0,0,0,0,0,0,0,0,0,0,0,0,0,0,0,0,0,0,0,0,0,0,0,0,0,0,0,0,0,0,0,0,0,0,0,0,0,0,0,0,0,0,0,0,0,0,0,0,5,15,22,12,16,27,0,0,5,118,114,231
10601111131,core,0,0,0,0,0,0,0,0,0,0,0,0,0,0,0,67,37,104,0,0,4,3,0,3,0,0,0,0,0,0,0,0,3,0,0,0,75,46,119,0,0,0,0,0,0,0,0,0,0,0,0,0,0,0,0,0,0,0,0,0,0,0,0,0,0,0,0,0,0,0,0,0,0,0,0,0,0,0,0,0,0,0,0,0,0,0,0,0,0,0,0,0,0,0,0,0,7,12,15,8,22,33,0,0,0,85,78,167
10601111132,core,0,0,0,0,0,0,0,0,0,0,0,0,0,0,0,57,41,101,3,0,3,0,0,0,0,0,0,0,0,0,0,0,0,0,0,4,64,50,114,0,0,0,0,0,0,0,0,0,0,0,0,0,0,0,0,0,0,0,0,0,0,0,0,0,0,0,0,0,0,0,0,0,0,0,0,0,0,0,0,0,0,0,0,0,0,0,0,0,0,0,0,0,0,0,0,0,0,11,9,12,20,30,0,0,0,82,76,155
10601111133,core,0,0,0,0,0,0,0,0,0,0,0,0,0,0,0,46,49,97,4,3,7,0,0,0,0,0,0,0,0,0,0,0,0,0,5,3,55,57,110,0,0,0,0,0,0,0,0,0,0,0,0,0,0,0,0,0,0,0,0,0,0,0,0,0,0,0,0,0,0,0,0,0,0,0,0,0,0,0,4,0,4,4,0,4,0,0,0,0,0,0,0,0,0,0,0,0,5,6,14,9,14,24,0,0,0,77,76,147
10601111134,core,0,0,0,0,0,0,0,0,0,0,0,0,0,0,0,50,42,98,4,4,4,3,0,3,0,0,0,0,0,0,0,0,0,0,0,0,57,46,103,0,0,0,0,0,0,0,0,0,0,0,0,0,0,0,0,0,0,0,0,0,0,0,0,0,0,0,0,0,0,0,0,0,0,0,0,0,0,0,3,0,3,3,0,3,0,0,0,0,0,0,0,0,0,0,0,0,0,11,8,3,8,14,0,0,0,69,66,134
10601111135,core,0,0,0,0,0,0,0,0,0,0,0,0,0,0,0,51,40,85,0,3,3,0,0,0,0,0,0,0,0,0,0,0,0,3,0,4,56,40,98,0,0,0,0,0,0,0,0,0,0,0,0,0,0,0,0,0,0,0,0,0,0,0,0,0,0,0,0,0,0,0,0,0,0,0,0,0,0,0,0,0,0,0,0,0,0,0,0,0,0,0,0,0,0,0,0,0,4,11,11,5,17,26,0,0,0,66,62,133
10601111136,core,0,0,0,0,0,0,0,0,0,0,0,0,0,0,0,51,40,93,0,0,0,0,0,0,0,0,0,0,0,0,0,0,0,6,0,0,53,42,99,0,0,0,0,0,0,0,0,0,0,0,0,0,0,0,0,0,0,0,0,0,0,0,0,0,0,0,0,0,0,0,0,0,0,0,0,0,0,0,0,0,0,0,0,0,0,0,0,0,0,0,0,0,0,0,0,0,0,5,8,5,7,11,0,0,0,61,60,121
10601111137,core,0,0,0,0,0,0,0,0,0,0,0,0,0,0,0,0,0,0,0,0,0,0,0,0,0,0,0,0,0,0,0,0,0,0,0,0,0,0,0,0,0,0,0,0,0,0,0,0,0,0,0,0,0,0,0,0,0,0,0,0,0,0,0,0,0,0,0,0,0,0,0,0,0,0,0,0,0,0,0,0,0,0,0,0,0,0,0,0,0,0,0,0,0,0,0,0,0,0,0,0,0,0,0,0,0,0,0,0
10601111138,core,0,0,0,0,0,0,0,0,0,0,0,0,0,0,0,53,30,77,5,0,7,0,0,0,0,0,0,0,0,0,0,0,0,0,0,0,50,33,84,0,0,0,0,0,0,0,0,0,0,0,0,0,0,0,0,0,0,0,0,0,0,0,0,0,0,0,0,0,0,0,0,0,0,0,0,0,0,0,0,0,0,0,0,0,0,0,0,0,0,0,0,0,0,0,0,0,6,5,8,3,13,21,0,0,0,64,51,114
10601111139,core,0,0,0,0,0,0,0,0,0,0,0,0,0,0,0,0,0,0,0,0,0,0,0,0,0,0,0,0,0,0,0,0,0,0,0,0,0,0,0,0,0,0,0,0,0,0,0,0,0,0,0,0,0,0,0,0,0,0,0,0,0,0,0,0,0,0,0,0,0,0,0,0,0,0,0,0,0,0,0,0,0,0,0,0,0,0,0,0,0,0,0,0,0,0,0,0,0,0,0,0,0,0,0,0,0,0,0,5
10601111140,core,0,0,0,0,0,0,0,0,0,0,0,0,0,0,0,70,55,126,4,9,13,0,0,0,0,0,0,0,0,0,0,0,0,0,0,0,74,63,136,0,0,0,0,0,0,0,0,0,0,0,0,0,0,0,0,0,0,0,0,0,0,0,0,0,0,0,0,0,0,0,0,0,0,0,0,0,0,0,0,0,0,0,0,0,0,0,0,0,0,0,0,0,0,0,0,0,3,13,15,19,26,46,0,0,0,104,96,202
10601111141,core,0,0,0,0,0,0,0,0,0,0,0,0,0,0,0,60,45,105,6,0,7,6,0,3,0,0,0,0,0,0,0,0,0,0,0,6,68,51,120,0,0,0,0,0,0,0,0,0,0,0,0,0,0,0,0,0,0,0,0,0,0,0,0,0,0,0,0,0,0,0,0,0,0,0,0,0,0,0,0,0,0,3,0,3,0,0,0,0,0,0,0,0,0,0,0,0,6,17,22,17,16,35,0,0,0,92,82,181
10601111142,core,0,0,0,0,0,0,0,0,0,0,0,0,0,0,0,4,4,3,0,0,0,0,0,0,0,0,0,0,0,0,0,0,0,0,0,0,0,4,8,0,0,0,0,0,0,0,0,0,0,0,0,0,0,0,0,0,0,0,0,0,0,0,0,0,0,0,0,0,0,0,0,0,0,0,0,0,0,0,0,0,0,0,0,0,0,0,0,0,0,0,0,0,0,0,0,0,0,0,0,0,0,0,0,0,0,3,8,12
10601111143,core,0,0,0,0,0,0,0,0,0,0,0,0,0,0,0,38,32,67,0,3,4,0,0,0,0,0,0,0,0,0,0,0,0,0,0,0,42,35,76,0,0,0,0,0,0,0,0,0,0,0,0,0,0,0,0,0,0,0,0,0,0,0,0,0,0,0,0,0,0,0,0,0,0,0,0,0,0,0,0,0,0,0,0,0,0,0,0,0,0,0,0,0,0,0,0,0,0,3,7,8,11,15,0,0,0,51,51,102
10601111144,core,0,0,0,0,0,0,0,0,0,0,0,0,0,0,0,31,26,57,0,4,4,0,0,0,0,0,0,0,0,0,0,0,0,3,0,4,36,32,70,0,0,0,0,0,0,0,0,0,0,0,0,0,0,0,0,0,0,0,0,0,0,0,0,0,0,0,0,0,0,0,0,0,0,0,0,0,0,0,0,0,0,0,0,0,0,0,0,0,0,0,0,0,0,0,0,0,4,7,11,5,8,15,0,0,0,46,48,93
10601111146,core,0,0,0,0,0,0,0,0,0,0,0,0,0,0,0,0,0,0,0,0,0,0,0,0,0,0,0,0,0,0,0,0,0,0,0,0,0,0,0,0,0,0,0,0,0,0,0,0,0,0,0,0,0,0,0,0,0,0,0,0,0,0,0,0,0,0,0,0,0,0,0,0,0,0,0,0,0,0,0,0,0,0,0,0,0,0,0,0,0,0,0,0,0,0,0,0,0,0,0,0,0,0,0,0,0,0,0,0
10601111147,core,0,0,0,0,0,0,0,0,0,0,0,0,0,0,0,96,92,188,3,3,3,12,0,12,0,0,0,0,0,0,0,0,0,0,0,4,113,95,204,0,0,0,0,0,0,0,0,0,0,0,0,0,0,0,0,0,0,0,0,0,0,0,0,0,0,0,0,0,0,0,0,0,0,0,0,0,0,0,0,0,0,0,0,0,0,0,0,0,0,0,0,0,0,0,0,0,10,19,31,13,28,43,4,0,4,138,145,290
10601111148,core,0,0,0,0,0,0,0,0,0,0,0,0,0,0,0,84,67,152,5,3,7,0,0,3,0,0,0,0,0,0,0,0,0,0,5,5,86,73,161,0,0,0,0,0,0,0,0,0,0,0,0,0,0,0,0,0,0,0,0,0,0,0,0,0,0,0,0,0,0,0,0,0,0,0,0,0,0,0,0,0,0,0,0,0,0,0,0,0,0,0,0,0,0,0,0,0,10,25,39,15,17,32,3,0,3,118,123,242
10601111149,core,0,0,0,0,0,0,0,0,0,0,0,0,0,0,0,90,69,164,0,0,3,0,0,0,0,0,0,0,0,0,0,0,0,0,0,0,94,71,167,0,0,0,0,0,0,0,0,0,0,0,0,0,0,0,0,0,0,0,0,0,0,0,0,0,0,0,0,0,0,0,0,0,0,0,0,0,0,0,0,0,0,0,0,0,0,0,0,0,0,0,0,0,0,0,0,0,11,33,42,26,20,51,0,0,0,133,124,261
10601111150,core,0,0,0,0,0,0,0,0,0,0,0,0,0,0,0,76,58,134,0,3,4,0,0,0,0,0,0,0,0,0,0,0,0,0,0,0,87,59,144,0,0,0,0,0,0,0,0,0,0,0,0,0,0,0,0,0,0,0,0,0,0,0,0,0,0,0,0,0,0,0,0,0,0,0,0,0,0,0,0,0,0,0,0,0,0,0,0,0,0,0,0,0,0,0,0,0,13,12,27,16,31,47,0,0,0,119,102,224
10601111151,core,0,0,0,0,0,0,0,0,0,0,0,0,0,0,0,24,27,52,0,0,5,0,0,0,0,0,0,0,0,0,0,0,0,0,0,0,31,29,54,0,0,0,0,0,0,0,0,0,0,0,0,0,0,0,0,0,0,0,0,0,0,0,0,0,0,0,0,0,0,0,0,0,0,0,0,0,0,0,0,0,0,0,0,0,0,0,0,0,0,0,0,0,0,0,0,0,0,8,7,4,6,16,0,0,0,37,39,76
10601111152,core,0,0,0,0,0,0,0,0,0,0,0,0,0,0,0,78,63,136,0,9,5,3,0,3,0,0,0,0,0,0,0,0,4,0,0,0,85,69,147,0,0,0,0,0,0,0,0,0,0,0,0,0,0,0,0,0,0,0,0,0,0,0,0,0,0,0,0,0,0,0,0,0,0,0,0,0,0,0,0,0,0,0,0,0,0,0,0,0,0,0,0,0,0,0,0,0,19,22,37,10,22,32,0,0,0,108,108,222
10601111153,core,0,0,0,0,0,0,0,0,0,0,0,0,0,0,0,76,49,127,9,5,10,0,0,0,0,0,0,0,0,0,0,0,0,0,0,0,87,54,143,0,0,0,0,0,0,0,0,0,0,0,0,0,0,0,0,0,0,0,0,0,0,0,0,0,0,0,0,0,0,0,0,0,0,0,0,0,0,0,0,0,0,0,0,0,0,0,0,0,0,0,0,0,0,0,0,0,16,19,31,9,19,30,0,0,0,116,93,204
10601111154,core,0,0,0,0,0,0,0,0,0,0,0,0,0,0,0,92,79,172,0,4,10,0,0,0,0,0,0,0,0,0,0,0,0,0,0,0,96,80,178,0,0,0,0,0,0,0,0,0,0,0,0,0,0,0,0,0,0,0,0,0,0,0,0,0,0,0,0,0,0,0,0,0,0,0,0,0,0,0,0,0,0,4,0,4,0,0,0,0,0,0,0,0,0,0,0,0,8,28,34,14,27,42,0,4,4,125,133,264
10601111155,core,0,0,0,0,0,0,0,0,0,0,0,0,0,0,0,76,82,159,8,5,15,0,0,0,0,0,0,0,0,0,0,0,0,0,0,0,88,88,177,0,0,0,0,0,0,0,0,0,0,0,0,0,0,0,0,0,0,0,0,0,0,0,0,0,0,0,0,0,0,0,0,0,0,0,0,0,0,0,0,0,0,5,0,0,0,0,0,0,0,0,0,0,0,0,0,0,3,14,16,14,17,31,0,3,3,107,127,233
10601111156,core,0,0,0,0,0,0,0,0,0,0,0,0,0,0,0,81,72,153,0,0,5,0,0,0,0,0,0,0,0,0,0,0,0,0,0,0,86,70,164,0,0,0,0,0,0,0,0,0,0,0,0,0,0,0,0,0,0,0,0,0,0,0,0,0,0,0,0,0,0,0,0,0,0,0,0,0,0,0,0,0,0,0,0,0,0,0,0,0,0,0,0,0,0,0,0,0,13,30,41,14,29,44,0,0,0,115,133,248
10601111157,core,0,0,0,0,0,0,0,0,0,0,0,0,0,0,0,0,0,4,0,0,0,0,0,0,0,0,0,0,0,0,0,0,0,0,0,0,0,0,4,0,0,0,0,0,0,0,0,0,0,0,0,0,0,0,0,0,0,0,0,0,0,0,0,0,0,0,0,0,0,0,0,0,0,0,0,0,0,0,0,0,0,0,0,0,0,0,0,0,0,0,0,0,0,0,0,0,0,0,0,0,0,0,0,0,0,0,0,4
10601111158,core,0,0,0,0,0,0,0,0,0,0,0,0,0,0,0,107,92,201,6,0,5,4,0,4,0,0,0,0,0,0,0,0,0,0,0,0,118,93,207,0,0,0,0,0,0,0,0,0,0,0,0,0,0,0,0,0,0,0,0,0,0,0,0,0,0,0,0,0,0,0,0,0,0,0,0,0,0,0,4,0,4,4,0,4,0,0,0,0,0,0,0,0,0,0,0,0,14,23,37,26,30,62,0,0,0,158,145,307
10601111159,core,0,0,0,0,0,0,0,0,0,0,0,0,0,0,0,0,0,0,0,0,0,0,0,0,0,0,0,0,0,0,0,0,0,0,0,0,0,0,0,0,0,0,0,0,0,0,0,0,0,0,0,0,0,0,0,0,0,0,0,0,0,0,0,0,0,0,0,0,0,0,0,0,0,0,0,0,0,0,0,0,0,0,0,0,0,0,0,0,0,0,0,0,0,0,0,0,0,0,0,0,0,0,0,0,0,0,0,0
10601111201,external,0,0,0,0,0,0,0,0,0,0,0,0,0,0,0,66,48,115,5,3,10,0,0,0,0,0,0,0,0,0,0,0,0,0,0,0,69,54,129,0,0,0,0,0,0,0,0,0,0,0,0,0,0,0,0,0,0,0,0,0,0,0,0,0,0,0,0,0,0,0,0,0,0,0,0,0,0,0,0,0,0,0,0,0,0,0,0,0,0,0,0,0,0,0,0,0,6,11,12,19,15,40,0,0,3,95,82,175
10601111202,external,0,0,0,0,0,0,0,0,0,0,0,0,0,0,0,65,49,118,4,8,10,0,0,0,0,0,0,0,0,0,0,0,0,0,0,0,70,57,131,0,0,0,0,0,0,0,0,0,0,0,0,0,0,0,0,0,0,0,0,0,0,0,0,0,0,0,0,0,0,0,0,0,0,0,0,0,0,0,0,0,0,0,0,0,0,0,0,0,0,0,0,0,0,0,0,0,6,13,14,13,17,36,0,0,0,92,89,183
10601111203,external,0,0,0,0,0,0,0,0,0,0,0,0,0,0,0,106,65,170,14,4,26,3,0,3,0,0,0,0,0,0,0,0,0,3,10,9,127,85,207,0,0,0,0,0,0,0,0,0,0,0,0,0,0,0,0,0,0,0,0,0,0,0,0,0,0,0,0,0,0,0,0,0,0,0,0,0,0,0,5,0,3,5,0,3,0,0,0,0,0,0,0,0,0,0,0,0,8,15,28,22,25,40,0,0,0,157,127,282
10601111204,external,0,0,0,0,0,0,0,0,0,0,0,0,0,0,0,55,49,105,6,0,6,0,0,0,0,0,0,0,0,0,0,0,0,0,0,6,67,51,114,0,0,0,0,0,0,0,0,0,0,0,0,0,0,0,0,0,0,0,0,0,0,0,0,0,0,0,0,0,0,0,0,0,0,0,0,0,0,0,0,0,0,0,0,0,0,0,0,0,0,0,0,0,0,0,0,0,7,12,16,13,13,27,0,0,0,78,77,162
10601111205,external,0,0,0,0,0,0,0,0,0,0,0,0,0,0,0,47,33,80,3,0,8,0,0,0,0,0,0,0,0,0,0,0,0,4,0,4,50,42,93,0,0,0,0,0,0,0,0,0,0,0,0,0,0,0,0,0,0,0,0,0,0,0,0,0,0,0,0,0,0,0,0,0,0,0,0,0,0,0,3,0,4,3,0,4,0,0,0,0,0,0,0,0,0,0,0,0,5,13,19,10,7,23,0,0,0,73,59,136
10601111206,external,0,0,0,0,0,0,0,0,0,0,0,0,0,0,0,46,41,90,3,0,4,0,0,0,0,0,0,0,0,0,0,0,0,0,0,0,52,42,93,0,0,0,0,0,0,0,0,0,0,0,0,0,0,0,0,0,0,0,0,0,0,0,0,0,0,0,0,0,0,0,0,0,0,0,0,0,0,0,0,0,0,0,0,0,0,0,0,0,0,0,0,0,0,0,0,0,5,10,17,12,13,31,0,0,0,74,62,135
10601111207,external,0,0,0,0,0,0,0,0,0,0,0,0,0,0,0,36,24,59,4,10,6,0,0,0,0,0,0,0,0,0,0,0,0,0,0,0,45,29,74,0,0,0,0,0,0,0,0,0,0,0,0,0,0,0,0,0,0,0,0,0,0,0,0,0,0,0,0,0,0,0,0,0,0,0,0,0,0,0,0,0,0,0,0,0,0,0,0,0,0,0,0,0,0,0,0,0,0,3,3,6,10,20,0,0,0,55,43,93
10601111208,external,0,0,0,0,0,0,0,0,0,0,0,0,0,0,0,22,25,50,3,0,3,0,0,0,0,0,0,0,0,0,0,0,0,0,0,0,28,26,54,0,0,0,0,0,0,0,0,0,0,0,0,0,0,0,0,0,0,0,0,0,0,0,0,0,0,0,0,0,0,0,0,0,0,0,0,0,0,0,0,0,3,0,0,3,0,0,0,0,0,0,0,0,0,0,0,0,0,4,4,6,3,7,0,0,0,32,35,72
10601111209,external,0,0,0,0,0,0,0,0,0,0,0,0,0,0,0,90,53,148,0,0,4,0,0,0,0,0,0,0,0,0,0,0,0,0,3,9,95,63,161,0,0,0,0,0,0,0,0,0,0,0,0,0,0,0,0,0,0,0,0,0,0,0,0,0,0,0,0,0,0,0,0,0,0,0,0,0,0,0,0,0,0,0,0,0,0,0,0,0,0,0,0,0,0,0,0,0,8,16,22,17,24,39,0,0,0,115,111,222
10601111210,external,0,0,0,0,0,0,0,0,0,0,0,0,0,0,0,82,49,129,7,0,10,11,0,11,0,0,0,0,0,0,34,0,37,295,11,308,433,67,500,0,0,0,0,0,0,0,0,0,0,0,0,0,0,0,0,0,0,0,0,0,0,0,0,0,0,0,0,0,0,0,0,0,0,0,0,0,0,0,0,0,0,0,0,0,0,0,0,0,0,0,0,0,0,0,0,0,44,22,66,10,15,18,8,0,9,498,109,605
10601111211,external,0,0,0,0,0,0,0,0,0,0,0,0,0,0,0,28,15,46,0,0,0,0,0,5,0,0,4,0,0,0,0,0,4,0,0,0,35,17,57,0,0,0,0,0,0,0,0,0,0,0,0,0,0,0,0,0,0,0,0,0,0,0,0,0,0,0,0,0,0,0,0,0,0,0,0,0,0,0,0,0,0,0,0,0,0,0,0,0,0,0,0,0,0,0,0,0,9,8,15,0,9,10,0,0,0,46,34,83
10601111213,external,0,0,0,0,0,0,0,0,0,0,0,0,0,0,0,61,37,102,9,0,4,0,0,0,0,0,0,0,0,0,0,0,0,6,4,8,71,45,119,0,0,0,0,0,0,0,0,0,0,0,0,0,0,0,0,0,0,0,0,0,0,0,0,0,0,0,0,0,0,0,0,0,0,0,0,0,0,0,0,0,0,0,0,0,0,0,0,0,0,0,0,0,0,0,0,0,0,3,4,11,21,33,0,0,0,91,71,161
10601111214,external,0,0,0,0,0,0,0,0,0,0,0,0,0,0,0,87,65,147,0,9,5,0,0,0,0,0,0,0,0,0,0,0,5,9,8,7,98,73,164,0,0,0,0,0,0,0,0,0,0,0,0,0,0,0,0,0,0,0,0,0,0,0,0,0,0,0,0,0,0,0,0,0,0,0,0,0,0,0,3,0,3,3,0,3,0,0,0,0,0,0,0,0,0,0,0,0,7,26,33,7,18,32,0,0,0,114,122,231
10601111215,external,0,0,0,0,0,0,0,0,0,0,0,0,0,0,0,54,31,81,0,6,0,5,0,5,0,0,0,0,0,0,0,0,0,0,7,6,60,39,100,0,0,0,0,0,0,0,0,0,0,0,0,0,0,0,0,0,0,0,0,0,0,0,0,0,0,0,0,0,0,0,0,0,0,0,0,0,0,0,0,0,0,0,0,0,0,0,0,0,0,0,0,0,0,0,0,0,4,7,7,10,4,15,0,0,0,72,51,122
10601111216,external,0,0,0,0,0,0,0,0,0,0,0,0,0,0,0,64,34,96,3,0,8,0,0,0,0,0,0,0,0,0,0,0,0,0,4,0,67,36,104,0,0,0,0,0,0,0,0,0,0,0,0,0,0,0,0,0,0,0,0,0,0,0,0,0,0,0,0,0,0,0,0,0,0,0,0,0,0,0,0,0,0,0,0,0,0,0,0,0,0,0,0,0,0,0,0,0,0,12,14,11,7,19,0,0,0,78,56,136
10601111217,external,0,0,0,0,0,0,0,0,0,0,0,0,0,0,0,64,40,109,0,3,9,0,0,0,0,0,0,0,0,0,0,0,0,0,0,0,73,44,117,0,0,0,0,0,0,0,0,0,0,0,0,0,0,0,0,0,0,0,0,0,0,0,0,0,0,0,0,0,0,0,0,0,0,0,0,0,0,0,5,0,5,5,0,5,0,0,0,0,0,0,0,0,0,0,0,0,7,7,11,24,14,41,0,0,0,98,71,167
10601111218,external,0,0,0,0,0,0,0,0,0,0,0,0,0,0,0,58,42,96,4,5,6,0,0,0,5,0,5,0,0,0,0,0,0,0,3,4,67,47,118,0,0,0,0,0,0,0,0,0,0,0,0,0,0,0,0,0,0,0,0,0,0,0,0,0,0,0,0,0,0,0,0,0,0,0,0,0,0,0,0,0,0,0,0,0,0,0,0,0,0,0,0,0,0,0,0,0,6,11,19,7,17,23,0,0,0,79,77,161
10601111219,external,0,0,0,0,0,0,0,0,0,0,0,0,0,0,0,71,52,122,3,5,6,0,0,0,0,0,0,0,0,0,0,0,0,3,0,3,74,59,129,0,0,0,0,0,0,0,0,0,0,0,0,0,0,0,0,0,0,0,0,0,0,0,0,0,0,0,0,0,0,0,0,0,0,0,0,0,0,0,0,0,4,0,0,4,0,0,0,0,0,0,0,0,0,0,0,0,3,16,20,11,17,24,0,0,0,86,94,180
10601111220,external,0,0,0,0,0,0,0,0,0,0,0,0,0,0,0,28,20,47,0,3,3,0,0,0,0,0,0,0,0,0,0,0,0,0,0,0,28,21,50,0,0,0,0,0,0,0,0,0,0,0,0,0,0,0,0,0,0,0,0,0,0,0,0,0,0,0,0,0,0,0,0,0,0,0,0,0,0,0,0,0,0,0,0,0,0,0,0,0,0,0,0,0,0,0,0,0,4,8,7,3,8,6,0,0,0,33,33,71
10601111221,external,0,0,0,0,0,0,0,0,0,0,0,0,0,0,0,60,38,100,0,3,0,0,0,0,0,0,0,0,0,0,0,0,0,0,0,0,62,40,106,0,0,0,0,0,0,0,0,0,0,0,0,0,0,0,0,0,0,0,0,0,0,0,0,0,0,0,0,0,0,0,0,0,0,0,0,0,0,0,0,0,0,0,0,0,0,0,0,0,0,0,0,0,0,0,0,0,3,10,10,16,13,32,0,0,0,87,64,143
10601111222,external,0,0,0,0,0,0,0,0,0,0,0,0,0,0,0,46,30,73,8,0,9,0,0,0,0,0,0,0,0,0,5,0,5,0,0,0,55,29,90,0,0,0,0,0,0,0,0,0,0,0,0,0,0,0,0,0,0,0,0,0,0,0,0,0,0,0,0,0,0,0,0,0,0,0,0,0,0,0,0,0,0,0,0,0,0,0,0,0,0,0,0,0,0,0,0,0,0,7,11,4,10,18,0,0,0,64,45,112
10601111223,external,0,0,0,0,0,0,0,0,0,0,0,0,0,0,0,40,28,74,10,5,12,0,0,0,3,0,3,0,0,0,0,0,0,0,0,0,53,36,91,0,0,0,0,0,0,0,0,0,0,0,0,0,0,0,0,0,0,0,0,0,0,0,0,0,0,0,0,0,0,0,0,0,0,0,0,0,0,0,0,0,0,0,0,0,0,0,0,0,0,0,0,0,0,0,0,0,3,3,6,7,6,16,0,0,0,65,43,112
10601111224,external,0,0,0,0,0,0,0,0,0,0,0,0,0,0,0,83,57,140,8,4,8,5,0,5,0,0,0,0,0,0,0,0,0,0,0,0,93,62,150,0,0,0,0,0,0,0,0,0,0,0,0,0,0,0,0,0,0,0,0,0,0,0,0,0,0,0,0,0,0,0,0,0,0,0,0,0,0,0,6,0,6,6,0,6,0,0,0,0,0,0,0,0,0,0,0,0,9,18,28,20,15,35,0,0,0,123,92,215
10601111225,external,0,0,0,0,0,0,0,0,0,0,0,0,0,0,0,58,41,100,0,0,3,4,0,4,0,0,0,0,0,0,0,0,0,0,0,0,71,46,109,0,0,0,0,0,0,0,0,0,0,0,0,0,0,0,0,0,0,0,0,0,0,0,0,0,0,0,0,0,0,0,0,0,0,0,0,0,0,0,0,0,0,0,0,0,0,0,0,0,0,0,0,0,0,0,0,0,4,12,11,12,10,21,0,0,0,85,67,149
10601111226,external,0,0,0,0,0,0,0,0,0,0,0,0,0,0,0,73,45,119,0,4,3,0,0,0,0,0,0,0,0,0,0,0,0,0,0,0,78,49,124,0,0,0,0,0,0,0,0,0,0,0,0,0,0,0,0,0,0,0,0,0,0,0,0,0,0,0,0,0,0,0,0,0,0,0,0,0,0,0,0,0,0,0,0,0,0,0,0,0,0,0,0,0,0,0,0,0,5,10,15,8,21,36,0,0,0,93,82,182
10601111227,external,0,0,0,0,0,0,0,0,0,0,0,0,0,0,0,81,59,141,10,6,13,0,0,0,0,0,0,0,0,0,0,0,4,0,4,4,89,68,159,0,0,0,0,0,0,0,0,0,0,0,0,0,0,0,0,0,0,0,0,0,0,0,0,0,0,0,0,0,0,0,0,0,0,0,0,0,0,0,3,0,3,3,0,3,0,0,0,0,0,0,0,0,0,0,0,0,6,17,18,14,19,31,0,0,0,119,98,224
10601111228,external,0,0,0,0,0,0,0,0,0,0,0,0,0,0,0,57,39,96,7,0,7,0,0,0,0,0,0,0,0,0,0,0,0,0,3,3,68,41,112,0,0,0,0,0,0,0,0,0,0,0,0,0,0,0,0,0,0,0,0,0,0,0,0,0,0,0,0,0,0,0,0,0,0,0,0,0,0,0,0,0,0,0,0,0,0,0,0,0,0,0,0,0,0,0,0,0,4,9,16,16,10,28,0,0,0,91,67,159
10601111229,external,0,0,0,0,0,0,0,0,0,0,0,0,0,0,0,54,42,87,0,3,9,3,0,3,0,0,0,0,0,0,0,0,0,0,0,0,52,41,97,0,0,0,0,0,0,0,0,0,0,0,0,0,0,0,0,0,0,0,0,0,0,0,0,0,0,0,0,0,0,0,0,0,0,0,0,0,0,0,0,0,0,0,0,0,0,0,0,0,0,0,0,0,0,0,0,0,5,3,7,10,17,27,0,0,0,71,61,129
10601111230,external,0,0,0,0,0,0,0,0,0,0,0,0,0,0,0,71,47,122,3,3,10,4,0,4,0,0,0,0,0,0,0,0,4,0,0,0,77,57,128,0,0,0,0,0,0,0,0,0,0,0,0,0,0,0,0,0,0,0,0,0,0,0,0,0,0,0,0,0,0,0,0,0,0,0,0,0,0,0,0,0,0,0,0,0,0,0,0,0,0,0,0,0,0,0,0,0,0,6,6,12,10,22,0,0,0,88,73,161
10601111231,external,0,0,0,0,0,0,0,0,0,0,0,0,0,0,3,102,60,157,6,3,7,4,0,4,0,0,0,0,0,0,0,0,0,0,0,0,110,62,171,0,0,0,0,0,0,0,0,0,0,0,0,0,0,0,0,0,0,0,0,0,0,0,0,0,0,0,0,0,0,0,0,0,0,0,0,0,0,0,0,0,0,0,0,0,0,0,0,0,0,0,0,0,0,0,0,0,10,23,34,23,29,44,0,0,0,140,109,245
10601111232,external,0,0,0,0,0,0,0,0,0,0,0,0,0,0,0,51,34,91,4,3,7,0,0,0,0,0,0,0,0,0,0,0,0,7,4,10,60,47,111,0,0,0,0,0,0,0,0,0,0,0,0,0,0,0,0,0,0,0,0,0,0,0,0,0,0,0,0,0,0,0,0,0,0,0,0,0,0,0,0,0,0,0,0,0,0,0,0,0,0,0,0,0,0,0,0,0,4,4,10,9,8,14,0,0,0,76,64,137
10601111233,external,0,0,0,0,0,0,0,0,0,0,0,0,0,0,0,90,74,167,6,6,6,0,0,0,0,0,0,0,0,0,0,0,0,0,0,0,97,77,174,0,0,0,0,0,0,0,0,0,0,0,0,0,0,0,0,0,0,0,0,0,0,0,0,0,0,0,0,0,0,0,0,0,0,0,0,0,0,0,0,0,0,0,0,0,0,0,0,0,0,0,0,0,0,0,0,0,5,20,24,20,15,40,0,0,0,126,115,242
10601111234,external,0,0,0,0,0,3,0,0,0,0,0,0,0,0,0,63,42,106,4,4,7,5,0,5,0,0,0,0,0,0,0,0,0,0,0,0,71,48,124,0,0,0,0,0,0,0,0,0,0,0,0,0,0,0,0,0,0,0,0,0,0,0,0,0,0,0,0,0,0,0,0,0,0,0,0,0,0,0,0,0,0,0,0,0,0,0,0,0,0,0,0,0,0,0,0,0,4,5,5,8,15,25,0,0,0,89,66,154
10601111235,external,0,0,0,0,0,0,0,0,0,0,0,0,0,0,0,93,56,146,3,3,5,0,0,0,0,0,0,0,0,0,0,0,0,0,0,0,97,56,159,0,0,0,0,0,0,0,0,0,0,0,0,0,0,0,0,0,0,0,0,0,0,0,0,0,0,0,0,0,0,0,0,0,0,0,0,0,0,0,0,0,0,0,0,0,0,0,0,0,0,0,0,0,0,0,0,0,5,11,11,13,25,40,0,0,0,114,97,213
10601111237,external,0,0,0,0,0,0,0,0,0,0,0,0,0,0,0,72,39,108,0,5,5,0,0,0,0,0,0,0,0,0,0,0,0,0,0,0,79,46,126,0,0,0,0,0,0,0,0,0,0,0,0,0,0,0,0,0,0,0,0,0,0,0,0,0,0,0,0,0,0,0,0,0,0,0,0,0,0,0,0,0,0,0,0,0,0,0,0,0,0,0,0,0,0,0,0,0,4,19,22,12,19,34,0,0,0,97,89,182
10601111238,external,0,0,0,0,0,0,0,0,0,0,0,0,0,0,0,60,48,113,0,3,4,0,0,0,0,0,0,0,0,0,0,0,0,0,0,0,65,51,119,0,0,0,0,0,0,0,0,0,0,0,0,0,0,0,0,0,0,0,0,0,0,0,0,0,0,0,0,0,0,0,0,0,0,0,0,0,0,0,0,0,0,0,0,0,0,0,0,0,0,0,0,0,0,0,0,0,4,10,15,7,16,24,0,0,0,83,74,153
10601111240,external,0,0,0,0,0,0,0,0,0,0,0,0,0,0,0,48,46,95,0,4,5,0,0,0,0,0,0,0,0,0,0,0,0,0,0,0,53,50,98,0,0,0,0,0,0,0,0,0,0,0,0,0,0,0,0,0,0,0,0,0,0,0,0,0,0,0,0,0,0,0,0,0,0,0,0,0,0,0,0,0,0,0,0,0,0,0,0,0,0,0,0,0,0,0,0,0,7,6,13,6,8,15,0,0,0,67,61,129
10601111241,external,0,0,0,0,0,0,0,0,0,0,0,0,0,0,0,26,20,47,0,0,0,0,0,0,0,0,0,0,0,0,0,0,0,0,0,0,29,20,51,0,0,0,0,0,0,0,0,0,0,0,0,0,0,0,0,0,0,0,0,0,0,0,0,0,0,0,0,0,0,0,0,0,0,0,0,0,0,0,3,0,3,3,0,3,0,0,0,0,0,0,0,0,0,0,0,0,0,6,6,11,4,15,0,0,0,38,29,68
10601111242,external,0,0,0,0,0,0,0,0,0,0,0,0,0,0,0,83,51,140,7,6,17,0,0,0,0,0,0,0,0,0,0,0,0,3,5,14,98,64,165,0,0,0,0,0,0,0,0,0,0,0,0,0,0,0,0,0,0,0,0,0,0,0,0,0,0,0,0,0,0,0,0,0,0,0,0,0,0,0,0,0,0,0,0,0,0,0,0,0,0,0,0,0,0,0,0,0,9,10,21,24,19,41,0,0,0,132,99,229
10601111244,external,0,0,0,0,0,0,0,0,0,0,0,0,0,0,0,63,60,127,0,6,7,0,0,0,0,0,0,0,0,0,0,0,0,0,0,0,67,64,132,0,0,0,0,0,0,0,0,0,0,0,0,0,0,0,0,0,0,0,0,0,0,0,0,0,0,0,0,0,0,0,0,0,0,0,0,0,0,0,0,0,0,0,0,0,0,0,0,0,0,0,0,0,0,0,0,0,12,18,27,20,16,47,0,0,0,104,106,205
10601111245,external,0,0,0,0,0,0,0,0,0,0,0,0,0,0,0,59,39,93,0,3,6,0,0,0,0,0,0,0,0,0,0,0,0,0,0,0,62,40,101,0,0,0,0,0,0,0,0,0,0,0,0,0,0,0,0,0,0,0,0,0,0,0,0,0,0,0,0,0,0,0,0,0,0,0,0,0,0,0,0,0,0,0,0,0,0,0,0,0,0,0,0,0,0,0,0,0,8,10,18,8,13,20,0,0,0,77,62,138
10601111246,external,0,0,0,0,0,0,0,0,0,0,0,0,0,0,0,59,48,111,4,3,6,0,0,0,0,0,0,0,0,0,0,0,0,0,0,0,71,55,124,0,0,0,0,0,0,0,0,0,0,0,0,0,0,0,0,0,0,0,0,0,0,0,0,0,0,0,0,0,0,0,0,0,0,0,0,0,0,0,0,0,0,0,0,0,0,0,0,0,0,0,0,0,0,0,0,0,9,20,32,12,22,36,0,0,0,87,97,183
10601111247,external,0,0,0,0,0,0,0,0,0,0,0,0,0,0,0,64,53,121,0,3,3,0,0,0,0,0,0,0,0,0,0,0,0,0,0,0,72,56,129,0,0,0,0,0,0,0,0,0,0,0,0,0,0,0,0,0,0,0,0,0,0,0,0,0,0,0,0,0,0,0,0,0,0,0,0,0,0,0,0,3,3,0,3,3,0,0,0,0,0,0,0,0,0,0,0,0,3,13,19,12,10,27,0,0,0,93,82,174
10601111248,external,0,0,0,0,0,0,0,0,0,0,0,0,0,0,0,88,54,140,6,4,13,0,0,0,0,0,0,0,0,0,0,0,0,0,0,0,96,58,153,0,0,0,0,0,0,0,0,0,0,0,0,0,0,0,0,0,0,0,0,0,0,0,0,0,0,0,0,0,0,0,0,0,0,0,0,0,0,0,0,0,0,0,0,0,0,0,0,0,0,0,0,0,0,0,0,0,10,15,23,15,25,39,0,0,0,123,95,216
10601111249,external,0,0,0,0,0,0,0,0,0,0,0,0,0,0,0,63,37,104,0,0,0,0,0,0,0,0,0,0,0,0,0,0,0,0,0,0,63,37,107,0,0,0,0,0,0,0,0,0,0,0,0,0,0,0,0,0,0,0,0,0,0,0,0,0,0,0,0,0,0,0,0,0,0,0,0,0,0,0,0,0,0,0,0,0,0,0,0,0,0,0,0,0,0,0,0,0,5,16,16,6,11,13,0,0,0,79,64,143
10601111250,external,0,0,0,0,0,0,0,0,0,0,0,0,0,0,0,107,73,176,4,7,8,4,0,4,0,0,0,0,0,0,0,0,0,0,0,0,114,76,193,0,0,0,0,0,0,0,0,0,0,0,0,0,0,0,0,0,0,0,0,0,0,0,0,0,0,0,0,0,0,0,0,0,0,0,0,0,0,0,0,0,0,0,0,0,0,0,0,0,0,0,0,0,0,0,0,0,11,24,35,21,19,43,0,0,0,148,119,270
10601111251,external,0,0,0,3,0,3,0,0,0,0,0,0,0,0,0,101,63,165,0,4,5,0,0,0,0,0,0,0,0,0,0,0,0,0,0,0,103,72,174,0,0,0,0,0,0,0,0,0,0,0,0,0,0,0,0,0,0,0,0,0,0,0,0,0,0,0,0,0,0,0,0,0,0,0,0,0,0,0,0,0,0,0,0,0,0,0,0,0,0,0,0,0,0,0,0,0,5,31,35,32,28,63,0,0,0,142,128,275
10601111301,external,0,0,0,0,0,0,0,0,0,0,0,0,0,0,0,34,24,60,0,0,3,3,0,3,0,0,0,0,0,0,0,0,0,0,0,0,41,23,66,0,0,0,0,0,0,0,0,0,0,0,0,0,0,0,0,0,0,0,0,0,0,0,0,0,0,0,0,0,0,0,0,0,0,0,0,0,0,0,0,0,0,0,0,0,0,0,0,0,0,0,0,0,0,0,0,0,0,3,8,14,12,27,0,0,0,59,41,96
10601111302,external,0,0,0,0,0,0,0,0,0,0,0,0,0,0,0,63,35,95,0,6,8,0,0,0,0,0,0,0,0,0,0,0,4,8,4,9,71,47,116,0,0,0,0,0,0,0,0,0,0,0,0,0,0,0,0,0,0,0,0,0,0,0,0,0,0,0,0,0,0,0,0,0,0,0,0,0,0,0,0,0,0,0,0,0,0,0,0,0,0,0,0,0,0,0,0,0,23,25,45,4,16,25,0,0,0,103,87,193
10601111303,external,0,0,0,0,0,0,0,0,0,0,0,0,0,0,0,40,20,61,0,0,3,6,0,6,5,0,5,0,0,0,0,0,0,4,0,4,59,24,78,0,0,0,0,0,0,0,0,0,0,0,0,0,0,0,0,0,0,0,0,0,0,0,0,0,0,0,0,0,0,0,0,0,0,0,0,0,0,0,0,0,3,0,0,3,0,0,0,0,0,0,0,0,0,0,0,0,3,16,15,6,12,13,0,0,4,65,43,112
10601111304,external,0,0,0,0,0,0,0,0,0,0,0,0,0,0,0,42,25,69,0,0,0,3,0,7,6,0,6,0,0,0,0,4,4,0,0,0,52,31,83,0,0,0,0,0,0,0,0,0,0,0,0,0,0,0,0,0,0,0,0,0,0,0,0,0,0,0,0,0,0,0,0,0,0,0,0,0,0,0,0,0,0,0,0,0,0,0,0,0,0,0,0,0,0,0,0,0,18,15,33,8,13,26,0,0,0,87,67,149
10601111305,external,0,0,0,0,0,0,0,0,0,0,0,0,0,0,0,68,47,116,0,0,0,0,0,0,0,0,0,0,0,0,0,0,0,0,3,3,71,54,122,0,0,0,0,0,0,0,0,0,0,0,0,0,0,0,0,0,0,0,0,0,0,0,0,0,0,0,0,0,0,0,0,0,0,0,0,0,0,0,0,0,0,0,0,0,0,0,0,0,0,0,0,0,0,0,0,0,7,11,19,20,20,38,0,0,0,96,87,179
10601111306,external,0,0,0,0,0,0,0,0,0,0,0,0,0,0,0,61,53,116,0,6,6,0,0,0,0,0,0,0,0,0,0,0,0,0,0,0,64,57,118,0,0,0,0,0,0,0,0,0,0,0,0,0,0,0,0,0,0,0,0,0,0,0,0,0,0,0,0,0,0,0,0,0,0,0,0,0,0,0,0,0,0,0,0,0,0,0,0,0,0,0,0,0,0,0,0,0,9,9,23,10,12,21,0,0,3,79,87,167
10601111307,external,0,0,0,0,0,0,0,0,0,0,0,0,0,0,0,19,25,42,0,0,0,0,0,0,0,0,0,0,0,0,0,0,0,5,4,9,26,29,55,0,0,0,0,0,0,0,0,0,0,0,0,0,0,0,0,0,0,0,0,0,0,0,0,0,0,0,0,0,0,0,0,0,0,0,0,0,0,0,0,0,0,0,0,0,0,0,0,0,0,0,0,0,0,0,0,0,5,8,16,4,9,17,0,0,0,40,48,83
10601111308,external,0,0,0,0,0,0,0,0,0,0,0,0,0,0,0,27,22,49,0,0,4,0,0,0,0,0,0,0,0,0,0,0,0,0,0,0,33,22,52,0,0,0,0,0,0,0,0,0,0,0,0,0,0,0,0,0,0,0,0,0,0,0,0,0,0,0,0,0,0,0,0,0,0,0,0,0,0,0,0,0,0,0,0,4,0,0,0,0,0,0,0,0,0,0,0,0,0,3,9,0,0,3,0,5,5,34,35,73
10601111309,external,0,0,0,0,0,0,0,0,0,0,0,0,0,0,0,104,63,165,0,0,0,4,0,4,0,0,0,0,0,0,0,0,0,0,0,0,115,63,175,0,0,0,0,0,0,0,0,0,0,0,0,0,0,0,0,0,0,0,0,0,0,0,0,0,0,0,0,0,0,0,0,0,0,0,0,0,0,0,0,0,0,0,0,0,0,0,0,0,0,0,0,0,0,0,0,0,21,32,50,20,20,36,0,0,0,157,110,270
10601111310,external,0,0,0,0,0,0,0,0,0,0,0,0,0,0,0,33,24,55,0,0,0,0,0,0,0,0,0,0,0,0,0,0,0,0,0,0,40,26,67,0,0,0,0,0,0,0,0,0,0,0,0,0,0,0,0,0,0,0,0,0,0,0,0,0,0,0,0,0,0,0,0,0,0,0,0,0,0,0,0,0,0,0,0,0,0,0,0,0,0,0,0,0,0,0,0,0,3,13,16,4,19,20,0,0,0,49,51,102
10601111311,external,0,0,0,0,0,0,0,0,0,0,0,0,0,0,0,65,45,114,3,8,10,0,0,0,0,0,0,0,0,0,0,0,0,3,0,3,74,53,128,0,0,0,0,0,0,0,0,0,0,0,0,0,0,0,0,0,0,0,0,0,0,0,0,0,0,0,0,0,0,0,0,0,0,0,0,0,0,0,0,0,0,0,0,0,0,0,0,0,0,0,0,0,0,0,0,0,18,25,36,15,18,32,0,0,4,106,93,196
10601111312,external,0,0,0,0,0,0,0,0,0,0,0,0,0,0,0,108,91,198,0,3,7,12,0,12,3,0,4,0,0,0,0,0,0,0,0,3,129,94,222,0,0,0,0,0,0,0,0,0,0,0,0,0,0,0,0,0,0,0,0,0,0,0,0,0,0,0,0,0,0,0,0,0,0,0,0,0,0,0,0,0,0,0,0,0,0,0,0,0,0,0,0,0,0,0,0,0,12,25,39,23,34,58,0,0,0,159,155,316
10601111313,external,0,0,0,0,0,0,0,0,0,0,0,0,0,0,0,62,42,108,4,4,8,0,0,0,0,0,0,0,0,0,0,0,0,0,0,0,74,52,121,0,0,0,0,0,0,0,0,0,0,0,0,0,0,0,0,0,0,0,0,0,0,0,0,0,0,0,0,0,0,0,0,0,0,0,0,0,0,0,0,0,0,0,0,0,0,0,0,0,0,0,0,0,0,0,0,0,15,22,30,17,17,27,0,0,0,100,87,188
10601111314,external,0,0,0,0,0,0,0,0,0,0,0,0,0,0,0,89,52,146,0,7,7,3,0,3,0,0,0,0,0,0,0,0,4,4,0,7,100,65,167,0,0,0,0,0,0,0,0,0,0,0,0,0,0,0,0,0,0,0,0,0,0,0,0,0,0,0,0,0,0,0,0,0,0,0,0,0,0,0,0,0,0,0,0,0,0,0,0,0,0,0,0,0,0,0,0,0,15,29,42,24,22,49,0,0,7,139,120,265
10601111315,external,0,0,0,0,0,0,0,0,0,0,0,0,0,0,0,60,43,105,0,4,3,0,0,0,0,0,0,0,0,0,0,0,0,0,0,4,68,49,116,0,0,0,0,0,0,0,0,0,0,0,0,0,0,0,0,0,0,0,0,0,0,0,0,0,0,0,0,0,0,0,0,0,0,0,0,0,0,0,0,0,0,0,0,0,0,0,0,0,0,0,0,0,0,0,0,0,18,21,38,9,9,17,0,0,0,92,79,170
10602111401,core,0,0,0,0,0,0,0,0,0,0,0,0,0,0,0,30,30,61,4,3,7,0,0,0,0,0,0,0,0,0,0,0,0,6,11,11,46,43,89,0,0,0,0,0,0,0,0,0,0,0,0,0,0,0,0,0,0,0,0,0,0,0,0,0,0,0,0,0,0,0,0,0,0,0,0,0,0,0,0,0,0,0,0,6,0,0,0,0,0,0,0,0,0,0,0,0,9,13,22,7,10,15,0,0,0,67,67,132
10602111402,core,4,0,4,0,0,0,0,0,0,0,0,0,0,0,0,72,58,131,4,4,4,0,0,0,0,0,0,0,0,0,0,0,0,3,0,3,85,63,142,0,0,0,0,0,0,0,0,0,0,0,0,0,0,0,0,0,0,0,0,0,0,0,0,0,0,0,0,0,0,0,0,0,0,0,0,0,0,0,0,0,0,0,0,0,0,0,0,0,0,0,0,0,0,0,0,0,7,9,18,17,21,35,0,0,0,106,92,201
10602111403,core,0,0,0,0,0,0,0,0,0,0,0,0,0,0,0,41,27,66,0,0,0,0,0,0,0,0,0,0,0,0,0,0,0,0,0,0,47,24,73,0,0,0,0,0,0,0,0,0,0,0,0,0,0,0,0,0,0,0,0,0,0,0,0,0,0,0,0,0,0,0,0,0,0,0,0,0,0,0,0,0,0,0,0,0,0,0,0,0,0,0,0,0,0,0,0,0,3,11,18,5,15,26,3,0,3,53,54,112
10602111408,core,3,0,3,0,0,0,0,0,0,0,0,0,0,0,0,60,43,100,7,0,4,6,0,6,0,0,0,0,0,0,0,0,0,0,5,5,70,53,124,0,0,0,0,0,0,0,0,0,0,0,0,0,0,0,0,0,0,0,0,0,0,0,0,0,0,0,0,0,0,0,0,0,0,0,0,0,0,0,0,0,0,0,0,0,0,0,0,0,0,0,0,0,0,0,0,0,11,18,30,12,18,25,0,0,4,97,89,187
10602111409,core,0,0,0,0,0,3,0,0,0,0,0,0,0,0,0,38,23,67,0,0,3,0,0,0,0,0,0,4,0,4,0,0,0,0,0,0,46,28,76,0,0,0,0,0,0,0,0,0,0,0,0,0,0,0,0,0,0,0,0,0,0,0,0,0,0,0,0,0,0,0,0,0,0,0,0,0,0,0,0,0,0,0,4,5,0,0,0,0,0,0,0,0,0,0,0,0,4,9,17,10,13,19,0,0,0,66,50,114
10602111410,core,10,0,9,0,4,4,0,0,0,0,0,0,0,0,0,70,47,116,3,5,11,0,0,0,0,0,0,3,0,3,0,0,0,7,13,22,103,70,172,0,0,0,0,0,0,0,0,0,0,0,0,0,0,0,0,0,0,0,0,0,0,0,0,0,0,0,0,0,0,0,0,0,0,0,0,0,0,0,0,0,0,0,0,3,0,0,0,0,0,0,0,0,0,0,0,0,22,40,58,30,36,67,0,0,0,151,143,298
10602111411,core,0,0,0,0,0,0,0,0,0,0,0,0,0,0,0,34,29,63,0,5,4,0,0,0,0,0,0,0,0,0,0,0,0,3,6,6,41,38,79,0,0,0,0,0,0,0,0,0,0,0,0,0,0,0,0,0,0,0,0,0,0,0,0,0,0,0,0,0,0,0,0,0,0,0,0,0,0,0,0,0,0,0,0,0,0,0,0,0,0,0,0,0,0,0,0,0,6,5,16,11,15,22,0,0,0,57,61,113
10602111412,core,0,0,0,0,0,0,0,0,0,0,0,0,0,0,0,39,26,65,0,3,6,0,0,0,0,0,0,0,0,0,0,0,0,0,4,5,47,29,74,0,0,0,0,0,0,0,0,0,0,0,0,0,0,0,0,0,0,0,0,0,0,0,0,0,0,0,0,0,0,0,0,0,0,0,0,0,0,0,0,0,0,0,0,0,0,0,0,0,0,0,0,0,0,0,0,0,13,18,34,10,9,17,0,0,0,67,54,121
10602111415,core,0,0,0,0,0,0,0,0,0,0,0,0,0,0,0,106,68,181,6,3,12,5,0,5,0,0,0,5,0,5,4,0,0,0,3,3,121,76,198,0,0,0,0,0,0,0,0,0,0,0,0,0,0,0,0,0,0,0,0,0,0,0,0,0,0,0,0,0,0,0,0,0,0,0,0,0,0,0,0,0,0,0,0,0,0,0,0,0,0,0,0,0,0,0,0,0,33,39,73,27,27,48,0,0,0,175,145,322
10602111416,core,0,0,0,0,0,0,0,0,0,0,0,0,0,0,0,139,103,241,0,10,13,0,0,0,0,0,0,0,0,0,0,0,0,0,0,0,142,113,257,0,0,0,0,0,0,0,0,0,0,0,0,0,0,0,0,0,0,0,0,0,0,0,0,0,0,0,0,0,0,0,0,0,0,0,0,0,0,0,0,0,0,0,0,0,0,0,0,0,0,0,0,0,0,0,0,0,23,29,52,29,34,63,0,0,0,198,178,377
10602111417,core,0,0,0,0,5,5,0,0,0,0,0,0,0,0,0,118,102,220,0,4,9,3,0,3,0,0,0,0,0,0,0,0,0,0,4,4,120,110,233,0,0,0,0,0,0,0,0,0,0,0,0,0,0,0,0,0,0,0,0,0,0,0,0,0,0,0,0,0,0,0,0,0,0,0,0,0,0,0,0,0,0,0,0,3,0,0,0,0,0,0,0,0,0,0,0,0,12,35,44,20,36,60,0,0,0,159,181,341
10602111418,core,0,0,0,0,0,0,0,0,0,0,0,0,0,0,0,83,61,141,7,3,6,0,0,0,0,0,0,0,0,0,0,0,0,0,0,4,92,60,152,0,0,0,0,0,0,0,0,0,0,0,0,0,0,0,0,0,0,0,0,0,0,0,0,0,0,0,0,0,0,0,0,0,0,0,0,0,0,0,0,0,0,0,0,0,0,0,0,0,0,0,0,0,0,0,0,0,16,27,42,16,32,45,0,0,0,124,118,243
10602111419,core,0,0,0,0,0,0,0,0,0,0,0,0,0,0,0,26,26,47,0,3,3,4,0,8,0,0,0,0,0,0,0,0,0,0,0,0,31,26,57,0,0,0,0,0,0,0,0,0,0,0,0,0,0,0,0,0,0,0,0,0,0,0,0,0,0,0,0,0,0,0,0,0,0,0,0,0,0,0,0,0,0,0,0,0,0,0,0,0,0,0,0,0,0,0,0,0,8,5,13,6,9,15,0,0,0,43,35,83
10602111420,core,0,0,0,3,0,3,0,0,0,0,0,0,0,0,0,110,83,195,5,0,11,5,0,5,0,0,0,0,0,0,0,0,0,0,0,0,120,86,212,0,0,0,0,0,0,0,0,0,0,0,0,0,0,0,0,0,0,0,0,0,0,0,0,0,0,0,0,0,0,0,0,0,0,0,0,0,0,0,0,0,0,0,0,0,0,0,0,0,0,0,0,0,0,0,0,0,24,44,70,20,29,48,0,0,0,162,162,323
10602111421,core,0,0,0,0,0,0,0,0,0,0,0,0,0,0,0,129,102,234,8,11,15,0,0,0,6,0,6,0,0,0,0,0,0,0,0,0,140,114,251,0,0,0,0,0,0,0,0,0,0,0,0,0,0,0,0,0,0,0,0,0,0,0,0,0,0,0,0,0,0,0,0,0,0,0,0,0,0,0,0,0,0,0,0,0,0,0,0,0,0,0,0,0,0,0,0,0,16,37,51,26,30,56,0,0,4,181,180,362
10602111422,core,0,0,0,0,0,0,0,0,0,0,0,0,0,0,0,56,51,107,0,0,0,4,0,4,0,0,0,0,0,0,0,0,0,0,0,0,64,52,118,0,0,0,0,0,0,0,0,0,0,0,0,0,0,0,0,0,0,0,0,0,0,0,0,0,0,0,0,0,0,0,0,0,0,0,0,0,0,0,0,0,0,0,0,0,0,0,0,0,0,0,0,0,0,0,0,0,13,20,34,10,17,29,0,0,0,91,96,177
10602111423,core,0,0,0,0,0,0,0,0,0,0,0,0,0,0,0,67,64,132,5,0,5,0,0,0,0,0,0,0,0,0,0,0,0,0,0,0,74,71,140,0,0,0,0,0,0,0,0,0,0,0,0,0,0,0,0,0,0,0,0,0,0,0,0,0,0,0,0,0,0,0,0,0,0,0,0,0,0,0,0,0,0,0,0,0,0,0,0,0,0,0,0,0,0,0,0,0,12,21,34,15,17,32,0,0,0,104,103,209
10602111424,core,0,0,0,0,0,0,0,0,0,0,0,0,0,0,0,36,30,69,0,0,0,0,0,0,0,0,0,0,0,0,0,0,0,0,0,0,36,25,68,0,0,0,0,0,0,0,0,0,0,0,0,0,0,0,0,0,0,0,0,0,0,0,0,0,0,0,0,0,0,0,0,0,0,0,0,0,0,0,0,0,0,0,0,0,0,0,0,0,0,0,0,0,0,0,0,0,12,17,24,11,14,23,0,0,0,61,57,120
10602111425,core,0,0,0,0,0,0,0,0,0,0,0,0,0,0,0,113,93,201,8,3,12,3,0,3,0,0,0,0,0,0,0,0,0,0,0,0,122,98,219,0,0,0,0,0,0,0,0,0,0,0,0,0,0,0,0,0,0,0,0,0,0,0,0,0,0,0,0,0,0,0,0,0,0,0,0,0,0,0,4,0,4,4,0,4,0,0,0,0,0,0,0,0,0,0,0,0,24,38,60,22,34,58,0,0,0,171,166,336
10602111426,core,0,0,0,0,0,0,0,0,0,0,0,0,0,0,0,13,9,17,0,0,0,0,0,0,0,0,0,0,0,0,0,0,0,4,0,0,15,8,20,0,0,0,0,0,0,0,0,0,0,0,0,0,0,0,0,0,0,0,0,0,0,0,0,0,0,0,0,0,0,0,0,0,0,0,0,0,0,0,0,0,0,0,0,0,0,0,0,0,0,0,0,0,0,0,0,0,0,0,0,0,0,0,0,0,0,15,11,23
10602111601,core,0,0,0,0,0,0,0,0,0,0,0,0,0,0,0,82,59,140,0,5,7,0,0,0,0,0,0,0,0,0,0,0,0,0,0,0,83,70,149,0,0,0,0,0,0,0,0,0,0,0,0,0,0,0,0,0,0,0,0,0,0,0,0,0,0,0,0,0,0,0,0,0,0,0,0,0,0,0,0,0,0,0,0,0,0,0,0,0,0,0,0,0,0,0,0,0,23,32,51,21,20,41,0,0,0,124,123,245
10602111602,core,0,0,0,0,0,0,0,0,0,0,0,0,0,0,0,64,55,119,0,8,13,0,0,0,0,0,0,0,0,0,0,0,0,0,0,0,67,63,135,0,0,0,0,0,0,0,0,0,0,0,0,0,0,0,0,0,0,0,0,0,0,0,0,0,0,0,0,0,0,0,0,0,0,0,0,0,0,0,0,0,0,0,0,0,0,0,0,0,0,0,0,0,0,0,0,0,35,30,64,18,15,32,0,0,0,118,120,233
10602111603,core,0,0,0,0,0,0,0,0,0,0,0,0,0,0,0,33,26,62,3,0,4,3,0,3,0,0,0,0,0,0,0,0,0,3,0,5,38,28,71,0,0,0,0,0,0,0,0,0,0,0,0,0,0,0,0,0,0,0,0,0,0,0,0,0,0,0,0,0,0,0,0,0,0,0,0,0,0,0,0,0,3,0,0,3,0,0,0,0,0,0,0,0,0,0,0,0,14,15,31,12,12,24,0,0,0,67,58,126
10602111604,core,0,0,0,0,0,0,0,0,0,0,0,0,0,0,0,109,82,196,6,5,6,0,0,0,4,0,4,0,0,0,3,3,5,0,0,3,120,89,210,0,0,0,0,0,0,0,0,0,0,0,0,0,0,0,0,0,0,0,0,0,0,0,0,0,0,0,0,0,0,0,0,0,0,0,0,0,0,0,0,0,0,0,0,0,0,0,0,0,0,0,0,0,0,0,0,0,16,38,53,13,30,47,0,0,0,153,161,309
10602111605,core,0,0,0,0,0,0,0,0,0,0,0,0,0,0,0,70,65,139,3,3,6,5,0,5,0,0,0,0,0,6,0,0,0,0,0,0,80,73,156,0,0,0,0,0,0,0,0,0,0,0,0,0,0,0,0,0,0,0,0,0,0,0,0,0,0,0,0,0,0,0,0,0,0,0,0,0,0,0,0,0,0,0,0,0,0,0,0,0,0,0,0,0,0,0,0,0,29,28,53,11,23,33,0,0,0,116,126,248
10602111606,core,0,0,0,0,0,0,0,0,0,0,0,0,0,0,0,180,146,330,10,9,25,0,0,0,0,0,0,0,0,0,0,0,0,0,0,0,200,160,360,0,0,0,0,0,0,0,0,0,0,0,0,0,0,0,0,0,0,0,0,0,0,0,0,0,0,0,0,0,0,0,0,0,0,0,0,0,0,0,0,0,0,0,0,0,0,0,0,0,0,0,0,0,0,0,0,0,57,81,137,49,67,117,0,0,0,298,307,612
10602111607,core,0,0,0,0,0,0,0,0,0,0,0,0,0,0,0,33,27,51,0,0,0,0,0,0,0,0,0,0,0,0,0,0,0,0,4,3,29,33,66,0,0,0,0,0,0,0,0,0,0,0,0,0,0,0,0,0,0,0,0,0,0,0,0,0,0,0,0,0,0,0,0,0,0,0,0,0,0,0,0,0,0,0,0,0,0,0,0,0,0,0,0,0,0,0,0,0,12,9,21,6,7,18,3,0,3,47,52,100
10602111608,core,0,0,0,0,0,0,0,0,0,0,0,0,0,0,0,52,41,95,0,3,6,0,0,0,0,0,0,0,0,4,0,0,0,3,0,7,65,42,106,0,0,0,0,0,0,0,0,0,0,0,0,0,0,0,0,0,0,0,0,0,0,0,0,0,0,0,0,0,0,0,0,0,0,0,0,0,0,0,0,0,0,0,0,0,0,0,0,0,0,0,0,0,0,0,0,0,19,30,52,12,24,31,0,0,0,94,97,197
10602111609,core,0,0,0,0,0,0,0,0,0,0,0,0,0,0,0,56,43,98,0,3,0,0,0,0,0,0,0,0,0,0,0,0,0,0,0,4,65,50,111,0,0,0,0,0,0,0,0,0,0,0,0,0,0,0,0,0,0,0,0,0,0,0,0,0,0,0,0,0,0,0,0,0,0,0,0,0,0,0,0,0,0,0,0,0,0,0,0,0,0,0,0,0,0,0,0,0,10,22,32,12,20,30,0,0,0,83,86,175
10602111610,core,0,0,0,0,0,0,0,0,0,0,0,0,0,0,0,71,57,126,5,9,9,0,0,0,0,0,0,3,0,4,0,0,0,4,6,13,84,70,152,0,0,0,0,0,0,0,0,0,0,0,0,0,0,0,0,0,0,0,0,0,0,0,0,0,0,0,0,0,0,0,0,0,0,0,0,0,0,0,0,0,5,0,0,5,0,0,0,0,0,0,0,0,0,0,0,0,18,25,44,19,24,39,0,0,0,122,119,239
10602111611,core,0,0,0,0,0,0,0,0,0,0,0,0,0,0,0,37,31,69,0,4,3,3,0,3,0,0,0,0,0,0,0,0,0,0,0,0,45,32,77,0,0,0,0,0,0,0,0,0,0,0,0,0,0,0,0,0,0,0,0,0,0,0,0,0,0,0,0,0,0,0,0,0,0,0,0,0,0,0,0,0,0,0,0,0,0,0,0,0,0,0,0,0,0,0,0,0,8,14,18,0,11,13,0,0,0,52,58,109
10602111612,core,0,0,0,0,0,0,0,0,0,0,0,0,0,0,0,153,127,278,10,6,13,3,0,3,0,0,0,0,0,0,0,0,0,0,0,0,162,138,297,0,0,0,0,0,0,0,0,0,0,0,0,0,0,0,0,0,0,0,0,0,0,0,0,0,0,0,0,0,0,0,0,0,0,0,0,0,0,0,0,0,0,3,0,3,0,0,0,0,0,0,0,0,0,0,0,0,44,54,103,28,52,88,0,0,0,238,240,486
10602111613,core,0,0,0,0,0,0,0,0,0,0,0,0,0,0,0,126,86,208,3,3,9,0,0,0,0,0,0,0,0,0,0,0,0,0,3,3,136,96,224,0,0,0,0,0,0,0,0,0,0,0,0,0,0,0,0,0,0,0,0,0,0,0,0,0,0,0,0,0,0,0,0,0,0,0,0,0,0,0,0,0,0,0,0,0,0,0,0,0,0,0,0,0,0,0,0,0,31,46,68,18,38,55,0,0,0,181,173,354
10602111614,core,0,0,0,0,0,0,0,0,0,0,0,0,0,0,0,68,64,130,6,3,3,0,0,0,0,0,0,0,4,4,0,0,0,0,3,3,70,73,142,0,0,0,0,0,0,0,0,0,0,0,0,0,0,0,0,0,0,0,0,0,0,0,0,0,0,0,0,0,0,0,0,0,0,0,0,0,0,0,0,0,0,0,0,4,0,0,0,0,0,0,0,0,0,0,0,0,25,37,66,18,23,39,0,0,0,116,135,255
10602111615,core,0,0,0,0,4,4,0,0,0,0,0,0,0,0,0,79,61,144,6,4,10,4,0,4,0,0,0,0,0,0,4,0,0,0,0,5,94,69,165,0,0,0,0,0,0,0,0,0,0,0,0,0,0,0,0,0,0,0,0,0,0,0,0,0,0,0,0,0,0,0,0,0,0,0,0,0,0,0,0,0,0,0,0,0,0,0,0,0,0,0,0,0,0,0,0,0,30,32,57,17,18,37,0,0,0,141,118,260
10602111617,core,0,0,0,0,0,0,0,0,0,0,0,0,0,0,0,83,65,146,5,0,5,0,0,0,0,0,4,0,0,0,0,0,0,0,3,7,95,71,170,0,0,0,0,0,0,0,0,0,0,0,0,0,0,0,0,0,0,0,0,0,0,0,0,0,0,0,0,0,0,0,0,0,0,0,0,0,0,0,0,0,0,0,0,0,0,0,0,0,0,0,0,0,0,0,0,0,25,32,63,12,19,33,0,0,0,135,124,266
10602111618,core,0,0,0,0,0,0,0,0,0,0,0,0,0,0,0,66,50,122,3,7,10,0,0,0,0,0,0,0,0,0,0,0,0,0,0,0,82,57,139,0,0,0,0,0,0,0,0,0,0,0,0,0,0,0,0,0,0,0,0,0,0,0,0,0,0,0,0,0,0,0,0,0,0,0,0,0,0,0,0,0,0,0,0,0,0,0,0,0,0,0,0,0,0,0,0,0,18,35,54,15,27,45,0,0,0,114,122,239
10602161401,core,4,0,4,0,0,0,0,0,0,0,0,0,0,0,0,23,20,40,0,5,6,0,0,0,0,0,0,0,0,0,0,0,0,0,0,0,25,23,51,0,0,0,0,0,0,0,0,0,0,0,0,0,0,0,0,0,0,0,0,0,0,0,0,0,0,0,0,0,0,0,0,0,0,0,0,0,0,0,0,0,0,0,0,6,3,0,3,0,0,0,0,0,0,3,0,3,0,0,0,4,3,9,0,0,0,34,31,66
10602161402,core,0,0,0,0,0,0,0,0,0,0,0,0,0,0,0,63,40,101,3,7,14,0,0,0,0,0,0,0,0,0,0,0,0,0,0,0,70,42,114,0,0,0,0,0,0,0,0,0,0,0,0,0,0,0,0,0,0,0,0,0,0,0,0,0,0,0,0,0,0,0,0,0,0,0,0,0,0,0,0,0,0,0,0,0,0,0,0,0,0,0,0,0,0,0,0,0,17,25,45,14,13,28,0,0,0,100,82,188
10602161403,core,0,0,0,0,0,0,0,0,0,0,0,0,0,0,0,46,26,74,3,3,7,0,0,0,0,0,0,0,0,0,0,0,0,0,4,4,56,35,89,0,0,0,0,0,0,0,0,0,0,0,0,0,0,0,0,0,0,0,0,0,0,0,0,0,0,0,0,0,0,0,0,0,0,0,0,0,0,0,0,0,6,0,0,6,0,0,0,0,0,0,0,0,0,0,0,0,3,12,16,7,8,17,0,0,0,66,56,127
10602161404,core,0,0,0,0,0,0,0,0,0,0,0,0,0,0,0,37,18,54,4,0,6,0,0,0,0,0,0,0,0,0,0,0,0,0,0,0,37,25,63,0,0,0,0,0,0,0,0,0,0,0,0,0,0,0,0,0,0,0,0,0,0,0,0,0,0,0,0,0,0,0,0,0,0,0,0,0,0,0,0,0,0,0,0,0,0,0,0,0,0,0,0,0,0,0,0,0,7,16,18,9,5,14,0,0,0,56,40,90
10602161405,core,0,0,0,0,0,0,0,0,0,0,0,0,0,0,0,76,52,134,0,4,9,0,0,0,0,0,0,0,0,0,0,0,0,3,3,3,91,62,150,0,6,6,0,0,0,0,0,0,0,0,0,0,0,0,0,0,0,0,6,5,0,0,0,0,0,0,0,0,0,0,0,0,0,0,0,0,0,0,0,0,0,6,6,6,0,0,0,0,0,0,0,0,0,0,0,0,14,27,41,15,25,35,0,0,0,122,122,242
10602161406,core,0,0,0,0,0,0,0,0,0,0,0,0,0,0,0,101,72,172,10,0,12,0,0,0,0,0,0,0,0,0,0,0,0,0,0,0,111,76,191,0,0,0,0,0,0,0,0,0,0,0,0,0,0,0,0,3,3,0,0,0,0,0,0,0,0,0,0,0,0,0,0,0,0,0,0,0,0,0,0,0,0,0,0,4,0,0,0,0,0,0,0,0,0,0,0,0,20,48,63,16,29,45,0,0,0,149,152,301
10602161407,core,0,0,0,0,0,0,0,0,0,0,0,0,0,0,0,56,49,99,4,7,8,0,0,0,0,0,0,0,0,0,0,0,0,5,3,3,65,55,117,0,0,0,0,0,0,0,0,0,0,0,0,0,0,0,0,0,0,0,0,0,0,0,0,0,0,0,0,0,0,0,0,0,0,0,0,0,0,0,0,0,0,0,0,0,0,0,0,0,0,0,0,0,0,0,0,0,17,22,37,6,16,28,0,0,0,87,91,183
10602161408,core,0,0,0,0,0,0,0,0,0,0,0,0,0,0,0,89,68,155,5,4,8,5,0,5,3,0,3,0,0,0,0,0,0,0,0,4,104,75,172,0,0,0,0,0,0,0,0,0,0,0,0,0,0,0,0,0,0,0,0,0,0,0,0,0,0,0,0,0,0,0,0,0,0,0,0,0,0,0,0,0,0,0,0,0,0,0,0,0,0,0,0,0,0,0,0,0,21,24,45,19,32,46,0,0,0,136,128,269
10602161409,core,0,0,0,0,0,4,0,0,0,0,0,0,0,0,0,79,65,143,3,4,7,0,0,0,0,0,0,0,0,0,0,0,0,0,5,6,89,69,156,0,0,0,0,0,0,0,0,0,0,0,0,0,0,0,0,0,0,0,0,0,0,0,0,0,0,0,0,0,0,0,0,0,0,0,0,0,0,0,0,0,0,0,0,0,0,0,0,0,0,0,0,0,0,0,0,0,9,20,29,13,24,39,0,0,4,116,116,225
10602161410,core,0,0,0,0,0,0,0,0,0,0,0,0,0,0,0,68,57,125,8,7,12,3,0,3,0,0,0,0,0,0,0,0,0,0,5,5,78,63,147,0,0,0,0,0,0,0,0,0,0,0,0,0,0,0,0,0,0,3,0,3,0,0,0,0,0,0,0,0,0,0,0,0,0,0,0,0,0,0,0,0,0,3,0,3,0,0,0,0,0,0,0,0,0,0,0,0,7,16,23,11,18,29,0,0,0,100,95,200
10602161411,core,0,0,0,0,0,0,0,0,0,0,0,0,0,0,0,68,42,118,6,4,8,0,0,0,0,0,0,0,0,0,0,0,0,0,0,0,75,51,125,0,0,0,0,0,0,0,0,0,0,0,0,0,0,0,0,0,0,0,0,0,0,0,0,0,0,0,0,0,0,0,0,0,0,0,0,0,0,0,0,0,0,0,0,0,0,0,0,0,0,0,0,0,0,0,0,0,19,33,49,17,27,46,0,0,0,115,108,228
10602161412,core,0,0,0,0,0,0,0,0,0,0,0,0,0,0,0,77,51,127,0,5,6,5,0,5,0,0,0,0,0,0,0,0,0,0,0,0,81,58,138,0,0,0,0,0,0,0,0,0,0,0,0,0,0,0,0,0,0,0,0,0,0,0,0,0,0,0,0,0,0,0,0,0,0,0,0,0,0,0,0,0,0,0,0,0,0,0,0,0,0,0,0,0,0,0,0,0,11,36,54,17,16,30,0,0,0,113,113,224
10602161413,core,0,0,0,0,0,0,0,0,0,0,0,0,0,0,0,30,19,55,0,3,6,0,0,0,0,0,0,0,0,0,0,0,0,0,0,0,33,27,63,0,0,0,0,0,0,0,0,0,0,0,0,0,0,0,0,0,0,0,0,0,0,0,0,0,0,0,0,0,0,0,0,0,0,0,0,0,0,0,0,0,0,0,0,0,0,0,0,0,0,0,0,0,0,0,0,0,17,16,25,8,4,10,0,0,0,55,48,102
10602161414,core,0,0,0,0,0,0,0,0,0,0,0,0,0,0,0,49,44,92,6,3,10,0,0,0,0,0,0,0,0,0,0,0,0,4,0,3,57,54,107,0,0,0,0,0,0,0,0,0,0,0,0,0,0,0,0,0,0,0,0,0,0,0,0,0,0,0,0,0,0,0,0,0,0,0,0,0,0,0,0,0,0,0,0,0,0,0,0,0,0,0,0,0,0,0,0,0,12,22,35,7,9,18,0,0,0,83,81,164
10602161415,core,0,0,0,3,0,3,0,0,0,0,0,0,0,0,0,85,67,150,7,4,8,0,0,0,0,0,0,0,0,0,0,0,0,0,0,0,92,69,165,0,0,0,0,0,0,0,0,0,0,0,0,0,0,0,0,0,0,0,0,0,0,0,0,0,0,0,0,0,0,0,0,0,0,0,0,0,0,0,0,0,0,0,0,0,0,0,0,0,0,0,0,0,0,0,0,0,7,22,33,12,14,26,0,0,0,118,110,229
10602161416,core,0,0,0,0,0,0,0,0,0,0,0,0,0,0,0,46,37,73,3,0,3,0,0,0,0,0,0,0,0,0,0,0,0,0,4,4,50,34,84,0,0,0,0,0,0,0,0,0,0,0,0,0,0,0,0,0,0,0,0,0,0,0,0,0,0,0,0,0,0,0,0,0,0,0,0,0,0,0,0,0,0,0,0,0,0,0,0,0,0,0,0,0,0,0,0,0,7,14,25,6,10,17,0,0,0,69,58,125
10602161417,core,0,0,0,0,0,0,0,0,0,0,0,0,0,0,0,65,53,114,6,0,9,0,0,0,0,0,0,0,0,0,5,0,5,0,4,3,69,61,127,0,0,0,0,0,0,0,0,0,0,0,0,0,0,0,0,0,0,0,0,3,0,0,0,0,0,0,0,0,0,0,0,0,0,0,0,0,0,0,0,0,0,3,0,3,0,0,0,0,0,0,0,0,0,0,0,0,10,23,34,20,21,41,0,0,0,104,106,210
10602161418,core,0,0,0,0,0,0,0,0,0,0,0,0,0,0,0,63,58,119,0,0,3,0,0,0,0,0,0,0,0,0,0,0,0,0,0,0,72,59,132,0,0,0,0,0,0,0,0,0,0,0,0,0,0,0,0,0,0,0,0,0,0,0,0,0,0,0,0,0,0,0,0,0,0,0,0,0,0,0,3,0,3,3,0,3,0,0,0,0,0,0,0,0,0,0,0,0,17,29,51,19,28,43,0,0,0,110,120,228
10602161419,core,0,0,0,0,0,0,0,0,0,0,0,0,0,0,0,68,64,135,8,12,13,0,0,0,0,0,0,0,0,0,0,0,4,0,4,3,82,79,157,0,0,0,0,0,0,0,0,0,0,0,0,0,0,0,0,0,0,0,0,0,0,0,0,0,0,0,0,0,0,0,0,0,0,0,0,0,0,0,0,0,0,0,0,0,0,0,0,0,0,0,0,0,0,0,0,0,20,35,56,25,29,53,0,3,3,122,145,266
10602161420,core,0,0,0,0,0,0,0,0,0,0,0,0,0,0,0,65,45,112,0,4,3,0,0,0,0,0,0,0,0,0,0,0,0,0,0,0,66,48,115,0,0,0,0,0,0,0,0,0,0,0,0,0,0,0,0,0,0,0,0,0,0,0,0,0,0,0,0,0,0,0,0,0,0,0,0,0,0,0,0,0,0,0,0,0,0,0,0,0,0,0,0,0,0,0,0,0,19,24,38,14,20,31,0,0,0,99,93,194
10602161421,core,0,0,0,0,0,0,0,0,0,0,0,0,0,0,0,59,30,86,0,4,8,0,0,0,0,0,0,0,0,0,0,0,0,0,0,0,59,35,96,0,0,0,0,0,0,0,0,0,0,0,0,0,0,0,0,0,0,0,0,0,0,0,0,0,0,0,0,0,0,0,0,0,0,0,0,0,0,0,0,0,0,0,0,0,0,0,0,0,0,0,0,0,0,0,0,0,13,22,36,15,11,31,0,0,0,91,71,157
10602161422,core,0,0,0,0,0,0,0,0,0,0,0,0,0,0,0,0,0,0,0,0,0,0,0,0,0,0,0,0,0,0,0,0,0,0,0,0,0,0,3,0,0,0,0,0,0,0,0,0,0,0,0,0,0,0,0,0,0,0,0,0,0,0,0,0,0,0,0,0,0,0,0,0,0,0,0,0,0,0,0,0,0,0,0,0,0,0,0,0,0,0,0,0,0,0,0,0,0,0,3,0,0,0,0,0,0,4,0,7
10602161423,core,0,0,0,0,0,0,0,0,0,0,0,0,0,0,0,41,50,94,0,7,10,0,0,0,0,0,0,0,0,0,0,0,0,0,0,0,49,51,102,0,0,0,0,0,0,0,0,0,0,0,0,0,0,0,0,0,0,0,0,0,0,0,0,0,0,0,0,0,0,0,0,0,0,0,0,0,0,0,0,0,0,0,0,0,0,0,0,0,0,0,0,0,0,0,0,0,5,13,22,9,10,21,0,0,0,66,83,145
10602161424,core,0,0,0,0,0,0,0,0,0,0,0,0,0,0,0,5,3,11,0,3,3,0,0,0,0,0,0,0,0,0,0,0,0,0,0,0,5,5,13,0,0,0,0,0,0,0,0,0,0,0,0,0,0,0,0,0,0,0,0,0,0,0,0,0,0,0,0,0,0,0,0,0,0,0,0,0,0,0,0,0,0,0,0,0,0,0,0,0,0,0,0,0,0,0,0,0,0,4,4,0,0,6,0,0,0,5,12,18
10602161425,core,0,0,0,0,0,0,0,0,0,0,0,0,0,0,0,56,34,87,0,0,3,3,0,3,0,0,0,0,0,0,0,0,0,0,0,4,59,35,94,0,0,0,0,0,0,0,0,0,0,0,0,0,0,0,0,0,0,0,0,0,0,0,0,0,0,0,0,0,0,0,0,0,0,0,0,0,0,0,0,0,0,0,0,0,0,0,0,0,0,0,0,0,0,0,0,0,9,16,20,9,13,15,0,0,0,69,62,134
10602161426,core,3,0,3,0,0,0,0,0,0,0,0,0,0,0,0,33,25,58,5,0,10,3,0,3,0,0,0,0,0,0,0,0,0,0,0,0,45,26,72,0,0,0,0,0,0,0,0,0,0,0,0,0,0,0,0,0,0,0,0,0,0,0,0,0,0,0,0,0,0,0,0,0,0,0,0,0,0,0,0,0,0,4,0,4,0,0,0,0,0,0,0,0,0,0,0,0,0,8,12,4,4,10,0,0,0,55,38,93
10602161427,core,0,0,0,0,0,0,0,0,0,0,0,0,0,0,0,95,96,186,6,9,10,3,0,3,0,0,0,3,0,3,0,0,0,0,0,0,102,103,204,0,0,0,0,0,0,0,0,0,0,0,0,0,0,0,0,0,0,0,0,0,0,0,0,0,0,0,0,0,0,0,0,0,0,0,0,0,0,0,0,0,0,0,0,0,0,0,0,0,0,0,0,0,0,0,0,0,16,19,36,14,32,50,0,0,0,130,160,289
10602161428,core,0,0,0,0,0,0,0,0,0,0,0,0,0,0,0,44,35,79,0,0,6,3,0,3,0,0,0,0,0,0,0,0,0,0,0,0,52,37,86,0,0,0,0,0,0,0,0,0,0,0,0,0,0,0,0,0,0,0,0,0,0,0,0,0,0,0,0,0,0,0,0,0,0,0,0,0,0,0,0,0,0,0,0,0,0,0,0,0,0,0,0,0,0,0,0,0,8,22,36,19,12,27,0,0,0,80,69,145
10602161429,core,0,0,0,0,0,0,0,0,0,0,0,0,0,0,0,108,74,176,6,4,7,0,0,0,0,0,0,0,0,0,0,0,3,0,0,0,117,82,198,0,0,0,0,0,0,0,0,0,0,0,0,0,0,0,0,0,0,0,0,0,0,0,0,0,0,0,0,0,0,0,0,0,0,0,0,0,0,0,0,0,0,0,0,0,0,0,0,0,0,0,0,0,0,0,0,0,22,36,53,27,35,53,0,0,0,163,147,312
10602161430,core,0,0,0,0,0,0,0,0,0,0,0,0,0,0,0,49,32,74,8,3,8,0,0,0,0,0,0,0,0,0,0,0,0,0,0,0,50,33,82,0,0,0,0,0,0,0,0,0,0,0,0,0,0,0,0,0,0,0,0,0,0,0,0,0,0,0,0,0,0,0,0,0,0,0,0,0,0,0,0,0,0,0,0,0,0,0,0,0,0,0,0,0,0,0,0,0,4,10,15,8,7,16,0,0,0,63,55,119
10602161431,core,0,0,0,0,0,0,0,0,0,0,0,0,0,0,0,56,33,85,5,6,10,0,0,0,0,0,0,0,0,0,0,0,0,0,3,5,59,35,93,0,0,0,0,0,0,0,0,0,0,0,0,0,0,0,0,0,0,0,0,0,0,0,0,0,0,0,0,0,0,0,0,0,0,0,0,0,0,0,0,0,0,0,0,0,0,0,0,0,0,0,0,0,0,0,0,0,17,20,33,9,15,21,0,0,0,75,73,155
10602161432,core,0,0,0,0,0,0,0,0,0,0,0,0,0,0,0,76,56,130,3,7,9,0,0,0,0,0,0,0,0,0,0,0,0,0,0,4,83,64,150,0,0,0,0,0,0,0,0,0,0,0,0,0,0,0,0,0,0,0,0,0,0,0,0,0,0,0,0,0,0,0,0,0,0,0,0,0,0,0,0,0,0,0,0,0,0,0,0,0,0,0,0,0,0,0,0,0,11,17,32,17,19,34,0,0,4,109,106,219
10602161433,core,0,0,0,0,0,0,0,0,0,0,0,0,0,0,0,78,81,157,6,0,4,0,0,0,0,0,0,0,0,0,0,0,0,0,0,0,87,80,164,0,0,0,0,0,0,0,0,0,0,0,0,0,0,0,0,0,0,0,0,0,0,0,0,0,0,0,0,0,0,0,0,0,0,0,0,0,0,0,0,0,0,0,0,0,0,0,0,0,0,0,0,0,0,0,0,0,13,11,23,9,22,33,0,0,0,104,119,221
10602161434,core,0,0,0,0,0,0,0,0,0,0,0,0,0,0,0,74,58,139,3,3,8,0,0,0,0,0,0,0,0,0,0,0,0,0,0,0,84,68,150,0,0,0,0,0,0,0,0,0,0,0,0,0,0,0,0,0,0,0,0,0,0,0,0,0,0,0,0,0,0,0,0,0,0,0,0,0,0,0,0,0,0,0,0,3,0,0,0,0,0,0,0,0,0,0,0,0,27,33,67,14,19,33,0,0,0,126,125,249
10602161435,core,0,0,0,0,0,0,0,0,0,0,0,0,0,0,0,57,48,106,0,5,6,0,0,0,0,0,0,0,0,3,0,0,0,0,4,4,63,58,119,0,0,0,0,0,0,0,0,0,0,0,0,0,0,0,0,0,0,0,0,0,0,0,0,0,0,0,0,0,0,0,0,0,0,0,0,0,0,0,0,0,0,0,0,0,0,0,0,0,0,0,0,0,0,0,0,0,12,10,18,9,17,23,0,0,0,88,84,168
10602161436,core,0,0,0,0,0,0,0,0,0,0,0,0,0,0,0,29,23,52,0,0,0,0,0,0,0,0,0,0,0,0,0,0,0,0,0,0,37,22,56,0,0,0,0,0,0,0,0,0,0,0,0,0,0,0,0,0,0,0,0,0,0,0,0,0,0,0,0,0,0,0,0,0,0,0,0,0,0,0,0,0,0,0,0,0,0,0,0,0,0,0,0,0,0,0,0,0,5,6,11,4,10,11,0,0,0,44,37,82
10602161437,core,0,0,0,0,0,0,0,0,0,0,0,0,0,0,0,40,21,62,0,0,4,0,0,0,0,0,0,0,0,0,0,0,0,0,0,0,42,23,63,0,0,0,0,0,0,0,0,0,0,0,0,0,0,0,0,0,0,0,0,0,0,0,0,0,0,0,0,0,0,0,0,0,0,0,0,0,0,0,0,0,0,0,0,0,0,0,0,0,0,0,0,0,0,0,0,0,13,13,25,5,16,13,0,0,0,57,53,101
10602161438,core,0,0,0,0,0,0,0,0,0,0,0,0,0,0,0,40,33,76,0,0,0,0,0,0,0,0,0,0,0,0,0,0,0,0,0,0,48,39,81,0,0,0,0,0,0,0,0,0,0,0,0,0,0,0,0,0,0,0,0,0,0,0,0,0,0,0,0,0,0,0,0,0,0,0,0,0,0,0,0,0,0,0,0,0,0,0,0,0,0,0,0,0,0,0,0,0,9,7,15,5,12,20,3,0,3,57,56,118
10602161439,core,0,0,0,0,0,0,0,0,0,0,0,0,0,0,0,75,48,122,3,8,14,0,0,0,0,0,0,0,0,0,0,0,6,4,0,4,86,59,147,0,0,0,0,0,0,0,0,0,0,0,0,0,0,0,0,0,0,0,0,0,0,0,0,0,0,0,0,0,0,0,0,0,0,0,0,0,0,0,0,0,0,0,0,3,0,0,0,0,0,0,0,0,0,0,0,0,9,29,43,16,22,33,0,0,0,118,111,228
10602161440,core,0,0,0,0,0,0,0,0,0,0,0,0,0,0,0,23,15,38,0,0,0,0,0,0,0,0,0,0,0,0,0,0,0,0,0,4,24,19,41,0,0,0,0,0,0,0,0,0,0,0,0,0,0,0,0,0,0,0,0,0,0,0,0,0,0,0,0,0,0,0,0,0,0,0,0,0,0,0,0,0,0,0,0,0,0,0,0,0,0,0,0,0,0,0,0,0,7,9,14,0,0,4,0,0,0,33,29,59
10602161441,core,0,0,0,0,0,0,0,0,0,0,0,0,0,0,0,67,37,105,3,3,10,0,0,0,0,0,0,0,0,0,0,3,3,0,5,5,76,48,121,0,0,0,0,0,0,0,0,0,0,0,0,0,0,0,0,0,0,0,0,0,0,0,0,0,0,0,0,0,0,0,0,0,0,0,0,0,0,0,0,0,0,0,0,0,0,0,0,0,0,0,0,0,0,0,0,0,11,15,20,9,29,34,0,0,0,96,88,180
10602161442,core,0,0,0,0,0,0,0,0,0,0,0,0,0,0,0,42,40,79,0,6,8,0,0,0,0,0,0,0,0,0,0,0,4,0,5,5,43,49,94,0,0,0,0,0,0,0,0,0,0,0,0,0,0,0,0,0,0,0,0,0,0,0,0,0,0,0,0,0,0,0,0,0,0,0,0,0,0,0,0,0,0,0,0,0,0,0,0,0,0,0,0,0,0,0,0,0,8,7,14,12,20,27,0,0,0,62,74,140
10602161443,core,0,0,0,0,0,0,0,0,0,0,0,0,0,0,0,42,34,76,0,5,4,0,0,0,0,0,0,0,0,0,0,4,5,0,0,0,44,40,84,0,0,0,0,0,0,0,0,0,0,0,0,0,0,0,0,0,0,0,0,0,0,0,0,0,0,0,0,0,0,0,0,0,0,0,0,0,0,0,0,0,4,0,0,4,0,0,0,0,0,0,0,0,0,0,0,0,8,15,23,8,8,18,0,0,0,62,63,131
10602161444,core,0,0,0,0,0,0,0,0,0,0,0,0,0,0,0,51,35,87,0,0,4,0,0,0,0,0,0,0,0,0,0,0,0,0,0,0,57,36,92,0,0,0,0,0,0,0,0,0,0,0,0,0,0,0,0,0,0,0,0,0,0,0,0,0,0,0,0,0,0,0,0,0,0,0,0,0,0,0,0,0,0,0,0,0,0,0,0,0,0,0,0,0,0,0,0,0,17,18,41,14,12,22,0,0,0,78,67,148
10602161445,core,0,0,0,0,0,0,0,0,0,0,0,0,0,0,0,85,50,134,4,0,4,0,0,0,0,0,0,0,0,0,0,0,0,0,0,0,88,50,141,0,0,0,0,0,0,0,0,0,0,0,0,0,0,0,0,0,0,0,0,0,0,0,0,0,0,0,0,0,0,0,0,0,0,0,0,0,0,0,0,0,0,0,0,0,0,0,0,0,0,0,0,0,0,0,0,0,11,18,27,17,19,35,0,0,0,122,82,206
10602161446,core,0,0,0,0,0,0,0,0,0,0,0,0,0,0,0,69,45,112,3,3,4,0,0,0,0,0,0,0,0,0,0,0,0,0,0,0,67,48,115,0,0,0,0,0,0,0,0,0,0,0,0,0,0,0,0,0,0,0,0,0,0,0,0,0,0,0,0,0,0,0,0,0,0,0,0,0,0,0,0,3,3,0,3,3,0,0,0,0,0,0,0,0,0,0,0,0,21,22,48,17,25,36,0,0,0,108,92,202
10602161447,core,0,0,0,0,0,0,0,0,0,0,0,0,0,0,0,51,39,95,0,6,3,0,0,0,0,0,0,0,0,0,0,0,0,3,0,3,56,39,99,0,0,0,0,0,0,0,0,0,0,0,0,0,0,0,0,0,0,0,0,0,0,0,0,0,0,0,0,0,0,0,0,0,0,0,0,0,0,0,0,0,0,0,0,0,0,0,0,0,0,0,0,0,0,0,0,0,14,18,34,17,12,30,0,0,0,89,76,170
10602161448,core,0,0,0,0,0,0,0,0,0,0,0,0,0,0,0,72,56,122,0,5,10,0,0,0,0,0,0,0,0,0,0,0,0,0,0,0,68,60,128,0,0,0,0,0,0,0,0,0,0,0,0,0,0,0,0,0,0,0,0,0,0,0,0,0,0,0,0,0,0,0,0,0,0,0,0,0,0,0,0,0,3,5,0,5,0,0,0,0,0,0,0,0,0,0,0,0,23,18,45,17,23,42,0,0,0,116,104,219
10602161449,core,0,5,5,0,0,0,0,0,0,0,0,0,0,0,0,105,65,166,5,5,14,4,0,4,0,0,0,0,0,0,0,0,0,5,6,4,115,79,195,0,0,0,0,0,0,0,0,0,0,0,0,0,0,0,0,0,0,0,0,0,0,0,0,0,0,0,0,0,0,0,0,0,0,0,0,0,0,0,0,0,0,0,0,0,0,0,0,0,0,0,0,0,0,0,0,0,8,12,26,17,15,39,0,0,5,150,109,262
10602161501,core,0,0,0,0,5,5,0,0,0,0,0,0,0,0,0,80,71,153,7,13,20,0,0,0,0,0,0,0,0,0,0,0,0,0,0,0,88,82,171,0,0,0,0,0,0,0,0,0,0,0,0,0,0,0,0,0,0,0,0,0,0,0,0,0,0,0,0,0,0,0,0,0,0,0,0,0,0,0,0,0,4,0,0,4,0,0,0,0,0,0,0,0,0,0,0,0,21,36,54,17,29,42,0,0,0,125,149,277
10602161502,core,0,0,0,0,0,0,0,0,0,0,0,0,0,0,0,25,15,41,0,4,3,0,0,0,0,0,0,0,0,0,0,0,0,0,0,0,25,16,48,0,0,0,0,0,0,0,0,0,0,0,0,0,0,0,0,0,0,0,0,0,0,0,0,0,0,0,0,0,0,0,0,0,0,0,0,0,0,0,0,0,0,0,0,0,0,0,0,0,0,0,0,0,0,0,0,0,9,20,31,7,5,17,0,0,0,46,42,91
10602161503,core,0,0,0,0,0,0,0,0,0,0,0,0,0,0,0,86,61,141,0,6,9,0,0,0,0,0,0,0,0,0,0,0,3,0,0,0,85,68,151,0,0,0,0,0,0,0,0,0,0,0,0,0,0,0,0,0,0,0,0,0,0,0,0,0,0,0,0,0,0,0,0,0,0,0,0,0,0,0,5,0,5,4,0,4,0,0,0,0,0,0,0,0,0,0,0,0,8,19,28,16,31,44,0,0,0,114,120,232
10602161504,core,4,0,4,0,0,0,0,0,0,0,0,0,0,0,0,79,52,132,3,3,7,0,0,0,4,0,4,0,0,0,0,0,0,0,0,5,94,65,153,0,0,0,0,0,0,0,0,0,0,0,0,0,0,0,0,0,0,0,0,0,0,0,0,0,0,0,0,0,0,0,0,0,0,0,0,0,0,0,0,0,0,0,0,0,0,0,0,0,0,0,0,0,0,0,0,0,5,9,17,16,22,35,0,0,5,116,91,205
10602161505,core,0,0,0,0,0,0,0,0,0,0,0,0,0,0,0,33,18,48,0,0,0,0,0,0,0,0,0,0,0,0,0,0,0,0,0,0,33,21,55,0,0,0,0,0,0,0,0,0,0,0,0,0,0,0,0,0,0,0,0,0,0,0,0,0,0,0,0,0,0,0,0,0,0,0,0,0,0,0,0,0,0,0,0,0,0,0,0,0,0,0,0,0,0,0,0,0,0,7,8,6,8,18,0,0,0,44,39,85
10602161506,core,0,0,0,0,0,0,0,0,0,0,0,0,0,0,0,139,99,244,4,9,13,9,0,9,0,0,0,0,0,0,0,0,0,0,0,0,153,111,261,0,0,0,0,0,0,0,0,0,0,0,0,0,0,0,0,0,0,0,0,0,0,0,0,0,0,0,0,0,0,0,0,0,0,0,0,0,0,0,3,0,3,5,0,5,0,0,0,0,0,0,0,0,0,0,0,0,40,66,105,37,41,75,0,0,0,235,215,448
10602161507,core,0,0,0,0,0,0,0,0,0,0,0,0,0,0,0,130,105,232,11,6,17,3,0,3,0,0,0,0,0,0,5,0,5,3,4,8,148,120,269,0,0,0,0,0,0,0,0,0,0,0,0,0,0,0,0,0,0,0,0,0,0,0,0,0,0,0,0,0,0,0,0,0,0,0,0,0,0,0,0,3,3,0,3,3,0,0,0,0,0,0,0,0,0,0,0,0,32,44,78,26,39,62,0,4,0,211,204,420
10602161508,core,0,0,0,0,0,0,0,0,0,0,0,0,0,0,0,68,52,122,0,0,0,0,0,0,0,0,0,0,0,0,0,0,0,0,3,0,76,56,128,0,0,0,0,0,0,0,0,0,0,0,0,0,0,0,0,0,0,0,0,0,0,0,0,0,0,0,0,0,0,0,0,0,0,0,0,0,0,0,0,0,4,0,0,4,0,0,0,0,0,0,0,0,0,0,0,0,4,12,14,14,16,32,0,0,0,95,85,181
10602161509,core,0,0,0,0,0,0,0,0,0,0,0,0,0,0,3,73,62,131,3,5,9,0,0,0,0,0,0,0,0,0,0,0,0,0,0,0,78,72,145,0,0,0,0,0,0,0,0,0,0,0,0,0,0,0,0,0,0,0,0,0,0,0,0,0,0,0,0,0,0,0,0,0,0,0,0,0,0,0,0,0,0,0,0,0,0,0,0,0,0,0,0,0,0,0,0,0,5,4,6,18,20,35,0,0,0,96,94,189
10602161510,core,0,0,0,0,0,0,0,0,0,0,0,0,0,0,0,82,61,143,5,6,9,0,0,0,0,0,0,0,0,0,0,0,0,3,0,5,92,71,162,0,0,0,0,0,0,0,0,0,0,0,0,0,0,0,0,0,0,0,0,0,0,0,0,0,0,0,0,0,0,0,0,0,0,0,0,0,0,0,0,0,3,0,0,4,0,0,0,0,0,0,0,0,0,0,0,0,4,14,14,16,15,33,0,0,0,113,105,216
10602161511,core,0,0,0,0,0,0,0,0,0,0,0,0,0,0,0,79,48,122,0,9,8,0,0,0,0,0,0,0,0,0,4,0,3,0,0,0,83,54,135,0,0,0,0,0,0,0,0,0,0,0,0,0,0,0,0,0,0,0,0,0,0,0,0,0,0,0,0,0,0,0,0,0,0,0,0,0,0,0,0,0,0,0,0,0,0,0,0,0,0,0,0,0,0,0,0,0,4,21,23,13,20,36,0,0,0,103,97,203
10602161512,core,0,0,0,0,0,0,0,0,0,0,0,0,0,0,0,90,68,157,3,5,9,0,0,0,0,0,0,0,0,0,0,0,0,0,0,0,94,71,168,0,0,0,0,0,0,0,0,0,0,0,0,0,0,0,0,0,0,0,0,0,0,0,0,0,0,0,0,0,0,0,0,0,0,0,0,0,0,0,0,0,0,0,0,6,0,0,0,0,0,0,0,0,0,0,0,0,7,14,24,11,20,35,0,0,0,118,113,228
10602161513,core,0,0,0,0,0,0,0,0,0,0,0,0,0,0,0,86,62,150,4,9,12,0,0,0,0,0,0,0,0,0,0,0,0,0,0,0,96,71,163,0,0,0,0,0,0,0,0,0,0,0,0,0,0,0,0,0,0,0,0,0,0,0,0,0,0,0,0,0,0,0,0,0,0,0,0,0,0,0,0,0,0,0,0,0,0,0,0,0,0,0,0,0,0,0,0,0,17,19,39,13,37,54,0,0,0,130,126,259
10602161514,core,0,0,0,0,0,0,0,0,0,0,0,0,0,0,0,50,42,97,0,3,4,0,0,0,0,0,0,0,0,0,0,0,0,4,5,8,58,48,105,0,0,0,0,0,0,0,0,0,0,0,0,0,0,0,0,0,0,0,0,0,0,0,0,0,0,0,0,0,0,0,0,0,0,0,0,0,0,0,0,0,0,0,0,0,0,0,0,0,0,0,0,0,0,0,0,0,19,20,42,8,19,26,0,0,0,82,89,175
10602161515,core,0,0,0,0,0,0,0,0,0,0,0,0,0,0,0,48,27,78,0,0,0,0,0,0,0,0,0,0,0,0,0,0,0,3,6,8,47,39,85,0,0,0,0,0,0,0,0,0,0,0,0,0,0,0,0,0,0,0,0,0,0,0,0,0,0,0,0,0,0,0,0,0,0,0,0,0,0,0,0,0,0,0,0,0,0,0,0,0,0,0,0,0,0,0,0,0,4,6,6,0,9,9,0,0,0,61,47,102
10602161516,core,0,0,0,0,0,0,0,0,0,0,0,0,0,0,0,94,50,147,9,0,12,0,0,0,0,0,0,0,0,0,0,0,0,0,8,9,104,63,165,0,0,0,0,0,0,0,0,0,0,0,0,0,0,0,0,0,0,0,0,0,0,0,0,0,0,0,0,0,0,0,0,0,0,0,0,0,0,0,0,0,0,0,0,0,0,0,0,0,0,0,0,0,0,0,0,0,14,24,34,13,26,36,6,0,6,130,114,239
10602161517,core,0,0,0,0,0,0,0,0,0,0,0,0,0,0,0,100,72,165,11,7,18,0,0,0,0,0,0,0,0,0,0,0,0,0,0,3,110,76,183,0,0,0,0,0,0,0,0,0,0,0,0,0,0,0,0,0,0,0,0,0,0,0,0,0,0,0,0,0,0,0,0,0,0,0,0,0,0,0,0,0,0,0,0,0,0,0,0,0,0,0,0,0,0,0,0,0,11,31,38,19,31,48,0,0,0,138,137,277
10602161518,core,0,0,0,0,0,0,0,0,0,0,0,0,0,0,0,80,76,153,5,0,4,0,0,0,3,0,3,0,0,0,0,0,0,0,0,0,86,74,171,0,0,0,0,0,0,0,0,0,0,0,0,0,0,0,0,0,0,0,0,0,0,0,0,0,0,0,0,0,0,0,0,0,0,0,0,0,0,0,0,0,0,5,0,5,0,0,0,0,0,0,0,0,0,0,0,0,20,21,40,12,26,40,0,0,0,123,128,248
10602161519,core,0,0,0,0,0,0,0,0,0,0,0,0,0,0,0,127,92,215,9,13,24,0,0,0,3,0,3,0,0,0,0,0,0,0,0,3,136,110,247,0,0,0,0,0,0,0,0,0,0,0,0,0,0,0,0,0,0,0,0,0,0,0,0,0,0,0,0,0,0,0,0,0,0,0,0,0,0,0,0,0,4,0,0,4,0,0,0,0,0,0,0,0,0,0,0,0,10,29,43,27,26,50,0,0,0,181,168,345
10602161520,core,0,0,0,0,0,0,0,0,0,0,0,0,0,0,0,82,64,146,8,3,8,6,0,6,0,0,0,0,0,0,0,0,0,0,0,0,87,66,161,0,0,0,0,0,0,0,0,0,0,0,0,0,0,0,0,0,0,0,0,0,0,0,0,0,0,0,0,0,0,0,0,0,0,0,0,0,0,0,0,0,0,0,0,0,0,0,0,0,0,0,0,0,0,0,0,0,20,27,51,22,20,38,0,0,0,126,122,251
10602161521,core,0,0,0,0,0,0,0,0,0,0,0,0,0,0,0,56,49,106,6,8,14,0,0,0,0,0,0,0,0,0,0,0,0,0,0,0,67,57,124,0,0,0,0,0,0,0,0,0,0,0,0,0,0,0,0,0,0,0,0,0,0,0,0,0,0,0,0,0,0,0,0,0,0,0,0,0,0,0,4,0,0,4,3,3,0,0,0,0,0,0,0,0,0,0,0,0,15,18,31,12,18,28,3,0,3,89,91,181
10602161522,core,0,0,0,0,0,0,0,0,0,0,0,0,0,0,0,123,78,197,0,10,9,4,0,4,0,0,0,0,0,0,0,0,0,0,0,0,129,87,217,0,0,0,0,0,0,0,0,0,0,0,0,0,0,0,0,0,0,0,0,0,0,0,0,0,0,0,0,0,0,0,0,0,0,0,0,0,0,0,3,0,4,3,0,4,0,0,0,0,0,0,0,0,0,0,0,0,7,28,40,21,22,40,0,0,0,159,142,304
10602161523,core,0,0,0,0,0,0,0,0,0,0,0,0,0,0,0,63,51,118,6,3,8,0,0,0,0,0,0,0,0,0,0,0,0,0,0,0,75,53,127,0,0,0,0,0,0,0,0,0,0,0,0,0,0,0,0,0,0,0,0,0,0,0,0,0,0,0,0,0,0,0,0,0,0,0,0,0,0,0,0,0,0,0,0,0,0,0,0,0,0,0,0,0,0,0,0,0,7,13,18,16,18,32,0,0,0,96,82,178
10602161524,core,0,0,0,0,0,0,0,0,0,0,0,0,0,0,0,52,33,89,0,0,0,0,0,0,0,0,0,0,0,0,0,0,0,0,0,0,56,37,94,0,0,0,0,0,0,0,0,0,0,0,0,0,0,0,0,0,0,0,0,0,0,0,0,0,0,0,0,0,0,0,0,0,0,0,0,0,0,0,0,0,0,0,0,0,0,0,0,0,0,0,0,0,0,0,0,0,0,16,16,11,20,31,0,0,0,63,71,136
10602161525,core,4,0,4,0,0,0,0,0,0,0,0,0,0,0,0,54,59,115,4,9,9,0,0,0,5,0,5,0,0,0,0,0,0,3,0,4,70,69,140,0,0,0,0,0,0,0,0,0,0,0,0,0,0,0,0,0,0,0,0,0,0,0,0,0,0,0,0,0,0,0,0,0,0,0,0,0,0,0,3,0,0,3,3,9,0,0,0,0,0,0,0,0,0,0,0,0,4,10,16,7,14,29,0,0,0,88,98,187
10602161526,core,0,0,0,0,0,0,0,0,0,0,0,0,0,0,0,61,49,105,5,0,0,0,0,3,0,0,0,0,0,0,0,0,0,0,0,0,63,52,116,0,0,0,0,0,0,0,0,0,0,0,0,0,0,0,0,0,0,0,0,0,0,0,0,0,0,0,0,0,0,0,0,0,0,0,0,0,0,0,4,0,5,4,0,5,0,0,0,0,0,0,0,0,0,0,0,0,11,12,23,16,17,32,0,0,0,88,82,174
10602161527,core,0,0,0,0,0,0,0,0,0,0,0,0,0,0,0,90,64,158,7,10,20,4,0,4,0,0,0,0,0,0,0,0,0,0,0,0,101,75,182,0,0,0,0,0,0,0,0,0,0,0,0,0,0,0,0,0,0,0,0,0,0,0,0,0,0,0,0,0,0,0,0,0,0,0,0,0,0,0,0,0,0,0,0,0,0,0,0,0,0,0,0,0,0,0,0,0,8,20,30,27,29,51,0,0,4,141,130,265
10602161528,core,0,0,4,0,0,0,0,0,0,0,0,0,0,0,4,86,66,152,4,6,8,0,0,0,0,0,0,0,0,0,0,0,0,0,0,0,96,76,166,0,0,0,0,0,0,0,0,0,0,0,0,0,0,0,0,0,0,0,0,3,0,0,0,0,0,0,0,0,0,0,0,0,0,0,0,0,0,0,0,0,0,0,0,3,0,0,0,0,0,0,0,0,0,0,0,0,10,24,37,13,22,31,0,0,0,119,120,236
10602161529,core,0,0,0,0,0,0,0,0,0,0,0,0,0,0,0,12,12,26,0,0,0,0,0,0,0,0,0,0,0,0,0,0,0,0,0,0,13,12,30,0,0,0,0,0,0,0,0,0,0,0,0,0,0,0,0,0,0,0,0,0,0,0,0,0,0,0,0,0,0,0,0,0,0,0,0,0,0,0,0,0,0,0,0,0,0,0,0,0,0,0,0,0,0,0,0,0,3,7,8,0,11,5,0,0,0,23,25,47
10602161530,core,0,0,0,0,0,0,0,0,0,0,0,0,0,0,0,58,39,94,0,0,3,0,0,0,0,0,0,0,0,0,0,0,3,0,0,0,64,44,107,0,0,0,0,0,0,0,0,0,0,0,0,0,0,0,0,0,0,0,0,0,0,0,0,0,0,0,0,0,0,0,0,0,0,0,0,0,0,0,0,0,0,0,0,5,0,0,0,0,0,0,0,0,0,0,0,0,4,20,25,9,12,27,0,0,0,82,79,160
10602161531,core,0,0,0,0,0,0,0,0,0,0,0,0,0,0,0,33,24,57,0,0,0,0,0,0,0,0,0,0,0,0,0,0,0,0,0,0,37,29,57,0,0,0,0,0,0,0,0,0,0,0,0,0,0,0,0,0,0,0,0,0,0,0,0,0,0,0,0,0,0,0,0,0,0,0,0,0,0,0,0,0,0,0,0,0,0,0,0,0,0,0,0,0,0,0,0,0,7,11,24,3,9,8,0,0,3,49,44,94
10602161532,core,0,0,0,0,0,0,0,0,0,0,0,0,0,0,0,94,72,163,5,5,14,0,0,0,0,0,0,0,0,0,0,0,0,0,0,0,99,81,181,0,0,0,0,0,0,0,0,0,0,0,0,0,0,0,0,0,0,0,0,0,0,0,0,0,0,0,0,0,0,0,0,0,0,0,0,0,0,0,0,0,0,0,0,0,4,0,0,0,0,0,0,0,0,4,0,0,15,31,45,12,25,41,0,0,0,129,141,276
10602161533,core,0,0,0,0,0,0,0,0,0,0,0,0,0,0,0,62,40,107,0,5,8,4,0,4,0,0,0,0,0,0,0,0,0,4,0,0,72,46,121,0,0,0,0,0,0,0,0,0,0,0,0,0,0,0,0,0,0,0,0,0,0,0,0,0,0,0,0,0,0,0,0,0,0,0,0,0,0,0,0,0,0,0,0,0,0,0,0,0,0,0,0,0,0,0,0,0,17,33,48,6,12,18,0,0,0,100,90,194
10602161534,core,0,0,0,0,0,0,0,0,0,0,0,0,0,0,0,108,91,197,0,4,5,5,0,5,6,0,6,4,0,4,0,0,0,0,0,0,118,97,217,0,0,0,0,0,0,0,0,0,0,0,0,0,0,0,0,0,0,0,0,0,0,0,0,0,0,0,0,0,0,0,0,0,0,0,0,0,0,0,0,0,0,0,0,0,0,0,0,0,0,0,0,0,0,0,0,0,14,33,43,16,30,47,0,0,0,153,165,318
10602161535,core,0,0,0,0,0,0,0,0,0,0,0,0,0,0,0,60,44,107,9,0,6,0,0,0,0,0,0,0,0,0,0,0,0,0,0,0,67,50,116,0,0,0,0,0,0,0,0,0,0,0,0,0,0,0,0,0,0,0,0,0,0,0,0,0,0,0,0,0,0,0,0,0,0,0,0,0,0,0,0,0,0,0,0,0,0,0,0,0,0,0,0,0,0,0,0,0,16,31,50,17,20,35,0,0,0,99,97,200
10602161536,core,0,0,0,0,0,0,0,0,0,0,0,0,0,0,0,69,59,132,5,5,10,0,0,0,0,0,0,0,0,0,0,0,0,0,0,0,77,67,142,0,0,0,0,0,0,0,0,0,0,0,0,0,0,0,0,0,0,0,0,0,0,0,0,0,0,0,0,0,0,0,0,0,0,0,0,0,0,0,0,0,0,0,0,0,0,0,0,0,0,0,0,0,0,0,0,0,15,25,35,16,13,34,0,3,3,107,109,223
10602161537,core,0,0,0,0,0,0,0,0,0,0,0,0,0,0,0,51,50,104,3,0,8,0,0,0,0,0,0,0,0,0,0,0,0,0,4,4,50,55,113,0,0,0,0,0,0,0,0,0,0,0,0,0,0,0,0,0,0,0,0,0,0,0,0,0,0,0,0,0,0,0,0,0,0,0,0,0,0,0,0,0,0,0,0,0,0,0,0,0,0,0,0,0,0,0,0,0,7,8,14,11,10,29,0,0,0,68,80,151
10602161538,core,0,0,0,0,0,0,0,0,0,0,0,0,0,0,0,53,34,91,0,3,5,3,0,3,0,0,0,0,0,0,0,0,0,0,0,0,65,39,102,0,0,0,0,0,0,0,0,0,0,0,0,0,0,0,0,0,0,0,0,0,0,0,0,0,0,0,0,0,0,0,0,0,0,0,0,0,0,0,0,0,0,0,0,4,0,0,0,0,0,0,0,0,0,0,0,0,6,12,18,3,13,26,0,0,0,73,68,141
10602161539,core,0,0,0,0,0,0,0,0,0,0,0,0,0,0,0,69,49,117,5,0,4,4,0,4,0,0,0,0,0,0,0,0,0,0,0,0,78,54,129,0,0,0,0,0,0,0,0,0,0,0,0,0,0,0,0,0,0,4,0,4,0,0,0,0,0,0,0,0,0,0,0,0,0,0,0,0,0,0,0,0,0,4,0,4,0,0,0,0,0,0,0,0,0,0,0,0,6,21,28,7,26,30,0,0,0,99,95,190
10602161601,core,0,0,0,0,0,0,0,0,0,0,0,0,0,0,0,49,44,98,8,0,10,0,0,0,0,0,0,0,0,0,0,0,0,3,0,0,57,48,110,0,0,0,0,0,0,0,0,0,0,0,0,0,0,0,0,0,0,0,0,0,0,0,0,0,0,0,0,0,0,0,0,0,0,0,0,0,0,0,0,0,0,0,0,0,0,0,0,0,0,0,0,0,0,0,0,0,12,14,28,3,20,22,0,0,0,78,81,158
10602161602,core,0,0,0,0,0,0,0,0,0,0,0,0,0,0,0,31,31,63,0,0,0,0,0,0,0,0,0,0,0,0,0,0,0,0,0,0,35,32,69,0,0,0,0,0,0,0,0,0,0,0,0,0,0,0,0,0,0,0,0,0,0,0,0,0,0,0,0,0,0,0,0,0,0,0,0,0,0,0,0,0,0,0,0,0,0,0,0,0,0,0,0,0,0,0,0,0,5,10,18,9,5,11,0,0,0,53,45,98
10602161603,core,0,0,0,0,0,0,0,0,0,0,0,0,0,0,0,55,40,94,0,3,3,0,0,0,0,0,0,0,0,0,0,0,0,0,0,0,55,46,106,0,0,0,0,0,0,0,0,0,0,0,0,0,0,0,0,0,0,0,0,0,0,0,0,0,0,0,0,0,0,0,0,0,0,0,0,0,0,0,0,3,3,0,3,3,0,0,0,0,0,0,0,0,0,0,0,0,4,14,20,9,15,29,0,0,0,71,80,150
10602161604,core,0,0,0,0,0,4,0,0,0,0,0,0,0,0,0,31,24,50,3,6,10,0,0,0,0,0,0,0,0,0,0,0,0,3,0,4,42,28,66,0,0,0,0,0,0,0,0,0,0,0,0,0,0,0,0,0,0,0,0,0,0,0,0,0,0,0,0,0,0,0,0,0,0,0,0,0,0,0,0,0,4,0,0,3,0,0,0,0,0,0,0,0,0,0,0,0,4,9,8,4,6,6,3,0,5,52,36,87
10602161605,core,0,0,0,0,3,6,0,0,0,0,0,0,0,0,0,52,36,85,8,3,12,0,0,0,0,0,0,0,0,0,0,0,0,3,0,0,62,46,109,0,0,0,0,0,0,0,0,0,0,0,0,0,0,0,0,0,0,0,0,0,0,0,0,0,0,0,0,0,0,0,0,0,0,0,0,0,0,0,0,0,0,0,0,0,0,0,0,0,0,0,0,0,0,0,0,0,3,16,25,15,12,27,0,0,0,82,78,159
10602161606,core,0,0,0,0,0,0,0,0,0,0,0,0,0,0,0,49,30,85,4,4,6,3,0,3,0,0,0,0,0,0,0,0,0,0,0,3,58,39,97,0,0,0,0,0,0,0,0,0,0,0,0,0,0,0,0,0,0,0,0,0,0,0,0,0,0,0,0,0,0,0,0,0,0,0,0,0,0,0,0,0,0,0,0,0,0,0,0,0,0,0,0,0,0,0,0,0,0,5,9,6,8,12,0,0,0,68,59,125
10602161607,core,0,0,0,0,0,0,0,0,0,0,0,0,0,0,0,72,62,133,5,0,9,0,0,0,0,0,0,0,0,0,0,0,0,0,6,6,79,63,144,0,0,0,0,0,0,0,0,0,0,0,0,0,0,0,0,0,0,0,0,0,0,0,0,0,0,0,0,0,0,0,0,0,0,0,0,0,0,0,0,0,0,0,0,4,0,0,0,0,0,0,0,0,0,0,0,0,4,12,15,16,27,37,0,0,0,101,100,202
10602161608,core,0,0,0,0,0,0,0,0,0,0,0,0,0,0,0,35,28,60,4,0,8,5,0,5,0,0,0,0,0,0,0,0,0,0,3,3,40,30,72,0,0,0,0,0,0,0,0,0,0,0,0,0,0,0,0,0,0,0,0,0,0,0,0,0,0,0,0,0,0,0,0,0,0,0,0,0,0,0,0,0,0,0,0,0,0,0,0,0,0,0,0,0,0,0,0,0,0,5,6,11,15,17,0,0,0,54,43,94
10602161609,core,0,0,0,0,0,0,0,0,0,0,0,0,0,0,0,85,77,164,3,4,7,3,0,3,0,0,0,0,0,0,0,0,0,0,0,3,98,84,186,0,0,0,0,0,0,0,0,0,0,0,0,0,0,0,0,0,0,0,0,0,0,0,0,0,0,0,0,0,0,0,0,0,0,0,0,0,0,0,0,0,0,0,0,0,0,0,0,0,0,0,0,0,0,0,0,0,7,16,25,11,29,42,0,0,0,118,128,249
10602161610,core,0,0,0,0,0,0,0,0,0,0,0,0,0,0,0,87,62,143,6,3,13,3,0,3,0,0,0,0,0,0,0,0,0,0,3,4,97,66,162,0,0,0,0,0,0,0,0,0,0,0,0,0,0,0,0,0,0,0,0,0,0,0,0,0,0,0,0,0,0,0,0,0,0,0,0,0,0,0,0,0,0,6,5,4,0,0,0,0,0,0,0,0,0,0,0,0,6,19,25,14,20,36,0,0,0,119,106,223
10602161611,core,0,0,0,0,0,0,0,0,0,0,0,0,0,0,0,5,0,3,0,0,0,0,0,0,0,0,0,0,0,0,0,0,0,0,0,0,5,0,3,0,0,0,0,0,0,0,0,0,0,0,0,0,0,0,0,0,0,0,0,0,0,0,0,0,0,0,0,0,0,0,0,0,0,0,0,0,0,0,0,0,0,0,0,0,0,0,0,0,0,0,0,0,0,0,0,0,0,0,0,0,0,0,0,0,0,0,0,3
10602161612,core,0,3,3,0,0,4,0,0,0,0,0,0,0,0,0,54,46,106,0,0,0,3,0,3,0,0,0,0,0,0,0,0,3,6,4,4,70,52,121,0,0,0,0,0,0,0,0,0,0,0,0,0,0,0,0,0,0,0,0,0,0,0,0,0,0,0,0,0,0,0,0,0,0,0,0,0,0,0,0,0,0,0,0,0,0,0,0,0,0,0,0,0,0,0,0,0,4,9,22,5,21,31,0,0,0,86,85,167
10602161613,core,0,0,0,0,0,0,0,0,0,0,0,0,0,0,0,94,71,168,5,8,15,0,0,0,0,0,0,0,0,0,0,3,3,0,0,0,106,80,191,0,0,0,0,0,0,0,0,0,0,0,0,0,0,0,0,0,0,0,0,0,0,0,0,0,0,0,0,0,0,0,0,0,0,0,0,0,0,0,0,0,0,0,0,0,0,0,0,0,0,0,0,0,0,0,0,0,4,20,23,9,20,30,0,0,0,127,116,245
10602161614,core,3,0,3,0,3,3,0,0,0,0,0,0,0,0,0,64,53,114,11,4,11,0,0,0,5,0,5,0,0,0,0,0,0,4,0,7,84,57,145,0,0,0,0,0,0,0,0,0,0,0,0,0,0,0,0,0,0,0,0,0,0,0,0,0,0,0,0,0,0,0,0,0,0,0,0,0,0,0,0,0,0,0,0,0,0,5,5,0,0,0,0,0,0,0,5,5,4,11,19,16,25,41,0,0,0,105,96,206
10602161615,core,0,0,0,0,0,0,0,0,0,0,0,0,0,0,0,105,84,193,5,0,9,0,0,0,0,0,0,0,0,0,0,0,0,3,0,3,123,95,213,0,0,0,0,0,0,0,0,0,0,0,0,0,0,0,0,0,0,0,0,0,0,0,0,0,0,0,0,0,0,0,0,0,0,0,0,0,0,0,3,0,3,3,0,3,0,0,0,0,0,0,0,0,0,0,0,0,19,20,41,19,32,46,0,4,7,156,146,306
10602161616,core,0,0,0,0,0,5,0,0,0,0,0,0,0,0,0,60,44,103,3,0,10,4,0,4,0,0,0,0,0,0,0,0,0,0,4,5,70,49,118,0,0,0,0,0,0,0,0,0,0,0,0,0,0,0,0,0,0,0,0,0,0,0,0,0,0,0,0,0,0,0,0,0,0,0,0,0,0,0,0,0,0,0,0,0,0,0,0,0,0,0,0,0,0,0,0,0,4,6,13,11,11,21,0,0,0,83,70,155
10602161617,core,0,0,0,0,0,0,0,0,0,0,0,0,0,0,0,104,80,179,0,5,8,4,0,4,6,0,6,0,0,0,0,0,0,0,0,0,114,80,194,0,0,0,0,0,0,0,0,0,0,0,0,0,0,0,0,0,0,0,0,0,0,0,0,0,0,0,0,0,0,0,0,0,0,0,0,0,0,0,0,0,0,0,0,0,0,0,0,0,0,0,0,0,0,0,0,0,17,39,52,14,26,41,0,0,0,143,149,289
10602161618,core,4,0,4,0,0,0,0,0,0,0,0,0,0,0,0,67,59,122,10,9,11,0,0,0,0,0,0,0,0,0,0,0,0,0,0,0,79,66,143,0,0,0,0,0,0,0,0,0,0,0,0,0,0,0,0,0,0,0,0,0,0,0,0,0,0,0,0,0,0,0,0,0,0,0,0,0,0,0,3,0,3,3,0,3,0,0,0,0,0,0,0,0,0,0,0,0,6,11,13,13,23,34,0,0,0,98,98,198
10602161619,core,0,0,3,0,0,0,0,0,0,0,0,0,0,0,0,116,92,208,7,4,13,5,0,5,0,0,0,0,0,0,0,0,0,0,0,0,136,98,235,0,0,0,0,0,0,0,0,0,0,0,0,0,0,0,0,0,0,0,0,0,0,0,0,0,0,0,0,0,0,0,0,0,0,0,0,0,0,0,0,0,5,0,0,5,0,0,0,0,0,0,0,0,0,0,0,0,16,30,50,23,30,56,4,0,8,185,163,348
10602161620,core,0,0,0,0,0,0,0,0,0,0,0,0,0,0,0,39,29,69,3,0,3,3,0,3,0,0,0,0,0,0,0,0,0,0,0,0,42,30,70,0,0,0,0,0,0,0,0,0,0,0,0,0,0,0,0,0,0,0,0,0,0,0,0,0,0,0,0,0,0,0,0,0,0,0,0,0,0,0,0,0,0,0,0,0,0,0,0,0,0,0,0,0,0,0,0,0,9,14,22,10,11,16,0,0,3,60,55,117
10602161701,core,0,0,0,0,0,0,0,0,0,0,0,0,0,0,0,55,55,111,3,4,9,0,0,0,0,0,0,0,0,0,0,0,0,0,0,0,56,60,123,0,0,0,0,0,0,0,0,0,0,0,0,0,0,0,0,0,0,0,0,0,0,0,0,0,0,0,0,0,0,0,0,0,0,0,0,0,0,0,0,0,0,0,0,0,0,0,0,0,0,0,0,0,0,0,0,0,24,25,50,19,33,44,0,0,0,99,117,217
10602161702,core,0,0,3,0,0,0,0,0,0,0,0,0,0,0,0,47,50,99,3,0,4,0,0,0,0,0,0,0,0,0,0,0,0,4,0,6,55,51,106,0,0,0,0,0,0,0,0,0,0,0,0,0,0,0,0,0,0,0,0,0,0,0,0,0,0,0,0,0,0,0,0,0,0,0,0,0,0,0,0,0,0,0,0,4,0,0,0,0,0,0,0,0,0,0,0,0,7,17,25,14,9,16,0,0,0,78,78,152
10602161703,core,3,0,3,0,0,0,0,0,0,0,0,0,0,0,0,143,116,254,8,7,19,4,0,4,0,0,0,0,0,0,0,0,3,0,0,0,157,121,280,0,0,0,0,0,0,0,0,0,0,0,0,0,0,0,0,0,0,0,0,0,0,0,0,0,0,0,0,0,0,0,0,0,0,0,0,0,0,0,0,0,0,0,0,0,0,0,0,0,0,0,0,0,0,0,0,0,26,45,72,24,42,64,0,0,3,210,213,420
10602161704,core,0,0,0,0,0,0,0,0,0,0,0,0,0,0,0,85,64,147,0,4,7,0,0,0,0,0,0,0,0,0,0,0,0,0,0,0,89,63,154,0,0,0,0,0,0,0,0,0,0,0,0,0,0,0,0,0,0,0,0,0,0,0,0,0,0,0,0,0,0,0,0,0,0,0,0,0,0,0,0,0,0,0,0,0,0,0,0,0,0,0,0,0,0,0,0,0,21,24,39,12,19,30,0,0,0,123,107,231
10602161705,core,0,0,0,0,0,0,0,0,0,0,0,0,0,0,0,75,61,138,0,0,5,0,0,0,0,0,0,0,0,0,0,0,0,0,0,0,77,62,140,0,0,0,0,0,0,0,0,0,0,0,0,0,0,0,0,0,0,0,0,0,0,0,0,0,0,0,0,0,0,0,0,0,0,0,0,0,0,0,0,0,0,0,0,0,0,0,0,0,0,0,0,0,0,0,0,0,14,20,29,17,26,45,0,0,0,112,113,220
10602161706,core,0,0,0,0,0,0,0,0,0,0,0,0,0,0,0,73,54,122,3,6,10,3,0,3,4,0,4,0,3,3,0,0,3,0,0,0,85,61,146,0,0,0,0,0,0,0,0,0,0,0,0,0,0,0,0,0,0,0,0,0,0,0,0,0,0,0,0,0,0,0,0,0,0,0,0,0,0,0,0,0,0,0,4,4,0,0,0,0,0,0,0,0,0,0,0,0,17,24,38,20,23,45,0,0,0,124,111,235
10602161707,core,0,0,0,0,7,7,0,0,0,0,0,0,0,0,0,76,55,133,8,0,5,4,0,4,0,0,0,0,0,0,0,0,0,0,0,3,91,58,149,0,0,0,0,0,0,0,0,0,0,0,0,0,0,0,0,0,0,0,0,0,0,0,0,0,0,0,0,0,0,0,0,0,0,0,0,0,0,0,0,0,0,0,0,0,0,0,0,0,0,0,0,0,0,0,0,0,17,17,33,19,19,42,0,0,0,130,101,232
10602161708,core,0,0,0,0,0,0,0,0,0,0,0,0,0,0,0,42,32,69,4,0,3,0,0,0,0,0,0,0,0,0,0,0,0,7,5,13,52,42,89,0,0,0,0,0,0,0,0,0,0,0,0,0,0,0,0,0,0,0,0,0,0,0,0,0,0,0,0,0,0,0,0,0,0,0,0,0,0,0,0,0,0,0,0,0,0,0,0,0,0,0,0,0,0,0,0,0,14,29,37,7,9,20,0,0,3,68,82,154
10602161709,core,0,0,0,0,0,0,0,0,0,0,0,0,0,0,0,20,20,36,7,0,10,0,0,0,0,0,0,0,0,0,0,0,0,0,0,0,28,24,42,0,0,0,0,0,0,0,0,0,0,0,0,0,0,0,0,0,0,0,0,0,0,0,0,0,0,0,0,0,0,0,0,0,0,0,0,0,0,0,0,0,0,0,0,0,0,0,0,0,0,0,0,0,0,0,0,0,0,0,0,3,4,3,0,0,0,32,24,54
10602161710,core,0,0,0,0,0,0,0,0,0,0,0,0,0,0,0,15,7,24,3,0,0,0,0,0,0,0,0,0,0,0,0,0,0,4,0,5,19,12,31,0,0,0,0,0,0,0,0,0,0,0,0,0,0,0,0,0,0,0,0,0,0,0,0,0,0,0,0,0,0,0,0,0,0,0,0,0,0,0,0,0,0,0,0,0,0,0,0,0,0,0,0,0,0,0,0,0,3,4,8,3,5,8,0,0,0,30,19,48
10602161711,core,0,5,5,0,0,0,0,0,0,0,0,0,0,0,0,52,42,94,0,0,0,0,0,0,0,0,0,0,0,3,0,0,0,0,0,3,55,53,113,0,0,0,0,0,0,0,0,0,0,0,0,0,0,0,0,0,0,5,0,5,0,0,0,0,0,0,0,0,0,0,0,0,0,0,0,0,0,0,0,0,0,5,0,5,0,0,0,0,0,0,0,0,0,0,0,0,6,18,27,5,16,20,0,0,0,75,95,165
10602161712,core,4,3,3,0,0,0,0,0,0,0,0,0,0,0,0,74,60,128,7,0,10,0,0,0,0,0,4,0,0,0,0,0,0,0,0,0,82,65,141,0,0,0,0,0,0,0,0,0,0,0,0,0,0,0,0,0,0,0,0,0,0,0,0,0,0,0,0,0,0,0,0,0,0,0,0,0,0,0,0,0,0,4,0,4,0,0,0,0,0,0,0,0,0,0,0,0,14,29,40,14,26,41,0,0,0,110,115,223
10602161713,core,0,0,0,0,0,0,0,0,0,0,0,0,0,0,0,99,91,184,4,9,9,0,0,0,0,0,0,0,0,0,0,3,3,0,0,0,102,100,202,0,0,0,0,0,0,0,0,0,0,0,0,0,0,0,0,0,0,0,0,0,0,0,0,0,0,0,0,0,0,0,0,0,0,0,0,0,0,0,0,0,0,0,0,0,0,0,0,0,0,0,0,0,0,0,0,0,33,44,81,26,36,58,0,0,0,157,182,342
10602161714,core,0,0,0,0,0,0,0,0,0,0,0,0,0,0,0,90,71,166,4,0,4,0,0,0,0,0,0,0,0,0,0,0,0,3,0,6,97,80,180,0,0,0,0,0,0,0,0,0,0,0,0,0,0,0,0,0,0,0,0,0,0,0,0,0,0,0,0,0,0,0,0,0,0,0,0,0,0,0,0,0,0,0,3,7,0,0,0,0,0,0,0,0,0,0,0,0,28,44,74,26,31,53,0,0,0,153,152,302
10602161715,core,0,0,0,0,0,0,0,0,0,0,0,0,0,0,0,76,55,130,8,0,3,0,0,0,0,0,0,0,0,0,0,0,0,0,0,0,86,58,140,0,0,0,0,0,0,0,0,0,0,0,0,0,0,0,0,0,0,0,0,0,0,0,0,0,0,0,0,0,0,0,0,0,0,0,0,0,0,0,0,0,0,0,0,0,0,0,0,0,0,0,0,0,0,0,0,0,6,15,26,10,15,29,0,0,0,102,94,199
10602161716,core,0,0,0,0,0,0,0,0,0,0,0,0,0,0,0,64,63,128,5,3,5,0,0,0,0,0,0,0,0,0,0,0,0,0,0,0,72,66,136,0,0,0,0,0,0,0,0,0,0,0,0,0,0,0,0,0,0,0,0,0,0,0,0,0,0,0,0,0,0,0,0,0,0,0,0,0,0,0,0,0,0,0,0,0,0,0,0,0,0,0,0,0,0,0,0,0,17,27,47,12,26,38,0,0,0,108,116,219
10602161717,core,0,0,0,0,0,0,0,0,0,0,0,0,0,0,0,34,33,64,3,0,3,0,0,0,0,0,0,0,0,0,0,0,0,5,0,5,45,37,78,0,0,0,0,0,0,0,0,0,0,0,0,0,0,0,0,0,0,0,0,0,0,0,0,0,0,0,0,0,0,0,0,0,0,0,0,0,0,0,0,0,0,4,0,4,0,0,0,0,0,0,0,0,0,0,0,0,4,12,16,4,13,13,0,0,0,50,58,107
10602161718,core,0,0,0,0,0,0,0,0,0,0,0,0,0,0,0,74,65,133,8,0,7,3,0,3,0,0,0,0,0,0,0,0,3,0,5,4,81,68,150,0,0,0,0,0,0,0,0,0,0,0,0,0,0,0,0,0,0,0,0,0,0,0,0,0,0,0,0,0,0,0,0,0,0,0,0,0,0,0,0,0,0,0,0,0,0,0,0,0,0,0,0,0,0,0,0,0,17,33,52,11,25,35,0,0,0,114,126,237
10602161719,core,0,0,0,0,0,0,0,0,0,0,0,0,0,0,0,96,71,168,0,4,3,0,0,0,0,0,0,0,0,0,0,0,5,0,0,0,103,73,181,0,0,0,0,0,0,0,0,0,0,0,0,0,0,0,0,0,0,0,0,0,0,0,0,0,0,0,0,0,0,0,0,0,0,0,0,0,0,0,0,0,0,0,0,0,0,0,0,0,0,0,0,0,0,0,0,0,27,41,66,24,27,53,0,0,0,153,145,305
10602161720,core,0,0,0,0,0,0,0,0,0,0,0,0,0,0,0,0,0,0,0,0,0,0,0,0,0,0,0,0,0,0,0,0,0,0,0,0,0,0,0,0,0,0,0,0,0,0,0,0,0,0,0,0,0,0,0,0,0,0,0,0,0,0,0,0,0,0,0,0,0,0,0,0,0,0,0,0,0,0,0,0,0,0,0,0,0,0,0,0,0,0,0,0,0,0,0,0,0,0,0,0,0,0,0,0,0,0,0,0
10602161721,core,0,0,0,0,0,0,0,0,0,0,0,0,0,0,0,87,56,144,7,4,9,0,0,0,0,0,0,0,0,0,0,0,0,0,0,0,94,62,158,0,0,0,0,0,0,0,0,0,0,0,0,0,0,0,0,0,0,0,0,0,0,0,0,0,0,0,0,0,0,0,0,0,0,0,0,0,0,0,0,0,0,0,0,0,0,0,0,0,0,0,0,0,0,0,0,0,16,25,47,17,29,46,0,0,0,132,118,253
10602161722,core,0,0,0,0,0,0,0,0,0,0,0,0,0,0,0,17,13,27,0,0,0,0,0,0,0,0,0,0,0,0,0,0,0,0,0,0,18,13,27,0,0,0,0,0,0,0,0,0,0,0,0,0,0,0,0,0,0,0,0,0,0,0,0,0,0,0,0,0,0,0,0,0,0,0,0,0,0,0,0,0,0,0,0,0,0,0,0,0,0,0,0,0,0,0,0,0,8,3,11,0,7,9,0,0,0,23,26,48
10602161723,core,0,0,0,0,0,0,0,0,0,0,0,0,0,0,0,53,42,97,3,0,3,0,0,0,0,0,0,0,0,0,0,0,5,0,0,0,64,47,110,0,0,0,0,0,0,0,0,0,0,0,0,0,0,0,0,0,0,0,0,0,0,0,0,0,0,0,0,0,0,0,0,0,0,0,0,0,0,0,0,0,0,0,0,0,0,0,0,0,0,0,0,0,0,0,0,0,11,19,34,5,11,11,0,0,0,76,78,151
10602161801,core,0,4,4,0,0,0,0,0,0,0,0,0,0,0,0,89,79,173,5,9,7,0,0,0,0,0,0,0,0,0,0,0,0,0,0,0,97,90,191,0,0,0,0,0,0,0,0,0,0,0,0,0,0,0,0,0,0,0,0,0,0,0,0,0,0,0,0,0,0,0,0,0,0,0,0,0,0,0,0,0,0,0,0,0,0,0,0,0,0,0,0,0,0,0,0,0,8,24,32,18,17,38,0,0,0,128,134,262
10602161802,core,0,0,0,0,0,0,0,0,0,0,0,0,0,0,0,42,28,76,4,0,0,3,0,3,0,0,0,0,0,0,0,0,0,0,3,3,51,32,85,0,0,0,0,0,0,0,0,0,0,0,0,0,0,0,0,0,0,0,0,0,0,0,0,0,0,0,0,0,0,0,0,0,0,0,0,0,0,0,0,0,0,0,0,0,0,0,0,0,0,0,0,0,0,0,0,0,10,21,26,5,5,11,0,0,0,63,59,128
10602161803,core,0,0,0,0,0,0,0,0,0,0,0,0,0,0,0,95,71,172,8,9,15,4,0,4,0,0,0,0,0,0,0,0,0,0,0,0,106,84,189,0,0,0,0,0,0,0,0,0,0,0,0,0,0,0,0,0,0,0,0,0,0,0,0,0,0,0,0,0,0,0,0,0,0,0,0,0,0,0,0,0,0,0,0,0,0,0,0,0,0,0,0,0,0,0,0,0,12,31,45,11,18,29,0,0,0,132,131,262
10602161804,core,0,0,0,0,0,0,0,0,0,0,0,0,0,0,0,38,20,55,0,4,8,3,0,3,0,0,0,0,0,0,0,0,0,0,0,0,41,27,65,0,0,0,0,0,0,0,0,0,0,0,0,0,0,0,0,0,0,0,0,0,0,0,0,0,0,0,0,0,0,0,0,0,0,0,0,0,0,0,0,0,0,0,0,0,0,0,0,0,0,0,0,0,0,0,0,0,9,17,26,7,11,17,0,0,0,59,49,111
10602161805,core,0,0,0,0,0,0,0,0,0,0,0,0,0,0,0,50,40,94,5,6,8,0,0,0,0,0,0,0,0,0,0,0,0,0,0,0,54,43,101,0,0,0,0,0,0,0,0,0,0,0,0,0,0,0,0,0,0,0,0,0,0,0,0,0,0,0,0,0,0,0,0,0,0,0,0,0,0,0,0,0,0,0,0,0,0,0,0,0,0,0,0,0,0,0,0,0,26,25,52,8,11,22,0,0,0,90,83,177
10602161806,core,0,4,4,0,0,0,0,0,0,0,0,0,0,0,0,91,78,167,3,5,11,0,0,0,0,0,0,0,0,0,0,0,0,0,0,0,105,81,184,0,0,0,0,0,0,0,0,0,0,0,0,0,0,0,0,0,0,0,0,0,0,0,0,0,0,0,0,0,0,0,0,0,0,0,0,0,0,0,0,0,3,3,0,0,0,0,0,0,0,0,0,0,0,0,0,0,30,43,70,26,43,63,0,0,0,157,163,324
10602161807,core,0,0,0,0,0,0,0,0,0,0,0,0,0,0,0,82,73,149,0,4,10,0,0,0,0,0,0,0,0,0,0,0,0,0,0,0,84,78,165,0,0,0,0,0,0,0,0,0,0,0,0,0,0,0,0,0,0,0,0,0,0,0,0,0,0,0,0,0,0,0,0,0,0,0,0,0,0,0,0,0,0,0,0,0,0,0,0,0,0,0,0,0,0,0,0,0,24,31,61,19,23,43,0,0,0,128,138,263
10602161808,core,0,0,0,0,0,0,0,0,0,0,0,0,0,0,0,0,0,0,0,0,0,0,0,0,0,0,0,0,0,0,0,0,0,0,0,0,0,0,0,0,0,0,0,0,0,0,0,0,0,0,0,0,0,0,0,0,0,0,0,0,0,0,0,0,0,0,0,0,0,0,0,0,0,0,0,0,0,0,0,0,0,0,0,0,0,0,0,0,0,0,0,0,0,0,0,0,0,0,0,0,0,0,0,0,0,0,0,0
10602161809,core,0,0,0,0,0,0,0,0,0,0,0,0,0,0,0,63,39,103,0,5,9,0,0,0,0,0,0,0,0,0,0,0,0,0,0,0,66,48,116,0,4,0,0,0,0,0,0,0,0,0,0,0,0,0,0,0,0,3,4,0,0,0,0,0,0,0,0,0,0,0,0,0,0,0,0,0,0,0,0,0,0,3,4,0,0,0,0,0,0,0,0,0,0,0,0,0,4,7,14,15,13,30,0,0,0,88,72,155
10602161810,core,0,0,0,0,0,0,0,0,0,0,0,0,0,0,0,68,52,121,4,3,13,0,0,0,0,0,5,0,0,0,0,0,0,0,0,0,77,55,135,0,0,0,0,0,0,0,0,0,0,0,0,0,0,0,0,0,0,0,0,0,0,0,0,0,0,0,0,0,0,0,0,0,0,0,0,0,0,0,0,0,0,0,0,0,0,0,0,0,0,0,0,0,0,0,0,0,26,21,45,17,26,45,0,0,0,124,105,227
10602161811,core,0,0,0,0,0,0,0,0,0,0,0,0,0,0,0,55,40,94,5,3,7,0,0,0,0,0,0,0,0,0,0,0,0,0,3,3,61,47,108,0,0,0,0,0,0,0,0,0,0,0,0,0,0,0,0,0,0,0,0,0,0,0,0,0,0,0,0,0,0,0,0,0,0,0,0,0,0,0,0,0,0,0,0,4,0,0,0,0,0,0,0,0,0,0,0,0,3,11,17,3,15,21,0,0,0,77,72,149
10602161812,core,0,0,0,0,0,0,0,0,0,0,0,0,0,0,0,76,59,134,9,6,13,5,0,5,0,0,0,0,0,0,0,0,0,0,3,3,90,74,163,0,0,0,0,0,0,0,0,0,0,0,0,0,0,0,0,0,0,0,0,0,0,0,0,0,0,0,0,0,0,0,0,0,0,0,0,0,0,0,0,0,0,0,0,0,0,0,0,0,0,0,0,0,0,0,0,0,13,22,32,14,20,36,0,0,0,118,118,229
10602161813,core,0,0,0,0,0,0,0,0,0,0,0,0,0,0,0,58,40,102,0,4,6,0,0,0,0,0,0,0,0,0,0,0,0,0,3,0,62,47,108,0,0,0,0,0,0,0,0,0,0,0,0,0,0,0,0,0,0,0,0,0,0,0,0,0,0,0,0,0,0,0,0,0,0,0,0,0,0,0,0,0,0,0,0,0,0,0,0,0,0,0,0,0,0,0,0,0,17,23,43,12,13,25,0,0,0,89,81,171
10602161814,core,0,0,0,0,0,0,0,0,0,0,0,0,0,0,0,26,14,43,0,0,3,3,0,3,0,0,0,0,0,0,0,4,4,0,0,0,32,17,51,0,0,0,0,0,0,0,0,0,0,0,0,0,0,0,0,0,0,0,0,0,0,0,0,0,0,0,0,0,0,0,0,0,0,0,0,0,0,0,0,0,0,0,0,0,0,0,0,0,0,0,0,0,0,0,0,0,7,17,26,5,5,15,0,0,0,47,42,93
10602161815,core,0,0,0,0,0,0,0,0,0,0,0,0,0,0,0,77,68,139,0,6,5,0,0,0,6,0,6,0,0,0,0,0,0,0,0,0,79,70,152,0,0,0,0,0,0,0,0,0,0,0,0,0,0,0,0,0,0,0,0,0,0,0,0,0,0,0,0,0,0,0,0,0,0,0,0,0,0,0,0,0,0,0,0,0,0,0,0,0,0,0,0,0,0,0,0,0,19,27,52,18,23,38,0,0,0,120,124,246
10602161816,core,0,0,0,0,0,3,0,0,0,0,0,0,0,0,0,87,69,154,6,8,5,4,0,4,0,0,0,0,0,0,0,0,0,0,0,0,96,77,171,0,0,0,0,0,0,0,0,0,0,0,0,0,0,0,0,0,0,0,0,0,0,0,0,0,0,0,0,0,0,0,0,0,0,0,0,0,0,0,0,0,0,0,0,0,0,0,0,0,0,0,0,0,0,0,0,0,13,28,36,25,30,49,0,0,0,133,128,260
10602161817,core,0,0,0,0,0,0,0,0,0,0,0,0,0,0,0,129,103,228,6,3,9,0,0,0,0,0,0,0,0,0,0,0,0,0,0,0,134,111,250,0,0,0,0,0,0,0,0,0,0,0,0,0,0,0,0,0,0,0,0,0,0,0,0,0,0,0,0,0,0,0,0,0,0,0,0,0,0,0,0,0,4,3,0,0,0,0,0,0,0,0,0,0,0,0,0,0,43,48,87,23,39,61,0,0,6,207,198,401
10602161818,core,0,0,0,0,0,0,0,0,0,0,0,0,0,0,0,106,78,176,10,4,10,0,0,0,0,0,0,0,0,0,0,0,0,0,0,0,113,82,192,0,0,0,0,0,0,0,0,0,0,0,0,0,0,0,0,0,0,0,0,0,0,0,0,0,0,0,0,0,0,0,0,0,0,0,0,0,0,0,3,0,4,3,0,4,0,0,0,0,0,0,0,0,0,0,0,0,23,39,65,21,42,62,0,0,0,160,159,322
10602161819,core,0,0,0,0,0,0,0,0,0,0,0,0,0,0,0,93,67,157,0,5,8,0,0,0,0,0,0,0,0,0,0,3,3,0,0,0,97,74,177,0,0,0,0,0,0,0,0,0,0,0,0,0,0,0,0,0,0,0,0,0,0,0,0,0,0,0,0,0,0,0,0,0,0,0,0,0,0,0,0,0,0,0,0,0,0,0,0,0,0,0,0,0,0,0,0,0,23,31,58,15,15,29,0,3,0,139,126,262
10602161820,core,0,0,0,0,0,0,0,0,0,0,0,0,0,0,0,55,49,98,5,4,9,6,0,6,0,0,0,0,0,0,0,0,0,0,0,0,60,51,113,0,0,0,0,0,0,0,0,0,0,0,0,0,0,0,0,0,0,0,0,0,0,0,0,0,0,0,0,0,0,0,0,0,0,0,0,0,0,0,0,0,0,0,0,0,0,0,0,0,0,0,0,0,0,0,0,0,17,20,33,8,21,24,0,0,0,84,88,176
10602161821,core,0,0,0,0,0,0,0,0,0,0,0,0,0,0,0,129,95,223,4,6,14,5,0,5,5,0,5,0,0,0,0,0,4,0,0,0,145,107,247,0,0,0,0,0,0,0,0,0,0,0,0,0,0,0,0,0,0,0,0,0,0,0,0,0,0,0,0,0,0,0,0,0,0,0,0,0,0,0,5,0,4,5,3,5,0,0,0,0,0,0,0,0,0,0,0,0,17,35,50,19,31,49,0,0,0,181,173,354
10602161822,core,0,5,5,0,0,0,0,0,0,0,0,0,0,0,0,98,57,152,3,0,4,0,0,0,0,0,0,0,0,0,0,3,3,7,0,3,108,62,171,0,0,0,0,0,0,0,0,0,0,0,0,0,0,0,0,0,0,0,0,0,0,0,0,0,0,0,0,0,0,0,0,0,0,0,0,0,0,0,0,0,0,0,0,0,0,0,0,0,0,0,0,0,0,0,0,0,12,26,36,18,27,44,0,0,0,132,110,250
10602161823,core,0,0,0,0,0,0,0,0,0,0,0,0,0,0,0,99,73,169,3,10,15,0,0,0,0,0,0,0,0,0,0,3,3,0,0,0,104,87,193,0,0,0,0,0,0,0,0,0,0,0,0,0,0,0,0,0,0,0,0,0,0,0,0,0,0,0,0,0,0,0,0,0,0,0,0,0,0,0,0,0,0,0,0,0,0,0,0,0,0,0,0,0,0,0,0,0,32,44,81,15,25,40,0,0,0,151,160,308
10602161824,core,0,0,0,0,0,0,0,0,0,0,0,0,0,0,0,42,41,86,8,5,11,0,0,0,0,0,0,0,0,0,0,0,0,0,0,0,53,42,96,0,0,0,0,0,0,0,0,0,0,0,0,0,0,0,0,0,0,0,0,0,0,0,0,0,0,0,0,0,0,0,0,0,0,0,0,0,0,0,0,0,0,0,0,0,0,0,0,0,0,0,0,0,0,0,0,0,6,12,23,5,13,19,0,0,0,68,73,138
10602161825,core,0,0,0,0,0,0,0,0,0,0,0,0,0,0,0,129,98,224,5,10,20,0,0,0,0,0,0,0,0,0,0,0,0,4,0,3,138,114,247,0,0,0,0,0,0,0,0,0,0,0,0,0,0,0,0,0,0,0,0,0,0,0,0,0,0,0,0,0,0,0,0,0,0,0,0,0,0,0,0,0,0,0,0,0,0,0,0,0,0,0,0,0,0,0,0,0,32,33,68,16,32,47,0,0,0,189,176,359
10602161826,core,0,0,0,0,0,0,0,0,0,0,0,0,0,0,0,49,37,91,10,0,10,3,0,3,0,0,0,0,0,0,0,0,0,4,3,13,71,45,109,0,0,0,0,0,0,0,0,0,0,0,0,0,0,0,0,0,0,0,0,0,0,0,0,0,0,0,0,0,0,0,0,0,0,0,0,0,0,0,0,0,0,0,0,0,0,0,0,0,0,0,0,0,0,0,0,0,15,26,40,9,17,23,0,0,3,96,82,180
10602161827,core,0,0,0,0,0,0,0,0,0,0,0,0,0,0,0,72,66,136,3,3,7,0,0,0,0,0,0,0,0,0,0,0,0,0,0,0,80,68,139,0,0,0,0,0,0,0,0,0,0,0,0,0,0,0,0,0,0,0,0,3,0,0,0,0,0,0,0,0,0,0,0,0,0,0,0,0,0,0,0,0,4,0,0,3,0,0,0,0,0,0,0,0,0,0,0,0,15,30,46,5,24,34,0,0,0,104,122,225
10602161828,core,0,0,0,0,0,0,0,0,0,0,0,0,0,0,0,70,56,134,5,3,5,0,0,0,0,0,0,0,0,0,0,0,0,0,0,0,75,66,142,0,0,0,0,0,0,0,0,0,0,0,0,0,0,0,0,0,0,0,0,0,0,0,0,0,0,0,0,0,0,0,0,0,0,0,0,0,0,0,0,0,0,0,0,0,0,0,0,0,0,0,0,0,0,0,0,0,18,28,44,17,23,37,0,0,0,110,115,223
10602161829,core,0,0,0,0,0,0,0,0,0,0,0,0,0,0,0,45,29,74,0,0,0,0,0,0,0,0,0,0,0,0,0,0,0,0,0,0,45,32,73,0,0,0,0,0,0,0,0,0,0,0,0,0,0,0,0,0,0,0,0,0,0,0,0,0,0,0,0,0,0,0,0,0,0,0,0,0,0,0,0,0,0,0,0,0,0,0,0,0,0,0,0,0,0,0,0,0,18,22,33,9,14,26,0,0,0,70,66,136
10602161830,core,0,0,0,0,0,0,0,0,0,0,0,0,0,0,0,44,45,87,6,0,4,0,0,0,0,0,0,0,0,0,0,0,0,3,0,3,54,44,98,0,0,0,0,0,0,0,0,0,0,0,0,0,0,0,0,0,0,0,0,0,0,0,0,0,0,0,0,0,0,0,0,0,0,0,0,0,0,0,0,0,0,0,0,0,0,0,3,0,0,0,0,0,0,0,0,3,13,12,21,9,16,19,0,0,0,73,73,147
10602161831,core,0,0,0,0,0,0,0,0,0,0,0,0,0,0,0,104,88,191,3,3,11,0,0,0,0,0,0,0,0,0,4,0,4,0,0,0,116,94,212,0,0,0,0,0,0,0,0,0,0,0,0,0,0,0,0,0,0,0,0,0,0,0,0,0,0,0,0,0,0,0,0,0,0,0,0,0,0,0,5,0,5,0,0,0,0,0,0,0,0,0,0,0,0,0,0,0,18,32,54,21,29,44,0,0,0,154,154,303
10602161832,core,0,0,0,0,0,0,0,0,0,0,0,0,0,0,0,102,81,191,6,4,13,0,0,0,0,0,0,0,0,0,0,0,0,6,5,7,116,92,202,0,0,0,0,0,0,0,0,0,0,0,0,0,0,0,0,0,0,0,0,0,0,0,0,0,0,0,0,0,0,0,0,0,0,0,0,0,0,0,0,0,0,0,0,0,0,0,0,0,0,0,0,0,0,0,0,0,25,28,53,18,33,46,0,0,0,160,148,308
10602161833,core,0,0,0,0,0,0,0,0,0,0,0,0,0,0,0,96,67,159,7,7,12,0,0,3,0,0,0,0,0,0,0,0,0,0,0,0,105,71,177,0,0,0,0,0,0,0,0,0,0,0,0,0,0,0,0,0,0,0,0,0,0,0,0,0,0,0,0,0,0,0,0,0,0,0,0,0,0,0,0,0,0,0,0,0,0,0,0,0,0,0,0,0,0,0,0,0,20,32,54,11,21,25,0,0,0,138,119,261
10602161834,core,0,3,0,0,0,0,0,0,0,0,0,0,0,0,0,90,72,161,7,3,4,0,0,0,0,0,0,3,0,3,0,0,0,4,5,5,106,78,186,0,0,0,0,0,0,0,0,0,0,0,0,0,0,0,0,0,0,0,0,0,0,0,0,0,0,0,0,0,0,0,0,0,0,0,0,0,0,0,5,3,3,5,3,3,0,0,0,0,0,0,0,0,0,0,0,0,14,13,25,13,27,39,0,0,0,137,120,249
10602161835,core,0,0,0,0,0,0,0,0,0,0,0,0,0,0,0,66,59,131,0,0,5,0,0,0,0,0,0,0,0,0,0,0,0,0,0,0,75,66,138,0,0,0,0,0,0,0,0,0,0,0,0,0,0,0,0,0,0,0,0,0,0,0,0,0,0,0,0,0,0,0,0,0,0,0,0,0,0,0,0,0,0,0,0,0,0,0,0,0,0,0,0,0,0,0,0,0,25,30,53,6,22,28,0,0,0,109,109,217
10602161836,core,0,0,0,0,0,0,0,0,0,0,0,0,0,0,0,0,0,0,0,0,0,0,0,0,0,0,0,0,0,0,0,0,0,0,0,0,0,0,0,0,0,0,0,0,0,0,0,0,0,0,0,0,0,0,0,0,0,0,0,0,0,0,0,0,0,0,0,0,0,0,0,0,0,0,0,0,0,0,0,0,0,0,0,0,0,0,0,0,0,0,0,0,0,0,0,0,0,0,0,0,0,0,0,0,0,0,0,0
10602161837,core,0,0,0,0,0,0,0,0,0,0,0,0,0,0,0,78,61,142,0,6,5,0,0,0,0,0,0,0,0,0,0,0,0,5,0,5,82,64,149,0,0,0,0,0,0,0,0,0,0,0,0,0,0,0,0,0,0,0,0,0,0,0,0,0,0,0,0,0,0,0,0,0,0,0,0,0,0,0,0,0,3,0,0,3,0,0,0,0,0,0,0,0,0,0,0,0,19,29,49,18,23,40,0,0,0,116,122,244
10602161838,core,0,0,0,0,0,0,0,0,0,0,0,0,0,0,0,62,54,117,0,0,6,0,0,0,0,0,0,0,0,0,3,0,5,0,0,0,71,59,131,0,0,0,0,0,0,0,0,0,0,0,0,0,0,0,0,0,0,0,0,0,0,0,0,0,0,0,0,0,0,0,0,0,0,0,0,0,0,0,0,0,6,0,0,6,0,0,0,0,0,0,0,0,0,0,0,0,27,21,44,19,32,52,0,0,0,119,106,226
10602161839,core,0,5,4,0,0,0,0,0,0,0,0,0,0,0,0,38,33,68,6,3,5,0,0,0,5,0,5,0,0,0,0,0,0,0,0,0,53,40,90,0,0,0,0,0,0,0,0,0,0,0,0,0,0,0,0,0,0,0,0,0,0,0,0,0,0,0,0,0,0,0,0,0,0,0,0,0,0,0,0,0,0,0,0,0,0,0,0,0,0,0,0,0,0,0,0,0,6,11,12,13,9,23,0,0,0,68,58,127
10603111901,core,0,0,0,0,0,0,0,0,0,0,0,0,0,0,0,49,32,80,0,3,3,0,0,0,0,0,0,0,0,0,0,0,0,0,0,0,48,40,86,0,0,0,0,0,0,0,0,0,0,0,0,0,0,0,0,0,0,0,0,0,0,0,0,0,0,0,0,0,0,0,0,0,0,0,0,0,0,0,0,0,0,0,0,0,0,0,0,0,0,0,0,0,0,0,0,0,16,14,28,13,13,25,0,0,0,73,68,138
10603111902,core,0,0,0,0,0,0,0,0,0,0,0,0,0,0,0,67,56,126,0,9,5,0,0,0,0,0,0,0,0,0,0,0,0,0,0,0,74,67,140,0,0,0,0,0,0,0,0,0,0,0,0,0,0,0,0,0,0,0,0,0,0,0,0,0,0,0,0,0,0,0,0,0,0,0,0,0,0,0,3,0,4,3,0,4,0,0,0,0,0,0,0,0,0,0,0,0,11,23,35,20,18,35,0,0,0,104,111,218
10603111903,core,0,0,0,0,0,0,0,0,0,0,0,0,0,0,0,76,56,124,9,0,10,0,0,0,0,0,0,0,0,0,0,0,0,0,0,0,80,59,135,0,0,0,0,0,0,0,0,0,0,0,0,0,0,0,0,0,0,0,0,0,0,0,0,0,0,0,0,0,0,0,0,0,0,0,0,0,0,0,0,0,0,0,0,0,0,0,0,0,0,0,0,0,0,0,0,0,24,43,70,16,37,55,0,0,0,126,139,264
10603111904,core,0,0,0,0,0,0,0,0,0,0,0,0,0,0,0,53,46,101,4,5,4,4,0,4,0,0,0,0,0,0,0,0,0,0,0,0,62,51,110,0,0,0,0,0,0,0,0,0,0,0,0,0,0,0,0,0,0,0,0,0,0,0,0,0,0,0,0,0,0,0,0,0,0,0,0,0,0,0,0,0,0,0,0,0,0,0,0,0,0,0,0,0,0,0,0,0,19,27,52,14,13,27,0,0,0,94,94,190
10603111906,core,0,0,0,0,0,0,0,0,0,0,0,0,0,0,0,51,38,91,3,0,3,3,0,3,0,0,0,0,0,0,0,0,0,4,8,14,66,45,110,0,0,0,0,0,0,0,0,0,0,0,0,0,0,0,0,0,0,0,0,0,0,0,0,0,0,0,0,0,0,0,0,0,0,0,0,0,0,0,4,0,4,4,0,4,0,0,0,0,0,0,0,0,0,0,0,0,6,12,15,7,12,17,0,0,0,85,69,153
10603111907,core,0,0,0,0,0,0,0,0,0,0,0,0,0,0,0,24,17,43,0,0,0,0,0,0,0,0,0,0,0,0,0,0,0,0,0,0,28,24,51,0,0,0,0,0,0,0,0,0,0,0,0,0,0,0,0,0,0,0,0,0,0,0,0,0,0,0,0,0,0,0,0,0,0,0,0,0,0,0,0,0,0,0,0,0,0,0,0,0,0,0,0,0,0,0,0,0,11,17,29,4,13,17,0,0,0,42,49,94
10603111908,core,0,0,0,0,0,0,0,0,0,0,0,0,0,0,0,0,0,0,0,0,0,0,0,0,0,0,0,0,0,0,0,0,0,0,0,0,0,0,0,0,0,0,0,0,0,0,0,0,0,0,0,0,0,0,0,0,0,0,0,0,0,0,0,0,0,0,0,0,0,0,0,0,0,0,0,0,0,0,0,0,0,0,0,0,0,0,0,0,0,0,0,0,0,0,0,0,0,0,0,0,0,0,0,0,0,0,0,0
10603111909,core,0,0,0,0,0,0,0,0,0,0,0,0,0,0,0,8,7,14,0,0,0,0,0,0,0,0,0,0,0,0,0,0,0,0,0,0,3,7,17,0,0,0,0,0,0,0,0,0,0,0,0,0,0,0,0,0,0,0,0,0,0,0,0,0,0,0,0,0,0,0,0,0,0,0,0,0,0,0,0,0,0,0,0,0,0,0,0,0,0,0,0,0,0,0,0,0,0,4,4,0,9,11,0,0,0,7,18,26
10603111910,core,0,0,0,0,0,5,0,0,0,0,0,0,0,0,0,29,45,81,0,3,4,3,0,3,0,0,0,0,0,0,0,0,3,0,0,4,42,54,95,0,0,0,0,0,0,0,0,0,0,0,0,0,0,0,0,0,0,0,0,0,0,0,0,0,0,0,0,0,0,0,0,0,0,0,0,0,0,0,0,0,0,0,0,0,0,0,0,0,0,0,0,0,0,0,0,0,16,17,33,12,9,21,0,0,0,71,80,151
10603111911,core,0,0,0,0,0,0,0,0,0,0,0,0,0,0,0,25,18,44,3,3,4,0,0,0,0,0,0,0,0,0,0,0,0,0,0,0,31,20,56,0,0,0,0,0,0,0,0,0,0,0,0,0,0,0,0,0,0,0,0,0,0,0,0,0,0,0,0,0,0,0,0,0,0,0,0,0,0,0,0,0,0,0,0,0,0,0,0,0,0,0,0,0,0,0,0,0,5,9,14,3,12,17,0,0,0,46,44,83
10603111912,core,0,0,0,0,0,0,0,0,0,0,0,0,0,0,0,38,29,71,0,0,5,0,0,0,0,0,0,0,0,0,0,0,0,4,0,4,48,30,76,0,0,0,0,0,0,0,0,0,0,0,0,0,0,0,0,0,0,0,0,0,0,0,0,0,0,0,0,0,0,0,0,0,0,0,0,0,0,0,0,0,5,0,0,5,0,0,0,0,0,0,0,0,0,0,0,0,14,12,20,8,9,19,0,0,0,61,50,116
10603111913,core,0,0,0,0,0,0,0,0,0,0,0,0,0,0,0,63,46,107,6,6,11,0,0,0,0,0,0,0,0,0,0,0,0,0,7,5,72,55,129,0,0,0,0,0,0,0,0,0,0,0,0,0,0,0,0,0,0,0,0,0,0,0,0,0,0,0,0,0,0,0,0,0,0,0,0,0,0,0,0,0,0,0,0,0,0,0,0,0,0,0,0,0,0,0,0,0,18,16,40,15,24,35,0,0,0,107,95,205
10603111914,core,0,0,0,0,0,0,0,0,0,0,0,0,0,0,0,60,43,103,8,3,12,0,0,0,0,0,0,0,0,0,0,0,0,0,0,4,73,51,124,0,0,0,0,0,0,0,0,0,0,0,0,0,0,0,0,0,0,0,0,0,0,0,0,0,0,0,0,0,0,0,0,0,0,0,0,0,0,0,0,0,0,0,0,0,0,0,0,0,0,0,0,0,0,0,0,0,6,10,24,12,13,26,0,0,0,88,79,168
10603111915,core,0,0,0,0,3,4,0,0,0,0,0,0,0,0,0,73,62,131,3,5,11,3,0,3,0,0,0,0,0,0,0,0,0,0,0,4,86,70,152,0,0,0,0,0,0,0,0,0,0,0,0,0,0,0,0,0,0,0,0,0,0,0,0,0,0,0,0,0,0,0,0,0,0,0,0,0,0,0,0,0,0,3,0,5,0,0,0,0,0,0,0,0,0,0,0,0,14,12,26,18,31,55,0,0,0,117,125,238
10603111916,core,0,0,0,0,0,0,0,0,0,0,0,0,0,0,0,62,37,104,5,3,6,5,0,5,0,0,0,0,0,0,0,0,0,0,0,4,76,51,123,0,0,0,0,0,0,0,0,0,0,0,0,0,0,0,0,0,0,0,0,0,0,0,0,0,0,0,0,0,0,0,0,0,0,0,0,0,0,0,0,0,0,0,0,0,0,0,0,0,0,0,0,0,0,0,0,0,8,15,27,14,27,41,0,0,0,100,96,192
10603111917,core,0,0,0,0,0,0,0,0,0,0,0,0,0,0,0,0,0,0,0,0,0,0,0,0,0,0,0,0,0,0,0,0,0,0,0,0,0,0,0,0,0,0,0,0,0,0,0,0,0,0,0,0,0,0,0,0,0,0,0,0,0,0,0,0,0,0,0,0,0,0,0,0,0,0,0,0,0,0,0,0,0,0,0,0,0,0,0,0,0,0,0,0,0,0,0,0,0,0,0,0,0,0,0,0,0,0,0,0
10603111918,core,0,0,0,0,0,0,0,0,0,0,0,0,0,0,0,44,37,81,3,0,3,0,0,0,0,0,0,0,0,0,0,0,0,0,4,3,51,41,97,0,0,0,0,0,0,0,0,0,0,0,0,0,0,0,0,0,0,0,0,0,0,0,0,0,0,0,0,0,0,0,0,0,0,0,0,0,0,0,0,0,0,0,0,0,0,0,0,0,0,0,0,0,0,0,0,0,22,19,41,9,15,30,0,0,0,85,82,165
10603111919,core,0,0,0,0,0,0,0,0,0,0,0,0,0,0,0,0,0,0,0,0,0,0,0,0,0,0,0,0,0,0,0,0,0,0,0,0,0,0,0,0,0,0,0,0,0,0,0,0,0,0,0,0,0,0,0,0,0,0,0,0,0,0,0,0,0,0,0,0,0,0,0,0,0,0,0,0,0,0,0,0,0,0,0,0,0,0,0,0,0,0,0,0,0,0,0,0,0,0,0,0,0,0,0,0,0,0,0,0
10603111921,core,0,0,0,0,0,0,0,0,0,0,0,0,0,0,0,6,3,8,0,0,0,0,0,0,0,0,0,0,0,0,0,0,0,0,0,0,6,3,8,0,0,0,0,0,0,0,0,0,0,0,0,0,0,0,0,0,0,0,0,0,0,0,0,0,0,0,0,0,0,0,0,0,0,0,0,0,0,0,0,0,0,0,0,0,0,0,0,0,0,0,0,0,0,0,0,0,0,0,0,3,0,7,0,0,0,4,3,14
10603111922,core,0,0,0,0,5,5,0,0,0,0,0,0,0,0,0,58,30,95,5,3,9,5,0,5,0,0,0,0,0,0,0,0,0,0,3,4,69,45,111,0,0,0,0,0,0,0,0,0,0,0,0,0,0,0,0,0,0,0,0,0,0,0,0,0,0,0,0,0,0,0,0,0,0,0,0,0,0,0,0,0,0,0,0,0,0,0,0,0,0,0,0,0,0,0,0,0,14,25,38,12,20,29,0,0,0,92,91,188
10603112001,core,0,0,0,0,0,0,0,0,0,0,0,0,0,0,0,0,4,6,0,0,0,0,0,0,0,0,0,0,0,0,0,0,0,0,0,0,0,4,7,0,0,0,0,0,0,0,0,0,0,0,0,0,0,0,0,0,0,0,0,0,0,0,0,0,0,0,0,0,0,0,0,0,0,0,0,0,0,0,0,0,0,0,0,0,0,0,0,0,0,0,0,0,0,0,0,0,0,0,0,0,0,0,0,0,0,3,6,3
10603112002,core,0,0,0,0,0,0,0,0,0,0,0,0,0,0,0,47,31,81,0,0,0,0,0,0,0,0,0,0,0,0,0,0,0,0,0,0,51,36,89,0,0,0,0,0,0,0,0,0,0,0,0,0,0,0,0,0,0,0,0,0,0,0,0,0,0,0,0,0,0,0,0,0,0,0,0,0,0,0,0,0,0,0,0,0,0,0,0,0,0,0,0,0,0,0,0,0,7,16,23,8,12,17,0,0,0,67,57,124
10603112003,core,0,0,0,0,0,0,0,0,0,0,0,0,0,0,0,35,24,56,0,0,0,0,0,0,0,0,0,0,0,0,0,0,0,0,0,4,33,26,62,0,0,0,0,0,0,0,0,0,0,0,0,0,0,0,0,0,0,0,0,0,0,0,0,0,0,0,0,0,0,0,0,0,0,0,0,0,0,0,0,0,0,0,0,0,0,0,0,0,0,0,0,0,0,0,0,0,5,3,12,7,11,16,0,0,0,51,42,96
10603112004,core,0,0,0,0,0,0,0,0,0,0,0,0,0,0,0,57,38,100,4,5,3,5,0,5,0,0,0,0,0,0,0,0,0,0,0,0,70,44,111,0,0,0,0,0,0,0,0,0,0,0,0,0,0,0,0,0,0,0,0,0,0,0,0,0,0,0,0,0,0,0,0,0,0,0,0,0,0,0,0,0,0,0,0,0,0,0,0,0,0,0,0,0,0,0,0,0,6,12,20,12,13,27,0,0,0,91,71,159
10603112005,core,0,0,0,0,0,0,0,0,0,0,0,0,0,0,0,0,0,0,0,0,0,0,0,0,0,0,0,0,0,0,0,0,0,0,0,0,0,0,0,0,0,0,0,0,0,0,0,0,0,0,0,0,0,0,0,0,0,0,0,0,0,0,0,0,0,0,0,0,0,0,0,0,0,0,0,0,0,0,0,0,0,0,0,0,0,0,0,0,0,0,0,0,0,0,0,0,0,0,0,0,0,0,0,0,0,0,0,0
10603112006,core,0,0,0,0,0,3,0,0,0,0,0,0,0,0,0,71,46,115,3,3,8,0,0,0,0,0,0,0,0,0,0,0,0,4,3,6,85,57,135,0,0,0,0,0,0,0,0,0,0,0,0,0,0,0,0,0,0,0,0,0,0,0,0,0,0,0,0,0,0,0,0,0,0,0,0,0,0,0,0,0,0,0,0,0,0,0,0,0,0,0,0,0,0,0,0,0,8,13,19,11,16,30,0,0,3,105,84,187
10603112007,core,0,0,0,0,0,0,0,0,0,0,0,0,0,0,0,32,22,54,0,0,4,0,0,0,0,0,0,0,0,0,0,0,0,0,0,0,33,30,62,0,0,0,0,0,0,0,0,0,0,0,0,0,0,0,0,0,0,0,0,0,0,0,0,0,0,0,0,0,0,0,0,0,0,0,0,0,0,0,0,0,0,0,0,0,0,0,0,0,0,0,0,0,0,0,0,0,12,9,22,10,8,17,0,0,0,54,47,100
10603112008,core,0,0,0,0,3,3,0,0,0,0,0,0,0,0,0,69,63,133,3,4,12,3,0,3,0,0,0,0,0,0,0,0,0,4,3,10,74,76,153,0,0,0,0,0,0,0,0,0,0,0,0,0,0,0,0,0,0,0,0,0,0,0,0,0,0,0,0,0,0,0,0,0,0,0,0,0,0,0,4,0,4,4,0,4,0,0,0,0,0,0,0,0,0,0,0,0,14,14,30,12,25,39,0,0,9,108,121,225
10603112009,core,0,0,0,0,0,0,0,0,0,0,0,0,0,0,0,103,86,189,8,5,11,0,0,0,0,0,0,0,0,0,0,0,0,0,7,7,114,92,208,0,0,0,0,0,0,0,0,0,0,0,0,0,0,0,0,0,0,0,0,0,0,0,0,0,0,0,0,0,0,0,0,0,0,0,0,0,0,0,0,0,0,0,0,0,0,0,0,0,0,0,0,0,0,0,0,0,27,37,59,21,31,59,0,0,0,165,160,329
10603112010,core,0,0,0,0,0,0,0,0,0,0,0,0,0,0,0,84,52,138,13,6,14,0,0,0,0,0,0,0,0,0,0,0,0,0,0,0,99,59,155,0,0,0,0,0,0,0,0,0,0,0,0,0,0,0,0,0,0,0,0,0,0,0,0,0,0,0,0,0,0,0,0,0,0,0,0,0,0,0,0,0,0,0,0,0,0,0,0,0,0,0,0,0,0,0,0,0,7,12,25,12,38,46,0,0,0,123,108,232
10603112011,core,0,0,0,0,0,0,0,0,0,0,0,0,0,0,0,31,18,51,6,4,4,0,0,0,0,0,0,0,0,0,0,0,0,0,7,7,37,27,60,0,0,0,0,0,0,0,0,0,0,0,0,0,0,0,0,0,0,0,0,0,0,0,0,0,0,0,0,0,0,0,0,0,0,0,0,0,0,0,0,0,3,0,0,3,0,0,0,0,0,0,0,0,0,0,0,0,0,3,9,9,4,15,0,0,0,48,37,81
10603112012,core,0,0,0,0,0,0,0,0,0,0,0,0,0,0,0,54,36,86,3,0,3,0,0,0,0,0,0,0,0,0,0,0,0,6,0,4,55,32,96,0,0,0,0,0,0,0,0,0,0,0,0,0,0,0,0,0,0,0,0,0,0,0,0,0,0,0,0,0,0,0,0,0,0,0,0,0,0,0,0,0,0,0,0,0,0,0,0,0,0,0,0,0,0,0,0,0,6,15,19,3,11,15,0,0,0,71,59,132
10603112013,core,0,0,0,0,0,0,0,0,0,0,0,0,0,0,0,55,42,98,0,0,0,0,0,0,0,0,0,0,0,0,0,0,0,0,0,0,55,42,98,0,0,0,0,0,0,0,0,0,0,0,0,0,0,0,0,0,0,0,0,0,0,0,0,0,0,0,0,0,0,0,0,0,0,0,0,0,0,0,0,0,0,0,0,0,0,0,0,0,0,0,0,0,0,0,0,0,20,22,41,5,13,20,0,0,0,84,75,159
10603112014,core,0,0,0,0,0,0,0,0,0,0,0,0,0,0,0,64,44,112,7,0,9,7,0,7,0,0,0,0,0,0,0,0,0,3,4,3,76,49,130,0,0,0,0,0,0,0,0,0,0,0,0,0,0,0,0,0,0,0,0,0,0,0,0,0,0,0,0,0,0,0,0,0,0,0,0,0,0,0,0,0,0,0,0,0,0,0,0,0,0,0,0,0,0,0,0,0,7,9,22,3,13,18,0,0,0,94,74,169
10603112015,core,0,0,0,0,0,0,0,0,0,0,0,0,0,0,0,24,8,33,0,0,0,0,0,0,0,0,0,0,0,0,0,0,0,0,0,0,19,14,32,0,0,0,0,0,0,0,0,0,0,0,0,0,0,0,0,0,0,0,0,0,0,0,0,0,0,0,0,0,0,0,0,0,0,0,0,0,0,0,0,0,0,0,0,0,0,0,0,0,0,0,0,0,0,0,0,0,17,10,24,7,13,20,0,0,5,49,37,83
10603112016,core,0,0,0,0,0,4,0,0,0,0,0,0,0,0,0,73,61,136,5,0,7,5,0,5,0,0,0,0,0,0,0,0,0,0,3,3,87,72,161,0,0,0,0,0,0,0,0,0,0,0,0,0,0,0,0,0,0,0,0,0,0,0,0,0,0,0,0,0,0,0,0,0,0,0,0,0,0,0,0,0,0,0,0,0,0,0,0,0,0,0,0,0,0,0,0,0,8,9,18,22,23,41,0,0,0,117,102,217
10603112017,core,0,0,0,0,0,0,0,0,0,0,0,0,0,0,0,0,0,0,0,0,0,0,0,0,0,0,0,0,0,0,0,0,0,0,0,0,5,0,5,0,0,0,0,0,0,0,0,0,0,0,0,0,0,0,0,0,0,0,0,0,0,0,0,0,0,0,0,0,0,0,0,0,0,0,0,0,0,0,0,0,0,0,0,0,0,0,0,0,0,0,0,0,0,0,0,0,0,0,0,0,0,0,0,0,0,5,0,5
10603112018,core,0,0,0,0,0,0,0,0,0,0,0,0,0,0,0,63,48,113,8,0,8,0,0,0,0,0,0,0,0,0,0,0,0,0,0,0,75,49,119,0,0,0,0,0,0,0,0,0,0,0,0,0,0,0,0,0,0,0,0,0,0,0,0,0,0,0,0,0,0,0,0,0,0,0,0,0,0,0,0,0,0,0,0,0,0,0,0,0,0,0,0,0,0,0,0,0,3,12,20,13,21,33,0,0,0,94,81,172
10603112101,core,0,0,0,0,0,0,0,0,0,0,0,0,0,0,0,63,54,120,4,3,8,4,0,4,0,0,0,0,0,0,0,0,0,0,0,0,65,65,136,0,0,0,0,0,0,0,0,0,0,0,0,0,0,0,0,0,0,0,0,0,0,0,0,0,0,0,0,0,0,0,0,0,0,0,0,0,0,0,0,0,0,0,0,0,0,0,0,0,0,0,0,0,0,0,0,0,25,30,55,12,20,32,0,0,0,109,114,226
10603112102,core,0,0,0,0,0,0,0,0,0,0,0,0,0,0,0,39,28,74,4,6,10,4,0,4,4,0,4,0,0,0,0,0,0,4,0,4,54,35,92,0,0,0,0,0,0,0,0,0,0,0,0,0,0,0,0,0,0,0,0,0,0,0,0,0,0,0,0,0,0,0,0,0,0,0,0,0,0,0,0,0,0,0,0,0,0,0,0,0,0,0,0,0,0,0,0,0,21,28,52,23,11,35,0,0,0,93,82,178
10603112103,core,0,0,0,0,0,0,0,0,0,0,0,0,0,0,0,54,34,88,0,3,4,0,0,0,0,0,0,0,0,0,5,0,0,5,0,4,61,41,99,0,0,0,0,0,0,0,0,0,0,0,0,0,0,0,0,0,0,0,0,0,0,0,0,0,0,0,0,0,0,0,0,0,0,0,0,0,0,0,0,0,0,0,0,0,0,0,0,0,0,0,0,0,0,0,0,0,22,16,38,12,26,35,0,0,0,99,79,173
10603112104,core,0,0,0,0,0,0,0,0,0,0,0,0,0,0,0,36,27,63,0,0,0,0,0,0,0,0,0,0,0,0,4,0,4,3,0,3,42,32,75,0,0,0,0,0,0,0,0,0,0,0,0,0,0,0,0,0,0,0,0,0,0,0,0,0,0,0,0,0,0,0,0,0,0,0,0,0,0,0,0,0,0,0,0,0,0,0,0,0,0,0,0,0,0,0,0,0,15,20,30,10,12,26,6,0,6,72,59,129
10603112105,core,0,0,0,0,0,0,0,0,0,0,0,0,0,0,0,32,31,60,0,0,0,0,0,0,0,0,0,0,0,0,0,0,0,0,7,7,39,30,70,0,0,0,0,0,0,0,0,0,0,0,0,0,0,0,0,0,0,0,0,0,0,0,0,0,0,0,0,0,0,0,0,0,0,0,0,0,0,0,0,0,0,0,0,0,0,0,0,0,0,0,0,0,0,0,0,0,8,13,23,6,14,20,0,0,0,55,62,114
10603112106,core,0,0,0,0,0,0,0,0,0,0,0,0,0,0,0,31,23,53,0,0,0,0,0,0,0,0,0,0,0,0,0,0,0,0,0,3,28,29,58,0,0,0,0,0,0,0,0,0,0,0,0,0,0,0,0,0,0,0,0,0,0,0,0,0,0,0,0,0,0,0,0,0,0,0,0,0,0,0,0,0,0,0,0,0,0,0,0,0,0,0,0,0,0,0,0,0,17,16,35,7,8,16,0,0,0,63,49,110
10603112107,core,0,0,0,0,0,0,0,0,0,0,0,0,0,0,0,34,20,50,0,0,0,0,0,0,0,0,0,0,0,4,0,0,0,0,0,0,40,21,58,0,0,0,0,0,0,0,0,0,0,0,0,0,0,0,0,0,0,0,0,0,0,0,0,0,0,0,0,0,0,0,0,0,0,0,0,0,0,0,0,0,0,0,0,0,0,0,0,0,0,0,0,0,0,0,0,0,4,9,8,6,6,17,0,0,0,50,36,86
10603112108,core,0,0,0,0,0,0,0,0,0,0,0,0,0,0,0,31,37,72,6,0,11,5,0,6,0,0,0,0,0,0,0,0,0,3,0,3,44,42,91,0,0,0,0,0,0,0,0,0,0,0,0,0,0,0,0,0,0,0,0,0,0,0,0,0,0,0,0,0,0,0,0,0,0,0,0,0,0,0,0,0,0,0,0,0,0,0,0,0,0,0,0,0,0,0,0,0,13,16,28,10,19,25,0,0,0,68,80,145
10603112109,core,0,0,0,0,0,0,0,0,0,0,0,0,0,0,0,50,47,96,4,5,11,0,0,0,0,0,0,0,0,0,0,0,0,0,0,0,56,56,105,0,0,0,0,0,0,0,0,0,0,0,0,0,0,0,0,0,0,0,0,0,0,0,0,0,0,0,0,0,0,0,0,0,0,0,0,0,0,0,0,0,0,0,0,0,0,0,0,0,0,0,0,0,0,0,0,0,16,19,30,15,17,34,0,0,0,87,92,170
10603112110,core,0,0,0,0,0,0,0,0,0,0,0,0,0,0,0,39,31,64,3,0,0,0,0,0,0,0,0,0,0,0,0,0,0,0,0,0,47,26,75,0,0,0,0,0,0,0,0,0,0,0,0,0,0,0,0,0,0,0,0,0,0,0,0,0,0,0,0,0,0,0,0,0,0,0,0,0,0,0,0,0,0,0,0,0,0,0,0,0,0,0,0,0,0,0,0,0,10,10,12,9,16,17,0,0,0,59,52,110
10603112111,core,0,0,0,0,0,0,0,0,0,0,0,0,0,0,0,0,0,0,0,0,0,0,0,0,0,0,0,0,0,0,0,0,0,0,0,0,0,0,0,0,0,0,0,0,0,0,0,0,0,0,0,0,0,0,0,0,0,0,0,0,0,0,0,0,0,0,0,0,0,0,0,0,0,0,0,0,0,0,0,0,0,0,0,0,0,0,0,0,0,0,0,0,0,0,0,0,0,0,0,0,0,0,0,0,0,0,0,0
10603112112,core,0,0,0,0,0,0,0,0,0,0,0,0,0,0,0,0,0,0,0,0,0,0,0,0,0,0,0,0,0,0,0,0,0,0,0,0,0,0,0,0,0,0,0,0,0,0,0,0,0,0,0,0,0,0,0,0,0,0,0,0,0,0,0,0,0,0,0,0,0,0,0,0,0,0,0,0,0,0,0,0,0,0,0,0,0,0,0,0,0,0,0,0,0,0,0,0,0,0,0,0,0,0,0,0,0,0,0,0
10603112113,core,0,0,0,0,0,0,0,0,0,0,0,0,0,0,0,14,14,23,0,0,0,0,0,0,0,0,0,0,0,0,0,0,0,3,0,3,16,14,28,0,0,0,0,0,0,0,0,0,0,0,0,0,0,0,0,0,0,0,0,0,0,0,0,0,0,0,0,0,0,0,0,0,0,0,0,0,0,0,0,0,0,0,0,0,0,0,0,0,0,0,0,0,0,0,0,0,4,0,4,0,3,3,0,0,0,19,13,34
10603112114,core,0,0,0,0,0,0,0,0,0,0,0,0,0,0,0,0,0,0,0,0,0,0,0,0,0,0,0,0,0,0,0,0,0,3,0,3,5,0,3,0,0,0,0,0,0,0,0,0,0,0,0,0,0,0,0,0,0,0,0,0,0,0,0,0,0,0,0,0,0,0,0,0,0,0,0,0,0,0,0,0,0,0,0,0,0,0,0,0,0,0,0,0,0,0,0,0,0,0,0,0,0,3,0,0,0,3,3,10
10603112115,core,0,0,0,0,0,0,0,0,0,0,0,0,0,0,0,55,52,109,6,0,0,0,0,0,0,0,0,0,0,0,0,0,0,7,10,22,76,61,137,0,0,0,0,0,0,0,0,0,0,0,0,0,0,0,0,0,0,0,0,0,0,0,0,0,0,0,0,0,0,0,0,0,0,0,0,0,0,0,0,0,0,3,0,3,0,0,0,0,0,0,0,0,0,0,0,0,12,23,37,18,22,49,0,0,0,112,112,221
10603112116,core,0,0,0,0,0,0,0,0,0,0,0,0,0,0,0,49,42,91,4,0,10,0,0,0,0,0,0,0,0,0,0,0,0,3,6,9,57,60,117,0,0,0,0,0,0,0,0,0,0,0,0,0,0,0,0,0,0,0,0,0,0,0,0,0,0,0,0,0,0,0,0,0,0,0,0,0,0,0,0,0,0,0,0,0,0,0,0,0,0,0,0,0,0,0,0,0,18,27,45,13,20,30,0,0,0,98,100,195
10603112117,core,0,0,0,0,0,0,0,0,0,0,0,0,0,0,0,0,0,3,0,0,0,0,0,0,0,0,0,0,0,0,0,0,0,0,0,0,0,0,3,0,0,0,0,0,0,0,0,0,0,0,0,0,0,0,0,0,0,0,0,0,0,0,0,0,0,0,0,0,0,0,0,0,0,0,0,0,0,0,0,0,0,0,0,0,0,0,0,0,0,0,0,0,0,0,0,0,0,0,0,0,0,0,0,0,0,0,3,3
10603112118,core,0,0,0,0,0,0,0,0,0,0,0,0,0,0,0,40,34,78,5,3,4,0,0,0,0,0,0,0,0,0,0,0,0,0,0,0,45,33,82,0,0,0,0,0,0,0,0,0,0,0,0,0,0,0,0,0,0,0,0,0,0,0,0,0,0,0,0,0,0,0,0,0,0,0,0,0,0,0,0,0,0,0,0,0,0,0,0,0,0,0,0,0,0,0,0,0,27,20,49,16,9,29,0,0,0,90,72,161
10603112119,core,0,0,0,0,0,0,0,0,0,0,0,0,0,0,0,39,40,76,0,3,5,0,0,0,0,0,0,0,0,0,0,0,0,0,0,7,41,43,84,0,0,0,0,0,0,0,0,0,0,0,0,0,0,0,0,0,0,0,0,0,0,0,0,0,0,0,0,0,0,0,0,0,0,0,0,0,0,0,0,0,0,0,0,0,0,0,0,0,0,0,0,0,0,0,0,0,12,18,30,12,18,33,0,0,0,67,78,154
10603112120,core,0,0,0,0,0,0,0,0,0,0,0,0,0,0,0,40,33,71,0,0,0,0,0,0,0,0,0,0,0,0,0,0,0,0,0,0,47,36,76,0,0,0,0,0,0,0,0,0,0,0,0,0,0,0,0,0,0,0,0,0,0,0,0,0,0,0,0,0,0,0,0,0,0,0,0,0,0,0,0,0,0,0,0,0,0,0,0,0,0,0,0,0,0,0,0,0,7,13,17,9,11,20,0,0,0,64,49,111
10603112121,core,0,0,0,0,0,0,0,0,0,0,0,0,0,0,0,16,15,26,0,0,0,0,0,0,0,0,0,0,0,0,0,0,0,0,0,0,19,15,30,0,0,0,0,0,0,0,0,0,0,0,0,0,0,0,0,0,0,0,0,0,0,0,0,0,0,0,0,0,0,0,0,0,0,0,0,0,0,0,0,0,0,0,0,0,0,0,0,0,0,0,0,0,0,0,0,0,5,6,15,4,9,14,0,0,0,28,28,51
10603112122,core,0,0,0,0,0,0,0,0,0,0,0,0,0,0,0,30,18,50,0,4,4,0,0,0,0,0,0,0,0,0,0,0,0,0,0,0,35,23,51,0,0,0,0,0,0,0,0,0,0,0,0,0,0,0,0,0,0,0,0,0,0,0,0,0,0,0,0,0,0,0,0,0,0,0,0,0,0,0,0,0,0,0,0,0,0,0,0,0,0,0,0,0,0,0,0,0,17,11,24,8,12,22,0,0,0,53,48,98
10603112123,core,0,0,0,0,0,0,0,0,0,0,0,0,0,0,0,37,33,64,6,0,3,0,0,0,0,0,0,0,0,3,0,0,0,0,0,0,44,32,74,0,0,0,0,0,0,0,0,0,0,0,0,0,0,0,0,0,0,0,0,0,0,0,0,0,0,0,0,0,0,0,0,0,0,0,0,0,0,0,0,0,0,0,0,0,0,0,0,0,0,0,0,0,0,0,0,0,9,9,15,8,9,22,0,0,0,55,52,111
10603112124,core,0,0,0,0,0,0,0,0,0,0,0,0,0,0,0,38,41,81,3,0,5,0,0,0,0,0,0,0,0,0,0,0,0,0,0,0,47,44,89,0,0,0,0,0,0,0,0,0,0,0,0,0,0,0,0,0,0,0,0,0,0,0,0,0,0,0,0,0,0,0,0,0,0,0,0,0,0,0,0,0,0,0,0,0,0,0,0,0,0,0,0,0,0,0,0,0,11,12,22,8,23,36,0,0,0,62,81,138
10603112125,core,0,0,0,0,0,0,0,0,0,0,0,0,0,0,0,45,36,86,3,0,6,0,0,0,0,0,0,0,0,0,0,0,0,6,4,4,57,44,105,0,0,0,0,0,0,0,0,0,0,0,0,0,0,0,0,0,0,0,0,0,0,0,0,0,0,0,0,0,0,0,0,0,0,0,0,0,0,0,0,0,0,0,0,0,0,0,0,0,0,0,0,0,0,0,0,0,7,12,24,4,16,23,4,0,0,76,74,154
10603112126,core,0,0,0,0,0,0,0,0,0,0,0,0,0,0,0,31,33,64,6,3,9,0,0,0,0,0,0,0,0,0,0,0,0,0,0,0,44,34,77,0,0,0,0,0,0,0,0,0,0,0,0,0,0,0,0,0,0,0,0,0,0,0,0,0,0,0,0,0,0,0,0,0,0,0,0,0,0,0,0,0,0,0,0,0,0,0,0,0,0,0,0,0,0,0,0,0,22,21,39,5,14,15,0,0,0,72,62,132
10603112127,core,0,0,0,0,0,0,0,0,0,0,0,0,0,0,0,59,37,97,4,5,8,0,0,0,0,0,0,0,0,0,0,0,0,0,0,0,62,46,110,0,0,0,0,0,0,0,0,0,0,0,0,0,0,0,0,0,0,0,0,0,0,0,0,0,0,0,0,0,0,0,0,0,0,0,0,0,0,0,0,0,0,0,0,0,0,0,0,0,0,0,0,0,0,0,0,0,24,17,34,15,17,29,0,0,0,98,82,180
10603112128,core,0,0,0,0,0,0,0,0,0,0,0,0,0,0,0,54,37,93,3,0,6,0,0,0,0,0,0,0,0,0,0,0,0,4,5,9,65,46,109,0,0,0,0,0,0,0,0,0,0,0,0,0,0,0,0,0,0,0,0,0,0,0,0,0,0,0,0,0,0,0,0,0,0,0,0,0,0,0,0,0,0,0,0,0,0,0,0,0,0,0,0,0,0,0,0,0,11,20,27,8,18,33,0,0,3,93,88,179
10603112129,core,0,0,0,0,0,0,0,0,0,0,0,0,0,0,0,35,21,56,0,4,5,0,0,0,0,0,0,0,0,0,0,0,0,0,5,5,40,29,71,0,0,0,0,0,0,0,0,0,0,0,0,0,0,0,0,0,0,0,0,0,0,0,0,0,0,0,0,0,0,0,0,0,0,0,0,0,0,0,0,0,4,0,0,4,0,0,0,0,0,0,0,0,0,0,0,0,7,12,22,13,22,29,0,0,0,61,64,123
10603112130,core,0,0,0,0,0,0,0,0,0,0,0,0,0,0,0,39,27,65,6,0,6,0,0,0,0,0,0,0,0,0,0,0,0,0,0,0,40,29,71,0,0,0,0,0,0,0,0,0,0,0,0,0,0,0,0,0,0,0,0,0,0,0,0,0,0,0,0,0,0,0,0,0,0,0,0,0,0,0,0,0,0,0,0,0,0,0,0,0,0,0,0,0,0,0,0,0,19,17,35,8,15,26,0,0,0,70,58,128
10603112131,core,0,0,0,0,4,4,0,0,0,0,0,0,0,0,0,75,51,123,3,0,3,0,0,0,0,0,4,3,0,5,0,0,0,11,5,18,88,68,156,0,0,0,0,0,0,0,0,0,0,0,0,0,0,0,0,0,0,0,0,0,0,0,0,0,0,0,0,0,0,0,0,0,0,0,0,0,0,0,0,0,0,0,0,0,0,0,0,0,0,0,0,0,0,0,0,0,15,21,40,23,29,56,5,0,5,132,115,251
10603112133,core,0,0,0,0,0,0,0,0,0,0,0,0,0,0,0,30,26,56,0,4,3,0,0,0,0,0,0,0,0,0,0,0,0,0,0,0,28,31,65,0,0,0,0,0,0,0,0,0,0,0,0,0,0,0,0,0,0,0,0,0,0,0,0,0,0,0,0,0,0,0,0,0,0,0,0,0,0,0,0,0,0,0,0,0,0,0,0,0,0,0,0,0,0,0,0,0,20,16,37,16,18,31,0,0,0,61,66,132
10603112134,core,0,0,0,0,0,0,0,0,0,0,0,0,0,0,0,49,54,109,3,12,12,0,0,0,5,0,3,0,0,0,0,0,0,4,4,5,62,67,136,0,0,0,0,0,0,0,0,0,0,0,0,0,0,0,0,0,0,0,0,0,0,0,0,0,0,0,0,0,0,0,0,0,0,0,0,0,0,0,6,0,3,6,0,3,0,0,0,0,0,0,0,0,0,0,0,0,36,25,62,18,31,50,4,0,4,130,121,249
10603112135,core,0,0,0,0,0,0,0,0,0,0,0,0,0,0,0,98,72,173,6,8,14,4,0,4,0,0,0,0,0,0,0,0,0,0,6,4,111,87,195,0,0,0,0,0,0,0,0,0,0,0,0,0,0,0,0,0,0,0,0,0,0,0,0,0,0,0,0,0,0,0,0,0,0,0,0,0,0,0,0,0,0,0,0,0,0,0,0,0,0,0,0,0,0,0,0,0,48,49,98,29,38,66,0,0,0,185,174,359
10603112136,core,0,0,0,0,0,0,0,0,0,0,0,0,0,0,0,56,52,113,0,6,10,4,0,4,0,0,0,0,0,0,0,0,0,4,0,3,63,68,128,0,0,0,0,0,0,0,0,0,0,0,0,0,0,0,0,0,0,0,0,0,0,0,0,0,0,0,0,0,0,0,0,0,0,0,0,0,0,0,3,0,3,3,0,3,0,0,0,0,0,0,0,0,0,0,0,0,12,19,30,22,23,44,0,0,0,98,105,204
10603112137,core,0,0,0,0,0,0,0,0,0,0,0,0,0,0,0,50,53,103,3,5,11,0,0,0,0,0,0,0,0,0,0,0,0,0,0,0,55,55,111,0,0,0,0,0,0,0,0,0,0,0,0,0,0,0,0,0,0,0,0,0,0,0,0,0,0,0,0,0,0,0,0,0,0,0,0,0,0,0,0,0,0,0,0,3,0,0,0,0,0,0,0,0,0,0,0,0,25,15,39,10,24,34,0,0,0,97,94,193
10603112138,core,0,0,0,0,0,0,0,0,0,0,0,0,0,0,0,81,62,139,4,0,7,0,0,0,0,0,0,0,0,3,0,0,0,0,6,6,87,71,161,0,0,0,0,0,0,0,0,0,0,0,0,0,0,0,0,0,0,0,0,0,0,0,0,0,0,0,0,0,0,0,0,0,0,0,0,0,0,0,0,0,0,0,0,0,0,0,0,0,0,0,0,0,0,0,0,0,33,35,68,23,25,47,0,0,0,140,131,269
10603112139,core,0,0,0,0,0,0,0,0,0,0,0,0,0,0,0,35,36,78,5,13,12,0,0,0,0,0,0,0,0,0,0,0,0,0,0,4,42,45,91,0,0,0,0,0,0,0,0,0,0,0,0,0,0,0,0,0,0,0,0,0,0,0,0,0,0,0,0,0,0,0,0,0,0,0,0,0,0,0,0,0,0,0,0,0,0,0,0,0,0,0,0,0,0,0,0,0,23,17,38,9,17,24,0,0,0,78,81,157
10603112140,core,0,0,0,0,0,0,0,0,0,0,0,0,0,0,0,35,37,65,3,0,9,0,0,0,0,0,0,0,0,0,0,0,0,0,4,8,39,45,81,0,0,0,0,0,0,0,0,0,0,0,0,0,0,0,0,0,0,0,0,0,0,0,0,0,0,0,0,0,0,0,0,0,0,0,0,0,0,0,0,0,0,0,0,0,0,0,0,0,0,0,0,0,0,0,0,0,8,7,16,9,15,21,0,0,0,50,65,120
10603112141,core,0,0,0,0,0,0,0,0,0,0,0,0,0,0,0,54,47,102,5,4,10,0,0,0,0,0,0,0,0,5,0,0,0,0,0,0,63,51,118,0,0,0,0,0,0,0,0,0,0,0,0,0,0,0,0,0,0,0,0,0,0,0,0,0,0,0,0,0,0,0,0,0,0,0,0,0,0,0,0,0,0,0,0,0,0,0,0,0,0,0,0,0,0,0,0,0,16,28,49,20,26,49,0,0,0,104,111,213
10603112142,core,0,0,0,0,0,0,0,0,0,0,0,0,0,0,0,39,28,66,0,0,3,0,0,0,0,0,0,0,0,0,0,0,0,0,0,0,43,26,76,0,0,0,0,0,0,0,0,0,0,0,0,0,0,0,0,0,0,0,0,0,0,0,0,0,0,0,0,0,0,0,0,4,0,0,0,0,0,4,0,0,0,0,0,4,0,0,0,0,0,0,0,0,0,0,0,0,11,20,35,4,8,12,0,0,0,70,55,124
10603112143,core,0,0,0,0,0,0,0,0,0,0,0,0,0,0,0,52,53,106,0,5,5,0,0,0,0,0,0,0,0,0,0,0,0,5,7,8,61,61,128,0,0,0,0,0,0,0,0,0,0,0,0,0,0,0,0,0,0,0,0,0,0,0,0,0,0,0,0,0,0,0,0,0,0,0,0,0,0,0,0,0,0,0,0,0,0,0,0,0,0,0,0,0,0,0,0,0,10,7,15,17,30,47,4,3,0,94,96,190
10603112144,core,0,0,0,0,0,0,0,0,0,0,0,0,0,0,0,43,38,82,3,3,4,5,0,5,0,0,0,0,0,0,0,0,0,0,3,3,53,46,92,0,0,0,0,0,0,0,0,0,0,0,0,0,0,0,0,0,0,0,0,0,0,0,0,0,0,0,0,0,0,0,0,0,0,0,0,0,0,0,0,0,0,0,0,0,0,0,0,0,0,0,0,0,0,0,0,0,18,16,33,11,16,26,0,3,3,87,73,161
10603112145,core,0,0,0,0,0,0,0,0,0,0,0,0,0,0,0,53,39,88,3,4,10,0,0,0,0,0,0,0,0,0,0,0,0,3,0,5,59,53,108,0,0,0,0,0,0,0,0,0,0,0,0,0,0,0,0,0,0,0,0,0,0,0,0,0,0,0,0,0,0,0,0,0,0,0,0,0,0,0,0,0,0,0,0,0,0,0,0,0,0,0,0,0,0,0,0,0,17,20,35,11,22,39,0,0,0,88,97,183
10603112146,core,0,0,0,0,4,0,0,0,0,0,0,0,0,0,0,9,14,20,0,0,0,0,0,0,0,0,0,0,0,0,0,0,0,4,8,8,15,19,34,0,0,0,0,0,0,0,0,0,0,0,0,0,0,0,0,0,0,0,0,0,0,0,0,0,0,0,0,0,0,0,0,0,0,0,0,0,0,0,0,0,0,0,0,0,0,0,0,0,0,0,0,0,0,0,0,0,7,7,12,4,7,9,0,0,0,27,38,61
10603112147,core,0,0,0,0,0,0,0,0,0,0,0,0,0,0,0,46,42,89,3,0,4,0,0,0,0,0,0,0,0,0,0,0,0,0,3,3,50,48,102,0,0,0,0,0,0,0,0,0,0,0,0,0,0,0,0,0,0,0,0,0,0,0,0,0,0,0,0,0,0,0,0,0,0,0,0,0,0,0,0,0,0,0,0,0,0,0,0,0,0,0,0,0,0,0,0,0,12,12,19,10,15,25,0,0,5,73,82,150
10603112148,core,0,0,0,0,0,0,0,0,0,0,0,0,0,0,0,59,40,99,10,7,12,0,0,0,0,0,0,0,0,0,0,0,0,3,8,8,69,52,126,0,0,0,0,0,0,0,0,0,0,0,0,0,0,0,0,0,0,0,0,0,0,0,0,0,0,0,0,0,0,0,0,0,0,0,0,0,0,0,0,0,0,0,0,0,0,0,0,0,0,0,0,0,0,0,0,0,10,15,30,11,17,36,0,0,0,94,95,187
10603112149,core,0,0,0,0,0,0,0,0,0,0,0,0,0,0,0,49,58,110,4,3,7,0,0,0,0,0,0,0,0,0,0,0,0,0,0,3,62,60,121,0,0,0,0,0,0,0,0,0,0,0,0,0,0,0,0,0,0,0,0,0,0,0,0,0,0,0,0,0,0,0,0,0,0,0,0,0,0,0,0,0,0,3,0,3,0,0,0,0,0,0,0,0,0,0,0,0,23,15,40,15,20,32,0,0,0,97,101,198
10603112150,core,0,0,0,0,0,0,0,0,0,0,0,0,0,0,0,28,27,56,4,0,6,0,0,0,0,0,0,0,0,0,0,0,0,0,0,0,32,31,62,0,0,0,0,0,0,0,0,0,0,0,0,0,0,0,0,0,0,0,0,0,0,0,0,0,0,0,0,0,0,0,0,0,0,0,0,0,0,0,0,0,0,0,0,0,0,0,0,0,0,0,0,0,0,0,0,0,7,7,14,4,11,19,0,0,0,47,48,98
10603112151,core,0,0,0,0,0,0,0,0,0,0,0,0,0,0,0,64,49,112,4,4,8,0,0,0,0,0,0,0,0,0,0,0,0,0,0,0,65,53,120,0,0,0,0,0,0,0,0,0,0,0,0,0,0,0,0,0,0,0,0,0,0,0,0,0,0,0,0,0,0,0,0,0,0,0,0,0,0,0,0,0,0,0,0,0,0,0,0,0,0,0,0,0,0,0,0,0,9,8,19,10,27,34,0,0,0,88,89,179
10603112152,core,0,0,0,0,0,0,0,0,0,0,0,0,0,0,0,38,23,64,0,0,5,0,0,0,0,0,0,0,0,0,0,0,0,8,5,9,45,31,77,0,0,0,0,0,0,0,0,0,0,0,0,0,0,0,0,0,0,0,0,0,0,0,0,0,0,0,0,0,0,0,0,0,0,0,0,0,0,0,0,0,3,0,0,3,0,0,0,0,0,0,0,0,0,0,0,0,8,6,11,10,11,21,0,0,3,65,55,117
10603112153,core,0,0,0,0,0,0,0,0,0,0,0,0,0,0,0,54,48,108,6,5,9,0,0,0,0,0,0,0,0,0,4,0,4,3,0,5,66,57,124,0,0,0,0,0,0,0,0,0,0,0,0,0,0,0,0,0,0,0,0,0,0,0,0,0,0,0,0,0,0,0,0,0,0,0,0,0,0,0,0,0,0,0,0,0,0,0,0,0,0,0,0,0,0,0,0,0,17,15,28,21,24,43,0,0,0,100,95,191
10603112154,core,0,0,0,0,0,0,0,0,0,0,0,0,0,0,0,48,37,89,4,5,5,0,0,0,0,0,0,0,0,0,0,0,0,0,0,0,56,43,100,0,0,0,0,0,0,0,0,0,0,0,0,0,0,0,0,0,0,0,0,0,0,0,0,0,0,0,0,0,0,0,0,0,0,0,0,0,0,0,0,0,0,0,0,0,0,0,0,0,0,0,0,0,0,0,0,0,12,19,33,10,12,29,0,0,0,88,76,162
10603112155,core,0,0,0,0,0,0,0,0,0,0,0,0,0,0,0,47,34,81,0,3,5,0,0,0,0,0,0,0,0,0,0,0,0,0,0,0,48,36,89,0,0,0,0,0,0,0,0,0,0,0,0,0,0,0,0,0,0,0,0,0,0,0,0,0,0,0,0,0,0,0,0,0,0,0,0,0,0,0,0,0,0,0,0,4,0,0,0,0,0,0,0,0,0,0,0,0,12,13,28,7,10,15,4,0,4,77,62,137
10603112156,core,0,0,0,0,0,0,0,0,0,0,0,0,0,0,0,36,29,64,0,0,4,0,0,0,0,0,0,0,0,0,0,0,3,0,0,0,45,34,73,0,0,0,0,0,0,0,0,0,0,0,0,0,0,0,0,0,0,0,0,0,0,0,0,0,0,0,0,0,0,0,0,0,0,0,0,0,0,0,0,0,0,0,0,0,0,0,0,0,0,0,0,0,0,0,0,0,16,19,28,11,17,28,0,0,0,69,65,140
10603112157,core,0,0,0,0,0,0,0,0,0,0,0,0,0,0,0,45,36,84,0,5,8,0,0,0,0,0,0,0,0,0,0,0,0,7,3,9,55,43,101,0,0,0,0,0,0,0,0,0,0,0,0,0,0,0,0,0,0,0,0,0,0,0,0,0,0,0,0,0,0,0,0,0,0,0,0,0,0,0,0,0,0,0,0,0,0,0,0,0,0,0,0,0,0,0,0,0,7,9,24,10,13,20,0,0,0,73,68,141
10603112158,core,0,0,0,0,0,3,0,0,0,0,0,0,0,0,0,48,39,86,3,5,8,0,0,0,0,0,0,0,0,0,0,0,4,16,19,32,68,68,135,0,0,0,0,0,0,0,0,0,0,0,0,0,0,0,0,0,0,0,0,0,0,0,0,0,0,0,0,0,0,0,0,0,0,0,0,0,0,0,0,0,0,0,0,0,0,0,0,0,0,0,0,0,0,0,0,0,14,4,15,15,20,35,0,3,7,99,93,190
10603112201,core,0,0,0,0,0,0,0,0,0,0,0,0,0,0,0,98,81,180,10,4,16,0,0,0,0,0,0,0,0,0,0,0,0,0,0,4,117,86,200,0,0,0,0,0,0,0,0,0,0,0,0,0,0,0,0,0,0,0,0,0,0,0,0,0,0,0,0,0,0,0,0,0,0,0,0,0,0,0,0,0,0,0,0,0,0,0,0,0,0,0,0,0,0,0,0,0,14,14,24,15,30,48,0,4,6,146,130,278
10603112202,core,0,0,0,0,0,0,0,0,0,0,0,0,0,0,0,29,14,42,0,0,0,0,0,0,0,0,0,0,0,0,0,0,0,0,0,0,35,14,48,0,0,0,0,0,0,0,0,0,0,0,0,0,0,0,0,0,0,0,0,0,0,0,0,0,0,0,0,0,0,0,0,0,0,0,0,0,0,0,0,0,0,0,0,0,0,0,0,0,0,0,0,0,0,0,0,0,3,7,7,4,3,11,0,0,0,46,22,71
10603112203,core,0,0,0,0,0,0,0,0,0,0,0,0,0,0,0,0,0,0,0,0,0,0,0,0,0,0,0,0,0,0,0,0,0,0,0,0,0,0,0,0,0,0,0,0,0,0,0,0,0,0,0,0,0,0,0,0,0,0,0,0,0,0,0,0,0,0,0,0,0,0,0,0,0,0,0,0,0,0,0,0,0,0,0,0,0,0,0,0,0,0,0,0,0,0,0,0,0,0,0,0,0,0,0,0,0,0,0,0
10603112204,core,0,0,0,0,0,0,0,0,0,0,0,0,0,0,0,47,44,93,4,0,4,0,0,0,0,0,0,0,0,4,0,0,0,5,0,7,60,48,100,0,0,0,0,0,0,0,0,0,0,0,0,0,0,0,0,0,0,0,0,0,0,0,0,0,0,0,0,0,0,0,0,0,0,0,0,0,0,0,0,0,0,0,0,0,0,0,0,0,0,0,0,0,0,0,0,0,5,9,13,4,12,16,0,0,0,73,65,140
10603112205,core,0,0,0,0,0,0,0,0,0,0,0,0,0,0,0,53,54,102,4,8,16,0,0,0,0,0,0,0,0,0,0,0,0,0,0,3,62,62,125,0,0,0,0,0,0,0,0,0,0,0,0,0,0,0,0,0,0,0,0,0,0,0,0,0,0,0,0,0,0,0,0,0,0,0,0,0,0,0,0,0,0,0,0,0,0,0,0,0,0,0,0,0,0,0,0,0,12,12,18,12,21,33,0,0,0,77,98,177
10603112206,core,0,0,0,0,0,0,0,0,0,0,0,0,0,0,0,59,55,117,0,0,0,0,0,0,0,0,0,0,0,0,0,0,0,3,0,4,68,64,123,0,0,0,0,0,0,0,0,0,0,0,0,0,0,0,0,0,0,0,0,0,0,0,0,0,0,0,0,0,0,0,0,0,0,0,0,0,0,0,0,0,0,3,0,3,0,0,0,0,0,0,0,0,0,0,0,0,7,8,15,13,15,27,0,0,0,90,82,167
10603112207,core,0,0,0,5,0,5,0,0,0,0,0,0,0,0,0,46,43,80,0,7,11,3,0,3,0,0,0,0,0,0,0,0,0,0,4,7,57,47,106,0,0,0,0,0,0,0,0,0,0,0,0,0,0,0,0,0,0,0,0,0,0,0,0,0,0,0,0,0,0,0,0,0,0,0,0,0,0,0,0,0,0,0,0,0,0,0,0,0,0,0,0,0,0,0,0,0,0,3,3,3,3,7,0,0,0,58,57,121
10603112208,core,0,0,0,0,0,0,0,0,0,0,0,0,0,0,0,33,33,68,4,4,10,0,0,0,0,0,0,0,0,0,0,3,3,0,5,5,36,35,79,0,0,0,0,0,0,0,0,0,0,0,0,0,0,0,0,0,0,0,0,0,0,0,0,0,0,0,0,0,0,0,0,0,0,0,0,0,0,0,0,0,0,0,0,0,0,0,0,0,0,0,0,0,0,0,0,0,4,7,15,7,8,13,0,0,0,51,57,112
10603112209,core,0,0,0,0,0,0,0,0,0,0,0,0,0,0,0,62,52,118,5,0,3,3,0,3,0,0,0,0,0,0,0,0,0,0,3,0,72,55,131,0,0,0,0,0,0,0,0,0,0,0,0,0,0,0,0,0,0,0,0,0,0,0,0,0,0,0,0,0,0,0,0,0,0,0,0,0,0,0,0,0,0,0,0,4,0,0,0,0,0,0,0,0,0,0,0,0,16,16,22,9,13,23,0,0,0,95,85,178
10603112210,core,0,0,0,0,0,0,0,0,0,0,0,0,0,0,0,85,55,138,5,6,9,0,0,0,0,0,0,0,0,0,0,0,0,5,5,7,102,67,160,0,0,0,0,0,0,0,0,0,0,0,0,0,0,0,0,0,0,0,0,0,0,0,0,0,0,0,0,0,0,0,0,0,0,0,0,0,0,0,3,0,3,3,0,3,0,0,0,0,0,0,0,0,0,0,0,0,10,20,34,16,23,45,0,0,0,131,111,243
10603112211,core,0,0,0,0,0,0,0,0,0,0,0,0,0,0,0,39,18,55,0,0,0,3,0,3,3,0,3,0,0,0,0,0,0,3,5,10,54,19,74,0,0,0,0,0,0,0,0,0,0,0,0,0,0,0,0,0,0,0,0,0,0,0,0,0,0,0,0,0,0,0,0,0,0,0,0,0,0,0,0,0,0,0,0,0,0,0,0,0,0,0,0,0,0,0,0,0,8,10,18,3,11,17,0,0,0,67,47,109
10603112212,core,0,0,0,0,0,0,0,0,0,0,0,0,0,0,0,61,55,111,3,3,5,6,0,6,0,0,0,0,0,0,0,0,0,3,4,6,67,64,129,0,0,0,0,0,0,0,0,0,0,0,0,0,0,0,0,0,0,0,0,0,0,0,0,0,0,0,0,0,0,0,0,0,0,0,0,0,0,0,0,0,0,0,0,0,0,0,0,0,0,0,0,0,0,0,0,0,4,12,18,16,19,34,0,0,4,92,98,186
10603112213,core,0,0,0,0,0,0,0,0,0,0,0,0,0,0,0,38,22,65,0,0,3,0,0,0,3,0,3,0,0,0,0,0,0,0,0,0,42,29,74,0,0,0,0,0,0,0,0,0,0,0,0,0,0,0,0,0,0,0,0,0,0,0,0,0,0,0,0,0,0,0,0,0,0,0,0,0,0,0,0,0,0,0,0,0,0,0,0,0,0,0,0,0,0,0,0,0,6,7,8,4,12,13,0,0,0,52,46,97
10603112214,core,0,0,0,0,0,0,0,0,0,0,0,0,0,0,0,43,33,77,4,8,11,0,0,0,0,0,0,0,0,0,0,0,0,0,0,0,50,45,90,0,0,0,0,0,0,0,0,0,0,0,0,0,0,0,0,0,0,0,0,0,0,0,0,0,0,0,0,0,0,0,0,0,0,0,0,0,0,0,0,0,0,0,0,0,0,0,0,0,0,0,0,0,0,0,0,0,0,10,9,4,10,21,0,0,0,57,63,120
10603112215,core,0,0,0,0,0,0,0,0,0,0,0,0,0,0,0,50,39,88,4,4,9,0,0,0,0,0,0,0,0,0,0,0,0,0,5,4,57,48,100,0,0,0,0,0,0,0,0,0,0,0,0,0,0,0,0,0,0,0,0,0,0,0,0,0,0,0,0,0,0,0,0,0,0,0,0,0,0,0,0,0,0,0,0,0,0,0,0,0,0,0,0,0,0,0,0,0,11,9,16,6,20,24,0,0,4,73,77,148
10603112216,core,0,0,0,0,0,0,0,0,0,0,0,0,0,0,0,65,50,119,0,4,3,0,0,0,0,0,0,0,0,0,0,0,0,0,0,0,67,54,127,0,0,0,0,0,0,0,0,0,0,0,0,0,0,0,0,0,0,0,0,0,0,0,0,0,0,0,0,0,0,0,0,0,0,0,0,0,0,0,0,0,0,0,0,0,0,0,0,0,0,0,0,0,0,0,0,0,6,12,16,6,19,28,0,0,0,85,83,172
10603112217,core,0,0,0,3,0,5,0,0,0,0,0,0,0,0,0,132,119,245,10,7,16,4,0,0,0,0,0,0,0,0,0,0,3,0,0,0,145,135,279,0,0,0,0,0,0,0,0,0,0,0,0,0,0,0,0,0,0,0,0,0,0,0,0,0,0,0,0,0,0,0,0,0,0,0,0,0,0,0,0,0,0,0,0,4,0,0,0,0,0,0,0,0,0,0,0,0,17,28,48,32,36,64,0,0,0,197,199,395
10603112218,core,0,0,0,0,0,0,0,0,0,0,0,0,0,0,0,62,56,115,3,4,8,0,0,0,0,0,0,0,0,0,0,0,0,0,0,0,70,62,134,0,0,0,0,0,0,0,0,0,0,0,0,0,0,0,0,0,0,0,0,0,0,0,0,0,0,0,0,0,0,0,0,0,0,0,0,0,0,0,0,0,0,0,0,0,0,0,0,0,0,0,0,0,0,0,0,0,11,8,18,10,13,17,0,0,0,88,79,171
10603112219,core,0,0,0,0,0,0,0,0,0,0,0,0,0,0,0,75,58,133,3,4,9,0,0,0,0,0,0,0,0,0,0,0,0,0,0,0,78,63,142,0,0,0,0,0,0,0,0,0,0,0,0,0,0,0,0,0,0,0,0,0,0,0,0,0,0,0,0,0,0,0,0,0,0,0,0,0,0,0,0,0,0,0,0,0,0,0,0,0,0,0,0,0,0,0,0,0,11,15,22,10,14,23,0,0,0,93,88,189
10603112220,core,0,0,0,3,0,3,0,0,0,0,0,0,0,0,0,50,36,83,0,0,5,4,0,4,0,0,0,0,0,0,0,0,5,0,0,0,55,39,94,0,0,0,0,0,0,0,0,0,0,0,0,0,0,0,0,0,0,0,0,0,0,0,0,0,0,0,0,0,0,0,0,0,0,0,0,0,0,0,4,0,4,4,0,4,0,0,0,0,0,0,0,0,0,0,0,0,9,9,14,4,23,25,0,0,0,74,73,142
10603112221,core,0,0,0,0,0,0,0,0,0,0,0,0,0,0,0,81,75,158,8,3,11,0,0,0,0,0,0,0,0,0,0,0,0,0,0,0,101,81,181,0,0,0,0,0,0,0,0,0,0,0,0,0,0,0,0,0,0,0,0,0,0,0,0,0,0,0,0,0,0,0,3,3,0,0,0,0,3,3,0,0,0,0,3,3,0,0,0,0,0,0,0,0,0,0,0,0,13,23,33,9,19,24,0,0,0,121,124,239
10603112222,core,0,0,0,0,0,0,0,0,0,0,0,0,0,0,0,48,36,81,6,8,10,0,0,0,0,0,0,0,0,0,0,0,0,0,0,0,52,43,89,0,0,0,0,0,0,0,0,0,0,0,0,0,0,0,0,0,0,0,0,0,0,0,0,0,0,0,0,0,0,0,0,0,0,0,0,0,0,0,0,0,0,0,0,3,0,0,0,0,0,0,0,0,0,0,0,0,9,9,12,18,15,32,0,4,6,72,68,143
10603112223,core,0,0,0,0,0,0,0,0,0,0,0,0,0,0,0,41,35,78,11,0,12,4,0,4,0,0,0,0,0,0,0,0,0,0,0,0,54,38,89,0,0,0,0,0,0,0,0,0,0,0,0,0,0,0,0,0,0,0,0,0,0,0,0,0,0,0,0,0,0,0,0,0,0,0,0,0,0,0,0,0,0,0,0,0,0,0,0,0,0,0,0,0,0,0,0,0,3,3,4,9,5,15,0,0,0,64,49,117
10603112224,core,0,0,0,0,0,0,0,0,0,0,0,0,0,0,0,40,25,61,0,0,0,0,0,0,0,0,0,0,0,0,0,0,0,0,0,0,35,25,64,0,0,0,0,0,0,0,0,0,0,0,0,0,0,0,0,0,0,0,0,0,0,0,0,0,0,0,0,0,0,0,0,0,0,0,0,0,0,0,0,0,0,0,0,0,0,0,0,0,0,0,0,0,0,0,0,0,0,3,10,4,7,13,0,0,0,47,34,89
10603112225,core,0,0,0,0,0,0,0,0,0,0,0,0,0,0,0,73,60,131,5,0,8,3,0,3,4,0,4,0,0,0,0,0,0,0,0,0,78,69,142,0,0,0,0,0,0,0,0,0,0,0,0,0,0,0,0,0,0,0,0,0,0,0,0,0,0,0,0,0,0,0,0,0,0,0,0,0,0,0,0,0,4,0,0,4,0,0,0,0,0,0,0,0,0,0,0,0,12,14,20,12,16,26,0,0,0,104,98,200
10603112226,core,0,0,0,0,0,0,0,0,0,0,0,0,0,0,0,79,60,144,7,7,9,6,0,6,0,0,0,0,0,0,0,0,0,0,0,0,94,69,162,0,0,0,0,0,0,0,0,0,0,0,0,0,0,0,0,0,0,0,0,0,0,0,0,0,0,0,0,0,0,0,0,0,0,0,0,0,0,0,0,0,0,0,0,0,0,0,0,0,0,0,0,0,0,0,0,0,14,11,23,14,21,33,0,3,6,111,106,220
10603112227,core,0,0,0,0,3,3,0,0,0,0,0,0,0,0,0,115,82,200,5,9,15,0,0,0,0,0,0,0,0,0,0,0,0,3,0,4,128,95,223,0,0,0,0,0,0,0,0,0,0,0,0,0,0,0,0,0,0,0,0,0,0,0,0,0,0,0,0,0,0,0,0,0,0,0,0,0,0,0,0,0,0,0,0,4,0,0,0,0,0,0,0,0,0,0,0,0,20,38,58,18,38,62,0,0,0,176,170,343
10603112228,core,0,0,0,0,0,0,0,0,0,0,0,0,0,0,0,105,77,178,6,3,16,0,0,0,0,0,0,0,0,0,0,0,0,0,0,0,113,78,197,0,0,0,0,0,0,0,0,0,0,0,0,0,0,0,0,0,0,0,0,0,0,0,0,0,0,0,0,0,0,0,0,0,0,0,0,0,0,0,0,0,0,0,0,0,0,0,0,0,0,0,0,0,0,0,0,0,15,18,26,23,19,36,0,0,4,151,116,268
10603112230,core,0,0,0,0,0,5,0,0,0,0,0,0,0,0,0,78,44,124,16,9,22,7,0,7,0,0,0,0,0,0,0,0,0,9,8,15,108,69,174,0,0,0,0,0,0,0,0,0,0,0,0,0,0,0,0,0,0,0,0,0,0,0,0,0,0,0,0,0,0,0,0,0,0,0,0,0,0,0,5,0,5,5,0,6,0,0,0,0,0,0,0,0,0,0,0,0,13,18,32,18,13,33,0,5,4,145,105,247
10603112232,core,0,0,0,0,0,0,0,0,0,0,0,0,0,0,0,0,4,4,0,0,0,0,0,0,0,0,0,0,0,0,0,0,0,0,0,0,0,4,7,0,0,0,0,0,0,0,0,0,0,0,0,0,0,0,0,0,0,0,0,0,0,0,0,0,0,0,0,0,0,0,0,0,0,0,0,0,0,0,0,0,0,0,0,0,0,0,0,0,0,0,0,0,0,0,0,0,0,0,0,0,0,0,0,0,0,0,4,7
10603112233,core,0,0,0,0,0,0,0,0,0,0,0,0,0,0,0,57,33,97,4,0,9,4,0,4,0,0,0,0,0,0,0,0,0,0,0,4,71,36,109,0,0,0,0,0,0,0,0,0,0,0,0,0,0,0,0,0,0,0,0,0,0,0,0,0,0,0,0,0,0,0,0,0,0,0,0,0,0,0,0,0,0,0,0,0,0,0,0,0,0,0,0,0,0,0,0,0,10,11,19,9,13,18,0,0,0,83,68,152
10603112234,core,0,0,0,0,0,0,0,0,0,0,0,0,0,0,0,33,30,58,0,5,8,0,0,0,0,0,0,0,0,0,0,0,4,0,0,0,37,35,70,0,0,0,0,0,0,0,0,0,0,0,0,0,0,0,0,0,0,0,0,0,0,0,0,0,0,0,0,0,0,0,0,0,0,0,0,0,0,0,0,0,0,0,0,0,0,0,0,0,0,0,0,0,0,0,0,0,4,11,12,11,10,16,0,0,0,48,47,101
10603112235,core,0,0,0,0,0,0,0,0,0,0,0,0,0,0,0,174,139,312,15,7,26,9,0,9,0,0,0,0,0,0,4,0,4,4,0,5,203,148,347,0,0,0,0,0,0,0,0,0,0,0,0,0,0,0,0,0,0,0,0,0,0,0,0,0,0,0,0,0,0,0,0,0,0,0,0,0,0,0,0,0,0,0,0,0,0,0,0,0,0,0,0,0,0,0,0,0,29,39,72,31,55,87,5,4,5,264,246,505
10603112236,core,0,0,0,0,4,4,0,0,0,0,0,0,0,0,0,21,25,51,0,0,0,3,0,3,0,0,0,0,0,0,0,0,0,4,0,6,34,26,62,0,0,0,0,0,0,0,0,0,0,0,0,0,0,0,0,0,0,0,0,0,0,0,0,0,0,0,0,0,0,0,0,0,0,0,0,0,0,0,0,0,0,0,0,0,0,0,0,0,0,0,0,0,0,0,0,0,12,12,17,3,7,10,0,0,6,51,51,100
10603112301,core,0,0,0,0,0,0,0,0,0,0,0,0,0,0,0,50,52,101,0,0,0,3,0,3,0,0,0,0,0,0,0,0,0,0,0,0,57,52,107,0,0,0,0,0,0,0,0,0,0,0,0,0,0,0,0,0,0,0,0,0,0,0,0,0,0,0,0,0,0,0,0,0,0,0,0,0,0,0,0,0,0,0,0,0,0,0,0,0,0,0,0,0,0,0,0,0,8,15,23,7,13,20,0,0,0,71,73,148
10603112302,core,0,0,0,0,0,0,0,0,0,0,0,0,0,0,0,49,46,97,0,0,3,0,0,0,0,0,0,0,0,0,0,0,0,0,0,0,58,49,104,0,0,0,0,0,0,0,0,0,0,0,0,0,0,0,0,0,0,0,0,0,0,0,0,0,0,0,0,0,0,0,0,0,0,0,0,0,0,0,0,0,0,0,0,0,0,0,0,0,0,0,0,0,0,0,0,0,8,14,25,11,15,21,3,0,3,78,83,159
10603112303,core,0,0,0,0,0,0,0,0,0,0,0,0,0,0,0,90,44,140,0,0,0,6,0,6,0,0,0,0,0,0,0,3,3,0,6,5,100,56,150,0,0,0,0,0,0,0,0,0,0,0,0,0,0,0,0,0,0,0,0,0,0,0,0,0,0,0,0,0,0,0,0,0,0,0,0,0,0,0,0,0,0,0,0,0,0,0,0,0,0,0,0,0,0,0,0,0,8,21,32,11,26,43,0,0,0,126,111,232
10603112304,core,0,0,0,0,0,0,0,0,0,0,0,0,0,0,0,81,60,140,4,4,10,0,0,0,0,0,0,0,0,0,0,0,0,0,0,0,88,67,155,0,0,0,0,0,0,0,0,0,0,0,0,0,0,0,0,0,0,0,0,0,0,0,0,0,0,0,0,0,0,0,0,0,0,0,0,0,0,0,0,0,0,0,0,0,0,0,0,0,0,0,0,0,0,0,0,0,18,23,40,20,19,36,0,0,0,127,116,236
10603112305,core,0,0,0,0,0,0,0,0,0,0,0,0,0,0,0,95,68,159,7,4,9,3,0,3,0,0,0,0,0,0,0,0,0,0,0,0,104,70,176,0,0,0,0,0,0,0,0,0,0,0,0,0,0,0,0,0,0,0,0,0,0,0,0,0,0,0,0,0,0,0,0,0,0,0,0,0,0,0,0,0,0,0,0,0,0,0,0,0,0,0,0,0,0,0,0,0,24,31,53,22,29,55,0,0,0,154,134,290
10603112306,core,0,0,0,0,0,0,0,0,0,0,0,0,0,0,0,35,29,64,0,0,3,0,0,0,0,0,0,0,0,0,0,0,0,0,0,0,34,28,63,0,0,0,0,0,0,0,0,0,0,0,0,0,0,0,0,0,0,0,0,0,0,0,0,0,0,0,0,0,0,0,0,0,0,0,0,0,0,0,0,0,0,0,0,0,0,0,0,0,0,0,0,0,0,0,0,0,5,10,17,6,9,16,0,0,0,49,49,99
10603112307,core,0,0,0,0,0,0,0,0,0,0,0,0,0,0,0,45,28,66,3,4,7,3,0,3,0,0,0,0,0,0,0,0,0,0,0,3,48,27,77,0,0,0,0,0,0,0,0,0,0,0,0,0,0,0,0,0,0,0,0,0,0,0,0,0,0,0,0,0,0,0,0,0,0,0,0,0,0,0,6,0,6,6,0,6,0,0,0,0,0,0,0,0,0,0,0,0,13,28,39,7,10,16,0,0,0,69,67,134
10603112308,core,0,0,0,0,0,0,0,0,0,0,0,0,0,0,0,65,62,126,3,0,7,0,0,0,0,0,0,0,0,0,0,0,0,0,0,0,71,66,134,0,0,0,0,0,0,0,0,0,0,0,0,0,0,0,0,0,0,0,0,0,0,0,0,0,0,0,0,0,0,0,0,0,0,0,0,0,0,0,0,0,0,0,0,0,0,0,0,0,0,0,0,0,0,0,0,0,20,26,49,14,19,35,0,0,4,104,117,220
10603112309,core,0,0,0,0,0,0,0,0,0,0,0,0,0,0,0,56,50,110,0,3,3,9,0,9,0,0,0,0,0,0,0,0,0,0,0,0,63,57,121,0,0,0,0,0,0,0,0,0,0,0,0,0,0,0,0,0,0,0,0,0,0,0,0,0,0,0,0,0,0,0,0,0,0,0,0,0,0,0,0,0,0,0,0,3,0,0,0,0,0,0,0,0,0,0,0,0,19,24,44,16,20,31,0,0,0,101,101,199
10603112310,core,0,0,0,0,0,0,0,0,0,0,0,0,0,0,0,97,84,184,3,6,9,0,0,0,0,0,0,0,0,0,0,0,0,5,3,12,113,93,205,0,0,0,0,0,0,0,0,0,0,0,0,0,0,0,0,0,0,0,0,0,0,0,0,0,0,0,0,0,0,0,0,0,0,0,0,0,0,0,0,0,0,0,0,0,0,0,0,0,0,0,0,0,0,0,0,0,27,34,58,21,29,54,0,0,0,165,159,327
10603112311,core,0,0,0,0,0,0,0,0,0,0,0,0,0,0,0,70,51,123,0,3,9,0,0,0,0,0,0,0,0,0,0,0,0,0,0,0,78,62,135,0,0,0,0,0,0,0,0,0,0,0,0,0,0,0,0,0,0,0,0,0,0,0,0,0,0,0,0,0,0,0,0,0,0,0,0,0,0,0,0,0,0,0,0,0,0,0,0,0,0,0,0,0,0,0,0,0,14,16,36,17,11,26,0,4,6,111,92,203
10603112312,core,0,0,0,0,0,0,0,0,0,0,0,0,0,0,0,70,44,117,5,0,4,5,0,5,0,0,0,0,0,0,0,0,0,7,0,6,79,51,129,0,0,0,0,0,0,0,0,0,0,0,0,0,0,0,0,0,0,0,0,0,0,0,0,0,0,0,0,0,0,0,0,0,0,0,0,0,0,0,0,0,0,0,0,0,0,0,0,0,0,0,0,0,0,0,0,0,17,19,34,11,16,31,0,0,0,107,88,198
10603112313,core,0,0,0,0,0,0,0,0,0,0,0,0,0,0,0,55,58,108,3,0,0,3,0,3,0,0,0,0,0,0,0,0,4,3,0,3,70,60,126,0,0,0,0,0,0,0,0,0,0,0,0,0,0,0,0,0,0,0,0,0,0,0,0,0,0,0,0,0,0,0,0,0,0,0,0,0,0,0,0,0,0,0,0,0,0,0,0,0,0,0,0,0,0,0,0,0,18,42,63,12,18,33,0,0,3,106,121,228
10603112314,core,0,0,0,0,0,0,0,0,0,0,0,0,0,0,0,54,28,86,3,7,11,7,0,7,0,0,0,0,0,0,0,0,0,0,0,6,70,36,102,0,0,0,0,0,0,0,0,0,0,0,0,0,0,0,0,0,0,0,0,0,0,0,0,0,0,0,0,0,0,0,0,0,0,0,0,0,0,0,0,0,0,0,0,0,0,0,0,0,0,0,0,0,0,0,0,0,13,30,43,9,12,24,0,0,0,88,81,173
10603112315,core,0,0,0,0,0,0,0,0,0,0,0,0,0,0,0,50,38,88,0,4,0,0,0,0,3,0,3,0,0,0,0,0,0,0,4,3,59,47,98,0,0,0,0,0,0,0,0,0,0,0,0,0,0,0,0,0,0,0,0,0,0,0,0,0,0,0,0,0,0,0,0,0,0,0,0,0,0,0,0,0,0,0,0,0,0,0,0,0,0,0,0,0,0,0,0,0,13,25,39,9,6,16,0,0,0,77,79,158
10603112402,external,0,0,0,0,0,0,0,0,0,0,0,0,0,0,0,39,14,58,3,3,8,0,0,0,0,0,0,0,0,0,0,0,0,4,5,6,46,20,70,0,0,0,0,0,0,0,0,0,0,0,0,0,0,0,0,0,0,0,0,0,0,0,0,0,0,0,0,0,0,0,0,0,0,0,0,0,0,0,0,0,0,0,0,0,0,0,0,0,0,0,0,0,0,0,0,0,16,22,34,5,8,18,0,0,4,73,48,122
10603112403,external,0,0,0,0,0,0,0,0,0,0,0,0,0,0,0,38,30,68,7,4,7,0,0,0,0,0,0,0,0,0,0,0,0,0,5,5,41,36,80,0,0,0,0,0,0,0,0,0,0,0,0,0,0,0,0,0,0,0,0,0,0,0,0,0,0,0,0,0,0,0,0,0,0,0,0,0,0,0,0,0,0,0,0,0,0,0,0,0,0,0,0,0,0,0,0,0,11,6,16,7,16,29,0,0,0,63,60,129
10603112404,external,0,0,0,0,0,0,0,0,0,0,0,0,0,0,0,36,33,68,3,0,3,3,0,0,0,0,0,0,0,0,0,0,0,0,0,0,42,33,77,0,0,0,0,0,0,0,0,0,0,0,0,0,0,0,0,0,0,0,0,0,0,0,0,0,0,0,0,0,0,0,0,0,0,0,0,0,0,0,0,0,0,0,0,0,0,0,0,0,0,0,0,0,0,0,0,0,12,4,23,8,9,12,0,5,5,60,48,111
10603112405,external,0,0,0,0,0,0,0,0,0,0,0,0,0,0,0,26,18,40,0,3,4,0,0,0,0,0,0,0,0,0,0,0,0,0,3,6,35,27,54,0,0,0,0,0,0,0,0,0,0,0,0,0,0,0,0,0,0,0,0,0,0,0,0,0,0,0,0,0,0,0,0,0,0,0,0,0,0,0,3,0,3,3,0,3,0,0,0,0,0,0,0,0,0,0,0,0,6,4,8,5,7,12,0,0,3,41,39,83
10603112406,external,0,0,0,0,0,0,0,0,0,0,0,0,0,0,0,29,28,64,0,0,4,0,0,0,0,0,0,0,0,0,0,0,0,0,0,0,30,34,67,0,0,0,0,0,0,0,0,0,0,0,0,0,0,0,0,0,0,0,0,0,0,0,0,0,0,0,0,0,0,0,0,0,0,0,0,0,0,0,0,0,0,0,0,0,0,0,0,0,0,0,0,0,0,0,0,0,5,11,10,0,8,7,0,0,0,44,48,88
10603112407,external,0,0,0,0,0,0,0,0,0,0,0,0,0,0,0,35,18,50,0,0,0,0,0,0,0,0,0,4,0,4,0,0,0,4,0,4,44,27,73,0,0,0,0,0,0,0,0,0,0,0,0,0,0,0,0,0,0,0,0,0,0,0,0,0,0,0,0,0,0,0,0,0,0,0,0,0,0,0,0,0,0,0,0,0,0,0,0,0,0,0,0,0,0,0,0,0,7,4,15,0,6,11,0,0,0,57,39,93
10603112408,external,0,0,0,0,0,0,0,0,0,0,0,0,0,0,0,25,26,48,0,0,0,0,0,0,0,0,0,0,0,0,0,0,0,3,10,12,34,31,67,0,0,0,0,0,0,0,0,0,0,0,0,0,0,0,0,0,0,0,0,0,0,0,0,0,0,0,0,0,0,0,0,0,0,0,0,0,0,0,0,0,0,0,0,0,0,0,0,0,0,0,0,0,0,0,0,0,10,12,21,4,12,20,0,0,0,46,56,102
10603112409,external,0,0,0,0,0,0,0,0,0,0,0,0,0,0,0,28,23,54,0,4,3,0,0,0,0,0,0,0,0,0,0,0,4,0,0,0,33,24,59,0,0,0,0,0,0,0,0,0,0,0,0,0,0,0,0,0,0,0,0,0,0,0,0,0,0,0,0,0,0,0,0,0,0,0,0,0,0,0,0,0,0,0,0,0,0,0,0,0,0,0,0,0,0,0,0,0,9,19,25,15,14,19,0,0,0,56,55,108
10603112411,external,0,0,0,0,0,0,0,0,0,0,0,0,0,0,0,40,33,70,0,9,6,3,0,3,0,0,0,0,0,3,0,0,5,6,10,17,57,52,104,0,0,0,0,0,0,0,0,0,0,0,0,0,0,0,0,0,0,0,0,0,0,0,0,0,0,0,0,0,0,0,0,0,0,0,0,0,0,0,0,0,0,0,0,0,0,0,0,0,0,0,0,0,0,0,0,0,26,23,47,14,9,28,3,0,3,105,82,184
10603112412,external,0,0,0,0,0,0,0,0,0,0,0,0,0,0,0,29,32,60,7,0,9,0,0,0,0,0,0,0,0,0,0,0,0,0,0,0,34,35,75,0,0,0,0,0,0,0,0,0,0,0,0,0,0,0,0,0,0,0,0,0,0,0,0,0,0,0,0,0,0,0,0,0,0,0,0,0,0,0,0,0,0,0,0,0,0,0,0,0,0,0,0,0,0,0,0,0,14,15,32,4,4,11,0,0,0,51,61,113
10603112413,external,0,0,0,0,0,0,0,0,0,0,0,0,0,0,0,55,45,95,0,5,8,0,0,0,0,0,0,0,0,0,0,0,0,0,0,0,58,47,107,0,0,0,0,0,0,0,0,0,0,0,0,0,0,0,0,0,0,0,0,0,0,0,0,0,0,0,0,0,0,0,0,0,0,0,0,0,0,0,0,0,0,0,0,0,0,0,0,0,0,0,0,0,0,0,0,0,17,19,35,12,13,24,0,0,0,80,81,163
10603112414,external,0,0,0,0,0,0,0,0,0,0,0,0,0,0,0,14,12,23,0,0,3,0,0,0,0,0,0,0,0,0,0,0,0,0,0,0,18,10,26,0,0,0,0,0,0,0,0,0,0,0,0,0,0,0,0,0,0,0,0,0,0,0,0,0,0,0,0,0,0,0,0,0,0,0,0,0,0,0,0,0,0,0,0,0,0,0,0,0,0,0,0,0,0,0,0,0,4,4,5,0,0,0,0,0,0,25,18,41
10603112415,external,0,0,0,0,0,0,0,0,0,0,0,0,0,0,0,0,0,0,0,0,0,0,0,0,0,0,0,0,0,0,0,0,0,0,0,0,0,0,0,0,0,0,0,0,0,0,0,0,0,0,0,0,0,0,0,0,0,0,0,0,0,0,0,0,0,0,0,0,0,0,0,0,0,0,0,0,0,0,0,0,0,0,0,0,0,0,0,0,0,0,0,0,0,0,0,0,0,0,0,0,0,0,0,0,0,0,0,0
10603112416,external,0,0,0,0,0,0,0,0,0,0,0,0,0,0,0,0,0,0,0,0,0,0,0,0,0,0,0,0,0,0,0,0,0,0,0,0,0,0,0,0,0,0,0,0,0,0,0,0,0,0,0,0,0,0,0,0,0,0,0,0,0,0,0,0,0,0,0,0,0,0,0,0,0,0,0,0,0,0,0,0,0,0,0,0,0,0,0,0,0,0,0,0,0,0,0,0,0,0,0,0,0,0,0,0,0,0,0,0
10603112417,external,0,0,0,0,0,0,0,0,0,0,0,0,0,0,0,29,23,53,0,0,5,0,0,0,0,0,0,0,0,0,0,0,0,0,6,3,31,25,55,0,0,0,0,0,0,0,0,0,0,0,0,0,0,0,0,0,0,0,0,0,0,0,0,0,0,0,0,0,0,0,0,0,0,0,0,0,0,0,0,0,0,0,0,0,0,0,0,0,0,0,0,0,0,0,0,0,4,11,18,12,6,20,0,0,0,51,45,93
10603112418,external,0,0,0,0,0,0,0,0,0,0,0,0,0,0,0,21,18,43,0,3,4,0,0,0,0,0,0,0,0,0,0,0,0,0,0,5,26,27,49,0,0,0,0,0,0,0,0,0,0,0,0,0,0,0,0,0,0,0,0,0,0,0,0,0,0,0,0,0,0,0,0,0,0,0,0,0,0,0,0,0,0,0,0,0,0,0,0,0,0,0,0,0,0,0,0,0,0,4,9,10,6,12,0,0,0,36,40,74
10603112419,external,0,0,0,0,0,0,0,0,0,0,0,0,0,0,0,0,5,5,0,0,0,0,0,0,0,0,0,0,0,0,0,0,0,0,0,4,5,3,6,0,0,0,0,0,0,0,0,0,0,0,0,0,0,0,0,0,0,0,0,0,0,0,0,0,0,0,0,0,0,0,0,0,0,0,0,0,0,0,0,0,0,0,0,0,0,0,0,0,0,0,0,0,0,0,0,0,0,0,0,0,0,0,0,0,0,5,3,8
10603112420,external,0,0,0,0,0,0,0,0,0,0,0,0,0,0,0,4,3,3,0,0,0,0,0,0,0,0,0,0,0,0,0,0,0,0,0,0,4,3,3,0,0,0,0,0,0,0,0,0,0,0,0,0,0,0,0,0,0,0,0,0,0,0,0,0,0,0,0,0,0,0,0,0,0,0,0,0,0,0,0,0,0,0,0,0,0,0,0,0,0,0,0,0,0,0,0,0,5,9,12,3,0,8,0,0,0,8,17,28
10603112421,external,0,0,0,0,0,0,0,0,0,0,0,0,0,0,0,10,6,15,0,3,3,0,0,0,0,0,0,0,0,0,0,0,0,0,3,5,14,10,24,0,0,0,0,0,0,0,0,0,0,0,0,0,0,0,0,0,0,0,0,0,0,0,0,0,0,0,0,0,0,0,0,0,0,0,0,0,0,0,0,0,0,0,0,0,0,0,0,0,0,0,0,0,0,0,0,0,5,4,8,0,0,0,0,0,0,18,19,36
10603112422,external,0,0,0,0,0,0,0,0,0,0,0,0,0,0,0,14,10,25,0,0,0,0,0,0,0,0,0,0,0,0,0,0,0,0,0,5,12,9,25,0,0,0,0,0,0,0,0,0,0,0,0,0,0,0,0,0,0,0,0,0,0,0,0,0,0,0,0,0,0,0,0,0,0,0,0,0,0,0,0,0,0,0,0,0,0,0,0,0,0,0,0,0,0,0,0,0,3,9,5,3,0,12,0,0,0,25,19,43
10603112501,core,0,0,0,0,0,0,0,0,0,0,0,0,0,0,0,29,14,47,0,0,0,0,0,0,0,0,0,0,0,0,0,0,0,0,0,0,32,18,51,0,0,0,0,0,0,0,0,0,0,0,0,0,0,0,0,0,0,0,0,0,0,0,0,0,0,0,0,0,0,0,0,0,0,0,0,0,0,0,0,0,0,0,0,0,0,0,0,0,0,0,0,0,0,0,0,0,0,6,9,13,12,18,0,0,0,41,33,79
10603112502,core,0,0,0,0,0,0,0,0,0,0,0,0,0,0,0,89,62,148,8,0,11,7,0,7,0,0,0,0,0,0,0,0,0,0,6,5,105,62,170,0,0,0,0,0,0,0,0,0,0,0,0,0,0,0,0,0,0,0,0,0,0,0,0,0,0,0,0,0,0,0,0,0,0,0,0,0,0,0,0,0,0,0,0,0,0,0,0,0,0,0,0,0,0,0,0,0,9,16,18,19,16,37,0,0,0,128,102,231
10603112503,core,0,0,0,0,0,0,0,0,0,0,0,0,0,0,0,70,50,116,5,5,7,3,0,3,0,0,0,0,0,0,0,0,0,4,0,5,76,54,133,0,0,0,0,0,0,0,0,0,0,0,0,0,0,0,0,0,0,0,0,0,0,0,0,0,0,0,0,0,0,0,0,0,0,0,0,0,0,0,0,0,0,0,0,0,0,0,0,0,0,0,0,0,0,0,0,0,27,28,54,26,25,48,3,0,0,129,109,242
10603112505,core,0,0,0,0,0,0,0,0,0,0,0,0,0,0,0,0,0,0,0,0,0,0,0,0,0,0,0,0,0,0,0,0,0,0,0,0,0,0,0,0,0,0,0,0,0,0,0,0,0,0,0,0,0,0,0,0,0,0,0,0,0,0,0,0,0,0,0,0,0,0,0,0,0,0,0,0,0,0,0,0,0,0,0,0,0,0,0,0,0,0,0,0,0,0,0,0,0,0,0,0,0,0,0,0,0,0,0,0
10603112506,core,0,0,0,0,0,0,0,0,0,0,0,0,0,0,0,80,56,132,0,0,7,6,0,6,0,0,0,0,0,0,0,0,0,0,0,3,91,57,152,0,0,0,0,0,0,0,0,0,0,0,0,0,0,0,0,0,0,0,0,0,0,0,0,0,0,0,0,0,0,0,0,0,0,0,0,0,0,0,0,3,3,0,3,3,0,0,0,0,0,0,0,0,0,0,0,0,17,26,47,24,23,42,0,0,0,130,108,244
10603112507,core,0,0,0,0,0,5,0,0,0,0,0,0,0,0,0,74,57,128,0,5,3,9,0,9,0,0,0,0,0,0,0,0,0,7,0,5,93,59,153,0,0,0,0,0,0,0,0,0,0,0,0,0,0,0,0,0,0,0,0,0,0,0,0,0,0,0,0,0,0,0,0,0,0,0,0,0,0,0,0,0,0,0,0,0,0,0,0,0,0,0,0,0,0,0,0,0,12,20,30,13,22,43,0,0,0,123,107,223
10603112508,core,0,0,0,0,0,0,0,0,0,0,0,0,0,0,0,0,0,0,0,0,0,0,0,0,0,0,0,0,0,0,0,0,0,0,0,0,0,0,0,0,0,0,0,0,0,0,0,0,0,0,0,0,0,0,0,0,0,0,0,0,0,0,0,0,0,0,0,0,0,0,0,0,0,0,0,0,0,0,0,0,0,0,0,0,0,0,0,0,0,0,0,0,0,0,0,0,0,0,0,0,0,0,0,0,0,0,0,0
10603112509,core,0,0,0,0,0,0,0,0,0,0,0,0,0,0,0,14,0,21,4,0,4,0,0,0,0,0,0,0,0,0,0,0,0,5,8,11,23,14,35,0,0,0,0,0,0,0,0,0,0,0,0,0,0,0,0,0,0,0,0,0,0,0,0,0,0,0,0,0,0,0,0,0,0,0,0,0,0,0,0,0,0,0,0,0,0,0,0,0,0,0,0,0,0,0,0,0,3,0,4,3,0,6,0,0,0,29,15,46
10603112510,core,0,0,0,0,0,0,0,0,0,0,0,0,0,0,0,48,19,67,3,5,8,0,0,0,0,0,0,0,0,0,0,0,0,0,0,0,49,22,71,0,0,0,0,0,0,0,0,0,0,0,0,0,0,0,0,0,0,0,0,0,0,0,0,0,0,0,0,0,0,0,0,0,0,0,0,0,0,0,0,0,0,0,0,0,0,0,0,0,0,0,0,0,0,0,0,0,4,6,13,7,13,17,0,0,0,66,46,107
10603112512,core,0,0,0,0,0,0,0,0,0,0,0,0,0,0,0,52,34,91,0,6,6,0,0,0,0,0,0,0,0,0,0,0,0,0,0,0,58,46,104,0,0,0,0,0,0,0,0,0,0,0,0,0,0,0,0,0,0,0,0,0,0,0,0,0,0,0,0,0,0,0,0,0,0,0,0,0,0,0,0,0,0,0,0,0,0,0,0,0,0,0,0,0,0,0,0,0,11,20,30,12,17,28,0,0,0,81,75,162
10603112513,core,0,0,0,0,0,0,0,0,0,0,0,0,0,0,0,76,74,149,3,6,5,3,0,3,0,0,0,0,0,0,5,0,5,0,0,0,89,76,164,0,0,0,0,0,0,0,0,0,0,0,0,0,0,0,0,0,0,0,0,0,0,0,0,0,0,0,0,0,0,0,0,0,0,0,0,0,0,0,3,0,3,3,0,3,0,0,0,0,0,0,0,0,0,0,0,0,35,36,76,19,24,44,0,0,0,139,144,282
10603112514,core,0,0,0,0,0,0,0,0,0,0,0,0,0,0,0,10,4,13,0,0,0,0,0,0,0,0,0,0,0,0,0,0,0,0,0,0,10,7,14,0,0,0,0,0,0,0,0,0,0,0,0,0,0,0,0,0,0,0,0,0,0,0,0,0,0,0,0,0,0,0,0,0,0,0,0,0,0,0,0,0,0,0,0,0,0,0,0,0,0,0,0,0,0,0,0,0,0,4,5,0,7,8,0,0,0,12,12,28
10603112515,core,0,0,0,0,0,0,0,0,0,0,0,0,0,0,0,43,33,81,3,3,4,5,0,5,0,0,0,0,0,0,0,0,0,0,5,3,54,39,98,0,0,0,0,0,0,0,0,0,0,0,0,0,0,0,0,0,0,0,0,0,0,0,0,0,0,0,0,0,0,0,0,0,0,0,0,0,0,0,0,0,0,0,0,0,0,0,0,0,0,0,0,0,0,0,0,0,5,15,10,9,10,18,0,0,4,66,65,126
10603112516,core,0,0,0,0,0,0,0,0,0,0,0,0,0,0,0,61,48,110,0,7,7,5,0,5,0,0,0,0,0,0,0,0,0,0,6,3,63,56,125,0,0,0,0,0,0,0,0,0,0,0,0,0,0,0,0,0,0,0,0,0,0,0,0,0,0,0,0,0,0,0,0,0,0,0,0,0,0,0,0,4,3,0,4,3,0,0,0,0,0,0,0,0,0,0,0,0,18,18,36,7,9,12,0,0,4,90,89,180
10603112517,core,0,0,0,0,0,0,0,0,0,0,0,0,0,0,0,48,31,75,0,0,0,3,0,3,0,0,0,0,0,0,3,0,3,4,0,6,61,34,93,0,0,0,0,0,0,0,0,0,0,0,0,0,0,0,0,0,0,0,0,0,0,0,0,0,0,0,0,0,0,0,0,0,0,0,0,0,0,0,0,0,0,0,0,0,0,0,0,0,0,0,0,0,0,0,0,0,19,13,29,11,15,26,0,0,0,87,62,147
10603112518,core,0,0,0,3,0,7,0,0,0,0,0,0,0,0,0,82,69,145,0,3,3,5,0,8,0,0,0,0,0,0,0,0,3,0,3,5,93,80,174,0,0,0,0,0,0,0,0,0,0,0,0,0,0,0,0,0,0,0,0,0,0,0,0,0,0,0,0,0,0,0,0,0,0,0,0,0,0,0,0,0,0,0,0,0,0,0,0,0,0,0,0,0,0,0,0,0,22,38,61,18,32,53,0,0,0,131,149,283
10603112519,core,0,0,0,0,0,0,0,0,0,0,0,0,0,0,0,51,40,94,0,0,6,5,0,5,0,0,0,0,0,0,0,0,0,0,0,0,59,41,99,0,0,0,0,0,0,0,0,0,0,0,0,0,0,0,0,0,0,0,0,0,0,0,0,0,0,0,0,0,0,0,0,0,0,0,0,0,0,0,0,0,0,0,0,0,0,0,0,0,0,0,0,0,0,0,0,0,14,22,33,10,15,19,0,0,0,82,75,156
10603112520,core,0,0,0,0,0,0,0,0,0,0,0,0,0,0,0,50,34,73,6,3,6,0,0,0,0,0,0,0,0,0,0,0,0,4,0,6,56,34,88,0,0,0,0,0,0,0,0,0,0,0,0,0,0,0,0,0,0,0,0,0,0,0,0,0,0,0,0,0,0,0,0,0,0,0,0,0,0,0,0,0,0,0,0,0,0,0,0,0,0,0,0,0,0,0,0,0,13,21,35,13,13,29,0,0,0,83,74,153
10603112521,core,0,0,0,0,0,0,0,0,0,0,0,0,0,0,0,88,70,158,6,7,9,4,0,4,0,0,0,0,0,0,0,0,3,0,0,0,104,77,178,0,0,0,0,0,0,0,0,0,0,0,0,0,0,0,0,0,0,0,0,0,0,0,0,0,0,0,0,0,0,0,0,0,0,0,0,0,0,0,0,3,3,5,3,9,0,0,0,0,0,0,0,0,0,0,0,0,21,42,67,26,29,50,0,0,0,148,148,296
10603112522,core,0,0,0,0,0,0,0,0,0,0,0,0,0,0,0,48,43,93,6,7,11,0,0,0,0,0,0,0,0,0,0,0,0,5,3,7,58,53,114,0,0,0,0,0,0,0,0,0,0,0,0,0,0,0,0,0,0,0,0,0,0,0,0,0,0,0,0,0,0,0,0,0,0,0,0,0,0,0,0,0,0,0,0,0,0,0,0,0,0,0,0,0,0,0,0,0,19,19,36,14,13,21,0,0,0,90,86,172
10603112523,core,0,0,0,0,0,0,0,0,0,0,0,0,0,0,0,59,25,88,4,3,7,7,0,7,0,0,0,0,0,0,0,0,0,0,0,0,72,31,99,0,0,0,0,0,0,0,0,0,0,0,0,0,0,0,0,0,0,0,0,0,0,0,0,0,0,0,0,0,0,0,0,0,0,0,0,0,0,0,0,4,4,0,4,4,0,0,0,0,0,0,0,0,0,0,0,0,12,23,36,5,20,24,0,0,0,93,76,163
10603112524,core,0,0,0,0,0,0,0,0,0,0,0,0,0,0,0,85,65,156,4,4,4,0,0,0,0,0,0,0,0,0,0,0,0,0,0,0,96,69,164,0,0,0,0,0,0,0,0,0,0,0,0,0,0,0,0,0,0,0,0,0,0,0,0,0,0,0,0,0,0,0,0,0,0,0,0,0,0,0,0,0,3,0,0,3,0,0,0,0,0,0,0,0,0,0,0,0,17,25,44,20,25,42,0,0,0,131,114,253
10603112525,core,0,0,0,0,0,0,0,0,0,0,0,0,0,0,0,82,52,135,3,6,5,3,0,3,0,0,0,0,0,0,0,0,0,0,0,0,85,60,145,0,0,0,0,0,0,0,0,0,0,0,0,0,0,0,0,0,0,0,0,0,0,0,0,0,0,0,0,0,0,0,0,0,0,0,0,0,0,0,0,0,0,0,0,0,0,0,0,0,0,0,0,0,0,0,0,0,8,16,28,19,18,38,0,0,0,114,96,214
10603112526,core,0,0,0,0,0,0,0,0,0,0,0,0,0,0,0,50,36,91,0,3,3,4,0,4,0,0,0,0,0,0,0,0,0,0,0,0,56,42,97,0,0,0,0,0,0,0,0,0,0,0,0,0,0,0,0,0,0,0,0,0,0,0,0,0,0,0,0,0,0,0,0,0,0,0,0,0,0,0,0,0,0,0,0,0,0,0,0,0,0,0,0,0,0,0,0,0,6,19,32,5,17,23,0,0,0,72,80,154
10603112527,core,0,0,0,0,0,0,0,0,0,0,0,0,0,0,0,105,89,199,3,7,13,3,0,3,0,0,0,0,0,0,0,0,0,0,0,0,123,104,221,0,0,0,0,0,0,0,0,0,0,0,0,0,0,0,0,0,0,0,0,0,0,0,0,0,0,0,0,0,0,0,0,0,0,0,0,0,0,0,0,0,0,0,0,0,0,0,0,0,0,0,0,0,0,0,0,0,18,35,50,20,32,45,0,0,5,156,162,323
10603112528,core,0,0,0,0,0,0,0,0,0,0,0,0,0,0,0,92,59,144,4,0,4,0,0,0,0,0,0,0,0,0,0,0,0,0,0,0,92,61,159,0,0,0,0,0,0,0,0,0,0,0,0,0,0,0,0,0,0,0,0,0,0,0,0,0,0,0,0,0,0,0,0,0,0,0,0,0,0,0,3,0,3,3,0,3,0,0,0,0,0,0,0,0,0,0,0,0,13,18,28,13,15,28,0,0,0,121,91,215
10603112529,core,0,0,0,0,0,0,0,0,0,0,0,0,0,0,0,53,44,97,3,0,5,0,0,0,0,0,0,0,0,0,0,0,0,0,0,0,58,45,108,0,0,0,0,0,0,0,0,0,0,0,0,0,0,0,0,0,0,0,0,0,0,0,0,0,0,0,0,0,0,0,0,0,0,0,0,0,0,0,0,0,4,0,0,4,0,0,0,0,0,0,0,0,0,0,0,0,10,16,24,16,24,41,0,0,0,80,88,171
10603112530,core,0,0,0,0,0,0,0,0,0,0,0,0,0,0,0,87,70,156,0,5,7,3,0,3,0,0,0,0,0,0,0,0,0,3,0,3,97,75,168,0,0,0,0,0,0,0,0,0,0,0,0,0,0,0,0,0,0,0,0,0,0,0,0,0,0,0,0,0,0,0,0,0,0,0,0,0,0,0,0,0,0,0,0,0,0,0,0,0,0,0,0,0,0,0,0,0,20,32,53,11,25,35,0,0,0,132,128,262
10603112531,core,0,0,0,0,0,7,0,0,0,0,0,0,0,0,0,56,36,97,3,3,9,0,0,0,0,0,0,0,0,0,0,0,0,0,0,0,65,45,112,0,0,0,0,0,0,0,0,0,0,0,0,0,0,0,0,0,0,0,0,0,0,0,0,0,0,0,0,0,0,0,0,0,0,0,0,0,0,0,0,0,0,0,0,0,0,0,0,0,0,0,0,0,0,0,0,0,12,22,39,13,17,26,0,0,0,93,87,180
10603112532,core,0,0,0,0,0,0,0,0,0,0,0,0,0,0,0,38,35,68,4,3,5,3,0,3,0,0,0,0,0,0,0,0,0,0,0,0,47,35,83,0,0,0,0,0,0,0,0,0,0,0,0,0,0,0,0,0,0,0,0,0,0,0,0,0,0,0,0,0,0,0,0,0,0,0,0,0,0,0,0,0,0,0,0,0,0,0,0,0,0,0,0,0,0,0,0,0,12,17,29,8,11,18,0,0,0,66,68,129
10603112533,core,0,0,0,0,0,0,0,0,0,0,0,0,0,0,0,0,0,0,0,0,0,0,0,0,0,0,0,0,0,0,0,0,0,0,0,0,0,0,0,0,0,0,0,0,0,0,0,0,0,0,0,0,0,0,0,0,0,0,0,0,0,0,0,0,0,0,0,0,0,0,0,0,0,0,0,0,0,0,0,0,0,0,0,0,0,0,0,0,0,0,0,0,0,0,0,0,0,0,0,0,0,0,0,0,0,0,0,0
10603112534,core,0,0,0,0,0,0,0,0,0,0,0,0,0,0,0,25,31,52,0,3,3,4,0,4,0,0,0,0,0,0,0,0,0,0,0,0,29,30,61,0,0,0,0,0,0,0,0,0,0,0,0,0,0,0,0,0,0,0,0,0,0,0,0,0,0,0,0,0,0,0,0,0,0,0,0,0,0,0,4,0,3,4,0,3,0,0,0,0,0,0,0,0,0,0,0,0,8,8,12,10,10,21,0,0,0,48,54,98
10603112535,core,0,0,0,0,0,0,0,0,0,0,0,0,0,0,0,48,33,86,0,0,0,0,0,0,0,0,0,0,0,0,0,0,0,0,0,0,52,39,91,0,0,0,0,0,0,0,0,0,0,0,0,0,0,0,0,0,0,0,0,0,0,0,0,0,0,0,0,0,0,0,0,0,0,0,0,0,0,0,0,0,0,0,0,0,0,0,0,0,0,0,0,0,0,0,0,0,16,21,32,10,20,26,0,0,0,78,73,151
10603112536,core,0,0,0,0,0,0,0,0,0,0,0,0,0,0,0,44,35,74,0,0,0,4,0,4,0,0,0,0,0,0,0,0,0,0,0,0,50,35,84,0,0,0,0,0,0,0,0,0,0,0,0,0,0,0,0,0,0,0,0,0,0,0,0,0,0,0,0,0,0,0,0,0,0,0,0,0,0,0,0,0,0,0,0,0,0,0,0,0,0,0,0,0,0,0,0,0,12,16,27,7,10,16,0,0,0,65,59,124
10603112537,core,0,0,0,0,0,0,0,0,0,0,0,0,0,0,0,57,44,104,3,3,9,6,0,6,0,0,0,0,0,0,0,0,0,4,0,4,74,42,118,0,0,0,0,0,0,0,0,0,0,0,0,0,0,0,0,0,0,0,0,0,0,0,0,0,0,0,0,0,0,0,0,0,0,0,0,0,0,0,3,0,0,3,0,0,0,0,0,0,0,0,0,0,0,0,0,0,11,19,33,12,18,29,0,0,0,104,86,188
10603112538,core,0,0,0,0,0,0,0,0,0,0,0,0,0,0,0,87,77,164,5,5,6,5,0,5,0,0,0,0,0,0,0,0,0,0,0,0,98,79,177,0,0,0,0,0,0,0,0,0,0,0,0,0,0,0,0,0,0,0,0,0,0,0,0,0,0,0,0,0,0,0,0,0,0,0,0,0,0,0,6,0,8,6,0,8,0,0,0,0,0,0,0,0,0,0,0,0,38,47,90,23,34,56,0,4,0,161,169,329
10603112539,core,0,0,0,0,0,0,0,0,0,0,0,0,0,0,0,40,29,69,0,4,4,0,0,0,0,0,0,0,0,0,0,0,0,0,0,0,47,26,73,0,0,0,0,0,0,0,0,0,0,0,0,0,0,0,0,0,0,0,0,0,0,0,0,0,0,0,0,0,0,0,0,0,0,0,0,0,0,0,0,0,0,0,0,0,0,0,0,0,0,0,0,0,0,0,0,0,21,24,46,6,20,26,0,0,0,76,73,154
10603112540,core,0,0,0,0,0,0,0,0,0,0,0,0,0,0,0,37,30,66,3,3,4,0,0,0,0,0,0,0,0,0,0,0,0,4,0,4,44,34,79,0,0,0,0,0,0,0,0,0,0,0,0,0,0,0,0,0,0,0,0,0,0,0,0,0,0,0,0,0,0,0,0,0,0,0,0,0,0,0,0,0,0,0,0,0,0,0,0,0,0,0,0,0,0,0,0,0,10,21,30,10,4,13,0,0,0,65,66,128
10603112541,core,0,0,0,0,0,0,0,0,0,0,0,0,0,0,0,122,99,218,5,9,10,0,0,0,0,0,0,0,0,0,0,0,0,0,0,0,128,102,231,0,0,0,0,0,0,0,0,0,0,0,0,0,0,0,0,0,0,0,0,0,0,0,0,0,0,0,0,0,0,0,0,0,0,0,0,0,0,0,0,0,0,0,0,0,0,0,0,0,0,0,0,0,0,0,0,0,58,62,116,24,39,60,0,0,4,212,203,416
10603112542,core,0,0,0,0,0,0,0,0,0,0,0,0,0,0,0,21,14,34,0,0,8,5,0,5,0,0,0,0,0,0,0,0,0,4,3,10,25,23,49,0,0,0,0,0,0,0,0,0,0,0,0,0,0,0,0,0,0,0,0,0,0,0,0,0,0,0,0,0,0,0,0,0,0,0,0,0,0,0,0,0,0,0,0,0,0,0,0,0,0,0,0,0,0,0,0,0,3,13,13,6,6,10,0,0,0,38,41,77
10604112601,external,0,0,0,0,0,0,0,0,0,0,0,0,0,0,0,9,4,15,0,0,0,0,0,0,0,0,0,0,0,0,0,0,0,0,0,5,9,12,17,0,0,0,0,0,0,0,0,0,0,0,0,0,0,0,0,0,0,0,0,0,0,0,0,0,0,0,0,0,0,0,0,0,0,0,0,0,0,0,0,0,0,0,0,0,0,0,0,0,0,0,0,0,0,0,0,0,4,4,5,3,0,0,0,0,0,12,11,23
10604112602,external,0,0,0,0,0,0,0,0,0,0,0,0,0,0,0,32,23,53,0,5,5,0,0,0,3,0,3,0,0,0,0,0,0,0,0,4,33,29,63,0,0,0,0,0,0,0,0,0,0,0,0,0,0,0,0,0,0,0,0,0,0,0,0,0,0,0,0,0,0,0,0,0,0,0,0,0,0,0,0,0,0,0,0,0,0,0,0,0,0,0,0,0,0,0,0,0,3,3,13,8,3,11,0,0,0,43,39,89
10604112603,external,0,0,0,0,0,0,0,0,0,0,0,0,0,0,0,45,33,82,7,0,5,3,0,3,0,0,0,0,0,0,0,0,0,0,6,8,55,44,97,0,0,0,0,0,0,0,0,0,0,0,0,0,0,0,0,0,0,0,0,0,0,0,0,0,0,0,0,0,0,0,0,0,0,0,0,0,0,0,0,0,0,0,0,0,0,0,0,0,0,0,0,0,0,0,0,0,3,7,12,14,3,18,0,0,3,65,62,129
10604112604,external,0,0,0,0,0,0,0,0,0,0,0,0,0,0,0,68,57,123,10,8,16,0,0,0,0,0,0,0,0,0,0,0,0,0,7,3,78,70,150,0,0,0,0,0,0,0,0,0,0,0,0,0,0,0,0,0,0,0,0,0,0,0,0,0,0,0,0,0,0,0,0,0,0,0,0,0,0,0,9,0,9,9,0,9,0,0,0,0,0,0,0,0,0,0,0,0,3,10,13,7,12,18,0,0,0,90,90,182
10604112605,external,0,0,0,0,0,0,0,0,0,0,0,0,0,0,0,64,46,108,0,9,8,0,0,0,0,0,0,0,0,0,0,0,0,0,0,6,67,58,123,0,0,0,0,0,0,0,0,0,0,0,0,0,0,0,0,0,0,0,0,0,0,0,0,0,0,0,0,0,0,0,0,0,0,0,0,0,0,0,0,0,0,0,0,0,0,0,0,0,0,0,0,0,0,0,0,0,10,11,22,9,8,16,0,0,0,80,78,163
10604112606,external,0,0,0,0,0,0,0,0,0,0,0,0,0,0,0,38,28,60,3,5,9,0,0,0,0,0,0,0,0,0,0,0,0,5,4,6,43,33,78,0,0,0,0,0,0,0,0,0,0,0,0,0,0,0,0,0,0,0,0,0,0,0,0,0,0,0,0,0,0,0,0,0,0,0,0,0,0,0,0,0,0,0,0,0,0,0,0,0,0,0,0,0,0,0,0,0,0,3,4,6,9,16,0,0,0,45,51,95
10604112607,external,0,0,0,0,0,0,0,0,0,0,0,0,0,0,0,51,31,85,4,0,4,0,0,0,0,0,0,0,0,0,0,0,0,0,0,0,56,36,90,0,0,0,0,0,0,0,0,0,0,0,0,0,0,0,0,0,0,0,0,0,0,0,0,0,0,0,0,0,0,0,0,0,0,0,0,0,0,0,0,0,0,0,0,0,0,0,0,0,0,0,0,0,0,0,0,0,0,8,5,8,6,11,0,0,0,62,46,106
10604112608,external,0,0,0,0,0,0,0,0,0,0,0,0,0,0,0,41,16,52,0,3,8,0,0,0,0,0,0,0,0,0,0,0,0,0,7,3,43,27,72,0,0,0,0,0,0,0,0,0,0,0,0,0,0,0,0,0,0,0,0,0,0,0,0,0,0,0,0,0,0,0,0,0,0,0,0,0,0,0,0,0,0,0,0,0,0,0,0,0,0,0,0,0,0,0,0,0,5,4,8,4,9,14,0,0,0,48,43,96
10604112609,external,0,0,0,0,0,0,0,0,0,0,0,0,0,0,0,70,54,123,8,4,12,0,0,0,0,0,0,0,0,0,0,0,0,0,0,0,79,58,139,0,0,0,0,0,0,0,0,0,0,0,0,0,0,0,0,0,0,0,0,0,0,0,0,0,0,0,0,0,0,0,0,0,0,0,0,0,0,0,4,0,4,4,0,4,0,0,0,0,0,0,0,0,0,0,0,0,9,12,17,23,19,43,0,0,0,111,93,200
10604112610,external,0,0,0,0,0,0,0,0,0,0,0,0,0,0,0,76,71,143,4,0,6,3,0,3,0,0,0,0,0,0,0,0,0,3,0,3,88,71,160,0,0,0,0,0,0,0,0,0,0,0,0,0,0,0,0,0,0,0,0,0,0,0,0,0,0,0,0,0,0,0,0,0,0,0,0,0,0,0,0,0,0,0,0,0,0,0,0,0,0,0,0,0,0,0,0,0,5,13,17,25,15,42,0,0,0,119,100,218
10604112611,external,0,0,0,0,0,0,0,0,0,0,0,0,0,0,0,36,32,68,5,0,5,0,0,0,0,0,0,0,0,0,0,0,0,0,0,0,40,32,73,0,0,0,0,0,0,0,0,0,0,0,0,0,0,0,0,0,0,0,0,0,0,0,0,0,0,0,0,0,0,0,0,0,0,0,0,0,0,0,0,0,0,0,0,0,0,0,0,0,0,0,0,0,0,0,0,0,0,0,0,3,6,9,0,0,0,50,34,80
10604112612,external,0,0,0,0,0,0,0,0,0,0,0,0,0,0,0,47,28,77,0,0,3,0,0,0,0,0,0,0,0,0,0,0,0,0,4,3,55,32,90,0,0,0,0,0,0,0,0,0,0,0,0,0,0,0,0,0,0,0,0,0,0,0,0,0,0,0,0,0,0,0,0,0,0,0,0,0,0,0,5,0,5,5,0,5,0,0,0,0,0,0,0,0,0,0,0,0,0,6,9,6,12,24,0,0,0,67,51,121
10604112613,external,0,0,0,0,0,0,0,0,0,0,0,0,0,0,0,81,56,136,3,4,8,0,0,0,0,0,0,0,0,0,0,0,0,5,0,11,91,60,156,0,0,0,0,0,0,0,0,0,0,0,0,0,0,0,0,0,0,0,0,0,0,0,0,0,0,0,0,0,0,0,0,0,0,0,0,0,0,0,0,0,0,0,0,0,0,0,0,0,0,0,0,0,0,0,0,0,0,12,17,20,14,29,0,0,0,111,83,200
10604112614,external,0,0,0,0,0,0,0,0,0,0,0,0,0,0,0,77,68,144,3,7,14,0,0,0,0,0,0,0,0,0,0,0,0,4,7,8,95,80,168,0,0,0,0,0,0,0,0,0,0,0,0,0,0,0,0,0,0,0,0,0,0,0,0,0,0,0,0,0,0,0,0,0,0,0,0,0,0,0,0,0,0,0,0,0,0,0,0,0,0,0,0,0,0,0,0,0,4,14,15,10,13,25,3,0,3,103,104,209
10604112615,external,0,0,0,0,0,0,0,0,0,0,0,0,0,0,0,8,15,25,3,0,5,0,0,0,0,0,0,0,0,0,0,0,0,0,0,0,13,14,29,0,0,0,0,0,0,0,0,0,0,0,0,0,0,0,0,0,0,0,0,0,0,0,0,0,0,0,0,0,0,0,0,0,0,0,0,0,0,0,0,0,0,0,0,0,0,0,0,0,0,0,0,0,0,0,0,0,3,4,8,5,0,7,0,0,0,22,19,38
10604112617,external,0,0,0,0,0,0,0,0,0,0,0,0,0,0,0,54,35,85,5,4,10,0,0,0,0,0,0,0,0,0,0,0,0,0,0,5,55,41,96,0,0,0,0,0,0,0,0,0,0,0,0,0,0,0,0,0,0,0,0,0,0,0,0,0,0,0,0,0,0,0,0,0,0,0,0,0,0,0,0,0,0,0,0,0,0,0,0,0,0,0,0,0,0,0,0,0,0,4,9,3,8,11,6,3,8,64,53,124
10604112618,external,0,0,0,0,0,0,0,0,0,0,0,0,0,0,0,64,51,118,5,0,5,0,0,0,0,0,3,0,0,0,0,0,0,4,0,0,78,56,133,0,0,0,0,0,0,0,0,0,0,0,0,0,0,0,0,0,0,0,0,0,0,0,0,0,0,0,0,0,0,0,0,0,0,0,0,0,0,0,0,0,0,0,0,0,0,0,0,0,0,0,0,0,0,0,0,0,7,7,13,10,7,26,0,0,0,100,71,168
10604112619,external,0,0,0,0,0,0,0,0,0,0,0,0,0,0,0,25,31,57,0,4,4,0,0,0,0,0,0,0,0,0,0,0,0,0,0,0,25,34,59,0,0,0,0,0,0,0,0,0,0,0,0,0,0,0,0,0,0,0,0,0,0,0,0,0,0,0,0,0,0,0,0,0,0,0,0,0,0,0,0,0,0,0,0,0,0,0,0,0,0,0,0,0,0,0,0,0,10,4,11,9,12,18,0,0,0,45,46,88
10604112620,external,0,0,0,0,0,0,0,0,0,0,0,0,0,0,0,61,43,105,5,4,9,0,0,0,0,0,0,0,0,0,0,0,0,0,4,4,66,53,119,0,0,0,0,0,0,0,0,0,0,0,0,0,0,0,0,0,0,0,0,0,0,0,0,0,0,0,0,0,0,0,0,0,0,0,0,0,0,0,0,3,0,0,3,0,0,0,0,0,0,0,0,0,0,0,0,0,3,6,6,16,8,24,0,0,0,84,74,161
10604112621,external,0,0,0,0,0,0,0,0,0,0,0,0,0,0,0,34,20,53,5,5,10,0,0,0,0,0,0,0,0,0,0,0,0,0,0,0,42,27,70,0,0,0,0,0,0,0,0,0,0,0,0,0,0,0,0,0,0,0,0,0,0,0,0,0,0,0,0,0,0,0,0,0,0,0,0,0,0,0,0,0,0,0,0,0,0,0,0,0,0,0,0,0,0,0,0,0,0,8,5,8,5,11,0,0,0,46,38,81
10604112622,external,0,0,0,0,0,0,0,0,0,0,0,0,0,0,0,51,28,81,3,8,10,0,0,0,0,0,0,0,0,0,0,0,0,4,0,3,60,43,99,0,0,0,0,0,0,0,0,0,0,0,0,0,0,0,0,0,0,0,0,0,0,0,0,0,0,0,0,0,0,0,0,0,0,0,0,0,0,0,0,0,0,0,0,0,0,0,0,0,0,0,0,0,0,0,0,0,0,4,3,9,3,15,0,0,3,70,47,117
10604112623,external,0,0,0,0,0,0,0,0,0,0,0,0,0,0,0,82,65,141,6,8,6,0,0,0,0,0,0,0,0,0,0,0,0,0,0,3,86,68,152,0,0,0,0,0,0,0,0,0,0,0,0,0,0,0,0,0,0,0,0,0,0,0,0,0,0,0,0,0,0,0,0,0,0,0,0,0,0,0,0,0,0,0,0,0,0,0,0,0,0,0,0,0,0,0,0,0,3,8,14,11,17,28,0,0,0,98,91,192
10604112624,external,0,0,0,0,0,0,0,0,0,0,0,0,0,0,0,48,53,98,3,0,5,0,0,0,0,0,0,0,0,0,0,4,0,3,3,9,59,62,115,0,0,0,0,0,0,0,0,0,0,0,0,0,0,0,0,0,0,0,0,0,0,0,0,0,0,0,0,0,0,0,0,0,0,0,0,0,0,0,0,0,0,0,0,0,0,0,0,0,0,0,0,0,0,0,0,0,3,6,6,5,14,18,4,0,4,64,78,148
10604112625,external,0,0,0,4,0,4,0,0,0,0,0,0,0,0,0,51,41,92,7,7,12,3,0,3,0,0,0,0,0,0,0,3,4,5,7,20,74,59,133,0,0,0,0,0,0,0,0,0,0,0,0,0,0,0,0,0,0,0,0,0,0,0,0,0,0,0,0,0,0,0,0,0,0,0,0,0,0,0,0,0,0,0,0,0,0,0,0,0,0,0,0,0,0,0,0,0,0,3,8,10,15,22,0,0,0,83,77,163
10604112626,external,0,0,0,0,0,0,0,0,0,0,0,0,0,0,0,48,43,91,4,4,10,0,0,0,0,0,0,0,0,0,0,0,0,0,0,0,54,43,96,0,0,0,0,0,0,0,0,0,0,0,0,0,0,0,0,0,0,0,0,0,0,0,0,0,0,0,0,0,0,0,0,0,0,0,0,0,0,0,0,0,0,0,0,0,0,0,0,0,0,0,0,0,0,0,0,0,0,7,8,3,9,12,0,0,0,58,54,119
10604112627,external,0,0,0,0,0,0,0,0,0,0,0,0,0,0,0,88,70,157,3,3,9,0,0,0,0,0,0,0,0,0,0,0,0,3,0,3,99,74,171,0,0,0,0,0,0,0,0,0,0,0,0,0,0,0,0,0,0,0,0,0,0,0,0,0,0,0,0,0,0,0,0,0,0,0,0,0,0,0,0,0,0,0,0,0,0,0,0,0,0,0,0,0,0,0,0,0,5,13,19,16,18,33,0,0,0,122,102,230
10604112628,external,0,0,0,0,0,0,0,0,0,0,0,0,0,0,0,33,25,57,0,0,4,0,0,0,0,0,0,0,0,0,0,0,0,0,0,0,42,27,65,0,0,0,0,0,0,0,0,0,0,0,0,0,0,0,0,0,0,0,0,0,0,0,0,0,0,0,0,0,0,0,0,0,0,0,0,0,0,0,0,0,0,0,0,0,0,0,0,0,0,0,0,0,0,0,0,0,0,8,5,0,3,11,0,0,0,42,38,80
10604112629,external,0,0,0,0,0,0,0,0,0,0,0,0,0,0,0,48,30,76,0,0,5,0,0,0,0,0,0,0,0,0,0,0,0,0,0,3,62,34,90,0,0,0,0,0,0,0,0,0,0,0,0,0,0,0,0,0,0,0,0,0,0,0,0,0,0,0,0,0,0,0,0,0,0,0,0,0,0,0,0,0,0,0,0,0,0,0,0,0,0,0,0,0,0,0,0,0,3,10,13,10,14,24,0,0,4,76,55,126
10604112630,external,0,0,0,0,0,0,0,0,0,0,0,0,0,0,0,164,120,285,10,4,16,0,0,0,0,0,0,4,0,4,0,0,0,0,0,0,176,130,306,0,0,0,0,0,0,0,0,0,0,0,0,0,0,0,0,0,0,0,0,0,0,0,0,0,0,0,0,0,0,0,0,0,0,0,0,0,0,0,0,0,0,0,0,0,0,0,0,0,0,0,0,0,0,0,0,0,3,18,33,30,26,55,5,0,5,215,176,392
10604112632,external,0,0,0,0,0,0,0,0,0,0,0,0,0,0,0,10,15,23,0,4,4,0,0,0,0,0,0,0,0,0,0,0,0,0,0,0,9,19,25,0,0,0,0,0,0,0,0,0,0,0,0,0,0,0,0,0,0,0,0,0,0,0,0,0,0,0,0,0,0,0,0,0,0,0,0,0,0,0,0,0,0,0,0,0,0,0,0,0,0,0,0,0,0,0,0,0,0,0,0,6,4,7,0,0,0,19,24,37
10604112633,external,0,0,0,0,0,0,0,0,0,0,0,0,0,0,0,39,46,78,0,4,4,0,0,0,0,0,0,0,0,0,0,0,0,0,0,0,39,45,83,0,0,0,0,0,0,0,0,0,0,0,0,0,0,0,0,0,0,0,0,0,0,0,0,0,0,0,0,0,0,0,0,0,0,0,0,0,0,0,0,0,0,0,0,0,0,0,0,0,0,0,0,0,0,0,0,0,0,7,9,8,14,16,0,0,0,50,65,109
10604112634,external,0,0,0,0,0,0,0,0,0,0,0,0,0,0,0,33,24,55,0,5,9,0,0,0,0,0,0,0,0,0,0,0,0,0,0,4,42,26,68,0,0,0,0,0,0,0,0,0,0,0,0,0,0,0,0,0,0,0,0,0,0,0,0,0,0,0,0,0,0,0,0,0,0,0,0,0,0,0,0,0,0,0,0,0,0,0,0,0,0,0,0,0,0,0,0,0,5,10,9,10,12,20,0,0,0,55,41,97
10604112635,external,0,0,0,0,0,0,0,0,0,0,0,0,0,0,0,0,0,0,0,0,0,0,0,0,0,0,0,0,0,0,0,0,0,0,0,0,0,0,0,0,0,0,0,0,0,0,0,0,0,0,0,0,0,0,0,0,0,0,0,0,0,0,0,0,0,0,0,0,0,0,0,0,0,0,0,0,0,0,0,0,0,0,0,0,0,0,0,0,0,0,0,0,0,0,0,0,0,0,0,0,3,0,0,0,0,0,3,4
10604112636,external,0,0,0,0,0,0,0,0,0,0,0,0,0,0,0,41,30,74,3,9,7,0,0,0,0,0,0,0,0,0,0,0,0,5,0,7,53,38,90,0,0,0,0,0,0,0,0,0,0,0,0,0,0,0,0,0,0,0,0,0,0,0,0,0,0,0,0,0,0,0,0,0,0,0,0,0,0,0,0,0,0,0,0,0,0,0,0,0,0,0,0,0,0,0,0,0,7,8,14,4,11,21,0,0,0,63,57,123
10604112637,external,0,0,0,0,0,0,0,0,0,0,0,0,0,0,0,183,128,305,6,13,21,0,0,0,0,0,0,0,0,0,3,0,3,8,3,10,201,143,341,0,0,0,0,0,0,0,0,0,0,0,0,0,0,0,0,0,0,0,0,0,0,0,0,0,0,0,0,0,0,0,0,0,0,0,0,0,0,0,6,0,3,6,0,3,0,0,0,0,0,0,0,0,0,0,0,0,8,16,23,24,30,59,0,0,0,237,188,423
10604112638,external,0,0,0,0,0,0,0,0,0,0,0,0,0,0,0,85,65,150,0,5,3,4,0,4,0,0,4,0,0,0,0,0,0,0,0,0,94,71,166,0,0,0,0,0,0,0,0,0,0,0,0,0,0,0,0,0,0,0,0,0,0,0,0,0,0,0,0,0,0,0,0,0,0,0,0,0,0,0,0,0,0,0,0,0,0,0,0,0,0,0,0,0,0,0,0,0,10,17,24,13,21,38,0,0,0,116,104,222
10604112639,external,0,0,0,0,0,0,0,0,0,0,0,0,0,0,0,59,45,106,4,6,5,0,0,0,0,0,0,0,0,0,0,0,0,0,0,0,63,47,115,0,0,0,0,0,0,0,0,0,0,0,0,0,0,0,0,0,0,0,0,0,0,0,0,0,0,0,0,0,0,0,0,0,0,0,0,0,0,0,0,0,0,0,0,0,0,0,0,0,0,0,0,0,0,0,0,0,7,17,24,11,5,20,0,0,0,86,69,153
10604112701,external,0,0,0,0,0,0,0,0,0,0,0,0,0,0,0,65,37,95,3,0,8,0,0,0,0,0,0,0,0,0,0,0,0,5,13,12,68,48,114,0,0,0,0,0,0,0,0,0,0,0,0,0,0,0,0,0,0,0,0,0,0,0,0,0,0,0,0,0,0,0,0,0,0,0,0,0,0,0,0,0,0,0,0,0,0,0,0,0,0,0,0,0,0,0,0,0,3,6,5,14,23,34,0,4,4,84,74,159
10604112702,external,0,0,0,0,0,0,0,0,0,0,0,0,0,0,0,58,44,103,0,8,8,0,0,0,0,0,4,0,0,0,3,10,7,4,3,11,68,66,134,0,0,0,0,0,0,0,0,0,0,0,0,0,0,0,0,0,0,0,0,0,0,0,0,0,0,0,0,0,0,0,0,0,0,0,0,0,0,0,0,0,0,0,0,0,0,0,0,0,0,0,0,0,0,0,0,0,30,17,43,3,10,11,0,0,0,101,94,188
10604112704,external,0,0,0,0,0,0,0,0,0,0,0,0,0,0,0,0,0,0,0,0,0,0,0,0,0,0,0,0,0,0,0,0,0,0,0,0,0,0,0,0,0,0,0,0,0,0,0,0,0,0,0,0,0,0,0,0,0,0,0,0,0,0,0,0,0,0,0,0,0,0,0,0,0,0,0,0,0,0,0,0,0,0,0,0,0,0,0,0,0,0,0,0,0,0,0,0,0,0,0,0,0,0,0,0,0,0,0,0
10604112705,external,0,0,0,0,0,0,0,0,0,0,0,0,0,0,0,34,25,66,3,0,8,4,0,4,0,0,0,0,0,0,0,0,5,0,0,3,47,32,78,0,0,0,0,0,0,0,0,0,0,0,0,0,0,0,0,0,0,0,0,0,0,0,0,0,0,0,0,0,0,0,0,0,0,0,0,0,0,0,0,0,0,0,0,0,0,0,0,0,0,0,0,0,0,0,0,0,7,11,15,4,5,12,0,0,0,62,48,102
10604112706,external,0,0,0,0,0,0,0,0,0,0,0,0,0,0,0,88,60,148,5,0,5,5,0,5,4,5,5,0,0,0,6,0,6,13,11,22,116,73,189,0,0,0,0,0,0,0,0,0,0,0,0,0,0,0,0,0,0,0,0,0,0,0,0,0,0,0,0,0,0,0,0,0,0,0,0,0,0,0,0,0,0,0,0,0,0,0,0,0,0,0,0,0,0,0,0,0,29,33,63,7,11,19,0,0,0,159,118,270
10604112707,external,0,0,0,0,0,0,0,0,0,0,0,0,0,0,0,38,31,72,0,0,5,0,0,0,0,0,0,0,0,0,0,0,0,0,0,0,39,32,76,0,0,0,0,0,0,0,0,0,0,0,0,0,0,0,0,0,0,0,0,0,0,0,0,0,0,0,0,0,0,0,0,0,0,0,0,0,0,0,0,0,0,0,0,0,0,0,0,0,0,0,0,0,0,0,0,0,0,0,0,16,9,20,0,0,0,55,50,103
10604112708,external,0,0,0,0,0,0,0,0,0,0,0,0,0,0,0,56,33,90,7,0,3,0,0,0,0,0,0,0,0,0,0,0,0,0,0,3,64,34,100,0,0,0,0,0,0,0,0,0,0,0,0,0,0,0,0,0,0,0,0,0,0,0,0,0,0,0,0,0,0,0,0,0,0,0,0,0,0,0,0,0,0,0,0,0,0,0,0,0,0,0,0,0,0,0,0,0,13,13,26,9,9,17,0,0,0,85,53,141
10604112709,external,0,0,0,0,0,0,0,0,0,0,0,0,0,0,0,49,47,95,4,3,7,0,0,0,0,0,0,0,0,0,0,0,0,0,0,5,50,51,105,0,0,0,0,0,0,0,0,0,0,0,0,0,0,0,0,0,0,0,0,0,0,0,0,0,0,0,0,0,0,0,0,0,0,0,0,0,0,0,0,0,0,0,0,0,0,0,0,0,0,0,0,0,0,0,0,0,7,10,11,8,11,17,0,0,0,71,63,137
10604112710,external,0,0,0,0,0,0,0,0,0,0,0,0,0,0,0,121,117,230,5,6,8,3,0,3,0,0,0,0,0,0,0,0,0,3,0,7,131,125,261,0,0,0,0,0,0,0,0,0,0,0,0,0,0,0,0,0,0,0,0,0,0,0,0,0,0,0,0,0,0,0,0,0,0,0,0,0,0,0,0,0,0,3,0,3,0,0,0,0,0,0,0,0,0,0,0,0,17,33,45,34,26,62,4,0,3,186,182,371
10604112711,external,0,0,0,0,0,0,0,0,0,0,0,0,0,0,0,42,33,75,7,0,3,0,0,0,0,0,0,0,0,0,0,0,0,5,6,8,55,38,90,0,0,0,0,0,0,0,0,0,0,0,0,0,0,0,0,0,0,0,0,0,0,0,0,0,0,0,0,0,0,0,0,0,0,0,0,0,0,0,0,0,0,0,0,0,0,0,0,0,0,0,0,0,0,0,0,0,3,8,17,8,9,16,0,0,0,61,54,117
10604112712,external,0,0,0,0,0,0,0,0,0,0,0,0,0,0,0,82,73,156,5,0,6,0,0,0,0,0,0,0,0,5,0,0,0,3,4,10,97,78,176,0,0,0,0,0,0,0,0,0,0,0,0,0,0,0,0,0,0,0,0,0,0,0,0,0,0,0,0,0,0,0,0,0,0,0,0,0,0,0,0,0,0,0,0,0,0,0,0,0,0,0,0,0,0,0,0,0,0,7,10,10,12,28,0,0,0,107,98,207
10604112713,external,0,0,0,0,0,0,0,0,0,0,0,0,0,0,0,54,39,95,0,0,5,4,0,4,5,0,5,0,0,0,0,0,0,3,4,3,66,43,110,0,0,0,0,0,0,0,0,0,0,0,0,0,0,0,0,0,0,0,0,0,0,0,0,0,0,0,0,0,0,0,0,0,0,0,0,0,0,0,0,0,0,0,0,0,0,0,0,0,0,0,0,0,0,0,0,0,14,17,30,5,15,13,0,5,3,85,68,159
10604112714,external,0,0,0,0,0,0,0,0,0,0,0,0,0,0,0,38,27,69,0,3,4,0,0,0,0,0,0,0,0,0,0,0,0,0,0,0,40,29,70,0,0,0,0,0,0,0,0,0,0,0,0,0,0,0,0,0,0,0,0,0,0,0,0,0,0,0,0,0,0,0,0,0,0,0,0,0,0,0,0,0,0,0,0,0,0,0,0,0,0,0,0,0,0,0,0,0,0,9,6,3,4,17,0,0,0,52,45,96
10604112801,external,0,0,0,0,0,0,0,0,0,0,0,0,0,0,0,63,46,105,0,3,10,0,0,0,6,0,6,0,0,0,0,0,0,0,3,3,69,58,124,0,0,0,0,0,0,0,0,0,0,0,0,0,0,0,0,0,0,0,0,0,0,0,0,0,0,0,0,0,0,0,0,0,0,0,0,0,0,0,0,0,0,0,0,0,0,0,0,0,0,0,0,0,0,0,0,0,5,4,3,4,10,19,0,0,0,78,72,149
10604112802,external,0,0,0,0,0,0,0,0,0,0,0,0,0,0,0,79,56,141,3,0,5,0,0,0,0,0,0,3,0,4,0,0,0,0,7,6,91,66,164,0,0,0,0,0,0,0,0,0,0,0,0,0,0,0,0,0,0,0,0,0,0,0,0,0,0,0,0,0,0,0,0,0,0,0,0,0,0,0,0,0,0,0,0,0,0,0,0,0,0,0,0,0,0,0,0,0,4,12,17,5,11,14,0,3,3,102,92,196
10604112803,external,0,0,0,0,0,0,0,0,0,0,0,0,0,0,0,57,43,98,8,5,6,3,0,3,0,0,0,6,0,6,0,0,0,3,3,9,75,50,125,0,0,0,0,0,0,0,0,0,0,0,0,0,0,0,0,0,0,0,0,0,0,0,0,0,0,0,0,0,0,0,0,0,0,0,0,0,0,0,4,0,4,4,0,4,0,0,0,0,0,0,0,0,0,0,0,0,0,7,12,9,8,14,0,0,0,92,64,153
10604112804,external,0,0,0,0,0,0,0,0,0,0,0,0,0,0,0,87,82,165,3,11,18,0,0,0,0,0,0,6,0,6,3,0,3,8,12,23,112,99,213,0,0,0,0,0,0,0,0,0,0,0,0,0,0,0,0,0,0,0,0,0,0,0,0,0,0,0,0,0,0,0,0,0,0,0,0,0,0,0,0,0,0,0,0,0,0,0,0,0,0,0,0,0,0,0,0,0,11,16,31,16,16,34,0,5,5,140,139,281
10604112805,external,0,0,0,0,0,0,0,0,0,0,0,0,0,0,0,58,55,118,3,3,4,0,0,0,0,0,3,0,0,0,5,0,0,0,0,3,73,62,137,0,0,0,0,0,0,0,0,0,0,0,0,0,0,0,0,0,0,0,0,0,0,0,0,0,0,0,0,0,0,0,0,0,0,0,0,0,0,0,0,0,0,0,0,0,0,0,0,0,0,0,0,0,0,0,0,0,14,21,34,10,10,19,0,0,0,94,93,184
10604112806,external,0,0,0,0,0,0,0,0,0,0,0,0,0,0,0,110,103,217,3,3,3,0,0,0,0,0,0,0,0,0,0,5,3,4,6,9,120,121,240,0,0,0,0,0,0,0,0,0,0,0,0,0,0,0,0,0,0,0,0,0,0,0,0,0,0,0,0,0,0,0,0,0,0,0,0,0,0,0,0,0,0,0,0,0,0,0,0,0,0,0,0,0,0,0,0,0,24,27,51,26,17,40,0,0,0,168,162,334
10604112807,external,0,0,0,0,0,0,0,0,0,0,0,0,0,0,0,48,40,79,0,0,3,0,0,0,0,0,0,0,0,0,0,0,0,0,0,0,50,38,86,0,0,0,0,0,0,0,0,0,0,0,0,0,0,0,0,0,0,0,0,0,0,0,0,0,0,0,0,0,0,0,0,0,0,0,0,0,0,0,4,0,4,4,0,4,0,0,0,0,0,0,0,0,0,0,0,0,5,7,14,5,8,19,0,0,0,63,57,116
10604112808,external,0,0,0,0,0,0,0,0,0,0,0,0,0,0,0,63,61,131,4,0,6,0,0,0,0,0,0,0,0,0,0,0,0,0,0,0,70,62,138,0,0,0,0,0,0,0,0,0,0,0,0,0,0,0,0,0,0,0,0,0,0,0,0,0,0,0,0,0,0,0,0,0,0,0,0,0,0,0,0,0,0,0,0,0,0,0,0,0,0,0,0,0,0,0,0,0,3,3,4,13,13,27,0,0,0,93,81,173
10604112809,external,0,0,0,0,0,0,0,0,0,0,0,0,0,0,0,113,117,229,6,11,16,4,0,4,0,0,0,0,0,0,0,0,0,0,0,0,125,127,250,0,0,0,0,0,0,0,0,0,0,0,0,0,0,0,0,0,0,0,0,0,0,0,0,0,0,0,0,0,0,0,0,0,0,0,0,0,0,0,0,0,0,0,0,0,0,0,0,0,0,0,0,0,0,0,0,0,0,16,23,12,14,24,0,0,0,148,161,302
10604112810,external,0,0,0,0,0,0,0,0,0,0,0,0,0,0,0,150,107,251,7,11,19,0,0,3,0,0,0,0,0,0,0,0,0,0,4,4,155,123,278,0,0,0,0,0,0,0,0,0,0,0,0,0,0,0,0,0,0,0,0,0,0,0,0,0,0,0,0,0,0,0,0,0,0,0,0,0,0,0,3,0,3,3,0,3,0,0,0,0,0,0,0,0,0,0,0,0,14,24,33,21,18,42,0,0,0,189,161,357
10604112811,external,0,0,0,0,0,0,0,0,0,0,0,0,0,4,4,103,62,169,17,23,37,0,0,0,0,0,0,0,0,5,0,0,0,3,3,8,135,90,226,0,0,0,0,0,0,0,0,0,0,0,0,0,0,0,0,0,0,0,0,0,0,0,0,0,0,0,0,0,0,0,0,0,0,0,0,0,0,0,4,0,4,4,0,4,0,0,0,0,0,0,0,0,0,0,0,0,0,10,12,12,13,24,0,0,0,150,116,262
10604112812,external,0,0,0,0,0,0,0,0,0,0,0,0,0,0,0,72,56,130,11,5,14,3,0,3,0,0,0,0,0,0,0,0,0,0,19,18,92,78,167,0,0,0,0,0,0,0,0,0,0,0,0,0,0,0,0,0,0,0,0,0,0,0,0,0,0,0,0,0,0,0,0,0,0,0,0,0,0,0,0,0,0,0,0,0,0,0,0,0,0,0,0,0,0,0,0,0,7,10,15,11,20,31,0,0,0,105,110,214
10604112813,external,0,0,0,0,0,0,0,0,0,0,0,0,0,0,0,65,66,134,5,5,17,0,0,6,4,0,4,0,0,0,0,0,0,5,6,8,78,82,160,0,0,0,0,0,0,0,0,0,0,0,0,0,0,0,0,0,0,0,0,0,0,0,0,0,0,0,0,0,0,0,0,0,0,0,0,0,0,0,0,0,0,0,0,0,0,0,0,0,0,0,0,0,0,0,0,0,4,9,16,7,12,18,5,0,4,97,103,196
10604112901,external,0,0,0,0,0,0,0,0,0,0,0,0,0,0,0,53,56,110,6,3,8,0,0,0,0,0,0,0,0,0,0,0,0,4,3,9,57,72,125,0,0,0,0,0,0,0,0,0,0,0,0,0,0,0,0,0,0,0,0,0,0,0,0,0,0,0,0,0,0,0,0,0,0,0,0,0,0,0,0,0,0,0,0,0,0,0,0,0,0,0,0,0,0,0,0,0,0,4,4,12,10,21,0,0,0,73,84,155
10604112902,external,0,0,0,0,0,0,0,0,0,0,0,0,0,0,0,95,64,157,0,3,5,0,0,0,0,0,0,0,0,0,0,0,0,3,4,5,103,71,175,0,0,0,0,0,0,0,0,0,0,0,0,0,0,0,0,0,0,0,0,0,0,0,0,0,0,0,0,0,0,0,0,0,0,0,0,0,0,0,0,0,6,0,0,6,0,0,0,0,0,0,0,0,0,0,0,0,0,7,10,16,19,34,0,0,0,124,100,223
10604112903,external,0,0,0,0,0,0,0,0,0,0,0,0,0,0,0,117,92,212,4,3,7,3,0,3,0,0,0,0,0,0,0,0,4,0,0,0,126,101,229,0,0,0,0,0,0,0,0,0,0,0,0,0,0,0,0,0,0,0,0,0,0,0,0,0,0,0,0,0,0,0,0,0,0,0,0,0,0,0,0,0,0,0,0,7,0,0,0,0,0,0,0,0,0,0,0,0,4,11,18,21,22,40,0,0,0,151,132,289
10604112904,external,0,0,0,0,0,0,0,0,0,0,0,0,0,0,0,69,61,132,0,3,5,0,0,0,0,0,0,0,0,0,0,0,0,0,0,0,81,66,140,0,0,0,0,0,0,0,0,0,0,0,0,0,0,0,0,0,0,0,0,0,0,0,0,0,0,0,0,0,0,0,0,0,0,0,0,0,0,0,0,0,0,0,0,0,0,0,0,0,0,0,0,0,0,0,0,0,0,3,10,16,11,26,0,0,0,98,82,179
10604112905,external,0,0,0,0,0,0,0,0,0,0,0,0,0,0,0,38,37,78,0,0,3,0,0,0,0,0,0,0,0,0,3,0,3,3,6,11,48,43,90,0,0,0,0,0,0,0,0,0,0,0,0,0,0,0,0,0,0,0,0,0,0,0,0,0,0,0,0,0,0,0,0,0,0,0,0,0,0,0,0,0,0,0,0,0,0,0,0,0,0,0,0,0,0,0,0,0,16,15,34,5,3,12,4,0,4,76,58,140
10604112906,external,0,0,0,0,0,0,0,0,0,0,0,0,0,0,0,45,55,101,4,0,4,4,0,4,0,0,0,0,0,0,5,3,4,7,10,25,65,71,135,0,0,0,0,0,0,0,0,0,0,0,0,0,0,0,0,0,0,0,0,0,0,0,0,0,0,0,0,0,0,0,0,0,0,0,0,0,0,0,0,0,0,0,0,0,0,0,0,0,0,0,0,0,0,0,0,0,10,19,26,7,3,17,0,0,0,89,95,182
10604112907,external,0,0,0,0,0,0,0,0,0,0,0,0,0,0,0,57,43,100,3,0,3,0,0,0,0,0,0,0,0,0,0,0,0,6,0,7,68,50,116,0,0,0,0,0,0,0,0,0,0,0,0,0,0,0,0,0,0,0,0,0,0,0,0,0,0,0,0,0,0,0,0,0,0,0,0,0,0,0,0,0,0,0,0,0,0,0,0,0,0,0,0,0,0,0,0,0,19,15,31,8,8,17,0,0,0,93,77,164
10604112908,external,0,0,0,0,0,0,0,0,0,0,0,0,0,0,0,49,58,105,3,0,5,0,0,0,0,0,0,0,0,0,0,0,3,0,5,5,64,64,127,0,0,0,0,0,0,0,0,0,0,0,0,0,0,0,0,0,0,0,0,0,0,0,0,0,0,0,0,0,0,0,0,0,0,0,0,0,0,0,0,0,0,0,0,0,0,0,0,0,0,0,0,0,0,0,0,0,19,19,37,8,9,20,5,0,5,97,94,187
10604112909,external,0,0,0,0,0,0,0,0,0,0,0,0,0,0,0,47,42,84,0,0,0,4,0,4,0,0,0,0,0,0,4,4,3,4,7,10,56,44,98,0,0,0,0,0,0,0,0,0,0,0,0,0,0,0,0,0,0,0,0,0,0,0,0,0,0,0,0,0,0,0,0,0,0,0,0,0,0,0,0,0,0,0,0,0,0,0,0,0,0,0,0,0,0,0,0,0,10,10,16,5,15,19,0,0,0,68,73,140
10604112910,external,0,0,0,0,0,0,0,0,0,0,0,0,0,0,0,63,69,135,0,3,7,3,0,6,0,0,0,0,0,0,0,0,6,5,4,9,80,82,164,0,0,0,0,0,0,0,0,0,0,0,0,0,0,0,0,0,0,0,0,0,0,0,0,0,0,0,0,0,0,0,0,0,0,0,0,0,0,0,0,0,0,0,0,0,0,0,0,0,0,0,0,0,0,0,0,0,9,21,31,12,12,24,0,0,0,107,115,221
10604112911,external,0,0,0,0,0,0,0,0,0,0,0,0,0,0,0,29,28,59,0,0,0,0,0,0,0,0,0,0,0,0,0,0,0,0,0,0,30,30,63,0,0,0,0,0,0,0,0,0,0,0,0,0,0,0,0,0,0,0,0,0,0,0,0,0,0,0,0,0,0,0,0,0,0,0,0,0,0,0,0,3,4,0,3,4,0,0,0,0,0,0,0,0,0,0,0,0,8,6,16,9,4,12,4,0,4,49,46,90
10604112912,external,0,0,0,0,0,0,0,0,0,0,0,0,0,0,0,40,37,77,4,0,4,4,0,4,0,0,0,0,0,0,3,0,3,0,4,8,51,44,95,0,0,0,0,0,0,0,0,0,0,0,0,0,0,0,0,0,0,0,0,0,0,0,0,0,0,0,0,0,0,0,0,0,0,0,0,0,0,0,0,0,0,0,0,0,0,0,0,0,0,0,0,0,0,0,0,0,17,12,26,7,3,13,0,0,0,70,59,129
10604112913,external,0,0,0,0,0,0,0,0,0,0,0,0,0,0,0,69,51,123,0,8,5,0,0,0,0,0,0,0,0,0,3,0,7,4,4,6,83,61,143,0,0,0,0,0,0,0,0,0,0,0,0,0,0,0,0,0,0,0,0,0,0,0,0,0,0,0,0,0,0,0,0,0,0,0,0,0,0,0,0,0,3,0,0,3,0,0,0,0,0,0,0,0,0,0,0,0,34,27,58,6,9,17,0,0,0,124,99,228
10604112914,external,0,0,0,0,0,0,0,0,0,0,0,0,0,0,0,34,31,58,0,3,3,0,0,0,0,0,0,0,0,0,0,0,0,6,11,20,46,42,81,0,0,0,0,0,0,0,0,0,0,0,0,0,0,0,0,0,0,0,0,0,0,0,0,0,0,0,0,0,0,0,0,0,0,0,0,0,0,0,0,0,3,0,0,3,0,0,0,0,0,0,0,0,0,0,0,0,0,0,5,7,3,14,0,0,0,48,49,101
10604112915,external,0,0,0,0,0,0,0,0,0,0,0,0,0,0,0,35,28,62,0,0,5,0,0,0,0,0,0,0,0,0,0,0,0,3,6,15,49,39,83,0,0,0,0,0,0,0,0,0,0,0,0,0,0,0,0,0,0,0,0,0,0,0,0,0,0,0,0,0,0,0,0,0,0,0,0,0,0,0,0,0,0,0,0,0,0,0,0,0,0,0,0,0,0,0,0,0,0,4,9,0,9,11,0,0,0,52,54,101
10604112916,external,0,0,0,0,0,0,0,0,0,0,0,0,0,0,0,48,47,96,9,0,6,7,0,7,0,0,0,0,0,0,0,0,0,0,3,3,66,49,117,0,0,0,0,0,0,0,0,0,0,0,0,0,0,0,0,0,0,0,0,0,0,0,0,0,0,0,0,0,0,0,0,0,0,0,0,0,0,0,0,0,0,0,0,0,0,0,0,0,0,0,0,0,0,0,0,0,5,4,13,12,13,26,3,0,5,80,75,155
10604112917,external,0,0,0,0,0,0,0,0,0,0,0,0,0,0,0,26,26,48,0,5,5,0,0,0,0,0,0,0,0,0,7,0,3,10,6,15,37,35,71,0,0,0,0,0,0,0,0,0,0,0,0,0,0,0,0,0,0,0,0,0,0,0,0,0,0,0,0,0,0,0,0,0,0,0,0,0,0,0,0,0,0,0,0,0,0,0,0,0,0,0,0,0,0,0,0,0,20,19,37,6,10,9,5,0,5,66,54,126
10604112918,external,0,0,0,0,0,0,0,0,0,0,0,0,0,0,0,36,34,77,0,0,4,3,0,3,0,0,0,0,0,0,8,0,5,3,4,3,54,39,95,0,0,0,0,0,0,0,0,0,0,0,0,0,0,0,0,0,0,0,0,0,0,0,0,0,0,0,0,0,0,0,0,0,0,0,0,0,0,0,0,0,0,0,0,3,0,0,0,0,0,0,0,0,0,0,0,0,25,13,35,5,3,14,0,0,0,83,63,146
10604112919,external,0,0,0,0,0,0,0,0,0,0,0,0,0,0,0,21,19,36,0,0,0,0,0,0,0,0,0,0,0,0,0,0,0,4,5,8,33,15,46,0,0,0,0,0,0,0,0,0,0,0,0,0,0,0,0,0,0,0,0,0,0,0,0,0,0,0,0,0,0,0,0,0,0,0,0,0,0,0,0,0,0,0,0,0,0,0,0,0,0,0,0,0,0,0,0,0,8,8,17,0,0,3,0,0,0,43,26,71
10604112920,external,0,0,0,0,0,0,0,0,0,0,0,0,0,0,0,86,66,151,5,4,8,6,0,6,0,0,0,0,0,0,0,0,0,9,3,11,101,75,178,0,0,0,0,0,0,0,0,0,0,0,0,0,0,0,0,0,0,0,0,0,0,0,0,0,0,0,0,0,0,0,0,0,0,0,0,0,0,0,0,0,3,0,0,3,0,0,0,0,0,0,0,0,0,0,0,0,17,26,45,6,11,9,3,0,3,135,112,243
10604112921,external,0,0,0,0,0,0,0,0,0,0,0,0,0,0,0,51,44,94,0,0,8,0,0,0,0,0,0,0,0,0,0,0,0,4,10,14,64,49,111,0,0,0,0,0,0,0,0,0,0,0,0,0,0,0,0,0,0,0,0,0,0,0,0,0,0,0,0,0,0,0,0,0,0,0,0,0,0,0,0,0,0,0,0,0,0,0,0,0,0,0,0,0,0,0,0,0,7,8,15,3,6,12,0,0,0,78,66,141
10604112922,external,0,0,0,0,0,0,0,0,0,0,0,0,0,0,0,48,50,94,4,0,3,0,0,0,0,0,0,0,0,0,0,0,0,4,10,17,57,57,117,0,0,0,0,0,0,0,0,0,0,0,0,0,0,0,0,0,0,0,0,0,0,0,0,0,0,0,0,0,0,0,0,0,0,0,0,0,0,0,0,0,0,0,0,0,0,0,0,0,0,0,0,0,0,0,0,0,6,13,20,9,9,20,0,7,7,73,81,156
10604112923,external,0,0,0,0,0,0,0,0,0,0,0,0,0,0,0,91,74,165,0,8,14,3,0,3,0,0,0,0,0,0,0,0,5,12,6,19,111,87,196,0,0,0,0,0,0,0,0,0,0,0,0,0,0,0,0,0,0,0,0,0,0,0,0,0,0,0,0,0,0,0,0,0,0,0,0,0,0,0,0,0,8,0,0,8,0,0,0,0,0,0,0,0,0,0,0,0,24,31,55,14,14,28,0,4,6,158,137,296
11101120601,core,0,0,0,0,0,0,0,0,0,0,0,0,0,0,0,20,15,34,0,0,0,0,0,0,0,0,0,0,0,0,0,0,0,0,0,0,21,19,36,0,0,0,0,0,0,0,0,0,0,0,0,0,0,0,0,0,0,0,0,0,0,0,0,0,0,0,0,0,0,0,0,0,0,0,0,0,0,0,0,0,0,0,0,0,0,0,0,0,0,0,0,0,0,0,0,0,3,3,9,0,3,3,0,0,0,25,25,43
11101120602,core,0,0,0,0,0,0,0,0,0,0,0,0,0,0,0,49,45,91,5,3,8,5,0,5,0,0,0,0,0,0,0,0,0,0,0,0,60,50,106,0,0,0,0,0,0,0,0,0,0,0,0,0,0,0,0,0,0,0,0,0,0,0,0,0,0,0,0,0,0,0,0,0,0,0,0,0,0,0,0,0,0,0,0,0,0,0,0,0,0,0,0,0,0,0,0,0,17,16,38,9,17,26,0,0,0,87,83,165
11101120603,core,0,0,0,0,0,0,0,0,0,0,0,0,0,0,0,35,28,60,0,4,5,0,0,0,0,0,0,0,0,0,0,0,0,0,0,0,40,34,72,0,0,0,0,0,0,0,0,0,0,0,0,0,0,0,0,0,0,0,0,0,0,0,0,0,0,0,0,0,0,0,0,0,0,0,0,0,0,0,0,0,0,0,0,0,0,0,0,0,0,0,0,0,0,0,0,0,12,10,21,3,12,19,0,0,0,55,53,111
11101120604,core,0,0,0,0,0,0,0,0,0,0,0,0,0,0,0,45,36,86,0,0,4,3,0,5,0,0,0,0,0,0,0,0,0,0,0,0,50,41,91,0,0,0,0,0,0,0,0,0,0,0,0,0,0,0,0,0,0,0,0,0,0,0,0,0,0,0,0,0,0,0,0,0,0,0,0,0,0,0,0,0,4,0,0,4,0,0,0,0,0,0,0,0,0,0,0,0,11,23,32,19,20,44,0,0,0,88,90,175
11101120605,core,0,0,0,0,0,0,0,0,0,0,0,0,0,0,0,55,55,112,3,8,8,5,0,5,3,0,3,0,0,0,0,0,0,0,0,0,65,63,133,0,0,0,0,0,0,0,0,0,0,0,0,0,0,0,0,0,0,0,0,0,0,0,0,0,0,0,0,0,0,0,0,0,0,0,0,0,0,0,5,0,5,5,0,5,0,0,0,0,0,0,0,0,0,0,0,0,15,14,23,14,22,28,0,0,5,97,98,188
11101120606,core,0,0,0,0,0,0,0,0,0,0,0,0,0,0,0,64,52,115,0,0,5,3,0,3,0,0,0,0,0,0,0,0,0,4,8,11,74,60,137,0,0,0,0,0,0,0,0,0,0,0,0,0,0,0,0,0,0,0,0,0,0,0,0,0,0,0,0,0,0,0,0,0,0,0,0,0,0,0,0,0,0,0,0,0,0,0,0,0,0,0,0,0,0,0,0,0,12,12,26,6,28,38,6,0,3,100,102,204
11101120607,core,0,0,0,0,0,0,0,0,0,0,0,0,0,0,0,0,0,0,0,0,0,0,0,0,0,0,0,0,0,0,0,0,0,0,0,0,0,0,0,0,0,0,0,0,0,0,0,0,0,0,0,0,0,0,0,0,0,0,0,0,0,0,0,0,0,0,0,0,0,0,0,0,0,0,0,0,0,0,0,0,0,0,0,0,0,0,0,0,0,0,0,0,0,0,0,0,0,0,0,0,0,0,0,0,0,0,0,0
11101120608,core,0,0,0,0,0,0,0,0,0,0,0,0,0,0,0,48,40,86,10,5,12,0,0,0,0,0,0,0,0,0,0,0,0,4,0,5,58,48,106,0,0,0,0,0,0,0,0,0,0,0,0,0,0,0,0,0,0,0,0,0,0,0,0,0,0,0,0,0,0,0,0,0,0,0,0,0,0,0,0,0,0,0,0,0,0,0,0,0,0,0,0,0,0,0,0,0,7,18,26,8,10,23,0,0,0,77,73,146
11101120609,core,0,0,0,0,0,0,0,0,0,0,0,0,0,0,0,69,56,128,3,7,7,4,0,4,0,0,0,0,0,0,0,0,0,5,0,3,86,64,152,0,0,0,0,0,0,0,0,0,0,0,0,0,0,0,0,0,0,0,0,0,0,0,0,0,0,0,0,0,0,0,0,0,0,0,0,0,0,0,0,0,0,0,0,0,0,0,0,0,0,0,0,0,0,0,0,0,5,19,27,13,21,34,0,0,0,106,105,209
11101120610,core,0,0,0,0,0,0,0,0,0,0,0,0,0,0,0,120,94,213,5,7,17,4,0,4,0,0,0,0,0,0,0,0,0,5,0,5,133,99,242,0,0,0,0,0,0,0,0,0,0,0,0,0,0,0,0,0,0,0,0,0,0,0,0,0,0,0,0,0,0,0,0,0,0,0,0,0,0,0,0,0,0,4,0,4,0,0,0,0,0,0,0,0,0,0,0,0,37,43,80,25,33,61,0,0,0,200,179,379
11101120611,core,0,0,0,0,0,0,0,0,0,0,0,0,0,0,0,94,52,148,5,0,12,4,0,4,0,0,0,0,0,0,0,0,0,0,0,0,102,59,162,0,0,0,0,0,0,0,0,0,0,0,0,0,0,0,0,0,0,0,0,0,0,0,0,0,0,0,0,0,0,0,0,0,0,0,0,0,0,0,0,0,0,0,0,0,0,0,0,0,0,0,0,0,0,0,0,0,13,27,41,13,17,29,0,0,0,126,103,233
11101120612,core,0,0,0,0,0,0,0,0,0,0,0,0,0,0,0,101,58,158,5,6,8,0,0,0,0,0,0,0,0,0,0,0,5,0,0,0,109,68,176,0,0,0,0,0,0,0,0,0,0,0,0,0,0,0,0,0,0,0,0,0,0,0,0,0,0,0,0,0,0,0,0,0,0,0,0,0,0,0,0,0,0,0,0,0,0,0,0,0,0,0,0,0,0,0,0,0,24,32,54,12,24,41,0,0,0,144,119,269
11101120613,core,0,0,0,0,0,0,0,0,0,0,0,0,0,0,0,62,46,111,3,4,6,0,0,4,0,0,0,0,0,0,0,0,0,0,0,0,67,56,119,0,0,0,0,0,0,0,0,0,0,0,0,0,0,0,0,0,0,0,0,0,0,0,0,0,0,0,0,0,0,0,0,0,0,0,0,0,0,0,0,0,0,0,0,0,0,0,0,0,0,0,0,0,0,0,0,0,11,14,20,7,12,21,0,0,0,86,77,164
11101120614,core,0,0,0,0,0,0,0,0,0,0,0,0,0,0,0,42,27,73,3,0,6,3,0,3,0,0,0,0,0,5,0,0,0,0,0,0,52,34,81,0,0,0,0,0,0,0,0,0,0,0,0,0,0,0,0,0,0,0,0,0,0,0,0,0,0,0,0,0,0,0,0,0,0,0,0,0,0,0,0,0,0,0,0,0,0,0,0,0,0,0,0,0,0,0,0,0,13,22,31,8,14,19,0,0,0,67,63,136
11101120615,core,0,0,0,0,0,0,0,0,0,0,0,0,0,0,0,95,79,174,4,15,17,0,0,0,5,0,5,0,0,0,0,0,0,0,0,0,107,90,193,0,0,0,0,0,0,0,0,0,0,0,0,0,0,0,0,0,0,0,0,0,0,0,0,0,0,0,0,0,0,0,0,0,0,0,0,0,0,0,3,0,5,4,0,3,0,0,0,0,0,0,0,0,0,0,0,0,23,27,47,12,20,31,0,0,0,141,142,286
11101120616,core,0,0,0,0,0,4,0,0,0,0,0,0,0,0,0,56,51,109,3,0,7,6,0,6,0,0,0,0,0,0,0,0,0,0,0,0,64,60,117,0,0,0,0,0,0,0,0,0,0,0,0,0,0,0,0,0,0,0,0,0,0,0,0,0,0,0,0,0,0,0,0,0,0,0,0,0,0,0,0,0,4,0,0,4,0,0,0,0,0,0,0,0,0,0,0,0,14,27,39,15,14,28,0,0,0,94,99,197
11101120617,core,0,0,0,0,0,0,0,0,0,0,0,0,0,0,0,36,31,58,0,5,3,3,0,3,0,0,0,0,0,0,0,0,0,0,0,0,36,33,72,0,0,0,0,0,0,0,0,0,0,0,0,0,0,0,0,0,0,0,0,0,0,0,0,0,0,0,0,0,0,0,0,0,0,0,0,0,0,0,0,0,0,0,0,0,0,0,0,0,0,0,0,0,0,0,0,0,13,16,33,6,10,16,0,0,0,54,61,115
11101120618,core,0,0,0,0,0,0,0,0,0,0,0,0,0,0,0,65,46,119,5,6,12,0,0,0,0,0,0,0,0,0,0,0,0,0,0,0,73,59,132,0,0,0,0,0,0,0,0,0,0,0,0,0,0,0,0,0,0,0,0,0,0,0,0,0,0,0,0,0,0,0,0,0,0,0,0,0,0,0,0,0,0,0,0,0,0,0,0,0,0,0,0,0,0,0,0,0,14,17,32,10,30,41,0,0,0,101,102,204
11101120619,core,0,0,0,0,0,0,0,0,0,0,0,0,0,0,0,77,64,138,3,4,8,0,0,0,0,0,0,0,0,0,0,5,5,0,3,8,85,73,157,0,0,0,0,0,0,0,0,0,0,0,0,0,0,0,0,0,0,0,0,0,0,0,0,0,0,0,0,0,0,0,0,0,0,0,0,0,0,0,0,0,0,0,0,0,0,0,0,0,0,0,0,0,0,0,0,0,17,30,51,10,14,28,0,0,0,111,119,231
11101120620,core,0,0,0,0,0,0,0,0,0,0,0,0,0,0,0,81,63,147,0,0,3,4,0,4,0,0,0,0,0,0,0,0,0,0,0,0,82,67,149,0,0,0,0,0,0,0,0,0,0,0,0,0,0,0,0,0,0,0,0,0,0,0,0,0,0,0,0,0,0,0,0,0,0,0,0,0,0,0,0,0,0,0,0,0,0,0,0,0,0,0,0,0,0,0,0,0,19,21,39,8,22,32,0,0,0,110,104,223
11101120621,core,0,0,0,0,0,0,0,0,0,0,0,0,0,0,0,58,59,113,0,3,5,0,0,0,0,0,0,0,0,0,0,0,0,0,0,0,59,59,123,0,0,0,0,0,0,0,0,0,0,0,0,0,0,0,0,0,0,0,0,0,0,0,0,0,0,0,0,0,0,0,0,0,0,0,0,0,0,0,0,0,0,0,0,0,0,0,0,0,0,0,0,0,0,0,0,0,41,34,71,8,29,43,0,0,0,116,125,238
11101120622,core,0,0,0,0,0,0,0,0,0,0,0,0,0,0,0,56,52,108,5,0,5,0,0,0,3,0,3,0,0,0,0,0,0,0,3,5,68,57,125,0,0,0,0,0,0,0,0,0,0,0,0,0,0,0,0,0,0,0,0,0,0,0,0,0,0,0,0,0,0,0,0,0,0,0,0,0,0,0,0,0,0,0,0,0,0,0,0,0,0,0,0,0,0,0,0,0,11,20,35,12,19,29,0,0,0,93,95,195
11101120623,core,0,0,0,0,0,0,0,0,0,0,0,0,0,0,0,105,57,155,5,4,9,3,0,3,0,0,0,0,0,0,0,0,0,3,0,7,113,62,179,0,0,0,0,0,0,0,0,0,0,0,0,0,0,0,0,0,0,0,0,0,0,0,0,0,0,0,0,0,0,0,0,0,0,0,0,0,0,0,0,0,0,0,0,0,0,0,0,0,0,0,0,0,0,0,0,0,15,33,45,10,38,49,4,0,0,143,134,276
11101120624,core,0,0,0,0,0,0,0,0,0,0,0,0,0,0,0,54,44,103,3,0,8,3,0,3,0,0,0,0,0,0,0,0,0,0,0,0,65,52,112,0,0,0,0,0,0,0,0,0,0,0,0,0,0,0,0,0,0,0,0,0,0,0,0,0,0,0,0,0,0,0,0,0,0,0,0,0,0,0,0,0,0,0,0,0,0,0,0,0,0,0,0,0,0,0,0,0,20,34,52,11,15,25,0,0,0,93,98,188
11101120625,core,0,0,0,0,0,0,0,0,0,0,0,0,0,0,0,86,55,139,5,6,6,5,0,5,4,0,4,0,0,0,0,0,0,0,0,0,90,59,152,0,0,0,0,0,0,0,0,0,0,0,0,0,0,0,0,0,0,0,0,0,0,0,0,0,0,0,0,0,0,0,0,0,0,0,0,0,0,0,0,0,0,0,0,3,0,0,0,0,0,0,0,0,0,0,0,0,28,38,61,14,20,36,0,0,0,136,117,254
11101120626,core,0,0,0,0,0,0,0,0,0,0,0,0,0,0,0,96,82,178,3,4,9,4,0,4,0,0,0,0,0,0,0,0,0,0,0,0,100,88,189,0,0,0,0,0,0,0,0,0,0,0,0,0,0,0,0,0,0,0,0,0,0,0,0,0,0,0,0,0,0,0,0,0,0,0,0,0,0,0,6,0,6,3,0,3,0,0,0,0,0,0,0,0,0,0,0,0,27,38,66,20,25,46,0,0,0,150,153,306
11101120627,core,0,0,0,0,0,0,0,0,0,0,0,0,0,0,0,78,66,145,5,7,5,0,0,0,0,0,0,0,0,0,0,0,0,0,0,0,84,73,158,0,0,0,0,0,0,0,0,0,0,0,0,0,0,0,0,0,0,0,0,0,0,0,0,0,0,0,0,0,0,0,0,0,0,0,0,0,0,0,0,0,0,0,0,0,0,0,0,0,0,0,0,0,0,0,0,0,24,37,66,15,25,47,0,0,0,129,141,267
11101120628,core,0,0,0,0,3,3,0,0,0,0,0,0,0,0,0,72,67,142,4,8,15,0,0,0,0,0,0,3,0,3,0,0,0,0,0,6,89,76,165,0,0,0,0,0,0,0,0,0,0,0,0,0,0,0,0,0,0,0,0,0,0,0,0,0,0,0,0,0,0,0,0,0,0,0,0,0,0,0,0,0,0,0,3,3,0,0,0,0,0,0,0,0,0,0,0,0,12,23,37,17,28,43,0,0,0,117,137,250
11101120629,core,0,0,0,0,0,0,0,0,0,0,0,0,0,0,0,34,24,59,4,5,7,0,0,0,0,0,0,0,0,0,0,0,0,0,0,7,40,29,74,0,0,0,0,0,0,0,0,0,0,0,0,0,0,0,0,0,0,0,0,0,0,0,0,0,0,0,0,0,0,0,0,0,0,0,0,0,0,0,0,0,5,0,0,5,0,0,0,0,0,0,0,0,0,0,0,0,5,6,9,5,7,17,0,0,0,60,51,104
11101120630,core,0,0,0,0,0,3,0,0,0,0,0,0,0,0,0,50,26,75,3,0,5,0,0,0,0,0,0,0,0,0,0,0,0,9,6,15,63,36,98,0,0,0,0,0,0,0,0,0,0,0,0,0,0,0,0,0,0,0,0,0,0,0,0,0,0,0,0,0,0,0,0,0,0,0,0,0,0,0,0,0,0,0,0,0,0,0,0,0,0,0,0,0,0,0,0,0,15,20,35,9,11,24,0,0,0,89,63,156
11101120631,core,0,0,0,4,0,3,0,0,0,0,0,0,0,0,0,45,25,75,3,3,3,0,0,0,0,0,0,0,0,0,0,0,0,0,4,9,57,36,93,0,0,0,0,0,0,0,0,0,0,0,0,0,0,0,0,0,0,0,0,0,0,0,0,0,0,0,0,0,0,0,0,0,0,0,0,0,0,0,0,0,0,0,0,0,0,0,0,0,0,0,0,0,0,0,0,0,9,7,21,10,10,21,0,0,0,74,62,136
11101120632,core,0,0,0,0,3,3,0,0,0,0,0,0,0,0,0,51,46,98,5,0,11,0,0,0,0,0,0,0,0,0,0,0,0,0,0,0,62,48,110,0,0,0,0,0,0,0,0,0,0,0,0,0,0,0,0,0,0,0,0,0,0,0,0,0,0,0,0,0,0,0,0,0,0,0,0,0,0,0,0,0,0,0,0,0,0,0,0,0,0,0,0,0,0,0,0,0,13,18,32,10,15,30,0,0,0,80,87,166
11101120633,core,0,0,0,4,9,9,0,0,0,0,0,0,0,0,0,83,73,157,3,3,3,0,0,0,0,0,0,0,0,0,0,0,0,4,8,13,97,93,188,0,0,0,0,0,0,0,0,0,0,0,0,0,0,0,0,0,0,0,0,0,0,0,0,0,0,0,0,0,0,0,0,0,0,0,0,0,0,0,0,0,0,0,0,0,0,0,0,0,0,0,0,0,0,0,0,0,19,24,49,17,21,37,0,0,0,140,138,275
11101120634,core,0,0,0,0,0,0,0,0,0,0,0,0,0,0,0,102,97,199,3,7,6,0,0,0,4,0,4,0,0,0,0,4,4,0,0,0,107,101,211,0,0,0,0,0,0,0,0,0,0,0,0,0,0,0,0,0,0,0,0,0,0,0,0,0,0,0,0,0,0,0,0,0,0,0,0,0,0,0,0,0,0,0,0,0,0,0,0,0,0,0,0,0,0,0,0,0,14,16,29,15,29,41,0,0,0,135,155,284
11101120635,core,0,0,0,0,0,0,0,0,0,0,0,0,0,0,0,38,29,67,0,3,3,0,0,0,0,0,0,0,0,0,0,0,0,0,0,0,36,36,68,0,0,0,0,0,0,0,0,0,0,0,0,0,0,0,0,0,0,0,0,0,0,0,0,0,0,0,0,0,0,0,0,0,0,0,0,0,0,0,0,0,0,0,0,0,0,0,0,0,0,0,0,0,0,0,0,0,9,9,12,6,9,10,0,0,0,52,46,96
11101120636,core,0,0,0,0,0,0,0,0,0,0,0,0,0,0,0,34,29,65,0,3,3,0,0,0,0,0,0,0,0,0,0,0,0,0,4,6,33,31,72,0,0,0,0,0,0,0,0,0,0,0,0,0,0,0,0,0,0,0,0,0,0,0,0,0,0,0,0,0,0,0,0,0,0,0,0,0,0,0,0,0,0,0,0,0,0,0,0,0,0,0,0,0,0,0,0,0,5,14,18,6,14,18,0,0,0,52,64,106
11101120637,core,0,0,0,0,0,0,0,0,0,0,0,0,0,0,0,68,54,119,0,8,11,0,0,0,0,0,0,4,0,4,0,0,0,3,3,4,84,56,142,0,0,0,0,0,0,0,0,0,0,0,0,0,0,0,0,0,0,0,0,0,0,0,0,0,0,0,0,0,0,0,0,0,0,0,0,0,0,0,0,0,0,0,0,0,0,0,0,0,0,0,0,0,0,0,0,0,13,16,32,0,15,19,0,0,0,95,95,189
11101120638,core,0,0,0,0,0,0,0,0,0,0,0,0,0,0,0,81,76,152,6,7,10,0,0,0,0,0,0,0,0,0,0,0,0,4,0,8,91,82,177,0,0,0,0,0,0,0,0,0,0,0,0,0,0,0,0,0,0,0,0,0,0,0,0,0,0,0,0,0,0,0,0,0,0,0,0,0,0,0,0,0,0,0,0,0,0,0,0,0,0,0,0,0,0,0,0,0,19,21,40,25,32,54,0,0,0,132,142,278
11101120639,core,0,0,0,5,3,4,0,0,0,0,0,0,0,0,0,44,29,77,0,6,5,0,0,0,0,0,0,0,0,0,0,0,0,8,0,8,57,34,93,0,0,0,0,0,0,0,0,0,0,0,0,0,0,0,0,0,0,0,0,0,0,0,0,0,0,0,0,0,0,0,0,0,0,0,0,0,0,0,0,0,0,0,0,0,0,0,0,0,0,0,0,0,0,0,0,0,18,14,26,6,15,25,0,0,0,81,66,146
11101120640,core,0,0,0,0,0,0,0,0,0,0,0,0,0,0,0,58,41,101,0,8,6,0,0,0,0,0,0,0,0,0,0,0,0,0,4,5,68,48,112,0,0,0,0,0,0,0,0,0,0,0,0,0,0,0,0,0,0,0,0,0,0,0,0,0,0,0,0,0,0,0,0,0,0,0,0,0,0,0,0,0,0,0,0,0,0,0,0,0,0,0,0,0,0,0,0,0,29,36,64,15,19,35,0,0,0,117,105,218
11101120641,core,0,0,0,0,0,0,0,0,0,0,0,0,0,0,0,67,31,100,4,7,12,0,0,0,0,0,0,0,0,0,0,5,5,0,0,0,68,47,112,0,0,0,0,0,0,0,0,0,0,0,0,0,0,0,0,0,0,0,0,0,0,0,0,0,0,0,0,0,0,0,0,0,0,0,0,0,0,0,0,0,0,0,0,0,0,0,0,0,0,0,0,0,0,0,0,0,18,28,46,17,32,51,0,0,0,100,104,205
11101120642,core,0,0,0,0,0,0,0,0,0,0,0,0,0,0,0,41,41,82,4,3,3,0,0,0,0,0,0,0,0,0,0,0,0,0,0,0,46,42,88,0,0,0,0,0,0,0,0,0,0,0,0,0,0,0,0,0,0,0,0,0,0,0,0,0,0,0,0,0,0,0,0,0,0,0,0,0,0,0,0,0,0,0,0,0,0,0,0,0,0,0,0,0,0,0,0,0,14,17,24,9,15,23,0,0,5,65,72,139
11101120701,core,0,0,0,0,0,0,0,0,0,0,0,0,0,0,0,59,44,102,0,0,5,0,0,0,0,0,0,0,0,3,0,0,0,0,0,0,69,52,116,0,0,0,0,0,0,0,0,0,0,0,0,0,0,0,0,0,0,0,0,0,0,0,0,0,0,0,0,0,0,0,0,0,0,0,0,0,0,0,0,0,0,0,0,0,0,0,0,0,0,0,0,0,0,0,0,0,7,26,35,15,21,32,0,0,0,91,98,184
11101120702,core,0,0,0,0,0,0,0,0,0,0,0,0,0,0,0,87,67,153,4,4,15,0,0,0,0,0,0,0,0,0,0,0,0,0,4,3,97,71,171,0,0,0,0,0,0,0,0,0,0,0,0,0,0,0,0,0,0,0,0,0,0,0,0,0,0,0,0,0,0,0,0,0,0,0,0,0,0,0,0,0,0,0,0,0,0,0,0,0,0,0,0,0,0,0,0,0,28,28,55,17,31,43,0,0,0,139,136,271
11101120703,core,0,0,0,0,0,0,0,0,0,0,0,0,0,0,0,65,41,104,0,0,7,0,0,0,0,0,0,0,0,0,0,0,0,0,0,0,73,43,115,0,0,0,0,0,0,0,0,0,0,0,0,0,0,0,0,0,0,0,0,0,0,0,0,0,0,0,0,0,0,0,0,0,0,0,0,0,0,0,0,0,0,0,0,0,0,0,0,0,0,0,0,0,0,0,0,0,6,19,25,22,21,43,0,0,0,96,84,188
11101120704,core,0,0,0,0,0,0,0,0,0,0,0,0,0,0,0,36,30,67,0,4,4,0,0,0,0,0,0,0,0,0,0,0,0,0,0,0,38,34,72,0,0,0,0,0,0,0,0,0,0,0,0,0,0,0,0,0,0,0,0,0,0,0,0,0,0,0,0,0,0,0,0,0,0,0,0,0,0,0,0,0,0,0,0,5,0,0,0,0,0,0,0,0,0,0,0,0,0,15,16,7,10,18,0,0,0,56,55,107
11101120705,core,0,0,0,0,0,0,0,0,0,0,0,0,0,0,0,48,48,95,5,5,6,0,0,0,0,0,0,0,0,0,0,0,0,0,0,0,51,51,102,0,0,0,0,0,0,0,0,0,0,0,0,0,0,0,0,0,0,0,0,0,0,0,0,0,0,0,0,0,0,0,0,0,0,0,0,0,0,0,0,0,0,0,0,0,0,0,0,0,0,0,0,0,0,0,0,0,19,29,46,8,15,26,0,0,0,80,104,183
11101120706,core,0,0,0,0,0,0,0,0,0,0,0,0,0,0,0,41,36,81,4,3,4,0,0,0,0,0,0,0,0,0,0,0,0,0,4,4,45,40,91,0,0,0,0,0,0,0,0,0,0,0,0,0,0,0,0,0,0,0,0,0,0,0,0,0,0,0,0,0,0,0,0,0,0,0,0,0,0,0,0,0,0,0,0,0,0,0,0,0,0,0,0,0,0,0,0,0,11,5,19,9,7,24,0,0,0,64,61,131
11101120707,core,0,0,0,0,3,4,0,0,0,0,0,0,0,0,0,40,31,74,0,0,0,0,0,0,0,0,0,0,0,0,0,0,0,0,4,0,47,39,81,0,0,0,0,0,0,0,0,0,0,0,0,0,0,0,0,0,0,0,0,0,0,0,0,0,0,0,0,0,0,0,0,0,0,0,0,0,0,0,0,0,0,0,0,0,0,0,0,0,0,0,0,0,0,0,0,0,3,18,22,9,13,23,4,0,4,64,69,132
11101120708,core,0,0,0,0,0,0,0,0,0,0,0,0,0,0,0,67,54,121,5,5,4,0,0,0,0,0,0,0,0,0,0,0,0,4,0,0,69,59,131,0,0,0,0,0,0,0,0,0,0,0,0,0,0,0,0,0,0,0,0,0,0,0,0,0,0,0,0,0,0,0,0,0,0,0,0,0,0,0,0,0,0,0,0,0,0,0,0,0,0,0,0,0,0,0,0,0,13,21,34,9,15,22,0,0,0,86,91,185
11101120709,core,0,0,0,0,0,0,0,0,0,0,0,0,0,0,0,56,49,103,5,8,7,0,0,0,0,0,0,0,0,0,0,0,0,0,0,0,58,53,118,0,0,0,0,0,0,0,0,0,0,0,0,0,0,0,0,0,0,0,0,0,0,0,0,0,0,0,0,0,0,0,0,0,0,0,0,0,0,0,0,0,0,0,0,0,0,0,0,0,0,0,0,0,0,0,0,0,3,21,24,15,19,30,0,0,0,80,99,176
11101120710,core,0,0,0,0,0,0,0,0,0,0,0,0,0,0,0,0,0,0,0,0,0,0,0,0,0,0,0,0,0,0,0,0,0,0,0,0,0,0,0,0,0,0,0,0,0,0,0,0,0,0,0,0,0,0,0,0,0,0,0,0,0,0,0,0,0,0,0,0,0,0,0,0,0,0,0,0,0,0,0,0,0,0,0,0,0,0,0,0,0,0,0,0,0,0,0,0,0,0,0,0,0,0,0,0,0,0,0,0
11101120711,core,0,0,0,0,0,0,0,0,0,0,0,0,0,0,0,49,38,88,0,3,3,3,0,3,0,0,0,0,0,0,0,0,0,0,0,0,53,38,93,0,0,0,0,0,0,0,0,0,0,0,0,0,0,0,0,0,0,0,0,0,0,0,0,0,0,0,0,0,0,0,0,0,0,0,0,0,0,0,0,0,0,0,0,0,0,0,0,0,0,0,0,0,0,0,0,0,3,18,20,9,6,21,0,0,0,69,63,133
11101120712,core,0,0,0,3,0,3,0,0,0,0,0,0,0,0,0,60,37,92,0,4,7,0,0,0,0,0,0,3,0,3,4,0,4,0,3,9,70,43,112,0,0,0,0,0,0,0,0,0,0,0,0,0,0,0,0,0,0,0,0,0,0,0,0,0,0,0,0,0,0,0,0,0,0,0,0,0,0,0,0,0,0,0,0,0,0,0,0,0,0,0,0,0,0,0,0,0,7,18,17,9,24,32,3,3,5,86,82,171
11101120713,core,0,0,0,0,0,0,0,0,0,0,0,0,0,0,0,39,28,75,0,0,3,0,0,0,0,0,0,0,0,0,6,0,6,0,0,0,50,33,83,0,0,0,0,0,0,0,0,0,0,0,0,0,0,0,0,0,0,0,0,0,0,0,0,0,0,0,0,0,0,0,0,0,0,0,0,0,0,0,0,0,0,0,0,0,0,0,0,0,0,0,0,0,0,0,0,0,15,14,30,4,15,18,0,0,0,71,62,131
11101120714,core,0,0,0,0,0,0,0,0,0,0,0,0,0,0,0,0,0,0,0,0,0,0,0,0,0,0,0,0,0,0,0,0,0,0,0,0,0,0,0,0,0,0,0,0,0,0,0,0,0,0,0,0,0,0,0,0,0,0,0,0,0,0,0,0,0,0,0,0,0,0,0,0,0,0,0,0,0,0,0,0,0,0,0,0,0,0,0,0,0,0,0,0,0,0,0,0,0,0,0,0,0,0,0,0,0,0,0,0
11101120715,core,0,0,0,0,0,0,0,0,0,0,0,0,0,0,0,63,65,132,4,5,8,0,0,0,4,0,4,0,0,0,0,0,5,0,0,0,75,76,148,0,0,0,0,0,0,0,0,0,0,0,0,0,0,0,0,0,0,0,0,0,0,0,0,0,0,0,0,0,0,0,0,0,0,0,0,0,0,0,3,0,3,3,0,3,0,0,0,0,0,0,0,0,0,0,0,0,20,30,50,24,28,52,3,0,3,119,135,253
11101120716,core,0,0,0,0,0,0,0,0,0,0,0,0,0,0,0,46,33,85,6,3,3,0,0,0,0,0,0,0,0,0,0,0,0,0,0,0,50,40,90,0,0,0,0,0,0,0,0,0,0,0,0,0,0,0,0,0,0,0,0,0,0,0,0,0,0,0,0,0,0,0,0,0,0,0,0,0,0,0,0,0,0,3,0,4,0,0,0,0,0,0,0,0,0,0,0,0,3,10,16,7,11,19,0,0,0,72,64,138
11101120801,core,0,0,0,4,0,4,0,0,0,0,0,0,0,0,0,71,55,124,0,10,10,5,0,5,0,0,0,4,0,4,0,0,0,0,0,4,86,62,144,0,0,0,0,0,0,0,0,0,0,0,0,0,0,0,0,0,0,0,0,0,0,0,0,0,0,0,0,0,0,0,0,0,0,0,0,0,0,0,0,0,0,0,0,0,0,0,0,0,0,0,0,0,0,0,0,0,16,33,46,14,17,30,0,0,0,111,110,226
11101120802,core,0,0,0,0,0,0,0,0,0,0,0,0,0,0,0,49,35,89,4,5,9,0,0,0,0,0,0,0,0,0,0,0,0,0,0,0,53,47,97,0,0,0,0,0,0,0,0,0,0,0,0,0,0,0,0,0,0,0,0,0,0,0,0,0,0,0,0,0,0,0,0,0,0,0,0,0,0,0,0,0,0,0,0,0,0,0,0,0,0,0,0,0,0,0,0,0,15,27,45,8,15,27,0,0,0,88,81,167
11101120803,core,0,0,0,0,0,0,0,0,0,0,0,0,0,0,0,48,26,75,3,8,8,0,0,0,0,0,0,0,0,0,0,0,0,0,0,0,58,32,85,0,0,0,0,0,0,0,0,0,0,0,0,0,0,0,0,0,0,0,0,0,0,0,0,0,0,0,0,0,0,0,0,0,0,0,0,0,0,0,0,0,0,0,0,0,0,0,0,0,0,0,0,0,0,0,0,0,13,23,35,12,15,24,0,0,0,79,63,151
11101120804,core,0,0,0,0,0,0,0,0,0,0,0,0,0,0,0,46,27,82,0,3,6,0,0,0,0,0,0,0,0,0,0,0,0,0,0,0,54,34,89,0,0,0,0,0,0,0,0,0,0,0,0,0,0,0,0,0,0,0,0,0,0,0,0,0,0,0,0,0,0,0,0,0,0,0,0,0,0,0,0,4,4,0,4,4,0,0,0,0,0,0,0,0,0,0,0,0,13,9,22,5,22,29,0,0,0,74,67,142
11101120806,core,0,0,0,0,0,0,0,0,0,0,0,0,0,0,0,52,37,92,0,4,6,0,0,0,0,0,0,0,0,0,0,0,0,0,0,0,54,42,99,0,0,0,0,0,0,0,0,0,0,0,0,0,0,0,0,0,0,0,0,0,0,0,0,0,0,0,0,0,0,0,0,0,0,0,0,0,0,0,0,0,0,0,0,0,0,0,0,0,0,0,0,0,0,0,0,0,14,26,41,9,18,28,0,0,0,79,89,169
11101120807,core,0,0,0,0,0,0,0,0,0,0,0,0,0,0,0,79,54,132,5,0,6,0,0,0,0,0,0,0,0,0,0,0,0,4,3,3,93,59,153,0,0,0,0,0,0,0,0,0,0,0,0,0,0,0,0,0,0,0,0,0,0,0,0,0,0,0,0,0,0,0,0,0,0,0,0,0,0,0,0,0,0,0,0,0,0,0,0,0,0,0,0,0,0,0,0,0,18,30,54,18,28,38,0,0,0,127,112,242
11101120808,core,0,0,0,0,0,0,0,0,0,0,0,0,0,0,0,67,44,113,7,0,9,0,0,0,0,0,0,0,0,0,0,0,0,0,0,5,76,53,125,0,0,0,0,0,0,0,0,0,0,0,0,0,0,0,0,0,0,0,0,0,0,0,0,0,0,0,0,0,0,0,0,0,0,0,0,0,0,0,0,0,0,0,0,0,0,0,0,0,0,0,0,0,0,0,0,0,30,34,65,9,12,25,0,0,0,119,98,216
11101120809,core,0,0,0,0,0,0,0,0,0,0,0,0,0,0,0,55,44,96,3,0,5,0,0,0,0,0,0,0,0,0,0,0,0,0,0,0,65,48,107,0,0,0,0,0,0,0,0,0,0,0,0,0,0,0,0,0,0,0,0,0,0,0,0,0,0,0,0,0,0,0,3,3,0,0,0,0,3,3,0,0,0,0,0,0,0,0,0,0,0,0,0,0,0,0,0,0,27,32,58,20,17,40,0,0,0,108,98,199
11101120810,core,0,0,0,0,0,0,0,0,0,0,0,0,0,0,0,51,49,98,0,3,7,7,0,7,0,0,0,0,4,4,0,0,0,0,0,0,58,55,119,0,0,0,0,0,0,0,0,0,0,0,0,0,0,0,0,0,0,0,0,0,0,0,0,0,0,0,0,0,0,0,0,0,0,0,0,0,0,0,0,0,0,0,0,0,0,0,0,0,0,0,0,0,0,0,0,0,21,37,54,15,16,37,0,0,0,97,109,207
11101120811,core,0,0,0,0,0,0,0,0,0,0,0,0,0,0,0,51,47,102,0,0,5,0,0,0,0,0,0,0,0,0,0,0,0,0,0,0,56,53,109,0,0,0,0,0,0,0,0,0,0,0,0,0,0,0,0,0,0,0,0,0,0,0,0,0,0,0,0,0,0,0,0,0,0,0,0,0,0,0,3,0,4,3,0,4,0,0,0,0,0,0,0,0,0,0,0,0,33,23,57,10,12,26,0,0,0,105,93,194
11101120812,core,0,0,0,0,0,0,0,0,0,0,0,0,0,0,0,51,46,98,0,0,4,0,0,0,0,0,0,0,0,0,0,0,5,0,0,0,59,46,107,0,0,0,0,0,0,0,0,0,0,0,0,0,0,0,0,0,0,0,0,0,0,0,0,0,0,0,0,0,0,0,0,0,0,0,0,0,0,0,0,0,0,0,0,0,0,0,0,0,0,0,0,0,0,0,0,0,22,28,46,7,17,32,0,0,0,91,98,185
11101120813,core,0,0,0,0,0,0,0,0,0,0,0,0,0,0,0,40,31,69,0,0,6,10,0,10,0,0,0,0,0,0,0,0,0,4,4,8,54,36,90,0,0,0,0,0,0,0,0,0,0,0,0,0,0,0,0,0,0,0,0,0,0,0,0,0,0,0,0,0,0,0,0,0,0,0,0,0,0,0,0,0,0,0,0,6,0,0,0,0,0,0,0,0,0,0,0,0,9,16,24,7,3,10,0,0,0,63,59,119
11101120814,core,0,0,0,0,0,0,0,0,0,0,0,0,0,0,0,64,46,111,0,10,10,0,0,0,0,0,0,0,0,0,0,0,0,0,0,0,68,55,128,0,0,0,0,0,0,0,0,0,0,0,0,0,0,0,0,0,0,0,0,0,0,0,0,0,0,0,0,0,0,0,0,0,0,0,0,0,0,0,0,0,0,0,0,0,0,0,0,0,0,0,0,0,0,0,0,0,19,27,47,7,13,23,0,0,0,100,103,197
11101120815,core,0,0,0,0,0,0,0,0,0,0,0,0,0,0,0,69,40,114,4,4,7,0,0,0,0,0,0,0,0,0,0,0,0,0,0,3,77,46,131,0,0,0,0,0,0,0,0,0,0,0,0,0,0,0,0,0,0,0,0,0,0,0,0,0,0,0,0,0,0,0,0,0,0,0,0,0,0,0,0,0,0,0,0,0,0,0,0,0,0,0,0,0,0,0,0,0,29,38,65,13,36,53,0,0,0,125,125,247
11101120816,core,0,0,0,0,0,0,0,0,0,0,0,0,0,0,0,63,47,110,3,0,10,0,0,0,0,0,0,0,0,0,0,0,0,0,0,0,77,44,125,0,0,0,0,0,0,0,0,0,0,0,0,0,0,0,0,0,0,0,0,0,0,0,0,0,0,0,0,0,0,0,0,0,0,0,0,0,0,0,0,0,0,0,0,0,0,0,0,0,0,0,0,0,0,0,0,0,14,27,39,4,14,18,0,0,0,90,92,184
11101120817,core,0,0,0,0,0,0,0,0,0,0,0,0,0,0,0,85,67,154,5,3,4,0,0,0,0,0,0,0,0,0,0,0,0,0,0,4,97,79,174,0,0,0,0,0,0,0,0,0,0,0,0,0,0,0,0,0,0,0,0,0,0,0,0,0,0,0,0,0,0,0,0,0,0,0,0,0,0,0,0,0,0,0,0,0,0,0,0,0,0,0,0,0,0,0,0,0,32,30,62,12,34,47,0,0,0,142,142,284
11101120818,core,0,0,0,0,0,4,0,0,0,0,0,0,0,0,0,50,52,103,4,0,5,0,0,0,0,0,0,0,0,0,0,0,0,0,0,0,54,55,109,0,0,0,0,0,0,0,0,0,0,0,0,0,0,0,0,0,0,0,0,0,0,0,0,0,0,0,0,0,0,0,0,0,0,0,0,0,0,0,0,0,0,0,0,0,0,0,0,0,0,0,0,0,0,0,0,0,20,26,51,17,19,33,0,0,0,95,106,198
11101120819,core,0,0,0,4,4,8,0,0,0,0,0,0,0,0,0,83,44,127,0,6,12,0,0,0,0,0,0,0,0,0,0,0,0,3,6,6,96,62,153,0,0,0,0,0,0,0,0,0,0,0,0,0,0,0,0,0,0,0,0,0,0,0,0,0,0,0,0,0,0,0,0,0,0,0,0,0,0,0,0,0,0,6,0,6,0,0,0,0,0,0,0,0,0,0,0,0,28,40,61,12,23,36,0,0,0,134,122,257
11101120820,core,0,0,0,0,0,4,0,0,0,0,0,0,0,0,0,41,38,79,5,7,11,3,0,3,0,0,0,4,0,4,0,0,0,5,7,10,60,50,113,0,0,0,0,0,0,0,0,0,0,0,0,0,0,0,0,0,0,0,0,0,0,0,0,0,0,0,0,0,0,0,0,0,0,0,0,0,0,0,0,3,3,0,3,3,0,0,0,0,0,0,0,0,0,0,0,0,31,24,52,15,17,30,0,0,0,104,94,200
11101120821,core,0,0,0,0,0,0,0,0,0,0,0,0,0,0,0,54,55,110,3,3,8,3,0,3,0,0,0,0,0,0,0,0,0,0,4,3,65,65,125,0,0,0,0,0,0,0,0,0,0,0,0,0,0,0,0,0,0,0,0,0,0,0,0,0,0,0,0,0,0,0,0,0,0,0,0,0,0,0,3,0,5,3,0,5,0,0,0,0,0,0,0,0,0,0,0,0,17,26,45,15,28,45,0,0,0,99,115,220
11101120822,core,0,0,0,0,0,0,0,0,0,0,0,0,0,0,0,66,61,124,4,0,3,3,0,3,0,0,0,0,0,0,0,0,0,0,6,7,79,63,140,0,0,0,0,0,0,0,0,0,0,0,0,0,0,0,0,0,0,0,0,0,0,0,0,0,0,0,0,0,0,0,0,0,0,0,0,0,0,0,0,0,0,0,0,0,0,0,0,0,0,0,0,0,0,0,0,0,31,34,62,9,23,35,0,0,0,111,121,238
11101120823,core,0,0,0,0,0,0,0,0,0,0,0,0,0,0,0,0,0,0,0,0,0,0,0,0,0,0,0,0,0,0,0,0,0,0,0,0,0,0,0,0,0,0,0,0,0,0,0,0,0,0,0,0,0,0,0,0,0,0,0,0,0,0,0,0,0,0,0,0,0,0,0,0,0,0,0,0,0,0,0,0,0,0,0,0,0,0,0,0,0,0,0,0,0,0,0,0,0,0,0,0,0,0,0,0,0,0,0,0
11101120824,core,0,0,0,0,0,0,0,0,0,0,0,0,0,3,3,26,28,54,5,0,5,0,0,0,5,0,5,0,0,0,0,0,0,0,0,0,34,28,58,0,0,0,0,0,0,0,0,0,0,0,0,0,0,0,0,0,0,0,0,0,0,0,0,0,0,0,0,0,0,0,0,0,0,0,0,0,0,0,0,0,0,0,0,0,0,0,0,0,0,0,0,0,0,0,0,0,7,7,9,0,12,12,0,0,0,38,49,84
11101120825,core,0,0,0,11,0,11,0,0,0,0,0,0,0,0,0,52,49,97,10,4,9,0,0,3,0,0,0,0,0,0,0,0,0,0,0,0,69,50,124,0,0,0,0,0,0,0,0,0,0,0,0,0,0,0,0,0,0,0,0,0,0,0,0,0,0,0,0,0,0,0,0,0,0,0,0,0,0,0,0,0,3,0,0,3,0,0,0,0,0,0,0,0,0,0,0,0,10,10,19,10,17,27,0,0,0,92,77,176
11101120826,core,0,0,0,0,3,3,0,0,0,0,0,0,0,0,0,78,68,151,7,6,12,0,0,0,0,0,0,5,0,5,0,0,0,0,0,0,89,80,170,0,0,0,0,0,0,0,0,0,0,0,0,0,0,0,0,0,0,0,0,0,0,0,0,0,0,0,0,0,0,0,0,0,0,0,0,0,0,0,0,0,0,0,0,0,0,0,0,0,0,0,0,0,0,0,0,0,43,48,93,20,32,58,0,0,0,157,157,322
11101120827,core,0,0,0,0,0,0,0,0,0,0,0,0,0,0,0,87,58,148,3,3,5,0,0,0,0,0,0,3,0,3,0,0,0,0,0,0,95,62,155,0,0,0,0,0,0,0,0,0,0,0,0,0,0,0,0,0,0,0,0,0,0,0,0,0,0,0,0,0,0,0,0,0,0,0,0,0,0,0,0,0,0,0,0,0,0,0,0,0,0,0,0,0,0,0,0,0,35,40,76,18,34,50,0,0,0,142,135,283
11101120828,core,0,0,0,0,0,3,0,0,0,0,0,0,0,0,0,68,45,114,0,3,11,0,0,0,0,0,0,0,0,0,0,0,0,4,3,6,77,57,135,0,0,0,0,0,0,0,0,0,0,0,0,0,0,0,0,0,0,0,0,0,0,0,0,0,0,0,0,0,0,0,0,0,0,0,0,0,0,0,0,0,0,0,0,0,0,0,0,0,0,0,0,0,0,0,0,0,26,33,58,9,25,41,0,0,0,121,115,237
11101120829,core,0,0,0,0,0,0,0,0,0,0,0,0,0,0,0,46,46,89,0,0,4,0,0,0,4,0,4,0,0,0,0,0,0,0,0,4,49,51,101,0,0,0,0,0,0,0,0,0,0,0,0,0,0,0,0,0,0,0,0,0,0,0,0,0,0,0,0,0,0,0,0,0,0,0,0,0,0,0,0,0,0,0,0,0,0,0,0,0,0,0,0,0,0,0,0,0,18,27,41,7,13,19,0,0,0,74,85,157
11101120830,core,0,0,0,0,0,0,0,0,0,0,0,0,0,0,0,54,36,88,8,0,8,0,0,0,0,0,0,0,0,0,0,0,0,0,0,0,56,38,97,0,0,0,0,0,0,0,0,0,0,0,0,0,0,0,0,0,0,0,0,0,0,0,0,0,0,0,0,0,0,0,0,0,0,0,0,0,0,0,0,0,0,0,0,0,0,0,0,0,0,0,0,0,0,0,0,0,19,19,41,10,9,18,0,0,0,90,71,161
11101120831,core,0,0,0,0,0,0,0,0,0,0,0,0,0,0,0,58,34,91,0,8,8,0,0,0,4,0,4,0,0,0,0,0,0,0,0,0,68,42,107,0,0,0,0,0,0,0,0,0,0,0,0,0,0,0,0,0,0,0,0,0,0,0,0,0,0,0,0,0,0,0,0,0,0,0,0,0,0,0,0,0,0,0,0,0,0,0,0,0,0,0,0,0,0,0,0,0,15,21,37,7,17,26,0,0,0,90,81,170
11101120832,core,0,0,0,0,0,0,0,0,0,0,0,0,0,0,0,34,35,65,3,3,8,0,0,0,0,0,0,0,0,0,0,0,0,0,0,0,34,35,77,0,0,0,0,0,0,0,0,0,0,0,0,0,0,0,0,0,0,0,0,0,0,0,0,0,0,0,0,0,0,0,0,0,0,0,0,0,0,0,0,0,0,0,0,0,0,0,0,0,0,0,0,0,0,0,0,0,25,22,46,14,13,33,0,0,0,73,78,151
11101120833,core,0,0,0,0,0,0,0,0,0,0,0,0,0,0,0,40,35,74,0,5,11,0,0,0,0,0,0,0,0,0,0,0,0,0,0,0,43,43,84,0,0,0,0,0,0,0,0,0,0,0,0,0,0,0,0,0,0,0,0,0,0,0,0,0,0,0,0,0,0,0,0,0,0,0,0,0,0,0,0,0,0,0,0,0,0,0,0,0,0,0,0,0,0,0,0,0,17,17,31,11,23,32,0,0,0,69,83,149
11101120834,core,0,0,0,0,0,0,0,0,0,0,0,0,0,0,0,46,35,81,3,4,8,0,0,0,0,0,0,0,0,0,0,0,0,4,3,4,54,46,100,0,0,0,0,0,0,0,0,0,0,0,0,0,0,0,0,0,0,0,0,0,0,0,0,0,0,0,0,0,0,0,0,0,0,0,0,0,0,0,5,0,5,5,0,5,0,0,0,0,0,0,0,0,0,0,0,0,15,25,39,10,8,17,0,0,0,77,79,161
11101120835,core,0,0,0,0,0,0,0,0,0,0,0,0,0,0,0,46,37,86,3,3,7,0,0,0,0,0,0,0,0,0,0,0,0,0,3,3,58,43,97,0,0,0,0,0,0,0,0,0,0,0,0,0,0,0,0,0,0,0,0,0,0,0,0,0,0,0,0,0,0,0,0,0,0,0,0,0,0,0,0,0,0,0,0,0,0,0,0,0,0,0,0,0,0,0,0,0,10,21,29,13,23,37,0,0,0,82,85,163
11101120836,core,0,0,0,0,3,0,0,0,0,0,0,0,0,0,0,71,45,108,5,4,13,0,0,0,0,0,0,0,0,0,0,0,0,3,0,3,82,50,134,0,0,0,0,0,0,0,0,0,0,0,0,0,0,0,0,0,0,0,0,0,0,0,0,0,0,0,0,0,0,0,0,0,0,0,0,0,0,0,0,0,0,0,0,0,0,0,0,0,0,0,0,0,0,0,0,0,7,12,21,8,16,28,0,0,0,96,85,184
11101120837,core,0,0,0,0,4,4,0,0,0,0,0,0,0,0,0,49,35,89,10,3,13,5,0,5,0,0,0,0,0,0,0,0,0,0,0,0,63,47,109,0,0,0,0,0,0,0,0,0,0,0,0,0,0,0,0,0,0,0,0,0,0,0,0,0,0,0,0,0,0,0,0,0,0,0,0,0,0,0,0,0,0,0,0,0,0,0,0,0,0,0,0,0,0,0,0,0,0,3,9,12,13,26,0,0,0,77,64,143
11101120838,core,0,0,0,0,0,0,0,0,0,0,0,0,0,0,0,41,35,76,3,0,5,0,0,0,0,0,0,0,0,0,0,0,0,0,0,0,50,35,83,0,0,0,0,0,0,0,0,0,0,0,0,0,0,0,0,0,0,0,0,0,0,0,0,0,0,0,0,0,0,0,0,0,0,0,0,0,0,0,0,0,0,0,0,0,0,0,0,0,0,0,0,0,0,0,0,0,8,17,26,4,10,12,0,0,0,64,63,120
11101120839,core,0,0,0,0,0,0,0,0,0,0,0,0,0,0,0,59,47,107,3,5,12,0,0,0,0,0,0,0,0,0,0,0,0,5,0,3,70,60,128,0,0,0,0,0,0,0,0,0,0,0,0,0,0,0,0,0,0,0,0,0,0,0,0,0,0,0,0,0,0,0,0,0,0,0,0,0,0,0,0,0,0,0,0,0,0,0,0,0,0,0,0,0,0,0,0,0,17,25,36,8,13,23,0,6,6,95,95,192
11101120840,core,0,0,0,0,0,4,0,0,0,0,0,0,0,0,0,68,58,130,4,7,12,5,0,5,0,0,0,0,0,3,0,0,0,0,0,0,78,68,148,0,0,0,0,0,0,0,0,0,0,0,0,0,0,0,0,0,0,0,0,0,0,0,0,0,0,0,0,0,0,0,0,0,0,0,0,0,0,0,0,0,0,0,0,0,0,0,0,0,0,0,0,0,0,0,0,0,22,22,44,20,16,30,0,0,0,111,111,224
11101120841,core,0,0,0,0,0,0,0,0,0,0,0,0,0,0,0,69,54,121,5,3,7,0,0,0,0,0,0,0,0,0,0,0,0,0,0,0,77,61,137,0,0,0,0,0,0,0,0,0,0,0,0,0,0,0,0,0,0,0,0,0,0,0,0,0,0,0,0,0,0,0,0,0,0,0,0,0,0,0,0,0,5,0,0,5,0,0,0,0,0,0,0,0,0,0,0,0,21,34,56,15,18,27,0,0,0,108,111,219
11101120842,core,0,0,0,0,0,0,0,0,0,0,0,0,0,0,0,57,38,96,0,0,4,0,0,0,0,0,0,0,0,0,0,0,0,0,4,3,60,44,106,0,0,0,0,0,0,0,0,0,0,0,0,0,0,0,0,0,0,0,0,0,0,0,0,0,0,0,0,0,0,0,0,0,0,0,0,0,0,0,0,0,0,0,3,3,0,0,0,0,0,0,0,0,0,0,0,0,11,29,38,10,13,26,0,0,0,77,86,164
11101120844,core,0,0,0,0,0,0,0,0,0,0,0,0,0,0,0,27,30,55,0,3,7,0,0,0,0,0,0,0,0,0,0,0,0,0,10,10,25,42,70,0,0,0,0,0,0,0,0,0,0,0,0,0,0,0,0,0,0,0,0,0,0,0,0,0,0,0,0,0,0,0,0,0,0,0,0,0,0,0,0,0,0,0,0,0,0,0,0,0,0,0,0,0,0,0,0,0,12,15,33,12,5,18,0,0,0,57,67,121
11101120845,core,0,0,0,0,0,0,0,0,0,0,0,0,0,0,0,49,37,89,4,3,11,0,0,0,0,0,0,0,0,0,0,0,0,0,0,0,57,41,98,0,0,0,0,0,0,0,0,0,0,0,0,0,0,0,0,0,0,0,0,0,0,0,0,0,0,0,0,0,0,0,0,0,0,0,0,0,0,0,0,0,0,0,0,0,0,0,0,0,0,0,0,0,0,0,0,0,19,26,44,9,18,21,0,0,0,87,85,169
11101120846,core,0,0,0,0,0,0,0,0,0,0,0,0,0,0,0,56,62,123,0,4,3,0,0,0,0,0,0,0,0,0,0,0,0,0,0,0,62,65,126,0,0,0,0,0,0,0,0,0,0,0,0,0,0,0,0,0,0,0,0,0,0,0,0,0,0,0,0,0,0,0,0,0,0,0,0,0,0,0,0,0,0,0,0,0,0,0,0,0,0,0,0,0,0,0,0,0,37,34,69,25,23,48,0,0,0,124,128,249
11101120847,core,0,0,0,0,0,0,0,0,0,0,0,0,0,0,0,56,28,86,0,3,3,0,0,0,0,0,0,0,0,0,0,0,0,0,0,0,61,34,94,0,0,0,0,0,0,0,0,0,0,0,0,0,0,0,0,0,0,0,0,0,0,0,0,0,0,0,0,0,0,0,0,0,0,0,0,0,0,0,0,0,0,0,0,3,0,0,0,0,0,0,0,0,0,0,0,0,11,17,28,6,22,27,0,0,0,73,79,157
11101120848,core,0,0,0,0,0,0,0,0,0,0,0,0,0,0,0,52,39,89,3,0,9,0,0,0,0,0,0,0,0,0,0,0,0,0,0,0,61,39,105,0,0,0,0,0,0,0,0,0,0,0,0,0,0,0,0,0,0,0,0,0,0,0,0,0,0,0,0,0,0,0,0,0,0,0,0,0,0,0,0,0,0,0,0,0,0,0,0,0,0,0,0,0,0,0,0,0,17,23,34,11,9,21,0,0,0,85,75,159
11101120849,core,0,0,0,0,0,0,0,0,0,0,0,0,0,0,0,54,39,98,3,6,9,0,0,0,0,0,0,0,0,0,0,0,0,4,0,4,64,48,110,0,0,0,0,0,0,0,0,0,0,0,0,0,0,0,0,0,0,0,0,0,0,0,0,0,0,0,0,0,0,0,0,0,0,0,0,0,0,0,0,0,0,0,0,0,0,0,0,0,0,0,0,0,0,0,0,0,34,37,69,18,21,34,0,0,0,119,101,215
11101120850,core,0,0,0,0,0,0,0,0,0,0,0,0,0,0,0,45,40,88,0,6,6,0,0,0,0,0,0,0,0,0,0,0,0,0,0,0,49,44,93,0,0,0,0,0,0,0,0,0,0,0,0,0,0,0,0,0,0,0,0,0,0,0,0,0,0,0,0,0,0,0,0,0,0,0,0,0,0,0,0,0,0,0,0,0,0,0,0,0,0,0,0,0,0,0,0,0,15,17,29,11,14,20,0,0,0,72,70,145
11101120851,core,0,0,0,0,0,0,0,0,0,0,0,0,0,0,0,40,25,58,5,3,4,0,0,0,0,0,0,0,0,0,0,0,0,0,5,7,42,36,73,0,0,0,0,0,0,0,0,0,0,0,0,0,0,0,0,0,0,0,0,0,0,0,0,0,0,0,0,0,0,0,0,0,0,0,0,0,0,0,0,0,0,0,0,0,0,0,0,0,0,0,0,0,0,0,0,0,12,8,22,10,11,25,0,0,0,65,58,120
11101120852,core,0,0,0,0,0,0,0,0,0,0,0,0,0,0,0,46,41,88,0,7,11,0,0,0,0,0,0,0,0,4,0,0,0,0,0,4,53,56,112,0,0,0,0,0,0,0,0,0,0,0,0,0,0,0,0,0,0,0,0,0,0,0,0,0,0,0,0,0,0,0,0,0,0,0,0,0,0,0,0,0,0,0,0,0,0,0,0,0,0,0,0,0,0,0,0,0,22,25,49,15,12,27,0,0,0,93,91,181
11101120853,core,0,0,0,0,0,0,0,0,0,0,0,0,0,0,0,44,41,78,5,3,7,0,0,0,0,0,0,0,0,0,0,0,0,0,0,0,50,45,93,0,0,0,0,0,0,0,0,0,0,0,0,0,0,0,0,0,0,0,0,0,0,0,0,0,0,0,0,0,0,0,0,0,0,0,0,0,0,0,4,0,4,4,0,4,0,0,0,0,0,0,0,0,0,0,0,0,25,22,49,10,16,23,0,0,0,86,88,171
11101120854,core,0,0,0,0,0,0,0,0,0,0,0,0,0,0,0,33,36,72,0,5,5,4,0,4,0,0,0,0,0,0,0,0,0,0,0,0,41,41,83,0,0,0,0,0,0,0,0,0,0,0,0,0,0,0,0,0,0,0,0,0,0,0,0,0,0,0,0,0,0,0,0,0,0,0,0,0,0,0,0,0,0,0,0,0,0,0,0,0,0,0,0,0,0,0,0,0,16,18,33,5,10,14,0,0,0,65,72,132
11101120855,core,0,0,0,0,0,0,0,0,0,0,0,0,0,0,0,108,98,206,5,0,8,0,0,0,0,0,0,9,0,4,0,0,0,0,0,6,120,109,228,0,0,0,0,0,0,0,0,0,0,0,0,0,0,0,0,0,0,0,0,0,0,0,0,0,0,0,0,0,0,0,0,0,0,0,0,0,0,0,0,0,0,0,0,0,0,0,0,0,0,0,0,0,0,0,0,0,36,49,86,22,31,45,0,0,0,179,187,367
11101120856,core,0,0,0,0,0,0,0,0,0,0,0,0,0,0,0,47,35,78,5,5,7,0,0,0,0,0,0,0,0,0,0,0,0,0,0,0,52,35,89,0,0,0,0,0,0,0,0,0,0,0,0,0,0,0,0,0,0,0,0,0,0,0,0,0,0,0,0,0,0,0,0,0,0,0,0,0,0,0,0,0,0,0,0,3,0,0,0,0,0,0,0,0,0,0,0,0,25,24,57,9,11,24,0,0,0,92,75,165
11101120857,core,0,0,0,0,0,0,0,0,0,0,0,0,0,0,0,42,38,79,0,3,4,0,0,0,0,0,0,0,0,0,0,0,0,0,0,0,49,42,90,0,0,0,0,0,0,0,0,0,0,0,0,0,0,0,0,0,0,0,0,0,0,0,0,0,0,0,0,0,0,0,0,0,0,0,0,0,0,0,0,0,0,0,0,0,0,0,0,0,0,0,0,0,0,0,0,0,22,22,43,15,8,25,0,0,0,86,81,157
11101120858,core,0,0,0,0,0,0,0,0,0,0,0,0,0,0,0,63,51,117,4,7,6,0,0,0,0,0,0,0,0,0,0,0,0,0,0,3,68,60,135,0,0,0,0,0,0,0,0,0,0,0,0,0,0,0,0,0,0,0,0,0,0,0,0,0,0,0,0,0,0,0,0,0,0,0,0,0,0,0,0,0,0,3,0,6,0,0,0,0,0,0,0,0,0,0,0,0,21,18,40,17,31,49,0,0,0,110,114,224
11101120859,core,0,0,0,0,3,3,0,0,0,0,0,0,0,0,0,80,62,140,0,3,4,0,0,0,0,0,0,0,0,0,0,0,0,0,3,0,94,72,159,0,0,0,0,0,0,0,0,0,0,0,0,0,0,0,0,0,0,0,0,0,0,0,0,0,0,0,0,0,0,0,0,0,0,0,0,0,0,0,0,0,0,0,0,0,0,0,0,0,0,0,0,0,0,0,0,0,24,38,67,11,33,40,0,0,0,131,136,268
11101120860,core,0,0,0,4,4,4,0,0,0,0,0,0,0,0,0,89,73,159,7,9,10,0,0,0,0,0,0,0,0,0,0,0,0,0,4,8,101,87,184,0,0,0,0,0,0,0,0,0,0,0,0,0,0,0,0,0,0,0,0,0,0,0,0,0,0,0,0,0,0,0,0,0,0,0,0,0,0,0,0,0,0,0,0,0,0,0,0,0,0,0,0,0,0,0,0,0,8,23,27,21,27,52,4,0,0,133,133,264
11101120861,core,0,0,0,0,0,0,0,0,0,0,0,0,0,0,0,61,43,101,6,7,11,0,0,0,3,0,3,0,0,0,0,0,0,0,0,0,70,46,119,0,0,0,0,0,0,0,0,0,0,0,0,0,0,0,0,0,0,0,0,0,0,0,0,0,0,0,0,0,0,0,0,0,0,0,0,0,0,0,0,0,0,0,3,3,0,0,0,0,0,0,0,0,0,0,0,0,6,9,15,6,18,22,0,0,0,79,86,166
11101120862,core,0,0,0,0,0,0,0,0,0,0,0,0,0,0,0,52,47,97,5,7,13,3,0,3,0,0,0,0,0,0,0,0,0,0,0,0,60,52,114,0,0,0,0,0,0,0,0,0,0,0,0,0,0,0,0,0,0,0,0,0,0,0,0,0,0,0,0,0,0,0,0,4,0,0,0,0,0,4,0,0,0,0,0,4,0,0,0,0,0,0,0,0,0,0,0,0,3,12,20,8,22,32,0,0,0,79,90,164
11101120863,core,0,0,0,0,4,0,0,0,0,0,0,0,0,0,0,69,51,121,3,4,11,0,0,0,0,0,0,0,0,0,0,3,3,6,14,18,87,77,154,0,0,0,0,0,0,0,0,0,0,0,0,0,0,0,0,0,0,0,0,0,0,0,0,0,0,0,0,0,0,0,0,0,0,0,0,0,0,0,0,0,0,3,0,3,0,0,0,0,0,0,0,0,0,0,0,0,20,12,31,14,19,34,0,0,3,118,107,224
11101120864,core,0,0,0,0,0,0,0,0,0,0,0,0,0,0,0,75,57,133,0,3,8,0,0,0,0,0,0,0,0,0,0,0,0,0,0,5,81,66,144,0,0,0,0,0,0,0,0,0,0,0,0,0,0,0,0,0,0,0,0,0,0,0,0,0,0,0,0,0,0,0,0,0,0,0,0,0,0,0,0,4,4,0,4,4,0,0,0,0,0,0,0,0,0,0,0,0,21,32,45,12,14,23,0,0,0,108,118,229
11101120865,core,0,0,0,0,0,0,0,0,0,0,0,0,0,0,0,5,4,6,0,0,0,0,0,0,0,0,0,0,0,0,0,0,0,0,0,0,3,4,7,0,0,0,0,0,0,0,0,0,0,0,0,0,0,0,0,0,0,0,0,0,0,0,0,0,0,0,0,0,0,0,0,0,0,0,0,0,0,0,0,0,0,0,0,0,0,0,0,0,0,0,0,0,0,0,0,0,0,0,0,0,5,3,0,0,0,8,3,12
11101120866,core,0,0,0,0,0,0,0,0,0,0,0,0,0,0,0,38,31,70,0,0,3,0,0,0,0,0,0,0,0,0,0,0,0,5,0,5,39,38,80,0,0,0,0,0,0,0,0,0,0,0,0,0,0,0,0,0,0,0,0,0,0,0,0,0,0,0,0,0,0,0,0,0,0,0,0,0,0,0,0,0,0,0,0,0,0,0,0,0,0,0,0,0,0,0,0,0,10,20,31,8,3,9,0,0,0,57,63,120
11101120867,core,0,0,0,0,4,3,0,0,0,0,0,0,0,0,0,38,35,70,0,5,5,0,0,0,0,0,0,0,0,0,0,0,0,4,9,12,43,44,87,0,0,0,0,0,0,0,0,0,0,0,0,0,0,0,0,0,0,0,0,0,0,0,0,0,0,0,0,0,0,0,0,0,0,0,0,0,0,0,0,0,0,0,0,0,0,0,0,0,0,0,0,0,0,0,0,0,13,15,27,5,6,15,3,0,3,66,75,138
11101120868,core,0,0,0,0,0,0,0,0,0,0,0,0,0,0,0,42,34,75,0,0,3,0,0,0,0,0,0,0,0,0,0,0,0,4,4,10,49,40,89,0,0,0,0,0,0,0,0,0,0,0,0,0,0,0,0,0,0,0,0,0,0,0,0,0,0,0,0,0,0,0,0,0,0,0,0,0,0,0,0,0,0,0,0,0,0,0,0,0,0,0,0,0,0,0,0,0,13,20,30,9,25,33,0,0,0,71,85,154
11101120869,core,0,0,0,0,0,0,0,0,0,0,0,0,0,0,0,40,34,75,3,4,7,0,0,0,0,0,0,0,0,0,0,0,0,0,0,3,53,34,87,0,0,0,0,0,0,0,0,0,0,0,0,0,0,0,0,0,0,0,0,0,0,0,0,0,0,0,0,0,0,0,0,0,0,0,0,0,0,0,0,0,0,0,0,0,0,0,0,0,0,0,0,0,0,0,0,0,10,19,25,7,5,15,0,0,0,65,60,129
11101120870,core,0,0,0,0,0,0,0,0,0,0,0,0,0,0,0,55,57,116,0,0,0,0,0,0,0,0,0,0,0,0,0,0,0,0,0,0,56,59,114,0,0,0,0,0,0,0,0,0,0,0,0,0,0,0,0,0,0,0,0,0,0,0,0,0,0,0,0,0,0,0,0,0,0,0,0,0,0,0,0,0,4,0,0,4,0,0,0,0,0,0,0,0,0,0,0,0,31,36,71,6,25,34,0,0,0,101,116,218
11101120871,core,0,0,0,0,0,0,0,0,0,0,0,0,0,0,0,0,0,0,0,0,0,0,0,0,0,0,0,0,0,0,0,0,0,0,0,0,0,0,0,0,0,0,0,0,0,0,0,0,0,0,0,0,0,0,0,0,0,0,0,0,0,0,0,0,0,0,0,0,0,0,0,0,0,0,0,0,0,0,0,0,0,0,0,0,0,0,0,0,0,0,0,0,0,0,0,0,0,0,0,0,0,0,0,0,0,0,0,0
11101120901,core,0,0,0,0,0,0,0,0,0,0,0,0,0,0,0,63,64,130,0,3,3,0,0,3,0,0,0,0,0,0,0,0,0,0,0,0,71,67,140,0,0,0,0,0,0,0,0,0,0,0,0,0,0,0,0,0,0,0,0,0,0,0,0,0,0,0,0,0,0,0,0,0,0,0,0,0,0,0,0,0,0,0,0,0,0,0,0,0,0,0,0,0,0,0,0,0,20,26,43,15,16,30,0,0,0,105,104,211
11101120902,core,0,0,0,0,0,0,0,0,0,0,0,0,0,0,0,3,0,3,0,0,0,0,0,0,0,0,0,0,0,0,0,0,0,0,0,0,3,0,3,0,0,0,0,0,0,0,0,0,0,0,0,0,0,0,0,0,0,0,0,0,0,0,0,0,0,0,0,0,0,0,0,0,0,0,0,0,0,0,0,0,0,0,0,0,0,0,0,0,0,0,0,0,0,0,0,0,0,0,0,0,0,0,0,0,0,3,0,6
11101120903,core,0,0,0,0,0,0,0,0,0,0,0,0,0,0,0,54,41,100,5,4,3,0,0,0,0,0,0,0,0,0,0,0,0,0,0,0,61,46,105,0,0,0,0,0,0,0,0,0,0,0,0,0,0,0,0,0,0,0,0,0,0,0,0,0,0,0,0,0,0,0,0,0,0,0,0,0,0,0,0,0,0,0,0,0,0,0,0,0,0,0,0,0,0,0,0,0,14,23,31,7,13,23,0,0,0,80,80,161
11101120904,core,0,0,0,0,0,3,0,0,0,0,0,0,0,0,0,50,41,92,3,3,4,3,0,3,0,0,0,0,0,0,0,0,0,0,0,0,59,43,102,0,0,0,0,0,0,0,0,0,0,0,0,0,0,0,0,0,0,0,0,0,0,0,0,0,0,0,0,0,0,0,0,0,0,0,0,0,0,0,3,0,3,3,0,3,0,0,0,0,0,0,0,0,0,0,0,0,14,15,32,10,20,31,0,0,0,82,81,165
11101120905,core,0,0,0,0,0,0,0,0,0,0,0,0,0,0,0,68,46,117,8,8,8,4,0,4,0,0,0,0,0,0,0,0,0,7,0,7,86,58,143,0,0,0,0,0,0,0,0,0,0,0,0,0,0,0,0,0,0,0,0,0,0,0,0,0,0,0,0,0,0,0,0,0,0,0,0,0,0,0,3,0,5,3,0,5,0,0,0,0,0,0,0,0,0,0,0,0,5,5,17,13,15,33,0,0,0,106,88,194
11101120906,core,0,0,0,0,0,0,0,0,0,0,0,0,0,0,0,73,50,125,7,3,16,0,0,0,0,0,0,0,0,0,0,0,3,0,0,0,89,65,147,0,0,0,0,0,0,0,0,0,0,0,0,0,0,0,0,0,0,0,0,0,0,0,0,0,0,0,0,0,0,0,0,0,0,0,0,0,0,0,0,0,0,0,4,4,0,0,0,0,0,0,0,0,0,0,0,0,6,14,25,8,12,23,0,0,0,103,93,197
11101120907,core,0,0,0,0,0,6,0,0,0,0,0,0,0,0,0,72,50,122,4,9,16,4,0,4,0,0,0,0,0,0,0,0,0,0,0,0,81,65,144,0,0,0,0,0,0,0,0,0,0,0,0,0,0,0,0,0,0,0,0,0,0,0,0,0,0,0,0,0,0,0,0,0,0,0,0,0,0,0,0,0,0,0,0,0,0,0,0,0,0,0,0,0,0,0,0,0,3,16,13,13,20,32,0,0,0,99,93,193
11101120908,core,0,0,0,0,0,0,0,0,0,0,0,0,0,0,0,45,25,73,0,0,0,0,0,0,3,0,3,0,0,0,0,0,0,0,0,0,49,26,79,0,0,0,0,0,0,0,0,0,0,0,0,0,0,0,0,0,0,0,0,0,0,0,0,0,0,0,0,0,0,0,0,0,0,0,0,0,0,0,0,0,0,0,0,0,0,0,0,0,0,0,0,0,0,0,0,0,6,12,22,11,10,14,0,0,0,66,52,117
11101120909,core,0,0,0,0,4,4,0,0,0,0,0,0,0,0,0,55,50,104,3,4,9,0,0,3,0,0,0,0,0,0,0,0,0,0,0,0,68,63,128,0,0,0,0,0,0,0,0,0,0,0,0,0,0,0,0,0,0,0,0,0,0,0,0,0,0,0,0,0,0,0,0,0,0,0,0,0,0,0,0,0,0,0,0,0,0,0,0,0,0,0,0,0,0,0,0,0,5,17,18,13,16,32,0,0,0,91,98,186
11101120910,core,0,0,0,0,0,0,0,0,0,0,0,0,0,0,0,46,39,86,3,3,6,0,0,0,0,0,0,0,0,0,0,0,0,0,0,5,50,44,99,0,0,0,0,0,0,0,0,0,0,0,0,0,0,0,0,0,0,0,0,0,0,0,0,0,0,0,0,0,0,0,0,0,0,0,0,0,0,0,0,0,0,0,0,0,0,0,0,0,0,0,0,0,0,0,0,0,6,19,26,12,10,26,0,0,0,70,78,144
11101120911,core,0,0,0,0,0,0,0,0,0,0,0,0,0,0,0,61,44,104,0,5,7,0,0,0,0,0,0,0,0,0,0,0,0,0,0,0,60,51,116,0,0,0,0,0,0,0,0,0,0,0,0,0,0,0,0,0,0,0,0,0,0,0,0,0,0,0,0,0,0,0,0,0,0,0,0,0,0,0,0,0,0,0,0,0,0,0,0,0,0,0,0,0,0,0,0,0,10,17,33,10,12,23,0,0,0,86,81,170
11101120912,core,0,0,0,0,0,5,0,0,0,0,0,0,0,0,0,44,38,87,4,5,3,0,0,0,3,0,3,0,0,0,0,0,0,3,0,3,49,42,98,0,0,0,0,0,0,0,0,0,0,0,0,0,0,0,0,0,0,0,0,0,0,0,0,0,0,0,0,0,0,0,0,0,0,0,0,0,0,0,3,0,3,3,0,3,0,0,0,0,0,0,0,0,0,0,0,0,10,20,33,7,13,20,0,0,0,73,82,158
11101120913,core,0,0,0,0,0,0,0,0,0,0,0,0,0,0,0,94,67,168,0,3,7,0,0,0,0,0,0,0,0,0,0,0,0,0,0,0,104,76,178,0,0,0,0,0,0,0,0,0,0,0,0,0,0,0,0,0,0,0,0,0,0,0,0,0,0,0,0,0,0,0,0,0,0,0,0,0,0,0,0,0,3,0,0,3,0,0,0,0,0,0,0,0,0,0,0,0,23,33,51,16,31,45,0,0,0,139,139,280
11101120914,core,0,0,0,0,0,0,0,0,0,0,0,0,0,0,0,88,77,171,0,5,5,0,0,0,0,0,0,0,0,0,0,0,0,0,0,6,100,84,180,0,0,0,0,0,0,0,0,0,0,0,0,0,0,0,0,0,0,0,0,0,0,0,0,0,0,0,0,0,0,0,0,0,0,0,0,0,0,0,0,0,0,0,0,0,0,0,0,0,0,0,0,0,0,0,0,0,14,30,44,13,27,36,0,0,3,118,137,263
11101120915,core,0,0,0,0,3,3,0,0,0,0,0,0,0,0,0,91,72,166,5,4,11,5,0,5,3,0,0,0,0,0,0,0,0,0,0,0,105,81,196,0,0,0,0,0,0,0,0,0,0,0,0,0,0,0,0,0,0,0,0,0,0,0,0,0,0,0,0,0,0,0,0,0,0,0,0,0,0,0,0,0,6,0,0,6,0,0,0,0,0,0,0,0,0,0,0,0,43,49,92,24,33,61,0,0,0,180,170,348
11101120916,core,0,0,0,0,0,0,0,0,0,0,0,0,0,0,0,65,52,118,3,9,6,0,0,6,6,0,6,0,0,0,0,0,0,0,0,0,75,59,135,0,0,0,0,0,0,0,0,0,0,0,0,0,0,0,0,0,0,0,0,0,0,0,0,0,0,0,0,0,0,0,0,0,0,0,0,0,0,0,0,0,0,0,0,0,0,0,0,0,0,0,0,0,0,0,0,0,22,19,35,9,19,26,0,0,0,103,95,197
11101120917,core,0,0,0,0,0,0,0,0,0,0,0,0,0,0,0,76,81,155,3,7,5,0,0,0,0,0,0,0,0,0,0,0,0,0,0,0,91,84,168,0,0,0,0,0,0,0,0,0,0,0,0,0,0,0,0,0,0,0,0,0,0,0,0,0,0,0,0,0,0,0,0,0,0,0,0,0,0,0,0,0,0,0,0,0,0,0,0,0,0,0,0,0,0,0,0,0,26,31,58,22,28,45,0,0,0,139,141,281
11101120918,core,0,0,0,0,0,0,0,0,0,0,0,0,0,0,0,87,55,145,9,3,7,6,0,6,0,0,0,0,0,3,0,0,0,0,0,3,103,61,160,0,0,0,0,0,0,0,0,0,0,0,0,0,0,0,0,0,0,0,0,0,0,0,0,0,0,0,0,0,0,0,0,0,0,0,0,0,0,0,0,0,0,0,0,0,0,0,0,0,0,0,0,0,0,0,0,0,38,43,73,18,17,36,0,0,0,151,118,272
11101120919,core,0,0,0,0,0,0,0,0,0,0,0,0,0,0,0,58,45,104,6,3,11,0,0,0,0,0,0,0,0,0,0,0,0,0,0,0,66,52,117,0,0,0,0,0,0,0,0,0,0,0,0,0,0,0,0,0,0,0,0,0,0,0,0,0,0,0,0,0,0,0,0,0,0,0,0,0,0,0,0,0,0,0,0,0,0,0,0,0,0,0,0,0,0,0,0,0,29,28,51,16,16,31,0,0,0,108,99,208
11101120920,core,0,0,0,0,0,0,0,0,0,0,0,0,0,0,0,78,81,161,9,5,10,0,0,0,3,0,3,0,0,0,0,0,0,0,6,9,95,97,185,0,0,0,0,0,0,0,0,0,0,0,0,0,0,0,0,0,0,0,0,0,0,0,0,0,0,0,0,0,0,0,0,0,0,0,0,0,0,0,0,5,5,0,5,5,0,0,0,0,0,0,0,0,0,0,0,0,41,41,77,18,28,46,0,0,0,154,162,312
11101120921,core,0,0,0,0,0,3,0,0,0,0,0,0,0,0,0,102,56,155,3,5,10,3,0,3,0,0,0,0,0,0,0,0,0,0,0,0,107,59,170,0,0,0,0,0,0,0,0,0,0,0,0,0,0,0,0,0,0,0,0,0,0,0,0,0,0,0,0,0,0,0,0,0,0,0,0,0,0,0,0,0,0,0,0,0,0,0,0,0,0,0,0,0,0,0,0,0,26,37,62,10,34,42,0,0,0,144,131,275
11101120922,core,0,0,0,0,4,4,0,0,0,0,0,0,0,0,0,91,64,156,0,0,3,0,0,0,0,0,0,0,0,0,0,0,0,0,0,0,98,69,169,0,0,0,0,0,0,0,0,0,0,0,0,0,0,0,0,0,0,0,0,0,0,0,0,0,0,0,0,0,0,0,0,0,0,0,0,3,0,3,0,0,0,0,0,0,0,0,0,0,0,0,0,0,0,0,0,0,18,30,49,19,32,50,0,0,0,143,132,279
11101120923,core,0,0,0,0,0,0,0,0,0,0,0,0,0,0,0,81,54,133,0,7,7,0,0,0,0,0,0,0,0,0,0,0,0,0,0,0,85,57,146,0,0,0,0,0,0,0,0,0,0,0,0,0,0,0,0,0,0,0,0,0,0,0,0,0,0,0,0,0,0,0,0,0,0,0,0,0,0,0,0,0,0,0,0,0,0,0,0,0,0,0,0,0,0,0,0,0,14,23,39,23,21,38,0,0,6,116,107,221
11101120924,core,3,0,3,0,0,0,0,0,0,0,0,0,0,0,0,69,62,131,4,4,6,6,0,6,5,0,5,3,0,3,0,0,0,0,0,0,81,66,145,0,0,0,0,0,0,0,0,0,0,0,0,0,0,0,0,0,0,0,0,0,0,0,0,0,0,0,0,0,0,0,0,0,0,0,0,0,0,0,0,0,0,0,0,0,0,0,0,0,0,0,0,0,0,0,0,0,27,24,53,16,23,35,0,0,0,116,121,233
11101120925,core,0,0,0,0,0,0,0,0,0,0,0,0,0,0,0,94,88,182,4,7,13,0,0,0,4,0,4,6,0,6,0,0,0,0,0,0,106,97,207,0,0,0,0,0,0,0,0,0,0,0,0,0,0,0,0,0,0,0,0,0,0,0,0,0,0,0,0,0,0,0,0,0,0,0,0,0,0,0,0,0,0,0,0,0,0,0,0,0,0,0,0,0,0,0,0,0,11,36,51,20,21,46,0,0,0,146,158,303
11101120926,core,0,4,4,0,4,4,0,0,0,0,0,0,0,0,0,71,57,127,8,4,8,0,0,0,0,0,0,0,0,0,0,0,0,0,3,4,86,65,146,0,0,0,0,0,0,0,0,0,0,0,0,0,0,0,0,0,0,0,0,0,0,0,0,0,0,0,0,0,0,0,0,0,0,0,0,0,0,0,0,0,0,0,0,0,0,0,0,0,0,0,0,0,0,0,0,0,10,16,29,13,26,38,0,0,0,108,107,213
11101120927,core,0,0,0,0,0,0,0,0,0,0,0,0,0,0,0,72,60,135,8,0,11,3,0,3,0,0,0,0,0,0,0,0,0,0,0,0,86,62,149,0,0,0,0,0,0,0,0,0,0,0,0,0,0,0,0,0,0,0,0,0,0,0,0,0,0,0,0,0,0,0,0,0,0,0,0,0,0,0,0,0,0,0,0,0,0,0,0,0,0,0,0,0,0,0,0,0,16,19,42,16,32,49,0,0,0,122,118,234
11101120928,core,0,0,0,0,0,0,0,0,0,0,0,0,0,0,0,102,82,184,6,11,11,6,0,6,0,0,3,0,0,0,0,0,0,0,3,3,107,94,209,0,0,0,0,0,0,0,0,0,0,0,0,0,0,0,0,0,0,0,0,0,0,0,0,0,0,0,0,0,0,0,0,0,0,0,0,0,0,0,0,0,0,0,0,0,0,0,0,0,0,0,0,0,0,0,0,0,22,21,47,15,32,49,0,0,0,150,147,293
11101120929,core,0,0,0,0,0,0,0,0,0,0,0,0,0,0,0,56,44,99,0,3,7,0,0,0,0,0,0,0,0,0,0,0,0,0,0,0,61,50,104,0,0,0,0,0,0,0,0,0,0,0,0,0,0,0,0,0,0,0,0,0,0,0,0,0,0,0,0,0,0,0,0,0,0,0,0,0,0,0,0,0,0,0,0,0,0,0,0,0,0,0,0,0,0,0,0,0,15,20,28,5,4,16,0,0,0,76,71,148
11101120930,core,0,0,0,0,3,3,0,0,0,0,0,0,0,0,0,59,55,114,0,6,7,0,0,0,4,0,4,0,0,0,0,0,0,0,0,0,70,63,129,0,0,0,0,0,0,0,0,0,0,0,0,0,0,0,0,0,0,0,0,0,0,0,0,0,0,0,0,0,0,0,0,0,0,0,0,0,0,0,0,0,0,0,4,4,0,0,0,0,0,0,0,0,0,0,0,0,23,28,46,13,24,35,0,0,0,102,113,217
11101120931,core,0,0,0,0,0,0,0,0,0,0,0,0,0,0,0,67,61,131,3,6,3,0,0,0,0,0,0,0,0,0,0,0,0,0,0,0,72,68,138,0,0,0,0,0,0,0,0,0,0,0,0,0,0,0,0,0,0,0,0,0,0,0,0,0,0,0,0,0,0,0,0,0,0,0,0,0,0,0,0,0,0,0,0,0,0,0,0,0,0,0,0,0,0,0,0,0,10,21,29,23,14,37,0,0,0,107,103,211
11101120932,core,0,0,0,0,0,3,0,0,0,0,0,0,0,0,0,105,65,171,3,3,6,0,0,0,0,0,0,0,0,0,0,0,0,0,0,0,108,72,177,0,0,3,0,0,0,0,0,0,0,0,0,0,0,0,0,0,0,0,0,3,0,0,0,0,0,0,0,0,0,0,0,0,0,0,0,0,0,0,0,0,0,0,3,5,0,0,0,0,0,0,0,0,0,0,0,0,12,33,50,22,29,44,0,3,3,143,138,285
11101120933,core,0,0,0,0,4,6,0,0,0,0,0,0,0,0,0,70,65,140,7,3,10,0,0,0,0,0,0,0,0,0,0,0,0,5,0,5,88,74,164,0,0,0,0,0,0,0,0,0,0,0,0,0,0,0,0,0,0,3,0,3,0,0,0,0,0,0,0,0,0,0,0,0,0,0,0,0,0,0,0,0,0,3,0,4,0,0,0,0,0,0,0,0,0,0,0,0,20,16,30,16,27,44,0,0,0,128,113,240
11101120934,core,0,0,0,0,0,0,0,0,0,0,0,0,0,0,0,64,66,131,5,7,8,0,0,0,0,0,0,0,0,0,4,0,4,0,0,4,72,76,147,0,0,0,0,0,0,0,0,0,0,0,0,0,0,0,0,0,0,0,0,0,0,0,0,0,0,0,0,0,0,0,0,0,0,0,0,0,0,0,0,0,0,0,0,0,0,0,0,0,0,0,0,0,0,0,0,0,17,24,34,10,20,27,0,0,0,100,115,215
11101120935,core,0,0,0,3,0,3,0,0,0,0,0,0,0,0,0,65,53,120,7,3,10,0,0,0,0,0,0,0,0,0,0,0,0,0,0,0,78,54,134,0,0,0,0,0,0,0,0,0,0,0,0,0,0,0,0,0,0,0,0,0,0,0,0,0,0,0,4,0,4,0,0,0,0,0,0,4,0,3,3,0,5,0,7,5,0,0,0,0,0,0,0,0,0,0,0,0,9,9,18,8,23,29,0,0,0,98,94,187
11101120936,core,5,0,5,0,0,4,0,0,0,0,0,0,0,0,0,70,60,124,5,0,6,0,0,0,0,0,0,0,0,0,0,0,0,0,0,0,77,60,133,0,0,0,0,0,0,0,0,0,0,0,0,0,0,0,0,0,0,0,4,4,0,0,0,0,0,0,0,0,0,0,0,0,0,0,0,0,0,0,0,0,0,0,4,4,0,0,0,0,0,0,0,0,0,0,0,0,11,24,40,16,18,30,0,0,0,103,102,201
11101120937,core,0,0,0,0,0,0,0,0,0,0,0,0,0,0,0,4,4,9,0,0,0,0,0,0,0,0,0,0,0,0,0,0,0,0,0,0,9,4,8,0,0,0,0,0,0,0,0,0,0,0,0,0,0,0,0,0,0,0,0,0,0,0,0,0,0,0,0,0,0,0,0,0,0,0,0,0,0,0,0,0,0,0,0,0,0,0,0,0,0,0,0,0,0,0,0,0,0,0,0,0,0,0,0,0,0,9,4,8
11101120938,core,0,0,0,0,0,0,0,0,0,0,0,0,0,0,0,0,0,0,0,0,0,0,0,0,0,0,0,0,0,0,0,0,0,0,0,0,0,0,0,0,0,0,0,0,0,0,0,0,0,0,0,0,0,0,0,0,0,0,0,0,0,0,0,0,0,0,0,0,0,0,0,0,0,0,0,0,0,0,0,0,0,0,0,0,0,0,0,0,0,0,0,0,0,0,0,0,0,0,0,0,0,0,0,0,0,0,0,0
11101120939,core,0,0,0,0,0,0,0,0,0,0,0,0,0,0,0,168,118,284,3,5,13,0,0,0,0,0,0,0,0,0,0,0,0,0,0,0,179,121,303,0,0,0,0,0,0,0,0,0,0,0,0,0,0,0,0,0,0,0,0,0,0,0,0,0,0,0,0,0,0,0,0,0,0,0,0,0,0,0,0,0,0,0,0,0,0,0,0,0,0,0,0,0,0,0,0,0,39,66,108,17,46,68,0,0,0,237,235,475
11101120940,core,0,0,0,0,0,3,0,0,0,0,0,0,0,0,0,66,42,113,3,8,11,4,0,4,0,0,0,0,0,0,0,0,0,0,0,0,85,51,132,0,0,0,0,0,0,0,0,0,0,0,0,0,0,0,0,0,0,0,0,0,0,0,0,0,0,0,0,0,0,0,0,0,0,0,0,0,0,0,0,0,0,0,0,0,0,0,0,0,0,0,0,0,0,0,0,0,13,16,26,14,21,28,0,0,0,110,92,193
11101120941,core,0,0,0,0,0,0,0,0,0,0,0,0,0,0,0,69,56,126,0,3,6,0,0,0,0,0,0,0,0,0,0,0,0,4,0,4,82,58,139,0,0,0,0,0,0,0,0,0,0,0,0,0,0,0,0,0,0,0,0,0,0,0,0,0,0,0,0,0,0,0,0,0,0,0,0,0,0,0,0,0,0,0,0,0,0,0,0,0,0,0,0,0,0,0,0,0,34,35,69,14,25,42,0,0,0,131,126,255
11101120942,core,0,0,0,0,3,3,0,0,0,0,0,0,0,0,0,57,47,110,0,0,5,0,0,0,4,0,6,0,0,0,0,0,0,0,0,0,62,58,121,0,0,0,0,0,0,0,0,0,0,0,0,0,0,0,0,0,0,0,0,0,0,0,0,0,0,0,0,0,0,0,0,0,0,0,0,0,0,0,0,0,3,0,0,3,0,0,0,0,0,0,0,0,0,0,0,0,35,31,62,12,23,37,0,0,0,111,119,225
11101120943,core,0,0,0,0,0,0,0,0,0,0,0,0,0,0,0,60,58,119,3,3,9,0,0,0,0,0,0,5,4,3,0,0,0,0,0,0,75,66,137,0,0,0,0,0,0,0,0,0,0,0,0,0,0,0,0,0,0,0,0,0,0,0,0,0,0,0,0,0,0,0,0,0,0,0,0,0,0,0,0,0,0,0,0,0,0,0,0,0,0,0,0,0,0,0,0,0,29,34,67,15,17,35,0,0,0,116,117,231
11101120944,core,0,0,0,0,0,0,0,0,0,0,0,0,0,0,0,43,32,72,0,0,0,0,0,0,0,0,0,0,0,0,0,0,0,3,0,3,40,32,78,0,0,0,0,0,0,0,0,0,0,0,0,0,0,0,0,0,0,0,0,0,0,0,0,0,0,0,0,0,0,0,0,0,0,0,0,0,0,0,0,0,0,0,0,0,0,0,0,0,0,0,0,0,0,0,0,0,38,29,73,22,23,48,0,0,0,106,91,198
11101120945,core,0,0,0,0,0,0,0,0,0,0,0,0,0,0,0,67,61,120,3,6,9,0,0,0,0,0,0,0,0,0,0,0,0,0,0,0,70,61,136,0,0,0,0,0,0,0,0,0,0,0,0,0,0,0,0,0,0,0,0,0,0,0,0,0,0,0,0,0,0,0,0,0,0,0,0,0,0,0,0,0,0,0,0,0,0,0,0,0,0,0,0,0,0,0,0,0,31,39,69,17,15,35,0,0,0,126,120,240
11101120946,core,0,0,0,0,0,0,0,0,0,0,0,0,0,0,0,67,50,120,0,3,9,0,0,0,0,0,0,0,0,0,0,0,0,0,0,0,71,60,130,0,0,0,0,0,0,0,0,0,0,0,0,0,0,0,0,0,0,0,0,0,0,0,0,0,0,0,0,0,4,0,0,0,0,0,0,0,0,4,0,0,0,0,0,5,0,0,0,0,0,0,0,0,0,0,0,0,38,29,73,7,24,35,0,0,0,123,111,238
11101120947,core,0,0,0,0,0,0,0,0,0,0,0,0,0,0,0,74,81,154,5,9,14,0,0,4,0,0,0,0,0,0,0,0,0,0,0,0,77,89,167,0,0,0,0,0,0,0,0,0,0,0,0,0,0,0,0,0,0,0,0,0,0,0,0,0,0,0,0,0,0,0,0,0,0,0,0,0,0,0,0,0,0,0,0,0,0,0,0,0,0,0,0,0,0,0,0,0,28,33,65,25,24,44,0,0,0,135,147,279
11101120948,core,0,0,0,0,0,0,0,0,0,0,0,0,0,0,0,85,54,134,7,0,6,3,0,3,4,0,4,0,0,0,0,0,0,0,0,0,95,54,150,0,0,0,0,0,0,0,0,0,0,0,0,0,0,0,0,0,0,0,0,0,0,0,0,0,0,0,0,0,0,0,0,0,0,0,0,0,0,4,3,0,3,4,0,4,0,0,0,0,0,0,0,0,0,0,0,0,21,32,58,17,27,44,0,0,0,142,118,259
11101120949,core,0,0,0,0,4,4,0,0,0,0,0,0,0,0,0,58,49,107,0,3,8,0,0,0,0,0,0,0,0,0,0,0,0,0,3,0,66,60,124,0,0,0,0,0,0,0,0,0,0,0,0,0,0,0,0,0,0,0,0,0,0,0,0,0,0,0,0,0,0,0,0,0,0,0,0,0,0,0,0,0,0,0,0,0,0,0,0,0,0,0,0,0,0,0,0,0,20,22,44,9,16,29,0,0,0,98,97,194
11101120950,core,0,0,0,0,8,8,0,0,0,0,0,0,0,0,0,88,62,147,0,6,10,3,0,3,0,0,0,0,0,0,0,0,0,0,0,0,89,73,168,0,0,0,0,0,0,0,0,0,0,0,0,0,0,0,0,0,0,0,0,0,0,0,0,0,0,0,0,0,0,0,0,0,0,0,0,0,0,0,4,0,4,4,0,4,0,0,0,0,0,0,0,0,0,0,0,0,25,26,52,19,24,44,0,0,0,132,126,262
11101120951,core,0,0,0,0,0,0,0,0,0,0,0,0,0,0,0,29,18,48,0,0,0,0,0,0,0,0,0,0,0,0,0,0,0,0,0,0,31,22,54,0,0,0,0,0,0,0,0,0,0,0,0,0,0,0,0,0,0,0,0,0,0,0,0,0,0,0,0,0,0,0,0,0,0,0,0,0,0,0,0,0,0,0,0,0,0,0,0,0,0,0,0,0,0,0,0,0,10,18,28,6,11,9,0,0,0,51,50,92
11101120952,core,0,0,0,0,0,0,0,0,0,0,0,0,0,0,0,79,52,124,5,4,6,0,0,0,0,0,0,0,0,0,0,3,3,0,0,5,84,59,141,0,0,0,0,0,0,0,0,0,0,0,0,0,0,0,0,0,0,0,0,0,0,0,0,0,0,0,0,0,0,0,0,0,0,0,0,0,0,0,0,0,0,0,0,0,0,0,0,0,0,0,0,0,0,0,0,0,19,31,47,16,20,40,0,0,0,120,110,227
11101120953,core,0,0,0,0,0,0,0,0,0,0,0,0,0,0,0,66,58,120,0,3,3,0,0,0,0,0,0,0,0,0,0,0,0,0,0,0,71,58,129,0,0,0,0,0,0,0,0,0,0,0,0,0,0,0,0,0,0,0,0,0,0,0,0,0,0,0,0,0,0,0,0,0,0,0,0,0,0,0,3,0,4,7,0,4,0,0,0,0,0,0,0,0,0,0,0,0,25,35,61,15,26,36,0,0,0,116,120,239
11101120954,core,4,0,6,0,0,0,0,0,0,0,0,0,0,0,0,81,61,138,3,5,10,3,0,3,0,0,4,0,0,0,0,0,0,0,0,3,89,72,159,0,0,0,0,0,0,0,0,0,0,0,0,0,0,0,0,0,0,0,0,0,0,0,0,0,0,0,0,0,0,0,0,0,0,0,0,0,0,0,0,0,0,0,0,0,0,0,0,0,0,0,0,0,0,0,0,0,35,38,75,21,29,46,0,0,0,147,142,282
11101120955,core,0,0,0,0,0,0,0,0,0,0,0,0,0,0,0,59,41,98,0,4,4,0,0,0,0,0,4,0,0,0,0,0,0,0,0,0,61,42,104,0,0,0,0,0,0,0,0,0,0,0,0,0,0,0,0,0,0,0,0,0,0,0,0,0,0,0,0,0,0,0,0,0,0,0,0,0,0,0,0,0,0,0,0,0,0,0,0,0,0,0,0,0,0,0,0,0,29,43,73,23,19,43,0,0,0,113,108,220
11101120956,core,0,0,0,0,0,0,0,0,0,0,0,0,0,0,0,63,67,131,0,4,6,0,0,0,0,0,0,0,0,0,0,0,0,0,0,0,65,79,142,0,0,0,0,0,0,0,0,0,0,0,0,0,0,0,0,0,0,0,0,0,0,0,0,0,0,0,0,0,0,0,0,0,0,0,0,0,0,0,0,0,0,0,0,0,0,0,0,0,0,0,0,0,0,0,0,0,38,28,62,19,27,46,0,0,0,118,135,252
11101121001,core,0,0,0,0,0,0,0,0,0,0,0,0,0,0,0,9,5,13,3,0,6,0,0,0,0,0,0,0,0,0,0,0,0,0,0,0,8,11,15,0,0,0,0,0,0,0,0,0,0,0,0,0,0,0,0,0,0,0,0,0,0,0,0,0,0,0,0,0,0,0,0,0,0,0,0,0,0,0,0,0,0,0,0,0,0,0,0,0,0,0,0,0,0,0,0,0,0,0,0,6,5,3,0,0,0,8,13,21
11101121002,core,0,0,0,0,0,0,0,0,0,0,0,0,0,0,0,44,37,80,4,6,10,0,0,0,0,0,0,0,0,0,0,0,0,0,0,0,53,39,94,0,0,0,0,0,0,0,0,0,0,0,0,0,0,0,0,0,0,0,0,0,0,0,0,0,0,0,0,0,0,0,0,0,0,0,0,0,0,0,0,4,4,0,4,6,0,0,0,0,0,0,0,0,0,0,0,0,9,8,11,10,21,23,0,0,0,68,69,131
11101121003,core,0,0,0,0,0,0,0,0,0,0,0,0,0,0,0,59,61,123,3,3,4,0,0,0,0,0,0,0,0,0,0,0,0,0,0,0,67,64,129,0,0,0,0,0,0,0,0,0,0,0,0,0,0,0,0,0,0,0,0,0,0,0,0,0,0,0,0,0,0,0,0,0,0,0,0,0,0,0,0,0,0,0,0,0,0,0,0,0,0,0,0,0,0,0,0,0,18,16,29,11,12,21,0,0,0,93,87,181
11101121004,core,0,0,0,0,0,3,0,0,0,0,0,0,0,0,0,37,44,83,0,0,3,6,0,6,0,0,0,0,0,0,0,0,0,0,0,0,43,53,93,0,0,0,0,0,0,0,0,0,0,0,0,0,0,0,0,0,0,0,0,0,0,0,0,0,0,0,0,0,0,0,0,0,0,0,0,0,0,0,4,0,4,4,0,4,0,0,0,0,0,0,0,0,0,0,0,0,7,15,24,14,6,19,0,0,0,64,69,136
11101121005,core,0,0,0,0,0,0,0,0,0,0,0,0,0,0,0,58,46,104,0,8,14,3,0,3,6,0,6,0,0,0,0,0,0,0,0,0,65,52,120,0,0,0,0,0,0,0,0,0,0,0,0,0,0,0,0,0,0,0,0,0,0,0,0,0,0,0,0,0,0,0,0,0,0,0,0,0,0,0,0,0,0,0,0,0,0,0,0,0,0,0,0,0,0,0,0,0,12,22,30,9,17,30,0,0,0,87,94,182
11101121006,core,0,0,0,0,0,0,0,0,0,0,0,0,0,0,0,60,61,118,9,0,8,0,0,0,0,0,0,0,0,0,0,0,0,0,0,0,74,67,137,0,0,0,0,0,0,0,0,0,0,0,0,0,0,0,0,0,0,0,0,0,0,0,0,0,0,0,0,0,0,0,0,0,0,0,0,0,0,0,0,0,0,0,0,0,0,0,0,0,0,0,0,0,0,0,0,0,18,36,54,18,28,44,0,0,0,103,131,234
11101121007,core,0,0,0,4,0,4,0,0,0,0,0,0,0,0,0,91,86,177,3,7,9,0,0,0,3,0,3,0,0,0,0,0,0,0,4,3,106,97,198,0,0,0,0,0,0,0,0,0,0,0,0,0,0,0,0,0,0,0,0,0,0,0,0,0,0,0,0,0,0,0,0,0,0,0,0,0,0,0,0,0,0,0,0,0,0,0,0,0,0,0,0,0,0,0,0,0,15,23,42,19,22,35,0,0,0,133,137,279
11101121008,core,0,0,0,0,0,0,0,0,0,0,0,0,0,0,0,90,62,159,4,3,8,0,0,0,0,0,0,0,0,0,0,0,0,0,0,0,99,73,171,0,0,0,0,0,0,0,0,0,0,0,0,0,0,0,0,0,0,0,0,0,0,0,0,0,0,0,0,0,0,0,0,0,0,0,0,0,0,0,0,0,0,0,0,0,0,0,0,0,0,0,0,0,0,0,0,0,19,33,46,12,28,38,0,0,0,128,132,260
11101121010,core,0,0,0,0,0,0,0,0,0,0,0,0,0,0,0,32,38,70,0,3,3,0,0,0,0,0,0,0,0,0,0,0,0,0,0,3,39,46,83,0,0,0,0,0,0,0,0,0,0,0,0,0,0,0,0,0,0,0,0,0,0,0,0,0,0,0,0,0,0,0,0,0,0,0,0,0,0,0,0,0,0,0,0,0,0,0,0,0,0,0,0,0,0,0,0,0,5,15,18,3,13,13,0,0,0,46,69,117
11101121011,core,0,0,0,0,0,0,0,0,0,0,0,0,0,0,0,36,27,64,0,7,9,0,0,0,0,0,0,0,0,0,0,0,0,0,0,0,41,33,76,0,0,0,0,0,0,0,0,0,0,0,0,0,0,0,0,0,0,0,0,0,0,0,0,0,0,0,0,0,0,0,0,0,0,0,0,0,0,0,0,0,0,0,0,0,0,0,0,0,0,0,0,0,0,0,0,0,12,14,20,8,11,19,0,0,0,59,57,116
11101121012,core,0,0,0,0,5,5,0,0,0,0,0,0,0,0,0,18,24,41,8,4,9,0,0,0,0,0,0,0,0,0,0,0,0,0,4,4,24,32,60,0,0,0,0,0,0,0,0,0,0,0,0,0,0,0,0,0,0,0,0,0,0,0,0,0,0,0,0,0,0,0,0,0,0,0,0,0,0,0,0,0,0,0,0,0,0,0,0,0,0,0,0,0,0,0,0,0,4,0,6,5,3,9,0,0,0,37,42,73
11101121013,core,0,0,0,0,0,0,0,0,0,0,0,0,0,0,0,24,24,52,7,0,9,0,0,0,0,0,0,0,0,0,0,0,0,0,0,0,33,26,62,0,0,0,0,0,0,0,0,0,0,0,0,0,0,0,0,0,0,0,0,0,0,0,0,0,0,0,0,0,0,0,0,0,0,0,0,0,0,0,0,0,0,0,0,0,0,0,0,0,0,0,0,0,0,0,0,0,0,5,5,9,7,14,0,0,0,45,42,81
11101121014,core,0,0,0,0,0,0,0,0,0,0,0,0,0,0,0,38,38,72,0,3,8,0,0,0,0,0,0,0,0,0,0,0,0,0,0,0,44,38,86,0,0,0,0,0,0,0,0,0,0,0,0,0,0,0,0,0,0,0,0,0,0,0,0,0,0,0,0,0,0,0,0,0,0,0,0,0,0,0,0,0,0,0,0,0,0,0,0,0,0,0,0,0,0,0,0,0,8,13,22,9,15,25,0,3,3,57,68,125
11101121015,core,0,0,0,0,0,0,0,0,0,0,0,0,0,0,0,57,38,95,6,0,5,0,0,0,0,0,0,0,0,0,0,0,0,0,4,4,62,45,102,0,0,0,0,0,0,0,0,0,0,0,0,0,0,0,0,0,0,0,0,0,0,0,0,0,0,0,0,0,0,0,0,0,0,0,0,0,0,0,0,0,0,0,0,0,0,0,0,0,0,0,0,0,0,0,0,0,16,16,34,10,19,24,0,0,0,89,80,167
11101121016,core,0,0,0,0,0,0,0,0,0,0,0,0,0,0,0,65,50,116,0,3,0,0,0,0,4,0,4,0,0,0,0,0,0,0,0,0,68,55,128,0,0,0,0,0,0,0,0,0,0,0,0,0,0,0,0,0,0,0,0,0,0,0,0,0,0,0,0,0,0,0,0,0,0,0,0,0,0,0,0,0,0,0,0,0,0,0,0,0,0,0,0,0,0,0,0,0,22,26,52,8,15,22,0,0,0,101,96,198
11101121017,core,0,0,0,0,0,0,0,0,0,0,0,0,0,0,0,59,49,108,0,6,6,0,0,0,0,0,0,0,0,0,0,0,0,0,0,0,65,55,121,0,0,0,0,0,0,0,0,0,0,0,0,0,0,0,0,0,0,0,0,0,0,0,0,0,0,0,0,0,0,0,0,0,0,0,0,0,0,0,3,0,3,3,0,3,0,0,0,0,0,0,0,0,0,0,0,0,20,23,44,11,10,20,0,0,0,97,92,184
11101121018,core,0,0,0,0,4,4,0,0,0,0,0,0,0,0,0,46,34,82,7,12,15,0,0,0,0,0,0,0,0,0,0,0,0,0,0,0,59,49,110,0,0,0,0,0,0,0,0,0,0,0,0,0,0,0,0,0,0,0,0,0,0,0,0,0,0,0,0,0,0,0,0,0,0,0,0,0,0,0,0,0,0,0,0,0,0,0,0,0,0,0,0,0,0,0,0,0,0,7,8,10,11,23,0,0,5,77,65,144
11101121019,core,0,0,0,0,4,6,0,0,0,0,0,0,0,0,0,26,11,38,0,6,6,0,0,0,4,0,4,0,0,0,0,0,0,4,0,4,37,22,48,0,0,0,0,0,0,0,0,0,0,0,0,0,0,0,0,0,0,0,0,0,0,0,0,0,0,0,0,0,0,0,0,0,0,0,0,0,0,0,0,0,0,0,0,0,0,0,0,0,0,0,0,0,0,0,0,0,0,4,4,8,7,18,0,0,0,39,34,75
11101121020,core,0,0,0,0,3,4,0,0,0,0,0,0,0,0,0,39,37,75,3,3,8,0,0,0,0,0,0,0,0,0,0,0,0,0,0,0,46,44,92,0,0,0,0,0,0,0,0,0,0,0,0,0,0,0,0,0,0,0,0,0,0,0,0,0,0,0,0,0,0,0,0,0,0,0,0,0,0,0,0,0,0,0,0,0,0,0,0,0,0,0,0,0,0,0,0,0,0,6,4,4,7,12,3,0,4,48,59,112
11101121021,core,0,0,0,0,0,0,0,0,0,0,0,0,0,0,0,40,44,88,9,4,8,0,0,0,0,0,0,0,0,0,0,0,0,0,0,0,54,50,99,0,0,0,0,0,0,0,0,0,0,0,0,0,0,0,0,0,0,0,0,0,0,0,0,0,0,0,0,0,0,0,0,0,0,0,0,0,0,0,0,0,0,0,0,0,0,0,0,0,0,0,0,0,0,0,0,0,3,10,16,9,10,15,0,0,0,66,74,139
11101121022,core,0,0,0,0,7,7,0,0,0,0,0,0,0,0,0,39,23,56,4,0,4,0,0,0,0,0,0,0,0,0,0,0,0,0,0,0,41,29,69,0,0,0,0,0,0,0,0,0,0,0,0,0,0,0,0,0,0,0,0,0,0,0,0,0,0,0,0,0,0,0,0,0,0,0,0,0,0,0,0,0,0,0,0,0,0,0,0,0,0,0,0,0,0,0,0,0,3,13,10,4,14,19,0,0,0,50,52,103
11101121023,core,0,0,0,0,0,0,0,0,0,0,0,0,0,0,0,71,71,143,3,9,9,0,0,0,0,0,0,0,0,0,0,0,0,0,0,6,75,80,151,0,0,0,0,0,0,0,0,0,0,0,0,0,0,0,0,0,0,0,0,0,0,0,0,0,0,0,0,0,0,0,0,0,0,0,0,0,0,0,0,0,0,0,0,0,0,0,0,0,0,0,0,0,0,0,0,0,22,27,47,22,19,45,5,0,5,127,118,248
11101121024,core,0,0,0,0,0,0,0,0,0,0,0,0,0,0,4,92,77,171,3,10,12,3,0,4,0,0,0,0,0,0,0,0,0,0,0,3,105,94,197,0,0,0,0,0,0,0,0,0,0,0,0,0,0,0,0,0,0,0,0,0,0,0,0,0,0,0,0,0,0,0,0,0,0,0,0,0,0,0,0,0,0,0,0,0,0,0,0,0,0,0,0,0,0,0,0,0,20,31,49,17,31,41,0,0,0,138,154,289
11101121101,core,0,0,0,0,0,0,0,0,0,0,0,0,0,0,0,53,40,92,0,0,0,0,0,0,0,0,0,0,0,0,0,0,0,0,0,3,52,39,93,0,0,0,0,0,0,0,0,0,0,0,0,0,0,0,0,0,0,0,0,0,0,0,0,0,0,0,0,0,0,0,0,0,0,0,0,0,0,0,0,0,0,0,0,0,0,0,0,0,0,0,0,0,0,0,0,0,12,19,31,5,7,13,0,0,0,73,70,138
11101121102,core,0,0,0,0,0,0,0,0,0,0,0,0,0,0,0,34,21,56,4,0,3,0,0,0,0,0,3,0,0,0,0,0,0,0,0,0,45,24,69,0,0,0,0,0,0,0,0,0,0,0,0,0,0,0,0,0,0,0,0,0,0,0,0,0,0,0,0,0,0,0,0,0,0,0,0,0,0,0,0,0,0,0,0,0,0,0,0,0,0,0,0,0,0,0,0,0,15,17,37,8,9,20,0,0,0,65,55,123
11101121103,core,0,0,0,0,0,0,0,0,0,0,0,0,0,0,0,24,19,40,0,3,3,0,0,0,0,0,0,0,0,0,0,0,0,0,0,0,24,23,46,0,0,0,0,0,0,0,0,0,0,0,0,0,0,0,0,0,0,0,0,0,0,0,0,0,0,0,0,0,0,0,0,0,0,0,0,0,0,0,0,0,0,0,0,0,0,0,0,0,0,0,0,0,0,0,0,0,10,8,16,4,11,18,0,0,0,32,41,82
11101121104,core,0,0,0,0,0,0,0,0,0,0,0,0,0,0,0,59,50,110,3,3,9,0,0,0,0,0,0,0,0,0,0,0,0,3,4,5,65,61,124,0,0,0,0,0,0,0,0,0,0,0,0,0,0,0,0,0,0,0,0,0,0,0,0,0,0,0,0,0,0,0,0,0,0,0,0,0,0,0,0,0,0,0,0,0,0,0,0,0,0,0,0,0,0,0,0,0,28,29,62,14,18,28,0,0,0,102,110,213
11101121105,core,0,0,0,0,0,0,0,0,0,0,0,0,0,0,0,31,25,56,0,5,5,3,0,3,0,0,0,0,0,0,0,0,0,0,0,0,41,27,68,0,0,0,0,0,0,0,0,0,0,0,0,0,0,0,0,0,0,0,0,0,0,0,0,0,0,0,0,0,0,0,0,0,0,0,0,0,0,0,0,0,0,0,0,0,0,0,0,0,0,0,0,0,0,0,0,0,13,17,26,8,15,21,0,0,0,59,65,119
11101121106,core,0,0,0,0,0,0,0,0,0,0,0,0,0,0,0,59,43,101,0,0,3,3,0,3,0,0,0,0,0,0,0,0,0,0,5,4,63,49,111,0,0,0,0,0,0,0,0,0,0,0,0,0,0,0,0,0,0,0,0,0,0,0,0,0,0,0,0,0,0,0,0,0,0,0,0,0,0,0,0,0,0,0,0,0,0,0,0,0,0,0,0,0,0,0,0,0,23,21,44,13,14,28,0,0,0,101,85,189
11101121107,core,0,0,0,0,0,0,0,0,0,0,0,0,0,0,0,60,44,108,3,3,5,0,0,0,0,0,0,0,0,0,0,0,0,0,0,3,72,52,125,0,0,0,0,0,0,0,0,0,0,0,0,0,0,0,0,0,0,0,0,0,0,0,0,0,0,0,0,0,0,0,0,0,0,0,0,0,0,0,0,0,0,0,0,0,0,0,0,0,0,0,0,0,0,0,0,0,22,22,43,11,20,28,0,0,0,102,99,197
11101121108,core,0,0,0,0,0,0,0,0,0,0,0,0,0,0,0,98,74,170,9,15,23,4,0,4,0,0,0,0,3,4,0,0,0,3,0,3,110,85,200,0,0,0,0,0,0,0,0,0,0,0,0,0,0,0,0,0,0,0,0,0,0,0,0,0,0,0,0,0,0,0,0,0,0,0,0,0,0,0,0,0,0,0,0,0,0,0,0,0,0,0,0,0,0,0,0,0,30,43,74,16,38,52,0,0,0,163,170,334
11101121109,core,0,0,0,0,0,0,0,0,0,0,0,0,0,0,0,0,0,0,0,0,0,0,0,0,0,0,0,0,0,0,0,0,0,0,0,3,0,0,6,0,0,0,0,0,0,0,0,0,0,0,0,0,0,0,0,0,0,0,0,0,0,0,0,0,0,0,0,0,0,0,0,0,0,0,0,0,0,0,0,0,0,0,0,0,0,0,0,0,0,0,0,0,0,0,0,0,0,0,0,0,0,0,0,0,0,0,0,4
11101121110,core,0,0,0,0,0,0,0,0,0,0,0,0,0,0,0,69,53,112,4,8,7,0,0,0,0,0,0,3,0,3,0,4,5,0,4,4,76,62,135,0,0,0,0,0,0,0,0,0,0,0,0,0,0,0,0,0,0,0,0,0,0,0,0,0,0,0,0,0,0,0,0,0,0,0,0,0,0,0,0,0,0,0,0,0,0,0,0,0,0,0,0,0,0,0,0,0,31,31,66,21,17,39,0,0,0,132,108,239
11101121201,core,0,0,0,0,0,0,0,0,0,0,0,0,0,0,0,60,57,121,0,3,3,0,0,0,0,0,0,0,0,0,0,0,0,3,5,9,61,65,127,0,0,0,0,0,0,0,0,0,0,0,0,0,0,0,0,0,0,0,0,0,0,0,0,0,0,0,0,0,0,0,0,0,0,0,0,0,0,0,0,0,0,0,0,0,0,0,0,0,0,0,0,0,0,0,0,0,17,19,37,12,16,26,0,0,0,92,104,192
11101121202,core,0,0,0,0,0,0,0,0,0,0,0,0,0,0,0,35,44,74,0,0,0,0,0,0,0,0,0,0,0,0,0,0,6,0,0,3,40,40,85,0,0,0,0,0,0,0,0,0,0,0,0,0,0,0,0,0,0,0,0,0,0,0,0,0,0,0,0,0,0,0,0,0,0,0,0,0,0,0,0,0,0,0,0,0,0,0,0,0,0,0,0,0,0,0,0,0,22,20,39,13,16,28,0,0,0,73,79,151
11101121203,core,0,0,0,0,0,0,0,0,0,0,0,0,0,0,0,40,22,66,0,0,0,0,0,0,0,0,0,0,0,0,0,0,0,0,0,0,43,21,61,0,0,0,0,0,0,0,0,0,0,0,0,0,0,0,0,0,0,0,0,0,0,0,0,0,0,0,0,0,0,0,0,0,0,0,0,0,0,0,0,0,0,0,0,0,0,0,0,0,0,0,0,0,0,0,0,0,11,25,35,9,14,20,0,0,0,64,60,120
11101121204,core,0,0,0,0,0,0,0,0,0,0,0,0,0,0,0,64,47,112,4,5,12,3,0,3,0,0,0,0,0,0,0,0,0,0,5,0,77,59,133,0,0,0,0,0,0,0,0,0,0,0,0,0,0,0,0,0,0,0,0,0,0,0,0,0,0,0,0,0,0,0,0,0,0,0,0,0,0,0,0,0,0,0,0,0,0,0,0,0,0,0,0,0,0,0,0,0,5,25,29,16,19,40,0,0,4,104,103,210
11101121205,core,0,0,0,0,0,0,0,0,0,0,0,0,0,0,0,40,38,78,4,4,4,0,0,0,0,0,0,0,0,0,4,0,0,0,0,0,40,43,81,0,0,0,0,0,0,0,0,0,0,0,0,0,0,0,0,0,0,0,0,0,0,0,0,0,0,0,0,0,0,0,0,0,0,0,0,0,0,0,0,0,0,0,0,0,0,0,0,0,0,0,0,0,0,0,0,0,10,19,26,7,11,17,0,0,0,55,75,129
11101121206,core,0,0,0,0,0,0,0,0,0,0,0,0,0,0,0,65,41,102,0,0,4,0,0,0,0,0,0,0,0,0,0,0,0,0,4,7,63,43,108,0,0,0,0,0,0,0,0,0,0,0,0,0,0,0,0,0,0,0,0,0,0,0,0,0,0,0,0,0,0,0,0,0,0,0,0,0,0,0,0,0,0,3,0,3,0,0,0,0,0,0,0,0,0,0,0,0,11,17,31,9,14,28,0,0,0,90,76,165
11101121207,core,0,0,0,4,0,4,0,0,0,0,0,0,0,0,0,65,41,102,5,0,4,3,0,3,0,0,0,0,0,0,0,0,0,5,0,11,80,50,131,0,0,0,0,0,0,0,0,0,0,0,0,0,0,0,0,0,0,0,0,0,0,0,0,0,0,0,0,0,0,0,0,0,0,0,0,0,0,0,0,0,0,0,0,0,0,0,0,0,0,0,0,0,0,0,0,0,11,14,25,10,23,35,0,0,0,101,84,192
11101121208,core,0,0,0,0,0,0,0,0,0,0,0,0,0,0,0,47,32,82,0,5,4,0,0,0,0,0,0,0,0,0,0,0,0,0,0,0,54,34,88,0,0,0,0,0,0,0,0,0,0,0,0,0,0,0,0,0,0,0,0,0,0,0,0,0,0,0,0,0,0,0,0,0,0,0,0,0,0,0,0,0,0,0,0,0,0,0,0,0,0,0,0,0,0,0,0,0,17,22,41,9,11,21,0,0,0,74,74,144
11101121209,core,0,0,0,0,0,0,0,0,0,0,0,0,0,0,0,57,43,96,4,7,3,3,0,3,0,0,0,0,0,0,0,0,0,5,0,4,67,46,110,0,0,0,0,0,0,0,0,0,0,0,0,0,0,0,0,0,0,0,0,0,0,0,0,0,0,0,0,0,0,0,0,0,0,0,0,0,0,0,0,0,6,0,0,6,0,0,0,0,0,0,0,0,0,0,0,0,19,30,50,10,11,26,0,0,0,93,85,180
11101121210,core,0,0,0,0,0,0,0,0,0,0,0,0,0,0,0,41,28,65,0,3,3,0,0,0,0,0,0,0,0,0,0,0,0,3,4,3,41,35,71,0,0,0,0,0,0,0,0,0,0,0,0,0,0,0,0,0,0,0,0,0,0,0,0,0,0,0,0,0,0,0,0,0,0,0,0,0,0,0,0,0,0,0,0,0,0,0,0,0,0,0,0,0,0,0,0,0,15,13,28,5,12,19,0,0,0,61,62,117
11101121212,core,0,0,0,0,0,0,0,0,0,0,0,0,0,0,0,51,52,101,0,4,4,0,0,0,0,0,0,0,0,0,0,0,0,0,0,0,54,57,118,0,0,0,0,0,0,0,0,0,0,0,0,0,0,0,0,0,0,0,0,0,0,0,0,0,0,0,0,0,0,0,0,0,0,0,0,0,0,0,0,0,0,0,0,0,0,0,0,0,0,0,0,0,0,0,0,0,34,41,74,15,22,36,0,0,0,100,121,227
11101121213,core,0,0,0,0,0,0,0,0,0,0,0,0,0,0,0,31,18,48,0,0,5,0,0,0,0,0,0,0,0,0,0,0,0,0,0,0,39,18,57,0,0,0,0,0,0,0,0,0,0,0,0,0,0,0,0,0,0,0,0,0,0,0,0,0,0,0,0,0,0,0,0,0,0,0,0,0,0,0,0,0,0,0,0,0,0,0,0,0,0,0,0,0,0,0,0,0,16,12,24,6,7,15,0,0,0,60,41,94
11101121215,core,0,0,0,0,0,3,0,0,0,0,0,0,0,0,0,58,40,100,4,3,9,0,0,0,0,0,0,0,0,0,0,0,0,0,0,0,61,43,108,0,0,0,0,0,0,0,0,0,0,0,0,0,0,0,0,0,0,0,0,0,0,0,0,0,0,0,0,0,0,0,0,0,0,0,0,0,0,0,0,0,0,0,0,0,0,0,0,0,0,0,0,0,0,0,0,0,5,13,19,12,15,22,0,0,0,78,71,152
11101121216,core,0,0,0,0,0,0,0,0,0,0,0,0,0,0,0,31,23,56,0,0,5,0,0,0,0,0,0,0,0,0,0,0,0,0,0,3,37,31,68,0,0,0,0,0,0,0,0,0,0,0,0,0,0,0,0,0,0,0,0,0,0,0,0,0,0,0,0,0,0,0,0,0,0,0,0,0,0,0,0,0,0,0,0,0,0,0,0,0,0,0,0,0,0,0,0,0,3,14,16,11,14,26,0,0,0,45,61,112
11101121217,core,0,0,0,0,0,0,0,0,0,0,0,0,0,0,0,70,36,105,3,0,3,5,0,5,0,0,0,0,0,0,0,0,0,0,5,5,77,37,117,0,0,0,0,0,0,0,0,0,0,0,0,0,0,0,0,0,0,0,0,0,0,0,0,0,0,0,0,0,0,0,0,0,0,0,0,0,0,0,0,0,3,0,0,3,0,0,0,0,0,0,0,0,0,0,0,0,0,23,18,16,15,39,0,0,0,94,75,173
11101121218,core,0,0,0,0,0,3,0,0,0,0,0,0,0,0,0,26,16,46,0,0,0,0,0,0,0,0,0,0,0,0,0,0,0,0,3,6,26,20,48,0,0,0,0,0,0,0,0,0,0,0,0,0,0,0,0,0,0,0,0,0,0,0,0,0,0,0,0,0,0,0,0,4,0,0,0,0,0,4,0,0,0,0,0,4,0,0,0,0,0,0,0,0,0,0,0,0,3,8,13,6,9,14,0,0,0,36,41,77
11101121219,core,0,0,0,0,0,0,0,0,0,0,0,0,0,0,0,33,29,65,3,5,3,0,0,0,0,0,0,0,0,0,0,0,0,0,0,6,43,33,77,0,0,0,0,0,0,0,0,0,0,0,0,0,0,0,0,0,0,0,0,0,0,0,0,0,0,0,0,0,0,0,0,0,0,0,0,0,0,0,0,0,0,0,0,0,0,0,0,0,0,0,0,0,0,0,0,0,9,14,24,3,12,22,0,0,0,59,64,119
11101121220,core,0,0,0,0,0,0,0,0,0,0,0,0,0,0,0,0,0,0,0,0,0,0,0,0,0,0,0,0,0,0,0,0,0,0,0,0,0,0,0,0,0,0,0,0,0,0,0,0,0,0,0,0,0,0,0,0,0,0,0,0,0,0,0,0,0,0,0,0,0,0,0,0,0,0,0,0,0,0,0,0,0,0,0,0,0,0,0,0,0,0,0,0,0,0,0,0,0,0,0,0,0,0,0,0,0,0,0,0
11101121222,core,0,0,0,0,0,0,0,0,0,0,0,0,0,0,0,75,62,135,4,0,9,3,0,3,0,0,0,0,0,0,0,0,0,0,0,0,86,67,154,0,0,0,0,0,0,0,0,0,0,0,0,0,0,0,0,0,0,0,0,0,0,0,0,0,0,0,0,0,0,0,0,0,0,0,0,0,0,0,0,0,0,0,0,0,0,0,0,0,0,0,0,0,0,0,0,0,28,33,54,15,29,41,0,0,4,125,127,256
11101121223,core,0,0,0,0,0,0,0,0,0,0,0,0,0,0,0,43,33,82,6,0,9,3,0,3,3,0,3,0,0,0,0,0,0,6,3,8,59,41,98,0,0,0,0,0,0,0,0,0,0,0,0,0,0,0,0,0,0,0,0,0,0,0,0,0,0,0,0,0,0,0,0,0,0,0,0,0,0,0,0,0,0,0,0,0,0,0,0,0,0,0,0,0,0,0,0,0,11,18,35,6,19,26,0,0,0,82,78,161
11101121224,core,0,0,0,0,0,0,0,0,0,0,0,0,0,0,0,77,58,137,0,0,3,3,0,3,0,0,0,0,0,0,0,0,0,0,0,5,82,67,147,0,0,0,0,0,0,0,0,0,0,0,0,0,0,0,0,0,0,0,0,0,0,0,0,0,0,0,0,0,0,0,0,0,0,0,0,0,0,0,0,0,0,0,0,0,0,0,0,0,0,0,0,0,0,0,0,0,24,38,56,18,26,45,0,0,0,126,127,254
11101121225,core,0,0,0,3,0,3,0,0,0,0,0,0,0,0,0,76,52,129,0,6,7,5,0,5,0,0,0,0,0,0,0,0,0,0,0,0,95,62,154,0,0,0,0,0,0,0,0,0,0,0,0,0,0,0,0,0,0,0,0,0,0,0,0,0,0,0,0,0,0,0,0,0,0,0,0,0,0,0,0,0,0,0,0,0,0,0,0,0,0,0,0,0,0,0,0,0,18,29,49,8,22,33,0,0,0,116,118,232
11101121226,core,0,0,0,0,0,0,0,0,0,0,0,0,0,0,0,43,56,99,3,5,3,5,0,5,0,0,0,0,0,0,0,0,0,0,0,0,50,58,111,0,0,0,0,0,0,0,0,0,0,0,0,0,0,0,0,0,0,0,0,0,0,0,0,0,0,0,0,0,0,0,0,0,0,0,0,0,0,0,0,0,0,0,0,0,0,0,0,0,0,0,0,0,0,0,0,0,5,15,15,6,11,15,0,0,0,61,77,142
11101121227,core,0,0,0,0,0,0,0,0,0,0,0,0,0,0,0,92,69,164,4,4,6,0,0,0,0,0,0,0,0,0,0,0,0,0,0,0,102,76,181,0,0,0,0,0,0,0,0,0,0,0,0,0,0,0,0,0,0,0,0,0,0,0,0,0,0,0,0,0,0,0,0,0,0,0,0,0,0,0,0,0,5,0,0,5,0,0,0,0,0,0,0,0,0,0,0,0,33,36,71,19,23,46,0,0,0,153,141,289
11101121228,core,0,0,0,0,0,0,0,0,0,0,0,0,0,0,0,49,31,81,0,0,4,0,0,0,0,0,0,0,0,0,0,0,0,0,0,0,48,39,86,0,0,0,0,0,0,0,0,0,0,0,0,0,0,0,0,0,0,0,0,0,0,0,0,0,0,0,0,0,0,0,0,0,0,0,0,0,0,0,0,0,0,0,0,0,0,0,0,0,0,0,0,0,0,0,0,0,38,40,77,16,22,37,4,0,4,100,94,196
11101121229,core,0,0,0,0,0,0,0,0,0,0,0,0,0,0,0,4,3,9,0,0,0,0,0,0,0,0,0,0,0,0,0,0,0,0,0,0,4,6,8,0,0,0,0,0,0,0,0,0,0,0,0,0,0,0,0,0,0,0,0,0,0,0,0,0,0,0,0,0,0,0,0,0,0,0,0,0,0,0,0,0,0,0,0,0,0,0,0,0,0,0,0,0,0,0,0,0,0,0,0,0,0,0,0,0,0,8,4,12
11101121230,core,0,0,0,0,0,0,0,0,0,0,0,0,0,0,0,19,13,35,0,0,0,0,0,0,0,0,0,0,0,0,0,0,0,0,0,0,19,21,39,0,0,0,0,0,0,0,0,0,0,0,0,0,0,0,0,0,0,0,0,0,0,0,0,0,0,0,0,0,0,0,0,0,0,0,0,0,0,0,0,0,0,0,0,0,0,0,0,0,0,0,0,0,0,0,0,0,9,8,17,8,0,10,0,0,0,29,31,61
11101121231,core,0,0,0,0,0,0,0,0,0,0,0,0,0,0,0,41,43,85,0,0,0,0,0,0,0,0,0,0,0,0,0,0,0,0,0,0,48,42,87,0,0,0,0,0,0,0,0,0,0,0,0,0,0,0,0,0,0,0,0,0,0,0,0,0,0,0,0,0,0,0,0,0,0,0,0,0,0,0,0,0,0,0,0,0,0,0,0,0,0,0,0,0,0,0,0,0,31,33,61,6,22,28,0,0,0,82,97,178
11101121232,core,0,0,0,0,0,0,0,0,0,0,0,0,0,0,0,49,28,70,0,0,0,0,0,0,0,0,0,0,0,0,0,0,0,0,0,0,49,25,71,0,0,0,0,0,0,0,0,0,0,0,0,0,0,0,0,0,0,0,0,0,0,0,0,0,0,0,0,0,0,0,0,0,0,0,0,0,0,0,0,0,0,0,0,0,0,0,0,0,0,0,0,0,0,0,0,0,18,23,41,8,19,23,0,0,0,76,70,141
11101121233,core,0,0,0,0,0,0,0,0,0,0,0,0,0,0,0,49,40,85,3,0,3,0,0,0,0,0,0,0,0,0,0,0,0,0,0,0,53,39,92,0,0,0,0,0,0,0,0,0,0,0,0,0,0,0,0,0,0,0,0,0,0,0,0,0,0,0,0,0,0,0,0,0,0,0,0,0,0,0,0,0,0,0,0,0,0,0,0,0,0,0,0,0,0,0,0,0,39,48,87,11,19,31,0,0,0,105,106,212
11101121234,core,0,0,0,0,0,0,0,0,0,0,0,0,0,0,0,9,16,29,0,0,0,0,0,0,0,0,0,0,0,0,0,0,0,0,0,0,13,16,33,0,0,0,0,0,0,0,0,0,0,0,0,0,0,0,0,0,0,0,0,0,0,0,0,0,0,0,0,0,0,0,0,0,0,0,0,0,0,0,0,0,0,0,0,0,0,0,0,0,0,0,0,0,0,0,0,0,15,15,27,7,6,16,0,0,0,39,41,81
11101121235,core,0,0,0,0,0,0,0,0,0,0,0,0,0,0,0,40,24,64,0,0,5,0,0,0,0,0,0,0,0,0,0,0,0,0,0,0,41,27,70,0,0,0,0,0,0,0,0,0,0,0,0,0,0,0,0,0,0,0,0,0,0,0,0,0,0,0,0,0,0,0,0,0,0,0,0,0,0,0,0,0,0,0,0,0,0,0,0,0,0,0,0,0,0,0,0,0,0,5,11,3,9,13,0,0,0,49,46,96
11101121236,core,0,0,0,0,0,0,0,0,0,0,0,0,0,0,0,24,20,49,0,4,4,0,0,0,0,0,0,0,0,0,0,0,0,0,0,0,27,27,53,0,0,0,0,0,0,0,0,0,0,0,0,0,0,0,0,0,0,0,0,0,0,0,0,0,0,0,0,0,0,0,0,0,0,0,0,0,0,0,0,0,0,0,0,0,0,0,0,0,0,0,0,0,0,0,0,0,14,20,34,5,9,16,0,0,0,45,58,99
11101121237,core,0,0,0,0,0,0,0,0,0,0,0,0,0,0,0,40,40,85,0,3,9,0,0,0,0,0,0,0,0,0,0,0,0,0,3,4,49,50,97,0,0,0,0,0,0,0,0,0,0,0,0,0,0,0,0,0,0,0,0,0,0,0,0,0,0,0,0,0,0,0,0,0,0,0,0,0,0,0,0,0,0,0,0,0,0,0,0,0,0,0,0,0,0,0,0,0,17,14,32,13,22,33,0,0,0,77,88,161
11101121238,core,0,0,0,0,0,0,0,0,0,0,0,0,0,0,0,17,14,32,0,0,0,0,0,0,0,0,0,0,0,0,0,0,0,0,0,4,20,15,34,0,0,0,0,0,0,0,0,0,0,0,0,0,0,0,0,0,0,0,0,0,0,0,0,0,0,0,0,0,0,0,0,0,0,0,0,0,0,0,0,0,0,0,0,0,0,0,0,0,0,0,0,0,0,0,0,0,9,9,19,3,14,18,0,0,0,31,32,66
11101121301,core,0,0,0,0,0,0,0,0,0,0,0,0,0,0,0,0,0,0,0,0,0,0,0,0,0,0,0,0,0,0,0,0,0,0,0,0,0,0,0,0,0,0,0,0,0,0,0,0,0,0,0,0,0,0,0,0,0,0,0,0,0,0,0,0,0,0,0,0,0,0,0,0,0,0,0,0,0,0,0,0,0,0,0,0,0,0,0,0,0,0,0,0,0,0,0,0,0,0,0,0,0,0,0,0,0,0,0,0
11101121302,core,0,0,0,0,0,0,0,0,0,0,0,0,0,0,0,0,0,0,0,0,0,0,0,0,0,0,0,0,0,0,0,0,0,0,0,0,0,0,0,0,0,0,0,0,0,0,0,0,0,0,0,0,0,0,0,0,0,0,0,0,0,0,0,0,0,0,0,0,0,0,0,0,0,0,0,0,0,0,0,0,0,0,0,0,0,0,0,0,0,0,0,0,0,0,0,0,0,0,0,0,0,0,0,0,0,0,0,0
11101121303,core,0,0,0,0,0,0,0,0,0,0,0,0,0,0,0,76,56,129,0,0,8,0,0,0,4,0,4,0,0,0,0,0,0,0,0,0,83,59,139,0,0,0,0,0,0,0,0,0,0,0,0,0,0,0,0,0,0,0,0,0,0,0,0,0,0,0,0,0,0,0,0,0,0,0,0,0,0,0,0,0,0,0,0,0,0,0,0,0,0,0,0,0,0,0,0,0,30,37,68,10,21,28,0,0,5,121,118,235
11101121304,core,0,0,0,0,0,0,0,0,0,0,0,0,0,0,0,68,50,113,6,3,5,5,0,5,0,0,0,0,0,0,0,0,0,0,0,3,77,55,134,0,0,0,0,0,0,0,0,0,0,0,0,0,0,0,0,0,0,0,0,0,0,0,0,0,0,0,0,0,0,0,0,0,0,0,0,0,0,0,0,0,0,0,0,0,0,0,0,0,0,0,0,0,0,0,0,0,33,28,59,15,35,46,0,0,0,127,121,246
11101121305,core,0,0,0,0,3,3,0,0,0,0,0,0,0,0,0,76,66,135,0,0,0,0,0,0,0,0,0,0,0,0,0,0,0,0,4,0,78,74,152,0,0,0,0,0,0,0,0,0,0,0,0,0,0,0,0,0,0,0,0,0,0,0,0,0,0,0,0,0,0,0,0,0,0,0,0,0,0,0,0,0,0,0,0,0,0,0,0,0,0,0,0,0,0,0,0,0,39,42,85,14,22,37,0,0,0,133,139,277
11101121306,core,0,0,0,0,0,0,0,0,0,0,0,0,0,0,0,68,49,113,4,0,4,4,0,4,0,0,0,0,0,0,0,0,0,0,3,3,78,53,131,0,0,0,0,0,0,0,0,0,0,0,0,0,0,0,0,0,0,0,0,0,0,0,0,0,0,0,0,0,0,0,0,3,0,0,0,0,0,3,0,0,0,0,0,3,0,0,0,0,0,0,0,0,0,0,0,0,18,14,33,12,22,35,0,0,0,105,89,193
11101121307,core,0,0,0,0,0,0,0,0,0,0,0,0,0,0,0,80,59,139,5,8,8,0,0,0,0,0,0,0,0,0,0,0,0,0,0,0,89,64,151,0,0,0,0,0,0,0,0,0,0,0,0,0,0,0,0,0,0,0,0,0,0,0,0,0,0,0,0,0,0,0,0,0,0,0,0,0,0,0,0,0,0,0,0,0,0,0,0,0,0,0,0,0,0,0,0,0,31,35,67,24,24,45,0,0,0,141,126,264
11101121308,core,0,0,0,0,0,0,0,0,0,0,0,0,0,0,0,80,73,156,0,4,8,0,0,0,0,0,0,0,0,0,0,0,0,0,0,0,83,79,167,0,0,0,0,0,0,0,0,0,0,0,0,0,0,0,0,0,0,0,0,0,0,0,0,0,0,0,0,0,0,0,0,0,0,0,0,0,0,0,0,0,0,0,0,0,0,0,0,0,0,0,0,0,0,0,0,0,38,45,82,21,31,49,0,0,0,140,160,297
11101121309,core,0,0,0,0,0,0,0,0,0,0,0,0,0,0,0,28,23,58,3,3,6,0,0,0,0,0,0,0,0,0,0,0,0,0,0,0,34,31,61,0,0,0,0,0,0,0,0,0,0,0,0,0,0,0,0,0,0,0,0,0,0,0,0,0,0,0,0,0,0,0,0,0,0,0,0,0,0,0,0,0,0,0,0,0,0,0,0,0,0,0,0,0,0,0,0,0,15,18,28,4,16,21,0,0,0,57,57,114
11101121310,core,0,0,0,0,0,0,0,0,0,0,0,0,0,0,0,58,43,108,0,0,6,0,0,0,0,0,0,0,0,0,0,0,0,0,0,0,63,47,113,0,0,0,0,0,0,0,0,0,0,0,0,0,0,0,0,0,0,0,0,0,0,0,0,0,0,0,0,0,0,0,0,0,0,0,0,0,0,0,0,0,0,0,0,0,0,0,0,0,0,0,0,0,0,0,0,0,31,33,67,14,30,41,0,0,0,111,112,224
11101121311,core,0,0,0,0,0,0,0,0,0,0,0,0,0,0,0,62,63,118,6,4,8,0,0,0,0,0,0,0,0,0,0,0,0,0,0,0,68,63,130,0,0,0,0,0,0,0,0,0,0,0,0,0,0,0,0,0,0,0,0,0,0,0,0,0,0,0,0,0,0,0,0,0,0,0,0,0,0,0,0,0,0,0,0,0,0,0,0,0,0,0,0,0,0,0,0,0,29,19,49,16,28,39,0,0,0,114,111,223
11101121312,core,0,0,0,0,0,0,0,0,0,0,0,0,0,0,0,55,56,115,3,0,3,0,0,0,0,0,0,0,0,0,0,0,0,0,0,0,65,57,121,0,0,0,0,0,0,0,0,0,0,0,0,0,0,0,0,0,0,0,0,0,0,0,0,0,0,0,0,0,0,0,0,0,0,0,0,0,0,0,0,0,0,0,0,6,0,0,0,0,0,0,0,0,0,0,0,0,24,34,55,11,23,36,0,0,0,102,115,212
11101121313,core,0,0,0,0,0,0,0,0,0,0,0,0,0,0,0,46,34,81,0,0,0,0,0,0,0,0,0,0,0,0,4,0,4,0,0,0,54,34,86,0,0,0,0,0,0,0,0,0,0,0,0,0,0,0,0,0,0,0,0,0,0,0,0,0,0,0,0,0,0,0,0,0,0,0,0,0,0,0,0,0,0,0,0,0,0,0,0,0,0,0,0,0,0,0,0,0,15,27,37,9,16,22,0,0,0,71,73,142
11101121314,core,0,0,0,0,0,0,0,0,0,0,0,0,0,0,0,79,57,134,5,0,5,3,0,3,0,0,0,0,0,0,0,0,0,0,0,0,86,60,148,0,0,0,0,0,0,0,0,0,0,0,0,0,0,0,0,0,0,0,0,0,0,0,0,0,0,0,0,0,0,0,0,0,0,0,0,0,0,0,0,0,0,0,0,0,0,0,0,0,0,0,0,0,0,0,0,0,31,35,59,12,16,31,0,0,0,128,118,243
11101121315,core,0,0,0,0,0,0,0,0,0,0,0,0,0,0,0,79,60,136,6,4,12,0,0,0,0,0,0,0,0,0,0,0,0,0,0,0,83,66,147,0,0,0,0,0,0,0,0,0,0,0,0,0,0,0,0,0,0,0,0,0,0,0,0,0,0,0,0,0,0,0,0,0,0,0,0,0,0,0,0,0,0,0,0,0,0,0,0,0,0,0,0,0,0,0,0,0,33,35,66,16,22,35,0,0,0,128,124,254
11101121316,core,0,0,0,0,0,0,0,0,0,0,0,0,0,0,0,34,28,60,4,0,3,0,0,0,0,0,0,0,0,0,0,0,0,0,4,4,36,31,69,0,0,0,0,0,0,0,0,0,0,0,0,0,0,0,0,0,0,0,0,0,0,0,0,0,0,0,0,0,0,0,0,0,0,0,0,0,0,0,0,0,0,0,0,0,0,0,0,0,0,0,0,0,0,0,0,0,14,17,35,9,6,12,0,0,0,61,56,109
11101121317,core,0,0,0,0,0,0,0,0,0,0,0,0,0,0,0,70,49,122,0,5,6,4,0,4,0,0,0,0,0,0,0,0,0,0,0,0,73,50,127,0,0,0,0,0,0,0,0,0,0,0,0,0,0,0,0,0,0,0,0,0,0,0,0,0,0,0,0,0,0,0,0,0,0,0,0,0,0,0,0,0,0,0,0,0,0,0,0,0,0,0,0,0,0,0,0,0,22,39,63,13,17,27,0,0,0,113,109,224
11101121318,core,0,0,0,0,0,0,0,0,0,0,0,0,0,0,0,70,69,140,0,8,5,0,0,0,0,0,0,0,0,0,0,0,0,0,0,0,74,79,152,0,0,0,0,0,0,0,0,0,0,0,0,0,0,0,0,0,0,0,0,0,0,0,0,0,0,0,0,0,0,0,0,0,0,0,0,0,0,0,0,0,0,0,0,0,0,0,0,0,0,0,0,0,0,0,0,0,27,36,64,16,19,35,0,0,0,115,130,248
11101121319,core,0,0,0,0,0,0,0,0,0,0,0,0,0,0,0,65,55,119,0,5,0,0,0,0,0,0,0,0,0,0,0,0,0,0,3,4,71,63,131,0,0,0,0,0,0,0,0,0,0,0,0,0,0,0,0,0,0,0,0,0,0,0,0,0,0,0,0,0,0,0,0,0,0,0,0,0,0,0,0,0,0,0,0,0,0,0,0,0,0,0,0,0,0,0,0,0,28,27,55,16,21,39,0,0,0,115,112,223
11101121320,core,0,0,0,0,0,0,0,0,0,0,0,0,0,0,0,38,33,68,4,0,4,4,0,4,0,0,0,0,0,0,0,0,0,0,0,0,46,33,78,0,0,0,0,0,0,0,0,0,0,0,0,0,0,0,0,0,0,0,0,0,0,0,0,0,0,0,0,0,0,0,0,0,0,0,0,0,0,0,0,0,0,0,0,0,0,0,0,0,0,0,0,0,0,0,0,0,15,13,28,4,15,19,0,0,0,62,62,126
11101121321,core,0,0,0,0,0,0,0,0,0,0,0,0,0,0,0,61,48,107,0,3,3,0,0,0,0,0,3,0,0,0,0,0,0,0,0,0,57,55,112,0,0,0,0,0,0,0,0,0,0,0,0,0,0,0,0,0,0,0,0,0,0,0,0,0,0,0,0,0,0,0,0,0,0,0,0,0,0,0,0,0,0,0,0,0,0,0,0,0,0,0,0,0,0,0,0,0,28,34,66,14,25,38,0,0,0,96,116,215
11101121322,core,0,0,0,0,0,0,0,0,0,0,0,0,0,0,0,63,63,122,6,4,12,3,0,3,0,0,0,0,0,0,3,0,3,0,0,0,79,64,145,0,0,0,0,0,0,0,0,0,0,0,0,0,0,0,0,0,0,0,0,0,0,0,0,0,0,0,0,0,0,0,0,0,0,0,0,0,0,0,0,0,0,0,0,0,0,0,0,0,0,0,0,0,0,0,0,0,42,40,86,10,21,32,0,0,0,133,128,264
11101121323,core,0,0,0,0,0,0,0,0,0,0,0,0,0,0,0,94,82,179,6,5,15,4,0,4,0,0,0,0,0,0,0,0,0,0,0,3,109,93,200,0,0,0,0,0,0,0,0,0,0,0,0,0,0,0,0,0,0,0,0,0,0,0,0,0,0,0,0,0,0,0,0,0,0,0,0,0,0,0,8,0,8,8,0,3,0,0,0,0,0,0,0,0,0,0,0,0,33,39,80,22,30,52,0,0,0,175,163,337
11101121324,core,0,0,0,0,0,0,0,0,0,0,0,0,0,0,0,65,64,129,4,8,9,4,0,4,0,0,0,0,0,0,0,0,0,0,0,0,80,70,149,0,0,0,0,0,0,0,0,0,0,0,0,0,0,0,0,0,0,0,0,0,0,0,0,0,0,0,0,0,0,0,0,0,0,0,0,0,0,0,0,0,0,0,0,0,0,0,0,0,0,0,0,0,0,0,0,0,38,46,81,9,25,36,0,0,0,122,137,266
11101121325,core,0,0,0,0,0,0,0,0,0,0,0,0,0,0,0,61,53,111,0,0,0,0,0,0,3,0,3,0,0,0,0,0,0,0,3,3,68,55,121,0,0,0,0,0,0,0,0,0,0,0,0,0,0,0,0,0,0,0,0,0,0,0,0,0,0,0,0,0,0,0,0,0,0,0,0,0,0,0,0,0,0,0,0,3,0,0,0,0,0,0,0,0,0,0,0,0,44,39,87,11,26,35,0,0,0,125,121,245
11101121326,core,0,0,0,0,0,0,0,0,0,0,0,0,0,0,0,57,37,94,3,0,3,0,0,0,0,0,0,0,0,0,0,0,0,0,0,0,57,38,95,0,0,0,0,0,0,0,0,0,0,0,0,0,0,0,0,0,0,0,0,0,0,0,0,0,0,0,0,0,0,0,0,0,0,0,0,0,0,0,0,0,0,0,0,0,0,0,0,0,0,0,0,0,0,0,0,0,35,36,68,3,22,27,0,4,4,101,99,198
11101121327,core,0,0,0,0,0,5,0,0,0,0,0,0,0,0,0,68,43,107,0,5,5,0,0,0,0,0,0,0,0,0,0,0,0,0,0,0,77,46,121,0,0,0,0,0,0,0,0,0,0,0,0,0,0,0,0,0,0,0,0,0,0,0,0,0,0,0,0,0,0,0,0,0,0,0,0,0,0,0,0,0,0,0,0,0,0,0,0,0,0,0,0,0,0,0,0,0,27,40,65,9,19,24,0,0,0,107,102,217
11101121328,core,0,0,0,0,0,0,0,0,0,0,0,0,0,0,0,46,37,87,0,4,6,0,0,0,0,0,0,0,0,0,0,0,3,0,0,0,46,49,99,0,0,0,0,0,0,0,0,0,0,0,0,0,0,0,0,0,0,0,0,0,0,0,0,0,0,0,0,0,0,0,0,0,0,0,0,0,0,0,0,0,0,0,0,0,0,0,0,0,0,0,0,0,0,0,0,0,27,20,47,11,10,18,0,0,0,91,73,160
11101121329,core,0,0,0,0,0,0,0,0,0,0,0,0,0,0,0,46,36,80,0,5,7,4,0,4,0,0,0,0,0,0,0,0,0,0,0,0,50,46,92,0,0,0,0,0,0,0,0,0,0,0,0,0,0,0,0,0,0,0,0,0,0,0,0,0,0,0,0,0,0,0,0,0,0,0,0,0,0,0,0,0,0,0,0,0,0,0,0,0,0,0,0,0,0,0,0,0,9,18,32,6,7,22,0,0,0,69,75,145
11101121330,core,0,0,0,0,0,0,0,0,0,0,0,0,0,0,0,54,60,114,3,11,9,0,0,0,0,0,0,4,0,3,0,0,0,0,0,0,62,69,135,0,0,0,0,0,0,0,0,0,0,0,0,0,0,0,0,0,0,0,0,0,0,0,0,0,0,0,0,0,0,0,0,0,0,0,0,0,0,0,0,0,0,0,0,0,0,0,0,0,0,0,0,0,0,0,0,0,26,30,57,9,24,33,0,0,0,102,117,224
11101121401,core,0,0,0,0,0,0,0,0,0,0,0,0,0,0,0,80,50,133,4,5,5,0,0,0,0,0,0,0,0,0,0,0,0,0,0,4,93,56,144,0,0,0,0,0,0,0,0,0,0,0,0,0,0,0,0,0,0,0,0,0,0,0,0,0,0,0,0,0,0,0,0,0,0,0,0,0,0,0,0,0,0,0,0,0,0,0,0,0,0,0,0,0,0,0,0,0,22,41,62,8,20,33,0,3,3,122,118,242
11101121402,core,0,0,0,0,0,0,0,0,0,0,0,0,0,0,0,64,42,100,7,5,9,0,0,0,0,0,0,0,0,0,0,0,0,0,0,0,67,51,117,0,0,0,0,0,0,0,0,0,0,0,0,0,0,0,0,0,0,0,0,0,0,0,0,0,0,0,0,0,0,0,0,0,0,0,0,0,0,0,0,0,0,0,0,0,0,0,0,0,0,0,0,0,0,0,0,0,26,31,55,7,24,29,0,0,0,107,103,205
11101121403,core,0,0,0,4,0,4,0,0,0,0,0,0,0,0,0,105,92,193,0,5,4,0,0,0,0,0,0,0,0,0,3,0,0,5,0,5,118,98,216,0,0,0,0,0,0,0,0,0,0,0,0,0,0,0,0,0,0,0,0,0,0,0,0,0,0,0,0,0,0,0,0,0,0,0,0,0,0,0,0,0,0,0,0,0,0,0,0,0,0,0,0,0,0,0,0,0,31,46,74,13,13,24,0,0,0,162,159,317
11101121404,core,0,0,0,0,0,4,0,0,0,0,0,0,0,0,0,126,86,212,3,7,10,0,0,0,6,0,6,0,0,0,0,0,0,0,0,0,137,93,229,0,0,0,0,0,0,0,0,0,0,0,0,0,0,0,0,0,0,0,0,0,0,0,0,0,0,0,0,0,0,0,0,0,0,0,0,0,0,0,3,0,3,3,0,3,0,0,0,0,0,0,0,0,0,0,0,0,47,56,103,19,45,64,0,0,0,208,194,402
11101121405,core,0,0,0,0,0,0,0,0,0,0,0,0,0,0,0,0,0,0,0,0,0,0,0,0,0,0,0,0,0,0,0,0,0,0,0,0,0,0,0,0,0,0,0,0,0,0,0,0,0,0,0,0,0,0,0,0,0,0,0,0,0,0,0,0,0,0,0,0,0,0,0,0,0,0,0,0,0,0,0,0,0,0,0,0,0,0,0,0,0,0,0,0,0,0,0,0,0,0,0,0,0,0,0,0,0,0,0,0
11101121406,core,0,0,0,0,0,0,0,0,0,0,0,0,0,0,0,71,61,132,6,10,14,0,0,0,5,0,5,0,0,0,0,0,0,0,0,0,76,67,142,0,0,0,0,0,0,0,0,0,0,0,0,0,0,0,0,0,0,0,0,0,0,0,0,0,0,0,0,0,0,0,0,0,0,0,0,0,0,0,0,0,0,0,0,0,0,0,0,0,0,0,0,0,0,0,0,0,28,25,56,20,36,52,0,0,0,121,128,255
11101121407,core,0,0,0,0,0,0,0,0,0,0,0,0,0,0,0,73,50,117,6,5,7,4,0,4,0,0,0,0,0,0,0,0,0,0,0,0,80,52,131,0,0,0,0,0,0,0,0,0,0,0,0,0,0,0,0,0,0,0,0,0,0,0,0,0,0,0,0,0,0,0,0,0,0,0,0,0,0,0,0,0,0,0,0,0,0,0,0,0,0,0,0,0,0,0,0,0,27,27,49,19,13,29,0,0,0,116,87,206
11101121408,core,0,0,0,0,3,0,0,0,0,0,0,0,0,0,0,58,36,90,0,0,9,0,0,0,0,0,0,0,0,0,0,0,0,0,0,0,64,36,98,0,0,0,0,0,0,0,0,0,0,0,0,0,0,0,0,0,0,0,0,0,0,0,0,0,0,0,0,0,0,0,0,0,0,0,0,0,0,0,0,0,0,0,0,0,0,0,0,0,0,0,0,0,0,0,0,0,6,18,26,8,17,22,3,0,3,83,74,153
11101121409,core,0,0,0,0,0,0,0,0,0,0,0,0,0,0,0,28,27,59,0,0,0,0,0,0,3,0,3,0,0,0,0,0,0,0,0,6,35,23,62,0,0,0,0,0,0,0,0,0,0,0,0,0,0,0,0,0,0,0,0,0,0,0,0,0,0,0,0,0,0,0,0,0,0,0,0,0,0,0,0,0,0,0,3,3,0,0,0,0,0,0,0,0,0,0,0,0,7,19,29,14,14,25,0,0,0,65,67,125
11101121410,core,0,0,0,0,4,4,0,0,0,0,0,0,0,0,0,74,95,167,0,8,7,0,0,0,0,0,0,0,0,0,0,0,0,0,10,5,77,109,185,0,0,0,0,0,0,0,0,0,0,0,0,0,0,0,0,0,0,0,0,0,0,0,0,0,0,0,0,0,0,0,0,0,0,0,0,0,0,0,0,4,4,0,4,4,0,0,0,0,0,0,0,0,0,0,0,0,22,37,55,15,10,27,0,0,0,116,162,276
11101121411,core,0,0,0,0,0,0,0,0,0,0,0,0,0,0,0,57,54,112,3,3,8,0,0,0,0,0,0,0,0,0,0,0,0,0,0,3,66,55,114,0,0,0,0,0,0,0,0,0,0,0,0,0,0,0,0,0,0,0,0,0,0,0,0,0,0,0,0,0,0,0,0,0,0,0,0,0,0,0,0,0,0,0,0,0,0,0,0,0,0,0,0,0,0,0,0,0,24,30,50,10,26,37,0,0,0,102,110,210
11101121412,core,0,0,0,0,0,0,0,0,0,0,0,0,0,0,0,21,21,45,0,0,4,4,0,4,0,0,0,0,0,0,0,0,0,0,5,5,25,25,47,0,0,0,0,0,0,0,0,0,0,0,0,0,0,0,0,0,0,0,0,0,0,0,0,0,0,0,0,0,0,0,0,0,0,0,0,0,0,0,0,0,0,0,0,0,0,0,0,0,0,0,0,0,0,0,0,0,7,15,24,5,10,21,0,0,0,46,44,93
11101121413,core,0,0,0,0,0,0,0,0,0,0,0,0,0,0,0,54,62,115,8,5,12,3,0,3,0,0,0,0,0,0,0,0,0,0,0,0,69,67,133,0,0,0,0,0,0,0,0,0,0,0,0,0,0,0,0,0,0,0,0,0,0,0,0,0,0,0,0,0,0,0,0,0,0,0,0,0,0,0,0,0,0,0,0,0,0,0,0,0,0,0,0,0,0,0,0,0,22,33,59,9,21,30,0,0,0,106,119,219
11101121414,core,0,0,0,0,6,6,0,0,0,0,0,0,0,0,0,75,66,144,5,3,7,0,0,0,0,0,0,0,0,0,0,0,0,3,3,9,85,78,165,0,0,0,0,0,0,0,0,0,0,0,0,0,0,0,0,0,0,0,0,0,0,0,0,0,0,0,0,0,0,0,0,0,0,0,0,0,0,0,0,0,0,0,0,0,0,0,0,0,0,0,0,0,0,0,0,0,26,55,79,24,35,56,0,0,0,139,164,304
11101121415,core,0,0,0,0,0,0,0,0,0,0,0,0,0,0,0,97,85,185,5,8,10,3,0,3,0,0,0,0,0,0,0,0,0,7,4,8,107,99,207,0,0,0,0,0,0,0,0,0,0,0,0,0,0,0,0,0,0,0,0,0,0,0,0,0,0,0,0,0,0,0,0,0,0,0,0,0,0,0,0,0,0,0,0,3,0,0,0,0,0,0,0,0,0,0,0,0,17,34,49,17,24,39,0,0,4,148,156,298
11101121416,core,0,0,0,0,0,0,0,0,0,0,0,0,0,0,0,50,46,100,11,6,10,4,0,4,0,0,0,0,0,0,0,0,0,0,0,0,66,48,114,0,0,0,0,0,0,0,0,0,0,0,0,0,0,0,0,0,0,0,0,0,0,0,0,0,0,0,0,0,0,0,0,0,0,0,0,0,0,0,0,0,0,0,0,0,0,0,0,0,0,0,0,0,0,0,0,0,17,26,41,11,15,29,0,0,0,95,95,187
11101121417,core,0,0,0,3,0,3,0,0,0,0,0,0,0,0,0,54,47,96,0,3,6,0,0,0,0,0,0,0,0,0,0,0,0,3,9,11,67,52,127,0,0,0,0,0,0,0,0,0,0,0,0,0,0,0,0,0,0,0,0,0,0,0,0,0,0,0,0,0,0,0,0,0,0,0,0,0,0,0,0,0,0,0,0,0,0,0,0,0,0,5,0,0,0,0,0,5,9,23,33,8,16,26,0,0,0,88,96,183
11101121419,core,0,0,0,0,3,3,0,0,0,0,0,0,0,0,0,84,65,152,5,3,11,0,0,0,0,0,0,0,0,0,0,0,0,0,4,6,95,76,172,0,0,0,0,0,0,0,0,0,0,0,0,0,0,0,0,0,0,0,0,0,0,0,0,0,0,0,0,0,0,0,0,0,0,0,0,0,0,0,0,0,0,0,0,0,0,0,0,0,0,0,0,0,0,0,0,0,22,30,49,12,26,39,0,0,0,127,129,258
11101121420,core,0,0,0,0,0,0,0,0,0,0,0,0,0,0,0,0,0,0,0,0,0,0,0,0,0,0,0,0,0,0,0,0,0,0,3,6,5,3,3,0,0,0,0,0,0,0,0,0,0,0,0,0,0,0,0,0,0,0,0,0,0,0,0,0,0,0,0,0,0,0,0,0,0,0,0,0,0,0,0,0,0,0,0,0,0,0,0,0,0,0,0,0,0,0,0,0,0,0,0,0,0,0,0,0,0,5,3,3
11101121421,core,0,0,0,0,0,0,0,0,0,0,0,0,0,0,0,51,57,104,0,5,0,3,0,3,0,0,0,0,0,0,0,0,0,0,0,0,50,62,111,0,0,0,0,0,0,0,0,0,0,0,0,0,0,0,0,0,0,0,0,0,0,0,0,0,0,0,0,0,0,0,0,0,0,0,0,0,0,0,0,0,0,0,0,6,0,0,0,0,0,0,0,0,0,0,0,0,15,24,36,8,31,43,0,0,0,72,115,186
11101121422,core,0,0,0,0,0,0,0,0,0,0,0,0,0,0,0,51,55,110,3,5,7,3,0,3,0,0,0,0,0,0,0,0,0,0,0,0,68,67,129,0,0,0,0,0,0,0,0,0,0,0,0,0,0,0,0,0,0,0,0,0,0,0,0,0,0,0,0,0,0,0,0,0,0,0,0,0,0,0,0,0,0,0,0,0,0,0,0,0,0,0,0,0,0,0,0,0,22,26,43,15,15,33,0,0,5,101,108,212
11101121423,core,0,0,0,0,0,0,0,0,0,0,0,0,0,0,0,64,46,109,4,6,9,0,0,0,0,0,0,0,0,0,0,0,0,0,0,0,69,50,119,0,0,0,0,0,0,0,0,0,0,0,0,0,0,0,0,0,0,0,0,0,0,0,0,0,0,0,0,0,0,0,0,0,0,0,0,0,0,0,0,0,0,0,0,0,0,0,0,0,0,0,0,0,0,0,0,0,24,21,48,17,19,35,0,0,0,109,94,199
11101121424,core,0,0,0,0,0,0,0,0,0,0,0,0,0,0,0,37,43,86,0,3,4,0,0,0,0,0,0,0,0,0,0,0,0,0,0,0,49,46,96,0,0,0,0,0,0,0,0,0,0,0,0,0,0,0,0,0,0,0,0,0,0,0,0,0,0,0,0,0,0,0,0,0,0,0,0,0,0,0,0,0,0,0,0,0,0,0,0,0,0,0,0,0,0,0,0,0,10,18,26,3,15,22,0,0,0,65,82,146
11101121425,core,0,0,0,0,0,0,0,0,0,0,0,0,0,0,0,39,32,78,4,5,9,0,0,0,0,0,0,0,0,0,0,0,0,5,0,4,48,42,91,0,0,0,0,0,0,0,0,0,0,0,0,0,0,0,0,0,0,0,0,0,0,0,0,0,0,0,0,0,0,0,0,0,0,0,0,0,0,0,0,0,0,0,0,0,0,0,0,0,0,0,0,0,0,0,0,0,10,21,31,15,18,33,0,0,0,77,76,156
11101121426,core,0,0,0,0,0,0,0,0,0,0,0,0,0,0,0,68,71,139,0,8,10,0,0,0,0,0,0,0,0,0,0,0,0,0,0,0,73,80,153,0,0,0,0,0,0,0,0,0,0,0,0,0,0,0,0,0,0,0,0,0,0,0,0,0,0,0,0,0,0,0,0,0,0,0,0,0,0,0,0,0,0,0,0,0,0,0,0,0,0,0,0,0,0,0,0,0,22,16,40,13,15,24,0,0,3,112,112,225
11101121427,core,0,0,0,0,0,0,0,0,0,0,0,0,0,0,0,63,49,116,7,3,7,0,0,0,0,0,0,0,0,0,0,0,3,0,0,0,76,54,127,0,0,0,0,0,0,0,0,0,0,0,0,0,0,0,0,0,0,0,0,0,0,0,0,0,0,0,0,0,0,0,0,0,0,0,0,0,0,0,0,0,0,0,0,0,0,0,0,0,0,0,0,0,0,0,0,0,20,37,59,14,21,37,0,0,0,114,112,226
11101121428,core,0,0,0,0,0,0,0,0,0,0,0,0,0,0,0,71,65,137,0,0,6,6,0,6,0,0,0,0,0,0,0,0,0,0,4,3,82,69,153,0,0,0,0,0,0,0,0,0,0,0,0,0,0,0,0,0,0,0,0,0,0,0,0,0,0,0,0,0,0,0,0,0,0,0,0,0,0,0,0,0,0,0,0,0,0,0,0,0,0,0,0,0,0,0,0,0,19,40,58,16,21,40,0,0,0,115,127,240
11101121429,core,0,0,0,0,0,0,0,0,0,0,0,0,0,0,0,45,32,75,3,0,8,0,0,0,0,0,0,0,0,0,0,0,0,0,0,0,48,37,89,0,0,0,0,0,0,0,0,0,0,0,0,0,0,0,0,0,0,0,0,0,0,0,0,0,0,0,0,0,0,0,0,0,0,0,0,0,0,0,0,0,0,0,0,0,0,0,0,0,0,0,0,0,0,0,0,0,22,26,48,11,15,19,0,0,0,76,76,152
11101121430,core,0,0,0,0,0,0,0,0,0,0,0,0,0,0,0,63,62,129,0,7,4,3,0,3,0,0,0,0,0,0,0,0,0,0,0,0,66,69,135,0,0,0,0,0,0,0,0,0,0,0,0,0,0,0,0,0,0,0,0,0,0,0,0,0,0,0,0,0,0,0,0,0,0,0,0,0,0,0,0,0,0,0,0,0,0,0,0,0,0,0,0,0,0,0,0,0,19,23,49,15,22,32,0,0,0,101,117,220
11101121431,core,0,0,0,0,0,0,0,0,0,0,0,0,0,0,0,51,47,100,0,4,7,0,0,0,0,0,0,0,0,0,0,0,0,0,0,0,56,55,112,0,0,0,0,0,0,0,0,0,0,0,0,0,0,0,0,0,0,0,0,0,0,0,0,0,0,0,0,0,0,0,0,0,0,0,0,0,0,0,0,0,0,0,0,0,0,0,0,0,0,0,0,0,0,0,0,0,9,23,29,14,19,34,0,0,0,81,91,172
11101121432,core,0,0,0,0,0,0,0,0,0,0,0,0,0,0,0,66,66,129,3,8,14,3,0,3,0,0,0,0,0,0,0,0,0,0,0,5,74,76,149,0,0,0,0,0,0,0,0,0,0,0,0,0,0,0,0,0,0,0,0,0,0,0,0,0,0,0,0,0,0,0,0,0,0,0,0,0,0,0,4,0,4,3,0,5,0,0,0,0,0,0,0,0,0,0,0,0,34,40,70,18,25,37,0,0,0,127,140,265
11101121433,core,0,0,0,0,0,0,0,0,0,0,0,0,0,0,0,69,62,130,0,3,5,0,0,0,0,0,0,0,0,0,0,0,0,0,0,0,74,67,145,0,0,0,0,0,0,0,0,0,0,0,0,0,0,0,0,0,0,0,0,0,0,0,0,0,0,0,0,0,0,0,0,0,0,0,0,0,0,0,0,0,0,0,0,0,0,0,0,0,0,0,0,0,0,0,0,0,15,21,37,11,15,31,0,0,0,101,109,206
11101121435,core,0,0,0,0,0,0,0,0,0,0,0,0,0,0,0,81,60,139,5,9,4,3,0,3,0,0,0,0,0,0,0,0,0,0,0,0,83,63,149,0,0,0,0,0,0,0,0,0,0,0,0,0,0,0,0,0,0,0,0,0,0,0,0,0,0,0,0,0,0,0,0,0,0,0,0,0,0,0,0,0,6,0,0,6,0,0,0,0,0,0,0,0,0,0,0,0,18,33,49,7,20,26,0,0,0,114,121,232
11101121436,core,0,0,0,0,0,0,0,0,0,0,0,0,0,0,0,49,51,96,0,7,7,0,0,0,0,0,0,0,0,0,0,4,4,0,0,0,51,58,109,0,0,0,0,0,0,0,0,0,0,0,0,0,0,0,0,0,0,0,0,0,0,0,0,0,0,0,0,0,0,0,0,0,0,0,0,0,0,0,0,0,0,0,0,0,0,0,0,0,0,0,0,0,0,0,0,0,16,22,40,13,16,26,0,0,0,82,101,176
11101121437,core,0,0,0,0,0,0,0,0,0,0,0,0,0,0,0,22,33,55,0,0,0,0,0,0,0,0,0,0,0,0,0,0,0,0,0,0,28,33,60,0,0,0,0,0,0,0,0,0,0,0,0,0,0,0,0,0,0,0,0,0,0,0,0,0,0,0,0,0,0,0,0,0,0,0,0,0,0,0,0,0,0,0,0,0,0,0,0,0,0,0,0,0,0,0,0,0,11,18,29,7,10,13,0,0,0,50,60,109
11101121438,core,0,0,0,0,0,0,0,0,0,0,0,0,0,0,0,0,0,0,0,0,0,0,0,0,0,0,0,0,0,0,0,0,0,0,0,0,0,0,0,0,0,0,0,0,0,0,0,0,0,0,0,0,0,0,0,0,0,0,0,0,0,0,0,0,0,0,0,0,0,0,0,0,0,0,0,0,0,0,0,0,0,0,0,0,0,0,0,0,0,0,0,0,0,0,0,0,0,0,0,0,0,0,0,0,0,0,0,0
11102121501,core,0,0,0,0,0,0,0,0,0,0,0,0,0,0,0,28,34,64,3,5,5,0,0,0,0,0,0,0,0,0,0,0,0,0,0,0,34,42,79,0,0,0,0,0,0,0,0,0,0,0,0,0,0,0,0,0,0,0,0,0,0,0,0,0,0,0,0,0,0,0,0,0,0,0,0,0,0,0,0,0,0,0,0,0,0,0,0,0,0,0,0,0,0,0,0,0,6,14,24,7,10,18,0,0,0,55,67,123
11102121502,core,0,0,0,0,0,0,0,0,0,0,0,0,0,0,0,63,40,105,5,0,10,3,0,3,0,0,0,0,0,0,0,0,0,3,0,3,72,46,123,0,0,0,0,0,0,0,0,0,0,0,0,0,0,0,0,0,0,0,0,0,0,0,0,0,0,0,0,0,0,0,0,0,0,0,0,0,0,0,0,0,5,0,0,5,0,0,0,0,0,0,0,0,0,0,0,0,9,13,20,6,8,23,0,0,0,95,75,169
11102121503,core,0,0,0,0,0,0,0,0,0,0,0,0,0,0,0,54,34,89,0,0,7,0,0,0,0,0,0,0,0,0,0,0,0,0,0,0,54,40,91,0,0,0,0,0,0,0,0,0,0,0,0,0,0,0,0,0,0,0,0,0,0,0,0,0,0,0,0,0,0,0,0,0,0,0,0,0,0,0,0,0,0,0,0,0,0,0,0,0,0,0,0,0,0,0,0,0,9,17,24,8,12,14,0,0,0,72,66,139
11102121504,core,0,0,0,0,0,0,0,0,0,0,0,0,0,0,0,50,44,96,0,6,6,0,0,0,0,0,0,0,0,0,0,0,0,0,0,6,58,51,106,0,0,0,0,0,0,0,0,0,0,0,0,0,0,0,0,0,0,0,0,0,0,0,0,0,0,0,0,0,0,0,0,0,0,0,0,0,0,0,0,0,0,0,0,0,0,0,0,0,0,0,0,0,0,0,0,0,16,22,40,14,11,28,0,0,0,86,88,175
11102121505,core,0,0,0,0,0,0,0,0,0,0,0,0,0,0,0,56,50,106,4,0,6,0,0,0,0,0,0,0,0,0,0,0,0,0,3,3,67,59,121,0,0,0,0,0,0,0,0,0,0,0,0,0,0,0,0,0,0,0,0,0,0,0,0,0,0,0,0,0,0,0,0,0,0,0,0,0,0,0,0,0,0,0,0,0,0,0,0,0,0,0,0,0,0,0,0,0,13,23,38,17,20,39,0,0,0,100,103,201
11102121506,core,0,0,0,0,0,0,0,0,0,0,0,0,0,0,0,76,67,142,7,6,5,4,0,3,0,0,0,0,0,0,0,0,0,0,0,0,85,74,156,0,0,0,0,0,0,0,0,0,0,0,0,0,0,0,0,0,0,0,0,0,0,0,0,0,0,0,0,0,0,0,0,0,0,0,0,0,0,0,0,0,0,0,4,0,0,0,0,0,0,0,0,0,0,0,0,0,19,20,33,10,22,29,4,0,4,114,117,230
11102121507,core,0,0,0,0,0,0,0,0,0,0,0,0,0,0,0,49,43,93,10,12,12,0,0,0,0,0,0,0,0,0,0,0,0,0,4,4,63,57,114,0,0,0,0,0,0,0,0,0,0,0,0,0,0,0,0,0,0,0,0,0,0,0,0,0,0,0,0,0,0,0,0,0,0,0,0,0,0,0,0,0,0,0,0,0,0,0,0,0,0,0,0,0,0,0,0,0,13,19,37,11,20,34,0,0,0,87,98,184
11102121508,core,0,0,0,0,0,0,0,0,0,0,0,0,0,0,0,38,36,74,0,3,8,0,0,0,0,0,0,0,0,0,0,0,0,0,0,0,43,43,88,0,0,0,0,0,0,0,0,0,0,0,0,0,0,0,0,0,0,0,0,0,0,0,0,0,0,0,0,0,0,0,0,0,0,0,0,0,0,0,0,0,0,0,0,5,0,0,0,0,0,0,0,0,0,0,0,0,5,11,12,4,11,18,0,0,0,57,63,119
11102121509,core,0,0,0,0,0,0,0,0,0,0,0,0,0,0,0,54,50,100,5,3,3,0,0,0,0,0,0,0,0,0,0,0,0,0,0,0,56,49,108,0,0,0,0,0,0,0,0,0,0,0,0,0,0,0,0,0,0,0,0,0,0,0,0,0,0,0,0,0,0,0,0,0,0,0,0,0,0,0,0,0,0,0,0,0,0,0,0,0,0,0,0,0,0,0,0,0,19,23,37,11,10,28,0,0,0,84,87,173
11102121510,core,0,0,0,0,0,0,0,0,0,0,0,0,0,0,0,48,58,111,3,7,6,0,0,0,0,0,0,0,0,0,0,0,0,0,0,0,55,56,115,0,0,0,0,0,0,0,0,0,0,0,0,0,0,0,0,0,0,0,0,0,0,0,0,0,0,0,0,0,0,0,0,0,0,0,0,0,0,0,0,0,0,0,0,0,0,0,0,0,0,0,0,0,0,0,0,0,3,9,10,7,7,19,0,0,0,68,80,144
11102121511,core,0,0,0,0,0,0,0,0,0,0,0,0,0,0,0,83,47,135,0,3,3,3,0,3,0,0,0,0,0,0,0,0,0,0,0,0,88,56,144,0,0,0,0,0,0,0,0,0,0,0,0,0,0,0,0,0,0,0,0,0,0,0,0,0,0,0,0,0,0,0,0,0,0,0,0,0,0,0,0,0,0,0,0,0,0,0,0,0,0,0,0,0,0,0,0,0,14,17,37,5,24,26,0,0,0,114,97,210
11102121512,core,0,0,0,0,0,0,0,0,0,0,0,0,0,0,0,46,36,80,3,0,6,0,0,0,3,0,3,0,0,0,3,0,3,0,0,0,53,37,89,0,0,0,0,0,0,0,0,0,0,0,0,0,0,0,0,0,0,0,0,0,0,0,0,0,0,0,0,0,0,0,0,0,0,0,0,0,0,0,0,0,0,0,0,0,0,0,0,0,0,0,0,0,0,0,0,0,7,10,15,8,14,23,0,0,0,66,62,128
11102121513,core,0,0,0,0,0,0,0,0,0,0,0,0,0,0,0,63,43,112,3,7,5,0,0,0,0,0,0,0,0,0,0,0,0,0,0,4,71,51,118,0,0,0,0,0,0,0,0,0,0,0,0,0,0,0,0,0,0,0,0,0,0,0,0,0,0,0,0,0,0,0,0,0,0,0,0,0,0,0,0,0,0,0,0,0,0,0,0,0,0,0,0,0,0,0,0,0,10,25,33,16,20,36,0,0,0,100,94,189
11102121514,core,0,0,0,0,0,0,0,0,0,0,0,0,0,0,0,40,33,69,3,0,4,0,0,0,0,0,0,0,0,0,0,0,0,0,0,0,40,35,73,0,0,0,0,0,0,0,0,0,0,0,0,0,0,0,0,0,0,0,0,0,0,0,0,0,0,0,0,0,0,0,0,0,0,0,0,0,0,0,0,0,0,0,0,0,0,0,0,0,0,0,0,0,0,0,0,0,5,0,12,7,11,21,4,0,4,57,51,104
11102121515,core,0,0,0,0,0,0,0,0,0,0,0,0,0,0,0,0,3,5,0,0,0,0,0,0,0,0,0,0,0,0,0,0,0,0,0,0,0,3,5,0,0,0,0,0,0,0,0,0,0,0,0,0,0,0,0,0,0,0,0,0,0,0,0,0,0,0,0,0,0,0,0,0,0,0,0,0,0,0,0,0,0,0,0,0,0,0,0,0,0,0,0,0,0,0,0,0,0,0,0,0,0,0,0,0,0,0,3,5
11102121516,core,0,0,0,0,0,0,0,0,0,0,0,0,0,0,0,70,63,132,3,6,11,0,0,0,3,0,3,0,0,0,0,0,0,0,0,0,75,77,149,0,0,0,0,0,0,0,0,0,0,0,0,0,0,0,0,0,0,0,0,0,0,0,0,0,0,0,0,0,0,0,0,0,0,0,0,0,0,0,0,0,0,0,0,0,0,0,0,0,0,0,0,0,0,0,0,0,8,17,22,16,22,33,0,0,6,101,111,212
11102121517,core,0,0,0,0,0,0,0,0,0,0,0,0,0,0,0,38,22,60,0,0,4,0,0,0,0,0,0,0,0,0,0,0,0,0,0,0,43,22,69,0,0,0,0,0,0,0,0,0,0,0,0,0,0,0,0,0,0,0,0,0,0,0,0,0,0,0,0,0,0,0,0,0,0,0,0,0,0,0,0,0,0,0,0,0,0,0,0,0,0,0,0,0,0,0,0,0,4,13,17,7,10,18,5,0,5,59,51,106
11102121518,core,0,0,0,4,0,3,0,0,0,0,0,0,0,0,3,234,170,400,10,11,20,8,0,8,0,0,0,0,0,0,0,0,3,0,0,6,258,192,449,0,0,0,0,0,0,0,0,0,0,0,0,0,0,0,0,0,0,0,0,0,0,0,0,0,0,0,0,0,0,0,0,0,0,0,0,0,0,0,4,0,4,4,0,4,0,0,0,0,0,0,0,0,0,0,0,0,74,89,162,48,69,120,0,0,0,387,352,736
11102121519,core,0,0,0,0,0,0,0,0,0,0,0,0,0,0,0,57,42,103,0,5,7,0,0,0,0,0,0,0,0,0,0,0,0,0,0,7,68,53,117,0,0,0,0,0,0,0,0,0,0,0,0,0,0,0,0,0,0,0,0,0,0,0,0,0,0,0,0,0,0,0,0,0,0,0,0,0,0,0,0,0,0,0,0,0,0,0,0,0,0,0,0,0,0,0,0,0,5,12,15,4,11,16,0,0,0,82,74,153
11102121520,core,0,0,0,0,0,0,0,0,0,0,0,0,0,0,0,51,36,81,5,0,6,0,0,0,0,0,0,0,0,0,0,0,0,0,0,0,55,34,89,0,0,0,0,0,0,0,0,0,0,0,0,0,0,0,0,0,0,0,0,0,0,0,0,0,0,0,0,0,0,0,0,0,0,0,0,0,0,0,0,0,0,0,0,0,0,0,0,0,0,0,0,0,0,0,0,0,6,19,29,7,12,18,0,0,0,73,68,139
11102121521,core,0,0,0,0,0,0,0,0,0,0,0,0,0,0,0,11,7,15,0,0,0,0,0,0,0,0,0,0,0,0,0,0,0,0,0,0,7,7,15,0,0,0,0,0,0,0,0,0,0,0,0,0,0,0,0,0,0,0,0,0,0,0,0,0,0,0,0,0,0,0,0,0,0,0,0,0,0,0,0,0,0,0,0,0,0,0,0,0,0,0,0,0,0,0,0,0,4,4,7,3,5,9,0,0,0,11,18,31
11102121522,core,0,0,0,0,0,5,0,0,0,0,0,0,0,0,0,79,64,147,3,7,7,0,0,0,0,0,0,0,0,0,0,0,0,0,0,0,90,70,164,0,0,0,0,0,0,0,0,0,0,0,0,0,0,0,0,0,0,0,0,0,0,0,0,0,0,0,0,0,0,0,0,0,0,0,0,0,0,0,0,0,0,0,0,0,0,0,0,0,0,0,0,0,0,0,0,0,13,14,24,21,24,40,0,0,0,119,108,226
11102121523,core,0,0,0,0,0,0,0,0,0,0,0,0,0,0,0,0,0,0,0,0,0,0,0,0,0,0,0,0,0,0,0,0,0,0,0,0,0,0,0,0,0,0,0,0,0,0,0,0,0,0,0,0,0,0,0,0,0,0,0,0,0,0,0,0,0,0,0,0,0,0,0,0,0,0,0,0,0,0,0,0,0,0,0,0,0,0,0,0,0,0,0,0,0,0,0,0,0,0,0,0,0,0,0,0,0,0,0,0
11102121524,core,0,0,0,0,0,0,0,0,0,0,0,0,0,0,0,75,64,139,0,0,0,0,0,0,0,0,5,0,0,0,0,0,0,0,0,3,82,64,148,0,0,0,0,0,0,0,0,0,0,0,0,0,0,0,0,0,0,0,0,0,0,0,0,0,0,0,0,0,0,0,0,0,0,0,0,0,0,0,0,0,0,0,0,0,0,0,0,0,0,0,0,0,0,0,0,0,15,25,38,22,19,43,0,0,0,122,108,229
11102121525,core,0,0,3,0,0,0,0,0,0,0,0,0,0,0,0,52,29,77,0,0,3,0,0,0,0,0,0,0,0,0,0,0,0,0,0,0,56,29,85,0,0,0,0,0,0,0,0,0,0,0,0,0,0,0,0,0,0,0,0,0,0,0,0,0,0,0,0,0,0,0,0,0,0,0,0,0,0,0,0,0,0,0,0,0,0,0,0,0,0,0,0,0,0,0,0,0,10,10,18,14,9,28,0,0,0,71,57,131
11102121601,core,0,0,0,0,0,0,0,0,0,0,0,0,0,0,0,51,36,83,0,0,4,0,0,0,0,0,0,0,0,0,0,0,0,0,0,0,52,31,88,0,0,0,0,0,0,0,0,0,0,0,0,0,0,0,0,0,0,0,0,0,0,0,0,0,0,0,0,0,0,0,0,0,0,0,0,0,0,0,0,0,0,0,0,0,0,0,0,0,0,0,0,0,0,0,0,0,11,23,34,11,16,28,0,0,0,76,76,147
11102121602,core,0,0,0,0,0,0,0,0,0,0,0,0,0,0,0,64,34,97,3,5,6,0,0,0,0,0,0,0,0,0,0,0,0,0,0,0,65,38,105,0,0,0,0,0,0,0,0,0,0,0,0,0,0,0,0,0,0,0,0,0,0,0,0,0,0,0,0,0,0,0,0,0,0,0,0,0,0,0,0,0,0,0,0,3,0,0,0,0,0,0,0,0,0,0,0,0,7,20,31,15,24,37,0,0,0,90,85,173
11102121603,core,0,0,0,0,0,0,0,0,0,0,0,0,0,0,0,125,97,225,8,8,15,3,0,3,0,0,0,0,0,0,0,0,0,0,3,3,135,109,245,0,0,0,0,0,0,0,0,0,0,0,0,0,0,0,0,0,0,0,0,0,0,0,0,0,0,0,0,0,0,0,0,0,0,0,0,0,0,0,0,0,0,3,0,3,0,0,0,0,0,0,0,0,0,0,0,0,20,49,62,25,39,67,3,0,4,186,198,381
11102121604,core,0,0,0,0,0,0,0,0,0,0,0,0,0,0,0,60,57,116,4,3,5,0,0,0,0,0,0,0,0,0,0,0,0,3,0,3,73,59,132,0,0,0,0,0,0,0,0,0,0,0,0,0,0,0,0,0,0,0,0,0,0,0,0,0,0,0,0,0,0,0,0,0,0,0,0,0,0,0,0,0,0,0,0,0,0,0,0,0,0,0,0,0,0,0,0,0,19,22,45,9,13,21,0,0,0,107,94,200
11102121605,core,0,0,0,0,0,0,0,0,0,0,0,0,0,0,0,30,34,68,4,0,3,4,0,4,0,0,0,0,0,0,0,0,0,0,0,0,42,32,76,0,0,0,0,0,0,0,0,0,0,0,0,0,0,0,0,0,0,0,0,0,0,0,0,0,0,0,0,0,0,0,0,0,0,0,0,0,0,0,0,0,0,0,0,0,0,0,0,0,0,0,0,0,0,0,0,0,8,8,15,0,5,7,0,0,0,51,53,102
11102121606,core,0,0,0,0,0,0,0,0,0,0,0,0,0,0,0,87,66,150,7,0,10,5,0,4,0,0,0,0,0,0,0,0,0,3,0,4,101,71,167,0,0,0,0,0,0,0,0,0,3,0,3,0,0,0,0,0,0,4,0,4,0,0,0,0,0,0,0,0,0,0,0,0,0,0,0,0,0,0,0,0,0,4,0,4,0,0,0,0,0,0,0,0,0,0,0,0,21,35,54,12,27,44,0,0,0,138,131,271
11102121607,core,0,0,0,0,0,0,0,0,0,0,0,0,0,0,0,113,79,187,4,10,8,0,0,0,0,0,0,0,0,0,0,0,0,4,0,3,119,86,205,0,0,0,0,0,0,0,0,0,0,0,0,0,0,0,0,0,0,0,4,4,0,0,0,0,0,0,0,0,0,0,0,0,0,0,0,0,0,0,0,0,0,0,4,4,0,0,0,0,0,0,0,0,0,0,0,5,22,52,72,26,32,64,0,0,0,165,176,343
11102121608,core,4,0,7,0,0,0,0,0,0,0,0,0,0,0,0,151,114,266,3,7,8,5,0,5,6,0,6,0,0,0,0,0,0,0,0,0,168,121,288,0,0,0,0,0,0,0,0,0,0,0,0,0,0,0,0,0,0,0,0,0,0,0,0,0,0,0,0,0,0,0,0,0,0,0,0,0,0,0,3,0,3,3,0,4,0,0,0,0,0,0,0,0,0,0,0,0,50,58,106,16,60,82,0,0,0,238,241,478
11102121609,core,0,0,0,0,0,0,0,0,0,0,0,0,0,0,0,68,53,117,4,5,8,0,0,0,0,0,0,0,0,0,0,0,0,3,0,3,70,57,130,0,0,0,0,0,0,0,0,0,0,0,0,0,0,0,0,0,0,0,0,0,0,0,0,0,0,0,0,0,0,0,0,0,0,0,0,0,0,0,0,0,0,5,0,5,0,0,0,0,0,0,0,0,0,0,0,0,30,31,55,10,17,28,3,0,3,118,98,220
11102121610,core,0,0,0,0,0,0,0,0,0,0,0,0,0,0,0,52,21,69,5,6,5,3,0,3,0,0,0,0,0,0,0,0,0,0,4,4,55,27,85,0,0,0,0,0,0,0,0,0,0,0,0,0,0,0,0,0,0,0,0,0,0,0,0,0,0,0,0,0,0,0,0,0,0,0,0,0,0,0,0,0,0,0,0,0,0,0,0,0,0,0,0,0,0,0,0,0,20,22,38,7,10,21,0,0,0,88,62,148
11102121611,core,0,0,0,0,0,0,0,0,0,0,0,0,0,0,0,54,51,102,0,0,0,0,0,0,0,0,0,0,0,0,0,0,0,0,0,0,52,56,107,0,0,0,0,0,0,0,0,0,0,0,0,0,0,0,0,0,0,0,0,0,0,0,0,0,0,0,0,0,0,0,0,0,0,0,0,0,0,0,0,0,0,0,0,0,0,0,0,0,0,0,0,0,0,0,0,0,8,17,29,11,13,26,0,0,3,79,88,167
11102121612,core,0,0,0,0,0,0,0,0,0,0,0,0,0,0,0,109,83,190,3,7,7,4,0,4,0,0,0,0,0,0,5,0,5,4,4,0,126,90,212,0,0,0,0,0,0,0,0,0,0,0,0,0,0,0,0,0,0,0,0,0,0,0,0,0,0,0,3,0,3,0,0,0,0,0,0,3,0,3,0,0,0,3,0,4,0,0,0,0,0,0,0,0,0,0,0,0,33,51,88,21,39,59,0,0,0,186,183,361
11102121613,core,0,0,0,0,0,0,0,0,0,0,0,0,0,0,0,96,69,165,3,3,9,3,0,3,4,0,4,0,0,0,0,0,0,0,0,0,110,71,176,0,0,0,0,0,0,0,0,0,0,0,0,0,0,0,0,0,0,0,0,0,0,0,0,0,0,0,0,0,0,0,0,0,0,0,0,0,0,0,0,0,0,0,0,5,0,0,0,0,0,0,0,0,0,0,0,0,7,27,34,19,33,49,3,0,3,140,132,272
11102121614,core,0,0,4,0,0,0,0,0,0,0,0,0,0,0,0,66,57,119,0,0,3,0,0,0,0,0,0,0,0,0,0,0,0,0,4,4,72,57,127,0,0,0,0,0,0,0,0,0,0,0,0,0,0,0,0,0,0,0,0,0,0,0,0,0,0,0,0,0,0,0,0,0,0,0,0,0,0,0,0,0,0,0,0,0,0,0,0,0,0,0,0,0,0,0,0,0,9,15,22,11,20,26,0,0,0,85,87,175
11102121615,core,0,0,0,0,0,0,0,0,0,0,0,0,0,0,0,74,55,130,3,7,5,8,0,8,0,0,0,0,0,0,0,3,3,0,0,0,86,71,154,0,0,0,0,0,0,0,0,0,0,0,0,0,0,0,0,0,0,0,0,0,0,0,0,0,0,0,0,0,0,0,0,0,0,0,0,0,0,0,0,0,0,0,0,0,0,0,0,0,0,0,0,0,0,0,0,0,17,26,45,19,27,48,0,0,0,127,123,248
11102121616,core,0,0,0,0,0,0,0,0,0,0,0,0,0,0,0,45,50,94,4,5,8,6,0,10,0,0,0,0,0,0,3,0,3,0,0,0,55,62,115,0,0,0,0,0,0,0,0,0,0,0,0,0,0,0,0,0,0,0,0,0,0,0,0,0,0,0,0,0,0,0,0,0,0,0,0,0,0,0,0,0,0,0,0,0,0,0,0,0,0,0,0,0,0,0,0,0,19,21,44,18,17,29,0,5,4,96,93,189
11102121617,core,0,0,0,0,0,0,0,0,0,0,0,0,0,0,0,79,65,142,0,5,5,3,0,3,0,0,0,0,0,0,0,0,0,0,0,0,91,70,158,0,0,3,0,0,0,0,0,0,0,0,0,0,0,0,0,0,0,0,0,3,0,0,0,0,0,0,0,0,0,0,0,0,0,0,0,0,0,0,0,0,0,0,0,0,0,0,0,0,0,0,0,0,0,0,0,0,30,39,66,15,23,46,3,0,3,134,133,274
11102121701,core,0,0,0,0,0,0,0,0,0,0,0,0,0,0,0,0,4,3,0,0,0,0,0,0,0,0,0,0,0,0,0,0,0,0,0,0,0,6,7,0,0,0,0,0,0,0,0,0,0,0,0,0,0,0,0,0,0,0,0,0,0,0,0,0,0,0,0,0,0,0,0,0,0,0,0,0,0,0,0,0,0,0,0,0,0,0,0,0,0,0,0,0,0,0,0,0,0,0,0,0,0,4,0,0,0,3,9,9
11102121702,core,0,0,0,0,0,0,0,0,0,0,0,0,0,0,0,68,46,117,0,0,5,0,0,0,0,0,0,0,0,0,0,0,0,0,0,0,69,50,119,0,0,0,0,0,0,0,0,0,0,0,0,0,0,0,0,0,0,0,0,0,0,0,0,0,0,0,0,0,0,0,0,0,0,0,0,0,0,0,0,0,0,0,0,0,0,0,0,0,0,0,0,0,0,0,0,0,8,20,27,21,18,35,0,0,0,101,90,184
11102121703,core,0,0,0,0,0,0,0,0,0,0,0,0,0,0,0,43,35,77,0,0,0,3,0,3,0,0,0,0,0,0,0,0,0,0,0,0,50,35,79,0,0,0,0,0,0,0,0,0,0,0,0,0,0,0,0,0,0,0,0,0,0,0,0,0,0,0,0,0,0,0,0,0,0,0,0,0,0,0,0,0,0,0,0,0,0,0,0,0,0,0,0,0,0,0,0,0,7,8,16,8,11,16,0,0,0,65,54,117
11102121704,core,0,0,0,0,0,0,0,0,0,0,0,0,0,0,0,67,50,119,0,0,0,3,0,3,0,0,0,0,0,0,0,0,0,0,0,0,73,50,123,0,0,0,0,0,0,0,0,0,0,0,0,0,0,0,0,0,0,0,0,0,0,0,0,0,0,0,0,0,0,0,0,0,0,0,0,0,0,0,0,0,0,0,0,0,0,0,0,0,0,0,0,0,0,0,0,0,10,26,37,16,22,40,0,0,0,100,100,201
11102121705,core,0,0,0,0,0,0,0,0,0,0,0,0,0,0,0,82,67,147,7,7,12,0,0,0,3,0,3,0,0,0,0,0,0,0,0,0,89,69,162,0,0,0,0,0,0,0,0,0,0,0,0,0,0,0,0,0,0,0,0,0,0,0,0,0,0,0,0,0,0,0,0,0,0,0,0,0,0,0,0,0,0,0,0,0,0,0,0,0,0,0,0,0,0,0,0,0,9,21,32,10,30,43,0,0,0,109,121,230
11102121706,core,0,0,0,0,0,0,0,0,0,0,0,0,0,0,0,64,56,120,5,7,10,3,0,4,0,0,0,0,0,0,0,0,0,0,0,0,75,66,140,0,0,0,0,0,0,0,0,0,0,0,0,0,0,0,0,0,0,0,0,0,0,0,0,0,0,0,0,0,0,0,0,0,0,0,0,0,0,0,0,0,0,0,0,0,0,0,0,0,0,0,0,0,0,0,0,0,3,21,30,13,14,31,0,0,0,96,102,195
11102121707,core,0,0,0,0,0,0,0,0,0,0,0,0,0,0,0,26,30,55,4,0,9,0,0,0,0,0,0,0,0,0,0,0,0,0,0,0,30,31,62,0,0,0,0,0,0,0,0,0,0,0,0,0,0,0,0,0,0,0,0,0,0,0,0,0,0,0,0,0,0,0,0,0,0,0,0,0,0,0,0,0,0,0,0,3,0,0,0,0,0,0,0,0,0,0,0,0,3,12,13,6,8,16,0,0,0,50,50,96
11102121708,core,0,0,0,4,0,0,0,0,0,0,0,0,0,0,0,62,38,104,0,3,6,3,0,3,5,0,5,0,0,0,0,0,0,0,0,0,74,46,125,0,0,0,0,0,0,0,0,0,0,0,0,0,0,0,0,0,0,0,0,0,0,0,0,0,0,0,0,0,0,0,0,0,0,0,0,0,0,0,0,0,0,0,0,0,0,0,0,0,0,0,0,0,0,0,0,0,5,5,14,12,12,26,0,0,0,95,68,160
11102121709,core,0,0,0,0,0,0,0,0,0,0,0,0,0,0,0,58,55,115,4,5,8,0,0,0,0,0,0,0,0,0,0,0,0,4,0,4,65,61,127,0,0,0,0,0,0,0,0,0,0,0,0,0,0,0,0,0,0,0,0,0,0,0,0,0,0,0,0,0,0,0,0,0,0,0,0,0,0,0,0,0,0,0,0,0,0,0,0,0,0,0,0,0,0,0,0,0,11,13,29,17,21,35,0,0,0,91,95,188
11102121710,core,0,0,0,0,0,0,0,0,0,0,0,0,0,0,0,38,33,69,0,0,0,0,0,0,0,0,0,0,0,0,0,0,0,0,0,0,41,33,76,0,0,0,0,0,0,0,0,0,0,0,0,0,0,0,0,0,0,0,0,0,0,0,0,0,0,0,0,0,0,0,0,0,0,0,0,0,0,0,0,0,0,0,0,0,0,0,0,0,0,0,0,0,0,0,0,0,0,9,8,7,0,9,0,0,0,49,48,94
11102121711,core,0,0,0,0,0,0,0,0,0,0,0,0,0,0,0,105,90,191,10,6,14,0,0,0,0,0,0,0,0,0,0,0,0,0,0,0,119,95,213,0,0,0,0,0,0,0,0,0,0,0,0,0,0,0,0,0,0,0,0,0,0,0,0,0,0,0,0,0,0,0,0,0,0,0,0,0,0,0,0,0,0,0,0,0,0,0,0,0,0,0,0,0,0,0,0,0,13,25,43,21,18,41,0,0,0,154,143,290
11102121714,core,0,0,0,0,0,0,0,0,0,0,0,0,0,0,0,77,68,146,0,0,4,0,0,0,0,0,0,0,0,0,0,0,0,0,0,0,79,74,158,0,0,0,0,0,0,0,0,0,0,0,0,0,0,0,0,0,0,0,0,0,0,0,0,0,0,0,0,0,0,0,0,0,0,0,0,0,0,0,0,0,0,0,0,0,0,0,0,0,0,0,0,0,0,0,0,0,10,16,26,7,24,34,0,0,0,101,114,217
11102121718,core,0,0,0,0,0,0,0,0,0,0,0,0,0,0,0,0,0,5,0,0,0,0,0,0,0,0,0,0,0,0,0,0,0,0,0,0,5,0,4,0,0,0,0,0,0,0,0,0,0,0,0,0,0,0,0,0,0,0,0,0,0,0,0,0,0,0,0,0,0,0,0,0,0,0,0,0,0,0,0,0,0,0,0,0,0,0,0,0,0,0,0,0,0,0,0,0,0,0,8,3,0,3,0,0,0,4,4,14
11102121719,core,0,0,0,0,0,0,0,0,0,0,0,0,0,0,0,60,44,105,3,0,4,0,0,0,0,0,0,0,0,0,0,0,0,0,3,4,71,45,116,0,0,0,0,0,0,0,0,0,0,0,0,0,0,0,0,0,0,0,0,0,0,0,0,0,0,0,0,0,0,0,0,0,0,0,0,0,0,0,0,0,0,0,0,0,0,0,0,0,0,0,0,0,0,0,0,0,3,11,19,10,15,24,0,0,0,84,70,156
11102121720,core,0,0,0,0,0,0,0,0,0,0,0,0,0,0,0,27,18,50,3,7,11,0,0,0,0,0,0,0,0,0,0,0,0,0,0,0,34,26,62,0,0,0,0,0,0,0,0,0,0,0,0,0,0,0,0,0,0,0,0,0,0,0,0,0,0,0,0,0,0,0,0,0,0,0,0,0,0,0,0,0,0,0,0,0,0,0,0,0,0,0,0,0,0,0,0,0,0,6,12,4,5,13,0,0,0,38,37,80
11102121721,core,0,0,0,0,3,3,0,0,0,0,0,0,0,0,0,86,82,170,5,5,14,0,0,0,0,0,0,0,0,0,0,0,0,0,0,0,101,91,191,0,0,0,0,0,0,0,0,0,0,0,0,0,0,0,0,0,0,0,0,0,0,0,0,0,0,0,0,0,0,0,0,0,0,0,0,0,3,3,0,0,3,0,3,4,0,0,0,0,0,0,0,0,0,0,0,0,7,12,29,13,19,31,0,0,0,121,129,252
11102121722,core,0,0,0,0,0,0,0,0,0,0,0,0,0,0,0,96,79,174,5,8,13,5,0,5,0,0,0,0,0,0,0,0,0,0,3,3,111,90,203,0,0,0,0,0,0,0,0,0,0,0,0,0,0,0,0,0,0,0,0,0,0,0,0,0,0,0,0,0,0,0,0,0,0,0,0,0,0,0,5,0,3,5,3,4,0,0,0,0,0,0,0,0,0,0,0,0,7,23,30,10,21,34,0,0,0,126,140,265
11102121723,core,0,0,0,0,4,4,0,0,0,0,0,0,0,0,0,87,70,157,10,4,17,5,0,5,0,0,0,0,0,0,0,0,0,0,0,0,97,84,183,0,0,0,0,0,0,0,0,0,0,0,0,0,0,0,0,0,0,0,0,0,0,0,0,0,0,0,0,0,0,0,0,0,0,0,0,0,0,0,0,0,0,0,0,0,0,0,0,0,0,0,0,0,0,0,0,0,4,26,34,17,14,35,0,0,0,122,124,251
11102121724,core,0,0,0,0,0,0,0,0,0,0,0,0,0,0,0,77,62,137,0,10,9,0,0,0,0,0,0,0,0,0,0,0,0,0,0,0,87,70,155,0,0,0,0,0,0,0,0,0,0,0,0,0,0,0,0,0,0,0,0,0,0,0,0,0,0,0,0,0,0,0,0,0,0,0,0,0,0,0,0,0,0,0,0,0,0,0,0,0,0,0,0,0,0,0,0,0,16,26,43,15,23,38,0,0,0,112,125,240
11102121727,core,0,0,0,0,0,0,0,0,0,0,0,0,0,0,0,34,26,62,0,0,0,0,0,0,0,0,0,0,0,0,0,0,0,0,0,0,35,27,66,0,0,0,0,0,0,0,0,0,0,0,0,0,0,0,0,0,0,0,0,0,0,0,0,0,0,0,0,0,0,0,0,0,0,0,0,0,0,0,0,0,0,0,0,0,0,0,0,0,0,0,0,0,0,0,0,0,10,15,29,3,4,14,0,0,0,53,52,104
11102121729,core,0,0,0,0,0,0,0,0,0,0,0,0,0,0,0,76,73,146,7,5,11,0,0,0,0,0,0,0,0,0,0,0,0,0,0,0,85,79,162,0,0,0,0,0,0,0,0,0,0,0,0,0,0,0,0,0,0,0,0,0,0,0,0,0,0,0,0,0,0,0,0,0,0,0,0,0,0,0,0,0,0,0,0,0,0,0,0,0,0,0,0,0,0,0,0,0,19,24,39,9,22,27,0,0,0,114,124,238
11102121730,core,0,0,0,0,0,0,0,0,0,0,0,0,0,0,0,63,51,121,3,6,3,3,0,3,0,0,0,0,0,0,0,0,0,0,4,4,72,58,129,0,0,0,0,0,0,0,0,0,0,0,0,0,0,0,0,0,0,0,0,0,0,0,0,0,0,0,0,0,0,0,0,0,0,0,0,0,0,0,0,0,0,0,0,0,0,0,0,0,0,0,0,0,0,0,0,0,9,16,23,9,13,22,0,0,0,89,89,182
11102121731,core,0,0,0,0,0,4,0,0,0,0,0,0,0,0,0,68,62,128,7,5,5,5,0,5,0,0,0,0,0,0,0,0,0,0,0,0,76,68,144,0,0,0,0,0,0,0,0,0,0,0,0,0,0,0,0,0,0,0,0,0,0,0,0,0,0,0,0,0,0,0,0,0,0,0,0,0,0,0,0,0,0,0,0,0,0,0,0,0,0,0,0,0,0,0,0,0,22,27,46,14,19,36,0,0,0,113,113,223
11102121732,core,0,0,0,0,0,3,0,0,0,0,0,0,0,0,0,116,95,214,8,5,11,0,0,0,0,0,0,0,0,0,5,0,3,0,0,0,129,104,234,0,0,0,0,0,0,0,0,0,0,0,0,0,0,0,0,0,0,0,0,0,0,0,0,0,0,0,0,0,0,0,0,0,0,0,0,0,0,0,0,0,0,0,3,3,0,0,0,0,0,0,0,0,0,0,0,0,27,53,81,37,30,69,0,0,0,194,185,379
11102121734,core,0,0,0,0,0,0,0,0,0,0,0,0,0,0,0,0,0,0,0,0,0,0,0,0,0,0,0,0,0,0,0,0,0,0,0,0,0,0,0,0,0,0,0,0,0,0,0,0,0,0,0,0,0,0,0,0,0,0,0,0,0,0,0,0,0,0,0,0,0,0,0,0,0,0,0,0,0,0,0,0,0,0,0,0,0,0,0,0,0,0,0,0,0,0,0,0,0,0,0,0,0,0,0,0,0,0,0,0
11102121736,core,0,0,0,5,0,3,0,0,0,0,0,0,0,0,0,84,51,136,3,8,8,0,0,0,0,0,0,0,0,0,0,0,0,0,0,3,93,61,154,0,0,0,0,0,0,0,0,0,0,0,0,0,0,0,0,0,0,0,0,0,0,0,0,0,0,0,0,0,0,0,0,0,0,0,0,0,0,0,0,0,4,0,0,4,0,0,0,0,0,0,0,0,0,0,0,0,20,32,53,18,29,43,0,0,0,126,116,246
11102121737,core,0,0,0,0,0,0,0,0,0,0,0,0,0,0,0,92,68,159,0,5,11,0,0,0,0,0,0,0,0,0,0,0,0,0,0,0,91,74,172,0,0,0,0,0,0,0,0,0,0,0,0,0,0,0,0,0,0,0,0,0,0,0,0,0,0,0,0,0,0,0,0,0,0,0,0,0,0,0,0,0,0,0,0,0,0,0,0,0,0,0,0,0,0,0,0,0,27,32,56,13,16,29,0,0,0,133,130,258
11102121738,core,0,0,0,0,0,0,0,0,0,0,0,0,0,0,0,64,57,122,12,3,10,0,0,0,0,0,0,0,0,0,0,0,0,0,0,0,80,61,140,0,0,0,0,0,0,0,0,0,0,0,0,0,0,0,0,0,0,0,0,0,0,0,0,0,0,0,0,0,0,0,0,0,0,0,0,0,0,0,0,0,0,0,0,0,0,0,0,0,0,0,0,0,0,0,0,0,15,20,35,14,28,41,0,0,0,108,100,215
11102121739,core,0,0,0,0,0,0,0,0,0,0,0,0,0,0,0,0,0,0,0,0,0,0,0,0,0,0,0,0,0,0,0,0,0,0,0,0,0,0,0,0,0,0,0,0,0,0,0,0,0,0,0,0,0,0,0,0,0,0,0,0,0,0,0,0,0,0,0,0,0,0,0,0,0,0,0,0,0,0,0,0,0,0,0,0,0,0,0,0,0,0,0,0,0,0,0,0,0,0,0,0,0,0,0,0,0,0,0,4
11102121740,core,0,0,0,0,0,0,0,0,0,0,0,0,0,0,0,109,79,185,4,9,6,0,0,0,0,0,0,0,0,0,0,0,0,0,4,3,117,92,207,0,0,0,0,0,0,0,0,0,0,0,0,0,0,0,0,0,0,0,0,0,0,0,0,0,0,0,0,0,0,0,0,0,0,0,0,0,0,0,0,0,3,0,0,3,0,0,0,0,0,0,0,0,0,0,0,0,19,42,62,16,34,48,0,0,0,153,164,317
11102121741,core,0,0,0,0,0,0,0,0,0,0,0,0,0,0,0,112,85,199,9,14,16,0,0,0,0,0,0,0,0,0,0,0,0,0,0,0,121,99,217,0,0,0,0,0,0,0,0,0,0,0,0,0,0,0,0,0,0,0,0,0,0,0,0,0,0,0,0,0,0,0,0,0,0,0,0,0,0,0,0,0,0,4,0,4,0,0,0,0,0,0,0,0,0,0,0,0,29,43,74,27,33,57,0,0,0,181,170,346
11102121742,core,0,0,0,0,0,0,0,0,0,0,0,0,0,0,0,0,0,0,0,0,0,0,0,0,0,0,0,0,0,0,0,0,0,0,0,0,0,0,0,0,0,0,0,0,0,0,0,0,0,0,0,0,0,0,0,0,0,0,0,0,0,0,0,0,0,0,0,0,0,0,0,0,0,0,0,0,0,0,0,0,0,0,0,0,0,0,0,0,0,0,0,0,0,0,0,0,0,0,0,0,0,0,0,0,0,0,0,0
11102121743,core,0,0,0,0,0,0,0,0,0,0,0,0,0,0,0,149,102,251,11,12,18,3,0,3,0,0,0,0,0,0,0,0,0,0,0,0,163,114,271,0,0,0,0,0,0,0,0,0,0,0,0,0,0,0,0,0,0,0,0,0,0,0,0,0,0,0,0,0,0,0,0,0,0,0,0,0,0,0,0,0,0,0,0,0,0,0,0,0,0,0,0,0,0,0,0,0,38,49,87,20,47,66,0,0,0,217,211,429
11102121744,core,0,0,0,0,0,0,0,0,0,0,0,0,0,0,0,75,47,120,3,5,6,0,0,0,3,0,3,0,0,0,0,0,0,0,0,0,75,58,134,0,0,0,0,0,0,0,0,0,0,0,0,0,0,0,0,0,0,0,0,0,0,0,0,0,0,0,0,0,0,0,0,0,0,0,0,0,0,0,0,0,0,0,0,0,0,0,0,0,0,0,0,0,0,0,0,0,24,30,51,21,16,34,0,0,0,122,99,227
11102121745,core,0,0,0,0,0,0,0,0,0,0,0,0,0,0,0,101,67,161,4,9,8,0,0,0,0,0,0,0,0,0,0,0,0,0,0,5,106,71,172,0,0,0,0,0,0,0,0,0,0,0,0,0,0,0,0,0,0,0,0,0,0,0,0,0,0,0,0,0,0,0,4,4,0,0,0,0,4,4,0,0,0,0,4,4,0,0,0,0,0,0,0,0,0,0,0,0,16,34,51,16,26,35,0,0,0,137,126,262
11102121746,core,0,0,0,0,3,3,0,0,0,0,0,0,0,0,0,171,161,335,4,10,10,0,0,0,0,0,0,0,0,0,0,0,0,3,0,3,183,174,352,0,0,0,0,0,0,0,0,0,0,0,0,0,0,0,0,0,0,0,0,0,0,0,0,0,0,0,0,0,0,0,0,0,0,0,0,0,0,0,0,0,3,5,0,3,0,0,0,0,0,0,0,0,0,0,0,0,52,53,111,28,46,80,0,0,0,277,274,549
11102121747,core,0,0,0,0,0,0,0,0,0,0,0,0,0,0,0,58,67,126,0,9,9,0,0,5,0,0,0,0,0,0,0,0,0,0,0,0,65,73,136,0,0,0,0,0,0,0,0,0,0,0,0,0,0,0,0,0,0,0,0,0,0,0,0,0,0,0,0,0,0,0,0,0,0,0,0,0,0,0,3,0,0,3,0,0,0,0,0,0,0,0,0,0,0,0,0,0,4,10,21,7,9,18,0,0,0,79,100,173
11102121748,core,0,0,0,0,0,0,0,0,0,0,0,0,0,0,0,53,35,88,4,3,7,0,0,0,0,0,0,0,0,0,0,0,0,0,0,0,60,40,100,0,0,0,0,0,0,0,0,0,0,0,0,0,0,0,0,0,0,0,0,0,0,0,0,0,0,0,0,0,0,0,0,0,0,0,0,0,0,0,0,0,0,0,0,0,0,0,0,0,0,0,0,0,0,0,0,0,13,12,32,3,11,14,0,0,0,76,66,147
11102121749,core,0,0,0,0,0,0,0,0,0,0,0,0,0,0,0,143,123,262,4,3,4,0,0,0,0,0,0,0,0,0,0,0,0,0,0,0,147,123,276,0,0,0,0,0,0,0,0,0,0,0,0,0,0,0,0,0,0,0,0,0,0,0,0,0,0,0,0,0,0,0,0,0,0,0,0,0,0,0,5,0,4,4,0,3,0,0,0,0,0,0,0,0,0,0,0,0,37,56,91,23,43,68,0,0,0,212,230,443
11102121750,core,0,0,0,0,0,0,0,0,0,0,0,0,0,0,0,80,74,162,11,10,17,3,0,3,0,0,0,0,0,0,0,0,0,0,0,0,92,83,180,0,0,0,0,0,0,0,0,0,0,0,0,0,0,0,0,0,0,0,0,0,0,0,0,0,0,0,0,0,0,0,0,0,0,0,0,0,0,0,5,0,5,5,0,5,0,0,0,0,0,0,0,0,0,0,0,0,17,17,36,19,32,49,0,4,3,137,135,276
11102121801,core,0,0,0,0,0,0,0,0,0,0,0,0,0,0,0,73,59,133,4,5,12,5,0,5,3,0,3,0,0,0,0,0,0,3,0,3,94,66,158,0,0,0,0,0,0,0,0,0,0,0,0,0,0,0,0,0,0,0,0,0,0,0,0,0,0,0,0,0,0,0,0,0,0,0,0,0,0,0,0,0,0,0,0,0,0,0,0,0,0,0,0,0,0,0,0,0,22,32,55,18,22,41,0,0,0,133,122,261
11102121803,core,0,0,0,0,0,0,0,0,0,0,0,0,0,0,0,47,36,89,5,0,5,6,0,6,0,0,0,0,0,0,3,0,3,0,0,0,67,36,103,0,0,0,0,0,0,0,0,0,0,0,0,0,0,0,0,0,0,0,0,0,0,0,0,0,0,0,0,0,0,0,0,0,0,0,0,0,0,0,3,0,3,3,0,3,0,0,0,0,0,0,0,0,0,0,0,0,20,32,51,16,11,23,0,0,6,106,84,189
11102121804,core,0,0,0,0,0,0,0,0,0,0,0,0,0,0,0,3,0,3,0,0,0,0,0,0,0,0,0,0,0,0,0,0,0,0,0,0,8,0,8,0,0,0,0,0,0,0,0,0,0,0,0,0,0,0,0,0,0,0,0,0,0,0,0,0,0,0,0,0,0,0,0,0,0,0,0,0,0,0,0,0,0,0,0,0,0,0,0,0,0,0,0,0,0,0,0,0,0,0,0,0,0,0,0,0,0,8,0,3
11102121805,core,0,0,0,0,0,0,0,0,0,0,0,0,0,0,0,56,43,99,0,0,0,4,0,4,0,0,0,0,0,0,0,0,0,0,4,3,67,46,106,0,0,0,0,0,0,0,0,0,0,0,0,0,0,0,0,0,0,0,0,0,0,0,0,0,0,0,0,0,0,0,0,0,0,0,0,0,0,0,0,0,0,0,0,0,0,0,0,0,0,0,0,0,0,0,0,0,9,18,29,7,10,17,0,0,0,80,72,152
11102121807,core,0,0,0,0,0,0,0,0,0,0,0,0,0,0,0,30,17,45,0,0,0,0,0,0,0,0,0,0,0,0,0,0,0,0,4,4,29,20,48,0,0,0,0,0,0,0,0,0,0,0,0,0,0,0,0,0,0,0,0,0,0,0,0,0,0,0,0,0,0,0,0,0,0,0,0,0,0,0,5,0,7,5,0,7,0,0,0,0,0,0,0,0,0,0,0,0,4,6,5,4,3,7,0,0,0,39,29,66
11102121809,core,0,0,0,0,0,0,0,0,0,0,0,0,0,0,0,94,58,151,0,5,5,4,0,4,0,0,0,0,0,6,8,0,8,4,0,3,106,68,174,0,0,0,0,0,0,0,0,0,0,0,3,0,0,0,0,0,0,0,0,3,0,0,0,0,0,0,0,0,0,0,0,0,0,0,0,0,0,0,0,0,0,0,0,3,0,0,3,0,0,0,0,0,0,0,0,3,25,34,60,28,39,71,3,0,3,168,145,309
11102121810,core,0,0,0,0,0,0,0,0,0,0,0,0,0,0,0,36,26,62,0,0,0,3,0,3,0,0,0,0,0,0,0,0,0,0,0,6,40,29,65,0,0,0,0,0,0,0,0,0,0,0,0,0,0,0,0,0,0,0,0,0,0,0,0,0,0,0,0,0,0,0,0,0,0,0,0,0,0,0,0,0,0,0,0,0,0,0,0,0,0,0,0,0,0,0,0,0,14,19,28,12,19,27,0,0,0,66,66,129
11102121811,core,0,0,0,0,0,0,0,0,0,0,0,0,0,0,0,77,55,131,6,5,10,5,0,5,0,0,0,0,0,0,0,0,0,0,0,0,83,63,148,0,0,0,0,0,0,0,0,0,0,0,0,0,0,0,0,0,0,0,0,0,0,0,0,0,0,0,0,0,0,0,0,0,0,0,0,0,0,0,0,0,0,0,0,0,0,0,0,0,0,0,0,0,0,0,0,0,11,20,32,8,20,30,0,0,0,108,102,212
11102121812,core,0,0,0,0,0,0,0,0,0,0,0,0,0,0,0,105,71,173,8,5,12,3,0,3,0,0,0,0,0,0,0,0,0,7,0,4,118,78,198,0,0,0,0,0,0,0,0,0,0,0,0,0,0,0,0,0,0,0,0,0,0,0,0,0,0,0,0,0,0,0,0,0,0,0,0,0,0,0,4,0,4,4,0,4,0,0,0,0,0,0,0,0,0,0,0,0,18,40,57,22,26,49,0,0,0,165,147,309
11102121813,core,0,0,0,0,0,0,0,0,0,0,0,0,0,0,0,40,32,75,3,0,0,4,0,4,0,0,0,0,0,0,0,0,0,0,0,0,43,35,76,0,0,0,0,0,0,0,0,0,0,0,0,0,0,0,0,0,0,0,0,0,0,0,0,0,0,0,0,0,0,0,0,0,0,0,0,0,0,0,0,0,4,0,0,4,0,0,0,0,0,0,0,0,0,0,0,0,8,6,14,9,6,17,0,0,0,61,49,111
11102121814,core,4,0,3,0,0,0,0,0,0,0,0,0,0,0,0,79,73,152,5,0,8,5,0,5,0,0,0,0,0,0,3,0,3,0,3,4,97,86,177,0,0,0,0,0,0,0,0,0,0,0,0,0,0,0,0,0,0,0,0,0,0,0,0,0,0,0,0,0,0,0,0,0,0,0,0,0,0,0,0,0,4,0,0,4,0,0,0,0,0,0,0,0,0,0,0,0,17,23,37,10,21,38,0,0,0,121,131,252
11102121815,core,0,0,0,0,0,0,0,0,0,0,0,0,0,0,0,47,33,79,3,0,7,4,0,4,0,0,0,0,0,0,0,0,0,0,0,5,51,40,92,0,0,0,0,0,0,0,0,0,0,0,0,0,0,0,0,0,0,0,0,0,0,0,0,0,0,0,0,0,0,0,0,0,0,0,0,0,0,0,0,0,0,0,0,0,0,0,0,0,0,0,0,0,0,0,0,0,5,15,20,6,16,26,0,0,0,66,70,136
11102121816,core,0,0,0,0,0,0,0,0,0,0,0,0,0,0,0,66,57,126,8,0,6,4,0,4,0,0,0,0,0,0,0,0,0,0,0,0,81,55,138,0,0,0,0,0,0,0,0,0,0,0,0,0,0,0,0,0,0,0,0,0,0,0,0,0,0,0,0,0,0,0,0,0,0,0,0,0,0,0,5,0,5,5,0,5,0,0,0,0,0,0,0,0,0,0,0,0,19,33,54,7,9,15,0,0,0,113,97,214
11102121817,core,0,0,0,0,0,0,0,0,0,0,0,0,0,0,0,0,0,0,0,0,0,0,0,0,0,0,0,0,0,0,0,0,0,0,0,0,0,0,0,0,0,0,0,0,0,0,0,0,0,0,0,0,0,0,0,0,0,0,0,0,0,0,0,0,0,0,0,0,0,0,0,0,0,0,0,0,0,0,0,0,0,0,0,0,0,0,0,0,0,0,0,0,0,0,0,0,0,0,0,0,4,4,0,0,0,0,3,6
11102121819,core,0,0,0,0,0,0,0,0,0,0,0,0,0,0,0,45,26,75,0,0,4,0,0,0,0,0,0,0,0,0,0,0,0,0,0,3,46,34,83,0,0,0,0,0,0,0,0,0,0,0,0,0,0,0,0,0,0,0,0,0,0,0,0,0,0,0,0,0,0,0,0,0,0,0,0,0,0,0,0,0,0,0,0,0,0,0,0,0,0,0,0,0,0,0,0,0,3,7,15,4,8,17,0,0,0,64,53,119
11102121820,core,0,0,0,0,0,0,0,0,0,0,0,0,0,0,0,20,11,28,0,0,5,5,0,5,3,0,3,0,0,0,0,0,4,0,0,0,21,14,40,0,0,0,0,0,0,0,0,0,0,0,0,0,0,0,0,0,0,0,0,0,0,0,0,0,0,0,0,0,0,0,0,0,0,0,0,0,0,0,0,0,0,0,0,0,0,0,0,0,0,0,0,0,0,0,0,0,21,18,36,0,8,10,0,0,0,49,37,85
11102121822,core,0,0,0,0,0,0,0,0,0,0,0,0,0,0,0,68,53,120,5,5,3,4,0,4,0,0,0,0,0,0,0,0,0,0,0,0,78,55,132,0,0,0,0,0,0,0,0,0,0,0,0,0,0,0,0,0,0,0,0,0,0,0,0,0,0,0,0,0,0,0,0,0,0,0,0,0,0,0,0,0,0,0,0,0,0,0,0,0,0,0,0,0,0,0,0,0,27,26,57,26,23,51,0,0,0,131,107,242
11102121823,core,0,0,0,0,0,0,0,0,0,0,0,0,0,0,0,33,42,77,5,0,5,9,0,9,0,0,0,0,0,0,0,0,0,4,0,4,49,42,92,0,0,0,0,0,0,0,0,0,0,0,0,0,0,0,0,0,0,0,0,0,0,0,0,0,0,0,0,0,0,0,0,0,0,0,0,0,0,0,0,0,0,0,0,0,0,0,0,0,0,0,0,0,0,0,0,0,10,11,23,14,11,22,0,0,0,73,65,143
11102121824,core,3,0,3,0,0,0,0,0,0,0,0,0,0,0,0,34,23,55,0,0,4,3,0,3,0,0,0,0,0,0,0,0,0,0,0,0,37,26,62,0,0,0,0,0,0,0,0,0,0,0,0,0,0,0,0,0,0,0,0,0,0,0,0,0,0,0,0,0,0,0,0,0,0,0,0,0,0,0,0,0,0,0,0,0,0,0,0,0,0,0,0,0,0,0,0,0,8,5,9,5,10,16,0,0,0,53,37,87
11102121825,core,0,0,0,0,0,0,0,0,0,0,0,0,0,0,0,44,40,84,5,3,13,5,0,5,0,0,4,0,0,0,0,0,0,3,3,9,63,48,111,0,0,0,0,0,0,0,0,0,0,0,0,0,0,0,0,0,0,0,0,0,0,0,0,0,0,0,0,0,0,0,0,0,0,0,0,0,0,0,0,0,0,0,0,0,0,0,0,0,0,0,0,0,0,0,0,0,21,32,55,10,18,28,0,0,0,101,98,199
11102121827,core,0,0,0,0,0,0,0,0,0,0,0,0,0,0,0,25,14,39,0,0,0,0,0,0,0,0,0,0,0,0,0,0,0,4,0,4,28,14,41,0,0,0,0,0,0,0,0,0,0,0,0,0,0,0,0,0,0,0,0,0,0,0,0,0,0,0,0,0,0,0,0,0,0,0,0,0,0,0,0,0,0,0,0,0,0,0,0,0,0,0,0,0,0,0,0,0,11,9,24,7,8,18,0,0,0,45,37,80
11102121828,core,0,0,0,0,0,0,0,0,0,0,0,0,0,0,0,54,34,87,4,6,10,0,0,0,0,0,0,0,0,0,0,0,0,0,0,0,60,42,100,0,0,0,0,0,0,0,0,0,0,0,0,0,0,0,0,0,0,0,0,0,0,0,0,0,0,0,0,0,0,0,0,0,0,0,0,0,0,0,0,0,0,0,0,0,0,0,0,0,0,0,0,0,0,0,0,0,17,15,36,13,16,26,0,0,0,88,77,161
11102121829,core,0,0,0,0,0,0,0,0,0,0,0,0,0,0,0,24,12,36,4,0,4,0,0,0,0,0,0,0,0,0,0,0,0,3,0,3,29,19,49,0,0,0,0,0,0,0,0,0,0,0,0,0,0,0,0,0,0,0,0,0,0,0,0,0,0,0,0,0,0,0,0,0,0,0,0,0,0,0,0,0,0,0,0,0,0,0,0,0,0,0,0,0,0,0,0,0,3,8,8,3,5,12,0,0,0,39,27,68
11102121830,core,0,0,0,0,0,0,0,0,0,0,0,0,0,0,0,0,0,0,0,0,0,0,0,0,0,0,0,0,0,0,0,0,0,0,0,0,0,0,0,0,0,0,0,0,0,0,0,0,0,0,0,0,0,0,0,0,0,0,0,0,0,0,0,0,0,0,0,0,0,0,0,0,0,0,0,0,0,0,0,0,0,0,0,0,0,0,0,0,0,0,0,0,0,0,0,0,0,4,4,0,0,0,0,0,0,0,3,3
11102121831,core,0,0,0,0,0,0,0,0,0,0,0,0,0,0,0,16,10,31,6,3,4,0,0,0,0,0,0,0,0,0,0,0,0,3,0,0,25,17,39,0,0,0,0,0,0,0,0,0,0,0,0,0,0,0,0,0,0,0,0,0,0,0,0,0,0,0,0,0,0,0,0,0,0,0,0,0,0,0,0,0,0,0,0,0,0,0,0,0,0,0,0,0,0,0,0,0,3,6,8,6,3,9,0,0,0,33,26,61
11102121832,core,0,0,0,0,0,0,0,0,0,0,0,0,0,0,0,11,9,24,0,0,6,0,0,0,0,0,0,0,0,0,0,0,0,9,3,9,20,13,33,0,0,0,0,0,0,0,0,0,0,0,0,0,0,0,0,0,0,0,0,0,0,0,0,0,0,0,0,0,0,0,0,0,0,0,0,0,0,0,0,3,3,0,3,3,0,0,0,0,0,0,0,0,0,0,0,0,10,13,19,3,4,11,0,0,0,31,33,65
11102121833,core,0,0,0,0,0,0,0,0,0,0,0,0,0,0,0,45,30,77,0,4,4,3,0,3,0,0,0,0,0,4,0,0,0,6,0,4,59,36,96,0,0,0,0,0,0,0,0,0,0,0,0,0,0,0,0,0,0,0,0,0,0,0,0,0,0,0,0,0,0,0,0,0,0,0,0,0,0,0,0,0,0,0,0,0,0,0,0,0,0,0,0,0,0,0,0,0,14,18,38,9,21,36,0,0,0,86,82,164
11102121835,core,0,0,0,0,0,0,0,0,0,0,0,0,0,0,0,50,39,91,5,7,8,0,0,0,0,0,0,0,0,0,0,0,0,0,3,6,60,52,110,0,0,0,0,0,0,0,0,0,0,0,0,0,0,0,0,0,0,0,0,0,0,0,0,0,0,0,0,0,0,0,0,0,0,0,0,0,0,0,0,0,0,0,0,0,0,0,0,0,0,0,0,0,0,0,0,0,17,15,32,11,11,22,0,0,0,84,78,167
11102121836,core,0,0,0,0,0,0,0,0,0,0,0,0,0,0,0,51,42,98,4,0,4,0,0,0,0,0,0,0,0,0,0,0,0,0,0,0,58,44,104,0,0,0,0,0,0,0,0,0,0,0,0,0,0,0,0,0,0,0,0,0,0,0,0,0,0,0,0,0,0,0,0,0,0,0,0,0,0,0,3,0,3,3,0,3,0,0,0,0,0,0,0,0,0,0,0,0,14,12,29,8,14,24,0,0,0,81,71,156
11102121837,core,0,0,0,0,0,0,0,0,0,0,0,0,0,0,0,116,116,235,3,11,14,4,0,4,3,0,3,0,0,0,0,0,0,0,0,0,129,130,260,0,0,0,0,0,0,0,0,0,0,0,0,0,0,0,0,0,0,0,0,0,0,0,0,0,0,0,0,0,0,0,0,0,0,0,0,0,0,0,0,0,0,3,0,3,0,0,0,0,0,0,0,0,0,0,0,0,30,48,73,21,29,52,0,0,0,185,209,387
11102121838,core,0,0,0,0,0,0,0,0,0,0,0,0,0,0,0,19,9,22,0,4,10,0,0,0,0,0,0,0,0,0,0,0,0,7,0,9,25,14,37,0,0,0,0,0,0,0,0,0,0,0,0,0,0,0,0,0,0,0,0,0,0,0,0,0,0,0,0,0,0,0,0,0,0,0,0,0,0,0,0,0,0,0,0,0,0,0,0,0,0,0,0,0,0,0,0,0,0,3,7,0,0,5,0,0,0,23,24,49
11102121839,core,0,0,0,0,0,0,0,0,0,0,0,0,0,0,0,45,31,70,0,0,3,3,0,3,0,0,0,0,0,0,0,0,0,0,7,7,46,37,83,0,0,0,0,0,0,0,0,0,0,0,0,0,0,0,0,0,0,0,0,0,0,0,0,0,0,0,0,0,0,0,0,0,0,0,0,0,0,0,0,0,0,0,0,0,0,0,0,0,0,0,0,0,0,0,0,0,12,13,18,12,10,18,0,0,0,69,53,127
11102121840,core,0,0,0,0,0,0,0,0,0,0,0,0,0,0,0,73,52,130,9,0,10,5,0,5,0,0,0,0,0,0,0,0,4,0,0,0,92,53,144,0,0,0,0,0,0,0,0,0,0,0,0,0,0,0,0,0,0,0,0,0,0,0,0,0,0,0,0,0,0,0,0,0,0,0,0,0,0,0,0,0,0,0,0,0,0,0,0,0,0,0,0,0,0,0,0,0,7,17,20,15,20,34,3,0,3,113,92,207
11102121841,core,0,0,0,0,0,0,0,0,0,0,0,0,0,0,0,44,34,79,4,4,8,5,0,5,0,0,0,0,0,0,0,0,0,3,0,4,53,37,92,0,0,0,0,0,0,0,0,0,0,0,0,0,0,0,0,0,0,0,0,0,0,0,0,0,0,0,0,0,0,0,0,0,0,0,0,0,0,0,0,0,0,0,0,0,0,0,0,0,0,0,0,0,0,0,0,0,10,19,27,15,14,28,4,0,4,84,70,150
11102121842,core,0,0,0,0,0,0,0,0,0,0,0,0,0,0,0,41,32,77,3,3,6,3,0,3,0,0,0,0,0,0,0,0,0,3,6,4,48,44,91,0,0,0,0,0,0,0,0,0,0,0,0,0,0,0,0,0,0,0,0,0,0,0,0,0,0,0,0,0,0,0,0,0,0,0,0,0,0,0,0,0,0,0,0,0,0,0,0,0,0,0,0,0,0,0,0,0,19,21,38,6,9,18,0,3,0,80,75,158
11102121843,core,0,0,0,0,0,0,0,0,0,0,0,0,0,0,0,40,21,65,6,0,3,0,0,0,0,0,0,0,0,0,0,0,0,0,0,0,47,28,78,0,0,0,0,0,0,0,0,0,0,0,0,0,0,0,0,0,0,0,0,0,0,0,0,0,0,0,0,0,0,0,0,0,0,0,0,0,0,0,0,0,0,0,0,0,0,0,0,0,0,0,0,0,0,0,0,0,10,15,27,12,12,24,0,0,0,81,46,126
11102121844,core,0,0,0,0,0,0,0,0,0,0,0,0,0,0,0,3,6,8,0,0,0,3,0,3,0,0,0,0,0,0,0,0,0,0,0,0,0,4,9,0,0,0,0,0,0,0,0,0,0,0,0,0,0,0,0,0,0,0,0,0,0,0,0,0,0,0,0,0,0,0,0,0,0,0,0,0,0,0,0,0,0,0,0,0,0,0,0,0,0,0,0,0,0,0,0,0,0,0,7,0,3,3,0,0,0,4,10,15
11102121845,core,0,0,0,0,0,0,0,0,0,0,0,0,0,0,0,0,0,0,0,0,0,0,0,0,0,0,0,0,0,0,0,0,0,0,0,0,0,0,0,0,0,0,0,0,0,0,0,0,0,0,0,0,0,0,0,0,0,0,0,0,0,0,0,0,0,0,0,0,0,0,0,0,0,0,0,0,0,0,0,0,0,0,0,0,0,0,0,0,0,0,0,0,0,0,0,0,0,0,0,0,0,0,0,0,0,0,0,0
11102121846,core,0,4,5,0,0,0,0,0,0,0,0,0,0,0,0,92,73,169,4,0,3,3,0,3,4,0,4,0,0,0,0,0,0,0,4,8,107,80,189,0,0,0,0,0,0,0,0,0,0,0,0,0,0,0,0,0,0,0,0,0,0,0,0,0,0,0,0,0,0,0,0,0,0,0,0,0,0,0,5,0,5,3,0,3,0,0,0,0,0,0,0,0,0,0,0,0,37,39,77,15,28,41,0,0,0,163,143,308
11102121847,core,0,0,0,0,0,0,0,0,0,0,0,0,0,0,0,44,32,75,0,0,0,3,0,3,0,0,0,0,0,0,0,0,0,0,0,0,50,34,81,0,0,0,0,0,0,0,0,0,0,0,0,0,0,0,0,0,0,0,0,0,0,0,0,0,0,0,0,0,0,0,0,0,0,0,0,0,0,0,0,0,0,0,0,0,0,0,0,0,0,0,0,0,0,0,0,0,15,19,32,7,9,18,0,0,0,68,61,132
11102121848,core,0,0,0,0,0,0,0,0,0,0,0,0,0,0,0,21,20,42,3,0,3,5,0,5,0,0,0,0,0,0,0,0,0,0,0,0,26,20,50,0,0,0,0,0,0,0,0,0,0,0,0,0,0,0,0,0,0,0,0,0,0,0,0,0,0,0,0,0,0,0,0,0,0,0,0,0,0,0,0,0,0,0,0,0,0,0,0,0,0,0,0,0,0,0,0,0,14,12,24,7,6,15,0,0,0,49,41,92
11102121849,core,0,0,0,0,0,0,0,0,0,0,0,0,0,0,0,93,79,173,3,3,7,5,0,5,0,0,0,0,0,0,0,0,0,0,0,0,106,89,199,0,0,0,0,0,0,0,0,0,0,0,0,0,0,0,0,0,0,0,0,0,0,0,0,0,0,0,0,0,0,0,0,0,0,0,0,0,0,0,0,0,0,0,0,0,0,0,0,0,0,0,0,0,0,0,0,0,21,31,53,10,31,48,0,0,0,148,155,300
11102121850,core,0,0,0,0,0,0,0,0,0,0,0,0,0,0,0,118,85,202,0,0,4,0,0,0,0,0,0,0,0,0,0,0,0,0,0,0,128,85,208,0,0,0,0,0,0,0,0,0,0,0,0,0,0,0,0,0,0,0,0,0,0,0,0,0,0,0,0,0,0,0,0,0,0,0,0,0,0,0,4,0,6,4,3,6,0,0,0,0,0,0,0,0,0,0,0,0,34,59,91,19,24,46,0,0,0,179,171,349
11102121851,core,0,0,0,0,0,0,0,0,0,0,0,0,0,0,0,20,10,23,0,0,0,0,0,0,0,0,0,0,0,0,0,0,0,0,0,0,15,10,25,0,0,0,0,0,0,0,0,0,0,0,0,0,0,0,0,0,0,0,0,0,0,0,0,0,0,0,0,0,0,0,0,0,0,0,0,0,0,0,0,0,0,0,0,0,0,0,0,0,0,0,0,0,0,0,0,0,0,3,8,0,3,3,0,0,0,18,15,38
11102121852,core,0,0,0,0,0,0,0,0,0,0,0,0,0,0,0,37,43,80,3,3,11,7,0,8,0,0,0,0,0,0,0,0,0,0,0,0,52,46,102,3,0,3,0,0,0,0,0,0,0,0,0,0,0,0,0,0,0,3,0,3,0,0,0,0,0,0,0,0,0,0,0,0,0,0,0,0,0,0,0,0,0,3,0,3,0,0,0,0,0,0,0,0,0,0,0,0,8,13,20,9,11,17,0,0,0,75,74,147
11102121853,core,0,0,3,0,0,0,0,0,0,0,0,0,0,0,0,52,50,99,7,5,10,0,0,0,0,0,0,0,0,0,0,0,0,0,0,0,59,53,115,0,0,0,0,0,0,0,0,0,0,0,0,0,0,0,0,0,0,0,0,0,0,0,0,0,0,0,0,0,0,0,0,0,0,0,0,0,0,0,0,0,0,0,0,0,0,0,0,0,0,0,0,0,0,0,0,0,18,18,34,6,11,17,0,3,3,79,89,170
11102121854,core,0,0,0,0,0,0,0,0,0,0,0,0,0,0,0,39,36,72,4,3,3,3,0,3,0,0,0,0,0,0,0,0,0,3,0,3,48,38,90,0,0,0,0,0,0,0,0,0,0,0,0,0,0,0,0,0,0,0,0,0,0,0,0,0,0,0,0,0,0,0,0,0,0,0,0,0,0,0,0,0,0,0,0,0,0,0,0,0,0,0,0,0,0,0,0,0,17,15,35,11,6,19,0,0,0,79,61,142
11102121855,core,0,0,0,0,0,0,0,0,0,0,0,0,0,0,0,69,60,128,3,9,7,3,0,3,0,0,0,0,0,0,0,0,0,0,0,5,78,71,145,0,0,0,0,0,0,0,0,0,0,0,0,0,0,0,0,0,0,0,0,0,0,0,0,0,0,0,0,0,0,0,0,0,0,0,0,0,0,0,0,0,0,0,0,0,0,0,0,0,0,0,0,0,0,0,0,0,15,22,33,15,25,43,0,0,0,104,117,224
11102121856,core,0,0,0,0,0,0,0,0,0,0,0,0,0,0,0,25,21,46,4,5,5,0,0,0,0,0,0,0,0,0,0,0,0,0,0,0,27,21,49,0,0,0,0,0,0,0,0,0,0,0,0,0,0,0,0,0,0,0,0,0,0,0,0,0,0,0,0,0,0,0,0,0,0,0,0,0,0,0,0,0,0,0,0,0,0,0,0,0,0,0,0,0,0,0,0,0,6,8,13,0,9,13,0,0,0,37,42,83
11102121901,core,0,0,0,0,0,0,0,0,0,0,0,0,0,0,0,22,31,54,4,0,6,0,0,0,0,0,0,0,0,0,0,0,0,0,0,0,30,29,56,0,0,0,0,0,0,0,0,0,0,0,0,0,0,0,0,0,0,0,0,0,0,0,0,0,0,0,0,0,0,0,0,0,0,0,0,0,0,0,0,0,0,0,0,0,0,0,0,0,0,0,0,0,0,0,0,0,13,15,22,10,18,25,0,0,0,46,59,106
11102121902,core,0,0,0,0,0,0,0,0,0,0,0,0,0,0,0,45,28,77,4,6,0,0,0,0,0,0,0,0,0,0,0,0,0,10,11,23,60,39,99,0,0,0,0,0,0,0,0,0,0,0,0,0,0,0,0,0,0,0,0,0,0,0,0,0,0,0,0,0,0,0,0,0,0,0,0,0,0,0,0,0,0,0,3,3,0,0,0,0,0,0,0,0,0,0,0,0,15,11,31,12,15,31,0,0,0,88,72,164
11102121903,core,0,0,0,0,5,5,0,0,0,0,0,0,0,0,0,25,35,62,3,0,3,6,0,6,0,0,0,0,0,0,0,0,0,0,0,0,33,39,74,0,0,0,0,0,0,0,0,0,0,0,0,0,0,0,0,0,0,0,0,0,0,0,0,0,0,0,0,0,0,0,0,0,0,0,0,0,0,0,0,0,0,5,0,4,0,0,0,4,0,5,0,0,0,4,0,5,16,16,31,16,20,36,0,0,0,69,79,148
11102121904,core,0,0,0,0,0,0,0,0,0,0,0,0,0,0,0,60,56,114,4,5,7,3,0,3,0,0,0,0,0,0,0,0,0,0,0,0,68,58,123,0,0,0,0,0,0,0,0,0,0,0,0,0,0,0,0,0,0,0,0,0,0,0,0,0,0,0,0,0,0,0,0,0,0,0,0,0,0,0,0,0,0,0,0,3,0,0,0,0,0,0,0,0,0,0,0,0,7,9,19,15,14,30,0,0,0,89,84,172
11102121905,core,0,0,0,0,0,0,0,0,0,0,0,0,0,0,0,33,30,66,0,0,0,0,0,0,0,0,0,0,0,0,0,0,0,0,0,0,38,31,63,0,0,0,0,0,0,0,0,0,0,0,0,0,0,0,0,0,0,0,0,0,0,0,0,0,0,0,0,0,0,0,0,0,0,0,0,0,0,0,0,0,0,0,0,0,0,0,0,0,0,0,0,0,0,0,0,0,4,5,8,10,12,18,0,0,0,51,47,100
11102121906,core,0,0,0,0,0,0,0,0,0,0,0,0,0,0,0,30,23,54,0,0,0,0,0,0,0,0,0,0,0,0,0,0,0,0,0,0,31,30,58,0,0,0,0,0,0,0,0,0,0,0,0,0,0,0,0,0,0,0,0,0,0,0,0,0,0,0,0,0,0,0,0,0,0,0,0,0,0,0,0,0,0,0,0,0,0,0,0,0,0,0,0,0,0,0,0,0,12,12,31,3,10,19,0,0,0,46,50,103
11102121907,core,0,0,0,0,0,0,0,0,0,0,0,0,0,0,0,42,26,64,0,5,3,0,0,0,0,0,0,0,0,0,0,0,0,0,0,0,47,29,76,0,0,0,0,0,0,0,0,0,0,0,0,0,0,0,0,0,0,0,0,0,0,0,0,0,0,0,0,0,0,0,0,0,0,0,0,0,0,0,0,0,0,0,0,0,0,0,0,0,0,0,0,0,0,0,0,0,6,8,8,0,9,13,0,0,0,54,47,95
11102121908,core,0,0,0,0,0,0,0,0,0,0,0,0,0,0,0,70,39,108,5,6,10,4,0,4,4,0,4,0,0,0,0,0,0,0,0,0,80,45,123,0,0,0,0,0,0,0,0,0,0,0,0,0,0,0,0,0,0,0,0,0,0,0,0,0,0,0,0,0,0,0,0,0,0,0,0,0,0,0,0,0,0,0,0,0,0,0,0,0,0,0,0,0,0,0,0,0,24,38,61,13,17,27,0,0,0,112,99,219
11102121909,core,0,0,0,0,0,0,0,0,0,0,0,0,0,0,0,44,39,86,0,3,6,0,0,0,4,0,4,0,0,0,0,0,0,0,0,0,56,43,92,0,0,0,0,0,0,0,0,0,0,0,0,0,0,0,0,0,0,0,0,0,0,0,0,0,0,0,0,0,0,0,0,0,0,0,0,0,0,0,0,0,0,0,0,0,0,0,0,0,0,0,0,0,0,0,0,0,18,27,50,9,21,32,0,0,0,82,87,168
11102121910,core,0,0,0,0,0,0,0,0,0,0,0,0,0,0,0,61,52,113,0,10,6,0,0,0,0,0,0,0,0,0,0,0,0,4,5,13,70,70,133,0,0,0,0,0,0,0,0,0,0,0,0,0,0,0,0,0,0,0,0,0,0,0,0,0,0,0,0,0,0,0,0,0,0,0,0,0,0,0,0,0,0,0,0,3,0,0,0,0,0,0,0,0,0,0,0,0,21,34,50,10,11,19,0,0,0,100,112,212
11102121911,core,0,0,0,0,0,0,0,0,0,0,0,0,0,0,0,56,37,91,4,0,3,6,0,4,0,0,0,0,0,0,0,0,0,0,0,0,61,44,104,0,0,0,0,0,0,0,0,0,0,0,0,0,0,0,0,0,0,0,0,0,0,0,0,0,0,0,0,0,0,0,0,0,0,0,0,0,0,0,0,0,0,3,0,3,0,0,0,0,0,0,0,0,0,0,0,0,21,28,47,16,13,28,0,0,3,96,86,188
11102121912,core,0,0,0,0,0,0,0,0,0,0,0,0,0,0,0,26,20,46,0,4,3,0,0,0,0,0,0,0,0,0,0,0,0,0,0,7,31,26,49,0,0,0,0,0,0,0,0,0,0,0,0,0,0,0,0,0,0,0,0,0,0,0,0,0,0,0,0,0,0,0,0,0,0,0,0,0,0,0,0,0,0,0,0,0,0,0,0,0,0,0,0,0,0,0,0,0,0,0,0,0,3,6,0,0,0,35,30,64
11102121913,core,0,0,0,0,0,0,0,0,0,0,0,0,0,0,0,39,30,68,0,3,5,0,0,0,0,0,0,0,0,0,0,0,0,0,0,0,44,29,72,0,0,0,0,0,0,0,0,0,0,0,0,0,0,0,0,0,0,0,0,0,0,0,0,0,0,0,0,0,0,0,0,0,0,0,0,0,0,0,0,0,0,0,0,0,0,0,0,0,0,0,0,0,0,0,0,0,18,15,31,4,6,16,0,0,0,66,60,123
11102121914,core,0,0,0,4,0,4,0,0,0,0,0,0,0,0,0,64,43,99,0,4,7,0,0,0,0,0,0,0,0,0,3,0,3,0,0,0,69,46,115,0,0,0,0,0,0,0,0,0,0,0,0,0,0,0,0,0,0,0,0,0,0,0,0,0,0,0,0,0,0,0,0,0,0,0,0,0,0,0,0,0,0,0,0,0,0,0,0,0,0,0,0,0,0,0,0,0,17,33,55,8,14,28,0,0,0,105,95,198
11102121915,core,0,0,0,0,0,0,0,0,0,0,0,0,0,0,0,36,34,69,4,6,7,0,0,0,0,0,0,0,0,0,0,0,0,0,3,0,37,41,77,0,0,0,0,0,0,0,0,0,0,0,0,0,0,0,0,0,0,0,0,0,0,0,0,0,0,0,0,0,0,0,0,0,0,0,0,0,0,0,0,0,0,0,0,0,0,0,0,0,0,0,0,0,0,0,0,0,13,8,26,0,13,15,0,0,0,55,65,117
11102121916,core,0,0,0,0,0,0,0,0,0,0,0,0,0,0,0,35,23,59,0,0,0,0,0,0,0,0,0,0,0,0,0,0,0,6,7,9,40,30,69,0,0,0,0,0,0,0,0,0,0,0,0,0,0,0,0,0,0,0,0,0,0,0,0,0,0,0,0,0,0,0,0,0,0,0,0,0,0,0,0,0,0,0,0,0,0,0,0,0,0,0,0,0,0,0,0,0,11,10,18,3,16,20,0,3,0,58,57,112
11102121917,core,0,0,0,0,0,0,0,0,0,0,0,0,0,0,0,76,67,145,3,3,11,0,0,0,0,0,0,0,0,0,0,0,0,0,5,0,83,79,160,0,0,0,0,0,0,0,0,0,0,0,0,0,0,0,0,0,0,0,0,0,0,0,0,0,0,0,0,0,0,0,0,0,0,0,0,0,0,0,0,0,0,0,5,5,0,0,0,0,0,0,0,0,0,0,0,0,8,16,29,14,19,33,0,0,0,113,119,226
11102121918,core,0,0,0,0,0,0,0,0,0,0,0,0,0,0,0,49,33,81,0,5,6,0,0,0,0,0,3,0,0,0,0,0,0,0,0,0,49,39,88,0,0,0,0,0,0,0,0,0,0,0,0,0,0,0,0,0,0,0,0,0,0,0,0,0,0,0,0,0,0,0,0,0,0,0,0,0,0,0,0,0,0,0,0,0,0,0,0,0,0,0,0,0,0,0,0,0,4,10,12,8,15,19,0,0,0,61,63,126
11102121919,core,0,0,0,0,0,0,0,0,0,0,0,0,0,0,0,32,26,50,0,0,0,0,0,0,0,0,0,0,0,0,0,0,0,0,0,0,31,22,58,0,0,0,0,0,0,0,0,0,0,0,0,0,0,0,0,0,0,0,0,0,0,0,0,0,0,0,0,0,0,0,0,0,0,0,0,0,0,0,0,0,0,0,0,0,0,0,0,0,0,0,0,0,0,0,0,0,17,16,33,9,9,15,0,0,0,58,53,108
11102121921,core,0,0,0,0,0,0,0,0,0,0,0,0,0,0,0,0,0,0,0,0,0,0,0,0,0,0,0,0,0,0,0,0,0,0,0,0,0,0,0,0,0,0,0,0,0,0,0,0,0,0,0,0,0,0,0,0,0,0,0,0,0,0,0,0,0,0,0,0,0,0,0,0,0,0,0,0,0,0,0,0,0,0,0,0,0,0,0,0,0,0,0,0,0,0,0,0,0,0,0,0,0,0,0,0,0,0,0,0
11102121922,core,0,0,0,0,0,0,0,0,0,0,0,0,0,0,0,19,10,28,0,0,0,0,0,0,0,0,0,0,0,0,0,0,0,0,0,0,19,17,31,0,0,0,0,0,0,0,0,0,0,0,0,0,0,0,0,0,0,0,0,0,0,0,0,0,0,0,0,0,0,0,0,0,0,0,0,0,0,0,0,0,0,0,0,0,0,0,0,0,0,0,0,0,0,0,0,0,3,4,9,7,12,18,0,0,0,26,32,58
11102121923,core,0,0,0,0,0,0,0,0,0,0,0,0,0,0,0,54,62,118,4,4,5,3,0,3,0,0,0,0,0,0,0,0,0,0,0,0,61,67,127,0,0,0,0,0,0,0,0,0,0,0,0,0,0,0,0,0,0,0,0,0,0,0,0,0,0,0,0,0,0,0,0,0,0,0,0,0,0,0,0,0,0,0,0,0,0,0,0,0,0,0,0,0,0,0,0,0,35,36,70,15,22,35,0,0,0,107,123,229
11102121924,core,0,0,0,0,0,0,0,0,0,0,0,0,0,0,0,39,34,69,0,3,6,0,0,0,0,0,0,0,0,0,0,0,0,0,0,0,42,38,82,0,0,0,0,0,0,0,0,0,0,0,0,0,0,0,0,0,0,0,0,0,0,0,0,0,0,0,0,0,0,0,0,0,0,0,0,0,0,0,0,0,0,0,0,0,0,0,0,0,0,0,0,0,0,0,0,0,14,23,38,6,17,22,0,0,0,66,71,138
11102121925,core,0,0,0,0,0,0,0,0,0,0,0,0,0,0,0,57,49,113,3,0,9,4,0,4,0,0,0,0,0,0,0,0,0,0,0,0,70,52,123,0,0,0,0,0,0,0,0,0,0,0,0,0,0,0,0,0,0,0,0,0,0,0,0,0,0,0,0,0,0,0,0,0,0,0,0,0,0,0,0,0,0,0,0,0,0,0,0,0,0,0,0,0,0,0,0,0,12,20,27,10,13,18,0,0,0,93,83,171
11102121926,core,0,0,0,0,0,0,0,0,0,0,0,0,0,0,0,58,50,112,0,0,3,0,0,0,0,0,0,0,0,0,0,0,0,0,0,0,64,54,124,0,0,0,0,0,0,0,0,0,0,0,0,0,0,0,0,0,0,0,0,0,0,0,0,0,0,0,0,0,0,0,0,0,0,0,0,0,0,0,0,0,0,0,0,0,0,0,0,0,0,0,0,0,0,0,0,0,6,13,22,14,13,28,0,0,0,90,84,175
11102121927,core,0,0,0,0,0,0,0,0,0,0,0,0,0,0,0,0,0,0,0,0,0,0,0,0,0,0,0,0,0,0,0,0,0,0,0,0,0,0,0,0,0,0,0,0,0,0,0,0,0,0,0,0,0,0,0,0,0,0,0,0,0,0,0,0,0,0,0,0,0,0,0,0,0,0,0,0,0,0,0,0,0,0,0,0,0,0,0,0,0,0,0,0,0,0,0,0,0,0,0,0,0,0,0,0,0,0,0,0
11102121929,core,0,0,0,0,0,0,0,0,0,0,0,0,0,0,0,29,27,59,12,3,12,0,0,0,3,0,3,0,0,0,0,0,0,0,0,5,48,31,75,0,0,0,0,0,0,0,0,0,0,0,0,0,0,0,0,0,0,0,0,0,0,0,0,0,0,0,0,0,0,0,0,0,0,0,0,0,0,0,0,0,0,0,0,0,0,0,0,0,0,0,0,0,0,0,0,0,0,4,4,0,7,12,0,0,0,46,47,97
11102121930,core,0,0,3,0,0,0,0,0,0,0,0,0,0,0,0,44,32,76,3,4,11,0,0,0,0,0,0,0,0,0,0,0,0,0,0,0,53,42,97,0,0,0,0,0,0,0,0,0,0,0,0,0,0,0,0,0,0,0,0,0,0,0,0,0,0,0,0,0,0,0,0,0,0,0,0,0,0,0,0,0,0,0,0,0,0,0,0,0,0,0,0,0,0,0,0,0,8,5,14,19,16,29,0,0,0,74,64,137
11102121931,core,0,0,0,0,0,0,0,0,0,0,0,0,0,0,0,81,45,130,6,0,8,0,0,0,0,0,0,0,0,0,0,0,0,3,0,3,101,51,151,0,0,0,0,0,0,0,0,0,0,0,0,0,0,0,0,0,0,0,0,0,0,0,0,0,0,0,0,0,0,0,0,0,0,0,0,0,0,0,0,0,0,0,0,0,0,0,0,0,0,0,0,0,0,0,0,0,18,18,30,15,21,34,0,0,0,130,93,218
11102121933,core,0,0,0,0,0,3,0,0,0,0,0,0,0,0,0,46,33,74,0,5,3,0,0,0,0,0,0,0,0,0,0,0,0,0,0,5,46,36,82,0,0,0,0,0,0,0,0,0,0,0,0,0,0,0,0,0,0,0,0,0,0,0,0,0,0,0,0,0,0,0,0,0,0,0,0,0,0,0,0,0,0,0,0,0,0,0,0,0,0,0,0,0,0,0,0,0,16,21,39,11,15,25,0,0,0,80,73,150
11102121934,core,0,0,0,0,0,0,0,0,0,0,0,0,0,0,0,33,42,71,0,0,0,0,0,0,0,0,0,0,0,0,0,0,0,0,0,0,34,38,74,0,0,0,0,0,0,0,0,0,0,0,0,0,0,0,0,0,0,0,0,0,0,0,0,0,0,0,0,0,0,0,0,3,0,0,0,0,0,3,0,0,0,0,0,0,0,0,0,0,0,0,0,0,0,0,0,0,20,24,43,10,13,21,0,0,0,63,84,145
11102121935,core,0,0,0,0,0,0,0,0,0,0,0,0,0,0,0,58,41,102,0,0,0,0,0,0,0,0,0,0,0,0,0,0,0,3,3,5,58,48,111,0,0,0,0,0,0,0,0,0,0,0,0,0,0,0,0,0,0,0,0,0,0,0,0,0,0,0,0,0,0,0,0,0,0,0,0,0,0,0,0,0,0,0,0,0,0,0,0,0,0,0,0,0,0,0,0,0,24,29,49,3,16,25,0,0,0,83,88,179
11102121936,core,0,0,0,0,0,0,0,0,0,0,0,0,0,0,0,47,42,91,5,15,17,0,0,0,0,0,0,0,0,0,0,0,0,0,0,4,57,55,116,0,0,0,0,0,0,0,0,0,0,0,0,0,0,0,0,0,0,0,0,0,0,0,0,0,0,0,0,0,0,0,0,0,0,0,0,0,0,0,0,0,0,0,0,0,0,0,0,0,0,0,0,0,0,0,0,0,20,30,52,12,18,26,0,0,0,91,99,193
11102121937,core,0,0,0,0,0,0,0,0,0,0,0,0,0,0,0,54,48,99,3,5,0,0,0,0,0,0,0,0,0,0,0,0,0,0,0,0,60,50,107,0,0,0,0,0,0,0,0,0,0,0,0,0,0,0,0,0,0,0,0,0,0,0,0,0,0,0,0,0,0,0,0,0,0,0,0,0,0,0,0,0,0,0,0,0,0,0,0,0,0,0,0,0,0,0,0,0,14,26,37,4,12,14,0,0,0,83,86,164
11102121938,core,6,0,5,0,0,0,0,0,0,0,0,0,0,0,0,87,73,159,3,4,11,0,0,0,0,0,0,3,0,3,0,0,0,0,0,0,99,74,180,0,0,0,0,0,0,0,0,0,0,0,0,0,0,0,0,0,0,0,0,0,0,0,0,0,0,0,0,0,0,0,0,0,0,0,0,0,0,0,0,0,0,0,0,0,0,0,0,0,0,0,0,0,0,0,0,0,12,14,29,14,30,41,0,0,0,130,120,248
11102121939,core,0,0,0,0,0,0,0,0,0,0,0,0,0,0,0,37,31,66,0,4,4,0,0,0,0,0,0,0,0,0,0,0,0,0,0,0,46,32,80,0,0,0,0,0,0,0,0,0,0,0,0,0,0,0,0,0,0,0,0,0,0,0,0,0,0,0,0,0,0,0,0,0,0,0,0,0,0,0,0,0,0,0,0,0,0,0,0,0,0,0,0,0,0,0,0,0,8,12,20,0,12,13,0,0,0,57,63,117
11102121940,core,0,0,0,0,0,0,0,0,0,0,0,0,0,0,0,36,23,59,0,3,6,0,0,0,0,0,0,0,0,0,0,0,0,0,0,0,41,27,70,0,0,0,0,0,0,0,0,0,0,0,0,0,0,0,0,0,0,0,0,0,0,0,0,0,0,0,0,0,0,0,0,0,0,0,0,0,0,0,0,0,0,0,0,0,0,0,0,0,0,0,0,0,0,0,0,0,5,9,12,4,17,23,0,0,0,46,58,102
11102121941,core,0,0,0,0,0,0,0,0,0,0,0,0,0,0,0,47,46,86,6,5,11,0,0,0,0,0,0,0,0,0,0,0,0,0,0,0,50,45,97,0,0,0,0,0,0,0,0,0,0,0,0,0,0,0,0,0,0,0,0,0,0,0,0,0,0,0,0,0,0,0,0,0,0,0,0,0,0,0,0,0,0,0,0,0,0,0,0,0,0,0,0,0,0,0,0,0,16,21,36,14,22,32,0,0,0,81,86,168
11102121942,core,0,0,0,0,0,0,0,0,0,0,0,0,0,0,0,28,19,44,4,0,3,0,0,0,0,0,0,0,0,0,0,0,0,3,3,5,37,25,59,0,0,0,0,0,0,0,0,0,0,0,0,0,0,0,0,0,0,0,0,0,0,0,0,0,0,0,0,0,0,0,0,0,0,0,0,0,0,0,0,0,0,0,0,0,0,0,0,0,0,0,0,0,0,0,0,0,7,7,17,0,9,11,0,0,0,41,44,86
11102121943,core,0,0,0,0,0,0,0,0,0,0,0,0,0,0,0,7,3,15,0,0,0,0,0,0,0,0,0,0,0,0,0,0,0,0,0,0,11,7,14,0,0,0,0,0,0,0,0,0,0,0,0,0,0,0,0,0,0,0,0,0,0,0,0,0,0,0,0,0,0,0,0,0,0,0,0,0,0,0,0,0,0,0,0,0,0,0,0,0,0,0,0,0,0,0,0,0,0,0,3,3,3,5,0,0,0,15,11,20
11102121944,core,0,0,0,0,0,0,0,0,0,0,0,0,0,0,0,25,35,55,5,3,5,0,0,0,0,0,0,0,0,0,0,0,0,3,0,7,39,38,73,0,0,0,0,0,0,0,0,0,0,0,0,0,0,0,0,0,0,0,0,0,0,0,0,0,0,0,0,0,0,0,0,0,0,0,0,0,0,0,0,0,0,0,0,0,0,0,0,0,0,0,0,0,0,0,0,0,3,6,10,4,11,18,0,0,0,45,51,100
11102122001,core,0,0,0,0,0,0,0,0,0,0,0,0,0,0,0,72,64,132,3,7,8,6,0,6,0,0,0,0,0,0,0,0,0,0,0,0,83,65,148,0,0,0,0,0,0,0,0,0,0,0,0,0,0,0,0,0,0,0,0,0,0,0,0,0,0,0,0,0,0,0,0,0,0,0,0,0,0,0,0,0,0,0,0,0,0,0,0,0,0,0,0,0,0,0,0,0,16,20,36,12,11,19,0,0,0,104,96,206
11102122002,core,0,0,0,0,0,0,0,0,0,0,0,0,0,0,0,51,36,90,0,3,5,0,0,0,0,0,0,0,0,0,0,0,0,0,0,0,55,40,97,0,0,0,0,0,0,0,0,0,0,0,0,0,0,0,0,0,0,0,0,0,0,0,0,0,0,0,0,0,0,0,0,0,0,0,0,0,0,0,0,0,3,0,0,3,0,0,0,0,0,0,0,0,0,0,0,0,15,15,29,13,14,27,0,0,0,83,73,161
11102122003,core,0,0,0,0,0,0,0,0,0,0,0,0,0,0,0,55,46,103,3,3,5,6,0,6,0,0,0,0,0,0,0,0,0,0,0,0,67,49,114,0,0,0,0,0,0,0,0,0,0,0,0,0,0,0,0,0,0,0,0,0,0,0,0,0,0,0,0,0,0,0,0,0,0,0,0,0,0,0,0,0,0,0,0,0,0,0,0,0,0,0,0,0,0,0,0,0,15,16,35,16,13,28,0,0,3,95,82,182
11102122004,core,0,0,0,0,0,0,0,0,0,0,0,0,0,0,0,71,56,129,5,5,10,6,0,6,0,0,0,0,0,0,0,0,0,0,0,0,80,65,143,0,0,0,0,0,0,0,0,0,0,0,0,0,0,0,0,0,0,0,0,0,0,0,0,0,0,0,0,0,0,0,0,0,0,0,0,0,0,0,0,0,0,0,0,0,0,0,0,0,0,0,0,0,0,0,0,0,20,18,34,11,19,29,0,0,0,110,95,208
11102122005,core,0,0,0,0,0,0,0,0,0,0,0,0,0,0,0,68,56,116,3,3,9,0,0,0,0,0,3,0,0,0,0,0,0,3,0,0,71,62,131,0,0,0,0,0,0,0,0,0,0,0,0,0,0,0,0,0,0,0,0,0,0,0,0,0,0,0,0,0,0,0,0,0,0,0,0,0,0,0,0,0,0,0,0,0,0,0,0,0,0,0,0,0,0,0,0,0,22,39,58,15,23,30,0,0,0,112,116,223
11102122006,core,0,0,0,0,0,0,0,0,0,0,0,0,0,0,0,78,71,142,0,0,0,3,0,3,0,0,0,0,0,0,0,3,3,0,0,3,80,71,157,0,0,0,0,0,0,0,0,0,0,0,0,0,0,0,0,0,0,0,0,0,0,0,0,0,0,0,0,0,0,0,0,0,0,0,0,0,0,0,0,4,4,0,4,4,0,0,0,0,0,0,0,0,0,0,0,0,11,22,31,14,24,33,0,0,0,107,118,224
11102122007,core,0,0,0,0,0,0,0,0,0,0,0,0,0,0,0,69,63,133,5,6,8,0,0,0,0,0,0,0,0,0,0,0,0,0,0,0,75,72,142,0,0,0,0,0,0,0,0,0,0,0,0,0,0,0,0,0,0,0,0,0,0,0,0,0,0,0,0,0,0,0,0,0,0,0,0,0,0,0,0,0,0,0,0,0,0,0,0,0,0,0,0,0,0,0,0,0,15,23,38,15,23,35,0,0,0,102,108,215
11102122009,core,0,0,0,0,0,0,0,0,0,0,0,0,0,0,0,67,44,113,4,0,5,0,0,0,0,0,0,0,0,0,0,0,0,3,0,5,75,52,125,0,0,0,0,0,0,0,0,0,0,0,0,0,0,0,0,0,0,0,0,0,0,0,0,0,0,0,0,0,0,0,0,0,0,0,0,0,0,0,0,0,0,0,0,3,0,0,0,0,0,0,0,0,0,0,0,0,13,21,36,11,30,45,0,0,0,101,108,210
11102122010,core,3,0,3,0,0,0,0,0,0,0,0,0,0,0,0,80,45,123,4,4,4,0,0,0,0,0,0,0,0,0,0,0,0,0,0,0,85,49,134,0,0,0,0,0,0,0,0,0,0,0,0,0,0,0,0,0,0,0,0,0,0,0,0,0,0,0,0,0,0,0,0,0,0,0,0,0,0,0,0,0,0,0,0,0,0,0,0,0,0,0,0,0,0,0,0,0,21,36,52,19,28,44,0,0,0,125,111,232
11102122011,core,0,0,0,0,0,0,0,0,0,0,0,0,0,0,0,110,75,182,0,0,4,0,0,4,0,0,0,3,0,3,0,0,0,0,0,0,115,76,195,0,0,0,0,0,0,0,0,0,0,0,0,0,0,0,0,0,0,0,0,0,0,0,0,0,0,0,0,0,0,0,0,0,0,0,0,0,0,0,0,0,0,0,0,0,0,0,0,0,0,0,0,0,0,0,0,0,18,39,56,27,28,57,0,0,7,167,150,308
11102122012,core,0,0,0,0,0,0,0,0,0,0,0,0,0,0,0,60,43,104,0,4,3,0,0,0,0,0,0,0,0,0,0,0,0,0,0,0,64,46,105,0,0,0,0,0,0,0,0,0,0,0,0,0,0,0,0,0,0,4,0,4,0,0,0,0,0,0,0,0,0,0,0,0,0,0,0,0,0,0,0,0,0,4,0,4,0,0,0,0,0,0,0,0,0,0,0,0,15,25,42,13,23,39,0,0,0,91,92,186
11102122013,core,0,0,0,0,0,0,0,0,0,0,0,0,0,0,0,96,70,163,8,0,8,0,0,0,0,0,0,0,0,0,0,0,0,0,0,0,106,74,175,0,0,0,0,0,0,0,0,0,0,0,0,0,0,0,0,0,0,0,0,0,0,0,0,0,0,0,0,0,0,0,0,0,0,0,0,0,0,0,0,0,0,0,0,0,0,0,0,0,0,0,0,0,0,0,0,0,12,24,37,11,24,37,3,0,5,133,113,251
11102122014,core,0,0,0,0,0,0,0,0,0,0,0,0,0,0,0,37,40,79,0,3,4,0,0,0,0,0,0,0,0,0,0,0,0,0,0,0,43,42,84,0,0,0,0,0,0,0,0,0,0,0,0,0,0,0,0,0,0,0,0,0,0,0,0,0,0,0,0,0,0,0,0,0,0,0,0,0,0,0,0,0,0,0,0,0,0,0,0,0,0,0,0,0,0,0,0,0,14,20,36,9,13,21,0,0,0,67,74,145
11102122015,core,0,0,0,0,0,0,0,0,0,0,0,0,0,0,0,48,37,85,0,0,0,5,0,5,0,0,0,0,0,0,0,0,0,0,0,0,53,40,92,0,0,0,0,0,0,0,0,0,0,0,0,0,0,0,0,0,0,0,0,0,0,0,0,0,0,0,0,0,0,0,0,0,0,0,0,0,0,0,0,0,0,0,0,0,0,0,0,0,0,0,0,0,0,0,0,0,9,14,32,13,14,23,0,0,0,79,68,144
11102122016,core,0,0,0,0,0,0,0,0,0,0,0,0,0,0,0,102,67,170,8,4,11,0,0,0,0,0,0,0,0,0,0,0,0,0,0,0,111,74,182,0,0,0,0,0,0,0,0,0,0,0,0,0,0,0,0,0,0,0,0,0,0,0,0,0,0,0,0,0,0,0,0,0,0,0,0,0,0,0,0,0,3,0,0,3,0,0,0,0,0,0,0,0,0,0,0,0,22,25,47,7,22,31,0,0,0,146,117,261
11102122017,core,0,0,0,0,0,0,0,0,0,0,0,0,0,0,0,42,46,91,4,9,9,0,0,0,0,0,0,0,0,0,0,0,0,0,4,3,46,55,107,0,0,0,0,0,0,0,0,0,0,0,0,0,0,0,0,0,0,0,0,0,0,0,0,0,0,0,0,0,0,0,0,0,0,0,0,0,0,0,0,0,0,0,0,0,0,0,0,0,0,0,0,0,0,0,0,0,19,17,35,17,11,27,0,0,0,83,82,168
11102122018,core,0,0,0,0,0,0,0,0,0,0,0,0,0,0,0,42,23,60,0,0,0,0,0,0,0,0,0,0,0,0,0,0,0,0,0,0,43,23,67,0,0,0,0,0,0,0,0,0,0,0,0,0,0,0,0,0,0,0,0,0,0,0,0,0,0,0,0,0,0,0,0,0,0,0,0,0,0,0,0,0,0,0,0,0,0,0,0,0,0,0,0,0,0,0,0,0,11,13,19,15,11,25,0,0,0,71,47,114
11102122019,core,0,0,0,0,0,0,0,0,0,0,0,0,0,0,0,52,32,87,0,4,3,0,0,0,0,0,0,0,0,0,0,0,0,0,0,0,50,37,86,0,0,0,0,0,0,0,0,0,0,0,0,0,0,0,0,0,0,0,0,0,0,0,0,0,0,0,0,0,0,0,0,0,0,0,0,0,0,0,0,0,0,0,0,0,0,0,0,0,0,0,0,0,0,0,0,0,20,18,35,3,11,21,0,0,0,76,69,150
11102122020,core,0,0,0,0,0,0,0,0,0,0,0,0,0,0,0,69,59,126,3,3,4,4,0,4,5,0,3,0,0,0,0,0,0,5,0,3,81,61,148,0,0,0,0,0,0,0,0,0,0,0,0,0,0,0,0,0,0,0,0,0,0,0,0,0,0,0,0,0,0,0,0,0,0,0,0,0,0,0,0,0,0,0,0,0,0,0,0,0,0,0,0,0,0,0,0,0,16,23,38,18,31,45,3,0,3,117,114,236
11102122021,core,0,0,0,0,0,0,0,0,0,0,0,0,0,0,0,67,77,146,5,8,8,0,0,0,0,0,0,0,0,0,0,0,3,0,3,4,78,85,164,0,0,0,0,0,0,0,0,0,0,0,0,0,0,0,0,0,0,0,0,0,0,0,0,0,0,0,0,0,0,0,0,0,0,0,0,0,0,0,0,0,0,0,0,0,0,0,0,0,0,0,0,0,0,0,0,0,20,32,50,24,23,49,0,0,0,129,139,270
11102122022,core,0,0,0,0,0,0,0,0,0,0,0,0,0,0,0,0,0,0,0,0,0,0,0,0,0,0,0,0,0,0,0,0,0,0,0,0,0,0,0,0,0,0,0,0,0,0,0,0,0,0,0,0,0,0,0,0,0,0,0,0,0,0,0,0,0,0,0,0,0,0,0,0,0,0,0,0,0,0,0,0,0,0,0,0,0,0,0,0,0,0,0,0,0,0,0,0,0,0,0,0,0,0,0,0,0,0,0,0
11102122023,core,0,0,0,0,0,0,0,0,0,0,0,0,0,0,0,0,0,0,0,0,0,0,0,0,0,0,0,0,0,0,0,0,0,0,0,0,0,0,0,0,0,0,0,0,0,0,0,0,0,0,0,0,0,0,0,0,0,0,0,0,0,0,0,0,0,0,0,0,0,0,0,0,0,0,0,0,0,0,0,0,0,0,0,0,0,0,0,0,0,0,0,0,0,0,0,0,0,0,0,0,0,0,0,0,0,0,0,0
11102122024,core,0,0,0,0,0,0,0,0,0,0,0,0,0,0,0,3,0,11,0,0,0,0,0,0,0,0,0,0,0,0,0,0,0,0,0,0,7,0,8,0,0,0,0,0,0,0,0,0,0,0,0,0,0,0,0,0,0,0,0,0,0,0,0,0,0,0,0,0,0,0,0,0,0,0,0,0,0,0,0,0,0,0,0,0,0,0,0,0,0,0,0,0,0,0,0,0,0,6,5,4,0,3,0,0,0,11,10,20
11102122101,core,0,0,0,0,0,0,0,0,0,0,0,0,0,0,0,63,48,110,3,5,8,8,0,5,0,0,0,0,0,0,0,0,0,0,0,0,73,55,131,0,0,0,0,0,0,0,0,0,0,0,0,0,0,0,0,0,0,0,0,0,0,0,0,0,0,0,0,0,0,0,0,0,0,0,0,0,0,0,0,0,3,0,0,3,0,0,0,0,0,0,0,0,0,0,0,0,5,15,19,7,22,22,0,0,0,87,91,177
11102122102,core,0,0,0,0,0,0,0,0,0,0,0,0,0,0,0,39,22,59,0,0,0,3,0,3,0,0,0,0,0,0,0,0,0,0,0,0,42,28,73,0,0,0,0,0,0,0,0,0,0,0,0,0,0,0,0,0,0,0,0,0,0,0,0,0,0,0,0,0,0,0,0,0,0,0,0,0,0,0,0,0,0,0,0,0,0,0,0,0,0,0,0,0,0,0,0,0,4,6,10,3,8,11,0,0,0,51,40,93
11102122103,core,0,0,0,0,0,0,0,0,0,0,0,0,0,0,0,46,41,86,5,0,8,3,0,3,0,0,0,0,0,0,0,0,0,0,0,0,53,50,97,0,0,0,0,0,0,0,0,0,0,0,0,0,0,0,0,0,0,0,0,0,0,0,0,0,0,0,0,0,0,0,0,0,0,0,0,0,0,0,0,0,0,0,0,0,0,0,0,0,0,0,0,0,0,0,0,0,8,14,19,16,14,24,0,0,0,72,71,144
11102122104,core,0,0,0,0,0,0,0,0,0,0,0,0,0,0,0,76,45,122,0,5,4,0,0,0,0,0,4,0,0,0,0,3,3,0,0,0,85,54,133,0,0,0,0,0,0,0,0,0,0,0,0,0,0,0,0,0,0,0,0,0,0,0,0,0,0,0,0,0,0,0,0,0,0,0,0,0,0,0,0,0,0,0,0,0,0,0,0,0,0,0,0,0,0,0,0,0,3,13,15,13,31,42,0,0,0,98,92,192
11102122105,core,0,0,0,0,0,0,0,0,0,0,0,0,0,0,0,40,36,77,4,0,4,0,0,0,0,0,0,0,0,0,0,0,0,0,0,0,49,36,81,0,0,0,0,0,0,0,0,0,0,0,0,0,0,0,0,0,0,0,0,0,0,0,0,0,0,0,0,0,0,0,0,0,0,0,0,0,0,0,0,0,0,0,0,0,0,0,0,0,0,0,0,0,0,0,0,0,9,5,17,3,9,10,0,0,0,60,52,106
11102122106,core,0,0,0,0,0,0,0,0,0,0,0,0,0,0,0,82,72,152,3,7,4,0,0,0,9,0,6,0,0,0,0,0,0,0,0,0,96,78,172,0,0,0,0,0,0,0,0,0,0,0,0,0,0,0,0,0,0,0,0,0,0,0,0,0,0,0,0,0,0,0,0,0,0,0,0,0,0,0,0,5,5,0,5,5,0,0,0,0,0,0,0,0,0,0,0,0,3,20,24,8,28,34,0,0,0,108,125,238
11102122107,core,0,0,0,0,0,0,0,0,0,0,0,0,0,0,0,57,35,94,0,5,5,3,0,3,0,0,0,0,0,0,0,0,0,0,0,0,69,38,101,0,0,0,0,0,0,0,0,0,0,0,0,0,0,0,0,0,0,0,0,0,0,0,0,0,0,0,0,0,0,0,0,0,0,0,0,0,0,0,0,0,0,0,0,0,0,0,0,0,0,0,0,0,0,0,0,0,7,16,29,12,17,37,0,0,0,86,75,161
11102122108,core,0,0,0,0,0,0,0,0,0,0,0,0,0,0,0,107,100,200,3,8,14,3,0,3,0,0,0,0,0,0,3,0,8,0,0,0,122,106,223,0,0,0,0,0,0,0,0,0,0,0,0,0,0,0,0,0,0,0,0,0,0,0,0,0,0,0,0,0,0,0,0,0,0,0,0,0,0,0,5,0,0,5,0,0,0,0,0,0,0,0,0,0,0,0,0,0,21,31,57,22,35,59,0,0,0,163,178,340
11102122109,core,0,0,0,0,0,0,0,0,0,0,0,0,0,0,0,45,34,81,0,0,0,3,0,3,0,0,0,0,0,0,0,0,0,0,0,0,53,34,92,0,0,0,0,0,0,0,0,0,0,0,0,0,0,0,0,0,0,0,0,0,0,0,0,0,0,0,0,0,0,0,0,0,0,0,0,0,0,0,0,0,0,0,0,0,0,0,0,0,0,0,0,0,0,0,0,0,0,5,13,5,15,27,0,0,0,64,54,120
11102122110,core,0,0,0,0,0,0,0,0,0,0,0,0,0,0,0,64,58,126,4,3,6,3,0,3,4,0,0,0,0,0,0,0,0,0,0,0,76,63,137,0,0,0,0,0,0,0,0,0,0,0,0,0,0,0,0,0,0,0,0,0,0,0,0,0,0,0,0,0,0,0,0,0,0,0,0,0,0,0,0,0,0,0,0,0,0,0,0,0,0,0,0,0,0,0,0,0,9,10,25,9,12,23,0,0,0,97,86,185
11102122111,core,0,0,0,0,0,0,0,0,0,0,0,0,0,0,0,73,54,129,7,0,5,5,0,5,0,0,0,0,0,0,0,0,0,0,0,0,89,55,147,0,0,0,0,0,0,0,0,0,0,0,0,0,0,0,0,0,0,0,0,0,0,0,0,0,0,0,0,0,0,0,0,0,0,0,0,0,0,0,0,0,0,0,0,0,0,0,0,0,0,0,0,0,0,0,0,0,9,11,12,18,18,32,0,0,0,112,86,196
11102122112,core,0,0,0,0,0,0,0,0,0,0,0,0,0,0,0,86,54,140,4,3,3,3,0,3,5,0,5,0,0,0,0,0,0,0,0,0,97,59,155,0,0,0,0,0,0,0,0,0,0,0,0,0,0,0,0,0,0,0,0,0,0,0,0,0,0,0,0,0,0,0,0,0,0,0,0,0,0,0,0,0,0,0,0,0,0,0,0,0,0,0,0,0,0,0,0,0,7,20,33,14,21,33,0,0,0,119,102,222
11102122113,core,0,0,0,0,0,0,0,0,0,0,0,0,0,0,0,66,58,122,6,4,8,4,0,4,0,0,0,0,0,0,0,0,0,0,0,0,69,64,128,0,0,0,0,0,0,0,0,0,0,0,0,0,0,0,0,0,0,0,0,0,0,0,0,0,0,0,0,0,0,0,0,0,0,0,0,0,0,0,3,0,3,3,0,3,0,0,0,0,0,0,0,0,0,0,0,0,6,18,21,13,14,25,0,0,0,86,90,178
11102122114,core,0,0,0,0,0,0,0,0,0,0,0,0,0,0,0,146,126,272,0,10,14,0,0,0,0,0,0,0,0,0,3,0,3,0,0,0,160,140,301,0,0,0,0,0,0,0,0,0,0,0,0,0,0,0,0,0,0,0,0,0,0,0,0,0,0,0,0,0,0,0,0,0,0,0,0,0,0,0,0,0,0,0,0,0,0,0,0,0,0,0,0,0,0,0,0,0,27,50,74,30,33,63,0,0,0,216,222,441
11102122115,core,0,0,0,5,0,0,0,0,0,0,0,0,0,0,0,67,55,123,3,3,10,4,0,4,0,0,7,0,0,0,0,0,0,4,3,3,81,66,145,0,0,0,0,0,0,0,0,0,0,0,0,0,0,0,0,0,0,0,0,0,0,0,0,0,0,0,0,0,0,0,0,0,0,0,0,0,0,0,0,0,0,0,0,0,0,0,0,0,0,0,0,0,0,0,0,0,12,21,32,17,15,35,0,0,0,110,104,212
11102122116,core,0,0,0,0,0,0,0,0,0,0,0,0,0,0,0,44,39,87,3,0,10,0,0,0,4,0,4,0,0,0,0,0,0,0,0,0,54,43,98,0,0,0,0,0,0,0,0,0,0,0,0,0,0,0,0,0,0,0,0,0,0,0,0,0,0,0,0,0,0,0,0,0,0,0,0,0,0,0,0,0,0,0,0,0,0,0,0,0,0,0,0,0,0,0,0,0,0,10,10,11,12,19,0,0,0,63,62,122
11102122117,core,0,0,0,0,0,0,0,0,0,0,0,0,0,0,0,72,58,131,0,4,0,0,0,0,0,0,0,0,0,0,0,0,0,0,0,0,74,62,136,0,0,0,0,0,0,0,0,0,0,0,0,0,0,0,0,0,0,0,0,0,0,0,0,0,0,0,0,0,0,0,0,0,0,0,0,0,0,0,0,0,0,3,0,3,0,0,0,0,0,0,0,0,0,0,0,0,7,7,16,8,14,22,0,0,0,93,79,173
11102122118,core,0,0,0,0,0,0,0,0,0,0,0,0,0,0,0,37,23,65,0,3,3,0,0,0,0,0,0,0,0,0,0,0,6,0,0,4,46,27,75,0,0,0,0,0,0,0,0,0,0,0,0,0,0,0,0,0,0,0,0,0,0,0,0,0,0,0,0,0,0,0,0,0,0,0,0,0,0,0,0,0,0,0,0,0,0,0,0,0,0,0,0,0,0,0,0,0,7,17,19,6,10,19,0,0,0,68,52,118
11102122119,core,0,0,0,0,0,0,0,0,0,0,0,0,0,0,0,48,32,81,0,5,3,0,0,0,0,0,0,0,0,0,0,0,0,0,3,3,51,42,91,0,0,0,0,0,0,0,0,0,0,0,0,0,0,0,0,0,0,0,0,0,0,0,0,0,0,0,0,0,0,0,0,0,0,0,0,0,0,0,0,0,0,0,0,0,0,0,0,0,0,0,0,0,0,0,0,0,8,7,18,3,15,23,0,0,0,61,63,129
11102122120,core,0,0,0,0,0,0,0,0,0,0,0,0,0,0,0,26,26,41,0,0,0,0,0,0,0,0,0,0,0,0,0,0,0,0,0,0,27,26,46,0,0,0,0,0,0,0,0,0,0,0,0,0,0,0,0,0,0,0,0,0,0,0,0,0,0,0,0,0,0,0,0,0,0,0,0,0,0,0,0,0,0,0,0,0,0,0,0,0,0,0,0,0,0,0,0,0,10,14,23,5,9,18,0,0,0,41,45,83
11103122201,core,0,0,0,0,0,0,0,0,0,0,0,0,0,0,0,57,38,97,0,4,4,0,0,0,0,0,0,0,0,0,0,0,0,0,0,0,63,40,104,0,0,0,0,0,0,0,0,0,0,0,0,0,0,0,0,0,0,0,0,0,0,0,0,0,0,0,0,0,0,0,0,0,0,0,0,0,0,0,0,0,0,0,0,0,0,0,0,0,0,0,0,0,0,0,0,0,29,32,60,20,39,53,0,0,0,108,111,219
11103122202,core,0,0,0,0,0,0,0,0,0,0,0,0,0,0,0,34,38,73,0,0,0,0,0,0,0,0,0,0,0,0,0,0,0,0,0,0,35,40,78,0,0,0,0,0,0,0,0,0,0,0,0,0,0,0,0,0,0,0,0,0,0,0,0,0,0,0,0,0,0,0,0,0,0,0,0,0,0,0,0,0,0,0,0,0,0,0,0,0,0,0,0,0,0,0,0,0,22,28,54,18,14,39,0,0,0,78,82,166
11103122203,core,0,0,4,0,0,0,0,0,0,0,0,0,0,0,0,74,56,132,5,8,17,0,0,0,0,0,0,0,0,0,0,3,3,0,0,3,87,67,154,0,0,0,0,0,0,0,0,0,0,0,0,0,0,0,0,0,0,0,0,0,0,0,0,0,0,0,0,0,0,0,0,0,0,0,0,0,0,0,0,0,0,0,0,0,0,0,0,0,0,0,0,0,0,0,0,0,31,42,67,18,27,42,0,0,0,131,135,267
11103122204,core,0,0,0,0,8,8,0,0,0,0,0,0,0,0,0,84,72,160,3,6,15,0,0,0,0,0,0,0,0,0,0,0,0,0,0,0,98,90,187,0,0,0,0,0,0,0,0,0,0,0,0,0,0,0,0,0,0,0,0,0,0,0,0,0,0,0,0,0,0,0,0,0,0,0,0,0,0,0,0,0,0,0,0,0,0,0,0,0,0,0,0,0,0,0,0,0,39,45,82,25,29,55,0,0,0,160,163,326
11103122205,core,0,0,0,0,0,0,0,0,0,0,0,0,0,0,0,53,39,94,0,0,6,6,0,6,0,0,0,0,0,0,0,0,0,0,5,4,59,43,107,0,0,0,0,0,0,0,0,0,0,0,0,0,0,0,0,0,0,0,0,0,0,0,0,0,0,0,0,0,0,0,0,0,0,0,0,0,0,0,0,0,0,0,0,0,0,0,0,0,0,0,0,0,0,0,0,0,31,44,73,10,12,28,0,0,0,106,97,205
11103122206,core,0,0,0,0,0,0,0,0,0,0,0,0,0,0,0,61,43,105,0,6,6,0,0,0,0,0,0,0,0,0,0,0,3,0,0,4,71,44,117,0,0,0,0,0,0,0,0,0,0,0,0,0,0,0,0,0,0,0,0,0,0,0,0,0,0,0,0,0,0,0,0,0,0,0,0,0,0,0,0,0,0,0,0,0,0,0,0,0,0,0,0,0,0,0,0,0,28,38,67,13,18,32,0,0,0,110,104,214
11103122207,core,0,0,0,0,0,0,0,0,0,0,0,0,0,0,0,89,73,159,8,3,9,0,0,0,0,0,0,0,0,0,3,0,4,8,12,19,104,88,202,0,0,0,0,0,0,0,0,0,0,0,0,0,0,0,0,0,0,0,0,0,0,0,0,0,0,0,0,0,0,0,0,0,0,0,0,0,0,0,0,0,0,0,0,0,0,0,0,0,0,0,0,0,0,0,0,0,36,48,89,15,20,35,0,0,0,165,156,318
11103122208,core,0,0,0,5,0,5,0,0,0,0,0,0,0,0,0,81,71,150,3,6,8,0,0,0,0,0,0,0,0,0,3,0,4,12,0,14,102,83,188,0,0,0,0,0,0,0,0,0,0,0,0,0,0,0,0,0,0,0,0,0,0,0,0,0,0,0,0,0,0,0,0,0,0,0,0,0,0,0,4,0,4,4,0,4,0,0,0,0,0,0,0,0,0,0,0,0,23,37,63,16,38,51,0,0,0,147,160,306
11103122209,core,0,0,0,0,0,0,0,0,0,0,0,0,0,0,0,50,32,78,0,5,6,0,0,0,0,0,0,0,0,0,0,0,0,0,0,0,49,39,93,0,0,0,0,0,0,0,0,0,0,0,0,0,0,0,0,0,0,0,0,0,0,0,0,0,0,0,0,0,0,0,0,0,0,0,0,0,0,0,0,0,0,0,0,0,0,0,0,0,0,0,0,0,0,0,0,0,27,36,63,14,23,34,0,0,0,97,92,193
11103122210,core,0,0,0,0,4,4,0,0,0,0,0,0,0,0,0,92,79,167,4,5,10,0,0,0,0,0,0,0,0,0,0,0,4,0,4,5,101,89,194,0,0,0,0,0,0,0,0,0,0,0,0,0,0,0,0,0,0,0,0,0,0,0,0,0,0,0,0,0,0,0,0,0,0,0,0,0,0,0,5,0,5,5,0,0,0,0,0,0,0,0,0,0,0,0,0,0,23,40,65,24,36,62,0,0,0,156,166,322
11103122211,core,0,0,0,0,0,0,0,0,0,0,0,0,0,0,0,50,37,88,0,0,3,0,0,0,0,0,0,0,0,0,0,0,0,5,0,5,58,40,96,0,0,0,0,0,0,0,0,0,0,0,0,0,0,0,0,0,0,0,0,0,0,0,0,0,0,0,0,0,0,0,0,0,0,0,0,0,0,0,0,0,0,0,0,0,0,0,0,0,0,0,0,0,0,0,0,0,25,31,53,20,25,46,0,0,0,102,91,195
11103122212,core,0,0,0,0,0,0,0,0,0,0,0,0,0,0,0,76,53,140,3,11,12,3,0,3,0,4,7,3,0,3,0,3,3,0,4,4,92,73,165,0,0,0,0,0,0,0,0,0,0,0,0,0,0,0,0,0,0,0,0,0,0,0,0,0,0,0,0,0,0,0,0,0,0,0,0,0,0,0,0,0,0,0,0,0,0,0,0,0,0,0,0,0,0,0,0,0,23,38,64,13,24,38,0,0,0,125,142,268
11103122213,core,0,0,0,0,0,0,0,0,0,0,0,0,6,0,6,35,34,71,0,5,5,0,0,0,0,0,0,0,0,0,0,0,0,0,5,5,42,43,84,0,0,0,0,0,0,0,0,0,0,0,0,0,0,0,0,0,0,0,0,0,0,0,0,0,0,0,0,0,0,0,0,0,0,0,0,0,0,0,0,0,0,0,0,0,0,0,0,0,0,0,0,0,0,0,0,0,16,21,35,4,16,22,0,0,0,61,85,142
11103122214,core,0,0,0,0,0,4,0,0,0,0,0,0,0,0,0,58,47,100,3,0,9,0,0,0,0,0,0,0,0,0,0,0,0,4,3,3,73,49,123,0,0,0,0,0,0,0,0,0,0,0,0,0,0,0,0,0,0,0,0,0,0,0,0,0,0,0,0,0,0,0,0,0,0,0,0,0,0,0,4,0,4,0,0,0,0,0,0,0,0,0,0,0,0,0,0,0,14,34,53,15,15,31,0,0,0,106,96,208
11103122215,core,0,0,0,0,0,0,0,0,0,0,0,0,0,0,0,47,45,93,4,0,4,0,0,0,3,0,3,0,0,0,0,0,0,0,4,5,58,45,99,0,0,0,0,0,0,0,0,0,0,0,0,0,0,0,0,0,0,0,0,0,0,0,0,0,0,0,0,0,0,0,0,0,0,0,0,0,0,0,0,0,0,0,0,0,0,0,0,0,0,0,0,0,0,0,0,0,29,26,56,3,14,21,0,0,0,92,91,186
11103122216,core,0,0,0,0,0,0,0,0,0,0,0,0,0,0,0,88,62,149,5,3,12,7,0,7,0,0,0,0,0,0,0,0,0,0,3,3,105,70,171,0,0,0,0,0,0,0,0,0,0,0,0,0,0,0,0,0,0,0,0,0,0,0,0,0,0,0,0,0,0,0,0,0,0,0,0,0,0,0,0,0,0,0,0,5,0,0,0,0,0,0,0,0,0,0,0,0,29,46,75,15,32,43,0,0,0,148,146,289
11103122217,core,0,0,0,0,0,0,0,0,0,0,0,0,0,0,0,101,66,162,7,0,4,6,0,6,0,0,0,0,0,0,0,0,0,4,0,4,110,71,183,0,0,0,0,0,0,0,0,0,0,0,0,0,0,0,0,0,0,0,0,0,0,0,0,0,0,0,0,0,0,0,0,0,0,0,0,0,0,0,0,0,0,0,0,0,0,0,0,0,0,0,0,0,0,0,0,0,29,55,82,17,29,42,0,0,0,156,155,307
11103122218,core,0,0,3,3,0,3,0,0,0,0,0,0,0,0,0,77,77,152,9,13,15,0,0,0,0,0,0,0,0,0,0,0,0,9,3,9,93,93,183,0,0,0,0,0,0,0,0,0,0,0,0,0,0,0,0,0,0,0,0,0,0,0,0,0,0,0,0,0,0,0,0,0,0,0,0,0,0,0,0,0,0,0,0,0,0,0,0,0,0,0,0,0,0,0,0,0,31,49,75,9,23,32,0,0,0,140,157,297
11103122219,core,0,0,0,0,3,6,0,0,0,0,0,0,0,0,0,74,54,129,3,0,7,0,0,0,3,0,3,0,0,0,0,0,0,0,0,0,84,62,148,0,0,0,0,0,0,0,0,0,0,0,0,0,0,0,0,0,0,0,0,0,0,0,0,0,0,0,0,0,0,0,0,0,0,0,0,0,0,0,3,0,5,3,4,6,0,0,0,0,0,0,0,0,0,0,0,0,23,45,70,12,26,36,0,0,0,126,135,260
11103122220,core,0,0,0,5,5,6,0,0,0,0,0,0,0,0,0,76,67,139,6,5,8,0,0,0,3,0,3,0,0,5,0,0,5,4,8,10,94,79,169,0,0,0,0,0,0,0,0,0,0,0,0,0,0,0,0,0,0,0,0,0,0,0,0,0,0,0,0,0,0,0,0,0,0,0,0,0,0,0,4,0,4,3,0,3,0,0,0,0,0,0,0,0,0,0,0,0,39,38,72,15,38,54,0,0,0,152,150,305
11103122221,core,0,0,0,0,0,0,0,0,0,0,0,0,0,0,0,0,3,6,0,0,0,0,0,0,0,0,0,0,0,0,0,0,0,0,0,0,0,3,6,0,0,0,0,0,0,0,0,0,0,0,0,0,0,0,0,0,0,0,0,0,0,0,0,0,0,0,0,0,0,0,0,0,0,0,0,0,0,0,0,0,0,0,0,0,0,0,0,0,0,0,0,0,0,0,0,0,0,0,0,0,0,0,0,0,0,0,0,3
11103122222,core,0,0,0,0,0,0,0,0,0,0,0,0,0,0,0,0,0,0,0,0,0,0,0,0,0,0,0,0,0,0,0,0,0,0,0,0,0,0,0,0,0,0,0,0,0,0,0,0,0,0,0,0,0,0,0,0,0,0,0,0,0,0,0,0,0,0,0,0,0,0,0,0,0,0,0,0,0,0,0,0,0,0,0,0,0,0,0,0,0,0,0,0,0,0,0,0,0,0,0,0,0,0,0,0,0,0,0,0
11103122223,core,0,0,0,0,0,0,0,0,0,0,0,0,0,0,0,77,62,137,4,9,11,0,0,0,0,0,0,0,0,0,3,0,3,0,0,0,89,65,159,0,0,0,0,0,0,0,0,0,0,0,0,0,0,0,0,0,0,0,0,0,0,0,0,0,0,0,0,0,0,0,0,0,0,0,0,0,0,0,0,0,0,0,0,0,0,0,0,0,0,0,0,0,0,0,0,0,37,43,79,17,37,58,0,0,0,145,153,301
11103122224,core,0,0,0,0,0,0,0,0,0,0,0,0,0,0,0,63,40,106,5,5,10,0,0,0,0,0,0,0,0,0,0,0,0,0,0,0,66,47,115,0,0,0,0,0,0,0,0,0,0,0,0,0,0,0,0,0,0,0,0,0,0,0,0,0,0,0,0,0,0,0,0,0,0,0,0,0,0,0,0,0,8,0,0,8,0,0,0,0,0,0,0,0,0,0,0,0,23,34,60,18,46,65,0,0,0,117,126,243
11103122225,core,0,0,0,0,0,0,0,0,0,0,0,0,0,0,0,70,50,114,0,6,6,0,0,0,0,0,0,5,0,3,0,3,3,5,3,7,72,57,129,0,0,0,0,0,0,0,0,0,0,0,0,0,0,0,0,0,0,0,0,0,0,0,0,0,0,0,0,0,0,0,0,0,0,0,0,0,0,0,4,0,4,4,0,4,0,0,4,0,0,0,0,0,0,0,0,4,26,33,63,24,31,54,0,3,3,124,124,251
11103122226,core,0,0,0,0,0,0,0,0,0,0,0,0,0,0,0,62,52,111,0,6,11,0,0,0,3,0,3,0,0,0,0,4,4,0,0,0,66,62,129,0,0,0,0,0,0,0,0,0,0,0,0,0,0,0,0,0,0,0,0,0,0,0,0,0,0,0,0,0,0,0,0,0,0,0,0,0,0,0,0,0,0,0,0,5,0,0,0,0,0,0,0,0,0,0,0,0,31,34,65,15,20,33,0,0,0,117,120,232
11103122227,core,0,0,0,0,0,0,0,0,0,0,0,0,0,0,0,62,50,111,4,9,9,4,0,4,4,0,0,4,0,4,0,0,0,4,0,4,68,61,126,0,0,0,0,0,0,0,0,0,0,0,0,0,0,0,0,0,0,0,0,0,0,0,0,0,0,0,0,0,0,0,0,0,0,0,0,0,0,0,0,0,0,0,0,0,0,0,0,0,0,0,0,0,0,0,0,0,32,28,62,13,21,34,0,0,0,114,105,222
11103122228,core,0,0,0,0,5,0,0,0,0,0,0,0,0,0,0,57,34,85,0,8,8,0,0,0,0,0,0,0,0,0,0,0,0,0,0,0,64,36,99,0,0,0,0,0,0,0,0,0,0,0,0,0,0,0,0,0,0,0,0,0,0,0,0,0,0,0,0,0,0,0,0,0,0,0,0,0,0,0,0,0,0,0,0,0,0,0,0,0,0,0,0,0,0,0,0,0,30,29,64,10,20,32,0,0,0,102,95,195
11103122229,core,0,0,0,0,0,0,0,0,0,0,0,0,0,0,0,56,39,103,0,4,7,3,0,0,0,0,0,4,0,4,0,0,0,0,0,0,64,46,110,0,0,0,0,0,0,0,0,0,0,0,0,0,0,0,0,0,0,0,0,0,0,0,0,0,0,0,0,0,0,0,0,0,0,0,0,0,0,0,0,0,0,0,0,0,0,0,0,0,0,0,0,0,0,0,0,0,31,35,67,8,21,30,0,0,0,105,105,212
11103122230,core,0,0,0,0,0,0,0,0,0,0,0,0,0,0,0,74,53,131,0,4,8,0,0,0,0,0,0,0,0,0,0,0,0,0,0,0,81,58,141,0,0,0,0,0,0,0,0,0,0,0,0,0,0,0,0,0,0,0,0,0,0,0,0,0,0,0,0,0,0,0,0,0,0,0,0,0,0,0,0,0,0,0,0,0,0,0,0,0,0,0,0,0,0,0,0,0,24,24,51,18,23,39,0,0,0,122,103,230
11103122231,core,0,0,0,0,0,0,0,0,0,0,0,0,0,0,0,44,46,94,5,0,3,0,0,0,0,0,0,0,0,0,0,0,0,0,0,0,52,49,101,0,0,0,0,0,0,0,0,0,0,0,0,0,0,0,0,0,0,0,0,0,0,0,0,0,0,0,0,0,0,0,0,0,0,0,0,0,0,0,0,0,0,0,0,0,0,0,0,0,0,0,0,0,0,0,0,0,29,24,49,14,12,25,0,0,0,95,84,183
11103122232,core,0,0,0,0,0,0,0,0,0,0,0,0,0,0,0,76,69,141,0,3,8,3,0,3,3,0,3,0,0,0,0,0,0,0,0,0,84,76,159,0,0,0,0,0,0,0,0,0,0,0,0,0,0,0,0,0,0,0,0,0,0,0,0,0,0,0,0,0,0,0,0,0,0,0,0,0,0,0,0,0,0,0,0,0,0,0,0,0,0,0,0,0,0,0,0,0,34,34,66,30,28,55,0,0,0,141,135,275
11103122233,core,0,0,0,0,0,0,0,0,0,0,0,0,0,0,0,60,38,96,0,5,6,3,0,3,0,0,0,3,0,3,0,0,0,0,0,0,63,42,107,0,0,0,0,0,0,0,0,0,0,0,0,0,0,0,0,0,0,0,0,0,0,0,0,0,0,0,0,0,0,0,0,0,0,0,0,0,0,0,0,0,0,0,0,0,0,0,0,0,0,0,0,0,0,0,0,0,20,29,52,11,12,20,0,0,5,96,92,184
11103122234,core,0,0,0,0,0,0,0,0,0,0,0,0,0,0,0,45,39,90,0,4,5,0,0,0,0,0,0,0,0,0,0,0,0,0,0,0,50,43,91,0,0,0,0,0,0,0,0,0,0,0,0,0,0,0,0,0,0,0,0,0,0,0,0,0,0,0,0,0,0,0,0,0,0,0,0,0,0,0,0,0,0,0,0,0,0,0,0,0,0,0,0,0,0,0,0,0,31,37,67,15,25,40,0,0,0,95,101,203
11103122235,core,0,0,0,0,0,0,0,0,0,0,0,0,0,0,0,91,67,156,3,10,11,0,0,0,0,0,0,0,0,4,0,0,0,3,0,3,98,79,182,0,0,0,0,0,0,0,0,0,0,0,0,0,0,0,0,0,0,0,0,0,0,0,0,0,0,0,0,0,0,0,0,0,0,0,0,0,0,0,0,0,0,0,0,0,0,0,0,0,0,0,0,0,0,0,0,0,42,50,92,19,25,48,0,0,0,167,161,328
11103122236,core,0,0,0,0,0,0,0,0,0,0,0,0,0,0,0,66,36,105,0,0,0,0,0,0,0,0,0,0,0,0,0,0,0,0,0,0,71,40,108,0,0,0,0,0,0,0,0,0,0,0,0,0,0,0,0,0,0,0,0,0,0,0,0,0,0,0,0,0,0,0,0,0,0,0,0,0,0,0,0,0,0,0,0,0,0,0,0,0,0,0,0,0,0,0,0,0,20,32,54,8,22,33,0,0,0,105,94,199
11103122237,core,0,0,0,0,0,0,0,0,0,0,0,0,0,0,0,0,0,0,0,0,0,0,0,0,0,0,0,0,0,0,0,0,0,0,0,0,0,0,0,0,0,0,0,0,0,0,0,0,0,0,0,0,0,0,0,0,0,0,0,0,0,0,0,0,0,0,0,0,0,0,0,0,0,0,0,0,0,0,0,0,0,0,0,0,0,0,0,0,0,0,0,0,0,0,0,0,0,0,0,0,0,0,0,0,0,0,0,0
11103122238,core,0,0,0,0,0,0,0,0,0,0,0,0,0,0,0,0,0,0,0,0,0,0,0,0,0,0,0,0,0,0,0,0,0,0,0,0,0,0,0,0,0,0,0,0,0,0,0,0,0,0,0,0,0,0,0,0,0,0,0,0,0,0,0,0,0,0,0,0,0,0,0,0,0,0,0,0,0,0,0,0,0,0,0,0,0,0,0,0,0,0,0,0,0,0,0,0,0,0,0,0,0,0,0,0,0,0,0,0
11103122239,core,0,0,0,0,4,10,0,0,0,0,0,0,0,0,5,61,64,127,0,0,4,0,0,0,0,0,0,0,0,4,0,0,0,0,0,3,68,80,148,0,0,0,0,0,0,0,0,0,0,0,0,0,0,0,0,0,0,0,0,0,0,0,0,0,0,0,0,0,0,0,0,0,0,0,0,0,0,0,0,0,0,0,0,4,0,0,0,0,0,0,0,0,0,0,0,0,24,24,47,19,26,43,0,0,0,112,129,240
11103122240,core,0,0,0,0,0,0,0,0,0,0,0,0,0,0,0,75,64,143,0,5,5,4,0,4,0,0,3,3,0,3,0,0,3,0,0,3,94,77,166,0,0,0,0,0,0,0,0,0,0,0,0,0,0,0,0,0,0,0,0,0,0,0,0,0,0,0,0,0,0,0,0,0,0,0,0,0,0,0,0,0,0,0,0,0,0,0,0,0,0,0,0,0,0,0,0,0,23,39,61,8,14,22,0,0,0,123,133,254
11103122301,core,0,0,0,0,0,0,0,0,0,0,0,0,0,0,0,50,29,78,3,3,4,0,0,0,0,0,0,0,0,0,0,0,5,0,0,0,56,34,89,0,0,0,0,0,0,0,0,0,0,0,0,0,0,0,0,0,0,0,0,0,0,0,0,0,0,0,0,0,0,0,0,0,0,0,0,0,0,0,0,0,3,3,0,0,0,0,0,0,0,0,0,0,0,0,0,0,0,7,7,8,5,15,0,0,0,62,46,108
11103122302,core,0,0,0,0,0,0,0,0,0,0,0,0,0,0,0,79,59,138,5,0,7,0,0,0,0,0,0,0,0,0,0,0,0,0,5,5,86,61,146,0,0,0,0,0,0,0,0,0,0,0,0,0,0,0,0,0,0,0,0,0,0,0,0,0,0,0,0,0,0,0,0,0,0,0,0,0,0,0,0,0,0,3,0,3,0,0,0,0,0,0,0,0,0,0,0,0,9,10,20,10,19,32,0,0,0,103,92,199
11103122303,core,0,0,0,0,0,0,0,0,0,0,0,0,0,0,0,97,69,165,10,4,12,0,0,0,3,0,3,0,0,0,0,0,0,0,0,6,112,72,185,0,0,0,0,0,0,0,0,0,0,0,0,0,0,3,0,0,0,4,0,4,0,0,0,0,0,0,0,0,0,0,0,0,0,0,0,0,0,0,0,0,0,4,0,4,0,0,0,0,0,0,0,0,0,0,0,0,9,20,28,18,21,34,0,0,0,138,117,253
11103122304,core,0,0,0,0,0,0,0,0,0,0,0,0,0,0,0,55,43,97,0,3,6,0,0,0,0,0,0,0,0,0,0,0,0,0,0,0,60,45,110,0,0,0,0,0,0,0,0,0,0,0,0,0,0,0,0,0,0,0,0,0,0,0,0,0,0,0,0,0,0,0,0,0,0,0,0,0,0,0,0,0,0,0,0,0,0,0,0,0,0,0,0,0,0,0,0,0,0,13,13,3,10,15,0,0,0,73,66,142
11103122306,core,0,0,0,0,0,0,0,0,0,0,0,0,0,0,0,65,45,106,6,0,5,4,0,4,4,0,4,0,0,0,0,0,0,0,0,0,72,46,121,0,0,0,0,0,0,0,0,0,0,0,0,0,0,0,0,0,0,0,0,0,0,0,0,0,0,0,0,0,0,0,0,0,0,0,0,0,0,0,0,0,0,0,0,0,0,0,0,0,0,0,0,0,0,0,0,0,10,16,25,4,6,13,0,0,0,89,71,161
11103122307,core,0,0,0,0,0,0,0,0,0,0,0,0,0,0,0,60,48,106,0,5,10,0,0,0,0,0,0,0,0,0,0,0,0,3,0,4,63,54,116,0,0,0,0,0,0,0,0,0,0,0,0,0,0,0,0,0,0,0,0,0,0,0,0,0,0,0,0,0,0,0,0,0,0,0,0,0,0,0,0,0,0,0,0,0,0,0,0,0,0,0,0,0,0,0,0,0,4,20,18,18,24,42,3,3,3,81,98,175
11103122308,core,0,0,0,0,0,0,0,0,0,0,0,0,0,0,0,74,51,120,0,3,8,0,0,0,0,0,0,0,0,0,0,0,0,0,0,0,81,57,140,0,0,0,0,0,0,0,0,0,0,0,0,0,0,0,0,0,0,0,0,0,0,0,0,0,0,0,0,0,0,0,0,0,0,0,0,0,0,0,0,0,0,3,0,3,0,0,0,0,0,0,0,0,0,0,0,0,5,10,17,10,14,27,0,0,0,99,89,182
11103122309,core,0,0,0,0,0,0,0,0,0,0,0,0,0,0,0,3,0,4,0,0,0,0,0,0,0,0,0,0,0,0,0,0,0,0,0,0,5,0,4,0,0,0,0,0,0,0,0,0,0,0,0,0,0,0,0,0,0,0,0,0,0,0,0,0,0,0,0,0,0,0,0,0,0,0,0,0,0,0,0,0,0,0,0,0,0,0,0,0,0,0,0,0,0,0,0,0,0,0,7,0,0,0,0,0,0,5,3,10
11103122310,core,3,0,3,5,0,3,0,0,0,0,0,0,0,0,0,66,59,124,3,9,12,3,0,3,0,0,6,0,3,7,0,0,0,6,0,11,88,73,163,0,0,0,0,0,0,0,0,0,0,0,0,0,0,0,0,0,0,0,0,0,0,0,0,0,0,0,0,0,0,0,0,0,0,0,0,0,0,0,0,0,0,0,0,0,0,0,0,0,0,0,0,0,0,0,0,0,7,12,24,14,15,33,0,0,0,108,104,219
11103122311,core,0,0,0,0,0,0,0,0,0,0,0,0,0,0,0,109,61,170,3,6,14,5,0,5,0,0,0,0,0,0,3,0,3,7,7,8,129,73,201,0,0,0,0,0,0,0,0,0,0,0,0,0,0,0,0,0,0,0,0,0,0,0,0,0,0,0,0,0,0,0,0,0,0,0,0,0,0,0,0,0,0,5,0,5,0,0,0,0,0,0,0,0,0,0,0,0,4,12,21,13,23,37,0,0,0,148,117,261
11103122312,core,3,0,3,0,0,0,0,0,0,0,0,0,0,0,0,75,56,130,0,5,5,0,0,0,0,0,0,0,0,0,0,0,0,0,0,0,80,56,139,0,0,0,0,0,0,0,0,0,0,0,0,0,0,0,0,0,0,0,0,0,0,0,0,0,0,0,0,0,0,0,0,0,0,0,0,0,0,0,0,0,0,0,0,0,0,0,0,0,0,0,0,0,0,0,0,0,4,6,12,15,20,40,0,0,0,101,88,190
11103122313,core,0,0,0,0,0,0,0,0,0,0,0,0,0,0,0,72,65,139,0,6,3,0,0,0,3,0,3,0,0,0,0,0,0,0,3,3,76,69,150,0,0,0,0,0,0,0,0,0,0,0,0,0,0,0,0,0,0,0,0,0,0,0,0,0,0,0,0,0,0,0,0,0,0,0,0,0,0,0,0,0,0,0,0,0,0,0,0,0,0,0,0,0,0,0,0,0,4,7,10,10,20,31,0,0,5,96,99,199
11103122314,core,0,0,0,0,0,0,0,0,0,0,0,0,0,0,0,53,45,95,0,4,4,5,0,5,0,0,0,0,0,0,0,0,0,3,5,4,60,51,114,0,0,0,0,0,0,0,0,0,0,0,0,0,0,0,0,0,0,0,0,0,0,0,0,0,0,0,0,0,0,0,0,0,0,0,0,0,0,0,0,0,0,0,0,0,0,0,0,0,0,0,0,0,0,0,0,0,22,22,41,12,13,24,0,0,0,94,81,177
11103122315,core,0,0,0,0,0,0,0,0,0,0,0,0,0,0,0,49,39,86,0,0,3,0,0,0,0,0,0,0,0,0,0,0,0,0,0,6,54,41,100,0,0,0,0,0,0,0,0,0,0,0,0,0,0,0,0,0,0,0,0,0,0,0,0,0,0,0,0,0,0,0,0,0,0,0,0,0,0,0,0,0,0,0,0,0,0,0,0,0,0,0,0,0,0,0,0,0,0,13,18,11,17,21,0,0,0,65,73,136
11103122316,core,0,0,0,0,0,0,0,0,0,0,0,0,0,0,0,35,21,56,0,4,4,5,0,5,0,0,0,0,0,0,0,0,0,0,0,0,42,22,68,0,0,0,0,0,0,0,0,0,0,0,0,0,0,0,0,0,0,0,0,0,0,0,0,0,0,0,0,0,0,0,0,0,0,0,0,0,0,0,0,0,0,0,0,0,0,0,0,0,0,0,0,0,0,0,0,0,8,5,16,9,0,10,0,0,0,58,32,90
11103122317,core,0,0,0,0,0,0,0,0,0,0,0,0,0,0,0,56,32,88,5,5,8,0,0,0,0,0,0,0,0,0,0,0,0,0,0,0,65,35,104,0,0,0,0,0,0,0,0,0,0,0,0,0,0,0,0,0,0,0,0,0,0,0,0,0,0,0,0,0,0,0,0,0,0,0,0,0,0,0,0,0,0,0,0,0,0,0,0,0,0,0,0,0,0,0,0,0,6,6,13,9,12,22,0,0,0,85,57,146
11103122318,core,3,0,3,0,0,0,0,0,0,0,0,0,0,0,0,46,37,86,0,5,9,0,0,0,0,0,0,0,0,0,0,0,0,0,0,0,52,43,91,0,0,0,0,0,0,0,0,0,0,0,0,0,0,0,0,0,0,0,0,0,0,0,0,0,0,0,0,0,0,0,0,0,0,0,0,0,0,0,0,0,0,0,0,0,0,0,0,0,0,0,0,0,0,0,0,0,0,9,4,6,13,12,0,0,0,56,54,116
11103122319,core,0,0,0,0,0,0,0,0,0,0,0,0,0,0,0,40,23,63,3,6,3,0,0,0,0,0,0,0,0,0,0,0,0,0,0,0,42,30,73,0,0,0,0,0,0,0,0,0,0,0,0,0,0,0,0,0,0,0,0,0,0,0,0,0,0,0,0,0,0,0,0,0,0,0,0,0,0,0,0,0,0,0,0,0,0,0,0,0,0,0,0,0,0,0,0,0,3,8,14,5,9,15,5,0,0,57,48,100
11103122320,core,0,0,0,0,0,0,0,0,0,0,0,0,0,0,0,49,39,90,5,0,8,0,0,0,4,0,4,0,0,0,0,0,4,0,0,0,55,42,97,0,0,0,0,0,0,0,0,0,0,0,0,0,0,0,0,0,0,0,0,0,0,0,0,0,0,0,0,0,0,0,0,0,0,0,0,0,0,0,0,0,0,0,0,0,0,0,0,0,0,0,0,0,0,0,0,0,6,6,18,11,7,19,0,0,0,72,60,138
11103122321,core,0,0,0,0,0,0,0,0,0,0,0,0,0,0,0,27,26,52,4,3,4,0,0,0,0,0,0,0,0,0,0,0,0,0,0,0,24,30,58,0,0,0,0,0,0,0,0,0,0,0,0,0,0,0,0,0,0,0,0,0,0,0,0,0,0,0,0,0,0,0,0,0,0,0,0,0,0,0,0,0,0,0,0,0,0,0,0,0,0,0,0,0,0,0,0,0,0,0,0,4,5,14,0,0,0,33,43,71
11103122322,core,0,0,4,0,0,0,0,0,0,0,0,0,0,0,0,67,57,125,12,5,11,0,0,0,6,0,6,0,0,0,0,0,0,0,0,0,82,61,148,0,0,0,0,0,0,0,0,0,0,0,0,0,0,0,0,0,0,0,0,0,0,0,0,0,0,0,0,0,0,0,0,0,0,0,0,0,0,0,0,0,3,0,4,5,0,0,0,0,0,0,0,0,0,0,0,0,6,7,16,4,8,19,0,0,0,100,81,178
11103122323,core,0,0,0,0,0,0,0,0,0,0,0,0,0,0,0,56,39,96,6,6,9,0,0,0,0,0,0,0,0,0,0,0,0,0,0,0,68,46,112,0,0,0,0,0,0,0,0,0,0,0,0,0,0,0,0,0,0,0,0,0,0,0,0,0,0,0,0,0,0,0,0,0,0,0,0,0,0,0,0,0,0,0,0,0,0,0,0,0,0,0,0,0,0,0,0,0,0,12,12,9,14,17,0,0,0,72,73,142
11103122324,core,0,0,0,0,0,3,0,0,0,0,0,0,0,0,0,39,30,71,0,5,6,0,0,0,0,0,0,0,0,0,0,0,0,0,0,0,44,42,78,0,0,0,0,0,0,0,0,0,0,0,0,0,0,0,0,0,0,0,0,0,0,0,0,0,0,0,0,0,0,0,0,0,0,0,0,0,0,0,0,0,0,0,0,0,0,0,0,0,0,0,0,0,0,0,0,0,5,5,14,0,7,9,0,0,0,52,54,102
11103122325,core,0,0,0,0,0,0,0,0,0,0,0,0,0,0,0,15,13,27,3,0,3,0,0,0,0,0,0,0,0,0,0,0,0,0,0,0,22,13,31,0,0,0,0,0,0,0,0,0,0,0,0,0,0,0,0,0,0,0,0,0,0,0,0,0,0,0,0,0,0,0,0,0,0,0,0,0,0,0,0,0,0,0,0,0,0,0,0,0,0,0,0,0,0,0,0,0,4,3,5,0,8,7,0,0,0,24,25,45
11103122401,core,0,0,0,0,0,0,0,0,0,0,0,0,0,0,0,68,50,120,0,3,3,0,0,0,0,0,0,4,0,3,0,0,0,3,3,4,76,57,137,0,0,0,0,0,0,0,0,0,0,0,0,0,0,0,0,0,0,0,0,0,0,0,0,0,0,0,0,0,0,0,0,0,0,0,0,0,0,0,0,0,0,0,0,0,0,0,0,0,0,0,0,0,0,0,0,0,39,53,92,13,17,31,0,0,0,133,128,264
11103122402,core,0,0,0,0,0,0,0,0,0,0,0,0,0,0,0,51,46,92,0,3,4,3,0,3,0,0,0,3,0,3,0,0,5,0,0,4,56,54,112,0,0,0,0,0,0,0,0,0,0,0,0,0,0,0,0,0,0,0,0,0,0,0,0,0,0,0,0,0,0,0,0,0,0,0,0,0,0,0,0,0,0,0,0,4,0,0,0,0,0,0,0,0,0,0,0,0,30,28,59,9,26,34,0,0,0,103,104,209
11103122403,core,0,0,0,3,0,8,0,0,0,0,0,0,0,0,0,5,8,12,0,0,0,0,0,0,0,0,0,0,0,3,0,0,0,0,0,5,21,7,27,0,0,0,0,0,0,0,0,0,0,0,0,0,0,0,0,0,0,0,0,0,0,0,0,0,0,0,0,0,0,0,0,0,0,0,0,0,0,0,0,0,0,0,0,0,0,0,0,0,0,0,0,0,0,0,0,0,0,0,0,4,0,3,0,0,0,20,14,35
11103122404,core,0,0,0,0,5,5,0,0,0,0,0,0,0,0,0,60,41,97,0,6,6,0,0,0,0,0,0,3,0,3,0,0,0,0,0,0,62,55,114,0,0,0,0,0,0,0,0,0,0,0,0,0,0,0,0,0,0,0,0,0,0,0,0,0,0,0,0,0,0,0,0,0,0,0,0,0,0,0,0,0,0,0,0,0,0,0,0,0,0,0,0,0,0,0,0,0,19,27,44,8,18,28,0,0,0,93,103,189
11103122405,core,0,0,0,0,4,5,0,0,0,0,0,0,0,0,0,17,16,34,0,7,9,0,0,0,0,0,0,0,3,3,0,0,0,0,0,0,22,23,46,0,0,0,0,0,0,0,0,0,0,0,0,0,0,0,0,0,0,0,0,0,0,0,0,0,0,0,0,0,0,0,0,0,0,0,0,0,0,0,0,0,5,0,0,0,0,0,0,0,0,0,0,0,0,0,0,0,5,13,16,6,9,16,0,0,5,37,47,83
11103122406,core,0,0,0,0,0,0,0,0,0,0,0,0,0,0,0,21,9,28,0,0,0,0,0,0,0,0,0,0,0,0,0,0,0,0,0,0,21,6,29,0,0,0,0,0,0,0,0,0,0,0,0,0,0,0,0,0,0,0,0,0,0,0,0,0,0,0,0,0,0,0,0,0,0,0,0,0,0,0,0,0,0,0,0,0,0,0,0,0,0,0,0,0,0,0,0,0,0,6,7,3,7,15,0,0,0,31,20,50
11103122407,core,0,0,0,0,3,5,0,0,0,3,0,3,0,0,0,57,58,111,9,3,11,0,0,0,4,0,4,4,0,3,4,0,4,19,10,27,92,79,173,0,0,0,0,0,0,0,0,0,0,0,0,0,0,0,0,0,0,0,0,0,0,0,0,0,0,0,0,0,0,0,0,0,0,0,0,0,0,0,0,0,0,0,0,0,0,0,0,0,0,0,0,0,0,0,0,0,36,43,77,17,16,30,0,0,0,143,131,274
11103122408,core,0,0,0,0,0,0,0,0,0,0,0,0,0,0,0,27,19,43,0,0,3,0,0,0,0,0,0,0,0,0,0,0,0,3,0,0,33,21,55,0,0,0,0,0,0,0,0,0,0,0,0,0,0,0,0,0,0,0,0,0,0,0,0,0,0,0,0,0,0,0,0,0,0,0,0,0,0,0,0,0,0,0,0,0,0,0,0,0,0,0,0,0,0,0,0,0,23,16,35,7,7,15,0,0,0,59,48,107
11103122409,core,0,0,0,0,0,0,0,0,0,0,0,0,0,0,0,0,0,0,0,0,0,0,0,0,0,0,0,0,0,0,0,0,0,3,0,3,3,0,7,0,0,0,0,0,0,0,0,0,0,0,0,0,0,0,0,0,0,0,0,0,0,0,0,0,0,0,0,0,0,0,0,0,0,0,0,0,0,0,0,0,0,0,0,0,0,0,0,0,0,0,0,0,0,0,0,0,0,0,0,0,0,0,0,0,0,3,0,7
11103122410,core,0,0,0,0,0,0,0,0,0,0,0,0,0,0,0,0,0,0,0,0,0,0,0,0,0,0,0,0,0,0,0,0,0,0,0,0,0,0,0,0,0,0,0,0,0,0,0,0,0,0,0,0,0,0,0,0,0,0,0,0,0,0,0,0,0,0,0,0,0,0,0,0,0,0,0,0,0,0,0,0,0,0,0,0,0,0,0,0,0,0,0,0,0,0,0,0,0,0,0,0,0,0,0,0,0,0,0,0
11103122411,core,0,0,0,7,0,5,0,0,0,0,0,0,0,0,0,49,37,81,4,0,6,0,0,0,0,0,0,0,6,8,0,0,0,0,0,8,58,45,103,0,0,0,0,0,0,0,0,0,0,0,0,0,0,0,0,0,0,0,0,0,0,0,0,0,0,0,0,0,0,0,0,0,0,0,0,0,0,0,0,0,0,0,0,0,0,0,0,0,0,0,0,0,0,0,0,0,13,24,34,10,14,24,0,0,0,86,78,165
11103122412,core,0,0,0,0,0,4,0,0,0,0,0,0,0,0,0,86,90,182,3,3,11,0,0,0,0,0,0,0,0,0,0,0,0,0,0,0,97,96,198,0,0,0,0,0,0,0,0,0,0,0,0,0,0,0,0,0,0,0,0,0,0,0,0,0,0,0,0,0,0,0,0,0,0,0,0,0,0,0,5,0,3,5,0,3,0,0,0,0,0,0,0,0,0,0,0,0,33,42,82,15,36,50,0,0,0,153,182,337
11103122413,core,0,0,0,6,0,4,0,0,0,0,0,0,0,0,0,54,54,118,0,11,13,0,0,3,0,0,0,4,0,4,0,0,0,7,0,11,77,75,149,0,0,0,0,0,0,0,0,0,0,0,0,0,0,0,0,0,0,0,0,0,0,0,0,0,0,0,0,0,0,0,0,0,0,0,0,0,0,0,0,0,0,0,0,0,0,0,0,0,0,0,0,0,0,0,0,0,27,27,58,13,25,37,0,0,4,119,131,247
11103122414,core,0,0,0,0,0,3,0,0,0,0,0,0,0,0,0,61,38,97,4,0,4,0,0,0,0,0,0,0,0,4,0,0,0,4,7,9,66,51,113,0,0,0,0,0,0,0,0,0,0,0,0,0,0,0,0,0,0,0,0,0,0,0,0,0,0,0,0,0,0,0,0,0,0,0,0,0,0,0,0,0,0,0,0,0,0,0,0,0,0,0,0,0,0,0,0,0,18,29,48,16,26,38,0,0,0,96,109,206
11103122415,core,0,0,0,0,0,0,0,0,0,0,0,0,0,0,0,77,60,138,0,9,9,0,0,0,0,4,6,6,0,6,0,0,0,3,3,9,85,72,158,0,0,0,0,0,0,0,0,0,0,0,0,0,0,0,0,0,0,0,0,0,0,0,0,0,0,0,0,0,0,0,0,0,0,0,0,0,0,0,0,0,0,0,0,0,0,0,0,0,0,0,0,0,0,0,0,0,30,37,71,13,18,28,0,0,0,129,133,263
11103122416,core,0,0,0,0,0,0,0,0,0,0,0,0,0,0,0,0,0,0,0,0,0,0,0,0,0,0,0,0,0,0,0,0,0,0,0,0,0,0,0,0,0,0,0,0,0,0,0,0,0,0,0,0,0,0,0,0,0,0,0,0,0,0,0,0,0,0,0,0,0,0,0,0,0,0,0,0,0,0,0,0,0,0,0,0,0,0,0,0,0,0,0,0,0,0,0,0,0,0,0,0,0,0,0,0,0,0,0,0
11103122417,core,0,0,0,0,4,4,0,0,0,0,0,0,0,0,0,36,29,73,0,0,0,0,0,0,0,0,0,0,0,0,0,0,0,4,3,6,45,43,87,0,0,0,0,0,0,0,0,0,0,0,0,0,0,0,0,0,0,0,0,0,0,0,0,0,0,0,0,0,0,0,0,0,0,0,0,0,0,0,0,0,0,0,0,0,0,0,0,0,0,0,0,0,0,0,0,0,11,14,30,6,11,15,0,0,0,59,69,130
11103122418,core,0,0,0,3,4,10,0,0,0,0,0,0,3,0,3,77,55,137,0,8,13,0,0,0,0,0,0,5,0,7,0,0,0,5,8,17,102,85,188,0,0,0,0,0,0,0,0,0,0,0,0,0,0,0,0,0,0,0,0,0,0,0,0,0,0,0,0,0,0,0,0,0,0,0,0,0,0,0,0,0,0,0,0,0,0,0,0,0,0,0,0,0,0,0,0,0,38,52,88,27,42,72,0,0,0,163,180,347
11103122419,core,0,0,4,0,5,5,0,0,0,0,0,0,0,0,0,53,52,103,0,3,6,0,0,0,0,0,0,0,0,7,0,0,0,5,3,9,66,62,126,0,0,0,0,0,0,0,0,0,0,0,0,0,0,0,0,0,0,0,0,0,0,0,0,0,0,0,0,0,0,0,0,0,0,0,0,0,0,0,0,0,0,0,3,3,0,0,0,0,0,0,0,0,0,0,0,0,19,35,55,20,17,37,0,0,0,104,124,225
11103122420,core,0,0,0,0,0,3,0,0,0,0,0,0,0,0,0,28,18,43,0,5,5,0,0,0,0,0,0,0,0,0,0,0,0,4,8,7,36,23,58,0,0,0,0,0,0,0,0,0,0,0,0,0,0,0,0,0,0,0,0,0,0,0,0,0,0,0,0,0,0,0,0,0,0,0,0,0,0,0,0,0,0,0,0,0,0,0,0,0,0,0,0,0,0,0,0,0,13,13,27,11,3,14,0,0,0,49,45,96
11103122421,core,0,4,4,0,0,6,0,0,0,0,0,0,0,0,0,101,87,190,9,4,10,0,0,0,0,3,3,3,11,9,0,0,3,23,15,32,129,126,256,0,0,0,0,0,0,0,0,0,0,0,0,0,0,0,0,0,0,0,0,0,0,0,0,0,0,0,0,0,0,0,0,0,0,0,0,0,0,0,0,0,0,0,0,0,0,0,0,0,0,0,0,0,0,0,0,0,42,53,85,22,42,63,0,0,3,193,218,412
11103122422,core,0,0,0,3,3,6,0,0,0,0,0,0,0,0,0,86,82,171,10,0,7,0,0,0,8,0,8,8,4,11,0,0,3,0,4,3,117,90,207,0,0,0,0,0,0,0,0,0,0,0,0,0,0,0,0,0,0,3,0,3,0,0,0,0,0,0,0,0,0,0,0,0,0,0,0,0,0,0,0,0,0,4,0,4,0,0,0,0,0,0,0,0,0,0,0,0,52,65,119,33,37,68,0,0,0,204,197,399
11103122423,core,0,0,0,0,0,0,0,0,0,0,0,0,0,0,0,56,55,112,0,5,7,0,0,0,0,0,0,0,0,3,0,3,3,5,3,8,65,66,129,0,0,0,0,0,0,0,0,0,0,0,0,0,0,0,0,0,0,0,0,0,0,0,0,0,0,0,0,0,0,0,0,0,0,0,0,0,0,0,0,0,0,0,0,0,0,0,0,0,0,0,0,0,0,0,0,0,24,40,63,14,17,34,0,0,0,101,127,223
11103122424,core,5,0,5,0,0,0,0,0,0,0,0,0,0,0,0,50,61,110,5,0,4,0,0,0,0,0,0,8,0,3,3,0,3,0,7,9,64,72,140,0,0,0,0,0,0,0,0,0,0,0,0,0,0,0,0,0,0,0,0,0,0,0,0,0,0,0,0,0,0,0,0,0,0,0,0,0,0,0,0,0,0,0,0,5,0,0,0,0,0,0,0,0,0,0,0,0,28,37,65,20,20,39,0,0,3,115,132,250
11103122425,core,0,0,0,3,3,4,0,0,0,0,0,0,0,0,0,60,49,112,0,4,3,0,0,0,0,0,0,0,0,0,0,0,3,9,13,17,74,68,140,0,0,0,0,0,0,0,0,0,0,0,0,0,0,0,0,0,0,0,0,0,0,0,0,0,0,0,0,0,0,0,0,0,0,0,0,0,0,0,0,0,0,0,0,0,0,0,0,0,0,0,0,0,0,0,0,0,41,40,82,6,20,34,6,0,6,131,133,264
11103122426,core,0,0,0,4,0,4,0,0,0,0,0,0,0,0,0,86,68,153,4,3,3,0,0,0,0,6,6,4,0,6,0,0,0,13,12,19,113,83,195,0,0,0,0,0,0,0,0,0,0,0,0,0,0,0,0,0,0,0,0,0,0,0,0,0,0,0,0,0,0,0,0,0,0,0,0,0,0,0,4,0,5,4,0,5,0,0,0,0,0,0,0,0,0,0,0,0,33,44,73,15,21,40,0,0,0,166,149,317
11103122427,core,0,0,0,0,0,0,0,0,0,0,0,0,0,0,0,68,52,121,4,3,8,0,0,0,0,0,0,7,0,6,0,0,4,7,4,13,92,72,156,0,0,0,0,0,0,0,0,0,0,0,0,0,0,0,0,0,0,0,0,0,0,0,0,0,0,0,0,0,0,0,0,0,0,0,0,0,0,0,0,3,3,0,3,3,0,0,0,0,0,0,0,0,0,0,0,0,48,53,103,18,28,45,0,0,0,157,151,311
11103122428,core,0,0,0,0,0,0,0,0,0,0,0,0,0,0,0,39,20,63,0,3,5,0,0,0,0,0,0,0,0,0,0,0,0,4,4,10,42,31,71,0,0,0,0,0,0,0,0,0,0,0,0,0,0,0,0,0,0,0,0,0,0,0,0,0,0,0,0,0,0,0,0,0,0,0,0,0,0,0,0,0,0,0,0,0,0,0,0,0,0,0,0,0,0,0,0,0,23,30,55,9,16,24,0,0,0,76,78,156
11103122429,core,0,0,0,0,0,0,0,0,0,0,0,0,0,0,0,51,45,97,5,6,6,4,0,4,3,0,3,0,0,0,0,0,0,6,3,11,69,53,127,0,0,0,0,0,0,0,0,0,0,0,0,0,0,0,0,0,0,0,0,0,0,0,0,0,0,0,0,0,0,0,0,0,0,0,0,0,0,0,0,0,0,0,0,0,0,0,0,0,0,0,0,0,0,0,0,0,39,34,75,16,13,36,0,0,0,123,109,235
11103122430,core,0,0,0,0,0,0,0,0,0,0,0,0,0,0,0,49,31,82,0,0,3,0,0,0,0,0,0,4,0,4,0,0,3,9,9,18,62,44,106,0,0,0,0,0,0,0,0,0,0,0,0,0,0,0,0,0,0,0,0,0,0,0,0,0,0,0,0,0,0,0,0,0,0,0,0,0,0,0,0,0,0,0,0,0,0,0,0,0,0,0,0,0,0,0,0,0,30,34,67,14,13,33,0,0,0,119,92,209
11103122431,core,0,0,0,0,0,0,0,0,0,0,0,0,0,0,0,62,63,126,3,7,16,0,0,0,0,0,0,3,0,7,0,0,0,0,0,0,79,72,155,0,0,0,0,0,0,0,0,0,0,0,0,0,0,0,0,0,0,0,0,0,0,0,0,0,0,0,0,0,0,0,0,0,0,0,0,0,0,0,0,0,0,0,0,0,0,0,0,0,0,0,0,0,0,0,0,0,47,31,73,18,27,44,0,0,0,144,132,273
11103122432,core,0,0,0,0,0,0,0,0,0,0,0,0,0,0,0,29,24,48,5,0,3,0,0,0,0,0,0,0,0,0,0,0,0,0,0,0,31,24,63,0,0,0,0,0,0,0,0,0,0,0,0,0,0,0,0,0,0,0,0,0,0,0,0,0,0,0,0,0,0,0,0,0,0,0,0,0,0,0,0,0,0,0,0,0,0,0,0,0,0,0,0,0,0,0,0,0,22,24,53,5,7,13,0,0,0,65,62,123
11103122501,core,0,0,0,0,3,3,0,0,0,0,0,0,0,0,0,91,76,168,3,0,10,0,0,0,0,0,0,4,0,4,0,0,0,0,5,5,109,84,188,0,0,0,0,0,0,0,0,0,0,0,0,0,0,0,0,0,0,0,0,0,0,0,0,0,0,0,0,0,0,0,0,0,0,0,0,0,0,0,0,0,0,0,0,6,0,0,0,0,0,0,0,0,0,0,0,0,26,45,75,18,26,47,0,0,3,158,161,316
11103122502,core,0,0,0,0,0,0,0,0,0,0,0,0,0,0,0,47,48,97,0,11,11,0,0,0,0,0,0,3,0,4,0,0,0,0,0,0,48,53,107,0,0,0,0,0,0,0,0,0,0,0,0,0,0,0,0,0,0,0,0,0,0,0,0,0,0,0,0,0,0,0,0,0,0,0,0,0,0,0,0,0,0,0,0,0,0,0,0,0,0,0,0,0,0,0,0,0,14,22,38,5,11,23,0,0,0,69,94,167
11103122503,core,0,0,0,0,0,0,0,0,0,0,0,0,0,0,0,66,46,109,3,4,11,0,0,0,0,0,0,4,0,4,0,0,0,3,0,7,78,57,130,0,0,0,0,0,0,0,0,0,0,0,0,0,0,0,0,0,0,0,0,0,0,0,0,0,0,0,0,0,0,0,0,0,0,0,0,0,0,0,0,0,0,0,0,0,0,0,0,0,0,0,0,0,0,0,0,0,29,36,66,8,21,28,0,0,0,109,112,221
11103122504,core,6,0,4,0,0,4,0,0,0,0,0,0,0,0,0,103,94,195,5,7,5,0,0,0,0,0,0,0,4,4,0,0,0,3,3,4,116,108,224,0,0,0,0,0,0,0,0,0,0,0,0,0,0,0,0,0,0,0,0,0,0,0,0,0,0,0,0,0,0,0,0,0,0,0,0,0,0,0,0,0,0,0,5,5,0,0,0,0,0,0,0,0,0,0,0,0,23,49,67,20,37,60,0,0,3,158,197,355
11103122505,core,0,0,0,0,0,0,0,0,0,0,0,0,0,0,0,50,51,109,5,4,9,3,0,3,3,0,3,3,0,3,0,0,0,6,3,8,71,60,126,0,0,0,0,0,0,0,0,0,0,0,0,0,0,0,0,0,0,0,0,0,0,0,0,0,0,0,0,0,0,0,0,0,0,0,0,0,0,0,0,0,0,0,0,0,0,0,0,0,0,0,0,0,0,0,0,0,25,25,53,18,22,43,0,0,0,116,107,221
11103122506,core,0,0,0,0,0,0,0,0,0,0,0,0,0,0,0,56,42,98,6,0,7,0,0,0,0,3,4,3,0,3,0,0,0,0,5,5,59,52,113,0,0,0,0,0,0,0,0,0,0,0,0,0,0,0,0,0,0,0,0,0,0,0,0,0,0,0,0,0,0,0,0,0,0,0,0,0,0,0,0,0,0,0,0,0,0,0,0,0,0,0,0,0,0,0,0,0,16,21,40,5,18,25,0,0,0,79,97,175
11103122507,core,4,0,4,0,0,0,0,0,0,0,0,0,0,0,0,51,42,94,6,9,9,0,0,0,3,0,3,0,0,0,0,0,0,5,5,7,65,53,124,0,0,0,0,0,0,0,0,0,0,0,0,0,0,0,0,0,0,0,0,0,0,0,0,0,0,0,0,0,0,0,0,0,0,0,0,0,0,0,0,0,0,0,0,0,0,0,0,0,0,0,0,0,0,0,0,0,30,38,69,8,25,32,0,0,0,114,120,226
11103122508,core,0,0,0,0,0,0,0,0,0,0,0,0,0,0,0,87,67,152,6,6,14,0,0,0,0,0,0,3,0,3,0,0,0,0,4,8,98,81,180,0,0,0,0,0,0,0,0,0,0,0,0,0,0,0,0,0,0,0,0,0,0,0,0,0,0,0,0,0,0,0,0,0,0,0,0,0,0,0,0,0,0,5,0,5,0,0,0,0,0,0,0,0,0,0,0,0,35,46,83,26,33,58,0,0,0,169,159,331
11103122509,core,0,0,0,0,0,0,0,0,0,0,0,0,0,0,0,44,30,84,4,0,6,0,0,0,0,0,0,5,0,3,6,0,6,3,4,6,59,42,104,0,0,0,0,0,0,0,0,0,0,0,0,0,0,0,0,0,0,0,0,0,0,0,0,0,0,0,0,0,0,0,0,0,0,0,0,0,0,0,0,0,0,0,0,0,0,0,0,0,0,0,0,0,0,0,0,0,19,37,56,16,14,28,0,0,0,97,91,188
11103122510,core,0,0,0,0,0,0,0,0,0,0,0,0,0,0,0,47,39,88,0,4,4,3,0,3,0,0,3,4,3,5,0,0,0,0,0,0,55,43,99,0,0,0,0,0,0,0,0,0,0,0,0,0,0,0,0,0,0,0,0,0,0,0,0,0,0,0,0,0,0,0,0,0,0,0,0,0,0,0,0,0,0,0,0,0,0,0,0,0,0,0,0,0,0,0,0,0,21,23,49,3,16,19,0,0,0,79,85,166
11103122511,core,0,0,0,0,0,0,0,0,0,0,0,0,0,0,0,56,41,96,3,4,7,0,0,0,0,0,0,0,0,0,0,0,0,0,0,0,63,47,109,0,0,0,0,0,0,0,0,0,0,0,0,0,0,0,0,0,0,0,0,0,0,0,0,0,0,0,0,0,0,0,0,0,0,0,0,0,0,0,0,0,0,0,0,0,0,0,0,0,0,0,0,0,0,0,0,0,28,26,55,8,9,26,0,5,5,103,91,193
11103122512,core,0,0,0,0,0,0,0,0,0,0,0,0,0,0,0,51,34,80,7,6,9,6,0,6,0,0,0,0,0,0,0,0,3,4,5,3,57,48,108,0,0,0,0,0,0,0,0,0,0,0,0,0,0,0,0,0,0,0,0,0,0,0,0,0,0,0,0,0,0,0,0,0,0,0,0,0,0,0,0,0,0,4,0,4,0,0,0,0,0,0,0,0,0,0,0,0,29,27,51,6,23,33,0,0,0,99,93,189
11103122513,core,0,0,0,0,0,0,0,0,0,0,0,0,0,0,0,77,63,142,6,6,9,0,0,0,0,0,0,5,0,3,0,0,0,0,8,12,82,85,170,0,0,0,0,0,0,0,0,0,0,0,0,0,0,0,0,0,0,0,0,0,0,0,0,0,0,0,0,0,0,0,0,0,0,0,0,0,0,0,0,0,0,0,0,0,0,0,0,0,0,0,0,0,0,0,0,0,57,44,96,28,32,62,0,0,0,169,164,331
11103122514,core,0,0,0,0,5,5,0,0,0,0,0,0,0,0,0,75,68,141,3,4,11,0,0,0,0,0,0,0,0,6,0,0,0,0,0,3,85,79,162,0,0,0,0,0,0,0,0,0,0,0,0,0,0,0,0,0,0,0,0,0,0,0,0,0,0,0,0,0,0,0,0,0,0,0,0,0,0,0,0,0,4,0,0,4,0,0,0,0,0,0,0,0,0,0,0,0,20,47,66,11,25,34,0,0,0,116,151,265
11103122515,core,0,0,0,0,0,3,0,0,0,0,0,0,0,0,0,43,53,93,3,0,4,0,0,0,0,0,0,6,0,6,0,0,0,0,0,0,54,53,113,0,0,0,0,0,0,0,0,0,0,0,0,0,0,0,0,0,0,0,0,0,0,0,0,0,0,0,0,0,0,0,0,0,0,0,0,0,0,0,0,0,4,0,0,4,0,0,0,0,0,0,0,0,0,0,0,0,21,28,50,9,12,18,0,0,0,87,89,182
11103122516,core,0,0,0,0,0,4,0,0,0,0,0,0,0,0,0,90,65,156,7,6,11,0,0,0,0,0,0,0,0,0,0,0,3,3,9,8,110,80,193,0,0,0,0,0,0,0,0,0,0,0,0,0,0,0,0,0,0,0,0,0,0,0,0,0,0,0,0,0,0,0,0,0,0,0,0,0,0,0,0,0,0,0,0,0,0,0,0,0,0,0,0,0,0,0,0,0,23,34,58,15,16,30,6,0,6,147,133,276
11103122517,core,0,0,0,0,0,0,0,0,0,0,0,0,0,0,0,39,43,74,0,3,8,6,0,6,0,0,0,0,0,0,0,0,0,0,3,3,46,47,96,0,0,0,0,0,0,0,0,0,0,0,0,0,0,0,0,0,0,0,0,0,0,0,0,0,0,0,0,0,0,0,0,0,0,0,0,0,0,0,0,0,0,0,0,0,0,0,0,0,0,0,0,0,0,0,0,0,17,15,30,17,20,39,0,0,0,83,84,164
11103122518,core,0,0,0,0,0,0,0,0,0,0,0,0,0,0,0,76,67,143,7,6,9,0,0,0,0,0,0,0,0,0,0,0,0,4,3,8,89,73,166,0,0,0,0,0,0,0,0,0,0,0,0,0,0,0,0,0,0,0,0,0,0,0,0,0,0,0,0,0,0,0,0,0,0,0,0,0,0,0,0,0,0,0,0,0,0,0,0,0,0,0,0,0,0,0,0,0,29,42,69,19,21,42,0,0,0,132,144,276
11103122519,core,0,0,0,6,0,6,0,0,0,0,0,0,0,0,0,67,61,123,6,6,11,3,0,3,0,0,0,0,0,0,4,0,4,6,6,7,77,73,152,0,0,0,0,0,0,0,0,0,0,0,0,0,0,0,0,0,0,0,0,0,0,0,0,0,0,0,0,0,0,0,0,0,0,0,0,0,0,0,3,0,6,3,6,6,0,0,0,0,0,0,0,0,0,0,0,0,26,30,59,23,27,48,0,0,0,127,137,261
11103122520,core,0,0,0,0,0,3,0,0,0,0,0,0,0,0,0,30,29,56,0,0,0,0,0,0,0,0,0,0,0,0,0,0,0,5,0,8,36,31,69,0,0,0,0,0,0,0,0,0,0,0,0,0,0,0,0,0,0,0,0,0,0,0,0,0,0,0,0,0,0,0,0,0,0,0,0,0,0,0,0,0,4,0,0,4,0,0,0,0,0,0,0,0,0,0,0,0,15,21,32,13,8,18,0,0,0,62,65,127
11103122521,core,0,0,0,0,0,0,0,0,0,0,0,0,0,0,0,79,57,132,0,12,10,0,0,0,0,0,0,0,0,0,0,0,0,6,0,3,85,70,154,0,0,0,0,0,0,0,0,0,0,0,0,0,0,0,0,0,0,0,0,0,0,0,0,0,0,0,0,0,0,0,0,0,0,0,0,0,0,0,0,0,0,0,0,0,0,0,0,0,0,0,0,0,0,0,0,0,30,22,55,15,26,42,0,0,0,130,115,243
11103122522,core,0,0,0,0,0,0,0,0,0,0,0,0,0,0,0,31,44,77,0,0,4,0,0,0,0,0,0,0,0,0,3,0,3,3,0,3,41,43,88,0,0,0,0,0,0,0,0,0,0,0,0,0,0,0,0,0,0,0,0,0,0,0,0,0,0,0,0,0,0,0,0,0,0,0,0,0,0,0,0,0,0,0,0,0,0,0,0,0,0,0,0,0,0,0,0,0,30,26,51,14,17,29,0,0,0,87,84,175
11103122523,core,0,0,0,0,4,3,0,0,0,0,0,0,0,0,0,37,45,83,4,0,7,0,0,0,0,0,0,0,0,0,0,4,4,0,0,0,50,54,101,0,0,0,0,0,0,0,0,0,0,0,0,0,0,0,0,0,0,0,0,0,0,0,0,0,0,0,0,0,0,0,0,0,0,0,0,0,0,0,0,0,0,0,0,0,0,0,0,0,0,0,0,0,0,0,0,0,13,11,29,18,15,27,0,0,0,81,80,157
11103122524,core,0,0,0,0,0,0,0,0,0,0,0,0,0,0,0,72,67,143,3,5,6,0,0,0,0,0,3,3,0,3,0,0,0,0,0,4,84,71,158,0,0,0,0,0,0,0,0,0,0,0,0,0,0,0,0,0,0,0,0,0,0,0,0,0,0,0,0,0,0,0,0,0,0,0,0,0,0,0,0,3,3,0,3,3,0,0,0,0,0,0,0,0,0,0,0,0,33,38,75,20,31,49,0,0,0,139,150,285
11103122525,core,0,0,0,0,0,0,0,0,0,0,0,0,0,0,0,61,44,106,4,7,9,0,0,0,3,3,3,0,0,0,0,0,0,3,3,6,73,59,133,0,0,0,0,0,0,0,0,0,0,0,0,0,0,0,0,0,0,0,0,0,0,0,0,0,0,0,0,0,0,0,0,0,0,0,0,0,0,0,0,0,0,0,0,0,0,0,0,0,0,0,0,0,0,0,0,0,18,32,48,8,21,32,0,0,0,98,112,213
11103122526,core,0,0,0,0,0,3,0,0,0,0,0,0,0,0,0,72,75,146,3,8,11,3,0,3,0,0,0,6,0,6,0,0,0,0,4,8,88,81,171,0,0,0,0,0,0,0,0,0,0,0,0,0,0,0,0,0,0,0,0,0,0,0,0,0,0,0,0,0,0,0,0,0,0,0,0,0,0,0,7,0,7,7,0,7,0,0,0,0,0,0,0,0,0,0,0,0,41,54,90,17,26,45,0,0,0,152,159,310
11103122527,core,0,0,0,0,0,0,0,0,0,0,0,0,0,0,0,26,24,52,0,0,4,0,0,0,0,0,3,0,0,0,0,0,0,0,0,0,31,32,58,0,0,0,0,0,0,0,0,0,0,0,0,0,0,0,0,0,0,0,0,0,0,0,0,0,0,0,0,0,0,0,0,0,0,0,0,0,0,0,0,0,0,0,0,0,0,0,0,0,0,0,0,0,0,0,0,0,15,21,32,9,13,22,0,0,0,49,63,114
11103122528,core,0,0,0,0,0,0,0,0,0,0,0,0,0,0,0,48,31,81,3,0,3,0,0,0,0,0,0,0,0,0,0,0,0,0,4,5,56,35,92,0,0,0,0,0,0,0,0,0,0,0,0,0,0,0,0,0,0,0,0,0,0,0,0,0,0,0,0,0,0,0,0,0,0,0,0,0,0,0,3,3,6,3,4,13,0,0,0,0,0,0,0,0,0,0,0,0,34,32,65,12,17,30,0,0,0,102,86,192
11103122529,core,0,0,0,0,0,0,0,0,0,0,0,0,0,0,0,42,26,68,0,6,6,0,0,0,0,0,0,0,0,0,0,0,0,0,5,9,50,41,88,0,0,0,0,0,0,0,0,0,0,0,0,0,0,0,0,0,0,0,0,0,0,0,0,0,0,0,0,0,0,0,0,0,0,0,0,0,0,0,0,0,0,0,0,3,0,0,0,0,0,0,0,0,0,0,0,0,15,17,33,10,12,24,0,0,0,81,65,145
11103122530,core,0,0,0,0,4,5,0,0,0,0,0,0,0,0,0,66,50,115,3,3,6,0,0,0,0,0,0,0,0,0,0,0,0,3,7,11,76,69,136,0,0,0,0,0,0,0,0,0,0,0,0,0,0,0,0,0,0,0,0,0,0,0,0,0,0,0,0,0,0,0,0,0,0,0,0,0,0,0,0,0,0,0,5,5,0,0,0,0,0,0,0,0,0,0,0,0,38,39,74,22,29,46,0,0,0,130,133,261
11103122531,core,0,0,0,0,0,0,0,0,0,0,0,0,0,0,0,32,36,71,4,4,4,4,0,4,0,0,0,5,0,5,0,0,0,0,4,3,39,46,83,0,0,0,0,0,0,0,0,0,0,0,0,0,0,0,0,0,0,0,0,0,0,0,0,0,0,0,0,0,0,0,0,0,0,0,0,0,0,0,0,0,0,0,0,0,0,0,0,0,0,0,0,0,0,0,0,0,17,16,33,8,21,27,0,0,0,66,81,150
11103122532,core,0,0,0,0,0,0,0,0,0,0,0,0,0,0,0,39,30,76,5,3,9,0,0,0,0,0,0,3,0,6,0,0,0,0,0,0,46,39,87,0,0,0,0,0,0,0,0,0,0,0,0,0,0,0,0,0,0,0,0,0,0,0,0,0,0,0,0,0,0,0,0,0,0,0,0,0,0,0,0,0,0,0,0,0,0,0,0,0,0,0,0,0,0,0,0,0,16,22,36,7,16,24,0,0,0,76,79,153
11103122533,core,0,0,0,0,0,0,0,0,0,0,0,0,0,0,0,0,0,0,0,0,0,0,0,0,0,0,0,0,0,0,0,0,0,0,0,0,0,0,0,0,0,0,0,0,0,0,0,0,0,0,0,0,0,0,0,0,0,0,0,0,0,0,0,0,0,0,0,0,0,0,0,0,0,0,0,0,0,0,0,0,0,0,0,0,0,0,0,0,0,0,0,0,0,0,0,0,0,0,0,0,0,0,0,0,0,0,0,0
11103122534,core,0,0,0,0,0,0,0,0,0,0,0,0,0,0,0,55,56,115,3,6,11,0,0,0,0,0,0,4,0,4,0,0,0,6,7,8,66,74,136,0,0,0,0,0,0,0,0,0,0,0,0,0,0,0,0,0,0,0,0,0,0,0,0,0,0,0,0,0,0,0,0,0,0,0,0,0,0,0,3,0,3,3,0,3,0,0,0,0,0,0,0,0,0,0,0,0,31,31,63,16,27,41,0,0,0,115,132,254
11103122535,core,0,0,0,0,0,0,0,0,0,0,0,0,0,0,0,0,0,0,0,0,0,0,0,0,0,0,0,0,0,0,0,0,0,0,0,0,0,0,0,0,0,0,0,0,0,0,0,0,0,0,0,0,0,0,0,0,0,0,0,0,0,0,0,0,0,0,0,0,0,0,0,0,0,0,0,0,0,0,0,0,0,0,0,0,0,0,0,0,0,0,0,0,0,0,0,0,0,0,0,0,0,0,0,0,0,0,0,0
11103122536,core,0,0,0,0,0,0,0,0,0,0,0,0,0,0,0,57,40,98,3,5,9,0,0,0,0,0,0,0,0,0,0,0,0,0,0,0,57,44,108,0,0,0,0,0,0,0,0,0,0,0,0,0,0,0,0,0,0,0,0,0,0,0,0,0,0,0,0,0,0,0,0,0,0,0,0,0,0,0,0,0,0,0,0,0,0,0,0,0,0,0,0,0,0,0,0,0,18,27,51,6,18,21,0,0,0,89,87,179
11103122537,core,0,0,0,0,0,0,0,0,0,0,0,0,0,0,0,58,47,104,0,7,6,3,0,3,0,0,0,0,0,0,0,0,0,0,0,0,66,53,116,0,0,0,0,0,0,0,0,0,0,0,0,0,0,0,0,0,0,0,0,0,0,0,0,0,0,0,0,0,0,0,0,0,0,0,0,0,0,0,0,0,0,5,0,5,0,0,0,0,0,0,0,0,0,0,0,0,18,45,69,13,13,31,0,0,0,100,118,219
11103122538,core,0,0,0,0,0,0,0,0,0,0,0,0,0,0,0,79,41,123,4,10,8,0,0,0,3,0,3,0,0,4,0,0,0,3,0,9,94,54,149,0,0,0,0,0,0,0,0,0,0,0,0,0,0,0,0,0,0,0,0,0,0,0,0,0,0,0,0,0,0,0,0,0,0,0,0,0,0,0,0,0,0,0,5,4,0,0,0,0,0,0,0,0,0,0,0,0,24,34,54,12,22,36,0,0,0,131,115,239
11103122539,core,0,0,0,0,0,0,0,0,0,0,0,0,0,0,0,66,61,124,4,4,9,0,0,0,0,0,0,0,0,0,0,0,0,6,6,11,75,74,148,0,0,0,0,0,0,0,0,0,0,0,0,0,0,0,0,0,0,0,0,0,0,0,0,0,0,0,0,0,0,0,0,0,0,0,0,0,0,0,0,0,0,0,0,0,0,0,0,0,0,0,0,0,0,0,0,0,26,24,48,7,21,36,0,0,0,116,120,232
11103122540,core,0,0,0,0,0,0,0,0,0,0,0,0,0,0,0,70,57,129,0,10,8,0,0,0,0,0,0,6,0,6,0,0,0,4,4,5,82,72,152,0,0,0,0,0,0,0,0,0,0,0,0,0,0,0,0,0,0,0,0,0,0,0,0,0,0,0,0,0,0,0,0,0,0,0,0,0,0,0,0,0,0,0,0,0,0,0,0,0,0,0,0,0,0,0,0,0,24,36,59,21,14,34,0,0,0,120,122,242
11103122541,core,0,0,0,0,0,6,0,0,0,0,0,0,0,0,0,37,38,76,4,3,3,0,0,0,0,0,4,4,0,4,0,0,0,4,0,4,45,43,97,0,0,0,0,0,0,0,0,0,0,0,0,0,0,0,0,0,0,0,0,0,0,0,0,0,0,0,0,0,0,0,0,0,0,0,0,0,0,0,0,0,0,0,0,0,0,0,0,0,0,0,0,0,0,0,0,0,24,21,42,11,12,23,0,0,0,83,79,159
11103122542,core,0,0,0,0,0,0,0,0,0,0,0,0,0,0,0,34,43,71,0,0,4,0,0,0,4,0,4,0,0,0,0,0,0,0,0,0,38,40,80,0,0,0,0,0,0,0,0,0,0,0,0,0,0,0,0,0,0,0,0,0,0,0,0,0,0,0,0,0,0,0,0,0,0,0,0,0,0,0,0,0,0,0,0,0,0,0,0,0,0,0,0,0,0,0,0,0,15,17,33,10,3,15,0,0,0,59,66,130
11103122543,core,0,0,0,0,0,0,0,0,0,0,0,0,0,0,3,65,62,125,5,0,3,0,0,0,0,0,0,0,0,0,0,0,0,0,3,3,77,68,145,0,0,0,0,0,0,0,0,0,0,0,0,0,0,0,0,0,0,0,0,0,0,0,0,0,0,0,0,0,0,0,0,0,0,0,0,0,0,0,0,0,0,0,0,0,0,0,0,0,0,0,0,0,0,0,0,0,28,26,58,12,14,25,0,0,5,118,109,232
11103122601,core,0,0,0,0,4,5,0,0,0,0,0,0,0,0,0,75,64,145,0,0,12,3,0,3,0,0,0,0,0,0,0,0,0,0,0,4,87,78,157,0,0,0,0,0,0,0,0,0,0,0,0,0,0,0,0,0,0,0,0,0,0,0,0,0,0,0,0,0,0,0,0,0,0,0,0,0,0,0,5,0,5,0,0,0,0,0,0,0,0,0,0,0,0,0,0,0,11,24,35,11,14,19,0,0,3,109,113,227
11103122602,core,0,0,0,0,0,0,0,0,0,0,0,0,0,0,0,46,27,71,4,4,9,0,0,0,0,0,0,0,0,0,0,0,4,0,0,0,55,33,86,0,0,0,0,0,0,0,0,0,0,0,0,0,0,0,0,0,0,0,0,0,0,0,0,0,0,0,0,0,0,0,0,0,0,0,0,0,0,0,0,0,0,0,0,0,0,0,0,0,0,0,0,0,0,0,0,0,8,12,22,5,12,17,0,0,0,68,57,123
11103122603,core,0,0,0,0,0,0,0,0,0,0,0,0,0,0,0,116,97,216,5,10,15,0,0,0,0,0,0,0,0,0,0,0,0,0,0,0,123,111,236,0,0,0,0,0,0,0,0,0,0,0,0,0,0,0,0,0,0,0,0,0,0,0,0,0,0,0,0,0,0,0,0,0,0,0,0,0,0,0,0,0,0,0,0,0,0,0,0,0,0,0,0,0,0,0,0,0,28,38,61,27,44,67,0,0,0,179,186,372
11103122604,core,0,0,0,0,0,0,0,0,0,0,0,0,0,0,0,39,31,75,0,3,6,0,0,0,0,0,0,0,0,0,0,0,3,0,0,0,45,37,84,0,0,0,0,0,0,0,0,0,0,0,0,0,0,0,0,0,0,0,0,0,0,0,0,0,0,0,0,0,0,0,0,0,0,0,0,0,0,0,0,0,0,0,0,0,0,0,0,0,0,0,0,0,0,0,0,0,9,15,19,12,16,28,0,0,0,67,63,135
11103122605,core,0,0,0,0,0,0,0,0,0,0,0,0,0,0,0,97,68,167,4,7,13,0,0,0,3,0,3,0,0,0,4,0,4,0,0,4,105,81,185,0,0,0,0,0,0,0,0,0,0,0,0,0,0,0,0,0,0,0,0,0,0,0,0,0,0,0,0,0,0,0,0,0,0,0,0,0,0,0,0,0,0,0,0,0,0,0,0,0,0,0,0,0,0,0,0,0,28,44,71,18,24,46,0,0,0,152,150,304
11103122606,core,0,0,0,0,0,0,0,0,0,0,0,0,0,0,0,50,37,88,0,4,4,0,0,0,0,0,0,0,0,0,0,0,0,0,0,0,53,42,97,0,0,0,0,0,0,0,0,0,0,0,0,0,0,0,0,0,0,0,0,0,0,0,0,0,0,0,0,0,0,0,0,0,0,0,0,0,0,0,0,0,0,0,0,0,0,0,0,0,0,0,0,0,0,0,0,0,12,14,23,9,22,28,0,0,0,74,74,144
11103122608,core,0,0,0,0,0,0,0,0,0,0,0,0,0,0,0,80,67,147,5,0,9,0,0,0,0,0,0,0,0,0,0,0,0,0,0,0,83,67,160,0,0,0,0,0,0,0,0,0,0,0,0,0,0,0,0,0,0,0,0,0,0,0,0,0,0,0,0,0,0,0,0,0,0,0,0,0,0,0,0,0,0,0,0,0,0,0,0,0,0,0,0,0,0,0,0,0,10,18,28,12,31,39,0,0,0,112,112,230
11103122609,core,0,0,0,0,0,0,0,0,0,0,0,0,0,0,0,96,74,172,3,0,6,0,0,0,0,0,0,0,0,0,0,0,0,0,0,0,97,78,176,0,0,0,0,0,0,0,0,0,0,0,0,0,0,0,0,0,0,0,0,0,0,0,0,0,0,0,0,0,0,0,0,0,0,0,0,0,0,0,5,0,4,5,4,5,0,0,0,0,0,0,0,0,0,0,0,0,5,26,27,17,26,40,0,0,0,120,129,249
11103122610,core,0,0,0,0,0,0,0,0,0,0,0,0,0,0,0,57,37,92,4,0,3,0,0,0,0,0,0,0,0,0,0,0,0,0,0,0,56,39,100,0,0,0,0,0,0,0,0,0,0,0,0,0,0,0,0,0,0,0,0,0,0,0,0,0,0,0,0,0,0,0,0,0,0,0,0,0,0,0,0,0,0,0,0,0,0,0,0,0,0,0,0,0,0,0,0,0,13,14,19,14,7,25,0,0,0,88,63,143
11103122611,core,0,0,0,0,0,4,0,0,0,0,0,0,0,0,0,60,39,96,5,4,5,0,0,0,0,0,0,0,0,0,0,0,0,0,0,0,66,39,107,0,0,0,0,0,0,0,0,0,0,0,0,0,0,0,0,0,0,0,0,0,0,0,0,0,0,0,0,0,0,0,0,0,0,0,0,0,0,0,0,0,0,0,0,0,0,0,0,0,0,0,0,0,0,0,0,0,8,9,15,5,15,25,0,0,0,83,73,151
11103122613,core,0,0,0,0,0,0,0,0,0,0,0,0,0,0,0,55,36,85,6,3,0,0,0,0,0,0,0,0,0,0,0,5,5,0,0,0,57,37,89,0,0,0,0,0,0,0,0,0,0,0,0,0,0,0,0,0,0,0,0,0,0,0,0,0,0,0,0,0,0,0,0,0,0,0,0,0,0,0,0,0,0,0,0,0,0,0,0,0,0,0,0,0,0,0,0,0,16,23,38,14,23,35,4,0,6,82,86,168
11103122614,core,0,0,0,0,0,0,0,0,0,0,0,0,0,0,0,57,63,123,6,0,9,0,0,0,4,0,4,0,0,0,0,0,4,0,0,0,73,68,139,0,0,0,0,0,0,0,0,0,0,0,0,0,0,0,0,0,0,0,0,0,0,0,0,0,0,0,0,0,0,0,0,0,0,0,0,0,0,0,0,0,0,0,0,0,0,0,0,0,0,0,0,0,0,0,0,0,20,30,48,21,21,37,0,0,0,116,110,225
11103122615,core,0,0,0,0,0,0,0,0,0,0,0,0,0,0,0,88,47,135,5,7,7,0,0,0,0,0,0,5,0,5,0,0,0,0,0,3,92,54,149,0,0,0,0,0,0,0,0,0,0,0,0,0,0,0,0,0,0,0,0,0,0,0,0,0,0,0,0,0,0,0,0,0,0,0,0,0,0,0,0,0,0,0,0,0,0,0,0,0,0,0,0,0,0,0,0,0,11,27,41,14,27,45,0,0,0,126,110,233
11103122616,core,0,0,0,0,0,0,0,0,0,0,0,0,0,0,0,39,38,76,3,10,5,0,0,0,0,0,0,0,0,0,0,0,0,0,0,0,40,44,87,0,0,0,0,0,0,0,0,0,0,0,0,0,0,0,0,0,0,0,0,0,0,0,0,0,0,0,0,0,0,0,0,0,0,0,0,0,0,0,0,0,0,0,0,0,0,0,0,0,0,0,0,0,0,0,0,0,8,6,19,10,11,21,0,0,0,64,62,128
11103122617,core,0,0,0,0,0,0,0,0,0,0,0,0,0,0,0,52,47,99,0,7,4,0,0,0,0,0,0,0,0,0,0,0,0,0,0,0,58,44,104,0,0,0,0,0,0,0,0,0,0,0,0,0,0,0,0,0,0,0,0,0,0,0,0,0,0,0,0,0,0,0,0,0,0,0,0,0,0,0,0,0,0,0,0,0,0,0,0,0,0,0,0,0,0,0,0,0,11,10,22,12,14,27,0,0,0,80,77,159
11103122618,core,0,0,0,0,0,0,0,0,0,0,0,0,0,0,0,67,45,112,0,4,3,0,0,0,0,0,0,0,0,0,0,0,0,0,0,0,74,51,123,0,0,0,0,0,0,0,0,0,0,0,0,0,0,0,0,0,0,0,0,0,0,0,0,0,0,0,0,0,0,0,0,0,0,0,0,3,0,3,0,0,0,3,0,0,0,0,0,0,0,0,0,0,0,0,0,0,14,20,28,4,15,26,0,0,0,95,87,180
11103122619,core,0,0,0,0,0,0,0,0,0,0,0,0,0,0,0,54,45,97,3,4,4,0,0,0,0,0,0,0,0,0,0,0,0,0,0,0,60,48,112,0,0,0,0,0,0,0,0,0,0,0,0,0,0,0,0,0,0,0,0,0,0,0,0,0,0,0,0,0,0,0,0,0,0,0,0,0,0,0,0,0,0,0,0,0,0,0,0,0,0,0,0,0,0,0,0,0,6,12,24,4,14,18,0,0,0,72,74,152
11103122620,core,0,0,0,0,0,0,0,0,0,0,0,0,0,0,0,40,34,73,5,0,6,0,0,0,0,0,0,0,0,0,0,0,0,0,0,0,49,33,80,0,0,0,0,0,0,0,0,0,0,0,0,0,0,0,0,0,0,0,0,0,0,0,0,0,0,0,0,0,0,0,0,0,0,0,0,0,0,0,0,0,0,0,0,0,0,0,0,0,0,0,0,0,0,0,0,0,11,13,17,6,20,28,0,4,4,59,70,131
11103122621,core,0,0,0,0,0,0,0,0,0,0,0,0,0,0,0,24,19,41,0,3,3,0,0,0,0,0,0,0,0,0,0,0,0,3,0,3,28,28,51,0,0,0,0,0,0,0,0,0,0,0,0,0,0,0,0,0,0,0,0,0,0,0,0,0,0,0,0,0,0,0,0,0,0,0,0,0,0,0,0,0,0,0,0,0,0,0,0,0,0,0,0,0,0,0,0,0,7,7,8,11,11,20,0,0,0,40,39,78
11103122622,core,0,0,0,0,0,0,0,0,0,0,0,0,0,0,0,4,3,7,0,0,0,0,0,0,0,0,0,0,0,0,0,0,0,0,0,0,4,3,7,0,0,0,0,0,0,0,0,0,0,0,0,0,0,0,0,0,0,0,0,0,0,0,0,0,0,0,0,0,0,0,0,0,0,0,0,0,0,0,0,0,0,0,0,0,0,0,0,0,0,0,0,0,0,0,0,0,0,4,7,0,3,6,0,0,0,3,15,17
11103122623,core,0,0,0,0,0,0,0,0,0,0,0,0,0,0,0,61,51,115,4,0,4,0,0,0,0,0,0,0,0,0,0,0,0,0,0,0,66,58,125,0,0,0,0,0,0,0,0,0,0,0,0,0,0,0,0,0,0,0,0,0,0,0,0,0,0,0,0,0,0,0,0,0,0,0,0,0,0,0,0,0,0,0,0,4,0,0,0,0,0,0,0,0,0,0,0,0,12,18,30,13,12,21,0,0,0,88,87,180
11103122624,core,0,0,0,0,0,0,0,0,0,0,0,0,0,0,0,64,55,123,0,5,6,0,0,0,0,0,0,0,0,0,0,0,0,0,0,0,68,58,130,0,0,0,0,0,0,0,0,0,0,0,0,0,0,0,0,0,0,0,0,0,0,0,0,0,0,0,0,0,0,0,0,0,0,0,0,0,0,0,0,0,0,0,0,0,0,0,0,0,0,0,0,0,0,0,0,0,8,11,27,8,22,31,0,0,0,88,97,183
11103122625,core,0,0,0,0,0,0,0,0,0,0,0,0,0,0,0,82,63,144,0,0,0,0,0,0,0,0,0,0,0,0,3,0,3,0,0,0,85,67,152,0,0,0,0,0,0,0,0,0,0,0,0,0,0,0,0,0,0,0,0,0,0,0,0,0,0,0,0,0,0,0,0,0,0,0,0,0,0,0,0,0,0,0,0,0,0,0,0,0,0,0,0,0,0,0,0,0,13,19,32,5,20,29,0,0,0,105,110,211
11103122626,core,0,0,0,0,0,0,0,0,0,0,0,0,0,0,0,69,47,117,0,0,6,0,0,0,0,0,0,0,0,0,0,0,0,0,0,0,70,48,123,0,0,0,0,0,0,0,0,0,0,0,0,0,0,0,0,0,0,0,0,0,0,0,0,0,0,0,0,0,0,0,0,0,0,0,0,0,0,0,0,0,0,0,0,0,0,0,0,0,0,0,0,0,0,0,0,0,19,23,42,10,22,33,0,0,0,100,98,193
11103122627,core,0,0,0,0,0,0,0,0,0,0,0,0,0,0,0,52,39,93,0,7,7,0,0,0,0,0,0,0,0,0,0,0,0,0,0,0,57,49,101,0,0,0,0,0,0,0,0,0,0,0,0,0,0,0,0,0,0,0,0,0,0,0,0,0,0,0,0,0,0,0,0,0,0,0,0,0,0,0,0,0,0,0,0,0,0,0,0,0,0,0,0,0,0,0,0,0,16,14,28,7,17,20,0,0,0,78,71,150
11103122628,core,0,0,0,0,0,0,0,0,0,0,0,0,0,0,0,80,62,140,4,0,3,6,0,6,0,0,0,0,0,0,0,0,0,0,0,0,93,66,157,0,0,0,0,0,0,0,0,0,0,0,0,0,0,0,0,0,0,0,0,0,0,0,0,0,0,0,0,0,0,0,0,0,0,0,0,0,0,0,0,0,0,0,0,0,0,0,0,0,0,0,0,0,0,0,0,0,6,17,25,11,30,42,0,0,0,113,110,226
11103122629,core,0,0,0,0,0,0,0,0,0,0,0,0,0,0,0,91,67,163,4,13,14,0,0,0,0,0,0,0,0,0,0,0,0,0,0,0,103,78,180,0,0,0,0,0,0,0,0,0,0,0,0,0,0,0,0,0,0,0,0,0,0,0,0,0,0,0,0,0,0,0,0,0,0,0,0,0,0,0,0,0,0,3,0,3,0,0,0,0,0,0,0,0,0,0,0,0,25,38,66,22,21,41,0,0,0,149,133,286
11103122631,core,0,0,0,0,0,0,0,0,0,0,0,0,0,0,0,5,6,13,0,0,0,0,0,0,0,0,0,0,0,0,0,0,0,0,0,0,5,6,12,0,0,0,0,0,0,0,0,0,0,0,0,0,0,0,0,0,0,0,0,0,0,0,0,0,0,0,0,0,0,0,0,0,0,0,0,0,0,0,0,0,0,0,0,0,0,0,0,0,0,0,0,0,0,0,0,0,0,0,0,0,0,0,0,0,0,5,4,14
11103122632,core,0,0,0,0,0,0,0,0,0,0,0,0,0,0,0,58,43,106,3,3,5,3,0,3,0,0,0,0,0,0,0,0,0,0,0,0,62,49,110,0,0,0,0,0,0,0,0,0,0,0,0,0,0,0,0,0,0,0,0,0,0,0,0,0,0,0,0,0,0,0,0,0,0,0,0,0,0,0,0,0,4,0,5,0,0,0,0,0,0,0,0,0,0,0,0,0,14,22,33,11,20,29,0,0,0,89,89,182
11103122633,core,0,0,0,0,0,0,0,0,0,0,0,0,0,0,0,0,0,0,0,0,0,0,0,0,0,0,0,0,0,0,0,0,0,0,0,0,0,0,0,0,0,0,0,0,0,0,0,0,0,0,0,0,0,0,0,0,0,0,0,0,0,0,0,0,0,0,0,0,0,0,0,0,0,0,0,0,0,0,0,0,0,0,0,0,0,0,0,0,0,0,0,0,0,0,0,0,0,0,0,0,0,0,0,0,0,0,0,0
11103122634,core,0,0,0,0,0,0,0,0,0,0,0,0,0,0,0,70,55,119,8,3,9,0,0,0,0,0,0,0,0,0,0,0,0,0,0,3,79,60,136,0,0,0,0,0,0,0,0,0,0,0,0,0,0,0,0,0,0,0,0,0,0,0,0,0,0,0,0,0,0,0,0,0,0,0,0,0,0,0,0,0,0,0,0,0,0,0,0,0,0,0,0,0,0,0,0,0,28,39,69,15,26,39,0,0,0,127,123,246
11103122635,core,0,0,0,0,0,0,0,0,0,0,0,0,0,0,0,76,69,146,10,0,8,0,0,0,0,0,0,0,0,0,0,0,0,0,0,0,89,70,159,0,0,0,0,0,0,0,0,0,0,0,0,0,0,0,0,0,0,0,0,0,0,0,0,0,0,0,0,0,0,0,0,0,0,0,0,0,0,0,0,0,0,0,0,0,0,0,0,0,0,0,0,0,0,0,0,0,23,19,41,13,19,33,0,0,0,126,109,237
11103122636,core,0,0,0,0,0,0,0,0,0,0,0,0,0,0,0,98,77,174,3,3,9,0,0,0,0,0,0,0,0,0,0,0,0,0,0,0,109,81,187,0,0,0,0,0,0,0,0,0,0,0,0,0,0,0,0,0,0,0,0,0,0,0,0,0,0,0,0,0,0,0,0,0,0,0,0,0,0,0,0,0,0,0,0,0,0,0,0,0,0,0,0,0,0,0,0,0,29,35,56,23,32,56,0,4,0,156,144,302
11103122637,core,0,0,0,0,0,0,0,0,0,0,0,0,0,0,0,182,154,341,5,14,15,0,0,0,4,0,4,0,0,0,0,0,0,0,0,0,197,167,366,0,0,0,0,0,0,0,0,0,0,0,0,0,0,0,0,0,0,0,0,0,0,0,0,0,0,0,0,0,0,0,0,0,0,0,0,0,0,0,0,0,0,0,0,3,0,0,0,0,0,0,0,0,0,0,0,0,58,64,118,40,73,109,0,4,5,298,303,604
11103122638,core,0,0,0,0,0,0,0,0,0,0,0,0,0,0,0,138,112,245,3,6,13,0,0,0,0,0,0,0,0,0,0,0,0,0,0,0,142,123,266,0,0,0,0,0,0,0,0,0,0,0,0,0,0,0,0,0,0,0,0,0,0,0,0,0,0,0,0,0,0,0,0,0,0,0,0,0,0,0,0,0,3,0,3,5,0,0,0,0,0,0,0,0,0,0,0,0,38,46,89,37,49,92,0,0,0,222,224,446
11103122639,core,0,0,0,4,0,5,0,0,0,0,0,0,0,0,0,90,78,169,6,0,8,0,0,0,0,0,0,0,0,0,0,0,0,0,0,0,99,83,179,0,0,0,0,0,0,0,0,0,0,0,0,0,0,0,0,0,0,0,0,0,0,0,0,0,0,0,0,0,0,0,0,0,0,0,0,0,0,0,0,0,0,0,0,0,0,0,0,0,0,0,0,0,3,0,0,3,26,35,59,16,30,45,0,0,0,144,145,289
11103122640,core,0,0,0,0,0,4,0,0,0,0,0,0,0,0,0,163,165,333,11,8,24,3,0,3,0,0,0,0,0,0,0,0,0,0,0,0,182,183,358,0,0,0,0,0,0,0,0,0,0,0,0,0,0,0,0,0,0,0,0,0,0,0,0,0,0,0,0,0,0,0,0,0,0,0,0,0,0,0,0,0,5,0,0,5,0,0,0,0,0,0,0,0,0,0,0,0,53,56,109,36,41,76,0,0,0,263,283,545
11103122641,core,0,0,0,0,0,0,0,0,0,0,0,0,0,0,0,93,78,173,8,5,9,0,0,0,0,0,0,0,0,0,0,0,0,0,0,0,104,82,190,0,0,0,0,0,0,0,0,0,0,0,0,0,0,0,0,0,0,0,0,0,0,0,0,0,0,0,0,0,0,0,0,0,0,0,0,0,0,0,0,0,0,0,0,0,0,0,0,0,0,0,0,0,0,0,0,0,29,44,75,16,22,42,0,0,0,154,153,309
11103122642,core,0,0,0,0,0,5,0,0,0,0,0,0,0,0,0,112,93,201,4,3,8,0,0,0,0,0,0,0,0,0,0,0,0,0,0,0,116,98,214,0,0,0,0,0,0,0,0,0,0,0,0,0,0,0,0,0,0,0,0,0,0,0,0,0,0,0,0,0,0,0,0,0,0,0,3,0,0,3,0,0,0,5,4,4,0,0,0,0,0,0,0,0,0,0,0,0,39,55,98,25,30,60,0,0,0,189,183,372
11103122701,core,0,0,0,0,0,0,0,0,0,0,0,0,0,0,0,34,41,74,3,0,3,0,0,0,0,0,0,0,0,0,0,0,0,0,0,0,41,41,77,0,0,0,0,0,0,0,0,0,0,0,0,0,0,0,0,0,0,0,0,0,0,0,0,0,0,0,0,0,0,0,0,0,0,0,0,0,0,0,0,0,0,0,0,0,0,0,0,0,0,0,0,0,0,0,0,0,14,16,29,13,9,25,0,0,0,65,71,133
11103122702,core,0,0,0,0,0,0,0,0,0,0,0,0,0,0,0,0,0,0,0,0,0,0,0,0,0,0,0,0,0,0,0,0,0,0,0,0,0,0,0,0,0,0,0,0,0,0,0,0,0,0,0,0,0,0,0,0,0,0,0,0,0,0,0,0,0,0,0,0,0,0,0,0,0,0,0,0,0,0,0,0,0,0,0,0,0,0,0,0,0,0,0,0,0,0,0,0,0,0,0,0,0,0,0,0,0,0,0,0
11103122703,core,0,0,0,0,0,0,0,0,0,0,0,0,0,0,0,36,42,78,0,4,3,0,0,0,0,0,0,3,0,3,0,0,0,0,0,0,41,47,86,0,0,0,0,0,0,0,0,0,0,0,0,0,0,0,0,0,0,0,0,0,0,0,0,0,0,0,0,0,0,0,0,0,0,0,0,0,0,0,0,0,0,0,0,0,0,0,0,0,0,0,0,0,0,0,0,0,24,20,47,11,14,22,0,0,0,79,81,156
11103122704,core,0,0,0,0,4,3,0,0,0,0,0,0,0,0,0,43,36,83,0,0,6,0,0,0,0,0,0,0,0,0,0,0,0,3,0,3,53,39,92,0,0,0,0,0,0,0,0,0,0,0,0,0,0,0,0,0,0,0,0,0,0,0,0,0,0,0,0,0,0,0,0,0,0,0,0,0,0,0,0,0,0,0,0,0,0,0,0,0,0,0,0,0,0,0,0,0,18,37,56,11,11,24,0,0,0,84,94,180
11103122705,core,0,0,0,0,0,0,0,0,0,0,0,0,0,0,0,42,44,88,3,4,4,0,0,0,0,0,0,0,0,6,0,0,0,0,4,5,46,56,102,0,0,0,0,0,0,0,0,0,0,0,0,0,0,0,0,0,0,0,0,0,0,0,0,0,0,0,0,0,0,0,0,0,0,0,0,0,0,0,0,0,3,0,0,3,0,0,0,0,0,0,0,0,0,0,0,0,23,34,58,17,22,34,0,0,3,88,111,196
11103122706,core,0,0,0,0,0,0,0,0,0,0,0,0,0,0,0,71,62,135,0,8,10,0,0,0,0,3,3,0,0,0,0,0,0,6,3,5,76,80,155,0,0,0,0,0,0,0,0,0,0,0,0,0,0,0,0,0,0,0,0,0,0,0,0,0,0,0,0,0,0,0,0,0,0,0,0,0,0,0,0,0,0,0,0,0,0,0,0,0,0,0,0,0,0,0,0,0,39,41,79,20,29,46,0,0,0,136,144,282
11103122707,core,0,0,0,0,0,5,0,0,0,0,0,0,0,0,0,77,72,149,7,4,14,0,0,0,0,0,0,6,6,12,0,0,0,4,6,8,104,88,187,0,0,0,0,0,0,0,0,0,0,0,0,0,0,0,0,0,0,0,0,0,0,0,0,0,0,0,0,0,0,0,0,0,0,0,0,0,0,0,0,0,4,0,3,0,0,0,0,0,0,0,0,0,0,0,0,0,34,51,86,22,29,51,3,0,3,159,171,332
11103122708,core,0,0,0,0,0,0,0,0,0,0,0,0,0,0,0,62,54,122,6,3,7,0,0,0,0,0,0,4,0,0,0,0,0,5,4,8,72,64,141,0,0,0,0,0,0,0,0,0,0,0,0,0,0,0,0,0,0,0,0,0,0,0,0,0,0,0,0,0,0,0,0,0,0,0,0,0,0,0,5,0,5,4,0,4,0,0,0,0,0,0,0,0,0,0,0,0,29,36,59,9,29,35,0,0,0,116,127,246
11103122709,core,0,0,0,4,3,5,0,0,0,0,0,0,0,0,0,54,53,102,0,0,3,0,0,0,0,0,0,4,0,4,0,0,0,4,0,4,65,55,122,0,0,0,0,0,0,0,0,0,0,0,0,0,0,0,0,0,0,0,0,0,0,0,0,0,0,0,0,0,0,0,0,0,0,0,0,0,0,0,0,0,0,0,0,0,0,0,0,0,0,0,0,0,0,0,0,0,20,29,50,12,23,37,0,0,0,98,105,206
11103122710,core,0,0,0,0,0,0,0,0,0,0,0,0,0,0,0,73,58,134,3,6,9,4,0,4,0,0,0,0,0,0,0,0,0,0,0,0,79,65,147,0,0,0,0,0,0,0,0,0,0,0,0,0,0,0,0,0,0,0,0,0,0,0,0,0,0,0,0,0,0,0,0,0,0,0,0,0,0,0,4,0,3,5,0,9,0,0,0,0,0,0,0,0,0,0,0,0,20,20,37,18,16,27,3,0,3,119,101,219
11103122711,core,0,0,0,0,0,3,0,0,0,0,0,0,0,0,0,73,52,124,0,4,3,0,0,0,3,0,3,3,0,3,0,0,0,3,5,7,88,60,148,0,0,0,0,0,0,0,0,0,0,0,0,0,0,0,0,0,0,0,0,0,0,0,0,0,0,0,0,0,0,0,0,0,0,0,0,0,0,0,0,0,0,0,0,3,0,0,0,0,0,0,0,0,0,0,0,0,33,41,76,12,32,40,0,0,0,141,129,265
11103122712,core,0,0,0,0,0,0,0,0,0,0,0,0,0,0,0,33,38,69,0,4,6,0,0,0,0,0,0,0,0,0,0,0,0,0,0,8,41,40,80,0,0,0,0,0,0,0,0,0,0,0,0,0,0,0,0,0,0,0,0,0,0,0,0,0,0,0,0,0,0,0,0,0,0,0,0,0,0,0,0,0,0,0,0,0,0,0,0,0,0,0,0,0,0,0,0,0,13,10,20,10,8,11,0,0,0,58,55,111
11103122713,core,0,0,0,0,4,3,0,0,0,0,0,0,0,0,0,89,62,155,0,5,3,0,0,0,0,0,0,3,0,3,0,0,3,0,0,5,102,70,174,0,0,0,0,0,0,0,0,0,0,0,0,0,0,0,0,0,0,0,0,0,0,0,0,0,0,0,0,0,0,0,0,0,0,0,0,0,0,0,0,0,0,0,0,0,0,0,0,0,0,0,0,0,0,0,0,0,26,49,77,11,23,38,0,0,0,146,147,294
11103122714,core,0,0,0,0,0,5,0,0,0,0,0,0,0,0,0,89,72,160,6,0,7,0,0,0,7,0,7,0,0,0,0,0,0,0,3,4,104,76,178,0,0,0,0,0,0,0,0,0,0,0,0,0,0,0,0,0,0,0,0,0,0,0,0,0,0,0,0,0,0,0,0,0,0,0,0,0,0,0,4,5,4,4,5,4,0,0,0,0,0,0,0,0,0,0,0,0,28,27,59,20,26,45,0,0,0,157,131,293
11103122715,core,0,0,0,0,0,0,0,0,0,0,0,0,0,0,0,34,36,72,0,0,0,0,0,0,4,0,4,0,0,0,0,0,0,5,0,4,44,37,86,0,0,0,0,0,0,0,0,0,0,0,0,0,0,0,0,0,0,0,0,0,0,0,0,0,0,0,0,0,0,0,0,0,0,0,0,0,0,0,0,0,0,0,0,0,0,0,0,0,0,0,0,0,0,0,0,0,13,17,26,6,11,21,0,0,0,68,67,136
11103122716,core,0,0,0,0,0,0,0,0,0,0,0,0,0,0,0,35,18,61,5,3,7,0,0,0,0,0,0,0,0,0,0,0,0,0,0,0,48,24,69,0,0,0,0,0,0,0,0,0,0,0,0,0,0,0,0,0,0,0,0,0,0,0,0,0,0,0,0,0,0,0,0,0,0,0,0,0,0,0,0,0,0,0,0,0,0,0,0,0,0,0,0,0,0,0,0,0,10,12,19,7,10,21,0,0,0,65,42,109
11103122717,core,0,0,0,0,0,0,0,0,0,0,0,0,0,0,0,59,62,121,0,12,13,0,0,0,0,0,0,0,0,0,0,0,4,0,0,3,65,74,140,0,0,0,0,0,0,0,0,0,0,0,0,0,0,0,0,0,0,0,0,0,0,0,0,0,0,0,0,0,0,0,0,0,0,0,0,0,0,0,4,0,4,4,0,5,0,0,0,0,0,0,0,0,0,0,0,0,20,33,58,16,34,47,0,0,0,105,142,249
11103122718,core,0,0,0,0,3,4,0,0,0,0,0,0,0,0,0,54,44,102,3,4,6,0,0,0,6,5,3,0,0,0,0,0,0,5,6,11,70,63,134,0,0,0,0,0,0,0,0,0,0,0,0,0,0,0,0,0,0,0,0,0,0,0,0,0,0,0,0,0,0,0,0,0,0,0,0,0,0,0,0,0,0,4,0,4,0,0,0,0,0,0,0,0,0,0,0,0,27,30,60,18,21,40,0,0,4,115,122,233
11103122719,core,0,0,0,0,0,0,0,0,0,0,0,0,0,0,0,46,61,110,0,0,7,0,0,0,0,0,0,4,0,3,0,0,0,7,0,3,61,70,129,0,0,0,0,0,0,0,0,0,0,0,0,0,0,0,0,0,0,0,0,0,0,0,0,0,0,0,0,0,0,0,0,0,0,0,0,0,0,0,5,0,5,5,0,5,0,0,0,0,0,0,0,0,0,0,0,0,30,28,54,19,25,43,0,0,0,110,126,229
11103122720,core,0,0,0,3,4,3,0,0,0,0,0,0,0,0,0,77,52,129,6,8,7,0,0,0,0,0,0,0,3,7,0,0,0,0,3,4,85,71,152,0,0,0,0,0,0,0,0,0,0,0,0,0,0,0,0,0,0,0,0,0,0,0,0,0,0,0,0,0,0,0,0,0,0,0,0,0,0,0,0,0,0,0,0,0,0,0,0,0,0,0,0,0,0,0,0,0,25,35,59,7,18,33,0,0,3,122,122,246
11103122721,core,0,5,5,5,0,6,0,0,0,0,0,0,0,3,3,51,39,83,6,0,9,0,0,0,0,0,0,4,0,6,0,0,0,0,4,6,61,47,111,0,0,0,0,0,0,0,0,0,0,0,0,0,0,0,0,0,0,0,0,0,0,0,0,0,0,0,0,0,0,0,0,0,0,0,0,0,0,0,0,3,3,0,3,3,0,0,0,0,0,0,0,0,0,0,0,0,12,26,45,13,21,33,0,0,0,88,97,186
11103122722,core,0,0,0,0,6,6,0,0,0,0,0,0,0,0,0,30,25,53,0,0,0,0,0,0,0,0,0,0,0,0,0,0,0,0,8,5,36,31,67,0,0,0,0,0,0,0,0,0,0,0,0,0,0,0,0,0,0,0,0,0,0,0,0,0,0,0,0,0,0,0,0,0,0,0,0,0,0,0,0,0,0,0,0,3,0,0,0,0,0,0,0,0,0,0,0,0,8,13,21,7,19,29,0,0,0,47,60,114
11103122723,core,0,0,0,0,3,3,0,0,0,0,0,0,0,0,0,53,38,87,4,4,6,0,0,0,0,0,0,0,0,0,3,0,3,0,9,7,63,51,112,0,0,0,0,0,0,0,0,0,0,0,0,0,0,0,0,0,0,0,0,0,0,0,0,0,0,0,0,0,0,0,0,0,0,0,0,0,0,0,0,0,0,0,0,0,0,0,0,0,0,0,0,0,0,0,0,0,24,34,58,9,20,28,0,0,0,91,106,195
11103122724,core,0,0,0,0,0,0,0,0,0,0,0,0,0,0,0,87,60,146,9,5,8,0,0,0,5,0,0,0,0,0,3,0,9,0,3,7,103,71,174,0,0,0,0,0,0,0,0,0,0,0,0,0,0,0,0,0,0,0,0,0,0,0,0,0,0,0,0,0,0,0,0,0,0,0,0,0,0,0,3,0,3,3,0,0,0,0,0,0,0,0,0,0,0,0,0,0,24,49,67,16,23,34,0,0,0,140,141,277
11103122725,core,0,0,0,0,0,3,0,0,0,0,0,0,0,0,0,76,55,124,0,9,8,0,0,0,0,0,0,5,0,0,0,0,0,6,7,10,87,70,160,0,0,0,0,0,0,0,0,0,0,0,0,0,0,0,0,0,0,0,0,0,0,0,0,0,0,0,0,0,0,0,0,0,0,0,0,0,0,3,0,0,0,0,0,5,0,0,0,0,0,0,0,0,0,0,0,0,8,26,36,14,26,45,0,0,0,112,130,243
11103122726,core,0,0,0,0,0,4,0,0,0,0,0,0,0,0,0,50,37,90,3,4,4,0,0,0,0,0,0,0,0,0,0,0,0,5,0,3,60,48,104,0,0,0,0,0,0,0,0,0,0,0,0,0,0,0,0,0,0,0,0,0,0,0,0,0,0,0,0,0,0,0,0,0,0,0,0,0,0,0,0,0,0,0,0,0,0,0,0,0,0,0,0,0,0,0,0,0,18,16,33,4,14,23,0,0,0,85,79,163
11103122727,core,0,0,0,0,0,0,0,0,0,0,0,0,0,0,0,39,36,78,0,0,3,0,0,0,0,0,0,0,0,0,0,0,0,5,0,5,42,43,87,0,0,0,0,0,0,0,0,0,0,0,0,0,0,0,0,0,0,0,0,0,0,0,0,0,0,0,0,0,0,0,0,0,0,0,0,0,0,0,0,0,0,0,0,0,0,0,0,0,0,0,0,0,0,0,0,0,15,18,35,4,11,16,5,0,4,72,65,137
11103122728,core,0,4,4,0,3,3,0,0,0,0,0,0,0,0,0,78,76,147,0,4,5,5,0,5,0,0,0,0,0,0,0,0,0,0,5,0,84,87,168,0,0,0,0,0,0,0,0,0,0,0,0,0,0,0,0,0,0,0,0,0,0,0,0,0,0,0,0,0,0,0,0,0,0,0,0,0,0,0,0,0,0,0,0,0,0,0,0,0,0,0,0,0,0,0,0,0,26,23,53,12,29,40,0,0,0,126,140,266
11103122729,core,0,0,0,0,0,0,0,0,0,0,0,0,0,0,0,82,63,146,4,0,9,0,0,0,3,0,3,0,0,0,0,0,0,0,6,5,94,73,165,0,0,0,0,0,0,0,0,0,0,0,0,0,0,0,0,0,0,0,0,0,0,0,0,0,0,0,0,0,0,0,0,0,0,0,0,0,0,0,5,0,5,5,0,3,0,0,0,0,0,0,0,0,0,0,0,0,22,32,58,22,37,53,0,0,0,143,139,281
11103122730,core,3,0,3,0,0,0,0,0,0,0,0,0,0,0,0,74,65,145,5,4,7,0,0,0,0,0,0,6,3,8,0,0,0,4,5,5,91,83,173,0,0,0,0,0,0,0,0,0,0,0,0,0,0,0,0,0,0,0,0,0,0,0,0,0,0,0,0,0,0,0,0,0,0,0,0,0,0,0,0,0,0,0,0,0,0,0,0,0,0,0,0,0,0,0,0,0,33,41,77,14,16,34,0,0,0,135,141,280
11103122731,core,0,0,0,0,3,0,0,0,0,0,0,0,0,0,0,85,60,140,4,4,10,0,0,0,0,0,0,0,0,0,0,0,0,4,6,8,106,66,169,0,0,0,0,0,0,0,0,0,0,0,0,0,0,0,0,0,0,4,0,4,0,0,0,0,0,0,0,0,0,0,0,0,0,0,0,0,0,0,0,0,0,4,0,0,0,0,0,0,0,0,0,0,0,0,0,0,20,41,57,18,27,39,0,0,0,147,131,279
11103122732,core,3,0,3,0,0,0,0,0,0,0,0,0,0,0,0,73,41,113,4,9,14,0,0,0,0,0,0,0,0,0,0,0,0,5,0,3,83,53,134,0,0,0,0,0,0,0,0,0,0,0,0,0,0,0,0,0,0,0,0,0,0,0,0,0,0,0,0,0,0,0,0,0,0,0,0,0,0,0,0,0,4,0,0,4,0,0,0,0,0,0,0,0,0,0,0,0,19,28,47,13,25,33,0,0,0,115,102,221
11103122733,core,0,0,0,0,0,3,0,0,0,0,0,0,0,0,0,67,53,117,3,3,8,0,0,0,0,0,0,0,0,3,0,0,0,0,0,0,76,63,135,0,0,0,0,0,0,0,0,0,0,0,0,0,0,0,0,0,0,0,0,0,0,0,0,0,0,0,0,0,0,0,0,0,0,0,0,0,4,4,0,0,0,0,4,5,0,0,0,0,0,0,0,0,0,0,0,0,17,33,53,10,18,32,0,0,0,103,121,222
11103122734,core,0,0,0,0,5,4,0,0,0,0,0,0,0,0,0,51,44,92,0,4,5,0,0,0,0,0,0,0,0,0,0,0,0,0,4,0,51,48,108,0,0,0,0,0,0,0,0,0,0,0,0,0,0,0,0,0,0,0,0,0,0,0,0,0,0,0,0,0,0,0,0,0,0,0,0,0,0,0,4,0,4,3,0,3,0,0,0,0,0,0,0,0,0,0,0,0,38,46,88,14,20,37,0,0,0,112,119,228
11103122735,core,0,0,0,0,0,0,0,0,0,0,0,0,0,0,0,67,52,129,0,7,7,0,0,0,0,0,0,0,0,0,0,0,0,4,5,6,76,63,139,0,0,0,0,0,0,0,0,0,0,0,0,0,0,0,0,0,0,0,0,0,0,0,0,0,0,0,0,0,0,0,0,0,0,0,0,0,0,0,0,0,0,0,0,0,0,0,0,0,0,0,0,0,0,0,0,0,27,28,54,15,20,39,0,0,0,119,114,241
11103122736,core,0,0,0,0,0,3,0,0,0,0,0,0,0,0,0,94,69,158,4,10,9,0,0,0,0,0,0,0,0,0,0,0,0,3,6,9,98,84,183,0,0,0,0,0,0,0,0,0,0,0,0,0,0,0,0,0,0,0,0,0,0,0,0,0,0,0,0,0,0,0,0,0,0,0,4,0,0,4,0,0,0,0,0,4,0,0,0,0,0,0,0,0,0,0,0,0,35,64,102,27,27,52,0,0,0,166,172,339
11103122801,core,0,0,0,0,0,0,0,0,0,0,0,0,0,0,0,82,53,130,0,3,4,0,0,0,0,0,0,0,0,0,0,0,0,0,0,3,88,53,142,0,0,0,0,0,0,0,0,0,0,0,0,0,0,0,0,0,0,0,0,0,0,0,0,0,0,0,0,0,0,0,0,0,0,0,0,0,0,0,0,0,0,0,0,0,0,0,0,0,0,0,0,0,0,0,0,0,48,60,105,11,24,40,0,0,0,144,136,281
11103122802,core,0,0,0,0,0,0,0,0,0,0,0,0,0,0,0,79,55,136,10,4,12,0,0,0,3,0,0,0,0,0,0,0,0,0,0,0,88,66,156,0,0,0,0,0,0,0,0,0,0,0,0,0,0,0,0,0,0,0,0,0,0,0,0,0,0,0,0,0,0,0,0,0,0,0,0,0,0,0,0,0,0,0,0,0,0,0,0,0,0,0,0,0,0,0,0,0,34,46,77,21,18,38,4,0,5,142,132,271
11103122803,core,0,0,0,0,0,0,0,0,0,0,0,0,0,0,0,0,0,0,0,0,0,0,0,0,0,0,0,0,0,0,0,0,0,0,0,0,0,0,0,0,0,0,0,0,0,0,0,0,0,0,0,0,0,0,0,0,0,0,0,0,0,0,0,0,0,0,0,0,0,0,0,0,0,0,0,0,0,0,0,0,0,0,0,0,0,0,0,0,0,0,0,0,0,0,0,0,0,0,0,0,0,0,0,0,0,0,0,0
11103122804,core,0,0,0,0,0,0,0,0,0,0,0,0,0,0,0,39,27,69,0,3,3,0,0,0,0,0,0,0,7,7,0,0,0,0,0,0,43,40,83,0,0,0,0,0,0,0,0,0,0,0,0,0,0,0,0,0,0,0,0,0,0,0,0,0,0,0,0,0,0,0,0,0,0,0,0,0,0,0,0,0,0,0,0,0,0,0,0,0,0,0,0,0,0,0,0,0,31,28,61,11,12,25,0,0,0,90,85,170
11103122805,core,0,0,0,0,0,0,0,0,0,0,0,0,0,0,0,55,29,84,0,0,0,0,0,0,0,0,0,3,0,3,0,0,0,0,0,0,52,35,88,0,0,0,0,0,0,0,0,0,0,0,0,0,0,0,0,0,0,0,0,0,0,0,0,0,0,0,0,0,0,0,0,0,0,0,0,0,0,0,0,0,0,0,0,3,0,0,0,0,0,0,0,0,0,0,0,0,23,23,44,14,8,18,0,0,0,98,65,155
11103122806,core,0,0,0,0,0,0,0,0,0,0,0,0,0,0,0,73,52,127,5,3,3,0,0,0,0,0,0,8,0,4,0,0,0,0,0,0,88,62,154,0,0,0,0,0,0,0,0,0,0,0,0,0,0,0,0,0,0,0,0,0,0,0,0,0,0,0,0,0,0,0,0,0,0,0,0,0,0,0,0,0,0,0,0,0,0,0,0,0,0,0,0,0,0,0,0,0,38,52,88,11,20,30,0,0,0,139,126,269
11103122807,core,0,0,0,0,0,0,0,0,0,0,0,0,0,0,0,101,82,182,10,10,17,3,0,3,0,0,0,3,8,7,0,0,0,5,4,11,113,106,220,0,0,0,0,0,0,0,0,0,0,0,0,0,0,0,0,0,0,0,0,0,0,0,0,0,0,0,0,0,0,0,0,0,0,0,0,0,0,0,0,0,0,0,0,0,0,0,0,0,0,0,0,0,0,0,0,0,49,44,101,15,38,55,0,0,0,186,188,372
11103122808,core,0,0,0,0,0,0,0,0,0,0,0,0,0,0,0,62,48,108,0,4,5,0,0,0,0,0,0,4,0,0,0,0,3,0,0,0,63,57,125,0,0,0,0,0,0,0,0,0,0,0,0,0,0,0,0,0,0,0,0,0,0,0,0,0,0,0,0,0,0,0,0,0,0,0,0,0,0,0,0,0,0,0,0,0,0,0,0,0,0,0,0,0,0,0,0,0,33,41,80,11,18,31,0,0,0,117,121,238
11103122809,core,0,0,0,0,0,3,0,0,0,0,0,0,0,0,0,55,52,103,4,3,8,0,0,0,0,0,0,4,0,4,0,0,0,4,0,7,64,61,128,0,0,0,0,0,0,0,0,0,0,0,0,0,0,0,0,0,0,0,0,0,0,0,0,0,0,0,0,0,0,0,0,0,0,0,0,0,0,0,0,0,0,0,0,0,0,0,0,0,0,0,0,0,0,0,0,0,35,31,70,16,27,47,0,6,6,119,128,248
11103122810,core,0,0,0,0,3,4,0,0,0,0,0,0,0,0,0,54,51,107,0,5,5,0,0,0,0,0,5,0,5,3,0,5,3,11,7,14,75,73,146,0,0,0,0,0,0,0,0,0,0,0,0,0,0,0,0,0,0,0,0,0,0,0,0,0,0,0,0,0,0,0,0,0,0,0,0,0,0,0,0,0,0,0,3,3,0,0,0,0,0,0,0,0,0,0,0,0,35,28,63,19,31,50,0,0,0,123,132,259
11103122811,core,0,0,0,0,0,3,0,0,0,0,0,0,0,0,0,56,58,114,0,6,7,0,0,0,0,0,0,4,4,9,0,0,4,5,11,10,66,83,144,0,0,0,0,0,0,0,0,0,0,0,0,0,0,0,0,0,0,0,0,0,0,0,0,0,0,0,0,0,0,0,0,0,0,0,0,0,0,0,0,0,0,0,0,0,0,0,0,0,0,0,0,0,0,0,0,0,46,45,88,14,15,29,0,0,0,125,146,268
11103122812,core,0,0,0,0,0,0,0,0,0,0,0,0,0,0,0,63,49,114,0,10,11,4,0,4,0,0,0,8,3,7,0,0,0,4,5,5,78,62,141,0,0,0,0,0,0,0,0,0,0,0,0,0,0,0,0,0,0,0,0,0,0,0,0,0,0,0,0,0,0,0,0,0,0,0,0,0,0,0,0,0,3,0,0,3,0,0,0,0,0,0,0,0,0,0,0,0,32,40,81,18,30,42,0,0,0,129,140,266
11103122813,core,0,0,0,0,0,3,0,0,0,0,0,0,0,0,0,67,69,138,6,0,6,0,0,0,0,0,0,0,0,7,0,5,4,3,6,4,77,77,154,0,0,0,0,0,0,0,0,0,0,0,0,0,0,0,0,0,0,0,0,0,0,0,0,0,0,0,0,0,0,0,0,0,0,0,0,0,0,0,0,0,0,0,0,0,0,0,0,0,0,0,0,0,0,0,0,0,24,28,53,18,30,45,0,0,0,124,139,259
11103122814,core,0,0,0,4,0,0,0,0,0,0,0,0,0,0,0,56,53,113,3,0,4,0,0,0,3,0,0,3,0,5,0,0,4,6,15,23,75,71,153,0,0,0,0,0,0,0,0,0,0,0,0,0,0,0,0,0,0,0,0,0,0,0,0,0,0,0,0,0,0,0,0,0,0,0,0,0,0,0,0,0,0,0,0,0,0,0,0,0,0,0,0,0,0,0,0,0,44,57,102,11,17,33,0,0,0,138,154,291
11103122815,core,0,0,0,0,3,3,0,0,0,0,0,0,0,0,0,53,52,100,0,5,5,0,0,0,0,0,0,0,0,0,0,0,0,7,4,13,62,59,121,0,0,0,0,0,0,0,0,0,0,0,0,0,0,0,0,0,0,0,0,0,0,0,0,0,0,0,0,0,0,0,0,0,0,0,0,0,0,0,4,0,4,4,0,0,0,0,0,0,0,0,0,0,0,0,0,0,23,28,57,7,10,20,0,0,0,96,102,203
11103122816,core,0,0,0,0,0,0,0,0,0,0,0,0,0,0,0,45,45,90,0,3,3,0,0,0,0,0,0,6,0,6,0,0,0,5,5,4,53,50,105,0,0,0,0,0,0,0,0,0,0,0,0,0,0,0,0,0,0,0,0,0,0,0,0,0,0,0,0,0,0,0,0,0,0,0,0,0,0,0,0,0,0,0,0,0,0,0,0,0,0,0,0,0,0,0,0,0,22,18,44,14,9,24,0,0,0,86,80,170
11103122817,core,0,0,0,3,0,3,0,0,0,0,0,0,0,0,0,107,106,219,7,3,7,0,0,0,0,0,0,0,0,4,0,0,0,0,3,11,131,125,251,0,0,0,0,0,0,0,0,0,0,0,0,0,0,0,0,0,0,0,0,0,0,0,0,0,0,0,0,0,0,0,0,0,0,0,0,0,0,0,0,0,0,0,0,3,0,0,0,0,0,0,0,0,0,0,0,0,37,56,96,16,48,64,0,0,0,185,226,414
11103122818,core,0,0,0,0,0,3,0,0,0,0,0,0,0,0,0,119,87,205,8,7,12,0,0,0,0,0,0,4,0,0,0,0,0,0,0,7,131,99,226,0,0,0,0,0,0,0,0,0,0,0,0,0,0,0,0,0,0,0,0,0,0,0,0,0,0,0,0,0,0,0,0,0,0,0,0,0,0,0,0,0,0,0,0,0,0,0,0,0,0,0,0,0,0,0,0,0,37,50,85,22,29,49,0,0,0,190,174,364
11103122819,core,0,0,0,0,0,0,0,0,0,0,0,0,0,0,0,39,44,88,3,0,3,0,0,0,0,0,0,0,0,3,0,0,0,0,0,0,47,47,97,0,0,0,0,0,0,0,0,0,0,0,0,0,0,0,0,0,0,0,0,0,0,0,0,0,0,0,0,0,0,0,0,0,0,0,0,0,0,0,0,0,0,0,0,0,0,0,0,0,0,0,0,0,0,0,0,0,18,34,53,12,11,22,0,0,0,80,93,173
11103122820,core,0,0,0,0,0,0,0,0,0,0,0,0,0,0,0,81,49,123,0,11,12,0,0,0,0,0,0,0,0,5,0,0,0,4,0,4,94,61,152,0,0,0,0,0,0,0,0,0,0,0,0,0,0,0,0,0,0,0,0,0,0,0,0,0,0,0,0,0,0,0,0,0,0,0,0,0,0,0,0,0,0,0,0,0,0,0,0,0,0,0,0,0,0,0,0,0,39,42,80,15,22,42,0,4,4,150,127,275
11103122821,core,0,0,0,0,0,0,0,0,0,0,0,0,0,0,0,59,37,101,3,3,7,0,0,0,0,0,0,3,0,3,0,0,0,0,0,3,65,48,112,0,0,0,0,0,0,0,0,0,0,0,0,0,0,0,0,0,0,0,0,0,0,0,0,0,0,0,0,0,0,0,0,0,0,0,0,0,0,0,0,0,0,0,0,0,0,0,0,0,0,0,0,0,0,0,0,0,33,41,68,4,22,29,0,0,0,102,105,206
11103122822,core,0,0,0,0,5,3,0,0,0,0,0,0,0,0,0,55,49,105,9,3,7,9,0,9,4,0,4,3,4,9,0,0,0,0,3,0,79,62,137,0,0,0,0,0,0,0,0,0,0,0,0,0,0,0,0,0,0,0,0,0,0,0,0,0,0,0,0,0,0,0,0,0,0,0,0,0,0,0,0,0,0,0,0,3,0,0,0,0,0,0,0,0,0,0,0,0,16,30,51,15,11,34,0,0,0,116,106,225
11103122823,core,0,0,0,0,0,4,0,0,0,0,0,0,0,0,0,46,55,103,3,0,3,0,0,0,4,0,4,0,0,0,0,0,0,3,4,14,59,62,124,0,0,0,0,0,0,0,0,0,0,0,0,0,0,0,0,0,0,0,0,0,0,0,0,0,0,0,0,0,0,0,0,0,0,0,0,0,0,0,0,0,0,0,0,0,0,0,0,0,0,0,0,0,0,0,0,0,27,16,41,14,12,28,0,0,0,95,99,197
11103122824,core,0,0,0,0,0,3,0,0,0,0,0,0,0,0,0,49,35,81,0,0,3,0,0,0,0,0,0,5,0,4,0,0,0,4,10,13,61,41,107,0,0,0,0,0,0,0,0,0,0,0,0,0,0,0,0,0,0,0,0,0,0,0,0,0,0,0,0,0,0,0,0,0,0,0,0,0,0,0,0,0,3,0,0,5,0,0,0,0,0,0,0,0,0,0,0,0,17,20,41,7,15,22,0,0,0,91,79,171
11103122825,core,0,0,0,0,0,0,0,0,0,0,0,0,0,0,0,67,57,123,0,5,4,0,0,0,0,0,0,0,0,0,0,0,3,3,4,9,78,72,144,0,0,0,0,0,0,0,0,0,0,0,0,0,0,0,0,0,0,0,0,0,0,0,0,0,0,0,0,0,0,0,0,0,0,0,0,0,0,0,0,0,3,0,0,3,0,0,0,0,0,0,0,0,0,0,0,0,18,30,45,13,22,33,0,0,4,112,119,234
11103122826,core,0,0,0,3,0,3,0,0,0,0,0,0,0,0,0,106,82,189,0,3,0,0,0,0,0,0,0,14,8,17,0,0,0,3,7,9,124,100,222,0,0,0,0,0,0,0,0,0,0,0,0,0,0,0,0,0,0,0,0,0,0,0,0,0,0,0,0,0,0,0,0,0,0,0,0,0,0,0,0,0,0,0,0,0,0,0,0,0,0,0,0,0,0,0,0,0,59,70,131,20,29,51,0,0,0,202,200,403
11103122827,core,0,0,0,3,4,6,0,0,0,0,0,0,0,0,0,57,29,87,4,4,7,0,0,0,0,0,0,5,0,5,0,0,0,4,3,5,67,36,110,0,0,0,0,0,0,0,0,0,0,0,0,0,0,0,0,0,0,0,0,0,0,0,0,0,0,0,0,0,0,0,0,0,0,0,0,0,0,0,0,0,0,0,0,3,0,0,0,0,0,0,0,0,0,0,0,0,31,31,63,3,22,30,0,0,0,112,96,206
11103122828,core,0,0,0,0,0,0,0,0,0,0,0,0,0,0,0,59,44,107,7,4,8,0,0,0,0,0,0,3,0,4,0,0,0,0,0,0,70,47,118,0,0,0,0,0,0,0,0,0,0,0,0,0,0,0,0,0,0,0,0,0,0,0,0,0,0,0,0,0,0,0,0,0,0,0,0,0,0,0,0,0,0,0,0,0,0,0,0,0,0,0,0,0,0,0,0,0,26,33,55,6,9,19,0,0,0,96,91,190
11103122829,core,0,0,0,0,0,0,0,0,0,0,0,0,0,0,0,100,80,186,0,8,5,0,0,0,0,0,0,3,0,3,0,0,0,0,9,9,114,96,207,0,0,0,0,0,0,0,0,0,0,0,0,0,0,0,0,0,0,0,0,0,0,0,0,0,0,0,0,0,0,0,0,0,0,0,0,0,0,0,0,0,0,0,0,0,0,0,0,0,0,0,0,0,0,0,0,0,48,67,112,24,32,53,0,0,0,188,198,380
11103122830,core,0,0,0,0,0,0,0,0,0,0,0,0,0,0,0,69,39,105,0,3,4,0,0,0,0,0,0,0,0,0,0,0,0,0,7,7,72,52,128,0,0,0,0,0,0,0,0,0,0,0,0,0,0,0,0,0,0,0,0,0,0,0,0,0,0,0,0,0,0,0,0,0,0,0,0,0,0,0,0,0,0,0,0,0,0,0,0,0,0,0,0,0,0,0,0,0,24,30,52,12,16,34,0,0,0,109,97,210
11103122831,core,0,0,0,3,0,5,0,0,0,0,0,0,0,0,4,65,55,115,4,5,5,0,0,0,0,0,0,4,0,8,0,0,0,4,4,3,81,68,141,0,0,0,0,0,0,0,0,0,0,0,0,0,0,0,0,0,0,0,0,0,0,0,0,0,0,0,0,0,0,0,0,0,0,0,0,0,0,0,0,0,0,0,0,0,0,0,0,0,0,0,0,0,0,0,0,0,27,43,72,24,35,52,0,0,0,126,142,269
11103122832,core,0,0,0,0,0,0,0,0,0,0,0,0,0,0,0,81,65,151,0,5,9,0,0,0,0,0,0,4,6,8,0,0,0,5,3,9,96,77,173,0,0,0,0,0,0,0,0,0,0,0,0,0,0,0,0,0,0,0,0,0,0,0,0,0,0,0,0,0,0,0,0,0,0,0,0,0,0,0,0,0,0,0,0,0,0,0,0,0,0,0,0,0,0,0,0,0,43,60,102,13,18,34,0,0,0,153,157,313
11103122901,core,0,0,0,0,0,0,0,0,0,0,0,0,0,0,0,47,43,92,3,0,5,0,0,0,0,0,0,6,0,0,0,0,0,0,10,15,53,64,122,0,0,0,0,0,0,0,0,0,0,0,0,0,0,0,0,0,0,0,0,0,0,0,0,0,0,0,0,0,0,0,0,0,0,0,0,0,0,0,0,0,0,0,0,0,0,0,0,0,0,0,0,0,0,0,0,0,28,45,70,17,28,46,0,0,0,97,148,246
11103122902,core,0,0,0,0,3,3,0,0,0,0,0,0,0,0,0,69,55,127,3,0,0,0,0,0,0,0,0,6,0,6,0,0,0,17,11,27,99,75,171,0,0,0,0,0,0,0,0,0,0,0,0,0,0,0,0,0,0,0,0,0,0,0,0,0,0,0,0,0,0,0,0,0,0,0,0,0,0,0,0,0,0,0,0,4,0,0,0,0,0,0,0,0,0,0,0,0,35,52,85,7,26,40,0,0,0,144,159,307
11103122903,core,0,0,0,0,0,4,0,0,0,0,0,0,0,0,0,136,93,233,4,5,11,0,0,0,4,0,4,0,0,0,4,3,6,16,21,41,174,131,304,0,0,0,0,0,0,0,0,0,0,0,0,0,0,0,0,0,0,0,0,0,0,0,0,0,0,0,0,0,0,0,0,0,0,0,0,0,0,0,8,0,9,3,0,3,0,0,0,0,0,0,0,0,0,0,0,0,85,85,172,23,40,67,0,0,0,291,259,544
11103122905,core,3,0,6,12,8,12,0,0,0,3,3,9,0,0,0,118,77,198,12,5,16,0,0,0,4,4,6,4,3,11,0,0,4,43,41,86,197,137,332,0,0,0,0,0,0,0,0,0,0,0,0,0,0,0,0,0,0,0,0,0,0,0,0,0,0,0,0,0,0,0,0,0,0,0,0,0,0,0,0,0,0,3,0,3,0,0,0,0,0,0,0,0,0,0,0,0,85,92,172,38,44,81,4,0,4,320,272,592
11103122906,core,0,0,0,0,3,3,0,0,0,0,0,0,0,0,0,46,34,75,0,0,0,0,0,0,0,0,3,5,0,3,0,0,0,21,10,27,64,53,118,0,0,0,0,0,0,0,0,0,0,0,0,0,0,0,0,0,0,0,0,0,0,0,0,0,0,0,0,0,0,0,0,0,0,0,0,0,0,0,0,0,4,0,0,4,0,0,0,0,0,0,0,0,0,0,0,0,33,32,62,10,12,24,0,0,0,107,100,205
11103122908,core,0,0,0,0,0,0,0,0,0,7,3,8,0,0,0,47,34,85,0,0,0,0,0,0,0,0,0,0,0,0,0,0,0,5,16,20,54,58,113,0,0,0,0,0,0,0,0,0,0,0,0,0,0,0,0,0,0,0,0,0,0,0,0,0,0,0,0,0,0,0,0,0,0,0,0,0,0,0,0,0,0,0,0,0,0,0,0,0,0,0,0,0,0,0,0,0,30,26,62,8,17,28,0,0,0,98,106,205
11103122909,core,0,0,0,0,0,0,0,0,0,0,0,0,0,0,0,37,33,67,0,0,3,0,0,0,0,0,0,3,0,7,0,0,0,3,11,18,48,48,98,0,0,0,0,0,0,0,0,0,0,0,0,0,0,0,0,0,0,0,0,0,0,0,0,0,0,0,0,0,0,0,0,0,0,0,0,0,0,0,0,0,0,0,0,0,0,0,0,0,0,0,0,0,0,0,0,0,34,40,72,8,24,31,0,0,0,90,107,197
11103122910,core,0,0,0,0,0,0,0,0,0,0,0,0,0,0,0,47,39,87,0,0,0,0,0,0,0,0,0,0,0,4,0,0,0,3,11,20,56,54,107,0,0,0,0,0,0,0,0,0,0,0,0,0,0,0,0,0,0,0,0,0,0,0,0,0,0,0,0,0,0,0,0,0,0,0,0,0,0,0,0,0,0,0,0,3,0,0,0,0,0,0,0,0,0,0,0,0,33,37,70,14,24,33,0,0,0,98,117,216
11103122911,core,0,0,0,0,7,6,0,0,0,0,0,0,0,0,0,101,104,207,4,3,12,0,0,0,6,0,6,3,0,3,6,0,7,10,12,26,139,132,264,0,0,0,0,0,0,0,0,0,0,0,0,0,0,0,0,0,3,0,0,3,0,0,0,0,0,0,0,0,0,0,0,0,0,0,0,0,0,0,0,0,0,4,3,6,0,0,0,0,0,0,0,0,0,0,0,0,52,72,122,27,42,68,0,0,0,217,244,465
11103122912,core,0,0,0,0,0,3,0,0,0,0,0,0,0,0,0,30,20,48,0,0,0,0,0,0,0,0,0,5,5,12,0,0,0,9,3,15,39,30,76,0,0,0,0,0,0,0,0,0,0,0,0,0,0,0,0,0,0,0,0,0,0,0,0,0,0,0,0,0,0,0,0,0,0,0,0,0,0,0,4,0,3,4,0,5,0,0,0,0,0,0,0,0,0,0,0,0,33,37,73,12,23,29,0,0,0,90,88,186
11103122913,core,0,0,0,0,0,0,0,0,0,3,0,3,0,0,0,29,22,49,0,0,0,0,0,0,0,0,0,0,3,8,0,0,0,9,5,10,42,25,70,0,0,0,0,0,0,0,0,0,0,0,0,0,0,0,0,0,0,0,0,0,0,0,0,0,0,0,0,0,0,0,0,0,0,0,0,0,0,0,0,0,3,0,5,3,0,0,0,0,0,0,0,0,0,0,0,0,17,27,50,4,8,12,0,0,0,70,65,140
11103122914,core,0,0,0,0,0,0,0,0,0,0,0,0,0,0,0,0,0,0,0,0,0,0,0,0,0,0,0,0,0,0,0,0,0,0,0,0,0,0,0,0,0,0,0,0,0,0,0,0,0,0,0,0,0,0,0,0,0,0,0,0,0,0,0,0,0,0,0,0,0,0,0,0,0,0,0,0,0,0,0,0,0,0,0,0,0,0,0,0,0,0,0,0,0,0,0,0,0,0,0,0,0,0,0,0,0,0,0,0
11103122916,core,0,0,0,0,0,0,0,0,0,0,0,0,0,0,0,69,65,136,4,0,4,0,0,0,0,0,0,8,5,7,0,0,0,8,12,24,96,82,186,0,0,0,0,0,0,0,0,0,0,0,0,0,0,0,0,0,0,0,0,0,0,0,0,0,0,0,0,0,0,0,0,0,0,0,0,0,0,0,0,0,0,0,0,0,0,0,0,0,0,0,0,0,0,0,0,0,31,49,78,13,36,52,0,0,0,141,174,314
11103122917,core,0,0,0,0,6,4,0,0,0,0,0,0,0,0,0,48,52,95,0,4,4,3,0,3,0,0,4,0,0,0,0,0,0,8,9,19,71,61,131,0,0,0,0,0,0,0,0,0,0,0,0,0,0,0,0,0,0,0,0,0,0,0,0,0,0,0,0,0,0,0,0,0,0,0,0,0,0,0,0,0,0,6,0,8,0,0,0,0,0,0,0,0,0,0,0,0,38,47,85,18,22,41,0,0,0,126,140,261
11103122918,core,0,0,0,0,0,3,0,0,0,0,0,0,0,0,0,47,49,92,3,3,5,0,0,0,0,0,0,9,0,7,0,0,0,12,16,25,69,66,138,0,0,0,0,0,0,0,0,0,0,0,0,0,0,0,0,0,0,0,0,0,0,0,0,0,0,0,0,0,0,0,0,0,0,0,0,0,0,0,0,0,0,3,0,3,0,0,0,0,0,0,0,0,0,0,0,0,36,44,83,10,24,36,0,0,0,125,139,263
11103122919,core,0,0,0,0,0,4,0,0,0,0,0,0,0,0,0,73,51,122,0,5,8,5,0,5,0,0,0,5,0,5,0,0,0,12,18,28,95,75,169,0,0,0,0,0,0,0,0,0,0,0,0,0,0,0,0,0,0,0,0,0,0,0,0,0,0,0,0,0,0,0,0,0,0,0,0,0,0,0,0,0,4,0,3,5,0,0,0,0,0,0,0,0,0,0,0,0,41,55,86,10,30,39,0,0,3,149,161,307
11103122920,core,0,0,0,0,0,0,0,0,0,0,0,0,0,0,0,33,25,59,0,0,0,0,0,0,0,0,0,3,0,3,0,0,0,5,3,8,40,32,71,0,0,0,0,0,0,0,0,0,0,0,0,0,0,0,0,0,0,0,0,0,0,0,0,0,0,0,0,0,0,0,0,0,0,0,0,0,0,0,0,0,0,0,0,0,0,0,0,0,0,0,0,0,0,0,0,0,15,17,33,11,11,19,0,0,0,65,58,122
11103122921,core,0,0,0,0,4,4,0,0,0,0,0,0,0,0,0,35,19,57,6,0,6,0,0,0,0,0,0,0,0,0,0,0,0,0,0,3,40,25,66,0,0,0,0,0,0,0,0,0,0,0,0,0,0,0,0,0,0,0,0,0,0,0,0,0,0,0,0,0,0,0,0,0,0,0,0,0,0,0,0,0,0,0,0,0,0,0,0,0,0,0,0,0,0,0,0,0,19,19,38,3,8,13,0,0,0,62,52,115
11103122922,core,0,0,0,0,0,0,0,0,0,0,0,0,0,0,0,69,51,121,0,3,3,0,0,0,0,0,0,5,4,6,0,0,0,3,0,11,84,64,151,0,0,0,0,0,0,0,0,0,0,0,0,0,0,0,0,0,0,0,0,0,0,0,0,0,0,0,0,0,0,0,0,0,0,0,0,0,0,0,0,0,0,0,0,0,0,0,0,0,0,0,0,0,0,0,0,0,30,34,59,7,19,30,0,0,0,119,113,234
11103122923,core,0,0,0,0,0,0,0,0,0,0,0,0,0,0,0,85,60,152,3,4,6,0,0,0,0,0,0,4,3,7,0,0,0,3,8,9,103,75,180,0,0,0,0,0,0,0,0,0,0,0,0,0,0,0,0,0,0,0,0,0,0,0,0,0,0,0,0,0,0,0,0,0,0,0,0,0,0,0,3,0,3,3,3,3,0,0,0,0,0,0,0,0,0,0,0,0,34,47,78,16,22,35,0,0,0,158,144,301
11103122924,core,0,0,0,0,0,0,0,0,0,0,0,0,0,0,0,32,29,68,4,4,6,0,0,0,0,0,0,0,0,5,0,0,0,6,7,11,46,40,91,0,0,0,0,0,0,0,0,0,0,0,0,0,0,0,0,0,0,0,0,0,0,0,0,0,0,0,0,0,0,0,0,0,0,0,0,0,0,0,0,0,0,0,0,0,0,0,0,0,0,0,0,0,0,0,0,0,26,21,48,5,10,14,0,0,0,76,78,151
11103122925,core,0,0,0,7,0,5,0,0,0,0,0,0,0,0,0,79,77,156,4,7,8,3,0,3,3,0,5,4,4,4,0,0,0,16,8,18,114,95,205,0,0,0,0,0,0,0,0,0,0,0,0,0,0,0,0,0,0,0,0,0,0,0,0,0,0,0,0,0,0,0,0,0,0,0,0,0,0,0,0,0,0,5,0,4,0,0,0,0,0,0,0,0,0,0,0,0,47,58,101,27,36,68,0,0,3,189,191,381
11103122926,core,0,0,0,0,0,0,0,0,0,0,0,0,0,0,0,49,51,103,0,3,3,0,0,0,0,0,0,3,0,7,0,0,0,6,17,23,65,71,134,0,0,0,0,0,0,0,0,0,0,0,0,0,0,0,0,0,0,0,0,0,0,0,0,0,0,0,0,0,0,0,0,0,0,0,0,0,0,0,0,0,0,0,0,0,0,0,0,0,0,0,0,0,0,0,0,0,32,44,79,16,25,38,0,0,4,117,142,256
11103122927,core,0,0,0,0,0,8,0,0,0,0,0,0,0,0,0,49,40,89,0,3,3,0,0,0,5,0,3,0,0,0,0,0,0,20,12,30,75,63,136,0,0,0,0,0,0,0,0,0,0,0,0,0,0,0,0,0,0,0,0,0,0,0,0,0,0,0,0,0,0,0,0,0,0,0,0,0,0,0,0,0,0,0,0,0,0,0,0,0,0,0,0,0,0,0,0,0,33,42,75,17,22,39,0,0,0,122,129,252
11103122928,core,0,0,0,0,3,3,0,0,0,0,0,0,0,0,0,46,24,73,0,0,0,0,0,0,0,0,0,0,8,4,0,0,0,14,10,26,68,48,113,0,0,0,0,0,0,0,0,0,0,0,0,0,0,0,0,0,0,0,0,0,0,0,0,0,0,0,0,0,0,0,0,0,0,0,0,0,0,0,0,0,0,0,0,0,0,0,0,0,0,0,0,0,0,0,0,0,36,42,77,11,13,29,0,0,0,116,100,212
11103122929,core,0,0,0,0,0,0,0,0,0,4,0,4,0,0,0,53,27,86,0,0,0,0,0,0,0,0,0,0,0,0,0,0,0,4,8,15,67,43,112,0,0,0,0,0,0,0,0,0,0,0,0,0,0,0,0,0,0,0,0,0,0,0,0,0,0,0,0,0,0,0,0,0,0,0,0,0,0,0,3,0,6,3,0,6,0,0,0,0,0,0,0,0,0,0,0,0,46,29,79,9,16,25,0,0,0,125,92,219
11103122930,core,0,0,0,4,3,8,0,0,0,0,0,0,0,0,0,76,50,126,0,3,6,0,0,0,0,0,0,0,0,0,0,0,0,7,13,21,91,75,169,0,0,0,0,0,0,0,0,0,0,0,0,0,0,0,0,0,0,0,0,0,0,0,0,0,0,0,0,0,0,0,0,0,0,0,0,0,0,0,0,3,3,0,3,3,0,0,0,0,0,0,0,0,0,0,0,0,49,41,95,14,19,37,0,0,0,161,140,296
11103122931,core,0,0,0,0,0,3,0,0,0,0,0,0,0,0,0,79,49,125,6,0,6,0,0,0,3,0,3,5,0,5,0,0,0,9,14,24,99,67,170,0,0,0,0,0,0,0,0,0,0,0,0,0,0,0,0,0,0,0,0,0,0,0,0,0,0,0,0,0,0,0,3,3,0,3,3,0,3,8,0,0,3,0,9,13,0,0,0,0,0,0,0,0,0,0,0,0,45,47,91,18,25,42,0,0,0,170,144,312
11103122932,core,0,0,0,3,4,14,0,0,0,5,0,3,0,0,0,62,48,108,0,3,4,0,0,0,0,0,0,0,0,0,0,0,5,14,15,30,85,73,160,0,0,0,0,0,0,0,0,0,0,0,0,0,0,0,0,0,0,0,0,0,0,0,0,0,0,0,0,0,0,0,0,0,0,0,0,0,0,0,0,0,0,0,5,7,0,0,0,0,0,0,0,0,0,0,0,0,56,54,106,11,22,36,0,0,0,152,148,300
11103123001,core,0,0,0,0,0,0,0,0,0,0,0,0,0,0,0,3,0,7,0,0,0,0,0,0,0,0,0,0,0,0,0,0,0,0,0,0,3,0,10,0,0,0,0,0,0,0,0,0,0,0,0,0,0,0,0,0,0,0,0,0,0,0,0,0,0,0,0,0,0,0,0,0,0,0,0,0,0,0,0,0,0,0,0,0,0,0,0,0,0,0,0,0,0,0,0,0,0,0,0,3,0,3,0,0,0,10,4,16
11103123101,core,0,0,0,0,4,5,0,0,0,0,0,0,0,0,0,90,38,127,0,5,3,0,0,0,4,0,4,4,0,4,0,0,0,0,0,6,101,54,152,0,0,0,0,0,0,0,0,0,0,0,0,0,0,0,0,0,0,4,0,0,0,0,0,0,0,0,0,0,0,0,5,5,0,0,0,0,5,5,0,0,0,4,3,3,0,0,0,0,0,0,0,0,0,0,0,0,8,22,27,17,19,32,0,0,0,131,94,224
11103123102,core,0,0,0,0,0,0,0,0,0,0,0,0,0,0,0,83,64,146,5,0,10,0,0,0,0,0,0,0,0,0,0,0,0,0,0,0,89,66,152,0,0,0,0,0,0,0,0,0,0,0,0,0,0,0,0,0,0,0,0,0,0,0,0,0,0,0,0,0,0,0,0,0,0,0,0,0,0,0,0,0,0,0,0,0,0,0,0,0,0,0,0,0,0,0,0,0,12,21,30,15,19,37,0,0,3,117,113,222
11103123103,core,0,0,0,3,5,9,0,0,0,0,0,0,0,0,0,82,41,128,6,9,9,3,0,3,0,0,0,0,0,0,0,0,0,0,3,4,99,60,153,0,0,0,0,0,0,0,0,0,0,0,0,0,0,0,0,0,0,0,0,0,0,0,0,0,0,0,0,0,0,0,0,0,0,0,0,0,0,0,3,0,5,3,0,5,0,0,0,0,0,0,0,0,0,0,0,0,18,8,28,21,17,38,4,0,4,143,90,230
11103123104,core,0,0,0,4,7,6,0,0,0,0,0,0,0,0,0,105,94,193,8,19,23,0,0,0,3,0,4,0,0,0,0,0,0,3,7,6,120,122,241,0,0,0,0,0,0,0,0,0,0,0,0,0,0,0,0,0,0,0,0,0,0,0,0,0,0,0,0,0,0,0,0,0,0,0,0,0,0,3,0,0,0,0,0,6,0,0,0,0,0,0,0,0,0,0,0,0,30,37,69,26,49,71,0,5,5,178,205,383
11103123105,core,0,0,0,0,0,0,0,0,0,0,0,0,0,0,0,23,11,33,0,0,0,0,0,0,0,0,0,0,0,0,0,0,0,0,0,0,23,13,38,0,0,0,0,0,0,0,0,0,0,0,0,0,0,0,0,0,0,0,0,0,0,0,0,0,0,0,0,0,0,0,0,0,0,0,0,0,0,0,0,0,0,0,0,0,0,0,0,0,0,0,0,0,0,0,0,0,0,0,0,0,3,11,0,0,0,31,18,52
11103123106,core,0,0,0,0,0,0,0,0,0,0,0,0,0,0,0,3,10,10,0,0,0,0,0,0,0,0,0,0,0,0,0,0,0,0,0,0,3,10,10,0,0,0,0,0,0,0,0,0,0,0,0,0,0,0,0,0,0,0,0,0,0,0,0,0,0,0,0,0,0,0,0,0,0,0,0,0,0,0,0,0,0,0,0,0,0,0,0,0,0,0,0,0,0,0,0,0,3,3,3,0,0,0,0,0,0,11,9,20
11103123107,core,0,0,0,0,0,0,0,0,0,0,0,0,0,0,0,18,6,21,0,0,4,0,0,0,0,0,0,0,0,0,0,0,0,0,0,0,22,9,26,0,0,0,0,0,0,0,0,0,0,0,0,0,0,0,0,0,0,0,0,0,0,0,0,0,0,0,0,0,0,0,0,0,0,0,0,0,0,0,0,0,0,0,0,0,0,0,0,0,0,0,0,0,0,0,0,0,3,0,4,6,0,7,0,0,0,29,15,36
11103123108,core,0,0,0,6,0,4,0,0,0,0,0,0,0,0,0,82,73,155,0,4,5,4,0,4,0,0,0,0,0,0,0,0,0,0,0,0,92,79,169,0,0,0,0,0,0,0,0,0,0,0,0,0,0,0,0,0,0,0,0,0,0,0,0,0,0,0,0,0,0,0,0,0,0,0,0,0,0,0,0,0,0,3,0,3,0,0,0,0,0,0,0,0,0,0,0,0,9,19,32,20,23,43,0,0,0,126,122,253
11103123109,core,0,0,0,0,0,0,0,0,0,0,0,0,0,0,0,109,79,192,5,7,9,0,0,0,6,0,6,0,0,0,0,0,0,0,0,0,124,85,210,0,0,0,0,0,0,0,0,0,0,0,0,0,0,0,0,0,0,0,0,0,0,0,0,0,0,0,0,0,0,0,0,0,0,0,0,0,0,0,0,0,0,0,3,3,0,0,0,0,0,0,0,0,0,0,0,0,10,32,45,27,30,56,3,0,0,165,151,320
11103123110,core,0,0,0,0,6,6,0,0,0,0,0,0,0,0,0,80,79,158,4,7,11,0,0,0,5,0,5,0,0,0,0,0,0,0,0,0,93,95,182,0,0,0,0,0,0,0,0,0,0,0,0,0,0,0,0,0,0,0,0,0,0,0,0,0,0,0,0,0,0,0,0,0,0,0,0,0,0,0,0,0,0,0,0,0,0,0,0,0,0,0,0,0,0,0,0,0,24,20,46,12,16,31,0,0,0,130,135,263
11103123111,core,0,0,0,0,0,0,0,0,0,0,0,0,0,0,0,86,60,147,0,10,9,7,0,7,3,0,3,0,0,0,0,0,0,0,0,0,98,66,168,0,0,0,0,0,0,0,0,0,0,0,0,0,0,0,0,0,0,0,0,0,0,0,0,0,0,0,0,0,0,0,0,0,0,0,0,0,0,0,0,0,0,0,0,0,0,0,0,0,0,0,0,0,0,0,0,0,17,17,35,13,19,31,0,0,0,127,109,237
11103123112,core,0,0,0,0,0,0,0,0,0,0,0,0,0,0,0,0,0,0,0,0,0,0,0,0,0,0,0,0,0,0,0,0,0,0,0,0,0,0,0,0,0,0,0,0,0,0,0,0,0,0,0,0,0,0,0,0,0,0,0,0,0,0,0,0,0,0,0,0,0,0,0,0,0,0,0,0,0,0,0,0,0,0,0,0,0,0,0,0,0,0,0,0,0,0,0,0,0,0,0,0,0,0,0,0,0,0,0,0
11103123113,core,3,0,3,0,4,3,0,0,0,0,0,0,0,0,0,91,60,153,9,3,9,5,0,0,0,0,0,0,0,0,0,0,0,0,3,3,107,77,181,0,0,0,0,0,0,0,0,0,0,0,0,0,0,0,0,0,0,0,0,0,0,0,0,0,0,0,0,0,0,0,0,0,0,0,0,3,0,3,3,0,3,9,0,9,0,0,0,0,0,0,0,0,0,0,0,0,29,28,58,36,39,74,0,0,0,176,140,318
11103123114,core,0,0,0,3,7,9,0,0,0,0,0,0,0,0,0,132,74,211,12,13,22,4,0,4,0,0,0,0,0,0,0,0,0,0,8,10,155,100,258,0,0,0,0,0,0,0,0,0,0,0,0,0,0,0,0,0,0,0,0,0,0,0,0,0,0,0,0,0,0,0,0,0,0,0,0,0,0,0,0,0,5,0,0,5,0,0,0,0,0,0,0,0,0,0,0,0,21,15,36,27,49,73,0,0,0,210,164,375
11103123115,core,0,0,0,4,0,3,0,0,0,0,0,0,0,0,0,71,48,120,3,4,5,0,0,0,0,0,0,0,0,0,0,0,0,0,0,0,77,53,130,0,0,0,0,0,0,0,0,0,0,0,0,0,0,0,0,0,0,0,0,0,0,0,0,0,0,0,0,0,0,0,0,0,0,0,0,0,0,0,0,0,0,0,0,0,0,0,0,0,0,0,0,0,0,0,0,0,17,13,28,15,25,41,0,0,4,112,99,209
11103123116,core,0,0,0,3,5,7,0,0,0,0,0,0,0,0,0,68,60,130,9,13,16,0,0,0,3,0,3,0,0,0,3,0,3,0,0,0,93,72,168,0,0,0,0,0,0,0,0,0,0,0,0,0,0,0,0,0,0,0,0,0,0,0,0,0,0,0,0,0,0,0,0,0,0,0,0,0,0,0,5,0,4,5,0,3,0,0,0,0,0,0,0,0,0,0,0,0,15,21,33,14,23,38,0,0,0,123,122,245
11103123117,core,0,0,0,0,0,0,0,0,0,0,0,0,0,0,0,28,34,60,0,3,6,0,0,0,0,0,0,0,0,0,0,0,0,0,0,0,37,35,67,0,0,0,0,0,0,0,0,0,0,0,0,0,0,0,0,0,0,0,0,0,0,0,0,0,0,0,0,0,0,0,0,0,0,0,0,0,0,0,0,0,0,0,0,3,0,0,0,0,0,0,0,0,0,0,0,0,11,9,14,8,8,17,0,0,0,51,57,105
11103123118,core,0,0,0,0,0,0,0,0,0,0,0,0,0,0,0,23,24,46,3,5,6,0,0,0,0,0,0,0,0,0,0,0,0,3,6,8,33,27,58,0,0,0,0,0,0,0,0,0,0,0,0,0,0,0,0,0,0,0,0,0,0,0,0,0,0,0,0,0,0,0,0,0,0,0,0,0,0,0,0,0,0,0,0,0,0,0,0,0,0,0,0,0,0,0,0,0,6,13,20,0,13,11,0,0,0,43,50,94
11103123119,core,0,0,0,9,9,11,0,0,0,0,0,0,0,0,3,78,34,105,4,9,16,0,0,0,0,0,0,0,0,0,0,0,0,4,0,3,96,50,145,0,0,0,0,0,0,0,0,0,0,0,0,0,0,0,0,0,0,0,0,0,0,0,0,0,0,0,3,0,3,0,0,0,0,6,6,3,6,5,0,0,0,3,3,7,0,0,0,0,0,0,0,0,0,0,0,5,7,8,14,15,30,49,0,0,3,131,93,220
11103123120,core,0,0,0,0,3,3,0,0,0,0,0,0,0,0,0,46,15,65,0,9,6,0,0,0,0,0,0,0,0,0,3,0,0,0,4,7,50,33,85,0,0,0,0,0,0,0,0,0,0,0,0,0,0,0,0,0,0,0,0,0,0,0,0,0,0,0,0,0,0,0,0,0,0,0,0,0,0,0,4,0,4,3,0,3,0,0,0,0,0,0,0,0,0,0,0,0,6,9,11,10,8,18,0,0,0,80,44,121
11103123121,core,0,0,0,4,4,10,0,0,0,0,0,0,0,3,3,50,34,84,0,3,4,3,0,3,0,0,0,0,0,0,0,0,0,0,0,0,68,47,112,0,0,0,0,0,0,0,0,0,0,0,0,0,0,0,0,0,0,0,0,0,0,0,0,0,0,0,0,0,0,0,0,0,0,0,0,0,0,0,0,0,0,0,0,3,0,0,0,0,0,0,0,0,0,0,0,0,5,8,20,10,13,28,0,0,0,88,61,151
11103123122,core,0,0,0,5,0,3,0,0,0,0,0,0,0,0,0,82,54,138,4,4,7,0,0,0,0,0,0,0,0,0,0,0,0,0,3,3,97,58,153,0,0,0,0,0,0,0,0,0,0,0,0,0,0,0,0,0,0,0,0,0,0,0,0,0,0,0,0,0,0,4,0,5,0,0,0,4,0,5,0,0,0,0,0,4,0,0,3,0,0,0,0,0,0,0,0,4,18,13,39,13,15,24,0,0,0,135,91,225
11103123123,core,0,0,0,0,4,12,0,0,0,0,0,0,0,0,0,111,40,150,0,13,13,0,0,0,4,0,4,0,0,0,3,0,3,0,6,7,120,65,187,0,0,0,0,0,0,0,0,0,0,0,0,0,0,0,0,0,0,0,0,0,0,0,0,0,0,0,0,0,0,0,0,0,0,0,0,0,0,0,0,0,0,6,0,4,0,0,0,0,0,0,0,0,0,0,0,0,15,26,33,25,21,44,0,0,0,158,108,270
11103123124,core,0,0,0,3,8,12,0,0,0,0,0,0,0,0,0,108,66,176,6,6,10,0,0,0,4,0,4,0,0,0,3,0,4,0,4,4,126,87,212,0,0,0,0,0,0,0,0,0,0,0,0,0,0,0,0,0,0,0,0,0,0,0,0,0,0,0,0,0,0,0,0,0,0,0,0,0,0,3,0,4,4,0,6,9,3,0,3,0,0,0,0,0,0,3,0,0,28,37,62,29,38,65,0,0,0,188,165,353
11103123125,core,0,0,0,8,5,13,0,0,0,0,0,0,0,0,0,82,122,204,0,6,7,0,0,0,0,0,0,0,0,0,0,0,0,10,8,21,102,145,242,3,0,3,0,0,0,0,0,0,0,0,0,0,0,0,0,0,0,0,0,0,0,0,0,0,0,0,0,0,0,0,0,0,0,0,0,0,3,3,3,0,4,8,0,7,0,0,0,0,0,0,0,0,0,0,0,0,17,30,42,63,131,195,0,0,0,188,308,493
11103123126,core,0,0,0,0,6,11,0,0,0,0,0,0,0,0,0,45,17,66,5,3,5,0,0,0,0,0,0,0,0,0,0,0,0,0,0,3,55,31,84,0,0,0,0,0,0,0,0,0,0,0,0,0,0,0,0,0,0,0,0,0,0,0,0,0,0,0,0,0,0,0,0,0,0,0,0,0,0,0,0,0,0,0,3,4,0,0,0,0,0,0,0,0,0,0,0,0,14,10,19,17,9,23,0,0,0,82,48,131
11103123201,core,0,0,0,0,0,0,4,0,3,0,0,0,0,0,0,55,45,104,5,0,7,0,0,6,0,0,0,0,0,0,0,0,3,0,0,5,62,57,119,0,0,0,0,0,0,0,0,0,0,0,0,0,0,0,0,0,0,0,0,0,0,0,0,0,0,0,0,0,0,0,0,0,0,0,0,0,0,0,0,0,4,0,0,4,0,0,0,0,0,0,0,0,0,0,0,0,19,23,44,10,18,27,0,0,0,98,103,201
11103123202,core,0,0,0,0,0,0,0,3,3,0,0,0,0,0,0,65,34,101,5,3,4,0,0,0,0,0,0,0,0,0,4,4,5,3,3,5,77,44,123,0,0,0,0,0,0,0,0,0,0,0,0,0,0,0,0,0,0,0,0,0,0,0,0,0,0,0,0,0,0,0,0,0,0,0,0,0,0,0,6,0,6,6,0,3,0,0,0,0,0,0,0,0,0,0,0,0,13,24,35,15,16,33,0,0,0,108,83,196
11103123203,core,0,0,0,0,0,0,0,5,5,0,0,0,0,0,0,48,29,81,5,0,7,0,0,0,0,0,0,0,0,0,0,0,0,3,3,7,56,42,98,0,0,0,0,0,0,0,0,0,0,0,0,0,0,0,0,0,0,0,0,0,0,0,0,0,0,0,0,0,0,0,0,0,0,0,0,0,0,0,5,0,0,5,0,0,0,0,0,0,0,0,0,0,0,0,0,0,6,23,34,11,17,31,0,0,0,79,83,162
11103123204,core,0,0,0,0,0,0,0,3,3,0,0,0,0,0,0,57,36,91,4,0,4,0,0,0,0,0,0,0,0,0,0,0,0,3,9,13,67,44,114,0,0,0,0,0,0,0,0,0,0,0,0,0,0,0,0,0,0,0,0,0,0,0,0,0,0,0,0,0,0,0,0,0,0,0,0,0,0,0,7,0,4,7,0,4,0,0,0,0,0,3,0,0,0,0,0,3,16,17,31,11,16,26,0,0,0,101,81,181
11103123205,core,0,0,0,0,0,0,4,5,4,0,0,0,0,0,0,58,42,102,3,0,3,5,0,5,0,0,0,0,0,0,0,0,0,3,4,9,74,51,128,0,0,0,0,0,0,0,0,0,0,0,0,0,0,0,0,0,0,0,0,0,0,0,0,0,0,0,0,0,0,0,0,0,0,0,0,0,0,0,3,3,10,4,3,10,0,0,0,0,0,0,0,0,0,0,5,5,17,32,54,11,17,29,0,0,0,115,99,213
11103123206,core,0,0,0,0,0,0,0,6,3,0,0,0,0,0,0,40,30,71,0,0,0,0,0,0,0,0,0,0,0,0,0,0,4,8,3,7,49,42,85,0,0,0,0,0,0,0,0,0,0,0,0,0,0,0,0,0,0,0,0,0,0,0,0,0,0,0,0,0,0,0,0,0,0,0,0,0,0,0,0,0,3,5,0,3,0,0,0,0,0,0,0,0,0,0,0,0,18,12,30,11,17,27,0,0,0,80,70,151
11103123207,core,0,0,0,0,0,0,0,5,3,0,0,0,0,0,0,77,47,121,0,4,4,0,0,0,0,0,0,0,0,0,0,0,0,3,12,13,81,67,148,0,0,0,0,0,0,0,0,0,0,0,0,0,0,0,0,0,0,0,0,0,0,0,0,0,0,0,0,0,0,0,0,0,0,0,0,0,0,0,4,4,5,4,4,8,0,0,0,0,0,0,0,0,0,0,0,0,28,34,64,19,27,43,0,0,0,131,126,254
11103123208,core,0,0,0,0,0,0,0,0,3,0,0,0,0,0,0,43,39,83,7,4,8,0,0,0,0,0,0,0,0,0,0,0,0,0,0,0,50,44,97,0,0,0,0,0,0,0,0,0,0,0,0,0,0,0,0,0,0,0,0,0,0,0,0,0,0,0,0,0,0,0,0,0,0,0,0,0,0,0,0,0,6,0,0,5,0,0,0,0,0,0,0,0,0,0,0,0,12,22,30,16,15,19,0,0,0,79,80,158
11103123209,core,0,0,0,0,0,0,0,0,4,0,0,0,0,0,0,67,47,113,3,0,0,0,0,0,0,0,0,0,0,3,0,0,0,5,4,6,73,55,130,0,0,0,0,0,0,0,0,0,0,0,0,0,0,0,0,0,0,0,0,0,0,0,0,0,0,0,0,0,0,0,0,0,0,0,0,0,0,0,4,3,9,4,6,7,0,0,0,0,0,0,0,0,0,0,0,0,9,22,36,11,27,40,0,0,0,100,115,214
11103123210,core,0,0,0,0,0,0,0,0,0,0,0,0,0,0,0,13,12,28,0,0,5,0,0,0,0,0,0,0,0,0,0,0,0,0,0,0,17,15,33,0,0,0,0,0,0,0,0,0,0,0,0,0,0,0,0,0,0,0,0,0,0,0,0,0,0,0,0,0,0,0,0,0,0,0,0,0,0,0,0,0,0,0,0,0,0,0,0,0,0,0,0,0,0,0,0,0,3,8,11,5,5,8,0,0,0,22,28,50
11103123211,core,0,0,0,0,0,0,0,0,0,0,0,0,0,0,0,0,0,0,0,0,0,0,0,0,0,0,0,0,0,0,0,0,0,0,0,0,0,0,0,0,0,0,0,0,0,0,0,0,0,0,0,0,0,0,0,0,0,0,0,0,0,0,0,0,0,0,0,0,0,0,0,0,0,0,0,0,0,0,0,0,0,0,0,0,0,0,0,0,0,0,0,0,0,0,0,0,0,0,0,0,0,0,0,0,0,6,0,3
11103123213,core,0,0,0,0,0,0,0,0,0,0,0,0,0,0,0,17,18,35,0,3,3,0,0,0,0,0,0,0,0,0,0,0,0,3,0,3,25,23,45,0,0,0,0,0,0,0,0,0,0,0,0,0,0,0,0,0,0,0,0,0,0,0,0,0,0,0,0,0,0,0,0,0,0,0,0,0,0,0,0,0,0,0,0,0,0,0,0,0,0,0,0,0,0,0,0,0,0,7,7,7,10,17,0,0,0,28,38,72
11103123216,core,0,0,0,0,0,0,0,0,0,0,0,0,0,0,0,0,0,0,0,0,0,0,0,0,0,0,0,0,0,0,0,0,0,0,0,0,0,0,0,0,0,0,0,0,0,0,0,0,0,0,0,0,0,0,0,0,0,0,0,0,0,0,0,0,0,0,0,0,0,0,0,0,0,0,0,0,0,0,0,0,0,0,0,0,0,0,0,0,0,0,0,0,0,0,0,0,0,0,0,0,0,0,0,0,0,0,0,0
11103123217,core,0,0,0,0,0,0,0,0,0,0,0,0,0,0,0,9,3,13,0,0,0,0,0,0,0,0,0,0,0,0,0,0,0,0,0,0,8,5,11,0,0,0,0,0,0,0,0,0,0,0,0,0,0,0,0,0,0,0,0,0,0,0,0,0,0,0,0,0,0,0,0,0,0,0,0,0,0,0,0,0,0,0,0,0,0,0,0,0,0,0,0,0,0,0,0,0,0,0,3,0,0,4,0,0,0,8,7,22
11103123218,core,0,0,0,0,0,0,0,0,0,0,0,0,0,0,0,59,59,117,4,3,7,0,0,0,0,0,0,0,0,0,0,0,0,0,0,0,66,59,131,0,0,0,0,0,0,0,0,0,0,0,0,0,0,0,0,0,0,0,0,0,0,0,0,0,0,0,0,0,0,0,0,0,0,0,0,0,0,0,0,3,6,0,3,6,0,0,0,0,0,0,0,0,0,0,0,0,35,44,77,7,21,37,0,0,0,111,129,245
11103123219,core,0,0,0,0,0,0,0,0,0,0,0,0,0,0,0,103,87,191,4,3,3,0,0,0,0,0,0,0,0,0,0,0,0,0,0,0,109,93,196,0,0,0,0,0,0,0,0,0,0,0,0,0,0,0,0,0,0,0,0,0,0,0,0,0,0,0,0,0,0,0,0,0,0,0,0,0,0,0,0,0,0,0,0,0,0,0,0,0,0,0,0,0,0,0,0,0,48,54,94,22,26,46,0,0,0,175,167,344
11103123220,core,0,0,0,0,0,0,0,0,0,0,0,0,0,0,0,129,95,222,3,6,7,0,0,0,0,0,0,0,0,0,0,0,0,0,0,0,134,103,232,0,0,0,0,0,0,0,0,0,0,0,0,0,0,0,0,0,0,0,0,0,0,0,0,0,0,0,0,0,0,0,0,0,0,0,0,0,0,0,0,0,0,0,0,0,0,0,0,0,0,0,0,0,0,0,0,0,48,69,125,43,47,91,0,0,0,225,218,450
11103123221,core,0,0,0,0,0,0,0,0,0,0,0,0,0,0,0,0,5,6,0,0,0,0,0,0,0,0,0,0,0,0,0,0,0,0,0,0,4,5,12,0,0,0,0,0,0,0,0,0,0,0,0,0,0,0,0,0,0,0,0,0,0,0,0,0,0,0,0,0,0,0,0,0,0,0,0,0,0,0,0,0,0,0,0,0,0,0,0,0,0,0,0,0,0,0,0,0,4,4,8,6,5,7,0,0,0,11,14,25
11103123222,core,0,0,0,0,0,0,0,0,0,0,0,0,0,0,0,41,35,74,9,3,10,3,0,3,3,0,3,0,0,0,0,0,0,4,0,3,61,35,96,0,0,0,0,0,0,0,0,0,0,0,0,0,0,0,0,0,0,0,0,0,0,0,0,0,0,0,0,0,0,0,0,0,0,0,0,0,0,0,0,0,0,0,0,0,0,0,0,0,0,0,0,0,0,0,0,0,15,11,28,8,14,17,4,0,4,84,68,143
11103123223,core,0,0,0,0,0,0,0,0,0,0,0,0,0,0,0,75,50,130,3,4,6,3,0,3,0,0,0,0,0,0,0,0,0,0,0,0,78,61,139,0,0,0,0,0,0,0,0,0,0,0,0,0,0,0,0,0,0,0,0,0,0,0,0,0,0,0,0,0,0,0,0,0,0,0,0,0,0,0,0,0,4,0,0,4,0,0,0,0,0,0,0,0,0,0,0,0,32,51,84,16,30,48,0,0,0,132,134,264
11103123224,core,0,0,0,0,0,0,0,0,0,0,0,0,0,0,0,71,43,113,0,0,7,0,0,0,0,0,0,0,0,0,0,0,0,0,4,4,76,48,121,0,0,0,0,0,0,0,0,0,0,0,0,0,0,0,0,0,0,0,0,0,0,0,0,0,0,0,0,0,0,0,0,0,0,0,0,0,0,0,0,0,5,0,0,5,0,0,0,0,0,0,0,0,0,0,0,0,5,19,19,15,18,36,0,0,0,98,85,179
11103123301,core,0,0,0,0,4,4,0,0,0,0,0,0,0,0,0,68,43,114,3,3,7,0,0,0,0,0,0,0,0,0,0,0,0,0,4,4,80,57,134,0,0,0,0,0,0,0,0,0,0,0,0,0,0,0,0,0,0,0,0,0,0,0,0,0,0,0,0,0,0,0,0,0,0,0,0,0,0,0,0,0,0,0,0,0,0,0,0,0,0,0,0,0,0,0,0,0,15,13,32,19,17,37,4,0,3,116,91,206
11103123302,core,0,0,0,0,0,0,0,0,0,0,0,0,0,0,0,59,49,110,0,3,3,0,0,0,0,0,0,0,0,0,0,0,0,0,0,3,67,58,128,0,0,0,0,0,0,0,0,0,0,0,0,0,0,0,0,0,0,0,0,0,0,0,0,0,0,0,0,0,0,0,0,0,0,0,0,0,0,0,0,0,0,0,0,0,0,0,0,0,0,0,0,0,0,0,0,0,16,27,44,17,27,46,0,0,0,95,115,219
11103123303,core,0,0,0,6,0,6,0,0,0,0,0,0,0,0,0,90,58,144,6,8,10,0,0,0,0,0,0,5,0,5,0,0,0,0,4,9,102,68,172,0,0,0,0,0,0,0,0,0,0,0,0,0,0,0,0,0,0,0,0,0,0,0,0,0,0,0,0,0,0,0,0,0,0,0,0,0,0,0,0,0,0,0,0,0,0,0,0,0,0,0,0,0,0,0,0,0,16,22,39,18,20,39,0,0,0,141,111,249
11103123304,core,0,0,0,0,12,9,0,0,0,0,0,0,0,0,0,104,78,177,9,16,25,4,0,4,0,0,0,0,0,0,0,0,7,3,0,8,122,102,223,0,0,0,0,0,0,0,0,0,0,0,0,0,0,0,0,0,0,0,0,0,0,0,0,0,0,0,0,0,0,0,0,0,0,0,0,0,0,0,0,0,0,0,0,0,0,0,0,0,0,0,0,0,0,0,0,0,39,33,77,31,34,63,0,0,0,195,171,364
11103123305,core,0,0,0,0,0,0,0,0,0,0,0,0,0,0,0,78,76,156,6,4,10,0,0,0,3,0,3,0,0,0,0,0,0,5,0,0,95,85,177,0,0,0,0,0,0,0,0,0,0,0,0,0,0,0,0,0,0,0,0,0,0,0,0,0,0,0,0,0,0,0,0,0,0,0,0,0,0,0,0,0,0,4,0,4,0,0,0,0,0,0,0,0,0,0,0,0,19,26,46,14,36,45,0,0,0,128,142,269
11103123306,core,0,0,0,0,4,7,0,0,0,0,0,0,0,0,0,54,49,107,4,4,3,0,0,0,0,0,0,0,0,0,0,0,0,0,0,0,64,56,117,0,0,0,0,0,0,0,0,0,0,0,0,0,0,0,0,0,0,0,0,0,0,0,0,0,0,0,0,0,0,0,0,0,0,0,0,0,0,0,0,0,0,0,0,0,0,0,0,0,0,0,0,0,0,0,0,0,9,7,20,15,15,31,0,0,0,85,75,162
11103123307,core,0,0,0,0,0,0,0,0,0,0,0,0,0,0,0,17,16,35,0,0,0,0,0,0,0,0,0,0,0,0,0,0,0,0,0,0,22,16,35,0,0,0,0,0,0,0,0,0,0,0,0,0,0,0,0,0,0,0,0,0,0,0,0,0,0,0,0,0,0,0,0,0,0,0,0,0,0,0,0,0,0,0,0,0,0,0,0,0,0,0,0,0,0,0,0,0,3,10,8,0,4,3,0,0,0,24,27,51
11103123308,core,0,0,0,0,0,0,0,0,0,0,0,0,0,0,0,0,0,0,0,0,0,0,0,0,0,0,0,0,0,0,0,0,0,0,0,0,0,0,0,0,0,0,0,0,0,0,0,0,0,0,0,0,0,0,0,0,0,0,0,0,0,0,0,0,0,0,0,0,0,0,0,0,0,0,0,0,0,0,0,0,0,0,0,0,0,0,0,0,0,0,0,0,0,0,0,0,0,0,0,0,0,0,0,0,0,0,0,0
11103123309,core,0,0,0,0,3,3,0,0,0,0,0,0,0,0,0,59,57,115,7,3,4,0,0,0,0,0,0,0,0,0,0,0,0,0,0,0,67,58,128,0,0,0,0,0,0,0,0,0,0,0,0,0,0,0,0,0,0,0,0,0,0,0,0,0,0,0,0,0,0,0,0,0,0,0,0,0,0,0,0,0,0,0,0,0,0,0,0,0,0,0,0,0,0,0,0,0,14,13,22,14,15,35,0,0,0,92,89,185
11103123310,core,0,0,0,4,4,8,3,0,3,0,0,0,0,0,0,111,116,225,7,9,12,6,0,6,0,0,0,0,0,0,0,0,0,0,0,5,134,127,262,0,0,0,0,0,0,0,0,0,0,0,0,0,0,0,0,0,0,0,0,0,0,0,0,0,0,0,0,0,0,0,0,0,0,0,0,0,6,6,0,0,0,0,3,3,0,0,0,0,0,0,0,0,0,0,0,0,26,31,59,29,34,62,0,0,0,187,201,386
11103123311,core,0,0,0,0,0,0,0,0,0,0,0,0,0,0,0,0,0,0,0,0,0,0,0,0,0,0,0,0,0,0,0,0,0,0,0,0,0,0,0,0,0,0,0,0,0,0,0,0,0,0,0,0,0,0,0,0,0,0,0,0,0,0,0,0,0,0,0,0,0,0,0,0,0,0,0,0,0,0,0,0,0,0,0,0,0,0,0,0,0,0,0,0,0,0,0,0,0,0,0,0,0,0,0,0,0,0,0,0
11103123312,core,0,0,0,0,0,0,0,0,0,0,0,0,0,0,0,101,84,178,0,3,4,0,0,0,4,0,4,0,0,0,0,0,0,0,3,4,111,91,197,0,0,0,0,0,0,0,0,0,0,0,0,0,0,0,0,0,0,0,0,0,0,0,0,0,0,0,0,0,0,0,0,0,0,0,0,0,0,0,0,0,0,0,0,0,0,0,0,0,0,0,0,0,0,0,0,0,12,21,38,21,25,46,0,0,0,150,138,285
11103123313,core,0,0,0,0,0,0,0,0,0,0,0,0,0,0,0,38,41,80,0,3,0,0,0,0,0,0,0,0,0,0,0,0,0,0,0,0,45,46,89,0,0,0,0,0,0,0,0,0,0,0,0,0,0,0,0,0,0,0,0,0,0,0,0,0,0,0,0,0,0,0,0,0,0,0,0,0,0,0,0,0,0,0,0,0,0,0,0,0,0,0,0,0,0,0,0,0,3,12,22,3,11,10,0,0,0,55,63,121
11103123314,core,0,0,0,3,0,0,0,0,0,0,0,0,0,0,0,57,56,117,5,5,11,0,0,0,0,0,0,0,0,0,0,0,0,0,0,0,68,63,128,0,0,0,0,0,0,0,0,0,0,0,0,0,0,0,0,0,0,0,0,0,0,0,0,0,0,0,0,0,0,0,0,0,0,0,0,0,0,0,0,0,0,0,0,0,0,0,0,0,0,0,0,0,0,0,0,0,14,14,30,23,22,46,0,0,0,109,98,207
11103123315,core,0,0,0,3,3,9,0,0,0,0,0,0,0,0,0,57,55,112,0,5,6,0,0,0,4,0,4,0,0,0,0,0,0,3,3,10,68,67,136,0,0,0,0,0,0,0,0,0,0,0,0,0,0,0,0,0,0,0,0,0,0,0,0,0,0,0,0,0,0,0,0,0,0,0,0,0,0,0,0,0,0,0,0,0,0,0,0,0,0,0,0,0,0,0,0,0,20,26,47,16,22,34,0,0,0,106,117,224
11103123316,core,0,0,0,0,0,0,0,0,0,0,0,0,0,0,0,82,80,160,9,6,15,0,0,0,0,0,0,0,0,0,0,0,0,0,0,4,95,91,180,0,0,0,0,0,0,0,0,0,0,0,0,0,0,0,0,0,0,0,0,0,0,0,0,0,0,0,0,0,0,0,0,0,0,0,0,0,0,0,0,0,0,0,0,0,0,0,0,0,0,0,0,0,0,0,0,0,22,30,52,13,29,48,0,0,0,131,144,281
11103123317,core,0,0,0,9,0,4,0,0,0,0,0,0,0,0,0,66,55,126,3,3,9,0,0,0,0,0,0,0,0,0,0,0,0,4,5,5,81,66,147,0,0,0,0,0,0,0,0,0,0,0,0,0,0,0,0,0,0,0,0,0,0,0,0,0,0,0,0,0,0,0,0,0,0,0,0,0,0,0,0,0,0,0,3,3,0,0,0,0,0,0,0,0,0,0,0,0,13,19,33,18,21,38,3,0,4,113,111,221
11103123318,core,0,0,0,0,0,0,0,0,0,0,0,0,0,0,0,40,37,77,0,0,4,0,0,0,0,0,0,0,0,0,0,0,0,0,0,3,41,40,81,0,0,0,0,0,0,0,0,0,0,0,0,0,0,0,0,0,0,0,0,0,0,0,0,0,0,0,0,0,0,0,0,0,0,0,0,0,0,0,0,0,0,0,0,0,0,0,0,0,0,0,0,0,0,0,0,0,11,12,20,5,11,24,0,0,0,65,63,126
11103123319,core,0,0,0,0,0,3,0,0,0,0,0,0,0,0,0,100,95,190,5,6,14,0,0,0,6,0,6,0,0,0,0,0,0,3,0,3,109,106,219,0,0,0,0,0,0,0,0,0,0,0,0,0,0,0,0,0,0,0,0,0,0,0,0,0,0,0,0,0,0,0,0,0,0,0,0,0,0,0,0,0,0,0,0,0,0,0,0,0,0,0,0,0,0,0,0,0,22,40,66,32,30,55,0,0,0,166,171,335
11103123320,core,0,0,0,0,6,6,0,0,0,0,0,0,0,0,0,75,59,138,7,5,8,0,0,0,0,0,0,0,0,0,0,0,0,0,0,0,81,71,156,0,0,0,0,0,0,0,0,0,0,0,0,0,0,0,0,0,0,0,0,0,0,0,0,0,0,0,0,0,0,0,0,0,0,0,0,0,0,0,0,0,0,0,0,0,0,0,0,0,0,0,0,0,0,0,0,0,29,29,62,13,17,30,0,0,0,134,116,249
11103123321,core,0,0,0,0,0,0,0,0,0,0,0,0,0,0,0,98,80,182,4,5,12,0,0,0,0,0,0,0,0,0,0,0,0,0,0,0,109,94,199,0,0,0,0,0,0,0,0,0,0,0,0,0,0,0,0,0,0,0,0,0,0,0,0,0,0,0,0,0,0,0,0,0,0,0,0,0,0,0,0,0,0,0,0,0,0,0,0,0,0,0,0,0,0,0,0,0,20,32,48,17,22,45,0,0,0,147,143,289
11103123322,core,0,0,0,0,0,0,0,0,0,0,0,0,0,0,0,70,61,124,6,4,7,0,0,0,0,0,0,0,0,0,0,0,0,0,5,5,73,72,146,0,0,0,0,0,0,0,0,0,0,0,0,0,0,0,0,0,0,0,0,0,0,0,0,0,0,0,0,0,0,0,0,0,0,0,0,0,0,0,0,0,0,0,0,0,0,0,0,0,0,0,0,0,0,0,0,0,22,24,41,17,14,36,0,0,0,110,113,222
11103123323,core,0,0,0,0,0,0,0,0,0,0,0,0,0,0,0,42,57,104,0,4,4,0,0,0,0,0,0,0,0,0,0,0,0,0,3,5,51,64,114,0,0,0,0,0,0,0,0,0,0,0,0,0,0,0,0,0,0,0,0,0,0,0,0,0,0,0,0,0,0,0,0,0,0,0,0,0,0,0,4,0,4,4,0,4,0,0,0,0,0,0,0,0,0,0,0,0,10,11,27,13,18,27,0,0,0,81,95,174
11103123324,core,0,0,0,0,0,0,0,0,0,0,0,0,0,0,0,68,58,127,3,12,10,0,0,0,0,0,0,3,0,3,0,0,0,0,4,4,79,68,145,0,0,0,0,0,0,0,0,0,0,0,0,0,0,0,0,0,0,0,0,0,0,0,0,0,0,0,0,0,0,0,0,0,0,0,0,0,0,0,0,0,0,0,0,0,0,0,0,0,0,0,0,0,0,0,0,0,12,28,40,14,20,32,0,0,0,108,115,217
11103123325,core,0,0,0,0,0,0,0,0,0,0,0,0,0,0,0,74,60,138,5,4,5,0,0,0,0,0,0,0,0,0,0,0,0,0,0,0,78,67,147,0,0,0,0,0,0,0,0,0,0,0,0,0,0,0,0,0,0,0,0,0,0,0,0,0,0,0,0,0,0,0,0,0,0,0,0,0,0,0,0,0,0,0,0,0,0,0,0,0,0,0,0,0,0,0,0,0,24,28,46,17,34,54,0,0,0,122,130,250
11103123326,core,0,0,0,0,0,0,0,0,0,0,0,0,0,0,0,51,20,72,7,7,8,0,0,0,0,0,0,0,0,0,0,0,0,0,0,0,54,25,84,0,0,0,0,0,0,0,0,0,0,0,0,0,0,0,0,0,0,0,0,0,0,0,0,0,0,0,0,0,0,0,0,0,0,0,0,0,0,0,0,0,0,0,0,0,0,0,0,0,0,0,0,0,0,0,0,0,6,22,29,11,11,19,0,0,0,73,58,132
11103123327,core,0,0,0,0,0,4,0,0,0,0,0,0,0,0,0,81,85,162,5,0,8,0,0,0,0,0,0,0,0,0,0,0,0,0,3,0,91,88,173,0,0,0,0,0,0,0,0,0,0,0,0,0,0,0,0,0,0,0,0,0,0,0,0,0,0,0,0,0,0,0,0,0,0,0,0,0,0,0,0,0,0,0,0,0,0,0,0,0,0,0,0,0,0,0,0,0,35,35,70,13,31,42,0,0,0,137,154,291
11103123328,core,0,0,0,6,6,9,0,0,0,0,0,0,0,0,0,54,42,94,0,8,7,0,0,0,0,0,0,0,0,0,0,0,0,4,0,4,59,51,107,0,0,0,0,0,0,0,0,0,0,0,0,0,0,0,0,0,0,0,0,0,0,0,0,0,0,0,0,0,0,0,0,0,0,0,0,0,0,0,0,0,0,0,0,0,0,0,0,0,0,0,0,0,0,0,0,0,28,35,63,13,32,39,0,0,0,105,113,214
11103123329,core,0,0,0,0,0,0,0,0,0,0,0,0,0,0,0,55,47,107,6,4,10,0,0,0,0,0,0,0,0,0,0,0,0,0,0,4,66,58,123,0,0,0,0,0,0,0,0,0,0,0,0,0,0,0,0,0,0,0,0,0,0,0,0,0,0,0,0,0,0,0,0,0,0,0,0,0,0,0,0,0,0,0,0,0,0,0,0,0,0,0,0,0,0,0,0,0,37,30,62,14,24,33,0,0,0,115,107,222
11103123330,core,0,0,0,0,0,0,0,0,0,0,0,0,0,0,0,62,54,113,0,4,6,0,0,0,0,0,0,0,0,0,0,0,0,0,0,0,69,63,128,0,0,0,0,0,0,0,0,0,0,0,0,0,0,0,0,0,0,0,0,0,0,0,0,0,0,0,0,0,0,0,0,0,0,0,0,0,0,0,0,0,0,0,0,0,0,0,0,0,0,0,0,0,0,0,0,0,39,35,74,14,17,32,0,0,0,120,115,231
11103123331,core,0,0,0,5,0,5,0,0,0,0,0,0,0,0,0,58,47,105,4,4,6,0,0,0,0,0,0,0,0,0,0,0,0,0,3,4,61,56,122,0,0,0,0,0,0,0,0,0,0,0,0,0,0,0,0,0,0,0,0,0,0,0,0,0,0,0,0,0,0,0,0,0,0,0,0,0,0,0,4,0,5,4,0,5,0,0,0,0,0,0,0,0,0,0,0,0,30,33,63,8,24,32,0,0,0,109,113,222
11103123332,core,0,0,0,0,0,0,0,0,0,0,0,0,0,0,0,60,48,109,0,0,6,0,0,0,0,0,0,0,0,0,3,0,3,0,5,5,72,55,123,0,0,0,0,0,0,0,0,0,0,0,0,0,0,0,0,0,0,0,0,0,0,0,0,0,0,0,0,0,0,0,0,0,0,0,0,0,0,0,0,0,0,0,0,0,0,0,0,0,0,0,0,0,0,0,0,0,15,14,31,12,22,29,0,0,0,98,91,182
11103123333,core,0,0,0,0,0,0,0,0,0,0,0,0,0,0,0,53,35,92,0,4,4,0,0,0,0,0,0,0,0,0,0,0,0,0,0,0,59,36,101,0,0,0,0,0,0,0,0,0,0,0,0,0,0,0,0,0,0,0,0,0,0,0,0,0,0,0,0,0,0,0,0,0,0,0,0,0,0,0,0,0,0,0,0,0,0,0,0,0,0,0,0,0,0,0,0,0,21,23,48,14,17,30,0,0,0,91,87,177
11103123334,core,0,0,0,0,0,0,0,0,0,0,0,0,0,0,0,71,67,140,0,3,10,0,0,0,3,0,3,0,0,0,0,0,0,0,0,4,79,71,151,0,0,0,0,0,0,0,0,0,0,0,0,0,0,0,0,0,0,0,0,0,0,0,0,0,0,0,0,0,0,0,0,0,0,0,0,0,0,0,0,0,0,0,0,0,0,0,0,0,0,0,0,0,0,0,0,0,27,29,53,14,35,45,0,0,0,116,135,252
11103123335,core,0,0,0,7,6,4,0,0,0,0,0,0,0,0,0,63,53,115,9,9,12,0,0,0,0,0,0,0,0,0,0,0,0,3,3,6,76,70,153,0,0,0,0,0,0,0,0,0,0,0,0,0,0,0,0,0,0,0,0,0,0,0,0,0,0,0,0,0,0,0,0,0,0,0,0,0,0,0,3,0,3,3,0,3,0,0,0,0,0,0,0,0,0,0,0,0,15,17,36,8,14,26,3,0,3,107,107,214
11103123336,core,0,0,0,0,0,0,0,0,0,0,0,0,0,0,0,68,71,133,4,10,13,3,0,3,0,0,0,0,0,0,0,0,0,3,0,6,84,80,164,0,0,0,0,0,0,0,0,0,0,0,0,0,0,0,0,0,0,0,0,0,0,0,0,0,0,0,0,0,0,0,0,0,0,0,0,0,0,0,5,0,5,5,0,4,0,0,0,0,0,0,0,0,0,0,0,0,20,19,37,22,26,49,0,0,0,130,126,255
11103123337,core,0,0,0,8,6,9,0,0,0,0,0,0,0,0,0,77,84,161,5,8,13,3,0,3,0,0,0,0,0,0,4,0,4,0,0,0,97,99,196,0,0,0,0,0,0,0,0,0,0,0,0,0,0,0,0,0,0,0,0,0,0,0,0,0,0,0,0,0,0,0,0,0,0,0,0,0,0,0,0,0,0,0,0,0,0,0,0,0,0,0,0,0,0,0,0,0,33,27,60,14,28,42,0,0,0,144,160,297
11103123338,core,0,0,0,0,0,0,0,0,0,0,0,0,0,0,0,69,59,125,3,4,7,0,0,0,4,0,4,0,0,0,0,0,0,0,0,0,78,69,142,0,0,0,0,0,0,0,0,0,0,0,0,0,0,0,0,0,0,0,0,0,0,0,0,0,0,0,0,0,0,0,0,0,0,0,0,0,0,0,0,0,0,0,0,0,0,0,0,0,0,0,0,0,0,0,0,0,22,36,61,11,18,28,0,0,0,111,120,236
11103123339,core,0,0,0,0,3,8,0,0,0,0,0,0,0,0,0,50,49,99,4,4,7,0,0,0,0,0,0,0,0,0,0,0,0,5,0,4,60,58,119,0,0,0,0,0,0,0,0,0,0,0,0,0,0,0,0,0,0,0,0,0,0,0,0,0,0,0,0,0,0,0,0,0,0,0,0,0,0,0,0,0,0,0,0,0,0,0,0,0,0,0,0,0,0,0,0,0,14,15,29,11,28,45,0,0,0,89,106,195
11103123340,core,0,0,0,0,0,0,0,0,0,0,0,0,0,0,0,46,37,79,6,7,10,0,0,0,0,0,0,0,0,0,0,0,0,0,0,0,54,45,93,0,0,0,0,0,0,0,0,0,0,0,0,0,0,0,0,0,0,0,0,0,0,0,0,0,0,0,0,0,0,0,0,0,0,0,0,0,0,0,0,0,0,0,0,0,0,0,0,0,0,0,0,0,0,0,0,0,12,28,44,6,17,24,0,0,0,73,83,161
11103123341,core,0,0,0,0,0,0,0,0,0,0,0,0,0,0,0,105,79,180,5,8,9,0,0,0,0,0,0,0,0,0,0,0,0,0,0,0,115,90,202,0,0,0,0,0,0,0,0,0,0,0,0,0,0,0,0,0,0,0,0,0,0,0,0,0,0,0,0,0,0,0,0,0,0,0,0,0,0,0,0,0,0,0,0,0,0,0,0,0,0,0,0,0,0,0,0,0,20,35,59,14,21,37,4,0,4,152,148,304
11103123342,core,0,0,0,0,4,4,0,0,0,0,0,0,0,0,0,88,68,163,8,5,19,0,0,0,3,0,3,0,0,0,0,0,0,3,0,3,104,86,191,0,0,0,0,0,0,0,0,0,0,0,0,0,0,0,0,0,0,0,0,0,0,0,0,0,0,0,0,0,0,0,0,0,0,0,0,0,0,0,0,0,0,0,0,0,0,0,0,0,0,0,0,0,0,0,0,0,12,15,30,19,27,43,0,0,0,133,128,265
11103123343,core,0,0,0,0,0,0,0,0,0,0,0,0,0,0,0,72,69,147,6,3,10,0,0,0,0,0,0,0,0,0,0,0,0,0,0,0,83,76,158,0,0,0,0,0,0,0,0,0,0,0,0,0,0,0,0,0,0,0,0,0,0,0,0,0,0,0,0,0,0,0,0,0,0,0,0,0,0,0,0,0,0,0,4,4,0,0,0,0,0,0,0,0,0,0,0,0,13,25,37,17,25,42,0,0,0,112,125,235
11103123344,core,0,0,0,0,0,0,0,0,0,0,0,0,0,0,0,65,53,112,3,3,9,0,0,0,0,0,0,3,0,3,0,0,0,0,0,0,71,58,129,0,0,0,0,0,0,0,0,0,0,0,0,0,0,0,0,0,0,0,0,0,0,0,0,0,0,0,0,0,0,0,0,0,0,0,0,0,0,0,0,0,0,0,0,0,0,0,0,0,0,0,0,0,0,0,0,0,16,21,42,16,20,29,0,0,0,104,100,201
11103123401,core,0,0,0,0,5,5,0,0,0,0,0,0,0,0,0,54,48,106,3,8,6,0,0,0,0,0,0,0,0,0,0,0,0,0,3,7,62,66,127,0,0,0,0,0,0,0,0,0,0,0,0,0,0,0,0,0,0,0,0,0,0,0,0,0,0,0,0,0,0,0,0,0,0,0,0,0,0,0,0,0,0,0,0,0,0,0,0,0,0,0,0,0,0,0,0,0,19,24,43,15,15,35,0,0,0,96,107,205
11103123402,core,0,0,0,5,0,5,0,0,0,0,0,0,0,0,0,105,75,187,6,8,10,0,0,0,0,0,0,3,0,3,0,0,0,0,0,4,120,85,210,0,0,0,0,0,0,0,0,0,0,0,0,0,0,0,0,0,0,0,0,0,0,0,0,0,0,0,0,0,0,0,0,0,0,0,0,0,0,0,0,0,6,0,0,6,0,0,0,0,0,0,0,0,0,0,0,0,25,43,69,15,33,50,0,0,0,173,169,338
11103123403,core,0,0,0,3,0,4,0,0,0,0,0,0,0,0,0,90,74,161,7,9,16,0,0,0,5,0,5,0,0,0,0,0,0,5,0,5,108,85,194,0,0,0,0,0,0,0,0,0,0,0,0,0,0,0,0,0,0,0,0,0,0,0,0,0,0,0,0,0,0,0,0,0,0,0,0,0,3,3,0,0,0,0,3,4,0,0,0,0,0,0,0,0,0,0,0,0,28,35,63,19,32,54,0,0,0,154,155,306
11103123404,core,0,0,0,0,0,3,0,0,0,0,0,0,0,0,0,67,56,126,3,6,10,6,0,6,0,0,0,0,0,0,0,5,5,3,7,7,89,65,156,0,0,0,0,0,0,0,0,0,0,0,0,0,0,0,0,0,0,0,0,0,0,0,0,0,0,0,0,0,0,0,0,0,0,0,0,0,0,4,0,0,0,0,3,3,0,0,0,0,0,0,0,0,0,0,0,0,19,27,47,7,15,21,0,0,0,110,113,224
11103123405,core,0,0,0,0,3,0,0,0,0,0,0,0,0,0,0,49,44,87,0,5,3,0,0,0,0,0,0,0,0,0,0,0,0,0,0,0,51,45,99,0,0,0,0,0,0,0,0,0,0,0,0,0,0,0,0,0,0,0,0,0,0,0,0,0,0,0,0,0,0,0,0,0,0,0,0,0,0,3,0,0,0,0,3,4,0,0,0,0,0,0,0,0,0,0,0,0,19,20,35,10,17,25,0,0,0,82,82,168
11103123406,core,0,0,0,3,0,3,0,0,0,0,0,0,0,0,0,88,63,149,6,0,3,0,0,0,0,0,3,0,0,0,0,0,0,3,0,4,96,72,170,0,0,0,0,0,0,0,0,0,0,0,0,0,0,0,0,0,0,0,0,0,0,0,0,0,0,0,0,0,0,0,0,0,0,0,0,0,0,0,0,0,3,0,0,3,0,0,0,0,0,0,0,0,0,0,0,0,39,51,87,12,30,39,0,0,0,150,149,301
11103123407,core,0,0,0,0,0,0,0,0,0,0,0,0,0,0,0,96,97,197,6,4,18,5,0,5,0,0,0,0,0,3,0,0,0,3,0,9,122,107,228,0,0,0,0,0,0,0,0,0,0,0,0,0,0,0,0,0,0,0,0,0,0,0,0,0,0,0,0,0,0,0,0,0,0,0,0,0,0,0,0,0,0,0,0,0,0,0,0,0,0,0,0,0,0,0,0,0,24,27,51,17,24,43,0,0,0,165,160,324
11103123408,core,0,0,0,0,0,0,0,0,0,0,0,0,0,0,0,47,51,101,7,0,7,0,0,0,0,0,0,0,0,0,0,0,0,0,3,3,57,56,110,0,0,0,0,0,0,0,0,0,0,0,0,0,0,0,0,0,0,0,0,0,0,0,0,0,0,0,0,0,0,0,0,0,0,0,0,0,0,0,0,0,0,3,0,3,0,0,0,0,0,0,0,0,0,0,0,0,24,25,47,22,13,37,0,0,0,104,91,196
11103123409,core,0,0,0,0,0,0,0,0,0,0,0,0,0,0,0,70,58,130,5,4,3,0,0,0,0,0,0,0,0,0,0,0,0,0,0,3,77,63,142,0,0,0,0,0,0,0,0,0,0,0,0,0,0,0,0,0,0,0,0,0,0,0,0,0,0,0,0,0,0,0,0,0,0,0,0,0,0,0,0,0,0,4,0,4,0,0,0,0,0,0,0,0,0,0,0,0,29,23,49,16,22,41,0,0,0,132,109,233
11103123410,core,0,0,0,0,3,3,0,0,0,0,0,0,0,0,0,44,34,82,0,0,0,0,0,0,0,0,0,0,0,0,0,0,0,0,3,3,54,44,99,0,0,0,0,0,0,0,0,0,0,0,0,0,0,0,0,0,0,0,0,0,0,0,0,0,0,0,0,0,0,0,0,0,0,0,0,0,0,0,0,0,0,0,6,6,0,0,0,0,0,0,0,0,0,0,0,0,22,25,43,7,22,27,0,0,0,81,93,175
11103123411,core,0,0,0,3,0,3,0,0,0,0,0,0,0,0,0,39,39,85,3,3,4,0,0,0,0,0,0,0,0,0,0,0,0,0,0,0,48,40,93,0,0,0,0,0,0,0,0,0,0,0,0,0,0,0,0,0,0,0,0,0,0,0,0,0,0,0,0,0,0,0,0,0,0,0,0,0,0,0,0,0,0,0,0,0,0,0,0,0,0,0,0,0,0,0,0,0,12,22,36,11,22,27,5,0,5,75,84,165
11103123412,core,0,0,0,9,7,11,0,0,0,0,0,0,0,0,5,81,37,118,6,7,13,0,0,0,4,4,4,3,0,3,0,0,0,3,0,3,101,60,157,0,0,0,0,0,0,0,0,0,0,0,0,0,0,0,0,0,0,0,0,0,0,0,0,0,0,0,0,0,0,0,0,0,0,0,0,0,0,0,0,0,3,0,4,3,0,0,0,0,0,0,0,0,0,0,0,0,16,17,29,16,25,40,0,0,0,136,100,226
11103123413,core,0,0,0,0,0,3,0,0,0,0,0,0,0,5,4,90,75,160,4,3,9,0,0,0,0,0,0,0,0,0,0,0,0,5,0,9,95,83,182,0,0,0,0,0,0,0,0,0,0,0,0,0,0,0,0,0,0,0,0,0,0,0,0,0,0,0,0,0,0,0,0,0,0,0,0,0,0,4,0,0,0,3,0,4,0,0,0,0,0,0,0,0,0,0,0,0,20,17,43,21,27,48,0,0,0,144,128,273
11103123414,core,0,0,4,0,0,0,0,0,0,0,0,0,0,0,0,76,59,136,0,9,7,0,0,0,0,0,0,3,3,3,0,0,0,3,3,11,87,75,162,0,0,0,0,0,0,0,0,0,0,0,0,0,0,0,0,0,0,0,0,0,0,0,0,0,0,0,0,0,0,0,0,0,0,0,0,0,0,0,0,0,0,0,0,0,0,0,0,0,0,0,0,0,0,0,0,0,48,51,91,18,39,57,0,0,0,148,164,312
11103123415,core,0,0,0,0,0,0,0,0,0,0,0,0,0,0,0,64,66,134,6,3,8,0,0,0,0,0,0,0,0,0,0,0,0,0,0,0,72,75,144,0,0,0,0,0,0,0,0,0,0,0,0,0,0,0,0,0,0,0,0,0,0,0,0,0,0,0,0,0,0,0,0,0,0,0,0,0,0,0,0,0,5,0,0,5,0,0,0,0,0,0,0,0,0,0,0,0,22,24,44,18,26,35,0,0,0,103,123,231
11103123416,core,0,0,0,0,0,0,0,0,0,0,0,0,0,0,0,104,90,188,0,3,10,0,0,0,0,0,0,0,0,0,0,0,0,4,3,3,119,96,212,0,0,0,0,0,0,0,0,0,0,0,0,0,0,0,0,0,0,0,0,0,0,0,0,0,0,0,0,0,0,0,0,0,0,0,0,0,0,0,0,0,0,0,0,0,0,0,0,0,0,0,0,0,0,0,0,0,48,53,97,12,34,44,0,0,3,176,183,359
11103123417,core,0,0,0,0,0,3,0,0,0,0,0,0,0,0,0,78,63,139,3,5,5,0,0,0,0,0,0,0,3,6,0,0,0,3,3,9,87,75,163,0,0,0,0,0,0,0,0,0,0,0,0,0,0,0,0,0,0,0,0,0,0,0,0,0,0,0,0,0,0,0,0,0,0,0,0,0,0,0,0,0,0,0,0,0,0,0,0,0,0,0,0,0,0,0,0,0,26,25,55,8,26,36,0,0,0,128,132,255
11103123418,core,0,0,0,0,0,0,0,0,0,0,0,0,0,0,0,65,57,116,7,7,11,0,0,0,0,0,0,3,0,3,0,0,0,3,0,5,73,68,138,0,0,0,0,0,0,0,0,0,0,0,0,0,0,0,0,0,0,0,0,0,0,0,0,0,0,0,0,0,0,0,0,0,0,0,0,0,0,0,0,0,0,0,0,0,0,0,0,0,0,0,0,0,0,0,0,0,22,21,48,12,13,27,0,0,0,115,105,217
11103123419,core,0,0,0,0,3,3,0,0,0,0,0,0,0,0,0,57,25,76,0,4,7,0,0,0,0,0,0,4,0,4,0,0,0,9,6,14,67,36,102,0,0,0,0,0,0,0,0,0,0,0,0,0,0,0,0,0,0,0,0,0,0,0,0,0,0,0,0,0,0,0,0,0,0,0,0,0,0,0,0,0,0,0,0,0,0,0,0,0,0,0,0,0,0,0,0,0,16,36,48,7,26,35,0,0,0,86,101,184
11103123420,core,0,0,0,0,0,3,0,0,0,0,0,0,0,0,0,61,31,90,0,6,10,0,0,0,0,0,0,0,0,0,0,0,0,5,4,9,69,51,117,0,0,0,0,0,0,0,0,0,0,0,0,0,0,0,0,0,0,0,0,0,0,0,0,0,0,0,0,0,0,0,0,0,0,0,0,0,0,0,0,0,0,0,0,6,0,0,0,0,0,0,0,0,0,0,0,0,16,30,45,18,24,39,0,0,3,106,105,209
11103123421,core,0,0,0,0,5,5,0,0,0,0,0,0,0,0,0,84,92,172,6,6,9,3,0,3,0,0,0,0,0,0,0,0,0,3,5,9,89,106,197,0,0,0,0,0,0,0,0,0,0,0,0,0,0,0,0,0,0,0,0,0,0,0,0,0,0,0,0,0,0,0,0,0,0,0,0,0,0,0,0,0,0,0,0,0,0,0,0,0,0,0,0,0,0,0,0,0,28,34,64,19,24,44,0,0,0,146,162,305
11103123422,core,0,0,0,3,0,4,0,0,0,0,0,0,0,0,0,39,36,75,4,6,6,0,0,0,0,0,0,0,0,0,0,0,0,0,4,4,44,46,94,0,0,0,0,0,0,0,0,0,0,0,0,0,0,0,0,0,0,0,0,0,0,0,0,0,0,0,0,0,0,0,0,0,0,0,0,0,0,0,0,0,0,0,0,0,0,0,0,0,0,0,0,0,0,0,0,0,0,22,25,13,14,24,0,0,0,68,81,148
11103123423,core,3,0,0,0,0,0,0,0,0,0,0,0,0,0,0,60,56,117,3,4,5,0,0,0,0,0,0,0,0,0,0,0,0,4,3,8,71,65,137,0,0,0,0,0,0,0,0,0,0,0,0,0,0,0,0,0,0,0,0,0,0,0,0,0,0,0,0,0,0,0,0,0,0,0,0,0,0,0,0,0,0,0,0,0,0,0,0,0,0,0,0,0,0,0,0,0,26,35,65,17,36,52,0,0,0,112,140,252
11103123424,core,0,0,0,0,0,0,0,0,0,0,0,0,0,0,0,41,27,66,3,6,7,0,0,0,0,0,0,0,0,0,0,0,3,3,3,3,56,33,85,0,0,0,0,0,0,0,0,0,0,0,0,0,0,0,0,0,0,0,0,0,0,0,0,0,0,0,0,0,0,0,0,0,0,0,0,0,0,0,0,0,0,0,0,0,0,0,0,0,0,0,0,0,0,0,0,0,12,18,29,11,18,27,0,0,0,74,65,135
11103123425,core,0,0,0,7,3,4,0,0,0,0,0,0,0,0,0,93,77,167,5,0,12,0,0,0,0,0,0,0,0,0,0,0,0,7,6,14,110,88,201,0,0,0,0,0,0,0,0,0,0,0,0,0,0,0,0,0,0,0,0,0,0,0,0,0,0,0,0,0,0,0,0,0,0,0,0,0,0,0,0,0,3,0,4,4,0,0,5,0,0,0,0,0,0,0,0,5,25,29,55,24,38,65,0,4,4,166,166,333
11103123426,core,0,0,0,3,6,7,0,0,0,0,0,0,0,0,0,61,56,116,3,7,5,0,0,0,0,0,0,0,0,0,0,0,0,5,4,6,72,66,141,0,0,0,0,0,0,0,0,0,0,0,0,0,0,0,0,0,0,0,0,0,0,0,0,0,0,0,0,0,0,0,0,0,0,0,0,0,0,0,7,0,7,7,0,7,0,0,0,0,0,0,0,0,0,0,0,0,13,7,27,13,25,34,0,0,0,98,109,211
11103123427,core,0,0,0,0,0,3,0,0,0,0,0,0,0,0,0,71,55,123,4,6,6,0,0,0,3,0,3,0,0,0,0,0,0,0,0,0,80,62,142,0,0,0,0,0,0,0,0,0,0,0,0,0,0,0,0,0,0,0,0,0,0,0,0,0,0,0,0,0,0,0,0,0,0,0,0,0,0,0,0,0,0,0,0,0,0,0,0,0,0,0,0,0,0,0,0,0,17,20,35,17,17,39,0,0,0,112,105,214
11103123501,core,5,0,5,0,0,4,0,0,0,0,0,0,0,0,0,46,28,76,0,5,7,0,0,0,0,0,0,3,0,3,0,0,0,4,7,10,60,45,107,0,0,0,0,0,0,0,0,0,0,0,0,0,0,0,0,0,0,0,0,0,0,0,0,0,0,0,0,0,0,0,0,0,0,0,0,0,0,0,0,0,0,0,0,0,0,0,0,0,0,0,0,0,0,0,0,0,31,30,62,5,22,30,0,0,0,100,96,196
11103123502,core,0,0,0,0,0,0,0,0,0,0,0,0,0,0,0,107,74,173,3,0,8,0,0,3,5,0,5,3,5,11,0,0,0,13,3,14,127,83,209,0,0,0,0,0,0,0,0,0,0,0,0,0,0,0,0,0,0,0,0,0,0,0,0,0,0,0,0,0,0,0,0,0,0,0,0,0,0,0,0,0,0,0,0,3,0,0,0,0,0,0,0,0,0,0,0,0,61,85,148,26,47,72,0,0,0,217,220,431
11103123503,core,0,0,4,0,4,3,0,0,0,0,0,0,0,0,0,85,70,155,4,8,13,3,0,3,0,0,0,7,8,13,4,0,5,5,0,10,109,92,202,0,0,0,0,0,0,0,0,0,0,0,0,0,0,0,0,0,0,0,0,5,0,0,0,0,0,0,0,0,0,0,0,0,0,0,0,0,0,0,0,0,5,4,0,8,0,0,0,0,0,0,0,0,0,0,0,0,52,53,109,30,43,71,0,0,0,197,189,389
11103123504,core,4,0,4,0,0,0,0,0,0,0,0,0,0,0,0,79,83,164,6,10,16,3,0,3,0,0,0,5,5,13,0,0,0,0,0,4,103,102,211,0,0,0,0,0,0,0,0,0,0,0,0,0,0,0,0,0,0,0,0,0,0,0,0,0,0,0,0,0,0,0,0,0,0,0,0,0,0,0,0,0,0,0,0,0,0,0,0,0,0,0,0,0,0,0,0,0,38,39,75,15,20,31,0,0,0,163,162,324
11103123505,core,0,0,0,0,0,0,0,0,0,0,0,0,0,0,0,40,52,94,0,7,4,0,0,0,0,0,0,3,0,3,0,0,0,0,0,8,55,60,117,0,0,0,0,0,0,0,0,0,0,0,0,0,0,0,0,0,0,0,0,0,0,0,0,0,0,0,0,0,0,0,0,0,0,0,0,0,0,0,0,0,0,0,0,0,0,0,0,0,0,0,0,0,0,0,0,0,28,32,63,12,14,24,0,0,0,98,108,204
11103123506,core,0,0,0,0,0,0,0,0,0,0,0,0,0,0,0,0,0,0,0,0,0,0,0,0,0,0,0,0,0,0,0,0,0,0,0,0,0,0,0,0,0,0,0,0,0,0,0,0,0,0,0,0,0,0,0,0,0,0,0,0,0,0,0,0,0,0,0,0,0,0,0,0,0,0,0,0,0,0,0,0,0,0,0,0,0,0,0,0,0,0,0,0,0,0,0,0,0,0,0,0,0,0,0,0,0,0,0,0
11103123507,core,0,0,0,0,4,4,0,0,0,0,0,0,0,0,0,68,56,131,4,4,5,0,0,0,5,3,9,11,9,14,0,0,0,5,3,10,91,78,170,0,0,0,0,0,0,0,0,0,0,0,0,0,0,0,0,0,0,0,0,0,0,0,0,0,0,0,0,0,0,0,0,0,0,0,0,0,0,0,0,0,0,0,0,4,0,0,0,0,0,0,0,0,0,0,0,0,42,52,93,13,36,49,0,0,0,149,167,319
11103123508,core,0,0,0,5,0,7,0,0,0,0,0,0,0,0,0,60,52,111,3,0,3,0,0,0,0,0,3,9,0,7,0,0,0,6,5,8,89,63,147,0,0,0,0,0,0,0,0,0,0,0,0,0,0,0,0,0,0,0,0,0,0,0,0,0,0,0,0,0,0,0,0,0,0,0,0,0,0,0,0,0,0,0,3,5,0,0,0,0,0,0,0,0,0,0,0,0,31,35,67,18,28,44,0,0,0,138,122,260
11103123509,core,0,0,0,0,0,0,0,0,0,0,0,0,0,0,0,60,54,115,0,0,0,0,0,0,0,0,0,5,7,13,0,0,0,4,0,5,71,65,134,0,0,0,0,0,0,0,0,0,0,0,0,0,0,0,0,0,0,0,0,0,0,0,0,0,0,0,0,0,0,0,0,0,0,0,0,0,0,0,0,3,4,0,3,3,0,0,0,0,0,0,0,0,0,0,0,0,32,47,75,17,24,39,0,0,0,118,134,257
11103123510,core,0,5,3,0,0,0,0,0,0,4,5,6,0,0,0,66,60,130,3,3,9,0,0,0,0,0,0,3,6,8,0,0,0,8,4,15,84,86,167,0,0,0,0,0,0,0,0,0,0,0,0,0,0,0,0,0,0,0,0,0,0,0,0,0,0,0,0,0,0,0,0,0,0,0,0,0,0,0,5,3,4,0,4,6,0,0,0,0,0,0,0,0,0,0,0,0,31,51,80,11,25,38,0,0,0,125,159,287
11103123511,core,0,0,0,0,0,0,0,0,0,0,0,0,0,0,0,72,77,149,0,0,10,0,0,0,4,0,4,3,0,3,0,0,0,4,3,11,87,87,174,0,0,0,0,0,0,0,0,0,0,0,0,0,0,0,0,0,0,0,0,0,0,0,0,0,0,0,0,0,0,0,0,0,0,0,0,0,0,0,0,0,3,0,0,3,0,0,0,0,0,0,0,0,0,0,0,0,56,67,122,14,31,43,0,0,0,159,190,349
11103123512,core,0,0,5,0,0,0,0,0,0,0,0,0,0,0,0,69,70,145,0,8,7,3,0,3,0,0,0,3,0,3,0,0,0,4,4,12,84,85,172,0,0,0,0,0,0,0,0,0,0,0,0,0,0,0,0,0,0,0,3,3,0,0,0,0,0,0,0,0,0,0,0,0,0,0,0,0,0,0,0,0,0,0,0,0,0,0,0,0,0,0,0,0,0,0,0,0,27,44,77,13,25,39,0,0,0,133,157,289
11103123513,core,0,0,0,0,0,0,0,0,0,0,0,0,0,0,0,46,39,89,5,0,4,0,0,0,4,0,4,4,3,8,0,0,0,8,6,9,66,55,122,0,0,0,0,0,0,0,0,0,0,0,0,0,0,0,0,0,0,0,0,0,0,0,0,0,0,0,0,0,0,0,0,0,0,0,0,0,0,0,0,3,3,0,3,4,0,0,0,0,0,0,0,0,0,0,0,0,25,27,48,11,21,42,0,0,0,109,112,214
11103123514,core,0,0,0,0,0,0,0,0,0,0,0,0,0,0,0,62,68,127,5,3,6,3,0,3,0,0,0,6,4,9,0,0,0,4,4,7,82,81,164,0,0,0,0,0,0,0,0,0,0,0,0,0,0,0,0,0,0,0,0,0,0,0,0,0,0,0,0,0,0,0,0,0,0,0,0,0,0,0,0,0,5,0,0,5,0,0,0,0,0,0,0,0,0,0,0,0,38,42,79,16,15,31,0,0,0,134,144,277
11103123515,core,0,0,0,0,6,3,0,0,0,0,0,0,0,0,0,50,43,92,0,0,4,0,0,0,0,0,0,3,0,4,0,0,0,4,4,9,61,57,111,0,0,0,0,0,0,0,0,0,0,0,0,0,0,0,0,0,0,0,0,0,0,0,0,0,0,0,0,0,0,0,0,0,0,0,0,0,0,0,0,0,0,0,0,0,0,3,3,0,0,0,0,0,0,0,3,3,18,27,44,9,19,32,0,0,0,91,106,194
11103123516,core,0,0,0,0,0,4,0,0,0,0,0,5,0,0,0,91,85,172,4,0,5,0,0,0,0,0,0,3,5,7,0,0,0,4,3,8,106,94,201,0,0,0,0,0,0,0,0,0,0,0,0,0,0,0,0,0,0,0,0,0,0,0,0,0,0,0,0,0,0,0,0,0,0,0,0,0,0,0,0,0,6,0,0,6,0,0,0,0,0,0,0,0,0,0,0,0,36,34,72,17,30,50,0,3,3,159,165,331
11103123518,core,0,0,0,0,0,0,0,0,0,0,0,0,0,0,0,45,28,74,0,0,0,0,0,0,0,0,0,9,0,7,0,0,0,0,6,3,55,36,95,0,0,0,0,0,0,0,0,0,0,0,0,0,0,0,0,0,0,0,0,0,0,0,0,0,0,0,0,0,0,0,0,0,0,0,0,0,0,0,0,0,0,0,0,0,0,0,0,0,0,0,0,0,0,0,0,0,20,28,43,0,15,22,5,0,5,81,84,162
11103123519,core,0,0,0,0,0,0,0,0,0,0,0,0,0,0,0,73,56,128,0,4,4,0,0,0,0,0,0,4,0,10,0,0,0,0,3,9,86,65,156,0,0,0,0,0,0,0,0,0,0,0,0,0,0,0,0,0,0,0,0,0,0,0,0,0,0,0,0,0,0,0,0,0,0,0,0,0,0,0,0,0,0,0,0,3,0,0,0,0,0,0,0,0,0,0,0,0,33,53,88,10,33,44,0,0,0,133,156,287
11103123520,core,0,0,0,0,0,3,0,0,0,0,0,0,0,0,0,66,58,122,4,0,9,0,0,0,0,0,0,5,0,6,0,0,0,0,0,6,76,64,140,0,0,0,0,0,0,0,0,0,0,0,0,0,0,0,0,0,0,0,0,0,0,0,0,0,0,0,0,0,0,0,0,0,0,0,0,0,0,0,3,0,3,0,0,0,0,0,0,0,0,0,0,0,0,0,0,0,33,36,73,14,15,29,0,0,0,129,120,246
11103123521,core,0,0,0,0,3,6,0,0,0,6,4,11,0,0,0,82,99,178,7,8,11,0,0,0,0,0,0,0,0,0,0,0,4,13,12,28,106,130,234,0,0,0,0,0,0,0,0,0,0,0,0,0,0,0,0,0,0,0,0,0,0,0,0,0,0,0,0,0,0,0,0,0,0,0,0,0,0,0,5,0,3,5,3,3,0,0,0,0,0,0,0,0,0,0,0,0,45,48,95,21,24,41,0,0,0,172,208,381
11103123522,core,0,0,0,0,0,0,0,0,0,0,0,0,0,0,0,0,0,8,0,0,0,0,0,0,0,0,0,0,0,0,0,0,0,0,0,0,4,5,6,0,0,0,0,0,0,0,0,0,0,0,0,0,0,0,0,0,0,0,0,0,0,0,0,0,0,0,0,0,0,0,0,0,0,0,0,0,0,0,0,0,0,0,0,0,0,0,0,0,0,0,0,0,0,0,0,0,0,0,0,0,0,0,0,0,0,8,4,13
