SA1_CODE_2021,zone_tier,P_650_799_15_19_yrs,P_650_799_20_24_yrs,P_650_799_25_34_yrs,P_650_799_35_44_yrs,P_650_799_45_54_yrs,P_650_799_55_64_yrs,P_650_799_65_74_yrs,P_650_799_75_84_yrs,P_650_799_85ov,P_650_799_Tot,P_800_999_15_19_yrs,P_800_999_20_24_yrs,P_800_999_25_34_yrs,P_800_999_35_44_yrs,P_800_999_45_54_yrs,P_800_999_55_64_yrs,P_800_999_65_74_yrs,P_800_999_75_84_yrs,P_800_999_85ov,P_800_999_Tot,P_1000_1249_15_19_yrs,P_1000_1249_20_24_yrs,P_1000_1249_25_34_yrs,P_1000_1249_35_44_yrs,P_1000_1249_45_54_yrs,P_1000_1249_55_64_yrs,P_1000_1249_65_74_yrs,P_1000_1249_75_84_yrs,P_1000_1249_85ov,P_1000_1249_Tot,P_1250_1499_15_19_yrs,P_1250_1499_20_24_yrs,P_1250_1499_25_34_yrs,P_1250_1499_35_44_yrs,P_1250_1499_45_54_yrs,P_1250_1499_55_64_yrs,P_1250_1499_65_74_yrs,P_1250_1499_75_84_yrs,P_1250_1499_85ov,P_1250_1499_Tot,P_1500_1749_15_19_yrs,P_1500_1749_20_24_yrs,P_1500_1749_25_34_yrs,P_1500_1749_35_44_yrs,P_1500_1749_45_54_yrs,P_1500_1749_55_64_yrs,P_1500_1749_65_74_yrs,P_1500_1749_75_84_yrs,P_1500_1749_85ov,P_1500_1749_Tot,P_1750_1999_15_19_yrs,P_1750_1999_20_24_yrs,P_1750_1999_25_34_yrs,P_1750_1999_35_44_yrs,P_1750_1999_45_54_yrs,P_1750_1999_55_64_yrs,P_1750_1999_65_74_yrs,P_1750_1999_75_84_yrs,P_1750_1999_85ov,P_1750_1999_Tot,P_2000_2999_15_19_yrs,P_2000_2999_20_24_yrs,P_2000_2999_25_34_yrs,P_2000_2999_35_44_yrs,P_2000_2999_45_54_yrs,P_2000_2999_55_64_yrs,P_2000_2999_65_74_yrs,P_2000_2999_75_84_yrs,P_2000_2999_85ov,P_2000_2999_Tot,P_3000_3499_15_19_yrs,P_3000_3499_20_24_yrs,P_3000_3499_25_34_yrs,P_3000_3499_35_44_yrs,P_3000_3499_45_54_yrs,P_3000_3499_55_64_yrs,P_3000_3499_65_74_yrs,P_3000_3499_75_84_yrs,P_3000_3499_85ov,P_3000_3499_Tot,P_3500_more_15_19_yrs,P_3500_more_20_24_yrs,P_3500_more_25_34_yrs,P_3500_more_35_44_yrs,P_3500_more_45_54_yrs,P_3500_more_55_64_yrs,P_3500_more_65_74_yrs,P_3500_more_75_84_yrs,P_3500_more_85ov,P_3500_more_Tot,P_PI_NS_15_19_yrs,P_PI_NS_ns_20_24_yrs,P_PI_NS_ns_25_34_yrs,P_PI_NS_ns_35_44_yrs,P_PI_NS_ns_45_54_yrs,P_PI_NS_ns_55_64_yrs,P_PI_NS_ns_65_74_yrs,P_PI_NS_ns_75_84_yrs,P_PI_NS_ns_85_yrs_ovr,P_PI_NS_ns_Tot,P_Tot_15_19_yrs,P_Tot_20_24_yrs,P_Tot_25_34_yrs,P_Tot_35_44_yrs,P_Tot_45_54_yrs,P_Tot_55_64_yrs,P_Tot_65_74_yrs,P_Tot_75_84_yrs,P_Tot_85ov,P_Tot_Tot
10601110701,core,4,7,7,4,0,5,4,0,0,43,0,5,13,13,11,3,0,0,0,52,0,11,23,10,10,3,0,0,0,59,0,4,13,7,9,9,0,0,0,32,0,0,8,13,4,3,0,0,0,27,0,0,10,10,8,0,0,0,0,29,0,0,18,23,7,4,0,0,0,50,0,0,3,6,3,0,0,0,0,10,0,0,0,0,0,0,0,0,0,0,0,0,6,6,0,5,3,3,0,24,53,41,134,114,75,51,34,18,3,522
10601110702,core,0,3,8,7,3,4,3,0,3,35,3,4,10,9,10,5,5,0,0,52,0,3,11,6,5,3,0,0,0,31,0,0,14,9,5,0,4,0,0,25,0,0,7,4,0,9,0,0,0,25,0,0,7,0,0,5,0,0,0,13,0,0,7,8,5,4,0,0,0,29,0,0,0,3,0,0,0,0,0,4,0,0,0,0,7,0,0,0,0,9,4,0,3,3,0,4,4,0,0,16,36,28,93,74,52,72,51,21,7,441
10601110703,core,3,4,11,5,4,6,5,4,0,42,0,7,13,5,10,6,0,0,0,47,0,6,17,9,3,13,0,0,0,54,0,4,14,13,6,12,0,0,0,52,0,3,9,7,9,4,0,0,0,35,0,5,10,10,9,6,0,0,0,42,0,3,25,27,15,10,0,0,0,81,0,0,9,3,3,0,0,0,0,15,0,0,3,3,3,0,0,0,0,8,0,0,3,3,3,0,3,3,0,24,45,52,140,115,98,83,44,23,0,598
10601110704,external,3,0,4,0,0,3,3,0,0,20,0,0,9,0,5,11,5,0,0,28,0,6,4,0,5,8,3,4,0,33,0,0,4,8,4,3,4,0,0,23,0,0,4,8,5,5,0,0,0,21,0,0,5,3,3,0,0,0,0,16,0,0,4,10,6,4,0,0,0,27,0,0,0,0,7,3,0,0,0,11,0,0,0,3,9,8,0,0,0,22,0,0,0,0,0,3,0,4,0,15,24,27,40,43,71,74,45,12,3,334
10601110705,external,0,0,0,4,9,8,5,3,0,29,0,0,0,4,8,3,4,0,0,27,0,0,0,3,5,5,3,4,0,28,0,0,3,0,0,7,0,0,0,18,0,0,0,4,6,3,0,0,0,18,0,0,0,0,0,3,0,0,0,10,0,0,6,15,9,7,0,4,0,40,0,0,0,0,5,0,3,0,0,14,0,0,0,3,5,3,3,0,0,19,0,0,3,5,5,0,4,0,0,16,23,14,21,57,60,59,53,13,0,305
10601110706,core,0,0,0,3,3,0,7,3,0,28,0,0,0,9,3,6,4,3,0,26,0,3,4,3,3,4,5,3,0,28,0,0,3,0,0,4,0,0,0,17,0,0,0,4,5,4,5,0,0,13,0,0,3,7,5,0,0,0,0,16,0,0,5,8,5,0,4,0,0,29,0,0,0,0,4,0,0,0,0,8,0,0,0,3,7,0,3,0,0,17,0,0,0,0,0,0,0,0,5,11,30,10,29,46,59,41,52,28,8,300
10601110707,core,0,0,3,4,0,0,3,0,0,14,0,0,0,8,0,7,3,3,0,31,0,0,6,4,3,3,0,0,0,18,0,0,0,3,3,3,0,0,0,14,0,0,0,0,0,0,0,0,0,8,0,0,4,0,0,4,3,0,0,14,0,0,3,3,4,0,4,0,0,20,0,0,0,0,0,0,0,0,0,8,0,0,0,4,0,10,5,0,0,19,0,0,0,0,0,4,0,0,0,6,7,13,26,33,24,55,60,16,3,239
10601110708,core,0,0,4,5,4,6,6,5,0,23,0,5,0,0,4,0,0,3,0,17,0,0,3,4,4,5,4,0,0,18,0,0,0,6,3,5,0,0,0,19,0,0,5,8,3,0,0,0,0,18,0,0,3,3,4,0,0,0,0,8,0,0,0,7,0,0,5,0,0,18,0,0,0,0,6,3,0,0,0,3,0,0,0,5,7,5,3,0,0,14,0,7,0,4,8,0,9,0,0,21,16,22,32,34,48,43,45,19,5,267
10601110709,core,8,0,3,0,3,3,0,0,0,20,0,4,4,0,8,0,7,0,0,22,0,0,0,11,4,0,0,0,0,23,0,0,3,0,4,3,0,0,0,10,0,0,4,4,3,5,0,0,0,14,0,0,0,0,4,0,0,0,0,4,0,0,10,11,5,3,0,0,0,26,0,0,0,0,0,0,0,0,0,4,0,0,0,0,0,0,0,0,0,5,0,0,0,0,5,0,0,3,5,16,21,16,37,34,39,30,39,24,8,249
10601110710,core,0,5,3,3,0,0,4,0,0,17,0,0,4,3,5,0,0,0,0,14,0,3,8,4,3,0,0,0,0,17,0,0,0,4,3,0,0,0,0,16,0,0,5,3,0,3,0,0,0,7,0,0,7,0,3,0,0,0,0,18,0,0,7,3,5,0,0,0,0,21,0,0,0,0,0,0,0,0,0,3,0,0,0,0,0,0,0,0,0,5,0,0,4,0,0,0,0,0,0,11,21,18,43,31,28,26,29,11,6,208
10601110712,core,0,3,7,0,3,0,10,0,0,29,3,4,3,9,9,0,0,0,0,30,0,6,3,11,6,3,0,0,0,32,0,0,0,6,3,0,0,0,0,23,0,0,3,0,0,0,0,0,0,5,0,3,3,3,4,0,0,0,0,15,0,0,3,9,11,7,0,0,0,32,0,0,0,5,4,0,0,0,0,4,0,0,0,0,3,0,0,0,0,5,0,0,0,0,0,0,0,4,0,17,26,28,49,65,59,38,46,27,0,340
10601110713,core,0,0,0,5,4,4,4,0,0,19,0,0,6,3,6,3,3,0,0,21,0,3,6,3,5,7,0,0,0,20,0,4,0,9,8,0,0,0,0,18,0,0,0,6,0,0,0,0,0,8,0,0,0,3,0,6,0,0,0,8,0,0,3,6,9,0,4,0,0,19,0,0,4,0,0,0,0,0,0,3,0,0,0,0,0,0,0,0,0,0,0,0,0,3,0,10,3,0,0,20,34,12,23,41,44,33,37,3,4,230
10601110714,core,5,3,3,8,10,9,3,3,0,40,0,7,17,4,10,3,6,0,0,50,3,8,12,8,8,14,0,0,0,50,0,3,12,11,3,0,4,0,0,34,0,0,10,5,6,4,0,0,0,31,0,0,5,10,6,5,0,0,0,25,0,0,15,18,11,4,3,0,0,52,0,0,0,3,0,3,0,0,0,7,0,0,0,0,0,0,0,0,0,3,0,0,3,0,0,0,0,0,0,11,44,36,108,95,65,88,44,19,0,489
10601110716,external,0,3,5,10,10,7,7,3,0,51,0,14,4,7,9,8,5,0,0,46,0,5,10,11,12,5,4,0,0,52,0,0,0,12,3,7,4,0,0,24,0,0,5,12,16,9,5,0,0,45,0,3,3,5,10,10,5,0,0,28,0,0,7,28,32,18,3,0,0,93,0,0,0,7,6,4,0,0,0,21,0,0,0,4,11,3,0,0,0,17,0,0,0,8,4,6,0,3,0,33,69,51,51,114,132,122,66,29,0,645
10601110717,external,0,5,0,4,9,0,3,4,0,19,0,0,5,0,3,5,0,0,0,14,0,0,4,0,0,0,0,0,0,9,0,0,0,0,0,4,0,0,0,7,0,0,0,3,3,0,0,0,0,3,0,0,7,0,0,9,0,0,0,13,0,0,3,4,3,6,0,0,0,15,0,0,0,3,0,0,0,0,0,4,0,0,0,3,3,3,0,0,0,7,0,0,0,0,3,0,0,0,0,10,12,10,17,26,33,39,20,16,0,175
10601110718,external,0,0,5,3,7,4,4,0,0,23,0,0,6,3,3,3,4,0,0,23,0,0,0,0,3,0,3,0,0,12,0,0,0,4,5,0,0,0,0,9,0,0,3,0,8,0,0,0,0,14,0,0,0,3,3,0,0,0,0,12,0,0,9,10,17,6,0,0,0,45,0,0,5,4,3,0,0,0,0,6,0,0,3,0,3,4,4,0,0,17,4,0,7,8,5,4,3,3,0,30,25,12,46,41,69,52,37,16,0,297
10601110719,core,4,5,3,0,0,0,0,0,0,11,0,5,5,3,3,0,0,0,0,24,0,4,7,11,0,0,0,0,0,21,0,0,3,8,0,9,0,0,0,20,0,0,3,4,5,0,0,0,0,16,0,0,3,0,4,0,3,0,0,9,0,0,14,10,0,0,0,0,0,26,0,0,0,0,0,0,0,0,0,9,0,0,0,0,0,0,0,0,0,0,0,0,6,0,0,0,0,0,0,8,19,19,51,43,29,18,20,9,0,208
10601110720,core,0,8,8,4,0,3,0,0,0,26,4,14,14,7,8,0,3,0,0,43,0,3,17,3,3,8,0,0,0,32,0,5,10,4,3,8,0,0,0,28,0,0,0,5,0,8,0,0,0,16,0,0,3,11,3,5,3,0,0,19,0,0,11,11,12,3,0,0,0,38,0,0,0,0,0,0,0,0,0,8,0,0,0,0,0,0,0,0,0,0,0,0,6,0,6,0,0,4,0,15,26,35,83,72,52,42,38,17,3,373
10601110722,core,0,3,6,0,9,0,0,3,0,26,4,5,9,3,0,5,0,0,0,28,0,3,9,9,11,6,0,0,0,35,0,0,0,0,5,3,0,0,0,14,0,0,7,4,5,0,0,0,0,25,0,0,4,3,0,4,0,0,0,15,0,0,11,7,7,5,0,0,0,29,0,0,4,3,0,0,0,0,0,4,0,0,0,3,0,0,0,0,0,4,0,0,0,0,0,4,6,0,0,10,23,19,63,46,41,54,44,20,8,315
10601110723,core,6,12,17,8,3,0,9,0,0,53,3,9,14,10,9,0,3,0,0,48,0,5,18,16,9,12,0,0,0,57,0,0,12,17,15,7,0,0,0,52,0,0,3,4,9,4,0,0,0,22,0,0,7,0,10,0,0,0,0,21,0,4,14,18,11,4,0,0,0,47,0,0,5,0,0,0,0,0,0,7,0,0,4,0,0,0,0,0,0,4,0,7,10,0,4,4,3,7,0,31,57,56,109,89,112,56,63,24,7,573
10601110725,core,0,5,9,6,0,0,0,0,0,25,0,5,3,5,4,0,0,0,0,22,0,0,11,12,4,6,0,0,0,27,0,6,10,5,3,0,3,0,0,30,0,6,14,10,6,0,0,0,0,31,0,0,8,6,8,0,0,0,0,19,0,3,14,16,9,3,0,0,0,43,0,0,4,5,0,0,0,0,0,9,0,0,0,6,0,0,0,0,0,5,4,5,7,8,8,6,5,0,0,33,17,40,98,89,50,31,28,15,3,368
10601110726,core,5,3,3,8,6,4,4,0,0,21,0,8,4,3,3,4,0,0,0,25,0,0,4,3,6,0,4,0,0,19,0,0,3,3,0,0,0,0,0,16,0,0,3,9,3,0,0,0,0,13,0,0,8,5,0,4,0,0,0,14,0,0,8,10,5,5,0,0,0,31,0,0,0,6,4,0,0,0,0,5,0,0,0,4,3,0,0,0,0,9,0,0,4,0,0,0,0,0,0,5,25,13,52,59,48,25,19,4,0,237
10601110727,core,6,0,8,4,0,0,0,0,0,23,0,7,10,10,3,0,0,0,0,36,0,8,16,5,3,9,0,0,0,40,0,9,24,7,4,6,0,0,0,47,0,7,12,11,6,0,0,0,0,30,0,0,14,14,3,3,0,0,0,31,0,0,22,17,8,3,0,0,0,55,0,0,0,7,0,0,0,0,0,4,0,0,4,7,5,0,0,0,0,7,3,3,8,3,5,5,0,0,0,26,28,41,147,87,38,40,24,0,0,404
10601110728,core,0,0,0,4,0,7,0,0,0,10,0,0,0,0,0,10,0,0,0,10,0,0,0,0,4,0,0,0,0,16,0,0,0,0,3,12,4,0,0,17,0,0,5,0,0,0,0,0,0,14,0,0,0,0,0,0,4,0,0,7,0,0,0,0,0,4,0,0,0,16,0,0,0,0,0,0,0,0,0,4,0,0,0,0,7,4,0,0,0,10,0,6,0,0,0,0,0,3,0,9,4,11,15,18,29,48,38,14,4,175
10601110729,core,0,4,3,6,4,0,0,0,0,22,0,5,8,3,6,3,3,0,0,32,0,0,14,0,5,0,5,0,0,29,0,5,9,10,6,6,0,0,0,27,0,0,16,6,7,0,0,0,0,24,0,0,11,9,4,0,0,0,0,30,0,0,11,14,12,6,0,0,0,41,0,0,0,11,0,0,0,0,0,15,0,0,4,5,0,0,0,0,0,14,0,0,0,0,4,0,0,0,0,11,28,29,101,85,53,32,22,4,5,356
10601110730,core,0,0,0,0,0,0,0,0,0,14,0,0,0,0,0,0,8,3,0,12,0,0,7,9,3,6,8,0,0,30,0,0,5,3,4,5,5,0,0,16,0,0,0,6,0,6,4,0,0,14,0,0,6,0,0,3,3,0,0,11,0,0,0,9,4,11,5,0,0,30,0,0,0,6,3,6,6,0,0,25,0,0,0,4,12,14,6,0,0,33,0,0,0,0,0,0,4,0,0,8,15,12,13,35,44,90,64,22,0,297
10601110731,core,3,0,7,0,0,6,0,3,0,25,0,3,3,0,7,3,3,0,0,14,0,3,0,5,7,9,3,0,0,30,0,0,0,5,6,0,0,0,0,17,0,0,7,4,3,3,5,0,0,19,0,0,0,0,4,0,0,0,0,10,0,0,4,8,7,5,4,0,0,26,0,0,3,3,3,5,0,0,0,11,0,0,0,0,5,0,0,0,0,8,0,0,0,0,0,5,0,5,0,11,23,15,25,43,54,46,40,17,5,279
10601110732,core,3,4,15,9,8,0,0,0,0,31,3,4,18,10,0,4,0,0,0,36,0,12,16,7,3,0,0,0,0,42,0,0,22,11,0,4,0,0,0,42,0,0,14,14,0,5,0,0,0,34,0,0,13,13,0,0,0,0,0,29,0,0,17,16,10,0,0,0,0,45,0,0,7,8,0,0,0,0,0,14,0,0,0,6,4,0,0,0,0,9,0,0,5,3,0,0,5,0,0,15,20,30,140,103,33,33,20,6,0,386
10601110733,core,0,0,0,0,0,4,10,10,0,23,0,0,3,0,0,3,7,0,0,24,0,0,6,3,5,3,6,4,0,18,0,0,0,0,0,7,3,0,0,14,0,0,0,7,3,3,8,0,0,17,0,0,0,0,0,8,4,0,0,19,0,0,0,4,6,13,5,0,0,27,0,0,0,3,0,6,0,0,0,10,0,0,0,0,8,14,6,0,0,34,0,0,0,3,0,0,3,0,0,11,9,4,11,27,39,68,74,42,0,284
10601110801,core,0,5,11,5,7,4,13,0,0,51,0,10,9,4,9,9,0,0,0,46,0,0,6,4,5,3,0,0,0,22,0,0,5,0,5,0,0,0,0,12,0,0,4,6,5,0,0,0,0,11,0,0,0,9,8,0,0,0,0,13,0,0,14,3,3,0,0,0,0,20,0,0,0,0,0,0,0,0,0,0,0,0,0,0,0,0,0,0,0,5,4,3,3,3,3,10,3,7,4,38,31,31,68,61,71,88,57,36,16,457
10601110806,core,0,0,6,6,3,0,0,0,0,19,0,0,6,3,0,3,5,0,0,20,0,3,9,0,0,6,0,0,0,19,0,0,3,0,5,8,0,0,0,10,0,0,8,0,0,0,0,0,0,9,0,0,7,4,0,0,0,0,0,7,0,0,0,3,0,0,0,0,0,9,0,0,0,0,0,0,0,0,0,0,0,0,0,0,0,0,0,0,0,0,4,3,7,7,0,0,3,0,0,29,17,15,52,46,36,44,32,23,6,274
10601110807,core,5,6,9,3,3,3,7,7,0,36,0,4,16,0,8,5,0,0,0,40,0,3,8,9,11,6,4,0,0,37,0,4,4,6,3,4,0,0,0,24,0,0,4,0,5,5,0,0,0,15,0,0,0,0,0,0,0,0,0,3,0,0,7,3,0,5,0,0,0,17,0,0,0,0,0,0,0,0,0,5,0,0,0,0,0,0,0,0,0,0,0,3,6,3,0,3,5,0,0,24,31,26,63,68,48,67,49,38,7,395
10601110808,core,0,3,6,6,4,0,3,0,0,32,0,7,15,9,3,3,0,0,0,37,0,6,11,4,5,7,0,0,0,38,0,0,8,5,5,0,0,0,0,19,0,0,9,0,0,4,0,0,0,14,0,0,4,0,6,3,0,0,0,12,0,0,0,9,0,0,0,0,0,15,0,0,4,0,0,0,0,0,0,0,0,0,0,0,0,0,0,0,0,0,0,5,0,9,0,0,0,0,0,14,27,38,66,49,41,57,40,22,3,333
10601110809,core,0,3,5,5,0,4,4,3,0,16,0,4,0,0,3,7,0,3,0,12,0,0,3,3,5,3,0,0,0,20,0,0,4,0,0,4,0,0,0,13,0,0,5,0,0,0,0,0,0,7,0,0,0,0,0,4,0,0,0,11,0,0,0,0,0,0,0,0,0,9,0,0,0,0,4,0,0,0,0,4,0,0,0,0,0,0,0,0,0,0,0,0,0,0,5,0,0,3,0,11,9,8,41,21,25,39,28,21,0,196
10601110810,core,0,6,3,4,6,0,4,0,0,23,4,5,9,10,5,3,0,0,0,38,0,4,14,3,18,9,7,0,0,56,0,0,9,4,3,5,0,0,0,25,0,0,0,3,5,0,0,0,0,13,0,3,8,3,4,5,0,0,0,11,0,0,0,6,6,9,0,0,0,13,0,0,0,0,0,0,0,0,0,3,0,0,0,0,0,0,0,0,0,0,0,3,0,0,3,5,0,0,3,17,32,28,47,43,77,56,36,17,5,345
10601110811,core,0,0,0,5,5,3,9,3,0,24,0,0,4,6,10,6,5,0,0,33,0,0,4,3,6,3,0,0,0,18,0,0,7,4,4,3,0,0,0,20,0,0,4,0,0,4,3,0,0,17,0,0,4,7,4,4,0,0,0,15,0,0,3,3,4,8,0,0,0,22,0,0,0,0,0,0,0,0,0,5,0,0,0,0,0,0,0,0,0,0,0,0,0,0,3,0,0,0,0,10,24,27,36,40,42,58,60,29,5,329
10601110812,core,0,4,3,5,3,3,12,9,0,34,0,0,0,3,6,4,4,3,0,30,0,0,0,4,7,4,3,0,0,20,0,0,5,0,5,3,0,0,0,7,0,0,9,0,4,0,0,0,0,7,0,0,0,0,0,0,0,0,0,3,0,0,3,3,0,5,0,0,0,12,0,0,0,0,0,0,0,0,0,0,0,0,0,0,0,0,0,0,0,0,6,0,11,7,0,9,7,0,3,48,19,16,47,35,44,57,67,56,25,371
10601110813,core,0,13,9,3,3,0,3,0,0,32,0,5,13,5,10,4,0,0,0,35,0,6,10,8,9,5,3,0,0,38,0,0,11,3,7,5,0,0,0,34,0,0,0,3,5,3,0,0,0,12,0,0,3,8,4,0,0,0,0,13,0,0,6,5,4,3,0,0,0,16,0,0,0,0,0,0,0,0,0,4,0,0,0,0,0,0,0,0,0,0,0,0,4,6,0,3,6,14,36,66,29,31,66,51,55,48,60,56,107,508
10601110814,core,0,0,4,4,0,0,3,0,5,15,0,0,3,3,0,0,5,0,0,13,0,0,3,0,0,3,0,0,0,8,0,0,0,0,0,0,0,0,0,0,0,0,3,0,0,0,0,0,0,5,0,0,5,0,0,0,0,0,0,6,0,0,3,0,0,0,0,0,0,10,0,0,0,0,0,0,0,0,0,5,0,0,0,0,0,0,0,0,0,0,0,4,0,0,6,0,0,0,0,9,8,10,18,21,16,27,25,10,8,144
10601110815,core,5,0,0,0,0,0,0,0,0,11,0,0,0,5,4,3,5,0,0,19,0,0,4,5,5,0,0,0,0,24,0,0,4,0,3,0,0,0,0,16,0,0,0,3,4,0,0,0,0,16,0,0,3,0,0,5,0,0,0,14,0,0,0,7,0,0,0,0,0,4,0,0,0,0,0,0,0,0,0,0,0,0,0,0,0,0,0,0,0,0,0,4,8,4,0,0,3,0,0,15,13,7,44,29,29,26,33,17,5,204
10601110816,core,5,3,4,3,5,4,6,4,0,33,0,5,11,3,4,3,0,0,0,31,0,5,13,10,8,3,0,0,0,35,0,0,0,3,0,3,0,0,0,12,0,0,3,6,0,4,0,0,0,16,0,6,0,4,0,4,0,0,0,15,0,0,3,3,6,5,0,0,0,21,0,0,0,0,3,6,0,0,0,5,0,0,0,0,0,0,0,0,0,3,4,3,3,0,4,9,5,0,4,32,32,27,61,45,50,60,49,21,14,359
10601110817,core,0,4,4,5,0,4,0,0,0,24,0,4,3,6,6,7,8,0,0,30,0,3,5,3,8,4,0,0,0,28,0,6,0,3,3,7,0,0,0,26,0,0,0,4,0,0,0,0,0,7,0,4,3,0,0,0,0,0,0,11,0,0,0,3,11,0,0,0,0,20,0,0,0,0,6,4,0,0,0,3,0,0,0,0,0,0,0,0,0,7,0,6,3,0,3,3,3,0,0,21,20,32,42,40,61,60,41,30,6,340
10601110818,core,0,0,0,0,0,0,0,0,0,4,0,0,0,0,0,0,0,0,0,0,0,0,0,0,4,0,0,0,0,3,0,0,0,0,0,0,0,0,0,0,0,0,0,0,0,0,0,0,0,0,0,0,0,0,0,0,0,0,0,0,0,0,0,0,0,0,0,0,0,0,0,0,0,0,0,0,0,0,0,0,0,0,0,0,0,0,0,0,0,0,0,0,6,0,0,0,5,9,0,15,0,4,3,0,5,4,35,99,96,256
10601110819,core,0,3,9,0,5,3,3,3,0,33,0,4,8,9,5,5,0,0,0,37,0,0,10,11,9,4,0,0,0,38,0,0,4,5,4,5,0,0,0,26,0,0,4,0,0,5,0,0,0,16,0,0,0,4,0,0,0,0,0,5,0,0,5,5,8,3,0,0,0,26,0,0,0,0,0,0,0,0,0,4,0,0,0,0,0,0,0,0,0,0,0,0,0,5,0,5,4,0,0,16,18,25,74,53,51,60,58,27,8,372
10601110820,core,0,3,5,4,0,5,5,0,0,33,0,3,10,7,3,4,5,0,0,35,0,0,3,8,4,4,0,0,0,19,0,4,0,6,6,0,0,0,0,12,0,0,3,3,3,0,0,0,0,13,0,0,0,0,0,0,0,0,0,3,0,0,0,3,0,3,0,0,0,14,0,0,0,0,0,0,0,0,0,0,0,0,0,0,0,0,0,0,0,3,5,0,3,0,4,0,6,7,0,22,29,24,44,45,54,58,69,33,10,360
10601110821,core,0,0,0,4,7,0,4,0,0,14,0,4,5,6,5,0,0,0,0,21,0,0,9,3,5,3,0,5,0,25,0,0,4,0,0,0,0,0,0,9,0,0,0,10,0,9,3,0,0,12,0,0,0,0,0,0,0,0,0,3,0,0,0,10,0,3,0,0,0,9,0,0,0,0,0,0,0,0,0,0,0,0,0,0,0,0,0,0,0,0,0,3,5,0,0,0,4,0,3,17,17,14,29,42,30,44,49,35,11,271
10601110822,core,5,5,4,4,3,4,9,0,0,39,0,10,4,6,12,7,0,0,0,42,0,5,15,13,8,4,0,0,0,46,0,0,12,5,8,3,3,0,0,32,0,0,7,5,4,0,3,0,0,19,0,0,4,9,3,0,0,0,0,17,0,0,0,6,3,4,0,0,0,15,0,0,0,0,0,0,0,0,0,0,0,0,0,0,0,4,0,0,0,4,3,7,4,4,7,3,3,0,0,28,33,33,78,58,75,65,54,20,0,424
10601110823,core,0,0,0,0,0,3,0,0,0,16,0,0,0,3,7,5,0,0,0,18,0,0,6,4,0,4,0,0,0,16,0,0,0,0,8,3,0,0,0,15,0,0,0,0,5,0,0,0,0,5,0,0,0,5,5,0,0,0,0,7,0,0,0,6,0,0,0,0,0,3,0,0,0,4,0,0,0,0,0,5,0,0,0,0,4,0,0,0,0,7,0,0,0,3,0,0,0,0,0,8,22,10,16,28,36,26,21,13,0,167
10601110824,core,0,0,0,0,9,4,3,0,0,11,0,3,0,0,6,0,3,0,0,17,0,3,4,4,3,0,0,0,0,14,0,0,0,0,5,0,3,0,0,8,0,0,0,4,0,0,0,0,0,5,0,0,0,3,0,0,0,0,0,3,0,0,0,0,0,0,0,0,0,5,0,0,0,0,0,0,0,0,0,0,0,0,0,0,0,0,0,0,0,0,0,0,0,0,0,0,0,0,0,6,21,10,19,24,30,15,27,11,4,157
10601110825,core,0,4,16,18,10,3,0,0,0,40,0,0,8,10,8,7,0,0,0,36,0,0,21,11,5,4,0,0,0,41,0,0,10,4,4,5,0,0,0,22,0,0,4,0,3,0,0,0,0,10,0,0,0,0,0,0,0,0,0,7,0,0,0,3,0,0,0,0,0,5,0,0,0,0,0,0,0,0,0,0,0,0,4,0,3,0,0,0,0,12,17,16,38,20,17,11,3,5,0,121,75,52,148,117,87,61,28,18,5,599
10601110826,core,0,3,5,3,0,5,0,0,0,7,0,5,4,0,3,0,0,0,0,14,0,6,6,0,0,0,0,0,0,16,0,0,0,3,0,0,0,0,0,5,0,0,3,3,0,3,0,0,0,10,0,0,0,4,4,0,0,0,0,8,0,0,0,0,4,0,0,0,0,5,0,0,0,0,0,0,0,0,0,0,0,0,0,4,0,0,0,0,0,7,0,0,0,0,0,0,0,0,0,4,8,11,18,26,24,21,23,12,0,145
10601110827,core,0,4,3,0,0,0,0,0,0,6,0,4,0,0,0,0,0,0,0,6,0,0,0,0,0,3,0,0,0,5,0,0,0,0,0,0,0,0,0,0,0,0,0,0,0,0,0,0,0,0,0,0,0,0,0,0,0,0,0,0,0,0,0,0,0,0,0,0,0,0,0,0,0,0,0,0,0,0,0,0,0,0,0,0,4,0,0,0,0,4,0,0,0,0,0,0,0,0,0,0,5,9,4,8,18,16,4,7,3,62
10601110828,core,0,0,0,0,0,6,0,3,0,7,0,0,0,0,3,0,0,0,0,8,0,0,0,0,0,3,3,0,0,5,0,0,0,0,0,0,5,0,0,11,0,0,0,0,5,3,0,0,0,9,0,0,0,0,0,0,3,0,0,6,0,0,0,0,6,3,0,0,0,9,0,0,0,0,0,0,0,0,0,3,0,0,0,0,0,5,0,0,0,3,0,0,0,0,0,0,6,0,0,7,4,3,4,4,15,24,39,12,6,107
10601110829,core,0,3,11,5,4,3,0,0,0,27,3,9,10,6,0,3,4,6,0,31,0,0,5,10,12,4,0,0,0,29,0,5,3,0,11,4,4,0,0,23,0,0,6,6,7,0,0,0,0,14,0,0,7,3,0,4,0,0,0,16,0,0,4,0,9,5,0,0,0,14,0,0,0,0,0,0,0,0,0,4,0,0,0,0,0,0,0,0,0,0,3,4,8,0,3,3,3,3,0,35,31,29,60,51,57,42,55,17,4,344
10601110830,core,0,5,14,9,11,6,8,3,0,51,0,11,13,8,4,9,5,0,0,46,0,4,18,7,13,10,4,0,0,60,0,3,11,8,7,0,0,0,0,33,0,6,8,8,0,8,0,0,0,17,0,0,0,5,0,0,0,0,0,16,0,0,6,9,3,3,0,0,0,28,0,0,0,0,0,0,0,0,0,0,0,0,0,0,0,0,0,0,0,3,3,8,5,4,8,3,0,0,0,36,44,54,118,83,78,81,93,24,14,589
10601110831,core,0,3,0,4,0,0,6,0,0,18,0,0,4,4,3,0,0,0,0,17,0,0,6,6,3,9,0,0,0,22,0,0,0,0,5,4,0,0,0,8,0,0,0,0,4,0,0,0,0,4,0,0,3,3,0,5,0,0,0,8,0,0,0,3,0,0,0,0,0,9,0,0,0,0,0,0,0,0,0,0,0,0,0,0,0,0,0,0,0,0,0,0,4,0,0,0,6,0,0,4,6,19,32,25,21,37,28,12,0,176
10601110832,core,0,6,3,4,3,4,0,4,0,26,0,7,12,5,3,0,0,0,0,24,0,3,5,10,0,7,0,0,0,32,0,0,8,0,0,0,0,0,0,16,0,0,0,3,0,0,0,0,0,4,0,0,0,5,0,0,0,0,0,3,0,0,3,0,0,3,0,0,0,4,0,0,0,0,0,0,0,0,0,0,0,0,0,0,0,0,0,0,0,0,0,5,10,6,3,4,6,0,0,39,20,29,68,44,35,35,48,20,4,297
10601110833,core,0,3,5,0,0,0,4,0,0,22,0,7,3,0,0,7,4,0,0,25,0,0,12,0,0,5,0,0,0,22,0,5,7,6,3,0,0,0,0,23,0,0,6,0,0,3,0,0,0,11,0,0,0,0,0,4,0,0,0,0,0,0,4,7,5,3,0,0,0,18,0,0,0,0,0,0,0,0,0,3,0,0,0,0,0,0,0,0,0,5,0,0,5,5,4,4,0,0,0,15,19,25,43,37,35,49,65,20,9,292
10601110834,core,0,0,7,5,0,7,3,3,0,27,4,0,8,3,7,7,4,0,0,37,0,10,8,0,5,8,3,0,0,43,0,0,6,6,4,4,0,0,0,19,0,0,6,4,0,3,0,0,0,11,0,0,0,4,0,0,0,0,0,9,0,0,4,0,4,3,0,0,0,12,0,0,0,0,0,0,0,0,0,0,0,0,0,0,0,0,0,0,0,0,5,3,0,3,0,0,6,9,0,27,18,22,60,43,42,64,51,32,15,343
10601110835,core,0,0,0,3,4,0,0,0,0,14,0,0,3,0,6,0,0,0,0,16,0,4,3,0,0,3,0,0,0,21,0,0,8,0,6,0,0,0,0,13,0,0,3,0,3,5,0,0,0,11,0,0,0,0,0,0,0,0,0,3,0,0,0,0,0,0,0,0,0,3,0,0,0,0,0,0,0,0,0,0,0,0,0,0,0,0,0,0,0,6,0,0,0,0,0,0,0,0,0,5,13,11,35,18,36,24,20,15,3,175
10601110836,core,3,4,4,5,4,0,3,3,0,26,0,6,8,6,6,6,0,3,0,35,0,9,10,9,9,4,3,0,0,52,0,0,4,12,7,4,0,0,0,26,0,0,8,8,4,0,0,0,0,26,0,0,3,9,3,4,0,0,0,18,0,0,8,6,6,4,0,0,0,26,0,0,0,0,0,0,0,0,0,4,0,0,0,0,3,0,0,0,0,5,0,0,5,0,0,3,11,0,0,22,25,34,66,73,71,74,49,38,5,438
10601110837,core,0,6,6,13,0,6,6,3,0,36,0,9,9,4,10,6,0,6,0,42,0,0,14,10,4,10,4,7,0,44,0,3,12,0,6,3,0,0,0,21,0,0,3,6,0,7,0,0,0,18,0,0,0,0,0,4,0,0,0,10,0,0,3,3,3,0,0,0,0,17,0,0,0,0,0,0,0,0,0,6,0,0,0,0,0,0,0,0,0,3,6,5,10,4,10,12,8,16,3,70,42,48,95,55,74,102,96,73,16,598
10601110838,core,0,0,9,6,4,5,0,0,0,25,0,0,3,4,4,5,0,0,0,25,0,0,5,4,10,7,0,0,0,32,0,0,6,3,0,5,0,0,0,17,0,0,0,0,0,5,0,0,0,11,0,0,0,0,0,0,0,0,0,5,0,0,0,0,7,4,0,0,0,10,0,0,0,0,0,0,0,0,0,5,0,0,0,0,0,0,0,0,0,0,0,0,3,0,0,0,7,0,0,15,25,15,49,46,38,44,32,16,3,266
10601110839,core,0,0,9,0,3,3,5,4,0,22,0,4,6,6,4,0,3,0,0,28,0,6,8,0,3,3,0,0,0,20,0,0,4,0,6,5,0,0,0,12,0,0,4,4,11,0,0,0,0,17,0,0,3,9,4,0,0,0,0,14,0,0,3,7,3,0,0,0,0,14,0,0,0,0,0,0,0,0,0,7,0,0,0,0,0,0,0,0,0,6,0,0,0,4,0,0,9,4,0,11,38,17,59,42,45,28,46,11,10,298
10601110840,core,0,5,6,4,3,3,8,0,0,23,0,0,3,7,0,9,3,0,0,24,0,7,7,11,7,6,0,0,0,30,0,0,4,5,0,0,0,0,0,9,0,0,0,6,3,0,0,0,0,9,0,0,0,0,4,0,0,0,0,3,0,0,0,6,3,0,0,0,0,12,0,0,0,0,0,0,0,0,0,0,0,0,0,0,0,0,0,0,0,0,0,0,0,3,0,3,0,5,0,10,21,20,43,39,47,40,33,19,3,264
10601110841,core,4,3,3,0,3,0,4,0,0,21,0,9,8,3,5,7,0,3,0,40,0,0,9,7,6,3,0,0,0,27,0,0,3,0,0,0,0,0,0,9,0,0,6,0,9,5,0,0,0,14,0,0,4,0,3,0,0,0,0,8,0,0,0,7,6,0,0,0,0,9,0,0,0,0,0,0,0,0,0,0,0,0,0,0,0,0,0,0,0,0,6,0,3,6,0,3,4,0,0,21,19,31,68,44,47,51,35,23,3,314
10601110842,core,3,3,0,0,7,3,0,0,3,20,0,4,0,3,8,7,3,0,0,27,0,0,0,0,5,4,0,0,0,12,0,0,0,0,0,5,0,0,0,14,0,0,4,4,0,6,0,0,0,7,0,0,0,0,3,0,4,0,0,15,0,0,4,4,9,4,0,0,0,25,0,0,0,4,3,0,0,0,0,9,0,0,0,4,0,3,0,0,0,7,0,0,0,3,0,0,4,0,0,8,31,24,33,43,54,42,36,3,10,285
10601110843,core,4,4,11,0,4,0,8,5,0,38,0,0,4,3,3,6,4,0,0,20,0,4,9,7,4,3,0,0,0,28,0,0,10,0,0,0,4,0,0,20,0,0,7,3,3,6,0,0,0,18,0,0,0,0,0,0,0,0,0,6,0,0,0,0,5,3,0,0,0,13,0,0,0,0,0,0,0,0,0,0,0,0,0,0,0,0,0,0,0,0,0,3,0,5,0,0,0,0,0,8,15,18,52,41,36,69,54,14,6,313
10601110844,core,0,7,0,7,4,0,4,0,0,26,0,3,3,6,4,6,0,0,0,23,0,5,11,12,5,4,5,0,0,36,0,0,6,5,8,0,0,0,0,14,0,0,7,3,4,3,0,0,0,22,0,0,4,0,3,0,0,0,0,13,0,0,4,6,7,4,0,0,0,18,0,0,0,0,0,0,0,0,0,0,0,0,0,0,0,0,0,0,0,0,0,6,5,0,3,4,0,0,0,20,28,29,51,41,60,53,40,19,3,326
10601110845,core,0,7,5,0,0,0,9,4,3,27,0,0,4,8,0,0,5,0,0,20,0,3,0,0,5,4,4,3,0,24,0,0,5,3,0,4,0,0,0,10,0,0,6,8,5,4,0,0,0,14,0,0,0,0,0,0,0,0,0,3,0,0,0,4,6,0,0,0,0,13,0,0,0,0,0,0,0,0,0,0,0,0,0,0,0,0,0,4,0,8,0,0,3,0,3,3,18,25,23,80,18,23,41,42,28,43,77,94,94,458
10601110847,core,5,10,12,9,6,7,8,5,0,55,0,7,7,9,4,8,10,0,0,47,0,3,13,11,10,9,0,0,0,51,0,4,13,7,5,7,0,0,0,31,0,0,6,6,8,6,0,0,0,24,0,0,7,5,0,5,0,0,0,17,0,0,4,9,7,0,0,0,0,21,0,0,0,0,3,0,0,0,0,8,0,0,0,0,0,7,0,0,0,6,0,0,9,3,3,4,0,0,0,22,45,40,92,75,80,87,71,37,3,537
10601110848,core,3,0,5,5,5,0,0,3,0,16,0,0,4,4,0,4,0,0,0,14,0,0,3,0,7,4,0,0,0,15,0,0,3,7,0,0,0,0,0,8,0,0,0,0,0,0,0,0,0,7,0,0,0,0,5,0,0,0,0,9,0,0,4,0,3,0,0,0,0,9,0,0,0,0,0,0,0,0,0,0,0,0,0,0,4,0,0,0,0,3,4,0,0,0,0,3,0,0,0,6,15,10,30,26,26,41,21,0,0,172
10601110850,core,0,4,4,5,4,4,7,0,0,28,0,3,8,0,8,3,4,0,0,22,0,0,4,3,3,4,0,0,3,22,0,5,7,6,5,4,4,0,0,29,0,0,0,0,4,4,0,0,0,12,0,0,4,7,0,8,0,0,0,14,0,0,4,8,12,6,0,0,0,33,0,0,0,0,0,4,0,0,0,3,0,0,0,0,5,0,0,0,0,3,0,0,0,0,0,6,0,0,0,8,34,22,42,52,61,54,36,28,10,341
10601110852,core,4,0,3,5,0,0,5,0,0,16,0,5,0,0,4,0,0,0,0,13,0,0,0,0,3,4,0,0,0,16,0,0,4,5,3,4,0,0,0,17,0,0,0,0,0,0,0,0,0,0,0,0,4,0,0,0,0,0,0,4,0,0,0,9,9,5,0,0,0,21,0,0,0,0,0,0,0,0,0,0,0,0,0,0,0,0,0,0,0,7,0,0,0,0,5,5,0,0,0,7,16,19,27,27,46,30,31,11,0,205
10601110855,core,0,0,0,3,12,4,4,0,0,22,0,6,4,0,6,4,0,0,0,19,0,0,6,8,4,5,0,0,0,26,0,3,0,6,5,4,3,0,0,27,0,0,4,0,0,0,0,0,0,11,0,0,0,4,4,0,0,0,0,11,0,0,0,17,6,3,0,0,0,30,0,0,0,7,0,0,0,0,0,12,0,0,0,3,0,0,0,0,0,6,0,0,0,5,5,0,0,0,0,12,29,23,26,64,60,32,42,13,5,293
10601110858,core,0,4,9,0,8,4,4,0,0,35,0,11,10,0,9,6,0,0,0,40,0,4,3,7,8,8,3,0,0,38,0,3,4,9,4,0,0,0,0,18,0,3,0,4,8,0,0,0,0,14,0,0,3,0,0,0,0,0,0,6,0,0,3,4,4,0,0,0,0,14,0,0,0,0,0,0,0,0,0,0,0,0,0,0,0,0,0,0,0,0,5,0,9,5,0,3,6,3,0,19,28,57,75,51,64,53,48,25,7,410
10601110859,core,9,10,12,12,7,0,3,0,0,50,0,6,15,16,9,0,0,0,0,51,0,5,15,17,13,4,0,0,0,60,0,4,10,11,3,0,0,0,0,33,0,0,10,6,4,4,0,0,0,26,0,0,11,12,3,0,0,0,0,26,0,0,16,19,3,0,0,0,0,32,0,0,0,0,0,0,0,0,0,0,0,0,0,0,0,0,0,0,0,0,3,3,0,8,3,0,0,0,0,15,65,46,119,127,62,27,24,3,4,484
10601110860,core,0,5,6,5,6,5,3,0,0,33,0,0,11,4,7,5,4,3,0,30,0,9,12,5,8,11,3,0,0,43,0,0,5,0,0,7,4,0,0,19,0,0,8,3,0,0,0,0,0,17,0,0,5,0,4,3,0,0,0,13,0,0,4,5,3,0,0,0,0,18,0,0,0,3,0,0,0,0,0,6,0,0,0,0,0,0,0,0,0,4,0,0,3,3,0,0,4,3,0,18,22,24,80,51,35,64,59,29,10,366
10601110861,core,0,0,0,0,0,0,0,0,0,0,0,0,0,0,0,0,0,0,0,0,0,0,0,0,0,0,0,0,0,0,0,0,0,0,0,0,0,0,0,0,0,0,0,0,0,0,0,0,0,0,0,0,0,0,0,0,0,0,0,0,0,0,0,0,0,0,0,0,0,0,0,0,0,0,0,0,0,0,0,0,0,0,0,0,0,0,0,0,0,0,12,129,448,406,267,126,72,20,3,1488,12,129,448,402,267,126,72,20,3,1482
10601110862,core,0,0,0,0,0,0,0,0,0,3,0,0,0,0,0,0,0,0,0,0,0,0,0,0,0,0,0,0,0,0,0,0,0,0,0,0,0,0,0,0,0,0,0,0,0,0,0,0,0,0,0,0,0,0,0,0,0,0,0,0,0,0,0,0,0,0,0,0,0,0,0,0,0,0,0,0,0,0,0,0,0,0,0,0,0,0,0,0,0,0,0,0,0,0,0,0,6,0,0,5,3,0,0,3,0,7,7,5,0,29
10601110863,core,0,4,9,3,3,4,5,0,0,22,0,3,12,7,7,3,0,0,0,35,0,0,9,6,3,4,0,0,0,21,0,3,3,6,0,3,0,0,0,19,0,0,3,5,3,0,0,0,0,13,0,0,4,7,3,0,0,0,0,13,0,0,6,4,4,0,0,0,0,16,0,0,0,8,0,0,0,0,0,8,0,0,0,0,0,0,0,0,0,0,0,0,3,3,0,4,0,0,0,20,27,30,69,57,28,35,30,8,4,291
10601110864,core,0,0,3,4,12,11,8,7,0,40,0,4,11,5,5,14,3,3,0,50,0,6,10,9,17,7,3,5,0,58,0,0,5,8,12,6,0,0,0,26,0,0,0,7,6,0,0,0,0,20,0,0,3,7,4,10,0,0,0,26,0,0,3,16,16,13,5,0,0,55,0,0,0,3,4,9,0,0,0,14,0,0,0,7,4,4,0,0,0,19,0,0,6,3,5,4,0,0,0,20,55,25,62,84,109,108,55,28,9,531
10601110865,core,0,3,8,5,3,5,7,0,0,40,0,4,13,10,3,4,5,0,0,41,0,0,4,11,9,8,0,0,0,35,0,3,6,10,8,4,0,0,0,28,0,3,9,4,6,0,0,0,0,23,0,0,0,3,0,0,0,0,0,10,0,0,7,0,3,0,0,0,0,14,0,0,4,0,0,0,0,0,0,6,0,0,0,0,0,0,0,0,0,3,5,0,4,3,0,4,3,0,4,26,25,39,93,70,73,61,68,19,5,453
10601110866,core,0,0,13,8,11,10,7,7,0,60,4,5,8,11,15,3,10,0,0,52,0,0,9,12,13,12,13,0,0,66,0,0,4,9,14,8,0,0,0,38,0,0,7,3,10,7,0,5,0,25,0,0,0,3,7,6,0,0,0,24,0,0,7,16,13,3,5,0,0,54,0,0,4,0,0,4,0,0,0,4,0,0,0,7,0,0,0,0,0,10,6,7,6,4,4,4,5,5,0,31,62,42,81,88,100,87,126,62,16,662
10601110901,core,4,0,3,6,3,7,0,0,0,24,0,6,3,14,7,8,0,0,0,39,0,0,11,6,9,6,0,0,0,30,0,0,6,4,8,10,0,0,0,22,0,0,4,0,0,0,0,0,0,15,0,0,7,5,5,0,0,0,0,14,0,0,0,0,6,3,0,0,0,13,0,0,0,0,0,0,0,0,0,0,0,0,0,0,0,0,0,0,0,0,0,0,6,0,3,0,0,0,0,12,30,21,61,48,54,60,27,18,3,317
10601110902,core,0,0,8,5,8,5,4,0,0,35,0,4,8,4,0,4,0,0,0,27,0,0,7,7,5,4,7,0,0,21,0,0,3,3,3,4,0,0,0,19,0,0,5,3,0,0,0,0,0,12,0,0,3,0,3,0,0,0,0,10,0,0,5,4,4,5,0,0,0,13,0,0,0,0,4,0,0,0,0,4,0,0,0,0,0,0,0,0,0,3,3,4,5,6,6,4,6,5,0,31,41,28,59,40,43,49,34,12,5,311
10601110903,core,5,0,3,0,10,0,0,0,0,16,0,5,6,6,7,0,0,0,0,24,0,5,4,6,11,4,0,0,0,20,0,0,3,3,10,0,0,0,0,13,0,0,0,3,4,0,0,0,0,3,0,0,6,4,0,0,0,0,0,11,0,0,5,10,0,3,0,0,0,23,0,0,0,0,0,0,0,0,0,0,0,0,0,0,0,3,0,0,0,7,6,0,0,0,0,0,6,3,0,19,37,28,32,49,62,39,34,19,10,295
10601110904,core,3,4,4,0,7,0,0,0,0,14,0,3,6,3,6,0,0,0,0,24,0,0,4,4,3,0,0,0,0,11,0,3,4,8,3,4,0,0,0,22,0,0,3,0,3,0,0,3,0,12,0,0,5,0,3,0,0,0,0,8,0,0,4,5,3,0,0,0,0,14,0,0,0,0,3,0,0,0,0,0,0,0,0,0,0,0,0,0,0,0,3,0,0,4,3,0,0,0,0,11,23,11,36,31,48,26,15,8,3,200
10601110905,core,0,3,0,0,0,5,4,4,0,29,0,3,3,5,0,3,0,0,0,19,0,5,3,4,6,12,0,0,0,25,0,5,6,7,3,0,3,0,0,21,0,4,0,6,8,3,5,5,0,27,0,0,0,9,4,0,0,0,0,10,0,0,0,8,4,6,0,0,0,18,0,0,0,0,0,6,0,0,0,6,0,0,0,0,3,0,0,0,0,5,0,0,0,8,0,3,3,0,0,13,15,21,29,52,43,62,54,21,3,304
10601110906,core,0,3,3,6,5,4,8,0,0,25,0,0,5,0,4,9,4,0,0,28,0,6,3,5,4,9,0,0,0,34,0,0,5,5,5,6,0,0,0,21,0,3,7,10,7,8,0,0,0,26,0,0,5,3,4,3,0,0,0,17,0,0,0,11,6,11,0,0,0,36,0,0,0,0,0,3,0,0,0,4,0,0,0,8,3,9,0,0,0,22,4,0,0,0,6,10,3,0,0,16,31,30,35,54,66,85,53,21,5,378
10601110907,core,0,5,5,4,4,0,0,0,0,13,0,0,0,4,10,0,0,0,0,17,0,0,8,5,9,0,0,0,0,20,0,0,4,0,3,3,0,0,0,11,0,0,3,0,8,0,0,0,0,9,0,0,0,3,0,0,0,0,0,10,0,0,0,0,3,0,0,0,0,3,0,0,0,0,0,0,0,0,0,0,0,0,0,0,0,0,0,0,0,0,6,0,4,4,6,11,0,0,0,35,24,32,35,31,47,26,15,7,0,229
10601110908,core,6,4,0,9,6,4,11,0,0,37,0,4,7,7,6,0,3,0,0,32,0,3,4,11,10,9,0,0,0,38,0,0,7,3,4,4,0,0,0,20,0,0,7,8,8,3,0,0,0,25,0,0,0,5,4,0,0,0,0,16,0,0,5,5,4,0,0,0,0,24,0,0,0,7,0,0,0,0,0,7,0,0,0,7,0,0,0,0,0,9,0,9,5,13,8,11,4,0,0,47,37,30,55,90,75,71,57,17,6,430
10601110909,core,0,4,17,3,8,3,4,4,0,52,0,3,11,9,8,6,0,0,0,31,0,4,15,8,5,4,4,0,0,44,0,3,7,0,3,10,0,0,0,21,0,0,6,3,5,0,0,0,0,19,0,0,3,3,4,0,0,0,0,15,0,0,4,4,5,0,0,0,0,20,0,0,0,0,0,0,0,0,0,0,0,0,0,0,0,0,0,0,0,0,0,6,0,4,3,0,0,0,0,22,31,25,89,60,76,47,55,26,4,410
10601110911,core,0,0,0,3,0,0,3,0,0,18,0,3,5,6,5,3,0,0,0,24,0,0,0,4,5,3,6,0,0,25,0,0,0,0,3,3,0,0,0,10,0,0,5,4,3,0,0,0,0,14,0,0,3,3,5,0,0,0,0,15,0,0,3,7,4,8,0,0,0,18,0,0,0,0,0,0,0,0,0,4,0,0,0,0,0,0,0,0,0,3,0,0,0,3,0,0,0,0,0,10,21,17,27,39,38,42,30,12,0,232
10601110912,core,0,0,0,0,0,0,6,0,0,15,0,4,0,0,8,4,0,4,0,27,0,0,0,0,5,6,6,0,0,26,0,0,6,6,11,8,0,0,0,17,0,4,6,9,0,5,0,0,0,19,0,0,3,0,3,0,0,0,0,11,0,0,0,6,3,6,0,0,0,19,0,0,0,0,0,3,0,0,0,10,0,0,0,0,10,6,0,0,0,13,8,4,3,0,9,5,0,0,5,30,35,24,22,33,53,57,33,17,10,281
10601110913,core,0,3,0,0,3,9,3,0,0,19,0,3,0,0,0,0,3,0,0,14,0,0,0,6,0,10,8,0,0,22,0,0,4,4,4,3,5,0,0,20,0,0,0,9,7,7,0,0,0,18,0,0,0,3,4,3,3,0,0,9,0,0,0,6,7,0,0,0,0,12,0,0,0,0,0,0,0,0,0,3,0,0,0,0,0,0,0,0,0,0,3,0,0,0,6,4,0,0,0,13,12,15,18,38,42,52,37,8,7,233
10601110914,core,0,3,3,0,5,4,8,0,0,25,0,0,6,7,7,3,3,0,0,31,0,3,0,8,9,9,5,0,0,39,0,4,4,6,7,6,6,0,0,31,0,0,0,0,7,7,0,0,0,22,0,0,0,4,5,5,0,0,0,16,0,0,8,9,10,6,0,4,0,32,0,0,0,0,0,0,0,0,0,9,0,0,0,0,3,7,0,0,0,13,0,0,4,0,3,6,4,0,0,19,30,25,50,54,71,71,71,25,0,403
10601110915,core,3,0,0,3,3,4,0,0,0,22,0,9,5,0,4,3,0,0,0,23,0,0,8,6,9,5,6,3,0,25,0,0,0,4,4,3,0,0,0,18,0,0,6,5,7,0,0,0,0,19,0,0,0,0,6,3,6,0,0,12,0,0,9,0,13,16,0,0,0,39,0,0,0,0,7,0,0,0,0,8,0,0,0,0,5,9,0,0,0,13,4,0,0,0,4,4,3,0,0,20,27,19,32,38,68,66,40,14,0,302
10601110916,core,3,3,0,0,6,8,12,5,0,38,0,7,0,0,11,7,6,0,0,29,0,0,0,3,8,8,0,0,0,28,0,0,0,3,9,5,9,0,0,30,0,0,3,3,3,6,5,0,0,24,0,0,4,4,11,3,7,0,0,25,0,0,6,8,5,9,3,6,0,37,0,0,0,0,4,0,3,0,0,11,0,0,0,0,6,4,5,0,0,17,6,0,3,3,3,9,3,0,0,29,31,25,52,48,83,105,62,24,0,426
10601110917,core,0,3,0,7,3,4,0,6,0,20,0,3,3,4,8,5,3,0,0,32,0,0,0,6,0,3,7,0,0,19,0,0,7,6,0,7,5,0,0,14,0,0,0,4,3,5,0,0,0,8,0,0,0,0,0,0,0,0,0,5,0,0,0,4,9,0,0,0,0,16,0,0,0,0,0,0,0,0,0,3,0,0,0,0,0,0,0,0,0,3,0,0,0,4,0,0,4,0,0,6,16,11,31,37,31,42,47,8,8,223
10601110918,core,0,3,0,0,3,0,6,0,0,13,0,0,5,0,6,3,0,0,0,10,0,0,0,0,4,3,0,0,0,12,0,0,0,0,0,4,0,0,0,10,0,0,0,4,0,0,0,0,0,6,0,0,0,0,0,3,3,0,0,11,0,0,0,5,3,4,0,0,0,11,0,0,0,4,0,0,0,0,0,5,0,0,0,5,0,8,0,0,0,11,0,0,4,0,0,5,3,3,0,15,7,8,12,25,32,56,39,15,3,199
10601110920,core,0,0,3,0,5,6,8,0,0,22,0,0,0,3,5,8,9,0,0,24,0,0,3,0,0,4,6,3,0,23,0,0,0,5,0,5,5,0,0,11,0,0,0,4,12,4,4,0,0,16,0,0,0,0,0,6,0,0,0,7,0,0,3,3,4,9,6,0,0,31,0,0,0,0,0,5,0,0,0,6,0,0,0,0,9,10,4,5,0,30,4,0,5,9,3,8,17,4,0,48,13,7,25,38,59,78,103,38,4,367
10601110921,core,0,0,0,0,0,0,6,3,0,20,0,0,0,4,5,8,0,4,0,20,0,0,0,0,4,0,0,0,0,8,0,0,0,5,3,3,6,0,0,18,0,0,0,0,3,5,3,0,0,10,0,0,0,0,0,3,0,0,0,8,0,0,0,0,6,6,0,0,0,14,0,0,0,0,4,0,0,3,0,6,0,0,0,0,9,5,0,0,0,15,0,0,0,0,0,4,10,0,0,11,3,9,7,20,47,53,57,26,4,229
10601110922,core,0,0,0,0,6,0,4,0,0,15,0,0,3,8,10,3,6,0,0,28,0,0,0,3,15,5,7,0,0,34,0,0,9,4,8,10,7,0,0,28,0,0,0,4,4,3,0,5,0,17,0,0,0,3,0,4,0,0,0,8,0,0,4,0,6,5,5,0,0,23,0,0,0,0,0,0,0,0,0,0,0,0,0,0,5,7,5,0,0,12,3,0,0,5,9,0,3,0,0,21,34,16,30,36,71,81,77,28,4,375
10601110924,core,0,0,0,0,0,0,0,0,0,0,0,0,0,0,0,0,0,0,0,0,0,0,0,0,0,0,0,0,0,0,0,0,0,0,0,0,0,0,0,0,0,0,0,0,0,0,0,0,0,0,0,0,0,0,0,0,0,0,0,0,0,0,0,0,0,0,0,0,0,0,0,0,0,0,0,0,0,0,0,0,0,0,0,0,0,0,0,0,0,0,0,0,0,0,0,0,0,0,0,0,0,0,0,0,0,0,0,0,0,0
10601110925,core,0,3,0,7,3,3,0,0,0,10,0,3,0,3,3,3,0,0,0,16,0,0,3,0,0,0,0,0,0,11,0,0,5,4,0,0,0,0,0,14,0,0,3,3,3,0,0,0,0,11,0,0,6,5,4,0,0,0,0,8,0,0,6,4,0,6,0,0,0,23,0,0,0,3,3,0,0,0,0,5,0,0,0,0,0,0,0,0,0,6,0,0,6,4,4,4,0,0,0,14,15,11,38,44,12,22,22,0,0,167
10601110926,core,0,0,5,0,0,0,0,0,0,8,0,0,0,3,3,4,0,0,0,5,0,0,0,3,0,0,0,0,0,9,0,0,0,4,0,0,0,0,0,5,0,0,0,0,0,0,0,0,0,7,0,0,0,4,0,0,0,0,0,7,0,0,3,9,4,0,0,0,0,18,0,0,0,0,0,0,0,0,0,3,0,0,0,3,0,0,0,0,0,3,0,0,4,0,0,0,0,0,0,10,12,6,25,33,18,9,14,5,0,121
10601110927,core,0,0,4,3,0,0,0,0,0,9,0,3,4,5,0,4,0,0,0,20,0,0,0,0,4,5,0,0,0,18,0,0,0,7,4,0,0,0,0,12,0,0,0,4,0,4,0,0,0,14,0,0,0,4,0,0,0,0,0,4,0,0,0,0,0,0,0,0,0,9,0,0,0,0,0,0,0,0,0,0,0,0,0,5,0,0,0,0,0,4,0,0,3,0,4,3,0,0,0,17,6,4,20,30,29,49,27,6,9,190
10601110928,core,0,3,0,0,0,0,0,0,0,12,0,0,7,0,6,3,0,4,0,17,0,0,0,8,9,0,0,0,0,13,0,0,0,0,0,0,0,0,0,11,0,0,0,6,5,4,0,0,0,6,0,0,4,3,0,0,0,0,0,7,0,0,0,6,3,0,0,0,0,14,0,0,0,4,0,0,0,0,0,7,0,0,0,0,0,0,0,0,0,8,0,0,0,0,0,0,0,0,0,3,20,9,15,31,35,23,4,8,0,145
10601110929,core,0,0,10,7,0,4,4,0,0,32,0,0,8,9,5,3,0,0,0,29,0,4,8,4,7,6,3,0,0,33,0,0,13,0,0,0,0,0,0,22,0,0,8,3,0,0,0,0,0,15,0,0,0,5,0,5,0,0,0,7,0,0,7,7,9,0,0,0,0,19,0,0,4,0,0,0,0,0,0,4,0,0,0,0,0,0,0,0,0,3,0,0,0,0,0,4,0,0,0,7,18,29,73,49,42,52,36,11,4,311
10601110930,core,3,0,0,6,0,7,5,0,0,20,0,0,5,0,4,5,4,0,0,27,0,3,7,0,4,10,5,0,0,21,0,0,4,6,4,0,0,0,0,12,0,0,0,3,0,4,0,0,0,17,0,0,6,0,5,3,0,0,0,11,0,0,0,6,6,5,6,0,0,18,0,0,0,3,0,3,4,0,0,13,0,0,0,5,0,5,6,0,0,13,7,0,0,0,0,0,4,0,0,18,21,16,24,35,51,66,59,16,7,300
10601111001,external,0,0,0,0,0,0,7,0,0,3,0,0,0,5,0,0,0,0,0,9,0,4,3,0,0,0,0,0,0,18,0,0,0,3,0,0,0,0,0,8,0,0,0,0,10,0,3,0,0,17,0,0,0,0,4,4,0,0,0,8,0,0,3,8,4,6,0,0,0,15,0,0,0,0,0,0,0,0,0,5,0,0,0,0,0,0,0,0,0,0,0,0,0,6,5,0,4,0,0,10,11,0,27,24,26,29,24,8,4,155
10601111002,external,4,0,4,7,3,5,4,8,0,31,0,0,15,4,6,9,0,0,0,31,0,0,9,3,12,8,0,3,0,35,0,0,11,13,7,5,0,0,0,35,0,0,8,10,4,3,0,0,0,25,0,0,6,4,6,4,0,0,0,26,0,0,0,13,4,4,0,0,0,26,0,0,0,0,0,0,0,0,0,0,0,0,0,0,0,0,0,0,0,0,3,0,0,4,0,11,0,5,0,25,30,19,70,75,70,77,55,34,0,428
10601111003,external,3,3,5,0,4,7,5,0,0,33,0,3,0,0,0,0,0,0,0,10,0,6,3,7,4,0,0,0,0,31,0,0,3,0,3,3,0,0,0,9,0,0,4,4,3,4,0,0,0,14,0,0,4,3,0,0,0,0,0,10,0,0,5,5,0,0,0,0,0,9,0,0,0,3,0,0,0,0,0,4,0,0,0,0,0,0,0,0,0,0,3,0,0,4,0,3,0,0,0,14,19,22,35,36,31,51,47,21,0,262
10601111004,external,0,0,0,3,0,3,0,0,0,19,0,6,0,3,0,0,0,0,0,13,0,0,11,0,0,5,0,0,0,17,0,0,0,0,0,4,5,0,0,12,0,0,3,0,5,0,0,0,0,10,0,0,0,0,0,5,0,0,0,4,0,0,4,0,0,0,0,0,0,9,0,0,0,0,0,0,0,0,0,3,0,0,0,0,0,0,0,0,0,4,7,0,3,3,0,0,0,8,13,34,25,12,38,30,18,28,17,38,38,257
10601111006,external,0,4,0,0,0,4,3,7,0,26,0,5,0,0,3,4,3,0,0,28,0,0,0,4,3,0,3,0,0,14,0,0,0,0,4,4,0,0,0,20,0,0,0,0,5,0,4,0,0,11,0,0,0,0,0,3,0,0,0,6,0,0,0,0,4,0,0,0,0,10,0,0,0,0,0,0,0,0,0,0,0,0,0,0,0,6,3,0,0,9,0,0,0,0,0,3,0,7,0,10,17,22,14,15,38,48,53,42,13,264
10601111007,external,0,7,5,13,6,11,12,0,0,42,0,4,0,11,6,8,0,0,0,40,0,0,3,0,4,7,7,0,0,22,0,0,4,7,0,3,0,5,0,24,0,0,3,0,0,0,3,0,0,9,0,0,0,0,0,4,5,0,0,6,0,0,0,7,5,3,0,0,0,20,0,0,0,0,0,5,0,0,0,5,0,0,0,0,0,3,0,0,0,5,3,0,0,7,0,4,3,8,3,29,21,18,30,61,47,74,89,55,28,421
10601111008,external,0,0,0,0,3,5,0,6,0,13,0,0,3,0,0,7,0,0,0,14,0,0,0,0,3,8,3,0,0,17,0,0,0,0,0,0,3,0,0,5,0,0,0,0,0,0,0,0,0,4,0,0,0,0,0,0,0,0,0,8,0,0,0,0,0,0,0,0,0,0,0,0,0,0,0,0,0,0,0,0,0,0,0,0,0,0,0,0,0,0,0,3,0,0,0,0,0,5,0,14,12,12,14,14,29,47,31,22,5,183
10601111009,external,5,0,7,4,7,0,6,0,0,28,0,0,5,7,0,6,4,3,0,31,0,4,3,0,9,12,4,0,0,25,0,0,3,4,4,3,0,0,0,21,0,0,3,0,3,4,0,0,0,9,0,0,3,0,0,4,0,0,0,6,0,0,0,3,4,0,0,0,0,9,0,0,0,0,0,0,0,0,0,0,0,0,0,0,0,3,0,0,0,3,0,0,0,0,4,0,0,3,0,5,19,18,32,30,45,52,43,47,6,287
10601111010,external,0,0,7,6,5,10,7,0,0,29,0,0,5,5,3,6,6,0,0,13,0,0,3,0,0,0,3,0,0,12,0,0,6,0,0,0,0,0,0,10,0,0,0,3,0,0,4,0,0,14,0,0,0,0,0,0,0,0,0,3,0,0,0,0,0,0,0,0,0,0,0,0,0,0,0,0,0,0,0,0,0,0,0,0,0,0,0,0,0,3,0,0,4,0,0,0,5,3,0,15,15,8,33,15,23,38,40,30,5,201
10601111011,external,0,5,6,7,3,3,3,0,0,32,0,0,3,5,8,8,11,0,0,36,4,4,8,6,14,9,9,0,0,47,0,0,0,4,11,4,0,0,0,27,0,0,5,7,4,9,0,0,0,29,0,0,5,3,3,4,0,0,0,27,0,0,3,19,14,8,0,0,0,54,0,0,0,3,0,0,0,0,0,7,0,0,0,5,0,4,0,0,0,15,0,0,0,11,9,3,4,0,0,35,39,27,46,104,93,75,70,36,5,497
10601111012,external,0,7,0,4,6,0,4,0,0,22,0,0,4,9,0,8,0,0,0,17,0,0,0,5,7,0,0,0,0,23,0,0,3,3,5,3,0,0,0,16,0,0,3,4,4,0,3,0,0,13,0,0,0,3,3,5,0,0,0,6,0,0,0,6,0,0,0,0,0,16,0,0,0,0,0,3,0,0,0,9,0,0,0,0,0,7,0,4,0,9,9,0,11,3,14,0,0,0,0,38,18,22,27,55,52,57,33,17,4,282
10601111013,external,0,0,0,0,0,6,0,0,0,7,0,0,0,4,4,4,5,0,0,28,0,3,3,5,5,6,3,0,0,32,0,0,0,3,9,0,0,0,0,18,0,0,0,0,6,8,3,0,0,16,0,0,0,0,3,3,0,0,0,6,0,0,5,4,6,3,0,0,0,19,0,0,0,0,7,0,0,0,0,7,0,0,0,4,7,0,0,0,0,11,0,0,0,11,0,3,4,0,0,23,15,16,16,48,49,56,51,15,3,266
10601111014,external,0,0,3,8,5,0,6,0,0,15,0,0,9,0,9,3,3,0,0,22,0,0,3,5,6,8,5,0,0,19,0,0,0,4,3,7,0,0,0,19,0,0,0,3,0,0,0,0,0,9,0,0,0,0,0,3,0,0,0,8,0,0,0,12,0,4,0,0,0,18,0,0,0,3,0,0,0,0,0,6,0,0,0,3,0,4,4,0,0,12,0,0,0,0,0,4,3,4,0,13,11,3,29,42,34,51,35,26,5,240
10601111015,external,0,0,0,3,9,3,4,4,0,22,3,0,0,0,4,5,3,3,0,19,0,0,0,0,6,3,6,5,0,16,0,0,0,4,0,0,0,0,0,11,0,0,0,0,0,5,0,0,0,8,0,0,0,0,3,0,0,0,0,5,0,0,0,0,0,0,0,0,0,5,0,0,0,0,0,3,0,0,0,3,0,0,0,0,3,3,0,0,0,12,0,0,0,3,3,0,0,0,0,9,16,4,7,22,30,47,39,22,4,195
10601111016,external,0,0,0,0,5,4,5,0,0,19,0,5,4,0,4,10,4,0,0,21,0,0,0,5,4,5,3,0,0,19,0,0,3,0,5,0,0,0,0,10,0,0,0,0,0,8,9,0,0,17,0,0,0,5,4,0,4,0,0,7,0,0,0,3,0,0,0,0,0,5,0,0,0,0,0,0,0,0,0,0,0,0,0,0,5,0,0,0,0,3,0,0,0,0,0,0,3,0,0,5,17,6,13,26,30,59,47,16,7,219
10601111017,external,0,0,0,0,6,4,0,0,0,14,0,0,0,4,8,4,5,0,0,15,0,3,0,4,3,7,6,0,0,26,0,0,0,5,5,3,0,4,0,21,0,0,0,0,0,0,0,0,0,3,0,0,0,0,3,0,0,0,0,5,0,0,0,3,3,4,0,0,0,16,0,0,0,0,0,0,0,0,0,3,0,0,0,0,0,0,0,0,0,3,0,0,0,0,7,4,0,0,0,13,9,15,12,18,35,47,37,22,6,205
10601111018,external,0,0,0,0,0,0,3,0,0,10,0,0,0,0,0,7,0,5,0,16,0,3,0,0,7,6,0,0,0,20,0,0,5,0,0,5,0,0,0,10,0,0,0,4,0,3,7,0,0,20,0,0,0,0,5,4,0,0,0,7,0,0,0,7,3,0,3,0,0,15,0,0,0,0,3,0,0,0,0,4,0,0,0,5,0,0,0,0,0,7,0,0,0,0,0,5,0,0,0,9,12,10,11,23,33,57,44,20,7,213
10601111019,external,4,0,0,9,4,0,0,3,0,22,0,0,0,4,6,9,7,0,0,20,0,0,7,0,0,3,8,0,0,17,0,0,0,0,9,4,0,0,0,16,0,0,4,3,0,7,6,3,0,15,0,0,0,0,0,0,0,0,0,5,0,0,4,0,5,7,5,0,0,18,0,0,0,0,0,0,0,0,0,5,0,0,0,0,3,4,0,0,0,11,0,0,0,0,3,5,0,0,0,18,16,9,22,27,43,59,60,16,3,253
10601111020,external,0,9,3,0,5,0,0,0,0,18,0,4,5,4,6,4,8,3,0,25,0,0,6,3,9,6,0,0,0,28,0,0,0,5,9,4,0,4,0,21,0,0,0,0,10,5,0,0,0,18,0,0,0,0,8,0,0,0,0,7,0,0,5,3,8,6,0,0,0,30,0,0,0,0,0,4,0,0,0,11,0,0,0,0,3,3,0,0,0,10,0,0,0,0,0,4,5,3,3,19,21,20,33,38,70,65,44,32,4,318
10601111021,external,5,8,4,9,4,13,6,0,0,52,0,4,9,3,14,4,6,0,0,36,0,0,5,5,15,18,4,0,0,47,0,0,4,8,5,3,0,0,0,30,0,0,9,4,9,14,0,0,0,39,0,0,7,10,11,8,0,0,0,36,0,0,17,19,11,10,4,0,0,54,0,0,0,3,0,0,0,0,0,12,0,0,0,6,0,0,0,0,0,10,0,0,3,9,0,8,0,3,0,22,36,27,86,85,96,101,57,19,0,514
10601111022,external,0,0,8,4,0,0,0,0,0,8,0,0,3,9,3,3,0,0,0,16,0,0,4,4,4,0,0,0,0,16,0,0,3,7,0,4,0,0,0,22,0,0,0,5,5,6,0,0,0,11,0,0,0,0,4,0,0,0,0,6,0,0,0,5,0,0,0,0,0,10,0,0,0,0,0,0,0,0,0,4,0,0,0,0,0,0,0,0,0,3,5,0,0,4,0,8,0,3,4,22,26,8,38,43,31,47,29,20,13,252
10601111023,external,0,4,0,0,0,7,0,0,0,17,0,0,3,4,3,9,0,0,0,20,0,0,7,8,3,10,0,0,0,36,0,0,5,3,3,0,0,0,0,15,0,5,8,0,5,7,0,0,0,17,0,0,3,4,7,0,0,0,0,13,0,0,3,7,6,5,0,0,0,19,0,0,0,0,0,0,0,0,0,5,0,0,0,4,0,4,0,0,0,4,0,0,0,0,0,0,0,0,0,4,15,17,41,46,40,65,39,24,4,283
10601111024,external,0,0,4,4,0,7,3,0,0,15,0,5,4,0,7,3,5,0,0,29,0,7,10,3,6,4,0,0,0,27,0,0,5,3,0,7,0,0,0,20,0,0,7,4,6,0,0,0,0,23,0,0,0,5,3,0,0,0,0,18,0,0,6,3,11,4,0,0,0,22,0,0,0,4,5,0,0,0,0,7,0,0,0,0,3,4,0,0,0,9,4,0,0,4,0,0,0,0,0,11,24,9,50,43,62,53,43,10,0,298
10601111025,external,0,0,0,8,0,3,5,0,0,19,0,0,3,6,3,7,0,0,0,22,0,3,8,8,0,3,8,0,0,24,0,0,3,3,3,0,0,0,0,20,0,0,0,4,0,8,5,0,0,14,0,0,0,0,5,0,0,0,0,7,0,0,0,9,11,10,0,0,0,23,0,0,0,0,0,0,0,0,0,6,0,0,0,0,4,0,0,0,0,9,0,0,0,3,0,0,3,0,0,7,11,3,30,36,42,64,49,10,5,260
10601111026,external,0,0,3,3,4,5,4,5,4,25,0,0,3,3,0,5,0,3,0,22,0,5,5,3,4,4,0,0,0,23,0,0,0,0,0,6,3,0,0,16,0,5,0,0,5,3,0,0,0,15,0,0,0,3,6,0,3,0,0,13,0,0,0,5,3,6,0,0,0,21,0,0,0,0,3,0,0,0,0,4,0,0,0,0,0,0,0,0,0,0,3,4,6,5,3,5,0,0,0,25,12,25,32,37,38,52,36,17,5,253
10601111027,external,0,9,8,3,12,10,12,0,0,43,0,7,9,13,9,4,0,5,0,51,0,6,13,7,14,17,5,0,0,58,0,0,5,9,7,8,7,0,0,34,0,3,5,3,8,8,6,0,0,36,0,0,9,3,8,5,0,0,0,28,0,0,9,19,6,8,0,0,0,40,0,0,0,0,5,0,0,0,0,7,0,0,0,5,5,3,0,0,0,15,0,0,5,0,6,4,0,3,0,16,37,33,75,81,102,98,91,36,9,552
10601111028,external,5,0,3,7,0,0,6,0,0,16,0,0,3,4,8,3,4,0,0,20,0,0,0,3,3,0,0,0,0,21,0,0,0,0,3,0,0,0,0,9,0,0,0,0,4,0,0,0,0,10,0,0,0,0,0,0,0,0,0,0,0,0,0,0,0,0,0,0,0,5,0,0,0,0,0,0,0,0,0,0,0,0,0,0,0,0,0,0,0,0,0,0,0,0,0,0,0,0,0,0,11,5,13,27,29,16,29,12,0,142
10601111029,external,0,0,0,0,0,0,0,0,0,5,0,0,0,6,0,0,0,0,0,6,0,0,0,0,0,0,0,0,0,7,0,0,0,0,3,0,0,0,0,3,0,0,0,3,0,0,0,0,0,0,0,0,0,0,0,0,0,0,0,0,0,0,0,0,0,0,0,0,0,6,0,0,0,0,0,0,0,0,0,0,0,0,0,0,0,0,0,0,0,0,0,0,0,0,0,0,0,0,0,0,4,0,8,13,7,5,13,9,0,58
10601111101,core,0,3,6,5,6,4,4,3,0,38,0,5,9,7,3,11,0,0,0,34,0,3,14,12,12,3,0,0,0,42,0,3,14,8,4,3,0,0,0,26,0,0,3,0,3,3,0,0,0,17,0,0,0,3,0,4,0,0,0,9,0,0,6,6,6,4,0,0,0,20,0,0,0,0,0,0,0,0,0,6,0,0,0,0,0,0,0,0,0,0,0,0,4,0,0,0,5,3,0,15,15,28,66,56,58,54,44,33,11,358
10601111102,core,0,0,0,3,0,0,5,0,0,21,0,0,4,6,3,9,0,0,0,28,0,0,9,3,4,8,0,0,0,26,0,0,0,0,9,3,0,0,0,14,0,0,0,0,0,3,0,0,0,4,0,0,0,0,0,3,0,0,0,5,0,0,3,0,0,0,0,0,0,11,0,0,0,0,0,0,0,0,0,0,0,0,0,0,0,0,0,0,0,0,0,0,0,0,5,0,0,0,0,12,19,10,29,26,35,56,31,14,3,210
10601111103,core,0,0,0,0,4,0,0,0,0,12,0,0,4,0,3,0,0,0,0,6,0,0,0,6,0,0,0,0,0,9,0,0,4,0,0,0,0,0,0,6,0,0,0,0,0,0,0,0,0,5,0,0,0,0,0,0,0,0,0,0,0,0,0,0,0,0,0,0,0,4,0,0,0,0,0,0,0,0,0,0,0,0,0,0,0,0,0,0,0,0,4,8,10,4,4,3,0,0,0,31,17,18,30,28,31,22,17,6,0,182
10601111104,core,0,4,0,4,8,0,0,0,0,18,0,5,7,9,4,0,0,0,0,23,0,0,5,3,3,0,0,0,0,20,0,0,0,3,0,0,0,0,0,8,0,0,0,5,3,0,0,0,0,4,0,0,3,0,0,0,0,0,0,3,0,0,0,0,0,0,0,0,0,0,0,0,0,0,0,0,0,0,0,0,0,0,0,0,0,0,0,0,0,0,0,0,0,0,0,4,0,0,0,7,17,10,27,28,25,21,28,12,5,173
10601111105,core,0,0,10,4,0,4,7,0,3,35,0,4,14,3,4,6,4,0,0,47,0,4,26,7,3,10,0,0,0,58,0,0,13,3,3,4,0,0,0,15,0,0,7,0,3,3,0,0,0,13,0,0,0,3,6,3,0,0,0,12,0,0,4,5,5,0,0,0,0,14,0,0,0,0,0,0,0,0,0,0,0,0,0,0,3,0,0,0,0,3,0,0,3,0,0,0,5,0,0,13,22,23,97,34,47,47,46,15,5,337
10601111106,core,0,0,9,3,0,7,0,0,0,19,0,3,7,5,8,6,0,0,0,35,0,3,11,4,4,6,0,0,0,35,0,0,8,9,3,0,0,0,0,22,0,0,3,4,0,4,0,0,0,18,0,0,4,0,0,0,0,0,0,7,0,0,0,0,4,0,0,0,0,4,0,0,0,4,0,0,0,0,0,5,0,0,0,0,0,0,0,0,4,3,4,5,7,7,7,5,7,0,0,35,11,26,52,39,42,54,26,12,7,274
10601111107,core,0,4,3,3,5,4,0,0,0,19,0,6,3,3,0,5,0,0,0,13,0,5,3,7,4,0,5,0,0,19,0,0,6,0,3,0,0,0,0,13,0,0,0,0,5,0,0,0,0,12,0,0,6,0,0,0,0,0,0,0,0,0,0,0,0,0,0,0,0,5,0,0,0,0,0,0,0,0,0,0,0,0,0,0,0,0,0,0,0,3,4,3,0,3,0,3,0,0,0,20,19,19,39,29,31,41,21,20,3,220
10601111108,core,0,4,7,6,5,0,3,0,7,31,0,12,10,4,6,6,6,0,0,36,0,6,5,6,5,5,0,0,0,28,0,0,5,8,3,7,0,0,0,28,0,0,0,0,0,7,0,0,0,16,0,0,5,0,4,0,0,0,0,4,0,0,3,0,3,0,0,0,0,14,0,0,0,0,0,0,0,0,0,0,0,0,0,0,3,0,0,0,0,3,0,4,9,5,4,11,4,7,3,43,20,39,67,48,52,75,58,32,15,408
10601111109,core,0,0,3,0,3,4,0,4,0,20,0,3,8,0,5,5,5,0,0,23,0,5,5,5,9,3,0,0,0,25,0,0,8,5,0,4,0,0,0,13,0,0,3,4,3,0,0,0,0,9,0,0,5,0,0,0,0,0,0,8,0,0,6,3,8,4,0,0,0,18,0,0,0,0,0,0,0,0,0,0,0,0,0,0,0,0,0,0,0,0,0,0,7,0,0,0,0,0,5,13,15,21,52,22,40,32,33,19,7,252
10601111110,core,0,6,9,0,3,6,3,0,0,32,0,3,10,7,10,5,0,0,0,39,0,3,13,3,10,5,3,0,0,42,0,0,8,7,4,0,0,0,0,16,0,0,4,5,6,0,5,0,0,21,0,0,4,0,0,3,0,0,0,6,0,0,4,6,0,0,0,0,0,6,0,0,0,0,3,0,0,0,0,3,0,0,0,0,0,0,0,0,0,0,0,4,7,3,0,3,6,5,0,25,17,39,73,43,53,57,45,32,7,372
10601111111,core,0,7,11,3,7,9,0,0,0,34,0,4,7,9,4,8,0,0,0,37,0,6,9,15,6,8,0,0,0,44,0,4,4,9,0,3,0,0,0,24,0,0,11,0,3,0,0,0,0,14,0,0,3,5,6,0,0,0,0,8,0,0,7,0,4,0,0,0,0,10,0,0,0,0,0,0,0,0,0,5,0,0,0,0,0,0,0,0,0,0,4,9,3,7,4,4,5,0,7,35,37,45,86,78,58,67,56,21,3,455
10601111112,core,0,6,9,7,6,4,7,3,0,40,0,5,7,5,10,10,3,0,0,47,0,6,13,6,11,11,5,0,0,51,0,4,8,13,10,3,0,0,0,40,0,0,6,8,9,3,0,0,0,35,0,0,7,14,3,5,0,0,0,30,0,0,11,30,18,6,0,0,0,67,0,0,6,3,6,0,0,0,0,17,0,0,0,3,0,0,0,0,0,9,0,0,3,3,0,0,0,3,0,16,56,34,87,120,97,62,42,19,3,520
10601111113,core,3,3,6,5,7,8,9,0,0,43,0,12,6,6,8,5,0,0,0,30,0,3,7,4,10,4,3,0,0,36,0,0,7,6,17,0,3,0,0,33,0,0,11,10,5,5,0,0,0,25,0,0,9,3,3,0,0,0,0,13,0,0,5,3,4,7,4,0,0,20,0,0,3,0,0,0,0,0,0,3,0,0,0,0,0,0,0,0,0,4,4,0,0,3,0,0,4,3,0,23,30,36,78,54,81,64,84,31,10,467
10601111114,core,0,7,3,4,5,0,4,5,0,33,0,6,16,8,6,8,4,0,0,45,0,5,10,5,9,6,3,0,0,42,0,3,5,8,3,3,0,0,0,25,0,0,4,0,8,0,0,0,0,17,0,0,4,0,4,0,0,0,0,12,0,0,7,6,3,4,0,0,0,21,0,0,0,0,0,0,0,0,0,3,0,0,0,0,0,0,0,0,0,0,0,0,0,0,0,4,4,3,0,17,24,29,58,55,64,62,62,31,14,403
10601111115,core,3,4,10,3,5,4,6,0,0,41,0,5,19,7,10,7,4,0,0,59,0,6,13,7,12,8,4,0,0,54,0,0,9,0,13,7,0,0,0,26,0,0,0,4,0,5,0,0,0,8,0,0,6,5,5,0,0,0,0,14,0,0,4,6,7,0,0,0,0,22,0,0,0,0,0,0,0,0,0,0,0,0,0,0,0,0,0,0,0,0,0,0,0,0,0,0,7,8,0,21,45,45,79,50,84,65,79,22,3,474
10601111116,core,0,3,4,9,12,0,3,0,0,33,0,3,8,4,8,5,3,0,0,32,0,9,6,10,8,0,4,0,0,35,0,0,7,7,0,3,0,0,0,20,0,0,3,3,3,0,0,0,0,10,0,0,5,6,0,4,0,0,0,17,0,0,3,4,9,0,0,0,0,12,0,0,0,0,0,0,0,0,0,0,0,0,0,0,0,0,0,0,0,0,0,0,0,0,5,0,13,10,5,39,33,29,58,55,66,39,72,62,58,458
10601111117,core,4,3,6,6,0,0,0,0,0,13,0,0,6,3,6,10,3,0,0,30,0,0,18,10,8,5,4,0,0,38,0,0,6,3,0,6,0,0,0,15,0,0,5,0,0,8,3,0,0,20,0,0,0,4,0,0,0,0,0,12,0,0,0,3,0,0,0,0,0,8,0,0,4,4,3,0,0,0,0,10,0,0,0,0,0,0,0,0,0,0,3,0,0,6,7,5,0,0,0,20,19,9,49,44,37,45,45,13,8,274
10601111118,core,0,0,0,0,6,0,0,0,0,17,0,4,0,3,3,7,0,0,0,15,0,0,5,3,7,5,3,0,0,19,0,0,3,0,3,7,0,0,0,11,0,0,7,0,0,8,0,0,0,13,0,0,5,0,7,4,0,0,0,13,0,0,0,4,0,4,0,0,0,13,0,0,0,0,0,0,0,0,0,0,0,0,0,0,0,0,0,0,0,0,0,0,0,0,0,0,0,0,0,6,19,15,24,32,44,40,30,5,0,204
10601111121,core,0,0,0,0,3,0,5,0,0,11,0,0,5,0,10,5,0,0,0,21,0,5,6,6,13,6,0,0,0,36,0,9,3,6,8,7,0,0,0,23,0,0,3,0,0,0,0,0,0,6,0,0,0,0,0,0,0,0,0,4,0,0,0,5,6,3,0,0,0,10,0,0,0,0,0,0,0,0,0,0,0,0,0,0,0,0,0,0,0,5,0,0,0,0,3,0,6,0,0,11,21,21,36,28,42,36,44,17,3,247
10601111122,core,0,0,0,6,4,3,0,0,0,21,0,5,9,6,4,4,0,0,0,26,0,0,6,4,8,4,3,0,0,20,0,0,3,0,0,3,0,0,0,14,0,0,0,0,3,0,0,0,0,5,0,0,0,4,0,3,0,0,0,10,0,0,4,0,4,0,0,0,0,10,0,0,0,0,0,0,0,0,0,0,0,0,0,0,0,0,0,0,0,0,0,0,0,0,0,0,0,0,0,8,5,15,36,35,31,54,30,19,3,232
10601111123,core,0,4,8,0,4,8,4,0,0,32,0,4,5,12,3,10,0,0,0,40,0,0,13,0,3,7,3,0,0,29,0,3,12,0,3,0,0,0,0,14,0,0,6,5,8,0,0,0,0,22,0,0,5,5,0,7,0,0,0,15,0,0,3,0,9,3,0,0,0,15,0,0,0,0,0,0,0,0,0,3,0,0,0,0,0,0,0,0,0,3,0,0,7,4,0,0,7,0,0,19,22,27,70,37,55,81,34,23,3,348
10601111124,core,3,5,6,3,4,5,0,5,0,32,3,0,6,5,10,5,0,0,0,35,0,3,6,12,0,8,0,3,0,27,0,0,4,12,3,5,0,0,0,26,0,0,5,3,4,0,0,0,0,8,0,0,0,6,0,0,0,0,0,6,0,0,7,5,7,7,0,0,0,14,0,0,0,0,0,0,0,0,0,4,0,0,0,0,0,0,0,0,0,0,0,0,0,0,0,4,0,0,0,17,32,41,62,65,63,64,30,15,3,368
10601111125,core,0,0,3,0,3,15,4,5,4,38,0,3,10,3,6,3,0,0,0,29,0,4,0,6,8,8,3,3,0,35,0,0,0,0,0,0,0,0,0,14,0,0,0,7,3,0,0,0,0,8,0,0,0,3,0,0,0,0,0,5,0,0,0,0,0,3,0,0,0,5,0,0,0,0,0,0,0,0,0,0,0,0,0,0,0,0,0,0,0,0,0,0,0,4,0,0,10,7,3,30,15,22,39,40,47,65,87,53,11,375
10601111126,core,3,0,0,7,3,0,9,3,0,24,5,0,7,8,7,9,5,0,0,47,0,8,14,10,12,9,8,0,0,51,0,3,4,3,8,5,0,0,0,26,0,0,4,0,9,8,0,0,0,21,0,0,3,3,3,0,0,0,0,13,0,0,5,15,9,0,0,0,0,26,0,0,0,3,0,5,3,0,0,12,0,0,0,0,0,4,0,0,0,3,0,0,0,0,0,0,9,3,0,15,40,31,51,65,68,63,85,35,12,437
10601111127,core,0,3,7,5,4,6,4,3,0,33,3,6,13,3,12,0,4,3,0,37,0,0,15,4,9,6,5,0,0,38,0,0,16,11,7,3,0,0,0,39,0,0,6,5,4,0,0,0,0,17,0,0,9,0,3,0,0,0,0,15,0,0,4,3,3,6,0,0,0,18,0,0,0,0,0,0,0,0,0,0,0,0,0,0,0,0,0,0,0,4,0,0,5,6,0,3,3,0,0,28,26,25,96,57,62,61,62,33,15,431
10601111128,core,0,0,9,0,17,5,6,0,0,33,0,9,14,3,4,6,0,0,0,41,0,5,6,9,7,3,0,0,0,35,0,3,11,8,8,0,0,0,0,26,0,0,7,4,0,0,0,3,0,16,0,0,0,0,0,0,0,0,0,9,0,0,0,3,5,0,0,0,0,7,0,0,0,0,0,0,0,0,0,0,0,0,0,0,0,0,0,0,0,0,3,0,3,8,4,9,5,6,0,42,38,30,72,51,68,43,50,28,8,399
10601111129,core,0,6,6,0,3,3,9,0,0,23,0,5,17,7,9,7,8,0,0,42,0,0,8,3,3,8,8,0,0,33,0,0,11,5,0,0,0,0,0,19,0,0,3,4,4,0,0,0,0,16,0,0,0,3,4,0,0,0,0,8,0,0,6,6,4,0,0,0,0,13,0,0,0,0,0,0,0,0,0,4,0,0,0,0,0,0,0,0,0,4,6,0,4,4,0,4,0,3,3,23,20,21,73,44,50,52,38,14,10,323
10601111130,core,0,3,8,5,3,5,3,0,0,32,0,9,6,0,7,3,5,0,0,32,0,3,13,7,13,6,0,0,0,35,0,4,4,7,6,3,0,0,0,33,0,0,6,7,5,4,0,0,0,23,0,0,3,0,0,4,0,0,0,11,0,0,3,8,15,3,0,0,0,29,0,0,0,0,0,0,0,0,0,4,0,0,0,0,0,0,0,0,0,0,0,0,4,0,0,6,0,3,0,16,34,35,74,45,76,70,47,36,17,425
10601111131,core,0,0,3,0,3,5,0,3,0,29,0,0,7,0,8,4,4,0,0,22,0,3,11,3,7,3,0,0,0,35,0,0,4,3,5,3,0,0,0,20,0,4,5,7,3,0,0,0,0,17,0,0,0,0,4,3,0,0,0,8,0,0,0,5,0,0,0,0,0,8,0,0,0,0,0,0,0,0,0,0,0,0,0,0,0,0,0,0,0,5,0,0,6,9,0,4,3,0,5,16,21,31,45,42,46,45,30,16,6,292
10601111132,core,0,6,4,4,10,0,0,0,0,30,3,6,10,3,0,0,0,0,0,32,0,7,10,7,9,3,0,0,0,37,0,0,0,3,3,0,0,0,0,12,0,0,4,3,4,0,0,0,0,12,0,0,3,3,3,0,0,0,0,7,0,0,0,3,0,0,0,0,0,10,0,0,0,0,0,0,0,0,0,0,0,0,0,0,0,0,0,0,0,0,0,0,0,4,3,0,7,5,0,20,16,24,63,50,45,35,25,12,12,294
10601111133,core,0,6,5,8,4,3,0,0,0,23,0,4,11,8,8,4,0,0,0,39,0,0,12,3,4,5,0,0,0,30,0,0,0,3,0,0,0,0,0,11,0,0,3,3,3,0,0,0,0,13,0,0,0,0,0,0,0,0,0,4,0,4,0,0,4,0,0,0,0,9,0,0,0,3,0,0,3,0,0,5,0,0,0,0,0,0,0,0,0,0,3,5,8,6,9,0,3,3,0,31,25,39,65,43,48,40,43,12,5,325
10601111134,core,0,6,12,5,11,9,4,0,0,36,0,3,10,3,11,7,4,0,0,30,0,3,4,6,5,6,0,0,0,26,0,0,3,0,0,0,0,0,0,10,0,0,3,0,0,0,0,0,0,8,0,0,3,0,4,0,0,0,0,6,0,0,0,0,6,0,0,0,0,10,0,0,0,0,0,0,0,0,0,0,0,0,0,0,0,0,0,0,0,0,0,0,4,0,4,0,0,0,4,8,12,25,52,31,50,44,31,16,11,267
10601111135,core,0,4,0,4,5,3,4,0,0,20,0,0,9,5,3,3,0,0,0,23,0,3,8,4,6,5,0,0,0,20,0,0,7,9,7,6,0,0,0,24,0,0,4,0,3,0,5,0,0,13,0,0,0,0,0,0,0,0,0,0,0,0,4,3,4,0,0,0,0,12,0,0,0,0,0,0,0,0,0,0,0,0,0,0,0,0,0,0,0,5,0,3,3,0,7,3,3,0,0,18,11,14,45,39,35,41,41,10,5,241
10601111136,core,0,6,11,0,4,3,3,0,0,20,0,3,6,7,11,9,5,0,0,38,0,4,0,8,5,6,0,0,0,23,0,0,10,3,7,0,0,0,0,18,0,0,0,4,0,0,3,0,0,12,0,0,0,4,0,0,0,0,0,9,0,0,0,0,0,0,0,0,0,5,0,0,0,0,0,0,0,0,0,0,0,0,0,0,0,0,0,0,0,0,0,0,6,8,4,3,5,5,0,32,14,18,56,33,41,52,50,21,7,287
10601111137,core,0,0,0,0,0,0,0,0,0,0,0,0,0,0,0,0,0,0,0,0,0,0,0,0,0,0,0,0,0,0,0,0,0,0,0,0,0,0,0,0,0,0,0,0,0,0,0,0,0,0,0,0,0,0,0,0,0,0,0,0,0,0,0,0,0,0,0,0,0,0,0,0,0,0,0,0,0,0,0,0,0,0,0,0,0,0,0,0,0,0,0,0,0,0,0,0,0,0,0,0,0,0,0,0,0,0,0,0,0,0
10601111138,core,5,3,4,0,0,5,4,0,0,22,0,0,3,0,0,0,3,0,0,17,0,7,11,0,4,4,0,0,0,22,0,0,4,0,0,4,0,0,0,10,0,0,0,0,3,0,0,0,0,9,0,0,0,0,0,0,4,0,0,11,0,0,6,3,5,0,0,0,0,18,0,0,0,0,0,3,0,0,0,8,0,0,0,0,0,0,0,0,0,0,0,0,0,0,0,0,0,0,0,8,15,17,35,26,25,34,25,9,0,185
10601111139,core,0,0,0,0,0,0,0,0,0,0,0,0,0,0,0,0,0,0,0,0,0,0,0,0,0,0,0,0,0,0,0,0,0,0,0,0,0,0,0,0,0,0,0,0,0,0,0,0,0,0,0,0,0,0,0,0,0,0,0,0,0,0,0,5,0,0,0,0,0,5,0,0,0,0,0,0,0,0,0,0,0,0,0,0,0,0,0,0,0,0,0,0,0,0,0,0,0,0,0,0,0,0,0,5,0,0,0,0,0,5
10601111140,core,3,11,15,5,4,6,3,0,0,48,0,4,6,10,9,7,7,0,0,35,0,0,7,5,5,5,0,0,0,32,0,0,10,0,6,5,0,0,0,24,0,0,0,0,6,3,0,0,0,15,0,0,3,0,3,0,0,0,0,6,0,0,3,8,6,0,0,0,0,17,0,0,0,0,0,0,0,0,0,0,0,0,0,4,0,0,0,0,0,8,0,0,3,7,0,3,0,5,0,19,27,29,61,65,58,49,46,31,7,370
10601111141,core,0,3,10,5,0,0,5,0,0,29,0,0,7,7,3,0,0,0,0,16,0,0,0,3,4,8,0,0,0,19,0,0,6,3,0,4,0,0,0,20,0,0,0,6,8,4,0,0,0,22,0,0,0,6,6,0,0,0,0,15,0,3,5,5,9,4,0,0,0,24,0,0,0,0,0,3,0,0,0,9,0,0,0,4,0,0,0,0,0,5,3,0,0,4,9,0,7,0,0,21,37,14,34,55,42,49,41,7,0,278
10601111142,core,0,0,0,0,0,0,0,0,0,0,0,0,0,0,0,0,0,0,0,0,0,0,0,4,0,0,0,0,0,3,0,0,0,0,0,0,0,0,0,0,0,0,0,0,0,0,0,0,0,0,0,0,0,0,0,0,0,0,0,0,0,0,4,0,0,0,0,0,0,4,0,0,0,0,0,0,0,0,0,0,0,0,0,0,0,0,0,0,0,0,0,0,0,0,0,0,0,0,0,6,5,0,5,3,0,3,6,0,0,23
10601111143,core,0,3,5,3,0,4,7,0,0,18,0,6,4,3,4,0,3,0,0,17,0,0,3,4,4,0,0,0,0,21,0,0,3,3,0,4,0,0,0,12,0,0,0,3,0,0,0,0,0,8,0,0,0,4,6,0,0,0,0,5,0,0,0,0,0,0,0,0,0,3,0,0,0,0,0,0,0,0,0,4,0,0,0,0,0,0,0,0,0,0,0,0,0,0,0,4,0,0,0,10,15,20,37,26,24,41,31,11,4,210
10601111144,core,0,0,6,0,5,0,0,0,0,13,0,3,0,5,6,0,0,0,0,11,0,0,7,4,5,3,0,0,0,15,0,6,5,4,7,0,0,0,0,17,0,0,3,0,4,0,0,0,0,10,0,0,0,4,0,0,0,0,0,3,0,0,0,6,0,0,0,0,0,6,0,0,0,0,0,0,0,0,0,0,0,0,0,0,0,0,0,0,0,0,3,5,5,10,4,4,5,4,0,38,21,19,31,37,39,27,25,11,7,221
10601111146,core,0,0,0,0,0,0,0,0,0,0,0,0,0,0,0,0,0,0,0,0,0,0,0,0,0,0,0,0,0,0,0,0,0,0,0,0,0,0,0,0,0,0,0,0,0,0,0,0,0,0,0,0,0,0,0,0,0,0,0,0,0,0,0,0,0,0,0,0,0,0,0,0,0,0,0,0,0,0,0,0,0,0,0,0,0,0,0,0,0,0,0,0,0,0,0,0,0,0,0,0,0,0,0,0,0,0,0,0,0,0
10601111147,core,4,3,5,11,5,4,5,0,0,38,0,9,4,5,3,14,3,3,0,40,0,0,8,15,5,13,3,0,0,38,0,0,0,14,6,11,7,0,0,40,0,0,4,6,8,4,0,0,0,20,0,0,0,6,9,6,0,0,0,27,0,0,0,8,6,0,0,0,0,24,0,0,0,0,0,0,0,0,0,3,0,0,0,3,3,0,0,0,0,7,4,3,6,0,4,5,8,3,5,34,31,40,40,85,75,94,71,23,9,473
10601111148,core,0,4,7,5,3,3,0,0,0,21,3,5,11,10,6,4,0,0,0,45,0,4,20,3,3,0,4,0,0,41,0,5,10,7,8,0,0,0,0,33,0,0,4,7,0,0,0,0,0,22,0,4,3,8,4,0,0,0,0,24,0,0,9,17,0,0,0,0,0,27,0,0,0,0,0,0,0,0,0,6,0,0,0,3,3,0,0,0,0,5,0,0,14,0,3,3,0,3,0,24,25,29,95,73,46,51,34,15,0,364
10601111149,core,0,3,4,9,0,0,0,0,0,24,0,8,9,10,0,3,0,0,0,33,0,4,3,11,10,4,3,0,0,34,0,0,10,4,12,0,0,0,0,31,0,0,6,6,5,4,0,0,0,23,0,0,3,7,4,0,0,0,0,11,0,0,9,23,16,3,0,0,0,50,0,0,0,3,0,0,0,0,0,6,0,0,0,5,0,0,0,0,0,8,0,0,3,0,3,0,3,0,0,9,31,29,67,76,64,47,25,9,0,343
10601111150,core,0,3,6,0,0,0,0,0,0,20,0,5,19,5,6,3,0,0,0,39,0,7,22,10,4,0,0,0,0,50,0,0,14,11,5,4,0,0,0,27,0,0,17,3,3,0,0,0,0,22,0,0,7,8,0,0,0,0,0,18,0,3,17,11,4,0,0,0,0,26,0,0,0,0,0,0,0,0,0,0,0,0,0,4,0,0,0,0,0,4,0,0,3,0,0,0,4,0,0,14,18,30,125,60,25,16,20,0,0,295
10601111151,core,0,0,0,3,0,4,0,0,0,5,0,0,0,0,5,4,3,0,0,16,0,0,0,5,5,0,0,0,0,14,0,0,9,4,3,0,0,0,0,8,0,0,0,5,4,0,0,0,0,5,0,0,0,0,0,0,0,0,0,5,0,0,0,0,6,0,0,0,0,10,0,0,0,0,0,0,0,0,0,0,0,0,0,0,0,0,0,0,0,3,0,0,0,0,0,6,3,3,0,13,14,14,18,23,22,23,27,10,8,154
10601111152,core,0,3,6,4,0,0,0,0,0,21,0,4,11,7,3,8,0,0,0,29,0,0,20,10,7,0,0,0,0,33,0,0,17,12,4,0,0,0,0,30,0,0,16,17,0,0,0,0,0,33,0,0,10,3,0,0,0,0,0,14,0,0,19,11,5,0,0,0,0,27,0,0,0,0,0,0,0,0,0,4,0,0,0,0,0,0,0,0,0,0,0,3,8,0,0,0,0,0,0,15,15,20,122,65,24,20,13,3,0,288
10601111153,core,0,3,14,4,3,0,0,0,0,35,0,0,16,7,6,3,0,0,0,27,0,10,9,10,9,0,0,0,0,39,0,4,18,8,0,0,0,0,0,32,0,0,10,3,0,0,0,0,0,18,0,0,6,7,0,0,0,0,0,14,0,0,9,5,0,0,0,0,0,13,0,0,0,0,0,0,0,0,0,0,0,0,0,0,0,0,0,0,0,0,3,0,5,0,0,0,0,0,0,3,35,25,113,57,24,18,13,0,0,285
10601111154,core,0,6,13,0,0,0,0,0,0,18,0,3,12,3,0,3,0,0,0,21,0,7,18,14,6,4,0,0,0,50,0,9,23,10,5,4,0,0,0,51,0,5,13,18,0,0,0,0,0,40,0,0,8,0,4,4,0,0,0,14,0,0,11,16,3,0,0,0,0,30,0,0,0,0,0,0,0,0,0,3,0,0,0,4,0,0,0,0,0,8,0,0,4,4,0,6,0,0,0,7,20,40,132,77,26,31,5,3,0,332
10601111155,core,0,12,16,5,4,0,0,0,0,38,3,10,16,6,8,3,0,0,0,47,0,7,25,13,3,4,0,0,0,49,0,5,9,3,3,0,0,0,0,28,0,0,7,0,0,0,0,0,0,10,0,0,0,0,0,0,0,0,0,0,0,0,10,6,3,0,0,0,0,19,0,0,0,0,3,0,0,0,0,6,0,0,0,0,0,0,0,0,0,0,0,0,6,0,5,0,0,0,0,18,24,61,126,48,30,16,9,6,0,312
10601111156,core,0,8,10,0,3,0,5,0,0,20,0,5,14,5,0,0,0,0,0,32,0,4,14,10,3,4,0,0,0,38,0,4,24,7,3,0,0,0,0,48,0,5,12,5,3,0,0,0,0,25,0,0,13,7,5,5,0,0,0,19,0,0,12,3,6,0,0,0,0,21,0,0,0,0,0,0,0,0,0,3,0,0,0,0,0,0,0,0,0,0,0,5,3,0,0,0,0,0,0,19,25,52,124,54,32,22,15,0,0,332
10601111157,core,0,0,0,0,0,0,0,0,0,0,0,0,0,0,0,0,0,0,0,0,0,0,0,0,0,0,0,0,0,0,0,0,0,0,0,0,0,0,0,0,0,0,0,0,0,0,0,0,0,0,0,0,0,0,0,0,0,0,0,0,0,0,0,0,0,0,0,0,0,0,0,0,0,0,0,0,0,0,0,0,0,0,0,0,0,0,0,0,0,0,0,0,0,0,0,0,0,0,0,0,0,0,0,0,0,0,0,0,0,4
10601111158,core,4,0,10,7,3,3,7,0,0,36,3,4,10,5,10,9,0,0,0,47,0,0,18,4,3,11,3,0,0,47,0,4,5,10,9,5,0,0,0,30,0,0,5,5,3,4,0,0,0,23,0,0,7,4,5,7,0,0,0,21,0,0,4,20,13,8,0,0,0,46,0,0,4,4,5,5,0,0,0,14,0,0,0,5,0,0,0,0,0,4,0,0,0,3,6,5,3,0,0,21,38,32,82,83,77,78,39,13,4,451
10601111159,core,0,0,0,0,0,0,0,0,0,0,0,0,0,0,0,0,0,0,0,0,0,0,0,0,0,0,0,0,0,0,0,0,0,0,0,0,0,0,0,0,0,0,0,0,0,0,0,0,0,0,0,0,0,0,0,0,0,0,0,0,0,0,0,0,0,0,0,0,0,0,0,0,0,0,0,0,0,0,0,0,0,0,0,0,0,0,0,0,0,0,0,0,0,0,0,0,0,0,0,0,0,0,0,0,0,0,0,0,0,0
10601111201,external,0,4,5,4,0,8,6,0,0,22,0,4,5,0,0,0,5,0,0,8,0,3,3,0,5,3,0,0,0,17,0,0,9,0,3,0,0,0,0,17,0,0,8,0,4,0,0,0,0,14,0,0,15,0,6,4,0,0,0,25,0,0,16,8,3,4,0,0,0,31,0,0,0,5,3,3,0,0,0,10,0,0,6,0,0,3,0,0,0,5,0,0,0,0,3,5,0,3,0,10,15,19,66,28,42,42,37,8,3,259
10601111202,external,0,0,5,9,3,0,0,3,0,22,0,5,9,0,3,3,0,0,0,15,0,3,3,4,7,7,0,0,0,27,0,4,7,3,0,0,0,0,0,16,0,0,4,9,4,5,0,0,0,11,0,0,0,0,4,5,0,0,0,11,0,0,9,7,11,4,0,0,0,39,0,0,0,0,0,0,0,0,0,6,0,0,0,4,0,0,0,0,0,14,0,0,0,0,0,0,0,0,0,3,26,22,41,53,37,37,24,12,7,262
10601111203,external,0,3,3,3,4,0,10,3,4,32,5,5,6,6,8,12,0,5,0,47,0,5,15,8,10,0,0,3,0,40,0,3,5,6,6,5,5,0,0,28,0,4,3,5,3,3,0,0,0,18,0,0,6,3,8,5,0,0,0,24,0,0,10,8,15,5,0,0,0,45,0,0,0,5,4,0,0,0,0,14,0,0,4,7,3,6,0,0,0,22,0,3,0,0,4,3,0,0,0,13,33,36,75,67,82,65,42,38,18,464
10601111204,external,0,0,0,0,3,0,8,0,0,21,0,0,0,5,4,5,5,0,0,24,0,5,6,4,4,5,3,0,0,24,0,3,0,4,5,5,0,0,0,13,0,0,0,6,5,0,6,0,0,16,0,0,4,4,4,0,0,0,0,11,0,0,3,4,9,0,0,0,0,26,0,0,5,3,0,3,0,0,0,13,0,0,3,0,5,6,0,0,0,17,0,0,3,4,0,0,4,3,0,10,22,15,31,43,32,44,45,18,8,248
10601111205,external,0,0,4,0,6,3,4,8,0,23,0,4,0,0,0,0,0,0,0,19,0,0,3,7,0,0,3,0,0,24,0,0,6,0,0,4,0,0,0,15,0,0,6,3,5,0,0,0,0,15,0,0,0,0,0,0,0,0,0,7,0,0,11,9,3,0,0,0,0,21,0,0,0,0,0,0,0,0,0,12,0,0,0,0,4,0,0,0,0,6,0,0,3,0,0,0,0,0,0,3,9,17,53,26,36,34,26,25,5,228
10601111206,external,5,4,0,0,9,4,5,7,0,30,0,4,4,3,0,4,0,0,0,16,0,0,0,5,0,5,0,0,0,18,0,6,8,0,4,7,0,0,0,13,0,0,3,0,5,0,0,0,0,5,0,0,0,0,6,6,0,0,0,11,0,0,4,5,0,3,0,0,0,19,0,0,0,3,3,0,0,0,0,3,0,0,0,4,0,0,0,0,0,12,0,0,7,0,6,0,0,0,0,17,28,16,36,33,42,46,33,21,0,254
10601111207,external,0,0,0,0,3,0,0,0,0,8,0,3,6,0,0,3,0,0,0,12,0,0,0,0,4,3,4,0,0,13,0,0,0,7,0,3,0,0,0,14,0,0,3,0,5,0,0,0,0,12,0,0,0,0,0,0,0,0,0,5,0,0,6,6,4,6,0,0,0,23,0,0,0,0,0,0,0,0,0,3,0,0,0,0,0,0,0,0,0,0,0,0,3,7,3,6,12,0,0,29,17,12,37,41,33,40,43,8,4,239
10601111208,external,0,0,3,3,3,0,0,0,0,7,0,0,0,0,0,3,0,0,0,12,0,0,3,0,0,7,0,0,0,16,0,0,0,3,3,0,0,0,0,10,0,0,4,0,3,0,0,0,0,10,0,0,0,0,4,3,0,0,0,6,0,0,0,0,0,0,0,0,0,4,0,0,0,0,0,0,0,0,0,0,0,0,0,0,0,0,0,0,0,0,6,0,3,4,4,3,0,3,0,27,14,25,38,27,28,33,12,14,4,185
10601111209,external,0,3,4,4,0,3,0,0,0,28,0,4,0,6,4,4,3,0,0,29,0,3,10,7,8,11,0,0,0,41,0,0,3,5,7,0,0,0,0,20,0,0,0,0,3,3,5,0,0,12,0,0,7,5,0,8,0,0,0,15,0,4,10,6,8,6,4,0,0,36,0,0,0,0,6,3,3,0,0,9,0,0,6,0,5,0,0,0,0,11,5,3,6,4,4,0,10,4,0,35,29,32,62,52,70,53,49,38,24,410
10601111210,external,59,25,14,3,7,3,4,0,4,119,59,64,18,5,6,6,5,0,0,163,27,39,14,6,6,4,8,0,0,110,11,13,12,0,3,3,4,0,0,46,6,11,16,0,4,6,0,0,0,54,0,3,4,0,5,3,0,0,0,17,0,5,4,12,11,4,0,0,0,32,0,0,3,3,0,7,0,0,0,12,0,0,0,3,0,4,0,0,0,10,57,70,21,16,14,10,9,7,0,207,254,242,122,55,78,74,55,24,3,917
10601111211,external,0,0,3,0,6,0,0,0,0,9,0,4,0,0,8,0,0,0,0,9,0,4,0,3,0,0,0,0,0,8,0,0,4,0,3,0,0,0,0,11,0,0,3,0,0,0,0,3,0,10,0,0,0,0,0,0,0,0,0,7,0,0,0,4,5,3,0,0,0,8,0,0,0,6,0,0,0,0,0,4,0,0,0,0,0,3,0,0,0,4,0,0,0,0,3,3,0,0,0,12,10,15,11,15,26,25,21,7,5,136
10601111213,external,0,0,8,3,5,5,5,3,0,31,0,6,7,5,0,9,5,0,0,28,0,0,7,3,9,7,3,0,0,27,0,0,6,0,5,4,5,0,0,16,0,0,0,0,0,5,0,0,0,6,0,0,4,3,3,0,0,0,0,10,0,0,8,9,9,0,0,0,0,19,0,0,7,0,0,0,0,0,0,10,0,0,0,0,0,0,0,0,0,4,0,0,0,7,0,10,3,4,0,29,17,24,54,44,49,61,42,39,10,338
10601111214,external,0,7,6,0,6,4,0,5,5,32,0,0,4,6,0,3,6,0,0,16,0,0,3,4,6,3,0,0,0,17,0,0,9,3,9,5,0,0,0,26,0,0,11,6,5,0,0,0,0,27,0,6,5,3,9,3,0,0,0,21,0,0,13,7,11,7,0,0,0,46,0,0,0,0,0,4,0,0,0,8,0,0,12,7,0,4,0,0,0,19,0,0,4,0,0,4,0,4,3,21,14,14,90,49,72,57,34,21,10,364
10601111215,external,0,3,0,4,0,0,3,0,0,10,0,6,5,6,0,0,0,0,0,18,0,0,8,0,3,5,0,0,0,18,0,0,3,4,3,4,0,0,0,14,0,0,8,0,0,7,0,0,0,14,0,0,0,7,0,0,5,0,0,8,0,0,8,3,14,0,0,0,0,22,0,0,0,0,0,0,0,0,0,3,0,0,0,3,0,0,0,0,0,5,0,0,5,0,4,8,5,0,0,15,8,16,41,39,37,35,35,15,3,233
10601111216,external,0,6,0,0,0,4,3,6,0,19,0,0,3,5,3,6,0,0,0,22,0,0,9,7,5,5,0,0,0,24,0,0,3,3,6,0,0,0,0,10,0,0,0,5,4,0,5,0,0,18,0,0,5,0,0,0,0,0,0,5,0,3,0,4,3,11,0,0,0,20,0,0,3,4,0,0,0,0,0,8,0,0,0,0,0,0,0,0,0,4,0,0,0,0,4,0,3,0,0,13,18,22,43,32,38,39,18,19,3,232
10601111217,external,3,4,3,0,0,3,0,0,0,20,0,0,4,0,4,0,0,0,0,8,0,3,3,5,3,0,0,0,0,16,0,3,8,6,5,4,0,0,0,24,0,0,8,0,8,0,0,0,0,12,0,0,5,7,5,0,0,0,0,19,0,4,8,7,12,0,0,0,0,35,0,0,3,0,3,0,0,0,0,14,0,0,0,4,0,4,0,0,0,9,0,0,7,0,0,0,0,0,0,5,21,14,63,44,43,26,19,4,0,237
10601111218,external,0,0,4,5,7,4,0,0,0,19,0,0,5,0,6,6,3,3,0,20,0,0,7,0,3,3,0,0,0,20,0,0,5,0,8,0,0,0,0,16,0,0,4,5,3,8,0,0,0,11,0,0,0,0,5,0,0,0,0,8,0,0,4,9,10,0,0,0,0,24,0,0,4,6,3,0,0,0,0,10,0,0,0,0,0,3,0,0,0,4,0,0,0,0,0,4,0,4,0,16,12,21,44,32,47,35,33,27,14,259
10601111219,external,0,4,9,0,8,6,0,0,0,28,0,4,0,3,0,5,0,0,0,23,0,4,10,0,7,9,0,0,0,34,0,0,7,3,4,0,0,3,0,14,0,0,4,5,0,5,0,0,0,13,0,0,4,3,3,3,0,0,0,19,0,0,3,3,11,4,0,0,0,21,0,0,3,0,0,6,0,0,0,4,0,0,0,0,0,0,0,0,0,5,3,0,0,0,3,4,0,0,0,20,15,34,54,36,46,69,31,35,12,321
10601111220,external,0,0,0,0,0,3,3,0,0,8,0,0,0,0,0,0,0,0,0,4,0,0,0,0,3,0,0,0,0,6,0,0,0,0,0,0,0,0,0,0,0,0,3,0,0,3,0,0,0,5,0,0,0,5,0,0,0,0,0,5,0,0,0,4,0,0,0,0,0,12,0,0,0,0,4,0,0,0,0,5,0,0,0,0,0,5,0,0,0,10,0,0,0,0,0,0,0,0,0,4,8,8,15,19,14,24,11,3,5,106
10601111221,external,0,0,6,0,5,0,4,0,0,15,0,5,8,0,0,0,0,0,0,11,0,3,9,3,0,4,6,0,0,17,0,0,4,4,3,5,0,0,0,16,0,0,3,3,3,0,0,0,0,12,0,0,7,0,0,3,0,0,0,14,0,0,4,6,4,5,0,0,0,18,0,0,4,8,4,5,0,0,0,14,0,0,0,0,0,0,0,0,0,6,0,0,0,0,3,3,3,0,0,7,20,12,58,32,30,32,19,9,0,212
10601111222,external,0,0,0,7,3,0,8,3,0,17,0,9,13,7,0,0,0,0,0,30,0,0,9,0,0,3,0,0,0,17,0,0,4,5,0,0,0,0,0,10,0,0,3,5,0,0,0,0,0,11,0,0,0,0,0,0,0,0,0,4,0,0,0,4,0,4,0,0,0,9,0,0,0,0,0,0,0,0,0,7,0,0,0,0,0,0,0,0,0,0,4,5,12,7,3,4,9,0,0,45,30,18,73,52,33,49,27,10,3,297
10601111223,external,0,4,7,0,0,0,0,0,0,8,0,4,0,0,8,7,0,0,0,14,0,0,5,0,0,0,0,0,0,12,0,4,4,0,3,0,4,0,0,16,0,0,3,4,0,0,0,0,0,10,0,0,4,0,0,0,0,0,0,8,0,0,10,4,4,3,0,0,0,27,0,0,0,5,0,0,0,0,0,5,0,0,0,0,0,3,0,0,0,6,0,0,0,0,3,5,4,0,0,5,16,21,34,14,30,36,15,13,4,183
10601111224,external,0,0,0,4,5,6,0,0,0,11,0,4,3,5,0,6,0,0,0,24,0,8,4,4,3,3,5,0,0,30,0,0,0,3,3,0,0,0,0,11,0,0,0,0,4,4,3,0,0,19,0,0,0,3,8,0,0,0,0,11,0,0,4,19,22,6,0,0,0,53,0,0,0,0,8,0,0,0,0,8,0,0,0,7,5,5,0,0,0,10,0,3,5,0,6,4,4,0,0,13,34,30,26,52,73,45,29,8,0,299
10601111225,external,4,0,0,0,4,0,3,0,0,16,0,0,3,0,3,5,4,0,0,21,0,0,3,5,4,0,3,0,0,12,0,0,0,0,3,0,0,0,0,8,0,0,0,3,3,3,0,0,0,6,0,0,0,5,3,5,0,0,0,12,0,0,6,6,11,0,0,0,0,21,0,0,0,0,4,0,0,0,0,9,0,0,0,5,8,3,0,0,0,20,0,0,0,3,0,0,0,0,0,3,31,15,19,31,51,40,28,4,5,214
10601111226,external,0,0,0,9,7,3,3,0,0,23,0,5,0,0,0,4,0,8,0,15,0,0,4,9,4,3,3,0,0,21,0,4,0,4,3,0,0,0,0,15,0,0,0,7,0,4,6,0,0,13,0,0,0,3,3,5,0,0,0,9,0,0,5,10,11,7,0,0,0,33,0,0,3,8,5,0,0,0,0,12,0,0,0,4,5,3,0,0,0,15,0,0,0,0,8,0,0,0,0,10,33,9,20,56,49,42,20,9,0,243
10601111227,external,0,4,4,4,0,0,0,0,5,18,0,3,5,9,3,0,3,0,0,30,0,3,8,11,4,0,0,0,0,30,0,5,6,9,0,0,0,0,0,19,0,4,5,3,9,3,5,0,0,25,0,0,4,5,3,5,0,0,0,19,0,0,21,5,4,0,0,0,0,38,0,0,3,4,7,0,0,0,0,17,0,0,0,0,0,0,0,0,0,9,3,3,7,6,3,7,0,0,0,30,39,27,81,63,46,48,35,14,6,351
10601111228,external,0,0,8,3,0,0,10,0,0,20,0,4,5,6,3,0,0,7,0,23,0,4,4,4,3,0,3,3,0,22,0,0,0,0,4,0,6,0,0,18,0,0,4,0,8,0,0,0,0,14,0,0,6,7,0,3,0,0,0,16,0,0,12,8,9,4,0,0,0,33,0,0,6,3,0,4,0,0,0,4,0,0,0,0,0,0,0,0,0,9,0,0,0,0,0,0,0,0,0,4,16,22,58,29,42,22,26,15,0,233
10601111229,external,0,0,0,4,0,3,6,9,0,22,0,5,4,5,0,8,0,3,0,28,0,0,3,4,8,0,6,0,0,14,0,0,5,0,0,0,5,0,0,13,0,0,0,0,0,0,0,0,0,6,0,0,3,6,3,0,0,0,0,9,0,0,9,4,7,4,0,0,0,16,0,0,3,0,3,0,0,0,0,8,0,0,4,0,0,0,0,0,0,3,0,0,0,0,0,5,0,0,0,6,13,13,38,35,31,42,38,19,8,236
10601111230,external,0,5,5,7,6,0,0,6,0,24,0,0,10,8,6,4,4,0,0,31,0,0,8,6,3,4,0,0,0,20,0,0,4,3,3,7,0,0,0,19,0,0,5,0,0,3,3,0,0,13,0,0,0,0,4,4,0,0,0,9,0,0,4,4,4,4,0,0,0,18,0,0,0,0,0,0,0,0,0,4,0,0,0,0,0,0,0,0,0,0,6,4,21,7,11,4,0,0,0,53,28,26,80,53,78,49,29,24,9,372
10601111231,external,0,4,6,0,5,5,3,0,0,23,4,0,0,0,3,3,0,0,0,20,0,0,3,8,7,3,4,0,0,27,0,5,3,4,5,8,3,0,0,25,0,0,0,3,9,4,0,0,0,21,0,0,5,4,4,5,0,0,0,23,0,0,4,5,13,12,4,0,0,47,0,0,0,3,6,0,0,0,0,12,0,0,0,3,9,3,4,0,0,23,0,0,0,0,6,5,3,0,0,22,30,17,43,54,93,63,54,11,4,373
10601111232,external,0,0,0,3,0,3,0,0,0,12,0,6,3,0,7,8,4,4,0,25,0,0,3,4,9,3,0,0,0,22,0,0,4,4,4,0,0,0,0,10,0,0,0,6,0,0,0,0,0,7,0,0,0,0,0,3,4,0,0,5,0,0,3,5,6,5,0,0,0,18,0,0,5,0,7,0,0,0,0,7,0,0,0,0,0,0,0,0,0,7,0,0,0,4,3,0,5,9,7,32,17,17,28,44,34,33,26,21,29,247
10601111233,external,0,8,11,0,4,0,3,0,0,33,0,8,10,5,7,9,4,0,0,41,0,0,6,6,6,3,0,0,0,22,0,0,6,8,5,3,4,0,0,26,0,0,4,4,5,6,0,0,0,17,0,0,4,5,10,6,0,0,0,27,0,0,8,7,11,9,0,0,0,40,0,0,4,0,0,0,0,0,0,9,0,0,0,5,3,0,0,0,0,10,4,3,6,0,0,0,4,4,0,25,27,38,81,54,70,67,47,21,11,419
10601111234,external,3,7,6,0,5,0,0,0,0,32,0,10,0,0,7,3,0,0,0,20,0,3,0,5,6,0,0,0,0,22,0,0,4,3,0,9,0,0,0,19,0,0,5,6,0,5,0,0,0,18,0,0,3,0,0,0,0,0,0,6,0,0,8,5,6,6,0,0,0,21,0,0,3,0,0,0,0,0,0,3,0,0,0,0,0,0,0,0,0,5,0,0,0,3,0,0,0,0,0,8,20,26,54,32,33,48,19,4,4,244
10601111235,external,5,4,7,6,7,3,0,0,0,39,0,5,6,8,4,4,5,0,0,29,0,6,6,4,3,9,6,0,0,29,0,4,12,0,3,0,0,0,0,22,0,0,3,3,7,3,0,0,0,18,0,0,9,3,3,3,0,0,0,28,0,0,12,9,6,5,0,0,0,26,0,0,3,7,3,3,0,0,0,12,0,0,0,3,0,0,0,0,0,10,5,0,0,0,0,4,0,0,0,12,23,29,76,46,55,63,39,20,9,352
10601111237,external,0,0,0,0,6,3,0,0,0,12,0,5,5,3,3,0,0,0,0,17,0,0,3,4,5,0,3,0,0,16,0,0,0,0,0,0,0,0,0,5,0,0,10,8,0,0,0,0,0,17,0,0,5,3,8,0,0,0,0,21,0,0,11,17,12,5,0,0,0,45,0,0,0,3,0,0,0,0,0,3,0,0,0,0,3,0,0,0,0,6,3,6,8,3,6,3,6,0,0,30,20,22,59,61,44,24,17,4,3,253
10601111238,external,0,7,6,0,4,3,5,3,0,24,0,7,10,8,3,0,0,0,0,25,0,0,7,4,3,0,0,0,0,18,0,0,7,5,0,0,0,0,0,8,0,0,9,0,3,4,0,0,0,12,0,0,4,8,4,3,0,0,0,15,0,0,4,4,7,4,0,0,0,22,0,0,0,0,0,0,0,0,0,0,0,0,0,4,3,0,0,0,0,4,0,0,5,4,0,0,0,0,0,7,10,13,61,39,33,26,18,8,0,212
10601111240,external,0,0,3,0,0,0,0,3,0,15,0,0,9,3,4,3,0,0,3,19,0,0,5,4,0,0,0,3,0,17,0,0,3,3,0,0,0,0,0,9,0,0,7,0,0,0,0,0,0,6,0,0,3,6,0,0,3,0,0,9,0,0,14,9,7,0,0,0,0,24,0,0,4,0,0,0,0,0,0,7,0,0,0,6,0,3,0,0,0,8,0,4,3,5,0,0,4,10,4,28,12,10,56,39,28,23,32,40,47,295
10601111241,external,0,0,0,0,0,0,3,0,0,8,0,3,4,0,0,4,0,0,0,12,0,3,0,3,6,0,0,0,0,12,0,0,0,0,0,0,0,0,0,6,0,0,0,0,0,0,0,0,0,3,0,0,0,0,0,0,0,0,0,0,0,0,0,4,4,0,0,0,0,8,0,0,0,6,0,0,0,0,0,3,0,0,0,0,0,0,0,0,0,4,5,0,3,0,5,0,0,3,0,14,11,10,20,31,25,22,21,8,3,150
10601111242,external,0,5,4,3,3,3,0,0,0,21,0,3,5,6,8,0,4,0,3,24,0,7,4,3,7,0,3,0,0,24,0,0,11,6,3,5,0,0,0,20,0,0,0,4,3,5,0,0,0,15,0,0,0,9,4,4,0,0,0,18,0,4,13,6,6,7,0,0,0,41,0,0,0,4,7,0,0,0,0,11,0,0,3,9,0,3,0,4,0,13,0,0,4,4,5,0,6,0,0,19,35,33,61,51,58,44,37,14,9,347
10601111244,external,0,0,7,0,3,3,0,0,0,14,0,4,4,4,3,5,0,0,0,24,0,0,6,4,3,6,3,0,0,27,0,0,10,4,0,4,0,0,0,23,0,0,5,4,4,0,0,0,0,13,0,0,4,0,11,0,0,0,0,16,0,0,20,9,10,5,0,0,0,45,0,0,0,3,0,0,0,0,0,15,0,0,4,4,0,0,0,0,0,5,0,0,0,3,0,0,0,0,0,8,24,23,70,48,53,38,19,15,0,294
10601111245,external,0,3,4,0,0,0,0,0,0,8,0,3,3,4,3,0,0,0,0,8,0,0,0,5,5,0,0,0,0,8,0,3,8,4,0,0,0,0,0,20,0,0,7,4,3,0,0,0,0,17,0,3,5,6,6,0,0,0,0,14,0,0,7,9,6,5,0,0,0,31,0,0,0,3,0,0,0,0,0,8,0,0,0,3,9,0,0,0,0,7,0,0,0,0,0,0,0,0,0,0,19,18,40,38,40,16,11,4,0,172
10601111246,external,4,7,6,5,3,0,0,3,0,23,6,10,4,4,3,0,3,0,0,22,0,0,4,4,3,3,0,0,0,9,0,5,8,0,4,0,0,0,0,22,0,0,5,7,3,5,0,0,0,17,0,0,7,0,0,0,0,0,0,7,0,0,3,10,9,0,0,0,0,26,0,0,0,5,0,0,0,0,0,9,0,0,0,3,0,3,0,0,0,8,0,3,9,11,0,0,0,0,0,18,21,30,58,60,34,31,9,14,3,258
10601111247,external,0,3,0,6,7,4,0,3,0,18,0,3,3,0,5,4,3,0,0,18,0,4,6,0,4,4,0,0,0,26,0,3,3,3,3,4,0,0,0,19,0,0,4,3,0,0,0,0,0,13,0,0,3,3,0,0,0,0,0,11,0,6,13,8,3,3,0,0,0,32,0,0,0,3,3,0,0,0,0,10,0,0,0,5,0,0,0,0,0,4,0,0,0,3,0,0,0,0,0,11,27,19,47,53,36,32,22,13,0,255
10601111248,external,0,3,3,5,3,0,0,0,0,16,5,0,4,0,0,0,0,0,0,13,0,5,7,3,10,3,0,0,0,30,0,4,6,4,0,0,0,0,0,22,0,0,10,0,9,4,0,0,0,28,0,0,7,6,0,0,0,0,0,16,0,0,9,16,7,5,0,0,0,39,0,0,0,0,3,0,0,0,0,9,0,0,0,8,7,4,0,0,0,20,0,0,0,0,0,0,0,0,0,5,32,25,60,63,50,31,26,3,0,301
10601111249,external,0,3,0,0,9,0,0,0,0,20,0,0,5,3,3,3,3,0,0,23,0,0,9,0,3,5,0,0,0,22,0,0,0,3,4,0,0,0,0,12,0,0,10,0,0,0,0,3,0,14,0,0,4,0,0,0,0,0,0,8,0,0,7,9,5,0,0,0,0,27,0,0,0,0,3,0,0,0,0,0,0,0,0,4,0,0,0,0,0,7,0,0,0,0,0,0,0,0,0,6,16,12,42,38,38,33,26,9,0,203
10601111250,external,3,0,7,4,0,0,0,0,0,16,0,6,9,4,0,4,4,0,0,29,0,3,10,8,4,5,0,0,0,26,0,5,10,6,10,0,3,0,0,25,0,0,3,4,7,3,0,0,0,22,0,0,12,4,9,0,0,0,0,19,0,0,13,13,10,6,0,0,0,44,0,0,4,9,6,4,0,0,0,23,0,0,4,3,3,3,0,0,0,12,0,3,6,3,0,0,0,0,0,19,31,31,95,76,68,45,35,11,5,399
10601111251,external,0,0,6,5,4,3,3,0,0,22,4,4,6,7,7,7,0,0,0,25,0,3,7,3,6,0,0,0,0,17,0,0,3,0,7,0,0,0,0,14,0,0,11,11,0,4,0,0,0,27,0,0,17,3,0,0,0,0,0,25,0,0,22,22,10,5,0,0,0,62,0,0,8,4,3,4,0,0,0,20,0,0,7,7,0,0,0,0,0,13,0,0,0,0,7,0,0,0,0,10,32,16,100,77,60,23,25,3,0,345
10601111301,external,0,0,0,9,7,0,3,0,0,22,0,8,0,4,4,8,0,0,0,18,0,0,0,0,3,0,0,0,0,6,0,0,3,0,0,0,0,0,0,7,0,0,0,0,3,0,0,0,0,7,0,0,0,0,0,0,0,0,0,0,0,0,0,11,0,0,0,0,0,19,0,0,0,0,3,0,0,0,0,3,0,0,0,0,0,0,0,0,0,0,0,0,0,0,6,0,3,0,0,16,7,11,20,33,42,32,25,6,0,182
10601111302,external,0,0,0,3,0,3,7,6,0,23,0,0,0,0,0,3,3,0,0,16,0,4,0,0,9,3,4,0,0,27,0,0,0,5,5,7,3,4,0,17,0,0,0,10,3,0,3,4,0,14,0,0,0,0,5,8,0,0,0,11,0,0,3,11,5,7,0,0,0,31,0,0,4,3,4,0,0,0,0,11,0,0,0,3,0,3,0,0,0,15,6,0,9,5,0,0,9,3,0,36,20,16,34,61,59,62,63,21,3,338
10601111303,external,0,5,6,4,0,4,0,0,0,15,0,3,0,0,4,0,0,5,0,12,0,0,5,0,0,3,0,0,0,10,0,0,0,0,0,0,0,0,0,9,0,0,0,5,0,0,0,0,0,4,0,0,0,5,0,6,0,0,0,12,0,0,0,0,3,4,0,0,0,8,0,0,0,0,0,0,0,0,0,0,0,0,0,0,3,0,0,0,0,3,5,6,3,3,11,10,3,0,0,36,14,23,29,26,34,31,15,9,0,182
10601111304,external,0,0,0,0,3,3,0,3,0,13,0,0,0,3,6,5,3,0,0,25,0,0,6,4,5,4,0,5,0,19,0,0,4,5,9,0,3,0,0,17,0,0,0,0,0,0,6,0,0,12,0,0,0,0,6,0,0,0,0,13,0,0,4,3,7,4,5,0,0,20,0,0,0,0,4,3,0,0,0,11,0,0,0,6,0,0,0,0,0,8,10,0,5,4,20,0,7,0,0,45,23,9,34,34,73,56,55,26,4,319
10601111305,external,0,7,3,4,3,0,6,0,0,27,0,3,8,7,6,3,0,0,0,23,0,0,7,4,6,4,6,0,0,28,0,0,5,4,4,0,0,0,0,13,0,0,3,0,0,6,0,0,0,9,0,0,4,6,4,6,0,0,0,15,0,0,0,7,8,5,3,0,0,28,0,0,0,0,3,4,0,0,0,7,0,0,0,0,0,0,0,0,0,9,4,0,9,7,10,5,8,0,0,37,31,17,54,50,64,49,39,17,0,319
10601111306,external,0,5,11,4,0,4,5,0,0,26,0,0,7,3,3,3,0,0,0,16,0,0,7,3,6,8,3,0,0,24,0,0,5,0,3,5,0,0,0,9,0,0,5,4,0,5,4,0,0,20,0,0,0,0,4,0,0,0,0,10,0,0,3,5,6,11,0,0,0,27,0,0,0,3,0,0,0,0,0,6,0,0,0,0,0,0,0,0,0,4,0,4,4,0,9,7,6,8,0,30,16,6,57,33,38,57,30,20,0,262
10601111307,external,0,0,0,5,0,5,0,0,0,8,0,4,0,0,0,6,0,0,0,9,0,0,0,0,6,0,4,0,0,12,0,0,0,0,0,0,0,0,0,0,0,0,0,5,3,0,0,0,0,10,0,0,5,5,0,0,0,0,0,5,0,0,0,0,5,0,0,0,0,10,0,0,0,0,3,0,0,0,0,6,0,0,0,0,0,0,3,0,0,3,4,0,7,5,0,0,0,0,0,16,6,14,24,21,29,25,17,3,0,138
10601111308,external,0,0,0,0,3,0,0,0,0,10,0,0,7,0,0,0,0,0,0,7,0,0,3,3,0,0,0,0,0,14,0,0,0,0,4,0,0,0,0,4,0,0,3,0,0,3,0,0,0,5,0,0,0,7,0,0,0,0,0,8,0,0,3,0,0,4,0,0,0,14,0,0,0,0,0,0,0,0,0,4,0,0,0,0,0,0,0,0,0,0,5,0,4,0,3,10,0,4,0,28,11,3,25,21,18,38,6,5,0,143
10601111309,external,3,0,8,4,0,3,4,0,0,25,4,0,6,12,6,3,0,0,0,30,0,3,3,3,6,11,6,3,0,36,0,0,11,7,0,4,8,0,0,23,0,0,0,5,4,6,3,4,0,23,0,4,0,4,13,4,0,0,0,19,0,3,4,12,9,9,0,0,0,45,0,0,0,3,6,0,0,0,0,10,0,0,0,5,4,3,0,0,0,11,4,3,8,3,3,9,4,7,0,38,32,25,48,73,74,79,52,28,7,402
10601111310,external,0,0,0,0,3,0,0,0,0,12,0,0,3,0,0,6,0,0,0,14,0,0,3,4,0,3,0,0,0,11,0,0,0,6,0,0,0,0,0,13,0,0,0,4,0,4,0,0,0,8,0,0,0,0,4,0,0,0,0,10,0,0,0,0,4,0,0,0,0,13,0,0,4,0,0,0,0,0,0,4,0,0,0,3,3,0,0,0,0,5,0,0,0,0,0,0,0,0,0,10,14,7,19,17,33,42,29,5,0,176
10601111311,external,0,0,0,0,0,5,0,0,0,13,0,0,0,3,0,4,3,0,0,24,0,0,0,0,6,6,3,0,0,21,0,3,0,0,3,0,0,6,0,11,0,0,3,0,0,3,4,0,0,11,0,0,0,6,0,4,0,0,0,19,0,0,10,4,13,4,0,0,0,41,0,0,4,0,5,4,0,0,0,9,0,0,0,4,7,0,0,4,0,14,5,0,0,5,3,0,4,0,0,10,27,21,29,37,53,73,43,21,4,307
10601111312,external,0,8,9,5,0,7,3,0,0,39,0,6,4,6,4,7,8,4,0,49,0,3,0,5,5,10,0,0,0,26,0,0,6,5,6,9,5,0,0,30,0,0,6,3,0,3,0,0,0,19,0,0,3,10,8,3,0,0,0,22,0,3,14,17,10,12,3,0,0,64,0,0,0,10,8,0,0,0,0,14,0,0,4,4,6,3,0,0,0,19,0,0,8,4,12,10,9,9,0,45,41,25,70,96,76,102,57,29,3,499
10601111313,external,0,6,0,5,4,3,0,0,0,16,3,3,0,4,3,0,5,0,0,16,0,7,0,3,6,3,0,0,0,18,0,0,0,3,7,3,0,0,0,19,0,0,3,0,8,3,0,0,0,19,0,0,0,0,0,0,0,0,0,3,0,0,5,4,15,3,0,0,0,34,0,0,0,5,9,0,0,0,0,5,0,0,3,3,0,6,0,0,0,18,5,3,4,3,14,0,0,0,0,33,41,14,19,46,76,39,38,14,3,298
10601111314,external,0,4,5,3,7,5,9,0,0,26,0,4,3,0,12,5,4,0,0,29,0,0,7,7,10,4,3,0,0,27,0,5,0,5,4,10,0,0,0,28,0,4,0,3,0,7,0,0,0,23,0,0,5,3,3,7,0,0,0,17,0,0,7,10,15,13,0,0,0,55,0,0,0,0,6,5,0,0,0,11,0,0,0,7,9,0,0,0,0,18,3,0,3,3,4,9,4,0,0,26,39,30,38,70,88,85,49,15,6,424
10601111315,external,0,0,3,5,0,9,3,0,0,28,0,0,3,0,5,0,0,0,0,12,0,4,5,0,4,0,0,0,0,12,0,0,3,3,7,3,0,0,0,16,0,3,0,4,4,0,0,0,0,17,0,0,0,7,5,0,0,0,0,11,0,0,5,6,8,11,0,0,0,26,0,0,0,0,0,0,0,0,0,3,0,0,0,7,0,9,0,0,0,13,5,3,7,8,3,10,0,3,0,34,26,15,29,52,56,54,39,17,0,278
10602111401,core,0,0,3,9,5,0,0,0,0,16,0,8,8,3,0,0,0,0,0,21,0,0,4,4,0,0,0,0,0,18,0,0,4,9,0,5,0,0,0,14,0,0,9,4,0,0,0,0,0,6,0,0,0,3,5,0,3,0,0,10,0,0,0,4,0,0,0,0,0,3,0,0,0,4,0,0,0,0,0,4,0,0,0,0,0,6,0,0,0,4,0,0,0,0,0,0,0,10,4,16,20,19,48,41,34,31,30,23,3,255
10602111402,core,0,3,3,3,6,3,0,0,0,20,0,7,10,12,7,10,0,0,0,48,3,4,0,10,9,11,0,0,0,29,0,0,12,4,7,3,0,0,0,31,0,0,0,0,0,4,0,0,0,7,0,0,5,5,0,4,0,0,0,12,0,0,0,3,3,4,0,0,0,10,0,0,0,0,0,0,0,0,0,5,0,0,4,0,0,4,0,0,0,10,0,0,0,7,5,5,0,5,0,20,14,25,66,67,64,78,58,26,14,406
10602111403,core,0,6,0,0,3,9,0,0,0,19,0,4,7,0,0,0,0,0,0,14,0,5,11,5,4,4,0,0,0,26,0,0,7,0,0,4,0,0,0,18,0,0,4,5,0,0,0,0,0,8,0,0,3,0,0,3,0,0,0,7,0,0,3,3,4,0,0,0,0,12,0,0,0,0,0,0,0,0,0,0,0,0,0,0,0,0,0,0,0,0,4,0,3,0,0,0,0,0,0,15,12,12,54,20,21,20,17,12,3,182
10602111408,core,0,3,7,10,0,3,4,0,0,32,0,3,9,10,7,0,0,0,0,29,0,3,5,9,6,3,0,0,0,28,0,0,4,7,11,5,3,0,0,28,0,0,6,3,9,0,3,0,0,18,0,0,6,6,3,0,0,0,0,12,0,0,0,6,8,3,0,0,0,16,0,0,0,0,3,0,0,0,0,5,0,0,0,0,0,0,0,0,0,0,5,0,5,11,0,5,0,0,0,33,25,32,43,57,60,65,43,18,0,352
10602111409,core,0,9,3,0,6,0,3,0,0,17,0,6,7,5,3,9,0,0,0,27,0,0,7,3,5,3,0,0,0,23,0,4,5,3,3,0,0,0,0,15,0,0,0,0,3,0,0,0,0,11,0,0,0,0,0,0,0,0,0,7,0,0,0,0,3,0,0,0,0,6,0,0,0,0,0,0,0,0,0,0,0,0,0,0,0,0,0,0,0,0,0,0,7,12,9,4,7,3,0,35,9,25,45,48,45,33,34,17,0,255
10602111410,core,0,0,0,10,12,0,3,3,0,28,0,6,13,10,9,10,3,0,0,56,0,0,12,13,3,3,4,0,0,36,0,4,5,7,7,0,0,0,0,30,0,0,5,3,7,0,0,0,0,23,0,0,0,7,5,5,0,0,0,14,0,0,3,7,9,0,0,0,0,22,0,0,5,3,0,3,0,0,0,6,0,0,3,0,5,0,3,0,0,13,0,0,0,5,4,9,5,0,0,20,30,38,91,91,92,78,65,20,5,509
10602111411,core,0,0,9,5,9,0,4,0,0,17,0,0,9,0,4,6,4,0,4,22,0,0,6,0,8,5,6,0,0,28,0,0,0,3,4,0,0,0,0,12,0,0,5,0,6,0,3,0,0,10,0,0,3,0,0,0,0,0,0,5,0,0,0,0,0,0,0,0,0,5,0,0,0,0,0,0,0,0,0,0,0,0,0,0,0,0,0,0,0,4,0,0,0,5,0,4,0,8,0,27,13,11,36,39,38,37,40,38,37,302
10602111412,core,0,0,0,3,6,0,0,3,0,13,0,3,5,0,0,9,5,4,0,24,0,0,0,0,7,0,0,0,0,6,0,0,4,0,6,4,4,0,0,13,0,0,0,6,8,0,5,0,0,18,0,0,4,5,0,0,0,0,0,8,0,0,8,12,11,3,0,0,0,35,0,0,0,0,0,0,0,0,0,6,0,0,0,0,4,0,0,0,0,4,0,0,0,0,0,3,5,22,44,66,15,16,22,36,49,40,26,43,61,301
10602111415,core,5,10,0,0,5,3,0,3,0,23,3,3,5,3,8,0,4,0,0,28,0,5,5,4,5,5,0,0,0,34,0,0,0,4,7,9,0,0,0,23,0,0,0,3,12,8,3,0,0,25,0,0,3,11,9,8,0,0,0,21,0,0,10,12,21,14,3,0,0,56,0,0,0,5,7,3,0,0,0,20,0,0,4,12,21,15,0,0,0,47,0,0,0,3,0,0,0,0,0,5,64,32,40,59,122,81,41,12,6,446
10602111416,core,0,3,12,8,0,3,0,0,0,33,0,8,17,20,3,0,0,0,0,47,0,0,14,22,7,3,0,0,0,58,0,0,14,19,9,4,0,0,0,45,0,0,21,14,7,0,0,0,0,37,0,0,16,18,3,4,0,0,0,36,0,0,11,23,10,0,0,0,0,44,0,0,0,7,0,0,0,0,0,7,0,0,0,4,0,0,0,0,0,6,3,9,5,6,8,0,0,0,0,32,40,34,140,145,64,38,24,10,7,494
10602111417,core,0,8,15,6,3,0,0,0,0,35,0,17,24,7,3,4,0,0,0,59,0,19,34,20,4,0,0,0,0,80,0,8,21,8,0,0,0,0,0,52,0,11,16,3,5,0,0,0,0,35,0,0,8,12,0,0,0,0,0,20,0,0,6,11,0,0,0,0,0,15,0,0,0,0,0,0,0,0,0,0,0,0,3,0,0,0,0,0,0,3,10,3,18,9,5,0,0,0,0,44,23,100,177,90,35,20,7,4,0,467
10602111418,core,0,4,8,3,5,7,4,8,0,34,0,3,10,3,3,9,7,0,0,34,0,6,7,11,7,3,0,0,0,36,0,4,6,7,7,3,0,0,0,31,0,0,12,9,0,9,0,0,0,24,0,0,0,7,0,0,0,0,0,13,0,0,9,9,6,0,0,0,0,23,0,0,0,3,0,0,0,0,0,3,0,0,0,4,0,0,0,0,0,4,0,0,0,0,0,3,7,0,5,8,23,34,65,63,58,53,55,34,15,405
10602111419,core,0,0,0,0,0,0,0,0,0,4,0,4,6,0,0,6,0,0,0,20,0,0,7,0,3,0,0,0,0,16,0,0,3,0,3,7,0,0,0,13,0,0,0,0,3,0,0,0,0,3,0,0,0,0,0,0,0,0,0,0,0,0,0,0,3,0,0,0,0,3,0,0,0,0,0,0,0,0,0,0,0,0,0,0,0,3,0,0,0,4,0,0,3,0,0,5,0,0,0,10,5,17,34,9,20,32,6,8,4,127
10602111420,core,0,7,9,10,3,3,0,0,0,35,0,9,6,15,0,4,0,0,0,37,0,0,23,9,16,4,0,0,0,58,0,4,22,4,13,12,0,0,0,53,0,0,15,15,6,0,0,0,0,40,0,0,0,10,8,0,0,0,0,29,0,0,15,22,13,4,0,0,0,51,0,0,0,3,0,0,0,0,0,5,0,0,0,0,0,0,0,0,0,6,0,0,0,0,3,0,0,0,0,7,24,36,123,106,78,39,23,9,0,437
10602111421,core,0,9,10,4,7,9,0,0,0,38,0,8,19,16,4,3,4,0,0,48,6,5,16,17,9,3,3,0,0,49,0,7,11,22,7,0,3,0,0,52,0,6,13,10,8,4,0,0,0,32,0,0,8,11,5,3,0,0,0,33,0,0,12,21,13,4,0,0,0,50,0,0,4,0,3,5,0,0,0,10,0,0,3,0,0,0,0,0,0,10,0,0,4,0,0,0,0,0,0,4,41,37,133,118,72,50,28,9,0,495
10602111422,core,0,5,7,0,4,0,4,3,0,21,0,0,4,3,5,4,3,0,0,20,3,3,0,0,4,4,3,0,0,21,0,3,4,4,4,5,0,0,0,18,0,0,6,6,4,0,0,0,0,13,0,0,7,6,3,5,0,0,0,14,0,0,0,12,6,6,0,0,0,15,0,0,0,0,0,0,0,0,0,7,0,0,0,0,5,0,0,0,0,9,0,0,0,4,0,0,4,0,0,5,22,21,45,43,46,40,25,12,7,263
10602111423,core,0,0,3,8,0,0,0,0,0,13,0,4,10,12,0,3,0,0,0,32,0,3,17,19,11,0,0,0,0,46,0,0,17,14,6,0,0,0,0,37,0,0,8,12,5,0,0,0,0,22,0,0,11,6,0,0,0,0,0,19,0,0,14,6,7,0,0,0,0,26,0,0,5,0,0,0,0,0,0,6,0,0,4,0,0,0,0,0,0,4,0,0,3,3,0,0,0,0,0,10,16,25,108,74,30,14,7,3,0,264
10602111424,core,0,3,4,4,0,0,4,0,0,12,0,3,0,4,0,0,0,0,0,6,0,3,4,0,0,0,0,0,0,17,0,0,3,0,3,0,0,0,0,10,0,0,0,3,6,0,0,0,0,10,0,0,5,3,0,0,0,0,0,9,0,0,8,10,8,0,0,0,0,20,0,0,4,5,4,0,0,0,0,9,0,0,0,3,3,0,0,0,0,3,0,0,0,0,0,0,0,0,0,0,8,16,33,39,33,4,8,0,0,139
10602111425,core,0,7,14,8,0,4,4,0,0,35,0,4,16,6,5,0,4,0,0,37,0,4,34,12,13,3,0,0,0,72,0,4,21,20,6,0,0,0,0,52,0,0,16,15,8,0,0,0,0,38,0,0,15,11,6,3,0,0,0,34,0,0,17,8,6,0,0,0,0,35,0,0,3,3,0,0,0,0,0,7,0,0,0,0,0,0,0,0,0,0,0,3,5,0,0,0,0,0,0,8,26,35,172,100,50,32,28,4,0,444
10602111426,core,0,0,0,0,0,6,0,0,0,11,0,0,0,0,0,6,4,0,0,5,0,0,0,0,0,3,3,0,5,4,0,0,0,0,0,0,0,0,4,4,0,0,0,0,0,0,0,0,0,3,0,0,0,0,0,0,0,0,0,0,0,0,0,0,0,0,0,0,0,0,0,0,0,0,0,0,0,0,0,0,0,0,0,0,0,0,0,0,0,0,0,0,0,0,0,0,7,3,0,17,0,0,0,0,7,25,63,43,10,150
10602111601,core,3,0,3,4,0,0,6,0,0,21,0,4,4,6,7,10,3,3,0,37,0,4,6,9,7,8,10,0,0,44,0,0,6,4,9,4,6,0,0,23,0,0,11,6,3,3,4,0,0,25,0,0,0,0,6,6,4,0,0,9,0,0,4,15,19,7,0,0,0,33,0,0,0,3,6,0,0,0,0,7,0,0,0,0,7,0,0,0,0,8,0,0,4,0,0,3,0,0,0,12,39,22,42,60,77,54,67,25,6,386
10602111602,core,0,5,3,3,0,9,3,0,0,25,0,4,0,0,3,6,3,3,0,28,0,0,0,3,8,9,8,5,0,30,0,0,4,4,9,8,7,0,0,31,0,0,5,5,5,4,4,3,0,25,0,0,0,4,9,8,0,0,0,19,0,0,4,5,13,14,3,0,0,39,0,0,0,5,5,4,4,0,0,11,0,0,0,3,9,14,0,0,0,36,0,0,6,0,0,0,0,0,0,4,32,16,32,41,74,84,70,27,5,381
10602111603,core,0,0,3,4,0,0,0,0,0,19,0,0,6,7,0,0,5,3,0,25,0,0,4,3,4,0,3,4,0,23,0,0,0,0,4,0,0,0,0,5,0,0,0,3,4,0,0,0,0,16,0,0,3,3,0,0,0,0,0,6,0,0,0,3,10,3,0,0,0,25,0,0,0,0,0,0,0,0,0,4,0,0,0,0,0,0,0,0,0,7,0,0,0,0,0,0,3,6,0,10,12,6,18,40,38,25,24,30,3,208
10602111604,core,0,3,0,5,5,0,0,0,0,21,0,8,0,10,14,16,5,0,0,45,0,7,8,7,14,9,3,0,0,49,0,5,3,4,5,8,0,0,0,22,0,5,3,11,9,3,0,0,0,27,0,0,0,11,8,0,0,0,0,27,0,0,5,22,17,12,0,0,0,62,0,0,0,0,0,0,0,0,0,10,0,0,0,4,6,0,0,0,0,10,0,0,0,11,0,0,4,0,0,28,48,40,47,94,88,76,60,22,4,470
10602111605,core,0,0,0,5,0,4,3,0,0,18,0,3,4,6,3,7,3,0,0,32,0,6,0,8,0,0,3,0,0,33,0,0,13,10,8,0,0,0,0,30,0,0,8,3,3,7,3,0,0,31,0,0,9,3,8,5,0,0,0,22,0,0,13,14,14,3,0,0,0,45,0,0,0,0,0,0,0,0,0,4,0,0,0,0,6,0,0,0,0,3,0,0,0,0,3,3,4,0,0,8,30,25,59,68,53,63,44,25,5,369
10602111606,core,5,3,0,13,4,10,3,4,0,48,6,5,6,7,8,8,0,0,0,49,0,7,8,20,13,17,6,0,0,69,0,5,7,12,16,6,0,0,0,41,0,8,0,13,20,3,3,0,0,44,0,0,4,21,17,3,3,0,0,43,0,0,15,54,52,23,0,0,0,144,0,0,0,10,10,3,0,0,0,25,0,0,4,9,15,11,0,0,0,38,0,0,0,6,4,3,3,0,0,26,110,60,76,200,177,111,51,33,4,813
10602111607,core,0,0,0,4,4,0,5,0,0,16,0,0,0,0,4,4,4,0,0,18,0,0,0,0,0,0,0,0,0,5,0,0,0,3,4,5,0,0,0,10,0,0,3,0,5,0,0,0,0,9,0,0,0,0,4,0,0,0,0,12,0,0,4,5,8,5,0,0,0,12,0,0,0,0,0,0,0,0,0,0,0,0,0,0,0,0,0,0,0,0,0,0,0,0,0,3,0,3,0,10,16,7,12,21,31,24,21,16,4,160
10602111608,core,0,6,11,0,0,4,5,0,0,23,0,6,5,3,4,7,9,0,0,35,0,0,9,0,0,6,0,0,0,29,0,0,0,6,6,3,6,0,0,21,0,0,0,0,3,3,5,0,0,12,0,0,4,3,0,4,5,0,0,17,0,0,10,5,6,8,0,0,0,32,0,0,0,0,3,0,0,0,0,4,0,0,0,3,4,3,5,0,0,15,0,0,0,0,0,0,0,0,0,11,26,21,44,41,56,45,45,26,9,319
10602111609,core,0,0,6,4,7,5,6,0,0,19,0,0,0,0,4,0,3,0,0,11,0,4,3,4,4,4,7,0,0,22,0,0,4,0,0,0,8,0,0,16,0,0,4,3,5,4,0,0,0,19,0,0,0,7,5,0,0,0,0,23,0,0,6,3,9,8,0,0,0,25,0,0,5,0,5,0,0,0,0,6,0,0,0,3,4,3,0,0,0,10,0,3,6,0,3,0,0,0,0,10,22,24,29,39,61,33,34,10,4,258
10602111610,core,0,0,0,4,0,9,0,4,0,22,0,0,0,3,3,7,3,3,0,17,3,5,4,5,5,5,4,0,0,39,0,0,4,0,9,4,5,0,0,24,0,0,0,3,4,11,3,0,0,25,0,0,0,10,0,6,0,0,0,19,0,0,3,11,16,18,0,0,0,52,0,0,0,0,3,5,0,0,0,9,0,0,3,9,4,8,0,0,0,25,0,0,0,0,0,8,0,0,0,10,36,23,22,56,51,99,45,30,19,380
10602111611,core,0,0,3,0,0,4,0,0,0,17,0,3,4,0,5,0,0,0,0,15,0,3,8,3,3,3,0,0,0,26,0,0,0,0,4,5,0,0,0,15,0,0,0,4,4,0,0,0,0,10,0,0,0,0,0,0,0,0,0,4,0,0,0,3,0,3,0,0,0,11,0,0,0,0,0,0,0,0,0,3,0,0,0,0,0,0,0,0,0,0,0,0,0,0,0,0,0,0,0,0,18,9,26,31,30,25,25,15,0,184
10602111612,core,0,9,13,6,14,9,5,3,5,63,5,13,8,17,0,8,3,0,0,56,0,9,15,11,11,14,9,3,0,65,0,4,8,15,8,3,0,0,0,39,0,0,17,8,16,4,0,0,0,48,0,5,4,17,18,9,0,0,0,45,0,0,16,31,30,6,5,0,0,90,0,0,4,10,0,6,0,0,0,13,0,0,8,3,7,4,0,0,0,20,0,0,0,3,6,4,0,0,4,23,66,48,98,142,127,81,82,44,53,752
10602111613,core,3,7,12,3,0,0,0,4,0,38,0,3,6,6,5,9,4,0,0,40,0,3,12,12,10,6,8,0,0,42,0,0,12,7,4,6,9,0,0,44,0,4,12,10,8,8,4,0,0,35,0,4,4,7,0,7,0,0,0,29,0,0,16,19,20,11,0,0,0,67,0,0,0,3,8,0,0,0,0,16,0,0,6,6,3,0,0,0,0,17,4,0,4,6,3,8,0,0,0,31,50,31,105,98,65,82,60,29,4,520
10602111614,core,0,0,4,5,3,7,6,0,0,22,0,4,0,0,7,7,6,5,0,22,0,0,4,7,0,6,0,0,0,34,0,0,3,8,3,12,4,0,0,28,0,0,0,3,9,5,5,0,0,27,0,0,5,9,4,0,0,0,0,17,0,0,4,4,17,14,10,0,0,46,0,0,0,4,4,0,0,0,0,10,0,0,4,6,10,8,8,0,0,35,4,0,0,0,7,0,0,0,0,16,37,16,32,54,79,84,80,47,9,429
10602111615,core,0,0,3,5,0,8,7,0,0,31,0,8,5,6,7,7,4,3,0,36,0,9,7,6,5,9,6,0,0,39,0,0,4,0,4,8,0,0,0,15,0,5,7,3,5,0,0,0,0,26,0,0,4,5,5,0,0,0,0,15,0,0,3,8,5,4,6,0,0,27,0,0,0,0,0,5,0,0,0,11,0,0,0,3,3,0,0,0,0,13,4,0,0,3,4,5,3,5,3,31,35,20,51,60,66,81,65,37,11,431
10602111617,core,0,0,4,4,0,4,3,0,0,31,0,8,0,4,7,5,3,0,0,33,0,0,0,4,4,7,6,0,0,27,0,0,0,0,6,7,3,0,0,17,0,0,6,6,4,3,0,0,0,22,0,0,5,8,0,0,0,0,0,24,0,0,11,22,9,10,0,0,0,53,0,0,4,3,0,5,0,0,0,9,0,0,0,4,8,4,0,0,0,19,3,8,3,5,3,4,0,0,0,29,56,34,49,80,57,83,47,14,6,417
10602111618,core,0,0,4,0,4,0,0,3,3,14,0,5,8,9,3,0,5,0,0,25,0,3,10,5,3,0,3,0,0,34,0,0,11,8,3,0,4,0,0,34,0,0,13,9,5,4,0,0,0,26,0,0,7,9,3,6,0,0,0,24,0,0,25,14,6,0,0,0,0,50,0,0,3,5,3,0,0,0,0,8,0,0,0,0,3,0,0,0,0,3,0,0,3,0,0,3,0,0,0,13,29,20,96,72,39,20,18,9,3,306
10602161401,core,0,7,9,3,3,9,6,0,0,29,0,0,4,4,3,5,0,0,0,21,0,0,4,0,0,5,0,0,0,20,0,0,0,0,0,0,0,0,0,6,0,0,0,0,0,0,0,0,0,4,0,0,0,0,0,0,0,0,0,0,0,0,0,0,0,0,0,0,0,4,0,0,0,0,0,0,0,0,0,0,0,0,0,0,0,0,0,0,0,0,4,5,17,3,0,4,0,0,0,44,22,32,60,34,41,46,31,11,0,270
10602161402,core,0,4,5,0,0,0,0,0,0,12,0,4,0,3,10,0,0,0,0,20,0,0,0,3,3,8,0,0,0,20,0,4,4,3,3,0,0,0,0,17,0,0,0,10,10,4,0,0,0,19,0,0,0,4,4,4,3,0,0,16,0,0,0,13,12,6,0,0,0,33,0,0,0,0,0,0,0,0,0,5,0,0,0,5,3,0,0,0,0,9,0,0,0,0,0,0,0,0,0,0,34,19,21,58,50,33,16,13,0,243
10602161403,core,0,5,13,3,0,5,6,3,0,29,0,3,9,0,6,0,0,0,0,21,0,0,3,3,3,0,0,0,0,20,0,6,5,0,0,0,0,0,0,11,0,0,3,0,0,0,0,0,0,3,0,0,0,3,0,0,0,0,0,11,0,0,0,0,3,4,0,0,0,8,0,0,0,0,3,0,0,0,0,5,0,0,0,0,0,0,0,0,0,0,10,6,11,9,3,8,4,0,0,58,32,38,81,48,54,45,39,24,6,357
10602161404,core,0,0,4,0,0,5,5,0,0,15,0,4,4,0,4,6,0,0,0,17,0,3,0,3,0,0,0,0,0,11,0,0,5,5,4,3,0,0,0,17,0,0,0,0,0,4,0,0,0,9,0,0,0,0,3,0,0,0,0,5,0,0,0,4,3,3,0,0,0,7,0,0,0,0,0,0,0,0,0,4,0,0,0,4,0,0,0,0,0,0,0,0,0,0,0,0,0,0,0,7,14,17,22,21,28,24,23,14,0,165
10602161405,core,0,3,5,6,0,3,0,0,0,22,0,8,13,8,12,9,3,9,0,46,0,6,14,9,4,6,0,0,0,42,0,3,11,5,3,0,0,0,0,20,0,0,12,5,14,3,0,0,0,31,0,0,3,5,3,0,0,0,0,16,0,0,6,6,4,3,0,0,0,20,0,0,0,0,0,0,0,0,0,0,0,0,0,0,0,0,0,0,0,0,0,3,0,7,8,0,14,4,9,45,19,40,79,50,73,64,68,49,28,458
10602161406,core,0,4,6,0,7,9,0,0,0,23,0,5,6,3,7,4,4,0,0,23,0,0,10,6,10,4,0,0,0,38,0,0,9,5,4,3,0,0,0,24,0,0,4,0,10,7,0,0,0,24,0,0,3,0,9,6,0,0,0,18,0,0,5,12,27,9,5,0,0,54,0,0,0,8,11,0,0,0,0,17,0,0,0,0,3,6,0,0,0,9,0,0,12,0,4,0,0,0,0,18,50,31,65,46,99,48,22,8,0,382
10602161407,core,0,5,0,4,0,0,4,0,0,22,6,0,5,0,4,9,3,4,0,34,0,0,7,3,4,4,0,0,0,21,0,0,4,4,8,0,0,0,0,20,0,0,0,3,3,7,0,0,0,17,0,0,8,8,7,4,0,0,0,28,0,0,3,6,14,4,0,0,0,26,0,0,0,0,3,0,0,0,0,5,0,0,4,0,0,0,3,0,0,6,0,0,11,3,0,5,4,0,0,21,27,16,56,47,45,44,53,20,15,323
10602161408,core,3,0,8,4,5,7,8,6,0,37,0,0,13,7,9,5,11,5,0,46,0,5,18,12,13,10,0,0,0,49,0,0,7,5,11,4,0,0,0,28,0,3,6,5,4,4,3,0,0,29,0,0,4,7,5,3,0,0,0,20,0,0,4,11,8,9,0,0,0,33,0,0,0,0,0,0,0,0,0,0,0,0,0,0,4,0,0,0,0,3,0,0,4,0,0,4,7,4,0,21,32,25,84,69,77,90,73,45,14,500
10602161409,core,5,3,4,3,6,3,6,0,0,27,0,5,14,5,15,13,3,0,0,49,0,4,20,11,15,4,0,0,0,55,0,0,12,3,5,9,0,0,0,24,0,3,7,7,6,0,0,0,0,21,0,0,5,9,0,0,0,0,0,10,0,0,3,3,7,5,0,0,0,19,0,0,0,0,0,3,0,0,0,3,0,0,0,3,0,0,0,0,0,0,0,4,0,3,5,0,0,0,0,14,40,22,72,60,73,61,27,12,0,375
10602161410,core,3,5,6,5,0,3,0,0,0,13,5,4,8,5,15,9,0,0,0,35,0,0,8,5,3,6,0,0,0,33,0,0,5,5,7,7,0,0,0,21,0,0,9,6,0,10,4,0,0,26,0,0,3,9,3,0,0,0,0,12,0,0,0,4,3,3,0,0,0,12,0,0,0,0,0,0,0,0,0,6,0,0,0,0,0,0,0,0,0,0,0,4,0,0,0,3,0,0,0,11,29,19,56,49,47,74,32,7,0,310
10602161411,core,4,0,0,4,3,0,0,3,0,25,0,0,0,4,8,4,3,0,0,21,0,3,3,3,15,0,5,0,0,25,0,0,0,0,5,3,0,0,0,17,0,0,3,3,15,3,0,0,0,22,0,0,0,8,6,0,0,0,0,17,0,0,3,12,16,4,0,0,0,41,0,0,0,5,3,4,0,0,0,16,0,0,0,0,3,6,0,0,0,9,0,0,0,0,0,0,7,0,0,7,42,33,13,43,86,43,58,18,4,343
10602161412,core,0,5,0,6,0,4,4,0,3,25,0,0,7,7,5,4,6,0,0,36,0,0,10,8,10,4,3,3,0,38,0,3,10,10,6,4,4,0,0,28,0,0,6,10,0,7,0,0,0,23,0,0,8,3,5,0,0,0,0,24,0,0,3,17,6,4,4,0,0,32,0,0,0,0,0,0,0,0,0,0,0,0,0,0,0,0,0,0,0,0,3,6,4,0,8,6,8,3,0,41,22,30,58,88,47,63,65,26,11,406
10602161413,core,0,3,0,3,0,0,5,0,0,20,0,0,3,0,4,0,4,0,0,14,0,0,6,4,5,0,5,0,0,15,0,0,4,4,0,6,0,0,0,11,0,0,3,4,3,4,0,0,0,12,0,0,0,0,3,3,0,0,0,8,0,0,5,0,0,4,0,0,0,8,0,0,0,0,4,0,0,0,0,4,0,0,0,3,0,0,0,0,0,8,0,0,0,3,4,0,3,0,4,15,9,13,26,28,33,31,41,28,9,209
10602161414,core,0,0,0,0,3,9,10,6,0,27,0,0,8,7,12,0,0,0,0,25,0,0,6,7,0,4,0,4,0,20,0,3,9,0,6,4,0,0,0,24,0,0,0,4,5,0,0,0,0,16,0,0,0,6,0,0,0,0,0,10,0,0,3,6,3,0,0,0,0,26,0,0,0,0,0,0,0,0,0,0,0,0,0,0,0,0,0,0,0,0,0,0,0,0,0,5,0,0,0,11,16,23,35,49,39,50,39,44,11,310
10602161415,core,0,8,10,4,0,5,7,0,0,32,0,5,8,9,7,5,4,0,0,35,0,4,16,7,11,8,0,0,0,39,0,3,3,9,8,5,0,0,0,32,0,0,8,7,11,6,0,0,0,31,0,0,0,5,4,0,0,0,0,11,0,0,4,10,0,3,0,0,0,21,0,0,0,0,0,0,0,0,0,4,0,0,0,4,0,3,0,0,0,3,3,0,0,6,3,0,0,0,0,12,23,27,66,77,62,56,36,9,9,371
10602161416,core,0,3,9,0,4,0,3,0,0,18,0,3,8,0,3,6,3,0,0,23,0,5,5,10,6,4,0,0,0,24,0,0,5,4,3,5,3,0,0,22,0,0,0,3,4,0,0,0,0,11,0,0,0,0,0,0,0,0,0,5,0,0,0,8,0,0,0,0,0,9,0,0,0,0,0,0,0,0,0,0,0,0,0,0,0,0,0,0,0,5,0,4,0,0,3,0,0,0,5,12,20,33,37,30,39,24,47,9,5,236
10602161417,core,0,0,10,5,3,3,3,0,0,19,0,0,11,9,0,10,0,0,0,29,0,8,14,13,10,9,0,0,0,56,0,0,9,3,4,3,5,0,0,24,0,0,0,4,0,10,0,0,0,16,0,0,3,3,3,4,0,0,0,21,0,0,4,6,5,3,0,0,0,12,0,0,0,0,0,0,0,0,0,0,0,0,0,0,0,0,0,0,0,3,0,0,10,4,6,10,0,0,0,29,21,28,63,54,35,73,29,15,9,335
10602161418,core,0,0,5,0,3,6,7,7,0,28,0,0,0,3,3,3,0,0,0,17,0,4,3,0,6,7,3,0,0,31,0,0,6,3,4,5,0,0,0,14,0,0,0,3,10,0,0,0,0,17,0,0,0,8,5,9,3,0,0,25,0,0,5,13,15,8,4,0,0,45,0,0,0,0,0,3,6,0,0,15,0,0,0,5,9,6,3,0,0,26,0,0,0,0,0,0,3,0,0,7,37,15,30,52,62,66,61,15,5,345
10602161419,core,0,3,10,3,3,0,5,0,0,29,0,0,9,8,7,5,6,0,0,35,0,0,17,12,4,0,0,3,0,38,0,4,14,14,6,5,0,0,0,39,0,0,9,8,0,4,0,0,0,23,0,0,7,5,4,0,0,0,0,17,0,0,7,22,3,7,0,0,0,38,0,0,0,3,0,0,0,0,0,9,0,0,0,0,0,0,0,0,0,5,6,0,6,13,5,3,8,4,0,35,59,27,90,109,47,34,46,15,5,433
10602161420,core,0,0,0,0,6,3,3,0,0,16,0,7,3,4,7,12,5,0,0,27,0,5,11,4,4,6,4,0,0,30,0,0,0,0,7,10,0,0,0,16,0,0,4,9,5,0,4,0,0,21,0,0,10,4,7,5,0,0,0,23,0,0,5,3,12,8,0,0,0,27,0,0,0,0,0,3,5,0,0,7,0,0,0,0,6,4,0,0,0,5,0,0,0,0,0,0,0,0,4,9,23,24,41,29,52,69,49,23,6,310
10602161421,core,5,0,0,0,4,4,0,0,0,11,0,5,4,6,0,0,0,0,0,19,0,0,0,7,0,5,0,0,0,18,0,0,5,5,5,0,0,0,0,14,0,0,0,13,0,0,5,0,0,13,0,0,0,6,5,0,0,0,0,11,0,0,8,9,13,0,4,0,0,32,0,0,0,4,6,0,0,0,0,9,0,0,0,9,3,4,0,0,0,18,0,0,0,4,0,0,0,0,0,4,30,9,25,70,39,24,15,0,0,213
10602161422,core,0,0,0,0,0,0,0,0,0,0,0,0,0,0,0,0,0,0,0,0,0,0,0,0,0,0,0,0,0,0,0,0,0,0,0,0,0,0,0,0,0,0,0,0,0,0,0,0,0,0,0,0,0,0,0,0,0,0,0,0,0,0,0,0,0,0,0,0,0,0,0,0,0,0,0,0,0,0,0,0,0,0,0,0,0,0,0,0,0,0,0,0,0,0,0,0,0,0,0,0,0,0,0,0,0,3,0,0,0,9
10602161423,core,0,8,0,0,0,4,0,0,0,22,0,4,7,7,6,5,3,0,0,27,0,4,8,7,5,4,3,0,0,26,0,0,3,3,3,0,0,0,0,18,0,0,0,11,6,3,0,0,0,20,0,0,3,9,5,3,0,0,0,13,0,0,3,4,4,3,0,0,0,15,0,0,0,0,0,0,0,0,0,0,0,0,0,0,0,0,0,0,0,0,0,6,0,5,0,5,3,0,0,19,21,28,44,43,32,42,17,7,0,234
10602161424,core,0,0,0,0,0,0,0,0,0,0,0,0,0,0,0,0,0,0,0,0,0,0,0,3,0,0,0,0,0,3,0,0,0,0,0,0,0,0,0,0,0,0,0,0,0,0,0,0,0,5,0,0,0,0,0,0,0,0,0,0,0,0,0,0,0,0,0,0,0,0,0,0,0,0,0,0,0,0,0,0,0,0,0,0,0,0,0,0,0,0,0,0,0,0,0,0,0,0,0,0,5,0,5,5,0,0,3,0,0,21
10602161425,core,3,0,3,0,0,0,3,0,0,19,0,0,4,7,0,0,3,0,0,28,0,0,8,3,4,3,8,0,0,25,0,0,9,3,3,4,3,0,0,20,0,0,4,7,4,3,0,0,0,18,0,0,0,5,0,0,0,0,0,6,0,0,4,0,4,5,0,4,0,11,0,0,0,0,0,0,0,0,0,0,0,0,0,0,0,0,0,0,0,3,0,0,4,0,0,0,4,0,0,12,13,8,45,30,29,37,56,21,7,242
10602161426,core,0,0,5,0,0,6,3,0,0,20,0,3,5,6,4,3,0,0,0,19,0,0,0,0,5,3,0,0,0,19,0,0,3,4,0,0,0,0,0,8,0,0,5,0,9,0,0,0,0,12,0,0,3,0,0,0,0,0,0,0,0,0,3,3,0,0,0,0,0,6,0,0,0,0,0,0,0,0,0,0,0,0,0,0,0,0,0,0,0,0,0,0,9,6,0,8,0,3,6,27,15,21,37,24,39,37,37,31,7,249
10602161427,core,4,9,9,7,9,5,0,0,0,43,0,7,17,8,8,10,0,0,0,44,0,0,18,11,6,12,4,0,0,46,0,6,17,9,13,3,0,0,0,44,0,0,3,14,6,3,0,0,0,27,0,0,3,6,6,3,0,0,0,19,0,0,6,5,9,3,3,0,0,24,0,0,0,0,0,0,0,0,0,4,0,0,0,0,0,0,0,0,0,3,0,0,7,0,4,4,5,0,0,13,28,39,98,91,64,77,32,16,3,446
10602161428,core,0,0,0,6,3,0,0,0,0,22,0,9,0,5,0,0,0,0,0,13,0,5,0,3,3,0,0,0,0,14,0,5,7,4,0,0,0,0,0,18,0,0,0,3,6,0,0,0,0,21,0,4,0,5,5,0,0,0,0,21,0,0,4,4,6,3,0,0,0,16,0,0,0,0,0,0,0,0,0,6,0,0,0,0,4,0,0,0,0,4,3,0,0,0,4,0,0,0,0,4,29,23,34,46,48,13,11,16,0,212
10602161429,core,0,3,0,5,0,5,4,5,0,24,0,4,7,3,5,9,3,0,0,30,0,7,5,4,11,8,4,0,0,46,0,0,9,10,10,11,5,0,0,43,0,0,3,7,11,4,4,0,0,29,0,0,0,7,3,7,0,0,0,20,0,0,8,13,17,17,0,0,0,48,0,0,5,0,3,0,0,0,0,8,0,0,5,5,10,3,0,0,0,22,0,0,0,0,0,0,5,0,0,4,49,27,60,76,85,89,83,24,6,506
10602161430,core,0,0,0,0,3,0,0,0,0,8,0,8,0,3,0,5,0,0,0,15,0,0,3,0,4,0,0,0,0,16,0,4,4,0,7,5,0,0,0,18,0,0,6,6,6,0,0,0,0,15,0,0,0,3,0,0,0,0,0,9,0,0,0,0,9,0,0,0,0,15,0,0,0,0,4,0,0,0,0,4,0,0,0,0,0,0,0,0,0,0,0,0,0,0,6,4,0,0,3,9,23,16,23,28,43,17,14,8,5,184
10602161431,core,0,0,0,8,3,4,7,4,0,19,0,4,3,8,6,3,6,0,0,24,0,0,6,0,4,3,0,0,0,20,0,0,6,0,3,3,0,0,0,18,0,0,0,8,8,0,0,0,0,15,0,0,3,7,10,5,0,0,0,22,0,0,5,8,8,5,0,0,0,28,0,0,0,0,0,0,0,0,0,0,0,0,0,0,0,6,0,0,0,3,0,0,0,0,0,0,0,0,0,3,30,17,35,34,40,52,45,35,9,290
10602161432,core,0,5,10,3,4,3,5,3,0,30,0,4,13,9,3,3,4,0,0,29,0,5,13,5,5,10,4,0,0,49,0,0,3,5,5,6,4,0,0,22,0,0,0,11,4,0,0,0,0,16,0,0,3,7,0,4,0,0,0,15,0,0,0,4,0,4,0,0,0,9,0,0,0,0,0,3,0,0,0,4,0,0,0,0,0,0,0,0,0,0,0,0,7,0,0,0,8,4,0,17,22,41,75,48,43,36,61,24,11,354
10602161433,core,3,8,6,8,6,0,0,0,0,30,0,7,9,10,7,8,6,3,0,41,0,6,9,13,7,8,3,0,0,41,0,4,7,9,7,4,0,0,0,28,0,0,8,0,4,3,0,0,0,26,0,0,0,3,4,3,0,0,0,11,0,0,3,9,4,0,0,0,0,20,0,0,0,0,0,0,0,0,0,0,0,0,0,0,6,0,0,0,0,5,0,0,4,0,3,0,0,0,0,9,37,35,64,58,53,47,34,18,6,341
10602161434,core,0,0,4,0,0,4,5,5,0,18,0,9,0,4,5,3,0,0,0,22,0,0,6,5,12,8,0,0,0,30,0,5,0,3,11,4,0,0,0,27,0,0,7,6,6,0,0,0,0,26,0,0,0,4,4,0,0,0,0,20,0,0,7,8,16,6,4,0,0,42,0,0,0,0,8,0,0,0,0,10,0,0,4,8,6,4,0,0,0,20,5,0,0,0,3,0,0,0,0,16,31,27,38,69,99,46,17,13,4,346
10602161435,core,0,6,3,4,0,5,0,0,0,22,0,6,12,0,3,13,0,0,0,44,0,0,11,11,10,5,0,0,0,35,0,0,3,3,8,0,0,0,0,15,0,0,3,4,4,3,0,0,0,16,0,0,6,0,0,0,0,0,0,15,0,0,5,7,3,5,0,0,0,17,0,0,0,0,0,0,0,0,0,0,0,0,0,0,0,3,0,0,0,5,0,0,0,0,0,0,0,0,0,4,13,31,58,41,41,44,18,16,11,267
10602161436,core,0,5,3,5,0,3,0,0,0,11,0,3,5,6,0,5,0,0,0,20,0,3,3,4,0,5,0,0,0,17,0,0,6,0,0,0,0,0,0,6,0,0,0,0,5,0,0,0,0,5,0,0,0,0,0,0,0,0,0,0,0,0,0,5,0,0,0,0,0,4,0,0,0,0,0,0,0,0,0,0,0,0,0,0,0,0,0,0,0,0,4,0,3,3,0,4,0,0,0,16,10,14,32,26,11,20,23,9,3,148
10602161437,core,0,3,3,4,5,0,3,0,0,13,0,6,3,0,0,0,0,0,0,20,0,0,4,12,0,4,0,0,0,23,0,0,3,4,0,0,0,0,0,16,0,0,3,3,3,3,0,0,0,14,0,0,0,0,0,0,0,0,0,10,0,0,4,7,6,0,0,0,0,16,0,0,0,0,0,0,0,0,0,3,0,0,0,0,0,0,0,0,0,0,0,0,0,0,0,0,0,0,0,0,17,14,24,33,24,21,20,9,0,161
10602161438,core,0,3,6,0,3,0,3,0,0,14,0,5,8,0,0,3,0,0,0,20,0,0,0,0,3,10,0,0,0,14,0,0,3,5,5,8,0,0,0,14,0,0,3,4,8,3,7,0,0,19,0,0,0,0,0,3,0,0,0,11,0,0,4,0,7,0,0,0,0,17,0,0,0,0,0,0,0,0,0,0,0,0,4,0,0,0,0,0,0,4,0,0,8,0,4,7,0,3,0,15,19,19,37,20,41,34,42,34,3,249
10602161439,core,0,5,7,8,10,4,10,0,0,50,4,3,4,0,5,3,6,0,0,31,0,9,10,5,8,12,0,0,0,37,0,7,10,9,5,3,0,0,0,33,0,4,0,0,4,3,0,0,0,17,0,0,0,4,4,0,0,0,0,10,0,0,3,10,9,3,0,0,0,21,0,0,0,0,0,0,0,0,0,3,0,0,0,4,0,0,0,0,0,3,4,7,6,3,5,4,6,5,4,36,30,51,59,59,74,81,66,32,16,460
10602161440,core,0,0,5,0,0,0,0,5,5,14,0,5,0,0,0,0,0,3,0,13,0,4,0,0,0,0,0,0,0,5,0,0,0,0,0,0,4,0,0,12,0,0,0,0,0,0,0,4,0,12,0,0,0,0,0,0,0,0,0,4,0,0,0,3,0,3,0,0,0,5,0,0,0,0,0,0,0,0,0,0,0,0,0,3,0,3,0,0,0,6,0,6,6,0,0,0,3,10,41,65,8,11,15,20,13,25,26,49,62,230
10602161441,core,0,6,4,4,0,5,9,0,0,31,0,0,5,6,6,4,4,0,0,20,0,8,11,11,5,6,0,0,0,38,0,5,6,3,4,5,0,0,0,22,0,0,6,7,3,3,0,0,0,20,0,0,5,6,0,0,0,0,0,9,0,0,7,7,5,0,0,0,0,22,0,0,0,0,0,0,0,0,0,9,0,0,0,0,0,0,0,0,0,0,0,3,7,0,0,3,3,8,9,35,32,17,59,56,41,34,45,28,8,324
10602161442,core,0,3,10,3,0,0,3,5,0,31,0,0,6,3,8,3,9,0,0,25,0,5,6,4,0,0,8,3,0,33,0,0,15,6,3,0,6,0,0,26,0,0,0,0,3,0,0,0,0,9,0,0,0,4,4,0,0,0,0,15,0,0,4,6,4,0,0,0,0,15,0,0,0,0,0,0,0,0,0,0,0,0,0,0,0,0,0,0,0,6,0,0,4,0,4,0,0,3,0,14,9,13,54,33,34,25,45,55,29,298
10602161443,core,0,4,7,0,0,4,3,0,0,12,0,0,0,0,0,5,3,0,0,14,0,3,7,0,0,7,3,0,0,25,0,0,5,0,4,3,0,0,0,14,0,0,0,9,3,3,0,0,0,13,0,0,0,5,0,3,0,0,0,14,0,0,4,5,8,3,0,0,0,22,0,0,0,0,0,0,0,0,0,3,0,0,0,0,0,0,0,0,0,0,0,0,0,0,0,0,0,0,0,0,14,14,30,19,30,51,41,21,3,228
10602161444,core,0,3,0,0,7,4,6,0,0,16,0,9,4,0,5,0,0,0,0,17,0,0,4,0,6,6,5,0,0,20,0,0,0,0,4,0,0,0,0,10,0,0,0,5,3,0,0,0,0,12,0,0,0,3,3,0,0,0,0,8,0,0,3,14,9,6,0,0,0,29,0,0,0,0,4,5,0,0,0,10,0,0,0,0,4,0,0,0,0,7,4,0,3,0,0,0,0,0,0,5,20,20,25,29,58,29,31,3,0,222
10602161445,core,0,0,3,3,10,8,6,0,0,24,0,9,12,5,5,0,0,0,0,34,0,3,19,9,3,4,5,0,0,37,0,3,7,0,0,7,4,0,0,23,0,0,0,8,0,5,0,0,0,18,0,5,3,4,0,6,0,0,0,21,0,0,10,3,8,3,0,0,0,22,0,0,3,0,3,5,0,0,0,8,0,0,0,0,0,0,0,0,0,0,0,0,0,3,0,0,3,0,0,5,19,29,64,51,54,53,40,15,5,323
10602161446,core,0,4,0,3,6,0,5,0,0,18,0,4,3,0,3,0,0,0,0,21,0,0,5,8,3,10,3,0,0,37,0,0,6,4,5,6,4,0,0,25,0,0,0,3,8,4,0,0,0,15,0,0,5,0,0,0,0,0,0,10,0,0,3,3,13,6,0,0,0,38,0,0,0,0,0,5,0,0,0,3,0,0,0,0,4,0,0,0,0,6,0,0,0,4,0,0,0,0,0,10,33,28,29,42,60,67,30,14,3,298
10602161447,core,0,5,3,0,3,7,4,0,0,19,0,4,3,3,0,0,3,0,0,16,0,3,5,3,3,11,4,0,0,26,0,0,0,0,5,3,0,0,0,18,0,0,5,4,8,9,0,0,0,20,0,0,0,4,0,3,0,0,0,10,0,4,4,8,12,5,0,0,0,28,0,0,0,0,0,3,0,0,0,3,0,0,0,3,4,0,0,0,0,7,0,0,0,6,0,0,0,3,0,6,17,17,18,38,45,53,30,9,4,231
10602161448,core,0,4,0,3,4,3,0,0,0,19,0,5,4,11,4,0,0,0,0,26,0,0,9,9,10,0,0,0,0,31,0,4,3,10,3,4,0,0,0,20,0,0,3,13,0,4,3,0,0,27,0,0,3,6,6,6,0,0,0,11,0,0,3,9,19,3,0,0,0,35,0,0,0,0,4,0,0,0,0,5,0,0,0,0,0,5,0,0,0,5,3,0,4,3,6,6,5,3,0,17,36,28,36,73,64,40,31,20,8,333
10602161449,core,0,6,7,5,5,7,6,0,0,39,0,9,18,8,18,12,3,0,0,67,0,4,17,10,14,11,0,0,0,54,0,4,7,9,10,0,0,0,0,33,0,0,8,3,3,3,0,0,0,20,0,0,0,3,0,4,0,0,0,10,0,0,3,5,3,4,0,0,0,13,0,0,0,0,0,0,0,0,0,0,0,0,4,0,0,0,0,0,0,4,4,0,7,13,3,6,5,0,3,37,26,52,102,69,75,61,49,15,3,459
10602161501,core,0,3,9,7,6,0,0,0,0,35,0,0,8,7,13,0,0,0,0,25,0,3,13,8,0,5,0,0,0,36,0,0,9,10,5,0,0,0,0,32,0,3,8,10,9,0,0,0,0,27,0,0,10,10,4,5,0,0,0,23,0,0,11,12,12,3,0,0,0,48,0,0,3,6,0,0,0,0,0,8,0,0,5,3,0,0,0,0,0,3,0,0,9,10,3,5,4,0,0,25,31,32,103,90,68,32,40,7,5,403
10602161502,core,0,0,0,0,0,0,0,0,0,4,0,0,0,0,0,0,0,0,0,6,0,0,0,4,9,0,0,3,0,14,0,0,0,0,0,3,4,0,0,13,0,0,0,0,0,5,0,0,0,11,0,0,0,0,3,3,0,0,0,6,0,0,0,3,9,3,4,0,0,20,0,0,0,0,0,0,0,0,0,3,0,0,0,0,4,0,0,0,0,8,7,0,0,0,3,3,5,0,0,26,15,8,14,19,35,26,22,6,4,163
10602161503,core,0,0,18,4,5,0,0,0,0,29,0,4,10,6,7,0,3,0,0,30,0,3,10,7,8,0,0,0,0,33,0,0,12,13,0,0,0,0,0,32,0,0,5,11,5,0,0,0,0,19,0,4,8,6,0,0,0,0,0,17,0,0,8,14,0,10,0,0,0,34,0,0,0,4,0,0,0,0,0,3,0,0,0,0,0,0,0,0,0,0,0,0,0,0,3,0,0,0,0,6,27,21,91,79,39,21,21,7,0,310
10602161504,core,0,3,9,5,0,3,4,4,0,33,3,3,10,4,8,8,4,0,0,39,0,4,12,4,9,0,3,0,0,39,0,0,13,3,0,0,0,0,0,19,0,4,0,3,0,3,0,0,0,15,0,0,3,5,0,0,0,0,0,7,0,0,3,3,7,9,0,0,0,22,0,0,0,0,0,0,0,0,0,6,0,0,0,0,0,0,0,0,0,0,0,0,0,0,0,0,0,0,0,6,33,33,70,40,50,45,53,19,0,348
10602161505,core,0,6,8,0,0,5,0,0,0,18,0,0,0,3,3,0,0,0,0,11,0,0,8,8,0,7,0,0,0,16,0,0,10,3,0,0,3,0,0,19,0,0,6,0,3,0,0,0,0,7,0,0,0,4,0,0,0,0,0,3,0,0,0,0,0,0,0,0,0,8,0,0,0,0,0,0,0,0,0,0,0,0,0,0,0,0,0,0,0,0,0,0,0,5,6,5,4,4,0,20,9,11,31,35,26,28,33,21,17,198
10602161506,core,5,8,4,6,11,3,0,6,0,48,3,8,0,3,7,11,3,0,0,30,0,9,9,10,17,3,9,0,0,58,0,4,5,8,13,5,4,0,0,44,0,3,0,17,10,6,10,0,0,44,0,0,6,5,12,6,0,0,0,35,0,0,4,23,30,11,4,0,0,80,0,0,0,13,10,5,0,0,0,32,0,0,5,9,12,7,0,3,0,31,5,0,5,0,5,7,6,0,0,38,67,50,56,119,146,99,87,24,8,650
10602161507,core,4,10,11,11,6,0,8,9,0,54,3,5,9,15,15,6,0,0,0,50,0,9,12,16,18,11,0,0,0,66,0,4,0,10,7,5,0,0,0,39,0,0,8,11,8,13,0,0,0,45,0,0,10,11,14,8,0,0,0,43,0,0,6,12,14,11,0,0,0,49,0,0,0,0,7,0,0,0,0,9,0,0,0,8,3,0,0,0,0,8,4,3,10,3,9,4,0,0,0,24,57,56,104,115,108,82,42,20,6,597
10602161508,core,3,3,9,3,0,3,0,0,0,23,0,3,14,10,0,3,0,0,0,27,0,0,14,19,3,7,0,0,0,43,0,0,4,5,4,5,0,0,0,22,0,0,3,6,0,0,0,0,0,13,0,0,4,8,6,0,0,0,0,15,0,0,4,9,5,0,0,0,0,21,0,0,0,0,0,0,0,0,0,0,0,0,0,0,0,0,0,0,0,0,0,0,4,9,3,0,0,0,3,18,22,17,83,65,31,28,22,52,76,403
10602161509,core,0,3,9,11,0,3,5,0,0,39,0,4,6,16,8,12,0,0,0,43,0,11,13,8,6,3,3,0,0,44,0,0,0,0,0,4,0,0,0,9,0,0,11,8,0,0,0,0,0,12,0,0,7,3,0,5,0,0,0,9,0,0,4,4,0,5,0,0,0,13,0,0,0,0,0,0,0,0,0,0,0,0,0,0,0,0,0,0,0,6,4,0,5,3,0,0,0,3,4,27,29,35,81,67,51,54,43,23,7,398
10602161510,core,0,7,12,6,3,6,3,0,0,36,0,3,11,7,6,4,3,0,0,36,0,5,10,3,6,5,0,0,0,42,0,4,9,3,4,0,0,0,0,26,0,0,3,4,3,4,0,0,0,16,0,0,4,5,0,0,0,0,0,15,0,0,10,6,3,0,0,0,0,17,0,0,0,0,0,0,0,0,0,3,0,0,0,0,0,0,0,0,0,6,3,4,3,9,0,0,0,5,0,28,28,33,80,69,55,53,45,21,14,403
10602161511,core,0,3,0,7,8,0,4,0,0,36,0,5,4,0,4,0,0,0,0,18,5,5,4,13,4,3,0,0,0,35,0,0,0,5,7,4,3,0,0,16,0,0,3,4,7,5,0,0,0,13,0,0,0,3,0,3,0,0,0,9,0,3,3,6,14,4,0,0,0,25,0,0,0,0,4,0,0,0,0,8,0,0,0,0,4,0,0,0,0,8,0,0,0,0,0,0,0,0,0,9,38,30,31,52,63,37,23,5,3,282
10602161512,core,0,5,9,5,4,5,5,4,0,33,0,15,12,8,4,8,0,0,0,47,0,5,13,9,3,3,3,0,0,41,0,0,12,10,6,3,0,0,0,28,0,0,10,6,3,0,0,0,0,26,0,0,5,6,0,0,0,0,0,17,0,0,5,6,8,0,0,0,0,21,0,0,5,0,0,0,0,0,0,3,0,0,0,0,0,0,0,0,0,3,3,5,7,6,4,8,7,11,0,43,19,39,89,75,45,49,44,36,8,417
10602161513,core,4,8,3,3,3,0,3,0,0,27,0,8,12,4,3,4,6,0,0,29,0,5,12,11,5,4,3,0,0,39,0,5,5,6,9,4,4,0,0,34,0,0,12,3,3,4,0,0,0,20,0,0,9,3,0,0,0,0,0,18,0,0,14,11,7,3,0,0,0,40,0,0,5,3,0,0,0,0,0,11,0,0,0,0,5,0,0,0,0,7,5,6,6,8,0,0,0,0,0,19,34,33,84,76,55,40,32,17,4,367
10602161514,core,4,5,0,0,0,3,4,0,6,19,0,4,7,3,11,6,3,0,0,27,0,0,0,4,8,3,0,0,0,24,0,0,0,5,3,4,0,0,0,12,0,5,0,5,4,0,0,0,0,19,0,0,0,5,0,3,0,0,0,10,0,0,5,4,10,10,4,0,0,32,0,0,0,4,0,0,0,0,0,14,0,0,0,5,3,0,0,0,0,10,0,3,0,4,0,0,0,0,0,15,27,23,22,49,47,40,33,15,3,262
10602161515,core,0,0,0,0,0,0,0,0,0,6,0,9,8,7,0,0,0,0,0,22,0,3,3,3,5,0,0,0,0,21,0,0,8,3,5,3,0,0,0,16,0,0,6,0,0,0,0,0,0,9,0,0,0,0,0,0,0,0,0,5,0,0,5,3,6,0,0,0,0,9,0,0,0,0,0,0,0,0,0,0,0,0,0,0,0,0,0,0,0,0,0,3,0,3,0,0,0,0,3,20,8,24,38,25,24,31,14,20,11,191
10602161516,core,0,0,3,0,9,3,3,0,0,31,0,5,5,6,5,8,6,0,0,36,0,4,7,14,3,12,3,0,0,39,0,0,3,5,4,3,5,0,0,28,0,0,10,3,8,7,0,0,0,21,0,0,0,9,10,4,0,0,0,22,0,0,3,12,5,8,0,3,0,24,0,0,0,8,4,0,0,0,0,10,0,0,0,0,0,0,0,0,0,0,3,3,8,0,3,0,5,3,4,37,24,27,57,67,72,72,50,30,13,409
10602161517,core,0,9,12,4,5,4,0,0,0,39,0,10,7,5,3,7,3,0,0,43,0,0,6,9,9,6,5,0,0,35,0,0,4,6,9,3,3,0,0,30,0,3,7,4,5,4,0,0,0,22,0,0,7,4,0,3,0,0,0,21,0,0,4,14,17,5,0,0,0,34,0,0,6,0,0,0,0,0,0,8,0,0,0,5,0,0,0,0,0,9,0,0,3,3,0,6,0,0,0,12,34,38,73,73,73,74,49,20,3,426
10602161518,core,0,0,8,6,5,3,0,0,0,24,0,3,7,11,8,3,0,0,0,39,0,3,17,12,4,3,0,0,0,44,0,0,12,6,7,5,0,0,0,29,0,0,10,4,4,0,0,0,0,20,0,0,4,3,9,0,0,0,0,21,0,0,12,14,4,5,0,0,0,37,0,0,0,0,5,0,0,0,0,5,0,0,3,0,0,0,0,0,0,7,0,0,4,7,0,0,0,3,0,12,27,26,93,86,51,36,22,3,0,338
10602161519,core,5,12,17,6,10,8,3,4,0,66,0,8,14,12,9,5,6,0,0,50,0,9,26,16,10,4,0,0,0,65,0,3,16,12,5,3,3,0,0,50,0,0,12,11,9,4,0,0,0,29,0,0,11,7,0,3,0,0,0,24,0,0,8,9,4,0,0,0,0,23,0,0,0,0,0,0,0,0,0,3,0,0,3,3,0,0,0,0,0,11,7,3,6,13,9,6,0,0,0,34,68,44,156,126,81,47,35,12,0,571
10602161520,core,0,3,3,3,6,6,0,0,0,25,0,8,0,5,4,12,5,3,0,35,0,3,0,5,11,3,12,0,0,34,0,5,0,9,9,5,4,0,0,27,0,0,8,4,7,11,0,0,0,25,0,0,6,0,8,5,0,0,0,25,0,0,6,7,11,9,0,0,0,35,0,0,0,0,5,5,0,0,0,13,0,0,0,4,7,4,0,0,0,12,0,0,0,0,4,4,5,0,0,12,27,35,41,54,74,94,63,36,6,420
10602161521,core,0,4,8,5,0,0,18,9,4,49,0,4,11,12,7,4,9,9,0,56,0,4,13,5,3,0,0,3,0,27,0,0,8,0,0,0,4,0,0,18,0,0,6,0,5,5,0,0,6,18,0,0,3,4,0,0,0,0,0,12,0,3,3,9,0,4,0,0,0,30,0,0,0,0,0,5,0,0,0,5,0,0,4,0,0,0,0,0,0,0,5,0,4,5,6,0,3,14,0,29,21,32,72,56,36,24,111,108,26,491
10602161522,core,0,6,18,8,0,0,0,0,0,30,0,8,17,5,3,0,0,0,0,36,0,3,13,8,5,8,0,0,0,41,0,3,21,14,6,8,0,0,0,50,0,3,13,8,3,0,0,0,0,31,0,0,8,10,6,3,0,0,0,25,0,3,11,14,9,4,0,0,0,42,0,0,5,6,0,3,0,0,0,9,0,0,0,0,0,0,0,4,0,7,0,0,3,9,8,0,0,0,0,14,18,41,143,86,40,49,25,3,4,407
10602161523,core,0,4,7,3,7,0,0,5,0,27,6,7,15,3,4,4,0,0,0,30,0,8,9,6,3,0,0,0,0,29,0,3,6,12,6,5,0,0,0,33,0,0,3,4,5,0,0,0,0,14,0,0,0,5,0,0,0,0,0,11,0,0,0,7,0,3,0,0,0,11,0,0,0,0,0,0,0,0,0,0,0,0,0,0,0,0,0,0,0,7,0,6,0,0,0,0,0,5,0,15,23,31,52,46,47,29,13,17,6,257
10602161524,core,0,3,4,0,0,5,0,0,0,19,3,0,5,0,0,5,4,0,0,14,0,5,0,3,9,3,0,0,0,21,0,0,0,6,0,0,0,0,0,6,0,3,0,0,3,9,0,0,0,17,0,0,0,3,0,3,0,0,0,15,0,0,0,6,0,4,0,0,0,14,0,0,0,0,0,0,0,0,0,0,0,0,0,0,0,4,0,3,0,6,0,0,0,5,0,0,0,0,0,7,21,16,20,31,37,43,16,13,0,199
10602161525,core,0,7,12,8,6,8,6,3,0,34,0,3,11,7,3,0,6,0,0,28,0,0,13,6,12,0,3,0,0,41,0,0,6,7,6,5,0,0,0,20,0,3,5,3,4,0,0,0,0,19,0,0,0,7,0,3,0,0,0,9,0,0,0,4,4,0,0,0,0,9,0,0,0,0,0,0,0,0,0,0,0,0,0,3,0,0,0,0,0,3,0,0,5,0,0,4,0,0,0,17,25,27,58,54,54,39,33,18,5,318
10602161526,core,0,0,6,4,0,5,6,0,0,21,0,3,4,4,4,4,0,0,0,12,0,0,6,3,10,5,0,0,0,29,0,0,3,7,3,3,0,0,0,20,0,0,5,3,4,0,0,0,0,12,0,0,3,4,4,5,0,0,0,11,0,0,8,11,15,4,0,0,0,32,0,0,0,0,0,0,0,0,0,0,0,0,0,0,0,0,0,0,0,5,0,0,0,0,0,0,0,0,0,4,31,12,49,37,45,29,16,3,0,228
10602161527,core,3,3,3,3,0,0,0,0,0,17,0,3,10,9,10,8,0,0,0,35,0,3,11,17,9,4,3,0,0,48,0,0,9,5,11,4,5,0,0,36,0,0,8,7,4,3,0,0,0,17,0,0,9,3,9,0,0,0,0,21,0,0,6,16,3,9,0,0,0,33,0,0,0,0,0,0,0,0,0,9,0,0,0,6,6,0,0,0,0,12,0,0,4,0,0,0,0,0,0,8,41,34,79,82,61,44,17,5,3,361
10602161528,core,0,3,4,3,0,3,3,3,0,25,0,3,18,17,4,0,0,0,0,40,0,5,17,9,8,0,0,0,0,38,0,0,5,5,0,0,0,0,0,19,0,0,9,8,0,0,0,0,0,19,0,0,5,5,4,3,0,0,0,22,0,0,8,22,7,3,0,0,0,39,0,0,5,8,3,0,0,0,0,9,0,0,0,0,0,0,0,0,0,0,0,0,4,0,4,4,0,0,0,12,37,20,93,102,46,28,32,11,0,360
10602161529,core,0,0,0,0,0,0,3,12,4,26,0,0,0,0,4,0,14,3,0,25,0,0,0,0,0,3,7,5,0,17,0,0,3,0,0,5,4,5,0,12,0,0,0,0,0,4,0,0,0,5,0,0,0,0,0,0,0,0,0,0,0,0,4,0,0,0,0,0,0,6,0,0,0,0,0,0,0,0,0,0,0,0,0,0,0,0,0,0,0,3,3,0,0,0,3,0,8,3,3,16,7,5,18,5,5,14,141,104,19,317
10602161530,core,0,4,3,5,0,4,4,0,0,19,0,0,5,0,4,4,0,0,0,16,0,8,5,4,5,9,6,0,0,34,0,0,3,0,3,8,0,0,0,16,0,0,4,6,3,0,0,0,0,16,0,0,0,0,0,4,0,0,0,12,0,0,6,0,8,4,0,0,0,15,0,0,5,3,0,0,0,0,0,6,0,0,0,0,5,0,0,0,0,5,0,0,0,0,0,0,0,0,0,0,15,16,42,23,36,43,39,13,0,230
10602161531,core,0,0,0,0,0,6,3,0,0,11,0,4,4,5,0,3,6,0,0,13,0,0,0,3,0,4,0,5,0,14,0,0,0,0,0,0,0,0,0,7,0,0,0,0,4,0,0,0,0,7,0,0,3,0,0,0,0,0,0,10,0,0,0,0,8,0,0,0,0,10,0,0,0,5,0,5,0,0,0,14,0,0,0,3,4,5,0,0,0,16,3,0,0,0,3,4,0,3,0,11,14,12,11,13,34,43,9,17,0,169
10602161532,core,0,8,4,8,0,4,0,0,0,26,0,6,4,8,9,3,0,0,0,32,0,4,13,15,9,0,0,0,0,42,0,5,11,12,8,7,0,0,0,36,0,0,20,5,5,0,0,0,0,29,0,0,9,12,3,3,0,0,0,20,0,0,10,12,9,5,0,0,0,37,0,0,0,0,0,0,0,0,0,8,0,0,0,4,0,0,0,0,0,7,0,0,4,3,0,4,5,0,0,17,38,44,97,100,54,42,22,11,0,400
10602161533,core,0,3,6,3,3,13,3,4,0,35,0,0,6,5,8,4,7,3,0,29,0,0,8,0,4,3,0,5,0,24,0,3,0,0,0,0,3,0,0,9,0,0,0,0,0,7,0,0,0,14,0,0,0,5,9,4,0,0,0,19,0,0,0,6,15,6,0,0,0,29,0,0,0,0,0,0,0,0,0,9,0,0,4,0,8,0,0,0,0,10,0,5,5,3,0,4,4,3,0,31,28,13,42,35,59,64,56,19,3,334
10602161534,core,0,3,5,8,8,0,5,7,3,40,0,10,10,14,7,6,5,0,0,51,0,3,12,9,12,0,0,3,0,43,0,0,13,19,10,8,0,0,0,45,0,0,7,8,0,0,0,0,0,26,0,0,13,10,8,0,0,0,0,32,0,0,10,14,8,3,0,0,0,38,0,0,0,0,3,0,0,0,0,8,0,0,0,3,0,0,0,0,0,4,0,0,0,3,0,0,0,0,0,11,31,29,90,104,66,45,47,18,5,446
10602161535,core,0,4,6,3,5,3,0,0,0,26,0,0,4,0,5,0,6,0,0,17,0,4,11,4,6,0,0,0,0,28,0,6,9,3,3,4,3,0,0,22,0,0,0,7,6,0,0,0,0,19,0,0,3,3,0,4,0,0,0,21,0,0,8,13,11,0,0,0,0,37,0,0,3,4,4,0,0,0,0,13,0,0,0,3,9,0,0,0,0,14,0,0,0,5,0,3,0,0,0,13,13,14,65,62,57,38,31,16,6,293
10602161536,core,0,7,6,0,8,5,4,0,0,30,0,4,9,4,7,6,0,0,0,33,0,7,3,3,7,8,0,0,0,32,0,0,7,7,7,3,0,0,0,25,0,0,5,0,0,4,0,0,0,15,0,0,0,7,7,4,0,0,0,18,0,0,3,3,14,14,0,0,0,33,0,0,0,0,0,3,0,0,0,9,0,0,0,4,0,0,0,0,0,4,0,0,0,0,4,0,3,0,0,9,28,32,44,45,62,67,45,10,11,344
10602161537,core,0,4,3,9,0,0,5,3,0,25,0,0,0,9,0,3,6,0,0,20,0,0,5,5,5,0,0,0,0,24,0,5,3,9,0,0,0,0,0,13,0,0,4,11,3,4,0,0,0,19,0,0,3,0,3,6,0,0,0,7,0,0,9,10,6,3,0,0,0,20,0,0,0,0,0,0,0,0,0,5,0,0,0,0,0,0,0,0,0,3,0,0,0,0,0,0,10,14,21,51,21,20,32,57,40,27,52,40,47,337
10602161538,core,0,6,7,0,0,5,3,4,0,36,0,6,13,4,7,5,5,3,0,39,0,0,5,8,3,5,4,6,0,32,0,0,6,3,0,0,0,0,0,10,0,0,6,3,4,5,0,0,0,13,0,0,5,4,0,0,0,0,0,11,0,0,4,0,0,0,0,0,0,12,0,0,0,0,0,0,0,0,0,0,0,0,0,0,0,0,0,0,0,5,0,0,3,7,0,0,0,8,0,21,11,27,57,38,31,28,48,59,5,316
10602161539,core,0,0,8,0,6,4,8,0,0,26,5,0,8,3,10,4,0,0,0,31,0,4,5,12,9,5,0,0,0,27,0,0,11,0,5,7,0,0,0,25,0,0,8,3,0,4,0,0,0,11,0,0,3,0,0,3,0,0,0,14,0,0,0,6,11,3,0,0,0,27,0,0,0,0,0,0,0,0,0,3,0,0,0,0,0,0,0,0,0,3,0,0,0,8,0,0,0,0,0,10,28,11,53,46,54,41,32,6,3,277
10602161601,core,0,10,6,3,0,4,4,0,0,26,0,4,11,4,0,0,0,0,0,21,0,6,9,3,11,4,0,0,0,30,0,0,9,7,0,0,0,0,0,22,0,0,5,3,0,0,0,0,0,12,0,0,3,5,3,0,0,0,0,12,0,0,0,10,6,5,0,0,0,15,0,0,0,0,0,0,0,0,0,4,0,0,0,0,0,0,0,0,0,0,0,0,0,3,5,0,0,0,0,13,15,26,54,55,37,27,22,14,0,257
10602161602,core,0,0,3,4,3,0,0,0,0,17,0,8,3,3,4,0,5,0,0,26,0,3,5,4,5,6,0,0,0,23,0,0,3,0,3,0,0,0,0,5,0,0,4,9,0,0,0,0,0,8,0,0,0,0,0,0,0,0,0,3,0,0,0,6,0,3,0,0,0,8,0,0,0,0,0,0,0,0,0,0,0,0,0,0,0,0,0,0,0,0,0,0,0,4,4,3,0,0,0,17,15,16,30,41,26,27,14,10,0,183
10602161603,core,0,4,0,9,0,5,8,5,0,27,0,0,3,10,4,0,3,3,0,27,0,3,11,3,0,0,0,0,0,16,0,0,7,9,0,0,0,0,0,24,0,0,5,3,5,0,0,0,0,14,0,0,5,3,4,0,0,0,0,12,0,0,14,3,10,4,0,0,0,28,0,0,0,0,0,0,0,0,0,0,0,0,0,0,0,0,0,0,0,0,0,0,3,0,0,3,0,0,0,7,17,5,60,44,24,31,45,24,7,264
10602161604,core,0,7,3,0,4,0,0,0,0,13,0,3,0,5,0,5,0,0,0,20,0,0,4,6,0,0,0,0,0,15,0,0,3,0,0,0,0,0,0,11,0,0,4,0,0,0,0,0,0,5,0,0,0,0,4,3,0,0,0,6,0,0,0,0,0,0,0,0,0,7,0,0,0,0,0,0,0,0,0,0,0,0,0,0,0,0,0,0,0,6,7,3,8,16,11,12,3,6,0,61,32,38,42,47,68,49,30,13,0,325
10602161605,core,0,0,5,3,8,0,3,0,0,21,0,10,7,0,3,9,6,0,0,32,0,3,4,0,11,9,4,0,0,27,0,0,4,8,0,4,0,0,0,16,0,0,0,0,4,0,0,0,0,13,0,0,5,3,0,0,0,0,0,10,0,0,4,3,5,3,0,0,0,11,0,0,3,0,0,0,0,0,0,5,0,0,0,0,0,0,0,0,0,0,0,0,5,4,0,5,8,5,0,24,23,16,49,39,38,32,45,21,5,281
10602161606,core,0,0,5,8,0,0,0,0,0,19,0,4,3,5,4,3,4,0,0,28,0,0,6,9,0,0,0,0,0,17,0,3,3,4,0,0,3,0,0,16,0,0,0,3,0,3,3,0,0,12,0,0,4,0,0,0,0,0,0,6,0,0,4,6,0,7,0,0,0,11,0,0,0,0,0,0,0,0,0,8,0,0,0,0,0,0,0,0,0,0,0,0,4,3,4,0,0,0,0,11,26,32,40,46,19,34,47,15,0,263
10602161607,core,0,5,13,8,3,11,4,3,0,39,0,0,12,4,0,0,5,0,0,33,0,5,18,3,4,9,0,0,0,35,0,3,12,5,9,5,0,0,0,29,0,0,7,7,4,7,0,0,0,20,0,0,7,0,7,4,0,0,0,19,0,0,0,4,9,0,0,0,0,9,0,0,0,0,0,0,0,0,0,0,0,0,0,0,0,0,0,0,0,0,0,0,0,0,0,0,0,0,0,8,21,30,84,37,41,57,51,19,9,350
10602161608,core,0,5,0,0,5,3,0,0,0,22,0,0,0,4,0,0,0,0,0,16,0,0,3,6,3,3,0,0,0,14,0,0,0,0,0,8,0,0,0,14,0,0,3,0,0,0,4,0,0,7,0,0,0,0,3,0,0,0,0,4,0,0,0,3,5,0,0,0,0,6,0,0,0,0,0,0,0,0,0,0,0,0,0,0,4,0,0,0,0,5,3,0,3,0,0,0,0,0,0,14,15,14,33,30,35,36,33,10,4,205
10602161609,core,0,4,7,10,0,5,5,0,4,33,0,8,10,7,10,5,0,0,0,50,0,5,16,11,10,6,4,0,0,50,0,0,6,11,4,7,0,0,0,31,0,0,13,7,0,0,0,0,0,17,0,0,3,7,5,5,0,0,0,19,0,0,3,3,5,0,0,0,0,20,0,0,0,0,0,0,0,0,0,0,0,0,0,0,0,0,0,0,0,0,0,0,0,0,4,0,5,4,7,23,22,24,83,73,61,63,46,32,18,423
10602161610,core,0,8,9,3,0,4,0,4,0,33,0,6,11,8,4,0,4,0,0,35,0,8,7,6,6,14,0,0,0,45,0,4,8,6,7,4,4,0,0,32,0,0,6,3,0,5,0,0,0,16,0,3,4,4,6,0,0,0,0,18,0,0,3,8,3,0,0,0,0,23,0,0,4,0,0,0,0,0,0,3,0,0,0,0,0,0,0,0,0,0,6,0,4,10,3,4,3,0,0,29,27,40,82,60,57,54,44,25,15,404
10602161611,core,0,0,0,0,0,0,0,0,0,0,0,0,0,0,0,0,0,0,0,0,0,0,0,0,0,0,0,0,0,0,0,0,0,0,0,0,0,0,0,0,0,0,0,0,0,0,0,0,0,0,0,0,0,0,0,0,0,0,0,0,0,0,0,0,0,0,0,0,0,0,0,0,0,0,0,0,0,0,0,0,0,0,0,0,0,0,0,0,0,0,0,0,0,0,0,0,0,0,0,0,0,0,0,0,0,0,0,0,0,6
10602161612,core,0,4,10,5,4,5,5,0,0,40,0,3,4,6,7,9,3,0,0,36,0,6,4,4,8,5,0,3,0,29,0,3,6,0,4,3,0,0,0,21,0,0,8,4,3,0,0,0,0,15,0,0,0,0,0,0,0,0,0,5,0,0,5,6,7,5,0,0,0,13,0,0,0,0,0,0,0,0,0,4,0,0,3,0,0,0,0,0,0,3,4,10,6,8,7,0,9,0,0,46,30,38,67,57,56,57,47,18,7,367
10602161613,core,0,3,8,4,3,4,3,4,0,35,0,3,18,5,5,5,3,0,0,44,0,4,22,12,11,11,0,0,0,58,0,5,9,9,5,6,0,0,0,34,0,0,8,5,3,5,0,0,0,18,0,0,5,3,3,0,0,0,0,10,0,0,4,5,6,3,0,0,0,22,0,0,0,0,0,0,0,0,0,3,0,0,0,0,0,4,0,0,0,8,5,0,4,3,0,0,0,0,0,19,32,29,97,69,54,62,40,17,0,396
10602161614,core,0,4,7,11,3,7,3,0,0,34,0,9,15,6,4,4,0,0,0,36,0,5,20,0,9,4,4,0,0,42,0,0,3,11,7,4,0,0,0,25,0,0,0,0,0,0,0,0,0,16,0,0,0,0,4,0,0,0,0,13,0,0,6,4,0,0,0,0,0,9,0,0,0,0,0,0,0,0,0,0,0,0,0,0,0,0,0,0,0,0,0,3,11,12,5,5,3,4,0,34,22,37,95,70,58,67,47,23,6,425
10602161615,core,0,12,10,0,3,3,4,0,0,41,3,14,8,9,5,5,4,0,0,47,0,14,21,8,10,7,0,0,0,60,0,3,10,14,7,5,4,0,0,34,0,0,14,3,0,6,0,0,0,26,0,0,0,14,0,0,0,0,0,21,0,0,8,9,8,0,3,0,0,30,0,0,0,0,0,3,0,0,0,9,0,0,0,7,3,3,0,0,0,11,8,3,9,7,10,4,0,0,0,50,34,72,107,83,64,56,46,17,8,479
10602161616,core,3,3,5,5,5,0,3,0,0,23,0,0,10,7,7,9,0,0,0,30,0,7,18,13,9,3,3,0,0,42,0,0,0,3,6,0,0,0,0,9,0,0,6,0,3,0,0,0,0,10,0,0,5,5,4,0,0,0,0,17,0,0,0,0,4,0,0,0,0,9,0,0,0,0,0,0,0,0,0,0,0,0,0,0,0,0,0,0,0,0,0,0,3,5,0,0,0,0,0,14,23,11,69,48,44,43,43,18,0,293
10602161617,core,0,4,11,3,5,0,3,0,0,23,4,0,19,7,0,0,0,0,0,33,0,9,19,18,3,3,0,0,0,56,0,0,15,11,0,4,0,0,0,37,0,0,7,9,10,9,0,0,0,34,0,0,11,13,4,5,0,0,0,31,0,0,11,15,11,6,0,0,0,34,0,0,4,5,0,0,0,0,0,11,0,0,0,3,4,0,0,0,0,7,0,0,4,0,0,7,4,0,0,10,23,28,123,83,48,29,20,4,0,363
10602161618,core,0,6,10,3,3,3,8,4,0,33,0,5,5,7,3,7,0,0,0,29,0,0,8,6,0,7,0,0,0,32,0,0,14,8,5,7,3,0,0,34,0,0,8,0,3,5,0,0,0,20,0,0,0,5,6,0,0,0,0,7,0,0,5,0,3,0,0,0,0,10,0,0,0,0,0,0,0,0,0,0,0,0,3,0,0,0,0,0,0,0,0,3,6,5,3,4,0,3,0,20,15,26,72,54,55,56,41,26,10,360
10602161619,core,3,13,13,8,3,3,6,0,0,46,0,5,23,8,7,4,0,4,0,62,0,4,12,12,16,5,0,0,0,58,0,4,19,5,9,4,0,0,0,40,0,0,11,3,7,3,0,0,0,32,0,0,3,7,7,7,0,0,0,23,0,0,6,8,4,4,0,0,0,25,0,0,0,3,0,0,0,0,0,4,0,0,0,0,0,0,0,0,0,0,5,3,11,8,10,9,3,0,0,41,46,42,139,85,82,68,37,12,0,516
10602161620,core,0,0,3,0,4,0,0,0,0,9,0,0,0,0,0,0,4,0,0,10,0,0,0,0,4,3,5,0,0,17,0,0,0,3,4,0,0,0,0,10,0,0,0,4,5,4,0,0,0,11,0,0,0,0,3,4,0,0,0,6,0,0,3,6,4,4,5,0,0,15,0,0,0,0,0,0,0,0,0,4,0,0,0,6,0,0,0,0,0,3,0,0,0,5,0,0,4,0,0,11,18,7,13,23,28,30,32,11,0,172
10602161701,core,0,5,3,0,0,0,18,14,3,50,0,0,3,8,6,5,15,7,3,59,0,0,7,0,3,5,12,7,0,49,0,0,8,4,5,0,0,11,0,25,0,0,8,10,7,5,3,6,0,30,0,0,3,4,7,0,0,0,0,19,0,0,4,13,8,5,4,0,0,31,0,0,0,4,4,0,0,0,0,11,0,0,0,4,3,0,0,4,0,10,0,0,6,0,6,0,0,16,4,32,32,24,46,54,61,48,166,185,42,655
10602161702,core,0,0,0,3,3,4,4,0,0,24,0,0,4,6,0,0,4,0,0,20,0,5,7,3,6,4,0,0,0,32,0,4,10,0,3,3,0,0,0,25,0,0,8,0,3,9,0,0,0,23,0,0,5,5,0,3,0,0,0,10,0,0,3,5,0,3,0,0,0,15,0,0,0,0,0,0,0,0,0,0,0,0,0,0,4,3,0,0,0,5,0,0,0,9,0,3,0,0,0,15,10,21,51,38,38,56,37,24,12,285
10602161703,core,4,13,11,8,9,3,11,0,5,56,0,14,10,18,11,10,0,0,0,61,0,11,10,16,14,5,8,0,0,68,0,4,16,10,4,3,0,0,0,44,0,0,14,18,4,0,7,0,0,40,0,3,10,9,16,0,0,0,0,26,0,0,12,22,19,10,6,0,0,72,0,0,5,3,4,0,0,0,0,11,0,0,0,5,0,0,0,0,0,8,0,3,3,11,4,0,4,0,0,23,49,58,113,122,98,65,56,23,4,593
10602161704,core,4,4,8,0,8,3,0,3,0,30,0,9,6,8,8,10,7,0,0,43,0,3,14,6,7,3,6,0,0,41,0,3,10,0,10,4,0,0,0,23,0,0,3,3,3,3,3,6,0,25,0,0,3,0,3,5,3,0,0,21,0,0,5,6,6,8,0,5,0,28,0,0,0,0,0,0,0,0,0,4,0,0,0,0,0,0,0,0,0,0,0,0,9,0,0,0,3,4,3,18,31,29,68,48,57,66,62,50,17,430
10602161705,core,0,3,5,3,3,6,3,0,4,36,0,3,5,4,4,6,3,3,0,28,0,0,9,9,6,16,3,0,0,49,0,0,13,3,3,3,4,0,0,31,0,0,4,3,0,0,3,0,0,23,0,0,0,0,3,4,0,0,0,11,0,0,0,8,4,3,0,0,0,24,0,0,0,0,0,0,0,0,0,0,0,0,0,0,0,0,0,0,0,4,0,7,0,0,4,3,0,0,0,14,23,19,62,59,41,71,36,43,16,369
10602161706,core,0,3,4,5,3,3,12,0,0,34,0,5,15,5,4,0,0,3,0,43,0,3,16,8,5,8,9,0,0,42,0,0,5,4,7,6,0,3,0,28,0,0,7,10,3,3,0,0,0,23,0,0,8,5,7,4,0,0,0,19,0,0,8,13,9,4,0,0,0,26,0,0,0,0,0,0,0,0,0,4,0,0,0,0,0,0,0,0,0,3,0,0,3,0,0,0,3,5,0,16,37,28,80,65,63,52,54,54,11,442
10602161707,core,0,4,10,8,4,4,4,0,0,28,0,3,14,11,7,5,5,0,0,42,0,0,11,8,8,12,0,0,0,39,0,0,8,7,6,0,0,0,0,28,0,0,9,0,0,3,0,0,0,19,0,0,3,3,0,5,0,0,0,11,0,0,9,5,4,7,0,0,0,24,0,0,0,0,0,0,0,0,0,0,0,0,0,0,0,3,0,0,0,3,3,0,0,7,3,0,0,0,0,15,26,35,89,60,50,63,68,39,8,437
10602161708,core,0,6,0,3,4,0,5,5,0,24,0,0,7,6,0,8,3,0,0,23,0,4,4,4,3,7,0,0,0,21,0,4,0,9,0,3,7,0,0,17,0,0,5,3,5,0,0,0,0,19,0,0,0,0,0,7,0,0,0,9,0,0,3,0,3,0,0,0,0,16,0,0,0,0,0,0,0,0,0,5,0,0,0,0,4,0,0,0,0,4,3,5,5,3,0,4,9,7,0,23,11,17,38,37,40,58,70,29,10,308
10602161709,core,0,0,6,6,0,3,0,0,0,15,0,3,4,4,4,0,0,0,0,15,0,3,6,0,0,4,0,0,0,13,0,0,0,0,0,0,0,0,0,0,0,0,0,0,0,0,0,0,0,3,0,0,0,0,0,0,0,0,0,0,0,0,0,0,0,0,0,0,0,0,0,0,0,0,0,0,0,0,0,0,0,0,0,0,0,0,0,0,0,5,8,7,10,11,10,0,5,0,0,56,33,18,39,34,37,23,28,8,3,217
10602161710,core,0,0,0,0,0,0,0,0,5,0,0,8,0,0,0,0,0,0,0,11,0,4,0,0,3,0,0,0,0,11,0,0,0,0,0,0,0,0,0,5,0,0,0,0,0,0,0,0,0,6,0,0,0,0,0,0,0,0,0,3,0,0,0,3,0,5,0,0,0,3,0,0,0,0,0,0,0,0,0,0,0,0,0,0,0,0,0,0,0,0,0,0,0,0,3,0,0,4,0,3,7,15,7,4,18,12,9,5,5,65
10602161711,core,6,0,8,0,9,3,0,4,0,26,0,0,7,8,4,5,0,0,0,26,0,3,14,4,4,5,4,0,0,29,0,0,5,0,4,3,3,6,0,20,0,0,3,4,5,0,0,0,0,13,0,0,3,0,3,3,0,0,0,12,0,0,0,4,8,4,0,0,0,21,0,0,0,0,5,0,0,0,0,5,0,0,0,0,0,0,0,0,0,0,0,3,6,0,4,0,7,4,0,14,19,16,46,35,51,45,43,25,7,286
10602161712,core,0,0,0,6,7,3,0,0,0,21,0,7,6,7,10,5,0,0,0,31,0,3,8,9,6,10,8,0,0,42,0,0,11,10,5,5,0,0,0,32,0,0,16,3,5,4,0,0,0,30,0,0,4,4,7,3,0,0,0,18,0,0,11,3,9,4,0,0,0,30,0,0,0,0,0,0,0,0,0,0,0,0,0,0,0,0,0,0,0,7,0,4,4,4,0,4,9,4,0,18,24,28,78,56,69,54,54,29,10,394
10602161713,core,7,3,9,13,3,8,8,0,0,45,0,10,8,17,3,8,7,0,0,49,0,3,10,21,4,4,4,0,0,50,0,0,9,17,13,9,3,0,0,45,0,0,10,11,14,8,0,0,0,40,0,0,6,10,0,0,0,0,0,17,0,0,5,14,22,12,0,0,0,48,0,0,0,4,4,3,0,0,0,6,0,0,0,12,3,0,0,0,0,13,0,3,0,0,0,0,5,0,0,13,42,35,71,115,90,69,60,22,10,504
10602161714,core,0,3,8,8,4,6,3,3,0,41,5,5,8,12,5,8,0,0,0,43,0,0,15,9,5,11,0,0,0,46,0,3,8,7,5,3,0,0,0,32,0,0,11,7,0,6,0,0,0,28,0,0,6,3,9,11,0,0,0,23,0,0,11,11,13,6,0,0,0,47,0,0,0,5,4,5,0,0,0,12,0,0,0,3,3,3,0,0,0,9,0,0,5,0,0,0,3,0,0,9,26,32,96,71,77,77,54,20,17,474
10602161715,core,0,12,5,3,5,4,0,3,0,30,0,9,8,0,6,7,4,0,0,31,0,4,6,6,9,4,4,0,0,32,0,3,8,11,4,5,0,0,0,29,0,0,3,7,0,5,0,0,0,16,0,0,0,3,0,5,0,0,0,9,0,0,5,10,4,5,0,0,0,22,0,0,0,5,0,0,0,0,0,0,0,0,0,0,0,0,0,0,0,0,0,0,4,5,0,3,0,0,0,11,15,32,66,61,42,47,32,23,9,331
10602161716,core,0,5,4,0,3,3,0,3,0,15,0,3,8,5,7,9,6,0,0,37,0,0,9,9,3,3,3,0,0,38,0,3,4,0,5,8,5,0,0,19,0,0,0,8,9,4,0,0,0,19,0,0,5,5,6,3,0,0,0,17,0,0,10,0,13,6,0,0,0,37,0,0,0,0,0,0,0,0,0,0,0,0,0,0,0,5,0,0,0,8,4,0,0,6,0,5,0,4,6,12,32,25,57,34,54,69,53,42,8,365
10602161717,core,0,0,3,3,7,6,7,3,0,22,0,6,6,0,3,3,0,0,0,23,0,0,0,3,4,9,0,0,0,17,0,0,4,6,0,0,0,0,0,19,0,0,6,6,4,0,0,0,0,10,0,0,0,4,6,0,0,0,0,10,0,0,0,0,0,0,0,0,0,6,0,0,0,0,0,0,0,0,0,4,0,0,0,0,0,0,0,0,0,0,4,4,7,3,7,3,4,0,0,32,20,18,52,43,46,41,40,14,0,274
10602161718,core,0,0,9,3,5,9,8,0,0,33,0,3,8,6,7,12,5,0,0,42,0,0,9,4,7,11,5,0,0,39,0,0,5,0,5,8,0,5,0,23,0,0,5,4,13,6,0,0,0,29,0,0,5,4,3,3,0,0,0,10,0,0,6,17,8,9,0,0,0,38,0,0,0,3,0,0,0,0,0,7,0,0,0,3,7,5,0,0,0,11,0,0,11,0,7,6,0,4,3,27,18,21,54,58,72,102,68,39,19,462
10602161719,core,0,0,5,3,3,7,10,0,0,32,0,6,9,9,8,5,3,4,0,36,0,5,9,3,11,7,7,0,0,32,0,0,4,7,10,0,0,0,0,31,0,4,4,6,4,8,0,0,0,29,0,0,0,9,10,3,0,0,0,20,0,0,7,27,18,9,0,0,0,63,0,0,0,5,4,6,0,0,0,13,0,0,0,10,7,3,4,0,0,20,0,0,0,0,5,0,0,0,0,9,39,20,46,93,89,69,69,24,6,454
10602161720,core,0,0,0,0,0,0,0,0,0,0,0,0,0,0,0,0,0,0,0,0,0,0,0,0,0,0,0,0,0,0,0,0,0,0,0,0,0,0,0,0,0,0,0,0,0,0,0,0,0,0,0,0,0,0,0,0,0,0,0,0,0,0,0,0,0,0,0,0,0,0,0,0,0,0,0,0,0,0,0,0,0,0,0,0,0,0,0,0,0,0,0,0,0,0,0,0,0,0,0,0,0,0,0,0,0,0,0,0,0,0
10602161721,core,0,0,9,9,5,4,6,5,3,34,0,3,15,7,7,4,12,5,0,56,0,0,12,7,7,3,0,0,0,29,0,4,10,4,4,5,0,0,0,20,0,0,29,11,5,4,0,3,0,46,0,0,5,3,0,0,0,0,0,13,0,0,8,20,6,3,0,0,0,29,0,0,8,0,0,0,0,0,0,7,0,0,0,0,0,3,3,0,0,8,6,0,0,3,0,7,4,3,3,22,36,20,95,66,55,38,55,44,15,434
10602161722,core,0,0,0,0,0,3,3,0,0,11,0,0,0,0,0,3,3,4,0,11,0,0,0,0,0,4,0,0,0,4,0,0,0,0,0,5,0,0,0,4,0,0,0,0,0,0,0,0,0,0,0,0,0,0,0,5,0,0,0,5,0,0,0,3,3,3,0,0,0,9,0,0,0,0,0,0,0,0,0,0,0,0,0,0,0,0,0,0,0,0,0,0,0,0,0,0,0,0,0,7,0,3,3,5,10,37,50,37,0,153
10602161723,core,0,0,4,6,6,0,0,0,0,21,0,0,3,4,7,5,0,0,0,25,0,3,7,7,4,3,5,3,0,34,0,5,4,4,3,10,0,0,0,25,0,0,0,0,0,5,0,0,0,8,0,0,4,0,0,3,0,0,0,7,0,0,0,0,5,3,4,0,0,13,0,0,0,0,0,0,0,0,0,3,0,0,0,4,0,0,3,0,0,6,3,0,3,0,0,0,3,0,0,13,18,13,42,47,48,39,32,34,9,273
10602161801,core,0,8,9,0,7,7,5,0,0,39,0,10,16,10,7,10,0,0,0,56,0,9,17,9,9,7,3,0,0,55,0,6,4,9,4,6,0,0,0,33,0,3,5,7,9,0,0,0,0,27,0,0,8,3,0,0,0,0,0,12,0,0,11,0,6,0,3,0,0,23,0,0,0,0,0,3,0,0,0,3,0,0,0,0,0,0,0,0,0,0,0,0,3,3,0,8,0,0,0,15,17,54,96,49,54,69,50,38,3,433
10602161802,core,3,0,0,0,0,7,0,5,0,24,0,0,6,0,0,7,8,3,0,25,0,0,7,5,5,3,3,0,0,28,0,0,0,0,0,4,0,0,0,12,0,0,3,0,0,5,0,0,0,7,0,4,0,0,0,0,0,0,0,6,0,0,5,3,0,0,0,0,0,13,0,0,0,0,0,0,0,0,0,0,0,0,0,0,6,0,0,0,0,8,0,0,0,5,0,0,3,5,0,10,18,6,34,18,29,46,53,44,7,259
10602161803,core,0,9,6,3,0,5,7,3,0,27,0,7,10,5,8,7,0,0,0,38,0,5,12,5,14,10,4,0,0,47,0,0,4,6,6,3,0,0,0,26,0,6,7,5,11,0,0,0,0,29,0,4,3,0,7,4,0,0,0,24,0,0,3,12,11,3,0,0,0,32,0,0,0,4,3,0,0,0,0,8,0,0,0,3,3,0,0,0,0,7,0,0,8,0,0,0,0,0,0,10,33,41,58,58,81,67,30,17,11,391
10602161804,core,0,0,0,0,0,0,0,0,0,7,0,0,0,0,0,0,0,0,0,7,0,0,0,4,3,5,0,0,0,21,0,0,0,0,3,4,0,0,0,9,0,0,0,0,0,0,0,0,0,10,0,0,0,0,3,0,0,5,0,8,0,0,0,3,10,3,0,0,0,22,0,0,0,0,0,0,0,0,0,9,0,0,0,0,8,0,0,0,0,11,0,0,0,0,0,0,0,0,0,4,21,9,11,23,48,15,25,5,0,168
10602161805,core,0,3,0,3,0,0,5,0,0,8,0,0,3,0,3,0,3,0,0,11,0,0,3,10,4,4,6,0,0,28,0,0,0,5,7,5,0,0,0,23,0,0,4,8,4,3,0,0,0,21,0,0,4,9,3,3,4,0,0,27,0,0,10,18,10,7,0,0,0,48,0,0,0,0,3,0,0,0,0,6,0,0,0,3,3,0,0,0,0,4,0,0,0,0,0,0,0,0,0,4,23,11,30,73,48,41,35,6,0,271
10602161806,core,0,6,8,6,3,5,0,4,0,31,0,8,14,10,8,4,6,0,0,54,0,4,9,19,13,11,3,0,0,54,0,4,16,13,15,8,0,0,0,54,0,0,4,0,10,0,0,0,0,25,0,0,3,0,8,6,3,0,0,24,0,0,8,11,16,5,0,0,0,41,0,0,0,0,4,0,0,0,0,5,0,0,0,4,0,0,0,0,0,9,0,0,7,5,0,4,5,0,0,19,37,43,74,85,96,70,55,18,0,479
10602161807,core,0,4,10,3,3,0,0,0,0,23,0,0,0,7,4,0,3,0,0,21,0,0,14,12,3,0,0,0,0,26,0,0,10,11,6,0,0,0,0,33,0,0,8,11,3,0,0,0,0,25,0,0,9,8,9,6,0,0,0,31,0,0,14,18,10,4,0,0,0,46,0,0,5,0,0,0,0,0,0,3,0,0,0,0,0,0,0,0,0,12,0,0,0,0,0,0,0,0,0,8,35,18,76,88,51,40,20,4,0,342
10602161808,core,0,0,0,0,0,0,0,0,0,0,0,0,0,0,0,0,0,0,0,0,0,0,0,0,0,0,0,0,0,0,0,0,0,0,0,0,0,0,0,0,0,0,0,0,0,0,0,0,0,0,0,0,0,0,0,0,0,0,0,0,0,0,0,0,0,0,0,0,0,0,0,0,0,0,0,0,0,0,0,0,0,0,0,0,0,0,0,0,0,0,0,0,0,0,0,0,0,0,0,0,0,0,0,0,0,0,0,0,0,0
10602161809,core,0,3,12,6,4,0,5,0,0,25,0,0,15,7,3,5,0,0,0,29,0,6,12,10,9,3,0,0,0,37,0,0,10,3,0,0,0,0,0,15,0,0,5,0,0,0,0,0,0,11,0,0,6,0,0,3,0,0,0,14,0,0,7,0,0,0,0,0,0,8,0,0,0,0,0,0,0,0,0,0,0,0,0,0,0,0,0,0,0,0,0,8,3,7,4,3,0,0,0,28,16,32,88,51,47,57,63,18,0,366
10602161810,core,0,10,3,4,0,0,0,0,0,22,0,3,11,6,5,0,0,0,0,20,0,5,12,3,7,0,0,0,0,27,0,10,29,6,0,0,0,0,0,47,0,0,31,11,0,0,0,0,0,45,0,0,12,12,8,3,0,0,0,25,0,0,12,9,3,0,0,0,0,20,0,0,0,0,0,0,0,0,0,0,0,0,0,0,0,0,0,0,0,3,0,0,6,0,5,0,0,0,0,7,19,48,116,52,26,10,9,3,0,284
10602161811,core,0,3,0,0,4,3,3,0,0,24,0,3,8,8,4,0,0,0,0,24,0,3,7,7,6,6,0,0,0,32,0,0,4,4,5,4,0,0,0,17,0,0,3,0,0,0,0,0,0,11,0,0,3,5,6,3,0,0,0,20,0,0,6,5,6,3,0,0,0,10,0,0,0,0,0,4,0,0,0,4,0,0,0,0,0,0,0,0,0,0,0,0,0,0,0,0,0,0,0,6,15,17,51,39,25,57,26,9,9,248
10602161812,core,5,3,0,0,4,0,4,0,0,22,0,9,15,3,12,0,7,0,0,44,0,0,0,10,5,10,4,0,0,25,0,0,10,6,6,3,3,0,0,32,0,0,8,3,11,8,0,0,0,26,0,0,4,7,6,5,0,0,0,17,0,0,5,5,3,4,0,0,0,18,0,0,0,0,0,0,0,0,0,0,0,0,0,0,0,0,0,0,0,4,0,0,0,0,9,0,0,0,0,8,40,32,43,36,64,55,41,17,0,337
10602161813,core,0,5,0,4,0,5,0,0,0,9,0,5,0,0,6,6,0,0,0,16,0,8,13,3,5,6,3,0,0,35,0,0,6,3,4,3,0,0,0,21,0,0,3,5,6,8,0,0,0,28,0,0,6,7,3,9,0,0,0,23,0,0,3,5,3,9,0,0,0,17,0,0,0,4,0,0,0,0,0,3,0,0,0,0,0,0,0,0,0,0,0,0,0,5,0,7,0,0,0,11,24,21,36,34,34,66,26,11,0,257
10602161814,core,0,0,0,0,0,0,0,0,0,14,0,4,0,0,0,3,0,0,0,9,0,0,3,0,5,5,0,0,0,21,0,0,0,0,0,0,0,0,0,8,0,0,0,3,0,0,0,0,0,12,0,0,0,0,0,7,0,0,0,8,0,0,0,6,5,6,0,0,0,13,0,0,0,0,0,0,0,0,0,0,0,0,0,0,0,4,0,0,0,4,0,0,0,0,0,0,0,0,0,0,16,7,11,8,26,50,28,14,0,162
10602161815,core,0,0,4,3,0,0,0,0,0,17,0,0,15,5,3,0,0,0,0,29,0,4,20,8,7,0,0,0,0,39,0,3,18,11,3,0,0,0,0,35,0,0,27,7,5,0,0,0,0,41,0,0,11,9,3,0,0,0,0,32,0,0,13,14,0,0,0,0,0,28,0,0,4,0,0,0,0,0,0,3,0,0,0,3,0,0,0,0,0,4,0,5,6,0,0,0,0,0,0,5,20,35,134,62,25,6,12,0,0,301
10602161816,core,0,6,4,12,6,11,3,0,0,37,0,8,4,3,9,7,3,0,0,36,0,12,12,17,13,12,3,0,0,59,0,0,3,7,4,0,0,0,0,23,0,0,12,5,9,7,9,0,0,34,0,0,4,8,4,7,0,0,0,15,0,0,9,3,9,5,0,0,0,26,0,0,0,4,0,0,0,0,0,5,0,0,0,0,0,0,0,0,0,3,0,0,0,0,0,5,0,0,0,4,27,37,63,65,50,81,38,15,0,372
10602161817,core,0,5,7,6,0,0,0,0,0,23,0,8,9,3,7,0,0,5,0,33,0,3,16,20,0,4,0,0,0,45,0,0,13,7,12,6,5,0,0,46,0,8,25,15,10,0,0,0,0,55,0,0,18,20,0,0,0,0,0,46,0,0,18,35,19,0,0,0,0,72,0,0,4,5,4,0,0,0,0,15,0,0,0,8,5,0,0,0,0,16,0,0,5,3,0,0,0,4,0,18,39,38,142,149,85,42,17,10,0,527
10602161818,core,0,0,6,10,0,0,0,0,0,21,0,4,6,5,7,8,0,0,0,31,0,3,11,18,3,9,0,0,0,35,0,0,8,6,9,6,0,0,0,32,0,0,11,7,6,0,0,0,0,28,0,0,5,10,8,0,0,0,0,26,0,0,23,16,14,3,3,0,0,60,0,0,3,10,5,0,0,0,0,9,0,0,4,7,0,0,0,0,0,14,0,0,10,13,3,0,3,0,0,37,30,18,113,127,65,48,26,4,4,433
10602161819,core,0,3,3,4,0,0,4,5,0,22,0,6,8,4,3,9,4,0,0,35,0,0,8,8,9,7,0,0,0,32,0,0,8,11,7,7,4,0,0,34,0,0,15,12,9,3,0,0,0,40,0,0,4,3,7,6,0,0,0,24,0,0,10,9,15,6,0,0,0,37,0,0,0,4,0,0,0,0,0,4,0,0,0,3,0,3,0,0,0,9,3,5,6,5,3,3,0,0,0,24,31,30,72,71,75,57,30,10,3,379
10602161820,core,0,0,0,0,4,0,3,0,0,17,0,0,5,0,5,8,0,0,0,17,0,0,0,3,7,5,0,0,0,21,0,0,3,3,0,5,0,0,0,16,0,0,5,4,7,5,0,0,0,19,0,0,0,3,3,0,0,0,0,12,0,0,0,7,14,3,0,0,0,21,0,0,0,0,0,0,0,0,0,0,0,0,0,3,8,5,0,0,0,12,0,0,4,5,0,3,0,0,0,11,38,23,23,45,61,50,15,3,6,255
10602161821,core,0,7,11,4,4,6,5,0,0,47,0,12,18,11,5,3,0,0,0,55,0,8,14,13,10,6,6,0,0,59,0,0,18,11,10,7,0,0,0,50,0,3,13,6,11,3,0,0,0,35,0,0,4,4,9,4,0,0,0,24,0,3,3,3,12,0,0,0,0,27,0,0,0,4,0,0,4,0,0,7,0,0,0,0,5,0,0,0,0,3,0,0,5,0,4,0,0,0,0,13,34,60,121,64,74,79,41,9,6,494
10602161822,core,0,9,10,3,4,0,4,0,0,29,0,4,13,12,7,10,0,0,0,44,0,0,16,13,14,4,0,0,0,49,0,4,9,6,9,3,0,0,0,24,0,3,7,0,6,5,0,0,0,23,0,0,15,6,3,0,0,0,0,22,0,0,6,4,0,4,0,0,0,19,0,0,0,0,0,0,0,0,0,0,0,0,0,0,0,0,0,0,0,0,0,3,7,0,3,0,0,0,0,20,26,33,88,68,54,50,40,17,7,373
10602161823,core,0,0,5,6,0,5,3,0,0,16,5,3,8,7,0,3,4,0,0,30,0,0,17,12,7,0,0,0,0,41,0,0,16,10,10,0,0,0,0,42,0,0,22,6,3,5,0,0,0,32,0,0,13,15,0,0,0,0,0,33,0,0,20,31,9,4,5,0,0,67,0,0,5,4,4,0,0,0,0,13,0,0,3,6,3,0,0,0,0,9,0,0,0,0,0,0,0,0,0,0,27,7,122,114,43,36,26,5,0,383
10602161824,core,0,8,8,3,0,0,0,0,0,23,3,12,9,4,0,0,0,0,0,25,0,3,10,3,0,0,0,0,0,22,0,6,10,3,0,0,0,0,0,14,0,4,7,6,0,0,0,0,0,20,0,0,5,4,0,0,0,0,0,6,0,0,9,3,0,0,0,0,0,12,0,0,0,0,0,0,0,0,0,0,0,0,0,0,0,0,0,0,0,0,4,6,3,7,0,0,0,0,0,18,20,44,63,40,9,7,7,3,0,189
10602161825,core,0,3,4,5,10,0,3,0,0,28,0,9,11,9,8,5,0,0,0,31,0,11,7,8,15,11,3,0,0,49,0,4,8,5,13,8,0,0,0,36,0,0,7,7,11,5,0,0,0,28,0,0,10,8,14,8,0,0,0,34,0,0,6,19,23,8,7,0,0,57,0,0,0,0,7,0,0,0,0,8,0,0,0,0,8,0,0,0,0,19,6,4,0,6,5,0,0,0,0,14,58,48,61,79,112,72,39,19,3,490
10602161826,core,0,0,3,3,8,3,3,6,0,19,0,6,0,5,0,8,6,0,0,20,0,4,4,4,12,17,4,0,0,38,0,0,7,6,0,6,0,0,0,23,0,0,0,0,0,4,7,0,0,12,0,0,5,0,3,6,0,0,0,13,0,0,4,5,8,3,5,0,0,20,0,0,0,0,0,0,0,0,0,6,0,0,3,4,5,7,0,0,0,13,0,0,0,4,0,0,0,4,0,14,25,17,39,34,51,60,50,25,6,306
10602161827,core,0,10,16,6,0,0,0,0,0,34,0,14,10,9,0,0,0,0,0,40,0,0,18,4,0,5,0,0,0,28,0,4,20,3,0,3,0,0,0,31,0,0,16,9,3,6,0,0,0,37,0,0,9,4,3,0,0,0,0,18,0,0,10,7,3,4,0,0,0,24,0,0,0,0,0,0,0,0,0,0,0,0,0,0,0,0,0,0,0,0,0,0,13,9,7,0,0,0,0,24,17,34,116,68,26,24,7,5,0,299
10602161828,core,3,4,5,8,6,0,0,0,0,26,0,6,4,4,6,3,0,0,0,25,0,0,0,5,10,9,0,0,0,30,0,0,3,6,4,8,0,0,0,27,0,0,7,4,6,6,0,0,0,23,0,0,3,6,10,4,0,0,0,24,0,0,4,3,8,10,0,0,0,25,0,0,3,3,0,0,0,0,0,6,0,0,0,5,0,0,0,0,0,9,0,0,0,0,0,0,0,0,0,5,49,25,38,50,70,52,19,13,0,319
10602161829,core,0,0,0,4,0,0,3,0,0,3,0,0,6,5,0,0,0,0,0,13,0,3,8,8,0,4,0,0,0,22,0,0,4,5,0,3,0,0,0,13,0,0,11,0,0,0,0,0,0,19,0,0,9,10,3,0,0,0,0,29,0,0,10,7,3,0,0,0,0,18,0,0,4,0,0,0,0,0,0,5,0,0,0,0,0,0,0,0,0,0,0,0,0,0,0,0,0,0,0,0,7,9,51,39,16,24,15,4,0,166
10602161830,core,0,3,0,3,4,0,0,0,0,13,0,4,10,0,0,0,0,0,0,21,0,6,15,3,4,0,0,0,0,32,0,5,10,0,5,0,0,0,0,19,0,0,10,8,3,0,0,0,0,20,0,0,6,0,5,0,0,0,0,8,0,0,7,8,0,0,0,0,0,20,0,0,0,0,0,0,0,0,0,0,0,0,0,0,0,0,0,0,0,5,0,0,4,3,3,0,0,0,0,15,7,26,85,26,22,10,3,5,0,189
10602161831,core,0,7,7,7,0,5,0,0,0,33,0,12,18,11,7,4,0,0,0,44,0,8,20,9,4,4,5,0,0,45,0,7,18,7,3,4,0,0,0,36,0,7,14,6,4,3,0,0,0,40,0,3,10,12,3,0,0,0,0,20,0,0,22,8,7,5,0,0,0,36,0,0,0,0,0,0,0,0,0,3,0,0,0,0,0,3,0,0,0,4,0,0,5,3,0,0,0,0,0,11,24,44,154,78,45,47,23,11,6,428
10602161832,core,0,0,4,9,0,0,5,0,0,19,0,3,8,12,8,5,0,0,0,38,0,0,18,26,0,9,0,0,0,50,0,0,7,18,12,5,0,0,0,40,0,0,13,22,10,0,0,0,0,35,0,0,4,16,6,0,0,0,0,32,0,0,7,24,7,3,0,0,0,43,0,0,0,0,0,0,0,0,0,3,0,0,3,0,0,0,0,0,0,11,0,0,0,0,0,0,0,0,0,7,26,14,79,126,63,36,18,5,0,377
10602161833,core,0,5,9,7,7,4,0,0,5,29,0,7,5,11,4,4,0,0,0,33,0,3,6,9,10,4,3,0,0,35,0,0,4,8,8,0,0,0,0,31,0,0,5,3,8,0,0,4,0,26,0,0,5,3,7,0,0,0,0,27,0,0,4,17,4,12,0,0,0,35,0,0,0,6,3,0,0,0,0,9,0,0,0,5,8,0,0,0,0,10,3,0,0,0,0,0,4,0,0,9,45,30,45,81,64,62,42,23,8,402
10602161834,core,0,0,5,5,9,10,8,3,0,47,0,0,6,9,3,3,3,0,0,41,0,6,8,12,9,11,0,0,0,43,0,4,6,15,3,6,0,0,0,35,0,0,5,3,3,5,0,0,0,18,0,0,10,4,0,3,0,0,0,13,0,0,5,0,0,0,0,0,0,12,0,0,0,0,0,0,0,0,0,0,0,0,0,0,0,0,0,0,0,0,0,0,7,0,0,0,0,0,0,11,38,37,81,66,47,68,61,14,9,417
10602161835,core,0,4,0,7,0,4,0,0,0,14,0,4,4,3,10,5,0,0,0,35,0,0,5,9,6,4,0,0,0,26,0,4,0,6,3,0,0,0,0,21,0,0,6,9,0,3,0,0,0,20,0,0,5,4,8,0,0,0,0,25,0,0,11,18,17,3,0,0,0,54,0,0,0,7,3,0,0,0,0,9,0,0,5,5,0,0,0,0,0,14,0,0,0,0,3,0,7,0,0,6,20,13,56,75,57,38,30,9,0,297
10602161836,core,0,0,0,0,0,0,0,0,0,0,0,0,0,0,0,0,0,0,0,0,0,0,0,0,0,0,0,0,0,0,0,0,0,0,0,0,0,0,0,0,0,0,0,0,0,0,0,0,0,0,0,0,0,0,0,0,0,0,0,0,0,0,0,0,0,0,0,0,0,0,0,0,0,0,0,0,0,0,0,0,0,0,0,0,0,0,0,0,0,0,0,0,0,0,0,0,0,0,0,0,0,0,0,0,0,0,0,0,0,0
10602161837,core,0,3,10,8,3,0,0,0,0,21,0,0,8,6,3,3,0,0,0,18,0,0,15,7,0,4,0,0,0,32,0,0,14,6,4,0,0,0,0,30,0,0,8,11,4,0,0,0,0,22,0,0,7,12,5,0,0,0,0,20,0,0,10,20,4,7,0,0,0,45,0,0,0,0,0,0,0,0,0,8,0,0,0,3,0,0,0,0,0,0,0,0,0,0,0,0,0,0,0,6,26,16,88,82,35,26,11,4,0,292
10602161838,core,0,9,7,0,0,0,0,0,0,13,0,3,11,0,8,0,0,0,0,24,0,3,8,6,0,5,0,0,0,31,0,7,23,8,4,0,0,0,0,46,0,0,23,10,0,4,0,0,0,37,0,0,4,15,0,0,0,0,0,22,0,0,10,6,10,0,0,0,0,27,0,0,0,0,0,0,0,0,0,5,0,0,0,0,0,0,0,0,0,0,0,0,6,0,0,0,0,0,0,8,14,32,126,58,32,17,4,0,0,283
10602161839,core,0,6,0,4,0,3,0,0,0,16,0,6,11,6,4,4,0,0,0,27,0,3,8,5,4,7,0,0,0,26,0,0,0,6,0,0,0,0,0,10,0,0,4,4,3,0,0,0,0,13,0,0,0,3,0,3,0,0,0,6,0,0,0,0,5,0,0,0,0,5,0,0,0,0,0,0,0,0,0,0,0,0,0,0,0,0,0,0,0,0,0,0,0,0,5,0,0,0,0,12,14,20,49,30,37,32,27,11,3,222
10603111901,core,4,0,3,0,4,10,4,0,0,33,0,0,3,5,0,8,4,4,0,20,0,3,7,4,0,5,3,0,0,23,0,0,3,3,0,5,7,0,0,15,0,0,0,4,3,3,0,0,0,12,0,0,0,3,4,10,4,0,0,12,0,0,5,6,5,5,0,0,0,16,0,0,0,0,0,0,0,0,0,0,0,0,0,0,3,7,0,0,0,7,0,0,0,0,0,9,6,3,0,15,22,9,26,31,36,66,30,25,5,256
10603111902,core,0,4,8,3,8,11,0,3,0,37,0,0,5,0,4,11,0,3,0,27,0,8,13,11,12,11,0,0,0,49,0,0,10,4,3,3,0,0,0,14,0,0,8,3,9,7,0,0,0,20,0,0,0,0,6,0,0,0,0,7,0,0,4,3,10,3,0,0,0,15,0,0,0,0,0,0,0,0,0,0,0,0,0,0,0,4,0,0,0,7,0,0,0,3,0,0,3,5,0,12,23,19,53,43,64,70,25,16,6,313
10603111903,core,3,0,0,0,3,7,21,5,0,43,0,0,0,8,4,4,9,0,0,32,0,4,6,8,11,6,5,4,0,49,0,0,0,7,3,10,5,0,0,33,0,0,0,4,7,4,0,0,0,19,0,0,5,7,0,6,0,0,0,26,0,0,0,10,15,10,4,0,0,41,0,0,0,5,0,0,0,0,0,5,0,0,0,4,9,3,0,0,0,13,0,0,0,0,10,0,0,0,0,17,42,17,27,65,76,85,96,37,21,475
10603111904,core,0,0,5,0,3,3,3,3,0,19,0,0,6,4,9,9,0,0,0,27,0,0,5,7,8,9,4,0,0,28,0,0,5,0,5,6,0,0,0,17,0,0,3,9,5,0,0,0,0,14,0,0,0,5,10,10,0,0,0,19,0,0,3,7,13,5,3,0,0,27,0,0,0,0,0,0,0,0,0,3,0,0,0,3,0,5,0,0,0,7,0,0,4,0,5,0,5,0,0,12,26,13,32,36,63,65,52,12,0,301
10603111906,core,0,7,8,3,4,9,7,6,0,35,0,0,4,8,3,5,4,0,0,26,0,0,0,3,4,4,5,0,0,20,0,0,0,0,6,0,0,0,0,6,0,0,7,4,9,7,0,0,0,18,0,0,3,0,0,7,0,0,0,11,0,0,0,4,4,3,0,0,0,11,0,0,0,4,0,0,0,0,0,4,0,0,0,0,0,0,0,0,0,4,0,4,4,0,0,4,4,0,0,24,17,23,30,36,43,66,45,26,3,289
10603111907,core,0,0,0,3,0,9,36,22,0,71,0,0,0,0,0,8,13,6,0,31,0,0,3,0,6,13,13,4,0,35,0,0,0,4,0,8,4,5,0,12,0,0,0,0,0,0,8,3,0,9,0,0,0,0,4,0,0,0,0,10,0,0,0,0,0,4,0,0,0,8,0,0,0,0,0,3,0,0,0,6,0,0,0,0,0,0,0,0,0,0,0,0,0,0,3,3,11,17,0,36,8,4,12,11,20,82,255,164,12,560
10603111908,core,0,0,0,0,0,0,0,0,0,0,0,0,0,0,0,0,0,0,0,0,0,0,0,0,0,0,0,0,0,0,0,0,0,0,0,0,0,0,0,0,0,0,0,0,0,0,0,0,0,0,0,0,0,0,0,0,0,0,0,0,0,0,0,0,0,0,0,0,0,0,0,0,0,0,0,0,0,0,0,0,0,0,0,0,0,0,0,0,0,0,0,0,0,0,0,0,0,0,0,0,0,0,0,0,0,0,0,0,0,0
10603111909,core,0,0,0,0,0,9,5,5,0,28,0,0,0,0,0,3,0,0,0,5,0,0,0,0,0,3,0,6,0,9,0,0,0,0,0,0,3,0,0,4,0,0,0,0,0,0,0,0,0,0,0,0,0,0,0,0,0,0,0,4,0,0,0,0,0,0,0,0,0,0,0,0,0,0,0,0,0,0,0,0,0,0,0,0,0,0,0,0,0,0,0,0,0,7,0,0,8,14,11,32,0,0,0,5,8,40,86,89,24,258
10603111910,core,3,3,4,4,0,0,9,5,0,35,0,0,0,8,4,8,4,3,0,23,0,5,5,0,4,5,8,0,0,36,0,3,0,0,0,0,0,0,0,9,0,0,0,0,8,0,0,0,0,5,0,0,0,0,0,0,4,0,0,9,0,0,0,0,11,0,3,0,0,17,0,0,0,0,0,0,0,0,0,0,0,0,0,0,0,0,0,0,0,9,5,0,0,4,14,8,9,8,4,48,24,23,26,27,56,73,128,69,12,437
10603111911,core,0,0,0,3,4,0,3,0,0,14,0,5,0,0,0,7,0,0,0,15,0,0,0,3,4,3,6,0,0,21,0,0,0,0,4,5,3,0,0,14,0,0,0,0,4,3,0,0,0,11,0,0,0,0,3,0,0,0,0,7,0,0,0,4,0,0,0,0,0,3,0,0,0,0,0,0,0,0,0,0,0,0,0,0,0,0,0,0,0,3,0,0,4,0,3,0,0,0,0,10,13,9,15,20,29,44,34,13,6,169
10603111912,core,0,0,0,0,4,5,4,0,0,19,0,6,6,0,5,0,3,0,0,24,0,0,9,0,3,0,5,0,0,16,0,0,4,7,0,5,3,0,0,15,0,0,0,0,7,0,0,0,0,17,0,0,0,6,4,0,0,0,0,10,0,0,0,0,3,0,3,0,0,12,0,0,0,0,0,0,0,0,0,0,0,0,0,0,0,0,0,0,0,5,0,3,0,0,0,0,0,6,0,18,28,12,23,26,36,33,43,21,3,229
10603111913,core,0,5,6,0,3,3,6,0,0,29,0,8,5,8,4,4,0,0,0,26,0,5,3,9,3,6,0,0,0,20,0,0,7,4,4,6,5,0,0,20,0,0,3,4,3,3,0,0,0,17,0,0,0,4,5,5,0,0,0,11,0,0,0,3,8,3,0,0,0,17,0,0,0,3,0,0,0,0,0,9,0,0,0,0,0,0,0,0,0,5,0,0,0,0,0,0,0,0,0,3,31,23,44,36,66,58,30,27,0,322
10603111914,core,0,7,8,3,3,6,0,4,0,32,0,0,3,0,8,7,3,0,0,24,0,0,8,8,4,9,4,0,0,31,0,0,0,6,3,3,0,0,0,16,0,0,3,0,4,9,0,0,0,20,0,0,5,0,0,8,0,0,0,14,0,0,0,3,5,5,3,0,0,14,0,0,0,0,0,3,0,0,0,4,0,0,0,0,0,0,0,0,0,5,0,0,0,0,0,0,0,0,0,6,22,15,47,31,40,65,45,10,0,279
10603111915,core,0,9,14,10,4,4,6,7,0,48,0,9,3,12,8,0,5,0,0,29,0,0,7,7,16,3,3,0,0,38,0,0,0,7,5,4,3,0,0,30,0,0,0,7,13,0,0,0,0,19,0,0,0,3,3,3,0,0,0,11,0,0,0,6,7,3,0,0,0,18,0,0,0,3,0,0,0,0,0,0,0,0,0,0,0,0,0,0,0,0,6,0,0,3,9,6,0,0,0,24,37,29,45,78,88,72,53,21,5,421
10603111916,core,0,4,4,3,4,8,0,0,0,25,3,7,4,4,13,8,0,0,0,29,0,5,8,4,15,10,4,0,0,37,0,0,0,8,0,5,0,0,0,9,0,0,9,0,8,0,0,0,0,14,0,0,6,5,5,0,0,0,0,14,0,0,3,0,6,3,0,0,0,20,0,0,0,0,5,0,0,0,0,3,0,0,0,0,0,0,0,0,0,0,0,0,6,8,4,5,0,0,0,24,24,26,47,49,58,58,40,13,0,319
10603111917,core,0,0,0,0,0,0,0,0,0,0,0,0,0,0,0,0,0,0,0,0,0,0,0,0,0,0,0,0,0,0,0,0,0,0,0,0,0,0,0,0,0,0,0,0,0,0,0,0,0,0,0,0,0,0,0,0,0,0,0,0,0,0,0,0,0,0,0,0,0,0,0,0,0,0,0,0,0,0,0,0,0,0,0,0,0,0,0,0,0,0,0,0,0,0,0,0,0,0,0,0,0,0,0,0,0,0,0,0,0,0
10603111918,core,0,4,0,0,5,0,3,0,0,13,0,5,0,0,3,7,4,0,0,22,0,0,4,0,7,4,7,0,0,20,0,0,5,3,3,0,0,0,0,12,0,0,5,3,3,4,0,0,0,12,0,0,0,0,10,3,0,0,0,14,0,0,0,4,13,5,0,0,0,34,0,0,0,0,3,0,0,0,0,6,0,0,0,4,7,0,0,0,0,9,0,0,0,0,0,4,3,0,0,10,31,18,16,22,61,53,46,11,3,265
10603111919,core,0,0,0,0,0,0,0,0,0,0,0,0,0,0,0,0,0,0,0,0,0,0,0,0,0,0,0,0,0,0,0,0,0,0,0,0,0,0,0,0,0,0,0,0,0,0,0,0,0,0,0,0,0,0,0,0,0,0,0,0,0,0,0,0,0,0,0,0,0,0,0,0,0,0,0,0,0,0,0,0,0,0,0,0,0,0,0,0,0,0,0,0,0,0,0,0,0,0,0,0,0,0,0,0,0,0,0,0,0,0
10603111921,core,0,0,0,0,0,0,0,0,0,6,0,0,0,0,0,0,0,0,0,4,0,0,0,0,0,0,0,0,0,0,0,0,0,0,0,0,0,0,0,0,0,0,0,0,0,0,0,0,0,0,0,0,0,0,0,0,0,0,0,0,0,0,0,0,0,0,0,0,0,0,0,0,0,0,0,0,0,0,0,0,0,0,0,0,0,0,0,0,0,0,0,0,0,0,4,12,15,11,4,43,0,0,0,0,4,32,55,20,3,120
10603111922,core,7,6,4,0,0,5,12,16,0,44,0,0,4,0,3,5,4,3,0,22,0,5,0,0,15,9,4,0,0,24,0,0,4,4,7,10,3,0,0,28,0,3,0,0,11,3,5,0,0,21,0,0,0,9,3,4,0,0,0,10,0,0,0,3,0,6,3,5,0,15,0,0,0,0,0,3,7,0,0,5,0,0,0,0,4,0,0,0,0,8,3,0,8,0,7,6,9,11,4,46,28,19,24,28,63,83,110,114,22,492
10603112001,core,0,0,0,0,0,0,0,0,0,0,0,0,0,0,0,0,0,0,0,0,0,0,0,0,0,0,0,0,0,0,0,0,0,0,0,0,0,0,0,0,0,0,0,0,0,0,0,0,0,0,0,0,0,0,0,0,0,0,0,0,0,0,0,0,0,0,0,0,0,0,0,0,0,0,0,0,0,0,0,0,0,0,0,0,0,0,0,0,0,0,0,0,0,0,0,0,0,0,0,0,3,0,0,0,7,3,0,0,0,17
10603112002,core,0,4,0,3,3,4,3,0,0,20,0,0,5,3,5,7,7,6,0,29,0,0,5,6,3,6,7,3,0,27,0,0,0,0,0,5,0,0,0,11,0,0,0,0,9,5,0,0,0,13,0,0,0,0,3,3,0,0,0,4,0,0,0,0,0,3,0,0,0,9,0,0,0,0,0,0,0,0,0,0,0,0,0,0,0,0,0,0,0,3,0,0,0,0,3,6,5,3,0,18,9,20,26,29,42,63,81,32,4,308
10603112003,core,0,6,0,0,0,0,0,3,0,14,0,4,3,3,0,0,0,0,0,18,0,0,4,3,10,4,7,0,0,23,0,0,5,5,4,0,0,0,0,7,0,0,0,6,0,0,0,0,0,5,0,0,0,0,0,0,5,0,0,6,0,0,0,5,3,4,0,0,0,10,0,0,0,0,0,0,0,0,0,0,0,0,0,3,0,0,0,0,0,3,3,0,0,0,4,0,5,0,0,19,10,7,21,26,34,41,61,35,3,241
10603112004,core,0,3,0,3,3,12,3,6,0,37,0,8,3,0,6,9,3,0,0,34,0,3,4,10,3,7,3,0,0,27,0,3,0,0,3,0,0,0,0,9,0,0,5,3,7,3,0,0,0,17,0,0,0,3,3,3,0,0,0,7,0,0,3,0,3,8,0,0,0,13,0,0,0,0,0,0,0,0,0,4,0,0,0,0,4,3,0,0,0,5,3,6,3,0,0,4,0,3,0,28,25,31,33,44,54,90,75,46,10,397
10603112005,core,0,0,0,0,0,0,0,0,0,0,0,0,0,0,0,0,0,0,0,0,0,0,0,0,0,0,0,0,0,0,0,0,0,0,0,0,0,0,0,0,0,0,0,0,0,0,0,0,0,0,0,0,0,0,0,0,0,0,0,0,0,0,0,0,0,0,0,0,0,0,0,0,0,0,0,0,0,0,0,0,0,0,0,0,0,0,0,0,0,0,0,0,0,0,0,0,0,0,0,7,0,0,0,0,0,0,0,3,0,8
10603112006,core,0,7,6,3,7,10,4,4,4,42,0,6,8,5,3,6,0,4,0,40,0,0,7,4,6,0,0,0,0,26,0,0,10,0,5,5,0,0,0,25,0,0,0,4,5,6,0,0,0,21,0,0,0,0,0,4,0,0,0,11,0,0,10,3,3,0,0,0,0,18,0,0,0,0,0,0,0,0,0,0,0,0,0,0,0,0,0,0,0,0,0,0,3,5,4,0,6,0,0,23,31,28,74,54,58,91,105,47,18,499
10603112007,core,0,0,4,0,0,3,3,0,0,9,0,0,5,7,3,0,6,0,0,15,0,0,3,0,0,8,6,4,0,15,0,0,0,5,0,0,5,0,0,11,0,0,4,5,0,4,0,0,0,9,0,0,0,0,0,0,0,0,0,5,0,0,4,0,5,4,0,0,0,11,0,0,0,0,0,0,0,0,0,0,0,0,0,0,0,0,0,0,0,0,0,0,4,0,0,3,5,0,0,9,9,8,27,24,29,60,55,19,5,229
10603112008,core,0,0,8,9,6,5,9,0,0,31,0,7,9,12,7,9,0,0,0,43,0,0,3,4,9,8,4,3,0,37,0,0,3,5,6,9,4,0,0,29,0,0,4,15,5,3,0,0,0,23,0,0,3,0,4,0,4,0,0,16,0,0,0,5,4,0,0,0,0,8,0,0,0,0,3,0,0,0,0,3,0,0,0,0,0,3,0,0,0,4,3,0,0,8,3,5,5,4,4,33,40,23,59,54,72,80,102,54,16,502
10603112009,core,0,7,9,11,7,6,9,3,0,64,0,4,11,7,12,9,0,3,0,44,0,4,10,10,14,5,3,3,0,47,0,3,6,7,7,6,0,0,0,36,0,0,5,10,5,3,0,0,0,32,0,0,5,5,11,4,3,0,0,25,0,0,5,10,10,4,0,0,0,32,0,0,3,0,0,0,0,0,0,6,0,0,0,0,0,0,0,0,0,0,0,3,5,8,0,3,7,3,0,28,47,38,91,93,110,77,101,49,9,622
10603112010,core,3,5,9,5,9,9,5,4,0,43,0,3,6,4,4,15,3,0,0,45,0,3,9,8,4,12,5,0,0,46,0,0,3,9,4,8,0,0,0,28,0,0,6,5,8,3,3,0,0,21,0,0,0,0,0,4,0,0,0,6,0,0,4,3,3,8,0,0,0,18,0,0,0,0,0,0,0,0,0,0,0,0,0,0,0,0,0,0,0,0,4,3,0,5,9,5,3,0,0,25,36,39,56,49,73,99,94,45,9,504
10603112011,core,0,0,4,3,6,0,4,6,0,20,0,0,0,4,5,3,0,0,0,13,0,0,0,4,0,7,4,0,0,14,0,0,0,0,4,0,0,0,0,3,0,0,0,0,0,0,0,0,0,5,0,0,0,3,0,0,0,0,0,3,0,0,0,0,0,0,0,0,0,6,0,0,0,0,0,0,0,0,0,0,0,0,0,0,0,0,0,0,0,0,5,0,0,3,0,4,0,0,0,14,18,8,15,36,22,50,56,26,5,232
10603112012,core,0,0,6,3,4,0,8,0,0,25,0,0,5,0,4,3,3,0,0,18,0,0,5,6,4,7,0,0,0,15,0,0,3,0,4,4,0,0,0,19,0,0,7,4,6,3,0,0,0,20,0,0,4,0,0,3,0,0,0,10,0,0,8,0,0,0,0,0,0,11,0,0,0,0,0,0,0,0,0,0,0,0,0,0,0,0,0,0,0,5,4,0,3,4,3,5,7,0,0,28,15,6,48,29,39,62,63,38,0,305
10603112013,core,0,6,0,7,3,10,9,0,0,32,0,3,0,5,0,4,0,0,0,18,0,0,0,0,8,9,0,0,0,18,0,0,0,0,5,14,3,0,0,21,0,0,3,0,5,7,0,0,0,20,0,0,0,0,3,3,0,0,0,10,0,0,7,4,9,3,0,0,0,26,0,0,0,0,0,0,0,0,0,0,0,0,0,0,0,5,0,0,0,5,0,0,0,0,3,9,5,6,0,25,12,15,26,35,56,88,80,29,14,359
10603112014,core,0,5,3,6,5,8,0,0,0,27,0,6,0,6,4,8,0,0,0,31,0,0,7,7,4,5,0,6,0,32,0,0,3,0,4,3,3,0,0,20,0,0,0,9,0,7,0,0,0,12,0,0,0,6,0,0,4,0,0,10,0,0,4,9,7,3,0,0,0,20,0,0,0,0,0,0,0,0,0,5,0,0,0,0,0,0,0,0,0,10,7,0,5,7,7,4,7,12,0,50,29,22,49,52,56,89,82,45,4,431
10603112015,core,0,0,0,0,3,3,3,4,0,12,0,0,3,0,3,0,3,4,0,13,0,0,0,5,0,0,3,0,0,17,0,0,4,0,3,0,0,0,0,7,0,0,0,4,0,0,3,0,0,6,0,0,0,0,5,4,3,0,0,12,0,0,0,4,0,10,3,0,0,12,0,0,0,0,0,0,0,0,0,3,0,0,0,0,0,0,0,0,0,0,4,0,0,3,5,4,9,0,0,21,10,10,13,12,23,45,61,31,4,208
10603112016,core,3,9,3,4,3,9,3,0,0,45,0,3,7,5,8,12,5,0,0,30,0,0,10,10,10,18,7,0,0,53,0,0,0,10,10,8,4,0,0,28,0,0,10,4,5,5,0,0,0,21,0,0,0,0,4,0,0,0,0,6,0,0,5,5,7,0,0,0,0,12,0,0,0,0,0,0,0,0,0,0,0,0,0,0,0,0,0,0,0,3,0,0,14,5,5,5,3,8,0,41,28,29,59,53,69,102,74,52,5,468
10603112017,core,0,0,0,0,0,0,0,0,0,0,0,0,0,0,0,0,0,0,0,0,0,0,0,0,0,0,0,0,0,0,0,0,0,0,0,0,0,0,0,0,0,0,0,0,0,0,0,0,0,0,0,0,0,0,0,0,0,0,0,0,0,0,0,0,0,0,0,0,0,0,0,0,0,0,0,0,0,0,0,0,0,0,0,0,0,0,0,0,0,0,0,0,0,0,0,0,0,0,0,0,0,0,0,0,0,0,0,0,0,5
10603112018,core,0,3,0,7,6,10,9,12,24,74,0,6,5,8,3,5,5,4,0,36,0,3,5,5,4,11,4,8,0,35,0,4,0,6,3,7,0,0,0,25,0,0,0,3,4,4,0,0,0,18,0,0,0,4,0,6,0,0,0,13,0,0,0,0,4,0,0,0,0,12,0,0,0,0,0,0,0,0,0,0,0,0,0,0,3,0,0,0,0,3,0,4,0,0,5,4,0,8,3,23,27,27,30,55,54,79,73,66,49,461
10603112101,core,0,0,0,5,7,12,13,11,6,55,0,4,6,7,3,10,8,5,0,42,0,4,9,0,14,11,9,9,0,53,0,0,4,0,3,5,3,4,0,26,0,0,0,6,10,3,3,4,0,34,0,0,4,0,0,0,3,3,0,19,0,0,4,4,3,8,0,6,0,17,0,0,0,0,0,0,0,0,0,9,0,0,0,0,5,0,0,0,0,10,0,0,0,4,0,11,5,5,3,22,26,18,40,29,69,108,113,107,29,537
10603112102,core,0,4,5,0,5,8,14,9,0,49,0,3,3,8,9,7,3,0,0,37,0,0,3,6,10,5,7,3,0,32,0,0,0,0,4,8,7,5,0,29,0,0,0,3,4,3,7,0,0,27,0,0,0,4,4,9,3,0,0,17,0,0,3,3,6,11,7,7,0,41,0,0,0,0,0,0,0,0,0,0,0,0,0,0,3,6,4,0,0,16,0,4,0,4,3,3,7,6,0,35,21,18,40,37,58,95,103,71,11,449
10603112103,core,0,0,4,3,4,8,0,5,0,31,0,0,3,8,6,7,0,3,0,31,0,0,8,0,6,6,0,0,0,31,0,0,3,8,4,9,5,0,0,29,0,0,3,4,3,5,3,0,0,19,0,0,0,0,9,6,0,0,0,11,0,0,0,0,10,3,0,0,0,22,0,0,0,0,0,0,0,0,0,0,0,0,0,0,3,9,0,0,0,8,0,0,0,0,4,0,0,0,0,10,20,19,36,38,51,71,61,29,5,335
10603112104,core,0,0,4,0,4,3,0,0,0,12,0,0,3,6,8,3,0,3,0,17,0,0,5,4,0,9,8,0,0,33,0,3,0,0,4,5,3,0,0,13,0,0,4,0,3,6,0,0,0,13,0,0,5,0,10,3,0,0,0,19,0,0,0,0,6,3,0,0,0,14,0,0,0,0,0,0,0,0,0,4,0,0,3,0,4,0,0,0,0,13,0,0,0,0,0,0,0,4,0,4,17,4,21,18,51,46,41,23,0,231
10603112105,core,0,4,0,0,3,5,0,4,0,25,0,5,0,3,4,9,0,5,0,24,0,0,3,4,0,7,4,0,0,21,0,0,0,5,4,3,0,0,0,10,0,0,3,0,4,0,0,0,0,4,0,0,3,4,5,0,0,0,0,9,0,0,0,5,4,12,0,0,0,14,0,0,0,0,0,0,0,0,0,0,0,0,0,0,0,0,0,0,0,0,0,0,0,0,0,3,0,7,0,12,24,18,21,25,39,49,41,33,4,255
10603112106,core,0,0,0,0,3,9,11,21,3,42,0,4,0,0,0,4,10,11,8,45,0,3,3,3,0,4,4,11,0,30,0,0,4,0,0,10,0,5,0,25,0,0,0,0,0,5,6,9,0,17,0,0,0,4,0,0,4,0,0,14,0,0,0,0,0,0,3,4,5,18,0,0,0,0,0,4,3,0,0,6,0,0,0,0,0,3,7,3,3,15,0,0,0,0,0,4,14,28,12,60,14,9,9,21,23,78,155,199,61,571
10603112107,core,0,0,0,0,5,4,4,3,0,22,0,0,0,0,0,0,0,0,0,12,0,0,5,0,3,3,0,0,0,16,0,0,5,0,0,3,3,0,0,10,0,0,0,5,0,3,0,0,0,17,0,0,0,0,0,0,0,0,0,9,0,0,0,5,3,8,0,0,0,7,0,0,0,0,0,0,0,0,0,0,0,0,0,0,0,0,0,0,0,0,0,0,0,0,0,4,5,0,0,7,13,8,27,21,26,36,22,29,10,192
10603112108,core,0,0,4,0,4,6,5,10,8,31,0,4,6,3,9,4,6,0,0,29,0,0,8,0,10,9,4,0,0,31,0,7,4,0,0,3,0,0,0,17,0,0,3,0,6,0,0,0,0,11,0,0,0,0,4,0,0,0,0,3,0,0,0,4,3,0,0,0,0,16,0,0,0,0,0,0,0,0,0,3,0,0,0,0,4,0,3,0,0,5,0,4,4,0,3,7,10,13,7,49,18,20,31,33,50,58,84,104,53,444
10603112109,core,0,3,0,0,4,7,3,4,0,30,0,0,0,3,6,9,3,0,0,25,0,5,7,3,10,8,4,0,0,31,0,3,3,5,10,0,0,0,0,23,0,0,0,0,7,6,0,0,0,10,0,0,3,3,0,3,0,0,0,8,0,0,5,0,7,4,0,0,0,18,0,0,0,0,0,0,0,0,0,0,0,0,0,0,0,0,0,0,0,0,0,0,3,0,3,0,0,5,0,14,23,18,32,39,49,55,49,37,13,310
10603112110,core,5,0,0,0,3,0,0,0,0,12,0,3,5,5,6,0,0,6,0,22,0,0,6,0,4,6,5,0,0,18,0,0,3,4,6,4,0,0,0,11,0,0,4,0,3,4,0,0,0,9,0,0,0,0,0,0,0,0,0,0,0,0,0,5,4,4,0,0,0,10,0,0,0,0,0,0,0,0,0,5,0,0,0,0,0,0,0,0,0,3,0,0,0,0,0,4,0,0,0,15,15,12,26,19,38,51,26,18,4,210
10603112111,core,0,0,0,0,0,0,0,0,0,0,0,0,0,0,0,0,0,0,0,0,0,0,0,0,0,0,0,0,0,0,0,0,0,0,0,0,0,0,0,0,0,0,0,0,0,0,0,0,0,0,0,0,0,0,0,0,0,0,0,0,0,0,0,0,0,0,0,0,0,0,0,0,0,0,0,0,0,0,0,0,0,0,0,0,0,0,0,0,0,0,0,0,0,0,0,0,0,0,0,0,0,0,0,0,0,0,0,0,0,0
10603112112,core,0,0,0,0,0,0,0,0,0,0,0,0,0,0,0,0,0,0,0,0,0,0,0,0,0,0,0,0,0,0,0,0,0,0,0,0,0,0,0,0,0,0,0,0,0,0,0,0,0,0,0,0,0,0,0,0,0,0,0,0,0,0,0,0,0,0,0,0,0,0,0,0,0,0,0,0,0,0,0,0,0,0,0,0,0,0,0,0,0,0,0,0,0,0,0,0,0,0,0,0,0,0,0,0,0,0,0,0,0,0
10603112113,core,0,0,0,4,0,0,0,0,0,7,0,0,4,0,0,0,0,0,0,3,0,0,0,0,0,0,4,0,0,4,0,0,0,0,0,0,0,0,0,5,0,0,0,0,4,0,0,0,0,4,0,0,0,0,0,0,0,0,0,0,0,0,0,0,0,0,0,0,0,3,0,0,0,0,0,0,0,0,0,3,0,0,0,0,0,0,0,0,0,0,0,0,3,0,0,0,0,0,0,6,0,0,9,6,8,11,30,0,0,74
10603112114,core,0,0,0,0,0,0,0,0,0,0,0,0,0,0,0,0,0,0,0,0,0,0,0,0,0,0,0,0,0,0,0,0,0,0,0,0,0,0,0,0,0,0,0,0,0,0,0,0,0,3,0,0,0,0,0,0,0,0,0,0,0,0,0,0,0,0,0,0,0,0,0,0,0,0,0,0,0,0,0,0,0,0,0,0,0,0,0,0,0,0,0,0,0,0,0,0,0,0,0,5,0,0,3,0,7,3,0,0,0,13
10603112115,core,0,4,4,6,3,4,4,4,4,37,0,0,10,5,4,9,9,4,0,39,0,0,6,13,5,10,5,5,0,49,0,0,4,5,5,5,8,0,0,25,0,0,13,6,4,0,4,0,0,31,0,0,0,4,0,0,0,0,0,9,0,0,0,3,6,9,0,0,0,25,0,0,0,0,0,0,0,0,0,0,0,0,0,0,0,3,3,0,0,8,3,3,5,3,3,9,0,0,0,27,23,30,59,65,69,74,97,43,16,470
10603112116,core,0,6,6,4,7,4,5,6,0,36,0,9,8,0,8,3,11,8,0,37,0,0,10,4,3,14,13,7,0,50,0,0,8,3,5,4,7,3,0,19,0,0,0,3,0,9,3,0,0,15,0,0,5,5,0,7,4,0,0,17,0,0,4,3,4,5,7,5,0,20,0,0,0,0,0,0,0,0,0,7,0,0,0,3,0,9,5,0,0,22,0,0,3,0,4,6,10,5,0,27,7,24,34,35,52,96,108,53,9,420
10603112117,core,0,0,0,0,0,0,0,0,0,0,0,0,0,0,0,0,0,0,0,3,0,0,0,0,0,0,0,0,0,0,0,0,0,0,0,0,0,0,0,0,0,0,0,0,0,0,0,0,0,0,0,0,0,0,0,0,0,0,0,0,0,0,0,0,0,0,0,0,0,0,0,0,0,0,0,0,0,0,0,0,0,0,0,0,0,0,0,0,0,0,0,0,0,0,0,0,0,0,0,0,0,0,0,3,0,0,4,0,0,7
10603112118,core,0,6,3,0,7,4,3,0,0,24,0,4,6,0,5,7,5,0,0,32,0,4,7,0,4,8,8,0,3,30,0,0,4,0,8,4,11,0,0,29,0,0,4,3,3,0,0,0,0,10,0,0,0,0,0,0,0,0,0,5,0,0,0,5,10,6,7,0,0,20,0,0,0,0,0,4,0,0,0,6,0,0,0,4,3,3,0,0,0,13,0,0,0,3,4,0,0,0,0,15,15,17,34,27,49,68,80,28,7,331
10603112119,core,0,3,5,5,5,11,6,4,0,34,0,7,3,0,10,0,0,3,0,31,0,3,3,0,7,7,0,3,0,24,0,0,3,0,6,5,0,0,0,17,0,0,0,0,4,3,0,0,0,8,0,0,0,0,4,0,0,0,0,4,0,0,3,8,4,0,3,0,0,14,0,0,0,0,0,0,0,0,0,4,0,0,0,0,0,3,0,3,0,3,0,0,0,3,0,3,10,22,47,85,29,17,26,31,53,57,73,90,73,440
10603112120,core,0,4,0,0,0,4,5,3,0,18,0,0,0,3,7,5,0,0,0,14,0,0,0,3,3,0,0,0,0,13,0,0,3,0,5,0,0,0,0,11,0,0,0,0,0,5,0,3,0,10,0,0,0,4,4,0,0,0,0,11,0,0,0,3,9,0,0,0,0,16,0,0,0,0,0,0,0,0,0,0,0,0,0,0,0,0,0,0,0,0,0,0,0,4,0,0,0,0,0,7,15,7,23,37,37,24,24,18,5,196
10603112121,core,0,0,0,0,0,4,0,6,4,15,0,0,0,5,0,5,5,0,0,8,0,0,0,0,4,0,0,0,0,11,0,0,0,0,0,3,0,0,0,5,0,0,0,0,4,3,0,0,0,7,0,0,0,0,0,0,0,0,0,3,0,0,0,0,0,0,0,0,0,0,0,0,0,0,0,0,0,0,0,0,0,0,0,4,0,0,0,0,0,4,0,0,0,0,3,0,0,0,0,5,5,7,3,11,15,14,20,9,4,97
10603112122,core,3,0,5,5,4,5,8,0,0,27,0,4,0,0,0,0,3,3,7,19,0,0,4,3,4,9,3,0,0,22,0,0,3,4,4,6,5,0,0,23,0,0,0,3,0,3,0,0,0,11,0,0,0,0,3,3,0,0,0,9,0,0,3,0,4,3,0,0,0,8,0,0,0,0,0,0,0,0,0,4,0,0,0,0,3,0,0,0,0,3,0,0,3,0,0,5,8,11,0,36,10,5,17,18,27,52,80,51,19,292
10603112123,core,0,3,0,0,7,8,3,15,5,44,0,0,6,0,3,3,9,7,5,38,0,0,0,4,7,3,9,4,4,30,0,0,0,4,3,3,5,0,0,23,0,0,0,0,0,7,4,3,0,12,0,0,0,0,0,5,0,0,0,4,0,0,5,0,0,3,0,0,0,10,0,0,0,0,0,0,0,0,0,0,0,0,0,0,0,0,0,0,0,4,0,0,0,0,3,6,14,20,24,69,7,9,24,19,30,74,112,152,67,495
10603112124,core,3,0,3,0,4,8,10,5,4,37,0,3,3,0,3,4,6,7,0,34,0,0,3,3,8,8,9,3,0,38,0,0,4,0,6,3,5,0,0,19,0,0,0,0,0,4,3,0,0,15,0,0,6,0,4,0,0,0,0,7,0,0,0,0,4,4,0,0,0,10,0,0,0,0,0,0,0,0,0,0,0,0,0,0,0,0,0,0,0,6,0,0,0,0,0,4,7,0,0,17,23,10,30,28,38,68,94,46,12,355
10603112125,core,0,3,0,0,0,4,10,0,4,24,0,4,3,0,3,11,6,0,0,28,0,0,5,3,3,4,4,0,0,22,0,0,0,4,4,0,3,0,0,20,0,0,0,0,7,3,3,0,4,16,0,0,0,0,0,8,5,0,0,7,0,0,0,5,7,8,6,0,0,17,0,0,0,0,0,0,0,0,0,4,0,0,0,0,0,0,4,0,0,8,3,0,0,0,0,6,7,4,4,22,12,14,24,29,35,82,89,24,16,326
10603112126,core,0,0,0,6,6,5,6,0,0,14,0,0,3,0,0,0,3,0,0,13,0,0,0,3,4,3,3,0,0,17,0,0,0,5,3,10,0,0,0,12,0,0,3,0,0,6,0,0,0,10,0,0,0,0,0,3,0,0,0,13,0,0,0,3,4,14,0,0,0,26,0,0,0,0,3,5,0,0,0,8,0,0,0,5,4,3,3,0,0,11,0,0,0,0,0,0,0,0,0,5,19,5,15,24,37,69,45,13,6,230
10603112127,core,0,4,4,3,3,12,12,9,0,41,0,3,3,8,3,9,17,4,0,43,0,3,0,5,7,10,8,3,0,43,0,0,0,3,5,6,6,0,0,22,0,0,0,3,6,6,6,3,0,19,0,0,0,4,8,0,4,0,0,14,0,0,0,0,5,7,3,0,0,19,0,0,0,0,5,0,0,0,0,5,0,0,0,0,9,4,0,0,0,19,5,4,0,0,4,6,3,5,0,21,23,22,15,34,59,93,107,60,9,416
10603112128,core,6,3,4,7,3,7,5,0,0,26,0,3,8,5,6,5,0,0,0,31,0,4,10,7,9,7,0,0,0,36,0,3,3,4,4,5,0,0,0,19,0,0,3,7,7,8,0,0,0,23,0,0,0,4,3,0,0,0,0,6,0,0,0,6,10,4,0,0,0,17,0,0,0,0,6,0,0,0,0,6,0,0,0,0,0,0,0,0,0,6,3,0,3,0,0,0,0,3,0,17,31,20,42,51,55,52,35,20,11,310
10603112129,core,0,0,3,0,6,0,3,6,0,16,0,3,0,5,6,0,3,0,0,18,0,0,3,10,6,0,5,0,0,17,0,0,5,4,4,0,0,0,0,11,0,0,0,0,0,6,3,0,0,13,0,0,0,3,0,0,0,0,0,8,0,0,3,0,0,4,0,0,0,13,0,0,0,0,3,0,0,0,0,0,0,0,0,0,3,3,0,0,0,6,6,0,3,0,3,0,0,0,0,14,34,3,25,39,38,21,31,24,3,223
10603112130,core,0,3,0,0,0,4,4,3,0,23,0,0,0,4,0,0,7,6,0,24,0,0,4,9,4,11,5,4,0,31,0,0,4,5,3,0,0,5,0,15,0,0,3,3,9,4,5,4,0,19,0,0,0,7,3,0,0,7,0,14,0,0,0,5,5,4,5,0,0,17,0,0,0,0,3,0,0,0,0,4,0,0,0,0,5,0,0,0,0,5,0,0,0,0,0,4,0,6,0,6,18,6,16,38,48,48,69,58,9,314
10603112131,core,0,3,11,7,6,7,16,3,4,60,0,0,7,9,11,12,10,3,0,47,0,3,13,0,8,8,14,0,0,51,0,0,7,0,7,13,5,0,0,39,0,0,6,0,4,8,7,3,0,26,0,0,0,0,4,4,0,0,0,24,0,0,4,3,12,12,4,0,0,32,0,0,0,0,3,0,0,0,0,9,0,0,0,5,0,0,4,0,0,10,0,7,11,3,7,9,13,3,4,66,21,31,79,44,87,125,149,63,20,610
10603112133,core,0,0,0,7,4,3,11,8,0,31,0,3,0,0,3,9,4,0,0,26,0,0,0,0,8,8,10,0,0,22,0,0,0,0,3,8,0,0,0,20,0,0,0,0,3,8,0,0,0,14,0,0,0,0,5,7,9,0,0,18,0,0,0,0,0,6,4,0,0,17,0,0,0,0,0,0,0,0,0,0,0,0,0,3,0,5,3,0,0,7,0,0,0,4,0,0,9,12,0,21,16,16,14,24,34,68,96,46,11,313
10603112134,core,0,0,8,0,3,12,12,0,0,39,0,5,8,3,7,13,3,0,6,46,0,3,14,7,7,6,11,0,0,46,0,0,5,0,4,11,3,0,0,30,0,0,4,9,8,6,3,0,0,26,0,0,0,5,6,6,0,0,0,21,0,0,0,3,9,11,0,0,0,25,0,0,0,0,0,0,0,0,0,5,0,0,0,0,5,6,0,0,0,9,0,5,0,0,0,5,5,6,6,23,33,27,41,38,69,112,120,109,86,630
10603112135,core,3,3,9,4,6,7,18,4,0,50,0,0,3,0,7,9,15,0,0,41,0,4,13,8,5,14,0,4,0,37,0,0,5,11,9,4,10,0,0,32,0,0,6,12,11,6,3,4,0,38,0,0,0,8,16,11,0,0,0,40,0,0,7,20,29,18,0,0,0,79,0,0,0,6,7,8,0,0,0,15,0,0,5,10,17,12,0,0,0,37,0,0,0,4,0,0,6,0,0,10,37,22,41,99,118,137,130,42,4,638
10603112136,core,0,3,5,3,10,13,5,8,0,45,3,6,11,6,3,5,7,0,0,32,0,0,5,8,7,0,4,5,0,23,0,0,4,3,5,0,3,0,0,18,0,0,5,5,3,3,0,0,0,18,0,0,0,11,4,0,0,0,0,16,0,0,8,10,8,3,0,0,0,28,0,0,0,6,4,0,0,0,0,5,0,0,0,0,0,3,0,0,0,6,3,0,8,0,0,0,0,3,0,14,36,23,56,53,57,54,63,38,5,389
10603112137,core,0,0,3,4,6,3,8,4,0,28,0,4,4,11,10,12,0,0,0,41,0,0,0,5,8,7,5,0,0,35,0,0,0,7,0,10,5,0,0,20,0,0,0,3,8,5,0,0,0,19,0,0,3,0,3,3,0,0,0,11,0,0,0,5,8,4,0,0,0,19,0,0,0,4,0,7,0,0,0,9,0,0,0,3,9,8,0,0,0,16,0,0,0,0,4,0,0,0,0,6,43,14,23,54,66,76,77,42,12,402
10603112138,core,3,4,3,6,3,7,12,7,0,43,0,10,3,4,6,9,12,0,0,44,0,0,7,5,13,13,10,0,0,48,0,0,7,0,7,3,3,0,0,28,0,0,7,0,8,6,6,6,0,36,0,0,4,6,4,5,0,5,0,16,0,0,3,3,14,12,8,0,0,38,0,0,0,0,0,5,0,0,0,7,0,0,0,3,7,9,0,0,0,16,0,4,0,0,6,6,7,4,0,23,49,38,55,41,84,117,91,71,18,552
10603112139,core,0,3,3,8,0,3,3,0,0,20,0,4,0,3,6,8,4,0,0,22,0,0,0,4,3,4,3,5,0,22,0,0,0,4,8,6,0,4,0,16,0,0,5,10,5,0,0,0,0,16,0,0,3,6,4,0,0,0,0,10,0,0,0,5,4,0,5,0,0,19,0,0,0,0,0,0,0,0,0,0,0,0,0,5,8,4,0,0,0,12,0,0,0,0,0,0,0,0,0,0,19,13,17,40,53,42,59,32,3,282
10603112140,core,0,4,5,3,6,5,5,6,0,29,0,0,4,5,0,4,9,4,0,28,0,0,0,9,3,4,5,0,0,14,0,0,0,3,0,0,0,0,0,15,0,0,0,5,3,0,3,0,0,12,0,0,0,0,4,0,0,0,0,6,0,0,0,0,4,4,0,0,0,7,0,0,0,0,0,0,0,0,0,0,0,0,0,0,0,3,0,0,0,3,0,0,0,0,0,0,3,3,0,7,14,13,25,30,37,42,50,54,3,263
10603112141,core,0,5,3,4,7,4,4,0,0,22,3,6,0,9,3,0,7,9,0,33,0,0,6,5,3,5,3,0,0,26,0,0,3,4,6,9,3,0,0,32,0,0,9,6,8,8,5,3,0,33,0,0,0,6,5,0,0,0,0,10,0,0,0,8,12,6,0,0,0,27,0,0,0,0,4,0,0,0,0,4,0,0,0,0,8,0,0,0,0,12,0,0,0,0,0,3,0,6,4,15,25,18,24,56,62,71,65,50,24,393
10603112142,core,0,0,4,0,0,6,3,5,0,23,0,0,0,3,4,4,8,6,0,20,0,0,0,4,7,7,5,4,0,23,0,0,0,0,5,4,0,6,0,15,0,0,0,0,0,6,3,0,0,18,0,0,0,0,5,6,0,0,0,6,0,0,4,3,6,4,4,6,0,19,0,0,0,0,0,5,5,0,0,7,0,0,0,0,3,0,3,9,0,17,0,0,0,5,0,0,6,10,0,24,25,3,16,26,35,39,75,80,17,311
10603112143,core,0,8,8,0,5,6,11,0,0,43,0,3,5,5,0,4,8,11,0,36,0,6,7,9,3,13,5,0,0,43,0,0,0,0,8,8,3,0,0,17,0,0,0,3,4,3,3,0,0,17,0,0,4,4,0,5,0,0,0,17,0,0,0,4,7,7,0,4,0,18,0,0,0,4,0,0,0,0,0,4,0,0,0,5,7,0,3,0,0,12,0,0,0,0,3,8,5,0,3,29,18,23,50,49,57,82,92,51,14,429
10603112144,core,0,6,0,3,5,3,8,3,0,32,0,0,0,6,9,4,3,0,0,25,0,8,0,9,3,13,4,0,0,26,0,5,0,3,3,0,0,0,0,14,0,0,0,0,6,4,0,0,0,14,0,0,0,0,3,0,0,0,0,12,0,0,0,0,3,0,0,0,0,8,0,0,0,0,0,0,0,0,0,0,0,0,0,0,0,3,0,0,0,8,6,6,4,0,0,4,3,0,0,17,28,22,22,29,49,63,51,26,7,295
10603112145,core,0,0,3,0,4,9,10,7,0,44,0,3,7,8,3,9,4,8,0,42,0,0,6,9,9,6,5,0,0,35,0,0,3,0,4,8,0,5,0,26,0,0,0,0,4,4,5,4,0,16,0,0,4,3,3,0,4,0,0,13,0,0,0,3,12,12,0,0,0,27,0,0,0,0,0,0,0,0,0,7,0,0,0,3,0,3,3,0,0,12,0,0,3,5,5,0,0,4,5,21,18,19,42,52,62,78,80,58,15,421
10603112146,core,0,0,0,0,0,3,5,8,6,26,0,0,3,0,0,0,4,3,4,18,0,0,6,6,0,0,3,10,3,20,0,0,0,3,0,3,0,3,0,12,0,0,0,0,0,5,0,0,0,8,0,0,0,0,0,0,0,0,0,6,0,0,0,0,0,6,0,0,0,5,0,0,0,0,0,0,0,0,0,4,0,0,0,0,0,0,0,0,0,4,0,0,0,0,0,4,12,43,88,152,0,5,16,15,14,51,76,126,144,450
10603112147,core,0,0,0,4,0,6,7,0,0,28,0,3,5,5,6,5,3,0,0,33,0,4,0,6,9,0,0,5,0,21,0,0,7,0,6,0,0,0,0,14,0,0,0,0,4,3,0,0,0,11,0,0,3,0,5,0,0,0,0,9,0,0,0,10,5,7,0,0,0,17,0,0,0,3,0,3,0,0,0,3,0,0,0,0,0,0,0,0,0,0,0,0,0,0,0,0,3,0,0,3,20,15,36,45,49,44,45,14,8,270
10603112148,core,0,0,11,9,4,4,9,3,0,46,0,0,0,0,7,6,8,0,0,34,0,0,3,4,8,6,15,0,0,40,0,0,6,9,3,5,0,0,0,16,0,0,3,3,4,3,0,0,0,9,0,0,4,3,10,0,0,0,0,13,0,0,7,3,5,3,4,0,0,20,0,0,0,0,0,0,0,0,0,0,0,0,0,0,0,0,0,0,0,5,0,0,0,0,3,0,3,4,0,24,21,17,40,39,50,70,102,45,19,401
10603112149,core,0,4,8,3,0,16,6,3,0,48,0,4,7,8,4,7,8,4,0,40,0,0,6,9,6,9,3,3,0,29,0,0,0,3,3,7,6,0,0,20,0,0,3,5,8,5,3,0,0,15,0,0,0,0,8,5,0,0,0,15,0,0,0,3,6,3,0,0,0,26,0,0,0,0,0,0,0,0,0,7,0,0,0,0,5,5,0,0,0,7,3,3,5,7,10,10,7,10,10,56,21,23,40,50,64,108,90,51,26,477
10603112150,core,0,0,8,0,0,8,5,0,0,19,0,0,8,3,0,0,0,0,0,14,0,0,5,0,5,3,3,0,0,14,0,0,0,0,3,0,7,0,0,15,0,0,4,4,3,0,0,5,0,18,0,0,0,4,3,3,0,0,0,10,0,0,0,4,0,4,0,0,0,10,0,0,0,0,0,0,0,0,0,0,0,0,0,6,0,0,0,0,0,4,0,0,0,0,3,0,3,3,0,9,18,3,30,34,20,38,56,45,11,252
10603112151,core,0,3,4,4,3,6,8,5,0,44,0,0,0,3,10,11,0,5,0,34,0,0,4,3,4,8,4,0,0,32,0,0,11,11,0,4,0,0,0,27,0,0,3,7,3,3,3,0,0,26,0,0,0,0,0,0,0,0,0,5,0,0,3,5,0,0,0,0,0,13,0,0,0,0,0,0,0,0,0,0,0,0,0,0,0,0,4,0,0,4,5,0,3,4,0,3,5,7,3,27,18,20,46,53,51,61,71,47,21,391
10603112152,core,0,0,0,6,0,3,0,0,0,15,0,0,4,0,4,5,3,0,0,24,0,6,0,0,3,13,4,0,0,26,0,0,0,4,3,0,0,0,0,11,0,0,4,5,3,0,0,0,0,9,0,0,0,6,3,0,0,0,0,8,0,0,0,4,0,0,0,0,0,3,0,0,0,0,0,0,0,0,0,3,0,0,0,0,0,0,0,0,0,0,0,7,3,0,3,4,0,0,0,23,27,12,21,33,31,48,47,25,6,261
10603112153,core,0,3,7,4,0,4,4,0,0,25,0,7,9,7,3,5,3,0,0,30,0,6,3,5,9,19,5,9,0,46,0,0,3,7,7,0,0,0,0,22,0,0,0,8,0,4,4,0,0,19,0,0,4,4,3,0,4,0,0,8,0,0,7,5,5,11,0,0,0,25,0,0,0,0,0,0,0,0,0,5,0,0,0,0,0,0,0,0,0,0,8,4,0,5,4,3,0,0,0,20,31,26,40,43,49,59,45,19,6,328
10603112154,core,0,3,0,4,8,3,8,9,0,37,0,0,0,0,7,3,5,3,0,28,0,0,5,3,6,8,0,0,0,29,0,0,5,3,7,7,3,0,0,18,0,0,0,3,9,0,0,0,0,20,0,0,6,0,0,3,0,0,0,14,0,0,0,0,6,6,0,0,0,20,0,0,0,0,0,0,0,0,0,3,0,0,0,0,4,0,0,0,0,13,0,0,0,0,0,0,5,3,0,13,35,16,30,26,70,64,69,39,9,362
10603112155,core,0,0,3,4,5,0,12,5,0,23,0,0,0,4,4,0,3,0,0,20,0,0,4,6,4,4,3,3,0,22,0,0,0,6,5,0,4,0,0,21,0,0,7,5,5,6,0,0,0,17,0,0,0,7,5,4,0,0,0,13,0,0,4,0,4,0,3,0,0,12,0,0,0,0,3,0,6,0,0,8,0,0,0,4,4,0,0,0,0,11,0,0,0,0,0,0,0,3,0,13,15,8,23,36,46,28,69,30,7,277
10603112156,core,0,0,0,0,5,3,14,11,0,36,0,0,3,5,4,12,9,0,0,27,0,0,0,5,4,6,4,0,0,25,0,0,0,0,0,7,0,0,0,18,0,3,0,0,0,8,3,0,0,15,0,0,0,0,0,0,0,0,0,7,0,0,0,0,0,8,4,6,0,16,0,0,0,0,0,0,0,0,0,0,0,0,0,0,0,3,0,0,0,14,0,0,0,0,0,3,3,4,0,14,15,15,21,27,32,73,91,69,12,349
10603112157,core,0,0,7,7,0,9,3,3,0,34,0,0,5,3,6,3,3,4,0,27,0,0,10,0,3,6,3,4,0,32,0,0,0,0,3,4,4,0,0,13,0,0,0,0,6,3,0,0,0,11,0,0,5,6,6,0,0,0,0,11,0,0,4,9,0,0,0,0,0,9,0,0,0,0,0,0,0,0,0,0,0,0,6,0,0,0,0,0,0,12,4,0,0,4,7,6,4,4,0,22,15,13,42,32,39,68,56,38,0,302
10603112158,core,0,9,6,0,11,4,5,5,0,39,0,6,3,11,9,6,5,4,0,41,0,3,9,8,7,11,8,0,0,41,0,0,8,3,3,0,0,5,0,25,0,0,3,3,0,3,7,3,0,18,0,0,3,0,0,0,0,0,0,13,0,0,0,6,3,0,3,0,3,14,0,0,0,0,0,5,0,4,0,8,0,0,0,0,3,0,7,5,0,12,0,9,3,4,0,0,6,13,0,37,14,39,48,50,55,82,108,79,14,494
10603112201,core,0,7,12,5,4,0,11,4,3,54,0,6,13,6,3,11,0,3,0,50,0,6,10,12,14,4,0,0,0,52,0,5,12,5,12,7,0,0,0,34,0,0,6,15,9,4,0,0,0,29,0,0,6,4,4,0,0,0,0,19,0,0,3,3,7,6,0,0,0,10,0,0,0,0,0,0,0,0,0,0,0,0,0,0,0,0,0,0,0,0,0,0,5,5,8,0,9,3,0,23,46,42,90,77,79,58,74,40,6,514
10603112202,core,0,4,0,0,5,6,7,0,0,19,0,0,0,6,8,6,4,0,0,23,0,0,0,0,3,0,0,5,0,19,0,0,5,0,4,0,0,0,0,3,0,0,0,0,0,0,3,0,0,11,0,0,0,0,0,0,0,0,0,4,0,0,0,0,0,3,0,0,0,3,0,0,0,0,0,0,0,0,0,0,0,0,0,0,0,0,0,0,0,0,0,0,0,0,14,9,13,13,3,54,3,8,11,11,49,48,68,33,5,247
10603112203,core,0,0,0,0,0,0,0,0,0,0,0,0,0,0,0,0,0,0,0,0,0,0,0,0,0,0,0,0,0,0,0,0,0,0,0,0,0,0,0,0,0,0,0,0,0,0,0,0,0,0,0,0,0,0,0,0,0,0,0,0,0,0,0,0,0,0,0,0,0,0,0,0,0,0,0,0,0,0,0,0,0,0,0,0,0,0,0,0,0,0,0,0,0,0,0,0,0,0,0,0,0,0,0,0,0,0,0,0,0,0
10603112204,core,0,0,10,0,0,0,0,0,0,19,0,3,12,7,0,12,0,0,0,35,0,0,12,6,0,9,3,0,0,27,0,4,3,3,0,5,0,0,0,12,0,0,3,0,0,0,0,0,0,9,0,0,0,0,4,3,0,0,0,12,0,0,6,0,0,0,0,0,0,4,0,0,0,0,0,0,0,0,0,0,0,0,0,0,0,0,0,0,0,0,3,0,5,7,3,4,5,3,0,30,23,23,67,52,25,47,42,17,3,298
10603112205,core,0,0,11,0,3,7,5,4,0,32,0,8,7,4,6,0,3,0,0,30,0,7,9,10,8,8,3,0,0,44,0,0,6,3,4,11,0,0,0,29,0,5,5,0,4,0,0,0,0,13,0,0,0,0,0,6,0,0,0,7,0,0,0,0,3,0,0,0,0,8,0,0,0,0,0,0,0,0,0,0,0,0,0,0,0,0,0,0,0,0,4,0,0,0,4,0,8,4,0,21,25,28,52,47,54,46,44,20,3,318
10603112206,core,0,5,5,7,9,4,5,0,0,38,0,0,5,8,8,0,4,0,0,26,0,0,9,7,5,5,0,0,0,36,0,0,3,4,0,7,3,0,0,19,0,0,3,4,0,5,0,0,0,12,0,0,0,0,6,4,0,0,0,12,0,0,3,4,0,4,0,0,0,8,0,0,0,0,0,0,0,0,0,0,0,0,0,0,0,0,0,0,0,0,0,5,0,6,0,6,9,3,0,31,28,13,43,53,42,61,50,21,12,322
10603112207,core,0,4,9,0,0,8,0,0,0,26,0,5,8,9,4,0,4,0,0,25,0,4,10,0,0,0,0,0,0,19,0,0,0,3,0,5,0,0,0,18,0,0,3,3,0,0,0,0,0,12,0,0,0,4,0,0,0,0,0,4,0,0,0,0,0,0,0,0,0,0,0,0,0,0,0,0,0,0,0,0,0,0,0,0,0,0,0,0,0,4,3,0,7,9,13,6,3,3,0,39,22,26,56,49,67,61,46,22,7,337
10603112208,core,0,0,9,4,4,0,3,5,0,23,0,0,3,0,0,0,3,0,0,18,0,0,10,3,0,4,3,0,0,20,0,0,3,6,6,0,3,0,0,13,0,0,0,0,0,6,0,0,0,4,0,0,0,0,0,3,0,0,0,5,0,0,5,0,3,0,0,0,0,12,0,0,0,0,0,0,0,0,0,0,0,0,0,0,0,0,0,0,0,4,0,0,0,5,0,5,9,5,4,26,15,17,42,38,29,44,62,32,8,276
10603112209,core,0,0,9,0,3,9,0,7,0,31,0,8,6,6,3,7,0,4,0,37,0,0,7,3,7,11,6,4,0,32,0,4,5,7,0,7,0,0,0,29,0,0,7,0,5,8,0,0,0,14,0,0,5,0,5,0,0,0,0,6,0,0,4,0,0,7,0,0,0,16,0,0,0,0,0,0,0,0,0,3,0,0,0,5,0,0,0,0,0,5,0,0,8,5,0,3,3,5,0,33,16,26,68,53,55,68,51,42,22,388
10603112210,core,0,4,11,4,3,8,7,9,3,55,0,6,6,13,10,5,0,5,0,42,0,4,10,7,14,15,3,0,0,50,0,6,11,9,6,5,5,5,0,38,0,0,5,6,5,6,0,0,0,23,0,0,0,0,0,0,3,0,0,6,0,0,0,4,0,0,0,0,0,14,0,0,0,0,3,0,0,0,0,6,0,0,0,0,0,0,0,0,0,5,0,0,9,5,6,6,5,8,3,34,30,49,67,69,73,79,56,78,32,522
10603112211,core,0,0,7,0,3,3,0,0,0,20,0,0,8,0,4,3,0,0,0,22,0,3,4,0,7,3,5,0,0,19,0,0,3,7,11,0,0,0,0,27,0,0,0,5,0,0,0,0,0,9,0,0,0,0,0,0,0,0,0,11,0,0,0,0,0,5,0,0,0,6,0,0,0,0,0,0,0,0,0,0,0,0,0,0,0,0,0,0,0,8,0,0,0,0,3,6,3,3,0,24,13,19,36,29,39,53,41,54,46,336
10603112212,core,0,0,8,10,7,6,4,6,0,40,0,0,5,6,12,3,4,0,0,40,0,5,14,3,11,4,0,0,0,43,0,0,4,6,3,4,0,0,0,20,0,0,0,3,3,3,0,0,0,14,0,0,0,5,3,4,4,0,0,10,0,0,3,0,4,0,0,0,0,9,0,0,0,0,0,0,0,0,0,0,0,0,0,0,0,0,0,0,0,0,4,0,0,6,4,3,8,3,0,25,43,26,68,67,74,64,46,22,9,418
10603112213,core,0,0,3,4,0,0,4,0,0,17,0,3,6,0,0,9,3,0,0,21,0,0,8,0,8,11,0,0,0,20,0,0,5,6,4,4,3,0,0,19,0,0,0,0,0,3,0,0,0,4,0,0,3,0,0,0,0,0,0,4,0,0,3,0,0,7,0,0,0,6,0,0,0,0,0,0,0,0,0,0,0,0,0,0,0,0,0,0,0,4,0,3,0,0,0,0,0,0,0,9,13,6,29,26,19,41,29,19,0,173
10603112214,core,0,0,9,7,6,7,4,0,0,27,3,3,7,0,4,4,0,0,0,32,0,5,4,0,4,0,0,0,0,19,0,0,7,0,0,3,0,0,0,15,0,0,6,3,0,0,0,0,0,14,0,0,0,0,0,0,0,0,0,0,0,0,0,0,0,0,0,0,0,0,0,0,0,0,0,0,0,0,0,0,0,0,0,0,0,0,0,0,0,0,3,0,0,0,3,4,4,0,0,19,40,36,50,28,33,50,31,12,0,274
10603112215,core,0,7,4,3,7,6,3,0,0,31,0,0,7,4,8,4,3,0,0,28,0,0,5,4,5,5,0,0,0,25,0,0,5,6,0,6,0,0,0,11,0,0,0,0,3,0,0,0,0,9,0,0,0,0,3,3,0,0,0,3,0,0,0,0,0,0,0,0,0,7,0,0,0,0,0,0,0,0,0,0,0,0,0,0,0,0,0,0,0,0,0,0,4,7,7,9,0,0,0,31,36,29,49,59,69,54,37,18,3,342
10603112216,core,0,0,3,4,3,3,9,0,0,27,0,4,3,10,5,8,7,3,0,31,0,0,15,13,9,4,0,0,0,45,0,0,3,0,5,3,0,0,0,20,0,0,0,4,0,5,0,0,0,13,0,0,5,0,3,9,0,0,0,13,0,0,7,4,5,0,0,0,0,12,0,0,0,0,0,0,3,0,0,3,0,0,0,0,0,0,0,0,0,0,0,0,5,3,4,0,0,0,0,21,19,16,60,47,54,53,49,28,7,320
10603112217,core,3,6,11,8,4,0,0,0,0,35,3,9,17,9,11,4,0,0,0,63,0,4,26,21,20,3,0,0,0,72,0,3,15,21,6,3,3,0,0,54,0,0,7,17,10,0,0,0,0,30,0,0,3,13,8,11,0,0,0,32,0,0,14,5,11,3,0,0,0,35,0,0,0,4,3,0,0,0,0,10,0,0,0,0,0,0,0,0,0,0,0,0,8,3,0,0,0,0,0,20,66,40,130,114,94,56,38,21,5,571
10603112218,core,0,0,0,4,3,3,8,0,0,29,0,5,8,0,8,0,0,4,0,25,0,3,6,7,4,8,4,0,0,28,0,0,0,3,6,0,4,0,0,20,0,0,0,6,7,3,0,0,0,19,0,0,0,9,4,0,0,0,0,15,0,0,0,5,3,4,0,0,0,18,0,0,0,0,0,0,0,0,0,0,0,0,0,0,0,0,0,0,0,0,0,0,0,0,0,0,0,0,0,4,32,22,26,47,55,45,46,11,3,276
10603112219,core,0,5,9,4,4,7,8,0,0,36,0,0,12,9,10,6,3,0,0,47,0,5,10,7,8,11,3,0,0,40,0,0,6,7,5,3,4,0,0,23,0,0,6,3,4,0,0,0,0,14,0,0,4,3,3,0,0,0,0,10,0,0,4,0,11,3,0,0,0,12,0,0,3,0,0,3,0,0,0,4,0,0,0,0,0,0,0,0,0,0,0,0,0,3,4,3,0,0,0,16,18,17,62,44,54,77,51,24,7,352
10603112220,core,0,3,0,3,0,8,3,0,0,28,0,3,8,5,4,10,0,0,0,31,0,0,12,10,0,4,3,0,0,36,0,0,3,0,4,3,0,0,0,11,0,4,0,4,9,6,4,0,0,18,0,0,0,0,3,0,0,0,0,9,0,0,0,0,0,0,0,0,0,3,0,0,0,0,0,0,0,0,0,0,0,0,0,0,0,0,0,0,0,0,0,0,8,4,0,4,4,0,0,18,18,19,40,40,32,58,42,14,8,261
10603112221,core,0,7,3,8,3,0,8,0,0,23,3,9,6,9,9,0,3,0,0,33,0,0,3,3,5,9,8,0,0,38,0,5,6,11,11,4,0,0,0,41,0,0,3,10,9,8,3,0,0,30,0,0,0,0,6,4,0,0,0,15,0,0,0,0,7,6,0,0,0,17,0,0,0,0,0,0,0,0,0,0,0,0,0,0,0,0,0,0,0,0,0,4,0,5,8,0,3,4,0,26,39,39,56,65,80,61,52,25,7,422
10603112222,core,0,3,12,7,5,0,0,0,0,37,0,5,5,9,3,9,4,4,0,34,0,0,12,8,7,0,0,0,0,30,0,0,6,0,3,0,0,0,0,15,0,0,0,0,4,6,0,0,0,11,0,0,0,0,0,0,0,0,0,3,0,0,5,0,0,3,0,0,0,7,0,0,0,0,0,0,0,0,0,0,0,0,0,0,0,0,0,0,0,3,0,0,5,5,4,0,6,3,0,29,31,34,54,59,55,43,43,16,6,339
10603112223,core,0,4,0,8,0,6,4,0,0,19,0,4,3,7,11,6,0,0,0,24,0,3,9,3,9,3,0,0,0,32,0,0,0,0,0,3,0,0,0,9,0,0,0,9,3,0,0,0,0,6,0,0,0,5,0,0,0,0,0,7,0,0,3,0,0,0,0,0,0,3,0,0,0,0,0,0,0,0,0,0,0,0,0,0,0,0,0,0,0,3,7,6,4,6,10,0,3,0,0,44,57,41,56,54,75,45,44,19,3,396
10603112224,core,0,0,6,3,6,0,4,0,0,19,0,0,4,3,0,0,3,0,0,19,0,4,11,4,6,3,3,0,0,28,0,0,5,5,0,0,0,0,0,8,0,0,0,4,0,0,0,0,0,8,0,0,0,0,0,0,0,0,0,0,0,0,0,0,0,5,0,0,0,5,0,0,0,0,0,0,0,0,0,0,0,0,0,0,0,0,0,0,0,0,4,0,7,5,5,0,0,5,0,25,19,22,56,29,34,34,28,16,11,242
10603112225,core,0,4,3,0,0,4,0,0,0,14,0,3,4,10,3,7,0,0,0,27,0,4,8,6,14,5,0,0,0,34,0,0,8,5,5,0,4,0,0,23,0,0,5,6,6,7,0,0,0,20,0,0,3,0,3,0,0,0,0,12,0,0,5,4,11,4,5,0,0,22,0,0,3,0,0,0,0,0,0,4,0,0,0,0,0,3,0,0,0,4,0,0,3,3,0,4,0,0,0,15,21,22,57,49,59,60,43,25,7,346
10603112226,core,0,0,3,6,4,0,7,4,0,37,0,4,10,8,6,3,6,0,0,32,0,4,9,6,8,6,12,0,0,53,0,5,11,9,3,6,0,0,0,34,0,5,8,7,3,4,0,0,0,25,0,0,4,0,0,0,0,0,0,12,0,0,7,3,3,3,0,0,0,16,0,0,0,0,0,0,0,0,0,0,0,0,0,0,0,0,0,0,0,3,0,5,0,4,3,5,3,9,0,35,36,33,78,81,52,67,78,42,8,467
10603112227,core,0,10,3,8,7,7,7,3,0,47,0,4,9,12,7,3,0,4,0,50,0,3,21,7,7,14,7,0,0,59,0,4,11,10,10,8,3,0,0,44,0,0,5,15,6,6,0,0,0,32,0,0,0,5,5,7,0,0,0,20,0,0,5,13,15,12,0,5,0,47,0,0,0,0,5,0,0,0,0,10,0,0,0,3,0,4,0,0,0,5,6,5,6,3,0,3,0,0,0,26,51,41,57,97,83,95,67,25,0,527
10603112228,core,5,6,4,0,8,4,7,0,0,37,0,9,3,5,15,9,0,0,0,40,0,4,13,14,14,9,4,0,0,62,0,0,8,10,9,4,3,0,0,35,0,0,3,0,9,4,0,0,0,26,0,0,3,9,6,0,0,0,0,21,0,0,5,11,11,3,0,0,0,22,0,0,0,0,0,0,0,0,0,4,0,0,0,0,0,0,0,0,0,0,0,0,5,4,0,0,5,0,0,8,41,34,60,71,89,60,51,16,0,422
10603112230,core,0,0,10,6,5,5,4,5,0,32,0,12,14,8,11,7,8,0,0,55,0,9,13,5,10,11,3,0,0,57,0,0,0,0,6,10,0,0,0,25,0,0,4,4,6,6,0,0,0,21,0,0,0,0,0,0,0,0,0,4,0,0,5,6,9,0,4,0,0,23,0,0,0,0,0,3,0,0,0,5,0,0,0,0,0,0,0,3,0,6,3,7,11,13,14,13,14,14,0,79,26,48,100,67,82,117,76,55,17,579
10603112232,core,0,0,0,0,0,0,0,0,0,0,0,0,0,0,0,0,0,0,0,3,0,0,0,0,0,0,0,0,0,0,0,0,0,0,0,0,0,0,0,0,0,0,0,0,0,0,0,0,0,0,0,0,0,0,0,0,0,0,0,0,0,0,0,0,0,0,0,0,0,0,0,0,0,0,0,0,0,0,0,0,0,0,0,0,0,0,0,0,0,0,0,0,0,0,0,0,0,0,0,0,0,3,0,0,0,3,0,0,0,12
10603112233,core,0,3,0,4,4,0,0,0,0,14,0,4,5,0,7,3,0,5,0,24,0,0,6,5,0,8,0,3,0,18,0,0,0,7,3,5,0,0,0,19,0,0,5,4,5,7,4,0,0,15,0,4,0,0,3,4,0,0,0,16,0,0,0,7,4,5,0,0,0,16,0,0,0,0,0,0,0,0,0,0,0,0,0,0,0,0,0,0,0,0,0,0,6,4,3,7,0,0,0,12,21,15,32,36,34,49,21,11,4,231
10603112234,core,0,0,0,0,7,0,0,0,0,10,0,0,7,4,5,3,0,0,0,19,0,0,0,3,3,3,3,0,0,20,0,0,4,6,0,0,5,0,0,6,0,0,3,3,3,0,0,0,0,9,0,0,6,0,0,0,0,0,0,4,0,0,0,0,0,0,0,0,0,3,0,0,0,0,3,0,0,0,0,0,0,0,0,0,0,0,0,0,0,0,0,0,0,4,3,0,4,0,0,18,18,11,36,32,31,25,18,20,6,195
10603112235,core,0,9,11,16,16,3,9,3,0,66,4,4,27,11,14,5,0,0,0,64,0,13,23,25,18,6,3,0,3,88,0,6,31,15,9,3,0,0,0,67,0,3,24,11,9,10,3,3,0,61,0,0,12,10,17,7,5,0,0,44,0,0,9,9,16,7,0,0,0,53,0,0,4,0,0,0,0,0,0,5,0,0,0,0,0,4,0,0,0,7,0,0,12,0,0,0,11,0,3,37,76,65,190,131,116,86,70,18,7,759
10603112236,core,3,0,0,0,0,3,9,0,0,17,0,0,0,5,0,4,0,0,0,11,0,0,3,3,0,5,7,0,0,17,0,0,0,0,4,4,3,0,0,9,0,0,0,0,4,0,0,0,0,4,0,0,6,0,3,4,0,0,0,11,0,0,3,0,6,0,0,0,0,8,0,0,0,3,0,0,0,0,0,4,0,0,0,0,0,0,0,0,0,0,0,0,4,0,4,4,3,0,0,13,18,12,21,15,29,34,51,14,4,190
10603112301,core,0,6,5,3,3,0,7,0,0,24,0,0,0,3,0,11,6,0,0,21,0,0,4,5,3,5,3,0,0,20,0,0,3,9,4,0,0,0,0,16,0,0,4,4,0,3,0,0,0,13,0,0,4,3,0,0,0,0,0,8,0,0,6,7,5,6,0,0,0,21,0,0,0,0,0,0,0,0,0,3,0,0,0,0,3,0,0,0,0,5,0,6,0,3,5,3,0,0,0,14,21,14,38,43,37,40,29,10,0,243
10603112302,core,0,0,3,0,0,0,3,3,0,16,0,5,4,0,4,3,5,0,0,24,0,6,0,0,3,9,3,0,0,27,0,0,0,4,3,5,0,0,0,21,0,0,4,3,4,5,0,0,0,15,0,0,0,0,6,0,0,0,0,9,0,0,0,8,3,12,0,0,0,18,0,0,0,0,4,0,0,0,0,7,0,0,0,6,4,0,3,0,0,9,3,0,0,0,0,7,0,0,0,16,25,20,14,25,47,67,32,14,0,238
10603112303,core,9,12,9,3,0,4,4,0,0,38,0,9,6,3,4,7,3,0,0,32,6,3,3,7,0,9,0,0,0,23,0,0,3,7,11,4,3,0,0,29,0,0,3,3,4,4,0,0,0,20,0,0,5,3,3,10,0,0,0,19,0,0,6,7,12,6,0,0,0,38,0,0,0,0,0,0,0,0,0,3,0,0,0,0,0,0,0,0,0,4,0,5,3,3,4,0,0,0,0,16,32,28,50,43,53,62,37,19,0,336
10603112304,core,5,4,0,3,6,0,3,0,0,23,0,0,4,0,8,0,5,0,0,24,0,0,5,0,3,7,7,0,0,26,0,0,3,0,10,4,0,0,0,9,0,0,8,13,5,3,5,0,0,30,0,0,0,8,10,0,0,0,0,18,0,0,7,15,15,7,0,0,0,46,0,0,0,5,6,4,0,0,0,16,0,0,0,0,10,0,0,0,0,14,0,4,0,0,0,7,3,4,0,16,36,26,33,49,75,52,31,21,7,335
10603112305,core,0,8,3,10,10,11,4,0,0,43,0,0,4,10,7,6,0,0,0,30,0,3,3,6,8,13,5,0,0,39,0,0,7,10,7,7,0,0,0,35,0,0,7,3,8,9,0,0,0,27,0,0,0,7,0,7,0,0,0,19,0,0,0,9,21,15,0,0,0,45,0,0,0,0,3,0,0,0,0,7,0,0,0,3,5,0,0,0,0,10,0,0,0,6,0,0,0,3,0,13,51,31,37,66,86,80,38,14,7,410
10603112306,core,0,0,0,5,0,3,0,0,0,9,0,0,0,0,0,8,3,0,0,15,0,5,0,4,0,9,3,0,0,14,0,0,0,3,3,0,0,0,0,14,0,0,0,0,3,0,0,0,0,8,0,0,3,0,3,0,0,0,0,3,0,0,0,4,7,4,0,0,0,12,0,0,0,0,0,0,0,0,0,0,0,0,0,0,8,0,0,0,0,8,0,0,0,0,0,0,0,0,0,0,24,21,11,11,36,38,22,4,0,165
10603112307,core,0,3,3,0,0,4,4,3,0,14,0,0,0,4,0,0,0,0,0,15,0,3,0,7,5,3,5,0,0,19,0,0,0,4,0,0,4,0,0,13,0,0,0,0,4,3,0,0,0,11,0,0,0,4,4,3,0,0,0,8,0,0,4,3,3,3,0,0,0,16,0,0,0,3,0,0,0,0,0,6,0,0,0,0,3,4,0,0,0,6,0,0,5,0,0,3,4,4,0,17,19,11,15,26,25,46,31,20,0,200
10603112308,core,0,0,4,5,4,6,3,0,0,32,0,0,6,7,3,9,3,0,0,36,0,0,3,4,6,4,6,6,0,35,0,3,0,4,4,11,4,0,0,25,0,0,0,0,0,9,3,5,0,20,0,0,0,0,6,3,0,0,0,14,0,0,0,6,14,11,4,0,0,34,0,0,0,0,0,3,0,0,0,7,0,0,0,0,3,8,0,0,0,11,0,0,3,0,0,6,4,0,0,13,19,32,41,46,53,103,62,7,6,362
10603112309,core,0,5,0,3,0,8,7,0,0,23,0,8,6,3,3,3,3,0,0,27,0,3,5,3,6,5,0,3,0,30,0,0,0,7,8,6,0,0,0,16,0,0,4,6,5,3,3,0,0,21,0,0,0,4,4,5,3,0,0,19,0,0,9,3,8,9,0,0,0,37,0,0,0,3,0,0,0,0,0,4,0,0,0,6,4,3,0,0,0,10,0,0,0,0,0,4,0,4,0,12,33,28,27,44,62,62,44,19,5,306
10603112310,core,0,9,4,3,0,0,8,4,0,28,0,3,4,6,9,3,4,0,0,33,0,0,7,11,16,9,3,0,0,46,0,5,5,7,5,15,5,0,0,42,0,0,4,9,11,9,4,0,0,26,0,0,4,5,10,3,0,0,0,19,0,0,0,19,16,15,5,0,0,53,0,0,0,4,4,0,0,0,0,12,0,0,0,4,9,0,4,0,0,25,0,0,6,10,3,0,6,6,0,30,51,25,35,76,110,84,85,33,9,509
10603112311,core,0,7,4,4,4,9,0,0,0,27,0,3,3,3,5,13,3,0,0,34,0,0,4,10,10,4,6,0,0,39,0,3,3,3,5,5,0,0,0,19,0,0,0,3,3,6,0,0,0,19,0,0,0,0,4,0,0,0,0,11,0,0,5,10,10,6,0,0,0,28,0,0,0,0,6,5,0,0,0,4,0,0,0,0,0,5,0,0,0,8,0,0,0,0,0,10,4,3,0,17,27,21,25,53,53,72,43,10,3,300
10603112312,core,5,5,4,3,4,6,0,4,0,32,0,0,4,0,3,3,5,0,0,21,0,4,0,9,9,6,5,0,0,36,0,0,8,8,6,6,0,0,0,25,0,0,4,0,8,8,0,0,0,21,0,0,4,4,9,6,0,0,0,19,0,0,4,6,8,3,0,0,0,24,0,0,0,0,0,0,0,0,0,3,0,0,0,0,0,0,0,0,0,4,0,5,5,0,8,0,0,0,0,23,23,25,48,46,59,67,29,11,8,307
10603112313,core,0,3,3,12,0,9,0,0,0,28,0,6,0,0,10,3,0,4,0,23,0,0,3,3,3,15,5,0,0,37,0,0,5,0,8,9,4,0,0,23,0,0,0,3,10,5,0,0,0,18,0,0,0,0,8,4,0,0,0,18,0,0,8,6,10,13,7,0,0,38,0,0,0,0,6,0,0,0,0,4,0,0,0,3,0,5,0,0,0,16,0,0,3,5,0,3,0,0,0,15,31,17,35,43,71,84,40,6,3,333
10603112314,core,0,3,0,3,0,5,6,0,3,23,0,9,0,0,5,4,6,0,0,26,0,5,0,0,3,5,3,0,0,17,0,0,3,7,6,10,4,0,0,19,0,0,3,8,4,3,3,0,0,22,0,0,0,0,0,3,0,0,0,6,0,0,4,6,14,3,4,0,0,30,0,0,0,0,5,0,0,0,0,5,0,0,0,0,0,0,0,0,0,6,4,0,0,6,6,4,7,0,0,25,25,19,16,37,58,62,59,18,7,293
10603112315,core,0,7,0,0,0,3,0,0,0,15,0,0,4,3,3,0,0,4,0,21,0,0,0,7,10,4,0,0,0,27,0,0,0,5,14,11,4,3,0,33,0,0,4,0,0,3,0,0,0,16,0,0,0,5,0,3,0,0,0,10,0,0,5,3,7,5,0,0,0,16,0,0,0,0,0,0,0,0,0,6,0,0,0,0,0,0,0,0,0,5,0,0,0,5,3,4,3,0,0,12,20,11,28,28,54,37,28,23,5,244
10603112402,external,0,0,0,0,6,10,0,0,0,15,0,5,0,0,0,9,0,0,0,16,0,0,0,0,3,3,9,0,0,18,0,0,0,9,0,6,3,0,0,21,0,0,3,5,0,4,3,0,0,12,0,0,0,0,0,3,0,0,0,9,0,0,0,4,4,0,0,0,0,14,0,0,0,0,0,0,0,0,0,5,0,0,0,0,4,5,6,0,0,7,0,0,3,0,0,4,0,0,0,12,12,16,27,26,41,80,53,19,8,287
10603112403,external,0,0,0,6,7,11,24,9,0,54,0,0,4,0,8,13,20,7,0,46,0,0,0,0,0,5,10,6,0,25,0,0,0,0,3,6,8,3,0,22,0,0,0,3,0,7,9,3,0,22,0,0,0,4,0,0,0,0,0,6,0,0,0,0,0,4,0,0,0,10,0,0,0,0,0,0,0,0,0,0,0,0,0,0,0,4,0,3,0,8,5,0,0,0,0,0,4,7,0,17,15,12,19,21,27,95,199,101,11,495
10603112404,external,0,0,0,3,0,6,12,0,0,33,0,0,0,0,4,0,6,0,0,17,0,0,0,0,5,3,5,0,0,16,0,0,0,0,0,3,3,9,0,9,0,0,0,0,0,3,3,0,0,15,0,0,0,0,0,6,3,0,0,6,0,0,0,4,0,3,0,0,3,15,0,0,0,0,3,0,0,0,0,8,0,0,0,0,0,3,0,0,0,6,0,0,3,0,0,3,5,9,5,22,12,3,5,19,22,62,117,66,26,330
10603112405,external,0,0,0,0,0,3,8,18,9,53,0,0,0,0,8,0,9,6,7,35,0,0,0,3,0,4,7,9,3,28,0,0,0,0,4,0,3,6,3,14,0,0,0,5,0,0,0,4,0,9,0,0,0,0,5,0,0,0,0,7,0,0,0,0,0,0,0,4,3,9,0,0,0,0,0,0,0,0,0,0,0,0,0,0,5,0,4,0,0,3,0,0,0,0,0,0,3,6,12,27,12,3,11,15,26,50,132,203,103,557
10603112406,external,0,0,0,0,8,0,4,4,3,26,0,3,6,6,0,10,4,0,0,31,0,0,0,0,5,3,3,0,0,12,0,0,0,0,0,0,0,0,0,7,0,0,0,0,4,5,5,0,0,10,0,0,7,0,0,0,0,0,0,5,0,0,0,4,0,8,0,0,0,7,0,0,0,0,0,0,0,0,0,0,0,0,0,0,0,0,0,0,0,0,0,0,0,0,3,0,5,4,0,18,8,6,15,21,26,58,82,51,8,275
10603112407,external,0,0,3,0,4,4,0,6,0,19,0,0,0,5,3,3,0,0,0,24,0,0,3,0,4,4,0,5,0,15,0,0,0,0,0,5,0,0,0,3,0,0,0,3,0,4,0,0,0,10,0,0,0,3,0,0,0,0,0,9,0,0,3,0,4,0,4,0,0,8,0,0,0,0,0,0,0,0,0,5,0,0,0,0,0,0,0,0,0,9,0,0,0,0,0,0,6,0,0,11,7,5,20,22,27,49,59,40,6,238
10603112408,external,0,0,0,4,5,0,9,5,0,25,0,0,0,0,3,3,6,0,0,18,0,0,4,0,10,0,3,3,0,17,0,0,0,4,0,6,6,0,0,12,0,0,0,3,0,6,0,0,0,13,0,0,0,0,3,0,0,3,0,10,0,0,0,4,5,8,0,0,0,18,0,0,0,0,0,0,0,0,0,0,0,0,0,0,0,0,3,0,0,7,0,0,0,3,0,0,10,0,0,20,13,3,17,31,31,58,94,46,8,298
10603112409,external,0,0,0,0,0,0,6,4,0,16,0,3,0,0,4,0,6,3,0,23,0,0,4,0,5,4,6,3,0,24,0,0,4,0,4,0,0,0,0,9,0,0,4,6,0,3,3,0,0,16,0,0,0,0,0,3,0,0,0,3,0,0,3,0,0,0,0,0,0,5,0,0,4,0,0,0,0,0,0,10,0,0,0,0,0,0,0,0,0,3,0,3,3,3,5,0,3,4,4,29,9,16,30,22,35,39,54,54,10,269
10603112411,external,0,3,5,4,6,11,12,0,0,39,0,4,7,5,9,12,5,9,0,46,0,0,3,3,0,10,7,3,0,37,0,3,3,0,3,3,6,3,0,24,0,0,0,4,5,3,4,0,0,21,0,0,6,0,3,6,4,0,0,14,0,0,0,0,0,9,5,0,0,21,0,0,0,0,0,0,3,0,0,4,0,0,0,3,0,8,7,0,0,22,5,0,5,3,4,3,5,22,38,87,17,21,38,29,43,117,127,82,60,533
10603112412,external,0,0,0,0,6,6,6,5,0,27,0,0,3,0,10,5,0,3,0,20,0,0,0,0,0,6,4,0,0,14,0,0,0,0,0,4,6,0,0,7,0,0,0,0,4,0,4,0,0,6,0,0,0,0,3,6,0,0,0,11,0,0,0,4,3,5,0,0,0,9,0,0,0,0,0,0,3,0,0,3,0,0,0,0,0,4,0,0,0,8,0,5,0,0,0,7,4,0,0,22,13,13,10,13,42,70,69,35,6,263
10603112413,external,0,0,8,4,0,9,10,5,0,33,0,0,7,0,3,8,12,4,0,34,0,0,5,8,9,11,11,0,0,36,0,0,0,4,3,8,4,0,0,25,0,0,0,0,5,0,5,3,0,15,0,0,0,0,0,3,0,0,0,13,0,0,0,0,4,7,0,0,0,16,0,0,0,0,0,0,0,0,0,0,0,0,0,0,0,0,0,0,0,10,9,7,0,3,4,16,9,5,4,53,19,12,23,37,63,108,111,51,8,441
10603112414,external,0,0,0,0,5,4,0,0,0,7,0,0,0,0,0,0,0,0,0,4,0,0,0,0,0,6,5,0,0,8,0,0,0,0,0,0,0,0,0,5,0,0,0,0,0,0,0,0,0,0,0,0,0,0,0,0,0,0,0,8,0,0,0,0,4,0,0,0,0,6,0,0,0,0,0,0,0,0,0,0,0,0,0,0,0,0,0,0,0,0,0,0,0,0,0,0,0,0,0,6,9,5,7,4,20,13,18,9,0,84
10603112415,external,0,0,0,0,0,0,0,0,0,0,0,0,0,0,0,0,0,0,0,0,0,0,0,0,0,0,0,0,0,0,0,0,0,0,0,0,0,0,0,0,0,0,0,0,0,0,0,0,0,0,0,0,0,0,0,0,0,0,0,0,0,0,0,0,0,0,0,0,0,0,0,0,0,0,0,0,0,0,0,0,0,0,0,0,0,0,0,0,0,0,0,0,0,0,0,0,0,0,0,0,0,0,0,0,0,0,0,0,0,0
10603112416,external,0,0,0,0,0,0,0,0,0,0,0,0,0,0,0,0,0,0,0,0,0,0,0,0,0,0,0,0,0,0,0,0,0,0,0,0,0,0,0,0,0,0,0,0,0,0,0,0,0,0,0,0,0,0,0,0,0,0,0,0,0,0,0,0,0,0,0,0,0,0,0,0,0,0,0,0,0,0,0,0,0,0,0,0,0,0,0,0,0,0,0,0,0,0,0,0,0,0,0,0,0,0,0,0,0,0,0,0,0,0
10603112417,external,0,0,0,0,0,6,11,0,0,17,0,0,0,0,0,3,3,0,0,15,0,0,0,0,0,0,3,3,0,11,0,0,0,0,4,3,3,0,0,14,0,0,0,0,0,10,4,0,0,9,0,0,0,0,0,0,0,0,0,8,0,0,0,0,0,3,0,0,0,3,0,0,0,0,0,0,0,0,0,0,0,4,0,4,0,4,5,0,0,18,0,0,0,0,0,5,14,33,47,103,3,6,10,17,22,62,96,71,51,334
10603112418,external,0,0,3,0,3,8,6,7,0,21,0,0,0,0,0,0,0,0,0,6,0,0,5,4,0,3,5,0,0,16,0,0,0,0,3,4,0,0,0,12,0,0,0,0,3,7,0,0,0,7,0,0,0,0,0,0,0,0,0,0,0,0,0,0,0,4,0,0,0,8,0,0,0,0,0,0,0,0,0,3,0,0,0,0,0,0,0,0,0,3,0,0,0,0,4,0,4,6,0,21,11,3,14,16,14,44,61,32,7,215
10603112419,external,0,0,0,0,0,0,0,0,0,5,0,0,0,0,0,0,0,0,0,6,0,0,0,0,0,0,0,0,0,0,0,0,0,0,0,0,0,0,0,0,0,0,0,0,0,0,0,0,0,0,0,0,0,0,0,0,0,0,0,0,0,0,0,0,0,0,0,0,0,0,0,0,0,0,0,0,0,0,0,0,0,0,0,0,0,0,0,0,0,0,0,0,0,0,0,4,0,0,0,0,0,0,0,0,4,12,4,0,5,28
10603112420,external,0,0,0,0,0,5,21,21,0,43,0,0,0,0,0,8,13,10,3,30,0,0,0,0,0,8,26,8,3,44,0,0,0,0,0,3,16,3,0,24,0,0,0,0,0,3,10,6,0,18,0,0,0,0,0,0,9,4,0,17,0,0,0,0,0,0,4,0,0,5,0,0,0,0,0,0,0,0,0,3,0,0,0,0,0,0,0,0,0,0,0,0,0,0,0,0,7,15,0,20,0,0,0,0,3,32,238,187,29,497
10603112421,external,0,0,0,0,0,4,0,4,0,6,0,0,0,0,0,4,4,0,0,16,0,0,0,0,0,0,0,0,0,0,0,0,0,0,0,3,0,0,0,9,0,0,4,0,6,0,0,0,0,5,0,0,0,0,0,0,0,0,0,0,0,0,0,0,0,0,0,0,0,0,0,0,0,0,0,0,0,0,0,0,0,0,0,0,0,0,0,0,0,5,0,0,0,0,0,0,0,4,0,10,4,0,9,3,14,23,15,15,6,95
10603112422,external,0,3,0,0,4,6,6,0,0,14,0,0,0,0,0,4,5,0,0,9,0,0,0,0,0,4,0,0,0,4,0,0,0,0,0,3,7,0,0,8,0,0,0,0,0,0,0,0,0,3,0,0,0,0,0,5,0,0,0,9,0,0,0,0,0,0,0,0,0,3,0,0,0,0,0,0,0,0,0,0,0,0,0,0,0,0,0,0,0,0,0,3,0,0,4,0,0,6,0,21,3,8,3,10,13,39,37,26,7,140
10603112501,core,0,0,4,0,0,3,5,5,0,15,0,0,4,4,4,0,0,0,0,11,0,0,3,6,0,0,0,0,0,15,0,0,0,0,0,0,0,0,0,5,0,0,0,0,0,0,0,5,0,6,0,0,0,3,0,0,0,0,0,5,0,0,0,0,0,0,0,0,0,5,0,0,0,0,0,0,0,0,0,0,0,0,0,0,5,0,0,0,0,5,5,0,6,6,3,0,0,0,0,20,19,5,21,27,40,22,31,25,0,189
10603112502,core,0,6,5,8,8,10,5,3,0,44,0,5,10,6,14,8,4,3,0,46,0,3,6,11,7,6,9,0,0,47,0,0,9,0,8,9,0,0,0,18,0,0,6,0,5,3,0,0,0,26,0,0,3,0,0,0,0,0,0,8,0,0,9,8,5,0,0,0,0,19,0,0,0,0,0,0,0,0,0,0,0,0,0,0,0,0,0,0,0,4,3,3,7,4,9,3,7,0,0,45,29,31,68,59,80,84,103,51,4,509
10603112503,core,0,7,0,4,0,0,3,3,0,22,0,0,6,6,7,4,3,0,0,27,0,0,3,14,10,7,0,0,0,31,0,0,0,4,3,6,4,0,0,23,0,0,3,6,0,4,0,0,0,23,0,0,0,5,12,0,0,0,0,18,0,0,0,15,10,7,0,0,0,42,0,0,0,3,0,0,0,0,0,7,0,0,5,0,9,4,0,0,0,14,0,0,0,3,0,5,0,0,0,13,32,23,38,76,66,69,47,26,7,386
10603112505,core,0,0,0,0,0,0,0,0,0,0,0,0,0,0,0,0,0,0,0,0,0,0,0,0,0,0,0,0,0,0,0,0,0,0,0,0,0,0,0,0,0,0,0,0,0,0,0,0,0,0,0,0,0,0,0,0,0,0,0,0,0,0,0,0,0,0,0,0,0,0,0,0,0,0,0,0,0,0,0,0,0,0,0,0,0,0,0,0,0,0,0,0,0,0,0,0,0,0,0,0,0,0,0,0,0,0,0,0,0,0
10603112506,core,0,4,4,6,3,3,7,4,0,38,0,0,9,7,3,3,0,3,0,33,0,0,3,3,13,8,10,0,0,39,0,0,6,6,6,7,4,0,0,28,0,0,3,0,9,0,5,0,0,22,0,0,5,9,5,6,0,0,0,21,0,0,0,10,6,3,0,0,0,21,0,0,0,0,0,0,0,0,0,3,0,0,0,0,0,0,0,0,0,0,0,6,4,8,7,10,11,5,3,54,36,34,49,66,93,83,71,29,4,470
10603112507,core,0,4,4,6,6,3,3,4,0,35,0,4,3,3,5,6,4,3,0,34,0,0,5,0,7,9,4,0,0,33,0,0,0,4,6,11,3,0,0,25,0,0,0,10,6,9,0,0,0,22,0,0,4,4,0,3,0,0,0,10,0,0,0,12,6,3,0,0,0,24,0,0,0,0,0,5,0,0,0,6,0,0,0,3,0,0,0,0,0,7,5,4,3,0,3,6,0,3,5,36,31,29,34,56,69,94,63,49,9,444
10603112508,core,0,0,0,0,0,0,0,0,0,0,0,0,0,0,0,0,0,0,0,0,0,0,0,0,0,0,0,0,0,0,0,0,0,0,0,0,0,0,0,0,0,0,0,0,0,0,0,0,0,0,0,0,0,0,0,0,0,0,0,0,0,0,0,0,0,0,0,0,0,0,0,0,0,0,0,0,0,0,0,0,0,0,0,0,0,0,0,0,0,0,0,0,0,0,0,0,0,0,0,0,0,0,0,0,0,0,0,0,0,0
10603112509,core,0,0,0,0,0,0,0,0,0,0,5,5,0,0,0,0,0,0,0,5,9,7,0,0,0,0,0,0,0,17,3,9,0,5,0,0,0,0,0,15,0,0,0,0,0,0,0,0,0,4,0,0,0,0,0,0,0,0,0,3,0,0,0,0,0,0,0,0,0,0,0,0,0,0,0,0,0,0,0,0,0,0,0,0,0,0,0,0,0,0,0,0,0,0,0,0,0,0,0,0,10,23,6,5,0,0,0,0,0,43
10603112510,core,0,5,4,3,0,4,4,0,0,20,0,0,6,8,0,4,0,0,0,20,0,0,4,5,8,5,4,0,0,23,0,0,0,0,3,0,0,0,0,9,0,0,3,0,0,5,0,0,0,14,0,0,0,0,5,0,0,0,0,8,0,0,0,0,3,0,0,0,0,14,0,0,0,0,0,0,0,0,0,0,0,0,4,0,0,0,0,0,0,9,0,0,0,0,10,0,3,7,0,30,14,12,35,34,39,51,44,23,11,261
10603112512,core,0,0,0,0,0,4,7,3,0,15,0,7,0,0,5,3,0,0,0,20,0,0,7,5,13,0,4,0,0,31,0,0,4,4,0,3,0,0,0,11,0,0,4,0,8,8,0,0,0,18,0,0,0,0,9,5,0,0,0,9,0,0,3,3,16,6,5,0,0,33,0,0,0,0,0,0,0,0,0,0,0,0,0,5,0,0,0,0,0,3,0,0,0,0,4,0,0,0,0,6,25,18,32,32,61,46,52,21,10,283
10603112513,core,0,0,4,3,7,0,7,0,0,23,0,0,3,3,6,11,5,0,0,34,0,3,5,13,11,10,12,4,0,54,0,0,3,9,4,0,5,0,0,24,0,0,5,5,11,9,3,0,0,30,0,0,0,6,12,6,0,0,0,30,0,0,3,6,19,5,0,0,0,35,0,0,0,3,3,4,0,0,0,11,0,0,0,3,7,0,0,0,0,9,0,0,4,0,3,5,0,3,0,15,42,21,36,72,80,89,65,28,7,437
10603112514,core,0,0,0,4,0,0,0,0,0,8,0,0,0,0,6,8,0,0,0,5,0,0,3,4,0,0,4,0,0,4,0,0,0,0,0,0,0,0,0,0,0,0,0,0,0,0,0,0,0,0,0,0,0,0,0,0,0,0,0,0,0,0,0,0,0,0,0,0,0,0,0,0,0,0,0,0,0,0,0,0,0,0,0,0,0,0,0,0,0,0,3,0,4,0,5,5,0,0,0,15,8,5,13,9,18,16,8,0,3,76
10603112515,core,0,4,7,0,3,3,13,15,0,43,0,4,5,4,4,4,0,0,0,27,0,0,9,4,0,3,4,0,0,23,0,0,3,4,0,8,0,0,0,18,0,0,3,3,0,3,0,0,0,10,0,0,0,0,0,0,0,0,0,7,0,0,0,0,3,3,6,0,0,15,0,0,0,0,0,0,0,0,0,0,0,0,0,0,4,0,4,0,0,0,0,5,5,0,4,12,12,9,0,49,10,23,37,29,34,85,136,74,12,433
10603112516,core,0,9,5,0,3,5,3,0,0,26,3,0,4,4,8,6,0,0,0,28,0,0,5,7,4,9,8,0,0,33,0,0,3,6,5,5,0,0,0,19,0,0,4,4,8,0,4,0,0,19,0,0,0,5,0,0,0,5,0,11,0,0,0,4,8,0,0,0,0,13,0,0,0,0,0,0,0,0,0,0,0,0,0,0,0,0,0,0,0,3,0,0,5,4,0,5,5,0,0,20,18,17,28,42,60,57,63,18,10,326
10603112517,core,0,4,3,0,6,5,7,3,4,31,0,0,0,6,0,6,9,8,0,24,0,9,10,9,0,9,4,3,0,35,0,0,0,0,0,6,0,0,0,9,0,0,0,0,3,4,5,0,0,14,0,0,0,3,3,0,0,0,0,5,0,0,6,4,4,0,0,0,0,13,0,0,0,4,0,0,0,0,0,4,0,0,0,0,7,0,0,0,0,12,0,0,4,7,7,4,5,7,4,38,3,17,39,41,45,55,98,82,26,406
10603112518,core,0,4,6,6,7,10,8,7,0,45,0,0,5,8,9,8,9,0,0,42,0,0,8,0,11,16,4,0,0,43,0,0,9,9,9,6,0,0,0,30,0,0,0,4,9,11,0,0,0,21,0,0,0,8,4,11,0,0,0,20,0,0,4,10,11,6,3,0,0,35,0,0,0,4,5,3,0,0,0,10,0,0,0,0,0,0,0,0,0,3,3,0,0,3,5,0,4,4,0,18,30,24,53,67,77,95,72,30,4,448
10603112519,core,4,0,8,3,8,9,5,6,0,29,0,3,0,8,6,5,5,0,0,25,0,0,3,3,6,3,4,0,0,21,0,0,0,0,8,8,0,0,0,19,0,0,0,6,4,11,0,0,0,21,0,0,0,5,0,0,0,0,0,6,0,0,4,7,12,3,0,0,0,27,0,0,0,3,0,0,0,0,0,0,0,0,0,0,0,0,0,0,0,0,0,0,4,0,0,0,0,0,0,11,20,15,21,32,56,62,47,26,3,287
10603112520,core,0,0,0,0,4,0,3,0,0,13,0,4,0,3,7,9,0,5,0,24,0,0,4,9,0,6,0,0,0,20,0,0,0,0,5,5,0,0,0,23,0,0,0,5,6,0,3,0,0,12,0,0,0,3,0,4,3,0,0,13,0,0,0,9,0,6,0,0,0,22,0,0,0,0,0,0,0,0,0,6,0,0,0,0,3,0,0,0,0,7,0,4,0,0,3,3,0,0,0,16,27,20,22,42,47,62,35,25,0,279
10603112521,core,0,4,0,3,11,3,9,0,0,29,0,10,3,8,7,6,9,0,0,47,0,7,4,3,0,4,0,0,0,27,0,3,0,3,11,9,8,0,0,29,0,0,0,4,18,5,0,0,0,30,0,0,5,9,9,6,0,3,0,31,0,0,0,11,18,14,0,0,0,46,0,0,0,5,9,0,0,0,0,8,0,0,0,0,4,0,0,0,0,8,9,0,0,0,10,3,3,0,0,27,52,38,28,63,101,76,54,32,5,452
10603112522,core,0,0,0,0,9,0,4,0,0,15,0,4,0,0,5,6,0,0,0,26,0,0,8,6,4,5,0,3,0,31,0,0,5,4,3,7,0,0,0,23,0,0,6,4,9,4,0,0,0,14,0,0,0,8,10,0,0,0,0,19,0,0,4,4,7,10,0,0,0,22,0,0,0,0,0,0,0,0,0,0,0,0,0,0,0,0,0,0,0,0,0,0,0,0,0,0,3,5,0,13,24,18,40,42,59,35,16,18,0,254
10603112523,core,0,3,3,3,5,0,0,0,0,12,0,4,6,3,8,0,4,0,0,29,0,4,7,3,4,0,0,0,0,26,0,0,5,5,4,5,0,0,0,23,0,4,3,0,7,0,0,0,0,17,0,0,0,0,4,5,0,0,0,6,0,0,5,15,3,0,0,0,0,22,0,0,0,0,0,0,3,0,0,3,0,0,0,6,0,0,0,0,0,6,0,0,5,0,0,0,0,4,0,8,21,15,40,48,49,31,29,15,6,250
10603112524,core,0,5,4,6,0,9,3,0,0,22,0,4,7,4,3,5,0,0,0,20,0,6,14,10,10,11,0,0,0,52,0,5,11,10,8,9,0,0,0,38,0,0,5,11,8,0,0,0,0,30,0,0,4,3,3,0,0,0,0,16,0,0,9,6,9,5,0,0,0,34,0,0,0,0,0,0,0,0,0,0,0,0,0,0,0,0,0,0,0,0,0,0,0,4,4,0,0,0,0,9,36,32,78,67,57,47,23,12,7,365
10603112525,core,0,7,4,6,3,5,5,0,0,31,0,3,9,10,4,8,0,0,0,44,0,0,4,7,10,5,0,0,0,31,0,0,5,7,3,7,0,0,0,29,0,0,3,7,4,3,0,0,0,18,0,0,0,5,6,0,0,0,0,8,0,0,0,4,7,0,4,0,0,10,0,0,0,0,0,0,0,0,0,0,0,0,0,0,0,0,0,0,0,0,0,0,0,0,0,0,0,4,0,5,30,28,54,58,61,52,46,19,6,367
10603112526,core,0,0,3,7,4,0,0,0,0,13,0,0,0,8,5,5,0,0,0,16,0,6,12,5,3,9,0,0,0,29,3,6,10,3,0,0,0,0,0,27,0,0,4,4,0,0,0,0,0,13,0,0,0,5,5,0,0,0,0,5,0,0,3,10,0,4,0,0,0,15,0,0,0,0,0,0,0,0,0,0,0,0,0,0,0,0,0,0,0,0,0,5,4,0,0,0,0,0,0,17,21,21,45,53,24,27,15,15,0,225
10603112527,core,5,3,13,8,3,3,0,0,0,27,0,7,13,10,5,12,3,0,0,50,0,3,11,14,10,8,4,0,0,51,0,3,17,6,9,0,0,0,0,44,0,5,4,18,10,7,0,0,0,45,0,0,6,3,8,0,0,0,0,20,0,0,9,11,13,9,0,0,0,36,0,0,0,0,3,0,0,0,0,8,0,0,0,3,0,0,0,0,0,4,0,7,7,3,4,3,0,0,0,24,37,44,97,88,78,65,23,13,7,455
10603112528,core,0,4,9,0,4,6,4,0,0,28,0,9,12,8,5,4,0,0,0,32,0,4,11,9,5,7,0,0,0,42,0,0,3,5,0,10,0,0,0,24,0,0,3,5,4,11,0,0,0,21,0,0,3,11,4,4,0,0,0,18,0,0,3,5,7,4,0,0,0,16,0,0,0,0,0,0,0,0,0,0,0,0,0,0,0,0,0,0,0,0,0,0,8,10,3,0,5,0,3,32,31,30,76,64,47,56,46,16,3,363
10603112529,core,0,6,4,5,5,0,4,0,0,17,0,5,8,6,0,4,0,0,0,26,0,0,10,8,8,4,0,0,0,35,0,7,4,5,7,0,0,0,0,18,0,0,10,7,3,0,0,0,0,19,0,0,7,0,3,0,0,0,0,13,0,0,0,4,3,0,0,0,0,13,0,0,0,0,0,0,0,0,0,0,0,0,0,0,0,0,0,0,0,3,4,0,3,0,4,0,0,0,0,10,27,20,60,54,42,27,24,9,0,258
10603112530,core,0,3,7,7,0,0,0,0,0,19,0,3,8,8,7,3,0,3,0,38,0,0,12,13,7,0,3,0,0,35,0,0,10,7,8,3,3,0,0,36,0,0,13,10,0,3,0,0,0,26,0,0,3,5,6,0,0,0,0,20,0,0,8,15,6,6,0,0,0,32,0,0,0,0,0,0,0,0,0,6,0,0,0,0,0,0,0,0,0,0,0,0,8,0,0,0,0,0,0,13,21,26,95,83,57,42,24,18,11,373
10603112531,core,4,5,0,6,0,0,0,6,0,23,0,8,0,0,3,0,0,0,0,12,0,4,7,3,12,5,5,3,0,31,0,0,4,0,6,4,0,0,0,17,0,0,0,6,5,3,4,0,0,18,0,0,5,0,3,0,0,0,0,16,0,0,0,9,14,3,0,0,0,27,0,0,0,0,0,7,0,0,0,6,0,0,0,0,3,0,7,0,0,13,0,0,0,0,0,0,3,0,0,7,37,20,17,40,73,48,35,20,8,297
10603112532,core,0,0,3,0,0,0,9,0,0,14,0,0,0,0,0,0,3,4,0,18,0,0,8,5,8,3,7,0,0,25,0,0,6,0,5,0,0,0,0,9,0,0,3,7,3,4,4,0,0,20,0,0,0,0,3,0,0,0,0,3,0,0,5,3,3,0,0,0,0,11,0,0,0,0,4,0,0,0,0,3,0,0,0,0,0,0,0,0,0,0,0,0,0,0,0,0,0,0,0,6,17,16,22,29,39,30,44,17,3,210
10603112533,core,0,0,0,0,0,0,0,0,0,0,0,0,0,0,0,0,0,0,0,0,0,0,0,0,0,0,0,0,0,0,0,0,0,0,0,0,0,0,0,0,0,0,0,0,0,0,0,0,0,0,0,0,0,0,0,0,0,0,0,0,0,0,0,0,0,0,0,0,0,0,0,0,0,0,0,0,0,0,0,0,0,0,0,0,0,0,0,0,0,0,0,0,0,0,0,0,0,0,0,0,0,0,0,0,0,0,0,0,0,0
10603112534,core,0,0,0,3,4,7,5,0,0,20,0,0,0,4,3,3,0,3,0,19,0,0,6,4,6,4,0,0,0,19,0,0,0,0,0,0,0,0,0,8,0,0,0,0,0,5,0,0,0,9,0,0,0,0,0,0,0,0,0,6,0,0,0,3,5,5,0,0,0,14,0,0,0,0,0,0,0,0,0,5,0,0,0,0,0,0,0,0,0,3,0,0,0,0,0,6,3,4,0,14,16,9,17,24,28,45,44,19,7,202
10603112535,core,0,3,3,4,4,0,0,0,0,11,0,0,0,0,0,4,0,0,0,14,0,0,10,8,6,4,0,0,0,29,0,0,11,5,6,0,0,0,0,21,0,0,6,9,3,0,0,0,0,20,0,0,6,3,6,0,0,0,0,19,0,3,0,4,4,0,0,0,0,14,0,0,0,0,0,0,0,0,0,0,0,0,0,0,0,0,0,0,0,0,3,0,0,0,4,5,3,0,0,16,22,12,50,46,42,22,25,5,0,227
10603112536,core,0,0,0,3,3,0,0,0,0,11,0,4,4,3,6,3,4,0,0,22,0,0,0,3,9,7,0,0,0,23,0,0,0,0,4,0,0,0,0,10,0,0,3,0,3,0,0,0,0,8,0,0,0,0,6,0,0,0,0,8,0,0,0,0,5,0,0,0,0,9,0,0,0,0,0,0,0,0,0,0,0,0,0,0,0,0,0,0,0,6,0,0,0,0,0,0,0,3,0,12,22,12,13,31,37,52,29,15,3,210
10603112537,core,0,5,3,0,5,4,3,9,0,30,0,4,3,5,0,11,3,0,0,28,0,6,7,0,8,3,5,3,0,37,0,0,6,5,9,8,0,3,0,25,0,0,0,0,7,0,0,0,0,21,0,0,4,0,0,5,0,0,0,13,0,0,4,5,7,4,4,0,0,16,0,0,0,0,0,0,0,0,0,3,0,0,0,4,0,0,0,0,0,9,9,4,0,0,4,5,0,0,0,21,29,23,46,31,61,54,44,26,0,313
10603112538,core,7,3,6,6,0,4,0,0,0,33,0,4,5,8,5,0,3,0,0,34,0,4,20,10,10,0,5,0,0,49,0,0,16,18,0,0,3,0,0,45,0,0,13,19,8,0,0,0,0,37,0,0,18,13,13,0,0,0,0,38,0,0,18,28,16,0,0,0,0,59,0,0,0,6,0,0,0,0,0,9,0,0,0,7,0,0,0,0,0,4,6,3,6,0,6,0,0,0,0,22,38,30,116,119,68,17,34,16,0,438
10603112539,core,0,0,0,4,0,6,7,0,0,18,0,0,0,0,0,3,8,0,0,18,0,0,3,3,6,10,11,0,0,36,0,7,4,7,0,5,3,0,0,28,0,0,9,3,0,8,0,0,0,18,0,0,0,3,5,0,5,0,0,16,0,0,4,5,8,3,5,0,0,21,0,0,0,0,4,3,0,0,0,8,0,0,0,0,6,0,0,0,0,5,0,0,0,0,0,0,0,0,0,3,8,16,31,32,35,67,72,23,0,289
10603112540,core,0,0,0,0,7,4,9,0,0,19,0,3,0,0,11,3,0,3,0,25,0,0,4,0,4,3,0,0,0,9,0,0,0,0,3,0,0,0,0,4,0,0,4,0,7,5,0,0,0,18,0,0,0,4,0,0,0,0,0,5,0,0,3,0,4,0,0,0,0,12,0,0,0,0,0,6,0,0,0,4,0,0,0,0,4,0,0,0,0,4,0,0,4,4,4,6,15,5,0,44,21,13,23,39,57,49,62,22,3,284
10603112541,core,5,5,6,14,9,10,5,0,0,53,4,3,3,5,5,6,13,3,0,41,0,0,6,13,14,10,0,0,0,44,0,0,8,16,10,8,6,0,0,51,0,0,11,16,10,14,0,0,0,55,0,0,8,16,15,12,0,0,0,44,0,0,15,29,26,14,0,0,0,85,0,0,0,9,4,0,0,0,0,14,0,0,0,4,8,0,0,0,0,17,0,0,0,0,6,3,0,4,0,10,55,31,77,142,125,90,65,29,5,616
10603112542,core,0,0,0,0,0,0,0,0,0,11,0,0,0,5,0,3,0,0,0,5,0,0,5,4,0,3,6,0,0,19,0,0,0,0,0,3,0,0,0,10,0,0,0,3,0,0,0,0,0,3,0,0,0,0,3,0,0,6,0,3,0,0,0,3,3,3,0,0,0,12,0,0,0,0,0,0,0,0,0,0,0,0,0,0,0,0,0,0,0,0,0,0,0,0,8,4,0,0,0,10,13,11,6,17,24,36,31,14,0,157
10604112601,external,0,0,0,0,0,0,0,0,0,0,0,0,5,0,3,0,0,0,0,9,0,0,0,0,0,0,3,0,0,6,0,0,0,0,0,0,0,0,0,0,0,0,0,0,0,0,0,0,0,8,0,0,0,0,0,0,0,0,0,0,0,0,0,0,0,0,0,0,0,3,0,0,0,0,0,0,0,0,0,0,0,0,0,0,0,0,0,0,0,0,0,0,0,0,0,0,0,0,0,0,0,0,7,8,10,9,5,0,0,53
10604112602,external,0,0,4,0,0,0,0,0,0,7,0,4,0,3,0,0,0,0,0,11,0,0,4,0,0,0,0,0,0,8,0,0,5,0,0,0,0,0,0,9,0,0,3,7,3,0,0,0,0,9,0,0,4,0,5,0,0,0,0,11,0,0,4,6,4,3,0,0,0,11,0,0,4,4,0,0,0,0,0,5,0,0,0,3,0,0,0,0,0,4,0,21,79,77,41,16,4,0,0,237,7,23,122,100,62,25,11,6,0,354
10604112603,external,0,6,0,5,4,7,4,0,0,23,0,0,0,4,8,3,0,0,0,27,0,0,9,0,3,0,0,0,0,17,0,0,6,3,3,3,0,0,0,13,0,0,0,0,0,0,3,0,0,11,0,0,0,7,0,4,0,0,0,7,0,0,0,5,9,6,0,0,0,19,0,0,0,0,0,0,0,0,0,6,0,0,0,4,0,0,0,0,0,0,0,0,3,0,0,6,0,0,6,18,26,13,40,36,40,61,40,19,13,278
10604112604,external,6,0,7,5,0,3,4,0,0,19,0,7,0,6,4,3,7,0,0,29,0,0,8,4,0,0,0,0,0,15,0,3,5,5,9,0,0,0,0,22,0,0,10,0,0,0,0,0,0,10,0,3,4,3,8,0,0,0,0,17,0,0,9,8,8,3,0,0,0,32,0,0,0,4,3,0,0,0,0,10,0,0,0,0,0,0,0,0,0,4,0,3,4,0,3,0,0,0,0,15,28,24,55,42,50,30,41,19,7,299
10604112605,external,0,4,0,0,0,3,0,0,0,16,0,0,6,8,0,3,0,0,0,20,0,7,4,10,3,0,0,0,0,25,0,0,3,4,0,5,0,0,0,16,0,0,0,7,5,9,0,0,0,18,0,0,4,0,6,0,0,0,0,12,0,0,4,0,7,8,0,0,0,26,0,0,3,0,5,0,0,0,0,9,0,0,0,3,4,5,0,0,0,11,0,0,0,0,0,0,0,0,0,0,27,16,37,36,40,48,28,10,0,240
10604112606,external,0,3,0,0,6,0,0,0,0,10,0,0,5,4,0,8,0,0,0,18,0,0,6,3,0,6,0,0,0,14,0,0,3,0,0,0,0,0,0,10,0,0,0,0,5,0,0,0,0,7,0,0,0,0,0,3,0,0,0,8,0,0,0,0,7,5,0,0,0,13,0,0,0,0,0,0,4,0,0,4,0,0,0,0,0,0,0,0,0,4,0,0,0,0,0,3,0,0,0,11,9,5,33,17,23,49,30,26,6,194
10604112607,external,0,3,3,0,4,3,0,6,0,19,0,4,5,0,0,0,0,0,0,19,0,3,0,8,0,0,5,0,0,13,0,0,0,4,3,0,0,0,0,10,0,0,0,0,0,0,0,0,0,3,0,0,0,0,5,0,0,0,0,9,0,0,6,10,5,0,0,0,0,16,0,0,3,3,5,3,0,0,0,5,0,0,0,0,0,0,0,0,0,5,0,0,0,0,0,5,5,8,3,19,16,21,24,36,32,36,31,22,6,217
10604112608,external,0,0,5,0,0,6,0,4,0,10,0,0,0,3,0,0,6,0,0,13,0,0,0,3,0,4,0,0,0,21,0,0,4,0,0,3,0,0,0,10,0,0,3,4,0,0,0,0,0,12,0,0,0,3,0,0,0,0,0,5,0,0,3,3,0,5,0,0,0,10,0,0,0,0,0,0,0,0,0,0,0,0,0,0,0,0,0,0,0,0,0,0,3,6,0,3,5,3,0,13,9,12,26,29,17,31,20,11,6,170
10604112609,external,0,3,4,0,8,0,0,0,0,17,0,4,7,7,4,3,0,0,0,33,0,0,7,4,3,7,0,0,0,24,0,0,0,5,10,0,3,0,0,16,0,4,3,0,0,8,0,0,0,23,0,0,3,0,4,3,0,0,0,13,0,0,10,7,7,7,0,0,0,36,0,0,3,0,6,0,0,0,0,11,0,0,0,0,0,3,0,0,0,4,9,0,0,3,3,3,0,0,0,19,29,24,60,47,56,54,29,6,4,318
10604112610,external,0,4,5,3,3,0,4,0,0,27,0,0,8,4,0,4,0,0,0,22,0,0,9,10,0,4,5,0,0,31,0,0,7,6,9,0,0,0,0,20,0,0,8,0,3,0,6,0,0,20,0,0,8,7,0,0,0,0,0,19,0,0,11,11,8,9,0,0,0,37,0,0,0,9,5,0,0,0,0,13,0,0,0,0,3,4,0,0,0,9,3,4,4,4,3,0,4,0,0,17,25,25,86,60,38,45,40,13,3,338
10604112611,external,0,0,3,0,0,0,0,0,0,10,0,6,7,0,0,4,3,0,0,22,0,0,3,0,0,4,0,0,0,14,0,0,0,0,3,0,0,0,0,3,0,0,7,0,0,0,0,0,0,6,0,0,0,5,4,0,0,0,0,4,0,0,5,0,4,5,0,0,0,18,0,0,0,0,0,0,0,0,0,0,0,0,0,0,0,0,0,0,0,4,0,0,9,7,5,0,6,3,0,34,10,16,33,27,22,28,15,3,0,161
10604112612,external,0,0,3,0,0,6,0,3,0,12,0,0,0,8,4,3,4,0,0,18,0,0,10,3,3,3,3,0,0,22,0,0,0,0,5,5,0,0,0,9,0,0,3,4,0,3,0,0,0,15,0,0,4,0,4,5,0,0,0,12,0,0,4,0,7,6,0,0,0,16,0,0,0,0,4,0,0,0,0,6,0,0,4,0,0,0,0,0,0,4,6,3,3,6,0,0,0,5,0,20,19,14,51,27,35,37,27,14,9,235
10604112613,external,0,7,0,3,0,0,0,0,0,19,0,0,0,4,7,0,0,0,0,18,0,0,6,3,18,0,0,0,0,33,0,0,11,3,4,0,3,0,0,20,0,0,3,5,4,5,0,0,0,21,0,0,3,0,3,4,0,0,0,13,0,0,7,7,8,10,3,0,0,35,0,0,0,8,0,3,0,0,0,12,0,0,0,0,3,4,0,0,0,6,4,3,0,0,5,3,3,3,0,25,30,18,45,52,75,51,62,21,11,362
10604112614,external,0,4,7,0,7,0,6,0,0,30,0,8,5,0,4,4,3,3,0,27,0,0,8,0,10,10,4,0,0,33,0,4,3,6,7,0,0,0,0,20,0,0,4,3,6,10,5,0,0,23,0,0,3,5,8,3,0,0,0,15,0,0,8,8,15,4,0,0,0,33,0,0,0,3,7,0,0,0,0,9,0,0,0,3,0,0,0,0,0,0,0,0,3,0,0,0,0,0,0,12,33,25,61,43,72,40,34,30,9,348
10604112615,external,0,0,0,0,0,0,0,0,0,0,0,0,0,4,0,0,0,0,0,7,0,4,0,0,0,0,0,0,0,8,0,0,0,0,0,4,0,0,0,4,0,0,3,0,0,0,0,0,0,3,0,0,0,0,0,0,0,0,0,0,0,0,3,5,0,4,0,0,0,10,0,0,0,0,0,0,0,0,0,0,0,0,0,0,0,0,0,0,0,0,0,0,0,0,3,0,0,0,0,9,6,6,9,8,15,20,15,6,0,78
10604112617,external,0,4,0,3,8,0,0,0,0,24,0,0,5,0,0,0,0,0,0,10,0,5,6,0,4,0,0,0,0,18,0,0,0,0,0,0,3,0,0,10,0,0,0,3,4,0,0,0,0,9,0,0,0,0,0,0,0,0,0,4,0,0,3,0,0,0,0,0,0,11,0,0,0,0,0,0,0,0,0,3,0,0,0,0,0,0,3,0,0,8,15,4,14,22,8,13,3,3,3,87,39,38,74,54,49,72,39,16,10,381
10604112618,external,3,0,3,4,4,6,0,0,0,16,0,3,0,4,4,0,3,0,0,18,0,3,8,3,5,3,3,0,0,23,0,0,0,3,6,7,0,0,0,11,0,0,3,0,0,0,0,0,0,10,0,0,0,4,0,4,0,0,0,11,0,0,3,19,7,15,0,0,0,43,0,0,5,0,0,3,0,0,0,9,0,0,0,0,0,6,0,0,0,11,0,0,3,3,0,3,4,0,0,12,19,14,41,47,41,44,24,13,0,246
10604112619,external,0,0,0,0,0,0,4,0,0,7,0,0,0,0,4,0,0,0,0,8,0,4,0,0,5,3,3,0,0,19,0,0,0,0,0,0,0,0,0,9,0,0,0,0,4,3,0,0,0,9,0,0,0,0,0,3,0,0,0,5,0,0,5,9,0,4,0,0,0,18,0,0,0,0,0,3,0,0,0,7,0,0,0,0,6,0,0,0,0,6,0,0,0,0,0,0,0,0,0,4,12,8,16,22,20,28,12,9,0,129
10604112620,external,0,0,3,4,0,4,6,4,0,17,0,5,4,3,4,4,0,0,0,21,0,0,3,9,3,9,0,0,0,17,0,0,3,0,0,0,3,0,0,10,0,4,5,4,4,0,3,3,0,22,0,0,0,0,3,0,0,0,0,10,0,0,5,9,4,8,0,0,0,34,0,0,0,3,3,0,0,0,0,8,0,4,0,0,0,0,0,0,0,9,0,0,3,0,0,3,0,0,0,6,25,23,45,37,44,41,40,20,4,285
10604112621,external,0,3,7,3,5,0,4,0,0,23,0,3,10,5,4,0,3,0,0,28,0,0,3,0,3,0,0,0,0,19,0,0,5,0,3,0,0,0,0,9,0,0,0,0,0,3,0,0,0,7,0,0,6,0,0,0,0,0,0,6,0,0,0,0,0,3,0,0,0,5,0,0,0,0,0,0,0,0,0,0,0,0,0,0,0,0,0,0,0,0,4,6,18,8,3,6,3,0,0,52,27,36,75,32,49,48,23,8,0,296
10604112622,external,0,5,3,7,0,0,5,0,0,18,0,0,0,5,4,6,0,0,0,18,0,4,3,3,0,3,5,0,0,15,0,0,0,0,8,0,0,0,0,12,0,0,0,0,3,6,0,0,0,4,0,0,0,0,4,0,0,0,0,9,0,0,4,0,10,0,0,0,0,12,0,0,0,0,0,0,0,0,0,0,0,0,0,0,0,0,0,0,0,4,0,3,3,8,19,7,7,13,0,61,29,27,38,49,62,51,37,32,3,330
10604112623,external,0,5,7,4,4,6,3,3,3,24,0,3,9,0,5,0,4,6,0,27,0,0,4,4,4,3,0,0,0,31,0,3,8,3,0,9,0,0,0,24,0,3,9,5,0,4,0,0,0,20,0,0,4,6,3,0,0,0,0,19,0,0,11,4,10,6,0,0,0,33,0,0,0,0,0,0,0,0,0,5,0,0,0,4,0,0,0,0,0,5,0,0,10,0,8,4,4,5,6,33,17,16,79,39,45,61,46,42,49,397
10604112624,external,0,3,3,0,3,4,3,0,0,16,0,0,7,7,3,4,0,0,0,27,0,0,3,16,7,4,0,0,0,24,0,0,0,4,0,0,0,0,0,12,0,0,0,0,4,0,0,0,0,7,0,0,0,5,0,0,0,0,0,4,0,0,7,0,8,6,0,0,0,24,0,0,0,0,0,3,0,0,0,4,0,0,0,0,0,0,0,0,0,5,0,5,3,0,8,4,5,0,0,28,17,23,43,38,44,45,30,11,0,258
10604112625,external,0,0,8,3,0,0,3,0,0,21,0,0,8,3,9,4,4,0,0,32,0,5,8,7,6,0,0,0,0,28,0,0,0,6,0,0,0,0,0,12,0,0,6,3,3,3,3,0,0,21,0,3,0,0,0,0,0,0,0,14,0,0,5,0,8,6,0,0,0,14,0,0,0,3,0,0,0,0,0,7,0,0,0,0,0,0,0,0,0,4,5,4,3,7,3,0,3,0,0,23,30,27,50,41,51,38,37,19,6,296
10604112626,external,0,6,4,0,0,3,3,0,0,15,0,0,9,3,0,0,0,0,0,17,0,4,6,0,0,0,0,0,0,11,0,0,0,0,0,0,0,0,0,11,0,0,4,0,0,0,0,0,0,7,0,0,5,0,0,0,0,0,0,6,0,0,4,7,9,5,0,0,0,26,0,0,0,0,3,0,0,0,0,9,0,0,0,0,4,0,0,0,0,5,0,0,3,0,0,0,0,0,0,5,20,16,39,26,26,24,18,3,0,170
10604112627,external,0,0,9,0,7,0,0,0,0,11,0,3,0,3,4,3,0,0,0,18,0,6,3,4,12,11,5,0,0,31,0,0,6,3,0,9,0,0,0,18,0,0,5,8,3,6,0,0,0,21,0,0,0,5,0,0,0,0,0,6,0,3,7,13,24,6,0,0,0,53,0,0,5,0,0,3,0,0,0,13,0,0,0,6,6,0,0,0,0,9,0,0,4,0,0,0,0,0,0,11,40,11,48,60,57,46,26,0,3,291
10604112628,external,0,4,8,4,0,0,4,0,0,25,0,0,0,4,3,0,4,0,0,17,0,0,0,5,7,0,0,0,0,5,0,0,0,5,3,0,0,0,0,6,0,0,0,0,3,0,0,0,0,6,0,0,0,0,0,0,0,0,0,3,0,0,3,4,3,0,0,0,0,10,0,0,0,0,0,0,0,0,0,0,0,0,0,0,0,0,0,0,0,0,0,0,0,0,3,0,0,0,0,4,6,13,21,28,34,14,30,11,0,155
10604112629,external,0,0,0,7,6,5,3,4,0,17,0,3,5,5,3,0,0,0,0,17,0,5,8,5,3,3,0,0,0,21,0,0,4,4,9,4,4,0,0,17,0,0,0,5,0,3,0,0,0,8,0,0,0,0,0,0,0,0,0,6,0,0,11,4,4,3,0,0,0,21,0,0,0,0,0,0,0,0,0,3,0,0,0,0,0,3,0,0,0,5,0,0,4,0,4,4,6,0,0,21,16,16,43,41,39,39,36,14,8,240
10604112630,external,3,3,7,7,7,0,10,0,0,39,3,7,19,7,5,3,3,0,0,48,0,10,14,8,9,3,0,0,0,49,0,4,9,9,10,0,0,0,0,31,0,3,20,10,3,0,0,0,0,39,0,6,11,4,8,3,0,0,0,25,0,4,26,29,13,8,4,0,0,87,0,0,0,3,0,0,0,0,0,10,0,0,4,3,4,0,0,0,0,9,0,0,9,0,0,0,0,0,0,15,54,54,144,136,78,38,34,19,3,546
10604112632,external,0,3,0,0,0,0,0,0,0,14,0,0,0,0,7,0,0,0,0,6,0,0,0,0,3,4,0,0,0,5,0,0,0,0,0,0,0,0,0,0,0,0,0,0,0,0,0,0,0,0,0,0,0,0,0,0,0,0,0,5,0,0,0,0,0,0,0,0,0,0,0,0,0,0,0,0,0,0,0,0,0,0,0,0,6,0,0,0,0,6,3,0,9,7,7,4,3,6,0,35,8,11,19,13,25,24,22,8,4,138
10604112633,external,0,0,4,0,5,4,3,0,0,15,0,3,3,0,0,0,5,0,0,12,0,0,0,3,5,0,0,0,0,13,0,0,0,0,3,0,4,0,0,7,0,0,3,0,0,0,0,0,0,7,0,0,0,0,4,0,0,0,0,5,0,0,3,5,5,4,0,0,0,25,0,0,0,0,4,0,0,0,0,4,0,0,0,10,4,0,0,0,0,13,0,0,0,0,0,0,0,0,0,3,12,7,23,35,32,28,33,12,0,181
10604112634,external,0,0,0,0,0,0,5,0,0,9,0,0,5,0,0,0,0,3,0,17,0,5,0,4,5,3,0,0,0,21,0,0,0,0,0,3,0,0,0,6,0,0,4,4,0,0,0,0,0,13,0,0,0,0,0,4,0,0,0,7,0,0,7,5,3,0,0,0,0,13,0,0,0,0,3,0,0,0,0,5,0,0,0,0,0,0,0,0,0,0,0,0,0,3,3,0,4,4,0,9,13,15,28,28,30,32,21,14,4,172
10604112635,external,0,0,0,0,0,0,0,0,0,0,0,0,0,0,0,0,0,0,0,0,0,0,0,0,0,0,0,0,0,0,0,0,0,0,0,0,0,0,0,0,0,0,0,0,0,0,0,0,0,0,0,0,0,0,0,0,0,0,0,0,0,0,0,0,0,0,0,0,0,0,0,0,0,0,0,0,0,0,0,0,0,0,0,0,0,0,0,0,0,0,0,0,0,0,0,0,0,0,0,0,0,0,0,0,0,5,6,0,0,7
10604112636,external,0,4,3,6,0,4,0,0,0,23,0,0,7,4,0,3,0,0,0,17,0,0,5,4,4,0,0,0,0,16,0,0,7,0,0,3,0,0,0,17,0,0,7,0,0,3,0,0,0,13,0,0,0,6,0,0,0,0,0,6,0,0,4,0,0,3,0,0,0,10,0,0,0,3,0,0,0,0,0,0,0,0,0,0,0,0,0,0,0,0,4,0,5,4,3,8,3,0,0,27,28,15,56,39,35,43,34,17,4,271
10604112637,external,0,3,16,9,8,4,6,5,0,44,3,6,16,4,3,3,0,0,0,47,0,10,19,13,8,4,0,0,0,59,0,8,12,13,4,6,4,0,0,37,0,6,18,14,3,9,6,0,0,51,0,8,10,11,7,0,0,0,0,41,0,0,20,28,18,7,0,0,0,78,0,0,5,4,0,3,0,0,0,15,0,0,0,3,3,3,0,0,0,11,0,4,12,6,14,5,5,0,0,50,42,57,166,137,90,81,39,24,0,640
10604112638,external,0,0,6,3,0,0,6,0,0,10,0,0,5,6,5,0,3,0,0,22,0,3,8,12,0,5,0,0,0,27,0,0,5,5,5,0,0,0,0,9,0,0,11,3,6,0,0,0,0,27,0,0,11,0,8,3,0,0,0,20,0,0,13,12,6,0,0,0,0,35,0,0,5,4,3,0,0,0,0,15,0,0,0,5,3,0,0,0,0,10,0,3,7,6,0,0,4,0,0,29,31,26,83,75,53,27,20,13,4,323
10604112639,external,0,0,0,4,0,0,0,0,0,7,3,0,4,4,0,0,0,0,0,5,0,0,3,9,4,3,0,0,0,10,0,0,0,0,3,0,0,0,0,10,0,0,5,6,7,0,0,0,0,15,0,0,4,3,4,4,0,0,0,17,0,0,9,18,13,10,0,0,0,43,0,0,3,9,0,0,0,0,0,11,0,0,0,8,0,3,3,0,0,19,0,0,0,4,0,0,0,0,0,4,18,5,30,66,35,29,7,0,0,195
10604112701,external,0,4,4,4,0,4,9,7,0,28,0,4,3,5,0,3,6,0,0,21,0,0,5,0,3,4,3,0,0,18,0,0,4,3,0,6,0,0,0,16,0,0,0,0,4,7,0,0,0,12,0,0,5,5,0,0,0,0,0,7,0,0,4,11,13,10,0,0,0,42,0,0,6,4,0,0,0,0,0,7,0,0,0,0,0,0,0,0,0,4,0,0,7,3,4,0,6,4,6,42,20,18,43,43,47,53,52,58,42,375
10604112702,external,0,5,3,3,3,0,0,0,0,15,0,0,11,5,4,0,0,0,0,31,0,0,7,10,7,5,0,0,0,34,0,3,6,7,5,3,4,0,0,25,0,0,4,3,3,4,0,0,0,9,0,0,0,0,0,4,0,0,0,9,0,0,6,9,3,7,0,0,0,19,0,0,0,5,0,0,0,0,0,3,0,0,0,3,0,0,0,0,0,3,0,0,4,4,6,3,4,0,0,14,12,13,56,54,32,28,18,7,0,231
10604112704,external,0,0,0,0,0,0,0,0,0,0,0,0,0,0,0,0,0,0,0,0,0,0,0,0,0,0,0,0,0,0,0,0,0,0,0,0,0,0,0,0,0,0,0,0,0,0,0,0,0,0,0,0,0,0,0,0,0,0,0,0,0,0,0,0,0,0,0,0,0,0,0,0,0,0,0,0,0,0,0,0,0,0,0,0,0,0,0,0,0,0,0,0,0,0,0,0,0,0,0,0,0,0,0,0,0,0,0,0,0,0
10604112705,external,0,0,0,0,0,0,4,3,0,14,0,0,0,3,4,3,3,0,0,14,0,0,4,10,3,6,0,0,0,19,0,0,0,4,4,4,0,0,0,8,0,0,0,0,0,0,0,0,0,14,0,0,0,0,0,4,0,0,0,3,0,0,0,3,0,8,0,0,0,13,0,0,4,0,0,0,0,0,0,4,0,0,0,3,0,0,0,0,0,3,0,0,0,5,0,0,6,0,0,18,16,5,17,30,28,48,37,20,0,196
10604112706,external,6,3,0,6,9,3,8,0,0,38,6,9,6,3,3,6,6,0,0,31,0,7,15,0,8,4,0,0,0,35,0,3,5,7,8,5,4,0,0,32,0,3,0,4,6,0,0,0,0,19,0,0,5,5,5,3,0,0,0,19,0,3,0,8,10,7,0,0,0,32,0,0,0,3,0,0,0,0,0,3,0,0,0,0,3,0,0,0,0,3,7,3,12,3,10,9,5,3,0,58,44,40,60,54,74,58,56,24,4,419
10604112707,external,0,0,0,3,5,0,0,0,0,10,0,0,5,3,0,3,0,0,0,14,0,3,0,0,5,4,0,0,0,13,0,0,0,0,4,0,0,0,0,8,0,0,3,0,4,0,0,0,0,7,0,0,0,0,0,0,0,0,0,3,0,0,3,11,5,5,0,0,0,19,0,0,0,3,0,0,0,0,0,0,0,0,0,0,0,0,0,0,0,0,4,4,0,5,0,3,0,0,4,22,19,16,17,30,35,26,18,5,6,179
10604112708,external,0,0,0,0,0,0,0,0,0,10,0,5,5,0,5,4,6,4,0,24,0,0,8,0,4,11,4,5,0,20,0,0,3,6,0,0,7,0,0,13,0,0,7,0,0,5,0,0,0,14,0,0,0,0,0,5,0,0,0,7,0,0,7,3,7,8,3,0,0,25,0,0,0,0,0,0,0,0,0,0,0,0,0,0,0,5,5,0,0,9,0,0,0,0,6,0,3,8,0,28,26,13,26,20,43,56,31,18,0,240
10604112709,external,0,0,3,0,5,0,4,0,0,16,3,0,0,6,5,0,0,0,0,9,0,0,4,6,6,0,0,0,0,14,0,0,4,4,6,8,0,0,0,24,0,0,6,0,0,0,0,0,0,7,0,0,0,0,3,0,0,0,0,9,0,0,8,7,8,4,0,0,0,25,0,0,0,0,0,0,0,0,0,3,0,0,0,0,3,5,0,0,0,11,4,0,3,9,10,3,0,0,0,27,18,5,37,45,57,43,36,15,4,262
10604112710,external,0,0,6,5,6,9,3,0,0,30,0,4,0,7,3,4,3,0,0,33,0,0,13,9,18,8,4,0,0,42,0,6,3,8,3,0,4,0,0,22,0,0,6,3,11,8,0,0,0,24,0,0,3,12,9,7,3,0,0,27,0,3,12,26,27,7,3,0,0,82,0,0,0,7,5,4,0,0,0,18,0,0,0,6,6,4,0,0,0,22,7,4,4,3,3,8,3,3,0,37,52,19,59,100,109,91,45,19,0,491
10604112711,external,0,0,7,3,3,0,0,0,0,11,0,0,5,4,0,10,3,0,0,23,0,0,0,4,3,3,4,0,0,14,0,0,4,3,0,0,0,0,0,12,0,0,4,0,3,0,0,0,0,12,0,0,7,3,0,0,0,0,0,11,0,0,4,0,3,4,0,0,0,12,0,0,0,0,0,4,0,0,0,8,0,0,0,0,0,0,0,0,0,0,0,0,0,0,0,8,0,5,0,15,16,12,37,30,27,41,25,22,3,218
10604112712,external,0,3,4,7,4,6,5,0,0,28,0,4,7,4,7,9,3,0,0,37,0,0,8,7,15,16,8,0,0,43,0,3,7,3,4,6,0,0,0,30,0,0,3,5,0,3,0,0,0,9,0,0,6,3,4,0,0,0,0,7,0,0,8,3,10,4,0,0,0,28,0,0,0,3,0,5,0,0,0,4,0,0,0,0,3,0,0,0,0,3,0,0,0,0,0,3,7,3,0,18,27,19,50,50,50,60,71,19,8,368
10604112713,external,3,0,0,3,3,4,3,0,0,17,0,3,0,3,0,0,0,0,0,12,0,0,0,5,7,6,4,0,0,21,0,0,7,4,9,0,0,0,0,22,0,0,0,0,4,4,0,0,0,7,0,0,5,3,4,0,0,5,0,14,0,0,7,5,12,6,0,0,0,24,0,0,0,0,0,0,0,0,0,5,0,0,4,6,4,4,0,0,0,10,3,0,3,0,3,4,0,0,0,14,23,10,23,27,62,46,21,15,0,221
10604112714,external,0,0,0,4,0,0,3,0,0,7,0,3,0,0,0,0,0,0,0,9,0,0,4,0,0,0,0,0,0,10,0,0,4,4,0,0,0,0,0,7,0,0,0,0,0,0,0,0,0,4,0,0,3,0,0,4,0,0,0,12,0,0,8,4,11,0,0,0,0,18,0,0,0,0,0,0,0,0,0,8,0,0,0,0,0,0,0,0,0,0,0,5,0,0,0,3,0,4,0,8,13,10,25,26,17,17,6,6,0,130
10604112801,external,0,3,8,8,7,0,0,7,0,28,0,0,16,0,7,3,3,5,0,45,0,0,7,8,3,10,4,0,0,32,0,0,4,0,4,6,3,0,0,18,0,0,5,5,3,3,0,0,0,13,0,0,0,3,0,0,0,0,0,4,0,0,0,3,4,3,0,0,0,11,0,0,0,0,0,0,0,0,0,0,0,0,0,3,0,0,0,0,0,10,0,0,8,0,11,4,6,13,20,54,14,10,67,43,50,45,51,41,30,353
10604112802,external,0,0,7,4,6,7,3,3,0,32,0,4,9,8,3,0,4,0,0,30,0,6,10,6,14,9,0,0,0,40,0,0,13,0,3,0,0,0,0,21,0,0,6,3,0,4,0,0,0,11,0,0,3,5,3,0,0,0,0,11,0,0,0,6,4,7,0,0,0,21,0,0,0,0,4,0,0,0,0,9,0,0,0,0,4,4,0,0,0,10,6,5,0,0,0,4,3,9,3,30,19,21,56,43,66,55,45,40,19,372
10604112803,external,0,0,4,4,0,6,0,0,0,20,0,3,5,3,6,0,4,0,0,23,0,0,8,3,4,4,6,0,0,24,0,0,6,4,3,0,0,0,0,20,0,0,5,0,3,0,0,3,0,14,0,0,5,4,0,4,0,0,0,15,0,0,4,3,0,0,0,0,0,15,0,0,0,0,0,0,0,0,0,0,0,0,0,0,0,0,0,0,0,4,0,0,10,5,4,0,3,6,3,34,25,15,53,60,36,34,44,42,19,317
10604112804,external,0,8,5,7,3,3,6,5,0,37,0,8,18,8,3,6,4,0,4,55,0,3,13,12,4,5,5,0,0,46,0,3,9,8,0,3,0,0,0,23,0,0,3,6,0,5,0,0,0,17,0,0,3,3,6,3,0,0,0,18,0,0,9,8,9,7,3,0,0,36,0,0,0,0,4,0,0,0,0,6,0,0,0,3,0,0,0,0,4,8,0,0,4,0,5,0,11,8,3,27,23,26,84,70,52,81,65,55,26,481
10604112805,external,0,3,0,5,3,5,3,0,0,24,0,4,10,7,6,8,3,4,0,32,0,0,5,0,9,3,0,0,0,17,0,0,0,4,3,6,0,0,0,13,0,0,4,14,5,0,0,0,0,28,0,0,0,4,5,0,0,0,0,9,0,0,0,5,0,6,0,0,0,20,0,0,0,0,3,0,0,0,0,6,0,0,0,0,7,3,0,0,0,11,4,0,7,0,8,6,4,8,0,42,27,19,31,43,60,52,24,17,6,284
10604112806,external,0,4,4,10,15,8,7,0,0,40,0,3,5,10,0,7,5,4,0,36,0,4,10,7,8,7,0,4,0,33,0,0,4,8,9,6,0,0,0,24,0,0,6,0,4,4,0,0,0,16,0,0,4,13,19,3,0,0,0,34,0,0,8,25,22,9,0,0,0,63,0,0,7,0,15,7,0,0,0,24,0,0,0,10,3,4,5,0,0,23,0,0,4,0,4,0,9,32,28,70,44,26,66,87,101,67,40,64,33,516
10604112807,external,0,0,0,6,0,3,0,3,0,11,0,0,0,3,0,3,0,0,0,17,0,0,3,0,0,6,5,0,0,20,0,3,0,3,3,3,0,0,0,14,0,0,0,4,0,3,4,0,0,11,0,0,0,0,0,3,0,0,0,8,0,0,0,6,10,10,0,0,0,29,0,0,0,0,0,4,0,0,0,3,0,0,3,0,0,0,0,0,0,0,0,0,3,0,0,7,0,0,0,11,14,10,17,28,37,52,30,14,3,196
10604112808,external,0,4,4,0,0,0,3,0,0,17,0,0,4,5,3,8,0,4,0,22,0,0,7,5,3,12,0,0,0,35,0,0,5,4,0,3,3,0,0,20,0,5,3,4,3,0,4,0,0,15,0,0,3,0,4,0,0,0,0,12,0,4,4,7,6,5,0,0,0,26,0,0,0,0,0,0,0,0,0,3,0,0,0,0,0,0,0,0,0,6,0,4,0,4,5,0,0,0,0,7,15,20,57,38,31,45,44,14,6,277
10604112809,external,0,8,10,10,0,5,5,0,0,39,4,5,10,8,5,4,8,0,0,40,0,0,11,5,7,10,0,0,0,41,0,3,10,7,3,4,0,0,0,24,0,3,7,3,3,3,3,0,0,27,0,0,3,8,5,8,0,0,0,26,0,0,9,23,10,11,0,0,0,49,0,0,0,0,0,0,0,0,0,8,0,0,0,0,5,0,0,0,0,13,0,0,8,4,0,0,0,0,0,16,33,31,86,77,50,76,48,22,6,426
10604112810,external,4,5,4,3,0,5,4,4,0,30,0,3,0,11,8,7,0,0,0,31,0,3,10,8,17,4,6,0,0,40,0,0,0,10,4,3,0,0,0,24,0,0,6,8,11,5,0,0,0,37,0,0,9,8,11,0,0,0,0,32,0,4,18,26,25,10,0,0,0,88,0,0,3,3,6,0,0,0,0,16,0,0,0,9,5,4,0,0,0,18,0,0,4,9,0,0,4,0,0,20,41,30,67,109,104,61,47,36,6,501
10604112811,external,4,7,14,11,9,0,3,4,0,44,0,6,27,22,11,0,5,0,0,66,0,9,18,16,6,3,4,0,0,58,0,3,5,3,9,8,5,0,0,23,0,0,4,3,0,0,0,0,0,11,0,0,0,7,6,0,0,0,0,8,0,0,4,6,5,10,0,0,0,23,0,0,5,0,0,0,0,0,0,7,0,0,0,0,0,3,0,0,0,3,0,3,5,5,4,4,7,8,0,31,25,31,99,81,54,53,54,26,6,432
10604112812,external,5,0,6,0,5,6,0,0,0,30,0,6,3,6,4,3,0,0,0,32,0,4,4,5,8,0,0,0,0,29,0,0,15,8,3,9,0,0,0,27,0,0,4,3,4,4,0,0,0,21,0,0,9,5,0,0,0,0,0,15,0,3,5,9,15,0,0,0,0,26,0,0,0,0,4,0,0,0,0,8,0,0,0,0,3,0,0,0,0,4,6,3,4,0,4,3,3,0,7,27,33,28,58,44,58,50,44,19,26,357
10604112813,external,0,0,10,4,3,0,3,3,0,33,0,9,3,6,4,8,0,0,0,35,0,3,9,12,5,3,0,0,0,39,0,0,7,0,11,6,0,0,0,27,0,0,0,3,3,0,0,0,0,19,0,0,4,0,0,0,4,0,0,11,0,0,3,0,5,0,0,0,0,12,0,0,0,0,0,4,0,0,0,3,0,0,0,0,0,0,0,0,0,5,0,0,7,4,7,0,0,4,0,26,23,23,65,50,46,52,35,28,18,338
10604112901,external,0,0,0,4,3,0,0,0,0,17,0,6,0,3,8,11,0,0,0,35,0,4,8,4,0,10,6,0,0,30,0,0,6,0,0,0,0,0,0,12,0,0,0,5,3,0,0,0,0,15,0,0,0,4,0,0,0,0,0,6,0,0,0,5,10,3,0,0,0,21,0,0,0,0,0,3,0,0,0,0,0,0,0,0,0,0,0,0,0,4,0,0,3,5,5,9,0,3,0,30,23,19,31,39,53,75,46,37,17,339
10604112902,external,0,0,3,4,0,4,6,3,0,24,0,3,12,5,0,5,6,0,0,39,0,0,10,10,7,3,5,4,0,41,0,0,6,5,5,3,0,0,0,14,0,3,5,4,4,5,0,0,0,18,0,0,5,7,5,3,0,0,0,16,0,0,11,12,6,0,0,0,0,36,0,0,0,4,4,0,0,0,0,12,0,0,0,0,3,0,0,0,0,7,0,0,0,4,0,3,5,3,5,27,27,21,67,75,63,55,61,22,11,399
10604112903,external,3,3,8,3,3,3,0,6,0,30,0,9,4,5,7,11,0,0,0,38,0,3,11,4,11,4,4,0,0,33,0,5,9,10,3,9,0,0,0,26,0,0,3,0,3,3,3,0,0,12,0,0,7,5,6,0,3,0,0,20,0,7,9,16,13,12,0,0,0,50,0,0,4,0,3,0,0,0,0,16,0,0,0,0,5,0,0,0,0,7,5,4,7,0,5,5,0,0,0,26,45,32,79,63,76,74,59,22,3,459
10604112904,external,0,5,5,0,3,4,0,0,0,23,0,6,4,5,5,8,0,3,0,29,0,0,3,5,3,6,3,0,0,21,0,0,6,8,7,3,0,0,0,24,0,0,3,6,0,3,0,0,0,17,0,0,8,0,5,0,0,0,0,9,0,0,3,9,6,7,0,0,0,22,0,0,0,3,0,0,0,0,0,6,0,0,0,0,0,0,0,0,0,0,0,0,0,6,0,5,3,7,0,17,23,21,45,48,42,65,44,30,11,326
10604112905,external,4,0,0,0,5,0,0,0,0,14,0,4,0,0,4,4,9,0,0,18,0,5,3,0,0,3,0,8,0,22,0,0,0,0,0,0,0,0,0,13,0,0,0,4,7,3,3,3,0,22,0,0,4,0,3,0,0,0,0,8,0,0,0,0,4,8,0,3,0,13,0,0,0,3,0,0,0,0,0,10,0,0,0,0,3,0,0,0,0,9,4,0,4,4,0,6,0,0,0,22,18,15,28,30,34,37,27,21,0,196
10604112906,external,0,0,4,6,0,0,0,0,0,16,0,6,4,3,0,0,3,0,0,25,3,10,11,3,3,4,3,4,0,35,0,0,5,3,0,7,5,0,0,22,0,5,3,6,5,0,0,0,0,19,0,0,5,4,0,0,0,0,0,9,0,0,4,3,9,0,0,0,0,22,0,0,0,0,0,4,0,0,0,9,0,0,0,4,3,3,0,0,0,8,0,0,4,8,6,4,0,0,0,18,16,16,43,54,34,37,28,11,5,251
10604112907,external,0,0,3,0,6,5,4,0,0,21,0,8,6,0,0,6,0,0,3,19,0,0,13,4,8,5,0,0,0,26,0,0,6,0,0,3,0,0,0,12,0,0,10,7,3,8,0,0,0,19,0,0,0,0,5,0,0,0,0,8,0,0,4,3,3,5,0,0,0,14,0,0,0,0,0,0,0,0,0,3,0,0,0,5,0,5,0,0,0,12,4,0,0,0,11,8,3,0,6,45,19,18,40,24,49,64,29,8,7,252
10604112908,external,0,0,5,0,4,0,4,0,0,21,0,0,6,3,4,8,0,4,0,28,0,0,6,3,8,4,5,0,0,29,0,0,0,4,0,0,0,0,0,9,0,4,0,6,7,0,6,0,0,27,0,0,4,0,0,9,0,0,0,14,0,0,0,6,4,0,0,0,0,16,0,0,0,0,3,4,0,0,0,9,0,0,0,0,0,4,0,0,0,8,3,0,5,8,8,14,3,6,5,49,20,10,32,41,49,71,50,32,7,320
10604112909,external,0,0,0,3,6,3,0,0,0,14,3,0,3,9,5,5,3,0,0,28,0,0,0,7,6,11,5,0,0,25,0,0,3,3,3,0,3,0,0,10,0,0,3,3,0,0,3,0,0,17,0,0,0,0,0,0,4,0,0,12,0,0,0,3,4,0,0,0,0,7,0,0,0,0,0,0,0,0,0,0,0,0,0,0,0,0,0,0,0,4,3,0,6,5,5,5,0,0,0,27,20,6,35,37,34,49,30,4,0,228
10604112910,external,3,7,0,4,3,3,3,0,0,24,0,3,0,8,4,6,0,0,0,24,0,4,13,3,8,10,4,3,0,44,0,0,0,6,5,0,5,0,0,18,0,0,3,4,7,0,0,0,0,21,0,0,3,4,0,0,0,0,0,13,0,0,3,6,7,4,0,0,0,29,0,0,0,0,4,0,0,0,0,4,0,0,0,0,3,0,3,0,0,8,4,0,0,6,0,5,0,0,0,21,37,16,40,46,59,51,51,14,3,312
10604112911,external,0,0,0,0,3,0,0,0,0,12,0,4,0,0,7,3,0,0,0,17,0,0,0,4,0,0,7,0,0,21,0,0,0,3,0,0,0,0,0,3,0,0,0,0,0,3,0,0,0,6,0,0,0,0,6,0,0,0,0,8,0,0,0,0,3,0,0,0,0,11,0,0,0,0,0,0,0,0,0,0,0,0,0,0,5,0,0,0,0,5,0,0,0,0,4,5,0,0,0,8,9,11,6,22,28,28,26,6,3,140
10604112912,external,0,0,0,4,0,0,3,0,0,11,0,0,6,3,7,0,6,6,0,20,0,0,6,3,0,6,0,0,0,12,0,0,0,0,0,3,0,0,0,12,0,0,5,0,5,0,0,0,0,13,0,0,0,0,0,0,4,0,0,4,0,0,6,5,3,0,10,0,0,17,0,0,0,0,0,0,0,0,0,3,0,0,0,0,0,0,0,0,0,0,0,0,0,0,0,6,0,0,0,7,3,5,23,29,29,35,48,28,5,205
10604112913,external,3,9,5,0,5,3,3,0,0,29,0,5,0,0,7,8,5,0,0,28,0,3,9,10,12,9,4,0,0,41,0,3,4,3,10,7,0,0,0,27,0,0,6,0,0,4,0,0,0,10,0,0,0,0,0,3,0,0,0,10,0,0,0,5,7,6,0,0,0,20,0,0,0,0,3,0,0,0,0,5,0,0,0,0,4,0,0,0,0,5,7,4,5,4,3,0,13,0,0,40,25,33,31,34,63,53,60,10,8,304
10604112914,external,0,0,0,3,3,0,0,0,0,14,0,0,7,8,4,0,0,0,0,20,0,4,3,6,0,4,0,0,0,25,0,0,3,0,3,0,0,0,0,12,0,0,0,6,0,0,0,0,0,5,0,0,0,4,0,0,0,0,0,5,0,0,4,8,3,0,0,0,0,16,0,0,0,0,0,0,0,0,0,0,0,0,0,0,0,0,0,0,0,0,0,0,0,0,3,4,0,0,0,12,23,6,34,28,27,25,30,18,18,223
10604112915,external,0,0,0,6,0,0,0,0,0,14,0,0,9,3,0,3,0,0,0,16,0,4,4,3,4,0,0,0,0,22,0,5,5,0,4,3,6,0,0,15,0,0,0,0,0,0,0,0,0,3,0,0,0,0,0,0,0,0,0,3,0,0,4,4,0,0,0,0,0,9,0,0,0,0,0,0,0,0,0,5,0,0,0,0,0,0,0,0,0,0,0,0,3,3,5,5,3,3,0,20,12,23,30,28,20,38,49,22,7,226
10604112916,external,0,3,3,8,0,4,7,0,0,19,0,0,0,0,4,0,6,4,0,21,0,0,9,6,7,0,0,0,0,26,0,4,4,3,5,5,0,0,0,19,0,0,0,3,0,4,0,0,0,11,0,0,7,0,0,0,0,0,0,14,0,0,4,0,9,0,0,0,0,16,0,0,0,0,0,0,0,0,0,4,0,0,0,0,0,0,0,0,0,3,0,8,11,3,8,10,4,4,5,48,19,22,50,52,43,54,69,51,27,386
10604112917,external,0,0,3,3,4,0,4,4,0,19,0,0,9,4,3,9,0,0,0,27,0,0,0,3,3,3,0,0,0,20,0,0,5,0,0,0,4,0,0,6,0,0,4,0,5,0,3,0,0,15,0,0,0,0,0,0,0,0,0,3,0,0,5,6,0,0,0,0,0,15,0,0,0,0,0,0,0,0,0,3,0,0,0,0,0,0,0,0,0,4,6,0,5,8,7,3,6,3,0,29,19,10,33,36,36,25,41,23,4,232
10604112918,external,0,3,3,0,5,3,3,3,0,22,3,5,5,3,5,5,0,0,0,23,0,0,5,0,5,0,4,0,0,22,0,0,0,9,4,0,8,3,0,21,0,0,0,0,0,0,0,0,0,9,0,0,0,0,0,0,0,0,0,3,0,0,5,0,3,6,0,0,0,17,0,0,0,0,4,0,0,0,0,3,0,0,0,0,0,0,4,0,0,4,0,0,4,8,4,0,3,0,0,22,19,15,32,38,39,25,31,13,4,204
10604112919,external,0,0,0,0,0,0,0,0,0,3,0,0,0,0,3,3,0,0,0,12,0,0,0,0,0,5,0,0,0,12,0,0,0,0,0,0,0,0,0,9,0,0,0,0,6,5,0,0,0,8,0,0,4,0,0,0,0,0,0,4,0,0,0,0,0,3,0,0,0,6,0,0,0,0,0,0,0,0,0,0,0,0,0,0,0,0,0,0,0,0,0,3,0,0,0,0,0,0,0,8,3,14,20,15,24,30,27,14,0,137
10604112920,external,0,0,3,0,3,0,6,0,0,15,0,9,3,3,5,0,7,0,0,25,3,9,9,9,4,9,3,0,0,46,0,0,3,6,7,3,5,0,0,19,0,0,3,9,0,3,0,0,0,20,0,0,5,4,0,6,4,0,0,19,0,0,7,13,5,10,0,0,0,38,0,0,0,7,8,4,0,0,0,11,0,0,0,4,0,3,3,0,0,16,0,0,0,0,0,6,0,0,0,8,26,23,44,55,46,66,40,15,4,315
10604112921,external,6,0,0,5,6,5,3,0,0,30,0,0,8,4,4,5,4,0,0,26,0,0,4,3,4,7,6,0,0,26,0,0,6,0,7,4,3,0,0,16,0,0,0,0,0,0,0,3,0,7,0,0,0,0,0,0,0,0,0,3,0,0,0,3,3,0,0,0,0,12,0,0,3,0,0,0,0,0,0,3,0,0,0,4,0,0,0,0,0,4,4,0,9,8,0,8,9,5,0,26,21,15,38,33,40,56,69,47,11,330
10604112922,external,0,3,3,0,3,0,6,4,3,22,0,0,0,0,3,10,0,0,0,19,0,3,0,7,4,5,5,0,0,27,0,0,0,0,0,3,0,0,0,14,0,0,3,0,4,5,0,0,0,14,0,0,0,0,0,5,0,0,0,3,0,3,0,4,4,6,0,0,0,16,0,0,0,3,4,0,0,0,0,9,0,0,0,0,0,0,0,0,0,5,0,0,3,0,4,5,6,10,16,52,22,21,31,40,55,74,80,47,33,389
10604112923,external,0,0,6,3,5,4,6,4,3,31,3,0,8,6,10,17,5,0,0,44,0,3,4,9,11,13,6,0,0,47,0,3,0,0,5,9,0,0,0,20,0,0,4,3,7,11,4,0,0,29,0,0,0,4,4,5,0,0,0,13,0,0,4,12,5,9,0,0,0,31,0,0,0,0,0,5,0,0,0,7,0,0,0,0,0,0,0,0,0,3,10,0,3,6,10,17,13,4,0,63,39,19,50,64,104,139,87,37,15,557
11101120601,core,0,0,3,0,6,0,3,9,4,23,0,0,0,0,0,0,6,7,0,15,0,0,0,5,0,0,6,6,0,8,0,0,0,0,0,0,0,3,0,10,0,0,6,0,0,0,0,0,0,7,0,0,3,6,0,0,0,3,0,11,0,0,0,0,0,0,0,0,0,4,0,0,0,0,0,0,0,0,0,0,0,0,0,0,0,0,0,0,0,0,0,0,0,0,0,0,0,3,5,12,3,0,19,15,15,11,43,65,33,200
11101120602,core,0,5,0,0,3,0,0,7,0,19,0,0,5,0,8,0,5,0,0,19,0,8,8,7,6,3,4,0,0,30,0,0,11,8,0,0,0,3,0,26,0,0,6,0,0,0,0,0,0,16,0,0,3,0,3,0,0,0,0,13,0,0,0,3,4,5,0,0,0,21,0,0,0,0,3,0,0,0,0,11,0,0,0,0,12,3,0,0,0,18,0,0,0,0,0,0,4,0,0,5,19,15,30,33,51,31,39,28,11,254
11101120603,core,0,0,0,0,0,0,6,0,0,13,0,0,0,4,4,0,0,0,0,14,0,4,0,5,6,0,0,0,0,15,0,0,4,10,4,4,0,0,0,17,0,0,7,3,0,3,0,0,0,18,0,0,0,0,0,0,0,0,0,7,0,0,4,8,6,0,0,4,0,17,0,0,0,5,0,0,0,0,0,6,0,0,0,0,0,0,0,0,0,5,0,0,0,3,0,3,0,0,0,11,20,13,35,38,28,25,28,25,4,210
11101120604,core,0,4,0,8,5,5,4,4,0,19,0,5,7,5,0,5,5,3,0,26,0,3,0,0,4,12,6,0,0,27,0,0,3,0,8,3,4,0,0,19,0,0,0,4,3,7,0,0,0,14,0,0,0,7,5,7,0,0,0,19,0,0,3,9,8,7,0,0,0,28,0,0,0,5,0,0,0,0,0,9,0,0,0,0,4,5,0,0,0,10,0,0,0,3,0,0,0,0,0,0,22,19,27,32,49,67,32,22,0,278
11101120605,core,0,3,3,8,6,8,3,0,0,23,0,0,4,5,0,3,6,0,0,26,0,4,12,7,7,0,0,0,0,33,0,0,5,8,7,6,0,0,0,26,0,0,4,4,5,3,0,0,0,13,0,0,4,4,3,0,0,0,0,13,0,0,0,6,5,0,0,0,0,13,0,0,0,0,0,0,0,0,0,0,0,0,0,0,0,0,0,0,0,0,6,0,3,4,4,3,0,0,0,29,27,24,61,61,58,51,44,13,4,343
11101120606,core,0,0,5,7,3,4,7,3,0,43,0,4,3,8,8,13,8,6,5,45,0,0,4,3,3,4,7,4,0,39,0,3,11,7,7,3,3,3,0,37,0,4,0,7,3,6,0,0,0,19,0,0,0,0,5,8,0,0,0,7,0,0,4,3,4,5,0,0,0,24,0,0,0,0,0,0,0,0,0,0,0,0,0,0,3,4,0,0,0,5,4,0,4,3,3,4,9,8,8,55,24,29,46,55,58,93,85,77,43,514
11101120607,core,0,0,0,0,0,0,0,0,0,0,0,0,0,0,0,0,0,0,0,0,0,0,0,0,0,0,0,0,0,0,0,0,0,0,0,0,0,0,0,0,0,0,0,0,0,0,0,0,0,0,0,0,0,0,0,0,0,0,0,0,0,0,0,0,0,0,0,0,0,0,0,0,0,0,0,0,0,0,0,0,0,0,0,0,0,0,0,0,0,0,0,0,0,0,0,0,0,0,0,0,0,0,0,0,0,0,0,0,0,0
11101120608,core,0,5,0,0,6,0,0,0,0,11,0,0,9,5,11,5,0,0,0,27,0,0,12,5,4,0,5,0,0,25,0,0,3,3,5,3,0,0,0,13,0,0,6,9,0,5,0,0,0,16,0,0,0,4,3,0,0,0,0,11,0,0,0,6,4,0,0,0,0,20,0,0,0,0,0,0,0,0,0,4,0,0,0,0,0,0,0,0,0,0,0,0,0,3,5,0,7,0,0,19,13,16,50,46,41,38,29,12,4,255
11101120609,core,0,5,8,4,3,0,3,8,4,36,0,7,7,3,6,6,4,0,0,35,0,5,6,5,5,6,0,0,4,35,0,0,3,9,4,3,3,0,0,23,0,0,9,0,3,4,0,0,0,25,0,0,5,8,4,0,0,0,0,14,0,0,3,5,6,0,0,0,0,25,0,0,0,0,0,0,0,0,0,0,0,0,0,0,0,3,0,0,0,3,0,0,3,5,0,0,0,21,25,66,23,30,66,58,52,51,37,61,50,425
11101120610,core,3,13,4,6,8,0,7,3,0,43,4,9,5,8,14,8,5,0,0,54,0,3,7,7,15,12,11,0,0,59,0,3,10,10,10,7,5,0,0,40,0,0,9,13,10,0,4,0,0,40,0,0,4,13,7,6,0,0,0,41,0,0,0,18,20,7,0,0,0,47,0,0,0,5,6,0,0,0,0,10,0,0,0,4,7,4,0,0,0,17,0,0,0,4,0,0,4,0,0,10,57,46,57,105,114,88,76,39,13,618
11101120611,core,0,3,6,5,0,0,6,0,0,26,0,10,3,10,10,0,0,0,0,37,0,5,10,8,9,7,0,0,0,43,0,0,10,4,13,0,0,0,0,29,0,0,3,3,7,4,0,0,0,20,0,0,10,0,0,0,0,0,0,16,0,0,3,13,9,6,0,0,0,29,0,0,0,0,0,0,0,0,0,3,0,0,0,0,0,0,0,0,0,6,0,0,3,4,0,0,3,0,0,13,23,38,60,55,70,35,44,25,5,355
11101120612,core,0,3,7,4,7,0,6,9,0,40,0,4,11,8,9,8,5,0,0,47,0,6,12,3,9,6,5,0,0,52,0,0,3,10,9,4,3,0,0,32,0,0,9,11,7,0,3,0,0,28,0,0,9,4,5,4,0,0,0,18,0,0,9,14,12,9,6,0,0,45,0,0,0,0,0,3,0,0,0,6,0,0,0,5,0,3,0,0,0,6,0,0,3,3,0,0,0,0,0,8,22,30,59,66,70,72,75,37,10,441
11101120613,core,0,6,3,6,4,4,0,0,4,27,0,0,8,4,0,0,8,0,0,34,0,3,4,3,3,3,0,0,0,19,0,0,8,9,5,0,0,0,0,20,0,0,7,9,3,0,0,0,0,23,0,0,0,4,0,4,0,0,0,14,0,0,3,5,0,0,0,0,0,11,0,0,0,0,0,0,0,0,0,4,0,0,0,0,0,0,0,0,0,0,3,0,0,7,0,3,0,0,0,13,18,24,55,53,36,38,31,19,7,278
11101120614,core,0,0,0,0,7,3,0,0,0,12,0,0,4,3,0,4,3,0,0,15,0,0,0,3,0,10,0,3,0,26,0,0,0,5,5,4,4,0,0,20,0,5,7,6,0,0,0,0,0,17,0,0,3,3,3,0,0,0,0,17,0,0,7,4,5,3,0,0,0,16,0,0,0,0,3,0,0,0,0,4,0,0,0,0,0,0,0,0,0,6,0,0,0,0,0,0,0,0,0,4,10,17,34,33,33,34,36,29,6,239
11101120615,core,0,11,3,5,6,7,3,0,0,35,0,3,3,13,9,6,4,0,0,39,0,3,3,12,9,6,4,0,0,38,0,0,11,3,7,4,0,0,0,38,0,0,9,0,9,3,4,0,0,30,0,0,8,3,5,4,0,0,0,24,0,0,8,9,15,9,0,0,0,37,0,0,0,5,0,3,0,0,0,9,0,0,0,0,4,0,0,0,0,5,0,3,0,0,0,0,4,0,0,10,37,37,65,67,76,81,69,32,6,475
11101120616,core,0,3,5,0,7,0,6,0,0,26,0,3,0,8,3,0,3,0,0,23,0,0,4,0,7,9,5,0,0,28,0,0,0,13,5,5,0,0,0,28,0,0,0,10,0,0,4,0,0,26,0,0,5,4,4,0,5,0,0,21,0,0,0,16,7,5,4,0,0,24,0,0,0,0,0,0,0,0,0,4,0,0,0,4,0,0,0,0,0,6,0,0,0,0,7,0,0,0,0,11,25,21,37,58,49,38,63,11,3,311
11101120617,core,0,3,0,0,0,0,5,0,0,12,0,0,4,3,0,0,3,0,0,22,0,3,3,6,8,5,9,0,0,27,0,0,5,3,0,0,3,0,0,14,0,0,3,0,4,0,0,0,0,9,0,0,0,3,0,3,0,0,0,0,0,0,0,3,6,0,3,0,0,14,0,0,0,0,0,0,0,0,0,4,0,0,0,0,3,0,0,0,0,4,0,0,0,0,0,0,3,0,0,8,19,16,23,30,27,25,59,24,5,229
11101120618,core,0,3,3,11,0,10,5,0,0,32,0,6,0,8,11,0,0,0,0,28,0,3,9,4,12,12,0,0,0,40,0,0,9,0,4,0,0,0,0,20,0,0,0,3,7,3,0,0,0,18,0,0,0,3,4,4,0,0,0,12,0,0,3,9,7,3,0,0,0,23,0,0,0,0,0,0,0,0,0,4,0,0,0,0,3,0,0,0,0,0,0,0,0,0,0,0,0,0,0,0,36,26,43,59,61,61,23,19,0,325
11101120619,core,0,4,6,4,5,4,7,0,0,30,0,3,0,7,4,6,0,3,0,34,0,0,11,9,11,4,8,0,0,40,0,4,0,4,4,7,3,0,0,26,0,0,8,9,10,6,3,0,0,27,0,0,6,3,12,0,0,0,0,23,0,0,4,15,8,7,3,0,0,31,0,0,0,0,0,0,0,0,0,5,0,0,0,3,0,0,0,0,0,5,0,0,0,3,3,0,8,0,0,17,34,23,40,75,59,58,77,34,14,412
11101120620,core,0,0,5,3,8,8,12,0,0,31,0,0,10,0,6,8,6,3,0,31,0,3,6,7,9,7,3,0,0,46,0,0,10,3,0,4,0,0,0,21,0,0,4,4,7,6,6,0,0,29,0,0,4,3,10,7,0,0,0,18,0,0,4,4,23,5,0,0,0,33,0,0,0,0,0,0,0,0,0,3,0,0,0,0,3,0,0,0,0,6,0,0,3,0,0,0,3,0,0,15,17,16,44,51,65,62,82,26,3,360
11101120621,core,0,3,5,4,7,5,3,0,0,26,0,6,0,3,5,5,6,0,0,18,3,0,0,0,9,10,8,6,0,38,0,0,4,7,8,6,5,0,0,24,0,4,0,0,11,7,0,0,0,29,0,0,0,6,6,7,0,0,0,20,0,3,5,3,22,15,0,0,0,45,0,0,0,11,5,0,0,0,0,17,0,0,0,5,4,0,4,0,0,12,0,0,9,0,3,5,0,0,0,17,31,30,38,42,79,77,55,31,9,387
11101120622,core,0,0,3,6,4,3,3,0,0,32,0,4,3,0,5,3,4,0,0,18,0,0,6,3,8,5,5,0,0,24,0,0,7,10,7,4,3,0,0,36,0,0,3,4,0,9,0,6,0,21,0,0,3,5,5,9,4,0,0,22,0,0,0,7,8,5,0,0,0,30,0,0,0,0,0,0,0,0,0,11,0,0,0,0,0,0,0,0,0,4,0,0,3,5,4,0,6,0,0,18,21,23,40,48,53,61,62,21,10,337
11101120623,core,3,6,9,0,0,5,3,0,0,30,3,5,13,5,10,10,3,0,0,45,0,7,14,0,8,5,5,0,0,48,0,4,12,9,4,12,3,0,0,37,0,0,3,3,14,6,6,5,0,34,0,0,4,3,5,4,0,0,0,13,0,0,5,9,9,10,4,0,0,34,0,0,0,4,0,0,0,0,0,4,0,0,0,4,9,0,0,0,0,14,0,0,0,0,0,6,6,3,0,20,39,34,72,53,73,100,81,37,13,488
11101120624,core,0,0,0,0,7,0,12,0,0,22,0,10,4,4,0,0,5,3,0,18,0,0,5,4,5,0,0,0,0,20,0,3,6,6,3,4,0,0,0,21,0,0,8,6,4,7,0,0,0,24,0,0,0,4,4,5,0,0,0,12,0,0,3,11,8,14,0,0,0,43,0,0,0,3,0,0,0,0,0,4,0,0,0,3,0,4,0,0,0,8,0,5,0,0,3,4,4,0,0,10,23,19,43,46,56,56,43,26,9,323
11101120625,core,4,9,0,0,0,0,5,3,0,24,0,6,5,12,3,5,3,0,0,31,0,5,4,7,9,0,0,0,0,23,0,0,0,3,8,4,0,0,0,23,0,0,5,9,0,4,0,0,0,20,0,0,3,7,11,0,0,0,0,28,0,0,3,22,13,8,0,0,0,41,0,0,0,3,10,3,0,0,0,17,0,0,0,5,6,3,0,0,0,11,0,3,0,0,0,3,3,0,0,9,43,30,28,86,77,45,28,13,0,348
11101120626,core,0,8,4,0,6,4,0,0,0,31,0,3,4,4,7,10,4,0,0,34,0,3,19,10,14,6,12,0,0,60,0,0,5,14,5,5,0,4,0,39,0,0,12,8,7,0,3,0,0,33,0,0,5,13,3,3,0,0,0,21,0,0,9,15,17,3,0,0,0,47,0,0,0,3,4,0,0,0,0,6,0,0,0,0,6,5,0,0,0,7,3,0,0,6,0,6,0,5,0,21,42,37,70,82,71,64,59,23,4,462
11101120627,core,5,8,0,5,4,4,13,3,0,36,0,5,3,4,9,10,4,0,0,41,0,4,6,4,3,16,6,3,0,43,0,0,10,8,3,10,5,0,0,38,0,0,3,8,8,8,0,0,0,29,0,0,0,0,11,7,0,0,0,20,0,0,6,8,14,10,6,0,0,40,0,0,0,0,8,0,0,0,0,14,0,0,0,0,3,3,0,0,0,14,0,0,0,0,4,0,0,0,4,13,34,28,42,54,79,84,88,34,16,450
11101120628,core,4,0,0,7,7,5,6,4,0,39,3,0,10,12,11,4,0,0,0,34,0,6,6,3,12,10,0,0,0,38,0,4,0,8,6,3,0,0,0,23,0,0,5,0,3,3,0,0,0,19,0,0,4,4,4,3,0,0,0,15,0,0,9,10,8,0,0,0,0,27,0,0,0,0,0,0,0,0,0,5,0,0,0,0,0,0,0,0,0,0,0,0,5,0,3,4,0,4,0,19,40,34,62,59,67,49,40,20,8,381
11101120629,core,0,0,4,0,0,0,7,9,0,25,0,6,0,0,0,0,9,0,0,19,0,0,0,8,6,6,6,0,0,19,0,0,0,0,5,0,0,0,0,8,0,0,5,0,3,0,0,4,0,13,0,0,3,0,0,3,0,0,0,10,0,0,0,0,0,0,0,0,0,3,0,0,0,0,0,0,0,0,0,0,0,3,0,0,0,3,0,0,0,7,0,0,3,0,5,3,8,10,3,41,18,17,30,14,39,56,119,81,29,402
11101120630,core,0,0,4,0,0,3,4,5,3,31,0,5,0,4,4,8,10,4,5,31,0,6,4,0,5,9,3,3,0,29,0,0,0,0,7,5,8,0,0,18,0,0,0,0,3,3,4,0,0,19,0,0,4,3,0,0,0,0,0,12,0,0,0,6,3,8,5,3,0,29,0,0,0,0,4,0,0,0,0,8,0,0,0,0,4,3,0,0,0,14,5,11,4,0,3,4,3,0,0,29,10,29,34,33,46,49,72,38,19,325
11101120631,core,0,8,7,5,0,0,5,0,0,23,0,4,12,8,7,5,3,0,0,32,0,0,14,7,0,3,3,0,0,26,0,0,7,4,3,6,0,0,0,16,0,0,3,5,0,3,0,0,0,12,0,0,0,5,3,0,3,0,0,6,0,0,0,0,0,0,0,0,0,4,0,0,0,0,0,0,0,0,0,3,0,0,0,3,0,0,0,0,0,5,3,0,5,5,4,0,3,10,0,36,21,27,62,39,42,49,49,32,13,330
11101120632,core,0,4,9,0,3,3,5,0,0,26,0,3,7,3,4,0,0,5,0,20,0,0,9,6,5,0,0,0,0,32,0,0,11,4,8,0,0,0,0,21,0,0,4,4,6,0,0,0,0,19,0,0,0,3,0,0,0,0,0,5,0,0,4,5,6,6,0,0,0,18,0,0,0,0,3,0,0,0,0,4,0,0,0,0,0,0,0,0,0,0,0,5,5,0,0,0,0,0,0,16,18,19,52,45,48,27,26,24,12,266
11101120633,core,0,3,3,3,3,6,8,12,7,44,0,5,13,4,3,9,6,5,0,48,0,9,13,10,10,5,0,0,0,53,0,3,15,9,6,0,0,0,0,34,0,0,12,3,8,7,3,0,0,35,0,3,0,0,5,0,0,0,0,15,0,0,4,8,7,3,0,0,0,25,0,0,5,0,0,0,0,0,0,3,0,0,0,0,0,0,0,0,0,10,0,3,13,9,9,6,12,19,48,109,35,40,105,68,79,79,86,82,84,658
11101120634,core,0,6,12,5,6,6,0,9,0,45,0,8,18,9,9,3,0,0,0,45,0,3,14,9,19,3,6,0,0,47,0,0,6,0,8,12,0,0,0,21,0,0,8,9,10,3,0,0,0,27,0,0,3,6,10,6,0,0,0,23,0,0,6,7,5,0,0,0,0,23,0,0,4,4,0,0,0,0,0,9,0,0,0,0,0,0,0,0,0,0,0,0,0,0,5,3,0,3,0,11,34,34,88,60,74,60,34,36,5,434
11101120635,core,0,0,0,0,0,4,6,5,0,20,0,0,4,0,3,6,5,0,0,13,0,0,0,4,3,3,0,0,0,13,0,0,4,0,0,0,0,0,0,7,0,0,0,0,6,0,0,4,0,10,0,0,3,0,3,6,0,0,0,8,0,0,0,4,0,5,0,0,0,16,0,0,0,0,0,0,0,0,0,3,0,0,0,0,0,0,0,0,0,0,0,0,0,0,0,0,3,8,4,11,10,11,19,16,30,25,38,68,65,281
11101120636,core,0,0,3,3,0,0,0,3,0,17,0,3,7,4,0,5,6,3,0,27,0,0,7,6,6,3,4,0,0,12,0,0,6,3,3,0,0,0,0,12,0,0,11,0,0,3,0,0,0,15,0,0,0,0,0,0,0,0,0,6,0,0,0,3,6,0,4,0,0,11,0,0,0,0,0,0,0,0,0,0,0,0,5,0,0,0,0,0,0,4,0,5,3,4,7,0,6,0,0,17,15,23,54,45,33,38,31,14,7,264
11101120637,core,0,0,6,4,0,4,0,0,4,27,0,5,8,4,5,10,0,3,0,39,0,0,12,12,4,8,0,0,0,33,0,0,6,3,13,0,0,0,0,27,0,0,4,0,9,0,0,0,0,10,0,0,0,4,4,3,0,0,0,12,0,0,3,10,5,7,0,0,0,26,0,0,0,0,0,0,0,0,0,6,0,0,0,4,0,0,0,0,0,4,3,0,0,0,3,0,0,0,0,13,26,12,54,58,44,65,35,24,17,329
11101120638,core,0,6,9,5,4,7,8,3,0,44,0,4,4,5,12,14,8,0,3,44,0,0,16,5,14,12,12,0,0,58,0,0,8,9,7,9,0,0,0,27,0,0,10,4,5,5,3,0,0,24,0,0,3,0,5,0,0,0,0,16,0,0,8,18,8,5,0,0,0,37,0,0,0,0,0,0,0,0,0,8,0,0,0,0,0,0,0,0,0,13,0,0,6,5,0,9,0,0,0,18,36,23,74,54,69,89,56,42,20,469
11101120639,core,0,0,5,11,8,4,6,0,0,35,0,0,4,3,0,8,3,0,0,22,0,0,0,3,3,9,7,0,0,25,0,0,5,4,4,8,0,0,0,14,0,0,10,0,3,5,0,0,0,16,0,0,0,4,6,7,0,0,0,11,0,0,3,3,4,3,0,0,0,14,0,0,0,3,0,0,0,0,0,3,0,0,0,3,4,0,3,0,0,12,0,3,5,5,3,4,9,4,5,28,12,7,34,46,48,64,86,38,14,351
11101120640,core,0,5,0,0,0,7,4,0,0,18,0,3,0,0,0,4,11,0,0,17,0,4,4,0,3,11,9,4,0,33,0,0,7,4,0,4,6,0,0,25,0,0,7,3,4,11,5,4,0,25,0,0,3,4,3,3,6,0,0,13,0,0,0,9,8,15,7,0,4,40,0,0,0,0,0,5,4,0,0,10,0,0,0,8,21,16,0,0,0,48,0,0,0,0,0,6,0,0,0,3,31,14,38,36,59,87,92,29,12,403
11101120641,core,0,0,0,4,0,0,3,0,0,14,0,5,4,0,3,7,5,0,0,29,0,4,0,3,11,10,7,3,0,27,0,3,8,4,4,4,0,0,0,22,0,0,4,3,8,5,3,0,0,22,0,0,0,0,6,8,0,0,0,23,0,0,0,12,9,10,0,0,0,30,0,0,0,0,5,3,0,0,0,5,0,0,0,4,9,10,0,0,0,17,0,0,0,0,0,0,0,0,0,3,38,29,18,35,67,68,53,23,6,343
11101120642,core,0,0,8,3,0,4,0,10,0,25,0,8,3,4,3,0,3,0,0,21,0,3,0,0,10,4,0,0,0,17,0,0,4,7,0,8,0,0,0,19,0,0,3,3,0,0,0,0,0,12,0,0,0,0,0,0,0,0,0,7,0,0,0,7,14,5,0,0,0,20,0,0,0,0,0,0,0,0,0,0,0,0,0,0,0,0,0,0,0,0,0,0,3,0,0,4,4,4,3,19,27,18,26,33,40,42,38,40,16,279
11101120701,core,0,0,3,5,7,7,7,0,0,28,0,5,0,6,3,6,3,0,0,29,0,0,6,5,4,9,6,6,0,34,0,0,6,0,9,5,6,0,0,30,0,0,0,0,4,7,0,0,0,17,0,0,3,6,9,0,0,0,0,19,0,0,3,10,11,5,0,0,0,31,0,0,0,0,0,0,0,0,0,6,0,0,0,0,6,0,0,0,0,5,0,0,0,0,4,7,0,0,0,20,18,18,29,43,69,79,68,37,9,384
11101120702,core,3,3,0,3,8,8,8,0,0,40,0,15,4,0,4,17,0,0,0,39,0,0,0,6,8,7,4,0,0,35,0,6,8,4,5,0,0,0,0,21,0,0,0,10,8,9,0,0,0,24,0,0,4,4,4,6,0,0,0,13,0,0,0,10,10,3,0,0,0,23,0,0,0,0,8,5,0,0,0,10,0,0,0,5,3,0,0,0,0,13,0,0,0,0,0,7,4,0,0,14,38,33,41,54,75,88,58,17,13,416
11101120703,core,0,7,0,3,5,0,3,8,0,28,0,6,4,3,10,4,4,0,3,26,0,0,0,5,9,11,0,0,0,28,0,0,0,4,3,0,0,0,0,17,0,0,7,5,3,0,0,0,0,11,0,0,0,4,5,0,0,0,0,8,0,0,0,5,8,5,0,0,0,24,0,0,0,0,0,0,0,0,0,6,0,0,0,0,3,4,0,0,0,7,0,0,0,0,0,0,0,0,0,9,27,21,29,43,64,52,37,38,19,337
11101120704,core,0,0,4,0,0,0,0,0,0,14,0,0,4,0,10,4,3,0,0,15,0,0,9,0,0,9,3,0,0,17,0,0,4,8,8,8,0,0,0,18,0,0,0,0,3,4,0,0,0,10,0,0,3,0,3,0,0,0,0,4,0,0,3,9,0,3,0,0,0,9,0,0,0,0,0,0,0,0,0,5,0,0,0,0,0,0,0,0,0,0,0,0,0,0,0,0,3,0,0,10,14,11,20,30,27,41,36,9,4,187
11101120705,core,0,0,0,0,3,6,5,0,0,22,0,0,3,4,3,7,3,0,0,27,0,0,4,3,3,3,3,3,0,29,0,0,0,3,12,0,3,0,0,16,0,0,6,4,6,9,9,0,0,23,0,0,0,3,5,6,3,4,0,11,0,0,3,8,6,11,3,0,0,28,0,0,0,3,7,0,0,0,0,12,0,0,0,0,7,4,4,0,0,15,0,7,6,0,4,0,13,3,0,31,22,23,32,38,55,67,83,43,10,376
11101120706,core,0,0,4,0,9,5,4,0,0,19,0,3,6,8,5,4,7,0,0,32,0,0,8,0,3,4,0,0,0,17,0,0,4,8,4,3,0,0,0,15,0,0,0,0,0,0,0,4,0,11,0,0,3,0,0,0,0,0,0,12,0,0,0,0,0,0,0,0,0,3,0,0,0,0,0,0,0,0,0,4,0,0,0,0,0,0,0,0,0,4,0,0,3,3,0,4,0,0,0,13,19,14,36,41,39,60,48,20,7,284
11101120707,core,0,0,0,3,4,3,6,5,0,26,0,3,6,0,8,5,0,5,0,29,0,3,8,4,3,3,7,0,0,25,0,0,3,4,0,6,0,0,0,10,0,0,5,4,0,8,0,0,0,13,0,0,0,3,0,0,0,0,0,6,0,0,4,5,4,5,0,0,0,10,0,0,0,0,0,0,0,0,0,0,0,0,4,3,0,5,0,0,0,10,0,3,3,8,0,4,7,8,0,31,9,19,41,39,48,75,75,34,11,348
11101120708,core,0,6,0,7,6,6,10,4,0,36,0,4,4,3,13,3,4,0,0,30,0,0,4,6,4,15,8,0,0,37,0,4,4,4,3,8,5,0,0,29,0,0,0,3,3,3,0,0,0,21,0,0,0,0,5,3,0,0,0,10,0,0,0,3,9,4,0,0,0,20,0,0,0,0,4,0,0,0,0,6,0,0,0,0,4,6,0,0,0,4,0,4,3,5,4,0,11,0,0,35,25,21,28,34,70,78,82,37,9,390
11101120709,core,0,4,6,8,5,9,12,0,0,37,0,5,9,6,4,3,4,0,0,38,0,4,4,9,8,5,0,3,0,33,0,5,8,6,4,0,0,0,0,21,0,0,0,0,3,0,0,0,0,7,0,0,3,0,0,0,0,0,0,6,0,0,3,0,5,0,0,0,0,14,0,0,0,0,0,0,0,0,0,0,0,0,0,0,0,0,0,0,0,5,0,0,3,3,0,3,0,0,0,18,29,36,61,47,70,70,46,15,8,389
11101120710,core,0,0,0,0,0,0,0,0,0,0,0,0,0,0,0,0,0,0,0,0,0,0,0,0,0,0,0,0,0,0,0,0,0,0,0,0,0,0,0,0,0,0,0,0,0,0,0,0,0,0,0,0,0,0,0,0,0,0,0,0,0,0,0,0,0,0,0,0,0,0,0,0,0,0,0,0,0,0,0,0,0,0,0,0,0,0,0,0,0,0,0,0,0,0,0,0,0,0,0,0,0,0,0,0,0,0,0,0,0,0
11101120711,core,0,0,0,0,7,6,0,0,0,13,0,5,0,3,10,4,0,0,0,23,0,0,0,10,10,10,3,0,0,33,0,0,0,7,0,8,7,0,0,19,0,0,0,0,9,0,3,0,0,14,0,0,0,5,3,0,0,0,0,7,0,0,0,5,0,0,0,0,0,5,0,0,0,0,0,0,0,0,0,0,0,0,0,0,0,0,0,0,0,4,0,4,0,0,0,0,0,0,0,9,14,19,13,42,38,57,68,33,6,290
11101120712,core,0,6,7,4,0,11,16,3,0,46,0,3,3,5,3,9,5,5,0,32,0,0,0,10,6,11,6,3,0,35,0,0,3,5,0,5,0,0,0,11,0,0,0,0,3,3,0,0,0,16,0,0,0,3,4,3,0,0,0,9,0,0,4,3,5,6,0,0,0,13,0,0,0,0,0,0,0,0,0,3,0,0,0,0,0,0,0,0,0,0,7,5,5,4,3,12,16,7,4,63,32,27,38,41,49,96,125,81,25,506
11101120713,core,0,0,0,6,0,3,6,4,0,23,0,0,3,0,0,3,7,0,0,16,0,0,7,3,3,0,0,0,0,21,0,0,0,3,5,3,0,0,0,17,0,0,0,6,3,4,3,0,0,13,0,0,0,0,6,0,0,0,0,10,0,0,0,6,0,6,0,0,0,22,0,0,3,0,4,0,0,0,0,4,0,0,0,6,0,0,0,0,0,5,0,0,0,3,0,0,5,5,0,18,10,9,28,45,42,45,45,29,0,253
11101120714,core,0,0,0,0,0,0,0,0,0,0,0,0,0,0,0,0,0,0,0,0,0,0,0,0,0,0,0,0,0,0,0,0,0,0,0,0,0,0,0,0,0,0,0,0,0,0,0,0,0,0,0,0,0,0,0,0,0,0,0,0,0,0,0,0,0,0,0,0,0,0,0,0,0,0,0,0,0,0,0,0,0,0,0,0,0,0,0,0,0,0,0,0,0,0,0,0,0,0,0,0,0,0,0,0,0,0,0,0,0,0
11101120715,core,0,8,3,6,6,12,9,5,0,41,0,0,7,8,11,13,9,3,0,54,0,0,15,15,5,7,9,0,0,46,0,4,4,7,5,9,4,0,0,33,0,0,10,6,7,8,0,0,0,31,0,0,4,9,4,0,0,0,0,19,0,0,0,6,7,3,0,0,0,15,0,0,0,0,0,0,0,0,0,3,0,0,0,0,4,0,0,0,0,3,0,0,5,0,0,6,3,0,9,25,21,27,69,63,73,102,65,30,13,457
11101120716,core,0,4,3,3,4,4,0,0,0,20,0,0,8,0,7,0,4,0,0,22,0,0,6,5,6,0,0,0,0,22,0,7,3,10,0,0,3,0,0,21,0,0,11,3,3,3,0,0,0,21,0,0,0,0,0,3,0,0,0,9,0,0,3,7,4,0,0,0,0,11,0,0,0,0,0,0,0,0,0,4,0,0,0,0,0,0,0,0,0,0,0,0,0,3,0,0,0,0,0,7,13,22,40,33,47,37,28,15,4,234
11101120801,core,6,3,4,0,6,0,3,0,0,14,0,0,6,8,4,10,4,0,0,37,0,0,14,3,4,8,0,0,0,38,0,0,9,4,7,3,0,0,0,32,0,0,6,5,11,8,0,0,0,33,0,0,3,7,4,5,0,0,0,18,0,0,10,13,6,0,0,0,0,28,0,0,4,3,0,0,0,0,0,5,0,0,3,0,0,0,0,0,0,3,6,0,0,0,0,7,0,0,3,17,25,18,71,61,48,57,36,15,8,333
11101120802,core,0,6,3,7,0,8,6,0,0,25,0,6,5,12,5,0,0,0,0,28,0,3,8,8,0,0,0,0,0,21,0,0,6,8,0,3,0,0,0,22,0,0,11,4,0,0,0,0,0,18,0,0,3,8,7,7,0,3,0,25,0,0,9,11,3,0,0,0,0,20,0,0,0,0,0,0,0,0,0,0,0,0,0,0,0,0,0,0,0,7,0,0,3,4,0,0,0,0,0,11,7,30,59,65,24,32,24,19,12,267
11101120803,core,0,3,0,3,4,4,0,0,0,20,0,9,6,4,0,0,0,3,3,21,0,0,10,9,4,6,3,0,0,25,0,0,4,8,5,3,0,5,0,19,0,0,0,7,0,3,0,0,0,11,0,0,4,3,0,0,0,0,0,9,0,0,3,5,3,3,0,0,0,16,0,0,0,0,4,5,0,0,0,7,0,0,0,6,0,0,0,0,0,5,0,0,6,3,0,0,0,0,0,13,15,21,43,61,33,28,24,27,5,255
11101120804,core,4,0,0,0,0,5,0,0,0,8,0,0,4,3,3,6,0,0,0,16,0,6,6,4,3,0,0,0,0,22,0,0,4,6,0,0,0,0,0,14,0,0,10,6,5,0,0,0,0,21,0,3,6,3,3,3,0,0,0,15,0,0,4,12,3,3,0,0,0,20,0,0,0,0,0,0,0,0,0,0,0,0,0,0,0,0,0,0,0,0,0,0,3,5,0,0,0,0,0,9,17,20,43,33,30,28,21,11,3,207
11101120806,core,0,4,3,5,0,3,0,3,0,21,0,0,0,0,10,7,0,0,0,12,0,5,6,0,3,3,0,0,0,25,0,0,5,6,3,3,0,0,0,23,0,0,3,0,4,3,0,0,0,18,0,0,4,11,4,0,0,0,0,13,0,0,4,6,6,5,0,0,0,24,0,0,0,0,0,0,0,0,0,3,0,0,4,5,5,0,0,0,0,10,0,0,0,0,0,0,0,0,0,4,16,20,34,42,46,39,24,26,0,255
11101120807,core,0,9,5,0,6,0,4,4,5,30,0,3,10,4,4,3,0,0,0,28,0,10,7,5,8,8,0,0,0,37,0,6,6,9,12,0,0,0,0,36,0,0,6,9,4,0,0,0,0,21,0,0,3,6,9,7,0,0,0,25,0,0,9,11,10,7,0,0,0,34,0,0,0,0,0,0,0,0,0,3,0,0,5,0,0,0,0,0,0,0,0,0,0,0,0,0,0,0,0,10,17,32,60,57,54,49,40,24,6,345
11101120808,core,3,0,0,3,0,4,3,3,0,21,0,3,4,0,8,5,0,0,0,19,0,0,3,0,4,5,0,6,0,24,0,0,0,6,5,4,0,0,0,18,0,0,3,0,12,10,5,3,0,24,0,0,0,3,4,5,4,0,0,20,0,0,3,16,15,12,6,0,0,49,0,0,0,4,9,3,3,0,0,21,0,0,3,7,17,8,5,0,0,42,0,0,3,0,0,0,0,3,0,8,24,16,28,43,64,75,48,15,3,318
11101120809,core,0,3,3,3,5,0,5,0,0,18,0,0,3,3,8,0,0,0,0,16,0,0,5,5,9,5,0,0,0,25,0,0,0,6,5,4,0,0,0,16,0,0,3,7,4,0,5,0,0,16,0,0,0,3,8,3,0,0,0,23,0,0,4,12,20,11,3,0,0,48,0,0,3,4,0,0,0,0,0,10,0,0,3,4,9,0,0,0,0,14,0,0,0,0,0,0,0,0,0,3,24,20,41,58,59,38,15,13,12,274
11101120810,core,3,3,3,12,4,10,0,4,0,30,0,0,3,3,4,3,4,0,0,29,0,0,3,6,8,5,0,0,0,29,0,0,9,5,3,4,0,0,0,24,0,0,4,8,4,4,3,0,0,26,0,0,3,6,3,5,0,0,0,19,0,0,7,14,3,5,0,0,0,29,0,0,0,4,0,3,0,0,0,8,0,0,0,0,0,0,0,0,0,4,0,0,3,0,3,0,4,0,0,18,20,16,52,65,44,53,32,12,12,302
11101120811,core,0,3,3,0,8,3,9,3,0,30,0,4,0,3,5,0,5,0,0,23,0,0,3,5,5,14,4,0,0,24,0,0,10,5,3,12,0,0,0,31,0,0,6,3,5,0,0,0,0,14,0,0,0,10,5,0,0,0,0,10,0,0,5,18,11,4,4,0,0,41,0,0,0,4,0,3,0,0,0,10,0,0,0,0,3,4,0,0,0,10,3,4,0,0,0,0,0,0,0,15,14,21,39,56,55,52,33,21,16,301
11101120812,core,0,5,9,3,4,4,0,0,0,17,0,0,3,8,5,4,0,0,0,24,0,0,3,9,0,10,4,0,0,29,0,0,10,8,3,3,3,0,0,23,0,0,0,5,6,10,0,0,0,18,0,0,3,9,11,4,0,0,0,22,0,0,7,13,11,10,0,0,0,36,0,0,0,0,6,0,0,0,0,4,0,0,0,0,0,0,0,0,0,7,0,0,0,4,4,0,3,0,0,9,6,17,42,59,46,43,26,21,9,267
11101120813,core,0,5,8,3,0,0,0,0,0,20,0,0,7,5,0,8,3,0,0,22,0,0,4,0,3,5,3,0,0,19,0,0,0,8,4,3,0,0,0,11,0,0,0,7,3,0,0,0,0,17,0,0,0,0,0,0,0,0,0,3,0,0,4,3,0,3,0,0,0,15,0,0,0,0,0,0,0,0,0,0,0,0,0,0,0,0,0,0,0,0,0,0,0,0,0,3,3,4,0,18,17,24,35,38,40,44,51,20,4,263
11101120814,core,0,3,3,5,4,0,7,0,0,26,0,3,3,0,10,10,10,4,0,39,0,0,5,0,3,6,10,0,0,29,0,0,3,5,3,8,0,0,0,33,0,0,3,4,6,4,4,0,0,25,0,0,0,7,3,0,0,0,0,19,0,0,7,10,5,5,0,0,0,26,0,0,6,5,0,3,0,0,0,12,0,0,4,0,0,0,0,0,0,11,0,0,3,5,0,0,3,0,0,14,18,18,46,58,48,64,70,27,13,364
11101120815,core,0,0,3,3,6,0,0,3,0,23,0,3,6,0,10,3,4,3,0,33,0,0,10,5,6,3,5,0,0,35,0,0,6,0,4,6,0,5,0,24,0,0,10,8,5,0,0,0,0,21,0,0,4,10,12,4,0,0,0,28,0,0,12,11,14,0,7,0,0,47,0,0,0,0,4,0,0,0,0,7,0,0,0,6,3,0,0,0,0,8,0,0,0,9,0,0,6,0,3,15,27,26,64,62,63,38,69,43,17,413
11101120816,core,5,3,3,4,3,0,0,0,0,18,0,0,5,0,6,3,3,0,0,21,0,3,5,4,6,4,7,0,0,32,0,3,6,3,7,0,0,0,0,29,0,0,7,6,0,5,0,0,0,23,0,0,0,0,0,3,0,0,0,8,0,0,3,13,8,5,0,0,0,27,0,0,0,4,0,0,0,0,0,4,0,0,0,0,0,0,0,0,0,3,0,0,4,0,0,0,0,0,0,6,18,18,47,43,49,27,22,23,13,276
11101120817,core,0,11,11,8,4,5,0,3,0,36,0,7,9,7,3,0,8,0,0,33,0,6,9,10,5,0,3,0,0,32,0,4,21,10,10,4,0,0,0,46,0,0,4,13,0,0,3,0,0,28,0,0,4,8,5,3,3,0,0,20,0,0,9,16,4,7,0,0,0,43,0,0,0,6,0,0,0,0,0,6,0,0,0,0,0,0,3,0,0,6,0,0,0,0,0,0,4,0,0,6,16,44,86,99,58,38,49,17,12,420
11101120818,core,4,0,0,4,4,4,5,4,4,34,0,9,4,5,6,4,8,0,0,29,0,0,7,0,12,3,4,0,0,25,0,3,6,3,6,0,3,3,0,22,0,0,9,3,3,0,0,0,0,26,0,0,4,10,8,3,0,0,0,21,0,0,11,16,11,3,0,0,0,30,0,0,0,7,0,0,0,0,0,13,0,0,0,8,0,0,0,0,0,6,0,0,9,0,0,0,0,0,4,15,15,14,55,65,50,29,50,48,18,344
11101120819,core,0,5,8,6,3,5,0,5,0,33,0,4,14,0,4,6,0,4,0,35,0,0,26,13,4,7,5,0,0,51,0,3,7,13,5,5,0,3,0,42,0,0,11,5,4,3,0,3,0,24,0,0,4,5,0,3,0,0,0,17,0,0,3,15,9,6,0,0,0,29,0,0,0,3,0,0,0,0,0,9,0,0,0,7,0,0,0,0,0,9,0,0,7,5,4,0,0,0,0,17,19,25,99,74,45,50,31,25,25,389
11101120820,core,0,9,10,0,3,3,0,0,0,22,0,3,8,4,4,9,4,6,0,31,0,6,10,0,4,7,0,0,0,30,0,0,15,3,4,0,0,0,0,25,0,0,9,4,10,5,0,0,0,20,0,0,3,8,3,0,0,0,0,11,0,0,14,14,3,6,0,0,0,33,0,0,0,0,0,0,0,0,0,6,0,0,0,0,0,0,0,0,0,0,0,0,0,0,0,0,0,3,0,12,11,21,76,51,40,42,13,25,0,297
11101120821,core,0,5,6,3,7,0,3,0,0,22,0,5,10,0,8,6,4,0,0,41,0,0,9,10,8,5,0,0,0,33,0,0,7,9,7,0,0,0,0,17,0,0,5,3,4,5,0,0,0,12,0,0,3,5,13,4,0,0,0,21,0,0,13,14,7,3,0,0,0,36,0,0,0,4,0,0,0,0,0,4,0,0,0,0,0,0,0,0,0,5,0,0,6,3,0,0,0,3,0,11,30,24,61,66,65,43,54,21,8,367
11101120822,core,0,3,3,0,6,3,4,0,0,18,0,4,6,3,4,4,4,0,0,29,0,6,11,13,11,6,3,3,3,48,0,0,7,4,6,3,0,0,0,26,0,0,5,10,4,8,0,0,0,25,0,0,9,6,0,3,0,0,0,22,0,0,0,17,13,4,0,0,0,39,0,0,0,0,0,0,0,0,0,0,0,0,0,4,0,0,0,0,0,6,0,0,0,0,0,0,0,0,3,5,24,23,52,75,53,54,35,33,19,373
11101120823,core,0,0,0,0,0,0,0,0,0,0,0,0,0,0,0,0,0,0,0,0,0,0,0,0,0,0,0,0,0,0,0,0,0,0,0,0,0,0,0,0,0,0,0,0,0,0,0,0,0,0,0,0,0,0,0,0,0,0,0,0,0,0,0,0,0,0,0,0,0,0,0,0,0,0,0,0,0,0,0,0,0,0,0,0,0,0,0,0,0,0,0,0,0,0,0,0,0,0,0,0,0,0,0,0,0,0,0,0,0,0
11101120824,core,0,0,0,0,0,8,0,0,0,15,0,0,5,5,0,0,5,0,0,15,0,0,0,3,3,3,0,0,0,10,0,0,0,0,0,0,0,0,0,9,0,0,5,5,0,0,0,0,0,12,0,0,0,3,0,0,0,0,0,10,0,0,3,0,0,5,0,0,0,8,0,0,0,0,0,0,0,0,0,0,0,0,0,0,0,0,0,0,0,0,0,0,6,0,0,0,0,0,0,4,10,9,26,36,16,27,27,10,0,158
11101120825,core,0,5,7,4,4,0,4,0,0,25,0,0,7,7,4,4,3,0,0,30,0,5,5,7,8,8,3,0,0,28,0,4,3,0,5,7,0,0,0,16,0,0,9,5,0,0,0,0,0,9,0,5,0,0,0,0,0,0,0,9,0,0,8,5,11,0,0,0,0,16,0,0,0,0,0,0,0,0,0,0,0,0,0,0,0,0,0,0,0,4,3,3,3,0,4,3,0,0,0,19,29,30,64,41,49,49,32,13,5,310
11101120826,core,0,0,3,3,5,3,3,3,0,25,0,10,5,5,9,4,5,6,0,41,0,5,0,11,12,10,0,0,0,40,0,0,16,8,9,3,6,0,0,39,0,0,0,9,3,6,0,0,0,31,0,0,6,9,15,4,0,0,0,34,0,0,6,15,23,5,0,0,0,48,0,0,0,11,5,0,0,0,0,19,0,0,3,4,8,4,3,0,0,24,0,0,3,0,4,0,0,0,0,14,53,24,62,90,108,56,57,36,16,494
11101120827,core,0,0,0,4,4,8,6,3,0,25,0,0,4,6,0,10,4,0,0,26,0,6,7,13,3,3,11,0,0,45,0,0,13,9,3,6,5,3,0,35,0,0,12,5,6,4,0,0,0,27,0,0,5,5,4,3,0,0,0,25,0,0,11,11,15,9,5,3,0,53,0,0,0,10,9,5,0,0,0,22,0,0,4,8,11,4,0,0,0,25,0,0,5,0,0,5,3,0,0,17,24,23,68,92,67,76,62,20,5,433
11101120828,core,0,0,6,3,4,3,0,0,0,20,0,6,11,3,9,7,6,3,0,38,0,0,7,10,7,10,4,6,0,47,0,3,8,13,4,6,0,3,0,39,0,0,8,10,6,5,0,0,0,25,0,0,3,5,5,0,0,6,0,17,0,0,3,12,11,4,0,0,0,30,0,0,0,3,0,6,0,0,0,9,0,0,0,0,0,0,0,0,0,4,0,0,0,0,0,0,0,0,0,0,19,19,57,63,58,64,33,23,13,350
11101120829,core,0,4,4,0,6,0,4,0,0,18,0,3,0,4,0,3,3,3,0,20,0,0,4,13,7,6,0,0,0,27,0,0,3,11,7,0,0,0,0,23,0,0,0,9,3,0,0,0,0,8,0,0,0,10,4,3,0,0,0,14,0,0,9,9,8,3,0,0,0,27,0,0,0,0,0,0,0,0,0,6,0,0,0,0,0,0,0,0,0,9,0,0,0,0,0,0,0,0,0,4,16,17,37,54,39,18,28,8,7,227
11101120830,core,0,6,0,3,0,3,5,0,0,18,0,0,3,3,3,0,6,0,0,26,0,0,6,6,3,3,0,0,0,21,0,0,4,9,4,9,4,0,0,26,0,0,3,6,11,5,0,0,0,26,0,0,0,4,4,0,0,0,0,8,0,0,6,3,7,8,0,0,0,28,0,0,0,3,0,0,0,0,0,3,0,0,0,0,0,6,0,0,0,10,4,0,7,4,0,0,3,0,0,23,23,22,46,49,38,43,31,19,3,272
11101120831,core,0,4,0,0,5,0,0,0,0,20,0,3,0,4,0,0,0,0,0,14,0,4,6,11,3,0,0,0,0,25,0,0,0,9,7,0,0,0,0,23,0,0,0,9,5,5,0,0,0,20,0,0,3,9,5,4,0,0,0,23,0,0,0,8,10,6,0,0,0,16,0,0,0,0,0,0,0,0,0,0,0,0,0,4,0,0,0,0,0,4,0,0,7,4,9,0,0,0,0,15,22,19,27,61,60,33,23,27,11,288
11101120832,core,0,3,3,0,0,5,9,0,0,17,0,8,0,4,0,4,0,0,0,19,0,6,0,8,6,7,3,0,0,25,0,0,3,4,0,9,0,0,0,20,0,0,0,0,3,4,0,0,0,15,0,0,3,0,0,0,5,0,0,9,0,0,0,11,9,3,0,0,0,29,0,0,0,0,0,0,0,0,0,3,0,0,0,0,3,6,0,0,0,10,0,0,0,0,0,0,4,0,0,6,21,22,15,28,39,47,31,10,0,214
11101120833,core,0,0,0,0,0,3,4,0,0,11,4,0,5,0,6,0,0,0,0,16,0,0,3,0,0,9,5,0,0,29,0,0,7,4,0,9,0,0,0,13,0,0,8,5,9,8,0,0,0,25,0,0,3,3,4,6,0,0,0,21,0,0,5,8,3,4,0,0,0,20,0,0,0,0,0,0,0,0,0,3,0,0,0,0,0,0,0,0,0,0,0,0,0,0,0,0,0,0,0,14,17,8,35,40,31,50,39,18,4,232
11101120834,core,0,0,0,3,4,0,0,3,0,18,0,0,5,3,4,4,0,0,0,16,0,6,3,0,0,6,0,0,0,23,0,0,5,8,4,0,0,3,0,23,0,0,3,3,3,0,0,0,0,14,0,0,5,8,5,0,0,0,0,18,0,0,8,5,9,4,0,0,0,23,0,0,0,0,8,0,0,0,0,3,0,0,0,3,3,0,0,0,0,6,0,0,0,0,0,5,0,0,0,13,20,22,22,42,52,30,29,24,4,251
11101120835,core,0,0,3,3,0,3,0,7,0,25,0,8,3,8,4,5,0,0,0,33,0,0,0,8,0,11,0,0,0,24,0,0,8,0,0,5,0,0,0,18,0,0,5,8,5,7,0,0,0,22,0,0,3,6,0,0,0,0,0,13,0,0,4,4,4,0,0,0,0,16,0,0,0,3,0,0,0,0,0,5,0,0,0,3,0,0,0,0,0,4,0,0,0,3,0,3,3,0,9,21,20,10,35,62,35,43,41,51,28,325
11101120836,core,3,9,9,8,0,6,0,0,0,25,0,4,14,4,5,9,0,0,0,42,0,3,18,7,5,8,0,0,0,40,0,0,14,4,4,6,0,0,0,20,0,0,4,3,0,3,0,0,0,18,0,0,5,0,0,0,0,0,0,7,0,0,4,3,0,0,0,0,0,12,0,0,0,0,0,0,0,0,0,0,0,0,0,0,0,0,0,0,0,6,0,3,8,0,3,4,3,0,0,28,37,23,102,65,46,63,37,20,4,402
11101120837,core,0,0,6,3,8,5,7,3,0,24,0,9,13,7,9,4,0,0,0,43,0,0,9,6,8,5,0,0,0,27,0,3,6,6,0,0,0,0,0,16,0,0,3,3,0,3,0,0,0,14,0,0,0,0,0,0,0,0,0,8,0,0,0,0,0,0,0,0,0,3,0,0,0,0,0,0,0,0,0,0,0,0,0,0,0,0,0,0,0,0,0,0,6,12,10,4,4,7,4,39,35,29,55,45,60,49,40,37,5,351
11101120838,core,0,0,0,0,0,0,0,0,0,10,0,0,4,9,8,5,0,3,0,25,0,0,8,7,7,0,0,0,0,28,0,3,5,0,5,6,0,0,0,19,0,0,0,0,4,4,0,0,0,11,0,0,4,0,0,0,0,0,0,0,0,0,0,3,6,0,0,0,0,14,0,0,0,0,0,0,0,0,0,0,0,0,0,0,0,0,0,0,0,0,0,0,0,0,0,0,0,0,0,6,25,11,34,28,37,39,40,18,8,236
11101120839,core,0,0,3,0,6,4,0,3,0,24,0,3,9,5,11,0,0,0,3,35,0,0,3,12,6,3,0,0,0,27,0,5,6,10,9,3,0,0,0,26,0,0,7,0,3,5,0,0,0,18,0,0,9,0,0,4,0,0,0,15,0,0,3,10,3,6,0,0,0,26,0,0,0,0,0,0,0,0,0,3,0,0,0,0,3,0,0,0,0,0,4,0,5,5,0,4,4,7,3,36,22,25,65,50,45,40,30,50,73,403
11101120840,core,0,0,5,0,4,5,6,0,5,26,0,0,4,3,9,6,3,0,0,30,0,0,6,5,0,4,3,0,0,28,0,6,5,7,3,10,0,0,0,30,0,3,7,5,3,4,0,0,0,21,0,0,9,5,4,5,0,0,0,18,0,0,10,8,11,4,0,0,0,34,0,0,0,7,0,0,0,0,0,5,0,0,0,6,3,3,0,0,0,13,0,3,7,3,0,0,0,0,0,12,28,26,60,63,58,51,34,25,19,366
11101120841,core,0,10,3,8,0,0,6,3,0,28,0,3,10,3,8,3,5,0,0,32,0,0,5,7,5,3,8,3,0,34,0,8,8,3,5,0,3,0,0,24,0,3,10,11,6,3,0,0,0,29,0,0,4,4,5,0,0,0,0,20,0,0,3,9,12,8,0,0,0,35,0,0,0,0,0,0,0,0,0,4,0,0,0,0,0,0,0,0,0,3,3,0,0,0,5,0,0,0,0,16,25,41,56,55,57,34,65,39,12,369
11101120842,core,0,0,5,0,3,3,3,0,0,14,0,4,11,0,3,6,0,0,0,29,0,3,7,4,4,3,3,0,0,21,0,0,13,3,5,7,6,0,0,26,0,0,10,0,3,5,4,0,0,24,0,0,0,7,0,4,0,0,0,15,0,0,9,10,6,0,0,0,0,24,0,0,0,0,0,0,0,0,0,0,0,0,0,0,0,0,0,0,0,8,0,0,0,0,5,0,0,0,0,14,13,17,62,41,38,32,38,11,10,265
11101120844,core,0,0,5,0,7,0,0,4,0,22,0,5,0,0,0,0,6,0,0,12,0,0,3,3,0,9,0,0,0,17,0,0,3,3,0,0,0,0,0,18,0,0,5,0,7,0,4,0,0,17,0,0,3,3,0,0,0,0,0,8,0,0,9,5,8,3,0,0,0,21,0,0,0,0,0,0,0,0,0,0,0,0,0,0,0,0,0,0,0,4,0,0,0,4,4,4,0,6,0,22,3,8,52,32,38,31,21,33,11,227
11101120845,core,0,4,3,8,0,3,6,0,0,20,0,0,0,8,0,7,5,0,0,21,0,0,3,5,4,7,5,0,0,31,0,0,7,0,6,0,5,0,0,26,0,0,4,4,6,6,0,0,0,19,0,0,0,5,6,3,0,0,0,18,0,0,3,8,9,11,4,0,0,29,0,0,0,0,0,0,0,0,0,5,0,0,0,0,0,0,0,0,0,9,0,6,0,3,0,0,0,0,0,8,20,5,36,50,38,66,43,9,7,270
11101120846,core,0,3,0,3,3,0,0,3,0,17,0,0,0,8,8,5,4,0,0,29,0,0,4,6,6,7,3,0,0,27,0,4,4,4,3,3,0,0,0,16,0,0,8,6,11,5,0,0,0,23,0,0,0,10,10,0,0,0,0,25,0,0,4,16,25,6,0,0,0,60,0,0,0,3,4,3,0,0,0,13,0,0,0,8,5,6,0,0,0,10,0,0,0,0,0,0,0,0,0,3,40,22,30,62,87,45,34,11,0,335
11101120847,core,3,4,3,3,0,3,7,4,0,22,0,0,9,5,3,5,4,0,0,26,0,0,5,3,4,3,5,0,0,18,0,0,10,7,3,4,0,0,0,22,0,0,4,9,3,4,0,0,0,14,0,0,0,5,3,6,0,0,0,13,0,0,7,4,4,3,0,0,0,19,0,0,0,0,0,0,0,0,0,0,0,0,0,0,0,0,0,0,0,4,0,0,3,0,0,0,0,0,0,0,20,16,49,36,33,31,24,9,3,220
11101120848,core,0,3,0,7,0,7,4,0,0,18,0,0,3,6,4,3,4,0,0,21,0,0,6,0,3,0,3,0,0,20,0,3,11,9,5,7,3,0,0,38,0,0,7,4,9,0,0,0,0,24,0,0,8,4,0,4,0,0,0,12,0,0,3,8,5,4,0,0,0,25,0,0,4,0,0,0,0,0,0,7,0,0,0,0,0,0,0,3,0,4,0,6,6,0,6,5,0,0,0,14,10,7,48,45,38,41,30,33,9,274
11101120849,core,0,0,3,0,0,4,7,0,0,22,5,3,3,3,0,3,0,4,0,14,0,0,10,3,3,0,8,0,0,28,0,0,4,10,8,3,4,6,0,26,0,0,6,8,6,5,0,0,0,28,0,6,9,4,8,3,0,0,0,26,0,0,9,18,12,3,0,0,0,45,0,0,0,0,0,0,0,0,0,3,0,0,0,6,0,0,0,0,0,11,0,0,0,5,0,0,0,0,0,5,20,20,53,73,61,30,36,35,9,333
11101120850,core,0,0,5,8,0,3,0,3,0,16,0,0,0,0,3,0,0,3,0,9,5,3,4,6,5,3,3,0,0,22,0,4,9,10,6,4,0,0,0,25,0,0,4,9,4,3,0,0,0,22,0,0,5,9,3,0,0,0,0,9,0,3,3,13,3,7,0,0,0,30,0,0,0,4,0,0,0,0,0,4,0,0,0,3,0,0,0,0,0,6,0,0,0,0,0,0,0,0,0,4,14,11,28,56,28,29,22,18,5,216
11101120851,core,0,4,0,5,4,3,5,0,0,24,0,0,3,6,0,5,9,0,0,19,0,0,0,9,4,3,0,0,0,15,0,0,3,9,0,9,0,0,0,16,0,0,6,7,6,5,0,0,0,15,0,0,0,7,3,0,0,0,0,3,0,0,0,3,0,3,0,0,0,5,0,0,0,0,0,0,0,0,0,3,0,0,0,0,0,0,0,0,0,4,0,0,4,5,0,0,0,4,0,14,9,17,27,48,20,37,21,19,5,214
11101120852,core,0,9,0,4,0,3,5,0,3,27,0,4,14,3,0,0,6,0,0,21,0,0,13,4,3,3,3,0,0,30,0,0,8,4,5,0,0,0,0,20,0,0,10,3,7,0,0,0,0,22,0,0,5,4,4,0,0,0,0,17,0,0,3,8,7,0,4,0,0,28,0,0,0,0,0,0,0,0,0,0,0,0,0,0,0,0,0,0,0,3,0,0,0,3,0,3,0,0,0,10,21,22,61,50,39,28,38,23,11,305
11101120853,core,0,5,0,0,0,0,8,0,0,18,0,0,0,3,0,8,4,3,0,21,0,0,0,0,5,6,5,0,0,14,0,0,6,3,4,3,7,0,0,21,0,0,5,3,7,5,0,3,0,17,0,0,0,4,6,4,0,4,0,19,0,0,0,11,11,5,9,0,0,38,0,0,0,3,4,0,0,0,0,6,0,0,0,8,7,8,0,3,0,28,6,5,0,4,3,0,0,0,0,12,21,19,17,46,47,46,48,24,15,276
11101120854,core,0,6,0,0,4,3,4,0,0,16,0,0,4,0,0,0,4,0,0,10,0,0,5,0,0,4,0,0,0,19,0,0,5,4,0,8,3,0,0,14,0,0,4,0,6,6,4,0,0,22,0,0,7,3,0,4,0,0,0,16,0,0,11,11,5,4,0,0,0,25,0,0,0,0,0,4,0,0,0,8,0,0,4,0,7,0,0,0,0,12,0,0,5,0,0,0,0,0,0,9,7,11,42,30,33,46,27,14,10,220
11101120855,core,6,10,9,0,3,5,6,6,0,39,3,4,17,13,12,13,6,0,0,65,0,4,15,9,12,8,3,4,4,61,0,0,8,12,6,3,0,0,0,39,0,3,15,10,7,5,0,0,0,42,0,0,0,9,9,5,0,0,0,33,0,0,8,16,16,10,0,0,0,51,0,0,4,7,5,0,0,0,0,15,0,0,0,3,0,0,0,0,0,4,3,0,15,5,8,0,0,6,3,38,37,42,105,106,102,72,57,42,16,574
11101120856,core,0,0,4,5,4,0,0,0,0,17,0,0,0,3,0,4,3,3,0,15,0,0,3,6,8,0,6,0,0,30,0,4,5,0,4,6,0,0,0,20,0,0,0,0,3,0,0,0,0,9,0,0,4,9,0,3,0,0,0,13,0,0,3,9,10,7,9,0,0,38,0,0,0,5,0,0,0,0,0,8,0,0,0,4,5,8,0,0,0,21,0,0,0,0,0,4,7,0,0,6,18,14,20,49,38,34,50,15,3,243
11101120857,core,0,0,3,5,3,6,3,0,0,23,4,3,0,4,0,0,5,0,0,18,0,0,5,3,3,9,0,0,0,19,0,0,4,3,3,0,6,0,0,14,0,0,4,6,3,11,0,0,0,19,0,0,0,4,7,0,4,0,0,15,0,0,0,6,10,0,0,0,0,17,0,0,0,3,3,0,0,0,0,10,0,0,0,5,3,8,6,0,0,29,0,0,0,4,0,0,0,3,0,18,21,23,31,45,58,45,30,15,9,274
11101120858,core,0,3,16,0,4,4,5,0,3,39,0,9,15,6,3,3,5,6,0,36,0,0,16,6,7,3,0,0,0,41,0,4,10,3,5,3,0,0,0,24,0,0,0,3,3,7,3,0,0,20,0,0,4,0,0,5,0,0,0,10,0,0,0,0,10,4,3,0,0,14,0,0,0,0,3,0,0,0,0,3,0,0,0,0,0,4,0,0,0,8,0,4,0,0,3,0,0,0,0,16,21,42,79,38,44,42,42,15,11,343
11101120859,core,3,0,7,9,0,0,4,4,7,31,0,8,13,3,7,3,3,0,0,41,0,6,14,15,13,8,3,0,0,58,0,0,17,13,3,6,0,0,0,36,0,0,8,7,10,7,0,3,0,40,0,0,0,0,0,0,0,0,0,8,0,0,6,24,12,3,0,0,0,41,0,0,0,0,4,0,0,0,0,3,0,0,0,0,0,0,0,0,0,5,0,0,9,0,5,0,0,0,0,15,21,30,84,88,56,43,21,42,16,392
11101120860,core,0,6,13,7,3,3,0,0,0,39,0,3,20,9,10,7,5,0,0,42,0,4,16,6,14,4,8,0,0,52,0,3,20,9,7,3,7,0,0,38,0,0,8,4,0,0,0,0,0,23,0,0,0,0,3,11,0,0,0,15,0,0,7,7,0,0,0,0,0,17,0,0,0,0,0,0,0,0,0,0,0,0,4,4,0,0,0,0,0,10,0,0,4,0,0,0,0,4,0,13,17,32,114,62,53,70,31,33,19,434
11101120861,core,0,3,3,0,13,5,5,0,0,32,0,6,13,5,5,5,0,0,0,34,0,4,14,0,5,3,0,0,0,30,0,0,11,8,5,3,0,0,0,16,0,0,7,0,3,0,0,0,0,10,0,0,6,0,0,0,0,0,0,10,0,0,4,4,5,0,0,0,0,13,0,0,0,0,0,0,0,0,0,0,0,0,0,0,0,0,0,0,0,0,0,0,8,4,0,0,0,0,0,13,16,25,79,28,42,46,20,17,15,275
11101120862,core,0,3,10,7,0,4,0,0,0,27,0,5,14,7,6,4,6,0,0,34,0,0,9,8,4,0,4,0,0,24,0,3,6,3,3,6,0,0,0,16,0,0,7,4,3,0,0,0,0,10,0,0,0,3,0,0,0,0,0,8,0,0,10,8,0,0,0,0,0,19,0,0,0,0,0,0,0,0,0,0,0,0,0,0,0,4,0,0,0,3,9,5,6,6,8,3,0,0,0,42,27,31,79,58,55,52,30,20,11,367
11101120863,core,0,4,6,4,3,0,5,0,0,25,0,5,6,3,3,3,0,4,0,26,0,4,15,10,4,5,4,6,0,45,0,0,7,7,4,4,0,0,0,28,0,0,5,3,5,5,4,0,0,22,0,0,5,4,0,4,0,6,0,17,0,0,10,8,6,4,0,0,0,26,0,0,0,0,0,0,0,0,0,5,0,0,0,3,0,0,0,4,0,10,0,0,0,0,4,5,3,0,0,10,21,27,73,61,52,40,31,29,12,346
11101120864,core,0,4,5,6,3,4,3,0,0,25,0,6,3,8,11,3,6,0,0,31,0,4,6,3,14,7,3,0,0,36,0,3,8,5,3,4,0,0,0,21,0,0,0,7,3,6,0,0,0,17,0,0,4,5,9,0,0,0,0,19,0,0,7,15,6,10,0,0,0,33,0,0,0,0,0,0,0,0,0,3,0,0,0,0,0,0,0,0,0,0,0,0,0,3,3,3,0,3,4,21,26,30,41,60,68,48,34,14,3,322
11101120865,core,0,0,3,0,0,0,0,0,0,3,0,0,0,0,0,0,0,0,0,0,0,0,0,3,0,0,0,0,0,3,0,0,0,0,0,0,0,0,0,0,0,0,0,0,0,0,0,0,0,3,0,0,0,0,0,0,0,0,0,0,0,0,0,0,0,0,0,0,0,0,0,0,0,0,0,0,0,0,0,0,0,0,0,0,0,0,0,0,0,0,0,0,0,0,4,0,0,0,0,3,0,0,7,4,7,0,0,0,0,19
11101120866,core,0,6,3,0,0,0,6,0,0,10,0,0,0,0,3,0,3,0,0,14,0,0,3,0,4,0,0,0,0,10,0,0,8,7,6,8,0,0,0,21,0,0,7,3,3,0,0,0,0,12,0,0,0,6,0,0,0,0,0,9,0,0,7,5,0,3,0,0,0,12,0,0,0,0,0,4,0,0,0,6,0,0,3,4,0,0,0,0,0,7,0,0,9,8,4,0,0,0,0,19,13,14,38,38,26,25,32,18,11,217
11101120867,core,0,7,7,0,0,6,0,0,0,20,0,3,13,5,3,0,0,0,0,24,0,0,13,4,0,4,0,0,0,18,0,0,5,7,0,0,4,0,0,20,0,0,4,5,0,6,0,0,0,21,0,0,4,4,5,0,0,0,0,14,0,0,0,4,5,0,0,0,0,11,0,0,0,0,0,0,0,0,0,0,0,0,0,0,0,0,0,0,0,0,0,0,9,0,0,0,0,0,0,12,12,17,64,36,27,23,18,21,6,219
11101120868,core,0,0,8,3,0,5,0,0,0,17,0,9,4,0,0,4,6,0,0,23,0,7,11,6,0,0,0,0,0,20,0,5,15,5,3,0,0,0,0,25,0,0,3,3,8,0,0,0,0,20,0,0,9,3,0,3,0,0,0,13,0,0,9,10,0,3,0,0,0,23,0,0,0,0,3,0,0,0,0,6,0,0,3,0,0,0,0,0,0,3,0,6,0,0,0,0,0,0,4,15,3,24,71,31,17,37,18,14,4,231
11101120869,core,0,0,0,0,0,0,0,0,0,17,0,5,4,5,9,4,6,3,0,25,0,9,10,3,4,0,12,0,0,30,0,3,3,0,3,3,0,0,0,16,0,0,9,4,0,3,0,0,0,9,0,0,0,0,8,9,0,0,0,12,0,0,0,6,3,0,0,0,0,13,0,0,0,0,4,0,0,0,0,5,0,0,0,0,0,0,0,0,0,0,0,0,3,3,4,0,5,6,0,19,12,16,30,23,50,40,38,33,11,260
11101120870,core,0,4,0,0,0,0,3,0,0,13,0,5,7,8,3,4,0,0,0,23,0,10,11,3,4,9,0,0,0,35,0,0,18,5,0,0,0,0,0,35,0,0,11,9,4,0,0,0,0,24,0,0,7,5,0,0,0,0,0,17,0,0,9,10,9,4,3,0,0,40,0,0,0,4,0,0,0,0,0,11,0,0,0,3,8,0,0,0,0,10,0,3,8,4,0,0,0,0,0,20,18,35,81,62,42,27,33,8,0,307
11101120871,core,0,0,0,0,0,0,0,0,0,0,0,0,0,0,0,0,0,0,0,0,0,0,0,0,0,0,0,0,0,0,0,0,0,0,0,0,0,0,0,0,0,0,0,0,0,0,0,0,0,0,0,0,0,0,0,0,0,0,0,0,0,0,0,0,0,0,0,0,0,0,0,0,0,0,0,0,0,0,0,0,0,0,0,0,0,0,0,0,0,0,0,0,0,0,0,0,0,0,0,0,0,0,0,0,0,0,0,0,0,0
11101120901,core,0,4,6,0,3,3,3,4,0,32,0,3,5,5,7,0,0,3,0,29,0,12,10,11,9,4,0,0,0,49,0,0,12,14,5,0,4,0,0,28,0,0,0,11,3,4,0,0,0,21,0,0,12,3,9,3,0,0,0,22,0,0,10,10,6,0,0,0,0,23,0,0,0,7,0,0,0,4,0,4,0,0,0,0,3,0,0,0,0,5,0,0,0,0,0,5,19,27,41,90,26,20,64,73,49,37,44,65,44,424
11101120902,core,0,0,0,0,0,0,0,0,0,0,0,0,0,0,0,0,0,0,0,0,0,0,0,0,0,0,0,0,0,0,0,0,0,0,0,0,0,0,0,0,0,0,0,0,0,0,0,0,0,0,0,0,0,0,0,0,0,0,0,0,0,0,0,0,0,0,0,0,0,0,0,0,0,0,0,0,0,0,0,0,0,0,0,0,0,0,0,0,0,0,0,0,0,0,0,0,0,0,0,0,3,0,0,0,0,0,0,0,0,11
11101120903,core,0,3,0,4,3,0,3,0,0,13,0,8,6,0,10,6,0,0,0,30,0,3,6,3,10,8,5,0,0,32,0,0,7,3,3,0,0,0,0,13,0,0,0,3,5,0,0,0,0,12,0,0,7,0,5,7,0,0,0,17,0,0,0,8,3,4,0,0,0,13,0,0,0,0,0,0,0,0,0,0,0,0,0,0,0,0,0,0,0,0,0,0,0,0,0,0,3,0,0,9,18,25,37,28,46,46,33,20,5,261
11101120904,core,0,0,5,0,4,0,4,3,0,20,0,5,3,6,4,3,3,0,0,21,0,0,11,8,10,3,5,0,0,36,0,5,4,5,3,0,0,0,0,19,0,0,8,0,5,4,0,0,0,21,0,0,3,0,6,0,0,0,0,21,0,0,9,6,9,3,0,0,0,28,0,0,0,0,0,0,0,0,0,0,0,0,0,0,0,0,0,0,0,0,0,0,0,0,0,0,0,0,0,0,23,17,48,43,50,32,34,25,0,263
11101120905,core,3,4,12,7,8,3,3,0,0,34,0,7,8,8,5,10,4,0,0,33,0,3,8,6,10,6,0,0,0,37,0,4,6,9,3,6,0,0,0,22,0,4,0,0,0,0,0,0,0,10,0,0,0,4,0,4,0,0,0,11,0,0,0,0,3,5,0,0,0,11,0,0,3,0,0,0,0,0,0,4,0,0,0,0,0,0,0,0,0,0,0,5,3,6,0,5,0,6,6,30,23,29,60,58,59,63,54,33,22,395
11101120906,core,0,3,0,9,9,0,0,0,0,33,0,4,5,8,10,7,4,0,0,37,0,0,10,14,6,8,3,0,0,46,0,4,5,12,3,0,0,0,0,27,0,0,8,3,3,5,0,0,0,22,0,0,3,3,0,0,0,0,0,10,0,0,4,4,0,3,0,0,0,13,0,0,0,0,0,0,0,0,0,0,0,0,0,0,0,0,0,0,0,5,0,0,0,4,4,6,0,0,0,19,22,28,59,76,58,58,46,33,7,385
11101120907,core,0,9,6,4,7,6,0,6,0,32,0,9,12,8,0,3,6,0,0,39,0,3,15,13,10,7,5,0,0,41,0,0,8,10,4,5,0,0,0,27,0,0,8,4,0,3,0,0,0,9,0,0,3,5,3,0,0,0,0,10,0,0,4,3,0,4,0,0,0,8,0,0,0,0,0,0,0,0,0,0,0,0,0,0,0,0,0,0,0,0,3,6,9,11,5,0,0,4,0,40,26,36,99,59,57,46,49,22,8,404
11101120908,core,0,0,6,3,0,0,4,4,0,12,0,0,7,0,5,4,0,4,0,20,0,4,6,4,5,4,0,0,0,22,0,0,3,0,3,0,0,0,0,6,0,0,4,0,3,0,0,0,0,5,0,0,5,3,0,0,0,0,0,8,0,0,8,0,4,0,0,0,0,10,0,0,0,0,0,0,0,0,0,0,0,0,0,0,0,0,0,0,0,0,4,0,0,6,3,0,4,0,3,23,18,9,45,44,31,39,43,25,4,255
11101120909,core,0,4,3,5,3,3,0,0,0,28,0,0,10,4,7,6,0,0,0,35,0,3,11,3,4,4,0,0,0,33,0,0,11,6,0,0,3,0,0,26,0,0,3,6,3,5,0,0,0,15,0,0,4,0,0,0,0,0,0,10,0,0,3,4,0,0,0,0,0,11,0,0,0,0,0,0,0,0,0,0,0,0,0,0,0,0,0,0,0,3,0,0,0,0,6,0,4,0,0,19,23,33,68,47,44,45,34,16,8,319
11101120910,core,0,5,5,5,0,4,0,7,0,26,0,4,8,3,8,0,0,0,0,26,0,0,6,5,4,0,0,0,0,25,0,0,8,0,0,3,0,0,0,19,0,0,3,8,4,4,0,0,0,21,0,0,8,0,0,3,3,0,0,15,0,0,0,4,3,0,0,0,0,16,0,0,0,0,0,0,0,0,0,0,0,0,0,0,0,0,0,0,0,0,0,0,0,0,0,0,0,0,0,5,15,28,56,43,34,34,31,16,6,253
11101120911,core,0,0,0,5,0,0,0,0,0,8,0,4,10,6,3,6,3,0,0,22,0,4,12,10,9,7,0,0,0,34,0,0,7,4,5,0,0,0,0,21,0,0,6,4,4,8,0,0,0,23,0,0,3,3,0,0,0,0,0,7,0,0,8,5,8,0,0,0,0,20,0,0,0,0,0,0,0,0,0,0,0,0,0,0,0,0,0,0,0,0,0,0,0,3,0,0,7,0,0,14,16,25,57,33,51,26,29,7,4,248
11101120912,core,0,0,5,6,4,0,4,0,0,25,0,3,0,0,0,4,0,3,0,18,0,0,11,11,7,0,0,0,0,33,0,0,11,10,6,0,0,0,0,25,0,0,9,4,0,4,3,0,0,15,0,0,4,0,6,0,0,0,0,10,0,0,3,0,3,0,0,0,0,7,0,0,0,0,0,0,0,0,0,4,0,0,0,0,0,0,0,0,0,0,0,0,0,0,0,0,0,4,0,8,15,4,63,30,34,28,22,10,0,215
11101120913,core,0,3,7,9,5,0,0,0,0,31,3,3,9,15,9,9,5,0,0,52,0,0,15,15,6,6,5,0,0,41,0,0,9,17,8,3,0,0,0,40,0,5,17,8,5,0,6,0,0,36,0,0,9,9,4,0,0,0,0,24,0,0,11,10,5,3,0,0,0,32,0,0,0,0,3,4,0,0,0,8,0,0,3,5,0,0,0,0,0,9,0,0,0,0,5,0,0,0,0,12,32,23,101,95,47,38,38,14,0,384
11101120914,core,0,3,3,4,5,3,0,5,0,29,0,13,6,11,6,0,0,3,0,38,0,3,11,9,7,8,4,0,0,43,0,3,4,11,10,4,10,0,0,40,0,5,8,9,7,3,0,0,0,28,0,0,0,3,7,0,0,0,0,14,0,0,9,13,5,0,0,0,0,32,0,0,0,0,3,0,0,0,0,11,0,0,0,0,0,0,0,0,0,0,0,0,6,4,5,0,7,0,0,9,33,38,65,64,70,48,71,36,4,416
11101120915,core,0,6,6,5,7,8,5,4,0,46,0,0,10,4,5,3,5,0,0,27,0,5,13,8,9,15,8,4,0,48,0,4,10,9,8,7,4,0,0,43,0,0,7,16,9,6,3,0,0,34,0,0,0,6,10,3,0,0,0,23,0,0,0,16,26,15,0,0,0,64,0,0,0,0,5,3,0,0,0,10,0,0,0,3,3,3,0,0,0,13,0,0,4,0,0,0,0,0,0,6,54,35,61,91,108,84,74,28,5,542
11101120916,core,0,0,4,0,8,3,6,0,0,20,0,11,7,5,4,8,3,0,0,40,0,4,6,6,9,4,0,0,0,26,0,0,6,8,5,0,0,0,0,20,0,0,4,6,14,5,0,0,0,27,0,0,7,3,7,3,0,0,0,18,0,0,4,7,3,5,0,0,0,22,0,0,0,0,3,0,0,0,0,0,0,0,0,3,0,0,0,0,0,0,0,0,0,0,4,0,0,0,0,7,17,29,52,47,54,44,38,45,8,346
11101120917,core,0,0,9,4,4,6,6,0,0,32,0,0,6,3,4,9,0,4,0,26,0,3,8,0,9,13,3,0,0,44,0,0,5,5,6,10,5,0,0,34,0,0,9,9,8,10,0,0,0,28,0,0,9,6,9,0,0,0,0,26,0,0,6,19,7,8,0,0,0,42,0,0,4,5,4,0,0,0,0,8,0,0,5,0,6,3,0,0,0,18,0,0,0,0,0,0,0,0,0,11,25,29,69,61,68,77,47,29,3,403
11101120918,core,0,3,4,5,0,4,5,3,7,24,0,4,7,5,5,3,3,0,0,29,0,8,4,10,8,6,5,0,0,39,0,6,7,7,9,6,6,0,0,31,0,0,5,6,11,8,4,0,0,33,0,0,3,11,10,3,0,0,0,35,0,0,12,13,14,0,3,0,0,39,0,0,3,3,0,0,0,0,0,7,0,0,0,4,4,0,0,0,0,13,0,0,3,0,0,0,3,0,3,8,31,28,63,87,70,62,54,31,29,447
11101120919,core,0,5,3,0,0,0,6,4,0,19,0,5,4,4,3,8,0,0,0,23,0,3,5,12,8,10,6,3,0,40,0,0,4,8,0,5,5,0,0,18,0,0,0,7,0,6,0,0,0,15,0,0,0,0,0,6,0,0,0,14,0,5,0,9,4,13,3,0,0,29,0,0,0,0,5,0,0,0,0,11,0,0,0,5,6,0,0,0,0,16,0,0,0,0,0,0,0,0,0,0,25,28,37,48,37,62,51,22,0,307
11101120920,core,0,6,0,0,0,3,8,0,0,30,0,8,7,3,9,8,0,0,0,37,0,6,4,3,8,6,5,0,0,36,0,0,5,7,5,10,6,0,0,30,0,0,7,4,5,8,0,0,0,23,0,0,0,11,13,0,3,0,0,32,0,0,5,12,18,15,4,0,0,55,0,0,0,3,6,5,0,0,0,18,0,0,0,4,10,5,0,0,0,19,0,0,0,0,0,0,0,3,0,0,47,38,44,63,92,70,44,20,0,424
11101120921,core,0,4,6,5,0,3,8,0,0,25,0,3,12,6,8,12,3,0,0,43,0,3,9,12,9,5,0,0,0,45,0,0,13,6,10,4,0,0,0,39,0,0,7,11,3,5,0,0,0,26,0,0,3,0,7,9,0,0,0,27,0,0,4,10,6,10,0,0,0,33,0,0,4,0,3,0,0,0,0,8,0,0,0,0,3,0,0,0,0,4,0,0,5,0,4,3,3,0,0,23,25,32,90,77,65,77,38,36,17,456
11101120922,core,0,8,4,6,4,0,0,0,0,27,0,3,7,12,7,7,5,0,0,46,0,8,16,13,11,5,6,0,0,57,0,7,9,8,4,6,5,0,0,35,0,0,11,9,5,3,3,0,0,30,0,0,10,4,7,6,0,0,0,19,0,0,12,6,6,9,0,0,0,29,0,0,0,0,0,0,0,0,0,5,0,0,6,0,0,0,0,0,0,6,0,4,0,0,0,4,0,0,0,11,22,49,86,68,56,61,49,26,13,439
11101120923,core,0,0,5,5,3,0,7,0,0,23,0,5,12,7,5,0,0,4,0,35,0,0,15,11,9,0,0,0,0,24,0,0,8,3,0,0,5,0,0,23,0,0,15,7,7,6,3,0,0,33,0,0,7,8,0,0,0,0,0,18,0,0,0,15,7,6,0,0,0,37,0,0,0,0,0,0,0,0,0,5,0,0,0,0,0,0,0,0,0,4,0,0,0,0,0,3,4,0,0,10,25,24,74,68,42,39,56,18,7,353
11101120924,core,0,0,10,3,0,0,3,0,0,24,0,0,9,7,7,8,5,3,0,37,0,3,15,10,7,0,5,0,0,38,0,0,10,7,3,7,0,0,0,29,0,0,10,10,5,0,0,0,0,19,0,0,4,9,9,3,0,0,0,18,0,0,7,8,9,4,0,0,0,30,0,0,0,4,0,0,0,0,0,3,0,0,0,0,0,0,0,0,0,3,0,0,0,5,0,4,0,0,0,15,16,30,77,73,59,38,32,30,3,358
11101120925,core,0,6,7,4,4,11,4,6,0,45,0,9,6,12,6,4,6,0,0,46,4,8,12,18,14,14,4,0,0,69,0,4,17,4,8,4,3,0,0,36,0,0,17,12,0,0,0,0,0,34,0,0,11,7,4,0,0,0,0,21,0,0,5,9,6,0,0,0,0,26,0,0,0,0,0,0,0,0,0,4,0,0,6,0,0,0,0,0,0,6,0,0,4,0,3,7,0,5,3,35,32,56,113,94,73,68,61,27,18,546
11101120926,core,3,5,6,3,10,3,5,0,0,34,0,5,10,11,3,10,0,4,0,46,0,0,10,4,14,7,6,0,0,44,0,0,9,7,5,0,0,0,0,23,0,3,8,7,7,5,0,0,0,25,0,0,4,5,4,0,0,0,0,5,0,0,3,4,3,0,0,0,0,21,0,0,0,0,0,0,0,0,0,0,0,0,0,0,0,0,0,0,0,0,5,0,3,6,0,0,5,0,0,14,27,34,69,62,57,47,40,22,8,362
11101120927,core,0,4,10,0,4,10,3,0,0,26,0,0,4,8,6,6,0,0,0,32,0,6,11,10,8,10,0,0,0,41,0,0,6,6,9,8,0,0,0,27,0,0,4,8,4,3,0,0,0,21,0,0,0,4,5,13,0,0,0,27,0,0,4,12,0,0,0,0,0,17,0,0,0,4,0,0,0,0,0,4,0,0,0,0,0,0,0,0,0,4,0,0,4,0,0,5,19,43,21,84,18,24,63,57,54,62,43,57,28,400
11101120928,core,0,3,0,6,4,5,0,0,0,29,0,9,14,0,8,10,4,0,0,41,0,0,12,6,7,13,0,0,0,41,0,5,13,9,9,3,3,0,0,41,0,4,5,9,6,9,0,0,0,34,0,0,5,11,5,4,0,0,0,25,0,0,4,12,7,4,0,0,0,34,0,0,0,0,0,0,0,0,0,0,0,0,0,0,0,0,0,0,0,7,0,6,8,3,4,4,4,0,0,18,31,40,71,75,70,78,37,27,9,439
11101120929,core,0,0,7,3,0,0,4,5,0,23,0,0,0,0,3,0,0,0,0,15,0,4,5,5,6,3,0,0,0,30,0,0,3,10,6,3,0,0,0,23,0,0,0,5,0,6,0,0,0,10,0,0,0,0,6,0,0,0,0,12,0,0,0,6,11,0,0,0,0,16,0,0,0,0,0,0,0,0,0,0,0,0,0,0,0,0,0,0,0,3,0,0,0,0,0,0,0,0,0,0,27,17,17,43,46,42,23,15,3,232
11101120930,core,0,5,3,0,5,5,0,0,0,19,0,6,3,9,4,4,3,0,0,34,0,0,6,11,7,6,6,0,0,38,0,4,6,5,11,5,0,0,0,22,0,0,8,5,0,4,0,0,0,14,0,0,3,5,3,4,0,0,0,15,0,0,4,10,12,3,0,0,0,30,0,0,0,0,3,0,0,0,0,0,0,0,0,0,0,0,0,0,0,4,0,0,0,4,3,0,0,0,0,9,36,33,45,53,58,52,19,11,0,321
11101120931,core,0,7,4,5,4,0,8,0,3,29,0,3,6,8,3,5,0,0,0,29,0,0,9,11,5,6,0,0,0,35,0,0,13,15,9,4,0,0,0,35,4,0,8,0,9,3,0,0,0,26,0,0,0,3,0,3,0,0,0,11,0,0,3,4,3,5,0,0,0,14,0,0,0,0,0,0,0,0,0,8,0,0,0,0,4,0,0,0,0,6,0,5,4,4,0,3,0,3,0,23,27,32,60,55,50,56,49,34,13,369
11101120932,core,0,4,6,10,6,8,4,3,0,35,0,6,14,6,9,6,0,0,0,46,0,6,21,14,12,4,0,0,0,54,0,3,16,10,7,3,0,0,0,43,0,3,11,8,5,0,0,0,0,32,0,4,3,5,0,3,0,0,0,16,0,0,0,11,7,4,0,0,0,23,0,0,0,0,0,0,0,0,0,3,0,0,0,0,0,0,0,0,0,0,0,3,7,4,0,3,0,3,3,24,25,48,94,70,73,53,48,29,13,449
11101120933,core,5,8,10,11,3,5,7,3,0,57,3,14,17,0,10,6,4,0,0,51,0,5,6,12,6,6,0,0,0,44,0,0,11,7,3,3,0,0,0,28,0,0,5,0,4,0,0,0,0,14,0,0,0,6,0,4,0,0,0,11,0,0,0,8,3,3,0,0,0,13,0,0,0,0,0,0,0,0,0,5,0,0,0,0,0,0,0,0,0,4,0,0,6,3,0,4,5,4,0,22,35,52,88,68,67,77,81,30,10,517
11101120934,core,5,6,9,5,3,0,0,0,0,28,0,12,15,9,7,9,0,3,0,52,0,0,3,10,5,4,0,0,0,34,0,0,3,11,5,3,0,0,0,28,0,0,5,9,3,3,0,0,0,20,0,0,5,3,0,0,0,0,0,8,0,0,3,10,4,4,0,0,0,17,0,0,0,0,0,0,0,0,0,4,0,0,0,0,0,0,0,0,0,3,0,0,0,5,11,0,0,6,0,21,28,36,55,64,59,53,40,40,9,377
11101120935,core,4,5,10,0,0,3,9,0,3,29,0,5,12,11,5,0,3,3,0,40,0,5,9,10,7,3,0,0,0,32,0,0,5,4,4,0,0,0,0,15,0,5,7,4,7,0,0,0,0,22,0,0,6,5,0,4,0,0,0,14,0,0,5,7,4,0,0,0,0,17,0,0,0,0,0,0,0,0,0,3,0,0,0,0,0,0,0,0,0,0,0,0,0,5,4,0,4,7,3,16,31,22,76,56,47,34,39,60,23,375
11101120936,core,0,0,7,6,0,0,3,0,0,20,0,0,9,10,4,4,6,0,4,35,0,4,11,12,10,6,3,0,0,46,0,0,12,7,4,4,0,0,0,31,0,0,9,4,0,0,0,0,0,23,0,0,9,8,7,6,0,0,0,22,0,0,7,8,0,0,0,0,0,16,0,0,0,0,3,0,0,0,0,3,0,0,0,0,0,0,0,0,0,0,0,0,0,0,0,0,4,0,0,11,19,21,83,67,39,41,40,19,10,328
11101120937,core,0,0,0,0,0,0,0,0,0,0,0,0,0,0,0,4,0,0,0,4,0,0,0,0,0,0,0,0,0,3,0,0,0,0,0,0,0,0,0,0,0,0,0,0,0,0,0,0,0,0,0,0,0,0,0,0,0,0,0,0,0,0,0,0,0,0,0,0,0,0,0,0,0,0,0,0,0,0,0,0,0,0,0,0,0,0,0,0,0,0,0,0,0,0,5,0,0,0,0,4,0,0,3,3,8,4,0,0,0,14
11101120938,core,0,0,0,0,0,0,0,0,0,0,0,0,0,0,0,0,0,0,0,0,0,0,0,0,0,0,0,0,0,0,0,0,0,0,0,0,0,0,0,0,0,0,0,0,0,0,0,0,0,0,0,0,0,0,0,0,0,0,0,0,0,0,0,0,0,0,0,0,0,0,0,0,0,0,0,0,0,0,0,0,0,0,0,0,0,0,0,0,0,0,0,0,0,0,0,0,0,0,0,0,0,0,0,0,0,0,0,0,0,0
11101120939,core,0,6,4,8,3,0,10,0,0,22,0,12,11,11,9,15,4,0,0,56,3,3,20,23,21,9,7,0,0,86,0,0,24,13,12,4,0,3,0,63,0,0,22,26,4,0,0,0,0,59,0,0,9,14,13,8,0,0,0,46,0,0,16,36,14,10,0,0,0,75,0,0,0,0,3,0,0,0,0,7,0,0,0,9,4,0,0,0,0,14,0,6,3,4,4,0,0,0,0,17,50,33,144,161,94,74,48,16,4,624
11101120940,core,0,4,8,3,4,0,0,0,0,21,3,4,11,6,3,3,7,0,0,36,0,3,7,5,8,4,0,0,0,27,0,4,0,6,6,3,0,0,0,19,0,0,7,11,5,4,0,0,5,25,0,0,3,0,0,0,0,0,0,13,0,0,3,3,4,0,0,0,0,14,0,0,0,0,0,0,0,0,0,0,0,0,0,0,3,0,0,0,0,5,0,0,3,0,3,0,0,0,0,16,24,21,77,60,51,51,44,20,7,349
11101120941,core,0,0,9,3,4,4,5,0,0,30,0,6,10,3,3,7,0,0,0,33,0,0,7,9,10,4,0,0,0,33,0,0,8,5,5,5,0,0,0,21,0,0,6,9,3,3,3,0,0,29,0,0,3,9,7,5,0,0,0,20,0,0,11,12,15,4,0,0,0,47,0,0,3,0,3,0,0,0,0,5,0,0,5,3,0,0,0,0,0,11,3,4,0,0,0,0,0,3,0,13,35,22,73,70,64,46,34,8,7,359
11101120942,core,0,3,0,0,6,0,3,3,0,19,0,0,4,7,0,0,5,0,0,16,0,5,10,3,4,3,5,4,0,31,0,0,0,0,3,9,0,0,0,19,0,3,8,9,5,4,3,3,0,30,0,0,3,8,4,0,0,0,0,23,0,0,0,16,17,9,0,0,0,45,0,0,0,5,4,4,0,0,0,7,0,0,4,4,15,7,0,0,0,26,0,0,0,0,0,0,6,0,0,12,39,20,39,50,73,53,33,31,11,346
11101120943,core,0,5,5,5,3,3,0,0,0,28,4,0,4,3,6,0,0,0,0,20,0,0,5,3,5,0,8,4,0,33,0,0,3,0,4,11,3,0,0,28,0,0,0,9,4,0,7,0,0,28,0,4,5,4,6,0,4,0,0,26,0,0,4,19,7,9,0,0,0,46,0,0,0,0,3,0,0,0,0,4,0,0,0,0,6,6,0,0,0,17,4,0,0,0,0,0,0,0,0,5,36,19,33,61,64,51,64,22,9,364
11101120944,core,0,6,0,0,0,8,14,0,0,35,0,0,4,3,3,3,10,0,0,19,0,5,0,7,5,0,0,4,0,26,0,0,0,8,5,3,9,0,0,27,0,0,3,5,5,4,3,0,0,34,0,0,5,8,5,0,3,0,0,22,0,0,6,17,14,7,0,3,0,41,0,0,0,0,0,0,0,3,0,7,0,0,0,3,5,6,3,0,0,9,0,0,0,0,3,0,0,0,0,4,27,13,27,58,57,50,76,33,3,350
11101120945,core,0,0,0,4,4,3,0,0,0,17,0,0,4,10,4,3,11,0,0,30,0,3,6,7,9,8,3,0,0,32,0,0,0,14,3,7,0,0,0,24,0,0,10,0,10,3,5,0,0,24,0,0,3,4,3,3,4,0,0,19,0,0,5,15,13,5,4,0,0,44,0,0,5,4,4,0,0,0,0,13,0,0,0,7,5,6,0,0,0,14,0,4,4,0,6,0,0,0,0,14,41,19,40,78,65,54,45,7,0,351
11101120946,core,0,3,5,0,8,3,8,0,0,23,0,3,0,6,4,8,8,5,0,29,0,3,7,11,4,5,11,0,0,37,0,0,5,5,4,10,3,0,0,33,0,0,5,9,6,0,3,0,0,24,0,0,4,6,3,0,0,4,0,20,0,0,6,8,9,8,5,0,0,36,0,0,3,7,6,0,0,0,0,16,0,0,0,4,4,3,0,0,0,15,0,0,0,0,0,5,0,0,0,13,24,18,44,66,54,77,58,18,6,349
11101120947,core,0,4,4,0,0,6,7,0,4,23,0,3,5,6,4,0,0,0,0,17,0,7,6,7,6,9,9,0,0,44,0,3,3,5,9,10,0,0,0,40,0,0,0,3,5,11,0,0,0,25,0,0,4,5,7,4,0,0,0,19,0,0,3,7,15,12,0,0,0,43,0,0,0,0,4,5,0,0,0,11,0,0,0,4,10,0,0,0,0,18,0,0,0,0,0,3,4,0,0,7,53,42,42,55,77,71,42,28,6,421
11101120948,core,0,6,4,8,3,6,3,0,0,30,0,8,10,9,0,5,0,3,0,34,0,7,10,7,3,10,0,0,0,39,0,0,6,10,6,0,0,0,0,30,0,0,5,7,11,0,4,0,0,29,0,0,4,6,3,8,0,0,0,27,0,0,11,12,12,0,0,0,0,41,0,0,0,0,0,0,0,0,0,6,0,0,0,3,0,0,0,0,0,10,0,4,4,4,0,8,0,0,0,21,25,43,72,70,62,52,35,32,8,408
11101120949,core,0,0,5,3,0,10,0,0,0,20,0,0,6,7,11,4,3,0,0,34,0,0,13,8,4,4,0,0,0,27,0,0,16,4,0,3,0,0,0,29,0,0,9,8,4,6,0,0,0,23,0,0,12,8,8,0,0,0,0,24,0,0,3,11,6,6,0,0,0,26,0,0,4,0,0,0,0,0,0,6,0,0,0,0,0,0,0,0,0,6,4,0,6,0,3,6,0,0,0,9,25,15,65,62,55,44,20,19,3,319
11101120950,core,0,6,7,6,4,10,3,0,0,25,0,7,10,5,3,7,0,0,0,37,0,8,15,13,10,9,7,0,0,56,0,0,12,7,14,5,0,0,0,36,0,0,7,15,6,4,6,0,0,29,0,0,5,6,8,5,0,0,0,24,0,0,9,13,0,4,0,0,0,30,0,0,0,0,0,0,0,0,0,0,0,0,0,0,0,0,0,0,0,0,0,0,10,0,0,0,0,0,0,15,23,28,94,72,63,50,41,23,3,392
11101120951,core,0,0,0,0,3,4,3,0,0,15,0,0,0,4,0,3,3,0,0,13,0,0,5,3,0,5,3,0,0,15,0,0,0,0,0,7,0,0,0,18,0,0,4,3,0,0,0,0,4,17,0,0,0,5,0,0,0,0,0,14,0,0,0,3,0,6,0,0,0,15,0,0,0,0,0,0,0,0,0,0,0,0,0,0,0,5,0,0,0,7,0,0,0,0,0,4,5,3,4,19,9,3,11,31,19,45,42,51,64,275
11101120952,core,0,4,5,3,0,5,6,0,0,37,0,6,3,6,6,7,5,0,0,34,0,0,5,10,3,9,3,0,0,37,0,3,3,9,8,0,0,0,0,28,0,0,8,6,10,4,0,0,0,30,0,0,6,6,4,0,0,0,0,17,0,0,5,12,13,6,0,0,0,39,0,0,0,0,0,0,0,0,0,3,0,0,0,0,3,0,0,0,0,5,0,0,0,5,0,0,0,3,0,11,28,36,54,72,61,55,47,30,0,384
11101120953,core,0,3,3,4,0,3,3,8,0,28,0,9,4,4,0,0,6,0,0,31,0,3,6,3,8,4,3,0,0,33,0,0,8,11,4,5,0,0,0,29,0,0,6,11,3,6,0,0,0,36,0,0,4,10,8,3,7,0,0,26,0,0,7,15,9,4,5,0,0,43,0,0,0,0,0,0,0,0,0,7,0,0,0,0,0,0,0,0,0,3,0,0,0,6,0,0,0,0,0,8,23,30,52,77,51,49,68,36,3,397
11101120954,core,0,6,5,10,3,4,9,5,0,38,0,4,8,16,9,9,4,0,0,46,0,6,16,10,3,9,0,0,0,50,0,3,5,9,6,4,4,0,0,30,0,0,8,16,5,3,6,0,0,40,0,0,4,15,7,5,0,0,0,31,0,0,10,12,9,7,0,0,0,36,0,0,0,0,0,0,0,0,0,0,0,0,0,0,3,0,0,0,0,9,3,0,3,4,4,7,7,3,0,27,34,31,86,89,56,75,65,25,7,470
11101120955,core,0,5,6,4,5,3,0,0,0,28,0,0,5,0,4,0,7,0,0,22,0,0,4,6,9,8,5,6,0,29,0,0,0,9,5,4,0,0,0,18,0,0,0,5,0,6,5,0,0,16,0,0,0,11,9,8,5,3,0,26,0,0,11,18,8,6,0,4,0,54,0,0,0,5,6,5,0,0,0,15,0,0,0,3,4,4,0,0,0,17,0,5,5,3,0,3,3,0,0,19,23,24,46,71,60,44,47,25,12,342
11101120956,core,0,0,4,0,6,0,6,4,0,19,0,3,9,6,4,5,7,0,0,31,0,4,5,5,0,4,7,0,0,34,0,0,7,3,4,12,0,0,0,28,0,0,0,0,5,4,0,0,0,14,0,0,0,3,13,0,0,0,0,22,0,0,0,14,13,6,4,0,0,47,0,0,0,0,0,5,0,0,0,13,0,0,0,8,4,4,0,0,0,23,0,0,4,0,0,3,0,0,0,12,33,20,52,60,75,64,48,13,12,363
11101121001,core,0,0,3,0,0,0,0,0,0,13,0,0,0,0,5,0,0,0,0,7,0,0,0,0,0,0,0,0,0,0,0,0,0,0,0,0,0,0,0,0,0,0,0,0,0,4,0,0,0,4,0,0,0,0,0,0,0,0,0,0,0,0,0,0,0,0,0,0,0,0,0,0,0,0,0,0,0,0,0,0,0,0,0,0,0,0,3,0,0,3,3,0,4,8,0,0,0,0,0,29,8,13,25,29,15,24,25,6,3,144
11101121002,core,0,0,8,3,3,0,0,0,0,13,0,4,4,3,5,5,0,0,0,18,0,4,6,4,7,7,0,0,0,25,0,0,3,0,0,5,3,0,0,14,0,0,5,0,0,3,0,0,0,12,0,0,0,3,0,3,0,0,0,6,0,0,0,5,5,0,0,0,0,12,0,0,0,0,0,0,0,0,0,3,0,0,0,0,0,0,0,0,0,0,4,0,0,0,5,0,0,0,0,16,16,9,30,24,40,30,16,6,0,174
11101121003,core,0,0,5,0,4,4,4,0,0,33,0,4,3,0,8,3,0,0,0,27,0,3,3,7,5,0,0,0,0,20,0,0,3,12,11,10,0,0,0,32,0,3,4,5,4,5,0,0,0,22,0,0,3,0,4,3,0,0,0,17,0,0,3,0,12,7,0,0,0,21,0,0,0,0,0,0,0,0,0,3,0,0,0,0,3,0,0,0,0,0,0,0,0,0,0,0,0,0,0,9,17,28,36,38,62,54,44,19,4,296
11101121004,core,0,0,4,3,0,6,7,3,0,23,0,0,4,3,4,0,6,0,0,14,0,0,8,6,3,6,4,0,0,30,0,0,7,3,6,0,0,0,0,21,0,3,0,0,3,3,3,0,0,12,0,0,4,0,3,0,0,0,0,10,0,0,3,0,6,7,0,0,0,19,0,0,0,3,0,0,0,0,0,4,0,0,0,0,0,0,0,0,0,4,0,0,0,0,0,3,3,0,0,9,24,12,45,29,32,37,41,19,8,245
11101121005,core,0,0,0,0,7,0,4,0,0,19,0,8,7,3,7,3,0,0,0,33,0,3,10,5,10,3,4,0,0,40,0,4,5,3,5,6,4,0,0,24,0,0,4,0,0,5,0,4,0,14,0,0,3,4,7,0,0,0,0,16,0,0,0,6,7,0,0,0,0,16,0,0,0,0,0,0,0,0,0,3,0,0,0,0,0,0,0,0,0,0,0,0,8,3,0,0,0,0,0,12,25,23,58,40,50,46,42,13,3,295
11101121006,core,0,3,3,0,3,0,3,0,3,24,0,12,9,8,4,9,3,4,0,41,0,0,5,7,9,3,0,0,0,37,0,0,9,7,4,4,0,0,0,24,0,0,4,9,3,6,0,0,0,25,0,0,6,6,0,5,0,0,0,15,0,0,0,9,11,4,0,0,0,27,0,0,3,4,0,0,0,0,0,8,0,0,0,0,0,4,0,0,0,3,0,0,0,4,0,3,3,0,0,17,25,25,65,67,53,54,51,45,26,410
11101121007,core,0,7,3,5,0,5,8,0,0,27,0,3,7,7,3,11,3,3,0,50,0,5,13,4,9,24,0,0,0,52,0,5,10,3,10,5,0,0,0,34,0,0,10,3,7,4,0,0,0,28,0,0,0,7,11,3,0,0,0,18,0,0,10,7,13,0,0,0,0,32,0,0,0,0,0,0,0,0,0,0,0,0,0,0,0,0,0,0,0,5,0,0,4,3,10,8,0,8,0,37,23,30,86,48,66,112,61,53,20,493
11101121008,core,0,7,8,3,9,9,0,0,0,29,0,8,8,6,6,11,0,0,0,39,0,3,9,10,13,5,0,0,0,41,0,0,10,6,9,15,0,0,0,37,0,0,11,6,6,11,3,0,0,25,0,0,4,7,4,3,0,0,0,23,0,0,7,5,9,3,0,0,0,27,0,0,0,0,4,0,0,0,0,4,0,0,0,0,0,0,0,0,0,5,0,0,0,3,0,0,0,0,0,8,23,34,72,53,64,82,30,16,8,386
11101121010,core,0,0,3,0,4,0,0,0,9,28,0,7,3,6,5,0,0,0,3,20,0,0,10,3,4,0,4,0,0,22,0,3,0,0,3,0,0,0,3,13,0,0,7,6,0,0,0,0,0,14,0,0,3,0,0,0,0,0,0,6,0,0,0,6,0,5,0,0,0,12,0,0,0,0,0,0,0,0,0,0,0,0,0,0,0,0,0,0,0,0,0,0,0,0,0,0,4,9,14,34,19,18,48,28,36,23,43,71,122,401
11101121011,core,0,0,4,5,0,3,3,0,0,21,0,0,6,4,4,0,0,0,0,18,0,0,10,3,0,0,0,0,0,23,0,0,4,3,3,0,0,0,0,16,0,0,4,3,5,7,0,0,0,16,0,0,5,5,3,3,0,0,0,17,0,0,0,0,3,0,0,0,0,8,0,0,0,0,0,0,0,0,0,0,0,0,0,0,0,0,0,0,0,0,0,0,0,4,0,0,0,0,0,12,15,10,56,44,44,24,17,15,0,228
11101121012,core,0,3,0,4,6,0,0,0,0,24,0,0,6,0,4,5,6,0,0,15,0,0,3,3,0,7,0,0,0,13,0,0,4,0,0,0,0,0,0,4,0,0,0,0,0,0,0,0,0,0,0,0,0,0,0,0,0,0,0,4,0,0,0,0,0,0,0,0,0,3,0,0,0,0,0,0,0,0,0,0,0,0,0,0,0,0,0,0,0,0,8,4,7,5,6,7,3,0,0,35,29,16,44,32,42,59,23,9,0,257
11101121013,core,0,0,9,9,5,4,0,0,0,30,0,5,6,0,3,4,4,0,0,28,0,0,5,4,10,0,0,0,0,18,0,0,0,0,0,0,0,0,0,4,0,0,0,0,0,0,4,0,0,7,0,0,0,0,0,0,0,0,0,0,0,0,0,0,0,0,0,0,0,0,0,0,0,0,0,0,0,0,0,0,0,0,0,0,0,0,0,0,0,8,6,0,10,9,9,6,16,6,0,64,34,25,64,47,66,52,84,28,6,407
11101121014,core,0,4,5,0,0,0,5,5,3,23,0,3,0,7,4,3,0,0,0,15,0,0,3,7,4,8,0,0,0,22,0,0,8,3,8,0,0,0,0,20,0,0,3,4,3,5,0,0,0,18,0,0,4,0,0,0,0,0,0,7,0,0,8,3,3,3,0,0,0,16,0,0,0,0,0,0,0,0,0,0,0,0,0,0,0,0,0,0,0,0,0,0,0,0,0,0,3,0,3,9,13,15,43,25,37,29,34,37,20,246
11101121015,core,0,5,0,0,0,5,9,13,0,36,0,0,0,3,4,0,4,19,5,39,0,0,4,4,7,3,17,12,0,51,0,0,5,0,6,0,11,4,0,32,0,0,3,7,6,4,11,4,0,36,0,0,3,3,3,3,6,0,0,19,0,0,0,7,4,9,3,0,0,18,0,0,0,3,0,3,0,0,0,6,0,0,4,0,4,4,3,0,0,19,0,0,0,0,0,0,6,10,32,52,19,21,24,31,52,56,113,153,64,535
11101121016,core,0,8,0,0,4,5,4,4,0,19,0,10,5,5,3,3,0,0,0,26,0,4,6,4,9,6,0,0,0,33,0,0,6,0,3,14,0,0,0,32,4,3,4,5,0,6,0,0,0,23,0,0,0,0,5,4,0,0,0,14,0,0,0,5,5,10,0,0,0,20,0,0,0,0,0,0,0,0,0,8,0,0,0,3,0,0,0,0,0,12,3,0,0,0,8,0,0,0,0,12,23,29,38,43,58,57,44,23,5,328
11101121017,core,4,4,0,0,6,5,3,0,0,23,0,6,0,3,9,9,0,0,0,25,0,5,7,4,9,4,0,0,0,21,0,0,7,0,5,0,0,0,0,18,0,0,0,3,3,7,0,0,0,14,0,0,0,3,3,10,0,0,0,19,0,0,0,8,9,7,0,0,0,26,0,0,0,0,0,0,0,0,0,4,0,0,0,0,5,5,0,0,0,7,0,0,0,0,0,0,0,0,0,6,35,28,20,25,59,64,21,18,0,273
11101121018,core,0,5,8,7,3,0,6,3,0,38,0,7,7,11,9,0,3,0,0,35,0,3,5,9,3,3,0,0,0,18,0,0,3,3,3,0,0,0,0,15,0,0,0,5,0,0,0,0,0,6,0,0,5,3,0,0,0,0,0,13,0,0,0,0,0,0,0,0,0,5,0,0,0,0,0,0,0,0,0,0,0,0,0,3,0,0,0,0,0,4,8,0,14,11,5,7,3,3,0,57,38,35,60,83,62,78,62,40,6,472
11101121019,core,0,3,0,0,0,0,0,4,0,15,0,0,0,4,0,0,0,0,0,13,0,0,10,0,3,0,0,0,0,15,0,0,3,6,0,0,0,0,0,12,0,0,0,0,0,0,0,0,0,8,0,0,0,0,0,0,0,0,0,4,0,0,0,0,0,0,0,0,0,0,0,0,0,0,0,0,0,0,0,0,0,0,0,0,0,0,0,0,0,5,3,0,9,3,13,3,7,0,4,38,14,9,41,25,45,22,33,18,3,217
11101121020,core,0,0,10,0,6,5,0,0,0,24,0,0,4,6,9,4,3,0,0,33,0,5,7,10,6,5,0,0,0,25,0,0,7,3,0,0,0,0,0,13,0,0,3,0,0,0,0,0,0,6,0,0,0,0,0,0,0,0,0,5,0,0,0,0,0,0,0,0,0,3,0,0,0,0,0,0,0,0,0,0,0,0,0,0,0,0,0,0,0,4,7,0,8,13,11,10,6,0,0,60,25,25,68,60,55,72,48,25,8,383
11101121021,core,0,3,4,6,8,4,7,0,0,28,0,3,8,9,8,7,0,4,0,36,0,0,10,6,4,3,0,0,0,30,0,0,4,10,5,6,0,0,0,23,0,0,4,0,0,0,0,0,0,10,0,0,0,0,0,0,0,0,0,0,0,0,0,0,0,0,0,0,0,3,0,0,0,0,0,0,0,0,0,0,0,0,0,0,0,0,0,0,0,0,9,0,11,9,4,12,3,3,4,51,39,26,65,49,58,63,35,31,8,379
11101121022,core,0,8,5,0,0,0,0,0,0,15,0,7,4,7,3,3,0,0,0,14,0,4,10,3,5,5,0,0,0,25,0,3,7,0,4,0,0,0,0,12,0,0,0,0,0,0,0,0,0,7,0,0,5,0,0,0,0,0,0,4,0,0,0,0,0,0,0,0,0,4,0,0,0,0,0,0,0,0,0,0,0,0,0,0,0,0,0,0,0,5,3,4,15,4,5,5,0,0,0,40,19,30,65,36,42,40,29,18,4,281
11101121023,core,0,3,4,4,4,5,3,0,0,33,0,6,8,6,3,0,4,5,0,24,0,3,6,0,8,6,0,0,0,28,0,0,10,7,6,9,0,0,0,27,0,0,8,4,4,7,0,0,0,24,0,0,3,0,3,0,0,0,0,15,0,0,10,5,14,5,0,0,0,30,0,0,0,0,0,0,0,0,0,4,0,0,0,0,5,0,0,0,0,10,0,3,4,6,4,0,0,0,0,18,20,25,86,58,69,57,39,21,10,392
11101121024,core,0,0,9,6,6,0,0,4,0,29,0,11,11,7,12,6,0,3,0,60,0,3,22,4,7,7,0,0,0,51,0,3,13,8,6,0,0,0,0,30,0,0,19,12,7,5,0,0,0,43,0,0,10,3,0,0,0,0,0,16,0,0,13,11,6,8,0,0,0,30,0,0,0,0,0,0,0,0,0,0,0,0,0,0,0,0,0,0,0,3,0,0,8,6,6,6,0,0,0,21,40,44,118,88,61,72,33,24,3,485
11101121101,core,3,0,3,0,4,3,0,0,0,15,0,0,0,3,0,4,0,0,0,12,0,0,3,3,0,4,0,0,0,19,0,0,3,9,7,0,0,0,0,17,0,0,4,3,3,4,0,0,0,16,0,0,0,3,0,0,0,0,0,7,0,0,0,6,13,11,0,0,0,26,0,0,0,0,0,0,0,0,0,4,0,0,3,4,5,0,4,0,0,15,0,0,0,0,5,0,0,0,3,15,21,13,27,33,43,51,23,23,4,233
11101121102,core,0,0,0,5,0,0,0,0,0,12,0,0,0,0,0,0,0,0,0,6,0,0,3,5,0,0,0,0,0,10,0,0,0,5,0,5,12,0,0,21,0,0,3,0,10,0,5,0,0,12,0,0,0,4,0,0,0,0,0,4,0,0,3,4,10,3,0,0,0,19,0,0,0,0,0,3,0,0,0,9,0,0,0,0,6,0,0,0,0,9,0,0,0,0,0,0,0,0,0,0,22,7,20,33,27,46,38,6,9,204
11101121103,core,0,0,0,0,0,9,8,8,0,31,0,0,0,0,3,4,5,5,0,20,0,0,0,3,0,7,9,0,4,21,0,0,0,0,4,4,6,0,0,16,0,0,0,0,0,0,0,0,0,4,0,0,0,0,0,0,0,0,0,0,0,0,0,0,0,0,0,0,0,3,0,0,0,0,0,0,0,0,0,0,0,0,0,0,0,0,0,0,0,3,0,0,4,0,0,6,26,24,13,72,6,0,7,12,23,80,181,131,45,486
11101121104,core,3,3,3,4,3,0,6,0,0,24,0,10,6,0,3,0,4,0,0,26,0,0,0,3,4,5,0,0,0,15,0,0,3,3,6,9,3,0,0,23,0,4,5,4,5,8,0,0,0,24,0,0,4,0,8,3,0,0,0,17,0,0,0,15,22,11,4,0,0,47,0,0,0,0,6,0,0,0,0,8,0,0,0,6,11,0,0,0,0,23,0,0,0,0,0,0,0,4,0,10,34,28,28,42,71,45,46,14,3,308
11101121105,core,0,3,5,0,0,3,3,0,0,26,0,0,0,4,8,3,3,3,0,22,0,0,0,4,4,10,3,0,0,18,0,4,6,0,0,3,0,0,0,14,0,0,0,3,8,0,0,0,0,15,0,0,0,0,3,0,3,0,0,9,0,0,0,4,8,4,0,0,0,15,0,0,0,6,0,0,0,0,0,3,0,0,0,3,5,0,0,0,0,13,0,0,0,0,0,11,12,40,113,172,19,20,16,25,35,49,52,66,130,396
11101121106,core,3,4,3,0,4,6,0,0,0,18,0,0,3,3,0,4,0,0,0,19,0,3,0,5,4,5,0,0,0,26,0,4,6,3,3,5,0,0,0,20,0,0,0,5,0,3,5,0,0,11,0,0,0,8,3,8,0,0,0,19,0,0,0,5,15,9,0,0,0,30,0,0,0,8,4,0,0,0,0,10,0,0,0,11,10,10,0,0,0,21,0,4,3,3,0,3,0,0,0,13,20,21,29,49,68,64,26,23,12,305
11101121107,core,0,3,0,0,8,0,0,0,0,16,0,0,0,0,10,5,0,0,0,21,0,0,0,6,5,10,0,0,0,26,0,0,6,4,0,4,0,0,0,16,0,0,5,5,3,3,0,0,0,19,0,0,7,7,7,0,0,0,0,27,0,0,4,10,16,4,0,0,0,36,0,0,0,0,0,0,0,0,0,3,0,0,0,6,3,0,0,0,0,11,0,0,3,0,0,3,0,3,0,13,30,10,35,46,69,50,24,11,8,287
11101121108,core,3,7,4,3,4,5,6,5,5,31,0,5,11,9,12,8,3,0,0,37,0,3,9,4,12,7,4,0,0,40,0,0,7,10,7,7,0,0,0,38,0,0,3,3,11,0,0,0,0,24,0,0,3,8,4,5,0,0,0,29,0,0,5,21,18,10,0,0,0,64,0,0,4,0,7,0,0,0,0,13,0,0,0,5,12,0,0,0,0,16,0,0,0,4,4,4,0,5,0,11,46,30,57,93,110,77,50,29,9,490
11101121109,core,0,0,0,0,0,0,0,0,0,0,0,0,0,0,0,0,0,0,0,0,0,0,0,0,0,0,0,0,0,0,0,0,0,0,0,0,0,0,0,0,0,0,0,0,0,0,0,0,0,0,0,0,0,0,0,0,0,0,0,0,0,0,0,0,0,0,0,0,0,0,0,0,0,0,0,0,0,0,0,0,0,0,0,0,0,0,0,0,0,0,0,0,0,0,0,0,0,0,0,0,0,0,0,0,0,0,0,0,0,5
11101121110,core,5,3,0,3,0,5,6,4,0,33,3,0,7,0,5,3,12,3,0,28,0,5,0,8,5,0,0,0,0,26,0,3,0,0,0,7,0,0,0,14,0,0,0,5,8,3,0,0,0,19,0,0,0,4,7,6,0,0,0,18,0,0,0,18,13,11,6,0,0,48,0,0,0,4,9,0,0,0,0,16,0,0,7,12,10,0,3,0,0,31,0,0,0,0,3,0,0,11,0,23,44,20,17,61,76,64,58,40,10,394
11101121201,core,0,3,3,0,3,6,4,0,0,22,0,8,0,0,5,11,5,0,0,32,0,3,0,0,12,3,7,0,0,28,0,0,0,4,7,4,3,0,0,23,0,4,0,4,6,0,5,0,0,17,0,6,0,0,4,4,0,0,0,13,0,0,0,7,9,3,5,0,0,25,0,0,0,0,0,0,0,0,0,5,0,0,0,0,8,0,0,0,0,4,0,0,4,0,6,5,0,0,0,14,25,38,22,28,61,69,57,17,9,327
11101121202,core,0,0,0,0,0,12,4,0,0,18,0,3,0,6,4,3,3,0,0,27,0,0,0,4,10,5,5,0,0,27,0,0,3,4,4,4,0,0,0,17,0,0,4,3,0,0,0,0,0,12,0,0,0,0,0,5,0,0,0,10,0,0,0,14,10,5,5,0,0,29,0,0,0,3,0,4,0,0,0,5,0,0,0,3,9,6,0,0,0,15,0,0,0,0,0,3,0,0,0,3,17,19,11,50,46,62,50,36,11,306
11101121203,core,0,0,0,0,4,5,5,0,0,18,0,0,5,0,0,4,3,0,0,15,0,0,4,5,6,7,0,0,0,23,0,0,4,0,4,3,0,0,0,9,0,0,4,7,3,3,0,0,0,17,0,0,0,0,0,0,0,0,0,8,0,0,0,3,5,6,0,0,0,19,0,0,0,0,0,4,0,0,0,4,0,0,0,0,5,0,0,0,0,6,0,0,0,0,0,0,0,0,0,0,15,7,22,37,33,45,23,9,5,182
11101121204,core,3,4,4,7,10,9,10,3,0,55,0,5,5,5,15,11,8,0,0,44,0,0,8,3,13,9,8,0,0,47,0,0,4,4,3,4,6,0,0,15,0,3,4,0,5,0,0,0,0,14,0,0,5,4,4,4,0,0,0,12,0,0,0,4,11,0,0,0,0,18,0,0,0,0,0,0,0,0,0,5,0,0,0,0,3,3,0,5,0,13,0,4,4,3,0,6,13,6,4,40,21,31,51,51,72,87,119,67,7,501
11101121205,core,0,4,0,3,4,6,3,6,0,31,0,0,3,0,4,5,13,0,0,25,0,0,3,5,9,9,0,0,0,28,0,0,0,0,0,0,0,0,0,3,0,0,0,0,3,0,0,0,0,9,0,0,0,7,5,0,0,0,0,12,0,0,0,3,3,0,0,0,0,12,0,0,0,0,0,0,0,0,0,3,0,0,0,0,0,0,0,0,0,0,0,0,0,0,4,7,0,4,3,23,25,16,23,34,45,69,58,38,7,310
11101121206,core,0,0,0,0,3,8,6,5,0,30,0,5,5,10,3,5,0,0,0,24,0,0,8,6,14,6,0,0,3,39,0,0,0,3,3,3,4,0,0,17,0,0,9,0,3,0,0,0,0,17,0,0,3,0,5,0,0,0,0,15,0,0,6,4,3,4,4,0,0,18,0,0,0,0,0,0,0,0,0,5,0,0,0,0,0,0,0,0,0,0,4,0,0,4,5,8,4,0,0,25,23,12,46,41,71,71,72,57,10,406
11101121207,core,0,0,6,3,3,3,3,4,0,18,0,0,3,8,6,9,3,0,0,28,0,0,6,4,19,11,0,0,0,42,0,0,6,3,5,4,0,0,0,22,0,0,9,4,11,0,4,0,0,20,0,0,4,5,4,5,0,0,0,18,0,0,0,9,9,0,0,0,0,14,0,0,0,0,0,0,0,0,0,0,0,0,0,0,0,0,0,0,0,0,0,0,3,0,3,5,10,5,3,26,21,25,48,37,79,72,68,58,30,437
11101121208,core,0,0,0,0,4,3,0,0,0,10,0,0,0,0,4,5,3,7,0,16,0,0,0,3,3,0,3,0,0,24,0,0,0,0,0,0,0,4,0,20,0,0,0,6,3,4,3,0,0,22,0,0,0,5,7,5,0,0,0,21,0,0,3,8,0,10,6,0,0,24,0,0,3,0,0,0,0,0,0,6,0,0,0,5,0,0,0,0,0,6,0,0,0,6,0,0,0,0,0,5,16,11,20,43,39,54,45,45,8,286
11101121209,core,0,0,0,3,6,4,7,0,0,31,0,3,3,0,8,3,11,0,0,24,0,0,3,0,7,0,7,0,0,18,0,0,0,0,9,4,5,0,0,26,0,0,0,4,4,0,0,0,0,11,0,0,9,4,4,0,0,0,0,19,0,0,4,0,12,6,0,3,0,33,0,0,0,0,5,0,0,0,0,9,0,0,0,3,0,0,0,0,0,9,0,0,0,9,0,0,0,0,0,6,24,24,27,40,69,49,57,30,9,328
11101121210,core,0,0,0,0,0,10,3,0,0,25,0,3,0,4,0,0,0,0,0,13,0,0,0,5,0,3,3,3,0,19,0,6,0,0,9,0,0,0,0,14,0,0,4,8,3,3,0,0,0,9,0,0,3,0,3,0,0,0,0,5,0,0,0,8,4,0,0,4,0,15,0,0,4,0,0,0,0,0,0,0,0,0,0,4,0,0,0,0,0,4,0,0,3,0,3,0,0,0,0,11,12,18,22,29,36,28,48,16,3,208
11101121212,core,0,9,0,0,3,6,12,0,0,33,3,3,0,0,4,11,4,9,0,41,0,0,7,6,9,7,10,0,0,41,0,5,5,0,5,7,3,0,0,19,0,0,0,0,0,0,4,0,0,11,0,0,4,3,5,10,0,0,0,30,0,0,7,0,9,12,3,6,0,40,0,0,0,8,3,0,0,0,0,12,0,0,0,4,4,4,0,0,0,16,0,0,0,0,0,0,0,0,0,5,41,33,30,38,61,79,87,38,4,404
11101121213,core,0,0,0,0,0,4,0,0,5,10,0,5,3,4,8,3,4,0,0,15,0,6,0,4,4,4,3,0,0,21,0,0,3,0,4,3,0,0,0,11,0,0,0,0,0,4,0,0,0,10,0,0,0,0,4,3,0,5,0,14,0,0,0,5,3,4,3,0,0,15,0,0,0,0,3,0,0,0,0,3,0,0,0,0,0,0,4,0,0,9,0,0,0,0,0,0,0,0,0,8,8,14,9,19,27,33,38,12,4,167
11101121215,core,0,4,4,0,3,0,5,9,0,25,0,3,4,5,4,5,0,0,0,25,0,0,8,8,5,8,5,0,0,38,0,0,0,4,5,0,0,0,0,17,0,0,3,0,4,0,0,0,0,11,0,0,0,4,8,0,0,0,0,13,0,0,3,4,5,3,0,0,0,13,0,0,0,0,0,0,0,0,0,3,0,0,0,0,0,0,0,0,0,3,0,0,6,5,5,0,10,3,0,28,19,21,39,46,48,50,62,48,8,334
11101121216,core,0,0,0,0,0,4,7,5,0,21,0,0,5,3,10,0,3,5,0,25,0,0,5,3,7,4,8,3,0,30,0,0,0,3,4,0,0,0,0,9,0,0,0,0,0,4,0,0,0,9,0,5,3,0,0,0,0,0,0,10,0,0,0,3,3,0,0,0,0,9,0,0,0,0,0,0,0,0,0,0,0,0,0,0,0,0,0,0,0,0,0,0,10,6,0,3,5,14,9,37,16,10,40,36,38,50,62,77,45,363
11101121217,core,0,4,5,0,3,6,7,5,0,31,0,0,7,6,8,4,3,0,3,36,0,4,5,3,9,5,4,0,0,36,0,0,0,0,6,5,0,0,0,12,0,0,8,3,11,4,0,5,0,21,0,0,0,0,0,0,0,0,0,3,0,0,0,7,0,0,0,0,0,12,0,0,0,0,0,0,0,0,0,0,0,0,0,0,0,3,0,0,0,3,0,0,0,0,0,4,4,3,0,16,29,27,42,41,56,67,63,25,18,367
11101121218,core,0,0,0,4,3,6,11,5,3,35,0,4,5,5,7,6,0,3,0,25,0,0,0,0,5,0,4,0,0,13,0,0,4,0,5,3,0,0,0,13,0,0,0,0,6,6,0,4,4,18,0,0,0,0,0,0,0,0,0,3,0,0,0,0,0,3,0,0,0,4,0,0,0,0,0,0,0,0,0,0,0,0,0,0,0,0,0,0,0,0,7,0,0,0,3,0,6,9,7,34,11,4,20,12,46,52,87,94,59,386
11101121219,core,3,0,4,6,0,5,0,0,6,26,0,3,0,5,0,4,0,4,0,16,0,0,0,0,4,6,0,0,0,14,0,0,0,6,0,5,5,0,0,16,0,0,0,0,4,5,0,0,0,8,0,0,0,0,6,0,0,0,0,3,0,0,0,9,3,9,0,0,0,17,0,0,0,0,0,3,0,0,0,6,0,0,0,0,0,0,0,0,0,4,0,0,0,0,0,0,0,0,0,9,11,12,22,41,23,46,29,17,3,214
11101121220,core,0,0,0,0,0,0,0,0,0,0,0,0,0,0,0,0,0,0,0,0,0,0,0,0,0,0,0,0,0,0,0,0,0,0,0,0,0,0,0,0,0,0,0,0,0,0,0,0,0,0,0,0,0,0,0,0,0,0,0,0,0,0,0,0,0,0,0,0,0,0,0,0,0,0,0,0,0,0,0,0,0,0,0,0,0,0,0,0,0,0,0,0,0,0,0,0,0,0,0,0,0,0,0,0,0,0,0,0,0,0
11101121222,core,0,3,7,11,3,8,0,4,0,37,0,3,6,6,7,11,5,4,0,34,0,8,11,3,7,8,3,0,0,43,0,3,0,3,6,3,0,0,0,30,0,0,0,3,0,11,3,5,0,24,0,0,0,8,0,7,0,0,0,17,0,0,3,15,9,9,0,0,0,37,0,0,0,4,6,3,0,0,0,8,0,0,0,9,3,3,0,0,0,14,3,0,0,3,0,0,3,0,0,16,33,29,35,83,67,86,53,37,9,422
11101121223,core,0,7,3,0,3,8,3,7,0,31,0,4,5,5,4,7,0,0,0,33,0,0,0,3,5,7,6,6,0,30,0,0,0,5,7,5,3,0,0,22,0,0,5,0,0,3,0,0,0,9,0,0,0,0,8,9,0,3,0,19,0,0,0,0,4,9,0,0,0,12,0,0,0,0,0,0,0,0,0,0,0,0,5,0,3,0,0,0,0,11,0,0,0,0,3,7,6,10,18,45,12,22,28,28,54,91,49,45,32,369
11101121224,core,0,0,4,8,3,9,8,0,0,32,0,3,0,8,12,11,7,6,0,48,0,0,7,11,7,14,7,0,0,52,0,0,5,0,5,5,8,0,0,23,0,0,4,3,14,0,3,0,0,29,0,0,3,3,4,6,0,0,0,18,0,0,0,6,16,11,0,0,0,35,0,0,3,0,3,3,0,0,0,7,0,0,0,4,4,8,0,0,0,12,0,4,0,0,3,0,3,0,5,14,37,30,38,58,77,99,101,56,19,496
11101121225,core,3,8,0,10,4,3,3,5,0,24,0,4,5,8,9,9,0,0,0,33,0,4,11,3,10,9,3,0,0,39,0,0,10,11,0,6,0,0,0,31,0,0,8,7,11,7,4,4,0,36,0,0,6,9,0,0,0,0,0,22,0,0,4,14,7,6,0,0,0,24,0,0,0,0,3,0,0,0,0,5,0,0,0,0,0,0,0,0,0,0,0,9,4,0,0,3,0,3,0,29,38,32,64,74,83,84,75,43,10,502
11101121226,core,0,0,4,4,5,6,0,0,0,23,0,3,8,3,14,3,0,0,0,34,0,5,5,3,10,4,3,0,0,24,0,0,0,3,4,0,0,0,0,12,0,0,3,4,6,0,0,0,0,16,0,0,0,0,0,3,0,0,0,10,0,0,0,0,5,0,0,0,0,7,0,0,0,0,0,0,0,0,0,0,0,0,0,0,0,0,0,0,0,0,0,0,6,0,0,0,4,0,0,15,14,25,37,26,72,46,40,26,5,291
11101121227,core,4,5,4,6,0,7,14,4,0,49,0,0,3,7,4,13,9,0,0,31,0,0,9,9,5,11,10,0,0,42,0,0,0,9,11,11,3,0,0,36,0,0,0,8,9,4,4,0,0,27,0,0,3,3,3,7,0,0,0,22,0,0,4,22,11,12,6,0,0,53,0,0,0,4,0,0,0,0,0,6,0,0,0,0,3,6,0,0,0,14,0,0,0,4,0,0,0,0,0,18,38,29,45,87,73,120,84,46,10,524
11101121228,core,0,4,3,5,0,0,3,0,0,13,0,0,0,3,0,5,4,5,0,17,0,0,0,3,0,4,4,0,0,19,0,0,4,9,3,5,4,0,0,25,0,0,3,5,8,4,0,0,0,20,0,0,4,6,6,4,0,0,0,25,0,0,10,22,11,0,0,0,0,45,0,0,0,3,5,4,4,0,0,17,0,0,4,3,4,3,0,0,0,16,0,0,0,0,0,0,3,0,0,9,18,7,30,84,53,50,42,14,0,290
11101121229,core,0,0,0,0,0,0,0,0,0,0,0,0,0,0,0,3,0,0,0,0,0,0,0,0,0,0,0,0,0,0,0,0,0,0,0,5,0,0,0,0,0,0,0,0,0,0,0,0,0,0,0,0,0,0,0,0,0,0,0,0,0,0,0,0,0,0,0,0,0,0,0,0,0,0,0,0,0,0,0,0,0,0,0,0,0,0,0,0,0,0,0,0,0,0,0,0,0,0,0,4,0,0,0,4,3,12,4,0,0,34
11101121230,core,0,0,0,0,0,4,3,3,0,11,0,0,0,4,0,4,4,4,0,15,0,0,0,3,0,8,3,0,0,14,0,0,0,0,0,0,3,0,0,9,0,0,0,0,0,3,0,3,0,9,0,0,0,5,0,0,0,0,0,4,0,0,0,0,5,0,0,0,0,4,0,0,0,0,0,0,0,0,0,0,0,0,0,0,0,0,0,0,0,0,0,0,0,0,0,4,0,4,0,8,7,4,3,9,25,32,31,18,0,125
11101121231,core,0,0,4,6,8,5,3,0,0,23,0,4,5,6,8,0,6,0,0,23,0,0,5,6,5,4,0,0,0,24,0,3,3,3,4,10,0,0,0,22,0,0,3,3,6,0,0,0,0,18,0,0,6,4,0,6,0,0,0,12,0,0,0,9,7,9,0,0,0,31,0,0,3,0,3,0,0,0,0,9,0,0,0,0,6,7,0,0,0,12,0,0,0,3,0,0,0,0,0,0,10,16,34,60,42,54,25,4,0,245
11101121232,core,0,0,3,5,0,0,0,0,0,10,0,3,0,3,4,5,0,0,0,14,0,4,3,4,6,5,0,0,0,20,0,0,0,0,3,4,0,0,0,11,0,0,7,11,4,0,0,0,0,20,0,0,10,4,0,0,0,0,0,14,0,0,8,10,5,0,0,0,0,23,0,0,0,3,0,0,0,0,0,10,0,0,0,4,3,0,0,0,0,5,0,0,0,0,0,0,0,0,0,0,10,11,38,54,25,26,12,7,0,178
11101121233,core,0,0,0,0,0,7,13,6,0,26,0,0,0,3,4,8,9,4,0,22,0,0,0,9,6,8,7,0,0,28,0,0,3,6,4,3,10,0,0,25,0,0,0,3,7,5,0,0,0,24,0,0,3,3,5,5,0,0,0,15,0,0,0,9,18,10,8,0,0,53,0,0,0,8,6,4,0,0,0,14,0,0,0,7,7,0,4,0,0,20,0,0,0,7,0,3,3,0,0,16,21,8,19,63,71,71,108,27,3,390
11101121234,core,0,0,3,0,5,0,4,0,0,13,0,0,0,0,0,0,0,0,0,3,0,0,0,0,0,0,6,0,0,13,0,0,6,5,0,5,0,0,0,12,0,0,3,4,3,3,3,0,0,13,0,0,0,0,0,3,0,0,0,6,0,0,0,0,0,3,0,0,0,5,0,0,0,0,0,0,0,0,0,9,0,0,0,0,3,0,0,0,0,4,0,0,0,3,3,0,5,0,0,16,9,9,13,26,23,31,37,12,0,148
11101121235,core,0,0,0,3,0,3,0,5,0,16,0,7,4,0,3,3,0,0,0,19,0,0,0,5,9,5,0,0,0,13,0,0,0,0,3,0,0,4,0,13,0,0,4,0,8,6,0,0,0,14,0,0,0,0,5,0,0,0,0,6,0,0,0,0,0,3,0,0,0,5,0,0,0,3,0,0,0,0,0,7,0,0,0,0,0,0,0,0,0,0,5,0,3,0,0,0,0,7,0,9,17,13,24,18,38,37,40,29,7,225
11101121236,core,0,0,0,0,0,0,4,0,0,6,0,5,0,0,5,0,0,0,0,12,0,0,0,3,0,5,6,0,0,8,0,0,0,0,4,6,5,0,0,16,0,0,3,0,4,4,3,0,0,9,0,0,0,4,7,0,0,0,0,18,0,0,3,7,6,0,0,0,0,15,0,0,0,0,0,0,0,0,0,0,0,0,0,4,4,3,0,0,0,11,5,0,0,0,0,3,3,5,0,16,20,13,9,18,37,39,25,14,0,179
11101121237,core,0,3,0,3,3,4,11,5,4,28,0,10,4,4,4,4,6,3,4,34,0,0,3,4,3,6,7,0,0,21,0,0,0,7,6,0,6,0,6,17,0,0,0,4,0,0,5,0,0,14,0,0,0,0,6,4,4,0,0,16,0,0,5,5,3,0,0,0,0,21,0,0,0,0,0,0,0,0,0,6,0,0,0,4,0,4,0,0,0,8,3,0,0,0,5,5,0,4,16,30,15,24,28,38,42,52,76,57,62,390
11101121238,core,0,0,0,0,0,0,0,3,0,5,3,0,0,0,7,0,0,0,0,11,0,0,6,0,5,0,0,0,0,5,0,0,5,5,0,3,0,0,0,11,0,0,0,0,0,0,0,0,0,9,0,0,4,0,3,0,0,0,0,11,0,0,0,3,4,3,0,0,0,9,0,0,0,0,0,0,0,0,0,0,0,0,0,0,3,0,0,0,0,7,0,0,0,0,0,0,0,0,0,10,11,4,13,22,25,26,22,10,3,135
11101121301,core,0,0,0,0,0,0,0,0,0,0,0,0,0,0,0,0,0,0,0,0,0,0,0,0,0,0,0,0,0,0,0,0,0,0,0,0,0,0,0,0,0,0,0,0,0,0,0,0,0,0,0,0,0,0,0,0,0,0,0,0,0,0,0,0,0,0,0,0,0,0,0,0,0,0,0,0,0,0,0,0,0,0,0,0,0,0,0,0,0,0,0,0,0,0,0,0,0,0,0,0,0,0,0,0,0,0,0,0,0,0
11101121302,core,0,0,0,0,0,0,0,0,0,0,0,0,0,0,0,0,0,0,0,0,0,0,0,0,0,0,0,0,0,0,0,0,0,0,0,0,0,0,0,0,0,0,0,0,0,0,0,0,0,0,0,0,0,0,0,0,0,0,0,0,0,0,0,0,0,0,0,0,0,0,0,0,0,0,0,0,0,0,0,0,0,0,0,0,0,0,0,0,0,0,0,0,0,0,0,0,0,0,0,0,0,0,0,0,0,0,0,0,0,0
11101121303,core,4,3,4,4,3,4,6,3,7,27,0,3,3,4,4,3,3,0,0,29,0,0,8,13,5,8,7,0,0,42,0,0,4,5,3,5,4,0,0,28,0,0,4,11,11,8,0,0,0,36,0,0,7,3,3,4,0,0,0,23,0,0,3,11,17,12,5,0,0,46,0,0,0,5,4,4,0,0,0,12,0,0,0,3,5,0,0,0,0,10,0,0,0,0,3,8,6,0,0,14,24,12,52,76,61,68,86,37,11,425
11101121304,core,0,4,4,0,6,8,4,3,0,24,0,3,0,5,0,3,6,0,0,20,0,0,4,12,10,4,3,0,0,39,0,3,6,4,10,11,0,0,0,25,0,0,0,9,8,3,0,0,0,22,0,0,6,5,6,0,3,0,0,18,0,0,3,13,11,8,3,4,0,46,0,0,0,0,0,0,0,0,0,6,0,0,0,0,9,0,7,0,0,9,0,0,0,0,0,0,0,0,0,0,30,29,34,64,65,52,58,25,3,364
11101121305,core,0,7,3,0,6,6,6,8,0,25,0,0,0,3,3,12,4,5,0,29,0,4,4,4,4,6,5,0,0,36,0,0,3,3,5,4,4,0,0,24,0,0,4,4,11,3,0,0,0,25,0,0,3,9,3,6,0,0,0,29,0,0,6,12,15,14,4,0,0,54,0,0,0,5,9,4,0,0,0,15,0,0,0,10,3,11,5,0,0,24,0,0,4,3,0,0,0,0,0,9,32,26,39,58,78,82,57,21,0,402
11101121306,core,3,4,5,6,0,4,13,4,0,30,0,0,4,4,4,3,5,0,3,28,0,0,8,4,9,3,5,0,0,26,0,0,3,8,0,0,0,0,0,11,0,0,4,8,7,3,0,0,0,19,0,0,0,4,0,0,0,0,0,10,0,0,4,12,8,4,0,0,4,32,0,0,0,0,3,3,0,0,0,6,0,0,0,4,0,0,0,0,0,4,0,0,3,0,0,0,0,7,7,19,37,12,35,49,57,35,66,45,16,346
11101121307,core,6,0,0,0,9,8,7,6,0,35,0,3,0,6,3,8,3,0,0,35,0,3,3,10,9,10,10,7,0,49,0,0,6,7,0,10,4,0,0,33,0,0,9,6,3,7,4,0,0,26,0,0,3,0,0,3,6,4,0,19,0,0,8,15,22,10,0,0,0,56,0,0,0,0,0,0,0,0,0,9,0,0,0,11,9,0,0,0,0,23,4,0,0,0,0,3,6,5,0,12,45,26,43,75,67,71,68,33,10,434
11101121308,core,0,5,0,8,9,4,4,0,0,39,0,5,4,8,7,6,3,0,0,36,0,0,9,8,6,11,4,4,0,45,0,0,3,7,4,9,0,0,0,20,0,0,4,9,11,7,3,0,0,38,0,0,0,6,4,5,0,0,0,18,0,0,4,13,14,7,0,0,0,44,0,0,0,3,4,3,0,0,0,11,0,0,0,8,4,0,0,0,0,8,0,0,0,0,0,0,3,9,0,16,46,24,35,91,80,67,74,47,17,489
11101121309,core,0,0,0,3,6,4,0,0,0,9,0,0,0,3,0,0,0,0,0,10,0,3,0,0,6,7,6,0,0,17,0,0,0,3,7,0,0,0,0,9,0,0,0,3,0,4,0,0,0,15,0,0,0,0,3,0,0,0,0,5,0,0,0,4,9,9,0,0,0,18,0,0,0,0,0,0,0,0,0,6,0,0,0,3,0,0,0,0,0,10,0,0,0,0,0,0,0,0,0,0,22,12,8,35,28,33,28,11,4,176
11101121310,core,0,3,0,3,0,6,0,0,3,26,0,0,0,4,7,0,7,6,0,27,0,0,0,8,3,7,5,0,0,29,0,0,0,4,0,9,4,3,0,33,0,0,0,5,4,12,4,0,0,25,0,0,0,10,4,8,4,4,0,25,0,0,4,24,11,5,9,0,0,56,0,0,0,4,3,0,0,0,0,5,0,0,0,6,4,0,0,0,0,16,0,0,0,0,0,0,0,0,0,4,32,15,24,83,49,65,69,24,13,364
11101121311,core,0,5,0,0,4,5,4,5,0,30,0,0,3,3,11,0,4,4,0,27,0,5,5,0,10,3,7,3,0,34,0,0,0,0,10,3,4,0,0,24,0,0,3,0,7,8,3,3,0,26,0,0,6,5,6,6,4,0,0,24,0,0,3,8,12,8,6,0,0,34,0,0,0,0,3,0,0,0,0,9,0,0,3,0,0,3,0,0,0,8,0,0,0,0,4,4,0,0,0,15,31,25,37,37,83,56,67,50,6,394
11101121312,core,0,3,0,6,4,3,14,0,0,34,0,3,0,3,0,4,4,3,0,26,0,5,6,3,3,10,6,6,0,33,0,0,8,4,6,5,5,0,0,28,0,0,5,10,8,6,4,0,0,24,0,0,0,5,6,8,3,0,0,26,0,0,5,11,12,6,0,0,0,28,0,0,3,0,0,0,0,0,0,3,0,0,0,0,5,5,0,0,0,10,0,0,0,0,0,0,0,6,0,7,22,20,34,43,56,69,63,47,20,364
11101121313,core,0,5,0,3,0,0,10,5,0,26,0,7,4,3,0,5,4,0,0,21,0,3,7,0,4,0,3,0,0,21,0,0,0,4,5,7,4,0,0,12,0,0,4,0,10,3,0,0,0,19,0,0,4,4,0,0,0,0,0,11,0,0,0,5,15,0,0,0,0,25,0,0,0,0,4,0,0,0,0,5,0,0,0,3,5,0,0,0,0,4,0,0,0,0,0,0,0,0,0,8,26,18,30,32,47,44,40,24,5,246
11101121314,core,4,3,4,0,3,5,0,5,0,36,0,0,0,6,3,4,3,0,0,19,0,4,5,0,6,4,5,0,0,24,0,0,0,4,7,4,4,0,0,24,0,0,0,5,5,10,5,0,0,24,0,0,0,8,7,4,0,0,0,17,0,0,4,7,23,13,0,0,0,46,0,0,3,3,0,4,0,0,0,9,0,0,0,8,11,11,0,0,3,24,0,0,0,0,0,3,0,0,3,8,29,21,25,49,70,78,55,47,67,438
11101121315,core,4,6,3,4,0,0,5,0,0,25,0,0,0,0,3,5,4,0,0,24,0,0,4,5,13,4,4,0,0,34,0,0,7,6,5,4,8,0,0,30,0,0,4,0,5,0,8,0,0,18,0,0,0,3,9,3,3,0,0,24,0,0,8,16,11,10,0,0,0,41,0,0,0,0,0,0,0,0,0,14,0,0,0,6,9,0,4,6,0,17,0,0,0,0,0,0,6,0,0,3,47,27,31,62,78,56,73,26,0,399
11101121316,core,5,0,0,0,0,0,0,0,0,6,0,0,0,0,6,0,0,0,0,12,0,5,0,4,0,4,4,0,0,21,0,0,0,0,0,0,0,0,0,7,0,0,0,5,4,0,0,0,0,15,0,0,0,0,4,0,0,0,0,9,0,0,0,3,8,3,0,0,0,12,0,0,0,4,0,0,0,0,0,6,0,0,0,3,0,0,0,0,0,9,0,5,0,0,0,0,0,0,0,6,30,14,9,30,33,22,29,9,0,174
11101121317,core,0,5,5,0,3,3,0,0,0,24,0,5,0,7,11,6,7,0,0,37,0,0,6,4,3,12,4,0,0,29,0,0,7,9,13,0,3,3,0,30,0,0,3,0,7,8,0,0,0,20,0,0,0,3,7,9,0,0,0,16,0,0,4,10,14,5,0,0,0,36,0,0,0,0,0,5,0,0,0,4,0,0,0,0,3,5,0,0,0,9,0,0,0,3,0,6,4,0,0,13,30,18,30,50,59,82,41,31,5,350
11101121318,core,0,0,0,0,0,10,6,0,0,19,0,3,0,0,3,3,9,0,0,24,0,6,6,10,5,13,3,0,0,41,0,0,0,4,4,8,0,0,0,20,0,0,9,11,3,0,0,0,0,25,0,0,5,8,8,7,0,0,0,33,0,0,5,7,12,11,0,0,0,39,0,0,4,4,0,7,0,0,0,9,0,0,0,4,5,3,0,0,0,11,0,0,0,0,0,0,0,0,0,3,28,36,35,61,48,75,45,15,0,339
11101121319,core,0,5,6,0,5,3,0,0,0,22,0,5,4,6,5,0,0,5,0,23,0,4,5,7,5,8,3,0,0,31,0,0,7,3,6,3,3,0,0,28,0,0,8,12,6,5,0,0,0,25,0,0,3,9,5,0,0,0,0,19,0,0,8,22,8,8,3,0,0,44,0,0,0,6,0,0,0,0,0,10,0,0,0,3,6,5,0,0,0,17,0,0,0,0,0,4,0,0,0,13,21,17,35,72,59,55,54,23,0,338
11101121320,core,3,0,0,0,0,4,5,0,0,17,0,4,0,0,0,3,3,3,0,19,0,5,0,5,10,4,6,0,0,27,0,4,0,0,9,0,0,5,0,15,0,3,0,0,0,0,0,0,0,8,0,0,0,3,0,0,0,0,0,6,0,0,4,7,4,9,0,0,0,23,0,0,0,0,0,0,0,0,0,3,0,0,0,4,3,6,0,0,0,8,0,0,0,0,0,0,3,3,0,11,17,14,14,29,42,34,39,38,8,238
11101121321,core,0,3,3,3,4,4,7,0,0,29,0,9,6,6,3,9,6,4,0,32,0,0,5,3,3,3,4,0,0,17,0,0,5,5,4,0,0,0,0,15,0,0,0,4,8,10,0,0,3,30,0,0,0,7,0,0,0,0,0,10,0,0,3,7,16,4,0,0,0,40,0,0,0,8,0,0,0,0,0,10,0,0,0,0,3,4,0,0,0,8,0,5,0,0,6,0,0,0,0,6,23,23,29,56,68,40,42,30,3,323
11101121322,core,3,0,0,0,9,4,7,0,0,25,0,0,0,10,5,8,5,4,0,34,0,0,4,8,7,3,8,0,0,45,0,0,0,3,9,4,6,0,0,23,0,0,3,9,9,3,0,0,0,25,0,0,0,10,10,8,4,0,0,33,0,0,0,19,11,7,7,0,0,41,0,0,0,3,0,4,0,0,0,11,0,0,0,8,4,0,0,0,0,18,0,0,0,0,9,0,3,0,0,14,34,25,21,88,74,66,75,37,3,426
11101121323,core,6,0,3,0,5,9,5,0,0,28,4,7,3,6,8,4,9,3,0,39,0,6,3,8,10,4,3,6,0,35,0,0,5,5,5,6,3,4,0,32,0,0,0,9,8,0,4,0,0,32,0,0,0,10,21,8,0,0,0,34,0,0,3,16,21,16,7,0,0,59,0,0,0,5,4,0,0,0,0,16,0,0,0,7,16,3,0,0,0,30,0,0,0,0,0,6,0,0,0,10,55,37,28,71,124,67,68,40,7,506
11101121324,core,0,8,4,3,6,5,5,0,0,31,0,4,3,0,11,8,5,0,0,37,0,0,3,3,12,4,8,0,3,37,0,4,0,3,8,3,0,0,0,18,0,0,0,3,5,9,3,4,0,18,0,0,3,4,7,9,0,3,0,32,0,0,9,4,17,7,3,0,0,39,0,0,4,4,6,8,0,0,0,19,0,0,0,10,18,12,4,5,0,46,6,0,0,0,4,6,0,3,3,28,30,33,36,44,85,94,58,42,18,444
11101121325,core,4,0,4,7,4,6,5,3,0,32,0,0,6,6,0,7,6,4,0,25,0,0,3,10,5,12,11,9,0,46,0,0,3,7,6,6,10,0,0,36,0,0,7,0,7,11,0,3,0,30,0,0,3,4,3,11,0,0,0,23,0,0,0,17,11,9,3,0,0,42,0,0,0,4,4,0,0,0,0,8,0,0,4,4,8,0,0,0,0,21,0,0,0,0,0,5,0,6,3,11,41,16,35,70,63,84,72,47,16,444
11101121326,core,0,0,3,3,6,0,10,4,0,30,0,3,0,7,3,4,4,6,0,29,0,0,4,4,4,0,5,3,0,27,0,0,0,3,3,0,4,0,0,15,0,0,0,0,7,10,5,0,0,24,0,0,0,0,6,0,4,0,0,11,0,0,0,8,14,15,5,0,0,41,0,0,0,3,4,5,0,0,0,11,0,0,0,3,12,4,4,0,0,29,0,0,0,0,3,0,0,3,0,13,29,17,22,51,73,55,87,47,15,386
11101121327,core,3,8,0,0,7,4,6,7,0,30,0,0,5,4,5,7,5,0,0,25,0,0,3,0,3,11,5,0,0,27,0,0,6,6,5,4,3,0,0,25,0,0,0,7,5,5,4,0,0,25,0,0,0,0,4,0,0,0,0,21,0,0,3,5,14,12,7,0,0,49,0,0,0,0,4,0,0,0,0,8,0,0,0,7,16,8,7,5,0,33,0,0,0,0,3,3,4,0,0,15,21,18,36,37,63,69,73,47,17,382
11101121328,core,0,3,0,4,0,0,0,0,0,14,0,4,3,3,3,4,3,4,0,29,0,0,0,3,4,4,4,0,0,19,0,0,3,0,0,0,3,0,0,16,0,4,0,0,9,0,6,0,0,17,0,0,0,3,0,7,0,0,0,10,0,0,0,10,5,9,4,0,0,28,0,0,0,0,6,5,0,0,0,13,0,0,0,3,3,9,0,0,0,14,0,0,0,0,0,0,0,0,0,0,10,21,21,40,36,43,35,18,6,234
11101121329,core,0,0,0,0,5,0,7,11,0,24,0,0,0,0,4,3,3,8,0,25,0,0,3,3,0,0,3,0,0,25,0,5,3,3,0,0,0,0,0,19,0,0,3,4,6,3,3,0,0,17,0,0,0,4,10,0,0,0,0,14,0,0,5,5,5,5,0,0,0,12,0,0,0,0,0,0,0,0,0,0,0,0,0,0,3,4,0,0,0,17,0,0,0,0,3,6,0,5,0,13,20,14,26,35,42,41,60,99,34,358
11101121330,core,0,0,0,0,0,4,8,0,0,15,0,3,5,6,7,7,3,0,0,29,0,3,4,5,4,10,8,0,0,36,0,0,0,8,6,10,3,0,0,25,0,0,6,4,4,0,0,0,0,19,0,0,3,8,5,4,0,0,0,14,0,0,5,11,16,11,0,0,0,43,0,0,0,0,4,0,0,0,0,12,0,0,0,3,6,7,0,0,0,18,0,4,0,0,0,5,0,0,0,4,28,19,30,48,56,74,59,27,0,349
11101121401,core,0,6,3,7,4,5,7,5,0,31,0,6,0,4,0,3,0,0,4,32,0,0,3,9,7,4,5,3,0,25,0,0,5,4,10,11,0,0,0,29,0,0,3,3,9,3,3,0,0,18,0,0,3,8,5,0,0,0,0,18,0,0,6,18,13,5,0,0,0,48,0,0,0,13,3,0,0,0,0,13,0,0,0,3,7,5,0,0,0,14,0,0,0,0,0,3,0,0,0,15,30,15,32,70,70,66,65,26,8,384
11101121402,core,0,3,4,0,6,7,3,3,0,22,0,0,3,3,3,9,4,0,0,25,0,0,5,3,0,9,6,0,0,33,0,5,0,3,0,3,3,4,0,25,0,0,6,0,3,3,3,0,0,14,0,0,4,6,6,0,3,0,0,29,0,0,7,7,16,10,0,0,0,33,0,0,0,0,0,3,0,0,0,7,0,0,0,8,5,10,0,0,0,29,0,4,0,6,0,6,5,5,0,17,29,20,36,45,45,72,54,32,15,350
11101121403,core,4,6,0,0,0,4,7,5,0,34,0,5,4,4,11,9,8,3,0,40,0,8,4,6,6,5,12,3,0,52,0,0,0,6,8,7,12,0,0,41,0,3,3,7,12,13,3,0,0,37,0,0,0,10,7,13,0,0,0,28,0,0,9,10,17,17,3,3,0,62,0,0,0,4,0,3,0,0,0,10,0,0,0,0,6,10,0,0,0,21,6,0,6,5,7,6,0,0,0,32,50,48,45,70,95,107,100,40,11,556
11101121404,core,3,4,0,3,5,3,9,10,0,54,0,6,3,9,4,4,8,9,0,45,0,3,6,6,11,10,11,3,0,60,0,5,6,9,17,5,4,0,0,42,0,0,6,7,12,7,4,6,0,47,0,0,5,15,16,0,0,0,0,42,0,0,9,23,31,3,0,0,0,70,0,0,0,3,3,0,0,0,0,15,0,0,0,15,11,7,0,0,0,30,3,0,0,0,0,0,3,0,0,14,60,35,56,121,126,64,108,79,20,670
11101121405,core,0,0,0,0,0,0,0,0,0,0,0,0,0,0,0,0,0,0,0,0,0,0,0,0,0,0,0,0,0,0,0,0,0,0,0,0,0,0,0,0,0,0,0,0,0,0,0,0,0,0,0,0,0,0,0,0,0,0,0,0,0,0,0,0,0,0,0,0,0,0,0,0,0,0,0,0,0,0,0,0,0,0,0,0,0,0,0,0,0,0,0,0,0,0,0,0,0,0,0,0,0,0,0,0,0,0,0,0,0,0
11101121406,core,0,0,6,5,0,14,6,4,0,27,0,5,0,0,3,4,0,0,0,19,0,3,6,5,9,6,3,3,0,43,0,8,4,3,12,11,3,0,0,37,0,0,5,3,0,5,3,0,0,17,0,0,3,8,5,7,0,0,0,24,0,0,4,12,16,14,0,0,0,45,0,0,0,0,0,0,0,0,0,4,0,0,0,4,8,5,0,0,0,22,0,0,0,0,0,0,0,3,0,5,31,34,29,53,68,104,43,30,8,405
11101121407,core,0,5,5,7,3,4,3,0,4,19,0,3,4,6,3,3,0,5,0,27,0,0,3,10,3,7,3,0,0,31,0,3,8,3,13,3,6,0,0,37,0,0,6,8,10,5,3,0,0,23,0,0,3,0,10,3,0,0,0,13,0,0,5,8,7,6,3,0,0,25,0,0,0,0,4,4,0,0,0,10,0,0,0,5,4,3,0,0,0,7,0,0,3,5,6,0,4,0,0,25,31,15,54,66,68,62,56,22,17,387
11101121408,core,0,3,0,3,0,7,0,0,0,15,0,0,5,6,5,5,5,0,0,18,0,4,6,4,9,3,6,0,0,28,0,0,0,5,6,0,0,0,0,11,0,0,0,0,0,0,0,0,0,8,0,0,3,7,4,4,0,0,0,13,0,0,4,3,9,4,0,0,0,21,0,0,0,4,0,0,0,0,0,4,0,0,0,6,0,0,0,0,0,8,0,0,0,0,0,0,0,0,0,0,19,13,32,48,45,34,29,12,10,239
11101121409,core,0,0,3,3,3,10,0,0,0,21,0,0,3,5,3,0,3,0,0,16,0,4,7,5,3,3,0,0,0,28,0,0,0,0,0,3,0,0,0,7,0,0,0,5,3,4,3,0,0,14,0,0,0,3,3,4,0,0,0,16,0,0,0,3,6,0,0,0,0,19,0,0,0,0,0,0,0,0,0,0,0,0,0,5,0,0,0,0,0,6,0,0,3,6,0,0,0,4,0,16,20,17,27,41,31,39,29,26,9,234
11101121410,core,0,6,6,3,8,6,13,3,3,53,0,9,7,3,4,8,12,4,0,48,0,4,7,11,4,10,0,0,0,35,0,3,11,5,8,14,6,3,0,53,0,0,4,0,5,11,3,0,0,23,0,0,8,4,5,4,3,0,0,27,0,0,3,14,8,5,6,0,0,38,0,0,0,4,0,3,0,0,0,9,0,0,0,0,5,0,0,0,0,8,5,5,0,4,7,4,6,12,3,44,22,30,52,65,82,100,108,83,33,573
11101121411,core,0,0,0,3,6,12,3,0,0,21,0,3,0,3,5,3,3,0,0,19,0,0,6,4,5,8,7,0,0,28,0,0,0,8,5,3,0,0,0,20,0,0,4,0,6,5,0,0,0,18,0,0,0,0,4,0,0,0,0,7,0,0,3,15,13,10,0,0,0,36,0,0,0,0,7,0,0,0,0,8,0,0,0,0,5,4,0,0,0,17,0,0,0,0,0,0,0,0,0,3,33,16,25,52,56,61,23,7,3,282
11101121412,core,0,0,0,0,3,5,9,4,0,18,0,0,0,4,0,0,6,0,0,13,0,0,3,0,6,6,5,3,0,18,0,0,3,0,4,0,0,0,0,11,0,0,3,0,0,0,0,0,0,4,0,0,0,0,0,3,0,0,0,4,0,0,3,8,3,4,0,0,0,18,0,0,0,0,4,0,0,0,0,4,0,0,0,0,0,3,0,0,0,3,0,0,0,0,0,0,0,0,0,0,11,11,23,20,23,24,32,17,0,167
11101121413,core,5,5,4,3,7,3,3,0,0,27,0,0,0,3,9,3,0,0,0,10,0,5,6,8,7,6,0,0,0,32,0,0,4,7,3,8,4,0,0,26,0,0,3,8,10,11,0,0,0,31,0,0,8,4,10,7,0,0,0,23,0,0,0,14,9,5,5,0,0,33,0,0,0,0,7,0,0,0,0,16,0,0,0,4,0,8,4,0,0,8,0,0,6,0,0,0,0,0,0,9,30,20,23,60,68,64,32,20,8,327
11101121414,core,0,4,5,4,0,9,6,3,5,35,0,10,5,3,8,9,4,4,0,41,0,9,3,9,12,6,16,3,0,63,0,0,13,7,11,7,4,0,0,42,0,0,5,3,12,5,0,0,0,23,0,0,0,10,3,0,0,0,0,15,0,0,4,14,16,8,0,0,0,46,0,0,0,5,3,0,0,0,0,9,0,0,0,4,5,0,0,0,0,3,4,4,0,0,8,3,4,7,0,24,43,40,53,79,89,73,87,57,20,543
11101121415,core,0,6,9,5,3,12,4,4,3,46,0,8,11,6,12,12,3,0,0,40,0,4,9,14,11,7,0,0,0,55,0,3,9,9,9,8,0,4,0,44,0,0,8,7,0,6,3,0,0,31,0,0,3,7,0,0,0,0,0,10,0,0,9,0,8,6,0,0,0,27,0,0,0,0,5,0,0,0,0,9,0,0,0,0,0,0,0,0,0,4,0,0,0,6,0,10,4,0,0,24,28,43,72,83,72,98,72,41,13,515
11101121416,core,0,4,4,3,4,3,12,4,0,23,0,5,6,0,0,4,0,0,0,25,0,0,7,7,7,12,0,0,0,36,0,0,5,3,9,6,0,0,0,24,0,0,3,5,9,0,0,0,0,13,0,0,5,0,3,6,0,0,0,8,0,0,0,8,12,8,0,0,0,28,0,0,0,0,0,0,0,0,0,7,0,0,0,0,0,0,0,0,0,3,0,0,0,0,0,0,3,0,0,6,35,12,42,42,53,64,58,39,10,355
11101121417,core,0,3,3,0,5,8,11,4,0,32,0,0,9,4,7,0,0,3,0,30,0,0,14,7,3,4,8,3,0,34,0,0,3,7,5,4,5,0,0,24,0,0,5,3,5,5,5,0,0,20,0,0,9,0,0,5,0,0,0,14,0,0,6,0,9,4,3,0,0,26,0,0,0,0,0,0,0,0,0,3,0,0,4,0,4,0,0,0,0,8,0,0,5,0,5,0,3,3,0,17,21,14,65,25,53,52,69,51,24,375
11101121419,core,0,4,4,9,3,5,8,3,0,36,0,5,13,10,7,7,0,0,0,44,0,0,7,6,3,12,0,0,0,31,0,0,12,3,3,3,0,0,0,29,0,0,11,10,8,5,0,0,0,43,0,0,5,6,6,0,0,0,0,16,0,0,3,12,3,10,0,0,0,30,0,0,0,3,0,0,0,0,0,5,0,0,0,0,0,0,0,0,0,0,3,3,8,6,8,9,7,9,0,40,25,36,87,72,67,72,50,32,7,446
11101121420,core,0,0,0,0,0,0,0,0,0,0,0,0,0,0,0,0,0,0,0,0,0,0,0,0,0,0,0,0,0,0,0,0,0,0,0,0,0,0,0,0,0,0,0,0,0,0,0,0,0,0,0,0,0,0,0,0,0,0,0,0,0,0,0,0,0,0,0,0,0,0,0,0,0,0,0,0,0,0,0,0,0,0,0,0,0,0,0,0,0,0,0,0,0,0,0,0,0,0,0,0,0,0,0,0,0,0,3,0,0,9
11101121421,core,0,4,5,3,0,0,0,5,0,22,0,4,0,12,9,5,3,0,0,38,0,0,0,4,6,4,5,0,0,19,0,0,3,4,14,5,0,0,0,21,0,0,0,3,4,4,0,0,0,17,0,0,5,0,11,5,0,0,0,16,0,0,0,6,3,6,4,0,0,22,0,0,0,3,5,0,0,0,0,6,0,0,0,0,5,0,0,0,0,3,0,3,5,0,7,3,6,0,0,22,28,12,26,41,69,46,49,47,11,346
11101121422,core,3,6,0,7,3,0,4,3,0,22,0,0,3,0,10,7,8,0,4,34,0,0,12,4,7,5,6,0,0,28,0,0,6,11,3,4,5,0,0,26,0,0,3,0,3,11,0,0,0,16,0,0,4,6,6,3,4,0,0,17,0,0,0,8,15,0,4,0,0,26,0,0,0,3,5,0,0,0,0,7,0,0,0,3,0,0,0,0,0,5,0,0,5,3,3,7,3,3,5,27,28,18,42,60,58,62,76,53,17,404
11101121423,core,0,5,7,0,5,3,0,0,0,20,0,5,5,8,6,8,7,0,0,38,0,0,0,0,8,9,0,0,0,23,0,0,3,3,9,8,0,0,0,22,0,0,5,10,3,0,0,0,0,16,0,0,3,5,5,0,0,0,0,11,0,0,3,10,17,5,0,0,0,37,0,0,0,0,3,0,0,0,0,6,0,0,0,0,5,5,0,0,0,11,0,0,0,0,3,0,0,0,0,10,28,19,39,44,68,50,35,15,11,304
11101121424,core,0,0,0,3,3,5,0,5,3,20,0,0,0,4,4,5,3,0,0,19,0,0,4,8,6,5,4,0,0,29,0,0,8,6,0,12,0,0,0,22,0,0,6,12,0,3,0,0,0,14,0,0,0,0,4,3,0,0,0,5,0,0,0,8,5,3,0,0,0,19,0,0,0,0,0,0,0,0,0,4,0,0,0,0,0,0,0,0,0,0,0,0,0,0,0,7,3,0,0,15,29,13,28,40,39,57,52,38,6,303
11101121425,core,0,0,0,3,9,7,5,0,0,25,0,3,0,3,7,6,0,4,0,28,0,0,7,0,9,3,0,3,0,22,0,0,0,4,7,0,0,0,0,13,0,0,0,3,5,0,3,0,0,13,0,0,0,0,5,8,0,0,0,11,0,0,0,4,3,8,0,0,0,18,0,0,0,0,0,0,0,0,0,0,0,0,0,0,9,0,0,0,0,13,0,0,4,0,0,6,0,0,0,16,32,18,30,36,54,47,28,32,7,282
11101121426,core,0,3,9,3,3,0,3,0,0,25,0,5,11,6,4,4,3,0,0,32,0,0,0,0,3,9,0,0,0,21,0,0,6,5,7,5,0,0,0,28,0,0,8,4,9,5,0,0,0,21,0,0,9,6,5,0,0,0,0,18,0,0,11,9,7,4,5,0,0,39,0,0,0,0,5,3,0,0,0,8,0,0,0,3,5,0,0,0,0,13,0,0,5,0,4,5,0,5,0,16,24,22,54,61,57,50,41,14,3,319
11101121427,core,4,5,3,0,7,7,4,5,0,27,0,4,7,9,4,9,5,6,0,40,0,0,11,5,3,8,3,0,0,35,0,0,5,9,3,9,0,0,0,30,0,0,5,3,11,3,0,0,0,23,0,0,7,0,4,0,0,0,0,17,0,0,9,11,5,7,0,0,0,31,0,0,4,0,0,0,0,0,0,6,0,0,0,0,0,0,0,0,0,8,0,0,0,5,0,3,0,9,4,25,14,18,64,58,52,62,59,57,20,405
11101121428,core,0,9,6,5,5,7,11,0,0,39,0,3,3,5,13,0,5,0,0,31,0,3,7,9,10,3,0,3,0,34,0,0,0,14,7,5,0,0,0,31,0,0,3,4,6,13,0,0,0,26,0,0,3,3,3,4,3,0,0,13,0,0,7,6,15,7,0,0,0,32,0,0,0,0,0,0,0,0,0,9,0,0,0,4,0,0,0,0,0,3,0,4,0,0,0,6,0,4,4,30,34,36,51,57,79,76,76,35,12,459
11101121429,core,0,0,0,3,0,7,5,0,0,15,0,0,3,0,4,8,0,5,0,21,0,0,4,4,3,6,11,0,0,36,0,0,0,5,4,6,3,0,0,15,0,0,3,0,5,4,0,0,0,8,0,0,3,0,6,6,0,0,0,15,0,0,4,13,6,4,0,0,0,25,0,0,0,3,0,0,0,0,0,4,0,0,0,0,5,0,0,0,0,11,0,0,3,4,0,0,0,0,0,8,19,13,27,38,37,45,42,20,9,260
11101121430,core,0,4,0,0,8,0,3,0,0,22,0,4,3,7,6,6,0,0,0,25,0,0,3,5,5,8,6,0,0,26,0,3,6,14,14,5,6,3,0,41,0,0,6,0,6,5,0,0,0,25,0,0,3,7,8,5,0,0,0,17,0,0,9,8,8,9,4,0,0,35,0,0,0,0,4,0,0,0,0,5,0,0,0,0,0,0,0,0,0,4,0,0,0,0,5,4,3,0,5,15,25,15,30,53,74,59,38,16,16,327
11101121431,core,0,8,0,0,0,3,7,0,0,22,0,4,3,3,3,3,3,0,0,18,0,4,7,5,6,6,3,0,0,33,0,0,0,12,5,6,0,0,0,23,0,0,0,0,4,3,0,0,0,10,0,0,0,5,4,3,0,0,0,13,0,0,3,7,8,5,0,0,0,20,0,0,0,4,4,0,0,0,0,4,0,0,0,6,6,0,0,0,0,11,0,0,0,0,0,0,0,0,0,3,25,34,30,40,38,40,33,7,9,253
11101121432,core,0,0,8,8,5,0,10,5,4,33,0,5,8,13,4,8,0,0,0,34,0,7,14,8,9,0,4,0,0,45,0,0,3,6,9,3,5,0,0,21,0,0,8,0,5,8,0,6,0,28,0,0,3,3,6,0,0,0,0,17,0,0,6,16,18,7,0,0,0,46,0,0,3,0,0,0,0,0,0,7,0,0,0,0,8,0,0,0,4,11,0,3,0,7,0,0,4,0,0,15,35,31,58,69,66,59,68,57,16,472
11101121433,core,0,6,0,0,9,3,6,0,0,20,0,0,3,0,3,0,4,0,0,18,0,0,7,5,7,4,9,0,0,31,0,0,5,5,16,8,4,0,0,30,0,0,0,5,7,5,0,0,0,23,0,0,0,7,5,5,0,0,0,14,0,0,4,8,11,3,4,0,0,26,0,0,0,3,0,0,0,0,0,9,0,0,0,3,4,0,0,0,0,16,0,0,0,0,3,0,11,0,0,18,44,22,33,43,75,46,44,20,3,325
11101121435,core,0,0,3,0,0,6,6,3,0,28,0,5,8,9,12,3,0,0,0,29,0,7,9,10,6,7,4,5,0,39,0,3,16,5,7,6,0,0,0,36,0,0,17,10,4,0,0,0,0,37,0,0,10,4,0,4,6,0,0,23,0,0,11,14,4,0,0,0,0,26,0,0,3,0,4,3,0,0,0,12,0,0,0,6,0,0,0,0,0,9,3,5,0,0,0,6,0,4,0,17,24,22,90,57,48,46,50,52,8,397
11101121436,core,0,3,0,0,3,4,3,4,0,22,0,7,0,0,3,5,8,0,0,21,0,0,5,6,0,5,3,0,0,29,0,0,4,3,7,7,0,0,0,23,0,3,0,0,3,5,4,0,0,19,0,0,3,0,5,5,0,0,0,15,0,0,4,16,19,9,5,0,0,40,0,0,0,0,0,7,0,0,0,4,0,0,0,6,8,4,0,0,0,18,0,0,3,0,4,3,0,0,0,11,16,20,33,49,48,52,68,39,13,344
11101121437,core,0,0,0,0,0,4,3,0,0,14,0,0,9,0,0,5,8,0,0,20,0,0,0,4,6,9,5,6,0,24,0,0,8,3,0,0,0,0,0,17,0,0,5,5,0,4,5,0,0,17,0,0,0,0,0,6,0,0,0,7,0,0,3,0,0,4,4,0,0,16,0,0,0,0,0,3,0,0,0,8,0,0,4,0,10,5,4,0,0,16,0,0,4,0,0,3,3,0,0,14,10,10,32,12,25,48,51,27,4,222
11101121438,core,0,0,0,0,0,0,0,0,0,0,0,0,0,0,0,0,0,0,0,0,0,0,0,0,0,0,0,0,0,0,0,0,0,0,0,0,0,0,0,0,0,0,0,0,0,0,0,0,0,0,0,0,0,0,0,0,0,0,0,0,0,0,0,0,0,0,0,0,0,0,0,0,0,0,0,0,0,0,0,0,0,0,0,0,0,0,0,0,0,0,0,0,0,0,0,0,0,0,0,0,0,0,0,0,0,0,0,0,0,0
11102121501,core,0,3,0,0,4,7,10,0,0,20,0,4,0,4,0,6,3,0,0,24,0,0,8,5,5,3,0,0,0,18,0,0,0,3,5,4,0,0,0,17,0,0,5,0,0,0,0,0,0,7,0,0,0,3,4,4,0,0,0,5,0,0,0,0,8,0,0,0,0,11,0,0,0,0,3,0,0,0,0,3,0,0,0,0,4,0,0,0,0,5,0,0,0,3,0,0,0,3,0,11,21,9,16,27,37,29,37,23,9,214
11102121502,core,3,3,7,4,4,0,0,0,0,26,0,6,0,4,7,5,5,0,0,21,0,3,4,3,11,6,10,6,0,43,0,0,5,3,5,7,4,0,0,31,0,0,5,3,3,0,0,0,0,17,0,0,5,0,4,5,0,0,0,10,0,0,0,3,5,7,0,0,0,21,0,0,0,0,3,0,0,0,0,4,0,0,0,0,0,0,0,0,0,3,0,0,0,0,5,7,6,0,4,23,11,25,37,36,51,61,61,30,5,317
11102121503,core,0,0,5,3,4,10,4,9,0,27,0,0,6,5,7,12,0,0,0,31,0,3,8,0,7,3,0,0,0,21,0,0,3,5,0,3,0,0,0,16,0,0,0,3,0,5,0,0,0,12,0,0,0,6,0,0,0,0,0,5,0,0,0,5,4,0,0,0,0,14,0,0,0,0,0,0,0,0,0,0,0,0,0,0,0,0,0,0,0,0,0,0,0,0,4,0,3,0,6,15,18,22,33,44,39,65,44,32,16,314
11102121504,core,0,0,9,0,8,0,0,0,0,24,0,0,0,0,7,3,7,0,0,25,0,4,4,0,6,17,0,3,0,26,0,0,7,5,6,4,0,0,0,21,0,0,5,5,7,3,0,0,0,21,0,0,0,4,9,3,0,0,0,15,0,0,3,9,6,6,0,0,0,19,0,0,0,0,0,0,0,0,0,0,0,0,0,0,0,0,0,0,0,3,0,0,0,0,0,0,0,4,0,4,18,18,40,35,61,45,16,14,0,242
11102121505,core,0,5,3,3,5,6,9,0,0,32,0,0,7,0,8,9,0,4,0,34,0,0,8,0,3,3,3,4,0,30,0,0,0,9,0,6,0,0,0,20,0,0,5,5,4,0,7,0,0,22,0,0,0,4,5,10,4,0,0,20,0,0,6,5,12,9,0,0,0,29,0,0,0,0,5,0,0,0,0,11,0,0,0,0,0,5,0,0,0,3,0,0,0,0,0,3,5,0,6,19,25,20,39,35,56,77,65,41,17,377
11102121506,core,0,3,8,3,6,0,3,3,0,25,0,5,11,6,5,3,3,0,0,40,0,0,18,5,4,16,3,0,0,47,0,0,4,3,3,0,3,0,0,18,0,5,3,11,0,5,0,0,0,20,0,0,5,3,4,0,0,3,0,9,0,0,8,3,7,0,0,0,0,16,0,0,0,0,3,0,0,0,0,5,0,0,0,0,0,0,0,0,0,0,0,0,9,8,4,0,5,0,0,26,24,33,89,56,51,54,42,11,0,357
11102121507,core,0,0,4,9,6,3,3,9,6,33,0,7,0,0,4,6,3,5,3,19,0,6,7,3,4,9,0,6,0,30,0,5,3,3,6,7,0,0,0,32,0,0,4,0,4,5,3,0,0,19,0,0,5,3,3,5,0,0,0,18,0,0,3,3,0,7,0,0,0,23,0,0,0,0,3,3,0,0,0,8,0,0,0,3,3,0,4,0,0,9,0,0,0,5,0,6,0,5,0,14,23,18,45,36,53,83,40,71,9,384
11102121508,core,0,3,8,5,4,4,4,12,5,41,0,3,4,7,0,9,5,8,0,30,0,3,0,3,8,0,3,0,0,13,0,0,3,7,4,4,0,5,0,17,0,0,0,3,3,3,0,0,0,14,0,0,6,0,0,4,0,0,0,6,0,0,3,0,0,3,0,0,0,12,0,0,0,0,0,0,0,0,0,5,0,0,0,0,0,0,0,0,0,5,0,3,0,0,0,4,14,33,25,86,23,30,37,38,35,56,54,89,50,407
11102121509,core,3,0,5,4,7,9,0,3,0,26,0,4,4,5,9,6,6,0,0,34,0,0,9,5,8,8,0,0,0,31,0,0,0,7,3,0,0,3,0,20,0,0,5,4,6,8,0,0,0,21,0,0,5,6,0,3,0,0,0,14,0,0,3,3,5,0,0,0,0,15,0,0,0,0,7,6,0,0,0,9,0,0,0,4,0,0,0,0,0,5,0,0,5,0,4,0,5,5,0,17,21,23,51,47,55,69,54,37,9,357
11102121510,core,0,0,7,8,0,3,0,0,0,26,0,6,0,10,10,0,0,0,0,25,4,0,0,4,5,9,7,0,0,30,0,0,4,3,4,0,0,0,0,17,0,0,3,8,10,0,3,0,0,15,0,0,0,0,3,4,0,0,0,8,0,0,3,0,0,0,0,0,0,8,0,0,0,0,0,0,0,0,0,0,0,0,0,0,3,0,0,0,0,4,5,3,0,10,10,3,4,0,0,41,43,25,53,59,67,38,41,20,5,341
11102121511,core,0,0,10,0,7,5,0,0,0,33,0,9,5,4,5,4,0,0,0,19,0,4,6,11,5,7,3,0,0,33,0,0,11,10,5,5,4,0,0,38,0,5,10,11,8,5,0,0,0,32,0,0,0,9,9,0,0,0,0,15,0,0,5,10,5,5,0,0,0,24,0,0,0,4,0,0,0,0,0,8,0,0,0,3,0,0,0,0,0,4,3,0,7,0,3,3,8,0,0,17,22,24,55,77,49,60,41,13,3,332
11102121512,core,0,0,3,4,4,0,0,0,0,15,0,0,0,7,7,4,0,0,0,16,0,3,6,4,8,10,5,0,0,34,0,0,4,3,5,0,0,0,0,17,0,0,3,4,0,0,0,0,0,15,0,0,6,0,8,8,0,0,0,18,0,0,0,5,3,0,0,0,0,5,0,0,0,0,0,0,0,0,0,0,0,0,0,0,0,0,0,0,0,0,0,0,5,4,0,0,0,0,0,10,9,23,37,44,40,36,21,9,0,214
11102121513,core,0,4,3,3,0,5,3,3,0,26,0,4,6,7,5,8,4,0,0,32,0,0,9,14,6,6,5,0,0,48,0,4,4,7,5,7,0,0,0,25,0,0,4,3,0,0,0,0,0,12,0,0,0,3,5,0,0,0,0,15,0,0,0,0,0,8,0,0,0,11,0,0,0,0,5,0,0,0,0,5,0,0,0,0,0,0,0,0,0,0,4,5,0,5,0,0,0,0,0,18,33,34,50,61,49,68,53,17,0,372
11102121514,core,0,5,6,0,5,0,0,0,0,15,0,0,8,3,6,6,0,0,0,28,0,0,6,6,6,9,0,0,0,20,0,5,4,0,6,0,0,0,0,13,0,0,6,0,4,7,3,0,0,10,0,0,0,0,0,0,0,0,0,4,0,0,0,0,0,0,0,0,0,0,0,0,0,0,0,0,0,0,0,0,0,0,0,0,0,0,0,0,0,0,4,6,6,0,6,5,4,0,0,32,19,23,40,24,37,40,23,5,0,214
11102121515,core,0,0,0,0,0,0,0,0,0,0,0,0,0,0,0,0,0,0,0,0,0,0,0,0,0,4,0,0,0,4,0,0,0,0,0,3,0,0,0,3,0,0,0,0,0,0,0,0,0,0,0,0,0,0,0,0,0,0,0,0,0,0,0,0,0,0,0,0,0,0,0,0,0,0,0,0,0,0,0,0,0,0,0,0,0,0,0,0,0,0,0,0,0,0,0,0,0,0,0,0,0,0,0,0,0,11,5,0,0,16
11102121516,core,0,5,5,7,8,9,4,5,4,49,0,6,8,9,13,3,8,5,0,45,0,3,8,3,7,9,5,0,0,40,0,0,9,8,7,4,0,0,0,33,0,0,5,7,4,3,3,0,0,21,0,0,5,4,0,0,0,0,0,8,0,0,3,7,5,0,0,0,0,14,0,0,0,0,0,0,0,0,0,4,0,0,0,0,0,5,0,0,0,4,5,0,3,9,7,9,9,9,3,48,39,42,69,51,70,87,100,78,13,545
11102121517,core,0,0,3,0,8,0,0,4,0,18,0,0,4,0,0,0,10,0,3,15,0,0,5,3,7,5,0,0,0,18,0,0,0,4,0,0,0,0,0,12,0,0,4,0,5,4,0,0,0,14,0,0,6,0,4,0,0,0,0,7,0,0,5,0,3,5,0,0,0,10,0,0,3,0,0,0,0,0,0,5,0,0,0,0,0,0,0,0,0,3,4,0,0,7,4,8,15,71,100,208,15,10,37,17,37,25,41,103,128,425
11102121518,core,3,0,24,7,10,9,8,13,0,76,0,11,34,15,18,13,11,3,3,111,0,9,37,25,18,11,8,3,0,109,0,4,36,16,12,12,0,0,0,85,0,0,41,31,16,4,0,0,0,94,0,0,12,20,9,9,0,0,0,53,0,0,41,42,33,11,0,0,0,130,0,0,7,4,5,5,0,0,0,22,0,0,7,10,11,3,0,0,0,23,0,0,11,3,0,0,6,4,0,31,67,63,281,208,153,121,98,79,77,1154
11102121519,core,0,6,6,6,3,0,5,5,0,29,3,3,10,4,0,6,3,0,0,36,0,0,5,6,5,3,6,0,0,24,0,4,0,6,5,8,4,0,0,29,0,0,0,6,0,5,0,0,0,17,0,0,0,6,0,0,0,0,0,4,0,0,0,5,7,4,0,0,0,12,0,0,0,0,0,0,0,0,0,0,0,0,0,0,0,0,0,0,0,4,0,4,0,3,8,7,10,11,0,43,22,21,37,51,52,61,53,36,5,335
11102121520,core,0,3,5,5,0,6,0,0,0,18,0,0,3,3,0,3,0,0,0,16,0,0,6,8,0,7,0,4,0,29,0,0,5,3,0,4,0,0,0,19,0,0,4,3,5,3,0,0,0,18,0,0,6,0,0,5,0,0,0,7,0,0,0,0,4,3,0,0,0,8,0,0,0,0,0,0,0,0,0,5,0,0,0,0,0,3,0,0,0,0,0,0,5,0,0,0,6,0,0,9,20,18,45,35,30,53,23,16,9,248
11102121521,core,0,0,0,0,0,0,0,0,0,4,0,0,0,0,0,0,0,0,0,0,0,0,0,0,0,0,0,0,0,3,0,0,0,0,0,4,0,0,0,3,0,0,0,0,0,0,0,0,0,3,0,0,0,0,0,0,0,0,0,0,0,0,5,0,0,0,0,0,0,0,0,0,0,0,0,0,0,0,0,0,0,0,0,0,0,0,0,0,0,0,0,0,0,0,0,0,0,0,0,0,8,4,11,0,3,16,5,9,0,56
11102121522,core,0,3,8,4,8,3,4,0,0,38,0,10,17,9,10,6,0,0,0,52,0,4,9,3,9,10,4,0,0,40,0,0,14,4,0,0,0,0,0,28,0,0,6,0,4,8,4,0,0,25,0,0,0,0,0,0,0,0,0,8,0,0,8,11,8,5,0,0,0,21,0,0,0,0,0,0,0,0,0,0,0,0,0,0,0,0,0,0,0,0,0,3,5,6,0,0,0,0,3,18,29,46,93,52,66,70,39,24,10,437
11102121523,core,0,0,0,0,0,0,0,0,0,0,0,0,0,0,0,0,0,0,0,0,0,0,0,0,0,0,0,0,0,0,0,0,0,0,0,0,0,0,0,0,0,0,0,0,0,0,0,0,0,0,0,0,0,0,0,0,0,0,0,0,0,0,0,0,0,0,0,0,0,0,0,0,0,0,0,0,0,0,0,0,0,0,0,0,0,0,0,0,0,0,0,0,0,0,0,0,0,0,0,0,0,0,0,0,0,0,0,0,0,0
11102121524,core,0,8,8,3,4,4,0,0,0,32,0,6,6,7,7,3,0,4,0,47,0,5,3,4,7,5,3,0,0,40,0,0,7,9,4,3,0,0,0,28,0,0,7,4,3,5,0,0,0,18,0,0,6,3,5,0,0,0,0,14,0,0,3,3,3,7,0,0,0,17,0,0,0,0,0,0,0,0,0,3,0,0,0,3,5,0,0,0,0,7,0,0,10,11,3,4,4,0,0,42,31,35,71,78,58,59,62,27,8,425
11102121525,core,0,0,5,5,3,5,10,6,0,29,0,4,10,0,0,8,0,3,0,26,0,4,3,6,7,4,0,0,0,32,0,0,0,3,4,0,0,0,0,11,0,0,5,6,0,0,0,0,0,14,0,0,0,0,0,0,0,0,0,4,0,0,0,6,0,3,0,0,0,14,0,0,0,0,0,0,0,0,0,5,0,0,0,0,3,0,0,0,0,0,0,0,0,4,0,0,0,4,0,8,16,23,33,22,44,40,56,32,8,286
11102121601,core,0,0,6,0,0,4,0,3,0,22,0,9,5,0,7,5,5,3,0,36,0,0,8,11,10,0,0,0,0,32,0,0,5,4,5,7,3,0,0,16,0,0,6,3,6,3,0,0,0,18,0,0,0,0,0,0,0,0,0,4,0,0,4,7,8,5,0,0,0,24,0,0,0,0,0,0,0,0,0,0,0,0,0,0,0,0,0,0,0,4,6,0,0,5,3,0,0,9,0,19,22,17,38,40,58,49,49,44,5,323
11102121602,core,0,3,3,0,9,5,6,0,0,28,0,0,10,4,11,5,9,0,0,35,0,5,3,4,3,10,4,6,0,30,0,3,5,0,6,0,0,0,0,16,0,0,3,4,5,10,0,0,0,18,0,0,4,3,0,4,0,0,0,9,0,0,4,4,0,4,0,0,0,16,0,0,0,0,0,0,0,0,0,0,0,0,4,0,4,0,0,0,0,8,0,3,0,0,0,3,0,0,0,10,8,26,46,37,52,56,65,25,6,330
11102121603,core,0,11,11,5,8,9,9,0,0,55,0,9,14,10,16,13,4,6,0,67,0,10,10,11,9,7,10,0,0,57,0,0,11,7,7,12,3,0,0,46,0,0,7,7,11,12,0,0,0,40,0,0,5,7,15,4,3,0,0,28,0,0,6,6,15,11,0,0,0,39,0,0,0,0,0,0,0,0,0,6,0,0,0,4,0,3,0,0,0,7,4,6,11,12,3,4,8,4,0,50,46,59,90,87,110,122,90,55,13,665
11102121604,core,0,6,4,3,3,8,3,6,0,35,0,0,6,4,12,7,3,6,0,43,0,5,0,3,9,6,6,4,0,42,0,0,4,0,6,6,9,0,0,26,0,0,0,9,5,3,0,0,0,16,0,0,3,3,3,4,0,0,0,16,0,0,9,5,7,0,0,0,0,18,0,0,0,0,0,3,0,0,0,3,0,0,0,0,4,5,0,0,0,6,0,0,0,4,0,4,3,0,0,22,19,32,33,38,76,66,65,53,16,400
11102121605,core,0,5,3,4,0,6,5,0,0,24,0,0,3,0,3,0,10,0,0,19,0,0,3,0,3,3,5,0,0,14,0,0,6,0,4,0,0,0,0,15,0,0,6,6,3,9,0,0,0,12,0,0,0,0,0,4,0,0,0,6,0,0,0,6,4,4,0,0,0,10,0,0,0,0,0,0,0,0,0,0,0,0,0,0,0,0,0,0,0,0,0,0,0,0,0,9,0,0,0,13,14,15,27,21,29,51,55,26,10,240
11102121606,core,0,6,8,8,8,8,7,0,0,42,0,4,10,9,5,5,0,4,0,43,0,3,4,6,7,9,14,3,0,50,0,3,9,8,10,3,0,3,0,29,0,0,8,7,5,6,6,0,0,32,0,0,0,7,8,5,0,0,0,24,0,0,0,7,7,9,0,0,0,27,0,0,0,0,4,4,0,0,0,12,0,0,0,0,0,5,0,0,0,6,0,0,0,0,0,4,3,0,0,8,37,39,76,73,73,86,63,49,15,497
11102121607,core,4,7,8,5,6,7,3,9,0,56,0,10,23,11,3,10,5,3,0,70,0,4,19,12,13,17,12,0,0,78,0,7,14,4,7,3,9,0,0,48,0,5,11,9,5,8,0,4,0,42,0,0,4,4,5,6,4,0,0,20,0,3,5,10,3,9,4,0,0,29,0,0,0,5,0,3,3,0,0,14,0,0,0,0,0,0,0,0,0,7,0,0,7,3,4,12,5,0,0,31,43,59,104,75,70,141,92,65,21,669
11102121608,core,0,10,12,7,10,3,11,7,0,73,4,8,20,11,9,14,8,0,0,69,0,13,19,21,18,10,3,0,0,76,0,5,21,9,9,9,0,0,0,54,0,3,11,15,14,4,3,0,0,47,0,0,6,11,12,5,0,0,0,43,0,0,16,16,12,7,0,0,0,55,0,0,5,4,4,0,0,0,0,8,0,0,3,7,5,3,0,0,0,14,7,4,8,17,4,11,4,4,0,55,66,64,164,154,130,98,118,66,12,879
11102121609,core,4,8,8,4,5,7,3,3,0,38,0,0,7,0,14,7,6,0,0,41,0,7,4,8,4,8,0,9,0,36,0,4,6,3,9,11,3,7,0,32,0,5,5,5,9,0,3,0,0,27,0,0,0,6,0,4,0,0,0,14,0,0,0,6,4,6,0,0,0,15,0,0,0,6,0,5,0,0,0,14,0,0,3,3,0,9,0,0,0,14,0,0,0,0,4,3,3,0,0,17,12,30,48,48,67,84,70,39,11,407
11102121610,core,0,0,3,0,7,0,3,0,0,19,0,3,6,3,0,7,6,4,0,31,0,3,5,4,5,3,9,0,0,30,0,0,0,0,3,5,0,0,0,8,0,4,0,0,5,0,0,0,0,12,0,0,3,0,3,3,3,0,0,16,0,0,0,10,7,11,0,0,0,23,0,0,0,0,4,0,0,0,0,7,0,0,0,0,0,0,0,0,0,11,0,0,0,0,4,0,7,8,0,22,27,21,29,30,54,60,69,43,5,337
11102121611,core,0,3,0,5,11,4,4,0,0,23,0,0,9,14,9,3,3,0,0,37,0,0,5,3,0,0,3,0,0,28,0,0,0,5,0,0,0,0,0,15,0,0,0,11,0,6,0,0,0,14,0,0,0,3,0,0,0,0,0,9,0,0,5,7,7,0,0,0,0,22,0,0,0,0,0,0,0,0,0,3,0,0,0,0,0,0,0,0,0,4,0,0,0,5,3,0,0,0,0,15,25,19,33,67,45,31,41,34,4,295
11102121612,core,6,3,4,11,9,7,7,8,0,48,4,5,16,9,16,12,7,3,0,72,0,0,10,10,17,13,11,5,0,67,0,3,10,4,11,12,3,5,0,54,0,3,9,8,9,7,4,4,0,36,0,0,5,4,3,10,0,0,0,22,0,0,7,16,9,8,0,0,0,43,0,0,0,0,3,0,0,0,0,10,0,0,0,0,3,3,0,0,0,10,4,5,4,5,0,4,3,6,0,26,50,31,81,81,106,97,127,73,13,673
11102121613,core,0,4,12,7,3,5,5,3,0,34,3,4,9,9,7,6,0,0,0,43,0,9,18,16,8,6,4,0,0,64,0,6,9,11,12,7,0,0,0,37,0,0,8,14,5,3,5,0,0,33,0,0,6,0,3,0,0,0,0,8,0,0,3,3,3,4,0,0,0,15,0,0,0,0,0,0,0,0,0,4,0,0,0,0,0,0,0,0,0,4,3,6,11,4,7,3,0,0,0,32,32,52,101,71,61,58,48,23,8,457
11102121614,core,0,5,5,7,3,3,4,0,0,26,5,0,3,4,3,7,3,0,0,33,0,7,6,6,7,8,0,0,0,42,0,0,5,0,9,0,0,0,0,18,0,0,0,5,0,4,0,0,0,12,0,0,4,5,0,0,0,0,0,8,0,0,3,3,3,0,0,0,0,17,0,0,0,0,0,0,0,0,0,0,0,0,0,3,0,0,0,0,0,3,0,0,0,5,3,0,0,0,0,13,28,24,43,54,43,56,29,24,3,307
11102121615,core,0,5,3,6,13,9,5,0,0,41,6,4,11,6,9,11,7,0,0,48,3,0,18,10,13,12,3,0,0,57,0,3,5,5,6,0,3,0,0,30,0,0,3,0,4,3,0,0,0,17,0,0,9,3,8,0,0,0,0,15,0,0,6,8,0,3,0,0,0,23,0,0,0,0,3,5,0,0,0,7,0,0,3,0,0,0,0,0,0,3,3,4,3,3,5,4,0,4,0,22,28,29,88,66,75,90,63,31,6,486
11102121616,core,0,3,3,4,5,8,5,0,0,34,0,3,6,4,3,0,3,0,0,27,0,3,11,13,3,6,3,6,0,44,0,0,3,0,4,3,0,0,0,14,0,0,3,0,0,8,0,0,0,12,0,0,0,3,0,3,0,0,0,15,0,0,0,5,13,9,0,0,0,29,0,0,0,0,0,0,0,0,0,3,0,0,0,0,0,0,0,0,0,3,0,0,3,0,0,0,9,11,0,25,24,20,45,41,48,68,63,54,12,373
11102121617,core,5,3,4,4,8,6,12,3,0,50,0,3,3,9,8,12,10,4,0,41,0,5,0,6,15,9,8,3,0,49,0,0,0,6,9,3,4,0,0,23,0,0,3,8,5,4,4,0,0,30,0,0,0,0,3,12,6,0,0,16,0,0,3,10,16,10,0,0,0,36,0,0,0,5,4,0,0,0,0,7,0,0,0,0,3,0,0,0,0,11,4,0,0,0,5,3,5,8,0,32,35,31,40,61,96,92,142,88,26,610
11102121701,core,0,0,0,0,0,0,4,4,5,12,0,0,0,0,0,0,0,0,4,3,0,0,0,0,0,0,0,0,0,0,0,0,0,0,0,0,0,0,0,0,0,0,0,0,0,0,0,0,0,5,0,0,0,0,0,0,0,3,0,4,0,0,0,0,0,0,0,0,0,0,0,0,0,0,0,0,0,0,0,0,0,0,0,0,0,0,0,0,0,4,0,0,0,0,0,4,5,27,54,93,0,0,0,0,3,7,45,89,127,271
11102121702,core,0,6,8,4,0,5,0,0,0,27,0,7,3,5,8,3,5,0,0,28,0,4,5,7,7,6,5,0,0,32,0,0,3,5,3,0,0,0,0,17,0,0,0,0,3,8,0,0,0,19,0,0,3,3,3,5,0,0,0,10,0,0,0,3,7,8,0,0,0,25,0,0,0,0,0,0,0,0,0,0,0,0,0,0,0,0,0,0,0,3,0,0,0,0,4,5,0,0,0,6,28,25,33,35,51,66,38,11,5,282
11102121703,core,0,0,4,3,8,0,3,0,0,16,0,3,8,0,0,0,0,0,0,17,0,0,8,0,3,0,0,0,0,22,0,0,5,7,5,0,3,0,0,19,0,0,6,4,0,0,0,0,0,12,0,0,9,0,0,0,0,0,0,7,0,0,7,3,3,0,0,0,0,13,0,0,0,0,0,0,0,0,0,4,0,0,0,0,0,0,0,0,0,0,0,0,0,0,0,0,0,0,0,3,8,19,54,28,25,5,41,10,3,191
11102121704,core,0,5,5,0,0,4,6,0,0,21,0,5,0,10,3,5,0,0,0,29,0,0,14,14,4,6,8,0,0,39,0,0,11,11,9,3,0,0,0,33,0,0,8,4,6,10,4,0,0,26,0,0,5,0,6,0,0,0,0,12,0,0,7,3,5,3,0,0,0,15,0,0,0,0,0,0,0,0,0,0,0,0,0,0,0,6,0,0,0,3,0,0,0,0,0,0,0,0,0,6,24,19,48,60,42,67,56,13,3,331
11102121705,core,0,4,3,4,7,7,5,0,0,29,0,9,18,8,5,8,7,7,0,49,0,3,11,10,11,10,0,0,0,46,0,0,13,3,8,0,0,0,0,32,0,0,14,6,0,3,0,4,0,26,0,0,0,0,5,0,0,0,0,5,0,0,4,0,3,0,0,0,0,10,0,0,0,0,0,0,0,0,0,3,0,0,0,0,0,0,0,0,0,0,0,0,0,4,3,4,4,3,0,24,20,33,88,47,59,62,43,25,9,382
11102121706,core,0,0,0,4,4,3,0,0,0,22,0,6,12,8,5,3,3,0,0,43,0,3,11,13,8,10,0,0,0,48,0,0,8,6,0,0,0,0,0,24,0,0,5,4,6,0,0,0,0,15,0,0,5,0,0,0,0,0,0,4,0,0,3,7,0,0,0,0,0,12,0,0,0,0,0,0,0,0,0,0,0,0,0,0,0,0,0,0,0,0,0,0,0,0,0,3,0,0,0,11,32,23,68,59,44,44,37,26,6,335
11102121707,core,0,6,9,3,5,0,0,0,0,31,0,0,6,5,3,4,0,0,0,19,0,5,8,5,5,3,0,0,0,25,0,0,4,4,0,0,0,0,0,9,0,0,0,3,0,0,0,0,0,8,0,0,0,0,0,0,0,0,0,3,0,0,5,0,0,0,0,0,0,0,0,0,0,0,0,0,0,0,0,0,0,0,0,0,0,0,3,0,0,3,0,0,11,5,7,3,3,5,0,40,13,17,56,37,42,49,47,18,6,286
11102121708,core,0,3,0,9,0,4,5,4,0,18,0,8,7,3,6,0,3,0,0,28,0,4,10,10,4,9,0,0,0,40,0,4,7,4,0,9,0,0,0,18,0,0,0,3,5,6,0,0,0,22,0,0,0,0,0,0,0,0,0,5,0,0,0,3,8,0,0,0,0,12,0,0,0,0,0,0,0,0,0,0,0,0,0,0,0,0,0,0,0,0,0,0,0,0,7,0,4,3,0,10,19,27,38,53,41,36,29,23,5,269
11102121709,core,0,5,3,3,4,4,0,5,0,19,0,3,6,4,4,9,5,0,0,29,0,6,3,5,10,5,6,0,0,37,0,3,6,6,7,5,0,0,0,29,0,0,0,0,3,5,0,0,0,12,0,0,4,3,3,0,0,0,0,13,0,0,8,5,8,3,0,0,0,26,0,0,0,0,0,0,0,0,0,0,0,0,0,0,0,0,0,0,0,0,0,0,0,0,0,0,5,0,0,4,24,25,49,41,44,53,43,13,0,293
11102121710,core,0,3,0,0,4,9,0,4,0,15,0,0,8,3,0,0,6,0,0,16,0,0,5,9,3,6,0,0,0,19,0,0,3,0,4,3,0,0,0,14,0,0,3,4,0,0,0,0,0,9,0,0,8,0,0,0,0,0,0,7,0,0,0,0,0,0,0,0,0,5,0,0,0,0,0,0,0,0,0,0,0,0,0,0,0,0,0,0,0,0,0,0,0,5,5,0,0,0,0,14,8,11,34,24,19,30,22,19,18,186
11102121711,core,3,10,7,9,4,4,3,0,0,37,0,6,17,10,5,6,5,0,0,52,0,5,13,9,11,0,0,0,0,44,0,0,18,8,6,4,0,0,0,40,0,0,8,13,4,6,0,0,0,33,0,0,6,5,6,0,0,0,0,22,0,0,12,6,9,5,0,0,0,26,0,0,0,0,0,0,0,0,0,0,0,0,0,0,0,0,0,0,0,0,0,0,0,0,3,0,3,3,0,17,26,44,95,83,71,57,71,26,0,471
11102121714,core,5,7,5,4,5,4,0,3,0,31,3,9,5,0,11,5,0,0,0,26,0,6,5,8,6,6,4,0,0,33,0,0,5,7,9,5,0,0,0,30,0,0,3,0,7,4,0,0,0,17,0,0,3,4,3,3,0,0,0,16,0,0,5,6,6,11,0,0,0,33,0,0,0,5,3,0,0,0,0,3,0,0,0,0,0,0,0,0,0,0,0,0,0,0,0,0,3,0,0,5,36,36,33,38,70,65,32,25,3,329
11102121718,core,0,0,0,0,0,0,0,0,0,0,0,0,0,0,0,0,0,0,0,0,0,0,0,0,0,0,0,0,0,5,0,0,0,0,0,0,0,0,0,0,0,0,0,0,0,0,0,0,0,0,0,0,0,0,0,0,0,0,0,0,0,0,0,0,0,0,0,0,0,0,0,0,0,0,0,0,0,0,0,0,0,0,0,0,0,0,0,0,0,0,0,0,0,0,0,0,0,0,0,0,4,0,9,7,0,0,0,0,0,16
11102121719,core,0,4,3,3,3,5,3,0,0,25,0,7,9,3,6,0,4,0,0,36,0,3,17,3,9,7,0,0,0,38,0,0,0,5,3,0,0,0,0,9,0,0,13,4,0,4,4,0,0,22,0,0,4,0,5,0,0,0,0,8,0,0,0,4,0,3,0,0,0,3,0,0,0,0,0,0,0,0,0,0,0,0,0,0,0,0,0,0,0,0,0,6,0,0,0,0,4,0,0,19,23,19,69,41,33,41,58,22,14,317
11102121720,core,0,0,0,0,0,3,0,3,0,8,5,0,6,5,3,4,0,0,0,25,0,5,3,3,6,0,0,0,0,20,0,0,7,0,0,0,0,0,0,9,0,0,3,0,0,0,0,0,0,3,0,0,0,4,0,0,0,0,0,6,0,0,0,3,0,0,0,0,0,7,0,0,0,0,0,0,0,0,0,0,0,0,0,0,0,0,0,0,0,0,0,7,6,0,0,4,0,3,0,17,8,19,26,21,31,28,16,14,0,164
11102121721,core,0,7,7,3,5,3,12,3,0,35,0,3,14,9,8,10,5,3,0,45,0,0,11,13,15,10,3,0,0,58,0,5,11,5,8,7,0,0,0,34,0,0,9,11,10,8,0,0,0,33,0,0,0,0,3,0,0,0,0,8,0,0,0,10,5,0,0,0,0,12,0,0,0,0,0,0,0,0,0,0,0,0,0,0,0,0,0,0,0,0,0,0,3,5,4,4,0,10,0,37,24,26,78,66,73,68,76,46,7,475
11102121722,core,0,8,0,6,6,5,4,8,0,34,0,0,7,9,8,11,0,0,0,34,0,0,14,15,11,6,0,0,0,49,0,0,10,15,7,8,0,0,0,42,0,0,12,5,4,4,0,0,0,22,0,0,3,6,6,0,0,0,0,17,0,0,9,12,4,0,0,0,0,33,0,0,0,0,0,0,0,0,0,0,0,0,0,0,0,0,0,0,0,0,4,3,0,0,8,0,0,0,0,13,37,39,75,68,72,48,47,17,9,403
11102121723,core,0,4,8,3,5,9,4,4,0,42,0,5,18,9,6,5,10,0,0,52,0,0,21,9,12,13,4,0,0,52,0,0,10,11,9,4,0,0,0,31,0,0,6,3,11,0,0,0,0,21,0,0,7,3,0,3,0,0,0,8,0,0,5,0,4,8,0,0,0,19,0,0,0,0,0,0,0,0,0,0,0,0,0,0,0,0,0,0,0,0,0,0,6,0,3,0,0,0,0,10,41,22,78,55,66,57,65,22,6,417
11102121724,core,0,0,0,3,5,0,0,0,0,18,3,3,3,6,4,0,7,0,0,32,0,0,9,0,10,4,0,0,0,24,0,3,3,3,11,0,0,0,0,29,0,0,0,4,12,5,0,0,0,21,0,0,8,13,8,6,0,0,0,20,0,0,3,10,16,8,0,0,0,39,0,0,0,3,0,0,0,0,0,10,0,0,0,3,5,0,0,0,0,7,0,0,0,0,0,0,4,0,0,10,35,25,33,60,77,43,34,11,0,320
11102121727,core,0,0,0,3,0,0,0,0,0,9,0,3,4,3,0,0,0,0,0,18,0,0,14,0,0,0,0,0,0,17,0,0,9,0,3,3,0,0,0,21,0,3,6,4,0,0,0,0,0,13,0,0,0,0,0,0,0,0,0,3,0,0,11,0,3,0,0,0,0,16,0,0,0,0,0,0,0,0,0,0,0,0,0,0,0,0,0,0,0,0,0,0,5,0,0,0,0,0,0,3,8,20,46,21,20,13,8,0,0,127
11102121729,core,0,5,7,11,7,3,6,4,0,38,4,7,4,3,11,7,0,3,0,38,0,3,6,6,11,9,3,0,0,35,0,6,5,5,10,6,5,0,0,34,0,0,4,7,14,0,0,0,0,21,0,0,0,9,9,0,0,0,0,20,0,0,5,7,22,8,0,0,0,35,0,0,0,0,5,0,0,0,0,5,0,0,0,0,0,0,0,0,0,4,0,0,0,0,0,6,0,7,0,7,39,30,29,50,82,52,45,29,10,358
11102121730,core,5,4,4,0,0,5,5,0,0,25,0,6,6,3,6,4,5,0,0,30,0,5,8,5,4,6,0,0,0,32,0,0,0,5,9,3,0,0,0,17,0,0,4,3,5,8,0,0,0,13,0,0,0,4,4,5,0,0,0,8,0,0,4,8,3,9,0,0,0,17,0,0,0,0,0,0,0,0,0,4,0,0,0,0,0,5,0,0,0,4,0,0,0,0,0,0,0,0,0,6,34,21,40,35,44,58,33,11,7,280
11102121731,core,6,8,0,3,5,4,0,4,0,24,0,4,0,13,9,8,0,3,0,34,0,4,4,0,17,3,0,0,0,29,0,0,7,6,12,3,3,0,0,29,0,0,4,8,7,8,0,0,0,23,0,0,0,0,6,6,0,0,0,14,0,0,5,8,10,0,0,0,0,28,0,0,0,4,6,0,0,0,0,4,0,0,0,0,5,4,0,0,0,5,0,0,0,0,0,0,0,0,0,10,25,28,37,48,88,66,54,21,6,361
11102121732,core,5,0,0,8,6,0,6,4,0,30,0,8,14,11,6,6,0,0,0,42,0,3,8,24,12,11,6,0,0,55,0,0,7,14,13,5,0,0,0,40,0,0,10,21,17,6,0,0,0,43,0,0,11,8,8,0,0,0,0,31,0,0,8,18,27,9,0,0,0,49,0,0,0,8,0,0,0,0,0,12,0,0,0,5,4,0,0,0,0,8,5,0,0,5,4,0,0,0,0,11,74,33,60,128,109,54,37,7,5,505
11102121734,core,0,0,0,0,0,0,0,0,0,0,0,0,0,0,0,0,0,0,0,0,0,0,0,0,0,0,0,0,0,0,0,0,0,0,0,0,0,0,0,0,0,0,0,0,0,0,0,0,0,0,0,0,0,0,0,0,0,0,0,0,0,0,0,0,0,0,0,0,0,0,0,0,0,0,0,0,0,0,0,0,0,0,0,0,0,0,0,0,0,0,0,0,0,0,0,0,0,0,0,0,0,0,0,0,0,0,0,0,0,0
11102121736,core,7,9,12,4,6,0,0,5,0,34,0,0,6,3,3,4,0,0,0,17,0,3,11,13,6,0,0,0,0,32,0,0,6,14,7,8,0,0,0,29,0,0,9,9,10,3,0,0,0,31,0,0,10,8,6,0,0,0,0,25,0,0,4,14,13,5,0,0,0,33,0,0,0,0,0,0,0,0,0,0,0,0,0,4,8,0,0,0,0,8,4,0,5,0,4,0,0,0,0,7,49,24,55,84,76,40,13,13,0,352
11102121737,core,0,4,0,3,8,3,0,0,0,18,0,3,7,16,6,0,0,0,0,39,0,3,0,5,9,4,0,4,0,32,0,0,3,6,7,0,0,0,0,20,0,0,10,9,3,0,0,0,0,23,0,0,3,11,11,4,0,0,0,28,0,0,11,19,11,5,0,0,0,47,0,0,0,9,0,0,0,0,0,7,0,0,0,0,9,0,0,0,0,6,0,0,0,6,0,0,0,0,0,5,35,14,61,90,69,25,10,5,3,316
11102121738,core,0,10,16,0,3,3,0,0,0,28,0,7,0,6,5,3,0,0,0,18,0,5,3,3,6,0,0,0,0,25,0,4,9,11,0,4,4,0,0,33,0,0,4,8,3,0,0,0,0,18,0,0,8,4,0,4,0,0,0,17,0,0,7,22,6,0,3,0,0,35,0,0,0,0,0,0,0,0,0,5,0,0,0,5,0,0,0,0,0,6,5,0,0,0,4,0,5,0,0,9,40,29,63,74,43,27,24,5,0,309
11102121739,core,0,0,0,0,0,0,0,0,0,0,0,0,0,0,0,0,0,0,0,0,0,0,0,0,0,0,0,0,0,0,0,0,0,0,0,0,0,0,0,0,0,0,0,0,0,0,0,0,0,0,0,0,0,0,0,0,0,0,0,0,0,0,0,0,0,0,0,0,0,0,0,0,0,0,0,0,0,0,0,0,0,0,0,0,0,0,0,0,0,0,0,0,0,0,0,0,0,0,0,0,0,4,0,0,0,0,0,0,0,4
11102121740,core,0,8,3,8,7,0,0,3,0,34,0,3,16,5,3,0,0,0,0,31,0,0,19,21,4,4,0,0,0,55,0,0,4,15,12,5,0,0,0,37,0,0,4,12,7,8,0,0,0,29,0,0,7,18,4,0,0,0,0,37,0,0,5,21,5,4,0,0,0,36,0,0,0,3,5,0,0,0,0,6,0,0,0,0,0,4,0,0,0,3,0,0,4,0,0,0,5,0,0,4,33,33,82,111,65,37,26,4,0,396
11102121741,core,0,3,0,12,9,0,0,0,0,28,0,8,9,16,3,3,0,0,0,41,0,8,20,11,7,0,0,0,0,49,0,3,17,15,12,3,0,0,0,49,0,0,7,13,8,4,0,0,0,39,0,0,11,7,0,6,0,0,0,27,0,0,13,19,7,3,0,0,0,52,0,0,0,3,0,0,0,0,0,5,0,0,0,5,0,0,0,0,0,5,0,0,4,4,0,4,0,0,0,14,36,43,102,130,64,35,18,0,0,420
11102121742,core,0,0,0,0,0,0,0,0,0,0,0,0,0,0,0,0,0,0,0,0,0,0,0,0,0,0,0,0,0,0,0,0,0,0,0,0,0,0,0,0,0,0,0,0,0,0,0,0,0,0,0,0,0,0,0,0,0,0,0,0,0,0,0,0,0,0,0,0,0,0,0,0,0,0,0,0,0,0,0,0,0,0,0,0,0,0,0,0,0,0,0,0,0,0,0,0,0,0,0,0,0,0,0,0,0,0,0,0,0,0
11102121743,core,5,3,8,9,3,0,0,0,0,31,0,12,15,8,9,5,3,0,0,47,0,7,22,16,9,0,0,0,0,55,0,5,13,20,8,8,0,0,0,56,0,0,18,13,6,4,0,0,0,42,0,0,13,15,7,0,0,0,0,41,0,0,22,30,17,4,0,0,0,78,0,0,5,8,0,0,0,0,0,18,0,0,3,7,0,0,0,0,0,10,3,3,7,3,0,0,0,0,0,19,43,41,153,156,79,43,16,8,0,537
11102121744,core,0,3,3,6,6,6,0,0,0,20,0,3,6,5,3,0,0,0,0,19,0,0,21,14,7,3,0,0,0,39,0,4,6,7,3,6,0,0,0,19,0,0,5,15,3,0,0,0,0,26,0,0,6,11,0,6,0,0,0,23,0,0,11,22,9,0,0,0,0,36,0,0,5,4,6,0,0,0,0,11,0,0,0,0,0,0,0,0,0,7,0,0,0,3,3,0,0,0,0,11,19,25,76,92,44,30,15,5,0,299
11102121745,core,0,5,5,3,3,0,6,0,0,22,0,4,9,8,8,0,0,0,0,32,0,0,9,11,6,8,0,0,0,33,0,0,6,11,9,3,0,0,0,31,0,0,7,12,10,3,0,0,0,24,0,0,3,11,12,3,3,0,0,30,0,0,5,23,9,3,0,0,0,36,0,0,0,3,0,0,0,0,0,9,0,0,0,6,3,3,0,0,0,12,0,0,0,0,0,0,4,0,0,10,46,26,48,101,65,41,22,6,0,354
11102121746,core,0,6,8,7,8,0,0,6,0,37,0,14,28,23,5,4,0,0,0,71,0,11,39,22,17,3,0,0,0,94,0,5,27,19,8,0,0,0,0,68,0,3,32,21,5,8,0,0,0,72,0,0,9,17,0,0,0,0,0,34,0,3,26,42,10,4,0,0,0,95,0,0,7,8,0,0,0,0,0,14,0,0,0,10,0,0,0,0,0,14,4,4,13,9,4,0,0,0,0,31,29,75,224,192,84,51,20,9,0,689
11102121747,core,0,5,6,0,3,8,0,4,4,27,0,7,3,0,9,10,0,0,0,41,0,0,9,5,5,4,0,0,6,27,0,0,0,5,4,6,0,0,0,20,0,0,8,7,7,5,0,0,0,28,0,0,4,0,0,5,0,0,0,10,0,0,3,4,3,0,0,0,0,11,0,0,0,0,0,0,0,0,0,0,0,0,0,0,0,0,0,0,0,0,0,0,0,5,0,3,0,9,0,16,24,14,52,48,38,51,40,48,25,337
11102121748,core,0,0,0,3,4,4,0,0,0,15,0,0,0,0,4,0,3,0,0,19,0,0,4,7,5,3,0,0,0,17,0,0,0,4,0,0,0,0,0,4,0,0,0,7,7,0,0,0,0,14,0,0,0,0,8,0,0,0,0,14,0,0,5,7,10,4,0,0,0,29,0,0,0,0,4,0,0,0,0,6,0,0,0,0,9,3,0,0,0,14,0,0,0,0,0,5,12,45,54,108,31,7,21,52,51,30,31,54,51,323
11102121749,core,0,0,6,17,7,3,5,0,0,36,0,3,25,10,7,5,0,0,0,50,0,6,23,24,7,7,0,0,0,63,0,0,18,23,10,0,0,0,0,53,0,0,12,28,4,0,3,0,0,46,0,0,9,24,11,3,0,0,0,47,0,0,26,29,6,0,0,0,0,68,0,0,7,9,8,0,0,0,0,16,0,0,7,4,0,4,0,0,0,17,0,4,10,14,0,0,0,0,0,22,31,28,157,192,68,37,28,6,0,544
11102121750,core,0,5,7,3,5,0,0,0,0,21,0,10,16,10,5,6,4,0,0,47,0,9,20,5,13,7,0,0,0,45,0,4,12,9,10,4,0,0,0,35,0,0,8,14,0,0,3,0,0,27,0,0,6,5,0,5,0,0,0,21,0,0,12,16,4,5,0,0,0,31,0,0,0,0,0,0,0,0,0,0,0,0,0,0,0,0,0,0,0,4,0,5,8,4,4,3,3,5,0,24,32,43,106,76,65,48,38,26,6,436
11102121801,core,0,5,7,4,3,3,3,4,0,31,0,0,3,4,10,6,0,0,0,22,0,4,12,8,5,0,6,0,0,27,0,0,7,5,5,3,0,0,0,30,0,0,0,5,11,4,0,0,0,25,0,0,7,8,10,6,0,0,0,33,0,0,3,7,16,7,0,0,0,37,0,0,0,0,7,0,0,0,0,9,0,0,4,0,6,0,0,0,0,14,0,0,0,0,0,0,3,4,0,9,55,34,59,48,77,55,51,23,3,400
11102121803,core,3,10,7,3,3,3,4,0,0,44,0,10,4,6,5,4,0,4,0,26,0,6,0,6,11,0,4,0,0,36,0,0,0,8,6,5,0,4,0,15,0,3,0,0,6,7,0,0,0,15,0,0,0,6,4,0,0,0,0,11,0,0,0,7,7,3,4,0,0,21,0,0,0,0,0,0,0,0,0,0,0,0,0,0,0,5,0,0,0,3,4,4,0,6,5,4,5,0,0,21,20,34,20,46,64,52,43,32,0,311
11102121804,core,0,0,0,0,0,0,0,0,0,0,0,0,0,0,0,0,0,0,0,0,0,0,0,0,0,0,0,0,0,8,0,0,0,0,0,0,0,0,0,0,0,0,0,0,0,0,0,0,0,0,0,0,0,0,0,0,0,0,0,0,0,0,0,0,0,0,0,0,0,0,0,0,0,0,0,0,0,0,0,0,0,0,0,0,0,0,0,0,0,0,0,0,0,0,0,0,0,0,0,0,0,0,0,4,0,3,6,0,0,16
11102121805,core,0,6,12,0,3,8,3,0,0,31,0,0,0,5,7,4,3,0,0,23,0,0,6,0,8,0,3,0,0,24,0,0,7,3,9,0,0,0,0,22,0,0,0,0,0,3,0,0,0,10,0,0,3,0,0,3,0,0,0,7,0,0,0,0,12,3,0,0,0,21,0,0,0,0,0,0,0,0,0,3,0,0,0,0,0,0,0,0,0,0,0,0,0,0,0,0,0,0,0,3,24,22,48,27,41,39,30,13,7,247
11102121807,core,0,0,3,0,5,0,0,3,0,18,0,0,5,0,0,10,0,0,0,14,0,0,5,0,0,3,6,0,0,18,0,0,0,0,0,3,0,0,0,7,0,0,0,0,0,0,0,0,0,4,0,0,0,3,0,0,0,0,0,4,0,0,0,0,0,0,0,0,0,0,0,0,0,4,0,0,0,0,0,4,0,0,0,0,0,3,0,0,0,3,0,0,5,0,0,0,0,0,0,13,12,0,28,22,13,42,33,8,7,160
11102121809,core,4,9,11,7,9,4,7,4,0,52,0,7,7,6,15,4,0,3,0,42,0,11,17,5,6,13,5,0,0,57,0,3,15,9,8,0,0,0,0,36,0,4,13,8,6,5,0,0,0,30,0,0,6,5,5,5,0,0,0,21,0,0,9,12,4,3,0,0,0,38,0,0,0,3,0,0,0,0,0,3,0,0,0,0,3,4,0,0,0,4,0,0,0,0,0,9,7,23,46,84,26,45,90,68,75,69,63,91,102,629
11102121810,core,0,5,0,0,4,0,0,0,0,16,0,0,0,0,8,0,0,0,0,13,0,0,0,4,5,0,3,0,0,16,0,0,3,3,0,0,0,0,0,12,0,0,0,0,4,0,0,0,0,9,0,0,0,5,3,0,3,0,0,13,0,0,0,4,3,5,0,0,0,23,0,0,0,0,0,0,0,0,0,3,0,0,0,0,4,0,0,0,0,3,0,0,8,5,0,0,3,0,0,12,15,19,19,36,48,35,32,13,6,230
11102121811,core,0,3,7,4,8,3,3,3,0,36,0,6,5,4,3,8,4,0,0,31,0,0,14,8,8,0,3,0,0,39,0,0,5,0,4,3,0,0,0,21,0,0,3,5,6,0,3,5,0,27,0,0,0,8,3,3,0,0,0,15,0,0,4,0,4,3,3,0,0,23,0,0,0,0,0,0,0,0,0,3,0,0,0,0,0,0,0,0,0,0,0,4,8,0,4,10,3,4,3,34,26,29,63,45,64,59,49,31,4,365
11102121812,core,0,8,0,9,9,7,12,10,4,61,0,16,4,6,15,8,9,12,4,68,0,10,7,3,15,12,10,9,0,62,0,0,8,11,8,11,0,3,0,43,0,0,3,0,11,0,0,0,0,22,0,0,0,6,3,4,0,0,0,18,0,0,5,17,7,12,0,0,0,41,0,0,0,0,0,0,0,0,0,3,0,0,0,6,5,0,0,5,0,14,0,4,4,4,4,5,18,12,3,56,40,47,46,69,92,111,202,171,41,818
11102121813,core,0,0,0,3,8,5,0,0,0,12,0,4,0,0,0,4,0,0,0,18,0,0,0,0,0,0,0,0,0,8,0,0,0,3,3,0,0,0,0,11,0,0,3,4,3,6,0,0,0,11,0,0,0,4,4,4,0,0,0,16,0,0,0,7,7,3,0,0,0,12,0,0,0,0,0,0,0,0,0,0,0,0,0,0,0,0,0,0,0,6,4,0,0,0,0,0,0,0,0,11,16,14,18,34,36,42,30,9,0,198
11102121814,core,0,7,4,5,3,9,0,9,0,34,0,8,5,5,7,3,3,0,0,38,0,3,9,10,6,7,0,0,0,39,0,0,6,8,8,3,0,0,0,30,0,0,3,3,9,3,0,0,0,22,0,0,0,3,3,4,0,0,0,19,0,0,5,12,6,3,3,0,0,29,0,0,0,4,0,0,0,0,0,9,0,0,0,0,0,0,0,0,0,0,0,4,9,4,0,3,8,0,0,23,35,37,77,67,76,66,48,29,15,446
11102121815,core,3,3,0,0,0,11,0,5,0,18,0,5,3,6,8,0,3,0,0,16,0,0,5,9,9,10,10,0,0,30,0,4,0,0,3,0,0,0,0,13,0,0,0,0,8,6,0,0,0,13,0,0,3,0,3,0,0,0,0,8,0,0,0,4,0,3,0,0,0,12,0,0,0,0,0,0,0,0,0,0,0,0,0,0,0,0,0,0,0,0,0,4,0,3,0,3,0,0,0,8,24,21,29,25,38,44,40,9,4,232
11102121816,core,0,3,9,4,4,5,4,4,0,33,0,0,4,4,6,4,0,0,0,24,0,5,6,0,8,6,0,0,0,40,0,0,0,0,13,7,3,0,0,27,0,0,4,0,10,5,0,0,0,19,0,0,0,4,3,3,0,0,0,13,0,0,9,4,6,4,0,0,0,24,0,0,0,4,0,0,0,0,0,4,0,0,0,0,6,0,0,0,0,3,6,3,4,5,5,5,5,3,0,42,30,27,43,44,81,71,42,27,7,376
11102121817,core,0,0,0,0,0,0,0,0,0,0,0,0,0,0,0,0,0,0,0,0,0,0,0,0,0,0,0,0,0,0,0,0,0,0,0,0,0,0,0,0,0,0,0,0,0,0,0,0,0,0,0,0,0,0,0,0,0,0,0,0,0,0,0,0,0,0,0,0,0,0,0,0,0,0,0,0,0,0,0,0,0,0,0,0,0,0,0,0,0,0,0,0,0,0,0,0,0,0,0,0,0,0,0,0,3,0,0,0,0,4
11102121819,core,4,0,4,4,0,0,4,3,0,24,4,0,4,0,3,5,3,3,0,27,0,0,0,11,0,6,3,0,0,25,0,0,0,3,3,11,0,0,0,20,0,0,0,0,5,7,0,0,0,8,0,0,0,4,0,5,0,0,0,7,0,0,0,0,5,3,0,0,0,8,0,0,0,0,0,0,0,0,0,0,0,0,0,7,0,5,0,0,0,7,3,3,0,4,5,0,0,0,0,25,13,12,20,42,22,68,36,31,14,258
11102121820,core,0,0,0,0,0,0,7,6,0,13,0,0,5,0,0,4,5,0,0,13,0,0,0,0,3,3,7,3,0,20,0,0,4,0,0,0,0,4,0,10,0,0,0,0,4,0,0,0,0,10,0,0,0,0,0,0,0,0,0,3,0,0,0,5,3,9,4,0,0,16,0,0,0,0,0,5,0,0,0,9,0,0,0,0,0,4,0,3,0,9,0,0,0,0,0,0,6,0,0,9,13,9,15,9,22,38,49,48,3,208
11102121822,core,3,3,6,5,6,9,12,10,0,54,4,5,12,6,3,8,5,5,0,44,0,0,13,11,8,11,3,0,0,52,0,0,9,3,8,5,11,0,0,37,0,0,0,0,3,0,3,6,0,15,0,0,3,4,7,4,3,0,0,22,0,0,3,9,5,4,8,0,0,31,0,0,0,0,0,0,3,0,0,9,0,0,0,0,0,7,0,0,0,8,0,0,8,0,0,0,8,7,0,18,26,24,72,43,66,91,109,65,15,504
11102121823,core,7,5,4,0,0,4,0,0,0,20,0,3,5,0,3,3,4,4,0,23,0,9,8,9,4,0,0,0,0,29,0,4,3,4,5,5,0,0,0,23,0,0,0,4,8,3,0,4,0,18,0,0,6,0,4,4,0,4,0,16,0,0,5,5,5,3,0,0,0,15,0,0,0,0,0,0,0,0,0,5,0,0,0,0,0,0,0,0,0,0,0,5,10,3,4,6,5,0,0,28,16,28,42,32,37,55,41,29,9,286
11102121824,core,0,0,3,9,8,0,0,0,0,17,0,3,0,0,0,3,4,0,0,14,0,0,0,0,5,3,0,0,0,12,0,0,3,4,4,0,0,0,0,14,0,0,0,0,5,0,4,0,0,9,0,0,0,4,6,0,0,0,0,7,0,0,0,0,0,3,0,0,0,8,0,0,0,0,0,0,0,0,0,0,0,0,0,0,0,0,0,0,0,3,0,0,0,0,0,0,0,0,0,10,14,25,21,31,27,19,22,8,0,168
11102121825,core,3,5,5,7,0,6,5,0,0,31,0,4,4,0,4,11,4,8,0,31,0,0,3,3,5,5,7,0,0,31,0,0,3,3,3,5,11,0,0,18,0,0,0,4,0,0,0,0,0,12,0,0,0,0,3,7,5,0,0,17,0,0,0,0,6,10,3,0,0,22,0,0,0,0,0,0,4,0,0,3,0,0,0,3,5,3,4,0,0,15,0,0,0,0,0,0,3,4,0,12,21,22,32,38,47,78,82,24,12,348
11102121827,core,0,0,3,4,4,9,0,8,0,24,0,3,0,0,4,4,3,0,5,18,0,0,0,0,5,0,6,0,0,11,0,3,0,0,3,3,0,4,0,11,0,0,4,0,0,4,0,0,0,14,0,0,0,0,0,0,0,0,0,5,0,0,0,0,3,0,0,0,0,6,0,0,0,0,0,0,0,0,0,0,0,0,0,0,0,0,0,0,0,0,0,0,3,3,0,0,11,17,9,52,10,12,24,12,31,53,121,98,48,404
11102121828,core,0,4,0,6,5,3,4,4,0,27,0,4,0,9,6,11,0,0,0,27,0,0,6,4,7,0,6,0,0,18,0,0,0,4,8,0,0,0,0,21,0,3,0,0,10,5,0,0,0,16,0,0,0,3,0,4,0,0,0,9,0,0,5,4,8,7,0,0,0,24,0,0,0,4,0,0,0,0,0,3,0,0,0,0,0,0,0,0,0,3,5,0,0,0,3,0,0,0,0,12,27,33,18,44,56,51,49,27,3,310
11102121829,core,0,0,3,0,3,0,0,0,0,5,0,5,4,0,3,0,0,0,0,18,0,0,3,0,0,3,5,0,0,14,0,0,4,0,5,0,0,0,0,3,0,0,0,0,0,0,0,0,0,6,0,0,0,4,0,0,0,0,0,6,0,0,0,0,0,0,0,0,0,5,0,0,0,0,0,0,0,0,0,0,0,0,0,0,0,0,0,0,0,0,0,0,0,0,0,3,0,0,0,0,3,18,31,20,20,27,18,14,3,157
11102121830,core,0,0,0,0,0,0,0,13,9,26,0,0,0,0,0,0,0,12,9,20,0,0,0,0,0,0,0,5,5,8,0,0,0,0,0,0,0,5,0,8,0,0,0,0,0,0,0,6,8,15,0,0,0,0,0,0,0,0,0,3,0,0,0,0,0,0,0,0,0,0,0,0,0,0,0,0,0,0,0,0,0,0,0,0,0,0,0,8,0,5,0,0,0,0,0,0,3,11,7,24,0,0,0,0,0,9,43,180,107,337
11102121831,core,0,0,4,0,0,9,0,14,3,30,0,0,3,0,0,0,10,0,0,20,0,3,0,0,5,3,0,0,0,13,0,0,0,0,3,3,0,0,0,8,0,0,0,0,0,0,0,0,0,6,0,0,0,3,0,0,0,0,0,3,0,0,0,4,3,0,0,0,0,9,0,0,0,0,0,0,0,0,0,0,0,0,0,0,0,0,0,0,0,5,0,0,3,0,6,3,24,79,132,253,10,12,18,13,23,58,93,153,161,541
11102121832,core,0,0,0,0,0,3,0,11,8,23,0,4,10,0,0,0,0,0,7,24,0,0,5,3,3,0,0,0,0,13,0,0,0,0,0,0,3,0,0,7,0,0,0,0,5,0,0,0,0,6,0,0,0,4,0,0,0,0,0,5,0,0,0,3,0,0,0,0,0,5,0,0,0,0,0,0,0,0,0,0,0,0,0,0,0,0,0,0,0,0,0,0,0,0,0,0,3,33,78,122,22,38,17,21,13,10,23,96,134,373
11102121833,core,0,3,8,0,0,6,3,0,0,22,0,3,3,9,4,0,0,0,0,21,0,0,6,4,0,3,4,0,0,20,0,0,6,7,5,4,0,0,0,19,0,0,5,8,4,3,0,0,0,22,0,0,4,5,3,3,0,0,0,15,0,0,0,7,4,6,0,0,0,18,0,0,0,0,0,0,0,0,0,0,0,0,0,0,0,0,0,0,0,5,0,0,3,0,0,0,0,5,0,16,18,14,46,44,25,41,46,17,0,261
11102121835,core,0,5,4,4,4,4,10,0,0,27,0,0,3,8,6,7,0,3,0,34,0,0,0,6,4,6,3,0,0,18,0,0,7,5,0,9,0,0,0,25,0,0,3,4,4,6,0,0,0,19,0,0,0,0,8,0,0,0,0,9,0,0,0,10,6,4,0,0,0,14,0,0,0,0,0,0,0,0,0,0,0,0,0,0,0,0,0,0,0,0,0,0,3,11,3,3,0,5,0,24,28,23,47,75,69,64,48,28,16,399
11102121836,core,0,0,3,5,4,3,0,0,0,26,0,7,10,5,7,3,4,0,0,27,0,4,9,5,3,3,4,0,0,25,0,0,5,3,0,0,0,0,0,17,0,0,11,3,6,0,5,0,0,24,0,0,0,4,3,0,0,0,0,6,0,0,4,4,4,7,0,0,0,19,0,0,0,0,0,0,0,0,0,0,0,0,0,0,0,0,0,0,0,3,0,0,4,6,0,0,0,4,0,17,9,29,45,37,47,49,41,23,3,290
11102121837,core,4,5,7,8,10,6,8,3,0,46,0,7,19,14,8,12,3,0,0,61,0,10,29,15,3,13,9,0,0,74,0,0,16,14,7,8,0,0,0,46,0,0,15,9,5,8,0,4,0,38,0,0,11,10,10,4,0,0,0,40,0,0,19,8,12,8,0,0,0,50,0,0,4,0,3,0,0,0,0,7,0,0,0,0,0,0,0,0,0,4,0,4,6,6,0,4,0,4,0,16,52,28,147,110,72,76,83,51,5,633
11102121838,core,0,4,0,4,0,8,0,0,0,11,0,0,3,0,0,3,0,0,0,13,0,0,0,0,0,0,0,0,0,0,0,3,0,0,0,0,0,0,0,6,0,0,0,0,0,0,0,0,0,3,0,0,0,0,0,0,4,0,0,3,0,0,0,0,0,0,0,0,0,3,0,0,0,0,0,0,0,0,0,0,0,0,0,0,0,0,0,0,0,0,5,0,0,0,0,4,0,0,0,11,5,7,17,14,15,23,15,4,5,98
11102121839,core,0,5,4,4,0,3,0,0,0,24,0,0,7,4,5,6,0,0,0,29,0,4,3,7,3,3,0,0,0,22,0,0,0,0,3,3,0,0,0,10,0,0,0,3,4,6,0,0,0,8,0,0,0,3,0,0,0,0,0,4,0,0,0,3,10,5,0,0,0,16,0,0,0,0,0,0,0,0,0,0,0,0,0,0,0,0,0,0,0,0,0,0,0,3,0,0,3,3,0,7,25,14,29,42,43,42,34,12,5,243
11102121840,core,0,4,3,0,4,3,0,0,0,26,0,8,5,0,9,3,0,0,0,24,0,6,12,3,10,8,0,0,0,41,0,0,5,6,9,6,0,0,0,31,0,0,4,6,8,4,0,0,0,18,0,0,6,0,3,0,0,0,0,8,0,0,0,3,4,3,0,0,0,15,0,0,0,0,4,0,0,0,0,5,0,0,0,0,0,0,0,0,0,0,0,3,3,0,4,3,4,0,0,24,26,40,52,45,57,73,29,14,5,335
11102121841,core,0,3,3,8,4,0,4,5,0,27,0,0,0,4,3,4,3,0,0,17,0,5,7,0,0,7,0,0,0,24,0,0,4,3,0,9,5,0,0,17,0,0,4,3,0,7,0,4,0,16,0,0,0,3,3,0,0,0,0,9,0,0,0,0,3,10,0,0,0,21,0,0,3,0,0,3,0,0,0,5,0,0,0,0,0,0,0,0,0,3,0,0,0,0,0,3,3,0,0,15,10,23,36,31,38,72,40,22,6,282
11102121842,core,4,0,7,0,0,0,7,7,8,33,0,4,7,5,8,5,3,9,12,36,0,3,3,4,3,5,3,5,3,30,0,0,9,5,5,0,0,0,0,24,0,0,0,5,4,0,3,0,0,15,0,0,0,0,0,0,0,0,0,6,0,0,3,0,3,4,4,0,0,14,0,0,0,4,0,0,0,0,0,4,0,0,0,0,0,0,0,0,0,4,0,0,0,4,0,5,8,17,35,67,22,19,42,41,51,52,70,104,107,504
11102121843,core,5,0,3,6,3,4,0,0,0,17,0,8,4,0,5,3,4,0,0,17,0,3,0,0,3,3,3,0,0,14,0,0,0,0,3,7,0,0,0,9,0,0,0,0,5,0,0,0,0,8,0,0,0,9,5,0,0,0,0,19,0,0,0,6,9,5,0,0,0,21,0,0,0,0,0,0,0,0,0,0,0,0,0,0,0,0,0,0,0,4,3,0,3,0,0,0,0,0,0,8,22,24,26,21,37,39,18,10,5,203
11102121844,core,0,0,0,0,0,0,0,0,0,4,0,0,0,0,3,0,0,0,0,3,0,0,0,0,0,0,0,0,0,0,0,0,0,0,0,0,0,0,0,3,0,0,0,0,0,0,0,0,0,0,0,0,0,0,0,0,0,0,0,0,0,0,0,0,0,0,0,0,0,0,0,0,0,0,0,0,0,0,0,0,0,0,0,0,0,0,0,0,0,0,0,0,0,0,0,0,0,0,0,6,5,4,0,4,10,3,0,0,0,35
11102121845,core,0,0,0,0,0,0,0,0,0,0,0,0,0,0,0,0,0,0,0,0,0,0,0,0,0,0,0,0,0,0,0,0,0,0,0,0,0,0,0,0,0,0,0,0,0,0,0,0,0,0,0,0,0,0,0,0,0,0,0,0,0,0,0,0,0,0,0,0,0,0,0,0,0,0,0,0,0,0,0,0,0,0,0,0,0,0,0,0,0,0,0,0,0,0,0,0,0,0,0,0,0,0,0,0,0,0,0,0,0,0
11102121846,core,0,0,7,4,4,0,5,4,0,28,0,0,10,7,4,6,0,0,0,31,0,3,10,11,10,0,3,0,0,40,0,0,17,12,8,3,0,0,0,40,0,0,10,16,9,6,0,0,0,39,0,0,9,16,6,0,0,0,0,37,0,0,11,12,9,7,0,0,0,44,0,0,0,0,0,0,0,0,0,12,0,0,0,4,4,0,0,0,0,6,0,0,3,0,0,0,0,3,0,17,39,22,103,111,62,41,29,20,4,435
11102121847,core,0,0,4,6,5,0,3,0,0,24,0,0,4,6,5,8,0,0,0,18,0,0,0,0,3,0,0,0,0,12,0,5,8,4,0,0,0,0,0,17,0,0,8,0,8,3,3,0,0,16,0,0,5,3,5,4,0,0,0,21,0,0,0,6,0,0,0,0,0,13,0,0,0,0,0,0,0,0,0,0,0,0,0,0,0,0,0,0,0,0,0,0,0,0,0,0,6,0,0,7,11,16,31,35,28,31,38,17,6,219
11102121848,core,0,0,0,0,0,0,3,0,0,11,0,0,0,0,0,0,5,0,0,10,0,4,0,0,0,0,6,5,0,14,0,0,0,0,0,3,5,0,0,4,0,0,0,0,0,0,0,0,0,7,0,0,0,3,0,0,0,0,0,10,0,0,0,0,10,8,4,0,0,23,0,0,0,0,3,0,0,0,0,4,0,0,0,0,6,0,0,3,0,9,0,0,0,0,0,0,3,4,0,13,10,13,5,15,27,42,59,31,3,199
11102121849,core,0,6,3,4,3,9,3,7,0,39,0,4,17,3,5,9,3,0,0,53,0,0,19,5,21,14,6,3,0,62,0,3,11,6,5,7,4,0,0,38,0,5,10,8,10,6,0,0,0,30,0,0,0,9,4,7,0,0,0,20,0,0,3,10,9,6,0,0,0,26,0,0,0,0,0,0,0,0,0,8,0,0,0,0,0,5,0,0,0,5,0,0,0,0,0,0,0,0,0,7,33,39,90,59,84,90,57,30,8,487
11102121850,core,0,0,8,3,6,0,3,3,0,35,0,7,17,7,3,5,0,0,0,44,0,6,20,16,8,3,0,0,0,57,0,5,22,20,4,16,5,0,0,73,0,3,10,11,5,0,0,0,0,41,0,0,16,7,11,0,4,0,0,32,0,0,12,16,14,4,0,0,0,38,0,0,5,0,3,0,0,0,0,6,0,0,3,3,0,4,0,0,0,3,0,0,4,0,0,0,0,0,0,10,24,35,137,105,55,49,32,15,0,448
11102121851,core,0,0,0,0,0,0,0,0,0,3,0,0,3,0,0,0,4,0,0,6,0,0,0,0,6,0,6,0,0,11,0,0,0,0,0,0,0,0,0,5,0,0,0,0,3,4,0,0,0,9,0,0,0,0,0,0,0,0,0,0,0,0,0,4,0,0,0,0,0,5,0,0,0,0,0,0,0,0,0,3,0,0,0,0,0,0,0,0,0,0,0,3,0,0,3,0,0,0,0,4,0,6,5,8,17,15,14,8,3,76
11102121852,core,0,4,4,0,0,4,15,10,3,38,0,5,3,0,9,4,8,3,0,33,0,3,5,5,8,3,6,0,0,29,0,0,5,7,3,3,3,0,0,19,0,0,3,0,0,0,0,0,0,8,0,0,0,0,0,0,0,0,0,8,0,0,3,3,6,0,0,0,0,12,0,0,0,0,0,0,0,0,0,0,0,0,0,0,0,0,0,0,0,4,0,3,8,0,3,8,3,9,7,38,23,21,42,33,45,41,103,67,29,401
11102121853,core,4,3,3,4,3,3,5,3,0,25,0,9,10,3,0,0,0,0,3,32,3,4,19,0,9,0,0,0,0,39,0,0,4,3,4,4,0,0,0,18,0,0,3,3,3,0,0,0,0,13,0,0,11,0,0,0,0,0,0,20,0,0,3,0,0,3,0,0,0,11,0,0,0,0,0,0,0,0,0,0,0,0,4,3,0,0,0,0,0,7,3,0,4,0,7,3,0,0,0,20,24,33,76,41,39,35,37,17,5,310
11102121854,core,0,3,3,3,0,8,7,0,0,24,0,0,3,0,4,4,6,0,0,26,0,0,10,4,7,0,5,0,0,23,0,0,7,7,4,0,0,0,0,15,0,0,5,5,4,6,0,0,0,17,0,0,0,3,0,0,0,0,0,8,0,0,0,4,5,3,0,0,0,14,0,0,0,0,0,0,0,0,0,4,0,0,0,0,7,4,0,0,0,7,0,0,4,4,8,5,4,0,0,26,24,23,50,47,62,53,54,17,0,328
11102121855,core,0,4,8,8,3,5,0,0,0,34,0,4,14,11,0,0,3,0,0,36,0,9,13,10,0,3,0,0,0,37,0,0,11,7,6,0,4,0,0,27,0,0,4,7,3,0,0,0,0,23,0,0,5,5,5,0,0,0,0,15,0,0,3,8,5,0,0,0,0,11,0,0,0,0,0,0,0,0,0,6,0,0,0,0,0,0,0,0,0,4,3,5,11,14,4,5,0,0,0,41,41,42,100,96,43,32,19,5,5,377
11102121856,core,0,0,4,4,0,3,0,5,0,20,0,0,3,8,5,0,3,0,0,14,0,0,4,3,4,0,0,3,0,17,0,0,3,3,4,0,0,0,0,16,0,0,4,5,0,3,0,0,0,12,0,0,3,0,0,0,0,0,0,3,0,0,0,0,0,7,0,0,0,10,0,0,0,0,0,3,0,0,0,3,0,0,0,0,0,0,0,0,0,0,0,0,6,0,0,4,5,5,4,22,9,11,40,19,15,31,45,42,12,238
11102121901,core,0,0,0,0,0,4,8,3,0,23,0,4,0,3,3,4,0,0,0,20,0,5,0,0,0,4,3,0,0,17,0,0,0,5,5,0,0,0,0,12,0,0,6,0,0,0,0,0,0,8,0,0,6,0,0,5,0,0,0,5,0,0,0,5,0,5,0,0,0,15,0,0,0,0,0,0,0,0,0,0,0,0,0,0,0,0,3,0,0,4,0,0,0,0,4,0,0,5,3,15,19,16,19,20,33,40,52,41,17,247
11102121902,core,0,5,0,0,9,4,14,6,0,32,0,5,4,0,3,9,6,8,0,33,0,0,3,3,7,9,11,8,0,47,0,6,0,0,4,3,0,3,0,14,0,0,5,5,3,9,3,0,0,18,0,0,0,5,0,3,0,3,0,19,0,0,0,3,6,3,0,0,0,14,0,0,0,0,0,0,0,0,0,3,0,0,0,0,0,0,3,3,0,12,0,5,3,0,0,0,0,4,0,17,17,24,39,31,55,69,98,69,12,417
11102121903,core,0,0,0,5,0,5,3,5,0,22,0,0,3,0,4,6,3,5,0,25,0,3,5,5,3,7,7,7,7,33,0,0,3,0,0,3,8,3,0,18,0,0,5,6,4,9,0,0,0,18,0,0,0,0,0,3,0,0,0,8,0,0,0,0,3,12,7,0,0,26,0,0,0,0,0,0,0,0,0,4,0,0,0,0,4,3,0,0,0,8,0,0,0,5,0,3,0,27,42,80,17,15,30,29,33,70,66,70,58,398
11102121904,core,0,0,7,4,0,10,0,0,0,26,3,4,12,5,8,3,0,0,0,32,0,3,10,7,4,7,0,3,0,34,0,0,6,3,5,4,0,0,0,26,0,0,7,8,4,4,0,0,0,25,0,0,6,0,11,3,0,0,0,17,0,0,5,3,0,0,0,0,0,11,0,0,0,0,0,0,0,0,0,0,0,0,0,0,0,0,0,0,0,0,0,0,0,4,0,3,0,3,0,14,26,23,74,51,44,52,44,25,7,341
11102121905,core,0,3,5,0,0,5,4,0,0,14,0,3,3,6,5,0,0,4,0,23,0,0,4,4,9,0,4,0,0,15,0,0,3,0,10,0,0,0,0,14,0,0,0,4,3,3,0,0,0,9,0,0,0,5,0,4,0,0,0,7,0,0,0,4,0,0,0,0,0,4,0,0,0,0,0,0,0,0,0,0,0,0,0,0,0,0,0,0,0,0,0,0,0,0,0,0,0,0,0,6,20,6,15,26,30,14,38,12,3,174
11102121906,core,0,3,6,0,4,0,0,0,0,13,0,0,0,0,0,7,4,0,4,13,0,0,5,9,3,3,5,0,0,16,0,3,4,0,0,4,0,0,0,11,0,0,0,3,0,0,0,0,0,12,0,0,0,0,0,0,0,0,0,11,0,0,0,0,0,9,0,0,0,15,0,0,0,0,0,0,0,0,0,0,0,0,0,0,0,0,0,0,0,0,0,0,0,0,0,3,4,0,0,11,17,12,22,22,19,40,37,12,9,184
11102121907,core,0,4,4,0,0,0,0,3,0,12,0,0,6,0,0,0,0,0,0,17,0,0,3,4,4,4,0,0,0,19,0,0,3,0,4,0,0,0,0,8,0,0,5,0,0,0,0,0,0,9,0,0,3,0,0,0,0,0,0,11,0,0,0,0,0,3,0,0,0,6,0,0,0,0,0,0,0,0,0,0,0,0,0,0,0,0,0,0,0,0,0,0,5,0,0,0,0,0,0,6,11,19,35,8,27,33,32,24,7,192
11102121908,core,0,0,0,3,3,0,10,3,0,31,0,3,0,0,4,7,4,0,0,16,5,0,3,7,14,12,0,0,0,41,0,0,0,4,13,6,3,0,0,30,0,0,3,6,9,5,8,0,0,29,0,0,0,8,4,4,0,0,0,19,0,0,0,13,15,3,0,0,0,36,0,0,0,5,8,3,3,0,0,12,0,0,0,0,9,4,0,0,0,13,0,0,3,0,4,6,8,3,0,15,30,13,14,64,70,70,76,26,6,367
11102121909,core,0,0,4,3,5,14,5,0,0,28,0,4,3,0,0,7,11,0,0,19,0,0,0,0,4,3,8,0,0,21,0,0,6,4,7,3,0,0,0,20,0,0,0,0,0,7,0,0,0,15,0,0,0,7,3,4,4,0,0,23,0,0,5,3,11,9,0,0,0,31,0,0,0,0,4,0,0,0,0,3,0,0,0,0,3,0,0,0,0,3,0,0,0,3,0,0,0,0,0,15,28,11,37,39,59,51,55,15,4,287
11102121910,core,0,9,0,6,0,13,24,8,4,64,0,0,3,3,6,8,3,5,3,43,0,0,7,7,8,7,13,6,0,52,0,0,7,3,6,7,3,4,0,31,0,0,8,6,5,11,0,11,0,37,0,0,3,0,0,3,0,0,0,13,0,0,4,3,5,0,7,0,0,18,0,0,0,4,4,0,0,0,0,7,0,0,0,0,5,0,3,0,0,18,0,0,0,3,11,8,10,3,6,38,26,21,44,44,62,95,155,94,44,590
11102121911,core,0,4,5,3,4,0,3,0,0,28,0,0,6,3,0,4,3,0,0,17,0,0,8,0,7,0,0,0,0,27,0,0,0,3,7,8,7,0,0,28,0,0,5,0,9,5,6,0,0,19,0,0,0,5,4,3,0,0,0,18,0,0,6,9,12,11,0,0,0,33,0,0,0,0,0,4,0,0,0,9,0,0,0,0,3,0,4,0,0,15,0,0,0,0,0,0,0,3,3,13,21,23,38,31,58,66,78,24,15,346
11102121912,core,0,0,0,0,0,0,0,0,0,9,0,0,4,0,4,4,3,4,0,16,0,4,9,0,3,0,0,0,0,15,0,0,4,0,3,0,0,0,0,7,0,0,0,0,4,0,0,0,0,5,0,0,0,0,6,0,0,0,0,8,0,0,0,0,0,0,0,0,0,5,0,0,0,0,0,0,0,0,0,0,0,0,0,0,0,0,0,0,0,0,0,0,0,0,0,0,0,0,4,7,15,14,28,19,30,21,27,16,3,172
11102121913,core,0,0,0,0,0,0,9,0,0,23,0,0,3,3,0,5,9,4,5,30,0,0,5,0,0,6,7,3,0,25,0,0,0,4,0,0,0,3,0,10,0,0,0,0,0,3,4,0,0,11,0,0,0,6,0,3,5,3,0,18,0,0,0,5,6,6,4,0,0,27,0,0,0,0,0,0,3,0,0,7,0,0,0,0,7,4,3,0,0,23,0,0,0,3,0,0,0,0,0,12,14,10,22,25,31,55,69,37,13,274
11102121914,core,0,4,3,0,4,8,8,3,0,36,0,3,0,0,0,3,6,8,0,20,0,0,4,6,3,8,4,0,0,29,0,0,4,6,3,3,5,7,0,27,0,0,0,5,0,9,0,4,0,22,0,0,5,4,3,0,0,0,0,20,0,0,0,12,11,14,7,0,0,41,0,0,0,7,4,5,0,0,0,17,0,0,0,6,4,3,8,0,0,17,0,0,0,0,0,4,4,0,5,13,16,19,26,46,55,87,57,31,7,351
11102121915,core,0,0,6,0,0,3,0,4,0,18,0,4,0,0,0,0,3,0,0,9,0,4,7,7,0,0,0,6,0,17,0,0,9,0,6,0,0,0,0,10,0,0,0,3,0,0,0,0,0,7,0,0,0,3,0,0,5,0,0,7,0,0,0,9,3,0,0,0,0,22,0,0,0,4,0,0,0,0,0,7,0,0,0,0,6,3,0,0,0,9,5,4,0,3,0,0,4,0,6,15,14,16,22,38,28,30,41,15,10,200
11102121916,core,0,0,7,3,7,0,5,0,0,21,0,0,5,4,3,3,0,4,3,26,0,0,4,0,6,4,0,3,0,16,0,0,5,4,4,0,0,0,0,16,0,0,0,0,0,0,0,0,0,9,0,0,0,0,0,3,0,0,0,8,0,0,7,0,0,0,0,0,0,14,0,0,0,0,0,0,0,0,0,0,0,0,0,0,0,0,0,0,0,0,0,0,3,0,4,5,0,5,0,30,15,16,47,26,40,42,55,62,96,402
11102121917,core,3,3,4,8,4,10,7,8,0,45,0,5,9,6,15,8,3,0,0,47,0,5,7,4,8,9,0,0,0,33,0,4,9,3,3,7,0,0,0,22,0,0,4,8,7,4,0,0,0,24,0,0,6,0,0,3,0,0,0,15,0,0,6,3,0,4,0,0,0,19,0,0,0,0,0,0,0,0,0,6,0,0,0,0,0,0,0,0,0,3,3,0,0,4,0,4,3,0,0,25,31,31,66,39,63,74,67,60,12,447
11102121918,core,0,0,6,0,0,0,0,4,0,21,0,5,3,3,9,0,0,0,4,23,0,0,6,14,0,6,0,0,0,33,0,0,4,0,3,0,0,0,0,10,0,0,6,3,3,0,0,0,0,10,0,0,0,0,0,0,0,0,0,9,0,0,5,0,0,5,0,0,0,7,0,0,0,0,0,0,0,0,0,0,0,0,0,0,0,0,0,0,0,0,0,0,0,4,4,3,4,0,0,22,20,20,59,37,43,49,69,29,8,345
11102121919,core,0,3,0,3,0,0,5,5,0,21,0,0,0,4,3,3,4,5,0,18,0,0,0,0,4,7,0,6,0,19,0,0,3,3,5,5,4,4,0,12,0,0,0,0,0,7,3,4,0,8,0,0,4,0,3,4,0,0,0,10,0,0,0,4,4,5,4,0,0,16,0,0,0,0,0,0,0,0,0,4,0,0,0,4,5,8,5,4,0,19,0,0,0,0,0,4,0,0,0,7,6,13,18,18,32,51,47,45,0,236
11102121921,core,0,0,0,0,0,0,0,0,0,0,0,0,0,0,0,0,0,0,0,0,0,0,0,0,0,0,0,0,0,0,0,0,0,0,0,0,0,0,0,0,0,0,0,0,0,0,0,0,0,0,0,0,0,0,0,0,0,0,0,0,0,0,0,0,0,0,0,0,0,0,0,0,0,0,0,0,0,0,0,0,0,0,0,0,0,0,0,0,0,0,0,0,0,0,0,0,0,0,0,0,0,0,0,0,0,0,5,0,0,3
11102121922,core,0,0,0,4,0,0,0,0,0,4,3,0,0,0,0,0,0,0,0,3,0,0,3,5,6,4,0,0,0,17,0,0,0,0,3,0,0,0,0,3,0,0,0,0,4,0,0,0,0,8,0,0,0,0,0,3,0,0,0,0,0,0,0,0,3,0,0,0,0,9,0,0,0,0,0,0,0,0,0,0,0,0,0,0,0,0,0,0,0,0,0,0,0,0,0,0,0,6,0,3,13,5,9,11,19,16,11,4,0,87
11102121923,core,0,4,6,3,8,12,4,6,0,28,0,4,6,9,4,7,5,4,3,37,0,3,3,4,4,5,5,4,0,31,0,0,8,0,5,5,3,5,0,28,0,0,0,0,5,6,4,0,0,18,0,0,5,3,4,6,7,0,3,21,0,0,5,11,6,12,0,0,6,44,0,0,0,0,7,5,0,0,0,11,0,0,0,11,4,7,6,0,0,28,0,0,0,5,4,7,0,0,0,18,17,15,36,60,68,87,59,37,18,400
11102121924,core,0,0,0,3,3,3,0,0,0,23,0,0,5,0,3,0,8,0,0,17,0,3,0,0,3,7,0,3,0,23,0,0,0,0,0,0,6,0,0,11,0,0,0,0,0,4,0,0,0,4,0,0,0,3,5,3,4,0,0,13,0,0,4,10,10,5,6,0,0,23,0,0,0,4,6,0,0,0,0,14,0,0,0,0,6,9,0,0,0,18,0,0,0,0,0,0,3,0,0,3,18,11,26,26,45,39,54,10,6,228
11102121925,core,0,0,4,3,10,6,0,0,0,19,0,3,3,0,3,8,3,0,0,25,0,0,0,4,4,13,0,0,0,29,0,0,4,3,9,6,0,0,0,23,0,0,3,3,3,3,0,0,0,26,0,0,0,0,3,0,0,0,0,10,0,0,0,0,10,4,0,0,0,13,0,0,0,0,0,4,0,0,0,4,0,0,0,0,0,0,0,0,0,3,3,0,0,0,6,3,0,4,0,22,28,21,40,35,61,57,30,15,3,284
11102121926,core,0,0,5,3,3,3,3,0,0,25,0,5,12,5,0,5,0,0,0,26,0,0,15,5,8,8,8,0,0,35,0,3,8,6,3,3,0,0,0,27,0,0,12,3,6,4,3,0,0,23,0,0,3,0,0,0,0,0,0,8,0,0,0,0,6,3,0,0,0,14,0,0,0,3,0,0,0,0,0,5,0,0,0,0,0,0,0,0,0,0,0,0,0,3,3,4,0,0,0,11,9,22,67,28,31,49,43,22,8,274
11102121927,core,0,0,0,0,0,0,0,0,0,0,0,0,0,0,0,0,0,0,0,0,0,0,0,0,0,0,0,0,0,0,0,0,0,0,0,0,0,0,0,0,0,0,0,0,0,0,0,0,0,0,0,0,0,0,0,0,0,0,0,0,0,0,0,0,0,0,0,0,0,0,0,0,0,0,0,0,0,0,0,0,0,0,0,0,0,0,0,0,0,0,0,0,0,0,0,0,0,0,0,0,0,0,0,0,0,0,0,0,0,0
11102121929,core,0,4,7,0,7,0,5,0,0,17,0,0,8,4,5,3,0,0,0,24,0,4,0,7,6,0,0,0,0,12,0,5,0,0,4,0,0,0,0,6,0,0,0,0,0,0,0,0,0,3,0,0,0,0,0,0,0,0,0,3,0,0,0,0,0,0,0,0,0,8,0,0,0,0,0,0,0,0,0,0,0,0,0,0,0,0,0,0,0,0,6,0,0,3,5,0,4,0,0,17,24,16,22,30,43,23,42,18,5,230
11102121930,core,3,4,6,9,0,3,4,8,0,36,0,6,0,3,3,0,4,0,0,18,0,0,16,0,5,3,0,0,0,25,0,0,0,0,8,0,0,0,0,14,0,0,0,4,3,0,0,0,0,14,0,0,0,0,0,0,0,0,0,3,0,0,0,8,3,0,0,0,0,8,0,0,0,0,0,0,0,0,0,6,0,0,0,0,0,0,0,0,0,5,4,0,11,9,6,5,0,8,0,47,41,39,68,53,67,51,45,28,3,393
11102121931,core,5,7,8,0,0,7,4,7,0,39,3,8,9,4,0,4,3,4,0,33,0,3,13,8,14,3,5,0,0,39,0,0,8,3,4,0,0,0,0,21,0,0,8,7,4,8,0,0,0,18,0,0,0,5,4,8,0,0,0,15,0,0,10,4,10,3,0,0,0,22,0,0,0,0,0,0,0,0,0,3,0,0,0,0,0,0,0,0,0,5,0,0,0,0,3,0,4,0,0,15,34,33,77,40,61,56,41,31,7,375
11102121933,core,0,0,4,4,0,3,3,0,0,20,0,3,3,6,4,0,0,0,0,18,0,5,5,9,3,4,10,4,0,34,0,0,0,3,6,0,0,3,0,14,0,0,5,0,4,9,4,0,0,20,0,0,0,0,0,4,0,0,0,8,0,0,3,5,11,6,0,0,0,28,0,0,0,3,0,0,0,0,0,7,0,0,0,0,4,5,0,0,0,12,3,0,0,4,0,0,0,0,0,8,15,14,39,31,39,49,39,27,9,272
11102121934,core,0,0,0,0,3,0,4,5,3,24,0,5,0,3,0,4,8,0,0,26,0,0,3,0,8,0,7,3,7,31,0,0,0,5,0,5,3,0,0,16,0,0,0,0,0,0,4,0,0,17,0,0,3,7,4,0,4,0,0,17,0,0,0,6,9,6,0,3,0,22,0,0,0,0,0,0,0,0,0,7,0,0,0,0,5,0,0,0,0,6,0,0,0,0,0,3,3,0,6,23,22,16,15,33,44,40,74,51,34,329
11102121935,core,0,0,5,3,4,5,12,3,0,38,0,4,5,10,0,7,5,4,0,30,0,0,0,5,11,9,8,0,0,32,0,0,0,6,9,5,3,0,0,21,0,0,9,5,3,9,0,0,0,19,0,0,4,0,5,8,0,0,0,16,0,0,6,10,4,0,0,0,0,24,0,0,0,0,0,4,0,0,3,10,0,0,0,0,0,6,0,4,0,14,7,4,3,0,8,3,0,5,3,28,22,16,32,45,65,62,103,49,12,402
11102121936,core,0,0,6,0,0,0,9,0,0,21,0,0,8,5,0,9,3,0,0,32,0,0,11,9,3,7,3,0,0,34,0,0,3,10,9,7,0,0,0,25,0,0,4,11,4,4,0,0,0,18,0,0,3,5,4,0,0,0,0,10,0,0,5,8,3,6,0,0,0,21,0,0,0,0,5,0,0,0,0,8,0,0,0,3,0,3,0,0,0,7,0,0,4,0,0,4,0,0,0,6,25,18,54,55,49,48,57,33,5,357
11102121937,core,0,9,4,5,6,3,7,0,0,29,0,0,8,3,4,4,3,0,0,27,0,5,6,6,4,6,5,0,0,24,0,3,3,0,0,0,5,0,0,16,0,0,7,3,0,7,0,0,0,22,0,0,3,0,6,3,0,0,0,13,0,0,0,6,7,6,0,0,0,14,0,0,0,0,5,4,0,0,0,5,0,0,0,0,0,3,0,0,0,4,0,0,3,0,3,0,0,0,0,13,16,28,44,29,44,51,53,17,9,281
11102121938,core,0,8,3,5,10,5,4,6,0,37,0,0,13,5,7,5,4,0,0,41,0,0,12,17,9,15,4,0,0,47,0,0,12,8,3,5,5,0,0,35,0,0,11,6,4,0,8,0,0,33,0,0,0,7,8,0,0,0,0,16,0,0,0,7,9,3,0,0,0,17,0,0,0,0,0,4,0,0,0,7,0,0,0,0,0,0,0,0,0,0,0,5,0,8,5,0,0,4,0,19,49,18,59,79,66,68,76,28,11,441
11102121939,core,0,3,0,0,3,8,5,0,0,13,0,0,0,5,3,8,5,4,0,27,0,0,0,0,7,5,5,0,0,17,0,0,0,0,0,0,0,0,0,8,0,0,3,0,0,0,5,0,0,8,0,0,0,5,4,4,0,0,0,13,0,0,4,3,0,0,0,0,0,7,0,0,0,0,0,0,0,0,0,0,0,0,0,0,0,5,0,0,0,5,0,3,0,5,3,0,4,0,0,13,19,15,23,29,26,45,52,20,5,219
11102121940,core,0,0,3,0,0,9,0,4,0,25,0,3,8,8,0,3,3,0,0,27,0,0,5,4,3,9,3,0,0,18,0,0,5,0,3,0,0,0,0,10,0,0,0,0,0,4,0,0,0,7,0,0,0,0,0,3,0,0,0,6,0,0,0,0,0,0,0,0,0,3,0,0,0,0,0,0,0,0,0,0,0,0,0,0,0,3,0,0,0,3,0,0,0,0,4,4,0,0,0,16,12,13,38,18,26,57,33,18,0,225
11102121941,core,3,4,4,0,0,5,0,5,3,25,0,4,0,7,3,9,0,0,0,21,0,0,9,7,9,3,0,0,0,35,0,4,5,0,6,5,4,0,0,17,0,0,3,3,6,3,0,0,0,16,0,0,3,6,0,0,0,0,0,12,0,0,10,4,9,7,0,0,0,29,0,0,0,0,0,0,0,0,0,3,0,0,0,0,0,0,0,0,0,0,0,0,0,0,0,6,0,0,0,6,17,25,45,43,49,48,25,16,10,279
11102121942,core,0,3,4,4,3,0,0,4,0,18,0,3,9,0,0,0,0,0,0,11,0,0,7,3,0,0,4,0,0,18,0,0,0,0,0,6,0,0,0,7,0,0,0,0,0,5,0,0,0,4,0,0,5,3,0,0,0,0,0,5,0,0,0,4,0,5,0,0,0,9,0,0,0,0,0,0,0,0,0,0,0,0,0,0,0,0,0,0,0,4,0,0,3,0,0,0,0,0,0,8,10,12,33,24,20,38,22,16,6,183
11102121943,core,0,0,0,0,0,0,6,3,0,12,0,0,0,0,0,0,4,3,0,8,0,0,0,0,0,0,3,0,0,11,0,0,0,0,0,0,0,0,0,4,0,0,0,0,0,0,0,0,0,8,0,0,0,0,0,0,0,0,0,0,0,0,0,0,0,0,0,0,0,4,0,0,0,0,0,0,0,0,0,0,0,0,0,0,0,0,0,0,0,0,0,0,0,0,0,3,9,0,4,13,0,0,0,6,4,17,87,57,7,171
11102121944,core,0,0,0,4,3,10,7,0,0,22,0,4,4,3,7,0,0,0,0,26,0,3,6,0,4,4,4,0,0,27,0,0,0,0,0,0,0,0,0,7,0,0,0,0,5,0,0,0,0,4,0,0,0,0,0,0,0,0,0,4,0,0,0,0,0,0,0,0,0,7,0,0,0,0,0,0,0,0,0,0,0,0,0,0,0,0,0,0,0,0,3,0,7,9,4,13,11,4,0,61,18,22,46,38,68,70,68,23,10,361
11102122001,core,0,0,4,4,3,5,6,0,0,20,0,6,4,3,3,4,7,0,0,26,0,3,0,11,11,4,9,0,0,43,0,0,0,3,6,7,6,0,0,17,0,0,0,4,3,3,0,0,0,15,0,0,5,8,8,7,0,0,0,24,0,0,6,4,13,5,4,0,0,32,0,0,0,0,3,5,0,0,0,3,0,0,0,0,0,3,0,0,0,8,0,0,6,0,0,0,0,0,0,8,43,26,27,54,63,70,64,23,0,371
11102122002,core,0,3,3,0,0,4,5,0,0,21,0,4,0,4,10,4,4,0,0,30,0,3,8,3,3,9,6,6,0,33,0,0,0,4,4,4,6,0,0,19,0,0,3,4,0,0,4,0,0,9,0,0,3,3,3,0,0,0,0,11,0,0,0,8,13,0,4,0,0,24,0,0,0,0,0,0,0,0,0,3,0,0,0,0,0,3,0,0,0,7,0,0,0,3,0,4,3,3,0,18,14,15,31,52,42,40,68,21,3,289
11102122003,core,0,0,0,5,3,10,9,4,0,30,0,0,3,6,4,4,4,0,0,25,0,0,0,9,7,7,4,3,0,38,0,0,3,4,4,4,9,0,0,24,0,4,3,3,0,0,0,0,0,12,0,0,0,0,6,0,6,0,0,13,0,0,0,5,6,7,6,0,0,29,0,0,0,0,4,0,0,0,0,6,0,0,0,4,9,9,0,0,0,21,0,0,3,0,3,0,8,0,3,19,24,18,30,42,45,63,92,25,12,355
11102122004,core,0,0,3,3,3,11,14,3,0,45,0,8,3,6,8,0,7,0,0,24,0,0,3,0,5,10,0,0,0,29,0,4,4,4,5,0,0,0,0,32,0,0,0,9,5,8,0,3,0,22,0,0,9,4,3,8,3,0,0,21,0,0,4,7,8,3,0,0,0,28,0,0,0,0,0,0,0,0,0,5,0,0,0,0,0,0,0,0,0,9,0,3,0,0,7,9,6,0,0,28,16,28,40,51,70,69,90,18,3,392
11102122005,core,6,8,0,3,7,0,12,6,0,34,0,3,0,0,5,6,10,0,3,25,0,0,3,8,3,12,7,0,0,39,0,0,4,7,10,6,3,0,0,32,0,0,0,9,5,4,5,0,0,25,0,0,4,7,10,9,0,0,0,28,0,0,3,5,14,6,4,0,0,35,0,0,0,0,0,3,0,0,0,10,0,0,0,0,3,4,0,0,0,11,0,0,0,0,4,4,3,6,0,14,43,19,27,54,73,85,102,39,6,448
11102122006,core,0,5,8,8,0,11,14,3,5,44,0,5,3,3,9,5,6,6,4,41,0,13,10,10,11,4,0,0,0,54,0,0,8,10,3,5,5,0,0,22,0,0,8,0,0,5,0,0,0,16,0,0,3,3,4,3,0,0,0,16,0,0,8,4,4,10,0,0,0,20,0,0,0,0,0,4,0,0,0,6,0,0,0,0,0,0,0,0,0,4,0,0,0,0,0,4,6,3,0,20,20,31,59,49,53,74,76,41,21,422
11102122007,core,0,4,4,4,10,10,3,4,0,35,0,4,11,4,5,6,3,4,0,36,0,0,0,4,9,11,10,6,0,39,0,0,7,4,3,3,6,0,0,26,0,4,4,5,3,4,0,0,0,16,0,0,0,5,3,9,0,0,0,21,0,0,0,5,8,4,0,0,0,19,0,0,0,3,0,3,0,0,0,9,0,0,0,0,0,0,0,0,0,3,0,5,0,0,0,6,5,5,7,30,30,28,44,55,60,76,71,41,13,418
11102122009,core,0,0,7,8,7,5,5,5,0,34,0,5,9,6,6,0,0,5,0,32,0,8,8,11,5,5,5,0,0,43,0,0,4,0,8,5,3,0,0,26,0,0,5,5,4,0,0,0,0,19,0,3,4,3,8,0,0,0,0,12,0,0,0,8,7,0,0,0,0,16,0,0,0,0,0,0,0,0,0,0,0,0,0,0,0,0,0,0,6,3,0,0,0,0,5,0,3,8,0,20,25,29,55,60,70,55,64,49,15,426
11102122010,core,0,5,9,6,3,0,4,3,0,29,0,3,3,7,5,11,3,0,0,29,0,5,9,7,6,6,9,0,0,37,0,0,3,3,7,14,4,0,0,32,0,0,4,0,0,6,0,0,0,17,0,0,4,3,3,6,0,0,0,19,0,0,7,10,12,9,0,0,0,36,0,0,0,0,4,0,0,0,0,6,0,0,0,0,0,0,0,0,0,0,0,0,0,0,0,4,3,3,0,10,24,15,49,59,71,78,55,29,10,403
11102122011,core,3,3,10,11,6,3,10,5,0,45,0,10,4,4,13,14,6,7,0,61,0,3,8,13,7,11,3,0,0,43,0,0,5,7,4,12,3,0,0,29,0,0,10,11,13,9,3,0,0,45,0,0,4,3,8,7,0,0,0,25,0,0,12,8,14,11,0,0,0,43,0,0,0,7,0,0,0,0,0,7,0,0,0,5,5,0,0,0,0,8,7,0,0,7,3,4,11,3,0,36,46,32,67,92,78,103,89,58,10,575
11102122012,core,0,4,3,0,6,5,6,0,0,27,0,4,3,8,11,8,0,0,0,28,0,6,10,3,7,5,3,0,0,39,0,5,8,5,3,6,0,0,0,26,0,0,0,4,3,0,0,0,0,6,0,0,0,0,5,0,0,0,0,12,0,0,3,4,10,3,0,0,0,24,0,0,0,0,0,0,0,0,0,0,0,0,0,4,0,0,0,0,0,5,0,0,4,6,0,4,0,6,0,19,28,28,40,45,57,56,50,27,6,331
11102122013,core,3,0,3,0,3,11,7,6,0,42,0,5,5,9,7,7,0,4,0,40,0,3,7,4,15,15,5,0,0,50,0,6,0,4,5,6,0,0,0,23,0,3,8,3,11,11,8,0,0,36,0,4,3,0,6,8,0,0,0,22,0,0,7,3,4,3,0,0,0,21,0,0,0,0,6,0,0,0,0,6,0,0,0,5,6,0,3,0,0,3,0,4,4,3,6,3,6,0,5,35,37,38,51,49,75,97,66,35,17,455
11102122014,core,0,3,0,0,0,7,9,6,0,24,0,0,0,4,0,0,11,5,0,21,0,0,0,5,0,5,5,6,0,22,0,0,0,0,0,10,9,4,0,25,0,0,0,3,0,4,7,0,3,17,0,0,0,0,7,3,0,5,0,23,0,0,0,0,6,3,0,0,0,17,0,0,0,0,0,0,0,0,0,5,0,0,0,3,6,7,4,0,0,17,0,0,3,0,0,0,0,0,0,10,17,17,22,24,43,50,79,42,12,314
11102122015,core,0,0,3,0,4,0,7,0,0,18,0,3,0,0,5,0,0,0,0,14,0,0,0,5,4,5,0,0,0,24,0,0,3,0,0,0,0,0,0,10,0,0,4,0,0,4,0,0,0,16,0,0,3,0,10,7,0,0,0,19,0,0,0,4,6,9,3,0,0,19,0,0,0,4,6,0,0,0,0,5,0,0,0,6,0,0,0,0,0,3,0,0,0,0,0,0,0,4,0,4,18,8,25,29,46,46,43,21,6,244
11102122016,core,0,4,7,3,0,9,3,0,0,24,0,4,9,9,6,7,4,0,0,37,0,0,8,9,7,16,5,0,0,40,0,0,7,4,12,6,0,0,0,32,0,0,7,3,5,4,0,0,0,25,0,0,5,8,5,6,0,0,0,26,0,0,3,10,12,0,0,0,0,28,0,0,4,3,0,3,0,0,0,5,0,0,0,3,0,6,0,0,0,13,0,0,4,4,4,4,0,3,0,16,32,25,73,53,73,83,53,22,9,420
11102122017,core,0,6,3,4,4,11,3,0,0,36,0,0,0,10,0,5,8,3,0,29,0,0,0,3,5,6,7,0,0,23,0,0,0,4,6,3,4,0,0,21,0,0,6,0,3,4,0,0,0,21,0,0,0,5,0,3,0,0,0,4,0,0,6,12,6,6,0,0,0,25,0,0,0,0,0,0,0,0,0,5,0,0,0,0,3,5,0,0,0,9,0,0,4,4,0,10,6,0,0,38,18,16,34,57,41,70,80,29,5,355
11102122018,core,0,5,4,3,3,3,7,3,0,23,0,0,0,0,8,0,10,9,0,26,0,0,4,5,3,7,5,0,0,31,0,0,0,0,4,0,0,0,0,6,0,0,0,0,0,3,4,0,0,11,0,0,4,0,0,0,0,0,0,4,0,0,0,4,5,7,4,0,0,18,0,0,0,4,0,3,0,0,0,6,0,0,0,0,3,0,0,0,0,7,0,0,0,0,4,6,0,5,0,17,8,8,25,24,38,57,65,35,9,274
11102122019,core,0,4,0,5,0,3,8,0,0,22,0,5,0,3,0,3,5,0,0,14,0,0,0,6,4,15,5,4,0,28,0,0,3,0,3,3,7,0,0,23,0,0,0,3,0,3,0,0,0,22,0,0,0,0,5,3,6,0,0,10,0,0,3,4,5,7,0,0,0,27,0,0,0,3,3,0,0,0,0,11,0,0,0,0,0,4,0,0,0,7,0,0,5,0,0,0,7,3,0,17,14,13,21,37,42,63,66,31,9,290
11102122020,core,0,7,7,4,3,5,13,3,0,35,0,0,7,7,7,10,16,4,0,53,0,7,4,7,12,15,6,4,0,49,0,0,3,0,0,13,8,0,0,26,0,0,5,7,3,8,3,0,0,29,0,0,6,0,0,7,0,0,0,15,0,0,0,5,13,4,4,0,0,30,0,0,0,3,5,3,0,0,0,12,0,0,0,0,4,5,0,0,0,12,0,0,0,4,0,0,7,4,0,30,30,19,49,69,70,102,133,62,18,547
11102122021,core,0,0,0,0,3,13,13,13,0,46,0,0,10,7,5,14,8,5,5,51,0,3,8,13,3,14,14,3,0,54,0,0,5,5,4,10,6,5,0,34,0,0,0,5,9,5,3,0,0,26,0,0,4,3,0,5,0,0,0,17,0,0,4,4,9,18,0,0,0,42,0,0,0,0,3,5,0,0,0,7,0,0,0,0,0,6,0,0,0,13,0,6,8,4,9,9,8,7,0,37,26,26,49,58,61,130,145,98,22,612
11102122022,core,0,0,0,0,0,0,0,0,0,0,0,0,0,0,0,0,0,0,0,0,0,0,0,0,0,0,0,0,0,0,0,0,0,0,0,0,0,0,0,0,0,0,0,0,0,0,0,0,0,0,0,0,0,0,0,0,0,0,0,0,0,0,0,0,0,0,0,0,0,0,0,0,0,0,0,0,0,0,0,0,0,0,0,0,0,0,0,0,0,0,0,0,0,0,0,0,0,0,0,0,0,0,0,0,0,0,0,0,0,0
11102122023,core,0,0,0,0,0,0,0,0,0,0,0,0,0,0,0,0,0,0,0,0,0,0,0,0,0,0,0,0,0,0,0,0,0,0,0,0,0,0,0,0,0,0,0,0,0,0,0,0,0,0,0,0,0,0,0,0,0,0,0,0,0,0,0,0,0,0,0,0,0,0,0,0,0,0,0,0,0,0,0,0,0,0,0,0,0,0,0,0,0,0,0,0,0,0,0,0,0,0,0,0,0,0,0,0,0,0,0,0,0,0
11102122024,core,0,0,0,0,0,0,0,0,0,0,0,0,0,0,4,0,0,0,0,3,0,3,0,0,0,0,0,0,0,9,0,0,0,0,0,0,0,0,0,0,0,0,0,0,0,0,0,0,0,0,0,0,0,0,0,0,0,0,0,0,0,0,0,0,3,0,0,0,0,3,0,0,0,0,0,0,0,0,0,0,0,0,0,0,0,0,0,0,0,0,0,0,0,0,0,4,0,0,0,4,0,0,3,3,8,5,0,0,0,32
11102122101,core,0,0,0,0,0,8,5,0,0,20,0,9,13,0,7,3,4,0,0,36,0,0,9,9,9,10,0,0,0,35,0,3,5,11,0,8,0,0,0,27,0,0,3,5,3,3,4,0,0,17,0,0,0,0,4,0,0,0,0,12,0,0,0,0,0,4,0,0,0,12,0,0,0,0,0,0,0,0,0,0,0,0,0,0,0,0,0,0,0,3,0,0,0,5,9,3,0,4,0,19,21,19,49,33,60,69,47,22,0,322
11102122102,core,5,0,4,0,0,8,0,0,0,15,0,0,8,3,3,0,0,0,0,18,0,4,0,4,3,3,0,0,0,13,0,4,0,5,0,0,0,0,0,9,0,0,4,0,0,0,0,0,0,5,0,0,0,3,0,0,0,0,0,3,0,0,0,3,3,3,0,0,0,6,0,0,0,0,0,0,0,0,0,0,0,0,0,0,0,0,0,0,0,0,0,0,0,0,3,0,0,0,0,9,11,10,21,19,24,37,19,7,6,151
11102122103,core,0,0,3,0,0,0,8,0,0,16,0,4,5,8,6,5,0,0,0,21,0,5,7,5,5,7,0,0,0,23,0,0,0,0,4,0,0,0,0,7,0,4,6,3,12,0,0,0,0,27,0,0,0,0,5,0,0,0,0,11,0,0,3,5,4,4,0,0,0,13,0,0,0,0,0,0,0,0,0,0,0,0,0,0,0,0,0,0,0,0,0,0,0,3,0,3,6,0,0,18,12,21,39,38,42,35,25,9,0,229
11102122104,core,0,3,0,6,3,3,0,0,0,19,0,3,3,14,0,0,4,0,0,32,0,4,14,10,12,3,0,0,0,36,0,4,11,3,5,4,0,0,0,29,0,0,6,5,3,0,0,0,0,13,0,0,3,6,0,0,0,0,0,9,0,0,9,4,4,0,0,0,0,12,0,0,0,0,0,0,0,0,0,0,0,0,0,0,0,0,0,0,0,0,0,0,3,0,0,0,0,0,0,9,29,21,59,54,33,32,30,5,0,266
11102122105,core,0,0,0,3,3,0,0,0,0,8,0,0,3,7,9,0,0,0,0,25,0,4,3,8,7,0,0,0,0,25,0,3,5,3,4,0,0,0,0,14,0,0,0,7,0,0,0,0,0,6,0,0,0,0,3,0,0,0,0,4,0,0,3,0,6,3,0,0,0,8,0,0,0,0,0,0,0,0,0,3,0,0,0,0,0,0,0,0,0,0,0,0,0,0,0,0,0,0,0,8,9,19,25,28,32,24,16,6,3,176
11102122106,core,0,0,8,7,4,3,5,0,0,30,0,4,14,10,6,9,7,0,0,47,0,0,10,10,11,12,0,0,0,42,0,0,6,9,5,9,0,0,0,37,0,3,7,5,8,4,0,0,0,27,0,0,9,4,8,3,0,0,0,17,0,0,3,8,3,0,0,0,0,12,0,0,0,0,0,0,0,0,0,0,0,0,0,0,0,0,0,0,0,0,0,0,0,0,0,0,0,0,0,6,31,24,65,63,46,54,59,17,4,364
11102122107,core,0,0,0,0,0,4,0,0,0,14,0,3,7,6,3,3,0,0,0,26,0,3,4,0,11,4,6,0,0,26,0,0,8,0,4,3,3,0,0,20,0,0,3,0,5,0,0,0,0,14,0,0,3,3,10,0,0,0,0,17,0,0,0,7,9,0,0,0,0,21,0,0,0,0,0,0,0,0,0,0,0,0,0,0,0,3,0,0,0,4,0,0,0,0,0,0,0,0,0,3,13,18,36,29,58,57,41,10,4,264
11102122108,core,5,6,11,0,4,4,15,16,0,55,0,3,9,15,5,4,13,3,0,53,0,11,25,15,6,3,3,0,0,65,0,0,18,6,4,4,0,6,0,36,0,0,20,5,5,0,4,3,0,38,0,0,6,4,9,6,0,0,0,26,0,0,18,12,11,3,0,0,0,43,0,0,3,4,0,0,0,0,0,4,0,0,0,6,0,0,0,0,0,7,6,3,4,4,3,0,11,6,0,45,54,43,137,90,65,50,157,114,16,720
11102122109,core,0,0,7,0,0,3,4,0,0,17,0,0,6,0,6,0,0,0,0,21,0,0,4,7,0,3,0,0,0,18,0,4,3,8,5,0,0,0,0,20,0,0,0,6,0,0,0,0,0,10,0,0,4,0,0,0,0,0,0,8,0,0,8,3,0,3,0,0,0,12,0,0,0,0,0,0,0,0,0,0,0,0,0,0,0,0,0,0,0,0,0,0,0,0,0,0,0,0,0,6,13,12,40,32,21,33,25,0,0,178
11102122110,core,0,7,7,0,0,3,3,0,0,28,0,4,0,7,3,6,0,0,0,22,0,5,7,9,6,6,0,0,0,30,0,0,4,3,8,6,0,0,0,22,0,0,10,3,7,3,0,0,0,19,0,0,0,0,3,0,0,0,0,10,0,0,0,10,0,0,0,0,0,17,0,0,0,0,0,0,0,0,0,3,0,0,0,0,0,0,0,0,0,9,0,3,0,3,0,0,0,0,0,7,22,24,42,49,39,61,34,6,3,279
11102122111,core,0,3,7,4,7,0,4,0,0,27,0,8,0,0,9,7,9,0,0,29,0,7,9,10,7,5,3,0,0,40,0,4,6,3,0,6,0,0,0,25,0,0,3,3,3,3,0,0,0,7,0,0,0,3,5,0,0,0,0,10,0,5,0,8,8,9,0,0,0,22,0,0,0,0,0,0,0,0,0,5,0,0,0,0,0,0,0,0,0,0,0,0,4,0,0,4,0,0,0,10,18,34,37,43,41,47,50,3,0,283
11102122112,core,5,5,6,3,3,3,3,0,0,31,0,7,7,9,7,9,0,0,0,29,0,9,11,12,9,7,6,0,0,51,0,0,13,7,5,3,4,0,0,25,0,0,8,3,4,5,3,0,0,18,0,0,5,3,7,0,0,0,0,17,0,0,6,7,8,9,0,0,0,30,0,0,0,0,0,0,0,0,0,0,0,0,0,0,0,0,0,0,0,0,6,5,3,4,6,0,0,0,0,22,34,31,63,47,64,60,58,9,3,375
11102122113,core,0,5,8,0,7,0,0,0,0,23,0,0,7,3,6,3,0,0,0,29,0,0,12,8,6,7,3,0,0,33,0,0,4,6,5,0,0,0,0,14,0,0,7,6,0,9,5,0,0,24,0,0,0,0,4,0,0,0,0,6,0,0,0,0,3,0,0,0,0,8,0,0,0,0,0,0,0,0,0,0,0,0,0,0,0,0,0,0,0,0,3,0,0,0,4,0,3,6,0,14,27,23,56,31,52,38,42,16,4,288
11102122114,core,0,4,15,7,3,3,0,0,0,35,0,3,22,7,11,10,0,0,0,55,0,3,26,21,18,6,0,0,0,79,0,3,17,6,15,3,4,0,0,46,0,0,16,16,7,3,0,0,0,44,0,0,14,14,6,4,0,0,0,46,0,5,18,16,10,8,0,0,0,54,0,0,3,3,0,0,0,0,0,9,0,0,0,0,0,0,0,0,0,0,7,0,12,10,3,0,0,0,0,30,54,34,161,116,97,67,49,27,3,617
11102122115,core,0,5,0,5,0,0,0,3,0,24,0,6,11,3,4,9,4,0,0,37,0,3,3,6,12,8,0,0,0,28,0,0,5,0,12,0,0,0,0,22,0,0,5,5,6,7,0,0,0,24,0,0,6,6,3,0,0,0,0,16,0,0,9,7,3,3,0,0,0,16,0,0,0,0,0,0,0,0,0,0,0,0,0,0,0,0,0,0,0,0,0,4,3,4,0,3,0,5,0,20,35,37,44,51,64,65,31,23,9,360
11102122116,core,0,5,0,0,9,0,0,0,0,14,0,0,0,0,4,5,0,0,0,15,0,0,6,3,9,6,3,0,0,34,0,0,3,3,3,4,4,0,0,17,0,0,0,4,0,3,0,0,0,9,0,0,5,0,4,0,0,0,0,5,0,0,0,0,0,0,0,0,0,5,0,0,0,0,0,0,0,0,0,0,0,0,0,0,0,0,0,0,0,3,0,0,5,0,0,0,0,0,0,11,14,13,41,24,24,35,22,12,0,190
11102122117,core,0,5,9,3,0,0,0,6,0,25,0,3,3,7,6,9,0,0,0,24,0,0,10,0,8,6,6,0,0,32,0,0,10,4,7,11,0,0,0,30,0,4,4,0,4,4,0,0,0,19,0,0,0,3,0,0,0,0,0,5,0,0,0,4,3,4,0,0,0,11,0,0,0,0,0,0,0,0,0,0,0,0,0,0,0,0,0,0,0,0,0,3,3,0,6,3,0,0,0,16,20,23,38,44,44,60,25,14,7,267
11102122118,core,0,0,5,6,6,7,5,0,0,21,0,0,3,0,0,0,0,0,0,15,0,0,9,0,3,6,6,0,0,27,0,0,0,0,3,0,0,0,0,12,0,0,3,5,0,4,0,0,0,10,0,0,0,3,0,3,0,0,0,12,0,0,0,4,3,0,0,0,0,13,0,0,0,0,0,0,0,0,0,0,0,0,0,0,0,0,0,0,0,0,0,0,0,0,0,0,5,4,0,12,13,17,27,27,25,38,34,8,3,201
11102122119,core,0,10,4,0,0,0,4,0,0,19,0,5,11,0,4,5,0,0,0,30,0,0,10,6,0,4,0,0,0,25,0,0,0,6,3,0,0,0,0,10,0,0,3,0,0,0,0,0,0,10,0,0,4,5,0,0,0,0,0,7,0,0,5,6,5,0,0,0,0,13,0,0,0,0,0,0,0,0,0,0,0,0,0,0,0,0,0,0,0,0,0,0,0,0,0,0,0,0,0,4,8,25,35,38,27,27,20,0,6,189
11102122120,core,0,5,0,0,0,0,4,0,0,8,0,0,0,6,0,5,0,0,0,21,0,0,0,3,0,0,0,0,0,10,0,0,0,0,0,3,0,0,0,10,0,0,0,0,0,0,0,0,0,8,0,0,0,6,0,0,0,0,0,10,0,0,0,5,8,3,0,0,0,13,0,0,0,0,0,0,0,0,0,8,0,0,0,0,4,0,0,0,0,7,0,0,0,0,0,0,0,5,0,4,10,8,9,30,25,32,16,5,4,139
11103122201,core,0,0,6,5,4,0,7,0,0,28,0,0,0,10,0,0,3,0,0,25,0,7,10,5,5,0,0,0,0,33,0,0,11,3,0,0,0,0,0,18,0,0,8,4,8,0,0,0,0,14,0,0,7,4,0,4,6,0,0,19,0,0,12,14,13,10,0,0,0,51,0,0,0,0,6,0,0,0,0,10,0,0,0,3,8,0,5,0,0,19,0,0,0,0,0,3,0,0,0,3,36,17,59,51,55,42,29,17,9,314
11103122202,core,0,0,4,3,3,3,0,8,0,22,0,7,4,5,3,3,7,6,0,30,0,4,5,4,0,4,4,0,0,17,0,0,11,4,5,0,0,0,0,18,0,0,3,0,4,0,4,0,0,20,0,0,3,0,3,0,0,0,0,10,0,0,4,12,14,6,0,0,0,37,0,0,0,6,0,0,0,0,0,11,0,0,0,0,0,0,0,0,0,6,0,0,7,0,0,0,0,0,0,9,17,22,43,49,40,38,29,29,17,289
11103122203,core,0,7,11,3,3,5,9,4,0,31,0,9,8,8,3,4,10,0,0,43,0,3,7,11,9,7,7,0,0,43,0,4,7,3,6,10,7,0,0,37,0,0,10,7,9,3,0,0,0,33,0,0,3,6,0,8,0,0,0,17,0,0,3,13,14,0,5,0,0,32,0,0,3,3,0,0,0,0,0,6,0,0,0,4,0,0,0,0,0,9,0,0,0,3,0,4,6,0,5,18,22,36,69,75,63,53,51,20,15,411
11103122204,core,0,4,7,0,7,3,3,0,0,27,0,4,0,6,3,4,8,0,0,28,0,3,9,8,0,7,0,0,0,27,0,3,7,7,12,0,0,0,0,39,0,0,5,12,3,8,0,0,0,29,0,0,5,12,12,3,0,0,0,29,0,0,5,24,19,9,0,0,0,67,0,0,0,3,5,0,0,0,0,16,0,0,0,6,8,0,0,0,0,16,4,0,0,3,0,0,0,4,0,14,52,33,57,99,92,49,42,46,7,476
11103122205,core,0,0,3,0,0,6,6,5,0,17,0,0,5,8,0,6,6,0,0,19,0,0,0,9,3,5,5,0,0,27,0,0,0,0,10,4,0,0,0,27,0,0,3,5,4,4,0,0,0,23,0,0,0,7,6,4,0,0,0,19,0,0,7,18,15,9,0,0,0,45,0,0,0,4,0,5,0,0,0,6,0,0,0,0,0,0,0,0,0,10,0,0,0,0,3,0,0,5,0,7,26,14,33,60,55,52,36,41,5,324
11103122206,core,0,0,0,5,6,11,4,0,7,33,0,9,3,0,3,5,0,7,0,29,0,0,10,4,9,8,8,10,0,44,0,0,13,9,0,8,0,3,0,30,0,0,5,5,5,4,0,0,0,26,0,0,3,4,0,7,5,0,0,18,0,0,10,15,13,8,0,0,0,37,0,0,0,3,4,3,0,0,0,12,0,0,0,0,0,0,0,0,0,8,0,0,0,0,0,0,4,4,0,9,22,21,46,56,53,59,51,50,22,383
11103122207,core,3,4,0,6,3,5,0,0,3,25,0,5,6,3,7,0,0,0,0,22,0,3,16,6,9,5,0,3,0,45,0,0,9,6,7,5,9,0,0,38,0,0,3,6,7,10,6,0,0,28,0,0,4,9,4,4,0,0,0,29,0,0,7,16,20,7,0,0,0,58,0,0,0,3,0,0,0,0,0,13,0,0,0,7,6,0,0,0,0,16,0,0,0,0,3,0,0,0,0,11,45,29,70,85,85,65,46,42,19,490
11103122208,core,0,5,9,0,0,4,0,0,0,33,0,7,12,8,0,0,0,0,0,40,0,3,19,10,4,4,0,0,0,51,0,9,18,6,0,0,0,0,0,39,0,0,11,10,4,4,0,0,0,28,0,4,10,9,7,6,0,0,0,37,0,0,8,21,8,4,3,0,0,39,0,0,0,7,0,4,0,0,0,7,0,0,4,9,3,0,0,0,0,10,0,0,0,0,0,3,0,0,0,8,25,61,110,88,36,47,30,26,12,437
11103122209,core,0,8,0,4,0,0,0,0,0,12,0,3,3,0,4,9,0,0,0,18,0,0,0,3,3,3,0,0,0,10,0,3,3,9,9,0,4,0,0,22,0,0,0,0,5,6,0,0,0,6,0,0,0,8,7,3,0,0,0,11,0,0,5,14,11,3,0,0,0,37,0,0,0,0,6,0,0,0,0,6,0,0,0,9,9,0,0,0,0,27,0,0,0,0,0,0,0,0,0,5,40,21,16,52,58,31,18,4,0,239
11103122210,core,4,7,12,3,0,7,0,3,0,35,0,9,9,4,8,7,0,4,0,52,0,6,22,6,8,3,3,0,0,45,0,4,18,7,4,8,0,0,0,39,0,0,13,3,9,3,0,0,0,31,0,0,7,0,9,0,0,0,0,22,0,0,14,20,9,8,0,0,0,50,0,0,0,7,4,0,0,0,0,6,0,0,0,0,3,0,0,0,0,3,0,0,9,4,0,0,0,0,0,20,36,58,123,58,69,73,32,20,9,472
11103122211,core,0,0,0,3,3,0,6,0,0,18,0,3,8,0,5,9,0,0,0,20,0,3,9,0,4,6,0,0,0,31,0,0,12,0,0,4,0,0,0,20,0,0,0,0,9,0,4,0,0,18,0,0,0,3,4,0,0,0,0,10,0,0,4,8,12,9,3,0,0,37,0,0,0,3,4,0,0,0,0,11,0,0,0,4,4,4,0,0,0,22,0,0,0,0,4,3,0,0,0,14,29,27,38,40,49,49,31,14,4,279
11103122212,core,0,6,6,5,0,7,7,0,0,34,0,13,4,3,4,0,4,0,0,34,0,4,7,3,6,7,3,0,0,34,0,3,3,3,8,5,6,0,0,31,0,6,11,10,3,11,0,0,0,34,0,0,3,3,7,3,3,0,0,24,0,0,8,16,9,0,0,0,0,31,0,0,0,0,4,0,0,0,0,3,0,0,0,5,5,0,3,0,0,17,4,0,0,4,0,0,0,6,0,20,23,48,66,67,60,58,57,33,7,421
11103122213,core,3,0,4,0,3,0,4,0,0,17,0,0,4,4,3,5,0,3,0,21,0,0,8,3,0,7,0,0,0,17,0,0,4,6,5,4,0,0,0,19,0,0,6,0,5,4,0,0,0,16,0,0,3,0,0,3,0,0,0,8,0,0,12,5,12,0,0,0,0,24,0,0,0,7,3,0,0,0,0,8,0,0,0,5,0,0,0,0,0,9,0,0,3,0,4,0,3,0,0,16,7,13,52,29,40,31,26,11,4,216
11103122214,core,4,0,5,4,0,0,0,0,0,20,0,13,13,6,4,0,0,0,0,35,0,4,16,4,3,9,0,0,0,27,0,3,12,7,3,6,0,0,0,30,0,0,5,3,4,4,0,0,0,17,0,0,15,3,0,0,0,0,0,16,0,0,3,8,8,3,0,0,0,31,0,0,0,0,0,0,0,0,0,0,0,0,0,0,0,0,0,0,0,4,0,0,0,5,0,4,0,3,0,15,19,28,87,58,43,49,35,20,12,355
11103122215,core,0,0,5,4,0,0,4,0,0,14,0,4,4,3,0,6,0,0,0,25,0,0,7,6,4,3,0,0,0,28,0,0,4,8,0,3,0,0,0,12,0,0,4,5,0,4,0,0,0,13,0,0,11,3,3,0,0,0,0,14,0,0,7,17,8,7,0,0,0,35,0,0,0,14,3,0,0,0,0,18,0,0,0,12,6,0,0,0,0,10,6,0,0,0,9,0,4,0,5,17,16,24,53,77,45,36,27,20,8,294
11103122216,core,0,3,4,6,0,8,4,0,0,22,0,7,7,6,4,4,0,0,3,33,0,7,9,11,8,7,0,0,0,42,0,4,15,11,6,3,0,0,0,39,0,0,5,6,7,5,0,0,0,29,0,0,5,3,5,0,0,0,0,23,0,0,8,11,11,6,0,0,0,35,0,0,6,0,6,0,0,0,0,11,0,0,0,5,4,0,0,0,0,7,5,0,4,0,4,0,0,0,3,18,44,35,83,68,72,62,32,16,21,428
11103122217,core,0,8,5,3,5,6,3,0,0,24,0,3,9,3,3,4,4,0,0,34,0,5,18,7,10,10,0,0,0,41,0,5,12,3,5,3,6,0,0,37,0,0,17,12,6,4,0,0,0,37,0,0,3,10,10,3,3,0,0,32,0,0,13,10,12,9,3,0,0,49,0,0,5,0,0,6,0,0,0,8,0,0,6,7,4,3,0,0,0,17,0,4,5,0,4,0,0,3,0,16,24,43,96,71,70,64,42,23,10,442
11103122218,core,4,7,7,3,0,5,3,0,3,40,0,8,14,6,0,6,0,0,0,41,0,11,8,13,10,3,0,0,0,44,0,7,18,0,0,6,0,0,0,30,0,0,9,5,10,3,0,0,0,34,0,0,13,4,0,0,0,0,0,14,0,0,12,13,12,9,0,0,0,51,0,0,0,0,3,0,0,0,0,3,0,0,5,6,9,0,0,0,0,12,0,0,5,0,0,0,0,0,0,12,35,49,97,72,64,46,20,20,12,402
11103122219,core,0,4,10,3,4,3,0,0,0,18,0,8,12,0,6,5,0,0,0,31,0,6,20,3,10,5,3,0,0,41,0,3,9,7,6,3,4,0,0,30,0,0,13,9,0,3,0,0,0,28,0,0,7,6,9,3,0,0,0,25,0,0,14,16,5,8,0,0,0,45,0,0,0,0,0,5,0,0,0,9,0,0,6,0,3,0,0,0,0,3,0,0,6,9,9,0,0,0,0,24,20,38,96,67,52,58,21,23,4,372
11103122220,core,0,11,8,5,5,5,10,4,0,43,4,8,13,10,11,11,0,0,0,48,0,9,20,0,7,0,0,0,0,42,0,7,12,7,9,3,0,0,0,34,0,0,9,8,5,4,0,0,0,22,0,0,12,0,6,5,0,0,0,28,0,0,9,8,13,0,0,0,0,38,0,0,3,3,0,0,0,0,0,3,0,0,0,0,4,0,0,0,0,7,5,3,9,6,7,0,0,4,0,27,43,71,114,68,72,50,43,22,4,488
11103122221,core,0,0,0,0,0,0,0,0,0,0,0,0,0,0,0,0,0,0,0,0,0,0,0,0,0,0,0,0,0,0,0,0,0,0,0,0,0,0,0,0,0,0,0,0,0,0,0,0,0,0,0,0,0,0,0,0,0,0,0,3,0,0,0,0,0,0,0,0,0,0,0,0,0,0,0,0,0,0,0,0,0,0,0,0,0,0,0,0,0,0,0,0,0,0,0,0,0,0,0,0,0,0,0,3,0,3,0,0,0,6
11103122222,core,0,0,0,0,0,0,0,0,0,0,0,0,0,0,0,0,0,0,0,0,0,0,0,0,0,0,0,0,0,0,0,0,0,0,0,0,0,0,0,0,0,0,0,0,0,0,0,0,0,0,0,0,0,0,0,0,0,0,0,0,0,0,0,0,0,0,0,0,0,0,0,0,0,0,0,0,0,0,0,0,0,0,0,0,0,0,0,0,0,0,0,0,0,0,0,0,0,0,0,0,0,0,0,0,0,0,0,0,0,0
11103122223,core,0,0,0,4,0,6,0,3,5,25,0,0,0,0,3,10,4,6,0,28,0,3,10,8,8,8,3,3,0,48,0,0,14,9,9,6,0,0,0,35,0,0,7,7,6,3,4,0,0,25,0,0,0,9,9,5,3,0,0,26,0,0,8,15,22,8,0,0,0,57,0,0,5,3,4,0,0,0,0,16,0,0,0,9,3,0,0,0,0,10,0,0,0,0,4,0,0,0,0,12,49,24,56,84,97,71,44,38,24,492
11103122224,core,6,9,4,3,3,0,5,5,0,25,0,4,0,5,6,3,4,0,0,36,0,6,5,5,9,5,0,0,0,28,0,4,4,0,11,3,6,0,0,27,0,0,8,5,4,14,0,0,0,34,0,0,3,6,0,0,0,0,0,13,0,0,10,19,17,3,0,0,0,43,0,0,0,0,4,0,0,0,0,4,0,0,0,0,7,4,0,0,0,10,3,4,0,3,3,0,4,6,0,31,47,36,46,59,72,50,33,53,14,402
11103122225,core,0,3,3,3,3,0,0,0,0,14,0,0,10,10,3,9,6,0,4,32,0,9,8,7,3,0,0,7,0,30,0,4,8,8,5,5,4,0,0,22,0,0,9,7,9,0,4,0,0,19,0,0,6,7,5,0,0,0,0,26,0,0,11,19,10,3,5,0,0,46,0,0,0,6,3,0,0,0,0,10,0,0,4,8,0,0,0,3,0,18,0,0,0,3,0,0,4,4,3,19,26,30,63,94,58,33,35,41,16,385
11103122226,core,0,0,4,3,10,8,5,0,0,23,0,0,8,3,0,3,7,0,0,27,0,0,9,9,5,8,3,0,6,30,0,0,6,7,0,0,0,0,0,16,0,0,9,10,7,0,0,0,0,25,0,0,4,7,9,0,0,0,0,21,0,0,9,19,16,8,3,0,0,47,0,0,0,0,4,0,0,0,0,7,0,0,0,0,0,0,0,0,0,4,0,0,0,0,0,3,4,0,4,16,34,20,46,58,54,51,41,16,18,337
11103122227,core,0,0,0,4,6,6,6,0,0,27,0,0,0,3,0,12,4,10,0,32,0,0,3,7,5,3,9,4,0,41,0,0,0,0,8,5,3,0,0,20,0,0,3,4,4,0,4,0,0,18,0,0,0,6,11,6,3,0,0,26,0,0,0,13,20,4,5,0,0,46,0,0,0,0,3,3,0,0,0,9,0,0,0,4,3,0,3,0,0,11,0,0,0,0,0,0,0,4,0,10,30,19,25,62,66,59,76,48,9,395
11103122228,core,0,5,0,4,3,4,4,0,4,18,0,6,3,3,13,4,0,0,0,28,0,6,0,0,9,0,0,3,0,26,0,0,4,6,5,3,0,0,0,18,0,0,4,3,6,0,3,0,0,23,0,0,3,4,7,3,0,0,0,20,0,0,3,10,14,9,0,0,0,30,0,0,0,3,3,0,0,0,0,10,0,0,0,3,7,4,0,0,0,15,0,0,0,0,0,0,0,0,0,0,20,19,23,56,69,42,33,21,18,298
11103122229,core,4,0,5,4,5,3,0,0,0,25,0,3,8,11,4,4,0,4,0,28,0,0,4,10,3,4,0,0,0,22,0,0,8,11,9,3,0,0,0,29,0,0,6,0,5,0,0,0,0,12,0,0,5,0,3,6,0,0,0,16,0,0,4,20,9,4,0,0,0,34,0,0,0,3,5,0,0,0,0,11,0,0,4,5,3,0,0,0,0,15,0,0,0,3,3,3,0,3,0,20,25,17,50,88,51,46,29,30,7,343
11103122230,core,0,5,8,0,5,0,0,0,0,25,0,0,5,7,0,0,6,0,0,21,0,3,8,7,5,0,0,0,0,22,0,0,4,14,10,7,0,0,0,33,0,0,7,6,9,4,0,0,0,19,0,0,3,14,8,0,0,0,0,17,0,0,5,18,21,5,0,0,0,49,0,0,0,7,3,0,0,0,0,12,0,0,0,3,0,0,0,0,0,9,0,0,0,0,0,0,0,0,0,8,30,23,46,84,62,28,20,25,12,340
11103122231,core,0,0,3,3,6,0,0,0,0,15,0,4,0,5,7,4,4,0,0,26,0,6,4,5,4,0,4,0,0,25,0,0,3,3,10,4,0,0,0,19,0,0,4,3,4,3,0,0,0,14,0,0,0,0,12,4,0,0,0,16,0,0,6,17,13,4,0,0,0,34,0,0,0,4,3,0,0,0,0,6,0,0,0,0,3,0,0,0,0,7,4,0,0,3,0,3,0,0,3,18,24,17,36,54,50,40,23,21,9,275
11103122232,core,0,5,5,4,3,3,3,0,0,22,5,4,10,9,12,0,0,0,0,39,0,0,11,10,9,10,5,0,0,40,0,3,0,9,7,5,3,0,0,29,0,4,6,6,3,0,0,0,0,20,0,0,5,7,7,4,0,0,0,29,0,0,13,11,9,6,0,3,0,43,0,0,0,3,5,0,0,0,0,7,0,0,0,0,5,0,0,0,0,5,0,5,6,4,7,0,5,5,0,20,31,36,70,70,69,42,25,31,6,395
11103122233,core,0,9,0,0,0,0,0,0,0,20,0,0,7,0,0,6,6,0,4,26,0,0,4,5,7,4,12,0,0,34,0,0,9,4,3,0,0,0,0,16,0,0,9,7,9,3,4,0,0,29,0,0,8,3,3,0,0,0,0,12,0,0,16,16,5,5,3,0,0,43,0,0,0,4,0,0,0,0,0,4,0,0,0,3,4,0,0,0,0,7,0,0,4,0,0,0,3,4,6,10,14,21,55,42,44,31,71,32,11,321
11103122234,core,0,5,8,0,0,0,4,0,0,14,0,0,3,0,8,3,3,0,0,22,0,0,6,6,8,3,5,0,0,28,0,0,0,5,4,0,0,0,0,11,0,3,0,12,3,5,4,0,0,30,0,0,0,0,3,5,0,0,0,20,0,0,15,15,10,4,0,0,0,39,0,0,3,6,0,0,0,0,0,7,0,0,0,5,3,3,0,0,0,14,4,0,0,0,0,0,0,0,0,0,26,21,48,57,50,34,27,11,3,270
11103122235,core,0,0,3,6,0,0,4,3,0,22,0,0,5,9,6,5,3,5,0,29,0,0,3,5,9,5,4,4,0,26,0,0,10,12,9,3,0,0,0,35,0,0,11,7,17,0,0,0,0,39,0,0,8,14,12,6,0,0,0,35,0,0,13,24,19,7,0,0,0,65,0,0,8,11,5,0,0,0,0,20,0,0,0,11,11,0,0,0,0,17,0,0,6,0,0,0,0,4,0,15,42,15,76,114,91,42,29,41,15,470
11103122236,core,0,5,0,0,4,0,5,9,0,23,0,7,3,0,6,7,7,0,0,18,0,0,8,0,7,0,0,0,0,22,0,5,3,5,4,4,0,0,0,27,0,0,5,8,3,0,0,0,0,25,0,0,4,8,8,3,0,0,0,20,0,0,6,3,7,0,0,0,0,24,0,0,5,0,0,4,0,0,0,9,0,0,0,3,4,0,0,0,0,12,0,0,0,4,0,0,0,0,0,10,19,23,48,55,49,37,21,13,9,256
11103122237,core,0,0,0,0,0,0,0,0,0,0,0,0,0,0,0,0,0,0,0,0,0,0,0,0,0,0,0,0,0,0,0,0,0,0,0,0,0,0,0,0,0,0,0,0,0,0,0,0,0,0,0,0,0,0,0,0,0,0,0,0,0,0,0,0,0,0,0,0,0,0,0,0,0,0,0,0,0,0,0,0,0,0,0,0,0,0,0,0,0,0,0,0,0,0,0,0,0,0,0,0,0,0,0,0,0,0,0,0,0,0
11103122238,core,0,0,0,0,0,0,0,0,0,0,0,0,0,0,0,0,0,0,0,0,0,0,0,0,0,0,0,0,0,0,0,0,0,0,0,0,0,0,0,0,0,0,0,0,0,0,0,0,0,0,0,0,0,0,0,0,0,0,0,0,0,0,0,0,0,0,0,0,0,0,0,0,0,0,0,0,0,0,0,0,0,0,0,0,0,0,0,0,0,0,0,0,0,0,0,0,0,0,0,0,0,0,0,0,0,0,0,0,0,0
11103122239,core,0,12,6,0,0,5,5,11,6,49,0,6,3,3,6,5,3,0,0,28,0,11,10,12,0,0,4,0,0,44,0,3,13,8,0,3,0,0,0,36,0,0,11,5,16,5,0,0,0,33,0,0,6,7,5,3,0,0,0,21,0,0,8,7,0,4,0,0,0,24,0,0,3,0,0,0,0,0,0,3,0,0,0,0,0,0,0,0,0,0,0,10,12,6,0,3,4,5,4,42,15,57,96,51,38,61,62,54,6,447
11103122240,core,0,6,5,3,0,9,5,0,0,24,0,5,5,4,4,10,4,3,0,27,0,8,6,6,11,11,0,0,0,38,0,0,3,0,8,9,4,0,0,26,0,0,9,7,5,8,0,0,0,38,0,0,3,6,12,0,0,0,0,23,0,0,3,14,6,11,0,0,0,38,0,0,0,3,0,8,0,0,0,12,0,0,0,4,5,0,0,0,0,11,0,0,5,0,0,3,0,0,0,12,31,31,39,60,71,83,40,23,5,397
11103122301,core,0,4,7,7,0,3,3,5,0,21,0,0,3,3,3,4,0,0,0,14,0,5,6,0,4,6,0,0,0,25,0,0,5,3,3,4,0,0,0,13,0,0,5,0,0,4,0,0,0,9,0,0,0,0,0,0,0,0,0,3,0,0,3,0,3,0,0,0,0,3,0,0,0,0,0,0,0,0,0,0,0,0,0,0,0,0,0,0,0,0,5,0,0,0,0,3,0,0,0,4,10,13,27,29,24,41,19,6,4,174
11103122302,core,0,3,6,14,0,0,8,0,0,30,0,8,8,3,9,4,4,0,0,39,0,8,7,11,7,0,0,0,0,38,0,0,8,5,3,10,0,0,3,27,0,0,10,4,7,3,0,0,0,25,0,0,3,0,3,0,0,0,0,6,0,0,4,5,0,7,0,0,0,9,0,0,0,3,0,0,0,0,0,3,0,0,0,0,0,0,0,0,0,0,4,0,0,5,4,0,3,4,0,24,24,36,66,59,55,35,34,22,6,343
11103122303,core,3,7,14,8,3,3,5,0,0,36,0,0,16,3,20,6,0,0,0,52,0,4,20,0,5,12,0,0,0,42,0,3,3,7,4,4,0,0,0,24,0,0,7,0,6,3,0,0,0,19,0,0,3,7,3,4,0,0,0,15,0,0,6,10,0,0,0,0,0,12,0,0,0,0,0,0,0,0,0,0,0,0,0,0,0,0,0,0,0,5,0,0,0,0,0,0,3,3,4,18,26,28,88,63,58,67,52,30,20,440
11103122304,core,0,0,3,0,3,0,8,4,0,21,0,0,6,5,11,9,6,0,0,34,0,0,7,8,7,6,0,0,0,25,0,0,0,6,5,4,4,0,0,13,0,0,4,9,4,5,0,0,0,12,0,0,5,6,0,0,0,0,0,10,0,0,3,0,0,0,0,0,0,3,0,0,0,0,0,0,0,0,0,0,0,0,0,0,0,0,0,0,0,3,0,0,3,0,0,0,0,0,0,9,8,12,37,30,47,41,57,40,4,279
11103122306,core,3,0,4,3,3,6,3,8,0,33,0,4,11,0,3,3,0,0,0,22,0,4,10,9,10,3,0,0,0,38,0,0,6,7,7,9,0,0,0,28,0,0,10,0,5,4,0,0,0,19,0,0,4,3,0,0,0,0,0,8,0,0,0,0,3,3,0,0,0,7,0,0,0,0,0,0,0,0,0,0,0,0,0,0,0,0,0,0,0,6,4,0,0,4,0,0,3,5,0,19,28,26,62,32,53,48,54,65,3,369
11103122307,core,0,0,3,0,9,0,5,4,0,20,0,8,15,4,13,7,4,0,0,58,0,4,7,0,12,9,0,0,0,31,0,0,7,8,5,3,0,0,0,27,0,4,4,3,0,5,0,0,0,16,0,0,7,3,0,0,0,0,0,15,0,0,3,4,5,0,0,0,0,18,0,0,0,0,0,0,0,0,0,0,0,0,0,0,0,4,0,0,0,5,3,0,0,0,0,4,0,0,0,15,19,24,66,35,53,37,45,54,7,341
11103122308,core,0,4,0,5,5,3,3,3,0,19,0,0,6,4,6,5,0,0,0,26,0,0,6,7,12,0,5,0,0,38,0,0,3,6,4,0,3,0,0,19,0,0,3,0,3,9,0,0,0,17,0,0,6,3,7,0,0,0,0,7,0,0,0,7,4,0,0,0,0,17,0,0,0,0,0,0,0,0,0,0,0,0,0,0,0,0,0,0,0,0,0,0,0,0,0,4,0,0,0,8,21,19,52,38,60,38,46,14,4,285
11103122309,core,0,0,0,0,0,0,0,0,0,3,0,0,0,0,0,0,0,0,0,3,0,0,0,0,0,0,0,0,0,0,0,0,0,0,0,0,0,0,0,0,0,0,0,0,0,0,0,0,0,0,0,0,0,0,0,0,0,0,0,0,0,0,0,0,0,0,0,0,0,0,0,0,0,0,0,0,0,0,0,0,0,0,0,0,0,0,0,0,0,0,0,0,0,0,0,0,0,0,0,0,0,0,3,6,3,6,7,6,0,27
11103122310,core,0,8,4,8,4,4,0,4,0,33,0,4,21,9,7,7,4,0,0,46,0,5,15,8,8,11,0,0,0,41,0,0,9,5,3,9,0,0,0,35,0,0,7,7,0,0,0,0,0,19,0,0,4,0,3,0,0,0,0,6,0,0,3,6,3,3,5,0,0,13,0,0,0,0,0,0,0,0,0,0,0,0,0,0,0,0,0,0,0,0,0,4,3,0,0,5,0,0,0,12,25,28,75,59,49,54,59,27,13,407
11103122311,core,0,0,9,8,3,8,7,0,0,33,0,8,19,9,8,9,0,0,0,61,0,4,17,13,4,3,4,0,0,53,0,0,12,18,0,3,0,0,0,39,0,0,8,8,0,3,0,0,0,19,0,0,9,5,3,5,0,0,0,19,0,0,5,4,4,3,0,0,0,13,0,0,0,0,0,0,0,0,0,0,0,0,0,0,0,0,0,0,0,0,3,0,10,4,3,0,3,3,3,39,23,34,125,95,40,70,47,36,22,494
11103122312,core,0,5,8,5,8,3,8,0,0,37,0,10,8,6,5,5,0,0,0,36,0,5,17,5,3,3,5,0,0,32,0,3,9,0,6,4,0,0,0,17,0,0,3,4,9,3,0,0,0,13,0,0,4,0,3,0,0,0,0,14,0,0,5,5,0,0,0,0,0,9,0,0,0,0,0,0,0,0,0,0,0,0,0,0,0,0,0,0,0,0,0,0,0,0,0,0,0,0,3,15,17,31,59,55,47,41,53,23,10,347
11103122313,core,0,6,3,3,0,11,6,7,0,41,0,0,10,3,0,17,3,0,0,38,0,5,13,8,10,8,7,3,0,43,0,0,3,9,8,0,3,0,0,20,0,3,7,3,0,0,0,0,0,16,0,0,0,4,0,4,0,0,0,14,0,3,5,0,0,9,0,0,0,16,0,0,0,0,0,0,0,0,0,0,0,0,0,0,0,0,0,0,0,0,0,3,3,5,0,3,8,8,9,45,14,30,66,50,38,87,97,95,27,503
11103122314,core,0,0,0,4,8,3,0,0,0,23,0,0,3,0,8,0,3,0,0,18,0,0,0,0,7,7,10,0,0,26,0,3,4,0,0,0,0,0,0,10,0,0,0,3,0,3,3,3,0,18,0,0,0,5,7,3,0,0,0,17,0,0,4,11,12,8,3,0,0,35,0,0,0,0,0,4,0,0,0,9,0,0,0,4,12,0,4,0,0,17,0,0,0,0,0,0,4,0,0,5,31,23,20,28,67,48,53,17,4,281
11103122315,core,0,6,0,0,3,3,0,0,0,20,0,7,6,4,3,11,3,0,0,31,0,0,6,4,4,6,0,0,0,24,0,0,3,3,4,6,0,0,0,20,0,0,0,0,3,5,0,0,0,10,0,0,0,0,0,0,0,0,0,7,0,0,0,0,5,0,0,0,0,9,0,0,0,0,0,0,0,0,0,0,0,0,0,0,0,0,0,0,0,0,5,3,0,5,3,3,5,0,0,14,24,21,32,22,43,65,25,13,0,250
11103122316,core,0,0,3,0,0,4,0,0,0,9,0,0,0,0,5,0,0,0,4,18,0,0,5,5,0,3,0,0,0,18,0,7,0,3,0,4,0,0,0,8,0,0,0,3,0,0,0,0,0,4,0,0,0,0,3,0,0,0,0,8,0,0,0,3,4,3,0,0,0,8,0,0,0,0,0,0,0,0,0,0,0,0,0,0,0,0,0,0,0,3,0,5,8,3,3,4,4,0,0,28,18,17,29,26,28,32,23,5,5,178
11103122317,core,0,5,7,5,3,0,0,0,0,24,0,0,10,3,3,7,0,0,0,35,0,6,5,6,9,3,0,0,0,32,0,0,6,0,3,0,0,0,0,13,0,0,0,4,0,0,0,0,0,12,0,0,3,5,0,0,0,0,0,11,0,0,0,3,0,0,0,0,0,3,0,0,0,0,0,0,0,0,0,0,0,0,0,0,0,0,0,0,0,9,0,0,0,3,0,0,0,0,0,16,38,23,66,55,48,51,31,14,3,319
11103122318,core,0,3,4,4,4,4,4,0,0,23,0,0,5,0,4,7,0,0,0,17,0,0,12,3,3,4,0,0,0,28,0,0,4,7,3,0,0,0,0,15,0,0,6,9,0,7,0,0,0,14,0,0,0,0,0,0,0,0,0,4,0,0,0,0,0,4,0,0,0,4,0,0,0,0,0,0,0,0,0,0,0,0,0,0,0,0,0,0,0,0,0,0,3,0,0,0,3,0,0,13,12,11,44,33,20,46,53,26,11,257
11103122319,core,0,4,3,6,5,0,0,0,0,15,0,0,12,3,0,0,0,0,0,22,0,0,10,3,6,4,0,0,0,27,0,0,6,4,0,4,0,0,0,13,0,0,0,0,0,0,3,0,0,9,0,0,0,0,0,3,0,0,0,3,0,0,0,0,0,0,0,0,0,5,0,0,0,0,0,0,0,0,0,4,0,0,0,0,0,0,0,0,0,0,0,3,5,4,5,0,0,6,0,21,22,19,60,38,24,36,29,34,3,270
11103122320,core,0,0,3,4,3,12,6,0,0,34,0,3,9,6,3,3,5,0,0,33,0,5,11,3,5,6,4,0,0,33,0,0,5,3,4,6,0,0,0,16,0,0,0,4,0,6,0,0,0,10,0,0,0,0,3,0,0,0,0,7,0,0,0,0,0,0,0,0,0,3,0,0,0,0,0,0,0,0,0,0,0,0,0,0,0,0,0,0,0,0,3,0,0,0,0,0,0,0,0,7,13,20,55,36,47,57,65,20,5,316
11103122321,core,0,0,3,0,4,3,0,0,0,15,0,7,10,5,3,0,0,0,0,24,0,0,11,5,3,0,0,0,0,14,0,0,5,0,3,0,0,0,0,5,0,0,6,0,0,0,0,3,0,5,0,0,0,0,0,0,0,0,0,0,0,0,0,0,0,0,0,0,0,3,0,0,0,0,0,0,0,0,0,0,0,0,0,0,0,0,0,0,0,0,4,0,0,4,8,0,0,0,0,15,23,18,41,31,30,15,18,10,0,190
11103122322,core,3,0,9,7,5,4,0,0,0,29,0,5,3,4,9,8,0,0,0,25,0,0,13,8,3,7,0,0,0,35,0,0,0,0,4,5,0,0,0,9,0,0,10,6,8,0,0,0,0,19,0,0,4,5,3,4,0,0,0,13,0,0,0,5,0,6,0,0,0,11,0,0,0,0,0,0,0,0,0,0,0,0,0,0,0,0,0,0,0,0,6,0,5,5,12,5,4,0,0,36,42,26,83,53,76,63,23,4,3,372
11103122323,core,0,3,4,0,0,4,0,0,0,20,4,5,3,0,8,4,3,0,0,28,0,4,8,4,9,6,4,0,0,27,0,0,3,4,6,0,5,0,0,15,0,0,3,0,11,0,0,0,0,18,0,0,0,0,3,5,0,0,0,11,0,0,0,0,3,0,0,0,0,6,0,0,0,0,0,0,0,0,0,0,0,0,0,0,0,0,0,0,0,0,0,0,0,0,3,0,0,3,0,10,19,24,37,25,48,32,31,19,0,242
11103122324,core,0,0,0,0,4,0,7,0,0,19,0,0,3,3,9,0,0,0,0,26,0,3,3,3,6,0,0,0,0,19,0,0,4,4,4,8,0,0,0,19,0,0,5,0,0,0,0,0,0,5,0,0,3,4,0,0,0,0,0,4,0,0,0,4,3,0,0,0,0,9,0,0,0,0,0,0,0,0,0,0,0,0,0,0,0,0,0,0,0,0,0,0,4,0,0,5,3,0,0,13,15,16,28,28,29,32,44,17,5,212
11103122325,core,0,0,4,0,4,3,0,0,0,12,0,4,6,0,0,5,0,0,0,8,0,0,0,0,0,0,0,0,0,5,0,0,0,0,0,0,0,0,0,4,0,0,0,0,0,0,0,0,0,5,0,0,0,0,0,0,0,0,0,0,0,0,6,3,0,6,0,0,0,8,0,0,0,0,0,0,0,0,0,0,0,0,0,0,0,0,0,0,0,0,0,0,0,0,0,0,0,3,0,7,3,5,12,13,16,15,11,13,0,90
11103122401,core,0,3,4,0,0,0,0,0,3,13,0,0,5,0,4,9,5,4,0,29,0,4,10,3,11,3,3,5,0,35,0,0,15,7,6,6,0,5,0,31,0,0,5,4,5,11,7,0,0,34,0,0,3,5,4,3,0,0,0,27,0,0,12,17,11,5,0,0,0,50,0,0,7,4,3,3,0,0,0,14,0,0,0,14,11,4,0,0,0,31,0,0,6,0,0,0,0,0,0,15,20,23,62,69,68,70,44,25,22,395
11103122402,core,0,10,3,0,0,0,13,3,0,28,0,0,0,3,0,3,3,0,0,17,0,8,8,6,4,3,4,0,0,27,0,0,4,3,5,4,3,0,0,27,0,0,3,6,6,3,0,0,0,17,0,0,0,5,3,0,0,0,0,18,0,0,7,5,10,10,0,0,0,33,0,0,0,0,9,0,0,0,0,9,0,0,3,3,8,3,0,0,0,19,0,0,3,0,5,5,0,0,0,18,21,47,42,40,63,46,47,15,6,326
11103122403,core,0,0,3,3,0,0,0,0,0,14,0,0,5,4,5,0,6,6,0,16,0,0,0,0,0,0,0,0,0,3,0,0,0,0,0,0,4,0,0,8,0,0,0,0,0,0,0,0,0,5,0,0,0,0,0,0,0,0,0,0,0,0,0,0,0,0,0,0,0,0,0,0,0,0,0,0,0,0,0,0,3,0,0,0,3,0,0,0,0,7,7,3,16,18,29,20,21,10,0,135,18,11,36,39,80,81,83,46,8,398
11103122404,core,0,8,0,0,5,0,0,0,0,23,0,3,3,0,0,0,3,0,0,16,0,8,6,8,3,3,7,0,0,35,0,0,6,7,4,5,8,0,0,29,0,0,4,4,0,0,3,0,0,19,0,0,4,0,0,0,0,0,0,6,0,0,10,7,4,0,6,0,0,31,0,0,0,5,0,0,0,0,0,11,0,0,0,3,4,0,0,0,0,8,0,4,14,10,26,18,6,9,4,90,17,37,73,65,85,76,47,43,21,456
11103122405,core,0,3,3,0,3,3,0,3,0,13,0,0,4,0,0,4,0,0,0,13,0,0,7,4,3,5,0,0,0,14,0,0,6,0,0,0,0,0,0,4,0,0,0,0,0,0,0,0,0,4,0,0,0,0,3,0,0,0,0,6,0,0,0,4,3,3,0,0,0,10,0,0,0,0,0,0,0,0,0,0,0,0,0,0,0,0,0,0,0,3,3,3,4,9,9,7,5,3,3,49,21,14,41,56,61,60,24,23,6,308
11103122406,core,0,0,4,0,0,0,4,0,0,6,0,0,0,0,0,4,0,0,0,3,0,3,5,0,0,0,0,0,0,12,0,0,7,0,0,0,0,0,0,5,0,0,4,3,0,0,0,0,0,6,0,0,0,0,0,0,0,0,0,0,0,0,0,4,0,0,0,0,0,4,0,0,0,0,0,0,0,0,0,0,0,0,0,0,0,0,0,0,0,0,10,3,11,6,5,3,4,0,0,49,26,15,45,31,22,10,15,0,0,170
11103122407,core,0,5,15,0,0,0,9,10,4,42,0,11,16,7,6,4,5,11,3,52,0,5,14,5,10,4,12,4,3,56,0,6,15,3,7,7,4,3,0,47,0,5,8,3,0,4,4,0,0,23,0,0,16,3,5,0,0,3,0,25,0,0,19,10,14,5,5,0,0,57,0,0,0,0,3,0,3,0,0,5,0,0,0,0,3,4,0,3,0,17,3,0,10,0,4,4,4,0,6,35,11,48,137,51,49,64,80,78,55,564
11103122408,core,0,0,3,3,0,0,0,0,0,9,0,3,3,0,4,3,0,0,0,21,0,0,0,4,0,0,0,0,0,7,0,0,8,0,0,3,0,0,0,11,0,0,6,0,6,0,0,0,0,16,0,0,4,0,4,0,0,0,0,7,0,0,7,4,3,0,0,0,0,17,0,0,0,0,0,0,0,0,0,4,0,0,0,0,3,0,0,0,0,8,0,0,0,0,0,0,0,0,0,7,11,13,40,18,31,29,14,3,9,173
11103122409,core,0,0,0,0,0,0,0,0,0,0,0,0,0,0,0,0,0,0,0,3,0,0,0,0,0,0,0,0,0,0,0,0,0,0,0,0,0,0,0,0,0,0,3,0,0,0,0,0,0,3,0,0,0,0,0,0,0,0,0,0,0,0,0,0,0,0,0,0,0,0,0,0,0,0,0,0,0,0,0,0,0,0,0,0,0,0,0,0,0,0,0,0,0,0,0,0,0,0,0,0,0,4,3,0,0,0,0,0,0,9
11103122410,core,0,0,0,0,0,0,0,0,0,0,0,0,0,0,0,0,0,0,0,3,0,0,0,0,0,0,0,0,0,0,0,0,0,0,0,0,0,0,0,0,0,0,0,0,0,0,0,0,0,0,0,0,0,0,0,0,0,0,0,0,0,0,0,0,0,0,0,0,0,0,0,0,0,0,0,0,0,0,0,0,0,0,0,0,0,0,0,0,0,0,0,0,0,0,0,0,0,0,0,0,0,0,0,0,0,0,0,0,0,5
11103122411,core,0,3,0,0,0,0,3,0,0,11,0,3,0,5,8,3,0,0,0,23,0,0,5,4,9,7,6,0,0,29,0,0,10,0,6,5,0,0,0,22,0,0,3,6,5,5,0,0,0,18,0,0,3,4,4,0,0,0,0,14,0,0,10,7,3,3,0,0,0,28,0,0,3,0,0,0,0,0,0,0,0,0,0,0,0,0,0,0,0,3,0,3,6,3,8,5,0,11,0,30,10,23,55,33,45,50,26,17,3,261
11103122412,core,0,10,4,5,0,4,0,0,0,31,0,10,11,8,4,11,4,0,0,48,0,10,14,9,8,4,3,0,0,46,0,3,17,9,5,0,0,0,0,39,0,7,9,4,8,10,0,0,0,30,0,0,4,8,0,5,0,0,0,21,0,0,11,13,19,0,0,0,0,51,0,0,4,4,3,0,0,0,0,12,0,0,0,4,4,0,0,0,0,10,0,0,5,4,11,5,0,0,0,26,42,63,85,90,89,55,34,20,6,482
11103122413,core,0,4,9,0,4,5,4,0,0,29,0,8,14,11,0,3,6,0,0,42,0,4,17,3,5,4,3,0,0,46,0,3,12,0,4,0,0,0,0,29,0,6,13,4,8,10,3,0,0,31,0,0,7,8,4,0,0,0,0,20,0,0,5,5,4,5,0,0,0,23,0,0,0,4,0,0,0,0,0,4,0,0,0,0,0,0,0,0,0,5,0,5,7,4,0,4,0,0,0,26,18,50,101,54,61,53,36,18,6,382
11103122414,core,0,4,3,5,3,3,0,0,0,15,0,4,7,8,0,3,3,0,0,22,0,7,6,7,5,7,0,0,0,36,0,0,0,8,0,3,0,0,0,19,0,0,7,13,4,6,0,0,0,26,0,0,3,6,5,0,0,0,0,18,0,0,9,8,9,0,0,0,0,24,0,0,0,0,3,0,0,0,0,3,0,0,0,0,0,0,0,0,0,3,0,6,6,0,0,0,4,0,0,25,24,48,64,65,36,42,27,18,4,320
11103122415,core,0,5,7,3,4,3,6,0,0,30,0,11,13,0,4,5,4,3,0,37,0,8,14,6,4,8,7,0,0,44,0,3,13,3,3,5,4,0,0,32,0,0,4,8,3,5,0,0,0,21,0,0,6,0,0,0,3,0,0,15,0,0,12,14,10,5,0,0,0,48,0,0,0,0,0,0,0,0,0,6,0,0,0,3,5,0,0,0,0,11,0,5,9,6,5,3,0,0,0,30,13,54,98,85,53,45,46,8,5,404
11103122416,core,0,0,0,0,0,0,0,0,0,0,0,0,0,0,0,0,0,0,0,0,0,0,0,0,0,0,0,0,0,0,0,0,0,0,0,0,0,0,0,0,0,0,0,0,0,0,0,0,0,0,0,0,0,0,0,0,0,0,0,0,0,0,0,0,0,0,0,0,0,0,0,0,0,0,0,0,0,0,0,0,0,0,0,0,0,0,0,0,0,0,0,0,0,0,0,0,0,0,0,0,0,0,0,0,0,0,0,0,0,0
11103122417,core,0,0,0,0,0,0,0,5,0,10,0,0,10,0,0,4,5,0,0,20,0,0,13,6,4,0,3,0,0,23,0,3,5,4,6,4,0,0,0,18,0,0,8,8,3,0,0,0,0,24,0,0,0,0,0,3,0,0,0,8,0,0,3,8,0,0,0,0,0,15,0,0,0,0,0,0,0,0,0,0,0,0,0,0,0,0,0,0,0,0,0,0,4,6,5,0,0,5,0,28,8,29,60,36,19,22,18,12,4,213
11103122418,core,0,12,13,3,4,8,5,5,0,47,0,5,10,0,0,4,9,0,0,37,0,10,9,5,3,6,8,0,0,39,0,8,14,5,6,5,0,0,0,31,0,3,17,5,10,7,3,0,0,45,0,0,3,12,3,6,5,0,0,24,0,0,11,15,14,9,0,0,0,48,0,0,0,3,4,4,0,0,0,7,0,0,6,3,4,7,0,0,0,14,0,3,8,4,6,4,15,14,41,96,36,78,105,69,63,94,78,40,51,615
11103122419,core,0,6,0,0,3,5,8,0,0,31,0,7,13,3,0,6,0,0,0,28,0,0,4,4,3,3,4,0,0,21,0,0,14,13,0,4,0,0,0,33,0,0,4,3,10,6,0,0,0,19,0,0,3,0,4,3,0,0,0,16,0,0,10,12,7,10,0,0,0,38,0,0,0,0,0,0,0,0,0,5,0,0,0,0,0,0,0,0,0,4,0,0,5,0,3,0,0,0,0,16,15,38,79,47,43,48,29,12,8,323
11103122420,core,0,0,0,0,0,0,0,0,0,7,0,3,0,0,0,3,0,0,0,16,0,5,4,3,0,0,0,0,0,19,0,0,3,0,0,0,0,0,0,8,0,0,8,0,4,0,0,0,0,14,0,0,3,0,0,0,0,0,0,3,0,0,5,0,3,0,0,0,0,10,0,0,0,0,0,0,0,0,0,3,0,0,0,0,0,0,0,0,0,3,0,0,9,4,3,3,0,0,0,21,0,21,51,24,23,23,15,7,5,165
11103122421,core,0,9,14,3,7,4,15,6,0,60,0,13,19,8,6,4,4,4,0,68,0,5,18,5,8,10,5,5,0,60,0,3,11,11,11,4,0,0,0,42,0,0,9,10,8,7,3,4,0,43,0,0,9,4,13,6,0,0,0,33,0,0,9,16,13,10,3,5,0,55,0,0,0,9,6,0,0,0,0,15,0,0,3,8,8,6,0,0,0,13,3,6,10,3,11,5,0,3,0,42,29,88,129,95,107,89,83,37,11,670
11103122422,core,0,8,9,7,8,0,8,0,0,41,0,14,4,8,5,6,10,4,0,49,0,6,12,8,12,9,5,0,0,47,0,3,12,15,7,7,9,3,0,57,0,0,7,9,6,9,0,0,0,32,0,0,6,6,9,10,3,0,0,35,0,0,9,24,15,8,3,0,0,48,0,0,0,3,5,4,0,0,0,12,0,0,6,5,8,14,0,0,0,34,0,0,7,0,4,3,3,0,3,17,41,67,75,92,85,86,71,25,16,561
11103122423,core,0,17,5,0,0,5,5,3,0,30,0,11,11,3,3,7,4,0,0,35,0,10,11,6,3,3,0,0,0,34,0,0,9,5,4,11,0,0,0,31,0,0,7,4,8,4,0,0,0,18,0,0,4,6,0,4,0,0,0,11,0,0,8,3,0,13,0,0,0,32,0,0,0,3,6,0,0,0,0,8,0,0,0,0,0,0,0,0,0,3,0,5,5,3,0,4,5,0,4,22,13,75,62,47,39,49,43,30,14,370
11103122424,core,0,10,5,9,0,3,6,0,0,32,0,10,10,0,0,0,0,5,0,25,0,3,13,6,4,5,4,0,0,41,0,4,18,4,4,7,0,4,0,34,0,3,9,4,4,10,0,0,0,29,0,0,3,9,0,0,0,0,0,19,0,0,6,9,12,5,0,0,0,34,0,0,0,0,8,0,0,0,0,6,0,0,0,9,12,0,0,0,0,17,0,4,0,0,0,0,0,0,0,7,13,63,80,57,46,41,32,14,8,350
11103122425,core,0,6,9,6,0,3,3,4,0,26,0,12,5,0,4,4,3,0,0,35,0,8,10,8,0,0,4,0,0,30,0,6,13,4,8,4,3,0,0,33,0,0,7,4,11,0,0,0,0,25,0,6,8,4,0,5,0,0,0,29,0,0,9,11,4,0,3,0,0,32,0,0,0,6,5,5,0,0,0,10,0,0,0,0,5,6,4,0,0,11,0,3,4,0,0,4,3,0,4,22,18,57,82,57,44,64,48,15,9,401
11103122426,core,3,6,11,3,0,4,9,0,6,48,0,11,13,4,3,6,7,0,0,54,0,5,17,3,6,5,4,0,0,47,0,7,15,7,7,5,4,0,0,36,0,0,16,3,12,6,3,0,0,37,0,0,5,5,4,5,0,0,0,17,0,0,6,12,15,4,0,0,0,43,0,0,0,7,0,3,3,0,0,19,0,0,6,10,10,3,0,0,0,27,0,0,0,3,0,0,9,3,5,30,26,63,94,66,74,71,92,44,20,544
11103122427,core,0,6,3,5,4,6,0,3,0,34,0,3,3,0,3,9,5,6,4,33,0,3,3,10,7,9,10,5,0,47,0,6,4,9,0,3,3,0,0,23,0,3,6,5,3,3,4,0,0,28,0,0,0,7,6,3,0,0,0,27,0,0,3,17,23,6,4,0,0,53,0,0,0,3,5,6,0,0,0,19,0,0,0,15,18,14,0,0,0,47,0,3,3,10,3,0,0,0,0,27,35,47,52,82,91,83,67,32,10,500
11103122428,core,0,0,0,0,0,3,3,0,0,5,0,0,0,0,4,6,0,0,0,13,0,0,6,0,0,4,5,0,0,16,0,0,0,0,5,5,4,0,0,17,0,0,0,4,3,6,0,5,0,25,0,0,0,4,8,0,4,0,0,15,0,0,0,7,9,6,8,4,0,32,0,0,4,3,3,0,0,0,0,7,0,0,4,12,12,0,0,0,0,25,0,3,0,0,0,0,0,0,0,8,21,8,24,50,50,41,47,17,14,275
11103122429,core,0,6,4,6,0,0,7,5,0,31,0,9,0,0,3,3,3,5,0,20,0,5,3,0,9,3,3,5,0,40,0,0,3,3,9,5,5,3,0,24,0,0,3,0,0,3,0,0,0,19,0,0,4,0,8,3,5,3,0,17,0,0,5,12,14,12,0,0,0,38,0,0,0,4,6,4,0,0,0,13,0,0,0,9,22,4,9,0,0,54,0,0,0,0,0,0,0,0,0,6,37,22,43,45,77,63,55,42,17,396
11103122430,core,0,0,0,6,5,5,3,0,0,18,5,3,3,0,3,0,0,0,0,16,0,0,3,0,4,0,4,0,0,17,0,4,7,0,5,5,8,0,0,24,0,0,0,0,8,10,4,0,0,24,0,0,0,6,5,12,7,0,0,28,0,0,6,3,12,10,3,0,0,34,0,0,0,0,7,3,0,0,0,12,0,0,0,10,15,10,0,0,0,35,0,0,0,5,0,0,0,0,0,7,20,24,24,34,66,57,55,15,6,309
11103122431,core,0,5,12,0,3,8,6,4,0,38,0,9,3,11,0,0,3,0,0,26,0,4,6,8,8,5,11,0,0,38,0,3,4,4,0,5,4,5,0,23,0,0,3,5,11,3,6,0,0,20,0,0,7,4,8,3,0,0,0,17,0,0,0,10,14,8,5,0,0,47,0,0,0,5,0,4,0,0,0,17,0,0,0,13,5,8,0,0,0,31,0,8,3,0,0,0,5,0,0,15,41,34,44,75,62,65,50,33,15,415
11103122432,core,0,5,0,0,0,3,5,0,0,10,0,0,3,0,0,10,0,0,0,14,0,0,6,0,0,3,7,4,0,17,0,0,0,4,0,0,0,0,0,12,0,0,0,0,4,0,0,0,0,9,0,0,0,3,0,0,0,0,0,10,0,0,0,3,4,5,0,0,0,20,0,0,0,3,0,0,0,0,0,9,0,0,0,0,10,0,0,0,0,19,0,0,3,0,0,8,0,3,0,13,16,7,25,29,38,36,30,19,7,206
11103122501,core,0,5,0,5,7,3,3,9,0,31,0,3,5,7,8,5,0,3,0,25,0,0,9,9,14,6,4,0,0,50,0,4,0,3,9,0,5,0,0,24,0,0,7,6,12,6,0,0,0,36,0,0,4,5,12,5,0,0,0,37,0,0,3,21,19,7,0,0,0,57,0,0,0,0,6,0,0,0,0,12,0,0,0,4,4,0,0,0,0,8,0,0,0,0,3,0,3,0,0,10,42,34,56,78,98,71,38,28,6,458
11103122502,core,0,6,0,5,3,0,0,0,0,15,0,0,0,4,0,0,6,0,0,13,0,0,0,8,6,0,3,0,0,24,0,0,4,10,3,0,0,0,0,24,0,0,3,7,6,0,0,0,0,16,0,0,5,5,0,0,0,0,0,12,0,0,5,6,18,0,0,0,0,33,0,0,0,0,0,0,0,0,0,7,0,0,3,0,4,3,0,0,0,10,0,0,0,0,0,0,0,0,0,0,21,13,20,48,49,31,23,13,5,225
11103122503,core,0,6,5,0,5,0,0,3,0,11,0,6,3,5,4,8,0,4,0,35,0,4,9,8,11,5,4,0,0,39,0,0,11,6,8,4,0,0,0,32,0,0,3,11,3,3,0,0,0,20,0,0,0,5,7,9,0,0,0,21,0,0,0,11,7,7,0,0,0,23,0,0,0,7,3,0,0,0,0,10,0,0,0,7,6,0,0,0,0,9,0,0,3,3,0,9,0,4,0,19,22,19,45,62,60,53,36,24,9,333
11103122504,core,0,12,3,5,4,4,4,5,0,40,0,14,10,6,7,8,0,5,0,52,0,3,23,6,15,8,4,0,0,62,0,3,17,3,3,9,7,0,0,43,0,4,19,12,0,3,0,0,0,36,0,0,12,12,5,3,0,0,0,35,0,0,17,12,11,3,0,0,0,42,0,0,0,4,0,0,0,0,0,6,0,0,0,8,5,4,0,0,0,9,0,7,14,7,4,8,8,21,18,86,26,68,146,90,76,78,50,56,28,619
11103122505,core,0,3,0,4,4,8,0,0,0,13,0,6,3,6,7,5,3,0,0,26,0,3,5,5,5,3,0,0,0,28,0,0,5,3,6,0,0,0,0,25,0,5,0,6,3,3,0,0,0,15,0,0,0,6,5,0,0,0,0,26,0,0,3,8,12,7,0,0,0,34,0,0,0,5,5,0,0,0,0,7,0,0,0,0,3,0,0,0,0,11,0,3,0,0,3,0,0,4,0,16,35,23,37,65,67,45,27,10,6,317
11103122506,core,0,0,3,0,4,0,0,0,0,12,0,4,4,0,3,10,0,0,0,20,0,8,4,3,3,5,0,0,0,28,0,0,0,4,4,3,3,0,0,19,0,0,0,5,0,5,0,0,0,13,0,0,3,4,0,0,0,0,0,12,0,0,13,12,3,3,0,0,0,30,0,0,0,0,0,0,0,0,0,3,0,0,0,3,0,5,0,0,0,10,0,0,3,0,4,0,0,0,0,13,15,28,37,43,44,47,16,6,6,244
11103122507,core,0,0,6,0,0,8,8,7,4,27,0,0,3,0,0,7,3,3,0,23,0,0,6,0,12,6,4,3,0,35,0,0,5,13,3,7,5,0,0,34,0,0,7,3,0,3,8,0,0,21,0,0,6,4,4,3,0,0,0,12,0,0,8,7,14,7,8,0,0,39,0,0,3,0,4,0,0,0,0,11,0,0,0,3,9,6,0,0,0,15,0,0,0,4,5,8,5,5,0,19,28,20,53,47,59,82,71,36,23,414
11103122508,core,0,11,0,4,5,4,4,4,0,32,0,5,5,0,10,0,7,0,0,35,0,4,7,7,14,3,7,0,0,36,0,5,3,7,12,3,0,0,0,34,0,0,0,8,3,5,0,0,0,23,0,0,5,6,10,3,0,0,0,25,0,0,0,9,16,10,5,0,0,46,0,0,0,3,3,4,0,0,0,13,0,0,0,13,22,8,6,0,0,47,0,0,0,0,0,5,0,0,0,13,53,48,26,61,101,67,54,25,17,456
11103122509,core,0,3,9,7,0,3,0,3,0,19,0,8,4,4,6,7,3,0,0,23,0,0,7,8,4,7,5,0,0,18,0,4,0,3,0,4,3,0,0,20,0,0,7,0,3,4,0,0,0,14,0,0,3,4,6,6,0,0,0,23,0,0,0,11,6,6,4,0,0,30,0,0,0,0,0,0,0,0,0,6,0,0,0,10,3,0,0,0,0,16,0,0,0,3,0,0,3,3,0,13,13,21,31,48,38,58,40,25,16,292
11103122510,core,3,0,0,0,0,0,0,0,0,18,0,4,0,0,7,4,3,5,0,28,0,3,0,3,0,0,3,5,0,13,0,5,6,4,6,4,0,0,0,21,0,0,0,3,3,5,3,0,0,22,0,0,10,3,5,0,0,0,0,13,0,0,5,10,8,7,0,0,0,29,0,0,0,0,5,0,0,0,0,0,0,0,0,0,3,3,0,0,0,10,0,0,0,0,0,0,0,0,0,6,23,20,30,28,52,48,35,17,15,268
11103122511,core,0,0,9,0,0,10,0,0,0,19,0,0,4,4,4,0,3,0,0,19,0,4,9,0,7,0,3,0,0,24,0,0,6,3,3,5,0,0,0,27,0,0,0,3,4,0,0,0,0,6,0,0,0,5,4,6,0,0,0,17,0,0,0,15,11,3,0,0,0,40,0,0,0,3,6,0,0,0,0,13,0,0,3,10,7,0,0,0,0,13,0,0,0,0,0,3,0,0,0,11,25,17,37,59,46,46,24,14,16,290
11103122512,core,5,5,0,5,4,7,4,4,0,27,0,5,0,4,4,0,0,0,0,16,0,0,7,10,6,11,4,4,0,38,0,0,0,9,0,0,3,0,0,11,0,0,8,6,5,5,0,0,0,15,0,0,3,3,6,0,0,0,0,18,0,0,7,13,8,7,0,0,0,39,0,0,0,3,0,3,0,0,0,9,0,0,0,4,0,5,0,0,0,6,0,0,5,0,0,0,3,0,0,12,31,13,36,47,48,49,55,26,3,307
11103122513,core,0,0,3,3,5,9,4,3,0,28,0,5,3,6,0,10,8,0,0,36,0,0,6,3,5,4,9,3,0,34,0,3,0,6,9,0,0,0,0,26,0,0,0,5,3,11,5,0,0,28,0,0,8,4,12,6,0,0,0,31,0,5,3,25,20,10,3,0,0,67,0,0,4,7,9,0,0,0,0,14,0,0,0,12,17,5,0,5,0,39,0,0,0,3,0,5,0,0,0,15,53,32,40,77,97,85,67,27,18,495
11103122514,core,0,9,7,5,3,4,4,3,0,29,0,3,11,0,4,10,3,0,0,36,0,3,11,7,10,7,6,0,0,47,0,0,8,9,3,6,0,0,0,26,0,0,6,5,5,5,0,0,0,28,0,0,9,9,7,4,0,0,0,22,0,0,6,21,13,0,0,0,0,42,0,0,0,3,0,0,0,0,0,5,0,0,0,5,0,0,0,0,0,3,6,0,5,3,0,5,6,9,3,31,26,25,76,71,67,76,54,34,14,433
11103122515,core,0,9,6,5,3,0,0,0,0,14,0,4,4,5,7,3,0,0,0,22,0,0,0,0,6,4,0,0,0,18,0,0,6,0,8,6,0,0,0,21,0,0,4,3,6,0,0,0,0,15,0,0,5,5,3,3,0,0,0,15,0,0,8,5,9,6,0,0,0,31,0,0,0,0,4,0,0,0,0,7,0,0,0,3,0,4,0,0,0,7,0,0,0,4,3,5,0,0,0,14,23,23,45,40,55,46,12,9,3,248
11103122516,core,0,4,3,4,5,0,0,0,0,21,3,4,13,9,11,10,3,0,0,47,0,9,12,5,13,7,0,0,0,47,0,3,16,3,4,0,0,0,0,29,0,0,8,5,4,4,0,0,0,30,0,3,10,6,7,5,0,0,0,20,0,0,14,13,5,0,0,0,0,36,0,0,0,0,0,0,0,0,0,0,0,0,3,0,0,0,0,0,0,6,4,0,9,8,5,0,0,0,0,19,32,36,93,62,74,52,36,15,18,424
11103122517,core,0,4,0,4,4,3,0,0,0,17,0,0,4,12,3,8,4,0,3,30,0,3,3,6,7,0,0,0,0,16,0,4,5,0,3,0,0,0,0,13,0,0,7,4,6,0,3,0,0,16,0,0,10,3,0,0,0,0,0,12,0,0,5,7,7,0,0,0,0,24,0,0,4,0,3,0,0,0,0,5,0,0,0,3,0,0,0,0,0,4,0,0,4,0,3,3,0,0,0,14,21,20,52,50,62,53,30,10,15,305
11103122518,core,0,10,3,4,4,5,4,3,0,27,0,7,5,3,7,13,9,0,0,38,0,6,5,4,5,9,0,0,0,27,0,0,6,3,8,3,3,0,0,29,0,0,10,5,8,0,0,0,0,30,0,0,7,5,0,0,0,0,0,13,0,0,9,18,19,4,0,0,0,57,0,0,0,0,3,0,0,0,0,11,0,0,0,10,5,4,0,0,0,15,0,0,6,0,0,4,0,0,5,11,33,43,57,64,74,68,42,31,9,426
11103122519,core,7,5,5,3,0,5,4,0,0,29,0,6,10,4,12,11,10,0,0,47,0,6,16,0,3,10,5,0,0,52,0,0,4,7,4,5,0,0,0,30,0,0,12,4,4,7,0,0,0,32,0,0,3,0,3,5,6,0,0,20,0,4,7,11,12,5,0,0,0,40,0,0,0,3,0,0,0,0,0,3,0,0,0,3,0,0,0,0,0,11,0,3,0,0,3,0,0,0,0,8,28,33,87,55,57,76,57,18,9,417
11103122520,core,0,3,0,0,0,0,0,0,3,9,0,0,3,3,0,5,0,0,0,15,0,0,0,0,4,6,0,0,0,16,0,0,0,0,3,4,0,0,0,10,0,0,0,4,3,5,0,0,0,10,0,0,0,4,7,3,0,0,0,14,0,0,0,10,10,7,0,0,0,23,0,0,0,0,5,0,0,0,0,7,0,0,0,0,6,0,0,0,0,8,0,0,0,0,0,0,0,3,0,6,22,20,19,16,44,34,17,11,5,184
11103122521,core,3,3,4,0,0,5,5,0,0,27,0,3,3,8,7,6,5,0,0,27,0,4,3,3,8,4,0,0,0,18,0,0,10,3,5,6,0,0,0,29,0,0,0,8,6,3,0,0,0,15,0,0,3,4,14,7,0,0,0,30,0,0,0,8,11,7,0,0,0,37,0,0,0,8,0,3,0,0,0,14,0,0,0,3,5,5,0,0,0,17,0,0,0,4,0,0,0,0,0,12,36,28,46,55,67,65,40,13,8,352
11103122522,core,0,3,0,3,0,3,0,4,0,11,0,0,0,0,0,5,0,5,0,11,0,4,4,0,3,3,0,0,0,22,0,0,5,0,3,10,0,0,0,25,0,0,3,3,4,0,0,5,0,13,0,0,0,0,7,5,0,0,0,9,0,0,0,4,17,11,0,0,0,31,0,0,3,0,4,0,0,0,0,11,0,0,0,3,8,0,0,0,0,17,0,0,0,0,0,3,0,0,0,9,33,27,22,34,53,51,14,17,4,249
11103122523,core,0,3,3,4,6,4,5,0,0,29,0,6,10,3,8,4,0,0,0,42,0,3,10,0,4,6,0,0,0,23,0,3,10,4,0,0,0,0,0,19,0,0,7,4,0,3,0,0,0,19,0,0,0,6,0,0,0,0,0,6,0,0,8,9,0,4,0,0,0,14,0,0,0,0,0,0,0,0,0,4,0,0,0,0,0,0,0,0,0,0,0,4,3,7,6,3,6,0,6,33,18,40,84,61,66,72,60,29,24,453
11103122524,core,0,10,9,0,7,5,0,4,0,42,0,4,7,8,3,6,6,3,0,34,0,3,10,9,15,6,7,0,0,50,0,0,9,3,3,6,3,0,0,30,0,0,5,14,0,5,0,0,0,28,0,0,6,10,4,5,0,0,0,24,0,0,17,12,12,16,0,0,0,48,0,0,3,0,0,0,0,0,0,3,0,0,0,0,3,0,0,0,0,8,3,0,7,0,0,0,4,4,0,18,25,47,85,78,59,53,40,29,6,436
11103122525,core,0,4,0,8,4,3,3,3,3,33,0,9,4,3,6,3,5,0,0,28,0,0,10,4,0,11,10,0,0,28,0,0,3,6,5,5,0,0,0,18,0,0,3,12,8,3,0,0,0,21,0,0,3,8,4,6,0,0,0,16,0,0,9,10,13,3,0,0,0,29,0,0,0,3,0,0,0,0,0,5,0,0,0,5,3,0,0,0,0,11,6,0,0,0,3,4,4,3,5,21,37,24,37,71,56,39,56,34,15,362
11103122526,core,0,4,0,0,3,6,3,4,0,24,0,3,7,7,6,5,7,0,0,39,0,0,16,5,5,13,7,0,0,40,0,0,4,10,12,13,0,0,0,33,0,3,4,3,3,9,0,0,0,22,0,0,8,11,9,7,0,0,0,33,0,0,10,21,10,17,0,0,0,60,0,0,0,0,4,5,0,0,0,11,0,0,0,9,12,0,4,0,0,22,0,0,0,3,4,0,0,0,3,10,41,23,60,78,78,83,48,22,7,450
11103122527,core,0,5,0,0,4,9,0,0,3,16,0,3,0,4,0,0,3,3,0,23,0,0,4,7,3,10,4,0,0,25,0,0,3,0,3,0,0,0,0,9,0,0,6,4,5,5,0,0,0,17,0,0,3,7,0,0,0,0,0,6,0,0,0,6,6,3,0,0,0,18,0,0,0,7,0,0,0,0,0,4,0,0,0,0,7,0,0,0,0,4,0,0,0,0,0,0,0,0,3,10,13,12,18,34,26,40,28,18,11,213
11103122528,core,0,0,3,0,0,3,0,0,0,10,0,0,7,3,0,5,3,0,0,19,0,0,0,5,6,4,5,0,0,18,0,3,5,4,4,0,6,5,0,25,0,0,0,0,0,3,3,0,3,21,0,0,0,3,6,0,3,3,0,18,0,0,0,13,10,3,4,0,0,34,0,0,0,5,4,7,0,4,0,19,0,0,0,18,12,9,11,0,0,44,3,0,0,0,3,0,0,0,0,10,31,12,17,56,49,39,52,21,12,295
11103122529,core,0,0,0,0,4,0,4,5,0,18,0,0,0,3,4,3,0,5,0,11,0,0,3,0,0,7,4,0,0,18,0,0,0,9,3,6,4,0,0,21,0,0,0,7,3,6,0,0,0,11,0,0,3,4,4,3,0,0,0,16,0,0,0,3,6,7,0,0,0,19,0,0,0,0,0,0,0,0,0,5,0,0,0,0,8,0,0,0,0,13,0,0,0,0,0,0,0,0,0,12,22,9,14,30,49,42,33,17,8,221
11103122530,core,0,3,4,4,9,5,0,0,0,25,0,3,0,5,5,5,9,0,0,25,0,3,4,7,12,12,7,4,0,46,0,4,9,4,8,3,0,0,0,31,0,0,13,6,7,12,3,0,0,29,0,0,4,4,3,6,0,0,0,16,0,0,3,9,15,10,6,0,0,46,0,0,0,9,3,0,0,0,0,10,0,0,3,3,10,0,0,0,0,19,0,0,4,4,0,3,5,0,0,10,26,34,46,65,76,86,64,22,15,429
11103122531,core,0,0,0,0,3,0,5,0,0,12,0,9,0,6,0,3,3,0,0,20,0,3,8,0,5,6,3,0,0,24,0,0,0,5,0,0,6,0,0,13,0,0,5,4,0,3,0,0,0,10,0,0,3,4,8,3,0,0,0,13,0,0,4,5,11,5,0,0,0,26,0,0,3,3,4,0,0,0,0,9,0,0,0,3,4,4,0,0,0,16,0,0,0,4,5,0,3,0,0,18,14,18,38,45,51,32,35,17,3,257
11103122532,core,0,0,0,0,4,3,0,0,0,18,0,0,4,0,9,5,4,0,0,24,0,4,6,4,6,3,5,0,0,22,0,0,3,3,4,5,3,0,0,20,0,0,9,4,3,0,0,0,0,21,0,0,3,0,3,3,0,0,0,14,0,0,5,11,11,3,0,0,0,19,0,0,0,0,0,3,0,0,0,9,0,0,0,9,0,0,0,0,0,6,0,0,0,0,0,4,0,0,0,14,17,20,38,39,46,48,30,22,15,266
11103122533,core,0,0,0,0,0,0,0,0,0,0,0,0,0,0,0,0,0,0,0,0,0,0,0,0,0,0,0,0,0,0,0,0,0,0,0,0,0,0,0,0,0,0,0,0,0,0,0,0,0,0,0,0,0,0,0,0,0,0,0,0,0,0,0,0,0,0,0,0,0,0,0,0,0,0,0,0,0,0,0,0,0,0,0,0,0,0,0,0,0,0,4,0,0,0,0,0,0,0,0,12,5,0,0,0,5,0,0,0,0,14
11103122534,core,0,3,0,4,0,0,0,0,0,10,0,8,0,4,6,5,3,3,0,27,0,0,4,0,0,4,4,6,0,24,0,6,0,0,6,11,3,4,0,28,0,0,0,0,6,3,3,3,0,27,0,0,0,0,8,3,3,0,0,20,0,0,5,6,20,12,7,0,0,51,0,0,0,6,3,0,0,3,0,19,0,0,4,17,21,6,8,0,0,54,0,0,0,0,0,5,0,6,0,11,33,28,26,60,78,62,48,35,8,375
11103122535,core,0,0,0,0,0,0,0,0,0,0,0,0,0,0,0,0,0,0,0,0,0,0,0,0,0,0,0,0,0,0,0,0,0,0,0,0,0,0,0,0,0,0,0,0,0,0,0,0,0,0,0,0,0,0,0,0,0,0,0,0,0,0,0,0,0,0,0,0,0,0,0,0,0,0,0,0,0,0,0,0,0,0,0,0,0,0,0,0,0,0,0,0,0,0,0,0,0,0,0,0,0,0,0,0,0,0,0,0,0,0
11103122536,core,0,0,0,4,0,0,0,0,0,7,0,0,0,6,0,0,0,0,0,15,0,4,7,4,4,4,5,0,0,21,0,3,7,3,6,0,6,0,0,23,0,0,8,10,9,0,3,0,0,28,0,0,0,4,3,4,0,0,0,11,0,0,10,8,12,0,0,0,0,27,0,0,0,3,9,0,0,0,0,9,0,0,0,4,7,0,0,0,0,9,0,0,0,0,0,0,0,0,0,5,23,16,35,49,53,24,24,26,11,260
11103122537,core,0,7,0,3,3,0,0,3,0,16,0,4,6,4,3,0,0,0,0,22,0,0,3,9,10,5,0,0,0,26,0,0,6,3,8,4,0,0,0,23,0,0,7,7,3,6,0,0,0,24,0,0,8,11,14,0,0,0,0,25,0,0,5,9,9,4,0,0,0,31,0,0,3,4,0,0,0,0,0,8,0,0,0,8,0,0,0,0,0,13,0,0,0,4,0,0,0,0,0,9,31,12,49,70,68,29,10,15,5,285
11103122538,core,0,0,4,4,3,0,4,4,0,21,0,7,4,4,10,11,0,0,0,34,0,5,13,5,7,3,5,0,0,35,0,0,11,11,8,5,7,0,0,40,0,0,9,5,6,0,0,0,0,28,0,0,5,3,10,0,0,0,0,19,0,0,4,4,9,9,0,0,0,31,0,0,0,4,7,0,0,0,0,11,0,0,0,3,8,0,0,0,0,12,0,0,0,4,0,0,9,0,0,18,28,20,73,69,72,50,45,24,12,385
11103122539,core,3,0,8,0,4,3,0,3,0,25,0,3,6,6,7,0,6,0,4,46,0,3,8,0,3,7,4,0,0,32,0,0,11,5,0,4,4,0,0,26,0,0,3,7,6,5,7,0,0,23,0,0,9,7,8,3,0,0,0,22,0,0,5,10,10,5,7,0,0,26,0,0,0,4,6,0,0,0,0,8,0,0,0,5,3,0,0,0,0,12,0,0,4,3,4,0,10,7,0,24,37,18,70,69,65,61,75,38,11,440
11103122540,core,0,7,5,9,0,0,5,0,3,28,0,4,7,7,4,7,3,0,0,27,0,7,4,5,4,6,5,0,0,32,0,3,5,11,11,10,7,0,0,36,0,0,6,3,4,6,0,0,0,27,0,0,0,3,4,3,0,0,0,16,0,0,9,13,14,3,0,0,0,43,0,0,0,0,3,0,0,0,0,6,0,0,3,0,5,0,0,0,0,8,0,4,0,5,5,0,4,6,9,29,21,42,60,60,64,52,44,16,15,384
11103122541,core,0,0,0,8,0,0,5,7,0,19,0,0,3,0,7,0,3,0,0,24,0,6,7,0,6,6,3,0,0,23,0,0,4,6,6,0,0,0,0,21,0,0,5,3,3,3,0,0,0,16,0,0,6,0,5,0,0,0,0,20,0,0,5,10,4,4,0,0,0,26,0,0,0,0,0,0,0,0,0,3,0,0,0,0,0,4,0,0,0,8,0,0,0,0,0,3,0,5,0,7,23,15,39,33,57,30,37,23,10,256
11103122542,core,5,4,3,0,0,0,3,0,0,14,0,0,5,5,3,4,0,0,0,18,0,0,0,6,3,4,3,0,0,19,0,0,4,0,0,0,0,0,0,15,0,0,0,0,0,3,3,0,0,12,0,0,3,6,4,0,0,0,0,7,0,0,7,3,0,0,0,0,0,18,0,0,0,4,3,0,0,0,0,9,0,0,0,0,5,0,0,0,0,3,0,0,0,4,0,4,0,0,0,15,17,20,33,37,31,22,28,13,9,203
11103122543,core,0,0,3,6,6,4,0,0,0,20,0,9,3,4,9,3,7,0,0,31,0,5,8,8,7,7,5,0,0,37,0,4,5,8,5,6,4,0,0,22,0,0,0,4,3,0,0,0,0,16,0,0,7,0,7,4,0,0,0,16,0,0,4,15,10,4,0,0,0,28,0,0,0,5,3,0,0,0,0,14,0,0,0,4,4,5,0,0,0,11,0,0,0,7,6,0,5,3,0,26,37,41,36,72,70,58,40,30,8,397
11103122601,core,0,0,3,0,3,6,7,0,0,30,0,3,13,5,10,4,0,0,0,35,0,3,10,5,14,6,3,0,0,45,0,0,10,4,6,7,0,0,0,32,0,0,3,3,12,5,0,0,0,23,0,0,9,8,7,7,0,0,0,23,0,0,3,4,3,5,0,0,0,17,0,0,0,3,0,0,0,0,0,5,0,0,0,0,0,0,0,0,0,0,5,0,0,11,0,5,5,0,0,30,35,25,50,61,71,72,47,29,8,391
11103122602,core,4,0,0,3,3,0,0,0,0,12,0,4,0,3,5,3,5,0,0,18,0,0,0,4,4,0,0,0,0,13,0,0,4,9,3,0,0,0,0,20,0,0,0,0,4,5,0,0,0,15,0,0,0,3,0,0,0,0,0,9,0,0,4,6,4,3,0,0,0,11,0,0,0,0,0,0,0,0,0,0,0,0,0,0,0,0,0,0,0,0,0,0,0,0,0,0,0,0,0,0,20,17,27,34,27,29,15,12,0,179
11103122603,core,5,10,3,12,4,7,0,3,4,46,0,10,7,5,9,5,4,4,4,41,0,6,11,13,15,11,0,0,0,60,0,3,12,7,14,0,0,0,0,32,0,0,9,9,8,3,0,0,0,27,0,0,11,11,3,3,0,0,0,32,0,0,10,11,15,8,0,0,0,43,0,0,0,0,7,0,0,0,0,10,0,0,0,0,4,0,0,0,0,8,5,0,0,0,4,4,3,0,0,21,75,75,72,95,114,72,42,27,3,571
11103122604,core,0,0,0,0,5,3,0,0,0,17,0,0,5,0,3,4,0,0,0,15,0,0,4,3,3,0,0,0,0,25,0,0,0,5,4,5,0,0,0,15,0,0,4,0,0,3,0,0,0,10,0,0,0,3,4,0,0,0,0,3,0,0,5,0,4,3,0,0,0,16,0,0,0,0,0,0,0,0,0,6,0,0,0,0,0,0,0,0,0,0,0,0,3,0,0,0,0,0,0,7,16,18,39,28,30,52,26,7,4,223
11103122605,core,4,0,3,3,3,3,5,0,0,26,0,9,3,5,6,3,0,0,0,38,0,0,8,8,5,12,8,0,0,38,0,3,5,8,11,7,4,0,0,38,0,0,0,10,10,10,0,0,0,31,0,0,4,3,11,9,0,0,0,23,0,0,0,9,24,11,0,0,0,48,0,0,0,0,3,0,0,0,0,3,0,0,0,0,5,5,0,0,0,9,0,8,3,5,6,5,0,0,0,18,56,28,42,68,95,82,47,24,5,440
11103122606,core,0,0,0,3,3,4,0,0,0,11,0,3,4,0,4,3,4,0,0,21,0,0,6,4,8,3,4,0,0,19,0,0,0,0,5,0,0,0,0,11,0,0,3,5,3,0,0,0,0,13,0,0,0,3,4,0,0,0,0,7,0,0,0,10,4,0,0,0,0,18,0,0,0,0,0,0,0,0,0,4,0,0,0,0,0,0,0,0,0,7,0,0,0,0,0,0,4,0,0,7,15,27,25,37,55,27,32,5,0,221
11103122608,core,0,5,0,0,7,0,5,0,0,19,0,5,7,3,15,3,0,4,0,32,0,3,15,3,4,10,3,0,0,35,0,0,14,3,11,0,0,0,0,29,0,0,6,6,6,6,0,0,0,25,0,0,3,8,12,0,0,0,0,24,0,0,0,4,15,4,0,0,0,20,0,0,4,0,3,0,0,0,0,6,0,0,0,3,0,0,0,0,0,3,0,0,11,3,4,4,3,0,0,21,34,35,70,54,86,37,31,16,6,368
11103122609,core,0,8,8,0,7,5,5,0,0,30,0,3,10,5,9,7,5,0,0,39,0,9,9,4,8,5,4,0,0,37,0,6,4,0,9,4,0,0,0,27,0,0,3,7,10,6,0,0,0,25,0,0,8,4,5,4,0,0,0,24,0,0,3,3,9,8,0,0,0,21,0,0,0,0,0,0,0,0,0,0,0,0,0,0,6,0,0,0,0,5,0,0,0,0,0,3,5,0,0,12,42,38,55,39,76,61,46,9,5,381
11103122610,core,0,6,0,4,0,8,0,0,3,16,0,8,15,0,7,9,0,0,0,33,0,4,11,3,8,5,5,0,0,32,0,0,5,9,5,0,0,0,0,19,0,0,6,0,3,3,0,0,0,14,0,0,3,3,3,0,0,0,0,10,0,0,0,0,0,3,0,0,0,8,0,0,0,0,0,0,0,0,0,0,0,0,0,0,0,0,0,0,0,0,0,0,0,0,0,0,0,0,0,7,10,25,56,38,36,41,17,9,9,251
11103122611,core,0,4,3,0,0,5,3,0,0,27,0,3,8,4,9,6,0,0,0,26,0,10,10,5,0,3,0,0,0,20,0,0,7,6,9,0,0,0,0,22,0,0,8,8,5,0,0,0,0,20,0,0,4,0,0,0,0,0,0,6,0,0,4,3,4,0,0,0,0,11,0,0,0,0,0,0,0,0,0,0,0,0,0,0,0,0,0,0,0,0,0,0,4,4,3,0,0,0,0,16,18,22,55,43,48,28,38,12,3,266
11103122613,core,0,0,6,0,0,0,0,0,0,14,0,4,8,0,3,4,0,0,0,23,0,0,7,7,12,0,0,0,0,25,0,0,3,4,3,3,0,0,0,17,0,0,6,6,8,4,0,0,0,22,0,0,0,5,6,4,0,0,0,12,0,0,0,13,3,4,0,0,0,22,0,0,0,0,3,4,0,0,0,9,0,0,0,0,5,0,0,0,0,8,5,0,0,0,8,0,0,3,0,12,28,18,50,47,57,27,16,18,0,256
11103122614,core,0,0,3,0,7,6,4,0,0,20,0,0,3,0,3,4,9,0,0,20,0,4,8,4,12,10,4,0,0,40,0,0,7,3,6,5,0,0,0,24,0,0,3,9,5,4,0,0,0,26,0,0,6,3,13,0,0,0,0,17,0,0,5,9,7,11,0,0,0,25,0,0,0,0,4,0,0,0,0,8,0,0,0,0,0,5,0,0,0,6,0,0,0,0,0,0,0,0,0,5,47,18,47,53,55,69,42,10,0,346
11103122615,core,4,5,3,9,0,9,5,0,0,21,0,4,4,5,6,11,4,0,0,30,0,5,3,15,13,3,3,0,0,41,0,0,6,8,17,3,0,0,0,30,0,0,5,9,4,0,0,0,0,22,0,0,3,6,6,0,0,0,0,14,0,0,8,7,8,3,0,0,0,27,0,0,4,0,0,0,0,0,0,6,0,0,0,0,4,0,0,0,0,4,0,0,0,0,6,6,0,0,0,11,34,29,41,73,66,54,45,9,0,357
11103122616,core,0,0,0,3,6,5,3,0,0,17,0,7,7,5,0,0,0,0,0,20,0,3,0,3,6,0,0,0,0,13,0,0,0,0,0,0,0,0,0,8,0,0,0,7,7,0,0,0,0,12,0,0,5,0,0,0,0,0,0,12,0,0,7,0,10,3,0,0,0,19,0,0,0,3,0,0,0,0,0,3,0,0,0,3,6,0,0,0,0,4,0,0,0,0,6,0,0,0,0,4,25,19,24,36,51,17,23,0,0,191
11103122617,core,0,0,3,5,3,3,3,0,0,17,0,4,8,6,4,8,0,0,0,27,0,0,7,0,4,4,0,0,0,19,0,0,13,0,0,4,0,0,0,16,0,0,7,7,3,5,0,0,0,19,0,3,0,5,0,5,0,0,0,9,0,0,7,6,3,5,0,0,0,25,0,0,0,0,0,0,0,0,0,0,0,0,0,0,0,0,0,0,0,0,0,0,3,0,0,0,0,0,0,5,19,9,55,31,37,50,20,5,0,221
11103122618,core,0,3,7,8,9,7,3,0,0,38,0,3,3,7,5,0,0,0,0,24,0,4,7,7,0,8,3,0,0,32,0,0,5,8,3,0,0,0,0,32,0,0,3,8,3,6,0,0,0,17,0,0,0,3,3,0,0,0,0,10,0,0,7,0,3,4,0,0,0,18,0,0,0,0,0,0,0,0,0,0,0,0,0,0,0,0,0,0,0,5,0,0,0,5,3,0,0,0,0,11,18,21,59,55,43,57,46,15,3,319
11103122619,core,0,4,0,4,0,0,0,0,0,16,0,8,15,5,3,5,0,0,0,37,0,0,4,9,7,0,0,0,0,21,0,3,3,7,3,0,0,0,0,18,0,0,0,3,4,0,0,0,0,8,0,0,6,3,3,0,0,0,0,9,0,0,0,4,5,4,0,0,0,10,0,0,4,0,0,0,0,0,0,3,0,0,0,0,0,0,0,0,0,7,0,0,6,4,5,0,4,0,0,18,21,23,44,47,42,35,39,29,10,290
11103122620,core,0,5,0,0,4,5,9,4,0,25,0,0,4,5,4,0,0,0,0,26,0,0,5,4,3,0,0,0,0,19,0,3,5,7,0,0,0,0,0,9,0,0,8,0,0,0,0,0,0,9,0,0,4,4,0,0,0,0,0,5,0,0,3,0,0,3,0,0,0,12,0,0,0,0,0,0,0,0,0,0,0,0,0,0,0,0,0,0,0,0,0,0,0,4,0,3,3,0,0,6,19,14,40,35,30,30,35,14,0,204
11103122621,core,4,0,0,0,0,3,0,0,0,10,0,0,0,4,7,0,6,0,0,16,0,0,3,5,0,9,3,0,0,20,0,0,5,3,0,3,0,0,0,12,0,0,0,0,0,3,0,0,0,3,0,0,0,0,0,3,0,0,0,7,0,0,0,4,4,3,0,0,0,6,0,0,0,0,0,0,0,0,0,0,0,0,0,0,0,0,0,0,0,0,0,5,0,4,0,0,0,0,0,8,7,11,16,21,16,39,32,7,8,152
11103122622,core,0,4,0,0,0,0,0,0,0,4,0,5,0,0,0,0,0,0,0,6,0,0,0,0,0,0,0,0,0,4,0,0,0,0,0,0,0,0,0,0,0,0,0,0,0,0,0,0,0,0,0,0,0,0,0,0,0,0,0,4,0,0,0,0,0,0,0,0,0,0,0,0,0,0,0,0,0,0,0,0,0,0,0,0,0,0,0,0,0,0,0,0,0,0,0,3,0,0,0,0,0,14,0,5,4,9,0,0,0,31
11103122623,core,6,4,4,0,3,7,0,0,0,30,0,3,5,7,7,9,0,0,0,32,0,0,6,6,5,4,0,0,0,22,0,0,10,3,5,4,0,0,0,21,0,0,0,4,6,4,0,0,0,14,0,0,4,4,3,5,0,0,0,15,0,0,5,7,6,0,0,0,0,15,0,0,0,0,0,0,0,0,0,0,0,0,0,0,0,0,0,0,0,0,0,0,0,0,0,0,0,3,0,6,20,27,53,39,43,39,27,14,4,259
11103122624,core,0,3,0,0,3,0,7,0,0,20,0,3,0,5,3,7,3,0,0,26,0,0,10,3,9,0,4,0,0,26,0,3,5,3,4,7,0,0,0,17,0,0,6,0,5,8,0,0,0,15,0,0,6,5,3,5,0,0,0,15,0,0,9,10,7,0,0,0,0,27,0,0,0,0,4,0,0,0,0,7,0,0,0,0,0,0,0,0,0,6,0,0,7,0,0,0,0,0,0,10,29,24,40,41,46,44,29,8,0,275
11103122625,core,0,4,7,5,0,5,3,0,0,31,0,5,3,10,8,3,0,0,0,28,0,5,9,10,7,7,3,0,0,31,0,3,12,4,5,7,0,0,0,29,0,0,10,4,0,5,0,0,0,21,0,0,3,0,8,4,0,0,0,19,0,0,0,10,9,0,0,0,0,20,0,0,4,0,0,0,0,0,0,4,0,0,0,0,0,0,0,0,0,0,0,0,0,3,0,5,0,0,0,6,19,25,61,57,55,54,44,18,5,339
11103122626,core,0,6,7,11,4,0,0,0,0,29,0,4,11,10,8,3,0,0,0,39,0,8,5,6,11,10,0,0,0,41,0,3,12,10,4,0,0,0,0,22,0,6,6,0,8,5,0,0,0,16,0,0,3,3,9,0,0,0,0,17,0,0,3,5,9,0,0,0,0,21,0,0,0,0,0,0,0,0,0,4,0,0,0,0,0,0,0,0,0,4,0,0,0,0,0,5,0,0,5,13,21,33,57,54,60,49,33,14,7,333
11103122627,core,3,4,4,0,0,0,3,0,0,10,0,3,5,0,0,3,0,0,0,16,0,4,9,7,11,10,0,0,0,38,0,5,0,5,6,5,3,0,0,21,0,0,4,10,4,0,0,0,0,22,0,0,0,6,0,0,0,0,0,13,0,0,6,3,4,7,0,0,0,16,0,0,0,0,0,0,0,0,0,3,0,0,0,0,0,0,0,0,0,0,4,0,0,0,4,0,0,3,0,9,25,19,33,30,39,51,21,8,3,230
11103122628,core,0,5,5,7,0,3,3,4,0,27,0,3,4,5,4,3,0,0,0,30,0,0,11,6,14,5,0,0,0,41,0,4,5,10,6,9,0,0,0,38,0,0,5,5,6,3,0,0,0,18,0,0,4,4,8,4,0,0,0,15,0,0,0,5,4,0,0,0,0,16,0,0,0,7,0,0,0,0,0,3,0,0,0,0,0,0,0,0,0,0,0,0,3,6,0,0,0,0,0,7,23,28,66,63,56,40,30,11,0,317
11103122629,core,0,5,11,9,3,4,5,0,0,29,0,8,11,10,3,0,0,0,0,39,0,3,5,8,9,7,0,0,0,33,0,0,3,5,10,3,0,0,0,20,0,0,8,14,12,7,0,0,0,30,0,0,11,6,4,6,3,0,0,26,0,0,3,12,16,11,0,0,0,46,0,0,0,0,0,0,0,0,0,7,0,0,0,4,0,0,0,0,0,5,0,0,4,0,3,0,0,0,0,11,45,40,74,78,66,53,37,17,6,409
11103122631,core,0,0,4,0,0,0,0,0,0,3,0,0,0,0,0,0,0,0,0,0,0,0,0,0,0,0,0,0,0,0,0,0,0,0,0,0,0,0,0,0,0,0,0,0,0,0,0,0,0,0,0,0,0,0,0,0,0,0,0,0,0,0,0,0,0,0,0,0,0,0,0,0,0,0,0,0,0,0,0,0,0,0,0,0,0,0,0,0,0,0,0,0,0,0,0,0,0,0,0,0,3,0,4,3,0,3,0,0,0,13
11103122632,core,0,0,0,0,0,0,0,0,0,14,0,3,4,8,3,0,0,0,0,20,0,0,10,3,0,8,0,0,0,19,0,0,0,10,6,3,0,0,0,18,0,0,0,7,4,3,0,0,0,16,0,0,3,3,6,0,0,0,0,14,0,0,3,6,13,6,0,0,0,28,0,0,0,0,0,0,0,0,0,5,0,0,0,0,0,5,0,0,0,6,0,0,0,0,0,0,0,0,0,4,42,18,34,53,51,32,17,7,0,260
11103122633,core,0,0,0,0,0,0,0,0,0,0,0,0,0,0,0,0,0,0,0,0,0,0,0,0,0,0,0,0,0,0,0,0,0,0,0,0,0,0,0,0,0,0,0,0,0,0,0,0,0,0,0,0,0,0,0,0,0,0,0,0,0,0,0,0,0,0,0,0,0,0,0,0,0,0,0,0,0,0,0,0,0,0,0,0,0,0,0,0,0,0,0,0,0,0,0,0,0,0,0,0,0,0,0,0,0,0,0,0,0,0
11103122634,core,0,3,8,8,0,0,0,3,0,19,0,3,7,8,0,6,0,0,0,27,0,5,9,7,4,4,0,0,0,32,0,0,17,12,8,0,0,0,0,33,3,0,6,16,3,0,0,0,0,30,0,0,7,12,4,3,0,0,0,20,0,0,9,18,3,0,0,0,0,34,0,0,0,4,0,0,0,0,0,5,0,0,0,4,3,0,0,0,0,8,0,0,4,0,0,0,4,0,0,9,27,34,86,113,35,33,31,8,5,376
11103122635,core,0,7,4,8,0,3,0,0,0,22,0,3,4,11,0,4,0,0,0,31,0,0,8,10,7,4,0,0,0,30,0,0,9,16,5,0,0,0,0,38,0,0,8,12,9,0,0,0,0,25,0,0,8,12,0,3,0,0,0,17,0,0,8,19,9,3,0,0,0,33,0,0,0,5,0,0,0,0,0,7,0,0,0,4,0,0,0,0,0,8,0,0,0,0,0,0,0,0,0,3,27,16,58,108,42,28,14,3,0,298
11103122636,core,0,6,14,3,9,5,0,0,0,33,0,7,9,7,12,0,0,0,0,31,0,4,21,8,0,0,0,0,0,38,0,5,10,20,8,5,0,0,0,46,0,0,14,13,5,5,0,0,0,38,0,0,10,9,8,4,0,0,0,27,0,0,12,23,9,3,0,0,0,49,0,0,0,8,0,0,0,0,0,9,0,0,4,4,4,0,0,0,0,13,0,0,7,7,3,0,4,0,0,25,51,45,138,126,61,26,20,3,0,465
11103122637,core,0,16,5,16,8,0,4,0,0,54,0,8,20,15,9,4,0,0,0,67,0,11,28,30,16,4,0,0,0,91,0,11,26,20,17,4,0,0,0,72,0,0,34,26,12,3,0,0,0,75,0,0,20,31,9,0,0,0,0,65,0,0,17,30,15,4,0,0,0,69,0,0,3,5,0,6,0,0,0,16,0,0,3,8,10,0,0,0,0,16,0,4,10,19,4,0,8,0,0,41,62,96,214,235,101,48,38,10,0,803
11103122638,core,0,3,3,12,6,7,4,0,0,38,0,6,11,7,3,7,5,0,0,42,0,5,14,14,18,9,8,0,0,62,0,4,6,12,13,9,0,0,0,42,0,0,14,18,11,4,3,0,0,51,0,0,3,12,10,9,0,0,0,37,0,0,8,29,14,5,4,0,0,63,0,0,0,14,11,6,0,0,0,22,0,0,3,6,11,3,0,0,0,26,4,0,5,0,0,0,0,0,0,15,58,48,81,146,136,58,46,21,5,596
11103122639,core,0,0,6,4,4,0,0,0,0,28,0,6,7,11,8,3,7,0,0,28,0,0,7,12,8,7,0,0,0,37,0,0,9,10,10,0,0,0,0,33,0,0,9,8,9,4,0,0,0,27,0,0,0,6,0,0,0,0,0,10,0,0,5,26,14,4,0,0,0,56,0,0,0,9,0,0,0,0,0,4,0,0,0,6,6,0,0,0,0,10,0,0,0,6,0,0,0,0,0,8,42,19,57,108,76,24,17,9,3,349
11103122640,core,4,13,7,7,14,0,0,0,0,42,3,9,15,11,10,12,0,0,0,63,0,14,19,16,12,11,0,0,0,75,0,4,16,20,10,8,0,0,0,61,0,0,9,15,17,5,0,0,0,42,0,0,10,15,20,3,0,0,0,50,0,0,14,36,31,12,0,0,0,87,0,0,3,10,7,0,0,0,0,24,0,0,5,11,5,0,0,0,0,18,0,0,10,4,0,0,0,0,0,17,108,69,133,158,154,64,30,8,0,725
11103122641,core,0,7,8,6,0,0,0,0,0,20,5,0,4,4,4,4,0,0,0,26,0,4,6,17,7,5,0,0,0,39,0,3,13,8,13,0,0,0,0,35,0,0,9,13,4,0,0,0,0,32,0,0,3,11,4,0,0,0,0,19,0,0,13,37,14,8,0,0,0,72,0,0,0,6,5,0,0,0,0,18,0,0,0,0,8,0,0,0,0,12,5,0,5,0,3,0,0,0,0,9,44,26,67,128,79,27,14,5,0,384
11103122642,core,0,4,5,9,9,6,0,0,0,27,0,3,11,11,5,0,0,0,0,34,0,0,11,21,7,3,0,0,0,41,0,0,12,17,13,4,4,0,0,43,0,0,11,17,13,0,0,0,0,44,0,0,13,15,8,0,4,0,0,39,0,0,19,46,22,9,0,0,0,88,0,0,0,0,0,0,0,0,0,8,0,0,0,9,5,0,0,0,0,22,0,0,8,0,7,0,5,0,0,12,47,36,96,152,94,39,41,8,0,509
11103122701,core,0,0,4,0,0,0,0,0,4,9,0,0,4,0,3,3,0,0,0,14,0,3,10,3,11,6,0,0,0,28,0,0,3,6,4,4,0,0,0,17,0,3,3,0,0,6,0,0,0,16,0,0,6,3,0,0,0,0,0,9,0,0,4,4,4,5,0,0,0,21,0,0,0,0,0,0,0,0,0,0,0,0,0,0,0,0,0,0,0,4,0,0,3,0,0,0,0,0,0,5,12,15,41,18,32,41,28,10,0,199
11103122702,core,0,0,0,0,0,0,0,0,0,0,0,0,0,0,0,0,0,0,0,0,0,0,0,0,0,0,0,0,0,0,0,0,0,0,0,0,0,0,0,0,0,0,0,0,0,0,0,0,0,0,0,0,0,0,0,0,0,0,0,0,0,0,0,0,0,0,0,0,0,0,0,0,0,0,0,0,0,0,0,0,0,0,0,0,0,0,0,0,0,0,0,0,0,0,0,0,0,0,0,0,0,0,0,0,0,0,0,0,0,4
11103122703,core,0,0,3,0,6,3,0,0,0,17,0,0,7,5,4,0,0,0,0,14,0,0,9,0,0,4,0,0,0,20,0,0,15,4,3,3,0,0,0,29,0,0,5,7,0,0,0,0,0,18,0,0,5,3,0,0,0,0,0,12,0,0,7,6,3,6,0,0,0,19,0,0,0,0,0,0,0,0,0,4,0,0,0,0,0,0,0,0,0,0,5,12,6,7,5,0,0,0,0,27,11,20,69,43,35,36,16,8,3,237
11103122704,core,0,9,8,5,0,4,3,0,0,28,0,0,11,0,4,7,4,0,0,24,0,0,10,9,0,5,0,0,0,23,0,0,5,5,5,8,0,0,0,24,0,0,5,3,4,3,0,0,0,21,0,0,4,4,3,0,0,0,0,20,0,0,14,10,7,0,0,0,0,33,0,0,0,0,0,0,0,0,0,0,0,0,0,0,0,0,0,0,0,4,0,0,0,0,0,3,0,3,0,10,5,22,77,51,35,39,25,9,0,260
11103122705,core,0,0,8,3,8,0,4,0,0,27,0,0,14,9,5,4,0,0,0,31,0,3,6,6,0,4,0,0,0,22,0,5,13,4,3,9,0,0,0,33,0,0,8,9,0,3,4,0,0,23,0,0,7,10,0,4,0,0,0,22,0,0,4,6,5,3,0,0,0,22,0,0,0,6,0,0,0,0,0,9,0,0,0,4,0,0,0,0,0,4,0,0,0,0,0,3,0,0,0,6,9,10,77,69,32,43,21,9,5,275
11103122706,core,0,5,6,9,0,9,4,4,0,33,0,4,13,7,8,8,4,3,0,39,0,0,8,7,4,4,3,0,0,30,0,0,12,9,6,7,0,0,0,33,0,0,26,12,7,0,0,0,0,43,0,0,3,9,4,0,0,0,0,18,0,0,15,22,11,4,0,0,0,45,0,0,0,0,0,0,0,0,0,3,0,0,0,3,0,0,0,0,0,3,0,0,5,0,0,0,0,0,0,5,22,37,96,89,48,52,42,13,5,418
11103122707,core,0,9,13,9,3,6,0,0,0,43,0,3,18,3,4,10,0,3,0,47,0,10,11,14,12,10,0,0,0,52,0,6,16,8,8,5,0,0,0,44,0,0,12,6,5,10,4,0,0,37,0,0,11,9,3,6,0,0,0,32,0,0,11,10,13,6,0,0,0,36,0,0,0,5,5,0,0,0,0,3,0,0,0,3,0,0,0,0,0,6,0,3,0,5,3,0,3,0,0,19,25,45,132,81,73,84,38,23,6,509
11103122708,core,0,0,7,4,9,0,0,0,0,23,0,5,14,8,7,9,4,0,0,35,0,4,14,9,10,4,4,0,0,42,0,3,11,3,3,0,4,0,0,21,0,0,11,11,6,3,0,0,0,32,0,0,8,6,7,4,0,0,0,25,0,0,16,14,5,0,0,0,0,39,0,0,0,0,0,0,0,0,0,0,0,0,0,0,0,0,0,0,0,4,0,0,9,0,3,5,0,0,0,22,16,38,104,74,50,58,42,19,8,400
11103122709,core,0,0,7,0,4,6,3,4,0,25,0,3,9,3,4,6,0,0,0,25,0,0,11,3,7,10,0,0,0,31,0,0,8,0,4,0,0,0,0,23,0,0,8,8,0,0,0,0,0,23,0,0,0,10,0,3,0,0,0,18,0,0,16,9,7,5,0,0,0,34,0,0,0,3,0,0,0,0,0,3,0,0,0,0,0,0,0,0,0,3,0,0,4,5,0,0,3,6,6,13,8,25,73,62,44,37,29,13,6,295
11103122710,core,0,3,10,6,3,0,0,0,0,29,0,3,10,8,3,3,0,0,0,37,0,3,6,7,6,3,0,0,0,27,0,4,12,5,4,3,0,0,0,28,0,0,16,3,8,3,0,0,0,30,0,0,4,9,5,0,0,0,0,13,0,0,15,11,8,5,0,0,0,34,0,0,3,0,0,0,0,0,0,0,0,0,4,0,0,0,0,0,0,3,3,9,12,9,5,5,0,0,0,36,23,42,113,52,53,45,33,8,7,373
11103122711,core,0,5,15,3,4,6,9,0,0,39,0,3,6,3,3,9,0,0,0,27,0,3,22,10,5,5,0,0,0,45,0,3,17,13,4,0,0,0,0,34,0,0,8,13,5,3,0,0,0,27,0,0,15,11,5,0,0,0,0,27,0,0,13,9,9,0,0,0,0,36,0,0,3,0,0,3,0,0,0,4,0,0,0,0,4,0,0,0,0,3,0,0,3,8,4,4,4,0,0,29,17,29,127,82,60,65,45,5,8,432
11103122712,core,0,0,3,0,5,3,4,0,0,26,0,0,8,8,5,0,0,0,0,20,0,3,3,4,0,0,0,0,0,18,0,0,7,4,3,0,0,0,0,13,0,0,5,0,6,0,0,0,0,8,0,3,5,0,0,0,0,0,0,12,0,0,4,8,3,0,0,0,0,14,0,0,0,0,0,0,0,0,0,0,0,0,0,0,0,0,0,0,0,0,0,0,0,0,0,0,0,0,0,8,10,21,42,22,36,21,25,7,0,178
11103122713,core,0,4,8,3,7,10,7,0,0,36,0,10,15,12,4,5,0,0,0,41,0,13,22,10,5,9,3,0,0,58,0,0,15,11,7,4,0,0,0,39,0,0,13,10,4,4,0,0,0,31,0,3,9,3,3,0,0,0,0,20,0,0,5,13,6,5,0,0,0,31,0,0,3,0,0,0,0,0,0,7,0,0,0,3,0,0,0,0,0,4,3,0,19,6,0,3,8,0,3,40,20,55,128,93,59,66,48,31,8,508
11103122714,core,0,12,8,4,8,0,5,0,0,37,6,7,17,10,8,4,0,0,0,45,0,5,10,15,5,11,4,0,0,54,0,3,19,5,3,3,0,0,0,36,0,0,8,13,6,3,3,0,0,29,0,0,12,8,6,4,0,0,0,28,0,0,12,9,8,0,0,0,0,29,0,0,5,6,0,0,0,0,0,4,0,0,0,5,0,4,0,0,0,6,3,3,8,4,4,3,3,0,0,32,28,58,111,87,72,53,45,31,18,499
11103122715,core,0,5,0,0,0,3,3,0,0,16,0,3,9,0,0,0,5,0,0,24,0,0,12,4,7,3,0,5,0,23,0,0,3,3,0,8,6,6,0,20,0,0,4,0,0,9,0,0,0,12,0,0,0,3,3,0,0,0,0,6,0,0,11,0,6,5,5,0,0,26,0,0,0,0,0,0,0,0,0,4,0,0,0,0,0,0,0,0,0,0,0,0,0,0,0,7,17,52,82,160,19,22,51,29,24,43,77,68,91,410
11103122716,core,0,4,0,0,0,0,0,0,0,13,0,4,4,0,6,9,6,0,0,27,0,0,0,0,0,3,0,0,0,18,0,0,3,0,3,0,3,0,0,7,0,0,0,0,0,0,0,0,0,6,0,0,0,0,0,0,0,0,0,3,0,0,0,0,7,4,0,0,0,10,0,0,0,0,0,0,0,0,0,0,0,0,0,0,0,0,0,0,0,0,0,0,0,8,3,0,4,0,3,19,18,20,27,19,36,55,54,19,20,255
11103122717,core,0,3,6,5,4,3,9,0,0,32,0,7,9,6,5,0,0,0,0,31,0,0,16,10,13,7,0,0,0,50,0,3,12,6,0,3,0,3,0,32,0,0,12,7,0,0,0,0,0,20,0,0,9,11,4,3,0,0,0,31,0,0,4,9,9,0,0,0,0,18,0,0,0,0,0,0,0,0,0,0,0,0,0,0,0,0,0,0,0,3,0,0,3,5,6,0,5,0,4,20,26,40,94,71,53,47,35,17,6,395
11103122718,core,0,4,4,8,0,4,9,0,0,37,0,3,9,3,4,7,0,0,0,29,0,4,10,11,15,4,0,0,0,33,0,0,12,8,3,0,0,0,0,22,0,0,20,7,4,4,0,0,0,35,0,0,14,9,0,0,0,0,0,27,0,0,11,8,4,0,0,0,0,25,0,0,3,3,0,0,0,0,0,3,0,0,0,0,0,0,0,0,0,0,0,5,0,5,3,0,0,3,0,23,15,38,100,79,45,50,31,14,16,380
11103122719,core,4,4,3,8,5,0,6,0,0,27,0,0,10,6,8,7,4,3,0,29,0,3,8,8,9,6,0,0,0,39,0,0,3,10,9,4,0,0,0,23,0,0,9,12,11,6,0,0,0,34,0,0,9,9,3,3,0,0,0,27,0,0,6,15,6,4,0,0,0,33,0,0,0,3,0,6,0,0,0,5,0,0,0,0,0,0,4,0,0,6,0,0,0,0,0,0,0,0,0,3,32,15,70,70,64,50,32,21,8,373
11103122720,core,0,7,3,7,5,4,7,0,0,32,0,0,9,7,0,8,0,0,0,27,0,10,13,11,6,10,4,0,0,50,0,0,8,3,3,9,0,0,0,30,0,0,10,4,0,9,0,0,0,27,0,0,11,10,3,0,0,0,0,21,0,0,13,14,7,5,0,0,0,42,0,0,5,0,0,0,0,0,0,4,0,0,0,4,0,0,0,0,0,4,0,3,0,0,3,0,0,0,0,9,19,29,95,60,55,60,42,22,5,383
11103122721,core,0,10,11,4,0,3,4,0,0,26,0,4,11,5,0,3,3,0,0,28,0,0,16,7,3,6,0,0,0,36,0,0,11,9,4,0,0,0,0,28,0,0,11,14,0,0,0,0,0,28,0,0,6,0,0,0,0,0,0,13,0,0,0,3,4,3,0,0,0,14,0,0,0,3,0,0,0,0,0,5,0,0,0,0,0,0,0,0,0,0,0,4,3,4,4,5,0,0,0,22,8,46,79,70,45,32,27,11,3,340
11103122722,core,0,7,5,0,0,0,0,0,0,18,0,0,0,3,4,0,3,0,0,17,0,0,8,0,0,7,0,0,0,12,0,0,4,4,0,0,0,0,0,11,0,0,0,0,0,0,0,0,0,8,0,0,4,4,0,0,0,0,0,5,0,0,3,7,3,0,0,0,0,17,0,0,0,0,0,0,0,0,0,4,0,0,0,3,0,0,0,0,0,7,0,0,3,8,3,0,3,4,0,25,10,36,52,31,24,17,24,21,12,219
11103122723,core,0,0,5,0,3,0,4,0,10,30,0,0,7,4,0,4,4,0,0,24,0,0,13,5,8,4,0,0,0,22,0,0,9,3,5,7,0,0,0,22,0,0,9,5,3,4,0,0,0,19,0,0,7,3,3,3,0,0,0,21,0,0,17,9,0,9,3,0,0,32,0,0,0,0,0,0,0,0,0,3,0,0,0,0,0,5,0,0,0,3,0,10,14,7,0,8,16,9,11,70,19,45,93,44,30,59,63,65,95,515
11103122724,core,0,3,5,6,3,5,7,5,0,37,0,4,3,4,9,10,0,0,0,34,0,3,14,17,9,8,10,0,0,58,0,0,11,8,7,8,0,0,0,35,0,4,14,3,0,6,0,0,0,30,0,6,10,5,6,4,0,0,0,29,0,0,15,9,10,3,0,0,0,35,0,0,0,3,0,0,0,0,0,11,0,0,0,4,0,0,0,0,0,3,5,0,0,4,0,0,3,6,0,23,19,21,98,90,64,70,75,46,16,502
11103122725,core,0,0,7,3,7,3,0,0,0,32,0,3,3,9,9,10,3,4,0,42,0,7,9,4,5,3,0,0,0,27,0,0,7,0,7,3,0,0,0,23,0,0,6,0,3,5,0,0,0,20,0,0,6,4,8,0,0,0,0,22,0,0,4,7,4,0,0,0,0,23,0,0,3,0,0,0,0,0,0,6,0,0,0,0,0,0,0,0,0,0,0,3,9,9,0,4,3,0,0,32,28,39,86,53,68,46,27,19,3,373
11103122726,core,0,3,4,0,0,0,0,5,0,21,0,10,6,0,4,5,0,5,0,36,0,5,11,6,4,0,3,0,0,38,0,0,5,4,0,4,3,0,0,22,0,0,6,0,10,3,0,0,0,12,0,0,3,4,0,0,4,0,0,14,0,0,0,10,3,0,0,0,0,14,0,0,0,0,0,0,0,0,0,5,0,0,0,0,0,0,0,0,0,0,0,0,0,0,0,0,0,0,0,0,7,27,50,48,41,38,29,24,5,275
11103122727,core,0,0,3,5,0,3,4,0,0,13,0,0,5,10,5,0,4,0,0,16,0,0,3,3,0,4,0,0,0,20,0,0,6,0,0,0,3,0,0,11,0,0,3,0,3,3,0,0,0,16,0,0,0,5,7,0,0,0,0,15,0,0,3,3,6,0,0,0,0,12,0,0,3,0,5,3,0,0,0,5,0,0,0,0,0,0,0,0,0,5,0,0,0,5,0,3,0,0,0,9,20,22,45,45,34,27,26,5,0,229
11103122728,core,0,3,5,5,4,5,0,0,0,31,0,0,10,7,7,5,8,0,0,34,0,0,14,8,10,11,0,0,0,48,0,5,7,0,4,6,5,0,0,31,0,0,9,5,9,3,0,0,0,22,0,0,6,0,7,0,0,0,0,11,0,0,6,4,13,11,0,0,0,36,0,0,0,0,3,0,0,0,0,6,0,0,3,0,0,3,0,0,0,7,0,0,7,4,0,0,0,0,0,12,31,35,83,61,67,67,54,16,8,412
11103122729,core,0,4,5,7,5,3,0,0,0,26,0,6,8,8,0,3,6,5,0,39,0,0,10,9,6,7,7,0,0,46,0,4,10,5,9,6,0,0,0,33,0,0,7,14,4,0,5,0,0,31,0,0,6,9,10,4,0,0,0,27,0,0,9,15,6,0,0,0,0,30,0,0,0,6,5,0,0,0,0,4,0,0,8,0,0,0,0,0,0,13,6,0,0,8,3,4,3,0,0,25,26,25,71,97,69,61,46,14,3,415
11103122730,core,0,0,12,6,3,6,3,3,0,40,0,11,13,7,3,5,3,0,0,38,0,4,10,8,9,8,0,0,0,40,0,0,10,3,8,5,0,0,0,39,0,0,9,6,0,7,0,0,0,27,0,0,6,5,5,6,0,0,0,25,0,0,14,17,10,4,0,0,0,43,0,0,3,0,0,0,0,0,0,7,0,0,0,0,0,0,0,0,0,3,0,0,4,4,0,0,0,4,0,11,14,37,109,86,60,65,25,24,7,420
11103122731,core,0,3,9,3,10,0,4,0,0,35,0,4,10,13,9,3,6,0,0,44,0,4,20,13,4,8,4,0,0,48,0,0,21,10,10,3,0,0,0,45,0,0,6,8,0,3,0,0,0,24,0,0,7,3,3,4,0,0,0,19,0,0,13,8,9,0,0,0,0,26,0,0,0,3,0,0,0,0,0,5,0,0,0,0,0,0,0,0,0,5,0,11,17,3,8,3,3,0,0,50,24,47,145,89,66,65,34,20,7,494
11103122732,core,3,9,10,10,0,0,5,0,0,38,0,6,9,8,7,3,3,0,0,41,0,0,8,5,3,3,0,0,0,30,0,3,5,10,3,0,0,0,0,25,0,0,15,3,4,0,4,0,0,25,0,0,4,9,3,3,0,0,0,21,0,0,3,9,9,5,0,0,0,26,0,0,0,0,5,0,0,0,0,4,0,0,0,0,3,0,0,0,0,9,0,0,6,4,6,4,9,4,0,27,24,24,96,63,67,62,64,28,11,441
11103122733,core,0,9,10,5,0,5,3,0,0,30,0,3,16,4,5,7,3,0,0,38,0,4,13,6,0,3,0,0,0,31,0,0,9,6,3,6,0,0,0,34,0,3,5,3,8,4,0,0,0,25,0,0,7,5,3,8,0,0,0,22,0,0,6,7,6,0,0,0,0,17,0,0,0,4,0,0,0,0,0,3,0,0,0,0,0,0,0,0,0,4,0,3,4,5,0,4,0,0,0,21,10,30,92,60,40,60,53,28,13,382
11103122734,core,0,9,6,0,6,0,0,0,0,22,0,0,12,6,0,4,5,0,0,25,0,5,10,7,12,9,3,0,0,49,0,4,8,5,3,3,5,0,0,28,0,0,14,10,3,3,0,0,0,33,0,0,8,5,3,3,0,0,0,20,0,0,7,18,9,6,0,0,0,33,0,0,0,3,3,0,0,0,0,5,0,0,0,8,0,0,0,0,0,9,0,6,0,0,4,0,3,0,0,10,22,40,79,66,64,48,38,18,6,385
11103122735,core,0,0,4,7,0,4,3,4,3,32,5,3,10,5,4,4,0,0,0,30,0,5,18,5,13,0,4,0,0,46,0,0,13,10,7,6,0,0,0,30,0,0,4,5,3,10,0,0,0,25,0,0,6,3,10,0,0,0,0,15,0,4,7,7,3,7,0,0,0,29,0,0,0,6,0,0,0,0,0,8,0,0,5,0,5,0,0,0,0,7,0,0,0,6,3,4,0,0,0,13,23,29,89,60,53,53,28,15,9,361
11103122736,core,0,3,13,0,0,3,7,0,0,32,0,0,13,3,7,5,7,0,0,46,0,3,14,9,3,11,0,0,0,42,0,0,23,9,9,10,0,0,0,47,0,3,16,11,6,3,0,0,0,42,0,0,6,12,5,0,0,0,0,30,0,0,16,22,5,5,0,0,0,49,0,0,0,0,0,0,0,0,0,5,0,0,0,0,6,0,0,0,0,11,0,0,3,3,0,3,0,0,0,10,19,51,119,85,57,64,50,35,42,532
11103122801,core,0,6,4,3,3,0,0,3,0,23,0,3,3,9,0,3,9,5,0,29,0,4,4,7,7,6,3,3,0,32,0,0,4,6,10,4,4,0,0,26,0,0,4,11,5,0,3,5,0,30,0,0,4,9,6,0,0,0,0,21,0,0,11,25,19,4,0,0,0,66,0,0,0,5,12,0,0,0,0,19,0,0,0,15,9,4,0,0,0,31,0,0,0,0,6,6,0,13,38,58,29,25,35,96,92,37,32,35,43,432
11103122802,core,3,3,3,3,0,3,5,6,4,31,4,0,0,4,0,5,6,9,5,32,0,0,0,5,4,5,3,0,0,21,0,0,0,0,5,9,5,4,4,25,0,5,8,5,12,5,5,3,0,45,0,0,0,9,10,3,0,3,0,27,0,0,6,17,18,10,7,4,3,66,0,0,0,3,6,0,0,0,0,16,0,0,3,5,10,0,0,0,0,23,0,0,0,0,0,0,0,0,0,6,52,24,29,67,78,58,47,41,21,422
11103122803,core,0,0,0,0,0,0,0,0,0,0,0,0,0,0,0,0,0,0,0,0,0,0,0,0,0,0,0,0,0,0,0,0,0,0,0,0,0,0,0,0,0,0,0,0,0,0,0,0,0,0,0,0,0,0,0,0,0,0,0,0,0,0,0,0,0,0,0,0,0,0,0,0,0,0,0,0,0,0,0,0,0,0,0,0,0,0,0,0,0,0,0,0,0,0,0,0,0,0,0,0,0,0,0,0,0,0,0,0,0,0
11103122804,core,0,0,4,0,4,0,0,0,0,8,0,0,0,5,0,4,0,0,0,14,0,0,0,6,3,7,4,0,0,22,0,0,8,6,6,4,0,6,0,25,0,0,3,4,5,8,0,0,0,22,0,0,0,0,0,0,0,0,0,3,0,0,0,4,9,11,0,0,0,25,0,0,0,5,3,0,0,0,0,7,0,0,3,13,14,10,3,0,0,37,0,0,0,0,5,0,0,0,0,9,22,20,28,40,52,52,26,12,3,255
11103122805,core,0,0,0,0,0,0,3,0,0,12,0,0,3,3,6,0,5,0,0,15,0,3,4,0,0,0,5,3,0,24,0,5,3,0,0,5,0,0,0,15,0,0,7,0,3,7,0,3,0,16,0,4,0,3,4,10,3,0,0,21,0,0,12,0,3,8,4,5,0,31,0,0,0,0,0,6,5,0,0,9,0,0,3,0,16,27,7,0,0,61,0,0,5,3,0,0,3,0,0,9,13,11,33,28,33,61,45,17,11,258
11103122806,core,3,0,4,0,0,0,3,0,0,16,0,0,0,0,0,9,9,0,0,22,0,4,0,4,11,4,10,4,0,47,0,0,7,10,4,8,5,0,0,36,0,0,7,7,3,5,3,3,0,31,0,0,0,3,7,6,5,0,0,22,0,0,0,15,10,12,8,3,0,49,0,0,0,5,0,5,0,0,0,11,0,0,0,14,41,19,5,4,0,75,0,0,0,0,5,3,0,0,0,8,43,29,21,60,87,85,67,24,3,419
11103122807,core,0,9,3,0,4,7,10,0,0,40,0,3,6,3,5,8,8,0,0,29,0,0,7,11,6,10,13,3,0,48,0,3,10,0,6,5,4,0,0,32,0,0,4,8,11,4,3,3,0,38,0,0,8,3,10,9,4,0,0,33,0,0,7,18,22,11,8,0,0,61,0,0,0,7,8,5,3,0,0,22,0,0,3,15,18,17,0,0,0,51,7,4,10,8,7,6,0,4,5,44,62,44,66,78,110,94,96,33,15,585
11103122808,core,0,0,0,4,0,4,4,4,0,13,0,6,7,4,0,0,4,0,3,19,0,0,9,3,0,3,4,6,0,29,0,3,3,7,11,3,7,3,0,31,0,0,3,5,4,5,6,0,0,17,0,0,5,5,0,10,0,0,0,17,0,0,4,8,8,9,4,0,0,39,0,0,7,4,4,0,0,0,0,18,0,0,0,13,25,10,4,0,0,48,0,5,0,0,0,10,7,0,0,19,39,41,34,59,70,62,46,24,10,378
11103122809,core,5,11,7,0,0,0,0,5,0,24,0,3,17,5,3,0,0,0,0,29,0,7,15,3,0,8,6,0,0,36,0,0,7,4,5,9,5,0,0,30,0,3,8,0,8,3,3,0,0,27,0,0,7,5,9,4,0,0,0,22,0,0,11,9,15,0,0,0,0,37,0,0,0,4,3,5,0,0,0,7,0,0,0,8,11,3,0,0,0,26,0,0,10,9,12,8,4,3,0,45,27,42,92,50,83,64,40,22,15,438
11103122810,core,0,0,4,0,4,5,9,3,0,35,0,10,12,7,7,3,9,5,0,49,0,7,6,3,3,10,3,8,0,43,0,4,11,0,5,10,6,4,0,45,0,3,7,9,0,5,0,4,0,21,0,0,3,8,8,9,0,0,0,23,0,0,7,9,8,7,4,0,0,31,0,0,0,0,0,5,0,0,0,10,0,0,5,6,12,13,0,0,0,34,0,0,0,3,6,0,0,4,0,15,33,36,82,51,61,96,59,53,11,478
11103122811,core,0,6,5,0,4,7,3,0,0,19,0,3,5,0,0,5,9,0,0,27,0,5,7,0,3,3,8,0,0,34,0,0,0,6,5,3,5,0,0,24,0,0,7,4,8,5,0,0,0,29,0,0,0,8,9,9,3,0,0,17,0,0,4,15,17,10,0,0,0,42,0,0,0,9,3,7,0,0,0,21,0,0,3,15,13,8,3,0,0,46,0,0,0,0,3,0,0,0,0,9,44,32,37,68,78,70,67,24,5,420
11103122812,core,0,8,0,5,0,3,5,8,0,28,0,7,8,4,0,7,3,8,0,35,0,5,6,8,6,10,8,3,0,37,0,0,5,3,9,6,10,0,0,36,0,5,4,6,4,3,0,0,0,19,0,0,4,4,12,9,0,0,0,26,0,0,0,13,15,5,0,0,0,41,0,0,0,3,10,8,0,0,0,20,0,0,0,7,21,3,0,0,0,31,0,4,0,0,3,5,0,0,0,13,41,32,35,66,92,67,44,31,11,423
11103122813,core,0,3,8,0,0,7,7,3,0,30,0,11,13,0,0,4,6,0,0,32,0,3,4,11,3,5,11,0,0,43,0,4,11,5,8,10,7,0,0,38,0,0,5,9,9,9,0,0,0,25,0,0,9,5,4,10,0,0,0,22,0,0,4,16,7,7,3,0,0,36,0,0,0,5,5,0,0,0,0,9,0,0,0,5,6,0,0,0,0,18,4,3,3,0,0,3,3,0,0,19,23,55,71,61,51,75,49,18,3,402
11103122814,core,0,6,5,0,8,3,6,0,0,16,0,9,12,0,5,9,4,0,0,35,0,5,6,4,8,10,3,0,0,39,0,0,9,5,3,3,5,0,0,28,0,0,16,10,7,4,4,0,0,35,0,0,14,10,5,5,5,0,0,32,0,0,13,12,8,4,6,0,0,41,0,0,0,0,10,5,0,0,0,8,0,0,0,12,8,4,0,0,0,34,0,0,0,5,5,4,0,0,0,10,21,41,80,67,74,57,54,15,5,402
11103122815,core,0,12,6,0,6,3,4,0,0,23,0,7,12,0,9,0,0,0,0,36,3,4,10,4,8,3,6,0,0,29,0,8,11,10,3,0,0,0,0,24,0,0,7,4,4,4,0,0,0,16,0,0,4,4,9,0,0,0,0,18,0,0,16,4,10,6,3,0,0,39,0,0,0,3,0,0,0,0,0,4,0,0,0,4,3,0,5,0,0,7,0,0,5,0,0,0,4,0,0,13,17,38,77,37,49,33,23,9,0,282
11103122816,core,0,4,0,0,3,7,5,0,0,18,0,0,4,9,0,6,0,0,0,20,0,8,8,0,0,7,0,0,0,22,0,0,13,3,3,5,0,4,0,26,0,0,8,4,0,0,0,0,0,10,0,3,11,3,6,0,0,0,0,17,0,0,5,3,11,4,0,0,0,26,0,0,0,0,5,0,0,0,0,4,0,0,0,3,0,0,0,0,0,5,0,0,0,0,0,0,6,3,0,10,10,21,60,36,45,47,25,19,3,274
11103122817,core,0,15,13,3,3,0,5,0,0,47,0,22,13,4,0,7,4,0,0,56,0,10,21,7,10,3,5,0,0,66,0,9,23,6,9,9,0,0,0,53,0,0,6,8,5,6,0,0,0,27,0,0,19,13,4,0,0,0,0,41,0,0,20,16,8,3,4,0,0,47,0,0,4,0,7,5,0,0,0,16,0,0,4,8,5,0,0,0,0,18,8,4,3,0,6,3,7,0,0,30,35,94,143,82,72,57,44,12,5,551
11103122818,core,4,5,0,3,6,3,4,0,3,28,0,11,14,4,4,9,3,0,0,43,0,0,7,10,10,11,3,0,0,41,0,0,9,15,9,0,0,0,0,31,0,0,9,9,15,7,0,0,0,39,0,0,11,7,9,7,0,0,0,31,0,0,8,29,25,6,0,0,0,63,0,0,3,6,3,0,0,0,0,16,0,0,0,16,7,4,0,0,0,28,0,0,3,0,0,0,0,5,0,10,37,44,64,117,94,60,42,23,12,484
11103122819,core,0,3,6,0,0,0,3,4,0,20,0,3,5,0,0,5,0,0,0,13,0,6,6,3,3,0,3,0,0,28,0,0,3,0,0,0,0,0,0,12,0,0,0,0,4,0,0,0,0,12,0,0,0,4,0,4,0,0,0,14,0,0,6,8,11,5,0,0,0,28,0,0,0,5,0,0,0,0,0,4,0,0,0,7,9,5,0,0,0,25,0,0,0,5,4,0,0,0,0,8,24,26,34,41,51,35,25,12,0,251
11103122820,core,3,6,3,4,7,9,3,3,0,38,0,3,8,3,6,4,9,3,0,41,0,0,9,5,9,10,7,0,0,44,0,0,0,4,4,0,7,3,0,26,0,0,4,4,3,6,0,0,0,24,0,0,3,0,7,5,6,3,0,23,0,0,0,11,20,14,0,0,0,53,0,0,0,0,0,3,3,0,0,16,0,0,0,7,16,7,0,3,0,36,0,0,5,0,4,0,0,0,0,12,39,28,38,52,82,73,59,30,7,421
11103122821,core,0,0,4,0,4,3,0,3,0,20,0,3,8,3,7,4,0,8,0,26,0,0,4,5,8,8,6,4,0,25,0,0,0,0,4,7,0,0,0,16,0,0,7,6,9,4,3,0,0,30,0,0,5,3,6,6,0,4,0,21,0,0,6,14,17,3,0,0,0,46,0,0,0,5,5,0,0,0,0,13,0,0,5,13,5,9,0,0,0,29,0,0,0,0,5,0,0,0,3,13,27,19,45,61,63,52,33,36,9,341
11103122822,core,0,5,0,0,0,8,3,4,0,23,0,6,4,5,12,7,5,0,0,36,0,5,14,9,5,9,0,0,0,40,0,5,3,4,7,7,0,0,0,21,0,0,11,8,5,0,5,0,0,22,0,0,3,0,0,3,0,0,0,13,0,0,0,5,3,0,0,0,0,17,0,0,4,3,0,0,0,0,0,7,0,0,4,10,4,4,0,0,0,14,0,0,0,0,3,0,0,0,0,6,24,47,57,49,47,44,34,15,7,330
11103122823,core,0,0,11,3,0,8,0,0,0,20,0,0,8,0,0,0,0,0,0,15,0,3,15,9,0,3,5,0,0,30,0,0,13,0,0,0,0,0,0,19,0,0,13,0,3,0,0,0,0,18,0,0,12,0,0,0,0,0,0,17,0,0,14,9,7,8,0,0,0,33,0,3,0,0,0,4,0,0,0,13,0,0,3,0,0,0,0,0,0,8,0,0,3,3,0,0,0,0,0,4,8,29,100,34,28,30,21,6,5,257
11103122824,core,0,6,0,0,0,4,0,0,0,16,0,5,5,0,7,0,4,0,0,14,0,6,11,4,3,3,0,0,0,23,0,5,10,3,6,4,0,0,0,19,0,4,7,5,3,0,5,0,0,22,0,0,9,5,0,0,0,0,0,12,0,0,14,10,6,6,0,3,0,35,0,0,0,0,3,0,0,0,0,8,0,0,0,0,0,0,0,0,0,9,0,0,3,0,0,0,0,0,0,8,13,32,64,34,31,30,26,13,13,253
11103122825,core,0,4,0,0,3,3,0,3,0,17,0,0,4,0,0,3,6,0,0,17,0,3,8,0,4,7,3,0,0,37,0,5,13,5,5,0,0,0,0,30,0,0,14,8,6,5,0,0,0,35,0,0,6,5,0,3,3,0,0,19,0,0,10,8,8,8,0,0,0,37,0,0,3,3,0,3,0,0,0,10,0,0,3,4,3,3,0,0,0,16,0,4,3,0,0,0,0,0,0,20,24,37,77,38,51,56,32,14,7,335
11103122826,core,0,10,5,3,3,12,3,0,0,37,0,14,10,10,5,3,13,0,0,45,0,4,11,7,10,18,6,3,4,56,0,5,20,4,3,5,0,0,0,47,0,0,21,4,3,4,4,0,0,42,0,0,17,7,4,6,3,0,0,42,0,0,14,23,16,3,0,0,0,59,0,0,0,5,11,5,0,0,0,19,0,0,7,14,17,9,0,0,0,44,0,0,6,0,0,4,4,0,0,23,27,61,114,87,81,102,67,35,22,595
11103122827,core,0,0,0,0,4,3,3,0,0,13,6,5,6,5,0,0,0,0,0,19,0,3,7,5,6,4,3,5,0,34,0,0,10,3,3,0,0,0,0,22,0,0,0,0,0,0,0,0,0,8,0,0,3,0,0,3,0,0,0,11,0,0,5,6,6,7,0,3,0,35,0,0,4,0,7,3,0,0,0,14,0,0,0,10,32,4,5,0,0,55,0,4,4,4,10,10,9,0,0,32,34,22,53,49,98,60,53,21,0,390
11103122828,core,0,0,3,0,0,4,3,0,3,15,0,3,6,0,0,5,7,0,0,28,0,3,3,5,9,6,5,0,0,30,0,3,6,5,0,3,0,0,0,16,0,0,5,3,0,5,0,0,0,6,0,0,10,0,0,4,0,0,0,17,0,0,3,4,9,3,5,0,0,23,0,0,3,0,5,9,0,0,0,13,0,0,0,7,9,18,12,0,0,53,0,0,0,0,0,0,3,0,0,10,22,14,42,33,40,51,52,22,10,293
11103122829,core,0,7,4,3,3,9,6,0,3,39,0,8,5,8,3,0,4,0,0,32,0,6,18,6,9,9,8,0,0,61,0,4,22,11,3,8,0,0,0,48,0,0,25,7,3,5,0,0,0,50,0,0,15,5,0,3,0,0,0,30,0,0,5,12,10,14,4,0,0,51,0,0,0,5,5,0,0,0,0,15,0,0,6,15,24,10,0,0,0,55,0,8,4,4,4,0,5,0,0,25,40,60,117,92,85,91,57,8,4,546
11103122830,core,0,3,6,0,0,6,6,6,0,29,0,0,9,4,3,5,6,0,0,31,0,13,18,10,0,0,3,3,0,45,0,0,10,0,4,0,3,0,0,22,0,0,8,6,4,4,5,0,0,33,0,0,3,0,3,0,0,0,0,14,0,0,7,10,3,4,0,0,0,20,0,0,0,3,5,4,0,0,0,14,0,0,0,5,7,0,0,0,0,15,0,0,0,4,0,0,0,0,0,8,18,33,72,52,43,40,37,28,5,332
11103122831,core,0,6,0,0,0,10,5,0,0,31,0,4,0,0,3,10,0,0,0,21,0,5,8,7,6,11,8,5,0,48,0,4,7,3,6,4,3,0,0,36,0,0,3,7,0,7,0,0,0,21,0,0,5,4,11,3,0,0,0,21,0,0,10,10,20,11,0,0,0,53,0,0,0,4,3,4,0,0,0,14,0,0,5,14,13,3,0,0,0,37,0,0,0,0,0,0,0,0,0,8,38,43,46,58,74,74,56,26,19,423
11103122832,core,0,0,6,0,0,0,3,3,0,25,0,3,7,0,4,12,3,0,0,37,0,8,14,3,3,5,7,0,0,40,0,4,17,7,3,4,0,0,0,45,0,0,14,6,8,6,0,0,0,38,0,0,10,3,7,3,6,0,0,32,0,0,15,13,9,8,0,0,0,52,0,0,0,3,9,4,3,0,0,21,0,0,3,13,13,21,5,0,0,45,0,0,0,0,0,0,0,0,0,8,26,29,104,62,62,81,55,11,7,430
11103122901,core,0,5,4,4,0,0,3,3,0,21,0,12,8,0,0,0,7,0,0,29,0,5,17,3,0,4,3,0,0,39,0,3,13,7,6,0,0,3,0,35,0,6,22,3,8,7,0,3,0,47,0,0,3,4,6,0,0,0,0,22,0,0,15,12,3,3,0,0,0,29,0,0,6,5,0,0,0,0,0,9,0,0,0,6,0,0,0,0,0,7,0,3,10,3,3,0,5,0,0,28,21,53,115,48,56,45,39,33,9,411
11103122902,core,0,9,7,5,0,6,9,0,0,34,0,9,12,0,9,4,6,0,0,39,0,8,15,7,7,3,0,0,0,39,0,4,13,8,0,3,3,0,0,31,0,0,16,4,4,7,4,0,0,36,0,0,16,3,6,7,3,0,0,28,0,3,17,11,13,7,3,0,0,55,0,0,5,0,4,5,3,0,0,15,0,0,3,11,3,3,3,0,0,21,0,0,6,3,0,5,7,3,0,25,22,49,117,60,52,64,66,31,9,467
11103122903,core,0,4,6,8,4,6,7,4,0,42,0,5,15,7,9,9,18,11,0,81,0,6,11,11,11,11,19,6,0,71,0,9,20,3,10,13,11,0,0,66,0,0,28,9,14,15,10,6,0,90,0,0,19,12,6,13,5,0,0,57,0,9,27,20,29,22,15,4,0,126,0,0,0,9,4,10,0,0,0,26,0,0,13,14,20,20,11,7,0,84,0,4,7,0,8,7,5,4,0,46,26,57,164,105,119,162,161,77,11,880
11103122905,core,0,8,16,0,3,6,11,4,0,54,0,15,26,9,6,10,6,3,0,76,0,24,22,17,3,11,13,3,0,93,0,14,27,11,11,5,10,3,0,84,0,5,19,8,11,13,0,0,0,61,0,0,12,7,4,6,4,0,0,39,0,0,22,13,15,15,3,0,0,82,0,0,10,9,14,9,0,0,0,34,0,0,16,16,16,17,9,0,0,70,0,7,16,3,7,5,6,0,0,48,30,107,227,110,127,134,101,41,8,885
11103122906,core,0,7,0,0,0,0,0,0,0,19,0,10,11,3,0,3,0,0,0,24,0,5,9,7,4,0,0,0,0,27,0,3,17,4,4,3,4,0,0,31,0,0,6,6,0,0,0,0,0,23,0,0,8,3,0,4,0,0,0,21,0,0,10,9,5,8,0,0,0,29,0,0,0,0,6,0,0,0,0,10,0,0,0,0,4,5,0,0,0,10,0,6,6,9,0,0,0,0,0,21,10,61,82,52,36,23,16,8,5,295
11103122908,core,0,0,3,0,0,4,3,3,0,23,0,3,8,4,4,3,9,4,0,28,0,3,3,4,6,3,4,0,0,22,0,3,12,3,4,3,0,0,4,36,0,0,11,5,4,4,3,0,0,31,0,0,5,0,0,0,3,0,0,14,0,0,6,3,14,5,0,5,0,34,0,0,0,3,0,3,0,0,0,11,0,0,0,4,8,3,3,0,0,14,4,6,4,0,3,4,3,4,0,24,16,30,59,39,57,47,48,34,5,338
11103122909,core,0,4,4,6,0,7,0,4,0,23,0,0,5,0,0,4,5,0,0,16,0,5,10,0,4,5,11,7,0,39,0,0,9,4,3,8,0,0,0,26,0,0,10,0,3,3,3,0,0,20,0,0,3,4,8,3,0,0,0,18,0,0,10,8,12,8,9,0,0,46,0,0,0,4,0,0,0,0,0,4,0,0,0,4,6,5,7,0,0,33,0,0,0,4,3,0,0,5,0,12,10,26,57,46,49,58,45,30,7,323
11103122910,core,0,7,0,3,0,0,4,0,0,19,0,0,15,3,4,4,3,0,5,38,0,7,8,5,7,5,0,0,0,33,0,0,19,0,0,0,0,5,0,25,0,0,8,7,6,0,0,0,0,23,0,0,3,3,4,3,0,0,3,19,0,0,16,11,10,5,0,0,0,43,0,0,0,0,3,0,3,0,0,11,0,0,0,0,3,0,0,0,0,12,0,3,0,0,0,0,0,3,0,14,6,39,93,41,48,27,28,23,8,302
11103122911,core,0,16,8,6,0,3,0,0,0,36,0,19,22,8,6,4,5,0,0,66,0,7,31,3,5,0,7,0,0,60,0,16,28,6,6,3,4,0,0,65,0,4,25,6,6,4,4,0,0,57,0,0,18,6,6,7,5,0,0,40,0,0,21,10,17,8,6,0,0,66,0,0,0,3,4,9,3,0,0,12,0,0,3,6,11,11,3,0,0,36,0,14,12,5,0,9,5,0,3,42,34,110,197,80,61,56,57,15,7,625
11103122912,core,0,4,3,3,0,0,4,0,0,19,0,0,4,3,6,3,0,0,0,19,0,3,9,4,5,3,0,0,0,20,0,0,4,4,0,8,4,0,0,26,0,0,4,0,10,4,0,0,0,21,0,0,0,0,4,0,5,4,0,14,0,0,4,13,7,3,6,0,3,36,0,0,0,4,3,0,6,0,0,13,0,0,0,6,5,7,4,0,0,29,0,3,4,4,6,7,6,5,0,49,18,21,45,42,44,66,53,21,8,323
11103122913,core,0,0,0,4,0,4,0,0,0,12,0,0,0,5,0,5,5,0,0,16,0,0,0,9,0,5,0,3,0,19,0,0,0,0,8,0,0,0,0,8,0,0,8,11,5,0,0,0,0,22,0,0,0,3,0,0,5,0,0,5,0,0,4,0,6,4,4,0,0,26,0,0,0,0,0,0,0,0,0,6,0,0,0,0,9,3,3,0,0,24,0,0,5,0,4,8,7,3,3,32,16,17,27,37,53,59,40,22,8,278
11103122914,core,0,0,0,0,0,0,0,0,0,0,0,0,0,0,0,0,0,0,0,0,0,0,0,0,0,0,0,0,0,0,0,0,0,0,0,0,0,0,0,0,0,0,0,0,0,0,0,0,0,0,0,0,0,0,0,0,0,0,0,0,0,0,0,0,0,0,0,0,0,0,0,0,0,0,0,0,0,0,0,0,0,0,0,0,0,0,0,0,0,0,0,0,0,0,0,0,0,0,0,0,0,0,0,0,0,0,0,0,0,0
11103122916,core,4,4,9,0,0,4,0,0,0,23,0,6,6,3,5,4,3,0,0,31,0,11,12,0,5,3,3,0,0,33,0,4,13,5,8,3,7,0,0,37,0,8,17,7,3,3,0,0,0,44,0,0,3,0,8,0,3,0,0,15,0,0,11,8,18,11,9,0,0,63,0,0,0,3,0,0,0,0,0,5,0,0,3,0,3,4,0,0,0,16,0,4,8,4,5,0,0,3,0,21,15,86,103,45,66,41,42,15,6,421
11103122917,core,0,9,4,3,0,4,0,0,0,29,0,4,13,8,3,0,0,0,0,32,0,4,16,3,3,10,4,0,5,37,0,0,11,5,0,3,3,0,0,20,0,3,5,4,5,8,0,0,0,26,0,0,5,4,3,3,5,0,0,18,0,3,6,11,10,5,3,0,0,43,0,0,0,0,8,0,0,0,0,11,0,0,0,0,3,9,0,0,0,19,0,0,4,0,0,0,0,0,0,10,21,49,80,60,39,55,25,11,7,349
11103122918,core,0,12,10,0,0,0,0,0,0,24,0,4,24,0,3,0,0,0,0,36,0,6,8,3,0,0,0,0,0,25,0,10,15,6,6,4,4,0,0,37,0,3,4,0,4,0,0,0,0,19,0,0,14,7,5,4,0,0,0,33,0,0,12,12,12,14,3,0,0,62,0,0,0,0,0,0,3,0,0,3,0,0,0,0,0,4,0,0,0,11,0,3,0,3,0,0,0,0,0,7,11,64,106,44,41,42,22,3,0,335
11103122919,core,0,3,9,4,0,0,8,0,0,23,0,8,8,0,5,5,6,0,0,33,0,6,12,3,5,8,6,0,0,47,0,8,17,4,0,9,0,0,0,43,0,0,25,3,3,6,0,0,0,45,0,0,7,6,0,8,5,0,0,27,0,0,18,10,11,5,3,0,0,46,0,0,0,9,5,0,0,0,0,11,0,0,5,5,3,4,3,0,0,23,3,0,3,9,0,4,0,0,3,24,21,58,109,68,52,61,51,15,5,445
11103122920,core,0,0,0,0,3,0,3,0,0,16,0,3,5,0,0,6,0,0,0,12,0,0,4,5,0,0,6,4,0,18,0,0,0,0,0,0,3,0,0,8,0,0,5,4,0,0,3,0,0,13,0,0,3,5,0,0,0,0,0,10,0,0,9,5,4,7,0,0,0,24,0,0,0,0,6,0,0,0,0,5,0,0,3,7,7,3,4,0,0,24,0,0,7,0,0,0,4,0,0,6,4,18,38,29,31,30,31,9,3,193
11103122921,core,0,0,0,4,0,3,4,0,0,10,0,4,6,0,0,4,0,0,0,22,0,3,6,0,0,3,0,3,0,19,0,0,0,4,0,0,0,0,0,10,0,0,0,0,3,0,0,0,0,11,0,3,0,0,3,0,0,0,0,13,0,0,7,5,3,5,0,0,0,17,0,0,0,4,0,0,0,0,0,5,0,0,4,4,11,9,0,5,0,38,4,0,0,0,0,0,0,0,0,8,13,18,27,29,30,32,14,16,8,181
11103122922,core,3,3,3,0,0,5,0,0,0,18,0,5,3,0,4,0,3,12,0,25,0,5,6,0,3,5,4,0,0,26,0,0,5,4,0,0,0,0,0,14,0,3,8,8,3,6,0,0,0,26,0,0,9,0,0,4,3,0,0,18,0,0,12,7,7,10,7,0,0,36,0,0,0,0,6,4,5,5,0,20,0,0,4,6,29,17,7,0,0,61,0,0,0,0,5,0,0,0,0,12,24,39,52,28,64,61,43,25,5,342
11103122923,core,0,10,3,5,0,7,0,0,0,26,0,12,12,4,4,7,0,0,0,36,0,4,25,6,6,0,6,0,0,47,0,3,20,7,4,0,0,0,0,43,0,3,12,11,0,0,0,0,0,32,0,0,11,6,4,3,3,0,0,32,0,0,10,9,10,4,0,0,0,33,0,0,0,0,3,0,0,0,0,3,0,0,0,4,18,8,0,0,0,31,0,3,4,8,10,16,3,0,0,50,14,63,113,91,88,73,41,16,3,491
11103122924,core,0,11,8,0,0,0,0,0,0,20,0,0,7,0,0,0,0,0,0,16,0,0,7,0,0,4,3,0,0,15,0,3,5,0,3,3,0,0,0,17,0,0,3,0,3,3,3,0,0,14,0,0,3,0,3,0,0,0,0,11,0,3,0,0,7,3,3,3,0,24,0,0,0,0,3,0,0,0,0,4,0,0,0,0,12,4,5,0,0,24,0,0,5,4,0,3,3,0,0,18,32,29,53,27,62,40,29,12,4,294
11103122925,core,0,11,5,0,8,7,0,0,0,31,0,4,18,8,3,5,4,0,0,49,0,8,18,4,5,5,3,0,0,50,0,13,15,0,3,7,4,0,0,45,0,8,7,9,7,3,5,0,0,37,0,0,7,5,5,5,4,0,0,28,0,0,22,15,13,12,0,0,0,62,0,0,0,6,6,3,6,0,0,21,0,0,3,9,9,7,6,0,0,31,0,0,0,8,5,4,8,6,0,31,38,73,129,78,84,84,81,37,7,616
11103122926,core,0,8,7,4,3,0,0,0,0,30,0,9,6,0,0,10,3,0,0,35,0,5,12,3,0,3,0,0,0,28,0,4,13,4,0,0,0,0,0,38,0,0,7,5,0,0,4,0,0,18,0,0,9,5,0,0,0,0,0,15,0,0,9,4,9,11,3,0,0,36,0,0,3,0,0,0,0,0,0,9,0,0,3,7,11,8,0,0,0,26,0,0,5,3,0,4,0,0,0,10,17,45,83,60,34,49,19,6,3,321
11103122927,core,0,3,6,0,8,0,5,0,0,20,0,5,4,3,4,6,0,0,0,26,0,4,9,7,5,3,7,0,0,29,0,0,6,4,4,11,4,0,0,24,0,6,6,3,3,3,9,0,0,28,0,0,15,10,0,3,5,0,0,33,0,0,10,12,8,6,6,0,0,48,0,0,4,4,0,5,0,0,0,17,0,0,3,0,3,8,0,0,0,14,0,4,3,4,0,8,0,0,0,21,13,48,84,45,43,56,57,17,6,363
11103122928,core,0,4,5,3,8,0,0,4,0,24,0,3,12,3,0,0,0,0,0,25,0,4,10,3,3,3,4,3,0,35,0,0,8,3,4,0,0,0,0,24,0,0,6,8,6,0,5,5,0,28,0,0,3,5,4,0,0,0,0,11,0,0,7,18,9,3,3,10,4,50,0,0,0,0,0,5,0,5,0,14,0,0,3,0,3,11,3,0,0,27,0,0,5,6,0,3,3,4,0,20,0,23,75,66,46,63,45,38,4,365
11103122929,core,0,3,7,0,3,4,5,3,0,32,0,6,9,3,0,5,3,9,3,26,0,0,14,6,3,5,5,4,0,27,0,5,12,0,0,0,4,3,0,31,0,3,11,3,0,8,4,5,0,35,0,0,10,5,3,0,0,0,0,24,0,4,13,14,6,9,0,0,0,49,0,0,4,6,0,3,0,0,0,13,0,0,4,7,0,3,5,3,0,23,0,0,3,0,0,0,7,0,0,10,3,32,97,46,32,59,56,46,15,385
11103122930,core,0,0,9,8,0,0,0,4,0,19,0,0,4,0,0,6,0,0,0,17,0,0,12,4,11,4,8,6,0,36,0,6,13,10,6,4,3,0,0,43,0,0,15,5,5,6,4,0,0,39,0,0,17,6,4,6,0,4,0,51,0,0,27,14,10,6,0,0,0,59,0,0,8,3,7,4,0,0,0,23,0,0,5,13,10,17,5,0,0,46,0,0,12,10,6,5,5,0,0,37,9,24,128,70,77,81,58,26,14,467
11103122931,core,0,6,12,4,0,3,3,6,0,33,0,6,8,3,0,0,7,3,0,34,0,8,11,6,6,12,3,0,0,47,0,7,23,3,0,4,5,6,0,47,0,3,24,8,6,10,0,0,0,53,0,0,18,4,12,8,0,0,0,32,0,0,20,8,15,7,4,0,0,54,0,0,0,0,0,0,0,0,0,11,0,0,3,5,0,8,0,0,0,18,0,5,4,3,4,4,0,0,0,20,21,50,152,59,50,69,45,26,3,462
11103122932,core,0,5,5,4,0,5,0,0,3,18,0,8,9,6,0,0,3,0,0,27,0,5,21,3,8,0,6,3,0,52,0,3,14,9,0,11,3,0,0,44,0,0,23,0,4,0,0,0,0,31,0,0,10,12,4,5,4,3,0,36,0,0,24,13,14,5,0,0,0,56,0,0,11,10,5,0,0,0,0,19,0,0,3,3,0,7,4,0,0,21,0,10,12,3,3,3,3,0,0,38,11,49,152,71,45,50,38,13,5,434
11103123001,core,0,0,0,0,0,0,0,0,0,0,0,0,0,0,0,0,0,0,0,3,0,0,0,0,0,0,0,0,0,3,0,0,0,0,0,0,0,0,0,0,0,0,0,0,0,0,0,0,0,7,0,0,0,3,0,0,0,0,0,3,0,0,0,0,0,0,0,0,0,0,0,0,0,0,0,0,0,0,0,0,0,0,0,0,0,0,0,0,0,0,0,0,0,0,0,0,0,0,0,4,0,0,4,7,3,0,4,3,0,21
11103123101,core,0,8,14,0,0,0,0,0,0,29,3,14,10,6,3,3,0,0,0,42,0,0,16,5,3,3,0,0,0,34,0,5,15,8,5,0,0,0,0,32,0,0,9,6,0,0,0,0,0,17,0,0,5,3,3,0,0,0,0,10,0,0,9,7,3,0,0,0,0,16,0,0,0,0,0,0,0,0,0,3,0,0,4,0,0,0,0,0,0,0,0,10,12,9,4,0,0,5,4,40,25,90,126,56,29,25,19,13,6,394
11103123102,core,0,7,10,11,0,4,4,0,0,30,3,13,18,8,3,5,0,0,0,42,0,7,13,9,4,10,0,0,0,38,0,0,12,9,9,5,0,0,0,21,0,0,12,4,0,4,0,0,0,19,0,0,7,3,0,0,0,0,0,10,0,0,9,7,7,0,0,0,0,18,0,0,0,0,0,0,0,0,0,0,0,0,0,0,0,0,0,0,0,0,0,7,7,4,0,5,3,0,0,25,28,58,89,60,25,41,28,4,12,348
11103123103,core,0,4,4,0,7,4,0,0,0,26,0,10,19,0,3,3,0,0,0,43,0,11,26,7,5,3,0,0,0,51,0,0,18,3,0,0,0,0,0,35,0,5,8,6,0,0,0,0,0,14,0,0,0,0,0,3,0,0,0,11,0,0,4,3,0,6,0,0,0,8,0,0,0,0,0,0,0,0,0,0,0,0,0,0,0,0,0,0,0,0,0,12,17,4,5,8,3,0,0,49,21,98,137,46,36,37,14,9,0,394
11103123104,core,0,19,15,5,4,5,3,5,0,57,0,19,21,10,4,4,3,0,0,63,0,12,19,9,5,7,0,0,0,58,0,6,13,5,3,3,0,0,0,39,0,3,16,4,4,5,0,0,0,33,0,0,12,0,9,0,0,0,0,18,0,0,11,4,3,0,0,0,0,24,0,0,0,0,4,0,0,0,0,0,0,0,0,0,0,0,0,0,0,0,11,11,20,8,7,3,3,0,3,65,77,154,183,65,64,42,33,13,21,639
11103123105,core,0,0,5,0,4,0,0,0,0,8,0,0,3,3,0,4,0,0,0,13,0,0,4,5,0,5,0,0,0,18,0,0,4,3,0,0,0,0,0,5,0,0,0,0,0,0,0,0,0,0,0,0,0,0,0,0,0,0,0,0,0,0,0,5,0,0,0,0,0,0,0,0,0,0,0,0,0,0,0,0,0,0,0,0,0,0,0,0,0,0,0,3,0,0,0,0,21,27,73,131,4,5,27,23,20,19,31,39,78,250
11103123106,core,0,0,0,0,0,0,12,3,0,24,0,0,0,0,0,4,11,4,4,16,0,0,0,0,0,0,4,5,0,11,0,0,0,0,0,0,4,3,0,4,0,0,0,0,0,0,0,0,0,3,0,0,0,0,0,0,0,0,0,0,0,0,0,0,0,0,0,0,0,0,0,0,0,0,0,0,0,0,0,0,0,0,0,0,0,0,0,0,0,0,0,0,0,6,0,0,0,8,0,7,0,0,6,5,3,12,112,75,18,234
11103123107,core,0,0,0,0,0,0,0,0,0,3,0,0,0,0,0,0,0,0,0,4,0,0,3,3,0,0,0,0,0,13,0,0,0,0,0,0,0,0,0,4,0,0,0,0,0,5,0,0,0,5,0,0,0,0,0,0,0,0,0,0,0,0,0,0,0,0,0,0,0,0,0,0,0,0,0,0,0,0,0,0,0,0,0,0,0,0,0,0,0,0,0,0,0,0,0,0,0,0,0,0,9,9,6,9,12,12,13,0,0,70
11103123108,core,0,7,6,6,3,3,0,4,0,28,0,4,17,5,3,12,3,4,0,40,0,0,17,11,7,7,0,0,0,47,0,0,14,6,7,0,0,0,0,30,0,0,13,4,5,0,0,0,0,32,0,0,5,8,0,3,0,0,0,23,0,0,8,6,4,4,0,0,0,21,0,0,0,0,0,0,0,0,0,3,0,0,3,0,0,0,0,0,0,5,0,0,3,0,0,0,3,12,4,24,28,36,122,53,57,51,33,38,7,421
11103123109,core,0,9,12,8,8,8,5,0,0,45,0,6,14,8,9,10,3,0,0,50,0,0,24,13,14,5,0,0,0,60,0,0,11,9,5,10,0,3,0,40,0,4,15,13,9,3,0,0,0,39,0,0,15,8,5,6,0,0,0,29,0,0,16,7,0,6,0,0,0,29,0,0,0,0,0,3,0,0,0,3,0,0,0,0,0,0,0,0,0,0,0,0,5,4,4,0,0,4,0,14,34,50,134,79,65,68,54,45,6,530
11103123110,core,0,20,12,6,6,0,4,0,0,47,0,9,20,9,3,0,5,0,0,50,0,9,15,14,3,0,4,0,0,48,0,8,14,11,4,0,0,0,0,38,0,3,5,5,9,0,0,0,0,20,0,5,6,0,0,0,0,0,0,10,0,0,3,4,0,3,0,0,0,16,0,0,0,0,0,0,0,0,0,0,0,0,0,0,0,0,0,0,0,0,4,0,4,10,0,8,11,6,0,40,33,106,109,72,34,41,50,28,9,486
11103123111,core,0,6,11,4,0,3,11,9,4,42,0,6,10,4,4,4,3,0,0,37,0,6,16,7,14,10,7,0,0,56,0,3,11,5,12,3,0,0,0,33,0,0,13,0,10,0,0,0,0,27,0,0,9,4,0,0,0,0,0,7,0,0,10,0,8,4,0,0,0,19,0,0,0,0,0,0,0,0,0,3,0,0,0,0,0,0,0,0,3,3,0,0,0,0,0,3,0,5,0,17,19,41,102,48,51,43,52,66,28,450
11103123112,core,0,0,0,0,0,0,0,0,0,0,0,0,0,0,0,0,0,0,0,0,0,0,0,0,0,0,0,0,0,0,0,0,0,0,0,0,0,0,0,0,0,0,0,0,0,0,0,0,0,0,0,0,0,0,0,0,0,0,0,0,0,0,0,0,0,0,0,0,0,0,0,0,0,0,0,0,0,0,0,0,0,0,0,0,0,0,0,0,0,0,0,0,0,0,0,0,0,0,0,0,0,0,0,0,0,0,0,0,0,0
11103123113,core,0,19,9,7,5,3,0,4,0,49,0,9,18,0,7,7,0,4,0,48,0,9,17,15,0,3,4,0,0,51,0,7,18,6,0,4,0,0,0,42,0,0,7,13,0,3,0,0,0,29,0,0,16,10,0,3,0,0,0,28,0,0,10,9,3,0,0,0,0,19,0,0,0,0,0,0,0,0,0,0,0,0,0,0,0,0,0,0,0,0,0,6,8,0,0,0,4,3,3,24,17,88,140,75,34,48,46,52,15,519
11103123114,core,6,23,15,3,0,4,0,0,0,59,0,23,18,6,8,3,0,0,0,68,3,3,28,15,5,0,0,6,0,59,0,6,9,6,4,5,0,0,0,33,0,0,8,8,5,0,0,0,0,29,0,0,9,4,4,0,0,0,0,21,0,0,5,3,0,4,3,0,0,18,0,0,0,0,0,0,0,0,0,0,0,0,0,0,0,0,0,0,0,0,0,12,12,8,5,0,0,0,0,41,63,167,170,89,57,42,15,16,8,633
11103123115,core,0,4,13,9,4,4,3,3,0,30,0,5,15,0,4,5,0,0,0,38,0,3,17,3,4,10,0,0,0,34,0,3,12,8,4,4,0,0,0,29,0,0,10,4,0,0,0,0,0,14,0,0,7,3,3,3,0,0,0,13,0,0,9,0,0,0,0,0,0,11,0,0,0,0,0,0,0,0,0,0,0,0,0,0,0,0,0,0,0,0,0,0,9,6,0,0,0,0,3,29,17,44,113,48,44,56,31,16,12,387
11103123116,core,5,7,10,4,5,4,6,3,0,40,0,11,6,10,8,4,8,0,0,44,0,3,10,10,4,7,0,0,0,36,0,0,11,8,10,5,0,0,0,27,0,0,4,8,3,6,0,0,0,17,0,0,4,3,0,3,0,0,0,9,0,0,5,7,5,0,0,0,0,20,0,0,0,0,0,0,0,0,0,0,0,0,0,0,0,0,0,0,0,0,0,0,3,4,0,0,0,0,0,13,34,58,86,67,51,45,32,18,15,403
11103123117,core,0,0,4,0,4,7,0,0,0,20,0,0,5,0,3,0,0,0,0,17,0,0,8,0,4,7,0,0,0,12,0,0,8,3,0,0,0,0,0,20,0,0,7,3,0,0,0,0,0,10,0,0,3,0,0,4,0,0,0,7,0,0,4,0,0,0,0,0,0,7,0,0,0,0,0,0,0,0,0,3,0,0,0,0,0,0,0,0,0,0,0,5,0,3,0,0,0,5,0,16,11,27,44,20,22,25,18,14,3,183
11103123118,core,0,3,3,3,0,5,0,0,0,12,0,0,4,0,0,5,0,0,0,11,0,0,7,0,4,0,0,0,0,16,0,0,4,0,0,4,0,0,0,9,0,0,8,0,0,0,0,0,0,9,0,0,5,0,0,0,0,0,0,5,0,0,5,0,0,0,0,0,0,4,0,0,0,0,0,0,5,0,0,0,0,0,0,0,0,0,0,0,0,4,0,0,3,3,3,0,0,0,0,19,9,30,56,27,18,29,11,7,0,184
11103123119,core,3,12,10,9,4,0,0,0,0,33,0,4,18,7,0,3,0,0,0,36,0,5,16,10,7,6,0,0,0,41,0,4,13,0,3,0,0,0,0,27,0,0,7,0,0,0,0,0,0,8,0,0,5,3,0,0,0,0,0,14,0,0,0,6,0,0,0,0,0,10,0,0,0,0,0,0,0,0,0,0,0,0,0,0,0,0,0,0,0,0,8,9,24,14,12,11,0,0,0,74,42,92,137,86,45,45,21,11,7,487
11103123120,core,0,3,9,0,0,0,0,0,0,18,0,7,9,4,0,0,0,0,0,15,0,4,14,4,3,3,0,0,0,25,0,0,15,3,0,0,0,0,0,22,0,0,7,0,0,0,0,0,0,7,0,0,0,0,0,0,0,0,0,4,0,0,0,0,0,0,0,0,0,6,0,0,0,0,0,0,0,0,0,0,0,0,0,0,0,0,0,0,0,0,0,9,8,3,6,0,3,0,0,37,11,46,84,39,27,28,17,9,9,267
11103123121,core,0,8,13,6,0,6,0,0,0,27,0,5,14,3,0,0,0,0,0,31,0,6,14,6,7,0,0,0,0,32,0,4,6,6,3,4,0,0,0,18,0,0,9,0,0,0,0,0,0,9,0,0,3,0,0,0,0,0,0,13,0,0,0,6,0,0,0,0,0,3,0,0,0,0,0,0,0,0,0,0,0,0,0,0,3,0,0,0,0,8,0,0,12,0,3,0,0,0,0,26,13,57,106,48,25,28,19,10,3,306
11103123122,core,0,8,10,4,0,8,0,5,0,30,0,7,12,13,0,0,0,0,0,37,0,0,13,10,7,0,0,0,0,34,0,6,13,3,8,0,0,0,0,31,0,4,8,0,7,0,0,0,0,22,0,4,8,5,3,3,0,0,0,18,0,0,6,9,3,0,0,0,0,14,0,0,0,0,0,0,0,0,0,0,0,0,0,0,0,0,0,0,0,0,4,4,12,13,0,3,0,5,0,42,29,61,99,70,44,41,22,24,5,392
11103123123,core,5,11,11,8,9,6,0,0,0,52,0,9,17,13,3,4,0,0,0,44,0,3,14,6,7,3,0,0,0,37,0,4,5,11,3,3,0,0,0,24,0,4,10,4,0,0,0,0,0,25,0,0,3,4,3,6,0,0,0,14,0,0,12,7,3,0,0,0,0,22,0,0,0,0,0,0,0,0,0,6,0,0,0,0,0,0,0,0,0,0,4,4,3,8,9,0,3,0,0,30,43,86,117,107,72,50,36,8,7,527
11103123124,core,4,16,13,6,0,0,0,0,0,42,3,15,15,5,5,0,0,0,0,56,0,11,20,16,6,4,0,6,0,64,0,6,11,3,4,0,0,0,0,30,0,3,11,6,5,0,0,0,0,21,0,0,8,4,0,5,0,0,0,11,0,3,6,14,0,4,0,0,0,21,0,0,0,0,0,3,0,0,0,3,0,0,0,0,0,0,0,0,0,0,7,20,23,11,0,0,0,3,0,65,71,211,179,70,37,30,27,27,9,656
11103123125,core,11,27,0,0,0,0,0,0,0,39,3,14,0,0,0,0,0,0,0,15,0,4,0,0,0,0,0,0,0,9,0,0,0,0,0,0,0,0,0,0,0,0,0,0,0,0,0,0,0,0,0,0,0,0,0,0,0,0,0,0,0,0,0,0,0,0,0,0,0,0,0,0,0,0,0,0,0,0,0,0,0,3,0,0,0,0,0,0,0,3,179,203,6,3,0,0,0,0,0,401,618,707,28,4,0,0,0,0,0,1358
11103123126,core,0,3,7,5,0,0,0,0,0,18,0,5,9,0,0,3,0,0,0,24,0,7,11,5,6,0,0,5,0,29,0,0,5,0,0,0,0,0,0,12,0,0,3,0,0,0,0,0,0,7,0,0,3,0,0,0,0,0,0,3,0,0,3,0,4,4,0,0,0,13,0,0,0,0,0,0,0,0,0,0,0,0,0,0,0,0,0,0,0,0,0,3,11,3,7,5,13,27,54,128,24,62,79,28,36,37,35,47,72,416
11103123201,core,0,5,3,0,7,5,6,0,0,27,0,5,0,6,0,7,4,3,0,23,0,0,4,4,6,3,0,0,0,27,0,0,0,3,5,8,0,0,0,22,0,0,5,3,5,5,0,0,0,19,0,0,3,4,0,3,5,0,0,16,0,0,3,14,8,8,0,0,0,34,0,0,5,7,0,0,0,0,0,7,0,0,0,9,5,7,0,0,0,19,4,4,0,0,0,0,0,6,0,15,19,17,36,54,53,70,53,21,5,331
11103123202,core,0,0,4,6,4,3,7,6,0,31,0,0,3,8,3,5,0,0,0,28,0,0,12,8,4,10,5,0,0,34,0,0,10,3,8,0,0,0,0,21,0,0,3,3,10,3,0,0,0,18,0,0,3,3,3,8,0,0,0,14,0,0,11,9,9,3,3,0,0,34,0,0,0,3,3,0,0,0,0,6,0,0,0,0,4,0,0,0,0,8,3,0,0,4,7,4,5,0,0,26,24,17,58,49,60,69,63,28,10,380
11103123203,core,0,0,3,0,5,5,9,0,3,15,0,0,12,8,3,4,3,0,0,32,0,0,6,0,9,8,13,0,0,35,0,0,0,3,3,0,0,0,0,18,0,0,5,3,0,3,4,0,0,9,0,0,0,6,0,0,0,0,0,11,0,0,3,0,12,13,3,0,0,30,0,0,0,0,3,0,0,0,0,11,0,0,0,0,4,3,0,0,0,3,0,0,7,0,0,5,6,5,0,22,19,10,29,26,44,77,75,34,15,333
11103123204,core,3,4,3,6,3,8,7,0,6,38,0,3,7,3,9,5,5,0,0,32,0,4,6,11,0,0,4,0,0,30,0,6,4,4,3,6,0,0,0,19,0,0,0,7,7,0,4,0,0,18,0,0,0,9,8,3,0,0,0,15,0,0,0,4,4,0,4,0,0,22,0,0,0,0,4,0,0,0,0,0,0,0,0,0,0,0,0,0,0,5,0,0,5,8,6,10,4,3,0,46,27,31,42,66,65,75,71,36,11,426
11103123205,core,0,0,6,3,6,8,11,3,0,41,0,0,7,4,3,11,4,0,0,32,0,4,6,5,5,5,10,0,0,39,0,0,5,4,5,4,8,0,0,18,0,0,9,3,8,4,3,0,0,29,0,0,0,0,4,9,0,0,0,18,0,0,7,8,14,8,0,0,0,33,0,0,0,0,3,5,0,0,0,5,0,0,5,0,0,5,0,0,0,4,0,0,0,0,0,0,0,0,4,12,27,25,58,41,73,76,74,22,12,406
11103123206,core,0,0,0,0,0,6,9,0,0,17,0,3,6,7,3,6,0,0,0,26,0,0,4,4,9,8,8,0,0,30,0,0,4,0,0,3,0,3,0,17,0,0,4,3,3,0,0,0,0,15,0,0,6,0,3,0,6,0,0,17,0,0,6,12,5,8,0,0,0,25,0,0,0,0,5,0,0,0,0,4,0,0,0,3,0,0,0,0,0,5,4,0,5,0,8,0,0,0,0,23,14,15,26,42,48,56,42,23,0,268
11103123207,core,0,3,0,0,4,7,5,0,0,33,0,0,0,3,3,4,5,0,0,17,0,3,0,4,5,11,5,0,0,34,0,0,12,0,9,6,5,0,0,34,0,0,7,5,10,8,0,0,0,26,0,0,0,6,3,4,3,0,0,18,0,0,4,15,7,9,4,0,0,44,0,0,0,3,0,3,0,0,0,11,0,0,0,5,3,3,4,0,0,20,0,0,5,4,6,7,7,3,0,23,43,26,46,63,67,84,78,20,7,435
11103123208,core,0,3,0,0,0,3,3,3,0,15,0,5,0,0,3,4,8,0,0,18,0,3,4,11,10,8,0,4,0,31,0,0,3,3,4,3,0,0,0,19,0,0,3,4,9,0,0,0,0,19,0,0,0,3,4,4,0,0,0,8,0,0,0,6,12,12,0,0,0,23,0,0,0,0,4,0,0,0,0,0,0,0,0,3,0,0,0,0,0,3,0,0,0,0,5,0,8,16,67,94,14,22,22,38,49,52,45,41,66,351
11103123209,core,0,4,5,5,3,4,0,0,0,26,0,0,3,4,5,6,0,0,0,23,0,4,9,6,15,11,0,0,0,38,0,0,4,5,4,7,0,3,0,27,0,0,12,0,8,3,3,0,0,27,0,0,4,6,4,3,0,0,0,14,0,0,6,8,5,15,0,0,0,32,0,0,0,5,0,0,0,0,0,9,0,0,0,0,0,0,0,0,0,3,0,0,0,0,3,7,8,3,0,25,27,23,54,59,72,82,55,30,7,396
11103123210,core,0,0,0,0,3,0,0,0,3,12,0,0,3,0,0,0,0,0,0,12,0,0,0,0,0,3,0,0,0,4,0,0,0,5,0,0,0,0,0,3,0,0,5,0,0,0,0,0,0,6,0,0,0,3,0,3,0,0,0,6,0,0,0,6,0,0,0,0,0,3,0,0,0,0,0,0,0,0,0,0,0,0,0,0,0,0,0,0,0,4,0,0,0,0,0,0,0,0,0,3,6,3,19,16,11,20,17,6,3,101
11103123211,core,0,0,0,0,0,0,0,0,0,0,0,0,0,0,0,0,0,0,0,0,0,0,0,0,0,0,0,0,0,0,0,0,0,0,0,0,0,0,0,0,0,0,0,0,0,0,0,0,0,0,0,0,0,0,0,0,0,0,0,0,0,0,0,0,0,0,0,0,0,0,0,0,0,0,0,0,0,0,0,0,0,0,0,0,0,0,0,0,0,0,0,0,0,0,0,0,0,0,0,3,0,0,3,0,3,0,0,0,0,10
11103123213,core,0,0,0,0,6,7,19,12,9,47,0,0,0,0,4,10,12,8,0,34,0,0,0,0,0,8,4,3,0,20,0,0,5,0,0,0,9,0,0,11,0,0,0,0,0,4,0,5,0,13,0,0,0,0,0,0,0,0,0,0,0,0,0,0,0,0,0,0,0,0,0,0,0,0,0,0,0,0,0,0,0,0,0,0,0,0,0,0,0,6,0,0,0,0,0,11,39,25,6,81,4,0,8,8,23,98,280,217,59,702
11103123216,core,0,0,0,0,0,0,0,0,0,0,0,0,0,0,0,0,0,0,0,0,0,0,0,0,0,0,0,0,0,0,0,0,0,0,0,0,0,0,0,0,0,0,0,0,0,0,0,0,0,0,0,0,0,0,0,0,0,0,0,0,0,0,0,0,0,0,0,0,0,0,0,0,0,0,0,0,0,0,0,0,0,0,0,0,0,0,0,0,0,0,0,0,0,0,0,0,0,0,0,0,0,0,0,0,0,0,0,0,0,0
11103123217,core,0,0,0,0,0,0,28,20,4,54,0,0,0,0,0,4,22,7,9,36,0,0,0,0,0,0,19,4,0,24,0,0,0,0,0,0,7,3,0,11,0,0,0,0,0,0,0,6,0,4,0,0,0,0,0,4,0,0,0,4,0,0,0,0,0,0,0,0,0,0,0,0,0,0,0,0,0,0,0,0,0,0,0,0,0,0,0,3,0,4,0,0,0,0,0,0,20,4,4,28,0,0,0,0,4,20,227,142,27,424
11103123218,core,3,0,4,4,3,0,4,0,0,10,0,0,6,6,5,3,5,0,0,26,0,5,11,10,3,5,0,0,0,32,0,0,8,7,3,5,0,0,0,29,0,0,5,10,10,4,0,0,0,37,0,0,3,11,7,5,0,0,0,27,0,0,14,25,10,0,0,0,0,46,0,0,3,0,3,0,0,0,0,6,0,0,0,0,0,4,0,0,0,11,0,0,3,0,4,4,3,0,0,13,29,16,74,97,59,39,34,3,3,350
11103123219,core,0,4,7,3,4,3,0,0,0,30,0,3,10,8,5,0,0,0,0,26,0,10,19,12,6,4,0,6,0,52,0,8,18,15,3,3,0,0,0,59,0,0,22,15,8,4,0,0,0,48,0,0,17,16,5,4,0,0,0,36,0,0,17,25,8,6,0,0,0,56,0,0,5,3,3,0,0,0,0,11,0,0,3,0,0,0,0,0,0,3,0,0,9,5,4,0,0,0,0,18,27,44,140,125,47,45,23,6,0,457
11103123220,core,0,3,4,3,3,8,10,0,0,24,0,8,13,8,4,3,0,0,0,35,0,8,8,18,14,7,3,0,0,60,0,4,9,16,11,5,0,0,0,41,0,6,15,20,10,9,0,0,0,65,0,0,6,16,17,5,0,0,0,42,0,0,8,44,25,14,3,0,0,100,0,0,0,5,7,3,0,0,0,18,0,0,0,3,9,3,0,0,0,19,4,7,5,4,0,0,4,0,0,18,59,40,71,165,116,81,42,10,0,592
11103123221,core,0,0,0,0,0,0,13,17,0,36,0,0,0,0,0,0,10,9,0,23,0,0,0,0,0,0,9,10,0,24,0,0,0,0,0,0,5,4,0,7,0,0,0,0,0,0,9,0,0,10,0,0,0,0,0,4,3,0,0,10,0,0,0,0,0,0,0,3,0,5,0,0,0,0,0,0,0,0,0,0,0,0,0,0,0,0,0,0,0,4,0,0,0,0,0,11,48,20,0,75,0,0,0,4,7,36,220,156,22,441
11103123222,core,0,5,5,6,0,3,0,0,0,17,3,0,3,3,0,3,3,0,0,20,0,0,8,6,0,7,3,0,0,23,0,0,0,0,3,3,0,0,0,9,0,0,0,0,10,4,6,0,0,20,0,0,0,0,0,6,0,0,0,7,0,0,0,4,10,5,4,0,0,19,0,0,0,0,0,0,0,0,0,0,0,0,3,0,8,0,0,0,0,9,0,3,0,0,0,3,5,3,0,13,18,14,25,24,40,62,44,21,0,249
11103123223,core,0,0,8,3,0,6,0,0,0,19,0,5,10,3,5,0,6,0,0,31,0,3,8,8,3,5,4,0,0,35,0,3,13,9,6,0,0,0,0,29,0,0,10,3,5,5,0,0,0,29,0,0,8,12,8,3,0,0,0,31,0,0,17,25,13,4,0,0,0,62,0,0,0,4,0,0,0,0,0,7,0,0,0,0,0,7,0,0,0,11,0,0,4,6,0,0,0,0,0,19,21,21,86,98,50,42,33,3,0,352
11103123224,core,0,0,0,0,9,4,6,3,3,27,0,4,3,6,6,10,6,3,0,35,0,0,8,3,3,5,0,3,0,20,0,0,6,5,0,8,0,0,0,22,0,0,0,5,0,4,3,0,0,13,0,0,10,9,0,4,0,0,0,16,0,0,6,0,4,5,4,0,0,23,0,0,0,0,0,0,0,0,0,0,0,0,0,4,0,0,0,0,0,8,0,0,0,10,9,7,7,0,0,29,23,20,49,54,47,62,63,36,7,364
11103123301,core,0,3,12,0,0,3,0,4,0,25,0,0,20,4,9,0,3,0,0,40,0,0,18,3,3,5,6,0,0,34,0,0,13,0,5,5,0,0,0,24,0,0,8,4,0,0,0,0,4,18,0,0,6,6,0,0,0,0,0,17,0,0,6,8,0,0,0,0,0,17,0,0,0,0,0,0,0,0,0,0,0,0,5,0,0,0,0,0,0,3,0,0,5,4,0,0,0,0,0,18,15,36,99,51,38,39,25,20,17,326
11103123302,core,0,9,13,0,3,0,3,0,0,27,0,5,11,8,0,3,4,0,0,36,0,5,21,4,8,5,3,0,0,45,0,0,9,10,6,0,0,4,0,27,0,0,8,3,5,3,3,0,0,28,0,0,8,0,3,3,0,0,0,15,0,0,0,13,5,3,0,0,0,16,0,0,0,0,0,0,0,0,0,0,0,0,0,0,0,0,0,0,0,0,0,9,7,3,4,8,4,0,3,38,24,55,97,60,51,38,57,29,11,409
11103123303,core,3,4,7,10,3,6,6,0,0,33,0,5,5,9,4,4,9,0,0,39,0,0,18,10,9,10,0,0,0,46,0,5,8,0,7,4,0,0,0,29,0,4,14,4,0,0,0,0,0,19,0,0,9,0,3,4,0,0,0,12,0,0,4,8,16,3,0,0,0,32,0,0,0,0,0,0,0,0,0,0,0,0,0,0,5,0,0,0,0,5,0,4,4,4,7,6,3,5,0,33,36,43,88,59,75,70,37,35,19,464
11103123304,core,0,10,0,9,9,5,5,0,0,41,0,13,20,11,8,8,6,0,0,61,0,12,9,7,10,6,6,0,3,58,0,3,10,9,10,9,5,0,0,40,0,0,12,10,3,3,0,0,0,40,0,0,10,10,3,0,0,0,0,23,0,0,5,12,6,11,3,0,0,41,0,0,0,6,0,0,0,0,0,9,0,0,0,8,5,0,0,0,0,9,0,6,3,3,0,4,4,5,0,29,46,72,117,94,81,73,66,47,20,619
11103123305,core,0,5,11,0,4,4,5,0,0,34,0,6,17,6,8,3,3,0,0,44,0,4,14,0,3,18,0,0,0,49,0,0,12,10,7,4,0,0,0,33,0,0,11,4,4,3,0,0,0,30,0,0,9,3,0,9,0,3,0,15,0,0,9,8,3,0,0,0,0,26,0,0,0,5,4,0,0,0,0,9,0,0,0,0,0,0,0,0,0,3,6,0,12,13,0,3,5,4,5,40,29,46,117,74,69,83,53,41,18,536
11103123306,core,0,5,5,7,7,6,3,0,0,25,0,5,10,0,3,0,0,4,5,38,0,4,10,3,8,0,0,0,0,29,0,4,3,4,3,4,0,0,0,28,0,0,8,0,4,5,0,0,3,22,0,0,4,0,3,0,0,0,0,11,0,0,3,3,4,6,0,0,0,13,0,0,0,0,0,0,0,0,0,0,0,0,0,0,0,0,0,0,0,4,3,0,0,3,0,0,3,14,46,85,18,26,76,45,46,42,42,79,88,458
11103123307,core,0,0,0,0,0,3,3,16,11,36,0,0,8,0,0,7,6,8,0,31,0,3,5,0,0,0,5,9,0,18,0,0,0,0,5,0,0,0,0,8,0,0,0,0,0,0,0,0,0,3,0,0,0,0,0,0,0,0,0,3,0,0,0,3,0,3,0,0,0,10,0,0,0,0,0,0,0,0,0,0,0,0,0,0,0,0,0,0,0,0,0,0,0,0,0,0,0,6,5,14,0,4,14,7,12,15,93,219,120,492
11103123308,core,0,0,0,0,0,0,0,0,0,0,0,0,0,0,0,0,0,0,0,0,0,0,0,0,0,0,0,0,0,0,0,0,0,0,0,0,0,0,0,0,0,0,0,0,0,0,0,0,0,0,0,0,0,0,0,0,0,0,0,0,0,0,0,0,0,0,0,0,0,0,0,0,0,0,0,0,0,0,0,0,0,0,0,0,0,0,0,0,0,0,0,0,0,0,0,0,0,0,0,0,0,0,0,0,0,0,0,0,0,0
11103123309,core,0,6,4,7,5,11,0,4,0,34,0,5,7,3,7,9,3,0,0,39,0,0,6,8,3,14,0,0,0,35,0,0,3,3,0,7,0,0,0,18,0,0,3,0,3,0,0,0,0,11,0,0,0,5,0,0,0,0,0,8,0,0,5,3,0,3,0,0,0,14,0,0,0,4,0,0,0,0,0,7,0,0,0,0,0,0,0,0,0,6,0,3,6,5,3,12,9,28,46,96,25,28,56,48,43,76,49,65,75,465
11103123310,core,0,9,13,5,5,11,7,6,0,54,0,11,10,10,5,10,0,4,0,53,0,6,19,11,9,18,5,0,0,78,0,0,17,25,5,10,5,0,0,62,0,0,14,14,5,0,0,0,0,36,0,0,15,10,12,5,0,0,0,33,0,0,9,3,7,4,0,0,0,31,0,0,0,0,0,0,0,0,0,3,0,0,0,0,0,0,0,0,0,0,5,4,9,3,0,7,3,0,0,31,34,53,139,108,88,109,75,41,13,658
11103123311,core,0,0,0,0,0,0,0,0,0,0,0,0,0,0,0,0,0,0,0,0,0,0,0,0,0,0,0,0,0,0,0,0,0,0,0,0,0,0,0,0,0,0,0,0,0,0,0,0,0,0,0,0,0,0,0,0,0,0,0,0,0,0,0,0,0,0,0,0,0,0,0,0,0,0,0,0,0,0,0,0,0,0,0,0,0,0,0,0,0,0,0,0,0,0,0,0,0,0,0,0,0,0,0,0,0,0,0,0,0,0
11103123312,core,0,7,11,4,9,3,4,0,0,37,0,15,11,8,6,12,3,0,0,63,0,11,12,5,15,3,3,0,0,53,0,3,7,0,6,3,0,0,0,30,0,0,15,8,5,7,0,0,0,28,0,0,8,4,3,0,0,0,0,17,0,0,12,7,7,0,0,0,0,23,0,0,0,0,4,0,0,0,0,6,0,0,0,5,0,0,0,0,0,5,0,0,7,0,0,0,0,0,0,19,34,74,112,52,64,58,38,13,8,445
11103123313,core,0,8,0,3,4,5,0,0,0,19,0,4,15,3,0,4,0,0,0,22,0,3,9,11,4,0,0,0,0,24,0,0,16,0,4,0,0,0,0,18,0,0,0,0,0,0,0,0,0,5,0,0,3,0,0,0,0,0,0,7,0,0,0,6,0,0,0,0,0,7,0,0,0,0,0,0,0,0,0,0,0,0,0,0,0,0,0,0,0,0,0,0,3,0,0,0,0,0,0,9,6,17,66,33,20,19,7,8,6,175
11103123314,core,0,7,3,7,4,3,5,8,0,28,0,0,9,4,12,7,0,0,0,34,0,0,13,6,11,8,0,0,0,35,0,0,5,5,4,0,0,0,0,20,0,0,8,7,4,5,0,0,0,18,0,0,3,3,3,0,0,0,0,16,0,0,5,4,3,3,0,0,0,12,0,0,0,0,0,0,0,0,0,3,0,0,0,0,0,0,0,0,0,4,0,3,0,0,3,0,0,0,0,14,23,23,65,48,63,45,42,28,9,347
11103123315,core,0,4,7,3,0,5,6,5,0,35,0,3,5,5,5,3,8,0,0,35,0,7,14,12,8,7,0,0,0,45,0,0,4,5,3,3,0,0,0,24,0,3,13,7,3,4,3,0,0,31,0,0,0,3,0,0,0,0,0,13,0,0,0,9,5,3,0,0,0,21,0,0,0,0,0,0,0,0,0,0,0,0,0,0,0,0,0,0,0,0,0,0,3,0,3,3,0,0,3,22,32,48,61,56,68,54,48,29,16,404
11103123316,core,4,10,9,11,5,6,6,0,0,43,0,3,0,4,6,0,3,0,4,30,0,9,10,9,8,4,3,0,0,45,0,0,9,9,11,8,0,0,0,30,0,0,0,9,6,3,4,0,0,27,0,0,9,9,3,0,0,0,0,24,0,0,14,8,10,13,0,0,0,42,0,0,0,0,4,0,0,0,0,3,0,0,0,3,0,0,0,0,0,5,0,0,0,0,3,0,3,4,3,20,35,43,72,75,72,64,87,21,19,479
11103123317,core,0,9,6,10,0,5,0,0,0,38,0,7,13,4,3,3,3,0,0,42,0,0,17,13,0,0,0,0,0,37,0,3,12,5,3,0,0,0,0,25,0,3,6,4,0,3,0,0,0,23,0,3,7,3,0,0,0,0,0,10,0,0,3,8,3,0,0,0,0,17,0,0,0,0,0,0,0,0,0,4,0,0,0,0,0,0,0,0,0,0,11,3,16,16,6,9,9,8,0,71,29,61,135,78,44,60,58,31,6,508
11103123318,core,0,3,4,0,5,5,0,6,0,14,0,0,9,0,0,5,0,0,0,19,0,0,3,5,4,5,0,0,0,18,0,0,4,4,0,5,0,0,0,13,0,4,6,5,0,3,0,0,0,10,0,0,0,0,0,5,0,0,0,13,0,0,6,4,0,7,0,0,0,13,0,0,0,0,0,0,0,0,0,0,0,0,0,0,0,0,0,0,0,0,0,0,0,5,0,0,4,0,0,11,10,29,53,47,45,60,60,28,16,345
11103123319,core,0,0,3,9,3,5,6,3,0,33,0,3,11,4,10,3,9,3,0,45,0,6,9,9,12,9,3,0,0,38,0,3,16,10,8,8,3,0,0,36,0,0,13,14,6,4,0,0,0,37,0,0,5,14,3,3,0,0,0,31,0,0,10,10,15,14,0,0,0,47,0,0,0,3,3,0,0,0,0,4,0,0,0,4,4,4,0,0,0,12,0,3,8,6,3,4,7,13,24,59,50,26,80,87,97,76,70,65,81,644
11103123320,core,0,4,8,4,6,9,3,0,0,30,4,6,11,4,6,3,3,0,0,34,0,5,11,9,6,0,0,0,0,43,0,5,18,0,14,0,0,0,0,39,0,0,9,11,0,6,0,0,0,26,0,3,5,4,3,0,0,0,0,18,0,0,6,10,11,0,0,0,0,23,0,0,0,0,3,6,0,0,0,5,0,0,0,0,0,0,0,0,0,5,0,0,0,3,6,3,0,0,0,15,34,39,84,57,60,49,38,9,0,370
11103123321,core,0,3,4,4,4,3,0,0,0,25,0,4,11,9,3,8,9,0,0,41,0,6,19,16,0,10,5,0,0,43,0,0,10,13,9,6,0,0,0,38,0,0,10,8,4,9,0,0,0,30,0,0,12,11,11,0,0,0,0,26,0,0,11,14,13,6,0,0,0,41,0,0,0,3,0,0,0,0,0,3,0,0,0,3,0,3,0,0,0,7,0,0,0,0,0,0,0,0,0,8,23,30,80,90,60,74,61,28,5,441
11103123322,core,0,4,0,0,8,9,3,3,0,24,0,4,6,3,5,0,0,0,0,22,0,0,12,5,4,4,7,0,0,41,0,5,5,10,0,3,0,0,0,25,0,0,12,9,4,0,0,0,0,24,0,0,10,3,0,3,0,0,0,9,0,0,11,8,3,3,0,0,0,23,0,0,0,0,5,0,0,0,0,8,0,0,0,0,0,0,0,0,0,4,4,3,3,6,5,0,0,3,0,30,28,32,69,55,53,45,39,25,9,356
11103123323,core,0,0,9,3,0,4,3,5,0,24,0,3,10,5,7,0,3,4,0,32,0,0,15,3,6,6,0,0,0,29,0,3,7,3,3,0,7,3,0,24,0,0,10,4,4,0,0,0,0,21,0,0,6,3,3,0,0,0,0,12,0,0,3,10,4,3,0,0,0,21,0,0,0,0,4,0,0,0,0,7,0,0,0,0,0,0,0,0,0,4,3,0,0,3,3,5,3,0,0,22,26,17,68,47,47,60,50,26,4,357
11103123324,core,0,3,10,7,0,4,3,0,0,28,0,0,5,9,6,7,4,0,0,33,0,3,3,10,4,10,3,0,0,34,0,0,9,8,10,4,0,0,0,25,0,0,0,4,5,4,0,0,0,19,0,0,4,5,4,5,0,0,0,27,0,0,7,3,3,6,0,0,0,16,0,0,0,5,0,0,0,0,0,9,0,0,0,0,6,0,0,0,0,10,0,0,0,0,0,0,0,0,0,9,27,15,65,58,63,65,50,19,7,364
11103123325,core,3,0,0,0,4,3,4,0,0,25,0,4,0,0,4,3,8,0,0,21,0,4,9,13,5,6,7,0,0,38,0,0,12,3,8,5,0,0,0,30,0,3,10,9,6,8,3,0,0,37,0,0,13,7,7,3,0,0,0,22,0,0,3,10,9,0,0,0,0,33,0,0,0,6,0,0,0,0,0,6,0,0,0,3,0,0,0,0,0,4,0,0,6,0,0,0,0,0,0,4,20,23,72,66,56,43,70,30,5,399
11103123326,core,0,3,0,0,0,0,5,7,0,22,0,0,3,7,0,4,8,0,0,23,0,0,0,3,3,10,0,0,0,18,0,0,6,4,3,3,0,0,0,15,0,0,3,6,4,0,0,4,0,19,0,0,0,3,4,0,0,0,0,8,0,0,8,9,7,0,0,0,0,25,0,0,0,0,0,0,0,0,0,0,0,0,0,0,0,0,0,0,0,3,0,0,0,6,0,0,0,0,0,5,15,3,36,32,25,23,26,19,5,188
11103123327,core,4,6,6,9,10,0,7,6,0,38,0,3,8,10,8,4,3,6,0,39,0,4,13,9,8,6,6,0,0,46,0,0,11,6,6,0,0,0,0,19,0,0,11,7,5,3,0,0,0,26,0,0,15,14,7,4,0,0,0,36,0,0,7,13,7,5,0,0,0,39,0,0,0,0,0,0,5,0,0,5,0,0,3,3,5,0,0,0,0,15,0,0,0,5,3,0,3,13,0,22,37,30,76,83,64,44,71,66,10,478
11103123328,core,0,0,0,3,0,0,9,8,0,27,0,4,3,4,3,8,0,0,0,25,0,3,10,3,6,9,5,0,0,34,0,0,0,5,12,3,4,0,0,32,0,0,0,3,10,3,0,0,0,25,0,0,0,7,5,3,8,0,0,16,0,0,0,10,14,3,0,0,0,32,0,0,0,0,0,0,0,0,0,3,0,0,0,10,0,0,0,0,0,10,0,0,0,0,0,5,0,0,0,9,30,31,36,64,65,49,75,27,7,384
11103123329,core,0,3,6,6,3,3,0,4,0,22,0,0,0,0,0,3,3,0,0,16,0,0,4,4,5,10,7,0,4,38,0,0,0,6,5,6,3,0,0,21,0,0,0,8,5,11,3,0,0,32,0,0,3,0,0,9,3,0,0,16,0,0,6,8,20,11,8,0,0,41,0,0,0,4,0,3,0,0,0,12,0,0,0,3,3,9,0,0,0,14,0,0,0,0,0,4,3,0,0,8,31,24,20,48,58,85,51,22,3,344
11103123330,core,0,0,0,0,3,0,3,0,0,8,0,9,0,0,5,3,6,0,0,21,0,0,10,4,7,3,0,0,0,30,0,0,4,0,6,6,3,0,0,23,0,0,3,6,8,11,3,0,0,30,0,0,0,3,4,10,0,0,0,20,0,0,3,11,15,18,3,0,0,53,0,0,0,0,3,3,0,0,0,7,0,0,0,0,9,11,4,0,0,20,0,0,0,0,0,3,0,0,0,5,25,34,40,30,62,82,39,13,4,320
11103123331,core,0,11,4,3,0,4,4,0,0,32,0,0,5,0,8,0,4,0,0,25,0,0,7,0,8,0,4,0,0,25,0,6,15,12,6,4,3,0,0,36,0,0,7,13,3,0,0,0,0,23,0,0,4,9,6,3,0,0,0,25,0,0,3,18,11,0,0,0,0,38,0,0,0,0,0,0,0,0,0,3,0,0,0,0,0,4,0,0,0,3,0,5,0,0,3,0,0,0,0,21,24,34,68,72,53,28,68,29,10,388
11103123332,core,0,8,8,6,6,0,0,0,3,32,0,3,6,4,4,5,4,0,0,35,0,3,3,6,6,8,0,0,0,29,0,0,4,8,3,3,0,0,0,18,0,0,6,9,4,0,0,0,0,16,0,0,4,4,3,0,0,0,0,15,0,0,7,5,5,5,0,0,0,19,0,0,0,0,0,0,0,0,0,0,0,0,0,0,0,0,0,0,0,0,4,0,3,6,0,0,0,0,0,14,22,22,56,59,41,48,33,14,7,301
11103123333,core,0,0,6,8,0,0,0,3,0,16,0,0,3,5,3,0,3,0,0,16,0,0,9,7,0,7,0,0,0,27,0,4,5,3,3,7,4,0,0,23,0,0,4,9,0,3,0,0,0,23,0,0,6,5,4,0,0,0,0,23,0,0,3,7,3,5,5,0,0,27,0,0,0,0,3,0,3,0,0,6,0,0,0,0,0,0,0,0,0,0,3,0,0,0,4,0,5,0,0,18,19,27,44,61,37,35,49,24,6,300
11103123334,core,0,0,6,5,4,6,0,0,0,27,0,7,12,9,7,8,4,0,0,43,0,3,15,13,8,11,8,0,0,50,0,5,18,8,6,9,0,0,0,49,0,0,5,8,3,0,0,0,0,28,0,0,8,3,4,0,0,0,0,17,0,0,8,5,6,5,0,0,0,21,0,0,0,0,0,0,0,0,0,4,0,0,0,0,0,0,0,0,0,5,3,0,0,5,13,7,0,0,0,25,21,40,89,66,69,57,44,43,11,439
11103123335,core,0,5,5,4,9,7,0,0,0,37,0,3,12,7,5,5,3,0,0,44,0,0,14,7,9,6,0,0,0,43,0,3,4,10,0,5,0,0,0,20,0,0,8,0,3,0,0,0,0,20,0,0,3,5,5,0,0,0,0,16,0,0,6,7,0,0,0,0,0,16,0,0,0,0,0,0,0,0,0,4,0,0,3,0,3,3,0,0,0,11,3,6,5,4,6,8,12,29,75,144,32,36,105,60,64,73,46,51,89,555
11103123336,core,0,13,10,4,0,4,3,4,0,40,0,7,9,10,5,7,0,5,0,49,0,12,12,9,6,11,3,0,0,51,0,0,7,10,5,3,0,0,0,31,0,3,3,8,6,3,0,0,0,25,0,0,10,0,0,3,0,0,0,15,0,0,7,6,3,4,0,0,0,20,0,0,0,0,0,0,0,0,0,0,0,0,0,0,0,0,0,0,0,0,3,3,6,4,0,0,0,4,0,26,28,64,87,63,50,56,46,45,9,445
11103123337,core,0,11,6,10,6,4,7,3,0,42,0,5,14,3,3,9,6,3,0,50,0,8,16,10,7,10,7,0,0,55,0,0,11,5,3,5,5,0,0,28,0,3,16,8,7,3,0,0,0,38,0,0,4,4,5,3,0,0,0,15,0,0,5,8,5,0,0,0,0,28,0,0,4,3,5,0,3,0,0,10,0,0,3,0,0,0,3,0,0,10,0,0,7,3,0,6,0,0,5,26,24,45,98,89,52,68,79,33,14,509
11103123338,core,0,0,9,0,0,16,7,0,0,30,0,6,0,0,0,4,0,4,0,18,0,4,3,5,9,4,3,0,0,35,0,0,3,0,3,8,3,0,0,20,0,0,0,8,9,9,4,0,0,33,0,0,0,9,0,10,0,0,0,18,0,0,4,12,8,10,4,0,0,32,0,0,0,3,3,3,0,0,0,9,0,0,0,3,9,0,0,0,0,16,0,4,0,0,0,4,0,0,0,12,27,38,37,43,52,89,41,17,9,351
11103123339,core,0,0,5,9,0,0,0,0,0,27,0,4,14,5,3,3,3,0,0,30,0,7,10,5,0,0,4,0,0,29,0,6,10,7,8,0,0,0,0,32,0,0,4,3,8,0,0,0,0,16,0,0,9,5,0,0,3,0,0,19,0,0,4,10,4,3,0,0,0,16,0,0,4,0,0,0,0,0,0,3,0,0,0,0,0,0,0,0,0,0,3,3,0,5,3,4,0,0,0,23,20,52,85,77,42,28,36,7,0,348
11103123340,core,0,0,5,3,6,4,10,0,0,24,0,0,0,5,3,0,3,3,0,18,0,4,8,4,0,8,3,5,0,28,0,5,4,0,3,4,0,0,0,22,0,0,8,5,3,0,0,0,0,13,0,0,6,4,0,0,0,0,0,14,0,0,3,6,14,0,0,0,0,28,0,0,0,0,0,0,0,0,0,5,0,0,0,0,0,4,0,0,0,7,0,0,0,0,0,0,0,0,0,9,11,13,35,52,35,32,29,17,4,228
11103123341,core,3,0,4,5,3,5,4,3,0,41,4,8,14,4,8,11,5,0,0,49,5,8,15,10,13,7,4,0,0,63,0,3,16,3,8,8,0,0,0,38,0,0,13,5,4,6,0,0,0,38,0,0,4,3,5,7,0,0,0,12,0,3,5,6,10,0,0,0,0,19,0,0,0,0,0,0,0,0,0,0,0,0,0,0,0,0,0,0,0,5,5,8,3,8,0,4,3,3,0,34,39,49,86,64,81,76,70,36,16,517
11103123342,core,0,8,9,12,8,6,5,3,0,45,0,9,12,9,10,8,5,0,0,46,0,0,9,9,6,3,4,0,0,40,0,3,12,3,8,4,3,0,0,39,0,0,5,0,7,5,0,0,0,20,0,0,4,0,0,7,0,0,0,18,0,0,11,7,5,5,0,0,0,29,0,0,0,0,0,0,0,0,0,0,0,0,0,0,0,0,0,0,0,4,0,0,0,3,0,0,4,0,0,15,31,36,88,77,60,60,65,47,10,474
11103123343,core,0,0,9,11,5,3,0,0,0,32,0,7,11,9,4,3,3,0,3,35,0,4,16,8,7,8,0,0,0,42,0,0,14,10,9,4,9,0,0,38,0,0,12,8,0,3,0,0,0,24,0,0,7,4,3,3,0,0,0,18,0,0,7,8,5,0,0,0,0,24,0,0,0,3,0,0,0,0,0,4,0,0,0,0,0,0,0,0,0,0,3,0,5,0,0,5,4,3,0,21,37,23,98,78,46,48,67,36,16,451
11103123344,core,0,3,0,5,8,4,8,7,0,39,3,5,10,3,4,0,3,3,7,35,0,0,3,6,13,6,0,3,0,27,0,0,3,3,7,8,0,0,0,25,0,3,7,8,5,3,5,0,0,25,0,0,0,0,4,8,0,0,0,16,0,0,3,10,7,5,0,0,0,23,0,0,0,3,0,3,0,0,0,5,0,0,0,0,4,7,0,0,0,14,0,0,0,0,0,0,6,3,7,18,29,28,42,43,66,58,60,66,82,479
11103123401,core,0,4,10,3,0,4,0,0,0,28,0,4,6,5,5,0,0,0,0,23,0,0,3,8,10,3,0,0,0,35,0,4,14,3,5,3,0,0,0,27,0,0,3,8,4,3,0,0,0,27,0,0,3,3,3,0,0,0,0,13,0,0,4,12,6,3,0,0,0,27,0,0,0,4,3,0,0,0,0,10,0,0,0,4,0,0,0,0,0,8,0,0,6,0,0,0,3,6,0,21,19,24,65,54,58,42,30,11,9,309
11103123402,core,0,10,10,3,6,0,3,0,5,36,0,9,17,4,8,3,4,0,0,46,0,10,15,9,5,7,8,0,0,54,0,4,13,5,11,13,3,0,0,45,0,5,13,10,3,4,0,0,0,32,0,0,10,9,6,0,0,0,0,24,0,0,24,10,4,0,5,0,0,50,0,0,8,0,0,0,0,0,0,3,0,0,4,0,0,5,0,0,0,4,0,0,8,3,9,0,0,0,0,24,26,61,136,82,67,55,57,30,25,534
11103123403,core,3,17,12,9,6,5,5,0,0,49,0,10,13,6,9,5,4,4,0,45,0,8,13,13,9,3,0,0,0,46,0,0,7,8,3,3,3,0,0,27,0,4,5,4,3,5,0,0,0,27,0,0,0,9,5,0,0,0,0,21,0,0,4,11,8,0,0,0,0,19,0,0,0,3,0,0,0,0,0,9,0,0,0,4,0,0,0,0,0,9,0,4,9,0,6,0,0,0,0,17,44,86,90,65,73,42,35,27,10,468
11103123404,core,0,6,8,3,0,4,6,0,0,27,0,4,15,6,3,3,0,0,0,30,0,3,20,8,0,5,0,0,0,42,0,0,16,0,8,0,0,0,0,26,0,3,5,5,0,0,0,0,0,17,0,0,9,10,6,0,0,0,0,23,0,0,8,4,4,0,0,0,0,18,0,0,0,0,0,0,0,0,0,0,0,0,0,0,0,0,0,0,0,0,3,5,6,0,9,0,0,0,0,27,21,55,112,54,34,21,17,15,3,340
11103123405,core,0,4,3,3,0,3,0,0,0,22,0,7,4,3,3,0,4,0,0,27,0,0,0,7,8,7,7,0,0,25,0,0,0,3,4,6,0,0,0,14,0,0,6,5,4,3,0,0,0,17,0,0,7,0,7,0,0,0,0,19,0,0,4,4,8,5,0,0,0,18,0,0,0,3,0,0,0,0,0,5,0,0,3,3,0,0,0,0,0,8,0,0,6,3,0,0,0,0,0,14,22,33,40,51,33,44,31,17,5,272
11103123406,core,3,8,0,6,6,7,3,3,0,43,3,3,8,10,6,6,3,0,0,41,0,8,13,3,7,17,0,0,0,51,0,3,6,10,5,4,7,0,0,33,0,0,21,6,8,3,0,0,0,43,0,0,0,5,3,6,0,0,0,26,0,0,14,12,14,3,0,0,0,43,0,0,3,5,0,0,0,0,0,8,0,0,0,0,4,0,0,0,0,7,8,6,7,3,8,3,8,5,0,40,35,38,101,80,73,78,50,33,5,486
11103123407,core,0,13,7,3,5,5,0,0,0,30,3,14,15,6,0,9,0,0,0,39,0,9,16,4,11,5,0,3,0,57,0,3,21,3,13,5,0,0,0,47,0,0,15,3,4,4,0,0,0,28,0,0,13,7,6,0,3,0,0,26,0,0,9,12,11,0,0,0,0,34,0,0,0,0,0,0,0,0,0,7,0,0,0,3,0,4,0,0,0,13,0,0,0,0,5,0,4,0,5,17,42,57,103,71,87,55,61,59,60,598
11103123408,core,0,4,0,3,7,5,0,3,0,24,0,0,5,6,5,0,7,0,0,21,0,0,10,11,7,3,0,0,0,34,0,0,9,4,0,3,0,0,0,21,0,0,9,9,6,0,0,0,0,19,0,0,0,4,0,3,0,0,0,16,0,0,15,4,7,8,0,0,0,30,0,0,0,0,0,0,0,0,0,0,0,0,0,0,0,0,0,0,0,0,5,0,0,4,0,0,0,0,0,11,29,31,48,51,50,47,23,17,11,301
11103123409,core,0,4,3,8,6,0,8,0,0,26,0,8,12,5,0,3,3,0,0,26,0,6,9,5,3,5,4,0,0,33,0,6,12,7,4,0,0,0,0,38,0,0,10,0,7,4,0,0,0,23,0,4,0,0,3,0,0,0,0,13,0,0,7,5,4,4,0,0,0,21,0,0,0,0,0,0,0,0,0,0,0,0,0,0,0,3,0,0,0,3,0,0,0,0,4,5,0,0,0,10,20,79,75,48,38,50,43,23,5,384
11103123410,core,0,4,7,0,0,4,4,0,8,35,0,6,12,3,7,3,4,0,3,28,0,6,8,5,0,3,0,0,0,21,0,0,10,4,9,3,5,0,0,29,0,0,9,0,4,0,0,0,0,15,0,0,0,3,0,3,4,0,0,11,0,0,5,10,11,4,0,0,0,27,0,0,3,5,0,0,0,0,0,4,0,0,0,0,7,0,0,0,0,7,4,4,5,5,4,6,22,78,173,294,23,33,69,41,42,40,63,113,250,663
11103123411,core,3,5,9,4,0,8,4,3,0,27,0,10,13,5,0,4,0,3,0,29,0,6,4,5,6,3,0,0,0,23,0,3,11,4,3,0,0,0,0,25,0,0,12,0,0,3,0,0,0,15,0,0,7,0,0,4,0,0,0,7,0,0,3,5,4,3,0,0,0,12,0,0,0,0,0,0,0,0,0,0,0,0,0,0,0,0,0,0,0,0,0,12,3,0,0,0,0,0,0,13,15,47,68,27,20,32,13,27,9,265
11103123412,core,0,10,7,3,4,0,0,0,3,27,0,3,31,9,0,3,4,0,0,52,0,4,13,5,0,3,0,0,0,27,0,0,13,6,5,0,0,0,0,31,0,0,9,6,3,0,0,3,0,23,0,4,4,3,4,0,0,0,0,17,0,0,8,0,4,0,0,0,0,16,0,0,0,0,0,0,0,0,0,0,0,0,0,0,0,0,0,0,0,0,0,7,11,3,3,0,0,5,0,30,47,90,132,46,27,24,21,25,14,423
11103123413,core,0,11,15,7,3,3,8,0,0,42,0,5,16,9,3,7,4,0,0,43,0,7,20,4,11,3,7,0,0,49,0,0,13,9,4,4,0,0,0,25,0,0,12,9,9,0,0,0,0,32,0,0,3,0,3,0,0,0,0,11,0,0,5,5,8,4,0,0,0,24,0,0,0,0,0,0,0,0,0,6,0,0,0,0,0,0,0,0,0,6,5,8,0,5,3,0,0,0,0,25,36,57,107,59,68,53,28,14,6,431
11103123414,core,0,11,9,8,6,0,6,0,0,35,0,4,12,7,5,9,0,5,0,39,0,9,20,7,4,7,0,0,0,52,0,6,17,7,4,14,4,0,0,45,0,3,3,6,10,9,0,0,0,35,0,0,11,9,0,6,0,0,0,29,0,0,10,9,12,4,0,0,0,44,0,0,0,4,0,0,0,0,0,5,0,0,0,3,0,0,0,0,0,8,0,4,3,0,3,4,0,0,0,15,8,60,113,78,62,71,27,31,8,464
11103123415,core,0,5,10,3,4,5,0,0,0,28,0,4,15,3,4,0,3,0,0,32,0,0,10,7,8,0,0,0,0,27,0,0,10,5,7,8,0,0,0,27,0,0,11,4,6,0,0,0,0,29,0,0,8,8,0,0,0,0,0,17,0,0,9,11,8,9,0,0,0,39,0,0,0,4,0,0,0,0,0,4,0,0,0,0,3,0,0,0,0,7,4,3,9,4,3,4,0,4,0,20,18,20,88,62,51,48,21,19,5,331
11103123416,core,0,8,9,8,3,4,3,0,0,38,0,5,6,10,3,6,5,6,0,45,0,5,21,8,16,7,0,5,0,58,0,0,12,11,9,6,0,0,0,42,0,4,16,5,7,8,5,0,0,42,0,0,9,10,9,3,0,0,0,31,0,0,27,27,12,6,0,0,0,67,0,0,0,6,0,0,0,0,0,7,0,0,3,0,3,0,0,0,0,11,0,5,12,5,5,8,4,5,4,44,29,52,131,90,75,66,44,58,13,557
11103123417,core,0,0,10,3,0,3,6,0,0,21,0,0,3,0,0,4,0,3,0,16,0,8,12,9,3,9,0,0,0,41,0,4,5,3,5,0,0,0,0,25,0,5,4,8,4,5,0,0,0,27,0,0,0,4,8,5,0,0,0,12,0,0,8,6,18,14,0,0,0,45,0,0,0,6,0,0,0,0,0,12,0,0,0,6,0,3,0,0,0,9,0,3,6,0,5,0,0,0,0,10,24,47,60,60,69,65,30,12,5,372
11103123418,core,0,3,4,4,0,0,0,0,0,24,0,0,9,4,8,3,0,0,0,27,0,0,13,12,5,6,0,0,0,31,0,0,13,3,4,6,0,0,0,22,0,0,6,6,0,3,0,0,0,14,0,0,4,12,3,0,0,0,0,18,0,0,14,9,12,4,0,0,0,42,0,0,0,0,4,0,0,0,0,4,0,0,0,0,0,0,0,0,0,0,0,0,0,0,0,0,0,0,0,11,16,29,69,59,44,40,29,21,3,313
11103123419,core,0,8,6,0,0,0,6,0,0,22,0,9,8,4,0,4,5,0,0,26,0,0,5,8,9,6,0,0,0,37,0,0,3,7,3,4,0,0,0,19,0,0,3,0,8,0,0,0,0,19,0,0,3,3,0,4,0,0,0,12,0,0,8,4,4,0,0,0,0,14,0,0,0,0,3,0,0,0,0,3,0,0,0,0,0,0,0,0,0,7,0,0,4,6,0,4,0,0,0,8,12,32,45,41,42,37,30,15,7,264
11103123420,core,0,6,11,0,4,4,4,0,0,34,0,4,12,3,0,7,4,0,0,36,0,3,17,8,9,6,3,0,0,42,0,0,7,10,0,0,0,0,0,24,0,0,9,0,9,4,0,0,0,15,0,0,3,4,0,0,0,0,0,11,0,0,6,7,6,3,0,0,0,28,0,0,0,0,0,0,0,0,0,5,0,0,0,0,0,0,0,0,0,6,3,0,4,3,0,9,5,0,0,27,23,37,84,54,51,46,50,15,7,378
11103123421,core,0,4,8,9,4,5,4,0,0,41,0,3,12,4,4,7,0,0,0,38,0,5,14,7,7,3,3,0,0,39,0,4,13,5,7,7,0,0,0,31,0,0,12,15,5,10,0,0,0,44,0,0,15,13,5,3,0,0,0,36,0,0,12,4,3,6,0,0,0,26,0,0,0,4,5,0,0,0,0,7,0,0,0,0,0,4,0,0,0,6,8,3,5,7,4,5,5,0,0,33,31,35,121,80,63,60,36,20,5,438
11103123422,core,0,3,3,4,3,9,3,0,0,27,0,7,4,3,9,6,0,0,0,23,0,0,10,3,3,5,0,0,0,22,0,4,16,5,0,9,0,0,0,28,0,0,0,9,0,4,0,0,0,12,0,0,0,8,0,0,0,0,0,6,0,0,10,4,5,4,0,0,0,16,0,0,0,0,0,0,0,0,0,0,0,0,0,3,0,0,0,0,0,13,0,0,0,4,4,4,32,72,96,216,3,25,60,38,45,52,66,82,104,486
11103123423,core,0,7,8,3,5,0,4,0,0,34,0,0,13,0,0,0,3,0,0,37,0,0,10,4,4,0,0,0,0,26,4,3,7,6,0,0,0,0,0,23,0,0,9,6,3,3,0,0,0,19,0,0,5,3,4,3,0,0,0,20,0,0,12,19,9,4,0,0,0,44,0,0,0,0,3,0,0,0,0,5,0,0,0,0,0,0,0,0,0,3,0,7,0,3,0,3,0,0,0,12,17,56,94,58,49,41,30,15,10,372
11103123424,core,0,3,3,5,0,4,5,0,0,25,0,6,13,0,7,5,0,0,0,31,0,4,3,3,0,0,0,0,0,21,0,3,13,5,3,0,0,0,0,28,0,0,6,5,0,0,3,0,0,7,0,0,4,0,3,0,0,0,0,11,0,0,3,3,0,4,0,0,0,11,0,0,0,4,0,0,0,0,0,0,0,0,0,0,4,0,0,0,0,4,0,7,0,0,0,0,0,0,3,7,9,27,57,33,36,21,31,22,34,281
11103123425,core,3,10,11,7,11,3,0,0,0,41,0,10,19,7,6,0,3,0,0,55,0,9,21,10,11,5,0,0,0,54,0,6,10,9,9,9,0,0,0,41,0,0,8,9,9,4,0,0,0,29,0,0,4,8,3,3,0,0,0,20,0,3,3,10,6,3,0,0,0,22,0,0,0,0,0,0,0,0,0,3,0,0,0,0,0,4,0,0,0,3,0,0,8,5,6,7,5,4,0,33,24,81,122,71,90,77,52,29,8,559
11103123426,core,0,6,11,8,0,0,4,0,0,29,0,10,10,5,4,5,0,0,0,41,0,8,12,3,3,3,0,0,0,26,0,0,6,8,5,0,0,0,0,20,0,0,11,8,3,7,0,0,0,21,0,0,3,3,0,3,0,0,0,11,0,0,8,4,3,0,0,0,0,18,0,0,0,0,0,0,0,0,0,0,0,0,0,0,0,0,0,0,0,4,0,4,9,3,0,0,0,3,0,23,23,45,95,57,25,31,22,14,0,312
11103123427,core,0,0,8,4,4,4,3,4,0,28,0,5,6,3,0,4,3,0,0,29,0,9,20,7,9,3,0,0,0,42,0,0,11,3,3,3,0,0,0,28,0,0,10,4,4,0,0,0,0,24,0,0,6,5,0,0,0,0,0,13,0,0,6,13,3,0,4,0,0,25,0,0,0,4,0,0,0,0,0,3,0,0,0,0,0,0,0,0,0,0,0,3,5,9,5,0,3,3,3,28,22,36,100,65,53,32,40,24,14,389
11103123501,core,0,0,4,0,5,7,3,0,0,25,0,0,3,4,4,9,4,0,0,27,0,4,3,3,4,0,3,7,0,31,0,0,3,3,8,0,10,4,0,34,0,4,8,7,5,0,0,0,0,23,0,0,0,4,3,8,4,0,0,23,0,0,4,3,8,14,4,6,0,40,0,0,3,5,0,0,0,0,0,13,0,0,4,0,3,8,0,0,0,14,0,0,4,0,4,0,4,0,0,11,10,18,53,38,42,60,61,29,6,313
11103123502,core,0,5,11,7,0,6,7,0,0,50,0,12,18,8,3,4,3,0,0,42,0,0,17,13,13,11,8,0,0,61,0,0,11,3,6,8,4,0,0,38,0,0,25,15,10,8,0,0,0,57,0,0,13,21,3,7,0,0,0,40,0,0,12,23,7,10,3,0,0,58,0,0,4,3,4,0,0,0,0,22,0,0,5,12,10,12,0,0,0,33,0,0,5,5,0,7,0,0,0,20,28,46,134,137,80,111,46,16,4,603
11103123503,core,0,8,9,5,11,6,3,0,0,45,0,4,10,10,5,8,0,0,0,36,0,9,11,6,10,5,4,0,0,51,0,0,16,12,5,5,0,0,0,40,0,0,15,13,10,9,0,0,0,44,0,0,13,10,8,4,0,0,0,35,0,0,19,20,12,7,0,0,0,53,0,0,4,9,0,3,0,0,0,20,0,0,0,6,6,4,0,0,0,15,0,0,8,5,7,0,0,6,0,31,25,52,128,119,93,89,39,21,4,572
11103123504,core,0,4,7,0,4,9,0,0,0,32,0,5,9,4,10,5,4,0,0,38,0,4,13,7,5,11,4,0,0,43,0,0,10,7,3,8,3,0,0,34,0,0,15,3,10,3,0,0,0,25,0,5,15,5,9,3,0,0,0,40,0,0,13,15,15,7,0,0,0,57,0,0,0,0,0,0,0,0,0,5,0,0,5,6,5,0,0,0,0,8,0,10,4,4,4,3,0,0,0,25,26,55,102,71,69,78,26,20,10,446
11103123505,core,0,3,0,0,0,4,6,5,0,21,0,8,7,0,0,11,5,3,0,32,0,8,4,3,3,5,10,5,0,34,0,3,11,8,6,4,6,5,0,33,0,0,3,5,4,4,4,0,0,22,0,0,0,5,3,4,9,0,0,16,0,0,3,7,5,11,7,0,0,36,0,0,0,0,6,0,0,0,0,9,0,0,0,0,6,3,0,0,0,16,0,0,0,0,0,0,0,0,0,9,15,28,45,34,41,64,72,34,3,344
11103123506,core,0,0,0,0,0,0,0,0,0,0,0,0,0,0,0,0,0,0,0,0,0,0,0,0,0,0,0,0,0,0,0,0,0,0,0,0,0,0,0,0,0,0,0,0,0,0,0,0,0,0,0,0,0,0,0,0,0,0,0,0,0,0,0,0,0,0,0,0,0,0,0,0,0,0,0,0,0,0,0,0,0,0,0,0,0,0,0,0,0,0,0,0,0,0,0,0,0,0,0,0,0,0,0,0,0,0,0,0,0,0
11103123507,core,0,10,8,6,3,4,5,0,0,36,6,3,6,7,11,0,6,0,0,41,0,3,11,4,6,3,0,0,0,41,0,3,11,8,5,5,3,0,0,34,0,0,10,5,7,5,0,0,0,31,0,0,8,8,3,0,0,0,0,24,0,0,8,16,11,4,0,0,0,45,0,0,0,9,4,0,0,0,0,14,0,0,0,10,5,5,0,0,0,20,0,0,0,5,6,9,0,0,0,22,29,51,101,84,85,54,51,16,8,484
11103123508,core,0,10,7,3,0,0,4,0,0,25,0,4,8,3,3,3,3,0,0,26,0,3,20,11,7,10,0,0,0,49,0,6,5,7,8,3,0,0,0,31,0,0,17,4,9,0,3,0,0,28,0,0,3,4,8,0,0,0,0,15,0,0,3,10,9,3,0,0,0,30,0,0,0,5,0,0,0,0,0,7,0,0,0,4,0,0,0,0,0,7,3,4,6,8,0,0,0,0,0,19,14,59,101,56,66,37,31,10,0,381
11103123509,core,0,3,7,7,3,6,5,0,0,25,0,3,12,9,3,8,0,0,0,40,0,3,15,11,5,4,0,3,0,41,0,0,15,4,3,3,0,0,0,27,0,0,22,4,4,0,0,0,0,30,0,0,12,6,8,0,0,0,0,21,0,0,5,14,9,0,0,0,0,28,0,0,0,4,0,3,0,0,0,10,0,0,3,0,5,0,3,0,0,9,0,0,3,0,3,3,5,0,0,16,10,25,115,69,61,38,29,16,14,367
11103123510,core,0,3,9,4,4,4,6,0,0,28,0,19,12,8,9,5,0,0,0,50,0,8,19,9,0,9,0,0,0,40,0,3,15,7,4,4,3,0,0,35,0,3,12,3,5,3,0,0,0,28,0,0,13,8,0,4,3,0,0,28,0,0,14,14,3,12,0,0,0,43,0,0,4,0,0,0,0,0,0,9,0,0,4,5,8,3,0,0,0,12,0,0,5,0,3,4,0,0,0,12,6,61,117,66,42,57,35,3,5,392
11103123511,core,4,12,7,5,7,0,5,0,0,43,0,9,6,0,5,3,0,0,0,36,0,4,16,13,4,6,5,3,0,50,0,8,15,6,11,6,3,0,0,40,0,0,20,8,10,5,0,0,0,46,0,0,10,4,10,6,0,0,0,30,0,0,16,26,11,8,3,0,0,62,0,0,0,4,4,5,0,0,0,13,0,0,0,3,5,3,0,0,0,12,0,0,0,3,0,0,4,0,0,5,22,41,113,80,83,58,39,17,9,466
11103123512,core,0,4,11,4,0,3,0,0,0,25,0,11,11,6,0,4,5,0,0,47,3,4,18,3,4,0,6,0,0,35,0,3,17,10,4,3,0,0,0,35,0,0,21,9,6,7,0,0,0,45,0,0,10,8,4,4,0,0,0,20,0,0,17,15,18,7,0,0,0,53,0,0,0,6,0,0,0,0,0,5,0,0,0,0,0,0,0,0,0,4,0,5,4,6,5,5,0,4,0,31,18,45,125,75,48,52,50,20,0,434
11103123513,core,0,3,6,5,0,4,3,0,0,23,0,8,15,6,3,0,5,0,0,33,0,9,16,9,0,6,0,0,0,43,0,0,15,4,3,8,0,0,0,30,0,3,3,3,0,3,0,0,0,14,0,0,3,8,11,6,0,0,0,20,0,0,13,10,8,0,0,0,0,32,0,0,3,4,0,0,0,0,0,6,0,0,0,7,0,3,0,0,0,9,0,0,6,0,4,3,4,0,0,26,16,36,86,58,49,69,33,10,11,366
11103123514,core,0,13,6,12,5,3,0,0,0,46,0,5,12,0,10,5,3,0,0,31,0,12,11,14,6,3,3,0,0,50,0,0,8,8,12,4,0,0,0,32,0,0,11,5,4,7,0,0,0,25,0,0,6,4,7,3,5,0,0,27,0,0,5,11,13,0,0,0,0,32,0,0,0,8,3,0,0,0,0,10,0,0,0,6,4,5,0,0,0,14,0,0,7,0,3,0,0,0,0,13,21,45,80,80,83,49,25,6,6,394
11103123515,core,0,5,3,0,4,5,0,0,0,21,0,5,9,7,5,3,0,0,0,31,0,6,16,9,3,4,0,0,0,34,0,3,4,9,0,3,0,0,0,25,0,0,10,5,0,0,0,0,0,23,0,0,0,4,4,0,0,0,0,14,0,0,9,6,6,6,4,0,0,27,0,0,6,0,0,3,0,0,0,4,0,0,0,0,0,0,0,0,0,0,0,4,4,7,3,0,0,0,0,15,13,42,81,52,31,41,23,7,0,292
11103123516,core,0,3,11,3,5,7,9,0,0,40,0,10,8,4,3,8,4,0,0,38,0,4,14,8,9,7,3,0,0,55,0,3,16,8,3,4,0,3,0,37,0,0,15,3,6,9,5,0,0,40,0,0,4,10,6,3,0,0,0,26,0,0,6,9,12,10,0,0,0,40,0,0,0,6,3,0,0,0,0,9,0,0,0,4,4,3,3,0,0,17,0,4,5,9,3,3,3,0,0,36,24,60,108,80,75,112,69,29,7,560
11103123518,core,0,6,3,0,0,0,0,0,4,18,0,0,6,3,0,3,3,0,0,21,0,3,14,4,6,8,0,0,0,33,0,0,13,4,0,4,0,0,0,22,0,0,5,7,0,0,0,0,0,15,0,0,10,3,0,4,0,0,0,15,0,0,6,11,5,0,0,0,0,25,0,0,0,0,0,0,0,0,0,6,0,0,0,0,0,0,0,0,0,3,0,0,0,0,0,0,0,0,0,5,4,22,71,39,31,35,16,7,4,225
11103123519,core,0,4,9,4,3,5,7,3,0,30,0,0,3,6,0,5,0,0,0,24,0,8,9,4,6,9,0,0,0,38,0,0,14,4,0,3,0,0,0,24,0,0,7,8,16,4,0,0,0,34,0,0,10,5,11,3,0,0,0,31,0,0,11,22,9,5,0,0,0,52,0,0,0,0,4,0,0,0,0,10,0,0,0,4,3,3,0,0,0,12,0,5,0,0,3,0,4,0,0,17,16,43,85,74,81,55,44,11,10,419
11103123520,core,5,0,10,0,4,3,5,4,0,23,0,13,11,0,0,4,5,0,0,28,0,4,11,3,3,3,0,0,0,28,0,0,24,3,6,4,0,0,0,36,0,9,7,3,5,8,0,0,0,34,0,0,9,3,0,0,0,0,0,16,0,0,12,6,10,8,0,0,0,38,0,0,5,0,4,0,0,0,0,8,0,0,3,6,3,4,0,0,0,17,5,0,0,0,0,0,0,0,0,12,10,48,109,35,49,38,26,8,5,327
11103123521,core,0,14,9,3,0,3,3,0,0,32,0,8,21,10,4,0,3,0,0,48,0,9,30,8,4,6,0,0,0,64,0,13,28,10,8,4,0,0,0,59,0,13,27,6,0,0,0,0,0,47,0,0,28,5,0,7,0,0,0,44,0,5,27,10,9,5,0,0,0,49,0,0,3,0,5,0,0,0,0,7,0,0,5,0,0,0,0,0,0,5,0,6,14,4,0,5,0,0,0,32,17,114,205,63,37,41,18,3,0,501
11103123522,core,0,0,0,0,0,0,0,0,0,3,0,0,0,0,0,0,0,0,0,3,0,0,0,0,0,0,0,0,0,0,0,0,4,0,0,0,0,0,0,4,0,0,0,0,0,0,0,0,0,0,0,0,0,0,0,0,0,0,0,0,0,0,0,0,0,0,0,0,0,0,0,0,0,0,0,0,0,0,0,0,0,0,0,0,0,0,0,0,0,0,0,0,0,0,0,0,0,0,0,0,0,0,6,0,3,0,0,0,0,13
