road_variant_ref,edge_id,name,corridor_class,fields_changed,field_num_lanes_per_dir_from,field_num_lanes_per_dir_to,num_lanes_observed_source,field_kerbside_use_from,field_kerbside_use_to,kerbside_observed_source,capacity_veh_hr_lane,signal_cycle_s,tram_lane_present,source,sweep_low,sweep_high,rationale
net_base2026_hunter_st_full_capacity,w880437939,Hunter Street,corridor_trunk:base2026;corridor_trunk:S4;corridor_trunk:S5,num_lanes_per_dir;kerbside_use,1.0,2.0,osm,unknown,parking,imputed_rule,1400,100,0,assumed,1,2,pre-tram reconstruction: road space and kerbside restored. Not observable in a 2026 extract; assumed and swept (DECISIONS 3.4)
net_base2026_hunter_st_full_capacity,w1224930744,Scott Street,corridor_trunk:base2026;corridor_trunk:S4;corridor_trunk:S5,num_lanes_per_dir;kerbside_use,1.0,2.0,osm,unknown,parking,imputed_rule,1200,100,0,assumed,1,2,pre-tram reconstruction: road space and kerbside restored. Not observable in a 2026 extract; assumed and swept (DECISIONS 3.4)
net_base2026_hunter_st_full_capacity,w654397477,Scott Street,corridor_trunk:base2026;corridor_trunk:S2c;corridor_trunk:S4;corridor_trunk:S5,num_lanes_per_dir;kerbside_use,1.0,2.0,osm,unknown,parking,imputed_rule,1200,100,0,assumed,1,2,pre-tram reconstruction: road space and kerbside restored. Not observable in a 2026 extract; assumed and swept (DECISIONS 3.4)
net_base2026_hunter_st_full_capacity,w80503133,Scott Street,corridor_trunk:base2026;corridor_trunk:S4;corridor_trunk:S5,num_lanes_per_dir;kerbside_use,1.0,2.0,osm,tram_lane,parking,osm,1400,100,0,assumed,1,2,pre-tram reconstruction: road space and kerbside restored. Not observable in a 2026 extract; assumed and swept (DECISIONS 3.4)
net_base2026_hunter_st_full_capacity,w630403513,Hunter Street,corridor_trunk:base2026;corridor_trunk:S4;corridor_trunk:S5,num_lanes_per_dir;kerbside_use,1.0,2.0,osm,unknown,parking,imputed_rule,1400,100,0,assumed,1,2,pre-tram reconstruction: road space and kerbside restored. Not observable in a 2026 extract; assumed and swept (DECISIONS 3.4)
net_base2026_hunter_st_full_capacity,w630409400,Scott Street,corridor_trunk:base2026;corridor_trunk:S4;corridor_trunk:S5,num_lanes_per_dir;kerbside_use,1.0,2.0,osm,tram_lane,parking,osm,1200,100,0,assumed,1,2,pre-tram reconstruction: road space and kerbside restored. Not observable in a 2026 extract; assumed and swept (DECISIONS 3.4)
net_base2026_hunter_st_full_capacity,w630403516,Scott Street,corridor_trunk:base2026;corridor_trunk:S4;corridor_trunk:S5,num_lanes_per_dir;kerbside_use,1.0,2.0,osm,tram_lane,parking,osm,1200,100,0,assumed,1,2,pre-tram reconstruction: road space and kerbside restored. Not observable in a 2026 extract; assumed and swept (DECISIONS 3.4)
net_base2026_hunter_st_full_capacity,w859623594,Scott Street,corridor_trunk:base2026;corridor_trunk:S4;corridor_trunk:S5,num_lanes_per_dir;kerbside_use,1.0,2.0,osm,tram_lane,parking,osm,1400,100,0,assumed,1,2,pre-tram reconstruction: road space and kerbside restored. Not observable in a 2026 extract; assumed and swept (DECISIONS 3.4)
net_base2026_hunter_st_full_capacity,w1224930742,Scott Street,corridor_trunk:base2026;corridor_trunk:S4;corridor_trunk:S5,num_lanes_per_dir;kerbside_use,1.0,2.0,osm,unknown,parking,imputed_rule,1200,100,0,assumed,1,2,pre-tram reconstruction: road space and kerbside restored. Not observable in a 2026 extract; assumed and swept (DECISIONS 3.4)
net_base2026_hunter_st_full_capacity,w886599916,Scott Street,corridor_trunk:base2026;corridor_trunk:S4;corridor_trunk:S5,num_lanes_per_dir;kerbside_use,1.0,2.0,osm,unknown,parking,imputed_rule,1400,100,0,assumed,1,2,pre-tram reconstruction: road space and kerbside restored. Not observable in a 2026 extract; assumed and swept (DECISIONS 3.4)
net_base2026_hunter_st_full_capacity,w1224930741,Scott Street,corridor_trunk:base2026;corridor_trunk:S4;corridor_trunk:S5,num_lanes_per_dir;kerbside_use,1.0,2.0,osm,unknown,parking,imputed_rule,1400,100,0,assumed,1,2,pre-tram reconstruction: road space and kerbside restored. Not observable in a 2026 extract; assumed and swept (DECISIONS 3.4)
net_base2026_hunter_st_full_capacity,w415393718,Scott Street,corridor_trunk:base2026;corridor_trunk:S4;corridor_trunk:S5,num_lanes_per_dir;kerbside_use,1.0,2.0,osm,unknown,parking,imputed_rule,1400,100,0,assumed,1,2,pre-tram reconstruction: road space and kerbside restored. Not observable in a 2026 extract; assumed and swept (DECISIONS 3.4)
net_base2026_hunter_st_full_capacity,w847353666,Scott Street,corridor_trunk:base2026;corridor_trunk:S4;corridor_trunk:S5,num_lanes_per_dir;kerbside_use,1.0,2.0,osm,unknown,parking,imputed_rule,1400,100,0,assumed,1,2,pre-tram reconstruction: road space and kerbside restored. Not observable in a 2026 extract; assumed and swept (DECISIONS 3.4)
net_base2026_hunter_st_full_capacity,w415393719,Hunter Street,corridor_trunk:base2026;corridor_trunk:S4;corridor_trunk:S5,num_lanes_per_dir;kerbside_use,1.0,2.0,osm,unknown,parking,imputed_rule,1400,100,0,assumed,1,2,pre-tram reconstruction: road space and kerbside restored. Not observable in a 2026 extract; assumed and swept (DECISIONS 3.4)
net_base2026_hunter_st_full_capacity,w630403512,Hunter Street,corridor_trunk:base2026;corridor_trunk:S4;corridor_trunk:S5,num_lanes_per_dir;kerbside_use,1.0,2.0,osm,unknown,parking,imputed_rule,1400,100,0,assumed,1,2,pre-tram reconstruction: road space and kerbside restored. Not observable in a 2026 extract; assumed and swept (DECISIONS 3.4)
net_base2026_hunter_st_full_capacity,w654397478,Scott Street,corridor_trunk:base2026;corridor_trunk:S2c;corridor_trunk:S4;corridor_trunk:S5,num_lanes_per_dir;kerbside_use,1.0,2.0,osm,clearway,parking,osm,1200,100,0,assumed,1,2,pre-tram reconstruction: road space and kerbside restored. Not observable in a 2026 extract; assumed and swept (DECISIONS 3.4)
net_base2026_hunter_st_full_capacity,w539138941,Hunter Street,corridor_trunk:base2026;corridor_trunk:S4;corridor_trunk:S5,num_lanes_per_dir;kerbside_use,1.0,2.0,osm,unknown,parking,imputed_rule,1400,100,0,assumed,1,2,pre-tram reconstruction: road space and kerbside restored. Not observable in a 2026 extract; assumed and swept (DECISIONS 3.4)
net_base2026_hunter_st_full_capacity,w190524730,Hunter Street,corridor_trunk:base2026;corridor_trunk:S4;corridor_trunk:S5,kerbside_use,2.0,,osm,unknown,parking,imputed_rule,1400,100,0,assumed,1,2,pre-tram reconstruction: road space and kerbside restored. Not observable in a 2026 extract; assumed and swept (DECISIONS 3.4)
net_base2026_hunter_st_full_capacity,w630409401,Hunter Street,corridor_trunk:base2026;corridor_trunk:S4;corridor_trunk:S5,num_lanes_per_dir;kerbside_use,1.0,2.0,osm,unknown,parking,imputed_rule,1400,100,0,assumed,1,2,pre-tram reconstruction: road space and kerbside restored. Not observable in a 2026 extract; assumed and swept (DECISIONS 3.4)
net_base2026_hunter_st_full_capacity,w1321958647,Hunter Street,corridor_trunk:base2026;corridor_trunk:S4;corridor_trunk:S5,num_lanes_per_dir;kerbside_use,1.0,2.0,osm,unknown,parking,imputed_rule,1400,100,0,assumed,1,2,pre-tram reconstruction: road space and kerbside restored. Not observable in a 2026 extract; assumed and swept (DECISIONS 3.4)
net_base2026_hunter_st_full_capacity,w630403515,Scott Street,corridor_trunk:base2026;corridor_trunk:S4;corridor_trunk:S5,num_lanes_per_dir;kerbside_use,1.0,2.0,osm,unknown,parking,imputed_rule,1400,100,0,assumed,1,2,pre-tram reconstruction: road space and kerbside restored. Not observable in a 2026 extract; assumed and swept (DECISIONS 3.4)
net_base2026_hunter_st_full_capacity,w902502658,Scott Street,corridor_trunk:base2026;corridor_trunk:S2c;corridor_trunk:S4;corridor_trunk:S5,num_lanes_per_dir;kerbside_use,1.0,2.0,osm,clearway,parking,osm,1200,100,0,assumed,1,2,pre-tram reconstruction: road space and kerbside restored. Not observable in a 2026 extract; assumed and swept (DECISIONS 3.4)
net_base2026_hunter_st_full_capacity,w902502665,Scott Street,corridor_trunk:base2026;corridor_trunk:S2c;corridor_trunk:S4;corridor_trunk:S5,num_lanes_per_dir;kerbside_use,1.0,2.0,osm,unknown,parking,imputed_rule,1200,100,0,assumed,1,2,pre-tram reconstruction: road space and kerbside restored. Not observable in a 2026 extract; assumed and swept (DECISIONS 3.4)
net_base2026_hunter_st_full_capacity,w190524729,Hunter Street,corridor_trunk:base2026;corridor_trunk:S4;corridor_trunk:S5,num_lanes_per_dir;kerbside_use,1.0,2.0,osm,unknown,parking,imputed_rule,1400,100,0,assumed,1,2,pre-tram reconstruction: road space and kerbside restored. Not observable in a 2026 extract; assumed and swept (DECISIONS 3.4)
net_base2026_hunter_st_full_capacity,w415393717,Scott Street,corridor_trunk:base2026;corridor_trunk:S4;corridor_trunk:S5,num_lanes_per_dir;kerbside_use,1.0,2.0,osm,unknown,parking,imputed_rule,1400,100,0,assumed,1,2,pre-tram reconstruction: road space and kerbside restored. Not observable in a 2026 extract; assumed and swept (DECISIONS 3.4)
net_base2026_hunter_st_full_capacity,w880437946,Hunter Street,corridor_trunk:base2026;corridor_trunk:S4;corridor_trunk:S5,num_lanes_per_dir;kerbside_use,1.0,2.0,osm,unknown,parking,imputed_rule,1400,100,0,assumed,1,2,pre-tram reconstruction: road space and kerbside restored. Not observable in a 2026 extract; assumed and swept (DECISIONS 3.4)
net_base2026_hunter_st_full_capacity,w847353665,Scott Street,corridor_trunk:base2026;corridor_trunk:S4;corridor_trunk:S5,num_lanes_per_dir;kerbside_use,1.0,2.0,osm,unknown,parking,imputed_rule,1400,100,0,assumed,1,2,pre-tram reconstruction: road space and kerbside restored. Not observable in a 2026 extract; assumed and swept (DECISIONS 3.4)
net_base2026_hunter_st_full_capacity,w880437935,Hunter Street,corridor_trunk:base2026;corridor_trunk:S4;corridor_trunk:S5,kerbside_use,2.0,,osm,unknown,parking,imputed_rule,1400,100,0,assumed,1,2,pre-tram reconstruction: road space and kerbside restored. Not observable in a 2026 extract; assumed and swept (DECISIONS 3.4)
net_base2026_hunter_st_full_capacity,w880437938,Hunter Street,corridor_trunk:base2026;corridor_trunk:S4;corridor_trunk:S5,num_lanes_per_dir;kerbside_use,1.0,2.0,osm,unknown,parking,imputed_rule,1400,100,0,assumed,1,2,pre-tram reconstruction: road space and kerbside restored. Not observable in a 2026 extract; assumed and swept (DECISIONS 3.4)
net_base2026_hunter_st_full_capacity,w1320077081,Hunter Street,corridor_trunk:base2026;corridor_trunk:S4;corridor_trunk:S5,num_lanes_per_dir;kerbside_use,1.0,2.0,osm,unknown,parking,imputed_rule,1400,100,0,assumed,1,2,pre-tram reconstruction: road space and kerbside restored. Not observable in a 2026 extract; assumed and swept (DECISIONS 3.4)
net_base2026_hunter_st_full_capacity,w31731520,Hunter Street,corridor_trunk:base2026,num_lanes_per_dir;kerbside_use,1.0,2.0,osm,unknown,parking,imputed_rule,800,100,0,assumed,1,2,pre-tram reconstruction: road space and kerbside restored. Not observable in a 2026 extract; assumed and swept (DECISIONS 3.4)
net_base2026_hunter_st_full_capacity,w380459173,Scott Street,corridor_trunk:base2026;corridor_trunk:S2c;corridor_trunk:S4;corridor_trunk:S5,num_lanes_per_dir;kerbside_use,1.0,2.0,imputed_rule,clearway,parking,osm,1200,100,0,assumed,1,2,pre-tram reconstruction: road space and kerbside restored. Not observable in a 2026 extract; assumed and swept (DECISIONS 3.4)
net_base2026_hunter_st_full_capacity,w676281537,Hunter Street,corridor_trunk:base2026;corridor_trunk:S4;corridor_trunk:S5,kerbside_use,2.0,,osm,unknown,parking,imputed_rule,1400,100,0,assumed,1,2,pre-tram reconstruction: road space and kerbside restored. Not observable in a 2026 extract; assumed and swept (DECISIONS 3.4)
net_base2026_hunter_st_full_capacity,w415482986,Hunter Street,corridor_trunk:base2026;corridor_trunk:S4;corridor_trunk:S5,kerbside_use,2.0,,osm,unknown,parking,imputed_rule,1400,100,0,assumed,1,2,pre-tram reconstruction: road space and kerbside restored. Not observable in a 2026 extract; assumed and swept (DECISIONS 3.4)
net_base2026_hunter_st_full_capacity,w1368036108,Hunter Street,corridor_trunk:base2026,num_lanes_per_dir;kerbside_use,1.0,2.0,osm,unknown,parking,imputed_rule,300,100,0,assumed,1,2,pre-tram reconstruction: road space and kerbside restored. Not observable in a 2026 extract; assumed and swept (DECISIONS 3.4)
net_base2026_hunter_st_full_capacity,w902502657,Scott Street,corridor_trunk:base2026;corridor_trunk:S2c;corridor_trunk:S4;corridor_trunk:S5,num_lanes_per_dir;kerbside_use,1.0,2.0,imputed_rule,clearway,parking,osm,1200,100,0,assumed,1,2,pre-tram reconstruction: road space and kerbside restored. Not observable in a 2026 extract; assumed and swept (DECISIONS 3.4)
net_base2026_hunter_st_full_capacity,w902502656,Scott Street,corridor_trunk:base2026;corridor_trunk:S2c;corridor_trunk:S4;corridor_trunk:S5,num_lanes_per_dir;kerbside_use,1.0,2.0,imputed_rule,clearway,parking,osm,1200,100,0,assumed,1,2,pre-tram reconstruction: road space and kerbside restored. Not observable in a 2026 extract; assumed and swept (DECISIONS 3.4)
net_base2026_hunter_st_full_capacity,w902502655,Scott Street,corridor_trunk:base2026;corridor_trunk:S2c;corridor_trunk:S4;corridor_trunk:S5,num_lanes_per_dir;kerbside_use,1.0,2.0,imputed_rule,clearway,parking,osm,1200,100,0,assumed,1,2,pre-tram reconstruction: road space and kerbside restored. Not observable in a 2026 extract; assumed and swept (DECISIONS 3.4)
net_base2026_hunter_st_full_capacity,w847353663,Hunter Street,corridor_trunk:base2026,num_lanes_per_dir;kerbside_use,1.0,2.0,osm,unknown,parking,imputed_rule,300,100,0,assumed,1,2,pre-tram reconstruction: road space and kerbside restored. Not observable in a 2026 extract; assumed and swept (DECISIONS 3.4)
net_base2026_hunter_st_full_capacity,w902505447,Scott Street,corridor_trunk:base2026;corridor_trunk:S2c;corridor_trunk:S4;corridor_trunk:S5,num_lanes_per_dir;kerbside_use,1.0,2.0,imputed_rule,clearway,parking,osm,1200,100,0,assumed,1,2,pre-tram reconstruction: road space and kerbside restored. Not observable in a 2026 extract; assumed and swept (DECISIONS 3.4)
net_base2026_broadmeadow_extension,w1324848034,Stewart Avenue,corridor_trunk:S4;corridor_trunk:S5;corridor_cross,num_lanes_per_dir;kerbside_use,2.0,1.0,osm,unknown,clearway,imputed_rule,1800,110,1,assumed,0,1,"extension lane take: one lane per direction to the tram, mirroring the as-built corridor. Assumed and swept"
net_base2026_broadmeadow_extension,w170539325,Stewart Avenue,corridor_trunk:S4;corridor_trunk:S5;corridor_cross,num_lanes_per_dir;kerbside_use,2.0,1.0,osm,unknown,clearway,imputed_rule,1800,110,1,assumed,0,1,"extension lane take: one lane per direction to the tram, mirroring the as-built corridor. Assumed and swept"
net_base2026_broadmeadow_extension,w880437940,Darby Street,corridor_trunk:S4;corridor_trunk:S5;corridor_cross,kerbside_use,1.0,,osm,unknown,clearway,imputed_rule,1400,110,1,assumed,0,1,"extension kerbside take: the street is already single-lane, so the tram takes the kerbside rather than a running lane. Assumed"
net_base2026_broadmeadow_extension,w327722943,Steel Street,corridor_trunk:S4;corridor_trunk:S5;corridor_cross,kerbside_use,1.0,,osm,unknown,clearway,imputed_rule,1200,110,1,assumed,0,1,"extension kerbside take: the street is already single-lane, so the tram takes the kerbside rather than a running lane. Assumed"
net_base2026_broadmeadow_extension,w1413391461,Watt Street,corridor_trunk:S4;corridor_trunk:S5;corridor_cross,kerbside_use,1.0,,osm,unknown,clearway,imputed_rule,1400,110,1,assumed,0,1,"extension kerbside take: the street is already single-lane, so the tram takes the kerbside rather than a running lane. Assumed"
net_base2026_broadmeadow_extension,w630403517,Watt Street,corridor_trunk:S4;corridor_trunk:S5;corridor_cross,kerbside_use,1.0,,osm,unknown,clearway,imputed_rule,1400,110,1,assumed,0,1,"extension kerbside take: the street is already single-lane, so the tram takes the kerbside rather than a running lane. Assumed"
net_base2026_broadmeadow_extension,w665238120,Worth Place,corridor_trunk:S4;corridor_trunk:S5;corridor_cross,kerbside_use,1.0,,osm,unknown,clearway,imputed_rule,1200,110,1,assumed,0,1,"extension kerbside take: the street is already single-lane, so the tram takes the kerbside rather than a running lane. Assumed"
net_base2026_broadmeadow_extension,w764481382,Watt Street,corridor_trunk:S4;corridor_trunk:S5;corridor_cross,kerbside_use,1.0,,osm,unknown,clearway,imputed_rule,1400,110,1,assumed,0,1,"extension kerbside take: the street is already single-lane, so the tram takes the kerbside rather than a running lane. Assumed"
net_base2026_broadmeadow_extension,w880838119,Auckland Street,corridor_trunk:S4;corridor_trunk:S5;corridor_cross,kerbside_use,1.0,,imputed_rule,unknown,clearway,imputed_rule,1200,110,1,assumed,0,1,"extension kerbside take: the street is already single-lane, so the tram takes the kerbside rather than a running lane. Assumed"
net_base2026_broadmeadow_extension,w1324848035,Stewart Avenue,corridor_trunk:S4;corridor_trunk:S5;corridor_cross,num_lanes_per_dir;kerbside_use,3.0,2.0,osm,unknown,clearway,imputed_rule,1800,110,1,assumed,0,1,"extension lane take: one lane per direction to the tram, mirroring the as-built corridor. Assumed and swept"
net_base2026_broadmeadow_extension,w630409402,Merewether Street,corridor_trunk:S4;corridor_trunk:S5;corridor_cross,kerbside_use,1.0,,imputed_rule,unknown,clearway,imputed_rule,1400,110,1,assumed,0,1,"extension kerbside take: the street is already single-lane, so the tram takes the kerbside rather than a running lane. Assumed"
net_base2026_broadmeadow_extension,w575626859,Stewart Avenue,corridor_trunk:S4;corridor_trunk:S5;corridor_cross,num_lanes_per_dir;kerbside_use,4.0,3.0,osm,unknown,clearway,imputed_rule,1800,110,1,assumed,0,1,"extension lane take: one lane per direction to the tram, mirroring the as-built corridor. Assumed and swept"
net_base2026_broadmeadow_extension,w380459178,Steel Street,corridor_trunk:S4;corridor_trunk:S5;corridor_cross,kerbside_use,1.0,,osm,unknown,clearway,imputed_rule,1200,110,1,assumed,0,1,"extension kerbside take: the street is already single-lane, so the tram takes the kerbside rather than a running lane. Assumed"
net_base2026_broadmeadow_extension,w32071786,Worth Place,corridor_trunk:S4;corridor_trunk:S5;corridor_cross,kerbside_use,1.0,,osm,unknown,clearway,imputed_rule,1200,110,1,assumed,0,1,"extension kerbside take: the street is already single-lane, so the tram takes the kerbside rather than a running lane. Assumed"
net_base2026_broadmeadow_extension,w18067875,Auckland Street,corridor_trunk:S4;corridor_trunk:S5;corridor_cross,kerbside_use,1.0,,imputed_rule,unknown,clearway,imputed_rule,1200,110,1,assumed,0,1,"extension kerbside take: the street is already single-lane, so the tram takes the kerbside rather than a running lane. Assumed"
net_base2026_broadmeadow_extension,w880437941,Darby Street,corridor_trunk:S4;corridor_trunk:S5;corridor_cross,num_lanes_per_dir;kerbside_use,1.5,1.0,osm,unknown,clearway,imputed_rule,1400,110,1,assumed,0,1,"extension lane take: one lane per direction to the tram, mirroring the as-built corridor. Assumed and swept"
net_base2026_broadmeadow_extension,w880437944,Merewether Street,corridor_trunk:S4;corridor_trunk:S5;corridor_cross,kerbside_use,1.0,,imputed_rule,unknown,clearway,imputed_rule,1400,110,1,assumed,0,1,"extension kerbside take: the street is already single-lane, so the tram takes the kerbside rather than a running lane. Assumed"
net_base2026_broadmeadow_extension,w575630149,Stewart Avenue,corridor_trunk:S4;corridor_trunk:S5;corridor_cross,num_lanes_per_dir;kerbside_use,2.0,1.0,imputed_rule,unknown,clearway,imputed_rule,1800,110,1,assumed,0,1,"extension lane take: one lane per direction to the tram, mirroring the as-built corridor. Assumed and swept"
net_base2026_broadmeadow_extension,w175584586,Stewart Avenue,corridor_trunk:S4;corridor_trunk:S5;corridor_cross,num_lanes_per_dir;kerbside_use,3.0,2.0,osm,unknown,clearway,imputed_rule,1800,110,1,assumed,0,1,"extension lane take: one lane per direction to the tram, mirroring the as-built corridor. Assumed and swept"
net_base2026_broadmeadow_extension,w383586433,Merewether Street,corridor_trunk:S4;corridor_trunk:S5;corridor_cross,kerbside_use,1.0,,imputed_rule,unknown,clearway,imputed_rule,1400,110,1,assumed,0,1,"extension kerbside take: the street is already single-lane, so the tram takes the kerbside rather than a running lane. Assumed"
net_base2026_broadmeadow_extension,w880437943,Darby Street,corridor_trunk:S4;corridor_trunk:S5;corridor_cross,num_lanes_per_dir;kerbside_use,2.0,1.0,osm,unknown,clearway,imputed_rule,1400,110,1,assumed,0,1,"extension lane take: one lane per direction to the tram, mirroring the as-built corridor. Assumed and swept"
net_base2026_broadmeadow_extension,w80503130,Watt Street,corridor_trunk:S4;corridor_trunk:S5;corridor_cross,kerbside_use,1.0,,osm,unknown,clearway,imputed_rule,1400,110,1,assumed,0,1,"extension kerbside take: the street is already single-lane, so the tram takes the kerbside rather than a running lane. Assumed"
net_base2026_broadmeadow_extension,w1000972295,Steel Street,corridor_trunk:S4;corridor_trunk:S5;corridor_cross,kerbside_use,1.0,,imputed_rule,unknown,clearway,imputed_rule,1200,110,1,assumed,0,1,"extension kerbside take: the street is already single-lane, so the tram takes the kerbside rather than a running lane. Assumed"
net_base2026_broadmeadow_extension,w532949916,Stewart Avenue,corridor_trunk:S4;corridor_trunk:S5;corridor_cross,num_lanes_per_dir;kerbside_use,2.0,1.0,imputed_rule,unknown,clearway,imputed_rule,1800,110,1,assumed,0,1,"extension lane take: one lane per direction to the tram, mirroring the as-built corridor. Assumed and swept"
net_base2026_broadmeadow_extension,w1413391460,Watt Street,corridor_trunk:S4;corridor_trunk:S5;corridor_cross,kerbside_use,1.0,,osm,unknown,clearway,imputed_rule,1400,110,1,assumed,0,1,"extension kerbside take: the street is already single-lane, so the tram takes the kerbside rather than a running lane. Assumed"
net_base2026_broadmeadow_extension,w190695340,Wharf Road,corridor_trunk:S4;corridor_trunk:S5,kerbside_use,1.0,,imputed_rule,unknown,clearway,imputed_rule,1400,110,1,assumed,0,1,"extension kerbside take: the street is already single-lane, so the tram takes the kerbside rather than a running lane. Assumed"
net_base2026_broadmeadow_extension,w18302149,Wharf Road,corridor_trunk:S4;corridor_trunk:S5,kerbside_use,1.0,,imputed_rule,unknown,clearway,imputed_rule,1400,110,1,assumed,0,1,"extension kerbside take: the street is already single-lane, so the tram takes the kerbside rather than a running lane. Assumed"
net_base2026_broadmeadow_extension,w170540984,Wharf Road,corridor_trunk:S4;corridor_trunk:S5,kerbside_use,1.0,,osm,unknown,clearway,imputed_rule,1400,110,1,assumed,0,1,"extension kerbside take: the street is already single-lane, so the tram takes the kerbside rather than a running lane. Assumed"
net_base2026_broadmeadow_extension,w575626865,Stewart Avenue,corridor_trunk:S4;corridor_trunk:S5,num_lanes_per_dir;kerbside_use,3.0,2.0,osm,unknown,clearway,imputed_rule,1800,110,1,assumed,0,1,"extension lane take: one lane per direction to the tram, mirroring the as-built corridor. Assumed and swept"
net_base2026_broadmeadow_extension,w173149219,Worth Place,corridor_trunk:S4;corridor_trunk:S5,kerbside_use,1.0,,imputed_rule,unknown,clearway,imputed_rule,1200,110,1,assumed,0,1,"extension kerbside take: the street is already single-lane, so the tram takes the kerbside rather than a running lane. Assumed"
net_base2026_broadmeadow_extension,w1413391459,Watt Street,corridor_trunk:S4;corridor_trunk:S5,kerbside_use,1.0,,osm,unknown,clearway,imputed_rule,1400,110,1,assumed,0,1,"extension kerbside take: the street is already single-lane, so the tram takes the kerbside rather than a running lane. Assumed"
net_base2026_broadmeadow_extension,w552629230,Honeysuckle Drive,corridor_trunk:S4;corridor_trunk:S5,kerbside_use,1.0,,imputed_rule,unknown,clearway,imputed_rule,1400,110,1,assumed,0,1,"extension kerbside take: the street is already single-lane, so the tram takes the kerbside rather than a running lane. Assumed"
net_base2026_broadmeadow_extension,w1000972294,Steel Street,corridor_trunk:S4;corridor_trunk:S5,kerbside_use,1.0,,imputed_rule,unknown,clearway,imputed_rule,1200,110,1,assumed,0,1,"extension kerbside take: the street is already single-lane, so the tram takes the kerbside rather than a running lane. Assumed"
net_base2026_broadmeadow_extension,w1075261404,Honeysuckle Drive,corridor_trunk:S4;corridor_trunk:S5,kerbside_use,1.0,,imputed_rule,unknown,clearway,imputed_rule,1400,110,1,assumed,0,1,"extension kerbside take: the street is already single-lane, so the tram takes the kerbside rather than a running lane. Assumed"
net_base2026_broadmeadow_extension,w1413391472,King Street,corridor_trunk:S4;corridor_trunk:S5,num_lanes_per_dir;kerbside_use,1.5,1.0,osm,unknown,clearway,imputed_rule,1400,110,1,assumed,0,1,"extension lane take: one lane per direction to the tram, mirroring the as-built corridor. Assumed and swept"
net_base2026_broadmeadow_extension,w291699371,Merewether Street,corridor_trunk:S4;corridor_trunk:S5,kerbside_use,1.0,,imputed_rule,unknown,clearway,imputed_rule,1400,110,1,assumed,0,1,"extension kerbside take: the street is already single-lane, so the tram takes the kerbside rather than a running lane. Assumed"
net_base2026_broadmeadow_extension,w291699372,Merewether Street,corridor_trunk:S4;corridor_trunk:S5,kerbside_use,1.0,,imputed_rule,unknown,clearway,imputed_rule,1400,110,1,assumed,0,1,"extension kerbside take: the street is already single-lane, so the tram takes the kerbside rather than a running lane. Assumed"
net_base2026_broadmeadow_extension,w867849754,King Street,corridor_trunk:S4;corridor_trunk:S5,num_lanes_per_dir;kerbside_use,1.5,1.0,osm,unknown,clearway,imputed_rule,1400,110,1,assumed,0,1,"extension lane take: one lane per direction to the tram, mirroring the as-built corridor. Assumed and swept"
net_base2026_broadmeadow_extension,w862889493,Auckland Street,corridor_trunk:S4;corridor_trunk:S5,kerbside_use,1.0,,imputed_rule,unknown,clearway,imputed_rule,1200,110,1,assumed,0,1,"extension kerbside take: the street is already single-lane, so the tram takes the kerbside rather than a running lane. Assumed"
net_base2026_broadmeadow_extension,w1324848032,Stewart Avenue,corridor_trunk:S4;corridor_trunk:S5,num_lanes_per_dir;kerbside_use,3.0,2.0,osm,unknown,clearway,imputed_rule,1800,110,1,assumed,0,1,"extension lane take: one lane per direction to the tram, mirroring the as-built corridor. Assumed and swept"
net_base2026_broadmeadow_extension,w1324848033,Stewart Avenue,corridor_trunk:S4;corridor_trunk:S5,num_lanes_per_dir;kerbside_use,3.0,2.0,osm,unknown,clearway,imputed_rule,1800,110,1,assumed,0,1,"extension lane take: one lane per direction to the tram, mirroring the as-built corridor. Assumed and swept"
net_base2026_broadmeadow_extension,w508425385,Hunter Street,corridor_trunk:S4;corridor_trunk:S5,num_lanes_per_dir;kerbside_use,2.5,1.5,osm,unknown,clearway,imputed_rule,1400,110,1,assumed,0,1,"extension lane take: one lane per direction to the tram, mirroring the as-built corridor. Assumed and swept"
net_base2026_broadmeadow_extension,w1324584328,Stewart Avenue,corridor_trunk:S4;corridor_trunk:S5,num_lanes_per_dir;kerbside_use,2.0,1.0,osm,unknown,clearway,imputed_rule,1800,110,1,assumed,0,1,"extension lane take: one lane per direction to the tram, mirroring the as-built corridor. Assumed and swept"
net_base2026_broadmeadow_extension,w3505881,Hunter Street,corridor_trunk:S4;corridor_trunk:S5,num_lanes_per_dir;kerbside_use,2.0,1.0,osm,unknown,clearway,imputed_rule,1800,110,1,assumed,0,1,"extension lane take: one lane per direction to the tram, mirroring the as-built corridor. Assumed and swept"
net_base2026_broadmeadow_extension,w1324584330,Stewart Avenue,corridor_trunk:S4;corridor_trunk:S5,num_lanes_per_dir;kerbside_use,2.0,1.0,osm,unknown,clearway,imputed_rule,1800,110,1,assumed,0,1,"extension lane take: one lane per direction to the tram, mirroring the as-built corridor. Assumed and swept"
net_base2026_broadmeadow_extension,w688558122,Hunter Street,corridor_trunk:S4;corridor_trunk:S5,num_lanes_per_dir;kerbside_use,2.5,1.5,osm,unknown,clearway,imputed_rule,1600,110,1,assumed,0,1,"extension lane take: one lane per direction to the tram, mirroring the as-built corridor. Assumed and swept"
net_base2026_broadmeadow_extension,w688558121,Hunter Street,corridor_trunk:S4;corridor_trunk:S5,num_lanes_per_dir;kerbside_use,2.5,1.5,osm,unknown,clearway,imputed_rule,1600,110,1,assumed,0,1,"extension lane take: one lane per direction to the tram, mirroring the as-built corridor. Assumed and swept"
net_base2026_broadmeadow_extension,w1324584329,Stewart Avenue,corridor_trunk:S4;corridor_trunk:S5,num_lanes_per_dir;kerbside_use,2.0,1.0,osm,unknown,clearway,imputed_rule,1800,110,1,assumed,0,1,"extension lane take: one lane per direction to the tram, mirroring the as-built corridor. Assumed and swept"
net_base2026_broadmeadow_extension,w570047340,Stewart Avenue,corridor_trunk:S4;corridor_trunk:S5,num_lanes_per_dir;kerbside_use,2.0,1.0,osm,unknown,clearway,imputed_rule,1800,110,1,assumed,0,1,"extension lane take: one lane per direction to the tram, mirroring the as-built corridor. Assumed and swept"
net_base2026_broadmeadow_extension,w688558123,Stewart Avenue,corridor_trunk:S4;corridor_trunk:S5,num_lanes_per_dir;kerbside_use,2.0,1.0,osm,unknown,clearway,imputed_rule,1800,110,1,assumed,0,1,"extension lane take: one lane per direction to the tram, mirroring the as-built corridor. Assumed and swept"
net_base2026_broadmeadow_extension,w688558120,Hunter Street,corridor_trunk:S4;corridor_trunk:S5,num_lanes_per_dir;kerbside_use,2.0,1.0,osm,unknown,clearway,imputed_rule,1600,110,1,assumed,0,1,"extension lane take: one lane per direction to the tram, mirroring the as-built corridor. Assumed and swept"
net_base2026_broadmeadow_extension,w884951054,Hunter Street,corridor_trunk:S4;corridor_trunk:S5,num_lanes_per_dir;kerbside_use,2.5,1.5,osm,unknown,clearway,imputed_rule,1600,110,1,assumed,0,1,"extension lane take: one lane per direction to the tram, mirroring the as-built corridor. Assumed and swept"
net_base2026_broadmeadow_extension,w1324584327,Stewart Avenue,corridor_trunk:S4;corridor_trunk:S5,num_lanes_per_dir;kerbside_use,3.0,2.0,osm,unknown,clearway,imputed_rule,1800,110,1,assumed,0,1,"extension lane take: one lane per direction to the tram, mirroring the as-built corridor. Assumed and swept"
net_base2026_broadmeadow_extension,w575648842,Hunter Street,corridor_trunk:S4;corridor_trunk:S5,num_lanes_per_dir;kerbside_use,2.5,1.5,osm,unknown,clearway,imputed_rule,1600,110,1,assumed,0,1,"extension lane take: one lane per direction to the tram, mirroring the as-built corridor. Assumed and swept"
net_base2026_broadmeadow_extension,w688558130,Hunter Street,corridor_trunk:S4;corridor_trunk:S5,num_lanes_per_dir;kerbside_use,2.0,1.0,osm,unknown,clearway,imputed_rule,1600,110,1,assumed,0,1,"extension lane take: one lane per direction to the tram, mirroring the as-built corridor. Assumed and swept"
net_base2026_broadmeadow_extension,w575648841,Hunter Street,corridor_trunk:S4;corridor_trunk:S5,num_lanes_per_dir;kerbside_use,2.0,1.0,osm,unknown,clearway,imputed_rule,1600,110,1,assumed,0,1,"extension lane take: one lane per direction to the tram, mirroring the as-built corridor. Assumed and swept"
net_base2026_broadmeadow_extension,w326871089,Parry Street,corridor_trunk:S4;corridor_trunk:S5,num_lanes_per_dir;kerbside_use,2.0,1.0,osm,unknown,clearway,imputed_rule,1800,110,1,assumed,0,1,"extension lane take: one lane per direction to the tram, mirroring the as-built corridor. Assumed and swept"
net_base2026_broadmeadow_extension,w368758802,Tudor Street,corridor_trunk:S4;corridor_trunk:S5,kerbside_use,1.0,,osm,unknown,clearway,imputed_rule,1600,110,1,assumed,0,1,"extension kerbside take: the street is already single-lane, so the tram takes the kerbside rather than a running lane. Assumed"
net_base2026_broadmeadow_extension,w688558131,Tudor Street,corridor_trunk:S4;corridor_trunk:S5,num_lanes_per_dir;kerbside_use,2.0,1.0,osm,unknown,clearway,imputed_rule,1600,110,1,assumed,0,1,"extension lane take: one lane per direction to the tram, mirroring the as-built corridor. Assumed and swept"
net_base2026_broadmeadow_extension,w773878392,Hunter Street,corridor_trunk:S4;corridor_trunk:S5,kerbside_use,1.0,,osm,unknown,clearway,imputed_rule,1600,110,1,assumed,0,1,"extension kerbside take: the street is already single-lane, so the tram takes the kerbside rather than a running lane. Assumed"
net_base2026_broadmeadow_extension,w688558129,Hunter Street,corridor_trunk:S4;corridor_trunk:S5,num_lanes_per_dir;kerbside_use,2.5,1.5,osm,unknown,clearway,imputed_rule,1600,110,1,assumed,0,1,"extension lane take: one lane per direction to the tram, mirroring the as-built corridor. Assumed and swept"
net_base2026_broadmeadow_extension,w569092892,Tudor Street,corridor_trunk:S4;corridor_trunk:S5,num_lanes_per_dir;kerbside_use,3.0,2.0,osm,unknown,clearway,imputed_rule,1600,110,1,assumed,0,1,"extension lane take: one lane per direction to the tram, mirroring the as-built corridor. Assumed and swept"
net_base2026_broadmeadow_extension,w575648840,Tudor Street,corridor_trunk:S4;corridor_trunk:S5,num_lanes_per_dir;kerbside_use,3.0,2.0,osm,unknown,clearway,imputed_rule,1600,110,1,assumed,0,1,"extension lane take: one lane per direction to the tram, mirroring the as-built corridor. Assumed and swept"
net_base2026_broadmeadow_extension,w897368508,Parry Street,corridor_trunk:S4;corridor_trunk:S5,num_lanes_per_dir;kerbside_use,3.0,2.0,osm,unknown,clearway,imputed_rule,1800,110,1,assumed,0,1,"extension lane take: one lane per direction to the tram, mirroring the as-built corridor. Assumed and swept"
net_base2026_broadmeadow_extension,w688558132,Tudor Street,corridor_trunk:S4;corridor_trunk:S5,num_lanes_per_dir;kerbside_use,2.0,1.0,osm,unknown,clearway,imputed_rule,1600,110,1,assumed,0,1,"extension lane take: one lane per direction to the tram, mirroring the as-built corridor. Assumed and swept"
net_base2026_broadmeadow_extension,w570069737,Tudor Street,corridor_trunk:S4;corridor_trunk:S5,num_lanes_per_dir;kerbside_use,2.0,1.0,osm,unknown,clearway,imputed_rule,1800,110,1,assumed,0,1,"extension lane take: one lane per direction to the tram, mirroring the as-built corridor. Assumed and swept"
net_base2026_broadmeadow_extension,w570069741,Parry Street,corridor_trunk:S4;corridor_trunk:S5,num_lanes_per_dir;kerbside_use,2.0,1.0,osm,unknown,clearway,imputed_rule,1800,110,1,assumed,0,1,"extension lane take: one lane per direction to the tram, mirroring the as-built corridor. Assumed and swept"
net_base2026_broadmeadow_extension,w326871088,Parry Street,corridor_trunk:S4;corridor_trunk:S5,num_lanes_per_dir;kerbside_use,3.0,2.0,osm,unknown,clearway,imputed_rule,1800,110,1,assumed,0,1,"extension lane take: one lane per direction to the tram, mirroring the as-built corridor. Assumed and swept"
net_base2026_broadmeadow_extension,w569092891,Tudor Street,corridor_trunk:S4;corridor_trunk:S5,num_lanes_per_dir;kerbside_use,2.0,1.0,osm,unknown,clearway,imputed_rule,1800,110,1,assumed,0,1,"extension lane take: one lane per direction to the tram, mirroring the as-built corridor. Assumed and swept"
net_base2026_broadmeadow_extension,w569683791,Parry Street,corridor_trunk:S4;corridor_trunk:S5,num_lanes_per_dir;kerbside_use,2.0,1.0,osm,unknown,clearway,imputed_rule,1800,110,1,assumed,0,1,"extension lane take: one lane per direction to the tram, mirroring the as-built corridor. Assumed and swept"
net_base2026_broadmeadow_extension,w569683792,Tudor Street,corridor_trunk:S4;corridor_trunk:S5,num_lanes_per_dir;kerbside_use,2.0,1.0,osm,unknown,clearway,imputed_rule,1600,110,1,assumed,0,1,"extension lane take: one lane per direction to the tram, mirroring the as-built corridor. Assumed and swept"
net_base2026_broadmeadow_extension,w569092893,Parry Street,corridor_trunk:S4;corridor_trunk:S5,num_lanes_per_dir;kerbside_use,2.0,1.0,osm,unknown,clearway,imputed_rule,1800,110,1,assumed,0,1,"extension lane take: one lane per direction to the tram, mirroring the as-built corridor. Assumed and swept"
net_base2026_broadmeadow_extension,w688558218,Tudor Street,corridor_trunk:S4;corridor_trunk:S5,num_lanes_per_dir;kerbside_use,4.0,3.0,osm,unknown,clearway,imputed_rule,1600,110,1,assumed,0,1,"extension lane take: one lane per direction to the tram, mirroring the as-built corridor. Assumed and swept"
net_base2026_broadmeadow_extension,w419699914,Parry Street,corridor_trunk:S4;corridor_trunk:S5,num_lanes_per_dir;kerbside_use,2.0,1.0,osm,unknown,clearway,imputed_rule,1800,110,1,assumed,0,1,"extension lane take: one lane per direction to the tram, mirroring the as-built corridor. Assumed and swept"
net_base2026_broadmeadow_extension,w573328865,Tudor Street,corridor_trunk:S4;corridor_trunk:S5,num_lanes_per_dir;kerbside_use,2.0,1.0,osm,unknown,clearway,imputed_rule,1600,110,1,assumed,0,1,"extension lane take: one lane per direction to the tram, mirroring the as-built corridor. Assumed and swept"
net_base2026_broadmeadow_extension,w573328870,Tudor Street,corridor_trunk:S4;corridor_trunk:S5,num_lanes_per_dir;kerbside_use,2.0,1.0,osm,unknown,clearway,imputed_rule,1600,110,1,assumed,0,1,"extension lane take: one lane per direction to the tram, mirroring the as-built corridor. Assumed and swept"
net_base2026_broadmeadow_extension,w570051316,Tudor Street,corridor_trunk:S4;corridor_trunk:S5,num_lanes_per_dir;kerbside_use,2.0,1.0,osm,unknown,clearway,imputed_rule,1600,110,1,assumed,0,1,"extension lane take: one lane per direction to the tram, mirroring the as-built corridor. Assumed and swept"
net_base2026_broadmeadow_extension,w688558217,Tudor Street,corridor_trunk:S4;corridor_trunk:S5,num_lanes_per_dir;kerbside_use,4.0,3.0,osm,unknown,clearway,imputed_rule,1600,110,1,assumed,0,1,"extension lane take: one lane per direction to the tram, mirroring the as-built corridor. Assumed and swept"
net_base2026_broadmeadow_extension,w47893467,Gordon Avenue,corridor_trunk:S4;corridor_trunk:S5,num_lanes_per_dir;kerbside_use,2.0,1.0,osm,unknown,clearway,imputed_rule,1400,110,1,assumed,0,1,"extension lane take: one lane per direction to the tram, mirroring the as-built corridor. Assumed and swept"
net_base2026_broadmeadow_extension,w688558119,Gordon Avenue,corridor_trunk:S4;corridor_trunk:S5,num_lanes_per_dir;kerbside_use,3.0,2.0,osm,unknown,clearway,imputed_rule,1400,110,1,assumed,0,1,"extension lane take: one lane per direction to the tram, mirroring the as-built corridor. Assumed and swept"
net_base2026_broadmeadow_extension,w570051317,Tudor Street,corridor_trunk:S4;corridor_trunk:S5,num_lanes_per_dir;kerbside_use,2.0,1.0,osm,unknown,clearway,imputed_rule,1600,110,1,assumed,0,1,"extension lane take: one lane per direction to the tram, mirroring the as-built corridor. Assumed and swept"
net_base2026_broadmeadow_extension,w688558118,Gordon Avenue,corridor_trunk:S4;corridor_trunk:S5,kerbside_use,1.0,,imputed_rule,unknown,clearway,imputed_rule,1400,110,1,assumed,0,1,"extension kerbside take: the street is already single-lane, so the tram takes the kerbside rather than a running lane. Assumed"
net_base2026_broadmeadow_extension,w570051322,Gordon Avenue,corridor_trunk:S4;corridor_trunk:S5,kerbside_use,1.0,,osm,unknown,clearway,imputed_rule,1400,110,1,assumed,0,1,"extension kerbside take: the street is already single-lane, so the tram takes the kerbside rather than a running lane. Assumed"
net_base2026_broadmeadow_extension,w573328862,Tudor Street,corridor_trunk:S4;corridor_trunk:S5,num_lanes_per_dir;kerbside_use,2.0,1.0,osm,unknown,clearway,imputed_rule,1600,110,1,assumed,0,1,"extension lane take: one lane per direction to the tram, mirroring the as-built corridor. Assumed and swept"
net_base2026_broadmeadow_extension,w573328861,Gordon Avenue,corridor_trunk:S4;corridor_trunk:S5,kerbside_use,1.0,,imputed_rule,unknown,clearway,imputed_rule,1400,110,1,assumed,0,1,"extension kerbside take: the street is already single-lane, so the tram takes the kerbside rather than a running lane. Assumed"
net_base2026_broadmeadow_extension,w688558216,Tudor Street,corridor_trunk:S4;corridor_trunk:S5,num_lanes_per_dir;kerbside_use,3.0,2.0,osm,unknown,clearway,imputed_rule,1600,110,1,assumed,0,1,"extension lane take: one lane per direction to the tram, mirroring the as-built corridor. Assumed and swept"
net_base2026_broadmeadow_extension,w307584580,Tudor Street,corridor_trunk:S4;corridor_trunk:S5,num_lanes_per_dir;kerbside_use,2.0,1.0,osm,unknown,clearway,imputed_rule,1600,110,1,assumed,0,1,"extension lane take: one lane per direction to the tram, mirroring the as-built corridor. Assumed and swept"
net_base2026_broadmeadow_extension,w570051319,Gordon Avenue,corridor_trunk:S4;corridor_trunk:S5,kerbside_use,1.0,,imputed_rule,unknown,clearway,imputed_rule,1400,110,1,assumed,0,1,"extension kerbside take: the street is already single-lane, so the tram takes the kerbside rather than a running lane. Assumed"
net_base2026_broadmeadow_extension,w570051320,Gordon Avenue,corridor_trunk:S4;corridor_trunk:S5,kerbside_use,1.0,,imputed_rule,unknown,clearway,imputed_rule,1400,110,1,assumed,0,1,"extension kerbside take: the street is already single-lane, so the tram takes the kerbside rather than a running lane. Assumed"
net_base2026_broadmeadow_extension,w307584583,Tudor Street,corridor_trunk:S4;corridor_trunk:S5,num_lanes_per_dir;kerbside_use,2.0,1.0,osm,unknown,clearway,imputed_rule,1600,110,1,assumed,0,1,"extension lane take: one lane per direction to the tram, mirroring the as-built corridor. Assumed and swept"
net_base2026_broadmeadow_extension,w1449300820,Tudor Street,corridor_trunk:S4;corridor_trunk:S5,num_lanes_per_dir;kerbside_use,2.0,1.0,osm,unknown,clearway,imputed_rule,1600,110,1,assumed,0,1,"extension lane take: one lane per direction to the tram, mirroring the as-built corridor. Assumed and swept"
net_base2026_broadmeadow_extension,w1292951269,Tudor Street,corridor_trunk:S4;corridor_trunk:S5,num_lanes_per_dir;kerbside_use,2.0,1.0,osm,unknown,clearway,imputed_rule,1600,110,1,assumed,0,1,"extension lane take: one lane per direction to the tram, mirroring the as-built corridor. Assumed and swept"
net_base2026_broadmeadow_extension,w688558215,Tudor Street,corridor_trunk:S4;corridor_trunk:S5,num_lanes_per_dir;kerbside_use,4.0,3.0,osm,unknown,clearway,imputed_rule,1600,110,1,assumed,0,1,"extension lane take: one lane per direction to the tram, mirroring the as-built corridor. Assumed and swept"
net_base2026_broadmeadow_extension,w308843535,Beaumont Street,corridor_trunk:S4;corridor_trunk:S5,kerbside_use,1.0,,osm,unknown,clearway,imputed_rule,1400,110,1,assumed,0,1,"extension kerbside take: the street is already single-lane, so the tram takes the kerbside rather than a running lane. Assumed"
net_base2026_broadmeadow_extension,w532943028,Beaumont Street,corridor_trunk:S4;corridor_trunk:S5,kerbside_use,1.0,,imputed_rule,unknown,clearway,imputed_rule,1400,110,1,assumed,0,1,"extension kerbside take: the street is already single-lane, so the tram takes the kerbside rather than a running lane. Assumed"
net_base2026_broadmeadow_extension,w688558214,Tudor Street,corridor_trunk:S4;corridor_trunk:S5,num_lanes_per_dir;kerbside_use,2.0,1.0,osm,unknown,clearway,imputed_rule,1600,110,1,assumed,0,1,"extension lane take: one lane per direction to the tram, mirroring the as-built corridor. Assumed and swept"
net_base2026_broadmeadow_extension,w688558207,Tudor Street,corridor_trunk:S4;corridor_trunk:S5,num_lanes_per_dir;kerbside_use,2.0,1.0,osm,unknown,clearway,imputed_rule,1600,110,1,assumed,0,1,"extension lane take: one lane per direction to the tram, mirroring the as-built corridor. Assumed and swept"
net_base2026_broadmeadow_extension,w796741061,Beaumont Street,corridor_trunk:S4;corridor_trunk:S5,kerbside_use,1.0,,osm,unknown,clearway,imputed_rule,1200,110,1,assumed,0,1,"extension kerbside take: the street is already single-lane, so the tram takes the kerbside rather than a running lane. Assumed"
net_base2026_broadmeadow_extension,w307584582,Tudor Street,corridor_trunk:S4;corridor_trunk:S5,num_lanes_per_dir;kerbside_use,2.0,1.0,osm,unknown,clearway,imputed_rule,1600,110,1,assumed,0,1,"extension lane take: one lane per direction to the tram, mirroring the as-built corridor. Assumed and swept"
net_base2026_broadmeadow_extension,w688558198,Tudor Street,corridor_trunk:S4;corridor_trunk:S5,num_lanes_per_dir;kerbside_use,2.0,1.0,osm,unknown,clearway,imputed_rule,1600,110,1,assumed,0,1,"extension lane take: one lane per direction to the tram, mirroring the as-built corridor. Assumed and swept"
net_base2026_broadmeadow_extension,w688558204,Tudor Street,corridor_trunk:S4;corridor_trunk:S5,num_lanes_per_dir;kerbside_use,4.0,3.0,osm,unknown,clearway,imputed_rule,1600,110,1,assumed,0,1,"extension lane take: one lane per direction to the tram, mirroring the as-built corridor. Assumed and swept"
net_base2026_broadmeadow_extension,w688558209,Tudor Street,corridor_trunk:S4;corridor_trunk:S5,num_lanes_per_dir;kerbside_use,4.0,3.0,osm,unknown,clearway,imputed_rule,1600,110,1,assumed,0,1,"extension lane take: one lane per direction to the tram, mirroring the as-built corridor. Assumed and swept"
net_base2026_broadmeadow_extension,w307584581,Tudor Street,corridor_trunk:S4;corridor_trunk:S5,num_lanes_per_dir;kerbside_use,2.0,1.0,osm,unknown,clearway,imputed_rule,1600,110,1,assumed,0,1,"extension lane take: one lane per direction to the tram, mirroring the as-built corridor. Assumed and swept"
net_base2026_broadmeadow_extension,w688558213,Tudor Street,corridor_trunk:S4;corridor_trunk:S5,num_lanes_per_dir;kerbside_use,2.0,1.0,osm,unknown,clearway,imputed_rule,1600,110,1,assumed,0,1,"extension lane take: one lane per direction to the tram, mirroring the as-built corridor. Assumed and swept"
net_base2026_broadmeadow_extension,w37032052,Belford Street,corridor_trunk:S4;corridor_trunk:S5,num_lanes_per_dir;kerbside_use,2.0,1.0,osm,unknown,clearway,imputed_rule,1600,110,1,assumed,0,1,"extension lane take: one lane per direction to the tram, mirroring the as-built corridor. Assumed and swept"
net_base2026_broadmeadow_extension,w172631275,Belford Street,corridor_trunk:S4;corridor_trunk:S5,num_lanes_per_dir;kerbside_use,3.0,2.0,osm,unknown,clearway,imputed_rule,1600,110,1,assumed,0,1,"extension lane take: one lane per direction to the tram, mirroring the as-built corridor. Assumed and swept"
net_base2026_broadmeadow_extension,w573328884,Belford Street,corridor_trunk:S4;corridor_trunk:S5,num_lanes_per_dir;kerbside_use,2.0,1.0,osm,unknown,clearway,imputed_rule,1600,110,1,assumed,0,1,"extension lane take: one lane per direction to the tram, mirroring the as-built corridor. Assumed and swept"
net_base2026_broadmeadow_extension,w37031560,Belford Street,corridor_trunk:S4;corridor_trunk:S5,num_lanes_per_dir;kerbside_use,2.0,1.0,osm,unknown,clearway,imputed_rule,1600,110,1,assumed,0,1,"extension lane take: one lane per direction to the tram, mirroring the as-built corridor. Assumed and swept"
net_base2026_broadmeadow_extension,w307524785,Belford Street,corridor_trunk:S4;corridor_trunk:S5,num_lanes_per_dir;kerbside_use,2.0,1.0,osm,unknown,clearway,imputed_rule,1600,110,1,assumed,0,1,"extension lane take: one lane per direction to the tram, mirroring the as-built corridor. Assumed and swept"
net_base2026_broadmeadow_extension,w1221729697,Lambton Road,corridor_trunk:S4;corridor_trunk:S5,num_lanes_per_dir;kerbside_use,2.0,1.0,osm,unknown,clearway,imputed_rule,1600,110,1,assumed,0,1,"extension lane take: one lane per direction to the tram, mirroring the as-built corridor. Assumed and swept"
net_base2026_broadmeadow_extension,w1441524751,Lambton Road,corridor_trunk:S4;corridor_trunk:S5,num_lanes_per_dir;kerbside_use,2.0,1.0,osm,unknown,clearway,imputed_rule,1600,110,1,assumed,0,1,"extension lane take: one lane per direction to the tram, mirroring the as-built corridor. Assumed and swept"
net_base2026_broadmeadow_extension,w1441529775,Brunker Road,corridor_trunk:S4;corridor_trunk:S5,num_lanes_per_dir;kerbside_use,2.0,1.0,osm,unknown,clearway,imputed_rule,1400,110,1,assumed,0,1,"extension lane take: one lane per direction to the tram, mirroring the as-built corridor. Assumed and swept"
net_base2026_broadmeadow_extension,w244672853,Chatham Street,corridor_trunk:S4;corridor_trunk:S5,kerbside_use,1.0,,osm,unknown,clearway,imputed_rule,1200,110,1,assumed,0,1,"extension kerbside take: the street is already single-lane, so the tram takes the kerbside rather than a running lane. Assumed"
net_base2026_broadmeadow_extension,w25028007,Brunker Road,corridor_trunk:S4;corridor_trunk:S5,num_lanes_per_dir;kerbside_use,2.0,1.0,osm,unknown,clearway,imputed_rule,1400,110,1,assumed,0,1,"extension lane take: one lane per direction to the tram, mirroring the as-built corridor. Assumed and swept"
net_base2026_broadmeadow_extension,w261964667,Lambton Road,corridor_trunk:S4;corridor_trunk:S5,num_lanes_per_dir;kerbside_use,2.0,1.0,osm,unknown,clearway,imputed_rule,1600,110,1,assumed,0,1,"extension lane take: one lane per direction to the tram, mirroring the as-built corridor. Assumed and swept"
net_base2026_broadmeadow_extension,w261964668,Lambton Road,corridor_trunk:S4;corridor_trunk:S5,num_lanes_per_dir;kerbside_use,2.0,1.0,osm,unknown,clearway,imputed_rule,1600,110,1,assumed,0,1,"extension lane take: one lane per direction to the tram, mirroring the as-built corridor. Assumed and swept"
net_base2026_broadmeadow_extension,w261965473,Chatham Street,corridor_trunk:S4;corridor_trunk:S5,kerbside_use,1.0,,osm,unknown,clearway,imputed_rule,1400,110,1,assumed,0,1,"extension kerbside take: the street is already single-lane, so the tram takes the kerbside rather than a running lane. Assumed"
net_base2026_broadmeadow_extension,w410266299,Brunker Road,corridor_trunk:S4;corridor_trunk:S5,kerbside_use,1.0,,osm,unknown,clearway,imputed_rule,1400,110,1,assumed,0,1,"extension kerbside take: the street is already single-lane, so the tram takes the kerbside rather than a running lane. Assumed"
net_base2026_broadmeadow_extension,w569800607,Belford Street,corridor_trunk:S4;corridor_trunk:S5,num_lanes_per_dir;kerbside_use,3.0,2.0,osm,unknown,clearway,imputed_rule,1600,110,1,assumed,0,1,"extension lane take: one lane per direction to the tram, mirroring the as-built corridor. Assumed and swept"
net_base2026_broadmeadow_extension,w569800608,Lambton Road,corridor_trunk:S4;corridor_trunk:S5,num_lanes_per_dir;kerbside_use,4.0,3.0,osm,unknown,clearway,imputed_rule,1600,110,1,assumed,0,1,"extension lane take: one lane per direction to the tram, mirroring the as-built corridor. Assumed and swept"
net_base2026_broadmeadow_extension,w569800609,Chatham Street,corridor_trunk:S4;corridor_trunk:S5,kerbside_use,1.0,,osm,unknown,clearway,imputed_rule,1400,110,1,assumed,0,1,"extension kerbside take: the street is already single-lane, so the tram takes the kerbside rather than a running lane. Assumed"
net_base2026_broadmeadow_extension,w569800610,Brunker Road,corridor_trunk:S4;corridor_trunk:S5,num_lanes_per_dir;kerbside_use,2.0,1.0,osm,unknown,clearway,imputed_rule,1400,110,1,assumed,0,1,"extension lane take: one lane per direction to the tram, mirroring the as-built corridor. Assumed and swept"
net_base2026_broadmeadow_extension,w569800611,Lambton Road,corridor_trunk:S4;corridor_trunk:S5,num_lanes_per_dir;kerbside_use,2.0,1.0,osm,unknown,clearway,imputed_rule,1600,110,1,assumed,0,1,"extension lane take: one lane per direction to the tram, mirroring the as-built corridor. Assumed and swept"
net_base2026_broadmeadow_extension,w688558133,Belford Street,corridor_trunk:S4;corridor_trunk:S5,num_lanes_per_dir;kerbside_use,3.0,2.0,osm,unknown,clearway,imputed_rule,1600,110,1,assumed,0,1,"extension lane take: one lane per direction to the tram, mirroring the as-built corridor. Assumed and swept"
net_base2026_broadmeadow_extension,w688558171,Lambton Road,corridor_trunk:S4;corridor_trunk:S5,num_lanes_per_dir;kerbside_use,2.0,1.0,osm,unknown,clearway,imputed_rule,1600,110,1,assumed,0,1,"extension lane take: one lane per direction to the tram, mirroring the as-built corridor. Assumed and swept"
net_base2026_broadmeadow_extension,w688558175,Brunker Road,corridor_trunk:S4;corridor_trunk:S5,kerbside_use,1.0,,imputed_rule,unknown,clearway,imputed_rule,1400,110,1,assumed,0,1,"extension kerbside take: the street is already single-lane, so the tram takes the kerbside rather than a running lane. Assumed"
net_base2026_broadmeadow_extension,w688558178,Lambton Road,corridor_trunk:S4;corridor_trunk:S5,num_lanes_per_dir;kerbside_use,3.0,2.0,osm,unknown,clearway,imputed_rule,1600,110,1,assumed,0,1,"extension lane take: one lane per direction to the tram, mirroring the as-built corridor. Assumed and swept"
net_base2026_broadmeadow_extension,w688558180,Lambton Road,corridor_trunk:S4;corridor_trunk:S5,num_lanes_per_dir;kerbside_use,3.0,2.0,osm,unknown,clearway,imputed_rule,1600,110,1,assumed,0,1,"extension lane take: one lane per direction to the tram, mirroring the as-built corridor. Assumed and swept"
net_base2026_broadmeadow_extension,w688558181,Belford Street,corridor_trunk:S4;corridor_trunk:S5,num_lanes_per_dir;kerbside_use,3.0,2.0,osm,unknown,clearway,imputed_rule,1600,110,1,assumed,0,1,"extension lane take: one lane per direction to the tram, mirroring the as-built corridor. Assumed and swept"
net_base2026_broadmeadow_extension,w688558184,Belford Street,corridor_trunk:S4;corridor_trunk:S5,num_lanes_per_dir;kerbside_use,3.0,2.0,osm,unknown,clearway,imputed_rule,1600,110,1,assumed,0,1,"extension lane take: one lane per direction to the tram, mirroring the as-built corridor. Assumed and swept"
net_base2026_broadmeadow_extension,w786249987,Lambton Road,corridor_trunk:S4;corridor_trunk:S5,num_lanes_per_dir;kerbside_use,4.0,3.0,osm,unknown,clearway,imputed_rule,1600,110,1,assumed,0,1,"extension lane take: one lane per direction to the tram, mirroring the as-built corridor. Assumed and swept"
net_base2026_broadmeadow_extension,w786249988,Chatham Street,corridor_trunk:S4;corridor_trunk:S5,kerbside_use,1.0,,osm,unknown,clearway,imputed_rule,1200,110,1,assumed,0,1,"extension kerbside take: the street is already single-lane, so the tram takes the kerbside rather than a running lane. Assumed"
net_base2026_broadmeadow_extension,w786249989,Belford Street,corridor_trunk:S4;corridor_trunk:S5,num_lanes_per_dir;kerbside_use,3.0,2.0,osm,unknown,clearway,imputed_rule,1600,110,1,assumed,0,1,"extension lane take: one lane per direction to the tram, mirroring the as-built corridor. Assumed and swept"
net_base2026_broadmeadow_extension,w786249990,Brunker Road,corridor_trunk:S4;corridor_trunk:S5,kerbside_use,1.0,,imputed_rule,unknown,clearway,imputed_rule,1400,110,1,assumed,0,1,"extension kerbside take: the street is already single-lane, so the tram takes the kerbside rather than a running lane. Assumed"
net_base2026_jhh_extension,w1324848034,Stewart Avenue,corridor_trunk:S4;corridor_trunk:S5;corridor_cross,num_lanes_per_dir;kerbside_use,2.0,1.0,osm,unknown,clearway,imputed_rule,1800,110,1,assumed,0,1,"extension lane take: one lane per direction to the tram, mirroring the as-built corridor. Assumed and swept"
net_base2026_jhh_extension,w170539325,Stewart Avenue,corridor_trunk:S4;corridor_trunk:S5;corridor_cross,num_lanes_per_dir;kerbside_use,2.0,1.0,osm,unknown,clearway,imputed_rule,1800,110,1,assumed,0,1,"extension lane take: one lane per direction to the tram, mirroring the as-built corridor. Assumed and swept"
net_base2026_jhh_extension,w880437940,Darby Street,corridor_trunk:S4;corridor_trunk:S5;corridor_cross,kerbside_use,1.0,,osm,unknown,clearway,imputed_rule,1400,110,1,assumed,0,1,"extension kerbside take: the street is already single-lane, so the tram takes the kerbside rather than a running lane. Assumed"
net_base2026_jhh_extension,w327722943,Steel Street,corridor_trunk:S4;corridor_trunk:S5;corridor_cross,kerbside_use,1.0,,osm,unknown,clearway,imputed_rule,1200,110,1,assumed,0,1,"extension kerbside take: the street is already single-lane, so the tram takes the kerbside rather than a running lane. Assumed"
net_base2026_jhh_extension,w1413391461,Watt Street,corridor_trunk:S4;corridor_trunk:S5;corridor_cross,kerbside_use,1.0,,osm,unknown,clearway,imputed_rule,1400,110,1,assumed,0,1,"extension kerbside take: the street is already single-lane, so the tram takes the kerbside rather than a running lane. Assumed"
net_base2026_jhh_extension,w630403517,Watt Street,corridor_trunk:S4;corridor_trunk:S5;corridor_cross,kerbside_use,1.0,,osm,unknown,clearway,imputed_rule,1400,110,1,assumed,0,1,"extension kerbside take: the street is already single-lane, so the tram takes the kerbside rather than a running lane. Assumed"
net_base2026_jhh_extension,w665238120,Worth Place,corridor_trunk:S4;corridor_trunk:S5;corridor_cross,kerbside_use,1.0,,osm,unknown,clearway,imputed_rule,1200,110,1,assumed,0,1,"extension kerbside take: the street is already single-lane, so the tram takes the kerbside rather than a running lane. Assumed"
net_base2026_jhh_extension,w764481382,Watt Street,corridor_trunk:S4;corridor_trunk:S5;corridor_cross,kerbside_use,1.0,,osm,unknown,clearway,imputed_rule,1400,110,1,assumed,0,1,"extension kerbside take: the street is already single-lane, so the tram takes the kerbside rather than a running lane. Assumed"
net_base2026_jhh_extension,w880838119,Auckland Street,corridor_trunk:S4;corridor_trunk:S5;corridor_cross,kerbside_use,1.0,,imputed_rule,unknown,clearway,imputed_rule,1200,110,1,assumed,0,1,"extension kerbside take: the street is already single-lane, so the tram takes the kerbside rather than a running lane. Assumed"
net_base2026_jhh_extension,w1324848035,Stewart Avenue,corridor_trunk:S4;corridor_trunk:S5;corridor_cross,num_lanes_per_dir;kerbside_use,3.0,2.0,osm,unknown,clearway,imputed_rule,1800,110,1,assumed,0,1,"extension lane take: one lane per direction to the tram, mirroring the as-built corridor. Assumed and swept"
net_base2026_jhh_extension,w630409402,Merewether Street,corridor_trunk:S4;corridor_trunk:S5;corridor_cross,kerbside_use,1.0,,imputed_rule,unknown,clearway,imputed_rule,1400,110,1,assumed,0,1,"extension kerbside take: the street is already single-lane, so the tram takes the kerbside rather than a running lane. Assumed"
net_base2026_jhh_extension,w575626859,Stewart Avenue,corridor_trunk:S4;corridor_trunk:S5;corridor_cross,num_lanes_per_dir;kerbside_use,4.0,3.0,osm,unknown,clearway,imputed_rule,1800,110,1,assumed,0,1,"extension lane take: one lane per direction to the tram, mirroring the as-built corridor. Assumed and swept"
net_base2026_jhh_extension,w380459178,Steel Street,corridor_trunk:S4;corridor_trunk:S5;corridor_cross,kerbside_use,1.0,,osm,unknown,clearway,imputed_rule,1200,110,1,assumed,0,1,"extension kerbside take: the street is already single-lane, so the tram takes the kerbside rather than a running lane. Assumed"
net_base2026_jhh_extension,w32071786,Worth Place,corridor_trunk:S4;corridor_trunk:S5;corridor_cross,kerbside_use,1.0,,osm,unknown,clearway,imputed_rule,1200,110,1,assumed,0,1,"extension kerbside take: the street is already single-lane, so the tram takes the kerbside rather than a running lane. Assumed"
net_base2026_jhh_extension,w18067875,Auckland Street,corridor_trunk:S4;corridor_trunk:S5;corridor_cross,kerbside_use,1.0,,imputed_rule,unknown,clearway,imputed_rule,1200,110,1,assumed,0,1,"extension kerbside take: the street is already single-lane, so the tram takes the kerbside rather than a running lane. Assumed"
net_base2026_jhh_extension,w880437941,Darby Street,corridor_trunk:S4;corridor_trunk:S5;corridor_cross,num_lanes_per_dir;kerbside_use,1.5,1.0,osm,unknown,clearway,imputed_rule,1400,110,1,assumed,0,1,"extension lane take: one lane per direction to the tram, mirroring the as-built corridor. Assumed and swept"
net_base2026_jhh_extension,w880437944,Merewether Street,corridor_trunk:S4;corridor_trunk:S5;corridor_cross,kerbside_use,1.0,,imputed_rule,unknown,clearway,imputed_rule,1400,110,1,assumed,0,1,"extension kerbside take: the street is already single-lane, so the tram takes the kerbside rather than a running lane. Assumed"
net_base2026_jhh_extension,w575630149,Stewart Avenue,corridor_trunk:S4;corridor_trunk:S5;corridor_cross,num_lanes_per_dir;kerbside_use,2.0,1.0,imputed_rule,unknown,clearway,imputed_rule,1800,110,1,assumed,0,1,"extension lane take: one lane per direction to the tram, mirroring the as-built corridor. Assumed and swept"
net_base2026_jhh_extension,w175584586,Stewart Avenue,corridor_trunk:S4;corridor_trunk:S5;corridor_cross,num_lanes_per_dir;kerbside_use,3.0,2.0,osm,unknown,clearway,imputed_rule,1800,110,1,assumed,0,1,"extension lane take: one lane per direction to the tram, mirroring the as-built corridor. Assumed and swept"
net_base2026_jhh_extension,w383586433,Merewether Street,corridor_trunk:S4;corridor_trunk:S5;corridor_cross,kerbside_use,1.0,,imputed_rule,unknown,clearway,imputed_rule,1400,110,1,assumed,0,1,"extension kerbside take: the street is already single-lane, so the tram takes the kerbside rather than a running lane. Assumed"
net_base2026_jhh_extension,w880437943,Darby Street,corridor_trunk:S4;corridor_trunk:S5;corridor_cross,num_lanes_per_dir;kerbside_use,2.0,1.0,osm,unknown,clearway,imputed_rule,1400,110,1,assumed,0,1,"extension lane take: one lane per direction to the tram, mirroring the as-built corridor. Assumed and swept"
net_base2026_jhh_extension,w80503130,Watt Street,corridor_trunk:S4;corridor_trunk:S5;corridor_cross,kerbside_use,1.0,,osm,unknown,clearway,imputed_rule,1400,110,1,assumed,0,1,"extension kerbside take: the street is already single-lane, so the tram takes the kerbside rather than a running lane. Assumed"
net_base2026_jhh_extension,w1000972295,Steel Street,corridor_trunk:S4;corridor_trunk:S5;corridor_cross,kerbside_use,1.0,,imputed_rule,unknown,clearway,imputed_rule,1200,110,1,assumed,0,1,"extension kerbside take: the street is already single-lane, so the tram takes the kerbside rather than a running lane. Assumed"
net_base2026_jhh_extension,w532949916,Stewart Avenue,corridor_trunk:S4;corridor_trunk:S5;corridor_cross,num_lanes_per_dir;kerbside_use,2.0,1.0,imputed_rule,unknown,clearway,imputed_rule,1800,110,1,assumed,0,1,"extension lane take: one lane per direction to the tram, mirroring the as-built corridor. Assumed and swept"
net_base2026_jhh_extension,w1413391460,Watt Street,corridor_trunk:S4;corridor_trunk:S5;corridor_cross,kerbside_use,1.0,,osm,unknown,clearway,imputed_rule,1400,110,1,assumed,0,1,"extension kerbside take: the street is already single-lane, so the tram takes the kerbside rather than a running lane. Assumed"
net_base2026_jhh_extension,w190695340,Wharf Road,corridor_trunk:S4;corridor_trunk:S5,kerbside_use,1.0,,imputed_rule,unknown,clearway,imputed_rule,1400,110,1,assumed,0,1,"extension kerbside take: the street is already single-lane, so the tram takes the kerbside rather than a running lane. Assumed"
net_base2026_jhh_extension,w18302149,Wharf Road,corridor_trunk:S4;corridor_trunk:S5,kerbside_use,1.0,,imputed_rule,unknown,clearway,imputed_rule,1400,110,1,assumed,0,1,"extension kerbside take: the street is already single-lane, so the tram takes the kerbside rather than a running lane. Assumed"
net_base2026_jhh_extension,w170540984,Wharf Road,corridor_trunk:S4;corridor_trunk:S5,kerbside_use,1.0,,osm,unknown,clearway,imputed_rule,1400,110,1,assumed,0,1,"extension kerbside take: the street is already single-lane, so the tram takes the kerbside rather than a running lane. Assumed"
net_base2026_jhh_extension,w575626865,Stewart Avenue,corridor_trunk:S4;corridor_trunk:S5,num_lanes_per_dir;kerbside_use,3.0,2.0,osm,unknown,clearway,imputed_rule,1800,110,1,assumed,0,1,"extension lane take: one lane per direction to the tram, mirroring the as-built corridor. Assumed and swept"
net_base2026_jhh_extension,w173149219,Worth Place,corridor_trunk:S4;corridor_trunk:S5,kerbside_use,1.0,,imputed_rule,unknown,clearway,imputed_rule,1200,110,1,assumed,0,1,"extension kerbside take: the street is already single-lane, so the tram takes the kerbside rather than a running lane. Assumed"
net_base2026_jhh_extension,w1413391459,Watt Street,corridor_trunk:S4;corridor_trunk:S5,kerbside_use,1.0,,osm,unknown,clearway,imputed_rule,1400,110,1,assumed,0,1,"extension kerbside take: the street is already single-lane, so the tram takes the kerbside rather than a running lane. Assumed"
net_base2026_jhh_extension,w552629230,Honeysuckle Drive,corridor_trunk:S4;corridor_trunk:S5,kerbside_use,1.0,,imputed_rule,unknown,clearway,imputed_rule,1400,110,1,assumed,0,1,"extension kerbside take: the street is already single-lane, so the tram takes the kerbside rather than a running lane. Assumed"
net_base2026_jhh_extension,w1000972294,Steel Street,corridor_trunk:S4;corridor_trunk:S5,kerbside_use,1.0,,imputed_rule,unknown,clearway,imputed_rule,1200,110,1,assumed,0,1,"extension kerbside take: the street is already single-lane, so the tram takes the kerbside rather than a running lane. Assumed"
net_base2026_jhh_extension,w1075261404,Honeysuckle Drive,corridor_trunk:S4;corridor_trunk:S5,kerbside_use,1.0,,imputed_rule,unknown,clearway,imputed_rule,1400,110,1,assumed,0,1,"extension kerbside take: the street is already single-lane, so the tram takes the kerbside rather than a running lane. Assumed"
net_base2026_jhh_extension,w1413391472,King Street,corridor_trunk:S4;corridor_trunk:S5,num_lanes_per_dir;kerbside_use,1.5,1.0,osm,unknown,clearway,imputed_rule,1400,110,1,assumed,0,1,"extension lane take: one lane per direction to the tram, mirroring the as-built corridor. Assumed and swept"
net_base2026_jhh_extension,w291699371,Merewether Street,corridor_trunk:S4;corridor_trunk:S5,kerbside_use,1.0,,imputed_rule,unknown,clearway,imputed_rule,1400,110,1,assumed,0,1,"extension kerbside take: the street is already single-lane, so the tram takes the kerbside rather than a running lane. Assumed"
net_base2026_jhh_extension,w291699372,Merewether Street,corridor_trunk:S4;corridor_trunk:S5,kerbside_use,1.0,,imputed_rule,unknown,clearway,imputed_rule,1400,110,1,assumed,0,1,"extension kerbside take: the street is already single-lane, so the tram takes the kerbside rather than a running lane. Assumed"
net_base2026_jhh_extension,w867849754,King Street,corridor_trunk:S4;corridor_trunk:S5,num_lanes_per_dir;kerbside_use,1.5,1.0,osm,unknown,clearway,imputed_rule,1400,110,1,assumed,0,1,"extension lane take: one lane per direction to the tram, mirroring the as-built corridor. Assumed and swept"
net_base2026_jhh_extension,w862889493,Auckland Street,corridor_trunk:S4;corridor_trunk:S5,kerbside_use,1.0,,imputed_rule,unknown,clearway,imputed_rule,1200,110,1,assumed,0,1,"extension kerbside take: the street is already single-lane, so the tram takes the kerbside rather than a running lane. Assumed"
net_base2026_jhh_extension,w1324848032,Stewart Avenue,corridor_trunk:S4;corridor_trunk:S5,num_lanes_per_dir;kerbside_use,3.0,2.0,osm,unknown,clearway,imputed_rule,1800,110,1,assumed,0,1,"extension lane take: one lane per direction to the tram, mirroring the as-built corridor. Assumed and swept"
net_base2026_jhh_extension,w1324848033,Stewart Avenue,corridor_trunk:S4;corridor_trunk:S5,num_lanes_per_dir;kerbside_use,3.0,2.0,osm,unknown,clearway,imputed_rule,1800,110,1,assumed,0,1,"extension lane take: one lane per direction to the tram, mirroring the as-built corridor. Assumed and swept"
net_base2026_jhh_extension,w508425385,Hunter Street,corridor_trunk:S4;corridor_trunk:S5,num_lanes_per_dir;kerbside_use,2.5,1.5,osm,unknown,clearway,imputed_rule,1400,110,1,assumed,0,1,"extension lane take: one lane per direction to the tram, mirroring the as-built corridor. Assumed and swept"
net_base2026_jhh_extension,w1324584328,Stewart Avenue,corridor_trunk:S4;corridor_trunk:S5,num_lanes_per_dir;kerbside_use,2.0,1.0,osm,unknown,clearway,imputed_rule,1800,110,1,assumed,0,1,"extension lane take: one lane per direction to the tram, mirroring the as-built corridor. Assumed and swept"
net_base2026_jhh_extension,w3505881,Hunter Street,corridor_trunk:S4;corridor_trunk:S5,num_lanes_per_dir;kerbside_use,2.0,1.0,osm,unknown,clearway,imputed_rule,1800,110,1,assumed,0,1,"extension lane take: one lane per direction to the tram, mirroring the as-built corridor. Assumed and swept"
net_base2026_jhh_extension,w1324584330,Stewart Avenue,corridor_trunk:S4;corridor_trunk:S5,num_lanes_per_dir;kerbside_use,2.0,1.0,osm,unknown,clearway,imputed_rule,1800,110,1,assumed,0,1,"extension lane take: one lane per direction to the tram, mirroring the as-built corridor. Assumed and swept"
net_base2026_jhh_extension,w688558122,Hunter Street,corridor_trunk:S4;corridor_trunk:S5,num_lanes_per_dir;kerbside_use,2.5,1.5,osm,unknown,clearway,imputed_rule,1600,110,1,assumed,0,1,"extension lane take: one lane per direction to the tram, mirroring the as-built corridor. Assumed and swept"
net_base2026_jhh_extension,w688558121,Hunter Street,corridor_trunk:S4;corridor_trunk:S5,num_lanes_per_dir;kerbside_use,2.5,1.5,osm,unknown,clearway,imputed_rule,1600,110,1,assumed,0,1,"extension lane take: one lane per direction to the tram, mirroring the as-built corridor. Assumed and swept"
net_base2026_jhh_extension,w1324584329,Stewart Avenue,corridor_trunk:S4;corridor_trunk:S5,num_lanes_per_dir;kerbside_use,2.0,1.0,osm,unknown,clearway,imputed_rule,1800,110,1,assumed,0,1,"extension lane take: one lane per direction to the tram, mirroring the as-built corridor. Assumed and swept"
net_base2026_jhh_extension,w570047340,Stewart Avenue,corridor_trunk:S4;corridor_trunk:S5,num_lanes_per_dir;kerbside_use,2.0,1.0,osm,unknown,clearway,imputed_rule,1800,110,1,assumed,0,1,"extension lane take: one lane per direction to the tram, mirroring the as-built corridor. Assumed and swept"
net_base2026_jhh_extension,w688558123,Stewart Avenue,corridor_trunk:S4;corridor_trunk:S5,num_lanes_per_dir;kerbside_use,2.0,1.0,osm,unknown,clearway,imputed_rule,1800,110,1,assumed,0,1,"extension lane take: one lane per direction to the tram, mirroring the as-built corridor. Assumed and swept"
net_base2026_jhh_extension,w688558120,Hunter Street,corridor_trunk:S4;corridor_trunk:S5,num_lanes_per_dir;kerbside_use,2.0,1.0,osm,unknown,clearway,imputed_rule,1600,110,1,assumed,0,1,"extension lane take: one lane per direction to the tram, mirroring the as-built corridor. Assumed and swept"
net_base2026_jhh_extension,w884951054,Hunter Street,corridor_trunk:S4;corridor_trunk:S5,num_lanes_per_dir;kerbside_use,2.5,1.5,osm,unknown,clearway,imputed_rule,1600,110,1,assumed,0,1,"extension lane take: one lane per direction to the tram, mirroring the as-built corridor. Assumed and swept"
net_base2026_jhh_extension,w1324584327,Stewart Avenue,corridor_trunk:S4;corridor_trunk:S5,num_lanes_per_dir;kerbside_use,3.0,2.0,osm,unknown,clearway,imputed_rule,1800,110,1,assumed,0,1,"extension lane take: one lane per direction to the tram, mirroring the as-built corridor. Assumed and swept"
net_base2026_jhh_extension,w575648842,Hunter Street,corridor_trunk:S4;corridor_trunk:S5,num_lanes_per_dir;kerbside_use,2.5,1.5,osm,unknown,clearway,imputed_rule,1600,110,1,assumed,0,1,"extension lane take: one lane per direction to the tram, mirroring the as-built corridor. Assumed and swept"
net_base2026_jhh_extension,w688558130,Hunter Street,corridor_trunk:S4;corridor_trunk:S5,num_lanes_per_dir;kerbside_use,2.0,1.0,osm,unknown,clearway,imputed_rule,1600,110,1,assumed,0,1,"extension lane take: one lane per direction to the tram, mirroring the as-built corridor. Assumed and swept"
net_base2026_jhh_extension,w575648841,Hunter Street,corridor_trunk:S4;corridor_trunk:S5,num_lanes_per_dir;kerbside_use,2.0,1.0,osm,unknown,clearway,imputed_rule,1600,110,1,assumed,0,1,"extension lane take: one lane per direction to the tram, mirroring the as-built corridor. Assumed and swept"
net_base2026_jhh_extension,w326871089,Parry Street,corridor_trunk:S4;corridor_trunk:S5,num_lanes_per_dir;kerbside_use,2.0,1.0,osm,unknown,clearway,imputed_rule,1800,110,1,assumed,0,1,"extension lane take: one lane per direction to the tram, mirroring the as-built corridor. Assumed and swept"
net_base2026_jhh_extension,w368758802,Tudor Street,corridor_trunk:S4;corridor_trunk:S5,kerbside_use,1.0,,osm,unknown,clearway,imputed_rule,1600,110,1,assumed,0,1,"extension kerbside take: the street is already single-lane, so the tram takes the kerbside rather than a running lane. Assumed"
net_base2026_jhh_extension,w688558131,Tudor Street,corridor_trunk:S4;corridor_trunk:S5,num_lanes_per_dir;kerbside_use,2.0,1.0,osm,unknown,clearway,imputed_rule,1600,110,1,assumed,0,1,"extension lane take: one lane per direction to the tram, mirroring the as-built corridor. Assumed and swept"
net_base2026_jhh_extension,w773878392,Hunter Street,corridor_trunk:S4;corridor_trunk:S5,kerbside_use,1.0,,osm,unknown,clearway,imputed_rule,1600,110,1,assumed,0,1,"extension kerbside take: the street is already single-lane, so the tram takes the kerbside rather than a running lane. Assumed"
net_base2026_jhh_extension,w688558129,Hunter Street,corridor_trunk:S4;corridor_trunk:S5,num_lanes_per_dir;kerbside_use,2.5,1.5,osm,unknown,clearway,imputed_rule,1600,110,1,assumed,0,1,"extension lane take: one lane per direction to the tram, mirroring the as-built corridor. Assumed and swept"
net_base2026_jhh_extension,w569092892,Tudor Street,corridor_trunk:S4;corridor_trunk:S5,num_lanes_per_dir;kerbside_use,3.0,2.0,osm,unknown,clearway,imputed_rule,1600,110,1,assumed,0,1,"extension lane take: one lane per direction to the tram, mirroring the as-built corridor. Assumed and swept"
net_base2026_jhh_extension,w575648840,Tudor Street,corridor_trunk:S4;corridor_trunk:S5,num_lanes_per_dir;kerbside_use,3.0,2.0,osm,unknown,clearway,imputed_rule,1600,110,1,assumed,0,1,"extension lane take: one lane per direction to the tram, mirroring the as-built corridor. Assumed and swept"
net_base2026_jhh_extension,w897368508,Parry Street,corridor_trunk:S4;corridor_trunk:S5,num_lanes_per_dir;kerbside_use,3.0,2.0,osm,unknown,clearway,imputed_rule,1800,110,1,assumed,0,1,"extension lane take: one lane per direction to the tram, mirroring the as-built corridor. Assumed and swept"
net_base2026_jhh_extension,w688558132,Tudor Street,corridor_trunk:S4;corridor_trunk:S5,num_lanes_per_dir;kerbside_use,2.0,1.0,osm,unknown,clearway,imputed_rule,1600,110,1,assumed,0,1,"extension lane take: one lane per direction to the tram, mirroring the as-built corridor. Assumed and swept"
net_base2026_jhh_extension,w570069737,Tudor Street,corridor_trunk:S4;corridor_trunk:S5,num_lanes_per_dir;kerbside_use,2.0,1.0,osm,unknown,clearway,imputed_rule,1800,110,1,assumed,0,1,"extension lane take: one lane per direction to the tram, mirroring the as-built corridor. Assumed and swept"
net_base2026_jhh_extension,w570069741,Parry Street,corridor_trunk:S4;corridor_trunk:S5,num_lanes_per_dir;kerbside_use,2.0,1.0,osm,unknown,clearway,imputed_rule,1800,110,1,assumed,0,1,"extension lane take: one lane per direction to the tram, mirroring the as-built corridor. Assumed and swept"
net_base2026_jhh_extension,w326871088,Parry Street,corridor_trunk:S4;corridor_trunk:S5,num_lanes_per_dir;kerbside_use,3.0,2.0,osm,unknown,clearway,imputed_rule,1800,110,1,assumed,0,1,"extension lane take: one lane per direction to the tram, mirroring the as-built corridor. Assumed and swept"
net_base2026_jhh_extension,w569092891,Tudor Street,corridor_trunk:S4;corridor_trunk:S5,num_lanes_per_dir;kerbside_use,2.0,1.0,osm,unknown,clearway,imputed_rule,1800,110,1,assumed,0,1,"extension lane take: one lane per direction to the tram, mirroring the as-built corridor. Assumed and swept"
net_base2026_jhh_extension,w569683791,Parry Street,corridor_trunk:S4;corridor_trunk:S5,num_lanes_per_dir;kerbside_use,2.0,1.0,osm,unknown,clearway,imputed_rule,1800,110,1,assumed,0,1,"extension lane take: one lane per direction to the tram, mirroring the as-built corridor. Assumed and swept"
net_base2026_jhh_extension,w569683792,Tudor Street,corridor_trunk:S4;corridor_trunk:S5,num_lanes_per_dir;kerbside_use,2.0,1.0,osm,unknown,clearway,imputed_rule,1600,110,1,assumed,0,1,"extension lane take: one lane per direction to the tram, mirroring the as-built corridor. Assumed and swept"
net_base2026_jhh_extension,w569092893,Parry Street,corridor_trunk:S4;corridor_trunk:S5,num_lanes_per_dir;kerbside_use,2.0,1.0,osm,unknown,clearway,imputed_rule,1800,110,1,assumed,0,1,"extension lane take: one lane per direction to the tram, mirroring the as-built corridor. Assumed and swept"
net_base2026_jhh_extension,w688558218,Tudor Street,corridor_trunk:S4;corridor_trunk:S5,num_lanes_per_dir;kerbside_use,4.0,3.0,osm,unknown,clearway,imputed_rule,1600,110,1,assumed,0,1,"extension lane take: one lane per direction to the tram, mirroring the as-built corridor. Assumed and swept"
net_base2026_jhh_extension,w419699914,Parry Street,corridor_trunk:S4;corridor_trunk:S5,num_lanes_per_dir;kerbside_use,2.0,1.0,osm,unknown,clearway,imputed_rule,1800,110,1,assumed,0,1,"extension lane take: one lane per direction to the tram, mirroring the as-built corridor. Assumed and swept"
net_base2026_jhh_extension,w573328865,Tudor Street,corridor_trunk:S4;corridor_trunk:S5,num_lanes_per_dir;kerbside_use,2.0,1.0,osm,unknown,clearway,imputed_rule,1600,110,1,assumed,0,1,"extension lane take: one lane per direction to the tram, mirroring the as-built corridor. Assumed and swept"
net_base2026_jhh_extension,w573328870,Tudor Street,corridor_trunk:S4;corridor_trunk:S5,num_lanes_per_dir;kerbside_use,2.0,1.0,osm,unknown,clearway,imputed_rule,1600,110,1,assumed,0,1,"extension lane take: one lane per direction to the tram, mirroring the as-built corridor. Assumed and swept"
net_base2026_jhh_extension,w570051316,Tudor Street,corridor_trunk:S4;corridor_trunk:S5,num_lanes_per_dir;kerbside_use,2.0,1.0,osm,unknown,clearway,imputed_rule,1600,110,1,assumed,0,1,"extension lane take: one lane per direction to the tram, mirroring the as-built corridor. Assumed and swept"
net_base2026_jhh_extension,w688558217,Tudor Street,corridor_trunk:S4;corridor_trunk:S5,num_lanes_per_dir;kerbside_use,4.0,3.0,osm,unknown,clearway,imputed_rule,1600,110,1,assumed,0,1,"extension lane take: one lane per direction to the tram, mirroring the as-built corridor. Assumed and swept"
net_base2026_jhh_extension,w47893467,Gordon Avenue,corridor_trunk:S4;corridor_trunk:S5,num_lanes_per_dir;kerbside_use,2.0,1.0,osm,unknown,clearway,imputed_rule,1400,110,1,assumed,0,1,"extension lane take: one lane per direction to the tram, mirroring the as-built corridor. Assumed and swept"
net_base2026_jhh_extension,w688558119,Gordon Avenue,corridor_trunk:S4;corridor_trunk:S5,num_lanes_per_dir;kerbside_use,3.0,2.0,osm,unknown,clearway,imputed_rule,1400,110,1,assumed,0,1,"extension lane take: one lane per direction to the tram, mirroring the as-built corridor. Assumed and swept"
net_base2026_jhh_extension,w570051317,Tudor Street,corridor_trunk:S4;corridor_trunk:S5,num_lanes_per_dir;kerbside_use,2.0,1.0,osm,unknown,clearway,imputed_rule,1600,110,1,assumed,0,1,"extension lane take: one lane per direction to the tram, mirroring the as-built corridor. Assumed and swept"
net_base2026_jhh_extension,w688558118,Gordon Avenue,corridor_trunk:S4;corridor_trunk:S5,kerbside_use,1.0,,imputed_rule,unknown,clearway,imputed_rule,1400,110,1,assumed,0,1,"extension kerbside take: the street is already single-lane, so the tram takes the kerbside rather than a running lane. Assumed"
net_base2026_jhh_extension,w570051322,Gordon Avenue,corridor_trunk:S4;corridor_trunk:S5,kerbside_use,1.0,,osm,unknown,clearway,imputed_rule,1400,110,1,assumed,0,1,"extension kerbside take: the street is already single-lane, so the tram takes the kerbside rather than a running lane. Assumed"
net_base2026_jhh_extension,w573328862,Tudor Street,corridor_trunk:S4;corridor_trunk:S5,num_lanes_per_dir;kerbside_use,2.0,1.0,osm,unknown,clearway,imputed_rule,1600,110,1,assumed,0,1,"extension lane take: one lane per direction to the tram, mirroring the as-built corridor. Assumed and swept"
net_base2026_jhh_extension,w573328861,Gordon Avenue,corridor_trunk:S4;corridor_trunk:S5,kerbside_use,1.0,,imputed_rule,unknown,clearway,imputed_rule,1400,110,1,assumed,0,1,"extension kerbside take: the street is already single-lane, so the tram takes the kerbside rather than a running lane. Assumed"
net_base2026_jhh_extension,w688558216,Tudor Street,corridor_trunk:S4;corridor_trunk:S5,num_lanes_per_dir;kerbside_use,3.0,2.0,osm,unknown,clearway,imputed_rule,1600,110,1,assumed,0,1,"extension lane take: one lane per direction to the tram, mirroring the as-built corridor. Assumed and swept"
net_base2026_jhh_extension,w307584580,Tudor Street,corridor_trunk:S4;corridor_trunk:S5,num_lanes_per_dir;kerbside_use,2.0,1.0,osm,unknown,clearway,imputed_rule,1600,110,1,assumed,0,1,"extension lane take: one lane per direction to the tram, mirroring the as-built corridor. Assumed and swept"
net_base2026_jhh_extension,w570051319,Gordon Avenue,corridor_trunk:S4;corridor_trunk:S5,kerbside_use,1.0,,imputed_rule,unknown,clearway,imputed_rule,1400,110,1,assumed,0,1,"extension kerbside take: the street is already single-lane, so the tram takes the kerbside rather than a running lane. Assumed"
net_base2026_jhh_extension,w570051320,Gordon Avenue,corridor_trunk:S4;corridor_trunk:S5,kerbside_use,1.0,,imputed_rule,unknown,clearway,imputed_rule,1400,110,1,assumed,0,1,"extension kerbside take: the street is already single-lane, so the tram takes the kerbside rather than a running lane. Assumed"
net_base2026_jhh_extension,w307584583,Tudor Street,corridor_trunk:S4;corridor_trunk:S5,num_lanes_per_dir;kerbside_use,2.0,1.0,osm,unknown,clearway,imputed_rule,1600,110,1,assumed,0,1,"extension lane take: one lane per direction to the tram, mirroring the as-built corridor. Assumed and swept"
net_base2026_jhh_extension,w1449300820,Tudor Street,corridor_trunk:S4;corridor_trunk:S5,num_lanes_per_dir;kerbside_use,2.0,1.0,osm,unknown,clearway,imputed_rule,1600,110,1,assumed,0,1,"extension lane take: one lane per direction to the tram, mirroring the as-built corridor. Assumed and swept"
net_base2026_jhh_extension,w1292951269,Tudor Street,corridor_trunk:S4;corridor_trunk:S5,num_lanes_per_dir;kerbside_use,2.0,1.0,osm,unknown,clearway,imputed_rule,1600,110,1,assumed,0,1,"extension lane take: one lane per direction to the tram, mirroring the as-built corridor. Assumed and swept"
net_base2026_jhh_extension,w688558215,Tudor Street,corridor_trunk:S4;corridor_trunk:S5,num_lanes_per_dir;kerbside_use,4.0,3.0,osm,unknown,clearway,imputed_rule,1600,110,1,assumed,0,1,"extension lane take: one lane per direction to the tram, mirroring the as-built corridor. Assumed and swept"
net_base2026_jhh_extension,w308843535,Beaumont Street,corridor_trunk:S4;corridor_trunk:S5,kerbside_use,1.0,,osm,unknown,clearway,imputed_rule,1400,110,1,assumed,0,1,"extension kerbside take: the street is already single-lane, so the tram takes the kerbside rather than a running lane. Assumed"
net_base2026_jhh_extension,w532943028,Beaumont Street,corridor_trunk:S4;corridor_trunk:S5,kerbside_use,1.0,,imputed_rule,unknown,clearway,imputed_rule,1400,110,1,assumed,0,1,"extension kerbside take: the street is already single-lane, so the tram takes the kerbside rather than a running lane. Assumed"
net_base2026_jhh_extension,w688558214,Tudor Street,corridor_trunk:S4;corridor_trunk:S5,num_lanes_per_dir;kerbside_use,2.0,1.0,osm,unknown,clearway,imputed_rule,1600,110,1,assumed,0,1,"extension lane take: one lane per direction to the tram, mirroring the as-built corridor. Assumed and swept"
net_base2026_jhh_extension,w688558207,Tudor Street,corridor_trunk:S4;corridor_trunk:S5,num_lanes_per_dir;kerbside_use,2.0,1.0,osm,unknown,clearway,imputed_rule,1600,110,1,assumed,0,1,"extension lane take: one lane per direction to the tram, mirroring the as-built corridor. Assumed and swept"
net_base2026_jhh_extension,w796741061,Beaumont Street,corridor_trunk:S4;corridor_trunk:S5,kerbside_use,1.0,,osm,unknown,clearway,imputed_rule,1200,110,1,assumed,0,1,"extension kerbside take: the street is already single-lane, so the tram takes the kerbside rather than a running lane. Assumed"
net_base2026_jhh_extension,w307584582,Tudor Street,corridor_trunk:S4;corridor_trunk:S5,num_lanes_per_dir;kerbside_use,2.0,1.0,osm,unknown,clearway,imputed_rule,1600,110,1,assumed,0,1,"extension lane take: one lane per direction to the tram, mirroring the as-built corridor. Assumed and swept"
net_base2026_jhh_extension,w688558198,Tudor Street,corridor_trunk:S4;corridor_trunk:S5,num_lanes_per_dir;kerbside_use,2.0,1.0,osm,unknown,clearway,imputed_rule,1600,110,1,assumed,0,1,"extension lane take: one lane per direction to the tram, mirroring the as-built corridor. Assumed and swept"
net_base2026_jhh_extension,w688558204,Tudor Street,corridor_trunk:S4;corridor_trunk:S5,num_lanes_per_dir;kerbside_use,4.0,3.0,osm,unknown,clearway,imputed_rule,1600,110,1,assumed,0,1,"extension lane take: one lane per direction to the tram, mirroring the as-built corridor. Assumed and swept"
net_base2026_jhh_extension,w688558209,Tudor Street,corridor_trunk:S4;corridor_trunk:S5,num_lanes_per_dir;kerbside_use,4.0,3.0,osm,unknown,clearway,imputed_rule,1600,110,1,assumed,0,1,"extension lane take: one lane per direction to the tram, mirroring the as-built corridor. Assumed and swept"
net_base2026_jhh_extension,w307584581,Tudor Street,corridor_trunk:S4;corridor_trunk:S5,num_lanes_per_dir;kerbside_use,2.0,1.0,osm,unknown,clearway,imputed_rule,1600,110,1,assumed,0,1,"extension lane take: one lane per direction to the tram, mirroring the as-built corridor. Assumed and swept"
net_base2026_jhh_extension,w688558213,Tudor Street,corridor_trunk:S4;corridor_trunk:S5,num_lanes_per_dir;kerbside_use,2.0,1.0,osm,unknown,clearway,imputed_rule,1600,110,1,assumed,0,1,"extension lane take: one lane per direction to the tram, mirroring the as-built corridor. Assumed and swept"
net_base2026_jhh_extension,w37032052,Belford Street,corridor_trunk:S4;corridor_trunk:S5,num_lanes_per_dir;kerbside_use,2.0,1.0,osm,unknown,clearway,imputed_rule,1600,110,1,assumed,0,1,"extension lane take: one lane per direction to the tram, mirroring the as-built corridor. Assumed and swept"
net_base2026_jhh_extension,w172631275,Belford Street,corridor_trunk:S4;corridor_trunk:S5,num_lanes_per_dir;kerbside_use,3.0,2.0,osm,unknown,clearway,imputed_rule,1600,110,1,assumed,0,1,"extension lane take: one lane per direction to the tram, mirroring the as-built corridor. Assumed and swept"
net_base2026_jhh_extension,w573328884,Belford Street,corridor_trunk:S4;corridor_trunk:S5,num_lanes_per_dir;kerbside_use,2.0,1.0,osm,unknown,clearway,imputed_rule,1600,110,1,assumed,0,1,"extension lane take: one lane per direction to the tram, mirroring the as-built corridor. Assumed and swept"
net_base2026_jhh_extension,w37031560,Belford Street,corridor_trunk:S4;corridor_trunk:S5,num_lanes_per_dir;kerbside_use,2.0,1.0,osm,unknown,clearway,imputed_rule,1600,110,1,assumed,0,1,"extension lane take: one lane per direction to the tram, mirroring the as-built corridor. Assumed and swept"
net_base2026_jhh_extension,w307524785,Belford Street,corridor_trunk:S4;corridor_trunk:S5,num_lanes_per_dir;kerbside_use,2.0,1.0,osm,unknown,clearway,imputed_rule,1600,110,1,assumed,0,1,"extension lane take: one lane per direction to the tram, mirroring the as-built corridor. Assumed and swept"
net_base2026_jhh_extension,w1140387819,Lambton Road,corridor_trunk:S5,kerbside_use,1.0,,imputed_rule,unknown,clearway,imputed_rule,1400,110,1,assumed,0,1,"extension kerbside take: the street is already single-lane, so the tram takes the kerbside rather than a running lane. Assumed"
net_base2026_jhh_extension,w1221729697,Lambton Road,corridor_trunk:S4;corridor_trunk:S5,num_lanes_per_dir;kerbside_use,2.0,1.0,osm,unknown,clearway,imputed_rule,1600,110,1,assumed,0,1,"extension lane take: one lane per direction to the tram, mirroring the as-built corridor. Assumed and swept"
net_base2026_jhh_extension,w1301238058,Lambton Road,corridor_trunk:S5,num_lanes_per_dir;kerbside_use,2.0,1.0,osm,unknown,clearway,imputed_rule,1600,110,1,assumed,0,1,"extension lane take: one lane per direction to the tram, mirroring the as-built corridor. Assumed and swept"
net_base2026_jhh_extension,w1308574128,Taragna Road,corridor_trunk:S5,kerbside_use,1.0,,imputed_rule,unknown,clearway,imputed_rule,1000,110,1,assumed,0,1,"extension kerbside take: the street is already single-lane, so the tram takes the kerbside rather than a running lane. Assumed"
net_base2026_jhh_extension,w1322373483,Curley Road,corridor_trunk:S5,kerbside_use,1.0,,osm,unknown,clearway,imputed_rule,1200,110,1,assumed,0,1,"extension kerbside take: the street is already single-lane, so the tram takes the kerbside rather than a running lane. Assumed"
net_base2026_jhh_extension,w1441524751,Lambton Road,corridor_trunk:S4;corridor_trunk:S5,num_lanes_per_dir;kerbside_use,2.0,1.0,osm,unknown,clearway,imputed_rule,1600,110,1,assumed,0,1,"extension lane take: one lane per direction to the tram, mirroring the as-built corridor. Assumed and swept"
net_base2026_jhh_extension,w1441529775,Brunker Road,corridor_trunk:S4;corridor_trunk:S5,num_lanes_per_dir;kerbside_use,2.0,1.0,osm,unknown,clearway,imputed_rule,1400,110,1,assumed,0,1,"extension lane take: one lane per direction to the tram, mirroring the as-built corridor. Assumed and swept"
net_base2026_jhh_extension,w1445695925,Royal Place,corridor_trunk:S5,kerbside_use,1.0,,osm,unknown,clearway,imputed_rule,1400,110,1,assumed,0,1,"extension kerbside take: the street is already single-lane, so the tram takes the kerbside rather than a running lane. Assumed"
net_base2026_jhh_extension,w1445695926,Lambton Road,corridor_trunk:S5,num_lanes_per_dir;kerbside_use,3.0,2.0,osm,unknown,clearway,imputed_rule,1600,110,1,assumed,0,1,"extension lane take: one lane per direction to the tram, mirroring the as-built corridor. Assumed and swept"
net_base2026_jhh_extension,w1548482124,Alma Road,corridor_trunk:S5,num_lanes_per_dir;kerbside_use,2.0,1.0,osm,unknown,clearway,imputed_rule,1600,110,1,assumed,0,1,"extension lane take: one lane per direction to the tram, mirroring the as-built corridor. Assumed and swept"
net_base2026_jhh_extension,w173160001,Rugby Road,corridor_trunk:S5,kerbside_use,1.0,,osm,unknown,clearway,imputed_rule,1600,110,1,assumed,0,1,"extension kerbside take: the street is already single-lane, so the tram takes the kerbside rather than a running lane. Assumed"
net_base2026_jhh_extension,w173577838,Russell Road,corridor_trunk:S5,kerbside_use,1.0,,osm,unknown,clearway,imputed_rule,1600,110,1,assumed,0,1,"extension kerbside take: the street is already single-lane, so the tram takes the kerbside rather than a running lane. Assumed"
net_base2026_jhh_extension,w185078567,Lambton Road,corridor_trunk:S5,num_lanes_per_dir;kerbside_use,3.0,2.0,osm,unknown,clearway,imputed_rule,1600,110,1,assumed,0,1,"extension lane take: one lane per direction to the tram, mirroring the as-built corridor. Assumed and swept"
net_base2026_jhh_extension,w232951008,Regent Street,corridor_trunk:S5,kerbside_use,1.0,,osm,unknown,clearway,imputed_rule,1200,110,1,assumed,0,1,"extension kerbside take: the street is already single-lane, so the tram takes the kerbside rather than a running lane. Assumed"
net_base2026_jhh_extension,w232951374,Lambton Road,corridor_trunk:S5,num_lanes_per_dir;kerbside_use,2.0,1.0,osm,unknown,clearway,imputed_rule,1600,110,1,assumed,0,1,"extension lane take: one lane per direction to the tram, mirroring the as-built corridor. Assumed and swept"
net_base2026_jhh_extension,w232951375,Regent Street,corridor_trunk:S5,kerbside_use,1.0,,osm,unknown,clearway,imputed_rule,1200,110,1,assumed,0,1,"extension kerbside take: the street is already single-lane, so the tram takes the kerbside rather than a running lane. Assumed"
net_base2026_jhh_extension,w244672853,Chatham Street,corridor_trunk:S4;corridor_trunk:S5,kerbside_use,1.0,,osm,unknown,clearway,imputed_rule,1200,110,1,assumed,0,1,"extension kerbside take: the street is already single-lane, so the tram takes the kerbside rather than a running lane. Assumed"
net_base2026_jhh_extension,w25028007,Brunker Road,corridor_trunk:S4;corridor_trunk:S5,num_lanes_per_dir;kerbside_use,2.0,1.0,osm,unknown,clearway,imputed_rule,1400,110,1,assumed,0,1,"extension lane take: one lane per direction to the tram, mirroring the as-built corridor. Assumed and swept"
net_base2026_jhh_extension,w260185671,Kookaburra Circuit,corridor_trunk:S5,kerbside_use,1.0,,osm,unknown,clearway,imputed_rule,1000,110,1,assumed,0,1,"extension kerbside take: the street is already single-lane, so the tram takes the kerbside rather than a running lane. Assumed"
net_base2026_jhh_extension,w260185819,Kookaburra Circuit,corridor_trunk:S5,kerbside_use,1.0,,imputed_rule,unknown,clearway,imputed_rule,1000,110,1,assumed,0,1,"extension kerbside take: the street is already single-lane, so the tram takes the kerbside rather than a running lane. Assumed"
net_base2026_jhh_extension,w260185820,Kookaburra Circuit,corridor_trunk:S5,kerbside_use,1.0,,imputed_rule,unknown,clearway,imputed_rule,1000,110,1,assumed,0,1,"extension kerbside take: the street is already single-lane, so the tram takes the kerbside rather than a running lane. Assumed"
net_base2026_jhh_extension,w261686346,Jacaranda Drive,corridor_trunk:S5,kerbside_use,1.0,,osm,unknown,clearway,imputed_rule,1000,110,1,assumed,0,1,"extension kerbside take: the street is already single-lane, so the tram takes the kerbside rather than a running lane. Assumed"
net_base2026_jhh_extension,w261964667,Lambton Road,corridor_trunk:S4;corridor_trunk:S5,num_lanes_per_dir;kerbside_use,2.0,1.0,osm,unknown,clearway,imputed_rule,1600,110,1,assumed,0,1,"extension lane take: one lane per direction to the tram, mirroring the as-built corridor. Assumed and swept"
net_base2026_jhh_extension,w261964668,Lambton Road,corridor_trunk:S4;corridor_trunk:S5,num_lanes_per_dir;kerbside_use,2.0,1.0,osm,unknown,clearway,imputed_rule,1600,110,1,assumed,0,1,"extension lane take: one lane per direction to the tram, mirroring the as-built corridor. Assumed and swept"
net_base2026_jhh_extension,w261965473,Chatham Street,corridor_trunk:S4;corridor_trunk:S5,kerbside_use,1.0,,osm,unknown,clearway,imputed_rule,1400,110,1,assumed,0,1,"extension kerbside take: the street is already single-lane, so the tram takes the kerbside rather than a running lane. Assumed"
net_base2026_jhh_extension,w261980570,Lambton Road,corridor_trunk:S5,kerbside_use,1.0,,imputed_rule,unknown,clearway,imputed_rule,1400,110,1,assumed,0,1,"extension kerbside take: the street is already single-lane, so the tram takes the kerbside rather than a running lane. Assumed"
net_base2026_jhh_extension,w262189607,Lookout Road,corridor_trunk:S5,num_lanes_per_dir;kerbside_use,2.0,1.0,osm,unknown,clearway,imputed_rule,1800,110,1,assumed,0,1,"extension lane take: one lane per direction to the tram, mirroring the as-built corridor. Assumed and swept"
net_base2026_jhh_extension,w262190389,Jacaranda Drive,corridor_trunk:S5,kerbside_use,1.0,,osm,unknown,clearway,imputed_rule,1000,110,1,assumed,0,1,"extension kerbside take: the street is already single-lane, so the tram takes the kerbside rather than a running lane. Assumed"
net_base2026_jhh_extension,w26234142,Lookout Road,corridor_trunk:S5,num_lanes_per_dir;kerbside_use,2.0,1.0,osm,unknown,clearway,imputed_rule,1800,110,1,assumed,0,1,"extension lane take: one lane per direction to the tram, mirroring the as-built corridor. Assumed and swept"
net_base2026_jhh_extension,w291023334,Bridges Road,corridor_trunk:S5,num_lanes_per_dir;kerbside_use,4.0,3.0,osm,unknown,clearway,imputed_rule,1600,110,1,assumed,0,1,"extension lane take: one lane per direction to the tram, mirroring the as-built corridor. Assumed and swept"
net_base2026_jhh_extension,w298242850,Bridges Road,corridor_trunk:S5,num_lanes_per_dir;kerbside_use,2.0,1.0,osm,unknown,clearway,imputed_rule,1600,110,1,assumed,0,1,"extension lane take: one lane per direction to the tram, mirroring the as-built corridor. Assumed and swept"
net_base2026_jhh_extension,w30534322,Brown Road,corridor_trunk:S5,kerbside_use,1.0,,osm,unknown,clearway,imputed_rule,1000,110,1,assumed,0,1,"extension kerbside take: the street is already single-lane, so the tram takes the kerbside rather than a running lane. Assumed"
net_base2026_jhh_extension,w305981295,Turton Road,corridor_trunk:S5,num_lanes_per_dir;kerbside_use,2.0,1.0,osm,unknown,clearway,imputed_rule,1600,110,1,assumed,0,1,"extension lane take: one lane per direction to the tram, mirroring the as-built corridor. Assumed and swept"
net_base2026_jhh_extension,w315564684,Royal Place,corridor_trunk:S5,kerbside_use,1.0,,osm,unknown,clearway,imputed_rule,1400,110,1,assumed,0,1,"extension kerbside take: the street is already single-lane, so the tram takes the kerbside rather than a running lane. Assumed"
net_base2026_jhh_extension,w31730738,Lambton Road,corridor_trunk:S5,num_lanes_per_dir;kerbside_use,2.0,1.0,osm,unknown,clearway,imputed_rule,1600,110,1,assumed,0,1,"extension lane take: one lane per direction to the tram, mirroring the as-built corridor. Assumed and swept"
net_base2026_jhh_extension,w32656228,Australia Road,corridor_trunk:S5,kerbside_use,1.0,,osm,unknown,clearway,imputed_rule,1000,110,1,assumed,0,1,"extension kerbside take: the street is already single-lane, so the tram takes the kerbside rather than a running lane. Assumed"
net_base2026_jhh_extension,w32656230,Brown Road,corridor_trunk:S5,kerbside_use,1.0,,osm,unknown,clearway,imputed_rule,1000,110,1,assumed,0,1,"extension kerbside take: the street is already single-lane, so the tram takes the kerbside rather than a running lane. Assumed"
net_base2026_jhh_extension,w32656494,Lambton Road,corridor_trunk:S5,num_lanes_per_dir;kerbside_use,2.0,1.0,osm,unknown,clearway,imputed_rule,1600,110,1,assumed,0,1,"extension lane take: one lane per direction to the tram, mirroring the as-built corridor. Assumed and swept"
net_base2026_jhh_extension,w332381293,Bridges Road,corridor_trunk:S5,num_lanes_per_dir;kerbside_use,2.0,1.0,osm,unknown,clearway,imputed_rule,1600,110,1,assumed,0,1,"extension lane take: one lane per direction to the tram, mirroring the as-built corridor. Assumed and swept"
net_base2026_jhh_extension,w332381296,Lambton Road,corridor_trunk:S5,num_lanes_per_dir;kerbside_use,3.0,2.0,osm,unknown,clearway,imputed_rule,1600,110,1,assumed,0,1,"extension lane take: one lane per direction to the tram, mirroring the as-built corridor. Assumed and swept"
net_base2026_jhh_extension,w332381297,Lambton Road,corridor_trunk:S5,num_lanes_per_dir;kerbside_use,2.0,1.0,osm,unknown,clearway,imputed_rule,1600,110,1,assumed,0,1,"extension lane take: one lane per direction to the tram, mirroring the as-built corridor. Assumed and swept"
net_base2026_jhh_extension,w332381298,Lambton Road,corridor_trunk:S5,num_lanes_per_dir;kerbside_use,2.0,1.0,osm,unknown,clearway,imputed_rule,1600,110,1,assumed,0,1,"extension lane take: one lane per direction to the tram, mirroring the as-built corridor. Assumed and swept"
net_base2026_jhh_extension,w332381299,Lambton Road,corridor_trunk:S5,num_lanes_per_dir;kerbside_use,2.0,1.0,osm,unknown,clearway,imputed_rule,1600,110,1,assumed,0,1,"extension lane take: one lane per direction to the tram, mirroring the as-built corridor. Assumed and swept"
net_base2026_jhh_extension,w332381305,Turton Road,corridor_trunk:S5,num_lanes_per_dir;kerbside_use,2.0,1.0,osm,unknown,clearway,imputed_rule,1600,110,1,assumed,0,1,"extension lane take: one lane per direction to the tram, mirroring the as-built corridor. Assumed and swept"
net_base2026_jhh_extension,w367202878,Moira Street,corridor_trunk:S5,kerbside_use,1.0,,imputed_rule,unknown,clearway,imputed_rule,1000,110,1,assumed,0,1,"extension kerbside take: the street is already single-lane, so the tram takes the kerbside rather than a running lane. Assumed"
net_base2026_jhh_extension,w370795956,Lookout Road,corridor_trunk:S5,num_lanes_per_dir;kerbside_use,2.0,1.0,osm,unknown,clearway,imputed_rule,1800,110,1,assumed,0,1,"extension lane take: one lane per direction to the tram, mirroring the as-built corridor. Assumed and swept"
net_base2026_jhh_extension,w378378889,Lambton Road,corridor_trunk:S5,num_lanes_per_dir;kerbside_use,2.0,1.0,osm,unknown,clearway,imputed_rule,1600,110,1,assumed,0,1,"extension lane take: one lane per direction to the tram, mirroring the as-built corridor. Assumed and swept"
net_base2026_jhh_extension,w378378890,Lambton Road,corridor_trunk:S5,num_lanes_per_dir;kerbside_use,3.0,2.0,osm,unknown,clearway,imputed_rule,1600,110,1,assumed,0,1,"extension lane take: one lane per direction to the tram, mirroring the as-built corridor. Assumed and swept"
net_base2026_jhh_extension,w410266299,Brunker Road,corridor_trunk:S4;corridor_trunk:S5,kerbside_use,1.0,,osm,unknown,clearway,imputed_rule,1400,110,1,assumed,0,1,"extension kerbside take: the street is already single-lane, so the tram takes the kerbside rather than a running lane. Assumed"
net_base2026_jhh_extension,w415483052,Lookout Road,corridor_trunk:S5,num_lanes_per_dir;kerbside_use,2.0,1.0,osm,unknown,clearway,imputed_rule,1800,110,1,assumed,0,1,"extension lane take: one lane per direction to the tram, mirroring the as-built corridor. Assumed and swept"
net_base2026_jhh_extension,w419704054,Lookout Road,corridor_trunk:S5,num_lanes_per_dir;kerbside_use,4.0,3.0,osm,unknown,clearway,imputed_rule,1800,110,1,assumed,0,1,"extension lane take: one lane per direction to the tram, mirroring the as-built corridor. Assumed and swept"
net_base2026_jhh_extension,w419705392,Lookout Road,corridor_trunk:S5,num_lanes_per_dir;kerbside_use,2.0,1.0,osm,unknown,clearway,imputed_rule,1800,110,1,assumed,0,1,"extension lane take: one lane per direction to the tram, mirroring the as-built corridor. Assumed and swept"
net_base2026_jhh_extension,w419705393,Lookout Road,corridor_trunk:S5,num_lanes_per_dir;kerbside_use,4.0,3.0,osm,unknown,clearway,imputed_rule,1800,110,1,assumed,0,1,"extension lane take: one lane per direction to the tram, mirroring the as-built corridor. Assumed and swept"
net_base2026_jhh_extension,w448302144,Lookout Road,corridor_trunk:S5,num_lanes_per_dir;kerbside_use,2.0,1.0,osm,unknown,clearway,imputed_rule,1800,110,1,assumed,0,1,"extension lane take: one lane per direction to the tram, mirroring the as-built corridor. Assumed and swept"
net_base2026_jhh_extension,w449023639,Lookout Road,corridor_trunk:S5,num_lanes_per_dir;kerbside_use,3.0,2.0,osm,unknown,clearway,imputed_rule,1800,110,1,assumed,0,1,"extension lane take: one lane per direction to the tram, mirroring the as-built corridor. Assumed and swept"
net_base2026_jhh_extension,w46353789,Kookaburra Circuit,corridor_trunk:S5,kerbside_use,1.0,,imputed_rule,unknown,clearway,imputed_rule,1000,110,1,assumed,0,1,"extension kerbside take: the street is already single-lane, so the tram takes the kerbside rather than a running lane. Assumed"
net_base2026_jhh_extension,w490457968,Turton Road,corridor_trunk:S5,num_lanes_per_dir;kerbside_use,3.0,2.0,osm,unknown,clearway,imputed_rule,1600,110,1,assumed,0,1,"extension lane take: one lane per direction to the tram, mirroring the as-built corridor. Assumed and swept"
net_base2026_jhh_extension,w490457969,Bridges Road,corridor_trunk:S5,num_lanes_per_dir;kerbside_use,2.0,1.0,osm,unknown,clearway,imputed_rule,1600,110,1,assumed,0,1,"extension lane take: one lane per direction to the tram, mirroring the as-built corridor. Assumed and swept"
net_base2026_jhh_extension,w569800607,Belford Street,corridor_trunk:S4;corridor_trunk:S5,num_lanes_per_dir;kerbside_use,3.0,2.0,osm,unknown,clearway,imputed_rule,1600,110,1,assumed,0,1,"extension lane take: one lane per direction to the tram, mirroring the as-built corridor. Assumed and swept"
net_base2026_jhh_extension,w569800608,Lambton Road,corridor_trunk:S4;corridor_trunk:S5,num_lanes_per_dir;kerbside_use,4.0,3.0,osm,unknown,clearway,imputed_rule,1600,110,1,assumed,0,1,"extension lane take: one lane per direction to the tram, mirroring the as-built corridor. Assumed and swept"
net_base2026_jhh_extension,w569800609,Chatham Street,corridor_trunk:S4;corridor_trunk:S5,kerbside_use,1.0,,osm,unknown,clearway,imputed_rule,1400,110,1,assumed,0,1,"extension kerbside take: the street is already single-lane, so the tram takes the kerbside rather than a running lane. Assumed"
net_base2026_jhh_extension,w569800610,Brunker Road,corridor_trunk:S4;corridor_trunk:S5,num_lanes_per_dir;kerbside_use,2.0,1.0,osm,unknown,clearway,imputed_rule,1400,110,1,assumed,0,1,"extension lane take: one lane per direction to the tram, mirroring the as-built corridor. Assumed and swept"
net_base2026_jhh_extension,w569800611,Lambton Road,corridor_trunk:S4;corridor_trunk:S5,num_lanes_per_dir;kerbside_use,2.0,1.0,osm,unknown,clearway,imputed_rule,1600,110,1,assumed,0,1,"extension lane take: one lane per direction to the tram, mirroring the as-built corridor. Assumed and swept"
net_base2026_jhh_extension,w570218656,Russell Road,corridor_trunk:S5,kerbside_use,1.0,,osm,unknown,clearway,imputed_rule,1600,110,1,assumed,0,1,"extension kerbside take: the street is already single-lane, so the tram takes the kerbside rather than a running lane. Assumed"
net_base2026_jhh_extension,w573325148,Curley Road,corridor_trunk:S5,kerbside_use,1.0,,osm,unknown,clearway,imputed_rule,1200,110,1,assumed,0,1,"extension kerbside take: the street is already single-lane, so the tram takes the kerbside rather than a running lane. Assumed"
net_base2026_jhh_extension,w573325149,Lambton Road,corridor_trunk:S5,num_lanes_per_dir;kerbside_use,3.0,2.0,osm,unknown,clearway,imputed_rule,1600,110,1,assumed,0,1,"extension lane take: one lane per direction to the tram, mirroring the as-built corridor. Assumed and swept"
net_base2026_jhh_extension,w573325151,Lambton Road,corridor_trunk:S5,num_lanes_per_dir;kerbside_use,3.0,2.0,osm,unknown,clearway,imputed_rule,1600,110,1,assumed,0,1,"extension lane take: one lane per direction to the tram, mirroring the as-built corridor. Assumed and swept"
net_base2026_jhh_extension,w573325152,Lambton Road,corridor_trunk:S5,num_lanes_per_dir;kerbside_use,2.0,1.0,osm,unknown,clearway,imputed_rule,1600,110,1,assumed,0,1,"extension lane take: one lane per direction to the tram, mirroring the as-built corridor. Assumed and swept"
net_base2026_jhh_extension,w573325162,Lambton Road,corridor_trunk:S5,num_lanes_per_dir;kerbside_use,3.0,2.0,osm,unknown,clearway,imputed_rule,1600,110,1,assumed,0,1,"extension lane take: one lane per direction to the tram, mirroring the as-built corridor. Assumed and swept"
net_base2026_jhh_extension,w576485687,Lookout Road,corridor_trunk:S5,num_lanes_per_dir;kerbside_use,2.0,1.0,osm,unknown,clearway,imputed_rule,1800,110,1,assumed,0,1,"extension lane take: one lane per direction to the tram, mirroring the as-built corridor. Assumed and swept"
net_base2026_jhh_extension,w576485689,Lookout Road,corridor_trunk:S5,num_lanes_per_dir;kerbside_use,2.0,1.0,osm,unknown,clearway,imputed_rule,1800,110,1,assumed,0,1,"extension lane take: one lane per direction to the tram, mirroring the as-built corridor. Assumed and swept"
net_base2026_jhh_extension,w576486210,Lookout Road,corridor_trunk:S5,num_lanes_per_dir;kerbside_use,2.0,1.0,osm,unknown,clearway,imputed_rule,1800,110,1,assumed,0,1,"extension lane take: one lane per direction to the tram, mirroring the as-built corridor. Assumed and swept"
net_base2026_jhh_extension,w607730836,Royal Street,corridor_trunk:S5,kerbside_use,1.0,,osm,unknown,clearway,imputed_rule,1400,110,1,assumed,0,1,"extension kerbside take: the street is already single-lane, so the tram takes the kerbside rather than a running lane. Assumed"
net_base2026_jhh_extension,w688558133,Belford Street,corridor_trunk:S4;corridor_trunk:S5,num_lanes_per_dir;kerbside_use,3.0,2.0,osm,unknown,clearway,imputed_rule,1600,110,1,assumed,0,1,"extension lane take: one lane per direction to the tram, mirroring the as-built corridor. Assumed and swept"
net_base2026_jhh_extension,w688558134,Lambton Road,corridor_trunk:S5,num_lanes_per_dir;kerbside_use,3.0,2.0,osm,unknown,clearway,imputed_rule,1600,110,1,assumed,0,1,"extension lane take: one lane per direction to the tram, mirroring the as-built corridor. Assumed and swept"
net_base2026_jhh_extension,w688558135,Lambton Road,corridor_trunk:S5,num_lanes_per_dir;kerbside_use,4.0,3.0,osm,unknown,clearway,imputed_rule,1600,110,1,assumed,0,1,"extension lane take: one lane per direction to the tram, mirroring the as-built corridor. Assumed and swept"
net_base2026_jhh_extension,w688558136,Lambton Road,corridor_trunk:S5,num_lanes_per_dir;kerbside_use,4.0,3.0,osm,unknown,clearway,imputed_rule,1600,110,1,assumed,0,1,"extension lane take: one lane per direction to the tram, mirroring the as-built corridor. Assumed and swept"
net_base2026_jhh_extension,w688558137,Lambton Road,corridor_trunk:S5,num_lanes_per_dir;kerbside_use,3.0,2.0,osm,unknown,clearway,imputed_rule,1600,110,1,assumed,0,1,"extension lane take: one lane per direction to the tram, mirroring the as-built corridor. Assumed and swept"
net_base2026_jhh_extension,w688558138,Lambton Road,corridor_trunk:S5,num_lanes_per_dir;kerbside_use,2.0,1.0,osm,unknown,clearway,imputed_rule,1600,110,1,assumed,0,1,"extension lane take: one lane per direction to the tram, mirroring the as-built corridor. Assumed and swept"
net_base2026_jhh_extension,w688558139,Lambton Road,corridor_trunk:S5,num_lanes_per_dir;kerbside_use,3.0,2.0,osm,unknown,clearway,imputed_rule,1600,110,1,assumed,0,1,"extension lane take: one lane per direction to the tram, mirroring the as-built corridor. Assumed and swept"
net_base2026_jhh_extension,w688558140,Lambton Road,corridor_trunk:S5,num_lanes_per_dir;kerbside_use,3.0,2.0,osm,unknown,clearway,imputed_rule,1600,110,1,assumed,0,1,"extension lane take: one lane per direction to the tram, mirroring the as-built corridor. Assumed and swept"
net_base2026_jhh_extension,w688558141,Lambton Road,corridor_trunk:S5,num_lanes_per_dir;kerbside_use,3.0,2.0,osm,unknown,clearway,imputed_rule,1600,110,1,assumed,0,1,"extension lane take: one lane per direction to the tram, mirroring the as-built corridor. Assumed and swept"
net_base2026_jhh_extension,w688558142,Lambton Road,corridor_trunk:S5,num_lanes_per_dir;kerbside_use,2.0,1.0,osm,unknown,clearway,imputed_rule,1600,110,1,assumed,0,1,"extension lane take: one lane per direction to the tram, mirroring the as-built corridor. Assumed and swept"
net_base2026_jhh_extension,w688558143,Lambton Road,corridor_trunk:S5,num_lanes_per_dir;kerbside_use,2.0,1.0,osm,unknown,clearway,imputed_rule,1600,110,1,assumed,0,1,"extension lane take: one lane per direction to the tram, mirroring the as-built corridor. Assumed and swept"
net_base2026_jhh_extension,w688558144,Lambton Road,corridor_trunk:S5,num_lanes_per_dir;kerbside_use,3.0,2.0,osm,unknown,clearway,imputed_rule,1600,110,1,assumed,0,1,"extension lane take: one lane per direction to the tram, mirroring the as-built corridor. Assumed and swept"
net_base2026_jhh_extension,w688558145,Lambton Road,corridor_trunk:S5,num_lanes_per_dir;kerbside_use,3.0,2.0,osm,unknown,clearway,imputed_rule,1600,110,1,assumed,0,1,"extension lane take: one lane per direction to the tram, mirroring the as-built corridor. Assumed and swept"
net_base2026_jhh_extension,w688558146,Lambton Road,corridor_trunk:S5,num_lanes_per_dir;kerbside_use,2.0,1.0,osm,unknown,clearway,imputed_rule,1600,110,1,assumed,0,1,"extension lane take: one lane per direction to the tram, mirroring the as-built corridor. Assumed and swept"
net_base2026_jhh_extension,w688558147,Lambton Road,corridor_trunk:S5,num_lanes_per_dir;kerbside_use,2.0,1.0,osm,unknown,clearway,imputed_rule,1600,110,1,assumed,0,1,"extension lane take: one lane per direction to the tram, mirroring the as-built corridor. Assumed and swept"
net_base2026_jhh_extension,w688558150,Lambton Road,corridor_trunk:S5,num_lanes_per_dir;kerbside_use,3.0,2.0,osm,unknown,clearway,imputed_rule,1600,110,1,assumed,0,1,"extension lane take: one lane per direction to the tram, mirroring the as-built corridor. Assumed and swept"
net_base2026_jhh_extension,w688558151,Lambton Road,corridor_trunk:S5,num_lanes_per_dir;kerbside_use,3.0,2.0,osm,unknown,clearway,imputed_rule,1600,110,1,assumed,0,1,"extension lane take: one lane per direction to the tram, mirroring the as-built corridor. Assumed and swept"
net_base2026_jhh_extension,w688558152,Lambton Road,corridor_trunk:S5,num_lanes_per_dir;kerbside_use,2.0,1.0,osm,unknown,clearway,imputed_rule,1600,110,1,assumed,0,1,"extension lane take: one lane per direction to the tram, mirroring the as-built corridor. Assumed and swept"
net_base2026_jhh_extension,w688558153,Lambton Road,corridor_trunk:S5,num_lanes_per_dir;kerbside_use,4.0,3.0,osm,unknown,clearway,imputed_rule,1600,110,1,assumed,0,1,"extension lane take: one lane per direction to the tram, mirroring the as-built corridor. Assumed and swept"
net_base2026_jhh_extension,w688558154,Lambton Road,corridor_trunk:S5,num_lanes_per_dir;kerbside_use,3.0,2.0,osm,unknown,clearway,imputed_rule,1600,110,1,assumed,0,1,"extension lane take: one lane per direction to the tram, mirroring the as-built corridor. Assumed and swept"
net_base2026_jhh_extension,w688558156,Lambton Road,corridor_trunk:S5,num_lanes_per_dir;kerbside_use,3.0,2.0,osm,unknown,clearway,imputed_rule,1600,110,1,assumed,0,1,"extension lane take: one lane per direction to the tram, mirroring the as-built corridor. Assumed and swept"
net_base2026_jhh_extension,w688558161,Lambton Road,corridor_trunk:S5,num_lanes_per_dir;kerbside_use,2.0,1.0,osm,unknown,clearway,imputed_rule,1600,110,1,assumed,0,1,"extension lane take: one lane per direction to the tram, mirroring the as-built corridor. Assumed and swept"
net_base2026_jhh_extension,w688558165,Lambton Road,corridor_trunk:S5,num_lanes_per_dir;kerbside_use,2.0,1.0,osm,unknown,clearway,imputed_rule,1600,110,1,assumed,0,1,"extension lane take: one lane per direction to the tram, mirroring the as-built corridor. Assumed and swept"
net_base2026_jhh_extension,w688558168,Brown Road,corridor_trunk:S5,kerbside_use,1.0,,osm,unknown,clearway,imputed_rule,1000,110,1,assumed,0,1,"extension kerbside take: the street is already single-lane, so the tram takes the kerbside rather than a running lane. Assumed"
net_base2026_jhh_extension,w688558171,Lambton Road,corridor_trunk:S4;corridor_trunk:S5,num_lanes_per_dir;kerbside_use,2.0,1.0,osm,unknown,clearway,imputed_rule,1600,110,1,assumed,0,1,"extension lane take: one lane per direction to the tram, mirroring the as-built corridor. Assumed and swept"
net_base2026_jhh_extension,w688558175,Brunker Road,corridor_trunk:S4;corridor_trunk:S5,kerbside_use,1.0,,imputed_rule,unknown,clearway,imputed_rule,1400,110,1,assumed,0,1,"extension kerbside take: the street is already single-lane, so the tram takes the kerbside rather than a running lane. Assumed"
net_base2026_jhh_extension,w688558178,Lambton Road,corridor_trunk:S4;corridor_trunk:S5,num_lanes_per_dir;kerbside_use,3.0,2.0,osm,unknown,clearway,imputed_rule,1600,110,1,assumed,0,1,"extension lane take: one lane per direction to the tram, mirroring the as-built corridor. Assumed and swept"
net_base2026_jhh_extension,w688558180,Lambton Road,corridor_trunk:S4;corridor_trunk:S5,num_lanes_per_dir;kerbside_use,3.0,2.0,osm,unknown,clearway,imputed_rule,1600,110,1,assumed,0,1,"extension lane take: one lane per direction to the tram, mirroring the as-built corridor. Assumed and swept"
net_base2026_jhh_extension,w688558181,Belford Street,corridor_trunk:S4;corridor_trunk:S5,num_lanes_per_dir;kerbside_use,3.0,2.0,osm,unknown,clearway,imputed_rule,1600,110,1,assumed,0,1,"extension lane take: one lane per direction to the tram, mirroring the as-built corridor. Assumed and swept"
net_base2026_jhh_extension,w688558184,Belford Street,corridor_trunk:S4;corridor_trunk:S5,num_lanes_per_dir;kerbside_use,3.0,2.0,osm,unknown,clearway,imputed_rule,1600,110,1,assumed,0,1,"extension lane take: one lane per direction to the tram, mirroring the as-built corridor. Assumed and swept"
net_base2026_jhh_extension,w688568564,Lambton Road,corridor_trunk:S5,num_lanes_per_dir;kerbside_use,3.0,2.0,osm,unknown,clearway,imputed_rule,1600,110,1,assumed,0,1,"extension lane take: one lane per direction to the tram, mirroring the as-built corridor. Assumed and swept"
net_base2026_jhh_extension,w688596911,Jacaranda Drive,corridor_trunk:S5,kerbside_use,1.0,,imputed_rule,unknown,clearway,imputed_rule,1000,110,1,assumed,0,1,"extension kerbside take: the street is already single-lane, so the tram takes the kerbside rather than a running lane. Assumed"
net_base2026_jhh_extension,w688596912,Jacaranda Drive,corridor_trunk:S5,kerbside_use,1.0,,osm,unknown,clearway,imputed_rule,1000,110,1,assumed,0,1,"extension kerbside take: the street is already single-lane, so the tram takes the kerbside rather than a running lane. Assumed"
net_base2026_jhh_extension,w688596914,Russell Road,corridor_trunk:S5,kerbside_use,1.0,,osm,unknown,clearway,imputed_rule,1600,110,1,assumed,0,1,"extension kerbside take: the street is already single-lane, so the tram takes the kerbside rather than a running lane. Assumed"
net_base2026_jhh_extension,w688596915,Russell Road,corridor_trunk:S5,num_lanes_per_dir;kerbside_use,1.5,1.0,osm,unknown,clearway,imputed_rule,1600,110,1,assumed,0,1,"extension lane take: one lane per direction to the tram, mirroring the as-built corridor. Assumed and swept"
net_base2026_jhh_extension,w688596916,Russell Road,corridor_trunk:S5,num_lanes_per_dir;kerbside_use,2.0,1.0,imputed_rule,unknown,clearway,imputed_rule,1600,110,1,assumed,0,1,"extension lane take: one lane per direction to the tram, mirroring the as-built corridor. Assumed and swept"
net_base2026_jhh_extension,w688596926,Lookout Road,corridor_trunk:S5,num_lanes_per_dir;kerbside_use,3.0,2.0,osm,unknown,clearway,imputed_rule,1800,110,1,assumed,0,1,"extension lane take: one lane per direction to the tram, mirroring the as-built corridor. Assumed and swept"
net_base2026_jhh_extension,w688596927,Lookout Road,corridor_trunk:S5,num_lanes_per_dir;kerbside_use,3.0,2.0,osm,unknown,clearway,imputed_rule,1800,110,1,assumed,0,1,"extension lane take: one lane per direction to the tram, mirroring the as-built corridor. Assumed and swept"
net_base2026_jhh_extension,w688596929,Lookout Road,corridor_trunk:S5,num_lanes_per_dir;kerbside_use,3.0,2.0,osm,unknown,clearway,imputed_rule,1800,110,1,assumed,0,1,"extension lane take: one lane per direction to the tram, mirroring the as-built corridor. Assumed and swept"
net_base2026_jhh_extension,w688596930,Lookout Road,corridor_trunk:S5,num_lanes_per_dir;kerbside_use,3.0,2.0,osm,unknown,clearway,imputed_rule,1800,110,1,assumed,0,1,"extension lane take: one lane per direction to the tram, mirroring the as-built corridor. Assumed and swept"
net_base2026_jhh_extension,w750042865,Lambton Road,corridor_trunk:S5,num_lanes_per_dir;kerbside_use,2.0,1.0,osm,unknown,clearway,imputed_rule,1600,110,1,assumed,0,1,"extension lane take: one lane per direction to the tram, mirroring the as-built corridor. Assumed and swept"
net_base2026_jhh_extension,w750042866,Lambton Road,corridor_trunk:S5,num_lanes_per_dir;kerbside_use,2.0,1.0,osm,unknown,clearway,imputed_rule,1600,110,1,assumed,0,1,"extension lane take: one lane per direction to the tram, mirroring the as-built corridor. Assumed and swept"
net_base2026_jhh_extension,w750042867,Lambton Road,corridor_trunk:S5,num_lanes_per_dir;kerbside_use,2.0,1.0,osm,unknown,clearway,imputed_rule,1600,110,1,assumed,0,1,"extension lane take: one lane per direction to the tram, mirroring the as-built corridor. Assumed and swept"
net_base2026_jhh_extension,w750047501,Lambton Road,corridor_trunk:S5,num_lanes_per_dir;kerbside_use,3.0,2.0,osm,unknown,clearway,imputed_rule,1600,110,1,assumed,0,1,"extension lane take: one lane per direction to the tram, mirroring the as-built corridor. Assumed and swept"
net_base2026_jhh_extension,w784818800,Turton Road,corridor_trunk:S5,num_lanes_per_dir;kerbside_use,2.0,1.0,osm,unknown,clearway,imputed_rule,1600,110,1,assumed,0,1,"extension lane take: one lane per direction to the tram, mirroring the as-built corridor. Assumed and swept"
net_base2026_jhh_extension,w784818802,Bridges Road,corridor_trunk:S5,num_lanes_per_dir;kerbside_use,2.0,1.0,osm,unknown,clearway,imputed_rule,1600,110,1,assumed,0,1,"extension lane take: one lane per direction to the tram, mirroring the as-built corridor. Assumed and swept"
net_base2026_jhh_extension,w786249987,Lambton Road,corridor_trunk:S4;corridor_trunk:S5,num_lanes_per_dir;kerbside_use,4.0,3.0,osm,unknown,clearway,imputed_rule,1600,110,1,assumed,0,1,"extension lane take: one lane per direction to the tram, mirroring the as-built corridor. Assumed and swept"
net_base2026_jhh_extension,w786249988,Chatham Street,corridor_trunk:S4;corridor_trunk:S5,kerbside_use,1.0,,osm,unknown,clearway,imputed_rule,1200,110,1,assumed,0,1,"extension kerbside take: the street is already single-lane, so the tram takes the kerbside rather than a running lane. Assumed"
net_base2026_jhh_extension,w786249989,Belford Street,corridor_trunk:S4;corridor_trunk:S5,num_lanes_per_dir;kerbside_use,3.0,2.0,osm,unknown,clearway,imputed_rule,1600,110,1,assumed,0,1,"extension lane take: one lane per direction to the tram, mirroring the as-built corridor. Assumed and swept"
net_base2026_jhh_extension,w786249990,Brunker Road,corridor_trunk:S4;corridor_trunk:S5,kerbside_use,1.0,,imputed_rule,unknown,clearway,imputed_rule,1400,110,1,assumed,0,1,"extension kerbside take: the street is already single-lane, so the tram takes the kerbside rather than a running lane. Assumed"
net_base2026_jhh_extension,w791465726,Croudace Street,corridor_trunk:S5,num_lanes_per_dir;kerbside_use,2.0,1.0,osm,unknown,clearway,imputed_rule,1800,110,1,assumed,0,1,"extension lane take: one lane per direction to the tram, mirroring the as-built corridor. Assumed and swept"
net_base2026_jhh_extension,w791465727,Lookout Road,corridor_trunk:S5,num_lanes_per_dir;kerbside_use,2.0,1.0,osm,unknown,clearway,imputed_rule,1800,110,1,assumed,0,1,"extension lane take: one lane per direction to the tram, mirroring the as-built corridor. Assumed and swept"
net_base2026_jhh_extension,w820335933,Kookaburra Circuit,corridor_trunk:S5,kerbside_use,1.0,,imputed_rule,unknown,clearway,imputed_rule,1000,110,1,assumed,0,1,"extension kerbside take: the street is already single-lane, so the tram takes the kerbside rather than a running lane. Assumed"
net_base2026_jhh_extension,w820335947,Kookaburra Circuit,corridor_trunk:S5,kerbside_use,1.0,,imputed_rule,unknown,clearway,imputed_rule,1000,110,1,assumed,0,1,"extension kerbside take: the street is already single-lane, so the tram takes the kerbside rather than a running lane. Assumed"
net_base2026_jhh_extension,w883623375,Lambton Road,corridor_trunk:S5,num_lanes_per_dir;kerbside_use,3.0,2.0,osm,unknown,clearway,imputed_rule,1600,110,1,assumed,0,1,"extension lane take: one lane per direction to the tram, mirroring the as-built corridor. Assumed and swept"
net_base2026_jhh_extension,w888013810,Lambton Road,corridor_trunk:S5,num_lanes_per_dir;kerbside_use,2.0,1.0,osm,unknown,clearway,imputed_rule,1600,110,1,assumed,0,1,"extension lane take: one lane per direction to the tram, mirroring the as-built corridor. Assumed and swept"
net_base2026_jhh_extension,w888013811,Lambton Road,corridor_trunk:S5,num_lanes_per_dir;kerbside_use,2.0,1.0,osm,unknown,clearway,imputed_rule,1600,110,1,assumed,0,1,"extension lane take: one lane per direction to the tram, mirroring the as-built corridor. Assumed and swept"
net_base2026_jhh_extension,w888013812,Lambton Road,corridor_trunk:S5,num_lanes_per_dir;kerbside_use,2.0,1.0,osm,unknown,clearway,imputed_rule,1600,110,1,assumed,0,1,"extension lane take: one lane per direction to the tram, mirroring the as-built corridor. Assumed and swept"
