rel_id,restriction,from_way,via_member,to_way,lat,lon,located_by,source,dist_to_base2026_m,dist_to_S2c_m,dist_to_S4_m,dist_to_S5_m,corridor_flag
13424022,no_u_turn,190524730,630409402,880437935,-32.9269158,151.772968,via_way,osm,4.2,197.2,4.2,4.2,1
12256913,unspecified,630409399,5952824128,1224930744,-32.9273483,151.7857851,via_node,osm,4.5,94.1,4.5,4.5,1
17719842,no_u_turn,1224930742,32776792,1224930744,-32.9273316,151.7857903,via_way,osm,4.8,93.4,4.8,4.8,1
17719843,no_u_turn,654397477,32776792,902502665,-32.9273316,151.7857903,via_way,osm,4.8,93.4,4.8,4.8,1
17719844,no_u_turn,902502665,10167781787,654397477,-32.9274436,151.7863303,via_node,osm,6.7,43.0,6.7,6.7,1
11974215,no_right_turn,415393719,355022066,880437940,-32.9267768,151.7747872,via_node,osm,7.9,166.7,7.9,7.9,1
11974216,no_left_turn,880437939,355022066,880437940,-32.9267768,151.7747872,via_node,osm,7.9,166.7,7.9,7.9,1
11974218,no_right_turn,880437939,355022066,190524730,-32.9267768,151.7747872,via_node,osm,7.9,166.7,7.9,7.9,1
13424021,no_right_turn,1320077081,5952824097,630409402,-32.9268365,151.7729568,via_node,osm,8.4,188.5,8.4,8.4,1
14317931,no_u_turn,327722943,9239464135,380459178,-32.9258523,151.7643138,via_node,osm,25.8,152.9,25.8,25.8,1
8096987,no_u_turn,291699372,2951675354,291699371,-32.9264028,151.7729993,via_node,osm,54.6,140.4,54.6,54.6,0
11845455,only_left_turn,827806695,186656694,867849754,-32.9270306,151.7767561,via_node,osm,59.7,173.2,59.7,59.7,0
17080587,no_right_turn,891085244,5987391092,1000972294,-32.9255359,151.764442,via_node,osm,62.8,116.8,62.8,62.8,0
14317932,no_u_turn,380459178,1848213216,327722943,-32.9267542,151.764048,via_node,osm,76.4,254.2,76.4,76.4,0
13420731,no_u_turn,415482986,1847056835,676281537,-32.9274329,151.7672817,via_node,osm,78.4,301.8,78.4,78.4,0
8172014,no_u_turn,1324584330,3505881,1324584328,-32.9252057,151.7594345,via_way,osm,84.9,122.6,11.0,11.0,0
8172016,no_u_turn,1324848032,3505881,1324848033,-32.9252057,151.7594345,via_way,osm,84.9,122.6,11.0,11.0,0
8172017,no_right_turn,1324848032,1835178730,3505881,-32.9252057,151.7594345,via_node,osm,84.9,122.6,11.0,11.0,0
8172015,no_right_turn,1324584330,17379901,3505881,-32.9251682,151.7593251,via_node,osm,85.7,119.3,0.0,0.0,0
11974222,only_left_turn,862889476,8038576949,880437943,-32.927619,151.7743479,via_node,osm,94.2,263.0,94.2,94.2,0
11845456,no_straight_on,18055301,186643960,867849757,-32.92723,151.7776037,via_node,osm,96.7,196.9,96.7,96.7,0
10603442,no_u_turn,754126909,355022301,31731535,-32.9261929,151.7849454,via_node,osm,100.0,67.5,100.0,100.0,0
17731798,no_u_turn,862889481,5967791212,862889482,-32.9278113,151.7731523,via_node,osm,101.8,294.3,101.8,101.8,0
14108379,no_u_turn,1057570035,1057570034,1057570033,-32.9236187,151.7603206,via_way,osm,109.2,59.7,109.2,109.2,0
8116824,no_right_turn,508425383,17379913,380459181,-32.9262419,151.7615893,via_node,osm,111.5,218.5,111.5,111.5,0
8116825,only_left_turn,380459181,17379913,508425383,-32.9262419,151.7615893,via_node,osm,111.5,218.5,111.5,111.5,0
10603440,no_u_turn,31731541,355022231,31731539,-32.925938,151.784584,via_node,osm,117.6,38.5,117.6,117.6,0
14108377,no_left_turn,1324848040,1835964489,1324848039,-32.9235961,151.7604916,via_node,osm,118.6,63.7,118.6,118.6,0
8172048,no_u_turn,1057570033,347409332,1057570035,-32.9235961,151.7604916,via_way,osm,118.6,63.7,118.6,118.6,0
14108378,no_u_turn,1057570034,1057570033,347409332,-32.9235398,151.7603731,via_way,osm,119.2,69.0,119.2,119.2,0
17731799,no_u_turn,1144986378,734044960,1293396898,-32.9278816,151.7745242,via_node,osm,124.9,290.4,124.9,124.9,0
11811355,only_left_turn,676281534,8038576927,865288027,-32.9279634,151.7737959,via_node,osm,125.8,305.6,125.9,125.9,0
15475749,no_left_turn,538437625,356990750,1293396898,-32.9279278,151.7741823,via_node,osm,126.3,298.5,126.3,126.3,0
17731800,no_left_turn,863181950,356990750,1324584339,-32.9279278,151.7741823,via_node,osm,126.3,298.5,126.3,126.3,0
11787846,only_left_turn,862889479,8038576958,684683287,-32.9279984,151.7741452,via_node,osm,133.6,306.5,133.6,133.6,0
11787847,only_straight_on,684683287,8038576958,863181950,-32.9279984,151.7741452,via_node,osm,133.6,306.5,133.6,133.6,0
10603441,no_u_turn,31731542,355022318,754126910,-32.9258095,151.7852879,via_node,osm,149.6,27.1,149.6,149.6,0
12022290,only_straight_on,173254594,1840986597,575648842,-32.9244451,151.7571294,via_node,osm,158.5,158.5,0.0,0.0,0
11851468,only_straight_on,868132215,7007863500,902860725,-32.9288564,151.787701,via_node,osm,161.5,161.5,161.5,161.5,0
20286355,no_right_turn,862889474,8038576921,676281534,-32.9283727,151.7739423,via_node,osm,172.4,349.5,172.4,172.4,0
8172304,no_u_turn,575648841,1835178769,72369560,-32.9240626,151.7563122,via_node,osm,228.4,228.4,0.0,0.0,0
8172019,no_u_turn,862909832,575626885,508425394,-32.9272421,151.7608268,via_way,osm,239.0,335.0,239.0,239.0,0
8172020,no_u_turn,1324584334,575626885,1324584332,-32.9272421,151.7608268,via_way,osm,239.0,335.0,239.0,239.0,0
17719845,no_left_turn,532942998,1840986782,1324584332,-32.9273605,151.7607147,via_node,osm,254.6,349.0,254.6,254.6,0
17719846,no_u_turn,508425402,1087917664,1292591716,-32.9260098,151.7570385,via_way,osm,270.4,270.4,164.4,164.4,0
17719847,no_u_turn,326871089,1087917664,172631272,-32.9260098,151.7570385,via_way,osm,270.4,270.4,164.4,164.4,0
8172013,no_u_turn,508425404,419699912,508425410,-32.926673,151.7582857,via_way,osm,277.8,294.2,190.8,190.8,0
8172011,no_u_turn,532949909,508425404,419699912,-32.9266185,151.7581566,via_way,osm,278.1,290.3,188.6,188.6,0
18146891,only_left_turn,47893950,189698998,712318291,-32.922545,151.7562157,via_node,osm,289.4,289.4,164.4,164.4,0
18816782,no_right_turn,47893734,189698998,712318291,-32.922545,151.7562157,via_node,osm,289.4,289.4,164.4,164.4,0
8172010,no_u_turn,419699912,508425410,532949909,-32.9267773,151.7581857,via_way,osm,292.3,307.1,204.5,204.5,0
8172012,no_u_turn,508425410,532949909,508425404,-32.9267289,151.7580377,via_way,osm,294.2,304.5,203.8,203.8,0
17731845,no_u_turn,58797504,575630134,1324859473,-32.9213687,151.7602123,via_way,osm,325.3,306.6,325.3,325.3,0
8172046,no_u_turn,1324859472,575630134,575630130,-32.9213687,151.7602123,via_way,osm,325.3,306.6,325.3,325.3,0
12212209,no_right_turn,173254612,272199171,888333612,-32.9251234,151.7550794,via_node,osm,363.8,363.8,113.9,113.9,0
8117178,no_right_turn,570069741,1840986595,570069737,-32.9242152,151.7543417,via_node,osm,413.0,413.0,0.0,0.0,0
8172022,no_u_turn,569092891,570069741,570069737,-32.9242152,151.7543417,via_way,osm,413.0,413.0,0.0,0.0,0
8172024,no_u_turn,569683791,569092891,570069741,-32.9241358,151.7542005,via_way,osm,425.9,425.9,12.4,12.4,0
8112228,no_right_turn,570069737,1835178765,569683791,-32.924248,151.7542013,via_node,osm,426.3,426.3,0.0,0.0,0
8172023,no_u_turn,570069741,570069737,569683791,-32.924248,151.7542013,via_way,osm,426.3,426.3,0.0,0.0,0
8116664,no_u_turn,261326139,2669590797,261326138,-32.9296378,151.7623677,via_node,osm,429.6,585.9,429.6,429.6,0
8105538,no_right_turn,569683791,174794562,569092891,-32.9241566,151.7540825,via_node,osm,436.9,437.0,14.8,14.8,0
8172021,no_u_turn,570069737,569683791,569092891,-32.9241566,151.7540825,via_way,osm,436.9,437.0,14.8,14.8,0
8116882,no_u_turn,862909825,188512957,508425412,-32.9280175,151.7568593,via_node,osm,472.3,473.9,377.1,377.1,0
3873644,no_right_turn,291701229,2951711951,195910730,-32.9242567,151.790662,via_node,osm,517.8,377.8,517.8,517.8,0
8150826,no_u_turn,570051316,573328863,573328870,-32.9244128,151.7527941,via_way,osm,558.7,558.7,11.3,11.3,0
8150827,no_u_turn,569683792,573328863,573328865,-32.9244128,151.7527941,via_way,osm,558.7,558.7,11.3,11.3,0
12189258,only_left_turn,895380203,8322875524,895380208,-32.9324917,151.7707428,via_node,osm,590.9,829.7,590.8,590.8,0
8112227,no_u_turn,173254610,17379880,31731494,-32.9217308,151.7527792,via_node,osm,614.2,614.2,300.6,300.6,0
3508802,only_left_turn,261326309,186780787,18068521,-32.9328004,151.7655608,via_node,osm,662.1,907.2,662.1,662.1,0
8116881,no_u_turn,573328861,570051317,688558118,-32.9246502,151.7514642,via_way,osm,684.7,684.7,11.8,11.8,0
20059374,no_u_turn,84515003,981900965,1465288989,-32.9202608,151.7669984,via_node,osm,691.8,485.5,691.8,691.8,0
8150825,no_u_turn,573328862,573328861,570051317,-32.9246618,151.751365,via_way,osm,694.1,694.1,11.0,11.0,0
8172305,no_u_turn,173151633,1839787483,18397208,-32.9175881,151.759172,via_node,osm,714.4,714.4,714.4,714.4,0
3508803,only_left_turn,611263057,186780859,261326310,-32.9333592,151.7650435,via_node,osm,738.0,973.0,738.0,738.0,0
8150833,no_right_turn,261325293,1612632843,148163736,-32.9198335,151.7515071,via_node,osm,821.7,821.8,531.5,531.5,0
17719908,no_u_turn,1319724257,508425416,261326389,-32.9305435,151.7543947,via_way,osm,826.2,826.2,682.7,682.7,0
8117177,no_right_turn,508425416,1840986874,173254623,-32.9305435,151.7543947,via_node,osm,826.2,826.2,682.7,682.7,0
12194780,no_right_turn,895812943,8327006533,895812925,-32.9313748,151.753584,via_node,osm,943.8,943.8,756.8,756.8,0
12194781,only_left_turn,895812924,8327006530,895812944,-32.9314758,151.7534869,via_node,osm,958.0,958.0,765.9,765.9,0
11981526,no_right_turn,773876574,1835184020,881195486,-32.9185912,151.7505305,via_node,osm,976.6,976.7,659.2,659.2,0
20059372,no_u_turn,413096155,4144245133,413096156,-32.9170126,151.7660985,via_node,osm,992.3,835.5,992.3,992.3,0
20059373,no_u_turn,175704734,4144245130,413096154,-32.9168534,151.7660402,via_node,osm,1006.6,852.5,1006.6,1006.6,0
8116960,no_right_turn,1319724255,1840986894,532943008,-32.9351298,151.7618158,via_node,osm,1021.6,1195.1,1021.6,1021.6,0
17719907,no_u_turn,895812919,8327006516,508425425,-32.9320586,151.7529391,via_node,osm,1039.6,1039.6,819.1,819.1,0
8116961,no_right_turn,1319724254,186780760,398833279,-32.9353005,151.7616603,via_node,osm,1043.9,1215.1,1043.9,1043.9,0
17723636,no_u_turn,688558214,532943028,688558207,-32.9240866,151.7468675,via_way,osm,1110.9,1110.9,0.0,0.0,0
17723637,no_u_turn,688558215,532943028,307584583,-32.9240866,151.7468675,via_way,osm,1110.9,1110.9,0.0,0.0,0
13244979,no_u_turn,508425425,188528141,255347503,-32.9326065,151.7524381,via_node,osm,1115.8,1115.8,872.7,872.7,0
5991861,only_left_turn,398852800,188528141,398852810,-32.9326065,151.7524381,via_node,osm,1115.8,1115.8,872.7,872.7,0
18146890,only_left_turn,1322880343,1843655708,1322384423,-32.9168772,151.7494036,via_node,osm,1179.4,1179.4,826.7,826.7,0
8117182,no_u_turn,243292585,2507215744,243292584,-32.9378383,151.7658463,via_node,osm,1188.2,1459.4,1188.2,1188.3,0
8117181,no_u_turn,243292583,2507215769,243292586,-32.9384414,151.765296,via_node,osm,1264.6,1530.4,1264.6,1264.6,0
17719755,no_u_turn,1324859478,1292584086,1324859479,-32.9126009,151.7584844,via_way,osm,1264.9,1264.9,1264.9,1264.9,0
17719756,no_u_turn,1324859476,1292584086,1324859477,-32.9126009,151.7584844,via_way,osm,1264.9,1264.9,1264.9,1264.9,0
3517392,only_left_turn,173278212,1841234057,703370012,-32.9194135,151.745438,via_node,osm,1345.5,1345.6,484.7,484.7,0
3517401,only_left_turn,261966514,456930146,165819438,-32.9193111,151.7454616,via_node,osm,1347.9,1347.9,496.2,496.2,0
17719815,no_u_turn,688558209,1292587784,307584581,-32.9235563,151.7440482,via_way,osm,1375.4,1375.4,11.1,11.1,0
17719816,no_u_turn,688558204,1292587784,688558198,-32.9235563,151.7440482,via_way,osm,1375.4,1375.4,11.1,11.1,0
8150829,no_u_turn,200702447,272204102,39259458,-32.9278429,151.7441677,via_node,osm,1426.5,1426.5,454.0,454.0,0
5174381,no_right_turn,1324890926,176632833,1322802413,-32.9387529,151.7606237,via_node,osm,1437.3,1603.9,1437.3,1437.3,0
11880428,only_left_turn,870703387,6961664365,870703386,-32.9403716,151.7686438,via_node,osm,1442.1,1714.8,1442.1,1442.1,0
5174382,no_left_turn,1322983859,176632812,347014133,-32.9387158,151.7585443,via_node,osm,1494.7,1617.3,1494.7,1494.7,0
5174383,no_right_turn,398832521,176632812,398832534,-32.9387158,151.7585443,via_node,osm,1494.7,1617.3,1494.7,1494.7,0
12194540,only_left_turn,1322983860,8326749866,18298327,-32.9384825,151.7571323,via_node,osm,1517.0,1603.5,1486.0,1486.0,0
12194541,only_left_turn,895780489,188523436,398832521,-32.9386628,151.757178,via_node,osm,1534.0,1622.9,1505.1,1505.1,0
4107393,only_right_turn,573328880,1835178782,307524785,-32.9237908,151.7418915,via_node,osm,1576.1,1576.1,0.0,0.0,0
8150828,no_u_turn,37031560,573328880,307524785,-32.9237908,151.7418915,via_way,osm,1576.1,1576.1,0.0,0.0,0
8150832,no_u_turn,172631275,573328880,573328884,-32.9237908,151.7418915,via_way,osm,1576.1,1576.1,0.0,0.0,0
17719909,no_u_turn,573328874,8200592543,881807847,-32.9192062,151.7428268,via_node,osm,1581.5,1581.6,472.0,472.0,0
17719910,no_u_turn,881807847,1835204680,573328874,-32.9190089,151.7428689,via_node,osm,1585.4,1585.4,493.8,493.8,0
8150830,no_u_turn,1324584322,881807846,1324584321,-32.9190089,151.7428689,via_way,osm,1585.4,1585.4,493.8,493.8,0
8150831,no_u_turn,703370013,881807846,532942987,-32.9190089,151.7428689,via_way,osm,1585.4,1585.4,493.8,493.8,0
5991671,no_right_turn,1322973030,188528207,398832519,-32.9385881,151.7554287,via_node,osm,1588.5,1637.8,1527.5,1527.5,0
5991672,no_right_turn,380519861,188528207,1322973030,-32.9385881,151.7554287,via_node,osm,1588.5,1637.8,1527.5,1527.5,0
17728447,no_u_turn,410266301,174779097,16861969,-32.9385248,151.7538685,via_node,osm,1636.6,1664.8,1538.7,1538.7,0
8116999,no_right_turn,398832518,174779097,1322973021,-32.9385248,151.7538685,via_node,osm,1636.6,1664.8,1538.7,1538.7,0
8117185,only_left_turn,950665463,176667966,570069762,-32.9379583,151.7497289,via_node,osm,1754.4,1754.5,1465.8,1465.8,0
17918311,no_u_turn,1305659973,1306277815,380459172,-32.9378208,151.7487423,via_way,osm,1787.6,1787.6,1461.9,1461.9,0
17918312,no_u_turn,380459171,1306277815,1305659972,-32.9378208,151.7487423,via_way,osm,1787.6,1787.6,1461.9,1461.9,0
8117184,only_left_turn,17622410,182459172,570069759,-32.9387099,151.749759,via_node,osm,1826.4,1826.4,1548.3,1548.3,0
8173675,no_u_turn,415667085,4166608589,415667084,-32.9072407,151.7591147,via_node,osm,1857.5,1857.5,1857.5,1857.5,0
8112226,no_u_turn,257836322,734827497,24027892,-32.907269,151.7608574,via_node,osm,1864.4,1864.2,1864.4,1864.4,0
8117183,no_u_turn,1305659972,17383176,380459171,-32.938623,151.7476551,via_node,osm,1916.8,1916.8,1566.6,1566.6,0
17719905,no_u_turn,912229858,1835184021,196378249,-32.9098308,151.7460145,via_node,osm,1971.1,1971.1,1535.0,1535.0,0
5174378,no_right_turn,17033103,97638239,10954629,-32.943029,151.7572893,via_node,osm,1983.1,2102.7,1983.1,1983.1,0
5174380,no_right_turn,170833639,97638239,17033103,-32.943029,151.7572893,via_node,osm,1983.1,2102.7,1983.1,1983.1,0
8116959,only_left_turn,1324890923,97638239,10954629,-32.943029,151.7572893,via_node,osm,1983.1,2102.7,1983.1,1983.1,0
17719906,no_u_turn,1016788677,8474224261,912229858,-32.908779,151.7470237,via_node,osm,2012.1,2012.1,1667.2,1667.2,0
11999628,no_left_turn,688558181,4121006090,244672853,-32.9244773,151.7370124,via_node,osm,2032.3,2032.4,0.0,0.0,0
8114718,no_u_turn,569800608,569800609,569800607,-32.9244773,151.7370124,via_way,osm,2032.3,2032.4,0.0,0.0,0
8180641,no_u_turn,710230385,1843088428,912238533,-32.9080527,151.7479339,via_node,osm,2036.3,2036.3,1761.8,1761.8,0
11999629,only_straight_on,569800607,1835178744,688558180,-32.9245293,151.7369269,via_node,osm,2040.5,2040.5,0.0,0.0,0
14227484,no_left_turn,1441529775,1835178744,688558180,-32.9245293,151.7369269,via_node,osm,2040.5,2040.5,0.0,0.0,0
11999630,no_u_turn,569800610,2675933502,569800609,-32.9244251,151.7369134,via_node,osm,2041.5,2041.5,10.9,10.9,0
8114720,no_u_turn,410266299,272244283,25028007,-32.9251189,151.7367857,via_node,osm,2056.4,2056.4,53.5,53.5,0
12390282,no_right_turn,24027885,8481352754,912997419,-32.9073179,151.7481508,via_node,osm,2097.5,2097.5,1845.3,1845.3,0
12390283,no_right_turn,912997406,8481352754,24027885,-32.9073179,151.7481508,via_node,osm,2097.5,2097.5,1845.3,1845.3,0
8173714,no_u_turn,710230346,377717145,59249484,-32.9043421,151.7572491,via_way,osm,2182.2,2182.1,2178.4,2178.4,0
8173715,no_u_turn,710230345,377717145,575708642,-32.9043421,151.7572491,via_way,osm,2182.2,2182.1,2178.4,2178.4,0
8117180,no_u_turn,243416770,771375776,410723464,-32.9457632,151.7588055,via_node,osm,2227.9,2391.0,2227.9,2227.9,0
8150824,no_u_turn,1441524751,272244366,1221729697,-32.9242457,151.7347695,via_node,osm,2241.5,2241.5,0.0,0.0,0
17719751,no_u_turn,1292584083,1087917661,1292584084,-32.9172935,151.7360973,via_way,osm,2244.8,2244.9,759.9,750.2,0
17719752,no_u_turn,1324584320,1087917661,31731493,-32.9172935,151.7360973,via_way,osm,2244.8,2244.9,759.9,750.2,0
8150755,no_u_turn,378378889,337354143,688558165,-32.9239491,151.7322354,via_node,osm,2478.1,2478.2,168.6,0.0,0
12395212,no_u_turn,773873990,287006711,912997423,-32.9044554,151.7457253,via_node,osm,2484.0,2484.0,2118.7,2118.7,0
12395213,no_left_turn,913333992,287006711,913333996,-32.9044554,151.7457253,via_node,osm,2484.0,2484.0,2118.7,2118.7,0
12395215,no_left_turn,913333996,287006711,912997423,-32.9044554,151.7457253,via_node,osm,2484.0,2484.0,2118.7,2118.7,0
12395214,no_right_turn,913333997,287006718,773873991,-32.9044159,151.7457882,via_node,osm,2484.9,2484.9,2123.8,2123.8,0
20357060,no_u_turn,242774380,2502263161,1491181441,-32.9021837,151.765025,via_node,osm,2486.2,2459.0,2486.2,2486.2,0
12395216,no_right_turn,913333995,6676908851,710230329,-32.9040816,151.7459895,via_node,osm,2508.3,2508.3,2162.8,2162.8,0
13312044,no_u_turn,464200338,4123981046,984489042,-32.9479454,151.7568481,via_node,osm,2512.1,2647.7,2512.1,2512.1,0
8150757,no_u_turn,261179745,573325157,1324584317,-32.9165866,151.7322126,via_way,osm,2613.6,2613.6,831.0,786.4,0
8150758,no_u_turn,573325158,573325157,1324584316,-32.9165866,151.7322126,via_way,osm,2613.6,2613.6,831.0,786.4,0
8150751,no_u_turn,332381296,573325148,688558161,-32.9241502,151.7306149,via_way,osm,2629.6,2629.6,320.9,14.3,0
8150752,no_u_turn,573325151,573325148,688558152,-32.9241502,151.7306149,via_way,osm,2629.6,2629.6,320.9,14.3,0
8173660,no_u_turn,53718099,575707630,1324859485,-32.9004868,151.7532166,via_way,osm,2654.7,2654.7,2609.5,2609.5,0
8173661,no_u_turn,575707631,575707630,1324859487,-32.9004868,151.7532166,via_way,osm,2654.7,2654.7,2609.5,2609.5,0
8097987,no_u_turn,385687523,3890240217,385687525,-32.9119481,151.7334033,via_node,osm,2720.2,2720.2,1327.4,1294.8,0
8097988,no_u_turn,385687524,3890240223,385687526,-32.9123636,151.7330937,via_node,osm,2723.3,2723.3,1283.2,1248.8,0
8097989,no_u_turn,175413330,3890240220,385687528,-32.9117612,151.7328557,via_node,osm,2774.9,2774.9,1351.2,1315.6,0
3502675,no_straight_on,173492012,2657201546,260236849,-32.9024337,151.7424469,via_node,osm,2833.3,2833.3,2326.4,2326.4,0
8127595,no_u_turn,569800612,97639802,409004585,-32.9476436,151.7437921,via_node,osm,2960.0,2960.0,2601.0,2601.0,0
10606110,no_u_turn,170545512,764684260,184740433,-32.9152494,151.7256967,via_way,osm,3238.4,3238.4,1237.6,896.6,0
10606109,no_u_turn,764684258,170545512,764684260,-32.9150945,151.7257195,via_way,osm,3241.5,3241.6,1249.6,913.9,0
10606111,no_u_turn,764684260,184740433,764684258,-32.9151912,151.7255642,via_way,osm,3252.1,3252.2,1250.4,901.3,0
10606112,no_u_turn,184740433,764684258,170545512,-32.9150369,151.7255898,via_way,osm,3255.0,3255.1,1262.1,918.5,0
6208941,no_right_turn,410253247,272224405,675793851,-32.9342559,151.7258797,via_node,osm,3272.9,3273.0,1371.4,1182.9,0
6566741,no_right_turn,417741680,272224405,1211512458,-32.9342559,151.7258797,via_node,osm,3272.9,3273.0,1371.4,1182.9,0
10606107,no_u_turn,688597048,39260159,782048687,-32.9130604,151.7261763,via_way,osm,3277.4,3277.4,1409.7,1142.3,0
10606108,no_u_turn,1324599316,39260159,1324599303,-32.9130604,151.7261763,via_way,osm,3277.4,3277.4,1409.7,1142.3,0
8154309,no_u_turn,700122760,573742786,1324599305,-32.9106656,151.7267158,via_way,osm,3339.1,3339.1,1619.5,1411.2,0
8154310,no_u_turn,700122761,573742786,1324599315,-32.9106656,151.7267158,via_way,osm,3339.1,3339.1,1619.5,1411.2,0
8130279,no_u_turn,710230378,287007553,467543848,-32.8989004,151.7386188,via_node,osm,3356.2,3356.2,2744.9,2744.9,0
8154304,no_u_turn,260281408,2657553466,260281406,-32.9027514,151.7311859,via_node,osm,3489.3,3489.3,2357.8,2318.3,0
3866222,no_left_turn,291023335,2944871499,440110601,-32.905893,151.727965,via_node,osm,3507.5,3507.5,2074.5,1949.4,0
8109811,no_right_turn,418259540,2945421270,291093103,-32.9066224,151.7272892,via_node,osm,3514.7,3514.7,2016.0,1861.4,0
8154305,no_u_turn,1324599308,286621732,1324599313,-32.9051062,151.7281943,via_node,osm,3540.7,3540.7,2152.8,2038.5,0
8109815,no_u_turn,768031061,2063025986,260281411,-32.9026347,151.7296469,via_node,osm,3605.3,3605.3,2391.0,2328.1,0
11264583,no_right_turn,739665363,1835184028,822222321,-32.8973601,151.7365103,via_node,osm,3608.3,3608.3,2946.2,2923.2,0
3502663,only_left_turn,260288981,246010651,1324599311,-32.9029511,151.7286945,via_node,osm,3650.4,3650.5,2373.7,2280.9,0
17830738,only_left_turn,1277757217,287012989,710230380,-32.8965607,151.7356646,via_node,osm,3726.1,3726.1,3030.8,3004.2,0
17831320,only_left_turn,1277757218,287012989,418259522,-32.8965607,151.7356646,via_node,osm,3726.1,3726.1,3030.8,3004.2,0
8114721,no_u_turn,580178256,17383284,170833640,-32.9471662,151.7272348,via_node,osm,3899.9,3899.9,2612.7,2577.4,0
8211441,no_u_turn,410591150,580178257,580178256,-32.9479923,151.726725,via_way,osm,3995.9,3995.9,2714.3,2674.2,0
8211442,no_left_turn,410591150,4131271690,580178258,-32.948043,151.7267277,via_node,osm,3999.4,3999.5,2719.6,2679.7,0
10075101,no_straight_on,569038910,1843568982,1330536334,-32.9613357,151.6202258,via_node,osm,inf,inf,inf,inf,0
10075102,no_right_turn,569038910,1843568982,405516638,-32.9613357,151.6202258,via_node,osm,inf,inf,inf,inf,0
10075103,no_straight_on,1330536334,1843568982,569038910,-32.9613357,151.6202258,via_node,osm,inf,inf,inf,inf,0
10075104,no_right_turn,1330536334,1843568982,569038911,-32.9613357,151.6202258,via_node,osm,inf,inf,inf,inf,0
10111086,no_u_turn,731235026,415483038,415483032,-32.9387155,151.7121327,via_way,osm,inf,inf,2618.5,1709.1,0
10252006,no_right_turn,741483140,6941617745,31313111,-33.1884138,151.5576929,via_node,osm,inf,inf,inf,inf,0
10252007,no_left_turn,741483142,61749562,31313111,-33.18862,151.5575813,via_node,osm,inf,inf,inf,inf,0
10256605,no_straight_on,741892910,6945167202,741892912,-33.1066877,151.4881216,via_node,osm,inf,inf,inf,inf,0
10288863,only_straight_on,744569746,6968586143,744569725,-33.2424556,151.460869,via_node,osm,inf,inf,inf,inf,0
10288864,only_straight_on,744569725,6968586143,172513775,-33.2424556,151.460869,via_node,osm,inf,inf,inf,inf,0
10288865,only_left_turn,829198326,6562821114,744569731,-33.2382911,151.4604393,via_node,osm,inf,inf,inf,inf,0
10288866,only_straight_on,744569731,6562821114,832627628,-33.2382911,151.4604393,via_node,osm,inf,inf,inf,inf,0
10288867,only_straight_on,829198324,6562821153,751265722,-33.2399077,151.4611721,via_node,osm,inf,inf,inf,inf,0
10288868,only_straight_on,751265722,6562821153,744569730,-33.2399077,151.4611721,via_node,osm,inf,inf,inf,inf,0
10288869,no_left_turn,832627638,6562821086,744569744,-33.2427493,151.4630415,via_node,osm,inf,inf,inf,inf,0
10288870,no_u_turn,744569747,698880282,744569743,-33.2427493,151.4630415,via_way,osm,inf,inf,inf,inf,0
10292092,only_left_turn,744822109,6970835270,744822115,-32.8005025,151.6587167,via_node,osm,inf,inf,inf,inf,0
10292093,no_right_turn,744822111,2445142211,744822110,-32.8003976,151.658854,via_node,osm,inf,inf,inf,inf,0
10296134,no_left_turn,782520902,1842536848,31019998,-32.7600486,151.5935278,via_node,osm,inf,inf,inf,inf,0
10296135,no_left_turn,509873300,1842536846,509873295,-32.7599479,151.5936571,via_node,osm,inf,inf,inf,inf,0
10296136,no_left_turn,509873302,1842536911,1524318971,-32.7599745,151.5934474,via_node,osm,inf,inf,inf,inf,0
10296137,no_u_turn,570063262,576480189,576480190,-32.7599479,151.5936571,via_way,osm,inf,inf,inf,inf,0
10298500,only_straight_on,185906227,1839435481,745483222,-32.7895422,151.6286382,via_node,osm,inf,inf,inf,inf,0
10298687,no_u_turn,769046290,6978391662,745500373,-32.8142284,151.6340053,via_node,osm,inf,inf,inf,inf,0
10298689,only_left_turn,745500392,6978391679,443341901,-32.8122662,151.6351012,via_node,osm,inf,inf,inf,inf,0
10298690,only_left_turn,443341901,6978391679,745500389,-32.8122662,151.6351012,via_node,osm,inf,inf,inf,inf,0
10298691,no_u_turn,745500375,745500384,745500395,-32.8136861,151.6356638,via_way,osm,inf,inf,inf,inf,0
10298692,no_u_turn,745500384,745500395,745500396,-32.8137476,151.6354925,via_way,osm,inf,inf,inf,inf,0
10298693,no_u_turn,745500396,745500375,745500384,-32.813558,151.6356346,via_way,osm,inf,inf,inf,inf,0
10298694,no_left_turn,745500397,6978395889,779556530,-32.8137476,151.6354925,via_node,osm,inf,inf,inf,inf,0
10298695,no_u_turn,745500395,745500396,745500375,-32.8136202,151.6354547,via_way,osm,inf,inf,inf,inf,0
10298696,no_left_turn,745500381,6978395887,745500394,-32.8136861,151.6356638,via_node,osm,inf,inf,inf,inf,0
10298697,no_left_turn,745500390,6978395888,768001191,-32.813558,151.6356346,via_node,osm,inf,inf,inf,inf,0
10322656,no_u_turn,710602272,6680967708,747862355,-32.5572693,151.167437,via_node,osm,inf,inf,inf,inf,0
10331883,only_straight_on,749336606,7007437780,749336598,-32.7485313,151.7368083,via_node,osm,inf,inf,inf,inf,0
10331884,only_left_turn,749336598,7007437780,749336605,-32.7485313,151.7368083,via_node,osm,inf,inf,inf,inf,0
10331885,only_straight_on,749336602,111416143,749336599,-32.7477174,151.7367334,via_node,osm,inf,inf,inf,inf,0
10331886,only_straight_on,749336599,111416143,749336603,-32.7477174,151.7367334,via_node,osm,inf,inf,inf,inf,0
10331887,only_straight_on,43451612,7007437745,749336600,-32.7485573,151.7377428,via_node,osm,inf,inf,inf,inf,0
10331888,only_left_turn,749336601,7007437745,43451612,-32.7485573,151.7377428,via_node,osm,inf,inf,inf,inf,0
10337186,only_left_turn,749697531,7010644704,68024685,-32.797993,151.4741534,via_node,osm,inf,inf,inf,inf,0
10337187,only_right_turn,825702455,2496060153,749697533,-32.7977362,151.4745762,via_node,osm,inf,inf,inf,inf,0
10349689,no_left_turn,750660078,1839435463,767905558,-32.762386,151.5959181,via_node,osm,inf,inf,inf,inf,0
10349690,no_left_turn,750660075,1839435459,750660059,-32.7624685,151.5960036,via_node,osm,inf,inf,inf,inf,0
10356615,only_left_turn,698880280,6562821129,698880283,-33.2422263,151.462149,via_node,osm,inf,inf,inf,inf,0
10379534,only_left_turn,753272147,344920574,753272146,-32.7748867,151.6135608,via_node,osm,inf,inf,inf,inf,0
10379535,only_left_turn,753272146,344920574,31021033,-32.7748867,151.6135608,via_node,osm,inf,inf,inf,inf,0
10379536,only_straight_on,753272150,7038277261,753272146,-32.7756148,151.6133765,via_node,osm,inf,inf,inf,inf,0
10409463,no_u_turn,1306558183,1306558185,755443733,-32.8871651,151.73197,via_way,osm,inf,inf,inf,inf,0
10409465,no_left_turn,1326140565,734179283,1306558184,-32.8870409,151.7319931,via_node,osm,inf,inf,inf,inf,0
10584085,no_right_turn,347409529,3537363544,580519760,-33.1818596,151.5951896,via_node,osm,inf,inf,inf,inf,0
10601060,no_u_turn,764322015,1843395664,173545092,-33.1040172,151.626015,via_node,osm,inf,inf,inf,inf,0
10601061,no_u_turn,332495989,1843395689,173545091,-33.1048188,151.6248545,via_node,osm,inf,inf,inf,inf,0
10601087,no_u_turn,669260900,1843582599,669260902,-32.8979948,151.7215603,via_node,osm,inf,inf,3096.4,2745.9,0
10601088,no_u_turn,369017624,3232218166,764325202,-32.8980541,151.7218522,via_node,osm,inf,inf,3080.1,2743.3,0
10603389,no_u_turn,739668264,283125966,739668263,-32.7296234,151.5532179,via_node,osm,inf,inf,inf,inf,0
10603396,no_u_turn,172844365,25940503,571458684,-33.0708484,151.5240076,via_node,osm,inf,inf,inf,inf,0
10603437,no_right_turn,549002251,1839429558,764481167,-32.9615555,151.6937756,via_node,osm,inf,inf,inf,inf,0
10633708,only_left_turn,712064159,285921958,260876499,-32.9095118,151.7174145,via_node,osm,inf,inf,2226.8,1431.2,0
10633709,unspecified,260888133,6242071442,712064158,-32.9095366,151.7174855,via_node,osm,inf,inf,2220.2,1429.2,0
10633710,no_right_turn,712064158,6242071442,712064157,-32.9095366,151.7174855,via_node,osm,inf,inf,2220.2,1429.2,0
10633711,only_left_turn,173567186,6242071442,712064157,-32.9095366,151.7174855,via_node,osm,inf,inf,2220.2,1429.2,0
10633712,no_u_turn,260888133,712064158,260876499,-32.9095366,151.7174855,via_way,osm,inf,inf,2220.2,1429.2,0
10633713,no_u_turn,260876499,2664628245,260888133,-32.9092288,151.7176652,via_node,osm,inf,inf,2233.2,1465.0,0
10633714,no_u_turn,401076970,712064158,712064157,-32.9095366,151.7174855,via_way,osm,inf,inf,2220.2,1429.2,0
10663122,only_left_turn,384471086,3877611613,769046143,-33.1062019,151.4767407,via_node,osm,inf,inf,inf,inf,0
10685268,only_left_turn,550608955,5318125266,770533524,-32.7910664,151.6366625,via_node,osm,inf,inf,inf,inf,0
10949761,no_right_turn,419704054,4197127171,419704059,-32.9258835,151.6961655,via_node,osm,inf,inf,inf,12.5,0
10949762,only_straight_on,787037753,4197127171,419704059,-32.9258835,151.6961655,via_node,osm,inf,inf,inf,12.5,0
10994438,no_right_turn,723570677,7400691214,791631531,-33.2000749,151.5229676,via_node,osm,inf,inf,inf,inf,0
10994453,no_left_turn,791631533,7400691217,791634542,-33.1995762,151.522664,via_node,osm,inf,inf,inf,inf,0
11129718,only_right_turn,240589460,277127416,807080066,-32.9637894,151.6539446,via_node,osm,inf,inf,inf,inf,0
11166269,no_u_turn,848815275,810905890,810905891,-32.9496826,151.6565647,via_way,osm,inf,inf,inf,inf,0
11178919,no_right_turn,569761185,7598929748,813504085,-32.9395612,151.6578982,via_node,osm,inf,inf,inf,inf,0
11178920,no_right_turn,813504085,455141603,813504082,-32.9396306,151.6579358,via_node,osm,inf,inf,inf,inf,0
11185110,no_right_turn,814009949,7603908993,814042585,-32.9399483,151.6586024,via_node,osm,inf,inf,inf,inf,0
11221378,no_right_turn,509873553,8285365929,509873550,-32.7215169,151.5398841,via_node,osm,inf,inf,inf,inf,0
11221383,no_u_turn,1346138196,509873550,575639227,-32.7215169,151.5398841,via_way,osm,inf,inf,inf,inf,0
11221384,no_right_turn,867878279,8285365933,509873593,-32.7217509,151.540439,via_node,osm,inf,inf,inf,inf,0
11221387,no_right_turn,509873593,8285365933,509873588,-32.7217509,151.540439,via_node,osm,inf,inf,inf,inf,0
11264582,only_left_turn,60731233,760274543,822222269,-32.8921038,151.7446983,via_node,osm,inf,inf,inf,inf,0
11283136,no_u_turn,702515201,8285365920,1546507858,-32.7176751,151.526649,via_node,osm,inf,inf,inf,inf,0
11283217,no_right_turn,575639216,346191725,575639222,-32.7208502,151.5385669,via_node,osm,inf,inf,inf,inf,0
11283220,no_u_turn,575639227,575639222,575639233,-32.7209226,151.5385147,via_way,osm,inf,inf,inf,inf,0
11288980,no_u_turn,696897244,31133272,824766682,-32.7168841,151.5289676,via_way,osm,inf,inf,inf,inf,0
11288981,no_u_turn,31133268,31133272,824766680,-32.7168841,151.5289676,via_way,osm,inf,inf,inf,inf,0
11288982,no_right_turn,31133268,7701362173,31133272,-32.7168841,151.5289676,via_node,osm,inf,inf,inf,inf,0
11288983,no_u_turn,824766680,669809153,31133268,-32.7166637,151.5297072,via_way,osm,inf,inf,inf,inf,0
11288984,no_right_turn,31132972,346174737,669809153,-32.7166831,151.5297866,via_node,osm,inf,inf,inf,inf,0
11296869,only_straight_on,267939624,2733297218,825695761,-32.7245927,151.4020353,via_node,osm,inf,inf,inf,inf,0
11296870,only_straight_on,825695760,2733297218,267939624,-32.7245927,151.4020353,via_node,osm,inf,inf,inf,inf,0
11296965,only_straight_on,825702459,2496060157,243996512,-32.7969361,151.4758569,via_node,osm,inf,inf,inf,inf,0
11296966,no_u_turn,825702456,7709466029,825702460,-32.7966575,151.4763366,via_node,osm,inf,inf,inf,inf,0
11324203,no_u_turn,828056340,250290264,23160244,-32.7103781,151.5170307,via_node,osm,inf,inf,inf,inf,0
11324205,no_u_turn,701914955,346205388,31146379,-32.7112591,151.5164104,via_node,osm,inf,inf,inf,inf,0
11325353,no_u_turn,578989540,578989533,578989535,-32.715312,151.5251409,via_way,osm,inf,inf,inf,inf,0
11348589,only_left_turn,830190719,5801282952,173087906,-33.2392517,151.5006012,via_node,osm,inf,inf,inf,inf,0
11348590,only_straight_on,173087906,5801282952,830190716,-33.2392517,151.5006012,via_node,osm,inf,inf,inf,inf,0
11348591,only_straight_on,607114026,7748153778,830190922,-33.2390733,151.5007755,via_node,osm,inf,inf,inf,inf,0
11500642,no_right_turn,836826938,287591972,836826939,-32.9429922,151.6521926,via_node,osm,inf,inf,inf,inf,0
11500643,no_right_turn,173623855,5590750957,836826946,-32.9432604,151.651721,via_node,osm,inf,inf,inf,inf,0
11516470,no_right_turn,255164744,174778835,655889606,-32.9289978,151.7159215,via_node,osm,inf,inf,1782.8,625.6,0
11521244,only_straight_on,24502302,938897023,80477941,-33.2057968,151.5163206,via_node,osm,inf,inf,inf,inf,0
11521245,only_straight_on,62208629,938897023,80477958,-33.2057968,151.5163206,via_node,osm,inf,inf,inf,inf,0
11521246,only_straight_on,767656429,938897023,767656427,-33.2057968,151.5163206,via_node,osm,inf,inf,inf,inf,0
11521248,no_u_turn,1464987997,573728102,259862148,-33.1900337,151.5773449,via_way,osm,inf,inf,inf,inf,0
11521254,only_straight_on,401764043,1822505951,172812779,-33.1157526,151.4699191,via_node,osm,inf,inf,inf,inf,0
11521263,only_straight_on,667140338,6232744650,824529536,-33.1055417,151.4984942,via_node,osm,inf,inf,inf,inf,0
11521265,no_right_turn,683689882,348041902,838867550,-33.1079585,151.4889768,via_node,osm,inf,inf,inf,inf,0
11521266,no_u_turn,838867549,838867550,683689885,-33.1079585,151.4889768,via_way,osm,inf,inf,inf,inf,0
11521267,only_straight_on,161505962,2330582102,826341517,-33.1081702,151.488228,via_node,osm,inf,inf,inf,inf,0
11521268,unspecified,838867549,7715283849,31281614,-33.1079105,151.4889574,via_node,osm,inf,inf,inf,inf,0
11522100,only_right_turn,685799558,859542886,838955480,-33.1191678,151.4645617,via_node,osm,inf,inf,inf,inf,0
11522101,only_right_turn,72369961,7738875746,838955481,-33.1188969,151.4648858,via_node,osm,inf,inf,inf,inf,0
11522102,only_straight_on,171177975,859542886,570067100,-33.1191678,151.4645617,via_node,osm,inf,inf,inf,inf,0
11522103,only_right_turn,685799559,7738875744,838955485,-33.1180529,151.4664176,via_node,osm,inf,inf,inf,inf,0
11522104,only_straight_on,838955487,7738875744,838959375,-33.1180529,151.4664176,via_node,osm,inf,inf,inf,inf,0
11522105,only_straight_on,745625906,859542865,769954856,-33.1182706,151.4662324,via_node,osm,inf,inf,inf,inf,0
11522116,only_straight_on,866533840,25942245,866533839,-33.0301932,151.5615395,via_node,osm,inf,inf,inf,inf,0
11522186,only_straight_on,847841434,7805462684,836281946,-32.966183,151.6525184,via_node,osm,inf,inf,inf,inf,0
11522187,no_u_turn,838964117,838964118,807676179,-32.9686758,151.6519021,via_way,osm,inf,inf,inf,inf,0
11522188,no_u_turn,838964116,838964118,807676155,-32.9686758,151.6519021,via_way,osm,inf,inf,inf,inf,0
11522189,no_u_turn,807676156,838964120,838964121,-32.9715721,151.6499668,via_way,osm,inf,inf,inf,inf,0
11522190,no_u_turn,807676170,838964120,807676158,-32.9715721,151.6499668,via_way,osm,inf,inf,inf,inf,0
11522245,only_straight_on,832479216,7772186858,832479220,-32.9570814,151.686898,via_node,osm,inf,inf,inf,inf,0
11522246,no_u_turn,838972646,838972647,832479216,-32.9567683,151.6866304,via_way,osm,inf,inf,inf,inf,0
11522247,no_u_turn,833092463,838972647,23098077,-32.9567683,151.6866304,via_way,osm,inf,inf,inf,inf,0
11522248,no_u_turn,23098128,838972649,832479202,-32.9577079,151.6820853,via_way,osm,inf,inf,inf,inf,0
11522249,no_u_turn,832479205,838972649,838972648,-32.9577079,151.6820853,via_way,osm,inf,inf,inf,inf,0
11522272,only_straight_on,836021828,249343772,835759765,-32.9459936,151.6657311,via_node,osm,inf,inf,inf,3595.6,0
11522273,no_right_turn,1441591889,286455128,569697832,-32.947432,151.6681316,via_node,osm,inf,inf,inf,3531.0,0
11522274,only_straight_on,842042998,7803164700,836826975,-32.9475311,151.667699,via_node,osm,inf,inf,inf,3568.0,0
11522275,only_straight_on,836021833,286455161,836021829,-32.9470155,151.6674374,via_node,osm,inf,inf,inf,3547.6,0
11522287,no_u_turn,747947022,580579463,828256324,-32.9382507,151.657236,via_way,osm,inf,inf,inf,inf,0
11522288,no_u_turn,849043660,580579463,747947023,-32.9382507,151.657236,via_way,osm,inf,inf,inf,inf,0
11522346,no_u_turn,674457454,578997595,674457455,-32.9423859,151.6875772,via_way,osm,inf,inf,inf,1993.0,0
11522350,no_u_turn,60523400,172669525,867201156,-32.9133593,151.6607954,via_way,osm,inf,inf,inf,3291.9,0
11522351,no_u_turn,843094180,352852268,843094178,-32.9265053,151.6510882,via_node,osm,inf,inf,inf,inf,0
11522354,no_u_turn,791557667,578166865,1457050045,-32.9235144,151.6520144,via_way,osm,inf,inf,inf,inf,0
11522364,only_left_turn,330165296,1835969644,568382166,-32.9622549,151.6961587,via_node,osm,inf,inf,inf,inf,0
11522365,no_right_turn,330165295,1835969644,568382166,-32.9622549,151.6961587,via_node,osm,inf,inf,inf,inf,0
11522366,no_right_turn,330165295,2157256165,732395117,-32.9622428,151.6960604,via_node,osm,inf,inf,inf,inf,0
11522367,no_u_turn,838987428,419698293,838987430,-32.9613874,151.6966326,via_way,osm,inf,inf,inf,inf,0
11522368,no_u_turn,838987429,838987428,419698293,-32.9614781,151.6967009,via_way,osm,inf,inf,inf,inf,0
11522369,no_u_turn,838987430,838987429,838987428,-32.9614382,151.6967807,via_way,osm,inf,inf,inf,inf,0
11522372,only_straight_on,304795290,7593205021,172709857,-32.8958736,151.6741473,via_node,osm,inf,inf,inf,3480.6,0
11522376,no_u_turn,980427494,980000714,580160632,-32.9081765,151.6982634,via_way,osm,inf,inf,inf,1480.2,0
11522378,no_u_turn,573742801,573742802,573742798,-32.9098219,151.7147407,via_way,osm,inf,inf,2385.2,1391.6,0
11524280,only_straight_on,260876907,246010530,766905295,-32.9077379,151.718508,via_node,osm,inf,inf,2305.6,1639.1,0
11524281,only_straight_on,568383857,470347882,260876896,-32.9067361,151.7193443,via_node,osm,inf,inf,2346.0,1760.0,0
11524638,no_u_turn,722151108,769758534,173445062,-32.7438876,151.5690031,via_way,osm,inf,inf,inf,inf,0
11524639,no_u_turn,769758534,173445062,839186985,-32.7437763,151.569102,via_way,osm,inf,inf,inf,inf,0
11537661,no_left_turn,332364491,1842584444,573102672,-32.7197509,151.5279628,via_node,osm,inf,inf,inf,inf,0
11537662,only_straight_on,573108671,1842584444,573102672,-32.7197509,151.5279628,via_node,osm,inf,inf,inf,inf,0
11537663,only_right_turn,823388466,346170630,31132711,-32.7242071,151.5442006,via_node,osm,inf,inf,inf,inf,0
11537664,only_straight_on,31132701,346170630,31132711,-32.7242071,151.5442006,via_node,osm,inf,inf,inf,inf,0
11537749,no_u_turn,769691962,769691963,840087762,-32.7297538,151.5524564,via_way,osm,inf,inf,inf,inf,0
11537750,no_u_turn,769691963,840087762,722074672,-32.7297484,151.5523674,via_way,osm,inf,inf,inf,inf,0
11537751,no_u_turn,840087762,722074672,769691962,-32.7296836,151.5523299,via_way,osm,inf,inf,inf,inf,0
11537752,no_u_turn,722074672,769691962,769691963,-32.7296836,151.5523706,via_way,osm,inf,inf,inf,inf,0
11537753,no_left_turn,25953434,6773345624,722074684,-32.7297538,151.5524564,via_node,osm,inf,inf,inf,inf,0
11537754,only_straight_on,840087766,346209458,699685391,-32.7312095,151.5534353,via_node,osm,inf,inf,inf,inf,0
11537755,only_straight_on,1426511525,259434365,699685391,-32.7312788,151.5535089,via_node,osm,inf,inf,inf,inf,0
11538089,only_straight_on,840134955,6544726824,31020057,-32.7668941,151.5672212,via_node,osm,inf,inf,inf,inf,0
11538090,only_straight_on,840134957,2479934173,840134956,-32.766671,151.5675364,via_node,osm,inf,inf,inf,inf,0
11538091,only_straight_on,840134959,2479934155,1533148058,-32.766392,151.5672665,via_node,osm,inf,inf,inf,inf,0
11538553,no_right_turn,838417767,7839527063,840192576,-32.9424819,151.6561438,via_node,osm,inf,inf,inf,inf,0
11542443,no_right_turn,580579468,249343998,31729540,-32.936663,151.6575266,via_node,osm,inf,inf,inf,inf,0
11553718,only_straight_on,841640904,7852503944,1249792900,-32.734494,151.5585139,via_node,osm,inf,inf,inf,inf,0
11556375,only_straight_on,173457797,7852503942,841640900,-32.7350143,151.5583035,via_node,osm,inf,inf,inf,inf,0
11556376,only_straight_on,841640903,7852503943,832823288,-32.7349964,151.5588169,via_node,osm,inf,inf,inf,inf,0
11556377,only_straight_on,842045758,1825124018,854830242,-32.7336533,151.5516495,via_node,osm,inf,inf,inf,inf,0
11556378,only_straight_on,171490505,1825124019,842045763,-32.7332364,151.55109,via_node,osm,inf,inf,inf,inf,0
11556379,only_straight_on,171490503,1825124023,842045761,-32.7338687,151.550939,via_node,osm,inf,inf,inf,inf,0
11556727,only_straight_on,823388469,7687227380,1537173177,-32.7251551,151.5431193,via_node,osm,inf,inf,inf,inf,0
11556728,only_straight_on,4644879,29549669,4644881,-32.7258756,151.5428347,via_node,osm,inf,inf,inf,inf,0
11556729,only_straight_on,4644891,29549697,1346138193,-32.7257645,151.54482,via_node,osm,inf,inf,inf,inf,0
11563513,only_left_turn,842653343,7861053895,842653340,-32.7250498,151.5423352,via_node,osm,inf,inf,inf,inf,0
11563514,no_u_turn,842653344,7861053885,842653343,-32.7249283,151.5424499,via_node,osm,inf,inf,inf,inf,0
11567818,no_left_turn,843142353,7865228659,843142357,-32.9262635,151.6507665,via_node,osm,inf,inf,inf,inf,0
11576419,no_u_turn,1292789337,843768560,1292789340,-32.8895889,151.6633279,via_way,osm,inf,inf,inf,inf,0
11587291,no_u_turn,1524518727,13895305339,1524518725,-32.7481698,151.582368,via_node,osm,inf,inf,inf,inf,0
11587292,no_u_turn,1524518729,13895305340,1524518726,-32.7478528,151.5829079,via_node,osm,inf,inf,inf,inf,0
11611177,only_right_turn,415422371,25943424,4295437,-32.8091136,151.8465132,via_node,osm,inf,inf,inf,inf,0
11613290,only_left_turn,846785673,258985754,842045763,-32.7326786,151.5509274,via_node,osm,inf,inf,inf,inf,0
11613291,only_straight_on,840087767,7900844891,846785679,-32.7317375,151.5509789,via_node,osm,inf,inf,inf,inf,0
11619097,only_straight_on,846860177,7902351203,392347933,-32.7062791,151.4978358,via_node,osm,inf,inf,inf,inf,0
11625375,no_right_turn,240589367,2483143834,240589368,-32.9744217,151.646706,via_node,osm,inf,inf,inf,inf,0
11625379,no_right_turn,240589364,2483143840,847344919,-32.9743873,151.6469303,via_node,osm,inf,inf,inf,inf,0
11629777,only_left_turn,576915743,5532187173,847841435,-32.9652836,151.6528258,via_node,osm,inf,inf,inf,inf,0
11629778,only_left_turn,807080062,7547303251,847841443,-32.9639153,151.6533459,via_node,osm,inf,inf,inf,inf,0
11629779,only_right_turn,807080063,7547303248,807080065,-32.963754,151.6534176,via_node,osm,inf,inf,inf,inf,0
11630922,only_right_turn,847979731,7912825577,751479219,-33.240073,151.4671875,via_node,osm,inf,inf,inf,inf,0
11640028,no_u_turn,848798613,287590677,836281952,-32.9529931,151.6559191,via_node,osm,inf,inf,inf,inf,0
11640264,no_u_turn,848813152,1835399396,380353335,-32.9511463,151.6562227,via_node,osm,inf,inf,inf,inf,0
11643333,only_straight_on,31020716,344918012,849070909,-32.7451022,151.5957233,via_node,osm,inf,inf,inf,inf,0
11643352,only_straight_on,849074499,346212949,722151107,-32.7406405,151.5644031,via_node,osm,inf,inf,inf,inf,0
11643353,only_right_turn,722151111,6773976628,849074494,-32.7406145,151.5644451,via_node,osm,inf,inf,inf,inf,0
11643354,only_straight_on,849074493,6773976707,722151127,-32.7406541,151.5644603,via_node,osm,inf,inf,inf,inf,0
11643356,no_right_turn,722151127,6773976732,849074498,-32.7408409,151.5643612,via_node,osm,inf,inf,inf,inf,0
11643357,only_straight_on,849074495,258986859,39663506,-32.7407823,151.56515,via_node,osm,inf,inf,inf,inf,0
11643359,only_straight_on,842086138,475509828,39663507,-32.7415236,151.5663368,via_node,osm,inf,inf,inf,inf,0
11643360,only_straight_on,849074504,1842714768,173458798,-32.7419337,151.5690874,via_node,osm,inf,inf,inf,inf,0
11643363,no_u_turn,39870190,721901855,849074511,-32.7306493,151.5529636,via_way,osm,inf,inf,inf,inf,0
11643364,no_u_turn,854830243,721901855,849074510,-32.7306493,151.5529636,via_way,osm,inf,inf,inf,inf,0
11643365,only_left_turn,846785678,7900804976,849074512,-32.7324259,151.5511471,via_node,osm,inf,inf,inf,inf,0
11643366,only_straight_on,846785672,7900804976,849074512,-32.7324259,151.5511471,via_node,osm,inf,inf,inf,inf,0
11643367,no_u_turn,769691964,31132717,849074516,-32.7289823,151.5519774,via_way,osm,inf,inf,inf,inf,0
11643368,no_right_turn,722074689,7839271601,31132717,-32.7289823,151.5519774,via_node,osm,inf,inf,inf,inf,0
11643369,only_straight_on,849074514,6773325484,722074688,-32.7286578,151.5517467,via_node,osm,inf,inf,inf,inf,0
11643370,only_straight_on,191554657,2021391123,722074688,-32.7284488,151.5516184,via_node,osm,inf,inf,inf,inf,0
11643371,only_straight_on,722074673,2021391108,191554660,-32.7279236,151.5513019,via_node,osm,inf,inf,inf,inf,0
11671374,no_left_turn,722074683,6773345620,840087761,-32.7296836,151.5523299,via_node,osm,inf,inf,inf,inf,0
11674690,only_left_turn,828070368,7730538160,217620351,-32.7154566,151.5271705,via_node,osm,inf,inf,inf,inf,0
11678474,only_straight_on,28418806,833732440,774643365,-32.753856,151.7585844,via_node,osm,inf,inf,inf,inf,0
11678475,only_straight_on,51204490,653305017,1456665524,-32.7544257,151.7579796,via_node,osm,inf,inf,inf,inf,0
11678476,only_straight_on,12292280,61739107,774645417,-32.7566955,151.7487994,via_node,osm,inf,inf,inf,inf,0
11678477,only_straight_on,443182637,4408066850,443182636,-32.7575425,151.7476026,via_node,osm,inf,inf,inf,inf,0
11678478,only_straight_on,12292589,111413213,443182634,-32.7567639,151.7477415,via_node,osm,inf,inf,inf,inf,0
11678479,only_straight_on,443182633,4408066846,774645416,-32.7576116,151.7485892,via_node,osm,inf,inf,inf,inf,0
11678496,no_u_turn,31020743,170677027,509872845,-32.7442914,151.5899484,via_way,osm,inf,inf,inf,inf,0
11681350,only_straight_on,43451625,548169886,443182634,-32.755394,151.7464042,via_node,osm,inf,inf,inf,inf,0
11681351,only_straight_on,572426997,548169886,443182634,-32.755394,151.7464042,via_node,osm,inf,inf,inf,inf,0
11716762,only_straight_on,721884991,5413235028,1413386886,-32.7373596,151.5525504,via_node,osm,inf,inf,inf,inf,0
11716763,only_straight_on,721884975,6771703579,842045761,-32.7371456,151.5515671,via_node,osm,inf,inf,inf,inf,0
11716764,only_straight_on,721884998,6771261652,39870164,-32.7368112,151.5522581,via_node,osm,inf,inf,inf,inf,0
11716765,only_straight_on,721884994,1842708511,721884973,-32.7377548,151.5515956,via_node,osm,inf,inf,inf,inf,0
11727113,no_right_turn,849074496,6773976599,849074503,-32.7403668,151.5637326,via_node,osm,inf,inf,inf,inf,0
11735440,no_left_turn,859985977,7990601825,857036986,-32.9183393,151.5979626,via_node,osm,inf,inf,inf,inf,0
11742496,only_straight_on,790602203,7996700244,857739479,-32.7013485,151.5844824,via_node,osm,inf,inf,inf,inf,0
11742497,only_straight_on,857739478,283126119,790602204,-32.701845,151.5838601,via_node,osm,inf,inf,inf,inf,0
11765699,only_left_turn,808621644,1144978304,98965564,-32.8042043,151.6527423,via_node,osm,inf,inf,inf,inf,0
11773674,only_straight_on,622166716,1839982266,720849423,-32.9235595,151.6124527,via_node,osm,inf,inf,inf,inf,0
11773675,no_right_turn,860895677,288162951,576091708,-32.9236049,151.613307,via_node,osm,inf,inf,inf,inf,0
11773676,no_u_turn,720849427,576091708,576091711,-32.9236049,151.613307,via_way,osm,inf,inf,inf,inf,0
11778929,no_u_turn,861706409,344918104,861706406,-32.7449282,151.6027039,via_node,osm,inf,inf,inf,inf,0
11778930,only_straight_on,861706406,8029338141,861706410,-32.743524,151.6029834,via_node,osm,inf,inf,inf,inf,0
11781239,only_straight_on,467546611,8034192865,380510129,-32.8946661,151.7393815,via_node,osm,inf,inf,inf,3596.7,0
11785088,only_left_turn,311182042,1843667408,212658682,-32.9233688,151.7152306,via_node,osm,inf,inf,1758.7,0.0,0
11798946,only_straight_on,719919209,6757127564,719919208,-32.7695942,151.5296832,via_node,osm,inf,inf,inf,inf,0
11798947,only_left_turn,719919211,6757130593,719919213,-32.7696799,151.5290716,via_node,osm,inf,inf,inf,inf,0
11798948,only_straight_on,719919207,6757127559,719919202,-32.7701131,151.5290791,via_node,osm,inf,inf,inf,inf,0
11798949,only_straight_on,719919204,6757127553,719919201,-32.7701618,151.5296519,via_node,osm,inf,inf,inf,inf,0
11803030,only_straight_on,864560724,8058421930,953706421,-32.7666482,151.5272884,via_node,osm,inf,inf,inf,inf,0
11803031,only_straight_on,864560731,6216400549,581602996,-32.7609216,151.5286144,via_node,osm,inf,inf,inf,inf,0
11803032,no_u_turn,864560732,76700271,864560727,-32.7627385,151.5281262,via_way,osm,inf,inf,inf,inf,0
11803034,no_right_turn,664155175,6216400554,76700271,-32.7627385,151.5281262,via_node,osm,inf,inf,inf,inf,0
11803035,no_right_turn,864560727,6216400553,76700269,-32.7618512,151.5283441,via_node,osm,inf,inf,inf,inf,0
11803036,no_right_turn,664155174,5119103802,526411106,-32.7616026,151.5284962,via_node,osm,inf,inf,inf,inf,0
11803037,no_u_turn,864560734,76700269,864560730,-32.7618512,151.5283441,via_way,osm,inf,inf,inf,inf,0
11803038,no_u_turn,864560730,526411106,864560734,-32.7616026,151.5284962,via_way,osm,inf,inf,inf,inf,0
11815316,no_u_turn,849074506,722151095,849074507,-32.7422534,151.5686846,via_way,osm,inf,inf,inf,inf,0
11815350,no_u_turn,839186985,722151108,769758534,-32.7439466,151.5691102,via_way,osm,inf,inf,inf,inf,0
11845828,no_right_turn,23927920,346194286,867878278,-32.7227393,151.542855,via_node,osm,inf,inf,inf,inf,0
11845829,no_u_turn,23927923,867878278,867878277,-32.7228155,151.5428039,via_way,osm,inf,inf,inf,inf,0
11911427,only_left_turn,69646961,833227179,1456665518,-32.7451501,151.7658864,via_node,osm,inf,inf,inf,inf,0
11921318,only_left_turn,875596462,7041170801,875596466,-32.7173547,151.5280308,via_node,osm,inf,inf,inf,inf,0
11955197,no_u_turn,1288625706,11949733107,1288625705,-32.7547958,151.5880735,via_node,osm,inf,inf,inf,inf,0
11955198,no_u_turn,1288625712,11949733126,1288625711,-32.7544305,151.5886832,via_node,osm,inf,inf,inf,inf,0
11996543,only_right_turn,31226529,3991922098,832432167,-33.0121446,151.5933048,via_node,osm,inf,inf,inf,inf,0
12235110,only_right_turn,900173966,2480803088,240334028,-32.7618381,151.5966744,via_node,osm,inf,inf,inf,inf,0
12241055,no_right_turn,1507361714,13783931388,900789156,-32.7565722,151.7730854,via_node,osm,inf,inf,inf,inf,0
12253823,only_left_turn,172655529,287256794,902157925,-32.9054382,151.672689,via_node,osm,inf,inf,inf,2754.9,0
12284675,no_right_turn,173159982,1843667522,1547822191,-32.9334979,151.7209263,via_node,osm,inf,inf,1617.7,1148.3,0
12385993,only_straight_on,31021034,344920533,794917492,-32.7751212,151.612672,via_node,osm,inf,inf,inf,inf,0
12541455,only_right_turn,80790455,105406828,926478341,-33.2292563,151.423177,via_node,osm,inf,inf,inf,inf,0
12541456,only_right_turn,926478343,105406828,80790454,-33.2292563,151.423177,via_node,osm,inf,inf,inf,inf,0
12541457,only_straight_on,1326381879,105406828,926478341,-33.2292563,151.423177,via_node,osm,inf,inf,inf,inf,0
12541458,only_straight_on,581237466,942123833,581237471,-33.2292219,151.4233709,via_node,osm,inf,inf,inf,inf,0
12541459,only_straight_on,685799557,942123833,80790455,-33.2292219,151.4233709,via_node,osm,inf,inf,inf,inf,0
12541486,only_right_turn,80790375,775948687,683689888,-33.2280099,151.4214268,via_node,osm,inf,inf,inf,inf,0
12541487,only_right_turn,926487269,775948687,80790377,-33.2280099,151.4214268,via_node,osm,inf,inf,inf,inf,0
12541488,only_straight_on,779708065,775948687,683689888,-33.2280099,151.4214268,via_node,osm,inf,inf,inf,inf,0
12541499,only_straight_on,1326381885,12272206945,1329246948,-33.2311353,151.4266155,via_node,osm,inf,inf,inf,inf,0
12541501,only_straight_on,1326381886,12272206945,1326381883,-33.2311353,151.4266155,via_node,osm,inf,inf,inf,inf,0
12541502,only_straight_on,1326381888,12272206945,1326381887,-33.2311353,151.4266155,via_node,osm,inf,inf,inf,inf,0
12561579,no_left_turn,551395473,5325137610,985471460,-32.8941806,151.7116894,via_node,osm,inf,inf,inf,3121.8,0
12653030,only_left_turn,937494999,5499576353,1010860946,-32.7562928,151.5898006,via_node,osm,inf,inf,inf,inf,0
12653031,only_left_turn,31011047,332949567,937495001,-32.756347,151.5897029,via_node,osm,inf,inf,inf,inf,0
12653034,no_u_turn,770024686,770024687,770024688,-32.7529288,151.5869779,via_way,osm,inf,inf,inf,inf,0
12653035,no_u_turn,878476624,770024687,38557475,-32.7529288,151.5869779,via_way,osm,inf,inf,inf,inf,0
12770574,only_left_turn,467546612,4621543097,687763534,-32.8946683,151.7396606,via_node,osm,inf,inf,inf,3609.5,0
12997868,only_left_turn,840860003,1835399396,839856422,-32.9511463,151.6562227,via_node,osm,inf,inf,inf,inf,0
12997888,only_left_turn,847841447,7805462680,836281954,-32.9556847,151.6553867,via_node,osm,inf,inf,inf,inf,0
12997889,no_u_turn,847841452,7911618825,847841448,-32.9553452,151.6554538,via_node,osm,inf,inf,inf,inf,0
13060751,only_left_turn,702205784,6594317769,970763352,-32.7914957,151.7251208,via_node,osm,inf,inf,inf,inf,0
13060752,only_straight_on,702205790,6594317769,970763352,-32.7914957,151.7251208,via_node,osm,inf,inf,inf,inf,0
13060753,no_left_turn,702205790,2512391598,702205789,-32.7914124,151.7247621,via_node,osm,inf,inf,inf,inf,0
13060754,no_u_turn,702205793,574542374,702205789,-32.791349,151.7246447,via_way,osm,inf,inf,inf,inf,0
13102260,only_left_turn,519456656,346179855,1194927506,-32.719136,151.527418,via_node,osm,inf,inf,inf,inf,0
13138280,only_left_turn,977475811,808608149,669784117,-32.702236,151.5394724,via_node,osm,inf,inf,inf,inf,0
13166401,no_right_turn,838867549,7715283849,838867550,-33.1079105,151.4889574,via_node,osm,inf,inf,inf,inf,0
13166402,no_u_turn,683689882,838867550,826341519,-33.1079585,151.4889768,via_way,osm,inf,inf,inf,inf,0
13220122,only_straight_on,983873354,8973186782,969672385,-32.7356966,152.1092663,via_node,osm,inf,inf,inf,inf,0
13220123,only_straight_on,983873353,8973186794,4588658,-32.7356211,152.1092954,via_node,osm,inf,inf,inf,inf,0
13460086,no_u_turn,1004615132,1842524986,1004615133,-32.7611946,151.6004293,via_node,osm,inf,inf,inf,inf,0
13460087,no_u_turn,1004615133,1842524984,1004615132,-32.761711,151.5998187,via_node,osm,inf,inf,inf,inf,0
13471139,no_u_turn,1005484335,344839679,1005484333,-32.7536689,151.5834542,via_node,osm,inf,inf,inf,inf,0
13471140,no_u_turn,1005484333,9276895336,1005484335,-32.7525313,151.5853322,via_node,osm,inf,inf,inf,inf,0
13498146,only_straight_on,347409469,61749545,1007872112,-33.1858819,151.5373513,via_node,osm,inf,inf,inf,inf,0
13498147,only_straight_on,1007872114,61749545,683805258,-33.1858819,151.5373513,via_node,osm,inf,inf,inf,inf,0
13544613,only_left_turn,30643126,2708072933,706162419,-32.8147237,151.4642035,via_node,osm,inf,inf,inf,inf,0
13544614,only_left_turn,394590645,258979709,1011645328,-32.8141319,151.4540658,via_node,osm,inf,inf,inf,inf,0
13544615,only_straight_on,1011645328,258979709,1011645326,-32.8141319,151.4540658,via_node,osm,inf,inf,inf,inf,0
13614428,no_u_turn,657048924,1102830226,1016788666,-32.9487442,151.6859887,via_way,osm,inf,inf,inf,2700.8,0
13614429,no_u_turn,1016788663,246011960,419698296,-32.9483962,151.6844452,via_node,osm,inf,inf,inf,2719.0,0
13637886,no_u_turn,1512081376,9273794234,1005128567,-32.9781898,151.7080922,via_node,osm,inf,inf,inf,inf,0
14246909,no_u_turn,755443732,1306558183,1306558185,-32.8871824,151.7320909,via_way,osm,inf,inf,inf,inf,0
14246910,no_u_turn,1306558185,755443733,755443732,-32.8870409,151.7319931,via_way,osm,inf,inf,inf,inf,0
14247589,no_left_turn,702205783,2512391598,702205790,-32.7914124,151.7247621,via_node,osm,inf,inf,inf,inf,0
14253719,no_u_turn,714680365,415393752,685799562,-32.9049344,151.6905059,via_way,osm,inf,inf,inf,1953.8,0
14258103,no_u_turn,744569746,6968586143,172513775,-33.2424556,151.460869,via_node,osm,inf,inf,inf,inf,0
14258104,no_left_turn,751265727,6968586625,744569741,-33.2427645,151.4631421,via_node,osm,inf,inf,inf,inf,0
14258105,no_u_turn,744569743,744569740,744569747,-33.2429056,151.4631125,via_way,osm,inf,inf,inf,inf,0
14258106,no_u_turn,744569740,744569747,698880282,-33.2428904,151.4630087,via_way,osm,inf,inf,inf,inf,0
14258343,no_u_turn,840087763,6773345617,739667998,-32.7299948,151.5513633,via_node,osm,inf,inf,inf,inf,0
14278113,no_u_turn,828744725,7669427191,31133259,-32.7147207,151.5258733,via_node,osm,inf,inf,inf,inf,0
14283580,no_u_turn,415483038,1453639332,415483030,-32.9387155,151.7121327,via_node,osm,inf,inf,2618.5,1709.1,0
14283581,no_u_turn,731235024,415483030,731235026,-32.9387578,151.7120206,via_way,osm,inf,inf,2629.6,1715.0,0
14310093,only_straight_on,1074833684,9858317190,1074833690,-32.8083994,151.7104508,via_node,osm,inf,inf,inf,inf,0
14310094,no_left_turn,1387826076,9858317190,785125113,-32.8083994,151.7104508,via_node,osm,inf,inf,inf,inf,0
14310095,no_u_turn,1387826076,9858317190,1074833690,-32.8083994,151.7104508,via_node,osm,inf,inf,inf,inf,0
14310096,only_straight_on,1074833699,9858317190,785125113,-32.8083994,151.7104508,via_node,osm,inf,inf,inf,inf,0
14324069,no_left_turn,347409321,1773477977,175584608,-32.9091875,151.7051155,via_node,osm,inf,inf,3156.8,1359.9,0
14324070,no_left_turn,580160641,2676049457,261968741,-32.9091768,151.7052194,via_node,osm,inf,inf,3149.1,1363.2,0
14324071,no_u_turn,580160639,11823849104,1075999701,-32.9089837,151.7051376,via_node,osm,inf,inf,3166.7,1382.4,0
14324072,no_u_turn,688596955,1075999701,580160640,-32.9090738,151.7051851,via_way,osm,inf,inf,3157.8,1373.6,0
14327951,no_u_turn,530744668,418259552,419698284,-32.9406877,151.7123382,via_way,osm,inf,inf,2745.5,1923.7,0
14327952,no_u_turn,580178236,530744668,418259552,-32.9406669,151.7124798,via_way,osm,inf,inf,2734.2,1920.1,0
14327953,no_u_turn,419698284,580178236,530744668,-32.9405692,151.7124296,via_way,osm,inf,inf,2730.3,1909.8,0
14328146,no_left_turn,574897148,1835184027,574897337,-32.8820082,151.7189817,via_node,osm,inf,inf,inf,inf,0
14328150,no_left_turn,792026765,1835973550,1326140576,-32.8841418,151.7244117,via_node,osm,inf,inf,inf,inf,0
14328151,no_left_turn,1326140577,1835973541,792026769,-32.884082,151.7243155,via_node,osm,inf,inf,inf,inf,0
14328152,no_u_turn,574897555,574897552,574897554,-32.8841667,151.7242344,via_way,osm,inf,inf,inf,inf,0
14330357,no_u_turn,842086138,475509828,722151104,-32.7415236,151.5663368,via_node,osm,inf,inf,inf,inf,0
14330460,no_u_turn,745500392,6978391679,745500389,-32.8122662,151.6351012,via_node,osm,inf,inf,inf,inf,0
14560926,only_left_turn,1093137529,10011289506,553196416,-32.9946936,151.6876402,via_node,osm,inf,inf,inf,inf,0
14561044,only_left_turn,1093145572,35296088,1093145573,-32.6768336,151.3882837,via_node,osm,inf,inf,inf,inf,0
14561045,only_straight_on,1093145573,35296088,403083150,-32.6768336,151.3882837,via_node,osm,inf,inf,inf,inf,0
14653586,no_right_turn,1100823428,6965192070,744218533,-32.9807922,151.6455379,via_node,osm,inf,inf,inf,inf,0
14660965,no_u_turn,1101362349,10078943111,1101362347,-32.7242631,152.1465195,via_node,osm,inf,inf,inf,inf,0
14660966,no_u_turn,1101362347,25954053,1101362350,-32.7245135,152.1452463,via_node,osm,inf,inf,inf,inf,0
14672526,no_u_turn,415759878,4167259452,415759879,-32.7240053,152.1430032,via_node,osm,inf,inf,inf,inf,0
14694685,no_u_turn,1093137536,1093137534,573185799,-32.9946936,151.6876402,via_way,osm,inf,inf,inf,inf,0
14694686,no_u_turn,1093137538,1093137536,1093137534,-32.9947646,151.6875878,via_way,osm,inf,inf,inf,inf,0
14694687,no_left_turn,553196417,1835780604,924962981,-32.9947646,151.6875878,via_node,osm,inf,inf,inf,inf,0
14728602,no_left_turn,52432070,733855585,59174123,-32.8838816,151.7716241,via_node,osm,inf,inf,inf,inf,0
14728604,no_left_turn,415666368,4166596375,415666374,-32.8762292,151.7473135,via_node,osm,inf,inf,inf,inf,0
14728879,no_left_turn,1106749124,10127430922,1106749127,-32.8851878,151.7831335,via_node,osm,inf,inf,inf,inf,0
14728880,no_left_turn,52432065,10127430923,1106749128,-32.8843353,151.7831691,via_node,osm,inf,inf,inf,inf,0
14957019,no_left_turn,771364173,1824584419,576397823,-32.6139899,152.0793454,via_node,osm,inf,inf,inf,inf,0
14957059,only_straight_on,1111989372,17384027,1111989371,-33.1597609,151.611456,via_node,osm,inf,inf,inf,inf,0
14957060,only_straight_on,1111989373,10126954384,1106689018,-33.1597236,151.6114012,via_node,osm,inf,inf,inf,inf,0
14957061,only_straight_on,1111989370,9963278706,1464988010,-33.1597693,151.6113836,via_node,osm,inf,inf,inf,inf,0
15578004,only_straight_on,333522237,35295438,68293117,-32.8321769,151.3559262,via_node,osm,inf,inf,inf,inf,0
15598871,only_left_turn,1006144213,9283016028,1442559043,-32.7646343,151.5285177,via_node,osm,inf,inf,inf,inf,0
15598872,no_u_turn,1442559044,8058421937,696901274,-32.7645326,151.5278229,via_node,osm,inf,inf,inf,inf,0
15651364,only_left_turn,1058133291,9722740896,4681255,-33.0909528,151.4541081,via_node,osm,inf,inf,inf,inf,0
15651365,no_u_turn,1157656258,9722740899,1058133292,-33.0910561,151.4543804,via_node,osm,inf,inf,inf,inf,0
15668326,only_left_turn,1158889657,10777142040,1158889658,-32.745249,151.5837656,via_node,osm,inf,inf,inf,inf,0
15701833,only_left_turn,1161011003,271894768,1161011006,-33.237084,151.5629824,via_node,osm,inf,inf,inf,inf,0
15701834,only_right_turn,1161011004,10798729740,1161011008,-33.2371056,151.5631343,via_node,osm,inf,inf,inf,inf,0
15772910,only_left_turn,1166063995,10845689614,1166063998,-32.6664339,151.3750188,via_node,osm,inf,inf,inf,inf,0
15794323,only_left_turn,1150062309,10698578656,174852224,-32.7636957,151.6412474,via_node,osm,inf,inf,inf,inf,0
15794324,only_straight_on,1167732779,10698578657,1167732780,-32.7636957,151.6416508,via_node,osm,inf,inf,inf,inf,0
15796034,only_straight_on,1167848605,10164520649,262203990,-32.9075361,151.6821898,via_node,osm,inf,inf,inf,1991.3,0
15796035,only_straight_on,172654695,10164520649,1167848604,-32.9075361,151.6821898,via_node,osm,inf,inf,inf,1991.3,0
15796036,no_u_turn,1167848603,1835375425,1167848605,-32.9075654,151.6822124,via_node,osm,inf,inf,inf,1987.4,0
15796037,no_u_turn,1167848604,10164520640,1167848603,-32.9075092,151.6822187,via_node,osm,inf,inf,inf,1992.2,0
15796038,no_u_turn,575699227,1835375590,1301238041,-32.9089004,151.6813788,via_node,osm,inf,inf,inf,1916.8,0
15796320,no_left_turn,1139097781,10617242267,347409316,-32.9405959,151.688275,via_node,osm,inf,inf,inf,1785.6,0
15796321,no_u_turn,1167866705,1167866703,22882185,-32.9404926,151.6881689,via_way,osm,inf,inf,inf,1779.3,0
15796357,no_u_turn,1167867249,1167867251,1167867248,-32.9515249,151.7139985,via_way,osm,inf,inf,3578.0,3112.5,0
16161887,only_left_turn,31134306,11091103699,1194927512,-32.7199326,151.5278054,via_node,osm,inf,inf,inf,inf,0
16205058,no_right_turn,1198541635,3745128002,262190389,-32.9235228,151.6959417,via_node,osm,inf,inf,inf,63.4,0
16237506,no_u_turn,1201603863,11140383318,173155312,-32.6251695,151.1344491,via_node,osm,inf,inf,inf,inf,0
16237507,only_right_turn,11771631,35294849,1459146191,-32.6249375,151.1351034,via_node,osm,inf,inf,inf,inf,0
16618783,only_left_turn,1219471939,8262843639,1453012533,-32.7412728,151.8662824,via_node,osm,inf,inf,inf,inf,0
16751541,only_left_turn,217634217,2269370853,31020249,-32.7484303,151.5786807,via_node,osm,inf,inf,inf,inf,0
17016773,no_right_turn,1239086537,271892561,25009901,-33.2227124,151.5040782,via_node,osm,inf,inf,inf,inf,0
17016774,no_right_turn,1239086538,271892429,25009873,-33.2235147,151.503436,via_node,osm,inf,inf,inf,inf,0
17016775,no_right_turn,1239086539,1839439556,173111860,-33.2243964,151.5029682,via_node,osm,inf,inf,inf,inf,0
17016776,no_right_turn,24502299,271892531,25009887,-33.2252914,151.5029694,via_node,osm,inf,inf,inf,inf,0
17086723,no_u_turn,1243381038,11556016443,1243381037,-33.0264075,151.6614312,via_node,osm,inf,inf,inf,inf,0
17357927,only_right_turn,655666497,1839439558,25009862,-33.2286551,151.5030755,via_node,osm,inf,inf,inf,inf,0
17357931,only_right_turn,832869911,7775129861,1119486351,-33.209701,151.5161433,via_node,osm,inf,inf,inf,inf,0
17368948,no_u_turn,1098215852,25954819,1098215853,-32.7201464,152.1247896,via_node,osm,inf,inf,inf,inf,0
17368949,no_u_turn,1098215851,4168649092,1098215850,-32.7205043,152.1240527,via_node,osm,inf,inf,inf,inf,0
17368950,no_u_turn,1098215855,10055581139,1098215854,-32.7199293,152.1237254,via_node,osm,inf,inf,inf,inf,0
17375558,no_u_turn,612993280,5801285460,612993278,-33.242544,151.501589,via_node,osm,inf,inf,inf,inf,0
17461964,no_u_turn,944963514,8587113540,1271948534,-33.1840551,151.4776585,via_node,osm,inf,inf,inf,inf,0
17461965,no_u_turn,1271948535,8748375314,944963517,-33.1844107,151.4773583,via_node,osm,inf,inf,inf,inf,0
17461966,no_u_turn,944963515,8748375312,1271948536,-33.1847249,151.4777557,via_node,osm,inf,inf,inf,inf,0
17461967,no_u_turn,944963516,8748375313,1271948537,-33.1843331,151.4780997,via_node,osm,inf,inf,inf,inf,0
17599416,no_right_turn,701180899,105389912,767989530,-32.5610851,151.1745693,via_node,osm,inf,inf,inf,inf,0
17693974,no_u_turn,1290634878,11966359189,1290634890,-32.8125405,151.6656321,via_node,osm,inf,inf,inf,inf,0
17693975,no_u_turn,1290634889,1825015246,1290634891,-32.8129373,151.6654772,via_node,osm,inf,inf,inf,inf,0
17703751,no_u_turn,700429553,6577668548,762963076,-32.5568164,151.1685997,via_node,osm,inf,inf,inf,inf,0
17703752,no_u_turn,767949559,6577668553,700429553,-32.5563345,151.1677265,via_node,osm,inf,inf,inf,inf,0
17703830,no_left_turn,1425478958,5244340281,849330411,-32.6742354,151.3510727,via_node,osm,inf,inf,inf,inf,0
17703831,no_u_turn,1291244407,1291244411,1291244410,-32.6742354,151.3510727,via_way,osm,inf,inf,inf,inf,0
17703832,no_u_turn,1291244413,1291244407,1291244411,-32.6741948,151.3509409,via_way,osm,inf,inf,inf,inf,0
17703833,no_u_turn,1291244410,1291244413,1291244407,-32.6742694,151.3509117,via_way,osm,inf,inf,inf,inf,0
17703834,no_u_turn,1291244411,1291244410,1291244413,-32.6743116,151.3510407,via_way,osm,inf,inf,inf,inf,0
17703835,no_u_turn,1425478961,5116358473,849330409,-32.6749155,151.3529165,via_node,osm,inf,inf,inf,inf,0
17703836,no_u_turn,1291244414,1291244419,1291244417,-32.670314,151.351782,via_way,osm,inf,inf,inf,inf,0
17703837,no_u_turn,1291244417,1291244418,1291244414,-32.6702123,151.3519571,via_way,osm,inf,inf,inf,inf,0
17703838,no_u_turn,1291244418,1291244414,1291244419,-32.6703073,151.3519664,via_way,osm,inf,inf,inf,inf,0
17703839,no_u_turn,719689887,6755879963,719689888,-32.6703459,151.3509252,via_node,osm,inf,inf,inf,inf,0
17704855,unspecified,411882621,4134705662,849569565,-33.2441294,151.4448656,via_node,osm,inf,inf,inf,inf,0
17716495,no_u_turn,413029046,2202642926,785125115,-32.8165251,151.6964867,via_node,osm,inf,inf,inf,inf,0
17716627,only_straight_on,1292338298,1839435449,794917494,-32.7754406,151.6122885,via_node,osm,inf,inf,inf,inf,0
17716629,only_straight_on,572420552,1839435449,794917491,-32.7754406,151.6122885,via_node,osm,inf,inf,inf,inf,0
17716631,no_u_turn,1292338300,774852991,1292338299,-32.7466741,151.581438,via_way,osm,inf,inf,inf,inf,0
17716632,no_u_turn,774852991,1292338299,1314268711,-32.7466047,151.5815515,via_way,osm,inf,inf,inf,inf,0
17716634,no_u_turn,912745143,8478895744,1292338301,-32.7733695,151.6073402,via_node,osm,inf,inf,inf,inf,0
17716635,no_left_turn,1425110057,1839435442,1292338301,-32.7731405,151.6074908,via_node,osm,inf,inf,inf,inf,0
17716636,no_u_turn,706162411,573689447,23892967,-32.8130927,151.4809348,via_way,osm,inf,inf,inf,inf,0
17716637,no_u_turn,1445958510,1445958513,1445958511,-32.7617781,151.5933368,via_way,osm,inf,inf,inf,inf,0
17716638,no_u_turn,1445958512,1445958510,1445958513,-32.76174,151.5934065,via_way,osm,inf,inf,inf,inf,0
17716639,no_u_turn,1445958511,1445958512,1445958510,-32.7616787,151.5933607,via_way,osm,inf,inf,inf,inf,0
17716640,no_left_turn,970511796,2514642347,970511790,-32.7648532,151.6359052,via_node,osm,inf,inf,inf,inf,0
17716641,no_u_turn,1292338305,1292338306,1292338303,-32.7649377,151.6359788,via_way,osm,inf,inf,inf,inf,0
17716642,no_u_turn,1292338304,1292338305,1292338306,-32.7648714,151.6360833,via_way,osm,inf,inf,inf,inf,0
17716643,no_u_turn,1292338306,1292338303,1292338304,-32.7648532,151.6359052,via_way,osm,inf,inf,inf,inf,0
17716644,no_u_turn,864560725,864560722,581602994,-32.7645326,151.5278229,via_way,osm,inf,inf,inf,inf,0
17716645,no_u_turn,581602993,864560722,864560723,-32.7645326,151.5278229,via_way,osm,inf,inf,inf,inf,0
17716703,no_left_turn,1342096983,1839186407,1290130531,-32.852161,151.7001377,via_node,osm,inf,inf,inf,inf,0
17716704,no_u_turn,347409490,1839186407,1342096989,-32.852161,151.7001377,via_node,osm,inf,inf,inf,inf,0
17716705,no_u_turn,1290130531,3537361866,347409489,-32.8524134,151.6998845,via_node,osm,inf,inf,inf,inf,0
17716730,no_left_turn,419704056,1848235894,576485689,-32.9258374,151.6960433,via_node,osm,inf,inf,inf,0.0,0
17716731,no_left_turn,370795956,249344227,419704055,-32.9259274,151.6959951,via_node,osm,inf,inf,inf,10.9,0
17716732,no_u_turn,576485688,419705393,576485686,-32.9259658,151.6961219,via_way,osm,inf,inf,inf,16.0,0
17719750,no_u_turn,173577832,1848222458,771170663,-32.9103896,151.7131304,via_node,osm,inf,inf,2462.2,1348.1,0
17719753,no_u_turn,161264668,415283779,415283778,-32.8968263,151.7061863,via_way,osm,inf,inf,3969.8,2722.8,0
17719754,no_left_turn,161264668,1732502973,161270324,-32.8968263,151.7061863,via_node,osm,inf,inf,3969.8,2722.8,0
17719757,no_left_turn,669260900,1843582599,764325202,-32.8979948,151.7215603,via_node,osm,inf,inf,3096.4,2745.9,0
17719972,no_u_turn,1292599611,1292599610,1292599612,-33.0239231,151.6635056,via_way,osm,inf,inf,inf,inf,0
17719973,no_u_turn,584983905,1292599611,1292599610,-33.0238807,151.6634233,via_way,osm,inf,inf,inf,inf,0
17719974,no_u_turn,1292599612,584983905,1292599611,-33.0239495,151.6633694,via_way,osm,inf,inf,inf,inf,0
17719975,no_u_turn,576091715,576091719,173171098,-32.9240342,151.6158424,via_way,osm,inf,inf,inf,inf,0
17719976,no_u_turn,1299688736,173175155,1299638355,-32.9407576,151.7075676,via_way,osm,inf,inf,3094.0,1969.7,0
17719977,no_u_turn,261968881,2676057365,347409451,-32.9168094,151.7032085,via_node,osm,inf,inf,2986.9,498.9,0
17719978,no_u_turn,758270553,758270552,758270551,-32.9075534,151.6651731,via_way,osm,inf,inf,inf,3180.5,0
17719979,no_u_turn,758270552,758270551,758270554,-32.9074478,151.6651642,via_way,osm,inf,inf,inf,3187.2,0
17719980,no_u_turn,758270554,758270553,758270552,-32.9075351,151.6653016,via_way,osm,inf,inf,inf,3171.2,0
17719981,no_u_turn,758270551,758270554,758270553,-32.9074261,151.6652912,via_way,osm,inf,inf,inf,3178.3,0
17719982,no_left_turn,33233175,2670906168,714680370,-32.9075351,151.6653016,via_node,osm,inf,inf,inf,3171.2,0
17723292,no_u_turn,836826947,26258620,836826952,-32.9428152,151.6540348,via_way,osm,inf,inf,inf,inf,0
17723293,no_u_turn,836826943,26258620,836826948,-32.9428152,151.6540348,via_way,osm,inf,inf,inf,inf,0
17723296,no_u_turn,834097860,35680048,834075032,-32.8912222,151.6680823,via_way,osm,inf,inf,inf,inf,0
17723297,no_u_turn,834075036,35680048,834097867,-32.8912222,151.6680823,via_way,osm,inf,inf,inf,inf,0
17723317,no_u_turn,857036982,857037020,857036977,-32.9182936,151.5978674,via_way,osm,inf,inf,inf,inf,0
17723318,no_u_turn,857036994,857036982,857037020,-32.918404,151.5977887,via_way,osm,inf,inf,inf,inf,0
17723319,no_u_turn,857036977,857036994,857036982,-32.9184535,151.5978875,via_way,osm,inf,inf,inf,inf,0
17723320,no_u_turn,857037020,857036977,857036994,-32.9183393,151.5979626,via_way,osm,inf,inf,inf,inf,0
17723321,no_left_turn,857036989,6160014310,857037028,-32.9184535,151.5978875,via_node,osm,inf,inf,inf,inf,0
17723322,no_left_turn,859985973,6160014309,857036984,-32.918404,151.5977887,via_node,osm,inf,inf,inf,inf,0
17723323,no_left_turn,857037008,5161979541,857036978,-32.9182936,151.5978674,via_node,osm,inf,inf,inf,inf,0
17723361,no_left_turn,1292789339,7871009806,834097849,-32.889612,151.6633907,via_node,osm,inf,inf,inf,inf,0
17723362,no_u_turn,843768573,1292789337,843768560,-32.8896945,151.6632506,via_way,osm,inf,inf,inf,inf,0
17723363,no_u_turn,1292789340,843768573,1292789337,-32.8897152,151.6633155,via_way,osm,inf,inf,inf,inf,0
17723364,no_u_turn,843768569,17088010,834075037,-32.8892848,151.6622741,via_node,osm,inf,inf,inf,inf,0
17723365,no_u_turn,843772200,1835869014,843768559,-32.8891737,151.6636898,via_node,osm,inf,inf,inf,inf,0
17723629,no_u_turn,849035077,810905890,580579476,-32.9496826,151.6565647,via_way,osm,inf,inf,inf,inf,0
17723630,no_u_turn,1391085905,4164961676,1390851996,-32.8111281,151.84357,via_node,osm,inf,inf,inf,inf,0
17723631,no_left_turn,415422369,7895610992,846285302,-32.811469,151.8442839,via_node,osm,inf,inf,inf,inf,0
17723632,no_left_turn,576070155,7895611042,846285310,-32.8115365,151.8442546,via_node,osm,inf,inf,inf,inf,0
17723633,no_u_turn,846285303,846285313,846285304,-32.8115963,151.8443754,via_way,osm,inf,inf,inf,inf,0
17723634,no_u_turn,846285311,846285303,846285313,-32.8115263,151.8444102,via_way,osm,inf,inf,inf,inf,0
17723635,no_u_turn,846285313,846285304,846285311,-32.8115365,151.8442546,via_way,osm,inf,inf,inf,inf,0
17723638,no_u_turn,839812768,26234257,580579469,-32.9338379,151.6556608,via_way,osm,inf,inf,inf,inf,0
17723639,no_u_turn,849040358,26234257,580579472,-32.9338379,151.6556608,via_way,osm,inf,inf,inf,inf,0
17723640,no_u_turn,859986018,859986015,859986011,-32.9158988,151.598842,via_way,osm,inf,inf,inf,inf,0
17723641,no_u_turn,859986003,859986018,859986015,-32.9159719,151.5988261,via_way,osm,inf,inf,inf,inf,0
17723642,no_u_turn,859986011,859986003,859986018,-32.9159767,151.5989538,via_way,osm,inf,inf,inf,inf,0
17723643,no_u_turn,859986015,859986011,859986003,-32.9159087,151.5989659,via_way,osm,inf,inf,inf,inf,0
17723644,no_u_turn,860253616,2483528288,531833076,-32.9160833,151.6001035,via_node,osm,inf,inf,inf,inf,0
17723645,no_left_turn,860253622,6160002952,859986012,-32.9158988,151.598842,via_node,osm,inf,inf,inf,inf,0
17723646,no_left_turn,649167434,6092847227,1221518850,-32.9321932,151.6527785,via_node,osm,inf,inf,inf,inf,0
17723647,no_left_turn,843318672,2025989696,649169748,-32.9320609,151.6528574,via_node,osm,inf,inf,inf,inf,0
17723648,no_u_turn,776345529,1292807570,1292807569,-32.9321932,151.6527785,via_way,osm,inf,inf,inf,inf,0
17723649,no_u_turn,1292807568,776345529,1292807570,-32.9320609,151.6528574,via_way,osm,inf,inf,inf,inf,0
17723650,no_u_turn,1292807569,1292807568,776345529,-32.9320042,151.6527647,via_way,osm,inf,inf,inf,inf,0
17723651,no_u_turn,1292807570,1292807569,1292807568,-32.9321294,151.6526753,via_way,osm,inf,inf,inf,inf,0
17723652,no_u_turn,443374831,4409599941,25424800,-32.9732641,151.6430741,via_node,osm,inf,inf,inf,inf,0
17723653,no_u_turn,443374833,4409599949,443374832,-32.9734248,151.643752,via_node,osm,inf,inf,inf,inf,0
17723654,no_u_turn,443374828,4409599931,1221518852,-32.9752208,151.6464806,via_node,osm,inf,inf,inf,inf,0
17728434,no_u_turn,688597067,573325146,573325147,-32.9182025,151.7245397,via_way,osm,inf,inf,1091.3,558.9,0
17728435,no_u_turn,1293034485,1293034487,1293034488,-32.8775706,151.6478981,via_way,osm,inf,inf,inf,inf,0
17728436,no_u_turn,1293034486,1293034485,1293034487,-32.877488,151.6478486,via_way,osm,inf,inf,inf,inf,0
17728437,no_u_turn,1293034488,1293034486,1293034485,-32.8775351,151.6477418,via_way,osm,inf,inf,inf,inf,0
17728438,no_u_turn,1293034487,1293034488,1293034486,-32.8775929,151.6478442,via_way,osm,inf,inf,inf,inf,0
17728439,no_u_turn,620635724,287282754,620635723,-32.8772416,151.648381,via_node,osm,inf,inf,inf,inf,0
17728440,no_u_turn,609141082,552130732,552130736,-32.9658899,151.6935957,via_way,osm,inf,inf,inf,inf,0
17728441,no_u_turn,1228343622,5331130580,609141089,-32.9656578,151.694758,via_node,osm,inf,inf,inf,inf,0
17728442,no_u_turn,1498132784,1293034489,700105144,-32.9848438,151.6917601,via_way,osm,inf,inf,inf,inf,0
17728443,no_u_turn,700105148,1293034489,553291002,-32.9848438,151.6917601,via_way,osm,inf,inf,inf,inf,0
17728444,no_left_turn,657048927,7805070269,1016788660,-32.9485086,151.684393,via_node,osm,inf,inf,inf,2732.3,0
17728445,no_u_turn,173577915,4507476246,454125588,-32.9223769,151.7146355,via_node,osm,inf,inf,1821.4,102.9,0
17728446,no_u_turn,454125585,417729871,888013810,-32.9222341,151.7147491,via_node,osm,inf,inf,1812.4,95.0,0
17731797,no_u_turn,569045713,6945167511,830169111,-33.0092982,151.593956,via_node,osm,inf,inf,inf,inf,0
17731801,no_u_turn,1088068627,9969217656,1088068626,-32.8976514,151.6763059,via_node,osm,inf,inf,inf,3206.6,0
17731802,no_u_turn,834075019,7786092872,834075018,-32.8978745,151.6758228,via_node,osm,inf,inf,inf,3209.9,0
17731804,no_u_turn,32340298,1838102058,400509198,-32.8733549,151.643947,via_node,osm,inf,inf,inf,inf,0
17731805,no_u_turn,72370215,4057257545,742051160,-32.9839347,151.6026081,via_node,osm,inf,inf,inf,inf,0
17731806,no_u_turn,742051160,25943102,72370215,-32.9804974,151.6040104,via_node,osm,inf,inf,inf,inf,0
17731807,no_u_turn,1087907501,1102827308,1087907500,-32.9044006,151.6868095,via_way,osm,inf,inf,inf,2101.9,0
17731808,no_u_turn,1087907500,1102827309,1087907501,-32.9042774,151.6869107,via_way,osm,inf,inf,inf,2111.6,0
17731809,no_u_turn,575699362,414566672,1087907497,-32.9038638,151.6870249,via_node,osm,inf,inf,inf,2151.3,0
17731810,no_u_turn,1087907499,6241808194,1087907498,-32.904795,151.6867999,via_node,osm,inf,inf,inf,2061.2,0
17731811,no_u_turn,1293396899,8814524816,952324009,-32.9028821,151.6695689,via_node,osm,inf,inf,inf,3160.8,0
17731812,no_left_turn,1293396899,287289281,261470907,-32.903094,151.669623,via_node,osm,inf,inf,inf,3141.2,0
17731813,no_u_turn,443187026,480999467,1301238036,-32.9031416,151.6696503,via_way,osm,inf,inf,inf,3135.8,0
17731814,no_u_turn,1088057650,6968079042,1088057649,-32.9036845,151.6689098,via_node,osm,inf,inf,inf,3147.6,0
17731815,no_u_turn,585977747,249343268,585977746,-33.0064082,151.6852098,via_node,osm,inf,inf,inf,inf,0
17731816,no_left_turn,580989937,249343248,585977746,-33.0061753,151.685006,via_node,osm,inf,inf,inf,inf,0
17731817,no_u_turn,580989937,580989615,580989936,-33.0061753,151.685006,via_way,osm,inf,inf,inf,inf,0
17731818,no_u_turn,1293396900,173130577,834805855,-32.9329205,151.6365953,via_way,osm,inf,inf,inf,inf,0
17731819,no_u_turn,834805858,173130577,32312990,-32.9329205,151.6365953,via_way,osm,inf,inf,inf,inf,0
17731820,no_left_turn,688568560,2643520648,688568559,-32.934997,151.7072291,via_node,osm,inf,inf,2787.3,1387.3,0
17731822,no_u_turn,688568560,8975857810,969953697,-32.9347672,151.7072794,via_node,osm,inf,inf,2772.0,1361.5,0
17731823,no_u_turn,637518456,1293396901,637518459,-32.9924745,151.68272,via_way,osm,inf,inf,inf,inf,0
17731824,no_u_turn,1527703390,1293396901,1527703389,-32.9924745,151.68272,via_way,osm,inf,inf,inf,inf,0
17731825,no_u_turn,637518459,6010072816,637518456,-32.9921343,151.682395,via_node,osm,inf,inf,inf,inf,0
17731826,no_left_turn,205749910,2157256274,780636653,-32.9921206,151.6886675,via_node,osm,inf,inf,inf,inf,0
17731827,no_left_turn,175584636,1835780572,771499923,-32.9922454,151.6886741,via_node,osm,inf,inf,inf,inf,0
17731828,no_left_turn,217385561,249343523,76946810,-32.9922385,151.6888603,via_node,osm,inf,inf,inf,inf,0
17731829,no_left_turn,76946821,2157256272,771499922,-32.9921093,151.6888485,via_node,osm,inf,inf,inf,inf,0
17731830,no_u_turn,559768096,559768057,722553970,-32.9922454,151.6886741,via_way,osm,inf,inf,inf,inf,0
17731831,no_u_turn,1293396902,559768096,559768057,-32.9922385,151.6888603,via_way,osm,inf,inf,inf,inf,0
17731832,no_u_turn,722553970,1293396902,559768096,-32.9921093,151.6888485,via_way,osm,inf,inf,inf,inf,0
17731833,no_u_turn,559768057,722553970,1293396902,-32.9921206,151.6886675,via_way,osm,inf,inf,inf,inf,0
17731837,no_u_turn,329227972,3360641419,329227971,-32.9258325,151.718301,via_node,osm,inf,inf,1485.4,344.0,0
17731838,no_right_turn,1293396903,11265816234,329227972,-32.925956,151.7183716,via_node,osm,inf,inf,1480.9,356.8,0
17731839,no_u_turn,173171098,576092797,576092798,-32.9238299,151.6220168,via_way,osm,inf,inf,inf,inf,0
17731840,no_left_turn,584983907,249343129,584983908,-33.0215155,151.666549,via_node,osm,inf,inf,inf,inf,0
17731841,no_left_turn,584983916,5591102679,1005496375,-33.0214859,151.6665994,via_node,osm,inf,inf,inf,inf,0
17731842,no_u_turn,771486599,584983900,584983910,-33.0214859,151.6665994,via_way,osm,inf,inf,inf,inf,0
17731843,no_u_turn,584983910,1005496374,771486599,-33.021447,151.6664844,via_way,osm,inf,inf,inf,inf,0
17731844,no_u_turn,1005496374,771486599,584983900,-33.0214164,151.666534,via_way,osm,inf,inf,inf,inf,0
17731846,no_u_turn,714680366,415393752,714680364,-32.9049344,151.6905059,via_way,osm,inf,inf,inf,1953.8,0
17731847,no_u_turn,737700116,737662783,737662779,-32.9270024,151.6368773,via_way,osm,inf,inf,inf,inf,0
17731848,no_u_turn,418253040,737662783,737662780,-32.9270024,151.6368773,via_way,osm,inf,inf,inf,inf,0
17734660,no_u_turn,411883473,51649866,1291330525,-33.2413061,151.4423396,via_node,osm,inf,inf,inf,inf,0
17734661,no_left_turn,1253785974,4134710730,1254220411,-33.2419595,151.4451415,via_node,osm,inf,inf,inf,inf,0
17734662,no_left_turn,1383526610,4134710729,1383526611,-33.2419899,151.4452991,via_node,osm,inf,inf,inf,inf,0
17734663,no_u_turn,577262994,577262992,577262993,-33.2418609,151.4453252,via_way,osm,inf,inf,inf,inf,0
17734664,no_u_turn,577262995,618097705,411883472,-33.2423649,151.447897,via_node,osm,inf,inf,inf,inf,0
17734713,no_u_turn,830190924,3196460064,313639597,-33.2387173,151.5009596,via_node,osm,inf,inf,inf,inf,0
17734714,no_u_turn,830190717,7748153778,830190922,-33.2390733,151.5007755,via_node,osm,inf,inf,inf,inf,0
17734715,no_u_turn,830190926,7748153766,607114025,-33.2409559,151.5023491,via_node,osm,inf,inf,inf,inf,0
17734716,no_u_turn,607114025,1293596394,830190926,-33.239901,151.501871,via_way,osm,inf,inf,inf,inf,0
17734717,no_u_turn,1293596393,1293596394,1293596392,-33.239901,151.501871,via_way,osm,inf,inf,inf,inf,0
17734718,no_u_turn,637643227,6011134587,1293596400,-33.2396488,151.5021771,via_node,osm,inf,inf,inf,inf,0
17734719,no_left_turn,1293596393,11991610819,637643230,-33.239901,151.501871,via_node,osm,inf,inf,inf,inf,0
17734720,no_u_turn,1293596401,11991610816,637643230,-33.2397708,151.5020598,via_node,osm,inf,inf,inf,inf,0
17734721,no_left_turn,1293596396,6011133971,637643229,-33.2394729,151.5023257,via_node,osm,inf,inf,inf,inf,0
17734722,no_u_turn,1293596397,6011134586,637643228,-33.2390078,151.5023949,via_node,osm,inf,inf,inf,inf,0
17734723,no_u_turn,173565060,1843565049,637643226,-33.2394808,151.5027191,via_node,osm,inf,inf,inf,inf,0
17734746,no_u_turn,6201442,572482874,13741325,-33.2535233,151.4936539,via_way,osm,inf,inf,inf,inf,0
17734774,no_u_turn,829066683,7738875735,829066684,-33.1091982,151.4856126,via_node,osm,inf,inf,inf,inf,0
17734775,no_u_turn,741185099,11991650861,829066683,-33.1094911,151.4858041,via_node,osm,inf,inf,inf,inf,0
17734786,no_u_turn,751479213,1257757996,832627624,-33.2435771,151.468694,via_way,osm,inf,inf,inf,inf,0
17734787,no_u_turn,832627623,1257757996,751479215,-33.2435771,151.468694,via_way,osm,inf,inf,inf,inf,0
17734790,no_left_turn,184915882,1836634578,411883468,-33.2440976,151.444701,via_node,osm,inf,inf,inf,inf,0
17734791,no_u_turn,184915882,1836634578,624878760,-33.2440976,151.444701,via_node,osm,inf,inf,inf,inf,0
17734792,no_u_turn,411883469,849569565,849569566,-33.2440976,151.444701,via_way,osm,inf,inf,inf,inf,0
17734793,no_u_turn,411882621,849569565,411883468,-33.2440976,151.444701,via_way,osm,inf,inf,inf,inf,0
17781141,no_u_turn,855835140,573706181,150454570,-33.0569675,151.653679,via_way,osm,inf,inf,inf,inf,0
17781150,no_left_turn,768955283,942122549,683689892,-33.2280378,151.4212892,via_node,osm,inf,inf,inf,inf,0
17787840,no_right_turn,570218652,249344482,173577910,-32.9152979,151.703918,via_node,osm,inf,inf,2972.4,677.3,0
17812048,no_u_turn,436180094,2519676280,945320481,-32.9404845,151.7068892,via_node,osm,inf,inf,3127.2,1910.1,0
17876924,no_u_turn,1303069075,12068017176,1303069076,-32.750902,151.5847626,via_node,osm,inf,inf,inf,inf,0
17876925,no_u_turn,1303069079,12068017185,1303069078,-32.750575,151.5853317,via_node,osm,inf,inf,inf,inf,0
17921565,no_left_turn,218684016,7056586267,755443728,-32.8870576,151.7321131,via_node,osm,inf,inf,inf,inf,0
17921609,no_u_turn,827334794,6945167564,569137540,-33.0464461,151.564891,via_node,osm,inf,inf,inf,inf,0
17921610,no_u_turn,1305844848,6945167545,741892986,-33.0554344,151.5681086,via_node,osm,inf,inf,inf,inf,0
17921611,no_u_turn,845012878,3988039686,31235557,-33.0520041,151.5693231,via_node,osm,inf,inf,inf,inf,0
17921612,no_left_turn,1305844845,260576677,1063124770,-33.0520063,151.5685963,via_node,osm,inf,inf,inf,inf,0
17921613,only_straight_on,1305844849,260576677,845012880,-33.0520063,151.5685963,via_node,osm,inf,inf,inf,inf,0
17923594,no_u_turn,1441529776,1840020639,657048967,-32.9506291,151.7179041,via_node,osm,inf,inf,3312.8,3023.7,0
17923595,no_left_turn,657048970,12092766588,1305661006,-32.9510159,151.7177578,via_node,osm,inf,inf,3357.1,3065.2,0
17923596,no_left_turn,657048967,1835967828,580178249,-32.9509974,151.7178225,via_node,osm,inf,inf,3352.4,3063.7,0
17923597,no_u_turn,568382168,1306726214,1306726212,-32.9511142,151.7177992,via_way,osm,inf,inf,3364.8,3076.4,0
17947050,no_u_turn,1308542873,12117913284,1308542872,-32.7436346,151.643103,via_node,osm,inf,inf,inf,inf,0
17947052,only_straight_on,1308542873,2958189007,1308531805,-32.7433227,151.6431035,via_node,osm,inf,inf,inf,inf,0
18022636,no_u_turn,1292338299,1314268711,1292338300,-32.7466795,151.5816185,via_way,osm,inf,inf,inf,inf,0
18022641,no_u_turn,1314268711,1292338300,774852991,-32.746748,151.5815033,via_way,osm,inf,inf,inf,inf,0
18027156,no_left_turn,572451743,344913830,1226661505,-32.7483164,151.5788544,via_node,osm,inf,inf,inf,inf,0
18027157,no_u_turn,217634225,2269370841,217634222,-32.7480601,151.5786795,via_node,osm,inf,inf,inf,inf,0
18027158,no_u_turn,31020257,344913830,31020254,-32.7483164,151.5788544,via_node,osm,inf,inf,inf,inf,0
18027159,no_u_turn,1314268710,3979234382,1314268709,-32.7461306,151.5824254,via_node,osm,inf,inf,inf,inf,0
18115889,no_u_turn,1315305545,12174697235,702914202,-32.9629342,151.6916943,via_node,osm,inf,inf,inf,inf,0
18115890,no_u_turn,1320362327,12174697247,1320362328,-32.9630973,151.6924946,via_node,osm,inf,inf,inf,inf,0
18115891,no_u_turn,1320362329,1843126148,1320362327,-32.9629982,151.6924243,via_node,osm,inf,inf,inf,inf,0
18185981,no_right_turn,676662528,733855713,676662527,-32.8845299,151.7622967,via_node,osm,inf,inf,inf,inf,0
18227964,no_u_turn,1326381883,8597607360,1326381882,-33.2316912,151.4263387,via_node,osm,inf,inf,inf,inf,0
18227965,no_u_turn,1326381890,12272206960,1326381891,-33.2312409,151.4271229,via_node,osm,inf,inf,inf,inf,0
18227966,no_u_turn,1326381889,8597607366,926492139,-33.2309438,151.4261966,via_node,osm,inf,inf,inf,inf,0
18459471,no_u_turn,173097103,1839259857,173097102,-32.8915115,151.7071016,via_node,osm,inf,inf,inf,inf,0
18459472,no_u_turn,173097131,1839259800,173097108,-32.8912573,151.7060906,via_node,osm,inf,inf,inf,inf,0
18459473,no_u_turn,933277144,8650924579,933277143,-32.8907687,151.7064547,via_node,osm,inf,inf,inf,inf,0
18459474,no_u_turn,1345638280,1839259725,1345638281,-32.8910629,151.7069852,via_node,osm,inf,inf,inf,inf,0
18459475,no_right_turn,173097102,1839259796,933277149,-32.8912471,151.7066756,via_node,osm,inf,inf,inf,inf,0
18459476,no_right_turn,1345638281,12448046971,1345638276,-32.8911181,151.7068652,via_node,osm,inf,inf,inf,inf,0
18459477,no_right_turn,933277143,8650924618,1345638279,-32.8909923,151.7066837,via_node,osm,inf,inf,inf,inf,0
18459478,no_right_turn,173097108,1839259731,1345638277,-32.8910776,151.7065791,via_node,osm,inf,inf,inf,inf,0
18609420,no_right_turn,1371067670,271889250,25009652,-33.2547796,151.5010636,via_node,osm,inf,inf,inf,inf,0
18609421,no_right_turn,25009652,271889250,1354061096,-33.2547796,151.5010636,via_node,osm,inf,inf,inf,inf,0
18643313,no_right_turn,1356278034,3801516469,1356278035,-33.124434,151.6312784,via_node,osm,inf,inf,inf,inf,0
18644190,no_right_turn,218876161,1194993128,576485239,-32.76129,151.6357053,via_node,osm,inf,inf,inf,inf,0
18644191,no_left_turn,218876161,1194993128,218876163,-32.76129,151.6357053,via_node,osm,inf,inf,inf,inf,0
18644192,no_right_turn,1356329934,2280840987,1101013585,-32.7627351,151.6355957,via_node,osm,inf,inf,inf,inf,0
18644193,no_left_turn,218877339,2280840987,1101013585,-32.7627351,151.6355957,via_node,osm,inf,inf,inf,inf,0
18688833,no_right_turn,1290634888,11966336813,1358959662,-32.8099534,151.6664411,via_node,osm,inf,inf,inf,inf,0
18688834,no_right_turn,1358959664,332948323,1290634888,-32.8100257,151.6663782,via_node,osm,inf,inf,inf,inf,0
18688835,no_right_turn,1358959662,11966336988,1358959664,-32.8100171,151.6664863,via_node,osm,inf,inf,inf,inf,0
18798567,no_u_turn,620635709,443192528,620635710,-32.8754322,151.6502865,via_node,osm,inf,inf,inf,inf,0
18798568,no_u_turn,620643217,443191168,620643216,-32.8748964,151.6498176,via_node,osm,inf,inf,inf,inf,0
18798569,no_u_turn,620643212,1836212113,620643211,-32.874753,151.6504612,via_node,osm,inf,inf,inf,inf,0
18798570,no_u_turn,620643215,5863614117,620643214,-32.8752345,151.6508123,via_node,osm,inf,inf,inf,inf,0
19151066,no_right_turn,172654685,12849738713,1388104374,-32.8982209,151.6765564,via_node,osm,inf,inf,inf,3140.8,0
19288887,no_right_turn,584784535,12952978769,1409630229,-33.0334567,151.6604727,via_node,osm,inf,inf,inf,inf,0
19288888,no_right_turn,1409630229,12952978769,1409630230,-33.0334567,151.6604727,via_node,osm,inf,inf,inf,inf,0
19288920,no_right_turn,569138797,769667327,569138799,-33.0401106,151.6582005,via_node,osm,inf,inf,inf,inf,0
19288948,no_right_turn,1111930098,8584410498,1409639984,-32.9967069,151.686493,via_node,osm,inf,inf,inf,inf,0
19288987,no_right_turn,688542228,6456988518,580991109,-32.9995569,151.6855885,via_node,osm,inf,inf,inf,inf,0
19288993,no_right_turn,1409641201,5591102646,1409641200,-33.0185261,151.6689152,via_node,osm,inf,inf,inf,inf,0
19288994,no_right_turn,584983898,5591102661,584983895,-33.017009,151.6693684,via_node,osm,inf,inf,inf,inf,0
19288995,no_right_turn,1409641200,5591102652,584983895,-33.0169969,151.6692828,via_node,osm,inf,inf,inf,inf,0
19288997,no_right_turn,59901558,17383597,172707730,-33.0227113,151.6647597,via_node,osm,inf,inf,inf,inf,0
19288998,no_right_turn,1391091022,5589372495,584983904,-33.0251933,151.6623823,via_node,osm,inf,inf,inf,inf,0
19289001,no_right_turn,584784527,5589372495,1391091022,-33.0251933,151.6623823,via_node,osm,inf,inf,inf,inf,0
19289006,no_right_turn,584784529,276856802,172707741,-33.026656,151.6617735,via_node,osm,inf,inf,inf,inf,0
19289007,no_right_turn,584784475,5589372502,584784528,-33.0291234,151.661145,via_node,osm,inf,inf,inf,inf,0
19289010,no_right_turn,584784539,5589372502,584784475,-33.0291234,151.661145,via_node,osm,inf,inf,inf,inf,0
19289012,no_right_turn,580989937,249343248,580989615,-33.0061753,151.685006,via_node,osm,inf,inf,inf,inf,0
19326426,no_right_turn,1412691326,6241808239,666661921,-32.8985299,151.6759696,via_node,osm,inf,inf,inf,3141.6,0
19326427,no_u_turn,172654732,1835374997,1412691326,-32.8987015,151.6756808,via_node,osm,inf,inf,inf,3140.7,0
19326428,no_right_turn,1388104374,17088957,172654683,-32.8981798,151.676644,via_node,osm,inf,inf,inf,3140.3,0
19326429,no_u_turn,666661921,1835375001,172654732,-32.8988813,151.6759003,via_node,osm,inf,inf,inf,3112.8,0
19331023,no_u_turn,786121733,276583007,415393753,-32.9047742,151.6905393,via_node,osm,inf,inf,inf,1970.6,0
19378237,no_u_turn,51204259,653302920,1416512891,-32.7586945,151.7464299,via_node,osm,inf,inf,inf,inf,0
19669676,no_left_turn,1434789015,13188143541,1434802743,-32.8161048,151.6236541,via_node,osm,inf,inf,inf,inf,0
19669677,no_right_turn,1434802744,13188143540,1434802747,-32.8161208,151.6235422,via_node,osm,inf,inf,inf,inf,0
19669678,no_left_turn,1434789016,13188143540,1434802748,-32.8161208,151.6235422,via_node,osm,inf,inf,inf,inf,0
19669679,no_right_turn,1434802747,12438178991,1434789011,-32.8160294,151.6235674,via_node,osm,inf,inf,inf,inf,0
19669680,no_right_turn,1434789011,13188143541,1434802744,-32.8161048,151.6236541,via_node,osm,inf,inf,inf,inf,0
19669681,no_right_turn,1434789014,13188143535,1434789021,-32.8156237,151.6269271,via_node,osm,inf,inf,inf,inf,0
19669682,no_right_turn,1434802745,13188143536,1434789019,-32.8163563,151.6213325,via_node,osm,inf,inf,inf,inf,0
19764128,no_straight_on,315564684,285923813,1445695925,-32.9223824,151.7157502,via_node,osm,inf,inf,1717.7,0.0,0
19783943,no_right_turn,741577960,7775129877,1446801667,-33.1158945,151.4782163,via_node,osm,inf,inf,inf,inf,0
19872750,no_right_turn,1453012514,13325526588,1453012511,-32.7634531,151.7675649,via_node,osm,inf,inf,inf,inf,0
19872751,no_right_turn,1453012510,366120119,1453012514,-32.7634294,151.7673876,via_node,osm,inf,inf,inf,inf,0
19886442,no_u_turn,1453012511,13325526586,1453012510,-32.7635738,151.7674669,via_node,osm,inf,inf,inf,inf,0
19904612,no_right_turn,173574950,286621109,1322351351,-32.8951188,151.7211558,via_node,osm,inf,inf,3713.9,3055.2,0
19965281,no_right_turn,1458854709,245998211,1458854712,-32.8789494,151.7159226,via_node,osm,inf,inf,inf,inf,0
19965282,no_right_turn,1458854712,13379148755,1458854714,-32.8790393,151.7160456,via_node,osm,inf,inf,inf,inf,0
19965283,no_right_turn,1458854714,11541260177,1458854709,-32.8790895,151.7158723,via_node,osm,inf,inf,inf,inf,0
19965292,no_u_turn,22880857,13379216324,1458856304,-32.8884299,151.7196097,via_node,osm,inf,inf,inf,inf,0
20036461,only_straight_on,651999449,2630626753,1216172182,-32.7174914,152.1597311,via_node,osm,inf,inf,inf,inf,0
20036462,only_straight_on,651999447,6113327681,4296506,-32.7179139,152.1596573,via_node,osm,inf,inf,inf,inf,0
20036463,only_straight_on,651999448,6113327683,768490206,-32.7177461,152.160083,via_node,osm,inf,inf,inf,inf,0
20036464,only_straight_on,651999446,6113327682,1444465999,-32.7176941,152.1594173,via_node,osm,inf,inf,inf,inf,0
20038521,no_u_turn,403193345,4055666144,1463654609,-32.829244,151.3331583,via_node,osm,inf,inf,inf,inf,0
20038545,no_u_turn,569588718,5477537584,569588715,-32.5375834,151.1749637,via_node,osm,inf,inf,inf,inf,0
20038546,no_u_turn,569588711,5477537583,1463655610,-32.5379688,151.1744,via_node,osm,inf,inf,inf,inf,0
20038552,no_u_turn,831116188,4111182649,1463655729,-32.7663086,152.0125818,via_node,osm,inf,inf,inf,inf,0
20038620,no_u_turn,720122204,6061713226,720122203,-32.7897747,151.5168177,via_node,osm,inf,inf,inf,inf,0
20038621,no_u_turn,1092248327,10003363259,1463658695,-32.7902169,151.5165524,via_node,osm,inf,inf,inf,inf,0
20041972,no_u_turn,1463828729,824557450,1463828730,-32.8003587,151.4935425,via_node,osm,inf,inf,inf,inf,0
20042510,no_u_turn,1363994389,12630060787,1463857478,-33.1243508,151.6298485,via_node,osm,inf,inf,inf,inf,0
20042511,no_u_turn,1463857478,12630060769,1363994389,-33.1226992,151.6297336,via_node,osm,inf,inf,inf,inf,0
20042524,no_u_turn,847843563,277127286,1463857641,-32.9596895,151.6563663,via_node,osm,inf,inf,inf,inf,0
20042730,no_u_turn,1463872844,706983368,26236414,-32.8267026,151.6357548,via_node,osm,inf,inf,inf,inf,0
20042833,no_u_turn,1463878341,4870748748,1463878342,-32.6560291,151.3383968,via_node,osm,inf,inf,inf,inf,0
20042875,no_u_turn,1463882052,287256732,33095004,-32.911037,151.6779142,via_node,osm,inf,inf,inf,1980.7,0
20058592,no_u_turn,415394638,4164422846,415394637,-32.7382493,152.1089264,via_node,osm,inf,inf,inf,inf,0
20058593,no_u_turn,1465230786,28868508,709490523,-32.7370317,152.1096232,via_node,osm,inf,inf,inf,inf,0
20058808,no_u_turn,173683968,260540130,1465245943,-33.1867619,151.6213479,via_node,osm,inf,inf,inf,inf,0
20058845,no_u_turn,1472185342,6680967509,1465248456,-32.531976,151.1399442,via_node,osm,inf,inf,inf,inf,0
20058891,no_u_turn,4536621,28192999,1465250369,-32.7236207,152.1065536,via_node,osm,inf,inf,inf,inf,0
20059271,no_u_turn,578810680,2471699523,1416464491,-32.859972,151.5388453,via_node,osm,inf,inf,inf,inf,0
20059272,no_u_turn,578810676,5544894879,1465284632,-32.8600227,151.5382976,via_node,osm,inf,inf,inf,inf,0
20059273,no_u_turn,578810677,2471699531,578810678,-32.8604855,151.5381028,via_node,osm,inf,inf,inf,inf,0
20059274,no_u_turn,400355449,2471699671,1465284633,-32.8675186,151.5349123,via_node,osm,inf,inf,inf,inf,0
20062326,no_u_turn,1465550324,1835633360,172682642,-32.9313367,151.6670312,via_node,osm,inf,inf,inf,2725.3,0
20062499,no_u_turn,443338113,4409305644,443338108,-32.7898187,151.6353341,via_node,osm,inf,inf,inf,inf,0
20062500,no_u_turn,443338111,4409305643,443338107,-32.7904457,151.6353578,via_node,osm,inf,inf,inf,inf,0
20062501,no_u_turn,30212627,332948770,1465569508,-32.7877757,151.638366,via_node,osm,inf,inf,inf,inf,0
20062529,no_u_turn,1369912812,5477553887,1347694989,-32.5393373,151.1689571,via_node,osm,inf,inf,inf,inf,0
20062530,no_u_turn,569592082,5477553886,766230864,-32.5387336,151.1691111,via_node,osm,inf,inf,inf,inf,0
20062531,no_u_turn,1196688564,1160249939,1465572587,-32.5457481,151.1610481,via_node,osm,inf,inf,inf,inf,0
20062683,no_u_turn,173622712,1844006362,1465584870,-32.9965061,151.6646396,via_node,osm,inf,inf,inf,inf,0
20135425,no_u_turn,719689885,6755879949,719689884,-32.6681569,151.3489085,via_node,osm,inf,inf,inf,inf,0
20135426,no_u_turn,750685275,7018981724,1470192193,-32.6685989,151.3490868,via_node,osm,inf,inf,inf,inf,0
20135427,no_u_turn,719689883,6755879926,719689882,-32.6683169,151.3492286,via_node,osm,inf,inf,inf,inf,0
20135440,no_u_turn,1102519899,10088760260,1470192621,-33.1623446,151.6233848,via_node,osm,inf,inf,inf,inf,0
20135441,no_u_turn,746624404,6987054397,746624403,-33.1627297,151.6230053,via_node,osm,inf,inf,inf,inf,0
20135442,no_u_turn,746624398,6987054497,746624399,-33.1630174,151.6235581,via_node,osm,inf,inf,inf,inf,0
20135443,no_u_turn,746624400,6987054499,517807401,-33.1625969,151.6238226,via_node,osm,inf,inf,inf,inf,0
20135449,no_u_turn,741483169,7883670115,845012746,-33.0718462,151.4757252,via_node,osm,inf,inf,inf,inf,0
20135450,no_u_turn,845012746,105402930,11772939,-33.0724792,151.4773709,via_node,osm,inf,inf,inf,inf,0
20135451,no_u_turn,80124202,1270044066,1470196038,-33.07366,151.4753567,via_node,osm,inf,inf,inf,inf,0
20135526,no_u_turn,485739010,4785103834,1470200670,-32.7382869,152.1090521,via_node,osm,inf,inf,inf,inf,0
20171313,no_right_turn,1474115084,12054709086,1301467682,-32.7680131,151.7413881,via_node,osm,inf,inf,inf,inf,0
20171314,no_straight_on,43097482,345067279,578229246,-32.7685262,151.7414772,via_node,osm,inf,inf,inf,inf,0
20171315,no_right_turn,43097482,345067279,1456665488,-32.7685262,151.7414772,via_node,osm,inf,inf,inf,inf,0
20171316,no_right_turn,578229246,345067279,578229344,-32.7685262,151.7414772,via_node,osm,inf,inf,inf,inf,0
20171317,no_straight_on,578229246,345067279,43097482,-32.7685262,151.7414772,via_node,osm,inf,inf,inf,inf,0
20340611,no_u_turn,409216727,4111168329,409216728,-32.7888682,151.9117335,via_node,osm,inf,inf,inf,inf,0
20340612,no_u_turn,409216730,4111169764,409216729,-32.7896094,151.9114705,via_node,osm,inf,inf,inf,inf,0
20357050,no_u_turn,1491181430,11865915980,1278115201,-33.0284618,151.6042221,via_node,osm,inf,inf,inf,inf,0
20357051,no_u_turn,569591198,5477536520,1491181431,-32.5348598,151.1750485,via_node,osm,inf,inf,inf,inf,0
20357052,no_u_turn,1491181433,344918158,844685745,-32.745817,151.6088305,via_node,osm,inf,inf,inf,inf,0
20357053,no_u_turn,1491181435,3988040187,31238073,-33.0623221,151.5778559,via_node,osm,inf,inf,inf,inf,0
20357054,no_u_turn,31238073,347314953,1491181435,-33.0622828,151.5764067,via_node,osm,inf,inf,inf,inf,0
20357055,no_u_turn,173175027,1840020523,1491181436,-32.9479788,151.7038451,via_node,osm,inf,inf,3875.4,2553.8,0
20357056,no_u_turn,1491181437,5729205906,603524583,-32.8936962,151.7083049,via_node,osm,inf,inf,inf,3097.3,0
20357062,no_u_turn,548440033,2411618077,1491181443,-33.0283907,151.6425866,via_node,osm,inf,inf,inf,inf,0
20357063,no_u_turn,1491181445,9378454473,1016803157,-32.8822024,151.6923053,via_node,osm,inf,inf,inf,inf,0
20357064,no_u_turn,1491181446,9378454493,1016803158,-32.8820891,151.6925419,via_node,osm,inf,inf,inf,inf,0
20357065,no_u_turn,1016803158,9378454494,1491181446,-32.8818983,151.6929519,via_node,osm,inf,inf,inf,inf,0
20357068,no_u_turn,1491181449,706983805,56401238,-32.8246335,151.6445761,via_node,osm,inf,inf,inf,inf,0
20368347,no_u_turn,649150605,738432479,1492097496,-32.9334681,151.6403033,via_node,osm,inf,inf,inf,inf,0
20368348,no_u_turn,889028485,364821683,1492097497,-32.9350743,151.6837445,via_node,osm,inf,inf,inf,1532.4,0
20368349,no_u_turn,827334823,4236102426,1492097498,-33.0640947,151.4645187,via_node,osm,inf,inf,inf,inf,0
20368350,no_u_turn,339506557,824557444,339506568,-32.7999756,151.4955895,via_node,osm,inf,inf,inf,inf,0
20368351,no_u_turn,339506556,3467261670,339506566,-32.7999824,151.4959339,via_node,osm,inf,inf,inf,inf,0
20368352,no_u_turn,339506570,3467261612,1492097499,-32.7996979,151.4956361,via_node,osm,inf,inf,inf,inf,0
20368357,no_u_turn,744829781,364026312,1492097505,-32.8875783,151.6639211,via_node,osm,inf,inf,inf,inf,0
20500991,unspecified,1500745982,6945167517,31226525,-33.0110948,151.5936261,via_node,osm,inf,inf,inf,inf,0
20622334,no_u_turn,572181874,1106223340,1508779220,-32.6021876,152.1109292,via_way,osm,inf,inf,inf,inf,0
20658474,only_straight_on,1525670415,12843751694,1387469257,-32.9289772,151.6903317,via_node,osm,inf,inf,inf,625.4,0
20678603,only_straight_on,1415615236,10057911889,1512853611,-32.9291813,151.6923194,via_node,osm,inf,inf,inf,506.7,0
20678604,only_straight_on,1525670416,10057911889,1387469258,-32.9291813,151.6923194,via_node,osm,inf,inf,inf,506.7,0
20678605,only_straight_on,1510406175,10057911889,1512868497,-32.9291813,151.6923194,via_node,osm,inf,inf,inf,506.7,0
20690829,no_u_turn,1512081366,8733409454,1512081367,-32.9776521,151.7081419,via_node,osm,inf,inf,inf,inf,0
20690830,no_u_turn,1512081369,13818080145,1512081368,-32.9774918,151.7078087,via_node,osm,inf,inf,inf,inf,0
20690831,no_u_turn,1512081371,13818080150,1512081370,-32.9776285,151.707466,via_node,osm,inf,inf,inf,inf,0
20690832,no_u_turn,1512081373,13818080157,1512081372,-32.9780584,151.707571,via_node,osm,inf,inf,inf,inf,0
20773732,only_right_turn,172710291,1835859512,1524224588,-33.0161464,151.6444528,via_node,osm,inf,inf,inf,inf,0
20786326,no_right_turn,1500748408,347252913,1500748409,-33.0110788,151.5935018,via_node,osm,inf,inf,inf,inf,0
20786327,no_right_turn,1500748408,6945167517,1500748407,-33.0110948,151.5936261,via_node,osm,inf,inf,inf,inf,0
21177904,no_u_turn,607414939,50921366,69564080,-32.6821753,151.8147708,via_node,osm,inf,inf,inf,inf,0
21177905,no_u_turn,723565141,420503927,345718594,-32.6525922,151.8661458,via_node,osm,inf,inf,inf,inf,0
21177906,no_u_turn,723565139,171471029,1244507273,-32.6526581,151.8662091,via_way,osm,inf,inf,inf,inf,0
2312179,no_right_turn,30807920,1839186399,638742014,-32.8484288,151.6955375,via_node,osm,inf,inf,inf,inf,0
2312180,no_right_turn,573700140,1839186399,30807920,-32.8484288,151.6955375,via_node,osm,inf,inf,inf,inf,0
3504687,no_right_turn,173567167,287011918,261021416,-32.8953044,151.720974,via_node,osm,inf,inf,3705.3,3032.4,0
3506585,only_left_turn,261321509,1843667522,261167310,-32.9334979,151.7209263,via_node,osm,inf,inf,1617.7,1148.3,0
3517552,only_straight_on,261971620,2676216701,261971621,-32.8967815,151.681666,via_node,osm,inf,inf,inf,3061.5,0
3965939,no_right_turn,332381299,362011404,298242850,-32.9231342,151.7228495,via_node,osm,inf,inf,1049.5,0.0,0
4607267,only_left_turn,329227971,174778805,1221729713,-32.9258466,151.7184905,via_node,osm,inf,inf,1468.1,343.2,0
4627080,only_left_turn,327528554,417240223,1413447189,-32.962155,151.6953933,via_node,osm,inf,inf,inf,inf,0
4627081,only_right_turn,680672062,417240223,1413447189,-32.962155,151.6953933,via_node,osm,inf,inf,inf,inf,0
4665986,no_u_turn,30995479,344624251,174852223,-32.7623758,151.7002219,via_node,osm,inf,inf,inf,inf,0
4665987,no_u_turn,30995478,344624248,332353745,-32.7631863,151.7004254,via_node,osm,inf,inf,inf,inf,0
4665988,no_u_turn,332353751,111420947,30995477,-32.7632949,151.7018358,via_node,osm,inf,inf,inf,inf,0
4666177,no_u_turn,317913906,3242485668,332359629,-32.6330028,151.9959396,via_node,osm,inf,inf,inf,inf,0
4666235,no_left_turn,332364486,245998059,784048575,-32.8708608,151.710028,via_node,osm,inf,inf,inf,inf,0
4666238,no_u_turn,1194927512,346196484,1103967168,-32.7200871,151.5276716,via_node,osm,inf,inf,inf,inf,0
4666239,no_right_turn,31010796,344824881,332364478,-32.7644044,151.6027683,via_node,osm,inf,inf,inf,inf,0
4666241,no_right_turn,332364484,245998059,784048575,-32.8708608,151.710028,via_node,osm,inf,inf,inf,inf,0
4666242,no_right_turn,31134299,1842584444,573102672,-32.7197509,151.5279628,via_node,osm,inf,inf,inf,inf,0
4666243,no_right_turn,332364478,344824881,332364477,-32.7644044,151.6027683,via_node,osm,inf,inf,inf,inf,0
4666245,no_u_turn,721794027,332985648,31146490,-32.7396361,151.5524909,via_node,osm,inf,inf,inf,inf,0
4666246,no_right_turn,236664998,1839435460,332364481,-32.7872497,151.6259787,via_node,osm,inf,inf,inf,inf,0
4666248,no_right_turn,332364492,344911408,31020040,-32.7643139,151.5830401,via_node,osm,inf,inf,inf,inf,0
4666249,no_right_turn,576899531,2269370902,576899501,-32.7647581,151.5835599,via_node,osm,inf,inf,inf,inf,0
4666251,no_u_turn,332364486,445385535,37933938,-32.8710092,151.7095491,via_node,osm,inf,inf,inf,inf,0
4666252,no_u_turn,173441863,1842524880,173441867,-32.7621343,151.5994242,via_node,osm,inf,inf,inf,inf,0
4666253,no_u_turn,171479388,332948330,31032168,-32.8132815,151.6642978,via_node,osm,inf,inf,inf,inf,0
4666439,no_u_turn,172654690,352988923,1132934613,-32.9023083,151.6724243,via_node,osm,inf,inf,inf,3016.6,0
4666441,no_u_turn,31545083,352988932,332381294,-32.9023361,151.6712337,via_node,osm,inf,inf,inf,3091.2,0
4666442,no_u_turn,164050694,1757115999,332381292,-32.8965178,151.6923321,via_node,osm,inf,inf,inf,2856.5,0
4666443,no_u_turn,164050697,260947869,24056118,-32.8974741,151.6919926,via_node,osm,inf,inf,inf,2753.5,0
4666483,no_u_turn,538437585,2609117418,25424705,-32.9811289,151.6454458,via_node,osm,inf,inf,inf,inf,0
4666485,no_u_turn,332382910,2608920782,904941170,-32.9824351,151.6447083,via_node,osm,inf,inf,inf,inf,0
4669049,no_u_turn,173199290,1840416675,173545093,-33.10507,151.6245024,via_node,osm,inf,inf,inf,inf,0
4669050,no_u_turn,321750290,3285186658,321750291,-33.1099875,151.5326204,via_node,osm,inf,inf,inf,inf,0
4669051,no_right_turn,173199302,1843395673,332495989,-33.1045168,151.6256239,via_node,osm,inf,inf,inf,inf,0
4683465,no_u_turn,509873050,1189935934,509873052,-32.622194,151.1034317,via_node,osm,inf,inf,inf,inf,0
4683466,no_u_turn,67478230,814616367,333522238,-32.6574975,151.3612675,via_node,osm,inf,inf,inf,inf,0
4683467,no_u_turn,67478229,814616360,306070580,-32.6568057,151.3613973,via_node,osm,inf,inf,inf,inf,0
4683470,only_straight_on,509873064,35294840,509873020,-32.6124427,151.0988076,via_node,osm,inf,inf,inf,inf,0
4683472,only_straight_on,333522231,2648989862,762963072,-32.5759412,151.1843175,via_node,osm,inf,inf,inf,inf,0
4683473,only_straight_on,259480551,2648989850,884062970,-32.5751413,151.1833261,via_node,osm,inf,inf,inf,inf,0
4683474,only_straight_on,1425478955,814616352,333522230,-32.6566956,151.3605219,via_node,osm,inf,inf,inf,inf,0
4683476,only_straight_on,770493661,1189935516,1459146202,-32.617521,151.1034398,via_node,osm,inf,inf,inf,inf,0
4683477,only_straight_on,333522232,814616349,67478227,-32.6573954,151.3616471,via_node,osm,inf,inf,inf,inf,0
4683478,only_straight_on,333522227,821349476,795303740,-32.8316695,151.3558299,via_node,osm,inf,inf,inf,inf,0
4683480,no_u_turn,259480547,4990115499,1459146199,-32.6172985,151.1068824,via_node,osm,inf,inf,inf,inf,0
4683481,no_u_turn,509873067,4990113700,333522233,-32.6181062,151.10002,via_node,osm,inf,inf,inf,inf,0
4683482,only_straight_on,333522228,35294842,509873048,-32.6173443,151.1041002,via_node,osm,inf,inf,inf,inf,0
5177789,no_right_turn,574634450,276856563,347409330,-33.038393,151.6593169,via_node,osm,inf,inf,inf,inf,0
5474483,no_right_turn,260876896,246010634,173567155,-32.9038353,151.7203344,via_node,osm,inf,inf,2565.4,2090.5,0
5617382,no_left_turn,260224972,446877360,170988558,-32.8890293,151.725316,via_node,osm,inf,inf,inf,inf,0
6104161,only_straight_on,407667337,4096962205,509873411,-32.6732416,151.3832857,via_node,osm,inf,inf,inf,inf,0
6404414,no_u_turn,1249343949,344820812,43380394,-32.7657412,151.61324,via_node,osm,inf,inf,inf,inf,0
6414673,no_right_turn,431218418,1194993374,191843276,-32.7665149,151.7412035,via_node,osm,inf,inf,inf,inf,0
6597973,no_right_turn,30212474,332947638,172750596,-32.8065191,151.6334128,via_node,osm,inf,inf,inf,inf,0
6597974,no_right_turn,443341900,332947638,30212474,-32.8065191,151.6334128,via_node,osm,inf,inf,inf,inf,0
6719081,no_right_turn,454125586,417729871,173577915,-32.9222341,151.7147491,via_node,osm,inf,inf,1812.4,95.0,0
6719082,only_left_turn,454125588,4507476245,688568554,-32.9222195,151.7146161,via_node,osm,inf,inf,1825.0,107.5,0
6892188,no_right_turn,573325161,174778835,446614031,-32.9289978,151.7159215,via_node,osm,inf,inf,1782.8,625.6,0
7157989,no_right_turn,486798426,287008332,486798425,-32.8863908,151.7280488,via_node,osm,inf,inf,inf,inf,0
7157990,no_right_turn,175719627,1836540024,173518133,-32.8885463,151.7275015,via_node,osm,inf,inf,inf,inf,0
7157997,no_right_turn,415283775,3232178361,415283774,-32.8897337,151.7263058,via_node,osm,inf,inf,inf,inf,0
7157998,no_right_turn,486798454,3232178361,415283775,-32.8897337,151.7263058,via_node,osm,inf,inf,inf,inf,0
7204768,no_left_turn,688568564,1839861563,332381305,-32.9231146,151.7226759,via_node,osm,inf,inf,1065.8,0.0,0
7204769,no_left_turn,490457968,362011404,332381297,-32.9231342,151.7228495,via_node,osm,inf,inf,1049.5,0.0,0
7204770,no_left_turn,573325149,1839861567,784818802,-32.923227,151.7227588,via_node,osm,inf,inf,1057.1,13.3,0
7204771,no_left_turn,291023334,1839861566,32656494,-32.9232054,151.7225875,via_node,osm,inf,inf,1073.2,0.0,0
7500570,no_right_turn,517948584,5053454940,173066237,-33.2429764,151.4751713,via_node,osm,inf,inf,inf,inf,0
7876152,no_right_turn,1413447190,1843126166,700105120,-32.9634423,151.6951369,via_node,osm,inf,inf,inf,inf,0
7889790,no_u_turn,552061725,1843595796,552061724,-32.9843962,151.6716264,via_node,osm,inf,inf,inf,inf,0
7889791,no_u_turn,552061727,5330647449,552061722,-32.9835839,151.6706942,via_node,osm,inf,inf,inf,inf,0
7889792,no_u_turn,552061728,1843595804,173568495,-32.9845038,151.6710348,via_node,osm,inf,inf,inf,inf,0
7905563,only_straight_on,1087415297,17384027,1111989370,-33.1597609,151.611456,via_node,osm,inf,inf,inf,inf,0
7905566,only_straight_on,1464988013,10126954384,1111989372,-33.1597236,151.6114012,via_node,osm,inf,inf,inf,inf,0
7963994,no_u_turn,239376815,2496059137,769046272,-32.8289256,151.5339579,via_node,osm,inf,inf,inf,inf,0
7963995,no_u_turn,769046268,4432124204,445857142,-32.8297811,151.5279868,via_node,osm,inf,inf,inf,inf,0
7963996,no_u_turn,174389697,4432124206,445857145,-32.8304749,151.5271782,via_node,osm,inf,inf,inf,inf,0
7963997,no_u_turn,769046266,4432124197,769046267,-32.8310329,151.5277675,via_node,osm,inf,inf,inf,inf,0
7986893,no_u_turn,609141088,2157256169,204873679,-32.9656875,151.6953779,via_node,osm,inf,inf,inf,inf,0
7986894,no_right_turn,558872222,1843595664,173568550,-32.9821012,151.6747812,via_node,osm,inf,inf,inf,inf,0
7986895,no_right_turn,418259569,1835969644,330165295,-32.9622549,151.6961587,via_node,osm,inf,inf,inf,inf,0
7986896,no_right_turn,573312653,2157256165,330165295,-32.9622428,151.6960604,via_node,osm,inf,inf,inf,inf,0
8038492,no_u_turn,1228343621,552130732,418259576,-32.9658899,151.6935957,via_way,osm,inf,inf,inf,inf,0
8063669,no_right_turn,173743961,260539737,39370432,-33.2340906,151.5704298,via_node,osm,inf,inf,inf,inf,0
8063671,no_right_turn,39370433,260539737,173743961,-33.2340906,151.5704298,via_node,osm,inf,inf,inf,inf,0
8090884,no_u_turn,416628109,4173749611,712591029,-32.886524,151.4695295,via_node,osm,inf,inf,inf,inf,0
8091034,no_u_turn,173447115,1842585762,173447110,-32.707731,151.5090857,via_node,osm,inf,inf,inf,inf,0
8093100,no_u_turn,301772955,3058999038,301772963,-32.5553749,151.1622992,via_node,osm,inf,inf,inf,inf,0
8096713,no_u_turn,26342962,122656342,13293933,-33.2501548,151.4825965,via_node,osm,inf,inf,inf,inf,0
8096747,no_u_turn,261971873,25943205,1108467910,-32.895288,151.6822384,via_node,osm,inf,inf,inf,3194.8,0
8096765,no_u_turn,1101646708,1101646706,1101646707,-32.896058,151.6815603,via_way,osm,inf,inf,inf,3139.1,0
8096999,no_u_turn,413029044,351614904,413029041,-32.8224329,151.7018724,via_node,osm,inf,inf,inf,inf,0
8097000,no_u_turn,413029042,351614996,413029045,-32.8212896,151.6998977,via_node,osm,inf,inf,inf,inf,0
8097001,no_u_turn,413029047,4143574578,413029043,-32.8189146,151.6981063,via_node,osm,inf,inf,inf,inf,0
8097002,no_u_turn,413029043,4143574774,413029047,-32.8197947,151.6987371,via_node,osm,inf,inf,inf,inf,0
8097451,no_u_turn,8164369,51650383,13290972,-33.2547182,151.4971678,via_node,osm,inf,inf,inf,inf,0
8097452,no_u_turn,8656042,122635888,13291063,-33.2542522,151.4968552,via_node,osm,inf,inf,inf,inf,0
8097643,no_u_turn,301772702,3058999273,301772706,-32.6296367,151.2282187,via_node,osm,inf,inf,inf,inf,0
8097644,no_u_turn,762963058,2649105169,301772702,-32.6208129,151.2223782,via_node,osm,inf,inf,inf,inf,0
8097645,no_u_turn,884062980,8221796724,884062982,-32.6366182,151.230507,via_node,osm,inf,inf,inf,inf,0
8097646,no_left_turn,1244247320,3058999069,509873396,-32.642585,151.2335871,via_node,osm,inf,inf,inf,inf,0
8097792,no_u_turn,568378480,910344995,1139097782,-32.9404948,151.6887645,via_node,osm,inf,inf,inf,1757.2,0
8097793,no_u_turn,22882264,174779442,568378481,-32.9462512,151.6862025,via_node,osm,inf,inf,inf,2436.7,0
8097819,no_u_turn,1101362340,25954052,568378972,-32.7245415,152.1448959,via_node,osm,inf,inf,inf,inf,0
8097820,no_u_turn,415759877,2630626766,415759876,-32.7244156,152.1424893,via_node,osm,inf,inf,inf,inf,0
8097821,no_u_turn,415759871,4167259433,415759870,-32.7245317,152.1412583,via_node,osm,inf,inf,inf,inf,0
8097822,no_u_turn,415759868,2030836066,415759867,-32.7248384,152.1405038,via_node,osm,inf,inf,inf,inf,0
8097823,no_u_turn,415759861,4167259406,415759862,-32.7373239,152.1266863,via_node,osm,inf,inf,inf,inf,0
8097824,no_u_turn,415759862,4167259405,415759861,-32.738764,152.1203145,via_node,osm,inf,inf,inf,inf,0
8097945,no_u_turn,509873659,4990119262,509873312,-32.7541873,151.6082936,via_node,osm,inf,inf,inf,inf,0
8097946,no_u_turn,509873315,4990119258,509873309,-32.7544214,151.6072874,via_node,osm,inf,inf,inf,inf,0
8097947,no_u_turn,509873313,1967901452,509873318,-32.7551102,151.6074855,via_node,osm,inf,inf,inf,inf,0
8097948,no_u_turn,174852227,1855037619,174852225,-32.7555391,151.6086851,via_node,osm,inf,inf,inf,inf,0
8097966,no_right_turn,573312649,2157256169,552130729,-32.9656875,151.6953779,via_node,osm,inf,inf,inf,inf,0
8097967,no_right_turn,568382165,273343866,552130729,-32.9656849,151.6955096,via_node,osm,inf,inf,inf,inf,0
8097968,no_right_turn,568382166,249342909,173517000,-32.9635158,151.6958948,via_node,osm,inf,inf,inf,inf,0
8097969,no_u_turn,1306726213,568382168,1306726214,-32.9510978,151.7178555,via_way,osm,inf,inf,3360.7,3075.0,0
8097999,no_u_turn,688597002,568383661,568383662,-32.9119271,151.7209275,via_way,osm,inf,inf,1807.1,1212.2,0
8098007,no_u_turn,196809418,2071058654,441636431,-33.0113793,151.5850193,via_node,osm,inf,inf,inf,inf,0
8104429,no_right_turn,569034005,2608920684,573325160,-32.9296923,151.7156228,via_node,osm,inf,inf,1834.5,700.0,0
8104430,no_u_turn,1299638355,1299688737,1299688736,-32.9407079,151.707487,via_way,osm,inf,inf,3096.7,1961.0,0
8104486,no_right_turn,405516638,1843568982,1330536334,-32.9613357,151.6202258,via_node,osm,inf,inf,inf,inf,0
8104487,no_u_turn,574902118,4077079775,574902125,-32.9645195,151.6213932,via_node,osm,inf,inf,inf,inf,0
8104488,no_u_turn,32945480,277084190,60893809,-32.9698354,151.6382693,via_node,osm,inf,inf,inf,inf,0
8104489,no_u_turn,574902548,4077079903,574902547,-32.973206,151.6330495,via_node,osm,inf,inf,inf,inf,0
8104603,no_u_turn,441624583,2071058598,1388224402,-33.0041981,151.571773,via_node,osm,inf,inf,inf,inf,0
8104619,no_right_turn,1500748409,3991922070,1385485659,-33.0101847,151.5936776,via_node,osm,inf,inf,inf,inf,0
8105237,no_u_turn,569077060,249343247,347409377,-33.0113817,151.678154,via_node,osm,inf,inf,inf,inf,0
8105238,no_u_turn,569077053,347409380,569077058,-33.0113001,151.6780111,via_way,osm,inf,inf,inf,inf,0
8105239,no_u_turn,3506833,584983890,172707709,-33.0121254,151.6703175,via_way,osm,inf,inf,inf,inf,0
8105649,no_u_turn,196809421,2071058631,1389438456,-33.0054993,151.5757002,via_node,osm,inf,inf,inf,inf,0
8106099,no_u_turn,409217185,4111172582,409217184,-32.7888472,151.9023356,via_node,osm,inf,inf,inf,inf,0
8106138,no_u_turn,409216732,25953838,409216733,-32.7896579,151.9134333,via_node,osm,inf,inf,inf,inf,0
8106257,no_u_turn,786129117,268006708,786129113,-32.794297,151.8951033,via_node,osm,inf,inf,inf,inf,0
8106385,no_u_turn,443344624,2735307573,443344625,-32.6662252,151.3507621,via_node,osm,inf,inf,inf,inf,0
8106387,no_u_turn,825638724,2735304485,825638721,-32.6666744,151.3524237,via_node,osm,inf,inf,inf,inf,0
8106392,no_u_turn,443342888,4409345271,443342886,-32.6693929,151.3608819,via_node,osm,inf,inf,inf,inf,0
8106393,no_u_turn,443342884,2644403931,443342885,-32.6674273,151.3624481,via_node,osm,inf,inf,inf,inf,0
8106401,no_u_turn,509873416,4990119484,509873414,-32.6932197,151.4041281,via_node,osm,inf,inf,inf,inf,0
8106562,no_u_turn,509873414,4990119590,509873416,-32.6982377,151.4093836,via_node,osm,inf,inf,inf,inf,0
8106566,no_u_turn,443340418,4409326364,235775576,-32.7699409,151.6491738,via_node,osm,inf,inf,inf,inf,0
8106567,no_u_turn,443340419,4409326360,443340420,-32.769525,151.6488665,via_node,osm,inf,inf,inf,inf,0
8106568,no_u_turn,235775580,4409326361,443340421,-32.769195,151.649321,via_node,osm,inf,inf,inf,inf,0
8106576,no_u_turn,31018013,4409321602,443339733,-32.7730639,151.648934,via_node,osm,inf,inf,inf,inf,0
8106577,no_u_turn,443339735,4409321601,443339728,-32.7729549,151.6481922,via_node,osm,inf,inf,inf,inf,0
8106578,no_u_turn,443339734,2438470341,443339730,-32.7733074,151.6484941,via_node,osm,inf,inf,inf,inf,0
8106579,no_u_turn,235775582,2438470340,443339731,-32.7726794,151.6486064,via_node,osm,inf,inf,inf,inf,0
8106584,no_u_turn,802515789,820592636,68024686,-32.8015433,151.467913,via_node,osm,inf,inf,inf,inf,0
8106585,no_u_turn,676665458,25953860,24657221,-32.7928608,151.9506807,via_node,osm,inf,inf,inf,inf,0
8106589,no_u_turn,68024686,258979209,1118796095,-32.8027477,151.4666663,via_node,osm,inf,inf,inf,inf,0
8106678,no_u_turn,443369939,1835930057,443369938,-32.8766115,151.6380733,via_node,osm,inf,inf,inf,inf,0
8106679,no_u_turn,443369937,4409567040,443369930,-32.8761827,151.6390065,via_node,osm,inf,inf,inf,inf,0
8106703,no_u_turn,569135639,1835929966,172715461,-32.8732967,151.6418155,via_node,osm,inf,inf,inf,inf,0
8106704,no_u_turn,172715461,1835930000,569135642,-32.8744698,151.6401646,via_node,osm,inf,inf,inf,inf,0
8106726,no_u_turn,23892757,4173749187,416628093,-32.9186045,151.4788369,via_node,osm,inf,inf,inf,inf,0
8106727,no_u_turn,416628097,4173749506,416628092,-32.914997,151.4787125,via_node,osm,inf,inf,inf,inf,0
8106732,no_u_turn,443186302,1835513839,443186301,-32.9061835,151.6642095,via_node,osm,inf,inf,inf,3336.5,0
8106733,no_u_turn,172669548,1835513832,443186300,-32.9055591,151.664199,via_node,osm,inf,inf,inf,3374.6,0
8106752,no_u_turn,172669524,4408108392,443187866,-32.914189,151.6657817,via_node,osm,inf,inf,inf,2820.4,0
8106753,no_u_turn,443187867,4408108394,443187862,-32.914371,151.665543,via_node,osm,inf,inf,inf,2835.3,0
8106754,no_u_turn,443187863,4408108406,443187864,-32.9139491,151.6654921,via_node,osm,inf,inf,inf,2854.5,0
8106755,no_u_turn,443187865,4408108393,443187861,-32.9141351,151.6652555,via_node,osm,inf,inf,inf,2868.9,0
8106780,no_u_turn,569137540,4339574342,436078527,-33.0467061,151.5649812,via_node,osm,inf,inf,inf,inf,0
8106782,only_straight_on,196017689,2063892378,4295358,-33.0357779,151.565557,via_node,osm,inf,inf,inf,inf,0
8106786,only_straight_on,196017693,859545803,740889130,-33.0370848,151.5643186,via_node,osm,inf,inf,inf,inf,0
8106810,no_right_turn,569138415,1845007692,574634666,-33.0372451,151.6598759,via_node,osm,inf,inf,inf,inf,0
8106816,no_u_turn,172654443,569138797,569138798,-33.0401106,151.6582005,via_way,osm,inf,inf,inf,inf,0
8109732,only_straight_on,410213087,1157917337,44352218,-32.5590601,151.1735908,via_node,osm,inf,inf,inf,inf,0
8110429,no_u_turn,578451904,3537364670,578451903,-33.2132027,151.4697491,via_node,osm,inf,inf,inf,inf,0
8110430,no_u_turn,347409350,3537364830,332508222,-33.2096018,151.4837422,via_node,osm,inf,inf,inf,inf,0
8110432,no_u_turn,409220790,4107151013,409220791,-32.7693535,152.0745446,via_node,osm,inf,inf,inf,inf,0
8112423,no_u_turn,569696841,2157256195,205749914,-32.9696699,151.6919143,via_node,osm,inf,inf,inf,inf,0
8112462,no_right_turn,836021837,420485892,35974923,-32.9490483,151.6704911,via_node,osm,inf,inf,inf,3503.7,0
8112469,no_u_turn,1329810259,4058966417,573265917,-32.9742427,151.6063718,via_node,osm,inf,inf,inf,inf,0
8112475,no_u_turn,25515030,25943096,25515042,-32.957777,151.6181945,via_node,osm,inf,inf,inf,inf,0
8112496,no_u_turn,1237733717,286621108,1237733716,-32.8955832,151.713947,via_node,osm,inf,inf,4065.0,2967.2,0
8112497,no_u_turn,415283777,3232218177,317014171,-32.8957583,151.7182182,via_node,osm,inf,inf,3805.9,2952.0,0
8112572,no_u_turn,161270328,1732592728,161270319,-32.8958644,151.7050581,via_node,osm,inf,inf,4119.2,2815.2,0
8112601,no_u_turn,409240499,4111416114,243537635,-32.7497149,152.0684964,via_node,osm,inf,inf,inf,inf,0
8112602,no_u_turn,409240491,4111416107,409240492,-32.7490803,152.0688102,via_node,osm,inf,inf,inf,inf,0
8112604,no_u_turn,408806056,4107150993,408806055,-32.7677683,152.0657778,via_node,osm,inf,inf,inf,inf,0
8112636,no_u_turn,970511793,2514642360,244114426,-32.7665128,151.6332767,via_node,osm,inf,inf,inf,inf,0
8112658,no_u_turn,884029619,258987219,884029618,-32.7380856,151.5513961,via_node,osm,inf,inf,inf,inf,0
8112693,no_u_turn,762963078,705009697,423372368,-32.5545095,151.1525878,via_node,osm,inf,inf,inf,inf,0
8112705,no_u_turn,846574306,4164929369,415422356,-32.8186916,151.8431254,via_node,osm,inf,inf,inf,inf,0
8113456,only_straight_on,745483237,4167517254,415790633,-32.794719,151.6356802,via_node,osm,inf,inf,inf,inf,0
8113458,only_straight_on,185743946,4167517255,415790631,-32.7947703,151.6357721,via_node,osm,inf,inf,inf,inf,0
8113459,no_u_turn,1244507164,848345136,1244507163,-32.7917294,151.637032,via_node,osm,inf,inf,inf,inf,0
8113460,no_u_turn,1244507161,332948766,1244507162,-32.7924907,151.6379006,via_node,osm,inf,inf,inf,inf,0
8113461,no_u_turn,235775586,4409305645,443338110,-32.7897108,151.6359972,via_node,osm,inf,inf,inf,inf,0
8113462,no_u_turn,443338112,4409305646,443338106,-32.7903318,151.6361065,via_node,osm,inf,inf,inf,inf,0
8113463,no_u_turn,236354994,4409296631,443338537,-32.7809989,151.643685,via_node,osm,inf,inf,inf,inf,0
8113467,no_u_turn,71286198,4535148115,457356686,-32.796975,151.6409024,via_node,osm,inf,inf,inf,inf,0
8113907,no_u_turn,37002686,4409561344,443369184,-32.880753,151.650666,via_node,osm,inf,inf,inf,inf,0
8113908,no_u_turn,443369185,4409561353,443369186,-32.8816683,151.6519133,via_node,osm,inf,inf,inf,inf,0
8114028,only_straight_on,573648962,4167517255,415790634,-32.7947703,151.6357721,via_node,osm,inf,inf,inf,inf,0
8114029,only_straight_on,185743949,4167517254,415790632,-32.794719,151.6356802,via_node,osm,inf,inf,inf,inf,0
8114030,only_straight_on,745483245,4167517254,415790630,-32.794719,151.6356802,via_node,osm,inf,inf,inf,inf,0
8114031,only_straight_on,745483252,4167517255,185743952,-32.7947703,151.6357721,via_node,osm,inf,inf,inf,inf,0
8114040,no_u_turn,32340299,17088756,32340301,-32.8870956,151.6565097,via_node,osm,inf,inf,inf,inf,0
8114087,only_straight_on,177068736,4409599960,443374834,-32.9753334,151.6479889,via_node,osm,inf,inf,inf,inf,0
8114088,no_u_turn,443374821,4409599881,443374820,-32.9759516,151.6448625,via_node,osm,inf,inf,inf,inf,0
8114091,no_u_turn,834416526,249343978,23098209,-32.9293256,151.6443134,via_node,osm,inf,inf,inf,inf,0
8114099,no_u_turn,24419236,61735284,8655930,-32.7796158,151.7380524,via_node,osm,inf,inf,inf,inf,0
8114100,no_u_turn,22871499,245812587,28418804,-32.7811767,151.7372985,via_node,osm,inf,inf,inf,inf,0
8114101,no_u_turn,12291097,245812595,22871501,-32.7803291,151.737509,via_node,osm,inf,inf,inf,inf,0
8114102,no_u_turn,236017837,50923842,236017836,-32.7828415,151.7391169,via_node,osm,inf,inf,inf,inf,0
8114103,no_u_turn,103495859,4408070108,443182873,-32.7826348,151.7400425,via_node,osm,inf,inf,inf,inf,0
8114104,no_u_turn,236017833,2440942495,236017834,-32.7824399,151.7394892,via_node,osm,inf,inf,inf,inf,0
8114108,no_u_turn,443339058,4409314573,443339054,-32.7784591,151.647721,via_node,osm,inf,inf,inf,inf,0
8114109,no_u_turn,31017988,4409314572,443339060,-32.7779555,151.6475361,via_node,osm,inf,inf,inf,inf,0
8114110,no_u_turn,443339057,4409314574,443339055,-32.778562,151.6471682,via_node,osm,inf,inf,inf,inf,0
8114114,no_u_turn,1370529443,569760863,795454732,-32.9290527,151.642097,via_way,osm,inf,inf,inf,inf,0
8114117,no_u_turn,409238762,4111378899,409238763,-32.735223,152.0843388,via_node,osm,inf,inf,inf,inf,0
8114118,no_u_turn,409238760,4111378898,409238759,-32.7346207,152.084186,via_node,osm,inf,inf,inf,inf,0
8114119,no_u_turn,409238766,4111378905,409238765,-32.7345852,152.0836365,via_node,osm,inf,inf,inf,inf,0
8114120,no_u_turn,191319842,4111378897,409238758,-32.7350893,152.0836216,via_node,osm,inf,inf,inf,inf,0
8114135,no_u_turn,849040350,678224867,32060108,-32.943495,151.6577532,via_node,osm,inf,inf,inf,inf,0
8114251,no_u_turn,240253935,344918444,31020803,-32.7437515,151.5885275,via_node,osm,inf,inf,inf,inf,0
8114252,no_u_turn,240253938,332949993,240253939,-32.7439876,151.5877933,via_node,osm,inf,inf,inf,inf,0
8114263,no_u_turn,509872845,344840706,31020743,-32.7447113,151.5901757,via_node,osm,inf,inf,inf,inf,0
8116149,no_u_turn,706162435,4054344161,706162437,-32.8249685,151.4867129,via_node,osm,inf,inf,inf,inf,0
8116150,no_u_turn,243996517,2513522348,243996518,-32.8277028,151.4892786,via_node,osm,inf,inf,inf,inf,0
8116151,no_u_turn,243996514,2513522332,570018396,-32.827361,151.4891214,via_node,osm,inf,inf,inf,inf,0
8116152,no_u_turn,243996516,53234811,243996515,-32.8275148,151.4885979,via_node,osm,inf,inf,inf,inf,0
8116169,no_u_turn,25424720,277084117,31754847,-32.9669554,151.6492193,via_node,osm,inf,inf,inf,inf,0
8116170,no_u_turn,570018794,277084121,172667504,-32.9658826,151.6446849,via_node,osm,inf,inf,inf,inf,0
8116497,no_u_turn,443179219,4408040174,443179218,-32.7587912,151.7458528,via_node,osm,inf,inf,inf,inf,0
8116514,no_u_turn,24419237,4407976900,443172053,-32.75573,151.7678676,via_node,osm,inf,inf,inf,inf,0
8116803,no_u_turn,415759859,4111209023,415759858,-32.7392048,152.1186793,via_node,osm,inf,inf,inf,inf,0
8116829,no_u_turn,415700500,4166865404,4296531,-32.738024,152.1110612,via_node,osm,inf,inf,inf,inf,0
8117012,no_right_turn,570063263,1842536911,570063262,-32.7599745,151.5934474,via_node,osm,inf,inf,inf,inf,0
8118720,no_right_turn,580160625,1773477762,570218416,-32.9097367,151.7095534,via_node,osm,inf,inf,2775.2,1398.3,0
8118721,no_right_turn,580160638,1835204703,570218416,-32.9096132,151.7095785,via_node,osm,inf,inf,2781.0,1412.2,0
8118722,no_u_turn,261968739,2676049476,261968738,-32.9135648,151.7044558,via_node,osm,inf,inf,2993.0,875.4,0
8118723,no_u_turn,688596931,2676049479,261968739,-32.9146725,151.70411,via_node,osm,inf,inf,2978.5,748.7,0
8118756,no_right_turn,570218652,2676057373,261968881,-32.917082,151.7034786,via_node,osm,inf,inf,2954.7,476.5,0
8118757,no_u_turn,570218656,2678502916,262190104,-32.9212795,151.7022165,via_node,osm,inf,inf,2988.1,0.0,0
8118758,no_left_turn,262189607,592594301,688596912,-32.9229539,151.6995143,via_node,osm,inf,inf,inf,0.0,0
8120183,no_u_turn,412373960,4138201748,412373961,-32.7165482,152.1515837,via_node,osm,inf,inf,inf,inf,0
8128316,only_straight_on,171178089,4041709682,401764048,-33.115788,151.4706418,via_node,osm,inf,inf,inf,inf,0
8128317,only_straight_on,769046140,4041709681,401764041,-33.116396,151.4704383,via_node,osm,inf,inf,inf,inf,0
8128319,no_u_turn,443190150,30280105,443190149,-33.1135472,151.4781985,via_node,osm,inf,inf,inf,inf,0
8128320,no_u_turn,171178130,1822506536,443190152,-33.1124582,151.4781859,via_node,osm,inf,inf,inf,inf,0
8128321,only_straight_on,443190146,4408126344,769046141,-33.1131183,151.4775759,via_node,osm,inf,inf,inf,inf,0
8128322,no_u_turn,171178129,4408126347,443190148,-33.1127324,151.4787714,via_node,osm,inf,inf,inf,inf,0
8128324,no_u_turn,333375027,4408131834,443191003,-33.1113766,151.4830714,via_node,osm,inf,inf,inf,inf,0
8128919,no_u_turn,406173434,277085375,1226649490,-32.9427849,151.6244958,via_node,osm,inf,inf,inf,inf,0
8128920,no_u_turn,406173433,4082789040,406173432,-32.9467131,151.6214046,via_node,osm,inf,inf,inf,inf,0
8128970,no_u_turn,36925956,1388104374,3455466,-32.8982209,151.6765564,via_way,osm,inf,inf,inf,3140.8,0
8128972,no_u_turn,443188382,4408111722,443188378,-32.9151553,151.6720696,via_node,osm,inf,inf,inf,2231.0,0
8128973,no_u_turn,32400472,4408111726,443188380,-32.9149402,151.6726567,via_node,osm,inf,inf,inf,2188.5,0
8128974,no_u_turn,443188381,4408111720,443188376,-32.9152658,151.6728256,via_node,osm,inf,inf,inf,2160.7,0
8128975,no_u_turn,480999466,480999467,261470907,-32.9031416,151.6696503,via_way,osm,inf,inf,inf,3135.8,0
8128978,no_u_turn,571101832,760260902,571101831,-32.9390886,151.6253838,via_node,osm,inf,inf,inf,inf,0
8128979,no_u_turn,571101835,760260911,571101833,-32.9397804,151.6250071,via_node,osm,inf,inf,inf,inf,0
8129006,no_u_turn,569760863,29548903,795454732,-32.9290527,151.642097,via_node,osm,inf,inf,inf,inf,0
8129118,no_u_turn,571101164,4408102644,480999466,-32.9028632,151.6701816,via_node,osm,inf,inf,inf,3120.5,0
8129270,no_u_turn,420183572,61740742,420183571,-33.2430231,151.5016474,via_node,osm,inf,inf,inf,inf,0
8129271,no_u_turn,420183575,4201531241,420183574,-33.2423504,151.502137,via_node,osm,inf,inf,inf,inf,0
8130277,no_u_turn,571285923,3232175984,22880960,-32.8868249,151.720976,via_node,osm,inf,inf,inf,inf,0
8130278,no_u_turn,571286002,170832356,418259531,-32.8963745,151.7199097,via_way,osm,inf,inf,3321.3,2901.1,0
8131256,no_u_turn,32226117,29548977,4644751,-32.9034447,151.6224539,via_node,osm,inf,inf,inf,inf,0
8131294,no_u_turn,51205062,571399834,738679503,-32.7660491,151.7415208,via_way,osm,inf,inf,inf,inf,0
8131478,no_u_turn,24056699,1839982267,173171100,-32.923727,151.6096173,via_node,osm,inf,inf,inf,inf,0
8131488,no_u_turn,571409439,363578355,509873261,-32.7087502,151.4260111,via_node,osm,inf,inf,inf,inf,0
8131556,no_u_turn,443189486,29548461,443189487,-32.899585,151.5915716,via_node,osm,inf,inf,inf,inf,0
8132299,no_u_turn,415424918,4164961636,415424917,-32.8071526,151.8502551,via_node,osm,inf,inf,inf,inf,0
8132318,no_u_turn,638742002,1292342799,571456095,-32.8279954,151.6842736,via_way,osm,inf,inf,inf,inf,0
8132349,only_straight_on,571458684,25940503,571458683,-33.0708484,151.5240076,via_node,osm,inf,inf,inf,inf,0
8132369,no_u_turn,186974547,1977223659,186974536,-33.2496707,151.4824428,via_node,osm,inf,inf,inf,inf,0
8137601,only_straight_on,572181875,2629665352,257437153,-32.5961271,152.1174482,via_node,osm,inf,inf,inf,inf,0
8137602,no_u_turn,1508779219,579797733,572181873,-32.596272,152.1175307,via_way,osm,inf,inf,inf,inf,0
8140177,no_u_turn,844544052,364067289,32340305,-32.8876963,151.6574289,via_node,osm,inf,inf,inf,inf,0
8140328,no_u_turn,509873279,809822713,509873278,-32.7085093,151.510407,via_node,osm,inf,inf,inf,inf,0
8140337,no_u_turn,509873280,346475768,509873277,-32.7074851,151.5107011,via_node,osm,inf,inf,inf,inf,0
8140361,no_u_turn,509873536,1842593213,509873274,-32.7065255,151.4944409,via_node,osm,inf,inf,inf,inf,0
8140362,no_u_turn,173447270,1842585758,173447271,-32.7070136,151.5007919,via_node,osm,inf,inf,inf,inf,0
8140477,no_u_turn,407670500,4096962204,407667338,-32.67311,151.3828155,via_node,osm,inf,inf,inf,inf,0
8140503,no_u_turn,71277673,272250906,71277674,-32.882762,151.7945351,via_node,osm,inf,inf,inf,inf,0
8140645,no_u_turn,13287985,61742130,176877960,-33.2532228,151.488336,via_node,osm,inf,inf,inf,inf,0
8140647,no_u_turn,186974545,1977223663,186974542,-33.2498796,151.4830436,via_node,osm,inf,inf,inf,inf,0
8140649,no_u_turn,186974549,1977223759,186974539,-33.2518716,151.4890097,via_node,osm,inf,inf,inf,inf,0
8140673,no_u_turn,13733532,61741636,13741254,-33.2512996,151.4907981,via_node,osm,inf,inf,inf,inf,0
8140770,no_u_turn,403083175,572451738,403083172,-32.7447072,151.5786888,via_way,osm,inf,inf,inf,inf,0
8140771,no_right_turn,467817125,4624197521,467817122,-32.7501812,151.5915353,via_node,osm,inf,inf,inf,inf,0
8140772,no_u_turn,572451743,344913846,217634217,-32.7484746,151.5789833,via_node,osm,inf,inf,inf,inf,0
8141004,no_right_turn,1329831813,1843595838,173568529,-32.9863056,151.674097,via_node,osm,inf,inf,inf,inf,0
8141122,no_u_turn,111786055,345072642,236053103,-32.7551796,151.7619464,via_node,osm,inf,inf,inf,inf,0
8141314,no_u_turn,32553598,366113809,443172052,-32.7560095,151.7669455,via_node,osm,inf,inf,inf,inf,0
8141325,no_u_turn,572482618,833227170,69646961,-32.7454418,151.7662176,via_node,osm,inf,inf,inf,inf,0
8141330,no_u_turn,751505329,572482874,572482875,-33.2535233,151.4936539,via_way,osm,inf,inf,inf,inf,0
8141349,no_u_turn,420183579,4134699011,420183580,-33.2437614,151.5065565,via_node,osm,inf,inf,inf,inf,0
8141350,no_u_turn,1507623105,61738809,19516047,-32.7496043,151.7641147,via_node,osm,inf,inf,inf,inf,0
8148323,no_u_turn,1194927515,573102679,573102670,-32.7177239,151.5265314,via_way,osm,inf,inf,inf,inf,0
8148324,no_u_turn,573102677,573102679,573102674,-32.7177239,151.5265314,via_way,osm,inf,inf,inf,inf,0
8148336,no_u_turn,573108627,430341198,573108637,-32.7195143,151.5311445,via_way,osm,inf,inf,inf,inf,0
8148337,no_u_turn,573108659,430341198,573108649,-32.7195143,151.5311445,via_way,osm,inf,inf,inf,inf,0
8148341,no_u_turn,31134295,346196431,31134294,-32.7203655,151.5274015,via_node,osm,inf,inf,inf,inf,0
8148456,no_u_turn,573122890,361221830,32212309,-32.9267175,151.6611212,via_node,osm,inf,inf,inf,3147.7,0
8148507,no_u_turn,1433173100,573127572,568382169,-32.9529654,151.7114893,via_way,osm,inf,inf,inf,3328.0,0
8148508,no_u_turn,573127574,573127572,573127573,-32.9529654,151.7114893,via_way,osm,inf,inf,inf,3328.0,0
8148509,no_u_turn,173175155,1299638355,1299688737,-32.940763,151.7074896,via_way,osm,inf,inf,3100.2,1966.2,0
8148511,no_u_turn,446614030,182288606,446614029,-32.9377373,151.7119171,via_way,osm,inf,inf,2568.6,1604.4,0
8148524,no_u_turn,573130969,727646738,58719775,-32.9902309,151.6004838,via_node,osm,inf,inf,inf,inf,0
8148526,no_left_turn,7164136,727643148,58719505,-32.9947156,151.5994942,via_node,osm,inf,inf,inf,inf,0
8148527,no_right_turn,573131064,333887857,30290624,-32.9923025,151.6015105,via_node,osm,inf,inf,inf,inf,0
8148748,no_u_turn,573185402,573185406,573185400,-32.9786591,151.6919834,via_way,osm,inf,inf,inf,inf,0
8148749,no_u_turn,573185404,573185406,573185403,-32.9786591,151.6919834,via_way,osm,inf,inf,inf,inf,0
8148755,no_u_turn,1103790106,2605905769,1093137537,-32.9950839,151.6880691,via_node,osm,inf,inf,inf,inf,0
8148756,no_u_turn,553195931,573185808,553195933,-32.9886373,151.6912187,via_way,osm,inf,inf,inf,inf,0
8148757,no_u_turn,205749909,249343614,685799543,-32.9916115,151.6868314,via_node,osm,inf,inf,inf,inf,0
8148763,no_u_turn,573187237,175519521,573187232,-33.1309634,151.6257959,via_way,osm,inf,inf,inf,inf,0
8148764,no_u_turn,573187253,175519521,573187242,-33.1309634,151.6257959,via_way,osm,inf,inf,inf,inf,0
8149450,no_u_turn,1329810258,573265916,403546459,-32.9716365,151.6064441,via_way,osm,inf,inf,inf,inf,0
8149506,no_u_turn,517803434,5052388972,517803435,-32.9706586,151.5999203,via_node,osm,inf,inf,inf,inf,0
8149814,no_u_turn,1377205146,2517987682,420893441,-32.9320731,151.5869635,via_node,osm,inf,inf,inf,inf,0
8149815,no_u_turn,31705888,354735891,173064748,-32.9320052,151.5860731,via_node,osm,inf,inf,inf,inf,0
8149816,no_u_turn,31705890,354735931,573283415,-32.9326821,151.5863616,via_node,osm,inf,inf,inf,inf,0
8150047,no_u_turn,573293159,370970824,32944889,-32.845471,151.832207,via_node,osm,inf,inf,inf,inf,0
8150383,no_u_turn,423372363,705009729,423372352,-32.5443493,151.1495164,via_node,osm,inf,inf,inf,inf,0
8150409,no_u_turn,573309693,4229929978,573309692,-32.5397546,151.1474589,via_node,osm,inf,inf,inf,inf,0
8150444,no_u_turn,654305533,608369825,654305532,-32.9679004,151.6947054,via_way,osm,inf,inf,inf,inf,0
8150445,no_right_turn,204871339,1481965192,174085059,-32.9641386,151.69965,via_node,osm,inf,inf,inf,inf,0
8150447,no_u_turn,568382165,552130729,568382164,-32.9656875,151.6953779,via_way,osm,inf,inf,inf,inf,0
8150449,no_u_turn,568382166,173517000,573312653,-32.963507,151.6958154,via_way,osm,inf,inf,inf,inf,0
8150450,no_right_turn,573312650,249342908,174085058,-32.964073,151.6995973,via_node,osm,inf,inf,inf,inf,0
8150451,no_u_turn,657048956,419698287,419698288,-32.9562348,151.704036,via_way,osm,inf,inf,inf,inf,0
8150452,no_u_turn,657048957,419698287,657048966,-32.9562348,151.704036,via_way,osm,inf,inf,inf,inf,0
8150454,no_u_turn,573312649,552130729,418259574,-32.9656875,151.6953779,via_way,osm,inf,inf,inf,inf,0
8150750,no_u_turn,750977446,573325146,326904440,-32.9182025,151.7245397,via_way,osm,inf,inf,1091.3,558.9,0
8150754,no_u_turn,170216209,285922527,32656495,-32.9208718,151.7183436,via_node,osm,inf,inf,1505.5,200.0,0
8150756,no_right_turn,573325154,285922523,32656493,-32.9207259,151.7162175,via_node,osm,inf,inf,1702.9,187.7,0
8150759,no_u_turn,573325161,174778835,569034005,-32.9289978,151.7159215,via_node,osm,inf,inf,1782.8,625.6,0
8150760,no_u_turn,419698279,573325160,255164746,-32.9296294,151.7155374,via_way,osm,inf,inf,1839.6,692.6,0
8152152,no_u_turn,31227211,347256201,173047260,-33.0236899,151.5985416,via_node,osm,inf,inf,inf,inf,0
8152551,only_straight_on,415790631,4176745604,573648959,-32.7946861,151.635782,via_node,osm,inf,inf,inf,inf,0
8152552,only_straight_on,573648960,4176745604,185743949,-32.7946861,151.635782,via_node,osm,inf,inf,inf,inf,0
8152553,only_straight_on,415790633,4176575703,573648961,-32.7948202,151.6356555,via_node,osm,inf,inf,inf,inf,0
8152554,only_straight_on,185743951,4176575703,573648962,-32.7948202,151.6356555,via_node,osm,inf,inf,inf,inf,0
8152555,no_u_turn,443338539,4409296635,443338527,-32.7814229,151.6437487,via_node,osm,inf,inf,inf,inf,0
8152557,no_u_turn,31017979,4409296634,443338544,-32.7810823,151.644141,via_node,osm,inf,inf,inf,inf,0
8152716,no_u_turn,428354627,573660830,428460268,-32.5407922,152.16699,via_way,osm,inf,inf,inf,inf,0
8152890,no_u_turn,1150567764,10167867817,1150567765,-32.6425897,151.2286485,via_node,osm,inf,inf,inf,inf,0
8152934,no_u_turn,573676086,2644404308,259106279,-32.6830212,151.3942281,via_node,osm,inf,inf,inf,inf,0
8152968,no_u_turn,69564079,50921366,573677526,-32.6821753,151.8147708,via_node,osm,inf,inf,inf,inf,0
8152970,no_u_turn,573677599,833210054,345718429,-32.7011935,151.8024918,via_node,osm,inf,inf,inf,inf,0
8153021,no_u_turn,443185837,4408092422,443185840,-32.9047396,151.6635677,via_node,osm,inf,inf,inf,3473.9,0
8153023,no_u_turn,573684430,573684429,573684445,-32.9069696,151.6684378,via_way,osm,inf,inf,inf,2959.2,0
8153024,no_u_turn,573684432,573684429,33233165,-32.9069696,151.6684378,via_way,osm,inf,inf,inf,2959.2,0
8153028,no_u_turn,172669551,1169433332,443185835,-32.9051769,151.663581,via_node,osm,inf,inf,inf,3446.1,0
8153030,no_u_turn,573684435,172669525,573684437,-32.9133593,151.6607954,via_way,osm,inf,inf,inf,3291.9,0
8153032,no_u_turn,443185833,1835513830,443185832,-32.9052806,151.6639919,via_node,osm,inf,inf,inf,3407.7,0
8153034,no_u_turn,1324584303,573684441,1324584302,-32.9061646,151.6712081,via_way,osm,inf,inf,inf,2806.7,0
8153036,no_u_turn,573684446,2676310384,443185836,-32.9047234,151.6635523,via_node,osm,inf,inf,inf,3476.1,0
8153255,no_u_turn,706162410,573689447,573689450,-32.8130927,151.4809348,via_way,osm,inf,inf,inf,inf,0
8153261,no_right_turn,409217526,25953894,573689569,-32.7667399,152.0132376,via_node,osm,inf,inf,inf,inf,0
8153313,no_u_turn,6149136,50923577,6149145,-32.7820947,151.739366,via_node,osm,inf,inf,inf,inf,0
8153317,no_u_turn,573696363,1434000529,573696344,-32.8400572,151.6893582,via_way,osm,inf,inf,inf,inf,0
8153320,no_u_turn,1455377813,2627929305,573697015,-32.7854605,151.732433,via_node,osm,inf,inf,inf,inf,0
8153420,no_u_turn,638742012,573700141,638742009,-32.8477015,151.694939,via_way,osm,inf,inf,inf,inf,0
8153421,no_u_turn,573700142,573700141,573700140,-32.8477015,151.694939,via_way,osm,inf,inf,inf,inf,0
8153422,no_u_turn,218684014,25943396,24657249,-32.867452,151.7926436,via_node,osm,inf,inf,inf,inf,0
8153467,no_u_turn,237466148,370972946,237466150,-32.8608484,151.8102107,via_node,osm,inf,inf,inf,inf,0
8153478,no_u_turn,261971872,1101646705,1108467909,-32.8956929,151.6814246,via_way,osm,inf,inf,inf,3181.2,0
8153481,no_u_turn,584983887,1835850184,254768226,-33.0215373,151.6753314,via_node,osm,inf,inf,inf,inf,0
8153483,no_u_turn,173663920,249343301,173663897,-33.0179663,151.6862773,via_node,osm,inf,inf,inf,inf,0
8153514,no_u_turn,573704437,347295289,31235623,-33.0598104,151.5755768,via_node,osm,inf,inf,inf,inf,0
8153540,no_u_turn,855835142,573706181,573706178,-33.0569675,151.653679,via_way,osm,inf,inf,inf,inf,0
8153585,no_u_turn,30643225,338901681,245126494,-32.9553251,151.4808618,via_node,osm,inf,inf,inf,inf,0
8153830,no_u_turn,1512081379,5487370708,1512081380,-32.9823413,151.7123393,via_node,osm,inf,inf,inf,inf,0
8153831,no_u_turn,509873450,4990119595,509873451,-32.7069815,151.4191943,via_node,osm,inf,inf,inf,inf,0
8153834,no_u_turn,573724949,509873252,723832695,-32.708932,151.4242521,via_way,osm,inf,inf,inf,inf,0
8153867,no_u_turn,1464987984,573726785,176865395,-33.18862,151.5575813,via_way,osm,inf,inf,inf,inf,0
8153868,no_u_turn,741483142,573726785,771393428,-33.18862,151.5575813,via_way,osm,inf,inf,inf,inf,0
8153880,no_u_turn,1464987991,573728102,259862147,-33.1900337,151.5773449,via_way,osm,inf,inf,inf,inf,0
8154124,no_u_turn,603148936,332364484,603148935,-32.8708088,151.7101666,via_way,osm,inf,inf,inf,inf,0
8154187,no_u_turn,172635560,29548772,172635559,-32.9133625,151.5915172,via_node,osm,inf,inf,inf,inf,0
8154206,no_u_turn,24056705,29548508,8439556,-32.9009266,151.5918068,via_node,osm,inf,inf,inf,inf,0
8154207,no_right_turn,4644671,3518366527,345141499,-32.9026519,151.5925684,via_node,osm,inf,inf,inf,inf,0
8154221,no_u_turn,443189488,4408119653,443189485,-32.899796,151.5898504,via_node,osm,inf,inf,inf,inf,0
8154232,no_u_turn,398624374,1835211642,398624373,-32.915648,151.5922885,via_node,osm,inf,inf,inf,inf,0
8154256,no_u_turn,199634238,2096165741,199634243,-32.9165779,151.5949993,via_node,osm,inf,inf,inf,inf,0
8154257,no_u_turn,398624357,1835211640,398624358,-32.9162046,151.5935053,via_node,osm,inf,inf,inf,inf,0
8154306,no_u_turn,573742777,573742775,688596979,-32.9102116,151.7169847,via_way,osm,inf,inf,2200.9,1350.3,0
8154307,no_u_turn,688596992,573742775,793070188,-32.9102116,151.7169847,via_way,osm,inf,inf,2200.9,1350.3,0
8154308,no_u_turn,712064157,2664628251,401076970,-32.9096962,151.7173214,via_node,osm,inf,inf,2218.3,1410.0,0
8154311,no_u_turn,688596970,573742795,881813735,-32.9100807,151.7131511,via_way,osm,inf,inf,2481.6,1381.3,0
8154313,no_u_turn,688596998,568383661,260738858,-32.9119271,151.7209275,via_way,osm,inf,inf,1807.1,1212.2,0
8154338,no_u_turn,573743492,573743490,588800805,-33.0628283,151.6517374,via_way,osm,inf,inf,inf,inf,0
8154490,no_u_turn,428460269,573753537,171422920,-32.5872206,152.1271557,via_way,osm,inf,inf,inf,inf,0
8157040,no_u_turn,11772282,35295764,75869331,-33.0044953,151.4887899,via_node,osm,inf,inf,inf,inf,0
8157160,no_u_turn,176437689,347409546,1464988059,-33.1036833,151.6280413,via_way,osm,inf,inf,inf,inf,0
8157255,no_u_turn,173363849,1841973422,173363843,-33.1149387,151.6209235,via_node,osm,inf,inf,inf,inf,0
8157256,no_u_turn,173363843,1841973419,173363849,-33.1149293,151.619752,via_node,osm,inf,inf,inf,inf,0
8157352,no_u_turn,762963079,4229934794,301772932,-32.5550759,151.154919,via_node,osm,inf,inf,inf,inf,0
8157372,no_u_turn,762963083,3058999030,567897239,-32.5548462,151.1593279,via_node,osm,inf,inf,inf,inf,0
8157926,no_u_turn,574208595,3683238113,407190076,-33.0671331,151.5209513,via_node,osm,inf,inf,inf,inf,0
8157961,no_u_turn,643748725,347324116,31238745,-33.0675858,151.5239921,via_node,osm,inf,inf,inf,inf,0
8158041,no_u_turn,415664790,4166586129,415664791,-32.8610499,151.8135883,via_node,osm,inf,inf,inf,inf,0
8160626,no_u_turn,846574311,4164929365,415422354,-32.8169963,151.8420686,via_node,osm,inf,inf,inf,inf,0
8160986,no_u_turn,721794032,259430974,759141357,-32.7409169,151.5508255,via_node,osm,inf,inf,inf,inf,0
8161356,no_right_turn,574619742,29549136,345715545,-32.6519271,151.9365529,via_node,osm,inf,inf,inf,inf,0
8161394,no_u_turn,345718546,3523630211,345718556,-32.6524343,151.9475506,via_node,osm,inf,inf,inf,inf,0
8161422,no_u_turn,345718556,3523630793,345718546,-32.653128,151.9505895,via_node,osm,inf,inf,inf,inf,0
8161669,no_u_turn,574634451,131294447,537387893,-33.0360636,151.6606079,via_way,osm,inf,inf,inf,inf,0
8161671,no_u_turn,537387893,574634666,574634451,-33.0372451,151.6598759,via_way,osm,inf,inf,inf,inf,0
8161681,no_u_turn,590875282,569138846,590875284,-33.0490311,151.6550815,via_way,osm,inf,inf,inf,inf,0
8161683,no_u_turn,574636318,569138846,574636315,-33.0490311,151.6550815,via_way,osm,inf,inf,inf,inf,0
8163035,no_u_turn,224237957,2330582113,224237952,-33.1088273,151.4853556,via_node,osm,inf,inf,inf,inf,0
8163173,no_u_turn,1098694331,4166864359,574821689,-32.738792,152.1048222,via_node,osm,inf,inf,inf,inf,0
8163641,no_u_turn,758266792,574856239,674457447,-32.9356588,151.6892685,via_way,osm,inf,inf,inf,1256.7,0
8163642,no_u_turn,688596919,574856239,1016772374,-32.9356588,151.6892685,via_way,osm,inf,inf,inf,1256.7,0
8163871,no_u_turn,574872521,4173749584,712591032,-32.8856053,151.4710239,via_node,osm,inf,inf,inf,inf,0
8164704,no_right_turn,439332206,287011918,173567167,-32.8953044,151.720974,via_node,osm,inf,inf,3705.3,3032.4,0
8164723,no_u_turn,574894367,763633717,574894366,-32.8879374,151.7149075,via_node,osm,inf,inf,inf,inf,0
8164742,no_u_turn,574895759,415283775,415283774,-32.8896633,151.7263788,via_way,osm,inf,inf,inf,inf,0
8164756,no_u_turn,172715352,1835929311,22880741,-32.8873438,151.7192555,via_node,osm,inf,inf,inf,inf,0
8164766,no_u_turn,574896306,22880960,574896305,-32.8869267,151.7209498,via_way,osm,inf,inf,inf,inf,0
8164767,no_u_turn,172717985,1835973219,172717981,-32.8820017,151.726841,via_node,osm,inf,inf,inf,inf,0
8164768,no_u_turn,172717979,496826211,172717976,-32.8814839,151.7259925,via_node,osm,inf,inf,inf,inf,0
8164785,no_u_turn,172715348,1835929237,172715341,-32.8833752,151.7174222,via_node,osm,inf,inf,inf,inf,0
8164786,no_u_turn,172715342,1835929200,172715346,-32.880647,151.7152645,via_node,osm,inf,inf,inf,inf,0
8164800,no_u_turn,301772656,574897144,574897139,-32.8821042,151.7188501,via_way,osm,inf,inf,inf,inf,0
8164801,no_u_turn,574897139,301772610,301772656,-32.8820082,151.7189817,via_way,osm,inf,inf,inf,inf,0
8164804,no_u_turn,574897144,574897139,301772610,-32.8820189,151.7187945,via_way,osm,inf,inf,inf,inf,0
8164805,no_u_turn,574897552,574897554,574897556,-32.884082,151.7243155,via_way,osm,inf,inf,inf,inf,0
8164806,no_u_turn,574897556,574897555,574897552,-32.884228,151.7243342,via_way,osm,inf,inf,inf,inf,0
8164813,no_u_turn,1326140575,486798425,1326140574,-32.8862926,151.7280941,via_way,osm,inf,inf,inf,inf,0
8164884,no_u_turn,25515058,278036132,25515060,-32.9560341,151.617948,via_node,osm,inf,inf,inf,inf,0
8164889,no_u_turn,574902113,574902121,574902111,-32.9650071,151.6225571,via_way,osm,inf,inf,inf,inf,0
8164890,no_u_turn,574902123,574902121,574902116,-32.9650071,151.6225571,via_way,osm,inf,inf,inf,inf,0
8164894,no_u_turn,574902389,574902386,574902390,-32.9687417,151.6272545,via_way,osm,inf,inf,inf,inf,0
8164895,no_u_turn,574902391,574902386,574902388,-32.9687417,151.6272545,via_way,osm,inf,inf,inf,inf,0
8164896,no_u_turn,574902546,574902544,574902549,-32.9735903,151.6313597,via_way,osm,inf,inf,inf,inf,0
8164897,no_u_turn,574902550,574902544,574902545,-32.9735903,151.6313597,via_way,osm,inf,inf,inf,inf,0
8172158,only_straight_on,509873291,8285365925,31132965,-32.7194507,151.5363149,via_node,osm,inf,inf,inf,inf,0
8172176,no_u_turn,575639216,575639222,575639209,-32.7209226,151.5385147,via_way,osm,inf,inf,inf,inf,0
8172196,no_u_turn,575641447,509873593,509873588,-32.7217509,151.540439,via_way,osm,inf,inf,inf,inf,0
8172208,no_right_turn,575637468,346174862,575637466,-32.7190504,151.5332016,via_node,osm,inf,inf,inf,inf,0
8172210,no_u_turn,509873553,509873550,575636903,-32.7215169,151.5398841,via_way,osm,inf,inf,inf,inf,0
8173387,no_u_turn,1102827308,1087907500,1102827309,-32.9042638,151.6868108,via_way,osm,inf,inf,inf,2116.1,0
8173391,no_u_turn,1102827309,1087907501,1102827308,-32.9044173,151.6869052,via_way,osm,inf,inf,inf,2097.1,0
8173393,no_u_turn,1324584308,575698601,1324584309,-32.9037202,151.6829084,via_way,osm,inf,inf,inf,2317.6,0
8173399,no_u_turn,1324584306,575698601,1324584307,-32.9037202,151.6829084,via_way,osm,inf,inf,inf,2317.6,0
8173404,only_straight_on,262204667,1835384805,789050560,-32.9118724,151.6753927,via_node,osm,inf,inf,inf,2117.3,0
8173436,only_straight_on,262204668,1835384767,172655526,-32.9103518,151.6740712,via_node,osm,inf,inf,inf,2313.6,0
8173447,no_u_turn,172654693,1835375388,575699264,-32.9068619,151.6822824,via_node,osm,inf,inf,inf,2048.0,0
8173450,no_u_turn,1110929842,1835375448,1110929843,-32.9076511,151.6827093,via_node,osm,inf,inf,inf,1953.3,0
8173453,only_straight_on,36926173,429413827,714680362,-32.9030445,151.6877334,via_node,osm,inf,inf,inf,2217.8,0
8173523,only_straight_on,575701093,5523652330,575701094,-32.8968395,151.6816767,via_node,osm,inf,inf,inf,3055.2,0
8173524,only_right_turn,261971621,2676216700,542394744,-32.8967668,151.6817585,via_node,osm,inf,inf,inf,3059.7,0
8173641,no_u_turn,710230339,575707217,575707218,-32.8942303,151.7479413,via_way,osm,inf,inf,inf,4090.5,0
8176166,no_u_turn,413029039,313675981,413029048,-32.8175757,151.6971836,via_node,osm,inf,inf,inf,inf,0
8176167,no_u_turn,413029036,4143575689,413029037,-32.8220858,151.7000552,via_node,osm,inf,inf,inf,inf,0
8176168,no_u_turn,413029038,4143575626,413029035,-32.8217612,151.701055,via_node,osm,inf,inf,inf,inf,0
8176545,no_u_turn,443365626,2483428793,173090074,-32.9103191,151.6140003,via_node,osm,inf,inf,inf,inf,0
8176726,no_u_turn,138245868,1515516662,138245867,-33.1029534,151.6447192,via_node,osm,inf,inf,inf,inf,0
8176751,no_u_turn,138080575,1513886985,138080580,-33.0970967,151.640909,via_node,osm,inf,inf,inf,inf,0
8177000,no_right_turn,576057042,5259452481,31226531,-33.0118912,151.5961169,via_node,osm,inf,inf,inf,inf,0
8177004,no_u_turn,196809417,25942973,31226402,-33.0053253,151.5947389,via_node,osm,inf,inf,inf,inf,0
8177105,no_u_turn,192529168,2030836111,192529170,-32.7241318,152.1407838,via_node,osm,inf,inf,inf,inf,0
8177117,no_right_turn,654160143,4138235403,412377442,-32.7344496,152.133216,via_node,osm,inf,inf,inf,inf,0
8177141,no_u_turn,846875741,2522641219,415424915,-32.8082236,151.8516155,via_node,osm,inf,inf,inf,inf,0
8177364,no_u_turn,259861493,576078941,259846967,-32.800122,151.8517555,via_way,osm,inf,inf,inf,inf,0
8177532,no_right_turn,32312963,287600632,301684247,-32.9348384,151.630899,via_node,osm,inf,inf,inf,inf,0
8177561,no_u_turn,576092796,576087423,173724893,-32.9259075,151.6302914,via_way,osm,inf,inf,inf,inf,0
8177562,no_u_turn,749695182,576087423,576087425,-32.9259075,151.6302914,via_way,osm,inf,inf,inf,inf,0
8177584,no_u_turn,720849425,576091719,576091704,-32.9240342,151.6158424,via_way,osm,inf,inf,inf,inf,0
8177595,no_u_turn,749695185,576092797,576093678,-32.9238299,151.6220168,via_way,osm,inf,inf,inf,inf,0
8177608,no_u_turn,749695183,576093676,576092796,-32.9240194,151.623872,via_way,osm,inf,inf,inf,inf,0
8177609,no_u_turn,576093678,576093676,576093677,-32.9240194,151.623872,via_way,osm,inf,inf,inf,inf,0
8177794,no_u_turn,457356688,4535148110,457356683,-32.7972525,151.64066,via_node,osm,inf,inf,inf,inf,0
8177795,no_u_turn,457356687,848429490,457356684,-32.7975209,151.6411479,via_node,osm,inf,inf,inf,inf,0
8177805,no_u_turn,71279504,4409337897,443341907,-32.810184,151.6341974,via_node,osm,inf,inf,inf,inf,0
8177806,no_u_turn,443341904,4409337898,443341902,-32.8093221,151.6338467,via_node,osm,inf,inf,inf,inf,0
8179625,no_u_turn,576397392,226703837,955693062,-32.6108566,152.0891417,via_way,osm,inf,inf,inf,inf,0
8179637,no_right_turn,171422917,1824584419,576319858,-32.6139899,152.0793454,via_node,osm,inf,inf,inf,inf,0
8180358,no_u_turn,171479261,576433759,576433760,-32.823822,151.6838532,via_way,osm,inf,inf,inf,inf,0
8180359,no_u_turn,171479012,576433759,576433761,-32.823822,151.6838532,via_way,osm,inf,inf,inf,inf,0
8180409,no_right_turn,1464987953,361212500,505054083,-33.2104988,151.5289219,via_node,osm,inf,inf,inf,inf,0
8180754,no_u_turn,406173430,4032624828,406173429,-32.9451146,151.6247648,via_node,osm,inf,inf,inf,inf,0
8180755,no_u_turn,406173427,4082789030,406173428,-32.9460811,151.6235293,via_node,osm,inf,inf,inf,inf,0
8181219,no_u_turn,576480189,576480190,570063263,-32.7600486,151.5935278,via_way,osm,inf,inf,inf,inf,0
8181327,no_u_turn,576483873,576483872,576483870,-32.7622913,151.5960366,via_way,osm,inf,inf,inf,inf,0
8181328,only_straight_on,576483877,5529273996,576483875,-32.7639585,151.5977151,via_node,osm,inf,inf,inf,inf,0
8181329,only_straight_on,576483878,5529273996,576483876,-32.7639585,151.5977151,via_node,osm,inf,inf,inf,inf,0
8181363,no_u_turn,576484333,344820553,576484329,-32.7663788,151.6107367,via_node,osm,inf,inf,inf,inf,0
8181364,no_u_turn,572420553,576484413,572420554,-32.7731405,151.6074908,via_way,osm,inf,inf,inf,inf,0
8181370,no_u_turn,1425110057,576484413,794917493,-32.7731405,151.6074908,via_way,osm,inf,inf,inf,inf,0
8181371,no_right_turn,31010900,344830144,576484783,-32.7619514,151.598535,via_node,osm,inf,inf,inf,inf,0
8181374,no_u_turn,576484881,576484783,576484784,-32.7619514,151.598535,via_way,osm,inf,inf,inf,inf,0
8181375,no_right_turn,576483870,344830137,576484917,-32.7623722,151.5961245,via_node,osm,inf,inf,inf,inf,0
8181377,no_u_turn,576484917,576483873,576483872,-32.762386,151.5959181,via_way,osm,inf,inf,inf,inf,0
8181385,only_straight_on,970511794,1194993098,174852224,-32.763828,151.6389045,via_node,osm,inf,inf,inf,inf,0
8181397,no_u_turn,1356329937,1194993128,218876163,-32.76129,151.6357053,via_node,osm,inf,inf,inf,inf,0
8181398,no_u_turn,969953696,2643520648,688568559,-32.934997,151.7072291,via_node,osm,inf,inf,2787.3,1387.3,0
8181401,only_straight_on,218876160,2280840962,1308531791,-32.7590815,151.634087,via_node,osm,inf,inf,inf,inf,0
8181402,only_straight_on,218876147,1194993144,176297223,-32.7596431,151.6342792,via_node,osm,inf,inf,inf,inf,0
8181413,no_u_turn,419705393,576485686,576485687,-32.9259274,151.6959951,via_way,osm,inf,inf,inf,10.9,0
8181414,no_right_turn,576485687,1848235894,576485688,-32.9258374,151.6960433,via_node,osm,inf,inf,inf,0.0,0
8181428,no_u_turn,688596929,261686346,448302144,-32.9229539,151.6995143,via_way,osm,inf,inf,inf,0.0,0
8181503,no_u_turn,169083313,446869862,441659942,-32.8952685,151.6975417,via_node,osm,inf,inf,inf,2895.8,0
8181507,no_u_turn,1345142530,1725236976,160466348,-32.8788648,151.6964202,via_node,osm,inf,inf,inf,inf,0
8181508,no_u_turn,204488837,1725237000,204488839,-32.8767022,151.6998841,via_node,osm,inf,inf,inf,inf,0
8184389,no_u_turn,576899502,576899501,576899498,-32.7646616,151.5836264,via_way,osm,inf,inf,inf,inf,0
8184390,no_u_turn,576899498,576899531,332364507,-32.7647581,151.5835599,via_way,osm,inf,inf,inf,inf,0
8186430,no_right_turn,170594940,276879305,255164754,-32.9861494,151.6408252,via_node,osm,inf,inf,inf,inf,0
8186456,no_u_turn,345718549,29549138,345718552,-32.6523352,151.9469467,via_node,osm,inf,inf,inf,inf,0
8186681,no_u_turn,577262992,577262993,577262991,-33.2419899,151.4452991,via_way,osm,inf,inf,inf,inf,0
8186682,no_u_turn,577262991,577262994,577262992,-33.2418276,151.4451687,via_way,osm,inf,inf,inf,inf,0
8194010,no_u_turn,578166864,578166865,578166863,-32.9235144,151.6520144,via_way,osm,inf,inf,inf,inf,0
8194514,no_left_turn,578206107,1847021532,578206106,-32.9735368,151.6819137,via_node,osm,inf,inf,inf,inf,0
8194825,no_u_turn,1326140547,575707217,578227876,-32.8942303,151.7479413,via_way,osm,inf,inf,inf,4090.5,0
8194826,no_u_turn,1326140557,80503046,1326140558,-32.8908042,151.7406834,via_way,osm,inf,inf,inf,inf,0
8194827,no_u_turn,1326140560,80503046,1326140559,-32.8908042,151.7406834,via_way,osm,inf,inf,inf,inf,0
8194830,only_straight_on,687763534,4621543096,377399086,-32.8942529,151.7399416,via_node,osm,inf,inf,inf,3662.4,0
8194843,no_right_turn,1456665488,345067279,578229246,-32.7685262,151.7414772,via_node,osm,inf,inf,inf,inf,0
8194844,no_right_turn,1474115084,345067522,31032674,-32.7675969,151.7413182,via_node,osm,inf,inf,inf,inf,0
8194845,no_u_turn,702205783,574542374,702205781,-32.791349,151.7246447,via_way,osm,inf,inf,inf,inf,0
8194871,no_u_turn,345715958,2627929305,573697016,-32.7854605,151.732433,via_node,osm,inf,inf,inf,inf,0
8194872,no_u_turn,702205780,578231222,574542375,-32.7875029,151.7293669,via_way,osm,inf,inf,inf,inf,0
8196904,no_u_turn,185745126,17384344,3506859,-33.2147091,151.4638201,via_node,osm,inf,inf,inf,inf,0
8197763,no_u_turn,578566883,4247362865,425411352,-32.591236,151.3322954,via_node,osm,inf,inf,inf,inf,0
8197834,no_u_turn,977725267,825933919,68713418,-32.811176,151.4341305,via_node,osm,inf,inf,inf,inf,0
8197836,no_right_turn,1524518755,29549553,394346866,-32.8016076,151.5148612,via_node,osm,inf,inf,inf,inf,0
8197894,no_right_turn,171176691,354806803,31712468,-32.845297,151.633427,via_node,osm,inf,inf,inf,inf,0
8197904,no_right_turn,578582085,732014440,59053431,-32.9840917,151.4870784,via_node,osm,inf,inf,inf,inf,0
8198474,no_u_turn,578644230,578644226,578644227,-33.0344547,151.6609775,via_way,osm,inf,inf,inf,inf,0
8198615,only_left_turn,232850778,2411618038,578652483,-33.0236155,151.6479957,via_node,osm,inf,inf,inf,inf,0
8200173,only_straight_on,408806053,2886633295,4296440,-32.7679251,152.0767923,via_node,osm,inf,inf,inf,inf,0
8200700,no_right_turn,578975689,276647882,578975688,-33.089602,151.6382584,via_node,osm,inf,inf,inf,inf,0
8200701,no_u_turn,591219077,380510134,591219068,-33.079695,151.6506257,via_way,osm,inf,inf,inf,inf,0
8200702,no_u_turn,591219078,380510134,380510133,-33.079695,151.6506257,via_way,osm,inf,inf,inf,inf,0
8200807,no_u_turn,578989526,578989527,578989525,-32.7137282,151.5227918,via_way,osm,inf,inf,inf,inf,0
8200808,no_u_turn,332364482,578989527,573102683,-32.7137282,151.5227918,via_way,osm,inf,inf,inf,inf,0
8200809,no_u_turn,578989535,578989530,578989540,-32.7151569,151.5251752,via_way,osm,inf,inf,inf,inf,0
8200810,no_u_turn,578989533,578989535,578989530,-32.7152236,151.5250682,via_way,osm,inf,inf,inf,inf,0
8200948,no_u_turn,1167866704,1167866705,1167866703,-32.9405575,151.688141,via_way,osm,inf,inf,inf,1786.9,0
8200949,no_u_turn,1167866703,22882185,1167866704,-32.9405293,151.6883046,via_way,osm,inf,inf,inf,1777.8,0
8200951,no_u_turn,578997591,578997595,578997590,-32.9423859,151.6875772,via_way,osm,inf,inf,inf,1993.0,0
8206651,no_right_turn,170678992,345163570,31050099,-32.7237506,151.5643781,via_node,osm,inf,inf,inf,inf,0
8206652,no_right_turn,31050099,345163570,579535781,-32.7237506,151.5643781,via_node,osm,inf,inf,inf,inf,0
8207432,no_u_turn,579631949,653305001,1507763010,-32.7586156,151.7531688,via_node,osm,inf,inf,inf,inf,0
8207433,no_u_turn,579631952,579631950,51205059,-32.7596649,151.7505884,via_way,osm,inf,inf,inf,inf,0
8207434,no_right_turn,578229344,345067279,43097482,-32.7685262,151.7414772,via_node,osm,inf,inf,inf,inf,0
8211243,no_u_turn,580160620,415283779,580160619,-32.8968263,151.7061863,via_way,osm,inf,inf,3969.8,2722.8,0
8211244,no_left_turn,580160621,414556106,1322351353,-32.8962847,151.6939451,via_node,osm,inf,inf,inf,2853.9,0
8211245,no_u_turn,580160624,580160622,580160625,-32.9098564,151.710352,via_way,osm,inf,inf,2706.3,1397.8,0
8211246,no_u_turn,580160638,570218416,580160623,-32.9097367,151.7095534,via_way,osm,inf,inf,2775.2,1398.3,0
8211247,no_u_turn,580160625,570218416,580160624,-32.9097367,151.7095534,via_way,osm,inf,inf,2775.2,1398.3,0
8211250,no_u_turn,1324584312,980000714,1324584311,-32.9081765,151.6982634,via_way,osm,inf,inf,inf,1480.2,0
8211251,no_u_turn,580160640,580160639,570218415,-32.9091222,151.705122,via_way,osm,inf,inf,3160.0,1367.1,0
8211436,no_u_turn,418259552,419698284,580178236,-32.940586,151.7122979,via_way,osm,inf,inf,2740.7,1912.9,0
8211437,no_u_turn,1167867250,1167867249,1167867251,-32.9515393,151.7141323,via_way,osm,inf,inf,3572.8,3114.0,0
8211438,no_u_turn,1167867251,1167867248,1167867250,-32.9513969,151.7140017,via_way,osm,inf,inf,3565.8,3098.3,0
8211439,no_u_turn,1306726214,1306726212,1306726213,-32.9510159,151.7177578,via_way,osm,inf,inf,3357.1,3065.2,0
8211440,no_u_turn,580178255,25993844,580178252,-32.9506101,151.7217457,via_way,osm,inf,inf,3151.9,3026.2,0
8212752,no_right_turn,28813396,5555774275,406577423,-32.951836,151.5854408,via_node,osm,inf,inf,inf,inf,0
8212841,no_right_turn,24028288,5555848841,62393560,-32.9747845,151.5330602,via_node,osm,inf,inf,inf,inf,0
8213252,no_right_turn,173066236,1838914499,1257757983,-33.2434941,151.4722621,via_node,osm,inf,inf,inf,inf,0
8213253,no_right_turn,580415243,1838914499,173066236,-33.2434941,151.4722621,via_node,osm,inf,inf,inf,inf,0
8214091,no_u_turn,580519740,173687246,580519736,-33.1788722,151.5990529,via_way,osm,inf,inf,inf,inf,0
8214189,only_straight_on,1464988017,13436884719,553372051,-33.1595898,151.6119455,via_node,osm,inf,inf,inf,inf,0
8214190,only_straight_on,1464988008,9963278706,1111989373,-33.1597693,151.6113836,via_node,osm,inf,inf,inf,inf,0
8214191,no_u_turn,580522589,173558301,580522586,-33.1656288,151.6098856,via_way,osm,inf,inf,inf,inf,0
8214801,no_u_turn,849043656,580579468,649177317,-32.9367203,151.6574181,via_way,osm,inf,inf,inf,inf,0
8219231,no_u_turn,580989612,580989615,580989614,-33.0061753,151.685006,via_way,osm,inf,inf,inf,inf,0
8219242,no_u_turn,580991066,347409487,580991065,-32.9996655,151.6857263,via_way,osm,inf,inf,inf,inf,0
8220498,no_u_turn,581228293,1189935819,509873065,-32.6160092,151.1018256,via_node,osm,inf,inf,inf,inf,0
8220546,no_u_turn,581237471,51647207,1326381879,-33.2300601,151.4246043,via_node,osm,inf,inf,inf,inf,0
8220731,no_u_turn,581264237,4166596337,581264234,-32.8746313,151.7477932,via_node,osm,inf,inf,inf,inf,0
8221121,no_u_turn,581320410,4077889218,581320408,-32.550537,151.0315032,via_node,osm,inf,inf,inf,inf,0
8221124,only_straight_on,405637537,4077889226,581320979,-32.551094,151.0303078,via_node,osm,inf,inf,inf,inf,0
8226960,no_u_turn,69547037,832362809,443177717,-32.6487425,151.9153444,via_node,osm,inf,inf,inf,inf,0
8226969,no_u_turn,4644767,29549128,28484489,-32.649182,151.9259203,via_node,osm,inf,inf,inf,inf,0
8316790,no_u_turn,1093137534,573185799,1093137538,-32.9947824,151.6877906,via_way,osm,inf,inf,inf,inf,0
8355090,no_right_turn,200889140,1848267660,594136839,-32.9691771,151.7085302,via_node,osm,inf,inf,inf,inf,0
8355091,no_u_turn,847344908,4409599934,443374829,-32.9749892,151.6463143,via_node,osm,inf,inf,inf,inf,0
8355092,no_right_turn,255621582,2612975919,1329831814,-32.9838956,151.6640293,via_node,osm,inf,inf,inf,inf,0
8551929,only_right_turn,618679749,1835281151,172669529,-32.9106644,151.6641179,via_node,osm,inf,inf,inf,3108.2,0
8735500,no_u_turn,627908821,824532331,674432567,-32.8185591,151.4835017,via_node,osm,inf,inf,inf,inf,0
8741989,no_u_turn,31010795,344820635,31010796,-32.7655886,151.6073139,via_node,osm,inf,inf,inf,inf,0
8785730,no_right_turn,1367633682,417261928,29224666,-32.5614928,151.1708893,via_node,osm,inf,inf,inf,inf,0
8785731,no_right_turn,1365717909,325602344,1426500998,-32.567377,151.1650549,via_node,osm,inf,inf,inf,inf,0
8820893,only_left_turn,634694913,4167259435,634694910,-32.7245879,152.141066,via_node,osm,inf,inf,inf,inf,0
8923345,only_left_turn,643748727,6057311988,643748724,-33.067948,151.5265171,via_node,osm,inf,inf,inf,inf,0
8923346,only_right_turn,643748726,347324134,172844364,-33.0679871,151.5268747,via_node,osm,inf,inf,inf,inf,0
9253270,no_right_turn,104604082,1206807300,590870059,-33.0360052,151.6599832,via_node,osm,inf,inf,inf,inf,0
9253271,no_right_turn,131294444,1206807300,104604082,-33.0360052,151.6599832,via_node,osm,inf,inf,inf,inf,0
9446364,no_right_turn,867289053,7800322117,840406410,-32.9399819,151.660448,via_node,osm,inf,inf,inf,3726.3,0
9484576,no_right_turn,926487270,942122549,80790375,-33.2280378,151.4212892,via_node,osm,inf,inf,inf,inf,0
9486511,no_right_turn,1464988001,61750006,24028617,-33.1813171,151.5947468,via_node,osm,inf,inf,inf,inf,0
9498870,no_right_turn,573185808,249343166,553195933,-32.9886373,151.6912187,via_node,osm,inf,inf,inf,inf,0
9498871,no_u_turn,553195934,573185808,553291000,-32.9886373,151.6912187,via_way,osm,inf,inf,inf,inf,0
9643440,no_u_turn,137986972,1512968265,693848741,-33.0953671,151.6297302,via_node,osm,inf,inf,inf,inf,0
9643441,no_right_turn,137986972,1512968265,693848740,-33.0953671,151.6297302,via_node,osm,inf,inf,inf,inf,0
9643442,no_u_turn,138080586,1512968212,693848738,-33.095455,151.6299,via_node,osm,inf,inf,inf,inf,0
9643443,no_u_turn,25381326,1512968205,693848737,-33.0957243,151.6299476,via_node,osm,inf,inf,inf,inf,0
9643444,no_u_turn,693848755,6514384848,693848751,-33.0957686,151.6295452,via_node,osm,inf,inf,inf,inf,0
9728297,only_left_turn,1413447189,417240223,367048220,-32.962155,151.6953933,via_node,osm,inf,inf,inf,inf,0
9745847,no_u_turn,701180900,6585054358,701180899,-32.5607645,151.1743516,via_node,osm,inf,inf,inf,inf,0
9749422,no_right_turn,701410216,6587359893,701410214,-32.7412931,151.5503236,via_node,osm,inf,inf,inf,inf,0
9769017,no_right_turn,1320362328,12174697236,1320362329,-32.9630853,151.6924098,via_node,osm,inf,inf,inf,inf,0
9898442,no_u_turn,584784529,172707741,711978109,-33.026656,151.6617735,via_way,osm,inf,inf,inf,inf,0
9898562,no_u_turn,711984004,6142863552,711984003,-33.2316551,151.5026197,via_node,osm,inf,inf,inf,inf,0
9899527,no_right_turn,401076970,285921958,712064158,-32.9095118,151.7174145,via_node,osm,inf,inf,2226.8,1431.2,0
9908238,only_left_turn,712902751,6702077455,712902743,-33.0639845,151.4656132,via_node,osm,inf,inf,inf,inf,0
9934984,only_straight_on,714956238,6720103151,714956239,-32.8938478,151.7481442,via_node,osm,inf,inf,inf,inf,0
9934985,no_left_turn,714956238,734826627,575707218,-32.8942303,151.7479413,via_node,osm,inf,inf,inf,4090.5,0
9969450,only_straight_on,718620968,4072615484,405034841,-33.2411221,151.4687034,via_node,osm,inf,inf,inf,inf,0
