SA1_CODE_2021,zone_tier,M_Emp_FullT_15_19,M_Emp_FullT_20_24,M_Emp_FullT_25_34,M_Emp_FullT_35_44,M_Emp_FullT_45_54,M_Emp_FullT_55_64,M_Emp_FullT_65_74,M_Emp_FullT_75_84,M_Emp_FullT_85ov,M_Emp_FullT_Tot,M_Emp_PartT_15_19,M_Emp_PartT_20_24,M_Emp_PartT_25_34,M_Emp_PartT_35_44,M_Emp_PartT_45_54,M_Emp_PartT_55_64,M_Emp_PartT_65_74,M_Emp_PartT_75_84,M_Emp_PartT_85ov,M_Emp_PartT_Tot,M_Emp_awy_f_wrk_15_19,M_Emp_awy_f_wrk_20_24,M_Emp_awy_f_wrk_25_34,M_Emp_awy_f_wrk_35_44,M_Emp_awy_f_wrk_45_54,M_Emp_awy_f_wrk_55_64,M_Emp_awy_f_wrk_65_74,M_Emp_awy_f_wrk_75_84,M_Emp_awy_f_wrk_85ov,M_Emp_awy_f_wrk_Tot,M_Hours_wkd_NS_15_19,M_Hours_wkd_NS_20_24,M_Hours_wkd_NS_25_34,M_Hours_wkd_NS_35_44,M_Hours_wkd_NS_45_54,M_Hours_wkd_NS_55_64,M_Hours_wkd_NS_65_74,M_Hours_wkd_NS_75_84,M_Hours_wkd_NS_85ov,M_Hours_wkd_NS_Tot,M_Tot_Emp_15_19,M_Tot_Emp_20_24,M_Tot_Emp_25_34,M_Tot_Emp_35_44,M_Tot_Emp_45_54,M_Tot_Emp_55_64,M_Tot_Emp_65_74,M_Tot_Emp_75_84,M_Tot_Emp_85ov,M_Tot_Emp_Tot,M_Unem_look_FTW_15_19,M_Unem_look_FTW_20_24,M_Unem_look_FTW_25_34,M_Unem_look_FTW_35_44,M_Unem_look_FTW_45_54,M_Unem_look_FTW_55_64,M_Unem_look_FTW_65_74,M_Unem_look_FTW_75_84,M_Unem_look_FTW_85ov,M_Unem_look_FTW_Tot,M_Unem_look_PTW_15_19,M_Unem_look_PTW_20_24,M_Unem_look_PTW_25_34,M_Unem_look_PTW_35_44,M_Unem_look_PTW_45_54,M_Unem_look_PTW_55_64,M_Unem_look_PTW_65_74,M_Unem_look_PTW_75_84,M_Unem_look_PTW_85ov,M_Unem_look_PTW_Tot,M_Tot_Unemp_15_19,M_Tot_Unemp_20_24,M_Tot_Unemp_25_34,M_Tot_Unemp_35_44,M_Tot_Unemp_45_54,M_Tot_Unemp_55_64,M_Tot_Unemp_65_74,M_Tot_Unemp_75_84,M_Tot_Unemp_85ov,M_Tot_Unemp_Tot,M_Tot_LF_15_19,M_Tot_LF_20_24,M_Tot_LF_25_34,M_Tot_LF_35_44,M_Tot_LF_45_54,M_Tot_LF_55_64,M_Tot_LF_65_74,M_Tot_LF_75_84,M_Tot_LF_85ov,M_Tot_LF_Tot,M_Not_in_LF_15_19,M_Not_in_LF_20_24,M_Not_in_LF_25_34,M_Not_in_LF_35_44,M_Not_in_LF_45_54,M_Not_in_LF_55_64,M_Not_in_LF_65_74,M_Not_in_LF_75_84,M_Not_in_LF_85ov,M_Not_in_LF_Tot,M_LFS_NS_15_19,M_LFS_NS_20_24,M_LFS_NS_25_34,M_LFS_NS_35_44,M_LFS_NS_45_54,M_LFS_NS_55_64,M_LFS_NS_65_74,M_LFS_NS_75_84,M_LFS_NS_85ov,M_LFS_NS_Tot,M_Tot_15_19,M_Tot_20_24,M_Tot_25_34,M_Tot_35_44,M_Tot_45_54,M_Tot_55_64,M_Tot_65_74,M_Tot_75_84,M_Tot_85ov,M_Tot_Tot,F_Emp_FullT_15_19,F_Emp_FullT_20_24,F_Emp_FullT_25_34,F_Emp_FullT_35_44,F_Emp_FullT_45_54,F_Emp_FullT_55_64,F_Emp_FullT_65_74,F_Emp_FullT_75_84,F_Emp_FullT_85ov,F_Emp_FullT_Tot,F_Emp_PartT_15_19,F_Emp_PartT_20_24,F_Emp_PartT_25_34,F_Emp_PartT_35_44,F_Emp_PartT_45_54,F_Emp_PartT_55_64,F_Emp_PartT_65_74,F_Emp_PartT_75_84,F_Emp_PartT_85ov,F_Emp_PartT_Tot,F_Emp_awy_f_wrk_15_19,F_Emp_awy_f_wrk_20_24,F_Emp_awy_f_wrk_25_34,F_Emp_awy_f_wrk_35_44,F_Emp_awy_f_wrk_45_54,F_Emp_awy_f_wrk_55_64,F_Emp_awy_f_wrk_65_74,F_Emp_awy_f_wrk_75_84,F_Emp_awy_f_wrk_85ov,F_Emp_awy_f_wrk_Tot,F_Hours_wkd_NS_15_19,F_Hours_wkd_NS_20_24,F_Hours_wkd_NS_25_34,F_Hours_wkd_NS_35_44,F_Hours_wkd_NS_45_54,F_Hours_wkd_NS_55_64,F_Hours_wkd_NS_65_74,F_Hours_wkd_NS_75_84,F_Hours_wkd_NS_85ov,F_Hours_wkd_NS_Tot,F_Tot_Emp_15_19,F_Tot_Emp_20_24,F_Tot_Emp_25_34,F_Tot_Emp_35_44,F_Tot_Emp_45_54,F_Tot_Emp_55_64,F_Tot_Emp_65_74,F_Tot_Emp_75_84,F_Tot_Emp_85ov,F_Tot_Emp_Tot,F_Unem_look_FTW_15_19,F_Unem_look_FTW_20_24,F_Unem_look_FTW_25_34,F_Unem_look_FTW_35_44,F_Unem_look_FTW_45_54,F_Unem_look_FTW_55_64,F_Unem_look_FTW_65_74,F_Unem_look_FTW_75_84,F_Unem_look_FTW_85ov,F_Unem_look_FTW_Tot,F_Unem_look_PTW_15_19,F_Unem_look_PTW_20_24,F_Unem_look_PTW_25_34,F_Unem_look_PTW_35_44,F_Unem_look_PTW_45_54,F_Unem_look_PTW_55_64,F_Unem_look_PTW_65_74,F_Unem_look_PTW_75_84,F_Unem_look_PTW_85ov,F_Unem_look_PTW_Tot,F_Tot_Unemp_15_19,F_Tot_Unemp_20_24,F_Tot_Unemp_25_34,F_Tot_Unemp_35_44,F_Tot_Unemp_45_54,F_Tot_Unemp_55_64,F_Tot_Unemp_65_74,F_Tot_Unemp_75_84,F_Tot_Unemp_85ov,F_Tot_Unemp_Tot
10601110701,core,4,13,51,43,30,13,0,0,0,143,5,0,7,7,3,4,0,0,0,27,3,0,0,3,0,0,0,0,0,6,0,0,0,0,0,0,0,0,0,3,16,13,61,46,34,18,0,0,0,189,4,0,0,3,0,0,0,0,0,7,0,0,0,0,0,0,0,0,0,0,4,0,0,3,0,0,0,0,0,5,15,18,60,53,34,15,0,0,0,195,11,0,8,6,5,8,12,7,6,58,0,0,5,0,0,0,0,0,0,8,29,17,65,62,39,29,12,14,6,271,0,12,22,18,10,9,0,0,0,70,11,5,25,14,7,7,0,0,0,68,0,0,14,9,7,0,0,0,0,20,0,0,0,0,0,0,0,0,0,0,15,13,58,36,24,14,4,0,0,161,0,0,0,0,0,0,0,0,0,5,0,0,0,0,0,0,0,0,0,3,0,0,0,0,0,0,0,0,0,5
10601110702,core,5,10,33,19,15,21,0,0,0,103,6,0,7,3,0,7,0,0,0,26,3,0,0,4,0,0,0,0,0,10,0,0,0,3,0,0,0,0,0,3,15,7,39,29,24,28,0,0,0,145,0,0,0,0,5,0,0,0,0,0,4,0,0,0,0,0,0,0,0,3,4,0,3,0,5,0,0,0,0,9,13,7,41,30,25,28,0,0,0,156,3,9,5,6,5,16,14,12,6,62,0,0,0,0,0,7,3,0,0,14,23,14,46,34,27,44,23,12,6,225,0,3,18,11,5,5,0,0,0,48,7,8,17,20,16,11,4,0,0,70,0,0,0,0,0,0,0,0,0,9,0,0,0,0,0,0,0,0,0,0,11,8,39,28,22,15,5,0,0,122,0,0,0,0,0,0,0,0,0,6,0,0,0,0,0,0,0,0,0,4,0,0,0,0,0,0,0,0,0,10
10601110703,core,7,9,52,40,35,24,0,0,0,176,0,8,10,4,0,3,3,0,0,25,0,4,0,8,0,0,0,0,0,15,0,0,0,0,0,0,0,0,0,6,9,21,58,51,35,32,3,0,0,212,0,0,0,0,0,3,0,0,0,13,0,0,0,0,0,0,0,0,0,0,0,0,0,0,0,3,0,0,0,13,13,17,63,51,35,38,3,0,0,220,4,0,0,0,5,4,19,12,0,54,0,0,0,0,4,0,0,3,0,9,16,24,63,55,48,45,17,12,0,286,0,7,26,23,11,11,0,0,0,81,14,12,22,24,24,15,0,0,0,117,0,3,4,5,0,0,0,0,0,17,0,0,3,0,0,0,0,0,0,3,14,21,61,52,38,28,4,0,0,217,0,5,0,0,0,0,0,0,0,5,3,0,0,0,0,0,0,0,0,3,3,4,0,0,0,0,0,0,0,7
10601110704,external,0,6,16,20,21,25,7,0,0,100,3,3,0,0,3,6,0,0,0,21,0,0,3,0,0,0,0,0,0,6,3,0,0,0,0,0,0,0,0,4,15,10,18,20,31,31,12,0,0,129,0,0,0,0,0,5,0,0,0,0,0,0,0,0,0,0,0,0,0,0,0,0,0,0,0,5,0,0,0,7,12,10,18,20,32,35,12,0,0,134,0,0,0,3,5,9,13,6,0,34,0,0,0,0,0,0,0,0,0,0,12,10,18,24,31,41,23,3,0,172,0,3,3,13,18,18,4,0,0,61,0,5,6,9,15,7,3,0,0,47,0,0,0,0,0,0,0,0,0,6,0,0,0,0,0,0,0,0,0,3,0,15,18,24,35,27,6,0,0,116,0,0,0,0,0,0,0,0,0,0,0,0,0,0,0,0,0,0,0,0,0,0,0,0,0,0,0,0,0,0
10601110705,external,0,0,8,15,20,16,6,0,0,72,10,0,0,3,6,4,6,0,0,24,0,0,0,4,0,3,0,0,0,4,0,0,0,0,0,0,0,0,0,4,9,0,8,18,27,22,14,0,0,105,0,0,0,0,0,0,0,0,0,3,0,0,0,0,0,0,0,0,0,0,0,0,0,0,0,0,0,0,0,3,11,0,10,18,27,25,14,0,0,108,3,0,0,0,0,3,12,8,0,36,0,0,0,0,0,0,0,0,0,3,12,0,11,21,27,32,25,11,0,148,0,0,3,9,9,11,4,0,0,38,0,0,6,11,16,16,0,0,0,49,0,3,0,3,0,0,0,0,0,10,0,0,0,0,0,0,0,0,0,3,3,7,14,21,21,25,4,0,0,95,0,0,0,0,0,0,0,0,0,0,0,0,0,0,0,0,0,0,0,0,0,0,0,0,0,0,0,0,0,0
10601110706,core,3,0,9,16,24,8,5,0,0,71,0,0,0,7,0,0,3,0,0,10,0,0,3,0,0,0,0,0,0,9,0,0,0,0,0,0,0,0,0,0,3,4,14,23,23,12,9,0,0,89,0,0,0,0,0,0,0,0,0,0,0,0,0,0,0,0,0,0,0,0,0,0,0,0,0,0,0,0,0,0,3,4,14,23,23,12,9,0,0,89,12,0,0,0,0,3,18,15,4,53,0,0,0,0,0,0,0,0,0,6,14,5,11,20,28,14,29,15,4,145,0,0,7,11,12,7,0,0,0,36,10,3,8,13,4,8,4,0,0,42,0,0,0,0,0,0,0,0,0,4,0,0,3,0,0,0,0,0,0,4,13,4,12,17,26,17,4,0,0,99,0,0,0,0,0,0,0,0,0,4,0,0,0,0,0,0,0,0,0,0,0,0,0,0,0,0,0,0,0,4
10601110707,core,0,0,7,18,3,12,13,0,0,54,0,0,0,3,4,5,5,4,0,19,0,0,0,3,0,0,3,0,0,6,0,0,0,0,0,0,0,0,0,4,0,4,7,17,7,20,18,5,0,82,0,0,0,0,0,0,0,0,0,0,0,0,0,0,0,0,0,0,0,0,0,0,0,0,0,0,0,0,0,0,0,4,7,17,7,20,18,5,0,82,3,0,0,0,0,5,12,3,4,35,0,0,0,0,0,0,3,0,0,3,3,10,9,21,13,26,34,10,0,119,0,0,5,4,7,7,4,0,0,32,0,0,0,5,10,10,5,0,0,27,6,5,0,3,0,6,0,0,0,12,0,0,0,0,0,0,0,0,0,0,5,4,11,12,13,19,7,0,0,75,0,0,0,0,0,0,0,0,0,0,0,0,0,0,0,0,0,0,0,0,0,0,0,0,0,0,0,0,0,0
10601110708,core,0,3,10,12,13,7,5,0,0,54,0,0,7,0,3,9,6,0,0,23,0,0,0,0,3,4,0,0,0,8,0,0,0,0,0,0,0,0,0,3,0,11,12,18,22,18,9,0,0,85,0,0,0,0,0,0,0,0,0,4,0,0,0,0,0,0,0,0,0,0,0,0,0,0,0,0,0,0,0,4,0,11,12,19,22,18,9,0,0,89,8,4,3,3,0,6,18,10,0,44,0,0,0,0,6,0,3,0,0,8,9,12,14,17,26,23,25,7,0,138,0,0,4,0,0,3,3,0,0,21,5,5,6,6,10,4,0,0,0,40,0,0,4,0,0,0,0,0,0,10,0,0,0,0,0,0,0,0,0,0,0,5,14,10,14,6,6,0,0,67,0,0,0,0,0,0,0,0,0,0,0,0,0,0,0,0,0,0,0,0,0,0,0,0,0,0,0,0,0,0
10601110709,core,0,5,11,17,8,5,3,0,0,46,3,0,0,0,0,3,0,0,0,14,0,0,0,0,0,0,0,0,0,6,0,0,0,0,3,0,0,0,0,3,3,5,13,17,20,7,3,0,0,67,0,0,0,0,0,0,0,0,0,0,0,0,0,0,0,0,0,0,0,0,0,0,0,0,0,0,0,0,0,0,3,7,13,17,21,7,3,0,0,65,0,0,0,0,3,5,20,5,0,38,0,0,0,0,0,0,0,0,0,8,9,7,14,22,23,12,20,5,0,108,0,0,4,4,10,8,0,0,0,28,5,6,6,8,6,3,4,0,0,33,0,0,5,0,0,0,0,0,0,8,0,0,0,0,0,0,0,0,0,0,9,3,18,12,16,10,6,0,0,65,0,0,0,0,0,0,0,0,0,0,0,0,0,0,0,0,0,0,0,0,0,0,0,0,0,0,0,0,0,3
10601110710,core,0,6,20,14,4,7,0,0,0,56,3,0,0,0,0,0,0,0,0,6,0,0,0,0,0,0,0,0,0,5,0,0,0,0,0,0,0,0,0,0,3,7,21,19,5,7,0,0,0,63,0,0,0,0,0,0,0,0,0,0,0,0,0,0,0,0,0,0,0,4,3,0,0,0,0,0,0,0,0,4,5,7,21,19,5,8,0,0,0,68,5,0,0,0,0,3,10,3,0,33,0,0,0,0,0,0,0,0,0,3,12,7,26,20,5,15,15,8,0,106,0,4,17,4,10,3,0,0,0,38,0,0,5,0,3,9,0,0,0,20,0,0,3,0,0,0,0,0,0,3,0,0,0,0,0,0,0,0,0,0,7,3,18,13,13,6,3,0,0,59,0,0,0,0,0,0,0,0,0,4,0,0,0,0,0,0,0,0,0,0,0,0,0,0,0,0,0,0,0,4
10601110712,core,5,9,13,30,25,6,4,0,0,85,3,3,5,6,0,0,3,0,0,22,0,0,0,0,3,0,0,0,0,3,0,0,0,0,3,0,0,0,0,4,9,14,20,36,27,11,3,0,0,125,0,0,0,0,0,0,0,0,0,4,0,0,0,0,0,0,0,0,0,0,0,0,0,0,0,0,0,0,0,4,9,14,19,36,29,10,3,0,0,126,0,0,3,4,10,7,17,8,0,50,0,0,0,0,0,0,0,4,0,4,11,10,22,37,39,14,23,17,0,174,0,6,7,11,9,7,0,0,0,42,4,5,7,13,11,6,0,0,0,49,4,0,3,3,3,0,0,0,0,7,0,0,0,0,0,0,0,0,0,0,12,12,18,26,20,16,0,0,0,100,0,0,0,0,0,0,0,0,0,5,0,0,0,0,0,3,0,0,0,3,0,0,0,0,0,3,0,0,0,3
10601110713,core,0,6,5,16,16,9,3,0,0,50,3,0,0,0,4,0,0,0,0,10,3,0,0,0,0,0,0,0,0,7,0,0,0,0,0,0,0,0,0,0,11,3,14,17,15,11,3,0,0,71,0,0,0,0,0,0,0,0,0,0,3,0,0,0,0,0,0,0,0,9,6,0,0,0,0,0,0,0,0,7,13,3,14,19,15,11,3,0,0,76,3,0,0,0,0,3,15,3,0,29,0,0,0,3,0,0,0,0,0,8,15,4,14,22,18,17,20,3,0,116,0,3,0,9,10,0,0,0,0,30,12,5,0,9,11,0,0,0,0,32,0,0,0,0,0,0,0,0,0,3,0,0,0,0,0,0,0,0,0,0,11,4,9,18,21,4,3,0,0,66,0,0,0,0,0,0,0,0,0,0,0,0,0,0,0,0,0,0,0,0,0,0,0,0,0,0,0,0,0,0
10601110714,core,3,11,36,27,18,20,7,0,0,130,7,3,3,4,9,8,0,0,0,31,0,0,3,0,0,6,0,0,0,8,0,0,0,0,0,0,0,0,0,3,13,13,43,37,30,29,10,0,0,170,0,0,0,0,3,0,0,0,0,6,3,0,0,0,0,0,0,0,0,5,4,0,5,0,3,4,0,0,0,19,14,15,46,41,30,29,13,0,0,188,3,0,0,6,3,10,11,6,0,49,0,0,3,0,0,0,0,0,0,3,21,18,50,46,36,42,23,6,0,242,3,13,23,14,9,14,0,0,0,76,11,0,11,25,16,7,4,0,0,83,0,0,8,0,0,0,0,0,0,8,0,0,0,0,0,0,0,0,0,0,15,14,39,36,25,22,7,0,0,166,0,0,0,0,0,0,0,0,0,0,0,0,3,0,0,0,0,0,0,5,5,0,3,0,0,0,0,0,0,4
10601110716,external,7,15,27,45,48,33,3,0,0,176,8,6,0,4,0,7,6,0,0,30,0,0,0,3,3,5,0,0,0,13,0,6,0,0,4,0,0,0,0,9,18,21,26,54,56,44,13,0,0,228,0,0,0,0,0,0,0,0,0,0,0,0,0,0,0,0,0,0,0,0,0,0,0,0,0,0,0,0,0,3,18,26,26,54,59,42,13,0,0,230,18,5,0,0,0,19,28,15,0,81,0,0,0,0,0,3,0,0,0,12,33,35,25,57,58,64,38,15,0,323,6,12,10,21,33,10,0,0,0,87,18,10,7,24,27,13,0,0,0,101,6,5,3,0,0,0,0,0,0,15,0,0,0,0,4,0,0,0,0,8,22,20,24,52,61,28,8,0,0,212,0,0,0,0,0,0,0,0,0,0,5,0,0,0,0,0,0,0,0,5,5,0,0,0,0,0,0,0,0,6
10601110717,external,0,3,5,7,16,10,3,0,0,50,0,0,0,0,0,0,0,0,0,6,0,3,0,0,0,0,0,0,0,3,0,0,0,0,0,0,0,0,0,0,5,7,8,12,19,13,3,0,0,64,0,0,0,0,0,0,0,0,0,0,0,0,0,0,0,0,0,0,0,0,0,0,0,0,0,0,0,0,0,0,3,7,8,12,19,13,3,0,0,67,3,0,0,5,4,0,4,7,4,25,0,0,0,0,0,0,0,0,0,4,9,4,8,11,18,18,9,3,4,91,0,0,5,9,3,4,0,0,0,19,3,0,0,7,6,8,0,0,0,29,0,0,3,0,0,4,0,0,0,9,0,0,0,0,0,0,0,0,0,0,7,0,10,14,14,13,0,0,0,51,0,0,0,0,0,0,0,0,0,0,0,0,0,0,0,0,0,0,0,0,0,0,0,0,0,0,0,0,0,0
10601110718,external,4,4,14,14,31,9,3,0,0,81,3,0,0,0,0,0,0,0,0,9,0,0,0,0,0,0,0,0,0,6,0,0,0,0,0,0,0,0,0,4,8,4,18,17,36,15,4,0,0,98,0,0,0,0,0,0,0,0,0,0,0,0,0,0,0,0,0,0,0,0,0,0,0,0,0,0,0,0,0,0,8,4,18,17,36,15,4,0,0,98,5,0,6,0,0,10,16,4,0,43,0,0,0,5,0,5,0,0,0,19,17,8,24,21,35,29,23,7,0,152,0,3,11,9,16,5,0,0,0,43,5,3,0,9,9,9,0,0,0,43,0,0,0,0,0,3,0,0,0,5,0,0,0,0,0,0,0,0,0,0,8,5,17,17,25,17,0,0,0,91,0,0,0,0,0,0,0,0,0,0,0,0,0,0,0,0,0,0,0,0,0,0,0,0,0,0,0,0,0,0
10601110719,core,0,5,26,18,14,6,3,0,0,70,3,4,3,0,0,0,0,0,0,9,0,0,0,0,0,0,0,0,0,0,0,0,0,0,0,0,0,0,0,0,5,10,25,18,14,4,0,0,0,83,0,0,0,0,0,0,0,0,0,0,0,0,0,0,0,0,0,0,0,0,0,0,0,0,0,0,0,0,0,0,5,11,25,18,14,4,0,0,0,83,5,0,0,0,0,5,9,8,0,21,0,0,0,0,0,0,0,0,0,0,6,8,32,23,14,8,10,8,0,107,0,4,18,10,7,4,0,0,0,43,3,4,7,11,5,4,0,0,0,29,0,0,0,0,0,0,0,0,0,6,0,0,0,0,0,0,0,0,0,0,4,7,21,25,10,5,0,0,0,74,0,0,0,0,0,0,0,0,0,0,0,0,0,0,0,0,0,0,0,0,0,0,0,0,0,0,0,0,0,0
10601110720,core,0,16,26,32,16,13,8,0,0,105,3,0,7,0,4,0,5,0,0,18,0,0,0,3,0,0,0,0,0,5,0,0,0,0,0,0,0,0,0,5,10,16,34,37,22,14,5,0,0,132,0,0,3,0,0,0,0,0,0,4,0,0,0,0,0,0,0,0,0,0,0,0,4,0,4,0,0,0,0,12,8,13,41,37,25,14,5,0,0,141,3,0,0,0,0,3,10,11,0,37,0,0,3,0,0,0,0,3,0,3,12,11,42,36,23,20,20,12,0,185,0,5,15,16,10,6,0,0,0,48,9,9,14,11,15,10,0,0,0,52,0,0,4,0,0,0,0,0,0,7,0,4,0,0,0,0,0,0,0,0,9,15,34,25,17,13,0,0,0,118,0,0,0,0,0,0,0,0,0,4,0,0,0,0,0,0,0,0,0,7,0,3,0,0,0,0,0,0,0,8
10601110722,core,4,9,25,21,16,13,0,0,0,91,3,0,4,3,0,3,0,0,0,15,0,0,4,0,0,3,0,0,0,7,0,0,5,0,0,0,0,0,0,5,3,9,28,24,21,22,0,4,0,114,0,0,0,4,0,0,0,0,0,4,0,0,0,0,0,0,0,0,0,5,0,0,0,4,0,0,0,0,0,8,5,9,28,27,21,23,0,4,0,119,4,4,0,0,4,10,18,10,0,43,0,0,0,0,0,0,0,0,0,7,14,15,32,27,23,29,19,12,0,166,0,0,11,12,4,6,0,0,0,34,5,5,17,10,11,3,0,0,0,37,0,0,0,0,3,0,3,0,0,11,0,0,0,0,0,0,0,0,0,0,5,3,23,16,10,10,3,0,0,79,0,0,0,0,0,0,0,0,0,0,0,0,0,0,0,0,0,0,0,4,0,0,0,0,0,0,0,0,0,3
10601110723,core,8,17,40,33,33,14,4,0,0,148,4,0,5,8,0,7,3,0,0,28,0,0,4,0,0,4,0,0,0,13,0,3,0,0,3,0,0,0,0,9,14,21,44,40,40,24,3,0,0,191,0,0,0,6,0,0,0,0,0,9,0,0,0,0,0,0,0,0,0,0,0,0,0,0,0,0,0,0,0,5,15,20,51,42,41,24,3,0,0,202,14,0,0,0,3,6,28,13,6,68,0,0,6,0,3,0,0,0,0,8,28,21,54,51,52,29,34,11,3,280,4,9,19,15,24,9,0,0,0,68,12,9,16,17,19,5,3,0,0,82,4,4,0,0,0,0,0,0,0,14,5,0,0,0,3,0,0,0,0,10,18,25,34,34,41,13,4,0,0,177,0,0,3,0,4,0,0,0,0,6,4,0,0,0,0,0,0,0,0,8,4,0,0,0,3,0,0,0,0,11
10601110725,core,0,12,37,29,12,4,3,0,0,103,3,0,4,0,0,6,0,0,0,10,0,0,0,4,0,0,0,0,0,5,0,0,0,0,0,0,0,0,0,6,3,16,44,33,17,8,3,0,0,122,0,0,0,0,0,0,0,0,0,3,5,0,0,0,0,0,0,0,0,5,5,0,0,0,0,0,0,0,0,5,8,16,41,34,17,8,3,0,0,131,0,0,5,6,3,3,9,3,0,26,0,0,4,4,3,0,0,0,0,12,5,19,50,40,24,19,13,3,0,168,0,11,23,23,9,0,0,0,0,64,10,6,16,20,8,4,0,0,0,56,0,0,5,0,0,0,0,0,0,6,0,0,0,0,0,0,0,0,0,0,10,16,40,45,14,0,0,0,0,120,0,0,0,0,0,0,0,0,0,3,0,0,0,0,0,3,0,0,0,8,0,3,0,0,0,3,0,0,0,11
10601110726,core,6,0,23,23,21,5,3,0,0,80,6,0,0,3,0,0,0,0,0,12,0,0,0,0,0,0,0,0,0,4,0,0,0,0,0,0,0,0,0,0,9,4,24,23,22,9,3,0,0,98,0,0,0,0,0,0,0,0,0,0,0,0,0,0,0,0,0,0,0,0,0,0,0,0,0,0,0,0,0,0,9,4,26,23,22,9,3,0,0,95,4,0,0,3,0,0,5,3,0,14,0,0,0,0,0,0,0,0,0,0,15,4,27,26,22,11,7,5,0,112,3,0,11,10,9,4,0,0,0,38,0,0,5,15,9,0,0,0,0,40,0,0,3,3,0,0,0,0,0,12,0,0,0,0,0,0,0,0,0,5,5,5,21,28,18,8,6,0,0,88,0,0,0,0,0,0,0,0,0,0,4,0,0,0,0,0,0,0,0,5,4,0,0,0,0,0,0,0,0,5
10601110727,core,0,6,52,33,13,10,0,0,0,122,4,0,7,4,3,0,0,0,0,19,0,3,0,0,0,0,0,0,0,6,0,0,0,0,0,0,0,0,0,0,4,13,60,38,14,16,0,0,0,146,0,0,0,3,0,0,0,0,0,3,0,0,0,0,0,0,0,0,0,0,0,0,0,3,0,0,0,0,0,5,4,13,60,40,14,16,0,0,0,151,7,0,4,5,0,0,10,0,0,24,0,0,3,0,6,0,0,0,0,12,13,12,66,46,21,17,6,0,0,189,0,16,39,19,7,4,0,0,0,88,6,0,11,6,3,0,0,0,0,34,4,4,5,0,0,4,0,0,0,14,0,0,5,0,0,0,0,0,0,0,11,20,60,28,13,9,0,0,0,144,0,0,0,0,0,0,0,0,0,0,0,0,0,0,0,0,0,0,0,4,0,0,0,0,0,0,0,0,0,4
10601110728,core,0,0,9,6,9,13,7,0,0,43,0,0,0,0,0,4,0,0,0,14,0,0,0,0,0,0,0,0,0,3,0,0,0,0,0,0,0,0,0,0,0,0,6,9,14,17,8,4,0,60,0,0,0,0,0,0,0,0,0,0,0,0,0,0,0,0,0,0,0,0,0,0,0,0,0,0,0,0,0,0,0,0,6,9,14,22,8,4,0,64,0,4,4,0,0,3,9,9,0,27,0,0,0,0,0,0,0,0,0,5,0,5,10,9,15,27,20,9,0,99,0,0,0,0,8,4,4,0,0,21,3,4,0,0,7,9,0,0,0,22,0,0,0,0,0,4,0,0,0,4,0,0,0,0,0,0,0,0,0,0,3,0,4,3,9,19,4,0,0,49,0,0,0,0,0,0,0,0,0,0,0,0,0,0,0,0,0,0,0,0,0,0,0,0,0,0,0,0,0,0
10601110729,core,0,8,33,32,15,9,0,0,0,107,0,6,3,5,3,0,0,0,0,13,0,0,0,0,0,0,0,0,0,3,0,0,0,0,4,0,0,0,0,0,0,11,45,39,22,14,0,0,0,130,0,0,0,0,0,0,0,0,0,0,4,0,0,0,0,0,0,0,0,4,5,0,0,0,0,0,0,0,0,5,8,11,45,41,22,14,0,0,0,133,8,0,0,0,3,6,13,5,0,33,0,0,0,0,0,0,0,0,0,0,11,16,45,41,24,16,10,5,0,169,6,6,17,10,16,0,0,0,0,62,3,3,16,15,7,3,0,0,0,55,0,0,6,5,0,0,0,0,0,17,0,0,0,0,0,0,0,0,0,4,8,10,47,33,26,7,0,0,0,135,0,0,0,0,0,0,0,0,0,3,0,0,0,0,0,0,0,0,0,0,0,0,0,0,0,0,0,0,0,6
10601110730,core,0,0,7,9,16,25,5,0,0,64,0,3,0,0,3,3,7,0,0,19,0,0,0,0,0,5,0,0,0,3,0,0,0,0,0,0,0,0,0,0,0,5,7,16,21,31,10,0,0,96,0,0,0,0,0,0,0,0,0,0,0,0,0,0,0,0,0,0,0,0,0,0,0,0,0,0,0,0,0,4,0,5,7,16,21,34,10,0,0,94,6,0,0,3,4,7,18,11,0,51,0,0,0,0,0,0,0,0,0,0,11,6,10,14,20,42,34,9,0,149,0,4,5,8,8,9,0,0,0,38,0,4,0,8,6,15,10,0,0,36,0,0,3,0,0,0,0,0,0,13,0,0,0,0,0,0,0,0,0,0,3,6,7,15,17,28,7,0,0,83,0,0,0,0,0,0,0,0,0,0,0,0,0,0,0,0,0,0,0,0,0,0,0,0,0,0,0,0,0,0
10601110731,core,0,5,7,16,25,7,4,0,0,59,4,0,0,0,0,5,3,0,0,24,0,0,0,0,0,0,0,0,0,7,0,0,0,0,0,0,0,0,0,0,3,5,13,18,25,18,8,0,0,92,0,0,0,0,0,0,0,0,0,0,6,0,0,0,0,0,0,0,0,7,6,0,0,0,0,0,0,0,0,6,11,5,13,18,25,17,13,0,0,95,4,4,0,0,4,5,11,12,0,39,0,0,0,4,0,0,0,0,0,5,16,9,13,18,27,26,22,8,0,141,0,4,5,7,12,3,3,0,0,38,4,0,5,10,9,9,6,0,0,38,0,0,0,0,0,0,0,0,0,8,0,0,0,0,0,0,0,0,0,0,7,8,14,21,24,10,9,0,0,92,0,0,0,0,0,0,0,0,0,0,0,0,0,0,0,0,0,0,0,0,0,0,0,0,0,0,0,0,0,0
10601110732,core,3,5,53,32,14,0,0,0,0,118,4,3,5,8,6,0,0,0,0,18,0,0,6,4,0,0,0,0,0,10,0,0,0,3,0,0,0,0,0,4,6,11,65,42,15,5,0,0,0,144,0,0,0,0,0,0,0,0,0,0,0,0,0,0,0,0,0,0,0,0,0,0,0,0,0,0,0,0,0,0,6,13,65,42,15,5,0,0,0,149,9,0,3,4,0,6,7,3,0,25,0,0,0,0,0,0,0,0,0,5,14,10,66,46,18,8,8,3,0,179,0,9,34,21,12,7,0,0,0,78,3,4,21,19,4,3,0,0,0,51,0,0,10,0,0,0,0,0,0,17,0,0,0,0,0,0,0,0,0,0,7,15,62,41,15,10,0,0,0,150,0,0,0,0,0,0,0,0,0,0,0,0,0,0,0,0,0,0,0,4,0,0,0,0,0,0,0,0,0,4
10601110733,core,0,0,0,5,15,22,0,0,0,51,0,0,3,0,0,5,8,0,0,22,0,0,0,0,0,0,0,0,0,0,0,0,0,0,0,0,0,0,0,0,0,0,3,5,16,27,10,3,0,76,0,0,0,0,0,0,0,0,0,0,0,0,0,0,0,0,0,0,0,4,0,0,0,0,3,0,6,0,0,9,0,0,3,5,15,27,12,3,0,79,0,0,4,0,0,6,26,17,0,50,0,0,0,0,0,0,0,0,0,7,3,0,6,11,15,38,35,22,0,136,0,0,0,8,9,14,3,0,0,32,0,0,0,11,4,12,4,0,0,39,0,0,0,0,0,0,3,0,0,5,0,0,0,0,0,0,0,0,0,0,5,0,4,14,15,25,11,5,0,76,0,0,0,0,0,0,0,0,0,0,0,0,0,0,0,0,0,0,0,0,0,0,0,0,0,0,0,0,0,0
10601110801,core,0,8,20,17,11,5,0,0,0,53,0,4,5,0,6,0,4,0,0,22,0,0,3,3,0,0,0,0,0,10,0,0,0,0,0,0,0,0,0,0,3,9,22,19,17,18,4,0,0,90,0,0,0,0,0,4,0,0,0,7,3,0,0,0,0,0,0,0,0,3,6,0,0,0,0,4,0,0,0,9,4,10,22,22,21,21,4,0,0,99,7,0,5,0,10,16,17,12,3,75,0,0,0,6,0,8,0,0,0,20,14,13,26,26,29,41,22,16,3,199,0,10,10,7,14,8,0,0,0,42,6,6,13,11,9,6,5,0,0,57,0,0,5,0,0,0,0,0,0,19,0,0,0,0,0,4,0,0,0,7,15,18,24,26,24,18,3,0,0,125,0,4,0,0,0,0,0,0,0,11,0,0,0,0,0,0,0,0,0,0,0,4,0,0,0,0,0,0,0,8
10601110806,core,0,3,17,5,9,8,0,0,0,40,0,0,3,0,0,0,0,0,0,7,0,0,0,0,0,0,0,0,0,7,0,0,0,0,0,0,0,0,0,0,5,3,20,3,7,10,3,0,0,52,0,0,0,4,0,0,5,0,0,4,0,3,0,0,0,0,0,0,0,3,0,0,0,4,0,0,5,0,0,11,5,6,20,9,7,10,10,0,0,62,0,0,6,11,5,9,9,7,0,45,0,0,3,4,3,4,0,0,0,18,7,5,28,18,13,19,18,7,0,125,0,0,9,3,5,0,0,0,0,17,0,0,8,7,3,3,0,0,0,24,0,0,0,3,3,5,0,0,0,8,0,0,0,0,0,0,0,0,0,0,4,0,15,12,11,9,0,0,0,54,0,0,0,0,0,0,0,0,0,4,0,0,0,0,0,0,0,0,0,7,0,0,0,0,3,0,0,0,0,7
10601110807,core,0,6,18,14,14,11,0,0,0,68,0,3,3,7,0,7,0,0,0,26,0,0,0,0,0,0,0,0,0,4,0,0,0,0,0,0,0,0,0,0,0,13,24,21,12,18,0,0,0,101,0,0,0,0,3,0,0,0,0,12,0,0,0,0,0,0,0,0,0,3,0,0,0,4,3,0,0,0,0,14,3,14,22,23,16,20,0,0,0,113,8,0,9,9,0,10,21,20,3,77,0,0,3,0,0,0,0,0,0,11,8,15,37,34,18,35,22,22,3,196,3,3,3,9,9,5,0,0,0,33,5,6,11,11,3,3,0,0,0,44,5,0,0,0,0,0,0,0,0,3,0,0,0,0,0,0,0,0,0,0,10,9,15,21,17,14,0,0,0,82,0,0,0,0,0,0,0,0,0,0,0,0,0,0,0,0,0,0,0,0,0,0,6,0,0,0,0,0,0,0
10601110808,core,0,7,21,13,9,12,6,0,0,63,9,3,5,0,9,4,0,0,0,20,0,0,0,0,0,0,0,0,0,4,0,0,0,0,0,0,0,0,0,0,9,8,27,13,19,14,7,0,0,92,0,0,0,3,0,0,0,0,0,3,0,0,0,0,0,0,0,0,0,0,0,0,0,3,0,0,0,0,0,6,6,11,28,16,19,14,7,0,0,100,6,0,0,7,0,6,15,14,3,48,0,0,0,0,0,3,0,0,0,9,12,15,31,23,17,22,15,14,3,161,3,12,7,8,5,4,0,0,0,39,3,5,6,10,6,9,0,0,0,40,0,3,5,0,0,0,0,0,0,9,0,0,0,0,0,0,0,0,0,0,5,15,20,18,10,15,0,0,0,90,0,0,0,0,0,0,0,0,0,0,0,3,0,0,0,0,0,0,0,3,0,3,0,0,0,0,0,0,0,0
10601110809,core,0,0,14,4,5,6,0,0,0,34,0,0,0,6,0,0,0,0,0,13,0,0,0,0,0,0,0,0,0,0,0,0,0,0,0,0,0,0,0,0,0,4,17,11,8,9,0,0,0,49,0,0,0,0,0,0,0,0,0,0,0,0,0,0,0,0,0,0,0,0,0,0,0,0,0,0,0,0,0,0,0,3,18,11,8,9,0,0,0,52,4,0,0,0,9,11,12,8,0,32,0,0,0,0,0,0,0,0,0,0,3,7,15,11,14,19,14,12,0,87,0,3,9,0,3,0,0,0,0,21,0,5,8,6,5,9,0,0,0,24,0,0,4,0,0,0,0,0,0,6,0,0,0,0,0,0,0,0,0,0,0,3,12,6,6,10,0,0,0,50,0,0,0,0,0,0,0,0,0,4,0,0,4,0,0,0,0,0,0,4,0,0,4,0,0,0,0,0,0,6
10601110810,core,3,12,13,12,26,11,0,0,0,75,4,4,7,3,7,3,0,0,0,22,0,0,0,0,0,0,0,0,0,4,0,0,0,0,0,0,0,0,0,0,6,12,17,12,28,13,0,0,0,102,0,0,0,0,0,0,0,0,0,5,0,0,0,0,0,0,0,0,0,4,0,0,0,0,0,0,0,0,0,8,7,13,21,18,38,16,0,0,0,107,7,4,0,5,4,15,13,4,0,59,0,0,0,0,0,0,0,0,0,4,16,20,22,21,44,38,17,4,0,170,0,0,8,9,8,3,0,0,0,33,11,5,8,10,11,3,3,0,0,46,0,0,0,0,0,5,0,0,0,8,0,0,0,0,0,0,0,0,0,0,14,10,18,15,20,13,4,0,0,92,0,0,0,0,0,0,0,0,0,0,5,0,0,0,4,0,0,0,0,7,5,0,0,0,4,0,0,0,0,7
10601110811,core,3,6,14,9,7,11,0,0,0,58,0,0,3,4,5,0,10,0,0,24,0,0,0,0,5,0,0,0,0,10,0,0,0,0,0,0,0,0,0,0,4,6,23,15,15,20,8,0,0,88,0,0,0,0,0,0,0,0,0,5,0,0,0,0,0,0,0,0,0,0,0,0,0,0,0,0,0,0,0,4,5,6,23,15,15,18,8,0,0,91,3,5,0,3,6,7,24,4,6,56,0,0,0,0,3,0,0,0,0,7,10,6,20,21,20,26,32,7,6,154,0,3,3,9,12,3,0,0,0,35,9,3,0,8,9,12,3,0,0,42,0,0,6,0,0,0,0,0,0,6,0,0,0,0,0,0,0,0,0,0,9,10,8,18,13,13,3,0,0,79,0,0,0,0,0,0,0,0,0,0,0,0,0,0,0,0,0,0,0,0,0,3,0,0,0,0,0,0,0,3
10601110812,core,0,3,11,9,5,3,4,0,0,37,5,0,4,0,0,3,3,0,0,16,0,0,0,0,0,0,0,0,0,7,0,0,0,0,0,0,0,0,0,0,4,9,13,9,11,8,9,0,0,57,0,0,0,0,0,0,0,0,0,0,0,0,0,0,0,0,0,0,0,0,0,0,0,0,0,0,0,0,0,5,4,7,13,9,11,8,9,0,0,60,8,0,9,3,8,21,23,26,5,100,0,0,3,3,0,5,0,0,0,14,10,11,25,15,21,26,34,29,6,177,0,0,7,4,4,3,0,0,0,24,0,0,4,4,9,0,0,0,0,21,0,0,0,0,5,0,0,0,0,6,0,0,0,0,0,0,0,0,0,0,0,0,12,12,16,9,0,0,0,54,0,0,0,0,0,0,0,0,0,0,0,0,4,0,0,0,0,0,0,4,0,0,4,0,0,0,0,0,0,4
10601110813,core,0,3,15,8,15,11,3,0,0,54,0,8,5,8,9,3,0,0,0,30,0,0,4,0,6,0,0,0,0,7,0,0,4,0,0,0,0,0,0,5,4,15,27,17,22,14,7,0,0,97,4,0,6,0,0,0,0,0,0,10,0,0,0,0,0,0,0,0,0,4,5,0,6,0,0,0,0,0,0,9,8,12,30,17,22,11,7,0,0,104,7,0,0,6,4,5,24,16,25,89,0,0,3,0,0,0,7,10,10,28,12,12,31,24,24,22,36,18,36,221,0,5,9,16,11,0,0,0,0,40,7,5,7,7,12,12,3,0,0,45,0,0,0,0,0,0,0,0,0,7,0,0,0,0,0,0,0,0,0,0,9,12,20,21,24,9,7,0,0,94,0,0,0,0,0,0,0,0,0,0,0,0,0,0,0,0,0,0,0,6,0,0,6,0,0,0,0,0,0,3
10601110814,core,0,0,6,5,3,4,0,0,0,20,0,0,0,0,0,0,0,0,0,8,0,0,0,0,0,0,0,0,0,4,0,0,0,0,0,0,0,0,0,3,0,0,12,7,3,5,0,0,0,35,0,0,0,0,0,0,0,0,0,0,0,0,0,0,0,0,0,0,0,0,3,0,0,0,0,0,0,0,0,3,3,0,12,7,3,5,0,0,0,36,0,0,0,0,0,4,8,4,0,27,0,0,0,0,0,0,0,0,0,3,6,4,11,8,9,14,14,0,0,64,0,0,6,8,4,0,0,0,0,12,0,0,4,4,0,3,0,0,0,16,0,0,0,0,0,0,0,0,0,4,0,0,0,0,0,0,0,0,0,0,3,3,6,8,3,3,0,0,0,36,0,0,0,0,0,0,0,0,0,0,0,0,0,0,0,0,0,0,0,0,0,0,0,0,0,0,0,0,0,0
10601110815,core,0,0,10,6,11,0,3,0,0,39,0,0,0,3,5,3,0,0,0,15,0,0,0,0,0,0,0,0,0,0,0,0,0,0,0,0,0,0,0,3,3,3,17,11,16,5,6,0,0,56,0,0,4,0,0,0,0,0,0,4,3,0,0,0,0,0,0,0,0,3,3,0,4,0,0,0,0,0,0,4,4,3,22,11,16,5,6,0,0,62,0,0,4,3,4,8,12,3,0,34,0,0,0,0,0,0,0,0,0,4,4,5,19,16,16,13,12,3,3,101,0,0,7,4,0,0,3,0,0,27,0,0,4,0,5,0,0,0,0,21,0,0,0,0,0,0,0,0,0,0,0,0,0,0,0,0,0,0,0,0,4,3,15,9,13,4,3,0,0,47,0,0,0,0,0,0,0,0,0,0,5,0,0,0,0,0,0,0,0,5,5,0,0,0,0,0,0,0,0,7
10601110816,core,0,9,11,9,13,13,3,0,0,63,3,0,7,3,0,4,0,0,0,22,0,0,3,0,0,0,0,0,0,6,0,0,0,0,0,0,0,0,0,3,3,8,20,13,16,17,4,0,0,90,0,0,0,0,0,0,0,0,0,3,0,0,0,0,0,0,0,0,0,0,0,0,0,0,0,0,0,0,0,3,3,8,21,13,17,17,4,0,0,96,7,8,4,0,7,13,17,12,3,73,0,0,0,0,0,5,0,0,0,5,16,14,28,17,22,31,22,12,5,166,0,8,12,10,4,8,4,0,0,42,4,5,10,10,9,4,4,0,0,41,0,3,0,4,0,0,0,0,0,9,0,0,0,0,0,0,0,0,0,0,9,9,18,25,13,13,3,0,0,91,0,0,0,0,0,0,0,0,0,4,0,0,0,0,0,0,0,0,0,0,0,0,0,0,0,0,0,0,0,4
10601110817,core,0,9,12,16,12,14,0,0,0,63,0,4,3,4,3,0,0,0,0,14,0,0,0,0,0,0,0,0,0,6,0,0,0,0,0,0,0,0,0,0,3,10,15,18,20,15,0,0,0,87,0,0,0,0,3,0,0,0,0,4,0,0,0,0,0,0,0,0,0,5,0,0,3,0,3,0,0,0,0,10,3,12,23,18,23,15,0,0,0,91,6,0,3,0,5,11,21,13,4,61,0,0,5,0,4,0,0,0,0,9,14,18,26,22,23,27,20,16,4,169,0,4,5,4,10,8,0,0,0,29,7,4,4,9,17,7,0,0,0,45,0,3,4,0,0,5,0,0,0,7,0,0,0,0,0,0,0,0,0,0,6,10,10,14,25,13,0,0,0,86,0,0,3,0,0,0,0,0,0,3,0,0,0,0,0,0,0,0,0,0,0,0,3,0,0,0,0,0,0,3
10601110818,core,0,0,0,0,0,0,0,0,0,6,0,0,0,0,0,0,0,0,0,0,0,0,0,0,0,0,0,0,0,0,0,0,0,0,0,0,0,0,0,0,0,0,0,0,0,0,0,0,0,6,0,0,0,0,0,0,0,0,0,0,0,0,0,0,0,0,0,0,0,0,0,0,0,0,0,0,0,0,0,0,0,0,0,0,0,0,0,0,0,6,0,0,0,0,0,3,15,36,31,84,0,0,0,0,0,0,0,9,0,14,0,0,3,0,0,0,14,46,30,96,0,3,0,0,0,0,0,0,0,9,0,0,0,0,0,0,0,0,0,0,0,0,0,0,0,0,0,0,0,0,0,0,0,0,0,0,0,0,0,0,0,4,0,0,0,0,0,0,0,8,0,0,0,0,0,0,0,0,0,0,0,0,0,0,0,0,0,0,0,0,0,0,0,0,0,0,0,0,0,0
10601110819,core,4,7,18,15,14,18,5,0,0,68,0,0,6,0,0,3,3,0,0,12,0,0,0,0,0,0,0,0,0,5,0,0,0,0,0,0,0,0,0,0,3,8,23,18,18,15,5,0,0,91,5,0,3,0,0,0,0,0,0,8,0,0,0,0,0,0,0,0,0,6,4,0,3,0,0,0,0,0,0,7,6,8,28,23,18,19,5,0,0,99,3,0,5,4,8,8,26,6,5,58,0,0,0,0,0,0,4,0,0,6,8,8,31,26,19,29,29,6,5,168,0,3,16,12,10,3,0,0,0,39,6,9,18,12,11,9,0,0,0,60,0,0,6,0,7,7,0,0,0,17,0,0,0,0,0,0,0,0,0,3,7,11,34,21,22,20,0,0,0,117,0,0,0,0,0,0,0,0,0,3,0,0,0,0,0,0,0,0,0,0,0,0,0,0,3,0,0,0,0,5
10601110820,core,0,4,11,12,12,4,0,0,0,45,7,0,3,5,4,3,0,0,0,19,0,0,3,0,0,0,0,0,0,3,0,0,0,0,0,0,0,0,0,0,7,4,16,10,19,10,0,0,0,76,0,0,0,0,0,4,0,0,0,3,0,0,0,0,0,0,0,0,0,3,0,0,0,0,3,4,0,0,0,12,8,5,16,10,22,11,0,0,0,84,10,0,4,6,9,16,26,12,0,83,0,0,0,0,0,0,6,0,0,7,15,10,20,19,28,30,33,12,0,180,0,6,0,7,6,0,0,0,0,32,0,3,9,14,0,4,3,0,0,31,4,3,5,0,0,0,0,0,0,9,0,0,0,0,0,0,0,0,0,0,4,10,15,21,9,5,3,0,0,74,0,0,0,0,0,0,0,0,0,0,3,0,0,0,0,0,0,0,0,3,3,0,0,0,0,0,0,0,0,6
10601110821,core,0,4,3,14,3,10,0,0,0,40,0,0,3,0,0,3,0,0,0,15,0,0,0,0,0,0,0,0,0,0,0,0,0,0,0,0,0,0,0,0,0,5,9,20,5,14,0,0,0,53,0,0,0,0,0,0,0,0,0,0,0,0,0,0,0,0,0,0,0,4,0,0,0,0,0,0,0,0,0,7,6,4,11,20,5,14,4,0,0,60,3,4,3,5,10,9,24,13,0,71,0,0,6,0,0,0,0,0,0,8,10,10,16,26,18,16,28,11,0,136,0,4,6,5,4,3,0,0,0,21,3,0,9,3,10,10,0,0,0,35,3,0,5,0,0,0,0,0,0,3,0,0,0,0,0,0,0,0,0,0,4,7,12,8,9,7,5,0,0,59,0,0,0,0,0,0,0,0,0,0,0,0,0,0,0,0,0,0,0,3,0,0,0,0,0,0,0,0,0,3
10601110822,core,3,10,23,15,22,13,3,0,0,86,0,6,0,5,3,3,3,0,0,27,0,0,0,3,0,0,0,0,0,6,0,0,0,0,0,0,0,0,0,3,6,16,27,23,24,21,3,0,0,121,0,0,0,0,6,0,0,0,0,5,3,0,0,0,0,0,0,0,0,3,5,0,0,0,6,0,0,0,0,12,13,17,27,23,28,21,3,0,0,133,6,4,8,4,7,16,21,11,0,83,0,3,3,0,0,0,3,0,0,12,17,20,41,28,46,38,27,12,0,227,3,10,14,9,6,9,0,0,0,46,3,3,13,11,14,4,3,0,0,59,0,0,0,3,4,0,0,0,0,13,0,0,0,0,0,0,0,0,0,0,15,12,25,24,24,12,8,0,0,111,0,0,0,0,0,0,0,0,0,0,0,0,0,0,0,0,0,0,0,6,0,0,3,0,0,0,0,0,0,5
10601110823,core,3,0,6,7,10,3,0,0,0,37,7,3,0,0,0,0,0,0,0,17,0,0,0,0,4,0,0,0,0,6,0,0,0,0,0,0,0,0,0,3,13,8,8,8,15,5,6,0,0,59,0,0,0,0,0,0,0,0,0,0,0,0,0,0,0,0,0,0,0,3,0,0,0,0,0,0,0,0,0,3,13,8,5,11,17,5,6,0,0,63,5,3,3,0,0,10,8,11,0,26,0,0,0,0,0,0,0,0,0,4,13,8,9,11,17,16,9,6,0,90,0,0,5,7,7,3,0,0,0,18,5,3,0,7,4,8,0,0,0,21,0,0,0,0,0,0,0,0,0,4,0,0,0,0,0,0,0,0,0,0,5,0,4,12,16,7,0,0,0,46,0,0,0,0,0,0,0,0,0,0,0,0,0,0,0,0,0,0,0,0,0,0,0,0,0,0,0,0,0,0
10601110824,core,0,3,3,8,6,4,0,0,0,21,0,0,0,0,0,7,0,0,0,13,0,0,0,0,0,0,0,0,0,0,0,0,0,0,0,0,0,0,0,0,0,8,6,11,6,6,0,0,0,36,0,0,0,0,0,0,0,0,0,0,0,0,0,0,0,0,0,0,0,0,0,0,0,0,0,0,0,0,0,3,4,8,6,11,6,8,0,0,0,36,9,4,5,3,3,0,12,0,5,38,0,0,0,0,0,0,0,0,0,4,15,8,11,13,11,7,12,4,5,76,0,0,0,7,5,6,0,0,0,17,0,0,0,0,8,0,0,0,0,15,0,0,3,0,0,0,0,0,0,3,0,0,0,0,0,0,0,0,0,0,3,3,5,5,11,6,3,0,0,36,0,0,0,0,0,0,0,0,0,0,0,0,0,0,0,0,0,0,0,0,0,0,0,0,0,0,0,0,0,0
10601110825,core,0,0,19,10,5,0,0,0,0,46,3,0,7,9,4,0,0,0,0,30,3,0,3,5,0,0,0,0,0,12,0,0,0,6,3,0,0,0,0,16,8,7,36,22,19,6,0,0,0,96,0,0,3,0,0,0,0,0,0,18,6,0,0,0,0,0,0,0,0,3,4,6,3,0,0,0,0,0,0,23,15,12,37,26,18,6,0,0,0,114,16,5,10,17,12,13,9,10,0,95,3,3,16,4,10,3,0,3,0,52,40,19,66,50,42,25,9,13,0,263,0,3,12,3,5,5,0,0,0,23,3,9,15,10,10,0,0,0,0,48,0,0,3,5,3,0,0,0,0,14,0,0,0,0,0,0,0,0,0,6,5,11,27,21,18,3,0,0,0,91,3,0,3,0,0,3,0,0,0,9,4,0,0,4,0,0,0,0,0,7,4,0,4,4,0,3,0,0,0,13
10601110826,core,0,0,4,14,9,6,0,0,0,31,0,0,0,3,0,0,0,0,0,9,0,0,0,0,0,0,0,0,0,4,0,0,3,0,0,0,0,0,0,4,3,3,3,17,7,3,0,0,0,47,0,0,0,0,0,0,0,0,0,0,0,0,0,0,0,0,0,0,0,5,0,0,0,0,0,0,0,0,0,5,3,3,10,12,7,3,0,0,0,48,0,3,0,0,3,3,9,3,0,17,0,0,0,0,0,0,0,0,0,0,4,7,4,19,10,10,9,8,0,67,0,9,4,0,3,0,0,0,0,21,3,0,6,6,0,3,0,0,0,18,0,0,0,0,0,0,0,0,0,7,0,0,0,0,0,0,0,0,0,0,4,9,9,7,12,3,0,0,0,39,0,0,0,0,0,0,0,0,0,0,0,0,0,0,0,0,0,0,0,3,0,0,0,0,0,0,0,0,0,3
10601110827,core,0,0,4,3,0,4,0,0,0,8,0,0,0,0,0,0,0,0,0,0,0,0,0,0,0,0,0,0,0,0,0,0,0,0,0,0,0,0,0,0,0,0,3,3,3,5,0,0,0,13,0,0,0,0,0,0,0,0,0,0,0,0,0,0,0,0,0,0,0,0,0,0,0,0,0,0,0,0,0,0,0,0,5,3,3,5,0,0,0,16,0,0,0,0,3,3,0,4,0,16,0,0,0,0,0,0,0,0,0,0,0,0,5,3,5,6,0,4,0,26,0,0,0,0,0,0,0,0,0,0,0,6,0,0,4,3,0,0,0,12,0,0,0,0,0,0,0,0,0,3,0,0,0,0,0,0,0,0,0,0,0,4,0,4,4,0,0,0,0,13,0,0,0,0,0,0,0,0,0,0,0,0,0,0,0,0,0,0,0,3,0,0,0,0,0,0,0,0,0,5
10601110828,core,0,0,0,0,8,3,0,0,0,18,0,0,0,0,0,0,0,0,0,5,0,0,0,0,0,4,3,0,0,5,0,0,0,0,0,0,0,0,0,0,0,0,3,5,8,7,9,0,0,28,0,0,0,0,0,0,0,0,0,0,0,0,0,0,0,0,0,0,0,0,0,0,0,0,0,0,0,0,0,0,0,0,3,5,8,7,11,0,0,32,0,0,0,0,0,3,9,4,4,18,0,0,0,0,0,0,6,0,0,6,0,0,3,5,8,13,19,4,3,56,0,0,0,0,7,0,3,0,0,12,0,0,0,0,7,0,0,0,0,8,0,0,0,0,0,0,5,0,0,6,0,0,0,0,0,0,0,0,0,0,0,0,0,3,13,5,5,0,0,28,0,0,0,0,0,3,0,0,0,3,0,0,0,0,0,0,0,0,0,0,0,0,0,0,0,5,0,0,0,5
10601110829,core,5,4,12,13,15,14,0,0,0,68,0,0,3,3,5,0,0,0,0,20,4,0,0,0,0,0,0,0,0,4,0,0,0,0,0,0,0,0,0,4,11,11,21,18,16,17,0,0,0,93,0,0,0,0,0,0,0,0,0,7,0,0,0,0,0,0,0,0,0,0,0,0,0,0,0,0,0,0,0,7,13,17,18,18,16,17,0,0,0,95,0,4,5,6,3,6,22,10,3,53,6,0,7,0,0,3,3,0,0,16,14,15,28,19,26,26,24,10,3,172,0,0,7,12,13,4,0,0,0,31,5,5,12,4,12,3,5,0,0,42,0,0,5,0,0,3,0,0,0,5,0,0,0,0,0,0,0,0,0,3,5,6,22,15,24,9,5,0,0,85,0,0,0,0,0,0,0,0,0,0,0,0,0,0,0,0,0,0,0,5,0,0,0,3,0,0,0,0,0,9
10601110830,core,0,19,33,22,21,11,0,0,0,107,3,6,12,3,5,5,5,0,0,36,0,0,0,5,0,0,0,0,0,6,0,0,0,0,0,0,0,0,0,5,5,20,48,28,28,19,3,0,0,153,0,0,0,3,0,0,0,0,0,3,0,0,0,0,0,0,0,0,0,3,0,0,0,3,0,0,0,0,0,6,5,20,44,32,24,22,3,0,0,158,16,3,9,7,7,6,44,10,9,104,0,3,5,3,0,0,0,0,0,13,16,23,58,41,40,36,48,10,9,275,0,7,11,13,5,9,0,0,0,51,6,10,16,10,15,11,0,0,0,64,4,4,0,4,3,0,0,0,0,18,0,0,4,0,0,0,0,0,0,4,10,18,37,24,21,21,5,0,0,132,0,4,0,6,0,0,0,0,0,8,0,0,0,0,0,0,0,0,0,3,0,4,0,7,0,0,0,0,0,10
10601110831,core,0,6,9,4,7,8,0,0,0,32,0,3,4,0,0,4,0,0,0,11,0,0,0,0,0,0,0,0,0,4,0,0,0,0,0,0,0,0,0,0,0,8,9,10,7,12,5,0,0,45,0,0,0,0,0,0,0,0,0,11,0,0,0,0,0,0,0,0,0,0,0,0,0,0,0,0,0,0,0,11,0,8,9,12,10,13,5,0,0,58,0,8,0,5,5,9,11,4,0,37,0,0,0,0,0,0,0,0,0,7,3,15,11,16,13,22,14,4,0,98,0,4,9,4,3,8,0,0,0,22,0,0,0,4,3,4,0,0,0,18,0,0,3,0,0,0,0,0,0,0,0,0,0,0,0,0,0,0,0,0,3,3,14,9,7,10,0,0,0,46,0,0,0,0,0,0,0,0,0,0,0,0,0,0,0,0,0,0,0,0,0,0,0,0,0,0,0,0,0,3
10601110832,core,0,7,15,11,5,4,0,0,0,48,0,0,3,0,0,0,0,0,0,5,0,3,0,0,0,3,0,0,0,4,0,0,0,0,0,0,0,0,0,4,3,9,17,15,9,9,4,0,0,63,0,0,0,0,3,0,0,0,0,13,0,0,0,0,0,0,0,0,0,0,0,0,3,0,3,0,0,0,0,13,3,9,24,12,10,9,4,0,0,73,4,0,5,6,0,8,11,14,0,47,0,0,7,0,0,0,4,0,0,16,8,13,36,19,15,16,23,15,0,144,0,3,9,6,3,0,0,0,0,25,0,8,4,10,7,6,0,0,0,24,0,0,0,4,0,3,0,0,0,8,0,0,0,0,0,0,0,0,0,4,0,8,21,18,12,9,0,0,0,66,0,0,0,0,0,0,0,0,0,3,0,0,0,0,0,0,0,0,0,0,0,0,0,0,0,0,0,0,0,0
10601110833,core,0,6,17,6,7,5,3,0,0,48,0,0,4,0,6,0,0,0,0,13,0,0,0,0,0,3,0,0,0,3,0,0,0,0,0,0,0,0,0,0,0,6,13,10,7,16,0,0,0,63,0,0,0,0,0,0,0,0,0,3,0,0,0,0,0,0,0,0,0,4,0,0,0,0,0,0,0,0,0,3,0,5,17,14,7,16,0,0,0,69,7,0,4,6,7,9,23,9,7,65,0,0,0,0,0,0,0,0,0,8,11,11,21,16,21,26,27,11,7,136,0,0,0,0,0,5,0,0,0,13,0,8,7,6,6,9,3,0,0,38,0,3,6,0,0,0,0,0,0,6,0,0,0,0,0,0,0,0,0,0,0,11,12,10,8,10,5,0,0,61,0,0,0,0,0,0,0,0,0,3,0,0,0,0,0,0,0,0,0,6,0,0,0,0,0,0,0,0,0,4
10601110834,core,0,7,15,10,8,9,5,0,0,51,4,0,6,3,3,4,5,4,0,25,0,0,0,3,0,0,0,0,0,4,0,0,0,0,0,0,0,0,0,0,4,5,23,10,12,12,4,4,0,82,0,0,0,4,3,0,0,0,0,6,0,0,0,0,0,0,0,0,0,3,0,3,0,4,0,0,0,0,0,12,6,10,23,13,14,18,4,4,0,87,6,0,4,3,8,10,21,4,4,59,0,0,0,3,0,0,0,0,0,9,8,9,29,18,23,26,25,9,4,158,0,9,6,8,7,10,0,0,0,35,4,4,10,9,0,7,3,0,0,40,0,0,0,5,0,0,0,0,0,8,0,0,0,0,0,0,0,0,0,0,8,5,23,11,10,15,3,0,0,81,0,0,0,0,0,0,0,0,0,4,0,0,0,0,0,0,0,0,0,0,0,0,0,0,0,0,0,0,0,4
10601110835,core,3,7,8,3,10,7,0,0,0,36,0,0,5,0,5,0,0,0,0,10,0,0,0,0,0,0,0,0,0,0,0,0,0,0,0,0,0,0,0,4,4,6,12,5,14,9,0,0,0,46,0,0,0,0,0,0,0,0,0,4,0,0,0,0,0,0,0,0,0,0,0,0,0,0,0,0,0,0,0,4,4,6,12,10,12,9,0,0,0,50,0,0,4,7,3,5,9,7,0,37,0,0,0,0,0,0,0,0,0,0,8,6,15,12,19,11,9,7,0,91,0,0,10,0,8,3,0,0,0,18,0,0,4,6,3,0,0,0,0,16,0,0,0,0,0,0,0,0,0,4,0,0,0,0,0,0,0,0,0,0,0,0,16,3,11,3,0,0,0,36,0,0,0,0,0,0,0,0,0,0,0,0,0,0,0,0,0,0,0,0,0,0,0,0,0,0,0,0,0,0
10601110836,core,4,10,16,23,27,6,0,0,0,89,0,5,0,7,4,3,0,0,0,24,0,0,3,0,0,5,0,0,0,7,0,0,0,0,0,0,0,0,0,3,6,11,24,30,29,19,0,0,0,121,0,0,0,0,0,0,0,0,0,5,0,0,0,0,0,0,0,0,0,0,0,0,0,0,0,0,0,0,0,3,10,14,30,33,29,17,0,0,0,130,4,4,6,3,3,16,21,17,0,70,0,0,0,0,0,0,4,0,0,8,15,14,29,41,33,34,24,16,0,210,0,7,14,10,12,3,0,0,0,46,0,8,10,16,15,3,0,0,0,54,4,0,0,0,9,0,0,0,0,19,0,0,4,0,0,0,0,0,0,4,9,19,25,25,32,15,0,5,0,119,0,0,0,0,0,0,0,0,0,4,0,0,3,0,0,0,0,0,0,5,0,0,0,0,0,0,0,0,0,4
10601110837,core,0,8,17,12,19,17,0,0,0,81,0,9,7,5,3,3,0,0,0,20,0,0,3,0,0,0,0,0,0,6,0,0,0,0,0,0,0,0,0,0,0,20,26,16,20,21,4,0,0,109,0,0,0,0,0,0,0,0,0,6,0,0,0,0,0,0,0,0,0,6,5,0,4,0,0,0,0,0,0,13,7,23,31,14,24,18,4,0,0,122,0,9,6,7,12,20,34,29,0,132,0,0,6,0,3,7,5,4,0,27,15,26,41,25,41,47,45,37,3,281,0,6,23,15,5,9,0,0,0,50,9,0,13,9,7,14,0,0,0,54,0,0,3,3,5,0,0,0,0,8,0,0,0,0,0,0,0,0,0,0,11,8,33,24,20,20,0,0,0,120,0,0,0,0,0,0,0,0,0,5,4,0,0,0,0,0,0,0,0,8,0,0,6,0,0,0,0,0,0,10
10601110838,core,3,0,12,14,16,7,0,0,0,50,0,0,4,0,4,0,0,0,0,10,0,0,0,0,0,0,0,0,0,3,0,0,0,0,0,0,0,0,0,0,10,3,19,9,17,7,0,0,0,66,0,4,0,0,0,0,0,0,0,4,0,0,0,0,0,0,0,0,0,0,0,0,0,0,0,0,0,0,0,3,10,7,19,12,17,7,0,0,0,68,8,0,3,7,4,13,18,3,0,55,0,0,3,0,0,0,0,0,0,6,14,11,25,19,20,19,18,3,0,127,0,3,11,8,7,7,0,0,0,32,7,0,3,11,11,5,0,0,0,38,0,4,4,0,0,3,0,0,0,13,0,0,0,0,0,0,0,0,0,0,7,6,19,26,14,16,0,0,0,86,0,0,0,0,0,0,0,0,0,0,0,0,0,0,0,0,0,0,0,3,0,0,0,0,0,0,0,0,0,7
10601110839,core,4,8,15,14,8,5,0,0,0,54,0,0,7,3,0,3,0,0,0,18,0,0,4,0,0,0,0,0,0,6,0,0,0,0,0,0,0,0,0,0,5,7,21,18,15,11,0,0,0,78,5,0,0,0,0,0,0,0,0,5,0,0,0,0,0,0,0,0,0,4,3,0,0,0,0,0,0,0,0,8,9,7,24,15,15,11,0,0,0,79,9,4,7,6,5,0,17,4,3,55,0,0,0,0,0,0,0,0,0,4,20,11,27,23,15,8,20,3,3,140,0,0,10,7,13,5,0,0,0,37,11,5,7,7,13,3,0,0,0,45,0,0,3,4,0,0,0,0,0,11,0,0,0,0,0,0,0,0,0,0,14,5,25,16,22,9,7,0,0,91,0,0,5,0,0,0,0,0,0,5,0,0,0,0,0,0,0,0,0,3,0,0,5,0,0,0,0,0,0,3
10601110840,core,0,4,10,9,13,3,0,0,0,42,3,0,5,4,0,5,0,0,0,19,0,0,0,0,0,0,0,0,0,3,0,0,0,0,0,0,0,0,0,0,6,7,15,18,18,11,3,0,0,65,0,0,0,0,0,0,0,0,0,4,0,0,0,0,0,0,0,0,0,3,0,3,0,0,0,0,0,0,0,7,4,13,13,16,18,11,3,0,0,74,5,0,0,0,9,15,12,7,5,48,0,0,0,0,0,0,0,0,0,3,12,13,21,17,25,19,15,9,5,133,0,0,8,4,5,0,0,0,0,28,6,4,3,11,4,0,0,0,0,30,0,0,0,0,0,0,0,0,0,10,0,0,0,0,0,0,0,0,0,0,4,7,18,16,15,6,4,0,0,69,0,0,0,0,0,0,0,0,0,7,0,0,0,0,0,0,0,0,0,0,0,0,0,0,0,0,0,0,0,3
10601110841,core,0,12,20,9,14,8,0,0,0,55,0,0,8,3,0,3,0,0,0,28,0,0,0,0,6,0,0,0,0,11,0,0,0,0,0,0,0,0,0,0,3,9,31,14,18,15,0,0,0,94,0,0,3,0,0,0,0,0,0,5,0,0,0,0,0,0,0,0,0,4,3,0,11,0,0,0,0,0,0,15,3,16,35,13,20,18,0,0,0,109,3,0,3,9,3,4,17,10,0,47,0,0,0,4,0,0,4,0,0,5,7,13,35,25,27,19,21,10,0,159,0,6,4,5,12,4,0,0,0,27,0,0,8,7,3,6,0,0,0,25,0,0,3,0,0,0,0,0,0,4,0,0,0,0,0,0,0,0,0,0,4,6,19,8,17,4,0,0,0,61,0,0,6,0,0,0,0,0,0,6,0,0,0,0,0,5,0,0,0,5,0,0,6,0,0,5,0,0,0,6
10601110842,core,5,3,8,20,17,11,7,0,0,66,5,6,0,0,3,3,0,0,0,19,5,0,3,0,0,9,0,0,0,10,0,0,0,0,0,0,0,0,0,0,7,16,12,20,19,19,5,0,0,94,0,0,0,0,0,0,0,0,0,0,0,0,0,0,4,0,0,0,0,4,0,0,0,0,0,0,0,0,0,3,7,16,12,20,22,19,5,0,0,98,4,0,8,6,4,7,17,3,4,44,0,0,0,0,0,0,0,0,0,3,12,15,19,22,25,24,22,3,4,142,3,7,6,3,9,0,0,0,0,27,9,0,6,3,8,7,0,0,0,42,0,0,3,3,0,0,0,0,0,13,0,0,0,0,0,0,0,0,0,0,13,9,15,13,23,14,3,0,0,81,0,0,0,0,0,0,0,0,0,0,0,4,0,0,0,0,0,0,0,5,3,4,0,0,0,0,0,0,0,7
10601110843,core,0,6,14,10,7,14,0,0,0,53,0,0,0,4,3,4,3,0,0,15,0,0,0,0,0,0,0,0,0,0,0,0,0,0,0,0,0,0,0,0,0,4,18,17,12,19,3,0,0,75,0,0,0,0,0,0,0,0,0,0,3,0,0,0,0,0,0,0,0,4,3,0,0,0,0,0,0,0,0,4,4,4,16,13,12,19,3,0,0,77,5,0,5,3,7,9,22,8,0,59,0,0,0,0,0,0,0,0,0,6,4,4,24,17,22,26,29,10,0,142,0,3,8,5,11,9,0,0,0,39,6,3,16,6,3,9,4,0,0,47,0,0,0,0,0,3,0,0,0,7,0,0,0,0,0,0,0,0,0,0,9,9,23,11,12,23,0,0,0,90,0,0,0,0,0,0,0,0,0,0,0,0,0,5,0,0,0,0,0,5,0,0,0,5,0,0,0,0,0,5
10601110844,core,0,5,10,16,16,7,4,0,0,67,3,3,0,3,0,0,0,0,0,12,0,0,0,0,4,0,0,0,0,9,0,0,0,0,0,3,0,0,0,0,5,12,17,16,26,14,0,0,0,92,0,0,0,0,0,0,0,0,0,3,0,0,0,0,0,0,0,0,0,3,0,0,5,0,0,0,0,0,0,3,6,13,17,16,26,13,0,0,0,98,7,3,5,0,3,6,16,5,0,51,0,0,0,0,0,3,0,0,0,6,15,15,25,19,30,23,23,5,0,159,0,3,8,12,5,8,0,0,0,34,3,3,10,8,10,10,3,0,0,45,4,0,3,3,4,0,0,0,0,14,0,0,0,0,0,0,0,0,0,0,8,4,20,18,18,13,3,0,0,87,0,0,0,0,0,0,0,0,0,3,0,0,0,0,0,0,0,0,0,0,0,0,0,0,0,0,0,0,0,5
10601110845,core,0,8,12,9,6,4,0,0,0,40,0,0,0,4,6,0,0,0,0,16,0,0,0,0,0,0,0,0,0,4,0,0,0,0,0,0,0,0,0,0,0,11,17,12,10,9,4,0,0,61,0,0,0,0,0,0,0,0,0,6,0,0,0,0,0,0,0,0,0,3,0,0,0,0,0,0,0,0,0,8,4,7,13,14,10,11,4,0,0,65,0,0,0,4,5,15,33,20,19,99,0,0,6,0,0,0,3,5,6,18,3,12,19,26,16,20,38,26,22,182,0,0,3,3,4,0,0,0,0,17,8,0,0,3,3,3,3,0,0,26,0,0,0,0,0,0,0,0,0,5,0,0,0,0,0,0,0,0,0,0,4,3,10,11,7,9,6,0,0,49,0,0,0,0,0,0,0,0,0,7,0,0,0,0,0,0,0,0,0,0,0,3,0,0,0,0,0,0,0,3
10601110847,core,6,8,25,16,30,19,0,0,0,107,3,5,8,9,7,4,0,0,0,40,0,0,0,0,0,0,0,0,0,7,0,0,0,0,0,0,0,0,0,5,13,20,34,29,35,26,0,0,0,153,0,3,0,6,0,0,0,0,0,10,0,0,0,0,0,0,0,0,0,3,0,3,0,5,0,0,0,0,0,11,14,24,34,30,38,28,0,0,0,168,6,0,3,7,8,14,28,24,4,91,0,0,3,0,0,0,0,0,0,9,24,25,38,37,46,41,37,23,4,266,4,4,15,11,9,5,0,0,0,46,6,5,12,15,20,14,6,0,0,71,4,5,10,3,0,0,0,0,0,17,0,0,0,0,0,0,0,0,0,0,10,8,37,33,28,24,5,0,0,142,0,0,0,0,0,0,0,0,0,0,0,0,0,0,0,0,0,0,0,3,0,0,0,0,0,0,0,0,0,0
10601110848,core,0,0,3,11,7,4,0,0,0,31,4,0,4,0,0,4,0,0,0,10,0,0,0,0,0,0,0,0,0,3,0,0,0,0,0,0,0,0,0,3,6,0,12,10,11,8,0,0,0,44,0,0,0,0,0,0,0,0,0,0,0,0,0,0,0,0,0,0,0,0,0,0,0,0,0,0,0,0,0,0,6,0,12,10,12,8,0,0,0,49,4,4,3,0,0,9,9,3,0,28,0,0,0,0,0,0,0,0,0,6,8,8,10,10,10,17,8,3,0,78,0,0,3,0,5,0,0,0,0,14,0,0,6,8,7,0,0,0,0,27,0,0,0,0,0,3,0,0,0,4,0,0,0,0,0,0,0,0,0,4,5,0,11,9,12,5,0,0,0,47,0,0,0,0,0,0,0,0,0,3,0,0,0,0,0,0,0,0,0,0,0,0,0,0,0,0,0,0,0,6
10601110850,core,6,5,13,13,21,20,0,0,0,72,3,5,0,6,0,3,6,0,0,19,0,0,0,5,0,0,0,0,0,7,0,0,0,0,0,0,0,0,0,4,4,7,17,20,21,24,5,0,0,100,0,0,0,0,0,0,0,0,0,0,0,0,0,0,0,0,0,0,0,0,0,0,0,0,0,0,0,0,0,4,9,7,17,20,22,24,5,0,0,105,3,0,0,0,0,9,13,9,0,46,0,0,0,0,0,0,0,0,0,4,15,9,17,21,25,33,19,16,0,160,0,0,10,13,15,4,3,0,0,48,7,7,11,8,7,4,0,0,0,50,0,4,0,0,0,6,0,0,0,9,0,0,0,0,0,0,0,0,0,0,11,11,21,24,26,12,9,0,0,107,0,0,0,0,0,0,0,0,0,0,0,0,0,0,0,0,0,0,0,0,0,0,0,0,0,0,0,0,0,6
10601110852,core,3,6,8,11,9,9,0,0,0,41,0,0,0,0,0,0,0,0,0,4,0,0,0,0,0,0,0,0,0,4,0,0,0,0,0,0,0,0,0,0,0,6,10,13,12,11,0,0,0,50,3,0,0,0,0,0,0,0,0,3,0,0,0,0,0,0,0,0,0,0,3,0,0,0,0,0,0,0,0,5,3,6,6,13,14,11,0,0,0,57,6,0,3,0,4,6,13,8,0,29,0,0,0,0,0,0,0,0,0,6,8,7,10,13,21,14,14,8,0,89,0,0,6,5,4,0,0,0,0,21,6,0,7,4,6,9,0,0,0,35,0,0,0,4,0,0,0,0,0,4,0,0,0,0,0,0,0,0,0,0,4,9,9,7,17,11,0,0,0,59,0,0,0,0,0,0,0,0,0,0,0,0,0,4,0,0,0,0,0,3,0,0,0,4,0,0,0,0,0,3
10601110855,core,0,5,6,23,16,7,3,0,0,66,7,3,5,0,4,6,3,0,0,25,0,0,0,3,0,0,0,0,0,4,0,0,0,0,0,0,0,0,0,0,4,10,6,28,23,10,4,0,0,92,0,0,0,0,0,0,0,0,0,0,0,0,0,0,0,0,0,0,0,0,0,0,0,0,0,0,0,0,0,0,4,10,6,28,23,10,4,0,0,92,3,0,0,0,4,4,19,3,5,38,0,0,0,0,0,0,0,0,0,4,11,10,9,24,25,17,16,8,5,139,3,4,9,14,6,0,0,0,0,39,5,6,10,14,19,8,0,0,0,48,0,0,0,3,0,0,0,0,0,12,0,0,0,0,0,0,0,0,0,0,9,9,20,25,28,6,0,0,0,96,0,0,0,0,0,0,0,0,0,0,0,0,0,0,0,0,0,0,0,0,3,0,0,0,0,0,0,0,0,3
10601110858,core,0,7,20,12,18,6,0,0,0,60,10,10,4,3,0,8,4,0,0,32,0,0,4,5,0,0,0,0,0,11,0,0,0,0,0,0,0,0,0,3,11,21,24,17,21,11,6,0,0,104,0,0,0,3,0,0,0,0,0,4,0,0,0,0,0,0,0,0,0,0,3,0,0,3,0,0,0,0,0,8,16,19,26,21,21,11,6,0,0,116,8,0,7,5,8,14,18,11,5,89,0,0,6,0,0,0,0,0,0,8,20,23,35,33,33,26,25,16,5,210,0,9,3,8,5,8,0,0,0,34,0,9,6,4,11,4,0,0,0,38,0,4,3,4,0,0,0,0,0,6,0,0,0,0,0,0,0,0,0,0,0,20,17,16,18,13,7,0,0,85,0,0,0,0,4,0,0,0,0,5,0,0,0,0,0,0,0,0,0,0,0,0,0,0,4,0,0,0,0,8
10601110859,core,13,10,38,34,15,9,0,0,0,109,8,4,9,13,3,0,3,0,0,30,0,0,3,4,0,0,0,0,0,8,0,0,4,0,0,0,0,0,0,3,11,14,46,44,22,9,4,0,0,152,0,0,0,0,0,0,0,0,0,13,0,0,0,0,0,0,0,0,0,0,5,0,9,0,0,0,0,0,0,13,18,14,56,43,22,9,4,0,0,161,16,3,4,6,9,4,5,6,0,51,0,4,0,0,0,0,0,0,0,3,38,20,56,52,27,8,13,6,0,218,0,10,15,20,15,4,0,0,0,65,12,12,14,29,11,3,0,0,0,84,0,0,7,7,0,0,0,0,0,18,0,0,0,0,4,0,0,0,0,3,13,18,42,58,27,8,3,0,0,175,0,0,0,0,0,0,0,0,0,0,0,0,3,0,0,0,0,0,0,3,0,4,3,0,0,0,0,0,0,9
10601110860,core,0,4,21,12,11,14,0,0,0,66,0,0,6,7,5,5,0,0,0,30,0,0,3,4,0,0,0,0,0,5,0,0,0,0,0,4,0,0,0,4,0,12,31,20,20,17,4,0,0,104,0,0,3,0,0,0,0,0,0,5,4,0,0,0,0,0,0,0,0,4,4,0,3,0,0,0,0,0,0,7,6,9,38,20,20,16,10,0,0,111,10,0,8,6,6,13,19,5,3,64,0,0,3,0,0,0,0,0,0,5,8,10,44,23,20,30,26,6,0,181,0,4,6,11,3,5,0,0,0,33,0,0,14,0,6,12,0,0,0,36,0,0,4,0,0,0,0,0,0,9,0,0,0,0,0,0,0,0,0,0,3,4,24,16,13,16,0,0,0,79,0,0,3,0,0,0,0,0,0,0,0,0,0,0,0,0,0,0,0,0,0,0,3,0,0,0,0,0,0,4
10601110861,core,0,0,0,0,0,0,0,0,0,0,0,0,0,0,0,0,0,0,0,0,0,0,0,0,0,0,0,0,0,0,0,0,0,0,0,0,0,0,0,0,0,0,0,0,0,0,0,0,0,0,0,0,0,0,0,0,0,0,0,0,0,0,0,0,0,0,0,0,0,0,0,0,0,0,0,0,0,0,0,0,0,0,0,0,0,0,0,0,0,0,12,129,449,402,267,126,72,20,3,1484,0,0,5,0,0,0,0,0,0,5,12,129,448,402,267,126,72,20,3,1482,0,0,0,0,0,0,0,0,0,0,0,0,0,0,0,0,0,0,0,0,0,0,0,0,0,0,0,0,0,0,0,0,0,0,0,0,0,0,0,0,0,0,0,0,0,0,0,0,0,0,0,0,0,0,0,0,0,0,0,0,0,0,0,0,0,0,0,0,0,0,0,0,0,0,0,0,0,0,0,0
10601110862,core,0,0,0,0,0,0,0,0,0,0,0,0,0,0,0,0,0,0,0,0,0,0,0,0,0,0,0,0,0,0,0,0,0,0,0,0,0,0,0,0,0,0,0,0,0,0,0,0,0,5,0,0,0,0,0,0,0,0,0,0,0,0,0,0,0,0,0,0,0,0,0,0,0,0,0,0,0,0,0,0,0,0,0,0,0,3,0,0,0,8,0,0,0,0,0,0,0,0,0,11,0,0,0,0,0,0,0,0,0,5,5,0,0,0,0,3,3,0,0,13,0,0,0,0,0,0,0,0,0,0,0,0,0,0,0,0,0,0,0,0,0,0,0,0,0,0,0,0,0,0,0,0,0,0,0,0,0,0,0,0,0,0,0,0,0,0,0,0,0,0,0,0,0,0,0,0,0,0,0,0,0,0,0,0,0,0,0,0,0,0,0,0,0,0,0,0,0,0,0,0
10601110863,core,3,10,18,23,8,6,0,0,0,70,0,0,0,3,0,0,0,0,0,9,0,0,0,0,0,4,0,0,0,5,0,0,0,0,0,0,0,0,0,0,7,14,26,28,14,7,0,0,0,92,0,0,0,4,0,0,0,0,0,3,0,0,0,0,0,0,0,0,0,0,0,0,0,4,0,0,0,0,0,8,7,14,25,25,18,10,0,0,0,96,8,4,3,0,0,6,14,5,0,39,0,0,0,0,0,0,0,0,0,9,15,12,29,32,15,13,15,5,0,142,5,0,14,12,5,4,0,0,0,33,0,5,15,9,7,0,0,0,0,36,0,0,6,0,0,0,0,0,0,6,0,0,0,5,0,0,0,0,0,8,5,7,27,27,11,11,0,0,0,85,0,0,0,0,0,0,0,0,0,6,0,0,0,0,0,0,0,0,0,3,4,0,3,0,0,0,0,0,0,9
10601110864,core,17,14,25,27,38,33,6,0,0,144,7,3,3,0,5,4,4,0,4,30,3,3,0,7,0,5,0,0,0,11,0,0,0,0,0,0,0,0,0,0,20,10,28,37,41,40,8,0,4,191,0,0,0,0,0,0,0,0,0,0,5,0,0,0,0,0,0,0,0,5,3,0,0,0,0,3,0,0,0,10,23,10,28,37,43,45,8,0,4,197,11,0,0,9,10,8,25,19,0,68,0,0,6,0,5,3,0,0,0,9,38,12,26,42,50,54,31,19,5,280,0,5,8,19,23,11,0,0,0,71,11,6,7,14,20,11,6,0,0,72,0,3,0,4,0,3,0,0,0,16,0,0,0,0,0,0,0,0,0,0,14,11,22,32,49,27,5,0,0,161,0,0,0,0,0,0,0,0,0,0,0,0,0,0,0,0,0,0,0,5,0,0,0,0,0,0,0,0,0,7
10601110865,core,4,8,20,17,14,10,0,0,0,73,0,3,0,5,9,6,0,0,0,25,0,0,0,0,4,0,0,0,0,12,0,0,0,0,0,0,0,0,0,0,4,13,25,29,29,12,0,0,0,108,0,4,9,0,3,0,0,0,0,11,0,0,0,0,0,0,0,0,0,5,0,4,9,0,6,0,0,0,0,18,4,19,31,29,29,15,0,0,0,129,10,3,7,4,7,12,28,11,0,77,0,0,4,4,0,0,3,0,0,8,12,22,45,32,40,28,28,10,0,222,0,4,8,9,14,3,0,0,0,40,3,3,12,12,8,4,0,0,0,54,0,5,3,0,6,0,0,0,0,8,0,0,3,0,0,0,0,0,0,0,3,13,28,25,25,8,0,0,0,108,0,0,0,0,4,0,0,0,0,5,0,0,0,0,0,0,0,0,0,0,0,0,0,4,4,0,0,0,0,10
10601110866,core,9,9,18,32,33,19,3,0,0,123,9,5,3,0,6,0,0,0,0,32,0,3,4,3,0,4,0,0,0,13,0,0,0,0,0,0,0,0,0,3,18,10,27,35,38,25,10,0,0,162,5,7,0,0,0,0,0,0,0,9,0,0,0,0,0,0,0,0,0,0,3,7,0,0,0,0,0,0,0,9,20,18,27,35,42,26,9,0,0,174,8,0,4,0,3,13,46,23,3,108,0,0,4,0,0,0,0,0,0,8,29,19,37,38,46,40,55,28,9,293,3,8,10,12,23,10,0,0,0,67,11,4,16,29,21,10,8,0,0,101,0,4,9,6,0,0,0,0,0,17,0,0,0,0,0,0,0,0,0,4,19,16,27,45,41,23,12,0,0,188,0,0,0,0,0,0,0,0,0,3,0,0,5,0,0,0,0,0,0,4,0,0,0,0,0,0,0,0,0,6
10601110901,core,3,0,18,17,16,9,0,0,0,65,0,3,0,4,7,7,5,0,0,23,0,0,0,0,0,0,0,0,0,7,0,0,0,0,0,0,0,0,0,5,8,7,19,19,19,22,4,0,0,99,0,3,0,0,0,0,0,0,0,4,0,0,0,0,0,0,0,0,0,0,0,3,5,0,0,0,0,0,0,9,8,7,21,24,24,25,4,0,0,102,4,0,0,0,6,10,10,9,0,44,4,0,10,0,5,0,0,0,0,13,15,7,29,24,27,37,14,9,0,160,0,0,7,6,8,9,0,0,0,29,4,0,6,12,13,5,0,0,0,48,0,0,0,5,0,4,0,0,0,10,0,0,0,0,0,0,0,0,0,0,11,3,15,22,22,13,0,0,0,91,0,0,0,0,0,0,0,0,0,3,0,0,0,0,4,0,0,0,0,3,0,0,3,0,4,0,0,0,0,8
10601110902,core,3,4,17,11,10,8,0,0,0,54,4,4,6,0,3,3,0,0,0,18,0,0,0,0,0,0,0,0,0,0,0,0,0,0,0,0,0,0,0,0,7,5,27,14,16,10,3,0,0,82,0,3,0,0,0,0,0,0,0,4,0,0,0,0,0,0,0,0,0,9,5,4,0,0,0,0,0,0,0,12,9,11,27,11,15,10,3,0,0,89,4,0,0,0,4,11,20,13,3,42,0,0,0,0,0,0,0,0,0,9,19,11,26,17,22,19,27,13,3,147,0,3,10,4,3,7,0,0,0,26,11,0,9,5,6,3,0,0,0,42,0,0,0,0,0,0,0,0,0,5,0,0,0,0,0,0,0,0,0,0,10,11,18,14,18,15,0,0,0,83,0,0,0,0,0,0,0,0,0,0,0,0,0,0,0,0,0,0,0,3,0,0,0,0,3,0,0,0,0,3
10601110903,core,0,5,13,19,18,5,0,0,0,59,4,7,0,0,3,6,0,0,0,19,0,0,0,3,0,0,0,0,0,5,0,0,0,0,0,0,0,0,0,5,6,9,14,20,26,10,0,0,0,87,0,3,0,0,0,0,0,0,0,3,0,3,0,0,0,0,0,0,0,4,3,3,0,0,0,0,0,0,0,13,7,17,14,21,26,10,0,0,0,100,9,0,8,0,5,12,15,8,0,51,0,0,0,0,0,0,4,3,0,5,17,18,15,25,31,18,15,8,0,157,5,0,0,3,8,8,0,0,0,25,4,10,5,5,14,0,0,0,0,37,0,0,5,4,4,0,0,0,0,7,0,0,0,0,0,0,0,0,0,0,7,5,10,15,22,8,0,0,0,69,0,0,0,0,0,0,0,0,0,0,0,0,0,0,0,0,0,0,0,5,0,0,0,0,0,0,0,0,0,5
10601110904,core,7,6,11,12,15,9,0,0,0,53,0,3,0,0,0,0,0,0,0,9,0,0,0,0,0,5,0,0,0,7,0,0,0,0,0,0,0,0,0,0,4,9,15,9,20,10,3,0,0,73,0,0,0,0,0,0,0,0,0,4,0,0,0,0,0,0,0,0,0,0,0,0,0,0,0,0,0,0,0,5,5,9,15,11,20,10,3,0,0,71,8,0,0,0,0,4,8,3,0,33,0,0,0,0,5,0,0,0,0,3,19,9,20,11,22,16,10,3,0,112,0,0,0,0,3,5,0,0,0,14,0,0,3,8,9,0,0,0,0,34,0,0,3,0,0,0,0,0,0,8,0,0,0,0,0,0,0,0,0,0,3,3,15,15,14,4,0,0,0,59,0,0,0,0,0,0,0,0,0,0,0,0,0,0,0,0,0,0,0,0,0,0,0,0,0,0,0,0,0,3
10601110905,core,0,9,7,13,7,8,0,0,0,54,3,0,5,3,3,7,4,0,0,19,0,0,0,0,0,0,0,0,0,0,0,0,0,0,0,0,0,0,0,0,0,7,10,15,15,14,7,0,0,74,0,0,0,0,0,0,0,0,0,0,0,0,0,0,0,0,0,0,0,0,0,0,0,0,0,0,0,0,0,0,0,7,10,15,15,15,7,0,0,76,4,0,4,3,3,14,18,12,0,55,0,0,0,0,0,3,6,0,0,8,9,7,12,20,14,27,27,13,0,137,0,7,5,5,12,5,0,0,0,33,8,3,3,16,10,7,4,0,0,48,0,0,4,0,0,0,0,0,0,6,0,0,0,0,0,0,0,0,0,0,6,14,14,23,19,15,6,0,0,97,0,0,0,0,0,4,0,0,0,4,0,0,0,0,0,0,0,0,0,0,0,0,0,0,0,4,0,0,0,0
10601110906,core,3,6,12,18,23,21,3,0,0,99,3,6,0,4,0,4,0,0,0,22,0,0,0,0,0,0,0,0,0,4,0,0,0,0,0,0,0,0,0,0,10,10,13,27,24,30,5,0,0,121,0,0,0,0,0,0,0,0,0,0,0,0,0,0,0,0,0,0,0,0,0,0,0,0,0,0,0,0,0,3,10,13,16,27,24,30,5,3,0,128,0,0,0,3,3,11,24,6,0,57,4,0,0,0,0,0,0,0,0,10,14,15,16,26,32,51,31,13,0,188,7,7,3,18,17,13,0,0,0,59,6,0,7,8,13,10,5,0,0,51,0,0,0,0,0,0,0,0,0,3,0,0,0,0,0,0,0,0,0,0,11,17,13,25,21,26,5,0,0,111,3,0,0,0,0,0,0,0,0,3,5,0,0,0,0,0,0,0,0,4,8,0,0,0,0,0,0,0,0,6
10601110907,core,0,5,9,8,15,9,0,0,0,43,0,4,0,5,4,0,0,0,0,9,0,4,0,0,0,0,0,0,0,3,0,0,0,0,0,0,0,0,0,4,6,9,12,11,20,9,0,0,0,66,0,0,0,0,0,0,0,0,0,0,0,0,0,0,0,0,0,0,0,0,0,0,0,0,0,0,0,0,0,0,6,9,12,13,20,9,0,0,0,61,3,0,4,0,0,5,4,3,5,31,3,0,0,0,0,3,0,0,0,8,13,13,15,15,24,12,4,3,5,109,0,0,0,3,5,0,0,0,0,15,3,7,5,9,8,4,0,0,0,38,0,0,0,0,0,0,0,0,0,6,0,0,0,0,0,0,0,0,0,3,4,12,11,12,23,4,0,0,0,63,3,0,0,0,0,0,0,0,0,6,0,0,0,0,0,0,0,0,0,4,3,5,4,0,0,0,0,0,0,9
10601110908,core,0,9,12,29,19,12,0,0,0,76,0,7,0,3,5,6,0,0,0,25,0,0,0,0,0,6,0,0,0,7,0,0,0,0,0,0,0,0,0,0,3,14,18,34,28,18,0,0,0,112,0,0,0,7,0,0,0,0,0,7,0,0,0,0,0,0,0,0,0,3,0,0,0,3,0,0,0,0,0,10,3,14,22,38,29,14,0,0,0,115,9,0,4,0,3,10,29,10,4,73,0,4,0,3,0,6,3,0,0,21,14,16,27,45,35,31,32,10,4,209,3,0,7,18,13,5,3,0,0,49,5,4,8,16,18,9,3,0,0,56,3,0,4,0,0,0,0,0,0,11,0,0,0,0,0,0,0,0,0,0,10,9,18,31,25,13,7,0,0,111,0,0,3,0,3,0,0,0,0,7,0,0,0,0,0,0,0,0,0,0,0,0,3,0,3,0,0,0,0,9
10601110909,core,4,4,29,17,17,11,5,0,0,80,3,0,9,6,7,8,0,0,0,21,0,0,0,0,3,0,0,0,0,7,0,0,0,3,0,0,0,0,0,3,4,4,41,21,27,12,5,0,0,112,0,0,3,0,3,0,3,0,0,5,0,0,0,0,0,0,0,0,0,0,0,0,3,0,3,0,4,0,0,10,4,4,39,21,30,12,8,0,0,119,3,0,6,3,7,10,18,17,0,71,0,0,0,0,4,0,0,0,0,12,13,10,40,25,43,20,25,17,0,200,0,0,15,8,7,4,0,0,0,37,0,0,17,6,3,8,0,0,0,39,3,0,4,3,5,0,0,0,0,11,0,0,3,0,0,0,0,0,0,4,5,5,38,16,18,10,4,0,0,97,0,0,0,0,0,0,0,0,0,0,0,5,0,0,0,0,0,0,0,6,0,3,0,5,0,0,0,0,0,13
10601110911,core,6,3,8,11,12,10,0,0,0,43,0,0,7,0,0,6,5,0,0,19,0,0,0,0,0,0,0,0,0,4,0,0,0,0,0,0,0,0,0,0,3,0,8,13,20,14,4,0,0,70,0,5,0,0,0,0,0,0,0,4,0,0,0,0,0,0,0,0,0,0,0,5,0,0,0,0,0,0,0,8,10,9,11,11,20,18,4,0,0,75,6,3,4,3,0,6,9,7,5,37,0,0,0,0,0,0,0,0,0,0,14,10,14,20,23,27,9,7,5,114,0,0,5,4,5,7,0,0,0,23,3,8,4,10,10,8,0,0,0,33,0,3,0,0,0,3,0,0,0,12,0,0,0,0,0,0,0,0,0,0,8,5,5,19,16,13,4,0,0,68,0,0,0,0,0,0,0,0,0,0,0,0,0,0,0,0,0,0,0,3,0,0,0,0,0,0,0,0,0,3
10601110912,core,6,0,6,10,13,11,7,0,0,56,3,0,0,6,3,4,0,8,0,30,0,4,0,0,0,0,0,0,0,3,0,0,0,0,0,0,0,0,0,0,8,8,9,12,17,17,6,8,0,90,0,0,0,0,0,0,0,0,0,0,0,0,0,0,0,0,0,0,0,0,0,0,0,0,0,0,0,0,0,0,8,5,9,12,17,17,6,8,0,93,6,3,0,0,0,3,9,0,0,27,5,4,0,0,3,0,0,0,0,11,22,11,12,20,22,24,21,6,0,133,0,9,4,8,10,8,0,0,0,37,3,4,3,9,11,6,0,0,0,35,3,0,0,4,0,0,0,0,0,11,0,0,0,0,0,0,0,0,0,0,9,10,10,16,20,19,5,0,0,86,0,0,0,0,0,0,0,0,0,0,0,0,0,0,0,0,0,0,0,0,0,0,0,0,0,0,0,0,0,0
10601110913,core,0,3,4,12,15,11,5,0,0,50,3,0,6,5,4,3,4,0,0,18,0,0,0,0,0,0,0,0,0,3,0,0,0,0,0,0,0,0,0,0,5,7,9,16,22,17,8,0,0,74,0,0,0,0,0,0,0,0,0,5,0,0,0,0,0,0,0,0,0,4,0,0,0,0,0,0,0,0,0,3,7,6,9,18,22,15,8,0,0,74,0,0,0,0,6,8,11,0,3,35,0,0,0,0,3,4,0,0,0,10,8,6,9,17,25,29,21,9,3,120,0,4,0,8,7,0,0,0,0,19,0,0,4,6,7,4,0,0,0,30,0,0,0,0,0,0,0,0,0,5,0,0,0,0,0,0,0,0,0,0,0,6,3,13,11,12,5,0,0,57,0,0,0,0,0,0,0,0,0,0,0,0,0,0,0,0,0,0,0,0,0,0,0,0,0,0,0,0,0,0
10601110914,core,3,10,13,17,28,15,6,0,0,84,3,5,4,3,5,12,4,0,0,32,0,0,0,0,0,0,0,0,0,0,0,0,0,0,0,0,0,0,0,3,5,10,15,17,30,28,5,0,0,125,0,0,0,0,0,0,0,0,0,0,0,0,0,0,0,0,0,0,0,5,0,0,0,0,0,0,0,0,0,3,4,10,15,17,30,25,9,0,0,123,3,4,0,3,5,12,20,14,6,59,0,0,0,0,0,0,0,0,0,10,14,12,17,25,33,38,33,12,6,199,0,0,11,6,18,6,3,0,0,46,9,0,11,13,13,11,10,0,0,61,0,0,0,0,8,0,0,0,0,9,0,0,0,0,0,0,0,0,0,4,8,8,18,25,30,21,12,0,0,122,0,0,0,0,0,0,0,0,0,0,5,0,0,0,0,0,0,0,0,3,5,0,0,0,0,0,0,0,0,3
10601110915,core,6,6,10,12,23,11,0,0,0,70,5,0,3,4,0,13,5,0,0,26,5,0,0,0,0,0,0,0,0,6,0,0,0,0,0,0,0,0,0,4,7,9,13,15,31,24,4,0,0,105,0,0,0,0,0,0,0,0,0,0,0,0,0,0,0,0,0,0,0,0,0,0,0,0,0,0,0,0,0,0,13,9,13,15,31,24,4,0,0,105,4,0,0,0,0,8,17,5,0,37,0,0,0,0,0,0,0,0,0,3,11,7,13,18,34,34,17,6,0,144,4,5,7,11,13,8,0,0,0,42,3,6,6,4,14,13,4,0,0,51,4,0,0,0,0,3,0,0,0,10,0,0,0,0,0,0,0,0,0,0,7,6,18,14,30,22,3,0,0,104,0,0,0,0,0,0,0,0,0,0,0,0,0,0,0,0,0,0,0,0,0,0,0,0,0,0,0,0,0,0
10601110916,core,0,5,16,11,27,24,3,0,0,88,3,5,4,0,9,10,5,0,0,33,4,0,0,6,3,3,0,0,0,11,0,0,0,0,0,0,0,0,0,4,11,10,22,15,36,36,14,0,0,135,0,0,0,0,0,0,0,0,0,0,0,0,0,0,0,0,0,0,0,0,0,0,0,0,0,0,0,0,0,0,11,10,19,15,36,36,14,0,0,138,0,0,3,0,4,13,18,14,0,64,0,0,3,0,0,5,0,0,0,15,13,12,30,20,38,55,35,11,0,218,0,6,9,10,12,3,5,0,0,48,6,0,3,11,18,12,8,0,0,56,6,0,0,0,0,3,0,0,0,11,0,0,0,0,0,0,0,0,0,0,7,6,19,16,33,20,10,0,0,119,0,0,0,0,0,0,0,0,0,0,0,0,0,0,0,0,0,0,0,6,0,0,0,4,0,0,0,0,0,5
10601110917,core,0,3,6,12,9,7,4,0,0,49,4,0,0,5,0,4,0,0,0,12,0,0,0,0,0,0,0,0,0,4,0,0,0,0,0,0,0,0,0,0,3,3,8,15,13,13,3,0,0,69,0,0,0,0,0,0,0,0,0,0,0,0,0,0,0,0,0,0,0,4,0,0,0,0,0,0,0,0,0,0,6,3,8,15,13,17,3,0,0,67,0,0,6,6,0,9,18,3,4,38,0,0,0,0,0,0,0,0,0,3,8,3,12,19,13,23,19,3,4,108,0,3,0,4,5,7,0,0,0,16,0,4,9,14,3,3,3,0,0,37,0,0,0,0,0,0,0,0,0,5,0,0,0,0,0,0,0,0,0,0,4,7,7,14,8,10,3,0,0,60,0,0,0,0,0,0,0,0,0,0,4,0,0,0,0,4,0,0,0,3,4,0,0,0,0,4,0,0,0,3
10601110918,core,3,0,4,6,9,7,0,0,0,31,0,0,0,0,4,3,0,0,0,11,0,0,0,0,0,0,0,0,0,0,0,0,0,0,0,0,0,0,0,0,7,3,5,12,9,10,8,0,0,51,0,0,0,0,0,0,0,0,0,0,0,0,0,0,0,0,0,0,0,0,0,0,0,0,0,0,0,0,0,0,7,3,5,14,12,10,8,0,0,51,0,0,6,4,5,14,17,4,0,43,0,0,0,0,0,0,5,4,0,3,3,3,7,13,14,26,21,13,0,98,0,0,0,5,7,5,0,0,0,18,0,3,0,0,6,6,0,0,0,17,0,0,0,0,0,3,0,0,0,5,0,0,0,0,0,0,0,0,0,0,0,0,6,7,13,6,3,0,0,39,0,0,0,0,0,0,0,0,0,0,0,0,0,0,0,0,0,0,0,0,0,0,0,0,0,0,0,0,0,3
10601110920,core,0,0,3,7,14,12,7,3,0,45,3,0,7,0,9,6,7,4,0,28,0,0,0,0,4,0,0,0,0,4,0,0,0,0,0,0,0,0,0,3,3,0,12,10,19,18,11,6,0,80,0,0,0,0,0,0,0,0,0,0,0,0,0,0,0,0,0,0,0,0,0,0,0,0,0,0,0,0,0,0,3,0,12,10,19,23,11,6,0,84,3,0,6,6,7,9,38,11,0,82,3,0,0,4,3,3,8,4,0,23,10,7,13,16,35,39,57,20,0,190,0,0,4,4,6,9,5,0,0,30,0,0,5,3,8,15,8,0,0,42,0,0,3,0,3,4,0,0,0,8,0,0,0,0,0,0,0,0,0,4,0,4,12,9,16,18,17,0,0,78,0,0,0,0,0,0,0,0,0,0,0,0,0,0,0,0,0,0,0,6,0,0,0,0,0,3,0,0,0,6
10601110921,core,0,0,0,3,11,13,5,0,0,43,0,4,0,3,7,4,7,0,0,20,0,0,0,3,0,0,0,0,0,3,0,0,0,0,0,0,0,0,0,0,0,3,0,9,22,21,5,0,0,64,0,0,0,0,0,0,0,0,0,0,0,0,0,0,0,0,0,0,0,0,0,0,0,0,0,0,0,0,0,0,0,3,0,9,24,21,5,0,0,66,5,0,0,0,4,6,21,12,0,48,0,0,0,0,0,0,5,0,0,5,5,6,0,15,23,25,30,11,0,120,0,0,0,0,10,7,0,0,0,12,0,0,3,10,9,7,5,0,0,26,0,0,0,0,0,0,0,0,0,3,0,0,0,0,0,0,0,0,0,0,0,0,0,10,17,8,5,0,0,43,0,0,0,0,0,0,0,0,0,0,0,0,0,0,0,0,0,0,0,0,0,0,0,0,0,0,0,0,0,0
10601110922,core,0,0,8,11,23,11,3,0,0,60,8,0,0,0,11,9,3,6,0,26,0,0,0,0,0,0,3,0,0,9,0,0,0,0,0,0,0,0,0,0,6,0,8,12,36,21,10,0,0,100,0,0,0,0,0,0,0,0,0,0,0,0,0,0,0,0,0,0,0,0,0,0,0,0,0,0,0,0,0,0,6,0,8,12,36,23,10,0,0,99,14,5,0,6,3,14,29,13,0,83,0,0,0,0,3,5,0,0,0,9,20,6,12,19,42,41,43,17,0,196,4,0,3,4,6,7,0,0,0,35,3,0,3,5,15,22,3,0,0,52,0,0,0,6,0,3,0,0,0,5,0,0,0,0,0,0,0,0,0,0,7,3,14,14,25,29,7,0,0,96,4,0,0,0,0,0,0,0,0,4,0,0,0,0,0,0,0,0,0,0,4,0,0,0,0,0,0,0,0,4
10601110924,core,0,0,0,0,0,0,0,0,0,0,0,0,0,0,0,0,0,0,0,0,0,0,0,0,0,0,0,0,0,0,0,0,0,0,0,0,0,0,0,0,0,0,0,0,0,0,0,0,0,0,0,0,0,0,0,0,0,0,0,0,0,0,0,0,0,0,0,0,0,0,0,0,0,0,0,0,0,0,0,0,0,0,0,0,0,0,0,0,0,0,0,0,0,0,0,0,0,0,0,0,0,0,0,0,0,0,0,0,0,0,0,0,0,0,0,0,0,0,0,0,0,0,0,0,0,0,0,0,0,0,0,0,0,0,0,0,0,0,0,0,0,0,0,0,0,0,0,0,0,0,0,0,0,0,0,0,0,0,0,0,0,0,0,0,0,0,0,0,0,0,0,0,0,0,0,0,0,0,0,0,0,0,0,0,0,0,0,0,0,0,0,0,0,0,0,0,0,0,0,0
10601110925,core,0,0,15,18,4,5,4,0,0,45,0,0,0,0,0,3,3,0,0,6,0,0,0,5,0,0,0,0,0,5,0,0,0,0,0,0,0,0,0,0,4,3,13,21,7,6,4,0,0,57,0,0,0,0,0,0,0,0,0,0,0,0,0,0,0,0,0,0,0,0,0,0,0,0,0,0,0,0,0,0,4,3,13,21,7,6,4,0,0,57,6,0,0,0,0,3,8,0,0,16,0,0,0,0,0,0,0,0,0,8,9,9,17,19,7,9,13,0,0,78,0,4,12,4,3,4,0,0,0,22,0,0,0,10,4,4,0,0,0,26,0,0,3,3,0,4,0,0,0,9,0,0,0,0,0,0,0,0,0,0,0,6,21,19,10,6,0,0,0,61,0,0,0,0,0,0,0,0,0,0,0,0,0,0,0,0,0,0,0,0,0,0,0,0,0,0,0,0,0,0
10601110926,core,3,0,10,18,4,4,0,0,0,40,0,0,0,0,0,0,0,0,0,4,0,0,0,0,0,0,0,0,0,0,0,0,0,0,0,0,0,0,0,0,9,0,10,18,3,3,0,0,0,44,0,0,0,0,0,0,0,0,0,0,0,0,0,0,0,0,0,0,0,0,0,0,0,0,0,0,0,0,0,0,9,0,10,18,3,3,0,0,0,44,4,0,0,0,0,5,5,5,0,15,0,0,4,3,0,0,0,0,0,4,12,0,11,24,6,5,7,5,0,67,0,0,4,3,0,0,0,0,0,9,0,0,7,11,5,0,0,0,0,24,0,0,0,0,4,0,0,0,0,5,0,0,0,0,0,0,0,0,0,0,0,0,11,12,11,0,0,0,0,43,0,0,0,0,0,0,0,0,0,0,0,0,0,0,0,0,0,0,0,0,0,0,0,0,0,0,0,0,0,5
10601110927,core,4,0,3,10,8,11,0,0,0,44,0,0,3,0,0,0,0,0,0,13,0,0,0,0,0,4,0,0,0,6,0,0,0,0,0,0,0,0,0,0,4,9,3,10,13,19,3,0,0,60,0,0,0,0,0,0,0,0,0,0,0,0,0,0,0,0,0,0,0,0,0,0,0,0,0,0,0,0,0,0,4,9,3,10,13,19,3,0,0,60,3,0,0,0,0,10,12,0,0,27,0,0,0,0,3,0,0,0,0,10,10,9,10,11,15,25,14,3,0,94,0,0,0,0,4,0,0,0,0,19,0,0,3,12,10,0,0,0,0,27,0,0,0,0,0,0,0,0,0,4,0,0,0,0,0,0,0,0,0,0,0,4,6,17,14,9,0,0,0,45,0,0,0,0,0,0,0,0,0,0,0,0,0,0,0,0,0,0,0,0,0,0,0,0,0,0,0,0,0,0
10601110928,core,3,3,6,9,3,8,0,0,0,32,8,0,4,4,5,0,0,0,0,17,0,0,0,0,0,0,0,0,0,0,0,0,0,0,0,0,0,0,0,0,8,4,6,18,8,11,0,0,0,60,0,0,0,0,0,0,0,0,0,0,0,0,0,0,0,0,0,0,0,0,0,0,0,0,0,0,0,0,0,0,12,4,6,18,8,11,0,0,0,56,5,0,0,0,3,5,8,5,0,24,0,0,0,0,0,0,0,0,0,0,17,4,9,15,11,14,8,5,0,81,0,0,0,6,8,0,0,0,0,21,0,0,6,3,6,0,0,0,0,18,0,0,0,0,0,0,0,0,0,3,0,0,0,0,0,0,0,0,0,0,3,3,4,12,20,0,0,0,0,41,0,0,0,0,0,0,0,0,0,0,0,0,0,0,0,0,0,0,0,5,0,0,0,0,0,0,0,0,0,5
10601110929,core,0,4,19,10,10,11,0,0,0,67,0,6,5,4,0,3,3,0,0,19,0,0,0,0,0,0,0,0,0,3,0,0,0,0,0,0,0,0,0,0,0,13,27,23,14,14,3,0,0,91,0,0,0,0,0,0,0,0,0,4,0,0,0,0,0,0,0,0,0,3,0,0,0,0,0,0,0,0,0,5,0,13,27,23,17,10,3,0,0,94,10,4,4,9,3,14,19,6,0,60,0,0,0,0,0,0,0,0,0,4,7,18,31,23,24,26,19,6,0,153,0,4,9,7,5,3,0,0,0,32,8,0,14,5,3,7,0,0,0,40,0,4,8,0,8,0,0,0,0,14,0,0,0,0,0,0,0,0,0,5,8,11,31,18,17,10,0,0,0,87,0,0,3,0,0,0,0,0,0,0,0,0,0,0,0,0,0,0,0,0,0,0,3,0,0,0,0,0,0,3
10601110930,core,0,5,11,12,13,21,6,0,0,66,0,0,0,0,0,4,5,0,0,16,0,0,0,0,0,0,0,0,0,0,0,0,0,0,0,3,0,0,0,6,5,3,11,10,14,22,9,0,0,87,0,0,0,0,0,0,0,0,0,0,0,0,0,0,0,0,0,0,0,0,0,0,0,0,0,0,0,0,0,3,4,3,11,10,14,21,9,0,0,90,3,0,0,3,3,7,27,4,7,49,0,0,0,0,0,0,0,0,0,7,10,4,11,17,17,29,35,9,3,142,0,0,3,7,10,10,0,0,0,32,5,4,4,3,15,5,3,0,0,43,0,0,0,0,0,0,0,0,0,0,0,0,0,0,0,5,0,0,0,5,7,7,11,9,24,20,8,0,0,84,0,0,0,0,0,0,0,0,0,0,0,0,0,0,0,0,0,0,0,0,0,0,0,0,0,0,0,0,0,0
10601111001,external,0,0,10,6,11,8,3,0,0,41,0,0,0,4,0,3,0,0,0,7,0,0,0,0,0,0,0,0,0,0,0,0,0,0,0,0,0,0,0,5,4,0,10,10,12,11,4,0,0,52,0,0,0,0,0,0,0,0,0,0,0,0,0,0,0,0,0,0,0,0,0,0,0,0,0,0,0,0,0,4,3,0,9,10,12,11,4,0,0,55,4,0,3,0,0,0,9,0,0,23,0,0,0,0,0,0,0,0,0,5,3,0,11,13,12,17,18,3,0,78,0,0,4,5,5,0,0,0,0,17,0,0,0,5,3,0,4,0,0,12,0,0,0,0,0,0,0,0,0,0,0,0,0,0,0,0,0,0,0,0,0,0,4,7,14,3,4,0,0,35,0,0,0,0,0,0,0,0,0,0,0,0,0,0,0,0,0,0,0,0,0,0,0,0,0,0,0,0,0,0
10601111002,external,4,6,30,24,22,16,7,0,0,107,0,0,10,0,6,5,0,0,0,22,0,0,0,0,0,0,0,0,0,6,0,0,0,0,0,0,0,0,0,0,3,5,36,29,30,21,4,0,0,132,0,0,0,0,0,0,0,0,0,3,0,0,0,0,0,0,0,0,0,4,0,0,0,0,0,0,0,0,0,5,6,10,40,31,32,23,4,0,0,143,9,0,0,6,4,10,23,14,0,66,0,0,0,6,0,4,0,0,0,10,12,11,35,33,37,41,33,14,0,213,0,0,19,13,10,12,0,0,0,55,7,3,3,11,13,6,0,0,0,45,0,0,0,4,0,6,0,0,0,6,0,0,0,0,0,0,0,0,0,5,9,9,22,26,24,21,0,0,0,110,0,0,0,0,0,0,0,0,0,0,0,0,0,0,0,0,0,0,0,0,0,0,0,0,0,0,0,0,0,6
10601111003,external,0,4,9,8,4,11,0,0,0,44,5,0,6,6,3,0,4,0,0,24,0,0,0,0,0,0,0,0,0,3,0,0,0,3,3,0,0,0,0,5,6,5,15,15,13,15,4,0,0,75,0,0,0,0,0,0,0,0,0,0,0,0,0,0,0,0,0,0,0,0,0,0,0,0,0,0,0,0,0,0,6,8,15,15,13,15,4,0,0,80,8,0,4,4,4,10,19,17,0,56,0,0,0,0,0,0,0,0,0,3,15,8,17,17,12,26,18,14,0,140,0,4,5,3,8,6,0,0,0,24,3,5,6,3,3,5,3,0,0,25,0,0,0,5,0,0,0,0,0,8,0,0,0,0,0,0,0,0,0,0,4,10,15,11,6,9,5,0,0,60,0,0,0,0,0,0,0,0,0,0,0,0,0,0,0,0,0,0,0,0,0,0,0,0,0,0,0,0,0,0
10601111004,external,0,0,16,9,9,4,3,0,0,41,3,5,0,0,5,7,0,0,0,10,0,0,0,0,0,0,0,0,0,0,0,0,0,0,0,0,0,0,0,0,7,3,18,11,9,8,3,0,0,54,0,0,0,0,0,0,0,0,0,0,0,0,0,0,0,0,0,0,0,0,0,0,0,0,0,0,0,0,0,0,4,3,18,11,9,8,3,0,0,56,4,0,0,3,0,4,7,23,19,58,4,0,0,0,0,0,0,0,0,5,14,7,18,20,9,15,10,23,19,117,0,0,5,0,5,0,0,0,0,22,7,0,8,9,3,8,0,0,0,33,0,0,0,4,0,0,0,0,0,3,0,0,0,0,0,0,0,0,0,0,6,6,16,11,7,11,0,0,0,56,0,0,0,0,0,0,0,0,0,0,0,0,0,0,0,0,0,0,0,5,0,0,0,0,0,0,0,0,0,5
10601111006,external,0,7,0,4,15,13,0,0,0,43,4,0,0,0,0,6,0,0,0,16,0,0,0,0,0,0,0,0,0,0,0,0,0,0,0,0,0,0,0,7,5,6,6,8,18,19,5,0,0,63,0,0,0,0,0,0,0,0,0,0,0,0,0,0,0,0,0,0,0,0,0,0,0,0,0,0,0,0,0,0,5,6,9,8,18,19,5,0,0,70,3,0,0,0,4,4,15,16,3,57,0,0,0,0,0,0,0,0,0,0,5,6,7,8,18,25,20,22,3,125,5,3,5,0,7,10,3,0,0,24,0,6,0,3,7,6,0,0,0,24,0,0,0,0,0,0,0,0,0,0,0,0,0,0,0,0,0,0,0,0,6,10,4,3,14,12,3,0,0,53,0,0,0,0,0,0,0,0,0,0,0,0,0,0,0,0,0,0,0,4,0,0,0,0,0,0,0,0,0,4
10601111007,external,4,5,8,19,14,12,3,0,0,62,0,0,0,3,3,8,0,0,0,26,0,0,0,4,4,0,0,0,0,9,0,0,0,0,0,0,0,0,0,0,3,5,12,22,15,21,7,0,0,92,5,0,0,0,0,0,0,0,0,6,0,0,0,0,0,0,0,0,0,0,0,0,0,0,0,0,0,0,0,7,8,11,12,26,15,21,7,0,0,99,0,0,0,6,4,17,39,21,8,99,0,0,0,4,0,0,0,4,0,10,10,11,14,35,23,35,44,27,12,212,0,4,6,8,5,9,0,0,0,28,3,3,10,8,10,9,4,0,0,49,0,0,0,0,0,3,0,0,0,4,0,0,0,0,0,0,0,0,0,0,3,7,16,19,17,14,8,0,0,85,0,0,0,0,0,0,0,0,0,0,0,0,0,0,0,0,0,0,0,4,0,0,0,0,0,0,0,0,0,4
10601111008,external,3,0,6,3,5,5,0,0,0,25,0,0,0,0,0,9,0,0,0,15,0,0,0,0,0,0,4,0,0,4,0,0,0,0,0,0,0,0,0,4,3,0,6,3,5,19,3,0,0,45,0,0,0,0,0,0,0,0,0,0,0,0,0,0,0,0,0,0,0,0,0,0,0,0,0,0,0,0,0,4,0,0,6,6,5,16,3,0,0,48,0,0,0,3,0,8,13,10,3,33,0,0,0,0,0,0,0,0,0,0,3,8,6,7,10,26,14,7,3,92,0,0,0,0,4,7,0,0,0,13,0,0,0,0,8,6,0,0,0,14,0,0,0,0,0,0,0,0,0,0,0,0,0,0,0,0,0,0,0,0,0,0,3,5,7,13,3,0,0,26,0,0,0,0,0,0,0,0,0,0,0,0,0,0,0,0,0,0,0,0,0,0,0,0,0,0,0,0,0,3
10601111009,external,6,7,9,4,5,13,0,0,0,49,5,4,6,0,4,7,5,0,0,25,0,0,0,0,0,0,0,0,0,0,0,0,0,0,0,0,0,0,0,0,6,5,10,8,16,19,3,0,0,76,0,0,0,0,0,0,0,0,0,0,0,0,0,0,0,0,0,0,0,0,0,0,0,0,0,0,0,0,0,0,6,5,10,8,16,20,3,0,0,81,0,0,0,0,4,11,16,24,0,54,0,0,0,0,0,0,0,0,0,0,6,5,15,8,19,30,23,25,0,137,3,4,7,9,5,8,0,0,0,27,3,3,5,5,13,3,0,0,0,45,0,0,3,0,0,0,0,0,0,5,0,0,0,0,0,0,0,0,0,0,7,8,10,13,25,12,0,0,0,78,0,3,0,0,0,0,0,0,0,6,0,0,0,0,0,0,0,0,0,0,0,3,0,0,0,0,0,0,0,3
10601111010,external,0,0,6,9,7,3,0,0,0,32,5,0,0,0,6,5,0,0,0,18,0,0,0,0,0,4,0,0,0,6,0,0,0,0,0,0,0,0,0,0,7,0,9,9,14,8,3,0,0,54,0,0,0,0,0,0,0,0,0,3,0,0,0,0,0,0,0,0,0,0,0,0,0,0,0,0,0,0,0,0,8,0,16,10,14,8,3,0,0,52,0,4,0,0,0,9,17,8,0,38,0,0,0,0,0,0,0,0,0,3,9,8,15,10,14,18,22,8,0,97,0,0,0,0,7,0,0,0,0,13,0,0,9,0,4,7,0,0,0,24,0,0,0,0,0,0,0,0,0,0,0,0,0,0,0,0,0,0,0,0,0,5,6,3,11,7,0,0,0,35,0,0,0,0,0,0,0,0,0,0,0,0,0,0,0,0,0,0,0,3,0,0,0,0,0,0,0,0,0,3
10601111011,external,8,8,14,38,25,23,6,0,0,124,4,4,0,4,8,4,0,0,0,30,0,0,0,0,0,0,0,0,0,9,0,0,0,0,4,0,0,0,0,7,13,11,19,45,43,29,11,4,0,171,0,0,0,0,0,0,0,0,0,0,0,0,0,0,0,0,0,0,0,0,0,0,0,0,0,0,0,0,0,5,15,11,19,45,40,29,10,4,0,175,5,4,0,5,3,8,22,15,0,55,0,0,3,4,0,0,4,0,0,20,19,12,26,51,45,38,39,17,3,249,0,4,7,13,22,7,5,0,0,64,4,8,9,23,14,11,9,0,0,79,3,0,4,3,0,3,0,0,0,8,0,0,0,0,0,0,0,0,0,5,8,9,18,42,46,23,5,0,0,161,0,0,0,0,0,0,0,0,0,3,3,0,0,0,0,0,0,0,0,3,3,0,0,0,0,0,0,0,0,5
10601111012,external,0,4,4,17,11,9,0,3,0,45,5,0,0,7,4,3,3,0,0,24,0,0,0,0,0,0,0,0,0,3,0,0,0,0,0,0,0,0,0,3,6,11,4,24,18,15,3,0,0,74,0,3,0,0,0,0,0,0,0,3,0,0,0,0,0,0,0,0,0,0,0,3,0,0,0,0,0,0,0,3,6,10,6,24,18,15,3,0,0,82,3,0,3,0,8,8,12,4,0,44,4,0,4,0,3,0,0,0,0,16,13,14,13,19,26,26,19,11,0,136,0,0,5,6,9,9,0,0,0,27,0,3,5,11,8,14,0,0,0,37,0,0,0,0,0,0,0,0,0,0,0,0,0,0,3,0,0,0,0,3,0,8,12,20,18,22,0,0,0,79,0,0,0,0,0,0,0,0,0,0,0,0,0,0,0,0,0,0,0,0,0,0,0,0,0,0,0,0,0,0
10601111013,external,0,0,9,13,20,15,9,0,0,60,0,0,0,0,3,3,0,0,0,16,0,0,0,0,0,0,0,0,0,3,0,0,0,0,0,0,0,0,0,0,6,4,9,11,28,16,7,0,0,84,0,0,0,0,0,0,0,0,0,0,0,0,0,0,0,0,0,0,0,4,0,0,0,0,0,0,0,0,0,3,6,4,9,13,28,16,7,0,0,85,9,3,0,0,0,7,18,3,0,46,0,0,0,0,4,0,0,0,0,10,9,9,13,18,29,27,25,8,0,142,0,4,0,8,6,0,4,0,0,31,0,0,3,10,7,10,3,0,0,33,0,0,0,0,0,0,0,0,0,0,0,0,0,0,0,0,0,0,0,0,0,10,3,19,14,11,8,0,0,73,0,0,0,0,0,0,0,0,0,0,0,0,0,0,0,0,0,0,0,0,0,0,0,0,0,0,0,0,0,3
10601111014,external,0,0,9,22,19,16,4,0,0,65,0,0,0,0,0,0,0,4,0,14,0,0,0,6,0,0,0,0,0,0,0,0,0,0,0,0,0,0,0,0,0,0,13,25,18,18,6,5,0,83,0,0,0,0,0,0,0,0,0,0,0,0,0,0,0,0,0,0,0,0,0,0,0,0,0,0,0,0,0,0,0,0,13,25,18,18,6,5,0,83,0,0,0,0,0,3,7,4,0,22,0,0,0,0,0,0,0,3,0,5,9,0,13,21,21,22,16,10,3,119,0,0,3,3,3,9,4,0,0,25,0,4,5,11,10,3,4,3,0,43,0,0,0,0,0,0,0,0,0,4,0,0,0,0,0,0,0,0,0,0,5,4,8,16,14,13,4,3,0,74,0,0,5,0,0,0,0,0,0,3,0,0,0,0,0,0,0,0,0,0,0,0,5,0,0,0,0,0,0,3
10601111015,external,4,0,0,4,13,5,5,0,0,34,0,0,0,0,0,8,4,0,0,18,0,0,0,0,0,3,0,0,0,3,0,0,0,0,0,0,0,0,0,0,4,6,3,7,8,18,7,0,0,53,0,0,0,0,0,0,0,0,0,0,0,0,0,0,0,0,0,0,0,0,0,0,0,0,0,0,0,0,0,0,4,6,3,7,8,18,7,0,0,55,8,0,0,0,4,5,16,9,0,40,3,0,0,0,0,0,0,0,0,11,9,5,0,8,19,20,22,11,0,101,0,0,0,5,3,11,0,0,0,21,0,0,0,9,5,7,4,0,0,20,0,0,0,0,0,0,0,0,0,5,0,0,0,0,3,0,0,0,0,3,6,0,3,10,11,17,3,0,0,54,0,0,0,0,0,0,0,0,0,0,0,0,0,0,0,0,0,0,0,0,0,0,0,0,0,0,0,0,0,0
10601111016,external,5,0,4,12,8,7,4,0,0,35,3,0,0,0,0,8,10,0,0,19,0,0,0,0,0,0,0,0,0,0,0,0,0,0,0,0,0,0,0,0,5,0,8,14,11,15,13,0,0,58,0,0,0,0,0,0,0,0,0,5,0,0,0,0,0,0,0,0,0,5,0,0,0,0,0,0,0,0,0,0,5,3,4,14,11,17,8,0,0,60,3,0,0,4,3,11,23,9,0,53,0,0,0,0,0,0,0,0,0,0,8,5,7,16,10,27,33,9,3,115,0,0,3,3,12,4,0,0,0,26,3,0,0,7,6,14,0,0,0,28,0,0,0,0,0,0,0,0,0,7,0,0,0,0,0,0,0,0,0,0,3,4,10,10,18,18,0,0,0,54,0,0,0,0,0,0,0,0,0,0,0,0,0,0,0,0,0,0,0,0,0,0,0,0,0,0,0,0,0,0
10601111017,external,0,4,4,9,10,15,0,3,0,46,0,0,0,0,5,3,0,0,0,13,0,0,0,0,0,0,0,3,0,5,0,0,0,0,0,0,0,0,0,0,0,8,4,10,14,17,5,3,0,64,0,0,0,0,0,0,0,0,0,0,0,0,0,0,0,0,0,0,0,0,0,0,0,0,0,0,0,0,0,0,0,8,4,10,14,17,5,3,0,64,5,3,3,0,0,9,11,11,0,39,0,0,0,0,0,3,0,0,0,3,5,7,8,17,14,25,15,13,0,109,0,0,0,4,10,5,0,0,0,24,0,0,0,0,4,5,0,0,0,22,0,0,3,0,0,0,0,0,0,8,0,0,0,0,0,0,0,0,0,0,0,3,6,10,13,13,4,4,0,58,0,0,0,0,0,0,0,0,0,0,0,0,0,0,0,0,0,0,0,0,0,0,0,0,0,0,0,0,0,0
10601111018,external,0,4,4,10,12,15,0,0,0,43,0,0,0,3,0,3,5,0,0,12,0,0,0,0,0,0,3,0,0,8,0,0,0,0,0,0,0,0,0,0,0,8,3,12,10,23,10,0,0,65,0,0,0,0,0,0,0,0,0,0,0,0,0,0,0,0,0,0,0,0,0,0,0,0,0,0,0,0,0,0,0,8,3,12,10,20,10,0,0,65,0,0,0,0,0,9,15,10,0,32,0,0,0,0,0,5,0,0,0,3,3,8,3,12,10,30,28,9,3,105,3,0,0,0,8,6,0,0,0,18,3,0,0,8,9,6,0,0,0,27,0,0,0,0,0,3,0,0,0,3,0,0,0,0,0,0,0,0,0,0,6,0,3,9,13,18,0,0,0,52,0,0,0,0,0,0,0,0,0,0,0,0,0,0,0,0,0,0,0,0,0,0,0,0,0,0,0,0,0,0
10601111019,external,4,3,10,11,17,11,3,0,0,48,0,0,0,0,0,8,10,4,0,25,0,0,0,0,0,0,0,0,0,4,0,0,0,0,0,0,0,0,0,3,6,6,10,11,13,17,14,0,0,79,0,0,3,0,0,0,0,0,0,7,0,0,0,0,0,0,0,0,0,0,0,0,3,0,0,0,0,0,0,9,8,6,11,11,17,18,12,0,0,82,0,0,0,6,4,4,22,7,0,40,0,0,0,0,0,0,0,0,0,8,7,5,14,14,22,26,33,9,0,131,0,3,4,4,6,9,0,0,0,27,0,0,3,6,9,11,3,5,0,38,0,0,3,0,0,0,4,0,0,4,0,0,0,0,0,0,0,0,0,0,0,3,9,7,11,19,9,5,0,68,0,0,0,0,0,0,0,0,0,0,0,0,0,0,0,0,0,0,0,0,0,0,0,0,0,0,0,0,0,4
10601111020,external,10,5,11,12,18,23,3,0,0,72,3,0,0,0,0,4,0,0,0,19,0,0,0,0,0,0,0,0,0,5,0,0,0,0,0,0,0,0,0,0,6,6,14,10,22,26,5,0,0,95,0,0,0,0,0,3,0,0,0,6,0,0,0,0,0,0,0,0,0,0,0,0,0,0,0,5,0,0,0,9,10,6,14,10,26,26,5,0,0,101,4,0,0,0,7,3,15,14,0,56,0,0,0,0,0,0,0,6,0,6,10,5,18,16,34,36,17,18,0,158,0,0,0,17,17,5,0,0,0,47,5,3,12,3,10,10,4,0,0,48,0,3,0,0,0,0,0,0,0,5,0,0,0,0,0,0,0,0,0,0,9,11,8,17,34,18,4,5,0,100,0,0,0,0,0,0,0,0,0,0,0,0,0,0,0,0,0,0,0,0,0,0,0,0,0,0,0,0,0,0
10601111021,external,0,5,28,35,23,22,8,0,0,128,0,0,0,7,3,8,0,0,0,21,0,7,0,0,3,6,0,0,0,7,0,0,0,0,0,3,0,0,0,6,9,17,28,37,35,39,6,0,0,169,5,0,0,0,0,0,0,0,0,3,0,0,0,0,0,0,0,0,0,0,5,0,0,0,0,0,0,0,0,3,9,17,28,42,35,38,6,0,0,177,4,0,7,4,6,14,21,14,4,64,0,0,0,0,0,4,0,0,0,7,16,16,38,50,41,52,24,13,0,252,4,4,17,18,24,11,0,0,0,71,5,4,21,13,25,17,7,0,0,83,3,0,6,3,0,3,0,0,0,22,0,0,0,0,5,0,0,0,0,4,16,5,38,29,48,31,3,0,0,180,0,0,0,0,0,0,0,0,0,0,0,0,0,0,0,0,0,0,0,0,0,0,0,0,0,0,0,0,0,0
10601111022,external,4,4,14,15,5,10,3,0,0,50,0,0,4,0,0,4,0,0,0,17,0,0,0,0,0,0,0,0,0,0,0,0,0,3,0,0,0,0,0,3,0,4,18,16,8,17,4,4,0,72,0,0,0,0,0,0,0,0,0,0,0,0,0,0,0,0,0,0,0,0,0,0,0,0,0,0,0,0,0,0,5,4,18,16,8,17,4,4,0,70,3,3,3,0,3,5,16,6,0,45,0,0,0,0,0,3,0,0,0,9,11,4,22,20,10,22,18,12,0,120,0,0,10,4,6,0,0,0,0,16,5,0,8,4,10,9,6,0,0,29,0,0,0,3,0,0,0,0,0,8,0,0,0,0,0,0,0,0,0,0,5,0,15,13,12,9,6,0,0,58,0,0,0,0,0,0,0,0,0,0,0,0,0,0,0,0,0,0,0,3,0,0,3,0,0,0,0,0,0,3
10601111023,external,0,5,9,19,13,14,3,0,0,64,0,0,4,5,0,6,0,0,0,19,0,0,0,6,0,6,5,0,0,9,0,0,0,0,0,0,0,0,0,0,0,5,17,23,18,20,7,0,0,93,0,0,0,0,0,0,0,0,0,0,0,0,0,0,0,0,0,0,0,0,0,0,0,0,0,3,0,0,0,6,0,5,17,23,18,26,7,0,0,95,5,0,0,4,0,6,7,11,0,42,0,0,0,0,0,0,0,0,0,3,8,5,18,25,18,35,17,16,0,141,0,3,6,8,7,8,0,0,0,32,4,0,7,4,10,11,4,0,0,43,4,0,5,0,0,0,0,0,0,11,0,0,0,0,0,0,0,0,0,0,4,9,18,18,19,21,4,0,0,88,0,0,0,0,0,0,0,0,0,0,0,0,0,0,0,0,0,0,0,0,0,0,0,0,0,0,0,0,0,0
10601111024,external,5,5,15,18,22,8,4,0,0,80,4,0,0,0,0,3,3,0,0,21,0,0,0,0,0,0,0,0,0,6,0,0,0,0,0,0,0,0,0,3,9,8,19,17,24,16,9,0,0,110,0,0,0,0,0,0,0,0,0,0,0,0,0,0,0,0,0,0,0,0,0,0,0,0,0,0,0,0,0,0,9,8,19,17,24,17,9,0,0,111,7,0,3,0,3,7,14,4,0,38,0,0,0,0,0,0,0,0,0,6,16,8,22,22,34,22,24,7,0,150,0,4,11,10,14,11,0,0,0,52,3,0,4,7,10,11,5,0,0,37,0,0,4,0,0,0,0,0,0,3,0,0,0,0,0,0,0,0,0,0,6,0,22,20,17,19,6,0,0,95,0,0,0,0,0,0,0,0,0,0,0,0,0,0,0,0,0,0,0,0,0,0,0,0,0,0,0,0,0,0
10601111025,external,5,0,8,14,17,17,0,3,0,62,0,0,0,0,0,0,8,0,0,13,0,0,0,0,0,0,0,0,0,3,0,0,0,0,0,0,0,0,0,0,5,0,7,12,21,19,11,3,0,78,0,0,0,0,0,0,0,0,0,3,0,0,0,0,0,0,0,0,0,0,0,0,0,0,0,0,0,0,0,4,5,0,12,14,21,20,11,3,0,82,3,0,8,3,0,5,15,0,6,37,0,0,0,0,0,0,0,0,0,3,7,0,14,20,21,31,28,10,6,129,0,0,5,3,9,10,3,0,0,30,4,0,9,9,3,9,5,0,0,43,0,0,0,3,0,0,0,0,0,4,0,0,0,0,0,0,0,0,0,0,3,4,11,14,17,20,6,0,0,79,0,0,0,0,0,0,0,0,0,0,0,0,0,0,0,0,0,0,0,5,0,0,0,0,0,0,0,0,0,5
10601111026,external,4,0,3,9,10,11,3,0,0,41,0,3,0,3,0,4,0,0,0,15,0,0,0,0,0,4,0,0,0,3,0,0,0,0,0,0,0,0,0,0,4,11,6,15,12,16,3,3,0,65,0,0,0,0,0,0,0,0,0,5,0,0,0,0,0,0,0,0,0,0,0,0,0,0,0,0,0,0,0,0,4,7,6,18,13,18,3,3,0,72,4,0,0,0,0,9,15,9,4,37,4,0,4,0,0,0,0,0,0,13,7,7,12,21,16,27,17,13,4,119,0,4,8,10,9,9,0,0,0,37,0,3,3,4,4,7,6,0,0,24,0,0,0,0,0,0,0,0,0,5,0,0,0,0,0,0,0,0,0,3,0,7,13,15,16,14,9,0,0,68,0,0,0,0,0,3,0,0,0,0,0,0,0,0,0,0,0,0,0,0,0,0,0,0,0,3,0,0,0,0
10601111027,external,0,8,31,25,36,25,7,0,0,131,4,0,3,5,10,7,5,3,0,38,0,0,0,4,0,3,0,0,0,4,0,0,0,0,0,0,0,0,0,9,6,15,39,31,51,39,8,7,0,181,0,0,0,0,0,0,0,0,0,4,0,0,0,0,0,0,0,0,0,0,0,3,0,0,0,0,0,0,0,9,6,16,32,31,52,39,8,7,0,186,8,0,0,4,7,8,37,16,0,86,0,0,0,0,0,0,0,3,0,10,14,18,41,34,54,46,45,16,4,279,0,11,11,20,13,10,0,0,0,68,9,3,12,18,25,17,8,0,0,88,0,0,5,0,0,0,0,0,0,16,0,0,0,0,0,0,0,0,0,0,10,7,24,41,41,34,7,0,0,176,0,0,0,0,0,0,0,0,0,0,0,0,0,0,0,0,0,0,0,4,0,0,0,0,0,0,0,0,0,3
10601111028,external,0,0,8,7,6,3,0,0,0,30,0,0,0,0,6,4,0,0,0,14,0,0,0,0,0,0,0,0,0,0,0,0,0,0,0,0,0,0,0,0,0,0,4,8,16,6,0,0,0,45,0,0,0,0,0,0,0,0,0,0,0,0,0,0,0,0,0,0,0,0,0,0,0,0,0,0,0,0,0,0,0,0,4,8,16,6,0,0,0,48,0,0,0,0,4,0,13,5,0,35,0,0,0,0,0,0,0,0,0,0,3,0,4,9,16,13,19,13,0,83,0,0,3,0,5,5,0,0,0,11,3,0,3,0,3,5,0,0,0,17,0,0,0,0,0,0,0,0,0,4,0,0,0,0,0,0,0,0,0,0,0,0,3,6,8,4,0,0,0,34,0,0,0,0,0,0,0,0,0,0,0,0,0,0,0,0,0,0,0,0,0,0,0,0,0,0,0,0,0,0
10601111029,external,0,0,5,9,5,0,0,0,0,15,4,0,0,0,0,0,0,0,0,6,0,0,0,0,0,0,0,0,0,0,0,0,0,0,0,0,0,0,0,0,3,0,5,9,5,0,0,0,0,22,0,0,0,0,0,0,0,0,0,0,0,0,0,0,0,0,0,0,0,0,0,0,0,0,0,0,0,0,0,0,3,0,5,9,5,0,0,0,0,22,0,0,0,0,0,0,4,0,0,6,0,0,0,0,0,0,0,0,0,0,3,0,5,8,3,3,5,6,0,29,0,0,0,3,3,0,0,0,0,9,0,0,3,3,0,0,0,0,0,13,0,0,0,0,0,0,0,0,0,0,0,0,0,0,0,0,0,0,0,0,0,0,6,8,5,3,0,0,0,22,0,0,0,0,0,0,0,0,0,0,0,0,0,0,0,0,0,0,0,0,0,0,0,0,0,0,0,0,0,0
10601111101,core,4,11,19,19,21,9,0,0,0,77,0,6,7,3,6,3,0,0,0,25,0,0,5,0,0,0,0,0,0,7,0,0,0,0,0,0,0,0,0,0,4,13,25,24,27,13,5,0,0,111,0,0,0,5,0,0,0,0,0,6,0,0,0,0,0,0,0,0,0,3,0,0,0,0,0,0,0,0,0,9,7,13,29,24,29,16,5,0,0,119,4,0,0,0,3,10,16,12,5,50,0,0,0,0,0,0,0,0,0,6,9,15,33,31,31,28,20,13,5,176,0,9,9,8,6,8,0,0,0,35,0,5,15,9,13,6,0,0,0,51,0,0,0,0,0,0,0,0,0,4,0,0,0,0,0,0,0,0,0,0,4,11,28,19,22,13,0,0,0,96,0,0,0,0,0,0,0,0,0,0,0,0,0,0,6,0,0,0,0,6,0,0,3,0,3,0,0,0,0,9
10601111102,core,0,3,11,7,10,13,0,0,0,43,0,0,0,0,4,3,0,0,0,12,0,0,0,0,0,0,0,0,0,0,0,0,0,0,0,0,0,0,0,0,0,7,11,12,14,14,0,0,0,56,0,0,0,0,0,0,0,0,0,4,0,0,0,0,0,0,0,0,0,0,0,0,0,0,0,0,0,0,0,3,0,10,17,10,15,14,0,0,0,66,5,0,4,0,0,10,15,11,0,35,0,0,0,0,0,0,0,0,0,3,6,7,17,10,18,25,17,11,0,104,0,0,0,3,8,10,0,0,0,22,0,0,5,5,3,10,0,0,0,23,0,0,5,3,0,0,0,0,0,6,0,0,0,0,0,0,0,0,0,0,4,0,10,11,7,17,0,0,0,56,0,0,0,0,0,0,0,0,0,0,0,0,0,0,0,0,0,0,0,0,0,0,0,0,0,0,0,0,0,0
10601111103,core,0,4,5,5,0,0,0,0,0,15,0,0,0,0,0,0,0,0,0,3,0,0,0,0,0,0,0,0,0,0,0,0,0,0,0,0,0,0,0,0,0,4,5,10,0,0,0,0,0,19,3,0,4,0,0,0,0,0,0,6,0,0,0,0,0,0,0,0,0,0,3,0,4,0,0,0,0,0,0,6,0,5,9,10,0,0,0,0,0,29,5,3,7,6,7,8,10,5,0,39,0,3,5,0,0,0,0,0,0,13,7,15,21,17,5,6,5,0,0,82,0,0,0,0,4,0,0,0,0,4,0,0,0,4,4,0,0,0,0,11,0,0,0,0,0,0,0,0,0,0,0,0,0,0,0,0,0,0,0,0,0,0,3,6,4,0,0,0,0,18,0,0,0,0,0,0,0,0,0,0,0,4,0,0,0,0,0,0,0,4,0,4,0,0,0,0,0,0,0,4
10601111104,core,0,0,12,6,3,3,0,0,0,29,0,0,0,0,0,0,0,0,0,8,0,0,0,0,0,0,0,0,0,4,0,0,0,0,0,0,0,0,0,0,3,3,10,8,3,3,7,0,0,42,0,0,0,0,0,0,0,0,0,4,0,0,0,0,0,0,0,0,0,3,0,0,0,3,0,0,0,0,0,0,3,3,14,9,3,3,7,0,0,44,9,0,3,3,6,4,8,10,5,47,0,0,0,0,0,0,0,0,0,0,11,9,14,12,10,8,16,10,5,93,0,0,0,6,0,0,0,0,0,13,0,0,0,4,4,0,0,0,0,24,0,0,0,0,0,0,0,0,0,3,0,0,0,0,0,0,0,0,0,0,0,3,7,14,11,0,5,0,0,38,0,0,0,0,0,0,0,0,0,0,0,0,0,0,0,0,0,0,0,4,0,0,0,0,0,0,0,0,0,4
10601111105,core,3,7,31,5,14,4,3,0,0,67,4,0,10,5,0,0,0,0,0,18,0,0,0,0,0,0,0,0,0,0,0,0,0,0,0,0,0,0,0,3,3,7,42,8,16,7,3,0,0,94,0,0,0,0,0,0,0,0,0,3,0,0,0,0,0,0,0,0,0,4,0,0,0,0,4,0,0,0,0,3,3,6,46,8,17,7,5,0,0,100,8,0,3,0,5,14,23,6,0,59,0,0,0,0,0,0,0,0,0,0,8,11,50,11,27,17,25,6,0,164,0,0,19,10,6,9,0,0,0,41,7,0,8,13,4,10,0,0,0,34,0,4,7,0,0,0,0,0,0,10,0,0,0,0,0,0,0,0,0,0,3,8,29,17,15,13,0,0,0,92,0,0,0,0,0,0,0,0,0,0,0,0,0,0,0,0,0,0,0,0,0,0,3,0,0,0,0,0,0,5
10601111106,core,0,7,12,16,8,8,0,0,0,55,0,5,0,0,3,9,0,0,0,14,0,0,0,0,0,0,0,0,0,0,0,0,0,0,0,0,0,0,0,3,4,9,17,15,17,16,0,0,0,81,0,0,0,0,0,0,0,0,0,0,0,0,0,0,0,0,0,0,0,5,0,0,0,0,0,0,0,0,0,3,0,10,21,14,18,16,0,0,0,81,0,0,0,6,5,4,14,4,0,34,0,0,0,0,3,3,0,0,0,22,4,11,21,23,26,22,17,3,0,131,0,3,11,10,10,6,0,0,0,32,4,0,10,3,3,5,0,0,0,30,0,0,6,0,0,0,0,0,0,15,0,0,0,0,0,0,0,0,0,0,4,8,26,18,6,14,0,0,0,75,0,0,0,0,0,0,0,0,0,0,0,0,3,0,0,0,0,0,0,3,0,0,0,0,0,0,0,0,0,9
10601111107,core,0,7,3,12,6,3,0,0,0,27,0,0,5,3,4,0,0,0,0,14,0,0,0,0,0,0,0,0,0,0,0,0,0,0,0,0,0,0,0,0,0,3,11,14,7,3,0,0,0,45,0,0,0,0,0,0,0,0,0,0,0,0,0,0,0,0,0,0,0,0,0,0,0,0,0,0,0,0,0,0,5,3,11,14,7,3,0,0,0,48,7,0,0,0,3,11,15,7,0,46,0,0,0,0,0,0,0,0,0,6,8,9,13,14,20,19,15,7,0,99,0,4,8,4,3,0,0,0,0,20,0,6,4,6,6,6,0,0,0,25,0,0,4,0,0,0,0,0,0,3,0,0,0,0,0,0,0,0,0,0,4,7,17,9,8,8,0,0,0,55,0,0,0,0,0,0,0,0,0,0,0,0,0,0,0,0,0,0,0,4,0,0,0,0,0,0,0,0,0,0
10601111108,core,5,12,21,16,14,14,0,0,0,71,0,3,8,0,5,5,0,0,0,27,0,0,0,0,0,0,0,0,0,7,0,0,0,0,0,0,0,0,0,0,3,15,27,18,19,23,0,0,0,107,0,4,0,0,0,0,0,0,0,6,0,0,0,0,0,0,0,0,0,4,0,4,0,0,0,0,0,0,0,14,8,18,34,22,19,20,0,0,0,119,0,0,7,4,5,17,18,12,3,75,0,0,3,0,3,3,0,8,0,22,12,14,38,25,27,43,22,18,3,211,0,4,13,7,3,9,3,0,0,37,7,8,4,4,8,8,0,0,0,35,0,3,4,0,0,0,0,0,0,10,0,0,0,0,0,0,0,0,0,0,7,15,19,13,14,15,0,0,0,84,0,0,0,0,0,0,0,0,0,4,4,0,0,0,0,0,0,0,0,7,4,0,6,0,0,0,0,0,0,10
10601111109,core,0,11,11,7,12,9,0,0,0,51,3,0,9,4,3,0,0,0,0,15,0,0,0,0,0,0,0,0,0,8,0,0,0,0,0,0,0,0,0,0,4,13,21,11,19,11,0,0,0,70,0,0,0,0,0,0,0,0,0,0,0,0,0,0,0,0,0,0,0,0,0,0,0,0,0,0,0,0,0,0,6,12,21,12,19,11,0,0,0,75,4,0,3,0,4,7,16,9,0,46,0,0,0,0,0,0,0,0,0,4,12,15,24,10,21,13,22,9,3,122,0,6,9,0,4,6,0,0,0,26,3,4,8,7,9,4,0,0,0,31,0,0,0,0,0,0,0,0,0,4,0,0,0,0,0,0,0,0,0,0,4,3,19,12,17,11,0,0,0,63,0,0,0,0,0,0,0,0,0,0,0,0,0,0,0,0,0,0,0,0,0,0,0,0,0,0,0,0,0,0
10601111110,core,4,9,21,15,13,11,3,0,0,70,3,5,0,0,0,0,0,0,0,14,0,0,0,0,3,0,0,0,0,7,0,0,3,0,0,0,0,0,0,3,7,15,26,11,18,10,3,0,0,95,0,0,0,0,0,0,0,0,0,10,0,0,0,0,0,0,0,0,0,3,0,0,0,0,0,0,0,0,0,10,13,15,28,11,20,17,3,0,0,99,3,7,3,7,6,13,16,15,0,73,0,0,4,0,0,3,3,0,0,14,9,21,37,20,25,30,24,16,0,188,0,3,9,9,4,7,0,0,0,34,0,9,15,4,12,9,5,0,0,46,0,0,3,0,0,6,0,0,0,11,0,0,0,0,0,0,0,0,0,0,0,12,26,18,17,14,7,0,0,92,0,0,0,0,0,0,0,0,0,0,0,0,0,0,0,6,0,0,0,3,0,0,0,0,0,6,0,0,0,3
10601111111,core,3,13,27,17,13,16,0,0,0,89,0,0,0,0,5,4,4,0,0,14,0,0,0,0,0,4,0,0,0,6,0,0,0,0,0,0,0,0,0,3,10,13,37,28,16,22,4,0,0,112,3,0,0,4,0,0,0,0,0,10,0,0,4,0,0,0,0,0,0,0,3,0,0,0,0,0,0,0,0,16,7,14,37,28,19,22,4,0,0,126,14,0,7,7,3,20,23,10,4,91,0,3,0,3,0,0,0,0,0,8,16,20,50,38,23,40,23,7,0,229,3,8,6,9,9,4,0,0,0,39,5,7,13,12,11,6,4,0,0,62,0,0,0,0,0,0,0,0,0,3,0,0,0,0,0,0,0,0,0,3,7,14,21,19,18,11,4,0,0,102,0,0,0,0,0,0,0,0,0,6,0,0,3,0,0,6,0,0,0,9,0,4,5,0,0,3,0,0,0,12
10601111112,core,3,8,28,51,41,11,4,0,0,157,11,7,4,0,3,0,0,0,0,30,3,0,0,0,4,0,0,0,0,8,0,0,0,0,0,0,0,0,0,0,22,19,36,52,46,16,3,0,0,190,3,0,0,0,0,0,0,0,0,3,0,0,0,0,0,0,0,0,0,0,0,0,0,0,0,0,0,0,0,8,26,17,34,52,43,16,3,0,0,199,7,0,0,3,0,7,19,11,0,56,0,0,5,0,0,4,0,0,0,10,31,17,42,60,49,28,24,16,0,265,4,4,21,22,17,10,0,0,0,81,14,9,14,24,16,11,3,0,0,85,0,0,4,0,4,3,0,0,0,12,0,0,0,0,0,0,0,0,0,5,11,11,41,57,40,25,3,0,0,188,0,0,0,0,0,0,0,0,0,0,0,0,0,0,0,0,0,0,0,0,0,0,0,0,0,0,0,0,0,3
10601111113,core,3,7,19,16,27,8,0,0,0,81,0,8,8,3,0,5,3,0,0,22,0,0,0,0,0,0,0,0,0,8,0,0,0,0,0,0,0,0,0,3,11,17,23,20,28,17,4,0,0,121,0,5,0,0,0,0,0,0,0,8,0,0,0,0,0,0,0,0,0,0,0,5,0,0,0,0,0,0,0,8,11,17,28,21,28,17,7,0,0,130,0,0,3,4,8,14,23,21,5,84,0,0,0,0,0,0,0,0,0,7,15,19,33,30,43,32,32,21,5,219,3,9,15,6,13,3,0,0,0,49,4,9,9,10,15,17,4,0,0,63,0,0,0,4,0,0,0,0,0,5,0,0,0,0,0,0,0,0,0,4,11,14,29,19,29,22,5,0,0,125,0,0,0,0,4,0,0,0,0,5,0,0,0,0,0,0,0,0,0,0,0,0,0,0,4,0,0,0,0,3
10601111114,core,0,8,17,17,16,17,0,0,0,70,5,0,4,4,0,3,0,0,0,20,0,0,0,0,0,0,0,0,0,3,0,0,0,0,0,0,0,0,0,3,3,17,22,19,18,17,5,0,0,99,0,0,3,3,0,0,0,0,0,11,0,0,0,0,0,4,0,0,0,6,0,4,3,3,4,3,0,0,0,14,9,18,26,23,18,21,5,0,0,111,6,3,0,5,10,7,30,14,3,93,0,0,0,0,0,0,0,0,0,3,17,19,30,29,29,33,35,19,3,202,0,0,14,8,15,3,4,0,0,43,6,7,9,6,5,7,3,0,0,40,0,0,0,3,0,0,0,0,0,5,0,0,0,0,0,0,0,0,0,0,6,11,24,12,23,12,5,0,0,89,0,0,0,0,0,0,0,0,0,0,0,0,0,4,0,0,0,0,0,4,0,0,0,4,0,0,0,0,0,5
10601111115,core,3,12,26,16,20,14,0,0,0,91,6,5,3,4,5,7,0,0,0,33,0,0,6,3,6,0,0,0,0,13,0,0,0,0,0,0,0,0,0,0,12,17,32,21,27,21,4,0,0,131,0,0,0,0,0,3,0,0,0,3,0,0,0,0,0,0,0,0,0,5,0,0,0,0,0,3,0,0,0,6,15,17,38,21,31,19,4,0,0,140,7,4,6,6,4,12,31,8,0,82,0,0,4,0,0,0,0,0,0,3,21,24,40,23,33,31,39,7,0,230,0,8,11,3,7,5,0,0,0,41,11,10,14,10,14,8,4,0,0,62,0,0,6,3,0,0,0,0,0,16,0,0,0,0,0,0,0,0,0,0,14,17,28,18,30,16,9,0,0,120,0,0,0,0,4,0,0,0,0,0,0,0,0,0,0,0,0,0,0,4,0,0,3,0,4,0,0,0,0,3
10601111116,core,3,3,20,16,20,4,0,0,0,65,9,0,3,4,0,5,0,0,0,16,0,0,0,0,0,0,0,0,0,7,0,0,0,0,0,0,0,0,0,4,6,8,22,21,24,8,0,0,0,84,4,0,0,0,5,0,0,0,0,6,0,0,0,0,0,0,0,0,0,3,3,0,0,0,4,0,0,0,0,10,11,9,24,19,27,8,3,0,0,97,14,5,0,0,11,6,26,24,16,98,0,0,0,0,3,0,3,0,0,6,19,12,22,22,38,15,33,24,16,203,0,5,3,10,8,0,0,0,0,35,7,3,13,10,10,3,0,0,0,48,0,0,3,4,0,0,0,0,0,4,0,0,0,0,0,0,0,0,0,0,7,14,23,22,22,11,0,0,0,92,0,0,0,0,0,0,0,0,0,6,0,0,0,0,0,0,0,0,0,3,3,4,0,0,0,0,0,0,0,6
10601111117,core,0,3,15,15,13,11,0,0,0,62,0,0,0,0,0,0,0,0,0,3,0,0,0,0,0,0,0,0,0,0,0,0,0,0,0,0,0,0,0,0,4,3,15,17,13,17,0,0,0,67,4,0,0,0,0,4,0,0,0,9,0,0,0,0,0,0,0,0,0,0,6,0,0,0,0,4,0,0,0,12,3,7,15,19,16,15,0,0,0,74,3,3,3,3,0,3,19,7,0,38,0,0,0,5,0,0,0,0,0,7,10,7,15,29,20,22,22,7,5,129,0,0,13,6,10,8,4,0,0,43,0,4,11,4,6,4,0,0,0,39,0,0,0,0,0,0,0,0,0,5,0,0,0,0,0,0,0,0,0,0,4,4,27,13,15,18,4,0,0,84,0,0,0,0,0,0,0,0,0,0,0,0,0,0,0,0,0,0,0,0,0,0,0,0,0,0,0,0,0,0
10601111118,core,0,4,11,6,19,11,0,0,0,55,0,9,0,0,4,0,0,0,0,11,0,0,0,0,0,0,0,0,0,0,0,0,0,0,0,0,0,0,0,0,0,8,11,6,21,13,4,0,0,61,0,0,3,0,0,0,0,0,0,3,0,0,0,0,0,0,0,0,0,0,0,0,3,0,0,0,0,0,0,4,0,8,14,10,21,11,4,0,0,72,7,0,0,4,5,6,11,0,0,38,0,0,0,0,0,0,0,0,0,0,13,9,15,14,23,15,16,0,0,108,0,0,7,5,12,7,0,0,0,22,0,3,0,4,8,12,0,0,0,29,0,0,0,0,0,0,0,0,0,4,0,0,0,0,0,0,0,0,0,0,0,4,10,9,19,17,0,0,0,62,0,0,0,0,0,0,0,0,0,0,0,0,0,0,0,0,0,0,0,0,0,0,0,0,0,0,0,0,0,5
10601111121,core,0,9,9,6,13,6,4,0,0,49,5,5,3,0,3,0,0,0,0,10,0,0,6,0,0,0,0,0,0,6,0,0,0,0,0,0,0,0,0,0,4,9,15,6,16,7,4,0,0,72,0,0,0,0,0,0,0,0,0,4,0,0,0,0,0,0,0,0,0,0,0,0,0,0,0,0,0,0,0,4,4,7,13,6,16,7,4,0,0,70,3,0,3,0,0,0,15,10,3,36,0,0,0,0,0,0,3,0,0,3,8,13,15,13,18,15,23,10,3,114,0,3,5,8,4,4,0,0,0,27,10,5,6,3,5,11,0,0,0,35,0,0,0,0,0,0,0,0,0,3,0,0,0,0,0,0,0,0,0,0,10,3,9,12,17,13,0,0,0,71,0,0,0,0,0,0,0,0,0,4,0,0,0,0,0,0,0,0,0,5,0,0,0,0,0,0,0,0,0,6
10601111122,core,0,4,13,8,9,11,3,0,0,47,0,4,4,0,3,5,0,0,0,10,0,0,0,0,0,0,0,0,0,0,0,0,0,0,0,0,0,0,0,0,0,3,14,12,12,14,4,0,0,61,0,0,0,0,3,0,0,0,0,4,0,0,0,0,0,0,0,0,0,0,0,0,0,0,3,0,0,0,0,3,0,3,14,12,12,13,4,0,0,64,0,4,6,5,0,14,13,7,0,51,0,0,0,0,0,0,0,0,0,0,3,9,19,18,17,32,18,7,0,116,0,0,9,3,6,6,0,0,0,27,0,4,5,12,5,4,0,0,0,27,0,0,0,0,0,3,0,0,0,5,0,0,0,0,0,0,0,0,0,0,0,3,11,12,14,10,0,0,0,54,0,0,0,0,0,0,0,0,0,0,0,3,0,0,0,3,0,0,0,8,0,3,0,0,0,3,0,0,0,9
10601111123,core,0,12,19,10,14,17,0,0,0,75,5,0,3,3,0,3,3,0,0,19,0,0,9,0,0,0,0,0,0,11,0,0,0,3,0,0,0,0,0,3,0,15,27,16,17,22,4,0,0,101,0,0,0,0,0,0,0,0,0,5,0,0,0,0,0,0,0,0,0,0,0,0,0,0,0,0,0,0,0,5,6,15,27,19,15,22,4,0,0,114,6,0,0,5,9,16,14,10,0,54,0,0,4,0,0,0,4,0,0,11,9,12,34,20,27,39,20,9,0,171,0,5,12,5,4,7,0,0,0,32,0,4,13,4,13,17,0,0,0,54,0,0,3,0,0,3,0,0,0,4,0,0,0,0,0,0,0,0,0,4,5,12,31,14,15,18,4,0,0,95,0,0,0,0,0,0,0,0,0,0,0,0,0,0,0,0,0,0,0,4,0,0,0,0,3,0,0,0,0,3
10601111124,core,4,5,14,18,21,11,0,0,0,72,4,9,3,3,8,7,0,0,0,23,0,0,0,0,0,3,0,0,0,5,0,0,0,0,0,0,0,0,0,0,8,11,19,23,18,20,0,0,0,106,4,0,3,0,0,0,0,0,0,9,0,0,0,0,0,0,0,0,0,5,3,0,3,5,0,0,0,0,0,13,12,17,24,24,24,20,0,0,0,117,14,7,8,0,11,12,17,6,0,71,0,0,0,0,0,6,0,0,0,8,25,17,27,31,37,32,17,6,0,199,0,0,6,12,5,5,0,0,0,34,4,5,9,10,8,9,0,0,0,39,0,0,0,0,3,4,0,0,0,10,0,0,0,0,0,0,0,0,0,0,3,8,19,21,11,15,0,0,0,83,0,3,0,0,0,0,0,0,0,4,0,0,6,0,0,0,0,0,0,3,0,3,6,0,0,0,0,0,0,13
10601111125,core,4,0,15,8,10,7,0,0,0,43,0,6,0,0,4,8,0,0,0,15,0,0,0,0,0,3,0,0,0,0,0,0,0,0,0,0,0,0,0,0,5,7,9,15,18,13,0,0,0,64,0,0,0,0,0,0,0,0,0,7,0,0,0,0,0,0,0,0,0,5,0,0,3,0,0,0,0,0,0,9,5,9,11,16,17,16,0,0,0,77,6,3,6,0,6,15,29,22,4,90,0,0,0,0,0,0,9,7,0,17,6,12,23,17,23,30,37,28,4,178,0,0,3,12,5,6,0,0,0,35,0,0,7,0,7,4,0,0,0,25,0,0,3,0,0,0,0,0,0,4,0,0,0,0,0,0,0,0,0,0,0,0,16,12,17,15,0,0,0,66,0,0,0,0,0,0,0,0,0,3,0,0,0,0,0,0,0,0,0,6,0,0,0,0,0,0,0,0,0,8
10601111126,core,4,4,16,19,20,10,3,0,0,81,8,0,0,3,10,4,5,0,0,32,0,0,6,5,0,0,0,0,0,7,0,0,0,0,0,0,0,0,0,0,12,11,18,28,34,13,5,0,0,117,0,0,0,0,0,0,0,0,0,4,0,0,4,0,0,0,0,0,0,5,0,0,6,0,0,0,0,0,0,11,13,8,29,28,34,16,5,0,0,129,13,7,8,6,4,14,33,15,3,89,0,0,0,0,0,0,0,0,0,3,24,15,28,28,36,27,38,19,3,226,4,6,7,14,12,6,0,0,0,45,10,4,5,12,14,7,5,0,0,60,0,0,0,0,0,0,0,0,0,3,0,0,0,0,0,0,0,0,0,0,13,12,15,25,26,18,5,0,0,111,0,0,0,0,0,0,0,0,0,0,0,0,0,0,0,0,0,0,0,0,0,0,0,0,0,0,0,0,0,0
10601111127,core,6,3,30,14,10,11,0,0,0,79,3,0,9,3,4,0,0,0,0,18,0,0,0,0,0,0,0,0,0,0,0,0,0,0,0,0,0,0,0,0,11,3,42,20,19,11,4,0,0,103,0,0,0,0,0,3,0,0,0,5,0,0,0,0,0,0,0,0,0,3,0,0,0,0,0,3,0,0,0,4,8,5,47,20,19,10,4,0,0,110,9,4,3,3,9,11,23,8,4,86,0,0,3,0,0,4,0,0,0,9,10,9,51,27,26,26,28,10,4,206,6,0,17,8,12,8,0,0,0,50,3,8,13,7,8,7,0,0,0,53,0,0,8,0,0,0,0,0,0,6,0,0,0,0,0,0,0,0,0,0,12,8,37,16,19,17,0,0,0,112,0,5,0,0,0,0,0,0,0,3,0,0,4,0,0,0,0,0,0,0,0,5,3,0,0,0,0,0,0,8
10601111128,core,0,10,19,13,17,3,0,0,0,63,3,3,9,6,5,6,0,0,0,19,0,0,0,0,0,0,0,0,0,6,0,0,0,0,0,0,0,0,0,0,5,16,30,18,20,8,0,0,0,88,4,0,0,0,3,3,0,0,0,13,0,0,0,0,0,0,0,0,0,0,4,0,4,0,3,3,0,0,0,11,10,15,31,17,23,7,0,0,0,99,11,0,5,0,5,11,19,11,0,75,0,0,3,0,0,0,3,0,0,10,17,16,37,20,31,27,26,13,0,190,5,4,13,10,6,4,0,0,0,44,6,7,9,14,15,0,7,0,0,49,0,0,4,0,4,0,0,0,0,7,0,0,0,0,0,0,0,0,0,0,11,12,20,22,21,10,4,0,0,94,0,0,0,0,4,0,0,0,0,5,0,0,0,0,3,0,0,0,0,7,0,0,0,0,6,0,0,0,0,9
10601111129,core,0,4,29,19,14,8,0,0,0,65,0,0,3,5,6,3,0,0,0,10,0,0,0,0,0,0,0,0,0,6,0,0,0,0,0,0,0,0,0,0,0,4,30,17,18,15,0,0,0,82,4,4,0,0,0,0,0,0,0,10,0,0,0,0,0,0,0,0,0,0,4,4,0,0,0,0,0,0,0,7,0,8,25,17,18,16,0,0,0,91,9,4,4,6,8,9,18,3,0,59,0,0,3,0,0,0,0,3,0,14,15,10,35,24,27,23,21,11,0,161,0,3,6,7,8,3,0,0,0,35,0,3,9,6,11,6,0,0,0,31,0,5,4,0,0,0,0,0,0,9,0,0,0,0,0,0,0,0,0,0,0,11,26,14,22,10,0,0,0,79,0,0,0,0,0,0,0,0,0,5,0,0,0,0,0,0,0,0,0,0,0,0,0,0,0,0,0,0,0,0
10601111130,core,8,10,17,21,28,16,5,0,0,99,0,3,6,4,0,3,4,0,0,17,0,0,0,0,3,0,0,0,0,3,0,0,0,0,0,0,0,0,0,0,6,12,24,22,27,18,5,0,0,118,0,0,0,0,0,0,0,0,0,8,3,0,0,0,0,0,0,0,0,7,4,3,4,0,0,0,0,0,0,12,12,14,30,23,27,18,5,0,0,131,3,4,4,0,6,15,20,17,4,69,0,0,0,0,0,0,0,4,0,5,16,22,31,27,37,38,20,18,4,206,4,7,12,10,10,11,0,0,0,57,0,0,13,0,10,14,0,0,0,45,0,0,0,0,3,0,0,0,0,3,0,0,0,0,0,0,0,0,0,0,7,14,28,18,27,22,0,0,0,114,0,0,3,0,0,0,0,0,0,3,0,0,0,0,0,0,0,0,0,4,0,5,5,6,4,0,0,0,0,15
10601111131,core,0,0,13,15,15,13,5,0,0,65,3,3,4,0,5,4,3,0,0,18,0,0,0,0,3,0,0,0,0,4,0,0,0,0,0,0,0,0,0,0,3,8,15,16,22,18,6,0,0,85,0,0,0,0,0,0,0,0,0,0,0,0,0,0,0,0,0,0,0,5,0,0,0,0,4,0,0,0,0,6,6,11,15,16,17,18,6,0,0,93,6,5,0,3,7,0,11,13,0,42,0,0,0,0,0,0,3,0,0,4,9,17,18,22,26,22,15,13,0,143,0,3,8,10,14,0,0,0,0,34,7,8,10,7,4,6,0,0,0,37,0,6,0,0,0,0,0,0,0,10,0,0,0,0,0,0,0,0,0,0,4,8,16,12,18,9,7,0,0,78,0,0,0,0,0,0,0,0,0,0,0,0,0,0,0,0,0,0,0,0,0,0,0,0,0,0,0,0,0,0
10601111132,core,0,6,15,20,16,7,6,0,0,62,3,0,3,3,0,6,0,0,0,8,0,3,0,0,0,0,0,0,0,3,0,0,0,0,0,0,0,0,0,0,4,10,25,21,10,7,6,0,0,82,0,0,0,0,0,0,0,0,0,4,0,0,0,0,0,0,0,0,0,0,3,0,0,0,0,0,0,0,0,4,3,10,21,23,10,7,6,0,0,86,0,0,8,0,5,4,7,0,3,35,0,0,0,3,4,0,0,0,0,13,13,10,27,27,18,13,13,6,3,132,0,5,13,3,11,3,0,0,0,34,4,3,8,8,7,0,0,0,0,32,0,5,7,0,0,0,0,0,0,8,0,0,0,0,0,0,0,0,0,0,7,12,24,10,22,5,0,0,0,76,0,0,0,0,0,6,0,0,0,5,0,0,0,0,0,0,0,0,0,3,0,0,0,3,0,8,0,0,0,11
10601111133,core,0,8,18,10,7,4,0,0,0,49,4,3,5,0,4,0,0,0,0,17,0,0,0,0,0,0,0,0,0,3,0,0,0,0,0,0,0,0,0,3,4,12,24,13,13,10,0,0,0,77,0,0,0,0,0,0,0,0,0,4,0,0,0,0,0,0,0,0,0,0,0,0,0,0,0,0,0,0,0,8,3,17,24,16,13,10,0,0,0,85,4,0,0,5,3,11,15,0,0,55,4,0,3,3,5,0,4,0,0,24,18,15,34,25,27,22,23,0,0,158,0,5,7,9,4,0,0,0,0,29,4,6,10,3,3,3,0,0,0,41,0,0,7,0,0,0,0,0,0,5,0,0,0,0,0,0,0,0,0,0,4,16,21,16,9,6,0,0,0,76,0,0,0,0,0,0,0,0,0,7,0,0,0,0,0,0,0,0,0,5,0,0,0,0,0,0,0,0,0,9
10601111134,core,3,6,13,7,15,9,0,0,0,51,0,0,4,3,5,0,0,0,0,10,0,0,3,0,0,0,0,0,0,3,0,0,0,0,0,0,0,0,0,0,3,6,19,8,21,6,0,0,0,69,0,0,0,4,0,0,0,0,0,9,0,0,0,0,0,0,0,0,0,3,0,0,0,4,0,0,0,0,0,11,6,6,19,13,25,9,0,0,0,76,0,4,0,0,6,10,10,5,0,44,0,0,0,0,0,0,0,0,0,9,8,10,20,12,29,20,14,5,0,130,0,9,3,3,4,6,0,0,0,28,3,0,8,8,10,8,3,0,0,32,0,0,6,0,0,0,0,0,0,6,0,0,0,0,0,0,0,0,0,0,5,12,15,10,10,10,3,0,0,66,0,3,4,0,0,0,0,0,0,4,0,0,0,0,0,0,0,0,0,3,0,0,4,0,0,0,0,0,0,5
10601111135,core,0,4,15,14,9,12,0,0,0,57,0,0,3,4,0,0,0,0,0,10,0,0,0,0,0,0,0,0,0,3,0,0,0,0,0,0,0,0,0,3,0,9,20,15,11,5,3,0,0,66,0,0,0,0,0,0,0,0,0,4,0,0,5,0,0,0,0,0,0,5,0,0,6,0,0,0,0,0,0,5,4,9,21,15,13,5,3,0,0,74,8,0,7,0,3,5,18,7,0,41,0,3,0,0,0,0,0,0,0,5,7,12,29,15,22,13,21,4,0,121,0,3,4,6,4,3,0,0,0,25,0,5,5,10,6,5,0,0,0,36,0,0,0,0,5,0,0,0,0,8,0,0,0,0,0,0,0,0,0,0,3,8,14,15,9,17,0,0,0,62,0,0,0,0,0,0,0,0,0,0,0,0,0,0,3,0,0,0,0,3,0,0,0,0,3,0,0,0,0,0
10601111136,core,0,0,12,10,7,7,0,0,0,41,0,0,8,0,3,3,0,0,0,21,0,0,0,0,0,4,0,0,0,3,0,0,0,0,0,0,0,0,0,0,0,0,23,15,14,13,6,0,0,61,0,0,0,0,0,0,0,0,0,3,0,0,0,0,0,0,0,0,0,3,0,0,3,0,0,0,0,0,0,8,3,6,18,13,14,13,6,0,0,71,6,3,4,0,4,7,24,4,3,59,0,0,0,4,4,4,0,0,0,12,14,8,27,20,23,23,33,4,4,148,0,3,9,6,3,0,0,0,0,26,0,4,11,0,3,3,0,0,0,29,0,0,0,0,0,0,0,0,0,3,0,0,0,0,0,0,0,0,0,0,0,8,16,11,7,14,4,0,0,60,0,0,3,0,0,0,0,0,0,0,0,0,0,0,0,0,0,0,0,0,0,0,3,0,0,0,0,0,0,4
10601111137,core,0,0,0,0,0,0,0,0,0,0,0,0,0,0,0,0,0,0,0,0,0,0,0,0,0,0,0,0,0,0,0,0,0,0,0,0,0,0,0,0,0,0,0,0,0,0,0,0,0,0,0,0,0,0,0,0,0,0,0,0,0,0,0,0,0,0,0,0,0,0,0,0,0,0,0,0,0,0,0,0,0,0,0,0,0,0,0,0,0,0,0,0,0,0,0,0,0,0,0,0,0,0,0,0,0,0,0,0,0,0,0,0,0,0,0,0,0,0,0,0,0,0,0,0,0,0,0,0,0,0,0,0,0,0,0,0,0,0,0,0,0,0,0,0,0,0,0,0,0,0,0,0,0,0,0,0,0,0,0,0,0,0,0,0,0,0,0,0,0,0,0,0,0,0,0,0,0,0,0,0,0,0,0,0,0,0,0,0,0,0,0,0,0,0,0,0,0,0,0,0
10601111138,core,3,3,13,5,11,6,0,0,0,47,3,0,3,0,0,3,0,0,0,20,0,0,0,0,0,0,0,0,0,0,0,0,0,0,0,0,0,0,0,0,6,9,17,8,13,10,0,0,0,64,0,0,0,0,0,0,0,0,0,5,0,0,0,0,0,0,0,0,0,0,0,0,0,0,0,0,0,0,0,5,6,5,19,8,13,10,0,0,0,64,0,0,0,4,0,3,10,3,0,23,0,0,0,0,0,0,0,0,0,6,10,12,21,11,15,18,16,6,0,101,0,0,5,4,7,3,0,0,0,15,5,5,11,0,6,3,0,0,0,32,0,0,0,0,0,0,0,0,0,0,0,0,0,0,0,0,0,0,0,0,3,3,14,9,10,4,0,0,0,51,0,0,0,0,0,0,0,0,0,0,0,0,0,0,0,0,0,0,0,0,0,0,0,0,0,0,0,0,0,0
10601111139,core,0,0,0,0,0,0,0,0,0,0,0,0,0,0,0,0,0,0,0,0,0,0,0,0,0,0,0,0,0,0,0,0,0,0,0,0,0,0,0,0,0,0,0,0,0,0,0,0,0,0,0,0,0,0,0,0,0,0,0,0,0,0,0,0,0,0,0,0,0,0,0,0,0,0,0,0,0,0,0,0,0,0,0,0,0,0,0,0,0,0,0,0,0,0,0,0,0,0,0,0,0,0,0,0,0,0,0,0,0,0,0,0,0,0,0,0,0,0,0,0,0,0,0,0,0,0,0,0,0,0,0,0,0,0,0,0,0,0,0,0,0,0,0,0,0,0,0,0,0,0,0,0,0,0,0,0,0,0,0,0,0,0,0,0,0,0,0,0,0,0,0,0,0,0,0,0,0,0,0,0,0,0,0,0,0,0,0,0,0,0,0,0,0,0,0,0,0,0,0,0
10601111140,core,6,9,24,14,17,9,0,0,0,70,0,0,0,3,8,7,0,0,0,26,0,0,0,0,0,0,0,0,0,9,0,0,0,0,0,4,0,0,0,3,8,12,26,15,20,17,7,0,0,104,0,0,3,4,0,0,0,0,0,9,0,0,0,0,0,0,0,0,0,0,0,0,3,4,0,0,0,0,0,9,5,12,26,23,23,17,7,0,0,117,5,0,6,3,7,8,15,13,3,62,0,0,0,3,0,3,0,4,0,12,17,15,31,29,31,29,19,16,3,182,0,3,7,10,9,0,0,0,0,34,8,3,5,16,8,3,3,0,0,46,0,3,3,0,6,0,0,0,0,14,0,0,0,0,0,0,0,0,0,0,5,11,20,23,21,8,5,0,0,96,0,0,0,0,0,0,0,0,0,4,0,0,0,0,0,0,0,0,0,0,0,3,0,0,0,0,0,0,0,5
10601111141,core,3,5,20,19,25,14,0,0,0,77,9,3,0,0,0,5,0,0,0,14,0,0,0,3,0,0,0,0,0,3,0,0,0,0,0,0,0,0,0,0,8,6,13,23,25,18,4,0,0,92,0,0,0,0,0,0,0,0,0,0,0,0,0,0,0,0,0,0,0,0,3,0,0,0,0,0,0,0,0,5,11,6,13,21,25,18,4,0,0,101,5,3,0,4,0,4,16,5,0,40,4,0,0,0,3,0,0,0,0,14,22,10,19,26,25,24,22,5,0,152,0,0,7,4,0,7,0,0,0,26,7,0,10,18,9,9,0,0,0,51,4,0,0,0,0,0,0,0,0,9,0,0,0,0,0,0,0,0,0,0,9,3,20,23,16,18,0,0,0,82,0,0,0,0,0,0,0,0,0,0,0,0,0,0,0,0,0,0,0,0,0,0,0,0,0,0,0,0,0,0
10601111142,core,0,0,0,0,0,0,0,0,0,3,0,0,0,0,0,0,0,0,0,3,0,0,0,0,0,0,0,0,0,0,0,0,0,0,0,0,0,0,0,0,0,0,0,6,0,0,0,0,0,3,0,0,0,0,0,0,0,0,0,0,0,0,0,0,0,0,0,0,0,0,0,0,0,0,0,0,0,0,0,0,5,0,0,6,0,0,0,0,0,6,0,0,0,0,0,0,0,0,0,0,0,0,0,0,0,0,0,0,0,0,5,0,0,6,0,0,0,0,0,10,0,0,0,0,0,0,0,0,0,0,0,0,5,3,0,0,0,0,0,4,0,0,0,0,0,0,0,0,0,0,0,0,0,0,0,0,0,0,0,0,0,0,5,4,0,0,0,0,0,8,0,0,0,0,0,0,0,0,0,0,0,0,0,0,0,0,0,0,0,0,0,0,0,0,0,0,0,0,0,0
10601111143,core,0,3,8,3,3,3,0,0,0,29,0,3,3,3,0,3,0,0,0,19,0,0,0,0,0,0,0,0,0,0,0,0,0,0,0,0,0,0,0,0,3,8,15,6,3,11,0,0,0,51,0,0,0,0,0,0,0,0,0,3,4,0,0,0,0,0,0,0,0,4,4,0,0,0,0,0,0,0,0,0,7,8,15,6,3,12,0,0,0,56,0,4,0,3,8,8,7,3,0,37,0,0,0,0,0,0,0,0,0,6,7,10,13,12,14,23,7,3,0,92,0,5,3,9,6,6,0,0,0,15,0,5,4,3,0,8,3,0,0,23,0,0,0,0,0,0,0,0,0,9,0,0,0,0,0,0,0,0,0,0,0,9,9,14,9,6,0,0,0,51,0,0,0,0,0,0,0,0,0,0,0,0,0,0,0,0,0,0,0,6,0,0,0,0,0,0,0,0,0,4
10601111144,core,0,3,6,4,6,4,3,0,0,38,5,0,0,6,8,0,0,0,0,11,0,0,0,0,0,0,0,0,0,6,0,0,0,0,0,0,0,0,0,0,5,5,10,9,11,4,3,0,0,46,0,0,0,0,4,0,0,0,0,5,0,0,0,0,0,0,0,0,0,0,0,0,0,0,4,3,0,0,0,4,5,5,12,9,17,6,3,0,0,50,4,5,0,0,0,5,13,0,0,36,0,0,0,5,3,0,0,0,0,12,9,12,13,20,21,17,13,3,0,104,0,4,3,3,5,4,0,0,0,22,5,0,8,3,8,0,0,0,0,19,0,0,0,0,0,0,0,0,0,3,0,0,0,0,0,0,0,0,0,0,3,6,8,13,11,8,0,0,0,48,0,0,0,0,0,0,0,0,0,3,0,0,0,0,0,0,0,0,0,0,0,0,0,0,0,0,0,0,0,3
10601111146,core,0,0,0,0,0,0,0,0,0,0,0,0,0,0,0,0,0,0,0,0,0,0,0,0,0,0,0,0,0,0,0,0,0,0,0,0,0,0,0,0,0,0,0,0,0,0,0,0,0,0,0,0,0,0,0,0,0,0,0,0,0,0,0,0,0,0,0,0,0,0,0,0,0,0,0,0,0,0,0,0,0,0,0,0,0,0,0,0,0,0,0,0,0,0,0,0,0,0,0,0,0,0,0,0,0,0,0,0,0,0,0,0,0,0,0,0,0,0,0,0,0,0,0,0,0,0,0,0,0,0,0,0,0,0,0,0,0,0,0,0,0,0,0,0,0,0,0,0,0,0,0,0,0,0,0,0,0,0,0,0,0,0,0,0,0,0,0,0,0,0,0,0,0,0,0,0,0,0,0,0,0,0,0,0,0,0,0,0,0,0,0,0,0,0,0,0,0,0,0,0
10601111147,core,4,8,13,30,23,14,5,0,0,99,0,6,0,4,7,11,3,0,0,31,0,0,0,0,0,3,0,0,0,8,0,4,0,0,0,4,0,0,0,7,7,16,13,36,31,30,13,0,0,138,0,0,0,5,0,0,0,0,0,3,0,0,0,0,0,0,0,0,0,0,0,0,0,5,0,0,0,0,0,3,7,12,14,38,31,32,13,0,0,147,7,5,0,9,5,9,28,10,6,72,0,3,0,0,4,4,0,0,0,12,9,19,14,41,41,47,37,7,4,228,3,3,4,16,18,14,0,0,0,59,13,4,10,16,16,16,4,0,0,78,0,3,0,4,0,5,0,0,0,13,0,0,0,0,0,0,0,0,0,0,14,15,19,31,30,29,8,0,0,145,0,0,3,4,0,0,0,0,0,6,0,0,0,0,0,0,0,0,0,0,0,0,3,4,0,0,0,0,0,9
10601111148,core,5,7,26,24,11,7,0,0,0,85,7,3,0,6,5,3,0,0,0,24,0,0,0,6,0,5,0,0,0,8,0,0,0,0,0,0,0,0,0,0,7,14,34,35,16,12,3,0,0,118,0,0,0,0,0,0,0,0,0,3,0,0,0,0,0,6,0,0,0,6,0,0,0,0,0,6,0,0,0,3,7,14,36,35,20,18,3,0,0,122,9,0,3,0,0,6,14,6,0,41,3,0,8,0,0,0,0,0,0,14,15,11,42,39,23,24,14,6,0,174,0,9,16,12,9,7,0,0,0,57,6,3,14,16,6,6,3,0,0,52,3,0,5,0,0,0,0,0,0,11,0,0,0,0,0,0,0,0,0,0,10,16,40,29,17,14,0,0,0,123,0,0,0,0,0,0,0,0,0,0,0,0,0,0,0,0,0,0,0,0,0,0,0,0,0,0,0,0,0,0
10601111149,core,0,13,22,23,28,11,0,0,0,101,9,4,3,3,3,0,0,0,0,29,0,0,0,0,0,0,0,0,0,4,0,0,0,0,0,0,0,0,0,3,14,15,31,32,30,16,0,0,0,133,0,0,0,0,0,0,0,0,0,0,0,0,0,0,0,0,0,0,0,0,0,0,0,0,0,0,0,0,0,0,16,15,31,34,30,16,0,0,0,137,6,0,0,6,5,7,5,4,0,35,0,0,0,0,0,0,0,0,0,0,20,18,33,32,35,19,5,4,0,174,0,4,19,18,13,3,0,0,0,60,3,6,9,17,10,8,0,0,0,58,0,0,0,0,0,0,0,0,0,7,0,0,0,0,0,0,0,0,0,0,8,12,26,35,27,9,0,0,0,124,0,0,0,0,0,0,0,0,0,0,0,0,0,0,0,0,0,0,0,0,0,0,0,0,0,0,0,0,0,0
10601111150,core,4,14,42,21,7,5,0,0,0,89,0,0,12,8,0,6,0,0,0,24,0,0,0,0,0,0,0,0,0,4,0,0,0,0,0,0,0,0,0,5,5,14,56,27,7,9,0,0,0,119,0,0,0,0,0,0,0,0,0,0,0,0,0,0,0,0,0,0,0,0,0,0,0,0,0,0,0,0,0,0,5,8,56,27,10,9,0,0,0,117,4,0,0,0,0,0,8,3,0,16,0,0,0,0,0,0,0,0,0,4,8,11,61,34,10,7,8,3,0,144,0,4,34,14,10,0,0,0,0,64,0,3,10,3,3,3,0,0,0,32,0,3,3,0,0,0,0,0,0,10,0,0,0,0,0,0,0,0,0,0,0,11,52,26,11,3,0,0,0,102,0,0,0,0,0,0,0,0,0,0,0,0,0,0,0,0,0,0,0,0,0,0,0,0,0,0,0,0,0,0
10601111151,core,0,0,4,4,9,5,0,0,0,23,0,6,0,0,5,0,4,0,0,10,0,0,0,0,0,0,0,0,0,0,0,0,0,0,0,0,0,0,0,0,0,4,4,10,10,9,4,0,0,37,0,0,0,0,0,0,0,0,0,0,0,0,0,0,0,0,0,0,0,0,0,0,0,0,0,0,0,0,0,0,0,4,4,10,10,9,4,0,0,34,6,0,0,0,0,6,13,3,0,33,0,0,0,0,0,0,0,3,0,5,6,9,9,7,13,13,13,3,0,69,0,0,5,0,8,0,0,0,0,14,0,0,5,3,4,10,0,0,0,17,0,0,0,0,0,0,0,0,0,0,0,0,0,0,0,0,0,0,0,3,0,0,6,7,6,10,0,0,0,39,0,0,0,0,0,0,0,0,0,0,0,0,0,0,0,0,0,0,0,3,0,0,0,0,0,0,0,0,0,4
10601111152,core,3,0,46,23,13,4,0,0,0,87,0,0,4,0,4,0,0,0,0,14,0,0,3,0,0,0,0,0,0,7,0,0,0,0,0,0,0,0,0,0,5,5,52,27,12,7,3,0,0,108,0,0,0,0,0,0,0,0,0,0,0,0,0,0,0,0,0,0,0,0,0,0,0,0,0,0,0,0,0,4,7,5,52,27,12,7,3,0,0,112,0,0,7,3,3,0,6,0,0,23,0,0,0,0,0,0,0,0,0,10,12,8,56,34,15,8,7,3,0,136,0,4,26,12,4,0,0,0,0,51,0,8,23,9,3,6,0,0,0,52,0,0,4,3,0,0,0,0,0,6,0,0,0,0,0,0,0,0,0,0,0,12,57,24,13,3,6,0,0,108,0,0,0,0,0,0,0,0,0,0,0,0,0,0,0,0,0,0,0,0,0,0,0,0,0,0,0,0,0,4
10601111153,core,3,8,33,25,4,0,0,0,0,81,5,5,15,5,0,0,0,0,0,27,0,0,0,0,0,0,0,0,0,6,0,0,0,0,0,0,0,0,0,0,6,8,48,30,9,4,0,0,0,116,0,0,3,0,0,0,0,0,0,10,0,0,0,0,0,0,0,0,0,0,0,0,3,0,0,0,0,0,0,10,6,15,52,34,9,4,0,0,0,120,7,0,0,0,0,3,5,0,0,20,3,0,0,0,0,0,0,0,0,0,23,15,54,38,11,6,9,0,0,145,3,3,20,6,0,3,0,0,0,37,6,0,17,9,4,3,0,0,0,41,0,0,3,0,0,0,0,0,0,12,0,0,0,0,0,0,0,0,0,5,7,10,45,18,8,6,0,0,0,93,0,0,5,0,0,0,0,0,0,3,0,0,0,0,0,0,0,0,0,0,0,0,5,0,0,0,0,0,0,0
10601111154,core,0,11,49,31,8,5,0,0,0,108,0,0,9,3,0,4,0,0,0,14,0,0,0,4,0,0,0,0,0,4,0,0,0,0,0,0,0,0,0,4,4,11,54,39,8,9,0,0,0,125,0,0,0,0,0,0,0,0,0,0,0,0,0,0,0,0,0,0,0,0,0,3,0,0,0,0,0,0,0,4,3,16,54,39,13,9,0,0,0,130,4,0,3,3,0,3,7,0,0,14,0,0,0,0,0,6,0,0,0,9,9,17,60,40,13,14,7,0,0,155,0,11,28,24,10,9,0,0,0,67,0,10,32,11,0,0,0,0,0,55,0,0,7,0,0,0,0,0,0,4,0,0,3,0,0,0,0,0,0,3,6,15,57,30,13,12,0,0,0,133,0,0,0,0,0,0,0,0,0,0,0,0,0,0,0,0,0,0,0,4,0,0,0,0,0,0,0,0,0,0
10601111155,core,4,14,42,7,3,8,0,0,0,77,3,7,9,0,4,0,0,0,0,23,0,0,6,0,0,0,0,0,0,4,0,5,0,0,0,0,0,0,0,5,4,25,54,11,12,8,0,0,0,107,0,0,3,0,0,0,0,0,0,5,0,0,0,0,0,0,0,0,0,0,0,0,3,0,0,0,0,0,0,4,4,29,55,11,12,8,0,0,0,111,8,3,5,0,0,3,0,0,0,18,0,0,0,0,0,0,0,0,0,4,12,27,60,10,10,6,0,0,0,135,6,6,22,17,6,0,0,0,0,59,6,10,23,12,3,0,0,0,0,50,0,0,7,4,0,0,0,0,0,10,0,0,3,0,0,0,0,0,0,3,9,20,50,34,13,6,0,0,0,127,0,0,0,0,0,0,0,0,0,9,0,0,0,0,0,0,0,0,0,3,0,3,0,0,0,0,0,0,0,8
10601111156,core,0,13,37,22,8,9,0,0,0,88,5,9,8,0,0,0,0,0,0,25,0,0,4,0,0,6,0,0,0,4,0,0,0,0,0,0,0,0,0,0,5,18,51,24,8,5,3,0,0,115,0,4,0,0,0,0,0,0,0,6,0,0,0,0,0,0,0,0,0,0,0,4,3,0,0,0,0,0,0,9,5,23,54,24,8,9,3,0,0,124,3,3,3,3,6,0,9,0,0,26,0,0,6,0,5,0,0,0,0,8,6,24,59,29,14,12,9,0,0,158,0,9,29,18,9,0,0,0,0,59,7,13,24,6,7,0,0,0,0,57,0,4,4,0,0,3,0,0,0,19,0,0,0,0,0,0,0,0,0,0,13,18,56,20,16,10,0,0,0,133,0,0,5,0,0,0,0,0,0,5,0,0,0,3,0,0,0,0,0,6,0,0,5,3,0,0,0,0,0,8
10601111157,core,0,0,0,0,0,0,0,0,0,0,0,0,0,0,0,0,0,0,0,0,0,0,0,0,0,0,0,0,0,0,0,0,0,0,0,0,0,0,0,0,0,0,0,0,0,0,0,0,0,0,0,0,0,0,0,0,0,0,0,0,0,0,0,0,0,0,0,0,0,0,0,0,0,0,0,0,0,0,0,0,0,0,0,0,0,0,0,0,0,0,0,0,0,0,0,0,0,0,0,0,0,0,0,0,0,0,0,0,0,0,0,0,0,0,0,0,0,0,0,0,0,0,0,0,0,0,0,0,0,0,0,0,0,0,0,0,0,0,0,0,0,0,0,0,0,0,0,0,0,0,0,0,0,0,0,0,0,0,0,0,0,0,0,0,0,0,0,0,0,0,0,0,0,0,0,0,0,0,0,0,0,0,0,0,0,0,0,0,0,0,0,0,0,0,0,0,0,0,0,0
10601111158,core,8,7,28,35,26,16,0,0,0,115,5,5,5,3,4,9,0,0,0,32,0,0,0,5,0,0,0,0,0,11,0,0,0,0,0,0,0,0,0,0,11,10,33,36,31,26,3,0,0,158,0,0,5,0,0,0,0,0,0,9,5,0,0,0,0,0,0,0,0,5,5,0,5,0,0,0,0,0,0,8,10,14,34,36,34,26,4,0,0,170,6,5,0,0,0,12,19,3,4,51,0,0,0,0,0,3,0,0,0,9,23,18,34,42,37,45,22,4,4,230,0,9,14,16,15,8,0,0,0,60,5,5,22,19,11,9,0,0,0,72,0,0,5,0,3,0,0,0,0,11,0,0,0,0,0,0,0,0,0,0,12,15,43,33,31,17,0,0,0,145,0,0,0,0,0,0,0,0,0,0,0,0,0,0,0,0,0,0,0,0,0,0,0,4,0,0,0,0,0,7
10601111159,core,0,0,0,0,0,0,0,0,0,0,0,0,0,0,0,0,0,0,0,0,0,0,0,0,0,0,0,0,0,0,0,0,0,0,0,0,0,0,0,0,0,0,0,0,0,0,0,0,0,0,0,0,0,0,0,0,0,0,0,0,0,0,0,0,0,0,0,0,0,0,0,0,0,0,0,0,0,0,0,0,0,0,0,0,0,0,0,0,0,0,0,0,0,0,0,0,0,0,0,0,0,0,0,0,0,0,0,0,0,0,0,0,0,0,0,0,0,0,0,0,0,0,0,0,0,0,0,0,0,0,0,0,0,0,0,0,0,0,0,0,0,0,0,0,0,0,0,0,0,0,0,0,0,0,0,0,0,0,0,0,0,0,0,0,0,0,0,0,0,0,0,0,0,0,0,0,0,0,0,0,0,0,0,0,0,0,0,0,0,0,0,0,0,0,0,0,0,0,0,0
10601111201,external,0,4,25,12,14,12,0,0,0,65,7,0,5,0,6,5,0,0,0,19,0,0,3,0,0,0,0,0,0,6,0,0,0,0,7,0,0,0,0,5,10,4,30,9,22,14,4,0,0,95,0,0,0,0,0,0,0,0,0,0,0,0,0,0,0,0,0,0,0,0,0,0,0,0,0,0,0,0,0,3,7,5,34,9,22,17,4,0,0,104,0,0,0,3,0,4,15,5,0,29,0,0,0,0,4,0,0,0,0,6,13,8,34,13,24,19,20,7,0,133,0,10,16,0,5,7,0,0,0,39,0,5,9,3,12,3,4,0,0,40,0,0,0,0,0,0,0,0,0,4,0,0,0,0,0,0,0,0,0,0,0,8,25,9,15,15,0,0,0,82,0,0,0,0,0,0,0,0,0,0,0,0,0,0,0,0,0,0,0,0,0,0,0,0,0,0,0,0,0,6
10601111202,external,0,12,17,23,12,15,0,0,0,74,6,3,0,5,0,0,0,0,0,15,0,0,0,0,0,0,0,0,0,0,0,0,0,0,0,0,0,0,0,0,4,11,16,27,13,15,0,0,0,92,0,0,0,0,0,0,0,0,0,3,0,0,0,0,0,0,0,0,0,0,0,0,0,0,0,0,0,0,0,3,4,15,16,27,13,15,0,0,0,97,0,0,0,0,4,3,14,9,0,29,0,0,0,0,0,0,0,0,0,0,12,13,16,28,17,18,11,4,0,127,0,3,9,13,8,5,0,0,0,40,14,0,9,10,7,0,0,0,0,42,0,0,0,0,0,0,0,0,0,6,0,0,0,0,0,0,0,0,0,4,15,12,19,20,20,10,0,0,0,89,0,0,0,0,0,0,0,0,0,0,0,0,0,0,0,0,0,0,0,0,0,0,0,0,0,0,0,0,0,3
10601111203,external,0,14,27,32,26,22,0,0,0,116,11,3,10,3,0,4,3,0,0,39,0,0,0,0,0,0,0,0,0,0,0,0,0,0,0,0,0,0,0,0,8,13,36,31,32,28,3,0,0,157,0,3,0,0,0,0,0,0,0,6,4,0,0,0,0,0,0,0,0,3,3,4,0,0,0,0,0,0,0,12,13,22,34,31,33,28,3,0,0,165,7,0,5,0,13,9,14,14,5,62,0,0,0,0,0,0,0,0,0,4,22,21,39,33,41,34,23,14,5,228,0,13,14,13,17,15,0,0,0,63,5,0,8,14,8,9,3,0,0,49,0,0,3,0,4,0,0,0,0,10,0,0,0,0,0,0,0,0,0,0,7,12,20,27,36,22,3,0,0,127,0,0,4,0,0,0,0,0,0,5,0,0,0,0,0,0,0,0,0,6,0,0,0,0,0,0,0,0,0,8
10601111204,external,0,0,6,19,14,16,0,0,0,64,3,0,0,0,0,3,0,0,0,14,0,0,0,0,0,0,0,0,0,0,0,0,0,0,0,0,0,0,0,5,5,3,13,19,17,21,5,3,0,78,0,0,0,0,0,0,0,0,0,0,4,0,0,0,0,0,0,0,0,4,5,0,0,0,0,0,0,0,0,7,8,3,13,22,17,21,5,3,0,86,7,3,0,0,0,6,16,4,3,31,0,0,0,0,0,0,0,0,0,0,13,4,15,24,17,21,22,8,3,118,0,5,12,6,9,7,4,0,0,37,9,0,0,5,8,10,0,0,0,40,0,0,0,0,0,0,0,0,0,3,0,0,0,0,0,0,0,0,0,0,9,5,10,15,15,14,4,0,0,77,0,0,0,0,0,0,0,0,0,0,0,0,0,0,0,0,0,0,0,0,0,0,0,0,0,0,0,0,0,3
10601111205,external,0,3,15,7,7,8,0,0,0,45,7,0,0,0,4,7,0,0,0,11,0,0,0,3,0,0,0,0,0,10,0,0,5,0,0,0,0,0,0,3,4,3,25,12,13,11,0,0,0,73,0,0,0,0,0,0,0,0,0,3,0,0,0,0,0,0,0,0,0,0,0,0,0,0,0,0,0,0,0,3,6,3,21,12,14,11,0,0,0,77,0,0,0,0,3,3,9,10,0,31,0,0,0,0,0,0,0,0,0,0,10,3,21,14,18,14,15,8,0,105,0,4,11,4,13,0,0,0,0,35,0,9,3,5,3,0,3,0,0,25,0,0,3,0,0,0,0,0,0,5,0,0,0,0,0,0,0,0,0,0,0,12,17,12,11,10,3,0,0,59,0,0,0,0,0,0,0,0,0,0,0,0,0,0,0,0,0,0,0,3,0,0,0,0,0,0,0,0,0,4
10601111206,external,9,8,5,8,6,13,0,0,0,49,3,5,4,0,4,0,0,0,0,14,0,0,0,0,0,0,0,0,0,9,0,0,0,0,0,0,0,0,0,0,8,10,14,11,16,18,4,0,0,74,6,0,4,0,0,0,0,0,0,7,0,0,0,0,0,0,0,0,0,0,3,0,4,0,0,0,0,0,0,7,14,13,15,11,16,17,4,0,0,84,0,0,3,4,3,3,12,8,0,35,0,0,0,0,0,0,0,0,0,9,18,11,21,9,14,23,13,11,0,126,0,0,4,3,3,5,0,0,0,18,3,3,7,3,4,3,0,0,0,37,0,0,0,0,0,5,0,0,0,8,0,0,0,0,0,0,0,0,0,5,7,6,10,10,14,10,4,0,0,62,0,0,0,4,0,0,0,0,0,7,4,0,0,0,0,0,0,0,0,4,4,0,0,3,0,0,0,0,0,5
10601111207,external,4,3,9,14,5,10,0,0,0,37,0,0,0,5,0,0,0,0,0,6,0,0,0,0,0,0,3,0,0,6,0,0,0,0,0,0,0,0,0,0,8,3,10,17,4,7,3,0,0,55,0,0,0,0,0,0,0,0,0,6,5,0,0,0,0,0,0,0,0,4,8,0,0,0,0,0,0,0,0,7,8,4,10,17,8,7,3,0,0,60,6,0,0,3,6,8,19,4,0,45,0,0,4,4,0,0,3,0,0,12,15,5,17,25,16,20,23,4,0,119,0,0,5,0,5,3,0,0,0,15,3,4,8,0,8,10,5,0,0,30,0,0,0,0,0,0,0,0,0,0,0,0,0,0,0,0,0,0,0,0,3,5,12,9,11,9,5,0,0,43,0,0,0,0,0,0,0,0,0,0,0,0,0,0,0,0,0,0,0,3,0,0,0,0,0,0,0,0,0,0
10601111208,external,0,0,4,9,3,9,0,0,0,24,0,0,6,0,0,3,0,0,0,6,0,0,0,0,0,0,0,0,0,3,0,3,0,0,0,0,0,0,0,5,0,5,9,6,5,7,0,0,0,32,0,0,0,0,4,0,0,0,0,9,0,0,0,0,0,0,0,0,0,3,0,4,0,0,4,0,0,0,0,7,0,8,8,6,10,7,0,0,0,39,9,0,3,8,6,3,9,3,0,33,3,0,6,0,5,5,0,0,0,12,8,7,9,14,18,13,7,7,0,84,0,6,7,3,4,0,0,0,0,16,0,0,4,0,5,3,0,0,0,16,0,0,0,0,0,0,0,0,0,6,0,0,0,0,0,0,0,0,0,0,0,11,10,6,6,7,0,0,0,35,0,0,0,0,0,0,0,0,0,4,3,0,0,0,0,0,0,0,0,4,3,0,0,0,0,0,0,0,0,8
10601111209,external,3,10,25,10,21,17,4,0,0,93,7,0,4,3,0,3,0,0,0,16,0,0,0,0,0,3,0,0,0,4,0,0,0,0,0,0,0,0,0,0,6,13,27,10,24,25,7,0,0,115,0,0,0,0,0,0,0,0,0,0,0,0,0,0,0,0,0,0,0,3,0,0,0,0,0,0,0,0,0,5,6,17,30,15,22,25,7,0,0,123,6,0,0,3,5,10,19,13,11,61,0,4,3,0,0,0,4,0,0,16,20,15,31,19,31,33,26,16,11,203,0,3,13,10,14,4,4,0,0,44,6,5,8,14,14,4,0,0,0,52,0,3,4,3,0,0,0,0,0,10,0,0,0,0,0,0,0,0,0,0,6,10,19,27,30,9,0,0,0,111,0,0,0,0,0,0,0,0,0,0,0,0,0,0,0,0,0,0,0,0,0,0,0,0,0,0,0,0,0,0
10601111210,external,150,154,68,23,29,19,3,0,0,453,11,3,0,5,3,5,3,0,0,29,3,0,0,0,0,0,0,0,0,6,0,0,4,0,0,0,0,0,0,12,169,161,80,24,34,23,9,0,0,498,0,0,0,0,0,0,0,0,0,4,0,0,0,0,0,0,0,0,0,0,0,0,0,0,0,0,0,0,0,4,169,167,80,24,34,26,9,0,0,502,10,0,0,0,4,10,16,9,0,50,54,70,23,10,6,4,3,4,0,183,234,234,102,32,43,39,32,13,0,732,4,0,4,7,12,10,0,0,0,44,11,3,6,11,11,10,8,0,0,58,0,0,0,0,0,0,0,0,0,3,0,0,0,0,0,0,0,0,0,3,14,6,15,16,29,15,3,0,0,109,0,0,0,0,0,0,0,0,0,0,0,0,0,0,0,0,0,0,0,0,0,0,0,0,0,0,0,0,0,0
10601111211,external,0,5,8,8,10,13,5,0,0,41,0,0,0,0,0,0,0,0,0,3,0,0,0,0,0,0,0,0,0,0,0,0,0,0,0,0,0,0,0,0,0,3,8,8,10,13,5,0,0,46,0,0,0,0,0,0,0,0,0,0,0,0,0,0,0,0,0,0,0,0,0,0,0,0,0,0,0,0,0,0,0,3,8,11,10,13,5,0,0,50,3,0,0,0,4,4,7,4,3,20,0,0,0,0,0,3,0,0,0,9,3,4,8,6,14,16,16,9,5,75,0,9,3,0,4,0,4,0,0,24,0,0,0,4,0,6,0,0,0,10,0,0,0,0,0,0,0,0,0,4,0,0,0,0,0,0,0,0,0,0,0,8,3,7,10,7,4,0,0,34,0,0,0,0,0,0,0,0,0,0,0,0,0,0,0,0,0,0,0,0,0,0,0,0,0,0,0,0,0,0
10601111213,external,0,0,24,12,9,15,6,0,0,65,0,4,6,4,0,5,0,0,0,22,0,0,0,0,0,0,0,0,0,4,0,0,0,0,0,0,0,0,0,0,8,4,30,13,18,17,3,0,0,91,0,0,0,0,0,0,0,0,0,0,0,0,0,0,0,0,0,0,0,0,0,0,0,0,0,0,0,0,0,6,8,4,30,14,15,17,4,0,0,95,7,0,4,4,7,9,13,15,5,68,0,0,0,0,0,0,0,0,0,13,9,6,39,18,28,33,17,17,10,168,0,4,7,7,10,0,0,0,0,31,0,3,0,7,4,8,0,0,0,34,0,0,0,0,0,0,0,0,0,6,0,0,0,0,0,0,0,0,0,3,0,13,12,14,13,14,0,0,0,71,0,0,0,0,0,0,0,0,0,4,0,0,0,0,0,0,0,0,0,3,0,0,0,0,0,0,0,0,0,3
10601111214,external,0,4,33,20,21,16,0,0,0,91,3,0,8,3,0,4,5,0,0,19,0,0,0,0,0,0,0,0,0,4,0,0,0,0,0,0,0,0,0,0,0,3,42,25,21,21,5,0,0,114,0,0,0,0,0,0,0,0,0,4,0,0,0,0,0,0,0,0,0,3,3,0,0,0,0,0,0,0,0,10,4,3,42,26,24,20,5,0,0,122,3,0,5,0,3,6,12,12,3,48,0,0,6,0,0,0,0,0,0,12,10,3,42,26,28,27,22,13,7,176,0,3,22,8,15,3,0,0,0,53,4,3,14,4,21,11,0,0,0,55,0,0,4,0,0,0,0,0,0,9,0,0,0,0,0,0,0,0,0,3,4,8,41,14,33,16,0,0,0,122,0,0,0,0,0,0,0,0,0,3,0,0,0,0,0,0,0,0,0,0,0,0,0,0,0,0,0,0,0,3
10601111215,external,0,7,16,12,15,4,5,0,0,54,0,0,4,3,0,0,0,0,0,10,0,0,0,0,0,0,0,0,0,4,0,0,0,0,0,0,0,0,0,0,3,7,17,13,13,11,4,0,0,72,0,0,0,0,0,0,0,0,0,3,0,0,0,0,0,0,0,0,0,0,3,0,0,0,0,0,0,0,0,3,10,7,17,13,13,10,4,0,0,74,0,0,4,5,0,4,12,4,0,31,0,0,0,0,0,0,4,0,0,11,10,3,26,17,17,20,21,7,0,120,0,5,7,8,8,0,0,0,0,32,0,4,8,9,4,5,0,0,0,24,0,0,0,0,0,0,0,0,0,0,0,0,0,0,0,0,0,0,0,0,0,6,11,18,11,10,4,0,0,51,0,0,0,0,0,0,0,0,0,0,0,0,0,0,0,0,0,0,0,3,0,0,0,0,0,0,0,0,0,3
10601111216,external,0,5,15,9,15,11,0,0,0,54,3,3,3,0,3,0,3,0,0,16,0,0,3,0,0,0,0,0,0,3,0,0,0,0,0,0,0,0,0,0,7,11,23,13,14,10,3,0,0,78,0,0,0,0,0,0,0,0,0,0,0,0,0,0,0,0,0,0,0,4,3,0,0,0,0,0,0,0,0,7,12,11,23,14,14,10,3,0,0,83,3,0,0,6,0,5,6,8,0,31,0,0,0,0,0,0,0,0,0,5,9,11,27,16,17,19,9,8,0,123,0,0,5,8,4,3,0,0,0,25,0,3,6,4,9,5,0,0,0,27,0,0,3,0,0,0,0,0,0,4,0,0,0,0,0,0,0,0,0,0,0,8,11,10,9,5,3,0,0,56,0,0,0,0,0,0,0,0,0,0,0,0,0,0,0,0,0,0,0,0,0,0,0,0,0,0,0,0,0,4
10601111217,external,0,9,26,18,26,3,0,0,0,88,0,0,0,3,0,3,0,0,0,8,0,0,0,0,0,0,0,0,0,9,0,0,0,0,0,0,0,0,0,0,4,9,32,20,22,12,0,0,0,98,0,0,0,0,0,0,0,0,0,3,4,0,0,0,0,0,0,0,0,4,0,0,0,0,0,0,0,0,0,8,7,9,32,20,25,12,0,0,0,103,4,0,0,0,0,3,5,0,0,16,0,0,3,0,0,0,0,0,0,3,15,7,31,20,30,8,7,0,0,123,4,0,9,5,6,0,0,0,0,32,3,0,10,6,11,0,0,0,0,32,0,0,3,0,0,0,0,0,0,8,0,0,0,0,0,0,0,0,0,0,4,6,22,15,17,7,0,0,0,71,0,0,0,0,0,0,0,0,0,0,0,0,0,0,0,0,0,0,0,4,0,0,0,0,0,0,0,0,0,4
10601111218,external,0,6,11,10,21,11,0,0,0,63,8,0,6,0,0,3,0,0,0,15,0,0,0,0,0,0,0,0,0,0,0,0,0,0,0,0,0,0,0,0,4,6,16,13,22,15,0,0,0,79,0,0,0,0,0,0,0,0,0,3,0,0,0,0,0,0,0,0,0,0,0,0,0,0,0,0,0,0,0,4,8,12,16,13,22,15,0,0,0,86,0,0,0,0,0,0,15,8,3,28,0,0,0,0,0,0,0,0,0,0,8,10,16,19,22,15,18,8,3,120,3,0,8,9,8,5,0,0,0,36,0,5,10,6,5,9,0,0,0,34,0,0,3,0,3,0,0,0,0,8,0,0,0,0,0,0,0,0,0,0,5,9,17,13,19,10,0,0,0,77,0,0,0,0,0,0,0,0,0,0,0,0,0,0,0,0,0,0,0,0,0,0,0,0,5,0,0,0,0,5
10601111219,external,0,8,21,9,12,18,0,0,0,64,3,5,3,5,3,0,0,0,0,19,0,0,0,0,0,0,0,0,0,4,0,0,0,0,0,0,0,0,0,0,3,10,29,9,14,22,0,0,0,86,0,0,0,0,0,0,0,0,0,5,0,0,0,0,0,0,0,0,0,0,0,0,0,0,0,0,0,0,0,5,3,10,29,13,15,22,0,0,0,88,0,0,0,0,4,11,11,11,10,48,0,0,0,0,3,3,0,0,0,9,7,12,30,18,18,31,11,16,10,147,0,3,13,9,12,7,0,0,0,37,0,9,10,3,4,12,3,0,0,49,0,0,4,0,0,0,0,0,0,5,0,0,0,0,0,0,0,0,0,0,0,13,22,11,19,17,4,0,0,94,0,0,0,0,0,0,0,0,0,5,0,0,0,3,0,0,0,0,0,8,0,0,0,3,0,0,0,0,0,7
10601111220,external,0,0,6,4,3,6,0,0,0,31,0,0,0,0,0,0,0,0,0,7,0,0,0,0,0,0,0,0,0,4,0,0,0,0,0,0,0,0,0,0,0,3,4,7,6,7,0,0,0,33,0,0,0,0,0,0,0,0,0,0,0,0,0,0,0,3,0,0,0,3,0,0,0,0,0,3,0,0,0,3,0,3,4,7,6,11,0,0,0,36,3,0,3,0,0,0,4,3,0,13,0,0,0,3,0,0,0,0,0,6,6,3,8,8,6,12,3,3,0,51,0,0,0,0,0,7,0,0,0,15,4,0,0,3,0,4,0,0,0,18,0,0,0,0,0,0,0,0,0,0,0,0,0,0,0,0,0,0,0,0,6,0,4,7,5,13,0,0,0,33,0,0,0,0,0,0,0,0,0,0,0,0,0,0,0,0,0,0,0,0,0,0,0,0,0,0,0,0,0,0
10601111221,external,0,3,21,11,13,9,0,0,0,58,6,0,6,4,0,3,4,0,0,15,0,0,0,0,0,0,0,0,0,3,0,0,0,0,0,0,0,0,0,0,11,3,26,21,12,9,4,0,0,87,0,0,0,0,0,0,0,0,0,5,4,0,0,0,0,0,0,0,0,4,5,0,0,0,0,0,0,0,0,4,13,3,26,21,12,10,4,0,0,85,0,0,0,4,0,7,4,4,0,17,0,0,0,0,0,0,0,0,0,4,14,3,27,23,15,16,6,4,0,113,0,4,8,7,6,6,0,0,0,31,0,3,10,3,6,0,0,0,0,27,0,0,0,6,0,0,0,0,0,7,0,0,0,0,0,0,0,0,0,0,0,6,24,12,6,10,0,0,0,64,0,0,0,0,0,0,0,0,0,0,0,0,0,0,0,0,0,0,0,0,0,0,0,0,0,0,0,0,0,0
10601111222,external,3,0,14,15,5,9,0,0,0,42,3,4,8,5,3,0,0,0,0,21,0,0,0,0,0,0,0,0,0,0,0,0,0,0,0,0,0,0,0,3,4,3,22,15,9,10,3,0,0,64,0,0,0,6,0,0,0,0,0,10,0,0,0,0,0,0,0,0,0,0,4,0,0,6,0,0,0,0,0,11,5,3,22,17,10,7,3,0,0,70,9,5,6,3,6,11,7,3,0,52,3,4,6,0,0,0,0,0,0,10,22,12,32,22,17,23,12,3,0,139,0,0,4,3,4,0,0,0,0,16,6,5,7,7,5,4,0,0,0,27,4,0,0,0,0,0,0,0,0,7,0,0,0,0,0,0,0,0,0,0,7,6,14,10,6,8,0,0,0,45,0,0,0,0,0,0,0,0,0,0,0,0,4,0,0,0,0,0,0,4,0,0,6,0,5,3,0,0,0,8
10601111223,external,0,12,17,10,12,10,0,0,0,56,0,5,0,0,0,4,0,0,0,12,0,0,0,0,0,0,0,0,0,6,0,0,0,0,0,0,0,0,0,0,9,13,17,10,9,15,0,0,0,65,0,0,0,0,0,0,0,0,0,0,0,0,0,0,0,0,0,0,0,0,0,0,0,0,0,0,0,0,0,0,9,13,17,10,11,15,0,0,0,70,0,0,0,0,9,3,6,9,0,20,0,0,0,0,0,0,0,0,0,4,4,14,17,6,15,13,8,9,0,93,0,5,11,0,5,0,0,0,0,20,3,0,8,0,5,8,0,0,0,23,0,0,0,0,0,0,0,0,0,3,0,0,0,0,0,0,0,0,0,0,4,8,14,3,6,7,0,0,0,43,0,0,0,0,0,0,0,0,0,0,0,0,0,0,0,0,0,0,0,0,0,0,0,0,0,0,0,0,0,5
10601111224,external,6,5,10,27,31,11,0,0,0,96,8,6,0,0,0,4,3,0,0,23,0,0,0,0,5,3,0,0,0,9,0,0,0,0,0,0,0,0,0,0,16,12,10,27,41,18,0,0,0,123,0,0,0,0,0,0,0,0,0,0,3,0,0,0,0,0,0,0,0,3,6,0,0,0,0,0,0,0,0,6,16,12,10,27,41,18,0,0,0,122,3,5,0,0,0,3,10,3,0,25,0,0,5,0,0,4,0,0,0,6,17,19,16,27,38,21,13,6,0,158,0,6,5,16,9,5,0,0,0,36,7,4,4,11,12,4,0,0,0,46,3,0,0,3,0,3,0,0,0,12,0,0,0,0,0,0,0,0,0,0,17,7,11,29,21,14,0,0,0,92,0,0,0,0,0,0,0,0,0,0,0,0,0,0,0,0,0,0,0,0,3,0,0,0,0,0,0,0,0,0
10601111225,external,4,3,10,9,18,13,0,0,0,61,4,0,0,0,0,4,0,0,0,21,0,0,0,0,0,0,0,0,0,7,0,0,0,0,0,0,0,0,0,5,15,3,8,13,23,17,4,0,0,85,0,0,0,0,0,0,0,0,0,4,0,0,0,0,0,0,0,0,0,0,4,0,0,0,0,0,0,0,0,5,16,3,8,11,23,17,4,0,0,90,0,0,0,0,0,4,11,4,0,27,0,0,0,0,0,0,0,0,0,0,18,4,12,17,24,20,11,4,0,112,0,0,3,5,7,0,0,0,0,21,3,3,0,12,9,8,0,0,0,36,4,0,0,0,0,0,0,0,0,4,0,0,0,0,0,0,0,0,0,0,8,4,8,17,18,5,0,0,0,67,0,0,0,0,0,0,0,0,0,0,0,0,0,0,0,0,0,0,0,3,0,0,0,0,0,0,0,0,0,0
10601111226,external,9,3,15,21,21,16,4,0,0,84,5,6,0,0,5,0,0,0,0,11,0,0,0,0,0,0,0,0,0,0,0,0,0,0,0,0,0,0,0,0,8,4,12,28,22,19,3,0,0,93,0,0,0,0,0,0,0,0,0,0,0,0,0,0,0,0,0,0,0,0,0,0,0,0,0,0,0,0,0,0,8,4,12,28,22,19,3,0,0,93,6,0,0,5,0,7,6,4,0,23,0,0,0,0,0,0,0,0,0,0,13,4,12,25,25,22,15,4,0,119,0,0,6,6,12,5,0,0,0,36,14,0,3,11,8,11,0,0,0,42,0,0,0,3,0,0,0,0,0,9,0,0,0,0,0,0,0,0,0,0,13,9,9,23,21,15,4,0,0,82,0,0,0,0,0,0,0,0,0,0,0,0,0,0,0,0,0,0,0,0,0,0,0,0,0,0,0,0,0,0
10601111227,external,0,8,36,26,15,12,0,0,0,103,7,0,0,0,0,0,3,0,0,8,0,0,0,0,0,0,0,0,0,8,0,3,0,0,0,0,0,0,0,4,10,11,39,29,15,16,4,0,0,119,3,0,0,0,0,0,0,0,0,3,6,0,0,0,0,0,0,0,0,6,3,0,0,0,0,0,0,0,0,9,16,11,37,29,15,14,4,0,0,129,0,0,0,0,0,4,14,6,0,36,4,0,6,0,0,5,0,0,0,17,17,11,46,35,20,18,22,6,0,172,0,9,15,11,11,8,0,0,0,50,7,5,6,8,5,8,0,0,0,39,0,0,3,0,0,0,0,0,0,6,0,0,0,0,0,0,0,0,0,0,8,13,25,24,19,15,0,0,0,98,0,0,0,0,0,0,0,0,0,0,0,0,3,0,0,0,0,0,0,7,0,0,0,0,0,0,0,0,0,11
10601111228,external,0,11,19,11,14,10,0,0,0,76,3,3,0,0,0,0,0,0,0,13,0,0,0,0,0,0,0,0,0,4,0,0,0,0,0,0,0,0,0,0,7,12,20,11,19,12,6,0,0,91,0,0,0,0,0,0,0,0,0,0,0,0,0,0,0,0,0,0,0,0,0,0,0,0,0,0,0,0,0,3,10,12,20,11,20,12,6,0,0,90,0,0,4,0,0,0,9,4,0,29,0,0,0,0,0,0,0,0,0,0,10,12,27,10,19,15,10,12,0,118,0,0,15,9,9,0,0,0,0,36,5,5,5,4,4,0,0,0,0,29,0,0,0,0,0,0,0,0,0,0,0,0,0,0,0,0,0,0,0,0,5,3,21,14,20,5,0,0,0,67,0,0,0,0,0,0,0,0,0,0,0,0,0,0,0,0,0,0,0,0,3,0,0,0,0,0,0,0,0,4
10601111229,external,0,3,14,8,16,10,3,0,0,50,4,0,0,0,0,3,0,0,0,14,0,0,0,0,0,0,0,0,0,0,0,0,0,0,0,0,0,0,0,0,4,8,15,14,12,11,4,0,0,71,0,0,0,0,0,0,0,0,0,0,0,0,0,0,0,0,0,0,0,0,0,0,0,0,0,0,0,0,0,0,4,5,17,14,12,11,4,0,0,72,0,3,0,0,0,7,9,14,0,36,0,0,0,0,0,3,6,0,0,5,4,12,16,15,17,20,13,11,0,114,0,0,8,3,3,7,0,0,0,22,3,7,3,7,7,3,0,0,0,35,0,0,0,0,0,0,0,0,0,6,0,0,0,0,0,0,0,0,0,0,3,4,16,12,16,9,0,0,0,61,0,0,0,0,0,0,0,0,0,0,0,0,0,0,0,0,0,0,0,0,0,0,0,0,0,0,0,0,0,5
10601111230,external,0,8,19,7,14,13,0,0,0,56,0,0,3,3,3,0,5,0,0,19,0,0,0,0,3,0,0,0,0,7,0,0,0,4,0,0,0,0,0,3,0,6,22,17,24,16,3,4,0,88,0,0,0,0,0,0,0,0,0,6,0,0,0,0,0,0,0,0,0,0,0,0,0,0,0,0,0,0,0,6,6,6,24,16,24,16,3,4,0,96,5,3,7,5,6,14,5,8,4,61,3,4,9,3,0,4,0,0,0,28,17,15,36,25,35,33,11,9,4,182,0,0,8,5,5,4,0,0,0,26,6,5,14,3,12,0,0,0,0,41,0,0,0,0,0,0,0,0,0,4,0,0,0,0,0,0,0,0,0,4,5,9,21,17,14,8,5,0,0,73,3,0,0,0,0,0,0,0,0,10,0,0,0,0,0,0,0,0,0,9,4,0,0,0,4,0,0,0,0,11
10601111231,external,13,5,17,24,38,21,6,0,0,116,6,0,4,0,0,4,4,0,0,13,0,0,5,0,3,0,0,0,0,11,0,0,0,0,0,0,0,0,0,0,13,7,17,27,42,21,10,0,0,140,0,0,0,0,0,0,0,0,0,0,0,0,0,0,0,0,0,0,0,3,0,0,0,0,0,0,0,0,0,3,13,7,17,27,42,27,11,0,0,139,3,0,0,0,0,10,15,5,0,44,0,0,0,0,4,3,0,0,0,10,15,13,25,27,48,33,31,5,0,197,4,0,9,12,22,7,6,0,0,52,3,3,6,7,14,10,0,0,0,40,0,0,4,3,0,0,0,0,0,15,0,0,0,3,0,0,0,0,0,3,5,6,10,21,36,17,0,0,0,109,0,0,0,0,0,0,0,0,0,4,0,0,0,0,0,0,0,0,0,0,0,0,0,0,0,0,0,0,0,5
10601111232,external,3,3,12,13,12,7,0,0,0,54,0,0,3,3,8,0,0,0,0,15,0,0,0,0,0,0,0,0,0,3,0,0,0,0,0,0,0,0,0,0,3,12,12,22,19,9,0,0,0,76,0,0,0,0,0,0,0,0,0,0,0,0,0,0,0,0,0,0,0,0,0,0,0,0,0,0,0,0,0,0,3,7,12,22,19,9,0,0,0,76,5,0,6,0,0,9,15,9,11,48,0,0,0,5,0,0,0,0,0,9,5,11,14,25,23,16,16,7,11,133,0,6,8,9,5,7,0,0,0,31,9,0,3,7,3,9,0,0,0,31,0,0,0,0,0,0,0,0,0,3,0,0,0,0,0,0,0,0,0,0,8,9,12,14,13,7,0,0,0,64,0,0,0,0,0,0,0,0,0,0,0,0,0,0,0,0,0,0,0,0,0,0,0,0,0,0,0,0,0,0
10601111233,external,5,9,28,14,22,19,3,0,0,98,4,3,4,5,4,0,0,0,0,19,0,0,0,0,3,4,0,0,0,9,0,0,4,0,0,0,0,0,0,3,3,14,33,18,27,26,8,0,0,126,0,4,0,0,0,0,0,0,0,3,0,0,0,0,0,0,0,0,0,0,0,4,0,0,0,0,0,0,0,7,6,15,30,23,27,26,5,0,0,130,4,0,8,4,3,12,18,5,3,58,0,0,0,0,0,3,0,0,0,18,10,15,37,25,33,39,23,8,7,208,0,9,16,6,15,7,0,0,0,54,0,11,13,6,10,6,0,0,0,47,0,3,4,0,0,0,0,0,0,11,0,0,0,0,0,0,0,0,0,3,4,18,33,20,26,16,0,0,0,115,0,0,0,0,0,0,0,0,0,3,3,0,0,0,0,0,0,0,0,5,3,0,0,0,0,4,0,0,0,8
10601111234,external,0,10,23,15,7,18,0,0,0,73,0,0,0,0,4,3,0,0,0,9,0,0,0,0,0,0,0,0,0,0,0,0,6,0,0,0,0,0,0,3,0,10,26,14,11,22,0,0,0,89,0,0,0,0,0,0,0,0,0,4,0,0,0,0,0,0,0,0,0,0,0,0,0,0,0,0,0,0,0,4,5,10,29,16,11,22,0,0,0,91,4,0,0,3,3,8,3,0,0,30,0,0,0,0,0,0,0,0,0,5,9,15,29,20,15,29,6,0,0,125,0,7,5,6,8,3,0,0,0,28,0,6,5,6,9,6,0,0,0,31,0,0,3,0,0,0,0,0,0,4,0,0,3,0,0,0,0,0,0,7,5,12,10,12,15,11,0,0,0,66,0,0,0,0,0,0,0,0,0,0,0,0,0,0,0,0,0,0,0,0,0,0,0,0,0,0,0,0,0,0
10601111235,external,6,8,30,14,23,13,0,0,0,100,4,4,0,0,0,0,0,0,0,11,0,0,3,0,0,6,0,0,0,6,0,0,0,0,0,0,0,0,0,0,9,17,32,20,23,19,0,0,0,114,0,0,0,0,0,0,0,0,0,5,6,0,0,0,0,0,0,0,0,5,3,0,0,0,0,3,0,0,0,7,13,17,34,15,25,19,0,0,0,127,3,0,6,0,0,5,15,4,3,42,0,0,0,0,0,3,0,0,0,11,14,14,41,19,32,30,13,7,3,172,0,4,7,6,11,7,0,0,0,42,0,0,16,15,4,4,0,0,0,47,0,4,6,3,0,0,0,0,0,14,0,0,0,0,0,0,0,0,0,0,0,7,29,22,18,16,0,0,0,97,0,0,0,0,0,0,0,0,0,3,0,0,0,0,0,0,0,0,0,3,3,0,0,0,0,0,0,0,0,8
10601111237,external,6,6,23,23,23,3,0,0,0,79,0,0,5,5,0,0,0,0,0,10,0,0,0,0,0,0,0,0,0,0,0,0,0,0,0,0,0,0,0,3,3,8,28,25,28,7,0,0,0,97,0,0,0,0,0,0,0,0,0,0,0,0,0,0,0,0,0,0,0,0,0,0,0,0,0,0,0,0,0,5,3,8,28,28,28,7,0,0,0,97,0,0,3,0,0,0,8,0,4,16,0,0,0,3,0,0,5,0,0,14,6,12,34,27,28,7,9,0,4,128,0,4,8,6,5,7,0,0,0,32,12,3,6,15,11,3,0,0,0,42,0,5,0,3,4,0,0,0,0,13,0,0,0,0,0,0,0,0,0,0,9,6,17,27,15,10,0,0,0,89,0,0,0,0,0,0,0,0,0,0,0,0,0,0,0,0,0,0,0,3,0,0,0,0,0,0,0,0,0,3
10601111238,external,0,4,21,14,11,8,0,0,0,65,0,4,0,7,0,0,0,0,0,11,0,0,0,0,0,0,0,0,0,0,0,0,0,0,0,0,0,0,0,0,0,11,23,19,20,8,0,0,0,83,0,0,0,0,0,0,0,0,0,0,0,0,0,0,0,0,0,0,0,0,0,0,0,0,0,0,0,0,0,0,5,11,23,19,20,8,0,0,0,79,0,0,4,0,5,4,10,0,0,21,0,0,5,0,0,0,0,0,0,5,7,11,30,20,20,15,10,0,0,103,0,3,9,9,5,0,0,0,0,29,6,3,12,9,5,7,0,0,0,39,0,0,3,0,0,0,0,0,0,3,0,0,3,0,0,0,0,0,0,0,3,5,24,13,11,9,0,0,0,74,0,0,0,0,0,0,0,0,0,0,0,0,0,0,0,0,0,0,0,0,0,0,0,0,0,0,0,0,0,0
10601111240,external,0,0,19,17,11,6,5,0,0,55,0,0,0,5,4,3,0,0,0,9,0,0,0,0,0,0,0,0,0,0,0,0,0,0,0,0,0,0,0,0,3,0,19,14,9,7,5,0,0,67,0,0,0,6,0,0,0,0,0,0,0,0,0,0,0,0,0,0,0,0,0,0,0,6,0,0,0,0,0,0,3,0,21,19,9,7,5,0,0,69,5,0,0,0,0,3,6,12,10,50,0,0,7,0,0,0,0,0,3,9,7,3,24,17,10,12,11,20,12,125,3,0,13,5,7,0,0,0,0,31,0,3,7,6,0,0,4,0,0,25,0,0,0,0,0,0,0,0,0,4,0,0,0,0,0,0,0,0,0,0,5,3,23,11,11,3,0,0,0,61,0,0,0,0,0,0,0,0,0,0,0,0,0,0,0,0,0,0,0,0,0,0,0,0,0,0,0,0,0,0
10601111241,external,0,5,3,9,4,10,0,0,0,28,4,0,0,0,0,0,0,0,0,12,0,0,0,0,0,0,0,0,0,0,0,0,0,0,0,0,0,0,0,0,4,5,3,10,6,12,0,0,0,38,0,0,0,0,3,0,0,0,0,6,0,0,0,0,0,0,0,0,0,0,3,0,0,0,3,0,0,0,0,7,3,9,3,13,9,10,0,0,0,53,5,0,4,3,0,6,7,6,0,29,0,0,0,0,4,0,0,3,0,7,9,5,9,15,17,18,10,8,0,86,0,4,0,6,0,0,0,0,0,10,0,3,0,0,3,3,0,0,0,11,0,0,0,0,0,0,0,0,0,0,0,0,0,0,0,0,0,0,0,0,0,3,3,11,3,3,0,0,0,29,0,0,0,0,0,0,0,0,0,0,0,0,0,0,0,0,0,0,0,5,0,0,0,3,0,3,0,0,0,5
10601111242,external,0,11,23,12,25,13,4,0,0,92,7,9,0,7,3,0,4,0,0,32,0,0,0,0,3,3,0,0,0,8,0,0,0,0,0,0,0,0,0,6,9,19,29,20,33,16,9,0,0,132,0,0,0,0,0,0,0,0,0,3,0,0,0,0,0,0,0,0,0,0,0,0,0,0,0,0,0,0,0,3,9,21,29,20,31,15,9,0,0,138,3,0,0,0,3,6,11,0,9,37,0,0,4,0,0,0,0,0,0,3,9,24,34,20,39,20,20,0,9,185,0,3,4,12,10,11,0,0,0,48,13,4,5,9,9,0,0,0,0,46,0,0,0,4,0,0,0,0,0,3,0,0,0,0,0,0,0,0,0,0,9,9,18,27,19,15,0,0,0,99,0,0,0,0,0,0,0,0,0,0,5,0,0,0,0,0,0,0,0,5,5,0,0,0,0,0,0,0,0,5
10601111244,external,4,6,28,20,21,4,0,0,0,83,4,0,0,0,0,5,0,0,0,14,0,6,0,0,0,0,0,0,0,4,0,0,0,0,0,0,0,0,0,0,4,8,29,18,23,12,0,0,0,104,0,0,3,0,0,0,0,0,0,3,0,0,0,0,0,0,0,0,0,0,0,0,3,0,0,0,0,0,0,6,4,8,35,18,23,12,6,0,0,102,8,0,0,0,0,7,8,6,0,36,0,0,0,0,0,0,0,0,0,0,11,8,35,25,25,18,6,6,0,139,0,3,14,17,8,4,0,0,0,49,4,5,11,13,11,3,5,0,0,48,3,0,0,0,0,0,0,0,0,3,0,0,3,0,0,0,0,0,0,0,11,10,27,27,17,8,5,0,0,106,0,4,0,0,0,0,0,0,0,4,0,0,0,0,0,0,0,0,0,0,0,3,0,0,0,0,0,0,0,4
10601111245,external,0,10,14,16,18,9,0,0,0,69,3,0,0,0,0,0,0,0,0,9,0,0,0,0,0,0,0,0,0,0,0,0,0,0,0,0,0,0,0,0,4,7,21,16,18,9,0,0,0,77,0,0,0,0,0,0,0,0,0,0,0,0,0,0,0,0,0,0,0,0,0,0,0,0,0,0,0,0,0,0,4,7,21,16,18,9,0,0,0,77,4,0,0,0,0,3,4,0,0,12,0,0,0,0,0,0,0,0,0,0,11,7,15,18,22,8,3,0,0,90,0,0,11,4,4,0,0,0,0,28,8,0,0,12,5,0,0,0,0,31,0,0,0,0,0,0,0,0,0,0,0,0,0,0,0,0,0,0,0,0,6,5,12,21,12,8,0,0,0,62,0,0,0,0,0,0,0,0,0,0,0,0,0,0,0,0,0,0,0,0,0,0,0,0,0,0,0,0,0,0
10601111246,external,6,6,19,24,14,6,0,0,0,74,4,0,0,0,0,0,0,0,0,10,0,0,0,0,0,0,0,0,0,0,0,0,0,0,0,0,0,0,0,0,3,11,21,27,13,13,0,0,0,87,0,0,0,0,0,0,0,0,0,0,0,0,0,0,0,0,0,0,0,3,0,0,0,0,0,0,0,0,0,3,6,11,22,27,13,13,0,0,0,90,4,0,0,0,3,0,4,4,0,21,0,0,0,3,0,0,0,0,0,7,8,11,27,35,20,13,5,4,0,121,0,11,14,6,9,10,0,0,0,50,6,9,10,11,11,5,0,0,0,44,0,0,0,0,0,0,0,0,0,4,0,0,0,0,0,0,0,0,0,0,12,13,27,17,17,14,4,0,0,97,0,0,0,0,0,0,0,0,0,0,0,0,0,0,0,0,0,0,0,5,0,0,0,0,0,0,0,0,0,5
10601111247,external,0,8,16,19,16,14,0,0,0,77,4,0,4,4,0,0,0,0,0,13,0,0,0,0,0,0,0,0,0,0,0,0,0,0,0,0,0,0,0,0,8,7,17,28,16,16,0,0,0,93,0,0,3,0,0,0,0,0,0,5,0,0,0,0,0,0,0,0,0,0,5,0,3,0,0,0,0,0,0,6,15,14,23,28,16,13,0,0,0,99,4,0,0,0,0,3,15,3,0,34,0,0,0,3,0,0,0,0,0,5,18,15,21,24,16,17,13,3,0,136,5,4,14,4,12,3,0,0,0,42,8,0,4,11,6,11,0,0,0,38,0,0,5,0,0,0,0,0,0,3,0,0,0,0,0,0,0,0,0,0,10,9,24,18,13,10,0,0,0,82,0,0,0,0,0,0,0,0,0,0,0,0,0,0,0,0,0,0,0,0,0,0,0,0,0,0,0,0,0,0
10601111248,external,8,12,28,25,23,8,0,0,0,104,5,0,4,0,0,5,0,0,0,12,0,0,5,0,0,0,0,0,0,7,0,0,0,0,0,0,0,0,0,0,9,12,28,26,23,13,3,0,0,123,0,0,0,0,0,0,0,0,0,9,0,0,0,0,0,0,0,0,0,0,0,0,0,0,0,0,0,0,0,4,13,14,32,33,23,13,3,0,0,134,3,0,0,0,0,5,6,4,0,23,0,0,0,0,0,0,0,0,0,3,16,12,32,33,26,21,8,4,0,153,0,7,15,15,10,4,0,0,0,49,9,5,3,16,8,0,0,0,0,41,0,0,0,4,0,0,0,0,0,5,0,0,0,0,0,0,0,0,0,0,12,10,21,29,22,6,0,0,0,95,0,0,0,0,0,0,0,0,0,3,0,0,0,0,0,0,0,0,0,0,4,0,0,0,0,0,0,0,0,6
10601111249,external,0,5,17,18,11,7,8,0,0,64,6,3,0,0,0,0,0,0,0,10,0,0,0,0,0,0,0,0,0,3,0,0,0,0,0,0,0,0,0,4,6,6,20,18,12,7,8,0,0,79,0,0,0,0,0,0,0,0,0,0,0,0,0,0,0,0,0,0,0,0,0,0,0,0,0,0,0,0,0,0,6,5,20,18,12,7,8,0,0,76,0,0,6,0,0,3,14,0,0,26,0,0,0,0,0,0,0,0,0,3,11,9,19,19,17,15,16,3,0,106,0,4,11,0,6,0,0,0,0,25,3,0,7,13,3,7,0,0,0,35,0,0,0,0,0,0,0,0,0,7,0,0,0,0,0,0,0,0,0,0,4,0,15,17,14,13,5,0,0,64,0,0,0,0,0,0,0,0,0,0,0,0,0,0,0,0,0,0,0,0,0,0,0,0,0,0,0,0,0,0
10601111250,external,0,7,33,26,24,9,7,0,0,114,11,0,0,3,5,0,0,0,0,28,0,0,0,0,0,0,0,0,0,9,0,0,0,0,0,0,0,0,0,0,10,18,40,36,28,11,10,0,0,148,0,0,0,0,0,0,0,0,0,0,0,0,0,0,0,0,0,0,0,0,0,0,0,0,0,0,0,0,0,0,15,18,40,36,28,11,10,0,0,151,8,4,4,0,0,9,15,3,4,39,0,0,8,0,0,0,0,0,0,7,17,18,50,34,29,25,20,3,4,201,0,7,18,7,15,10,0,0,0,51,10,6,14,22,11,4,0,0,0,62,0,0,0,0,0,0,0,0,0,6,0,0,0,0,0,0,0,0,0,0,10,11,35,29,27,8,0,0,0,119,0,0,0,0,0,0,0,0,0,0,0,0,0,0,0,0,0,0,0,0,0,0,0,0,0,0,0,0,0,0
10601111251,external,6,3,45,32,20,8,0,0,0,111,8,8,4,4,4,0,0,0,0,18,0,0,0,4,0,0,0,0,0,8,0,0,6,0,0,0,0,0,0,6,14,8,55,34,25,11,6,0,0,142,0,0,0,0,0,0,0,0,0,0,0,0,0,0,0,0,0,0,0,0,0,0,0,0,0,0,0,0,0,6,12,8,55,34,31,11,6,0,0,146,6,0,0,0,0,0,5,0,0,19,0,0,0,0,0,0,0,0,0,4,14,8,52,36,30,11,6,0,0,170,0,6,20,16,11,3,0,0,0,61,3,0,16,18,14,5,0,0,0,61,0,0,5,3,0,0,0,0,0,9,0,0,0,0,0,0,0,0,0,0,5,6,40,37,28,9,6,0,0,128,0,0,0,0,0,0,0,0,0,0,0,0,0,0,0,0,0,0,0,5,0,0,0,0,0,0,0,0,0,0
10601111301,external,0,4,6,11,10,7,0,0,0,39,0,0,0,3,4,3,0,0,0,8,0,0,0,0,0,3,0,0,0,4,0,0,0,0,0,0,0,0,0,7,0,3,7,14,17,8,0,0,0,59,0,0,0,0,0,0,0,0,0,0,0,0,0,0,0,0,0,0,0,5,0,0,0,0,0,0,0,0,0,4,0,3,4,14,17,10,0,0,0,60,0,0,0,0,3,6,11,7,0,31,0,0,0,0,4,0,0,0,0,8,4,11,11,17,25,16,18,7,0,98,0,0,5,6,3,0,0,0,0,10,0,0,0,6,3,0,0,0,0,12,0,0,3,5,0,5,0,0,0,14,0,0,0,0,0,0,0,0,0,0,0,4,7,15,11,6,0,0,0,41,0,0,0,0,0,0,0,0,0,0,0,0,0,0,0,0,0,0,0,0,0,0,0,0,0,0,0,0,0,0
10601111302,external,0,6,10,24,15,13,9,0,0,73,0,0,0,6,5,8,9,3,0,25,0,0,5,0,0,0,3,0,0,10,0,0,0,0,0,0,0,0,0,7,6,6,16,23,19,25,16,3,0,103,0,0,0,0,0,0,0,0,0,0,0,0,0,0,0,0,0,0,0,0,0,0,0,0,0,0,0,0,0,0,6,6,16,23,19,25,16,3,0,104,5,3,3,3,3,16,15,9,0,54,0,0,3,0,0,5,3,4,0,18,7,5,25,29,26,38,32,15,0,176,3,4,3,12,13,3,0,0,0,35,3,0,3,6,8,7,4,0,0,37,3,0,0,0,0,5,0,0,0,16,0,0,0,0,0,0,0,0,0,4,10,5,7,20,22,14,8,0,0,87,0,0,0,0,0,0,0,0,0,0,0,0,0,0,0,0,0,0,0,0,0,0,0,0,0,0,0,0,0,0
10601111303,external,0,5,12,10,9,9,0,0,0,49,6,0,0,0,0,9,3,0,0,15,0,0,0,0,0,0,0,0,0,0,0,0,0,0,0,0,0,0,0,0,4,5,15,7,11,14,5,0,0,65,0,0,0,0,0,0,0,0,0,0,0,0,0,0,0,0,0,0,0,0,0,0,0,0,0,0,0,0,0,0,4,5,16,9,11,14,5,0,0,64,0,0,0,0,3,0,0,6,0,15,0,0,0,5,6,3,0,0,0,13,10,10,16,18,17,19,8,7,0,97,0,6,5,3,8,7,0,0,0,24,3,3,6,9,4,0,0,0,0,20,0,0,0,0,0,0,0,0,0,0,0,0,0,0,0,0,0,0,0,0,4,8,11,11,10,9,0,0,0,43,0,0,0,0,0,0,0,0,0,0,0,0,0,0,0,0,0,0,0,0,0,0,0,0,0,0,0,0,0,0
10601111304,external,0,4,7,9,17,9,3,0,0,47,3,0,0,5,3,13,4,0,0,24,0,0,0,0,0,0,0,0,0,9,0,0,0,0,0,0,0,0,0,0,0,0,5,16,26,23,12,5,0,87,0,0,0,0,0,0,0,0,0,0,0,0,0,0,0,0,0,0,0,0,0,0,0,0,0,0,0,0,0,0,0,0,5,16,26,23,12,5,0,87,0,0,10,3,7,10,17,11,0,66,3,0,0,5,11,0,3,0,0,24,12,6,18,25,36,33,28,12,4,175,0,0,3,4,12,3,0,0,0,21,0,0,4,7,8,8,3,0,0,28,0,0,0,0,5,0,0,0,0,16,0,0,0,0,0,0,0,0,0,0,4,0,9,9,17,15,3,0,0,67,0,0,0,0,3,0,0,0,0,3,0,0,0,0,0,0,0,0,0,3,0,0,0,0,3,0,0,0,0,8
10601111305,external,3,3,19,20,21,12,0,0,0,74,0,0,0,0,0,0,5,0,0,14,0,0,3,0,0,0,0,0,0,6,0,0,0,0,0,0,0,0,0,4,6,5,23,22,21,16,11,0,0,96,0,0,0,0,0,0,0,0,0,3,0,0,0,0,0,0,0,0,0,0,0,0,0,0,0,0,0,0,0,4,5,8,23,22,27,14,11,0,0,100,9,0,4,0,3,8,6,6,0,39,0,0,0,3,4,0,0,0,0,18,12,10,27,21,31,29,21,13,0,158,0,0,5,8,8,6,0,0,0,28,3,8,7,5,9,0,4,0,0,44,0,0,9,5,0,0,0,0,0,7,0,0,0,4,0,0,0,0,0,0,7,6,16,21,19,10,3,0,0,87,0,0,0,0,0,0,0,0,0,0,3,4,0,0,0,0,0,0,0,10,4,6,0,0,0,0,0,0,0,8
10601111306,external,0,0,12,19,9,17,3,0,0,67,0,0,0,0,0,0,0,0,0,8,0,0,0,0,0,0,0,0,0,0,0,0,0,0,3,0,0,0,0,6,3,4,20,16,12,22,3,0,0,79,0,0,0,0,0,0,0,0,0,4,0,0,0,0,0,0,0,0,0,0,0,0,0,0,0,0,0,0,0,0,3,4,20,16,12,22,3,0,0,82,0,0,0,0,0,4,11,6,0,35,0,0,3,0,0,4,4,0,0,14,4,0,22,17,19,28,16,11,0,127,4,0,7,3,7,9,0,0,0,39,3,5,9,5,8,4,0,0,0,37,0,0,5,0,0,0,0,0,0,6,0,0,0,0,0,0,0,0,0,3,3,6,23,13,15,18,4,0,0,87,0,0,0,0,0,0,0,0,0,3,0,0,0,0,0,0,0,0,0,0,0,0,0,4,0,0,0,0,0,5
10601111307,external,0,0,4,7,8,4,0,0,0,36,0,0,0,0,0,0,0,0,0,4,0,0,0,0,0,0,0,0,0,3,0,0,0,0,0,0,0,0,0,0,0,0,6,7,13,8,3,0,0,40,0,0,0,0,0,0,0,0,0,0,0,0,0,0,0,0,0,0,0,0,0,0,0,0,0,0,0,0,0,0,0,0,6,7,13,8,3,0,0,38,0,0,0,0,0,3,6,0,0,11,0,0,6,0,0,0,0,0,0,3,3,6,12,9,10,15,8,0,0,59,0,7,5,4,7,0,0,0,0,18,3,3,6,5,0,3,0,0,0,18,0,0,0,0,0,0,0,0,0,5,0,0,0,3,0,0,0,0,0,0,3,4,18,6,7,3,0,0,0,48,0,0,0,0,0,0,0,0,0,0,0,0,0,0,0,0,0,0,0,0,0,0,0,0,0,0,0,0,0,0
10601111308,external,0,0,6,8,3,6,0,0,0,31,0,0,0,4,0,0,0,0,0,4,0,0,0,0,0,0,0,0,0,0,0,0,0,0,0,0,0,0,0,0,0,0,8,12,3,6,0,0,0,34,0,0,0,0,0,0,0,0,0,0,0,0,0,0,0,0,0,0,0,0,0,0,0,0,0,0,0,0,0,0,0,0,10,12,3,6,0,0,0,36,8,0,0,0,0,10,0,3,0,27,0,0,0,0,3,3,0,0,0,9,9,3,10,10,8,19,7,6,0,71,0,0,4,3,0,4,0,0,0,11,0,0,0,4,7,4,0,0,0,18,0,0,0,0,0,0,0,0,0,0,0,0,0,0,0,0,0,0,0,4,4,0,9,5,8,8,0,0,0,35,0,0,0,0,0,0,0,0,0,0,0,0,0,0,0,0,0,0,0,0,0,0,0,0,0,0,0,0,0,0
10601111309,external,5,7,13,23,30,28,5,6,0,117,6,0,5,0,0,3,3,0,0,22,0,0,0,3,3,0,0,0,0,9,0,0,0,4,5,0,0,0,0,9,8,7,21,32,33,34,11,3,0,157,0,0,0,0,0,0,0,0,0,0,0,0,0,0,0,0,0,0,0,0,0,0,0,0,0,0,0,0,0,0,8,7,21,32,33,34,11,3,0,160,3,3,0,0,4,8,12,8,0,48,0,0,5,3,4,3,0,3,0,12,13,15,24,35,43,50,20,17,4,215,3,0,7,14,14,9,3,0,0,53,0,4,3,13,14,4,4,0,0,49,0,0,0,0,3,0,0,0,0,10,0,0,0,0,0,0,0,0,0,6,8,3,12,29,33,18,13,0,0,110,0,0,0,0,0,0,0,0,0,0,0,0,0,0,0,0,0,0,0,3,4,0,0,0,0,0,0,0,0,3
10601111310,external,3,0,9,9,12,13,4,0,0,40,3,0,0,0,0,0,0,0,0,8,0,0,0,0,0,0,0,0,0,0,0,0,0,0,0,0,0,0,0,0,5,0,5,9,12,11,5,0,0,49,0,0,0,0,0,0,0,0,0,0,0,0,0,0,0,0,0,0,0,0,0,0,0,0,0,0,0,0,0,0,5,0,5,9,12,11,5,0,0,50,3,0,0,0,6,8,13,0,0,31,0,0,0,0,0,0,0,0,0,6,7,3,5,11,15,25,19,0,0,90,4,0,5,5,11,6,0,0,0,29,4,0,0,0,9,9,0,0,0,19,0,0,0,0,0,0,0,0,0,5,0,0,3,0,0,0,0,0,0,3,5,0,8,3,17,11,0,0,0,51,0,0,0,0,0,0,0,0,0,0,0,0,0,0,0,0,0,0,0,0,0,0,0,0,0,0,0,0,0,0
10601111311,external,0,9,12,13,21,17,4,5,0,74,9,4,3,0,0,4,0,6,0,23,0,0,0,0,0,5,0,0,0,3,0,0,0,0,0,0,0,0,0,5,11,6,11,13,23,23,7,4,0,106,0,0,0,0,0,0,0,0,0,0,0,0,0,0,0,0,0,0,0,0,0,0,0,0,0,0,0,0,0,3,11,6,12,18,25,23,7,4,0,108,0,5,4,0,0,10,14,7,0,45,0,0,0,0,0,0,0,0,0,4,7,14,14,16,30,36,26,13,0,164,0,0,5,4,12,10,4,0,0,38,8,0,4,8,9,4,0,3,0,39,3,0,0,0,0,3,0,0,0,11,0,0,0,0,0,0,0,0,0,0,11,5,8,13,20,18,3,5,0,93,0,0,0,0,0,0,0,0,0,0,0,0,0,0,0,0,0,0,0,0,0,0,0,0,0,0,0,0,0,0
10601111312,external,5,10,20,35,25,25,7,0,0,125,4,0,0,0,0,5,0,6,0,23,0,0,5,6,0,4,0,0,0,4,0,0,0,0,3,0,0,0,0,3,11,7,21,40,31,31,7,3,0,159,0,0,0,4,0,0,0,0,0,4,0,0,0,0,0,0,0,0,0,0,0,0,0,4,0,0,0,0,0,3,11,7,21,43,34,31,7,3,0,164,6,0,3,4,0,15,19,8,0,54,0,0,0,3,9,4,4,5,0,25,22,14,25,52,40,45,32,15,3,246,0,5,12,12,12,12,0,0,0,58,10,8,13,20,11,19,3,0,0,78,0,0,5,4,4,0,0,0,0,15,0,0,0,3,0,0,0,0,0,4,16,10,28,32,23,29,3,0,0,155,0,0,0,0,0,0,0,0,0,0,0,0,0,0,0,0,0,0,0,6,0,0,0,0,0,0,0,0,0,3
10601111313,external,4,7,9,17,30,10,5,0,0,74,5,3,0,4,0,3,0,0,0,18,0,0,0,0,0,0,0,0,0,3,0,0,0,0,3,0,0,0,0,0,11,8,9,16,32,15,3,0,0,100,0,0,0,0,0,0,0,0,0,3,0,0,0,0,0,0,0,0,0,0,0,0,0,0,0,0,0,0,0,3,11,8,9,17,32,14,8,0,0,101,3,0,0,0,0,4,16,8,0,31,3,3,0,0,9,0,3,0,0,20,13,6,9,22,38,16,25,8,0,146,4,0,0,14,13,5,0,0,0,32,11,0,4,9,14,3,0,0,0,42,4,0,0,0,0,0,0,0,0,9,0,0,0,0,0,0,0,0,0,0,15,9,3,19,31,11,4,0,0,87,0,0,0,0,0,0,0,0,0,0,0,0,0,0,0,0,0,0,0,0,0,0,0,0,0,0,0,0,0,0
10601111314,external,0,9,16,29,32,12,0,3,0,103,0,5,0,6,4,13,8,0,0,30,0,0,0,0,3,4,0,0,0,8,0,0,0,0,0,0,0,0,0,3,0,9,17,31,40,27,12,3,0,139,0,0,0,0,0,0,0,0,0,6,0,0,0,0,0,0,0,0,0,3,0,0,0,0,0,4,0,0,0,6,5,12,17,31,45,29,14,3,0,145,16,6,4,4,3,13,14,6,3,60,0,0,0,3,0,8,0,0,0,11,15,18,23,39,51,42,25,10,3,216,0,9,11,9,17,11,3,0,0,56,7,4,5,17,16,12,0,0,0,61,0,0,0,0,0,4,0,0,0,7,0,0,0,0,0,0,0,0,0,0,7,12,16,24,31,22,6,0,0,120,0,0,0,0,0,0,0,0,0,0,0,0,0,0,0,0,0,0,0,0,0,0,0,0,0,0,0,0,0,3
10601111315,external,0,5,8,14,15,20,5,0,0,69,4,0,3,0,0,0,6,0,0,13,0,0,0,0,0,0,0,0,0,5,0,0,0,3,0,5,0,0,0,6,3,5,13,18,23,19,5,0,0,92,0,0,0,0,0,0,0,0,0,0,0,0,0,0,0,0,0,0,0,0,0,0,0,0,0,0,0,0,0,0,9,5,13,18,23,19,10,0,0,96,0,0,0,6,0,0,12,4,0,26,0,3,6,5,3,3,0,0,0,16,11,12,14,22,22,31,18,11,0,138,0,0,0,6,4,10,0,0,0,22,3,4,6,12,15,10,6,0,0,50,0,0,4,0,0,0,0,0,0,6,0,0,0,0,0,0,0,0,0,5,7,4,10,19,23,14,3,0,0,79,0,0,0,0,0,0,0,0,0,0,0,0,0,0,0,0,0,0,0,0,0,0,0,0,0,0,0,0,0,4
10602111401,core,3,0,15,12,3,3,0,0,0,39,0,0,5,0,0,5,0,0,0,17,0,0,0,0,0,0,0,0,0,3,0,0,0,0,0,0,0,0,0,0,3,4,20,15,3,12,6,0,0,67,0,0,0,0,0,0,0,0,0,3,0,3,0,0,0,0,0,0,0,4,0,3,0,0,0,0,0,0,0,9,4,4,26,15,3,12,7,0,0,75,4,3,0,4,4,4,8,6,3,44,0,0,0,0,0,0,0,0,0,4,11,14,24,19,14,17,13,9,0,122,0,4,10,6,0,4,0,0,0,25,3,0,8,11,5,4,0,0,0,34,0,0,0,0,0,0,0,0,0,4,0,0,0,0,0,0,0,0,0,0,4,8,18,18,9,9,3,0,0,67,0,0,0,0,0,0,0,0,0,8,0,0,4,0,0,0,0,0,0,6,0,0,4,3,6,0,0,0,0,10
10602111402,core,0,7,14,14,13,22,0,0,0,73,0,7,6,3,6,0,0,0,0,21,0,0,6,3,0,0,0,0,0,5,0,0,0,0,0,0,0,0,0,0,0,12,19,22,23,28,3,0,0,106,0,0,0,3,0,0,0,0,0,3,0,0,0,3,0,0,0,0,0,0,0,0,0,0,0,0,0,0,0,7,4,12,21,26,23,28,3,0,0,113,0,0,4,6,10,21,23,19,4,86,0,0,0,9,0,5,0,0,0,15,5,12,30,35,35,50,25,19,3,215,0,0,12,9,14,7,0,0,0,41,4,6,10,9,8,4,0,0,0,41,0,0,4,0,0,0,0,0,0,10,0,0,0,0,0,0,0,0,0,0,3,6,24,18,24,16,3,0,0,92,0,0,0,0,0,0,0,0,0,4,0,0,3,0,0,0,0,0,0,0,0,0,0,0,0,0,0,0,0,5
10602111403,core,0,4,22,3,7,10,0,0,0,41,0,0,4,0,3,0,0,0,0,10,0,0,0,0,0,0,0,0,0,0,0,0,0,0,0,0,0,0,0,5,0,10,23,3,11,9,0,0,0,53,0,0,0,0,0,0,0,0,0,0,0,0,0,0,0,0,0,0,0,0,0,0,0,0,0,0,0,0,0,0,3,8,23,3,9,9,0,0,0,57,6,0,3,3,0,3,3,4,0,23,0,0,0,0,0,3,0,0,0,5,9,8,29,8,9,18,3,4,0,86,0,4,7,3,3,0,0,0,0,23,0,4,3,0,5,0,0,0,0,20,0,0,5,0,0,0,0,0,0,6,0,0,0,0,0,0,0,0,0,0,0,6,20,4,8,4,0,0,0,54,0,0,0,0,0,0,0,0,0,0,0,0,0,3,0,0,0,0,0,7,0,0,0,3,6,0,0,0,0,9
10602111408,core,0,3,14,11,15,11,3,0,0,64,0,3,0,8,5,6,0,0,0,23,0,0,0,0,0,0,0,0,0,6,0,0,0,0,0,0,0,0,0,4,0,9,16,20,17,20,3,0,0,97,3,0,0,0,0,5,0,0,0,10,0,0,0,0,0,0,0,0,0,4,4,5,0,0,0,5,0,0,0,7,8,10,18,20,17,19,3,0,0,108,3,4,0,3,12,8,23,9,0,61,0,0,4,5,0,3,0,0,0,16,12,16,19,30,37,36,27,8,0,180,0,4,9,9,9,6,0,0,0,38,0,9,11,11,9,8,0,0,0,48,0,0,0,0,0,0,0,0,0,3,0,0,0,0,0,0,0,0,0,3,9,8,17,13,19,15,8,0,0,89,0,0,0,0,0,0,0,0,0,0,0,0,0,0,0,0,0,0,0,6,0,0,0,0,0,0,0,0,0,4
10602111409,core,0,4,9,12,5,0,0,0,0,32,0,3,4,4,3,0,3,0,0,22,0,0,0,0,0,0,0,0,0,0,0,0,0,0,0,0,0,0,0,3,0,12,13,11,17,7,3,0,0,66,0,0,4,0,0,0,0,0,0,7,0,0,0,0,0,0,0,0,0,0,0,0,4,0,0,0,0,0,0,7,0,11,14,11,18,9,3,0,0,71,4,0,12,4,3,10,6,3,0,47,0,0,3,3,4,3,3,0,0,25,3,16,27,22,23,18,15,6,0,137,0,5,3,3,4,0,0,0,0,18,0,0,0,5,0,7,0,0,0,21,0,0,0,0,0,0,0,0,0,5,0,0,0,0,0,0,0,0,0,3,0,7,9,15,9,8,0,0,0,50,0,0,0,3,0,0,0,0,0,3,0,0,0,0,0,0,0,0,0,6,0,0,0,3,0,0,0,0,0,7
10602111410,core,0,7,27,23,20,16,3,0,0,92,3,4,13,6,9,7,3,0,0,47,0,0,0,0,0,0,0,0,0,10,0,0,0,0,4,0,0,0,0,6,4,11,39,26,38,21,13,0,0,151,0,0,0,3,0,0,0,0,0,11,0,0,0,0,0,0,0,0,0,4,0,6,4,3,0,0,0,0,0,15,9,16,45,28,40,27,13,0,0,168,9,0,3,12,3,13,23,7,0,81,0,0,0,0,0,3,0,0,0,8,13,18,46,43,48,45,38,13,0,261,0,5,17,18,12,9,0,0,0,55,11,10,9,18,19,11,6,0,0,78,0,0,0,0,0,0,0,0,0,3,0,0,0,0,0,0,0,0,0,3,11,21,24,37,36,16,6,0,0,143,0,0,0,0,4,0,0,0,0,0,0,0,0,0,0,0,0,0,0,3,0,0,0,5,6,0,0,0,0,7
10602111411,core,0,3,14,0,10,9,5,0,0,42,4,0,0,0,5,0,0,0,0,10,0,0,0,0,0,0,0,0,0,0,0,0,0,0,0,0,0,0,0,0,4,3,14,4,17,8,5,0,0,57,0,0,0,0,3,0,0,0,0,8,0,0,0,0,0,0,0,0,0,0,0,0,0,0,3,0,0,0,0,5,4,3,14,10,21,10,4,0,0,62,11,3,3,12,3,5,13,10,3,62,0,0,0,7,0,0,0,3,0,13,10,7,15,24,28,16,18,17,8,135,0,0,9,3,12,0,0,0,0,29,0,0,8,8,4,3,0,0,0,28,0,0,0,0,0,0,0,0,0,4,0,0,0,0,0,0,0,0,0,0,0,3,19,9,15,8,6,0,0,61,0,0,0,0,0,0,0,0,0,0,0,0,0,0,0,0,0,0,0,3,0,0,0,0,0,0,0,0,0,3
10602111412,core,0,0,6,16,19,3,0,0,0,54,4,0,0,0,3,5,0,0,0,11,0,0,0,0,0,0,0,0,0,0,0,0,0,0,0,0,0,0,0,0,4,5,11,18,24,12,3,3,0,67,0,0,0,0,0,0,0,0,0,0,0,0,0,0,0,0,0,0,0,0,0,0,0,0,0,0,0,0,0,0,4,9,11,23,24,12,3,3,0,70,4,3,4,0,0,11,9,9,3,45,0,0,0,0,0,0,0,4,11,18,7,11,11,23,24,20,10,18,17,133,0,0,7,7,5,8,0,0,0,26,0,3,0,8,12,0,0,0,0,24,0,0,0,0,0,0,0,0,0,6,0,0,0,0,0,0,0,0,0,0,0,5,10,13,17,4,0,0,0,54,0,0,0,0,0,0,0,0,0,0,0,0,0,0,0,0,0,0,0,3,0,0,0,0,0,0,0,0,0,3
10602111415,core,9,11,12,25,49,25,7,0,0,131,11,3,0,3,5,3,0,0,0,31,0,0,0,4,4,3,0,0,0,16,0,0,0,0,0,0,0,0,0,0,22,16,17,29,54,33,8,0,0,175,5,0,0,0,0,0,0,0,0,9,0,0,0,0,0,0,0,0,0,0,0,0,0,0,0,0,0,0,0,3,22,20,18,29,55,33,8,0,0,178,12,0,0,0,3,10,15,9,0,50,0,0,0,0,0,0,0,0,0,0,36,21,18,33,56,45,24,3,0,235,0,4,10,11,29,9,0,0,0,67,12,5,3,10,24,7,3,0,0,75,0,0,0,3,0,4,0,0,0,6,0,0,0,0,0,0,0,0,0,0,12,9,16,29,54,24,6,0,0,145,0,0,0,0,0,0,0,0,0,0,0,0,0,0,0,0,0,0,0,0,0,0,0,0,0,0,0,0,0,4
10602111416,core,3,8,49,70,25,7,0,0,0,165,5,5,3,6,0,3,0,0,0,23,0,0,3,0,0,0,0,0,0,0,0,0,0,5,0,0,0,0,0,3,6,14,54,80,24,13,4,0,0,198,0,0,0,0,0,0,0,0,0,0,0,0,0,0,0,0,0,0,0,3,0,0,0,0,0,0,0,0,0,3,11,18,54,80,24,13,4,0,0,200,3,3,0,0,9,4,6,3,0,32,0,4,0,0,0,0,0,0,0,7,14,16,54,81,29,18,12,6,0,240,0,3,36,24,8,9,0,0,0,75,13,10,24,30,6,6,0,0,0,88,0,0,0,9,7,0,0,0,0,18,0,0,0,0,0,0,0,0,0,4,15,12,69,57,16,16,0,0,0,178,0,0,0,0,0,0,0,0,0,3,6,0,0,0,0,0,0,0,0,12,6,0,0,0,4,0,0,0,0,14
10602111417,core,3,20,49,23,8,4,0,0,0,117,0,7,11,9,0,0,0,0,0,33,0,0,3,0,0,0,0,0,0,9,0,0,0,0,0,0,0,0,0,0,3,31,67,40,8,7,0,0,0,159,0,3,5,0,0,0,0,0,0,9,0,0,0,0,0,0,0,0,0,0,0,3,5,0,0,0,0,0,0,9,6,31,67,43,8,7,0,0,0,164,3,0,5,3,5,0,4,4,0,25,3,0,0,5,3,3,0,0,0,15,13,37,74,53,12,11,5,4,0,207,0,32,39,10,5,3,0,0,0,89,0,21,33,10,7,0,0,0,0,72,0,3,6,0,0,0,0,0,0,18,0,0,0,6,0,0,0,0,0,4,0,57,79,33,15,3,0,0,0,181,0,0,0,0,0,0,0,0,0,0,3,0,0,4,0,0,0,0,0,6,3,0,0,4,0,0,0,0,0,8
10602111418,core,0,11,22,23,20,5,0,0,0,89,4,0,7,3,0,3,4,0,0,26,0,0,0,3,5,5,0,0,0,6,0,0,0,0,0,3,0,0,0,8,9,12,30,31,27,17,4,0,0,124,0,0,0,0,0,0,0,0,0,4,0,0,0,0,0,0,0,0,0,0,0,0,0,0,0,0,0,0,0,4,9,12,31,31,27,17,4,0,0,128,4,4,0,0,0,8,15,9,4,54,0,0,0,0,0,0,0,0,0,0,8,20,36,31,25,29,16,12,4,189,0,5,12,5,13,7,0,0,0,43,3,7,14,11,10,7,0,0,0,63,0,0,4,0,0,3,0,0,0,6,0,0,0,0,0,0,0,0,0,4,3,7,29,25,25,19,3,0,0,118,0,0,0,0,0,0,0,0,0,6,0,0,0,0,0,0,0,0,0,0,0,0,0,0,0,0,0,0,0,9
10602111419,core,0,6,6,0,9,12,0,0,0,34,0,0,0,0,0,3,0,0,0,8,0,3,0,0,0,0,0,0,0,3,0,0,0,0,0,0,0,0,0,0,0,3,11,3,8,13,0,0,0,43,0,3,0,0,0,0,0,0,0,3,0,0,0,0,0,0,0,0,0,0,0,3,0,0,0,0,0,0,0,4,0,7,11,3,12,13,0,0,0,51,0,0,3,0,0,0,5,0,4,12,0,0,0,0,0,0,0,0,0,4,0,11,18,3,12,18,4,0,4,71,0,0,3,0,6,0,0,0,0,14,0,0,5,0,3,0,0,0,0,16,0,0,5,0,0,0,0,0,0,4,0,0,0,0,0,0,0,0,0,0,3,0,15,3,6,4,0,0,0,35,0,0,0,0,0,0,0,0,0,0,0,0,0,0,0,0,0,0,0,0,0,0,0,0,0,0,0,0,0,0
10602111420,core,0,14,40,39,30,6,0,0,0,129,3,3,9,5,6,0,0,0,0,23,0,0,0,0,0,0,0,0,0,8,0,0,0,0,0,0,0,0,0,0,6,12,50,41,38,10,0,0,0,162,0,3,0,0,0,0,0,0,0,8,0,0,0,0,0,0,0,0,0,0,0,3,0,0,0,0,0,0,0,8,3,18,52,47,37,10,0,0,0,166,5,5,5,0,0,4,11,3,0,35,0,0,0,0,0,0,0,0,0,0,14,18,61,52,43,13,12,3,0,202,0,4,30,29,16,9,0,0,0,89,3,4,16,22,8,4,0,0,0,56,0,3,7,5,0,0,0,0,0,13,0,0,0,0,0,0,0,0,0,0,3,14,54,45,27,15,0,0,0,162,0,0,0,0,0,0,0,0,0,0,4,0,4,0,0,0,0,0,0,9,4,0,5,4,0,0,0,0,0,10
10602111421,core,4,12,43,46,18,11,6,0,0,134,8,3,6,6,8,4,0,0,0,33,3,4,3,3,3,0,0,0,0,12,0,0,0,0,0,0,0,0,0,0,12,20,53,49,27,15,3,0,0,181,0,3,3,0,0,0,0,0,0,9,0,0,0,0,0,0,0,0,0,7,0,4,0,0,0,0,0,0,0,12,11,20,57,49,30,15,6,0,0,193,10,6,4,3,0,5,9,3,3,44,0,0,0,0,0,0,0,0,0,7,23,30,58,59,29,26,20,3,3,245,0,5,32,25,17,8,3,0,0,90,10,3,25,23,14,4,0,0,0,75,0,0,3,3,0,0,0,0,0,16,0,0,0,0,0,0,0,0,0,3,12,14,53,53,26,19,0,0,0,180,0,0,4,0,0,0,0,0,0,4,0,0,0,0,4,0,0,0,0,10,0,0,8,0,4,0,0,0,0,8
10602111422,core,0,4,14,20,10,12,0,0,0,62,5,0,0,4,6,0,4,0,0,18,0,0,0,0,0,0,0,0,0,0,0,0,0,0,0,0,0,0,0,0,7,10,19,23,19,9,3,0,0,91,0,0,0,0,0,0,4,0,0,5,0,0,0,0,0,0,0,0,0,0,0,0,0,0,0,0,4,0,0,6,7,10,19,23,19,10,7,0,0,91,0,0,0,3,0,9,8,8,0,26,0,0,0,0,0,0,0,0,0,3,5,9,18,26,17,17,18,8,5,122,0,9,6,5,10,0,0,0,0,35,4,4,7,7,12,7,3,0,0,49,3,0,0,0,3,0,0,0,0,8,0,0,3,0,0,0,0,0,0,5,9,10,21,17,22,7,3,0,0,96,0,0,0,0,0,0,0,0,0,0,0,0,0,0,0,0,0,0,0,0,0,0,0,0,0,0,0,0,0,5
10602111423,core,3,3,30,28,10,0,0,0,0,77,0,0,9,7,5,0,0,0,0,19,0,0,0,3,0,0,0,0,0,3,0,0,0,0,0,0,0,0,0,0,3,5,41,38,10,0,0,0,0,104,0,0,0,0,0,0,0,0,0,0,0,0,0,0,0,0,0,0,0,0,0,0,0,0,0,0,0,0,0,0,4,5,43,38,14,0,0,0,0,110,3,0,4,4,0,0,0,5,0,18,0,0,0,6,0,0,0,0,0,3,9,9,51,40,19,0,6,5,0,129,0,4,19,18,6,3,0,0,0,52,3,4,16,10,5,3,0,0,0,43,0,0,6,0,0,0,0,0,0,4,0,0,3,0,0,0,0,0,0,6,5,10,47,33,8,7,0,0,0,103,0,0,0,0,0,0,0,0,0,5,0,0,0,0,0,0,0,0,0,4,0,3,0,0,0,0,0,0,0,6
10602111424,core,0,0,10,16,18,0,0,0,0,51,0,3,0,0,3,0,0,0,0,8,0,0,0,0,0,0,0,0,0,0,0,0,0,0,0,0,0,0,0,0,0,7,10,16,19,0,0,0,0,61,0,0,0,0,0,0,0,0,0,0,0,0,0,0,0,0,0,0,0,0,0,0,0,0,0,0,0,0,0,0,0,7,10,16,19,0,0,0,0,61,0,0,0,0,0,3,0,0,0,11,0,0,0,0,0,0,0,0,0,0,8,7,10,16,23,4,3,0,0,69,0,4,9,8,3,0,0,0,0,24,5,0,3,7,10,0,0,0,0,27,0,0,3,0,0,0,0,0,0,6,0,0,0,0,0,0,0,0,0,0,7,10,18,18,14,0,0,0,0,57,0,0,0,0,0,0,0,0,0,0,0,0,0,0,0,0,0,0,0,0,0,0,0,0,0,0,0,0,0,0
10602111425,core,0,5,61,38,16,0,0,0,0,124,12,0,11,6,5,6,0,0,0,32,0,0,3,4,3,0,0,0,0,8,0,0,0,0,0,0,0,0,0,3,12,7,76,47,18,7,0,0,0,171,0,0,0,0,0,0,0,0,0,5,0,0,0,0,0,0,0,0,0,0,0,0,0,0,0,5,0,0,0,5,13,11,78,47,18,7,3,0,0,180,3,6,0,4,0,3,10,0,0,27,0,0,0,0,0,0,0,0,0,0,15,13,77,53,22,14,15,0,0,208,0,4,37,24,14,7,0,0,0,91,4,6,20,13,3,6,0,0,0,63,0,3,7,0,0,0,0,0,0,13,0,0,0,0,0,0,0,0,0,3,9,19,69,40,23,12,0,0,0,166,0,0,0,0,0,0,0,0,0,3,0,0,0,0,0,0,0,0,0,7,0,0,5,0,0,0,0,0,0,8
10602111426,core,0,0,0,0,0,8,0,0,0,8,0,0,0,0,0,0,0,0,0,6,0,0,0,0,0,0,0,0,0,0,0,0,0,0,0,0,0,0,0,0,0,0,0,0,0,3,0,0,0,15,0,0,0,0,0,0,0,0,0,0,0,0,0,0,0,0,0,0,0,0,0,0,0,0,0,0,0,0,0,0,0,0,0,0,0,3,0,0,0,15,0,0,0,0,0,10,14,15,3,45,0,0,0,0,0,0,6,4,0,7,0,0,0,0,0,13,22,24,3,62,0,0,0,0,0,4,0,0,0,3,0,0,0,0,0,3,0,0,0,8,0,0,0,0,0,0,0,0,0,0,0,0,0,0,0,0,0,0,0,0,0,0,0,0,0,7,4,0,0,11,0,0,0,0,0,0,0,0,0,0,0,0,0,0,0,0,0,0,0,0,0,0,0,0,0,0,0,0,0,0
10602111601,core,3,4,12,21,24,14,0,0,0,83,11,3,0,4,4,8,3,0,0,36,0,0,0,0,0,0,6,0,0,8,0,0,0,0,0,0,0,0,0,0,11,7,11,28,32,20,14,0,0,124,0,0,0,0,0,0,0,0,0,4,0,0,0,0,0,0,0,0,0,0,0,0,0,0,0,0,0,0,0,7,11,7,16,23,37,16,15,0,0,132,10,0,0,0,0,4,15,12,0,48,0,0,4,0,0,0,0,0,0,4,24,10,17,31,37,25,30,12,0,183,0,3,6,16,19,8,0,0,0,51,9,3,7,15,11,8,4,0,0,56,3,0,5,4,3,0,0,0,0,14,0,0,0,0,0,0,0,0,0,0,11,6,11,27,34,16,12,0,0,123,0,0,0,0,0,0,0,0,0,0,0,0,0,0,0,0,0,0,0,0,0,0,0,0,0,0,0,0,0,0
10602111602,core,6,3,4,11,27,32,6,0,0,87,5,4,5,0,3,3,0,0,0,22,0,0,0,3,0,5,5,0,0,7,0,0,0,0,0,0,0,0,0,0,7,3,10,14,32,37,13,0,0,118,0,0,0,0,0,0,0,0,0,0,0,0,0,0,0,0,0,0,0,0,0,0,0,0,0,0,0,0,0,0,7,3,10,14,32,37,13,0,0,118,10,0,4,0,3,7,23,15,6,65,0,0,0,0,0,0,0,0,0,0,18,10,14,16,34,39,38,15,6,180,0,3,6,7,20,18,0,0,0,52,9,4,4,8,16,14,4,0,0,64,0,0,0,0,0,0,0,0,0,9,0,0,0,0,0,0,0,0,0,0,12,8,14,16,33,35,0,0,0,120,0,0,0,0,0,0,0,0,0,0,3,0,0,0,0,0,0,0,0,6,3,0,6,0,0,0,0,0,0,11
10602111603,core,6,4,10,14,12,3,0,0,0,47,0,0,0,0,9,0,3,0,0,13,0,0,0,0,0,0,0,0,0,7,0,0,0,0,0,0,0,0,0,0,3,8,10,17,17,7,6,0,0,67,0,0,0,0,0,0,0,0,0,0,0,0,0,0,0,0,0,0,0,0,0,0,0,0,0,0,0,0,0,0,3,8,10,23,17,7,6,0,0,67,4,0,0,0,4,8,6,10,0,30,0,0,0,0,0,0,0,0,0,0,3,9,10,23,20,11,9,10,0,99,0,0,3,4,7,6,0,0,0,23,3,0,3,12,9,3,0,0,0,29,3,0,0,0,5,0,0,0,0,3,0,0,0,0,0,0,0,0,0,0,4,0,10,15,14,9,0,0,0,58,0,0,0,0,0,0,0,0,0,0,0,0,0,0,0,0,0,0,0,0,0,0,0,0,0,0,0,0,0,0
10602111604,core,0,14,15,31,30,24,4,0,0,127,6,3,0,0,3,3,0,0,0,17,0,0,0,0,0,0,0,0,0,3,0,0,0,0,0,0,0,0,0,0,12,18,15,36,36,28,4,0,0,153,0,0,3,0,0,0,0,0,0,0,3,0,0,0,0,0,0,0,0,3,3,0,3,0,0,0,0,0,0,4,11,18,20,36,37,28,4,0,0,156,6,0,0,3,0,8,24,10,3,57,0,0,4,4,0,0,0,0,0,10,20,22,20,41,41,34,26,10,3,225,5,4,13,14,26,8,0,0,0,67,13,12,5,11,12,14,0,0,0,75,3,0,7,4,0,0,0,0,0,15,0,0,0,0,0,0,0,0,0,3,18,16,26,33,41,26,5,0,0,161,0,0,0,0,0,0,0,0,0,0,0,0,0,0,0,0,0,0,0,4,3,0,0,0,0,0,0,0,0,8
10602111605,core,0,6,21,17,20,8,5,0,0,86,5,4,3,3,3,5,3,0,0,26,0,0,3,0,0,0,3,0,0,5,0,0,0,0,0,0,0,0,0,4,5,12,23,26,21,15,11,0,0,116,0,0,0,0,0,0,0,0,0,3,0,0,0,0,0,0,0,0,0,4,0,0,7,0,0,0,0,0,0,7,6,12,31,27,24,15,11,0,0,130,7,0,0,0,0,6,15,11,3,45,0,0,0,0,0,0,0,0,0,4,13,12,32,27,27,25,22,11,3,171,0,3,20,18,16,7,0,0,0,61,3,0,11,14,5,7,0,0,0,57,3,0,3,0,0,0,0,0,0,6,0,0,0,0,0,0,0,0,0,5,8,12,28,36,20,19,4,0,0,126,0,0,0,0,0,0,0,0,0,0,0,0,0,0,0,0,0,0,0,0,0,0,0,0,0,3,0,0,0,3
10602111606,core,14,12,22,76,75,29,0,0,0,231,22,10,3,11,6,5,3,0,0,59,0,0,3,3,0,0,0,0,0,13,0,0,0,0,0,0,0,0,0,3,35,26,29,82,81,38,4,0,0,298,0,0,3,0,0,0,0,0,0,5,5,0,0,0,0,0,0,0,0,7,4,0,3,0,0,0,0,0,0,5,38,26,28,85,81,38,6,0,0,309,7,3,0,0,4,11,16,14,4,68,0,0,0,3,0,6,0,0,0,4,50,30,30,90,87,54,24,14,4,385,7,9,11,38,44,21,0,0,0,137,30,8,20,47,34,13,5,0,0,148,5,0,6,6,6,4,0,0,0,21,0,0,0,0,0,0,0,0,0,0,44,24,38,90,80,37,5,0,0,307,0,0,4,0,0,0,0,0,0,4,0,0,0,0,0,0,0,0,0,6,4,0,4,0,0,0,0,0,0,10
10602111607,core,4,0,7,9,6,8,0,0,0,35,3,8,0,0,0,3,0,0,0,10,0,0,0,0,0,0,0,0,0,0,0,0,0,0,0,0,0,0,0,4,6,8,7,9,9,8,0,0,0,47,0,0,0,0,0,0,0,0,0,0,0,0,0,0,0,0,0,0,0,3,0,0,0,0,0,0,0,0,0,3,6,8,7,9,9,13,0,0,0,49,5,0,0,0,3,0,6,3,4,24,0,0,0,0,0,0,0,0,0,0,12,3,7,11,14,12,10,7,4,79,0,0,4,0,13,5,0,0,0,22,3,0,6,4,3,4,0,0,0,26,0,0,0,0,0,0,0,0,0,8,0,0,0,0,0,0,0,0,0,0,3,4,7,7,16,8,0,0,0,52,0,0,0,0,0,0,0,0,0,0,0,0,0,0,0,0,0,0,0,0,0,0,0,0,0,0,0,0,0,0
10602111608,core,5,5,15,13,11,16,4,0,0,71,0,3,0,0,7,3,5,0,0,22,0,0,0,0,0,0,0,0,0,4,0,0,0,0,0,0,0,0,0,0,10,10,22,13,21,19,8,0,0,94,0,0,0,3,4,0,0,0,0,8,5,0,0,0,0,0,0,0,0,5,5,0,0,3,4,0,0,0,0,7,9,10,24,17,24,21,4,0,0,110,4,0,0,0,0,4,15,11,3,39,0,0,0,0,0,0,0,0,0,0,15,7,18,17,27,25,17,12,3,148,0,0,11,7,12,8,3,0,0,44,3,4,6,8,10,9,0,0,0,46,5,0,4,3,3,0,0,0,0,15,0,0,0,0,0,0,0,0,0,0,7,5,21,23,22,16,6,0,0,97,0,0,0,0,0,0,0,0,0,0,0,0,0,0,0,0,0,0,0,0,0,0,0,0,0,4,0,0,0,5
10602111609,core,4,0,11,13,23,7,0,0,0,60,3,0,0,0,3,5,3,0,0,19,0,0,0,0,0,0,0,0,0,0,0,0,0,0,0,0,0,0,0,0,7,6,13,17,24,12,5,0,0,83,0,0,0,0,0,0,0,0,0,0,0,0,0,0,0,0,0,0,0,0,0,0,0,0,0,0,0,0,0,0,7,6,10,17,30,12,5,0,0,86,3,4,0,4,0,0,11,6,0,28,0,0,0,0,0,0,0,0,0,4,14,5,20,16,32,12,17,6,0,117,0,3,4,12,17,10,0,0,0,46,5,7,8,3,10,0,4,0,0,33,0,0,0,0,3,0,0,0,0,4,0,3,0,0,0,0,0,0,0,3,5,13,12,17,28,12,8,0,0,86,0,0,0,0,0,0,0,0,0,0,0,0,0,0,0,0,0,0,0,5,0,0,0,0,0,0,0,0,0,5
10602111610,core,0,6,9,21,19,21,6,0,0,84,10,3,0,3,0,10,0,0,0,25,0,0,0,0,0,4,0,0,0,9,0,0,0,0,0,0,0,0,0,0,8,9,10,27,24,35,6,0,0,122,0,0,0,0,0,0,0,0,0,0,0,0,0,0,0,0,0,0,0,0,0,0,0,0,0,0,0,0,0,0,14,9,10,27,24,36,6,0,0,124,9,0,0,0,0,10,13,13,7,60,0,0,0,0,0,0,0,0,0,0,20,12,11,29,24,46,18,13,7,182,0,5,5,11,15,15,0,0,0,53,7,8,3,13,15,14,9,0,0,60,0,0,0,0,0,0,0,0,0,5,0,0,0,0,0,0,0,0,0,0,8,14,11,27,23,29,10,0,0,119,0,0,0,0,0,0,0,0,0,0,0,0,0,0,0,0,0,0,0,0,0,0,0,0,0,0,0,0,0,0
10602111611,core,6,4,5,14,5,11,0,0,0,34,0,0,0,0,0,6,0,0,0,9,0,0,0,0,0,0,0,0,0,6,0,0,0,0,0,0,0,0,0,0,0,7,5,13,9,13,0,0,0,52,0,0,0,0,0,0,0,0,0,0,0,0,0,0,0,0,0,0,0,0,0,0,0,0,0,0,0,0,0,0,0,7,12,13,5,13,0,0,0,58,3,0,0,0,6,0,13,9,0,33,0,0,0,0,0,0,0,0,0,0,9,4,12,12,16,20,11,9,0,89,0,0,6,9,7,0,3,0,0,24,4,5,3,9,5,4,0,0,0,30,0,0,0,0,0,0,0,0,0,3,0,0,0,0,0,0,0,0,0,0,5,3,12,11,9,4,4,0,0,58,0,0,0,0,0,0,0,0,0,0,0,0,0,0,0,0,0,0,0,4,0,0,0,0,0,0,0,0,0,3
10602111612,core,3,19,38,61,44,17,4,0,0,191,14,3,4,0,5,9,3,0,0,46,0,0,0,0,0,0,0,0,0,4,0,0,0,0,0,0,0,0,0,0,14,27,45,66,48,32,9,0,0,238,0,0,0,0,0,0,0,0,0,4,0,0,0,0,0,0,0,0,0,0,0,0,0,0,0,0,0,0,0,4,20,30,45,68,48,32,9,0,0,245,9,3,0,0,5,6,33,19,14,94,0,0,0,3,0,4,0,0,0,9,27,29,45,69,56,38,42,21,17,342,5,8,23,26,26,19,0,0,0,103,18,5,19,29,29,10,4,0,0,110,0,3,3,4,4,0,0,0,0,25,0,3,0,0,0,0,0,0,0,3,27,19,44,61,58,26,4,0,0,240,0,0,0,0,0,0,0,0,0,0,0,0,0,0,3,0,0,0,0,4,0,0,0,0,3,0,0,0,0,5
10602111613,core,5,11,40,26,25,25,5,0,0,133,5,0,6,5,0,7,4,4,0,25,0,0,0,3,0,3,0,0,0,9,0,0,0,0,0,0,0,0,0,6,14,11,44,37,35,30,12,5,0,181,0,0,3,0,0,0,0,0,0,3,3,0,0,0,0,0,0,0,0,4,3,0,5,0,0,0,0,0,0,7,17,11,48,37,35,30,12,5,0,186,11,0,0,0,0,8,18,8,0,54,0,0,5,0,0,3,0,0,0,6,31,11,50,42,32,43,28,14,0,248,0,7,10,21,13,8,3,0,0,71,5,8,25,17,12,15,4,0,0,90,0,0,0,4,0,3,3,0,0,18,0,0,0,0,0,0,0,0,0,0,9,17,40,42,23,29,5,0,0,173,0,0,0,0,0,0,0,0,0,0,0,0,0,0,0,0,0,0,0,5,0,0,0,4,0,0,0,0,0,4
10602111614,core,0,3,7,18,29,19,8,0,0,82,8,0,3,0,4,0,9,0,0,32,0,0,0,0,0,3,0,0,0,8,0,0,0,0,0,0,0,0,0,0,10,3,15,23,28,22,11,3,0,116,0,0,0,0,0,0,0,0,0,0,0,0,0,0,0,0,0,0,0,0,0,0,0,0,0,0,0,0,0,0,10,3,18,19,28,22,11,3,0,119,0,0,0,3,4,13,26,23,0,76,0,0,0,4,0,0,0,0,0,7,15,5,12,23,36,36,41,20,0,201,3,5,5,18,14,19,0,0,0,64,10,7,5,8,18,17,7,0,0,68,0,0,0,6,0,0,0,0,0,4,0,0,0,0,0,0,0,0,0,0,13,10,12,23,34,34,9,0,0,135,0,0,0,0,0,0,0,0,0,0,4,0,0,0,0,0,0,0,0,3,4,0,0,0,0,0,0,0,0,3
10602111615,core,3,9,20,23,15,20,6,3,0,102,7,0,0,0,9,5,7,0,0,33,0,0,0,0,0,0,3,0,0,6,0,0,0,0,0,0,0,0,0,0,13,9,21,24,28,29,14,3,0,141,0,0,0,0,0,0,0,0,0,3,0,0,0,0,0,0,0,0,0,5,0,0,0,0,5,0,0,0,0,6,17,9,20,25,27,29,14,3,0,148,0,0,0,5,3,11,16,13,4,57,3,0,0,0,5,0,0,0,0,13,22,11,22,24,34,41,35,15,9,216,0,5,10,6,19,10,4,0,0,49,7,0,9,14,13,15,3,0,0,64,0,0,0,3,0,0,0,0,0,8,0,0,0,0,0,0,0,0,0,0,8,8,16,22,26,24,8,0,0,118,0,0,0,0,0,0,0,0,0,0,0,0,0,0,0,0,0,0,0,3,0,0,5,0,0,0,0,0,0,5
10602111617,core,3,4,16,34,15,26,8,0,0,104,6,0,0,0,0,7,3,0,0,22,0,0,0,0,0,0,0,0,0,8,0,0,0,0,0,0,0,0,0,5,15,7,18,34,18,31,10,0,0,135,0,4,0,0,0,0,0,0,0,4,0,0,0,0,0,0,0,0,0,0,0,4,0,0,0,0,0,0,0,6,15,9,19,38,18,31,8,0,0,144,14,0,0,0,3,9,16,8,0,49,0,0,5,3,0,0,0,0,0,10,30,14,25,40,22,35,29,8,0,202,0,4,8,17,12,11,0,0,0,55,4,9,6,16,8,9,0,0,0,58,3,0,4,4,0,0,0,0,0,13,0,0,0,0,0,0,0,0,0,0,5,12,17,32,21,30,0,0,0,124,0,0,0,0,0,0,0,0,0,0,5,0,0,0,0,0,0,0,0,5,5,0,0,0,0,0,0,0,0,5
10602111618,core,0,5,31,24,19,3,0,0,0,90,8,3,8,6,0,0,0,0,0,16,0,0,3,0,0,0,0,0,0,4,0,0,0,3,0,0,0,0,0,5,7,4,42,32,22,7,0,0,0,114,0,0,0,0,0,0,0,0,0,4,0,0,0,0,0,0,0,0,0,0,0,0,0,0,0,0,0,0,0,4,7,4,42,32,22,7,0,0,0,117,9,0,0,0,0,0,6,9,0,23,5,0,0,0,0,0,0,0,0,3,15,9,44,31,26,6,6,9,0,145,6,5,19,16,9,0,0,0,0,57,8,3,16,10,4,0,0,0,0,47,0,0,11,0,0,0,0,0,0,15,0,0,6,0,0,0,0,0,0,6,13,10,44,33,18,3,0,0,0,122,0,0,0,0,0,0,0,0,0,0,0,4,0,0,0,0,0,0,0,4,0,4,0,0,0,0,0,0,0,4
10602161401,core,0,4,3,0,0,0,0,0,0,14,0,4,8,0,5,0,0,0,0,12,0,0,0,0,0,0,0,0,0,0,0,0,0,0,0,0,0,0,0,4,0,8,11,4,4,3,0,0,0,34,0,0,5,0,0,0,0,0,0,3,4,0,0,0,0,0,0,0,0,3,4,0,3,0,0,0,0,0,0,8,7,8,17,4,4,8,0,0,0,42,9,9,3,9,11,9,16,3,0,58,3,5,8,4,0,3,0,0,0,21,8,15,30,14,13,22,15,3,0,121,0,0,0,0,0,0,0,0,0,3,0,5,5,5,7,9,0,0,0,18,0,0,0,0,0,0,0,0,0,0,0,0,0,0,0,0,0,0,0,0,0,5,10,9,3,8,0,0,0,31,0,4,3,0,0,0,0,0,0,9,0,0,5,0,0,0,0,0,0,5,0,0,3,3,0,0,0,0,0,17
10602161402,core,0,8,7,24,17,11,0,0,0,69,12,0,0,3,0,0,5,0,0,26,0,0,0,4,0,0,0,0,0,4,0,0,0,0,0,0,0,0,0,0,17,12,6,26,21,11,6,0,0,100,3,0,0,0,0,0,0,0,0,5,0,0,0,0,0,0,0,0,0,0,0,0,0,0,0,0,0,0,0,6,13,12,5,26,21,15,6,0,0,107,3,0,0,0,0,4,5,3,0,20,0,0,0,0,0,0,0,0,0,0,22,12,5,26,21,20,10,3,0,122,0,0,9,13,12,9,0,0,0,40,8,3,3,15,5,0,0,0,0,38,0,0,0,0,4,0,0,0,0,9,0,0,0,0,0,0,0,0,0,0,10,4,10,27,26,12,0,0,0,82,0,0,0,0,0,0,0,0,0,0,0,0,0,0,0,0,0,0,0,0,0,0,0,0,0,0,0,0,0,0
10602161403,core,3,7,13,13,9,4,0,0,0,43,7,4,11,3,3,3,0,0,0,22,0,0,0,0,0,0,0,0,0,0,0,0,0,0,0,5,0,0,0,3,9,11,25,14,7,7,0,0,0,66,0,0,8,0,5,0,0,0,0,8,0,0,0,0,0,0,0,0,0,7,0,0,5,0,5,0,0,0,0,11,6,16,29,14,9,9,0,0,0,85,8,0,9,4,13,12,17,9,0,72,0,4,4,9,0,6,0,0,0,23,18,16,43,27,27,23,18,9,0,177,0,8,3,4,7,0,0,0,0,20,5,0,7,3,7,8,0,0,0,27,0,0,0,0,0,0,0,0,0,3,0,0,0,0,0,0,0,0,0,0,5,7,13,8,11,7,0,0,0,56,0,0,0,0,0,0,0,0,0,3,0,3,0,0,0,0,0,0,0,3,0,3,0,0,0,0,0,0,0,7
10602161404,core,0,0,0,12,11,6,0,0,0,32,3,3,0,3,5,0,4,0,0,18,0,0,0,0,0,0,0,0,0,7,0,0,0,0,0,0,0,0,0,0,3,4,10,14,11,3,6,0,0,56,0,0,0,0,3,0,0,0,0,3,0,0,0,0,0,0,0,0,0,0,0,0,0,0,3,0,0,0,0,3,3,4,10,14,17,3,6,0,0,54,4,0,0,0,0,9,7,4,3,26,0,0,0,0,0,0,0,0,0,0,6,6,10,14,18,13,13,3,3,86,0,5,5,0,3,5,0,0,0,16,6,6,0,3,3,5,0,0,0,21,0,0,0,0,0,0,0,0,0,0,0,0,0,0,0,0,0,0,0,0,6,8,3,5,10,8,0,0,0,40,0,0,0,0,0,0,0,0,0,0,0,0,0,0,0,0,0,0,0,0,0,0,0,0,0,0,0,0,0,0
10602161405,core,0,10,30,15,21,13,0,0,0,90,4,6,0,6,3,0,0,0,0,25,0,0,0,0,4,0,0,0,0,3,0,0,0,0,0,0,0,0,0,0,3,16,36,19,25,13,4,0,0,122,0,4,0,0,0,0,0,0,0,7,0,0,0,0,0,0,0,0,0,5,0,0,0,0,0,3,0,0,0,10,3,17,36,22,25,16,4,0,0,129,0,5,0,3,6,8,20,15,8,67,0,0,0,3,5,0,12,0,0,25,8,24,37,30,37,24,27,17,8,215,0,6,21,11,9,5,6,0,0,53,4,9,8,6,11,9,5,0,0,53,0,0,4,0,0,8,0,0,0,16,0,0,0,0,0,0,0,0,0,0,8,9,30,13,23,24,9,0,0,122,0,0,0,0,0,0,0,0,0,5,0,0,0,0,0,0,0,0,0,0,0,0,0,0,0,0,0,0,0,5
10602161406,core,0,11,15,18,41,18,0,0,0,113,12,3,0,3,6,0,0,0,0,25,5,0,0,0,5,0,0,0,0,7,0,0,3,0,0,0,0,0,0,4,20,18,27,25,44,20,3,0,0,149,0,0,0,0,0,0,0,0,0,3,0,0,0,0,0,0,0,0,0,6,0,5,0,0,0,0,0,0,0,4,20,18,27,25,44,23,4,0,0,156,10,0,0,0,0,6,8,4,0,32,0,0,5,0,0,0,0,0,0,3,29,18,29,25,45,29,14,4,0,190,3,5,15,4,34,10,0,0,0,73,8,8,12,11,22,9,0,0,0,73,3,0,3,0,0,0,0,0,0,7,0,0,0,0,0,0,0,0,0,0,15,9,35,21,49,20,0,0,0,152,0,0,0,0,0,0,0,0,0,0,0,0,0,0,0,0,0,0,0,0,0,0,0,0,0,0,0,0,0,3
10602161407,core,0,0,21,17,20,11,3,0,0,69,3,4,0,0,5,3,4,0,0,16,0,0,0,0,0,0,0,0,0,3,0,0,0,0,0,0,0,0,0,0,6,4,17,18,21,17,9,0,0,87,4,0,0,0,0,0,0,0,0,4,0,0,0,0,0,0,0,0,0,3,4,0,0,0,0,0,0,0,0,8,6,4,25,18,19,17,9,0,0,96,4,0,0,0,0,8,21,4,3,48,0,0,3,0,0,0,0,0,0,12,12,3,24,24,25,21,27,4,6,150,0,3,11,10,9,3,0,0,0,40,7,6,8,10,5,10,5,0,0,51,0,0,0,0,4,0,0,0,0,7,0,0,0,0,0,0,0,0,0,0,7,10,25,17,16,10,0,0,0,91,0,0,0,5,0,0,0,0,0,3,4,0,0,6,0,0,0,0,0,7,0,0,0,0,0,0,0,0,0,11
10602161408,core,3,5,25,22,27,13,5,0,0,102,4,5,8,6,6,6,0,0,0,31,0,0,5,0,0,5,0,0,0,5,0,0,0,0,0,0,0,0,0,0,5,8,39,24,33,24,5,0,0,136,0,0,0,0,0,3,0,0,0,3,0,0,0,0,0,0,0,0,0,0,0,0,0,0,0,3,0,0,0,4,8,8,39,24,33,24,5,0,0,143,6,0,3,6,5,11,25,20,3,81,3,0,0,0,0,0,3,0,0,11,10,12,42,29,41,41,33,20,3,229,5,3,18,10,9,3,0,0,0,50,9,5,16,22,11,14,5,0,0,70,0,0,0,0,0,0,0,0,0,9,0,0,0,0,0,0,0,0,0,0,7,8,34,27,23,21,0,0,0,128,0,0,0,0,0,0,0,0,0,5,0,0,0,0,0,5,0,0,0,6,0,0,0,0,0,6,0,0,0,9
10602161409,core,5,9,19,20,20,14,0,0,0,87,3,0,0,6,3,0,0,0,0,18,0,0,3,0,5,0,0,0,0,8,0,0,0,0,0,0,0,0,0,0,11,6,29,23,26,21,0,0,0,116,0,0,0,0,0,0,0,0,0,6,0,0,0,0,0,0,0,0,0,0,0,0,4,0,0,0,0,0,0,8,11,8,32,23,28,21,0,0,0,127,12,0,3,0,0,6,15,5,0,50,0,0,0,3,0,5,0,0,0,8,21,12,36,29,29,29,17,6,0,177,0,0,20,10,16,4,0,0,0,55,4,6,8,13,14,6,0,0,0,50,0,0,0,0,0,0,0,0,0,5,0,0,0,0,0,0,0,0,0,0,8,10,31,25,30,14,0,0,0,116,0,0,0,0,0,0,0,0,0,3,4,0,0,0,0,0,0,0,0,9,4,0,0,0,0,0,0,0,0,12
10602161410,core,3,3,14,15,14,19,3,0,0,85,5,3,4,0,0,0,0,0,0,12,0,0,0,0,0,3,0,0,0,4,0,0,0,0,0,0,0,0,0,0,13,11,18,18,19,23,5,0,0,100,0,0,0,4,0,0,0,0,0,10,0,0,0,0,0,0,0,0,0,0,0,0,0,4,0,0,0,0,0,4,13,11,20,19,16,24,5,0,0,108,4,4,5,3,0,6,5,4,0,32,0,0,0,0,0,0,3,0,0,7,12,15,25,27,24,34,16,4,0,147,0,0,15,4,12,5,0,0,0,42,7,0,5,9,4,7,0,0,0,44,4,0,0,4,0,0,0,0,0,10,0,0,0,0,0,0,0,0,0,0,8,4,21,20,20,23,3,0,0,95,0,0,0,0,0,0,0,0,0,5,0,0,0,0,3,0,0,0,0,5,0,0,0,0,3,0,0,0,0,8
10602161411,core,0,11,0,11,36,13,0,0,0,79,14,6,3,3,4,6,0,0,0,32,5,0,0,3,0,0,0,0,0,9,0,0,0,0,0,0,0,0,0,0,14,15,5,21,40,16,3,0,0,115,0,0,0,0,0,0,0,0,0,6,0,0,0,0,0,0,0,0,0,0,0,0,0,0,0,0,0,0,0,0,14,18,5,21,39,16,3,0,0,122,9,3,0,0,0,4,21,8,0,47,0,0,0,0,0,0,0,0,0,3,24,19,11,18,47,22,26,8,0,175,0,3,3,9,26,9,0,0,0,42,11,6,3,7,16,5,6,0,0,52,3,4,0,4,0,0,0,0,0,10,0,0,0,0,0,0,0,0,0,0,16,12,4,20,38,10,4,0,0,108,0,0,0,0,0,0,0,0,0,0,0,0,0,0,0,0,0,0,0,4,0,0,0,0,0,0,0,0,0,4
10602161412,core,4,8,17,31,12,12,4,0,0,87,0,3,3,7,0,4,3,0,0,23,0,0,0,0,0,0,0,0,0,0,0,0,0,0,0,0,0,0,0,0,6,6,20,40,14,17,4,0,0,113,0,0,0,3,0,0,0,0,0,4,0,0,0,0,0,0,0,0,0,3,3,0,0,3,0,0,0,0,0,10,5,11,20,43,14,21,6,0,0,120,0,3,3,8,7,11,24,10,3,68,0,4,3,0,0,9,3,0,0,19,11,18,33,45,17,34,29,12,3,210,0,0,9,13,13,11,4,0,0,54,8,8,10,15,6,6,4,0,0,51,0,0,0,0,0,5,0,0,0,9,0,0,0,0,0,0,0,0,0,0,8,14,17,31,20,18,9,0,0,113,0,0,0,0,0,0,0,0,0,0,0,0,0,0,0,0,0,0,0,5,0,0,0,0,0,0,0,0,0,5
10602161413,core,3,3,12,8,12,10,0,0,0,45,0,7,4,0,0,5,0,0,0,8,0,0,0,0,0,0,0,0,0,0,0,0,0,0,0,0,0,0,0,0,3,7,12,8,12,10,0,0,0,55,0,0,0,0,0,0,0,0,0,0,0,0,0,0,0,0,0,0,0,0,0,0,0,0,0,0,0,0,0,0,3,7,12,8,12,10,0,0,0,55,6,0,3,3,4,0,13,16,0,44,0,0,0,0,0,0,0,3,0,8,6,4,17,12,14,11,17,13,0,100,0,4,3,5,3,3,0,0,0,15,0,0,9,3,4,5,5,0,0,28,0,0,0,0,0,0,0,0,0,3,0,0,0,0,0,0,0,0,0,0,3,4,9,6,7,12,3,0,0,48,0,0,0,0,0,0,0,0,0,0,0,0,0,0,0,0,0,0,0,3,0,0,0,0,0,0,0,0,0,0
10602161414,core,3,5,13,16,13,12,0,0,0,62,0,0,5,0,0,0,0,0,0,16,0,0,0,0,0,4,0,0,0,4,0,0,0,0,0,0,0,0,0,0,0,5,18,20,19,10,0,0,0,83,0,0,0,0,0,0,0,0,0,0,0,0,0,0,0,0,0,0,0,0,0,0,0,0,0,0,0,0,0,3,0,5,18,17,21,14,0,0,0,81,7,0,0,0,4,4,11,20,3,61,0,0,0,0,0,0,0,0,0,4,11,9,20,23,19,19,22,22,3,147,0,5,6,9,7,5,0,0,0,35,0,4,5,10,7,8,3,0,0,39,0,4,0,0,0,0,0,0,0,4,0,0,0,0,0,0,0,0,0,0,0,9,16,17,10,15,0,0,0,81,0,0,0,0,0,0,0,0,0,0,0,0,0,0,0,0,0,0,0,6,0,0,0,0,0,0,0,0,0,6
10602161415,core,3,3,18,29,22,13,0,0,0,91,5,6,3,3,0,3,3,0,0,21,0,0,4,0,0,0,0,0,0,7,0,0,0,0,0,0,0,0,0,0,9,9,26,30,23,15,3,0,0,118,0,0,0,0,0,0,0,0,0,9,0,0,0,0,0,0,0,0,0,0,0,0,0,3,0,0,0,0,0,6,5,8,30,34,22,15,3,0,0,123,3,0,0,4,5,5,15,3,3,43,0,4,0,0,0,0,0,0,0,6,13,10,33,40,29,25,16,6,5,175,0,0,13,12,15,10,0,0,0,56,5,0,6,11,7,5,5,0,0,42,0,0,5,0,0,0,0,0,0,10,0,0,0,0,0,0,0,0,0,0,3,5,24,25,25,16,5,0,0,110,0,0,3,0,0,0,0,0,0,8,0,4,4,0,0,0,0,0,0,11,0,4,4,5,0,0,0,0,0,19
10602161416,core,0,12,6,8,8,7,0,0,0,41,3,3,6,4,0,3,0,0,0,19,0,0,0,0,0,0,0,0,0,3,0,0,0,0,0,0,0,0,0,0,3,11,16,12,12,10,0,0,0,69,0,3,0,0,0,0,0,0,0,5,0,0,0,0,0,0,0,0,0,0,0,3,0,0,0,0,0,0,0,4,6,14,16,12,9,10,0,0,0,71,3,4,3,0,0,5,23,4,4,42,0,4,0,0,3,0,0,0,0,8,9,16,19,8,16,12,22,0,4,119,0,3,4,5,3,6,0,0,0,22,0,9,8,9,8,0,0,0,0,32,0,0,0,0,0,0,0,0,0,4,0,0,0,0,0,0,0,0,0,0,7,11,12,12,11,4,3,0,0,58,0,0,0,0,0,0,0,0,0,8,0,0,0,0,0,0,0,0,0,0,0,0,0,3,0,0,0,0,0,5
10602161417,core,0,13,16,14,11,22,3,0,0,75,0,4,10,3,3,4,0,0,0,22,0,0,0,4,0,0,0,0,0,0,0,0,0,0,0,0,0,0,0,0,0,11,30,17,10,24,3,0,0,104,0,0,4,0,0,0,0,0,0,4,0,0,0,0,0,0,0,0,0,4,0,0,4,0,0,0,0,0,0,10,5,12,30,17,14,24,3,0,0,108,5,3,0,3,0,12,9,7,3,41,0,0,0,0,3,9,0,0,0,14,6,16,40,26,16,41,17,7,3,172,0,3,14,12,6,13,0,0,0,56,4,4,9,5,11,3,8,0,0,45,0,0,0,0,0,0,0,0,0,6,0,0,0,0,0,0,0,0,0,0,10,6,25,22,16,22,4,0,0,106,0,0,0,0,0,0,0,0,0,0,3,0,0,0,0,0,0,0,0,0,3,0,0,0,0,0,0,0,0,9
10602161418,core,0,0,3,17,26,17,3,0,0,78,12,5,0,4,6,6,0,0,0,31,0,0,0,0,0,0,0,0,0,4,0,0,0,5,0,0,0,0,0,0,11,8,13,20,30,22,3,0,0,110,0,0,0,0,0,0,0,0,0,0,0,0,0,0,0,0,0,0,0,5,0,0,0,0,0,0,0,0,0,7,13,9,9,20,30,22,5,0,0,117,4,0,0,0,0,6,26,6,0,48,0,0,0,0,0,0,0,0,0,0,14,11,9,26,34,35,27,6,0,166,0,4,7,10,14,11,0,0,0,43,12,5,7,12,14,10,3,0,0,65,7,0,0,3,0,0,0,0,0,6,0,0,0,0,0,0,0,0,0,0,19,8,13,29,31,19,3,0,0,120,0,0,0,0,0,0,0,0,0,0,3,0,0,0,0,0,0,0,0,0,3,0,0,0,0,4,0,0,0,7
10602161419,core,0,6,27,37,16,8,0,0,0,95,0,0,4,3,0,0,4,0,0,23,0,0,0,4,0,0,0,0,0,7,0,0,0,0,0,0,0,0,0,0,11,9,35,39,17,7,4,0,0,122,3,0,0,0,0,0,0,0,0,11,4,0,0,0,0,0,0,0,0,4,10,0,0,0,0,0,0,0,0,10,16,9,37,39,16,9,4,0,0,135,13,0,4,6,3,7,10,8,0,45,6,0,0,6,0,0,5,0,0,20,34,12,44,53,20,19,17,5,0,203,0,7,19,19,9,0,0,0,0,63,13,5,10,25,7,7,3,0,0,72,0,0,7,0,0,0,0,0,0,11,0,0,0,0,0,0,0,0,0,3,15,10,39,41,17,11,9,0,0,145,0,0,0,0,0,0,0,0,0,0,0,0,0,4,0,0,0,0,0,3,0,0,0,4,0,0,0,0,0,8
10602161420,core,0,4,17,16,16,18,0,0,0,73,3,3,6,0,0,5,6,0,0,23,0,0,0,0,0,0,0,0,0,6,0,0,0,0,0,0,0,0,0,0,4,5,18,19,21,24,11,0,0,99,0,0,0,0,0,0,0,0,0,0,0,0,0,0,0,0,0,0,0,0,0,0,0,0,0,0,0,0,0,3,4,12,18,19,18,27,11,0,0,100,5,0,3,0,0,12,21,6,0,46,0,0,0,0,0,0,0,0,0,0,4,12,23,18,23,31,25,9,0,150,4,7,3,9,8,7,0,0,0,39,9,5,3,7,15,11,4,0,0,50,0,0,0,0,0,5,0,0,0,11,0,0,0,0,0,0,0,0,0,0,11,7,9,14,18,26,4,0,0,93,0,0,0,0,0,0,0,0,0,4,5,0,0,0,0,0,0,0,0,5,5,0,0,0,0,0,0,0,0,5
10602161421,core,0,4,7,30,17,9,7,0,0,66,6,0,0,0,3,0,0,0,0,15,0,0,0,0,0,0,0,0,0,4,0,0,0,0,0,0,0,0,0,0,7,5,8,32,17,14,5,0,0,91,0,0,0,0,0,0,0,0,0,3,0,0,0,0,0,0,0,0,0,0,0,0,0,0,0,0,0,0,0,3,8,5,8,34,19,14,7,0,0,94,8,0,0,0,0,0,8,0,0,14,0,0,0,0,0,0,0,0,0,0,17,3,11,37,19,14,10,0,0,108,0,0,0,16,11,4,0,0,0,33,5,0,6,11,3,3,0,0,0,31,5,0,0,0,0,0,0,0,0,5,0,0,0,0,0,0,0,0,0,0,8,0,5,27,12,7,0,0,0,71,0,0,0,0,0,0,0,0,0,5,0,0,0,0,0,0,0,0,0,5,3,0,0,0,0,0,0,0,0,8
10602161422,core,0,0,0,0,0,0,0,0,0,0,0,0,0,0,0,0,0,0,0,0,0,0,0,0,0,0,0,0,0,0,0,0,0,0,0,0,0,0,0,0,0,0,0,0,0,0,0,0,0,4,0,0,0,0,0,0,0,0,0,0,0,0,0,0,0,0,0,0,0,0,0,0,0,0,0,0,0,0,0,0,0,0,0,0,0,0,0,0,0,4,0,0,0,0,0,0,0,0,0,0,0,0,0,0,0,0,0,0,0,0,0,0,0,0,0,0,0,0,0,5,0,0,0,0,0,0,0,0,0,0,0,0,0,0,0,0,0,0,0,0,0,0,0,0,0,0,0,0,0,0,0,0,0,0,0,0,0,0,0,0,0,0,0,0,0,0,0,0,0,0,0,0,0,0,0,0,0,0,0,0,0,0,0,0,0,0,0,0,0,0,0,0,0,0,0,0,0,0,0,0
10602161423,core,0,7,16,12,13,4,0,0,0,49,3,0,0,0,5,0,0,0,0,6,0,0,0,0,0,0,0,0,0,3,0,0,0,0,0,0,0,0,0,0,4,9,17,16,13,6,0,0,0,66,3,0,0,0,0,0,0,0,0,4,0,0,0,0,0,0,0,0,0,0,3,4,0,0,0,0,0,0,0,5,4,11,17,16,13,11,0,0,0,69,3,0,0,0,0,6,9,4,0,26,0,0,0,0,0,0,0,0,0,5,12,10,20,16,16,14,11,4,0,102,0,3,3,12,7,9,0,0,0,44,0,3,14,6,3,5,0,0,0,29,0,0,0,0,0,3,0,0,0,5,0,0,0,0,0,0,0,0,0,0,4,8,17,22,7,16,3,0,0,83,0,0,0,0,0,0,0,0,0,0,0,0,0,0,0,0,0,0,0,8,0,0,0,0,0,0,0,0,0,8
10602161424,core,0,0,3,3,0,0,0,0,0,5,0,0,0,0,0,0,0,0,0,0,0,0,0,0,0,0,0,0,0,0,0,0,0,0,0,0,0,0,0,0,0,0,3,3,0,0,0,0,0,5,0,0,0,0,0,0,0,0,0,0,0,0,0,0,0,0,0,0,0,0,0,0,0,0,0,0,0,0,0,0,0,0,3,3,0,0,0,0,0,5,5,0,0,0,0,0,0,0,0,3,0,0,0,0,0,0,0,0,0,0,5,0,3,3,0,0,0,0,0,11,0,0,4,0,0,0,0,0,0,0,0,0,3,3,0,0,0,0,0,3,0,0,0,0,0,0,0,0,0,0,0,0,0,0,0,0,0,0,0,0,0,0,4,3,3,0,0,0,0,12,0,0,0,0,0,0,0,0,0,0,0,0,0,0,0,0,0,0,0,0,0,0,0,0,0,0,0,0,0,0
10602161425,core,0,0,14,8,17,5,3,0,0,49,0,0,4,5,0,0,0,0,0,21,0,0,4,0,0,0,0,0,0,4,0,0,0,0,0,0,0,0,0,0,0,7,22,11,18,9,5,0,0,69,0,0,0,0,0,0,0,0,0,0,0,0,0,0,0,0,0,0,0,0,0,0,0,0,0,0,0,0,0,0,0,7,22,11,18,9,5,0,0,69,0,0,0,5,0,3,16,11,0,34,0,0,3,0,0,0,3,0,0,12,5,7,25,15,18,12,22,9,0,114,0,0,8,5,11,10,0,0,0,32,3,0,4,0,3,8,0,0,0,27,0,0,4,0,0,0,0,0,0,4,0,0,0,0,0,0,0,0,0,5,7,0,17,9,11,13,5,0,0,62,0,0,0,0,0,0,0,0,0,0,0,0,0,0,0,0,0,0,0,0,0,0,0,0,0,0,0,0,0,0
10602161426,core,0,0,7,7,14,8,0,0,0,40,4,0,3,0,3,0,0,0,0,14,0,0,0,0,0,0,0,0,0,0,0,0,0,0,0,0,0,0,0,0,4,4,18,11,11,11,0,0,0,55,3,0,0,0,0,0,0,0,0,0,0,0,0,0,0,0,0,0,0,0,3,0,0,0,0,0,0,0,0,4,0,11,18,11,11,8,0,0,0,62,5,0,5,6,4,9,18,10,0,60,0,0,6,0,0,3,0,0,0,3,11,12,20,12,20,23,14,10,3,123,0,0,3,4,5,0,0,0,0,14,4,3,5,5,3,0,0,0,0,20,0,0,0,0,0,0,0,0,0,0,0,0,0,0,0,0,0,0,0,0,4,4,12,8,9,0,4,0,0,38,0,0,0,0,0,0,0,0,0,3,0,0,0,0,0,0,0,0,0,0,0,0,0,0,0,0,0,0,0,3
10602161427,core,0,3,18,29,16,17,0,0,0,92,0,0,7,7,3,5,4,0,0,30,0,0,4,0,0,5,0,0,0,9,3,0,0,0,0,0,0,0,0,3,6,11,32,36,21,27,4,0,0,130,0,4,4,0,0,0,0,0,0,6,0,0,0,0,0,0,0,0,0,5,0,3,4,0,0,0,0,0,0,11,10,8,38,36,19,27,4,0,0,145,7,0,7,0,8,5,10,8,4,50,0,0,0,0,0,4,0,0,0,7,11,17,45,43,28,36,14,8,4,197,0,13,16,15,21,8,0,0,0,75,0,10,24,16,5,9,0,0,0,64,3,5,0,5,0,0,0,0,0,13,0,0,0,0,0,0,0,0,0,0,5,21,44,38,24,21,0,0,0,160,0,0,0,0,0,0,0,0,0,5,0,0,0,0,0,0,0,0,0,3,0,0,0,0,3,0,0,0,0,5
10602161428,core,3,8,8,22,20,3,0,0,0,66,3,0,0,0,0,0,0,0,0,7,0,0,0,0,0,0,0,0,0,4,0,0,0,0,0,0,0,0,0,0,7,7,11,18,22,4,3,0,0,80,0,0,0,0,0,0,0,0,0,0,4,0,0,0,0,0,0,0,0,3,4,0,0,0,0,0,0,0,0,9,10,7,15,22,22,4,3,0,0,79,4,0,0,0,0,0,3,5,0,14,0,0,0,0,0,0,0,0,0,3,14,11,15,22,22,8,9,3,0,100,0,9,5,5,11,0,0,0,0,35,4,3,4,9,3,0,0,0,0,33,0,0,0,0,4,0,0,0,0,9,0,0,0,0,0,0,0,0,0,0,4,14,16,10,15,0,0,0,0,69,0,0,0,0,0,0,0,0,0,6,0,0,0,0,0,0,0,0,0,5,0,0,0,0,0,0,0,0,0,7
10602161429,core,0,5,18,23,36,24,4,0,0,114,11,0,5,3,5,3,9,4,0,43,0,0,0,0,0,0,0,0,0,6,0,0,0,0,0,0,0,0,0,4,18,9,29,32,42,29,6,3,0,163,0,0,0,0,0,0,0,0,0,0,0,0,0,0,0,0,0,0,0,0,4,0,0,0,0,0,0,0,0,5,16,9,26,32,41,29,6,3,0,165,11,4,4,6,5,12,35,12,4,78,0,0,0,0,0,0,0,0,0,0,25,14,28,30,43,39,46,8,4,252,0,6,6,11,23,6,0,0,0,61,11,8,11,18,12,12,0,0,0,75,0,0,0,0,0,0,0,0,0,12,0,0,0,0,0,0,0,0,0,0,16,13,23,36,38,22,5,0,0,147,0,0,0,0,0,0,0,0,0,0,0,0,0,0,0,0,0,0,0,4,0,0,0,0,0,0,0,0,0,6
10602161430,core,9,4,7,13,17,6,0,0,0,48,8,4,6,0,0,6,0,0,0,12,0,0,0,0,0,0,0,0,0,4,0,0,0,0,0,0,0,0,0,6,13,9,14,9,20,7,0,0,0,63,0,0,0,0,0,0,0,0,0,0,0,0,0,0,0,0,0,0,0,0,0,0,0,0,0,0,0,0,0,0,13,9,14,13,20,7,0,0,0,65,0,0,0,0,0,0,7,4,3,20,0,0,0,0,0,4,0,0,0,6,9,11,15,13,18,8,7,4,3,90,0,0,3,4,11,0,0,0,0,18,5,3,4,4,4,3,0,0,0,31,0,0,0,0,0,0,0,0,0,3,0,0,0,0,0,0,0,0,0,0,5,5,10,6,18,6,0,0,0,55,3,0,0,0,0,0,0,0,0,4,0,0,0,0,0,0,0,0,0,0,0,0,0,0,0,0,0,0,0,8
10602161431,core,3,9,11,7,16,15,0,0,0,58,9,0,0,0,0,0,4,0,0,12,0,0,0,0,0,0,0,0,0,0,0,0,0,0,0,0,0,0,0,0,8,6,10,12,15,17,3,0,0,75,0,0,0,0,0,0,0,0,0,3,0,0,0,0,0,0,0,0,0,0,0,0,0,0,0,0,0,0,0,3,8,10,16,10,15,17,3,0,0,85,3,0,0,6,0,5,15,16,7,55,0,0,0,0,0,0,0,0,0,0,13,12,14,17,19,25,16,14,7,142,0,0,3,6,16,4,0,0,0,36,4,3,3,11,3,5,0,0,0,29,0,0,0,0,0,0,0,0,0,13,0,0,0,0,0,0,0,0,0,0,8,4,14,14,19,9,0,0,0,73,0,0,0,0,0,0,0,0,0,0,0,0,0,0,0,0,0,0,0,0,0,0,0,0,0,0,0,0,0,0
10602161432,core,3,8,24,18,10,13,0,0,0,74,4,0,10,7,0,0,3,0,0,25,0,0,0,0,5,0,0,0,0,8,0,0,0,0,0,0,0,0,0,3,10,13,31,24,11,15,8,0,0,109,0,0,0,0,0,0,0,0,0,0,0,0,0,0,0,0,0,0,0,0,0,0,0,0,0,0,0,0,0,0,7,13,32,24,11,15,8,0,0,112,0,0,5,7,4,0,19,9,4,52,0,0,6,0,0,0,0,0,0,9,14,21,40,30,17,13,29,9,4,173,0,12,11,7,13,7,3,0,0,51,0,4,13,6,8,5,3,0,0,49,0,0,4,0,0,0,0,0,0,10,0,0,0,0,0,0,0,0,0,0,3,13,27,10,21,12,7,0,0,106,0,0,0,0,0,0,0,0,0,0,0,0,0,0,0,0,0,0,0,4,0,0,0,0,0,0,0,0,0,8
10602161433,core,0,11,17,14,22,12,0,0,0,74,7,8,6,5,0,6,0,0,0,24,0,0,0,0,0,0,0,0,0,0,0,0,0,0,0,0,0,0,0,0,7,16,21,18,17,14,0,0,0,104,0,0,0,0,0,0,0,0,0,0,0,0,0,0,0,0,0,0,0,4,0,0,6,0,0,0,0,0,0,8,10,16,25,18,17,14,0,0,0,111,7,0,0,0,5,10,15,6,0,35,0,0,0,0,3,0,0,0,0,4,14,22,24,25,27,16,18,6,0,149,0,12,15,17,15,9,0,0,0,64,11,0,10,10,12,6,0,0,0,39,0,0,3,0,0,3,0,0,0,9,0,0,0,0,0,0,0,0,0,0,10,9,28,24,23,19,3,0,0,119,0,0,0,0,0,0,0,0,0,6,0,0,0,0,0,0,0,0,0,0,0,0,0,0,0,0,0,0,0,5
10602161434,core,0,9,12,23,44,10,0,0,0,99,7,3,0,0,0,8,0,0,0,21,0,0,0,0,3,0,0,0,0,7,0,0,0,0,0,0,0,0,0,0,7,12,15,22,47,18,0,0,0,126,0,0,0,0,0,0,0,0,0,0,3,0,0,0,0,0,0,0,0,4,3,0,0,0,0,0,0,0,0,5,11,12,15,22,47,17,0,0,0,131,4,0,0,0,0,5,7,4,0,24,0,0,5,0,0,0,0,0,0,4,18,15,22,22,54,26,7,10,0,164,0,3,9,14,23,3,0,0,0,54,7,9,7,13,15,11,0,0,0,64,0,0,0,3,5,0,0,0,0,6,0,0,0,0,0,0,0,0,0,0,7,12,15,36,38,12,0,0,0,125,0,0,0,0,0,0,0,0,0,0,0,0,0,0,0,0,0,0,0,0,0,0,0,0,3,0,0,0,0,4
10602161435,core,0,5,20,12,19,13,0,0,0,64,0,0,5,4,4,0,0,0,0,17,0,0,0,4,4,0,0,0,0,8,0,0,0,0,0,0,0,0,0,0,0,5,26,19,19,11,0,0,0,88,0,0,3,0,0,0,0,0,0,3,0,0,0,0,0,0,0,0,0,0,0,0,3,0,0,0,0,0,0,3,0,5,28,19,19,11,0,0,0,87,4,4,0,6,3,3,9,6,0,34,0,0,0,0,0,0,0,0,0,0,4,9,32,22,27,12,13,6,0,121,0,8,11,8,13,12,0,0,0,44,0,3,6,3,0,8,0,0,0,27,0,0,0,0,0,0,0,0,0,11,0,0,0,0,0,0,0,0,0,0,3,11,19,16,13,18,0,0,0,84,0,0,0,0,0,0,0,0,0,5,0,0,0,0,0,0,0,0,0,4,0,0,3,0,0,0,0,0,0,6
10602161436,core,4,8,7,9,0,3,0,0,0,34,0,6,0,0,0,0,0,0,0,7,0,0,0,0,0,0,0,0,0,0,0,0,0,0,0,0,0,0,0,0,6,10,14,9,0,5,0,0,0,44,0,0,0,0,0,0,0,0,0,3,0,0,0,0,0,0,0,0,0,0,0,0,0,0,0,0,0,0,0,3,6,10,14,9,0,3,0,0,0,40,0,0,0,0,0,4,10,5,0,23,3,0,0,4,0,0,0,0,0,7,8,10,12,12,0,9,10,3,0,70,0,0,6,0,0,4,0,0,0,12,0,0,0,7,0,7,0,0,0,21,0,0,3,0,0,0,0,0,0,0,0,0,0,0,0,0,0,0,0,0,0,0,15,15,0,7,0,0,0,37,0,0,0,0,0,0,0,0,0,0,0,0,0,0,0,0,0,0,0,0,0,0,0,0,0,0,0,0,0,0
10602161437,core,0,0,9,13,11,11,0,0,0,44,0,4,0,0,0,0,0,0,0,4,0,0,0,0,0,0,0,0,0,0,0,0,0,0,0,0,0,0,0,0,0,4,12,12,7,11,0,0,0,57,0,0,0,0,0,0,0,0,0,0,0,0,0,0,0,0,0,0,0,0,0,0,0,0,0,0,0,0,0,0,0,4,12,14,7,11,0,0,0,55,5,0,0,3,3,0,4,4,0,26,0,0,0,0,0,0,0,0,0,0,7,3,12,21,10,13,9,4,0,84,0,4,0,11,3,4,3,0,0,26,3,4,9,7,0,0,0,0,0,21,0,0,0,0,8,0,0,0,0,4,0,0,0,0,0,0,0,0,0,0,3,8,8,14,13,3,3,0,0,53,0,3,0,0,0,0,0,0,0,3,0,0,0,0,0,0,0,0,0,0,0,3,0,0,0,0,0,0,0,3
10602161438,core,0,0,12,6,13,8,5,0,0,44,0,0,5,0,0,0,0,0,0,10,0,0,0,0,0,0,0,0,0,0,0,0,0,0,0,0,0,0,0,3,0,3,13,6,12,7,3,0,0,57,0,4,0,0,3,0,0,0,0,7,0,0,0,0,0,0,0,0,0,0,0,4,0,0,3,0,0,0,0,7,0,8,13,6,16,11,3,0,0,64,0,4,4,3,3,0,5,16,0,50,0,0,0,0,0,4,0,0,0,5,8,11,18,10,20,17,14,16,0,115,4,5,4,0,8,7,0,0,0,27,3,0,3,5,3,7,5,0,0,22,0,0,0,0,0,4,0,0,0,9,0,0,0,0,0,0,0,0,0,0,7,5,13,8,8,14,5,0,0,56,0,0,0,0,0,0,0,0,0,3,0,0,0,0,0,0,0,0,0,5,0,0,0,3,5,0,0,0,0,4
10602161439,core,4,4,12,18,17,20,0,0,0,75,3,10,8,5,0,0,0,0,0,27,0,0,0,5,3,3,0,0,0,14,0,0,0,0,0,0,0,0,0,0,7,18,20,23,24,18,4,0,0,118,0,0,5,0,0,0,0,0,0,9,0,0,0,0,0,0,0,0,0,0,0,0,5,0,0,0,0,0,0,12,6,20,25,27,24,23,3,0,0,128,6,4,0,7,11,14,33,7,6,87,0,7,0,3,0,0,4,0,3,9,16,26,26,33,36,41,42,6,3,225,0,6,8,12,7,8,0,0,0,38,5,13,8,9,13,13,4,0,0,57,0,5,3,0,3,0,0,0,0,6,0,0,0,0,0,0,0,0,0,0,7,16,15,24,26,19,4,0,0,111,0,0,0,0,0,0,0,0,0,8,0,0,0,0,0,0,0,0,0,4,0,0,0,0,0,3,0,0,0,6
10602161440,core,0,0,6,10,3,4,0,0,0,20,0,0,0,0,0,0,0,0,0,11,0,0,0,0,0,0,0,0,0,0,0,0,0,0,0,0,0,0,0,0,0,4,4,10,0,4,6,0,0,33,0,0,0,0,4,0,0,0,0,3,0,0,0,0,0,0,0,0,0,0,0,0,0,0,4,0,0,0,0,3,0,4,4,6,7,4,6,0,0,33,4,0,0,0,0,3,6,18,3,38,0,0,0,0,0,0,0,4,6,16,3,8,7,13,3,13,9,21,12,92,0,3,0,5,0,5,0,0,0,12,0,0,4,3,0,5,0,0,0,15,0,0,0,0,0,0,0,0,0,0,0,0,0,0,0,0,0,0,0,0,0,6,8,9,0,9,0,0,0,29,0,0,0,0,0,0,0,0,0,0,0,0,0,0,0,0,0,0,0,0,0,0,0,0,0,0,0,0,0,0
10602161441,core,0,6,23,21,14,10,0,0,0,71,9,3,4,4,0,4,0,0,0,22,0,0,0,0,4,0,0,0,0,7,0,0,0,0,0,0,0,0,0,0,12,11,27,26,14,9,4,0,0,96,0,0,0,0,0,0,0,0,0,0,0,0,0,0,0,0,0,0,0,0,0,0,0,0,0,0,0,0,0,0,12,11,27,26,15,9,4,0,0,99,4,0,0,0,4,3,17,10,0,46,0,0,0,0,0,0,3,0,4,13,17,7,24,31,22,14,25,14,4,159,0,9,11,9,4,5,0,0,0,37,5,0,12,5,3,7,4,0,0,37,0,4,3,0,0,0,0,0,0,8,0,0,0,0,0,0,0,0,0,0,7,8,24,19,9,16,4,0,0,88,0,0,0,0,0,0,0,0,0,0,0,0,0,0,0,0,0,0,0,0,0,0,0,0,0,0,0,0,0,3
10602161442,core,0,8,15,9,9,6,0,0,0,46,0,0,0,3,0,0,5,0,0,8,0,0,0,0,0,0,0,0,0,0,0,0,0,0,0,0,0,0,0,0,0,8,21,11,8,6,3,0,0,62,0,0,0,0,0,0,0,0,0,0,0,0,0,0,0,0,0,0,0,0,0,0,0,0,0,0,0,0,0,0,0,8,21,11,8,6,3,0,0,65,0,0,0,5,4,7,22,15,13,62,0,0,0,0,3,0,0,0,0,7,3,8,27,18,21,6,25,19,13,132,0,3,5,10,8,0,0,0,0,31,0,0,11,0,7,6,4,0,0,30,0,0,7,0,0,0,0,0,0,8,0,0,0,0,0,0,0,0,0,6,0,7,27,17,11,6,3,0,0,74,0,0,0,0,0,0,0,0,0,0,0,0,0,0,0,0,0,0,0,0,0,0,0,0,0,0,0,0,0,0
10602161443,core,0,4,8,11,14,12,0,0,0,47,0,0,3,0,0,3,0,0,0,11,0,0,0,0,0,0,0,0,0,0,0,0,0,0,0,0,0,0,0,0,0,9,10,11,12,17,0,0,0,62,0,0,0,0,0,0,0,0,0,0,0,0,0,0,0,0,0,0,0,0,0,0,0,0,0,0,0,0,0,0,3,9,10,11,12,17,0,0,0,64,3,4,0,0,0,11,16,10,0,45,0,0,0,0,0,0,0,0,0,0,8,9,13,15,12,22,21,10,0,108,0,0,9,6,9,8,0,0,0,36,4,0,9,3,9,8,0,0,0,29,0,0,0,0,0,0,0,0,0,6,0,0,0,0,0,0,0,0,0,0,3,4,14,5,15,17,0,0,0,63,0,0,0,0,0,0,0,0,0,0,0,0,0,0,0,0,0,0,0,0,0,0,0,0,0,0,0,0,0,0
10602161444,core,0,9,8,12,21,9,0,0,0,55,3,5,0,0,6,3,3,0,0,19,0,0,0,0,6,0,0,0,0,6,0,0,0,0,0,0,0,0,0,0,3,8,9,12,25,10,3,0,0,78,0,3,0,0,0,0,0,0,0,3,0,0,0,0,0,0,0,0,0,0,0,3,0,0,0,0,0,0,0,3,3,10,9,12,25,10,3,0,0,82,3,4,0,0,0,3,16,0,0,30,0,0,0,0,0,4,0,0,0,4,6,14,10,18,26,15,19,0,0,112,0,3,5,3,13,0,0,0,0,30,3,4,0,6,12,8,5,0,0,30,3,0,0,0,0,0,0,0,0,3,0,0,0,0,0,0,0,0,0,0,8,3,3,9,26,13,5,0,0,67,0,0,0,0,0,0,0,0,0,0,0,0,0,0,0,0,0,0,0,0,0,0,0,0,0,0,0,0,0,0
10602161445,core,0,10,27,21,14,15,4,0,0,99,0,0,5,0,0,0,0,0,0,11,0,7,0,0,0,0,0,0,0,9,0,0,0,0,0,0,0,0,0,0,3,11,29,21,18,23,4,0,0,122,0,0,0,0,0,0,0,0,0,5,0,0,0,0,0,0,0,0,0,0,0,0,0,0,0,0,0,0,0,8,5,11,34,24,18,21,4,0,0,124,3,0,0,5,5,3,13,9,0,43,0,0,0,3,0,0,0,0,0,3,9,19,33,30,27,23,22,9,5,172,3,8,10,5,6,6,0,0,0,36,0,0,6,10,15,7,0,0,0,43,0,0,0,0,0,0,0,0,0,3,0,0,0,0,0,0,0,0,0,0,4,11,17,19,21,15,0,0,0,82,0,0,0,0,0,0,0,0,0,0,0,0,0,0,0,0,0,0,0,7,0,0,0,0,0,0,0,0,0,3
10602161446,core,6,5,18,15,19,17,0,0,0,81,0,3,3,0,3,6,5,0,0,22,0,0,0,0,0,4,0,0,0,5,0,0,0,0,0,0,0,0,0,0,5,12,23,11,17,24,12,0,0,108,0,0,0,0,0,0,0,0,0,5,3,0,0,0,0,0,0,0,0,3,8,0,0,0,0,0,0,0,0,5,14,9,19,11,17,25,12,0,0,114,7,0,0,3,3,4,7,10,0,28,0,0,0,0,0,0,0,0,0,6,19,11,22,15,24,30,21,10,0,148,0,6,5,9,13,10,0,0,0,39,5,6,0,13,11,7,0,0,0,42,4,3,0,3,0,0,0,0,0,6,0,0,0,0,0,0,0,0,0,0,13,10,6,15,27,14,0,0,0,92,0,0,0,0,0,0,0,0,0,5,0,0,0,0,0,0,0,0,0,0,0,0,0,0,0,0,0,0,0,7
10602161447,core,3,3,5,17,15,18,4,0,0,62,9,0,0,0,5,0,0,0,0,14,0,0,0,0,4,4,0,0,0,9,0,0,0,0,0,0,0,0,0,0,11,5,5,14,20,25,4,0,0,89,0,0,0,0,0,0,0,0,0,0,0,0,0,0,0,0,0,0,0,0,0,0,0,0,0,0,0,0,0,0,11,3,5,14,20,25,4,0,0,88,3,0,0,0,0,4,14,0,0,23,0,0,0,3,0,0,0,0,0,5,16,3,5,17,20,29,14,3,0,117,0,3,3,9,14,9,0,0,0,44,0,5,5,8,9,11,0,0,0,32,0,0,0,0,0,0,0,0,0,3,0,0,0,0,0,0,0,0,0,0,4,5,11,13,18,19,0,0,0,76,0,0,0,0,0,0,0,0,0,0,0,0,0,0,0,0,0,0,0,3,0,0,0,0,0,0,0,0,0,3
10602161448,core,3,9,12,28,23,14,3,0,0,89,8,0,3,0,0,4,0,0,0,22,0,0,0,0,0,0,0,0,0,3,0,0,0,0,0,0,0,0,0,0,6,11,16,27,25,17,6,0,0,116,0,0,4,0,0,0,0,0,0,0,0,0,0,0,0,0,0,0,0,0,0,0,4,0,0,0,0,0,0,0,6,7,18,27,25,17,6,0,0,116,6,0,0,0,0,5,8,7,0,27,0,0,0,0,0,0,0,0,0,3,15,15,17,32,26,23,13,7,0,151,5,6,7,22,14,3,0,0,0,49,4,4,3,15,14,5,0,0,0,50,0,0,0,0,4,0,0,0,0,8,0,0,0,0,0,0,0,0,0,0,12,7,12,33,26,7,0,0,0,104,0,0,0,0,0,0,0,0,0,5,0,0,0,0,0,0,0,0,0,0,0,0,0,0,0,0,0,0,0,7
10602161449,core,0,12,28,27,22,16,0,0,0,110,8,8,8,3,11,0,0,0,0,34,0,0,0,0,0,4,0,0,0,3,0,0,0,0,0,0,0,0,0,0,8,15,42,32,28,21,0,0,0,150,0,0,0,0,0,0,0,0,0,6,0,0,0,0,0,0,0,0,0,6,0,3,0,0,0,5,0,0,0,12,10,24,41,33,31,24,0,0,0,158,9,4,4,4,4,12,10,6,0,57,0,0,3,7,0,5,0,0,3,15,18,31,46,37,34,37,22,6,3,231,0,7,22,7,11,0,0,0,0,53,3,4,18,6,7,5,0,0,0,55,0,0,3,0,0,0,0,0,0,5,0,0,0,0,0,0,0,0,0,3,7,11,39,18,24,11,0,0,0,109,0,0,0,0,0,0,0,0,0,6,0,0,4,0,0,0,0,0,0,0,0,4,4,0,0,0,0,0,0,6
10602161501,core,3,3,25,34,20,6,0,0,0,98,4,5,11,3,0,0,3,0,0,26,0,0,0,0,0,0,0,0,0,0,0,0,0,0,0,0,0,0,0,0,9,10,39,33,26,4,3,0,0,125,0,3,0,0,0,0,0,0,0,9,0,0,0,0,0,0,0,0,0,0,0,3,0,0,0,0,0,0,0,9,11,9,40,33,26,4,3,0,0,128,5,0,3,0,0,6,14,5,0,42,0,0,0,6,0,0,0,0,0,9,20,9,46,45,30,14,16,5,0,180,0,4,19,26,14,5,0,0,0,69,11,3,20,23,12,4,6,0,0,68,0,0,7,0,0,0,0,0,0,12,0,0,0,0,0,0,0,0,0,0,14,8,44,46,31,6,0,0,0,149,0,0,0,0,0,0,0,0,0,0,0,0,0,0,0,0,0,0,0,3,0,0,0,0,0,0,0,0,0,4
10602161502,core,0,3,0,9,5,7,6,0,0,28,0,0,0,0,7,0,4,0,0,11,0,0,0,0,0,0,0,0,0,3,0,0,0,0,0,0,0,0,0,0,3,4,5,9,13,7,8,0,0,46,0,0,0,0,0,0,0,0,0,0,0,0,0,0,0,0,0,0,0,0,0,0,0,0,0,0,0,0,0,3,3,4,3,9,13,8,8,0,0,49,5,0,0,0,5,3,4,0,0,20,3,0,0,0,4,0,0,0,0,9,8,4,10,6,20,11,15,3,0,72,0,0,3,7,12,4,0,0,0,24,0,0,0,0,7,3,3,0,0,18,0,0,0,0,0,0,0,0,0,3,0,0,0,0,0,0,0,0,0,0,4,4,5,6,16,7,3,0,0,42,0,0,0,0,0,0,0,0,0,0,4,0,0,0,0,0,0,0,0,4,4,0,0,0,0,0,0,0,0,8
10602161503,core,0,8,34,34,11,5,0,0,0,93,0,0,8,5,0,0,0,0,0,12,0,0,0,0,0,0,0,0,0,6,0,0,0,0,0,0,0,0,0,0,0,8,41,43,10,7,4,0,0,114,0,0,4,0,0,0,0,0,0,4,0,0,0,0,0,0,0,0,0,0,0,0,4,0,0,0,0,0,0,4,0,8,43,43,10,7,4,0,0,116,7,4,0,0,4,0,9,7,0,25,0,0,0,0,0,0,0,0,0,4,9,11,41,44,13,9,11,7,0,142,0,3,21,16,5,3,0,0,0,54,5,3,12,10,9,0,0,0,0,55,0,0,4,0,3,0,0,0,0,6,0,0,0,0,0,0,0,0,0,0,8,7,42,28,19,0,0,0,0,120,0,0,0,0,0,0,0,0,0,0,0,0,0,0,0,0,0,0,0,3,0,0,0,0,0,0,0,0,0,5
10602161504,core,0,3,24,15,17,10,3,0,0,82,3,3,4,4,3,5,0,0,0,31,0,0,0,0,0,0,0,0,0,5,0,0,0,0,0,3,0,0,0,8,10,9,33,22,19,17,5,0,0,116,0,0,0,3,0,0,0,0,0,3,0,0,0,0,0,0,0,0,0,0,0,5,0,3,0,0,0,0,0,3,14,13,31,23,19,17,5,0,0,124,3,3,5,0,3,6,26,10,0,55,0,0,0,0,0,0,0,0,0,4,18,17,35,25,26,19,31,13,0,182,0,6,14,0,6,8,6,0,0,37,9,4,12,5,14,6,0,0,0,44,0,4,3,0,0,0,0,0,0,4,0,0,0,0,0,0,0,0,0,0,8,8,24,12,22,12,7,0,0,91,0,0,0,0,0,0,0,0,0,3,0,0,0,0,0,0,0,0,0,4,0,0,4,0,0,0,0,0,0,7
10602161505,core,0,0,8,5,3,3,0,0,0,28,0,0,6,4,0,0,0,0,0,7,0,0,0,0,0,0,0,0,0,3,0,0,0,0,0,0,0,0,0,0,0,0,16,10,6,6,0,0,0,44,0,0,0,0,0,0,0,0,0,0,0,0,0,0,0,0,0,0,0,0,0,0,0,0,0,0,0,0,0,0,0,0,16,10,8,6,0,0,0,47,0,0,0,0,0,13,16,4,3,43,0,0,0,0,3,0,0,0,0,9,0,3,16,17,8,17,21,12,3,95,0,0,0,9,6,0,0,0,0,17,0,4,9,3,0,3,0,0,0,19,0,0,0,0,0,0,0,0,0,4,0,0,0,0,0,0,0,0,0,0,6,4,7,12,7,3,0,0,0,39,0,0,0,0,0,0,0,0,0,0,0,0,0,0,0,0,0,0,0,0,0,0,0,0,0,0,0,0,0,0
10602161506,core,5,20,15,44,58,26,10,3,0,178,8,5,8,6,4,5,3,0,0,46,4,4,4,0,0,3,0,0,0,11,0,0,0,0,0,0,0,0,0,4,20,27,26,50,64,32,12,3,0,235,0,0,0,0,0,0,0,0,0,6,0,0,0,0,0,0,0,0,0,0,0,0,0,0,0,0,0,0,0,6,20,26,26,50,64,36,12,3,0,243,16,0,5,0,6,13,28,7,6,82,0,0,3,0,4,0,0,0,0,8,37,31,32,51,72,51,44,8,6,332,3,9,9,21,38,8,0,3,0,94,9,8,12,29,31,13,0,0,0,102,0,0,6,5,0,0,3,0,0,16,0,0,0,0,0,0,0,0,0,0,16,15,22,53,68,29,4,3,0,215,0,0,0,0,0,0,0,0,0,3,0,0,0,0,0,0,0,0,0,0,0,0,0,0,0,0,0,0,0,5
10602161507,core,4,16,35,45,40,25,3,0,0,164,15,6,4,3,3,5,5,0,0,38,5,0,0,6,6,3,0,0,0,7,0,0,0,0,0,0,0,0,0,0,17,24,39,49,41,33,9,0,0,211,3,3,0,0,0,0,0,0,0,5,3,0,0,0,0,0,0,0,0,3,4,3,0,0,0,0,0,0,0,8,22,24,43,48,48,33,9,0,0,220,10,0,3,4,4,10,19,7,0,63,0,0,4,0,0,0,0,0,0,10,31,26,51,55,52,45,26,7,0,291,3,9,21,28,26,15,0,0,0,103,13,15,17,20,16,10,0,0,0,86,0,0,7,0,0,0,0,0,0,11,0,0,0,0,0,0,0,0,0,3,20,24,40,42,47,25,0,0,0,204,0,0,0,0,0,0,0,0,0,0,0,0,0,0,0,0,0,0,0,4,0,0,0,0,0,0,0,0,0,4
10602161508,core,0,6,23,31,9,3,0,0,0,74,4,0,6,3,4,0,0,0,0,14,0,0,0,0,0,0,0,0,0,7,0,0,0,0,0,0,0,0,0,0,3,10,26,30,11,8,0,0,0,95,0,0,0,0,0,0,0,0,0,0,0,0,0,0,0,0,0,0,0,0,0,0,0,0,0,0,0,0,0,0,3,8,29,33,11,8,0,0,0,101,5,6,0,0,0,3,9,17,23,66,0,0,0,0,0,0,0,0,0,8,10,13,30,36,19,7,9,17,22,178,0,0,16,14,5,3,0,0,0,38,0,0,13,14,4,3,0,0,0,37,0,0,6,0,0,6,0,0,0,8,0,0,0,0,0,0,0,0,0,0,7,0,32,25,11,14,0,0,0,85,0,0,0,0,0,0,0,0,0,0,0,0,0,0,0,0,0,0,0,3,0,0,0,0,0,0,0,0,0,3
10602161509,core,0,7,17,19,11,7,0,0,0,63,3,3,4,8,8,3,4,0,0,32,0,0,0,0,0,0,0,0,0,0,0,0,4,0,0,0,0,0,0,5,3,6,29,22,16,11,8,0,0,96,0,5,0,0,0,0,0,0,0,4,0,0,0,0,0,0,0,0,0,0,0,5,0,0,0,0,0,0,0,9,3,14,25,25,18,11,8,0,0,101,6,0,3,9,10,8,19,8,0,58,0,0,3,0,0,0,0,0,0,8,11,12,35,30,26,19,23,8,0,167,0,0,16,3,8,6,0,0,0,37,10,4,3,10,10,10,0,0,0,49,0,0,4,0,0,0,0,0,0,3,0,0,0,0,0,0,0,0,0,0,10,11,22,19,12,19,4,0,0,94,0,0,0,0,0,0,0,0,0,0,0,3,4,0,0,3,0,0,0,9,0,3,3,0,0,3,0,0,0,11
10602161510,core,0,9,28,18,15,11,0,0,0,89,0,0,4,4,3,3,0,0,0,22,0,0,0,0,0,3,0,0,0,4,0,0,0,0,0,0,0,0,0,0,8,9,31,25,23,16,0,0,0,113,0,0,0,0,0,0,0,0,0,4,0,0,0,0,0,0,0,0,0,0,0,0,0,0,0,0,0,0,0,3,4,17,31,22,20,16,0,0,0,116,12,4,7,3,4,6,18,4,0,64,3,0,0,0,0,0,0,0,0,13,17,20,37,27,29,30,26,3,0,192,0,7,15,11,4,8,0,0,0,43,5,4,17,14,10,4,0,0,0,49,0,0,0,0,0,0,0,0,0,4,0,0,0,0,0,0,0,0,0,0,7,11,30,25,14,16,0,0,0,105,0,0,0,0,0,0,0,0,0,3,0,0,0,0,0,0,0,0,0,0,3,0,0,0,0,0,0,0,0,0
10602161511,core,0,4,11,19,25,8,0,0,0,76,8,0,0,0,7,0,0,0,0,17,0,0,0,6,0,0,0,0,0,6,0,0,0,0,0,0,0,0,0,6,11,6,13,23,37,17,0,0,0,103,0,0,0,0,0,0,0,0,0,3,0,0,0,0,0,0,0,0,0,0,0,0,0,0,0,0,0,0,0,3,17,8,9,23,37,17,0,0,0,104,7,0,0,0,0,0,10,0,0,29,0,0,0,0,0,0,0,0,0,0,21,10,15,23,36,20,12,0,0,138,5,7,4,9,12,0,0,0,0,44,10,3,3,13,14,3,3,0,0,47,3,0,3,0,0,0,0,0,0,9,0,0,0,0,0,0,0,0,0,0,11,12,7,25,27,7,3,0,0,97,0,0,0,0,0,0,0,0,0,0,0,0,0,5,0,0,0,0,0,3,0,0,0,5,0,0,0,0,0,7
10602161512,core,3,9,26,25,19,10,0,0,0,97,0,0,8,5,0,0,0,0,0,18,0,0,0,0,0,3,0,0,0,4,0,0,0,0,0,0,0,0,0,0,4,9,38,25,20,11,0,0,0,118,0,0,0,0,0,0,0,0,0,4,0,0,0,0,0,0,0,0,0,0,0,0,0,5,0,0,0,0,0,3,5,9,39,29,25,11,0,0,0,123,9,0,0,8,0,8,15,7,3,51,3,0,3,6,3,3,3,3,0,20,17,11,38,40,28,21,20,11,3,190,3,13,18,13,5,8,0,0,0,54,0,5,12,14,7,8,0,0,0,48,0,0,5,0,0,0,0,0,0,10,0,0,0,0,0,0,0,0,0,0,4,23,34,30,10,12,0,0,0,113,0,0,0,0,0,0,0,0,0,3,0,0,0,0,0,0,0,0,0,3,0,0,4,0,0,0,0,0,0,6
10602161513,core,0,11,27,26,21,11,4,0,0,109,3,3,3,4,0,0,4,0,0,17,0,0,3,0,0,0,0,0,0,5,0,0,0,0,0,0,0,0,0,0,3,14,38,33,21,9,7,0,0,130,0,0,0,4,0,0,0,0,0,4,5,0,0,0,0,0,0,0,0,3,5,0,0,4,0,0,0,0,0,7,7,14,38,36,24,9,7,0,0,135,5,5,0,3,5,3,13,11,0,37,0,3,4,4,0,0,0,0,0,12,12,18,42,37,27,12,17,11,0,182,0,6,21,7,13,8,0,0,0,60,12,5,14,21,10,6,0,0,0,63,0,0,6,0,4,0,0,0,0,11,0,0,0,0,0,0,0,0,0,0,18,14,35,28,18,12,0,0,0,126,0,0,0,0,0,0,0,0,0,3,0,0,0,0,0,0,0,0,0,0,0,0,0,0,0,0,0,0,0,5
10602161514,core,0,9,8,16,11,10,3,0,0,66,0,0,0,0,0,4,4,0,0,14,0,0,0,0,0,0,0,0,0,5,0,0,0,0,0,0,0,0,0,4,3,9,9,16,15,17,3,0,0,82,0,0,0,0,0,0,0,0,0,0,0,0,0,0,0,0,0,0,0,0,0,0,0,0,0,0,0,0,0,0,3,9,9,16,15,18,3,0,0,82,7,0,0,3,0,7,9,7,0,35,5,0,0,0,0,0,0,0,0,8,20,13,9,29,17,23,13,3,0,131,0,3,8,14,13,0,4,0,0,37,3,0,4,7,9,8,4,0,0,39,0,0,3,0,6,0,0,0,0,7,0,0,0,0,0,0,0,0,0,0,3,7,7,22,24,11,7,0,0,89,0,0,0,0,0,0,0,0,0,0,0,0,0,0,0,0,0,0,0,3,0,0,0,0,0,0,0,0,0,3
10602161515,core,6,0,20,7,5,7,0,0,0,49,0,5,0,0,0,0,0,0,0,8,0,0,0,0,0,0,0,0,0,3,0,0,0,0,0,0,0,0,0,4,6,5,24,14,6,6,0,0,0,61,0,0,0,0,0,0,0,0,0,0,0,0,0,0,0,0,0,0,0,0,0,0,0,0,0,0,0,0,0,0,6,6,24,14,10,6,0,0,0,61,3,0,3,0,3,0,8,7,6,32,0,3,0,3,0,0,0,0,0,9,4,9,25,17,11,12,7,7,6,97,0,8,7,0,5,7,0,0,0,23,0,6,5,3,0,6,0,0,0,28,0,0,0,0,0,0,0,0,0,0,0,0,0,0,0,0,0,0,0,0,0,9,15,4,7,13,0,0,0,47,0,0,0,0,0,0,0,0,0,0,0,0,0,0,0,0,0,0,0,0,0,0,0,0,0,0,0,0,0,0
10602161516,core,0,9,19,27,26,19,4,0,0,96,3,3,4,6,8,8,0,0,0,25,0,0,0,0,0,0,0,0,0,0,0,0,0,0,0,0,0,0,0,0,4,9,18,35,30,24,5,3,0,130,0,0,0,0,0,0,0,0,0,3,0,0,0,0,0,0,0,0,0,0,0,0,0,0,0,0,0,0,0,3,8,9,22,35,30,24,5,3,0,131,3,0,5,7,0,10,10,10,3,47,0,0,8,0,3,0,5,0,0,20,13,10,34,35,37,37,24,16,3,202,4,0,5,10,9,8,5,0,0,43,6,7,9,9,11,7,0,0,0,57,0,3,0,0,0,0,0,0,0,10,0,0,0,0,0,0,0,0,0,0,14,10,16,24,23,17,4,0,0,114,0,0,0,0,0,0,0,0,0,0,0,0,0,0,0,0,0,0,0,4,0,0,0,0,0,0,0,0,0,4
10602161517,core,7,7,25,23,25,14,0,0,0,99,10,7,8,6,3,7,0,0,0,33,0,0,0,0,0,0,0,0,0,3,0,0,0,0,0,0,0,0,0,0,12,13,31,28,28,18,4,0,0,138,4,0,4,0,0,0,0,0,0,6,0,0,0,0,0,0,0,0,0,4,3,0,4,0,0,0,0,0,0,9,14,13,31,32,28,18,0,0,0,143,5,3,0,0,5,10,22,8,0,54,0,0,0,0,0,0,0,0,0,0,22,19,37,32,34,31,21,8,0,205,0,3,10,14,18,8,3,0,0,54,11,10,11,9,11,12,5,0,0,64,0,0,10,0,0,4,0,0,0,12,0,0,0,0,0,0,0,0,0,0,6,14,30,23,30,24,3,0,0,137,0,0,0,0,0,0,0,0,0,0,0,0,0,0,0,0,0,0,0,4,0,0,0,0,0,0,0,0,0,3
10602161518,core,0,5,29,31,18,8,0,0,0,96,3,4,7,3,0,0,0,0,0,23,0,0,0,0,3,0,0,0,0,3,0,0,0,0,0,0,0,0,0,0,3,10,36,40,21,11,0,0,0,123,3,0,0,3,0,0,0,0,0,3,0,0,0,0,0,0,0,0,0,0,4,0,0,3,0,3,0,0,0,6,10,10,36,39,21,8,0,0,0,126,0,0,0,3,0,5,5,5,0,26,0,0,0,5,0,0,0,0,0,6,13,10,43,46,23,10,12,3,0,160,0,8,20,9,10,6,0,0,0,63,3,3,13,20,10,3,0,0,0,58,0,0,0,0,4,0,0,0,0,12,0,0,0,0,0,0,0,0,0,0,5,15,37,32,23,8,0,0,0,128,0,0,0,0,0,0,0,0,0,0,0,0,0,0,0,0,0,0,0,3,0,0,0,0,0,0,0,0,0,5
10602161519,core,6,13,51,37,20,13,3,0,0,133,6,4,5,8,8,3,0,0,0,35,0,0,0,0,0,0,0,0,0,0,0,0,0,3,0,0,0,0,0,4,13,20,56,46,24,13,5,0,0,181,3,0,4,0,0,0,0,0,0,9,8,0,0,0,0,0,0,0,0,9,5,6,5,0,0,0,0,0,0,18,17,23,63,44,26,18,5,0,0,195,14,0,8,0,6,10,14,6,0,54,0,0,3,4,5,0,0,0,0,10,34,22,74,52,38,26,15,3,0,267,0,11,28,21,12,4,0,0,0,76,6,5,32,25,11,0,6,0,0,78,0,0,4,4,0,3,0,0,0,13,0,0,0,0,0,0,0,0,0,0,14,16,59,47,24,10,3,0,0,168,5,0,0,0,3,0,0,0,0,11,4,0,0,3,0,0,0,0,0,5,5,0,0,3,3,0,0,0,0,17
10602161520,core,0,14,12,25,22,32,0,0,0,107,3,3,3,5,0,3,3,0,0,17,3,0,0,0,0,0,0,0,0,5,0,0,0,0,0,0,0,0,0,0,3,15,19,24,26,38,3,0,0,126,3,0,4,0,0,0,0,0,0,12,0,0,0,0,0,0,0,0,0,0,0,0,4,0,0,0,0,0,0,10,11,17,22,25,26,38,3,0,0,141,5,0,3,6,0,9,22,18,5,67,0,0,0,0,0,4,0,0,0,4,12,17,26,29,29,52,27,18,5,211,3,4,11,9,16,7,0,0,0,55,4,8,4,6,18,13,7,0,0,58,3,0,0,0,0,0,0,0,0,9,0,0,0,0,0,0,0,0,0,6,11,14,13,18,37,22,4,0,0,122,0,0,0,0,0,0,0,0,0,3,0,0,0,0,0,0,0,0,0,7,0,0,0,0,0,0,0,0,0,6
10602161521,core,0,5,24,20,10,6,0,0,0,70,0,0,3,0,0,4,0,0,0,13,0,0,0,0,0,0,0,0,0,6,0,0,0,0,0,0,0,0,0,10,5,11,33,21,13,8,3,0,0,89,0,5,0,0,0,0,0,0,0,3,0,0,0,0,0,0,0,0,0,0,0,5,0,0,0,0,0,0,0,5,3,11,35,21,13,8,3,0,0,93,4,7,0,3,8,0,36,52,10,120,0,0,0,0,0,0,0,0,0,4,10,15,36,24,19,8,36,54,10,219,0,8,16,4,11,5,0,0,0,50,3,0,13,8,0,5,3,0,0,39,0,0,0,4,0,0,0,0,0,9,0,0,0,0,0,0,0,0,0,0,6,15,29,16,11,11,3,0,0,91,0,0,0,0,0,0,0,0,0,0,0,4,0,0,0,0,0,0,0,3,0,6,0,0,0,0,0,0,0,3
10602161522,core,0,13,58,26,17,13,0,0,0,126,5,5,4,7,0,3,0,0,0,19,0,0,4,0,0,0,0,0,0,4,0,0,3,0,0,0,0,0,0,3,0,16,69,29,22,18,5,0,0,159,3,0,0,0,0,0,0,0,0,7,0,0,0,0,0,0,0,0,0,0,3,0,0,4,0,0,0,0,0,8,4,16,67,36,20,18,5,0,0,166,6,0,5,0,4,0,7,3,0,18,0,0,0,0,3,0,0,0,0,9,12,14,76,31,26,18,7,3,0,198,0,10,21,28,3,7,0,0,0,70,5,8,20,13,0,3,3,0,0,62,0,0,6,0,0,0,0,0,0,10,0,0,0,0,0,0,0,0,0,0,3,21,50,43,9,15,4,0,0,142,0,0,0,0,0,0,0,0,0,0,0,0,0,0,0,0,0,0,0,0,0,0,0,0,0,0,0,0,0,4
10602161523,core,4,14,12,17,14,4,0,0,0,71,0,6,0,3,0,4,0,0,0,18,0,0,0,0,3,0,0,0,0,3,0,0,0,0,0,0,0,0,0,0,6,17,19,26,16,6,0,0,0,96,0,0,0,0,0,0,0,0,0,3,0,0,0,0,0,0,0,0,0,0,0,0,0,0,0,0,0,0,0,4,6,17,23,22,16,6,0,0,0,95,3,0,0,4,3,5,3,3,0,27,0,0,0,0,0,0,0,0,0,4,14,17,23,28,22,13,4,3,0,127,3,8,10,5,9,4,0,0,0,36,4,3,15,5,12,3,0,0,0,38,3,0,0,0,0,0,0,0,0,3,0,0,0,0,0,0,0,0,0,0,6,14,22,12,17,9,0,0,0,82,0,0,0,0,0,0,0,0,0,0,0,0,0,0,0,0,0,0,0,0,0,0,0,0,0,0,0,0,0,0
10602161524,core,0,4,9,14,7,14,4,0,0,54,0,0,0,0,0,0,0,0,0,8,4,4,0,0,0,0,0,0,0,3,0,0,0,0,0,0,0,0,0,0,4,8,9,12,7,16,0,0,0,63,0,0,0,0,0,0,0,0,0,0,0,0,0,0,0,0,0,0,0,0,0,0,0,0,0,0,0,0,0,0,4,8,9,12,13,16,0,0,0,69,0,0,0,0,7,6,7,4,0,21,0,0,0,0,0,0,0,0,0,0,6,8,9,17,14,18,11,4,0,87,3,7,3,8,9,5,0,0,0,25,4,3,0,3,12,8,0,0,0,31,3,0,0,4,0,4,0,0,0,7,0,0,0,0,0,0,0,0,0,4,6,10,6,11,23,17,0,0,0,71,0,0,0,0,0,0,0,0,0,3,0,0,0,0,0,0,0,0,0,3,0,0,0,0,0,0,0,0,0,6
10602161525,core,0,4,15,20,21,4,0,0,0,60,4,0,6,6,0,0,0,0,0,22,0,0,3,0,0,0,0,0,0,4,0,0,0,0,0,0,0,0,0,0,8,5,23,25,21,8,0,0,0,88,0,0,0,0,5,0,0,0,0,3,0,0,0,0,3,0,0,0,0,0,0,0,5,0,4,0,0,0,0,9,8,5,22,22,26,8,0,0,0,98,4,0,0,0,4,7,10,4,0,42,0,0,0,0,3,0,0,0,0,3,12,8,30,22,34,16,15,10,0,149,0,8,14,19,6,5,0,0,0,48,8,8,9,6,7,4,0,0,0,37,4,0,4,5,0,0,0,0,0,10,0,0,0,0,0,0,0,0,0,4,11,12,26,24,12,14,0,0,0,98,0,0,0,0,0,0,0,0,0,4,4,0,0,0,0,0,0,0,0,4,4,0,0,0,0,0,0,0,0,9
10602161526,core,3,5,14,13,19,7,0,0,0,62,4,7,5,0,0,0,0,0,0,26,0,0,0,0,0,0,0,0,0,0,0,0,0,0,0,0,0,0,0,0,13,9,21,16,20,11,0,0,0,88,0,0,0,0,0,0,0,0,0,3,0,0,0,0,0,0,0,0,0,0,0,0,0,0,0,0,0,0,0,3,13,9,21,16,20,11,0,0,0,91,6,0,0,0,0,3,10,0,0,28,0,0,0,0,0,0,0,0,0,0,19,9,21,16,21,17,10,5,0,119,0,0,16,11,12,9,0,0,0,50,9,0,4,5,4,6,0,0,0,32,0,0,0,0,0,0,0,0,0,0,0,0,0,0,0,0,0,0,0,0,7,0,20,14,24,10,0,0,0,82,0,0,0,0,0,0,0,0,0,0,0,0,0,0,0,0,0,0,0,5,0,0,0,0,0,0,0,0,0,0
10602161527,core,8,11,20,31,18,13,0,0,0,104,6,4,5,5,0,0,0,0,0,22,0,0,4,0,3,0,0,0,0,15,0,0,0,0,0,0,0,0,0,0,15,11,31,37,26,17,0,0,0,141,0,0,4,0,0,0,0,0,0,4,0,0,0,0,0,0,0,0,0,4,0,0,6,0,0,0,0,0,0,6,18,12,29,37,26,17,0,0,0,139,7,6,0,0,0,8,10,3,0,31,0,0,0,0,0,0,0,0,0,4,24,14,34,36,24,25,11,3,0,181,0,8,16,16,10,3,0,0,0,57,8,7,7,14,12,11,0,0,0,54,0,0,5,0,0,0,0,0,0,9,0,0,0,3,0,0,0,0,0,5,10,11,30,37,23,14,0,0,0,130,0,0,0,0,0,0,0,0,0,0,0,0,0,0,0,0,0,0,0,5,0,0,0,0,0,0,0,0,0,0
10602161528,core,3,3,27,42,10,3,0,0,0,88,7,3,6,7,0,0,0,0,0,24,0,0,3,0,0,0,0,0,0,8,0,0,0,0,0,0,0,0,0,0,8,6,33,47,14,11,0,0,0,119,0,0,0,0,0,0,0,0,0,0,7,0,0,0,0,0,0,0,0,7,7,0,0,0,0,0,0,0,0,3,11,9,33,48,14,11,0,0,0,124,3,0,0,6,0,4,7,6,0,33,0,0,0,0,4,4,0,0,0,7,17,9,40,54,21,16,12,6,0,160,0,4,22,17,11,0,0,0,0,52,7,3,14,20,9,3,0,0,0,56,0,0,5,4,0,0,0,0,0,11,0,0,0,0,0,0,0,0,0,0,8,6,38,33,18,7,0,0,0,120,0,0,0,0,0,4,0,0,0,4,0,0,0,0,0,0,0,0,0,4,0,0,0,6,0,4,0,0,0,4
10602161529,core,0,0,12,0,0,0,0,0,0,16,0,0,0,0,0,0,5,0,0,3,0,0,0,0,0,0,0,0,0,0,0,0,0,0,0,0,0,0,0,0,0,0,14,0,0,0,5,0,0,23,0,0,0,0,0,0,0,0,0,0,0,0,0,0,0,0,0,0,0,0,0,0,0,0,0,0,0,0,0,0,0,0,14,0,0,0,5,0,0,23,0,0,0,0,0,0,48,43,11,104,0,0,0,0,0,0,0,0,0,3,0,0,14,0,4,4,53,46,11,127,0,0,3,0,0,4,0,0,0,9,0,0,3,0,0,3,0,0,0,18,0,0,0,0,0,0,0,0,0,0,0,0,0,0,0,0,0,0,0,0,0,0,9,3,0,6,3,0,0,25,0,0,0,0,0,0,0,0,0,0,0,0,0,0,0,0,0,0,0,0,0,0,0,0,0,0,0,0,0,0
10602161530,core,0,5,26,9,12,10,3,0,0,66,0,0,6,0,5,0,0,0,0,13,0,0,0,0,0,0,0,0,0,3,0,0,0,0,0,0,0,0,0,0,0,13,27,7,12,14,4,0,0,82,0,0,0,0,0,0,0,0,0,0,0,0,0,0,0,0,0,0,0,0,0,0,0,0,0,0,0,0,0,0,0,13,27,7,20,13,8,0,0,87,3,0,0,0,0,5,12,4,0,26,0,0,0,0,0,0,0,0,0,0,3,13,27,11,20,17,14,4,0,113,0,0,5,0,10,10,0,0,0,30,7,7,6,4,5,7,0,0,0,46,0,0,0,0,0,0,0,0,0,4,0,0,0,0,0,0,0,0,0,0,7,7,10,6,17,21,0,0,0,79,0,0,0,3,0,0,0,0,0,3,0,0,0,0,0,0,0,0,0,0,0,0,0,3,0,0,0,0,0,3
10602161531,core,0,0,4,3,15,11,4,0,0,40,0,0,0,0,0,0,0,0,0,5,0,0,3,0,0,0,0,0,0,4,0,0,0,0,0,0,0,0,0,4,0,3,4,3,20,15,4,0,0,49,0,0,0,0,0,0,0,0,0,4,0,0,0,0,0,0,0,0,0,3,0,0,0,0,0,0,0,0,0,8,3,3,7,3,17,13,4,0,0,53,0,0,0,3,0,10,8,6,0,32,0,0,0,0,0,0,0,0,0,0,10,7,7,8,19,24,5,9,0,88,0,0,0,0,6,3,0,0,0,21,3,0,3,0,8,6,0,0,0,21,0,0,0,0,0,0,0,0,0,3,0,0,0,0,0,0,0,0,0,0,4,0,6,4,12,11,0,0,0,44,0,0,0,0,0,0,0,0,0,0,0,0,0,0,0,0,0,0,0,5,0,0,0,0,0,0,0,0,0,0
10602161532,core,5,11,37,32,14,13,0,0,0,111,8,0,3,0,3,3,0,0,0,15,0,0,3,3,0,0,0,0,0,7,0,0,0,0,0,0,0,0,0,0,8,17,41,37,19,16,0,0,0,129,0,0,3,0,0,0,0,0,0,3,0,0,0,0,0,0,0,0,0,0,3,0,4,0,0,0,0,0,0,5,9,19,43,35,19,16,0,0,0,140,5,3,0,8,0,6,9,7,0,38,0,6,3,4,0,0,0,0,0,14,16,21,48,52,20,20,10,7,0,187,4,6,28,20,19,0,0,0,0,80,7,5,7,17,7,3,3,0,0,50,0,0,4,4,0,0,0,0,0,7,0,0,0,0,0,0,0,0,0,0,14,15,35,40,23,10,3,0,0,141,0,0,0,0,0,0,0,0,0,5,0,0,0,0,0,0,0,0,0,0,0,0,0,0,0,0,0,0,0,4
10602161533,core,0,5,9,10,22,14,0,0,0,68,6,0,3,0,4,8,5,0,0,28,0,0,0,0,0,0,0,0,0,0,0,0,0,0,0,0,0,0,0,0,6,10,14,11,26,20,10,0,0,100,0,0,0,0,0,0,0,0,0,0,0,0,0,0,0,0,0,0,0,0,0,0,0,0,0,0,0,0,0,0,6,10,14,11,24,20,10,0,0,102,8,0,5,3,0,5,15,12,3,48,0,5,3,0,3,0,5,0,0,15,12,6,21,14,27,26,30,12,3,167,0,3,9,8,14,6,0,0,0,42,5,6,4,6,9,8,0,0,0,44,0,0,0,0,0,0,4,0,0,5,0,0,0,0,0,0,0,0,0,0,8,6,10,18,28,19,8,0,0,90,0,0,0,0,0,0,0,0,0,0,0,0,0,0,0,0,0,0,0,0,0,0,0,0,0,0,0,0,0,0
10602161534,core,0,12,29,43,24,15,0,0,0,113,0,5,0,4,3,0,5,0,0,31,0,0,5,0,0,0,0,0,0,4,0,0,0,0,0,0,0,0,0,4,5,14,34,53,31,14,5,0,0,153,0,0,0,0,0,0,0,0,0,0,0,0,0,0,0,0,0,0,0,0,0,0,0,0,0,0,0,0,0,3,5,14,34,51,33,18,6,0,0,159,0,0,0,0,3,6,21,9,3,49,0,0,0,3,0,0,0,0,0,3,9,14,34,58,32,24,26,9,4,210,0,5,18,24,14,10,0,0,0,66,8,10,21,16,19,8,0,0,0,77,0,0,3,3,0,0,0,0,0,12,0,0,0,0,0,0,0,0,0,4,10,15,47,46,31,21,0,0,0,165,3,0,0,0,0,0,0,0,0,3,0,0,0,0,0,0,0,0,0,4,3,0,0,0,0,0,0,0,0,4
10602161535,core,0,5,27,18,22,9,0,0,0,81,3,0,5,4,6,4,0,0,0,15,0,0,0,0,0,0,0,0,0,3,0,0,0,0,0,0,0,0,0,0,3,10,30,27,26,9,0,0,0,99,0,0,0,0,0,0,0,0,0,0,0,0,0,0,0,0,0,0,0,0,0,0,0,0,0,0,0,0,0,0,3,10,30,27,26,13,0,0,0,103,0,0,3,3,0,3,13,7,0,40,0,0,0,0,0,3,0,0,0,9,8,10,34,30,28,17,13,8,0,146,0,0,6,17,10,0,0,0,0,40,5,0,10,12,11,7,0,0,0,51,0,0,7,0,4,0,0,0,0,9,0,0,0,0,0,0,0,0,0,0,6,3,26,26,24,7,0,0,0,97,0,0,0,0,0,0,0,0,0,0,3,0,0,0,0,0,0,0,0,6,3,0,0,0,0,0,0,0,0,6
10602161536,core,0,15,12,17,20,19,0,0,0,71,3,5,5,3,4,3,0,0,0,26,0,0,0,3,0,5,0,0,0,5,0,0,0,0,0,0,0,0,0,0,3,14,21,19,23,25,0,0,0,107,0,0,0,0,0,0,0,0,0,0,0,0,0,0,0,0,0,0,0,0,0,0,0,0,0,0,0,0,0,3,6,14,21,19,27,23,0,0,0,112,5,5,8,0,5,8,20,7,3,54,0,0,0,0,0,0,0,0,0,3,11,16,26,19,28,29,23,7,3,166,7,4,9,8,19,13,0,0,0,52,7,8,4,8,11,10,0,0,0,48,7,0,0,0,3,0,0,0,0,12,0,0,0,0,0,0,0,0,0,0,9,11,14,18,32,20,0,0,0,109,0,0,0,0,0,0,0,0,0,3,0,0,0,0,0,0,0,0,0,0,0,0,0,3,0,0,0,0,0,0
10602161537,core,0,9,4,17,15,4,6,0,0,53,3,0,0,0,0,3,0,0,0,10,0,0,0,0,0,0,0,0,0,4,0,0,0,0,0,0,0,0,0,0,8,7,10,16,15,9,3,0,0,68,0,0,0,0,0,0,0,0,0,7,4,0,0,0,0,0,0,0,0,4,4,0,0,0,0,0,0,0,0,8,14,14,10,20,18,9,3,0,0,75,0,4,0,3,5,4,14,14,7,57,0,0,0,0,0,0,5,3,4,11,14,17,13,22,19,10,25,16,17,145,0,6,11,9,5,8,0,0,0,33,7,7,5,15,9,6,0,0,0,36,0,0,0,4,0,0,0,0,0,5,0,0,0,0,0,0,0,0,0,4,3,9,16,26,15,12,4,0,0,80,0,0,0,0,0,0,0,0,0,0,0,0,0,0,0,0,0,0,0,5,0,0,0,0,0,0,0,0,0,5
10602161538,core,0,5,24,14,7,7,4,0,0,61,0,0,4,3,0,0,0,0,0,11,0,0,0,0,4,0,0,0,0,7,0,0,0,0,0,0,0,0,0,0,0,5,27,18,5,7,4,0,0,73,0,0,0,0,0,0,0,0,0,9,0,0,0,0,0,0,0,0,0,0,3,0,0,0,0,0,0,0,0,3,3,4,27,18,10,10,4,0,0,83,5,6,3,3,3,4,19,26,0,69,0,0,0,0,0,0,0,0,0,9,4,8,32,23,16,10,16,30,0,154,0,6,7,7,7,0,0,0,0,29,0,3,8,3,7,3,0,0,0,32,0,0,0,3,0,0,0,0,0,10,0,0,0,0,0,0,0,0,0,0,0,13,20,17,12,7,0,0,0,68,0,0,0,0,0,0,0,0,0,0,0,0,0,0,0,0,0,0,0,0,0,6,0,0,0,0,0,0,0,3
10602161539,core,3,3,14,19,18,14,0,0,0,77,6,3,6,0,4,3,0,0,0,18,0,0,0,0,0,0,0,0,0,0,0,0,0,0,0,0,0,0,0,0,5,4,20,24,26,18,0,0,0,99,0,0,0,0,0,0,0,0,0,3,0,0,0,0,0,0,0,0,0,0,0,0,0,0,0,0,0,0,0,6,13,11,19,24,26,18,0,0,0,104,3,4,3,0,4,5,15,6,0,29,0,0,0,0,0,0,0,0,0,6,14,10,27,25,32,20,12,6,0,141,0,0,8,9,13,9,0,0,0,37,9,0,9,8,11,3,0,0,0,47,3,0,6,0,3,0,0,0,0,10,0,0,0,0,0,0,0,0,0,6,9,3,19,19,26,18,0,0,0,95,0,0,0,0,0,0,0,0,0,5,0,0,0,0,0,0,0,0,0,0,0,0,0,0,0,0,0,0,0,3
10602161601,core,3,9,13,18,11,11,0,0,0,57,0,0,4,8,0,0,0,0,0,16,0,5,0,0,0,0,0,0,0,5,0,0,0,0,0,0,0,0,0,0,3,10,22,25,15,11,0,0,0,78,0,0,6,0,0,0,0,0,0,0,0,0,0,0,0,0,0,0,0,0,0,0,3,0,0,0,0,0,0,5,3,10,22,25,15,8,0,0,0,82,0,0,0,3,3,5,5,8,0,29,0,0,0,0,0,0,0,0,0,7,3,17,22,28,13,17,5,8,0,122,0,0,9,15,7,3,0,0,0,42,3,5,9,8,9,3,0,0,0,37,0,0,0,3,0,0,0,0,0,4,0,0,0,0,0,0,0,0,0,0,5,7,23,26,12,7,4,0,0,81,0,0,0,0,0,0,0,0,0,3,0,0,0,0,0,0,0,0,0,3,4,0,0,0,0,0,0,0,0,6
10602161602,core,0,4,11,14,4,7,0,0,0,33,0,0,8,3,3,0,0,0,0,20,0,0,0,0,0,0,0,0,0,0,0,0,0,0,0,0,0,0,0,0,3,8,12,13,8,9,0,0,0,53,0,0,0,0,0,4,0,0,0,5,0,0,0,0,0,0,0,0,0,0,0,0,0,0,0,4,0,0,0,5,3,8,12,10,4,8,0,0,0,51,4,0,4,4,0,3,0,0,0,17,0,0,0,0,0,0,0,0,0,11,6,8,20,18,13,13,3,5,0,84,0,0,0,9,3,3,0,0,0,19,3,0,4,6,4,0,0,0,0,20,0,0,0,0,0,0,0,0,0,3,0,0,0,0,0,0,0,0,0,0,3,7,13,19,6,3,0,0,0,45,0,0,0,0,0,0,0,0,0,3,0,0,0,0,0,0,0,0,0,0,0,0,0,0,0,0,0,0,0,8
10602161603,core,3,4,21,17,8,0,0,0,0,60,0,0,5,3,0,0,5,0,0,15,0,0,0,0,0,0,0,0,0,0,0,0,0,0,0,0,0,0,0,0,6,0,28,19,15,3,4,0,0,71,0,0,0,0,0,0,0,0,0,0,3,0,0,0,0,0,0,0,0,5,3,0,0,0,0,0,0,0,0,3,3,3,28,19,15,8,4,0,0,79,0,0,6,0,0,5,14,17,7,43,0,0,3,0,0,0,0,0,0,0,8,3,30,19,17,10,20,17,7,124,3,0,16,11,7,0,0,0,0,38,6,0,7,9,4,3,0,0,0,35,0,0,4,0,0,4,0,0,0,8,0,0,0,0,0,0,0,0,0,0,8,0,22,22,8,10,5,0,0,80,0,0,0,0,0,0,0,0,0,0,0,0,0,0,0,0,0,0,0,0,0,0,0,0,0,0,0,0,0,0
10602161604,core,0,5,7,3,8,9,0,0,0,28,0,5,4,3,4,0,0,0,0,15,0,0,0,0,0,0,0,0,0,0,0,0,0,0,0,0,0,0,0,3,0,12,18,3,10,5,0,0,0,52,0,3,0,0,5,0,0,0,0,10,0,0,0,0,0,0,0,0,0,3,0,3,4,0,5,0,0,0,0,10,3,14,20,9,12,11,0,0,0,59,6,11,0,8,17,8,10,5,0,66,0,0,4,8,6,4,0,0,0,30,11,18,24,25,32,23,12,5,0,160,0,5,4,0,3,0,0,0,0,21,3,3,0,0,5,4,0,0,0,12,0,0,0,0,0,0,0,0,0,6,0,0,0,0,0,0,0,0,0,0,9,5,8,0,10,4,0,0,0,36,0,0,0,0,4,0,0,0,0,11,0,0,0,0,4,0,0,0,0,9,0,0,0,0,8,3,0,0,0,10
10602161605,core,0,3,11,13,11,8,6,0,0,45,12,0,6,3,0,5,0,0,0,31,0,0,0,0,0,0,0,0,0,0,0,0,0,0,0,0,0,0,0,0,12,3,19,15,17,9,4,0,0,82,0,0,3,0,0,0,0,0,0,3,0,0,0,0,0,0,0,0,0,0,0,0,3,0,0,0,0,0,0,3,12,3,19,16,17,9,10,0,0,83,4,0,5,3,5,3,19,9,3,47,0,0,6,0,0,0,4,0,0,9,16,11,29,18,18,15,29,12,3,147,0,7,3,4,0,8,0,0,0,26,4,0,12,6,8,3,0,0,0,48,0,0,0,0,0,0,0,0,0,4,0,0,0,0,0,0,0,0,0,0,7,7,15,18,12,10,5,0,0,78,0,0,0,0,0,0,0,0,0,0,0,0,0,0,0,0,0,0,0,0,0,0,0,0,0,0,0,0,0,3
10602161606,core,0,10,13,16,3,7,5,0,0,50,0,0,4,4,3,3,0,0,0,12,0,0,0,0,0,0,0,0,0,0,0,0,4,0,0,0,0,0,0,3,3,8,15,20,5,7,0,0,0,68,0,0,0,0,0,0,0,0,0,4,0,0,0,0,0,0,0,0,0,7,5,0,5,0,0,0,0,0,0,11,10,11,18,21,6,13,0,0,0,80,7,0,3,0,4,8,18,6,3,49,0,0,0,0,4,0,0,0,0,3,12,12,17,25,9,18,19,6,3,130,0,3,9,3,0,4,0,0,0,20,7,3,4,4,6,3,0,0,0,35,0,0,0,0,0,0,0,0,0,0,0,0,0,0,0,0,0,0,0,4,7,13,16,13,8,12,0,0,0,59,0,0,0,0,0,0,0,0,0,0,0,0,0,0,0,0,0,0,0,4,0,0,0,0,0,0,0,0,0,4
10602161607,core,0,6,28,10,12,11,3,0,0,70,3,3,11,5,5,8,0,0,0,31,0,0,0,0,0,0,0,0,0,0,0,0,0,0,0,0,0,0,0,0,3,15,42,16,12,16,3,0,0,101,3,0,0,0,0,0,0,0,0,5,0,0,0,0,0,0,0,0,0,0,3,0,4,0,0,0,0,0,0,8,3,17,41,16,11,16,7,0,0,112,3,4,0,9,8,4,27,11,7,64,0,0,0,0,0,0,0,0,0,5,8,17,41,20,21,22,34,11,7,173,0,4,18,5,9,8,0,0,0,44,7,0,21,4,6,9,0,0,0,50,0,0,0,0,3,0,0,0,0,8,0,0,0,0,0,0,0,0,0,0,4,4,44,14,16,22,0,0,0,100,0,0,0,0,0,3,0,0,0,5,0,0,0,0,0,0,0,0,0,4,0,0,0,0,0,3,0,0,0,7
10602161608,core,5,0,7,0,13,7,0,0,0,39,0,0,0,0,4,5,0,0,0,12,0,0,0,0,0,0,0,0,0,3,0,0,0,0,0,0,0,0,0,3,9,0,15,3,19,10,0,0,0,54,0,0,9,6,0,0,0,0,0,7,0,0,0,0,0,0,0,0,0,0,0,0,9,6,0,0,0,0,0,7,9,5,17,5,19,10,0,0,0,61,0,0,0,3,3,8,12,4,3,32,0,0,4,0,0,0,0,0,0,8,8,5,22,10,20,18,10,4,3,95,0,0,5,5,4,0,0,0,0,14,3,3,7,3,4,9,0,0,0,21,0,0,0,0,0,0,0,0,0,4,0,0,0,0,0,0,0,0,0,0,3,7,9,12,7,9,0,0,0,43,0,0,0,0,0,0,0,0,0,0,0,0,0,0,0,0,0,0,0,0,0,0,0,0,0,0,0,0,0,0
10602161609,core,0,8,27,25,18,10,0,0,0,84,4,0,7,3,6,6,4,0,0,29,0,0,0,3,0,0,0,0,0,4,0,0,0,0,0,0,0,0,0,0,0,6,32,29,25,14,8,0,0,118,0,0,0,0,0,0,0,0,0,6,0,3,0,0,0,0,0,0,0,6,4,0,0,0,0,0,0,0,0,13,8,10,32,35,25,16,8,0,0,128,0,3,4,0,6,13,13,12,6,67,0,0,0,0,0,0,0,0,0,8,10,12,33,37,32,34,23,14,4,197,0,3,19,11,14,11,0,0,0,60,5,7,10,16,9,6,0,0,0,53,0,0,5,5,3,0,0,0,0,14,0,0,0,0,0,0,0,0,0,5,0,12,36,31,25,19,0,0,0,128,4,0,0,0,0,0,0,0,0,9,4,0,0,0,0,0,0,0,0,8,5,0,0,0,5,0,0,0,0,13
10602161610,core,4,17,24,21,18,9,0,0,0,90,4,0,8,3,0,3,0,0,0,28,0,0,0,0,0,0,0,0,0,5,0,0,0,0,0,0,0,0,0,0,9,17,37,23,18,14,0,0,0,119,0,0,0,0,0,0,0,0,0,5,0,0,0,0,0,0,0,0,0,4,0,3,0,0,0,0,0,0,0,9,9,24,38,24,21,14,0,0,0,124,4,0,3,6,4,8,20,5,4,61,0,0,0,5,0,4,0,0,0,9,11,22,46,32,26,25,21,12,4,197,0,3,19,15,11,7,0,0,0,50,0,10,9,7,8,5,0,0,0,46,5,0,0,0,0,0,0,0,0,12,0,0,0,0,0,0,0,0,0,0,3,19,22,27,21,19,0,0,0,106,0,0,0,0,0,0,0,0,0,0,0,0,0,0,0,0,0,0,0,0,0,0,3,0,0,0,0,0,0,8
10602161611,core,0,0,0,0,0,0,0,0,0,5,0,0,0,0,0,0,0,0,0,0,0,0,0,0,0,0,0,0,0,0,0,0,0,0,0,0,0,0,0,0,0,0,0,0,0,0,0,0,0,0,0,0,0,0,0,0,0,0,0,0,0,0,0,0,0,0,0,0,0,0,0,0,0,0,0,0,0,0,0,0,0,0,0,0,0,0,0,0,0,0,0,0,0,0,0,0,0,0,0,0,0,0,0,0,0,0,0,0,0,0,0,0,0,0,0,0,0,0,0,0,0,0,0,0,0,0,0,0,0,0,0,0,0,0,0,0,0,0,0,0,0,0,0,0,0,0,0,0,0,0,0,0,0,0,0,0,0,0,0,0,0,0,0,0,0,0,0,0,0,0,0,0,0,0,0,0,0,0,0,0,0,0,0,0,0,0,0,0,0,0,0,0,0,0,0,0,0,0,0,0
10602161612,core,0,3,13,10,8,3,0,0,0,50,3,4,0,5,0,0,0,0,0,20,0,0,0,3,0,0,3,0,0,5,0,0,6,0,0,0,0,0,0,0,3,12,22,23,13,8,4,0,0,86,0,0,0,0,0,0,0,0,0,9,0,0,0,0,0,0,0,0,0,0,0,3,0,0,0,0,0,0,0,5,4,10,23,23,12,9,4,0,0,89,9,0,0,6,11,9,9,3,5,59,0,0,6,3,0,0,8,0,0,17,14,18,24,31,22,22,21,3,5,162,0,3,11,4,8,7,0,0,0,28,4,3,6,7,7,6,0,0,0,48,0,3,4,0,5,0,0,0,0,16,0,0,0,0,0,0,0,0,0,5,3,8,21,11,17,16,5,0,0,85,0,0,0,0,0,0,0,0,0,5,0,0,0,0,0,0,0,0,0,3,0,5,0,0,0,0,0,0,0,3
10602161613,core,0,8,29,27,19,15,8,0,0,101,3,4,6,3,8,3,0,0,0,25,0,0,0,0,0,0,0,0,0,4,0,0,0,0,0,0,0,0,0,0,6,16,41,33,23,15,5,0,0,127,0,0,0,0,4,0,0,0,0,0,0,0,0,0,0,0,0,0,0,3,0,0,0,0,4,0,0,0,0,9,4,10,40,27,24,17,5,0,0,135,8,0,3,6,6,7,12,10,0,52,0,3,0,4,0,0,0,0,0,12,20,19,44,38,24,21,19,10,0,201,0,3,18,8,11,9,0,0,0,56,10,4,16,9,7,11,0,0,0,49,0,0,3,0,0,0,0,0,0,3,0,0,0,0,0,0,0,0,0,3,9,12,44,15,20,19,0,0,0,116,0,0,0,0,0,0,0,0,0,0,0,0,0,0,0,0,0,0,0,4,7,0,0,0,0,0,0,0,0,3
10602161614,core,0,9,27,16,11,9,0,0,0,71,3,3,15,3,0,0,0,0,0,31,0,0,0,0,0,0,0,0,0,6,0,0,0,0,0,0,0,0,0,3,3,12,41,16,14,13,0,0,0,105,5,0,0,0,3,0,0,0,0,7,0,0,0,0,0,0,0,0,0,5,3,0,5,0,3,0,0,0,0,11,6,17,43,21,17,13,0,0,0,119,5,0,3,15,7,16,19,13,0,78,0,0,5,3,5,0,0,0,0,13,9,22,53,34,29,25,25,13,0,208,0,0,13,8,9,10,4,0,0,41,0,5,10,12,8,3,0,0,0,43,0,0,4,0,0,0,0,0,0,6,0,0,0,0,0,0,0,0,0,0,7,13,32,16,16,14,0,0,0,96,0,0,0,0,0,0,0,0,0,0,0,0,0,0,0,0,0,0,0,0,0,0,0,0,0,0,0,0,0,6
10602161615,core,9,13,40,29,13,10,3,0,0,114,9,7,5,5,3,7,0,0,0,34,0,0,3,0,0,0,3,0,0,8,0,3,0,0,0,0,0,0,0,0,13,22,45,30,25,16,3,0,0,156,4,0,0,4,0,0,0,0,0,0,0,0,0,0,0,0,0,0,0,4,4,0,0,4,0,0,0,0,0,5,17,23,45,37,25,16,3,0,0,167,8,0,3,0,3,9,17,3,0,43,3,4,8,3,4,4,0,0,0,28,29,24,54,44,32,30,22,3,0,238,0,16,26,17,11,7,0,0,0,75,0,12,13,14,12,6,0,0,0,54,0,3,0,4,0,0,0,0,0,14,0,0,0,0,0,0,0,0,0,4,4,28,39,32,28,13,8,0,0,146,0,0,0,0,0,0,0,0,0,5,0,0,0,0,0,0,0,0,0,7,0,0,3,3,0,0,0,0,0,6
10602161616,core,0,3,22,15,7,11,3,0,0,63,3,0,6,6,0,0,3,0,0,19,0,0,0,0,0,0,0,0,0,0,0,0,0,0,0,0,0,0,0,4,3,4,29,20,12,11,5,0,0,83,0,0,0,0,0,0,0,0,0,0,0,0,0,0,0,0,0,0,0,0,0,0,0,0,0,0,0,0,0,4,4,4,26,23,12,11,5,0,0,89,9,0,3,0,6,11,17,8,0,47,0,0,4,3,0,0,0,0,0,3,12,3,36,24,14,16,17,8,0,143,0,0,8,9,4,5,0,0,0,28,0,3,15,3,7,3,4,0,0,40,0,0,0,3,0,0,0,0,0,8,0,0,0,0,0,0,0,0,0,0,0,7,26,16,19,8,3,0,0,70,0,0,0,0,0,0,0,0,0,4,0,0,0,0,0,0,0,0,0,3,0,0,0,0,0,3,0,0,0,5
10602161617,core,4,4,46,34,15,12,0,0,0,117,5,0,6,3,3,0,0,0,0,21,0,0,0,0,4,0,0,0,0,8,0,0,0,0,0,0,0,0,0,0,8,5,53,40,21,9,0,0,0,143,0,0,3,0,0,0,0,0,0,7,4,0,0,0,0,0,0,0,0,3,4,3,3,0,0,0,0,0,0,9,13,7,55,40,21,9,0,0,0,148,4,5,0,0,6,4,6,0,0,24,0,0,5,0,0,0,0,0,0,4,15,13,57,46,25,19,6,0,0,180,0,6,30,24,7,4,0,0,0,74,5,8,22,15,5,3,0,0,0,60,0,0,8,0,0,0,0,0,0,11,0,0,0,0,0,0,0,0,0,0,10,16,58,41,20,5,0,0,0,149,0,0,0,0,0,0,0,0,0,6,0,0,0,0,0,0,0,0,0,0,0,0,0,0,0,0,0,0,0,6
10602161618,core,0,5,12,17,9,12,3,0,0,63,9,9,12,4,0,0,0,0,0,34,0,0,0,0,0,0,0,0,0,6,0,0,0,0,0,0,0,0,0,4,6,13,28,20,13,13,3,0,0,98,0,0,0,0,3,0,0,0,0,3,0,0,0,0,0,0,0,0,0,0,0,0,3,0,3,0,0,0,0,4,4,13,32,27,15,11,3,0,0,107,0,5,0,7,4,11,19,15,3,59,0,0,3,4,4,3,0,0,0,12,13,16,33,34,25,28,22,15,3,177,0,3,18,8,11,4,0,0,0,45,7,4,9,8,11,10,3,0,0,51,0,3,6,0,0,0,0,0,0,7,0,0,4,0,0,0,0,0,0,4,8,8,28,18,20,17,0,0,0,98,0,0,0,0,0,0,0,0,0,4,0,0,0,0,0,0,0,0,0,0,0,0,0,0,0,0,0,0,0,0
10602161619,core,0,5,47,29,26,9,4,0,0,129,12,3,6,7,6,8,0,0,0,37,0,0,4,0,0,0,0,0,0,10,0,0,5,0,0,0,0,0,0,5,14,9,62,37,37,23,3,0,0,185,0,3,0,0,0,0,0,0,0,5,0,0,0,0,0,0,0,0,0,7,3,0,0,0,0,0,0,0,0,12,15,11,67,36,37,24,3,0,0,191,3,5,6,6,0,4,13,5,0,39,0,0,5,0,0,0,0,0,0,17,21,13,74,46,42,32,13,5,0,248,0,11,17,14,11,7,0,0,0,60,9,3,24,15,19,14,0,0,0,80,0,4,6,0,0,0,0,0,0,16,0,0,0,0,0,0,0,0,0,6,13,21,48,30,36,18,0,0,0,163,0,4,0,0,0,0,0,0,0,0,6,0,0,0,0,0,0,0,0,4,6,4,0,0,0,0,0,0,0,13
10602161620,core,0,3,6,11,14,10,6,0,0,47,4,3,5,0,3,0,0,0,0,12,0,0,0,0,0,0,0,0,0,4,0,0,0,0,0,0,0,0,0,0,3,0,9,9,14,9,9,0,0,60,0,0,0,0,0,0,0,0,0,0,0,0,0,0,0,0,0,0,0,0,0,0,0,0,0,0,0,0,0,0,9,3,9,9,14,9,9,0,0,66,5,0,0,0,0,0,10,6,0,18,0,0,0,3,0,0,3,0,0,3,8,3,9,16,14,10,24,9,0,94,0,0,4,0,7,5,0,0,0,20,0,0,0,4,4,9,4,0,0,28,0,0,0,0,0,3,0,0,0,9,0,0,0,0,0,0,0,0,0,0,3,0,8,4,15,15,4,0,0,55,0,0,0,0,0,0,0,0,0,0,0,0,0,0,0,0,0,0,0,0,0,0,0,0,0,0,0,0,0,0
10602161701,core,5,5,12,18,26,3,0,0,0,67,8,3,3,0,5,3,3,4,0,30,0,0,0,0,0,0,0,0,0,5,0,0,0,0,0,0,0,0,0,0,8,8,19,17,34,9,3,4,0,99,0,0,0,0,0,0,0,0,0,0,0,0,0,0,0,0,0,0,0,5,0,0,0,0,0,0,0,0,0,5,13,7,19,17,34,9,3,4,0,103,9,0,0,0,0,8,62,71,15,159,0,0,0,0,0,0,0,5,0,5,17,9,18,20,31,17,60,73,15,270,0,0,11,19,10,7,0,0,0,45,10,8,13,11,6,3,5,0,0,59,6,0,5,0,0,0,0,0,0,13,0,0,0,0,0,0,0,0,0,0,11,7,26,32,25,10,8,0,0,117,0,0,0,0,0,0,0,0,0,0,0,0,0,0,0,0,0,0,0,8,3,4,0,0,0,0,0,0,0,6
10602161702,core,0,5,24,7,3,12,0,0,0,62,0,0,0,4,0,4,0,0,0,13,0,0,0,0,0,4,0,0,0,3,0,0,0,0,0,0,0,0,0,4,3,7,24,17,5,17,0,0,0,78,0,3,0,0,0,4,0,0,0,4,0,0,0,0,0,0,0,0,0,0,0,3,0,0,0,4,0,0,0,4,3,8,24,15,5,20,0,0,0,86,6,0,7,4,0,4,14,5,5,48,0,0,0,3,0,3,0,0,0,6,8,12,29,20,9,26,14,5,5,135,0,4,15,7,9,6,0,0,0,42,0,4,5,4,12,3,0,0,0,34,0,0,0,0,0,0,0,0,0,4,0,0,0,0,0,0,0,0,0,0,0,12,23,9,19,11,0,0,0,78,0,0,0,0,0,0,0,0,0,0,0,0,0,0,0,0,0,0,0,0,0,0,0,0,0,0,0,0,0,5
10602161703,core,3,19,36,41,32,17,0,0,0,160,13,8,9,0,10,7,0,0,0,36,0,0,4,0,0,0,0,0,0,7,0,0,0,0,0,0,0,0,0,0,15,24,50,48,38,30,10,0,0,210,3,0,0,0,3,0,0,0,0,8,0,0,0,0,0,0,0,0,0,3,8,0,3,0,3,0,0,0,0,9,19,24,52,54,44,30,4,0,0,220,9,3,3,3,0,4,15,7,0,48,0,0,0,5,0,0,0,0,0,6,34,24,56,55,41,29,20,10,0,280,4,17,18,26,29,11,0,0,0,101,7,7,21,26,15,14,3,0,0,92,0,3,7,0,0,4,0,0,0,15,0,0,0,0,0,0,0,0,0,3,10,23,49,58,48,26,6,0,0,213,0,0,4,5,0,0,0,0,0,5,7,0,0,0,0,0,0,0,0,5,7,4,4,0,0,0,0,0,0,11
10602161704,core,0,7,20,17,20,18,0,0,0,91,4,3,4,0,5,8,4,0,0,24,0,0,0,0,0,0,0,0,0,8,0,0,0,0,0,0,0,0,0,0,11,12,30,17,26,24,5,0,0,123,0,0,0,0,0,0,0,0,0,4,0,0,0,0,0,0,0,0,0,4,3,0,0,0,0,3,0,0,0,5,12,12,35,17,26,28,5,0,0,123,6,5,4,3,5,6,18,19,6,74,0,0,3,0,0,0,5,4,0,9,16,15,34,15,30,36,29,24,8,211,0,11,8,10,11,3,0,0,0,40,3,4,6,13,16,8,4,0,0,54,0,0,3,0,0,3,0,0,0,10,0,0,0,0,0,0,0,0,0,0,3,18,21,23,27,11,4,0,0,107,0,0,0,0,0,0,0,0,0,0,0,0,0,0,0,0,0,0,0,0,0,0,0,0,0,0,0,0,0,3
10602161705,core,0,9,21,20,9,8,0,0,0,71,9,0,8,9,0,3,0,0,0,33,0,0,0,0,0,5,0,0,0,4,0,0,0,3,0,0,0,0,0,3,9,8,28,32,16,15,3,0,0,112,0,0,0,0,0,0,0,0,0,3,0,0,0,0,0,0,0,0,0,0,0,0,0,0,0,0,0,0,0,3,9,8,29,32,17,15,3,0,0,111,4,4,0,0,0,11,18,11,10,63,0,0,0,0,0,0,0,0,0,3,8,14,35,34,22,31,23,11,9,177,0,5,12,13,9,9,0,0,0,38,5,6,12,7,5,18,3,0,0,54,0,0,5,0,4,0,0,0,0,8,0,0,0,0,0,0,0,0,0,0,5,7,28,21,14,29,3,0,0,113,0,0,0,0,0,0,0,0,0,0,0,0,0,0,0,0,0,0,0,0,0,0,0,0,0,0,0,0,0,0
10602161706,core,5,11,18,14,20,6,0,0,0,77,3,8,13,3,7,3,4,0,0,35,0,0,0,0,0,6,0,0,0,9,0,0,0,0,0,0,0,0,0,0,10,11,31,19,24,13,6,0,0,124,0,0,0,0,0,0,0,0,0,0,4,0,0,0,0,0,0,0,0,3,5,0,0,0,0,0,0,0,0,13,12,11,30,24,24,18,7,0,0,131,7,0,3,8,4,10,19,22,5,70,0,0,6,0,0,0,4,0,0,9,22,18,42,29,29,27,21,25,7,213,9,8,23,11,11,7,0,0,0,63,3,5,10,6,8,9,3,0,0,42,0,0,7,5,0,0,0,0,0,9,0,0,0,0,0,0,0,0,0,0,10,9,34,16,18,16,3,0,0,111,0,0,0,0,0,0,0,0,0,3,0,0,0,4,0,0,0,0,0,3,0,0,0,4,0,0,0,0,0,5
10602161707,core,3,5,32,19,14,14,0,0,0,82,0,3,13,5,5,5,0,0,0,26,0,3,0,0,0,0,0,0,0,10,0,0,0,0,0,6,0,0,0,5,5,14,36,26,19,20,3,0,0,130,0,0,3,0,0,0,0,0,0,3,0,0,0,0,0,0,0,0,0,0,0,0,3,0,0,0,0,0,0,4,5,12,39,28,19,20,0,0,0,135,7,9,3,0,0,10,24,15,3,77,0,0,0,0,4,0,3,0,0,5,16,19,45,33,27,28,31,15,3,217,0,5,11,10,5,9,0,0,0,49,6,6,18,9,3,4,3,0,0,47,0,0,0,0,0,5,0,0,0,3,0,0,0,0,0,0,0,0,0,5,7,9,26,17,16,17,8,0,0,101,0,0,0,0,0,0,0,0,0,4,0,0,0,4,0,0,0,0,0,7,0,3,0,4,4,0,0,0,0,7
10602161708,core,0,0,12,14,8,6,0,0,0,47,0,0,8,0,0,6,5,0,0,20,0,0,0,0,0,0,0,6,0,4,0,0,0,0,0,0,0,0,0,0,0,3,15,14,13,13,8,6,0,68,0,0,0,0,0,0,0,0,0,3,0,0,0,0,0,0,0,0,0,0,0,0,0,0,0,0,0,0,0,3,4,3,16,14,15,13,8,6,0,72,0,0,0,5,3,11,19,15,0,52,0,0,3,4,0,0,3,3,0,11,8,3,21,19,14,24,32,18,0,135,0,6,3,8,11,12,0,0,0,30,0,10,6,6,12,7,3,0,0,45,0,0,0,0,0,0,0,0,0,5,0,0,0,0,0,0,0,0,0,5,4,6,13,15,18,16,7,0,0,82,0,0,0,0,0,0,0,0,0,0,0,0,4,0,0,0,0,0,0,7,0,0,3,0,0,0,0,0,0,4
10602161709,core,0,5,3,0,0,6,0,0,0,21,3,0,0,0,3,0,3,0,0,7,0,0,0,0,0,0,0,0,0,3,0,0,0,0,0,0,0,0,0,0,3,9,5,8,3,3,4,0,0,32,4,0,5,0,0,0,0,0,0,10,0,0,0,0,0,0,0,0,0,0,4,0,3,0,0,0,0,0,0,8,3,9,11,8,3,3,4,0,0,37,9,0,6,5,8,8,4,0,0,45,4,5,4,4,5,0,0,0,0,21,15,13,22,11,19,13,6,0,0,102,0,0,0,0,0,6,0,0,0,4,0,0,0,6,9,0,0,0,0,14,0,0,0,0,0,0,0,0,0,0,0,0,0,0,0,0,0,0,0,0,0,0,3,6,8,4,0,0,0,24,0,0,0,0,0,0,0,0,0,0,0,0,0,0,0,0,0,0,0,0,3,0,0,0,0,0,0,0,0,3
10602161710,core,3,5,0,6,3,0,0,0,0,20,0,0,0,0,0,0,0,0,0,4,0,0,0,0,0,0,0,0,0,0,0,0,0,0,0,0,0,0,0,0,0,8,0,6,4,4,0,0,0,30,0,0,0,0,0,0,0,0,0,0,0,0,0,0,0,0,0,0,0,0,0,0,0,0,0,0,0,0,0,0,0,6,0,6,4,4,0,0,0,28,0,5,0,0,0,0,6,0,0,10,0,0,0,0,3,0,0,0,0,4,4,9,0,6,10,3,3,5,0,40,0,5,0,0,3,0,0,0,0,4,0,0,6,3,3,0,0,0,0,6,0,0,0,0,0,0,0,0,0,0,0,0,0,0,0,0,0,0,0,0,5,5,6,3,7,0,0,0,0,19,0,0,0,0,0,0,0,0,0,0,0,0,0,0,0,0,0,0,0,0,0,0,0,0,0,0,0,0,0,0
10602161711,core,3,4,9,4,15,14,0,0,0,52,0,0,0,0,0,5,0,0,0,14,0,0,0,0,0,0,0,0,0,4,0,0,0,0,0,0,0,0,0,3,9,8,15,6,19,13,0,0,0,75,0,0,0,0,0,0,0,0,0,4,0,0,0,0,0,0,0,0,0,4,0,0,0,0,0,0,0,0,0,3,5,8,15,8,19,18,0,0,0,75,0,0,0,0,4,4,14,11,5,42,0,0,0,0,0,0,0,4,0,6,9,8,21,12,23,24,21,12,5,124,0,0,8,9,10,4,0,0,0,39,3,3,5,9,8,9,0,0,0,43,0,0,0,0,0,0,0,0,0,5,0,0,0,0,0,0,0,0,0,3,8,13,20,16,25,12,3,0,0,95,0,0,0,0,0,0,0,0,0,0,0,0,0,0,0,0,0,0,0,0,0,0,0,0,0,0,0,0,0,0
10602161712,core,5,6,27,17,24,8,3,0,0,84,0,7,0,4,0,0,0,0,0,18,0,0,0,0,0,0,0,0,0,5,0,0,3,0,0,0,0,0,0,3,5,10,28,25,29,9,3,0,0,110,0,0,0,0,0,0,0,0,0,3,0,0,0,0,0,0,0,0,0,7,0,0,0,5,0,0,0,0,0,9,5,10,28,26,29,8,3,0,0,118,7,0,6,4,5,5,19,13,3,58,0,4,0,0,0,3,3,0,0,12,12,13,36,30,35,19,20,12,7,184,0,9,14,10,16,16,0,0,0,62,5,0,8,12,10,6,0,0,0,43,0,0,5,0,0,0,0,0,0,8,0,0,0,0,0,0,0,0,0,0,6,10,33,23,27,21,0,0,0,115,0,0,0,0,0,0,0,0,0,0,0,0,0,0,0,3,0,0,0,0,0,0,0,0,0,3,0,0,0,6
10602161713,core,5,5,21,40,28,13,9,0,0,116,5,0,8,3,5,0,0,0,0,23,0,4,0,5,3,0,0,0,0,14,0,0,0,0,0,0,0,0,0,4,13,10,26,47,36,20,9,0,0,157,0,0,0,0,0,4,0,0,0,8,0,0,0,0,0,0,0,0,0,3,0,3,0,0,0,4,0,0,0,9,13,14,29,47,36,23,9,0,0,162,11,3,3,0,5,7,25,9,0,61,0,0,0,0,0,0,0,0,0,8,18,16,29,54,42,26,30,9,3,238,3,3,15,18,24,11,0,0,0,72,11,3,9,27,16,15,6,0,0,94,0,0,4,9,0,0,0,0,0,20,0,0,0,0,0,0,0,0,0,0,15,10,30,56,39,28,6,0,0,182,0,0,3,0,0,0,0,0,0,7,0,0,3,0,0,0,0,0,0,0,0,0,5,0,0,0,0,0,0,8
10602161714,core,3,15,28,28,17,19,0,0,0,110,3,6,10,5,3,4,0,0,0,30,0,0,0,0,0,3,0,0,0,7,0,0,0,3,3,0,0,0,0,5,8,14,37,32,28,25,0,0,0,153,0,0,3,0,3,0,0,0,0,5,0,0,0,0,0,0,0,0,0,3,0,0,3,0,3,0,0,0,0,8,8,14,39,37,31,25,0,0,0,158,3,4,7,0,3,3,24,7,8,63,0,0,0,0,0,0,0,0,0,3,11,19,49,35,36,31,27,7,8,221,4,6,22,9,25,14,0,0,0,80,3,5,15,14,6,15,3,0,0,60,3,0,0,3,0,3,0,0,0,15,0,0,0,0,0,0,0,0,0,0,7,10,34,30,37,33,3,0,0,152,0,0,0,0,0,0,0,0,0,0,0,0,0,0,0,0,0,0,0,4,0,0,0,0,0,0,0,0,0,5
10602161715,core,0,5,16,23,3,10,3,0,0,60,3,4,13,0,4,6,0,0,0,35,0,0,0,3,0,0,0,0,0,3,0,0,0,0,0,0,0,0,0,3,3,12,26,27,10,19,5,0,0,102,0,0,5,0,0,0,0,0,0,4,0,0,0,0,0,0,0,0,0,4,0,0,5,0,0,4,0,0,0,6,3,12,28,27,10,17,5,0,0,108,3,0,3,0,8,7,11,7,4,48,0,0,0,0,0,0,0,0,0,4,6,13,33,28,22,26,13,9,4,154,0,11,8,14,11,6,0,0,0,49,4,5,8,14,3,0,3,0,0,38,0,0,0,0,0,3,0,0,0,4,0,0,0,0,0,0,0,0,0,0,4,16,19,24,11,14,4,0,0,94,0,0,0,0,0,0,0,0,0,0,0,0,0,0,0,0,0,0,0,4,0,0,0,0,0,0,0,0,0,6
10602161716,core,0,4,17,7,16,16,6,0,0,70,8,10,7,0,5,7,3,0,0,31,3,0,0,0,0,0,0,0,0,7,0,0,0,0,0,0,0,0,0,0,10,13,23,7,18,23,7,0,0,108,0,0,0,0,0,3,0,0,0,8,0,0,0,0,0,0,0,0,0,0,0,0,0,0,0,3,0,0,0,8,10,13,23,12,19,22,7,0,0,110,8,0,4,3,0,6,18,15,0,57,0,0,0,0,0,0,0,0,0,6,16,14,26,15,20,31,22,17,0,163,0,4,12,12,12,6,5,0,0,55,9,9,11,7,17,13,0,0,0,61,0,0,5,0,0,0,0,0,0,7,0,0,0,0,0,0,0,0,0,0,9,9,21,24,25,24,3,0,0,116,0,0,0,0,0,0,0,0,0,0,3,0,0,0,0,0,0,0,0,3,3,0,0,0,0,0,0,0,0,3
10602161717,core,0,0,10,10,8,6,0,0,0,33,0,0,4,0,5,4,0,0,0,14,0,0,0,0,0,0,0,0,0,0,0,0,0,0,0,0,0,0,0,3,5,0,14,10,10,11,0,0,0,50,0,4,0,3,0,0,0,0,0,3,0,0,0,0,0,0,0,0,0,0,0,6,0,3,0,0,0,0,0,4,3,5,10,14,10,11,0,0,0,54,8,5,3,3,6,3,15,0,0,52,0,0,4,0,3,0,0,0,0,9,10,11,22,23,21,12,21,4,0,114,0,0,9,8,3,4,0,0,0,23,0,0,5,6,9,6,0,0,0,23,0,0,0,0,0,0,0,0,0,3,0,0,0,0,0,0,0,0,0,0,4,6,15,9,14,7,3,0,0,58,0,0,0,3,0,0,0,0,0,3,5,0,0,5,0,0,0,0,0,7,5,0,0,3,0,0,0,0,0,10
10602161718,core,0,3,17,16,22,21,0,0,0,88,4,4,0,0,0,6,0,0,0,15,0,0,0,0,4,0,0,0,0,9,0,0,0,0,0,0,0,0,0,0,8,11,21,17,19,36,0,0,0,114,0,0,3,3,0,0,0,0,0,7,0,0,0,0,0,0,0,0,0,3,0,0,3,3,0,0,0,0,0,10,8,12,20,21,23,36,0,0,0,124,5,0,0,3,5,14,26,21,7,78,0,0,0,0,5,5,0,0,0,16,10,11,23,31,35,50,33,22,4,215,0,0,11,13,14,10,0,0,0,53,0,0,5,16,16,21,5,0,0,63,0,0,0,0,4,9,0,0,0,11,0,0,0,0,0,0,0,0,0,0,3,9,24,24,31,38,4,0,0,126,0,0,0,0,0,0,0,0,0,0,0,0,0,0,0,0,0,0,0,0,0,0,0,0,0,0,0,0,0,0
10602161719,core,4,5,16,35,33,21,6,0,0,115,8,7,6,4,0,3,4,0,0,30,0,0,3,0,0,0,0,0,0,10,0,0,0,0,0,0,0,0,0,0,11,13,22,37,37,25,12,0,0,153,0,0,0,0,0,0,0,0,0,8,0,0,0,0,0,0,0,0,0,0,0,0,0,0,0,0,0,0,0,7,14,13,23,42,38,29,12,0,0,163,6,0,0,0,4,4,23,6,6,60,0,0,0,0,0,0,0,0,0,10,22,13,23,40,42,37,38,6,6,227,0,5,12,19,19,9,0,0,0,72,10,0,9,18,13,7,4,0,0,64,3,0,0,0,0,3,0,0,0,10,0,0,0,0,0,0,0,0,0,0,14,12,20,45,40,18,4,0,0,145,0,0,0,0,0,0,0,0,0,0,0,0,0,0,0,0,0,0,0,0,0,0,0,0,0,0,0,0,0,0
10602161720,core,0,0,0,0,0,0,0,0,0,0,0,0,0,0,0,0,0,0,0,0,0,0,0,0,0,0,0,0,0,0,0,0,0,0,0,0,0,0,0,0,0,0,0,0,0,0,0,0,0,0,0,0,0,0,0,0,0,0,0,0,0,0,0,0,0,0,0,0,0,0,0,0,0,0,0,0,0,0,0,0,0,0,0,0,0,0,0,0,0,0,0,0,0,0,0,0,0,0,0,0,0,0,0,0,0,0,0,0,0,0,0,0,0,0,0,0,0,0,0,0,0,0,0,0,0,0,0,0,0,0,0,0,0,0,0,0,0,0,0,0,0,0,0,0,0,0,0,0,0,0,0,0,0,0,0,0,0,0,0,0,0,0,0,0,0,0,0,0,0,0,0,0,0,0,0,0,0,0,0,0,0,0,0,0,0,0,0,0,0,0,0,0,0,0,0,0,0,0,0,0
10602161721,core,3,0,31,29,16,11,3,0,0,91,9,0,9,3,4,3,0,0,0,26,0,0,3,0,0,0,0,0,0,6,0,0,0,0,0,0,0,0,0,0,12,7,48,34,23,7,7,0,0,132,0,0,0,0,0,0,0,0,0,9,0,0,0,0,0,0,0,0,0,3,5,0,3,0,0,0,0,0,0,8,14,7,46,34,23,12,8,0,0,141,5,4,7,5,0,4,25,12,6,64,0,0,0,0,0,0,5,0,3,14,23,10,47,37,27,19,31,17,11,218,3,0,21,12,11,10,0,0,0,54,3,8,11,11,8,5,0,0,0,43,4,0,4,4,0,0,0,0,0,15,0,0,0,0,0,0,0,0,0,3,7,9,46,27,22,13,0,0,0,118,0,0,0,0,0,0,0,0,0,0,0,0,0,0,0,0,0,0,0,0,0,0,0,0,0,0,0,0,0,0
10602161722,core,0,3,0,3,4,10,0,0,0,20,0,0,0,0,0,5,0,3,0,11,0,0,0,0,0,0,0,0,0,0,0,0,0,0,0,0,0,0,0,0,0,3,4,3,4,9,0,3,0,23,0,0,0,0,0,0,0,0,0,0,0,0,0,0,0,0,0,0,0,0,0,0,0,0,0,0,0,0,0,0,0,3,4,3,4,12,0,3,0,25,0,0,0,0,0,4,21,21,0,40,0,0,0,0,0,0,0,0,0,0,0,3,4,3,4,19,19,17,0,64,0,0,0,0,3,3,0,0,0,6,4,0,0,0,0,3,3,0,0,16,0,0,0,0,0,0,0,0,0,0,0,0,0,0,0,0,0,0,0,0,4,0,0,4,8,15,3,0,0,26,0,0,0,0,0,0,0,0,0,0,0,0,0,0,0,0,0,0,0,0,0,0,0,0,0,0,0,0,0,0
10602161723,core,3,5,14,9,12,6,3,0,0,57,0,0,5,4,3,3,0,0,0,15,0,0,0,0,0,0,0,0,0,0,0,0,4,0,0,0,0,0,0,4,0,7,23,13,14,11,3,0,0,76,0,0,0,0,0,0,0,0,0,0,0,0,0,0,0,0,0,0,0,0,0,0,0,0,0,0,0,0,0,0,7,7,22,13,14,11,3,0,0,80,4,0,0,6,7,4,10,12,3,49,3,0,0,0,0,0,0,0,0,7,8,7,22,23,22,16,20,14,3,133,0,5,9,10,16,3,0,0,0,36,5,0,6,12,0,10,0,0,0,35,0,0,0,0,0,3,0,0,0,0,0,0,0,0,0,0,0,0,0,0,5,3,11,21,16,12,3,0,0,78,0,0,0,0,0,0,0,0,0,4,0,0,0,0,0,0,0,0,0,0,0,0,0,0,0,0,0,0,0,9
10602161801,core,3,12,31,16,15,16,3,0,0,93,0,8,3,6,3,3,5,0,0,27,0,0,0,0,0,0,0,0,0,3,0,0,0,0,0,0,0,0,0,0,3,16,36,19,21,18,9,0,0,128,0,4,7,0,0,0,0,0,0,10,3,0,0,0,0,0,0,0,0,8,3,3,8,0,0,0,0,0,0,12,8,18,42,18,22,18,9,0,0,143,6,0,4,5,5,13,16,18,0,65,0,0,0,0,0,0,6,0,0,3,11,26,49,25,28,29,30,18,0,208,0,13,20,7,13,7,0,0,0,73,0,6,19,8,7,6,0,0,0,59,0,4,0,0,0,0,0,0,0,7,0,0,0,0,0,0,0,0,0,0,0,27,42,25,21,19,0,0,0,134,0,0,0,0,0,0,0,0,0,0,0,0,0,0,0,0,0,0,0,8,0,0,0,0,0,0,0,0,0,8
10602161802,core,3,4,10,5,13,15,0,0,0,51,4,0,3,0,0,3,0,0,0,14,0,0,0,0,0,0,0,0,0,0,0,0,0,0,0,0,0,0,0,0,6,3,15,5,13,21,4,0,0,63,0,0,0,0,0,0,0,0,0,0,0,0,0,0,0,0,0,0,0,0,0,0,0,0,0,0,0,0,0,0,6,3,15,5,13,21,4,0,0,63,3,0,3,0,0,5,23,22,0,61,0,0,0,0,0,0,0,0,0,6,9,9,22,10,13,22,23,23,0,128,0,0,3,0,8,6,0,0,0,23,8,0,6,6,7,9,3,0,0,37,0,0,0,0,0,0,0,0,0,3,0,0,0,0,0,0,0,0,0,0,5,7,14,6,11,20,3,0,0,59,0,0,0,0,0,0,0,0,0,0,0,0,0,0,0,0,0,0,0,0,0,0,0,0,0,0,0,0,0,0
10602161803,core,0,13,17,23,31,22,0,0,0,105,4,6,9,3,0,0,3,0,0,21,0,0,0,0,0,0,0,0,0,8,0,0,0,0,0,0,0,0,0,0,6,24,24,23,34,24,6,0,0,132,0,0,0,0,0,0,0,0,0,3,0,0,0,0,0,0,0,0,0,0,4,0,0,0,0,0,0,0,0,8,10,21,25,26,34,24,6,0,0,142,4,0,3,0,0,4,8,8,0,47,0,4,0,0,0,0,0,0,0,4,11,24,30,29,38,29,13,8,0,189,3,8,10,15,14,11,0,0,0,60,10,3,9,16,18,12,0,0,0,66,0,0,0,0,0,0,0,0,0,8,0,0,0,0,0,0,0,0,0,0,10,11,23,28,33,22,0,0,0,131,0,0,0,0,0,0,0,0,0,0,0,0,0,0,0,0,0,0,0,0,0,0,0,0,0,0,0,0,0,0
10602161804,core,0,3,0,6,23,4,5,0,0,42,5,0,0,6,4,4,0,0,0,16,0,0,0,0,0,0,0,0,0,0,0,0,0,0,0,0,0,0,0,0,5,8,0,5,25,11,5,0,0,59,0,0,0,0,0,0,0,0,0,0,0,0,0,0,0,0,0,0,0,0,0,0,0,0,0,0,0,0,0,0,5,8,0,5,25,11,5,0,0,59,3,0,0,0,0,3,6,4,0,25,0,0,0,0,0,0,0,0,0,0,14,8,0,9,25,15,9,4,0,87,0,0,0,3,14,0,0,0,0,26,5,6,3,3,10,3,0,0,0,23,0,0,0,0,0,0,0,0,0,0,0,0,0,0,0,0,0,0,0,0,6,0,7,9,21,3,0,0,0,49,0,0,0,0,0,0,0,0,0,0,0,0,0,0,0,0,0,0,0,0,0,0,0,0,0,0,0,0,0,0
10602161805,core,0,3,8,35,21,6,0,0,0,78,5,0,6,3,0,0,0,0,0,13,0,0,0,0,0,0,0,0,0,0,0,0,0,0,0,0,0,0,0,0,5,5,12,36,21,16,3,0,0,90,0,0,0,0,0,0,0,0,0,0,0,0,0,0,0,0,0,0,0,0,3,0,0,0,0,0,0,0,0,3,13,5,10,36,21,16,3,0,0,97,6,0,0,0,0,9,13,3,0,33,0,0,0,0,0,0,0,0,0,0,14,7,10,40,27,21,20,3,0,136,0,0,5,16,9,4,0,0,0,45,5,9,4,5,8,0,0,0,0,33,0,4,0,0,0,0,0,0,0,6,0,0,0,0,0,0,0,0,0,0,7,8,17,28,21,7,0,0,0,83,0,0,0,0,0,0,0,0,0,0,0,0,0,0,0,0,0,0,0,0,0,0,0,0,0,0,0,0,0,0
10602161806,core,3,10,25,27,29,14,10,0,0,115,6,10,5,5,3,6,3,0,0,36,5,0,0,0,3,3,0,0,0,16,0,0,0,0,0,0,0,0,0,0,13,15,25,35,35,23,8,0,0,157,3,0,0,5,0,0,0,0,0,11,3,0,0,0,0,0,0,0,0,6,3,0,0,4,0,0,0,0,0,11,18,15,25,38,41,19,11,0,0,172,3,4,6,3,0,4,22,7,0,55,0,0,7,5,0,0,3,0,0,12,24,20,34,38,41,29,33,9,0,235,0,11,18,21,27,8,0,0,0,81,8,11,16,14,18,16,6,0,0,71,0,0,0,3,0,4,0,0,0,11,0,0,0,0,0,0,0,0,0,0,7,18,32,34,46,20,4,0,0,163,0,0,0,0,0,0,0,0,0,3,0,0,0,3,0,0,0,0,0,5,0,0,0,3,0,0,0,0,0,4
10602161807,core,0,4,34,28,21,12,0,0,0,102,4,5,4,7,0,0,0,0,0,18,0,0,0,3,0,0,0,0,0,9,0,0,0,0,0,0,0,0,0,3,9,6,37,37,23,14,0,0,0,128,5,0,0,0,0,0,0,0,0,4,0,0,0,0,0,0,0,0,0,0,5,0,0,0,0,0,0,0,0,4,8,6,37,37,23,17,0,0,0,130,9,0,0,3,3,3,11,4,0,32,0,0,0,0,0,0,0,0,0,0,13,15,37,40,28,18,11,4,0,163,5,4,23,21,14,8,0,0,0,64,13,0,8,18,6,10,0,0,0,62,0,0,4,3,0,0,0,0,0,11,0,0,0,0,0,0,0,0,0,0,13,4,37,47,18,18,0,0,0,138,0,0,0,0,0,0,0,0,0,0,0,0,0,0,0,0,0,0,0,0,0,3,4,0,0,0,0,0,0,6
10602161808,core,0,0,0,0,0,0,0,0,0,0,0,0,0,0,0,0,0,0,0,0,0,0,0,0,0,0,0,0,0,0,0,0,0,0,0,0,0,0,0,0,0,0,0,0,0,0,0,0,0,0,0,0,0,0,0,0,0,0,0,0,0,0,0,0,0,0,0,0,0,0,0,0,0,0,0,0,0,0,0,0,0,0,0,0,0,0,0,0,0,0,0,0,0,0,0,0,0,0,0,0,0,0,0,0,0,0,0,0,0,0,0,0,0,0,0,0,0,0,0,0,0,0,0,0,0,0,0,0,0,0,0,0,0,0,0,0,0,0,0,0,0,0,0,0,0,0,0,0,0,0,0,0,0,0,0,0,0,0,0,0,0,0,0,0,0,0,0,0,0,0,0,0,0,0,0,0,0,0,0,0,0,0,0,0,0,0,0,0,0,0,0,0,0,0,0,0,0,0,0,0
10602161809,core,0,10,21,11,7,12,0,0,0,61,3,0,6,6,4,0,0,0,0,20,0,0,0,0,0,0,0,0,0,5,0,0,0,0,0,0,0,0,0,0,0,12,30,17,12,11,4,0,0,88,0,0,3,0,0,0,0,0,0,6,0,0,0,0,0,0,0,0,0,0,0,0,3,0,0,0,0,0,0,3,4,11,30,17,14,11,4,0,0,90,5,0,7,7,4,9,24,7,0,65,0,5,0,5,3,0,0,0,0,20,11,18,38,30,22,23,26,7,0,174,0,0,13,5,3,6,0,0,0,35,3,9,17,3,0,4,4,0,0,33,0,0,0,0,0,0,0,0,0,6,0,0,0,0,0,0,0,0,0,6,3,9,31,11,6,4,3,0,0,72,0,0,0,4,3,0,0,0,0,7,0,0,0,0,0,0,0,0,0,3,0,0,0,3,0,0,0,0,0,14
10602161810,core,0,14,42,24,9,3,0,0,0,99,8,6,5,0,0,0,0,0,0,19,0,0,0,3,0,0,0,0,0,7,0,0,0,0,0,0,0,0,0,0,10,18,53,29,9,3,0,0,0,124,0,0,0,0,0,0,0,0,0,0,0,0,0,0,0,0,0,0,0,0,0,0,0,0,0,0,0,0,0,0,10,18,53,29,11,3,0,0,0,126,0,0,0,0,7,4,3,0,0,14,0,0,6,0,0,0,0,0,0,6,7,21,56,29,15,9,6,0,0,147,5,13,30,6,4,0,0,0,0,56,0,6,13,10,3,0,0,0,0,38,3,0,9,4,0,0,0,0,0,12,0,0,0,0,0,0,0,0,0,0,7,20,45,17,10,0,0,0,0,105,0,0,0,0,0,0,0,0,0,0,0,0,0,0,0,0,0,0,0,3,0,0,0,0,0,0,0,0,0,3
10602161811,core,6,3,16,7,4,17,6,0,0,58,7,0,0,3,6,0,3,0,0,18,0,0,0,0,0,0,0,0,0,3,0,0,0,0,0,0,0,0,0,0,8,4,19,6,8,15,6,0,0,77,0,0,0,0,0,0,0,0,0,4,0,0,0,0,0,0,0,0,0,0,0,3,0,0,0,0,0,0,0,6,8,7,25,6,6,20,6,0,0,80,0,0,5,0,0,9,6,3,3,31,0,0,0,0,0,4,0,0,0,3,12,7,28,12,6,30,13,3,3,117,0,6,10,5,6,5,0,0,0,36,3,3,4,13,0,5,0,0,0,33,0,0,4,0,0,0,0,0,0,3,0,0,0,0,0,0,0,0,0,0,6,6,18,19,12,9,0,0,0,72,0,0,0,0,0,0,0,0,0,3,0,0,0,0,0,0,0,0,0,0,0,0,0,0,0,0,0,0,0,9
10602161812,core,0,8,18,15,27,17,0,0,0,84,11,8,6,3,6,0,0,0,0,28,0,0,0,0,0,0,0,0,0,6,0,0,0,0,0,0,0,0,0,0,12,7,16,18,27,24,0,0,0,118,0,0,0,0,0,0,0,0,0,5,0,0,0,0,0,0,0,0,0,0,0,0,0,0,0,0,0,0,0,3,12,16,24,18,33,24,0,0,0,118,5,3,3,0,0,9,17,4,0,44,0,0,0,0,4,0,0,0,0,3,16,14,23,19,35,29,20,6,0,162,0,8,7,6,17,9,0,0,0,47,11,9,8,12,7,8,6,0,0,61,9,0,3,0,0,0,0,0,0,13,0,0,0,0,0,0,0,0,0,0,15,9,24,16,29,17,6,0,0,118,0,0,0,0,0,0,0,0,0,0,0,0,0,0,0,0,0,0,0,0,0,0,0,0,0,0,0,0,0,5
10602161813,core,8,4,18,16,14,14,5,0,0,68,0,3,0,0,0,9,0,0,0,20,0,0,0,0,0,0,0,0,0,0,0,0,0,0,0,0,0,0,0,0,9,14,18,16,18,27,3,0,0,89,0,0,0,0,0,0,0,0,0,0,0,0,0,0,0,0,0,0,0,0,0,0,0,0,0,0,0,0,0,0,5,13,18,16,18,25,3,0,0,90,4,0,0,3,0,4,11,4,0,34,0,0,0,0,0,0,0,0,0,5,9,10,21,16,18,31,16,4,0,125,0,0,13,7,11,10,0,0,0,42,5,6,0,8,10,7,0,0,0,36,0,0,0,0,0,0,0,0,0,0,0,0,0,0,0,0,0,0,0,0,3,5,16,17,17,20,0,0,0,81,0,0,0,0,0,0,0,0,0,0,0,0,0,0,0,0,0,0,0,4,0,0,0,0,0,0,0,0,0,4
10602161814,core,0,3,9,6,7,13,0,0,0,33,4,4,0,0,0,0,5,0,0,10,0,0,0,0,0,0,0,0,0,4,0,0,0,0,0,0,0,0,0,0,3,3,9,6,7,15,5,0,0,47,0,0,0,0,0,0,0,0,0,0,0,0,0,0,0,0,0,0,0,3,0,0,0,0,0,0,0,0,0,0,3,7,9,3,7,19,5,0,0,51,0,0,0,0,6,5,13,3,0,35,0,0,0,0,0,0,0,0,0,0,8,7,7,3,13,22,14,3,0,85,0,0,0,4,6,3,0,0,0,12,7,8,0,0,9,3,4,0,0,26,0,0,0,0,0,0,0,0,0,4,0,0,0,0,0,0,0,0,0,0,7,8,0,7,12,15,3,0,0,42,0,0,0,0,0,0,0,0,0,0,0,0,0,0,0,0,0,0,0,0,0,0,0,0,0,0,0,0,0,0
10602161815,core,0,10,42,28,11,0,0,0,0,93,6,0,4,6,0,0,0,0,0,18,0,0,7,0,0,0,0,0,0,4,0,0,0,0,0,0,0,0,0,5,6,13,56,35,10,0,0,0,0,120,0,0,0,0,0,0,0,0,0,6,0,0,0,0,0,0,0,0,0,5,0,0,4,0,0,0,0,0,0,7,4,13,60,35,11,0,0,0,0,122,3,0,0,0,0,0,6,0,0,12,0,0,4,0,0,0,0,0,0,5,13,17,60,34,11,0,9,0,0,137,0,6,29,14,9,0,0,0,0,65,10,5,21,7,3,0,0,0,0,47,0,0,9,3,0,0,0,0,0,11,0,0,0,0,0,0,0,0,0,0,12,14,63,25,17,0,0,0,0,124,0,0,0,0,0,0,0,0,0,0,0,0,0,0,0,0,0,0,0,3,0,0,0,0,0,0,0,0,0,4
10602161816,core,0,15,23,20,17,15,7,0,0,91,11,0,4,3,3,8,0,0,0,33,0,0,5,0,0,4,0,0,0,8,0,0,0,0,0,0,0,0,0,0,8,19,31,24,23,25,5,0,0,133,0,0,0,0,0,0,0,0,0,5,0,0,0,0,0,0,0,0,0,0,0,3,0,0,0,0,0,0,0,7,11,20,31,24,23,22,5,0,0,140,6,4,0,5,0,11,16,5,0,47,0,0,0,0,0,0,0,0,0,0,16,22,34,24,24,32,27,5,0,189,0,5,9,21,11,15,0,0,0,55,8,3,10,24,10,11,0,0,0,63,4,0,5,0,0,0,0,0,0,8,0,0,0,0,0,0,0,0,0,0,5,8,21,44,22,24,0,0,0,128,0,0,0,0,0,0,0,0,0,0,0,0,0,0,0,0,0,0,0,0,0,0,0,0,0,0,0,0,0,0
10602161817,core,4,11,54,60,35,12,0,0,0,174,6,6,8,8,0,3,0,0,0,26,0,0,0,0,0,0,0,0,0,8,0,0,0,3,0,0,0,0,0,3,11,14,60,66,37,17,3,0,0,207,0,0,0,0,0,0,0,0,0,3,0,0,0,0,0,0,0,0,0,0,0,0,0,0,3,0,0,0,0,9,11,16,60,71,44,17,3,0,0,218,8,0,3,0,7,3,9,6,0,31,0,0,0,0,0,0,0,4,0,9,16,17,69,73,45,21,9,8,0,256,5,10,28,32,18,3,0,0,0,87,10,7,20,25,12,9,0,0,0,86,0,0,10,4,0,6,0,0,0,21,0,0,0,0,0,0,0,0,0,0,13,17,62,60,30,12,0,0,0,198,0,0,3,0,0,0,0,0,0,5,0,0,0,0,0,0,0,0,0,0,0,0,4,0,0,0,0,0,0,8
10602161818,core,0,4,35,49,27,13,3,0,0,130,4,4,3,3,3,4,0,0,0,23,0,0,0,6,0,0,0,0,0,8,0,0,0,0,0,0,0,0,0,4,7,7,44,55,27,14,4,0,0,160,0,0,0,0,0,0,0,0,0,4,0,0,0,0,0,0,0,0,0,0,0,0,0,0,0,0,0,0,0,9,9,5,42,57,27,14,4,0,0,163,0,0,6,5,8,7,6,0,0,33,0,0,9,12,0,0,0,0,0,17,14,8,49,67,35,23,13,0,0,217,0,0,19,26,14,5,0,0,0,70,10,0,29,18,12,10,0,0,0,78,0,0,4,4,0,0,0,0,0,14,0,0,0,0,0,0,0,0,0,0,15,8,56,55,27,13,0,0,0,159,0,0,0,0,0,0,0,0,0,0,4,0,0,0,0,0,0,0,0,4,4,0,0,0,0,0,0,0,0,4
10602161819,core,0,3,23,27,29,16,3,0,0,108,4,7,4,0,4,3,0,0,0,27,0,0,0,0,0,0,0,0,0,3,0,0,0,0,0,0,0,0,0,7,3,11,32,34,34,16,4,0,0,139,0,0,4,0,0,0,0,0,0,4,0,0,0,0,0,0,0,0,0,4,0,0,4,0,0,4,0,0,0,10,5,12,29,34,41,18,4,0,0,145,7,0,5,4,3,4,9,3,0,39,0,0,4,0,0,0,0,0,0,10,13,21,39,37,40,25,14,3,0,191,0,6,18,12,18,8,0,0,0,60,12,4,10,21,9,4,0,0,0,57,0,0,7,0,4,0,0,0,0,8,0,0,0,0,0,0,0,0,0,0,11,9,24,28,31,18,0,0,0,126,0,0,0,0,0,0,0,0,0,0,0,0,0,0,0,0,0,0,0,6,0,0,0,0,0,0,0,0,0,0
10602161820,core,0,6,3,16,17,16,0,0,0,66,4,0,0,0,5,5,0,0,0,19,0,0,0,0,0,0,0,0,0,8,0,0,0,0,0,0,0,0,0,0,9,11,4,13,24,18,0,0,0,84,0,0,0,0,0,0,0,0,0,0,0,0,0,0,0,0,0,0,0,0,0,0,0,0,0,0,0,0,0,0,11,9,4,13,24,18,0,0,0,87,6,0,0,4,0,8,12,5,0,32,0,0,0,4,0,0,0,0,0,3,15,13,12,24,24,25,9,5,0,126,0,5,8,5,15,4,0,0,0,30,14,4,6,9,10,4,3,0,0,50,0,0,0,0,0,0,0,0,0,0,0,0,0,0,0,0,0,0,0,0,13,8,12,16,29,11,3,0,0,88,0,0,0,0,0,0,0,0,0,0,0,0,0,0,0,0,0,0,0,0,0,0,0,0,0,0,0,0,0,0
10602161821,core,3,17,45,22,30,19,3,0,0,143,7,3,6,4,0,7,0,0,0,22,0,0,0,3,0,0,0,0,0,6,0,0,0,0,0,0,0,0,0,6,9,24,52,29,32,22,5,0,0,181,0,0,3,0,0,6,0,0,0,7,0,0,0,0,0,0,0,0,0,0,0,3,3,0,0,6,0,0,0,5,9,27,49,27,32,24,5,0,0,187,4,4,3,5,3,7,14,3,0,45,0,0,0,0,0,0,0,0,0,0,17,32,59,34,36,35,23,11,0,235,0,7,21,17,17,11,3,0,0,71,12,9,17,17,9,11,0,0,0,81,0,4,7,0,0,3,0,0,0,13,0,0,0,0,0,0,0,0,0,3,13,23,48,30,31,20,0,0,0,173,0,0,0,0,0,0,0,0,0,0,0,0,0,0,0,0,0,0,0,0,0,0,3,0,0,0,0,0,0,3
10602161822,core,0,7,36,21,20,11,0,0,0,102,0,3,0,5,0,4,3,0,0,21,0,0,3,0,0,0,0,0,0,4,0,0,0,0,0,0,0,0,0,3,0,15,43,23,25,21,3,0,0,132,0,0,0,0,0,0,0,0,0,4,0,0,0,0,0,0,0,0,0,0,0,0,0,0,0,0,0,0,0,4,0,15,48,26,25,21,3,0,0,141,8,0,4,0,0,6,17,4,5,45,0,3,0,0,0,0,0,0,0,7,8,18,51,30,26,23,18,3,5,187,0,8,11,9,11,3,0,0,0,45,10,4,13,14,11,9,0,0,0,56,3,4,5,0,4,0,0,0,0,11,0,0,0,4,0,0,0,0,0,4,8,14,28,29,27,13,0,0,0,110,0,0,0,0,0,0,0,0,0,0,0,0,0,0,0,0,0,0,0,9,0,0,4,0,0,0,0,0,0,7
10602161823,core,4,0,48,53,22,11,0,0,0,135,3,0,0,0,3,0,0,0,0,14,0,0,0,0,0,0,0,0,0,5,0,0,0,0,0,0,0,0,0,0,11,0,53,53,26,11,5,0,0,151,0,0,0,0,0,0,0,0,0,0,0,0,0,0,0,0,0,0,0,0,0,0,0,0,0,0,0,0,0,3,12,0,53,53,22,11,5,0,0,156,6,0,3,4,0,3,12,8,0,29,0,0,0,0,0,0,0,0,0,0,17,0,54,58,24,15,11,8,0,189,5,0,29,25,10,3,0,0,0,75,4,0,24,22,6,4,4,0,0,66,0,0,3,4,0,0,0,0,0,9,0,0,0,0,0,0,0,0,0,4,13,3,61,56,17,10,4,0,0,160,0,0,0,0,0,0,0,0,0,0,0,0,0,0,0,0,0,0,0,0,0,0,0,0,0,0,0,0,0,0
10602161824,core,0,6,27,10,0,3,0,0,0,46,6,9,6,0,0,0,0,0,0,17,0,0,0,0,0,0,0,0,0,0,0,0,0,0,0,0,0,0,0,0,6,10,29,17,0,3,0,0,0,68,0,4,0,0,0,0,0,0,0,4,0,0,0,0,0,0,0,0,0,0,0,4,0,0,0,0,0,0,0,4,6,14,29,17,0,3,0,0,0,66,0,0,4,0,0,0,5,0,0,13,4,0,0,6,0,0,0,0,0,11,11,15,33,20,0,3,5,0,0,84,0,10,12,11,3,4,0,0,0,37,8,8,5,8,3,0,0,0,0,30,0,0,0,0,0,0,0,0,0,0,0,0,0,0,0,0,0,0,0,0,5,25,16,14,8,6,0,0,0,73,0,0,0,0,0,0,0,0,0,0,0,0,0,0,0,0,0,0,0,0,0,0,0,0,0,0,0,0,0,5
10602161825,core,9,5,24,27,48,18,6,0,0,133,8,13,0,3,9,6,0,0,0,40,4,0,0,0,0,4,0,0,0,10,0,0,0,0,0,0,0,0,0,0,23,25,25,32,51,25,9,0,0,189,0,0,0,0,0,0,0,0,0,0,3,0,0,0,0,0,0,0,0,3,3,0,0,0,0,0,0,0,0,3,22,25,25,32,51,26,9,0,0,191,9,0,3,5,9,13,13,7,0,56,0,0,0,0,0,0,0,0,0,0,32,22,33,30,59,39,22,7,5,242,0,9,12,23,22,11,0,0,0,80,14,9,8,16,21,12,3,4,0,86,3,6,0,0,0,3,0,0,0,16,0,0,0,0,0,0,0,0,0,0,19,16,28,39,47,25,7,4,0,176,0,0,0,0,0,0,0,0,0,0,0,0,0,0,5,0,0,0,0,0,0,0,0,0,5,0,0,0,0,0
10602161826,core,0,3,10,12,19,17,4,0,0,72,6,0,0,0,0,3,4,0,0,19,0,0,0,0,0,5,0,0,0,9,0,0,0,0,0,0,0,0,0,4,11,3,18,15,24,26,7,0,0,96,0,0,0,0,0,0,0,0,0,5,4,0,0,0,0,0,0,0,0,3,4,4,0,0,0,0,0,0,0,5,13,4,18,14,24,26,7,0,0,105,4,3,3,0,3,6,19,12,0,44,0,0,0,4,0,0,0,0,0,9,17,7,23,17,22,30,24,11,0,153,0,3,7,6,8,11,0,0,0,38,0,6,4,3,9,6,3,0,0,33,0,0,3,0,5,0,3,0,0,10,0,0,0,0,0,0,0,0,0,7,3,11,15,11,26,16,6,3,0,82,0,0,0,0,0,0,0,0,0,0,0,0,0,0,0,0,0,0,0,4,0,0,0,0,0,4,0,0,0,4
10602161827,core,0,7,38,17,10,6,0,0,0,76,4,4,8,3,7,0,0,0,0,21,0,0,0,0,0,0,0,0,0,3,0,0,0,6,0,0,0,0,0,3,3,9,42,28,13,6,0,0,0,104,5,3,0,0,0,0,0,0,0,3,0,0,0,0,0,0,0,0,0,0,5,3,0,0,0,0,0,0,0,7,10,10,47,25,13,6,0,0,0,108,0,0,0,5,0,0,0,0,0,14,0,0,3,0,0,0,0,0,0,4,9,13,55,33,12,6,3,3,0,134,0,7,29,14,4,6,0,0,0,67,3,8,20,14,5,0,0,0,0,47,0,0,5,0,0,0,0,0,0,9,0,0,0,0,0,0,0,0,0,0,8,21,55,27,13,8,0,0,0,122,0,0,0,0,0,0,0,0,0,4,0,0,4,0,0,0,0,0,0,0,0,0,5,0,0,0,0,0,0,9
10602161828,core,6,4,15,19,28,9,0,0,0,80,6,5,5,0,0,0,0,0,0,22,0,0,0,5,0,0,0,0,0,9,0,0,0,0,0,4,0,0,0,4,11,11,13,16,25,22,4,0,0,110,0,0,0,0,0,0,0,0,0,7,0,0,0,0,0,0,0,0,0,0,0,0,0,0,0,4,0,0,0,4,11,10,13,19,25,26,4,0,0,114,8,0,3,6,0,4,11,7,0,40,0,0,0,0,0,0,0,0,0,3,20,10,14,21,29,26,14,9,0,156,0,5,12,14,16,6,0,0,0,50,12,4,4,7,18,8,0,0,0,54,0,0,0,0,0,0,0,0,0,4,0,0,0,0,0,0,0,0,0,3,17,14,16,24,36,13,0,0,0,115,0,0,0,0,0,0,0,0,0,0,3,0,0,0,3,0,0,0,0,4,3,0,0,0,3,0,0,0,0,4
10602161829,core,0,8,21,13,8,3,0,0,0,54,4,0,0,3,0,0,0,0,0,8,0,0,4,0,0,0,0,0,0,4,0,0,0,0,0,0,0,0,0,0,4,3,26,14,7,7,0,0,0,70,0,0,0,0,0,0,0,0,0,0,0,0,0,0,0,0,0,0,0,0,0,0,0,0,0,0,0,0,0,0,4,7,26,14,7,7,0,0,0,69,0,0,0,3,0,5,4,5,0,10,0,0,0,0,0,0,0,0,0,0,3,7,26,18,9,11,3,3,0,78,0,3,14,8,0,4,0,0,0,35,3,0,5,6,3,0,0,0,0,25,0,0,0,0,0,0,0,0,0,7,0,0,0,0,0,0,0,0,0,0,3,3,27,20,4,9,4,0,0,66,0,0,0,0,0,0,0,0,0,0,0,0,0,0,0,0,0,0,0,0,0,0,0,0,0,0,0,0,0,0
10602161830,core,0,3,30,7,9,0,0,0,0,52,0,4,4,0,0,3,0,0,0,14,0,0,0,0,0,0,0,0,0,0,0,4,0,0,0,0,0,0,0,6,0,14,32,14,9,7,0,0,0,73,0,0,0,0,0,0,0,0,0,0,0,0,0,0,0,0,0,0,0,0,0,0,0,0,0,0,0,0,0,0,0,15,32,17,9,7,0,0,0,72,0,3,0,0,0,0,0,0,0,12,0,0,3,0,0,0,0,0,0,6,0,17,35,20,13,7,0,3,0,89,0,8,19,6,6,0,0,0,0,37,4,4,14,3,9,3,0,0,0,31,0,0,3,0,0,0,0,0,0,3,0,0,0,0,0,0,0,0,0,0,4,6,39,12,8,7,0,0,0,73,0,0,0,0,0,0,0,0,0,0,0,0,0,0,0,0,0,0,0,0,0,0,0,0,0,0,0,0,0,0
10602161831,core,0,18,58,28,12,11,0,0,0,122,6,6,10,3,3,0,0,0,0,27,0,0,3,0,0,0,0,0,0,0,0,0,0,0,0,0,0,0,0,0,6,21,64,29,18,10,0,0,0,154,0,0,0,0,0,0,0,0,0,7,0,0,0,0,0,0,0,0,0,4,0,0,0,0,0,0,0,0,0,9,5,21,67,32,20,12,0,0,0,161,3,0,3,3,0,6,13,5,0,45,0,0,0,0,0,0,0,0,0,0,10,22,76,31,24,22,14,5,0,205,0,10,29,14,14,5,0,0,0,73,4,9,31,14,4,4,0,0,0,63,0,0,8,4,0,5,0,0,0,13,0,0,0,0,0,0,0,0,0,0,7,16,68,35,18,9,0,0,0,154,0,0,0,0,0,0,0,0,0,3,0,0,0,0,0,0,0,0,0,0,0,0,3,0,0,0,0,0,0,4
10602161832,core,0,10,24,49,25,11,0,0,0,122,3,4,0,7,5,0,0,0,0,33,0,0,0,0,0,0,0,0,0,4,0,0,0,0,0,0,0,0,0,0,13,13,31,60,30,10,3,0,0,160,0,0,0,0,0,0,0,0,0,3,0,0,0,0,0,0,0,0,0,0,0,0,0,0,0,0,0,0,0,0,10,13,31,63,30,12,3,0,0,161,4,0,0,0,0,4,5,0,0,24,0,0,0,0,0,0,0,0,0,0,15,13,32,60,33,18,8,0,0,191,4,0,20,28,16,8,0,0,0,75,10,0,10,31,11,5,0,0,0,62,0,0,3,0,0,0,0,0,0,10,0,0,0,0,0,0,0,0,0,0,12,4,32,60,24,6,3,0,0,148,0,0,0,0,0,0,0,0,0,0,0,0,0,0,0,0,0,0,0,0,0,0,0,0,0,0,0,0,0,0
10602161833,core,0,13,19,33,28,17,0,0,0,108,11,4,0,4,3,4,0,0,0,28,0,0,0,0,0,0,0,0,0,3,0,0,0,0,0,0,0,0,0,0,16,15,19,36,28,22,0,0,0,138,0,0,4,0,0,0,0,0,0,6,0,0,0,0,0,0,0,0,0,3,5,0,4,0,0,0,0,0,0,7,16,17,22,36,28,22,0,0,0,146,9,0,0,4,0,8,20,13,0,53,4,0,0,0,0,0,0,0,0,4,29,18,26,39,28,34,22,13,0,206,0,3,9,14,22,9,0,0,0,56,10,8,0,16,16,9,0,0,0,54,0,0,0,0,0,0,0,0,0,9,0,0,0,0,0,0,0,0,0,0,7,12,14,33,37,12,3,0,0,119,0,0,0,0,0,0,0,0,0,0,3,0,0,0,0,0,0,0,0,9,3,0,0,0,0,0,0,0,0,9
10602161834,core,0,12,26,27,9,16,3,0,0,86,11,0,0,5,5,4,4,0,0,40,0,0,0,3,0,0,0,0,0,8,0,0,3,0,0,0,0,0,0,4,11,17,38,31,18,15,5,0,0,137,0,0,0,0,0,0,0,0,0,6,5,0,0,0,0,0,0,0,0,0,0,0,0,0,0,0,0,0,0,14,17,19,39,31,16,19,5,0,0,148,6,0,3,5,4,6,24,8,0,55,0,0,3,0,0,0,0,0,0,8,21,17,41,40,21,23,31,8,0,207,5,9,8,13,5,7,0,0,0,45,4,0,17,7,15,19,5,0,0,66,0,0,4,0,0,5,0,0,0,3,0,0,0,0,0,0,0,0,0,0,4,11,26,20,21,30,5,0,0,120,0,0,0,0,0,0,0,0,0,0,0,0,0,0,0,0,0,0,0,4,0,0,0,0,0,0,0,0,0,4
10602161835,core,0,7,22,28,25,6,0,0,0,95,0,0,3,0,4,5,0,0,0,11,0,0,0,0,0,0,0,0,0,6,0,0,0,0,0,0,0,0,0,0,7,7,27,31,29,9,0,0,0,109,0,0,0,0,0,0,0,0,0,0,0,0,0,0,0,0,0,0,0,0,0,0,0,0,0,0,0,0,0,3,5,7,25,31,29,9,0,0,0,108,3,0,0,0,0,9,12,0,0,28,0,0,0,0,0,0,0,0,0,0,12,8,25,31,29,19,15,0,0,141,0,0,13,19,19,5,0,0,0,56,3,4,5,16,6,7,0,0,0,43,0,0,4,7,0,0,0,0,0,9,0,0,0,0,0,0,0,0,0,0,6,11,24,39,23,12,0,0,0,109,0,0,0,0,0,0,0,0,0,0,0,0,0,0,0,0,0,0,0,0,0,0,0,0,0,0,0,0,0,0
10602161836,core,0,0,0,0,0,0,0,0,0,0,0,0,0,0,0,0,0,0,0,0,0,0,0,0,0,0,0,0,0,0,0,0,0,0,0,0,0,0,0,0,0,0,0,0,0,0,0,0,0,0,0,0,0,0,0,0,0,0,0,0,0,0,0,0,0,0,0,0,0,0,0,0,0,0,0,0,0,0,0,0,0,0,0,0,0,0,0,0,0,0,0,0,0,0,0,0,0,0,0,0,0,0,0,0,0,0,0,0,0,0,0,0,0,0,0,0,0,0,0,0,0,0,0,0,0,0,0,0,0,0,0,0,0,0,0,0,0,0,0,0,0,0,0,0,0,0,0,0,0,0,0,0,0,0,0,0,0,0,0,0,0,0,0,0,0,0,0,0,0,0,0,0,0,0,0,0,0,0,0,0,0,0,0,0,0,0,0,0,0,0,0,0,0,0,0,0,0,0,0,0
10602161837,core,4,4,32,38,5,3,0,0,0,94,0,3,3,6,6,0,0,0,0,15,3,0,0,0,4,0,0,0,0,8,0,0,0,0,0,0,0,0,0,0,3,11,36,45,13,3,0,0,0,116,0,0,0,0,0,0,0,0,0,0,0,0,0,0,0,0,0,0,0,0,0,0,0,0,0,0,0,0,0,0,7,11,36,41,13,3,0,0,0,118,4,0,0,0,0,0,0,0,0,17,0,0,8,0,0,0,0,0,0,6,11,12,45,46,14,10,4,3,0,146,0,3,22,17,11,6,0,0,0,57,5,4,21,17,9,0,0,0,0,53,0,0,5,0,0,0,0,0,0,15,0,0,0,0,0,0,0,0,0,0,8,8,48,39,20,9,0,0,0,122,0,0,0,0,0,0,0,0,0,0,0,0,0,0,0,0,0,0,0,0,0,0,0,0,0,0,0,0,0,0
10602161838,core,0,7,43,20,19,5,0,0,0,88,0,5,6,0,0,0,0,0,0,19,0,0,3,0,0,0,0,0,0,7,0,0,0,0,0,0,0,0,0,0,3,15,58,23,15,5,0,0,0,119,0,0,0,0,0,0,0,0,0,0,0,0,0,0,0,0,0,0,0,0,0,0,0,0,0,0,0,0,0,0,3,15,58,23,15,5,0,0,0,117,0,0,4,0,0,0,0,0,0,9,0,0,7,0,0,0,0,0,0,7,4,17,65,25,15,4,0,0,0,131,0,11,15,13,7,6,0,0,0,46,7,6,26,11,4,0,0,0,0,50,0,0,11,3,0,0,0,0,0,11,0,0,0,0,0,0,0,0,0,0,6,14,48,27,7,5,0,0,0,106,0,0,0,0,0,0,0,0,0,0,0,5,0,0,0,0,0,0,0,5,0,5,0,0,0,0,0,0,0,3
10602161839,core,0,7,9,13,10,7,0,0,0,49,4,0,6,4,4,0,0,0,0,13,0,0,0,0,0,0,0,0,0,0,0,0,0,0,0,0,0,0,0,0,0,5,15,14,12,11,0,0,0,68,0,0,0,0,0,0,0,0,0,0,0,0,0,0,0,0,0,0,0,0,0,0,0,0,0,0,0,0,0,4,0,5,19,16,12,11,0,0,0,72,3,3,0,0,5,0,14,8,0,34,0,0,0,0,5,0,0,0,0,3,6,7,22,19,23,12,19,8,0,112,0,8,7,8,3,5,0,0,0,31,4,0,7,4,3,3,0,0,0,26,0,0,0,0,0,0,0,0,0,7,0,0,0,0,0,0,0,0,0,0,4,9,16,12,7,9,0,0,0,58,0,0,0,0,0,0,0,0,0,0,5,0,0,0,0,0,0,0,0,7,5,0,0,0,0,0,0,0,0,10
10603111901,core,4,0,4,16,9,14,0,0,0,55,4,3,0,3,0,0,0,0,0,12,0,0,0,0,0,0,0,0,0,3,0,0,0,0,0,0,0,0,0,5,6,7,12,19,14,18,0,0,0,73,0,0,0,0,0,0,0,0,0,3,0,0,0,0,0,0,0,0,0,0,0,0,0,0,0,3,0,0,0,3,9,7,9,19,14,19,0,0,0,78,0,0,0,3,0,9,14,7,4,45,0,0,0,0,0,3,0,0,0,6,10,7,10,20,16,31,17,9,4,126,0,3,3,11,6,3,0,0,0,24,4,0,8,8,5,13,0,0,0,32,0,0,5,0,3,0,0,0,0,3,0,0,0,0,0,0,0,0,0,0,3,4,14,11,18,16,0,0,0,68,0,0,0,0,0,0,0,0,0,0,0,0,0,0,0,0,0,0,0,0,0,0,0,0,0,0,0,0,0,0
10603111902,core,3,5,19,9,20,15,0,0,0,60,0,4,7,3,4,11,0,0,0,32,0,3,0,4,0,3,3,0,0,13,0,0,0,3,0,0,0,0,0,4,4,11,22,10,25,34,6,0,0,104,0,0,0,0,0,0,0,0,0,6,0,0,0,0,0,0,0,0,0,0,0,0,0,0,0,0,0,0,0,3,4,12,22,18,19,33,6,0,0,109,9,0,0,0,0,9,10,4,0,35,0,0,0,0,0,0,3,0,0,7,16,12,21,16,23,42,13,8,0,151,0,0,6,3,14,3,0,0,0,33,6,0,9,10,18,16,0,0,0,65,3,0,5,4,0,0,0,0,0,8,0,0,0,0,0,0,0,0,0,0,9,7,27,20,28,23,0,0,0,111,0,0,0,0,0,0,0,0,0,0,0,0,0,0,0,0,0,0,0,0,0,4,0,0,0,0,0,0,0,3
10603111903,core,3,11,4,23,27,16,3,0,0,89,7,0,3,6,0,7,0,0,0,27,0,0,0,0,5,0,0,0,0,11,0,0,0,0,0,0,0,0,0,0,16,11,10,26,33,32,3,0,0,126,0,0,3,0,0,0,0,0,0,7,4,0,0,0,0,0,0,0,0,4,9,0,3,0,0,0,0,0,0,12,23,11,14,30,30,32,3,0,0,131,5,0,4,6,0,10,38,18,12,91,0,0,0,0,0,0,0,0,0,3,27,11,12,30,37,42,42,17,10,234,0,3,6,8,16,12,0,0,0,47,8,8,7,8,21,19,4,0,0,65,8,3,0,4,4,0,0,0,0,16,0,0,0,0,0,0,0,0,0,0,17,13,12,27,36,24,6,0,0,139,0,0,0,0,0,0,0,0,0,0,0,0,0,0,0,0,0,0,0,0,0,0,0,0,0,0,0,0,0,0
10603111904,core,0,6,9,16,13,15,4,0,0,67,4,0,0,0,6,3,4,0,0,24,0,0,0,0,0,0,0,0,0,8,0,0,0,0,0,0,0,0,0,0,9,3,12,15,23,28,7,0,0,94,0,0,0,0,4,0,0,0,0,5,0,0,0,0,0,0,0,0,0,0,0,0,0,0,7,0,0,0,0,9,13,3,12,15,28,28,7,0,0,105,5,0,0,0,0,9,22,7,0,42,0,0,0,0,0,0,0,0,0,5,12,4,20,15,36,30,24,7,0,151,0,0,4,5,17,5,0,0,0,41,6,4,0,11,12,10,3,0,0,45,4,4,0,0,0,0,0,0,0,4,4,0,0,0,0,0,0,0,0,4,10,11,8,16,26,18,3,0,0,94,0,0,0,0,0,0,0,0,0,3,0,0,0,0,0,0,0,0,0,3,0,0,3,0,0,0,0,0,0,8
10603111906,core,0,10,8,15,10,14,0,0,0,62,5,0,4,0,5,3,3,0,0,20,0,0,0,0,0,0,0,0,0,3,0,0,0,0,0,0,0,0,0,0,7,10,12,17,17,22,3,0,0,85,0,0,0,0,3,0,0,0,0,3,0,0,0,0,0,0,0,0,0,0,0,0,0,0,3,0,0,0,0,3,7,10,12,17,15,22,3,0,0,86,5,0,0,0,8,12,21,6,0,53,0,0,0,0,0,4,0,0,0,6,11,11,17,20,21,30,28,13,3,153,0,9,4,4,10,8,0,0,0,28,4,4,3,12,3,13,6,0,0,39,0,0,0,0,5,0,0,0,0,3,0,0,0,0,0,0,0,0,0,0,4,8,8,16,14,15,6,0,0,69,0,0,0,0,0,0,0,0,0,0,0,0,0,0,0,0,0,0,0,6,0,0,0,0,0,0,0,0,0,7
10603111907,core,0,0,6,4,0,13,0,0,0,20,0,0,0,0,0,5,7,0,0,15,0,0,0,0,0,0,0,0,0,0,0,0,0,0,0,0,0,0,0,0,5,4,6,4,4,16,10,0,0,42,0,0,3,0,0,0,0,0,0,8,0,0,0,0,0,0,0,0,0,0,0,0,3,0,0,3,0,0,0,10,5,4,5,4,6,16,10,0,0,49,0,0,0,0,0,23,91,75,7,195,0,0,0,0,0,0,4,4,0,17,6,3,5,8,8,45,110,81,5,263,0,0,0,0,0,3,0,0,0,7,0,0,0,4,4,10,13,7,0,38,0,0,0,0,0,0,0,0,0,8,0,0,0,0,0,0,0,0,0,0,0,0,5,6,6,16,15,7,0,49,0,0,0,0,0,0,0,0,0,0,0,0,0,0,0,0,0,0,0,0,0,0,0,0,0,0,0,0,0,3
10603111908,core,0,0,0,0,0,0,0,0,0,0,0,0,0,0,0,0,0,0,0,0,0,0,0,0,0,0,0,0,0,0,0,0,0,0,0,0,0,0,0,0,0,0,0,0,0,0,0,0,0,0,0,0,0,0,0,0,0,0,0,0,0,0,0,0,0,0,0,0,0,0,0,0,0,0,0,0,0,0,0,0,0,0,0,0,0,0,0,0,0,0,0,0,0,0,0,0,0,0,0,0,0,0,0,0,0,0,0,0,0,0,0,0,0,0,0,0,0,0,0,0,0,0,0,0,0,0,0,0,0,0,0,0,0,0,0,0,0,0,0,0,0,0,0,0,0,0,0,0,0,0,0,0,0,0,0,0,0,0,0,0,0,0,0,0,0,0,0,0,0,0,0,0,0,0,0,0,0,0,0,0,0,0,0,0,0,0,0,0,0,0,0,0,0,0,0,0,0,0,0,0
10603111909,core,0,0,0,4,0,0,4,0,0,9,0,0,0,0,0,0,0,0,0,0,0,0,0,0,0,0,0,0,0,0,0,0,0,0,0,0,0,0,0,0,0,0,0,4,0,5,4,0,0,7,0,0,0,0,0,0,0,0,0,4,0,0,0,0,0,0,0,0,0,0,0,0,0,0,0,0,0,0,0,4,0,0,0,4,0,3,4,0,0,10,0,0,0,0,7,10,33,33,9,89,0,0,0,0,0,0,0,9,3,17,0,0,0,4,8,16,34,46,9,118,0,0,0,0,0,3,0,0,0,3,0,0,0,0,4,7,0,0,0,13,0,0,0,0,0,3,0,0,0,3,0,0,0,0,0,0,0,0,0,0,0,0,0,0,3,11,0,0,0,18,0,0,0,0,0,0,0,0,0,0,0,0,0,0,0,0,0,0,0,0,0,0,0,0,0,0,0,0,0,0
10603111910,core,3,4,10,8,15,8,4,0,0,44,0,0,0,4,0,3,0,0,0,18,0,0,0,0,4,3,0,0,0,7,0,0,0,0,0,0,0,0,0,0,0,4,13,11,18,16,6,0,0,71,0,0,0,0,0,0,0,0,0,4,0,0,0,0,0,0,0,0,0,5,0,0,0,0,0,0,0,0,0,7,4,11,12,11,21,16,8,0,0,75,4,0,0,4,3,15,51,34,5,117,0,0,0,0,4,4,9,6,0,19,10,9,12,8,26,35,65,39,5,216,0,0,4,6,12,6,0,0,0,23,0,10,5,6,14,14,0,0,0,44,5,0,5,0,0,0,0,0,0,9,0,0,0,0,0,0,0,0,0,0,4,12,6,9,17,12,3,0,0,80,0,0,0,0,0,0,0,0,0,0,4,0,0,0,0,0,0,0,0,3,4,0,0,0,0,0,0,0,0,5
10603111911,core,0,0,3,5,7,10,0,0,0,25,5,0,0,3,0,0,0,0,0,8,0,0,0,0,0,0,0,0,0,0,0,0,0,0,0,0,0,0,0,0,0,3,3,9,9,12,3,0,0,46,0,0,0,0,0,0,0,0,0,5,0,0,0,0,0,0,0,0,0,0,0,0,0,0,0,0,0,0,0,5,0,3,3,9,12,11,3,0,0,47,4,0,3,6,0,7,10,9,4,33,0,0,0,0,0,5,0,0,0,7,5,0,7,11,6,22,17,9,4,86,0,4,0,0,4,4,0,0,0,18,4,0,0,5,5,7,5,0,0,28,0,0,0,0,0,0,0,0,0,0,0,0,5,0,0,0,0,0,0,5,5,4,6,5,15,13,5,0,0,44,0,0,0,0,0,0,0,0,0,0,0,0,0,0,0,0,0,0,0,3,0,0,0,0,0,0,0,0,0,5
10603111912,core,5,0,11,9,13,9,0,0,0,43,6,0,0,0,0,4,0,0,0,15,0,0,4,0,0,0,0,0,0,8,0,0,0,0,0,0,0,0,0,0,11,0,11,10,19,12,0,0,0,61,0,0,0,0,0,0,0,0,0,0,0,0,0,0,0,0,0,0,0,0,0,0,0,0,0,0,0,0,0,0,14,0,11,10,15,12,0,0,0,64,5,0,0,3,4,4,14,9,3,48,0,0,0,0,0,0,0,0,0,5,20,3,11,11,21,20,21,10,3,117,0,0,6,0,7,6,0,0,0,11,5,3,3,9,9,3,3,0,0,34,0,0,0,0,0,0,0,0,0,0,0,0,0,0,0,0,0,0,0,0,5,7,9,9,18,6,3,0,0,50,0,0,0,0,0,0,0,0,0,0,0,0,0,0,0,0,0,0,0,0,0,0,0,0,0,0,0,0,0,0
10603111913,core,3,9,19,11,20,12,0,0,0,80,5,4,3,3,0,6,0,0,0,20,3,0,0,0,5,0,0,0,0,10,0,0,0,0,0,0,0,0,0,0,6,11,20,14,29,16,0,0,0,107,0,0,0,0,0,0,0,0,0,0,0,0,0,0,0,0,0,0,0,0,0,0,0,0,0,0,0,0,0,0,8,11,20,14,29,16,0,0,0,108,5,0,0,3,0,8,17,10,0,50,0,0,0,0,0,0,0,0,0,0,17,16,25,20,30,30,18,10,0,159,0,4,3,3,8,7,0,0,0,32,8,4,8,7,13,6,0,0,0,50,0,4,0,0,4,0,0,0,0,15,0,0,0,0,0,0,0,0,0,0,18,10,15,10,24,14,0,0,0,95,0,0,0,0,0,0,0,0,0,0,0,0,0,0,0,0,0,0,0,5,0,0,0,0,0,0,0,0,0,8
10603111914,core,4,4,14,11,10,17,0,0,0,68,4,0,5,0,0,3,5,0,0,21,0,0,0,0,0,0,0,0,0,5,0,0,0,0,0,0,0,0,0,0,12,3,19,17,14,16,9,0,0,88,0,0,0,0,0,0,0,0,0,0,0,0,0,0,0,0,0,0,0,5,0,0,0,0,0,3,0,0,0,4,12,3,19,17,12,22,9,0,0,94,6,0,4,0,0,9,19,7,0,45,0,0,0,0,0,0,0,0,0,0,17,9,18,17,15,28,21,7,0,140,0,4,3,3,8,7,0,0,0,28,0,6,14,9,10,15,0,0,0,44,0,0,0,0,0,0,0,0,0,0,0,0,0,0,0,0,0,0,0,0,0,4,20,15,17,23,5,0,0,79,0,0,0,0,3,0,0,0,0,3,0,0,0,0,0,0,0,0,0,0,0,0,0,0,3,0,0,0,0,3
10603111915,core,3,12,5,22,25,5,0,0,0,78,5,0,0,5,4,6,0,0,0,22,0,0,7,0,3,0,0,0,0,15,0,0,0,0,0,0,0,0,0,0,9,12,16,30,31,15,4,0,0,117,0,6,0,0,4,0,0,0,0,4,0,0,0,0,0,0,0,0,0,0,0,6,0,0,6,0,0,0,0,5,9,15,16,33,35,14,3,0,0,129,6,3,6,10,9,14,21,11,0,71,0,0,0,0,4,3,0,0,0,8,16,17,18,41,45,34,24,11,0,206,0,4,6,7,15,9,3,0,0,41,9,5,12,23,9,13,0,0,0,72,4,0,0,0,4,3,0,0,0,9,0,0,0,0,0,0,0,0,0,0,15,10,20,31,28,19,3,0,0,125,0,0,0,0,0,0,0,0,0,0,0,0,0,0,0,0,0,0,0,3,0,0,0,0,0,0,0,0,0,3
10603111916,core,3,10,12,6,20,13,0,0,0,64,0,4,5,0,0,7,3,0,0,24,0,0,0,0,0,5,0,0,0,4,0,0,0,0,0,0,0,0,0,3,6,12,25,12,20,22,3,0,0,100,0,0,0,0,0,0,0,0,0,0,0,0,0,0,0,0,0,0,0,4,0,0,0,0,0,0,0,0,0,0,3,12,23,12,20,23,3,0,0,102,8,0,3,8,7,7,14,12,0,59,0,0,4,4,4,0,0,0,0,9,13,14,30,23,29,32,19,12,0,170,0,3,8,10,12,11,0,0,0,42,7,0,4,10,11,4,0,0,0,41,0,0,5,3,3,0,0,0,0,15,0,0,0,0,0,0,0,0,0,0,8,11,9,21,26,20,0,0,0,96,0,0,0,0,0,0,0,0,0,0,0,0,0,0,0,0,0,0,0,0,0,0,0,0,0,0,0,0,0,0
10603111917,core,0,0,0,0,0,0,0,0,0,0,0,0,0,0,0,0,0,0,0,0,0,0,0,0,0,0,0,0,0,0,0,0,0,0,0,0,0,0,0,0,0,0,0,0,0,0,0,0,0,0,0,0,0,0,0,0,0,0,0,0,0,0,0,0,0,0,0,0,0,0,0,0,0,0,0,0,0,0,0,0,0,0,0,0,0,0,0,0,0,0,0,0,0,0,0,0,0,0,0,0,0,0,0,0,0,0,0,0,0,0,0,0,0,0,0,0,0,0,0,0,0,0,0,0,0,0,0,0,0,0,0,0,0,0,0,0,0,0,0,0,0,0,0,0,0,0,0,0,0,0,0,0,0,0,0,0,0,0,0,0,0,0,0,0,0,0,0,0,0,0,0,0,0,0,0,0,0,0,0,0,0,0,0,0,0,0,0,0,0,0,0,0,0,0,0,0,0,0,0,0
10603111918,core,4,5,3,7,25,13,0,0,0,55,4,3,0,0,5,12,4,0,0,23,3,0,0,0,0,5,0,0,0,6,0,0,0,0,0,0,0,0,0,0,14,5,5,7,29,20,3,0,0,85,0,0,0,0,0,0,0,0,0,0,0,0,0,0,0,0,0,0,0,0,0,0,0,0,0,0,0,0,0,0,10,5,5,7,29,20,3,0,0,85,6,0,0,3,4,0,20,6,0,43,0,0,0,0,0,0,0,0,0,3,18,5,8,6,31,21,29,6,0,132,0,0,0,9,12,3,0,0,0,27,5,5,4,7,12,10,0,0,0,45,0,0,0,0,0,0,0,0,0,3,0,0,0,0,0,0,0,0,0,0,11,8,5,15,26,16,5,0,0,82,0,0,0,0,0,0,0,0,0,0,0,0,0,0,0,0,0,0,0,0,0,0,0,0,0,0,0,0,0,0
10603111919,core,0,0,0,0,0,0,0,0,0,0,0,0,0,0,0,0,0,0,0,0,0,0,0,0,0,0,0,0,0,0,0,0,0,0,0,0,0,0,0,0,0,0,0,0,0,0,0,0,0,0,0,0,0,0,0,0,0,0,0,0,0,0,0,0,0,0,0,0,0,0,0,0,0,0,0,0,0,0,0,0,0,0,0,0,0,0,0,0,0,0,0,0,0,0,0,0,0,0,0,0,0,0,0,0,0,0,0,0,0,0,0,0,0,0,0,0,0,0,0,0,0,0,0,0,0,0,0,0,0,0,0,0,0,0,0,0,0,0,0,0,0,0,0,0,0,0,0,0,0,0,0,0,0,0,0,0,0,0,0,0,0,0,0,0,0,0,0,0,0,0,0,0,0,0,0,0,0,0,0,0,0,0,0,0,0,0,0,0,0,0,0,0,0,0,0,0,0,0,0,0
10603111921,core,0,0,0,0,0,3,0,0,0,4,0,0,0,0,0,0,0,0,0,0,0,0,0,0,0,0,0,0,0,0,0,0,0,0,0,0,0,0,0,0,0,0,0,0,3,0,3,0,0,4,0,0,0,0,0,0,0,0,0,0,0,0,0,0,0,0,0,0,0,0,0,0,0,0,0,0,0,0,0,0,0,0,0,0,3,0,3,0,0,4,0,0,0,0,0,10,21,5,5,38,0,0,0,0,4,4,9,6,4,24,0,0,0,0,4,19,29,11,3,65,0,0,0,0,0,0,0,0,0,0,0,0,0,0,0,7,0,0,0,7,0,0,0,0,0,0,0,0,0,0,0,0,0,0,0,0,0,0,0,0,0,0,0,0,0,3,0,0,0,3,0,0,0,0,0,0,0,0,0,0,0,0,0,0,0,0,0,0,0,0,0,0,0,0,0,0,0,0,0,0
10603111922,core,9,7,8,5,20,13,7,0,0,64,3,0,0,0,0,5,3,0,0,20,0,0,0,0,0,3,0,0,0,4,0,0,0,0,0,0,0,0,0,0,12,9,8,5,24,24,10,0,0,92,0,0,0,0,5,0,0,0,0,5,0,0,0,0,0,0,0,0,0,0,0,0,0,0,5,0,0,0,0,4,15,9,8,4,23,24,10,0,0,97,5,0,4,0,9,14,35,44,6,104,0,0,0,0,3,5,3,4,0,19,18,13,10,8,34,38,47,41,6,215,0,4,3,6,11,3,0,0,0,30,10,5,4,7,10,17,3,0,0,51,0,0,0,0,4,0,0,0,0,6,0,0,0,0,0,0,0,0,0,0,10,8,9,18,28,22,3,0,0,91,0,0,0,0,0,0,0,0,0,0,0,0,0,0,0,0,0,0,0,3,0,0,0,0,0,0,0,0,0,3
10603112001,core,0,0,0,0,0,0,0,0,0,0,0,0,0,0,0,0,0,0,0,0,0,0,0,0,0,0,0,0,0,0,0,0,0,0,0,0,0,0,0,0,0,0,0,0,0,0,0,0,0,3,0,0,0,0,0,0,0,0,0,0,0,0,0,0,0,0,0,0,0,0,0,0,0,0,0,0,0,0,0,0,0,0,0,0,0,0,0,0,0,3,0,0,0,0,0,0,0,0,0,3,0,0,0,0,0,0,0,0,0,0,0,0,0,0,3,3,0,0,0,8,0,0,0,0,4,0,0,0,0,6,0,0,0,0,0,0,0,0,0,0,0,0,0,0,0,0,0,0,0,0,0,0,0,0,0,0,0,0,0,0,0,0,0,0,4,0,0,0,0,6,0,0,0,0,0,0,0,0,0,0,0,0,0,0,0,0,0,0,0,0,0,0,0,0,0,0,0,0,0,0
10603112002,core,0,3,7,9,6,18,3,0,0,46,0,0,0,4,0,3,0,0,0,17,0,0,0,0,0,0,0,0,0,0,0,0,0,0,0,0,0,0,0,4,5,6,9,12,11,19,0,0,0,67,0,4,0,0,0,0,0,0,0,4,0,0,0,0,0,0,0,0,0,0,0,4,0,0,0,0,0,0,0,4,5,8,9,12,11,19,7,0,0,71,5,0,0,0,0,11,37,17,6,77,0,0,0,0,0,3,0,0,0,11,6,12,12,15,14,36,42,18,6,159,0,0,3,0,3,3,0,0,0,15,0,8,7,6,11,0,0,0,0,42,0,0,0,0,0,5,0,0,0,3,0,0,0,0,0,0,0,0,0,0,0,10,9,11,17,11,0,0,0,57,0,0,0,0,0,0,0,0,0,0,0,0,0,0,0,0,0,0,0,0,0,0,0,0,0,0,0,0,0,0
10603112003,core,0,3,6,10,6,7,4,0,0,37,0,0,3,3,0,0,4,0,0,13,0,0,0,0,0,0,0,0,0,3,0,0,0,0,0,0,0,0,0,0,0,7,6,8,12,7,9,0,0,51,0,0,0,0,0,0,0,0,0,4,0,0,0,0,0,0,0,0,0,0,0,0,0,0,0,7,0,0,0,6,0,4,6,8,12,14,9,0,0,57,0,0,3,5,3,10,17,19,0,63,0,0,0,0,0,0,0,0,0,0,0,4,9,10,16,22,32,18,0,119,0,0,0,3,5,0,6,0,0,17,0,0,0,3,3,7,3,0,0,22,0,0,0,0,0,0,0,0,0,5,0,0,0,0,0,0,0,0,0,0,4,0,3,10,14,6,5,0,0,42,0,0,0,0,0,0,0,0,0,4,0,0,0,0,0,0,0,0,0,0,0,0,0,0,0,0,0,0,0,5
10603112004,core,0,5,9,14,10,19,0,0,0,57,4,5,0,4,5,4,0,0,0,26,0,0,5,0,0,0,0,0,0,7,0,0,0,0,0,0,0,0,0,0,5,10,15,17,16,27,4,0,0,91,0,0,0,0,0,6,0,0,0,3,0,7,0,0,0,0,0,0,0,4,0,6,0,0,0,6,0,0,0,8,9,15,15,18,22,27,4,0,0,96,5,5,3,0,9,13,35,17,6,99,0,0,3,0,0,5,7,4,0,17,12,15,18,23,30,44,41,20,6,209,0,0,0,9,3,6,0,0,0,22,4,6,0,7,13,11,3,0,0,45,0,3,3,0,0,3,0,0,0,9,0,0,0,0,0,0,0,0,0,0,7,11,9,11,17,19,3,0,0,71,0,0,0,0,0,0,0,0,0,0,0,0,0,0,0,0,0,0,0,8,0,0,0,0,0,0,0,0,0,9
10603112005,core,0,0,0,0,0,0,0,0,0,0,0,0,0,0,0,0,0,0,0,0,0,0,0,0,0,0,0,0,0,0,0,0,0,0,0,0,0,0,0,0,0,0,0,0,0,0,0,0,0,0,0,0,0,0,0,0,0,0,0,0,0,0,0,0,0,0,0,0,0,0,0,0,0,0,0,0,0,0,0,0,0,0,0,0,0,0,0,0,0,0,0,0,0,0,0,0,0,0,0,0,0,0,0,0,0,0,0,0,0,5,0,0,0,0,0,0,0,3,0,5,0,0,0,0,0,0,0,0,0,0,0,0,0,0,0,0,0,0,0,0,0,0,0,0,0,0,0,0,0,0,0,0,0,0,0,0,0,0,0,0,0,0,0,0,0,0,0,0,0,0,0,0,0,0,0,0,0,0,0,0,0,0,0,0,0,0,0,0,0,0,0,0,0,0,0,0,0,0,0,0
10603112006,core,5,5,12,12,18,8,0,0,0,58,0,3,0,5,9,10,0,0,0,28,0,0,0,6,0,7,0,0,0,9,0,0,4,4,0,5,0,0,0,7,4,7,18,18,18,27,4,0,0,105,4,0,3,0,3,0,0,0,0,13,4,0,0,0,0,0,0,0,0,6,4,0,5,0,3,0,0,0,0,11,10,5,24,18,20,27,4,0,0,118,10,3,9,6,7,15,44,16,4,121,5,0,4,3,4,0,6,6,0,16,20,10,39,25,29,46,51,18,5,254,0,3,11,0,7,5,0,0,0,26,4,0,9,9,9,12,0,0,0,47,0,0,0,0,0,0,0,0,0,3,0,0,3,0,0,0,0,0,0,5,7,8,19,14,19,20,0,0,0,84,0,3,0,0,0,0,0,0,0,3,0,0,0,0,0,0,0,0,0,0,0,3,0,0,0,0,0,0,0,4
10603112007,core,0,0,4,4,6,11,3,0,0,32,0,0,0,0,3,3,0,0,0,10,0,0,0,0,0,0,5,0,0,7,0,0,0,0,0,0,0,0,0,0,5,0,4,11,10,13,4,0,0,54,0,0,0,0,0,0,0,0,0,0,0,0,0,0,0,0,0,0,0,0,0,0,0,0,0,0,0,0,0,0,5,0,4,7,10,13,4,0,0,57,0,0,4,0,5,11,15,7,3,54,0,0,0,0,0,0,0,0,0,0,5,4,11,17,15,25,25,7,3,109,0,0,8,0,6,0,0,0,0,19,4,4,4,8,0,11,5,0,0,27,0,0,0,0,0,0,0,0,0,5,0,0,0,0,0,0,0,0,0,0,4,4,9,8,9,13,6,0,0,47,0,0,0,0,0,0,0,0,0,0,0,0,0,0,0,0,0,0,0,0,0,0,0,0,0,0,0,0,0,0
10603112008,core,0,4,11,15,21,14,4,0,0,67,0,0,4,0,6,9,0,0,0,24,0,0,0,0,0,0,0,0,0,4,0,0,0,0,0,0,0,0,0,6,5,7,26,15,30,26,5,0,0,108,0,0,0,0,0,0,0,0,0,5,0,0,0,0,0,0,0,0,0,0,0,0,0,0,0,0,0,0,0,9,3,7,24,15,28,25,5,0,0,110,12,6,8,4,5,10,44,25,8,112,4,0,3,0,3,0,4,4,0,12,17,12,30,19,36,33,53,30,8,245,0,7,8,13,9,7,0,0,0,42,7,5,8,13,8,15,9,0,0,62,3,0,0,5,4,0,0,0,0,10,0,0,0,0,0,0,0,0,0,4,7,14,20,24,20,19,8,0,0,121,0,0,0,0,0,0,0,0,0,6,5,0,0,0,0,0,0,0,0,5,4,0,0,0,0,0,0,0,0,9
10603112009,core,3,15,27,29,30,13,3,0,0,120,9,0,3,4,3,7,3,0,0,30,0,0,0,0,4,0,0,0,0,12,0,0,0,0,0,0,0,0,0,3,13,16,35,40,40,14,3,0,0,165,0,3,6,0,0,0,0,0,0,12,0,0,5,0,0,0,0,0,0,9,0,3,3,5,0,0,0,0,0,18,17,18,41,43,40,18,3,0,0,181,19,0,5,6,6,19,41,28,0,122,0,0,3,4,0,0,0,0,0,10,32,20,46,48,51,39,44,28,0,304,0,3,14,10,20,10,0,0,0,57,11,9,15,23,22,12,0,0,0,93,0,4,5,0,3,0,0,0,0,14,0,0,0,0,0,0,0,0,0,0,7,12,39,39,47,19,0,0,0,160,0,0,0,0,0,0,0,0,0,0,0,0,0,0,0,0,0,0,0,9,0,0,3,0,0,0,0,0,0,6
10603112010,core,0,12,13,11,22,22,0,0,0,78,11,0,3,5,9,3,3,0,0,37,0,0,0,0,0,3,0,0,0,10,0,0,0,0,0,0,0,0,0,0,7,10,17,20,33,31,6,0,0,123,0,0,0,0,0,0,0,0,0,3,0,0,0,0,0,0,0,0,0,3,0,4,0,0,0,6,0,0,0,5,9,14,17,20,31,37,6,0,0,129,4,8,4,0,3,21,34,23,0,105,0,0,0,0,0,3,0,0,0,12,18,19,20,21,39,56,41,26,0,244,3,3,3,8,9,10,0,0,0,29,6,6,15,10,6,15,3,0,0,65,0,0,6,0,4,0,0,0,0,12,0,0,0,0,0,0,0,0,0,0,8,8,24,18,18,26,9,0,0,108,0,0,0,0,0,0,0,0,0,6,6,0,0,0,0,0,0,0,0,7,4,0,0,0,4,0,0,0,0,7
10603112011,core,5,0,0,0,9,0,6,0,0,27,4,0,0,9,0,8,0,0,0,25,0,0,0,0,0,0,0,0,0,4,0,0,0,0,0,0,0,0,0,0,7,6,0,12,9,6,4,0,0,48,0,0,4,0,0,0,0,0,0,4,0,0,0,0,0,0,0,0,0,0,0,0,4,0,0,0,0,0,0,5,7,6,4,13,9,11,4,0,0,52,0,0,0,4,4,15,19,16,3,62,0,0,0,0,0,0,4,0,0,7,13,6,4,21,15,28,25,14,3,123,0,0,0,8,6,4,0,0,0,20,0,0,0,3,0,6,0,0,0,18,0,0,0,0,0,0,0,0,0,0,0,0,0,0,0,0,0,0,0,0,0,6,6,7,6,6,0,0,0,37,0,0,0,0,0,0,0,0,0,0,0,0,0,0,0,0,0,0,0,0,0,0,0,0,0,0,0,0,0,0
10603112012,core,4,0,18,11,9,9,0,0,0,50,0,0,4,0,4,7,0,0,0,14,0,0,0,0,0,0,0,0,0,5,0,0,0,0,0,0,0,0,0,0,3,0,21,14,11,15,0,0,0,71,0,0,0,0,5,0,0,0,0,7,0,0,0,0,0,0,0,0,0,0,0,0,0,0,5,0,0,0,0,7,3,0,24,14,14,15,4,0,0,76,4,0,0,0,0,9,22,17,0,63,4,0,3,0,5,9,0,0,0,12,11,5,27,16,19,30,30,19,0,162,0,0,7,7,7,8,3,0,0,33,0,0,8,5,5,5,0,0,0,25,0,0,0,0,0,0,0,0,0,6,0,0,0,0,0,0,0,0,0,0,0,3,13,8,14,15,3,0,0,59,0,0,0,0,0,0,0,0,0,5,0,0,0,0,0,0,0,0,0,4,3,0,0,0,0,0,0,0,0,3
10603112013,core,3,4,7,5,9,25,3,0,0,60,0,0,0,4,3,9,0,0,0,19,0,0,0,0,0,0,0,0,0,8,0,0,0,0,0,0,0,0,0,0,3,7,11,15,18,31,5,0,0,84,0,0,0,0,0,0,0,0,0,6,0,0,0,0,0,0,0,0,0,0,0,0,0,0,0,3,0,0,0,6,3,3,11,10,18,33,7,0,0,90,7,0,0,0,4,15,32,17,4,76,0,0,0,0,0,0,4,0,0,11,3,7,14,13,25,54,38,14,4,180,0,0,4,6,8,7,0,0,0,23,0,5,8,9,11,5,0,0,0,40,0,0,0,0,3,5,0,0,0,9,0,0,0,0,0,0,0,0,0,0,0,5,13,17,21,19,0,0,0,75,0,0,0,0,0,0,0,0,0,4,0,0,0,0,0,0,0,0,0,0,0,0,0,0,0,0,0,0,0,4
10603112014,core,0,7,12,12,8,20,9,0,0,64,4,0,4,0,5,5,4,0,0,21,0,0,3,0,0,0,0,0,0,8,0,0,0,0,0,0,0,0,0,0,5,7,16,14,16,22,7,0,0,94,0,0,0,0,0,0,0,0,0,0,0,0,0,0,0,0,0,0,0,0,0,0,0,0,0,0,0,0,0,3,5,7,21,16,16,21,7,0,0,96,8,3,0,3,8,20,35,18,0,98,3,0,0,4,7,0,3,0,0,19,15,10,18,25,26,47,46,22,0,217,0,0,10,7,3,5,0,0,0,30,0,8,4,6,7,14,0,0,0,36,0,5,0,0,0,0,0,0,0,8,0,0,0,0,0,0,0,0,0,0,0,9,18,16,17,18,0,0,0,74,0,0,0,0,0,0,0,0,0,3,0,0,0,0,0,0,0,0,0,0,0,0,0,0,4,0,0,0,0,3
10603112015,core,0,0,5,8,3,11,0,0,0,27,0,0,0,0,0,6,0,0,0,14,0,0,0,0,0,0,0,3,0,9,0,0,0,0,0,0,0,0,0,0,0,0,3,8,5,17,8,6,0,49,0,0,0,0,0,0,0,0,0,0,0,0,0,0,0,0,0,0,0,0,0,0,0,0,0,0,0,0,0,0,0,0,3,8,5,15,5,6,0,53,3,4,0,0,4,3,21,14,6,54,0,0,0,0,3,0,3,0,0,6,5,6,5,8,11,20,29,18,6,112,0,0,0,0,0,0,3,0,0,13,0,0,0,0,0,9,0,0,0,17,0,0,0,0,0,4,0,0,0,0,0,0,0,0,0,0,0,0,0,0,0,6,0,3,11,14,9,0,0,37,0,0,0,0,0,0,0,0,0,0,0,0,0,0,0,0,0,0,0,0,0,0,0,0,0,0,0,0,0,0
10603112016,core,7,5,9,20,12,21,0,0,0,77,3,5,3,0,5,3,4,0,0,26,0,0,5,0,0,5,0,0,0,9,0,0,0,0,3,0,0,0,0,9,9,13,20,21,27,30,4,0,0,117,0,0,8,4,0,0,0,0,0,8,0,0,0,0,0,0,0,0,0,0,0,0,8,4,3,0,0,0,0,14,9,16,23,20,24,31,8,0,0,127,5,4,0,6,8,15,28,25,0,91,0,0,6,0,0,0,0,0,0,12,15,13,31,29,35,44,31,25,0,225,7,0,5,3,12,3,0,0,0,37,0,3,14,6,11,20,0,0,0,54,0,0,0,0,0,4,0,0,0,11,0,0,0,0,0,0,0,0,0,0,7,8,22,13,27,25,0,0,0,102,0,0,0,3,0,0,0,0,0,4,0,0,0,0,0,0,0,0,0,3,0,0,0,3,0,0,0,0,0,5
10603112017,core,0,0,0,0,0,0,0,0,0,5,0,0,0,0,0,0,0,0,0,0,0,0,0,0,0,0,0,0,0,0,0,0,0,0,0,0,0,0,0,0,0,0,0,0,0,0,0,0,0,5,0,0,0,0,0,0,0,0,0,0,0,0,0,0,0,0,0,0,0,0,0,0,0,0,0,0,0,0,0,0,0,0,0,0,0,0,0,0,0,5,0,0,0,0,0,0,0,0,0,0,0,0,0,0,0,0,0,0,0,0,0,0,0,0,0,0,0,0,0,5,0,0,0,0,0,0,0,0,0,0,0,0,0,0,0,0,0,0,0,0,0,0,0,0,0,0,0,0,0,0,0,0,0,0,0,0,0,0,0,0,0,0,0,0,0,0,0,0,0,0,0,0,0,0,0,0,0,0,0,0,0,0,0,0,0,0,0,0,0,0,0,0,0,0,0,0,0,0,0,0
10603112018,core,3,9,6,13,18,10,0,0,0,61,4,0,0,3,5,6,0,0,0,23,0,0,0,0,3,0,0,0,0,5,0,0,0,0,0,0,0,0,0,0,12,13,12,19,18,20,3,0,0,94,0,0,0,0,0,0,0,0,0,4,0,0,0,0,0,0,0,0,0,3,0,0,0,0,0,0,0,0,0,7,8,13,14,19,18,20,3,0,0,100,6,4,6,5,5,13,32,30,14,110,0,5,0,0,3,0,0,6,3,16,17,20,11,22,25,37,35,34,17,223,0,7,5,10,6,3,0,0,0,30,0,7,4,14,11,13,5,0,0,46,0,0,0,0,0,5,0,0,0,6,0,0,0,0,0,0,0,0,0,0,0,13,9,24,19,17,3,0,0,81,0,0,0,0,0,0,0,0,0,0,0,0,0,0,0,0,0,0,0,6,0,0,0,0,0,0,0,0,0,3
10603112101,core,0,9,8,10,26,15,4,3,0,71,3,0,0,4,0,8,10,0,0,27,0,0,4,0,0,3,0,0,0,13,0,0,0,0,0,0,0,0,0,3,5,7,16,13,27,33,10,3,0,109,0,0,0,0,0,0,0,0,0,0,0,0,0,0,0,0,0,0,0,0,0,0,0,0,0,0,0,0,0,0,5,7,16,13,27,33,10,3,0,109,4,6,4,4,7,13,33,47,15,131,0,0,0,3,0,3,0,3,0,9,4,12,20,13,34,51,48,55,16,256,0,4,7,4,12,11,0,0,0,42,13,5,4,12,13,21,6,0,0,60,0,0,0,0,0,4,0,0,0,8,0,0,0,0,0,0,0,0,0,0,18,7,13,15,23,31,7,0,0,114,0,0,0,0,0,0,0,0,0,0,0,0,4,0,0,0,0,0,0,4,0,0,0,0,0,0,0,0,0,8
10603112102,core,0,0,10,9,15,14,7,0,0,52,0,6,10,9,8,10,4,0,0,36,0,0,0,0,0,0,0,0,0,4,0,0,0,0,0,0,0,0,0,0,5,6,14,15,20,23,10,0,0,93,0,0,0,0,0,0,0,0,0,0,0,0,0,0,0,0,0,0,0,0,0,0,0,0,0,0,0,0,0,0,5,4,14,15,20,26,10,0,0,102,12,0,3,0,5,13,42,33,5,113,0,0,0,5,0,0,0,5,0,10,12,8,27,18,28,43,51,32,5,221,0,0,0,3,14,9,0,0,0,33,6,6,7,9,4,14,5,0,0,47,0,0,0,0,0,0,0,0,0,8,0,0,0,0,0,0,0,0,0,0,6,7,9,13,21,29,0,0,0,82,0,0,0,0,0,0,0,0,0,4,0,0,0,0,0,0,0,0,0,0,0,0,0,0,0,0,0,0,0,4
10603112103,core,0,0,13,14,24,14,0,0,0,67,3,0,0,7,5,10,0,0,0,23,0,0,0,0,0,3,0,0,0,7,0,0,0,0,0,0,0,0,0,3,8,9,11,14,25,26,3,0,0,99,0,0,0,0,0,0,0,0,0,0,0,0,0,0,0,0,0,0,0,4,0,0,0,0,0,0,0,0,0,8,9,9,14,14,25,27,3,0,0,102,0,0,6,0,0,11,28,11,6,72,0,0,0,0,0,0,0,0,0,4,8,6,18,18,29,40,32,11,6,174,0,0,3,9,7,8,0,0,0,28,0,4,7,9,4,14,0,0,0,41,0,4,3,0,0,0,0,0,0,9,0,0,0,0,0,0,0,0,0,0,0,6,14,18,16,20,0,0,0,79,0,0,0,0,0,0,0,0,0,0,0,4,0,0,3,0,0,0,0,8,0,4,0,0,5,0,0,0,0,5
10603112104,core,0,4,8,7,12,9,3,0,0,41,3,0,5,6,0,6,0,0,0,28,0,0,0,0,0,0,0,0,0,0,0,0,0,0,0,0,0,0,0,6,4,7,10,12,16,13,7,0,0,72,0,0,0,0,0,0,0,0,0,0,4,0,0,0,0,0,0,0,0,6,4,0,0,0,4,0,0,0,0,3,7,7,10,12,20,16,7,0,0,73,8,0,3,0,0,4,15,16,0,42,0,0,0,0,0,0,0,4,0,4,14,7,14,12,18,22,23,13,0,127,0,0,4,4,15,3,0,0,0,25,5,0,4,8,14,14,0,0,0,38,0,0,0,0,0,0,0,0,0,0,0,0,0,0,0,0,0,0,0,0,5,0,4,9,22,20,0,0,0,59,0,0,0,0,0,0,0,0,0,0,0,0,0,0,0,0,0,0,0,0,0,0,0,0,0,0,0,0,0,0
10603112105,core,7,4,3,9,8,8,0,0,0,35,0,3,0,3,0,5,0,3,0,19,0,0,0,0,0,3,0,0,0,0,0,0,0,0,0,0,0,0,0,0,0,4,3,9,15,20,0,3,0,55,0,0,0,0,0,0,0,0,0,4,0,0,0,0,0,0,0,0,0,3,0,0,0,0,0,0,0,0,0,6,8,6,3,9,16,17,0,3,0,62,0,0,3,0,3,3,17,15,3,51,0,0,0,0,0,0,0,5,0,5,5,11,9,9,19,20,14,22,3,115,0,0,3,3,4,9,0,0,0,23,9,6,3,0,7,14,0,0,0,37,0,0,0,0,0,0,0,0,0,0,0,0,0,0,0,0,0,0,0,0,9,3,5,9,15,19,0,0,0,62,0,0,0,0,0,0,0,0,0,0,0,0,0,0,0,0,0,0,0,7,0,0,0,0,0,0,0,0,0,7
10603112106,core,0,0,4,4,3,6,4,0,0,27,0,0,0,0,4,11,4,0,0,24,0,0,0,0,0,0,0,0,0,7,0,0,0,0,0,0,0,0,0,0,3,5,4,9,12,14,14,0,0,63,0,0,0,0,0,0,0,0,0,0,0,0,0,0,0,0,0,0,0,0,0,0,0,0,0,0,0,0,0,0,3,5,4,9,12,16,14,0,0,64,9,0,3,0,3,12,45,65,26,164,0,0,0,0,0,3,7,11,4,22,5,6,4,10,11,27,70,79,26,247,0,0,0,4,4,5,0,0,0,14,0,7,3,4,5,14,3,0,0,27,0,0,0,0,0,3,0,0,0,3,0,0,0,0,0,0,0,0,0,0,0,3,0,10,9,19,5,0,0,49,0,0,0,0,0,0,0,0,0,0,0,0,0,0,0,0,0,0,0,5,0,0,0,0,0,0,0,0,0,5
10603112107,core,0,0,10,8,6,10,0,0,0,33,6,0,0,0,0,0,0,0,0,14,0,0,0,0,0,0,0,0,0,5,0,0,0,0,0,0,0,0,0,0,3,4,14,8,10,13,0,0,0,50,0,0,0,0,0,0,0,0,0,0,0,0,0,0,0,0,0,0,0,0,0,0,0,0,0,0,0,0,0,4,3,6,16,8,10,13,0,0,0,55,0,0,5,0,0,6,14,8,4,44,0,0,0,0,0,0,0,0,0,5,7,4,14,8,12,20,16,8,4,102,0,0,3,0,3,0,0,0,0,11,0,0,0,6,10,6,0,0,0,21,0,0,0,0,6,0,0,0,0,6,0,0,0,0,0,0,0,0,0,0,0,3,4,5,12,11,3,0,0,36,0,0,0,0,0,0,0,0,0,0,0,0,0,0,0,0,0,0,0,0,0,0,0,0,0,0,0,0,0,0
10603112108,core,0,3,3,7,19,5,3,0,0,39,0,4,4,0,3,5,4,0,0,25,0,0,0,0,0,0,0,0,0,4,0,0,0,0,0,0,0,0,0,4,0,9,13,11,17,5,6,0,0,68,0,0,0,0,0,0,0,0,0,0,0,0,0,0,0,0,0,0,0,0,0,0,0,0,0,0,0,0,0,0,0,9,13,11,17,5,6,0,0,68,0,0,7,0,8,7,29,39,21,115,3,0,0,0,0,0,5,5,0,18,5,11,14,11,25,22,39,47,24,195,0,7,3,0,14,4,0,0,0,26,0,4,4,6,8,14,0,0,0,43,5,0,0,0,0,0,0,0,0,8,0,0,0,0,0,0,0,0,0,0,3,6,7,14,21,16,3,0,0,80,0,0,0,0,0,0,0,0,0,0,0,0,0,0,0,0,0,0,0,5,0,0,0,0,0,0,0,0,0,5
10603112109,core,4,0,8,8,15,12,0,0,0,53,5,0,0,4,4,3,3,0,0,22,8,0,0,0,0,0,0,0,0,8,0,0,0,0,0,0,0,0,0,0,17,4,11,11,19,17,3,0,0,87,0,0,0,0,0,0,0,0,0,6,0,0,0,0,0,0,0,0,0,0,0,0,0,0,0,0,0,0,0,6,17,4,11,12,24,17,3,0,0,91,4,0,0,8,0,5,13,12,0,46,0,0,0,0,0,0,0,0,0,8,20,4,14,14,20,23,22,19,0,135,0,3,6,3,10,5,0,0,0,34,0,3,3,9,13,10,6,0,0,45,3,0,5,0,0,0,0,0,0,6,0,0,0,0,0,0,0,0,0,0,3,11,13,16,26,18,5,0,0,92,0,0,0,0,0,0,0,0,0,3,0,0,0,3,0,0,0,0,0,3,0,0,0,5,0,0,0,0,0,4
10603112110,core,0,4,3,11,8,6,0,0,0,37,0,3,0,0,0,0,0,0,0,12,0,0,0,0,0,0,0,0,0,6,0,0,0,0,0,0,0,0,0,4,4,3,7,11,12,11,4,0,0,59,0,0,0,0,0,0,0,0,0,0,0,0,0,0,0,3,0,0,0,3,0,0,0,0,0,3,0,0,0,3,4,3,7,11,12,17,4,0,0,61,4,0,0,0,4,7,13,10,4,32,0,0,6,0,0,0,0,0,0,6,6,6,9,11,14,19,20,10,4,103,0,0,3,3,5,3,0,0,0,12,0,0,3,4,4,7,0,0,0,24,0,0,3,0,0,0,0,0,0,8,0,0,0,0,0,0,0,0,0,0,0,0,9,8,17,16,0,0,0,52,0,0,0,0,0,0,0,0,0,0,0,0,5,0,0,0,0,0,0,4,0,0,5,0,0,0,0,0,0,4
10603112111,core,0,0,0,0,0,0,0,0,0,0,0,0,0,0,0,0,0,0,0,0,0,0,0,0,0,0,0,0,0,0,0,0,0,0,0,0,0,0,0,0,0,0,0,0,0,0,0,0,0,0,0,0,0,0,0,0,0,0,0,0,0,0,0,0,0,0,0,0,0,0,0,0,0,0,0,0,0,0,0,0,0,0,0,0,0,0,0,0,0,0,0,0,0,0,0,0,0,0,0,0,0,0,0,0,0,0,0,0,0,0,0,0,0,0,0,0,0,0,0,0,0,0,0,0,0,0,0,0,0,0,0,0,0,0,0,0,0,0,0,0,0,0,0,0,0,0,0,0,0,0,0,0,0,0,0,0,0,0,0,0,0,0,0,0,0,0,0,0,0,0,0,0,0,0,0,0,0,0,0,0,0,0,0,0,0,0,0,0,0,0,0,0,0,0,0,0,0,0,0,0
10603112112,core,0,0,0,0,0,0,0,0,0,0,0,0,0,0,0,0,0,0,0,0,0,0,0,0,0,0,0,0,0,0,0,0,0,0,0,0,0,0,0,0,0,0,0,0,0,0,0,0,0,0,0,0,0,0,0,0,0,0,0,0,0,0,0,0,0,0,0,0,0,0,0,0,0,0,0,0,0,0,0,0,0,0,0,0,0,0,0,0,0,0,0,0,0,0,0,0,0,0,0,0,0,0,0,0,0,0,0,0,0,0,0,0,0,0,0,0,0,0,0,0,0,0,0,0,0,0,0,0,0,0,0,0,0,0,0,0,0,0,0,0,0,0,0,0,0,0,0,0,0,0,0,0,0,0,0,0,0,0,0,0,0,0,0,0,0,0,0,0,0,0,0,0,0,0,0,0,0,0,0,0,0,0,0,0,0,0,0,0,0,0,0,0,0,0,0,0,0,0,0,0
10603112113,core,0,0,3,9,4,0,3,0,0,16,0,0,0,0,0,0,3,0,0,6,0,0,0,0,0,0,0,0,0,0,0,0,0,0,0,0,0,0,0,0,0,0,3,9,4,0,4,0,0,19,0,0,0,0,0,0,0,0,0,0,0,0,0,0,0,0,0,0,0,0,0,0,0,0,0,0,0,0,0,0,0,0,3,9,7,0,4,0,0,25,3,0,0,0,0,0,10,4,0,13,0,0,0,0,0,0,0,0,0,3,3,0,0,9,5,3,14,4,0,35,0,0,0,0,0,0,0,0,0,4,0,0,0,3,0,4,0,0,0,7,0,0,0,0,0,0,0,0,0,3,0,0,0,0,0,0,0,0,0,0,0,0,4,3,4,3,0,0,0,13,0,0,0,0,0,0,0,0,0,0,0,0,0,0,0,0,0,0,0,0,0,0,0,0,0,0,0,0,0,0
10603112114,core,0,0,0,0,0,0,0,0,0,0,0,0,0,0,0,0,0,0,0,5,0,0,0,0,0,0,0,0,0,0,0,0,0,0,0,0,0,0,0,0,0,0,0,0,0,0,0,0,0,3,0,0,0,0,0,0,0,0,0,0,0,0,0,0,0,0,0,0,0,0,0,0,0,0,0,0,0,0,0,0,0,0,0,0,0,0,0,0,0,3,0,0,0,0,0,5,0,0,0,3,0,0,0,0,0,0,0,0,0,0,0,0,0,0,3,3,0,0,0,12,0,0,0,0,0,0,0,0,0,0,0,0,0,0,0,0,0,0,0,0,0,0,0,0,0,0,0,0,0,0,0,0,0,0,0,0,0,0,0,0,0,0,0,0,0,0,0,0,0,3,0,0,0,0,0,0,0,0,0,0,0,0,0,0,0,0,0,0,0,0,0,0,0,0,0,0,0,0,0,0
10603112115,core,5,7,15,15,16,11,0,0,0,70,3,3,9,0,7,4,3,0,0,25,0,0,4,0,0,0,0,0,0,8,0,0,0,0,0,0,0,0,0,6,8,11,20,22,26,15,8,0,0,112,0,0,0,0,0,0,0,0,0,0,0,0,0,0,0,0,0,0,0,3,0,0,0,0,0,0,0,0,0,5,8,10,20,25,29,19,8,0,0,119,4,4,11,3,4,15,35,22,4,95,3,0,4,0,3,0,0,0,0,12,11,14,32,26,35,33,46,22,4,222,0,3,6,11,14,7,0,0,0,39,3,5,6,14,16,7,3,0,0,53,3,0,4,4,0,0,0,0,0,8,0,0,0,0,0,3,0,0,0,5,7,6,18,27,26,19,8,0,0,112,0,0,0,0,0,0,0,0,0,6,0,0,0,0,0,0,0,0,0,0,0,0,0,4,0,0,0,0,0,5
10603112116,core,0,3,14,3,6,16,3,0,0,52,0,4,0,6,7,9,3,4,0,36,0,0,0,0,0,6,0,0,0,4,0,0,0,0,0,0,0,0,0,4,0,8,13,7,18,28,10,4,0,98,0,0,0,0,3,0,0,0,0,3,0,0,0,0,0,0,3,0,0,6,0,0,0,0,4,0,0,0,0,7,3,12,13,7,18,29,10,4,0,106,0,0,5,3,3,18,42,30,4,98,0,0,0,0,0,5,5,0,0,11,3,16,20,17,27,51,52,34,4,209,0,0,8,9,5,15,0,0,0,38,0,5,5,7,11,9,5,0,0,46,0,5,0,0,0,7,0,0,0,11,0,0,0,0,0,0,0,0,0,0,6,12,12,16,24,29,6,0,0,100,0,0,0,0,0,0,0,0,0,0,0,0,0,0,0,0,0,0,0,4,0,0,0,3,0,0,0,0,0,4
10603112117,core,0,0,0,0,0,0,0,0,0,0,0,0,0,0,0,0,0,0,0,0,0,0,0,0,0,0,0,0,0,0,0,0,0,0,0,0,0,0,0,0,0,0,0,0,0,0,0,0,0,0,0,0,0,0,0,0,0,0,0,0,0,0,0,0,0,0,0,0,0,0,0,0,0,0,0,0,0,0,0,0,0,0,0,0,0,0,0,0,0,0,0,0,0,0,0,0,0,0,0,0,0,0,0,0,0,0,0,0,0,0,0,0,0,0,0,0,0,0,0,3,0,0,0,0,0,0,0,0,0,0,0,0,0,0,0,0,0,0,0,0,0,0,0,0,0,0,0,0,0,0,0,0,0,0,0,0,0,0,0,0,0,0,0,0,0,0,0,0,0,3,0,0,0,0,0,0,0,0,0,0,0,0,0,0,0,0,0,0,0,0,0,0,0,0,0,0,0,0,0,0
10603112118,core,0,0,5,11,13,17,8,0,0,59,3,6,7,6,3,5,7,5,0,30,0,0,0,0,0,0,0,0,0,3,0,0,0,0,0,0,0,0,0,3,11,8,15,8,16,21,12,5,0,90,0,0,0,0,0,0,0,0,0,0,0,0,0,0,0,0,0,0,0,0,0,0,0,0,0,0,0,0,0,3,11,8,14,8,16,21,14,5,0,96,5,0,3,4,0,11,26,10,0,68,0,0,0,0,0,0,0,0,0,0,8,8,21,19,22,34,35,15,0,163,0,6,4,0,10,7,0,0,0,32,0,7,4,8,12,4,0,5,0,38,0,0,0,0,0,3,0,0,0,3,0,0,0,0,0,0,0,0,0,0,0,7,11,6,19,21,0,5,0,72,0,0,0,0,0,0,0,0,0,0,0,0,0,0,0,0,0,0,0,0,0,0,0,0,0,6,0,0,0,4
10603112119,core,0,5,7,10,7,8,5,0,0,41,3,3,3,0,4,0,4,0,0,30,3,0,0,0,0,5,0,0,0,5,0,0,0,0,0,0,0,0,0,0,6,9,14,15,16,13,5,0,0,67,0,0,0,0,0,0,0,0,0,0,0,0,0,0,0,0,0,0,0,0,0,0,0,0,0,0,0,0,0,3,6,9,12,15,18,13,5,0,0,77,3,3,0,0,3,12,28,33,14,94,0,0,0,0,0,0,5,0,4,9,10,9,9,11,24,22,34,37,19,176,0,4,0,0,9,12,0,0,0,28,3,5,3,11,15,3,0,0,0,43,0,0,0,0,0,3,0,0,0,12,0,0,0,0,0,0,0,0,0,0,6,8,8,12,28,17,0,0,0,78,0,0,0,0,0,0,0,0,0,0,0,0,0,0,0,0,0,0,0,3,0,0,0,0,0,3,0,0,0,4
10603112120,core,3,0,5,13,13,8,0,0,0,38,3,0,5,3,0,0,3,0,0,15,0,0,0,0,0,0,0,0,0,4,0,0,0,0,0,0,0,0,0,0,7,3,9,18,12,10,0,0,0,64,0,0,0,0,0,0,0,0,0,6,0,0,0,0,0,0,0,0,0,0,0,0,0,0,0,0,0,0,0,4,13,5,9,19,12,10,0,0,0,64,0,0,0,0,0,6,4,9,0,24,0,0,0,4,0,0,0,0,0,5,15,5,8,18,17,14,13,10,0,94,0,3,0,0,5,3,0,0,0,24,3,0,3,9,6,4,0,0,0,25,0,0,0,0,0,0,0,0,0,3,0,0,0,0,0,0,0,0,0,0,3,5,6,10,16,11,4,0,0,49,0,0,0,0,0,0,0,0,0,3,0,0,0,0,0,0,0,0,0,0,0,0,0,0,0,0,0,0,0,3
10603112121,core,0,0,0,5,0,4,0,0,0,12,0,0,0,0,0,3,4,0,0,10,0,0,0,0,0,0,0,0,0,0,0,0,0,0,0,0,0,0,0,0,4,0,0,6,4,3,3,0,0,28,0,0,0,0,0,0,0,0,0,6,0,0,0,0,0,0,0,0,0,0,0,0,0,0,0,0,0,0,0,0,4,0,0,5,4,6,3,0,0,25,0,0,0,0,0,0,3,4,0,16,0,0,0,0,0,0,0,0,0,5,5,0,0,5,4,12,9,4,0,44,0,0,0,0,4,0,0,0,0,8,3,0,0,0,7,4,0,0,0,13,0,0,0,3,0,0,0,0,0,3,0,0,0,0,0,0,0,0,0,0,0,4,0,5,8,5,9,0,0,28,0,0,0,0,0,0,0,0,0,0,0,0,0,0,0,0,0,0,0,0,0,0,0,0,0,0,0,0,0,0
10603112122,core,3,0,0,3,6,11,0,0,0,34,5,0,3,4,4,8,0,3,0,21,0,0,0,0,0,0,0,0,0,0,0,0,0,0,0,0,0,0,0,0,9,0,6,10,16,17,3,3,0,53,0,0,0,0,0,0,0,0,0,0,0,0,0,0,0,0,0,0,0,0,0,0,0,0,0,0,0,0,0,0,9,0,6,7,16,17,3,3,0,60,0,0,0,0,5,7,27,19,9,68,0,0,0,0,0,3,4,8,0,18,9,4,5,11,21,24,32,30,9,142,0,0,0,5,4,8,0,0,0,11,0,6,3,8,7,5,0,0,0,27,0,0,0,0,0,0,0,0,0,6,0,0,5,0,0,0,0,0,0,5,0,8,9,13,12,7,0,0,0,48,0,0,0,0,0,0,0,0,0,0,0,0,0,0,0,0,0,0,0,0,0,0,0,0,0,0,0,0,0,0
10603112123,core,0,4,7,6,8,10,0,0,0,34,0,3,0,3,0,9,0,0,0,17,0,0,0,0,0,0,0,0,0,5,0,0,0,0,0,0,0,0,0,0,0,8,9,10,11,17,0,3,0,55,0,0,0,0,0,0,0,0,0,0,0,0,0,0,0,0,0,0,0,0,0,0,0,0,0,0,0,0,0,0,0,4,9,10,11,17,3,3,0,61,0,0,6,0,0,13,47,46,19,129,0,0,0,0,0,0,3,13,12,28,5,4,14,10,11,30,52,63,26,215,0,0,4,3,5,9,0,0,0,19,0,0,3,6,3,9,3,0,0,28,0,0,0,0,3,5,0,0,0,4,0,0,0,0,0,0,0,0,0,0,3,0,10,9,12,15,6,0,0,52,0,0,0,0,0,0,0,0,0,0,0,0,0,0,0,0,0,0,0,5,0,0,0,0,0,0,0,0,0,8
10603112124,core,0,0,9,3,9,7,0,0,0,28,3,0,4,5,4,4,7,0,0,22,4,0,0,0,0,4,0,0,0,7,0,0,0,0,0,0,0,0,0,6,8,5,13,11,15,14,4,0,0,62,0,0,0,0,3,0,0,0,0,8,5,0,0,0,0,0,0,0,0,6,0,0,0,0,3,0,0,0,0,11,9,0,12,11,13,14,4,0,0,73,3,0,4,3,8,12,38,16,4,89,0,0,0,0,0,0,0,0,0,9,14,3,11,13,21,28,48,19,4,170,0,4,0,7,4,5,0,0,0,25,4,5,9,7,10,12,4,0,0,43,0,0,0,3,5,0,0,0,0,5,0,0,0,0,0,0,0,0,0,6,8,7,10,17,20,15,4,0,0,81,0,0,0,0,0,0,0,0,0,0,0,0,0,0,0,0,0,0,0,0,0,0,0,0,0,0,0,0,0,0
10603112125,core,0,0,4,11,11,7,8,0,0,41,4,5,0,3,0,7,11,0,0,34,0,0,0,0,0,3,0,0,0,7,0,0,0,0,0,0,0,0,0,6,4,3,10,10,10,21,14,0,0,76,0,0,0,0,0,0,0,0,0,3,0,0,0,0,0,0,0,0,0,4,0,0,0,0,0,6,0,0,0,4,4,3,10,11,11,23,14,0,0,83,0,0,0,0,6,9,28,12,5,65,0,0,0,0,0,4,4,0,0,10,10,6,11,11,14,33,47,13,4,154,0,0,0,6,6,8,0,0,0,20,5,8,6,5,7,8,7,0,0,34,0,0,0,0,0,5,0,0,0,12,0,0,0,0,0,0,0,0,0,0,4,11,7,13,13,28,7,0,0,74,0,0,0,0,0,0,0,0,0,0,0,0,0,0,0,0,0,0,0,0,0,0,0,0,5,0,0,0,0,5
10603112126,core,0,0,5,6,14,16,0,0,0,48,3,0,4,0,4,0,0,0,0,16,0,0,0,0,0,0,0,0,0,3,0,0,0,0,0,0,0,0,0,0,12,0,8,8,17,21,4,0,0,72,0,0,0,0,0,0,0,0,0,0,0,0,0,0,0,0,0,0,0,5,0,0,0,0,0,0,0,0,0,3,13,0,8,8,17,17,7,0,0,74,0,0,3,0,0,11,16,6,0,37,0,0,0,0,0,0,0,0,0,4,12,0,9,9,17,32,22,10,0,116,0,0,0,6,5,9,0,0,0,26,3,3,0,4,8,10,6,0,0,34,0,0,0,0,0,0,0,0,0,3,0,0,0,0,0,0,0,0,0,0,4,3,3,6,14,21,3,0,0,62,0,0,0,0,0,0,0,0,0,0,0,0,0,0,0,0,0,0,0,0,0,0,0,0,0,0,0,0,0,0
10603112127,core,0,6,5,10,19,14,9,0,0,54,8,3,7,0,7,7,5,4,0,39,0,0,0,0,0,0,0,0,0,3,0,0,0,0,0,0,0,0,0,0,9,9,8,13,28,22,10,4,0,98,0,0,0,0,0,0,0,0,0,0,0,0,0,0,0,0,0,0,0,0,0,0,0,0,0,0,0,0,0,0,9,7,8,13,28,22,15,4,0,97,10,3,0,3,3,17,45,29,0,103,0,0,0,0,0,0,0,0,0,3,15,11,8,20,29,42,58,30,0,206,0,0,0,8,12,11,0,0,0,29,0,3,0,4,15,9,6,0,0,42,6,0,0,0,0,4,0,0,0,6,0,0,0,0,0,0,0,0,0,0,3,8,7,11,21,20,7,0,0,82,0,0,0,0,0,0,0,0,0,0,0,0,0,0,0,0,0,0,0,0,0,0,0,0,0,0,0,0,0,5
10603112128,core,0,9,7,10,23,10,0,0,0,59,8,4,6,0,3,4,3,0,0,25,0,0,0,6,0,0,0,0,0,8,0,0,0,0,0,0,0,0,0,0,8,6,19,17,27,15,0,0,0,93,0,0,0,0,0,0,0,0,0,8,0,0,0,0,0,0,0,0,0,0,0,0,0,0,0,0,0,0,0,7,8,12,14,13,22,15,0,0,0,101,5,5,4,8,3,7,15,3,4,49,0,0,0,0,0,0,0,0,0,0,15,14,17,24,26,25,19,8,4,146,0,0,11,8,6,9,0,0,0,34,8,3,11,10,7,10,4,0,0,46,0,0,0,0,6,0,0,0,0,8,0,0,0,0,0,0,0,0,0,0,11,3,19,22,18,13,4,0,0,88,0,0,0,0,0,0,0,0,0,4,0,0,0,0,0,0,0,0,0,3,0,0,0,3,0,4,0,0,0,6
10603112129,core,0,0,6,13,8,9,0,0,0,39,4,4,0,0,0,0,4,0,0,16,0,0,0,0,0,0,0,0,0,3,0,0,0,0,0,0,0,0,0,4,7,4,10,15,11,5,4,0,0,61,0,0,0,0,0,0,0,0,0,3,0,0,0,0,0,0,0,0,0,0,0,0,0,0,0,0,0,0,0,3,7,4,10,22,11,5,3,0,0,65,0,0,0,3,0,4,16,12,0,33,0,3,3,0,0,0,0,0,0,5,18,6,12,18,12,13,12,12,0,102,0,0,0,3,8,0,5,0,0,14,12,0,5,6,12,3,0,0,0,39,0,0,0,0,0,0,0,0,0,3,0,0,0,0,0,0,0,0,0,0,11,0,10,14,17,4,5,0,0,64,0,0,0,0,0,0,0,0,0,0,0,0,0,0,0,0,0,0,0,0,0,0,0,0,0,0,0,0,0,0
10603112130,core,0,0,4,9,13,10,7,0,0,43,4,0,4,0,0,4,5,0,0,25,0,0,0,0,0,0,0,0,0,0,0,0,0,0,0,0,0,0,0,0,7,0,7,17,21,11,7,0,0,70,0,0,0,0,0,0,0,0,0,3,0,0,0,0,0,0,0,0,0,0,0,0,0,0,0,0,0,0,0,3,7,4,7,17,21,15,7,0,0,71,0,0,0,0,5,8,29,29,0,71,0,0,0,0,0,6,0,0,0,0,8,4,12,16,21,18,37,31,4,146,0,0,0,4,8,4,0,0,0,20,4,0,4,11,9,3,0,0,0,34,0,0,0,4,3,4,0,0,0,5,0,0,0,0,0,0,0,0,0,0,5,0,0,12,17,11,4,0,0,58,0,0,0,0,0,0,0,0,0,3,0,0,0,0,0,0,0,0,0,6,0,0,0,3,0,0,0,0,0,0
10603112131,core,6,3,15,13,23,15,4,0,0,81,3,5,7,4,5,9,5,4,0,36,0,0,0,0,0,6,0,0,0,7,0,4,0,0,0,3,0,0,0,10,4,7,27,14,30,39,9,4,0,132,0,0,0,3,0,0,0,0,0,7,0,0,0,0,0,0,0,0,0,4,0,0,0,3,0,3,0,0,0,6,9,7,27,13,30,34,9,3,0,142,0,4,0,5,3,28,60,32,7,138,0,0,6,0,3,3,3,0,0,27,15,12,41,19,40,72,77,38,8,307,0,0,11,10,18,6,0,0,0,46,3,0,19,5,11,8,3,0,0,49,0,5,0,0,3,5,4,0,0,17,0,0,0,0,0,0,0,0,0,3,3,6,30,13,35,16,5,0,0,115,0,0,0,0,0,0,0,0,0,3,0,0,0,0,0,0,0,0,0,0,0,0,0,0,0,0,0,0,0,3
10603112133,core,0,0,0,8,7,11,3,0,0,28,0,5,0,3,0,15,3,0,0,25,0,0,0,3,3,0,0,0,0,6,0,0,0,0,0,0,0,0,0,0,0,3,4,6,14,20,6,0,0,61,0,3,0,0,0,0,0,0,0,3,0,0,0,0,0,0,0,0,0,0,0,3,0,0,0,0,0,0,0,4,0,5,4,12,15,20,10,0,0,66,3,0,0,5,0,6,35,22,8,80,0,0,0,0,0,0,5,0,0,4,5,5,4,19,19,28,42,26,8,153,0,0,0,3,7,9,0,0,0,22,6,3,4,3,4,17,0,0,0,41,0,0,0,0,4,0,0,0,0,7,0,0,0,0,0,0,0,0,0,0,7,5,8,5,17,24,3,0,0,66,0,0,0,0,0,0,0,0,0,0,0,0,0,0,0,0,0,0,0,0,0,0,0,0,0,0,0,0,0,7
10603112134,core,4,7,17,15,19,25,0,0,0,83,9,4,3,5,3,14,5,5,0,42,0,0,4,3,0,0,3,0,0,5,0,0,0,0,0,0,0,0,0,0,11,8,21,22,24,37,7,0,0,130,0,0,0,0,0,0,0,0,0,8,0,0,0,0,0,0,0,0,0,0,0,0,0,0,0,4,0,0,0,7,11,16,17,18,24,36,6,0,0,134,4,3,0,0,5,12,50,47,29,149,0,0,0,0,0,4,0,0,0,3,14,15,17,25,29,51,57,54,28,293,0,0,11,8,14,13,4,0,0,45,9,0,4,9,19,20,5,0,0,58,0,0,0,0,3,3,0,0,0,15,0,0,0,0,0,0,0,0,0,6,10,7,16,13,33,36,6,0,0,121,0,0,0,0,0,0,0,0,0,5,0,0,0,0,0,0,0,0,0,3,0,0,0,0,0,0,0,0,0,12
10603112135,core,4,0,15,37,45,34,5,0,0,136,9,8,6,3,5,12,3,0,0,43,0,0,0,0,0,0,0,0,0,4,0,0,0,0,0,0,0,0,0,0,11,8,19,41,52,46,8,0,0,185,0,0,0,0,0,0,0,0,0,6,0,0,0,0,0,0,0,0,0,0,0,0,0,0,0,0,0,0,0,6,11,6,21,47,49,46,8,0,0,191,3,0,0,3,3,21,56,29,0,117,0,0,0,0,0,0,0,0,0,3,14,11,25,45,57,63,65,27,0,314,0,0,9,18,28,11,0,0,0,68,12,7,9,20,25,20,0,0,0,95,5,0,0,4,0,3,0,0,0,12,0,0,0,0,0,0,0,0,0,4,22,12,15,43,52,31,0,0,0,174,0,0,0,0,0,0,0,0,0,0,0,0,0,0,0,0,0,0,0,0,0,0,0,0,0,0,0,0,0,3
10603112136,core,5,9,15,10,16,11,4,0,0,62,0,3,3,4,0,8,7,0,0,24,0,0,0,0,0,0,3,0,0,6,0,0,0,0,0,0,0,0,0,0,9,8,23,23,20,14,10,0,0,98,0,0,4,0,3,0,0,0,0,4,0,0,0,0,0,0,0,0,0,0,0,0,4,0,3,0,0,0,0,10,9,7,25,23,25,14,10,0,0,105,5,3,0,0,7,6,20,21,0,64,0,0,0,0,0,0,0,0,0,3,16,16,24,26,24,25,30,16,0,177,0,3,7,14,15,3,0,0,0,41,6,4,12,8,10,10,5,0,0,55,0,3,5,0,0,0,0,0,0,8,0,0,0,0,0,0,0,0,0,0,11,11,21,27,21,12,5,0,0,105,0,0,0,0,0,0,0,0,0,0,0,0,0,0,0,0,0,0,0,3,4,0,0,0,0,0,0,0,0,6
10603112137,core,0,5,0,14,24,17,0,0,0,62,4,4,4,0,9,7,0,0,0,24,0,0,0,3,0,0,0,0,0,4,0,0,0,0,0,0,0,0,0,5,4,6,8,17,29,25,3,0,0,97,0,0,0,0,5,0,0,0,0,3,0,0,0,0,0,0,0,0,0,3,0,0,0,0,0,0,0,0,0,6,4,6,10,17,31,28,5,0,0,101,13,0,6,4,4,3,29,23,4,85,0,0,0,0,0,0,0,0,0,5,19,10,13,25,34,31,33,24,4,191,0,4,5,3,17,6,0,0,0,38,5,3,0,15,10,10,0,0,0,51,0,0,0,0,0,0,0,0,0,7,0,0,0,0,0,0,0,0,0,4,9,12,6,28,24,20,0,0,0,94,0,0,0,0,0,0,0,0,0,0,0,0,0,0,0,0,0,0,0,0,0,0,0,0,0,0,0,0,0,4
10603112138,core,0,11,11,11,23,18,0,0,0,83,9,4,7,9,4,14,3,0,0,47,5,3,0,0,0,0,0,0,0,13,0,0,0,0,0,0,0,0,0,3,14,20,20,18,31,34,8,0,0,140,0,0,0,0,0,0,0,0,0,0,0,0,0,0,0,0,0,0,0,6,0,0,0,0,0,0,0,0,0,6,14,20,22,18,34,34,8,0,0,146,6,4,3,3,5,15,41,39,10,118,0,0,0,0,0,0,0,0,0,13,25,21,26,19,37,44,49,38,7,269,0,0,11,5,18,20,3,0,0,58,9,0,0,8,19,10,6,0,0,62,3,3,3,0,0,0,0,0,0,12,0,0,0,0,0,0,0,0,0,0,15,8,24,15,37,29,7,0,0,131,0,0,0,0,0,0,0,0,0,5,0,0,0,0,0,0,0,0,0,0,0,0,0,0,0,0,0,0,0,3
10603112139,core,8,5,5,12,17,12,0,0,0,54,3,5,0,0,6,5,0,0,0,20,0,0,0,0,0,0,0,0,0,3,0,0,0,0,0,0,0,0,0,0,10,8,8,16,23,9,4,0,0,78,0,0,0,0,0,0,0,0,0,3,0,0,0,0,0,0,0,0,0,0,0,0,0,0,0,0,0,0,0,3,7,8,8,17,24,8,4,0,0,76,3,0,0,0,0,6,27,16,0,60,0,0,0,0,0,0,0,0,0,0,13,9,8,17,29,23,31,16,0,132,0,4,3,8,11,9,0,0,0,37,5,4,3,12,12,7,8,0,0,39,0,0,3,0,0,0,0,0,0,3,0,0,0,0,0,0,0,0,0,0,5,3,6,20,20,12,6,0,0,81,0,0,0,0,0,0,0,0,0,0,0,0,0,0,0,0,0,0,0,3,0,0,0,0,0,0,0,0,0,3
10603112140,core,0,3,3,7,11,5,3,0,0,29,0,3,4,5,0,3,0,0,0,14,0,0,0,0,0,0,0,0,0,6,3,0,0,0,0,0,0,0,0,3,9,4,8,6,12,8,0,0,0,50,0,0,0,0,0,0,0,0,0,0,0,0,0,0,0,0,0,0,0,0,0,0,0,0,0,0,0,0,0,0,9,4,9,6,12,8,0,0,0,51,3,0,0,0,0,4,14,20,4,61,0,0,0,0,0,0,0,5,0,5,5,4,14,12,15,17,21,20,4,120,0,0,0,4,4,9,0,0,0,14,0,3,5,13,10,3,3,0,0,46,0,0,0,0,0,0,0,0,0,3,0,0,0,0,0,0,0,0,0,0,0,7,6,18,14,12,3,0,0,65,0,0,0,0,0,0,0,0,0,0,0,0,0,0,0,0,0,0,0,0,0,0,0,0,0,0,0,0,0,0
10603112141,core,0,3,8,15,26,20,0,0,0,70,3,0,0,0,3,6,0,0,0,24,3,0,0,0,0,4,0,0,0,12,0,0,0,0,0,0,0,0,0,0,11,5,13,18,28,25,3,0,0,104,0,0,0,0,0,0,0,0,0,0,0,0,0,0,0,0,0,0,0,0,0,3,0,0,0,0,0,0,0,3,11,8,13,18,28,25,3,0,0,104,4,4,0,0,0,10,21,25,8,73,0,0,0,0,0,0,3,5,0,6,13,9,9,24,34,34,26,32,6,184,0,0,4,8,8,7,0,0,0,31,8,5,8,19,19,12,0,0,0,70,4,0,0,3,0,0,4,0,0,10,0,0,0,0,0,0,0,0,0,0,11,9,9,26,30,23,0,0,0,111,0,0,0,0,0,0,0,0,0,0,0,0,0,0,0,0,0,0,0,6,0,0,0,0,0,0,0,0,0,5
10603112142,core,0,0,6,0,9,14,0,0,0,40,0,0,0,7,0,5,3,5,0,22,4,0,0,0,0,0,0,0,0,5,0,0,0,0,0,0,0,0,0,0,9,5,4,10,11,15,7,3,0,70,0,0,0,0,0,0,0,0,0,4,0,0,0,0,0,0,0,0,0,0,0,0,0,0,0,0,0,0,0,0,10,5,8,10,11,15,7,3,0,67,3,0,0,0,0,4,21,26,10,62,0,0,0,0,0,0,3,8,0,9,11,5,8,13,17,23,26,38,10,140,0,0,0,3,4,6,0,0,0,22,0,0,3,8,11,6,5,0,0,33,0,6,0,4,0,0,0,0,0,5,0,0,0,0,0,0,0,0,0,0,4,6,3,12,18,15,8,3,0,55,0,0,0,0,0,0,0,0,0,0,0,0,0,0,0,0,0,0,0,0,0,0,0,0,0,0,0,0,0,0
10603112143,core,0,0,8,8,14,14,0,0,0,50,4,5,6,10,3,5,3,0,0,39,0,0,0,4,0,3,0,0,0,7,0,0,0,0,0,0,0,0,0,4,4,8,14,18,22,20,8,7,0,94,0,0,0,4,0,0,0,0,0,4,0,0,0,0,0,0,0,0,0,6,0,0,0,4,0,0,0,0,0,8,8,8,19,23,18,24,8,7,0,104,5,4,10,0,7,12,45,19,5,101,0,0,0,0,0,3,0,0,0,7,8,9,29,22,22,39,49,24,7,212,0,0,8,7,8,6,0,0,0,37,4,6,7,10,14,10,6,0,0,54,0,0,0,4,0,4,0,0,0,7,0,0,0,0,0,0,0,0,0,3,3,13,17,21,14,21,6,0,0,96,0,0,0,0,0,0,0,0,0,0,0,0,0,0,0,0,0,0,0,3,0,0,0,0,0,0,0,0,0,3
10603112144,core,3,3,3,9,14,10,0,0,0,43,3,3,0,0,0,9,3,0,0,28,0,0,4,0,0,0,0,0,0,4,0,5,0,0,0,0,0,0,0,5,5,17,12,11,18,16,4,0,0,87,0,0,0,0,0,3,0,0,0,5,0,0,0,0,0,0,0,0,0,0,3,0,0,0,0,3,0,0,0,5,9,17,12,11,18,16,0,0,0,92,10,0,0,0,3,5,15,13,3,55,0,6,0,0,0,0,0,0,0,7,24,17,11,11,24,28,26,15,3,156,0,5,0,0,9,0,0,0,0,21,3,0,10,12,6,11,11,0,0,48,0,0,0,0,0,0,0,0,0,4,0,0,0,0,0,0,0,0,0,0,4,4,7,8,21,16,11,0,0,73,0,0,0,0,0,0,0,0,0,0,0,0,0,0,0,0,0,0,0,0,0,0,0,0,0,0,0,0,0,0
10603112145,core,0,8,5,12,11,17,3,0,0,48,8,0,4,4,5,10,3,0,0,26,0,0,4,4,0,3,0,0,0,14,0,0,0,0,4,0,0,0,0,4,8,8,11,19,15,23,9,0,0,88,0,4,0,0,0,4,0,0,0,9,0,0,0,0,0,0,0,0,0,0,0,4,0,0,3,4,0,0,0,3,8,7,11,19,20,31,9,0,0,91,8,0,8,3,9,15,29,27,9,100,0,0,0,5,0,0,0,0,0,6,12,7,25,25,25,43,39,27,9,206,0,0,3,10,11,9,0,0,0,34,0,3,7,17,14,8,0,0,0,53,0,0,0,4,4,0,0,0,0,7,0,0,0,0,0,0,0,0,0,0,0,10,12,22,26,19,0,0,0,97,0,0,0,0,0,0,0,0,0,0,0,0,0,0,0,0,0,0,0,5,0,0,0,0,0,0,0,0,0,4
10603112146,core,0,0,0,6,6,3,0,0,0,14,0,0,3,0,0,0,0,0,0,9,0,0,0,0,0,0,0,0,0,0,0,0,0,0,0,0,0,0,0,0,0,0,6,3,3,8,0,0,0,27,0,0,0,0,0,0,0,0,0,4,0,0,0,0,0,3,0,0,0,3,0,0,0,0,0,6,0,0,0,9,0,0,6,3,3,15,0,0,0,33,0,0,0,3,0,9,28,35,20,97,0,0,0,0,0,0,7,20,25,54,0,0,6,8,3,24,37,58,41,179,0,0,3,4,3,3,0,0,0,10,0,0,4,4,0,7,0,0,0,19,0,0,0,0,0,0,0,0,0,0,0,0,0,0,0,0,0,0,0,0,0,5,9,4,5,12,0,0,0,38,0,0,0,0,0,0,0,0,0,0,0,0,0,0,0,0,0,0,0,0,0,0,0,0,0,0,0,0,0,0
10603112147,core,0,0,9,15,12,5,4,0,0,48,6,0,0,7,5,4,0,0,0,20,0,0,0,0,0,0,0,0,0,3,0,0,0,0,0,0,0,0,0,0,8,0,9,17,19,11,4,0,0,73,0,0,0,0,0,0,0,0,0,0,0,0,0,0,0,0,0,0,0,0,0,0,0,0,0,0,0,0,0,0,8,0,9,24,19,11,4,0,0,74,0,0,3,5,5,10,29,3,5,57,0,0,0,0,0,0,0,0,0,3,13,9,16,26,23,20,29,3,5,130,0,0,6,4,11,4,0,0,0,29,9,6,8,8,6,8,3,0,0,43,0,0,3,0,0,0,0,0,0,0,0,0,0,0,0,0,0,0,0,0,9,6,16,20,20,16,3,0,0,82,0,0,0,0,0,0,0,0,0,4,0,0,0,0,0,0,0,0,0,0,0,0,0,0,0,0,0,0,0,4
10603112148,core,0,3,13,8,21,9,0,0,0,49,6,0,4,6,0,11,4,0,0,33,5,0,0,0,0,0,4,0,0,8,0,0,0,0,0,0,0,0,0,3,11,7,12,12,23,16,9,0,0,94,0,0,0,0,0,4,0,0,0,4,0,0,0,0,0,0,0,0,0,0,0,0,0,0,0,4,0,0,0,4,12,7,18,12,21,20,9,0,0,104,7,0,0,0,3,10,40,22,4,82,0,0,0,0,5,0,0,0,0,7,19,8,16,11,25,36,49,20,4,195,0,4,9,8,9,10,3,0,0,35,4,6,8,7,7,7,6,0,0,45,0,0,4,0,0,4,0,0,0,9,0,0,0,0,0,0,0,0,0,0,4,8,20,15,17,19,14,0,0,95,0,0,0,0,0,0,0,0,0,0,0,0,0,0,0,0,0,0,0,0,0,0,0,0,0,0,0,0,0,0
10603112149,core,0,4,10,17,22,9,5,0,0,68,0,4,0,5,4,8,3,0,0,17,0,0,0,3,0,3,0,0,0,6,0,0,0,0,0,0,0,0,0,3,3,4,18,17,25,20,9,4,0,97,0,0,0,0,0,4,0,0,0,6,4,0,0,0,0,0,0,0,0,3,4,0,0,0,0,4,4,0,0,13,3,6,15,16,25,25,15,4,0,108,5,0,3,0,6,27,29,22,3,103,3,3,3,3,3,3,4,0,3,23,14,13,18,23,34,54,45,31,8,233,0,0,9,8,13,10,0,0,0,31,3,5,4,7,14,12,3,0,0,48,0,0,4,0,0,6,0,0,0,12,0,0,0,0,0,0,0,0,0,6,7,7,18,20,22,22,3,0,0,101,0,0,0,0,0,0,0,0,0,0,0,0,0,0,0,3,0,0,0,3,0,0,0,0,0,4,0,0,0,7
10603112150,core,4,5,7,12,4,3,0,0,0,31,0,0,0,3,0,5,0,0,0,18,0,0,0,0,3,0,0,0,0,7,0,0,0,0,0,0,0,0,0,0,4,0,9,14,12,7,0,0,0,47,0,0,0,0,0,0,0,0,0,0,4,0,0,0,0,0,0,0,0,5,4,0,0,0,0,0,0,0,0,5,6,0,8,14,12,7,0,0,0,55,0,0,0,0,0,13,16,18,9,60,0,0,0,0,0,0,0,5,0,3,8,0,7,11,13,22,19,21,9,116,0,0,7,5,3,0,0,0,0,16,0,0,3,6,4,9,0,0,0,27,0,0,0,0,3,0,0,0,0,4,0,0,0,0,0,0,0,0,0,0,0,3,10,16,7,8,4,0,0,48,0,0,0,0,0,0,0,0,0,0,3,0,0,0,0,0,0,0,0,3,3,0,0,6,0,0,0,0,0,5
10603112151,core,0,0,13,21,14,10,0,0,0,58,3,3,8,3,4,3,4,0,0,25,0,0,0,0,0,0,0,0,0,4,0,0,0,0,0,0,0,0,0,0,5,6,19,26,16,16,5,0,0,88,0,0,0,0,0,6,0,0,0,4,0,0,0,0,0,0,0,0,0,0,0,0,0,0,0,6,0,0,0,9,5,9,19,26,16,19,5,0,0,92,3,5,4,0,9,6,28,15,5,77,0,3,0,3,0,0,0,0,0,11,10,12,18,34,24,27,28,19,5,183,0,5,8,3,7,9,0,0,0,33,3,4,7,4,5,6,6,0,0,38,0,0,3,0,0,3,0,0,0,12,0,0,0,0,0,0,0,0,0,0,0,5,17,16,18,25,3,0,0,89,0,0,0,0,0,0,0,0,0,0,3,3,0,0,0,0,0,0,0,5,3,3,0,0,0,0,0,0,0,3
10603112152,core,0,8,4,13,8,4,0,0,0,41,3,0,3,4,5,5,0,0,0,14,0,0,0,0,0,0,0,0,0,5,0,0,0,0,0,0,0,0,0,5,4,8,9,15,15,19,3,0,0,65,0,0,0,0,0,0,0,0,0,0,0,0,0,0,0,0,0,0,0,0,4,0,0,0,0,0,0,0,0,3,8,8,9,15,15,19,3,0,0,66,8,0,3,0,0,4,19,9,3,49,0,0,3,0,0,4,0,0,0,10,17,9,12,15,12,21,23,8,0,127,0,0,5,6,5,0,0,0,0,16,3,4,0,11,11,0,3,0,0,37,0,0,0,3,0,4,0,0,0,3,0,0,0,0,0,0,0,0,0,0,3,4,9,17,9,10,3,0,0,55,0,0,0,0,0,0,0,0,0,0,0,0,0,0,0,3,0,0,0,5,0,0,0,0,0,3,0,0,0,5
10603112153,core,0,7,12,15,11,14,0,0,0,66,10,3,0,3,8,8,3,0,0,26,3,0,0,0,0,0,0,0,0,8,0,0,3,0,0,0,0,0,0,3,14,11,17,16,19,17,9,0,0,100,0,0,0,0,0,0,0,0,0,0,0,0,0,0,0,0,0,0,0,0,0,0,0,0,0,0,0,0,0,5,14,12,19,16,23,17,9,0,0,100,6,4,3,0,5,12,18,9,4,54,8,0,0,0,3,0,0,0,0,9,22,14,21,16,25,25,20,14,4,162,0,3,9,10,10,9,0,0,0,37,3,3,0,17,8,10,4,0,0,49,0,0,5,0,0,6,0,0,0,13,0,0,0,0,0,0,0,0,0,0,3,11,16,20,21,16,3,0,0,95,0,0,0,0,0,0,0,0,0,0,0,0,0,0,0,0,0,0,0,0,0,0,0,0,3,0,0,0,0,0
10603112154,core,6,0,9,9,18,7,6,0,0,54,0,4,3,0,4,5,0,0,0,26,0,0,0,0,0,3,0,0,0,3,0,0,0,0,0,0,0,0,0,0,3,8,13,12,25,21,3,0,0,88,0,0,0,0,0,0,0,0,0,5,0,0,0,0,0,0,0,0,0,0,0,0,0,0,0,0,0,0,0,8,3,8,13,17,30,21,3,0,0,88,7,0,0,0,4,14,29,16,0,77,0,0,0,0,0,0,0,0,0,5,18,13,14,17,36,33,33,15,0,173,4,0,3,5,15,5,0,0,0,36,3,7,0,3,10,5,4,0,0,37,0,0,0,0,0,0,0,0,0,0,0,0,0,0,0,0,0,0,0,0,9,4,5,10,26,14,5,0,0,76,0,0,0,0,0,0,0,0,0,3,0,0,0,0,0,0,0,0,0,0,0,0,0,0,0,0,0,0,0,0
10603112155,core,0,0,8,10,16,6,6,0,0,50,4,4,0,0,0,3,9,3,0,22,0,0,0,0,0,0,0,0,0,3,3,0,0,4,0,0,0,0,0,7,6,4,11,18,17,11,6,3,0,77,0,0,0,0,0,0,0,0,0,5,0,0,0,0,0,0,0,0,0,0,0,0,0,0,0,0,0,0,0,8,6,0,11,17,21,11,6,3,0,80,0,0,0,0,3,0,23,15,7,54,0,0,0,0,0,0,0,0,0,3,8,4,9,20,22,14,34,16,7,138,0,3,0,6,7,3,0,0,0,25,4,0,3,7,4,4,3,0,0,26,0,0,0,0,0,0,0,0,0,8,0,0,0,0,0,0,0,0,0,3,7,6,7,11,17,7,4,0,0,62,0,0,0,0,0,0,0,0,0,4,0,0,0,0,0,0,0,0,0,0,0,0,0,0,0,0,0,0,0,4
10603112156,core,0,4,5,10,11,13,3,0,0,42,4,0,3,0,4,9,4,0,0,28,5,0,0,0,0,0,4,0,0,9,0,0,0,0,0,0,0,0,0,0,6,4,4,13,13,19,11,0,0,69,0,0,0,0,0,0,0,0,0,6,0,0,0,0,0,0,0,0,0,0,0,0,0,0,0,0,0,0,0,3,4,4,4,11,13,19,11,0,0,73,0,0,0,0,3,12,33,37,3,97,0,0,0,0,0,4,0,0,0,8,8,9,8,16,15,34,43,39,3,175,0,0,3,0,6,9,3,0,0,18,0,0,3,6,8,16,8,0,0,40,0,0,0,0,0,3,3,0,0,9,0,0,0,0,0,0,0,0,0,0,0,9,5,9,14,24,13,0,0,65,0,0,0,0,0,0,0,0,0,0,0,0,0,0,0,0,0,0,0,0,0,0,0,0,0,0,0,0,0,4
10603112157,core,3,0,10,11,12,5,0,0,0,47,0,0,5,0,0,7,0,0,0,18,0,0,4,0,0,3,0,0,0,9,0,0,0,0,0,0,0,0,0,0,6,0,21,11,12,21,0,0,0,73,0,0,0,0,0,0,0,0,0,4,0,0,0,0,0,0,0,0,0,6,0,0,0,0,0,0,0,0,0,6,5,3,21,14,12,21,4,0,0,78,0,0,3,0,0,9,23,24,0,69,0,0,0,3,0,0,0,0,0,9,10,3,23,14,14,29,33,25,0,151,0,3,6,5,11,3,0,0,0,32,3,3,6,3,5,11,3,0,0,31,0,0,0,0,0,0,0,0,0,9,0,0,0,0,0,0,0,0,0,0,8,5,14,13,19,12,9,0,0,68,0,0,0,0,0,0,0,0,0,7,0,0,5,0,0,0,0,0,0,5,0,0,5,0,0,0,0,0,0,8
10603112158,core,0,5,9,9,11,11,5,0,0,52,6,4,8,7,3,3,5,0,0,37,0,0,0,0,3,6,0,0,0,8,0,0,0,0,0,0,0,0,0,0,6,14,23,13,21,20,5,0,0,99,0,0,0,0,0,7,0,0,0,10,0,0,0,0,0,0,0,0,0,3,4,0,0,0,0,5,0,0,0,13,5,14,21,13,24,25,5,0,0,113,0,0,0,5,3,12,38,34,6,110,0,3,5,4,0,0,0,5,0,16,9,17,26,21,29,44,46,32,6,238,0,6,7,5,4,8,0,0,0,34,0,4,8,12,9,10,6,3,0,50,0,0,3,0,0,0,0,0,0,9,0,0,0,0,0,0,0,0,0,3,0,14,19,15,23,16,4,3,0,93,0,0,0,0,0,0,0,0,0,4,0,0,0,0,0,0,0,0,0,0,0,0,0,0,0,3,0,0,0,5
10603112201,core,3,12,27,24,25,12,4,0,0,101,5,3,4,6,9,4,0,0,0,29,0,0,0,0,0,6,0,0,0,8,0,0,0,0,0,0,0,0,0,0,7,17,33,34,29,17,4,0,0,146,0,0,0,0,0,0,0,0,0,5,0,0,3,0,0,0,0,0,0,9,3,0,6,0,4,0,0,0,0,12,8,17,40,33,32,17,4,0,0,163,7,6,3,4,4,7,28,21,3,78,0,4,0,4,0,0,0,0,0,11,18,22,46,40,42,25,34,19,4,254,0,11,13,11,10,4,0,0,0,46,8,0,13,14,10,10,3,0,0,68,0,0,3,7,0,0,0,0,0,10,0,0,0,0,0,0,0,0,0,4,12,14,29,35,23,16,3,0,0,130,3,0,0,0,0,0,0,0,0,4,0,0,0,0,0,0,0,0,0,0,0,0,0,0,0,0,0,0,0,7
10603112202,core,0,0,3,4,13,11,5,0,0,26,0,0,0,0,5,8,0,0,0,15,0,0,0,0,0,0,0,0,0,7,0,0,0,0,0,0,0,0,0,0,0,0,3,4,17,14,3,4,0,46,0,0,0,0,6,4,0,0,0,9,0,0,0,0,0,0,0,0,0,0,0,0,0,0,6,4,0,0,0,9,0,5,8,4,19,17,3,4,0,55,4,0,6,3,0,9,28,13,0,59,0,3,0,0,6,9,4,11,0,36,4,6,9,7,28,36,39,25,6,156,0,0,0,3,3,0,0,0,0,8,0,0,0,0,5,0,7,0,0,16,0,0,0,0,0,0,0,0,0,0,0,0,0,0,0,0,0,0,0,0,0,0,0,7,6,4,7,0,0,22,0,0,0,0,0,0,0,0,0,0,0,0,0,0,0,0,0,0,0,0,0,0,0,0,0,0,0,0,0,0
10603112203,core,0,0,0,0,0,0,0,0,0,0,0,0,0,0,0,0,0,0,0,0,0,0,0,0,0,0,0,0,0,0,0,0,0,0,0,0,0,0,0,0,0,0,0,0,0,0,0,0,0,0,0,0,0,0,0,0,0,0,0,0,0,0,0,0,0,0,0,0,0,0,0,0,0,0,0,0,0,0,0,0,0,0,0,0,0,0,0,0,0,0,0,0,0,0,0,0,0,0,0,0,0,0,0,0,0,0,0,0,0,0,0,0,0,0,0,0,0,0,0,0,0,0,0,0,0,0,0,0,0,0,0,0,0,0,0,0,0,0,0,0,0,0,0,0,0,0,0,0,0,0,0,0,0,0,0,0,0,0,0,0,0,0,0,0,0,0,0,0,0,0,0,0,0,0,0,0,0,0,0,0,0,0,0,0,0,0,0,0,0,0,0,0,0,0,0,0,0,0,0,0
10603112204,core,0,0,16,7,4,11,3,0,0,47,0,5,12,4,0,0,0,0,0,23,0,0,0,0,0,0,0,0,0,0,0,0,0,0,0,0,0,0,0,0,4,7,25,12,10,11,3,0,0,73,0,0,0,0,0,0,0,0,0,6,0,0,0,0,0,0,0,0,0,0,0,0,0,0,0,0,0,0,0,3,6,5,27,12,12,19,3,0,0,79,3,0,4,6,3,6,20,3,0,45,3,0,5,3,0,0,0,0,0,12,13,15,28,22,13,23,19,7,0,141,0,5,6,7,0,6,0,0,0,27,0,0,9,5,3,3,6,0,0,23,0,0,4,4,0,0,0,0,0,12,0,0,0,0,0,5,0,0,0,5,3,8,19,14,8,14,6,0,0,65,0,0,0,0,0,0,0,0,0,3,0,0,0,0,0,0,0,0,0,0,0,0,0,0,0,0,0,0,0,4
10603112205,core,0,11,7,13,9,17,0,0,0,58,3,0,3,3,4,0,0,0,0,13,0,0,0,0,0,0,0,0,0,4,0,0,0,0,0,0,0,0,0,0,4,12,17,16,15,18,0,0,0,77,0,0,0,0,0,0,0,0,0,4,0,0,0,0,0,0,0,0,0,3,0,3,0,0,0,0,0,0,0,9,4,17,20,17,13,23,0,0,0,85,0,3,4,0,9,5,18,11,0,53,0,0,0,0,0,0,3,0,0,5,8,15,23,18,24,21,22,17,0,150,0,6,7,11,11,9,0,0,0,42,8,6,11,7,9,7,0,0,0,38,0,0,0,0,0,0,0,0,0,6,5,0,0,0,0,0,0,0,0,8,14,5,15,22,22,16,0,0,0,98,0,0,0,0,0,0,0,0,0,4,0,0,0,0,0,0,0,0,0,0,0,0,0,0,0,0,0,0,0,4
10603112206,core,5,0,16,11,13,7,5,0,0,61,9,0,4,4,0,0,0,0,0,20,0,0,0,3,0,3,0,0,0,5,0,0,0,0,0,0,0,0,0,3,8,5,22,21,12,16,6,0,0,90,0,0,3,0,0,0,0,0,0,7,0,0,0,0,0,0,0,0,0,5,0,0,4,0,0,0,0,0,0,8,12,6,20,19,12,16,6,0,0,95,5,0,0,7,0,12,20,9,3,56,0,0,0,4,0,0,4,5,0,17,14,11,22,26,17,29,30,9,3,161,0,4,7,7,7,3,3,0,0,39,0,0,10,9,8,11,0,0,0,39,0,0,0,0,0,6,0,0,0,6,0,0,0,0,0,0,0,0,0,0,4,3,18,15,18,22,3,0,0,82,0,0,0,0,0,0,0,0,0,6,0,0,0,0,0,0,0,0,0,0,0,0,0,0,0,0,0,0,0,4
10603112207,core,0,6,14,11,0,3,0,0,0,37,0,3,4,5,5,0,0,0,0,15,0,0,0,0,0,0,0,0,0,4,0,0,6,0,0,0,0,0,0,3,0,8,20,13,6,8,0,0,0,58,6,0,0,0,0,0,0,0,0,3,0,0,0,0,0,0,0,0,0,0,6,0,0,0,0,0,0,0,0,3,6,7,20,14,9,8,0,0,0,59,4,0,5,3,20,15,20,4,5,75,0,0,5,0,8,7,0,0,0,20,14,8,25,21,31,28,20,8,5,156,0,7,4,6,0,3,0,0,0,24,3,6,11,4,4,3,5,0,0,32,0,0,0,0,0,0,0,0,0,0,0,0,0,0,0,0,0,0,0,0,3,8,14,8,6,10,5,0,0,57,0,0,0,0,0,0,0,0,0,0,0,4,0,0,0,3,0,0,0,7,0,4,0,4,5,3,0,0,0,10
10603112208,core,0,0,7,10,5,4,4,0,0,36,5,4,3,0,0,0,0,0,0,12,0,0,0,0,0,0,0,0,0,0,0,0,0,0,0,0,0,0,0,0,5,5,16,10,9,9,4,0,0,51,0,0,0,0,0,0,0,0,0,4,0,0,0,0,0,0,0,0,0,0,0,0,0,0,0,0,0,0,0,4,5,5,15,10,11,8,4,0,0,59,11,4,4,0,0,13,16,12,0,59,0,0,0,0,0,3,3,0,0,11,11,6,19,11,14,24,27,12,0,127,0,3,3,7,0,3,0,0,0,20,3,3,3,8,0,8,0,0,0,24,0,0,0,0,0,0,0,0,0,4,0,0,0,0,0,0,0,0,0,0,3,11,10,12,3,15,0,3,0,57,0,0,0,0,0,0,0,0,0,3,0,0,0,0,0,0,0,0,0,6,0,0,0,0,4,0,0,0,0,7
10603112209,core,0,0,20,18,16,13,0,0,0,74,0,4,0,4,0,3,4,0,0,21,0,0,0,0,0,0,0,0,0,6,0,0,0,0,0,0,0,0,0,0,0,9,28,20,16,21,3,0,0,95,0,0,0,3,0,0,0,0,0,3,0,0,0,0,0,0,0,0,0,0,0,0,0,3,0,0,0,0,0,5,0,11,29,24,15,21,3,0,0,104,0,0,6,6,7,10,21,15,5,71,0,0,3,0,0,0,0,0,0,10,3,10,33,26,21,34,25,21,5,186,0,4,12,8,8,9,0,0,0,39,3,4,7,0,14,5,4,0,0,41,0,3,0,0,0,0,0,0,0,4,0,0,0,0,0,0,0,0,0,0,3,14,17,16,19,17,3,0,0,85,0,0,4,0,0,0,0,0,0,4,3,0,0,0,0,3,0,0,0,10,3,0,4,0,0,3,0,0,0,14
10603112210,core,0,9,15,23,23,13,3,0,0,85,0,8,9,5,6,10,0,0,0,38,0,6,0,0,0,0,0,0,0,8,0,0,0,0,0,0,0,0,0,7,0,20,30,29,30,26,0,0,0,131,3,0,0,0,0,0,0,0,0,8,0,0,0,0,0,0,0,0,0,3,5,0,0,0,0,0,0,0,0,8,7,22,26,28,29,20,0,0,0,140,6,4,0,3,5,11,19,23,10,83,0,0,4,0,0,0,0,0,0,6,14,28,30,36,38,35,22,23,10,231,0,7,10,15,10,8,0,0,0,50,5,3,10,8,10,8,0,0,0,47,0,4,5,0,0,0,0,0,0,12,0,0,0,0,0,0,0,0,0,5,11,14,26,20,24,25,0,0,0,111,0,0,0,0,0,0,0,0,0,0,0,0,0,0,0,4,0,0,0,9,4,4,0,0,0,4,0,0,0,12
10603112211,core,0,4,12,9,11,8,5,0,0,45,0,0,3,0,3,6,0,0,0,18,0,0,0,0,0,0,0,0,0,0,0,0,0,0,0,0,0,0,0,0,0,4,16,10,15,18,5,0,0,67,0,0,0,3,0,0,0,0,0,8,0,0,0,0,0,0,0,0,0,0,0,0,0,3,0,0,0,0,0,6,3,3,18,13,17,18,0,0,0,70,3,3,11,3,3,10,16,18,16,81,0,0,0,6,3,5,3,0,0,12,7,6,23,19,26,29,25,25,16,168,0,5,0,0,3,4,0,0,0,13,5,3,9,0,5,5,0,0,0,27,0,3,0,0,0,0,0,0,0,5,0,0,0,0,0,0,0,0,0,0,5,13,9,6,13,6,0,0,0,47,0,0,0,0,0,0,0,0,0,0,0,0,0,0,0,0,0,0,0,0,0,0,0,0,0,0,0,0,0,4
10603112212,core,0,0,9,8,14,10,0,0,0,51,5,3,8,7,9,3,0,0,0,28,0,3,0,0,4,0,0,0,0,6,0,0,0,0,0,0,0,0,0,5,7,7,19,17,21,15,5,0,0,92,0,3,4,0,0,0,0,0,0,10,4,4,0,0,0,0,0,0,0,3,0,4,4,0,0,0,0,0,0,10,9,12,18,15,25,15,5,0,0,101,7,4,3,12,9,16,14,11,0,80,4,0,0,0,0,0,5,3,0,11,20,17,20,30,34,32,20,12,6,196,0,0,0,4,18,7,0,0,0,31,7,0,7,10,11,7,0,0,0,52,0,0,10,0,0,0,0,0,0,12,4,3,0,0,0,0,0,0,0,9,8,3,19,18,30,19,3,0,0,98,0,0,0,3,4,0,0,0,0,9,5,0,6,0,0,0,0,0,0,11,3,0,6,0,0,0,0,0,0,13
10603112213,core,0,0,13,5,7,12,4,0,0,39,0,0,0,0,6,3,0,0,0,9,0,0,0,0,0,0,0,0,0,4,0,0,0,0,0,0,0,0,0,0,0,0,12,13,9,12,7,0,0,52,0,0,0,3,0,0,0,0,0,9,0,0,0,0,0,0,0,0,0,0,0,0,0,3,0,0,0,0,0,8,0,3,12,11,10,18,6,0,0,58,0,0,0,0,0,8,9,8,0,32,0,0,0,0,0,0,0,0,0,0,6,5,12,15,10,21,15,8,0,93,0,0,4,4,4,0,0,0,0,15,3,4,3,6,3,8,0,0,0,22,0,0,0,0,0,0,0,0,0,6,0,0,0,0,0,0,0,0,0,0,3,4,9,5,7,13,4,0,0,46,0,0,0,0,0,0,0,0,0,0,0,0,0,0,0,0,0,0,0,0,0,0,0,0,0,0,0,0,0,0
10603112214,core,5,10,11,6,8,10,0,0,0,42,0,0,0,0,4,0,0,0,0,7,0,0,4,0,0,0,0,0,0,4,0,0,0,0,0,5,0,0,0,0,6,10,18,6,8,9,0,0,0,57,0,0,3,0,0,0,0,0,0,7,3,0,0,0,0,0,0,0,0,6,3,5,3,0,0,0,0,0,0,9,5,13,19,6,9,10,0,0,0,67,13,6,5,4,6,16,15,10,0,60,0,0,0,0,0,0,3,0,0,8,22,14,28,11,12,26,16,10,0,139,0,0,5,4,8,0,0,0,0,13,11,12,6,11,0,3,3,0,0,40,0,0,0,0,0,0,0,0,0,5,0,0,0,0,0,0,0,0,0,0,11,6,17,12,10,3,3,0,0,63,0,0,0,0,0,0,0,0,0,7,0,0,0,0,3,0,0,0,0,3,0,3,0,0,3,0,0,0,0,10
10603112215,core,3,4,8,14,17,4,5,0,0,50,0,4,3,3,5,4,0,0,0,17,0,0,4,0,0,0,0,0,0,4,0,0,0,0,0,0,0,0,0,0,3,9,13,14,19,13,4,0,0,73,5,5,0,3,5,0,0,0,0,9,0,0,0,0,4,0,0,0,0,3,3,3,0,0,4,0,0,0,0,18,7,14,13,21,20,13,4,0,0,93,15,3,10,7,11,5,14,11,0,61,0,0,3,4,3,6,0,0,0,14,26,15,27,27,35,26,11,11,0,165,0,0,5,7,8,4,0,0,0,31,0,3,3,10,8,5,0,0,0,27,0,0,0,0,0,4,0,0,0,6,0,0,0,0,0,0,0,0,0,3,4,6,11,19,21,19,0,0,0,77,0,0,0,6,0,0,0,0,0,11,0,0,0,0,0,0,0,0,0,3,0,0,0,6,6,0,0,0,0,9
10603112216,core,0,6,17,9,10,14,8,0,0,65,0,7,0,4,5,0,0,0,0,18,0,0,0,0,0,0,0,0,0,0,0,0,0,0,0,0,0,0,0,0,0,4,23,17,16,18,9,0,0,85,0,3,0,0,0,0,0,0,0,7,3,0,0,0,0,0,0,0,0,6,3,3,0,0,0,0,0,0,0,7,3,11,23,20,21,18,6,0,0,96,4,0,6,0,3,5,15,15,0,48,0,0,3,0,0,0,0,0,0,14,10,11,29,24,27,22,20,13,0,157,0,0,0,13,10,10,0,0,0,29,8,0,13,10,9,3,0,0,0,43,0,0,4,4,0,0,0,0,0,8,0,0,0,0,0,3,0,0,0,5,3,3,20,24,15,15,6,0,0,83,0,3,0,0,0,0,0,0,0,5,0,0,0,0,0,0,0,0,0,0,5,3,0,0,0,0,0,0,0,4
10603112217,core,8,12,39,38,25,11,0,0,0,141,4,9,6,8,8,8,3,0,0,44,0,0,0,4,0,0,0,0,0,5,0,0,0,0,0,0,0,0,0,6,21,18,51,54,32,19,6,0,0,197,0,3,0,0,0,0,0,0,0,5,0,0,4,0,0,0,0,0,0,0,0,3,4,0,0,0,0,0,0,13,20,17,54,55,38,17,6,0,0,206,16,0,3,4,3,8,14,10,0,61,0,0,3,0,4,0,0,0,0,4,34,20,61,55,45,26,19,10,0,269,4,11,28,33,24,6,0,0,0,104,11,6,18,10,17,10,0,0,0,79,6,3,6,0,3,0,0,0,0,15,0,0,0,0,0,0,0,0,0,0,20,18,50,47,43,15,0,0,0,199,0,0,0,0,0,0,0,0,0,4,0,0,0,0,0,0,0,0,0,6,0,0,3,0,0,0,0,0,0,9
10603112218,core,4,6,7,13,16,11,0,0,0,63,6,6,0,0,0,3,0,0,0,18,0,0,0,0,3,0,0,0,0,3,0,0,0,0,0,0,0,0,0,0,11,11,8,13,26,15,4,0,0,88,0,0,0,0,0,0,0,0,0,0,0,0,0,0,0,0,0,0,0,0,0,0,0,3,0,0,0,0,0,7,9,11,8,22,24,15,4,0,0,90,0,0,0,0,5,6,14,3,5,41,0,0,0,0,0,0,0,0,0,0,15,12,11,22,29,20,21,3,5,136,0,0,6,7,11,7,0,0,0,33,6,0,3,12,8,5,0,0,0,35,0,0,0,0,0,0,0,0,0,5,0,0,0,0,0,0,0,0,0,0,11,4,10,19,25,13,0,0,0,79,0,0,0,0,0,0,0,0,0,0,0,0,0,0,0,0,0,0,0,0,0,0,0,0,0,0,0,0,0,0
10603112219,core,0,3,20,10,17,13,6,0,0,73,4,4,0,5,0,9,0,0,0,23,0,0,0,0,0,0,0,0,0,5,0,0,0,0,0,0,0,0,0,0,8,8,23,17,17,20,8,0,0,93,0,0,0,0,0,0,0,0,0,5,0,0,0,0,0,0,0,0,0,7,4,0,0,0,0,0,0,0,0,8,12,8,24,17,17,17,8,0,0,105,5,0,0,0,4,13,20,6,0,53,0,0,0,3,0,6,0,0,0,9,15,12,28,23,25,35,23,6,0,167,0,3,16,6,10,18,0,0,0,47,4,0,9,9,5,11,6,0,0,42,0,0,5,0,0,0,0,0,0,4,0,0,0,0,0,0,0,0,0,0,4,6,23,20,19,25,0,0,0,88,0,0,0,0,0,0,0,0,0,0,0,0,0,0,0,0,0,0,0,5,0,0,0,0,0,0,0,0,0,4
10603112220,core,0,8,12,10,10,9,0,0,0,52,4,5,3,3,5,4,0,0,0,21,0,0,0,0,0,0,0,0,0,0,0,0,0,0,0,0,0,0,0,0,3,10,13,14,11,14,3,0,0,74,0,0,0,0,0,0,0,0,0,3,0,0,0,0,0,0,0,0,0,7,0,0,0,0,0,0,0,0,0,8,6,14,12,15,11,16,3,0,0,79,3,0,0,0,4,4,14,4,0,37,0,0,4,0,0,3,0,0,0,11,12,14,19,14,19,28,14,5,0,121,0,0,13,4,5,5,0,0,0,28,0,0,6,13,7,7,0,0,0,31,0,0,0,0,4,4,0,0,0,7,0,0,0,0,0,0,0,0,0,0,0,0,16,20,13,21,0,0,0,73,0,0,0,0,0,0,0,0,0,0,0,0,0,0,0,0,0,0,0,0,0,0,0,0,0,0,0,0,0,4
10603112221,core,0,8,16,16,25,17,3,0,0,94,7,4,5,3,3,0,8,0,0,18,0,0,0,0,0,4,0,0,0,3,0,0,0,0,0,0,0,0,0,0,3,13,23,21,30,16,8,0,0,121,0,0,3,0,0,0,0,0,0,8,0,0,0,0,0,0,0,0,0,0,3,0,3,0,0,0,0,0,0,10,5,12,24,21,30,16,8,0,0,129,6,4,3,10,5,4,17,10,0,60,0,0,0,4,0,0,0,0,0,7,18,17,30,29,32,31,26,10,0,194,0,11,4,7,20,9,0,0,0,43,11,0,9,14,16,15,0,0,0,64,0,0,4,0,0,0,0,0,0,8,0,0,0,0,0,0,0,0,0,4,15,12,14,23,33,25,5,0,0,124,0,3,0,0,0,0,0,0,0,3,0,0,0,0,0,0,0,0,0,5,5,3,0,0,0,4,0,0,0,14
10603112222,core,0,4,15,9,3,9,0,0,0,45,0,0,4,5,0,4,4,0,0,18,0,0,0,0,6,0,0,0,0,11,3,0,0,0,0,0,0,0,0,10,8,9,25,13,7,13,3,0,0,72,0,0,0,0,0,0,0,0,0,6,0,0,0,0,0,0,0,0,0,0,0,0,0,0,0,0,0,0,0,3,6,5,25,13,7,13,3,0,0,78,10,3,3,8,12,13,12,8,0,71,0,0,0,0,8,0,0,0,4,17,20,10,28,25,27,21,13,12,4,157,0,3,5,4,3,0,0,0,0,27,0,8,0,7,4,9,0,0,0,34,0,0,0,0,3,0,0,0,0,6,0,0,0,0,0,0,0,0,0,0,0,14,12,20,10,3,3,0,0,68,0,0,0,0,0,0,0,0,0,0,0,0,0,0,0,0,0,0,0,0,0,0,0,0,0,0,0,0,0,3
10603112223,core,5,6,12,10,8,9,0,0,0,45,6,0,0,0,0,0,0,0,0,14,0,0,0,0,0,0,0,0,0,5,0,0,0,0,0,0,0,0,0,0,7,7,15,15,8,10,0,0,0,64,0,0,0,3,0,0,0,0,0,9,0,6,0,0,0,0,0,0,0,3,3,5,0,3,0,0,0,0,0,14,4,14,17,14,11,10,0,0,0,79,20,5,12,5,15,7,15,10,3,90,3,0,3,3,7,0,3,0,0,24,34,25,28,26,35,20,19,4,3,193,0,0,3,5,8,3,0,0,0,21,4,4,0,4,7,3,0,0,0,23,0,0,0,0,0,3,0,0,0,6,0,0,0,0,0,0,0,0,0,0,4,9,5,7,13,13,0,0,0,49,0,0,0,0,0,0,0,0,0,3,4,0,0,0,0,0,0,0,0,6,3,0,0,3,0,0,0,0,0,9
10603112224,core,0,0,12,4,4,3,0,0,0,37,0,0,0,0,0,0,0,0,0,10,0,0,0,0,0,0,0,0,0,0,0,0,0,0,0,0,0,0,0,0,0,10,18,9,10,6,0,0,0,47,0,5,0,0,0,0,0,0,0,10,0,0,0,0,0,0,0,0,0,0,0,5,3,0,0,0,0,0,0,11,0,9,20,9,9,6,0,0,0,54,6,0,6,0,6,9,11,3,0,38,4,0,3,0,3,3,0,0,0,15,14,12,26,15,17,17,13,3,0,115,0,0,3,0,3,3,0,0,0,11,3,3,6,3,4,0,0,0,0,17,0,0,0,0,0,0,0,0,0,8,0,0,0,0,0,0,0,0,0,0,3,6,15,9,8,4,0,0,0,34,0,0,5,0,0,0,0,0,0,4,0,0,0,0,0,0,0,0,0,4,0,0,5,0,0,0,0,0,0,6
10603112225,core,5,7,19,9,17,16,0,0,0,77,0,0,0,0,3,0,3,0,0,16,0,0,0,3,0,0,0,0,0,8,0,0,0,0,0,0,0,0,0,3,6,8,23,16,21,21,8,0,0,104,0,0,0,0,0,0,0,0,0,5,0,0,0,0,0,0,0,0,0,0,0,0,0,0,0,0,0,0,0,3,10,8,26,16,19,22,8,0,0,108,3,4,0,5,3,8,19,10,6,62,0,0,0,0,0,0,0,0,0,6,14,12,28,22,27,31,22,11,6,174,0,4,9,9,9,5,0,0,0,38,3,0,6,9,13,6,0,0,0,44,0,0,0,3,0,0,0,0,0,5,0,0,0,0,0,0,0,0,0,3,3,5,24,19,25,15,9,0,0,98,0,0,0,0,0,0,0,0,0,0,0,0,0,0,0,0,0,0,0,0,0,0,0,0,0,0,0,0,0,0
10603112226,core,4,13,29,19,17,12,5,0,0,88,3,0,6,8,0,3,0,0,0,15,0,0,0,0,0,0,0,0,0,3,0,0,0,0,3,0,0,0,0,0,7,13,36,25,22,18,7,0,0,111,0,3,0,4,0,0,0,0,0,7,0,0,0,0,0,0,0,0,0,0,0,3,0,5,0,0,0,0,0,7,7,15,32,27,22,18,7,0,0,119,12,3,0,6,13,14,29,10,8,88,0,0,0,6,0,3,3,7,0,13,18,15,38,44,27,31,30,16,8,223,4,6,13,9,3,3,0,0,0,47,6,6,9,14,7,7,0,0,0,39,0,0,0,0,0,4,0,0,0,11,0,0,0,0,0,0,0,0,0,6,11,12,27,25,11,18,5,0,0,106,0,3,0,0,0,0,0,0,0,0,0,0,0,0,0,0,0,0,0,6,0,4,0,0,0,0,0,0,0,9
10603112227,core,0,12,21,37,20,24,0,0,0,115,8,8,0,4,3,5,5,0,0,38,0,0,0,0,0,3,0,0,0,10,0,0,0,0,0,0,0,0,0,6,9,19,24,40,28,38,6,0,0,176,0,0,0,0,0,0,0,0,0,0,3,0,0,0,0,0,0,0,0,4,0,0,0,0,0,0,0,0,0,9,12,19,23,44,28,38,6,0,0,177,5,7,0,3,4,3,31,12,0,68,0,0,3,3,0,5,0,0,0,12,22,28,31,52,37,39,36,16,0,260,0,9,10,20,20,14,0,0,0,75,9,4,10,15,18,16,3,0,0,78,9,3,0,3,0,5,0,0,0,14,0,0,0,0,0,0,0,0,0,4,15,13,26,44,42,30,0,0,0,170,0,0,0,0,0,0,0,0,0,0,0,0,0,0,0,0,0,0,0,3,0,0,0,0,0,0,0,0,0,4
10603112228,core,0,8,23,30,25,19,4,0,0,113,11,11,6,6,0,0,0,0,0,28,0,0,0,5,0,5,0,0,0,9,0,0,0,0,0,0,0,0,0,0,17,15,22,34,31,21,4,0,0,151,0,0,3,0,0,0,0,0,0,7,0,0,0,0,0,0,0,0,0,0,0,0,3,0,0,0,0,0,0,8,17,21,28,33,31,21,4,0,0,160,4,4,3,0,3,3,23,5,0,51,0,0,0,6,0,0,0,0,0,9,23,27,34,40,40,24,25,10,0,221,3,5,4,14,20,11,0,0,0,56,3,6,11,6,14,8,0,0,0,48,0,0,0,0,0,0,0,0,0,4,0,0,0,0,0,0,0,0,0,0,9,13,16,23,38,20,0,0,0,116,0,0,0,0,0,0,0,0,0,0,0,0,0,5,0,0,0,0,0,3,0,0,5,5,0,0,0,0,0,4
10603112230,core,0,10,24,6,20,20,3,6,0,85,0,6,15,9,6,10,4,0,0,43,0,3,0,3,4,0,0,0,0,10,0,0,3,4,0,0,0,0,0,9,0,16,42,18,22,30,7,6,0,145,0,0,5,0,3,0,0,0,0,6,0,0,0,0,0,0,0,0,0,4,0,0,5,0,6,0,0,0,0,14,0,19,48,18,29,27,7,6,0,158,3,5,6,11,5,26,35,25,3,129,0,4,7,12,10,11,3,3,0,50,6,24,63,42,46,60,44,37,3,330,7,7,5,9,12,11,3,0,0,45,0,11,9,5,12,12,0,0,0,45,0,0,0,0,3,4,0,0,0,9,0,0,5,0,0,3,0,0,0,3,7,10,19,7,24,25,3,0,0,105,0,0,0,0,0,0,0,0,0,0,0,0,0,0,0,0,0,0,0,0,0,0,0,0,0,0,0,0,0,6
10603112232,core,0,0,0,0,0,0,0,0,0,0,0,0,0,0,0,0,0,0,0,0,0,0,0,0,0,0,0,0,0,0,0,0,0,0,0,0,0,0,0,0,0,0,0,0,0,0,0,0,0,0,0,0,0,0,0,0,0,0,0,0,0,0,0,0,0,0,0,0,0,0,0,0,0,0,0,0,0,0,0,0,0,0,0,0,0,0,0,0,0,0,0,0,0,0,0,0,0,0,0,0,0,0,0,0,0,0,0,0,0,0,0,0,0,0,0,0,0,0,0,0,0,0,0,0,0,0,0,0,0,0,0,0,0,0,0,0,0,0,0,4,0,0,0,0,0,0,0,0,0,0,0,0,0,0,0,0,0,0,0,0,0,0,0,0,0,0,0,0,0,4,0,0,0,0,0,0,0,0,0,0,0,0,0,0,0,0,0,0,0,0,0,0,0,0,0,0,0,0,0,0
10603112233,core,0,7,6,12,11,21,0,0,0,63,3,5,0,4,0,4,4,0,0,17,0,0,0,0,0,0,0,0,0,4,0,0,0,0,0,0,0,0,0,0,0,12,11,17,12,25,6,0,0,83,0,0,0,0,0,0,0,0,0,5,0,0,0,0,0,0,0,0,0,0,0,0,0,0,0,0,0,0,0,5,0,12,14,17,14,25,6,0,0,88,10,0,0,0,6,3,6,3,0,21,0,0,0,0,0,5,0,0,0,10,10,12,13,17,11,30,15,6,0,114,0,4,7,10,6,5,0,0,0,28,6,0,0,7,4,5,0,0,0,30,0,0,0,0,0,0,0,0,0,4,0,0,3,0,0,0,0,0,0,3,8,3,12,17,10,12,0,0,0,68,0,0,0,0,0,0,0,0,0,0,0,0,0,0,0,0,0,0,0,0,0,0,0,0,0,0,0,0,0,0
10603112234,core,0,3,12,11,3,7,3,0,0,36,0,0,0,0,0,0,0,0,0,10,0,0,0,0,0,0,0,0,0,4,0,0,0,0,0,0,0,0,0,0,5,0,13,11,9,7,4,0,0,48,0,0,3,0,0,0,0,0,0,7,0,0,0,0,0,0,0,0,0,0,0,0,3,0,0,0,0,0,0,7,4,6,16,10,10,7,4,0,0,58,7,0,3,9,4,0,4,8,0,34,0,0,0,3,0,0,0,0,0,6,9,6,21,19,15,13,10,9,0,101,0,0,0,3,0,0,0,0,0,12,6,4,9,6,10,6,0,0,0,38,0,0,0,0,0,0,0,0,0,0,0,0,0,0,0,0,0,0,0,0,6,6,13,10,15,4,0,0,0,47,0,0,0,0,0,0,0,0,0,0,0,0,0,0,0,0,0,0,0,0,0,0,0,0,0,0,0,0,0,0
10603112235,core,9,17,54,44,42,26,8,0,0,195,11,7,5,3,12,4,4,0,0,50,0,0,8,3,3,0,0,0,0,12,0,0,0,0,0,0,0,0,0,4,17,28,71,51,51,26,10,0,0,264,0,0,0,0,0,0,0,0,0,11,0,0,0,0,0,0,0,0,0,9,5,3,5,0,0,0,0,0,0,16,25,24,74,53,54,34,10,0,0,283,14,5,8,7,0,14,20,9,3,86,0,0,11,0,0,0,3,0,0,13,41,30,91,66,61,41,35,8,3,381,3,19,42,23,27,8,0,0,0,122,10,12,31,20,15,7,0,0,0,97,0,0,7,5,0,0,0,0,0,20,4,0,0,0,0,0,0,0,0,3,20,30,81,55,39,20,0,0,0,246,0,0,0,0,0,0,0,0,0,3,3,0,0,0,0,0,0,0,0,7,4,0,0,0,3,0,0,0,0,9
10603112236,core,6,0,4,3,7,4,5,0,0,35,0,0,0,0,0,4,3,0,0,8,0,0,0,0,0,0,5,0,0,3,0,0,0,0,0,0,0,0,0,0,5,0,7,10,11,13,7,5,0,51,0,0,0,0,0,0,0,0,0,0,0,0,0,0,0,0,0,0,0,0,0,0,0,0,0,0,0,0,0,5,0,0,6,10,11,9,7,5,0,55,7,3,4,0,0,4,16,0,4,35,0,0,0,0,0,0,3,0,0,3,10,3,11,8,15,20,24,3,4,94,0,0,0,4,6,9,3,0,0,24,7,3,4,0,3,7,0,0,0,24,0,0,0,0,0,0,0,0,0,0,0,0,0,0,0,0,0,0,0,0,7,3,4,10,14,15,3,0,0,51,0,0,0,0,0,0,0,0,0,0,0,0,0,0,0,0,0,0,0,0,0,0,0,0,0,0,0,0,0,0
10603112301,core,0,4,12,18,7,9,0,0,0,52,3,0,0,0,7,0,0,0,0,16,0,0,0,0,0,0,0,0,0,0,0,0,0,0,0,0,0,0,0,5,4,3,19,15,16,9,7,0,0,71,0,0,0,0,0,0,0,0,0,0,0,0,0,0,0,0,0,0,0,0,0,0,0,0,0,0,0,0,0,0,9,3,19,15,16,9,7,0,0,76,0,0,0,4,0,6,14,3,0,32,0,0,3,0,3,0,0,0,0,9,6,9,23,20,20,21,17,3,0,116,0,4,6,4,4,0,0,0,0,17,4,4,9,12,8,10,0,0,0,51,0,0,0,0,0,6,0,0,0,5,0,0,0,0,0,0,0,0,0,6,4,10,15,17,12,13,8,0,0,73,0,0,0,0,0,0,0,0,0,0,0,0,0,0,0,0,0,0,0,0,0,0,0,0,0,0,0,0,0,0
10603112302,core,0,8,8,7,14,18,0,0,0,55,0,3,3,4,4,0,0,0,0,13,0,0,0,0,0,0,0,0,0,4,4,0,0,0,0,0,0,0,0,8,11,14,11,10,16,21,7,0,0,78,0,0,0,0,0,0,0,0,0,0,0,0,0,0,0,0,0,0,0,0,3,0,0,0,0,0,0,0,0,3,8,14,11,10,16,21,7,0,0,83,6,0,0,0,0,12,14,7,0,45,6,0,0,0,0,3,0,0,0,10,23,11,11,15,19,32,20,7,0,132,0,8,0,6,16,17,0,0,0,39,0,3,0,5,8,8,6,0,0,31,0,0,0,0,0,0,0,0,0,5,0,0,0,0,0,0,0,0,0,4,3,8,3,12,24,23,3,0,0,83,0,0,0,0,0,0,0,0,0,0,0,0,0,0,0,0,0,0,0,0,0,0,0,0,0,0,0,0,0,0
10603112303,core,8,16,17,19,20,18,0,0,0,107,6,0,4,0,0,0,0,0,0,11,0,0,0,0,0,3,0,0,0,8,0,0,0,0,0,0,0,0,0,0,11,16,24,18,25,25,0,0,0,126,0,3,0,0,0,0,0,0,0,3,0,0,0,0,0,0,0,0,0,0,0,3,0,0,0,0,0,0,0,3,11,17,24,18,25,25,0,0,0,128,3,5,0,5,0,4,14,8,0,42,0,4,3,0,0,0,0,0,0,9,17,23,24,23,31,28,16,12,0,174,3,3,8,12,6,4,0,0,0,37,11,0,16,8,7,20,0,0,0,57,0,0,6,4,0,0,0,0,0,8,0,0,0,0,0,0,0,0,0,0,10,9,28,18,20,25,0,0,0,111,0,0,0,0,0,0,0,0,0,0,0,0,0,0,0,0,0,0,0,0,0,0,0,0,0,0,0,0,0,0
10603112304,core,4,3,10,25,28,12,3,0,0,88,3,4,3,0,5,3,5,0,0,26,0,0,0,0,0,4,0,0,0,8,0,0,0,0,0,0,0,0,0,5,12,7,14,27,35,24,8,0,0,127,0,0,0,0,0,0,0,0,0,0,0,0,0,0,0,0,0,0,0,0,0,0,0,0,0,0,0,0,0,0,13,7,14,27,35,24,8,0,0,125,4,0,0,0,0,0,15,7,0,33,0,0,0,0,0,0,0,0,0,4,19,9,12,27,35,26,23,10,0,169,0,4,5,12,28,6,0,0,0,51,10,5,8,12,14,9,0,0,0,54,0,0,5,0,0,0,0,0,0,5,0,0,0,0,0,0,0,0,0,0,10,13,15,23,41,12,0,0,0,116,0,0,0,0,0,0,0,0,0,0,0,0,0,0,0,0,0,0,0,0,0,0,0,0,0,0,0,0,0,0
10603112305,core,0,13,14,32,23,28,5,0,0,116,12,4,3,0,3,5,4,0,0,27,6,0,0,0,0,0,0,0,0,12,0,0,0,0,0,0,0,0,0,0,13,14,16,34,33,36,7,0,0,154,0,0,0,0,0,0,0,0,0,4,0,0,0,0,0,0,0,0,0,0,0,0,0,0,0,0,0,0,0,6,13,13,21,34,33,36,7,0,0,161,5,0,6,0,5,7,13,6,0,47,0,0,0,0,0,0,0,3,0,9,23,17,23,38,35,39,25,5,0,217,0,0,10,15,22,17,0,0,0,64,15,6,4,12,20,6,0,0,0,64,0,0,0,5,0,5,0,0,0,7,0,0,0,0,0,0,0,0,0,0,17,8,17,27,41,22,0,0,0,134,0,0,0,0,0,0,0,0,0,0,3,0,0,0,0,0,0,0,0,5,3,0,0,0,0,0,0,0,0,5
10603112306,core,0,3,6,4,17,10,0,0,0,39,4,0,0,0,0,3,0,0,0,9,0,0,0,0,0,0,0,0,0,4,0,0,0,0,0,0,0,0,0,0,4,3,3,4,12,12,0,0,0,49,0,0,0,0,0,3,0,0,0,6,0,0,0,0,0,0,0,0,0,0,0,0,0,0,0,3,0,0,0,9,11,3,3,4,13,13,0,0,0,58,3,3,5,5,0,4,10,0,0,26,0,0,0,0,0,0,0,0,0,0,11,11,7,7,17,21,14,0,0,86,0,6,0,5,8,5,0,0,0,25,3,3,0,0,3,0,0,0,0,17,0,0,0,0,0,0,0,0,0,3,0,0,0,0,0,0,0,0,0,0,7,9,5,4,17,6,0,0,0,49,0,0,0,0,0,0,0,0,0,4,0,0,0,0,0,0,0,0,0,0,0,0,0,0,0,0,0,0,0,4
10603112307,core,5,5,5,8,11,15,6,0,0,48,0,0,3,0,3,3,0,0,0,14,0,0,0,0,0,0,0,0,0,6,0,0,0,0,0,0,0,0,0,0,7,5,9,10,11,18,4,0,0,69,0,0,0,0,0,0,0,0,0,0,0,0,0,0,0,0,0,0,0,0,0,0,0,0,0,0,0,0,0,5,5,5,9,10,11,18,4,0,0,67,4,0,0,0,0,6,14,8,0,27,0,0,0,0,0,0,0,3,0,7,14,5,9,8,12,25,18,13,0,105,0,0,6,4,9,4,0,0,0,28,0,4,5,6,7,6,0,0,0,34,0,0,0,0,0,0,0,0,0,3,0,0,0,0,0,0,0,0,0,0,7,9,6,11,9,16,4,0,0,67,0,0,0,0,0,0,0,0,0,0,0,0,0,0,0,0,0,0,0,0,0,0,0,0,0,0,0,0,0,0
10603112308,core,0,11,14,16,22,20,4,0,0,78,0,3,0,0,3,7,5,0,0,25,0,0,0,0,0,0,0,0,0,0,0,0,0,0,0,0,0,0,0,5,0,11,14,19,25,28,10,0,0,104,0,0,0,0,0,0,0,0,0,4,0,0,0,0,0,0,0,0,0,0,0,0,0,0,0,0,0,0,0,3,0,15,15,18,25,31,10,0,0,110,4,3,3,3,5,15,25,5,0,66,0,0,0,0,0,6,3,0,0,5,7,20,22,18,27,45,34,5,0,177,0,7,12,10,9,13,0,0,0,46,3,7,7,9,11,20,4,0,0,61,3,0,0,0,0,0,0,0,0,5,0,0,0,0,0,0,0,0,0,0,10,12,16,17,23,37,3,0,0,117,0,0,0,0,0,0,0,0,0,0,0,0,0,0,0,0,0,0,0,3,0,0,0,0,0,0,0,0,0,4
10603112309,core,0,3,9,21,17,17,5,0,0,74,5,0,3,0,3,3,3,0,0,17,4,0,0,0,0,0,0,0,0,5,0,0,0,0,0,0,0,0,0,0,5,8,11,24,17,22,10,0,0,101,0,0,0,0,0,0,0,0,0,0,0,0,0,0,0,0,0,0,0,0,0,0,0,0,0,0,0,0,0,3,4,8,11,24,17,24,10,0,0,102,8,0,0,0,3,4,16,7,0,36,0,0,0,0,0,0,0,0,0,3,15,8,11,22,22,32,25,7,0,138,0,5,6,8,19,0,0,0,0,39,3,10,4,6,12,10,0,0,0,53,0,0,0,0,0,0,0,0,0,9,0,0,0,0,0,0,0,0,0,0,10,21,12,14,29,16,0,0,0,101,0,0,0,0,0,0,0,0,0,0,0,0,0,0,0,0,0,0,0,0,0,0,0,0,0,0,0,0,0,0
10603112310,core,8,4,11,28,38,23,13,0,0,117,10,4,5,5,10,4,0,0,0,42,0,0,0,0,3,0,0,0,0,3,0,0,0,0,0,0,0,0,0,0,19,7,17,29,52,28,14,4,0,165,0,0,0,0,0,0,0,0,0,3,0,0,0,0,0,0,0,0,0,0,0,0,0,0,0,0,0,0,0,3,19,8,14,30,52,28,14,4,0,169,6,0,0,3,3,10,25,15,0,68,0,0,0,4,0,0,0,0,0,10,22,13,14,40,60,37,44,14,0,246,0,6,6,15,27,10,4,0,0,71,12,7,3,12,12,16,3,0,0,78,0,0,0,0,3,4,3,0,0,7,0,0,0,0,0,0,0,0,0,5,17,10,16,29,42,37,9,0,0,159,0,0,0,0,0,0,0,0,0,0,0,0,0,0,0,0,0,0,0,0,0,0,0,0,0,0,0,0,0,0
10603112311,core,4,5,8,13,18,16,5,0,0,73,5,5,5,5,3,3,0,0,0,29,0,0,0,0,0,4,0,0,0,10,0,0,0,0,0,0,0,0,0,0,5,9,15,19,25,26,4,0,0,111,0,0,0,0,0,3,0,0,0,3,0,0,0,0,0,0,0,0,0,0,0,0,0,0,0,3,0,0,0,5,7,9,15,19,25,30,4,0,0,114,0,0,0,0,0,3,15,6,0,25,0,0,0,0,0,6,0,0,0,7,14,12,15,24,25,38,23,5,3,149,0,6,0,16,11,3,3,0,0,41,3,3,4,7,8,9,0,0,0,39,0,0,0,3,0,5,0,0,0,13,0,0,0,0,0,0,0,0,0,4,9,7,8,22,21,18,4,3,0,92,0,0,0,0,0,0,0,0,0,0,0,0,0,0,0,0,0,0,0,0,0,0,0,0,0,0,0,0,0,4
10603112312,core,8,6,10,20,19,12,4,0,0,78,0,0,4,0,5,8,0,0,0,17,4,0,0,0,0,0,0,0,0,3,0,5,0,0,0,0,0,0,0,11,10,14,18,19,23,20,4,0,0,107,0,0,0,0,0,0,0,0,0,0,0,0,0,0,0,0,0,0,0,0,0,0,0,0,0,0,0,0,0,0,10,11,18,19,23,20,4,0,0,111,3,0,0,3,0,12,15,6,0,44,0,0,0,0,5,0,0,0,0,3,11,15,23,24,24,33,15,6,3,163,0,0,11,10,13,12,0,0,0,38,5,3,3,8,7,8,0,0,0,42,0,0,0,0,3,0,0,0,0,4,0,6,0,0,0,0,0,0,0,8,4,5,15,19,26,18,0,0,0,88,0,0,0,0,0,0,0,0,0,0,0,0,0,0,0,0,0,0,0,3,0,0,0,0,0,0,0,0,0,3
10603112313,core,0,0,10,17,22,25,0,0,0,84,5,0,0,0,0,3,4,0,0,15,3,0,0,0,0,6,0,0,0,7,0,0,0,5,0,0,0,0,0,3,9,0,10,17,28,31,6,0,0,106,0,0,0,0,0,0,0,0,0,4,0,0,0,0,0,0,0,0,0,0,0,0,0,0,0,0,0,0,0,4,9,0,11,23,28,33,6,0,0,109,12,0,0,0,7,12,15,4,0,51,0,0,3,0,0,0,0,0,0,3,17,4,12,22,31,44,19,8,0,161,0,4,0,6,13,18,0,0,0,47,7,8,6,9,14,10,3,0,0,60,0,0,0,0,6,0,0,0,0,11,0,0,0,0,0,0,0,0,0,0,11,11,10,19,32,31,10,0,0,121,0,0,0,0,0,0,0,0,0,0,0,0,0,0,0,0,0,0,0,6,0,0,0,0,0,0,0,0,0,7
10603112314,core,6,3,7,12,18,15,4,0,0,72,0,4,4,3,0,0,3,0,0,12,0,0,0,0,0,0,0,0,0,7,0,0,0,0,0,0,0,0,0,0,4,5,6,18,25,19,8,4,0,88,0,0,0,0,0,0,0,0,0,0,0,0,0,0,0,0,0,0,0,0,0,0,0,0,0,0,0,0,0,3,4,10,6,13,25,19,7,4,0,90,4,0,0,0,0,5,20,6,5,38,0,0,0,4,5,0,0,0,0,13,8,10,8,21,28,29,31,9,7,142,0,4,3,0,13,6,0,3,0,35,4,4,4,11,6,12,3,0,0,43,0,0,0,0,0,3,0,0,0,3,0,0,0,0,0,0,0,0,0,0,4,8,10,13,23,15,4,3,0,81,0,0,0,0,0,0,0,0,0,0,0,0,0,0,0,0,0,0,0,0,0,0,0,0,0,0,0,0,0,0
10603112315,core,3,6,12,7,14,12,0,0,0,55,0,0,0,0,3,0,0,4,0,18,0,0,0,0,0,0,0,0,0,8,0,0,0,0,0,0,0,0,0,0,8,10,12,14,21,14,3,5,0,77,0,0,0,0,0,0,0,0,0,0,0,0,0,0,0,0,0,0,0,0,0,0,0,0,0,0,0,0,0,4,6,10,12,14,24,14,3,5,0,76,5,0,0,0,0,4,10,8,3,31,0,0,0,0,3,0,0,0,0,8,10,11,7,16,29,17,13,16,3,116,0,0,3,0,13,7,0,0,0,28,10,3,12,4,10,6,0,0,0,44,0,0,0,4,0,0,0,0,0,7,0,0,0,0,0,0,0,0,0,0,8,3,12,9,23,11,0,0,0,79,0,0,0,0,0,0,0,0,0,0,0,0,0,0,0,0,0,0,0,0,0,0,0,0,0,0,0,0,0,0
10603112402,external,0,0,5,6,11,12,4,0,0,41,6,0,0,0,0,6,6,0,0,24,0,0,0,0,0,4,0,0,0,7,0,0,0,0,0,0,0,0,0,0,3,3,5,13,16,17,9,0,0,73,0,0,0,0,0,5,0,0,0,5,0,0,0,0,0,0,0,0,0,0,0,0,0,0,0,5,0,0,0,3,3,3,5,13,16,24,9,0,0,72,3,0,4,0,11,8,29,9,3,69,0,0,0,0,0,3,3,0,0,4,9,5,8,19,23,35,34,7,3,151,0,0,3,5,10,4,0,0,0,23,0,4,3,3,0,12,0,0,0,26,0,0,0,0,0,0,0,0,0,0,0,0,0,0,0,0,0,0,0,0,3,3,9,10,11,16,0,0,0,48,0,0,0,0,0,0,0,0,0,6,0,0,0,0,0,0,0,0,0,4,0,0,0,0,4,0,0,0,0,9
10603112403,external,0,0,4,3,12,11,0,0,0,30,3,0,0,0,0,11,4,0,0,23,0,0,0,0,0,3,0,0,0,3,0,0,0,0,0,0,0,0,0,0,7,0,6,3,9,23,6,0,0,63,0,0,0,0,0,0,0,0,0,5,0,0,0,0,0,0,0,0,0,0,0,0,0,0,0,0,0,0,0,5,7,0,6,5,9,28,9,0,0,67,0,3,0,0,0,15,91,49,7,165,0,0,0,3,0,0,5,0,0,8,9,3,10,12,14,40,98,55,8,243,0,0,6,0,4,4,0,0,0,19,0,4,3,0,7,17,9,0,0,34,0,0,0,0,0,4,0,0,0,3,0,0,0,0,3,0,0,0,0,7,5,6,12,9,11,21,9,0,0,60,0,0,0,0,0,0,0,0,0,0,0,0,0,0,0,0,0,0,0,0,0,0,0,0,0,0,0,0,0,0
10603112404,external,0,0,0,3,5,13,7,0,0,30,4,0,0,0,4,4,8,4,0,27,0,0,0,0,0,4,0,0,0,4,0,0,0,0,0,0,0,0,0,5,3,0,0,3,10,18,15,4,0,60,0,0,0,0,0,0,0,0,0,5,0,0,0,0,0,0,0,0,0,6,0,0,0,0,0,4,0,0,0,3,3,0,0,3,10,23,15,4,0,63,0,0,0,4,0,7,38,28,10,94,0,0,0,0,0,0,0,5,0,4,3,0,0,10,13,32,57,38,10,164,0,0,0,5,0,8,0,0,0,14,0,0,0,0,7,13,4,0,0,29,0,0,0,0,0,0,0,0,0,3,0,0,0,0,0,0,0,0,0,0,3,4,0,5,8,20,6,0,0,48,0,0,0,0,0,0,0,0,0,0,0,0,0,0,0,0,0,0,0,0,0,0,0,0,0,0,0,0,0,0
10603112405,external,0,0,3,3,12,3,0,0,0,28,4,0,0,0,0,6,4,0,0,12,0,0,0,0,0,0,0,0,0,4,0,0,0,0,0,0,0,0,0,3,4,0,3,10,8,11,5,0,0,41,0,0,0,0,0,0,0,0,0,0,0,0,0,0,0,0,0,0,0,0,0,0,0,0,0,0,0,0,0,0,5,0,8,10,9,9,5,0,0,47,8,3,0,3,0,7,52,77,43,196,0,0,0,0,0,0,0,0,3,7,7,4,6,11,11,17,58,80,46,248,0,0,0,0,4,0,0,0,0,10,0,0,0,8,5,10,0,0,0,26,0,0,0,0,4,0,4,0,0,3,0,0,0,0,0,0,0,0,0,0,0,0,3,4,13,8,4,0,0,39,0,0,0,0,0,0,0,0,0,0,0,0,0,0,0,0,0,0,0,0,0,0,0,0,0,0,0,0,0,0
10603112406,external,0,0,0,0,6,8,0,0,0,22,0,0,0,6,0,5,6,0,0,17,0,0,0,0,0,0,0,0,0,0,0,0,0,0,0,0,0,0,0,0,0,4,6,5,6,17,6,0,0,44,0,0,0,0,0,0,0,0,0,0,0,0,0,0,0,0,0,0,0,0,0,0,0,0,0,0,0,0,0,5,0,4,6,4,6,17,7,0,0,41,0,0,0,5,8,7,32,28,4,90,0,0,0,0,4,0,0,0,0,6,6,5,6,8,17,26,41,28,4,133,0,0,0,0,3,6,0,0,0,13,0,3,4,0,7,13,0,0,0,31,0,0,0,0,0,0,0,0,0,3,0,0,0,0,0,0,0,0,0,5,3,3,4,6,13,17,0,0,0,48,0,0,0,0,0,0,0,0,0,0,0,0,0,0,0,0,0,0,0,0,0,0,0,0,0,0,0,0,0,4
10603112407,external,0,3,6,4,8,10,4,0,0,33,0,0,0,0,6,0,3,0,0,20,0,0,0,0,0,0,0,0,0,0,0,0,0,0,0,0,0,0,0,0,0,3,9,3,14,12,8,0,0,57,0,0,0,0,0,0,0,0,0,6,0,0,0,0,0,0,0,0,0,0,0,0,0,0,0,0,0,0,0,3,3,3,13,3,14,11,8,0,0,60,5,0,0,6,0,4,21,18,0,54,0,0,0,0,0,0,0,0,0,4,4,3,13,8,14,17,32,18,0,113,0,0,0,7,3,0,0,0,0,12,0,0,0,4,3,10,0,0,0,24,0,0,3,0,0,0,0,0,0,3,0,0,0,0,0,0,0,0,0,0,0,0,9,7,6,16,0,0,0,39,0,0,0,0,0,0,0,0,0,3,0,0,0,0,0,0,0,0,0,0,0,0,0,5,0,0,0,0,0,3
10603112408,external,0,0,3,4,3,11,4,0,0,28,0,0,3,0,0,8,5,0,0,21,0,0,0,0,3,0,0,0,0,4,0,0,0,0,0,0,0,0,0,0,0,0,9,12,7,12,10,3,0,46,0,0,0,0,0,0,0,0,0,0,0,0,0,0,0,0,0,0,0,0,0,0,0,0,0,0,0,0,0,4,0,0,9,12,7,12,12,3,0,55,3,0,0,3,5,8,39,22,0,81,0,0,0,0,3,0,4,0,0,7,3,0,8,17,18,23,50,22,3,138,0,0,0,6,8,9,0,0,0,24,3,0,0,8,0,8,0,0,0,25,0,0,0,0,0,0,0,0,0,3,0,0,0,0,0,0,0,0,0,0,3,0,3,15,10,20,0,0,0,56,0,0,0,0,0,0,0,0,0,0,0,0,0,0,0,0,0,0,0,0,0,0,0,0,0,0,0,0,0,4
10603112409,external,0,0,14,0,15,4,0,0,0,34,0,0,0,4,0,3,3,0,0,12,0,0,0,0,0,3,0,0,0,4,0,0,0,0,0,0,0,0,0,4,0,3,13,6,14,15,8,0,0,56,0,0,0,0,0,0,0,0,0,0,0,0,0,0,0,0,0,0,0,0,0,0,0,0,0,0,0,0,0,0,0,3,15,6,14,15,8,0,0,59,5,0,3,0,6,4,13,26,6,67,0,0,3,0,0,0,3,0,0,10,7,7,19,12,20,15,23,32,4,133,0,0,6,7,7,6,0,0,0,15,0,4,3,8,10,5,4,0,0,26,0,0,0,0,0,0,0,0,0,3,0,3,0,0,0,0,5,0,0,5,0,7,6,15,13,10,7,0,0,55,0,0,0,0,0,0,0,0,0,0,0,0,0,0,0,0,0,0,0,0,0,0,0,0,0,0,0,0,0,0
10603112411,external,0,0,5,9,10,12,4,3,0,45,0,8,11,3,0,18,6,0,0,47,0,0,0,0,0,0,0,0,0,7,0,0,0,0,3,0,0,0,0,7,4,5,17,15,14,29,10,6,0,105,0,0,0,0,0,0,0,0,0,0,4,0,0,0,0,0,0,0,0,3,4,0,0,0,0,5,0,0,0,4,4,5,17,15,14,33,10,6,0,108,5,0,0,0,7,28,54,42,16,156,0,0,4,0,0,4,0,3,0,11,8,7,20,15,23,61,65,54,22,272,0,3,11,7,9,14,0,0,0,35,0,3,3,10,8,12,0,0,0,41,0,0,0,0,0,0,0,0,0,3,0,0,0,0,0,0,0,0,0,0,0,5,14,11,14,25,3,0,0,82,0,0,0,0,0,0,0,0,0,0,0,0,0,0,0,0,0,0,0,0,0,0,0,0,0,0,0,0,0,0
10603112412,external,5,0,3,0,5,12,0,0,0,33,0,3,0,0,3,0,0,0,0,19,0,0,0,0,0,0,0,0,0,3,0,0,0,0,0,0,0,0,0,0,4,0,4,4,10,18,5,0,0,51,0,0,0,0,4,0,0,0,0,3,0,0,0,0,0,0,0,0,0,0,0,0,0,0,4,0,0,0,0,4,4,0,3,5,20,18,5,0,0,54,0,0,0,0,4,21,27,17,0,71,0,0,0,0,0,4,0,0,0,10,3,5,12,3,22,42,34,24,0,135,0,0,0,6,9,7,0,0,0,19,0,3,0,0,3,10,5,0,0,37,0,0,0,0,0,3,0,0,0,5,0,0,0,0,0,0,0,0,0,0,0,0,0,5,15,21,15,0,0,61,0,0,0,0,0,0,0,0,0,0,0,0,0,0,0,0,0,0,0,0,0,0,0,0,0,3,0,0,0,3
10603112413,external,4,3,3,7,17,17,3,0,0,47,0,0,0,0,0,7,9,0,0,26,0,0,0,0,0,3,0,0,0,5,0,0,0,0,0,0,0,0,0,0,3,3,5,10,23,26,10,0,0,80,0,0,0,0,0,0,0,0,0,7,0,0,0,0,0,0,0,0,0,3,0,0,0,3,0,0,0,0,0,11,7,4,6,13,23,24,11,0,0,90,6,3,0,3,8,14,45,22,6,113,3,0,0,0,5,4,0,3,0,25,16,9,8,23,31,48,63,26,4,235,0,0,7,3,5,13,3,0,0,37,0,0,5,11,9,17,3,0,0,38,0,0,0,0,0,3,0,0,0,3,0,0,0,0,0,0,0,0,0,0,0,0,8,13,16,34,8,0,0,81,0,0,0,0,0,3,0,0,0,5,0,0,0,0,0,0,0,0,0,0,0,0,0,0,0,3,0,0,0,5
10603112414,external,0,0,0,0,9,3,0,0,0,17,0,0,0,0,0,0,8,0,0,4,0,0,0,0,0,0,0,0,0,0,0,0,0,0,0,0,0,0,0,0,0,0,0,0,9,3,4,0,0,25,0,0,0,0,0,0,0,0,0,0,0,0,0,0,0,0,0,0,0,0,0,0,0,0,0,0,0,0,0,0,0,0,0,0,9,3,4,0,0,24,0,0,0,0,0,0,3,0,0,16,0,0,0,0,0,0,3,0,0,3,3,0,5,0,10,3,13,0,0,38,0,0,0,0,3,4,0,0,0,5,0,0,0,0,6,4,0,0,0,7,0,0,0,0,0,0,0,0,0,0,0,0,0,0,0,0,0,0,0,0,0,0,0,3,8,0,3,0,0,18,0,0,0,0,0,0,0,0,0,0,0,0,0,0,0,0,0,0,0,0,0,0,0,0,0,0,0,0,0,0
10603112415,external,0,0,0,0,0,0,0,0,0,0,0,0,0,0,0,0,0,0,0,0,0,0,0,0,0,0,0,0,0,0,0,0,0,0,0,0,0,0,0,0,0,0,0,0,0,0,0,0,0,0,0,0,0,0,0,0,0,0,0,0,0,0,0,0,0,0,0,0,0,0,0,0,0,0,0,0,0,0,0,0,0,0,0,0,0,0,0,0,0,0,0,0,0,0,0,0,0,0,0,0,0,0,0,0,0,0,0,0,0,0,0,0,0,0,0,0,0,0,0,0,0,0,0,0,0,0,0,0,0,0,0,0,0,0,0,0,0,0,0,0,0,0,0,0,0,0,0,0,0,0,0,0,0,0,0,0,0,0,0,0,0,0,0,0,0,0,0,0,0,0,0,0,0,0,0,0,0,0,0,0,0,0,0,0,0,0,0,0,0,0,0,0,0,0,0,0,0,0,0,0
10603112416,external,0,0,0,0,0,0,0,0,0,0,0,0,0,0,0,0,0,0,0,0,0,0,0,0,0,0,0,0,0,0,0,0,0,0,0,0,0,0,0,0,0,0,0,0,0,0,0,0,0,0,0,0,0,0,0,0,0,0,0,0,0,0,0,0,0,0,0,0,0,0,0,0,0,0,0,0,0,0,0,0,0,0,0,0,0,0,0,0,0,0,0,0,0,0,0,0,0,0,0,0,0,0,0,0,0,0,0,0,0,0,0,0,0,0,0,0,0,0,0,0,0,0,0,0,0,0,0,0,0,0,0,0,0,0,0,0,0,0,0,0,0,0,0,0,0,0,0,0,0,0,0,0,0,0,0,0,0,0,0,0,0,0,0,0,0,0,0,0,0,0,0,0,0,0,0,0,0,0,0,0,0,0,0,0,0,0,0,0,0,0,0,0,0,0,0,0,0,0,0,0
10603112417,external,0,0,0,4,9,9,4,0,0,28,0,4,0,6,0,0,0,0,0,11,0,0,3,0,0,6,3,0,0,6,0,0,0,0,0,0,0,0,0,0,4,5,4,7,10,12,12,0,0,51,0,0,0,0,0,0,0,0,0,4,0,0,0,0,0,0,0,0,0,0,0,0,0,0,0,0,0,0,0,4,4,5,4,7,10,20,12,0,0,53,0,0,0,0,0,8,30,17,3,67,0,0,5,0,0,6,11,15,20,50,3,5,8,9,4,28,52,37,18,166,0,0,0,0,3,10,4,0,0,23,0,0,0,4,5,11,3,0,0,19,0,0,0,0,0,0,0,0,0,0,0,0,0,0,0,0,0,0,0,6,0,0,0,6,9,20,3,0,0,45,0,0,0,0,0,0,0,0,0,3,0,0,0,0,0,0,0,0,0,0,0,0,0,0,0,0,0,0,0,3
10603112418,external,4,0,4,0,6,12,4,0,0,24,0,0,0,3,0,0,0,0,0,9,0,0,0,0,0,3,0,0,0,6,0,0,0,0,0,0,0,0,0,0,4,3,4,3,6,13,4,0,0,36,0,0,0,0,0,0,0,0,0,0,0,0,0,0,0,0,0,0,0,0,0,0,0,0,0,0,0,0,0,4,4,3,4,3,6,15,4,0,0,39,4,0,0,0,0,7,26,17,8,57,0,0,0,0,3,0,0,3,0,10,10,5,3,8,10,23,30,15,8,107,0,0,3,0,5,9,0,0,0,19,4,0,7,4,0,3,0,0,0,15,0,0,0,0,0,0,0,0,0,0,0,0,0,0,0,0,0,0,0,0,4,0,7,8,4,15,0,0,0,40,0,0,0,0,0,0,0,0,0,0,0,0,0,0,0,0,0,0,0,0,0,0,0,0,0,0,0,0,0,0
10603112419,external,0,0,0,0,0,0,0,0,0,5,0,0,0,0,0,0,0,0,0,0,0,0,0,0,0,0,0,0,0,0,0,0,0,0,0,0,0,0,0,0,0,0,0,0,0,0,0,0,0,5,0,0,0,0,0,0,0,0,0,0,0,0,0,0,0,0,0,0,0,0,0,0,0,0,0,0,0,0,0,0,0,0,0,0,0,0,0,0,0,5,0,0,0,0,3,0,3,0,0,11,0,0,0,0,0,0,0,0,0,6,0,0,0,0,5,4,3,0,0,14,0,0,0,0,0,0,0,0,0,0,0,0,0,0,0,0,0,0,0,0,0,0,0,0,0,0,0,0,0,0,0,0,0,0,0,0,0,0,0,0,0,0,0,0,0,0,0,0,0,3,0,0,0,0,0,0,0,0,0,0,0,0,0,0,0,0,0,0,0,0,0,0,0,0,0,0,0,0,0,0
10603112420,external,0,0,0,0,0,0,0,0,0,0,0,0,0,0,0,0,0,4,0,4,0,0,0,0,0,0,3,0,0,9,0,0,0,0,0,0,0,0,0,0,0,0,0,0,0,0,3,4,0,8,0,0,0,0,0,0,0,0,0,0,0,0,0,0,0,0,0,0,0,0,0,0,0,0,0,0,0,0,0,0,0,0,0,0,0,0,3,4,0,8,0,0,0,0,0,12,89,97,21,215,0,0,0,0,0,0,0,10,0,8,0,0,0,0,0,13,95,104,22,236,0,0,0,0,0,0,3,0,0,6,0,0,0,0,0,0,6,0,0,5,0,0,0,0,0,0,7,0,0,7,0,0,0,0,0,0,0,0,0,0,0,0,0,0,0,0,16,0,0,17,0,0,0,0,0,0,0,0,0,0,0,0,0,0,0,0,0,0,0,0,0,0,0,0,0,0,0,0,0,0
10603112421,external,0,0,3,0,4,4,0,0,0,16,0,0,0,0,0,4,0,0,0,3,0,0,0,0,0,0,0,0,0,0,0,0,0,0,0,0,0,0,0,0,0,0,3,0,4,9,4,0,0,18,0,0,0,0,0,0,0,0,0,0,0,0,0,0,0,0,0,0,0,0,0,0,0,0,0,0,0,0,0,0,0,0,3,0,6,9,4,0,0,20,3,0,0,0,0,4,8,6,0,29,0,0,0,0,0,0,0,0,0,0,4,0,3,0,6,16,9,6,0,46,0,0,0,0,4,0,0,0,0,6,0,0,4,0,5,6,0,0,0,10,0,0,0,0,0,0,0,0,0,0,0,0,0,0,0,0,0,0,0,0,0,0,0,0,7,3,0,0,0,19,0,0,0,0,0,0,0,0,0,0,0,0,0,0,0,0,0,0,0,4,0,0,3,0,0,0,0,0,0,0
10603112422,external,0,0,0,4,0,3,0,0,0,9,0,0,0,0,0,0,3,0,0,8,0,0,0,0,0,5,0,0,0,6,0,0,0,0,0,0,0,0,0,0,3,5,0,4,0,12,3,0,0,25,0,0,0,0,0,0,0,0,0,0,0,0,0,0,0,0,0,0,0,0,0,0,0,0,0,0,0,0,0,0,3,5,0,4,4,12,3,0,0,22,0,0,0,0,0,8,21,7,0,36,0,0,0,0,0,3,0,4,0,13,3,5,4,6,4,16,22,11,0,77,0,0,0,0,0,5,0,0,0,12,0,0,0,0,6,4,0,0,0,11,0,0,0,0,0,0,0,0,0,0,0,0,0,0,0,0,0,0,0,0,0,0,0,0,6,5,0,0,0,19,0,0,0,0,0,0,0,0,0,0,0,0,0,0,0,0,0,0,0,0,0,0,0,0,0,0,0,0,0,0
10603112501,core,0,0,8,4,5,3,0,0,0,33,0,0,0,0,3,0,0,0,0,6,5,0,0,0,0,0,0,0,0,4,0,0,0,0,0,0,0,0,0,0,5,4,9,3,10,8,0,0,0,41,0,0,0,0,4,0,0,0,0,8,0,0,0,0,0,0,0,0,0,0,0,0,0,0,4,0,0,0,0,3,5,5,11,3,13,8,0,0,0,45,5,4,0,3,9,9,14,10,0,52,0,0,0,0,0,0,0,0,0,8,11,8,11,13,24,12,20,13,0,99,0,0,6,0,4,0,0,0,0,6,3,0,0,5,5,0,0,0,0,19,0,0,0,0,0,0,0,0,0,0,0,0,0,0,0,0,0,0,0,0,0,0,3,13,6,4,0,0,0,33,0,0,0,0,0,0,0,0,0,3,0,0,0,0,0,0,0,0,0,0,3,0,0,0,3,0,0,0,0,7
10603112502,core,5,8,31,19,22,15,3,0,0,88,3,3,6,5,3,6,9,0,0,32,4,0,0,0,4,0,0,0,0,7,0,0,0,0,0,0,0,0,0,7,11,9,33,18,28,23,11,0,0,128,0,0,0,0,0,0,0,0,0,0,0,0,0,0,0,0,0,0,0,0,0,0,0,0,0,0,0,0,0,0,11,9,33,18,28,20,11,0,0,134,7,5,0,7,8,20,47,22,0,112,0,3,4,3,11,4,5,4,0,24,20,15,37,26,46,48,54,22,0,273,0,4,5,9,11,6,0,0,0,39,7,4,11,14,12,5,5,0,0,53,0,3,3,0,0,5,0,0,0,10,0,0,0,0,0,0,0,0,0,0,8,10,20,27,21,17,5,0,0,102,0,0,0,0,0,0,0,0,0,4,0,0,0,0,0,0,0,0,0,0,0,0,0,0,0,0,0,0,0,3
10603112503,core,4,6,9,28,22,20,3,0,0,92,4,5,0,7,8,3,0,0,0,29,0,0,0,4,0,0,0,0,0,9,0,0,0,0,0,0,0,0,0,0,10,9,9,40,29,26,7,0,0,129,0,0,0,0,0,0,0,0,0,0,0,0,0,0,0,0,0,0,0,0,0,0,0,0,0,0,0,0,0,0,10,9,9,40,29,25,7,0,0,135,6,0,3,3,0,9,16,10,0,59,0,0,0,3,0,0,0,0,0,8,20,14,13,44,38,35,23,15,4,191,3,0,8,9,13,6,3,0,0,43,5,4,11,14,14,13,0,0,0,59,0,0,3,4,0,0,0,0,0,10,0,0,0,0,0,0,0,0,0,0,9,8,18,21,26,21,6,0,0,109,0,0,0,0,0,0,0,0,0,0,0,0,0,0,0,0,0,0,0,0,0,0,0,0,0,0,0,0,0,5
10603112505,core,0,0,0,0,0,0,0,0,0,0,0,0,0,0,0,0,0,0,0,0,0,0,0,0,0,0,0,0,0,0,0,0,0,0,0,0,0,0,0,0,0,0,0,0,0,0,0,0,0,0,0,0,0,0,0,0,0,0,0,0,0,0,0,0,0,0,0,0,0,0,0,0,0,0,0,0,0,0,0,0,0,0,0,0,0,0,0,0,0,0,0,0,0,0,0,0,0,0,0,0,0,0,0,0,0,0,0,0,0,0,0,0,0,0,0,0,0,0,0,0,0,0,0,0,0,0,0,0,0,0,0,0,0,0,0,0,0,0,0,0,0,0,0,0,0,0,0,0,0,0,0,0,0,0,0,0,0,0,0,0,0,0,0,0,0,0,0,0,0,0,0,0,0,0,0,0,0,0,0,0,0,0,0,0,0,0,0,0,0,0,0,0,0,0,0,0,0,0,0,0
10603112506,core,0,4,15,19,34,18,9,0,0,90,10,0,3,0,8,9,0,0,0,26,0,3,0,0,0,4,0,0,0,16,0,0,0,0,0,0,0,0,0,0,10,7,18,21,37,30,8,0,0,130,0,3,0,0,3,0,0,0,0,10,0,0,0,0,0,0,0,0,0,0,0,3,0,0,3,4,0,0,0,12,11,12,18,21,42,28,8,0,0,141,17,4,5,6,5,12,29,19,3,88,0,0,0,3,7,0,0,0,0,14,27,17,28,28,55,43,33,19,3,247,0,0,14,11,4,9,0,0,0,40,0,5,6,8,16,8,7,0,0,64,0,3,0,7,3,0,0,0,0,9,0,0,0,0,0,0,0,0,0,0,3,11,23,26,30,20,4,0,0,108,0,0,0,0,0,0,0,0,0,0,0,0,0,0,0,0,0,0,0,0,0,0,0,0,5,0,0,0,0,3
10603112507,core,0,10,11,22,16,17,3,3,0,82,0,3,0,3,4,5,3,0,0,22,0,0,0,0,0,3,0,0,0,3,0,0,0,6,6,0,0,0,0,3,10,17,13,24,27,25,8,3,0,123,0,0,0,0,0,3,0,0,0,6,0,5,0,0,0,0,0,0,0,9,0,5,0,0,0,5,0,0,0,7,10,19,12,26,27,29,8,3,0,132,4,0,0,3,11,17,24,25,3,88,3,5,0,0,3,3,0,6,0,21,18,24,14,27,40,47,28,28,3,232,0,3,0,9,11,12,4,0,0,37,6,0,12,12,14,16,0,0,0,63,4,0,4,0,0,0,0,0,0,7,0,0,0,0,0,0,0,0,0,3,10,6,13,21,25,29,4,0,0,107,0,0,0,0,0,0,0,0,0,3,0,0,0,0,0,0,0,0,0,0,0,0,0,0,0,0,0,0,0,3
10603112508,core,0,0,0,0,0,0,0,0,0,0,0,0,0,0,0,0,0,0,0,0,0,0,0,0,0,0,0,0,0,0,0,0,0,0,0,0,0,0,0,0,0,0,0,0,0,0,0,0,0,0,0,0,0,0,0,0,0,0,0,0,0,0,0,0,0,0,0,0,0,0,0,0,0,0,0,0,0,0,0,0,0,0,0,0,0,0,0,0,0,0,0,0,0,0,0,0,0,0,0,0,0,0,0,0,0,0,0,0,0,0,0,0,0,0,0,0,0,0,0,0,0,0,0,0,0,0,0,0,0,0,0,0,0,0,0,0,0,0,0,0,0,0,0,0,0,0,0,0,0,0,0,0,0,0,0,0,0,0,0,0,0,0,0,0,0,0,0,0,0,0,0,0,0,0,0,0,0,0,0,0,0,0,0,0,0,0,0,0,0,0,0,0,0,0,0,0,0,0,0,0
10603112509,core,5,12,7,0,0,0,0,0,0,19,3,6,0,0,0,0,0,0,0,7,0,0,0,0,0,0,0,0,0,0,0,0,0,0,0,0,0,0,0,0,12,17,7,0,0,0,0,0,0,29,0,0,0,0,0,0,0,0,0,0,0,0,0,0,0,0,0,0,0,0,0,0,0,0,0,0,0,0,0,0,12,17,7,0,0,0,0,0,0,29,0,0,0,0,0,0,0,0,0,0,0,0,0,0,0,0,0,0,0,0,12,12,7,0,0,0,0,0,0,27,6,3,0,5,0,0,0,0,0,9,3,0,0,0,0,0,0,0,0,3,0,0,0,0,0,0,0,0,0,0,0,0,0,0,0,0,0,0,0,0,8,3,0,5,0,0,0,0,0,15,0,0,0,0,0,0,0,0,0,0,0,0,0,0,0,0,0,0,0,0,0,0,0,0,0,0,0,0,0,0
10603112510,core,0,4,5,6,16,7,3,0,0,49,0,0,0,0,0,3,0,0,0,16,0,0,0,0,0,4,0,0,0,4,0,0,0,0,0,0,0,0,0,3,3,4,8,8,21,15,9,0,0,66,0,0,0,0,0,0,0,0,0,4,0,0,0,0,0,0,0,0,0,0,0,0,0,3,0,0,0,0,0,5,3,4,9,9,17,16,3,0,0,70,5,3,4,3,7,13,18,8,3,58,0,0,0,0,4,3,3,0,0,19,10,8,19,15,30,27,25,11,7,147,0,0,4,0,0,4,0,0,0,19,3,0,7,3,0,8,0,0,0,21,0,0,3,5,0,0,0,0,0,3,0,0,0,0,0,0,0,0,0,0,3,0,8,9,4,10,0,0,0,46,0,0,0,3,0,0,0,0,0,4,0,0,0,0,0,0,0,0,0,0,0,0,0,3,0,0,0,0,0,3
10603112512,core,0,0,7,9,21,5,0,0,0,55,0,0,3,0,3,0,5,0,0,16,0,0,0,0,0,3,0,0,0,3,0,0,0,0,4,0,0,0,0,5,3,3,9,9,31,13,8,0,0,81,0,0,0,0,4,0,0,0,0,4,0,0,0,0,0,0,0,0,0,5,0,0,0,0,4,0,0,0,0,4,3,4,12,9,36,13,8,0,0,88,5,0,0,0,0,4,22,8,4,55,0,0,0,0,0,0,0,0,0,0,13,4,19,9,36,14,29,9,4,137,4,0,4,4,17,7,3,0,0,35,4,6,6,8,8,8,0,0,0,35,0,0,0,0,0,0,0,0,0,4,0,0,0,0,0,0,0,0,0,0,11,8,10,13,21,17,4,0,0,75,0,0,0,0,0,0,0,0,0,0,0,0,0,0,0,0,0,0,0,3,3,0,0,0,0,0,0,0,0,9
10603112513,core,0,3,8,28,40,19,4,0,0,100,4,0,3,3,3,6,4,4,0,31,0,0,0,0,0,0,0,0,0,9,0,0,0,4,4,0,0,0,0,3,15,9,21,32,40,26,8,4,0,139,0,0,0,0,0,0,0,0,0,3,0,0,0,0,0,0,0,0,0,3,0,0,0,0,0,0,0,0,0,9,14,9,15,32,45,26,9,4,0,148,12,0,0,0,0,16,27,7,0,67,0,0,3,0,0,0,0,0,0,4,26,4,23,32,43,36,31,14,0,218,0,0,8,13,15,11,0,0,0,55,13,6,5,15,15,17,3,0,0,76,3,3,0,0,0,0,0,0,0,6,0,0,0,4,0,0,0,0,0,0,15,12,14,33,32,35,3,0,0,144,0,0,0,0,0,0,0,0,0,0,0,0,0,0,0,0,0,0,0,3,0,0,0,0,0,0,0,0,0,3
10603112514,core,0,0,0,3,7,0,0,0,0,7,0,0,0,0,0,0,0,0,0,0,0,0,0,0,0,0,0,0,0,0,0,0,0,0,0,0,0,0,0,0,0,0,0,3,7,0,0,0,0,12,0,0,0,0,0,0,0,0,0,0,0,0,0,0,0,0,0,0,0,0,0,0,0,0,0,0,0,0,0,0,0,0,0,3,7,0,0,0,0,12,0,0,0,0,0,0,0,0,0,9,0,0,0,0,3,0,0,0,0,7,0,0,0,3,4,10,0,0,0,32,0,0,3,0,4,0,0,0,0,4,0,0,0,0,0,5,0,0,0,5,0,5,0,0,0,0,0,0,0,0,0,0,0,0,0,0,0,0,0,0,0,5,3,0,4,5,3,0,0,12,0,0,0,4,0,0,0,0,0,4,0,0,0,0,0,0,0,0,0,0,0,0,0,4,0,0,0,0,0,4
10603112515,core,4,4,14,6,6,14,5,0,0,47,0,3,0,0,0,3,0,0,0,12,0,0,0,0,0,3,0,0,0,3,0,0,0,0,0,0,0,0,0,5,3,5,13,7,11,22,5,0,0,66,0,0,0,0,0,0,0,0,0,3,0,0,0,0,0,0,0,0,0,0,0,0,0,0,0,0,0,0,0,3,3,5,13,13,11,20,5,0,0,70,5,0,0,0,4,20,50,35,3,115,0,0,4,0,0,5,9,0,0,22,8,6,16,17,11,40,58,40,3,206,0,0,4,0,3,0,0,0,0,20,0,5,8,4,9,10,0,0,0,35,0,3,0,6,0,0,0,0,0,9,0,0,0,0,0,0,0,0,0,0,5,9,15,8,11,13,0,0,0,65,0,0,0,0,0,0,0,0,0,0,0,0,0,0,0,0,0,0,0,0,0,0,0,0,0,0,0,0,0,3
10603112516,core,0,3,12,14,19,4,5,0,0,62,3,3,3,0,5,0,0,0,0,22,0,0,0,0,0,0,0,0,0,3,0,0,0,0,0,0,0,0,0,3,3,5,12,13,23,18,7,3,0,90,0,0,0,0,0,0,0,0,0,5,0,0,0,0,0,0,0,0,0,3,0,0,0,0,3,0,0,0,0,8,4,7,16,13,28,18,7,3,0,99,6,0,0,0,0,9,22,9,0,52,0,0,4,0,0,0,0,0,0,5,7,7,17,14,33,29,34,13,3,154,3,0,0,10,9,5,5,0,0,36,4,6,3,10,13,9,4,0,0,44,0,0,0,3,0,0,0,0,0,6,0,0,0,0,0,0,0,0,0,0,4,9,3,20,22,19,8,0,0,89,0,0,0,0,0,0,0,0,0,0,0,4,0,0,0,0,0,0,0,3,0,5,0,0,0,0,0,0,0,3
10603112517,core,0,8,8,15,8,11,4,0,0,60,0,0,9,7,6,0,6,0,0,19,0,0,0,3,0,0,0,0,0,5,0,0,0,0,0,0,0,0,0,0,0,13,14,17,18,13,11,0,0,87,0,0,0,0,0,0,0,0,0,0,0,0,0,0,0,0,0,0,0,0,0,0,0,0,0,0,0,0,0,0,0,13,14,17,18,13,11,0,0,86,4,0,0,0,0,5,35,29,7,87,0,0,4,0,5,0,0,3,3,20,4,12,14,22,27,20,45,34,8,190,0,4,5,5,9,6,0,0,0,23,0,4,7,7,4,8,5,0,0,39,0,0,0,0,0,0,0,0,0,5,0,0,0,0,0,0,0,0,0,0,0,3,13,16,8,17,3,0,0,62,0,0,0,0,0,0,0,0,0,0,0,0,0,0,0,0,0,0,0,0,0,0,0,0,0,3,0,0,0,3
10603112518,core,4,4,13,24,18,29,5,0,0,95,6,0,5,0,8,4,4,0,0,32,3,0,0,0,0,3,0,0,0,10,0,0,0,5,0,0,0,0,0,0,6,12,23,30,30,37,8,0,0,131,0,0,0,0,0,0,0,0,0,3,0,0,0,0,0,0,0,0,0,3,0,0,0,0,5,0,0,0,0,10,13,6,18,30,28,34,8,0,0,140,0,6,4,0,4,12,33,5,0,65,0,0,0,0,0,0,0,0,0,5,13,12,25,30,32,45,39,12,0,211,0,0,11,9,21,13,4,0,0,62,9,8,6,12,20,16,7,0,0,74,0,0,3,10,0,4,0,0,0,18,0,0,0,0,0,0,0,0,0,0,10,9,24,33,40,33,7,0,0,149,0,0,0,0,0,0,0,0,0,0,3,0,0,0,0,0,0,0,0,5,3,0,0,0,0,0,0,0,0,9
10603112519,core,0,4,9,11,23,18,0,0,0,56,6,0,0,3,0,5,0,0,0,18,0,0,0,0,0,5,0,0,0,5,0,0,0,0,0,0,0,0,0,0,9,8,7,10,23,26,0,0,0,82,0,0,0,0,0,0,0,0,0,3,5,0,0,0,0,0,0,0,0,5,5,0,0,0,0,0,0,0,0,5,8,11,7,10,22,26,0,0,0,83,4,4,3,0,3,9,21,10,0,61,0,0,0,0,0,0,0,0,0,3,10,10,13,16,30,35,21,10,0,149,0,4,4,12,8,4,0,0,0,37,7,0,3,4,6,11,0,0,0,35,0,0,0,0,0,0,0,0,0,0,0,0,0,0,0,0,0,0,0,0,9,4,12,16,19,17,0,0,0,75,0,0,0,0,0,0,0,0,0,0,0,0,0,0,0,0,0,0,0,0,0,0,0,0,0,0,0,0,0,0
10603112520,core,4,4,4,15,14,12,3,0,0,54,6,0,8,0,0,7,0,0,0,18,0,0,0,0,4,0,0,0,0,8,0,0,0,0,0,0,0,0,0,3,15,3,10,17,13,19,6,0,0,83,0,0,4,0,0,0,0,0,0,3,0,0,0,0,0,0,0,0,0,5,0,0,4,0,0,0,0,0,0,4,15,9,10,17,14,22,8,0,0,90,5,3,0,0,4,13,7,13,0,57,0,0,3,0,0,4,0,0,0,5,15,7,15,21,22,31,19,13,0,148,0,0,0,10,7,9,0,0,0,28,0,4,3,8,5,4,4,0,0,31,0,0,0,3,5,0,0,0,0,8,0,0,0,0,0,0,0,0,0,0,0,8,4,17,16,18,3,0,0,74,0,0,0,0,0,0,0,0,0,0,0,0,0,0,0,0,0,0,0,0,0,0,0,0,0,0,0,0,0,3
10603112521,core,3,12,9,30,34,24,4,0,0,120,7,0,0,4,0,4,0,0,0,21,0,0,0,0,0,4,0,0,0,5,0,0,0,0,0,0,0,0,0,0,17,18,12,29,38,31,5,0,0,148,0,0,0,0,0,0,0,0,0,3,0,0,0,0,0,0,0,0,0,0,5,0,0,0,0,0,0,0,0,4,19,18,12,29,38,34,5,0,0,153,9,4,0,0,0,7,18,14,0,55,0,0,0,0,0,0,0,0,0,10,30,20,16,32,43,38,26,14,0,218,0,5,3,10,25,14,0,0,0,55,9,4,5,13,24,12,5,0,0,76,8,0,0,0,0,0,0,0,0,11,0,0,0,0,0,0,0,0,0,5,16,10,12,31,49,30,5,0,0,148,0,0,0,0,0,0,0,0,0,0,0,0,0,0,0,0,0,0,0,5,0,0,0,0,0,0,0,0,0,0
10603112522,core,0,3,13,16,21,9,0,0,0,64,3,0,5,0,0,0,5,0,0,17,0,0,0,0,0,0,0,0,0,3,0,0,0,0,0,0,0,0,0,0,9,6,18,17,25,15,5,0,0,90,0,4,0,0,0,0,0,0,0,3,0,0,0,0,0,0,0,0,0,0,0,4,0,0,0,0,0,0,0,3,9,7,18,17,25,16,5,0,0,92,4,0,0,0,6,3,9,12,0,28,0,3,0,0,0,0,0,0,0,6,10,9,22,20,30,16,9,13,0,129,5,10,4,10,6,5,0,0,0,35,7,0,5,8,13,8,0,0,0,45,0,0,0,0,0,0,0,0,0,7,0,0,3,0,0,0,0,0,0,5,11,7,15,17,23,8,0,0,0,86,0,0,0,0,0,0,0,0,0,0,0,0,0,0,0,0,0,0,0,3,0,0,0,0,0,0,0,0,0,3
10603112523,core,0,8,17,19,10,9,4,0,0,70,0,4,4,0,8,0,3,0,0,18,0,0,0,0,0,0,0,0,0,5,0,0,0,0,0,0,0,0,0,0,3,13,22,20,23,9,5,0,0,93,0,0,0,0,0,0,0,0,0,0,0,0,0,0,0,0,0,0,0,0,0,0,0,0,0,0,0,0,0,0,3,12,22,20,23,9,5,0,0,91,3,0,0,0,0,3,4,9,0,28,0,0,0,0,0,0,0,0,0,5,6,12,17,23,20,19,15,10,0,124,0,0,4,11,8,0,0,0,0,31,6,0,6,4,8,6,0,0,0,31,0,0,3,0,3,0,0,0,0,8,0,0,0,0,0,0,0,0,0,5,7,3,18,20,21,7,3,0,0,76,0,0,0,0,0,0,0,0,0,6,0,0,0,0,0,0,0,0,0,4,0,0,0,0,0,0,0,0,0,5
10603112524,core,5,10,27,27,24,14,0,0,0,105,8,3,3,3,0,0,0,0,0,16,0,0,0,0,0,4,0,0,0,8,0,0,0,0,0,0,0,0,0,0,9,18,28,28,28,20,3,0,0,131,0,0,0,0,0,0,0,0,0,3,0,0,0,0,0,0,0,0,0,0,0,0,0,0,0,0,0,0,0,3,9,20,36,28,28,20,3,0,0,136,8,0,4,4,0,5,8,3,3,36,0,0,0,0,0,0,0,0,0,0,17,19,37,39,29,25,10,3,3,175,0,0,12,13,11,8,0,0,0,57,3,4,6,15,9,5,0,0,0,50,3,0,5,4,0,0,0,0,0,8,0,0,0,0,0,0,0,0,0,4,10,12,26,26,25,16,0,0,0,114,0,3,0,0,0,0,0,0,0,3,5,0,0,0,0,0,0,0,0,10,5,3,0,0,0,0,0,0,0,7
10603112525,core,4,5,21,16,18,12,3,0,0,81,0,3,4,0,7,3,0,0,0,22,0,0,0,0,4,3,0,0,0,10,0,0,0,0,0,0,0,0,0,0,6,7,31,18,25,16,0,0,0,114,0,0,0,0,0,0,0,0,0,3,3,3,0,0,0,0,0,0,0,7,3,4,0,0,0,0,0,0,0,10,8,12,31,18,28,16,0,0,0,123,11,3,0,3,0,4,20,11,0,52,0,0,0,0,0,0,0,0,0,4,18,14,31,26,34,21,23,11,4,180,0,7,5,8,11,4,0,0,0,32,11,4,10,17,13,10,0,0,0,58,0,0,5,0,0,0,0,0,0,9,0,0,0,0,0,0,0,0,0,0,9,9,17,22,19,13,4,0,0,96,0,0,0,0,0,0,0,0,0,0,0,0,0,0,0,0,0,0,0,0,0,3,0,0,0,0,0,0,0,3
10603112526,core,0,0,22,14,7,7,0,0,0,59,0,0,0,9,0,0,4,0,0,8,0,0,0,0,0,0,0,0,0,0,0,0,0,0,0,0,0,0,0,4,4,8,19,23,7,13,4,0,0,72,0,0,0,0,0,0,0,0,0,4,0,0,0,0,0,0,0,0,0,0,0,0,0,0,0,0,0,0,0,5,3,5,19,25,7,13,4,0,0,77,3,0,0,0,0,0,0,5,0,24,0,3,0,0,0,0,0,0,0,9,7,12,23,24,7,12,9,5,0,108,0,6,7,8,3,4,0,0,0,31,4,3,5,15,8,3,0,0,0,44,0,0,3,0,0,0,0,0,0,6,0,0,0,0,0,0,0,0,0,0,5,11,21,24,16,11,0,0,0,80,0,0,0,0,0,0,0,0,0,0,0,0,0,0,0,0,0,0,0,0,0,0,0,0,0,0,0,0,0,0
10603112527,core,0,11,32,30,24,15,3,0,0,122,7,3,5,5,9,0,0,0,0,24,0,0,4,0,0,5,0,0,0,10,0,0,0,0,0,0,0,0,0,3,10,16,38,32,35,20,3,0,0,156,0,0,0,0,0,0,0,0,0,3,0,0,0,0,0,0,0,0,0,0,0,0,0,0,0,0,0,0,0,3,10,16,42,31,34,24,3,0,0,162,6,3,0,4,4,9,10,3,3,48,0,0,0,0,0,0,0,0,0,3,18,17,44,42,37,31,12,5,3,209,4,6,21,28,15,6,0,0,0,76,11,13,19,11,14,13,0,0,0,73,0,0,3,0,0,4,0,0,0,9,0,0,0,0,0,0,0,0,0,0,11,14,43,36,29,20,3,0,0,162,0,0,0,0,0,0,0,0,0,0,0,0,3,0,0,0,0,0,0,6,0,0,3,0,0,0,0,0,0,5
10603112528,core,6,7,25,27,11,17,0,0,0,87,0,7,12,0,4,5,0,0,0,22,3,0,0,0,0,3,0,0,0,10,0,0,0,0,0,0,0,0,0,4,9,14,35,24,18,25,0,0,0,121,0,0,0,0,0,0,0,0,0,5,0,0,0,0,0,0,0,0,0,0,0,5,0,0,0,0,0,0,0,7,8,17,32,27,18,25,0,0,0,130,3,4,0,3,3,3,15,3,0,40,0,0,3,4,3,0,3,4,0,15,11,18,40,39,26,29,19,8,0,187,0,8,4,4,8,3,0,0,0,33,6,5,12,14,8,8,5,0,0,50,0,0,6,0,0,0,0,0,0,9,0,0,0,0,0,0,0,0,0,0,8,9,24,22,15,16,5,0,0,91,0,0,0,0,0,0,0,0,0,0,0,0,0,0,0,0,0,0,0,0,0,0,0,0,0,0,0,0,0,4
10603112529,core,0,9,17,17,14,3,0,0,0,58,3,3,6,0,0,3,0,0,0,15,6,0,0,0,0,0,0,0,0,5,0,0,0,0,0,0,0,0,0,0,4,3,27,16,17,7,0,0,0,80,0,0,0,0,0,0,0,0,0,5,0,0,0,0,0,0,0,0,0,4,0,0,0,0,0,0,0,0,0,9,7,12,33,16,14,7,0,0,0,91,5,0,0,3,0,5,10,6,0,29,0,0,0,4,0,0,0,0,0,4,11,14,28,26,21,15,14,6,0,129,0,5,9,7,11,5,0,0,0,34,5,0,12,12,3,0,4,0,0,44,0,0,3,0,4,0,0,0,0,7,0,0,0,0,0,0,0,0,0,0,6,5,21,23,18,8,4,0,0,88,0,0,0,0,0,0,0,0,0,4,0,0,0,0,0,0,0,0,0,0,4,3,0,0,0,0,0,0,0,10
10603112530,core,0,6,22,41,21,15,0,0,0,110,8,0,0,0,0,3,0,0,0,16,0,0,0,0,0,0,0,0,0,7,0,4,0,0,0,0,0,0,0,0,3,6,31,45,21,17,3,0,3,132,0,0,3,0,0,0,0,0,0,4,0,0,0,0,0,0,0,0,0,0,0,0,5,0,0,0,0,0,0,3,8,6,32,45,24,18,3,0,3,137,10,0,0,0,7,0,8,6,4,40,0,0,3,0,0,0,0,0,0,3,15,10,40,42,24,25,11,6,8,178,0,8,23,10,9,3,0,0,0,52,4,3,20,16,18,6,0,0,0,63,0,3,0,4,0,0,0,0,0,6,0,0,3,0,0,0,0,0,0,3,4,13,44,32,24,8,0,0,6,128,0,0,0,0,0,0,0,0,0,4,0,0,0,0,0,0,0,0,0,6,0,0,0,0,3,0,0,0,0,5
10603112531,core,4,6,8,15,27,11,7,0,0,71,4,0,0,0,7,0,0,0,0,15,4,0,0,0,0,0,0,0,0,8,0,0,0,0,0,0,0,0,0,0,10,6,8,15,33,14,5,0,0,93,0,0,0,0,3,0,0,0,0,10,0,0,0,0,0,0,0,0,0,0,0,0,0,0,3,0,0,0,0,7,14,6,12,16,35,14,5,0,0,97,3,0,0,0,5,10,19,13,3,46,0,0,0,0,0,0,0,0,0,3,18,10,10,16,34,23,23,13,3,149,0,0,3,6,17,0,0,0,0,32,9,7,0,16,13,6,0,0,0,56,0,0,0,0,0,0,0,0,0,4,0,0,0,0,0,0,0,0,0,0,9,14,3,19,33,12,0,0,0,87,0,0,0,0,0,0,0,0,0,0,0,0,0,0,0,0,0,0,0,0,0,0,0,0,0,0,0,0,0,3
10603112532,core,4,8,10,13,21,5,3,0,0,48,0,0,0,0,0,0,0,0,0,7,0,0,0,0,0,0,0,0,0,0,0,0,0,0,0,0,0,0,0,0,4,8,12,11,15,3,3,0,0,66,0,0,0,0,0,0,0,0,0,0,0,0,0,0,0,0,0,0,0,5,0,0,0,0,0,0,0,0,0,0,5,7,12,11,15,3,0,0,0,62,0,0,0,0,0,0,21,5,0,38,0,0,0,0,0,0,0,0,0,0,8,5,13,11,15,10,26,4,4,105,0,3,10,10,8,7,3,0,0,31,8,0,0,9,9,3,0,0,0,28,0,3,0,4,0,0,0,0,0,9,0,0,0,0,0,0,0,0,0,0,8,11,14,14,16,13,3,0,0,68,0,0,0,0,0,0,0,0,0,0,0,0,0,0,0,0,0,0,0,0,0,0,0,0,0,0,0,0,0,0
10603112533,core,0,0,0,0,0,0,0,0,0,0,0,0,0,0,0,0,0,0,0,0,0,0,0,0,0,0,0,0,0,0,0,0,0,0,0,0,0,0,0,0,0,0,0,0,0,0,0,0,0,0,0,0,0,0,0,0,0,0,0,0,0,0,0,0,0,0,0,0,0,0,0,0,0,0,0,0,0,0,0,0,0,0,0,0,0,0,0,0,0,0,0,0,0,0,0,0,0,0,0,0,0,0,0,0,0,0,0,0,0,0,0,0,0,0,0,0,0,0,0,0,0,0,0,0,0,0,0,0,0,0,0,0,0,0,0,0,0,0,0,0,0,0,0,0,0,0,0,0,0,0,0,0,0,0,0,0,0,0,0,0,0,0,0,0,0,0,0,0,0,0,0,0,0,0,0,0,0,0,0,0,0,0,0,0,0,0,0,0,0,0,0,0,0,0,0,0,0,0,0,0
10603112534,core,5,0,4,3,9,11,0,0,0,34,0,0,0,0,0,7,0,0,0,6,0,3,0,0,0,0,0,0,0,4,0,0,0,0,0,0,0,0,0,4,5,0,6,7,12,13,3,0,0,48,0,0,0,0,0,0,0,0,0,3,0,0,0,0,0,0,0,0,0,3,0,0,0,0,0,0,0,0,0,9,3,3,6,9,13,18,3,0,0,54,7,0,0,0,0,3,14,7,0,30,0,0,0,0,0,3,0,0,0,5,8,3,6,10,17,23,20,10,0,94,0,0,5,0,7,3,0,0,0,17,4,0,5,4,4,10,0,0,0,31,0,0,0,0,0,0,0,0,0,4,0,0,0,0,0,0,0,0,0,0,10,5,10,4,8,11,0,0,0,54,0,0,0,0,0,0,0,0,0,0,0,0,0,0,0,0,0,0,0,0,0,0,0,0,0,0,0,0,0,5
10603112535,core,3,4,19,21,18,4,0,0,0,67,0,0,0,0,0,0,0,0,0,4,0,0,5,0,0,0,0,0,0,3,0,0,0,0,0,0,0,0,0,0,3,4,22,21,18,3,0,0,0,78,0,0,0,0,0,0,0,0,0,0,0,0,0,0,0,0,0,0,0,0,0,0,0,0,0,0,0,0,0,0,7,4,22,21,18,3,0,0,0,78,5,0,0,0,4,7,13,0,0,24,0,0,6,0,4,0,0,0,0,5,11,5,24,20,22,11,8,0,0,115,0,8,7,4,8,0,0,0,0,29,5,0,7,11,10,6,0,0,0,42,0,0,3,0,0,0,0,0,0,8,0,0,0,0,0,0,0,0,0,0,5,5,19,16,19,7,0,0,0,73,0,0,0,0,0,0,0,0,0,0,0,0,0,0,0,0,0,0,0,0,0,0,0,0,0,0,0,0,0,3
10603112536,core,0,7,0,10,12,9,0,0,0,42,7,0,0,0,0,8,0,0,0,13,0,0,0,0,0,0,0,0,0,11,0,0,0,0,0,0,0,0,0,0,4,4,9,7,17,14,3,0,0,65,0,0,0,0,0,0,0,0,0,3,0,0,0,0,0,0,0,0,0,0,0,0,0,0,0,0,0,0,0,3,4,4,9,9,19,18,3,0,0,69,3,0,0,0,0,3,7,8,0,30,0,0,0,3,0,0,0,0,0,5,10,8,3,12,19,27,13,8,0,101,0,0,4,9,9,3,0,0,0,24,4,0,0,4,8,6,0,0,0,31,0,0,0,3,0,0,0,0,0,3,0,0,0,0,0,0,0,0,0,0,6,7,6,12,20,12,0,0,0,59,0,0,0,0,0,0,0,0,0,0,3,0,0,0,0,0,0,0,0,3,3,0,0,0,0,0,0,0,0,5
10603112537,core,5,5,14,12,25,11,4,0,0,74,3,8,6,0,3,5,0,0,0,20,0,0,0,0,0,3,0,0,0,6,0,0,0,0,0,0,0,0,0,0,6,13,20,10,26,16,4,0,0,104,0,0,0,0,4,0,0,0,0,10,0,0,0,0,0,0,0,0,0,3,0,0,0,0,4,0,0,0,0,13,9,15,25,10,31,23,4,0,0,112,6,0,0,0,7,10,16,16,0,54,0,0,0,0,0,0,0,0,0,3,15,15,25,16,29,34,16,16,0,172,0,4,4,4,9,5,3,0,0,22,3,0,14,13,16,9,5,0,0,51,0,0,4,0,4,0,0,0,0,4,0,0,0,0,0,0,0,0,0,0,10,9,15,15,24,14,3,0,0,86,0,5,0,0,0,0,0,0,0,6,0,0,0,0,0,0,0,0,0,4,0,3,0,0,0,0,0,0,0,5
10603112538,core,8,13,43,53,24,3,0,0,0,134,3,4,3,10,3,0,0,0,0,22,0,0,0,0,3,0,0,0,0,3,0,0,0,0,0,0,0,0,0,0,10,12,41,62,36,0,0,0,0,161,0,0,0,0,0,0,0,0,0,4,0,0,0,0,0,0,0,0,0,0,0,0,0,0,0,0,0,0,0,4,10,14,41,61,36,3,0,0,0,163,7,0,0,8,5,0,10,7,0,43,0,0,5,0,0,0,0,0,0,5,19,17,45,63,32,8,11,7,0,212,0,5,30,36,21,6,0,0,0,91,10,3,16,13,8,0,0,0,0,53,0,0,13,4,5,0,0,0,0,18,0,0,0,0,0,0,0,0,0,8,14,12,55,47,30,6,0,0,0,169,0,0,0,0,0,0,0,0,0,0,0,0,0,0,0,0,0,0,0,3,0,0,0,0,0,0,0,0,0,3
10603112539,core,0,9,16,7,14,5,0,0,0,56,0,0,0,0,5,5,6,0,0,18,0,0,0,0,0,0,0,0,0,0,0,0,0,0,0,0,0,0,0,0,3,6,13,7,18,15,8,0,0,76,0,0,0,0,0,0,0,0,0,0,0,0,0,0,0,0,0,0,0,0,0,0,0,0,0,0,0,0,0,0,3,6,13,7,18,15,14,0,0,78,0,4,0,3,0,14,30,5,0,60,0,0,0,0,0,0,0,0,0,3,4,11,13,14,19,24,42,7,0,138,0,0,3,11,11,8,3,0,0,31,0,4,0,11,7,8,0,0,0,39,0,0,6,0,0,0,0,0,0,5,0,0,0,0,0,0,0,0,0,0,0,5,8,15,20,20,4,0,0,73,0,0,0,0,0,0,0,0,0,0,0,0,0,0,0,0,0,0,0,0,0,0,0,0,0,0,0,0,0,0
10603112540,core,0,0,3,3,12,12,4,0,0,42,5,4,0,4,5,6,0,0,0,15,0,0,0,0,0,0,0,0,0,7,0,0,0,0,3,0,5,0,0,8,5,4,3,12,20,14,14,0,0,65,0,0,0,0,0,0,0,0,0,0,0,0,0,0,0,0,0,0,0,0,0,3,0,0,0,0,0,0,0,8,5,6,8,10,18,11,14,0,0,72,7,0,5,8,6,3,19,17,0,70,0,0,4,0,6,4,9,0,0,18,10,6,15,18,28,23,40,13,0,158,4,0,4,6,12,3,0,0,0,31,4,0,3,3,3,7,4,0,0,24,0,0,0,0,0,0,0,0,0,3,0,0,0,0,0,0,0,0,0,0,5,0,8,9,22,12,4,0,0,66,0,0,0,0,0,0,0,0,0,0,0,0,0,0,0,0,0,0,0,0,0,0,0,0,0,0,0,0,0,0
10603112541,core,6,7,28,53,48,20,0,0,0,165,10,5,0,8,3,4,0,0,0,36,10,0,0,3,0,0,0,0,0,13,0,0,0,0,0,0,0,0,0,0,24,15,30,64,50,29,0,0,0,212,0,0,0,4,0,0,0,0,0,3,0,0,0,0,0,0,0,0,0,3,0,5,0,3,0,0,0,0,0,5,24,19,30,63,50,33,0,0,0,220,11,0,0,0,0,18,28,22,5,85,0,0,0,0,4,0,0,0,0,4,35,18,36,66,55,51,24,22,5,311,0,3,12,24,34,14,0,0,0,87,12,0,15,30,21,9,5,0,0,98,0,3,3,0,0,0,0,0,0,16,0,0,0,0,0,0,0,0,0,0,18,11,32,59,62,22,6,0,0,203,0,0,0,0,0,0,0,0,0,3,0,0,6,0,0,0,0,0,0,4,0,0,6,0,0,0,0,0,0,10
10603112542,core,0,0,5,6,8,9,3,0,0,25,0,0,0,0,0,0,0,0,0,5,0,0,0,0,0,0,0,0,0,0,0,0,0,0,0,0,0,0,0,0,5,5,5,4,5,8,3,0,0,38,0,0,0,0,0,4,0,0,0,4,3,0,0,0,0,0,0,0,0,3,3,0,0,0,0,4,0,0,0,5,4,5,5,4,5,13,3,0,0,41,3,4,0,0,0,5,11,5,0,35,0,0,0,0,0,3,0,0,0,5,3,8,0,7,7,21,19,3,0,77,0,4,0,4,8,3,0,0,0,23,0,3,0,3,3,0,0,4,0,17,0,0,0,0,0,0,0,0,0,0,0,0,0,0,0,0,0,0,0,0,6,3,5,9,12,3,0,4,0,41,0,0,0,0,0,3,0,0,0,3,0,0,0,0,0,0,0,0,0,0,0,0,0,0,0,5,0,0,0,5
10604112601,external,0,0,0,6,0,0,0,0,0,7,0,0,0,0,0,0,0,0,0,3,0,0,0,0,0,0,0,0,0,0,0,0,0,0,0,0,0,0,0,0,0,0,0,6,5,0,0,0,0,12,0,0,0,0,0,0,0,0,0,0,0,0,0,0,0,0,0,0,0,0,0,0,0,0,0,0,0,0,0,0,0,0,0,3,5,0,0,0,0,12,0,0,0,0,4,0,3,3,0,7,0,0,0,0,0,0,0,0,0,0,0,0,5,3,5,0,5,3,0,24,0,0,0,0,4,0,0,0,0,4,0,0,0,3,0,0,0,0,0,9,0,0,0,0,0,0,0,0,0,0,0,0,0,0,0,0,0,0,0,0,0,0,0,3,4,3,0,0,0,11,0,0,0,0,0,0,0,0,0,0,0,0,0,0,0,0,0,0,0,4,0,0,0,0,0,0,0,0,0,4
10604112602,external,0,0,15,8,9,3,0,0,0,36,0,0,0,0,0,0,0,0,0,10,0,0,0,0,0,0,0,0,0,3,0,0,0,0,0,0,0,0,0,0,0,4,18,8,9,4,0,0,0,43,0,0,0,0,0,0,0,0,0,0,0,0,0,0,0,0,0,0,0,0,0,0,0,0,0,0,0,0,0,0,0,4,18,8,9,5,0,0,0,50,7,21,76,74,43,16,4,5,0,238,0,0,0,0,0,0,0,0,0,3,5,22,95,86,51,20,12,4,0,293,0,0,11,3,5,0,0,0,0,21,0,0,8,5,4,0,0,0,0,18,0,0,4,0,0,0,0,0,0,4,0,0,0,0,0,0,0,0,0,0,3,0,19,10,10,0,0,0,0,39,0,0,0,0,0,0,0,0,0,0,0,0,0,0,0,0,0,0,0,0,0,0,0,0,0,0,0,0,0,4
10604112603,external,0,0,3,6,16,15,0,0,0,40,0,3,9,6,0,5,0,0,0,19,0,0,0,0,0,6,0,0,0,5,0,0,0,0,0,0,0,0,0,0,4,7,13,13,14,20,0,0,0,65,0,0,0,0,0,0,0,0,0,3,0,0,0,0,0,0,0,0,0,0,0,0,0,0,0,0,0,0,0,8,4,7,14,12,15,17,0,0,0,70,4,0,0,3,7,10,19,8,0,56,0,0,0,0,0,0,0,0,0,5,9,5,12,15,22,31,18,8,0,130,0,0,11,4,6,5,3,0,0,31,0,3,3,9,7,4,0,0,0,25,0,0,0,0,0,0,0,0,0,0,0,0,0,0,0,0,0,0,0,0,3,6,16,10,16,10,4,0,0,62,0,0,0,0,0,0,0,0,0,0,3,0,0,0,0,0,0,0,0,3,6,0,0,0,0,0,0,0,0,5
10604112604,external,3,9,16,17,22,7,3,0,0,74,5,0,3,4,0,0,3,0,0,18,0,0,0,0,0,0,0,0,0,0,0,0,0,0,0,0,0,0,0,0,4,9,19,23,24,8,5,0,0,90,0,0,0,0,0,0,0,0,0,5,0,0,0,0,0,0,0,0,0,0,0,0,0,0,0,0,0,0,0,0,4,6,19,23,24,8,8,0,0,98,3,0,0,0,0,6,14,9,4,41,0,0,3,0,3,0,0,0,0,6,8,8,30,23,31,12,18,7,4,142,0,5,12,0,11,4,3,0,0,39,13,8,6,4,9,7,0,0,0,45,0,0,0,0,0,0,0,0,0,4,0,0,0,0,0,0,0,0,0,0,13,8,19,10,21,9,5,0,0,90,0,0,0,0,0,0,0,0,0,0,0,0,0,0,0,0,0,0,0,0,0,0,0,0,0,0,0,0,0,0
10604112605,external,5,9,15,11,13,20,0,0,0,65,4,4,3,4,0,0,0,0,0,13,0,0,0,0,0,0,0,0,0,0,0,0,0,0,0,0,0,0,0,0,10,10,18,10,18,19,0,0,0,80,0,0,0,0,0,0,0,0,0,0,0,0,0,0,0,0,0,0,0,0,0,0,0,0,0,0,0,0,0,3,9,6,18,10,18,19,0,0,0,84,5,0,0,0,0,7,11,5,0,30,0,0,0,0,0,0,0,0,0,0,13,6,22,10,18,25,11,5,0,113,0,0,9,10,10,10,0,0,0,44,7,0,3,10,8,3,0,0,0,29,0,0,0,0,0,3,0,0,0,3,0,0,0,0,0,0,0,0,0,0,8,3,15,20,22,11,0,0,0,78,0,0,0,0,0,0,0,0,0,0,0,0,0,0,0,0,0,0,0,0,0,0,0,0,0,0,0,0,0,0
10604112606,external,0,3,12,8,3,7,0,0,0,39,0,0,0,0,5,3,0,0,0,7,0,0,0,0,0,0,0,0,0,5,0,0,0,0,0,0,0,0,0,0,0,5,12,8,13,12,0,0,0,45,0,0,0,0,0,0,0,0,0,4,0,0,0,0,0,0,0,0,0,0,0,0,0,0,0,0,0,0,0,7,0,5,11,8,9,12,0,0,0,47,4,0,0,0,0,4,10,12,0,39,0,0,0,0,0,0,0,4,0,9,8,5,11,9,14,18,14,16,0,97,0,0,6,0,5,3,0,0,0,20,0,0,3,3,0,6,3,0,0,20,0,0,0,0,0,0,0,0,0,4,0,0,0,0,0,0,0,0,0,0,4,0,11,6,11,15,3,0,0,51,0,0,0,0,0,0,0,0,0,0,0,0,5,0,0,0,0,0,0,0,0,0,4,0,0,3,0,0,0,4
10604112607,external,4,9,12,18,4,6,3,0,0,51,0,0,0,0,3,0,0,0,0,4,0,0,0,0,0,0,0,0,0,4,0,0,0,0,0,0,0,0,0,0,3,4,12,14,9,9,3,0,0,62,0,0,0,0,0,0,0,0,0,0,0,0,0,0,0,0,0,0,0,0,0,0,0,0,0,0,0,0,0,5,7,7,12,14,9,9,3,0,0,66,4,0,0,0,4,11,9,5,4,34,0,0,0,0,0,3,0,0,0,10,7,12,12,21,11,16,10,7,4,104,0,4,8,0,6,0,0,0,0,17,0,4,0,5,4,3,7,0,0,23,0,0,0,0,0,0,0,0,0,0,0,0,0,0,0,0,0,0,0,0,0,7,12,14,8,3,5,0,0,46,0,0,0,0,0,0,0,0,0,0,0,0,0,0,0,0,0,0,0,6,0,0,0,0,0,0,0,0,0,6
10604112608,external,0,0,11,13,3,9,0,0,0,41,0,3,0,0,0,0,0,0,0,7,0,0,0,0,0,0,0,0,0,3,0,0,0,0,0,0,0,0,0,3,0,3,11,14,9,10,7,0,0,48,0,0,0,0,0,0,0,0,0,0,0,0,0,0,0,0,0,0,0,0,0,0,0,0,0,0,0,0,0,0,0,3,16,14,9,10,7,0,0,53,6,0,4,5,0,7,5,4,4,31,0,0,0,6,0,0,0,0,0,7,5,8,16,17,13,16,9,3,4,87,0,0,3,4,0,0,0,0,0,15,3,3,4,6,3,6,0,0,0,24,0,0,4,0,0,0,0,0,0,0,0,0,0,0,0,0,0,0,0,0,3,6,11,12,4,8,0,0,0,43,0,0,0,0,0,0,0,0,0,0,0,0,0,0,0,0,0,0,0,3,0,0,0,0,0,0,0,0,0,3
10604112609,external,3,9,21,14,19,14,0,0,0,85,9,3,3,3,3,6,0,0,0,20,0,0,0,0,3,0,0,0,0,3,0,0,0,0,0,0,0,0,0,0,10,13,26,18,19,15,0,0,0,111,0,3,0,0,0,0,0,0,0,3,0,0,0,0,0,0,0,0,0,0,0,3,0,0,0,0,0,0,0,0,10,14,26,18,19,19,0,0,0,114,6,0,0,0,0,3,19,5,0,41,5,0,0,0,0,4,0,0,0,12,15,14,30,20,25,25,20,5,0,158,0,9,11,15,15,9,0,0,0,48,8,4,12,5,8,3,0,0,0,41,0,0,3,0,0,0,0,0,0,3,0,0,0,0,0,0,0,0,0,0,8,7,23,17,19,10,0,0,0,93,0,0,0,0,0,0,0,0,0,0,0,0,4,0,0,0,0,0,0,4,0,0,4,0,5,0,0,0,0,9
10604112610,external,7,0,31,24,14,16,4,0,0,95,7,0,3,3,0,4,0,0,0,22,0,0,0,0,0,0,0,0,0,3,0,0,0,0,0,0,0,0,0,0,10,5,38,30,12,14,3,0,0,119,0,0,0,0,0,0,0,0,0,5,0,0,0,0,0,0,0,0,0,0,0,0,0,0,0,0,0,0,0,5,11,5,39,29,16,14,3,0,0,120,4,0,6,0,0,4,17,9,0,35,0,3,0,0,0,0,0,0,0,8,16,9,41,34,16,22,19,8,0,164,0,6,10,14,5,3,0,0,0,48,4,0,19,9,12,4,0,0,0,48,0,0,0,0,0,0,0,0,0,3,0,0,0,0,0,0,0,0,0,0,3,8,33,21,24,11,0,0,0,100,0,0,0,0,0,0,0,0,0,3,0,0,0,0,0,0,0,0,0,3,6,0,3,3,0,0,0,0,0,8
10604112611,external,3,5,10,7,3,3,0,0,0,36,0,0,0,0,5,0,0,0,0,5,0,0,0,0,0,0,0,0,0,0,0,0,0,0,0,0,0,0,0,0,5,5,11,9,8,3,4,0,0,50,0,0,0,0,0,0,0,0,0,0,0,0,0,0,0,0,0,0,0,0,0,0,0,0,0,0,0,0,0,0,5,5,11,9,8,10,4,0,0,49,0,0,3,0,0,7,4,3,0,17,0,0,4,0,5,0,0,0,0,17,3,8,14,14,13,14,4,3,0,76,0,3,5,0,0,3,0,0,0,14,0,5,4,0,7,4,0,0,0,18,0,0,0,0,0,0,0,0,0,0,0,0,0,0,0,0,0,0,0,0,4,3,10,8,7,8,0,0,0,34,0,0,0,0,0,0,0,0,0,4,0,0,0,0,0,0,0,0,0,0,0,0,0,0,0,0,0,0,0,4
10604112612,external,0,3,13,9,10,4,0,0,0,50,0,0,8,0,0,0,0,0,0,16,0,0,0,0,0,0,0,0,0,0,0,0,6,0,0,0,0,0,0,6,4,7,25,9,9,10,4,0,0,67,0,3,3,0,0,0,0,0,0,8,0,0,0,0,0,0,0,0,0,0,0,3,3,0,0,0,0,0,0,4,6,6,27,15,12,10,4,0,0,75,6,0,0,6,4,4,7,7,0,41,6,0,0,0,0,0,0,0,0,7,12,6,32,16,17,16,9,7,0,121,0,4,3,4,6,5,0,0,0,23,3,0,8,0,10,3,7,0,0,28,0,0,0,0,0,0,0,0,0,0,0,0,0,0,0,0,0,0,0,0,3,4,15,3,16,9,7,0,0,51,0,0,0,0,0,0,0,0,0,4,0,0,0,0,0,0,0,0,0,0,0,0,0,0,0,0,0,0,0,4
10604112613,external,0,10,17,22,27,12,3,0,0,89,7,3,3,0,3,0,0,0,0,22,0,0,0,0,0,0,0,0,0,6,0,0,0,0,0,0,0,0,0,0,7,9,18,29,32,11,10,0,0,111,0,0,0,0,0,0,0,0,0,0,0,0,0,0,0,0,0,0,0,0,0,0,0,0,0,0,0,0,0,3,9,9,17,29,32,11,10,0,0,114,0,0,0,3,0,11,21,9,4,56,4,4,0,0,4,0,3,0,0,13,13,12,17,30,36,26,31,15,4,182,0,3,15,6,11,8,0,0,0,41,5,0,0,11,11,3,3,0,0,39,0,0,0,0,0,0,0,0,0,4,0,0,0,0,0,0,0,0,0,0,9,3,15,14,20,14,7,0,0,83,0,0,0,0,0,0,0,0,0,0,0,0,0,0,0,0,0,0,0,0,0,0,0,0,0,0,0,0,0,0
10604112614,external,6,9,20,13,27,16,0,0,0,89,5,4,6,0,0,0,0,0,0,14,0,0,0,0,0,0,0,0,0,4,0,0,0,0,0,0,0,0,0,3,8,7,27,17,27,19,0,0,0,103,0,0,0,0,0,0,0,0,0,7,0,0,0,0,0,0,0,0,0,0,6,0,0,0,0,0,0,0,0,8,5,13,27,17,27,22,0,0,0,117,9,0,6,0,8,8,12,15,0,54,0,0,3,0,0,0,0,0,0,4,18,13,36,18,34,24,15,17,0,174,3,8,13,5,18,5,0,0,0,55,6,6,8,9,13,7,0,0,0,41,0,0,0,0,3,0,0,0,0,0,0,0,0,0,0,0,0,0,0,4,9,15,22,15,32,11,3,0,0,104,0,0,0,0,0,0,0,0,0,0,3,0,0,0,0,0,0,0,0,6,5,0,0,0,0,0,0,0,0,8
10604112615,external,0,5,3,5,0,3,0,0,0,17,0,0,0,0,0,0,0,0,0,4,0,0,0,0,0,0,0,0,0,4,0,0,0,0,0,0,0,0,0,0,0,5,9,5,7,3,0,0,0,22,0,0,0,0,0,0,0,0,0,0,0,0,0,0,0,0,0,0,0,0,0,0,0,0,0,0,0,0,0,0,3,5,9,5,7,3,0,0,0,20,0,0,0,0,0,3,8,0,0,14,0,0,0,0,4,0,0,0,0,3,3,5,9,5,9,8,7,5,0,43,0,0,0,6,0,5,0,0,0,8,0,0,3,3,0,3,0,0,0,10,0,0,0,0,0,0,0,0,0,0,0,0,0,0,0,0,0,0,0,0,5,3,3,4,0,9,0,0,0,19,0,0,0,0,0,0,0,0,0,0,0,0,0,0,0,0,0,0,0,0,0,0,0,0,0,0,0,0,0,0
10604112617,external,4,7,11,11,4,11,5,0,0,51,5,0,3,0,0,0,0,0,0,15,0,0,0,0,0,4,0,0,0,6,0,0,0,0,0,0,0,0,0,0,5,10,16,12,9,10,3,0,0,64,0,5,5,0,0,0,0,0,0,14,0,0,0,0,0,4,0,0,0,0,0,5,5,0,0,3,0,0,0,14,10,16,23,13,9,16,3,0,0,85,11,0,12,9,15,19,9,7,3,78,10,0,3,7,4,4,4,3,0,40,20,18,38,28,24,40,20,12,3,201,0,3,7,0,0,4,0,0,0,19,0,11,7,9,7,3,0,0,0,27,0,0,0,0,0,0,0,0,0,3,0,0,0,0,0,3,0,0,0,6,3,7,9,9,8,8,5,0,0,53,0,0,0,0,0,0,0,0,0,3,0,0,0,0,0,0,0,0,0,4,0,0,4,0,3,0,0,0,0,5
10604112618,external,6,5,16,20,11,25,4,0,0,80,0,6,0,0,0,0,0,0,0,9,0,0,0,0,0,0,0,0,0,3,0,0,0,0,0,0,0,0,0,6,6,10,14,23,15,26,4,0,0,100,0,0,0,0,0,0,0,0,0,0,0,0,0,0,0,0,0,0,0,0,0,0,0,0,0,0,0,0,0,0,12,10,14,23,15,26,4,0,0,100,6,0,3,4,4,0,8,8,0,21,0,0,3,0,0,0,0,0,0,5,16,10,19,22,17,29,7,8,0,131,0,0,4,5,12,6,0,0,0,39,0,0,7,9,5,3,0,0,0,28,0,0,4,0,5,0,0,0,0,6,0,0,0,0,0,0,0,0,0,0,0,4,13,20,20,13,4,0,0,71,0,0,0,0,0,0,0,0,0,0,0,0,0,0,0,0,0,0,0,0,0,0,0,0,0,0,0,0,0,6
10604112619,external,0,0,7,6,0,15,0,0,0,35,0,0,0,3,0,0,0,0,0,9,0,0,0,0,0,0,0,0,0,0,0,0,0,0,0,0,0,0,0,0,0,4,7,6,6,15,0,0,0,45,0,0,0,0,0,0,0,0,0,0,0,0,0,0,0,0,0,0,0,0,0,0,0,0,0,0,0,0,0,0,0,4,7,9,6,15,0,0,0,48,3,0,0,0,0,5,4,3,0,20,0,0,0,0,0,0,0,0,0,5,5,4,7,10,6,18,7,3,0,60,0,3,4,3,10,0,0,0,0,18,0,0,4,7,7,0,0,0,0,20,0,0,0,0,0,0,0,0,0,3,0,0,0,0,0,0,0,0,0,0,5,5,10,9,7,7,0,0,0,46,0,0,0,0,0,0,0,0,0,0,0,0,0,0,0,0,0,0,0,0,0,0,0,0,0,0,0,0,0,0
10604112620,external,3,7,15,18,15,14,0,0,0,71,4,0,0,0,3,0,3,0,0,14,0,0,0,0,0,0,0,0,0,0,0,0,0,0,0,0,0,0,0,0,3,7,16,18,18,17,3,0,0,84,0,0,3,0,0,0,0,0,0,4,0,0,0,0,0,0,0,0,0,0,0,0,3,0,0,0,0,0,0,10,5,10,19,21,18,22,0,0,0,97,8,3,0,4,0,3,13,16,3,52,0,0,0,0,0,3,0,0,0,3,19,13,18,22,20,19,19,16,3,150,0,5,6,4,7,4,0,0,0,25,0,3,5,8,7,10,7,0,0,41,0,0,0,0,0,0,0,0,0,3,0,0,0,0,0,0,0,0,0,0,5,11,17,11,15,13,3,0,0,74,0,0,0,0,0,0,0,0,0,0,0,0,3,0,0,0,0,0,0,5,0,0,3,0,0,0,0,0,0,5
10604112621,external,3,9,3,3,3,8,0,0,0,29,4,3,3,0,0,0,0,0,0,13,0,0,3,0,0,0,0,0,0,6,0,0,4,0,0,0,0,0,0,7,4,7,10,3,4,8,5,0,0,46,0,0,0,0,3,0,0,0,0,8,0,0,0,0,0,0,0,0,0,5,0,7,0,0,3,0,0,0,0,10,4,13,19,9,10,8,5,0,0,63,8,0,11,5,7,8,6,4,0,51,4,6,8,0,0,3,0,0,0,27,18,20,35,11,16,22,10,4,0,146,0,0,3,0,3,0,0,0,0,13,0,0,0,5,4,3,0,0,0,20,0,0,0,0,0,0,0,0,0,6,0,0,0,0,0,0,0,0,0,3,0,3,6,6,4,7,0,0,0,38,0,0,0,0,3,0,0,0,0,7,0,0,0,0,0,0,0,0,0,3,0,0,0,0,3,0,0,0,0,11
10604112622,external,4,3,8,11,18,11,0,0,0,55,5,0,0,0,4,5,0,0,0,12,0,0,0,0,0,0,0,0,0,3,0,0,0,0,0,0,0,0,0,7,8,9,7,11,21,9,0,0,0,70,0,0,0,0,0,3,0,0,0,3,0,0,0,0,0,0,0,0,0,0,0,0,5,0,0,3,0,0,0,9,8,9,6,11,18,18,0,0,0,79,8,5,8,11,3,13,10,7,4,61,0,0,3,4,9,0,0,5,0,29,16,16,16,26,31,26,13,14,6,161,0,4,3,7,6,3,0,0,0,20,3,0,3,4,8,6,0,0,0,20,0,0,0,0,0,0,0,0,0,0,0,0,0,0,0,0,0,0,0,0,0,4,10,14,7,10,5,0,0,47,0,0,0,0,0,5,0,0,0,5,0,0,0,0,0,0,0,0,0,0,0,0,0,0,0,5,0,0,0,0
10604112623,external,0,6,27,14,11,19,4,0,0,84,0,0,3,4,0,0,0,0,0,15,0,0,0,0,0,0,0,0,0,4,0,0,0,0,0,0,0,0,0,0,5,7,30,21,13,19,5,0,0,98,0,0,0,0,4,0,0,0,0,4,0,0,0,0,0,0,0,0,0,0,0,4,0,0,4,0,0,0,0,6,7,13,32,21,19,17,5,0,0,107,3,0,0,6,4,9,14,15,9,57,0,0,8,0,3,5,0,0,3,20,9,13,36,26,26,28,22,16,17,189,0,0,17,4,11,6,0,0,0,40,0,3,13,3,9,15,0,0,0,44,0,0,4,0,0,0,0,0,0,3,0,0,0,0,0,0,0,0,0,0,0,9,34,10,19,20,0,0,0,91,0,0,0,0,0,0,0,0,0,0,0,0,0,0,0,0,0,0,0,0,0,0,0,0,0,0,0,0,0,3
10604112624,external,0,3,11,8,12,9,0,0,0,44,0,3,5,3,0,0,0,0,0,8,0,0,0,0,0,0,0,0,0,4,0,0,0,5,0,0,0,0,0,0,0,7,11,11,12,11,0,0,0,64,0,0,0,0,0,0,0,0,0,8,0,0,0,0,0,0,0,0,0,0,0,0,0,0,0,0,0,0,0,3,0,7,16,10,15,11,0,0,0,74,6,0,4,9,4,3,9,6,0,42,0,5,0,0,6,0,0,0,0,13,5,9,18,23,26,21,13,3,0,123,4,5,9,11,10,9,0,0,0,36,0,3,6,5,3,14,0,0,0,37,0,0,0,0,0,3,0,0,0,6,0,0,0,0,0,0,0,0,0,0,8,5,16,15,16,18,0,0,0,78,0,0,0,0,0,0,0,0,0,3,0,0,0,0,0,0,0,0,0,0,0,0,0,0,0,0,0,0,0,3
10604112625,external,3,10,12,4,17,7,0,0,0,57,4,6,6,3,0,0,0,0,0,15,0,0,0,0,0,0,0,0,0,4,0,0,0,5,0,0,0,0,0,7,5,11,16,14,17,12,8,0,0,83,0,0,4,0,0,4,0,0,0,3,0,0,0,0,0,0,0,0,0,0,3,0,4,0,0,4,0,0,0,11,11,11,19,14,17,14,8,0,0,91,7,0,4,4,9,3,18,7,0,43,0,0,5,3,0,0,0,0,0,12,11,13,28,23,22,18,22,7,0,146,0,0,8,7,8,3,0,0,0,25,3,8,10,9,4,8,0,0,0,43,0,0,0,0,3,0,0,0,0,6,0,0,0,0,0,0,0,0,0,0,6,7,17,14,20,12,0,0,0,77,0,0,0,0,0,0,0,0,0,3,0,0,0,0,0,0,0,0,0,0,0,0,0,0,0,0,0,0,0,3
10604112626,external,0,3,15,13,11,6,0,0,0,47,6,0,0,0,6,0,0,0,0,8,0,0,0,0,0,0,0,0,0,0,0,0,0,0,0,0,0,0,0,0,3,8,18,13,8,11,0,0,0,58,0,0,0,0,0,0,0,0,0,4,0,0,0,0,0,0,0,0,0,0,0,0,0,0,0,0,0,0,0,4,3,8,19,13,8,10,0,0,0,64,3,0,0,3,0,4,7,3,0,17,0,0,3,0,0,0,0,0,0,3,6,8,18,17,12,11,7,0,0,86,0,5,3,3,9,5,0,0,0,25,3,0,7,11,5,3,0,0,0,29,0,0,0,0,0,0,0,0,0,0,0,0,0,0,0,0,0,0,0,0,11,11,9,9,15,8,0,0,0,54,0,0,0,0,0,0,0,0,0,0,0,0,0,0,0,0,0,0,0,0,0,0,0,0,0,0,0,0,0,0
10604112627,external,6,6,13,20,20,17,3,0,0,91,5,0,0,3,0,10,0,0,0,25,0,3,0,0,4,0,0,0,0,10,0,0,0,0,0,0,0,0,0,0,13,4,17,29,30,29,3,0,0,122,0,0,0,0,0,0,0,0,0,0,0,0,0,0,0,0,0,0,0,0,0,0,0,0,0,0,0,0,0,0,18,4,17,26,30,29,3,0,0,124,5,0,0,0,0,0,7,0,0,12,0,0,0,0,0,0,0,0,0,3,19,4,24,28,30,25,12,0,0,141,3,3,5,14,14,9,6,0,0,56,6,9,7,7,9,9,0,0,0,44,3,0,0,0,0,0,0,0,0,5,0,0,0,0,0,0,0,0,0,0,12,11,17,22,22,14,4,0,0,102,0,0,0,0,0,0,0,0,0,3,0,0,0,0,0,0,0,0,0,0,0,0,0,0,0,0,0,0,0,8
10604112628,external,0,4,8,9,14,3,0,0,0,27,0,3,5,0,0,0,0,0,0,14,0,0,0,0,0,0,0,0,0,0,0,0,0,3,0,0,0,0,0,3,0,4,10,7,15,3,0,0,0,42,0,0,0,0,0,0,0,0,0,0,0,0,0,0,0,0,0,0,0,0,0,0,0,0,0,0,0,0,0,0,0,4,10,8,15,3,0,0,0,47,0,4,0,5,5,0,9,7,0,26,0,0,0,0,0,0,0,0,0,4,3,7,10,15,21,6,14,6,0,76,0,0,5,3,4,0,0,0,0,15,0,0,9,0,3,6,5,0,0,21,0,0,0,0,0,0,0,0,0,0,0,0,0,0,0,0,0,0,0,0,3,0,11,5,13,4,5,0,0,38,0,0,0,0,0,0,0,0,0,0,0,0,0,0,0,0,0,0,0,0,0,0,0,0,0,0,0,0,0,0
10604112629,external,0,6,19,6,14,7,9,0,0,65,0,0,4,0,0,0,0,0,0,9,0,0,0,4,0,0,0,0,0,4,0,0,0,0,0,0,0,0,0,0,5,3,24,17,12,12,5,0,0,76,0,0,0,0,0,0,0,0,0,5,0,0,0,0,0,0,0,0,0,3,0,0,0,0,3,0,0,0,0,3,4,3,24,17,18,13,5,0,0,78,3,0,0,3,0,0,13,4,0,29,0,0,0,0,0,0,0,0,0,9,9,4,24,17,17,18,15,6,0,111,0,6,10,10,5,4,0,0,0,30,4,0,0,0,9,0,0,0,0,20,0,0,0,0,0,0,0,0,0,0,0,0,0,0,0,0,0,0,0,0,0,8,10,6,11,8,4,0,0,55,0,0,0,0,0,0,0,0,0,0,0,0,0,0,0,0,0,0,0,3,0,0,0,3,0,0,0,0,0,4
10604112630,external,5,16,58,41,34,10,5,0,0,172,11,5,5,8,3,0,0,0,0,31,0,0,0,0,5,0,0,0,0,7,4,0,0,4,0,0,0,0,0,4,20,20,62,51,47,14,7,0,0,215,0,3,0,3,0,0,0,0,0,8,0,0,0,0,0,0,0,0,0,0,0,3,0,3,0,0,0,0,0,11,24,20,65,56,48,14,7,0,0,229,12,0,3,7,0,5,12,8,0,53,0,0,4,0,0,0,0,0,0,8,39,21,70,64,48,14,18,8,0,288,0,17,29,22,16,6,0,0,0,94,9,3,21,29,5,3,0,0,0,66,0,0,4,4,0,0,0,0,0,12,0,0,0,0,0,0,0,0,0,6,9,23,57,51,23,8,3,0,0,176,0,0,0,0,0,0,0,0,0,0,0,0,0,0,0,0,0,0,0,4,0,0,0,0,0,0,0,0,0,8
10604112632,external,0,0,0,0,0,5,0,0,0,12,0,0,0,0,0,0,0,0,0,0,0,0,0,0,0,0,0,0,0,3,0,0,0,0,0,0,0,0,0,0,0,0,3,5,6,0,0,0,0,19,5,0,0,0,0,0,0,0,0,9,0,0,0,0,0,0,0,0,0,0,5,0,0,0,0,0,0,0,0,9,3,0,6,5,8,0,0,0,0,23,8,0,0,4,3,9,11,4,0,32,3,0,7,0,4,4,0,3,0,19,8,5,14,5,12,14,10,8,0,68,0,0,3,0,0,4,0,0,0,9,0,0,0,5,0,4,0,0,0,14,0,0,0,0,0,0,0,0,0,0,0,0,0,0,0,0,0,0,0,0,0,0,3,5,3,4,0,0,0,24,0,0,0,0,0,0,0,0,0,5,0,0,0,0,0,0,0,0,0,0,0,0,0,0,5,0,0,0,0,4
10604112633,external,0,0,3,20,11,8,0,0,0,43,0,0,3,0,0,0,0,0,0,4,0,0,0,0,0,0,3,0,0,6,0,0,0,0,0,0,0,0,0,0,0,0,6,20,12,8,7,0,0,50,0,0,0,0,0,0,0,0,0,0,0,0,0,0,0,0,0,0,0,3,0,0,0,0,0,0,0,0,0,3,6,0,6,20,12,8,8,0,0,48,0,0,0,0,8,4,12,8,0,33,0,0,0,0,0,0,0,0,0,3,5,0,9,20,20,12,18,8,0,84,0,0,4,6,7,9,0,0,0,27,4,0,6,10,0,5,0,0,0,26,0,0,0,3,0,0,0,0,0,7,0,0,0,0,0,0,0,0,0,0,0,3,9,13,16,14,3,0,0,65,0,0,0,0,0,0,0,0,0,0,0,0,0,0,0,0,0,0,0,0,0,0,0,0,0,0,0,0,0,0
10604112634,external,0,3,10,6,7,6,0,0,0,41,0,0,3,0,4,0,0,0,0,10,3,0,0,0,0,0,0,0,0,8,0,0,0,0,0,0,0,0,0,0,0,5,10,7,16,13,0,0,0,55,0,0,3,0,0,0,0,0,0,4,0,0,0,0,0,0,0,0,0,0,0,0,3,0,0,0,0,0,0,4,0,5,16,9,16,13,0,0,0,58,0,0,0,4,0,3,11,3,4,27,0,0,0,0,3,0,0,0,0,6,6,5,13,12,15,14,14,7,4,92,0,0,3,8,5,4,0,0,0,21,0,0,3,3,0,10,0,0,0,18,0,0,0,0,0,0,0,0,0,4,0,0,0,0,0,0,0,0,0,0,0,4,8,10,8,10,0,0,0,41,0,0,0,0,0,0,0,0,0,0,0,0,0,0,0,0,0,0,0,0,0,0,0,0,0,0,0,0,0,0
10604112635,external,0,0,0,0,0,0,0,0,0,0,0,0,0,0,0,0,0,0,0,0,0,0,0,0,0,0,0,0,0,0,0,0,0,0,0,0,0,0,0,0,0,0,0,0,0,0,0,0,0,0,0,0,0,0,0,0,0,0,0,0,0,0,0,0,0,0,0,0,0,0,0,0,0,0,0,0,0,0,0,0,0,0,0,0,0,0,0,0,0,0,0,0,0,0,0,0,0,0,0,0,0,0,0,0,0,0,0,0,0,0,0,0,0,0,0,0,0,0,0,6,0,0,0,0,0,0,0,0,0,0,0,0,0,0,0,0,0,0,0,3,0,0,0,0,0,0,0,0,0,0,0,0,0,0,0,0,0,0,0,0,0,0,0,0,0,0,0,0,0,3,0,0,0,0,0,0,0,0,0,0,0,0,0,0,0,0,0,0,0,0,0,0,0,0,0,0,0,0,0,0
10604112636,external,0,0,17,9,4,7,0,0,0,46,0,6,0,5,3,0,3,0,0,14,0,0,0,0,0,0,0,0,0,0,0,0,0,0,0,0,0,0,0,0,4,5,24,8,10,6,4,0,0,63,0,0,0,0,0,0,0,0,0,8,0,0,0,0,0,0,0,0,0,0,0,0,0,0,0,0,0,0,0,11,8,10,25,18,10,8,4,0,0,73,3,0,4,0,0,9,13,5,0,49,0,0,0,0,0,0,3,0,0,11,11,10,29,20,9,23,24,5,0,133,4,0,10,6,7,8,0,0,0,30,4,0,0,5,4,3,0,0,0,23,0,0,0,0,0,0,0,0,0,4,0,0,0,0,0,0,0,0,0,0,7,3,15,17,6,9,3,0,0,57,0,0,0,0,0,0,0,0,0,0,0,0,6,0,0,0,0,0,0,4,0,0,6,0,0,0,0,0,0,10
10604112637,external,4,17,48,56,30,33,6,0,0,189,7,4,5,3,0,8,0,0,0,31,0,0,6,0,0,5,0,0,0,8,0,0,0,0,0,0,0,0,0,5,8,30,63,62,32,36,7,0,0,237,0,0,3,0,0,0,0,0,0,6,3,0,0,0,0,0,0,0,0,7,3,0,3,5,0,0,0,0,0,10,5,27,65,63,35,36,8,0,0,245,8,0,3,4,3,11,7,12,0,61,0,0,7,5,9,0,5,0,0,20,22,29,77,70,46,50,15,8,0,329,0,13,29,26,15,4,0,0,0,90,10,8,26,19,14,6,5,0,0,81,0,0,12,0,0,0,0,0,0,16,0,0,0,0,0,0,0,0,0,4,10,18,69,43,27,7,5,0,0,188,0,0,0,4,0,0,0,0,0,9,0,0,3,0,0,4,0,0,0,10,0,5,3,3,0,4,0,0,0,11
10604112638,external,0,4,32,23,22,3,3,0,0,94,0,0,3,5,3,0,0,0,0,14,0,0,0,3,0,0,0,0,0,4,0,0,0,0,0,0,0,0,0,0,4,10,40,27,23,8,0,0,0,116,0,0,0,4,0,0,0,0,0,6,3,0,0,0,0,0,0,0,0,3,3,0,0,4,0,0,0,0,0,7,3,7,40,30,26,8,0,0,0,126,9,3,0,0,0,0,3,8,0,29,0,0,7,0,0,0,0,0,0,8,10,15,47,33,26,14,5,4,0,155,3,3,12,14,14,4,4,0,0,52,10,4,11,8,3,0,0,0,0,40,0,0,3,0,0,0,0,0,0,7,0,0,0,6,0,0,0,0,0,6,10,9,27,28,20,6,4,0,0,104,0,0,0,0,0,0,0,0,0,3,0,0,0,0,0,0,0,0,0,0,0,0,0,5,0,0,0,0,0,3
10604112639,external,3,0,14,25,14,8,0,0,0,70,3,0,4,0,0,0,0,0,0,10,0,0,0,0,0,0,0,0,0,3,0,0,0,0,0,0,0,0,0,0,6,0,12,27,16,10,0,0,0,86,0,0,0,0,0,0,0,0,0,0,0,0,0,0,0,0,0,0,0,0,0,0,0,0,0,0,0,0,0,0,9,0,12,27,16,10,4,0,0,86,0,0,0,0,0,8,5,0,0,13,0,0,0,0,0,0,0,0,0,0,12,0,14,29,18,15,4,0,0,99,0,0,11,12,14,3,0,0,0,35,4,0,3,13,4,3,0,0,0,27,0,0,0,4,0,0,0,0,0,0,0,0,0,0,0,0,0,0,0,0,5,0,13,26,21,6,0,0,0,69,0,0,0,0,0,3,0,0,0,3,0,0,0,0,0,0,0,0,0,0,0,0,0,0,0,3,0,0,0,0
10604112701,external,0,0,13,14,11,9,0,0,0,59,3,7,3,5,0,0,0,0,0,25,0,0,0,0,0,0,0,0,0,5,0,0,0,0,0,0,0,0,0,0,5,9,13,17,16,20,7,0,0,84,0,0,0,0,0,0,0,0,0,0,0,0,0,0,0,0,0,0,0,4,0,0,0,0,0,0,0,0,0,0,4,9,13,17,16,20,7,0,0,90,6,0,0,0,6,7,12,17,8,64,0,0,4,0,0,0,3,5,5,21,11,10,22,19,22,25,28,28,17,170,5,3,4,12,9,5,0,0,0,36,3,3,9,4,9,3,0,0,0,34,0,0,0,4,3,0,0,0,0,6,0,0,0,0,0,0,0,0,0,0,4,8,13,21,16,12,0,0,0,74,0,0,0,0,0,0,0,0,0,0,0,0,0,0,0,0,0,0,0,0,0,0,0,0,0,0,0,0,0,0
10604112702,external,0,0,18,28,11,14,5,0,0,79,0,0,3,0,0,0,0,0,0,12,0,0,0,0,0,0,0,0,0,0,0,0,0,0,3,0,0,0,0,4,0,0,23,28,17,16,6,0,0,101,0,0,0,0,0,0,0,0,0,4,0,0,0,0,0,0,0,0,0,0,0,0,0,0,0,0,0,0,0,4,0,0,23,28,21,16,6,0,0,97,3,0,5,4,0,0,0,0,0,14,0,0,0,0,0,0,3,0,0,8,8,3,28,29,21,13,8,8,0,120,0,8,25,9,4,5,5,0,0,58,0,0,5,13,4,6,3,0,0,29,0,0,0,4,0,0,0,0,0,4,0,0,0,0,0,0,0,0,0,0,0,6,27,17,11,11,3,0,0,94,0,0,0,0,0,0,0,0,0,0,0,0,0,0,0,0,0,0,0,0,0,0,0,0,0,0,0,0,0,0
10604112704,external,0,0,0,0,0,0,0,0,0,0,0,0,0,0,0,0,0,0,0,0,0,0,0,0,0,0,0,0,0,0,0,0,0,0,0,0,0,0,0,0,0,0,0,0,0,0,0,0,0,0,0,0,0,0,0,0,0,0,0,0,0,0,0,0,0,0,0,0,0,0,0,0,0,0,0,0,0,0,0,0,0,0,0,0,0,0,0,0,0,0,0,0,0,0,0,0,0,0,0,0,0,0,0,0,0,0,0,0,0,0,0,0,0,0,0,0,0,0,0,0,0,0,0,0,0,0,0,0,0,0,0,0,0,0,0,0,0,0,0,0,0,0,0,0,0,0,0,0,0,0,0,0,0,0,0,0,0,0,0,0,0,0,0,0,0,0,0,0,0,0,0,0,0,0,0,0,0,0,0,0,0,0,0,0,0,0,0,0,0,0,0,0,0,0,0,0,0,0,0,0
10604112705,external,0,5,0,13,6,13,6,0,0,43,0,0,0,4,3,4,6,0,0,15,0,0,0,0,0,0,0,0,0,0,0,0,0,0,0,4,0,0,0,4,0,5,4,12,10,20,3,3,0,62,0,0,0,0,0,0,0,0,0,0,0,0,0,0,0,0,0,0,0,0,0,0,0,0,0,4,0,0,0,4,0,5,4,12,10,20,3,3,0,63,0,0,3,0,0,4,17,4,0,31,0,0,0,4,0,0,3,0,0,10,3,8,7,21,15,30,19,10,0,103,0,0,3,6,6,3,0,0,0,22,0,3,0,3,0,5,5,0,0,21,0,0,0,0,0,0,0,0,0,0,0,0,0,0,0,5,0,0,0,3,0,3,3,10,11,14,5,0,0,48,4,0,0,0,0,0,0,0,0,4,0,0,0,0,0,0,0,0,0,0,4,0,0,0,0,0,0,0,0,4
10604112706,external,9,19,24,22,26,22,8,7,0,128,5,0,0,4,0,3,4,6,0,24,0,0,0,0,0,0,0,0,0,4,0,0,0,0,0,0,0,0,0,3,9,22,24,23,28,26,19,6,0,159,0,0,0,0,0,0,0,0,0,3,0,0,0,0,0,0,0,0,0,0,0,0,0,0,0,0,0,0,0,3,10,22,24,25,28,26,19,6,0,161,6,0,0,3,5,10,10,7,0,45,4,0,3,4,3,3,3,0,0,23,21,21,30,30,39,34,29,13,6,228,9,11,16,6,16,8,3,0,0,63,4,4,4,14,11,7,8,0,0,45,4,0,0,0,0,0,0,0,0,3,0,0,0,0,0,0,0,0,0,4,14,16,14,21,27,11,12,0,0,118,0,0,0,0,0,0,0,0,0,0,0,0,0,0,0,0,0,0,0,0,0,0,0,0,0,0,0,0,0,0
10604112707,external,5,3,8,7,8,4,0,0,0,40,0,3,4,0,0,0,0,0,0,4,0,0,0,0,0,0,0,0,0,6,0,0,0,0,0,0,0,0,0,0,5,9,11,8,11,10,0,0,0,55,0,0,0,0,0,0,0,0,0,0,0,0,0,0,0,0,0,0,0,0,0,0,0,0,0,0,0,0,0,0,5,9,11,8,14,8,0,0,0,53,5,0,0,0,0,0,7,5,0,18,4,0,0,3,0,5,0,0,0,11,12,14,11,11,13,16,9,5,0,85,0,0,3,3,8,6,0,0,0,19,4,0,3,3,10,3,0,0,0,30,0,0,0,0,0,0,0,0,0,5,0,0,0,0,0,0,0,0,0,0,3,4,8,6,15,9,0,0,0,50,0,0,0,0,0,0,0,0,0,0,0,0,0,0,0,0,0,0,0,0,0,0,0,0,0,0,0,0,0,0
10604112708,external,4,9,10,3,13,20,6,5,0,66,0,0,0,0,0,0,0,5,0,14,0,0,0,0,0,3,0,0,0,3,0,0,0,0,0,0,0,0,0,4,7,14,8,6,11,20,6,6,0,85,0,0,0,0,0,0,0,0,0,3,0,0,0,0,0,0,0,0,0,0,0,0,0,0,0,0,0,0,0,3,7,10,8,12,11,20,6,6,0,91,5,0,4,0,6,4,10,6,0,35,0,0,0,0,0,0,0,0,0,11,9,10,15,12,25,27,20,13,4,134,0,3,6,8,3,9,0,0,0,25,5,0,0,3,10,3,4,0,0,28,0,0,0,0,0,0,0,0,0,5,0,0,0,0,0,0,0,0,0,0,3,3,6,8,14,12,4,0,0,53,0,0,0,0,0,0,0,0,0,0,0,0,0,0,0,0,0,0,0,3,0,0,0,0,0,0,0,0,0,3
10604112709,external,0,0,11,13,15,14,3,0,0,55,0,0,0,0,0,0,0,0,0,12,0,0,0,0,0,0,0,0,0,3,0,0,0,0,0,0,0,0,0,4,0,3,13,17,18,14,5,0,0,71,0,0,0,0,0,0,0,0,0,3,0,0,0,0,0,0,0,0,0,0,0,0,0,0,0,0,0,0,0,3,0,3,15,17,18,16,3,0,0,76,3,0,0,6,3,5,12,10,0,36,0,0,0,0,3,3,0,0,0,19,6,3,20,21,22,28,14,13,0,132,0,0,3,7,15,0,0,0,0,33,0,0,3,8,14,5,0,0,0,24,0,0,3,0,0,0,0,0,0,6,0,0,0,0,0,0,0,0,0,0,3,0,9,11,22,12,0,0,0,63,0,0,0,0,0,0,0,0,0,0,0,0,0,0,0,0,0,0,0,0,0,0,0,0,0,0,0,0,0,0
10604112710,external,6,11,22,36,40,26,3,0,0,138,0,0,0,3,8,7,0,0,0,24,0,0,0,0,7,4,0,0,0,13,0,0,0,0,0,0,0,0,0,5,7,11,27,42,54,32,8,0,0,186,0,0,0,0,0,0,0,0,0,5,0,0,0,0,0,0,0,0,0,0,0,0,0,0,0,0,0,0,0,5,11,11,27,42,56,32,8,0,0,192,12,0,0,0,0,9,13,4,0,40,0,0,0,0,0,3,0,0,0,15,23,13,28,45,60,47,24,11,0,246,0,4,12,28,24,16,4,5,0,93,13,0,8,17,22,18,3,4,0,81,0,0,5,4,0,0,0,0,0,11,0,0,0,0,0,0,0,0,0,3,12,4,18,44,45,37,14,3,0,182,0,0,0,0,0,0,0,0,0,0,3,0,0,0,0,0,0,0,0,6,3,0,0,0,0,0,0,0,0,6
10604112711,external,0,3,9,10,12,10,0,0,0,48,4,0,0,0,0,0,0,0,0,13,0,0,0,0,0,0,0,0,0,0,0,0,3,0,0,0,0,0,0,3,5,3,14,14,9,9,0,0,0,61,0,0,0,0,0,0,0,0,0,0,0,0,0,0,0,0,0,0,0,0,0,0,0,0,0,0,0,0,0,4,5,5,14,15,9,9,0,0,0,64,3,0,0,0,4,5,15,7,0,34,0,0,0,0,0,0,0,0,0,6,11,5,21,11,17,18,15,10,0,106,0,6,10,3,3,0,0,0,0,25,6,3,4,9,8,8,0,0,0,32,0,0,0,3,0,0,0,0,0,3,0,0,0,0,0,0,0,0,0,0,6,0,13,13,13,10,0,0,0,54,0,0,0,0,0,0,0,0,0,0,0,0,0,0,0,0,0,0,0,0,0,0,0,0,0,0,0,0,0,0
10604112712,external,3,11,19,18,21,17,5,0,0,87,3,0,0,3,0,6,0,0,0,19,0,0,0,0,0,0,0,0,0,0,0,0,0,0,0,0,0,0,0,6,8,11,26,20,20,24,8,0,0,107,0,0,0,0,0,0,0,0,0,3,0,0,0,0,0,0,0,0,0,0,3,0,0,0,0,0,0,0,0,4,13,11,26,17,20,24,8,0,0,114,3,0,0,0,3,8,25,10,0,56,0,0,0,0,0,0,4,0,0,7,16,8,25,23,26,26,34,11,0,177,4,6,6,6,5,11,0,0,0,46,3,0,12,9,4,11,0,0,0,47,0,0,0,0,0,0,0,0,0,9,0,0,0,0,0,0,0,0,0,0,5,9,22,20,17,25,0,0,0,98,0,0,0,0,0,0,0,0,0,4,0,0,0,0,0,0,0,0,0,3,3,0,0,0,0,0,0,0,0,5
10604112713,external,6,3,8,13,27,11,0,0,0,74,0,0,5,3,4,0,0,0,0,12,0,0,0,0,0,0,0,0,0,0,0,0,0,0,0,0,0,0,0,0,10,3,10,13,25,12,0,3,0,85,0,0,0,0,0,0,0,0,0,0,0,0,0,0,0,0,0,0,0,0,0,0,0,0,0,0,0,0,0,0,10,3,10,13,25,19,0,3,0,90,7,0,0,0,0,4,11,4,0,19,0,0,0,0,3,0,0,0,0,5,12,3,10,13,29,23,12,7,0,116,0,3,0,8,11,8,0,0,0,34,0,0,5,8,11,5,0,3,0,29,4,0,0,0,0,0,0,0,0,6,0,0,0,0,0,0,0,0,0,5,6,0,10,13,24,14,0,0,0,68,0,0,0,0,0,0,0,0,0,0,0,0,0,0,0,0,0,0,0,0,0,0,0,0,0,0,0,0,0,0
10604112714,external,0,9,15,10,11,4,0,0,0,44,0,0,0,0,0,0,0,0,0,7,0,0,0,0,0,3,0,0,0,4,0,0,0,0,0,0,0,0,0,0,0,8,15,10,11,4,0,0,0,52,0,0,0,0,0,0,0,0,0,0,0,0,0,0,0,0,0,0,0,0,0,0,0,0,0,0,0,0,0,0,3,8,15,10,11,4,0,0,0,51,3,0,0,0,0,4,0,0,0,12,0,0,0,0,0,0,0,0,0,5,6,9,14,10,11,10,3,5,0,67,0,0,4,4,6,0,0,0,0,22,4,0,0,9,3,0,3,0,0,20,0,0,0,0,0,0,0,0,0,3,0,0,0,0,0,0,0,0,0,0,3,0,8,13,9,5,3,0,0,45,0,0,0,0,0,0,0,0,0,0,0,0,0,0,0,0,0,0,0,0,0,0,0,0,0,0,0,0,0,0
10604112801,external,0,6,20,12,12,12,0,0,0,60,0,0,3,4,0,0,0,5,0,14,0,0,0,0,0,0,0,0,0,5,0,0,0,0,0,0,0,0,0,0,3,6,20,17,15,18,4,5,0,78,0,0,0,0,5,0,0,0,0,4,0,0,0,0,0,0,0,0,0,0,0,0,0,0,5,0,0,0,0,6,4,6,23,16,15,19,4,5,0,85,3,5,6,0,5,7,16,12,4,53,0,0,6,0,4,0,3,11,5,26,12,9,32,22,21,22,21,19,6,167,0,4,18,8,6,10,3,0,0,38,0,0,4,3,10,0,0,0,0,30,0,0,0,0,0,0,0,0,0,0,0,0,0,0,0,0,0,0,0,0,4,5,21,15,15,9,3,0,0,72,0,0,0,0,0,0,0,0,0,0,0,0,0,0,0,0,0,0,0,5,0,0,0,0,0,0,0,0,0,4
10604112802,external,0,4,18,17,16,14,3,0,0,77,5,0,4,3,4,0,6,0,0,23,0,0,0,0,3,0,0,0,0,3,0,0,0,0,0,0,0,0,0,5,5,4,26,22,23,18,5,0,0,102,0,0,0,0,3,0,0,0,0,8,0,0,0,0,0,5,0,0,0,5,0,0,0,0,3,5,0,0,0,12,5,6,29,20,25,18,5,0,0,114,0,7,8,0,3,6,17,7,5,57,0,3,0,0,0,0,0,0,0,10,8,16,31,27,30,27,25,11,8,185,0,3,7,6,13,6,0,0,0,36,7,5,10,8,7,6,0,0,0,47,0,0,0,0,0,0,0,0,0,5,4,0,0,0,0,0,0,0,0,6,11,7,23,16,21,9,5,0,0,92,0,0,0,0,0,0,0,0,0,4,0,0,0,0,0,0,0,0,0,0,0,0,0,0,0,0,0,0,0,0
10604112803,external,4,0,18,22,12,9,0,0,0,66,0,0,0,6,0,7,3,0,0,17,0,0,0,0,0,0,0,0,0,0,0,0,0,6,0,0,0,0,0,0,8,0,16,28,14,16,4,0,0,92,0,0,0,0,0,0,0,0,0,0,0,0,0,0,0,0,0,0,0,0,0,0,0,0,0,0,0,0,0,4,8,0,16,29,14,15,4,0,0,88,9,0,0,3,0,4,10,15,3,55,0,0,0,3,0,0,0,0,0,9,21,0,24,35,12,18,21,12,10,156,0,0,8,7,13,0,3,0,0,35,0,4,8,0,3,3,3,0,0,23,4,0,0,0,0,0,0,0,0,6,0,0,0,3,0,0,0,0,0,3,4,10,18,12,15,10,5,0,0,64,0,0,0,0,0,0,0,0,0,0,0,0,0,0,0,0,0,0,0,0,0,0,0,0,0,0,0,0,0,0
10604112804,external,0,5,29,19,16,18,7,0,0,97,4,4,7,7,9,3,0,4,0,37,0,0,0,0,0,3,0,0,0,8,0,0,0,0,0,0,0,0,0,0,10,9,40,24,25,24,11,4,0,140,0,0,0,0,0,0,0,0,0,0,0,0,0,0,0,0,0,0,0,0,0,0,0,0,0,0,0,0,0,0,10,10,40,24,24,24,11,4,0,145,4,4,3,4,0,13,19,18,9,69,0,0,0,0,0,0,9,3,0,12,15,12,44,26,28,35,41,20,9,231,0,10,26,28,7,10,0,0,0,81,0,6,9,16,5,14,3,0,0,52,0,0,0,0,0,0,0,0,0,4,0,0,0,0,0,0,0,0,0,0,5,14,35,41,12,23,6,0,0,139,0,0,0,0,0,0,0,0,0,0,0,0,0,0,0,0,0,0,0,0,0,0,0,0,0,0,0,0,0,0
10604112805,external,0,6,5,18,23,10,3,0,0,73,10,0,0,0,0,3,0,0,0,21,0,0,0,0,0,0,0,0,0,0,0,0,0,0,0,0,0,0,0,3,7,6,8,23,23,15,10,5,0,94,0,0,0,0,0,0,0,0,0,0,0,0,0,0,0,0,0,0,0,0,0,0,0,0,0,0,0,0,0,0,7,10,8,23,23,13,10,5,0,95,4,0,0,0,0,3,5,8,0,28,0,3,0,0,11,4,0,3,0,18,18,9,12,23,33,24,11,13,4,143,4,8,7,13,7,7,0,0,0,49,4,0,5,8,10,10,4,0,0,36,0,0,0,3,0,0,0,0,0,3,0,0,0,0,0,0,0,0,0,0,6,7,14,19,21,14,4,0,0,93,0,0,0,0,0,0,0,0,0,0,0,0,0,0,0,0,0,0,0,4,0,0,0,0,0,0,0,0,0,0
10604112806,external,4,7,28,32,37,26,4,0,0,135,8,3,0,4,4,0,3,0,0,25,0,0,3,0,0,0,0,0,0,5,0,0,0,0,0,0,0,0,0,0,9,14,29,38,43,30,5,0,0,168,0,0,0,0,0,0,0,0,0,0,0,0,4,0,0,0,0,0,0,4,0,0,4,0,0,0,0,0,0,4,9,14,26,38,43,30,5,0,0,169,11,3,0,0,0,5,8,27,10,76,0,0,0,0,4,0,0,5,0,7,19,13,32,40,47,42,15,30,10,254,0,6,22,28,31,10,3,0,0,98,8,4,8,14,17,10,0,0,0,56,4,0,0,0,0,0,0,0,0,9,0,0,0,0,0,0,0,0,0,0,14,7,26,43,50,19,3,0,0,162,0,0,0,0,0,0,0,0,0,0,0,0,0,0,0,0,0,0,0,0,0,0,0,0,0,0,0,0,0,0
10604112807,external,0,4,5,10,10,11,8,0,0,46,3,6,0,0,0,3,0,0,0,11,0,0,0,4,0,0,0,0,0,5,0,0,0,0,0,0,0,0,0,0,4,5,5,12,16,10,4,0,0,63,0,0,0,0,0,0,0,0,0,0,0,0,0,0,0,0,0,0,0,0,0,0,0,0,0,0,0,0,0,3,5,5,9,12,16,10,4,0,0,66,0,0,0,0,0,10,8,3,0,29,0,0,3,0,0,4,0,0,0,3,8,5,8,8,18,23,12,3,0,97,0,0,0,5,6,9,3,0,0,25,3,0,3,8,10,5,0,0,0,30,0,0,0,0,0,3,0,0,0,3,0,0,0,0,0,0,0,0,0,0,3,4,4,15,14,14,3,0,0,57,0,0,0,0,0,0,0,0,0,0,0,0,0,0,0,0,0,0,0,0,0,0,0,0,0,0,0,0,0,0
10604112808,external,0,7,18,15,10,18,4,0,0,69,8,0,5,0,0,0,5,0,0,15,0,0,3,5,0,0,0,0,0,6,0,0,0,0,0,0,0,0,0,0,8,4,27,20,10,15,9,0,0,93,0,0,0,0,0,0,0,0,0,0,0,0,0,0,0,0,0,0,0,0,0,0,0,0,0,0,0,0,0,3,5,4,27,20,9,15,9,0,0,91,0,0,0,0,6,7,13,3,0,27,0,0,0,0,0,0,0,0,0,0,10,6,27,20,14,17,22,11,0,121,0,3,16,7,13,5,3,0,0,41,0,5,10,7,0,6,0,0,0,36,0,0,0,0,0,3,0,0,0,3,0,0,0,0,0,0,0,0,0,4,0,9,29,9,11,18,4,0,0,81,0,0,0,0,0,0,0,0,0,0,0,0,0,0,0,0,0,0,0,3,0,0,0,0,0,0,0,0,0,3
10604112809,external,3,6,31,40,13,18,4,0,0,117,3,0,0,3,0,4,3,0,0,23,0,0,0,0,0,0,0,0,0,3,0,0,0,0,0,0,0,0,0,0,13,8,32,38,18,23,8,0,0,148,0,0,0,0,0,0,0,0,0,3,0,0,0,0,0,0,0,0,0,0,0,0,0,0,0,0,0,0,0,3,13,7,32,38,18,27,8,0,0,145,6,6,0,3,3,3,20,5,3,45,0,0,0,0,0,0,0,0,0,6,13,8,35,47,17,30,34,7,3,198,0,11,26,10,12,18,3,0,0,73,11,4,17,16,6,10,3,0,0,72,0,0,6,0,0,0,0,0,0,7,0,0,0,0,0,0,0,0,0,0,11,11,40,31,28,27,7,0,0,161,0,0,0,0,0,0,0,0,0,0,0,0,0,0,0,0,0,0,0,0,0,0,0,0,0,0,0,0,0,0
10604112810,external,7,10,32,39,50,23,0,0,0,161,5,0,0,4,0,4,0,0,0,23,0,3,0,0,0,3,0,0,0,8,0,0,0,0,0,0,0,0,0,3,13,16,38,44,51,27,6,0,0,189,0,0,0,0,0,0,0,0,0,0,0,0,0,0,0,0,0,0,0,3,0,0,0,0,0,0,0,0,0,5,15,13,38,48,51,28,6,0,0,198,9,0,0,4,0,0,13,19,0,51,0,0,0,5,0,0,0,0,0,10,26,14,31,53,53,32,19,19,0,258,0,7,18,31,29,9,3,0,0,96,8,7,4,19,14,3,3,0,0,61,0,0,0,3,0,0,0,0,0,4,0,0,0,0,0,0,0,0,0,0,8,14,26,44,39,18,7,0,0,161,0,0,0,3,0,0,0,0,0,5,0,0,0,0,0,0,0,0,0,0,0,0,0,3,0,0,0,0,0,3
10604112811,external,0,7,29,30,28,14,5,0,0,105,7,0,23,3,3,0,3,0,0,38,0,0,0,0,0,0,0,0,0,0,0,0,0,0,0,0,0,0,0,0,3,8,46,28,26,15,9,0,0,150,0,0,0,0,0,0,0,0,0,4,0,0,0,0,0,0,0,0,0,0,0,0,0,0,0,0,0,0,0,4,3,8,46,30,26,15,9,0,0,149,5,3,5,4,0,9,22,15,5,63,0,3,0,3,0,4,6,0,0,16,9,16,52,40,33,25,38,13,5,229,7,11,17,28,13,5,3,0,0,65,0,3,12,8,7,4,0,0,0,40,0,0,3,0,0,0,0,0,0,4,0,0,0,0,0,0,0,0,0,0,10,14,32,31,17,11,3,0,0,116,0,0,0,0,0,0,0,0,0,3,0,0,0,0,0,0,0,0,0,4,0,0,0,0,0,4,0,0,0,5
10604112812,external,3,11,24,20,22,13,3,0,0,93,4,0,0,4,0,4,0,0,0,16,0,0,0,0,0,0,0,0,0,0,0,0,0,0,0,0,0,0,0,0,6,16,24,19,26,16,8,0,0,105,0,0,0,0,0,0,0,0,0,0,3,0,0,0,0,0,0,0,0,3,6,0,0,0,0,0,0,0,0,5,12,16,24,19,22,16,8,0,0,115,8,3,0,0,6,5,12,6,8,50,0,0,0,0,0,0,0,0,0,3,19,21,27,25,29,24,21,12,8,167,0,5,14,13,12,8,5,0,0,52,8,3,15,3,11,6,4,0,0,46,0,0,0,3,0,3,0,0,0,7,0,0,0,0,0,0,0,0,0,0,4,8,26,21,21,15,4,0,0,110,3,0,0,0,0,0,0,0,0,3,0,0,0,0,3,0,0,0,0,4,3,0,0,0,3,0,0,0,0,3
10604112813,external,3,9,13,15,13,14,0,0,0,70,0,4,4,6,0,4,0,0,0,15,0,0,0,0,0,0,0,0,0,4,0,0,3,0,0,0,0,0,0,3,3,9,26,22,15,21,0,0,0,97,0,0,3,0,0,0,0,0,0,6,0,0,0,0,0,0,0,0,0,0,0,0,3,0,0,0,0,0,0,6,3,13,25,19,15,21,0,0,0,100,3,0,7,9,4,3,15,7,7,42,0,0,5,0,4,0,0,0,0,10,6,8,37,27,26,24,17,8,4,156,3,4,10,11,15,3,0,0,0,56,3,0,11,5,5,8,0,0,0,40,0,0,0,0,4,0,0,0,0,5,0,0,0,0,0,0,0,0,0,0,8,10,28,17,22,17,0,0,0,103,0,0,0,0,0,0,0,0,0,0,0,0,0,0,0,0,0,0,0,4,0,5,0,0,0,0,0,0,0,6
10604112901,external,0,8,4,13,12,9,0,0,0,46,4,0,0,3,0,6,4,0,0,18,0,0,0,0,0,0,0,0,0,9,0,0,0,0,0,0,0,0,0,0,7,12,9,11,14,16,6,0,0,73,3,0,0,0,0,0,0,0,0,4,0,0,0,0,0,0,0,0,0,0,3,0,0,0,0,0,0,0,0,4,8,12,9,15,14,21,6,0,0,77,0,0,0,3,5,11,23,12,3,70,0,0,0,6,0,5,0,0,0,12,15,12,10,20,22,39,27,13,3,158,4,0,9,6,6,10,0,0,0,44,4,6,9,5,9,7,0,0,0,34,0,0,0,0,0,0,0,0,0,0,0,0,0,0,0,0,0,0,0,0,9,9,19,14,16,19,5,0,0,84,0,0,0,0,0,0,0,0,0,0,0,0,0,0,0,0,0,0,0,4,0,0,0,0,0,0,0,0,0,0
10604112902,external,3,4,24,28,17,10,0,0,0,88,0,4,0,0,0,5,9,0,0,16,0,0,0,4,3,0,0,0,0,8,0,0,0,4,0,0,0,0,0,3,3,7,30,30,20,21,9,0,0,124,0,0,0,0,0,0,0,0,0,0,0,0,0,0,0,0,0,0,0,0,0,0,0,0,0,0,0,0,0,4,3,9,30,30,26,21,6,0,0,124,8,0,0,6,10,11,19,9,0,63,0,0,0,0,0,0,0,0,4,7,12,9,31,38,31,31,28,9,7,199,0,3,14,10,9,9,0,0,0,49,12,5,6,8,8,3,3,0,0,44,0,0,6,3,0,0,0,0,0,8,0,0,0,0,0,0,0,0,0,5,12,10,26,18,13,12,3,0,0,100,0,0,0,0,3,0,0,0,0,4,0,0,3,0,0,0,0,0,0,3,0,0,3,0,0,0,0,0,0,4
10604112903,external,6,14,27,25,30,20,0,0,0,123,4,0,8,6,4,3,0,0,0,19,0,0,0,0,0,3,0,0,0,8,0,0,0,0,0,0,0,0,0,0,14,14,29,26,36,22,0,0,0,151,0,0,0,0,0,0,0,0,0,0,0,0,0,0,0,0,0,0,0,3,0,0,0,0,6,0,0,0,0,8,14,13,36,26,38,22,0,0,0,155,18,0,0,4,4,10,25,11,0,66,0,0,0,0,0,3,4,0,0,12,29,17,34,28,49,36,29,12,0,237,0,4,13,9,10,9,0,0,0,65,9,0,12,12,13,9,3,0,0,61,0,0,3,0,0,0,3,0,0,11,0,0,0,0,0,0,0,0,0,0,7,10,31,28,23,23,8,0,0,132,0,0,0,0,0,0,0,0,0,3,0,0,0,0,0,0,0,0,0,5,0,3,0,0,0,0,0,0,0,4
10604112904,external,3,8,10,19,17,11,0,0,0,74,0,0,0,4,0,3,0,0,0,11,0,0,0,0,0,5,0,0,0,4,0,0,0,0,0,0,0,0,0,5,4,11,14,26,21,17,0,0,0,98,0,0,0,0,0,0,0,0,0,3,0,0,0,0,0,0,0,0,0,0,0,0,0,0,0,0,0,0,0,7,4,11,17,24,21,22,0,0,0,103,10,0,0,3,6,8,14,13,0,56,0,0,0,6,0,0,0,3,0,11,14,11,16,28,27,36,20,16,0,167,0,0,9,9,8,5,0,0,0,40,3,3,9,3,6,13,0,0,0,42,0,0,0,0,0,0,0,0,0,0,0,0,0,0,0,0,0,0,0,0,3,9,21,15,14,20,0,0,0,82,0,0,0,0,0,0,0,0,0,0,0,0,0,0,0,0,0,0,0,3,0,0,0,0,0,0,0,0,0,3
10604112905,external,9,3,8,8,17,6,4,0,0,51,0,0,0,4,0,0,5,3,0,14,0,0,0,0,0,0,0,0,0,0,0,0,0,0,0,4,0,0,0,6,7,5,11,11,14,15,9,9,0,76,0,4,0,0,0,0,0,0,0,4,0,0,0,0,0,0,0,0,0,0,0,4,0,0,0,0,0,0,0,4,7,8,11,11,14,15,9,9,0,76,3,0,0,0,3,5,4,7,0,24,0,0,3,0,0,0,0,0,0,10,5,9,13,11,20,20,13,14,0,104,4,3,8,4,3,4,5,0,0,31,0,0,3,4,9,6,4,0,0,23,0,0,0,0,0,0,0,0,0,0,0,0,0,0,0,0,0,0,0,4,8,8,10,13,9,10,7,0,0,58,0,0,0,0,0,0,0,0,0,0,0,0,0,0,0,0,0,0,0,0,0,0,0,0,0,0,0,0,0,0
10604112906,external,0,5,18,18,12,6,11,0,0,73,0,0,0,6,0,0,0,0,0,5,0,0,0,0,0,4,0,0,0,5,0,0,0,0,0,0,0,0,0,5,0,5,20,24,12,13,16,0,0,89,0,0,0,0,0,0,0,0,0,0,0,0,0,0,0,0,0,0,0,0,0,0,0,0,0,0,0,0,0,0,0,5,20,24,12,19,16,0,0,92,3,0,0,0,4,0,5,7,4,22,0,0,3,0,0,0,0,0,0,8,6,5,20,27,12,18,19,7,5,120,3,5,18,8,10,11,0,0,0,62,0,4,0,10,6,7,0,0,0,24,0,0,0,0,0,0,0,0,0,3,4,0,0,0,3,0,0,0,0,8,3,16,22,20,17,14,4,0,0,95,0,0,0,0,0,0,0,0,0,0,0,0,0,0,0,0,0,0,0,0,0,0,0,0,0,0,0,0,0,0
10604112907,external,3,9,14,5,11,22,7,3,0,75,0,0,0,0,0,0,0,0,0,10,0,0,0,0,0,0,0,0,0,7,0,0,0,0,0,0,0,0,0,0,5,9,19,13,16,20,11,6,0,93,0,0,0,0,0,0,0,0,0,0,0,0,0,0,0,0,0,0,0,0,0,0,0,0,0,0,0,0,0,0,5,9,19,13,16,21,11,6,0,96,6,0,0,0,0,7,5,0,0,17,5,0,3,0,8,3,4,0,4,23,10,9,22,13,24,34,17,6,8,134,0,7,9,4,6,13,3,0,0,44,0,0,4,4,6,9,5,0,0,30,0,0,0,0,0,0,0,0,0,3,0,0,0,0,0,0,0,0,0,0,0,8,19,6,11,22,6,5,0,77,0,0,0,0,0,0,0,0,0,0,0,0,0,0,0,0,0,0,0,0,0,0,0,0,0,0,0,0,0,0
10604112908,external,0,7,9,14,18,20,5,0,0,72,0,0,3,0,0,4,8,0,0,18,0,0,0,0,0,0,0,0,0,0,0,0,0,0,0,0,0,0,0,0,5,8,14,11,18,24,10,0,0,97,0,0,0,0,0,0,0,0,0,0,0,0,0,0,0,0,0,0,0,0,0,0,0,0,0,0,0,0,0,0,5,8,14,14,18,24,10,0,0,96,5,0,0,0,4,5,12,10,0,43,0,0,5,6,0,3,5,4,5,20,7,8,13,18,22,32,32,13,5,155,0,0,9,8,12,8,5,0,0,37,8,0,8,3,6,16,6,0,0,48,0,0,0,4,0,0,0,0,0,3,0,0,0,0,0,0,0,0,0,0,3,0,16,13,18,28,9,0,0,94,0,0,0,0,0,0,0,0,0,0,0,0,0,0,0,0,0,0,0,0,0,0,0,0,0,0,0,0,0,0
10604112909,external,9,0,8,8,12,15,5,0,0,57,0,0,0,0,0,4,0,0,0,7,0,0,0,0,0,0,0,0,0,4,0,0,0,0,0,0,0,0,0,0,9,0,10,13,13,21,4,0,0,68,0,0,0,0,0,0,0,0,0,0,0,0,0,0,0,0,0,0,0,0,0,0,0,0,0,0,0,0,0,0,9,0,12,13,13,21,4,0,0,73,5,0,0,5,0,4,10,4,0,27,0,3,0,3,0,4,3,0,0,13,9,4,17,14,19,25,15,4,0,111,3,0,3,8,9,13,0,0,0,35,3,0,6,11,3,4,3,0,0,28,0,0,3,0,0,0,3,0,0,11,0,0,0,0,0,0,0,0,0,0,11,3,9,23,8,17,5,0,0,73,0,0,0,0,0,0,0,0,0,0,0,0,0,0,0,0,0,0,0,0,0,0,0,0,0,0,0,0,0,0
10604112910,external,8,4,18,13,18,19,6,0,0,85,3,0,0,3,4,0,8,0,0,14,0,0,0,0,0,0,0,0,0,3,0,0,0,0,0,6,0,0,0,4,9,0,22,13,26,18,8,0,0,107,0,0,0,0,0,0,0,0,0,3,0,0,0,0,0,0,0,0,0,0,0,0,0,0,0,0,0,0,0,3,9,0,22,21,24,24,8,0,0,108,8,0,0,5,0,0,15,4,0,38,0,0,0,0,0,0,0,0,0,6,15,0,18,20,29,25,28,4,0,154,4,10,15,9,17,7,9,0,0,64,12,6,4,4,10,11,7,0,0,46,0,0,0,0,0,0,0,0,0,0,5,0,0,0,0,0,0,0,0,3,15,10,14,21,21,12,13,0,0,115,0,0,0,0,0,0,0,0,0,0,0,0,0,0,0,0,0,0,0,0,0,0,0,0,0,0,0,0,0,0
10604112911,external,0,4,0,5,13,9,3,0,0,35,0,0,0,0,0,0,3,0,0,11,0,0,0,0,5,0,0,0,0,5,0,0,0,0,0,0,0,0,0,4,0,4,4,5,16,13,8,0,0,49,0,0,0,0,0,0,0,0,0,0,0,0,0,0,0,0,0,0,0,0,0,0,0,0,0,0,0,0,0,0,0,4,4,5,16,13,8,0,0,52,0,0,3,0,0,3,9,3,0,18,0,0,0,0,0,0,0,0,0,4,4,8,4,5,17,15,12,6,5,72,0,6,0,5,7,0,0,0,0,25,4,0,0,4,0,0,4,0,0,20,0,0,0,0,0,0,0,0,0,3,0,0,0,0,0,0,0,0,0,0,7,6,0,6,15,13,4,0,0,46,0,0,0,0,0,0,0,0,0,0,0,0,0,0,0,0,0,0,0,0,0,0,0,0,0,0,0,0,0,0
10604112912,external,0,3,4,8,13,12,10,6,0,57,0,0,0,0,0,5,4,0,0,8,0,0,0,0,0,0,0,0,0,5,0,0,0,0,0,0,0,0,0,0,0,6,10,18,7,13,17,8,0,70,0,0,0,0,0,0,0,0,0,0,0,0,0,0,0,0,0,0,0,0,0,0,0,0,0,0,0,0,0,4,0,3,10,13,7,13,17,10,0,78,5,0,0,0,4,5,11,7,0,30,0,0,0,0,0,0,0,0,0,0,5,3,12,17,14,19,32,19,0,107,0,4,9,3,4,4,3,0,0,28,0,0,5,7,5,6,3,0,0,34,0,0,0,0,0,0,0,0,0,4,0,0,0,0,0,0,0,0,0,0,0,4,14,12,10,14,7,3,0,59,0,0,0,0,0,0,0,0,0,0,0,0,0,0,0,0,0,0,0,0,0,0,0,0,0,0,0,0,0,0
10604112913,external,8,14,11,9,26,25,11,0,0,100,0,0,0,0,10,0,0,0,0,17,0,0,0,0,0,4,0,0,0,0,0,0,0,0,0,0,0,0,0,3,3,12,11,12,35,23,14,0,0,124,0,0,0,0,0,0,0,0,0,0,0,0,0,0,0,0,0,0,0,0,0,0,0,0,0,0,0,0,0,5,3,12,17,12,32,23,14,0,0,126,4,0,0,0,0,0,9,3,0,21,5,3,0,4,0,0,5,0,0,15,14,19,19,16,34,27,29,5,3,167,3,4,5,6,12,8,3,0,0,56,4,6,0,10,6,5,6,0,0,39,0,0,0,0,0,0,0,0,0,5,0,0,0,0,0,0,4,0,0,5,3,11,9,17,26,19,14,0,0,99,0,0,0,0,0,0,0,0,0,0,0,0,0,0,0,0,0,0,0,0,0,0,0,0,0,0,0,0,0,0
10604112914,external,0,6,8,11,12,3,3,0,0,36,0,0,4,5,0,0,0,0,0,13,0,0,0,0,0,0,0,0,0,0,0,0,0,0,0,0,0,0,0,0,0,6,10,14,12,4,3,0,0,48,0,0,0,0,0,0,0,0,0,0,0,0,0,0,0,0,0,0,0,0,3,0,0,0,0,0,0,0,0,7,0,6,14,14,12,5,3,0,0,56,7,0,5,3,0,5,11,7,9,40,0,0,0,0,0,3,0,0,0,6,12,6,17,21,13,9,19,7,9,108,0,0,6,9,5,4,0,0,0,21,3,0,3,3,6,9,4,0,0,25,0,0,0,0,0,0,0,0,0,0,0,0,0,0,0,0,0,0,0,0,3,0,10,10,8,10,0,0,0,49,0,0,0,0,0,0,0,0,0,0,0,0,0,0,0,0,0,0,0,0,0,0,0,0,0,0,0,0,0,0
10604112915,external,0,12,3,10,8,0,4,0,0,35,3,3,0,0,0,0,0,0,0,10,0,0,0,0,0,0,0,0,0,0,0,0,0,0,0,0,0,0,0,5,0,11,6,8,12,4,0,0,0,52,0,0,0,0,0,0,0,0,0,0,0,0,0,0,0,0,0,0,0,0,0,0,0,0,0,0,0,0,0,6,0,11,6,13,12,5,0,0,0,52,0,3,0,0,3,7,20,7,0,41,0,0,4,0,0,0,7,0,0,7,3,14,10,15,13,11,23,8,0,105,0,0,6,7,3,9,0,0,0,30,6,3,0,0,5,3,0,0,0,23,0,0,0,0,0,0,0,0,0,3,0,0,0,0,0,0,0,0,0,0,3,4,13,10,8,11,0,0,0,54,0,0,0,0,0,0,0,0,0,0,0,0,0,0,0,0,0,0,0,0,0,0,0,0,0,0,0,0,0,3
10604112916,external,4,0,16,15,11,9,3,0,0,59,3,0,0,0,0,3,6,0,0,12,0,0,0,0,0,0,0,0,0,6,0,0,0,0,0,3,0,0,0,11,7,5,21,16,12,15,8,3,0,80,0,0,0,0,0,0,0,0,0,3,0,0,0,0,0,0,0,0,0,0,0,0,0,0,0,0,0,0,0,9,7,5,21,20,16,15,8,3,0,89,3,0,0,0,7,6,25,17,11,70,4,5,0,3,3,4,0,4,3,22,8,11,20,22,27,28,36,23,17,187,0,3,7,7,5,3,0,0,0,29,0,4,5,12,9,7,0,0,0,38,0,0,0,0,0,0,0,0,0,5,0,0,0,0,0,0,0,0,0,4,6,8,14,20,16,10,7,0,0,75,0,0,0,0,0,0,0,0,0,0,0,0,0,0,0,0,0,0,0,0,0,0,0,0,0,0,0,0,0,0
10604112917,external,0,4,16,16,5,9,5,0,0,60,0,0,0,0,3,0,0,0,0,6,0,0,0,0,0,0,0,0,0,0,0,0,0,0,0,0,0,0,0,5,0,4,16,18,16,9,12,3,0,66,0,0,0,0,0,0,0,0,0,3,0,0,0,0,0,0,0,0,0,0,0,0,0,0,0,0,0,0,0,3,0,0,10,18,16,9,12,3,0,73,8,0,0,0,3,5,12,8,3,36,0,0,0,3,0,0,0,0,0,10,9,0,18,19,18,14,22,11,3,115,0,0,5,3,7,5,0,0,0,24,0,0,10,5,5,7,5,0,0,30,0,0,0,0,0,0,0,0,0,0,0,0,0,0,0,0,3,0,0,4,5,0,11,11,13,13,3,3,0,54,0,0,0,0,0,0,0,0,0,4,0,0,0,0,0,0,0,0,0,0,0,0,0,0,0,0,0,0,0,4
10604112918,external,6,4,9,12,20,11,5,0,4,71,0,0,0,0,0,5,0,0,0,5,0,0,0,0,0,0,0,0,0,3,0,0,0,0,0,0,0,0,0,3,8,4,10,14,16,18,7,4,4,83,0,0,0,0,0,0,0,0,0,0,0,0,0,0,0,0,0,0,0,0,0,0,0,0,0,0,0,0,0,0,6,4,10,14,16,18,7,4,4,84,3,0,0,0,0,0,3,5,0,16,0,0,0,7,0,0,0,0,0,8,9,3,11,18,23,15,13,6,4,107,0,3,9,7,9,0,0,0,0,27,0,4,7,8,3,4,3,0,0,34,0,0,0,0,0,0,0,0,0,0,0,0,0,0,0,0,0,0,0,0,0,10,14,12,12,3,9,3,0,63,0,0,0,0,0,0,0,0,0,0,0,0,0,0,0,0,0,0,0,0,0,0,0,0,0,0,0,0,0,3
10604112919,external,0,0,11,4,12,5,6,0,0,34,0,0,0,0,0,0,0,0,0,3,0,0,0,0,0,0,0,0,0,0,0,0,0,0,0,0,0,0,0,3,0,0,11,4,12,8,8,0,0,43,0,0,0,0,0,0,0,0,0,4,0,0,0,0,0,0,0,0,0,0,0,0,0,0,0,0,0,0,0,5,0,6,11,4,12,11,7,0,0,46,0,0,0,0,0,3,11,0,0,24,0,0,0,0,0,0,0,0,0,6,5,8,13,5,11,20,15,0,0,73,0,0,0,0,7,10,0,0,0,16,0,0,0,0,0,0,3,0,0,7,0,0,0,0,0,0,0,0,0,0,0,0,0,0,0,0,0,0,0,0,0,4,4,3,5,9,3,0,0,26,0,0,0,0,0,0,0,0,0,5,0,0,0,0,0,0,0,0,0,0,0,0,0,0,0,0,0,0,0,3
10604112920,external,3,11,21,18,21,24,11,3,0,114,0,0,0,3,0,7,6,0,0,15,0,0,0,0,0,0,0,0,0,3,0,0,0,0,0,0,0,0,0,4,4,10,23,26,24,26,15,5,0,135,0,0,0,0,0,0,0,0,0,0,0,0,0,0,0,0,0,0,0,0,0,0,0,0,0,0,0,0,0,0,4,10,23,26,24,24,15,5,0,134,5,0,0,0,0,10,3,9,0,24,0,0,0,0,0,0,0,0,0,5,11,10,21,29,24,33,21,6,0,159,9,3,17,12,16,4,6,0,0,61,4,5,5,15,3,13,3,0,0,49,0,0,0,0,0,0,0,0,0,3,0,0,0,0,0,0,0,0,0,0,9,13,21,26,20,17,3,5,0,112,0,0,0,0,0,0,0,0,0,0,0,0,0,0,0,0,0,0,0,0,0,0,0,0,0,0,0,0,0,0
10604112921,external,4,3,12,11,9,8,9,0,0,52,0,0,0,0,4,3,4,3,0,22,0,0,0,0,0,0,0,0,0,0,0,0,0,0,0,0,0,0,0,0,5,3,12,14,14,10,5,5,0,78,0,0,0,0,0,0,0,0,0,0,0,0,0,0,0,0,0,0,0,3,0,0,0,0,0,0,0,0,0,5,5,3,16,14,18,10,9,5,0,79,4,0,3,0,0,17,19,22,3,77,0,0,0,3,0,0,0,0,0,5,7,8,22,18,19,28,33,29,3,159,0,3,8,4,11,0,0,0,0,18,3,0,3,12,3,4,6,4,0,34,0,0,0,0,0,0,0,0,0,6,0,0,0,0,0,0,0,0,0,5,3,6,9,16,19,10,11,4,0,66,0,0,0,0,0,0,0,0,0,5,0,0,0,0,0,0,0,0,0,0,0,0,0,0,0,0,0,0,0,5
10604112922,external,0,6,7,15,11,12,0,0,0,57,0,0,4,0,0,3,4,0,0,18,0,0,0,0,0,0,0,0,0,4,0,0,0,0,0,0,0,0,0,3,0,9,12,15,10,15,10,0,0,73,0,0,0,0,0,3,0,0,0,4,0,0,0,0,0,0,0,0,0,0,0,0,0,0,0,3,0,0,0,12,4,12,11,18,13,17,10,0,0,85,6,0,4,0,4,17,24,16,12,87,0,0,0,0,0,3,5,4,0,16,8,10,14,20,24,37,40,21,12,187,0,0,0,10,7,14,3,0,0,32,3,5,4,4,10,9,0,0,0,40,0,0,0,0,5,0,0,0,0,7,0,0,0,0,0,0,0,0,0,5,0,5,7,16,24,21,8,0,0,81,0,0,0,0,0,0,0,0,0,0,0,0,0,0,0,7,0,0,0,7,0,0,0,0,0,7,0,0,0,7
10604112923,external,4,6,16,19,30,28,15,0,0,119,0,3,0,0,5,8,3,3,0,24,0,0,0,0,5,5,0,0,0,4,0,0,0,3,0,5,0,0,0,8,3,4,16,26,37,42,17,3,0,158,0,0,5,0,0,3,0,0,0,8,0,0,0,0,0,0,0,0,0,3,0,0,3,0,0,4,0,0,0,12,3,4,20,27,41,45,17,3,0,167,9,0,5,0,5,18,27,13,4,91,0,0,0,5,9,9,7,3,0,29,21,9,27,28,50,72,52,20,7,288,0,5,6,13,17,14,3,0,0,57,9,0,10,10,11,14,9,6,0,70,0,0,0,0,5,0,0,0,0,6,0,0,0,0,0,0,0,0,0,8,11,11,19,23,32,32,10,0,0,137,0,0,0,0,3,0,0,0,0,7,0,0,0,0,0,0,0,0,0,3,0,0,0,0,3,0,0,0,0,7
11101120601,core,0,0,6,4,5,0,0,0,0,23,0,0,3,0,4,0,0,0,0,3,0,0,0,0,0,0,0,0,0,0,0,0,0,0,0,0,0,0,0,0,0,0,9,4,3,0,0,0,0,25,0,0,0,0,0,0,0,0,0,0,0,0,0,0,0,0,0,0,0,0,0,0,0,0,0,0,0,0,0,5,0,0,7,4,3,0,0,0,0,24,0,0,0,0,0,0,17,33,10,62,0,0,0,0,0,0,0,0,9,6,0,0,9,4,3,4,18,33,20,93,0,0,0,6,3,0,0,0,0,11,0,0,3,4,3,4,0,0,0,11,0,0,0,0,0,0,0,0,0,0,0,0,0,0,0,0,0,0,0,0,0,0,3,10,3,4,4,0,0,25,0,0,0,0,0,0,0,0,0,0,0,0,0,0,0,0,0,0,0,0,0,0,0,0,0,0,0,0,0,0
11101120602,core,3,6,14,6,17,10,3,0,0,59,6,0,0,0,5,5,0,0,0,24,0,0,0,0,0,0,0,0,0,6,0,0,0,0,0,0,0,0,0,0,9,8,16,10,28,10,3,0,0,87,0,0,0,0,0,0,0,0,0,0,0,0,0,0,0,0,0,0,0,0,0,0,0,0,0,0,0,0,0,0,9,8,16,10,28,17,3,0,0,87,0,0,0,0,0,0,15,8,9,32,0,0,0,0,0,0,3,0,0,4,9,12,13,12,27,17,20,9,7,119,0,6,7,7,11,9,0,0,0,41,9,3,7,11,6,5,0,0,0,40,0,0,0,0,0,0,0,0,0,3,0,0,0,0,0,0,0,0,0,3,12,8,13,12,23,10,3,0,0,83,0,0,0,0,0,0,0,0,0,0,0,0,0,0,0,0,0,0,0,0,0,0,0,0,0,0,0,0,0,9
11101120603,core,0,5,8,15,10,3,3,0,0,47,0,3,5,3,0,0,0,0,0,11,0,0,0,0,0,0,0,0,0,0,0,0,0,0,0,0,0,0,0,0,3,4,8,15,9,5,3,0,0,55,0,0,0,0,0,0,0,0,0,0,0,0,0,0,0,0,0,0,0,0,0,0,0,0,0,0,0,0,0,3,3,4,13,15,16,5,3,0,0,59,3,0,0,0,0,3,10,13,0,34,0,0,4,3,0,0,0,0,0,9,3,9,20,17,13,8,15,12,3,106,0,4,8,5,6,4,0,0,0,19,7,0,3,7,4,3,0,0,0,24,4,0,6,3,0,0,0,0,0,4,0,0,0,0,0,0,0,0,0,0,10,3,14,15,7,7,0,0,0,53,0,0,0,0,0,0,0,0,0,0,0,0,0,0,0,0,0,0,0,3,0,0,0,0,0,0,0,0,0,3
11101120604,core,0,4,8,15,16,19,0,0,0,58,0,0,0,0,0,9,4,0,0,15,0,0,3,0,0,3,0,0,0,12,0,0,0,0,0,0,0,0,0,0,0,12,12,9,15,26,4,0,0,88,0,0,0,0,0,3,0,0,0,3,0,0,0,0,0,0,0,0,0,0,0,0,0,0,0,3,0,0,0,5,9,12,12,9,17,26,4,0,0,91,6,0,0,0,8,6,17,13,0,48,0,0,0,3,0,0,0,0,0,3,8,16,15,15,24,36,14,15,0,138,0,4,3,8,12,8,0,0,0,33,4,5,10,11,10,13,0,0,0,54,0,0,0,0,0,0,0,0,0,8,0,0,0,0,0,0,0,0,0,0,4,8,15,17,22,23,3,0,0,90,0,0,0,0,0,0,0,0,0,0,0,0,0,0,0,0,0,0,0,0,0,0,0,0,0,0,0,0,0,4
11101120605,core,3,3,13,15,17,11,0,0,0,65,0,3,8,4,9,0,4,0,0,25,0,0,0,0,0,0,0,0,0,6,0,0,0,0,0,0,0,0,0,0,5,5,25,22,23,11,4,0,0,97,0,0,0,0,0,0,0,0,0,7,0,0,0,0,0,0,0,0,0,0,0,0,0,0,0,0,0,0,0,7,5,11,26,21,23,11,4,0,0,97,5,0,0,10,8,7,13,6,3,56,4,0,0,0,0,0,0,0,0,15,13,10,27,30,29,19,20,6,3,164,0,5,9,4,9,9,0,0,0,27,5,4,15,17,7,10,0,0,0,54,0,0,4,3,0,3,0,0,0,12,0,0,0,4,0,0,0,0,0,4,5,3,24,22,15,19,0,0,0,98,0,0,0,0,0,0,0,0,0,0,0,0,0,4,0,0,0,0,0,7,0,0,0,4,0,0,0,0,0,12
11101120606,core,0,11,14,17,19,17,6,0,0,74,5,0,3,0,0,4,0,6,0,16,0,0,0,0,0,3,0,0,0,5,0,0,4,0,0,0,0,0,0,3,5,11,17,21,17,25,8,7,0,100,0,0,0,3,4,0,0,0,0,7,0,0,0,0,0,0,0,0,0,4,0,0,0,3,4,0,0,0,0,6,0,9,19,21,19,26,8,7,0,111,3,7,0,8,9,19,29,22,16,113,0,0,0,6,0,4,3,5,5,22,8,17,22,27,25,51,41,34,21,244,0,6,10,9,7,0,0,0,0,35,5,3,3,11,11,13,0,0,0,51,0,0,0,0,0,3,3,0,0,6,0,0,0,0,0,0,0,0,0,3,3,5,19,20,25,21,0,5,0,102,0,0,0,0,4,0,0,0,0,3,0,0,0,0,0,0,0,0,0,3,0,0,0,0,4,0,0,0,0,5
11101120607,core,0,0,0,0,0,0,0,0,0,0,0,0,0,0,0,0,0,0,0,0,0,0,0,0,0,0,0,0,0,0,0,0,0,0,0,0,0,0,0,0,0,0,0,0,0,0,0,0,0,0,0,0,0,0,0,0,0,0,0,0,0,0,0,0,0,0,0,0,0,0,0,0,0,0,0,0,0,0,0,0,0,0,0,0,0,0,0,0,0,0,0,0,0,0,0,0,0,0,0,0,0,0,0,0,0,0,0,0,0,0,0,0,0,0,0,0,0,0,0,0,0,0,0,0,0,0,0,0,0,0,0,0,0,0,0,0,0,0,0,0,0,0,0,0,0,0,0,0,0,0,0,0,0,0,0,0,0,0,0,0,0,0,0,0,0,0,0,0,0,0,0,0,0,0,0,0,0,0,0,0,0,0,0,0,0,0,0,0,0,0,0,0,0,0,0,0,0,0,0,0
11101120608,core,0,7,17,10,13,7,0,0,0,52,0,4,8,0,0,5,0,0,0,18,0,0,0,0,0,0,0,0,0,5,0,0,0,0,0,0,0,0,0,0,0,9,23,10,14,12,6,0,0,77,0,0,0,0,0,0,0,0,0,4,0,0,0,0,0,0,0,0,0,3,0,0,0,0,0,0,0,0,0,4,4,9,22,14,14,13,6,0,0,82,3,3,3,5,0,3,6,3,0,32,0,0,0,0,0,0,4,0,0,3,6,6,29,18,18,23,13,8,0,116,0,0,8,8,10,9,0,0,0,43,3,7,5,8,3,0,0,0,0,23,0,0,3,0,0,0,0,0,0,9,0,0,0,0,0,0,0,0,0,0,4,6,13,19,14,9,0,0,0,73,0,0,0,0,0,0,0,0,0,0,0,0,0,0,0,0,0,0,0,0,0,0,0,0,0,0,0,0,0,0
11101120609,core,7,5,25,16,13,6,0,0,0,75,0,0,3,8,6,12,0,0,0,23,0,0,0,0,0,0,0,0,0,5,0,0,0,0,0,0,0,0,0,0,12,6,26,26,15,19,0,0,0,106,0,0,4,3,0,0,0,0,0,3,0,0,0,0,0,0,0,0,0,0,0,0,4,3,0,0,0,0,0,6,12,6,34,28,17,23,0,0,0,112,8,0,3,0,0,9,15,15,22,73,0,0,0,3,3,0,0,0,0,13,12,14,32,27,22,23,16,24,21,194,0,5,10,3,12,6,0,0,0,42,3,8,7,11,7,6,4,0,0,50,0,3,4,3,0,0,0,0,0,9,0,0,0,0,0,0,0,0,0,0,4,15,23,18,27,16,0,0,0,105,0,0,0,0,0,0,0,0,0,0,0,0,0,0,0,0,0,0,0,3,0,0,3,0,0,0,0,0,0,6
11101120610,core,10,15,16,35,45,24,0,0,0,144,6,16,10,3,3,8,0,0,0,47,3,0,0,0,5,0,0,0,0,12,0,0,0,0,0,0,0,0,0,0,21,29,25,44,46,33,3,0,0,200,0,0,0,0,0,0,0,0,0,6,3,0,0,0,0,0,0,0,0,3,3,0,0,0,0,0,0,0,0,8,22,25,27,42,46,33,3,0,0,210,10,6,5,0,7,9,33,18,8,100,0,0,0,0,0,0,0,0,0,0,31,34,38,49,58,42,37,18,13,313,0,3,14,18,23,10,0,0,0,72,11,8,6,30,22,19,0,0,0,96,0,0,0,0,0,5,0,0,0,8,0,0,0,0,0,0,0,0,0,0,11,17,22,51,49,29,0,0,0,179,0,0,0,0,0,0,0,0,0,0,0,0,0,0,0,0,0,0,0,3,0,0,0,0,0,0,0,0,0,3
11101120611,core,5,15,16,25,32,4,0,0,0,96,6,3,0,5,0,4,0,0,0,26,0,0,0,0,0,0,0,0,0,9,0,0,0,0,0,0,0,0,0,3,13,19,19,27,31,10,0,0,0,126,0,0,3,3,0,0,0,0,0,9,0,0,0,0,0,0,0,0,0,4,0,0,3,3,0,0,0,0,0,8,15,24,22,34,33,10,0,0,0,133,3,0,0,4,0,4,21,13,0,46,0,0,0,0,0,0,0,0,0,5,16,25,23,31,38,14,20,11,0,190,0,7,15,10,17,4,0,0,0,50,3,5,7,8,11,6,0,0,0,47,3,0,4,3,0,0,0,0,0,8,0,0,0,0,0,0,0,0,0,4,7,9,26,24,28,12,0,0,0,103,0,0,0,0,0,0,0,0,0,0,0,0,0,0,0,0,0,0,0,3,0,0,0,0,0,0,0,0,0,4
11101120612,core,0,10,21,26,18,22,3,0,0,105,3,9,7,6,3,4,6,0,0,25,0,0,0,0,9,4,0,0,0,9,0,0,0,0,0,0,0,0,0,0,5,16,31,30,28,27,10,0,0,144,0,0,0,0,0,0,0,0,0,4,0,0,0,0,0,0,0,0,0,0,0,0,3,0,0,0,0,0,0,6,5,20,32,32,28,27,10,0,0,152,3,0,0,0,0,9,31,20,3,72,0,0,0,0,0,0,3,0,0,6,11,20,31,34,26,36,40,20,3,222,0,4,13,9,16,5,4,0,0,54,7,3,14,11,8,13,3,0,0,52,0,3,3,4,3,0,0,0,0,16,0,0,0,0,0,0,0,0,0,0,7,10,30,25,24,17,4,0,0,119,0,0,0,0,0,0,0,0,0,0,0,0,0,0,0,0,0,0,0,0,0,0,0,0,0,0,0,0,0,4
11101120613,core,0,9,18,21,6,4,0,0,0,68,3,5,6,0,4,0,0,0,0,22,0,0,0,0,0,0,0,0,0,4,0,0,0,0,0,0,0,0,0,0,9,11,24,25,13,5,0,0,0,86,0,0,0,0,0,0,0,0,0,3,0,0,0,0,0,0,0,0,0,0,0,0,0,0,0,0,0,0,0,3,9,17,24,27,13,7,0,0,0,92,0,0,4,3,5,7,9,4,3,38,0,0,0,3,0,0,0,0,0,3,9,17,27,29,17,18,10,4,3,138,3,0,9,4,8,4,0,0,0,34,3,6,6,15,8,4,0,0,0,40,0,0,0,0,0,0,0,0,0,5,0,0,0,0,0,0,0,0,0,0,4,8,25,24,14,8,0,0,0,77,0,0,0,0,0,0,0,0,0,0,0,0,0,0,0,0,0,0,0,0,0,0,0,0,0,0,0,0,0,0
11101120614,core,0,5,11,13,13,6,3,0,0,55,0,5,0,0,3,4,0,0,0,14,0,0,0,0,0,0,0,0,0,3,0,0,0,0,0,0,0,0,0,0,0,4,11,12,12,9,3,0,0,67,0,0,0,0,0,0,0,0,0,0,3,0,0,0,0,0,0,0,0,4,3,0,0,0,0,0,0,0,0,4,4,4,13,12,12,9,3,0,0,72,4,0,0,0,4,5,11,16,3,49,0,0,0,0,0,0,0,0,0,0,11,6,16,15,16,18,19,16,3,123,0,5,7,4,10,6,0,0,0,34,0,3,8,6,4,0,0,0,0,23,0,0,0,0,0,0,0,0,0,6,0,0,0,0,0,0,0,0,0,0,7,0,13,12,12,13,0,0,0,63,0,0,0,0,0,0,0,0,0,0,0,0,0,0,0,0,0,0,0,0,0,0,0,0,0,0,0,0,0,0
11101120615,core,6,9,23,26,25,22,0,0,0,104,5,3,3,5,3,5,0,0,0,28,0,0,5,0,0,0,0,0,0,6,0,0,0,0,0,0,0,0,0,3,11,14,34,30,28,24,6,0,0,141,0,0,0,0,0,0,0,0,0,0,0,0,0,0,0,0,0,0,0,0,0,0,4,0,0,0,0,0,0,4,11,15,33,30,28,24,6,0,0,146,5,0,5,4,0,16,29,15,0,86,0,3,0,0,0,0,0,0,0,8,24,21,37,32,30,35,32,15,0,234,0,6,9,16,16,14,0,0,0,61,9,9,10,12,19,10,4,0,0,67,3,0,3,0,0,0,0,0,0,4,0,0,0,0,0,0,0,0,0,0,12,9,21,34,35,21,5,0,0,142,0,0,0,0,0,0,0,0,0,6,0,0,0,0,0,0,0,0,0,0,0,0,0,0,0,0,0,0,0,9
11101120616,core,3,4,14,23,13,8,0,0,0,67,0,0,5,6,4,0,5,0,0,26,0,0,0,0,0,0,0,0,0,9,0,0,0,0,0,0,0,0,0,0,5,3,13,26,19,13,8,3,0,94,0,0,0,0,0,0,0,0,0,0,0,0,0,0,0,0,0,0,0,0,0,0,0,0,0,0,0,0,0,0,5,3,17,26,19,13,8,3,0,98,3,0,4,0,0,3,26,4,0,48,0,0,0,0,4,0,0,0,0,7,8,12,22,26,26,18,31,4,0,150,0,0,13,7,8,7,0,0,0,39,9,7,7,20,7,10,7,0,0,57,5,0,0,3,0,0,0,0,0,5,0,0,0,0,0,0,0,0,0,0,12,7,17,25,18,13,6,0,0,99,0,0,0,0,0,0,0,0,0,0,0,0,0,0,0,0,0,0,0,0,0,0,0,0,0,0,0,0,0,0
11101120617,core,4,6,11,9,8,6,0,0,0,40,0,0,5,0,0,0,3,0,0,15,0,0,0,0,0,0,0,0,0,4,0,0,0,0,0,0,0,0,0,0,5,7,16,11,11,9,0,0,0,54,0,0,0,0,0,0,0,0,0,4,0,0,0,0,0,0,0,0,0,0,0,0,0,0,0,0,0,0,0,4,5,10,16,14,12,9,0,0,0,60,9,0,0,0,0,3,23,12,6,51,0,0,0,0,0,0,0,0,0,0,11,8,16,15,12,7,27,12,5,114,0,3,8,6,7,3,0,0,0,23,3,3,5,12,9,5,5,0,0,37,0,0,0,0,0,0,0,0,0,3,0,0,0,0,0,0,0,0,0,0,3,6,10,13,17,6,5,0,0,61,0,0,0,0,0,0,0,0,0,0,0,0,0,0,0,0,0,0,0,0,0,0,0,0,0,0,0,0,0,0
11101120618,core,0,3,15,18,25,15,0,0,0,80,4,4,4,8,0,0,3,0,0,21,0,0,0,4,0,0,0,0,0,3,0,0,0,0,0,0,0,0,0,0,4,5,16,23,24,19,4,0,0,101,0,0,0,4,0,0,0,0,0,8,5,0,0,0,0,0,0,0,0,3,3,0,4,4,0,0,0,0,0,11,6,9,16,25,24,19,4,0,0,110,6,0,0,0,5,15,13,12,0,55,0,0,0,0,0,0,0,0,0,0,17,13,20,29,30,27,15,12,0,170,0,3,5,4,20,7,0,0,0,38,8,3,5,12,9,10,0,0,0,59,0,0,0,0,3,0,0,0,0,4,0,0,0,0,0,0,0,0,0,0,8,10,13,19,30,22,0,0,0,102,0,0,0,0,0,0,0,0,0,0,0,0,0,0,0,0,0,0,0,5,0,0,0,0,0,0,0,0,0,5
11101120619,core,5,3,18,25,21,19,4,0,0,86,10,3,0,9,0,0,5,0,0,20,0,0,0,0,0,0,0,0,0,0,0,0,0,0,0,0,0,0,0,0,14,11,15,28,23,15,3,0,0,111,0,0,0,0,0,0,0,0,0,6,3,0,0,0,0,0,0,0,0,6,3,0,0,0,0,0,0,0,0,8,12,13,15,26,25,18,3,0,0,125,6,0,5,0,0,8,31,19,4,73,0,0,0,3,0,0,4,0,0,5,17,14,19,33,33,24,38,21,4,199,0,3,6,10,19,8,0,0,0,44,7,3,9,22,10,12,4,0,0,63,0,0,0,3,0,0,0,0,0,7,0,0,0,0,0,0,0,0,0,0,11,10,22,34,23,17,8,0,0,119,0,0,0,0,0,0,0,0,0,5,0,0,0,0,0,0,0,0,0,0,0,0,3,0,0,0,0,0,0,3
11101120620,core,0,3,17,19,31,19,3,0,0,86,7,0,0,4,4,4,3,4,0,26,0,0,0,0,0,0,0,0,0,0,0,0,0,0,0,0,0,0,0,0,3,4,20,21,35,23,6,4,0,110,0,0,0,3,0,0,0,0,0,3,0,0,0,0,0,0,0,0,0,0,0,0,0,3,0,0,0,0,0,3,3,4,20,25,35,23,6,4,0,113,0,0,0,6,5,8,33,11,3,60,0,0,0,0,0,0,0,0,0,0,5,4,23,24,34,27,34,15,3,176,0,0,10,4,14,12,0,0,0,45,3,0,10,12,14,15,7,0,0,59,0,0,0,0,0,0,0,0,0,5,0,0,0,0,0,0,0,0,0,3,8,6,20,15,31,23,7,0,0,104,0,0,0,0,0,0,0,0,0,0,0,0,0,0,0,0,0,0,0,3,0,0,0,0,0,0,0,0,0,3
11101120621,core,3,14,4,18,26,25,0,0,0,88,4,3,0,3,4,0,4,0,0,21,0,0,0,0,0,0,0,0,0,3,0,0,0,0,0,0,0,0,0,0,7,18,9,20,31,23,6,0,0,116,0,0,0,0,0,0,0,0,0,0,0,0,0,0,0,0,0,0,0,0,0,0,0,0,0,0,0,0,0,3,11,18,13,20,31,23,3,0,0,118,0,3,0,0,5,11,16,13,0,60,0,0,5,0,4,0,0,0,0,12,11,16,12,23,34,35,25,13,5,180,0,0,4,8,18,16,0,0,0,47,13,10,6,8,21,8,0,0,0,65,0,0,3,4,0,0,0,0,0,12,0,0,0,0,0,0,0,0,0,0,13,10,17,17,37,23,0,0,0,125,0,0,0,0,0,0,0,0,0,0,0,0,0,0,0,0,0,0,0,0,0,0,0,0,0,0,0,0,0,0
11101120622,core,0,5,18,16,13,17,0,0,0,68,8,5,4,7,3,0,0,0,0,21,0,0,0,0,0,4,0,0,0,0,0,0,0,0,5,0,0,0,0,5,9,13,17,22,18,17,6,0,0,93,0,4,0,0,0,0,0,0,0,4,0,0,0,0,0,0,0,0,0,0,0,4,0,0,0,0,0,0,0,5,9,14,18,21,18,20,6,0,0,103,5,0,4,0,3,7,24,11,6,59,0,0,0,0,0,0,3,0,0,4,11,14,23,21,19,26,27,11,6,163,0,4,9,10,18,10,4,0,0,51,4,0,10,8,6,11,3,0,0,38,0,0,0,4,0,0,0,0,0,8,0,0,0,0,0,0,0,0,0,6,4,3,18,20,23,24,10,0,0,95,0,0,0,0,0,0,0,0,0,0,4,0,0,0,0,3,0,0,0,11,4,0,0,0,0,3,0,0,0,8
11101120623,core,3,12,21,24,27,21,0,0,0,106,10,4,7,0,5,5,3,0,0,34,0,0,0,0,0,0,0,0,0,0,0,0,0,3,0,0,0,0,0,5,15,14,30,27,29,28,3,5,0,143,0,0,5,0,0,0,0,0,0,8,0,0,0,0,0,0,0,0,0,4,0,0,5,0,0,0,0,0,0,9,12,13,33,27,34,28,3,3,0,149,4,3,0,3,3,19,29,18,10,91,0,0,0,0,0,7,0,0,0,5,21,14,37,29,39,49,33,22,12,255,3,8,8,8,20,11,0,0,0,55,7,10,12,8,7,15,0,0,0,62,0,0,4,5,0,6,0,0,0,13,0,0,0,0,0,0,0,0,0,4,14,15,31,18,31,27,0,0,0,134,0,0,0,0,0,0,0,0,0,3,5,0,0,0,0,0,0,0,0,6,5,0,0,0,0,0,0,0,0,6
11101120624,core,0,3,13,19,18,12,0,0,0,69,4,0,6,0,8,0,4,0,0,23,0,0,3,0,0,0,0,0,0,7,0,0,0,0,0,0,0,0,0,0,3,9,18,19,24,12,3,0,0,93,0,5,0,0,0,0,0,0,0,0,0,0,0,0,0,0,0,0,0,4,0,4,0,0,0,0,0,0,0,8,7,14,18,19,24,13,9,0,0,103,0,0,0,0,0,12,17,10,3,49,0,0,0,0,0,4,0,0,0,9,5,10,19,22,24,31,23,8,3,155,3,4,6,10,6,13,0,0,0,44,3,7,6,10,8,7,4,0,0,49,3,0,0,0,0,0,0,0,0,5,0,0,0,0,0,0,0,0,0,0,10,9,13,22,22,21,4,0,0,98,0,0,0,0,0,0,0,0,0,0,0,0,0,0,0,3,0,0,0,5,0,0,0,0,0,3,0,0,0,7
11101120625,core,4,10,15,29,33,11,0,0,0,96,6,7,3,5,4,6,0,0,0,34,0,0,0,0,0,0,0,0,0,0,0,0,0,0,0,0,0,0,0,0,9,17,18,37,33,20,0,0,0,136,0,0,0,0,0,0,0,0,0,0,0,0,0,0,0,0,0,0,0,5,0,3,0,0,0,0,0,0,0,3,11,22,18,37,40,20,0,0,0,140,8,0,0,6,4,5,10,5,0,32,0,0,0,0,0,3,0,0,0,3,20,20,20,35,41,24,10,6,0,175,0,8,4,15,15,6,0,0,0,49,10,0,8,21,14,4,0,0,0,54,0,0,0,6,0,0,0,0,0,9,0,0,0,0,0,0,0,0,0,0,15,6,15,40,29,14,0,0,0,117,0,0,0,0,0,0,0,0,0,0,0,0,0,0,0,0,0,0,0,5,0,0,0,0,0,0,0,0,0,5
11101120626,core,6,11,25,33,20,12,4,0,0,114,10,5,3,4,4,0,0,0,0,27,4,0,4,0,0,4,0,0,0,11,0,0,0,0,0,0,0,0,0,0,9,17,34,37,27,14,4,0,0,150,0,0,0,0,0,0,0,0,0,0,4,0,0,0,0,0,0,0,0,9,4,0,0,0,0,0,0,0,0,6,16,19,36,37,27,14,4,0,0,157,3,5,0,3,0,9,24,8,0,63,3,0,0,5,0,7,0,0,0,11,23,21,38,46,35,32,30,8,0,230,0,7,11,22,13,10,0,0,0,64,10,9,14,15,23,12,0,0,0,82,0,0,5,0,0,3,0,0,0,9,0,0,0,0,0,0,0,0,0,0,15,12,32,33,34,21,4,0,0,153,0,0,0,0,0,0,0,0,0,0,0,0,0,0,0,0,0,0,0,0,0,0,0,0,0,0,0,0,0,0
11101120627,core,4,0,9,14,27,28,5,0,0,90,9,9,3,0,0,9,0,0,0,29,0,0,0,0,3,0,0,0,0,7,0,4,0,0,0,0,0,0,0,3,13,12,11,15,31,36,3,0,0,129,0,0,0,0,0,0,0,0,0,0,0,0,0,0,0,0,0,0,0,0,0,0,0,0,0,0,0,0,0,7,15,12,17,15,33,36,4,0,0,131,3,3,4,3,0,10,33,18,7,79,0,0,0,0,0,0,0,0,0,0,21,11,21,19,35,39,44,18,7,215,0,0,8,14,15,11,0,0,0,51,7,7,9,12,19,14,3,0,0,71,0,3,0,4,5,0,0,0,0,15,0,0,0,0,0,0,0,0,0,0,8,11,18,24,35,27,3,0,0,141,0,0,0,0,0,0,0,0,0,0,0,0,0,0,0,0,0,0,0,0,0,0,0,0,0,0,0,0,0,0
11101120628,core,8,5,19,15,19,8,0,0,0,69,9,7,6,4,7,3,0,0,0,35,0,0,0,0,0,0,0,0,0,4,0,0,0,0,0,0,0,0,0,0,12,12,24,26,25,18,0,0,0,117,0,0,0,0,0,0,0,0,0,0,0,0,0,0,0,0,0,0,0,0,0,0,0,0,0,0,0,0,0,0,12,10,24,26,25,18,0,0,0,116,3,4,3,3,0,11,16,4,0,50,0,0,0,0,0,0,0,0,0,4,13,17,30,24,28,26,19,5,0,174,0,5,4,8,17,3,0,0,0,47,11,10,12,10,12,14,0,0,0,79,0,0,4,0,0,0,0,0,0,10,0,0,0,0,0,0,0,0,0,3,20,16,20,27,33,20,3,0,0,137,0,0,0,0,0,0,0,0,0,0,0,0,0,0,0,0,0,0,0,4,0,0,0,0,0,0,0,0,0,4
11101120629,core,4,5,13,5,12,3,5,0,0,38,3,4,3,0,0,0,0,0,0,16,0,0,0,0,0,0,0,0,0,0,0,0,0,0,0,0,0,0,0,0,6,9,13,6,15,4,3,3,0,60,0,0,0,0,0,0,0,0,0,3,0,0,0,0,0,0,0,0,0,5,0,3,0,0,0,0,4,0,0,8,6,9,13,7,15,9,3,3,0,66,4,0,0,0,4,20,54,28,8,118,0,0,3,0,0,0,4,3,3,21,9,11,18,8,18,27,56,37,10,201,0,0,4,0,7,5,0,0,0,14,3,3,4,0,3,10,0,0,0,25,0,0,3,0,0,0,0,0,0,5,0,0,0,0,0,0,0,0,0,0,5,8,13,4,7,11,0,0,0,51,0,0,0,0,0,0,0,0,0,0,0,0,0,0,0,0,0,0,0,0,0,0,0,0,0,0,0,0,0,6
11101120630,core,0,9,11,10,15,10,6,0,0,53,3,8,0,0,3,5,4,0,0,22,3,0,0,0,0,0,0,0,0,6,0,0,0,0,0,0,0,0,0,0,6,10,12,9,23,15,14,4,0,89,0,0,0,0,0,0,0,0,0,0,0,0,0,0,0,0,0,0,0,0,0,0,0,0,0,0,0,0,0,0,6,10,11,9,23,15,14,4,0,94,0,0,4,7,6,4,18,22,9,69,3,4,4,0,0,4,0,0,0,17,6,22,19,14,25,24,31,21,9,177,0,0,10,0,4,10,0,0,0,22,0,3,6,4,7,6,8,0,0,33,0,0,0,0,0,5,0,0,0,8,0,0,0,0,0,0,0,0,0,5,3,3,13,8,12,15,8,0,0,63,0,0,0,0,0,0,0,0,0,0,0,0,0,0,0,0,0,0,0,3,0,0,0,0,0,0,0,0,0,6
11101120631,core,0,5,16,10,5,7,5,0,0,48,0,0,9,4,0,0,3,0,0,17,6,0,0,0,0,4,0,0,0,6,0,0,0,0,0,0,0,0,0,3,0,11,24,15,10,10,4,0,0,74,5,0,0,0,0,0,0,0,0,8,0,0,0,0,0,0,0,0,0,0,5,0,0,0,0,0,0,0,0,6,3,12,24,14,10,10,4,0,0,82,6,0,5,3,9,5,22,9,5,65,4,0,4,4,0,0,0,0,0,19,15,13,36,24,17,22,27,11,5,165,0,0,6,3,6,3,0,0,0,16,0,8,9,7,6,3,0,0,0,35,0,0,0,0,0,0,0,0,0,6,0,0,0,0,0,0,0,0,0,0,0,6,16,9,10,10,0,0,0,62,0,0,0,0,0,0,0,0,0,6,0,0,0,0,0,0,0,0,0,0,0,0,0,3,0,0,0,0,0,8
11101120632,core,3,6,20,17,13,13,0,0,0,60,4,0,3,0,4,0,0,0,0,14,0,0,0,0,0,0,0,0,0,4,0,0,0,0,0,0,0,0,0,4,8,6,22,20,13,13,0,0,0,80,0,0,0,0,0,0,0,0,0,0,0,0,0,0,0,0,0,0,0,0,0,0,0,0,0,0,0,0,0,0,8,4,22,20,13,13,0,0,0,82,3,3,0,9,0,3,11,10,3,45,0,4,3,0,0,0,0,0,0,9,16,7,30,24,14,20,9,10,6,132,0,3,13,7,12,0,0,0,0,38,4,0,10,10,5,5,0,0,0,40,0,0,0,0,3,0,0,0,0,3,0,0,0,0,0,0,0,0,0,4,3,12,19,15,23,6,0,0,0,87,0,0,0,0,0,0,0,0,0,0,5,0,0,0,0,0,0,0,0,4,5,0,0,0,0,0,0,0,0,3
11101120633,core,0,12,32,11,26,13,0,0,0,90,4,4,4,7,7,10,0,0,0,37,0,0,3,0,5,0,3,0,0,10,0,0,0,0,0,0,0,0,0,0,4,11,38,20,33,17,4,0,0,140,0,0,0,4,0,0,0,0,0,5,3,0,0,0,0,0,0,0,0,6,3,0,0,4,0,0,0,0,0,11,10,16,39,25,33,17,7,0,0,147,6,3,9,7,11,13,25,19,12,108,0,5,5,3,6,0,0,3,9,36,18,21,51,39,45,37,33,22,28,290,0,13,16,19,9,10,0,0,0,70,8,6,16,12,13,4,4,0,0,57,0,0,7,0,0,0,0,0,0,9,0,0,0,0,0,0,0,0,0,3,9,17,37,23,23,21,3,0,0,138,0,0,0,0,0,0,0,0,0,6,4,0,0,0,0,0,0,0,0,3,3,0,3,5,0,0,0,0,0,12
11101120634,core,0,6,31,24,25,13,0,0,0,96,3,4,6,3,6,3,0,0,0,33,0,0,0,0,0,0,0,0,0,5,0,0,0,0,0,0,0,0,0,6,11,13,34,24,26,19,3,0,0,135,0,0,0,0,3,0,0,0,0,8,0,0,0,0,0,0,0,0,0,0,3,0,0,0,3,0,0,0,0,10,11,13,42,29,28,19,3,0,0,144,5,0,0,8,3,11,14,11,4,55,0,0,0,0,0,0,0,0,0,0,17,14,39,29,37,33,21,14,4,197,0,3,19,10,19,8,0,0,0,64,7,11,20,15,14,10,0,0,0,83,0,0,4,0,4,0,0,0,0,9,0,0,0,0,0,0,0,0,0,0,10,18,43,29,35,21,0,0,0,155,0,0,0,0,0,0,0,0,0,3,0,0,0,0,0,0,0,0,0,8,4,0,0,0,0,0,0,0,0,10
11101120635,core,4,0,3,3,10,5,0,0,0,38,4,0,8,0,0,0,4,0,0,17,0,0,0,0,0,0,0,0,0,0,0,0,0,0,0,0,0,0,0,0,4,3,9,3,15,5,4,0,0,52,0,0,0,0,0,0,0,0,0,0,0,0,0,0,0,0,0,0,0,0,0,0,0,0,0,0,0,0,0,6,8,3,9,3,15,13,4,0,0,51,0,0,0,0,0,6,12,33,16,64,0,0,0,0,0,0,0,0,0,0,8,8,9,9,15,17,14,33,16,119,0,0,0,4,3,4,0,0,0,12,0,4,5,4,12,4,7,0,0,31,0,0,0,0,0,0,0,0,0,0,0,0,0,0,0,0,0,0,0,0,0,8,3,12,14,7,7,0,0,46,0,0,0,0,0,0,0,0,0,0,0,0,0,0,0,0,0,0,0,0,0,0,0,0,0,0,0,0,0,0
11101120636,core,0,3,15,7,10,0,4,0,0,36,0,0,8,0,0,0,0,0,0,5,0,0,0,0,0,5,0,0,0,3,0,0,0,0,0,0,0,0,0,0,0,3,17,6,10,5,5,0,0,52,0,0,0,0,0,0,0,0,0,4,0,6,0,0,0,0,0,0,0,4,0,6,0,0,0,0,0,0,0,5,4,6,19,8,7,5,5,0,0,54,4,0,7,3,4,11,15,9,0,61,0,3,0,4,0,0,0,0,0,12,8,14,29,13,13,23,20,9,0,132,0,0,4,8,5,3,0,0,0,25,0,4,3,8,6,7,0,0,0,28,0,0,3,0,0,0,0,0,0,4,0,0,0,0,0,0,0,0,0,0,0,3,14,15,14,12,0,0,0,64,0,0,0,0,0,0,0,0,0,3,0,0,0,0,0,0,0,0,0,3,0,0,0,3,0,0,0,0,0,10
11101120637,core,5,3,20,19,15,16,0,0,0,74,5,0,4,3,6,5,0,0,0,21,0,0,0,0,0,0,0,0,0,4,0,0,0,0,0,0,0,0,0,0,9,4,25,20,19,25,0,0,0,95,0,0,3,0,0,0,0,0,0,3,0,0,0,0,0,0,0,0,0,0,0,0,3,0,0,0,0,0,0,3,11,4,27,24,19,23,0,0,0,103,5,0,0,3,5,7,18,12,0,54,3,0,0,0,0,0,0,0,0,6,16,5,28,30,22,31,18,12,0,163,0,3,5,6,10,4,0,0,0,38,3,0,13,13,5,13,0,0,0,49,0,0,0,0,0,0,0,0,0,8,0,0,0,0,0,0,0,0,0,0,3,9,19,22,18,21,0,0,0,95,0,0,0,0,0,0,0,0,0,0,0,0,0,0,0,0,0,0,0,0,0,0,0,0,0,0,0,0,0,0
11101120638,core,3,7,21,11,26,18,5,0,0,95,7,0,4,6,0,11,6,0,0,36,0,0,0,0,0,0,0,0,0,3,0,0,0,0,0,0,0,0,0,3,11,10,31,22,30,25,10,0,0,132,0,0,4,0,0,0,0,0,0,3,0,0,0,0,0,0,0,0,0,0,0,0,6,0,0,0,0,0,0,10,12,10,33,22,30,25,10,0,0,142,8,0,0,0,0,12,23,12,7,73,0,0,0,0,0,3,0,0,0,7,13,13,33,22,27,51,36,17,7,218,0,0,18,6,15,10,0,0,0,55,12,12,7,19,11,9,3,0,0,67,0,0,5,0,0,6,0,0,0,15,0,0,0,0,0,0,0,0,0,0,12,18,30,27,31,20,6,0,0,142,0,0,0,0,0,0,0,0,0,0,0,0,0,0,0,0,0,0,0,7,0,0,3,0,0,0,0,0,0,6
11101120639,core,0,5,12,13,11,9,5,3,0,60,0,0,3,8,6,6,0,0,0,17,0,0,0,0,0,0,0,0,0,0,0,0,0,0,0,0,0,0,0,0,0,5,18,21,17,15,3,3,0,81,0,0,0,0,3,0,0,0,0,6,0,0,0,0,0,0,0,0,0,0,0,0,0,0,3,0,0,0,0,6,0,7,18,25,22,15,6,3,0,81,5,0,0,0,6,15,32,20,3,91,0,0,0,0,3,6,0,0,0,13,7,3,16,26,31,35,41,24,5,181,0,3,3,7,3,4,0,0,0,25,0,0,3,6,4,14,0,0,0,33,0,0,7,0,4,0,0,0,0,11,0,0,0,0,0,0,0,0,0,0,0,3,16,21,14,18,0,0,0,66,0,0,0,0,0,0,0,0,0,0,0,0,0,0,0,0,0,0,0,0,0,0,0,0,0,0,0,0,0,0
11101120640,core,0,0,14,16,21,20,0,0,0,87,6,5,0,0,0,6,12,5,0,26,0,0,0,0,0,6,4,0,0,5,0,0,0,0,0,0,0,0,0,0,9,3,14,16,24,33,15,4,0,117,0,0,0,0,0,0,0,0,0,0,0,0,0,0,0,0,0,0,0,4,0,0,0,0,0,0,0,0,0,4,9,3,14,16,29,32,18,4,0,120,3,4,5,0,0,14,31,17,5,81,0,0,0,0,0,0,0,0,0,0,16,5,21,16,30,39,48,18,5,197,0,3,7,9,13,6,5,0,0,45,6,5,0,5,11,15,4,0,0,49,3,0,0,0,0,0,0,0,0,5,0,0,0,0,0,0,0,0,0,0,11,3,13,20,29,24,7,0,0,105,0,0,0,0,0,0,0,0,0,0,4,0,0,0,0,0,0,0,0,0,4,0,0,0,0,3,0,0,0,3
11101120641,core,0,7,10,8,21,27,0,0,0,80,3,4,0,0,0,3,0,0,0,17,0,0,0,3,0,0,0,0,0,8,0,0,0,0,0,0,0,0,0,0,8,11,10,11,27,33,0,0,0,100,0,0,0,0,0,0,0,0,0,3,0,0,0,0,0,0,0,0,0,0,0,0,0,0,0,0,0,0,0,4,14,11,10,13,27,32,0,0,0,105,7,0,0,0,4,9,26,13,0,65,0,0,0,0,0,0,0,0,0,0,18,17,14,14,33,35,28,13,0,174,0,8,0,11,15,3,0,0,0,33,12,3,0,5,20,12,4,0,0,59,0,4,4,0,0,3,0,0,0,12,0,0,0,0,0,0,0,0,0,0,15,11,7,17,33,21,4,0,0,104,0,0,0,0,0,0,0,0,0,0,0,0,0,0,0,0,0,0,0,0,0,0,0,0,0,0,0,0,0,3
11101120642,core,0,3,4,7,13,8,0,0,0,42,8,3,5,3,0,7,0,0,0,19,0,0,0,0,0,0,0,0,0,3,0,0,0,0,0,0,0,0,0,0,4,11,11,14,17,7,0,0,0,65,0,0,0,0,0,0,0,0,0,4,0,0,0,0,0,0,0,0,0,0,0,0,0,0,0,0,0,0,0,4,10,10,10,14,17,7,0,0,0,69,6,0,0,0,0,4,14,14,5,52,0,0,0,0,0,0,0,0,0,0,10,10,11,15,18,16,15,14,5,125,0,0,4,6,7,12,0,0,0,35,4,3,3,5,13,4,0,0,0,35,0,0,4,0,0,0,0,0,0,10,0,0,0,0,0,0,0,0,0,0,7,3,12,12,20,16,3,0,0,72,0,0,0,0,0,0,0,0,0,0,0,0,5,3,0,0,0,0,0,6,0,0,5,0,0,0,0,0,0,6
11101120701,core,0,0,10,13,21,13,0,0,0,64,0,0,5,0,3,5,0,0,0,16,0,0,0,0,0,3,0,0,0,9,0,0,0,0,0,0,0,0,0,0,3,3,13,16,24,23,3,3,0,91,4,0,0,0,0,0,0,0,0,3,0,0,0,0,0,0,0,0,0,0,3,0,0,0,0,0,0,0,0,9,8,3,13,16,24,22,5,3,0,93,0,0,6,5,4,11,30,16,0,78,0,0,0,0,0,0,0,0,0,0,11,6,15,24,29,37,30,18,5,179,0,4,8,13,16,9,0,0,0,45,5,0,0,8,8,5,4,0,0,38,0,0,0,0,4,0,0,0,0,7,0,0,0,0,0,0,0,0,0,5,9,11,10,20,32,15,4,0,0,98,0,0,0,0,0,0,0,0,0,4,0,4,0,0,4,0,0,0,0,9,0,4,0,3,5,0,0,0,0,10
11101120702,core,5,7,13,18,22,23,0,0,0,88,5,4,0,3,9,11,0,0,0,41,0,0,0,0,0,0,0,0,0,9,0,0,0,0,0,0,0,0,0,4,14,14,9,19,35,32,0,0,0,139,0,0,5,0,0,0,0,0,0,4,0,0,0,0,0,0,0,0,0,0,0,0,5,0,0,0,0,0,0,7,14,17,14,21,35,37,0,0,0,146,8,0,0,6,4,5,22,9,4,52,0,0,4,0,0,5,0,0,0,7,15,17,22,21,42,44,25,9,3,204,0,5,6,11,17,16,3,0,0,55,3,9,10,8,15,15,0,0,0,70,0,0,0,4,0,0,0,0,0,3,0,0,0,0,0,0,0,0,0,0,9,18,18,18,35,31,4,0,0,136,0,0,0,0,0,0,0,0,0,0,0,0,0,0,0,0,0,0,0,0,0,0,0,0,0,0,0,0,0,7
11101120703,core,0,7,4,10,20,14,0,0,0,67,9,4,0,3,3,5,0,0,0,23,3,0,0,0,0,3,0,0,0,8,0,0,0,0,0,0,0,0,0,3,9,13,14,16,29,22,7,0,0,96,0,0,0,0,0,0,0,0,0,3,0,0,0,0,0,0,0,0,0,3,3,0,0,0,3,0,0,0,0,8,14,13,14,15,28,21,7,0,0,106,4,0,0,0,0,13,16,22,4,58,0,0,0,0,0,0,3,0,0,0,17,14,14,19,31,30,23,22,3,171,4,4,4,5,14,3,0,0,0,30,3,9,3,7,15,3,0,0,0,48,0,0,4,0,0,0,0,0,0,6,0,0,0,0,0,0,0,0,0,0,7,9,12,15,26,11,0,0,0,84,0,0,0,0,0,0,0,0,0,0,0,0,0,0,0,0,0,0,0,5,0,0,0,0,0,0,0,0,0,5
11101120704,core,0,0,3,9,12,4,3,0,0,34,0,0,6,0,3,0,0,0,0,11,0,0,0,0,0,3,3,0,0,6,0,0,0,0,0,0,0,0,0,0,0,6,10,9,13,13,3,0,0,56,0,0,0,0,0,0,0,0,0,3,0,0,0,0,0,0,0,0,0,3,0,0,0,0,0,0,0,0,0,5,4,9,10,12,13,13,3,0,0,58,0,0,0,0,0,6,13,3,0,30,0,0,0,0,0,0,0,0,0,7,6,9,6,14,18,17,19,5,0,94,0,7,0,5,4,8,0,0,0,22,0,4,6,3,4,3,0,0,0,29,0,0,0,0,0,3,0,0,0,4,0,0,0,0,0,0,0,0,0,0,6,5,11,13,14,15,0,0,0,55,0,0,0,0,0,0,0,0,0,0,0,0,0,0,0,0,0,0,0,0,0,0,0,0,0,0,0,0,0,0
11101120705,core,0,3,4,14,12,13,8,0,0,55,0,4,7,8,0,0,0,0,0,17,0,0,0,0,4,0,5,0,0,5,0,0,0,0,0,0,0,0,0,0,0,10,8,23,19,14,7,0,0,80,0,0,0,0,0,0,0,0,0,5,0,0,0,0,0,0,0,0,0,0,0,0,0,0,0,0,0,0,0,7,4,10,13,24,19,15,12,0,0,84,9,0,0,0,4,17,31,18,0,78,0,0,4,0,0,3,6,0,0,13,8,12,15,25,28,32,44,20,0,178,0,5,7,5,11,10,0,0,0,38,6,8,5,10,9,14,7,0,0,48,0,0,0,0,0,5,0,0,0,10,0,0,0,0,0,0,0,0,0,4,12,12,15,16,21,24,6,0,0,104,0,0,0,0,0,0,0,0,0,0,0,0,0,0,0,0,0,0,0,4,0,0,0,0,0,0,0,0,0,4
11101120706,core,4,0,13,15,4,8,0,0,0,44,4,0,3,9,3,8,0,0,0,21,0,0,0,0,0,0,0,0,0,6,0,0,0,0,0,0,0,0,0,0,9,0,14,17,10,15,0,0,0,64,0,0,0,0,0,0,0,0,0,5,0,0,0,0,0,0,0,0,0,0,0,0,3,0,0,0,0,0,0,8,9,6,13,17,15,15,0,0,0,72,0,0,0,5,6,11,20,5,0,47,0,0,0,3,0,3,0,0,0,12,10,9,15,22,20,32,27,10,0,135,0,0,9,3,0,8,0,0,0,18,5,3,7,10,8,3,0,0,0,34,0,0,4,0,3,0,0,0,0,10,0,0,0,0,0,0,0,0,0,0,3,10,13,11,14,10,0,0,0,61,0,0,0,0,0,0,0,0,0,0,0,0,0,0,0,0,0,0,0,3,0,0,0,0,0,0,0,0,0,5
11101120707,core,0,3,10,11,4,8,0,0,0,43,0,0,0,3,7,4,0,0,0,17,0,0,0,0,0,0,0,0,0,3,0,0,0,0,0,0,0,0,0,0,0,5,11,16,15,16,0,0,0,64,0,0,0,0,0,0,0,0,0,8,0,0,0,0,0,0,0,0,0,0,0,0,0,0,0,3,0,0,0,6,0,5,14,14,15,18,0,0,0,67,3,0,4,3,3,18,30,10,8,88,0,0,0,0,0,4,5,3,0,15,4,6,14,20,21,40,41,14,8,165,3,0,9,3,8,3,5,0,0,33,4,5,0,7,13,7,5,0,0,30,0,0,0,0,0,0,0,0,0,3,0,0,0,0,0,0,0,0,0,4,4,4,18,11,16,11,4,0,0,69,0,0,0,0,0,0,0,0,0,0,0,0,0,0,0,0,0,0,0,3,0,0,0,0,0,0,0,0,0,3
11101120708,core,0,4,11,9,23,18,0,0,0,63,4,0,4,0,3,0,4,0,0,23,0,0,0,0,0,4,0,0,0,0,0,0,0,0,0,0,0,0,0,0,0,9,13,13,29,23,4,0,0,86,0,0,0,0,0,0,0,0,0,0,0,0,0,0,0,0,0,0,0,0,0,0,0,0,0,0,0,0,0,0,4,9,11,13,29,21,4,0,0,91,5,5,0,0,6,7,34,17,8,82,0,0,0,0,4,0,3,0,0,11,15,9,14,16,38,37,41,19,8,180,0,8,8,4,12,14,0,0,0,36,8,4,6,11,13,9,8,0,0,54,0,0,0,0,0,3,0,0,0,7,0,0,0,0,0,0,0,0,0,0,8,8,13,8,23,24,8,0,0,91,4,0,0,0,0,0,0,0,0,0,0,0,0,0,0,0,0,0,0,0,4,0,0,0,0,0,0,0,0,3
11101120709,core,0,8,10,11,14,11,0,0,0,52,3,5,3,4,6,4,0,0,0,27,0,0,0,0,0,0,0,0,0,5,0,0,0,0,0,0,0,0,0,0,3,13,14,16,20,14,0,0,0,80,0,3,0,0,6,3,0,0,0,13,0,0,0,0,3,0,0,0,0,3,0,3,0,0,6,3,0,0,0,18,3,15,20,12,29,14,0,0,0,101,13,0,10,3,14,18,20,11,3,92,0,0,0,0,0,0,4,0,0,7,19,19,30,18,43,32,27,11,3,193,0,4,8,6,11,5,0,0,0,36,4,3,14,7,9,12,0,0,0,56,0,0,3,4,0,0,0,0,0,5,0,0,0,0,0,0,0,0,0,0,9,12,22,18,20,13,5,0,0,99,0,0,0,0,0,0,0,0,0,4,0,0,0,0,0,0,0,0,0,4,0,0,0,0,4,5,0,0,0,6
11101120710,core,0,0,0,0,0,0,0,0,0,0,0,0,0,0,0,0,0,0,0,0,0,0,0,0,0,0,0,0,0,0,0,0,0,0,0,0,0,0,0,0,0,0,0,0,0,0,0,0,0,0,0,0,0,0,0,0,0,0,0,0,0,0,0,0,0,0,0,0,0,0,0,0,0,0,0,0,0,0,0,0,0,0,0,0,0,0,0,0,0,0,0,0,0,0,0,0,0,0,0,0,0,0,0,0,0,0,0,0,0,0,0,0,0,0,0,0,0,0,0,0,0,0,0,0,0,0,0,0,0,0,0,0,0,0,0,0,0,0,0,0,0,0,0,0,0,0,0,0,0,0,0,0,0,0,0,0,0,0,0,0,0,0,0,0,0,0,0,0,0,0,0,0,0,0,0,0,0,0,0,0,0,0,0,0,0,0,0,0,0,0,0,0,0,0,0,0,0,0,0,0
11101120711,core,0,9,3,16,19,8,6,0,0,49,0,0,0,4,0,4,0,0,0,9,0,0,0,0,0,5,0,0,0,3,0,0,0,0,0,0,0,0,0,3,0,5,3,15,20,18,4,0,0,69,0,0,0,0,0,0,0,0,0,5,4,0,0,0,0,0,0,0,0,4,4,0,0,0,0,0,0,0,0,6,6,5,5,18,20,15,4,0,0,71,0,0,0,4,0,6,34,11,3,66,0,0,0,0,0,0,0,0,0,0,8,8,5,20,21,22,34,11,0,138,0,0,4,7,14,4,0,0,0,29,3,3,0,9,3,16,0,0,0,36,0,0,0,0,0,0,0,0,0,3,0,0,0,0,0,0,0,0,0,0,4,4,4,18,15,18,6,0,0,63,0,0,0,0,0,0,0,0,0,0,0,0,0,0,0,0,0,0,0,3,0,0,0,0,0,0,0,0,0,0
11101120712,core,6,6,6,15,8,19,0,0,0,54,3,7,6,0,0,4,0,0,0,24,0,0,0,0,0,0,0,0,0,0,3,0,0,0,0,0,0,0,0,9,9,6,14,13,14,24,0,0,0,86,0,0,0,3,0,0,0,0,0,7,5,0,0,0,0,0,0,0,0,5,5,0,0,3,0,0,0,0,0,11,15,9,15,14,16,21,0,0,0,92,0,4,0,0,5,19,49,28,10,117,6,3,4,4,3,4,12,3,0,31,15,15,20,21,26,44,64,34,14,248,0,3,6,3,4,9,0,0,0,27,7,4,0,3,6,11,3,0,0,46,0,3,3,0,0,4,0,0,0,11,0,0,0,0,0,0,0,0,0,4,9,8,13,12,17,26,5,0,0,82,0,0,0,0,0,0,0,0,0,0,0,0,0,0,0,0,3,0,0,3,0,0,0,0,0,0,3,0,0,4
11101120713,core,0,6,9,12,12,13,0,0,0,54,0,0,0,4,3,4,0,0,0,14,0,0,0,0,0,0,0,0,0,3,0,0,0,0,0,0,0,0,0,0,0,7,18,14,14,18,3,0,0,71,0,0,0,4,0,0,0,0,0,4,0,0,0,0,0,0,0,0,0,0,0,0,0,4,0,0,0,0,0,4,0,7,17,14,14,18,3,0,0,75,0,0,0,0,8,10,15,19,0,50,0,0,0,6,0,0,3,0,0,14,3,7,18,22,24,23,19,19,0,134,0,0,5,8,7,5,0,0,0,25,0,3,4,8,7,3,0,0,0,31,0,0,0,0,3,0,0,0,0,4,0,0,0,0,0,0,0,0,0,0,0,3,6,15,14,14,0,0,0,62,0,0,0,0,0,0,0,0,0,0,0,0,0,0,0,0,0,0,0,0,0,0,0,0,0,0,0,0,0,0
11101120714,core,0,0,0,0,0,0,0,0,0,0,0,0,0,0,0,0,0,0,0,0,0,0,0,0,0,0,0,0,0,0,0,0,0,0,0,0,0,0,0,0,0,0,0,0,0,0,0,0,0,0,0,0,0,0,0,0,0,0,0,0,0,0,0,0,0,0,0,0,0,0,0,0,0,0,0,0,0,0,0,0,0,0,0,0,0,0,0,0,0,0,0,0,0,0,0,0,0,0,0,0,0,0,0,0,0,0,0,0,0,0,0,0,0,0,0,0,0,0,0,0,0,0,0,0,0,0,0,0,0,0,0,0,0,0,0,0,0,0,0,0,0,0,0,0,0,0,0,0,0,0,0,0,0,0,0,0,0,0,0,0,0,0,0,0,0,0,0,0,0,0,0,0,0,0,0,0,0,0,0,0,0,0,0,0,0,0,0,0,0,0,0,0,0,0,0,0,0,0,0,0
11101120715,core,0,3,20,18,18,14,3,0,0,76,0,3,3,7,0,4,3,0,0,31,0,0,0,0,0,4,0,0,0,12,0,0,0,0,0,0,0,0,0,0,6,9,24,24,26,26,10,0,0,119,0,0,0,0,0,0,0,0,0,5,0,4,0,0,0,0,0,0,0,4,0,4,0,0,0,0,0,0,0,8,6,14,27,29,27,27,11,0,0,133,5,0,6,7,5,25,30,16,3,82,0,0,6,0,0,0,0,0,0,8,11,14,33,31,32,51,32,16,7,227,0,0,17,8,13,7,0,0,0,50,3,5,10,9,15,11,5,0,0,67,0,6,5,0,0,3,0,0,0,13,0,0,0,0,0,0,0,0,0,4,5,16,27,28,29,27,6,0,0,135,0,0,0,0,0,0,0,0,0,0,0,0,0,0,0,0,0,0,0,0,0,0,0,0,0,0,0,0,0,3
11101120716,core,0,6,15,9,12,5,0,0,0,50,0,4,3,0,8,5,0,0,0,16,0,0,0,0,0,0,0,0,0,4,0,0,0,0,0,0,0,0,0,0,0,10,15,12,18,9,4,0,0,72,0,0,0,0,0,0,0,0,0,8,0,0,0,0,0,0,0,0,0,0,0,0,0,0,0,0,0,0,0,8,3,9,21,12,20,9,4,0,0,74,0,3,7,0,9,9,9,8,0,41,0,0,0,0,0,0,0,0,0,3,4,18,23,10,21,19,19,7,0,123,0,0,8,7,8,6,0,0,0,26,7,5,7,7,7,9,4,0,0,32,0,0,4,0,0,3,0,0,0,3,0,4,0,0,0,0,0,0,0,4,7,3,11,14,14,14,0,0,0,64,0,0,0,0,0,0,0,0,0,3,0,0,0,0,0,0,0,0,0,6,0,0,0,0,7,0,0,0,0,8
11101120801,core,3,3,30,22,17,7,0,0,0,82,0,0,4,4,0,6,0,0,0,23,0,0,0,0,0,0,0,0,0,8,0,0,0,0,0,0,0,0,0,0,10,9,30,26,20,22,4,0,0,111,0,0,0,0,0,0,0,0,0,5,0,0,0,0,0,0,0,0,0,0,0,0,0,0,0,0,0,0,0,3,12,9,31,33,20,22,5,0,0,121,3,0,5,5,0,8,9,4,0,45,6,0,0,0,0,5,0,0,0,7,14,9,37,32,24,34,13,4,0,171,5,4,12,11,9,9,0,0,0,42,3,5,14,8,16,6,3,0,0,57,0,0,5,3,0,0,0,0,0,6,0,0,0,0,0,0,0,0,0,0,5,7,27,24,21,17,3,0,0,110,0,0,0,0,0,0,0,0,0,0,0,0,0,0,0,0,0,0,0,4,0,0,0,0,0,3,0,0,0,7
11101120802,core,0,0,19,20,13,6,0,0,0,54,0,6,7,4,0,5,0,0,0,26,0,0,0,0,0,0,0,0,0,5,0,0,0,0,0,0,0,0,0,0,0,9,30,28,7,9,4,0,0,88,0,0,0,0,0,0,0,0,0,6,0,0,0,0,0,0,0,0,0,0,0,0,0,0,0,5,0,0,0,9,0,10,28,32,7,11,4,0,0,94,4,5,0,3,0,5,4,9,7,29,0,0,0,0,0,0,0,0,0,5,4,17,32,32,12,14,11,11,7,127,0,0,12,12,10,5,0,0,0,42,6,8,9,6,0,5,0,0,0,38,0,0,0,0,0,0,0,0,0,3,0,0,0,0,0,0,0,0,0,0,6,12,23,26,6,13,0,0,0,81,0,0,0,0,0,0,0,0,0,3,0,0,0,0,0,0,0,0,0,0,0,0,0,0,0,0,0,0,0,4
11101120803,core,0,10,15,18,11,4,0,0,0,54,6,0,5,0,5,4,0,0,0,18,0,0,0,0,0,4,0,0,0,6,0,0,0,0,0,0,0,0,0,0,7,11,17,20,10,12,0,0,0,79,0,0,3,0,0,0,0,0,0,6,0,0,0,0,0,0,0,0,0,0,0,0,3,0,0,0,0,0,0,5,7,11,18,20,10,12,0,0,0,90,0,0,4,6,4,7,4,7,0,35,0,0,0,0,0,0,0,0,0,7,7,11,28,28,13,18,5,9,0,126,0,3,6,9,7,4,0,0,0,31,3,3,9,7,0,4,0,0,0,28,0,0,0,0,0,0,0,0,0,5,0,0,0,0,0,0,0,0,0,0,6,9,14,16,10,8,0,0,0,63,0,0,0,0,0,0,0,0,0,3,0,0,0,0,0,0,0,0,0,0,0,0,0,0,0,0,0,0,0,3
11101120804,core,0,7,17,8,11,6,0,0,0,60,5,4,0,0,0,0,0,0,0,9,0,0,0,0,0,0,0,0,0,5,0,0,0,0,0,0,0,0,0,0,8,11,21,9,12,6,6,0,0,74,0,0,6,0,0,0,0,0,0,5,0,0,0,0,0,0,0,0,0,0,0,0,6,0,0,0,0,0,0,5,8,11,21,9,12,8,6,0,0,75,4,5,6,0,0,5,5,3,0,23,0,0,0,0,0,0,0,0,0,4,10,17,24,9,12,16,9,3,0,105,0,0,4,8,9,3,0,0,0,25,5,6,4,7,4,7,0,0,0,38,0,0,3,0,0,0,0,0,0,9,0,0,0,0,0,0,0,0,0,0,5,3,16,16,14,14,0,0,0,67,0,0,0,0,0,0,0,0,0,3,0,0,0,0,0,0,0,0,0,0,0,0,0,0,0,0,0,0,0,3
11101120806,core,4,0,15,16,15,10,0,0,0,63,0,5,0,0,0,0,0,0,0,13,0,0,0,0,0,0,0,0,0,6,0,0,0,0,0,0,0,0,0,0,6,11,17,18,19,11,3,0,0,79,0,0,0,0,0,0,0,0,0,0,0,0,0,0,0,0,0,0,0,0,0,0,0,0,0,0,0,0,0,0,6,11,20,18,19,11,3,0,0,84,5,0,0,0,0,5,11,13,0,33,0,0,0,0,0,0,0,0,0,0,9,11,16,18,19,19,11,13,0,113,0,6,10,4,7,9,0,0,0,35,3,5,3,13,13,6,5,0,0,50,0,0,0,0,0,0,0,0,0,10,0,0,0,0,0,0,0,0,0,0,5,14,18,18,17,16,5,0,0,89,0,0,0,0,0,0,0,0,0,4,0,0,0,0,0,0,0,0,0,0,0,0,0,0,4,0,0,0,0,3
11101120807,core,0,9,25,28,17,14,0,0,0,92,0,12,3,0,0,4,6,0,0,25,0,0,0,0,3,0,0,0,0,11,0,0,0,0,0,0,0,0,0,0,3,19,28,28,19,20,4,0,0,127,0,0,3,0,0,0,0,0,0,3,0,0,0,0,0,0,0,0,0,4,0,0,0,0,0,0,0,0,0,6,3,23,33,27,19,20,3,0,0,135,4,0,0,0,0,3,14,11,0,41,0,0,0,0,0,0,0,0,0,0,7,23,33,31,19,22,23,11,0,174,0,4,13,5,11,5,0,0,0,43,10,8,14,17,14,6,6,0,0,60,3,0,3,0,5,6,0,0,0,11,0,0,0,0,0,0,0,0,0,0,11,11,25,27,27,17,6,0,0,112,0,0,0,0,0,0,0,0,0,4,0,0,0,0,0,0,0,0,0,3,0,0,0,0,0,3,0,0,0,4
11101120808,core,0,3,14,14,23,26,9,0,0,88,4,5,0,0,0,4,7,6,0,25,0,0,0,0,0,0,0,0,0,6,0,0,0,0,0,0,0,0,0,4,7,13,15,16,26,27,15,6,0,119,0,0,0,0,0,0,0,0,0,0,4,0,0,0,0,0,0,0,0,4,4,0,0,0,0,0,0,0,0,4,5,13,15,16,26,27,15,6,0,123,7,0,0,0,0,3,13,3,0,32,0,0,3,0,0,0,0,0,0,4,12,10,17,20,25,37,27,7,0,163,4,0,0,7,18,10,4,0,0,46,7,3,0,12,14,11,3,0,0,45,0,0,5,0,0,3,0,0,0,9,0,0,0,0,0,0,0,0,0,0,10,3,8,18,28,21,5,0,0,98,0,0,0,0,0,0,0,0,0,0,0,0,0,0,0,0,0,0,0,0,0,0,0,0,0,0,0,0,0,0
11101120809,core,0,3,10,18,20,7,0,0,0,65,6,6,0,3,6,3,0,0,0,32,0,0,0,0,0,0,0,0,0,5,0,0,0,0,0,0,0,0,0,0,6,8,16,30,27,14,0,0,0,108,0,0,0,0,0,0,0,0,0,4,0,0,0,0,0,0,0,0,0,0,0,0,0,0,0,0,0,0,0,7,6,11,16,26,29,17,0,0,0,115,4,0,0,0,0,7,4,4,7,23,0,0,0,0,0,0,0,0,0,0,12,14,16,26,34,15,5,7,7,139,0,3,8,7,11,9,0,0,0,31,9,6,8,17,10,6,0,0,0,52,0,0,3,0,0,0,0,0,0,4,0,0,0,0,0,0,0,0,0,0,9,11,16,30,24,13,0,0,0,98,0,0,0,0,0,0,0,0,0,0,0,0,0,0,0,0,0,0,0,0,0,0,0,0,0,0,0,0,0,0
11101120810,core,0,0,13,22,12,11,0,0,0,66,7,0,6,0,3,7,0,0,0,26,0,0,0,0,0,0,0,0,0,4,0,0,0,0,0,0,0,0,0,0,5,3,20,24,13,15,5,0,0,97,0,0,3,0,0,0,0,0,0,4,0,0,0,0,0,0,0,0,0,0,0,0,3,0,3,0,0,0,0,7,5,8,21,24,15,15,5,0,0,101,3,0,0,5,0,0,12,4,4,41,0,0,5,0,0,0,0,0,0,6,12,9,27,29,18,24,15,4,4,143,0,0,11,15,9,15,0,0,0,45,3,0,3,18,12,11,3,0,0,53,0,0,0,0,0,0,0,0,0,11,0,0,0,0,0,0,0,0,0,0,11,8,20,32,23,20,8,0,0,109,0,0,0,0,0,0,0,0,0,0,0,0,0,0,0,0,0,0,0,0,0,0,0,0,0,0,0,0,0,3
11101120811,core,0,3,13,23,21,14,0,0,0,74,5,5,0,9,8,3,0,0,0,25,0,0,0,0,0,0,0,0,0,0,0,0,0,0,0,0,0,0,0,0,6,10,13,31,25,20,0,0,0,105,0,0,0,0,0,0,0,0,0,5,0,0,0,0,0,0,0,0,0,0,4,0,0,0,0,0,0,0,0,4,6,11,17,31,25,19,0,0,0,107,0,0,4,0,4,8,15,5,7,46,0,0,0,0,0,0,0,0,0,5,6,11,21,31,28,30,17,9,7,155,0,6,5,14,10,5,0,0,0,33,0,6,9,8,5,12,3,0,0,50,0,0,0,0,0,0,0,0,0,4,0,0,0,0,0,0,0,0,0,0,0,7,17,23,21,18,3,0,0,93,0,0,0,0,0,0,0,0,0,0,0,0,0,0,0,0,0,0,0,4,0,0,0,0,0,0,0,0,0,4
11101120812,core,4,6,13,15,16,11,0,0,0,67,0,5,0,5,9,9,0,0,0,18,0,0,0,0,0,3,0,0,0,4,0,0,0,0,0,0,0,0,0,0,0,7,16,20,20,15,0,0,0,91,0,0,0,0,0,0,0,0,0,0,0,0,0,0,0,0,0,0,0,0,0,0,0,0,0,0,0,0,0,0,0,7,16,20,21,15,0,0,0,89,0,0,3,0,5,0,10,13,4,29,0,0,0,0,0,0,0,0,0,4,4,7,21,22,23,19,13,13,4,122,0,5,11,14,9,10,0,0,0,44,4,0,8,11,10,4,4,0,0,49,0,0,0,3,0,3,0,0,0,10,0,0,0,0,0,0,0,0,0,0,4,8,20,31,18,15,4,0,0,98,0,0,0,0,0,0,0,0,0,0,0,0,0,0,0,0,0,0,0,0,0,0,0,5,0,0,0,0,0,5
11101120813,core,0,6,8,6,11,8,0,0,0,39,0,0,0,10,4,3,0,0,0,19,0,0,0,0,0,0,0,0,0,0,0,0,0,0,0,0,0,0,0,0,0,10,11,14,15,13,0,0,0,63,0,0,0,0,0,0,0,0,0,3,3,0,0,0,0,0,0,0,0,3,3,0,0,0,0,0,0,0,0,4,4,10,11,15,14,10,0,0,0,69,6,0,8,0,4,11,18,3,4,61,0,0,0,0,0,0,0,0,0,3,11,13,19,21,18,20,20,5,4,132,0,0,6,5,9,9,0,0,0,22,0,4,5,10,3,6,0,0,0,33,0,0,5,0,0,0,0,0,0,0,0,0,0,0,0,0,0,0,0,0,0,8,10,13,6,10,0,0,0,59,0,0,0,0,0,0,0,0,0,0,0,0,0,0,0,0,0,0,0,5,0,0,0,0,4,0,0,0,0,7
11101120814,core,4,5,14,16,17,18,0,0,0,68,0,0,3,0,3,6,4,0,0,24,0,0,0,0,0,0,0,0,0,3,0,0,0,0,0,0,0,0,0,0,7,9,13,20,22,20,12,0,0,100,0,0,0,0,0,0,0,0,0,5,0,0,0,0,0,0,0,0,0,0,0,0,0,0,0,0,0,0,0,3,7,9,14,20,22,20,12,0,0,103,0,0,0,3,3,13,33,10,5,63,0,0,0,0,0,0,0,0,0,4,9,11,17,26,26,30,39,10,5,169,0,0,12,14,10,9,0,0,0,52,4,5,12,12,6,9,0,0,0,49,0,0,3,0,0,0,0,0,0,4,0,0,0,0,0,0,0,0,0,0,10,3,22,26,19,18,7,0,0,103,0,0,0,0,0,0,0,0,0,0,0,0,0,0,0,0,0,0,0,0,0,0,0,0,0,0,0,0,0,4
11101120815,core,0,3,26,26,18,6,4,0,0,90,10,7,5,6,0,3,6,0,0,31,0,0,5,0,0,0,0,0,0,3,0,0,0,0,0,0,0,0,0,0,10,4,33,32,26,11,12,0,0,125,0,4,0,0,0,0,0,0,0,5,0,0,0,0,0,0,0,0,0,0,0,4,0,0,0,0,0,0,0,5,10,10,33,34,28,11,12,0,0,132,4,3,0,0,0,3,23,14,3,57,0,0,0,0,0,0,4,4,0,9,12,10,33,38,32,15,31,19,3,194,0,4,16,4,12,7,0,0,0,45,8,10,9,15,11,11,3,0,0,66,0,0,5,0,3,0,0,0,0,12,0,0,0,0,0,0,0,0,0,3,9,17,28,21,26,19,4,0,0,125,0,0,0,0,0,0,0,0,0,0,0,0,0,0,0,0,0,0,0,4,0,0,0,0,0,0,0,0,0,4
11101120816,core,5,6,11,22,24,7,0,0,0,71,4,0,4,0,0,0,0,0,0,15,0,4,0,0,0,0,0,0,0,4,0,0,0,0,0,0,0,0,0,0,3,6,17,22,23,8,4,0,0,90,0,0,0,0,0,0,0,0,0,3,8,0,0,0,0,0,0,0,0,6,8,0,3,0,0,0,0,0,0,8,12,12,19,22,24,8,0,0,0,104,3,0,0,0,0,6,10,7,9,34,0,0,0,0,0,0,0,0,0,6,16,16,22,27,28,14,10,9,9,140,0,6,5,7,11,4,0,0,0,36,0,0,12,9,11,7,0,0,0,47,0,0,0,0,0,0,0,0,0,6,0,0,0,0,0,0,0,0,0,0,8,9,22,18,23,11,0,0,0,92,0,0,0,0,0,0,0,0,0,0,0,0,0,0,0,0,0,0,0,0,0,0,0,0,0,0,0,0,0,0
11101120817,core,0,9,25,43,14,17,0,0,0,110,0,10,8,0,4,0,3,0,0,26,0,0,0,0,0,0,0,0,0,3,0,0,0,0,0,0,0,0,0,0,0,20,31,47,22,16,3,0,0,142,0,0,4,0,0,0,0,0,0,6,0,0,0,0,0,0,0,0,0,0,0,0,3,0,0,0,0,0,0,7,0,20,35,47,21,16,3,0,0,147,4,0,0,0,5,3,19,4,0,43,0,0,0,0,0,0,0,0,0,0,3,20,37,50,30,23,25,8,0,195,0,7,20,17,7,3,0,0,0,59,4,9,11,15,11,11,4,0,0,68,0,3,7,5,0,0,0,0,0,11,0,0,0,0,0,0,0,0,0,3,4,19,37,40,22,13,3,0,0,142,0,0,0,0,0,0,0,0,0,0,0,0,0,0,0,0,0,0,0,4,0,0,0,0,0,0,0,0,0,6
11101120818,core,0,0,14,22,23,7,0,0,0,67,5,4,0,6,8,0,0,0,0,26,0,0,0,0,0,0,0,0,0,0,0,0,0,0,0,0,0,0,0,0,4,4,20,28,32,8,0,0,0,95,0,0,3,0,0,0,0,0,0,4,0,0,0,0,0,0,0,0,0,0,0,0,0,0,0,0,0,0,0,6,4,3,20,27,32,8,0,0,0,96,0,0,0,0,0,0,15,17,7,46,0,0,5,0,0,0,0,0,0,3,5,3,25,27,32,8,15,20,7,146,0,3,16,11,8,5,0,0,0,48,4,10,6,19,4,3,3,0,0,48,0,0,0,0,4,0,0,0,0,6,0,0,0,0,0,0,0,0,0,0,4,9,27,30,19,11,5,0,0,106,0,0,0,0,0,0,0,0,0,0,0,0,0,0,0,0,0,0,0,0,0,0,0,0,0,0,0,0,0,0
11101120819,core,3,4,36,26,21,10,0,0,0,99,0,3,7,7,0,3,0,4,0,30,0,0,3,0,0,3,0,0,0,8,0,0,0,0,0,0,0,0,0,0,7,9,42,30,26,19,0,4,0,134,4,0,0,0,0,0,0,0,0,5,0,0,0,0,0,0,0,0,0,5,4,0,0,0,0,0,0,0,0,9,4,13,47,35,24,19,4,4,0,148,0,0,4,0,0,10,12,14,6,45,0,0,0,0,0,0,0,0,0,5,13,17,48,38,26,25,13,14,6,200,0,4,19,15,8,8,0,0,0,60,0,3,17,19,9,8,0,0,0,58,0,0,0,0,0,0,0,0,0,6,0,0,0,0,0,0,0,0,0,4,0,10,41,33,16,16,0,3,0,122,0,0,0,0,0,0,0,0,0,0,0,0,0,0,0,0,0,0,0,3,0,0,0,0,0,0,0,0,0,3
11101120820,core,0,7,22,21,14,9,0,0,0,69,0,5,3,7,0,4,5,0,0,27,0,0,0,4,3,0,0,0,0,7,0,0,0,0,0,0,0,0,0,0,5,11,31,28,11,17,5,0,0,104,0,0,0,0,0,0,0,0,0,0,0,0,0,0,0,0,0,0,0,0,0,0,0,0,0,0,0,0,0,3,5,11,31,28,11,17,5,0,0,107,4,0,5,0,4,5,0,9,0,33,0,0,0,0,0,0,0,0,0,0,8,16,33,26,16,18,4,10,0,136,0,3,25,8,13,3,0,0,0,50,4,8,11,4,3,3,0,0,0,38,0,0,6,0,0,0,0,0,0,5,0,0,0,0,0,0,0,0,0,0,3,11,36,14,16,9,0,0,0,94,0,0,0,0,0,0,0,0,0,0,0,0,0,0,0,0,0,0,0,0,0,0,0,0,0,0,0,0,0,0
11101120821,core,0,5,16,20,14,6,4,0,0,61,5,4,6,9,6,3,0,0,0,33,0,0,0,0,0,0,0,0,0,9,0,0,0,0,0,0,0,0,0,0,3,10,24,30,22,11,0,0,0,99,0,0,0,0,0,0,0,0,0,0,0,0,0,0,0,3,0,0,0,3,4,0,0,0,0,3,0,0,0,3,5,10,21,30,22,9,0,0,0,108,12,5,0,9,9,7,24,9,3,73,0,0,0,0,0,0,0,0,0,4,19,10,23,32,29,21,24,9,3,184,0,5,16,11,10,5,0,0,0,41,5,5,4,13,15,10,5,0,0,62,0,0,5,3,0,0,4,0,0,12,0,0,0,0,0,0,0,0,0,0,8,10,32,22,30,12,6,0,0,115,0,0,0,0,0,0,0,0,0,3,4,0,0,0,0,0,0,0,0,4,3,0,0,0,0,0,0,0,0,3
11101120822,core,0,7,14,37,18,13,0,0,0,90,6,0,3,0,5,0,3,0,0,21,3,0,0,0,0,0,0,0,0,3,0,0,0,0,0,0,0,0,0,0,8,10,22,37,23,16,5,0,0,111,0,0,0,0,0,0,0,0,0,0,0,0,0,0,0,0,0,0,0,0,0,0,0,0,0,0,0,0,0,0,9,10,22,37,23,16,5,0,0,118,0,3,0,0,0,13,15,24,4,62,0,0,0,0,0,0,0,0,0,0,12,12,20,37,23,32,16,24,10,184,0,3,17,15,12,11,0,0,0,52,9,9,6,16,16,3,0,0,0,55,0,0,3,3,0,0,0,0,0,9,0,0,0,0,0,0,0,0,0,0,13,10,29,35,28,10,0,0,0,121,0,0,0,0,0,0,0,0,0,0,0,0,0,0,0,0,0,0,0,0,0,0,0,0,0,0,0,0,0,0
11101120823,core,0,0,0,0,0,0,0,0,0,0,0,0,0,0,0,0,0,0,0,0,0,0,0,0,0,0,0,0,0,0,0,0,0,0,0,0,0,0,0,0,0,0,0,0,0,0,0,0,0,0,0,0,0,0,0,0,0,0,0,0,0,0,0,0,0,0,0,0,0,0,0,0,0,0,0,0,0,0,0,0,0,0,0,0,0,0,0,0,0,0,0,0,0,0,0,0,0,0,0,0,0,0,0,0,0,0,0,0,0,0,0,0,0,0,0,0,0,0,0,0,0,0,0,0,0,0,0,0,0,0,0,0,0,0,0,0,0,0,0,0,0,0,0,0,0,0,0,0,0,0,0,0,0,0,0,0,0,0,0,0,0,0,0,0,0,0,0,0,0,0,0,0,0,0,0,0,0,0,0,0,0,0,0,0,0,0,0,0,0,0,0,0,0,0,0,0,0,0,0,0
11101120824,core,0,0,9,9,8,8,4,0,0,26,0,0,4,5,3,0,0,0,0,12,0,0,0,0,0,0,0,0,0,0,0,0,0,0,0,0,0,0,0,0,0,0,10,16,5,8,5,0,0,38,0,0,0,0,0,0,0,0,0,5,0,0,0,0,0,0,0,0,0,0,0,0,0,0,0,0,0,0,0,7,0,5,6,16,6,8,5,0,0,43,0,0,0,0,0,8,12,6,0,24,0,0,0,0,0,0,0,0,0,3,9,5,16,16,6,13,15,6,0,72,0,0,3,7,3,8,0,0,0,18,0,0,4,8,0,9,0,0,0,25,0,0,0,0,0,0,0,0,0,4,0,0,0,0,0,0,0,0,0,0,0,4,6,14,5,11,0,0,0,49,0,0,5,0,0,0,0,0,0,5,0,0,0,0,0,0,0,0,0,0,0,0,5,0,0,0,0,0,0,0
11101120825,core,0,7,17,9,10,12,0,0,0,67,0,3,9,3,5,3,0,0,0,23,0,0,0,0,0,0,0,0,0,3,0,0,0,0,0,0,0,0,0,0,5,12,31,17,13,12,0,0,0,92,0,0,5,6,0,0,0,0,0,8,0,0,0,0,0,0,0,0,0,3,0,0,5,6,0,5,0,0,0,12,11,14,29,16,15,17,0,0,0,103,5,5,5,7,4,5,13,5,0,41,0,0,3,0,0,3,0,0,0,9,12,13,36,25,16,27,18,5,0,155,0,6,12,3,7,6,0,0,0,39,6,9,3,3,8,8,0,0,0,42,0,0,0,0,0,0,0,0,0,3,0,0,0,0,0,0,0,0,0,0,7,13,21,8,15,16,0,0,0,77,0,0,0,0,0,0,0,0,0,0,0,0,0,3,0,0,0,0,0,3,0,0,0,3,0,0,0,0,0,3
11101120826,core,3,6,17,36,32,6,5,0,0,115,19,3,4,6,7,4,4,0,0,37,0,0,0,0,5,3,0,0,0,8,0,0,0,0,0,0,0,0,0,0,20,10,25,42,41,15,7,0,0,157,0,5,4,0,4,0,0,0,0,8,0,0,0,0,0,0,0,0,0,0,0,5,4,0,4,0,0,0,0,7,20,15,22,42,45,17,7,0,0,170,11,0,4,0,6,10,20,17,3,69,0,0,3,0,0,0,0,0,0,9,38,13,32,44,48,21,28,17,3,242,0,3,6,15,23,12,0,0,0,60,9,0,10,20,22,12,3,0,0,86,5,0,8,6,4,0,0,0,0,15,0,0,0,0,0,0,0,0,0,0,10,9,30,41,47,22,3,0,0,157,0,0,0,0,0,0,0,0,0,0,4,0,0,0,0,0,0,0,0,5,3,0,0,0,0,0,0,0,0,3
11101120827,core,4,5,20,38,24,21,0,0,0,114,3,7,3,5,0,4,0,0,0,26,0,0,0,0,0,0,0,0,0,4,0,0,0,0,0,0,0,0,0,0,9,12,27,43,25,28,3,0,0,142,0,0,0,0,0,0,0,0,0,0,0,0,0,0,0,0,0,0,0,3,0,0,0,0,0,0,0,0,0,3,10,11,27,43,32,31,3,0,0,146,3,3,0,4,4,10,30,14,3,63,0,0,5,4,0,0,5,0,0,7,17,14,25,45,34,39,32,14,3,222,0,0,16,10,14,8,0,0,0,55,4,7,10,19,15,12,4,0,0,71,0,0,0,0,0,3,0,0,0,10,0,0,0,0,0,0,0,0,0,0,4,8,29,33,33,24,4,0,0,135,0,0,4,0,0,0,0,0,0,4,0,0,0,0,0,0,0,0,0,6,0,0,4,0,0,0,0,0,0,4
11101120828,core,3,7,15,24,21,19,3,0,0,88,4,5,7,5,4,3,0,0,0,25,0,0,0,0,0,0,4,0,0,4,0,0,0,0,0,0,0,0,0,0,5,8,20,25,24,24,4,0,0,121,0,0,0,0,0,0,0,0,0,0,0,0,0,0,0,0,0,0,0,0,0,0,0,0,0,0,0,0,0,3,5,11,20,25,26,24,4,0,0,121,9,0,5,0,0,12,15,6,8,53,0,0,0,0,0,0,0,0,0,0,11,13,23,25,26,35,18,6,11,173,0,0,10,12,14,5,0,0,0,40,4,0,8,15,13,10,0,0,0,56,0,3,5,0,5,0,0,0,0,15,0,0,0,0,0,0,0,0,0,0,4,8,27,29,30,12,0,0,0,115,0,0,0,0,0,0,0,0,0,0,0,0,0,0,0,0,0,0,0,0,0,0,0,0,0,0,0,0,0,4
11101120829,core,0,4,12,18,15,0,0,0,0,56,3,5,3,4,4,0,3,0,0,19,0,0,0,4,0,0,0,0,0,6,0,0,0,0,0,0,0,0,0,0,5,6,17,24,17,5,3,0,0,74,0,0,0,0,0,0,0,0,0,0,3,0,0,0,0,0,0,0,0,0,3,0,0,0,0,0,0,0,0,5,4,6,13,24,16,5,3,0,0,76,3,0,0,0,3,0,8,4,0,26,0,0,0,0,0,0,0,0,0,0,8,10,13,26,19,9,13,4,0,104,0,0,0,9,7,6,0,0,0,31,0,7,8,16,10,7,7,0,0,48,0,0,0,3,0,0,0,0,0,5,0,0,0,0,0,0,0,0,0,0,4,9,14,30,14,10,7,0,0,85,0,0,0,0,0,0,0,0,0,0,0,0,0,0,0,0,0,0,0,0,0,0,0,0,0,0,0,0,0,3
11101120830,core,4,7,16,16,11,8,0,6,0,66,5,0,7,5,0,3,0,0,0,20,0,0,0,0,0,0,0,0,0,5,0,0,0,0,0,0,0,0,0,0,10,4,22,21,13,18,0,6,0,90,0,0,4,0,0,0,0,0,0,4,0,3,0,0,0,0,0,0,0,3,0,5,4,0,0,0,0,0,0,11,14,4,20,21,15,18,0,6,0,95,3,0,0,0,0,5,12,5,0,33,0,0,3,4,0,0,0,0,0,4,17,9,24,21,19,19,16,8,0,140,0,0,9,8,16,5,0,0,0,36,0,5,4,6,7,7,0,0,0,26,0,0,0,0,0,4,0,0,0,9,0,4,0,0,0,0,0,0,0,4,0,8,9,19,24,12,0,0,0,71,0,0,0,0,0,0,0,0,0,0,0,0,0,0,0,0,0,0,0,0,0,0,0,0,0,0,0,0,0,0
11101120831,core,0,3,9,25,13,12,0,0,0,64,0,7,0,6,9,0,3,0,0,23,0,0,0,0,0,0,0,0,0,0,0,0,0,0,5,0,0,0,0,5,0,9,9,32,20,13,4,0,0,90,0,0,0,0,0,0,0,0,0,3,0,0,0,0,0,0,0,0,0,0,0,0,0,0,0,0,0,0,0,6,0,9,9,31,24,11,4,0,0,90,10,0,0,4,3,3,12,17,7,53,0,0,3,0,5,0,0,0,0,7,11,14,9,35,33,12,10,17,7,155,0,0,5,8,17,0,0,0,0,37,4,0,7,11,5,0,0,0,0,40,0,0,0,0,0,4,0,0,0,9,0,0,0,0,0,0,0,0,0,0,6,5,8,27,27,4,0,0,0,81,0,0,0,0,0,0,0,0,0,0,0,0,0,0,0,0,0,0,0,0,0,0,0,0,0,0,0,0,0,0
11101120832,core,0,5,0,4,13,14,0,0,0,45,4,7,0,4,4,0,4,0,0,16,3,0,0,3,0,0,0,0,0,10,0,0,0,0,0,0,0,0,0,0,12,8,5,11,17,17,9,0,0,73,0,0,0,0,0,0,0,0,0,0,0,0,0,0,0,0,0,0,0,5,0,0,0,0,0,0,0,0,0,5,7,10,5,11,14,17,9,0,0,78,0,0,0,0,0,6,8,4,0,28,0,0,0,0,0,0,0,0,0,4,15,10,5,12,20,26,12,4,0,107,0,5,5,6,4,0,0,0,0,27,0,10,3,7,9,15,0,0,0,42,0,0,0,0,0,0,4,0,0,7,0,0,0,0,0,0,0,0,0,0,3,12,10,14,16,19,4,0,0,78,0,0,0,0,0,0,0,0,0,0,0,0,0,0,0,0,0,0,0,6,0,0,0,0,0,0,0,0,0,6
11101120833,core,4,0,11,17,10,10,0,0,0,51,3,0,3,0,0,0,0,0,0,12,0,0,0,0,0,3,5,0,0,3,0,0,0,0,0,0,0,0,0,0,8,4,13,18,10,15,5,0,0,69,0,0,0,0,0,0,0,0,0,0,0,0,0,0,0,0,0,0,0,0,0,0,0,0,0,0,0,0,0,0,9,4,13,18,10,15,5,0,0,75,0,0,0,4,3,8,16,9,0,37,0,0,0,0,0,0,0,0,0,7,11,4,13,20,11,25,22,10,0,109,0,0,10,8,10,13,0,0,0,35,7,0,9,3,9,3,0,0,0,35,0,0,3,4,0,0,5,0,0,7,0,0,0,0,0,0,0,0,0,0,5,0,18,14,15,16,5,0,0,83,0,0,0,0,0,0,0,0,0,0,0,0,0,4,0,0,0,0,0,4,0,0,0,4,0,0,0,0,0,4
11101120834,core,3,3,7,19,20,6,0,0,0,60,0,0,0,0,5,3,0,0,0,15,4,0,0,0,4,0,0,0,0,8,0,0,0,0,0,0,0,0,0,0,10,10,12,21,21,6,0,0,0,77,0,0,0,0,4,0,0,0,0,4,0,0,0,0,0,0,0,0,0,0,0,0,0,0,4,0,0,0,0,4,10,11,10,21,27,6,0,0,0,86,3,0,0,0,7,5,12,14,5,44,0,0,0,0,0,0,0,0,0,3,12,12,14,21,31,15,15,14,5,131,0,0,7,5,9,0,0,0,0,29,9,6,3,13,12,8,0,0,0,51,0,0,0,0,0,0,0,0,0,3,0,0,0,0,0,0,0,0,0,0,9,7,8,18,23,12,0,0,0,79,0,0,0,0,0,0,0,0,0,0,0,0,0,0,0,0,0,0,0,0,0,0,0,0,0,0,0,0,0,0
11101120835,core,0,3,12,16,18,8,0,0,0,56,9,0,0,3,0,3,0,0,0,16,0,0,4,6,0,0,0,0,0,6,0,0,0,0,0,0,0,0,0,0,5,4,17,25,17,11,0,0,0,82,0,0,0,5,0,0,0,0,0,5,0,0,0,0,0,0,0,0,0,0,0,0,0,5,0,0,0,0,0,3,8,4,17,30,17,10,0,0,0,90,6,0,0,5,0,9,10,22,8,58,0,0,0,0,0,0,0,0,0,6,15,4,12,34,21,23,15,24,11,146,0,0,9,14,3,6,0,0,0,34,3,5,7,16,11,11,0,0,0,43,5,0,3,0,0,0,0,0,0,11,0,0,0,0,0,0,0,0,0,0,8,9,15,28,12,19,0,0,0,85,0,0,0,0,0,0,0,0,0,0,0,0,0,0,0,0,0,0,0,0,0,0,0,0,0,0,0,0,0,0
11101120836,core,3,6,32,16,3,12,0,0,0,66,3,5,6,4,0,5,0,0,0,23,0,0,0,0,0,0,0,0,0,0,0,0,4,0,0,0,0,0,0,9,3,7,40,17,10,18,4,0,0,96,0,0,3,0,0,0,0,0,0,10,0,0,0,0,0,0,0,0,0,3,0,0,3,4,0,0,0,0,0,8,8,7,44,21,11,17,5,0,0,110,18,0,4,5,13,6,15,6,0,79,0,0,4,0,4,0,4,0,0,10,27,10,58,29,22,26,15,6,0,194,0,4,13,7,3,7,0,0,0,27,4,3,11,14,3,5,5,0,0,44,0,4,4,0,0,0,0,0,0,4,0,0,0,0,0,0,0,0,0,0,7,11,27,19,10,12,5,0,0,85,0,0,0,0,0,0,0,0,0,4,3,0,0,0,0,0,0,0,0,6,3,3,0,0,0,0,0,0,0,9
11101120837,core,0,8,14,12,13,6,0,0,0,51,0,0,0,0,4,4,0,0,0,19,0,0,5,0,0,6,0,0,0,6,0,0,0,0,0,0,0,0,0,0,3,10,21,12,20,12,0,0,0,77,0,0,0,0,0,0,0,0,0,0,0,0,0,0,0,0,0,0,0,0,0,0,0,0,0,0,0,0,0,9,9,12,21,12,24,18,0,0,0,88,14,3,9,6,5,11,16,9,0,76,0,0,3,4,3,0,0,0,0,14,24,17,27,22,33,22,15,9,0,165,0,4,8,3,0,3,0,0,0,24,8,0,5,8,5,3,0,0,0,36,0,0,0,0,0,0,0,0,0,7,0,0,0,0,0,0,0,0,0,0,8,5,18,10,9,12,0,0,0,64,0,0,0,0,0,0,0,0,0,3,0,0,0,0,0,0,0,0,0,0,0,0,0,0,0,0,0,0,0,3
11101120838,core,0,3,17,7,11,3,0,0,0,45,5,0,4,0,5,6,0,0,0,14,0,0,0,0,0,0,0,0,0,0,0,0,0,0,0,0,0,0,0,0,6,3,13,7,17,11,3,0,0,64,0,0,0,0,0,0,0,0,0,5,3,0,0,0,0,0,0,0,0,3,0,0,0,0,0,0,0,0,0,5,9,3,13,7,15,9,3,0,0,70,3,0,0,0,0,6,16,6,3,42,0,0,0,0,0,0,0,0,0,0,9,3,18,9,15,18,17,9,3,108,0,3,12,5,10,9,0,0,0,34,0,3,5,6,3,3,0,0,0,24,0,0,0,0,0,0,0,0,0,0,0,0,0,0,0,0,0,0,0,0,0,5,19,11,13,8,0,0,0,63,0,0,0,0,0,0,0,0,0,3,4,0,0,0,0,0,0,0,0,4,0,0,0,0,0,0,0,0,0,0
11101120839,core,0,0,18,21,18,10,0,0,0,78,5,0,3,0,4,0,0,0,0,17,0,0,0,0,0,0,0,0,0,6,0,0,0,0,0,0,0,0,0,0,6,6,25,24,18,11,0,0,0,95,0,0,0,0,0,0,0,0,0,0,0,0,0,0,0,0,0,0,0,0,0,0,0,0,0,0,0,0,0,0,6,8,25,24,18,11,0,0,0,96,3,4,4,0,0,3,9,22,14,62,4,0,0,3,0,6,3,0,0,17,16,6,30,29,21,23,11,25,16,174,0,7,15,3,8,4,0,0,0,46,3,3,13,14,13,4,0,0,0,42,0,0,4,0,0,0,0,0,0,5,0,0,0,0,0,0,0,0,0,0,9,9,32,18,21,10,0,0,0,95,0,0,0,0,0,0,0,0,0,0,0,0,0,0,0,0,0,0,0,0,0,0,0,0,0,0,0,0,0,0
11101120840,core,0,6,20,12,18,12,0,0,0,76,3,3,4,9,7,8,0,0,0,30,0,0,0,0,0,0,0,0,0,6,0,0,0,0,0,0,0,0,0,0,3,9,28,25,26,15,0,0,0,111,0,0,0,0,5,0,0,0,0,8,0,0,0,0,0,0,0,0,0,3,3,0,0,0,5,0,0,0,0,9,5,9,27,24,29,15,0,0,0,121,3,0,0,3,7,0,19,11,11,51,0,0,0,3,0,0,0,0,0,9,13,10,32,30,30,22,20,14,10,178,0,0,15,12,17,10,0,0,0,48,3,5,10,11,14,10,0,0,0,54,0,0,0,0,0,0,0,0,0,4,0,0,0,0,0,0,0,0,0,0,9,9,26,25,22,18,0,0,0,111,0,0,0,0,0,0,0,0,0,4,0,0,0,0,0,0,0,0,0,4,0,0,0,0,3,0,0,0,0,6
11101120841,core,0,5,13,24,25,10,0,0,0,76,3,8,0,4,0,0,3,3,0,23,0,0,0,0,0,0,0,0,0,0,0,0,0,0,0,0,0,0,0,0,5,11,26,29,25,10,6,5,0,108,0,0,6,0,0,0,0,0,0,6,0,0,0,0,0,0,0,0,0,0,0,5,6,0,0,0,0,0,0,6,5,16,26,29,24,10,6,5,0,117,4,0,0,0,3,3,21,12,3,56,0,0,0,0,0,0,0,0,0,7,9,16,26,32,31,17,31,21,8,177,0,11,11,7,15,9,5,0,0,50,8,11,9,18,7,4,3,0,0,60,0,0,5,0,0,0,0,0,0,3,0,0,0,0,0,0,0,0,0,0,8,17,24,23,23,10,9,0,0,111,0,0,0,0,0,0,0,0,0,0,5,0,0,0,0,0,0,0,0,9,5,3,0,0,0,0,0,0,0,8
11101120842,core,0,3,23,18,8,4,0,0,0,64,0,0,3,3,4,0,0,0,0,13,0,0,0,0,0,0,0,0,0,6,0,0,0,0,0,0,0,0,0,0,0,5,28,15,12,6,0,0,0,77,0,0,0,0,0,0,0,0,0,0,0,0,0,0,0,0,0,0,0,0,0,0,0,0,0,0,0,0,0,3,4,5,28,15,12,14,0,0,0,82,7,3,3,0,3,0,19,6,3,48,0,0,0,0,0,0,0,0,0,5,6,12,31,25,17,13,19,6,3,131,0,0,16,4,8,9,0,0,0,37,0,3,5,6,8,7,0,0,0,38,0,0,7,4,5,0,0,0,0,9,0,0,0,0,0,0,0,0,0,0,3,7,28,19,21,13,0,0,0,86,0,0,0,0,0,0,0,0,0,0,0,0,0,0,0,0,0,0,0,0,0,0,0,0,0,0,0,0,0,0
11101120844,core,0,0,13,4,6,6,0,0,0,30,0,3,3,0,6,4,0,0,0,14,0,0,0,0,0,4,0,0,0,6,0,0,0,0,0,0,0,0,0,0,0,7,18,8,12,8,0,0,0,57,0,0,3,0,0,0,0,0,0,3,0,0,0,0,0,0,0,0,0,0,0,0,3,0,0,0,0,0,0,8,0,7,20,11,13,8,0,0,0,57,0,0,0,3,6,4,3,4,0,31,0,0,0,0,0,4,0,0,0,6,0,9,24,15,16,16,8,8,0,98,0,0,12,12,3,3,0,0,0,35,0,0,9,4,3,0,0,0,0,34,0,0,3,0,0,0,0,0,0,6,0,0,0,0,0,0,0,0,0,0,0,0,22,19,9,8,0,0,0,67,0,0,0,0,0,0,0,0,0,0,0,0,0,0,0,0,0,0,0,0,0,0,0,0,0,0,0,0,0,0
11101120845,core,0,3,15,20,15,21,0,0,0,61,3,0,0,5,0,8,0,0,0,18,0,0,0,0,0,0,0,0,0,0,0,0,0,0,0,0,0,0,0,6,6,4,17,21,16,26,0,0,0,87,0,0,0,0,0,0,0,0,0,0,0,0,0,0,0,0,0,0,0,0,0,0,0,0,0,0,0,0,0,0,9,4,17,23,18,26,0,0,0,87,3,0,0,0,3,3,21,0,4,37,0,0,0,0,0,0,0,0,0,7,9,3,16,26,20,29,22,0,4,131,0,0,10,10,7,9,0,0,0,45,0,3,0,10,4,13,3,0,0,36,5,0,0,0,0,0,0,0,0,8,0,0,0,0,0,0,0,0,0,0,3,3,12,18,13,22,3,0,0,85,0,0,0,0,0,0,0,0,0,0,3,0,0,0,0,0,0,0,0,4,3,0,0,0,0,0,0,0,0,4
11101120846,core,3,3,8,21,29,17,0,0,0,87,8,0,0,4,8,0,0,0,0,28,3,0,0,0,6,0,0,0,0,10,0,0,0,0,0,0,0,0,0,0,17,4,10,21,41,22,0,0,0,124,0,0,0,0,0,0,0,0,0,0,0,0,0,0,0,0,0,0,0,0,0,0,0,0,3,0,0,0,0,4,17,9,10,21,46,22,0,0,0,128,5,6,0,0,5,4,12,6,0,31,0,0,0,0,0,0,0,0,0,5,18,10,15,25,44,24,12,6,0,162,0,0,11,12,20,6,0,0,0,53,11,6,8,20,8,9,6,0,0,64,0,0,0,0,3,0,0,0,0,3,0,0,0,0,0,0,0,0,0,0,11,8,17,36,36,14,6,0,0,128,0,0,0,0,0,0,0,0,0,0,0,0,0,0,0,0,0,0,0,4,0,0,0,0,0,0,0,0,0,4
11101120847,core,0,4,16,14,6,11,0,0,0,60,3,0,4,7,9,4,0,0,0,18,0,0,0,0,0,0,0,0,0,0,0,0,0,0,0,0,0,0,0,0,5,9,23,17,12,13,3,0,0,73,0,0,0,0,0,0,0,0,0,0,0,0,0,0,0,0,0,0,0,3,0,0,0,0,0,0,0,0,0,3,9,9,24,17,12,13,3,0,0,81,5,0,0,0,5,3,8,0,0,26,0,0,3,0,0,0,0,0,0,3,8,5,26,20,18,13,9,0,0,105,0,0,11,8,5,4,0,0,0,35,8,0,6,11,11,7,0,0,0,34,0,0,6,3,0,0,0,0,0,10,0,0,0,0,0,0,0,0,0,0,8,0,23,19,12,9,0,0,0,79,0,0,0,0,0,0,0,0,0,0,0,0,0,0,0,0,0,0,0,0,0,0,0,0,0,0,0,0,0,0
11101120848,core,0,3,19,16,5,14,3,0,0,63,4,3,3,0,3,3,0,0,0,17,0,0,0,0,3,0,0,0,0,10,0,0,0,0,0,0,0,0,0,0,8,7,23,20,18,15,3,0,0,85,0,0,0,0,0,0,0,0,0,0,3,0,0,0,0,0,0,0,0,6,3,0,0,0,0,0,0,0,0,6,11,6,23,20,18,17,3,0,0,94,0,0,0,5,0,0,11,7,8,36,0,0,0,0,0,5,0,0,0,9,6,6,28,27,21,21,15,9,8,138,0,0,12,7,3,4,0,0,0,28,0,0,4,9,13,4,3,0,0,37,0,0,7,0,0,0,0,0,0,9,0,0,0,0,0,0,0,0,0,0,0,0,20,18,18,12,3,0,0,75,0,0,0,0,0,0,0,0,0,0,0,0,0,0,0,0,0,0,0,0,0,0,0,0,0,0,0,0,0,0
11101120849,core,0,6,15,28,24,3,3,0,0,82,5,4,3,8,4,3,6,0,0,24,0,0,0,3,0,0,0,0,0,8,0,0,6,0,0,0,0,0,0,3,8,19,21,39,24,6,5,0,0,119,0,0,0,0,0,0,0,0,0,0,0,0,0,0,0,0,0,0,0,0,0,0,0,0,0,0,0,0,0,0,8,19,21,41,24,6,5,0,0,117,3,0,0,0,6,7,11,16,0,44,0,0,0,0,0,0,0,0,0,0,10,19,21,40,33,10,11,20,0,165,0,0,9,8,15,6,0,0,0,40,7,0,14,11,7,4,0,0,0,49,0,0,6,0,0,0,0,0,0,10,0,0,0,0,0,0,0,0,0,0,9,0,28,27,19,9,0,0,0,101,0,0,0,0,0,0,0,0,0,0,0,0,0,0,0,0,0,0,0,0,0,0,0,0,0,0,0,0,0,0
11101120850,core,0,7,11,18,6,6,0,0,0,54,0,4,3,7,0,4,0,0,0,19,0,0,0,0,0,0,0,0,0,0,0,0,0,0,0,0,0,0,0,0,4,7,12,23,6,8,3,0,0,72,0,0,0,0,0,0,0,0,0,7,0,0,0,0,0,0,0,0,0,0,0,0,0,0,0,0,0,0,0,7,8,7,12,23,11,11,3,0,0,75,0,0,0,0,0,0,15,4,0,28,0,0,0,0,0,0,0,0,0,0,7,11,12,24,12,10,16,4,0,106,0,3,9,17,8,3,0,0,0,39,3,0,3,7,5,7,0,0,0,22,0,0,0,0,0,0,0,0,0,4,0,0,0,0,0,0,0,0,0,0,4,3,11,26,14,14,0,0,0,70,0,0,0,0,0,0,0,0,0,0,0,0,0,0,0,0,0,0,0,0,0,0,0,0,0,0,0,0,0,5
11101120851,core,0,8,6,10,4,8,0,0,0,45,0,3,4,4,5,0,0,0,0,19,0,0,0,0,0,0,0,0,0,3,0,0,0,0,0,0,0,0,0,0,5,8,12,17,8,10,0,0,0,65,0,0,0,0,3,0,0,0,0,7,0,0,0,0,0,0,0,0,0,0,0,0,6,0,3,0,0,0,0,3,4,5,11,17,12,10,0,0,0,73,0,0,3,0,3,6,3,3,3,25,0,0,0,0,0,0,0,0,0,3,4,5,15,24,13,18,3,8,3,98,0,0,3,9,3,8,0,0,0,25,0,4,8,5,0,0,0,0,0,31,0,0,0,0,0,0,0,0,0,3,0,0,0,0,0,0,0,0,0,3,0,3,11,22,8,10,0,0,0,58,0,0,0,3,0,0,0,0,0,3,0,0,0,0,0,0,0,0,0,0,0,0,0,3,0,0,0,0,0,3
11101120852,core,0,6,22,18,11,4,0,0,0,63,5,0,4,3,6,0,0,3,0,23,0,0,0,0,0,0,0,0,0,3,0,0,0,0,0,0,0,0,0,3,4,9,26,19,17,8,5,3,0,93,0,0,0,0,0,0,0,0,0,0,0,0,0,0,0,0,0,0,0,0,0,0,0,0,0,0,0,0,0,4,4,8,26,24,17,8,5,3,0,94,4,3,0,8,0,11,17,10,4,53,0,0,0,3,0,0,0,0,0,6,7,9,31,35,15,21,17,10,4,146,0,7,16,3,11,0,4,0,0,43,4,6,8,7,6,3,4,0,0,40,0,0,3,0,0,0,0,0,0,3,0,0,0,0,0,0,0,0,0,0,4,16,26,19,19,8,5,0,0,91,0,0,0,0,0,0,0,0,0,0,0,0,0,0,0,0,0,0,0,0,0,0,0,0,0,0,0,0,0,0
11101120853,core,0,3,5,15,12,10,3,0,0,55,5,7,0,0,6,0,4,0,0,27,0,0,0,0,0,0,3,0,0,3,0,0,0,0,0,0,0,0,0,0,11,7,5,21,19,15,10,3,0,86,0,0,0,0,0,0,0,0,0,0,0,0,0,0,0,0,0,0,0,0,0,0,0,0,0,0,0,0,0,0,13,7,5,21,19,13,10,3,0,92,0,0,0,0,3,11,19,3,5,47,6,0,0,0,4,0,0,0,0,6,14,11,7,18,23,22,29,11,10,141,0,8,4,10,15,7,0,0,0,28,9,0,5,11,9,9,4,0,0,43,0,0,0,4,0,4,0,0,0,9,0,0,0,0,0,0,0,0,0,0,9,7,7,23,25,15,9,0,0,88,0,0,0,0,0,0,0,0,0,0,0,0,0,0,0,0,0,0,0,0,0,0,0,0,0,0,0,0,0,0
11101120854,core,0,5,12,9,9,11,3,0,0,48,0,0,4,0,0,6,0,0,0,9,0,0,0,0,0,0,0,0,0,0,0,0,0,0,0,0,0,0,0,0,0,5,17,9,15,15,6,0,0,65,0,4,0,0,5,0,0,0,0,4,0,0,0,0,0,0,0,0,0,0,0,4,0,0,5,0,0,0,0,4,0,6,19,9,16,15,6,0,0,67,6,0,0,0,5,5,8,5,0,34,0,0,0,0,0,0,0,0,0,0,0,5,17,14,20,18,15,5,0,106,0,0,6,7,8,8,0,0,0,28,6,0,6,6,6,7,0,0,0,37,0,0,0,0,0,0,0,0,0,4,0,0,0,0,0,0,0,0,0,0,6,0,16,13,11,22,0,0,0,72,0,0,0,0,0,0,0,0,0,0,0,0,0,0,0,0,0,0,0,4,0,0,0,0,0,0,0,0,0,3
11101120855,core,0,6,33,31,41,10,0,0,0,128,8,4,6,3,0,4,5,0,0,39,0,0,0,0,0,0,4,0,0,6,0,0,0,0,0,0,0,0,0,0,11,22,37,41,41,21,3,0,0,179,0,0,0,0,0,0,0,0,0,3,0,0,0,0,0,0,0,0,0,4,4,0,0,0,0,0,0,0,0,8,16,21,43,41,41,20,3,0,0,188,4,3,3,0,3,13,15,25,8,76,5,0,0,0,3,0,0,0,0,16,23,30,47,44,52,38,20,25,5,278,0,8,20,17,19,7,0,0,0,77,8,10,26,28,14,17,6,0,0,100,5,0,0,5,0,0,0,0,0,12,0,0,0,0,0,0,0,0,0,0,12,17,45,47,42,21,6,0,0,187,0,0,0,0,0,0,0,0,0,4,5,0,0,0,0,0,0,0,0,5,5,0,0,3,0,0,0,0,0,6
11101120856,core,0,7,7,23,15,12,0,0,0,61,9,0,0,0,0,0,3,0,0,24,0,0,0,0,0,0,0,0,0,0,0,0,0,0,0,0,0,0,0,0,11,8,7,23,19,15,6,3,0,92,0,0,0,0,0,0,0,0,0,0,0,0,0,0,0,0,0,0,0,0,0,0,0,0,0,0,0,0,0,0,11,9,7,23,19,15,6,3,0,94,5,0,0,0,0,4,19,5,0,28,0,0,0,0,0,0,0,0,0,0,15,10,10,23,19,19,27,7,0,126,0,5,5,0,16,10,0,0,0,35,7,4,7,12,8,3,4,0,0,38,0,0,0,3,0,0,0,0,0,4,0,0,0,0,0,0,0,0,0,0,7,3,14,18,16,13,3,0,0,75,0,0,0,0,0,0,0,0,0,0,0,0,0,0,0,0,0,0,0,0,0,0,0,0,0,0,0,0,0,0
11101120857,core,0,3,10,13,15,13,3,0,0,51,3,4,0,3,0,5,6,0,0,26,4,0,0,0,3,0,0,0,0,8,0,0,0,0,0,0,0,0,0,0,4,9,8,16,17,13,6,0,0,86,0,0,0,0,0,0,0,0,0,0,0,0,0,0,0,0,0,0,0,0,0,0,0,0,0,0,0,0,0,0,4,11,8,15,19,13,6,0,0,89,8,0,0,5,3,9,5,4,4,42,0,0,0,4,0,0,0,0,0,8,17,11,11,20,27,23,17,9,4,136,0,5,9,3,10,9,0,0,0,30,6,0,4,8,10,4,3,0,0,37,0,0,0,3,3,0,0,0,0,9,0,0,0,0,0,0,0,0,0,0,0,3,13,17,22,10,3,0,0,81,0,0,0,0,0,0,0,0,0,3,0,0,0,0,0,0,0,0,0,3,0,0,0,0,0,0,0,0,0,6
11101120858,core,0,6,26,14,8,11,3,0,0,71,10,7,10,0,3,0,0,0,0,34,0,0,0,0,0,0,0,0,0,0,0,0,0,0,0,0,0,0,0,3,9,21,35,15,18,14,6,0,0,110,0,0,0,0,0,0,0,0,0,0,0,0,0,0,0,0,0,0,0,3,0,0,0,0,0,0,0,0,0,5,14,20,36,13,18,14,6,0,0,118,5,0,3,0,0,6,12,8,3,38,0,0,0,0,0,0,0,0,0,6,13,20,37,18,20,18,16,8,3,163,0,8,15,11,9,8,0,0,0,45,5,9,16,5,4,12,0,0,0,52,0,0,5,0,7,0,0,0,0,8,0,0,0,0,0,0,0,0,0,0,4,16,29,19,22,20,7,0,0,114,0,0,0,0,0,0,0,0,0,0,0,0,6,0,0,0,0,0,0,6,0,0,6,0,0,0,0,0,0,0
11101120859,core,0,9,30,36,18,10,0,0,0,101,0,0,9,8,4,3,0,0,0,24,0,0,0,0,0,0,0,0,0,3,0,0,0,0,0,0,0,0,0,0,3,8,38,42,27,14,5,0,0,131,0,0,0,0,0,0,0,0,0,0,4,0,0,0,0,0,0,0,0,4,4,0,0,0,0,0,0,0,0,4,4,8,38,42,27,15,5,0,0,134,4,3,0,3,5,4,4,14,7,49,0,0,0,0,0,0,0,0,0,5,13,9,38,47,29,19,8,17,7,185,6,7,20,18,16,8,0,0,0,69,6,10,15,16,7,6,3,0,0,63,0,0,3,0,0,0,0,0,0,5,0,0,0,0,0,0,0,0,0,0,6,15,41,32,21,14,8,0,0,136,0,0,0,0,0,0,0,0,0,0,0,0,0,0,0,0,0,0,0,4,0,0,0,0,0,0,0,0,0,5
11101120860,core,3,9,33,22,10,16,0,0,0,95,0,6,6,3,4,3,6,0,0,30,0,0,0,0,0,5,0,0,0,7,4,0,0,0,0,0,0,0,0,9,6,16,41,24,19,19,5,0,0,133,0,0,0,3,0,4,0,0,0,9,0,0,0,0,0,0,0,0,0,0,0,0,0,3,0,0,0,0,0,12,6,14,40,29,19,24,5,0,0,147,6,0,4,4,9,11,7,12,3,62,0,0,0,0,0,0,0,4,0,5,10,17,49,34,25,34,17,15,3,206,0,9,24,10,9,6,0,0,0,54,0,5,27,12,6,15,0,0,0,69,0,0,3,0,5,0,0,0,0,11,0,0,0,0,0,0,0,0,0,3,0,13,53,18,25,20,8,0,0,133,0,4,0,0,0,0,0,0,0,3,0,0,0,0,0,6,0,0,0,3,0,4,0,3,0,6,0,0,0,10
11101120861,core,0,5,24,5,16,5,0,0,0,56,0,3,4,0,0,0,4,0,0,20,0,0,0,0,0,0,0,0,0,0,0,0,0,0,0,0,0,0,0,0,0,14,29,11,16,11,4,0,0,79,0,0,0,0,0,0,0,0,0,7,0,0,0,0,0,0,0,0,0,0,0,0,0,0,0,3,0,0,0,6,0,11,35,11,16,13,4,0,0,88,3,4,5,3,0,8,5,9,3,42,0,0,4,0,0,0,0,0,3,7,9,20,39,11,16,22,9,9,6,137,3,3,15,7,10,7,0,0,0,36,0,3,10,3,8,9,0,0,0,39,0,0,4,0,0,0,0,0,0,9,0,0,0,0,0,0,0,0,0,0,8,6,28,12,18,13,0,0,0,86,0,0,0,0,0,0,0,0,0,0,0,0,0,0,0,3,0,0,0,7,0,0,0,0,0,3,0,0,0,4
11101120862,core,0,0,23,7,9,7,0,0,0,45,3,4,9,4,6,7,0,0,0,29,0,0,0,0,4,0,0,0,0,4,0,0,0,0,0,0,0,0,0,0,3,7,30,11,16,11,0,0,0,79,0,0,0,3,5,0,0,0,0,3,0,0,0,0,0,0,0,0,0,0,0,0,0,3,5,0,0,0,0,3,3,8,33,16,18,11,0,0,0,85,6,3,5,9,4,18,11,7,3,74,6,0,0,3,8,3,0,0,0,22,11,14,46,26,32,31,16,7,4,174,0,8,12,11,7,4,0,0,0,37,10,5,10,8,4,9,0,0,0,42,0,0,0,6,0,0,0,0,0,6,0,0,0,0,0,0,0,0,0,5,8,5,20,23,13,5,0,0,0,90,0,0,0,0,0,0,0,0,0,3,6,0,0,0,0,0,0,0,0,4,4,0,0,6,0,0,0,0,0,7
11101120863,core,0,3,23,23,11,15,0,0,0,81,3,0,13,3,3,4,4,0,0,34,0,0,0,4,0,0,0,0,0,0,0,0,0,0,0,0,0,0,0,3,8,5,33,32,17,17,6,0,0,118,0,3,0,0,0,0,0,0,0,6,0,0,0,0,0,0,0,0,0,0,0,3,0,0,0,0,0,0,0,11,8,11,38,28,20,17,6,0,0,127,7,0,3,3,9,5,13,12,3,49,0,0,4,0,4,0,0,0,0,5,13,13,38,38,28,21,13,7,3,179,0,9,18,12,8,9,0,0,0,60,4,7,10,10,3,0,3,0,0,39,0,0,0,0,0,0,0,0,0,3,0,0,0,0,0,0,0,0,0,3,10,9,29,20,12,12,9,0,0,107,0,0,0,0,0,0,0,0,0,0,0,0,0,0,0,0,0,0,0,0,0,0,0,0,0,0,0,0,0,0
11101120864,core,5,3,16,25,28,11,4,0,0,91,3,3,0,0,3,3,0,0,0,18,0,0,0,0,0,8,0,0,0,11,0,0,0,0,0,0,0,0,0,0,11,8,16,24,29,19,6,0,0,108,0,0,0,0,0,0,0,0,0,0,0,0,0,0,0,0,0,0,0,0,0,3,0,0,0,0,0,0,0,3,11,6,16,24,29,19,6,0,0,110,0,0,0,0,0,3,15,5,0,35,0,0,0,0,0,0,0,0,4,9,13,12,16,28,30,29,22,7,4,152,4,3,4,3,10,8,0,0,0,42,8,11,12,13,18,5,0,0,0,65,0,0,3,0,3,0,0,0,0,10,0,0,0,0,0,0,0,0,0,0,8,18,18,23,31,12,3,0,0,118,0,0,0,0,0,0,0,0,0,0,0,0,0,0,0,0,0,0,0,0,0,0,0,0,0,0,0,0,0,6
11101120865,core,0,0,0,0,0,0,0,0,0,3,0,0,0,0,0,0,0,0,0,0,0,0,0,0,0,0,0,0,0,0,0,0,0,0,0,0,0,0,0,0,0,0,6,0,0,0,0,0,0,8,0,0,0,0,0,0,0,0,0,0,0,0,0,0,0,0,0,0,0,0,0,0,0,0,0,0,0,0,0,0,0,0,6,0,0,0,0,0,0,8,0,0,0,0,0,0,0,0,0,0,0,0,0,0,0,0,0,0,0,4,0,0,3,0,3,0,0,0,0,17,0,0,0,0,0,0,0,0,0,0,0,0,0,0,0,0,0,0,0,0,0,0,0,0,0,0,0,0,0,5,0,0,0,0,0,0,0,0,0,0,0,0,0,3,0,0,0,0,0,3,0,0,0,0,0,0,0,0,0,0,0,0,0,0,0,0,0,0,0,0,0,0,0,0,0,0,0,0,0,0
11101120866,core,0,4,13,11,9,5,0,0,0,45,5,0,0,5,0,0,3,0,0,12,0,0,0,0,0,0,0,0,0,4,0,0,0,0,0,0,0,0,0,0,8,3,14,11,6,6,3,0,0,57,0,0,0,0,0,0,0,0,0,3,0,0,0,0,0,0,0,0,0,0,0,0,0,0,0,0,0,0,0,3,8,3,19,8,6,6,3,0,0,63,0,0,0,0,5,5,12,8,4,34,0,0,0,6,0,0,0,0,0,9,5,3,22,16,11,13,16,9,4,106,0,0,9,9,12,3,0,0,0,29,4,4,0,12,4,0,0,0,0,28,0,0,0,0,0,0,0,0,0,5,0,0,0,0,0,0,0,0,0,0,4,9,10,16,13,11,0,0,0,63,0,0,0,0,0,0,0,0,0,0,0,0,0,0,0,0,0,0,0,0,0,0,0,0,0,0,0,0,0,3
11101120867,core,3,0,12,16,12,4,0,0,0,44,0,3,7,4,0,0,0,0,0,15,0,0,0,0,0,0,0,0,0,0,0,0,0,0,0,0,0,0,0,0,3,5,16,14,12,9,6,0,0,66,0,0,0,0,0,0,0,0,0,6,0,0,0,0,0,0,0,0,0,0,0,0,0,0,0,0,0,0,0,6,3,5,21,14,13,10,6,0,0,70,0,0,4,5,0,0,4,5,0,19,0,0,3,0,0,0,0,0,0,7,3,10,26,20,14,11,5,3,0,94,0,3,15,4,9,0,0,0,0,38,8,3,10,5,3,3,0,0,0,29,0,0,5,0,0,0,0,0,0,5,0,0,0,0,0,0,0,0,0,3,8,10,29,13,14,8,0,0,0,75,0,0,0,0,0,0,0,0,0,0,0,6,0,0,0,0,0,0,0,4,0,6,3,0,0,0,0,0,0,6
11101120868,core,0,6,17,11,5,3,0,0,0,45,0,3,3,9,0,0,0,0,0,21,0,0,0,0,0,0,0,0,0,3,0,0,0,0,0,0,0,0,0,0,0,10,27,21,8,3,3,0,0,71,0,0,0,0,0,0,0,0,0,3,0,0,0,0,0,0,0,0,0,0,0,0,0,0,0,0,0,0,0,7,0,7,26,21,11,8,3,0,0,72,0,0,5,0,0,10,10,0,0,28,0,0,0,0,0,0,0,0,0,8,0,13,31,21,8,18,9,4,0,104,0,5,14,4,6,3,0,0,0,35,0,9,17,5,3,6,3,0,0,42,0,0,0,0,0,0,0,0,0,6,0,0,0,0,0,0,0,0,0,0,6,17,33,8,3,13,3,0,0,85,0,0,0,0,0,0,0,0,0,0,0,0,0,0,0,0,0,0,0,0,0,0,0,0,0,0,0,0,0,0
11101120869,core,0,0,10,10,16,8,0,5,0,45,5,6,0,0,0,5,0,0,0,15,0,0,0,0,0,5,0,0,0,7,0,0,0,0,0,0,0,0,0,0,4,6,15,11,18,11,0,5,0,65,0,0,0,0,3,0,0,0,0,8,0,0,0,0,0,0,0,0,0,0,0,0,0,0,3,0,0,0,0,8,6,6,15,11,19,11,0,5,0,70,5,0,0,0,0,9,11,21,3,46,0,0,4,0,3,0,0,0,0,5,9,7,14,10,24,21,13,21,3,129,0,0,3,4,9,3,0,0,0,21,0,7,8,6,13,4,3,0,0,30,0,0,0,0,0,0,0,0,0,4,0,0,0,0,0,0,0,0,0,0,0,9,12,6,19,6,9,0,0,60,0,0,0,0,0,0,0,0,0,0,0,0,0,0,0,0,0,0,0,0,0,0,0,0,3,0,0,0,0,3
11101120870,core,3,8,30,25,9,7,3,0,0,80,4,4,3,0,0,0,0,0,0,15,0,0,0,0,0,0,0,0,0,4,0,3,0,0,0,0,0,0,0,3,3,12,34,27,14,8,0,0,0,101,0,0,0,0,0,0,0,0,0,6,0,0,0,0,0,0,0,0,0,3,0,0,0,0,0,0,0,0,0,9,3,11,39,27,13,7,0,0,0,109,0,0,5,0,0,5,11,3,0,27,0,0,3,3,0,0,5,0,0,13,3,11,42,35,13,16,13,3,0,144,0,6,14,14,15,4,0,0,0,51,6,9,11,8,7,6,0,0,0,52,4,0,0,6,0,0,0,0,0,7,0,0,0,0,0,0,0,0,0,5,10,17,32,26,24,9,0,0,0,116,0,0,0,0,0,0,0,0,0,0,0,0,0,0,0,0,0,0,0,0,0,0,0,5,0,0,0,0,0,5
11101120871,core,0,0,0,0,0,0,0,0,0,0,0,0,0,0,0,0,0,0,0,0,0,0,0,0,0,0,0,0,0,0,0,0,0,0,0,0,0,0,0,0,0,0,0,0,0,0,0,0,0,0,0,0,0,0,0,0,0,0,0,0,0,0,0,0,0,0,0,0,0,0,0,0,0,0,0,0,0,0,0,0,0,0,0,0,0,0,0,0,0,0,0,0,0,0,0,0,0,0,0,0,0,0,0,0,0,0,0,0,0,0,0,0,0,0,0,0,0,0,0,0,0,0,0,0,0,0,0,0,0,0,0,0,0,0,0,0,0,0,0,0,0,0,0,0,0,0,0,0,0,0,0,0,0,0,0,0,0,0,0,0,0,0,0,0,0,0,0,0,0,0,0,0,0,0,0,0,0,0,0,0,0,0,0,0,0,0,0,0,0,0,0,0,0,0,0,0,0,0,0,0
11101120901,core,0,10,17,24,16,12,0,0,0,79,0,0,7,3,5,5,0,0,0,20,0,0,0,3,0,0,0,0,0,8,0,0,0,0,0,0,0,0,0,0,0,10,27,25,22,10,0,0,0,105,0,0,0,0,3,0,0,0,0,4,0,0,0,0,0,0,0,0,0,3,4,0,0,0,0,0,0,0,0,9,3,13,31,28,29,15,0,0,0,114,14,0,4,6,0,0,14,28,12,78,0,0,0,0,0,0,0,0,0,3,16,10,31,30,26,22,19,25,12,197,0,3,17,16,5,3,0,0,0,47,3,0,9,17,11,4,4,0,0,53,0,0,0,0,0,0,0,0,0,6,0,0,0,0,0,0,0,0,0,3,3,5,25,38,22,5,3,0,0,104,0,0,0,0,0,0,0,0,0,0,0,0,0,0,0,0,0,0,0,6,0,0,0,3,0,0,0,0,0,3
11101120902,core,0,0,0,0,0,0,0,0,0,3,0,0,0,0,0,0,0,0,0,0,0,0,0,0,0,0,0,0,0,0,0,0,0,0,0,0,0,0,0,0,0,0,0,0,0,0,0,0,0,3,0,0,0,0,0,0,0,0,0,0,0,0,0,0,0,0,0,0,0,0,0,0,0,0,0,0,0,0,0,0,0,0,0,0,0,0,0,0,0,3,0,0,0,0,0,0,0,0,0,0,0,0,0,0,0,0,0,0,0,0,0,0,0,0,0,0,0,0,0,6,0,0,0,0,0,0,0,0,0,0,0,0,0,0,0,0,0,0,0,0,0,0,0,0,0,0,0,0,0,0,0,0,0,0,0,0,0,0,0,0,0,0,0,0,0,0,0,0,0,0,0,0,0,0,0,0,0,0,0,0,0,0,0,0,0,0,0,0,0,0,0,0,0,0,0,0,0,0,0,0
11101120903,core,0,6,17,12,14,9,0,0,0,57,7,0,4,0,3,0,0,0,0,15,0,0,0,0,0,4,0,0,0,0,0,0,0,0,0,0,0,0,0,0,4,6,15,11,22,17,4,0,0,80,0,0,0,0,0,0,0,0,0,7,0,0,0,0,0,0,0,0,0,0,5,4,0,0,0,0,0,0,0,10,8,11,22,11,24,12,4,0,0,86,3,0,0,0,0,13,12,9,0,47,0,0,0,0,0,0,0,0,0,0,15,14,22,14,20,30,12,9,0,131,0,0,9,5,9,6,0,0,0,36,0,6,8,6,7,5,4,0,0,34,0,0,0,0,0,3,0,0,0,8,0,0,0,0,0,0,0,0,0,0,0,11,21,10,23,15,4,0,0,80,0,0,0,0,0,0,0,0,0,0,0,0,0,0,0,0,0,0,0,4,0,0,0,0,0,0,0,0,0,4
11101120904,core,3,4,12,15,14,6,6,0,0,59,3,5,4,6,3,0,0,0,0,19,0,0,0,0,0,0,0,0,0,0,0,0,0,0,0,0,0,0,0,0,3,11,18,20,15,5,3,0,0,82,4,0,0,0,0,0,0,0,0,6,0,0,0,0,0,0,0,0,0,0,4,0,0,0,0,0,0,0,0,6,9,11,18,22,15,10,3,0,0,85,7,0,3,0,0,3,10,10,0,43,0,0,0,0,0,0,0,0,0,0,12,10,20,22,24,9,17,12,0,128,0,0,12,4,8,0,0,0,0,35,4,0,3,4,10,10,0,0,0,38,0,0,9,5,0,0,0,0,0,7,0,0,0,0,0,0,0,0,0,0,4,3,23,14,21,8,0,0,0,81,0,0,0,0,0,0,0,0,0,0,0,0,0,0,0,0,0,0,0,0,0,0,0,0,0,0,0,0,0,0
11101120905,core,5,7,17,18,15,12,5,0,0,76,3,0,8,7,6,4,3,0,0,26,0,0,3,0,0,0,0,0,0,3,0,0,0,0,0,0,0,0,0,0,3,12,26,25,20,16,3,0,0,106,0,0,0,0,0,0,0,0,0,3,0,0,0,0,6,0,0,0,0,6,0,0,0,0,4,0,0,0,0,8,3,12,26,25,21,18,3,0,0,114,10,5,0,7,11,14,17,7,6,73,0,0,3,3,0,0,0,4,0,8,11,18,34,32,31,33,23,11,6,195,0,4,11,10,13,4,0,0,0,37,3,5,5,8,11,7,0,0,0,40,0,0,5,0,3,0,0,0,0,10,0,0,0,0,0,0,0,0,0,0,3,12,22,17,21,15,0,0,0,88,0,0,0,0,0,0,0,0,0,6,0,0,0,0,0,0,0,0,0,4,0,0,0,0,0,0,0,0,0,3
11101120906,core,4,5,13,25,11,13,5,0,0,72,3,3,7,12,0,4,0,0,0,27,0,0,0,0,0,0,0,0,0,0,0,0,3,0,0,0,0,0,0,7,5,16,18,29,13,16,0,0,0,103,0,5,3,0,0,3,0,0,0,8,0,0,0,0,0,0,0,0,0,0,0,5,3,3,0,3,0,0,0,9,5,11,19,34,13,22,3,0,0,111,0,6,6,3,13,11,19,11,4,74,0,0,0,0,3,4,0,0,0,12,7,19,29,38,27,33,21,11,4,195,0,6,10,13,10,4,0,0,0,42,4,0,13,19,0,6,0,0,0,53,0,0,0,0,0,0,0,0,0,0,0,0,0,0,0,0,0,0,0,0,7,11,26,25,11,10,0,0,0,93,0,0,0,0,0,0,0,0,0,0,0,0,0,0,0,0,0,0,0,3,0,0,0,0,0,0,0,0,0,0
11101120907,core,0,9,22,10,13,16,0,0,0,68,3,5,3,3,3,0,0,0,0,22,0,0,0,0,0,0,0,0,0,3,0,0,0,0,0,0,0,0,0,0,9,11,30,21,13,12,3,0,0,99,0,0,0,0,0,0,0,0,0,10,0,0,0,0,0,0,0,0,0,0,0,0,0,0,0,0,0,0,0,7,7,10,33,17,17,15,3,0,0,110,6,5,9,10,5,10,18,10,0,75,3,4,5,3,4,5,0,0,0,19,14,13,47,36,25,26,24,10,0,196,0,7,17,10,4,5,0,0,0,42,3,3,13,8,12,9,0,0,0,47,0,0,4,0,0,0,0,0,0,10,0,0,0,0,0,0,0,0,0,0,3,9,30,16,19,16,3,0,0,93,3,0,0,0,0,0,0,0,0,8,0,0,0,3,0,0,0,0,0,0,5,0,4,0,0,0,0,0,0,13
11101120908,core,0,0,16,11,7,6,0,0,0,46,0,0,5,0,0,3,0,0,0,18,0,0,0,0,0,0,0,0,0,0,0,0,0,0,0,0,0,0,0,0,4,3,20,13,10,11,5,0,0,66,0,0,0,0,0,0,0,0,0,3,0,0,0,0,0,0,0,0,0,0,0,0,0,0,0,5,0,0,0,0,4,3,20,16,10,11,5,0,0,64,3,0,0,6,10,8,17,7,0,48,4,0,0,4,0,0,0,0,0,6,9,7,24,21,20,23,19,11,4,126,0,0,4,6,9,0,0,0,0,16,4,3,3,7,3,10,0,0,0,31,0,0,0,0,0,0,0,0,0,6,0,0,0,0,0,0,0,0,0,0,4,0,13,9,12,9,0,0,0,52,0,0,0,0,0,0,0,0,0,0,0,0,0,0,0,6,0,0,0,6,0,0,0,0,0,6,0,0,0,8
11101120909,core,3,0,22,19,13,9,0,0,0,60,0,6,4,3,0,6,0,0,0,31,0,0,0,0,0,0,0,0,0,5,0,0,0,0,0,0,0,0,0,0,4,9,25,23,13,12,0,0,0,91,0,0,0,0,0,0,0,0,0,5,3,0,0,0,0,0,0,0,0,4,3,0,0,0,0,0,0,0,0,7,9,15,25,23,15,12,0,0,0,101,4,0,0,0,6,14,11,4,3,43,0,5,0,0,3,0,0,0,0,7,10,15,27,23,19,19,16,4,3,146,0,0,23,5,10,3,0,0,0,45,8,9,8,12,12,10,0,0,0,47,0,0,0,0,0,0,0,0,0,0,0,0,0,0,0,0,0,0,0,0,7,13,29,16,19,14,0,0,0,98,0,6,0,0,0,0,0,0,0,4,0,0,0,0,0,0,0,0,0,3,0,0,0,0,0,0,0,0,0,12
11101120910,core,0,4,21,11,16,5,0,0,0,50,0,3,3,0,0,0,0,0,0,13,0,0,0,0,0,0,0,0,0,0,0,0,0,0,0,0,0,0,0,0,0,8,25,15,16,12,0,0,0,70,0,0,3,0,0,0,0,0,0,5,0,0,0,0,0,0,0,0,0,4,0,0,3,0,0,0,0,0,0,5,0,8,25,18,16,12,5,0,0,75,4,0,0,4,6,8,12,6,6,41,0,0,0,0,0,0,0,0,0,3,3,7,31,22,14,21,14,8,6,121,0,11,3,8,3,5,0,0,0,41,3,7,13,6,3,5,0,0,0,39,0,0,0,0,0,0,0,0,0,0,0,0,0,0,0,0,0,0,0,0,3,14,24,21,10,10,0,0,0,78,0,0,0,0,0,0,0,0,0,0,0,0,0,0,0,0,0,0,0,3,0,0,0,0,0,0,0,0,0,3
11101120911,core,8,3,21,15,19,10,3,0,0,66,4,0,0,0,0,0,0,0,0,13,0,0,0,0,0,0,0,0,0,7,0,0,0,0,0,0,0,0,0,0,5,4,24,13,22,6,4,0,0,86,0,0,3,0,0,0,0,0,0,0,0,0,0,0,0,0,0,0,0,0,0,0,3,0,0,0,0,0,0,0,5,5,22,13,22,6,4,0,0,90,3,0,3,0,5,0,11,5,0,32,0,0,0,3,0,0,0,0,0,8,12,3,33,22,24,11,15,5,0,127,0,8,12,9,11,3,0,0,0,44,4,11,7,6,8,5,0,0,0,37,0,3,0,0,0,0,0,0,0,8,0,0,0,0,0,0,0,0,0,0,4,12,15,14,20,9,4,0,0,81,0,0,0,0,0,0,0,0,0,0,0,0,0,0,0,0,0,0,0,0,0,0,0,0,0,0,0,0,0,3
11101120912,core,0,0,31,15,14,3,0,0,0,58,5,0,0,0,6,3,0,0,0,17,0,0,0,0,0,0,0,0,0,3,0,0,0,0,0,0,0,0,0,0,7,3,25,14,13,8,4,0,0,73,0,0,0,0,0,0,0,0,0,0,3,0,0,0,0,0,0,0,0,4,3,0,0,0,0,0,0,0,0,6,8,3,32,14,11,8,4,0,0,79,5,0,4,0,0,3,6,7,0,23,0,0,0,0,0,0,0,0,0,3,10,3,33,14,11,13,8,10,0,106,5,0,11,8,9,7,0,0,0,35,3,0,8,7,9,7,0,0,0,43,0,0,0,0,0,0,0,0,0,3,0,0,0,0,0,0,0,0,0,0,3,0,29,14,16,9,5,0,0,82,0,0,0,0,0,0,0,0,0,3,0,0,0,0,0,0,0,0,0,3,4,0,0,0,0,0,0,0,0,5
11101120913,core,0,5,32,38,17,9,0,0,0,112,8,0,9,9,0,3,0,0,0,19,0,3,0,0,0,0,0,0,0,5,0,0,0,0,0,0,0,0,0,5,8,11,44,44,22,14,0,0,0,139,0,0,3,0,0,0,0,0,0,3,0,0,0,0,0,0,0,0,0,0,0,0,4,0,0,0,0,0,0,8,10,11,47,44,22,18,0,0,0,149,3,0,0,0,0,4,16,3,0,34,0,0,0,0,0,0,0,0,0,5,17,8,50,45,23,19,18,3,0,184,5,0,22,16,10,0,0,0,0,59,7,4,17,19,11,9,0,0,0,72,0,0,5,7,0,0,0,0,0,6,0,0,0,0,0,0,0,0,0,4,12,7,40,45,16,12,3,0,0,139,0,0,0,0,0,0,0,0,0,0,5,0,0,0,0,0,0,0,0,3,5,0,0,0,0,0,0,0,0,3
11101120914,core,4,9,20,18,22,8,6,0,0,96,6,4,4,0,6,5,0,0,0,19,0,0,0,0,0,0,0,0,0,0,0,0,0,0,0,0,0,0,0,0,3,18,30,22,36,14,4,0,0,118,0,0,0,0,0,0,0,0,0,6,0,0,0,0,0,0,0,0,0,3,0,0,0,0,0,4,0,0,0,6,4,18,30,25,36,18,4,0,0,130,10,0,0,0,5,3,24,24,0,61,0,0,0,0,5,0,0,0,0,4,16,13,28,24,44,16,31,24,0,197,4,15,17,18,12,5,0,0,0,69,7,3,8,18,8,11,4,0,0,64,0,0,0,4,0,0,0,0,0,11,0,0,0,0,0,0,0,0,0,0,10,20,28,38,18,14,8,0,0,137,0,0,0,0,0,0,0,0,0,3,0,0,0,0,0,0,0,0,0,0,0,0,0,0,0,3,0,0,0,5
11101120915,core,0,9,17,29,43,21,0,0,0,124,10,4,12,7,8,4,4,0,0,40,0,0,0,0,0,0,0,0,0,5,0,0,4,0,0,0,0,0,0,3,13,18,22,35,49,27,9,0,0,180,0,0,0,6,0,0,0,0,0,6,0,0,0,0,0,0,0,0,0,4,0,0,0,4,0,0,0,0,0,7,11,18,29,40,44,29,9,0,0,186,7,0,0,0,5,14,26,17,5,79,0,0,0,0,0,0,0,0,0,0,24,21,32,40,57,44,32,19,5,266,0,5,14,16,20,10,0,0,0,64,5,8,9,20,21,21,0,0,0,90,4,0,3,5,0,3,5,0,0,16,0,0,0,0,0,0,0,0,0,0,15,12,24,42,45,26,6,0,0,170,0,0,0,0,0,0,0,0,0,0,0,0,0,0,0,0,0,0,0,0,0,0,0,0,4,0,0,0,0,3
11101120916,core,0,6,21,22,14,13,5,0,0,78,0,11,0,4,4,4,0,0,0,24,0,0,0,0,0,0,0,0,0,0,0,0,0,0,3,0,0,0,0,3,3,15,22,22,23,10,0,0,0,103,0,0,0,0,5,0,0,0,0,11,0,0,0,0,0,0,0,0,0,0,0,0,0,0,5,4,0,0,0,11,5,15,24,22,24,18,3,0,0,120,11,0,5,0,0,4,21,18,6,61,0,0,0,0,0,0,0,0,0,0,14,17,28,22,32,23,19,25,6,178,0,6,8,5,13,8,0,0,0,43,3,0,18,5,6,4,0,0,0,46,0,0,0,0,0,0,0,0,0,3,0,0,0,0,0,0,0,0,0,0,3,8,26,17,25,16,0,0,0,95,0,0,0,0,0,0,0,0,0,0,3,0,0,0,0,0,0,0,0,3,3,0,0,0,0,0,0,0,0,4
11101120917,core,0,10,26,23,19,16,3,0,0,104,3,5,5,5,5,3,4,0,0,30,0,0,0,0,0,0,0,0,0,3,0,0,0,0,0,0,0,0,0,3,9,14,31,29,29,28,7,0,0,139,0,0,0,0,0,0,0,0,0,0,0,0,0,0,0,0,0,0,0,0,0,0,0,0,0,0,0,0,0,0,8,14,31,29,29,28,7,0,0,142,10,5,0,0,4,10,20,8,0,52,0,0,0,0,0,0,0,0,0,0,14,19,31,33,34,36,28,10,0,192,0,4,10,11,19,7,0,0,0,57,8,7,11,14,11,17,3,0,0,69,0,0,3,6,0,0,0,0,0,10,0,0,0,0,0,0,0,0,0,0,8,9,33,32,27,32,3,0,0,141,0,0,0,0,0,0,0,0,0,4,0,0,0,0,0,0,0,0,0,3,0,0,0,0,0,0,0,0,0,7
11101120918,core,3,4,20,37,21,12,6,0,0,109,3,5,0,5,7,4,3,4,0,35,5,0,0,0,0,0,0,0,0,5,0,0,0,0,0,0,0,0,0,0,11,13,24,45,30,18,5,4,0,151,0,0,0,0,0,0,0,0,0,6,9,0,0,0,0,0,0,0,0,4,7,0,0,0,0,0,0,0,0,6,20,13,27,44,30,18,5,4,0,162,6,4,4,3,6,13,15,12,11,63,0,0,0,0,0,0,0,0,0,4,22,16,28,48,37,30,21,16,11,229,0,4,15,12,16,10,0,0,0,50,4,7,6,19,12,4,3,0,0,55,0,0,0,3,0,4,0,0,0,14,0,0,0,0,0,0,0,0,0,0,7,6,20,33,28,23,7,0,0,118,0,0,0,0,0,0,0,0,0,0,0,0,0,0,0,0,0,0,0,0,0,3,0,0,0,0,0,0,0,9
11101120919,core,0,3,11,21,10,19,4,0,0,72,4,6,5,5,5,7,3,0,0,34,0,0,0,0,0,4,0,0,0,4,0,0,0,0,0,0,0,0,0,0,6,13,16,26,17,22,9,0,0,108,0,0,0,0,0,0,0,0,0,0,0,0,0,0,0,0,0,0,0,0,0,0,0,0,0,0,0,0,0,0,6,11,16,26,17,22,9,0,0,107,9,0,4,0,0,4,20,13,0,45,0,0,0,0,0,0,0,0,0,0,14,10,19,25,17,26,27,13,0,155,0,5,8,10,10,14,0,0,0,45,6,8,7,11,7,10,0,0,0,56,0,0,0,0,0,0,0,0,0,6,0,0,0,0,0,0,0,0,0,0,9,13,15,23,19,24,0,0,0,99,0,0,0,0,0,0,0,0,0,3,0,0,0,0,0,0,0,0,0,4,0,0,0,0,0,4,0,0,0,9
11101120920,core,0,13,14,20,36,19,6,0,0,113,6,5,5,0,3,3,4,0,0,26,7,0,0,0,0,0,0,0,0,9,0,0,0,0,0,0,0,0,0,0,16,10,18,32,41,24,6,0,0,154,0,0,0,0,0,0,0,0,0,3,0,3,0,0,0,0,0,0,0,5,0,4,0,0,0,0,0,0,0,7,19,17,18,31,41,24,6,0,0,158,5,0,0,3,0,11,12,5,0,39,0,0,0,0,0,0,0,0,0,5,24,15,18,32,48,34,15,7,0,204,0,8,3,13,25,11,4,0,0,71,12,16,14,13,16,10,4,0,0,81,3,0,0,0,0,0,0,0,0,10,0,0,0,0,0,0,0,0,0,0,22,22,17,28,47,24,5,0,0,162,0,0,0,0,0,0,0,0,0,0,0,0,0,0,0,0,0,0,0,5,0,0,0,0,4,0,0,0,0,3
11101120921,core,0,8,34,28,24,20,0,0,0,114,6,7,4,4,0,5,0,4,0,29,0,0,0,0,0,0,0,0,0,0,0,0,0,0,0,0,0,0,0,0,12,14,34,32,30,27,7,4,0,144,0,0,0,0,0,0,0,0,0,0,0,0,0,0,0,0,0,0,0,3,0,0,0,0,0,0,0,0,0,7,12,15,37,26,30,27,7,4,0,152,10,3,5,6,4,16,10,19,7,70,0,0,0,0,0,0,0,0,0,8,15,17,44,34,34,42,14,21,7,229,0,0,18,18,14,7,0,0,0,52,4,6,15,18,10,14,0,0,0,69,5,0,3,0,0,0,0,0,0,11,0,0,0,0,0,0,0,0,0,0,9,9,33,34,25,14,4,0,0,131,0,0,5,0,0,0,0,0,0,5,0,0,0,0,0,0,0,0,0,0,0,0,3,0,0,0,0,0,0,5
11101120922,core,0,18,26,26,17,9,0,0,0,100,9,7,3,4,3,6,5,0,0,30,0,0,3,0,5,0,0,0,0,12,0,0,0,0,0,0,0,0,0,5,8,29,39,27,21,19,6,0,0,143,0,0,0,0,0,0,0,0,0,6,0,0,0,0,0,0,0,0,0,4,3,0,4,5,0,0,0,0,0,7,8,30,39,30,21,20,6,0,0,154,3,0,0,3,0,13,18,7,9,59,0,0,0,0,0,0,0,0,0,4,12,30,40,33,24,31,23,7,9,213,0,7,20,12,14,6,5,0,0,63,0,9,17,9,10,4,0,0,0,49,6,5,4,4,0,0,0,0,0,17,0,0,0,0,0,0,0,0,0,4,8,20,40,27,23,13,3,0,0,132,0,0,0,0,0,0,0,0,0,0,0,0,0,0,0,0,0,0,0,4,0,0,0,0,0,0,0,0,0,5
11101120923,core,0,6,31,26,17,9,0,0,0,88,3,4,7,3,4,0,0,0,0,25,0,0,0,0,0,0,0,0,0,3,0,0,0,0,0,0,0,0,0,0,7,11,34,31,15,15,0,0,0,116,0,0,0,0,0,0,0,0,0,3,0,0,0,0,0,0,0,0,0,6,0,0,3,0,0,0,0,0,0,6,6,9,37,33,15,14,0,0,0,122,4,0,0,0,4,4,25,8,0,44,0,0,0,0,0,0,0,0,0,6,17,12,39,36,25,15,28,4,0,177,0,5,15,21,13,0,0,0,0,48,3,5,5,9,6,13,0,0,0,45,0,0,3,0,4,0,0,0,0,7,0,0,0,0,0,0,0,0,0,0,3,7,24,29,19,15,3,0,0,107,0,0,0,0,0,0,0,0,0,4,0,0,5,0,0,0,0,0,0,5,0,0,4,0,0,0,0,0,0,0
11101120924,core,0,3,26,25,18,6,0,0,0,86,0,3,0,6,8,3,0,0,0,22,0,0,0,0,0,0,0,0,0,3,0,0,0,0,0,0,0,0,0,0,3,8,31,37,19,12,0,0,0,116,0,4,0,0,0,0,0,0,0,5,6,0,0,0,0,0,0,0,0,6,6,4,0,0,0,0,0,0,0,4,8,13,36,37,19,15,0,0,0,125,3,4,0,3,0,4,15,16,3,53,0,0,0,3,0,0,0,0,0,13,11,13,37,41,22,18,18,14,3,182,0,8,9,15,12,6,0,0,0,56,4,8,13,12,7,8,3,0,0,55,0,0,5,3,0,0,0,0,0,14,0,0,0,0,0,0,0,0,0,0,6,10,29,27,21,12,3,0,0,121,0,0,0,0,0,0,0,0,0,7,0,0,0,0,0,0,0,0,0,4,0,0,0,0,4,0,0,0,0,9
11101120925,core,0,10,33,25,19,3,5,0,0,96,4,4,12,7,7,7,0,0,0,35,0,0,0,0,0,0,0,0,0,6,0,0,0,0,0,0,0,0,0,3,8,20,42,38,25,11,6,0,0,146,0,0,4,0,0,0,0,0,0,4,0,5,0,0,0,0,0,0,0,0,0,5,0,0,0,0,0,0,0,10,8,21,45,37,25,16,6,0,0,151,6,8,5,10,10,16,26,17,4,97,0,0,0,0,3,5,3,0,0,11,16,32,57,43,36,31,32,17,4,265,0,8,29,15,10,13,0,0,0,79,8,10,15,16,8,4,0,0,0,65,0,0,0,3,3,0,0,0,0,7,0,0,0,0,0,0,0,0,0,3,3,19,46,39,23,20,4,0,0,158,0,0,0,0,0,0,0,0,0,0,4,0,0,0,0,0,0,0,0,6,4,0,0,0,0,0,0,0,0,6
11101120926,core,3,8,25,19,13,6,0,0,0,72,0,0,3,9,9,4,4,0,0,30,0,4,0,0,0,0,0,0,0,3,0,0,0,0,0,0,0,0,0,0,5,14,28,23,21,8,4,0,0,108,0,0,0,0,0,0,0,0,0,0,0,0,0,0,0,0,0,0,0,0,0,0,0,0,0,3,0,0,0,6,10,14,28,23,21,10,4,0,0,112,3,6,0,0,7,9,14,6,4,44,0,0,0,0,0,0,5,0,0,3,7,13,31,27,27,24,22,6,6,164,0,3,10,10,8,5,0,0,0,39,8,3,15,11,12,12,0,0,0,60,0,0,0,4,4,0,0,0,0,9,0,0,0,0,0,0,0,0,0,0,3,10,22,29,22,14,4,0,0,107,3,0,0,0,0,0,0,0,0,5,0,0,0,0,0,0,0,0,0,3,3,0,0,0,0,0,0,0,0,10
11101120927,core,0,7,17,27,15,25,0,0,0,91,6,4,8,4,4,0,0,0,0,21,0,0,0,0,0,8,0,0,0,6,0,0,0,0,0,0,0,0,0,0,5,8,20,34,17,31,0,0,0,122,0,0,0,0,0,0,0,0,0,0,0,0,0,0,0,0,0,0,0,0,0,0,0,0,0,0,0,0,0,0,5,11,20,34,17,31,0,0,0,122,3,0,0,3,3,3,7,3,0,32,0,0,0,0,0,0,8,29,12,45,12,11,26,33,23,40,12,28,12,197,0,0,15,14,3,4,0,0,0,39,4,5,16,11,20,8,5,0,0,71,0,0,5,0,0,0,0,0,0,10,0,0,0,0,0,0,0,0,0,0,3,12,32,23,30,20,5,0,0,118,0,0,0,0,0,0,0,0,0,0,0,0,0,0,0,0,0,0,0,0,0,0,0,0,0,0,0,0,0,0
11101120928,core,0,6,28,26,22,16,3,0,0,107,7,0,0,0,3,6,7,0,0,29,0,0,4,0,0,0,0,0,0,10,0,0,0,0,0,0,0,0,0,0,9,14,29,33,30,23,5,0,0,150,0,0,0,0,0,0,0,0,0,7,0,0,0,0,0,0,0,0,0,0,0,0,0,0,4,0,0,0,0,6,9,14,29,35,35,23,5,0,0,149,9,3,0,0,3,9,10,10,5,48,0,0,0,0,0,0,0,0,0,5,19,12,37,32,36,34,19,12,5,201,0,10,10,9,20,13,0,0,0,62,13,12,19,14,6,15,3,0,0,78,0,3,0,0,4,0,0,0,0,11,0,0,0,0,0,0,0,0,0,0,13,17,31,26,29,27,3,0,0,147,0,0,0,0,0,0,0,0,0,0,0,0,0,0,0,0,0,0,0,3,0,0,0,6,0,0,0,0,0,7
11101120929,core,3,4,3,15,19,7,0,0,0,52,9,3,8,0,3,6,0,0,0,20,0,0,0,0,0,0,0,0,0,0,0,0,0,0,0,0,0,0,0,4,6,9,9,18,23,11,3,0,0,76,0,0,0,0,0,0,0,0,0,3,3,0,0,0,0,0,0,0,0,3,3,0,0,0,0,0,0,0,0,4,12,9,10,18,23,11,3,0,0,76,3,0,0,0,5,8,10,8,0,38,0,0,0,0,0,0,0,0,0,0,12,10,11,17,28,17,9,6,0,119,0,5,3,9,8,6,0,0,0,29,4,0,3,15,8,10,0,0,0,36,0,0,0,0,0,0,0,0,0,0,0,0,0,0,0,0,0,0,0,4,8,9,5,19,20,11,0,0,0,71,0,0,0,0,0,0,0,0,0,0,0,0,0,0,0,0,0,0,0,3,0,0,0,0,0,0,0,0,0,3
11101120930,core,0,13,16,15,21,11,0,0,0,73,7,5,4,5,5,3,0,0,0,27,0,0,0,5,0,0,0,0,0,5,0,0,0,0,0,0,0,0,0,0,7,15,21,24,27,14,3,0,0,102,0,0,7,0,0,0,0,0,0,3,0,0,0,0,0,0,0,0,0,0,0,0,7,0,0,0,0,0,0,8,5,15,25,24,27,15,3,0,0,104,9,0,5,0,3,8,10,6,0,38,0,0,0,4,3,0,0,0,0,5,14,15,28,21,28,27,14,3,0,153,3,4,13,15,12,7,0,0,0,46,10,12,5,8,11,11,0,0,0,54,0,0,7,0,0,0,0,0,0,10,0,0,0,0,0,0,0,0,0,0,16,23,24,26,19,23,0,0,0,113,0,0,0,0,0,0,0,0,0,3,0,0,0,0,0,0,0,0,0,0,0,0,0,0,0,0,0,0,0,3
11101120931,core,4,8,20,17,17,10,0,0,0,73,6,7,3,3,4,3,0,0,0,25,0,0,0,0,4,3,0,0,0,8,0,0,0,0,0,0,0,0,0,0,6,13,25,24,25,15,0,0,0,107,0,0,0,0,0,0,0,0,0,11,0,0,0,0,0,0,0,0,0,0,0,0,0,0,0,0,0,0,0,8,9,14,23,25,23,19,3,0,0,117,3,4,3,6,6,6,19,12,4,63,0,3,0,0,0,0,0,0,0,4,11,22,32,30,25,29,17,12,4,189,5,5,7,7,13,10,5,0,0,45,7,4,17,9,7,4,0,0,0,52,0,0,0,0,0,3,0,0,0,9,0,0,5,0,0,0,0,0,0,3,9,4,27,14,19,17,9,0,0,103,0,0,0,0,0,0,0,0,0,0,0,0,0,0,0,0,0,0,0,0,0,0,0,0,0,0,0,0,0,0
11101120932,core,4,15,37,15,23,11,0,0,0,103,4,0,12,5,8,0,0,0,0,35,0,0,0,4,0,0,0,0,0,8,0,0,0,0,0,0,0,0,0,0,4,16,45,27,29,13,5,0,0,143,0,0,0,0,0,0,0,0,0,3,0,0,0,0,0,0,0,0,0,4,0,4,0,0,0,0,0,0,0,8,5,16,45,25,29,13,5,0,0,145,5,0,0,6,7,12,14,6,5,56,0,0,4,3,0,0,0,0,0,13,9,21,54,35,40,26,21,9,6,213,0,10,12,10,18,13,0,0,0,60,3,8,19,14,15,7,3,0,0,71,0,0,0,4,0,0,0,0,0,6,0,0,0,0,0,0,0,0,0,3,3,20,33,32,28,22,3,0,0,138,0,0,0,0,0,0,0,0,0,4,0,0,0,0,0,0,0,0,0,3,0,3,0,0,0,0,0,0,0,5
11101120933,core,0,4,27,12,15,16,4,0,0,76,3,12,13,11,7,0,0,0,0,40,0,0,0,0,0,0,0,0,0,10,0,0,0,0,0,0,0,0,0,0,9,15,40,19,26,15,4,0,0,128,4,0,0,7,0,0,0,0,0,17,3,0,0,0,0,0,0,0,0,6,6,8,3,10,0,0,0,0,0,21,10,20,43,29,29,22,4,0,0,148,7,12,7,12,13,18,34,16,4,108,0,0,5,3,0,3,0,0,0,8,21,32,47,38,37,42,38,16,5,270,0,13,13,10,9,9,0,0,0,47,3,11,16,13,14,11,0,0,0,61,0,0,0,3,0,0,0,0,0,9,0,0,0,0,0,0,0,0,0,4,9,18,29,25,23,15,0,0,0,113,0,0,0,0,0,0,0,0,0,6,0,0,0,0,0,0,0,0,0,7,3,0,0,0,0,0,0,0,0,7
11101120934,core,0,6,16,18,9,9,0,0,0,75,0,3,3,0,6,0,0,3,0,16,0,0,0,0,3,0,0,0,0,8,0,0,0,0,0,0,0,0,0,5,4,10,24,29,18,12,0,0,0,100,0,0,0,0,0,5,0,0,0,3,0,0,0,0,0,0,0,0,0,0,0,0,0,0,0,5,0,0,0,7,3,13,29,24,18,14,0,0,0,103,3,0,4,0,7,8,20,15,0,58,0,0,0,0,0,0,0,3,0,12,12,16,33,29,26,21,19,20,0,176,5,7,12,10,19,9,0,0,0,52,9,13,10,14,6,9,0,0,0,56,0,0,3,5,0,0,0,0,0,8,0,0,0,0,0,0,0,0,0,3,4,17,20,28,23,14,0,0,0,115,0,0,0,0,0,0,0,0,0,0,0,0,0,0,0,0,0,0,0,0,0,0,0,0,0,0,0,0,0,0
11101120935,core,0,4,13,23,12,10,0,0,0,67,12,6,5,0,3,0,0,0,0,22,0,0,0,0,0,0,0,0,0,5,0,0,0,0,0,0,0,0,0,4,12,8,19,27,18,11,0,0,0,98,0,0,0,0,0,0,0,0,0,0,0,0,0,0,0,0,0,0,0,4,0,0,0,0,0,0,0,0,0,6,18,9,26,27,18,10,4,0,0,103,0,0,15,3,4,13,13,14,5,66,0,0,0,0,4,0,0,5,5,7,20,9,35,34,17,21,13,23,12,178,0,4,12,12,14,3,0,0,0,42,3,6,9,3,4,0,0,0,0,36,0,0,7,0,0,0,0,0,0,10,0,6,0,0,0,0,0,0,0,6,9,11,29,19,22,3,0,0,0,94,0,0,0,0,0,0,0,0,0,0,0,0,0,0,0,0,0,0,0,0,0,0,0,0,0,0,0,0,0,0
11101120936,core,0,4,22,23,13,14,0,0,0,76,4,3,8,5,0,0,0,0,0,23,0,0,5,0,0,0,0,0,0,4,0,0,0,0,0,0,0,0,0,0,4,7,29,33,12,13,3,0,0,103,0,0,0,0,0,0,0,0,0,0,0,0,0,0,0,0,0,0,0,3,0,0,0,0,0,0,0,0,0,6,0,6,36,31,18,13,6,0,0,107,3,0,3,0,0,4,8,7,0,34,0,0,0,0,0,0,0,0,0,7,9,6,38,32,15,21,12,7,0,148,0,4,11,10,12,11,0,0,0,50,3,3,13,15,13,0,0,0,0,48,0,0,6,0,0,0,0,0,0,3,0,0,0,0,0,0,0,0,0,0,4,4,33,25,18,9,3,0,0,102,0,0,0,0,0,0,0,0,0,0,3,0,0,0,0,0,0,0,0,0,3,0,0,0,0,0,0,0,0,5
11101120937,core,0,0,0,0,0,5,0,0,0,9,0,0,0,0,0,0,0,0,0,0,0,0,0,0,0,0,0,0,0,0,0,0,0,0,0,0,0,0,0,0,0,0,0,0,0,5,0,0,0,9,0,0,0,0,0,0,0,0,0,0,0,0,0,0,0,0,0,0,0,0,0,0,0,0,0,0,0,0,0,0,0,0,0,0,0,5,0,0,0,4,0,0,0,0,0,0,0,0,0,3,0,0,0,0,5,0,0,0,0,4,0,0,0,0,8,6,0,0,0,14,0,0,0,0,0,0,0,0,0,4,0,0,0,0,0,0,0,0,0,0,0,0,0,0,0,0,0,0,0,0,0,0,0,0,0,0,0,0,0,0,0,0,0,0,0,0,0,0,0,4,0,0,0,0,0,0,0,0,0,0,0,0,0,0,0,0,0,0,0,0,0,0,0,0,0,0,0,0,0,0
11101120938,core,0,0,0,0,0,0,0,0,0,0,0,0,0,0,0,0,0,0,0,0,0,0,0,0,0,0,0,0,0,0,0,0,0,0,0,0,0,0,0,0,0,0,0,0,0,0,0,0,0,0,0,0,0,0,0,0,0,0,0,0,0,0,0,0,0,0,0,0,0,0,0,0,0,0,0,0,0,0,0,0,0,0,0,0,0,0,0,0,0,0,0,0,0,0,0,0,0,0,0,0,0,0,0,0,0,0,0,0,0,0,0,0,0,0,0,0,0,0,0,0,0,0,0,0,0,0,0,0,0,0,0,0,0,0,0,0,0,0,0,0,0,0,0,0,0,0,0,0,0,0,0,0,0,0,0,0,0,0,0,0,0,0,0,0,0,0,0,0,0,0,0,0,0,0,0,0,0,0,0,0,0,0,0,0,0,0,0,0,0,0,0,0,0,0,0,0,0,0,0,0
11101120939,core,4,8,54,69,44,18,7,0,0,194,5,5,5,13,5,4,0,0,0,32,3,0,0,0,0,0,0,0,0,8,0,0,0,0,0,0,0,0,0,0,12,13,59,84,44,24,7,0,0,237,0,0,4,0,0,0,0,0,0,5,5,0,0,0,0,0,0,0,0,5,5,0,4,0,0,0,0,0,0,9,16,13,63,82,44,24,7,0,0,243,13,0,7,0,6,5,22,9,3,63,0,0,0,5,0,0,0,0,0,3,23,15,63,90,50,32,25,9,3,311,5,14,36,28,21,11,0,0,0,104,15,6,33,26,15,15,0,0,0,116,0,0,0,7,0,4,0,0,0,16,0,0,0,0,0,0,0,0,0,0,17,19,70,63,40,25,3,0,0,235,0,0,0,0,0,0,0,0,0,3,3,0,0,4,3,0,0,0,0,7,3,0,0,4,3,0,0,0,0,12
11101120940,core,3,3,23,17,7,15,0,0,0,74,3,3,5,3,5,7,0,0,0,29,0,0,0,0,0,0,0,0,0,0,0,0,0,0,0,0,0,0,0,0,3,9,29,19,19,19,4,0,0,110,0,0,0,0,0,0,0,0,0,3,0,0,0,0,0,0,0,0,0,0,0,0,0,0,0,0,0,0,0,6,8,9,36,22,19,21,4,0,0,112,6,3,9,11,0,7,13,5,6,64,0,0,0,0,0,0,0,0,0,3,15,10,34,35,25,27,16,4,6,177,0,6,5,5,9,4,0,0,0,34,5,6,10,6,9,6,0,0,0,40,3,0,3,5,0,0,0,0,0,13,0,0,0,0,0,0,0,0,0,0,10,11,20,18,16,11,0,0,0,92,0,0,0,0,0,0,0,0,0,0,0,0,0,0,0,0,0,0,0,0,0,0,0,0,0,0,0,0,0,3
11101120941,core,0,3,20,26,23,14,6,0,0,93,14,3,3,8,0,3,0,0,0,32,0,0,0,0,4,0,0,0,0,4,0,0,0,0,0,0,0,0,0,0,14,7,29,30,29,19,3,0,0,131,0,0,0,0,0,0,0,0,0,4,0,0,0,0,0,0,0,0,0,0,0,0,0,0,0,0,0,0,0,4,14,12,29,30,29,16,3,0,0,131,11,4,5,6,0,3,13,6,0,42,3,0,0,0,0,0,0,0,0,6,22,16,29,32,29,21,14,9,0,177,0,0,11,12,18,10,0,0,0,54,6,4,12,14,9,7,0,0,0,59,0,0,3,0,3,0,0,0,0,10,0,0,0,0,0,0,0,0,0,0,6,7,32,28,23,16,0,0,0,126,0,0,0,0,0,0,0,0,0,0,0,0,0,0,0,0,0,0,0,4,0,0,0,0,0,0,0,0,0,4
11101120942,core,0,3,14,20,31,17,0,0,0,85,0,3,0,0,3,6,0,0,0,22,4,0,0,3,0,0,0,0,0,10,0,0,0,0,0,0,0,0,0,0,8,6,15,24,33,19,0,0,0,111,0,0,0,0,0,0,0,0,0,4,0,0,0,0,0,0,0,0,0,5,6,0,0,0,0,0,0,0,0,5,10,6,18,24,39,19,4,0,0,115,13,5,5,0,3,4,14,11,10,53,0,0,0,0,0,0,0,0,0,3,18,9,17,24,40,23,13,14,10,170,0,0,6,10,16,4,3,0,0,39,6,9,15,15,12,10,0,0,0,66,0,0,0,4,0,4,0,0,0,7,0,0,0,0,0,0,0,0,0,0,10,12,14,26,26,23,4,0,0,119,0,0,0,0,0,0,0,0,0,0,3,0,0,0,0,0,0,0,0,3,3,0,0,0,0,0,0,0,0,6
11101120943,core,0,5,14,18,15,14,9,0,0,80,9,6,4,10,4,0,0,0,0,25,0,4,0,4,0,0,0,0,0,7,0,0,0,0,0,0,0,0,0,0,13,6,12,32,27,19,10,0,0,116,0,0,0,0,0,0,0,0,0,0,3,0,0,0,0,0,0,0,0,3,3,0,0,0,0,0,0,0,0,3,14,6,14,32,29,19,10,0,0,122,8,0,0,0,0,7,13,15,0,50,0,0,0,0,0,0,3,0,0,10,21,6,16,32,26,26,31,11,0,177,0,0,10,12,12,5,4,0,0,44,8,3,6,17,17,12,4,0,0,62,0,0,0,4,0,0,0,0,0,7,0,0,0,0,0,0,0,0,0,0,6,6,16,31,33,22,6,0,0,117,0,0,0,0,0,0,0,0,0,0,0,0,4,0,0,0,0,0,0,4,0,0,4,0,0,0,0,0,0,0
11101120944,core,0,5,10,25,24,9,0,0,0,70,8,5,0,7,3,0,3,0,0,25,0,0,0,0,4,0,0,0,0,10,0,0,0,0,0,0,0,0,0,0,3,7,6,26,28,14,4,0,0,106,0,0,0,0,0,0,0,0,0,0,0,0,0,0,0,0,0,0,0,0,0,0,0,0,0,0,0,0,0,0,9,7,6,26,28,15,4,0,0,109,8,0,0,0,0,8,28,20,4,65,0,0,0,0,0,0,0,0,0,3,10,12,8,31,33,23,34,21,4,173,0,0,9,9,7,4,0,0,0,35,4,7,6,10,9,4,8,0,0,44,0,0,0,3,0,4,0,0,0,11,0,0,0,0,0,0,0,0,0,0,8,7,15,22,21,17,6,0,0,91,0,0,0,0,0,0,0,0,0,0,0,0,0,0,0,0,0,0,0,0,0,0,0,0,0,0,0,0,0,0
11101120945,core,0,5,12,31,22,7,5,0,0,84,9,3,9,3,6,3,5,0,0,33,3,0,0,0,0,0,0,0,0,6,0,0,0,0,0,0,0,0,0,0,10,9,17,36,30,12,4,0,0,126,0,0,0,0,0,0,0,0,0,7,0,0,0,0,0,0,0,0,0,5,3,0,0,0,0,0,0,0,0,10,14,12,21,35,30,14,4,0,0,130,4,0,0,4,0,8,18,5,0,41,0,0,0,0,0,0,0,0,0,3,24,12,21,37,31,24,21,5,0,172,0,0,8,11,13,6,0,0,0,51,11,4,8,18,8,10,3,0,0,60,3,0,0,4,0,0,0,0,0,6,0,0,0,0,0,0,0,0,0,0,11,0,14,35,26,17,4,0,0,120,0,0,0,0,0,0,0,0,0,0,0,0,0,0,0,0,0,0,0,6,0,0,0,0,0,0,0,0,0,4
11101120946,core,0,0,19,23,13,20,3,0,0,83,4,8,3,4,3,7,0,0,0,33,0,0,0,0,4,0,0,0,0,7,0,0,0,0,0,0,0,0,0,0,4,7,19,25,24,25,8,4,0,123,0,0,0,0,0,0,0,0,0,0,0,0,0,0,0,0,0,0,0,0,0,0,0,0,0,0,0,0,0,0,4,5,19,25,24,25,8,4,0,125,8,0,6,0,0,5,13,7,0,40,0,0,0,0,0,0,0,0,0,3,11,8,22,26,28,35,25,11,0,170,0,3,14,18,15,12,0,0,0,51,6,4,6,14,9,12,3,0,0,60,0,0,0,4,0,0,0,0,0,8,0,0,0,0,0,0,0,0,0,0,10,4,20,35,16,26,3,0,0,111,0,0,0,0,0,0,0,0,0,0,0,0,0,0,0,0,0,0,0,0,0,0,0,0,0,0,0,0,0,3
11101120947,core,6,9,8,22,30,24,0,0,0,87,13,6,0,0,4,7,0,0,0,36,4,3,0,0,0,0,0,0,0,6,0,0,0,0,0,0,0,0,0,0,18,19,14,23,34,26,0,0,0,135,0,0,0,0,0,0,0,0,0,3,4,3,0,0,0,0,0,0,0,4,4,4,0,0,0,0,0,0,0,7,22,23,13,23,33,26,0,0,0,138,11,0,0,9,3,4,7,14,6,50,0,0,0,0,0,0,0,0,0,10,34,23,13,32,40,35,11,16,6,196,6,11,8,11,20,11,0,0,0,64,14,8,12,10,20,14,5,0,0,75,0,0,4,0,0,0,0,0,0,8,0,0,0,0,0,0,0,0,0,0,11,20,22,24,38,26,5,0,0,147,0,0,0,0,0,0,0,0,0,0,0,0,0,0,0,0,0,0,0,6,0,0,0,0,0,0,0,0,0,8
11101120948,core,0,13,33,25,24,10,0,0,0,99,10,6,9,3,3,4,0,0,0,35,0,0,4,0,5,4,0,0,0,7,0,0,0,0,0,0,0,0,0,0,11,21,41,23,28,14,3,0,0,142,0,0,0,0,0,0,0,0,0,0,0,0,0,0,0,0,0,0,0,0,0,0,0,0,0,0,0,0,0,3,11,21,41,23,28,13,3,0,0,147,3,0,7,3,4,12,20,14,0,58,0,0,0,0,0,0,0,0,0,6,19,27,49,31,33,27,17,19,0,214,0,0,13,11,13,5,0,0,0,41,4,3,10,23,14,9,4,0,0,63,0,0,0,0,6,0,0,0,0,8,0,0,0,0,0,0,0,0,0,0,4,5,22,36,24,15,5,0,0,118,0,0,0,0,0,0,0,0,0,4,0,0,0,0,0,0,0,0,0,0,0,0,0,0,0,0,0,0,0,7
11101120949,core,0,4,26,21,13,6,6,0,0,66,3,5,7,3,4,10,0,0,0,23,0,0,0,0,0,0,0,0,0,4,0,0,0,0,0,0,0,0,0,0,3,6,24,26,13,15,4,0,0,98,0,0,5,0,3,0,0,0,0,7,0,0,0,0,0,0,0,0,0,0,0,0,5,0,3,0,0,0,0,4,3,6,31,26,17,13,4,0,0,101,6,3,0,3,3,7,7,3,0,46,4,0,0,0,3,3,0,0,0,9,13,7,29,29,29,22,10,3,0,153,0,3,18,14,7,8,3,0,0,50,4,0,7,13,11,9,3,0,0,43,0,0,0,0,0,0,0,0,0,6,0,0,0,0,0,0,0,0,0,3,4,3,29,29,17,18,5,0,0,97,0,0,0,0,0,0,0,0,0,0,3,0,0,0,0,0,0,0,0,7,3,0,0,0,0,0,0,0,0,6
11101120950,core,0,5,28,26,18,12,0,0,0,95,0,0,7,10,5,0,5,0,0,31,0,0,0,0,5,0,0,0,0,7,0,0,0,0,0,0,0,0,0,0,4,15,32,44,28,16,7,0,0,132,0,0,4,0,0,0,0,0,0,4,0,0,0,0,0,0,0,0,0,0,0,0,4,0,0,0,0,0,0,4,4,15,40,44,23,19,7,0,0,140,4,3,5,0,5,6,13,13,5,43,0,0,4,0,0,0,0,0,0,3,7,19,42,41,33,24,19,13,5,191,0,4,17,13,13,9,0,0,0,59,12,5,21,7,5,5,5,0,0,61,0,0,3,0,0,0,0,0,0,5,0,0,0,0,0,0,0,0,0,5,9,7,46,26,22,20,5,0,0,126,0,0,0,0,0,4,0,0,0,6,0,0,0,0,0,0,0,0,0,5,0,0,4,0,0,4,0,0,0,8
11101120951,core,0,0,3,11,9,13,0,0,0,31,0,0,0,0,0,5,3,0,0,13,0,0,0,0,0,0,0,0,0,0,0,0,0,0,0,0,0,0,0,0,0,0,6,10,10,12,6,0,0,51,0,0,0,0,0,0,0,0,0,0,0,0,0,0,0,0,0,0,0,0,0,0,0,0,0,0,0,0,0,0,0,0,10,8,10,12,6,0,0,47,0,0,0,0,0,9,10,14,11,43,0,0,0,0,0,0,0,0,0,0,3,0,12,14,11,18,16,13,9,97,0,0,0,3,3,7,0,0,0,17,5,0,0,3,0,13,3,0,0,29,0,0,0,0,0,0,0,0,0,0,0,0,0,0,0,0,0,0,0,0,3,0,4,13,7,20,6,0,0,50,0,0,0,0,0,0,0,0,0,0,0,0,0,0,0,0,0,0,0,0,0,0,0,0,0,0,0,0,0,0
11101120952,core,0,3,10,28,26,17,0,0,0,86,5,6,5,6,0,4,4,0,0,28,0,0,0,4,0,0,0,0,0,4,0,0,0,0,0,0,0,0,0,0,8,8,18,35,28,19,5,0,0,120,0,0,3,0,0,0,0,0,0,3,4,0,0,0,0,0,0,0,0,7,4,0,4,0,0,0,0,0,0,8,10,15,22,35,28,19,5,0,0,122,4,3,7,7,5,8,18,13,0,59,0,0,0,0,0,0,0,0,0,3,15,16,26,39,31,28,22,16,0,186,0,0,11,8,19,4,0,0,0,45,3,11,4,20,8,9,3,0,0,58,0,0,0,0,0,0,0,0,0,7,0,0,0,0,0,0,0,0,0,0,7,12,23,27,30,14,3,0,0,110,0,0,0,0,0,0,0,0,0,3,0,0,0,0,0,0,0,0,0,3,0,0,0,0,0,0,0,0,0,4
11101120953,core,6,5,10,27,23,18,4,0,0,87,4,4,3,3,3,8,0,0,0,25,0,0,0,5,0,0,0,0,0,3,0,0,0,0,0,0,0,0,0,0,4,9,21,32,26,22,4,4,0,116,0,0,0,0,0,0,0,0,0,5,0,0,0,0,0,0,0,0,0,4,0,0,0,0,0,0,0,0,0,5,4,8,16,35,28,19,4,4,0,123,3,0,0,0,3,6,21,13,4,64,0,0,0,0,0,0,0,0,0,3,8,16,22,35,29,32,26,17,4,191,0,4,16,15,12,7,5,0,0,56,7,5,8,18,4,9,5,0,0,50,6,0,4,0,3,0,0,0,0,11,0,0,0,0,0,0,0,0,0,0,10,9,28,37,15,12,10,0,0,120,0,0,0,0,0,0,0,0,0,0,0,0,0,0,0,0,0,0,0,0,0,0,0,0,0,0,0,0,0,0
11101120954,core,3,3,38,24,19,11,0,0,0,100,5,10,6,3,5,9,0,0,0,36,0,0,0,5,0,0,0,0,0,9,0,0,0,0,0,0,0,0,0,3,10,15,46,37,20,22,3,0,0,147,0,0,0,0,0,0,0,0,0,3,0,0,0,0,0,0,0,0,0,4,0,3,0,0,0,0,0,0,0,6,10,15,43,37,20,22,3,0,0,154,15,3,4,0,5,6,21,9,4,68,3,0,0,0,0,0,0,0,0,12,26,19,50,38,28,33,27,14,4,235,0,0,15,21,10,9,4,0,0,64,0,0,15,17,10,12,0,0,0,65,0,0,4,3,3,0,0,0,0,12,0,0,0,0,0,0,0,0,0,6,4,7,34,40,20,26,3,0,0,142,0,0,0,0,0,0,0,0,0,0,0,0,0,4,0,0,0,0,0,3,0,0,0,3,0,0,0,0,0,7
11101120955,core,0,8,6,28,16,15,0,0,0,73,6,0,4,4,3,0,4,0,0,29,0,3,0,0,4,0,0,0,0,7,0,0,0,0,0,0,0,0,0,0,6,13,13,30,23,14,9,0,0,113,0,0,0,0,0,0,0,0,0,0,0,0,0,0,0,0,0,0,0,3,0,0,0,0,0,0,0,0,0,3,6,9,13,30,23,20,9,0,0,115,3,0,6,0,7,5,12,15,3,52,0,0,0,0,0,0,0,0,0,5,14,13,19,35,27,22,20,13,3,175,0,0,13,14,13,8,0,0,0,42,3,3,4,15,14,5,5,0,0,49,0,0,0,3,0,0,6,0,0,10,0,0,0,0,0,0,0,0,0,0,3,7,14,29,28,20,10,0,0,108,0,0,0,0,0,0,0,0,0,5,0,0,0,0,0,0,0,0,0,0,0,0,0,0,0,0,0,0,0,5
11101120956,core,0,0,7,24,19,19,0,0,0,84,4,0,6,0,9,4,3,0,0,33,0,0,0,0,0,0,0,0,0,3,0,0,0,0,0,0,0,0,0,0,9,4,14,28,28,27,12,0,0,118,0,0,4,0,0,0,0,0,0,3,0,0,0,0,0,0,0,0,0,0,0,0,4,0,0,0,0,0,0,3,9,4,17,28,28,24,12,0,0,121,5,0,3,4,3,4,15,4,4,40,0,0,0,0,0,0,0,0,0,5,18,4,22,31,33,29,26,6,3,171,0,0,6,11,17,15,0,0,0,54,8,7,3,8,15,7,4,0,0,60,3,0,3,0,0,0,0,0,0,15,0,3,5,0,0,0,0,0,0,0,12,17,14,24,33,29,4,0,0,135,0,0,4,0,0,0,0,0,0,6,4,0,3,0,0,0,0,0,0,5,4,0,0,0,0,0,6,0,0,6
11101121001,core,0,0,3,0,0,0,0,0,0,6,0,0,4,0,0,0,0,0,0,3,0,0,0,0,0,0,0,0,0,0,0,0,0,0,0,0,0,0,0,0,0,0,9,0,0,3,0,0,0,8,0,0,0,0,0,0,0,0,0,0,0,0,0,0,0,0,0,0,0,4,0,0,0,0,0,0,0,0,0,5,0,0,5,0,0,3,0,0,0,16,0,3,5,3,5,3,6,4,0,35,5,4,0,3,3,0,0,0,0,16,5,8,10,6,5,9,10,4,0,64,0,0,0,0,3,0,0,0,0,0,0,0,0,0,0,0,0,0,0,3,0,0,0,0,0,0,0,0,0,0,0,0,0,0,0,0,0,0,0,0,0,0,0,0,4,5,0,0,0,13,0,0,0,0,0,0,0,0,0,0,0,0,0,0,0,0,0,0,0,0,0,0,0,0,0,0,0,0,0,3
11101121002,core,4,3,6,10,10,13,3,0,0,47,0,3,3,3,3,5,0,0,0,19,0,0,0,0,0,0,0,0,0,0,0,0,0,0,0,0,0,0,0,0,0,9,13,15,13,13,6,0,0,68,0,0,6,0,0,0,0,0,0,6,0,0,0,0,0,0,0,0,0,0,0,0,6,0,0,0,0,0,0,6,4,9,13,15,13,13,6,0,0,68,3,0,0,0,6,0,3,0,0,15,0,0,0,3,0,0,0,0,0,3,7,9,13,14,15,16,10,0,0,84,0,3,7,0,5,6,4,0,0,24,3,0,5,5,5,6,0,0,0,35,0,0,5,0,0,0,0,0,0,7,0,0,0,0,0,0,0,0,0,0,5,3,17,7,11,14,5,0,0,69,0,0,0,0,0,0,0,0,0,0,0,0,0,0,0,0,0,0,0,0,0,0,0,0,0,0,0,0,0,0
11101121003,core,0,10,9,16,12,15,0,0,0,69,0,3,3,0,5,3,0,0,0,19,0,0,0,0,0,0,0,0,0,4,0,0,0,0,0,0,0,0,0,0,3,18,12,24,21,21,0,0,0,93,0,0,0,0,0,0,0,0,0,5,0,0,0,0,0,0,0,0,0,4,0,3,0,0,0,3,0,0,0,6,3,13,15,24,23,19,0,0,0,102,6,0,0,0,0,5,15,4,0,40,0,0,0,0,0,0,0,0,0,0,9,20,19,24,21,29,19,4,0,143,0,3,0,10,19,0,0,0,0,37,3,0,8,6,10,11,0,0,0,45,0,0,4,0,0,4,0,0,0,0,0,0,0,0,0,0,0,0,0,0,3,7,18,17,33,16,0,0,0,87,0,0,0,0,0,0,0,0,0,0,0,0,0,0,0,0,0,0,0,4,0,0,0,0,0,0,0,0,0,5
11101121004,core,0,0,13,11,9,10,0,0,0,44,3,4,3,0,0,0,0,0,0,21,0,0,0,0,0,0,0,0,0,3,0,0,0,0,0,0,0,0,0,0,6,3,20,8,7,10,3,0,0,64,0,0,0,0,0,0,0,0,0,0,0,0,0,0,0,0,0,0,0,0,0,0,0,0,0,0,0,0,0,0,6,3,18,15,9,10,3,0,0,71,9,0,4,4,4,4,16,14,0,44,0,0,0,0,0,0,0,0,0,0,11,6,23,13,16,14,20,10,0,119,0,0,9,7,8,3,0,0,0,30,4,4,9,7,3,7,4,0,0,34,5,0,0,0,0,0,0,0,0,0,0,0,0,0,0,0,0,0,0,0,9,7,21,12,9,9,6,0,0,69,0,0,0,0,0,0,0,0,0,0,0,0,0,0,0,0,0,0,0,0,0,0,0,0,0,0,0,0,0,0
11101121005,core,3,6,16,14,14,10,0,0,0,67,0,4,4,0,0,0,0,0,0,19,0,0,0,0,0,0,0,0,0,4,0,0,0,0,4,0,0,0,0,4,5,13,20,11,19,16,8,0,0,87,0,0,0,0,0,0,0,0,0,3,0,0,0,0,0,0,0,0,0,0,0,0,0,0,0,0,0,0,0,4,6,10,20,11,18,16,8,0,0,93,5,0,0,4,0,6,8,9,0,38,0,0,4,0,0,0,0,0,0,5,9,10,30,13,19,24,12,9,0,133,0,4,10,8,7,4,0,0,0,31,7,4,9,11,12,3,3,0,0,54,0,0,0,0,0,0,0,0,0,5,0,0,0,0,0,0,0,0,0,0,7,12,25,13,21,9,11,0,0,94,0,0,0,0,0,0,0,0,0,0,0,0,0,0,0,0,0,0,0,4,0,0,0,0,0,0,0,0,0,5
11101121006,core,0,8,22,16,12,16,0,0,0,80,10,0,3,0,6,0,3,0,0,24,0,0,0,0,0,0,0,0,0,0,0,0,0,0,0,0,0,0,0,0,5,5,23,19,15,21,3,0,0,103,0,0,0,0,0,0,0,0,0,0,0,0,0,0,0,0,0,0,0,0,0,3,0,0,0,0,0,0,0,3,5,12,23,19,15,21,3,0,0,108,8,0,4,0,8,3,13,20,17,63,0,0,0,4,0,0,0,0,0,6,17,14,28,28,23,25,13,24,17,175,3,5,10,20,10,8,0,0,0,58,3,10,13,11,13,7,4,0,0,63,0,0,8,0,0,0,0,0,0,8,0,0,0,0,0,0,0,0,0,0,5,15,32,30,26,22,6,0,0,131,0,0,0,0,0,0,0,0,0,0,0,0,0,0,0,0,0,0,0,0,0,0,0,0,0,0,0,0,0,4
11101121007,core,3,6,23,19,20,27,0,0,0,96,4,3,6,7,5,13,0,0,0,38,0,0,0,0,0,0,0,0,0,9,0,0,0,0,0,0,0,0,0,0,7,11,33,20,20,39,0,0,0,133,0,0,0,0,4,0,0,0,0,3,0,0,0,0,0,0,0,0,0,0,0,0,0,0,4,0,0,0,0,5,12,11,36,20,28,40,0,0,0,145,6,3,4,0,4,14,28,17,8,80,0,0,0,3,0,0,0,0,0,13,13,18,42,23,32,54,26,18,14,237,0,9,19,7,14,20,0,0,0,69,0,4,14,10,9,14,4,0,0,63,0,0,6,0,0,0,0,0,0,6,0,0,0,0,0,0,0,0,0,0,0,12,34,23,26,36,4,0,0,137,0,0,0,0,0,0,0,0,0,0,0,0,0,0,0,0,0,0,0,0,0,0,0,0,0,0,0,0,0,0
11101121008,core,0,6,21,23,21,13,3,0,0,96,0,3,9,3,3,7,0,0,0,33,0,0,0,0,0,3,0,0,0,3,0,0,0,0,0,0,0,0,0,0,4,17,31,25,30,22,5,4,0,128,0,0,0,0,0,3,0,0,0,5,0,0,0,0,0,0,0,0,0,3,0,0,0,0,0,6,0,0,0,7,3,16,27,25,31,29,5,4,0,138,8,0,3,0,3,3,11,7,4,51,0,0,0,0,0,0,0,0,0,4,12,17,38,26,35,33,18,10,4,186,0,8,18,9,11,15,0,0,0,61,3,3,9,15,14,15,3,0,0,63,0,0,3,0,0,0,0,0,0,12,0,0,0,0,0,0,0,0,0,0,5,12,32,24,24,33,3,0,0,132,0,0,0,0,0,0,0,0,0,0,0,0,0,0,0,0,0,0,0,4,0,0,4,0,0,0,0,0,0,3
11101121010,core,0,6,18,10,3,6,0,0,0,36,0,3,0,0,0,0,0,0,0,5,0,0,0,0,0,0,0,0,0,4,0,0,0,0,0,0,0,0,0,0,0,4,18,10,10,7,0,0,0,46,0,0,0,0,0,0,0,0,0,7,0,0,0,0,0,0,0,0,0,3,0,0,4,0,0,0,0,0,0,5,0,4,21,10,10,6,0,0,0,54,4,0,5,3,3,8,16,22,31,85,0,0,0,0,0,0,0,0,0,0,4,8,21,9,9,12,16,19,36,138,7,5,12,7,10,0,3,0,0,36,4,5,5,4,3,3,3,0,0,29,3,0,3,0,0,0,0,0,0,3,0,0,3,0,0,0,0,0,0,6,9,9,18,13,11,3,6,0,0,69,0,0,0,0,6,0,0,0,0,4,0,0,0,0,0,0,0,0,0,3,0,0,0,0,0,0,0,0,0,4
11101121011,core,0,0,13,12,11,7,0,0,0,43,0,0,3,0,0,0,0,0,0,9,0,0,0,3,0,0,0,0,0,6,0,0,0,0,0,0,0,0,0,0,0,0,13,13,17,8,0,0,0,59,0,0,5,0,0,0,0,0,0,6,0,0,0,0,0,0,0,0,0,0,0,0,5,0,0,0,0,0,0,8,4,4,20,17,16,8,0,0,0,69,0,0,3,4,6,3,4,9,0,38,0,0,0,5,0,0,0,0,0,10,5,4,21,27,23,10,10,9,0,108,0,0,5,3,0,0,0,0,0,21,5,0,9,4,6,0,0,0,0,39,0,0,0,0,0,3,0,0,0,5,0,0,0,0,0,0,0,0,0,0,5,4,19,12,12,7,0,0,0,57,0,0,0,0,0,0,0,0,0,5,0,0,5,0,0,0,0,0,0,6,0,0,5,3,0,0,0,0,0,7
11101121012,core,0,0,8,0,0,8,0,0,0,16,0,3,4,3,0,3,0,0,0,17,0,0,0,0,0,0,0,0,0,0,0,0,0,0,0,0,0,0,0,6,0,0,4,8,0,10,0,0,0,37,0,0,0,0,0,0,0,0,0,0,0,0,0,0,0,0,0,0,0,0,0,0,0,0,0,0,0,0,0,0,0,0,12,8,4,10,0,0,0,37,6,5,3,3,12,13,7,6,0,56,0,4,4,0,4,0,0,0,0,13,10,10,17,16,19,23,7,6,0,110,0,0,8,5,5,3,0,0,0,15,4,0,4,0,4,4,4,0,0,19,0,0,0,0,0,0,0,0,0,0,0,0,0,0,0,0,0,0,0,0,8,3,12,3,9,4,3,0,0,42,0,0,0,0,0,0,0,0,0,4,0,0,0,0,0,0,0,0,0,6,5,0,0,0,0,0,0,0,0,5
11101121013,core,0,0,6,3,5,0,0,0,0,21,4,3,4,0,4,7,4,0,0,23,0,0,0,0,0,0,0,0,0,0,0,0,0,0,0,0,0,0,0,0,4,0,10,8,11,7,5,0,0,45,0,3,4,0,0,0,0,0,0,7,0,0,0,0,0,0,0,0,0,0,0,3,4,0,0,0,0,0,0,7,5,9,17,9,9,7,5,0,0,55,10,4,16,8,19,9,30,15,0,110,3,0,0,0,6,0,11,0,0,24,21,13,34,16,38,17,42,14,0,187,0,4,0,0,6,5,0,0,0,14,0,4,3,3,4,4,0,0,0,17,3,0,5,0,0,0,0,0,0,10,0,0,0,0,0,0,0,0,0,0,0,3,7,5,8,6,0,0,0,42,0,0,0,0,0,0,0,0,0,0,0,0,0,0,0,0,0,0,0,5,0,0,0,0,0,0,0,0,0,8
11101121014,core,0,0,7,12,10,11,0,0,0,40,0,4,6,0,3,5,0,0,0,20,0,0,0,0,0,0,3,0,0,3,0,0,0,0,0,0,0,0,0,0,0,5,14,15,10,11,0,0,0,57,0,0,0,0,0,0,0,0,0,5,0,0,0,0,0,0,0,0,0,0,0,0,0,0,0,0,0,0,0,5,0,5,14,14,10,12,0,0,0,64,3,0,3,0,0,3,8,12,0,36,0,0,3,0,0,0,0,0,0,4,7,4,16,14,17,14,12,17,3,106,0,3,16,9,12,3,0,0,0,42,0,4,4,3,6,0,0,0,0,21,0,0,0,0,0,3,0,0,0,4,0,0,0,0,0,0,0,0,0,3,5,6,19,13,20,8,3,0,0,68,0,0,0,0,0,0,0,0,0,0,0,0,0,0,0,0,0,0,0,0,0,0,0,0,0,0,0,0,0,0
11101121015,core,0,9,11,11,18,12,3,0,0,65,3,4,0,0,0,4,3,0,0,15,0,0,0,0,0,0,0,0,0,6,0,0,0,0,0,0,0,0,0,0,4,11,9,15,17,19,7,3,0,89,0,0,0,0,0,0,0,0,0,0,0,0,0,0,0,0,0,0,0,0,0,0,0,0,0,0,0,0,0,0,3,11,9,15,17,19,7,3,0,90,5,0,3,0,0,6,37,53,9,112,0,0,0,0,0,0,0,3,0,6,7,15,14,15,26,25,40,60,11,211,0,3,5,8,9,5,0,0,0,24,4,3,3,5,14,6,3,0,0,44,0,0,0,0,0,0,0,0,0,8,0,0,0,0,0,0,0,0,0,0,4,0,6,12,20,17,7,0,0,80,0,0,0,0,0,0,0,0,0,0,0,0,0,0,0,0,0,0,0,0,0,0,0,0,0,0,0,0,0,0
11101121016,core,8,9,15,13,23,16,0,0,0,84,0,9,0,0,0,0,0,0,0,13,0,0,0,0,0,0,0,0,0,4,0,0,0,0,0,0,0,0,0,0,8,14,13,18,23,17,5,0,0,101,0,0,0,0,0,0,0,0,0,3,0,0,0,0,0,0,0,0,0,0,0,0,0,0,0,0,0,0,0,5,7,15,14,17,22,17,5,0,0,104,6,0,0,0,0,6,21,12,0,50,0,3,0,0,4,0,0,0,0,5,13,19,14,20,31,26,22,14,5,159,3,4,9,10,14,6,0,0,0,40,8,4,4,13,15,7,0,0,0,52,0,4,0,0,0,0,0,0,0,4,0,0,0,0,0,0,0,0,0,0,6,13,12,20,27,21,0,0,0,96,0,0,0,0,0,0,0,0,0,4,0,0,0,0,0,0,0,0,0,0,0,0,0,0,0,0,0,0,0,6
11101121017,core,3,9,3,5,22,20,0,0,0,64,4,9,3,5,4,0,0,0,0,20,0,6,0,0,0,0,0,0,0,7,0,0,0,0,0,0,0,0,0,0,8,18,8,11,24,18,0,0,0,97,0,0,0,0,0,0,0,0,0,4,3,0,0,0,0,0,0,0,0,3,3,0,0,0,0,0,0,0,0,3,11,18,7,11,29,22,0,0,0,104,4,0,0,0,0,5,8,7,3,37,0,0,0,0,0,0,0,0,0,0,18,20,7,9,32,25,15,7,3,137,0,0,4,8,14,11,0,0,0,43,12,8,3,3,7,7,0,0,0,46,0,0,0,0,0,0,0,0,0,3,0,0,0,0,0,0,0,0,0,0,15,3,11,15,25,22,4,0,0,92,0,0,0,0,0,0,0,0,0,0,0,0,0,0,0,3,0,0,0,6,0,0,0,0,0,3,0,0,0,6
11101121018,core,3,10,6,14,9,9,0,0,0,48,0,5,3,0,4,5,0,0,0,18,0,0,0,0,0,0,0,0,0,8,0,0,0,0,0,0,0,0,0,0,4,16,12,16,8,13,5,0,0,77,0,0,0,0,0,0,0,0,0,3,0,0,0,0,0,0,0,0,0,3,0,0,5,0,5,0,0,0,0,8,4,16,12,16,17,14,7,0,0,84,14,7,6,8,20,27,18,9,3,121,0,0,7,7,6,3,0,0,0,28,18,19,28,30,42,44,30,15,4,230,4,3,3,8,5,0,0,0,0,23,3,4,4,7,4,0,6,0,0,29,0,0,0,5,0,0,0,0,0,9,0,0,0,0,0,0,0,0,0,0,8,14,14,20,7,5,5,0,0,65,0,0,3,4,0,0,0,0,0,8,3,0,0,0,0,0,0,0,0,3,5,0,4,5,0,0,0,0,0,12
11101121019,core,0,0,7,8,3,4,0,0,0,20,0,0,7,0,9,0,0,0,0,19,0,0,0,0,0,0,0,0,0,0,0,0,0,0,0,0,0,0,0,0,4,0,12,10,7,7,0,0,0,39,0,0,0,0,0,0,0,0,0,0,0,0,0,0,0,0,0,0,0,0,0,0,0,0,0,0,0,0,0,0,4,3,13,12,8,7,0,0,0,44,4,0,6,0,10,8,6,4,0,43,0,0,4,0,8,0,9,0,0,19,12,3,16,13,26,15,17,4,0,105,0,0,11,0,5,0,0,0,0,12,0,4,3,0,4,0,0,0,0,21,0,0,0,0,0,0,0,0,0,3,0,0,0,0,0,0,0,0,0,0,5,0,15,3,3,0,0,0,0,34,0,0,0,0,0,0,0,0,0,0,0,0,0,4,0,0,0,0,0,4,0,0,0,4,0,0,0,0,0,0
11101121020,core,0,4,9,11,0,7,0,0,0,27,3,0,9,4,0,0,0,0,0,13,0,0,0,0,0,0,0,0,0,6,0,0,0,0,0,0,0,0,0,5,3,0,21,13,5,6,0,0,0,48,0,0,0,0,0,3,0,0,0,9,0,0,0,0,0,0,0,0,0,4,0,0,5,0,0,5,0,0,0,13,4,5,23,13,10,9,0,0,0,62,8,3,8,3,15,18,18,12,4,95,4,0,5,5,7,7,3,0,0,26,13,9,33,17,29,40,23,12,4,185,0,3,7,0,5,3,0,0,0,28,0,3,6,13,0,3,3,0,0,28,0,0,4,0,0,0,0,0,0,5,0,0,0,0,0,0,0,0,0,0,0,4,15,15,13,5,6,0,0,59,0,0,0,4,0,0,0,0,0,3,0,0,3,0,0,0,0,0,0,8,0,0,3,4,0,0,0,0,0,6
11101121021,core,0,0,9,8,11,11,0,0,0,39,4,6,3,0,0,4,0,0,0,20,0,0,0,0,0,0,0,0,0,6,0,0,0,0,0,0,0,0,0,0,6,7,18,9,14,9,0,0,0,66,5,4,0,0,0,0,0,0,0,7,0,0,0,0,0,0,0,0,0,3,5,6,0,0,0,5,0,0,0,13,10,10,18,11,13,11,0,0,0,71,10,6,7,4,7,12,14,12,5,76,4,0,6,0,5,0,0,0,0,23,24,15,28,12,28,31,19,12,3,178,0,0,10,10,4,3,0,0,0,29,3,0,9,9,13,9,0,0,0,41,0,0,0,3,0,0,0,0,0,4,0,0,0,0,0,0,0,0,0,0,7,4,19,14,19,15,0,0,0,74,0,0,0,0,0,0,0,0,0,0,0,0,0,0,0,0,0,0,0,8,0,4,0,3,0,0,0,0,0,10
11101121022,core,0,6,12,12,4,5,0,0,0,36,0,3,8,4,0,0,0,0,0,15,0,0,0,0,0,0,0,0,0,0,0,0,0,0,0,0,0,0,0,0,0,6,17,14,7,7,0,0,0,50,0,0,0,0,0,4,0,0,0,3,0,0,0,0,0,0,0,0,0,0,0,0,0,4,0,4,0,0,0,4,0,8,17,15,7,8,0,0,0,61,0,3,6,5,11,9,12,5,0,51,0,0,10,0,3,3,0,0,0,15,7,13,26,22,17,21,11,5,0,127,0,5,4,6,4,0,0,0,0,23,0,5,12,0,7,0,0,0,0,20,0,0,0,0,0,0,0,0,0,0,0,3,0,0,0,0,0,0,0,3,0,8,15,8,12,3,0,0,0,52,0,0,4,0,0,0,0,0,0,0,0,0,0,4,0,0,0,0,0,5,0,0,4,4,5,0,0,0,0,9
11101121023,core,3,6,18,16,18,13,0,0,0,77,3,7,9,9,4,5,0,0,0,34,0,0,0,4,4,0,0,0,0,8,0,0,0,5,0,0,0,0,0,4,7,11,33,26,25,23,5,0,0,127,0,0,0,0,0,0,0,0,0,0,0,0,0,0,0,0,0,0,0,0,5,0,0,0,0,0,0,0,0,3,9,11,29,24,25,23,5,0,0,128,5,0,3,0,11,4,13,9,0,59,0,3,0,6,3,0,0,0,0,6,15,12,37,29,35,30,19,12,0,191,3,5,17,12,13,7,0,0,0,55,6,7,13,11,16,12,0,0,0,62,0,5,3,0,0,0,0,0,0,12,0,0,0,0,0,0,0,0,0,0,5,9,34,20,26,21,0,0,0,118,0,0,0,0,0,0,0,0,0,3,0,0,0,0,0,0,0,0,0,3,0,0,0,0,0,0,0,0,0,8
11101121024,core,7,10,42,19,13,14,0,0,0,97,3,4,4,9,4,6,0,0,0,29,0,0,0,0,0,0,0,0,0,4,0,0,0,0,0,0,0,0,0,0,4,18,43,29,17,19,0,0,0,138,4,0,0,0,0,0,0,0,0,5,0,0,0,0,0,3,0,0,0,3,4,0,0,0,0,3,0,0,0,4,7,19,43,26,24,24,0,0,0,142,4,0,9,8,7,16,9,11,0,66,0,0,0,0,6,0,0,0,0,10,16,24,55,43,27,40,12,11,0,222,5,8,35,16,8,7,3,0,0,77,10,7,10,15,11,15,0,0,0,66,0,0,9,0,0,0,0,0,0,10,0,0,0,0,0,0,0,0,0,0,13,17,54,29,23,23,6,0,0,154,0,3,0,0,0,0,0,0,0,0,0,0,0,0,0,0,0,0,0,0,0,3,0,0,0,0,0,0,0,8
11101121101,core,0,3,7,13,13,4,0,0,0,51,0,3,4,4,3,4,0,0,0,14,0,0,0,0,0,0,0,0,0,4,0,0,0,0,0,0,0,0,0,0,5,4,10,15,19,11,0,0,0,73,0,0,0,0,0,0,0,0,0,0,0,0,0,0,0,0,0,0,0,0,0,0,0,0,0,0,0,0,0,0,5,4,14,15,19,11,0,0,0,75,4,0,0,0,4,10,11,8,4,39,0,0,0,0,0,0,0,0,0,4,15,10,16,15,18,26,12,8,4,113,0,0,6,5,9,3,0,0,0,28,3,3,5,9,9,14,0,0,0,36,0,0,0,0,5,0,0,0,0,6,0,0,0,0,0,0,0,0,0,0,4,5,10,16,18,15,0,0,0,70,0,0,0,0,0,0,0,0,0,0,0,0,0,0,0,0,0,0,0,0,0,0,0,0,0,0,0,0,0,0
11101121102,core,3,0,8,6,9,7,0,0,0,41,3,3,0,3,0,5,0,0,0,25,0,0,0,0,0,0,0,0,0,0,0,0,0,0,0,0,0,0,0,0,6,4,8,15,10,14,5,0,0,65,0,0,0,0,0,0,0,0,0,0,0,0,0,0,0,0,0,0,0,0,0,0,0,0,0,0,0,0,0,0,6,4,9,15,10,18,5,0,0,66,5,0,0,0,0,7,17,6,6,39,0,0,0,0,0,0,0,0,0,0,15,4,13,13,14,26,15,6,6,104,0,0,8,8,8,4,0,0,0,27,3,0,0,8,4,4,0,0,0,33,0,0,0,0,0,0,0,0,0,0,0,0,0,0,0,0,0,0,0,0,6,3,10,15,12,8,3,0,0,55,0,0,0,0,0,0,0,0,0,0,0,0,0,0,0,0,0,0,0,0,0,0,0,0,0,0,0,0,0,0
11101121103,core,0,0,0,4,6,12,3,0,0,29,0,0,0,0,0,0,4,0,0,5,0,0,0,0,0,0,0,0,0,3,0,0,0,0,0,0,0,0,0,0,0,0,0,3,3,17,7,0,0,32,0,0,0,0,0,0,0,0,0,6,0,0,0,0,0,0,0,0,0,0,0,0,0,0,0,0,0,0,0,6,0,0,0,9,5,19,11,0,0,41,0,0,0,5,4,8,52,43,14,127,0,0,0,0,0,0,15,10,3,35,0,0,3,11,13,29,75,47,19,202,0,0,0,0,0,3,0,0,0,7,4,0,0,5,7,15,9,0,0,37,0,0,0,0,0,0,0,0,0,0,0,0,0,0,0,0,0,0,0,0,3,0,0,9,7,16,9,0,0,41,0,0,0,0,0,0,0,0,0,0,0,0,0,0,0,0,0,0,0,8,0,0,0,0,0,0,0,0,0,8
11101121104,core,4,3,8,12,31,14,3,0,0,66,8,10,0,0,3,3,6,0,0,30,0,0,0,0,0,0,0,0,0,0,0,0,0,0,0,0,0,0,0,0,12,8,7,19,36,18,4,0,0,102,0,0,0,0,0,0,0,0,0,3,0,0,0,0,0,0,0,0,0,0,0,0,0,0,0,0,0,0,0,3,11,14,14,19,36,18,10,0,0,111,7,0,0,0,0,8,12,8,0,43,0,0,0,0,0,0,0,0,0,0,18,17,16,16,38,20,24,10,0,151,0,8,6,6,26,9,3,0,0,54,6,4,4,15,10,7,0,0,0,54,3,0,0,0,0,0,0,0,0,6,0,0,0,0,0,0,0,0,0,0,14,10,14,28,31,14,3,0,0,110,0,0,0,0,0,0,0,0,0,0,0,0,0,0,0,0,0,0,0,0,0,0,0,0,0,0,0,0,0,0
11101121105,core,8,4,10,4,9,4,0,0,0,36,0,5,0,4,5,3,0,0,0,16,0,0,0,0,0,3,0,0,0,4,0,0,0,0,0,0,0,0,0,0,3,3,11,9,14,9,4,0,0,59,0,0,0,0,0,0,0,0,0,4,0,0,0,0,0,0,0,0,0,0,0,0,0,0,0,0,0,0,0,4,6,10,11,9,14,12,4,0,0,59,0,0,0,0,3,8,15,11,7,59,0,0,0,0,0,7,5,8,24,41,9,8,8,11,16,22,28,24,32,154,0,0,3,3,6,5,0,0,0,23,5,5,3,7,10,8,0,0,0,37,3,0,0,0,0,0,0,0,0,5,0,0,0,0,0,0,0,0,0,0,4,11,10,6,18,13,0,0,0,65,0,0,0,0,0,0,0,0,0,0,0,0,0,0,0,0,0,0,0,0,0,0,0,0,0,0,0,0,0,0
11101121106,core,4,6,3,23,21,17,0,0,0,76,5,0,5,0,5,0,0,0,0,10,0,0,0,0,0,0,0,0,0,5,0,0,6,0,0,0,0,0,0,5,10,12,10,23,29,16,5,0,0,101,0,0,0,0,0,0,0,0,0,3,0,0,0,0,0,0,0,0,0,0,0,0,0,0,0,0,0,0,0,3,10,12,13,23,29,21,3,0,0,101,3,0,0,0,4,13,10,13,5,45,0,0,3,0,0,0,0,0,0,4,11,9,13,24,32,32,15,13,5,153,0,0,3,6,8,12,0,0,0,32,0,9,4,10,18,5,0,0,0,47,0,0,0,4,0,0,0,0,0,5,0,0,0,0,0,0,0,0,0,3,0,8,11,20,26,19,0,0,0,85,0,0,0,0,0,0,0,0,0,4,3,0,0,0,0,0,0,0,0,3,3,0,0,0,0,0,0,0,0,4
11101121107,core,4,0,9,21,20,10,0,0,0,76,6,6,0,0,5,3,0,0,0,18,0,0,3,0,0,0,0,0,0,4,0,0,0,0,0,0,0,0,0,0,9,6,17,25,26,14,0,0,0,102,0,0,0,0,0,0,0,0,0,0,0,0,0,0,0,0,0,0,0,5,0,4,0,0,0,0,0,0,0,5,15,11,17,22,26,14,0,0,0,106,4,0,0,0,0,7,15,10,5,32,0,0,0,0,0,3,0,0,0,8,21,11,18,27,28,23,14,9,5,147,0,0,10,5,22,5,0,0,0,41,6,3,5,12,18,6,0,0,0,49,0,0,3,4,0,0,0,0,0,8,0,0,0,0,0,0,0,0,0,0,12,4,15,17,36,12,0,0,0,99,0,0,0,0,0,0,0,0,0,0,0,0,0,0,0,0,0,0,0,3,0,0,0,0,0,0,0,0,0,4
11101121108,core,0,6,17,29,42,18,0,0,0,119,3,4,0,6,11,4,7,0,0,31,0,0,0,0,0,0,0,0,0,3,0,0,0,0,0,0,0,0,0,0,6,7,21,36,55,25,8,0,0,163,0,0,0,5,0,3,0,0,0,7,0,0,0,0,0,0,0,0,0,0,0,0,0,5,0,3,0,0,0,7,11,7,21,37,50,25,8,0,0,168,11,3,0,5,4,7,17,15,9,67,0,0,0,0,0,0,0,0,0,10,23,11,26,45,58,40,22,15,9,242,0,7,7,17,18,10,0,0,0,61,17,6,13,19,24,4,4,0,0,94,0,0,4,4,4,3,0,0,0,15,0,0,0,0,0,0,0,0,0,0,18,17,27,41,44,19,7,0,0,170,0,0,0,0,0,0,0,0,0,7,0,0,0,0,0,0,0,0,0,3,0,0,0,0,3,0,0,0,0,7
11101121109,core,0,0,0,0,0,0,0,0,0,0,0,0,0,0,0,0,0,0,0,0,0,0,0,0,0,0,0,0,0,0,0,0,0,0,0,0,0,0,0,0,0,0,0,0,0,0,0,0,0,0,0,0,0,0,0,0,0,0,0,0,0,0,0,0,0,0,0,0,0,0,0,0,0,0,0,0,0,0,0,0,0,0,0,0,0,0,0,0,0,0,0,0,0,0,0,0,0,0,0,0,0,0,0,0,0,0,0,0,0,0,0,0,0,0,0,0,0,0,0,0,0,0,0,0,0,0,0,0,0,0,0,0,0,0,0,0,0,0,0,0,0,0,0,0,0,0,0,0,0,0,0,0,0,0,0,0,0,0,0,0,0,0,0,0,0,0,0,0,0,0,0,0,0,0,0,0,0,0,0,0,0,0,0,0,0,0,0,0,0,0,0,0,0,0,0,0,0,0,0,0
11101121110,core,5,6,3,22,27,13,3,0,0,81,11,6,7,5,5,3,3,0,0,40,0,0,0,0,3,0,0,0,0,5,0,0,0,0,0,0,0,0,0,0,16,14,13,30,37,19,6,0,0,132,0,0,0,0,0,0,0,0,0,0,0,0,0,0,0,0,0,0,0,0,0,0,0,0,0,0,0,0,0,0,16,14,13,30,37,19,6,0,0,132,10,0,0,0,0,13,19,20,0,64,0,0,0,0,0,0,0,3,0,3,21,11,13,29,41,31,32,17,3,204,0,0,4,16,12,5,0,0,0,30,11,3,4,10,17,17,4,0,0,67,0,0,0,4,0,0,0,0,0,6,0,0,0,0,0,0,0,0,0,0,12,0,9,27,27,17,8,0,0,108,0,0,0,0,0,0,0,0,0,0,0,0,0,0,0,0,0,0,0,0,0,0,0,0,0,0,0,0,0,0
11101121201,core,0,13,4,14,23,10,3,0,0,68,0,0,5,0,0,3,5,0,0,24,0,0,0,0,0,0,0,0,0,5,0,0,0,0,0,0,0,0,0,0,7,11,9,12,30,17,9,0,0,92,0,0,3,0,0,0,0,0,0,3,0,0,0,0,0,0,0,0,0,0,0,3,3,0,0,0,0,0,0,6,7,16,9,12,30,17,9,0,0,99,5,0,0,0,0,12,25,9,4,56,0,0,0,0,0,5,0,0,0,4,12,16,9,15,27,34,35,5,4,159,0,9,5,8,16,5,0,0,0,43,6,7,6,4,13,14,0,0,0,53,0,0,0,0,5,0,0,0,0,3,0,0,0,0,0,0,0,0,0,3,10,16,14,9,32,25,3,0,0,104,0,0,0,0,0,0,0,0,0,0,0,0,0,0,0,0,0,0,0,4,0,0,0,0,0,0,0,0,0,4
11101121202,core,0,3,0,22,13,14,0,0,0,48,4,0,0,6,0,3,3,0,0,14,0,0,0,0,0,0,0,0,0,4,0,0,0,0,0,0,0,0,0,0,4,3,0,25,23,17,5,0,0,73,0,0,0,0,5,0,0,0,0,5,0,0,0,0,0,0,0,0,0,3,0,0,0,0,5,0,0,0,0,5,3,4,0,25,24,16,5,0,0,80,10,0,0,0,5,7,23,13,7,62,0,0,0,0,0,0,0,0,0,4,7,4,3,25,29,26,28,13,7,143,0,3,3,10,5,8,0,0,0,31,7,6,0,7,9,13,7,0,0,38,3,0,0,0,0,0,0,0,0,6,0,0,0,0,0,0,0,0,0,0,4,13,3,20,15,22,4,0,0,79,0,0,0,0,0,0,0,0,0,4,0,0,0,0,0,0,0,0,0,0,0,0,0,0,0,0,0,0,0,4
11101121203,core,0,0,8,9,6,13,0,0,0,40,3,0,4,0,6,3,0,0,0,16,0,0,0,0,0,4,0,0,0,3,0,0,0,0,0,0,0,0,0,0,3,4,12,14,15,13,0,0,0,64,0,0,0,0,0,0,0,0,0,0,0,0,0,0,0,0,0,0,0,0,0,0,0,0,0,0,0,0,0,0,3,4,12,14,15,13,0,0,0,66,3,0,0,0,4,4,9,3,0,25,0,0,0,0,0,0,0,0,0,0,4,4,12,19,19,17,9,3,0,93,0,0,4,0,5,5,0,0,0,18,5,0,6,11,8,9,0,0,0,37,0,0,0,5,0,0,0,0,0,8,0,0,0,0,0,0,0,0,0,0,5,0,8,11,14,16,6,0,0,60,0,0,0,0,0,0,0,0,0,0,0,0,0,0,0,0,0,0,0,6,0,0,0,0,0,0,0,0,0,6
11101121204,core,0,5,18,14,21,11,0,0,0,73,3,0,3,3,4,4,0,0,0,18,0,0,0,0,0,4,5,0,0,5,0,0,0,0,0,0,0,0,0,0,0,10,20,18,28,19,3,0,0,104,0,0,4,0,0,0,0,0,0,6,0,0,0,0,0,0,0,0,0,0,0,0,4,0,0,0,0,0,0,8,9,12,24,19,27,20,3,0,0,112,3,5,4,6,13,14,48,30,3,124,0,0,0,6,0,3,7,0,0,13,17,15,27,26,38,37,60,27,7,249,0,4,4,4,15,4,0,0,0,40,3,0,8,14,11,9,0,0,0,50,0,0,3,0,0,4,4,0,0,16,0,0,0,0,0,0,0,0,0,0,5,8,19,21,28,19,8,0,0,103,0,0,0,0,0,0,0,0,0,0,0,0,0,0,0,0,0,0,0,4,3,0,0,0,0,0,0,0,0,0
11101121205,core,0,0,6,11,14,5,0,0,0,42,0,5,3,0,4,6,0,0,0,18,0,0,0,0,0,0,0,0,0,0,0,0,0,0,0,0,0,0,0,0,4,5,6,13,14,14,0,0,0,55,0,0,0,0,0,0,0,0,0,0,0,0,0,0,0,0,0,0,0,0,0,0,0,0,0,0,0,0,0,0,4,5,6,8,14,14,0,0,0,56,7,0,3,0,6,9,30,17,5,87,0,0,0,0,0,4,0,4,5,6,10,9,12,17,19,27,31,22,8,151,0,0,3,11,10,4,0,0,0,35,5,0,4,3,4,11,0,0,0,29,0,0,4,0,0,0,0,0,0,6,0,0,0,0,0,0,0,0,0,4,3,4,11,15,17,20,0,0,0,75,0,0,0,0,0,0,0,0,0,0,0,0,0,0,0,0,0,0,0,0,0,0,0,0,0,0,0,0,0,3
11101121206,core,0,3,17,8,19,12,4,0,0,58,4,6,6,4,6,0,0,0,0,23,0,0,0,3,0,3,0,0,0,6,0,0,0,0,0,0,0,0,0,3,5,5,17,14,21,19,4,0,0,90,0,3,0,0,7,0,0,0,0,11,0,0,0,0,0,0,0,0,0,4,0,3,0,0,7,5,0,0,0,14,5,5,19,16,23,23,4,0,0,96,5,0,8,6,13,16,26,25,4,100,0,0,0,0,0,0,0,4,0,13,10,5,29,27,38,38,36,28,4,211,0,0,5,6,10,6,0,0,0,31,7,6,7,6,8,15,0,0,0,38,0,0,0,0,0,0,0,0,0,3,0,0,0,0,0,0,0,0,0,4,10,0,11,8,26,17,6,0,0,76,0,0,0,0,0,0,0,0,0,0,4,0,0,0,0,0,0,0,0,9,4,0,0,0,0,0,0,0,0,3
11101121207,core,5,0,19,6,26,12,4,0,0,63,0,7,0,7,3,3,0,0,0,22,4,3,0,0,3,0,0,0,0,10,0,0,0,0,0,0,0,0,0,5,8,10,20,17,36,15,0,0,0,101,0,0,3,0,0,0,0,0,0,8,0,0,0,0,0,0,0,0,0,0,0,0,3,0,3,0,0,0,0,7,4,5,18,21,34,15,0,0,0,107,0,6,0,4,9,19,27,26,15,101,0,0,0,0,0,0,0,3,6,10,12,17,24,18,43,35,35,27,16,218,0,0,9,8,14,5,0,0,0,34,0,4,9,6,8,7,0,0,0,36,0,0,3,6,5,6,0,0,0,13,0,0,0,0,0,0,0,0,0,3,10,8,16,14,21,18,0,0,0,84,0,0,0,0,0,0,0,0,0,0,0,0,0,0,0,0,0,0,0,0,0,0,0,0,0,0,0,0,0,3
11101121208,core,0,3,3,13,13,15,6,0,0,48,5,3,3,6,0,9,0,0,0,19,0,0,0,0,0,3,0,0,0,7,0,0,0,3,0,0,0,0,0,3,5,7,13,19,15,20,5,0,0,74,0,0,0,0,0,0,0,0,0,0,3,0,0,0,0,0,0,0,0,6,3,0,0,0,0,0,0,0,0,4,0,3,13,19,14,20,5,0,0,79,3,3,0,0,4,5,15,22,0,56,0,0,0,6,0,0,0,0,0,8,3,8,13,24,19,28,20,20,4,146,0,0,0,4,5,7,0,0,0,21,0,3,5,10,13,5,5,0,0,44,0,0,0,0,0,5,0,0,0,5,0,0,0,0,0,0,0,0,0,0,0,3,8,18,16,12,4,0,0,74,0,0,0,0,0,0,0,0,0,0,3,0,0,0,0,0,0,0,0,3,3,0,0,0,0,0,0,0,0,3
11101121209,core,4,6,9,15,22,7,0,0,0,61,0,6,4,0,9,3,8,0,0,26,0,0,0,0,0,0,0,0,0,3,0,0,0,0,0,0,0,0,0,3,7,15,13,16,23,11,5,0,0,93,0,0,0,0,0,0,0,0,0,3,0,0,0,0,0,0,0,0,0,0,0,0,0,0,0,0,0,0,0,4,4,15,13,16,28,11,7,0,0,101,0,0,0,0,0,7,21,15,10,67,0,0,0,5,0,0,0,0,0,5,12,18,13,15,30,22,28,15,10,166,0,0,3,5,16,7,0,0,0,36,11,4,4,8,14,7,0,0,0,47,0,0,4,0,0,0,0,0,0,4,0,0,0,0,0,0,0,0,0,0,8,5,16,13,31,12,0,0,0,85,0,0,0,0,0,0,0,0,0,0,0,0,0,0,0,0,0,0,0,3,0,0,0,0,0,0,0,0,0,4
11101121210,core,0,4,9,7,10,4,0,0,0,40,3,0,0,3,3,0,0,0,0,15,0,0,0,0,0,0,0,0,0,0,0,0,0,0,0,0,0,0,0,0,3,8,12,12,13,9,0,0,0,61,0,0,0,0,0,0,0,0,0,4,0,3,0,0,0,0,0,0,0,3,0,5,0,0,0,0,0,0,0,9,3,3,9,12,12,9,0,0,0,63,0,0,0,0,3,6,17,6,0,32,0,0,0,0,0,0,0,0,0,8,5,8,16,15,16,11,18,10,0,99,3,0,0,6,4,0,3,0,0,24,0,3,8,7,3,11,7,0,0,35,0,0,0,0,0,0,0,0,0,3,0,0,0,0,0,0,0,0,0,0,3,5,3,17,10,8,4,0,0,62,0,0,0,0,0,0,0,0,0,0,0,0,0,0,0,0,0,0,0,0,0,0,0,0,0,0,0,0,0,0
11101121212,core,4,11,12,8,19,17,0,0,0,63,4,4,3,4,0,9,3,3,0,23,0,3,0,4,0,0,0,0,0,14,0,0,0,0,0,0,0,0,0,0,10,11,12,10,18,28,3,3,0,100,0,0,0,0,0,0,0,0,0,4,0,0,0,0,0,0,0,0,0,0,0,0,0,0,0,0,0,0,0,4,8,17,16,10,18,30,3,5,0,109,8,0,0,3,0,5,39,18,0,81,0,0,0,0,0,0,0,0,0,3,19,14,16,20,20,40,42,20,0,193,4,7,4,7,17,8,0,0,0,52,11,3,4,6,13,12,4,0,0,62,0,0,0,0,0,4,3,0,0,9,0,0,0,0,0,0,0,0,0,0,19,15,10,14,33,26,10,0,0,121,0,0,0,0,0,0,0,0,0,0,0,0,0,0,0,0,0,0,0,3,0,0,0,0,0,0,0,0,0,3
11101121213,core,0,4,0,5,4,7,3,0,0,39,0,0,0,0,0,6,5,0,0,13,0,0,0,0,0,0,0,0,0,5,0,0,0,0,0,0,0,0,0,0,3,8,3,3,9,15,13,0,0,60,0,0,0,0,0,0,0,0,0,0,0,0,0,0,0,0,0,0,0,4,0,0,0,0,0,0,0,0,0,4,5,8,3,3,9,15,6,0,0,58,4,0,5,0,0,9,9,4,0,29,0,0,0,0,0,0,0,0,0,0,7,9,8,8,12,20,17,8,0,90,0,0,0,4,9,0,0,0,0,14,0,0,0,0,4,5,8,0,0,25,0,0,0,0,0,0,0,0,0,7,0,0,0,0,0,0,0,0,0,0,4,3,0,5,12,4,8,0,0,41,0,0,0,0,0,0,0,0,0,0,0,0,0,0,0,0,0,0,0,0,0,0,0,0,0,0,0,0,0,0
11101121215,core,3,5,14,10,13,10,0,0,0,53,0,4,0,4,0,3,3,0,0,19,0,0,0,0,0,0,0,0,0,3,0,0,0,0,0,0,0,0,0,3,7,4,12,14,19,11,3,0,0,78,0,0,0,0,0,0,0,0,0,0,0,0,0,3,0,0,0,0,0,7,0,0,0,3,0,0,0,0,0,7,9,4,12,17,19,10,3,0,0,80,7,0,0,0,10,12,21,16,0,68,0,4,0,0,0,0,0,3,0,16,17,11,19,19,29,25,29,24,4,165,0,4,3,8,10,7,3,0,0,29,4,6,8,12,10,3,0,0,0,35,0,0,0,0,0,0,0,0,0,7,0,0,0,0,0,0,0,0,0,0,4,11,13,20,19,13,0,0,0,71,0,0,0,0,0,0,0,0,0,0,0,0,0,0,0,0,0,0,0,0,0,0,0,0,0,0,0,0,0,6
11101121216,core,0,4,6,8,15,4,0,0,0,35,0,0,5,0,3,4,0,0,0,9,0,0,0,0,0,0,0,0,0,0,0,0,0,0,0,0,0,0,0,0,4,4,9,8,18,4,0,0,0,45,0,0,0,0,0,0,0,0,0,5,0,0,0,0,0,0,0,0,0,0,0,0,0,0,0,0,0,0,0,5,4,4,13,9,18,4,0,0,0,51,8,0,0,0,5,14,20,22,6,78,0,0,5,3,0,0,0,7,4,14,5,3,16,12,22,21,26,29,7,149,0,0,9,3,8,6,0,0,0,23,0,0,11,6,0,6,0,0,0,27,0,0,0,0,0,0,0,0,0,5,0,0,0,0,0,0,0,0,0,0,0,0,15,11,7,16,4,0,0,61,0,0,0,0,0,0,0,0,0,0,0,0,0,0,0,0,0,0,0,0,0,0,0,0,0,0,0,0,0,6
11101121217,core,5,5,20,12,12,12,5,0,0,67,4,0,4,0,4,6,0,0,0,22,0,0,0,0,3,3,0,0,0,3,0,0,0,0,0,0,0,0,0,0,8,7,19,16,21,23,5,0,0,94,4,0,0,0,0,0,0,0,0,6,0,0,0,0,0,0,0,0,0,3,3,0,3,0,0,0,0,0,0,9,7,11,21,15,21,23,5,0,0,101,4,7,0,4,6,11,27,13,3,76,0,0,0,0,0,0,4,0,0,4,17,14,23,21,25,32,35,14,3,188,0,5,5,4,14,0,0,0,0,31,3,3,6,9,12,7,0,0,0,46,0,0,0,0,0,4,0,0,0,3,0,0,0,0,0,0,0,0,0,0,3,8,11,14,24,16,0,0,0,75,0,0,0,0,0,0,0,0,0,5,0,0,0,0,0,0,0,0,0,0,0,0,0,0,0,0,0,0,0,3
11101121218,core,0,0,4,0,12,13,0,0,0,30,0,0,0,0,3,0,0,0,0,10,0,0,0,0,0,0,0,0,0,7,0,0,0,0,0,0,0,0,0,0,0,3,4,3,11,17,0,0,0,36,0,0,0,0,0,0,0,0,0,0,0,0,0,0,0,0,0,0,0,3,0,0,0,0,0,6,0,0,0,7,3,3,9,3,13,15,0,0,0,49,0,0,3,0,6,12,43,34,19,107,0,0,0,0,3,0,0,0,0,15,3,3,6,3,23,27,42,35,17,163,0,0,3,3,5,5,0,0,0,18,3,0,0,0,0,0,0,0,0,12,0,0,3,0,0,0,0,0,0,4,0,0,0,0,0,0,0,0,0,0,5,0,10,4,11,7,0,0,0,41,0,0,0,0,0,0,0,0,0,0,0,0,0,0,0,0,0,0,0,0,0,0,0,0,0,0,0,0,0,0
11101121219,core,3,8,9,14,7,6,0,0,0,45,0,3,6,5,0,7,0,0,0,11,0,0,0,0,0,0,0,0,0,0,0,0,0,0,0,0,0,0,0,0,5,7,11,20,10,14,0,0,0,59,0,0,5,0,0,0,0,0,0,6,0,0,0,0,0,0,0,0,0,0,0,0,5,0,0,0,0,0,0,6,5,6,10,20,12,14,0,0,0,64,8,0,0,0,0,7,13,11,0,37,0,0,0,0,0,0,0,0,0,4,11,6,10,20,14,22,13,11,0,96,0,0,0,12,3,3,0,0,0,20,3,5,6,11,3,5,0,0,0,41,0,0,0,0,0,0,0,0,0,3,0,0,0,0,0,0,0,0,0,0,3,5,7,22,13,12,0,0,0,64,0,0,0,0,0,0,0,0,0,3,0,0,0,0,0,0,0,0,0,0,0,0,0,0,0,0,0,0,0,0
11101121220,core,0,0,0,0,0,0,0,0,0,0,0,0,0,0,0,0,0,0,0,0,0,0,0,0,0,0,0,0,0,0,0,0,0,0,0,0,0,0,0,0,0,0,0,0,0,0,0,0,0,0,0,0,0,0,0,0,0,0,0,0,0,0,0,0,0,0,0,0,0,0,0,0,0,0,0,0,0,0,0,0,0,0,0,0,0,0,0,0,0,0,0,0,0,0,0,0,0,0,0,0,0,0,0,0,0,0,0,0,0,0,0,0,0,0,0,0,0,0,0,0,0,0,0,0,0,0,0,0,0,0,0,0,0,0,0,0,0,0,0,0,0,0,0,0,0,0,0,0,0,0,0,0,0,0,0,0,0,0,0,0,0,0,0,0,0,0,0,0,0,0,0,0,0,0,0,0,0,0,0,0,0,0,0,0,0,0,0,0,0,0,0,0,0,0,0,0,0,0,0,0
11101121222,core,8,10,9,33,16,16,0,0,0,88,5,0,0,3,5,7,0,0,0,28,0,0,0,0,0,5,0,0,0,10,0,0,0,0,0,0,0,0,0,0,10,10,6,39,27,23,0,0,0,125,0,0,0,0,0,0,0,0,0,0,0,0,0,0,0,0,0,0,0,0,0,0,0,0,0,0,0,0,0,3,10,10,6,39,29,28,0,0,0,126,9,0,0,3,9,14,25,12,4,74,0,0,0,0,0,0,0,0,0,6,23,10,9,40,34,41,26,13,4,202,0,5,8,12,6,15,0,0,0,48,11,8,3,19,14,8,0,0,0,68,0,0,6,0,0,0,0,0,0,13,0,0,0,0,0,0,0,0,0,5,11,15,16,33,26,28,8,0,0,127,0,0,0,0,0,0,0,0,0,6,0,0,0,0,0,0,0,0,0,0,0,0,0,0,0,0,0,0,0,4
11101121223,core,0,3,10,9,19,21,0,0,0,57,4,0,3,6,3,3,0,0,0,20,0,0,0,0,0,0,0,0,0,4,0,0,0,0,0,0,0,0,0,0,0,9,11,11,20,24,3,0,0,82,0,0,0,0,0,0,0,0,0,9,0,0,0,0,0,0,0,0,0,0,0,0,0,0,5,0,0,0,0,8,0,9,12,10,22,25,3,0,0,85,3,0,0,4,6,14,29,23,11,92,0,0,0,0,5,5,4,5,0,11,4,9,9,17,33,44,27,29,11,193,0,3,10,0,11,14,0,0,0,31,7,6,5,4,8,9,0,0,0,41,0,0,4,0,0,0,0,0,0,7,0,0,0,0,0,0,0,0,0,0,11,9,11,3,17,22,3,0,0,78,0,0,0,0,0,0,0,0,0,0,0,0,0,0,0,0,0,0,0,0,0,0,0,0,0,0,0,0,0,0
11101121224,core,6,6,8,22,15,21,6,0,0,81,3,3,3,0,5,5,7,0,0,31,0,0,0,6,6,4,0,0,0,11,0,0,0,0,0,0,0,0,0,4,9,14,18,22,27,31,9,0,0,126,0,0,0,0,0,0,0,0,0,0,3,0,0,0,0,0,0,0,0,6,3,0,0,0,0,0,0,0,0,5,9,14,13,22,27,31,8,0,0,132,8,0,0,4,0,11,42,25,9,92,0,0,0,0,0,0,3,0,0,5,18,13,18,25,31,43,48,21,9,229,0,4,7,11,21,5,0,0,0,45,6,9,4,13,9,13,5,0,0,66,0,0,3,0,4,3,3,0,0,10,0,0,0,0,0,0,0,0,0,0,6,10,17,26,29,27,8,0,0,127,0,0,0,0,0,0,0,0,0,0,6,0,0,0,0,4,0,0,0,10,6,0,0,0,0,4,0,0,0,10
11101121225,core,0,4,19,22,23,16,0,0,0,85,3,5,10,7,5,0,0,0,0,25,0,0,0,0,3,0,0,0,0,6,0,0,0,0,0,0,0,0,0,0,3,10,24,25,30,20,0,0,0,116,0,0,0,0,6,4,0,0,0,9,0,0,0,0,0,0,0,0,0,0,0,0,0,0,6,4,0,0,0,7,3,10,31,25,37,21,0,0,0,127,16,0,6,7,11,23,29,20,3,104,0,0,0,0,0,0,0,3,0,11,22,15,36,36,45,47,32,22,3,244,5,5,5,9,8,13,0,0,0,40,13,4,13,22,8,6,5,0,0,63,0,0,6,0,0,0,0,0,0,8,0,0,0,0,0,0,0,0,0,6,16,9,14,27,23,22,5,0,0,118,0,0,0,0,0,0,0,0,0,0,0,0,0,0,0,0,0,0,0,5,0,0,0,0,0,0,0,0,0,5
11101121226,core,3,3,8,7,20,7,5,0,0,47,3,0,5,0,0,4,0,0,0,16,0,0,0,0,0,0,0,0,0,0,0,0,0,0,0,0,0,0,0,0,3,12,13,5,18,9,5,0,0,61,0,0,3,5,0,0,0,0,0,6,0,0,0,0,0,0,0,0,0,0,0,0,3,5,0,0,0,0,0,6,3,7,15,7,20,9,5,0,0,71,9,4,6,0,3,10,20,9,0,57,0,0,0,0,0,0,4,0,0,4,11,13,15,12,27,17,27,9,0,132,0,5,8,3,17,3,0,0,0,29,0,7,8,8,13,12,0,0,0,44,0,0,0,0,0,0,0,0,0,4,0,0,0,0,0,0,0,0,0,0,0,8,16,10,28,11,0,0,0,77,0,0,0,0,7,0,0,0,0,3,0,0,0,0,0,0,0,0,0,0,0,0,0,0,3,0,0,0,0,7
11101121227,core,9,6,15,27,17,23,5,0,0,94,4,4,3,5,6,12,3,0,0,38,0,0,4,0,3,3,0,0,0,14,0,0,0,0,0,0,0,0,0,4,9,11,22,29,26,39,10,0,0,153,0,0,0,0,0,5,0,0,0,11,0,0,0,0,0,0,0,0,0,4,3,0,0,0,0,5,0,0,0,13,14,15,22,33,30,41,10,3,0,163,10,0,0,3,5,21,34,23,0,95,0,0,0,0,0,0,0,0,0,5,24,12,24,41,37,59,42,22,4,267,0,3,0,10,15,11,0,0,0,43,3,3,11,17,9,23,3,0,0,75,0,0,4,4,0,0,0,0,0,14,0,0,3,0,0,0,0,0,0,5,4,11,22,33,26,38,7,0,0,141,0,0,0,0,0,0,0,0,0,0,0,0,0,0,0,0,0,0,0,0,0,0,0,0,0,0,0,0,0,0
11101121228,core,0,0,9,34,22,7,0,0,0,78,4,0,0,4,0,6,5,0,0,13,0,0,0,4,0,0,0,0,0,0,0,0,0,0,0,0,0,0,0,0,4,0,10,41,23,14,5,0,0,100,0,0,0,0,0,0,0,0,0,3,0,0,0,0,0,0,0,0,0,0,0,0,0,0,0,0,0,0,0,3,4,0,10,41,26,14,5,0,0,103,4,0,0,0,6,5,19,9,0,37,0,0,0,0,0,0,0,0,0,0,7,0,13,41,29,21,25,9,0,140,0,0,13,17,7,6,0,0,0,43,5,0,0,15,8,15,0,0,0,44,0,0,6,0,0,0,0,0,0,7,0,0,0,0,0,0,0,0,0,0,5,3,12,36,19,21,0,0,0,94,0,0,0,0,0,0,0,0,0,0,0,0,0,0,0,0,0,0,0,3,0,0,0,0,0,0,0,0,0,3
11101121229,core,0,0,0,0,0,0,0,0,0,5,0,0,0,0,0,0,0,0,0,0,0,0,0,0,0,0,0,0,0,0,0,0,0,0,0,0,0,0,0,0,0,0,0,0,0,0,0,0,0,8,0,0,0,0,0,0,0,0,0,0,0,0,0,0,0,0,0,0,0,0,0,0,0,0,0,0,0,0,0,0,0,0,0,0,0,0,0,0,0,8,0,0,0,0,0,0,3,3,0,12,0,0,0,0,0,0,0,0,0,3,0,0,0,3,3,6,3,3,0,16,0,0,0,0,0,0,0,0,0,0,0,0,0,0,0,0,0,0,0,5,0,0,0,0,0,0,0,0,0,0,0,0,0,0,0,0,0,0,0,0,0,0,0,0,0,0,0,0,0,4,0,0,0,0,0,0,0,0,0,0,0,0,0,0,0,0,0,0,0,0,0,0,0,0,0,0,0,0,0,0
11101121230,core,0,0,0,6,7,6,0,0,0,18,0,0,0,0,4,0,0,0,0,4,0,0,0,0,0,0,0,0,0,3,0,0,0,0,0,0,0,0,0,0,0,0,0,6,7,6,4,0,0,29,0,0,0,0,0,0,0,0,0,0,0,0,0,0,0,0,0,0,0,0,0,0,0,0,0,0,0,0,0,0,0,0,0,6,7,6,4,0,0,32,0,0,0,0,0,3,7,8,0,22,0,0,0,0,0,0,0,0,0,3,0,0,0,6,7,11,15,6,0,54,0,0,0,0,3,3,0,0,0,15,5,0,0,0,5,4,4,0,0,18,0,0,0,0,0,0,0,0,0,5,0,0,0,0,0,0,0,0,0,0,3,0,0,4,11,12,4,0,0,31,0,0,0,0,0,0,0,0,0,0,0,0,0,0,0,0,0,0,0,0,0,0,0,0,0,0,0,0,0,0
11101121231,core,0,5,10,23,12,14,0,0,0,67,3,5,0,4,0,0,0,0,0,15,0,0,0,0,0,0,0,0,0,4,0,0,0,0,0,0,0,0,0,0,0,10,14,25,15,16,3,0,0,82,0,0,0,0,0,0,0,0,0,5,0,0,0,0,0,0,0,0,0,0,0,0,0,0,0,0,0,0,0,5,0,10,14,26,20,21,3,0,0,87,4,0,0,0,5,7,11,0,0,31,0,0,0,3,0,0,0,0,0,3,4,8,14,28,21,26,13,0,0,118,0,4,9,5,12,3,0,0,0,39,6,4,6,16,10,4,5,0,0,48,0,0,3,3,0,0,0,0,0,11,0,0,0,0,0,0,0,0,0,0,6,3,15,25,24,9,9,0,0,97,0,0,0,0,0,0,0,0,0,0,0,0,0,0,0,0,0,0,0,0,0,0,0,0,0,0,0,0,0,0
11101121232,core,0,5,15,25,9,3,0,0,0,60,5,0,3,4,4,0,0,0,0,15,0,0,0,0,0,0,0,0,0,3,0,0,0,0,0,0,0,0,0,0,5,5,19,30,9,5,5,0,0,76,0,0,0,0,0,0,0,0,0,3,0,0,0,0,0,0,0,0,0,0,0,0,0,0,0,0,0,0,0,3,5,5,19,30,12,4,5,0,0,77,0,0,0,0,0,9,5,0,0,13,0,0,0,0,0,0,0,0,0,0,3,8,19,28,14,13,7,0,0,98,0,3,9,10,9,0,0,0,0,28,0,3,4,14,0,9,0,0,0,30,0,0,4,0,0,0,0,0,0,8,0,0,0,0,0,0,0,0,0,0,0,9,16,21,13,7,0,0,0,70,0,0,0,0,0,0,0,0,0,0,0,0,0,0,0,0,0,0,0,0,0,0,0,0,0,0,0,0,0,0
11101121233,core,0,0,7,24,23,17,7,0,0,72,12,4,0,0,3,5,5,0,0,28,0,0,0,0,0,0,0,0,0,0,0,0,0,0,4,0,0,0,0,4,12,5,7,20,34,18,11,0,0,105,0,0,0,0,0,0,0,0,0,0,0,0,0,0,0,0,0,0,0,0,0,0,0,0,0,0,0,0,0,0,6,5,7,20,34,20,11,0,0,110,0,0,0,0,0,8,44,15,3,72,0,0,0,4,0,0,0,0,0,3,10,5,7,25,34,31,55,11,3,188,0,4,3,9,19,3,0,0,0,42,5,4,3,10,19,16,10,0,0,58,0,0,0,0,0,3,0,0,0,0,0,0,0,0,0,0,0,0,0,0,5,4,8,23,34,21,6,0,0,106,0,0,0,0,0,0,0,0,0,0,0,0,0,0,0,0,0,0,0,0,0,0,0,0,0,0,0,0,0,0
11101121234,core,0,0,0,5,5,9,0,0,0,24,4,3,0,0,0,0,0,0,0,8,0,0,0,0,0,0,0,0,0,0,0,0,0,0,0,0,0,0,0,0,4,4,10,8,4,9,0,0,0,39,0,0,0,0,0,0,0,0,0,0,0,0,0,0,0,0,0,0,0,0,0,0,0,0,0,0,0,0,0,0,4,4,10,8,4,7,0,0,0,40,5,0,0,0,0,4,13,8,0,27,0,0,0,0,3,0,4,0,0,14,5,8,9,11,10,13,14,8,0,76,0,0,5,5,3,4,0,0,0,15,3,0,4,9,5,7,0,0,0,23,0,0,0,0,0,0,0,0,0,0,0,0,0,0,0,0,0,0,0,0,3,0,4,10,4,10,0,0,0,41,0,0,0,0,0,0,0,0,0,0,0,0,0,0,0,0,0,0,0,0,0,0,0,0,0,0,0,0,0,0
11101121235,core,0,4,6,4,12,11,0,0,0,36,0,0,4,0,3,0,0,0,0,12,0,0,0,0,0,0,0,0,0,3,0,0,0,0,0,0,0,0,0,0,6,0,5,4,19,9,0,0,0,49,0,0,0,0,3,0,0,0,0,3,0,0,0,0,0,0,0,0,0,0,0,0,0,0,3,0,0,0,0,3,6,6,5,4,21,9,0,0,0,59,3,0,0,4,0,12,13,14,4,53,0,0,0,0,0,0,0,3,0,5,7,9,13,5,25,22,21,20,4,114,0,0,8,3,10,4,0,0,0,19,5,0,4,3,3,4,0,0,0,22,0,0,0,0,0,3,0,0,0,8,0,0,0,0,0,0,0,0,0,0,5,0,4,6,7,10,0,0,0,46,0,0,0,0,0,0,0,0,0,0,0,0,0,0,0,0,0,0,0,0,0,0,0,0,0,0,0,0,0,0
11101121236,core,0,4,3,3,9,8,0,0,0,30,0,0,0,0,4,7,0,0,0,12,0,0,0,0,0,0,0,0,0,0,0,0,0,0,0,0,0,0,0,0,0,3,3,8,13,10,0,0,0,45,0,0,0,0,0,0,0,0,0,0,0,0,0,0,0,0,0,0,0,0,0,0,0,0,0,0,0,0,0,0,0,3,3,8,13,10,0,0,0,45,3,3,0,3,4,9,15,3,0,31,0,0,0,0,0,4,3,0,0,7,9,9,8,7,19,22,16,7,0,83,0,0,3,5,11,0,0,0,0,20,5,0,6,8,4,7,0,0,0,30,0,0,0,0,4,0,0,0,0,7,0,0,0,0,0,0,0,0,0,0,10,0,5,10,18,10,0,0,0,58,0,0,0,0,0,0,0,0,0,0,0,0,0,0,0,0,0,0,0,0,0,4,0,0,0,0,0,0,0,4
11101121237,core,0,8,11,12,6,11,7,0,0,51,3,5,0,3,5,0,8,0,0,22,0,0,0,0,0,0,0,0,0,9,0,0,0,0,0,0,0,0,0,0,8,6,8,17,12,11,11,0,0,77,0,0,0,0,0,0,0,0,0,4,0,0,0,0,0,0,0,0,0,0,0,0,0,0,3,0,0,0,0,8,8,11,8,20,17,14,14,0,0,80,0,0,4,0,4,4,22,24,11,77,3,0,0,0,0,7,0,0,0,9,8,12,17,19,19,23,40,25,18,167,0,8,7,3,4,8,0,0,0,29,3,10,3,10,11,8,6,0,0,50,0,0,3,0,0,0,0,0,0,8,0,0,0,0,0,0,0,0,0,0,3,11,12,15,18,17,6,0,0,88,0,0,0,0,0,0,0,0,0,0,0,0,0,0,0,0,0,0,0,0,0,0,0,0,0,0,0,0,0,0
11101121238,core,0,0,3,8,5,9,0,0,0,24,0,0,0,0,4,0,0,0,0,10,0,0,0,0,0,0,0,0,0,5,0,0,0,0,0,0,0,0,0,0,0,0,6,7,11,9,0,0,0,31,0,0,0,3,0,0,0,0,0,3,0,0,0,0,0,0,0,0,0,0,0,0,0,3,0,0,0,0,0,3,0,0,6,8,11,9,0,0,0,36,5,0,0,0,3,10,13,3,0,29,0,0,0,0,0,0,0,0,0,0,5,4,6,8,15,9,13,3,0,68,0,0,0,0,9,0,0,0,0,10,6,0,0,4,4,6,0,0,0,20,0,0,0,0,0,0,0,0,0,0,0,0,0,0,0,0,0,0,0,0,0,0,5,5,5,6,0,0,0,32,0,0,0,0,0,0,0,0,0,0,0,0,0,0,0,0,0,0,0,0,0,0,0,0,0,0,0,0,0,0
11101121301,core,0,0,0,0,0,0,0,0,0,0,0,0,0,0,0,0,0,0,0,0,0,0,0,0,0,0,0,0,0,0,0,0,0,0,0,0,0,0,0,0,0,0,0,0,0,0,0,0,0,0,0,0,0,0,0,0,0,0,0,0,0,0,0,0,0,0,0,0,0,0,0,0,0,0,0,0,0,0,0,0,0,0,0,0,0,0,0,0,0,0,0,0,0,0,0,0,0,0,0,0,0,0,0,0,0,0,0,0,0,0,0,0,0,0,0,0,0,0,0,0,0,0,0,0,0,0,0,0,0,0,0,0,0,0,0,0,0,0,0,0,0,0,0,0,0,0,0,0,0,0,0,0,0,0,0,0,0,0,0,0,0,0,0,0,0,0,0,0,0,0,0,0,0,0,0,0,0,0,0,0,0,0,0,0,0,0,0,0,0,0,0,0,0,0,0,0,0,0,0,0
11101121302,core,0,0,0,0,0,0,0,0,0,0,0,0,0,0,0,0,0,0,0,0,0,0,0,0,0,0,0,0,0,0,0,0,0,0,0,0,0,0,0,0,0,0,0,0,0,0,0,0,0,0,0,0,0,0,0,0,0,0,0,0,0,0,0,0,0,0,0,0,0,0,0,0,0,0,0,0,0,0,0,0,0,0,0,0,0,0,0,0,0,0,0,0,0,0,0,0,0,0,0,0,0,0,0,0,0,0,0,0,0,0,0,0,0,0,0,0,0,0,0,0,0,0,0,0,0,0,0,0,0,0,0,0,0,0,0,0,0,0,0,0,0,0,0,0,0,0,0,0,0,0,0,0,0,0,0,0,0,0,0,0,0,0,0,0,0,0,0,0,0,0,0,0,0,0,0,0,0,0,0,0,0,0,0,0,0,0,0,0,0,0,0,0,0,0,0,0,0,0,0,0
11101121303,core,6,8,19,30,19,17,4,0,0,95,5,0,0,0,5,8,3,0,0,14,0,0,0,0,0,0,0,0,0,0,0,0,0,0,0,0,0,0,0,4,5,12,21,29,21,24,4,0,0,121,0,0,0,0,0,3,0,0,0,5,0,0,0,0,0,0,0,0,0,0,0,0,0,0,0,3,0,0,0,5,14,12,21,32,21,24,4,0,0,125,8,0,4,0,4,14,37,17,7,81,0,0,0,0,0,0,0,0,0,3,16,12,23,38,29,38,41,17,7,212,0,0,12,7,19,4,3,0,0,49,8,0,8,18,10,8,4,0,0,51,0,0,3,4,0,0,0,0,0,9,0,0,0,0,0,0,0,0,0,4,4,3,23,32,27,16,3,0,0,118,0,0,0,0,0,0,0,0,0,0,0,0,0,0,0,0,0,0,0,3,0,0,0,0,0,0,0,0,0,4
11101121304,core,3,5,9,24,24,20,7,0,0,94,7,0,6,6,4,0,4,0,0,23,0,0,0,0,0,0,0,0,0,4,0,0,0,0,0,0,0,0,0,0,10,9,20,28,29,17,7,0,0,127,0,0,0,0,0,0,0,0,0,9,0,0,0,0,0,0,0,0,0,0,5,0,0,0,0,0,0,0,0,6,13,9,21,30,29,24,7,0,0,130,3,0,0,0,0,0,22,16,0,40,0,0,0,0,0,0,0,0,0,0,16,10,23,32,29,22,27,16,0,177,0,3,3,14,9,11,0,0,0,43,11,8,3,15,21,7,6,0,0,66,0,0,0,3,3,6,0,0,0,12,0,0,0,0,0,0,0,0,0,0,8,15,13,30,33,21,6,0,0,121,0,0,0,0,0,0,0,0,0,0,0,0,0,0,0,0,0,0,0,4,0,0,0,0,0,0,0,0,0,6
11101121305,core,0,3,12,21,31,18,3,0,0,87,4,6,3,3,7,7,4,0,0,32,0,8,0,0,4,0,3,0,0,15,0,0,0,0,0,0,0,0,0,0,3,15,17,24,40,29,12,0,0,133,0,0,0,0,0,0,0,0,0,0,5,0,3,0,0,0,0,0,0,5,5,0,3,0,0,0,0,0,0,6,5,15,17,22,39,29,12,0,0,142,3,0,0,0,0,9,17,6,0,39,0,0,0,0,0,0,0,0,0,3,9,13,17,30,39,38,25,6,0,187,0,0,6,15,10,11,3,0,0,50,11,7,8,14,16,22,7,0,0,74,0,0,0,0,4,4,0,0,0,12,0,0,0,0,0,0,0,0,0,3,17,7,14,30,31,34,7,0,0,139,0,0,0,0,0,0,0,0,0,0,0,0,0,0,0,0,0,0,0,7,0,0,0,0,0,0,0,0,0,7
11101121306,core,4,3,12,23,23,10,0,0,0,71,8,0,0,3,3,0,0,0,0,25,0,0,0,0,0,0,0,0,0,6,0,0,0,0,0,0,0,0,0,4,11,4,19,27,23,14,5,0,0,105,0,0,0,0,5,0,0,0,0,5,0,0,0,0,0,0,0,0,0,0,0,0,0,0,5,0,0,0,0,3,11,4,18,27,27,14,5,0,0,106,8,0,0,0,0,3,24,16,3,58,0,0,4,0,0,0,0,3,0,5,18,4,19,27,32,20,29,17,4,169,0,0,7,10,8,7,0,0,0,33,10,4,10,13,10,3,5,0,0,49,0,0,0,0,0,0,0,0,0,4,0,0,0,0,0,0,0,0,0,4,13,6,14,22,22,11,6,0,0,89,0,0,0,0,0,0,0,0,0,0,0,0,0,0,0,0,0,0,0,4,0,0,0,0,0,0,0,0,0,6
11101121307,core,4,8,11,28,24,14,4,0,0,92,14,4,5,0,3,8,3,0,0,35,4,0,0,0,4,0,0,0,0,6,0,0,0,0,0,0,0,0,0,0,20,5,15,37,31,26,3,0,0,141,0,4,0,0,0,0,0,0,0,4,4,0,0,0,0,0,0,0,0,4,4,4,0,0,0,0,0,0,0,4,19,13,15,37,31,26,3,0,0,146,8,0,4,0,0,8,24,16,8,64,0,0,0,3,0,3,0,0,0,4,24,13,21,36,35,41,27,16,8,215,0,5,13,11,15,7,3,0,0,57,6,7,5,17,11,9,4,0,0,56,0,0,0,0,4,0,0,0,0,12,0,0,0,0,0,0,0,0,0,0,12,5,22,31,26,18,8,0,0,126,0,0,0,0,0,0,0,0,0,0,0,0,0,0,0,0,0,0,0,0,0,0,0,0,0,0,0,0,0,3
11101121308,core,3,7,12,36,29,10,4,0,0,101,5,3,3,5,4,6,0,0,0,35,0,0,0,0,0,5,0,0,0,10,0,0,0,0,0,0,0,0,0,0,14,9,13,37,32,22,4,0,0,140,0,0,0,0,0,0,0,0,0,0,3,0,0,3,0,0,0,0,0,4,3,0,0,0,0,0,0,0,0,7,18,12,13,41,35,22,4,0,0,142,8,0,3,3,0,12,25,25,5,86,0,0,0,0,0,0,0,3,0,7,20,12,17,43,37,36,37,27,5,236,0,3,7,22,17,7,0,0,0,59,14,8,8,14,21,14,0,0,0,89,0,7,3,0,5,0,0,0,0,12,0,0,0,0,0,0,0,0,0,0,18,18,17,40,43,25,0,0,0,160,0,0,0,0,0,0,0,0,0,0,0,0,0,0,0,0,0,0,0,6,3,0,0,0,0,0,0,0,0,4
11101121309,core,3,3,0,10,13,8,0,0,0,39,3,0,0,0,0,0,3,0,0,18,0,0,0,0,0,0,0,0,0,0,0,0,0,0,0,0,0,0,0,0,6,7,5,13,12,12,3,0,0,57,0,0,0,0,0,0,0,0,0,0,0,0,0,0,0,0,0,0,0,4,0,0,0,0,0,0,0,0,0,4,10,7,5,13,12,13,3,0,0,56,0,0,0,0,0,3,7,3,0,25,0,0,0,0,0,0,0,0,0,0,10,4,5,11,12,15,14,3,0,85,0,0,0,4,9,12,0,0,0,21,8,0,0,10,4,0,3,0,0,29,0,0,0,0,0,0,0,0,0,0,0,0,0,0,0,0,0,0,0,0,6,3,4,18,13,9,5,0,0,57,0,0,0,0,0,0,0,0,0,0,0,0,0,0,0,0,0,0,0,3,0,0,0,0,0,0,0,0,0,3
11101121310,core,0,3,4,30,19,22,0,0,0,82,9,5,0,0,0,5,3,0,0,29,0,0,0,0,0,0,0,0,0,4,0,0,0,0,0,0,0,0,0,0,9,10,6,34,25,20,7,0,0,111,0,0,0,4,0,4,0,0,0,6,0,0,0,0,0,0,0,0,0,0,3,0,0,0,0,4,0,0,0,11,11,10,12,34,25,25,4,0,0,125,0,0,0,3,0,7,29,11,6,56,0,0,0,0,0,0,0,0,0,0,11,10,12,43,24,33,35,12,6,174,0,0,0,17,13,11,5,0,0,51,10,4,3,17,5,10,6,0,0,49,0,0,5,6,0,0,0,0,0,10,0,0,0,0,0,0,0,0,0,0,10,6,5,36,24,19,7,0,0,112,0,0,0,0,0,0,0,0,0,3,0,0,0,0,0,0,0,0,0,7,4,4,3,0,0,0,0,0,0,10
11101121311,core,0,7,9,13,31,13,0,0,0,79,4,3,3,5,0,3,4,0,0,18,0,0,0,0,0,0,4,0,0,11,0,0,0,0,0,0,0,0,0,0,6,13,17,19,38,23,10,0,0,114,0,0,0,0,0,0,0,0,0,0,0,0,0,0,0,0,0,0,0,3,0,0,0,0,0,0,0,0,0,3,3,13,17,20,38,20,10,0,0,115,7,0,0,0,0,7,25,20,0,68,0,0,0,0,0,0,0,0,0,3,16,14,19,16,37,28,35,23,0,189,0,6,0,10,18,11,0,0,0,46,7,4,8,6,17,5,5,0,0,55,0,0,3,0,0,4,0,0,0,12,0,0,0,0,0,0,0,0,0,0,11,8,12,19,37,18,9,0,0,111,0,0,0,0,0,0,0,0,0,0,0,0,0,0,0,0,0,0,0,3,0,0,0,0,4,0,0,0,0,5
11101121312,core,0,10,15,15,14,16,5,0,0,74,8,5,0,5,0,4,3,0,0,21,0,0,0,0,0,3,0,0,0,11,0,0,0,0,0,0,0,0,0,0,7,9,17,19,19,21,8,0,0,102,0,0,0,0,0,5,0,0,0,5,0,0,0,0,0,0,0,0,0,0,0,0,0,0,0,5,0,0,0,3,7,9,17,19,19,25,8,0,0,101,0,0,0,0,0,9,20,18,5,58,0,0,0,0,0,0,0,0,0,0,9,9,17,19,20,32,30,18,5,166,0,3,8,8,18,12,0,0,0,48,6,4,4,13,11,12,6,0,0,54,4,0,0,0,0,0,0,0,0,8,0,0,0,0,0,0,0,0,0,0,13,7,12,22,26,23,4,0,0,115,0,0,0,0,0,0,0,0,0,0,0,0,0,0,0,0,0,0,0,4,0,0,0,0,0,0,0,0,0,4
11101121313,core,0,6,11,6,19,10,0,0,0,58,5,5,0,3,0,0,4,0,0,15,0,0,0,0,0,0,0,0,0,0,0,0,0,0,0,0,0,0,0,0,3,11,11,14,19,8,4,0,0,71,0,0,0,0,0,0,0,0,0,0,0,0,0,0,0,0,0,0,0,0,0,0,0,0,0,0,0,0,0,3,3,11,11,12,19,8,4,0,0,72,4,0,0,0,5,4,15,10,5,42,0,0,0,0,0,0,0,0,0,0,5,8,11,12,21,16,19,8,5,113,0,0,4,5,18,10,0,0,0,37,10,0,3,7,8,3,0,0,0,32,0,0,0,0,0,0,0,0,0,0,0,0,0,0,0,0,0,0,0,0,10,7,12,15,21,14,0,0,0,73,0,0,0,0,0,0,0,0,0,0,0,0,0,0,0,0,0,0,0,3,3,0,0,0,0,0,0,0,0,0
11101121314,core,0,4,8,17,28,24,8,0,0,87,9,4,6,3,0,7,3,0,0,38,0,0,0,0,0,0,0,0,0,0,0,0,0,0,0,0,0,0,0,6,11,6,11,21,35,28,12,0,0,128,0,0,0,0,0,0,0,0,0,0,0,0,0,0,0,0,0,0,0,0,0,0,0,0,0,0,0,0,0,0,10,6,11,21,35,28,12,0,0,127,4,0,4,0,0,8,18,16,15,71,0,0,0,0,0,0,0,0,0,0,13,14,17,20,35,35,32,16,15,200,0,7,9,7,18,6,0,0,0,46,5,3,0,9,18,14,3,0,0,64,0,0,3,0,0,0,0,0,0,6,0,0,0,0,0,0,0,0,0,0,11,9,16,20,36,25,3,0,0,118,0,0,0,0,0,0,0,0,0,0,0,0,0,0,0,0,0,0,0,0,0,0,0,0,0,0,0,0,0,0
11101121315,core,6,7,10,23,30,10,4,0,0,94,12,4,3,0,7,0,0,0,0,34,0,0,0,0,0,0,0,0,0,0,0,0,0,0,0,0,0,0,0,0,23,11,15,28,36,14,7,3,0,128,0,0,0,0,0,0,0,0,0,0,0,0,0,0,0,0,0,0,0,0,0,0,0,0,0,0,0,0,0,3,17,11,15,28,36,14,8,3,0,129,8,4,0,5,0,3,31,14,0,62,0,0,0,0,0,0,0,0,0,0,29,12,14,26,38,19,41,15,0,194,0,3,10,12,20,3,6,0,0,44,8,4,3,18,15,11,4,0,0,76,0,0,0,0,0,0,0,0,0,3,0,0,0,0,0,0,0,0,0,6,11,7,8,32,29,19,6,0,0,124,0,0,0,0,0,0,0,0,0,0,0,0,0,0,3,0,0,0,0,3,0,0,0,0,3,0,0,0,0,9
11101121316,core,4,0,0,7,15,9,0,0,0,35,9,4,0,0,5,0,0,0,0,17,0,0,0,0,0,0,0,0,0,0,0,0,0,0,0,0,0,0,0,0,5,9,0,13,18,8,5,0,0,61,0,0,0,0,0,0,0,0,0,0,0,0,0,0,0,0,0,0,0,0,0,0,0,0,0,0,0,0,0,0,5,9,0,13,19,8,5,0,0,59,12,0,0,0,0,0,5,5,0,24,0,0,0,0,3,0,0,0,0,3,20,9,8,13,24,8,14,5,0,88,0,0,0,7,8,6,0,0,0,22,5,0,0,7,10,4,0,0,0,31,0,0,0,0,0,0,0,0,0,0,0,0,0,0,0,0,0,0,0,0,6,6,0,19,16,11,0,0,0,56,0,0,0,0,0,0,0,0,0,0,0,0,0,0,0,0,0,0,0,0,0,0,0,0,0,0,0,0,0,0
11101121317,core,9,5,10,15,19,16,0,0,0,74,5,3,0,0,3,9,3,0,0,35,0,0,0,0,0,0,0,0,0,4,0,0,0,0,0,0,0,0,0,0,14,15,13,19,26,24,5,0,0,113,0,0,0,0,0,0,0,0,0,0,0,0,0,0,0,0,0,0,0,0,0,0,0,0,0,0,0,0,0,0,14,15,13,19,26,24,3,0,0,113,7,0,0,0,0,12,13,16,3,56,0,0,0,0,0,0,0,0,0,3,22,10,15,21,26,37,23,15,3,169,0,0,5,8,13,6,0,0,0,35,4,4,8,14,15,15,3,0,0,65,0,0,0,0,0,0,0,0,0,6,0,0,0,0,0,0,0,0,0,0,4,5,15,27,30,26,4,0,0,109,0,0,0,0,0,0,0,0,0,0,0,0,0,0,0,0,0,0,0,0,0,0,0,0,0,0,0,0,0,5
11101121318,core,3,5,9,19,22,20,4,0,0,83,6,3,0,6,7,5,0,0,0,26,0,0,0,0,0,0,0,0,0,6,0,0,0,0,0,0,0,0,0,0,5,10,9,27,28,28,3,0,0,115,0,3,0,0,0,0,0,0,0,6,0,0,0,0,0,0,0,0,0,3,0,5,0,0,0,0,0,0,0,10,9,20,9,27,27,26,3,0,0,123,4,0,0,0,0,10,18,3,0,40,0,0,0,0,0,0,0,0,0,0,9,18,10,27,27,35,21,5,0,167,0,4,9,11,16,14,0,0,0,52,6,4,11,13,6,19,6,0,0,68,0,0,0,5,0,3,0,0,0,6,0,0,0,0,0,0,0,0,0,0,7,14,18,32,17,35,3,0,0,130,0,6,0,0,0,0,0,0,0,6,0,0,0,0,0,0,0,0,0,3,0,6,0,0,0,0,0,0,0,5
11101121319,core,0,4,15,27,27,11,3,0,0,88,3,3,0,5,3,5,0,0,0,24,0,0,0,0,0,0,0,0,0,3,0,0,0,0,0,0,0,0,0,0,4,6,15,31,32,20,0,0,0,115,0,0,0,0,0,0,0,0,0,3,0,0,0,0,0,0,0,0,0,4,0,0,0,0,0,0,0,0,0,8,7,7,15,36,37,20,0,0,0,116,9,0,3,3,0,7,14,14,0,55,0,0,0,0,0,0,0,0,0,3,14,10,14,36,32,31,22,14,0,173,0,0,8,9,4,7,3,0,0,43,10,6,4,19,11,13,5,0,0,59,0,0,5,5,0,0,0,0,0,9,0,0,0,0,0,0,0,0,0,0,8,7,22,35,16,22,9,0,0,112,0,0,0,0,0,0,0,0,0,3,4,0,0,0,0,0,0,0,0,3,4,0,0,0,0,0,0,0,0,3
11101121320,core,0,4,0,8,10,9,0,0,0,46,0,3,0,5,3,5,0,0,0,16,0,0,0,0,0,0,0,0,0,0,0,0,0,0,0,0,0,0,0,0,4,9,6,14,15,15,0,0,0,62,0,0,0,0,0,0,0,0,0,0,0,0,0,0,0,0,0,0,0,3,0,0,0,0,0,0,0,0,0,3,4,9,4,14,20,15,0,0,0,67,4,0,4,0,0,3,5,15,4,41,0,0,0,0,0,0,4,0,0,8,11,9,6,14,19,15,12,16,4,111,0,0,3,7,12,3,0,0,0,28,4,6,3,4,4,8,3,0,0,31,3,0,0,0,0,0,0,0,0,3,0,0,0,0,0,0,0,0,0,0,6,7,5,14,12,9,0,0,0,62,0,0,0,0,0,0,0,0,0,0,0,0,0,0,0,0,0,0,0,0,0,0,0,0,0,0,0,0,0,0
11101121321,core,0,5,9,25,22,12,4,0,0,73,3,0,3,0,0,4,3,0,0,22,0,0,0,0,0,0,0,0,0,0,0,0,0,0,0,0,0,0,0,0,5,6,10,28,27,18,6,0,0,96,0,0,0,0,3,0,0,0,0,5,0,0,0,0,0,0,0,0,0,0,0,0,0,0,3,0,0,0,0,3,5,6,10,28,30,18,6,0,0,105,0,0,0,0,0,5,13,16,4,45,0,0,0,0,4,0,0,0,0,3,11,8,10,30,35,21,19,16,4,151,0,5,7,6,16,4,5,0,0,45,7,4,0,13,13,3,8,0,0,57,0,0,0,4,0,0,0,0,0,12,0,0,0,0,0,0,0,0,0,0,9,12,15,31,30,14,9,0,0,116,0,0,0,0,0,0,0,0,0,0,0,0,0,0,0,0,0,0,0,0,0,0,0,0,0,0,0,0,0,0
11101121322,core,5,10,5,33,29,13,8,0,0,95,10,3,0,3,6,4,4,0,0,32,0,0,0,0,3,0,0,0,0,7,0,0,0,0,0,0,0,0,0,0,12,12,7,39,40,18,8,0,0,133,0,0,0,0,0,0,0,0,0,3,0,0,0,0,0,0,0,0,0,0,0,0,0,0,0,3,0,0,0,6,12,12,7,39,39,20,8,0,0,140,9,0,3,0,0,6,31,15,6,69,0,0,0,0,0,0,0,0,0,7,18,14,12,42,45,30,37,21,6,221,6,0,7,20,15,14,0,0,0,56,10,7,3,21,19,9,3,0,0,67,0,0,0,0,0,6,0,0,0,4,0,0,0,0,0,0,0,0,0,0,12,3,8,41,29,24,3,0,0,128,0,0,0,0,0,0,0,0,0,0,0,0,0,0,0,0,0,0,0,0,0,0,0,0,3,0,0,0,0,3
11101121323,core,4,13,13,26,49,12,0,0,0,115,18,5,3,7,3,7,3,0,0,48,0,0,0,0,0,0,0,0,0,7,0,0,0,0,0,0,0,0,0,0,21,20,16,26,54,20,13,0,0,175,0,0,0,0,0,0,0,0,0,0,0,0,0,0,0,0,3,0,0,5,0,0,0,0,0,0,3,0,0,5,21,19,16,26,54,20,12,0,0,178,6,0,0,0,4,3,27,24,4,72,0,0,0,0,0,3,0,0,0,7,29,25,16,34,60,33,32,21,4,256,6,5,10,15,26,5,0,0,0,65,21,4,3,21,25,13,3,0,0,92,0,0,0,0,0,0,0,0,0,7,0,0,0,0,0,0,0,0,0,0,22,11,14,34,47,23,9,0,0,163,0,0,0,0,0,0,0,0,0,0,3,0,0,0,0,0,0,0,0,5,3,0,0,0,0,0,0,0,0,5
11101121324,core,0,5,8,17,33,22,8,0,0,92,6,3,5,0,3,0,0,0,0,22,0,0,0,0,0,3,0,0,0,3,0,0,0,0,0,4,0,0,0,3,10,13,17,15,37,27,3,0,0,122,0,0,0,0,0,0,0,0,0,5,0,0,0,0,0,0,0,0,0,0,0,0,0,0,0,0,0,0,0,5,10,13,19,16,36,27,3,0,0,129,4,0,4,0,0,11,25,18,9,68,0,0,0,0,0,3,0,0,0,12,14,17,19,16,39,40,31,22,6,207,4,3,8,12,20,20,0,0,0,54,14,6,13,10,13,15,4,0,0,67,4,0,0,6,0,3,5,0,0,15,0,0,0,0,0,0,0,0,0,0,16,14,17,19,33,37,7,0,0,137,0,0,0,0,0,0,0,0,0,0,0,0,0,0,0,0,0,0,0,0,0,0,0,0,0,0,0,0,0,0
11101121325,core,3,5,11,31,19,16,0,0,0,89,9,3,0,0,3,4,3,0,0,33,0,0,0,0,0,0,0,0,0,0,0,0,0,0,0,0,0,0,0,0,9,6,17,34,26,22,9,0,0,125,0,0,0,0,0,4,0,0,0,3,0,0,0,0,0,0,0,0,0,0,0,0,0,0,0,4,0,0,0,3,11,9,17,37,26,25,9,0,0,127,8,0,0,0,4,15,24,25,9,84,0,0,0,0,0,3,0,0,0,3,25,4,17,37,29,39,36,24,9,218,5,0,9,14,13,19,0,0,0,48,0,0,6,20,18,14,6,0,0,71,0,0,0,0,0,0,0,0,0,0,0,0,0,0,0,0,0,0,0,0,7,9,14,29,29,28,6,0,0,121,0,0,0,0,0,0,0,0,0,0,0,0,6,0,0,0,0,0,0,3,0,0,6,0,0,0,0,0,0,3
11101121326,core,0,0,6,13,23,18,4,0,0,60,7,3,0,0,5,3,3,0,0,35,0,0,0,0,0,0,0,0,0,0,0,0,0,0,0,0,0,0,0,3,5,8,8,13,26,22,12,0,0,101,0,0,0,0,0,0,0,0,0,7,0,0,0,0,0,0,0,0,0,0,0,0,0,5,0,0,0,0,0,6,5,7,6,19,26,23,12,0,0,112,12,0,0,0,7,6,27,21,4,77,0,0,0,0,0,0,0,3,0,5,15,7,6,21,37,31,40,20,4,192,0,4,0,8,13,7,0,0,0,36,9,0,8,15,15,9,0,4,0,56,0,0,0,0,0,0,0,0,0,7,0,0,0,0,0,0,0,0,0,0,7,5,8,25,27,20,6,4,0,99,0,0,0,0,0,0,0,0,0,0,0,0,0,0,0,0,0,0,0,5,0,0,0,0,0,0,0,0,0,3
11101121327,core,5,3,12,15,25,10,0,0,0,79,4,0,0,3,0,4,5,3,0,23,0,0,0,0,0,3,0,0,0,7,0,0,0,0,0,0,0,0,0,0,12,6,16,19,30,17,6,3,0,107,0,0,0,0,0,0,0,0,0,0,0,0,0,0,0,0,0,0,0,3,0,0,0,0,0,0,0,0,0,3,13,6,13,19,29,17,6,3,0,117,0,0,0,0,0,6,27,20,7,64,0,0,0,0,0,0,4,0,0,9,11,6,16,17,32,30,36,25,7,185,0,0,8,11,8,11,0,0,0,40,3,4,7,10,13,6,3,0,0,55,4,0,3,0,3,0,0,0,0,13,0,0,0,0,0,0,0,0,0,0,7,4,19,19,31,20,7,0,0,102,0,0,0,0,0,0,0,0,0,0,0,0,0,0,0,0,0,0,0,0,0,0,0,0,0,0,0,0,0,0
11101121328,core,0,5,9,19,8,21,9,0,0,65,3,6,5,0,0,7,0,0,0,19,0,0,0,0,0,0,0,0,0,0,0,0,0,0,0,0,0,0,0,0,3,9,7,18,8,27,5,0,0,91,0,0,0,0,0,0,0,0,0,0,0,0,0,0,0,0,0,0,0,0,0,0,0,0,0,0,0,0,0,0,7,9,7,18,8,27,5,0,0,87,0,0,0,0,0,0,5,11,3,25,0,0,0,0,0,0,0,0,0,0,8,15,7,18,11,27,17,11,3,116,0,0,4,10,8,0,0,0,0,23,6,8,9,8,11,10,0,0,0,48,0,0,0,0,0,0,0,0,0,0,0,0,0,0,0,0,0,0,0,0,6,9,5,18,24,15,3,0,0,73,0,0,0,0,0,0,0,0,0,0,0,0,0,0,0,0,0,0,0,0,0,0,0,0,0,0,0,0,0,0
11101121329,core,4,0,10,10,13,13,5,0,0,51,7,0,0,0,3,4,0,0,0,19,0,0,0,0,0,0,0,0,0,3,0,0,0,0,0,0,0,0,0,0,8,4,8,13,14,18,3,0,0,69,0,0,0,0,0,0,0,0,0,0,0,0,0,0,0,0,0,0,0,0,0,0,0,0,0,0,0,0,0,0,8,4,8,13,20,18,6,0,0,71,6,0,0,0,4,3,17,33,13,69,0,0,0,0,0,0,0,6,0,7,7,9,11,14,21,18,25,35,16,149,0,7,3,9,8,6,0,0,0,30,5,0,5,10,11,3,4,0,0,41,0,0,0,0,0,0,0,0,0,3,0,0,0,0,0,0,0,0,0,0,8,6,12,15,20,13,4,0,0,75,0,0,0,0,0,0,0,0,0,0,0,0,0,0,0,0,0,0,0,0,0,0,0,0,0,0,0,0,0,0
11101121330,core,0,8,12,23,23,13,0,0,0,75,5,4,0,5,0,4,0,0,0,22,6,0,0,0,0,0,0,0,0,9,0,0,0,0,0,0,0,0,0,0,9,9,15,24,22,22,3,0,0,102,0,0,0,0,0,0,0,0,0,0,0,0,0,0,0,0,0,0,0,0,0,0,0,0,0,0,0,0,0,0,9,9,15,24,23,26,3,0,0,105,8,0,0,0,0,12,25,15,0,59,0,0,0,0,0,0,0,0,0,6,14,14,15,26,23,36,30,10,0,169,3,4,11,14,17,9,4,0,0,52,4,9,4,5,11,13,6,0,0,61,3,0,0,0,0,0,0,0,0,6,0,0,0,0,0,0,0,0,0,0,8,9,16,25,28,20,11,0,0,117,0,0,0,0,0,0,0,0,0,0,0,0,0,0,0,0,0,0,0,0,0,0,0,0,0,0,0,0,0,0
11101121401,core,0,4,12,25,31,16,0,0,0,89,3,4,0,3,0,7,0,0,0,20,0,0,4,4,0,0,0,0,0,6,0,0,0,5,0,0,0,0,0,5,3,10,17,35,28,22,6,0,0,122,0,0,0,0,0,0,0,0,0,0,0,0,0,0,0,0,0,0,0,0,0,0,0,0,0,0,0,0,0,0,8,10,17,35,28,22,6,0,0,127,5,6,0,0,0,4,24,13,0,56,0,0,0,0,0,0,0,0,0,3,14,7,20,37,32,24,26,13,0,183,0,3,4,15,15,10,0,0,0,53,3,0,9,15,13,12,3,0,0,63,0,0,0,7,0,0,0,0,0,11,0,0,0,0,0,0,0,0,0,0,3,4,15,30,30,26,9,0,0,118,0,0,0,0,0,0,0,0,0,0,5,0,0,0,0,0,3,0,0,4,5,0,0,0,3,0,3,0,0,10
11101121402,core,3,0,10,21,21,14,4,0,0,74,11,5,0,0,8,6,4,0,0,22,0,0,4,0,0,0,0,0,0,3,0,0,0,0,0,0,0,0,0,3,14,8,17,20,27,17,9,0,0,107,0,0,0,0,0,0,0,0,0,0,0,0,0,0,0,0,0,0,0,0,0,0,0,0,0,0,0,0,0,0,14,10,17,20,27,17,9,0,0,107,4,0,0,3,0,11,27,17,4,61,0,4,0,0,0,0,3,0,0,7,11,15,19,18,27,28,32,18,4,176,0,0,8,6,5,15,0,0,0,40,7,7,4,8,8,16,0,0,0,57,0,0,3,3,0,0,0,0,0,7,0,0,0,0,0,0,0,0,0,0,7,6,17,19,13,31,0,0,0,103,0,0,0,0,0,0,0,0,0,0,3,0,0,6,0,0,0,0,0,4,3,0,0,6,0,0,0,0,0,5
11101121403,core,5,10,12,21,38,26,4,0,0,115,3,10,5,3,4,6,0,0,0,37,0,0,0,0,0,0,0,0,0,9,0,0,0,0,0,0,0,0,0,0,10,21,18,28,43,38,8,0,0,162,0,0,0,0,0,0,0,0,0,4,0,0,0,0,0,0,0,0,0,4,0,0,0,0,0,0,0,0,0,6,12,23,21,27,43,39,8,0,0,168,9,4,0,0,3,12,42,14,0,82,0,0,4,0,3,0,0,0,0,18,24,27,22,31,47,50,45,18,0,267,3,8,8,16,26,17,5,0,0,74,4,10,5,17,19,12,7,0,0,74,4,0,0,0,0,0,0,0,0,5,0,0,0,0,0,0,0,0,0,0,12,12,12,28,39,34,13,0,0,159,0,0,0,0,0,0,0,0,0,4,0,0,0,6,0,0,0,0,0,4,0,5,0,0,0,3,0,0,0,9
11101121404,core,10,10,20,48,47,21,0,0,0,168,7,12,3,3,6,4,4,0,0,38,0,3,0,0,0,0,0,0,0,11,0,0,0,0,0,0,0,0,0,0,17,20,24,51,55,29,6,0,0,208,0,0,0,0,0,0,0,0,0,0,6,0,0,0,0,0,0,0,0,5,6,0,0,0,0,0,0,0,0,7,19,20,29,56,59,29,6,0,0,221,11,0,0,4,0,3,33,38,5,100,4,0,0,0,0,0,0,0,0,5,33,26,32,56,63,33,44,40,5,324,3,4,5,24,29,5,0,0,0,68,19,6,4,41,27,12,5,0,0,112,0,0,4,0,0,3,0,0,0,12,0,0,0,0,0,0,0,0,0,0,21,14,20,65,62,16,4,0,0,194,0,0,0,0,0,0,0,0,0,0,0,0,0,0,0,0,0,0,0,0,0,0,0,0,0,0,0,0,0,4
11101121405,core,0,0,0,0,0,0,0,0,0,0,0,0,0,0,0,0,0,0,0,0,0,0,0,0,0,0,0,0,0,0,0,0,0,0,0,0,0,0,0,0,0,0,0,0,0,0,0,0,0,0,0,0,0,0,0,0,0,0,0,0,0,0,0,0,0,0,0,0,0,0,0,0,0,0,0,0,0,0,0,0,0,0,0,0,0,0,0,0,0,0,0,0,0,0,0,0,0,0,0,0,0,0,0,0,0,0,0,0,0,0,0,0,0,0,0,0,0,0,0,0,0,0,0,0,0,0,0,0,0,0,0,0,0,0,0,0,0,0,0,0,0,0,0,0,0,0,0,0,0,0,0,0,0,0,0,0,0,0,0,0,0,0,0,0,0,0,0,0,0,0,0,0,0,0,0,0,0,0,0,0,0,0,0,0,0,0,0,0,0,0,0,0,0,0,0,0,0,0,0,0
11101121406,core,3,4,12,18,28,20,4,0,0,92,10,9,0,0,4,4,0,0,0,26,0,0,0,0,0,3,0,0,0,5,0,0,0,0,0,0,0,0,0,0,12,14,12,20,29,31,6,0,0,121,0,0,0,0,0,0,0,0,0,0,0,0,0,0,0,0,0,0,0,0,0,0,0,0,0,0,0,0,0,3,12,16,10,20,29,28,6,0,0,127,9,0,0,0,0,21,20,12,3,63,0,0,0,0,0,0,0,0,0,5,19,16,12,21,29,46,25,15,3,194,0,6,8,9,14,14,0,0,0,50,6,8,7,15,19,14,4,0,0,70,0,0,0,0,0,0,0,0,0,9,0,0,0,0,0,0,0,0,0,3,9,17,11,26,31,33,4,0,0,128,0,0,0,0,0,0,0,0,0,0,0,0,0,0,0,0,0,0,0,0,0,0,0,0,0,0,0,0,0,0
11101121407,core,5,3,15,13,22,13,6,0,0,84,5,0,5,9,6,5,0,0,0,28,0,0,0,0,0,0,0,0,0,3,0,0,4,0,0,0,0,0,0,8,8,4,23,20,31,20,4,0,0,116,0,0,3,0,0,0,0,0,0,0,0,0,0,0,0,0,0,0,0,0,0,0,3,0,0,0,0,0,0,6,8,5,28,20,31,20,6,0,0,125,9,0,4,5,8,6,17,8,9,59,0,0,6,3,4,0,0,0,0,10,16,5,27,28,41,28,22,8,9,193,0,4,8,10,15,7,0,0,0,43,4,3,3,14,3,13,0,0,0,37,0,0,0,4,0,0,0,0,0,3,0,0,4,0,0,0,0,0,0,5,7,4,18,25,16,13,5,0,0,87,0,0,0,0,0,0,0,0,0,6,0,0,0,0,0,0,0,0,0,0,0,0,0,0,0,0,0,0,0,6
11101121408,core,0,0,10,13,15,8,0,0,0,55,0,0,8,3,9,0,3,0,0,28,0,0,0,0,0,0,0,0,0,0,0,0,0,0,0,0,0,0,0,3,4,0,14,18,18,16,6,0,0,83,0,0,0,0,0,0,0,0,0,6,0,0,0,0,0,0,0,0,0,0,0,0,0,0,0,0,0,0,0,8,5,4,18,18,18,16,6,0,0,86,3,0,0,3,0,3,13,0,5,26,0,0,0,0,0,0,0,0,0,0,5,8,18,22,18,20,15,0,5,115,0,0,6,9,13,4,0,0,0,32,5,4,8,13,5,3,0,0,0,36,0,0,0,0,0,0,0,0,0,3,0,0,0,0,0,0,0,0,0,0,6,3,10,16,25,9,0,0,0,74,0,0,0,0,0,0,0,0,0,0,0,0,0,0,0,0,0,0,0,0,0,0,0,0,0,0,0,0,0,0
11101121409,core,0,4,5,13,9,4,0,0,0,42,4,4,0,0,3,4,0,0,0,19,0,0,0,0,0,0,0,0,0,7,0,0,0,0,0,0,0,0,0,0,9,4,4,18,14,11,0,0,0,65,0,0,0,0,0,0,0,0,0,4,0,0,0,0,0,0,0,0,0,0,0,0,0,0,0,0,0,0,0,5,10,6,10,18,14,9,0,0,0,66,5,3,0,0,0,6,15,10,0,45,0,0,0,0,0,0,0,0,0,10,11,10,9,21,16,16,16,14,0,115,0,4,4,4,5,5,0,0,0,26,0,0,4,14,6,8,0,0,0,37,0,0,0,5,0,0,0,0,0,3,0,0,0,0,0,0,0,0,0,0,4,4,5,22,12,11,5,0,0,67,0,0,0,0,0,0,0,0,0,0,0,0,0,0,0,0,0,0,0,0,0,0,0,0,0,0,0,0,0,0
11101121410,core,6,5,15,21,17,15,0,0,0,84,0,6,0,6,0,4,0,0,0,20,0,0,0,3,0,3,0,0,0,6,0,0,0,0,0,0,0,0,0,6,7,6,17,22,23,23,4,0,0,116,0,0,0,0,5,0,0,0,0,3,0,0,0,0,0,0,0,0,0,0,0,0,0,0,4,0,0,0,0,5,7,13,17,29,26,23,4,0,0,124,3,3,0,4,5,11,44,22,12,104,0,5,0,3,4,5,0,0,0,20,8,16,17,33,38,39,46,30,7,247,0,9,16,15,26,15,5,0,0,83,7,4,10,17,12,19,6,0,0,73,0,0,0,0,5,0,0,0,0,5,0,0,0,0,0,0,0,0,0,0,9,15,23,32,38,35,9,0,0,162,0,0,0,0,0,0,0,0,0,0,0,0,0,0,0,4,0,0,0,5,0,0,0,0,0,4,0,0,0,6
11101121411,core,4,6,8,25,16,14,0,0,0,65,15,5,0,0,8,6,0,0,0,27,0,0,0,0,3,0,0,0,0,8,0,0,0,0,0,0,0,0,0,0,12,7,12,28,23,20,3,0,0,102,0,0,0,0,0,0,0,0,0,3,0,0,0,0,0,0,0,0,0,0,0,0,0,0,0,0,0,0,0,0,12,7,12,28,23,19,4,0,0,105,0,0,0,0,3,6,10,3,0,28,0,0,0,0,0,0,0,0,0,0,14,6,11,28,25,25,10,3,0,125,0,5,3,7,15,8,0,0,0,41,13,0,11,17,10,14,0,0,0,64,0,0,0,4,0,0,0,0,0,6,0,0,0,0,0,0,0,0,0,0,10,5,11,23,26,23,0,0,0,110,0,0,0,0,0,0,0,0,0,0,0,0,0,0,0,0,0,0,0,4,0,0,0,0,0,0,0,0,0,4
11101121412,core,0,3,9,6,8,0,0,0,0,27,5,3,0,4,0,0,0,0,0,11,0,0,0,0,0,0,0,0,0,4,0,0,0,0,0,0,0,0,0,0,5,5,10,9,8,6,0,0,0,46,0,0,0,0,0,0,0,0,0,0,0,0,0,0,0,0,0,0,0,0,0,0,0,0,0,0,0,0,0,3,5,5,10,11,9,6,0,0,0,43,5,0,0,3,0,5,9,10,0,28,0,0,0,0,0,0,0,0,0,0,11,5,7,15,9,10,12,10,0,73,0,0,0,6,3,7,0,0,0,22,0,8,4,0,8,6,0,0,0,15,0,0,0,0,0,0,0,0,0,0,0,0,0,0,0,0,0,0,0,0,0,4,13,6,12,13,0,0,0,44,0,0,0,0,0,0,0,0,0,0,0,0,0,0,0,0,0,0,0,0,0,0,0,0,0,0,0,0,0,0
11101121413,core,0,0,7,19,28,17,4,0,0,77,5,0,0,4,0,0,5,0,0,21,0,0,0,4,0,0,0,0,0,3,0,0,0,0,0,0,0,0,0,0,8,12,9,21,23,25,9,0,0,106,0,0,0,0,0,3,0,0,0,3,0,0,0,0,0,0,0,0,0,0,3,0,0,0,0,3,0,0,0,5,12,12,10,21,29,25,9,0,0,111,5,0,5,0,3,7,10,3,4,39,0,0,0,0,0,0,0,0,0,5,17,11,13,23,32,30,18,8,4,157,0,3,6,11,14,14,0,0,0,54,12,4,3,17,19,7,0,0,0,60,3,0,0,0,3,0,0,0,0,10,0,0,0,0,0,0,0,0,0,0,15,11,8,29,35,24,0,0,0,119,0,0,0,0,0,0,0,0,0,0,0,0,0,0,0,0,0,0,0,0,0,0,0,0,0,0,0,0,0,0
11101121414,core,0,11,9,25,25,12,3,0,0,82,4,6,10,7,4,7,7,0,0,40,0,0,0,0,5,3,0,0,0,14,0,0,0,0,0,0,0,0,0,0,8,16,23,34,30,20,10,0,0,139,5,0,0,0,0,0,0,0,0,8,0,0,0,0,0,0,0,0,0,0,0,0,0,0,0,0,0,0,0,10,11,15,23,37,33,21,10,0,0,147,3,4,0,4,7,10,27,19,5,80,4,0,0,0,0,0,0,0,0,10,19,21,22,43,40,32,41,23,5,236,0,3,13,10,29,7,0,0,0,66,16,12,9,18,16,14,5,0,0,83,0,0,0,7,3,4,0,0,0,14,0,0,0,0,0,0,0,0,0,0,15,17,27,27,43,26,5,0,0,164,0,0,0,0,0,0,0,0,0,0,0,0,0,0,0,0,0,0,0,0,0,0,0,0,0,0,0,0,0,0
11101121415,core,5,11,21,24,23,21,5,0,0,103,0,5,5,6,4,3,4,0,0,32,0,0,3,0,3,0,4,0,0,12,0,0,0,0,0,0,0,0,0,0,3,20,29,23,33,27,10,0,0,148,0,0,0,0,0,0,0,0,0,4,0,0,0,0,0,0,0,0,0,5,0,5,0,0,0,0,0,0,0,9,10,20,27,23,33,27,12,0,0,152,4,3,3,5,4,13,25,13,3,75,0,0,0,4,0,0,0,0,0,8,6,28,35,31,38,46,31,14,3,242,0,5,13,15,11,7,0,0,0,60,8,6,7,15,12,23,3,0,0,79,0,0,3,4,0,0,0,0,0,10,0,0,0,3,0,0,0,0,0,5,9,14,25,35,26,28,3,0,0,156,0,0,3,0,0,0,0,0,0,5,0,0,0,0,0,0,0,0,0,3,3,0,4,0,0,0,0,0,0,10
11101121416,core,3,5,8,9,21,12,0,0,0,72,3,3,0,0,0,3,0,0,0,18,5,0,3,0,0,0,0,0,0,9,0,0,0,0,0,0,0,0,0,0,15,8,15,17,20,17,0,0,0,95,0,0,0,0,0,0,0,0,0,4,0,0,0,0,0,0,0,0,0,0,0,0,0,0,0,0,0,0,0,6,14,8,16,13,26,19,0,0,0,95,5,0,4,3,0,15,19,17,3,74,0,0,0,0,0,0,0,0,0,5,17,8,21,21,26,36,28,19,3,172,0,3,5,7,14,5,0,0,0,40,9,3,10,10,9,8,0,0,0,50,0,0,0,0,0,3,0,0,0,5,0,0,0,0,0,0,0,0,0,0,12,7,17,20,24,16,0,0,0,95,0,0,0,0,0,0,0,0,0,0,0,0,0,0,0,0,0,0,0,0,0,0,0,0,0,0,0,0,0,5
11101121417,core,0,0,22,7,14,13,5,0,0,66,4,0,4,3,0,0,0,0,0,21,0,0,0,0,0,0,0,0,0,0,0,0,0,0,0,0,0,0,0,0,7,4,30,8,16,13,6,0,0,88,0,0,0,0,4,3,0,0,0,7,0,0,0,0,0,0,0,0,0,5,0,0,0,0,4,3,0,0,0,11,7,5,31,8,19,20,6,0,0,94,3,3,3,0,4,7,23,15,3,65,0,0,0,0,5,0,0,0,0,9,15,10,39,9,26,27,30,17,3,168,0,4,15,5,14,12,0,0,0,46,4,4,8,6,7,6,5,0,0,42,0,0,0,0,0,7,0,0,0,5,0,0,0,0,0,0,0,0,0,0,6,7,19,14,22,22,5,0,0,96,0,0,0,0,0,0,0,0,0,0,0,0,0,0,0,0,0,0,0,4,0,0,0,0,0,0,0,0,0,0
11101121419,core,0,5,34,27,14,12,0,0,0,95,3,4,9,3,5,6,4,0,0,30,0,0,0,0,0,0,0,0,0,5,0,0,0,0,0,0,0,0,0,3,8,11,41,32,24,20,4,0,0,127,0,0,0,0,0,0,0,0,0,0,0,0,0,0,0,0,0,0,0,0,0,0,0,0,0,0,0,0,0,3,6,11,41,28,25,20,4,0,0,130,3,0,0,4,4,12,22,9,0,58,0,0,5,0,0,0,0,3,0,22,15,15,44,37,34,33,22,12,0,217,0,0,18,9,13,13,0,0,0,52,5,11,18,9,10,15,4,0,0,68,0,0,0,0,0,5,0,0,0,9,0,0,0,0,0,0,0,0,0,0,9,15,32,23,20,23,4,0,0,129,0,0,3,0,0,0,0,0,0,4,0,0,0,0,0,0,0,0,0,4,0,0,3,0,0,0,0,0,0,10
11101121420,core,0,0,0,0,0,0,0,0,0,4,0,0,0,0,0,0,0,0,0,0,0,0,0,0,0,0,0,0,0,0,0,0,0,0,0,0,0,0,0,0,0,0,0,0,0,0,0,0,0,5,0,0,0,0,0,0,0,0,0,0,0,0,0,0,0,0,0,0,0,0,0,0,0,0,0,0,0,0,0,0,0,0,0,0,0,0,0,0,0,5,0,0,0,0,0,0,0,0,0,0,0,0,0,0,0,0,0,0,0,0,0,0,0,0,0,0,4,0,0,7,0,0,0,0,0,0,0,0,0,3,0,0,0,0,0,0,0,0,0,0,0,0,0,0,0,0,0,0,0,0,0,0,0,0,0,0,0,0,0,0,0,0,0,0,0,0,0,0,0,3,0,0,0,0,0,0,0,0,0,0,0,0,0,0,0,0,0,0,0,0,0,0,0,0,0,0,0,0,0,0
11101121421,core,3,3,10,18,21,8,0,0,0,56,3,0,0,4,0,0,0,0,0,10,0,5,0,0,0,0,0,0,0,4,0,0,0,3,0,0,0,0,0,3,4,3,10,25,23,6,3,0,0,72,0,0,0,0,0,0,0,0,0,3,0,0,0,0,0,0,0,0,0,0,0,0,0,0,0,0,0,0,0,7,4,5,10,25,25,8,3,0,0,74,6,0,0,0,5,8,15,17,0,48,0,0,4,0,7,0,0,0,0,12,8,5,10,21,31,14,19,18,0,132,0,3,8,3,21,15,0,0,0,44,10,5,11,8,12,11,0,0,0,53,7,0,4,0,3,0,0,0,0,10,0,0,0,0,0,0,0,0,0,4,14,7,16,9,38,25,9,0,0,115,0,0,0,0,0,0,0,0,0,0,0,0,0,0,0,0,0,0,0,0,0,0,0,0,0,0,0,0,0,0
11101121422,core,6,3,15,16,14,12,5,0,0,72,4,0,5,6,5,3,0,0,0,21,0,0,0,0,0,0,0,0,0,5,0,0,0,0,0,0,0,0,0,3,12,3,22,26,23,12,10,0,0,101,0,0,0,0,0,0,0,0,0,4,0,0,0,0,0,0,0,0,0,0,0,0,0,0,0,0,0,0,0,4,12,4,20,28,23,18,10,0,0,102,11,0,0,0,6,6,25,17,6,67,0,0,6,0,0,0,0,0,0,10,19,4,21,34,28,25,33,17,6,186,4,4,5,11,14,6,4,0,0,43,9,4,11,17,14,10,3,0,0,58,0,0,0,0,0,0,0,0,0,4,0,0,0,0,0,0,0,0,0,0,13,4,11,25,25,22,9,0,0,108,0,0,0,0,0,0,0,0,0,0,0,0,0,0,0,0,0,0,0,0,0,0,0,0,0,0,0,0,0,0
11101121423,core,3,8,11,17,25,18,0,0,0,78,6,4,3,0,5,3,0,0,0,25,0,0,0,0,0,0,0,0,0,4,0,0,0,0,0,0,0,0,0,0,15,6,19,18,27,22,0,0,0,109,0,0,0,0,3,0,0,0,0,4,0,0,0,0,0,0,0,0,0,4,0,0,0,0,3,0,0,0,0,8,18,8,19,17,27,28,0,0,0,118,3,0,0,0,4,6,19,4,0,39,0,0,0,0,0,0,0,0,0,4,15,13,21,17,35,31,19,5,0,159,0,0,5,11,11,4,0,0,0,33,5,10,10,10,14,8,0,0,0,49,0,0,0,0,0,0,0,0,0,7,0,0,0,0,0,0,0,0,0,0,7,5,22,16,28,11,0,0,0,94,0,0,0,0,0,0,0,0,0,0,0,0,0,0,0,0,0,0,0,0,0,0,0,0,0,0,0,0,0,0
11101121424,core,3,0,10,14,13,8,0,0,0,43,6,0,3,3,0,4,4,0,0,17,0,0,0,0,0,0,0,0,0,0,0,0,0,0,0,0,0,0,0,0,4,0,11,14,13,14,3,0,0,65,0,0,0,0,0,0,0,0,0,9,0,0,0,0,0,0,0,0,0,0,0,0,0,0,0,0,0,0,0,9,4,0,11,14,13,14,3,0,0,68,17,0,0,0,10,11,17,15,0,63,0,0,0,0,0,0,0,0,0,7,23,5,18,21,21,28,22,15,0,135,0,0,6,13,7,11,4,0,0,45,4,3,0,7,9,10,5,0,0,34,0,0,0,0,0,0,0,0,0,5,0,0,0,0,0,0,0,0,0,6,4,6,8,21,13,25,8,0,0,82,0,0,0,0,0,0,0,0,0,0,0,0,0,0,0,0,0,0,0,0,0,0,0,0,0,0,0,0,0,4
11101121425,core,7,0,5,12,22,12,0,0,0,55,5,0,3,0,3,0,0,0,0,16,0,0,0,0,0,0,0,0,0,4,0,0,0,0,0,0,0,0,0,0,10,6,11,14,25,15,3,0,0,77,0,0,0,0,4,0,0,0,0,5,0,0,0,0,0,0,0,0,0,0,0,0,0,0,4,0,0,0,0,6,7,6,11,12,27,15,3,0,0,79,5,0,3,0,0,5,12,13,0,48,0,0,0,0,0,0,0,0,0,0,17,6,12,12,26,18,16,19,0,129,4,3,5,7,9,3,0,0,0,32,8,3,0,9,12,7,0,0,0,39,0,0,0,0,0,3,0,0,0,6,0,0,0,0,0,0,0,0,0,0,9,4,9,15,22,17,0,0,0,76,0,0,0,0,0,0,0,0,0,0,0,0,0,0,4,0,0,0,0,6,0,0,0,0,4,0,0,0,0,7
11101121426,core,4,5,13,16,24,12,0,0,0,82,4,4,7,4,0,0,3,4,0,23,4,0,0,0,0,0,0,0,0,5,0,0,0,0,0,0,0,0,0,0,12,10,27,23,21,13,0,4,0,112,0,0,0,0,0,0,0,0,0,0,0,0,0,0,0,0,0,0,0,0,0,0,0,0,0,0,0,0,0,0,15,11,27,23,21,13,0,4,0,118,3,0,0,4,4,9,14,9,0,38,0,0,0,0,0,0,0,0,0,5,16,13,24,26,25,25,18,11,4,161,0,3,8,12,9,8,0,0,0,42,11,0,17,14,12,8,3,0,0,61,0,3,3,0,0,0,0,0,0,7,0,0,0,0,0,0,0,0,0,0,8,7,24,22,26,16,6,0,0,112,0,0,0,0,0,0,0,0,0,0,0,0,0,4,0,0,0,0,0,3,0,0,0,4,0,0,0,0,0,3
11101121427,core,0,0,19,20,20,18,3,0,0,84,0,7,5,3,0,0,6,0,0,22,0,0,0,5,0,0,0,0,0,3,0,0,0,0,0,0,0,0,0,7,3,11,29,29,21,14,7,4,0,114,0,0,0,0,0,0,0,0,0,0,0,0,0,0,0,0,0,0,0,4,0,0,0,0,0,0,0,0,0,3,3,11,29,37,25,14,7,4,0,116,0,4,3,0,0,6,19,16,3,54,0,0,0,0,0,0,0,0,0,6,3,8,30,31,24,22,24,23,7,179,0,3,10,6,17,11,0,0,0,51,4,0,13,9,3,10,4,0,0,48,0,0,7,3,0,0,0,0,0,7,0,0,0,0,0,0,0,0,0,3,7,10,34,14,20,24,5,0,0,112,0,0,0,0,0,0,0,0,0,0,0,0,0,0,0,0,0,0,0,0,0,0,0,0,0,0,0,0,0,0
11101121428,core,3,4,11,15,17,17,4,0,0,75,3,8,7,0,9,7,5,0,0,32,0,0,3,6,0,0,0,0,0,7,0,0,0,0,0,0,0,0,0,0,6,13,24,17,24,25,3,0,0,115,4,0,0,0,0,0,0,0,0,3,0,0,0,0,0,0,0,0,0,4,0,0,0,0,0,0,0,0,0,5,8,13,24,17,32,28,3,0,0,123,5,4,5,5,4,14,20,17,4,74,0,3,0,0,0,0,0,0,0,13,12,17,25,28,33,42,25,19,3,209,0,0,8,14,19,14,0,0,0,51,9,10,4,8,14,7,7,0,0,64,4,0,0,0,5,0,0,0,0,9,0,0,0,0,0,0,0,0,0,0,13,9,17,19,38,20,3,0,0,127,0,0,0,0,0,0,0,0,0,0,0,0,0,0,0,0,0,0,0,3,0,0,0,0,0,0,0,0,0,3
11101121429,core,3,0,9,13,17,8,0,0,0,55,5,4,3,4,0,0,0,0,0,15,0,0,0,0,0,0,0,0,0,4,0,0,0,0,0,0,0,0,0,3,4,4,8,20,19,16,0,0,0,76,0,0,0,0,0,0,0,0,0,0,5,0,0,0,0,0,0,0,0,4,5,0,0,0,0,0,0,0,0,9,8,6,8,19,19,16,0,0,0,87,4,0,0,0,0,4,20,7,3,42,0,0,0,0,0,0,0,0,0,5,14,6,11,18,20,22,19,7,3,130,0,4,10,6,3,3,0,0,0,33,5,0,4,8,3,11,0,0,0,36,0,0,0,0,0,0,0,0,0,0,0,0,0,0,0,0,0,0,0,0,3,6,14,18,16,14,3,0,0,76,0,0,0,0,0,0,0,0,0,0,0,0,0,0,0,0,0,0,0,0,0,0,0,0,0,0,0,0,0,0
11101121430,core,0,3,11,24,25,11,0,0,0,79,0,4,3,0,4,0,0,0,0,13,0,0,0,0,0,0,0,0,0,7,0,0,0,0,0,0,0,0,0,0,6,5,16,28,31,17,3,0,0,101,0,0,0,0,4,0,0,0,0,4,0,0,0,0,0,0,0,0,0,0,0,0,0,0,4,0,0,0,0,4,6,5,16,28,35,17,3,0,0,99,7,0,0,0,0,4,16,8,4,37,0,0,0,0,0,0,0,0,0,6,6,11,16,25,33,22,21,6,6,148,0,5,6,4,17,11,0,0,0,46,5,5,8,11,12,12,0,0,0,60,0,0,3,3,0,0,0,0,0,7,0,0,0,0,0,0,0,0,0,0,11,9,19,27,28,24,3,0,0,117,0,0,0,0,0,0,0,0,0,0,0,0,0,0,4,0,0,0,0,5,0,0,0,0,4,0,0,0,0,5
11101121431,core,0,7,10,12,18,12,0,0,0,61,3,6,3,6,0,3,0,0,0,22,0,0,0,0,0,0,0,0,0,0,0,0,0,0,0,0,0,0,0,0,5,12,13,22,18,16,4,0,0,81,0,0,0,0,0,0,0,0,0,0,0,0,0,0,0,0,0,0,0,0,0,0,0,0,0,0,0,0,0,0,5,12,13,22,18,16,4,0,0,81,10,0,0,0,0,9,11,4,3,35,0,0,0,0,0,0,0,0,0,4,8,14,11,18,21,21,13,4,6,123,3,4,6,5,6,8,0,0,0,33,7,11,3,6,0,10,3,0,0,45,0,5,0,3,0,0,0,0,0,6,0,0,0,0,0,0,0,0,0,0,9,22,13,16,12,16,3,0,0,91,0,0,0,0,0,0,0,0,0,0,0,0,0,0,0,0,0,0,0,5,0,0,0,0,0,0,0,0,0,5
11101121432,core,0,3,18,22,22,10,4,0,0,86,9,4,4,5,4,3,0,0,0,34,0,0,0,0,0,0,0,0,0,7,0,0,0,0,0,0,0,0,0,4,12,12,25,33,24,16,7,0,0,127,0,0,0,0,0,0,0,0,0,6,0,0,0,0,0,0,0,0,0,3,0,0,0,0,0,0,0,0,0,4,13,12,28,33,23,18,7,0,0,134,8,3,0,0,6,6,20,20,7,72,0,0,0,0,0,0,0,0,0,0,17,13,27,37,28,24,28,27,7,211,7,6,10,14,21,4,0,0,0,59,10,10,15,17,14,8,5,0,0,72,0,0,0,0,0,0,0,0,0,4,0,0,0,0,0,0,0,0,0,0,14,17,24,35,30,20,5,0,0,140,0,0,0,0,0,0,0,0,0,0,0,0,0,0,0,0,0,0,0,4,0,0,0,0,0,0,0,0,0,4
11101121433,core,0,3,8,18,25,11,0,0,0,69,10,0,7,0,3,6,0,3,0,24,0,5,0,0,0,0,0,0,0,8,0,0,0,0,0,0,0,0,0,0,6,10,13,15,32,16,5,3,0,101,0,0,0,0,0,0,0,0,0,3,0,0,0,0,0,0,0,0,0,0,0,0,0,0,0,0,0,0,0,4,6,15,13,14,32,16,5,3,0,105,16,0,0,6,8,6,11,6,0,50,0,0,0,0,5,0,4,0,0,5,23,13,19,17,32,22,15,11,0,164,0,0,6,10,21,8,0,0,0,49,11,4,8,10,10,7,8,0,0,58,0,0,0,0,0,3,0,0,0,6,0,0,0,0,0,0,0,0,0,0,13,9,12,22,34,13,8,0,0,109,0,0,0,0,0,0,0,0,0,0,0,0,0,0,0,0,0,0,0,0,0,0,0,0,0,0,0,0,0,0
11101121435,core,5,3,31,25,11,9,3,0,0,85,3,0,0,0,7,4,0,0,0,18,0,0,0,0,0,0,0,0,0,3,0,0,0,0,0,0,0,0,0,0,5,10,34,31,20,10,3,0,0,114,0,0,0,0,0,0,0,0,0,0,0,0,0,0,0,0,0,0,0,4,0,0,0,0,0,0,0,0,0,5,8,10,34,28,18,10,3,0,0,116,0,0,3,0,6,7,17,22,3,61,0,0,0,0,0,0,0,0,0,6,12,7,39,36,26,17,20,22,6,183,0,5,27,6,15,10,0,0,0,64,9,0,15,9,13,4,0,0,0,44,0,0,7,0,0,0,0,0,0,6,0,0,0,0,0,0,0,0,0,0,7,10,38,22,28,10,3,0,0,121,0,0,0,0,0,0,0,0,0,0,0,0,0,0,0,0,0,0,0,0,0,0,0,0,0,0,0,0,0,0
11101121436,core,0,5,9,19,20,15,0,3,0,62,3,3,0,0,3,4,4,0,0,15,0,0,0,0,5,0,0,0,0,4,0,0,0,0,0,0,0,0,0,0,3,4,9,18,25,12,0,3,0,82,0,0,0,0,0,0,0,0,0,0,0,0,0,0,0,0,0,0,0,0,0,0,0,0,0,0,0,0,0,0,3,4,9,18,25,12,0,3,0,82,4,0,0,0,3,5,32,13,5,61,0,0,0,0,0,0,0,0,0,4,11,4,11,19,31,16,30,15,5,146,0,9,11,15,10,11,0,0,0,54,6,3,5,8,8,6,0,0,0,38,0,0,0,0,0,0,0,0,0,4,0,0,0,0,0,0,0,0,0,0,4,6,19,23,17,23,0,0,0,101,0,0,0,0,0,0,0,0,0,0,0,0,0,0,0,0,0,0,0,3,0,0,0,5,0,0,0,0,0,6
11101121437,core,0,0,7,4,10,11,0,0,0,33,0,0,0,5,0,3,3,0,0,9,0,0,0,0,0,0,0,0,0,3,0,0,0,0,0,0,0,0,0,0,0,4,7,10,10,11,3,0,0,50,0,0,0,0,0,0,0,0,0,0,0,0,0,0,0,0,0,0,0,0,0,0,0,0,0,0,0,0,0,0,4,4,7,10,10,11,3,0,0,49,0,0,3,0,0,5,13,13,0,42,0,0,0,0,0,0,0,0,0,5,7,4,12,6,10,24,16,12,0,94,0,3,14,9,5,6,4,0,0,35,0,0,6,0,4,8,3,0,0,21,0,0,0,0,0,0,0,0,0,5,0,0,0,0,0,0,0,0,0,0,0,3,16,9,15,14,7,0,0,60,0,0,0,0,0,0,0,0,0,0,0,0,0,0,0,0,0,0,0,0,0,0,0,0,0,0,0,0,0,0
11101121438,core,0,0,0,0,0,0,0,0,0,0,0,0,0,0,0,0,0,0,0,0,0,0,0,0,0,0,0,0,0,0,0,0,0,0,0,0,0,0,0,0,0,0,0,0,0,0,0,0,0,0,0,0,0,0,0,0,0,0,0,0,0,0,0,0,0,0,0,0,0,0,0,0,0,0,0,0,0,0,0,0,0,0,0,0,0,0,0,0,0,0,0,0,0,0,0,0,0,0,0,0,0,0,0,0,0,0,0,0,0,0,0,0,0,0,0,0,0,0,0,0,0,0,0,0,0,0,0,0,0,0,0,0,0,0,0,0,0,0,0,0,0,0,0,0,0,0,0,0,0,0,0,0,0,0,0,0,0,0,0,0,0,0,0,0,0,0,0,0,0,0,0,0,0,0,0,0,0,0,0,0,0,0,0,0,0,0,0,0,0,0,0,0,0,0,0,0,0,0,0,0
11102121501,core,0,3,5,3,19,5,0,0,0,37,7,4,0,3,0,0,3,0,0,15,0,0,0,0,0,4,0,0,0,4,0,0,0,0,0,0,0,0,0,5,7,7,3,7,14,7,3,0,0,55,0,0,0,0,0,0,0,0,0,0,0,0,0,0,0,0,0,0,0,0,0,0,0,0,0,0,0,0,0,3,6,7,4,7,14,7,3,0,0,55,0,0,0,5,0,8,12,9,6,39,0,0,0,5,0,0,0,0,0,4,7,7,6,13,15,17,14,15,6,100,0,3,10,5,12,0,0,0,0,27,8,5,0,4,9,0,5,0,0,34,0,0,0,0,0,0,0,0,0,0,0,0,0,0,0,0,0,0,0,0,7,8,7,12,15,6,5,0,0,67,0,0,0,0,0,0,0,0,0,0,0,0,0,0,0,0,0,0,0,0,0,0,0,0,0,0,0,0,0,0
11102121502,core,3,3,14,8,18,17,3,0,0,64,5,3,7,6,3,5,0,0,0,25,0,0,3,0,4,0,0,0,0,8,0,0,0,3,0,0,0,0,0,4,0,11,19,15,25,24,5,0,0,95,0,0,0,0,0,0,0,0,0,3,0,0,0,0,0,0,0,0,0,0,0,0,0,0,0,0,0,0,0,3,0,11,21,13,25,20,0,0,0,102,0,0,0,5,0,3,26,14,3,51,0,0,0,0,4,3,0,0,0,10,6,10,20,15,26,28,32,13,3,157,0,8,5,4,6,9,0,0,0,34,0,3,5,7,9,12,0,0,0,36,0,0,4,0,6,0,0,0,0,6,0,0,0,0,0,0,0,0,0,0,0,9,8,12,17,12,0,0,0,75,0,0,0,3,0,0,0,0,0,3,0,0,0,0,0,0,0,0,0,3,0,0,0,3,0,0,0,0,0,6
11102121503,core,0,5,10,20,13,10,0,0,0,51,5,0,0,3,4,0,0,0,0,23,0,0,0,0,0,0,0,0,0,0,0,0,0,0,0,0,0,0,0,0,5,3,15,23,10,12,0,0,0,72,4,0,0,0,0,0,0,0,0,3,0,0,0,0,0,0,0,0,0,0,4,0,0,0,0,0,0,0,0,6,6,10,12,23,10,17,0,0,0,76,4,0,0,3,3,14,12,8,0,60,0,0,0,0,0,0,0,0,0,0,10,13,18,23,19,28,13,8,0,143,0,3,0,3,3,8,0,0,0,15,3,6,6,5,9,11,0,0,0,39,0,0,6,0,0,0,0,0,0,5,0,0,0,0,0,4,0,0,0,4,3,8,10,11,8,21,4,0,0,66,0,0,0,0,0,0,0,0,0,5,4,0,0,0,0,0,0,0,0,6,4,0,0,0,0,0,0,0,0,6
11102121504,core,3,4,17,18,21,16,0,0,0,74,0,0,3,0,0,0,0,0,0,12,0,0,0,0,3,0,0,0,0,3,0,0,0,0,0,0,0,0,0,0,0,6,16,18,25,17,0,0,0,86,0,0,0,0,0,0,0,0,0,0,0,0,0,0,0,0,0,0,0,0,0,0,0,0,0,0,0,0,0,3,5,6,16,18,25,17,0,0,0,87,0,0,0,0,6,3,6,7,0,25,0,0,0,0,0,0,0,0,0,0,3,6,16,18,23,19,6,9,0,108,0,3,9,9,16,13,0,0,0,46,4,3,8,4,10,3,0,0,0,37,0,0,4,0,5,0,0,0,0,4,0,0,0,0,0,0,0,0,0,0,12,9,16,13,27,19,0,0,0,88,0,0,0,0,0,0,0,0,0,0,0,0,0,0,0,0,0,0,0,4,0,0,0,0,0,0,0,0,0,0
11102121505,core,0,0,9,15,22,17,4,0,0,70,7,3,4,0,0,5,0,0,0,22,0,3,0,0,0,6,0,0,0,8,0,0,0,0,0,0,0,0,0,0,7,6,12,15,28,26,8,0,0,100,0,0,0,0,3,0,0,0,0,3,0,0,0,0,0,0,0,0,0,0,0,0,0,0,3,0,0,0,0,8,8,6,12,19,26,26,9,0,0,107,6,0,7,0,0,11,22,13,5,62,0,0,0,0,0,0,4,0,3,6,16,7,18,16,32,35,31,13,9,181,0,0,12,7,13,17,0,0,0,44,3,3,10,7,10,13,3,0,0,54,0,0,0,0,0,0,0,0,0,6,0,0,0,0,0,0,0,0,0,0,4,3,21,17,22,26,7,0,0,103,0,0,0,0,0,0,0,0,0,4,0,0,0,0,0,0,0,0,0,0,0,0,0,0,0,0,0,0,0,3
11102121506,core,0,11,35,9,15,14,0,0,0,82,0,3,5,5,3,4,4,0,0,21,0,0,4,0,0,0,0,0,0,3,0,0,0,4,0,0,0,0,0,4,5,6,45,17,20,17,4,0,0,114,0,0,0,0,0,0,0,0,0,0,0,0,0,0,0,0,0,0,0,0,0,0,0,0,0,0,0,0,0,0,5,6,44,18,19,17,4,0,0,115,0,3,0,0,5,14,14,4,0,41,0,0,5,3,4,0,0,0,0,17,6,13,49,26,22,26,19,10,0,173,0,3,13,6,11,10,0,0,0,46,11,11,12,11,9,5,3,0,0,56,0,0,3,0,0,0,0,0,0,10,0,0,0,0,0,0,0,0,0,5,16,16,27,19,16,11,4,0,0,117,0,0,0,0,0,0,0,0,0,6,3,4,0,0,0,0,0,0,0,8,3,6,0,0,0,0,0,0,0,9
11102121507,core,0,9,6,6,14,13,0,0,0,57,4,5,4,0,0,11,0,0,0,29,0,0,0,0,0,0,0,0,0,5,0,0,0,0,0,0,0,0,0,3,6,10,10,14,20,22,0,0,0,87,0,0,0,0,0,0,0,0,0,7,0,0,0,0,0,0,0,0,0,0,0,0,0,0,0,0,0,0,0,7,6,15,16,14,25,22,0,0,0,97,9,0,3,0,3,8,19,24,7,76,0,0,0,0,0,6,0,0,0,14,13,12,20,15,29,35,19,31,8,184,0,4,4,3,12,8,0,0,0,34,5,0,11,8,13,16,5,0,0,52,0,0,0,0,0,6,0,0,0,8,0,0,0,0,0,0,0,0,0,0,6,9,12,13,22,28,5,0,0,98,0,0,0,0,0,0,0,0,0,3,0,0,0,0,0,0,0,0,0,5,0,0,0,0,0,0,0,0,0,6
11102121508,core,0,3,12,13,4,9,0,0,0,41,0,4,0,3,6,5,0,0,0,11,0,0,0,0,0,0,0,0,0,4,0,0,0,0,0,0,0,0,0,0,0,4,9,16,5,8,0,0,0,57,6,3,0,0,0,0,0,0,0,5,0,0,0,0,0,0,0,0,0,4,6,8,3,0,0,0,0,0,0,13,0,11,16,19,8,8,0,0,0,69,6,0,3,5,9,14,18,32,20,113,0,0,0,0,3,0,0,0,0,6,9,14,21,26,18,24,24,37,23,190,0,0,4,3,3,7,0,0,0,18,4,6,5,5,5,8,4,0,0,37,0,0,0,0,0,0,0,0,0,4,0,0,0,0,0,0,0,0,0,0,6,11,11,11,6,14,4,0,0,63,0,0,0,0,0,0,0,0,0,0,0,0,0,0,0,0,0,0,0,0,0,0,0,0,0,0,0,0,0,0
11102121509,core,0,0,10,15,19,10,0,0,0,55,5,6,5,0,4,3,6,0,0,26,0,0,0,0,0,0,0,0,0,0,0,0,0,0,0,0,0,0,0,0,10,3,13,14,20,11,8,0,0,84,0,0,3,0,0,0,0,0,0,5,0,0,0,0,0,0,0,0,0,0,0,5,3,0,0,0,0,0,0,7,5,4,21,14,26,11,8,0,0,90,4,3,0,7,7,8,18,13,0,72,0,0,0,0,0,0,0,4,0,9,11,8,27,20,31,21,29,18,0,170,0,7,0,10,11,7,0,0,0,33,4,3,9,8,9,15,0,0,0,46,0,0,0,0,3,3,0,0,0,4,0,0,0,0,0,0,0,0,0,0,8,3,10,22,18,22,0,0,0,87,0,0,0,0,0,0,0,0,0,0,0,0,0,0,0,0,0,0,0,0,0,0,0,0,0,0,0,0,0,0
11102121510,core,4,0,11,9,7,3,0,0,0,39,0,0,7,0,3,4,4,0,0,19,0,0,0,0,0,0,0,0,0,4,0,0,0,0,0,0,0,0,0,0,8,4,18,14,16,7,4,0,0,68,0,0,3,0,0,0,0,0,0,7,0,0,0,0,0,0,0,0,0,0,0,0,3,0,0,0,0,0,0,8,12,4,16,14,16,8,6,0,0,74,4,6,5,8,6,9,11,5,5,60,4,0,3,4,9,0,0,0,0,18,17,12,28,21,25,17,17,9,5,146,4,0,6,3,12,4,0,0,0,30,8,6,11,8,7,6,0,0,0,37,0,0,0,0,0,0,0,0,0,5,4,0,0,0,0,0,0,0,0,4,8,5,13,17,21,10,0,0,0,80,3,0,0,3,0,0,0,0,0,7,0,0,0,0,0,0,0,0,0,0,3,0,0,3,0,0,0,0,0,6
11102121511,core,0,4,14,26,23,13,0,0,0,87,3,3,3,10,0,5,0,0,0,20,3,0,0,0,0,0,0,0,0,3,0,0,0,0,0,0,0,0,0,3,6,6,14,35,24,17,0,0,0,114,0,0,0,3,0,0,0,0,0,7,5,0,0,0,0,0,0,0,0,4,6,0,0,6,0,0,0,0,0,13,14,9,15,36,24,17,0,0,0,120,3,0,3,3,0,7,18,3,0,42,0,0,3,3,0,0,0,0,0,6,18,9,24,43,24,29,21,3,0,178,0,0,5,7,7,4,0,0,0,34,0,0,11,14,11,9,0,0,0,48,0,0,9,4,0,0,0,0,0,11,0,0,3,0,0,0,0,0,0,3,4,7,21,25,21,15,0,0,0,97,0,0,0,0,3,0,0,0,0,3,0,0,0,0,0,0,0,0,0,0,0,0,0,0,3,0,0,0,0,4
11102121512,core,0,0,8,8,14,10,0,0,0,51,0,3,3,0,0,3,0,0,0,12,0,0,0,0,0,6,0,0,0,6,0,0,0,0,0,0,0,0,0,0,0,10,13,10,16,10,0,0,0,66,0,4,0,0,0,0,0,0,0,9,0,0,0,0,0,0,0,0,0,0,0,4,0,0,0,0,0,0,0,9,3,11,14,16,16,10,0,0,0,75,4,0,0,0,6,4,9,0,0,31,0,0,0,0,0,0,0,0,0,5,7,13,23,22,20,14,15,0,0,106,0,3,4,7,7,5,0,0,0,24,0,4,0,11,4,8,0,0,0,31,0,0,0,0,3,0,0,0,0,5,0,0,0,0,0,0,0,0,0,0,0,5,10,17,19,13,0,0,0,62,0,0,0,0,0,0,0,0,0,0,0,0,0,0,0,0,0,0,0,0,0,0,0,0,0,0,0,0,0,0
11102121513,core,3,4,13,17,15,7,0,0,0,62,5,10,0,0,5,0,0,0,0,31,0,0,0,0,0,5,0,0,0,6,0,0,0,0,0,0,0,0,0,0,7,12,19,19,23,13,0,0,0,100,0,0,0,0,0,0,0,0,0,0,0,0,0,0,0,0,0,0,0,5,4,0,0,4,0,0,0,0,0,6,13,13,17,28,23,14,0,0,0,107,6,8,0,3,0,18,28,13,0,70,4,0,0,0,0,0,0,0,0,8,20,19,17,34,24,32,25,13,0,184,0,4,12,10,6,10,0,0,0,48,3,3,10,9,3,9,3,0,0,46,0,0,5,0,0,0,0,0,0,6,0,0,0,0,0,0,0,0,0,0,4,9,22,19,11,23,3,0,0,94,3,0,0,0,0,0,0,0,0,0,0,0,3,0,0,0,0,0,0,3,3,0,3,0,0,0,0,0,0,7
11102121514,core,0,0,11,4,15,9,0,0,0,40,0,0,0,0,0,4,0,0,0,11,0,0,0,0,0,0,0,0,0,5,0,0,0,0,0,0,0,0,0,3,6,5,15,4,11,15,0,0,0,57,0,0,0,0,0,0,0,0,0,0,0,0,0,0,0,0,0,0,0,0,0,0,0,0,0,0,0,0,0,0,3,5,15,4,11,15,0,0,0,53,7,4,6,0,3,9,7,4,0,28,0,5,3,3,3,3,0,0,0,15,7,9,24,9,17,23,10,3,0,97,0,0,5,3,4,3,0,0,0,22,0,3,4,3,4,3,0,0,0,21,0,5,0,0,0,0,0,0,0,3,0,0,0,0,0,0,0,0,0,0,0,8,8,8,10,13,0,0,0,51,0,0,0,0,0,0,0,0,0,0,0,0,0,0,0,0,0,0,0,0,0,0,0,0,0,0,0,0,0,0
11102121515,core,0,0,0,0,0,0,0,0,0,0,0,0,0,0,0,0,0,0,0,0,0,0,0,0,0,0,0,0,0,0,0,0,0,0,0,0,0,0,0,0,0,0,0,0,0,0,0,0,0,0,0,0,0,0,0,0,0,0,0,0,0,0,0,0,0,0,0,0,0,0,0,0,0,0,0,0,0,0,0,0,0,0,0,0,0,0,0,0,0,0,0,0,0,0,0,3,5,0,0,5,0,0,0,0,0,0,0,0,0,0,0,0,0,0,0,7,5,0,0,13,0,0,0,0,0,0,0,0,0,0,0,0,0,0,0,0,0,0,0,0,0,0,0,0,0,0,0,0,0,0,0,0,0,0,0,0,0,0,0,0,0,0,0,0,0,3,0,0,0,3,0,0,0,0,0,0,0,0,0,0,0,0,0,0,0,0,0,0,0,0,0,0,0,0,0,0,0,0,0,0
11102121516,core,0,7,17,12,23,7,0,0,0,76,0,3,10,4,8,6,0,0,0,27,0,4,0,0,0,0,0,0,0,4,0,0,4,0,0,0,0,0,0,4,0,14,24,17,25,12,0,0,0,101,0,0,0,0,0,0,0,0,0,5,0,0,0,0,0,0,0,0,0,3,0,3,0,0,0,0,0,0,0,6,4,17,24,17,23,15,0,0,0,108,11,0,7,4,9,19,32,36,3,127,4,0,0,4,5,0,3,3,0,15,14,22,32,18,40,35,43,39,3,246,0,5,12,13,9,6,0,0,0,47,6,9,8,11,9,19,0,0,0,55,0,0,3,0,0,0,0,0,0,4,0,0,0,0,0,0,0,0,0,7,6,13,23,22,18,23,5,0,0,111,0,0,0,0,0,0,0,0,0,3,4,0,0,0,0,0,0,0,0,5,4,0,3,0,0,0,0,0,0,10
11102121517,core,0,0,13,6,10,9,0,0,0,35,0,0,0,0,5,0,0,0,0,15,0,0,0,0,0,0,0,0,0,9,0,0,0,0,0,0,0,0,0,5,10,4,11,9,14,13,0,0,0,59,0,0,0,0,0,0,0,0,0,0,0,0,0,0,0,0,0,0,0,0,0,0,0,0,0,0,0,0,0,4,10,4,16,9,14,13,0,0,0,62,0,0,0,0,0,0,3,7,14,43,0,0,0,0,0,3,3,28,33,75,8,3,19,6,15,18,10,41,48,178,0,0,3,4,10,0,0,0,0,19,3,3,3,0,5,0,4,0,0,21,0,0,4,0,0,0,0,0,0,6,0,0,0,0,0,0,0,0,0,5,4,7,16,3,15,6,4,0,0,51,0,0,0,0,0,0,0,0,0,0,0,0,0,0,0,0,3,0,0,3,0,0,0,0,0,0,3,0,0,5
11102121518,core,5,22,106,69,59,29,0,0,0,292,11,10,16,22,5,6,4,0,0,60,4,0,6,11,7,3,0,0,0,26,0,0,0,0,0,0,0,0,0,3,17,33,131,97,68,40,3,0,0,387,0,0,0,0,0,0,0,0,0,10,0,0,0,0,0,5,0,0,0,5,0,0,0,0,0,0,0,0,0,12,15,29,130,102,67,46,3,0,0,399,17,8,3,5,11,18,34,30,13,142,0,0,4,4,0,0,0,3,0,16,35,38,144,112,78,65,42,32,13,553,0,11,50,38,33,24,0,0,0,164,23,5,51,32,26,16,5,0,0,159,3,3,16,5,4,3,0,0,0,29,0,0,0,0,0,0,0,0,0,7,24,20,118,75,59,39,7,0,0,352,0,0,0,0,0,0,0,0,0,0,0,0,0,0,0,0,0,0,0,9,0,0,0,0,0,5,0,0,0,12
11102121519,core,6,9,12,15,11,15,3,0,0,55,6,0,3,0,0,3,0,0,0,16,0,0,0,4,0,0,0,0,0,4,0,0,0,0,0,0,0,0,0,0,5,9,15,15,11,18,5,0,0,82,0,0,0,0,0,0,0,0,0,3,0,0,0,0,0,0,0,0,0,0,0,0,0,0,0,0,0,0,0,3,8,9,15,15,13,18,4,0,0,85,3,0,0,7,8,7,28,13,0,71,0,0,0,3,0,0,3,10,0,21,13,16,15,26,22,27,37,21,0,174,0,6,6,11,12,7,4,0,0,38,0,4,4,4,3,10,0,0,0,30,0,0,0,0,0,3,0,0,0,0,0,0,0,5,0,0,0,0,0,3,5,10,13,19,18,19,3,0,0,74,0,0,0,4,0,0,0,0,0,5,3,0,0,0,0,0,0,0,0,3,3,0,0,4,0,0,0,0,0,7
11102121520,core,0,3,12,11,7,15,0,0,0,55,6,4,5,5,0,0,0,0,0,15,0,0,0,0,0,0,0,0,0,0,0,0,0,0,0,0,0,0,0,0,6,6,18,15,7,17,0,0,0,73,3,0,0,0,0,0,0,0,0,0,0,0,0,0,0,0,0,0,0,0,3,0,0,0,0,0,0,0,0,0,5,6,19,15,7,17,0,0,0,71,3,3,0,3,0,6,13,11,3,42,0,0,0,0,0,0,0,0,0,8,10,9,19,24,10,24,12,11,3,120,0,0,8,8,3,10,0,0,0,30,3,3,7,3,3,12,0,0,0,34,0,0,0,0,0,0,0,0,0,3,0,0,0,0,0,0,0,0,0,5,3,5,17,7,8,17,0,0,0,68,0,0,0,0,0,0,0,0,0,4,0,0,4,0,0,0,0,0,0,4,0,0,3,0,0,0,0,0,0,6
11102121521,core,5,0,5,4,0,6,0,0,0,13,0,0,0,0,0,0,0,0,0,0,0,0,0,0,0,0,0,0,0,3,0,0,0,0,0,0,0,0,0,0,5,0,5,4,0,5,0,0,0,11,0,0,0,0,0,0,0,0,0,0,0,0,0,0,0,0,0,0,0,0,0,0,0,0,0,0,0,0,0,0,5,3,6,4,0,5,0,0,0,18,0,0,0,0,0,3,7,5,0,10,0,0,0,0,0,0,0,0,0,0,5,3,6,4,0,3,7,5,0,26,0,0,0,0,0,8,0,0,0,8,0,4,0,0,0,5,0,0,0,9,0,0,0,0,0,0,0,0,0,0,0,0,0,0,0,0,0,0,0,0,0,4,0,0,0,9,0,0,0,18,0,0,0,0,0,0,0,0,0,0,0,0,0,0,0,0,0,0,0,0,0,0,0,0,0,0,0,0,0,0
11102121522,core,6,12,33,12,15,15,0,0,0,85,3,13,4,3,5,0,3,0,0,33,0,0,0,0,0,0,0,0,0,3,0,0,0,0,0,0,0,0,0,0,3,20,41,15,25,13,5,0,0,119,0,0,3,0,0,0,0,0,0,12,0,0,5,0,0,0,0,0,0,3,4,4,6,0,0,0,0,0,0,17,9,23,39,21,24,13,5,0,0,131,12,3,7,0,11,14,21,7,5,80,0,0,0,0,0,0,0,0,0,6,20,24,46,17,31,33,21,7,5,216,0,4,7,10,13,9,3,0,0,51,4,6,17,14,6,12,0,0,0,53,0,0,5,0,0,0,0,0,0,5,0,0,0,0,0,0,0,0,0,0,4,15,28,21,19,20,3,0,0,108,0,0,0,0,0,0,0,0,0,3,0,3,0,0,0,0,0,0,0,5,0,3,3,0,0,0,0,0,0,8
11102121523,core,0,0,0,0,0,0,0,0,0,0,0,0,0,0,0,0,0,0,0,0,0,0,0,0,0,0,0,0,0,0,0,0,0,0,0,0,0,0,0,0,0,0,0,0,0,0,0,0,0,0,0,0,0,0,0,0,0,0,0,0,0,0,0,0,0,0,0,0,0,0,0,0,0,0,0,0,0,0,0,0,0,0,0,0,0,0,0,0,0,0,0,0,0,0,0,0,0,0,0,0,0,0,0,0,0,0,0,0,0,0,0,0,0,0,0,0,0,0,0,0,0,0,0,0,0,0,0,0,0,0,0,0,0,0,0,0,0,0,0,0,0,0,0,0,0,0,0,0,0,0,0,0,0,0,0,0,0,0,0,0,0,0,0,0,0,0,0,0,0,0,0,0,0,0,0,0,0,0,0,0,0,0,0,0,0,0,0,0,0,0,0,0,0,0,0,0,0,0,0,0
11102121524,core,0,14,20,17,19,12,3,0,0,78,3,8,3,6,4,4,0,0,0,29,0,0,3,4,0,0,0,0,0,7,0,0,0,0,0,0,0,0,0,4,8,19,26,26,24,20,3,0,0,122,0,0,0,0,0,0,0,0,0,8,0,0,0,0,0,0,0,0,0,5,3,0,0,0,3,0,0,0,0,5,8,19,26,26,22,20,3,0,0,124,9,0,0,6,4,8,27,13,5,77,0,0,10,11,3,0,0,0,0,25,16,24,39,37,34,26,30,13,3,221,3,0,4,8,8,13,0,0,0,40,6,6,15,13,10,8,0,0,0,64,0,0,7,0,4,0,0,0,0,9,0,0,0,0,0,0,0,0,0,0,4,8,26,26,24,18,0,0,0,108,0,0,0,0,0,0,0,0,0,3,0,0,0,0,0,0,0,0,0,0,0,0,0,0,0,0,0,0,0,0
11102121525,core,0,3,11,5,12,11,0,0,0,44,4,3,4,0,0,0,0,0,0,19,0,0,0,0,0,0,0,0,0,0,0,0,0,0,0,0,0,0,0,0,4,5,14,9,21,12,4,0,0,71,0,0,0,0,0,0,0,0,0,3,0,0,0,0,0,0,0,0,0,0,3,0,0,0,0,0,0,0,0,0,4,5,14,9,21,17,4,0,0,74,4,7,0,3,3,3,22,16,7,60,0,0,0,0,0,0,0,0,0,4,7,14,17,15,22,22,22,16,7,144,0,6,3,4,4,8,0,0,0,26,0,0,9,5,6,5,0,0,0,26,0,0,0,0,0,0,0,0,0,3,0,0,0,0,0,0,0,0,0,5,5,12,12,9,13,12,0,0,0,57,0,0,0,0,0,0,0,0,0,5,0,0,0,0,0,0,0,0,0,0,0,0,0,0,0,0,0,0,0,5
11102121601,core,0,0,9,14,15,4,0,0,0,47,3,0,0,4,3,4,0,0,0,14,4,4,0,4,0,0,0,0,0,6,0,0,0,0,0,0,0,0,0,0,3,4,15,18,18,13,0,0,0,76,0,0,0,4,0,0,0,0,0,4,0,0,0,5,0,0,0,0,0,0,0,0,0,4,0,0,0,0,0,9,8,4,15,22,18,14,0,0,0,81,9,0,0,3,6,13,25,19,8,73,5,0,0,0,0,0,0,0,0,9,13,4,11,26,22,25,26,17,8,164,0,4,12,5,11,3,0,0,0,30,0,4,7,3,9,5,4,0,0,33,3,0,3,0,3,0,0,0,0,7,0,0,0,0,0,0,0,0,0,0,4,5,19,10,24,4,4,0,0,76,0,0,0,0,0,0,0,0,0,0,0,4,0,0,0,0,0,0,0,4,0,4,0,0,0,0,0,0,0,8
11102121602,core,0,7,17,14,7,9,0,0,0,57,0,3,0,3,3,0,3,0,0,23,0,0,0,0,3,4,0,0,0,7,0,0,0,0,0,0,0,0,0,0,4,12,23,22,10,13,3,0,0,90,0,0,0,0,0,0,0,0,0,0,0,0,0,0,0,0,0,0,0,0,0,0,0,0,0,0,0,0,0,3,4,12,24,22,13,14,5,0,0,92,5,0,0,0,10,13,23,12,5,63,0,0,0,0,0,4,0,0,0,6,9,11,22,22,23,30,29,12,3,164,0,0,4,5,9,11,0,0,0,24,0,6,4,8,7,8,3,0,0,42,0,0,7,0,3,0,0,0,0,13,0,0,0,0,0,0,0,0,0,0,0,11,16,11,17,16,3,0,0,85,0,0,0,0,4,0,0,0,0,0,0,0,0,0,0,0,0,0,0,3,0,0,0,0,4,0,0,0,0,5
11102121603,core,0,12,19,29,30,23,0,0,0,112,4,12,11,10,0,11,8,0,0,51,0,0,4,0,0,3,0,0,0,19,0,0,3,0,0,0,0,0,0,6,6,23,35,38,38,39,11,0,0,186,0,0,3,0,0,4,0,0,0,11,6,0,0,0,0,0,0,0,0,4,5,0,6,0,0,4,0,0,0,15,8,24,36,38,39,42,13,0,0,203,5,9,3,7,10,14,26,26,4,115,0,0,4,8,4,5,0,0,0,20,18,34,41,49,50,66,45,26,4,337,0,10,11,11,27,11,0,0,0,70,8,7,17,16,22,21,7,0,0,104,9,6,3,4,0,0,0,0,0,27,0,0,0,0,0,0,0,0,0,0,17,21,35,27,54,37,10,0,0,198,0,0,0,0,0,0,0,0,0,6,5,0,0,0,0,0,0,0,0,3,5,0,0,0,0,0,0,0,0,4
11102121604,core,0,5,5,6,16,16,0,0,0,59,3,3,4,6,3,4,7,3,0,30,3,0,0,0,0,4,0,0,0,8,0,0,0,0,0,0,0,0,0,3,3,13,16,14,27,19,6,5,0,107,0,0,0,0,0,0,0,0,0,8,0,0,0,0,0,0,0,0,0,0,0,0,0,0,0,0,0,0,0,8,5,15,17,14,27,19,6,5,0,105,6,5,0,0,4,8,24,24,5,78,0,0,0,6,3,0,0,4,0,15,13,15,16,19,35,33,34,29,5,198,0,7,4,9,19,10,0,0,0,38,3,6,5,4,12,11,3,0,0,45,0,4,0,0,4,0,0,0,0,9,0,0,3,0,0,0,0,0,0,3,3,12,8,15,33,21,3,0,0,94,0,0,0,0,0,0,0,0,0,0,0,3,0,0,0,0,0,0,0,4,0,3,0,0,0,0,0,0,0,5
11102121605,core,0,0,3,9,10,8,3,0,0,35,6,0,3,0,3,3,4,0,0,17,0,0,0,0,0,0,0,0,0,0,0,0,0,0,0,0,0,0,0,0,6,9,5,9,8,4,3,0,0,51,0,0,0,0,0,3,0,0,0,3,0,0,0,0,0,0,0,0,0,0,0,0,0,0,0,3,0,0,0,8,5,9,11,9,9,9,5,0,0,58,8,0,0,0,0,9,18,11,6,56,0,0,0,0,0,6,0,0,0,5,9,8,15,9,9,21,25,16,3,115,0,0,9,5,3,3,0,0,0,22,0,7,4,6,6,7,0,0,0,27,5,0,0,0,0,0,0,0,0,4,0,0,0,0,0,0,0,0,0,0,3,0,12,10,11,13,0,0,0,53,0,0,0,0,0,0,0,0,0,0,0,0,0,0,0,0,0,0,0,3,0,0,3,0,0,0,0,0,0,4
11102121606,core,0,5,25,31,12,17,0,0,0,94,3,7,3,3,9,8,6,0,0,39,6,0,0,0,0,0,6,0,0,10,0,0,0,0,0,0,0,0,0,3,9,11,30,30,25,29,9,0,0,138,0,0,0,0,0,0,0,0,0,8,0,5,0,0,0,0,0,0,0,5,0,5,0,0,0,4,0,0,0,12,16,16,32,30,25,29,9,0,0,153,10,3,9,3,7,11,24,19,3,85,0,0,0,0,0,4,0,0,0,3,25,20,36,38,34,45,29,17,4,244,0,8,7,8,21,6,0,0,0,53,6,9,12,13,12,7,7,0,0,67,4,0,3,3,0,0,0,0,0,6,0,0,4,0,0,0,0,0,0,8,12,12,27,22,31,22,9,0,0,131,0,0,0,0,0,0,0,0,0,0,0,0,0,0,0,0,0,0,0,6,0,0,0,0,0,0,0,0,0,0
11102121607,core,0,17,25,21,18,20,4,0,0,114,3,9,8,0,3,13,3,0,0,46,0,0,0,3,0,0,0,0,0,4,0,0,3,0,0,0,0,0,0,7,10,28,33,29,29,38,8,0,0,165,0,0,0,0,0,3,0,0,0,3,0,0,0,0,0,0,0,0,0,0,0,0,0,0,0,3,0,0,0,8,7,28,33,30,26,39,8,0,0,176,9,0,7,5,5,20,34,27,13,128,0,0,4,0,0,5,4,0,0,16,21,31,48,31,37,63,48,27,8,315,0,8,17,19,9,15,0,0,0,71,12,13,12,12,13,17,0,0,0,76,0,3,8,3,0,6,5,0,0,24,0,0,0,0,0,4,0,0,0,8,15,24,47,32,18,36,4,0,0,176,0,0,3,0,0,0,0,0,0,7,4,0,0,0,0,0,0,0,0,5,4,0,3,0,0,3,0,0,0,8
11102121608,core,0,20,47,43,40,18,5,0,0,173,9,3,10,9,3,10,3,0,0,43,4,0,8,6,4,0,0,0,0,16,0,0,0,0,5,0,0,0,0,3,11,22,64,54,45,33,0,0,0,238,0,3,3,5,0,4,0,0,0,14,0,0,0,0,0,0,0,0,0,4,0,3,5,3,0,4,0,0,0,18,14,27,72,61,45,31,0,0,0,257,11,5,13,4,18,13,45,29,4,146,0,4,4,5,0,0,0,0,0,20,27,37,84,72,67,44,49,34,4,418,0,7,20,21,22,14,0,0,0,94,13,8,22,37,19,14,0,0,0,115,3,9,7,4,4,0,0,4,0,32,0,0,3,0,0,0,0,0,0,7,19,18,59,69,42,29,4,4,0,241,0,0,0,0,0,0,0,0,0,6,0,0,0,0,5,4,0,0,0,8,4,0,0,0,5,4,0,0,0,10
11102121609,core,7,7,12,18,16,13,0,0,0,74,0,3,4,9,4,8,4,0,0,33,0,0,0,0,0,3,0,0,0,4,0,0,0,0,0,0,0,0,0,5,4,14,14,27,25,28,10,0,0,118,0,0,0,0,0,0,0,0,0,0,0,0,0,0,0,0,0,0,0,4,0,0,0,0,0,0,0,0,0,6,4,14,21,27,25,29,5,0,0,120,5,6,5,7,4,9,27,15,0,79,0,0,0,0,0,0,0,0,0,0,6,20,24,27,26,38,37,20,0,199,0,4,5,7,10,15,0,0,0,42,3,5,9,8,18,12,0,0,0,48,0,0,0,0,0,3,0,0,0,8,0,0,3,0,0,0,0,0,0,3,3,9,17,15,33,26,0,0,0,98,0,0,0,0,0,0,0,0,0,0,0,0,0,0,0,0,0,0,0,0,0,0,0,0,0,0,0,0,0,0
11102121610,core,6,8,5,10,16,13,0,0,0,53,0,3,5,3,4,6,0,0,0,25,0,0,0,0,0,5,0,0,0,8,0,0,0,0,0,0,0,0,0,5,0,7,11,12,23,21,8,0,0,88,0,0,0,0,0,0,0,0,0,3,0,0,0,0,0,0,0,0,0,0,0,0,0,0,0,0,0,0,0,3,0,9,11,12,23,21,10,0,0,92,11,4,0,6,3,3,22,19,3,71,0,0,0,0,0,0,3,0,0,9,14,13,11,15,28,24,35,18,3,169,0,0,9,4,8,4,0,0,0,26,6,4,6,0,9,6,0,0,0,28,0,0,0,0,0,4,0,0,0,8,0,0,0,0,0,0,0,0,0,0,6,0,12,9,16,13,4,0,0,62,0,0,0,0,0,0,0,0,0,0,0,0,0,0,0,0,0,0,0,0,0,0,0,0,0,0,0,0,0,3
11102121611,core,0,0,3,20,12,13,5,0,0,47,0,8,5,3,5,0,0,0,0,18,3,0,3,0,0,3,0,0,0,9,0,0,0,5,0,0,0,0,0,5,3,9,11,24,13,13,3,0,0,79,0,0,0,0,0,0,0,0,0,5,3,0,0,0,0,0,0,0,0,7,3,0,0,0,0,0,0,0,0,4,11,9,10,24,12,13,4,0,0,82,0,0,0,0,0,4,12,16,3,44,0,0,0,3,4,0,0,0,0,7,12,7,9,27,21,17,14,18,3,127,0,0,10,12,10,3,4,0,0,36,8,3,4,14,10,0,0,0,0,43,0,0,0,0,0,0,0,0,0,4,0,0,0,0,0,0,0,0,0,3,12,8,19,28,20,5,4,0,0,88,0,0,0,0,0,0,0,0,0,3,0,0,0,0,0,0,0,0,0,0,0,0,0,0,6,0,0,0,0,3
11102121612,core,3,7,32,29,31,25,6,0,0,135,8,0,0,6,10,8,11,0,0,40,0,0,0,0,3,4,0,0,0,12,0,0,0,0,0,0,0,0,0,0,10,7,38,38,44,33,18,0,0,186,4,0,0,0,0,0,0,0,0,3,0,0,0,0,0,0,0,0,0,4,3,0,0,0,0,0,0,0,0,6,13,7,38,38,43,40,18,3,0,191,8,4,0,6,10,5,47,34,10,121,3,0,0,0,0,0,0,0,0,5,25,9,45,35,49,42,64,36,10,315,4,5,13,19,25,20,4,0,0,84,7,6,13,17,20,15,10,0,0,83,6,0,4,4,6,0,0,0,0,14,0,0,0,0,0,0,0,0,0,6,12,12,28,35,46,31,13,0,0,183,0,0,0,0,0,0,0,0,0,4,0,0,0,0,0,0,0,0,0,6,0,0,0,0,0,0,0,0,0,6
11102121613,core,3,20,27,19,24,8,4,0,0,95,3,5,3,5,0,8,0,0,0,22,0,0,0,4,0,0,0,0,0,8,0,0,0,0,0,0,0,0,0,3,4,21,37,31,22,12,3,0,0,140,4,0,0,0,0,0,0,0,0,6,0,0,0,0,0,0,0,0,0,3,4,0,0,0,4,0,0,0,0,8,10,26,41,31,28,17,3,0,0,148,4,0,6,3,3,8,13,7,5,55,0,0,3,6,0,0,0,0,0,14,17,29,50,35,31,28,19,7,5,216,0,7,12,14,10,9,0,0,0,54,3,8,14,9,12,6,0,0,0,56,3,0,6,0,3,5,0,0,0,22,0,0,0,0,0,0,0,0,0,0,9,20,31,25,25,19,3,0,0,132,0,0,0,0,0,0,0,0,0,5,0,0,0,0,5,0,0,0,0,3,0,0,0,0,3,0,0,0,0,8
11102121614,core,8,7,14,14,18,6,3,0,0,62,3,3,4,0,3,3,0,0,0,19,0,0,0,0,0,0,0,0,0,3,0,0,0,0,0,0,0,0,0,0,6,7,20,20,18,13,3,0,0,85,0,0,0,3,0,0,0,0,0,9,3,0,0,0,0,0,0,0,0,6,6,0,0,3,0,0,0,0,0,10,12,10,20,23,18,13,3,0,0,93,0,0,0,0,0,9,13,12,3,37,0,0,0,0,0,0,0,0,0,3,13,10,23,27,18,22,13,13,3,138,4,4,8,4,10,10,0,0,0,40,3,5,5,5,6,7,0,0,0,33,0,0,0,4,5,3,0,0,0,13,0,0,0,0,0,0,0,0,0,3,10,11,15,18,17,19,0,0,0,87,0,0,0,0,0,0,0,0,0,0,5,0,0,0,0,0,0,0,0,4,5,0,0,0,0,0,0,0,0,7
11102121615,core,7,8,18,14,14,17,3,0,0,74,4,0,12,9,9,9,3,0,0,35,0,0,0,4,0,0,0,0,0,10,0,0,0,0,0,0,0,0,0,3,6,12,30,26,21,21,8,0,0,127,0,3,3,5,4,0,0,0,0,12,0,0,0,0,0,0,0,0,0,0,4,3,3,5,4,0,0,0,0,15,7,15,31,26,23,24,8,0,0,136,4,5,0,6,9,18,25,12,4,88,0,0,0,0,4,4,0,0,0,12,15,21,41,32,40,44,27,19,4,239,0,0,16,10,11,16,0,0,0,49,7,0,13,6,16,15,0,0,0,56,0,0,3,0,0,3,0,0,0,10,0,0,0,0,0,0,0,0,0,0,6,5,31,19,26,28,0,0,0,123,0,0,0,4,0,0,0,0,0,8,0,0,0,0,0,0,0,0,0,7,0,0,0,3,0,0,0,0,0,8
11102121616,core,0,7,13,8,12,17,0,0,0,61,3,3,3,3,0,3,3,6,0,22,0,0,0,6,0,0,0,0,0,10,0,0,0,0,0,0,0,0,0,3,0,10,14,17,19,23,9,6,0,96,0,0,0,0,0,0,0,0,0,0,0,0,0,0,0,0,0,0,0,0,0,0,4,0,0,0,0,0,0,4,0,10,20,17,19,23,9,6,0,98,7,0,4,0,0,14,27,25,3,85,0,0,0,0,0,0,3,0,0,5,10,9,23,21,26,37,33,30,3,188,0,0,4,8,8,3,0,0,0,34,8,0,9,6,11,12,3,0,0,49,0,0,0,0,0,0,0,0,0,7,0,0,5,0,0,0,0,0,0,5,6,5,18,20,19,23,3,0,0,93,0,0,0,0,0,0,0,0,0,0,0,0,0,0,0,0,0,0,0,0,0,0,0,0,0,0,0,0,0,0
11102121617,core,3,10,10,19,33,18,0,0,0,97,3,5,3,3,4,9,7,0,0,30,6,0,0,0,5,0,0,0,0,8,0,0,0,0,0,0,0,0,0,3,12,15,15,25,40,24,11,0,0,134,0,0,0,0,0,0,0,0,0,8,0,0,0,0,0,0,0,0,0,4,0,0,0,6,0,0,0,0,0,8,14,15,18,29,44,25,11,0,0,145,6,5,0,3,3,11,54,36,15,142,0,0,0,0,6,0,4,0,0,10,22,17,20,28,46,40,68,40,12,299,0,4,9,10,12,16,3,0,0,55,3,0,8,17,9,12,12,0,0,63,0,3,0,4,7,0,0,0,0,18,0,0,0,0,0,0,0,0,0,0,8,12,17,30,34,31,15,0,0,133,0,0,0,0,0,0,0,0,0,0,0,0,0,0,0,0,0,0,0,7,0,0,0,0,0,0,0,0,0,7
11102121701,core,0,0,0,0,0,0,0,0,0,0,0,0,0,0,0,0,0,0,0,0,0,0,0,0,0,0,0,0,0,0,0,0,0,0,0,0,0,0,0,0,0,0,0,0,0,0,0,0,0,3,0,0,0,0,0,0,0,0,0,0,0,0,0,0,0,0,0,0,0,0,0,0,0,0,0,0,0,0,0,0,0,0,0,0,0,0,0,0,0,3,0,0,0,0,0,0,14,26,33,66,0,0,0,0,0,0,4,0,4,14,0,0,0,0,0,0,14,26,39,80,0,0,0,0,0,0,0,0,0,3,0,0,0,0,0,0,0,0,0,4,0,0,0,0,0,0,0,0,0,0,0,0,0,0,0,0,0,0,0,0,0,0,0,0,0,5,0,0,0,9,0,0,0,0,0,0,0,0,0,0,0,0,0,0,0,0,0,0,0,0,0,0,0,0,0,0,0,0,0,0
11102121702,core,4,5,11,12,21,18,0,0,0,71,3,0,0,0,3,3,3,0,0,25,0,0,0,0,0,0,0,0,0,6,0,0,0,0,0,0,0,0,0,0,14,9,12,14,20,21,7,0,0,101,0,0,0,0,0,0,0,0,0,0,0,0,0,0,0,0,0,0,0,0,0,0,0,0,0,0,0,0,0,5,7,9,9,14,20,21,7,0,0,101,3,3,6,0,0,8,16,7,0,39,0,0,0,0,4,0,0,0,0,4,18,13,18,19,26,27,21,8,0,151,0,5,11,13,12,8,0,0,0,40,3,6,3,6,14,11,0,0,0,42,0,0,0,0,0,4,0,0,0,3,0,0,0,0,0,0,0,0,0,0,7,10,9,22,21,13,0,0,0,90,0,0,0,0,0,0,0,0,0,0,0,0,0,0,0,0,0,0,0,6,0,0,0,0,0,0,0,0,0,6
11102121703,core,0,4,22,8,12,3,0,0,0,50,0,0,5,0,4,0,0,0,0,8,0,0,0,0,0,0,0,0,0,0,0,0,0,0,0,0,0,0,0,3,3,3,20,12,16,0,0,0,0,65,0,0,0,0,0,0,0,0,0,0,0,0,0,0,0,0,0,0,0,0,0,0,0,0,0,0,0,0,0,4,3,3,23,12,16,0,0,0,0,63,0,0,4,0,0,4,7,10,3,26,0,0,0,0,0,0,0,0,0,3,8,6,26,11,16,4,12,10,3,97,0,3,12,4,4,0,0,0,0,26,0,3,6,8,4,0,5,0,0,16,0,0,9,0,0,0,0,0,0,10,0,0,0,0,0,0,0,0,0,0,0,9,23,13,8,0,3,0,0,54,0,0,0,0,0,0,0,0,0,0,0,0,0,0,0,0,0,0,0,0,0,0,0,0,0,0,0,0,0,0
11102121704,core,3,10,17,17,18,15,0,0,0,82,5,4,0,4,0,4,0,0,0,21,0,0,0,0,0,0,0,0,0,0,0,0,0,0,0,0,0,0,0,0,4,12,20,22,17,20,3,0,0,100,0,0,0,0,0,0,0,0,0,0,4,0,0,0,0,0,0,0,0,4,0,0,0,0,0,0,0,0,0,5,10,12,20,22,17,20,4,0,0,107,4,0,0,4,0,8,22,5,6,48,0,0,0,0,0,0,0,0,0,0,10,11,23,27,22,33,29,5,6,156,3,8,12,9,14,14,0,0,0,51,0,0,11,10,7,9,0,0,0,37,0,0,0,0,0,0,0,0,0,6,0,0,0,0,0,0,0,0,0,0,6,8,23,22,19,26,0,0,0,100,0,0,0,0,0,0,0,0,0,0,0,0,0,0,0,0,0,0,0,0,0,0,0,0,0,3,0,0,0,3
11102121705,core,0,9,32,15,20,8,4,0,0,81,0,6,12,0,0,8,0,0,0,23,0,0,0,0,0,0,0,0,0,0,0,0,0,0,0,0,0,0,0,4,4,11,44,15,16,14,6,0,0,109,0,0,0,0,0,0,0,0,0,3,3,0,0,0,0,0,0,0,0,4,3,0,0,0,0,0,0,0,0,6,3,10,41,17,16,20,6,0,0,113,5,4,4,0,10,10,18,4,0,50,0,0,0,0,3,0,0,0,5,4,11,18,45,21,28,25,14,4,4,169,0,0,24,13,12,11,0,0,0,58,4,6,9,12,7,16,0,0,0,55,0,0,0,0,4,5,0,0,0,9,0,0,0,0,0,0,0,0,0,0,8,10,37,19,23,23,0,0,0,121,0,0,0,0,0,0,0,0,0,0,0,0,0,0,3,0,0,0,0,5,0,0,0,0,3,0,0,0,0,5
11102121706,core,3,7,20,20,15,6,0,0,0,77,0,0,0,0,6,5,0,0,0,17,0,0,0,0,0,3,0,0,0,6,0,0,0,0,0,0,0,0,0,0,0,8,31,20,14,13,0,0,0,96,0,0,0,0,0,3,0,0,0,8,4,0,0,0,0,0,0,0,0,4,3,0,0,0,0,3,0,0,0,10,11,8,28,20,14,11,0,0,0,103,3,0,4,0,0,5,15,10,0,48,0,0,0,0,0,3,0,0,0,7,10,11,35,26,22,26,14,7,0,159,8,4,11,11,7,3,0,0,0,35,8,5,11,20,6,3,0,0,0,53,0,0,3,0,0,4,0,0,0,12,0,0,0,0,0,0,0,0,0,0,14,11,18,29,15,12,0,0,0,102,0,0,0,0,0,0,0,0,0,0,0,0,0,0,0,0,0,0,0,5,0,0,0,0,0,0,0,0,0,7
11102121707,core,0,0,13,8,4,3,0,0,0,25,5,0,3,4,3,0,0,0,0,11,0,0,3,0,0,0,0,0,0,6,0,0,0,0,0,0,0,0,0,0,3,3,16,12,3,8,0,0,0,50,0,0,0,0,6,0,0,0,0,3,0,0,0,0,0,0,0,0,0,0,0,4,0,0,6,0,0,0,0,10,3,7,16,11,8,3,0,0,0,55,4,3,0,3,4,16,16,7,0,67,0,0,0,5,4,0,0,0,0,10,9,11,20,16,19,25,22,7,0,131,0,0,10,7,7,4,0,0,0,19,0,0,5,4,6,0,0,0,0,24,0,0,4,0,0,0,0,0,0,3,0,0,0,0,0,0,0,0,0,0,0,0,20,15,12,6,5,0,0,50,0,0,0,0,0,0,0,0,0,5,0,0,0,0,0,0,0,0,0,0,0,0,0,0,0,0,0,0,0,5
11102121708,core,3,6,17,20,12,12,0,0,0,72,0,0,4,3,3,0,0,0,0,14,0,0,3,0,0,0,0,0,0,8,0,0,0,0,0,0,0,0,0,0,5,14,20,20,18,17,0,0,0,95,0,0,0,5,0,0,0,0,0,9,0,0,0,0,0,0,0,0,0,4,0,0,0,3,0,0,0,0,0,11,7,13,23,24,18,17,0,0,0,100,4,5,4,3,5,5,9,11,0,40,0,0,0,0,0,0,4,3,0,8,12,16,25,25,20,23,12,12,0,143,0,4,0,9,10,7,0,0,0,31,3,5,7,13,0,4,3,0,0,37,0,0,0,0,0,0,0,0,0,4,0,0,0,0,0,0,0,0,0,0,3,8,13,22,10,9,3,0,0,68,0,0,0,0,0,0,0,0,0,0,0,0,0,0,0,0,0,0,0,0,0,0,0,0,0,0,0,0,0,0
11102121709,core,0,13,17,5,19,18,5,0,0,73,4,0,7,0,0,0,0,0,0,14,0,0,0,0,0,0,0,0,0,4,0,0,0,0,0,0,0,0,0,0,10,10,18,7,19,15,0,0,0,91,0,0,0,0,0,0,0,0,0,4,0,0,0,0,0,0,0,0,0,4,3,0,0,0,0,0,0,0,0,4,7,11,18,11,19,15,0,0,0,101,6,0,0,4,0,5,16,9,0,38,0,0,0,0,0,0,0,0,0,3,13,19,22,18,19,25,21,9,0,142,0,0,4,9,7,0,0,0,0,33,6,3,10,3,8,9,4,0,0,55,0,0,3,0,0,0,0,0,0,7,0,0,0,0,0,0,0,0,0,0,13,7,23,13,18,11,6,0,0,95,0,0,0,0,0,0,0,0,0,0,0,0,0,0,0,0,0,0,0,0,0,0,0,0,0,0,0,0,0,0
11102121710,core,3,3,13,10,4,8,0,0,0,40,0,0,0,0,0,3,5,0,0,8,0,0,0,0,0,0,0,0,0,0,0,0,0,0,0,0,0,0,0,0,3,3,10,7,5,15,5,0,0,49,0,0,4,0,0,0,0,0,0,5,0,0,0,0,0,0,0,0,0,3,0,0,0,0,0,0,0,0,0,3,3,4,16,7,9,15,5,0,0,53,0,0,0,5,4,3,5,9,6,35,0,0,0,0,5,4,0,0,0,7,6,4,21,17,16,18,12,9,6,92,0,3,6,3,3,3,0,0,0,23,0,3,4,0,4,8,0,0,0,22,0,0,0,0,0,0,0,0,0,0,0,0,0,0,0,0,0,0,0,0,0,6,11,9,6,8,0,0,0,48,0,0,0,0,0,0,0,0,0,0,0,0,0,0,0,0,0,0,0,0,0,0,0,0,0,0,0,0,0,0
11102121711,core,4,16,36,25,28,13,0,0,0,113,5,5,6,7,8,3,3,0,0,36,0,0,4,0,0,0,0,0,0,6,0,0,3,0,0,0,0,0,0,3,6,14,46,30,34,17,3,0,0,154,0,0,0,0,0,0,0,0,0,5,0,0,0,0,0,0,0,0,0,0,0,0,0,0,0,0,0,0,0,7,7,19,46,30,31,18,3,0,0,158,6,7,0,5,4,4,30,17,0,74,0,0,5,0,0,0,0,0,0,4,16,22,53,34,41,23,29,13,0,232,5,9,17,26,7,4,0,0,0,66,4,7,11,13,15,10,4,0,0,68,0,0,4,0,0,0,0,0,0,6,0,0,0,0,0,0,0,0,0,0,8,18,39,35,22,16,4,0,0,143,0,0,0,0,0,0,0,0,0,0,0,0,0,0,0,0,0,0,0,3,0,0,0,0,0,0,0,0,0,9
11102121714,core,0,12,7,17,26,24,0,0,0,81,3,5,3,4,5,3,0,0,0,15,0,0,0,0,0,5,0,0,0,3,0,0,0,0,0,0,0,0,0,0,6,12,11,23,26,31,0,0,0,101,0,0,0,0,0,0,0,0,0,0,0,0,0,0,0,0,0,0,0,4,0,0,0,0,0,0,0,0,0,3,10,14,13,23,26,31,0,0,0,103,11,0,0,0,0,5,11,17,0,46,0,0,0,0,0,0,0,0,0,0,17,14,15,23,23,35,9,17,0,150,0,5,7,3,20,9,0,0,0,48,13,3,10,7,12,15,0,0,0,59,0,0,0,0,0,0,0,0,0,7,0,0,4,0,0,0,0,0,0,4,14,14,15,11,35,21,0,0,0,114,0,0,0,0,0,0,0,0,0,0,4,0,0,0,0,0,0,0,0,3,4,0,0,0,0,0,0,0,0,7
11102121718,core,0,0,0,0,0,0,0,0,0,5,0,0,0,0,0,0,0,0,0,0,0,0,0,0,0,0,0,0,0,0,0,0,0,0,0,0,0,0,0,0,0,0,0,4,0,0,0,0,0,4,0,0,0,0,0,0,0,0,0,0,0,0,0,0,0,0,0,0,0,0,0,0,0,0,0,0,0,0,0,0,0,0,0,4,0,0,0,0,0,4,0,0,0,0,0,0,0,0,0,0,0,0,0,0,0,0,0,0,0,0,0,0,0,4,0,0,0,0,0,4,0,0,0,0,0,0,0,0,0,0,0,0,0,0,0,0,0,0,0,0,0,0,0,0,0,0,0,0,0,0,0,0,0,0,0,0,0,0,0,0,0,0,0,0,0,0,0,0,0,4,0,0,0,0,0,0,0,0,0,0,0,0,0,0,0,0,0,0,0,0,0,0,0,0,0,0,0,0,0,0
11102121719,core,4,4,17,10,7,11,0,0,0,54,0,0,9,0,0,0,0,0,0,19,0,0,0,0,0,0,0,0,0,4,0,0,0,0,0,0,0,0,0,0,4,8,26,11,16,18,0,0,0,84,0,0,0,0,0,0,0,0,0,4,0,0,0,0,0,0,0,0,0,0,0,0,0,0,0,0,0,0,0,4,4,8,28,11,16,18,0,0,0,90,3,0,6,4,3,6,27,11,4,56,0,0,0,0,4,0,0,0,0,7,5,8,33,18,20,22,26,11,4,145,4,0,11,5,9,4,0,0,0,33,0,3,7,11,5,0,4,0,0,33,0,0,0,0,0,0,0,0,0,5,0,0,0,0,0,0,0,0,0,0,6,8,24,18,12,6,4,0,0,70,4,0,0,0,0,0,0,0,0,3,0,0,0,0,0,0,0,0,0,0,4,0,0,0,0,0,0,0,0,3
11102121720,core,0,3,3,9,5,3,0,0,0,30,0,0,0,0,0,0,0,0,0,10,0,0,0,0,0,0,0,0,0,0,0,4,0,0,0,0,0,0,0,4,0,4,6,8,13,5,0,0,0,38,0,0,0,0,0,0,0,0,0,0,0,0,0,0,0,0,0,0,0,0,0,0,0,0,0,0,0,0,0,0,4,4,6,8,13,5,0,0,0,41,4,4,3,3,0,5,8,5,0,32,0,0,4,0,0,0,0,0,0,7,7,9,9,14,13,15,11,5,0,79,0,0,6,0,5,0,0,0,0,11,0,5,4,3,3,4,0,0,0,20,0,0,0,0,0,0,0,0,0,0,0,4,0,0,0,0,0,0,0,4,0,7,4,3,6,5,0,0,0,37,0,0,0,0,0,0,0,0,0,0,0,0,0,0,0,0,0,0,0,4,0,0,0,0,0,0,0,0,0,4
11102121721,core,0,10,18,18,18,18,0,0,0,89,9,0,7,4,0,0,4,0,0,28,0,0,0,0,0,0,0,0,0,3,0,0,0,0,0,0,0,0,0,3,7,6,28,23,23,26,5,0,0,121,3,0,5,0,0,0,0,0,0,6,0,0,0,0,0,0,0,0,0,0,3,0,5,0,0,0,0,0,0,6,13,11,28,24,23,26,5,0,0,125,0,4,5,3,7,8,38,15,0,80,0,0,0,5,0,3,3,5,0,16,13,11,33,29,33,33,41,20,0,221,0,8,20,13,22,5,0,0,0,60,3,8,14,11,13,6,3,0,0,59,0,0,3,0,0,0,0,0,0,7,0,0,0,0,0,0,0,0,0,0,7,15,35,30,33,14,3,0,0,129,0,0,0,0,0,0,0,0,0,3,0,0,0,0,0,0,0,0,0,0,0,0,0,0,0,0,0,0,0,3
11102121722,core,0,6,26,24,29,7,3,0,0,95,9,3,0,3,7,0,0,0,0,24,0,0,0,0,0,0,0,0,0,0,0,0,0,0,0,0,0,0,0,0,9,16,26,33,29,11,9,0,0,126,0,3,0,0,0,0,0,0,0,6,0,0,0,0,0,0,0,0,0,0,0,4,0,0,0,0,0,0,0,6,9,20,31,33,29,11,9,0,0,135,6,0,4,0,3,3,12,6,0,49,4,0,0,0,0,0,0,0,0,9,17,20,32,33,39,16,22,6,6,186,0,10,24,10,13,11,0,0,0,63,8,10,11,16,16,9,0,0,0,68,3,0,0,0,0,0,0,0,0,5,0,0,0,0,0,0,0,0,0,4,12,15,31,31,30,22,4,0,0,140,0,0,0,0,0,0,0,0,0,0,0,0,0,0,0,0,0,0,0,3,0,0,0,0,0,0,0,0,0,7
11102121723,core,5,3,31,14,24,14,0,0,0,91,6,0,5,8,4,3,0,0,0,20,0,3,0,0,0,0,0,0,0,8,0,0,0,0,0,0,0,0,0,0,6,8,41,21,23,21,0,0,0,122,0,0,0,0,0,0,0,0,0,0,0,0,0,0,0,0,0,0,0,0,0,0,0,0,0,0,0,0,0,3,6,10,41,21,24,20,0,0,0,126,10,4,0,0,0,14,30,14,0,73,0,0,0,0,0,0,0,0,0,4,21,13,45,22,32,34,30,14,3,201,0,9,11,9,13,5,0,0,0,50,6,4,17,13,16,12,0,0,0,68,0,0,0,0,0,0,0,0,0,0,0,0,0,0,0,0,0,0,0,0,12,14,32,29,24,15,0,0,0,124,0,0,0,0,0,0,0,0,0,5,0,0,0,0,0,0,0,0,0,0,0,0,0,0,3,0,0,0,0,7
11102121724,core,7,9,13,21,31,11,0,0,0,93,3,4,0,5,4,0,3,0,0,19,0,0,0,0,0,0,0,0,0,0,0,0,0,0,0,0,0,0,0,0,10,14,13,25,37,18,3,0,0,112,0,0,0,0,0,0,0,0,0,4,0,0,0,0,0,0,0,0,0,0,0,0,0,0,0,0,0,0,0,4,10,10,16,23,37,18,3,0,0,119,8,0,0,0,0,3,14,4,0,32,0,0,0,0,0,0,0,0,0,0,16,10,16,30,35,18,18,9,0,157,3,0,7,9,14,5,0,0,0,44,11,4,6,12,16,10,0,0,0,62,0,0,0,5,5,0,0,0,0,6,0,0,3,0,0,0,0,0,0,6,14,7,16,28,36,17,0,0,0,125,0,0,0,0,0,0,0,0,0,0,5,0,0,0,0,0,0,0,0,6,5,0,0,0,0,0,0,0,0,6
11102121727,core,0,9,19,7,0,4,0,0,0,39,0,0,0,0,0,0,0,0,0,10,0,0,0,0,0,0,0,0,0,0,0,0,0,0,0,0,0,0,0,0,0,9,20,12,3,4,0,0,0,53,0,0,0,0,0,0,0,0,0,0,0,0,0,0,0,0,0,0,0,3,0,0,0,0,0,0,0,0,0,3,0,7,20,12,3,4,0,0,0,55,5,0,0,0,0,3,0,0,0,9,0,0,5,0,0,0,0,0,0,0,3,6,23,12,6,9,5,0,0,67,0,3,12,8,4,0,0,0,0,27,0,4,4,3,10,3,0,0,0,25,0,0,5,0,0,0,0,0,0,5,0,0,0,0,0,0,0,0,0,0,0,8,21,8,8,8,0,0,0,52,0,0,0,0,0,0,0,0,0,0,0,0,0,0,0,0,0,0,0,0,0,0,0,0,0,0,0,0,0,0
11102121729,core,11,6,13,14,37,15,0,0,0,92,9,3,0,0,5,0,3,0,0,18,0,0,0,0,0,0,0,0,0,4,0,0,0,0,0,0,0,0,0,0,15,11,16,21,41,15,3,0,0,114,0,0,0,0,0,0,0,0,0,4,0,0,0,0,0,0,0,0,0,0,0,0,0,0,0,0,0,0,0,5,15,12,13,17,40,20,3,0,0,124,9,0,0,8,0,8,12,15,3,55,0,0,0,0,0,0,0,0,0,0,17,11,15,19,41,26,17,17,3,171,6,3,3,14,25,5,0,0,0,59,10,7,7,3,15,5,4,0,0,54,3,0,0,0,0,0,0,0,0,8,0,0,0,0,0,0,0,0,0,0,14,20,12,19,42,10,6,0,0,124,0,0,0,0,0,0,0,0,0,0,0,0,0,0,0,0,0,0,0,3,0,0,0,0,0,0,0,0,0,0
11102121730,core,10,5,12,12,17,15,0,0,0,76,5,3,0,0,0,5,0,0,0,15,0,0,0,0,0,0,0,0,0,0,0,0,0,0,0,0,0,0,0,0,11,11,16,11,17,16,0,0,0,89,0,0,0,0,0,0,0,0,0,0,0,0,0,0,0,0,0,0,0,3,0,0,0,0,0,0,0,0,0,3,13,11,18,11,19,16,0,0,0,98,10,0,3,0,8,7,15,0,0,44,0,0,0,0,0,0,0,0,0,0,18,13,21,11,24,29,21,0,0,141,0,3,8,5,8,10,0,0,0,32,6,0,6,4,14,9,3,0,0,50,0,0,0,5,0,0,0,0,0,8,0,0,0,0,0,0,0,0,0,0,13,5,16,14,21,19,3,0,0,89,0,0,0,0,0,0,0,0,0,0,0,0,0,0,0,0,0,0,0,4,0,0,0,0,0,0,0,0,0,3
11102121731,core,0,6,8,24,31,15,3,0,0,82,3,0,4,0,3,7,0,0,0,20,0,0,0,0,6,0,0,0,0,6,0,0,0,0,0,0,0,0,0,0,9,9,12,24,33,22,3,0,0,113,0,0,0,6,0,0,0,0,0,6,0,0,0,0,0,0,0,0,0,0,0,0,0,6,0,0,0,0,0,12,5,9,16,23,34,23,0,0,0,120,6,5,0,0,5,7,22,10,0,53,0,0,0,0,0,0,0,0,0,5,10,12,16,23,43,31,31,9,0,182,0,3,4,8,16,7,0,0,0,44,10,4,5,14,16,10,0,0,0,58,0,0,0,0,0,0,0,0,0,8,0,0,0,0,0,0,0,0,0,0,13,12,14,14,36,20,0,0,0,113,0,0,0,0,0,0,0,0,0,5,0,0,0,0,0,0,0,0,0,0,0,0,0,0,0,0,0,0,0,6
11102121732,core,3,12,17,62,46,19,3,0,0,153,23,0,3,3,0,0,0,0,0,29,0,0,0,4,0,0,0,0,0,6,0,0,0,0,3,0,0,0,0,3,31,15,18,61,50,26,0,0,0,194,0,0,0,0,0,0,0,0,0,0,0,0,0,0,0,0,0,0,0,0,0,0,0,0,0,0,0,0,0,4,26,15,18,66,50,26,0,0,0,197,4,0,3,0,0,3,17,4,0,45,4,0,0,0,0,0,0,0,0,6,34,21,22,66,48,29,18,4,0,248,4,4,17,28,24,9,0,0,0,91,16,7,6,19,26,6,0,0,0,83,3,0,4,4,0,0,0,0,0,11,0,0,0,0,0,0,0,0,0,0,22,7,35,53,53,14,0,0,0,185,0,0,0,0,0,0,0,0,0,0,3,0,0,0,0,0,0,0,0,3,3,0,0,0,0,0,0,0,0,3
11102121734,core,0,0,0,0,0,0,0,0,0,0,0,0,0,0,0,0,0,0,0,0,0,0,0,0,0,0,0,0,0,0,0,0,0,0,0,0,0,0,0,0,0,0,0,0,0,0,0,0,0,0,0,0,0,0,0,0,0,0,0,0,0,0,0,0,0,0,0,0,0,0,0,0,0,0,0,0,0,0,0,0,0,0,0,0,0,0,0,0,0,0,0,0,0,0,0,0,0,0,0,0,0,0,0,0,0,0,0,0,0,0,0,0,0,0,0,0,0,0,0,0,0,0,0,0,0,0,0,0,0,0,0,0,0,0,0,0,0,0,0,0,0,0,0,0,0,0,0,0,0,0,0,0,0,0,0,0,0,0,0,0,0,0,0,0,0,0,0,0,0,0,0,0,0,0,0,0,0,0,0,0,0,0,0,0,0,0,0,0,0,0,0,0,0,0,0,0,0,0,0,0
11102121736,core,4,9,23,31,27,13,0,0,0,102,6,3,6,4,6,0,0,0,0,19,0,0,0,0,0,0,0,0,0,3,0,0,0,0,0,0,0,0,0,0,10,9,29,37,28,14,0,0,0,126,0,0,0,0,0,0,0,0,0,3,5,0,0,0,0,0,0,0,0,3,3,4,0,0,0,0,0,0,0,6,14,13,29,37,28,14,0,0,0,134,12,6,5,0,3,4,10,4,0,37,0,0,0,4,0,0,0,0,0,3,28,13,32,39,37,20,10,4,0,180,0,4,9,18,18,3,0,0,0,55,10,0,4,20,12,3,0,0,0,51,4,3,6,0,0,0,0,0,0,7,0,0,0,0,0,0,0,0,0,0,13,3,17,39,32,13,0,0,0,116,0,0,0,0,4,0,0,0,0,5,0,0,3,0,0,0,0,0,0,4,0,0,3,0,4,0,0,0,0,9
11102121737,core,0,3,24,49,35,8,0,0,0,117,3,0,8,4,5,3,0,0,0,22,0,0,0,0,0,0,0,0,0,0,0,0,0,0,0,0,0,0,0,0,4,5,28,46,32,10,0,0,0,133,0,0,0,0,0,0,0,0,0,0,0,0,0,0,0,0,0,0,0,0,0,0,0,0,0,0,0,0,0,0,4,5,27,46,32,14,0,0,0,133,4,0,0,0,0,0,4,5,0,17,0,0,0,0,0,0,0,0,0,0,10,7,29,55,32,16,4,5,0,153,4,4,6,23,21,4,0,0,0,66,13,7,10,16,13,3,0,0,0,57,0,0,3,0,0,0,0,0,0,9,0,0,0,0,0,0,0,0,0,0,14,13,22,33,29,6,0,0,0,130,0,0,0,0,0,0,0,0,0,0,4,0,0,0,0,0,0,0,0,0,3,0,0,0,0,0,0,0,0,7
11102121738,core,5,6,17,26,10,8,4,0,0,79,5,0,4,0,5,0,4,0,0,24,3,0,0,0,0,3,0,0,0,6,0,0,0,0,0,0,0,0,0,0,10,12,21,33,18,12,7,0,0,108,0,0,0,0,0,0,0,0,0,5,0,0,0,0,0,0,0,0,0,0,0,0,0,0,0,0,0,0,0,3,12,12,23,30,18,12,7,0,0,112,10,3,7,0,0,6,9,0,0,30,0,0,0,0,0,0,0,0,0,5,28,13,32,33,18,13,11,0,0,151,0,6,0,17,8,0,0,0,0,44,6,5,17,13,6,0,0,0,0,54,0,0,3,3,0,0,0,0,0,8,0,0,0,0,0,0,0,0,0,0,9,17,25,32,15,4,0,0,0,100,0,0,0,0,0,0,0,0,0,3,0,0,0,0,0,0,0,0,0,4,7,0,0,0,0,0,0,0,0,8
11102121739,core,0,0,0,0,0,0,0,0,0,0,0,0,0,0,0,0,0,0,0,0,0,0,0,0,0,0,0,0,0,0,0,0,0,0,0,0,0,0,0,0,0,0,0,0,0,0,0,0,0,0,0,0,0,0,0,0,0,0,0,0,0,0,0,0,0,0,0,0,0,0,0,0,0,0,0,0,0,0,0,0,0,0,0,0,0,0,0,0,0,0,0,0,0,0,0,0,0,0,0,0,0,0,0,0,0,0,0,0,0,0,0,0,0,0,0,0,0,0,0,0,0,0,0,0,0,0,0,0,0,0,0,0,0,0,0,0,0,0,0,0,0,0,0,0,0,0,0,0,0,0,0,0,0,0,0,0,0,0,0,0,0,0,0,0,0,0,0,0,0,0,0,0,0,0,0,0,0,0,0,0,0,0,0,0,0,0,0,0,0,0,0,0,0,0,0,0,0,0,0,0
11102121740,core,0,6,23,47,26,15,0,0,0,121,6,3,0,8,5,0,0,0,0,22,0,0,0,0,0,0,0,0,0,9,0,0,0,0,0,0,0,0,0,0,3,12,30,53,32,18,0,0,0,153,0,0,0,0,0,0,0,0,0,0,0,0,0,0,0,0,0,0,0,4,0,0,0,0,0,0,0,0,0,3,4,12,33,53,32,17,0,0,0,158,3,0,0,0,0,0,7,5,0,20,0,0,0,0,0,0,0,0,0,4,16,11,33,53,32,21,10,5,0,180,0,6,21,27,21,9,0,0,0,80,14,4,16,24,8,3,0,0,0,73,5,0,3,0,3,0,0,0,0,12,0,0,0,0,0,0,0,0,0,0,10,16,36,48,29,13,0,0,0,164,0,0,0,0,0,0,0,0,0,0,0,0,0,0,0,0,0,0,0,0,0,0,0,0,0,0,0,0,0,0
11102121741,core,0,6,37,51,23,13,0,0,0,134,11,5,6,9,0,5,0,0,0,31,0,0,0,0,5,0,0,0,0,5,0,0,0,0,0,0,0,0,0,0,16,14,45,61,31,13,0,0,0,181,0,0,0,0,0,0,0,0,0,5,0,0,0,0,0,0,0,0,0,0,0,0,0,0,0,0,0,0,0,5,16,12,45,63,31,13,0,0,0,181,0,0,0,5,0,0,8,0,0,11,0,0,3,0,0,0,0,0,0,8,15,11,43,66,33,17,10,0,0,202,0,6,20,23,20,4,0,0,0,81,10,12,28,23,6,9,0,0,0,79,0,0,0,0,0,0,0,0,0,7,0,0,0,0,0,0,0,0,0,4,11,21,47,49,27,10,0,0,0,170,0,0,0,0,0,0,0,0,0,0,0,4,0,0,0,0,0,0,0,4,0,7,0,0,0,0,0,0,0,7
11102121742,core,0,0,0,0,0,0,0,0,0,0,0,0,0,0,0,0,0,0,0,0,0,0,0,0,0,0,0,0,0,0,0,0,0,0,0,0,0,0,0,0,0,0,0,0,0,0,0,0,0,0,0,0,0,0,0,0,0,0,0,0,0,0,0,0,0,0,0,0,0,0,0,0,0,0,0,0,0,0,0,0,0,0,0,0,0,0,0,0,0,0,0,0,0,0,0,0,0,0,0,0,0,0,0,0,0,0,0,0,0,0,0,0,0,0,0,0,0,0,0,0,0,0,0,0,0,0,0,0,0,0,0,0,0,0,0,0,0,0,0,0,0,0,0,0,0,0,0,0,0,0,0,0,0,0,0,0,0,0,0,0,0,0,0,0,0,0,0,0,0,0,0,0,0,0,0,0,0,0,0,0,0,0,0,0,0,0,0,0,0,0,0,0,0,0,0,0,0,0,0,0
11102121743,core,4,10,53,62,33,14,0,0,0,176,7,0,9,11,0,0,4,0,0,37,0,0,0,0,0,0,0,0,0,7,0,0,0,0,0,0,0,0,0,0,12,15,58,71,34,17,4,0,0,217,0,0,0,0,0,0,0,0,0,6,0,4,0,0,0,0,0,0,0,6,0,3,0,0,0,0,0,0,0,7,19,17,58,78,34,16,4,0,0,227,3,0,0,3,6,5,7,4,0,27,0,0,6,0,0,0,0,0,0,6,22,24,63,77,42,19,12,4,0,264,0,7,42,30,14,8,0,0,0,95,6,6,28,32,14,4,0,0,0,94,0,0,6,0,0,0,0,0,0,17,0,0,0,0,0,0,0,0,0,0,8,16,78,63,28,17,0,0,0,211,0,0,0,0,0,0,0,0,0,0,0,0,0,3,3,0,0,0,0,6,0,0,0,3,3,0,0,0,0,6
11102121744,core,0,4,28,38,16,12,4,0,0,100,5,0,4,4,3,0,3,0,0,22,0,0,0,0,0,0,0,0,0,4,0,0,0,0,0,0,0,0,0,0,7,5,32,45,19,12,7,0,0,122,0,0,3,0,4,0,0,0,0,3,0,0,0,0,0,0,0,0,0,0,0,0,3,0,4,0,0,0,0,3,7,12,35,45,23,12,7,0,0,128,3,4,5,0,4,0,3,0,0,26,0,0,0,0,0,0,0,0,0,10,13,10,39,42,25,13,7,0,0,159,0,3,12,29,5,4,0,0,0,52,3,0,13,8,6,0,0,0,0,40,0,0,4,3,0,0,0,0,0,9,0,0,0,0,0,0,0,0,0,0,3,9,28,38,10,9,0,0,0,99,0,0,0,0,0,0,0,0,0,0,0,0,5,0,0,0,0,0,0,4,0,0,5,0,0,0,0,0,0,5
11102121745,core,0,6,21,38,29,15,3,0,0,106,7,3,0,4,4,4,0,0,0,26,0,0,0,0,0,0,0,0,0,6,0,0,0,0,0,0,0,0,0,4,7,9,19,42,29,14,3,0,0,137,0,0,0,0,4,0,0,0,0,3,3,0,0,0,0,0,0,0,0,4,3,0,0,0,4,0,0,0,0,6,15,14,19,42,37,18,3,0,0,142,3,0,0,0,0,6,3,3,0,20,0,0,0,0,0,0,0,0,0,4,15,13,29,42,37,23,7,7,0,167,0,0,14,20,18,7,3,0,0,56,12,9,7,23,8,5,5,0,0,61,0,0,0,5,0,0,0,0,0,12,0,0,0,0,0,0,0,0,0,0,16,11,22,46,25,9,0,0,0,126,0,0,0,0,0,0,0,0,0,0,0,0,0,0,0,0,0,0,0,6,0,6,0,0,0,0,0,0,0,3
11102121746,core,0,11,81,77,30,13,0,0,0,210,0,11,16,11,10,0,0,0,0,53,0,0,4,0,0,3,0,0,0,11,0,0,0,0,0,0,0,0,0,3,6,24,101,93,39,14,0,0,0,277,0,4,5,0,0,0,0,0,0,7,0,0,0,0,0,0,0,0,0,3,0,4,5,0,0,0,0,0,0,9,6,26,106,93,35,14,0,0,0,287,5,3,3,0,5,4,8,4,0,33,3,0,7,5,4,0,0,0,0,20,18,27,118,95,40,21,10,4,0,337,0,24,50,48,19,3,0,0,0,150,7,11,27,30,13,11,0,0,0,106,0,5,7,3,0,0,0,0,0,15,0,6,5,0,0,0,0,0,0,4,7,34,92,90,33,19,0,0,0,274,0,0,0,0,0,0,0,0,0,4,0,0,0,0,0,0,0,0,0,3,0,0,0,0,0,0,0,0,0,6
11102121747,core,0,3,14,15,12,15,0,0,0,51,0,0,0,3,4,0,0,0,0,16,0,0,0,0,0,0,0,0,0,0,0,0,0,0,0,0,0,0,0,0,3,11,21,17,19,12,0,0,0,79,0,0,4,0,0,0,0,0,0,4,0,0,0,0,0,0,0,0,0,0,0,0,0,0,0,0,0,0,0,5,3,11,17,17,19,12,0,0,0,83,4,0,0,0,0,3,12,14,9,60,0,0,0,0,0,0,0,3,0,4,7,11,23,18,18,17,12,12,7,144,0,4,11,17,12,11,0,0,0,51,10,3,8,3,7,8,0,0,0,44,0,0,0,0,0,0,0,0,0,4,0,0,0,0,0,0,0,0,0,0,15,7,21,22,20,14,0,0,0,100,0,0,0,0,0,0,0,0,0,0,0,0,0,0,0,0,0,0,0,0,0,0,0,0,0,0,0,0,0,0
11102121748,core,6,5,5,14,25,6,0,0,0,59,6,0,3,0,3,0,3,0,0,14,0,0,0,0,0,0,0,0,0,3,0,0,0,5,0,0,0,0,0,5,10,5,9,15,23,10,3,0,0,76,0,0,0,0,0,0,0,0,0,0,3,0,0,0,0,0,0,0,0,3,3,0,0,0,0,0,0,0,0,9,11,5,9,21,23,10,3,0,0,88,0,0,0,3,5,0,8,4,0,24,0,0,0,0,0,0,4,19,20,42,16,7,9,21,23,18,15,23,20,149,0,0,0,16,10,6,0,0,0,29,5,0,5,8,16,4,0,0,0,32,0,0,0,0,0,0,0,0,0,6,0,0,0,0,0,0,0,0,0,0,5,0,8,25,27,8,0,0,0,66,0,0,0,0,0,0,0,0,0,0,3,0,0,0,0,0,0,0,0,3,3,0,0,0,0,0,0,0,0,3
11102121749,core,0,4,55,82,24,15,3,0,0,181,7,5,3,9,4,0,0,0,0,22,0,0,3,0,0,0,0,0,0,4,0,0,0,0,0,0,0,0,0,3,7,8,63,91,27,15,3,0,0,212,0,4,0,0,0,0,0,0,0,4,0,0,0,0,0,0,0,0,0,0,0,4,0,0,0,0,0,0,0,8,7,13,62,95,27,13,3,0,0,219,10,3,4,0,0,5,5,0,0,34,0,0,4,0,0,0,0,0,0,7,12,13,74,100,35,17,13,0,0,261,0,7,36,37,18,5,0,0,0,109,8,9,26,41,9,0,0,0,0,99,0,0,5,4,0,0,3,0,0,14,0,0,0,0,0,0,0,0,0,4,12,18,70,89,26,13,4,0,0,230,0,0,0,0,0,0,0,0,0,0,4,0,0,3,0,0,0,0,0,6,4,0,0,3,0,0,0,0,0,10
11102121750,core,3,5,28,24,20,8,3,0,0,91,3,4,9,6,6,3,0,0,0,30,0,0,3,6,0,0,0,0,0,9,0,0,0,0,0,0,0,0,0,0,5,14,39,34,23,16,3,0,0,137,0,3,0,0,0,0,0,0,0,6,0,0,0,0,0,0,0,0,0,0,0,3,0,0,0,0,0,0,0,7,5,16,38,36,25,20,3,0,0,143,12,7,7,3,7,10,13,12,3,63,0,0,3,0,0,0,0,0,0,14,17,23,52,38,31,26,15,16,3,215,0,10,18,17,15,8,0,0,0,56,4,9,22,15,9,10,0,0,0,62,0,0,0,0,0,0,0,0,0,4,0,0,3,0,3,0,0,0,0,13,11,11,46,31,25,16,0,0,0,135,0,0,0,0,0,0,0,0,0,4,0,0,3,0,0,0,0,0,0,9,0,0,4,0,0,0,0,0,0,8
11102121801,core,7,7,22,16,27,6,0,0,0,93,6,4,9,4,6,8,3,0,0,34,0,0,0,0,4,0,0,0,0,10,0,0,0,0,0,0,0,0,0,0,20,12,23,22,37,19,6,0,0,133,0,0,0,0,0,0,0,0,0,0,4,0,0,0,0,0,0,0,0,3,4,0,0,0,0,0,0,0,0,8,21,13,23,22,37,21,6,0,0,140,8,0,7,0,3,7,22,14,0,57,0,0,0,0,0,0,0,0,0,0,25,19,32,19,40,25,27,14,0,203,6,4,9,18,18,4,5,0,0,55,15,11,9,9,16,7,0,0,0,67,0,0,0,0,0,0,0,0,0,5,0,0,0,0,0,0,0,0,0,0,22,11,20,26,35,13,4,0,0,122,0,0,0,0,0,0,0,0,0,0,0,3,0,0,0,0,0,0,0,5,0,3,0,0,0,0,0,0,0,4
11102121803,core,4,10,0,16,11,15,5,3,0,60,3,0,0,3,8,3,4,0,0,24,0,4,0,3,0,0,0,0,0,14,0,3,0,0,0,0,0,0,0,4,13,16,4,25,20,18,8,3,0,106,0,0,0,0,0,0,0,0,0,7,0,0,0,0,0,0,0,0,0,0,0,0,0,0,0,0,0,0,0,7,13,18,7,25,20,22,8,3,0,108,3,3,0,0,6,7,14,14,0,45,0,4,0,0,0,0,0,0,0,12,17,26,5,24,23,26,24,19,0,164,5,0,3,5,13,7,0,0,0,35,3,4,9,5,10,8,0,4,0,39,0,0,0,0,0,0,0,0,0,6,0,0,0,0,0,0,0,0,0,0,6,4,14,16,28,14,3,4,0,84,0,0,0,0,0,0,0,0,0,7,0,0,0,0,0,0,0,0,0,0,0,0,0,0,0,3,0,0,0,4
11102121804,core,0,0,0,0,0,0,0,0,0,0,0,0,0,0,0,0,0,0,0,4,0,0,0,0,0,0,0,0,0,0,0,0,0,0,0,0,0,0,0,0,0,0,0,0,0,0,0,0,0,8,0,0,0,0,0,0,0,0,0,0,0,0,0,0,0,0,0,0,0,0,0,0,0,0,0,0,0,0,0,0,0,0,0,0,0,0,0,0,0,4,0,0,0,0,0,0,0,0,0,4,0,0,0,0,0,0,0,0,0,0,0,0,0,0,0,0,6,0,0,10,0,0,0,0,0,0,0,0,0,0,0,0,0,0,0,0,0,0,0,0,0,0,0,0,0,0,0,0,0,0,0,0,0,0,0,0,0,0,0,0,0,0,0,0,0,0,0,0,0,0,0,0,0,0,0,0,0,0,0,0,0,0,0,0,0,0,0,0,0,0,0,0,0,0,0,0,0,0,0,0
11102121805,core,0,0,14,9,17,4,0,0,0,51,7,4,4,3,3,10,5,0,0,28,0,0,0,0,0,0,0,0,0,6,0,0,0,0,0,0,0,0,0,0,4,9,14,16,20,14,6,0,0,80,0,0,0,0,0,0,0,0,0,3,0,0,0,0,0,0,0,0,0,0,0,0,0,0,0,0,0,0,0,6,9,9,20,16,20,11,6,0,0,84,3,9,4,0,6,5,13,5,6,41,0,0,0,0,0,0,0,0,0,0,14,8,24,18,27,16,19,5,6,127,0,4,11,6,7,4,0,0,0,26,7,0,13,10,12,9,5,0,0,40,0,0,0,0,0,5,0,0,0,8,0,0,0,0,0,0,0,0,0,0,7,3,21,15,18,7,5,0,0,72,0,0,0,0,0,0,0,0,0,0,0,0,0,0,0,0,0,0,0,4,0,0,0,0,0,0,0,0,0,5
11102121807,core,0,0,11,4,0,5,0,0,0,26,6,0,4,0,0,4,0,0,0,11,0,0,0,4,0,0,0,0,0,3,0,0,0,0,0,0,0,0,0,0,6,0,12,10,0,9,3,0,0,39,0,0,0,0,0,0,0,0,0,4,0,0,0,0,0,0,0,0,0,0,0,0,0,0,0,0,0,0,0,4,6,0,18,11,0,11,3,0,0,44,6,0,6,0,4,8,9,4,0,34,0,0,0,0,0,5,0,0,0,4,4,0,18,11,6,24,18,4,0,88,0,0,4,0,0,4,4,0,0,15,0,0,0,0,3,4,3,0,0,14,0,0,5,0,0,0,0,0,0,3,0,0,0,0,0,0,0,0,0,0,4,0,3,3,4,11,4,0,0,29,0,0,0,0,0,0,0,0,0,0,0,0,0,0,0,0,0,0,0,3,0,0,0,0,0,0,0,0,0,3
11102121809,core,3,9,29,24,22,16,0,0,0,109,7,7,4,0,7,6,0,0,0,31,0,0,4,0,4,5,0,0,0,13,0,0,0,5,0,4,0,0,0,8,9,17,37,36,35,30,3,0,0,168,0,0,0,0,0,0,0,0,0,0,0,0,0,0,0,0,0,0,0,0,0,0,0,0,0,0,0,0,0,0,9,17,37,36,35,30,5,0,0,167,6,5,0,4,3,6,24,32,36,115,0,0,0,0,0,0,0,4,6,11,11,19,44,34,37,40,33,36,41,292,3,13,19,9,10,0,0,0,0,49,0,0,17,18,19,14,0,0,0,68,3,0,4,4,6,5,0,0,0,26,0,0,0,0,0,0,0,0,0,6,5,20,37,27,29,24,0,0,0,145,0,3,0,0,0,0,0,0,0,0,0,0,0,0,0,0,0,0,0,3,0,3,0,0,0,0,0,0,0,8
11102121810,core,0,7,3,10,15,5,0,0,0,34,4,0,0,4,3,3,4,0,0,14,4,0,0,3,4,3,0,0,0,10,0,0,0,0,0,0,0,0,0,3,6,4,7,13,22,10,0,0,0,66,0,0,0,0,0,0,0,0,0,0,0,0,0,0,0,0,0,0,0,4,0,0,0,0,0,0,0,0,0,4,8,4,7,19,22,10,0,0,0,72,0,0,0,0,0,4,11,5,3,36,0,0,0,0,0,0,0,0,0,0,8,12,7,17,26,18,13,5,3,106,0,0,0,6,8,3,0,0,0,22,0,0,3,5,8,6,0,0,0,28,0,3,0,3,3,0,0,0,0,13,0,0,0,0,0,0,0,0,0,0,8,5,9,17,23,8,0,0,0,66,0,0,0,0,0,0,0,0,0,5,0,0,0,0,0,0,0,0,0,0,5,0,0,0,0,0,0,0,0,4
11102121811,core,0,3,21,10,18,14,4,0,0,70,0,5,3,7,5,5,0,0,0,30,0,0,0,0,0,0,0,0,0,4,0,0,0,3,0,0,0,0,0,3,5,13,24,15,27,23,4,0,0,108,0,0,0,0,0,0,0,0,0,3,3,0,5,0,0,0,0,0,0,8,3,0,3,0,0,0,0,0,0,9,7,14,30,16,30,23,4,0,0,120,4,0,3,0,8,5,21,9,3,54,0,0,0,0,0,3,0,3,0,15,16,10,33,23,34,28,29,12,0,190,0,0,7,3,14,10,0,0,0,31,4,6,8,9,6,9,4,0,0,42,0,0,5,0,7,3,0,0,0,19,0,0,0,0,0,0,0,0,0,0,7,8,23,18,26,16,5,0,0,102,0,0,0,0,0,0,0,0,0,0,0,0,0,0,0,0,0,0,0,0,0,0,0,0,0,0,0,0,0,6
11102121812,core,4,18,13,22,24,21,3,0,0,103,10,5,5,7,4,5,0,3,0,40,4,0,0,10,3,0,4,0,0,21,0,0,0,0,0,0,0,0,0,0,16,28,16,36,31,27,8,3,0,165,0,0,0,0,4,0,0,0,0,10,0,0,0,0,0,0,0,0,0,0,0,0,0,0,4,0,0,0,0,10,20,28,17,34,35,29,8,3,0,171,0,0,0,3,10,19,77,68,18,207,0,0,0,4,0,4,10,0,0,24,19,35,23,43,41,51,94,78,24,399,0,4,9,11,26,9,0,0,0,60,9,0,7,8,12,15,10,0,0,61,0,5,0,7,4,3,0,0,0,19,0,0,0,0,0,0,0,0,0,0,11,11,20,21,45,22,13,0,0,147,0,0,0,0,0,0,0,0,0,0,0,0,0,0,0,0,0,0,0,0,0,0,0,0,0,0,0,0,0,6
11102121813,core,0,3,4,15,12,10,0,0,0,46,0,0,3,0,5,0,0,0,0,14,3,0,0,0,0,0,0,0,0,4,0,0,0,0,0,0,0,0,0,0,3,7,8,13,17,15,4,0,0,61,0,0,0,0,0,0,0,0,0,0,4,0,0,0,0,0,0,0,0,0,4,0,0,0,0,0,0,0,0,0,4,3,8,13,17,15,4,0,0,60,6,0,0,0,4,3,13,10,0,29,0,0,0,0,0,0,0,0,0,4,8,9,5,13,20,18,16,10,0,95,0,3,3,3,3,8,0,0,0,17,3,0,0,6,11,8,0,0,0,23,0,0,0,0,0,0,4,0,0,8,0,0,0,0,0,0,0,0,0,0,3,3,8,13,12,13,4,0,0,49,0,0,0,0,0,0,0,0,0,0,0,0,0,0,0,0,0,0,0,0,0,0,0,0,0,0,0,0,0,0
11102121814,core,6,9,20,24,18,14,4,0,0,86,3,6,4,6,6,5,0,0,0,25,0,0,0,3,0,0,0,0,0,3,0,0,4,0,0,0,0,0,0,3,5,15,28,32,24,17,3,0,0,121,0,0,4,0,0,0,0,0,0,5,0,0,0,0,0,0,0,0,0,4,0,3,3,0,0,0,0,0,0,11,7,15,31,32,24,19,3,0,0,128,5,0,5,3,7,9,20,14,5,67,0,0,0,0,0,0,0,0,0,4,10,26,34,34,29,32,22,14,5,207,0,3,13,12,13,14,0,0,0,62,5,7,10,13,9,11,3,0,0,56,0,0,0,3,3,0,0,0,0,10,0,0,0,0,0,0,0,0,0,4,7,10,29,26,35,26,5,0,0,131,0,0,0,0,0,0,0,0,0,3,0,0,0,0,0,0,0,0,0,6,3,4,3,0,0,0,0,0,0,6
11102121815,core,3,3,7,8,18,11,0,0,0,51,0,0,0,0,5,0,0,0,0,16,0,0,0,0,0,0,0,0,0,0,0,0,0,0,0,0,0,0,0,0,5,5,6,7,21,17,6,0,0,66,0,0,0,0,0,0,0,0,0,0,0,0,0,0,0,0,0,0,0,3,0,0,0,0,0,0,0,0,0,4,5,12,5,7,21,17,6,0,0,70,3,0,0,3,0,0,16,10,0,39,0,0,0,3,0,0,0,0,0,6,8,15,13,11,23,18,17,10,0,113,0,3,5,0,3,7,3,0,0,20,6,4,7,5,8,14,0,0,0,35,4,0,4,0,0,0,0,0,0,10,0,0,0,0,0,0,0,0,0,0,9,9,12,6,17,17,0,0,0,70,0,0,3,0,0,0,0,0,0,3,0,0,0,0,0,0,0,0,0,0,0,0,3,0,0,0,0,0,0,3
11102121816,core,0,5,14,9,24,13,5,0,0,70,7,5,5,3,3,8,0,0,0,30,0,0,3,0,5,0,0,0,0,8,0,0,0,0,0,0,0,0,0,4,10,9,19,14,34,21,3,3,0,113,0,0,0,0,0,0,0,0,0,0,0,0,0,0,0,6,0,0,0,6,0,0,0,0,0,0,0,0,0,3,7,9,19,14,34,27,9,3,0,118,5,5,4,5,9,4,14,6,6,59,0,0,5,0,5,0,0,0,0,16,16,9,27,18,51,34,23,16,7,199,0,0,0,10,15,6,0,0,0,36,3,7,8,6,10,14,4,0,0,49,0,3,0,0,0,3,0,0,0,9,0,0,0,0,0,0,0,0,0,3,11,11,13,18,27,22,4,0,0,97,0,0,0,0,0,0,0,0,0,0,0,0,0,0,0,0,0,0,0,0,0,0,0,0,0,0,0,0,0,0
11102121817,core,0,0,0,0,0,0,0,0,0,0,0,0,0,0,0,0,0,0,0,0,0,0,0,0,0,0,0,0,0,0,0,0,0,0,0,0,0,0,0,0,0,0,0,0,0,0,0,0,0,0,0,0,0,0,0,0,0,0,0,0,0,0,0,0,0,0,0,0,0,0,0,0,0,0,0,0,0,0,0,0,0,0,0,0,0,0,0,0,0,0,0,0,0,0,0,0,0,0,0,0,0,0,0,0,0,0,0,0,0,0,0,0,0,0,0,0,0,0,0,0,0,0,0,0,0,0,0,0,0,0,0,0,0,0,0,0,0,0,0,3,0,0,0,0,0,0,0,0,0,0,0,0,0,0,0,0,0,0,0,0,0,0,0,0,0,0,0,0,0,3,0,0,0,0,0,0,0,0,0,0,0,0,0,0,0,0,0,0,0,0,0,0,0,0,0,0,0,0,0,0
11102121819,core,3,5,4,12,3,16,0,0,0,43,0,4,6,3,0,3,3,0,0,15,0,0,0,0,0,0,0,0,0,3,0,0,0,0,0,0,0,0,0,0,9,6,9,12,10,16,3,0,0,64,0,0,0,0,0,5,0,0,0,6,0,0,0,0,0,0,0,0,0,0,0,0,0,0,0,0,0,0,0,4,9,6,9,18,10,25,3,0,0,71,0,0,0,0,0,13,20,13,5,54,0,0,0,0,0,0,0,0,3,9,7,9,12,19,12,34,24,13,5,128,0,0,0,4,5,7,0,0,0,23,4,3,0,5,4,12,0,0,0,27,0,0,0,0,0,0,0,0,0,6,0,0,0,0,0,0,0,0,0,0,4,6,9,9,5,19,0,0,0,53,0,0,0,0,0,0,0,0,0,6,0,0,0,3,0,0,0,0,0,4,0,0,0,0,0,0,0,0,0,3
11102121820,core,4,0,6,5,4,4,0,0,0,29,0,5,0,0,3,0,3,4,0,20,0,0,0,0,0,5,0,0,0,3,0,0,0,0,0,0,0,0,0,0,7,0,6,5,6,13,7,4,0,49,0,0,0,0,0,0,0,0,0,0,0,0,0,0,0,0,0,0,0,3,0,0,0,0,0,0,0,0,0,0,7,0,6,5,7,13,10,4,0,45,0,0,0,3,0,5,19,19,0,54,0,0,0,0,0,0,3,0,0,3,4,0,5,8,11,18,26,23,0,107,0,0,0,0,4,0,0,0,0,18,0,0,0,0,0,3,0,0,0,18,0,0,0,0,4,3,0,0,0,7,0,0,0,0,0,0,0,0,0,0,0,4,9,3,7,11,5,0,0,37,0,0,0,0,0,0,0,0,0,0,0,0,0,0,0,6,0,0,0,3,0,0,0,0,0,6,0,0,0,0
11102121822,core,4,6,20,14,19,13,8,0,0,84,0,10,9,4,7,7,7,0,0,39,0,0,0,0,0,0,3,0,0,7,0,0,0,0,0,0,0,0,0,0,7,17,30,18,29,21,13,0,0,131,0,0,0,0,0,0,0,0,0,3,0,0,0,0,0,0,0,0,0,0,0,4,0,3,0,3,0,0,0,7,8,15,27,17,29,25,13,0,0,138,5,0,0,3,5,13,46,24,10,113,0,0,0,0,0,0,0,3,0,11,12,16,32,19,33,42,57,32,10,261,0,0,12,0,9,8,0,0,0,34,3,0,11,15,14,14,4,0,0,63,0,0,0,0,0,3,0,0,0,10,0,0,0,0,0,0,0,0,0,4,9,8,28,16,24,24,5,0,0,107,0,0,0,0,0,0,0,0,0,4,0,0,0,0,0,0,0,0,0,6,0,0,0,0,0,0,0,0,0,4
11102121823,core,4,7,8,10,9,6,0,0,0,52,0,0,0,0,4,0,0,0,0,13,0,0,0,4,0,0,0,0,0,5,0,0,0,0,0,0,0,0,0,0,6,6,13,8,11,16,3,0,0,73,0,0,0,0,0,0,0,0,0,0,0,0,0,0,0,0,0,0,0,0,0,0,0,0,0,0,0,0,0,5,6,10,13,8,15,13,3,0,0,76,0,7,0,0,0,9,24,16,4,61,0,6,6,0,0,0,0,3,0,15,8,19,20,15,17,26,28,14,4,147,0,5,3,6,5,10,0,0,0,34,3,3,9,4,8,8,0,0,0,30,0,0,0,0,0,0,0,0,0,0,0,0,0,4,0,0,0,0,0,3,3,8,14,12,19,10,4,0,0,65,0,0,0,0,0,0,0,0,0,0,0,0,0,0,0,0,0,0,0,5,5,6,0,0,0,0,0,0,0,4
11102121824,core,0,5,3,9,12,3,0,0,0,32,0,8,0,4,0,4,0,0,0,17,0,0,0,0,0,0,0,0,0,0,0,0,0,0,0,0,0,0,0,0,0,13,3,7,12,10,0,0,0,53,0,0,0,0,0,0,0,0,0,3,0,0,0,0,0,0,0,0,0,0,0,0,0,0,0,0,0,0,0,4,0,13,3,9,16,9,0,0,0,50,4,3,0,8,5,3,5,5,0,31,0,3,0,0,0,0,0,0,0,3,0,19,3,15,16,12,9,5,0,85,0,0,6,3,4,5,0,0,0,14,0,0,4,3,0,3,0,0,0,13,0,0,4,3,0,0,0,0,0,8,0,0,0,0,0,0,0,0,0,0,0,3,8,12,0,8,4,0,0,37,0,0,0,0,0,0,0,0,0,0,0,0,0,0,0,0,0,0,0,0,0,0,0,0,0,0,0,0,0,0
11102121825,core,0,0,8,9,19,19,12,3,0,67,0,0,0,3,7,9,3,0,0,22,0,6,0,0,0,0,0,0,0,10,0,0,0,0,0,0,0,0,0,0,7,5,14,17,24,16,17,4,0,101,0,0,0,0,0,0,0,0,0,0,0,0,0,0,0,0,0,0,0,0,0,0,0,0,0,0,0,0,0,5,10,11,14,17,24,19,17,4,0,101,3,5,5,3,5,8,27,8,3,61,0,0,0,0,0,0,3,0,0,11,11,6,17,14,29,30,44,15,3,181,0,0,4,0,9,13,5,0,0,44,4,3,3,11,6,7,5,0,4,45,0,0,0,4,0,5,6,0,0,7,0,0,0,0,0,0,0,0,0,0,8,13,11,15,9,30,9,0,4,98,0,0,0,0,0,0,0,0,0,0,0,0,0,0,0,0,0,0,0,0,0,0,0,0,0,0,0,0,0,3
11102121827,core,0,3,5,4,8,3,3,0,0,26,3,3,0,0,0,4,3,0,0,16,0,0,0,0,0,0,0,0,0,0,0,0,0,0,0,0,0,0,0,0,4,3,8,3,10,8,5,0,0,45,0,0,0,0,0,0,0,0,0,0,0,0,0,0,0,0,0,0,0,4,0,0,0,0,0,0,0,0,0,3,4,3,9,3,6,8,3,0,0,50,3,3,0,0,3,3,33,34,14,99,0,0,4,0,0,0,4,0,0,10,9,5,11,3,17,15,42,38,18,163,0,0,3,0,0,0,0,0,0,12,0,3,4,6,3,3,8,0,0,22,0,0,0,0,0,0,0,0,0,3,0,0,0,0,0,0,0,0,0,0,0,4,8,3,10,10,6,0,0,37,0,0,0,0,0,0,0,0,0,0,0,0,0,0,0,0,0,0,0,3,0,0,0,0,0,0,0,0,0,4
11102121828,core,0,13,3,15,19,10,6,0,0,67,6,4,0,3,0,3,3,0,0,20,0,5,0,0,0,0,0,0,0,5,0,0,0,0,0,0,0,0,0,5,7,11,4,19,26,17,9,0,0,88,0,0,0,0,0,0,0,0,0,3,0,0,0,0,0,0,0,0,0,4,0,3,0,0,0,0,0,0,0,6,9,19,4,19,25,17,9,0,0,99,9,4,3,0,0,10,23,13,6,68,0,0,0,0,3,0,0,0,0,6,14,21,11,21,28,25,32,13,6,166,3,5,0,4,11,4,0,0,0,28,6,0,0,10,9,3,4,0,0,36,0,0,0,0,0,0,0,0,0,9,0,0,0,0,0,0,0,0,0,0,8,5,0,20,28,10,0,0,0,77,0,0,0,0,0,4,0,0,0,4,0,0,0,0,0,0,0,0,0,4,0,0,0,0,0,4,0,0,0,3
11102121829,core,0,0,7,5,3,4,3,0,0,28,0,4,6,4,0,0,0,0,0,11,0,0,0,0,0,0,0,0,0,5,0,0,0,0,0,0,0,0,0,0,0,3,14,6,6,10,3,0,0,39,0,0,0,0,0,0,0,0,0,0,0,0,0,0,0,0,0,0,0,0,0,0,0,0,0,0,0,0,0,5,0,5,14,5,4,10,3,0,0,42,0,3,0,0,0,6,11,4,0,26,0,0,0,0,0,3,0,0,0,6,0,5,9,8,6,14,11,5,0,75,0,0,5,0,3,3,0,0,0,12,0,0,3,0,5,0,0,0,0,11,0,4,0,0,0,0,0,0,0,4,0,0,0,0,0,0,0,0,0,0,0,0,11,5,10,0,0,0,0,27,0,0,0,0,0,0,0,0,0,0,0,0,0,0,0,0,0,0,0,5,0,0,0,0,0,0,0,0,0,3
11102121830,core,0,0,0,0,0,0,0,0,0,0,0,0,0,0,0,0,0,0,0,0,0,0,0,0,0,0,0,0,0,0,0,0,0,0,0,0,0,0,0,0,0,0,0,0,0,0,0,0,0,0,0,0,0,0,0,0,0,0,0,0,0,0,0,0,0,0,0,0,0,0,0,0,0,0,0,0,0,0,0,0,0,0,0,0,0,0,0,0,0,0,0,0,0,0,0,0,10,65,45,124,0,0,0,0,0,0,0,0,0,0,0,0,0,0,0,5,10,62,45,132,0,0,0,0,0,0,0,0,0,0,0,0,0,0,0,0,0,0,0,4,0,0,0,0,0,0,0,0,0,0,0,0,0,0,0,0,0,0,0,0,0,0,0,0,0,0,0,0,0,3,0,0,0,0,0,0,0,0,0,0,0,0,0,0,0,0,0,0,0,0,0,0,0,0,0,0,0,0,0,0
11102121831,core,0,0,3,0,4,4,0,0,0,16,4,0,0,3,0,4,0,0,0,14,4,0,0,0,0,0,0,0,0,6,0,0,0,0,0,0,0,0,0,0,0,3,10,3,10,6,0,0,0,33,0,0,0,0,0,0,0,0,0,4,0,0,0,0,0,0,0,0,0,0,0,0,0,0,0,0,0,0,0,4,0,4,7,3,8,7,0,0,0,38,0,0,0,0,3,21,41,57,43,170,0,0,0,0,0,0,0,4,3,11,6,6,11,8,13,23,38,61,50,222,0,0,0,0,5,4,0,0,0,9,0,0,5,0,0,5,0,0,0,16,0,0,0,0,0,0,0,0,0,3,0,0,0,0,0,0,0,0,0,0,0,0,4,0,7,9,0,0,0,26,0,0,0,0,0,0,0,0,0,4,0,0,0,0,0,0,0,0,0,0,0,0,0,0,0,4,0,0,0,9
11102121832,core,0,0,3,5,6,0,0,0,0,13,3,4,0,0,0,0,0,0,0,15,3,0,0,0,0,0,0,0,0,5,0,0,0,0,0,0,0,0,0,0,4,4,9,10,7,4,0,5,0,31,0,0,0,0,0,0,0,0,0,0,0,0,0,0,0,0,0,0,0,0,0,0,0,0,0,0,0,0,0,0,4,4,9,10,8,4,0,5,0,31,5,10,4,3,0,6,3,29,41,98,0,0,0,0,0,0,0,3,0,9,5,18,11,11,8,8,5,37,41,137,0,0,3,3,0,0,0,0,0,13,5,4,3,3,0,0,0,0,0,21,0,0,0,0,0,0,0,0,0,0,0,0,0,0,0,0,0,0,0,0,5,7,3,5,0,3,3,0,0,33,0,0,0,0,0,0,0,0,0,0,0,3,0,0,0,0,0,0,0,4,0,3,0,0,0,0,0,0,0,4
11102121833,core,3,0,8,10,11,7,0,0,0,51,4,6,3,4,0,5,7,0,0,24,0,0,0,0,0,0,0,0,0,3,0,0,0,0,0,0,0,0,0,0,8,12,15,17,9,12,4,0,0,86,0,0,0,0,0,0,0,0,0,5,0,0,0,0,0,0,0,0,0,0,0,0,0,0,0,0,0,0,0,5,8,13,15,17,9,15,4,0,0,85,7,0,4,0,0,0,21,6,0,32,0,0,3,0,0,0,0,0,0,9,6,14,24,21,14,15,25,11,0,129,0,5,3,9,8,3,0,0,0,29,0,0,16,9,3,12,6,0,0,45,0,0,5,5,0,0,0,0,0,14,0,0,0,0,0,0,0,0,0,0,3,4,23,15,13,18,5,0,0,82,0,0,0,0,0,0,0,0,0,0,3,0,0,0,0,0,0,0,0,3,3,0,0,0,0,0,0,0,0,0
11102121835,core,0,6,8,9,14,6,0,0,0,48,7,4,5,9,9,7,0,0,0,27,0,0,0,0,0,0,0,0,0,6,0,0,0,3,0,0,0,0,0,9,7,9,11,21,18,20,0,0,0,84,0,0,0,0,0,0,0,0,0,4,0,0,0,0,0,0,0,0,0,5,0,3,0,4,0,0,0,0,0,11,11,9,9,17,24,17,5,0,0,95,6,3,13,19,18,17,19,15,4,112,0,0,0,3,0,0,0,4,0,10,17,17,24,45,40,36,22,15,4,217,0,0,4,7,11,10,0,0,0,37,0,3,12,13,4,6,7,0,0,42,0,0,0,0,0,0,0,0,0,0,0,0,0,0,0,0,0,0,0,0,8,5,9,16,18,11,8,0,0,78,0,0,0,0,0,0,0,0,0,4,0,0,0,0,0,0,0,0,0,3,0,0,0,4,0,0,0,0,0,4
11102121836,core,0,3,10,15,12,4,6,0,0,55,0,4,0,0,0,8,5,0,0,18,0,0,0,3,0,0,0,0,0,7,0,0,0,0,0,0,0,0,0,0,0,9,15,22,22,16,7,0,0,81,0,0,0,0,0,0,0,0,0,3,0,0,0,0,0,0,0,0,0,0,0,0,0,0,0,0,0,0,0,3,0,11,13,23,17,16,8,0,0,89,3,3,4,0,3,8,12,7,5,48,0,0,0,0,0,4,0,3,0,10,5,17,19,28,23,24,21,13,5,141,0,0,10,0,13,5,4,0,0,36,0,0,6,6,9,9,3,0,0,28,0,0,0,0,6,0,0,0,0,4,0,0,0,0,0,0,0,0,0,0,0,4,17,7,19,16,3,0,0,71,0,3,0,0,0,0,0,0,0,6,0,4,0,0,0,0,0,0,0,3,0,6,3,0,0,0,0,0,0,13
11102121837,core,3,0,52,31,24,19,3,0,0,136,6,0,11,10,0,5,3,0,0,38,0,0,3,0,4,0,0,0,0,12,0,0,0,0,0,0,0,0,0,0,8,5,63,44,27,29,8,0,0,185,3,0,0,0,4,0,0,0,0,10,0,0,0,0,0,0,0,0,0,4,5,0,0,0,4,0,0,0,0,11,14,4,70,41,28,26,8,0,0,195,9,4,4,3,7,5,29,21,3,87,0,4,0,4,0,0,0,3,0,11,27,13,76,49,38,33,45,25,3,289,0,9,21,18,18,13,0,0,0,89,3,5,33,17,10,16,3,0,0,90,3,0,12,3,5,5,0,0,0,26,0,0,0,0,0,0,0,0,0,0,13,13,66,46,32,29,3,0,0,209,0,0,0,0,0,0,0,0,0,0,5,0,0,0,0,0,0,0,0,4,6,0,0,0,0,0,0,0,0,7
11102121838,core,0,0,5,0,0,7,0,0,0,11,0,0,0,4,3,0,0,0,0,13,0,0,0,0,0,0,0,0,0,0,0,0,0,0,0,0,0,0,0,0,4,0,5,6,6,6,0,0,0,23,0,0,0,0,0,0,0,0,0,0,0,0,0,0,0,0,0,0,0,0,0,0,0,0,0,0,0,0,0,0,4,0,8,6,6,6,0,0,0,26,0,0,0,0,0,3,6,0,5,16,0,0,0,0,0,3,0,0,0,5,3,4,4,4,3,15,8,0,5,48,0,4,0,0,0,0,0,0,0,8,0,0,7,0,4,4,0,0,0,14,0,0,0,0,0,0,0,0,0,0,0,0,0,0,0,0,0,0,0,0,0,4,7,0,4,4,0,0,0,24,0,0,0,0,0,0,0,0,0,0,0,0,0,0,0,0,0,0,0,0,0,0,0,0,0,0,0,0,0,0
11102121839,core,0,5,11,10,17,4,0,0,0,39,0,0,3,9,3,6,0,0,0,19,0,0,0,0,0,0,0,0,0,7,0,0,0,0,0,0,0,0,0,3,5,9,15,19,22,13,0,0,0,69,0,0,0,0,0,0,0,0,0,0,0,0,0,0,0,0,0,0,0,0,0,0,0,0,0,0,0,0,0,0,5,5,15,19,22,13,0,0,0,72,5,0,3,3,3,4,16,8,0,50,0,0,0,0,0,0,0,0,0,0,14,11,18,18,24,19,20,8,0,120,0,3,4,3,7,3,0,0,0,19,5,4,4,3,3,6,3,0,0,28,0,0,0,0,5,0,0,0,0,5,0,0,0,0,0,0,0,0,0,0,4,9,11,10,13,11,0,0,0,53,0,0,0,0,0,0,0,0,0,0,0,0,0,0,0,0,0,0,0,4,0,0,0,0,0,0,0,0,0,4
11102121840,core,6,9,13,17,17,18,0,0,0,83,3,0,3,0,0,4,0,0,0,18,0,3,3,0,6,0,0,0,0,10,0,0,4,0,0,0,0,0,0,3,8,16,24,16,22,23,0,0,0,113,0,0,0,0,0,0,0,0,0,6,0,0,0,0,0,0,0,0,0,7,0,0,0,0,0,6,0,0,0,7,6,18,25,19,17,26,0,0,0,118,0,0,0,0,4,14,15,8,5,51,0,0,0,0,0,0,0,0,0,9,16,15,27,27,25,35,12,10,5,172,3,7,8,0,15,10,0,0,0,41,3,6,4,9,10,7,0,0,0,39,0,0,7,4,3,3,0,0,0,12,0,0,0,0,0,0,0,0,0,0,7,11,13,11,30,24,0,0,0,92,0,0,0,0,0,0,0,0,0,0,0,0,0,0,0,0,0,0,0,0,0,0,0,0,0,0,0,0,0,0
11102121841,core,0,6,16,7,11,18,0,0,0,51,0,4,7,0,0,4,4,0,0,18,0,0,0,0,3,4,0,0,0,9,0,0,0,0,0,0,0,0,0,0,4,7,18,5,10,22,11,0,0,84,0,0,0,0,0,4,0,0,0,6,0,0,0,0,0,0,0,0,0,0,0,0,0,0,0,3,0,0,0,5,4,7,16,12,16,23,11,0,0,93,5,0,3,0,9,12,10,8,4,50,0,0,0,0,0,0,0,0,0,7,5,7,25,13,23,38,16,8,3,147,0,4,3,6,3,11,0,0,0,29,0,3,4,5,5,7,5,0,0,32,0,0,0,0,0,3,0,0,0,0,0,0,0,0,0,0,0,0,0,0,0,11,7,12,11,19,5,0,0,70,0,0,0,0,0,0,0,0,0,0,0,0,0,0,0,0,0,0,0,0,0,0,0,0,0,0,0,0,0,0
11102121842,core,4,3,11,8,6,10,7,0,0,50,5,4,5,0,0,6,7,0,0,30,0,0,0,0,0,0,0,0,0,0,0,0,0,0,0,0,0,0,0,0,3,7,17,16,13,11,7,0,0,80,0,0,0,0,3,0,0,0,0,5,4,0,0,0,0,0,0,0,0,4,4,0,0,0,3,0,0,0,0,4,6,7,17,16,16,11,7,0,0,82,4,5,0,3,0,9,21,35,30,110,0,0,0,0,0,0,7,4,3,15,12,7,24,15,22,22,34,44,37,208,0,3,9,5,11,5,4,0,0,40,3,3,4,9,7,3,0,0,0,29,0,0,0,0,0,0,0,0,0,3,0,0,0,0,0,3,0,0,0,3,3,5,14,14,22,14,4,0,0,75,0,0,0,0,0,0,0,0,0,3,0,0,0,0,0,0,0,0,0,0,0,0,0,0,0,0,0,0,0,0
11102121843,core,0,6,9,5,12,6,0,0,0,46,9,9,4,4,0,3,0,0,0,26,0,0,0,0,0,0,0,0,0,11,0,0,0,0,0,0,0,0,0,0,7,14,14,11,20,17,0,0,0,81,0,0,0,0,0,0,0,0,0,3,0,0,0,0,0,0,0,0,0,0,0,0,0,0,0,0,0,0,0,3,8,14,10,11,16,17,0,0,0,79,5,0,0,3,0,0,6,3,5,26,0,0,0,0,0,0,0,0,0,6,15,14,15,11,16,19,13,3,3,110,0,0,3,4,8,9,0,0,0,18,3,0,0,3,9,3,0,0,0,26,0,0,0,0,0,3,0,0,0,4,0,0,0,0,0,0,0,0,0,0,3,4,7,9,19,16,0,0,0,46,0,0,0,0,0,0,0,0,0,0,0,0,0,0,0,0,0,0,0,0,0,0,0,0,0,0,0,0,0,0
11102121844,core,0,0,0,0,3,0,0,0,0,3,0,0,0,0,0,0,0,0,0,0,0,0,0,0,0,0,0,0,0,0,0,0,0,0,0,0,0,0,0,0,0,0,0,0,3,0,0,0,0,4,0,0,0,0,0,0,0,0,0,0,0,0,0,0,0,0,0,0,0,0,0,0,0,0,0,0,0,0,0,0,0,0,0,0,3,0,0,0,0,4,6,0,0,0,0,3,0,0,0,10,0,0,0,0,0,0,0,0,0,0,4,0,0,0,3,0,0,0,0,20,0,0,0,0,0,0,0,0,0,3,0,0,0,0,5,0,0,0,0,6,3,0,0,0,0,0,0,0,0,5,0,0,0,0,0,0,0,0,0,0,3,0,0,0,0,3,0,0,0,10,0,0,0,0,0,0,0,0,0,0,0,0,0,0,0,0,0,0,0,0,0,0,0,0,0,0,0,0,0,0
11102121845,core,0,0,0,0,0,0,0,0,0,0,0,0,0,0,0,0,0,0,0,0,0,0,0,0,0,0,0,0,0,0,0,0,0,0,0,0,0,0,0,0,0,0,0,0,0,0,0,0,0,0,0,0,0,0,0,0,0,0,0,0,0,0,0,0,0,0,0,0,0,0,0,0,0,0,0,0,0,0,0,0,0,0,0,0,0,0,0,0,0,0,0,0,0,0,0,0,0,0,0,0,0,0,0,0,0,0,0,0,0,0,0,0,0,0,0,0,0,0,0,0,0,0,0,0,0,0,0,0,0,0,0,0,0,0,0,0,0,0,0,0,0,0,0,0,0,0,0,0,0,0,0,0,0,0,0,0,0,0,0,0,0,0,0,0,0,0,0,0,0,0,0,0,0,0,0,0,0,0,0,0,0,0,0,0,0,0,0,0,0,0,0,0,0,0,0,0,0,0,0,0
11102121846,core,0,7,34,35,24,18,0,0,0,122,6,6,11,3,8,0,0,0,0,32,4,0,4,5,0,0,0,0,0,13,0,0,0,0,0,0,0,0,0,0,7,7,43,49,30,19,5,0,0,163,0,0,0,0,0,0,0,0,0,5,0,0,0,0,0,0,0,0,0,3,0,0,0,0,0,0,0,0,0,3,14,10,46,54,30,19,5,0,0,173,17,0,3,3,0,0,9,12,0,45,0,0,0,0,0,0,0,0,0,7,24,10,51,52,36,15,15,13,0,221,0,5,17,20,18,5,0,0,0,70,3,3,24,18,7,7,0,0,0,60,3,0,3,7,0,0,0,0,0,13,0,0,0,0,0,0,0,0,0,0,9,6,48,42,26,10,0,0,0,143,0,0,0,0,0,0,0,0,0,3,4,0,0,0,0,0,0,0,0,7,3,0,0,3,0,0,0,0,0,9
11102121847,core,0,6,13,15,9,3,0,0,0,47,0,3,3,0,0,3,3,0,0,15,0,0,0,0,0,0,0,0,0,8,0,0,0,0,0,0,0,0,0,0,0,4,17,16,13,9,7,0,0,68,0,0,0,0,0,0,0,0,0,0,0,0,0,0,0,0,0,0,0,0,0,0,0,0,0,0,0,0,0,0,0,4,17,16,14,12,7,0,0,73,5,0,0,4,8,4,16,10,0,46,0,0,0,0,0,0,3,0,0,3,7,12,16,20,22,13,25,12,0,122,0,4,3,6,6,7,0,0,0,32,0,0,4,5,3,4,0,0,0,24,0,0,0,4,0,0,0,0,0,8,0,0,0,0,0,0,0,0,0,0,0,7,11,15,7,11,0,0,0,61,0,0,0,0,0,0,0,0,0,0,0,0,0,0,0,0,0,0,0,0,0,0,0,0,0,0,0,0,0,0
11102121848,core,4,3,0,3,7,11,5,0,0,38,3,0,0,0,0,4,0,0,0,13,0,0,0,0,0,0,0,0,0,3,0,0,0,0,0,0,0,0,0,0,6,3,6,3,10,15,3,0,0,49,0,0,0,0,0,0,0,0,0,0,0,0,0,0,0,0,0,0,0,0,0,0,0,0,0,0,0,0,0,0,6,3,6,3,10,15,3,0,0,49,3,0,0,6,0,5,19,14,0,49,0,0,0,0,0,0,3,0,0,3,7,5,6,8,16,22,26,18,0,103,0,4,0,0,7,5,0,0,0,15,5,0,0,0,6,5,0,0,0,25,0,0,0,0,0,0,0,0,0,0,0,0,0,0,0,0,0,0,0,0,5,3,0,4,16,15,3,0,0,41,0,0,0,0,0,0,0,0,0,0,0,0,0,0,0,0,0,0,0,0,0,0,0,0,0,0,0,0,0,0
11102121849,core,0,6,21,21,26,18,5,0,0,105,0,0,9,6,9,4,3,0,0,31,0,0,3,5,0,3,0,0,0,8,0,0,0,0,0,0,0,0,0,3,0,9,31,27,35,28,11,0,0,148,0,0,0,0,0,3,0,0,0,7,0,0,0,0,0,0,0,0,0,7,10,0,4,0,0,3,0,0,0,10,11,9,35,27,35,31,11,0,0,156,11,9,8,0,5,10,21,13,0,79,0,0,0,0,0,0,0,0,0,0,15,16,48,31,43,42,29,15,0,237,0,5,14,10,18,11,3,0,0,64,9,4,13,10,16,20,3,0,0,73,0,0,10,0,3,0,0,0,0,13,0,0,0,0,0,0,0,0,0,5,7,10,38,21,33,36,5,0,0,155,0,0,0,0,0,0,0,0,0,0,0,0,0,0,0,0,0,0,0,0,0,0,0,0,0,0,0,0,0,4
11102121850,core,0,9,47,41,23,14,5,0,0,139,0,4,11,4,3,0,0,0,0,30,0,0,4,0,0,0,0,0,0,5,0,0,3,0,0,0,0,0,0,3,7,11,62,48,25,16,9,0,0,179,0,0,0,3,0,0,0,0,0,5,3,0,0,0,0,0,0,0,0,3,3,0,0,3,0,0,0,0,0,7,11,13,67,50,26,18,9,0,0,185,5,0,0,3,0,9,11,3,0,35,0,0,0,0,0,0,0,0,0,4,11,14,65,55,28,28,18,7,0,226,0,8,27,21,15,8,0,0,0,75,6,6,27,17,14,5,3,0,0,79,0,0,13,0,0,0,0,0,0,14,0,0,0,0,0,0,0,0,0,0,8,15,63,42,22,16,3,0,0,171,0,0,0,0,0,0,0,0,0,6,0,0,0,0,0,0,0,0,0,0,0,0,0,0,0,0,0,0,0,0
11102121851,core,0,0,0,0,3,4,0,0,0,15,0,0,0,0,0,0,0,0,0,3,0,0,0,0,0,0,0,0,0,0,0,0,0,0,0,0,0,0,0,0,0,0,0,4,4,4,0,0,0,18,0,0,0,0,0,0,0,0,0,0,0,0,0,0,0,0,0,0,0,0,0,0,0,0,0,0,0,0,0,0,0,0,0,0,4,4,0,0,0,18,0,0,3,0,0,3,8,5,3,17,0,0,0,0,0,0,0,0,0,3,4,3,4,0,4,10,10,5,3,38,0,3,0,0,0,3,0,0,0,11,0,0,0,0,0,5,0,0,0,7,0,0,0,0,0,0,0,0,0,0,0,0,0,0,0,0,0,0,0,0,0,3,0,0,6,7,3,0,0,15,0,0,0,0,0,0,0,0,0,0,0,0,0,0,0,0,0,0,0,0,0,0,0,0,0,0,0,0,0,0
11102121852,core,0,6,14,7,7,9,0,0,0,45,9,0,0,9,3,0,0,3,0,20,0,0,0,0,0,0,0,0,0,6,0,0,0,0,0,0,0,0,0,5,7,8,12,17,12,10,0,3,0,75,0,0,3,0,0,0,0,0,0,4,0,0,0,0,0,0,0,0,0,4,0,0,3,5,0,0,0,0,0,5,7,8,12,18,14,12,0,6,0,83,3,3,4,0,0,3,36,27,7,85,0,0,3,0,0,4,0,3,0,14,12,7,22,22,17,18,36,31,5,178,0,4,10,0,3,3,3,0,0,29,3,3,9,7,10,4,3,0,0,39,0,0,0,0,0,0,0,0,0,3,0,0,0,0,0,0,0,0,0,3,7,8,16,5,16,10,9,0,0,74,0,0,0,0,0,0,0,0,0,5,0,0,0,0,0,0,0,0,0,5,0,0,3,3,0,0,0,0,0,5
11102121853,core,0,8,20,9,4,6,0,0,0,49,5,0,9,4,3,0,0,0,0,22,0,0,4,0,0,0,0,0,0,4,0,0,0,0,0,0,0,0,0,0,4,11,29,13,10,9,4,0,0,79,0,0,4,0,3,0,0,0,0,7,0,0,0,0,0,0,0,0,0,0,0,0,4,0,3,0,0,0,0,12,4,11,33,16,14,8,4,0,0,87,6,0,3,3,4,5,11,8,5,39,0,0,0,0,0,0,0,0,0,6,7,19,39,19,14,15,13,9,5,137,0,5,15,5,9,4,0,0,0,41,5,6,16,6,6,3,0,0,0,41,0,0,5,0,4,3,0,0,0,7,0,0,0,0,0,0,0,0,0,0,4,7,31,13,18,8,0,0,0,89,0,0,0,0,0,0,0,0,0,0,0,0,0,0,0,0,0,0,0,9,0,0,0,4,0,0,0,0,0,9
11102121854,core,4,3,13,6,19,7,0,0,0,54,0,0,3,4,0,3,9,0,0,17,0,0,0,4,0,0,0,0,0,3,0,0,0,0,0,0,0,0,0,0,5,7,14,12,22,9,7,0,0,79,0,4,0,5,3,0,0,0,0,14,0,0,0,0,0,0,0,0,0,0,0,4,0,5,3,0,0,0,0,11,5,9,21,20,25,13,7,0,0,94,7,0,8,5,11,11,20,9,0,64,0,0,4,0,4,3,4,0,0,16,16,13,23,21,33,21,34,9,0,173,0,3,0,9,9,4,0,0,0,31,0,4,5,4,8,9,0,0,0,32,0,0,0,3,0,0,0,0,0,4,0,0,0,0,0,0,0,0,0,0,7,8,8,15,15,12,4,0,0,61,0,0,0,0,0,0,0,0,0,0,0,0,0,0,0,0,0,0,0,0,0,0,0,0,0,0,0,0,0,0
11102121855,core,4,6,17,26,11,3,0,0,0,71,9,0,6,3,8,4,0,0,0,28,0,0,8,0,0,0,0,0,0,7,0,0,0,0,0,0,0,0,0,5,6,11,28,36,14,11,0,0,0,104,4,0,0,4,0,0,0,0,0,7,0,0,0,0,0,0,0,0,0,3,7,0,0,3,0,0,0,0,0,13,14,9,35,39,14,8,0,0,0,117,4,6,6,0,3,13,5,6,0,36,0,6,6,8,0,0,0,0,0,15,19,14,43,42,15,19,6,6,0,170,0,0,16,15,11,4,0,0,0,49,0,8,21,18,3,5,0,0,0,57,0,0,0,3,0,0,0,0,0,10,0,0,0,0,0,0,0,0,0,0,3,7,38,32,20,8,4,0,0,117,0,0,0,0,0,0,0,0,0,5,6,5,0,0,0,0,0,0,0,3,6,0,4,0,0,0,0,0,0,9
11102121856,core,0,5,11,4,4,3,0,0,0,30,0,0,0,0,0,0,0,0,0,8,0,0,0,0,0,0,0,0,0,3,0,0,0,0,0,0,0,0,0,0,0,4,9,7,7,7,5,0,0,37,0,0,0,0,0,0,0,0,0,0,0,0,0,0,0,0,0,0,0,0,0,0,0,0,0,0,0,0,0,0,0,4,13,7,7,7,5,0,0,42,0,0,0,0,0,3,9,14,5,40,0,0,0,0,0,0,0,6,0,7,0,4,13,14,7,13,14,21,5,91,0,0,7,5,3,4,0,0,0,24,0,0,5,3,0,0,0,0,0,20,0,0,0,3,0,0,0,0,0,4,0,0,0,0,0,0,0,0,0,0,5,5,9,9,3,9,0,0,0,42,0,0,0,0,0,0,0,0,0,3,0,0,0,0,0,0,0,0,0,0,0,0,5,0,0,3,0,0,0,6
11102121901,core,0,9,7,0,13,7,0,0,0,34,6,3,0,0,0,0,0,0,0,7,0,0,0,0,0,6,0,0,0,4,0,0,0,0,0,0,0,0,0,0,6,7,7,3,13,12,3,0,0,46,4,0,0,0,0,0,0,0,0,6,0,0,0,0,0,0,0,0,0,0,4,0,0,0,0,0,0,0,0,6,9,7,7,3,13,7,3,0,0,50,0,0,0,7,3,6,19,17,4,62,0,0,0,0,0,0,3,0,0,5,9,7,9,11,11,19,26,15,7,117,3,0,4,7,3,5,0,0,0,26,8,3,3,3,8,12,0,0,0,28,0,0,0,8,0,0,0,0,0,7,0,0,0,0,0,0,0,0,0,0,6,9,4,9,10,17,0,0,0,59,0,0,0,0,0,0,0,0,0,0,0,0,0,0,0,0,0,0,0,0,0,0,0,0,0,0,0,0,0,0
11102121902,core,0,9,9,8,14,12,0,0,0,52,0,5,5,0,3,4,8,0,0,23,0,0,0,0,0,0,0,0,0,7,0,3,0,0,0,0,0,0,0,3,3,13,10,12,16,16,7,0,0,88,0,0,0,0,0,0,0,0,0,3,0,3,0,0,0,0,0,0,0,6,0,3,4,0,0,8,0,0,0,8,3,18,15,16,18,23,7,0,0,99,3,0,5,0,6,14,33,34,4,97,0,0,0,0,0,0,0,0,0,9,3,20,20,19,25,35,41,38,5,209,4,0,0,6,11,7,0,0,0,35,5,0,6,5,6,7,0,0,0,28,0,0,0,0,0,0,0,0,0,6,5,0,0,0,0,0,0,0,0,8,9,4,10,9,25,17,0,0,0,72,0,0,0,0,0,0,0,0,0,7,0,0,0,0,0,0,0,0,0,0,0,0,4,0,0,0,0,0,0,3
11102121903,core,0,0,10,5,16,11,4,0,0,40,4,0,3,0,3,6,0,0,0,22,0,0,0,0,0,0,0,0,0,9,0,0,0,0,0,0,0,0,0,4,4,3,15,7,15,17,10,0,0,69,0,0,0,0,0,0,0,0,0,0,0,0,0,0,0,0,0,0,0,4,0,0,0,0,0,0,0,0,0,5,8,8,15,7,15,18,10,0,0,76,4,0,0,6,0,12,16,21,15,78,0,0,0,0,0,0,0,3,4,11,8,8,16,16,17,31,22,29,19,163,0,0,9,0,0,12,8,0,0,29,0,3,5,7,7,8,6,0,0,42,0,0,0,0,0,0,0,0,0,0,0,0,0,0,0,0,0,0,0,0,9,4,19,8,11,24,7,0,0,79,0,0,0,0,0,0,0,0,0,0,0,0,0,0,0,0,0,0,0,0,0,0,0,0,0,0,0,0,0,0
11102121904,core,0,6,21,11,17,10,0,0,0,62,0,0,6,4,3,7,0,0,0,16,0,0,0,0,0,0,0,0,0,3,0,0,0,0,0,0,0,0,0,0,5,9,28,16,16,17,0,0,0,89,0,0,0,3,3,0,0,0,0,5,0,0,0,0,0,0,0,0,0,0,0,0,0,3,3,0,0,0,0,8,8,11,26,21,20,17,0,0,0,101,9,0,3,3,5,13,15,7,0,58,0,0,0,0,0,0,0,0,0,6,14,12,35,25,26,29,13,11,0,162,0,6,9,3,7,8,0,0,0,33,0,4,18,13,10,3,0,0,0,51,0,0,0,0,0,0,0,0,0,0,0,0,0,0,0,0,0,0,0,0,4,3,28,17,17,12,0,0,0,84,0,0,0,0,0,0,0,0,0,4,3,0,0,0,0,0,0,0,0,7,3,0,0,0,0,0,0,0,0,5
11102121905,core,0,0,3,4,10,0,0,0,0,30,3,3,0,0,0,3,0,0,0,8,3,0,0,0,0,0,0,0,0,7,0,0,0,0,0,0,0,0,0,0,13,3,3,9,14,3,3,0,0,51,0,0,0,0,0,0,0,0,0,0,0,0,0,0,0,0,0,0,0,0,0,0,0,0,0,0,0,0,0,0,13,3,3,9,14,3,3,0,0,51,4,0,0,0,5,0,20,11,3,37,0,0,0,0,0,0,0,0,0,3,16,3,7,8,22,7,21,11,3,91,0,5,6,3,4,0,0,0,0,18,3,0,0,9,3,7,6,0,0,20,0,0,0,0,3,0,0,0,0,8,0,0,0,0,0,0,0,0,0,0,3,4,7,9,12,5,4,0,0,47,0,0,0,0,0,0,0,0,0,0,0,0,0,0,0,0,0,0,0,0,0,0,0,0,0,0,0,0,0,3
11102121906,core,0,0,6,7,0,10,0,0,0,37,0,8,0,0,0,0,0,0,0,10,0,0,0,0,0,0,0,0,0,0,0,0,0,0,0,0,0,0,0,0,0,11,11,7,0,17,0,0,0,46,0,0,0,0,0,0,0,0,0,3,0,0,0,0,0,0,0,0,0,0,0,0,0,0,0,0,0,0,0,4,4,11,12,10,0,17,0,0,0,51,0,0,0,0,0,6,10,6,0,28,0,0,0,0,0,0,3,0,0,4,9,10,12,10,3,23,15,4,0,88,0,5,7,4,4,3,0,0,0,20,6,0,0,8,7,7,0,0,0,29,0,0,0,0,0,0,0,0,0,9,0,0,0,0,0,0,0,0,0,0,9,3,8,13,15,8,3,0,0,50,0,0,0,0,0,0,0,0,0,0,0,0,0,0,0,0,0,0,0,0,0,0,0,0,0,0,0,0,0,3
11102121907,core,0,3,13,5,6,4,0,0,0,37,0,0,5,0,0,7,0,0,0,11,0,0,0,0,0,0,0,0,0,4,0,0,0,0,0,0,0,0,0,0,6,6,16,5,11,9,0,0,0,54,0,0,0,0,0,0,0,0,0,0,0,0,0,0,0,0,0,0,0,0,0,0,0,0,0,0,0,0,0,8,6,6,16,7,9,8,0,0,0,54,3,0,0,0,4,9,16,12,0,43,0,0,0,0,0,0,0,0,0,3,6,6,18,7,12,15,17,16,0,101,0,0,3,0,4,3,0,0,0,13,5,8,6,0,8,8,0,0,0,27,0,0,0,0,0,0,0,0,0,4,0,0,0,0,0,0,0,0,0,0,3,10,9,4,9,7,5,0,0,47,0,0,0,0,0,0,0,0,0,0,0,0,0,0,0,0,0,0,0,0,0,0,0,0,0,0,0,0,0,0
11102121908,core,9,3,3,19,36,17,0,0,0,86,9,0,0,0,4,5,4,0,0,22,0,0,0,0,0,5,0,0,0,4,0,0,0,0,0,0,0,0,0,0,16,8,5,26,39,20,5,0,0,112,0,0,0,0,0,0,0,0,0,0,6,0,0,0,0,0,0,0,0,5,6,0,0,0,0,0,0,0,0,8,17,8,5,26,38,20,5,0,0,117,8,0,0,5,0,8,28,11,0,66,0,0,0,0,0,0,0,3,0,7,26,9,7,25,43,27,37,20,0,187,0,0,4,12,13,9,0,0,0,34,6,3,0,11,13,18,5,0,0,52,0,0,0,3,0,0,0,0,0,3,0,0,0,0,0,0,0,0,0,0,6,3,4,27,26,24,5,0,0,99,0,0,0,0,0,0,0,0,0,0,0,0,0,0,0,0,0,0,0,0,0,0,0,0,0,0,0,0,0,0
11102121909,core,0,5,7,7,19,11,0,0,0,59,5,0,4,0,4,4,0,0,0,17,0,3,0,0,0,0,0,0,0,5,0,0,0,0,0,0,0,0,0,0,6,4,9,11,30,16,4,0,0,82,0,0,0,0,0,0,0,0,0,0,0,0,0,0,0,0,4,0,0,9,0,0,0,0,0,0,4,0,0,9,5,4,9,15,30,16,4,0,0,83,12,0,0,0,0,7,28,6,4,50,0,0,0,0,0,0,0,0,0,0,11,8,13,16,24,24,31,6,4,139,0,0,9,6,11,6,3,0,0,40,8,0,6,3,15,9,0,0,0,44,0,0,0,0,0,0,0,0,0,0,0,0,0,0,0,0,0,0,0,0,8,0,17,17,30,18,5,0,0,87,0,0,0,0,0,0,0,0,0,0,0,0,0,0,0,0,0,0,0,0,0,0,0,0,0,0,0,0,0,4
11102121910,core,0,5,15,9,10,18,7,0,0,67,3,0,0,0,3,6,4,0,0,24,0,0,0,0,0,0,0,0,0,3,0,0,0,0,0,0,0,0,0,0,3,7,22,10,23,24,13,0,0,100,0,0,3,5,0,0,0,0,0,10,0,0,0,0,0,0,0,0,0,0,0,0,3,5,3,5,0,0,0,13,3,5,24,18,26,24,13,0,0,110,3,0,3,9,0,16,60,37,15,145,0,0,0,3,3,5,3,0,7,18,13,8,23,25,26,48,70,43,22,276,0,4,11,3,20,13,0,0,0,45,5,4,7,12,8,11,8,0,0,63,0,3,0,0,0,0,0,0,0,3,0,0,0,0,0,0,0,0,0,0,9,15,15,15,25,21,9,0,0,112,0,0,0,0,0,0,0,0,0,5,0,0,0,0,0,0,0,0,0,0,0,0,0,5,0,0,0,0,0,3
11102121911,core,0,11,15,12,22,19,7,0,0,77,7,0,0,0,5,6,6,0,0,17,4,0,0,0,0,0,0,0,0,7,0,0,0,0,0,0,0,0,0,0,4,11,14,12,23,23,15,0,0,96,0,0,0,0,0,0,0,0,0,0,0,0,0,0,0,0,0,0,0,0,0,0,0,0,0,0,0,0,0,0,5,11,14,16,23,23,15,0,0,98,4,3,0,0,0,13,25,12,5,61,0,0,0,0,0,0,0,0,0,3,9,11,19,16,29,32,38,10,4,165,0,0,14,9,10,8,4,0,0,42,7,7,3,12,13,4,3,0,0,41,0,0,0,0,0,0,0,0,0,3,0,0,0,0,0,0,0,0,0,0,7,9,17,18,23,10,4,0,0,86,0,0,0,0,4,0,0,0,0,3,0,0,0,0,0,0,0,0,0,4,0,0,0,0,4,0,3,0,0,9
11102121912,core,0,5,9,3,7,5,0,0,0,27,0,0,0,0,0,0,0,0,0,6,0,0,0,0,0,0,0,0,0,0,0,0,0,0,0,0,0,0,0,0,0,0,7,0,13,10,0,0,0,35,0,4,0,0,0,0,0,0,0,4,0,0,0,0,0,0,0,0,0,0,0,4,0,0,0,0,0,0,0,3,0,3,8,9,13,10,0,0,0,39,7,4,5,3,0,9,11,9,0,39,0,0,0,0,0,0,0,0,4,4,9,4,16,10,19,14,11,6,0,85,0,0,5,0,3,0,0,0,0,14,0,0,5,3,4,0,0,0,0,17,0,0,0,0,0,0,0,0,0,0,0,0,0,0,0,0,0,0,0,0,0,0,6,8,8,0,0,0,0,30,0,0,0,0,0,0,0,0,0,0,0,0,0,0,0,0,0,0,0,5,0,0,0,0,3,0,0,0,0,4
11102121913,core,0,6,3,3,12,13,4,0,0,46,0,0,3,0,0,5,4,0,0,14,0,0,0,0,0,0,0,0,0,0,0,0,0,0,0,0,0,0,0,0,7,6,8,8,17,19,9,0,0,66,0,0,0,0,0,0,0,0,0,0,0,0,0,0,0,0,0,0,0,0,0,0,0,0,0,0,0,0,0,0,7,6,9,8,15,19,9,0,0,62,0,0,0,0,0,11,29,17,9,67,0,0,0,0,0,0,0,0,0,3,4,8,9,11,15,30,33,14,9,137,0,0,3,7,7,3,4,0,0,27,4,3,0,8,5,0,9,0,0,32,0,0,0,0,0,0,0,0,0,3,0,0,0,0,0,0,0,0,0,0,5,4,4,16,14,15,7,0,0,60,0,0,0,0,0,0,0,0,0,0,0,0,0,0,0,0,0,0,0,0,0,0,0,0,0,0,0,0,0,0
11102121914,core,0,12,8,18,16,13,3,3,0,70,4,0,0,3,4,6,9,0,0,22,0,0,0,0,6,0,0,0,0,13,0,0,0,0,0,0,0,0,0,0,4,12,10,23,27,21,11,3,0,105,0,0,0,0,0,4,0,0,0,4,0,0,0,0,0,0,0,0,0,3,0,0,0,0,0,0,0,0,0,7,4,9,10,23,25,25,11,3,0,108,9,0,4,0,0,14,19,17,6,66,0,0,0,0,0,0,0,0,0,6,8,15,12,26,28,38,30,19,3,177,0,0,8,12,8,8,0,0,0,40,0,0,6,9,5,15,3,0,0,51,0,0,0,0,6,0,0,0,0,9,0,0,0,0,0,0,0,0,0,0,3,5,14,24,20,23,7,0,0,95,0,0,0,0,0,0,0,0,0,0,0,0,0,0,0,0,0,0,0,0,0,0,0,0,0,0,0,0,0,0
11102121915,core,0,4,9,13,9,7,0,0,0,43,0,0,0,0,3,0,0,0,0,9,0,0,0,0,0,0,0,0,0,0,0,0,0,0,0,0,0,0,0,0,0,6,8,16,7,9,3,0,0,55,0,0,0,0,0,0,0,0,0,0,0,0,0,0,0,0,0,0,0,0,0,0,0,0,0,0,0,0,0,6,0,6,8,13,13,9,0,0,0,60,6,0,0,0,0,0,12,5,6,26,0,0,0,0,0,0,0,0,0,3,9,9,11,13,12,13,17,5,0,92,0,0,4,3,9,4,0,0,0,27,3,0,6,8,4,8,3,0,0,35,0,0,0,0,0,0,0,0,0,0,0,0,0,0,3,0,0,0,0,3,3,0,8,13,13,12,8,0,0,65,0,0,0,0,0,0,0,0,0,4,0,0,0,0,0,0,0,0,0,0,0,0,0,0,0,0,0,0,0,0
11102121916,core,0,4,9,11,6,4,3,0,0,35,0,0,4,0,4,0,0,0,0,13,0,0,0,0,0,3,0,0,0,4,0,0,0,0,3,0,0,0,0,0,0,7,15,8,8,10,0,0,0,58,0,0,0,0,3,0,0,0,0,6,0,0,0,0,0,0,0,0,0,0,0,0,0,0,3,0,0,0,0,9,5,7,17,14,14,10,0,0,0,65,3,0,3,3,0,14,23,28,25,105,0,0,4,4,0,0,0,3,0,9,11,11,28,15,19,25,29,26,25,183,0,5,6,4,0,7,0,0,0,25,0,0,7,3,12,3,0,0,0,27,0,0,4,0,0,0,0,0,0,5,0,0,0,0,0,0,0,0,0,0,4,3,13,11,9,8,0,0,0,57,0,0,0,0,3,0,0,0,0,3,0,0,0,0,0,0,0,0,0,0,0,0,0,0,3,0,0,0,0,3
11102121917,core,3,10,21,12,12,18,0,0,0,70,4,0,7,0,4,3,0,0,0,28,0,0,3,0,0,0,0,0,0,9,0,0,0,0,4,3,0,0,0,9,11,12,26,15,20,24,3,0,0,113,0,0,3,0,0,0,0,0,0,4,0,0,0,0,0,0,0,0,0,0,0,0,3,0,0,0,0,0,0,9,11,9,29,16,25,25,5,0,0,120,8,6,7,8,3,10,26,25,10,92,0,0,0,4,0,0,0,0,0,7,18,15,36,18,28,37,29,24,10,212,0,3,11,4,14,13,0,0,0,48,5,4,17,9,12,11,7,0,0,64,4,0,0,0,0,0,0,0,0,12,0,0,0,0,0,0,0,0,0,0,12,14,21,19,28,23,7,0,0,119,0,0,0,0,0,0,0,0,0,0,0,0,0,0,0,0,0,0,0,0,0,0,0,0,0,0,0,0,0,0
11102121918,core,0,0,16,11,13,5,3,0,0,49,0,0,5,9,0,0,0,0,0,14,0,0,0,0,0,0,0,0,0,0,0,0,0,0,0,0,0,0,0,0,0,5,19,19,13,4,3,0,0,61,0,0,5,0,0,0,0,0,0,4,0,0,0,0,0,0,0,0,0,3,0,0,5,0,0,0,0,0,0,6,0,5,23,19,10,5,3,0,0,71,11,5,3,0,3,20,25,16,7,82,0,0,0,3,0,0,4,0,0,3,9,9,26,18,16,25,34,16,7,161,0,5,8,5,10,9,0,0,0,26,0,4,6,4,0,0,0,0,0,27,0,0,8,4,3,0,0,0,0,7,0,0,0,0,0,0,0,0,0,0,8,8,19,9,8,11,0,0,0,63,0,0,0,0,0,0,0,0,0,0,0,0,0,0,0,0,0,0,0,0,0,0,0,0,0,0,0,0,0,0
11102121919,core,0,3,6,7,9,16,5,0,0,41,0,5,0,0,3,5,0,6,0,16,0,0,0,0,3,0,0,0,0,4,0,0,0,0,0,5,0,0,0,5,0,5,10,5,12,18,9,6,0,58,0,0,0,0,0,3,0,0,0,0,0,0,0,0,0,0,0,0,0,0,0,0,0,0,0,3,0,0,0,4,0,3,10,4,12,24,9,6,0,61,0,3,0,3,0,6,17,20,0,56,0,0,0,0,0,0,0,0,0,0,0,9,9,11,16,27,25,21,0,115,0,0,3,3,11,4,0,0,0,24,6,3,3,0,6,6,0,0,0,22,0,0,0,0,0,0,0,0,0,3,0,0,0,0,0,0,0,0,0,0,6,4,8,5,15,10,4,0,0,53,0,0,0,0,0,0,0,0,0,0,0,0,0,0,0,0,0,0,0,0,0,0,0,0,0,0,0,0,0,0
11102121921,core,0,0,0,0,0,0,0,0,0,0,0,0,0,0,0,0,0,0,0,0,0,0,0,0,0,0,0,0,0,0,0,0,0,0,0,0,0,0,0,0,0,0,0,0,0,0,0,0,0,0,0,0,0,0,0,0,0,0,0,0,0,0,0,0,0,0,0,0,0,0,0,0,0,0,0,0,0,0,0,0,0,0,0,0,0,0,0,0,0,0,0,0,0,0,0,0,0,0,0,0,0,0,0,0,0,0,0,0,0,0,0,0,0,0,0,0,0,0,0,0,0,0,0,0,0,0,0,0,0,0,0,0,0,0,0,0,0,0,0,0,0,0,0,0,0,0,0,0,0,0,0,0,0,0,0,0,0,0,0,0,0,0,0,0,0,0,0,0,0,0,0,0,0,0,0,0,0,0,0,0,0,0,0,0,0,0,0,0,0,0,0,0,0,0,0,0,0,0,0,0
11102121922,core,0,0,0,0,4,6,0,0,0,13,5,0,4,0,0,3,0,0,0,7,0,0,0,0,0,0,0,0,0,0,0,0,0,0,0,0,0,0,0,0,4,0,5,0,7,6,0,0,0,26,0,0,0,0,0,0,0,0,0,0,0,0,0,0,0,0,0,0,0,0,0,0,0,0,0,0,0,0,0,4,4,3,5,5,7,6,0,0,0,28,0,0,0,0,3,3,4,0,0,12,0,0,0,0,0,0,0,0,0,0,4,3,5,4,8,12,4,0,0,44,5,0,0,0,8,0,0,0,0,9,0,0,0,0,5,7,3,0,0,16,3,0,0,0,4,0,0,0,0,7,0,0,0,0,0,0,0,0,0,0,12,3,0,0,11,0,3,0,0,32,0,0,0,0,0,0,0,0,0,0,0,0,0,0,0,0,0,0,0,0,0,0,0,0,0,0,0,0,0,3
11102121923,core,0,0,9,29,20,16,4,0,0,80,6,0,0,4,5,4,7,0,0,18,0,0,0,3,0,0,0,0,0,8,0,0,0,0,0,0,0,0,0,0,5,3,8,29,24,21,5,0,0,107,0,0,0,0,0,0,0,0,0,3,0,0,0,0,0,0,0,0,0,3,0,0,0,0,0,0,0,0,0,3,7,3,11,29,24,25,10,0,0,110,3,0,3,0,3,11,26,18,8,72,0,0,0,0,0,3,0,0,0,4,10,3,17,29,28,39,33,17,8,187,0,0,8,7,11,3,5,0,0,35,9,3,7,20,15,13,5,0,0,67,0,0,0,3,3,4,0,0,0,18,0,0,0,0,0,0,0,0,0,0,12,8,19,26,30,22,7,0,0,123,0,0,0,0,0,0,0,0,0,0,0,0,0,0,0,0,3,0,0,3,0,0,0,0,0,0,3,0,0,0
11102121924,core,3,0,3,6,14,11,0,0,0,40,4,7,0,0,8,7,0,0,0,18,0,0,0,0,0,0,0,0,0,3,0,0,0,0,0,0,0,0,0,0,8,5,9,7,19,20,3,0,0,66,0,0,0,0,0,0,0,0,0,0,0,0,0,0,0,0,0,0,0,0,0,0,0,0,0,0,0,0,0,3,8,6,9,7,19,20,3,0,0,67,0,0,0,0,6,3,20,6,5,37,0,0,0,0,0,0,3,0,0,3,9,6,5,7,21,20,26,6,5,109,0,3,4,8,9,0,0,0,0,23,5,4,3,5,9,5,4,0,0,40,0,0,4,0,3,0,0,0,0,8,0,0,0,0,0,0,0,0,0,0,5,7,8,11,18,5,5,0,0,71,0,0,0,0,0,0,0,0,0,0,0,0,5,0,0,0,0,0,0,5,0,0,5,0,0,0,0,0,0,5
11102121925,core,0,4,6,11,14,21,0,0,0,59,6,3,4,0,11,4,0,0,0,24,0,0,0,0,5,0,0,0,0,3,0,0,0,0,0,0,0,0,0,0,10,9,17,12,21,23,0,0,0,93,0,0,0,0,0,0,0,0,0,0,0,0,0,0,0,0,0,0,0,0,0,0,0,0,0,0,0,0,0,0,10,9,17,12,27,23,0,0,0,87,10,0,3,0,8,12,12,11,0,56,0,0,0,0,0,0,0,0,0,0,12,9,18,17,38,33,12,11,0,143,3,3,6,9,16,11,0,0,0,45,3,11,5,6,3,3,4,0,0,39,0,0,0,0,6,0,0,0,0,0,0,0,0,0,0,0,0,0,0,0,6,11,17,14,22,11,3,0,0,83,0,0,0,0,0,0,0,0,0,4,3,0,0,5,0,0,0,0,0,7,3,0,0,3,0,0,0,0,0,4
11102121926,core,0,3,18,17,14,8,5,0,0,60,0,0,8,0,0,4,5,0,0,17,0,0,3,0,0,3,0,0,0,9,0,0,0,0,0,0,0,0,0,0,4,13,24,17,18,15,9,0,0,90,0,0,0,0,0,0,0,0,0,4,0,0,0,0,0,0,0,0,0,0,0,0,0,0,0,0,0,0,0,4,4,11,23,12,18,20,9,0,0,91,0,0,0,0,3,8,16,11,4,46,0,0,0,0,0,0,0,0,0,3,3,11,24,17,18,27,25,6,4,139,0,6,17,11,3,0,0,0,0,42,0,0,7,3,4,8,3,0,0,35,0,0,0,0,0,0,0,0,0,3,0,0,0,0,0,0,0,0,0,4,4,6,33,9,15,14,3,0,0,84,0,0,0,0,0,0,0,0,0,0,0,0,0,0,0,0,0,0,0,0,0,0,0,0,0,0,0,0,0,0
11102121927,core,0,0,0,0,0,0,0,0,0,0,0,0,0,0,0,0,0,0,0,0,0,0,0,0,0,0,0,0,0,0,0,0,0,0,0,0,0,0,0,0,0,0,0,0,0,0,0,0,0,0,0,0,0,0,0,0,0,0,0,0,0,0,0,0,0,0,0,0,0,0,0,0,0,0,0,0,0,0,0,0,0,0,0,0,0,0,0,0,0,0,0,0,0,0,0,0,0,0,0,0,0,0,0,0,0,0,0,0,0,0,0,0,0,0,0,0,0,0,0,0,0,0,0,0,0,0,0,0,0,0,0,0,0,0,0,0,0,0,0,0,0,0,0,0,0,0,0,0,0,0,0,0,0,0,0,0,0,0,0,0,0,0,0,0,0,0,0,0,0,0,0,0,0,0,0,0,0,0,0,0,0,0,0,0,0,0,0,0,0,0,0,0,0,0,0,0,0,0,0,0
11102121929,core,0,5,8,8,3,4,3,0,0,33,4,0,0,0,7,0,0,0,0,19,0,0,0,0,0,0,0,0,0,4,0,0,0,0,0,0,0,0,0,0,7,5,10,11,9,8,5,0,0,46,0,3,0,0,0,0,0,0,0,3,0,0,0,0,0,0,0,0,0,0,0,3,0,0,0,0,0,0,0,11,11,8,13,11,10,8,5,0,0,55,6,0,4,6,8,6,11,10,0,46,0,0,0,0,0,0,0,0,0,3,17,10,14,14,18,10,14,10,0,108,0,0,0,5,0,0,0,0,0,12,7,0,3,3,3,5,0,0,0,24,0,0,0,0,0,0,0,0,0,0,0,0,0,0,0,0,0,0,0,3,7,4,5,11,12,7,4,0,0,47,0,0,0,0,0,0,0,0,0,5,0,0,0,0,0,0,0,0,0,0,0,0,0,0,0,0,0,0,0,3
11102121930,core,3,4,16,4,12,6,0,0,0,48,4,0,0,5,3,0,0,0,0,21,0,0,0,0,0,3,0,0,0,4,0,0,0,0,0,0,0,0,0,0,3,10,17,12,16,6,0,0,0,74,0,3,5,0,0,0,0,0,0,10,0,0,5,0,0,0,0,0,0,3,0,4,9,0,0,0,0,0,0,13,11,15,26,10,19,6,0,0,0,85,10,14,7,7,7,10,22,13,0,90,0,0,7,3,5,5,0,0,0,19,18,32,36,24,34,22,21,16,0,202,0,0,8,5,7,0,0,0,0,21,6,3,3,10,8,5,0,0,0,37,0,0,0,0,4,0,0,0,0,10,0,0,0,0,0,0,0,0,0,0,3,9,15,15,20,7,4,0,0,64,0,0,0,0,0,0,0,0,0,4,0,0,0,0,0,0,0,0,0,4,0,0,0,0,3,0,0,0,0,3
11102121931,core,0,11,25,12,18,17,0,0,0,84,9,8,6,6,0,3,4,0,0,37,0,0,0,0,0,0,0,0,0,6,0,0,0,0,0,0,0,0,0,0,14,17,37,16,22,19,6,0,0,130,0,0,0,0,0,0,0,0,0,4,0,0,0,0,0,0,0,0,0,0,0,0,0,0,0,0,0,0,0,5,15,17,36,16,22,26,8,0,0,136,4,7,4,5,8,5,16,11,6,52,0,0,0,0,0,5,0,0,0,0,17,21,40,19,28,33,22,15,6,189,3,4,9,11,7,4,0,0,0,41,0,0,9,3,10,9,0,0,0,37,0,0,9,0,0,0,0,0,0,7,0,0,0,4,0,0,0,0,0,3,4,5,27,15,19,11,5,0,0,93,0,3,0,0,0,0,0,0,0,5,0,0,0,0,0,0,0,0,0,4,0,0,0,0,0,0,0,0,0,5
11102121933,core,0,3,10,13,11,13,0,0,0,50,4,0,10,0,0,0,0,0,0,25,0,0,0,0,5,0,0,0,0,5,0,0,0,0,0,0,0,0,0,3,0,6,20,18,15,14,3,0,0,80,0,0,0,0,0,0,0,0,0,3,0,0,0,0,0,0,0,0,0,0,0,0,0,0,0,0,0,0,0,4,6,8,24,18,15,14,3,0,0,83,6,0,0,0,0,9,19,12,4,49,0,0,0,4,0,0,0,0,0,4,13,8,24,17,19,23,20,13,4,136,0,3,10,3,12,8,0,0,0,32,7,0,5,10,0,7,3,0,0,36,0,0,0,0,0,4,0,0,0,9,0,0,0,0,0,0,0,0,0,0,7,3,19,12,14,18,4,0,0,73,0,0,0,0,0,0,0,0,0,0,0,0,0,0,0,0,0,0,0,0,0,0,0,0,0,0,0,0,0,4
11102121934,core,0,0,6,12,14,11,5,0,0,42,4,0,0,0,4,3,4,0,0,17,0,3,0,0,0,0,0,0,0,0,0,0,0,0,0,0,0,0,0,0,4,7,8,9,17,16,8,0,0,63,0,0,0,0,0,5,0,0,0,6,0,0,0,0,0,0,0,0,0,3,0,0,0,0,0,5,0,0,0,3,4,8,8,9,17,18,9,0,0,72,3,0,0,0,7,3,24,23,6,70,0,0,0,0,0,0,0,0,0,3,10,8,7,16,19,20,37,20,6,146,3,3,3,5,7,6,0,0,0,33,3,4,4,7,12,7,3,0,0,42,0,0,0,3,0,0,0,0,0,9,0,0,0,0,0,0,0,0,0,0,10,7,8,13,19,15,10,0,0,84,0,0,0,0,0,0,0,0,0,0,0,0,0,0,0,0,0,0,0,3,0,0,0,0,0,0,0,0,0,4
11102121935,core,0,4,13,14,16,17,3,0,0,61,0,0,0,4,6,4,0,5,0,22,0,0,0,0,0,0,0,0,0,0,0,0,0,0,0,0,0,0,0,0,0,3,10,15,21,23,12,6,0,83,0,0,0,0,0,0,0,0,0,3,0,0,0,0,0,0,0,0,0,0,0,0,0,0,0,0,0,0,0,10,0,3,14,15,24,23,5,6,0,95,4,0,0,4,8,6,42,15,10,84,0,0,3,0,4,0,3,0,0,12,7,4,15,21,29,27,51,20,10,187,0,0,10,6,7,7,4,0,0,37,0,4,0,10,19,5,3,0,0,41,0,0,0,0,0,7,0,0,0,11,0,0,0,0,0,0,0,0,0,0,3,4,13,22,29,15,3,0,0,88,0,0,0,0,0,0,0,0,0,3,0,0,0,0,0,0,0,0,0,0,4,0,0,0,0,0,0,0,0,3
11102121936,core,0,7,13,15,18,10,3,0,0,68,3,0,3,3,5,0,4,0,0,20,0,0,0,0,0,0,0,0,0,0,0,0,0,0,0,0,0,0,0,0,3,7,18,22,20,15,5,0,0,91,0,0,0,0,0,0,0,0,0,0,0,0,0,0,0,0,0,0,0,0,4,0,0,0,0,0,0,0,0,9,9,8,18,23,20,18,5,0,0,96,0,0,5,0,9,10,19,15,0,61,0,0,0,0,0,4,0,0,4,10,10,8,21,25,29,24,24,12,5,162,0,4,7,12,10,4,3,0,0,48,4,4,12,13,8,7,3,0,0,51,0,0,4,0,0,0,0,0,0,4,3,0,0,0,0,0,0,0,0,3,8,5,23,28,20,12,8,0,0,99,0,0,0,0,0,0,0,0,0,0,0,0,0,0,0,0,0,0,0,3,0,0,0,0,0,0,0,0,0,3
11102121937,core,3,9,17,11,18,12,0,0,0,64,0,0,0,0,3,0,0,0,0,13,0,0,0,0,0,0,0,0,0,5,0,0,0,0,0,0,0,0,0,0,4,12,16,8,17,18,5,0,0,83,0,0,5,0,6,0,0,0,0,4,0,0,0,0,0,0,0,0,0,0,0,0,5,0,6,0,0,0,0,4,6,12,17,12,21,18,5,0,0,85,5,6,0,0,0,8,14,11,0,52,0,0,0,0,0,0,0,0,0,4,14,12,21,12,21,28,15,11,0,135,0,0,0,4,7,8,0,0,0,29,0,0,9,9,12,11,6,0,0,52,0,0,0,0,0,0,0,0,0,6,0,0,0,0,0,0,0,0,0,0,4,4,16,14,20,17,9,0,0,86,0,0,3,0,0,0,0,0,0,6,0,0,0,0,0,0,0,0,0,0,3,0,3,0,0,0,0,0,0,3
11102121938,core,4,4,16,27,25,18,4,0,0,96,0,4,10,5,6,4,6,0,0,25,0,0,0,0,0,3,0,0,0,8,0,0,0,0,0,0,0,0,0,0,10,7,26,32,32,24,9,0,0,130,0,0,0,4,0,0,0,0,0,3,4,0,0,0,0,0,0,0,0,3,3,0,0,0,0,0,0,0,0,5,10,7,25,35,30,24,9,0,0,135,6,0,0,3,6,11,25,9,3,68,0,0,0,0,0,0,0,0,0,11,14,11,30,38,35,34,33,13,3,214,0,3,13,23,9,5,6,0,0,58,10,0,13,14,13,6,0,0,0,57,0,0,0,0,0,4,0,0,0,11,0,0,0,0,0,0,0,0,0,0,16,8,29,29,24,13,6,0,0,120,0,0,0,0,0,0,0,0,0,0,0,0,0,0,0,0,0,0,0,3,6,0,0,0,0,0,0,0,0,4
11102121939,core,4,3,8,11,7,8,5,0,0,41,0,0,5,0,5,0,5,0,0,12,0,0,0,0,0,0,0,0,0,0,0,0,0,0,0,0,0,0,0,0,5,4,11,11,12,13,9,0,0,57,0,0,0,0,0,0,0,0,0,4,0,0,0,0,0,0,0,0,0,0,0,0,0,0,0,0,0,0,0,4,5,4,11,14,12,13,9,0,0,62,0,0,0,0,5,9,17,7,0,41,0,0,0,0,0,0,0,0,0,7,7,5,13,14,12,19,27,10,0,110,0,0,5,3,8,6,0,0,0,27,5,0,4,7,3,10,0,0,0,31,0,0,0,0,0,0,0,0,0,0,0,0,0,0,0,0,0,0,0,0,7,3,6,9,11,15,3,0,0,63,0,0,0,0,0,0,0,0,0,0,0,0,0,0,0,0,0,0,0,0,0,0,0,0,0,0,0,0,0,0
11102121940,core,0,5,10,7,4,4,0,0,0,34,0,0,5,0,0,9,3,0,0,14,0,0,0,0,0,0,0,0,0,5,0,0,0,0,0,0,0,0,0,0,0,5,14,5,4,17,5,0,0,46,0,0,0,4,0,0,0,0,0,4,0,0,0,0,0,0,0,0,0,0,0,0,0,4,0,0,0,0,0,4,0,5,14,7,4,17,5,0,0,51,0,0,5,0,7,10,12,8,0,49,0,0,0,0,0,0,0,0,0,3,6,5,19,10,13,26,21,12,0,104,0,0,6,7,5,4,0,0,0,24,3,3,3,3,3,11,0,0,0,29,0,0,0,0,0,4,0,0,0,5,0,0,0,0,0,0,0,0,0,0,3,6,15,8,5,17,0,0,0,58,0,0,0,0,0,0,0,0,0,0,0,0,0,0,0,0,0,0,0,3,0,0,0,0,0,0,0,0,0,3
11102121941,core,0,6,14,13,13,17,4,0,0,63,4,0,4,3,5,3,0,0,0,22,0,0,0,0,0,0,0,0,0,0,0,0,0,0,0,0,0,0,0,0,4,5,19,16,17,24,4,0,0,81,0,0,3,0,3,0,0,0,0,8,0,0,0,0,0,0,0,0,0,0,0,0,3,0,3,0,0,0,0,8,4,15,21,19,17,24,4,0,0,93,6,0,0,4,5,6,12,6,0,47,0,0,0,0,0,0,0,0,0,4,11,12,23,18,24,28,9,6,0,139,0,0,8,8,15,9,0,0,0,44,4,3,4,16,8,4,6,0,0,33,3,0,0,0,0,0,0,0,0,8,0,0,0,0,0,0,0,0,0,0,3,6,15,23,24,13,5,0,0,86,0,0,0,0,0,0,0,0,0,0,0,4,0,0,0,0,0,0,0,4,0,4,0,0,0,0,0,0,0,8
11102121942,core,3,0,10,8,8,5,0,0,0,30,0,0,3,0,3,0,0,0,0,11,0,0,0,0,0,0,0,0,0,0,0,0,0,0,0,0,0,0,0,0,3,0,13,8,5,6,0,0,0,41,0,0,0,0,0,6,0,0,0,8,0,0,0,0,0,0,0,0,0,3,0,0,0,0,0,6,0,0,0,8,0,0,13,12,7,11,0,0,0,48,0,0,3,0,3,7,11,9,0,36,0,0,0,0,0,0,0,0,0,3,0,0,19,14,9,22,11,9,3,92,0,0,0,3,4,3,0,0,0,17,0,0,10,4,5,3,3,0,0,21,0,0,0,0,0,0,0,0,0,0,0,0,0,0,0,0,0,0,0,0,3,3,8,4,8,11,3,0,0,44,0,0,0,0,0,0,0,0,0,0,0,0,0,0,0,0,0,0,0,0,0,0,0,0,0,0,0,0,0,0
11102121943,core,0,0,0,0,0,0,0,0,0,6,0,0,0,0,0,0,3,0,0,4,0,0,0,0,0,0,0,0,0,0,0,0,0,0,0,0,0,0,0,0,0,0,0,0,0,3,6,0,0,15,0,0,0,0,4,0,0,0,0,4,0,0,0,0,0,0,0,0,0,0,0,0,0,0,4,0,0,0,0,4,0,0,0,0,4,3,6,0,0,11,0,0,0,0,0,3,26,28,8,64,0,0,0,0,0,0,6,0,0,10,0,0,0,0,4,8,37,28,9,82,0,0,0,0,0,0,0,0,0,0,0,0,0,0,0,3,0,7,0,10,0,0,0,0,0,0,0,0,0,0,0,0,0,0,0,0,0,0,0,0,0,0,0,0,0,3,0,7,0,11,0,0,0,0,0,0,0,0,0,0,0,0,0,0,0,0,0,0,0,0,0,0,0,0,0,0,0,0,0,0
11102121944,core,3,3,12,0,9,3,0,0,0,29,0,0,6,0,0,0,0,0,0,12,0,0,0,0,0,0,0,0,0,0,0,0,0,0,0,0,0,0,0,0,3,7,14,5,8,5,6,0,0,45,0,0,4,0,0,0,0,0,0,9,0,0,0,0,0,0,0,0,0,3,0,0,4,0,3,3,0,0,0,12,4,7,21,9,12,9,6,0,0,60,7,4,3,7,19,20,23,5,3,88,3,4,5,0,0,9,3,0,0,25,13,12,28,16,30,36,37,9,3,168,0,0,8,5,4,0,0,0,0,24,4,8,4,7,7,4,0,0,0,24,0,0,0,0,0,4,0,0,0,4,0,0,0,0,0,0,0,0,0,0,4,10,12,10,15,5,0,0,0,51,0,0,0,4,0,0,0,0,0,4,0,0,0,0,0,0,0,0,0,0,0,0,0,4,0,0,0,0,0,4
11102122001,core,7,4,7,11,25,10,3,0,0,75,0,4,0,3,3,4,0,0,0,20,0,0,0,0,0,0,0,0,0,3,0,0,0,0,0,0,0,0,0,0,13,13,13,17,26,19,6,0,0,104,0,0,0,3,0,0,0,0,0,9,0,0,0,0,0,0,0,0,0,0,0,0,0,4,0,0,0,0,0,10,13,13,13,23,26,17,6,0,0,112,12,0,6,3,6,17,26,13,0,75,0,0,0,0,0,0,0,0,0,0,25,11,14,26,31,33,30,14,0,187,0,9,0,15,11,4,0,0,0,43,7,3,0,10,14,3,3,0,0,50,0,0,0,0,0,0,0,0,0,3,0,0,0,0,0,0,0,0,0,0,15,9,3,25,26,17,3,0,0,96,0,0,0,0,3,0,0,0,0,4,0,0,0,0,0,0,0,0,0,0,0,0,0,0,3,0,0,0,0,4
11102122002,core,0,5,12,22,17,9,0,0,0,60,0,0,0,3,4,5,0,0,0,19,0,0,0,0,0,0,0,0,0,3,0,0,0,0,0,0,0,0,0,0,5,10,8,22,17,13,6,0,0,83,0,0,0,0,0,0,0,0,0,0,0,0,0,0,0,0,0,0,0,0,0,0,0,0,0,0,0,0,0,0,5,10,8,26,17,13,6,0,0,85,0,5,4,0,5,6,34,11,5,60,0,0,0,0,0,0,5,0,0,6,8,11,13,30,19,17,38,10,5,149,0,6,4,3,8,3,0,0,0,26,0,0,8,8,6,8,0,0,0,33,0,0,5,0,0,0,0,0,0,6,0,0,0,3,0,0,0,0,0,3,7,4,17,18,16,10,0,0,0,73,0,0,0,0,0,0,0,0,0,0,0,0,0,0,0,0,0,0,0,0,0,0,0,4,0,0,0,0,0,4
11102122003,core,0,3,4,19,18,13,4,0,0,61,6,6,0,3,0,4,3,0,0,29,0,0,0,0,0,3,0,0,0,6,0,0,0,0,0,0,0,0,0,4,9,9,8,17,21,22,9,0,0,95,0,0,0,0,0,0,0,0,0,3,0,0,0,0,0,0,0,0,0,0,0,0,0,0,0,0,0,0,0,0,9,10,10,17,21,20,9,0,0,99,4,0,0,0,0,5,32,14,3,58,0,0,0,0,0,0,4,0,0,9,12,9,10,21,28,31,46,15,4,173,0,3,3,13,11,12,6,0,0,39,4,5,4,5,6,9,0,0,0,39,4,0,0,0,0,0,0,0,0,3,0,0,0,0,0,0,0,0,0,0,8,7,12,18,16,19,3,0,0,82,0,0,0,0,0,0,0,0,0,3,0,0,0,0,0,0,0,0,0,4,0,0,0,0,0,3,0,0,0,10
11102122004,core,0,8,7,21,26,11,3,0,0,83,9,3,0,0,0,0,6,0,0,22,0,0,0,4,0,3,0,0,0,9,0,0,0,0,0,0,0,0,0,0,5,15,14,24,28,21,7,0,0,110,0,0,0,0,0,0,0,0,0,4,0,0,0,0,0,0,0,0,0,4,0,0,0,0,0,0,0,0,0,6,5,15,14,24,28,20,8,0,0,114,3,0,4,0,3,9,36,11,4,68,0,3,3,0,0,3,4,0,0,15,10,19,17,24,31,33,49,12,4,193,0,3,8,6,12,9,3,0,0,43,0,3,9,9,11,5,4,0,0,47,0,0,0,4,6,0,0,0,0,9,0,0,0,0,0,0,0,0,0,0,4,13,16,20,25,12,9,0,0,95,0,0,0,0,0,0,0,0,0,0,0,0,0,0,0,0,0,0,0,0,0,0,0,0,0,0,0,0,0,0
11102122005,core,6,6,14,18,25,12,3,0,0,77,3,6,6,3,3,4,3,0,0,24,0,0,0,0,4,0,0,0,0,6,0,0,0,0,0,0,0,0,0,0,7,11,8,24,35,19,7,0,0,112,5,0,0,0,0,0,0,0,0,6,0,0,0,0,0,0,0,0,0,4,5,0,0,0,0,0,0,0,0,8,14,11,8,24,38,19,9,0,0,117,11,0,0,0,0,21,39,29,3,100,0,0,0,0,0,0,0,0,0,8,21,11,9,25,35,38,50,29,3,224,0,0,9,18,19,11,0,0,0,53,10,8,4,9,13,13,0,0,0,57,0,0,0,0,0,4,0,0,0,8,0,0,0,0,0,0,0,0,0,0,17,5,12,27,28,28,0,0,0,116,0,0,0,0,0,0,0,0,0,0,0,0,0,0,0,0,0,0,0,4,0,0,0,0,6,0,0,0,0,6
11102122006,core,0,5,20,11,17,19,4,0,0,74,3,3,5,0,3,5,0,0,0,26,0,0,0,0,0,3,0,0,0,3,0,0,0,0,0,0,0,0,0,0,4,8,28,15,16,25,3,0,0,107,0,0,0,0,0,0,0,0,0,0,6,0,0,0,0,0,0,0,0,5,6,0,0,0,0,0,0,0,0,8,6,8,28,18,20,27,5,0,0,109,3,0,5,0,5,7,25,22,10,72,0,0,0,0,0,0,0,0,3,5,11,14,28,17,24,38,32,23,8,190,0,10,16,10,12,14,0,0,0,57,9,0,10,11,4,11,3,0,0,50,0,0,0,3,3,6,0,0,0,12,0,0,0,0,0,0,0,0,0,0,9,14,29,25,22,22,8,0,0,118,0,0,4,3,0,0,0,0,0,5,4,0,0,0,0,0,0,0,0,4,4,0,4,3,0,0,0,0,0,7
11102122007,core,3,10,15,16,18,16,5,0,0,72,8,0,3,0,6,8,0,0,0,25,0,0,0,0,0,0,0,0,0,4,0,0,0,0,0,0,0,0,0,0,11,14,18,15,18,21,3,0,0,102,0,0,0,0,0,0,0,0,0,6,0,0,0,0,0,0,0,0,0,0,0,0,0,3,0,0,0,0,0,5,5,11,19,22,18,21,9,0,0,107,8,0,3,3,3,15,30,15,0,80,0,0,0,0,0,0,3,0,0,12,12,17,22,25,26,43,36,15,3,204,4,4,6,9,8,5,0,0,0,43,4,6,5,13,15,9,0,0,0,57,6,0,5,0,0,3,0,0,0,8,0,0,0,0,0,0,0,0,0,0,11,11,19,24,30,20,3,0,0,108,0,0,0,0,0,0,0,0,0,5,0,0,0,0,0,0,0,0,0,0,0,0,0,0,0,0,0,0,0,9
11102122009,core,5,8,14,16,16,8,3,0,0,75,0,0,0,4,4,5,0,0,0,22,0,0,0,0,4,0,0,0,0,6,0,0,0,0,0,0,0,0,0,0,7,15,17,22,21,10,4,0,0,101,0,0,0,0,3,0,0,0,0,7,0,0,0,0,0,0,0,0,0,4,0,0,0,5,3,0,0,0,0,8,9,15,21,24,30,14,4,0,0,111,9,3,0,5,8,8,30,23,12,90,0,0,0,0,0,0,0,5,0,9,18,17,20,32,33,18,32,23,12,213,0,9,12,9,8,5,0,0,0,36,5,0,10,11,10,9,4,0,0,53,0,0,6,5,6,0,0,0,0,19,0,0,0,0,0,0,0,0,0,0,5,9,30,23,24,16,4,0,0,108,0,0,0,0,0,0,0,0,0,4,0,0,0,0,0,0,0,0,0,0,0,0,0,0,0,0,0,0,0,5
11102122010,core,7,7,19,14,18,19,4,0,0,86,3,0,3,3,4,7,0,0,0,31,0,0,0,0,0,6,0,0,0,10,0,0,0,0,0,0,0,0,0,0,12,12,25,22,22,28,5,0,0,125,0,0,0,0,0,0,0,0,0,8,0,0,0,0,0,0,0,0,0,7,0,0,0,3,0,0,0,0,0,9,10,8,27,20,28,34,5,0,0,132,9,0,0,3,5,10,20,17,3,66,0,0,0,0,0,0,0,0,0,4,14,9,28,26,32,45,28,18,3,201,0,0,12,9,11,12,0,0,0,41,3,5,3,17,21,12,4,0,0,61,0,0,5,0,0,0,0,0,0,3,0,0,0,0,0,0,0,0,0,0,3,3,17,20,36,20,4,0,0,111,0,0,0,0,0,0,0,0,0,0,0,0,0,0,0,0,0,0,0,0,0,0,0,0,0,0,0,0,0,3
11102122011,core,0,7,25,33,28,17,5,0,0,115,9,3,4,3,3,10,0,0,0,27,0,0,0,0,0,5,3,0,0,10,0,0,0,0,4,0,0,0,0,0,12,16,25,37,33,32,4,6,0,167,3,0,0,3,0,0,0,0,0,8,0,0,0,0,0,0,0,0,0,4,5,0,0,3,0,0,0,0,0,14,18,17,26,36,38,32,4,6,0,172,11,3,0,0,3,20,33,31,3,106,0,0,0,4,4,0,0,0,0,14,27,15,29,52,47,49,47,31,3,293,0,7,9,17,12,19,0,0,0,65,5,8,13,10,11,16,6,0,0,67,0,0,6,0,0,3,6,0,0,14,0,0,0,0,0,0,0,0,0,3,5,16,30,31,27,39,8,0,0,150,0,0,0,0,0,0,0,0,0,0,0,0,0,0,5,0,0,0,0,3,0,0,0,0,5,0,0,0,0,3
11102122012,core,3,10,14,15,16,9,0,0,0,67,0,3,0,3,3,6,3,0,0,19,5,0,4,0,0,0,0,0,0,8,0,0,0,0,0,0,0,0,0,0,7,14,17,19,22,13,3,0,0,91,0,3,0,0,0,0,0,0,0,4,0,0,0,0,0,0,0,0,0,0,0,3,0,0,0,0,0,0,0,3,7,14,17,17,22,13,3,0,0,93,7,0,0,0,0,13,22,14,0,61,0,0,0,4,0,0,0,0,0,4,17,11,24,18,26,31,21,14,0,163,0,8,4,4,11,3,0,0,0,33,5,4,9,8,13,10,3,0,0,54,0,0,0,0,0,9,0,0,0,13,0,0,0,0,0,0,0,0,0,0,8,10,15,14,27,16,3,0,0,92,0,0,0,0,0,0,0,0,0,0,0,0,0,0,0,0,0,0,0,4,0,0,0,0,0,0,0,0,0,4
11102122013,core,4,11,18,12,25,18,4,0,0,87,4,0,7,3,9,14,0,0,0,37,0,0,0,0,0,0,0,0,0,3,0,4,0,0,0,0,0,0,0,8,8,21,25,19,27,28,7,0,0,133,0,0,5,0,0,0,0,0,0,12,0,0,0,0,0,0,0,0,0,4,0,4,5,0,3,3,0,0,0,12,12,18,22,23,31,35,7,0,0,142,10,6,3,3,5,15,24,15,9,75,0,0,0,0,6,0,0,0,0,8,19,23,28,21,35,44,32,19,5,235,5,3,3,9,13,8,0,0,0,53,0,8,9,10,14,13,3,0,0,51,0,0,0,0,0,5,0,0,0,9,0,0,0,0,0,4,0,0,0,4,11,12,19,21,25,25,3,0,0,113,0,0,0,0,0,0,0,0,0,0,0,0,0,0,0,3,0,0,0,6,0,0,0,0,0,3,0,0,0,6
11102122014,core,0,3,6,12,18,7,5,0,0,46,0,3,0,0,4,0,5,0,0,18,0,0,0,0,0,0,3,0,0,7,0,0,0,0,0,0,0,0,0,0,5,7,3,16,17,13,11,0,0,67,0,0,0,0,0,0,0,0,0,0,0,0,0,0,0,0,0,0,0,0,0,0,0,0,0,0,0,0,0,0,5,7,3,16,17,12,11,0,0,71,5,0,0,4,0,4,30,23,9,75,0,0,0,0,0,0,0,0,0,9,5,10,7,16,20,19,35,28,9,147,0,0,0,7,7,14,0,0,0,37,3,3,4,0,12,3,4,0,0,34,0,0,0,0,0,3,0,0,0,7,0,0,0,0,0,0,0,0,0,0,4,6,10,6,20,22,3,0,0,74,0,0,0,0,0,0,0,0,0,3,4,0,0,0,0,0,0,0,0,4,4,0,0,0,0,0,0,0,0,3
11102122015,core,0,0,13,9,14,17,5,0,0,57,0,0,0,3,9,5,0,0,0,14,0,0,0,0,0,4,0,0,0,5,0,0,0,0,0,0,0,0,0,0,3,4,13,8,20,21,3,0,0,79,0,0,0,0,0,0,0,0,0,0,0,0,0,0,0,0,0,0,0,0,0,0,0,0,0,0,0,0,0,0,9,0,8,10,20,21,3,0,0,79,10,0,0,0,3,3,8,14,0,38,0,0,0,0,0,0,0,0,0,4,10,5,14,9,27,23,18,14,0,119,3,0,4,6,6,7,8,0,0,28,6,0,0,3,19,5,3,0,0,37,0,0,0,0,0,0,0,0,0,7,0,0,0,0,0,0,0,0,0,0,6,3,6,10,20,10,7,0,0,68,0,0,0,0,0,0,0,0,0,0,0,0,0,0,0,0,0,0,0,4,0,0,0,0,0,0,0,0,0,0
11102122016,core,4,6,26,30,15,23,0,0,0,106,4,4,3,0,6,4,0,0,0,29,0,0,0,0,0,0,0,0,0,8,0,0,0,0,0,0,0,0,0,0,7,11,31,30,29,31,3,0,0,146,0,4,0,0,0,0,0,0,0,5,0,0,0,0,0,0,0,0,0,3,0,4,3,0,0,0,0,0,0,9,12,12,36,30,29,33,3,0,0,152,8,0,3,0,4,10,19,11,5,66,0,0,0,0,4,0,0,0,0,5,19,19,37,30,31,42,23,11,8,224,0,0,11,6,20,9,0,0,0,44,8,7,18,13,11,12,0,0,0,68,0,0,3,3,0,0,0,0,0,7,0,0,0,0,0,0,0,0,0,0,6,7,28,16,34,17,7,0,0,117,0,0,0,0,0,0,0,0,0,6,0,0,0,0,0,0,0,0,0,0,0,0,0,0,0,0,0,0,0,5
11102122017,core,0,6,9,12,17,12,5,0,0,55,3,0,0,4,0,3,7,0,0,15,0,0,3,5,0,0,0,0,0,7,0,0,0,0,0,0,0,0,0,0,4,4,11,19,12,20,9,0,0,83,0,0,0,0,0,0,0,0,0,0,0,0,0,0,0,0,0,0,0,0,0,0,0,0,0,0,0,0,0,5,4,9,13,23,12,20,12,0,0,91,5,0,3,5,3,8,27,14,3,63,0,0,0,0,0,0,3,0,0,16,6,10,14,23,16,32,44,15,3,164,0,0,6,17,7,11,0,0,0,33,7,5,3,9,14,10,0,0,0,44,0,0,0,0,0,0,3,0,0,8,0,0,0,0,0,0,0,0,0,0,7,8,12,23,18,20,3,0,0,82,0,0,0,0,0,0,0,0,0,0,0,0,0,6,0,0,0,0,0,5,0,0,0,6,0,0,0,0,0,5
11102122018,core,0,0,6,3,15,13,4,0,0,39,3,0,3,6,0,7,5,0,0,19,0,0,0,0,0,0,0,0,0,3,0,0,0,0,0,0,0,0,0,0,4,0,11,8,16,17,7,0,0,71,0,0,0,0,0,0,0,0,0,0,0,0,0,0,0,0,0,0,0,0,0,0,0,0,0,0,0,0,0,0,4,0,11,8,16,17,7,0,0,71,0,0,0,0,7,4,35,13,8,67,0,0,0,0,3,3,0,0,0,5,5,0,7,13,21,25,45,15,4,143,0,0,4,3,4,6,0,0,0,21,0,0,3,4,3,3,0,0,0,24,0,0,0,0,0,0,0,0,0,6,0,0,0,0,0,0,0,0,0,0,0,0,5,7,16,14,3,0,0,47,0,0,0,0,0,0,0,0,0,0,0,0,0,0,0,3,0,0,0,3,0,0,0,0,0,3,0,0,0,3
11102122019,core,0,3,4,11,12,18,3,0,0,52,0,0,0,0,0,0,3,0,0,14,0,0,0,0,0,0,0,0,0,5,0,0,0,0,0,0,0,0,0,5,0,7,10,13,17,18,6,4,0,76,0,0,0,0,0,0,0,0,0,0,0,0,0,0,0,0,0,0,0,0,0,0,0,0,0,0,0,0,0,0,0,7,12,15,17,18,6,4,0,78,0,0,0,0,3,13,19,16,7,52,0,0,0,0,0,0,5,0,0,5,0,7,9,16,22,29,29,20,7,139,0,0,6,6,6,4,0,0,0,27,5,0,3,6,6,11,3,0,0,39,0,0,0,4,0,0,0,0,0,4,0,0,0,0,0,0,0,0,0,0,5,0,6,15,14,17,4,0,0,69,0,0,0,0,0,0,0,0,0,0,0,0,0,0,0,0,0,0,0,3,0,0,0,0,0,0,0,0,0,5
11102122020,core,0,3,7,22,17,17,3,0,0,71,9,4,3,7,6,9,3,0,0,37,0,0,0,0,0,5,0,0,0,7,0,0,0,0,0,0,0,0,0,5,13,8,15,27,21,31,8,0,0,117,0,0,0,0,0,0,0,0,0,9,0,0,0,0,0,0,0,0,0,3,0,0,0,0,4,0,0,0,0,7,13,8,19,27,23,32,8,0,0,130,8,0,0,4,3,20,54,36,6,135,0,0,0,0,0,0,3,0,0,12,17,9,21,36,32,51,64,36,6,277,3,3,7,16,15,12,0,0,0,46,5,3,9,10,15,11,0,0,0,52,5,0,4,0,3,0,0,0,0,12,0,0,0,0,0,0,0,0,0,3,10,4,17,23,29,27,3,0,0,114,0,0,0,0,0,0,0,0,0,0,0,0,0,0,0,0,0,0,0,0,0,0,0,0,0,0,0,0,0,3
11102122021,core,6,3,5,22,19,24,0,0,0,81,8,3,0,3,0,9,3,0,0,36,0,0,0,0,0,4,0,0,0,9,0,0,0,0,0,0,0,0,0,0,8,10,9,26,25,42,12,0,0,129,0,0,0,3,0,0,0,0,0,3,0,0,0,0,0,0,0,0,0,0,0,6,0,3,0,0,0,0,0,11,12,11,13,28,27,42,16,0,0,133,0,0,0,3,3,17,52,46,10,138,0,0,3,3,5,3,4,0,0,22,15,9,16,33,32,57,71,45,6,296,0,0,17,8,12,14,3,0,0,55,6,9,7,16,17,14,10,5,0,80,0,0,0,0,0,10,0,0,0,9,0,0,0,0,0,0,0,0,0,0,6,8,22,24,23,39,14,5,0,139,0,0,0,0,0,0,0,0,0,0,0,0,0,0,0,0,0,0,0,3,0,0,0,0,0,0,0,0,0,3
11102122022,core,0,0,0,0,0,0,0,0,0,0,0,0,0,0,0,0,0,0,0,0,0,0,0,0,0,0,0,0,0,0,0,0,0,0,0,0,0,0,0,0,0,0,0,0,0,0,0,0,0,0,0,0,0,0,0,0,0,0,0,0,0,0,0,0,0,0,0,0,0,0,0,0,0,0,0,0,0,0,0,0,0,0,0,0,0,0,0,0,0,0,0,0,0,0,0,0,0,0,0,0,0,0,0,0,0,0,0,0,0,0,0,0,0,0,0,0,0,0,0,0,0,0,0,0,0,0,0,0,0,0,0,0,0,0,0,0,0,0,0,0,0,0,0,0,0,0,0,0,0,0,0,0,0,0,0,0,0,0,0,0,0,0,0,0,0,0,0,0,0,0,0,0,0,0,0,0,0,0,0,0,0,0,0,0,0,0,0,0,0,0,0,0,0,0,0,0,0,0,0,0
11102122023,core,0,0,0,0,0,0,0,0,0,0,0,0,0,0,0,0,0,0,0,0,0,0,0,0,0,0,0,0,0,0,0,0,0,0,0,0,0,0,0,0,0,0,0,0,0,0,0,0,0,0,0,0,0,0,0,0,0,0,0,0,0,0,0,0,0,0,0,0,0,0,0,0,0,0,0,0,0,0,0,0,0,0,0,0,0,0,0,0,0,0,0,0,0,0,0,0,0,0,0,0,0,0,0,0,0,0,0,0,0,0,0,0,0,0,0,0,0,0,0,0,0,0,0,0,0,0,0,0,0,0,0,0,0,0,0,0,0,0,0,0,0,0,0,0,0,0,0,0,0,0,0,0,0,0,0,0,0,0,0,0,0,0,0,0,0,0,0,0,0,0,0,0,0,0,0,0,0,0,0,0,0,0,0,0,0,0,0,0,0,0,0,0,0,0,0,0,0,0,0,0
11102122024,core,0,3,0,0,4,0,0,0,0,7,0,0,0,0,0,0,0,0,0,0,0,0,0,0,0,0,0,0,0,0,0,0,0,0,0,0,0,0,0,0,0,3,0,0,7,0,0,0,0,11,0,0,0,0,0,0,0,0,0,0,0,0,0,0,0,0,0,0,0,0,0,0,0,0,0,0,0,0,0,0,0,3,0,0,7,0,0,0,0,11,0,0,0,0,0,4,0,0,0,0,0,0,0,0,0,0,0,0,0,0,0,3,0,0,7,4,0,0,0,9,0,0,0,0,0,0,0,0,0,0,0,0,0,0,3,0,0,0,0,8,0,0,0,0,0,0,0,0,0,0,0,0,0,0,0,0,0,0,0,0,3,0,0,0,7,0,0,0,0,10,0,0,0,0,0,0,0,0,0,0,0,0,0,0,0,0,0,0,0,0,0,0,0,0,0,0,0,0,0,0
11102122101,core,0,6,17,15,9,19,0,0,0,63,0,5,6,0,5,5,0,0,0,21,0,0,0,0,0,0,0,0,0,7,0,0,0,0,0,0,0,0,0,0,4,11,22,15,14,24,0,0,0,87,0,0,0,0,0,0,0,0,0,4,0,0,0,0,0,0,0,0,0,4,4,0,0,0,0,0,0,0,0,6,3,13,22,15,20,24,0,0,0,93,7,0,3,0,3,13,28,14,0,67,0,0,0,0,0,0,0,0,0,3,11,7,24,15,28,39,27,10,0,161,0,0,11,8,7,9,0,0,0,35,4,0,10,5,17,9,0,0,0,45,0,0,0,0,3,0,0,0,0,5,0,0,0,0,0,0,0,0,0,0,4,6,21,17,29,15,0,0,0,91,0,0,0,0,0,0,0,0,0,0,0,0,0,0,0,0,0,0,0,3,0,0,0,0,0,0,0,0,0,5
11102122102,core,0,3,9,7,6,3,0,0,0,39,0,0,0,0,0,5,0,0,0,14,0,0,0,0,0,0,0,0,0,6,0,0,0,0,0,0,0,0,0,0,0,3,16,9,8,6,5,0,0,51,0,0,0,0,0,0,0,0,0,0,0,0,0,0,0,0,0,0,0,0,0,0,0,0,0,0,0,0,0,0,5,3,16,12,8,6,5,0,0,56,5,0,0,0,0,5,8,0,0,29,0,0,0,0,0,0,0,0,0,0,13,6,17,15,8,18,9,0,0,84,0,0,0,0,0,0,0,0,0,9,0,0,7,5,10,8,0,0,0,30,0,0,0,0,0,0,0,0,0,3,0,0,0,0,0,0,0,0,0,0,0,5,5,4,8,8,0,0,0,40,0,0,0,0,0,0,0,0,0,0,0,0,0,0,0,0,0,0,0,0,0,0,0,0,0,0,0,0,0,0
11102122103,core,0,10,8,16,10,10,0,0,0,54,0,0,4,0,0,4,0,0,0,13,0,0,0,0,0,0,0,0,0,0,0,0,0,0,0,0,0,0,0,0,0,8,13,16,18,11,0,0,0,72,0,0,0,0,0,0,0,0,0,0,0,0,0,0,0,0,0,0,0,0,0,0,0,0,0,0,0,0,0,0,0,8,13,16,18,11,0,0,0,72,5,0,0,5,6,8,11,7,0,32,0,0,0,0,0,0,5,0,0,8,9,12,17,20,16,21,20,3,0,110,4,9,9,8,7,0,0,0,0,29,3,3,4,8,5,4,0,0,0,31,0,0,0,0,0,0,0,0,0,3,0,0,0,4,0,0,0,0,0,5,6,11,18,15,21,8,0,0,0,71,0,0,0,0,0,0,0,0,0,0,0,0,0,0,0,0,0,0,0,0,0,0,0,0,0,0,0,0,0,0
11102122104,core,5,4,18,20,14,3,6,0,0,77,3,0,0,4,3,0,0,0,0,14,0,0,0,4,0,0,0,0,0,4,0,0,0,0,0,0,0,0,0,0,8,6,27,27,18,3,6,0,0,98,0,0,0,0,0,0,0,0,0,3,0,0,0,0,0,0,0,0,0,0,0,0,0,0,0,0,0,0,0,3,13,11,25,27,18,7,6,0,0,107,3,3,3,0,0,8,10,4,0,30,0,0,0,0,0,0,0,0,0,3,16,10,32,31,22,15,12,4,0,138,4,3,13,10,4,3,0,0,0,35,7,4,6,17,4,7,0,0,0,49,0,0,3,0,0,0,0,0,0,6,0,0,0,0,0,0,0,0,0,0,11,11,26,22,10,14,4,0,0,92,0,0,0,0,0,0,0,0,0,3,0,0,0,0,0,0,0,0,0,0,0,0,0,0,0,0,0,0,0,3
11102122105,core,4,3,9,6,9,8,0,0,0,47,0,0,0,5,0,0,0,0,0,8,0,0,0,0,0,0,0,0,0,3,0,0,0,0,0,0,0,0,0,0,0,6,18,16,10,6,0,0,0,60,0,0,0,0,0,0,0,0,0,5,0,0,0,0,0,0,0,0,0,0,0,0,0,0,0,0,0,0,0,8,3,7,18,18,11,5,0,0,0,63,0,0,0,0,0,3,12,3,0,27,0,0,0,0,0,0,0,0,0,5,7,12,19,18,19,10,8,3,0,91,0,4,3,9,6,0,0,0,0,32,0,0,4,3,0,9,0,0,0,15,0,0,0,0,0,0,0,0,0,3,0,0,0,0,0,0,0,0,0,0,0,5,12,11,11,5,0,0,0,52,0,0,0,0,0,0,0,0,0,0,0,0,0,0,0,0,0,0,0,0,0,0,0,0,0,0,0,0,0,4
11102122106,core,4,5,17,25,17,13,0,0,0,85,6,0,6,3,4,3,0,0,0,20,0,0,0,0,0,4,0,0,0,0,0,0,0,0,0,0,0,0,0,5,7,7,25,27,22,20,0,0,0,108,0,0,0,0,0,0,0,0,0,0,0,0,0,0,0,0,0,0,0,0,0,0,0,0,0,0,0,0,0,3,7,7,25,27,24,20,0,0,0,116,8,0,0,0,0,6,28,7,0,53,0,0,0,0,0,0,3,0,0,3,12,10,26,27,24,24,32,7,0,170,0,10,18,12,15,12,0,0,0,63,10,6,11,13,8,4,0,0,0,50,0,0,7,0,3,0,0,0,0,11,0,0,0,0,0,0,0,0,0,0,15,15,31,22,21,19,0,0,0,125,0,0,0,6,0,0,0,0,0,5,0,0,0,0,0,0,0,0,0,6,0,0,0,3,0,0,0,0,0,6
11102122107,core,3,7,12,9,26,12,3,0,0,71,0,0,0,4,0,7,0,0,0,15,0,0,0,0,0,0,0,0,0,6,0,0,0,0,0,0,0,0,0,0,3,8,16,14,27,16,3,0,0,86,0,0,3,0,0,0,0,0,0,3,0,0,0,0,0,0,0,0,0,0,0,0,3,0,0,0,0,0,0,4,6,8,21,14,27,16,3,0,0,93,0,0,0,0,0,9,19,7,0,37,0,0,0,0,0,0,0,0,0,0,6,8,21,14,30,28,23,7,0,131,0,0,4,6,13,3,0,0,0,24,9,5,8,6,10,14,0,0,0,41,0,0,4,0,0,0,0,0,0,10,0,0,0,0,0,0,0,0,0,0,5,4,11,16,23,12,3,0,0,75,0,0,0,0,0,0,0,0,0,0,0,0,0,0,0,0,0,0,0,0,0,0,0,0,0,0,0,0,0,0
11102122108,core,4,7,48,26,22,11,0,0,0,123,8,0,13,5,3,3,8,0,0,33,0,0,0,0,0,0,0,0,0,6,0,4,0,0,0,0,0,0,0,6,9,9,58,32,26,18,6,0,0,163,0,0,4,0,0,4,0,0,0,10,0,0,0,0,0,0,0,0,0,0,3,0,4,0,0,4,0,0,0,10,14,13,65,35,23,22,6,0,0,175,5,7,0,3,4,6,47,53,9,126,3,0,0,4,0,0,5,0,0,16,19,22,68,38,34,24,57,57,7,317,0,6,31,15,21,6,0,0,0,78,12,6,21,27,3,5,0,3,0,82,4,0,9,0,0,0,0,0,0,15,0,0,0,0,0,0,0,0,0,0,20,16,55,46,28,11,0,3,0,178,0,0,0,0,0,0,0,0,0,0,5,0,0,4,0,0,0,0,0,8,4,0,0,4,0,0,0,0,0,10
11102122109,core,0,5,17,23,6,6,0,0,0,58,0,0,0,0,0,0,0,0,0,9,0,0,0,0,0,0,0,0,0,0,0,0,0,0,0,0,0,0,0,0,0,6,16,23,6,8,0,0,0,64,0,0,0,0,0,0,0,0,0,5,0,0,0,0,0,0,0,0,0,0,0,0,0,0,0,0,0,0,0,5,3,6,16,23,6,8,0,0,0,65,5,0,0,0,0,8,5,0,0,26,0,0,0,0,0,0,0,0,0,0,5,6,22,23,6,12,9,0,0,88,0,3,8,0,4,0,0,0,0,16,6,0,13,3,8,5,3,0,0,38,0,0,3,0,0,0,0,0,0,7,0,0,0,0,0,0,0,0,0,0,4,4,16,9,11,3,3,0,0,54,0,0,0,0,0,0,0,0,0,0,0,0,0,0,0,0,0,0,0,0,0,0,0,0,0,0,0,0,0,0
11102122110,core,0,14,9,16,17,13,0,0,0,73,5,0,4,3,0,3,0,0,0,20,0,0,0,0,0,0,0,0,0,5,0,0,0,0,0,0,0,0,0,0,7,17,13,20,17,19,0,0,0,97,4,0,5,0,0,0,0,0,0,5,0,0,0,0,0,0,0,0,0,0,4,0,5,0,0,0,0,0,0,5,8,17,18,20,16,23,0,0,0,104,7,0,3,0,0,8,14,0,3,36,0,0,0,0,0,0,0,0,0,0,14,17,20,21,16,25,21,0,3,140,0,4,8,10,10,10,0,0,0,38,5,0,6,11,7,10,4,0,0,41,0,0,0,0,0,0,0,0,0,6,0,0,0,0,0,0,0,0,0,0,7,5,18,20,15,17,0,0,0,86,0,0,0,0,0,0,0,0,0,0,0,0,0,0,0,0,0,0,0,3,0,0,0,0,0,0,0,0,0,3
11102122111,core,8,14,10,18,17,19,0,0,0,92,0,3,3,3,0,3,3,0,0,21,0,0,0,0,0,0,0,0,0,3,0,0,0,0,0,0,0,0,0,0,6,23,19,21,22,19,3,0,0,112,0,0,4,0,0,0,0,0,0,0,0,0,0,0,0,0,0,0,0,0,0,0,4,0,0,0,0,0,0,3,6,23,23,21,19,23,3,0,0,113,4,0,0,0,0,0,22,6,0,32,0,0,0,0,0,3,0,0,0,4,14,21,19,23,22,23,20,6,0,155,4,3,5,10,12,0,0,0,0,34,5,4,10,9,11,5,0,0,0,42,0,0,0,0,0,0,0,0,0,4,0,0,0,0,0,0,0,0,0,0,7,11,15,19,19,10,0,0,0,86,0,0,0,0,0,0,0,0,0,0,0,0,0,0,0,0,0,0,0,4,0,0,0,0,0,0,0,0,0,4
11102122112,core,5,7,26,15,25,16,0,0,0,92,0,9,0,7,0,4,0,0,0,20,0,0,0,0,0,0,0,0,0,4,0,0,0,0,0,0,0,0,0,4,12,17,28,19,27,16,4,0,0,119,0,0,0,0,0,0,0,0,0,0,0,0,0,0,0,0,0,0,0,0,0,0,0,0,0,0,0,0,0,0,12,17,34,19,28,18,4,0,0,120,5,3,0,3,3,18,21,8,0,58,0,0,0,0,3,0,3,0,0,6,12,19,32,20,32,28,24,6,0,186,0,0,13,9,10,4,4,0,0,41,8,8,12,11,10,6,0,0,0,56,0,0,0,4,0,0,0,0,0,3,0,0,0,0,0,0,0,0,0,0,11,13,23,20,22,14,4,0,0,102,0,0,0,0,0,0,0,0,0,0,0,0,0,0,0,0,0,0,0,5,0,0,0,0,0,0,0,0,0,5
11102122113,core,0,6,19,4,17,13,0,0,0,62,3,0,4,3,0,0,5,0,0,17,0,0,5,0,0,0,0,0,0,3,0,0,0,0,0,0,0,0,0,0,5,8,26,14,20,15,5,0,0,86,0,0,0,0,0,0,0,0,0,7,0,0,0,0,0,0,0,0,0,0,0,0,0,0,0,0,0,0,0,4,5,10,30,15,22,15,5,0,0,94,10,0,3,3,0,8,21,4,0,47,0,0,0,0,0,0,0,0,0,0,13,11,29,13,24,19,23,4,0,140,3,0,9,7,6,9,0,0,0,36,10,3,15,9,15,4,0,0,0,49,0,0,3,0,0,0,0,0,0,6,0,0,0,0,0,0,0,0,0,0,13,6,23,17,16,12,3,0,0,90,0,0,0,0,0,0,0,0,0,0,0,0,0,0,0,0,0,0,0,5,0,0,0,0,0,0,0,0,0,5
11102122114,core,9,3,60,45,33,13,4,0,0,167,9,8,3,4,4,5,8,0,0,41,4,0,3,0,5,0,0,0,0,13,0,0,3,0,0,0,0,0,0,3,17,10,69,46,40,23,11,0,0,216,0,0,4,0,0,0,0,0,0,4,0,0,0,0,0,0,0,0,0,4,5,0,4,0,0,0,0,0,0,6,19,13,72,46,40,23,11,0,0,226,11,0,0,4,0,12,14,10,0,52,0,0,3,0,0,0,0,0,0,15,32,12,78,53,42,32,26,10,0,292,4,9,48,34,19,3,0,0,0,120,15,7,21,11,20,11,0,0,0,88,0,0,8,4,0,5,0,0,0,18,0,4,0,0,0,0,0,0,0,4,14,22,75,53,40,15,0,0,0,222,0,0,0,0,0,0,0,0,0,0,0,0,0,0,0,0,0,0,0,0,0,0,0,0,0,0,0,0,0,3
11102122115,core,3,7,19,11,20,16,0,0,0,75,3,7,4,3,4,0,3,0,0,27,0,0,0,0,0,4,0,0,0,3,0,0,0,0,0,0,0,0,0,0,9,12,19,24,27,21,3,0,0,110,0,0,0,0,0,0,0,0,0,0,6,0,0,0,0,0,0,0,0,6,6,0,0,0,0,0,0,0,0,6,8,12,19,24,27,21,3,0,0,113,6,0,3,5,0,14,11,10,0,55,0,5,0,0,0,5,0,0,0,10,17,15,21,28,28,34,14,7,0,177,0,3,7,4,12,8,0,0,0,40,8,7,7,10,14,11,0,0,0,54,0,0,0,0,0,0,0,0,0,5,0,0,0,0,0,0,0,0,0,0,10,14,17,17,22,20,0,0,0,104,0,0,0,0,0,0,0,0,0,0,0,0,0,0,0,0,0,0,0,0,0,0,0,0,0,0,0,0,0,0
11102122116,core,0,6,11,12,8,9,0,0,0,45,0,0,3,0,0,3,5,0,0,18,0,0,0,0,0,0,0,0,0,6,0,0,0,0,0,0,0,0,0,0,4,4,22,16,8,15,4,0,0,63,0,0,0,0,0,0,0,0,0,0,0,0,0,0,0,0,0,0,0,0,0,0,0,0,0,0,0,0,0,3,4,4,23,14,8,15,4,0,0,64,0,0,4,0,0,3,10,4,0,19,0,0,0,0,0,0,0,0,0,0,4,4,24,14,13,17,13,4,0,90,0,5,3,3,6,3,0,0,0,25,8,5,3,3,6,0,0,0,0,34,0,0,0,0,0,0,0,0,0,0,0,0,0,0,0,0,0,0,0,0,4,8,15,9,14,10,0,0,0,62,0,0,0,0,0,0,0,0,0,6,0,0,0,0,0,0,0,0,0,0,0,0,0,0,0,0,0,0,0,3
11102122117,core,0,6,12,13,19,17,0,0,0,80,0,3,0,0,0,0,0,0,0,9,0,0,0,0,0,0,0,0,0,0,0,0,0,0,0,0,0,0,0,3,6,4,16,16,24,18,5,0,0,93,0,0,0,0,0,0,0,0,0,0,0,0,0,0,0,0,0,0,0,4,0,0,0,0,0,0,0,0,0,3,4,4,16,15,24,22,5,0,0,95,11,6,0,0,0,0,8,6,3,31,0,4,0,0,0,0,0,0,0,7,11,13,20,15,28,27,17,6,3,134,0,0,7,7,8,10,0,0,0,26,7,0,10,16,6,3,0,0,0,40,0,0,7,0,0,0,0,0,0,4,0,0,0,0,0,0,0,0,0,0,7,3,25,18,16,15,0,0,0,79,0,0,0,0,0,0,0,0,0,0,0,0,0,0,0,0,0,0,0,0,0,0,0,0,0,0,0,0,0,0
11102122118,core,0,9,10,14,3,10,3,0,0,53,7,0,0,0,0,0,0,0,0,4,0,0,0,0,0,0,0,0,0,4,0,0,0,0,0,0,0,0,0,0,7,6,10,19,9,17,3,0,0,68,0,0,4,0,0,0,0,0,0,5,0,0,0,0,0,0,0,0,0,0,0,0,4,0,0,0,0,0,0,5,7,6,15,19,9,17,3,0,0,66,6,0,0,0,4,0,10,3,0,32,0,0,0,0,0,0,4,0,0,4,6,12,15,16,9,22,16,3,0,102,0,0,3,4,3,4,0,0,0,24,0,0,7,5,5,3,0,0,0,27,0,0,0,0,0,0,0,0,0,3,0,0,0,0,0,0,0,0,0,0,0,0,10,9,12,15,0,0,0,52,0,0,0,0,0,0,0,0,0,0,0,0,0,0,0,0,0,0,0,3,0,0,0,0,0,0,0,0,0,3
11102122119,core,4,4,13,12,8,6,0,0,0,45,0,9,3,5,0,4,0,0,0,16,0,0,0,0,0,0,0,0,0,0,0,0,0,0,0,0,0,0,0,0,4,7,18,16,8,8,0,0,0,61,0,0,0,0,0,0,0,0,0,0,0,0,0,0,0,0,0,0,0,0,0,0,0,0,0,0,0,0,0,0,4,7,18,16,8,8,0,0,0,61,0,0,0,0,0,3,12,0,4,24,0,0,0,0,0,0,0,0,0,8,4,9,21,20,11,13,13,0,7,89,0,0,6,8,5,8,0,0,0,20,7,9,9,7,3,0,0,0,0,35,0,0,0,0,0,0,0,0,0,6,0,0,0,0,0,0,0,0,0,0,7,17,16,12,11,7,0,0,0,63,0,0,0,0,0,0,0,0,0,0,0,0,0,0,0,0,0,0,0,0,0,0,0,0,0,0,0,0,0,0
11102122120,core,3,0,4,9,12,12,0,0,0,30,0,0,0,0,0,5,0,0,0,6,0,0,0,0,0,4,0,0,0,3,0,0,0,0,0,0,0,0,0,0,3,0,4,13,9,9,0,0,0,41,0,0,0,0,0,0,0,0,0,0,0,0,0,0,0,0,0,0,0,0,0,0,0,0,0,0,0,0,0,3,0,0,4,13,9,11,0,0,0,40,0,0,0,0,0,3,7,4,0,20,0,0,0,0,0,0,0,0,0,0,5,0,4,13,16,18,11,6,0,68,0,0,0,6,4,0,0,0,0,16,5,5,3,10,3,8,0,0,0,26,0,0,0,0,0,0,0,0,0,4,0,0,0,0,0,0,0,0,0,0,5,5,5,17,12,8,0,0,0,45,0,0,0,0,0,0,0,0,0,0,0,0,0,0,0,0,0,0,0,0,0,0,0,0,0,0,0,0,0,0
11103122201,core,0,7,24,17,15,7,0,0,0,77,5,0,4,9,3,0,4,0,0,23,0,0,0,0,0,5,0,0,0,10,0,0,0,0,0,0,0,0,0,0,4,3,26,25,27,13,6,0,0,108,0,0,3,0,0,0,0,0,0,3,0,0,0,0,0,0,0,0,0,5,0,0,3,0,3,0,0,0,0,8,5,4,33,25,29,10,6,0,0,118,10,0,0,0,0,10,12,9,0,40,0,0,0,0,0,0,0,0,0,0,15,7,35,31,26,26,13,10,0,159,0,0,14,7,12,7,3,0,0,42,11,6,12,14,10,6,0,0,0,55,3,0,0,0,3,0,0,0,0,10,0,0,0,0,0,0,0,0,0,0,14,9,28,25,27,13,0,0,0,111,0,0,0,0,0,0,0,0,0,0,0,0,0,0,0,0,0,0,0,5,0,0,0,0,0,0,0,0,0,5
11103122202,core,0,5,13,19,16,11,0,0,0,60,0,7,0,0,0,0,0,0,0,15,0,0,0,0,0,3,0,0,0,3,0,0,0,0,0,0,0,0,0,0,0,11,16,15,18,13,0,0,0,78,0,0,0,0,0,0,0,0,0,0,0,3,0,0,0,0,0,0,0,4,0,4,0,0,0,0,0,0,0,3,0,15,20,15,18,11,0,0,0,85,4,0,6,0,4,6,10,12,7,56,0,0,4,0,0,0,0,0,0,5,5,18,27,18,22,22,10,12,7,151,0,0,11,12,11,9,0,0,0,43,7,3,3,6,12,7,0,0,0,35,0,0,3,4,4,5,0,0,0,12,0,0,0,0,0,0,0,0,0,0,4,5,17,22,20,10,0,0,0,82,0,0,0,0,0,0,0,0,0,0,0,0,0,0,0,0,0,0,0,0,0,0,0,0,0,0,0,0,0,0
11103122203,core,3,3,25,24,16,11,0,0,0,85,7,7,7,0,6,6,0,0,0,36,0,0,0,3,0,0,0,0,0,7,0,0,0,0,0,0,0,0,0,0,9,16,30,27,23,14,4,0,0,131,0,0,0,0,0,0,0,0,0,3,0,3,0,0,0,0,0,0,0,4,0,5,0,0,6,0,0,0,0,5,11,16,30,33,27,14,4,0,0,139,6,3,0,0,0,8,13,16,3,58,0,0,0,0,0,0,0,0,0,7,16,18,36,30,23,24,21,16,8,199,0,3,6,22,10,14,0,0,0,59,4,15,17,14,8,9,0,0,0,67,0,0,4,0,0,0,0,0,0,5,0,0,0,0,0,0,0,0,0,4,4,14,26,37,28,19,4,0,0,135,0,0,0,0,0,0,0,0,0,0,0,0,0,0,4,0,0,0,0,0,0,0,0,0,4,0,0,0,0,4
11103122204,core,0,3,23,35,38,12,3,0,0,113,5,4,4,5,3,0,0,0,0,35,6,0,0,6,0,0,0,0,0,13,0,0,0,0,0,0,0,0,0,0,8,13,28,41,42,12,8,0,0,160,0,0,0,0,0,0,0,0,0,3,3,0,0,0,0,0,0,0,0,3,3,0,0,0,0,0,0,0,0,6,15,13,28,38,44,13,8,0,0,170,11,0,0,4,0,7,12,17,6,59,0,0,0,0,0,0,0,0,0,3,28,15,28,47,43,27,21,24,6,231,0,7,18,25,28,8,0,0,0,76,12,12,4,23,12,11,3,0,0,77,0,0,0,3,0,4,0,0,0,12,0,0,0,0,0,0,0,0,0,0,10,14,24,43,41,13,4,0,0,163,0,0,0,0,0,0,0,0,0,0,0,0,0,0,0,0,0,0,0,0,0,0,0,0,0,3,0,0,0,4
11103122205,core,0,0,13,22,26,12,0,0,0,74,6,0,6,4,0,0,5,0,0,23,0,0,0,0,0,0,0,0,0,6,0,0,0,0,0,0,0,0,0,0,10,4,19,27,27,17,9,0,0,106,0,0,0,0,0,0,0,0,0,0,4,0,0,0,0,0,0,0,0,3,4,0,0,0,0,0,0,0,0,4,5,9,19,27,29,17,4,0,0,110,5,0,0,0,0,8,11,18,0,39,0,0,0,0,0,0,0,0,0,4,13,9,19,31,31,19,20,16,4,157,0,0,8,13,13,8,4,0,0,39,4,3,6,11,10,7,0,0,0,51,0,0,0,0,0,0,0,0,0,5,0,0,0,0,0,0,0,0,0,0,10,3,13,32,23,17,3,0,0,97,0,0,0,0,0,0,0,0,0,0,4,0,0,0,0,0,0,0,0,0,4,0,0,0,0,0,0,0,0,0
11103122206,core,4,3,18,19,17,12,0,0,0,75,4,3,4,3,3,6,7,0,0,31,0,0,0,0,0,0,0,0,0,5,0,0,0,0,0,0,0,0,0,0,7,6,22,21,25,23,7,4,0,110,0,0,0,0,0,3,0,0,0,5,0,0,0,0,0,0,0,0,0,0,0,0,0,0,0,3,0,0,0,3,5,6,22,21,25,21,7,4,0,115,0,5,0,3,3,14,13,21,13,69,0,0,0,0,0,0,0,0,0,3,9,14,21,29,30,29,27,26,13,188,0,0,11,12,12,3,0,0,0,46,3,5,5,9,12,18,4,0,0,45,0,4,0,0,0,0,0,0,0,11,0,0,0,0,0,0,0,0,0,0,3,10,20,21,23,20,0,0,0,104,0,0,0,0,0,0,0,0,0,6,0,0,0,0,0,0,0,0,0,0,0,0,0,0,0,0,0,0,0,6
11103122207,core,3,11,18,31,30,20,0,0,0,115,11,10,10,6,3,4,3,0,0,45,0,0,0,0,0,0,0,0,0,5,0,0,0,0,0,0,0,0,0,0,17,16,27,38,34,21,3,0,0,165,0,0,0,0,0,0,0,0,0,0,0,0,0,0,0,0,0,0,0,0,0,0,0,0,0,0,0,0,0,0,17,16,27,38,34,21,3,0,0,165,8,3,3,0,8,8,25,16,4,77,0,0,0,0,0,0,0,0,0,6,23,20,30,43,38,31,29,15,10,239,0,3,20,17,15,10,0,0,0,65,9,3,14,19,27,10,5,0,0,94,0,0,0,3,0,0,0,0,0,0,0,0,0,0,0,0,0,0,0,0,12,4,36,41,40,21,5,3,0,156,0,0,0,0,0,0,0,0,0,0,0,0,0,0,0,0,0,0,0,0,0,0,0,0,0,0,0,0,0,0
11103122208,core,0,12,40,36,8,4,5,0,0,102,3,10,15,7,0,4,0,0,0,34,0,0,0,0,0,0,0,0,0,4,0,0,0,0,0,0,0,0,0,0,3,20,54,45,17,10,4,0,0,147,0,0,6,0,0,0,0,0,0,11,6,0,0,0,0,0,0,0,0,8,4,5,6,0,3,0,0,0,0,17,8,21,53,44,14,14,4,0,0,162,7,5,4,0,4,3,14,12,4,47,0,0,0,0,0,0,0,0,0,0,18,27,61,45,19,17,15,13,4,213,0,15,24,17,9,14,0,0,0,70,6,23,16,17,8,0,6,0,0,77,0,0,3,4,0,0,0,0,0,13,0,0,0,0,0,0,0,0,0,0,6,37,44,38,18,15,6,0,0,160,0,0,0,0,0,0,0,0,0,0,0,3,0,0,0,0,0,0,0,3,0,3,0,0,0,0,0,0,0,3
11103122209,core,0,0,7,20,24,10,0,0,0,59,8,7,0,3,7,4,0,0,0,31,0,0,0,0,0,0,0,0,0,7,0,0,0,0,0,0,0,0,0,0,12,9,7,23,29,12,0,0,0,97,0,0,0,0,0,0,0,0,0,0,0,0,0,0,0,0,0,0,0,0,0,0,0,0,0,0,0,0,0,0,12,9,7,23,32,12,0,0,0,92,10,0,5,0,0,0,6,0,0,20,0,0,0,0,0,0,0,0,0,0,18,10,9,25,30,17,9,0,0,116,0,3,0,12,20,6,0,0,0,42,6,3,5,9,12,8,0,0,0,44,3,3,0,0,0,0,0,0,0,3,0,0,0,0,0,0,0,0,0,0,18,10,11,21,33,8,0,0,0,92,0,0,0,0,0,0,0,0,0,0,0,4,0,0,0,0,0,0,0,5,0,4,0,0,0,0,0,0,0,5
11103122210,core,0,13,38,20,20,11,4,0,0,106,6,8,10,4,6,5,0,0,0,42,0,3,6,0,0,0,0,0,0,9,0,0,0,0,0,0,0,0,0,3,10,21,45,28,24,21,4,0,0,156,0,0,0,0,3,0,0,0,0,7,0,0,0,0,0,0,0,0,0,3,0,0,0,0,3,0,0,0,0,9,6,21,49,28,28,21,4,0,0,161,6,9,3,3,7,16,8,9,8,66,0,0,4,0,0,0,0,0,0,4,16,32,60,27,38,37,14,11,8,235,4,11,37,13,11,5,0,0,0,81,6,13,17,9,16,12,0,0,0,74,0,3,0,0,0,0,0,0,0,12,0,0,0,0,0,0,0,0,0,0,7,28,56,24,27,17,0,0,0,166,0,0,0,0,0,0,0,0,0,0,4,0,0,0,0,0,0,0,0,4,4,0,0,0,0,0,0,0,0,3
11103122211,core,4,7,16,12,26,11,4,0,0,80,0,8,3,0,0,3,0,0,0,20,0,0,0,0,0,0,0,0,0,3,0,0,0,0,0,0,0,0,0,0,11,17,19,16,26,17,3,0,0,102,0,0,0,0,0,0,0,0,0,0,0,0,0,0,0,0,0,0,0,0,0,0,0,0,0,0,0,0,0,3,8,13,19,18,26,17,3,0,0,112,3,0,0,0,0,4,14,3,6,32,0,0,0,0,3,0,0,0,0,0,16,13,19,16,28,22,22,3,6,147,0,0,12,3,8,3,0,0,0,30,10,7,3,13,15,10,0,0,0,60,0,0,0,4,0,0,0,0,0,7,0,0,0,0,0,0,0,0,0,0,12,12,15,20,17,16,0,0,0,91,0,0,0,0,0,0,0,0,0,0,0,0,0,0,0,0,0,0,0,0,0,0,0,0,0,0,0,0,0,0
11103122212,core,0,12,18,25,17,13,5,0,0,92,0,4,8,3,0,7,3,0,0,23,0,3,0,0,0,0,0,0,0,4,0,0,0,0,0,0,0,0,0,0,3,20,24,30,21,18,7,0,0,125,0,0,0,0,0,0,0,0,0,3,0,0,3,0,0,0,0,0,0,4,0,0,0,0,0,0,0,0,0,7,0,20,31,30,26,18,8,0,0,134,3,3,0,3,0,4,18,15,5,50,0,0,0,3,0,4,0,0,0,4,7,23,31,33,30,27,27,12,5,195,0,12,16,3,9,8,4,0,0,61,5,16,12,14,14,10,9,0,0,74,0,6,0,3,0,0,0,0,0,11,0,0,0,0,0,0,0,0,0,0,9,25,30,21,29,19,9,0,0,142,0,0,0,0,0,0,0,0,0,0,0,0,0,0,3,0,0,0,0,4,0,0,0,0,3,0,0,0,0,6
11103122213,core,0,0,9,10,8,7,0,0,0,48,0,0,5,6,0,4,0,0,0,10,0,0,0,0,0,0,0,0,0,0,0,0,0,0,0,0,0,0,0,0,0,3,18,14,13,9,0,0,0,61,0,0,0,0,0,0,0,0,0,0,0,0,0,0,0,0,0,0,0,0,0,0,0,0,0,0,0,0,0,0,0,3,15,14,13,9,0,0,0,64,0,0,0,0,0,4,3,7,0,19,0,0,0,0,3,0,0,0,0,8,0,6,19,14,22,11,9,6,0,93,0,4,16,5,12,6,0,0,0,39,7,7,7,9,0,3,0,0,0,42,0,0,6,0,0,0,0,0,0,3,0,0,0,0,0,0,0,0,0,0,7,10,26,15,14,7,4,0,0,85,0,0,0,0,0,0,0,0,0,0,0,0,0,0,0,0,0,0,0,0,0,0,0,0,0,0,0,0,0,0
11103122214,core,0,6,28,12,8,14,0,0,0,74,3,4,7,8,4,0,4,0,0,27,0,4,0,0,0,5,0,0,0,5,0,0,0,0,0,0,0,0,0,0,3,17,33,21,18,17,5,0,0,106,0,0,3,3,3,0,0,0,0,7,0,0,0,0,0,0,0,0,0,7,0,0,3,3,3,0,0,0,0,14,3,22,34,23,18,15,5,0,0,124,5,0,8,6,7,8,5,6,5,56,0,0,0,0,0,3,0,0,0,3,11,22,43,31,28,28,13,6,5,183,3,3,24,9,14,6,0,0,0,57,8,0,9,13,0,7,0,0,0,31,0,5,3,0,0,0,0,0,0,6,0,0,0,0,0,0,0,0,0,0,10,10,37,18,20,8,4,0,0,96,0,0,0,4,0,0,0,0,0,4,0,0,0,0,0,0,0,0,0,5,0,0,0,5,0,0,0,0,0,6
11103122215,core,0,3,19,26,18,8,0,0,0,71,0,0,0,4,0,3,0,0,0,11,0,0,0,4,0,0,0,0,0,3,0,0,0,0,0,0,0,0,0,0,0,4,19,34,18,10,0,0,0,92,0,0,4,0,0,0,0,0,0,0,0,0,0,0,0,0,0,0,0,3,0,0,0,0,0,0,0,0,0,5,0,9,22,36,18,10,0,0,0,95,9,4,4,0,0,6,6,9,0,41,0,0,0,0,3,0,0,0,0,7,10,12,26,39,18,16,13,9,0,145,0,0,9,18,5,4,0,0,0,42,4,7,5,12,7,3,0,0,0,38,0,0,0,6,0,5,0,0,0,9,0,0,0,0,0,0,0,0,0,0,4,7,15,31,12,15,4,0,0,91,0,0,0,0,0,0,0,0,0,0,0,0,0,0,0,0,0,0,0,4,0,0,0,0,0,0,0,0,0,3
11103122216,core,7,14,32,29,28,14,0,0,0,116,10,7,3,3,5,4,3,0,0,28,0,0,0,0,0,0,0,0,0,4,0,0,0,0,0,0,0,0,0,0,10,19,40,32,32,21,3,0,0,148,0,0,0,0,0,0,0,0,0,3,0,0,0,0,0,0,0,0,0,0,0,0,4,0,0,0,0,0,0,8,11,22,39,31,34,21,3,0,0,155,10,0,3,0,4,10,14,12,8,57,0,0,3,0,0,0,0,0,0,8,24,21,42,35,36,25,16,12,11,217,3,4,15,10,17,6,0,0,0,62,14,6,15,20,6,12,3,0,0,72,0,0,4,0,3,0,0,0,0,6,0,0,0,0,0,0,0,0,0,0,16,14,30,33,31,21,3,0,0,146,0,3,0,0,0,0,0,0,0,5,0,0,0,0,0,0,0,0,0,0,0,3,0,0,0,0,0,0,0,5
11103122217,core,0,12,29,25,13,19,8,0,0,103,4,7,6,3,0,8,0,0,0,38,0,0,0,0,0,0,4,0,0,4,0,0,0,0,5,0,0,0,0,3,10,17,39,35,22,28,7,0,0,156,0,0,0,0,0,0,0,0,0,6,0,0,0,0,0,0,0,0,0,4,0,0,0,0,0,0,0,0,0,7,11,17,37,35,23,28,7,0,0,160,0,0,0,7,0,9,11,8,0,43,0,0,3,0,0,0,0,0,0,0,15,20,45,34,26,32,26,8,0,204,0,4,23,15,23,3,3,0,0,82,3,4,13,15,8,13,3,0,0,68,0,0,0,0,0,0,0,0,0,9,0,0,0,4,0,0,0,0,0,3,8,13,41,34,31,18,3,0,0,155,0,0,3,0,0,0,0,0,0,3,4,0,3,0,0,0,0,0,0,7,4,0,5,0,0,0,0,0,0,12
11103122218,core,6,7,34,22,24,14,0,0,0,97,6,6,4,3,0,5,0,0,0,27,0,5,0,0,0,0,0,0,0,6,0,0,0,0,0,0,0,0,0,6,16,21,40,24,26,13,0,0,0,140,0,0,3,0,0,0,0,0,0,7,0,0,0,0,0,0,0,0,0,4,0,4,7,0,0,0,0,0,0,10,16,20,44,23,29,15,0,0,0,148,7,0,0,6,3,4,7,9,4,37,0,0,0,0,0,0,0,0,0,3,22,21,44,30,30,20,7,9,4,193,0,10,34,16,23,5,0,0,0,94,9,9,6,5,3,14,8,0,0,56,0,4,5,0,0,0,0,0,0,11,0,0,0,0,0,0,0,0,0,0,12,30,46,34,27,14,3,0,0,157,0,0,0,0,0,0,0,0,0,0,3,0,0,4,0,0,0,0,0,7,3,0,0,4,0,0,0,0,0,4
11103122219,core,0,5,33,25,13,13,0,0,0,83,0,10,13,5,8,4,0,0,0,36,0,0,0,0,0,0,0,0,0,0,0,0,0,0,0,0,0,0,0,4,0,12,45,24,22,18,0,0,0,126,0,0,0,0,0,0,0,0,0,6,0,0,0,0,0,0,0,0,0,0,0,0,0,0,0,0,0,0,0,4,0,16,48,24,20,18,0,0,0,128,3,0,0,3,0,7,7,5,4,34,0,0,0,7,3,0,0,0,0,10,7,16,51,35,23,30,6,5,4,175,0,6,23,10,13,8,0,0,0,69,12,8,14,15,4,9,0,0,0,60,0,3,0,0,0,0,0,0,0,4,0,0,0,0,0,0,0,0,0,0,9,21,39,28,17,18,0,0,0,135,0,0,0,0,0,6,0,0,0,5,0,0,0,0,0,0,0,0,0,0,0,0,0,0,3,3,0,0,0,3
11103122220,core,3,20,38,19,19,7,0,0,0,110,9,11,4,6,4,3,0,0,0,37,0,0,3,0,0,0,0,0,0,9,0,0,3,0,0,0,0,0,0,3,8,28,46,26,31,14,4,0,0,152,0,3,0,0,0,0,0,0,0,8,0,0,0,0,0,0,0,0,0,8,5,3,0,0,3,0,0,0,0,12,9,29,48,27,34,14,0,0,0,166,10,9,6,6,4,7,14,8,3,65,5,0,3,5,0,0,0,3,0,10,21,40,54,32,40,26,21,8,3,244,0,10,27,14,15,7,0,0,0,76,3,14,14,9,9,9,0,0,0,68,0,0,5,0,0,0,0,0,0,8,0,0,0,0,0,0,0,0,0,0,3,21,45,22,28,16,4,0,0,150,0,0,0,0,0,0,0,0,0,5,3,0,0,0,0,0,0,0,0,3,3,0,0,0,0,0,0,0,0,9
11103122221,core,0,0,0,0,0,0,0,0,0,0,0,0,0,0,0,0,0,0,0,0,0,0,0,0,0,0,0,0,0,0,0,0,0,0,0,0,0,0,0,0,0,0,0,0,0,0,0,0,0,0,0,0,0,0,0,0,0,0,0,0,0,0,0,0,0,0,0,0,0,0,0,0,0,0,0,0,0,0,0,0,0,0,0,0,0,0,0,0,0,0,0,0,0,0,0,0,0,0,0,0,0,0,0,0,0,0,0,0,0,0,0,0,0,0,0,0,0,0,0,3,0,0,0,0,0,0,0,0,0,0,0,0,0,0,0,0,0,0,0,0,0,0,0,0,0,0,0,0,0,0,0,0,0,0,0,0,0,0,0,0,0,0,0,0,0,0,0,0,0,0,0,0,0,0,0,0,0,0,0,0,0,0,0,0,0,0,0,0,0,0,0,0,0,0,0,0,0,0,0,0
11103122222,core,0,0,0,0,0,0,0,0,0,0,0,0,0,0,0,0,0,0,0,0,0,0,0,0,0,0,0,0,0,0,0,0,0,0,0,0,0,0,0,0,0,0,0,0,0,0,0,0,0,0,0,0,0,0,0,0,0,0,0,0,0,0,0,0,0,0,0,0,0,0,0,0,0,0,0,0,0,0,0,0,0,0,0,0,0,0,0,0,0,0,0,0,0,0,0,0,0,0,0,0,0,0,0,0,0,0,0,0,0,0,0,0,0,0,0,0,0,0,0,0,0,0,0,0,0,0,0,0,0,0,0,0,0,0,0,0,0,0,0,0,0,0,0,0,0,0,0,0,0,0,0,0,0,0,0,0,0,0,0,0,0,0,0,0,0,0,0,0,0,0,0,0,0,0,0,0,0,0,0,0,0,0,0,0,0,0,0,0,0,0,0,0,0,0,0,0,0,0,0,0
11103122223,core,6,3,17,34,30,13,0,0,0,98,3,5,5,3,4,7,0,0,0,40,4,0,0,0,0,0,0,0,0,7,0,0,0,0,0,0,0,0,0,0,12,12,25,43,30,23,3,0,0,145,0,0,3,0,0,5,0,0,0,9,0,0,0,0,0,0,0,0,0,4,0,0,3,0,0,5,0,0,0,14,14,17,28,37,32,26,3,0,0,158,9,0,4,0,6,4,17,16,14,67,0,0,0,0,0,0,0,0,0,3,24,17,27,37,43,31,22,16,14,235,0,3,8,18,21,7,0,0,0,57,13,0,12,15,20,13,0,0,0,86,0,5,0,3,0,0,0,0,0,9,0,0,0,0,0,0,0,0,0,0,9,11,25,36,46,21,0,0,0,153,0,0,0,0,3,0,0,0,0,5,6,0,0,0,0,0,0,0,0,6,4,0,0,0,3,0,0,0,0,10
11103122224,core,3,7,16,22,27,11,0,0,0,85,9,5,0,3,6,0,0,0,0,20,0,0,0,0,0,3,0,0,0,8,0,0,4,0,0,0,0,0,0,5,13,9,17,25,30,14,0,0,0,117,0,3,0,0,0,0,0,0,0,6,6,0,0,0,0,0,0,0,0,4,6,3,0,0,0,4,0,0,0,12,16,16,20,25,30,18,0,0,0,125,6,5,0,0,0,4,9,12,5,44,0,0,0,3,0,0,0,0,0,16,24,20,19,28,30,23,16,18,10,184,0,5,8,5,20,4,0,0,0,47,8,8,7,16,20,11,0,0,0,69,3,0,3,0,0,0,0,0,0,12,0,0,0,0,0,0,0,0,0,0,14,11,21,27,34,18,0,0,0,126,0,0,0,0,0,0,0,0,0,0,0,0,0,0,0,0,0,0,0,0,0,0,0,0,0,0,0,0,0,0
11103122225,core,0,7,21,27,18,13,0,0,0,88,0,7,3,7,6,4,0,0,0,33,0,0,0,5,0,0,0,0,0,6,0,0,0,0,0,0,0,0,0,0,6,19,22,35,25,16,3,0,0,124,0,0,0,0,0,0,0,0,0,0,0,0,0,0,0,0,0,0,0,0,0,0,0,0,0,0,0,0,0,7,3,19,22,41,26,16,3,0,0,136,5,0,0,0,0,3,15,12,11,48,0,0,0,0,0,0,0,0,0,3,10,15,27,41,26,17,17,11,9,183,0,5,20,17,11,9,0,0,0,58,6,4,9,14,12,3,3,0,0,54,0,0,7,3,0,0,0,0,0,9,0,0,3,0,0,0,0,0,0,3,5,9,30,40,21,10,3,0,0,124,0,0,0,0,0,0,0,0,0,0,0,0,0,0,0,0,0,0,0,3,0,0,0,0,4,0,0,0,0,0
11103122226,core,8,6,12,20,18,15,4,0,0,75,5,3,10,7,3,3,0,4,0,31,0,3,0,0,0,0,0,0,0,4,0,0,0,0,0,0,0,0,0,0,7,13,26,26,24,13,8,4,0,117,0,0,0,0,0,6,0,0,0,4,0,0,0,0,0,0,0,0,0,0,0,0,0,0,0,4,0,0,0,7,6,13,26,26,22,19,8,4,0,120,7,0,0,0,0,4,17,5,9,42,0,0,0,0,0,0,0,0,0,7,15,15,29,30,29,25,20,13,9,172,0,0,11,10,15,10,0,0,0,51,12,6,9,13,12,7,5,0,0,56,5,0,0,3,0,5,0,0,0,12,0,0,0,0,0,0,0,0,0,0,12,7,20,28,22,18,5,0,0,120,0,0,0,0,0,0,0,0,0,0,0,0,0,0,0,0,0,0,0,0,0,0,0,0,0,0,0,0,0,6
11103122227,core,0,0,9,19,24,9,6,0,0,73,7,4,0,4,5,5,4,0,0,33,0,4,0,6,0,0,3,0,0,9,0,0,0,0,0,0,0,0,0,0,9,9,14,25,34,17,9,0,0,114,0,0,0,0,0,0,0,0,0,0,0,0,0,0,0,0,0,0,0,7,0,0,0,0,0,0,0,0,0,7,11,9,15,22,34,19,9,0,0,120,6,3,0,0,0,8,28,22,8,72,0,0,0,0,0,0,0,0,0,4,20,7,12,22,37,26,39,24,8,200,0,0,3,13,9,9,0,0,0,37,3,6,6,14,13,13,4,0,0,60,0,0,4,3,0,0,0,0,0,11,0,0,0,0,0,0,0,0,0,4,7,7,10,33,25,21,7,0,0,105,0,0,0,0,0,0,0,0,0,0,3,0,0,0,0,0,0,0,0,0,3,0,0,0,0,0,0,0,0,0
11103122228,core,0,5,7,19,24,12,4,0,0,75,0,9,0,0,0,3,0,0,4,22,0,0,0,4,0,0,0,0,0,6,0,0,0,0,0,0,0,0,0,0,4,9,6,25,35,16,3,0,4,102,0,0,0,0,0,0,0,0,0,0,0,0,0,0,0,0,0,0,0,0,0,0,0,0,0,0,0,0,0,0,4,9,6,30,35,16,3,0,4,105,3,0,0,0,3,6,15,15,4,46,0,0,0,0,0,0,0,0,0,0,6,9,6,25,38,21,19,14,4,150,0,6,3,6,13,7,0,0,0,39,7,4,5,16,16,6,0,0,0,50,0,0,0,4,3,0,0,0,0,5,0,0,0,0,0,0,0,0,0,0,7,11,7,25,26,14,0,0,0,95,0,0,0,0,0,0,0,0,0,0,3,0,0,0,0,0,0,0,0,3,3,0,0,0,0,0,0,0,0,8
11103122229,core,0,3,19,28,14,7,0,0,0,75,0,3,0,9,8,0,5,0,0,21,0,0,0,0,4,0,0,0,0,8,0,0,0,0,0,0,0,0,0,0,0,8,25,34,19,12,5,0,0,105,0,0,0,0,0,0,0,0,0,3,0,0,0,0,0,0,0,0,0,0,0,0,0,0,0,0,0,0,0,5,8,8,25,38,20,12,5,0,0,110,3,0,0,5,5,8,13,14,0,42,0,0,0,4,4,0,0,0,0,10,16,8,23,45,30,15,15,16,4,159,3,3,12,22,14,5,0,0,0,57,3,3,10,11,8,9,4,0,0,44,0,0,3,0,0,0,0,0,0,9,0,0,0,0,0,0,0,0,0,0,6,11,20,32,18,15,4,0,0,105,0,0,0,0,0,0,0,0,0,3,5,0,0,0,0,0,0,0,0,0,5,0,0,4,0,0,0,0,0,5
11103122230,core,0,5,22,25,27,9,0,0,0,93,7,4,6,0,8,0,0,0,0,22,0,0,0,0,0,0,0,0,0,9,0,0,0,4,0,0,0,0,0,4,5,15,26,36,34,14,0,0,0,122,0,0,0,0,0,0,0,0,0,3,0,0,0,0,0,0,0,0,0,0,3,0,0,0,6,0,0,0,0,8,6,15,26,36,36,14,0,0,0,130,5,0,0,4,3,4,14,6,8,40,0,0,0,0,0,0,0,0,0,3,13,16,28,37,37,11,17,6,8,167,0,0,11,22,16,6,0,0,0,44,7,6,10,15,12,3,0,0,0,50,0,0,5,3,0,0,0,0,0,12,0,0,0,0,0,0,0,0,0,0,9,5,17,38,25,12,0,0,0,103,0,0,0,0,0,0,0,0,0,0,0,0,0,5,0,0,0,0,0,3,0,0,0,5,0,0,0,0,0,3
11103122231,core,0,7,11,17,22,10,0,0,0,65,11,8,8,5,0,0,0,0,0,31,0,0,0,0,0,0,0,0,0,3,0,0,0,0,0,0,0,0,0,0,11,12,18,18,26,16,0,0,0,95,0,0,0,0,0,0,0,0,0,0,0,0,0,0,0,0,0,0,0,0,0,0,0,0,0,5,0,0,0,3,12,12,18,18,26,17,0,0,0,100,4,0,0,0,0,7,12,10,8,33,0,0,0,0,0,3,0,0,0,4,13,12,18,22,24,24,13,10,8,141,0,0,5,15,13,6,0,0,0,41,6,4,9,10,12,3,0,0,0,40,0,0,0,0,0,0,0,0,0,8,0,0,0,0,0,0,0,0,0,0,9,9,15,27,23,12,0,0,0,84,0,0,0,0,0,0,0,0,0,0,0,0,0,0,0,0,0,0,0,0,0,0,0,0,0,0,0,0,0,0
11103122232,core,0,4,24,20,29,13,0,0,0,99,0,9,3,7,8,0,4,0,0,42,0,0,0,0,0,7,0,0,0,7,0,0,0,0,0,0,0,0,0,0,5,11,31,27,37,15,7,0,0,141,0,0,0,0,0,0,0,0,0,5,0,0,0,0,0,0,0,0,0,6,3,0,0,0,0,0,0,0,0,8,9,14,37,31,37,15,7,0,0,150,5,0,6,0,0,7,5,5,6,38,0,0,6,0,3,0,0,0,0,10,16,17,39,32,42,22,15,12,3,193,0,5,16,16,14,9,0,0,0,54,7,14,8,18,8,5,3,0,0,68,3,0,0,0,0,0,0,0,0,8,0,0,0,0,0,0,0,0,0,0,13,23,29,30,25,13,3,0,0,135,0,0,0,0,0,0,0,0,0,0,0,0,3,0,0,4,0,0,0,4,0,0,0,0,0,4,0,0,0,6
11103122233,core,0,4,15,21,19,6,0,0,0,65,6,8,4,0,0,0,6,0,0,19,0,0,0,0,0,0,0,0,0,0,0,0,0,0,0,0,0,0,0,0,4,10,25,21,19,13,6,0,0,96,0,0,5,0,3,0,0,0,0,3,0,0,0,0,0,0,0,0,0,0,0,0,5,0,3,0,0,0,0,3,4,7,30,21,17,13,6,0,0,96,0,0,0,0,0,3,28,13,0,55,0,0,0,0,0,0,0,0,0,7,4,8,29,20,21,14,29,19,4,159,0,0,8,4,7,0,0,0,0,31,3,3,11,11,11,8,7,0,0,57,0,0,3,0,0,0,0,0,0,5,0,0,0,0,0,0,0,0,0,0,3,13,25,20,14,12,7,0,0,92,0,0,0,0,0,0,0,0,0,0,5,0,0,0,0,0,0,0,0,5,5,0,0,0,0,0,0,0,0,0
11103122234,core,0,0,16,20,17,11,0,0,0,63,5,4,0,5,6,0,0,0,0,23,0,0,5,0,0,0,0,0,0,7,0,0,0,0,0,0,0,0,0,0,5,5,22,26,22,14,6,0,0,95,0,0,0,0,0,0,0,0,0,0,0,0,0,0,0,0,0,0,0,0,0,0,0,0,0,0,0,0,0,0,5,5,22,26,22,14,6,0,0,98,4,0,0,5,0,0,9,7,4,35,0,0,0,0,0,0,0,0,0,0,12,10,26,33,23,17,10,7,4,136,0,0,12,14,10,7,0,0,0,45,3,10,5,14,10,4,0,0,0,40,0,5,0,5,3,0,0,0,0,11,0,0,0,0,0,0,0,0,0,0,8,10,19,27,25,12,0,0,0,101,0,0,0,0,0,0,0,0,0,0,0,0,0,0,0,0,0,0,0,0,0,0,0,0,0,0,0,0,0,4
11103122235,core,0,4,21,49,35,14,0,0,0,125,12,3,5,4,4,0,0,0,0,24,5,0,7,0,0,0,0,0,0,11,0,0,4,0,0,0,0,0,0,3,16,8,36,50,44,18,6,0,0,167,0,0,0,0,0,0,0,0,0,4,0,0,0,0,0,0,0,0,0,3,4,0,0,0,0,0,0,0,0,4,15,8,35,51,44,18,6,0,0,170,7,5,0,4,3,0,9,14,6,56,0,0,0,0,0,0,0,0,0,0,24,10,38,53,44,19,14,14,6,233,0,0,9,26,17,9,0,0,0,68,8,8,14,30,13,4,0,0,0,77,4,0,6,9,4,0,0,0,0,18,0,0,0,0,0,0,0,0,0,0,14,9,30,54,40,14,0,0,0,161,0,0,0,0,0,0,0,0,0,0,0,0,0,0,0,0,0,0,0,0,0,0,0,0,0,0,0,0,0,0
11103122236,core,0,6,15,14,18,12,0,0,0,74,5,3,3,3,3,0,0,0,0,27,0,0,0,0,0,0,0,0,0,4,0,0,0,0,0,0,0,0,0,0,4,14,25,22,22,14,3,0,0,105,0,0,0,0,0,0,0,0,0,0,0,0,0,0,0,0,0,0,0,0,0,0,0,0,0,0,0,0,0,5,9,14,25,22,28,14,3,0,0,109,5,0,3,3,0,4,5,0,0,22,0,0,0,4,0,0,0,0,0,5,14,14,22,23,28,17,8,4,0,132,0,0,9,10,7,3,0,0,0,32,5,8,9,16,6,8,0,0,0,52,0,0,0,3,0,3,0,0,0,4,0,0,0,0,0,0,0,0,0,0,5,7,20,27,20,11,0,0,0,94,0,0,0,0,0,0,0,0,0,0,0,0,0,0,0,0,0,0,0,0,0,0,0,0,0,0,0,0,0,5
11103122237,core,0,0,0,0,0,0,0,0,0,0,0,0,0,0,0,0,0,0,0,0,0,0,0,0,0,0,0,0,0,0,0,0,0,0,0,0,0,0,0,0,0,0,0,0,0,0,0,0,0,0,0,0,0,0,0,0,0,0,0,0,0,0,0,0,0,0,0,0,0,0,0,0,0,0,0,0,0,0,0,0,0,0,0,0,0,0,0,0,0,0,0,0,0,0,0,0,0,0,0,0,0,0,0,0,0,0,0,0,0,0,0,0,0,0,0,0,0,0,0,0,0,0,0,0,0,0,0,0,0,0,0,0,0,0,0,0,0,0,0,0,0,0,0,0,0,0,0,0,0,0,0,0,0,0,0,0,0,0,0,0,0,0,0,0,0,0,0,0,0,0,0,0,0,0,0,0,0,0,0,0,0,0,0,0,0,0,0,0,0,0,0,0,0,0,0,0,0,0,0,0
11103122238,core,0,0,0,0,0,0,0,0,0,0,0,0,0,0,0,0,0,0,0,0,0,0,0,0,0,0,0,0,0,0,0,0,0,0,0,0,0,0,0,0,0,0,0,0,0,0,0,0,0,0,0,0,0,0,0,0,0,0,0,0,0,0,0,0,0,0,0,0,0,0,0,0,0,0,0,0,0,0,0,0,0,0,0,0,0,0,0,0,0,0,0,0,0,0,0,0,0,0,0,0,0,0,0,0,0,0,0,0,0,0,0,0,0,0,0,0,0,0,0,0,0,0,0,0,0,0,0,0,0,0,0,0,0,0,0,0,0,0,0,0,0,0,0,0,0,0,0,0,0,0,0,0,0,0,0,0,0,0,0,0,0,0,0,0,0,0,0,0,0,0,0,0,0,0,0,0,0,0,0,0,0,0,0,0,0,0,0,0,0,0,0,0,0,0,0,0,0,0,0,0
11103122239,core,0,11,24,18,12,14,0,0,0,75,0,6,12,3,0,3,3,0,0,26,0,0,0,0,0,0,3,0,0,4,0,0,0,0,0,0,0,0,0,0,0,23,32,27,15,16,5,0,0,112,0,0,0,0,0,0,0,0,0,0,0,0,0,0,0,0,0,0,0,5,0,0,0,0,0,0,0,0,0,5,0,23,36,25,15,16,5,0,0,113,0,0,5,3,3,12,15,17,4,55,0,4,8,0,0,5,5,4,0,26,0,26,45,33,13,33,18,21,4,198,0,9,28,4,12,12,0,0,0,68,4,13,6,10,8,4,0,0,0,56,3,0,3,0,0,0,0,0,0,6,0,0,0,0,0,0,0,0,0,0,9,25,44,16,20,16,0,0,0,129,0,0,0,0,0,0,0,0,0,0,0,0,0,0,0,0,0,0,0,0,0,0,0,0,0,0,0,0,0,0
11103122240,core,3,4,9,21,21,21,0,0,0,85,6,3,5,0,5,9,0,0,0,33,0,0,0,0,0,0,0,0,0,6,0,0,0,0,0,0,0,0,0,0,9,12,13,34,30,30,0,0,0,123,3,0,0,0,0,0,0,0,0,9,0,0,0,0,0,0,0,0,0,0,3,0,0,0,0,0,0,0,0,4,10,12,13,30,28,32,0,0,0,131,9,3,6,0,3,7,18,9,6,53,0,0,5,0,0,3,0,0,0,8,18,18,16,35,35,39,18,9,6,189,0,6,12,12,15,8,0,0,0,53,11,6,7,6,23,21,0,0,0,74,0,0,3,0,0,0,0,0,0,6,0,0,0,0,0,0,0,0,0,0,12,11,16,20,33,29,0,0,0,133,0,0,0,0,0,0,0,0,0,0,0,0,0,0,0,0,0,0,0,4,0,0,0,0,0,0,0,0,0,0
11103122301,core,3,0,12,9,10,10,0,0,0,39,0,3,5,4,0,5,0,0,0,21,0,0,0,0,0,0,0,0,0,4,0,0,0,0,0,0,0,0,0,0,6,0,17,13,11,16,0,0,0,62,0,0,0,0,0,0,0,0,0,6,0,0,0,0,0,0,0,0,0,0,0,0,0,0,0,0,0,0,0,6,6,0,16,10,11,14,0,0,0,70,0,0,3,0,0,3,3,0,4,17,0,0,0,0,0,0,0,0,0,0,8,0,20,17,15,21,7,0,4,82,0,4,0,6,6,0,0,0,0,18,6,0,8,5,0,7,0,0,0,21,0,0,4,0,0,0,0,0,0,0,0,0,0,0,0,0,0,0,0,0,3,3,8,9,6,6,0,0,0,46,0,3,0,0,0,0,0,0,0,3,0,0,0,0,0,0,0,0,0,0,0,3,0,0,0,0,0,0,0,7
11103122302,core,0,10,19,17,21,11,0,0,0,73,4,3,4,0,0,4,0,0,0,24,0,0,6,0,0,0,0,0,0,0,0,0,0,0,0,0,0,0,0,0,3,13,30,22,20,13,0,0,0,103,0,0,0,0,0,0,0,0,0,4,0,0,0,0,0,0,0,0,0,0,0,0,0,0,0,0,0,0,0,3,8,13,24,22,20,15,0,0,0,104,4,0,3,0,4,3,11,10,4,49,4,0,0,0,0,0,3,0,0,13,13,18,31,25,23,18,19,8,4,168,0,7,9,10,4,3,0,0,0,38,5,11,8,13,12,5,0,0,0,56,0,0,5,0,0,0,0,0,0,3,0,0,0,0,0,0,0,0,0,0,5,13,27,31,17,11,0,0,0,92,0,0,0,0,0,0,0,0,0,0,0,0,0,0,4,0,0,0,0,4,0,0,0,0,4,0,0,0,0,4
11103122303,core,0,5,30,26,26,12,0,0,0,96,9,0,7,10,0,4,0,0,0,30,0,0,5,0,0,0,0,0,0,5,0,0,0,0,0,0,0,0,0,5,8,9,40,28,30,20,8,0,0,138,0,0,0,5,0,0,0,0,0,5,0,4,0,0,0,0,0,0,0,3,0,4,5,5,0,0,0,0,0,6,8,10,46,33,30,18,8,0,0,148,3,3,4,5,4,12,20,10,0,68,0,0,0,0,0,0,0,0,0,7,12,12,52,37,37,29,26,15,3,223,0,9,9,5,12,8,0,0,0,43,3,3,19,19,12,6,5,0,0,62,0,5,0,0,0,0,0,0,0,6,0,0,0,0,0,0,0,0,0,0,3,14,35,19,16,21,5,0,0,117,0,0,0,0,0,0,0,0,0,4,0,0,0,0,0,0,0,0,0,6,0,0,0,0,0,0,0,0,0,8
11103122304,core,0,4,11,8,15,10,3,0,0,51,0,0,0,4,3,4,0,0,0,15,0,0,0,0,0,0,0,0,0,5,0,0,0,0,0,0,0,0,0,0,3,4,20,13,18,12,3,0,0,73,0,0,0,0,0,0,0,0,0,0,0,0,0,0,0,0,0,0,0,4,0,0,0,0,0,0,0,0,0,4,3,7,20,13,18,12,3,0,0,76,3,0,3,0,5,4,15,20,0,61,0,0,6,0,0,0,0,0,0,0,10,7,23,17,21,19,24,20,0,141,0,0,4,8,5,9,0,0,0,34,0,0,5,0,8,6,4,0,0,30,0,0,0,0,0,0,0,0,0,5,0,0,0,0,0,0,0,0,0,4,0,0,12,16,19,14,8,0,0,66,0,0,0,0,0,0,0,0,0,3,0,0,0,0,0,0,0,0,0,0,0,0,0,0,0,0,0,0,0,8
11103122306,core,0,10,22,4,10,11,0,0,0,66,3,0,6,0,5,4,0,0,0,16,0,0,0,3,0,0,0,0,0,7,0,0,0,0,0,0,0,0,0,5,8,9,28,13,17,15,0,0,0,89,0,0,3,0,0,0,0,0,0,3,0,0,0,0,0,0,0,0,0,3,3,0,3,3,0,3,0,0,0,13,10,12,29,11,17,17,0,0,0,102,9,4,3,3,6,6,21,30,0,91,4,0,0,0,0,0,0,0,0,5,18,13,36,18,26,24,30,32,0,196,3,0,11,6,10,6,0,0,0,34,0,0,11,5,11,9,0,0,0,38,0,0,3,0,0,0,0,0,0,0,0,0,0,0,0,0,0,0,0,0,5,3,23,10,13,12,0,0,0,71,0,0,0,0,0,0,0,0,0,0,0,0,0,0,0,0,0,0,0,5,0,0,0,0,0,0,0,0,0,3
11103122307,core,0,4,17,3,11,10,0,0,0,55,0,0,5,3,3,6,0,0,0,15,0,0,0,0,0,5,0,0,0,9,0,0,0,0,3,0,0,0,0,0,6,11,27,8,19,12,4,0,0,81,0,0,0,0,0,0,0,0,0,0,0,0,0,0,0,0,0,0,0,0,0,0,0,0,0,0,0,0,0,4,6,11,27,8,18,11,4,0,0,82,0,5,6,0,4,9,20,21,10,70,0,0,0,0,0,3,0,0,0,5,4,10,29,10,21,22,23,21,10,155,0,6,16,9,11,3,0,0,0,46,3,0,7,5,8,5,0,0,0,41,0,0,7,0,0,0,0,0,0,10,0,0,0,0,0,0,0,0,0,3,3,10,28,24,20,12,0,0,0,98,0,0,0,0,0,0,0,0,0,0,0,0,0,0,0,0,0,0,0,3,0,0,0,0,0,0,0,0,0,3
11103122308,core,0,3,24,11,29,13,7,0,0,75,4,3,3,0,0,0,0,0,0,17,0,0,0,0,0,3,0,0,0,3,0,0,0,0,0,0,0,0,0,0,5,4,21,17,28,14,0,0,0,99,0,4,0,0,0,0,0,0,0,0,0,0,0,0,0,0,0,0,0,3,0,4,0,3,0,0,0,0,0,9,3,9,21,18,28,14,0,0,0,99,3,0,0,0,0,7,22,12,4,40,0,0,0,0,0,0,0,0,0,0,12,9,22,18,27,19,22,12,4,146,0,0,6,10,17,7,5,0,0,39,9,0,4,3,9,4,4,0,0,36,0,0,0,0,0,0,0,0,0,5,0,0,0,0,0,0,0,0,0,0,5,3,17,20,22,14,7,0,0,89,0,0,0,0,0,0,0,0,0,4,0,0,0,0,0,0,0,0,0,0,0,0,0,0,0,0,0,0,0,4
11103122309,core,0,0,0,0,0,5,0,0,0,5,0,0,0,0,0,0,0,0,0,4,0,0,0,0,0,0,0,0,0,0,0,0,0,0,0,0,0,0,0,0,0,0,0,6,0,3,0,0,0,5,0,0,0,0,0,0,0,0,0,0,0,0,0,0,0,0,0,0,0,0,0,0,0,0,0,0,0,0,0,0,0,0,0,6,0,3,0,0,0,5,0,0,0,0,0,0,0,3,0,12,0,0,0,0,0,0,0,0,0,0,0,0,0,6,0,3,0,3,0,14,0,0,6,0,0,0,0,0,0,3,0,0,0,0,0,0,0,0,0,0,0,0,0,0,0,0,0,0,0,0,0,0,0,0,0,0,0,0,0,0,0,0,6,0,0,0,0,0,0,3,0,0,0,0,0,0,0,0,0,0,0,0,0,0,0,0,0,0,0,0,0,0,0,0,0,0,0,0,0,0
11103122310,core,3,4,24,13,17,12,0,0,0,70,4,0,11,11,0,7,4,0,0,33,0,0,3,0,0,0,0,0,0,3,0,0,0,3,0,0,0,0,0,3,8,9,31,25,15,19,6,0,0,108,0,0,0,0,0,0,0,0,0,3,0,0,0,0,0,0,0,0,0,0,0,3,0,0,0,0,0,0,0,7,9,12,29,25,15,17,9,0,0,118,14,0,6,5,6,13,25,11,0,79,0,0,4,0,0,0,0,0,0,9,18,12,40,31,26,28,31,8,0,204,0,3,18,13,13,6,0,0,0,55,6,5,7,10,7,10,6,0,0,48,0,0,0,0,0,0,0,0,0,5,0,0,0,0,0,0,0,0,0,0,6,11,27,25,19,20,8,0,0,104,0,0,0,0,0,0,0,0,0,0,0,0,0,0,3,0,0,0,0,3,0,0,0,0,0,0,0,0,0,10
11103122311,core,3,4,31,35,13,15,0,0,0,97,3,3,8,11,4,0,0,0,0,46,0,0,0,0,0,4,0,0,0,5,0,0,0,0,0,0,0,0,0,4,10,13,38,45,21,20,3,0,0,148,0,0,0,4,3,0,0,0,0,11,0,0,0,0,0,0,0,0,0,0,0,0,0,4,5,0,0,0,0,11,9,13,43,43,26,24,6,0,0,159,3,8,7,3,3,8,18,13,7,79,0,0,7,3,5,4,3,0,0,23,15,17,56,55,30,33,25,16,8,251,0,7,29,14,4,6,0,0,0,58,4,8,16,10,3,9,0,0,0,45,0,3,0,0,0,0,0,0,0,7,0,0,0,0,0,0,0,0,0,0,4,14,46,24,7,15,0,0,0,117,0,0,0,0,0,0,0,0,0,3,0,0,0,0,0,0,0,0,0,6,0,0,0,0,0,6,0,0,0,5
11103122312,core,3,10,25,20,14,8,0,0,0,72,3,4,3,0,3,4,4,0,0,18,0,0,0,0,5,0,0,0,0,5,0,0,4,0,0,0,0,0,0,4,6,11,28,19,21,13,3,0,0,101,0,0,0,0,0,0,0,0,0,5,0,0,0,0,0,0,0,0,0,0,0,0,0,0,0,4,0,0,0,3,6,13,28,21,26,16,3,0,0,107,4,6,3,0,0,4,20,12,0,57,0,0,0,0,0,0,0,0,0,3,8,18,32,26,24,24,21,12,3,168,0,3,9,9,10,7,0,0,0,34,4,5,7,11,9,3,3,0,0,47,0,3,0,0,0,3,0,0,0,6,0,0,0,0,0,0,0,0,0,0,4,11,20,17,18,15,8,0,0,88,0,0,0,0,0,0,0,0,0,0,0,0,0,0,0,0,0,0,0,7,0,0,0,0,0,0,0,0,0,4
11103122313,core,0,8,15,12,11,12,4,0,0,67,3,0,4,0,4,11,0,0,0,25,0,0,0,0,0,0,0,0,0,6,0,3,0,0,0,0,0,0,0,0,4,10,25,17,13,23,0,0,0,96,0,0,3,0,0,0,0,0,0,9,0,0,0,0,0,0,0,0,0,3,0,0,3,0,0,0,0,0,0,12,4,12,26,22,13,26,0,0,0,107,4,0,4,0,4,18,37,32,6,99,0,0,6,3,0,0,0,4,0,18,12,12,36,23,23,40,41,36,6,219,0,8,13,13,5,5,4,0,0,43,0,4,12,7,3,11,7,0,0,47,0,0,7,0,0,4,0,0,0,7,0,0,0,0,0,0,0,0,0,3,0,10,26,23,10,21,9,0,0,99,0,0,0,0,0,0,0,0,0,0,0,0,0,0,0,0,0,0,0,3,0,0,0,0,0,0,0,0,0,3
11103122314,core,3,3,9,6,26,11,9,0,0,65,9,4,4,3,3,4,0,0,0,25,0,0,0,3,0,0,0,0,0,7,0,0,0,0,0,0,0,0,0,0,7,9,13,10,27,17,9,0,0,94,0,0,0,0,0,0,0,0,0,0,6,0,0,0,0,0,0,0,0,4,6,0,0,0,0,0,0,0,0,4,7,9,13,10,27,14,13,0,0,99,15,3,0,0,0,4,19,4,0,45,0,0,0,0,0,0,0,0,0,6,21,11,11,10,34,24,31,9,3,149,4,6,6,7,12,9,5,0,0,41,7,3,0,3,11,7,0,0,0,34,0,0,0,3,0,0,0,0,0,3,0,0,0,0,0,0,0,0,0,0,7,7,5,15,29,13,3,0,0,81,0,0,0,0,0,0,0,0,0,0,0,0,0,0,0,0,0,0,0,5,0,0,0,0,0,0,0,0,0,5
11103122315,core,0,3,6,3,7,15,0,0,0,44,0,0,5,0,3,0,5,0,0,12,0,0,0,0,0,3,0,0,0,3,0,0,0,0,0,0,0,0,0,0,3,9,9,5,15,23,5,0,0,65,0,0,0,0,0,0,0,0,0,5,0,0,0,0,0,0,0,0,0,0,0,0,0,0,0,0,0,0,0,5,3,10,12,4,13,23,5,0,0,70,9,0,0,0,4,6,8,8,0,36,0,0,0,0,0,0,0,0,0,7,12,10,14,10,11,31,15,8,0,111,0,8,7,3,5,7,0,0,0,32,6,3,8,3,18,8,3,0,0,35,0,0,0,0,0,0,0,0,0,3,0,0,0,0,0,0,0,0,0,0,6,6,14,9,24,14,3,0,0,73,0,0,0,0,0,0,0,0,0,4,0,0,0,0,0,0,0,0,0,6,0,0,0,0,0,0,0,0,0,5
11103122316,core,0,5,3,6,12,8,3,0,0,41,4,5,3,0,3,0,0,0,0,16,0,0,0,0,0,0,0,0,0,0,0,0,0,0,0,0,0,0,0,3,7,10,8,6,17,8,5,0,0,58,0,0,0,0,0,0,0,0,0,0,0,0,0,0,0,0,0,0,0,0,0,0,0,0,0,0,0,0,0,3,7,10,10,6,19,8,5,0,0,66,3,4,0,4,0,6,8,3,0,34,0,0,5,0,0,4,0,0,0,9,13,18,18,15,19,16,15,3,0,105,0,0,0,3,4,6,0,0,0,17,0,0,6,3,0,4,0,0,0,13,0,0,4,0,0,0,0,0,0,0,0,0,0,0,0,0,0,0,0,0,0,3,4,5,8,8,0,0,0,32,0,0,0,0,0,0,0,0,0,0,0,0,0,0,0,0,0,0,0,0,0,0,0,0,0,0,0,0,0,0
11103122317,core,4,6,14,17,17,11,0,0,0,62,3,5,9,0,0,6,0,0,0,20,0,0,0,0,0,0,0,0,0,0,0,0,0,0,0,0,0,0,0,0,6,8,25,22,18,10,0,0,0,85,0,0,0,0,3,3,0,0,0,12,4,0,0,0,0,0,0,0,0,4,4,0,0,0,3,3,0,0,0,11,11,8,26,20,18,16,0,0,0,99,8,4,0,11,7,12,12,8,0,59,0,0,0,7,0,0,0,0,0,9,23,9,34,30,26,27,14,8,0,164,0,4,9,6,6,7,0,0,0,24,6,0,9,9,0,0,0,0,0,33,0,0,0,0,0,0,0,0,0,0,0,0,0,0,0,0,0,0,0,0,10,8,13,10,10,9,0,0,0,57,0,0,0,0,0,0,0,0,0,4,0,0,3,0,0,0,0,0,0,7,0,0,3,0,0,3,0,0,0,12
11103122318,core,3,0,13,6,5,7,0,0,0,45,0,0,0,0,5,0,0,0,0,11,0,0,0,5,0,0,0,0,0,3,0,0,0,0,0,0,0,0,0,5,6,0,15,11,11,11,4,0,0,56,0,0,0,0,0,3,0,0,0,3,0,0,0,0,0,0,0,0,0,4,0,0,0,0,0,3,0,0,0,5,6,0,16,12,11,14,4,0,0,61,4,0,0,0,0,9,21,8,0,42,0,0,4,0,0,0,0,0,0,5,4,3,23,14,12,22,23,8,0,114,0,4,8,3,0,10,0,0,0,19,4,3,7,9,7,0,0,0,0,31,0,0,0,0,0,0,0,0,0,4,0,0,0,0,0,0,0,0,0,0,0,6,10,12,10,12,0,0,0,54,0,0,0,0,0,4,0,0,0,4,0,0,0,0,0,0,0,0,0,0,0,0,0,0,0,4,0,0,0,7
11103122319,core,4,4,10,9,5,10,3,0,0,41,4,0,5,0,0,0,0,0,0,11,0,0,0,0,0,0,0,0,0,0,0,0,0,0,0,0,0,0,0,6,5,4,18,13,5,15,3,0,0,57,0,4,0,0,0,0,0,0,0,3,0,0,0,0,0,0,0,0,0,0,0,4,0,0,0,0,0,0,0,3,5,3,18,17,7,11,3,0,0,65,5,4,6,0,5,8,12,14,0,57,4,0,0,0,0,0,0,4,0,8,12,11,25,15,12,19,13,15,0,128,0,4,5,0,4,6,0,0,0,17,4,0,11,4,3,0,0,0,0,23,0,0,3,0,0,0,0,0,0,8,0,0,0,0,0,0,0,0,0,0,4,3,13,5,10,4,0,0,0,48,0,0,0,0,0,0,0,0,0,6,0,0,0,0,0,0,0,0,0,0,0,0,0,0,0,0,0,0,0,0
11103122320,core,0,4,11,12,10,15,3,0,0,56,0,0,0,4,0,8,0,0,0,19,0,0,0,0,0,0,0,0,0,0,0,0,0,0,0,0,0,0,0,0,0,13,15,13,8,21,3,0,0,72,0,0,3,0,0,0,0,0,0,5,0,0,0,0,0,0,0,0,0,3,0,0,6,0,0,0,0,0,0,9,0,11,17,15,13,19,3,0,0,86,3,0,5,0,9,10,26,7,0,62,0,0,0,0,0,0,0,0,0,3,5,11,23,18,23,29,32,10,0,153,0,4,9,6,11,0,0,0,0,31,0,0,5,3,5,14,0,0,0,31,0,0,0,0,0,0,0,0,0,0,0,0,0,0,0,0,0,0,0,0,3,4,19,7,11,13,0,0,0,60,0,0,0,0,0,0,0,0,0,0,0,0,0,0,3,0,0,0,0,0,0,0,0,0,3,0,0,0,0,4
11103122321,core,3,0,4,5,10,0,0,0,0,20,0,0,0,0,0,0,0,0,0,5,0,0,0,0,0,0,0,0,0,0,0,0,0,0,0,0,0,0,0,0,6,7,8,3,10,0,0,0,0,33,0,4,0,0,0,0,0,0,0,9,0,0,0,0,0,0,0,0,0,0,3,4,0,0,0,0,0,0,0,10,6,7,8,4,10,0,0,0,0,39,8,0,3,4,0,4,9,0,0,30,0,0,0,0,6,0,0,3,0,10,15,8,21,11,14,6,4,3,0,82,0,0,4,0,0,0,0,0,0,11,0,5,10,4,5,5,0,0,0,26,0,0,0,0,0,0,0,0,0,0,0,0,0,0,0,0,0,0,0,0,0,9,15,10,5,5,0,0,0,43,0,0,0,0,0,0,0,0,0,0,0,0,5,0,0,0,0,0,0,4,0,0,4,0,0,0,0,0,0,3
11103122322,core,0,5,22,8,14,16,0,0,0,66,0,3,11,0,3,6,0,0,0,32,0,0,0,0,0,0,0,0,0,3,0,0,0,0,0,0,0,0,0,0,6,12,30,14,21,24,0,0,0,100,4,0,0,3,6,3,0,0,0,14,4,0,0,0,0,0,0,0,0,4,4,0,0,3,3,3,0,0,0,18,9,13,31,15,20,29,0,0,0,116,15,5,4,3,14,11,7,0,0,55,3,0,3,0,0,0,0,0,0,17,28,13,40,15,33,34,10,0,0,183,0,4,11,7,11,9,0,0,0,33,0,0,10,6,7,10,0,0,0,43,0,0,0,0,0,0,0,0,0,7,0,0,0,0,0,0,0,0,0,0,4,3,22,14,20,16,0,0,0,81,0,0,0,0,0,0,0,0,0,6,0,0,0,0,0,0,0,0,0,0,0,0,0,3,0,0,0,0,0,8
11103122323,core,3,5,12,9,17,6,0,0,0,48,4,5,5,5,8,3,0,0,0,25,0,0,0,0,0,0,0,0,0,0,0,0,0,0,0,0,0,0,0,0,6,9,17,9,23,6,0,0,0,72,0,0,0,0,0,0,0,0,0,7,0,0,0,0,0,0,0,0,0,5,0,0,4,0,0,0,0,0,0,11,5,9,20,14,23,11,0,0,0,80,0,0,0,0,0,5,8,4,0,26,0,0,0,0,0,0,0,0,0,0,8,12,17,14,20,17,9,10,0,108,0,9,5,7,10,4,0,0,0,27,4,5,3,6,14,8,0,0,0,37,0,0,0,0,4,0,0,0,0,3,0,0,0,0,0,0,0,0,0,0,6,12,12,11,20,9,0,0,0,73,0,0,0,0,0,0,0,0,0,0,0,0,0,0,0,0,0,0,0,0,0,0,0,0,0,0,0,0,0,0
11103122324,core,0,5,8,13,12,9,0,0,0,46,0,4,0,0,0,0,0,0,0,4,0,0,0,0,0,0,0,0,0,0,0,0,0,0,0,0,0,0,0,3,3,3,9,16,9,9,0,0,0,52,0,0,5,0,0,0,0,0,0,3,0,0,0,0,0,0,0,0,0,0,5,0,5,0,0,0,0,0,0,8,3,5,13,16,14,9,0,0,0,58,0,0,0,0,0,6,18,11,0,44,0,0,4,0,0,0,0,0,0,3,8,9,15,18,20,17,17,11,0,108,0,3,3,3,3,3,0,0,0,21,0,3,3,4,5,3,0,0,0,22,0,3,3,0,0,0,0,0,0,3,0,0,0,0,0,0,0,0,0,0,4,7,13,10,11,9,3,0,0,54,0,0,0,0,0,0,0,0,0,0,0,0,0,0,0,0,0,0,0,0,0,0,0,0,0,0,0,0,0,8
11103122325,core,0,3,4,0,4,4,0,0,0,17,0,3,0,0,0,0,0,0,0,6,0,0,0,0,0,0,0,0,0,0,0,0,0,0,0,0,0,0,0,0,0,6,4,4,4,4,0,0,0,24,0,0,0,0,0,0,0,0,0,3,0,0,0,0,0,0,0,0,0,0,0,0,0,0,0,0,0,0,0,3,0,6,0,4,7,5,0,0,0,27,0,0,0,4,0,0,0,3,0,13,0,0,0,0,0,0,0,0,0,0,0,6,0,7,7,9,0,5,0,41,0,6,0,0,3,0,0,0,0,10,4,0,3,0,5,0,0,0,0,14,0,0,0,0,0,0,0,0,0,3,0,0,0,0,0,0,0,0,0,0,4,6,10,0,3,3,0,0,0,25,0,0,0,0,0,0,0,0,0,0,0,0,0,0,0,0,0,0,0,3,0,0,0,0,0,0,0,0,0,3
11103122401,core,0,8,17,27,29,17,0,0,0,101,3,0,7,0,5,5,0,0,0,28,0,0,0,0,3,0,0,0,0,13,0,0,0,0,0,0,0,0,0,0,3,11,20,31,35,26,0,0,0,133,0,0,0,0,0,0,0,0,0,6,0,0,0,0,0,0,0,0,0,3,3,0,4,0,0,0,0,0,0,8,3,12,28,31,34,26,0,0,0,139,10,0,0,0,0,0,9,9,12,41,0,0,0,0,0,0,0,0,0,6,11,15,29,29,34,28,17,6,12,184,0,3,16,16,17,9,0,0,0,57,4,4,5,14,12,12,0,0,0,60,0,4,6,0,0,0,0,0,0,12,0,0,0,0,0,0,0,0,0,0,7,5,25,34,31,26,5,0,0,128,0,0,0,0,0,0,0,0,0,0,0,0,0,0,0,0,0,0,0,6,0,0,3,0,0,0,0,0,0,4
11103122402,core,0,3,12,14,17,10,0,0,0,64,3,8,6,3,5,3,0,0,0,37,0,0,0,0,0,0,0,0,0,4,0,0,0,0,0,0,0,0,0,0,9,13,14,15,29,15,3,0,0,103,0,0,0,0,0,0,0,0,0,0,0,0,0,0,0,0,0,0,0,0,0,0,0,0,0,0,0,0,0,0,9,13,14,15,29,19,3,0,0,106,4,4,0,0,0,5,19,3,5,49,0,0,3,0,0,0,0,0,0,8,12,16,23,17,30,28,23,10,5,163,0,3,8,7,14,3,0,0,0,43,9,16,8,13,9,7,0,0,0,55,0,0,3,5,0,0,0,0,0,10,0,0,0,0,0,0,0,0,0,0,9,19,21,20,24,7,3,0,0,104,0,0,0,0,0,0,0,0,0,0,0,0,0,0,0,0,0,0,0,0,0,0,0,0,0,0,0,0,0,0
11103122403,core,0,0,0,3,0,4,0,0,0,12,0,0,0,0,0,5,0,0,0,7,0,0,3,0,0,0,0,0,0,3,0,0,0,0,0,0,0,0,0,0,0,0,4,4,4,12,0,0,0,20,0,0,3,0,6,0,0,0,0,16,0,0,0,0,0,0,0,0,0,0,0,0,0,0,6,5,0,0,0,19,3,3,9,4,11,12,0,0,0,40,4,0,0,6,25,29,31,18,0,124,0,4,5,14,19,13,9,0,0,64,7,11,15,22,49,55,46,20,0,221,0,0,0,0,0,0,3,0,0,9,0,0,3,4,0,6,0,0,0,6,0,0,0,0,0,0,0,0,0,0,0,0,0,0,0,0,0,0,0,0,0,0,4,6,0,6,3,0,0,14,5,0,0,0,3,0,0,0,0,10,0,0,0,0,0,0,0,0,0,6,5,0,0,0,3,0,0,0,0,15
11103122404,core,0,5,17,19,13,4,0,0,0,64,3,7,4,0,3,0,5,0,0,24,0,0,0,0,0,0,0,0,0,3,0,0,0,0,0,0,0,0,0,0,3,13,19,21,18,9,4,0,0,93,0,0,0,6,0,4,0,0,0,11,0,0,0,0,0,0,0,0,0,5,0,0,4,6,0,3,0,0,0,11,3,13,22,29,18,11,4,0,0,102,5,0,4,9,13,14,23,9,10,90,0,5,13,9,6,10,3,8,0,48,9,19,37,40,31,39,28,18,10,235,0,9,12,12,9,3,0,0,0,43,0,11,6,7,11,13,0,0,0,51,0,3,5,0,0,0,0,0,0,8,0,0,0,0,0,0,0,0,0,0,8,20,23,20,16,19,0,0,0,103,0,0,0,0,0,0,0,0,0,0,0,0,0,0,0,0,0,0,0,4,0,0,0,0,5,0,0,0,0,4
11103122405,core,5,0,6,3,3,3,0,0,0,16,0,3,0,4,0,5,7,0,0,18,0,0,0,0,0,0,0,0,0,0,0,0,0,0,0,0,0,0,0,0,5,3,8,5,9,7,7,0,0,37,0,0,0,5,0,0,0,0,0,10,0,0,0,0,0,4,0,0,0,6,4,0,4,5,6,0,0,0,0,15,7,3,10,6,8,11,7,0,0,51,6,0,5,14,15,14,9,8,0,77,3,3,0,8,11,6,0,0,0,34,15,10,22,30,33,34,10,13,6,163,0,0,8,9,9,4,0,0,0,21,6,0,5,5,3,3,4,0,0,16,0,0,0,0,4,0,0,0,0,4,0,0,0,0,0,0,0,0,0,5,6,0,8,10,13,10,4,0,0,47,0,0,4,0,0,0,0,0,0,3,0,0,0,0,0,0,0,0,0,3,0,0,4,0,0,0,0,0,0,7
11103122406,core,0,0,10,3,0,0,0,0,0,24,0,0,3,0,0,0,0,0,0,3,0,0,5,0,0,0,0,0,0,3,0,0,0,0,0,0,0,0,0,0,0,0,16,3,0,4,0,0,0,31,0,0,0,0,0,0,0,0,0,3,4,0,0,0,0,0,0,0,0,5,3,0,0,0,0,0,0,0,0,4,3,0,18,3,0,4,0,0,0,34,3,4,0,3,0,0,4,0,0,20,0,0,6,3,5,0,0,0,0,21,10,4,28,13,11,7,4,0,0,77,0,0,0,0,0,0,0,0,0,6,0,0,4,5,0,0,0,0,0,13,0,3,0,0,0,0,0,0,0,8,0,0,0,0,0,0,0,0,0,0,0,4,10,3,0,4,0,0,0,20,0,0,0,0,0,0,0,0,0,0,0,0,0,0,0,0,0,0,0,0,0,0,0,0,0,0,0,0,0,3
11103122407,core,0,6,36,12,20,19,3,0,0,93,0,5,13,9,0,3,5,0,0,36,0,3,0,0,0,0,0,0,0,4,0,0,5,0,0,0,0,0,0,4,0,12,56,19,24,19,4,0,0,143,0,0,0,0,0,0,0,0,0,6,0,0,0,0,0,0,0,0,0,3,0,0,0,0,0,0,0,0,0,6,0,14,61,19,19,26,4,0,0,146,0,0,13,5,0,9,25,31,23,99,3,0,6,0,0,3,0,0,0,19,3,20,77,23,27,28,26,31,22,265,0,7,21,12,13,3,3,0,0,71,4,9,18,4,0,8,9,0,0,51,0,3,3,0,0,0,0,0,0,6,0,0,3,0,0,0,0,0,0,0,4,23,52,21,20,8,5,0,0,131,0,0,0,0,0,0,0,0,0,5,0,0,0,0,0,0,0,0,0,0,0,0,0,4,0,0,0,0,0,6
11103122408,core,0,0,15,3,14,9,0,0,0,46,0,0,3,3,0,0,0,0,0,12,0,0,0,0,0,0,0,0,0,3,0,0,0,0,0,0,0,0,0,0,3,3,20,4,15,9,0,0,0,59,0,0,0,0,0,0,0,0,0,4,0,0,0,0,0,0,0,0,0,0,0,0,0,0,0,0,0,0,0,3,6,3,18,7,16,9,0,0,0,66,5,0,0,0,4,8,9,3,0,28,0,0,0,0,0,0,0,0,0,0,11,3,28,8,15,9,3,4,0,90,0,0,7,3,3,11,0,0,0,28,0,0,6,6,0,0,0,0,0,16,0,0,0,0,0,0,0,0,0,0,0,0,0,0,0,0,0,0,0,0,0,3,9,12,10,10,0,0,0,48,0,0,0,0,0,0,0,0,0,0,0,0,0,0,0,0,0,0,0,0,0,0,0,0,0,0,0,0,0,3
11103122409,core,0,0,0,0,0,0,0,0,0,3,0,0,0,0,0,0,0,0,0,0,0,0,0,0,0,0,0,0,0,0,0,0,0,0,0,0,0,0,0,0,0,0,0,0,0,0,0,0,0,3,0,0,0,0,0,0,0,0,0,0,0,0,0,0,0,0,0,0,0,0,0,0,0,0,0,0,0,0,0,0,0,0,0,0,0,0,0,0,0,3,0,0,0,0,0,0,0,0,0,0,0,0,0,0,0,0,0,0,0,0,0,0,0,0,0,0,0,0,0,3,0,0,0,0,0,0,0,0,0,0,0,0,0,0,0,0,0,0,0,0,0,0,0,0,0,0,0,0,0,0,0,0,0,0,0,0,0,0,0,0,0,0,0,0,0,0,0,0,0,0,0,0,0,0,0,0,0,0,0,0,0,0,0,0,0,0,0,0,0,0,0,0,0,0,0,0,0,0,0,0
11103122410,core,0,0,0,0,0,0,0,0,0,0,0,0,0,0,0,0,0,0,0,0,0,0,0,0,0,0,0,0,0,0,0,0,0,0,0,0,0,0,0,0,0,0,0,0,0,0,0,0,0,0,0,0,0,0,0,0,0,0,0,0,0,0,0,0,0,0,0,0,0,0,0,0,0,0,0,0,0,0,0,0,0,0,0,0,0,0,0,0,0,0,0,0,0,0,0,0,0,0,0,0,0,0,0,0,0,0,0,0,0,0,0,0,0,0,0,0,0,0,0,0,0,0,0,0,0,0,0,0,0,0,0,0,0,0,0,0,0,0,0,0,0,0,0,0,0,0,0,0,0,0,0,0,0,0,0,0,0,0,0,0,0,0,0,0,0,0,0,0,0,0,0,0,0,0,0,0,0,0,0,0,0,0,0,0,0,0,0,0,0,0,0,0,0,0,0,0,0,0,0,0
11103122411,core,0,3,24,16,9,9,0,0,0,60,7,4,0,0,3,4,0,0,0,17,0,0,3,0,0,5,0,0,0,7,0,0,0,0,0,0,0,0,0,0,7,8,25,17,16,17,0,0,0,86,0,0,0,0,0,0,0,0,0,0,0,0,0,0,0,0,0,0,0,0,0,0,0,0,0,0,0,0,0,3,7,8,25,13,16,17,0,0,0,90,4,0,3,0,0,6,9,3,0,30,0,0,5,0,0,0,0,4,0,9,6,8,33,17,21,24,12,11,0,131,0,7,9,6,9,8,0,0,0,38,0,7,6,4,9,5,0,0,0,33,0,0,0,0,0,3,0,0,0,8,0,0,0,0,0,0,0,0,0,5,0,8,20,18,14,24,0,0,0,78,0,0,0,0,0,0,0,0,0,0,0,0,0,0,0,0,0,0,0,0,0,0,0,0,0,0,0,0,0,0
11103122412,core,0,8,29,29,21,11,0,0,0,104,12,4,5,6,5,0,0,0,0,36,0,5,0,0,0,0,0,0,0,12,0,0,0,0,0,0,0,0,0,0,18,14,34,39,33,15,0,0,0,153,0,0,0,0,0,0,0,0,0,7,3,0,0,0,0,0,0,0,0,6,4,0,0,0,3,0,0,0,0,11,19,15,39,39,36,20,0,0,0,165,6,4,5,0,6,7,16,6,3,59,0,0,4,4,4,0,0,0,0,9,25,21,43,43,46,26,18,8,4,237,0,6,23,20,16,12,6,0,0,84,9,27,13,16,15,8,0,0,0,81,0,4,8,3,0,0,0,0,0,13,0,0,0,0,0,0,0,0,0,0,12,35,38,41,30,21,6,0,0,182,0,0,0,0,0,0,0,0,0,0,0,0,0,0,0,0,0,0,0,0,0,3,0,0,0,0,0,0,0,4
11103122413,core,0,3,29,22,14,9,5,0,0,81,6,4,5,3,8,7,0,0,0,30,0,0,3,0,6,0,0,0,0,7,0,0,0,0,0,0,0,0,0,0,3,9,41,28,21,18,3,0,0,119,0,0,3,0,0,0,0,0,0,3,0,6,0,0,0,0,0,0,0,10,0,3,7,0,0,3,0,0,0,13,3,12,41,28,24,15,3,0,0,131,5,0,4,4,6,4,12,8,0,46,0,4,4,0,0,5,0,0,0,10,6,17,51,29,34,28,19,5,0,192,0,10,20,6,11,11,0,0,0,60,3,8,15,9,11,9,4,0,0,60,3,0,0,0,0,0,0,0,0,4,0,0,0,0,0,0,0,0,0,3,6,29,39,19,18,20,6,0,0,131,0,0,0,0,0,0,0,0,0,3,0,0,0,0,0,0,0,0,0,3,0,0,4,0,0,0,0,0,0,8
11103122414,core,0,10,15,18,9,6,3,0,0,62,0,7,6,4,6,8,0,0,0,25,0,0,0,0,0,0,0,0,0,9,0,0,0,0,0,0,0,0,0,0,7,19,28,22,13,16,3,0,0,96,0,0,0,0,3,0,0,0,0,11,0,0,0,0,0,0,0,0,0,0,0,6,0,0,3,0,0,0,0,12,7,18,24,27,16,13,3,0,0,105,8,4,6,0,3,4,9,4,0,43,0,0,6,0,0,6,0,0,0,14,8,27,34,29,21,21,17,5,0,160,0,4,13,23,6,8,0,0,0,49,4,14,7,3,8,11,0,0,0,36,0,0,5,4,0,0,0,0,0,13,0,0,0,0,0,0,0,0,0,4,4,18,25,31,11,13,0,0,0,109,0,0,0,4,0,0,0,0,0,4,0,0,0,0,0,0,0,0,0,3,0,0,0,4,0,0,0,0,0,7
11103122415,core,0,9,24,26,20,6,0,0,0,93,0,8,8,10,6,3,0,0,0,32,0,0,4,0,0,3,0,0,0,9,0,0,0,0,0,0,0,0,0,0,3,18,39,31,20,14,4,0,0,129,0,0,0,0,0,0,0,0,0,8,0,3,0,0,0,0,0,0,0,6,0,3,0,3,0,0,0,0,0,8,3,21,39,35,20,14,5,0,0,137,5,0,5,3,3,8,18,4,0,49,0,5,9,0,7,0,0,0,0,20,3,27,53,42,29,18,24,4,0,208,0,6,27,16,5,5,0,0,0,62,5,13,11,9,13,3,3,0,0,57,0,0,6,0,0,0,0,0,0,6,0,0,0,0,0,0,0,0,0,0,5,17,36,33,16,13,3,0,0,133,0,0,0,0,0,0,0,0,0,0,0,0,0,0,0,0,0,0,0,0,0,0,0,0,0,0,0,0,0,3
11103122416,core,0,0,0,0,0,0,0,0,0,0,0,0,0,0,0,0,0,0,0,0,0,0,0,0,0,0,0,0,0,0,0,0,0,0,0,0,0,0,0,0,0,0,0,0,0,0,0,0,0,0,0,0,0,0,0,0,0,0,0,0,0,0,0,0,0,0,0,0,0,0,0,0,0,0,0,0,0,0,0,0,0,0,0,0,0,0,0,0,0,0,0,0,0,0,0,0,0,0,0,0,0,0,0,0,0,0,0,0,0,0,0,0,0,0,0,0,0,0,0,0,0,0,0,0,0,0,0,0,0,0,0,0,0,0,0,0,0,0,0,0,0,0,0,0,0,0,0,0,0,0,0,0,0,0,0,0,0,0,0,0,0,0,0,0,0,0,0,0,0,0,0,0,0,0,0,0,0,0,0,0,0,0,0,0,0,0,0,0,0,0,0,0,0,0,0,0,0,0,0,0
11103122417,core,4,4,9,13,0,3,0,0,0,34,0,0,9,3,0,3,0,0,0,19,0,4,0,0,0,0,0,0,0,4,0,0,0,0,0,0,0,0,0,0,4,10,22,16,0,7,0,0,0,59,0,0,0,0,0,0,0,0,0,0,0,0,0,0,0,0,0,0,0,0,0,0,0,0,0,0,0,0,0,0,4,10,24,16,0,7,0,0,0,64,0,0,0,5,0,0,3,4,3,27,0,3,5,3,0,0,0,0,0,12,3,9,29,17,10,12,8,4,3,99,0,0,14,6,5,7,0,0,0,37,6,6,7,5,0,8,3,0,0,29,0,0,0,0,0,0,0,0,0,0,0,0,0,0,0,0,0,0,0,0,6,12,25,16,8,5,0,0,0,69,0,0,0,0,0,0,0,0,0,0,0,0,0,0,0,0,0,0,0,0,0,0,0,0,0,0,0,0,0,0
11103122418,core,0,6,28,29,20,21,4,0,0,108,3,10,15,8,6,10,7,0,0,49,0,3,0,0,0,3,0,0,0,5,0,0,0,0,0,0,0,0,0,0,5,20,47,36,23,28,9,0,0,163,0,3,0,0,0,0,0,0,0,0,0,0,0,0,0,0,0,0,0,8,0,0,0,0,0,0,0,0,0,5,10,24,45,36,23,30,8,0,0,173,7,0,0,3,4,17,35,16,15,98,0,5,7,0,0,3,0,0,0,14,15,31,55,39,28,48,43,19,15,280,3,12,24,12,12,12,0,0,0,66,13,25,16,11,15,12,3,0,0,98,5,0,8,4,0,3,0,0,0,13,0,0,0,0,0,0,0,0,0,0,18,37,44,24,20,25,8,0,0,180,0,0,0,0,3,0,0,0,0,0,0,0,0,0,0,0,0,0,0,0,0,0,0,0,3,0,0,0,0,6
11103122419,core,0,0,25,15,9,7,0,0,0,62,0,12,11,5,4,4,3,0,0,30,0,0,0,0,0,3,0,0,0,9,0,0,0,0,0,0,0,0,0,0,5,12,34,21,14,13,4,0,0,104,0,0,0,0,0,0,0,0,0,5,0,0,0,0,0,0,0,0,0,0,0,4,0,0,0,0,0,0,0,5,5,18,38,21,14,13,4,0,0,103,0,3,5,3,3,4,13,3,0,33,0,0,3,0,0,0,0,0,0,4,6,20,42,24,22,18,18,3,0,144,0,7,17,14,12,13,3,0,0,54,9,12,15,5,6,9,0,0,0,50,0,4,0,0,4,5,0,0,0,8,0,0,0,0,0,0,0,0,0,4,4,23,34,25,20,20,3,0,0,124,0,0,0,0,0,0,0,0,0,0,3,0,0,0,0,0,0,0,0,3,3,0,0,0,0,0,0,0,0,8
11103122420,core,0,4,14,4,6,6,0,0,0,36,0,5,8,4,0,5,0,0,0,13,0,0,4,0,0,0,0,0,0,3,0,0,0,0,0,0,0,0,0,0,0,7,22,9,10,4,0,0,0,49,0,0,0,0,0,0,0,0,0,6,0,0,0,0,0,0,0,0,0,0,0,0,0,0,0,0,0,0,0,6,0,7,22,5,11,6,0,0,0,55,0,0,4,3,0,4,9,0,0,20,0,0,6,0,3,0,0,0,0,11,0,8,30,14,13,13,6,5,0,90,0,3,4,0,0,0,0,0,0,16,0,7,5,3,3,0,0,0,0,25,0,0,3,0,0,0,0,0,0,3,0,0,0,0,0,0,0,0,0,0,0,12,14,8,7,0,0,0,0,45,0,0,0,0,0,0,0,0,0,6,0,0,0,0,0,0,0,0,0,4,0,0,0,0,0,0,0,0,0,3
11103122421,core,0,8,28,29,29,19,3,0,0,115,5,17,20,17,4,6,0,0,0,70,0,0,0,0,0,0,3,0,0,7,0,0,0,0,0,0,0,0,0,4,6,29,44,45,32,24,5,0,0,193,0,0,0,0,0,0,0,0,0,8,3,0,0,0,0,0,0,0,0,3,3,0,0,0,0,0,0,0,0,12,7,36,50,47,32,24,9,0,0,199,3,5,3,10,14,18,31,11,9,98,0,0,5,4,0,3,0,0,0,18,19,36,56,53,45,49,38,16,9,321,0,12,32,17,24,13,0,0,0,95,6,26,26,16,14,15,7,0,0,111,0,6,3,0,0,0,0,0,0,11,0,0,0,0,0,0,0,0,0,0,11,39,58,34,41,27,11,0,0,218,0,0,0,0,3,0,0,0,0,4,0,0,0,0,0,0,0,0,0,0,0,0,0,0,3,0,0,0,0,9
11103122422,core,0,9,17,30,23,20,4,0,0,103,16,18,12,9,8,9,6,3,0,81,0,0,0,0,4,0,0,0,0,12,0,0,0,0,0,0,0,0,0,5,17,29,32,39,33,33,12,3,0,204,0,0,0,0,0,3,0,0,0,3,0,6,0,0,0,0,0,0,0,3,0,6,0,0,0,3,0,0,0,9,19,34,32,39,33,39,9,3,0,207,4,0,3,0,4,8,19,12,7,60,0,0,0,0,4,0,3,0,0,14,20,32,42,46,40,53,35,10,9,281,0,13,16,21,18,10,8,0,0,82,8,19,18,30,15,10,10,0,0,105,0,5,0,0,0,5,0,0,0,10,0,0,0,0,0,0,0,0,0,0,10,30,31,45,37,26,9,0,0,197,0,0,0,0,0,3,0,0,0,3,7,0,0,0,0,0,0,0,0,4,7,0,0,0,0,3,0,0,0,9
11103122423,core,0,8,24,9,12,10,0,0,0,66,0,15,5,0,4,4,0,0,0,23,0,4,0,0,0,0,0,0,0,6,0,0,0,0,0,0,0,0,0,0,0,26,30,13,14,14,0,0,0,101,0,0,0,0,0,0,0,0,0,3,0,0,0,4,0,0,0,0,0,4,0,0,0,4,0,0,0,0,0,9,4,25,32,14,14,19,4,0,0,107,0,0,0,3,0,4,19,14,0,48,0,0,0,3,0,0,0,0,0,10,4,31,38,22,13,22,17,15,3,163,0,15,16,14,12,9,0,0,0,70,0,15,10,7,6,8,0,0,0,52,0,3,0,0,0,0,0,0,0,3,0,0,0,0,0,0,0,0,0,4,3,38,25,24,16,21,0,0,0,127,0,0,0,0,0,0,0,0,0,0,0,0,0,0,5,0,0,0,0,0,0,0,0,0,5,0,0,0,0,0
11103122424,core,0,13,27,14,17,12,0,0,0,77,0,5,7,6,0,0,0,0,0,29,0,3,3,0,3,0,0,0,0,11,0,0,0,0,0,0,0,0,0,0,3,25,31,19,21,16,3,0,0,115,0,0,0,0,0,0,0,0,0,4,0,0,0,0,0,0,0,0,0,3,0,4,0,0,0,3,0,0,0,7,3,27,33,19,21,10,3,0,0,127,0,0,3,3,0,8,7,6,0,26,0,0,0,0,0,0,0,0,0,3,3,24,35,24,23,23,13,6,0,159,0,6,21,18,12,4,0,0,0,61,0,21,11,10,8,6,3,0,0,56,0,3,4,6,0,0,0,0,0,10,0,0,0,0,0,0,0,0,0,0,6,33,30,26,24,13,3,0,0,132,0,0,0,0,0,0,0,0,0,5,0,0,0,0,0,0,0,0,0,0,0,0,0,0,0,0,0,0,0,4
11103122425,core,0,3,29,22,18,14,0,0,0,90,3,16,4,0,3,11,4,0,0,36,0,0,3,0,0,0,0,0,0,8,0,0,0,0,0,0,0,0,0,0,3,21,37,24,20,21,6,0,0,131,0,0,0,0,0,0,0,0,0,0,0,5,0,0,0,0,0,0,0,7,0,8,0,0,0,0,0,0,0,8,3,22,37,24,20,25,6,0,0,140,0,0,3,5,0,9,17,10,0,45,0,0,0,0,0,0,0,0,3,7,6,21,40,26,20,33,24,8,3,188,0,11,20,5,11,7,3,0,0,59,11,15,10,8,6,12,0,0,0,60,0,4,5,6,0,0,3,0,0,10,0,0,0,0,0,0,0,0,0,0,11,30,31,24,21,21,5,0,0,133,0,0,0,4,0,0,0,0,0,3,0,0,0,0,0,5,0,0,0,3,0,0,0,4,0,5,0,0,0,8
11103122426,core,0,11,28,24,25,12,3,0,0,99,3,15,10,6,8,4,10,0,0,52,0,4,6,0,0,0,0,0,0,12,0,0,0,0,0,0,0,0,0,0,4,29,44,27,29,17,13,0,0,166,0,0,0,0,4,0,0,0,0,5,3,0,0,0,0,0,0,0,0,5,3,0,0,0,4,0,0,0,0,5,6,29,44,29,32,21,13,0,0,173,7,4,0,0,0,13,22,15,5,72,0,0,0,3,0,0,3,0,0,10,15,39,43,34,35,27,48,15,5,257,0,0,25,14,22,17,0,0,0,78,8,13,12,10,10,5,7,0,0,61,0,0,4,3,0,3,0,0,0,10,0,0,0,0,0,0,0,0,0,0,6,18,39,22,31,23,5,0,0,149,0,0,0,0,4,0,0,0,0,3,0,0,0,0,0,5,0,0,0,5,0,0,3,0,3,0,0,0,0,10
11103122427,core,0,4,15,26,31,20,7,0,0,99,7,7,8,4,7,4,0,0,0,44,4,4,3,0,0,3,0,0,0,10,0,0,0,0,0,0,0,0,0,0,10,21,28,30,37,28,5,0,0,157,0,0,0,0,0,0,0,0,0,7,0,0,0,0,0,0,0,0,0,5,0,0,0,0,0,5,0,0,0,9,12,21,29,36,35,28,5,0,0,168,10,0,4,0,5,13,27,17,3,79,0,3,3,0,0,3,0,0,0,10,19,25,32,41,44,42,36,17,3,250,0,8,0,22,19,8,0,0,0,65,9,12,10,12,16,15,3,0,0,69,0,6,3,0,0,3,0,0,0,11,0,0,0,0,0,0,0,0,0,0,8,25,11,39,36,23,7,0,0,151,0,0,0,0,3,0,0,0,0,4,0,0,0,0,0,0,0,0,0,0,0,0,0,0,7,0,0,0,0,5
11103122428,core,0,3,9,18,15,3,0,0,0,58,3,0,0,0,8,5,0,0,0,17,0,0,0,0,0,5,0,0,0,3,0,0,0,0,0,0,0,0,0,0,4,6,9,21,19,10,0,0,0,76,0,0,0,0,0,0,0,0,0,0,0,0,0,0,0,0,0,0,0,0,0,0,0,0,0,0,0,0,0,0,4,6,14,21,26,10,0,0,0,78,3,0,0,0,6,7,15,13,6,53,0,0,0,0,0,0,0,0,0,4,11,5,14,20,29,22,17,15,6,133,0,0,4,11,8,6,5,0,0,26,5,3,0,13,6,4,0,0,0,40,3,0,0,0,3,0,0,0,0,5,0,0,0,0,0,0,0,0,0,0,7,6,7,22,17,10,5,0,0,78,0,0,0,0,0,0,0,0,0,0,0,0,0,0,0,0,0,0,0,3,0,0,0,0,0,0,0,0,0,4
11103122429,core,5,7,12,17,31,13,0,0,0,87,6,9,0,6,0,3,6,0,0,26,0,0,0,0,4,0,0,0,0,7,0,0,0,0,0,0,0,0,0,0,7,12,19,21,35,25,5,0,0,123,0,0,0,0,0,0,0,0,0,8,4,0,0,0,0,0,0,0,0,4,4,0,0,0,0,5,0,0,0,13,13,12,15,21,39,27,7,0,0,138,3,3,0,0,4,11,21,23,5,67,0,0,0,0,0,0,0,0,0,3,21,15,18,23,42,35,30,24,5,209,0,4,10,8,14,3,3,0,0,48,6,0,9,14,18,8,0,0,0,60,0,0,0,0,0,0,0,0,0,0,0,0,0,0,0,0,0,0,0,0,5,8,20,22,31,16,5,0,0,109,0,0,0,0,0,0,0,0,0,0,0,0,0,0,0,0,0,0,0,0,0,0,0,0,0,0,0,0,0,4
11103122430,core,0,3,8,13,24,19,0,0,0,71,5,5,6,5,3,8,13,0,0,37,0,4,0,0,0,0,0,0,0,3,0,0,0,0,0,0,0,0,0,0,5,6,12,14,29,33,9,0,0,119,0,0,0,0,0,0,0,0,0,3,0,0,0,0,0,0,0,0,0,0,0,0,0,0,0,0,0,0,0,5,5,11,12,19,29,33,9,0,0,116,10,0,0,0,0,4,17,0,3,39,0,0,0,0,0,0,0,0,0,3,18,13,16,19,28,34,26,0,3,156,0,3,4,7,7,15,4,0,0,38,0,9,0,5,23,4,3,0,0,50,0,0,0,0,0,0,0,0,0,3,0,0,0,0,0,0,0,0,0,0,0,8,8,14,31,16,7,0,0,92,0,0,0,0,0,0,0,0,0,5,0,0,0,0,0,0,0,0,0,0,0,0,0,0,0,0,0,0,0,5
11103122431,core,0,8,9,21,25,22,5,0,0,93,17,4,4,3,4,4,6,0,0,43,0,0,0,0,0,0,0,0,0,0,0,0,0,0,0,0,0,0,0,0,17,15,15,27,25,25,7,0,0,144,0,0,0,0,0,0,0,0,0,3,0,0,0,0,0,0,0,0,0,0,0,0,0,0,0,0,0,0,0,5,18,15,17,27,32,31,7,0,0,143,3,0,0,0,0,6,11,7,7,41,0,0,0,0,0,0,0,0,0,3,15,16,18,28,27,34,22,11,7,191,0,4,9,16,13,13,0,0,0,48,15,8,7,12,19,9,0,0,0,71,0,0,0,0,0,5,0,0,0,10,0,0,0,0,0,0,0,0,0,0,16,12,14,27,28,19,0,0,0,132,0,0,0,0,0,0,0,0,0,0,0,0,0,0,0,0,0,0,0,0,0,0,0,0,0,0,0,0,0,5
11103122432,core,0,0,4,10,13,9,0,0,0,38,7,6,0,3,5,7,0,0,0,20,0,0,0,0,0,0,0,0,0,0,0,0,0,0,0,0,0,0,0,0,7,4,8,9,16,11,4,0,0,65,0,0,0,0,0,0,0,0,0,0,0,0,0,0,0,5,0,0,0,4,0,0,0,0,0,5,0,0,0,4,7,4,8,9,16,13,3,0,0,69,0,0,0,0,0,6,7,9,0,30,0,0,4,0,0,0,0,0,0,9,9,8,9,13,16,20,12,9,0,101,0,4,4,3,7,0,0,0,0,25,0,0,3,6,9,8,0,0,0,27,0,0,0,0,4,0,0,0,0,6,0,0,0,0,0,0,0,0,0,0,0,4,10,16,23,7,6,0,0,62,0,0,0,0,0,0,0,0,0,0,0,0,0,0,0,0,0,0,0,3,0,0,0,0,0,0,0,0,0,3
11103122501,core,0,6,18,31,36,9,0,0,0,106,11,4,5,5,8,11,0,0,0,37,0,0,0,0,3,3,0,0,0,12,0,0,0,0,0,0,0,0,0,4,14,11,22,36,46,28,3,0,0,158,0,0,0,0,0,0,0,0,0,0,0,0,0,0,0,0,0,0,0,4,5,0,0,0,0,0,0,0,0,3,13,11,22,38,46,23,5,0,0,162,4,0,4,0,0,9,14,15,0,55,0,0,0,0,3,0,0,0,0,11,15,17,32,38,49,37,21,15,0,223,0,3,12,18,29,13,4,0,0,73,6,10,10,13,14,14,0,0,0,73,3,0,0,5,0,5,0,0,0,17,0,0,0,0,0,0,0,0,0,0,10,19,21,36,45,22,5,0,0,161,0,0,0,0,0,0,0,0,0,0,5,0,0,0,0,0,0,0,0,5,5,0,0,0,0,0,0,0,0,5
11103122502,core,0,0,12,13,17,5,3,0,0,50,6,5,0,0,0,0,0,0,0,13,0,0,0,0,0,0,0,0,0,0,0,0,0,0,0,0,0,0,0,0,6,4,9,22,21,4,5,0,0,69,0,0,0,0,0,0,0,0,0,0,0,0,0,0,0,0,0,0,0,0,0,0,0,0,0,0,0,0,0,0,6,4,9,22,21,4,5,0,0,69,0,5,0,0,0,5,9,3,4,27,0,0,0,0,0,0,0,0,0,0,7,9,9,22,23,12,13,3,4,95,0,0,5,17,12,0,0,0,0,44,9,0,3,15,11,4,4,0,0,40,0,0,0,0,0,0,0,0,0,5,0,0,0,0,0,0,0,0,0,0,9,4,7,32,25,11,6,0,0,94,0,0,0,0,0,0,0,0,0,0,0,0,0,0,0,0,0,0,0,0,0,0,0,0,0,0,0,0,0,0
11103122503,core,0,3,17,28,20,11,4,0,0,77,0,9,7,0,0,10,0,0,0,24,0,0,0,0,0,0,0,0,0,0,0,0,0,0,0,0,0,0,0,0,8,12,17,25,28,20,4,0,0,109,0,0,0,0,0,0,0,0,0,0,0,0,0,0,0,0,0,0,0,3,0,0,0,0,0,0,0,0,0,3,8,14,20,25,27,20,4,0,0,109,4,0,0,0,6,8,16,9,8,50,0,0,0,4,0,4,0,0,0,10,6,17,22,32,28,24,18,9,8,163,0,0,12,12,15,17,0,0,0,56,12,0,4,16,14,6,0,0,0,50,0,0,3,0,0,0,0,0,0,5,0,0,0,0,0,0,0,0,0,0,12,0,21,28,31,20,4,0,0,112,0,0,0,0,0,0,0,0,0,0,0,0,0,0,0,0,0,0,0,0,0,0,0,0,0,0,0,0,0,3
11103122504,core,0,9,42,30,16,20,3,0,0,123,0,8,11,7,0,5,0,0,0,26,0,0,0,0,0,0,0,0,0,3,0,0,0,0,0,0,0,0,0,3,0,21,52,35,24,18,4,0,0,158,0,0,5,3,0,0,0,0,0,12,0,0,0,0,0,0,0,0,0,3,0,0,7,3,0,0,0,0,0,13,5,20,61,34,24,24,4,0,0,171,3,8,9,8,5,12,19,29,14,98,0,0,7,3,6,0,5,0,0,17,4,30,72,43,33,34,27,26,18,286,0,9,37,27,15,7,4,0,0,107,6,17,13,10,18,11,3,0,0,76,0,7,3,0,0,0,0,0,0,11,0,0,0,0,0,0,0,0,0,3,6,34,58,36,36,20,9,0,0,197,0,0,0,0,0,0,0,0,0,0,3,0,0,3,0,0,0,0,0,5,3,0,0,3,0,0,0,0,0,5
11103122505,core,5,3,15,23,24,14,0,0,0,83,10,5,3,0,0,0,3,0,0,16,4,0,0,0,4,0,0,0,0,14,0,0,0,0,0,0,0,0,0,0,10,9,16,25,29,18,3,0,0,116,0,0,0,0,0,0,0,0,0,3,4,0,0,0,0,0,0,0,0,6,4,0,0,0,0,0,0,0,0,5,17,10,13,25,29,16,3,0,0,118,10,0,0,0,3,3,8,6,3,37,0,0,0,0,0,0,0,0,0,4,23,16,19,25,37,23,13,6,3,161,0,3,4,12,17,4,0,0,0,41,7,5,3,18,10,12,4,0,0,54,0,0,0,4,0,0,0,0,0,11,0,0,0,0,0,0,0,0,0,3,11,7,10,28,25,9,5,0,0,107,0,0,0,0,0,0,0,0,0,0,0,0,0,0,0,0,0,0,0,7,0,0,0,0,0,0,0,0,0,9
11103122506,core,0,6,18,18,11,15,0,0,0,66,0,3,3,4,3,0,0,0,0,16,0,0,0,0,0,0,0,0,0,0,0,0,0,0,0,0,0,0,0,0,4,10,18,25,12,15,0,0,0,79,0,0,0,0,0,0,0,0,0,0,0,0,0,0,0,0,0,0,0,0,0,0,0,0,0,0,0,0,0,3,8,9,18,25,12,15,0,0,0,85,0,0,0,4,0,8,12,6,0,31,0,0,3,0,0,0,0,0,0,7,3,8,24,24,14,26,10,6,0,118,0,9,3,8,15,4,0,0,0,40,10,3,3,5,14,6,0,0,0,44,0,0,3,4,0,0,0,0,0,8,0,0,0,0,0,0,0,0,0,0,9,11,19,18,28,19,0,0,0,97,0,0,0,0,0,0,0,0,0,0,0,0,0,0,0,0,0,0,0,0,0,0,0,0,0,0,0,0,0,0
11103122507,core,0,0,21,8,22,10,8,0,0,71,8,4,5,9,3,6,0,0,0,30,0,0,0,0,0,0,0,0,0,5,0,0,0,0,0,0,0,0,0,3,12,5,22,20,30,18,10,0,0,114,0,0,0,0,0,0,0,0,0,3,0,0,0,0,0,0,0,0,0,4,0,0,0,5,0,0,0,0,0,9,11,10,20,22,30,21,6,0,0,120,4,3,0,0,4,10,24,10,5,76,0,0,0,0,0,6,3,3,0,13,16,7,22,22,33,33,42,13,4,201,0,0,9,13,15,12,0,0,0,46,4,6,8,7,9,14,5,0,0,56,0,0,8,0,0,0,0,0,0,18,0,0,0,0,0,0,0,0,0,0,5,6,26,22,24,30,5,0,0,120,0,0,0,0,0,0,0,0,0,0,0,0,0,0,0,0,0,0,0,3,0,0,0,0,0,0,0,0,0,4
11103122508,core,0,7,12,21,39,19,5,0,0,99,19,17,3,0,3,4,3,0,0,53,4,0,0,0,0,3,0,0,0,8,0,0,0,0,0,0,0,0,0,0,24,25,16,21,48,28,7,3,0,169,0,0,0,0,0,0,0,0,0,0,4,0,0,0,0,0,0,0,0,4,4,0,0,0,0,0,0,0,0,4,29,25,17,21,48,28,7,3,0,173,0,0,0,0,5,8,21,12,5,47,0,0,0,0,0,5,0,0,0,5,29,25,15,27,48,33,32,10,5,227,0,0,11,16,23,9,0,0,0,59,16,14,6,18,20,8,4,0,0,92,0,0,0,0,0,0,0,0,0,9,0,0,0,0,0,0,0,0,0,3,16,18,9,38,48,24,4,0,0,159,0,0,0,0,0,0,0,0,0,0,0,0,0,0,0,0,0,0,0,6,0,0,0,0,0,0,0,0,0,6
11103122509,core,0,5,8,21,18,13,4,0,0,59,10,10,4,3,0,4,4,0,0,34,0,0,0,0,0,0,0,0,0,4,0,0,0,0,0,0,0,0,0,0,7,9,13,20,15,16,4,0,0,97,0,0,0,0,0,0,0,0,0,0,0,0,0,0,0,0,0,0,0,0,0,0,0,0,0,0,0,0,0,0,7,9,13,20,15,17,4,0,0,99,0,0,3,0,0,7,9,7,3,32,0,0,0,0,0,0,3,0,0,3,10,13,13,25,15,26,20,10,3,135,0,3,8,8,13,11,0,0,0,38,3,3,7,11,10,8,0,0,0,47,0,0,3,0,0,0,0,0,0,8,0,0,0,0,0,0,0,0,0,0,3,6,13,21,20,24,0,0,0,91,0,0,0,0,0,0,0,0,0,0,0,0,0,0,0,0,0,0,0,0,0,0,0,0,0,0,0,0,0,0
11103122510,core,3,6,12,10,19,11,0,0,0,62,0,6,3,0,0,5,0,0,0,14,0,0,0,0,0,0,0,0,0,3,0,0,0,0,0,0,0,0,0,0,3,14,14,14,19,17,0,0,0,79,0,0,0,0,0,0,0,0,0,5,0,0,0,0,0,0,0,0,0,0,0,0,0,0,0,0,0,0,0,3,4,14,14,14,19,18,0,0,0,81,3,5,0,0,4,3,13,9,3,31,0,0,0,0,0,0,0,0,0,0,6,13,14,14,20,20,14,7,3,115,0,4,11,11,12,7,0,0,0,49,11,4,3,10,11,4,0,0,0,37,0,0,0,0,0,6,0,0,0,5,0,0,0,0,0,0,0,0,0,0,10,9,14,15,25,12,5,0,0,85,0,0,0,0,0,0,0,0,0,0,0,0,0,0,0,0,0,0,0,0,0,0,0,0,0,0,0,0,0,0
11103122511,core,3,0,17,26,17,9,0,0,0,70,6,5,9,0,5,0,0,0,0,30,0,0,0,0,0,0,0,0,0,0,0,0,0,0,0,0,0,0,0,0,7,10,18,30,22,14,0,0,0,103,0,0,0,0,0,0,0,0,0,3,0,0,0,0,0,0,0,0,0,0,0,0,0,0,0,0,0,0,0,3,7,10,18,30,22,16,0,0,0,107,4,0,4,0,0,11,6,5,0,37,0,0,0,0,0,3,0,0,0,4,14,13,25,28,21,22,15,5,0,144,0,0,3,15,13,0,0,0,0,40,4,6,3,9,9,9,0,0,0,42,0,0,0,3,0,4,0,0,0,7,0,4,0,0,0,0,0,0,0,0,4,10,9,29,20,14,0,0,0,91,0,0,0,0,0,0,0,0,0,0,0,0,0,0,0,0,0,0,0,5,0,0,0,0,0,0,0,0,0,5
11103122512,core,3,6,10,16,12,9,4,0,0,66,9,3,0,4,0,0,3,0,0,30,0,0,0,0,0,0,0,0,0,6,0,0,0,0,0,0,0,0,0,0,16,5,15,25,14,12,5,0,0,99,0,0,0,0,0,0,0,0,0,0,0,0,0,0,0,0,0,0,0,0,0,0,0,0,0,0,0,0,0,0,14,5,14,25,14,12,5,0,0,103,4,0,0,0,0,8,16,17,0,53,0,0,0,0,0,0,0,0,0,0,22,5,14,25,21,24,20,17,0,154,0,0,3,10,8,4,0,0,0,28,6,0,9,7,14,9,0,0,0,43,0,3,7,0,0,6,0,0,0,16,0,0,0,0,0,0,0,0,0,0,7,9,12,22,20,21,5,0,0,93,0,0,0,0,0,0,0,0,0,0,0,0,0,0,0,0,0,0,0,0,0,0,0,0,0,0,0,0,0,0
11103122513,core,4,8,18,29,32,25,0,0,0,111,16,9,3,0,6,5,11,0,0,44,0,4,0,0,0,0,0,0,0,9,0,0,0,0,0,0,0,0,0,0,16,14,21,31,41,30,13,0,0,169,0,0,0,0,0,0,0,0,0,3,3,0,0,0,0,0,0,0,0,3,3,0,0,0,0,0,0,0,0,3,23,19,21,31,41,30,13,0,0,173,3,0,0,0,3,8,24,8,5,65,0,0,0,0,0,3,0,0,0,3,29,19,20,30,46,43,37,13,5,245,0,5,9,18,22,15,0,0,0,70,14,3,13,21,19,10,3,0,0,80,8,5,0,0,0,0,0,0,0,10,0,0,0,0,0,0,0,0,0,0,19,11,16,41,42,26,3,0,0,164,0,0,0,0,0,0,0,0,0,0,0,0,0,0,3,0,0,0,0,3,0,0,0,0,3,0,0,0,0,5
11103122514,core,0,4,13,23,16,13,3,0,0,76,5,4,8,4,9,4,0,0,0,31,0,0,3,0,0,0,0,0,0,9,0,0,0,0,0,0,0,0,0,0,10,9,22,31,24,18,6,0,0,116,0,0,0,0,0,0,0,0,0,6,0,0,0,0,0,0,0,0,0,0,0,0,0,0,0,0,0,0,0,6,10,9,22,31,22,18,6,0,0,119,3,3,5,3,5,13,17,9,3,61,0,0,0,0,3,5,0,0,0,6,10,20,30,35,33,35,23,9,3,189,0,0,20,14,13,10,4,0,0,62,3,8,20,7,16,13,3,0,0,76,3,0,6,0,0,0,0,0,0,8,0,0,0,0,0,0,0,0,0,0,10,8,41,25,35,23,8,0,0,151,0,0,0,0,0,0,0,0,0,0,0,0,0,5,0,0,0,0,0,4,0,0,0,5,0,0,0,0,0,4
11103122515,core,0,5,12,12,22,9,0,0,0,65,5,8,0,0,0,4,0,0,0,21,0,0,0,0,0,0,0,0,0,7,0,0,0,0,0,0,0,0,0,0,8,16,18,15,23,11,0,0,0,87,0,0,0,0,0,0,0,0,0,0,0,0,0,0,0,0,0,0,0,0,0,0,0,0,0,0,0,0,0,0,8,15,18,15,23,11,0,0,0,92,4,5,0,0,4,0,10,7,0,28,0,0,0,0,0,3,0,0,0,10,16,18,18,14,26,21,11,7,0,128,0,3,13,9,12,6,0,0,0,38,4,5,11,8,9,10,0,0,0,44,0,0,5,0,0,0,0,0,0,4,0,0,0,0,0,0,0,0,0,0,4,8,26,19,25,13,0,0,0,89,0,0,0,0,0,0,0,0,0,3,0,0,0,0,0,0,0,0,0,0,0,0,0,0,0,0,0,0,0,3
11103122516,core,3,9,36,21,18,12,0,0,0,105,6,4,4,5,7,6,0,0,0,30,3,0,4,0,0,0,0,0,0,5,0,0,0,0,0,0,0,0,0,4,7,10,41,29,25,23,4,0,0,147,0,0,0,0,0,0,0,0,0,0,0,0,0,0,0,0,0,0,0,4,0,0,0,0,0,0,0,0,0,9,9,10,41,29,27,23,4,0,0,153,3,5,0,3,6,8,11,9,0,52,0,0,0,5,0,0,0,0,0,8,18,15,46,32,37,33,10,8,4,217,3,6,27,6,6,0,0,0,0,63,0,4,18,9,18,8,3,0,0,62,0,0,0,3,0,0,0,0,0,6,0,0,0,0,0,0,0,0,0,0,6,16,41,24,25,12,3,0,0,133,0,0,0,0,0,0,0,0,0,0,0,0,0,0,0,0,0,0,0,0,0,0,0,0,0,0,0,0,0,5
11103122517,core,0,3,17,9,12,5,0,0,0,51,4,5,5,14,5,0,0,0,0,30,0,0,0,0,0,0,0,0,0,3,0,0,0,0,0,0,0,0,0,0,4,8,20,26,16,10,0,0,0,83,0,0,0,0,0,0,0,0,0,0,0,0,0,0,9,0,0,0,0,11,3,0,0,0,9,0,0,0,0,14,7,8,23,27,24,10,0,0,0,92,6,3,0,8,15,16,12,8,0,63,0,0,0,0,3,0,0,0,0,9,17,7,25,32,41,21,15,7,0,166,0,0,10,3,10,5,0,0,0,32,4,3,10,10,13,11,0,0,0,42,0,0,6,0,0,0,0,0,0,6,0,0,0,0,0,0,0,0,0,0,6,11,21,15,17,11,0,0,0,84,0,0,0,0,0,0,0,0,0,6,0,0,0,0,0,0,0,0,0,0,0,0,0,3,0,0,0,0,0,6
11103122518,core,0,7,17,20,25,11,0,0,0,83,12,8,6,7,4,3,0,0,0,43,0,0,0,0,3,0,0,0,0,5,0,0,0,0,0,0,0,0,0,3,12,16,22,31,30,17,4,0,0,132,0,0,0,3,0,0,0,0,0,5,3,0,0,0,0,0,0,0,0,3,3,0,3,3,0,0,0,0,0,5,11,16,27,30,30,17,4,0,0,142,4,4,0,4,5,11,10,9,7,55,0,0,0,0,0,4,0,0,0,10,15,21,27,32,35,31,20,11,5,198,0,0,14,12,20,14,0,0,0,59,12,18,8,18,12,14,4,0,0,81,0,0,0,4,0,0,0,0,0,4,0,0,0,0,0,0,0,0,0,0,12,18,24,30,29,26,4,0,0,144,0,0,0,0,0,0,0,0,0,0,0,0,0,0,0,0,0,0,0,3,0,0,0,0,0,0,0,0,0,5
11103122519,core,3,6,25,21,22,14,0,0,0,85,7,8,4,7,0,5,5,0,0,28,4,0,5,0,0,3,0,0,0,7,0,0,0,0,0,0,0,0,0,0,11,11,33,25,21,21,5,0,0,127,0,0,0,0,0,0,0,0,0,3,0,0,4,0,0,0,0,0,0,3,0,0,4,0,0,0,0,0,0,7,11,11,36,21,22,21,5,0,0,131,11,0,0,3,0,16,22,4,3,61,0,0,0,0,0,0,0,0,0,5,16,13,37,27,24,34,29,9,3,194,0,11,19,14,11,8,0,0,0,54,3,6,19,8,15,10,4,0,0,72,0,3,0,4,0,4,0,0,0,8,0,0,0,0,0,0,0,0,0,0,3,18,40,26,24,19,5,0,0,137,0,0,0,0,0,0,0,0,0,0,0,0,4,0,0,0,0,0,0,3,0,0,4,0,0,0,0,0,0,3
11103122520,core,0,0,6,9,15,8,0,0,0,40,4,4,0,0,3,5,0,0,0,20,0,0,0,0,0,0,0,0,0,6,0,0,0,0,0,0,0,0,0,0,3,3,6,10,16,13,0,0,0,62,0,0,0,0,0,0,0,0,0,0,0,0,0,0,0,0,0,0,0,4,0,0,0,0,0,0,0,0,0,4,5,3,6,10,17,13,0,0,0,62,7,0,5,0,0,5,9,3,3,27,0,0,0,0,0,0,0,0,0,0,15,4,12,10,17,14,6,6,3,95,0,5,3,3,14,3,0,0,0,26,4,7,0,6,8,5,0,0,0,35,0,0,0,0,0,0,0,0,0,3,0,0,0,0,0,0,0,0,0,0,4,12,5,14,22,11,0,0,0,65,0,0,0,0,0,0,0,0,0,0,0,0,0,0,0,0,0,0,0,0,0,0,0,0,0,0,0,0,0,0
11103122521,core,5,3,16,19,21,19,0,0,0,87,10,3,4,4,5,8,3,0,0,31,3,0,0,3,0,0,0,0,0,4,0,0,0,0,0,0,0,0,0,4,15,13,22,26,23,26,6,0,0,130,0,0,0,0,0,0,0,0,0,0,0,0,0,0,0,0,0,0,0,0,0,0,0,0,0,0,0,0,0,0,16,13,22,26,23,26,6,0,0,133,5,4,3,0,3,4,15,3,0,48,0,0,0,0,0,0,0,0,0,5,19,19,25,27,31,30,19,3,0,178,0,4,11,7,21,8,0,0,0,43,15,5,5,14,16,11,4,0,0,61,0,0,0,0,0,3,0,0,0,5,0,0,0,0,0,0,0,0,0,0,12,10,15,20,34,23,4,0,0,115,0,0,0,0,0,0,0,0,0,0,0,0,0,0,0,0,0,0,0,0,0,0,0,0,0,0,0,0,0,0
11103122522,core,6,0,3,11,18,15,0,0,0,62,4,3,4,0,4,4,0,0,0,25,0,0,0,0,0,0,0,0,0,4,0,0,0,0,0,0,0,0,0,0,10,10,8,11,19,23,0,0,0,87,0,0,0,0,0,0,0,0,0,0,0,0,0,0,0,0,0,0,0,0,0,0,0,0,0,0,0,0,0,4,10,10,8,17,19,23,0,0,0,89,7,9,4,0,0,3,6,9,0,37,0,0,0,0,0,3,0,0,0,5,11,12,10,15,21,35,10,15,0,126,0,4,4,4,17,13,0,0,0,36,8,10,3,10,11,3,0,0,0,47,3,0,0,0,0,0,0,0,0,3,0,0,0,0,0,0,0,0,0,0,10,10,12,13,25,15,0,0,0,84,0,0,0,0,0,0,0,0,0,0,0,0,0,0,0,0,0,0,0,0,0,0,0,0,0,0,0,0,0,0
11103122523,core,0,7,23,11,6,5,0,0,0,51,0,6,4,5,3,4,0,0,0,22,0,0,4,0,0,0,0,0,0,8,0,0,0,0,0,0,0,0,0,0,4,15,33,13,10,11,0,0,0,81,0,3,0,0,0,0,0,0,0,8,0,0,0,0,0,0,0,0,0,4,3,3,0,0,0,4,0,0,0,8,7,15,32,13,14,11,0,0,0,90,4,5,7,7,17,17,21,17,4,98,0,3,3,3,0,3,3,0,4,22,5,20,41,32,25,31,29,16,9,212,0,0,13,7,5,4,0,0,0,32,0,4,10,9,7,5,0,0,0,37,0,0,0,3,0,0,0,0,0,11,0,0,0,0,0,3,0,0,0,3,6,3,22,17,14,12,0,0,0,80,0,0,0,0,4,0,0,0,0,3,0,3,4,0,0,0,0,0,0,9,0,3,4,0,3,0,0,0,0,14
11103122524,core,0,3,31,23,14,14,3,0,0,94,6,6,6,9,7,3,3,0,0,42,0,0,0,0,4,0,0,0,0,5,0,0,0,0,0,0,0,0,0,0,6,10,32,31,18,19,8,0,0,139,0,0,4,0,0,0,0,0,0,0,0,0,0,0,0,0,0,0,0,4,0,0,4,0,0,0,0,0,0,9,6,12,34,33,19,20,8,0,0,145,4,10,4,5,4,3,5,8,3,49,0,0,0,0,0,0,0,0,0,4,15,24,43,39,24,24,14,13,3,198,0,13,17,21,19,14,4,0,0,80,0,8,12,10,10,11,0,0,0,53,4,3,0,0,4,0,0,0,0,10,0,0,0,0,0,0,0,0,0,0,7,22,34,33,27,24,4,0,0,150,0,0,0,0,0,0,0,0,0,0,3,0,0,0,0,0,0,0,0,5,3,0,0,0,0,0,0,0,0,5
11103122525,core,0,3,13,22,15,7,3,0,0,71,3,4,0,6,6,4,0,0,0,19,4,0,0,0,0,0,0,0,0,8,0,0,0,0,0,0,0,0,0,0,13,6,17,29,20,10,3,0,0,98,0,0,0,0,0,0,0,0,0,0,3,0,0,0,0,0,0,0,0,3,3,0,0,0,0,0,0,0,0,0,11,6,17,29,20,10,3,0,0,108,4,0,3,0,0,0,20,14,3,52,0,0,0,0,0,0,0,3,0,7,19,7,16,34,25,21,29,15,0,163,0,5,11,5,19,7,0,0,0,47,11,5,3,24,10,6,0,0,0,59,0,0,0,0,0,6,0,0,0,6,0,0,0,0,0,0,0,0,0,0,11,8,14,31,28,20,0,0,0,112,0,0,0,0,0,0,0,0,0,0,0,0,0,0,0,0,0,0,0,4,0,3,0,0,0,0,0,0,0,3
11103122526,core,4,5,16,32,30,16,3,0,0,112,4,0,9,5,7,7,5,0,0,38,3,0,0,0,0,0,0,0,0,0,0,0,0,0,0,0,0,0,0,0,9,8,22,35,39,22,10,0,0,152,0,0,0,0,0,0,0,0,0,0,4,0,0,0,0,0,0,0,0,4,4,0,0,0,0,0,0,0,0,4,14,8,22,35,39,22,13,0,0,155,14,0,4,0,0,8,14,16,0,60,0,0,0,0,0,0,0,0,0,3,25,9,26,41,42,35,26,16,0,220,0,8,12,15,18,14,0,0,0,72,12,9,8,13,19,17,3,0,0,79,0,0,3,0,0,0,0,0,0,4,0,0,0,0,0,0,0,0,0,0,12,15,28,30,33,29,4,0,0,159,0,0,0,0,0,0,0,0,0,0,0,0,0,0,0,0,0,0,0,3,0,0,0,0,0,0,0,0,0,3
11103122527,core,0,5,4,14,7,7,0,0,0,36,0,0,0,0,0,0,0,0,0,11,0,0,0,0,0,5,0,0,0,4,0,0,0,0,0,0,0,0,0,0,0,6,7,21,11,8,0,0,0,49,0,0,0,0,0,0,0,0,0,0,0,0,0,0,0,0,0,0,0,0,0,0,0,0,0,0,0,0,0,3,0,6,7,21,11,9,4,0,0,55,0,0,0,3,3,8,11,3,6,35,0,0,0,0,0,0,0,0,0,4,4,6,7,21,10,18,12,5,6,93,0,0,5,6,5,5,0,0,0,21,4,0,0,9,10,9,0,0,0,33,0,4,0,0,6,0,0,0,0,9,0,0,0,0,0,0,0,0,0,0,6,3,11,13,15,12,0,0,0,63,0,0,0,0,0,0,0,0,0,0,3,0,0,0,0,0,0,0,0,3,3,0,0,0,0,0,0,0,0,3
11103122528,core,0,0,11,18,17,16,7,3,0,72,5,4,7,0,0,0,0,3,0,22,0,0,0,0,0,0,0,0,0,5,0,0,0,0,0,0,0,0,0,0,6,9,16,27,21,19,8,6,0,102,0,0,0,0,0,0,0,0,0,0,0,0,0,0,0,0,0,0,0,0,0,0,0,0,0,0,0,0,0,0,6,9,16,27,18,19,8,6,0,105,9,5,0,3,0,0,10,9,8,39,0,0,0,0,0,0,0,0,0,7,18,4,15,28,24,24,24,12,6,148,0,0,3,8,14,8,9,0,0,29,9,0,0,12,13,6,3,0,0,48,0,0,0,0,0,0,0,0,0,8,0,0,0,0,0,0,0,0,0,0,9,8,5,23,24,17,10,0,0,86,0,0,0,5,0,0,0,0,0,5,0,0,0,0,0,0,0,0,0,0,0,0,0,3,0,0,0,0,0,3
11103122529,core,0,3,3,7,23,8,0,0,0,47,8,3,3,5,0,3,3,0,0,28,0,0,0,0,0,0,0,0,0,4,0,0,0,0,0,0,0,0,0,0,8,8,8,12,23,16,3,0,0,81,0,0,0,0,0,0,0,0,0,0,0,0,0,0,0,0,0,0,0,0,0,0,0,0,0,0,0,0,0,0,8,8,8,12,23,16,3,0,0,79,4,0,0,0,0,0,9,4,0,30,0,0,0,0,0,0,0,0,0,0,13,6,8,12,28,24,13,11,0,107,0,0,0,14,12,5,0,0,0,32,9,0,4,6,9,4,7,0,0,30,0,5,0,0,0,3,0,0,0,6,0,0,0,0,0,0,0,0,0,0,9,5,0,17,17,15,7,0,0,65,0,0,0,0,0,0,0,0,0,0,0,0,0,0,0,0,0,0,0,3,0,0,0,0,0,0,0,0,0,6
11103122530,core,0,9,11,14,29,15,7,0,0,81,7,8,9,6,3,6,4,0,0,39,0,0,0,0,0,0,0,0,0,3,0,0,4,0,0,0,0,0,0,3,13,15,16,24,33,27,6,0,0,130,0,0,0,0,0,0,0,0,0,6,3,0,0,0,0,0,0,0,0,4,3,0,0,0,0,5,0,0,0,7,12,16,16,26,33,31,6,0,0,134,4,0,0,0,0,15,21,12,7,64,0,0,0,0,0,0,0,0,0,3,16,16,16,26,34,43,29,11,7,204,0,0,17,10,21,13,0,0,0,63,8,10,8,11,16,12,0,0,0,60,0,0,3,0,0,0,0,0,0,4,0,0,0,0,0,0,0,0,0,0,8,5,21,28,38,27,4,0,0,133,0,0,0,4,0,0,0,0,0,4,0,0,0,5,0,0,0,0,0,9,0,0,0,4,0,4,0,0,0,11
11103122531,core,0,0,6,10,18,9,0,0,0,47,4,0,0,5,0,3,0,0,0,16,0,0,0,0,0,0,0,0,0,4,0,0,0,0,0,0,0,0,0,0,9,3,12,13,21,14,0,0,0,66,0,0,0,0,0,0,0,0,0,3,0,0,0,0,0,0,0,0,0,0,0,0,0,0,0,0,0,0,0,3,9,3,13,13,21,13,0,0,0,70,3,3,0,4,5,3,14,7,0,38,0,0,0,0,0,0,3,0,0,6,12,6,21,19,24,14,16,7,0,120,0,3,0,10,11,6,6,0,0,32,3,3,9,13,6,5,5,0,0,47,0,0,0,0,0,0,0,0,0,4,0,0,0,0,0,0,0,0,0,0,3,9,15,19,16,11,0,0,0,81,0,0,0,0,0,0,0,0,0,0,0,0,0,0,0,0,0,0,0,0,0,0,0,0,0,0,0,0,0,5
11103122532,core,0,3,7,18,16,9,0,0,0,58,0,3,0,0,0,5,0,0,0,15,0,0,3,0,0,0,0,0,0,6,0,0,0,0,0,0,0,0,0,0,3,4,17,15,17,14,0,0,0,76,0,0,0,0,0,0,0,0,0,0,0,0,0,0,0,0,0,0,0,0,0,0,0,0,0,0,0,0,0,4,3,4,13,15,20,14,0,0,0,74,3,0,5,0,4,6,12,9,7,48,0,0,0,0,0,0,0,0,3,3,8,9,21,23,27,17,15,9,5,130,0,0,8,4,10,8,0,0,0,35,0,4,12,4,12,6,0,0,0,38,0,0,4,0,0,0,0,0,0,0,0,0,0,0,0,0,0,0,0,0,5,11,15,16,23,11,0,0,0,79,0,0,0,0,0,0,0,0,0,6,0,0,0,0,0,0,0,0,0,0,0,0,0,0,0,0,0,0,0,6
11103122533,core,0,0,0,0,0,0,0,0,0,0,0,0,0,0,0,0,0,0,0,0,0,0,0,0,0,0,0,0,0,0,0,0,0,0,0,0,0,0,0,0,0,0,0,0,0,0,0,0,0,0,0,0,0,0,0,0,0,0,0,0,0,0,0,0,0,0,0,0,0,0,0,0,0,0,0,0,0,0,0,0,0,0,0,0,0,0,0,0,0,0,0,0,0,0,0,0,0,0,0,0,0,0,0,0,0,0,0,0,0,8,0,6,0,0,0,0,0,0,0,8,0,0,0,0,0,0,0,0,0,0,0,0,0,0,0,0,0,0,0,0,0,0,0,0,0,0,0,0,0,0,0,0,0,0,0,0,0,0,0,0,0,0,0,0,0,0,0,0,0,0,0,0,0,0,0,0,0,0,0,0,0,0,0,0,0,0,0,0,0,0,0,0,0,0,0,0,0,0,0,0
11103122534,core,0,6,6,17,28,14,7,3,0,81,3,11,3,5,7,3,3,0,0,32,0,0,0,0,4,0,0,0,0,8,0,0,0,0,0,0,0,0,0,0,4,16,9,24,30,21,7,4,0,115,0,0,0,0,0,0,0,0,0,3,0,0,0,0,0,0,0,0,0,0,0,0,0,0,0,0,0,0,0,0,3,19,9,24,38,20,7,4,0,120,6,0,0,0,0,8,9,18,4,58,0,0,0,0,0,0,0,0,0,0,16,16,13,24,35,35,25,20,4,186,0,6,6,13,23,9,3,0,0,58,13,3,6,13,14,5,4,0,0,66,0,0,0,8,0,0,0,0,0,9,0,0,0,0,0,0,0,0,0,6,13,9,16,31,40,16,6,0,0,132,0,0,0,0,0,0,0,0,0,0,0,0,0,0,0,0,0,0,0,0,0,0,0,0,0,0,0,0,0,0
11103122535,core,0,0,0,0,0,0,0,0,0,0,0,0,0,0,0,0,0,0,0,0,0,0,0,0,0,0,0,0,0,0,0,0,0,0,0,0,0,0,0,0,0,0,0,0,0,0,0,0,0,0,0,0,0,0,0,0,0,0,0,0,0,0,0,0,0,0,0,0,0,0,0,0,0,0,0,0,0,0,0,0,0,0,0,0,0,0,0,0,0,0,0,0,0,0,0,0,0,0,0,0,0,0,0,0,0,0,0,0,0,0,0,0,0,0,0,0,0,0,0,0,0,0,0,0,0,0,0,0,0,0,0,0,0,0,0,0,0,0,0,0,0,0,0,0,0,0,0,0,0,0,0,0,0,0,0,0,0,0,0,0,0,0,0,0,0,0,0,0,0,0,0,0,0,0,0,0,0,0,0,0,0,0,0,0,0,0,0,0,0,0,0,0,0,0,0,0,0,0,0,0
11103122536,core,0,5,13,23,17,5,4,0,0,62,6,0,3,0,3,3,0,0,0,25,0,0,0,0,0,0,0,0,0,4,0,0,0,0,0,0,0,0,0,0,8,5,13,22,17,12,7,0,0,89,0,0,0,0,0,0,0,0,0,0,0,0,0,0,0,0,0,0,0,0,0,0,0,0,0,0,0,0,0,0,8,5,13,22,17,12,7,0,0,89,6,0,0,0,0,0,0,12,0,27,0,0,0,0,0,0,0,0,0,9,11,4,13,22,22,12,12,14,0,121,0,6,13,4,14,5,4,0,0,37,3,7,5,14,9,0,0,6,0,46,0,0,3,0,0,0,0,0,0,3,0,0,0,0,0,0,0,0,0,0,3,9,23,19,23,7,3,6,0,87,0,0,0,0,0,0,0,0,0,0,0,0,0,0,0,0,0,0,0,4,0,0,0,0,0,0,0,0,0,4
11103122537,core,0,4,17,25,19,6,0,0,0,72,3,4,4,5,10,4,0,0,0,24,0,0,0,0,3,0,0,0,0,3,0,0,0,0,0,0,0,0,0,0,8,7,16,29,27,12,0,0,0,100,0,0,0,0,0,0,0,0,0,0,0,0,0,0,0,0,0,0,0,0,0,0,0,0,0,0,0,0,0,0,8,7,22,29,25,12,0,0,0,103,10,3,0,0,0,4,5,7,0,35,0,0,0,3,0,0,0,0,0,9,13,13,24,33,29,17,3,7,0,135,0,0,13,17,19,11,0,0,0,55,8,3,11,18,11,0,0,0,0,55,0,0,0,0,0,0,0,0,0,0,0,0,0,0,0,0,0,0,0,0,13,5,21,38,32,9,0,0,0,118,0,0,0,0,0,0,0,0,0,0,0,0,0,0,0,0,0,0,0,0,0,0,0,0,0,0,0,0,0,0
11103122538,core,0,3,21,24,30,10,0,0,0,88,3,7,7,0,7,4,0,0,0,33,0,0,0,0,3,0,0,0,0,3,0,0,0,0,0,0,0,0,0,0,9,10,32,27,35,14,6,0,0,131,0,0,0,0,0,0,0,0,0,4,0,0,0,0,0,0,0,0,0,0,0,0,0,0,0,0,0,0,0,9,9,9,29,27,38,17,6,0,0,132,7,0,0,4,9,8,16,13,0,56,0,0,0,0,3,0,0,0,0,6,16,9,30,38,46,24,24,13,0,200,0,0,14,12,14,8,0,0,0,53,3,3,15,12,10,6,0,0,0,48,0,4,4,0,0,4,0,0,0,11,0,0,0,0,0,0,0,0,0,0,5,13,34,24,25,12,0,0,0,115,0,0,0,0,0,0,0,0,0,0,0,0,0,0,0,0,0,0,0,4,4,3,0,0,0,0,0,0,0,3
11103122539,core,0,0,20,25,13,14,0,0,0,82,5,0,3,4,6,4,4,0,0,24,0,0,0,5,0,0,0,0,0,9,0,0,0,0,0,0,0,0,0,0,9,6,25,30,22,12,5,0,0,116,0,0,0,0,0,0,0,0,0,3,0,0,0,0,0,0,0,0,0,4,0,0,0,0,0,6,0,0,0,7,11,6,26,33,23,14,5,0,0,120,10,0,3,5,4,8,30,15,3,75,0,0,3,0,0,0,4,5,0,11,18,3,31,35,33,25,34,21,3,206,0,0,17,10,14,9,0,0,0,56,7,9,9,10,15,8,3,0,0,55,0,0,0,0,0,0,0,0,0,9,0,0,0,0,0,0,0,0,0,0,9,9,34,24,31,14,4,0,0,120,0,0,0,0,0,4,0,0,0,6,0,0,0,0,0,0,0,0,0,0,0,0,3,0,0,7,0,0,0,6
11103122540,core,0,13,20,18,22,10,3,0,0,86,4,6,0,8,0,5,4,0,0,28,0,0,0,0,0,0,0,0,0,6,0,0,0,0,0,0,0,0,0,0,3,21,25,24,28,11,8,0,0,120,0,0,0,3,0,0,0,0,0,0,0,0,0,0,0,0,0,0,0,5,0,0,0,3,0,0,0,0,0,3,6,28,21,29,28,11,8,0,0,128,4,0,0,5,0,3,15,6,6,44,0,0,0,0,4,0,0,8,7,20,15,28,27,32,30,20,23,9,9,192,0,9,15,4,20,19,0,0,0,63,8,9,8,12,7,7,0,0,0,52,3,0,3,0,3,0,0,0,0,11,0,0,0,0,0,0,0,0,0,0,9,15,22,21,25,26,4,0,0,122,0,0,0,0,0,0,0,0,0,0,0,0,0,0,5,0,0,0,0,0,0,0,0,0,5,0,0,0,0,0
11103122541,core,3,0,12,13,14,11,0,0,0,58,6,0,7,0,5,0,4,0,0,22,4,0,0,0,0,0,0,0,0,5,0,0,0,0,0,0,0,0,0,0,10,4,18,18,21,15,0,0,0,83,0,0,0,0,0,0,0,0,0,3,0,0,0,0,0,0,0,0,0,0,0,0,0,0,0,0,0,0,0,3,10,4,18,18,24,12,0,0,0,83,0,4,4,0,3,0,12,10,0,35,0,0,0,0,0,0,0,0,0,5,12,5,20,18,27,14,15,10,0,121,0,3,9,9,11,7,0,0,0,39,6,4,3,6,11,7,3,0,0,36,0,0,0,0,0,0,0,0,0,0,0,0,0,0,0,0,0,0,0,0,10,3,12,15,27,7,3,0,0,79,0,0,0,0,0,0,0,0,0,0,0,0,0,0,0,0,0,0,0,0,0,0,0,0,0,0,0,0,0,0
11103122542,core,5,0,13,16,8,11,0,0,0,41,0,0,0,0,3,0,3,0,0,15,0,0,0,0,0,0,0,0,0,3,0,0,0,0,0,0,0,0,0,0,5,0,18,18,9,7,4,0,0,59,0,0,0,0,0,0,0,0,0,4,0,0,0,0,0,0,0,0,0,5,0,0,0,0,0,0,0,0,0,5,6,3,13,18,11,7,4,0,0,61,4,0,0,0,0,0,11,4,0,25,0,0,0,7,0,5,0,0,0,8,4,6,19,16,17,14,15,4,0,99,0,4,9,3,9,5,0,0,0,27,3,8,8,8,4,3,3,0,0,38,0,0,0,0,0,0,0,0,0,3,0,0,0,0,0,0,0,0,0,6,3,9,12,13,15,7,3,0,0,66,0,0,0,0,0,0,0,0,0,0,0,0,0,0,0,0,0,0,0,0,0,0,0,0,0,0,0,0,0,0
11103122543,core,4,6,9,23,24,14,0,0,0,75,8,13,8,3,0,4,0,0,0,28,3,4,0,0,0,0,0,0,0,11,0,0,0,0,0,0,0,0,0,0,7,15,12,27,27,17,0,0,0,118,0,3,0,0,0,0,0,0,0,5,0,0,0,0,0,0,0,0,0,4,0,3,0,0,0,0,0,0,0,10,10,18,16,27,29,16,0,0,0,126,9,0,3,0,6,12,8,14,0,49,3,0,0,3,4,0,0,0,0,16,21,25,21,37,35,27,16,16,0,195,0,8,5,18,11,6,0,0,0,48,6,8,6,13,14,5,4,0,0,57,0,0,0,0,0,0,0,0,0,5,0,0,0,0,0,0,0,0,0,3,12,14,15,28,33,8,4,0,0,109,0,0,0,0,0,0,0,0,0,3,0,0,0,0,0,0,0,0,0,6,0,0,0,0,0,0,0,0,0,3
11103122601,core,3,6,15,13,23,15,0,0,0,82,9,4,3,3,4,10,0,0,0,25,0,0,0,0,0,0,0,0,0,5,0,0,0,0,0,0,0,0,0,0,7,12,22,21,27,20,0,0,0,109,0,0,0,0,0,0,0,0,0,5,0,0,0,0,0,0,0,0,0,0,0,0,0,0,0,0,0,0,0,5,6,12,22,24,29,25,0,0,0,119,10,0,0,0,3,11,14,9,3,50,7,0,0,3,0,0,0,0,0,13,22,14,23,24,32,34,15,9,3,182,0,0,15,8,11,10,0,0,0,50,6,7,6,10,11,16,0,0,0,59,0,0,0,4,0,0,0,0,0,3,0,0,0,0,0,0,0,0,0,0,7,11,23,19,29,20,0,0,0,113,0,0,4,0,0,0,0,0,0,4,0,0,0,0,0,0,0,0,0,6,0,0,0,0,0,0,0,0,0,7
11103122602,core,3,4,13,14,10,7,5,0,0,54,0,4,0,0,0,0,0,0,0,15,0,0,0,0,0,0,0,0,0,3,0,0,0,0,0,0,0,0,0,0,7,8,13,13,14,13,0,0,0,68,0,0,0,0,0,0,0,0,0,0,0,0,0,0,0,0,0,0,0,0,0,0,4,0,0,0,0,0,0,3,7,10,9,13,14,13,0,0,0,70,4,4,0,0,0,4,0,0,0,21,0,0,0,0,0,0,0,0,0,0,4,12,9,18,14,20,6,0,0,88,0,0,5,8,6,0,0,0,0,25,3,0,3,4,13,5,0,0,0,28,4,0,0,0,0,0,0,0,0,4,0,0,0,0,0,0,0,0,0,0,8,0,9,14,15,5,0,0,0,57,0,0,0,0,0,0,0,0,0,0,0,0,0,0,0,0,0,0,0,0,0,0,0,0,0,0,0,0,0,0
11103122603,core,9,17,27,26,38,19,0,0,0,128,15,11,7,0,8,6,0,0,0,47,0,0,0,4,0,0,0,0,0,9,0,0,0,0,0,0,0,0,0,0,21,22,36,29,43,27,0,0,0,179,0,5,0,0,0,0,0,0,0,9,0,0,0,0,0,0,0,0,0,0,4,5,0,0,0,0,0,0,0,9,24,27,37,29,46,23,0,0,0,189,14,8,7,3,9,7,15,16,5,76,0,0,0,5,0,4,3,0,0,9,35,36,38,43,53,36,23,17,5,279,6,5,11,20,21,5,0,0,0,70,15,21,7,20,25,12,0,0,0,107,0,4,3,0,0,0,0,0,0,11,0,0,0,0,0,0,0,0,0,0,20,31,29,41,45,18,0,0,0,186,0,0,0,0,0,0,0,0,0,5,0,0,0,0,0,0,0,0,0,6,0,4,0,0,0,0,0,0,0,8
11103122604,core,3,0,8,6,7,10,0,0,0,45,9,0,0,0,0,4,0,0,0,19,0,0,4,0,0,0,0,0,0,8,0,0,0,0,0,0,0,0,0,0,10,4,12,6,14,17,5,0,0,67,0,0,0,0,0,0,0,0,0,0,0,0,0,0,0,0,0,0,0,0,0,0,0,0,0,0,0,0,0,0,10,9,12,6,14,17,5,0,0,69,3,0,4,0,0,4,14,4,0,42,0,0,0,0,0,0,0,0,0,0,12,9,15,11,16,24,15,4,0,109,0,3,9,6,7,3,0,0,0,24,0,4,7,3,7,4,3,0,0,37,0,0,5,0,0,0,0,0,0,5,0,0,0,0,0,0,0,0,0,0,0,6,14,11,15,12,3,0,0,63,0,0,0,0,0,0,0,0,0,0,0,0,0,0,0,0,0,0,0,0,0,0,0,0,0,0,0,0,0,0
11103122605,core,4,12,14,23,34,34,0,0,0,117,10,4,3,6,0,4,0,0,0,29,0,0,0,0,3,0,0,0,0,3,0,0,0,0,0,0,0,0,0,0,18,12,17,24,38,36,4,0,0,152,0,0,0,0,0,0,0,0,0,3,3,0,0,0,0,0,0,0,0,6,0,0,0,0,0,0,0,0,0,13,18,12,20,28,37,35,4,0,0,160,6,0,3,0,4,7,16,15,3,51,0,3,0,5,0,0,0,0,0,12,30,16,24,30,44,45,18,11,3,218,0,5,11,13,21,10,0,0,0,64,25,3,11,16,10,15,0,0,0,76,0,0,0,0,0,4,0,0,0,12,0,0,0,0,0,0,0,0,0,0,23,9,16,34,38,27,0,0,0,150,0,0,0,0,0,0,0,0,0,0,0,0,0,0,0,0,0,0,0,0,0,0,0,0,0,0,0,0,0,0
11103122606,core,3,4,5,14,17,8,0,0,0,50,3,3,0,8,4,4,3,0,0,18,0,0,3,0,0,0,0,0,0,3,0,0,0,0,0,0,0,0,0,0,5,7,10,19,18,10,5,0,0,74,0,0,0,0,3,0,0,0,0,4,0,0,0,0,0,0,0,0,0,0,0,0,0,0,3,0,0,0,0,4,3,7,9,19,22,10,5,0,0,78,3,5,0,0,4,9,12,5,0,38,0,0,0,0,0,0,0,0,0,7,9,13,17,19,26,15,16,5,0,113,0,0,6,9,9,0,0,0,0,29,0,5,4,8,8,4,0,0,0,39,3,0,0,5,6,0,0,0,0,9,0,0,0,0,0,0,0,0,0,0,4,12,8,15,21,7,0,0,0,74,0,0,0,0,0,0,0,0,0,0,0,0,0,0,0,0,0,0,0,0,0,0,0,0,0,0,0,0,0,0
11103122608,core,3,5,22,12,28,9,0,0,0,82,4,8,8,0,3,0,0,0,0,25,0,0,0,0,0,4,0,0,0,5,0,0,0,0,0,0,0,0,0,0,6,10,28,16,29,14,0,0,0,112,0,0,0,0,0,0,0,0,0,7,0,0,0,0,0,0,0,0,0,0,5,0,0,0,3,0,0,0,0,6,9,14,28,18,36,14,0,0,0,124,5,5,0,4,8,0,11,5,0,38,0,0,8,0,0,0,0,0,0,7,16,22,31,24,39,20,18,5,0,172,5,6,12,12,11,3,0,0,0,47,7,0,11,5,18,10,0,0,0,55,0,0,3,0,0,0,0,0,0,12,0,0,4,0,0,0,0,0,0,4,6,8,31,17,30,15,0,0,0,112,0,0,0,0,0,0,0,0,0,3,0,0,0,0,0,0,0,0,0,3,0,0,0,0,5,0,0,0,0,8
11103122609,core,4,11,18,14,23,16,4,0,0,89,8,3,0,5,4,3,3,0,0,26,0,0,0,0,0,0,0,0,0,7,0,0,0,0,0,0,0,0,0,0,15,14,19,14,30,23,8,0,0,120,0,0,0,0,0,0,0,0,0,4,0,0,0,0,0,0,0,0,0,0,0,0,0,0,0,0,0,0,0,4,12,18,24,14,34,23,8,0,0,126,11,0,3,3,3,5,14,3,3,55,0,0,0,0,0,0,0,0,0,7,21,20,27,22,31,32,25,5,3,183,0,3,16,12,17,8,4,0,0,61,16,11,7,9,13,8,3,0,0,66,0,0,0,0,0,0,0,0,0,3,0,0,0,0,0,0,0,0,0,4,14,16,24,16,34,19,3,0,0,129,0,0,0,0,0,0,0,0,0,0,0,0,0,0,0,0,0,0,0,0,0,0,0,0,0,0,0,0,0,0
11103122610,core,0,6,21,9,11,10,5,0,0,58,0,0,0,0,3,0,5,0,0,20,0,0,3,4,0,4,0,0,0,8,0,0,0,0,0,0,0,0,0,0,0,10,29,14,14,15,7,0,0,88,0,4,0,0,0,0,0,0,0,4,0,0,0,0,0,0,0,0,0,4,0,3,0,0,0,0,0,0,0,5,0,9,29,14,18,15,7,0,0,91,5,0,0,0,3,5,7,3,5,31,0,0,0,0,0,0,0,0,0,3,3,11,31,20,20,18,12,3,5,125,0,6,12,12,6,3,0,0,0,37,0,3,4,0,3,3,0,0,0,20,0,0,0,0,0,0,0,0,0,3,0,0,0,0,0,0,0,0,0,3,0,12,16,16,5,12,4,0,0,63,0,0,0,0,0,0,0,0,0,0,0,0,0,0,0,0,0,0,0,6,0,0,0,0,0,0,0,0,0,11
11103122611,core,0,10,14,19,9,5,0,0,0,54,0,0,3,0,3,0,0,0,0,16,0,0,0,0,4,0,0,0,0,4,0,0,0,0,0,0,0,0,0,6,5,14,21,21,15,4,0,0,0,83,0,0,0,0,0,0,0,0,0,3,3,0,0,0,0,0,0,0,0,3,3,0,0,0,0,0,0,0,0,8,6,12,22,20,21,4,0,0,0,86,0,3,3,0,3,6,19,6,0,41,0,0,3,5,3,0,0,0,0,8,12,18,27,23,20,9,18,6,0,135,0,4,8,10,14,0,0,0,0,32,0,3,11,7,6,10,0,0,0,32,0,0,0,0,0,0,0,0,0,3,0,0,0,0,0,0,0,0,0,0,0,5,19,14,17,6,0,0,0,73,0,0,0,0,0,0,0,0,0,0,0,0,0,0,0,0,0,0,0,3,0,0,0,0,4,0,0,0,0,3
11103122613,core,0,4,14,11,17,6,0,0,0,56,3,4,0,3,3,4,0,0,0,21,0,3,0,0,0,0,0,0,0,3,0,0,0,0,0,0,0,0,0,0,7,12,17,14,24,9,0,0,0,82,0,0,0,0,0,3,0,0,0,5,0,0,0,0,0,0,0,0,0,3,0,0,0,0,0,3,0,0,0,10,7,14,16,14,26,11,3,0,0,91,5,5,5,0,3,4,3,6,0,28,5,0,0,0,5,0,0,0,0,8,16,13,20,16,28,16,8,6,0,124,0,0,14,9,13,5,0,0,0,36,8,3,5,10,5,0,0,0,0,40,0,0,4,0,0,3,0,0,0,10,0,0,0,0,0,0,0,0,0,0,8,9,26,16,20,9,0,0,0,86,0,0,0,0,0,0,0,0,0,0,0,0,0,0,0,0,0,0,0,3,0,0,0,0,0,0,0,0,0,3
11103122614,core,6,4,12,14,23,13,0,0,0,71,6,8,4,9,0,9,0,0,0,34,0,0,0,0,0,4,0,0,0,8,0,0,0,0,0,0,0,0,0,0,14,7,18,17,27,24,5,0,0,116,0,0,0,3,0,0,0,0,0,8,3,0,0,0,0,0,0,0,0,7,3,0,3,3,0,0,0,0,0,13,17,9,23,21,27,27,0,0,0,131,9,0,0,0,0,8,17,9,0,47,0,0,0,0,0,0,0,0,0,0,23,12,22,26,27,35,20,9,0,176,0,3,11,13,15,7,0,0,0,43,7,4,10,7,14,10,0,0,0,58,0,0,0,0,0,5,0,0,0,11,0,0,0,0,0,0,0,0,0,0,10,6,21,25,26,21,0,0,0,110,0,0,0,0,0,0,0,0,0,0,3,0,0,0,0,0,0,0,0,5,3,0,0,0,0,0,0,0,0,3
11103122615,core,6,9,14,27,24,10,0,0,0,90,9,9,3,4,0,4,3,0,0,34,0,0,0,0,0,0,0,0,0,6,0,0,0,0,0,0,0,0,0,3,12,19,18,30,28,17,3,0,0,126,0,0,0,0,0,0,0,0,0,4,3,0,0,0,0,0,0,0,0,5,4,0,0,0,0,0,0,0,0,14,15,20,18,35,29,15,4,0,0,135,7,0,4,0,4,5,26,3,0,51,0,0,0,0,0,0,0,0,0,3,20,16,19,35,33,27,26,7,0,188,0,5,11,15,20,7,0,0,0,58,11,4,11,11,3,5,0,0,0,44,0,0,0,0,0,0,0,0,0,7,0,0,0,0,0,0,0,0,0,0,8,8,19,30,25,14,4,0,0,110,0,0,0,0,0,0,0,0,0,0,0,0,0,0,0,0,0,0,0,5,0,0,0,0,0,0,0,0,0,6
11103122616,core,0,5,7,8,22,5,0,0,0,47,3,3,4,0,0,0,0,0,0,13,0,0,0,0,0,0,0,0,0,3,0,0,0,0,0,0,0,0,0,0,5,5,9,14,21,7,0,0,0,64,0,0,0,0,0,0,0,0,0,5,0,0,0,0,0,0,0,0,0,5,5,0,0,0,0,0,0,0,0,3,6,8,13,14,21,7,0,0,0,72,4,0,0,0,4,0,10,0,0,23,0,0,0,0,0,0,0,0,0,3,12,8,15,17,31,6,11,0,0,99,0,7,0,6,12,4,0,0,0,33,5,4,4,6,11,0,0,0,0,28,0,0,0,0,0,0,0,0,0,3,0,0,0,0,0,0,0,0,0,0,5,6,9,16,22,3,0,0,0,62,0,0,0,0,0,0,0,0,0,0,0,0,0,0,0,0,0,0,0,0,0,0,0,0,0,0,0,0,0,0
11103122617,core,0,4,24,11,16,9,0,0,0,63,3,0,4,0,4,0,0,0,0,19,0,0,0,0,0,3,0,0,0,3,0,0,0,0,0,0,0,0,0,0,3,3,24,14,18,14,0,0,0,80,0,0,0,0,0,0,0,0,0,3,0,0,0,0,0,0,0,0,0,0,0,0,0,0,0,0,0,0,0,3,3,8,24,14,18,14,0,0,0,80,5,0,0,0,0,6,8,4,0,26,0,0,0,0,0,0,0,0,0,0,4,8,26,10,22,22,8,4,0,108,0,0,12,9,8,12,0,0,0,40,4,3,7,7,4,6,0,0,0,32,0,0,0,0,0,0,0,0,0,4,0,0,0,0,0,0,0,0,0,4,6,0,20,16,12,18,0,0,0,77,0,0,0,0,0,0,0,0,0,0,0,0,0,0,0,0,0,0,0,0,0,0,0,0,0,0,0,0,0,0
11103122618,core,0,9,15,22,13,14,0,0,0,78,0,3,5,0,0,0,0,0,0,15,0,0,0,0,0,0,0,0,0,3,0,0,0,0,0,0,0,0,0,0,3,7,20,27,21,14,6,0,0,95,0,0,3,0,0,0,0,0,0,4,0,0,0,0,0,0,0,0,0,0,0,0,7,0,0,0,0,0,0,11,3,7,29,27,20,19,6,0,0,104,3,4,3,0,4,11,20,3,3,50,0,0,0,0,0,0,0,0,0,3,5,11,30,26,25,28,24,3,3,159,0,3,12,14,3,3,0,0,0,40,0,5,9,12,13,7,0,0,0,37,0,0,0,0,0,0,0,0,0,5,0,0,0,0,0,0,0,0,0,0,3,8,26,25,17,11,4,0,0,87,0,0,0,0,0,0,0,0,0,0,0,0,0,0,0,0,0,0,0,3,0,0,0,0,0,0,0,0,0,5
11103122619,core,0,8,10,14,12,9,0,0,0,51,3,0,9,3,6,4,0,0,0,19,0,0,3,0,0,0,0,0,0,4,0,0,0,0,0,0,0,0,0,0,5,12,20,19,14,10,0,0,0,72,0,0,0,0,0,0,0,0,0,4,0,0,0,0,0,0,0,0,0,0,0,0,0,0,0,0,0,0,0,4,4,7,21,19,11,10,0,0,0,81,0,4,5,0,3,13,17,15,0,54,0,0,0,3,0,0,0,0,0,9,9,13,26,18,19,23,18,15,0,145,3,6,5,7,12,6,0,0,0,33,7,3,4,10,6,5,0,0,0,37,0,0,0,5,0,0,0,0,0,8,0,0,0,0,0,0,0,0,0,0,13,7,16,23,17,10,0,0,0,74,0,0,0,0,0,0,0,0,0,0,4,0,0,0,0,0,0,0,0,5,4,0,0,0,0,0,0,0,0,5
11103122620,core,0,0,18,10,8,4,0,0,0,45,4,0,4,0,6,0,4,0,0,14,0,0,0,0,0,0,0,0,0,4,0,0,0,0,0,0,0,0,0,0,6,4,17,12,12,6,4,0,0,59,0,0,0,0,0,0,0,0,0,3,0,0,0,0,0,0,0,0,0,0,0,0,0,0,0,0,0,0,0,3,6,4,19,12,13,6,4,0,0,67,0,0,0,0,3,3,9,5,0,33,0,0,0,0,0,0,0,0,0,4,9,3,23,15,16,9,16,7,0,95,0,0,5,6,0,6,0,0,0,23,4,9,3,3,3,5,0,0,0,39,0,0,7,0,0,0,0,0,0,5,0,0,0,0,0,0,0,0,0,0,4,7,14,15,7,7,3,0,0,70,0,0,0,0,0,0,0,0,0,0,0,0,0,0,0,0,0,0,0,0,0,0,0,0,0,0,0,0,0,3
11103122621,core,0,3,9,4,3,14,0,0,0,32,0,0,3,4,0,6,0,0,0,12,0,0,0,0,0,0,0,0,0,0,0,0,0,0,0,0,0,0,0,0,0,3,7,6,7,15,3,0,0,40,0,0,0,0,0,0,0,0,0,0,0,0,0,0,0,0,0,0,0,0,0,0,0,0,0,0,0,0,0,0,0,3,7,6,7,15,3,0,0,45,0,0,0,0,3,5,13,0,4,28,0,0,0,0,0,0,0,0,0,6,5,3,9,9,12,19,16,0,4,78,0,0,4,6,4,4,0,0,0,19,4,3,0,3,3,5,0,0,0,16,0,0,0,0,0,3,0,0,0,4,0,0,0,0,0,0,0,0,0,0,3,3,6,11,7,8,0,0,0,39,0,0,0,0,0,0,0,0,0,0,0,0,0,0,0,0,0,0,0,0,0,0,0,0,0,0,0,0,0,0
11103122622,core,0,4,0,0,0,0,0,0,0,3,0,0,0,0,0,0,0,0,0,0,0,0,0,0,0,0,0,0,0,0,0,0,0,0,0,0,0,0,0,0,0,3,0,0,0,0,0,0,0,3,0,0,0,0,0,0,0,0,0,3,0,0,0,0,0,0,0,0,0,0,0,0,0,0,0,0,0,0,0,3,0,5,0,0,0,0,0,0,0,9,0,0,0,0,0,0,0,0,0,3,0,0,0,0,0,0,0,0,0,0,0,3,0,0,4,4,0,0,0,9,0,4,0,5,0,0,0,0,0,6,0,0,3,0,0,0,0,0,0,4,0,0,0,0,0,0,0,0,0,0,0,0,0,0,0,0,0,0,0,0,0,5,4,5,0,0,0,0,0,15,0,0,0,0,0,0,0,0,0,0,0,0,0,0,0,0,0,0,0,0,0,0,0,0,0,0,0,0,0,0
11103122623,core,4,0,20,12,15,7,0,0,0,61,4,12,4,0,0,0,0,0,0,19,0,0,0,0,0,0,0,0,0,4,0,0,0,0,0,0,0,0,0,5,3,16,22,15,14,12,0,0,0,88,0,0,0,0,0,0,0,0,0,0,0,0,0,0,0,0,0,0,0,0,0,0,0,0,0,0,0,0,0,0,3,14,22,17,14,12,0,0,0,96,6,3,0,0,0,3,15,11,4,42,0,0,0,0,0,0,0,0,0,0,7,17,25,18,23,18,11,6,4,132,0,0,11,11,12,7,0,0,0,43,6,0,5,12,7,4,0,0,0,34,0,0,3,0,0,0,0,0,0,9,0,0,0,0,0,0,0,0,0,0,5,5,19,21,17,12,0,0,0,87,0,0,0,0,0,0,0,0,0,0,0,0,0,0,0,0,0,0,0,0,0,0,0,0,0,0,0,0,0,3
11103122624,core,0,6,18,18,10,15,4,0,0,67,4,3,0,4,0,7,0,0,0,17,0,0,0,0,0,0,0,0,0,4,0,0,0,0,0,0,0,0,0,0,8,6,20,19,16,20,4,0,0,88,0,0,0,0,0,0,0,0,0,7,0,0,0,0,0,0,0,0,0,0,0,0,0,0,0,0,0,0,0,7,11,8,20,15,16,20,4,0,0,90,9,0,4,0,3,10,14,7,0,41,0,0,0,0,0,0,0,0,0,3,13,13,22,21,20,26,16,7,0,138,0,3,7,7,11,3,0,0,0,39,6,8,6,13,7,4,0,0,0,49,0,0,0,0,0,0,0,0,0,7,0,0,0,0,0,0,0,0,0,0,7,8,19,18,25,13,0,0,0,97,0,0,0,0,0,0,0,0,0,3,0,0,3,0,0,0,0,0,0,0,0,0,3,0,0,0,0,0,0,4
11103122625,core,0,5,17,16,14,13,3,0,0,73,4,9,7,4,4,5,3,0,0,28,0,0,0,0,0,0,0,0,0,3,0,0,0,0,0,0,0,0,0,0,6,7,23,28,17,15,7,0,0,105,0,3,0,4,0,0,0,0,0,7,0,0,0,0,0,0,0,0,0,6,0,3,0,4,0,0,0,0,0,11,6,14,23,31,21,18,7,0,0,115,8,0,5,4,3,3,11,4,3,43,0,0,0,0,0,0,0,0,0,0,12,15,27,29,21,23,20,4,3,160,0,5,9,3,11,11,3,0,0,38,4,7,15,15,9,7,0,0,0,60,0,0,3,0,0,0,0,0,0,9,0,0,0,0,0,0,0,0,0,0,3,10,30,19,21,12,3,0,0,110,0,0,0,0,3,0,0,0,0,3,0,0,0,0,0,0,0,0,0,4,0,0,0,0,3,0,0,0,0,6
11103122626,core,0,8,22,17,22,10,0,0,0,75,0,0,0,5,5,0,3,0,0,12,0,0,0,0,0,0,0,0,0,3,0,0,0,0,0,0,0,0,0,5,3,10,24,22,22,18,3,0,0,100,0,0,3,0,0,0,0,0,0,10,0,0,0,0,0,0,0,0,0,0,5,0,3,0,0,0,0,0,0,11,4,12,30,22,20,18,5,0,0,108,6,4,3,7,3,6,13,11,0,45,0,0,0,0,0,0,0,0,0,7,9,18,30,30,27,27,18,11,4,157,0,11,13,4,12,4,0,0,0,48,0,6,9,14,11,5,0,0,0,45,0,0,0,0,0,3,0,0,0,3,0,0,0,0,0,0,0,0,0,0,0,13,22,23,22,15,0,0,0,98,0,0,0,0,0,0,0,0,0,3,0,0,0,0,4,0,0,0,0,4,4,0,0,0,0,0,0,0,0,4
11103122627,core,3,4,9,12,13,10,0,0,0,61,7,0,3,0,0,4,0,0,0,13,0,0,0,0,0,0,0,0,0,3,0,0,0,0,0,0,0,0,0,0,8,9,13,13,15,17,0,0,0,78,0,0,0,0,0,0,0,0,0,0,0,0,0,0,0,0,0,0,0,0,0,0,0,0,0,0,0,0,0,0,5,9,13,13,15,17,0,0,0,76,0,0,0,0,0,9,7,3,0,31,3,0,0,0,0,0,0,0,0,3,14,11,15,13,19,24,14,3,0,113,0,5,3,12,6,3,0,0,0,40,3,3,8,8,11,8,0,0,0,29,0,0,3,0,0,0,0,0,0,3,0,0,0,0,0,0,0,0,0,0,11,9,18,17,14,7,0,0,0,71,0,0,0,0,0,0,0,0,0,0,0,0,0,0,0,0,0,0,0,4,0,0,0,0,0,0,0,0,0,0
11103122628,core,0,6,14,27,17,12,0,0,0,76,5,10,0,3,3,5,0,0,0,30,0,0,3,0,0,0,0,0,0,6,0,0,0,0,0,0,0,0,0,0,7,16,27,25,21,13,0,4,0,113,0,0,0,0,0,0,0,0,0,4,0,0,0,0,0,0,0,0,0,3,0,0,3,0,0,0,0,0,0,5,6,16,24,33,21,13,0,4,0,122,5,5,6,0,6,5,7,4,0,35,0,0,0,0,0,0,0,0,0,0,14,21,27,30,27,17,11,6,0,156,0,3,11,14,19,6,0,0,0,58,4,6,8,11,6,6,0,0,0,44,0,0,8,5,0,0,0,0,0,12,0,0,0,0,0,0,0,0,0,3,3,7,27,22,26,17,3,0,0,110,0,0,0,0,0,0,0,0,0,0,0,0,0,0,0,0,0,0,0,0,0,0,0,0,0,0,0,0,0,0
11103122629,core,0,8,26,26,25,19,0,0,0,106,12,7,11,4,4,0,0,0,0,35,0,6,0,0,0,0,0,0,0,6,0,0,0,0,0,0,0,0,0,0,11,18,34,27,32,25,0,0,0,149,0,0,0,0,0,0,0,0,0,10,0,0,0,0,0,0,0,0,0,5,0,4,0,0,0,0,0,0,0,7,16,21,30,35,33,25,0,0,0,163,9,0,3,5,0,0,13,4,0,40,0,0,0,0,0,0,0,0,0,7,23,21,40,35,36,30,14,11,0,205,0,4,11,21,15,5,0,0,0,54,16,5,14,16,6,10,0,0,0,71,0,0,0,0,0,0,0,0,0,8,0,0,0,0,0,0,0,0,0,0,16,12,27,38,21,15,0,0,0,133,0,0,0,0,0,0,0,0,0,6,0,0,0,0,0,0,0,0,0,0,0,0,0,0,0,0,0,0,0,6
11103122631,core,0,0,0,0,0,0,0,0,0,5,0,0,0,0,0,0,0,0,0,3,0,0,0,0,0,0,0,0,0,0,0,0,0,0,0,0,0,0,0,0,0,0,0,0,0,0,0,0,0,5,0,0,0,0,0,0,0,0,0,0,0,0,0,0,0,0,0,0,0,0,0,0,0,0,0,0,0,0,0,0,0,0,0,0,0,0,0,0,0,5,0,0,0,0,0,0,0,0,0,0,0,0,0,0,0,0,0,0,0,0,0,0,0,0,0,3,0,0,0,8,0,0,0,0,0,0,0,0,0,0,0,0,0,0,0,0,0,0,0,5,0,0,0,0,0,0,0,0,0,0,0,0,0,0,0,0,0,0,0,0,0,0,0,0,0,3,0,0,0,4,0,0,0,0,0,0,0,0,0,0,0,0,0,0,0,0,0,0,0,0,0,0,0,0,0,0,0,0,0,0
11103122632,core,3,0,8,17,22,12,0,0,0,66,7,4,0,3,0,0,0,0,0,21,0,0,0,0,0,0,0,0,0,3,0,0,0,0,0,0,0,0,0,0,11,5,21,23,22,7,0,0,0,89,0,0,0,0,0,0,0,0,0,0,0,0,0,0,0,0,0,0,0,0,0,0,0,0,0,0,0,0,0,0,11,4,21,24,22,7,0,0,0,92,7,7,0,0,5,5,7,4,0,26,0,0,0,0,0,0,0,0,0,4,17,10,18,26,23,12,12,4,0,121,0,0,7,14,9,4,0,0,0,37,9,7,6,9,3,4,0,0,0,46,6,0,0,0,3,3,0,0,0,13,0,0,0,0,0,0,0,0,0,0,13,9,14,25,22,10,0,0,0,89,0,0,0,0,0,0,0,0,0,0,3,0,0,0,0,0,0,0,0,3,3,0,0,0,0,0,0,0,0,0
11103122633,core,0,0,0,0,0,0,0,0,0,0,0,0,0,0,0,0,0,0,0,0,0,0,0,0,0,0,0,0,0,0,0,0,0,0,0,0,0,0,0,0,0,0,0,0,0,0,0,0,0,0,0,0,0,0,0,0,0,0,0,0,0,0,0,0,0,0,0,0,0,0,0,0,0,0,0,0,0,0,0,0,0,0,0,0,0,0,0,0,0,0,0,0,0,0,0,0,0,0,0,0,0,0,0,0,0,0,0,0,0,0,0,0,0,0,0,0,0,0,0,0,0,0,0,0,0,0,0,0,0,0,0,0,0,0,0,0,0,0,0,0,0,0,0,0,0,0,0,0,0,0,0,0,0,0,0,0,0,0,0,0,0,0,0,0,0,0,0,0,0,0,0,0,0,0,0,0,0,0,0,0,0,0,0,0,0,0,0,0,0,0,0,0,0,0,0,0,0,0,0,0
11103122634,core,0,3,25,38,11,5,0,0,0,85,7,6,7,8,4,0,0,0,0,35,0,0,0,4,0,0,0,0,0,7,0,0,0,0,0,0,0,0,0,4,7,11,29,55,18,8,0,0,0,127,0,0,0,3,0,0,0,0,0,3,0,0,0,0,0,0,0,0,0,0,0,0,3,3,0,0,0,0,0,7,5,18,34,55,18,8,0,0,0,134,12,4,0,5,3,8,6,4,0,50,0,0,4,0,0,0,0,0,0,4,15,18,40,64,16,16,11,5,0,188,0,3,12,21,9,4,0,0,0,50,3,9,14,14,3,3,3,0,0,59,0,0,5,0,3,0,0,0,0,7,0,0,0,0,0,0,0,0,0,0,12,14,37,40,17,8,3,0,0,123,0,0,0,0,0,0,0,0,0,0,0,0,0,0,0,0,0,0,0,8,0,0,0,0,0,0,0,0,0,8
11103122635,core,4,0,24,36,23,12,0,0,0,96,3,4,3,9,5,4,0,0,0,22,0,0,0,0,0,0,0,0,0,4,0,0,0,0,0,0,0,0,0,0,9,10,25,42,34,9,3,0,0,126,0,0,0,0,0,0,0,0,0,4,0,0,0,0,0,0,0,0,0,0,0,0,0,0,0,0,0,0,0,3,4,8,23,43,34,9,3,0,0,128,9,0,0,3,0,0,5,3,0,18,0,0,0,0,0,0,0,0,0,3,16,5,30,48,34,13,7,3,0,153,0,5,8,26,4,0,0,0,0,44,5,4,12,25,4,9,0,0,0,54,0,0,4,3,0,0,0,0,0,9,0,0,0,0,0,0,0,0,0,0,3,5,23,56,11,6,0,0,0,109,0,0,0,0,0,0,0,0,0,0,4,0,0,0,0,0,0,0,0,0,4,0,0,0,0,0,0,0,0,5
11103122636,core,3,4,33,40,22,7,0,0,0,117,5,6,14,3,0,3,0,0,0,33,0,0,0,0,0,0,0,0,0,0,0,0,3,0,0,0,0,0,0,4,6,17,45,50,22,12,0,0,0,156,0,0,0,0,0,0,0,0,0,0,4,6,0,3,0,0,0,0,0,11,3,6,0,3,0,0,0,0,0,13,12,19,48,50,22,12,0,0,0,165,13,6,3,0,4,3,5,3,0,47,0,0,6,7,0,0,0,0,0,16,30,27,61,61,26,16,4,3,0,222,0,4,14,21,16,0,0,0,0,59,7,7,19,24,9,3,0,0,0,72,0,0,7,0,0,0,0,0,0,11,0,0,0,0,0,0,0,0,0,0,11,15,47,46,25,9,0,0,0,144,0,0,0,0,0,0,0,0,0,3,0,3,0,3,0,0,0,0,0,12,5,0,0,4,0,0,0,0,0,16
11103122637,core,3,8,74,86,35,13,0,0,0,215,12,13,13,12,13,0,0,0,0,60,0,0,6,3,0,0,0,0,0,11,0,0,4,4,0,0,0,0,0,9,13,23,95,105,44,15,0,0,0,298,0,0,3,4,0,0,0,0,0,9,0,0,3,0,0,0,0,0,0,4,0,0,3,4,0,0,0,0,0,10,20,25,95,107,43,16,0,0,0,308,12,8,3,10,4,6,12,6,0,63,0,0,5,3,5,0,0,0,0,15,37,33,104,119,52,22,17,6,0,387,3,19,41,41,28,11,0,0,0,148,12,27,36,41,16,7,3,0,0,134,0,0,7,4,0,0,0,0,0,20,0,0,3,0,0,0,0,0,0,4,16,50,91,80,48,17,5,0,0,303,0,0,0,3,0,0,0,0,0,5,0,4,0,0,0,0,0,0,0,4,0,4,0,5,0,0,0,0,0,9
11103122638,core,3,9,25,47,61,18,6,0,0,164,11,8,4,11,12,0,0,0,0,44,0,0,0,9,0,0,0,0,0,6,0,0,0,0,0,0,0,0,0,0,10,17,28,63,70,21,3,0,0,222,0,0,3,0,0,0,0,0,0,7,0,0,0,0,0,0,0,0,0,4,0,0,3,0,0,0,0,0,0,9,12,19,34,62,70,23,3,0,0,225,8,5,0,9,5,6,18,9,0,59,0,0,0,0,0,0,0,0,0,5,26,23,37,67,70,32,23,12,0,293,0,8,19,34,29,4,0,0,0,94,20,9,16,35,18,16,0,0,0,106,0,0,12,6,0,0,0,0,0,21,0,0,0,0,0,0,0,0,0,0,19,19,44,66,52,18,0,0,0,224,0,0,0,0,0,0,0,0,0,0,0,0,0,0,0,0,0,0,0,3,0,0,0,0,0,0,0,0,0,7
11103122639,core,0,6,16,46,26,5,0,0,0,111,10,3,6,4,3,0,0,0,0,29,0,0,0,0,0,0,0,0,0,6,0,0,0,0,0,0,0,0,0,0,11,13,23,50,31,10,4,0,0,144,0,0,0,0,0,0,0,0,0,0,0,0,0,0,0,0,0,0,0,0,0,0,0,0,0,0,0,0,0,0,11,13,23,50,31,12,4,0,0,147,7,0,0,0,0,0,4,0,0,24,0,0,0,0,0,0,0,0,0,0,22,12,26,56,39,14,12,0,0,167,0,0,10,28,21,3,0,0,0,62,8,3,12,17,16,8,0,0,0,68,0,0,6,0,0,0,0,0,0,12,0,0,0,0,0,0,0,0,0,0,9,6,27,46,34,13,0,0,0,145,0,0,0,0,0,0,0,0,0,0,0,0,0,0,0,0,0,0,0,4,0,0,0,0,0,0,0,0,0,4
11103122640,core,4,20,34,53,52,23,0,0,0,185,17,15,7,10,11,3,0,0,0,58,0,5,5,4,3,0,0,0,0,13,0,0,0,3,0,0,0,0,0,3,24,40,40,65,65,24,0,0,0,263,0,3,0,0,0,0,0,0,0,12,5,0,0,0,0,0,0,0,0,11,4,3,7,0,0,0,0,0,0,20,35,41,44,65,65,29,0,0,0,281,16,3,6,6,8,3,6,0,0,51,0,0,4,0,0,0,0,0,0,3,50,45,56,72,76,31,9,4,0,339,8,6,31,41,43,11,0,0,0,137,28,12,29,25,21,10,3,0,0,127,0,0,9,7,0,0,0,0,0,15,0,0,0,0,0,0,0,0,0,0,37,26,63,75,66,24,3,0,0,283,0,0,0,0,0,0,0,0,0,5,5,0,0,0,4,0,0,0,0,11,9,0,0,4,7,0,0,0,0,18
11103122641,core,0,3,28,49,29,8,0,0,0,120,10,6,0,4,6,0,3,0,0,27,0,0,0,0,0,0,0,0,0,10,0,0,0,0,0,0,0,0,0,4,11,10,26,51,37,9,6,0,0,154,0,0,0,0,0,0,0,0,0,3,0,0,0,0,0,0,0,0,0,0,0,0,0,0,0,0,0,0,0,4,11,15,29,58,38,9,6,0,0,160,9,5,0,4,3,3,4,3,0,23,0,0,3,0,0,0,0,0,0,5,17,18,37,56,44,13,3,6,0,187,0,5,12,28,14,3,0,0,0,68,15,6,12,28,11,0,0,0,0,75,0,0,5,4,0,0,0,0,0,11,0,0,4,0,0,0,0,0,0,4,16,4,28,64,31,7,0,0,0,153,0,0,0,0,0,0,0,0,0,0,3,0,0,0,0,0,0,0,0,0,3,0,0,0,0,0,0,0,0,0
11103122642,core,3,5,29,63,39,3,0,0,0,142,6,3,7,3,3,9,4,0,0,35,4,0,4,0,0,0,0,0,0,7,0,0,0,0,0,0,0,0,0,0,14,8,42,70,43,11,3,0,0,189,0,0,0,0,0,0,0,0,0,0,4,0,0,0,0,0,0,0,0,5,4,0,0,0,0,0,0,0,0,4,12,8,37,70,43,11,3,0,0,191,14,3,3,4,4,5,22,5,0,58,0,0,4,0,0,0,0,0,0,4,28,11,49,72,51,13,22,6,0,249,0,3,16,46,21,3,0,0,0,90,6,14,10,27,20,0,0,0,0,82,0,0,6,6,3,0,0,0,0,14,0,0,0,0,0,0,0,0,0,0,3,18,34,74,43,10,6,0,0,183,0,0,0,0,0,0,0,0,0,3,0,0,0,0,0,0,0,0,0,0,0,0,0,0,0,0,0,0,0,4
11103122701,core,0,3,16,4,15,5,4,0,0,48,4,0,0,4,0,4,0,0,0,10,0,0,0,0,0,0,0,0,0,0,0,0,0,0,0,0,0,0,0,0,4,5,16,7,12,17,4,0,0,65,0,0,0,0,0,0,0,0,0,0,7,0,0,0,0,0,0,0,0,7,7,0,0,0,0,0,0,0,0,5,5,5,20,7,12,17,4,0,0,68,3,0,0,0,0,6,16,3,0,24,0,0,3,0,0,0,0,0,0,4,7,5,21,7,14,15,19,3,0,99,0,4,8,3,4,10,0,0,0,34,3,6,7,5,6,3,0,0,0,29,0,0,3,0,0,0,0,0,0,5,0,0,0,0,0,0,0,0,0,0,3,8,17,11,16,16,0,0,0,71,0,0,0,0,0,0,0,0,0,0,0,0,0,0,0,0,0,0,0,0,0,0,0,0,0,0,0,0,0,0
11103122702,core,0,0,0,0,0,0,0,0,0,0,0,0,0,0,0,0,0,0,0,0,0,0,0,0,0,0,0,0,0,0,0,0,0,0,0,0,0,0,0,0,0,0,0,0,0,0,0,0,0,0,0,0,0,0,0,0,0,0,0,0,0,0,0,0,0,0,0,0,0,0,0,0,0,0,0,0,0,0,0,0,0,0,0,0,0,0,0,0,0,0,0,0,0,0,0,0,0,0,0,3,0,0,0,0,0,0,0,0,0,0,0,0,0,0,0,0,0,0,0,4,0,0,0,0,0,0,0,0,0,0,0,0,0,0,0,0,0,0,0,0,0,0,0,0,0,0,0,0,0,0,0,0,0,0,0,0,0,0,0,0,0,0,0,0,0,0,0,0,0,0,0,0,0,0,0,0,0,0,0,0,0,0,0,0,0,0,0,0,0,0,0,0,0,0,0,0,0,0,0,0
11103122703,core,0,4,17,16,5,11,0,0,0,46,0,4,7,0,3,4,0,0,0,21,0,0,5,0,0,0,0,0,0,6,0,0,0,0,0,0,0,0,0,0,4,5,27,15,13,16,0,0,0,79,0,0,0,0,0,0,0,0,0,0,0,0,0,0,0,0,0,0,0,0,0,0,0,0,0,0,0,0,0,0,4,5,27,12,13,16,0,0,0,78,5,6,0,0,4,7,9,4,0,25,0,6,8,0,0,0,0,0,0,14,11,13,34,20,11,18,10,4,0,112,0,0,9,6,4,0,0,0,0,32,0,0,11,13,8,3,0,0,0,36,0,0,4,0,0,0,0,0,0,0,0,0,0,0,0,0,0,0,0,0,0,5,24,23,14,14,5,0,0,81,0,0,0,0,0,0,0,0,0,0,0,0,0,0,0,0,0,0,0,0,0,0,0,0,0,0,0,0,0,0
11103122704,core,0,6,21,16,5,8,0,0,0,61,0,4,11,5,0,0,3,0,0,17,0,0,0,0,0,3,0,0,0,6,0,0,0,0,0,0,0,0,0,0,0,8,28,21,7,10,5,0,0,84,0,0,0,0,0,3,0,0,0,8,0,0,0,0,0,0,0,0,0,0,0,0,0,0,0,3,0,0,0,5,0,8,33,26,3,16,5,0,0,95,3,3,3,0,4,4,10,6,0,36,0,0,0,0,0,0,0,0,0,5,6,13,37,29,15,19,15,3,0,131,0,4,17,14,11,5,0,0,0,53,0,0,13,9,0,3,4,0,0,38,0,0,0,4,3,0,0,0,0,8,0,0,0,0,0,0,0,0,0,0,0,6,37,21,20,14,4,0,0,94,0,0,0,0,0,0,0,0,0,0,0,0,0,0,0,0,0,0,0,0,0,0,0,0,0,0,0,0,0,0
11103122705,core,0,0,22,25,4,5,0,0,0,62,4,0,3,3,0,4,0,0,0,18,0,0,0,0,0,0,0,0,0,3,0,0,0,0,0,0,0,0,0,0,3,4,32,28,10,12,3,0,0,88,0,0,0,0,0,0,0,0,0,0,0,0,0,0,0,0,0,0,0,5,0,0,0,0,0,0,0,0,0,6,4,4,32,28,9,11,6,0,0,91,5,0,0,0,4,0,9,4,0,24,0,0,0,0,0,0,0,0,0,0,5,3,30,32,10,16,13,4,0,123,0,5,18,15,15,4,0,0,0,54,0,0,17,13,6,9,0,0,0,41,0,0,4,5,0,4,0,0,0,13,0,0,0,0,0,0,0,0,0,0,0,5,38,30,21,15,0,0,0,111,0,0,0,0,0,0,0,0,0,0,0,0,0,0,0,0,0,0,0,3,0,0,0,0,0,0,0,0,0,5
11103122706,core,0,5,28,33,12,13,0,0,0,88,3,8,9,4,3,3,4,0,0,40,3,0,0,3,0,0,0,0,0,11,0,0,0,0,0,0,0,0,0,3,11,15,41,39,15,14,5,0,0,136,0,0,4,0,0,0,0,0,0,4,0,0,0,0,0,0,0,0,0,0,0,0,4,0,0,0,0,0,0,3,9,15,42,40,15,14,5,0,0,142,3,6,3,5,10,17,18,5,3,69,0,0,0,0,3,0,0,0,0,3,11,17,48,45,32,31,22,5,3,216,0,4,31,12,10,10,0,0,0,66,0,7,10,20,6,6,5,0,0,65,0,4,0,4,0,0,0,0,0,9,0,0,0,0,0,0,0,0,0,0,3,21,45,41,19,20,3,0,0,144,0,0,0,0,0,0,0,0,0,0,0,0,0,0,0,0,0,0,0,3,0,3,0,0,0,0,0,0,0,6
11103122707,core,0,11,34,24,19,12,0,0,0,105,0,9,20,6,3,4,0,0,0,49,0,0,0,0,0,0,0,0,0,4,0,0,0,0,0,0,0,0,0,0,0,19,56,29,23,25,3,0,0,159,0,3,3,0,0,4,0,0,0,10,0,3,0,0,5,0,0,0,0,11,0,9,5,0,5,5,0,0,0,17,4,26,63,29,28,31,3,0,0,177,4,0,6,4,7,7,16,11,5,55,0,0,0,3,3,0,0,0,0,4,11,26,63,38,33,43,19,11,5,242,0,6,26,14,21,15,0,0,0,85,5,12,15,23,8,13,7,0,0,73,0,0,6,0,3,0,0,0,0,13,0,0,0,0,0,0,0,0,0,6,7,21,54,36,25,33,7,0,0,171,0,0,0,0,0,0,0,0,0,3,0,0,0,0,0,0,0,0,0,0,0,0,0,0,0,0,0,0,0,7
11103122708,core,0,6,30,21,17,6,0,0,0,76,6,9,10,4,6,0,0,0,0,36,0,0,0,3,0,0,0,0,0,5,0,0,0,0,0,0,0,0,0,3,3,12,35,26,25,9,6,0,0,116,0,3,5,0,0,0,0,0,0,10,0,0,0,0,0,0,0,0,0,5,0,8,5,0,0,0,0,0,0,14,3,15,41,29,23,8,6,0,0,126,4,0,0,4,3,15,19,6,5,57,0,0,6,0,0,5,4,0,0,13,9,18,45,33,29,32,25,6,5,199,0,4,29,18,11,4,4,0,0,67,0,4,18,7,9,8,4,0,0,53,0,0,5,0,0,0,0,0,0,6,0,0,0,0,0,0,0,0,0,0,0,12,46,25,17,13,9,0,0,127,0,0,0,0,0,0,0,0,0,3,0,0,0,0,0,0,0,0,0,7,0,0,0,0,0,0,0,0,0,4
11103122709,core,0,3,20,24,15,14,0,0,0,73,0,4,4,0,3,3,0,0,0,17,0,0,6,3,0,0,0,0,0,12,0,0,0,0,0,0,0,0,0,0,0,10,28,27,18,13,0,0,0,98,0,0,0,0,0,0,0,0,0,5,0,0,0,0,0,0,0,0,0,5,0,0,0,0,0,0,0,0,0,7,0,7,28,29,22,13,4,0,0,104,0,4,0,0,6,0,11,6,4,38,0,0,0,5,0,0,0,0,0,8,5,12,31,39,23,18,13,9,4,148,0,3,18,3,4,8,0,0,0,47,0,0,16,16,11,4,0,0,0,49,0,0,0,5,0,0,0,0,0,7,0,0,0,0,0,0,0,0,0,0,0,12,34,27,20,12,0,0,0,105,0,0,0,0,0,0,0,0,0,0,0,0,0,0,0,0,0,0,0,0,0,0,0,0,0,0,0,0,0,4
11103122710,core,0,3,33,15,16,3,0,0,0,77,0,4,11,3,4,0,4,0,0,28,0,3,4,0,0,0,0,0,0,5,5,0,0,0,3,0,0,0,0,5,8,15,43,18,23,10,6,0,0,119,0,0,3,0,0,0,0,0,0,4,0,3,0,0,0,0,0,0,0,3,0,3,3,0,0,0,0,0,0,13,8,20,49,20,24,12,4,0,0,133,4,4,10,3,6,4,13,0,4,47,0,5,0,4,0,0,0,0,0,13,14,23,64,27,34,15,19,0,4,195,0,4,18,5,8,7,0,0,0,47,3,6,13,11,9,6,0,0,0,56,0,3,0,0,0,0,0,0,0,3,0,0,0,0,0,0,0,0,0,0,3,10,33,16,24,10,0,0,0,101,0,0,0,0,0,0,0,0,0,0,0,0,0,0,0,0,0,0,0,0,0,0,0,0,0,0,0,0,0,0
11103122711,core,0,3,42,26,16,5,0,0,0,97,4,11,5,6,0,7,4,0,0,34,0,0,4,0,0,0,0,0,0,4,0,0,0,0,0,0,0,0,0,0,4,13,50,38,17,17,0,0,0,141,0,0,3,0,3,0,0,0,0,9,0,0,0,0,0,0,0,0,0,0,0,0,3,0,3,0,0,0,0,9,4,13,55,38,21,15,4,0,0,145,0,6,14,4,8,11,20,0,3,63,0,0,0,0,4,3,0,0,0,12,6,20,71,46,31,26,25,0,3,226,0,5,26,15,15,4,0,0,0,72,0,0,12,13,7,12,0,0,0,45,4,0,7,0,0,0,0,0,0,10,0,0,0,0,0,0,0,0,0,0,3,11,50,27,20,21,0,0,0,129,0,0,0,0,0,0,0,0,0,0,0,0,3,0,0,0,0,0,0,5,0,0,3,0,0,0,0,0,0,5
11103122712,core,0,0,11,6,9,9,0,0,0,35,0,0,10,3,5,0,0,0,0,12,0,0,0,0,0,0,0,0,0,6,0,0,0,0,0,0,0,0,0,0,0,5,21,10,11,8,5,0,0,58,0,0,0,0,0,0,0,0,0,0,0,0,0,0,0,0,0,0,0,0,0,0,0,0,0,0,0,0,0,0,0,7,21,10,11,8,5,0,0,57,0,4,0,0,3,4,11,4,0,25,0,0,0,0,0,0,0,0,0,3,0,9,21,10,18,12,10,4,0,91,0,0,9,4,6,0,0,0,0,28,0,3,5,5,8,3,0,0,0,32,0,0,0,0,0,0,0,0,0,0,0,0,0,0,0,0,0,0,0,6,0,11,8,13,12,9,5,0,0,55,0,0,0,0,0,0,0,0,0,0,0,0,0,0,0,0,0,0,0,0,0,0,0,0,0,0,0,0,0,0
11103122713,core,0,8,34,27,17,7,0,0,0,102,0,4,13,3,3,5,0,0,0,38,0,0,0,0,0,0,0,0,0,6,0,0,0,0,0,0,0,0,0,0,3,16,50,33,22,18,3,0,0,146,0,0,3,6,4,0,0,0,0,11,0,0,0,0,0,0,0,0,0,5,0,0,3,6,4,0,0,0,0,14,3,19,53,38,22,16,6,0,0,155,4,0,5,6,8,14,14,16,0,78,0,0,12,3,0,0,7,0,0,24,8,21,74,48,29,38,25,16,9,261,0,11,27,16,9,10,0,0,0,75,8,15,12,19,7,7,4,0,0,63,0,3,0,0,3,5,0,0,0,11,0,0,0,0,0,0,0,0,0,0,8,27,39,33,15,13,6,0,0,147,0,0,0,0,0,0,0,0,0,0,0,0,0,0,0,0,0,0,0,9,0,0,0,0,0,0,0,0,0,9
11103122714,core,0,8,34,30,19,20,0,0,0,105,7,8,6,8,4,5,0,0,0,39,0,0,3,3,0,0,0,0,0,10,0,0,0,0,0,0,0,0,0,0,7,22,40,39,21,20,0,0,0,157,0,0,7,0,4,0,0,0,0,12,0,0,0,0,0,0,0,0,0,3,0,3,5,0,4,0,0,0,0,10,7,26,47,39,26,21,4,0,0,169,12,11,4,3,8,3,16,16,7,80,0,0,4,3,3,0,3,0,0,13,21,31,57,45,35,32,24,19,7,263,0,5,30,22,12,0,0,0,0,74,4,6,16,11,12,8,0,0,0,49,0,0,6,5,0,4,0,0,0,13,0,0,0,0,0,0,0,0,0,0,4,8,50,35,28,13,0,0,0,131,0,0,0,0,0,0,0,0,0,3,0,0,0,0,0,0,0,0,0,3,0,3,3,0,0,0,0,0,0,5
11103122715,core,0,4,13,4,9,12,5,0,0,39,0,7,8,4,0,0,0,0,0,22,0,0,0,3,0,0,0,0,0,7,0,0,0,0,0,0,0,0,0,0,4,3,22,11,5,9,5,0,0,68,0,0,0,0,0,0,0,0,0,3,0,0,0,0,0,0,0,0,0,0,0,0,0,0,0,0,0,0,0,3,4,3,28,11,6,9,5,0,0,71,3,5,0,5,3,10,26,20,18,82,0,0,0,0,0,0,5,8,12,24,3,9,23,20,8,17,31,27,26,170,0,0,8,3,9,4,6,0,0,31,0,10,8,0,3,5,4,0,0,24,0,0,3,0,0,0,0,0,0,7,0,0,0,0,0,0,0,0,0,0,3,10,22,3,13,7,5,0,0,67,0,0,0,0,0,0,0,0,0,0,0,0,0,0,0,0,0,0,0,0,0,0,0,0,0,0,0,0,0,0
11103122716,core,0,0,10,3,5,5,3,0,0,28,3,7,3,0,5,3,5,0,0,29,0,0,0,0,0,0,0,0,0,5,0,0,0,0,0,0,0,0,0,4,6,12,9,6,12,8,7,0,0,65,0,0,0,0,0,0,0,0,0,3,0,0,0,0,0,0,0,0,0,0,0,0,0,0,0,0,0,0,0,4,9,12,9,3,12,11,7,0,0,65,5,6,3,0,0,11,23,4,5,48,0,0,0,0,0,0,0,0,0,4,10,18,18,10,13,20,28,9,5,121,0,0,4,0,8,3,3,0,0,20,0,0,0,4,5,0,0,0,0,21,0,0,0,0,0,3,0,0,0,4,0,0,0,0,0,0,0,0,0,0,0,0,7,3,15,12,3,0,0,42,0,0,0,0,0,0,0,0,0,0,0,0,0,0,0,0,0,0,0,0,0,0,0,0,0,0,0,0,0,4
11103122717,core,0,3,22,27,12,9,4,0,0,78,5,3,4,6,0,4,0,0,0,23,0,0,0,0,0,0,0,0,0,0,0,0,0,0,0,0,0,0,0,0,9,14,29,30,10,11,6,0,0,105,0,0,0,0,0,0,0,0,0,5,5,0,0,0,0,0,0,0,0,8,0,3,0,0,0,0,0,0,0,13,9,13,31,30,11,12,6,0,0,117,7,6,4,0,4,9,15,5,0,47,0,0,0,6,0,0,0,0,0,9,15,20,36,37,17,22,15,10,0,172,0,3,30,11,14,8,3,0,0,71,3,14,10,12,11,4,3,0,0,62,0,0,5,0,0,0,0,0,0,5,0,0,0,0,0,0,0,0,0,0,6,20,43,22,28,17,6,0,0,142,0,3,0,0,0,0,0,0,0,8,0,0,0,0,0,0,0,0,0,3,0,3,0,0,3,0,0,0,0,11
11103122718,core,0,6,27,22,7,9,0,0,0,81,0,0,8,5,3,7,0,0,0,30,4,0,0,0,0,0,0,0,0,9,0,0,0,0,0,0,0,0,0,0,5,10,43,28,12,18,0,0,0,115,0,0,0,5,0,3,0,0,0,5,0,0,0,0,0,0,0,0,0,0,0,0,0,5,0,3,0,0,0,5,5,10,43,31,12,19,0,0,0,120,0,0,7,9,7,12,11,9,5,55,0,0,0,5,0,0,0,0,0,10,4,8,51,40,23,33,7,9,3,185,0,3,29,18,8,8,0,0,0,61,0,12,15,14,7,0,0,0,0,47,0,7,6,0,0,0,0,0,0,9,0,0,0,0,0,0,0,0,0,0,0,12,44,35,18,5,0,0,0,122,0,0,0,0,0,0,0,0,0,0,0,0,0,0,0,0,0,0,0,4,0,0,0,0,0,0,0,0,0,4
11103122719,core,0,0,18,26,14,14,3,0,0,78,7,0,5,3,4,0,0,0,0,22,0,0,0,0,0,0,0,0,0,7,0,0,0,0,0,0,0,0,0,0,7,3,25,33,15,19,5,0,0,110,0,0,0,0,6,0,0,0,0,4,0,0,0,0,0,0,0,0,0,4,3,0,0,0,6,0,0,0,0,9,4,3,25,33,23,19,5,0,0,112,5,0,3,4,14,3,16,10,5,57,0,0,0,0,0,0,3,0,0,5,16,3,29,37,33,26,22,12,5,172,4,0,24,11,10,8,0,0,0,55,7,3,7,6,16,4,0,0,0,53,3,5,7,4,7,0,0,0,0,16,0,0,0,0,0,0,0,0,0,0,11,12,39,23,31,9,0,0,0,126,0,0,0,0,0,0,0,0,0,4,0,0,0,0,0,0,0,0,0,5,4,0,0,0,0,0,0,0,0,4
11103122720,core,0,7,30,26,12,21,0,0,0,89,0,5,12,0,4,0,0,0,0,28,0,0,0,4,0,0,0,0,0,7,0,0,0,0,0,0,0,0,0,5,3,8,33,31,22,24,4,0,0,122,0,0,3,0,0,0,0,0,0,7,3,0,0,0,0,0,0,0,0,3,4,0,3,0,0,0,0,0,0,9,4,10,41,31,21,21,4,0,0,133,6,0,0,0,4,7,17,12,0,54,0,3,0,0,0,0,0,0,0,5,11,16,42,33,23,38,22,12,0,189,0,0,25,8,13,7,0,0,0,58,3,7,17,14,10,8,0,0,0,52,0,3,3,0,6,0,0,0,0,8,0,0,0,0,0,0,0,0,0,4,3,14,44,21,25,17,0,0,0,122,0,0,0,0,0,0,0,0,0,3,0,0,0,0,0,0,0,0,0,3,0,0,0,0,0,0,0,0,0,5
11103122721,core,0,5,18,18,7,8,3,0,0,55,0,6,7,12,0,0,0,0,0,30,0,0,0,4,0,0,0,0,0,6,0,0,0,0,0,0,0,0,0,0,0,11,25,32,13,6,5,0,0,88,0,0,4,0,0,0,0,0,0,6,0,0,7,0,0,0,0,0,0,13,0,0,7,0,6,0,0,0,0,16,0,14,34,34,10,9,5,0,0,109,3,3,10,4,13,8,14,5,0,52,0,0,5,4,8,4,0,0,0,11,3,14,42,39,31,17,14,9,0,176,0,5,26,13,4,4,0,0,0,55,0,14,8,10,4,8,0,0,0,40,0,0,0,0,0,0,0,0,0,5,0,0,0,0,0,0,0,0,0,0,0,21,32,19,10,10,0,0,0,97,0,0,3,0,0,0,0,0,0,3,6,0,0,0,0,0,0,0,0,6,6,0,3,0,0,0,0,0,0,4
11103122722,core,0,5,5,6,4,3,0,0,0,35,0,0,4,0,0,0,0,0,0,17,0,0,0,0,0,0,0,0,0,0,0,0,0,0,0,0,0,0,0,3,4,7,18,9,9,4,0,0,0,47,0,0,0,0,0,0,0,0,0,0,0,0,0,0,0,0,0,0,0,0,0,0,0,0,0,0,0,0,0,0,4,11,18,9,9,4,0,0,0,48,4,7,10,3,0,5,11,4,3,35,0,0,3,0,3,0,3,0,0,7,7,12,23,10,13,9,17,6,0,96,0,4,9,7,0,3,0,0,0,21,3,13,5,3,3,0,0,0,0,30,0,0,0,5,0,0,0,0,0,10,0,0,0,0,0,0,0,0,0,0,3,14,16,12,9,3,0,0,0,60,0,3,0,0,0,0,0,0,0,3,0,0,0,0,0,0,0,0,0,0,0,6,0,0,0,0,0,0,0,6
11103122723,core,4,10,18,9,4,11,0,0,0,61,3,8,10,4,4,0,5,0,0,33,0,0,0,0,0,0,0,0,0,5,0,0,0,0,0,0,0,0,0,0,5,20,35,13,8,16,4,0,0,91,0,0,0,0,0,0,0,0,0,4,0,0,0,0,0,4,0,0,0,4,0,0,4,0,0,4,0,0,0,7,7,15,35,13,8,14,4,0,0,102,9,4,3,5,3,10,24,28,36,111,0,6,3,3,0,3,0,0,0,23,11,23,41,18,15,31,25,24,37,231,0,4,24,8,7,7,6,0,0,49,4,5,14,7,6,5,0,0,0,46,0,0,3,6,0,4,0,0,0,8,0,0,0,0,0,0,0,0,0,0,4,11,36,16,16,17,6,0,0,106,0,0,0,0,0,0,0,0,0,0,0,0,0,0,3,0,0,0,0,0,0,0,0,0,3,0,0,0,0,6
11103122724,core,0,9,30,31,12,8,0,0,0,85,3,3,11,6,6,8,0,0,0,41,0,0,0,3,0,0,0,0,0,7,0,0,0,0,0,0,0,0,0,0,3,9,43,36,25,14,4,0,0,140,0,0,0,0,0,0,0,0,0,6,0,0,0,0,0,0,0,0,0,0,0,0,0,0,0,0,0,0,0,6,5,12,42,36,22,14,4,0,0,143,4,0,6,10,12,6,30,17,0,85,3,0,0,4,0,0,0,0,0,11,12,15,47,47,34,27,28,21,0,239,0,7,20,12,18,8,3,0,0,65,0,0,16,16,4,6,4,0,0,63,0,0,3,3,0,0,0,0,0,7,0,0,0,0,0,0,0,0,0,0,5,7,43,30,26,21,8,0,0,141,0,0,0,0,0,0,0,0,0,0,0,0,0,0,0,0,0,0,0,3,0,0,0,0,0,0,0,0,0,6
11103122725,core,3,0,23,4,15,10,5,0,0,61,6,3,8,4,13,4,0,0,0,36,0,0,3,5,0,0,0,0,0,12,0,0,0,0,0,0,0,0,0,0,3,8,38,17,25,16,3,0,0,112,0,3,4,0,0,0,0,0,0,9,0,0,0,0,0,0,0,0,0,5,4,4,4,0,0,0,0,0,0,14,10,9,42,18,29,16,3,0,0,128,9,5,0,0,4,9,8,8,0,37,0,0,4,4,0,3,0,0,0,16,12,12,44,25,40,26,13,11,0,177,0,7,17,10,17,11,0,0,0,63,3,9,10,7,6,5,0,0,0,56,0,0,3,3,0,0,4,0,0,16,0,0,0,0,0,0,0,0,0,0,3,20,35,21,25,20,5,0,0,130,0,0,0,0,0,0,0,0,0,3,0,0,0,0,0,0,0,0,0,0,0,0,0,0,0,0,0,0,0,3
11103122726,core,0,9,11,24,11,8,0,0,0,63,0,0,9,4,4,4,0,0,0,21,0,0,0,0,0,0,0,0,0,4,0,0,0,0,0,0,0,0,0,0,6,16,22,26,11,11,0,0,0,85,0,0,0,0,5,0,0,0,0,5,0,0,0,0,3,0,0,0,0,3,0,0,0,0,5,0,0,0,0,5,6,16,22,26,17,11,0,0,0,87,4,0,0,3,4,3,16,9,3,41,0,0,0,0,0,0,0,0,0,0,5,14,25,24,19,19,12,14,3,133,0,9,11,9,4,5,0,0,0,38,0,4,12,7,6,7,0,0,0,33,0,0,0,0,0,0,0,0,0,3,0,0,0,0,0,0,0,0,0,0,0,9,26,23,13,6,7,0,0,79,0,0,0,0,0,0,0,0,0,4,0,0,0,0,0,0,0,0,0,0,0,0,0,0,0,4,0,0,0,4
11103122727,core,0,5,15,11,7,5,0,0,0,45,3,4,3,3,4,0,0,0,0,19,0,0,0,0,0,0,0,0,0,0,0,0,0,0,0,0,0,0,0,3,4,5,15,9,15,10,0,0,0,72,0,0,0,0,0,0,0,0,0,0,0,0,0,0,0,0,0,0,0,0,0,0,0,0,0,0,0,0,0,0,4,5,15,9,15,10,0,0,0,72,5,8,8,4,0,4,9,0,0,36,0,0,0,5,0,0,0,0,0,4,11,16,26,19,13,16,12,0,0,114,0,3,6,7,11,0,0,0,0,31,0,0,3,10,4,6,3,0,0,28,0,0,0,0,0,0,0,0,0,3,0,0,0,0,0,0,0,0,0,0,0,3,12,22,15,12,4,0,0,65,0,0,0,0,0,0,0,0,0,4,0,4,0,0,0,0,0,0,0,0,5,4,0,0,0,0,0,0,0,6
11103122728,core,0,3,30,10,17,13,3,0,0,82,8,5,5,5,4,7,0,0,0,34,3,0,0,0,0,0,0,0,0,7,0,0,0,0,0,0,0,0,0,3,8,3,34,22,24,18,7,0,0,126,0,0,5,0,0,0,0,0,0,5,0,0,0,0,0,0,0,0,0,0,0,0,4,0,0,0,0,0,0,11,10,9,39,21,24,18,7,0,0,136,6,4,7,4,4,7,18,5,4,56,0,0,7,3,0,0,0,0,0,12,14,16,51,31,28,26,25,8,4,194,0,4,13,9,14,13,0,0,0,56,9,13,18,10,17,5,9,0,0,74,0,0,0,0,0,0,0,0,0,8,0,0,0,0,0,0,0,0,0,0,13,19,26,21,32,22,9,0,0,140,0,0,0,0,0,0,0,0,0,0,0,0,0,0,0,0,0,0,0,0,0,0,0,0,3,0,0,0,0,4
11103122729,core,3,4,24,33,23,8,0,0,0,94,5,3,11,12,5,3,4,0,0,41,0,0,0,0,0,0,0,0,0,3,0,0,0,0,0,0,0,0,0,3,10,7,34,41,26,13,4,0,0,143,0,0,0,0,0,0,0,0,0,6,0,0,0,0,0,0,0,0,0,0,0,0,0,0,0,0,0,0,0,4,10,13,35,44,26,13,4,0,0,142,7,0,0,7,3,11,15,10,5,54,3,0,0,0,0,4,0,0,0,9,16,9,38,49,31,26,21,10,3,210,0,4,13,22,17,9,3,0,0,71,10,7,15,19,10,13,3,0,0,65,0,3,0,0,0,0,0,0,0,4,0,0,0,0,0,0,0,0,0,0,11,13,24,43,26,20,9,0,0,139,0,0,8,0,0,0,0,0,0,8,0,0,0,0,0,0,0,0,0,0,0,0,4,0,0,0,0,0,0,4
11103122730,core,0,3,38,28,11,11,0,0,0,96,0,13,13,0,0,4,0,0,0,35,0,0,5,0,3,0,0,0,0,11,0,0,0,0,0,0,0,0,0,0,0,13,49,36,16,21,0,0,0,135,0,0,0,0,6,0,0,0,0,6,0,0,0,4,0,0,0,0,0,3,0,0,0,3,6,0,0,0,0,8,0,19,50,42,21,21,0,0,0,146,0,0,3,3,10,17,13,8,0,57,0,0,0,5,0,0,0,4,0,7,3,19,54,49,31,35,12,11,0,203,0,9,20,8,16,7,0,0,0,62,4,8,18,20,9,7,0,0,0,66,0,3,5,4,0,0,0,0,0,13,0,0,0,0,0,0,0,0,0,0,7,18,48,29,25,14,0,0,0,141,0,0,0,0,0,0,0,0,0,3,0,0,0,0,0,0,0,0,0,0,0,0,0,0,0,0,0,0,0,4
11103122731,core,0,4,41,25,12,7,0,0,0,91,7,3,20,8,3,8,0,0,0,46,0,0,0,0,0,0,0,0,0,7,0,0,0,0,0,0,0,0,0,3,5,9,59,38,18,16,3,0,0,147,3,0,0,0,8,3,0,0,0,16,0,0,0,5,0,0,0,0,0,9,3,0,0,4,7,3,0,0,0,23,6,9,60,39,23,18,3,0,0,164,6,9,11,5,8,12,14,7,4,78,0,5,10,3,6,0,5,0,0,23,12,21,79,49,38,34,19,7,4,262,0,5,26,12,11,3,0,0,0,59,4,7,23,17,7,4,0,0,0,61,0,0,9,0,3,0,0,0,0,9,0,0,0,0,0,0,0,0,0,0,4,14,54,28,18,14,0,0,0,131,0,0,0,0,0,0,0,0,0,4,0,0,0,0,0,0,0,0,0,9,3,0,0,0,0,0,0,0,0,9
11103122732,core,0,6,23,24,20,8,3,0,0,83,0,9,3,7,4,3,0,0,0,24,0,0,0,0,0,0,0,0,0,5,0,0,0,0,0,0,0,0,0,0,4,5,29,32,26,9,4,0,0,115,0,4,5,0,3,0,0,0,0,12,0,0,0,0,0,3,0,0,0,7,0,4,8,0,3,3,0,0,0,12,4,11,34,32,28,10,5,0,0,128,6,4,13,3,7,16,22,11,4,91,0,0,0,0,0,0,3,0,0,10,11,12,50,37,35,31,34,11,0,228,0,3,13,13,11,7,0,0,0,50,0,0,14,3,8,4,3,0,0,45,0,0,3,4,0,0,0,0,0,5,0,0,0,0,0,0,0,0,0,0,4,8,36,17,24,12,8,0,0,102,0,0,0,0,0,0,0,0,0,5,3,0,0,0,0,0,0,0,0,3,3,0,3,0,0,0,0,0,0,10
11103122733,core,0,4,26,16,8,12,0,0,0,72,4,5,15,3,0,0,3,0,0,25,0,0,0,0,0,0,0,0,0,0,0,0,0,0,0,0,0,0,0,0,3,3,42,20,18,14,4,0,0,103,0,0,4,0,0,0,0,0,0,3,0,0,0,0,0,0,0,0,0,0,0,0,4,0,0,0,0,0,0,3,3,3,41,24,18,14,4,0,0,110,0,0,3,3,0,7,29,16,6,66,0,0,0,0,0,0,0,0,0,9,5,6,49,28,17,23,35,16,7,183,0,8,19,17,8,8,0,0,0,58,0,6,13,12,6,8,0,0,0,45,0,0,3,3,0,0,0,0,0,10,0,0,0,0,0,0,0,0,0,0,0,19,37,27,11,16,0,0,0,121,0,0,0,0,6,0,0,0,0,6,0,0,0,0,0,0,0,0,0,0,0,0,0,0,3,0,0,0,0,4
11103122734,core,0,6,24,29,13,4,0,0,0,80,3,6,3,0,4,4,0,0,0,25,0,0,0,0,0,4,0,0,0,6,0,0,0,0,0,0,0,0,0,0,3,13,28,27,22,12,7,0,0,112,0,0,5,0,0,0,0,0,0,5,0,0,0,0,0,0,0,0,0,5,0,0,5,0,0,0,0,0,0,7,3,14,32,32,22,12,4,0,0,121,3,6,4,0,0,14,14,5,7,56,0,0,0,0,4,0,3,0,0,7,12,23,35,35,33,27,19,10,7,185,0,3,15,11,14,7,0,0,0,50,0,8,18,17,5,9,0,0,0,62,0,0,3,0,0,0,0,0,0,4,0,0,0,0,0,0,0,0,0,5,0,9,36,28,26,16,0,0,0,119,0,0,3,0,0,0,0,0,0,5,0,0,0,0,0,0,0,0,0,3,0,0,3,0,0,0,0,0,0,3
11103122735,core,0,6,31,20,16,10,0,0,0,81,3,5,8,0,10,0,0,0,0,32,0,0,0,0,0,0,0,0,0,4,0,0,0,0,0,0,0,0,0,5,6,11,34,28,22,14,0,0,0,119,0,0,0,4,0,0,0,0,0,5,3,0,0,0,0,0,0,0,0,3,3,0,0,4,0,0,0,0,0,8,10,14,35,30,22,19,0,0,0,128,0,0,5,0,6,9,10,4,3,39,0,0,0,0,3,0,0,0,0,3,15,9,43,36,29,26,11,5,3,171,3,3,22,15,19,4,0,0,0,62,0,6,21,9,3,11,0,0,0,46,0,5,3,0,0,0,0,0,0,9,0,0,0,0,0,0,0,0,0,0,0,14,38,22,23,12,0,0,0,114,0,0,0,0,0,0,0,0,0,3,0,0,0,0,0,0,0,0,0,0,0,0,0,0,0,0,0,0,0,3
11103122736,core,5,10,44,24,13,14,0,0,0,114,6,15,12,5,3,6,4,0,0,43,0,0,5,0,0,0,0,0,0,9,0,0,0,0,0,0,0,0,0,0,10,21,55,33,20,20,4,0,0,166,0,4,3,0,0,0,0,0,0,9,0,6,0,0,0,0,0,0,0,3,0,3,3,0,0,0,0,0,0,12,12,22,59,33,21,25,4,0,0,176,3,3,3,0,6,14,14,16,18,73,0,0,0,0,0,5,0,3,0,5,15,28,63,41,30,38,17,17,20,257,0,3,35,27,14,11,6,0,0,85,5,13,17,16,13,3,3,0,0,73,0,0,9,0,0,0,0,0,0,13,0,0,0,0,0,0,0,0,0,0,8,22,53,45,29,16,6,0,0,172,0,0,0,0,0,0,0,0,0,0,0,0,0,0,0,0,0,0,0,0,0,0,0,0,0,0,0,0,0,4
11103122801,core,0,6,12,34,35,13,4,3,0,107,5,3,3,3,3,3,0,0,0,24,3,0,0,4,0,0,0,0,0,11,0,0,0,0,0,0,0,0,0,4,8,13,14,46,45,17,4,3,0,144,0,0,0,0,0,0,0,0,0,0,0,0,0,0,0,0,0,0,0,0,0,0,0,0,0,0,0,0,0,0,9,10,14,46,45,17,4,3,0,145,10,0,0,4,0,0,13,12,4,48,0,0,0,0,0,0,0,0,0,3,15,10,14,48,47,20,13,18,4,198,0,0,6,22,30,0,0,0,0,65,6,5,6,24,7,8,4,0,0,60,0,0,4,0,0,0,0,0,0,6,0,0,0,0,0,0,0,0,0,0,12,8,17,46,36,12,5,0,0,136,0,0,0,0,0,0,0,0,0,0,0,0,0,0,0,0,0,0,0,0,0,0,0,0,0,0,0,0,0,0
11103122802,core,8,9,12,18,31,13,5,0,0,95,8,7,0,4,0,7,3,4,0,39,0,0,0,0,4,0,0,0,0,9,0,0,0,0,0,0,0,0,0,0,20,12,17,26,39,19,8,4,0,142,0,0,0,0,5,0,0,0,0,5,5,0,0,0,0,0,0,0,0,6,5,0,0,0,5,0,0,0,0,7,25,12,17,26,41,19,12,4,0,151,6,0,0,0,0,9,14,15,9,58,0,0,0,0,0,0,0,0,0,4,30,12,21,28,41,30,25,23,9,211,3,4,7,15,22,9,0,0,0,61,9,4,3,13,14,11,3,0,0,60,0,0,0,4,0,0,0,0,0,8,0,0,0,0,0,0,0,0,0,0,15,6,13,36,39,20,6,0,0,132,0,0,0,0,0,0,0,0,0,0,0,0,0,0,0,0,0,0,0,3,0,3,0,4,0,0,0,0,0,5
11103122803,core,0,0,0,0,0,0,0,0,0,0,0,0,0,0,0,0,0,0,0,0,0,0,0,0,0,0,0,0,0,0,0,0,0,0,0,0,0,0,0,0,0,0,0,0,0,0,0,0,0,0,0,0,0,0,0,0,0,0,0,0,0,0,0,0,0,0,0,0,0,0,0,0,0,0,0,0,0,0,0,0,0,0,0,0,0,0,0,0,0,0,0,0,0,0,0,0,0,0,0,0,0,0,0,0,0,0,0,0,0,0,0,0,0,0,0,0,0,0,0,0,0,0,0,0,0,0,0,0,0,0,0,0,0,0,0,0,0,0,0,0,0,0,0,0,0,0,0,0,0,0,0,0,0,0,0,0,0,0,0,0,0,0,0,0,0,0,0,0,0,0,0,0,0,0,0,0,0,0,0,0,0,0,0,0,0,0,0,0,0,0,0,0,0,0,0,0,0,0,0,0
11103122804,core,0,3,9,17,16,15,0,0,0,60,0,6,0,0,7,6,5,0,0,20,0,0,0,0,0,0,0,0,0,3,0,0,0,0,0,0,0,0,0,0,4,12,13,17,23,15,5,0,0,90,0,0,0,0,0,0,0,0,0,0,3,0,0,0,0,0,0,0,0,3,3,0,0,0,0,0,0,0,0,6,3,12,16,17,23,15,4,0,0,92,3,0,0,0,0,17,10,9,0,35,0,0,0,0,3,0,0,0,0,3,3,11,12,17,25,30,13,9,0,128,0,0,3,6,12,8,0,0,0,31,5,4,7,12,9,8,5,0,0,49,0,0,0,0,0,0,0,0,0,5,0,0,0,0,0,0,0,0,0,0,8,7,9,21,21,16,4,0,0,85,0,0,0,0,0,0,0,0,0,0,0,0,0,0,0,0,0,0,0,4,0,0,0,0,0,0,0,0,0,4
11103122805,core,4,0,16,9,14,23,0,0,0,63,4,0,0,0,0,6,12,0,0,25,0,0,3,0,0,0,0,0,0,5,0,0,0,0,0,0,0,0,0,0,4,5,17,9,13,30,13,0,0,98,0,0,0,0,0,0,0,0,0,4,0,0,0,0,0,0,0,0,0,0,0,0,0,0,0,0,0,0,0,4,4,5,19,9,13,30,13,0,0,100,7,0,0,4,0,7,6,8,6,35,0,0,0,0,0,0,0,0,0,4,12,5,19,8,13,37,22,6,8,138,0,7,6,6,7,9,0,0,0,36,0,3,0,3,8,4,0,0,0,24,0,0,0,0,0,6,0,0,0,6,0,0,0,0,0,0,0,0,0,0,0,5,11,13,12,16,5,0,0,65,0,0,0,0,0,0,0,0,0,0,0,0,0,0,0,0,0,0,0,0,0,0,0,0,0,0,0,0,0,0
11103122806,core,0,7,0,18,33,23,10,0,0,96,7,8,3,6,9,9,5,4,0,41,0,0,0,4,0,0,0,0,0,10,0,0,0,0,0,0,0,0,0,0,7,14,11,24,40,37,13,4,0,139,0,0,0,0,0,0,0,0,0,4,0,0,0,0,0,0,0,0,0,0,0,0,0,0,0,0,0,0,0,3,7,14,11,25,42,39,13,4,0,146,15,5,0,0,0,4,21,11,0,56,0,0,0,0,0,0,0,0,0,0,19,15,6,27,42,43,32,18,0,206,0,0,6,16,20,4,4,0,0,55,11,4,0,11,14,10,5,0,0,64,0,0,0,0,0,0,0,0,0,7,0,0,0,0,0,0,0,0,0,0,11,8,8,30,37,27,10,0,0,126,0,0,0,0,0,3,0,0,0,3,3,0,0,0,0,0,0,0,0,3,3,0,0,0,0,3,0,0,0,4
11103122807,core,0,12,22,30,28,23,6,0,0,116,11,4,5,4,7,8,7,0,0,54,3,0,0,0,0,5,0,0,0,7,0,0,0,0,0,0,0,0,0,4,14,12,30,38,35,36,11,0,0,186,0,0,0,6,0,0,0,0,0,8,0,0,0,0,0,0,0,0,0,0,0,0,0,6,0,0,0,0,0,5,17,12,29,36,35,36,11,0,0,190,10,0,0,0,6,5,33,14,3,77,3,5,5,3,3,3,3,3,0,19,26,16,38,39,49,48,48,16,3,288,0,4,17,11,24,8,0,0,0,78,12,12,7,23,23,21,4,0,0,92,3,0,0,0,3,3,0,0,0,18,0,0,0,0,0,0,0,0,0,7,22,22,24,32,51,36,4,0,0,188,0,0,0,0,0,0,0,0,0,0,0,0,0,0,0,0,0,0,0,4,0,0,0,0,0,0,0,0,0,4
11103122808,core,0,3,13,20,26,12,3,0,0,79,6,3,6,0,3,9,3,0,0,27,4,0,0,0,0,0,0,0,0,8,0,0,0,0,0,0,0,0,0,0,10,16,16,24,29,23,3,0,0,117,0,0,0,0,0,0,0,0,0,0,0,0,0,0,0,4,0,0,0,4,0,0,0,0,0,3,0,0,0,5,10,13,16,24,29,25,3,0,0,122,10,5,0,0,3,6,16,11,7,56,0,0,0,0,0,6,0,0,0,7,12,18,17,24,29,33,18,18,7,180,0,7,9,10,12,7,0,0,0,51,11,3,5,15,10,11,3,0,0,55,0,4,0,3,3,0,0,0,0,16,0,0,0,0,0,0,0,0,0,0,14,15,11,29,27,20,4,0,0,121,0,0,0,0,0,0,0,0,0,0,0,0,0,4,0,0,0,0,0,5,0,0,0,4,0,0,0,0,0,9
11103122809,core,0,5,29,11,24,14,3,0,0,84,5,7,3,3,3,0,0,0,0,34,0,0,0,0,0,0,0,0,0,6,0,0,0,0,0,0,0,0,0,0,5,9,33,17,27,14,5,0,0,119,0,0,0,0,0,0,0,0,0,8,0,0,0,0,0,0,0,0,0,3,0,0,0,6,0,0,0,0,0,10,5,12,34,21,27,15,5,0,0,130,9,6,5,0,8,16,17,6,6,66,0,4,7,0,11,0,4,0,0,25,12,24,43,24,48,34,24,11,4,220,5,9,28,9,16,6,3,0,0,66,0,13,4,8,12,10,0,4,0,47,0,7,0,3,0,0,0,0,0,9,0,0,3,0,0,0,0,0,0,5,6,22,41,16,26,10,3,6,0,128,0,0,0,0,0,0,0,0,0,0,0,0,0,0,0,0,0,0,0,3,0,0,0,0,0,0,0,0,0,4
11103122810,core,3,7,23,12,15,17,0,0,0,85,3,0,8,0,0,9,5,0,0,33,0,0,3,0,0,0,0,0,0,8,0,0,3,0,0,0,0,0,0,3,4,13,35,22,22,26,5,0,0,123,0,0,0,0,0,0,0,0,0,3,0,0,0,0,0,0,0,0,0,5,0,0,0,0,4,0,0,0,0,11,9,14,40,23,24,28,9,0,0,137,5,0,3,3,3,16,21,22,0,78,0,0,0,0,0,0,0,0,0,5,14,19,43,27,24,42,27,22,0,217,0,6,12,14,12,13,0,0,0,56,6,12,9,8,15,13,3,0,0,60,0,0,5,3,0,0,0,0,0,13,0,0,0,0,0,0,0,0,0,3,9,21,26,23,22,29,3,0,0,132,0,0,3,0,0,0,0,0,0,3,0,0,0,0,0,0,0,0,0,0,0,0,3,0,4,0,0,0,0,7
11103122811,core,0,4,13,21,30,15,4,0,0,85,7,7,5,7,4,6,4,0,0,31,0,5,0,0,0,3,0,0,0,6,0,0,0,0,0,0,0,0,0,3,10,11,13,26,31,27,4,0,0,125,0,0,0,0,0,0,0,0,0,0,0,0,0,0,0,0,0,0,0,3,0,0,0,0,0,0,0,0,0,4,10,9,13,24,31,29,4,0,0,125,9,4,6,0,0,10,26,9,3,70,0,0,0,4,0,0,0,0,0,7,19,16,16,32,35,39,29,15,3,206,0,0,9,23,12,4,9,0,0,58,14,12,6,9,21,9,3,0,0,79,5,0,0,0,0,0,0,0,0,9,0,0,0,0,0,0,0,0,0,0,19,12,18,32,39,20,6,0,0,146,0,0,0,0,0,0,0,0,0,0,0,0,0,0,0,0,0,0,0,0,0,0,0,0,0,0,0,0,0,0
11103122812,core,0,5,11,25,40,16,5,0,0,98,3,5,4,0,3,0,0,0,0,25,0,0,0,0,0,0,0,0,0,3,0,0,0,0,0,0,0,0,0,0,10,14,16,26,45,17,4,0,0,129,0,0,0,0,0,0,0,0,0,3,5,0,0,0,0,0,0,0,0,4,5,0,0,0,0,0,0,0,0,9,10,15,20,29,45,17,4,0,0,134,5,0,0,3,7,8,20,12,5,65,0,4,0,0,0,5,0,0,0,4,18,17,23,29,44,29,29,12,5,203,0,3,11,10,19,13,0,0,0,57,10,7,4,20,15,13,0,0,0,69,4,0,0,0,0,0,0,0,0,8,0,0,0,0,0,0,0,0,0,4,19,16,10,29,36,25,0,0,0,140,0,0,0,0,0,0,0,0,0,4,4,0,0,0,0,0,0,0,0,4,4,0,0,3,0,0,0,0,0,10
11103122813,core,0,0,17,23,14,20,3,0,0,75,6,12,6,0,0,6,0,0,0,34,0,4,0,0,0,0,0,0,0,8,0,0,0,0,0,0,0,0,0,0,6,15,26,25,16,25,4,0,0,124,0,0,0,0,0,0,0,0,0,0,0,3,0,0,0,0,0,0,0,3,0,3,0,0,0,0,0,0,0,3,6,17,26,30,16,25,4,0,0,121,7,4,4,3,3,10,16,3,0,52,0,0,3,0,0,0,0,0,0,7,10,26,35,33,16,37,28,9,0,190,0,7,16,9,19,9,4,0,0,60,6,13,9,16,8,11,5,0,0,72,0,0,0,0,0,0,0,0,0,6,0,0,0,0,0,0,0,0,0,0,6,21,31,23,26,21,4,0,0,139,0,0,0,0,0,0,0,0,0,3,0,0,0,0,0,0,0,0,0,3,0,0,0,0,0,0,0,0,0,3
11103122814,core,0,7,26,28,24,9,5,0,0,97,3,3,6,6,4,0,3,0,0,30,0,0,0,0,0,0,0,0,0,6,0,0,0,0,0,0,0,0,0,4,8,12,37,29,23,17,7,0,0,138,0,0,0,0,0,0,0,0,0,3,0,0,0,0,0,0,0,0,0,0,0,0,0,0,0,0,0,0,0,3,8,12,37,35,26,17,7,0,0,143,4,0,0,0,5,8,16,8,6,45,0,0,0,0,0,4,0,0,0,7,9,18,35,33,30,25,29,8,6,192,0,9,28,13,22,7,0,0,0,70,6,15,11,9,14,12,8,0,0,67,0,5,0,5,0,4,0,0,0,10,0,0,0,0,0,0,0,0,0,0,9,23,39,25,37,18,8,0,0,154,0,0,0,0,0,0,0,0,0,0,0,0,0,0,0,0,0,0,0,0,0,0,0,0,0,0,0,0,0,6
11103122815,core,0,3,24,9,11,6,4,0,0,64,7,11,6,3,7,0,0,0,0,32,0,0,0,0,5,0,0,0,0,3,0,0,5,0,0,0,0,0,0,5,11,16,34,12,20,5,6,0,0,96,0,0,0,0,0,0,0,0,0,6,0,0,0,0,0,0,0,0,0,0,0,0,0,0,0,0,0,0,0,6,8,16,34,12,17,5,6,0,0,107,3,0,0,0,5,6,5,8,3,28,0,0,4,0,0,0,4,0,0,6,11,16,38,12,24,14,17,8,3,144,0,11,20,11,10,6,0,0,0,56,6,5,9,7,10,9,0,0,0,43,0,0,4,0,0,0,0,0,0,7,0,0,0,0,0,0,0,0,0,0,6,19,31,16,23,6,0,0,0,102,0,0,0,0,0,0,0,0,0,0,0,0,0,0,0,0,0,0,0,0,0,0,0,0,0,0,0,0,0,0
11103122816,core,0,4,21,13,23,9,0,0,0,65,0,5,3,5,0,0,0,0,0,16,0,0,0,0,0,0,0,0,0,3,0,0,0,0,0,0,0,0,0,0,5,9,25,15,19,9,0,0,0,86,0,0,0,0,0,0,0,0,0,0,0,0,0,0,0,0,0,0,0,3,0,0,0,0,0,3,0,0,0,4,5,9,25,15,21,10,0,0,0,93,0,3,0,0,4,12,11,7,0,38,0,0,0,0,0,0,0,0,0,5,8,12,32,16,26,18,11,11,0,133,0,9,20,5,4,4,0,0,0,40,5,3,8,7,4,8,3,0,0,39,0,0,0,0,0,0,0,0,0,4,0,0,0,0,0,0,0,0,0,0,5,8,27,14,13,14,5,0,0,80,0,0,0,0,0,0,0,0,0,3,0,0,0,0,0,0,0,0,0,0,0,0,0,0,0,0,0,0,0,5
11103122817,core,0,14,42,28,26,12,0,0,0,123,10,24,9,4,0,0,0,0,0,47,0,0,4,0,0,0,0,0,0,8,5,0,0,0,0,0,0,0,0,3,16,33,57,41,26,11,0,0,0,185,0,0,0,0,6,0,0,0,0,5,0,0,0,0,0,0,0,0,0,0,0,0,0,0,6,3,0,0,0,4,16,33,57,41,31,19,0,0,0,190,3,6,5,0,5,9,19,4,0,52,0,0,0,0,7,0,0,0,0,6,16,40,59,38,47,27,25,4,0,255,0,14,48,24,13,7,0,0,0,112,8,23,18,14,16,9,0,0,0,87,3,4,5,0,0,0,0,0,0,20,0,0,0,0,0,0,0,0,0,4,11,42,82,46,26,17,4,0,0,226,0,0,0,0,0,0,0,0,0,0,0,0,0,0,0,0,0,0,0,0,0,0,0,0,0,0,0,0,0,0
11103122818,core,0,11,25,49,29,20,0,0,0,132,10,4,0,9,6,9,0,0,0,40,0,0,0,3,3,0,0,0,0,14,0,0,0,0,0,0,0,0,0,3,14,16,29,59,41,23,0,0,0,190,0,0,0,0,0,0,0,0,0,3,0,0,0,0,0,0,0,0,0,0,0,0,0,0,0,0,0,0,0,3,13,16,29,59,44,23,0,0,0,191,8,0,0,0,3,3,18,8,8,47,0,0,0,0,0,0,0,0,0,3,15,20,36,63,44,28,16,8,8,237,0,5,15,19,22,10,0,0,0,68,7,14,13,29,18,12,0,0,0,90,3,0,6,3,0,0,0,0,0,15,0,0,0,0,0,0,0,0,0,4,15,25,32,50,39,20,0,0,0,174,0,0,0,0,0,0,0,0,0,0,3,0,0,0,0,0,0,0,0,3,3,0,0,0,0,0,0,0,0,3
11103122819,core,0,6,8,13,17,3,0,0,0,51,8,3,9,0,6,3,0,0,0,24,0,0,0,0,0,0,0,0,0,0,0,0,0,0,0,0,0,0,0,0,7,9,13,19,26,10,3,0,0,80,0,3,0,0,0,0,0,0,0,4,0,0,0,0,0,0,0,0,0,0,0,3,0,0,0,0,0,0,0,7,7,12,14,17,26,8,3,0,0,80,5,0,0,0,0,0,5,4,0,28,0,0,0,5,0,0,0,0,0,3,9,12,16,24,24,11,7,4,0,114,0,6,10,7,10,4,0,0,0,43,4,4,3,6,6,7,9,0,0,44,3,0,0,0,0,0,0,0,0,9,0,0,0,0,0,0,0,0,0,0,7,10,19,17,19,15,9,0,0,93,0,0,0,0,0,0,0,0,0,0,5,0,0,0,0,0,0,0,0,7,5,0,0,0,0,0,0,0,0,6
11103122820,core,4,4,11,21,25,16,0,3,0,85,14,8,3,4,10,8,3,0,0,53,3,0,0,0,0,0,0,0,0,10,0,0,0,0,0,0,0,0,0,0,19,12,24,25,38,29,3,4,0,150,0,0,0,0,0,0,0,0,0,0,0,0,0,0,0,0,0,0,0,4,0,0,0,0,0,0,0,0,0,9,15,16,22,27,38,31,11,4,0,154,9,0,3,0,0,12,16,9,5,58,0,0,0,0,5,0,0,0,0,5,27,18,24,27,42,41,25,12,5,217,0,0,7,10,18,6,0,0,0,54,7,9,5,14,18,12,4,0,0,61,0,3,0,0,0,0,0,0,0,7,0,0,0,0,0,0,0,0,0,4,10,16,9,29,39,20,7,0,0,127,0,0,0,0,0,0,0,0,0,0,0,0,0,0,0,0,0,0,0,4,0,0,0,0,0,0,0,0,0,4
11103122821,core,0,3,15,26,21,8,0,0,0,76,3,0,0,0,4,5,0,0,0,24,0,0,0,0,0,0,0,0,0,0,0,0,0,0,0,0,0,0,0,0,8,5,16,29,28,15,4,0,0,102,0,0,0,0,0,0,0,0,0,5,4,0,0,0,0,0,0,0,0,3,4,0,0,0,0,5,0,0,0,10,8,4,20,29,28,15,4,0,0,115,4,0,3,0,0,11,11,16,6,54,0,0,0,0,6,0,0,0,0,3,14,4,24,29,38,27,9,19,5,168,0,0,3,12,14,4,0,0,0,44,9,3,9,16,5,7,6,0,0,52,0,0,3,6,0,0,0,0,0,13,0,0,0,0,0,0,0,0,0,0,7,9,15,29,22,15,6,0,0,105,0,0,0,0,0,0,0,0,0,0,0,0,0,0,0,0,0,0,0,0,0,0,0,0,0,0,0,0,0,0
11103122822,core,4,10,20,16,16,10,7,0,0,72,3,7,15,4,5,3,0,0,0,40,0,0,0,0,0,0,0,0,0,6,0,0,0,0,0,0,0,0,0,0,11,17,26,21,21,18,11,0,0,116,0,0,0,0,0,0,0,0,0,3,0,0,0,0,0,3,0,0,0,3,0,0,0,0,0,3,0,0,0,5,11,22,26,20,17,20,11,0,0,124,0,3,0,0,4,3,7,8,3,37,0,0,0,0,0,0,0,0,0,0,13,22,34,20,23,22,15,8,3,165,0,7,8,15,10,9,3,0,0,48,5,12,6,8,7,5,3,0,0,51,0,3,0,0,0,0,0,0,0,6,0,0,0,0,0,0,0,0,0,0,5,24,15,21,19,18,3,0,0,106,0,0,0,0,0,0,0,0,0,0,4,0,0,0,0,3,0,0,0,5,4,0,0,0,0,3,0,0,0,5
11103122823,core,0,0,43,19,8,10,3,0,0,74,3,7,4,0,0,0,4,0,0,17,0,4,4,0,0,0,0,0,0,4,0,0,0,0,0,0,0,0,0,3,3,12,50,19,8,10,3,0,0,95,0,0,0,0,0,0,0,0,0,0,0,0,0,0,0,0,0,0,0,0,0,0,0,0,0,0,0,0,0,5,3,14,50,18,8,10,3,0,0,101,0,0,0,4,0,3,11,6,4,27,0,0,0,3,0,0,0,0,0,3,3,16,51,22,5,14,15,6,4,131,0,8,33,8,10,4,0,0,0,54,4,9,10,3,3,4,0,0,0,37,0,0,0,0,0,0,0,0,0,7,0,0,0,0,0,0,0,0,0,0,4,14,45,11,12,11,0,0,0,99,0,0,0,0,0,0,0,0,0,0,0,0,0,0,0,0,0,0,0,0,0,0,0,0,0,0,0,0,0,0
11103122824,core,4,9,22,7,9,6,0,0,0,58,3,11,4,7,3,0,0,0,0,28,0,0,0,0,5,0,0,0,0,7,0,0,0,0,0,0,0,0,0,0,5,22,27,11,9,4,0,0,0,91,0,0,0,0,0,0,0,0,0,0,0,0,0,0,0,0,0,0,0,0,0,0,0,0,0,0,0,0,0,0,5,22,33,17,9,4,0,0,0,90,0,0,0,0,0,8,12,8,6,40,0,0,6,0,0,0,0,0,0,3,7,22,34,17,16,16,17,7,6,136,0,0,19,8,13,4,0,0,0,43,5,7,3,5,0,4,0,0,0,28,0,0,5,0,0,0,0,0,0,5,0,0,0,0,0,0,0,0,0,0,4,12,26,16,15,5,4,0,0,79,0,0,0,0,0,0,0,0,0,0,0,0,0,0,0,0,0,0,0,0,0,0,0,0,0,0,0,0,0,0
11103122825,core,4,4,27,15,25,14,0,0,0,82,4,4,6,3,0,6,0,0,0,19,0,0,0,0,0,5,0,0,0,9,0,0,0,0,0,0,0,0,0,0,8,13,28,16,25,23,5,0,0,112,0,0,0,0,0,0,0,0,0,4,0,0,0,0,0,0,0,0,0,0,0,0,0,0,0,0,0,0,0,6,9,15,33,16,23,23,5,0,0,114,3,0,0,4,0,6,13,3,0,33,3,0,4,0,0,0,0,0,0,10,15,14,37,23,24,26,13,3,0,160,0,7,30,9,13,9,0,0,0,74,4,4,3,3,6,5,0,4,0,35,0,0,3,0,0,0,0,0,0,7,0,0,0,0,0,0,0,0,0,0,4,16,43,13,21,20,3,4,0,119,0,0,0,0,0,0,0,0,0,0,0,5,0,0,0,0,0,0,0,6,0,5,0,0,0,0,0,0,0,5
11103122826,core,5,13,43,25,34,30,0,0,0,152,9,11,8,6,0,12,7,0,0,45,0,0,0,0,3,0,0,0,0,4,0,0,0,0,0,0,0,0,0,0,10,18,48,35,35,42,6,0,0,202,0,0,0,0,0,0,0,0,0,4,0,0,0,0,0,0,0,0,0,0,0,3,0,0,0,0,0,0,0,7,10,25,48,35,34,42,13,0,0,208,6,4,6,0,4,12,23,14,3,67,0,0,0,0,0,0,0,0,0,8,14,30,54,39,39,51,30,13,3,281,3,11,44,25,21,10,0,0,0,100,10,14,13,16,17,20,3,0,0,88,3,0,0,0,8,4,0,0,0,8,0,0,0,0,0,0,0,0,0,0,14,25,57,37,38,29,3,0,0,200,0,0,0,0,0,0,0,0,0,0,0,0,0,0,0,0,0,0,0,3,0,0,0,3,0,0,0,0,0,4
11103122827,core,5,5,11,14,28,9,0,0,0,72,3,5,3,5,3,4,4,0,0,28,0,0,0,0,0,0,0,0,0,5,0,0,0,0,0,0,0,0,0,0,10,3,21,20,30,20,7,0,0,112,0,0,3,0,0,0,0,0,0,7,0,0,0,0,0,0,0,0,0,4,0,4,3,0,0,0,0,0,0,11,12,10,22,16,32,18,7,0,0,120,9,3,6,4,11,17,23,9,0,77,0,0,0,4,5,5,4,0,0,14,14,11,23,30,50,35,31,8,0,210,0,9,9,7,21,3,0,0,0,50,4,3,9,3,12,5,0,0,0,39,0,0,0,0,0,0,0,0,0,3,0,0,0,0,0,0,0,0,0,0,8,10,17,16,30,13,0,0,0,96,0,0,0,0,0,0,0,0,0,0,0,0,0,0,0,0,0,0,0,0,0,0,0,0,0,0,0,0,0,0
11103122828,core,0,7,15,11,13,18,8,0,0,69,4,0,4,0,3,5,7,0,0,27,0,0,0,0,0,0,0,0,0,0,0,0,0,0,0,0,0,0,0,0,6,9,19,15,18,17,13,0,0,96,0,0,0,0,0,0,0,0,0,0,0,0,0,0,0,0,0,0,0,0,0,0,0,0,0,0,0,0,0,0,6,9,24,15,18,17,16,0,0,102,5,0,0,0,0,11,14,14,5,47,0,0,0,0,0,0,0,0,0,4,12,11,20,16,17,28,30,16,5,148,0,4,11,8,10,4,4,0,0,42,6,3,4,7,14,11,4,0,0,49,0,0,0,0,0,0,0,0,0,3,0,0,0,0,0,0,0,0,0,0,6,10,17,18,20,17,8,0,0,91,0,0,0,0,0,0,0,0,0,0,0,0,0,0,0,0,0,0,0,0,0,0,0,0,0,0,0,0,0,4
11103122829,core,0,5,35,26,27,22,6,0,0,130,9,5,6,5,3,7,3,0,0,45,0,0,0,0,0,0,0,0,0,4,0,0,0,0,0,0,0,0,0,6,8,18,52,31,36,38,7,0,0,188,0,0,0,0,0,0,0,0,0,3,4,0,0,0,0,0,0,0,0,4,4,0,0,0,0,0,0,0,0,5,7,18,52,37,40,41,7,0,0,192,4,4,6,4,0,12,22,4,5,59,0,4,0,0,0,0,4,0,0,13,17,27,57,42,39,50,27,4,5,261,3,10,42,20,19,7,0,0,0,100,8,13,9,26,11,14,4,0,0,81,3,4,0,9,0,3,0,0,0,16,0,4,0,0,0,0,0,0,0,0,9,22,50,49,34,23,4,0,0,198,0,0,0,0,0,0,0,0,0,0,4,0,0,0,0,0,0,0,0,0,4,0,0,0,0,0,0,0,0,7
11103122830,core,7,3,22,16,19,13,0,0,0,74,5,11,7,6,0,5,5,0,0,28,0,0,0,0,0,0,0,0,0,5,0,0,0,0,0,0,0,0,0,0,9,6,34,20,15,13,4,0,0,109,0,0,0,0,3,0,0,0,0,3,0,0,0,0,0,0,0,0,0,5,0,0,0,0,4,0,0,0,0,9,9,10,31,24,25,13,4,0,0,113,0,0,4,3,0,4,13,8,4,38,0,0,0,0,0,0,0,0,0,6,10,13,41,22,25,19,18,9,3,158,0,10,16,4,9,5,0,0,0,46,4,8,11,11,9,3,8,0,0,53,0,0,0,0,0,0,0,0,0,0,0,0,0,0,0,0,0,0,0,0,8,18,30,21,17,3,8,0,0,97,0,0,0,0,0,0,0,0,0,3,0,0,0,0,0,0,0,0,0,5,0,0,0,3,3,0,0,0,0,10
11103122831,core,3,3,20,26,19,11,4,0,0,87,5,7,0,4,5,5,0,0,0,27,3,0,0,0,0,0,0,0,0,10,0,0,0,0,0,0,0,0,0,0,14,19,22,29,25,24,6,0,0,126,0,0,0,0,0,0,0,0,0,6,0,0,0,0,0,0,0,0,0,0,0,0,0,0,0,0,0,0,0,3,13,19,22,27,25,25,6,0,0,125,3,0,0,0,5,13,25,6,8,63,0,0,0,0,0,0,0,0,0,0,18,19,28,29,29,34,31,6,8,190,0,8,10,10,19,6,0,0,0,61,7,17,0,16,17,12,0,0,0,73,5,3,0,0,5,0,0,0,0,11,0,0,0,0,0,0,0,0,0,0,11,22,13,28,44,23,0,0,0,142,0,0,0,0,0,0,0,0,0,0,0,0,0,0,0,0,0,0,0,0,0,0,0,0,0,0,0,0,0,0
11103122832,core,0,11,35,16,23,18,3,0,0,103,3,4,3,7,4,9,3,3,0,38,0,0,4,0,0,0,3,0,0,8,0,0,0,0,0,0,0,0,0,0,0,17,45,21,22,30,12,3,0,153,0,0,0,0,0,0,0,0,0,0,4,0,0,0,0,0,0,0,0,4,4,0,0,0,0,0,0,0,0,3,9,17,43,21,22,29,8,3,0,157,3,0,4,0,0,12,20,5,0,47,0,0,0,0,0,0,0,0,0,5,8,15,52,29,27,41,31,9,0,213,0,5,34,12,14,10,0,0,0,84,11,9,13,15,11,14,3,0,0,65,0,0,0,4,4,0,0,0,0,9,0,0,0,0,0,0,0,0,0,0,11,13,50,30,27,21,3,0,0,157,0,0,0,0,0,0,0,0,0,0,0,0,0,0,0,0,0,0,0,0,0,0,0,0,3,0,0,0,0,3
11103122901,core,0,17,35,17,7,4,0,0,0,77,0,6,4,0,3,0,0,0,0,19,0,4,0,0,0,0,0,0,0,0,0,0,0,0,0,0,0,0,0,0,0,21,35,17,10,9,3,0,0,97,0,0,0,0,0,0,0,0,0,4,0,0,0,0,0,0,0,0,0,0,0,3,0,0,0,0,0,0,0,7,0,29,35,17,13,9,3,0,0,106,5,0,4,0,15,3,5,10,0,52,0,3,4,0,5,0,0,0,0,16,4,33,48,23,27,14,12,10,0,168,0,8,37,9,12,3,0,0,0,79,9,16,15,10,4,6,0,0,0,58,0,0,0,3,0,0,0,0,0,7,0,0,0,0,0,0,0,0,0,0,4,22,56,30,21,10,3,0,0,148,0,0,0,0,0,0,0,0,0,0,0,0,0,0,0,0,0,0,0,0,6,0,0,0,0,0,0,0,0,4
11103122902,core,0,18,40,24,18,9,5,0,0,112,3,10,7,0,0,4,6,0,0,25,3,0,0,0,0,0,0,0,0,3,0,0,0,0,0,0,0,0,0,6,5,22,49,26,19,14,9,0,0,144,0,0,0,0,0,0,0,0,0,0,0,0,0,0,0,0,0,0,0,0,0,0,0,0,0,0,5,0,0,3,7,22,51,26,19,14,8,0,0,149,4,0,5,4,0,12,20,13,3,56,0,0,3,3,0,4,5,0,0,18,11,22,64,31,25,27,35,15,3,225,3,13,36,10,7,11,4,0,0,80,3,12,17,9,15,12,5,0,0,70,0,4,0,4,0,0,4,0,0,12,0,0,0,0,0,0,0,0,0,0,7,24,52,19,22,24,7,0,0,159,0,4,0,0,0,0,0,0,0,5,0,0,0,0,0,0,0,0,0,5,0,0,0,0,0,0,0,0,0,7
11103122903,core,0,16,50,40,47,37,15,0,0,204,4,4,13,4,3,13,13,6,0,61,0,0,4,0,0,3,0,0,0,22,0,0,0,0,0,0,0,0,0,3,7,25,68,52,53,53,26,3,0,291,0,0,0,0,0,0,0,0,0,8,0,0,0,0,0,0,0,0,0,3,0,0,3,0,0,5,0,0,0,16,11,22,73,55,59,56,28,3,0,299,8,4,7,0,7,13,49,30,4,114,0,6,0,0,6,5,0,3,0,19,16,28,77,54,59,74,78,36,11,432,4,7,62,24,27,26,6,0,0,151,3,11,17,12,10,24,13,0,0,91,0,4,0,3,6,0,0,0,0,9,0,0,0,0,0,0,0,0,0,4,10,24,80,36,45,53,13,0,0,259,0,0,3,0,0,0,0,0,0,9,0,0,0,0,3,0,0,0,0,6,3,3,3,0,4,0,0,0,0,16
11103122905,core,0,26,64,43,35,28,11,0,0,211,4,16,27,4,9,10,5,7,0,85,0,3,11,3,0,0,0,0,0,18,0,0,3,0,0,0,0,0,0,3,8,48,102,50,45,44,17,7,0,320,0,0,8,0,4,0,0,0,0,13,0,0,3,0,0,3,0,0,0,9,0,4,6,3,3,3,0,0,0,24,8,54,108,52,52,49,21,7,0,345,7,3,13,16,12,20,31,15,8,120,0,5,14,3,0,6,0,0,0,29,16,67,136,61,64,75,48,18,8,488,0,15,46,26,27,19,6,0,0,142,10,20,23,14,23,13,7,0,0,114,0,4,6,3,0,0,0,0,0,14,0,0,0,0,0,0,0,0,0,0,10,35,80,38,49,40,16,0,0,272,0,0,0,0,4,0,0,0,0,9,0,0,0,0,0,4,0,0,0,8,0,0,3,0,4,4,0,0,0,10
11103122906,core,0,8,30,19,18,6,0,0,0,80,3,12,9,4,0,5,0,0,0,25,0,0,0,0,0,0,0,0,0,4,0,0,0,0,0,0,0,0,0,0,3,15,38,23,21,8,0,0,0,107,0,0,0,0,0,0,0,0,0,0,0,0,0,0,0,0,0,0,0,0,0,0,0,0,0,0,0,0,0,5,6,15,38,26,21,8,0,0,0,109,0,0,7,0,5,0,4,3,3,30,0,5,0,6,0,0,0,0,0,12,3,18,42,34,27,9,5,3,3,153,0,11,15,8,5,0,0,0,0,46,4,17,9,3,0,5,0,0,0,39,0,0,6,0,0,0,0,0,0,6,0,0,0,0,0,0,0,0,0,4,3,26,31,13,12,9,0,0,0,100,0,3,0,0,0,0,0,0,0,4,0,0,3,0,0,0,0,0,0,5,0,5,4,0,0,0,0,0,0,10
11103122908,core,0,4,22,10,16,4,6,0,0,59,0,4,8,3,5,4,10,0,0,28,0,0,0,0,0,0,0,0,0,3,0,0,0,0,0,0,0,0,0,0,3,6,28,19,23,9,10,0,0,98,0,0,0,0,0,0,0,0,0,0,0,0,0,0,0,0,0,0,0,3,0,0,3,0,0,0,0,0,0,4,3,8,29,19,23,9,13,0,0,101,5,0,3,6,7,6,16,8,3,50,0,0,4,0,0,0,0,6,0,11,10,16,34,18,33,13,27,16,3,159,0,4,17,6,13,3,0,0,0,41,8,13,9,3,9,13,5,0,0,58,0,0,0,0,0,0,0,0,0,3,0,0,0,0,0,0,0,0,0,0,7,21,25,16,21,18,9,0,0,106,0,0,0,0,0,0,0,0,0,0,0,0,0,0,0,0,0,0,0,3,0,0,0,0,0,0,0,0,0,3
11103122909,core,0,3,20,8,12,11,4,0,0,61,4,7,5,4,3,11,5,0,0,32,0,0,0,0,0,5,0,0,0,3,0,0,0,0,0,0,0,0,0,0,4,7,23,12,19,27,7,0,0,90,0,0,0,0,0,0,0,0,0,0,0,0,3,0,0,0,0,0,0,4,0,0,3,0,0,0,0,0,0,4,4,7,24,12,19,27,7,0,0,97,6,0,0,0,6,7,16,7,7,43,0,0,0,0,0,0,0,0,0,5,3,7,25,18,22,29,26,15,7,145,0,8,16,10,14,7,0,0,0,56,5,6,11,6,3,5,8,0,0,41,0,0,5,0,0,0,0,0,0,7,0,0,0,0,0,0,0,0,0,0,4,13,24,23,17,17,10,0,0,107,0,0,0,0,0,0,0,0,0,4,0,0,0,0,4,0,0,0,0,4,0,0,6,0,4,0,0,0,0,10
11103122910,core,0,6,22,16,11,10,4,0,0,65,0,4,12,0,12,0,0,0,0,31,0,0,0,0,0,0,0,0,0,7,0,0,0,0,0,0,0,0,0,0,0,9,32,17,24,5,10,0,0,98,0,0,0,0,0,0,0,0,0,5,0,0,0,0,0,0,0,0,0,3,0,0,0,0,0,0,0,0,0,5,0,11,38,14,24,8,10,0,0,106,0,4,5,0,0,3,9,4,0,30,0,0,0,0,0,0,0,0,0,11,3,14,43,24,23,15,13,6,0,135,0,3,32,7,12,0,0,0,0,56,3,9,11,9,3,0,0,0,0,52,0,0,0,0,0,0,0,0,0,5,0,0,0,0,0,0,0,0,0,0,0,22,43,19,18,4,0,0,0,117,0,0,0,0,0,0,0,0,0,0,0,0,0,0,0,0,0,0,0,0,0,0,0,0,0,0,0,0,0,4
11103122911,core,0,10,65,23,20,17,8,0,0,142,7,12,18,11,0,8,0,0,0,62,0,0,4,0,0,0,0,0,0,9,0,3,0,0,0,0,0,0,0,5,11,30,86,35,26,24,11,0,0,217,0,4,0,0,0,0,0,0,0,3,0,0,0,0,0,0,0,0,0,3,0,4,7,0,0,0,0,0,0,13,12,27,90,35,27,24,11,0,0,224,6,4,5,0,0,7,17,7,5,50,0,0,3,4,0,0,3,0,0,17,18,42,97,40,28,34,28,7,5,296,0,22,51,17,17,8,3,0,0,124,5,32,24,14,13,10,0,0,0,102,0,0,3,3,0,0,0,0,0,12,0,0,0,4,0,0,0,0,0,3,12,56,83,36,37,21,4,0,0,244,0,0,0,0,0,0,0,0,0,5,3,4,0,0,0,0,0,0,0,9,3,5,0,0,0,0,0,0,0,13
11103122912,core,0,3,10,14,20,14,3,0,0,62,4,0,9,3,3,8,6,0,0,31,0,0,0,0,0,0,0,0,0,0,0,0,0,0,0,0,0,0,0,0,3,8,14,17,19,22,7,0,0,90,0,0,0,0,0,0,0,0,0,5,0,0,0,0,0,0,0,0,0,0,0,0,0,0,0,0,0,0,0,4,5,8,14,19,19,22,13,0,0,98,4,0,0,0,0,9,13,12,4,40,0,6,0,0,3,3,3,3,0,19,7,13,22,24,20,29,25,13,3,153,0,4,9,12,13,7,0,0,0,42,3,4,8,4,0,13,5,0,0,41,0,0,0,0,3,0,0,0,0,9,0,0,0,0,0,0,0,0,0,3,3,5,20,14,15,21,8,0,0,88,0,0,0,0,0,0,0,0,0,3,0,0,0,0,0,0,0,0,0,0,0,0,4,0,0,0,0,0,0,3
11103122913,core,0,3,12,6,12,7,4,0,0,50,5,0,0,3,4,8,0,0,0,18,0,0,0,0,0,0,0,0,0,0,0,0,0,0,0,0,0,0,0,0,5,5,14,11,11,14,0,0,0,70,0,0,0,0,0,0,0,0,0,3,0,0,0,0,4,0,0,0,0,5,0,0,0,0,4,0,0,0,0,8,5,5,17,13,15,14,0,0,0,72,3,0,3,0,8,8,19,3,3,54,0,0,5,0,4,3,0,0,0,18,14,5,20,14,30,31,21,4,3,147,0,0,3,3,12,9,4,0,0,26,0,8,3,12,10,8,0,0,0,40,0,0,0,0,0,0,0,0,0,4,0,0,0,0,0,0,0,0,0,0,0,8,5,12,15,16,3,0,0,65,0,0,0,0,0,4,0,0,0,4,3,0,0,0,0,0,0,0,0,4,3,0,0,0,0,4,0,0,0,10
11103122914,core,0,0,0,0,0,0,0,0,0,0,0,0,0,0,0,0,0,0,0,0,0,0,0,0,0,0,0,0,0,0,0,0,0,0,0,0,0,0,0,0,0,0,0,0,0,0,0,0,0,0,0,0,0,0,0,0,0,0,0,0,0,0,0,0,0,0,0,0,0,0,0,0,0,0,0,0,0,0,0,0,0,0,0,0,0,0,0,0,0,0,0,0,0,0,0,0,0,0,0,0,0,0,0,0,0,0,0,0,0,0,0,0,0,0,0,0,0,0,0,0,0,0,0,0,0,0,0,0,0,0,0,0,0,0,0,0,0,0,0,0,0,0,0,0,0,0,0,0,0,0,0,0,0,0,0,0,0,0,0,0,0,0,0,0,0,0,0,0,0,0,0,0,0,0,0,0,0,0,0,0,0,0,0,0,0,0,0,0,0,0,0,0,0,0,0,0,0,0,0,0
11103122916,core,0,12,28,12,22,9,7,0,0,89,4,21,4,3,0,6,0,0,0,38,0,3,0,0,0,4,0,0,0,8,0,0,0,0,0,0,0,0,0,0,4,33,39,19,20,19,7,0,0,141,0,4,0,0,0,0,0,0,0,7,0,0,0,0,0,0,0,0,0,4,0,5,3,0,0,0,0,0,0,4,4,37,41,19,25,19,7,0,0,150,8,4,3,0,5,6,17,4,0,43,0,0,3,4,3,0,0,0,0,10,10,35,48,22,34,24,23,4,0,204,0,16,18,10,21,7,8,0,0,73,5,32,22,11,9,4,7,0,0,88,0,5,8,0,0,0,0,0,0,11,0,0,0,0,0,0,0,0,0,0,5,50,47,17,31,14,11,0,0,174,0,0,0,0,0,0,0,0,0,0,0,0,0,0,0,0,0,0,0,0,0,0,0,0,0,0,0,0,0,0
11103122917,core,0,7,24,21,13,14,0,0,0,80,0,10,10,5,6,8,0,0,0,38,0,0,0,0,0,0,0,0,0,3,0,0,0,0,0,0,0,0,0,4,4,19,35,26,17,21,4,0,0,126,0,0,3,6,0,0,0,0,0,7,0,0,0,0,0,0,0,0,0,3,0,0,3,5,0,0,3,0,0,13,4,15,36,33,20,18,9,0,0,138,0,3,0,5,0,7,0,9,3,27,0,0,0,0,0,0,0,0,0,7,11,20,41,38,20,26,12,9,3,166,0,6,18,11,12,8,0,0,0,58,3,18,17,8,6,11,3,0,0,69,0,0,4,0,0,0,3,0,0,9,0,0,0,0,0,0,0,0,0,3,8,21,41,21,18,18,6,0,0,140,0,0,0,0,0,0,0,0,0,0,0,0,0,0,0,0,0,0,0,0,0,0,0,0,0,0,0,0,0,0
11103122918,core,0,12,29,17,13,12,0,0,0,79,3,10,12,0,4,3,0,0,0,32,0,4,0,0,0,0,0,0,0,7,0,0,0,0,0,0,0,0,0,0,5,23,46,17,19,12,4,0,0,125,0,0,0,0,0,0,0,0,0,3,0,0,0,0,0,0,0,0,0,5,0,0,3,0,0,0,0,0,0,5,5,27,47,17,19,12,4,0,0,127,0,4,0,0,3,9,11,0,0,24,0,0,0,3,0,0,0,0,0,3,7,32,53,21,15,24,14,0,0,155,0,16,35,14,6,7,0,0,0,71,0,19,18,8,6,8,0,0,0,52,0,5,0,4,4,0,0,0,0,12,0,5,0,0,0,0,0,0,0,0,0,32,49,21,18,11,5,0,0,139,0,0,0,0,0,0,0,0,0,0,0,0,0,0,0,0,0,0,0,0,0,0,5,0,0,0,0,0,0,3
11103122919,core,0,9,34,23,22,12,6,0,0,100,5,8,6,8,4,11,9,0,0,45,0,0,4,0,0,0,0,0,0,0,0,0,0,0,0,0,0,0,0,0,8,20,40,27,23,18,10,0,0,149,0,0,0,0,0,0,0,0,0,5,0,0,0,0,0,0,4,0,0,0,0,0,0,5,0,0,4,0,0,4,8,17,45,30,23,18,12,0,0,155,5,0,0,3,0,7,22,10,0,49,0,0,3,0,0,0,0,0,0,10,11,17,46,37,28,27,30,10,0,213,0,11,41,13,8,7,4,0,0,84,6,16,19,11,5,6,3,0,0,68,0,3,3,0,0,3,0,0,0,15,0,0,0,0,0,0,0,0,0,0,10,31,57,24,17,12,5,0,0,161,0,0,0,0,0,0,0,0,0,3,0,0,0,0,0,0,0,0,0,3,0,5,0,0,0,0,0,0,0,6
11103122920,core,0,6,6,13,15,10,3,0,0,49,0,6,3,0,0,0,0,0,0,9,0,0,5,0,0,0,0,0,0,4,0,0,0,0,0,0,0,0,0,0,0,7,15,13,11,13,3,0,0,65,0,0,0,0,0,0,0,0,0,0,0,0,0,0,0,0,0,0,0,0,0,0,0,0,0,0,0,0,0,0,5,7,15,13,11,13,3,0,0,62,0,0,0,0,0,0,9,0,0,22,0,0,0,0,0,0,0,0,0,3,5,7,20,13,17,21,13,0,0,93,0,0,12,4,0,8,0,0,0,29,0,3,4,3,8,5,0,0,0,33,0,0,0,0,0,0,0,0,0,3,0,0,0,0,0,0,0,0,0,0,0,9,17,12,11,10,5,0,0,58,0,0,0,0,0,0,0,0,0,0,0,0,0,0,0,0,0,0,0,0,0,0,0,0,0,0,0,0,0,0
11103122921,core,0,0,9,12,8,8,0,0,0,41,0,7,3,0,0,0,3,5,0,20,0,0,0,0,0,0,0,0,0,0,0,0,0,0,0,0,0,0,0,0,0,8,10,12,14,11,4,5,0,62,0,0,0,0,0,0,0,0,0,0,0,0,0,0,0,0,0,0,0,0,0,0,0,0,0,0,0,0,0,0,0,9,10,11,14,11,4,5,0,66,5,0,0,0,0,5,3,4,0,25,4,0,0,0,0,0,0,0,0,4,5,9,13,11,13,18,7,10,0,95,0,0,7,0,7,3,0,0,0,29,4,0,9,9,3,3,0,0,0,21,0,0,0,0,0,0,0,0,0,4,0,0,0,0,0,0,0,0,0,0,4,5,17,12,15,4,0,0,0,52,0,0,0,0,0,0,0,0,0,0,0,0,0,0,0,0,0,0,0,0,0,0,0,0,0,0,0,0,0,3
11103122922,core,0,13,10,16,20,15,5,5,0,83,0,3,3,0,3,4,4,0,0,30,0,0,0,0,0,4,0,0,0,3,0,0,0,0,0,0,0,0,0,0,4,16,18,16,25,27,12,0,0,119,0,0,0,0,0,0,0,0,0,7,0,0,0,0,0,0,0,0,0,4,3,0,0,0,0,0,0,0,0,7,7,18,16,16,25,27,16,0,0,130,5,0,0,0,0,0,14,10,0,34,0,0,0,0,0,0,0,0,0,4,11,18,20,16,28,28,27,16,0,166,0,5,18,4,20,12,0,0,0,62,10,7,7,5,12,9,0,0,0,51,0,5,0,0,0,0,0,0,0,3,0,0,0,0,0,0,0,0,0,0,8,19,22,9,32,21,0,0,0,113,0,0,0,0,0,0,0,0,0,0,0,0,0,0,0,0,0,0,0,5,0,5,0,0,0,0,0,0,0,9
11103122923,core,0,8,44,23,15,10,0,0,0,106,7,10,7,4,8,4,0,0,0,38,0,0,4,0,0,0,0,0,0,9,0,0,0,0,0,0,0,0,0,3,4,19,51,30,29,11,4,3,0,158,0,0,4,0,0,0,0,0,0,13,0,0,0,0,0,0,0,0,0,7,0,0,3,0,3,0,0,0,0,17,8,26,54,30,34,15,3,3,0,172,0,0,3,12,16,22,14,3,0,77,0,0,0,5,8,11,0,0,0,23,9,30,64,51,54,47,21,7,0,279,0,8,33,5,14,3,0,0,0,67,9,17,16,15,8,7,0,0,0,70,0,0,5,0,0,0,0,0,0,4,0,0,0,0,0,0,0,0,0,0,9,29,48,28,16,16,7,0,0,144,0,0,0,3,0,0,0,0,0,4,0,0,0,0,0,0,0,0,0,0,0,0,0,0,0,0,0,0,0,3
11103122924,core,0,0,11,0,10,11,0,0,0,47,7,6,5,0,4,8,0,0,0,28,0,0,0,0,0,0,0,0,0,0,0,0,0,0,0,0,0,0,0,0,9,6,20,9,21,12,9,0,0,76,0,0,0,3,0,0,0,0,0,5,0,0,0,0,0,0,0,0,0,0,0,0,0,3,0,0,0,0,0,7,7,6,25,7,17,12,9,0,0,80,11,7,0,9,7,5,4,6,0,43,0,0,3,0,0,0,0,0,0,8,18,12,24,14,25,19,12,6,0,138,0,0,13,5,9,3,0,0,0,39,7,5,3,3,10,0,0,0,0,40,0,3,0,0,0,0,0,0,0,3,0,0,0,0,0,0,0,0,0,0,5,9,17,12,22,6,4,0,0,78,0,0,0,0,0,0,0,0,0,0,0,0,0,0,0,0,0,0,0,5,0,0,0,0,0,0,0,0,0,5
11103122925,core,0,19,38,26,30,12,4,0,0,124,9,8,8,3,4,0,7,0,0,47,3,4,0,0,0,0,0,0,0,14,0,0,3,0,0,0,0,0,0,3,13,37,49,29,27,19,9,0,0,189,0,0,0,3,0,0,4,0,0,5,0,0,0,0,0,0,0,0,0,3,0,0,0,3,0,0,3,0,0,14,16,35,53,29,27,24,13,0,0,200,3,0,7,4,6,16,22,14,3,73,0,0,0,6,3,0,4,0,0,19,22,40,59,39,40,35,40,17,3,293,0,13,40,13,15,13,0,0,0,93,11,9,16,16,19,11,7,0,0,91,0,4,3,0,0,5,0,0,0,15,0,0,0,0,0,0,0,0,0,0,11,27,57,24,39,25,5,0,0,191,0,0,0,4,0,0,0,0,0,5,0,0,0,0,3,0,0,0,0,5,0,0,0,3,3,0,0,0,0,12
11103122926,core,0,8,21,23,12,14,7,0,0,81,3,5,10,3,3,4,0,0,0,27,0,0,0,3,0,0,0,0,0,5,0,0,0,0,0,0,0,0,0,4,3,13,37,29,16,12,4,0,0,117,0,0,0,5,0,0,0,0,0,6,0,0,0,0,0,0,0,0,0,0,0,0,0,5,0,0,0,0,0,3,3,13,38,34,16,19,4,0,0,121,6,4,3,0,0,3,4,9,0,28,0,0,0,0,0,0,0,0,0,0,9,15,38,28,18,22,15,9,0,156,0,10,31,19,10,6,0,0,0,69,8,18,10,7,6,8,0,0,0,58,0,0,4,0,0,0,0,0,0,8,0,0,5,0,0,0,0,0,0,0,8,28,43,24,11,21,0,0,0,142,0,0,0,0,0,0,0,0,0,0,0,0,0,0,0,0,0,0,0,0,0,0,0,0,0,0,0,0,0,0
11103122927,core,0,5,32,22,13,19,0,0,0,87,3,9,6,4,0,0,3,5,0,30,0,3,5,0,0,0,0,0,0,10,0,0,0,0,0,0,0,0,0,0,6,12,35,23,10,18,7,5,0,122,0,0,0,0,0,0,0,0,0,5,0,0,0,0,0,0,0,0,0,3,0,3,0,4,0,0,0,0,0,8,6,16,35,26,18,22,8,5,0,130,6,0,4,0,4,4,10,5,0,36,0,0,0,0,0,0,0,0,0,6,10,15,42,26,19,23,21,8,0,176,0,5,19,10,9,9,10,0,0,61,0,13,10,4,7,12,5,0,0,53,0,3,0,0,0,5,0,0,0,7,0,0,0,0,0,0,0,0,0,3,0,21,32,17,19,22,11,0,0,129,0,0,0,0,0,0,0,0,0,0,0,0,3,0,0,0,0,0,0,3,0,0,3,0,0,0,0,0,0,3
11103122928,core,0,8,22,25,14,18,3,0,0,92,0,0,3,0,0,3,3,0,0,19,0,0,0,5,0,0,0,0,0,6,0,0,0,0,0,0,0,0,0,0,0,8,27,29,16,21,3,0,0,116,0,0,0,0,0,3,0,0,0,4,0,0,0,0,0,0,0,0,0,0,0,0,0,0,0,4,0,0,0,8,0,11,30,28,16,23,3,0,0,125,0,0,3,3,8,15,9,12,0,50,0,0,4,5,0,3,3,3,0,17,0,9,38,40,23,39,19,15,0,190,0,3,20,11,14,10,0,5,0,59,0,3,11,0,5,8,0,0,0,33,0,0,3,0,0,0,0,0,0,7,0,0,0,0,0,0,0,0,0,0,0,13,35,18,21,17,0,5,0,100,0,0,4,0,0,0,0,0,0,0,0,0,0,0,0,0,0,0,0,3,0,0,4,0,0,0,0,0,0,6
11103122929,core,0,10,40,18,7,15,5,0,0,98,0,4,6,0,0,5,4,3,0,25,0,0,0,0,0,0,0,0,0,3,0,0,0,0,0,0,0,0,0,0,0,14,47,22,7,21,10,3,0,125,0,0,0,0,0,0,0,0,0,3,0,0,0,0,0,0,0,0,0,0,0,0,3,0,0,0,0,0,0,7,0,14,51,21,12,21,10,3,0,130,0,4,0,3,0,12,16,13,3,61,0,0,0,0,0,0,0,4,0,7,4,16,54,28,14,31,24,23,4,201,0,3,20,12,5,3,0,0,0,48,0,5,11,5,4,11,3,0,0,40,0,0,3,0,0,0,0,0,0,9,0,0,0,0,0,0,0,0,0,0,0,15,27,20,15,15,4,0,0,92,0,0,0,0,0,0,0,0,0,7,0,0,0,0,0,0,0,0,0,0,0,0,0,0,0,0,0,0,0,7
11103122930,core,0,7,43,23,27,14,5,0,0,119,0,4,5,6,0,0,6,3,0,31,0,0,0,0,0,0,0,0,0,0,0,0,0,0,0,0,0,0,0,3,0,8,56,36,29,19,6,3,0,161,0,0,0,0,0,0,0,0,0,5,0,0,0,0,0,0,0,0,0,0,0,0,0,0,0,0,0,0,0,3,0,6,56,36,33,20,6,3,0,168,0,3,3,4,4,5,25,4,0,53,0,0,3,9,0,0,0,0,0,15,0,9,68,46,42,30,25,9,0,237,0,4,34,13,10,13,3,0,0,80,0,8,10,0,7,18,4,0,0,50,0,0,3,0,0,0,0,0,0,7,0,0,0,0,0,0,0,0,0,5,0,10,54,21,16,28,7,0,0,140,0,0,0,0,0,0,0,0,0,0,0,0,0,0,0,0,0,0,0,4,0,0,0,0,0,0,0,0,0,7
11103122931,core,0,6,51,23,17,14,0,0,0,122,3,4,11,6,6,0,0,0,0,33,0,0,4,0,3,0,0,0,0,6,0,0,0,0,0,0,0,0,0,5,6,17,68,32,22,25,3,0,0,170,0,0,0,3,0,0,0,0,0,4,0,3,0,0,0,0,0,0,0,3,0,3,0,3,0,6,0,0,0,12,4,15,68,38,23,24,3,0,0,172,0,5,7,3,0,5,17,12,3,55,0,0,4,0,3,5,0,0,0,14,4,20,83,35,26,35,19,8,3,241,0,12,28,14,14,11,0,0,0,75,3,14,17,3,8,9,5,0,0,56,0,0,5,0,4,0,0,0,0,9,0,0,0,0,0,0,0,0,0,0,9,21,53,18,19,19,5,0,0,144,0,0,0,0,0,0,0,0,0,5,0,0,0,0,0,0,0,0,0,0,0,0,3,0,0,0,0,0,0,5
11103122932,core,0,3,60,24,12,12,5,0,0,115,0,3,8,7,9,3,0,0,0,34,0,0,0,0,0,0,0,0,0,5,0,0,0,0,0,0,0,0,0,3,0,10,72,28,16,12,5,0,0,152,0,0,0,0,0,0,0,0,0,0,0,0,0,0,0,0,0,0,0,0,0,0,0,0,0,0,0,0,0,7,0,10,72,28,14,12,5,0,0,156,0,7,3,3,0,9,9,5,0,40,0,4,4,0,3,0,0,0,0,16,0,24,81,38,17,21,20,6,0,211,0,6,31,23,9,9,0,0,0,83,3,8,13,6,8,11,0,0,0,55,0,5,3,0,0,0,0,0,0,12,0,0,0,0,0,0,0,0,0,0,3,16,51,30,25,19,6,0,0,148,0,0,4,0,0,0,0,0,0,7,3,4,0,0,0,0,0,0,0,9,3,4,3,0,0,0,0,0,0,7
11103123001,core,0,0,0,0,0,0,0,0,0,0,0,0,0,3,0,0,0,0,0,3,0,0,0,0,0,0,0,0,0,0,0,0,0,0,0,0,0,0,0,0,0,0,0,3,3,0,0,0,0,10,0,0,0,0,0,0,0,0,0,0,0,0,0,0,0,0,0,0,0,0,0,0,0,0,0,0,0,0,0,0,0,0,0,3,3,0,0,0,0,10,0,0,0,0,0,0,0,0,0,3,0,0,0,0,0,0,0,0,0,0,0,0,0,3,3,0,0,0,0,11,0,0,0,0,0,0,0,0,0,0,0,0,0,5,0,0,0,0,0,4,0,0,0,0,0,0,0,0,0,0,0,0,0,0,0,0,0,0,0,0,0,0,0,5,0,0,0,0,0,4,0,0,0,0,0,0,0,0,0,0,0,0,0,0,0,0,0,0,0,0,0,0,0,0,0,0,0,0,0,0
11103123101,core,3,9,29,13,7,10,0,0,0,73,6,18,16,12,8,0,0,0,0,55,0,0,0,0,0,0,0,0,0,6,0,0,0,0,0,0,0,0,0,3,10,24,50,27,12,10,0,0,0,131,0,6,0,0,0,0,0,0,0,10,0,0,3,0,0,0,0,0,0,10,0,4,5,0,0,0,0,0,0,14,14,29,51,27,12,10,0,0,0,143,3,16,11,3,0,3,3,9,0,49,0,7,7,6,0,0,0,0,0,22,10,51,71,37,17,9,9,3,0,216,0,7,19,6,5,3,0,0,0,41,9,17,17,4,0,3,0,0,0,48,0,0,6,0,0,0,0,0,0,0,0,0,0,0,0,0,0,0,0,0,7,26,33,14,3,6,0,0,0,94,0,0,0,0,0,0,0,0,0,6,0,0,0,0,0,0,0,0,0,3,0,0,0,0,0,0,0,0,0,5
11103123102,core,4,6,26,18,11,11,0,0,0,79,3,4,4,6,0,0,0,0,0,28,0,7,0,0,0,3,0,0,0,15,0,4,0,0,0,0,0,0,0,5,10,15,33,23,11,12,0,0,0,117,0,0,0,0,0,0,0,0,0,4,0,0,3,0,0,0,0,0,0,6,0,0,3,0,0,0,0,0,0,7,14,18,42,26,11,12,0,0,0,122,4,3,4,6,3,3,11,5,0,49,0,0,6,0,0,0,0,0,0,10,14,23,47,30,11,21,13,5,0,179,0,7,14,7,3,7,0,0,0,39,3,13,10,11,4,3,0,0,0,53,0,4,5,0,0,0,0,0,0,6,0,4,0,0,0,0,0,0,0,6,3,25,30,19,10,13,0,0,0,113,0,0,0,0,0,0,0,0,0,4,0,0,0,0,0,0,0,0,0,0,0,0,0,0,0,0,0,0,0,10
11103123103,core,0,7,39,12,9,5,0,0,0,71,3,22,26,0,0,6,0,0,0,57,0,0,3,0,0,0,0,0,0,3,0,0,3,0,0,0,0,0,0,7,6,30,67,13,15,7,0,0,0,143,0,0,3,0,0,0,0,0,0,7,0,3,0,0,0,0,0,0,0,3,0,6,3,0,0,0,0,0,0,4,6,31,76,11,15,7,0,0,0,152,6,15,11,6,3,10,7,4,0,62,0,6,10,0,4,3,0,0,0,29,8,56,94,26,21,23,4,4,0,235,0,6,8,8,0,0,0,0,0,23,7,19,15,4,5,3,0,0,0,55,0,0,4,0,0,0,0,0,0,9,0,0,0,0,0,0,0,0,0,0,11,25,25,11,10,10,0,0,0,90,0,0,0,0,0,0,0,0,0,0,0,0,0,0,0,0,0,0,0,0,0,0,0,0,0,0,0,0,0,0
11103123104,core,4,14,52,12,11,6,0,0,0,105,10,28,20,6,3,3,0,0,0,66,0,0,0,0,0,0,0,0,0,0,0,0,0,0,0,0,0,0,0,3,11,49,67,18,21,9,0,0,0,178,0,3,3,0,4,0,0,0,0,8,0,0,0,0,0,0,0,0,0,9,0,3,3,5,4,0,0,0,0,21,16,52,72,20,18,17,0,0,0,197,5,23,23,5,4,4,10,3,5,88,0,7,12,3,3,3,0,0,0,31,19,84,107,31,28,17,18,3,10,316,3,14,22,4,15,6,0,0,0,80,19,31,25,21,5,9,0,0,0,108,3,4,5,0,0,0,0,0,0,11,3,0,0,0,0,0,0,0,0,5,31,58,51,23,26,16,0,0,0,205,0,0,0,0,0,0,0,0,0,4,0,3,0,0,0,0,0,0,0,7,4,6,3,0,0,0,0,0,0,11
11103123105,core,0,0,8,9,3,0,0,0,0,23,0,0,4,0,0,0,0,0,0,8,0,0,0,0,0,0,0,0,0,0,0,0,0,0,0,0,0,0,0,0,0,0,14,7,5,0,0,0,0,31,0,0,0,0,0,0,0,0,0,0,0,0,0,0,0,0,0,0,0,0,0,0,0,0,0,0,0,0,0,0,0,0,14,7,3,0,0,0,0,32,0,3,3,5,3,9,7,0,5,33,0,0,0,6,0,0,14,11,21,49,0,3,17,15,11,6,23,14,25,116,0,0,0,0,0,0,0,0,0,6,0,0,5,4,0,0,0,0,0,8,0,0,0,3,0,0,0,0,0,3,0,0,0,0,0,0,0,0,0,0,0,0,4,8,6,5,0,0,0,18,0,0,0,0,0,0,0,0,0,0,0,0,0,0,0,0,0,0,0,0,0,0,0,0,0,0,0,0,0,0
11103123106,core,0,0,0,0,0,4,0,0,0,7,0,0,0,0,0,3,0,0,0,5,0,0,0,0,0,0,0,0,0,0,0,0,0,0,0,0,0,0,0,0,0,0,0,0,0,3,0,0,0,11,0,0,0,0,0,0,0,0,0,5,0,0,0,0,0,0,0,0,0,0,0,0,0,0,0,0,0,0,0,5,0,0,0,4,0,3,0,0,0,10,0,0,0,0,0,0,47,33,9,81,0,0,0,0,0,0,0,3,0,4,0,0,0,4,0,3,47,36,9,100,0,0,0,0,0,0,0,0,0,0,0,0,0,0,0,0,4,0,0,4,0,0,0,0,0,0,0,0,0,0,0,0,0,0,0,0,0,0,0,0,0,0,0,0,3,0,3,0,0,9,0,0,0,0,0,0,0,0,0,0,0,0,0,0,0,0,0,0,0,0,0,0,0,0,0,0,0,0,0,0
11103123107,core,0,3,3,3,4,0,0,0,0,17,0,0,0,0,0,0,0,0,0,3,0,0,0,0,0,0,0,0,0,3,0,0,0,0,0,0,0,0,0,0,4,0,4,3,4,6,0,0,0,29,0,0,0,0,0,0,0,0,0,4,0,0,0,0,0,0,0,0,0,0,0,3,0,0,0,0,0,0,0,7,3,10,9,4,4,6,0,0,0,28,0,0,0,0,4,0,5,0,0,13,0,0,0,0,0,0,0,0,0,0,7,10,9,3,4,3,11,0,0,41,0,0,0,0,3,0,0,0,0,8,0,0,5,0,4,0,0,0,0,6,0,0,0,0,0,0,0,0,0,0,0,0,0,0,0,0,0,0,0,0,0,0,5,3,6,0,0,0,0,15,0,0,0,0,0,0,0,0,0,4,0,0,0,0,0,0,0,0,0,0,0,0,0,0,0,0,0,0,0,4
11103123108,core,4,3,33,19,18,12,0,0,0,89,0,11,11,6,4,3,0,0,0,31,0,0,3,0,0,0,0,0,0,5,0,0,0,0,0,0,0,0,0,0,4,11,48,28,21,12,0,0,0,126,0,0,4,0,0,0,0,0,0,7,0,0,5,0,0,0,0,0,0,5,0,0,3,0,0,0,0,0,0,11,5,12,50,24,21,21,0,0,0,139,4,6,6,3,3,8,14,17,0,64,0,0,5,0,0,0,0,4,0,8,8,22,62,32,29,21,15,20,0,212,0,0,20,6,8,3,0,0,0,50,10,10,16,7,9,10,0,0,0,68,0,0,5,0,0,0,0,0,0,8,0,0,0,0,0,0,0,0,0,0,10,12,42,18,26,13,4,0,0,122,0,0,3,0,0,0,0,0,0,3,0,0,0,0,0,0,0,0,0,0,0,0,3,0,0,0,0,0,0,9
11103123109,core,0,8,42,27,16,20,0,0,0,113,8,8,5,13,0,3,0,0,0,36,0,0,0,0,0,0,0,0,0,5,0,0,0,0,0,0,0,0,0,5,12,13,47,43,15,29,4,0,0,165,0,0,7,0,0,0,0,0,0,8,0,0,3,0,0,0,0,0,0,9,0,6,5,0,0,0,0,0,0,15,16,18,58,43,18,29,4,0,0,179,3,0,4,4,10,9,20,18,0,71,0,0,5,0,0,0,0,0,0,5,20,21,61,46,25,40,26,16,0,260,0,5,33,7,16,9,0,0,0,70,12,15,17,11,15,12,0,0,0,70,0,0,3,0,0,0,0,0,0,4,0,0,0,0,0,0,0,0,0,5,12,23,48,20,30,19,0,0,0,151,0,0,0,0,0,0,0,0,0,8,0,0,4,0,0,0,0,0,0,3,0,0,5,0,0,0,0,0,0,11
11103123110,core,0,18,29,18,6,3,0,0,0,82,12,23,11,0,5,0,0,0,0,50,0,0,4,0,0,0,0,0,0,6,0,0,0,0,0,0,0,0,0,0,9,37,40,22,11,3,3,0,0,130,0,0,0,4,0,3,0,0,0,9,5,0,0,0,0,0,0,0,0,0,3,6,0,4,0,3,0,0,0,19,17,47,40,27,11,8,8,0,0,144,5,11,7,4,3,13,14,10,5,71,4,0,3,6,0,3,0,6,0,18,20,53,48,36,16,20,24,17,4,233,0,8,25,13,7,6,0,0,0,56,6,23,20,8,7,4,0,0,0,70,0,5,5,0,0,0,0,0,0,5,0,0,0,0,0,0,0,0,0,5,6,39,44,21,12,6,3,0,0,135,0,0,0,0,0,0,0,0,0,0,0,3,0,0,0,0,0,0,0,9,0,3,0,0,0,0,0,0,0,5
11103123111,core,0,7,39,17,13,12,0,0,0,90,6,11,9,7,6,3,0,0,0,35,0,0,4,0,0,0,0,0,0,3,0,0,0,0,0,0,0,0,0,0,0,20,49,19,21,14,6,0,0,127,0,0,0,0,0,0,0,0,0,0,0,0,0,0,0,0,0,0,0,3,0,4,0,0,0,0,0,0,0,9,4,22,55,19,23,14,7,0,0,138,0,0,5,6,6,5,18,29,9,85,0,0,0,0,0,0,4,4,0,8,5,23,54,25,25,20,29,37,9,222,0,4,18,3,12,7,3,0,0,56,5,6,12,10,11,10,0,0,0,49,0,0,0,0,0,0,0,0,0,5,0,0,0,0,0,0,0,0,0,0,3,13,33,14,20,17,3,0,0,109,0,0,0,0,0,0,0,0,0,0,0,0,0,0,0,0,0,0,0,3,5,0,0,0,0,0,0,0,0,5
11103123112,core,0,0,0,0,0,0,0,0,0,0,0,0,0,0,0,0,0,0,0,0,0,0,0,0,0,0,0,0,0,0,0,0,0,0,0,0,0,0,0,0,0,0,0,0,0,0,0,0,0,0,0,0,0,0,0,0,0,0,0,0,0,0,0,0,0,0,0,0,0,0,0,0,0,0,0,0,0,0,0,0,0,0,0,0,0,0,0,0,0,0,0,0,0,0,0,0,0,0,0,0,0,0,0,0,0,0,0,0,0,0,0,0,0,0,0,0,0,0,0,0,0,0,0,0,0,0,0,0,0,0,0,0,0,0,0,0,0,0,0,0,0,0,0,0,0,0,0,0,0,0,0,0,0,0,0,0,0,0,0,0,0,0,0,0,0,0,0,0,0,0,0,0,0,0,0,0,0,0,0,0,0,0,0,0,0,0,0,0,0,0,0,0,0,0,0,0,0,0,0,0
11103123113,core,0,11,44,27,13,11,0,0,0,108,6,21,21,5,0,8,0,0,0,64,0,0,0,3,0,0,0,0,0,6,0,0,0,0,0,0,0,0,0,0,8,41,67,30,11,16,0,0,0,176,0,0,0,3,0,0,0,0,0,4,0,0,0,0,0,0,0,0,0,0,0,0,4,3,0,0,0,0,0,8,8,41,70,37,15,18,0,0,0,188,3,10,3,3,8,3,18,22,7,73,0,4,4,0,0,0,0,4,0,12,6,50,83,42,16,27,19,26,7,277,0,6,24,14,4,9,5,0,0,63,5,20,20,13,0,13,5,0,0,63,0,0,5,7,0,0,0,0,0,12,0,0,0,0,0,0,0,0,0,0,3,28,45,31,11,20,4,0,0,140,0,0,0,0,0,0,0,0,0,0,0,0,0,0,0,0,0,0,0,5,0,0,0,0,0,0,0,0,0,4
11103123114,core,3,17,42,21,7,10,0,0,0,104,7,29,28,9,7,7,3,0,0,86,4,5,5,0,0,0,0,0,0,11,0,0,6,0,6,0,0,0,0,8,11,43,73,30,24,19,3,0,0,210,3,0,10,0,0,0,0,0,0,19,6,15,6,0,3,0,0,0,0,24,10,16,14,3,5,0,0,0,0,41,21,62,85,39,29,20,3,0,0,249,21,17,16,8,3,0,10,9,5,86,0,9,11,0,0,0,0,0,0,21,40,88,108,46,36,23,9,9,5,357,0,15,15,7,11,6,0,0,0,46,15,36,19,18,3,9,0,0,0,100,0,4,0,0,4,0,0,0,0,16,0,0,0,0,0,0,0,0,0,0,16,57,38,25,16,7,3,0,0,164,3,0,0,0,0,0,0,0,0,5,5,0,0,5,0,0,0,0,0,8,4,0,0,5,0,0,0,0,0,9
11103123115,core,0,4,32,7,4,8,0,0,0,64,0,4,13,10,6,6,0,0,0,35,0,0,0,0,0,4,0,0,0,6,0,0,0,0,0,0,0,0,0,0,0,9,44,21,14,19,0,0,0,112,0,0,0,0,0,0,0,0,0,7,0,0,0,0,0,0,0,0,0,0,5,0,0,0,0,0,0,0,0,7,5,9,47,24,14,22,0,0,0,117,7,5,8,3,8,7,16,4,5,63,0,0,6,3,0,0,0,0,0,9,11,13,58,33,25,29,15,4,7,186,0,3,17,3,3,7,0,0,0,43,0,17,14,0,6,7,0,0,0,46,0,3,0,3,0,0,0,0,0,11,0,0,0,0,0,0,0,0,0,5,0,21,37,6,12,16,3,0,0,99,0,3,0,0,0,0,0,0,0,4,0,0,0,0,0,0,0,0,0,4,5,3,0,0,0,4,0,0,0,6
11103123116,core,0,6,22,18,18,5,0,0,0,76,0,17,8,4,4,6,0,0,0,44,0,0,5,0,0,0,0,0,0,3,0,0,0,0,0,0,0,0,0,0,0,20,36,27,23,14,4,0,0,123,0,0,0,0,0,0,0,0,0,9,0,0,0,0,0,0,0,0,0,3,3,4,4,3,0,0,0,0,0,11,3,22,36,31,19,10,4,0,0,133,10,6,6,4,7,12,9,11,9,67,0,0,3,0,0,0,0,0,0,6,14,27,44,35,28,19,12,12,9,210,0,3,13,16,9,7,0,0,0,55,10,11,10,10,10,7,0,0,0,63,0,0,0,0,0,6,0,0,0,9,0,0,0,0,0,0,0,0,0,0,12,18,27,26,24,17,0,0,0,122,0,0,0,0,0,0,0,0,0,0,0,0,0,0,0,0,0,0,0,3,0,0,0,0,0,0,0,0,0,3
11103123117,core,0,4,16,3,3,6,0,0,0,36,0,0,3,4,0,4,0,0,0,13,0,0,0,0,0,0,0,0,0,0,0,0,0,0,0,0,0,0,0,0,0,5,21,8,4,12,0,0,0,51,0,0,0,0,0,0,0,0,0,0,0,0,0,0,0,0,0,0,0,7,0,0,0,0,0,0,0,0,0,3,0,10,19,4,4,12,0,0,0,52,0,0,0,4,0,4,13,5,0,28,0,0,0,0,0,0,0,0,0,3,4,13,19,10,9,14,15,5,3,88,0,4,9,0,4,0,0,0,0,21,3,8,4,0,5,7,0,0,0,28,0,0,0,0,0,0,0,0,0,7,0,0,0,0,0,0,0,0,0,0,4,16,20,7,4,5,0,0,0,57,0,0,0,0,0,0,0,0,0,0,0,0,0,0,0,0,0,0,0,0,0,0,0,0,0,0,0,0,0,0
11103123118,core,0,0,6,5,0,6,0,0,0,19,0,3,15,0,0,3,0,0,0,22,0,0,0,0,0,0,0,0,0,0,0,0,0,0,0,0,0,0,0,5,0,6,22,4,4,10,0,0,0,43,0,0,0,4,0,0,0,0,0,4,0,0,0,0,0,0,0,0,0,0,0,0,0,4,0,0,0,0,0,4,0,6,18,7,4,11,0,0,0,45,3,9,3,0,3,3,0,0,0,24,0,0,5,5,0,0,0,0,0,6,6,12,23,14,8,13,0,0,0,85,0,0,15,0,0,0,0,0,0,11,0,6,5,7,3,5,0,0,0,28,0,0,0,0,0,0,0,0,0,4,0,0,0,0,0,0,0,0,0,0,0,13,19,7,6,5,0,0,0,50,0,0,0,0,0,0,0,0,0,0,0,0,4,0,0,0,0,0,0,4,0,0,4,0,0,0,0,0,0,6
11103123119,core,0,10,29,20,0,0,0,0,0,65,6,20,18,10,9,5,0,0,0,59,0,0,0,0,0,0,0,0,0,3,0,3,0,0,0,0,0,0,0,7,9,28,45,32,10,10,0,0,0,131,0,0,0,4,0,0,0,0,0,6,0,0,0,0,0,0,0,0,0,7,0,3,3,3,0,0,0,0,0,11,9,35,52,34,9,10,0,0,0,144,9,16,11,14,9,9,7,0,0,77,0,4,14,8,4,3,0,0,0,42,11,51,79,49,25,20,7,0,0,255,0,4,14,7,3,8,0,0,0,33,9,11,14,10,3,5,0,0,0,53,0,0,4,5,0,0,0,0,0,4,0,0,0,0,0,0,0,0,0,0,7,18,34,22,6,10,0,0,0,93,0,0,0,0,0,0,0,0,0,5,0,0,0,0,0,0,0,0,0,3,0,0,0,0,0,0,0,0,0,5
11103123120,core,0,7,18,7,6,3,0,0,0,43,0,7,10,6,4,0,0,0,0,32,0,0,0,0,0,0,0,0,0,0,0,3,0,0,0,0,0,0,0,3,3,12,32,13,3,4,0,0,0,80,0,6,0,0,0,0,0,0,0,7,0,4,0,3,0,0,0,0,0,12,0,8,4,3,0,0,0,0,0,16,3,20,36,19,8,4,0,0,0,90,0,0,9,3,3,13,9,0,0,36,3,3,4,3,0,0,0,0,0,21,6,28,46,26,10,18,11,0,0,152,0,5,6,4,3,0,0,0,0,22,0,3,11,0,0,3,0,0,0,21,0,0,0,0,0,0,0,0,0,0,0,0,0,0,0,0,0,0,0,0,0,12,19,10,3,4,0,0,0,44,0,0,0,0,0,0,0,0,0,0,0,0,0,0,0,0,0,0,0,0,0,0,0,0,0,0,0,0,0,0
11103123121,core,0,9,17,10,10,4,0,0,0,50,3,4,11,3,0,0,3,0,0,30,0,0,5,0,0,0,0,0,0,6,0,0,3,0,0,0,0,0,0,3,3,14,34,13,13,7,5,0,0,88,0,0,0,6,0,0,0,0,0,3,4,3,3,0,0,0,0,0,0,13,4,7,3,3,0,0,0,0,0,11,7,18,41,20,13,7,5,0,0,103,4,9,11,6,0,8,4,3,3,51,0,0,7,0,3,0,0,0,0,14,6,29,60,23,16,15,10,3,3,164,0,3,11,4,0,4,0,0,0,24,4,11,8,8,5,5,0,0,0,35,0,3,0,0,0,0,0,0,0,8,0,0,0,0,0,0,0,0,0,0,0,20,20,11,7,8,0,0,0,61,0,0,0,0,0,0,0,0,0,5,0,0,0,0,0,0,0,0,0,0,0,0,4,0,0,0,0,0,0,9
11103123122,core,0,15,19,18,16,11,0,0,0,75,7,14,15,9,0,5,0,0,0,50,0,3,0,4,0,0,0,0,0,8,0,0,0,0,0,0,0,0,0,5,9,25,38,27,20,15,0,0,0,135,0,5,4,0,0,0,0,0,0,10,3,0,3,0,0,0,0,0,0,10,3,0,3,0,0,0,0,0,0,12,11,29,46,31,18,11,0,0,0,150,4,0,0,6,5,3,3,8,0,37,0,5,5,9,0,4,0,4,0,26,16,31,55,41,25,24,8,9,0,219,0,6,9,4,7,0,0,0,0,37,5,9,19,4,6,8,0,0,0,50,0,0,0,0,0,0,0,0,0,4,0,0,3,0,0,0,0,0,0,3,5,17,31,15,14,10,0,0,0,91,0,0,0,0,0,0,0,0,0,3,0,0,6,3,0,0,0,0,0,6,0,0,3,3,0,0,0,0,0,15
11103123123,core,0,8,24,25,13,11,0,0,0,89,5,9,18,7,4,4,3,0,0,57,0,0,7,0,3,0,0,0,0,14,0,0,3,0,0,0,0,0,0,3,7,25,54,35,20,16,3,0,0,158,0,4,3,5,6,0,0,0,0,8,0,3,0,0,0,0,0,0,0,14,0,5,3,0,6,0,0,0,0,21,13,33,61,36,23,17,3,0,0,180,5,14,18,18,6,6,9,4,0,81,0,0,0,8,4,0,0,0,0,13,18,47,78,56,36,21,11,7,0,272,0,3,10,9,6,11,0,0,0,42,5,13,12,10,11,0,0,0,0,52,4,0,0,0,0,0,0,0,0,9,0,3,0,0,0,0,0,0,0,6,13,23,18,17,20,13,0,0,0,108,0,3,0,0,0,0,0,0,0,7,0,0,0,4,0,0,0,0,0,3,0,3,0,4,0,0,0,0,0,5
11103123124,core,4,10,24,21,7,10,0,0,0,82,9,37,28,8,0,0,0,0,0,88,0,4,0,0,0,0,0,0,0,12,0,3,3,0,0,0,0,0,0,3,14,55,63,36,17,10,0,0,0,188,0,0,7,0,0,0,0,0,0,10,6,6,3,0,0,0,0,0,0,11,4,6,6,0,0,0,0,0,0,22,21,67,71,36,15,10,0,0,0,210,10,36,27,3,0,9,11,8,3,103,4,11,16,6,0,0,0,3,0,41,38,113,104,42,19,10,10,10,3,349,0,14,18,16,3,6,0,0,0,65,16,36,24,4,0,6,0,0,0,94,3,4,0,0,3,0,0,0,0,10,0,0,0,0,0,0,0,0,0,0,19,61,44,23,12,8,0,0,0,165,0,0,3,4,0,0,0,0,0,6,0,6,0,0,0,0,0,0,0,12,3,6,8,4,0,0,0,0,0,22
11103123125,core,0,3,0,0,0,0,0,0,0,5,39,89,0,0,0,0,0,0,0,134,18,24,0,0,0,0,0,0,0,44,0,0,0,0,0,0,0,0,0,0,61,120,6,0,0,0,0,0,0,188,0,0,0,0,0,0,0,0,0,0,33,26,0,0,0,0,0,0,0,59,36,26,0,0,0,0,0,0,0,61,97,145,6,0,0,0,0,0,0,246,79,99,0,0,0,0,0,0,0,185,69,95,0,0,0,0,0,0,0,170,249,343,11,0,0,0,0,0,0,603,0,0,0,0,0,0,0,0,0,0,105,126,5,0,0,0,0,0,0,235,31,23,0,0,0,0,0,0,0,57,12,5,0,0,0,0,0,0,0,15,152,154,5,0,0,0,0,0,0,308,3,0,0,0,0,0,0,0,0,3,21,19,5,0,0,0,0,0,0,47,27,19,5,0,0,0,0,0,0,49
11103123126,core,3,9,19,3,5,4,0,0,0,42,0,11,10,7,8,0,0,0,0,29,0,4,0,0,0,0,0,0,0,3,0,0,0,0,0,0,0,0,0,5,4,19,33,11,9,4,0,0,0,82,0,0,0,0,3,0,0,0,0,6,4,0,0,0,0,0,0,0,0,7,4,0,0,0,7,0,0,0,0,12,4,24,33,7,15,7,0,0,0,90,5,8,10,10,4,13,5,9,5,67,0,3,10,0,4,0,3,11,11,44,10,36,43,21,22,19,12,25,16,209,0,4,8,0,0,0,0,0,0,20,0,11,8,3,5,5,0,0,0,25,0,4,0,0,0,0,0,0,0,3,0,0,0,0,0,0,0,0,0,3,3,16,15,3,3,3,0,0,0,48,0,0,0,0,0,0,0,0,0,0,4,0,0,0,0,0,0,0,0,0,4,0,0,0,0,0,0,0,0,4
11103123201,core,5,0,12,22,14,14,4,0,0,66,3,3,0,6,3,3,4,0,0,24,0,0,0,0,0,0,0,0,0,0,0,0,0,0,0,0,0,0,0,0,12,7,10,29,16,20,9,0,0,98,0,0,0,0,0,0,0,0,0,4,0,0,0,0,0,0,0,0,0,0,0,0,0,0,0,0,0,0,0,4,12,11,10,30,16,22,9,0,0,99,4,3,3,0,0,11,25,11,0,66,0,0,0,0,0,0,0,5,0,9,11,9,15,31,23,36,23,14,0,164,0,3,8,9,12,7,0,0,0,47,3,0,7,9,7,12,0,0,0,47,5,0,4,0,0,0,0,0,0,11,0,0,0,0,0,0,0,0,0,0,10,10,23,15,18,22,5,0,0,103,0,0,0,0,0,0,0,0,0,0,0,0,0,0,0,0,0,0,0,0,0,0,0,0,0,0,0,0,0,3
11103123202,core,7,3,18,20,13,8,6,0,0,75,4,4,10,3,4,4,0,0,0,30,0,0,4,0,0,0,0,0,0,9,0,0,5,0,0,0,0,0,0,5,9,4,28,21,21,12,6,0,0,108,0,0,0,0,0,0,0,0,0,0,0,3,0,0,0,0,0,0,0,6,0,3,0,0,0,0,0,0,0,10,9,10,36,21,19,16,6,0,0,115,0,4,0,0,4,21,30,10,3,75,0,0,0,0,5,6,6,0,0,13,12,13,39,26,28,41,38,12,3,209,0,0,8,10,14,5,0,0,0,40,3,5,3,13,13,4,0,0,0,34,0,0,4,0,0,4,0,0,0,12,0,0,0,0,0,0,0,0,0,4,7,5,19,25,21,18,0,0,0,83,0,0,0,0,0,0,0,0,0,0,0,0,0,0,0,0,0,0,0,0,0,0,0,0,0,0,0,0,0,5
11103123203,core,7,0,5,8,13,14,0,0,0,47,0,7,0,0,3,4,4,0,0,22,0,0,0,3,0,4,0,0,0,3,0,0,0,0,0,0,0,0,0,0,6,4,9,10,19,19,3,0,0,79,0,0,0,0,0,0,0,0,0,0,0,0,0,0,0,0,0,0,0,0,0,0,0,0,0,0,0,0,0,0,6,4,9,10,19,24,3,0,0,86,0,3,0,0,0,12,30,13,7,67,0,0,0,0,0,3,0,5,0,7,13,8,17,10,17,38,39,14,7,162,0,0,8,7,9,12,3,0,0,31,3,0,4,4,15,15,0,0,0,41,0,0,0,0,0,0,0,0,0,6,0,0,0,0,0,0,0,0,0,0,6,0,16,13,23,24,6,0,0,83,0,0,0,0,0,0,0,0,0,0,0,0,0,0,0,0,0,0,0,0,0,0,0,0,0,0,0,0,0,0
11103123204,core,0,13,6,14,11,11,0,0,0,64,0,3,4,3,5,3,0,0,0,25,3,0,0,0,0,5,0,0,0,11,0,3,0,0,0,0,0,0,0,4,3,18,10,24,21,19,0,0,0,101,0,0,0,4,3,0,0,0,0,3,0,0,0,4,0,0,0,0,0,3,0,0,0,5,3,0,0,0,0,15,6,16,10,32,24,18,0,0,0,112,7,5,5,7,7,6,26,14,3,77,0,0,5,8,0,3,8,0,0,29,17,20,21,41,35,33,34,15,8,216,0,0,8,6,12,3,0,0,0,33,7,7,10,4,4,9,3,0,0,47,0,0,0,0,0,5,0,0,0,3,0,0,0,0,0,0,0,0,0,0,7,14,18,13,16,16,5,0,0,81,0,0,0,0,0,0,0,0,0,5,0,0,0,0,0,0,0,0,0,5,3,0,0,4,0,0,0,0,0,3
11103123205,core,4,7,19,9,23,16,4,0,0,83,8,3,0,0,5,0,3,0,0,26,0,0,0,0,3,3,0,0,0,6,0,0,0,0,0,0,0,0,0,0,10,10,22,13,34,21,7,0,0,115,0,0,4,0,0,0,0,0,0,5,0,0,0,0,0,0,0,0,0,0,0,0,4,0,0,4,0,0,0,8,10,11,25,13,31,26,9,0,0,124,3,3,4,0,3,15,24,13,0,64,0,0,0,0,0,0,0,0,0,6,18,13,26,10,37,47,34,15,4,198,0,0,12,13,11,9,0,0,0,47,9,4,6,3,15,8,0,0,0,46,0,0,5,0,0,4,0,0,0,7,0,0,0,0,0,0,0,0,0,0,7,5,22,15,26,18,6,0,0,99,0,0,0,0,0,0,0,0,0,5,0,0,0,0,0,0,0,0,0,3,0,0,5,3,0,0,0,0,0,9
11103123206,core,0,3,10,12,20,7,4,0,0,54,3,0,0,0,4,4,0,0,0,15,0,0,0,0,3,3,0,0,0,8,0,0,0,0,0,0,0,0,0,0,4,6,14,18,25,17,0,0,0,80,0,0,0,0,0,0,0,0,0,0,0,0,0,0,0,0,0,0,0,0,0,0,0,0,0,0,0,0,0,5,4,6,16,15,22,15,0,0,0,86,0,0,0,0,0,8,19,14,0,40,0,0,5,0,6,0,0,0,0,11,9,11,15,15,31,24,21,14,0,137,0,0,4,10,7,5,0,0,0,27,0,3,4,9,9,10,0,0,0,35,0,0,0,0,0,0,0,0,0,3,0,0,0,0,0,0,0,0,0,0,0,3,13,18,11,17,4,0,0,70,0,0,0,0,0,3,0,0,0,3,0,0,0,0,0,0,0,0,0,0,0,0,0,0,0,3,0,0,0,3
11103123207,core,4,6,14,20,22,18,7,0,0,89,7,7,3,3,8,4,0,0,0,34,0,0,0,3,0,0,0,0,0,11,0,0,0,0,0,0,0,0,0,0,14,14,21,26,28,19,6,0,0,131,0,0,0,0,0,0,0,0,0,4,0,0,0,0,3,0,0,0,0,9,0,0,4,0,6,0,0,0,0,15,15,14,22,27,34,23,6,0,0,149,3,0,5,0,0,9,30,3,0,49,0,0,5,0,0,0,5,4,0,16,22,16,32,33,40,35,42,10,0,216,0,0,6,10,10,6,0,0,0,42,16,3,4,16,11,19,0,0,0,66,6,0,3,4,0,4,0,0,0,15,0,0,0,0,0,0,0,0,0,0,18,9,15,29,27,32,0,0,0,126,0,0,0,0,0,0,0,0,0,0,5,0,0,0,0,0,0,0,0,4,5,0,0,0,0,0,0,0,0,4
11103123208,core,0,5,3,10,15,10,0,0,0,48,6,0,5,5,4,0,0,0,0,23,0,0,0,0,0,4,0,0,0,4,0,0,0,0,0,0,0,0,0,0,3,3,9,16,19,20,3,0,0,79,0,0,0,0,0,0,0,0,0,3,0,0,0,0,0,0,0,0,0,5,0,3,0,0,0,0,0,0,0,4,6,5,14,20,19,20,3,0,0,83,0,0,3,0,3,7,18,6,0,53,0,0,0,0,3,0,0,9,16,30,11,12,13,21,26,25,26,17,18,158,0,3,3,6,8,5,0,0,0,26,8,5,3,9,10,7,0,0,0,44,0,0,0,0,0,4,0,0,0,6,0,0,0,0,0,0,0,0,0,0,8,9,13,13,20,20,0,0,0,80,0,0,0,0,0,0,0,0,0,0,0,0,0,0,0,0,0,0,0,5,0,0,0,0,0,0,0,0,0,5
11103123209,core,0,3,11,16,29,15,6,0,0,83,3,0,0,3,0,0,0,0,0,18,0,0,0,0,0,3,0,0,0,4,0,0,0,0,0,0,0,0,0,0,4,6,15,19,28,25,4,0,0,100,0,0,0,0,0,0,0,0,0,3,0,0,0,0,0,0,0,0,0,4,0,0,0,0,0,3,0,0,0,5,7,6,12,19,28,25,4,0,0,101,10,3,5,6,0,13,18,11,3,65,0,0,0,0,0,3,4,0,0,5,11,12,20,33,35,42,29,13,3,182,0,4,12,9,10,3,0,0,0,40,3,9,15,11,16,10,0,0,0,60,4,0,0,0,5,4,0,0,0,11,0,0,0,0,0,0,0,0,0,0,7,8,29,21,27,21,5,0,0,115,0,0,4,0,4,0,0,0,0,8,0,0,0,0,0,0,0,0,0,5,4,0,4,0,0,0,0,0,0,11
11103123210,core,0,0,5,3,5,0,0,0,0,18,0,0,5,0,0,0,0,0,0,3,0,0,0,0,0,0,0,0,0,0,0,0,0,0,0,0,0,0,0,0,0,3,3,3,0,3,0,0,0,22,0,0,0,3,0,0,0,0,0,3,0,0,0,0,0,0,0,0,0,0,0,0,0,3,0,0,0,0,0,3,0,3,3,7,0,3,0,0,0,28,0,0,4,0,0,6,3,3,0,21,0,0,0,0,0,0,0,0,0,0,3,3,8,9,0,6,7,3,0,49,0,0,4,3,6,0,0,0,0,15,0,0,3,0,3,0,0,0,0,13,0,0,0,0,0,0,0,0,0,3,0,0,0,0,0,0,0,0,0,0,0,0,7,3,9,0,0,0,0,28,0,0,0,0,0,0,0,0,0,0,0,0,0,0,0,0,0,0,0,0,0,0,0,0,0,0,0,0,0,0
11103123211,core,0,0,0,0,0,0,0,0,0,0,0,0,0,0,0,0,0,0,0,0,0,0,0,0,0,0,0,0,0,0,0,0,0,0,0,0,0,0,0,0,0,0,0,0,0,0,0,0,0,6,0,0,0,0,0,0,0,0,0,0,0,0,0,0,0,0,0,0,0,0,0,0,0,0,0,0,0,0,0,0,0,0,0,0,0,0,0,0,0,6,0,0,0,0,0,0,0,0,0,4,0,0,0,0,0,0,0,0,0,5,0,0,3,0,3,0,0,0,0,8,0,0,0,0,0,0,0,0,0,0,0,0,0,0,0,0,0,0,0,0,0,0,0,0,0,0,0,0,0,0,0,0,0,0,0,0,0,0,0,0,0,0,0,0,0,0,0,0,0,0,0,0,0,0,0,0,0,0,0,0,0,0,0,0,0,0,0,0,0,0,0,0,0,0,0,0,0,0,0,0
11103123213,core,0,0,0,0,4,7,8,0,0,22,0,0,0,0,0,0,3,0,0,5,0,0,0,0,0,0,0,0,0,5,0,0,0,0,0,0,0,0,0,0,0,0,0,0,4,11,7,0,0,28,0,0,0,0,4,0,0,0,0,0,0,0,0,0,0,0,0,0,0,0,0,0,0,0,4,0,0,0,0,5,0,0,0,0,4,11,7,0,0,37,0,0,0,3,3,23,99,83,20,239,0,0,0,0,0,3,11,18,3,38,0,3,4,6,12,39,119,103,24,308,0,0,0,0,6,8,0,0,0,12,0,0,6,0,0,10,3,0,0,22,0,0,0,0,0,6,0,0,0,3,0,0,0,0,0,0,0,0,0,0,0,0,0,0,5,20,3,0,0,38,0,0,0,0,0,0,0,0,0,0,0,0,0,0,3,0,0,0,0,3,0,0,0,0,3,0,0,0,0,3
11103123216,core,0,0,0,0,0,0,0,0,0,0,0,0,0,0,0,0,0,0,0,0,0,0,0,0,0,0,0,0,0,0,0,0,0,0,0,0,0,0,0,0,0,0,0,0,0,0,0,0,0,0,0,0,0,0,0,0,0,0,0,0,0,0,0,0,0,0,0,0,0,0,0,0,0,0,0,0,0,0,0,0,0,0,0,0,0,0,0,0,0,0,0,0,0,0,0,0,0,0,0,0,0,0,0,0,0,0,0,0,0,0,0,0,0,0,0,0,0,0,0,0,0,0,0,0,0,0,0,0,0,0,0,0,0,0,0,0,0,0,0,0,0,0,0,0,0,0,0,0,0,0,0,0,0,0,0,0,0,0,0,0,0,0,0,0,0,0,0,0,0,0,0,0,0,0,0,0,0,0,0,0,0,0,0,0,0,0,0,0,0,0,0,0,0,0,0,0,0,0,0,0
11103123217,core,0,0,0,0,0,0,0,0,0,0,0,0,0,0,0,0,3,0,0,8,0,0,0,0,0,0,0,0,0,0,0,0,0,0,0,0,0,0,0,0,0,0,0,0,0,0,11,0,0,8,0,0,0,0,0,0,0,0,0,0,0,0,0,0,0,0,0,0,0,0,0,0,0,0,0,0,0,0,0,0,0,0,0,0,0,0,8,0,0,12,0,0,0,0,0,0,80,65,10,160,0,0,0,0,0,0,3,0,0,6,0,0,0,0,4,3,93,74,12,182,0,0,0,0,0,0,0,0,0,0,0,0,0,0,0,0,0,0,0,8,0,0,0,0,0,4,0,0,0,4,0,0,0,0,0,0,0,0,0,0,0,0,0,0,0,3,0,0,0,7,0,0,0,0,0,0,0,0,0,0,0,0,0,0,0,0,0,0,0,0,0,0,0,0,0,0,0,0,0,0
11103123218,core,0,0,24,32,23,7,0,0,0,87,4,0,5,10,7,4,0,0,0,25,0,0,0,0,0,0,0,0,0,0,0,0,0,0,0,0,0,0,0,0,5,0,23,41,23,12,3,0,0,111,0,0,0,3,0,0,0,0,0,3,3,0,0,0,0,0,0,0,0,4,3,0,0,3,3,0,0,0,0,12,7,6,23,42,29,15,3,0,0,124,4,0,3,0,0,7,11,5,0,34,0,0,0,0,0,0,0,0,0,4,15,8,32,44,33,19,16,5,0,163,0,5,16,26,7,4,0,0,0,57,10,3,16,11,14,6,0,0,0,62,0,0,3,3,0,0,0,0,0,7,0,0,0,0,0,0,0,0,0,0,13,10,31,39,22,10,4,0,0,129,0,0,0,0,0,0,0,0,0,4,0,0,0,4,0,0,0,0,0,3,0,0,0,4,0,0,0,0,0,9
11103123219,core,0,13,56,57,15,12,3,0,0,149,6,10,6,4,3,3,0,0,0,21,0,0,0,0,0,0,0,0,0,4,0,0,0,0,0,0,0,0,0,0,7,22,58,62,14,16,3,0,0,175,0,0,0,0,0,0,0,0,0,0,0,0,0,0,0,0,0,0,0,0,0,0,0,0,0,0,0,0,0,0,7,22,58,62,14,16,3,0,0,178,6,0,0,0,0,4,12,0,0,32,0,4,0,0,0,0,0,0,0,9,15,23,64,62,21,17,15,0,0,216,0,8,37,26,11,8,0,0,0,90,5,8,21,23,9,9,0,0,0,61,0,5,6,3,0,0,0,0,0,13,0,0,0,0,0,0,0,0,0,0,4,18,64,51,20,14,0,0,0,167,0,0,0,3,0,0,0,0,0,3,0,0,0,0,0,0,0,0,0,3,0,0,0,0,0,0,0,0,0,3
11103123220,core,4,13,27,65,42,23,0,0,0,169,11,10,0,6,0,3,3,0,0,38,0,0,0,5,4,0,0,0,0,17,4,0,0,0,0,0,0,0,0,3,21,20,23,76,54,30,6,0,0,225,4,3,5,0,0,0,0,0,0,6,0,0,0,0,0,3,0,0,0,3,5,3,5,0,0,3,0,0,0,10,20,22,30,76,51,33,6,0,0,236,10,4,0,3,5,8,14,4,0,47,0,0,0,0,0,0,0,0,0,9,31,25,30,80,60,38,19,0,0,287,3,7,21,37,29,13,0,0,0,106,14,11,13,33,21,9,6,0,0,103,0,0,5,3,4,3,0,0,0,12,0,0,0,0,0,0,0,0,0,0,16,12,39,71,54,23,8,0,0,218,0,0,0,0,0,0,0,0,0,0,0,0,0,0,0,0,0,0,0,4,0,0,0,0,0,0,0,0,0,4
11103123221,core,0,0,0,4,4,0,0,0,0,0,0,0,0,0,0,3,0,6,0,5,0,0,0,0,0,0,0,0,0,0,0,0,0,0,0,0,0,0,0,0,0,0,0,4,4,0,4,6,0,11,0,0,0,0,0,0,0,0,0,0,0,0,0,0,0,0,0,0,0,0,0,0,0,0,0,0,0,0,0,0,0,0,0,4,4,5,4,6,0,15,0,0,0,0,0,9,69,74,6,150,0,0,0,0,0,7,19,10,4,35,0,0,0,4,4,13,85,83,9,202,0,0,0,0,0,0,0,0,0,0,0,0,0,0,0,0,0,0,0,5,0,0,0,0,0,0,0,0,0,0,0,0,0,0,0,0,0,0,0,0,0,0,0,0,0,4,3,0,0,14,0,0,0,0,0,0,0,0,0,0,0,0,0,0,0,0,0,0,0,0,0,0,0,0,0,0,0,0,0,0
11103123222,core,5,0,12,6,12,13,4,0,0,56,0,0,5,3,0,6,6,0,0,22,5,0,0,0,0,0,3,0,0,4,0,0,0,0,0,0,0,0,0,3,10,4,13,11,17,14,10,0,0,84,0,0,0,0,0,0,0,0,0,0,0,0,0,0,0,0,0,0,0,0,0,0,0,0,0,0,0,0,0,0,10,4,13,11,17,14,10,0,0,84,3,0,5,0,0,7,15,5,0,46,0,0,0,0,0,0,0,0,0,10,12,5,23,11,16,32,27,10,0,128,0,3,0,6,10,7,0,0,0,31,5,3,3,9,9,7,0,0,0,29,0,0,0,0,0,0,0,0,0,3,0,0,0,0,0,5,0,0,0,0,3,3,3,11,18,15,3,0,0,68,0,0,0,0,0,0,0,0,0,0,0,0,0,0,0,0,0,0,0,0,0,0,0,0,0,0,0,0,0,0
11103123223,core,0,7,34,37,9,15,0,0,0,106,0,3,5,0,0,3,4,0,0,22,0,0,0,4,0,0,0,0,0,9,0,0,0,0,0,0,0,0,0,0,7,11,35,46,13,21,4,0,0,132,0,0,0,0,0,0,0,0,0,4,4,0,0,0,0,0,0,0,0,3,5,0,0,0,0,0,0,0,0,6,8,12,34,46,12,21,4,0,0,135,5,4,0,0,0,5,10,0,0,24,0,0,0,5,0,0,0,0,0,7,11,15,38,50,17,21,17,0,0,163,0,4,21,17,18,3,0,0,0,66,4,6,17,19,5,3,0,0,0,57,0,0,5,8,3,0,0,0,0,16,0,0,0,0,0,0,0,0,0,0,3,10,40,43,29,13,0,0,0,134,0,0,0,0,0,0,0,0,0,0,0,0,0,0,0,0,0,0,0,3,0,0,0,0,0,0,0,0,0,4
11103123224,core,0,3,23,12,11,14,3,0,0,68,3,0,3,0,0,3,0,0,0,13,0,0,0,3,0,0,0,0,0,7,0,0,0,3,0,0,0,0,0,6,6,6,22,22,12,23,9,0,0,98,0,0,0,0,3,0,0,0,0,9,0,0,0,0,0,0,0,0,0,7,0,6,3,0,4,0,0,0,0,8,6,12,27,22,14,23,9,0,0,105,8,3,3,10,7,11,28,14,7,78,0,0,0,4,4,3,3,0,0,10,14,13,28,31,25,32,38,21,7,204,0,0,7,4,3,8,0,0,0,27,4,0,3,7,13,13,0,0,0,51,0,0,0,0,0,0,0,0,0,4,0,0,0,0,0,0,0,0,0,0,5,3,16,16,16,20,0,0,0,85,0,0,0,0,0,0,0,0,0,0,0,0,0,0,0,0,0,0,0,0,0,0,4,0,0,0,0,0,0,4
11103123301,core,0,3,33,15,14,13,3,0,0,79,0,7,11,0,5,3,4,0,0,34,0,0,0,4,0,0,0,0,0,8,0,0,3,0,0,0,0,0,0,9,0,14,46,18,17,14,7,0,0,116,0,0,0,0,0,3,0,0,0,3,3,0,5,0,0,0,0,0,0,4,3,0,4,0,0,3,0,0,0,6,4,14,51,20,17,17,9,0,0,125,4,0,0,5,0,9,6,4,4,39,0,0,0,4,0,0,0,0,0,6,8,18,55,26,21,21,16,7,8,171,0,4,20,3,9,4,0,0,0,38,0,9,11,7,6,7,0,0,0,42,0,0,4,3,0,0,0,0,0,7,0,0,0,0,0,0,0,0,0,0,4,14,38,11,11,11,0,0,0,91,0,0,0,0,0,0,0,0,0,0,0,4,0,0,0,0,0,0,0,0,5,4,0,0,0,0,0,0,0,4
11103123302,core,0,3,18,15,12,0,3,0,0,60,4,9,12,3,0,0,0,0,0,31,0,4,0,0,0,0,0,0,0,7,0,0,0,0,0,0,0,0,0,4,3,18,30,22,20,3,6,0,0,95,0,0,0,0,0,0,0,0,0,3,0,0,0,0,0,0,0,0,0,3,0,0,0,0,5,0,0,0,0,5,3,19,30,22,22,3,6,0,0,103,0,8,3,3,3,5,25,6,3,62,0,7,4,4,0,0,3,0,0,20,9,32,38,30,25,8,33,9,5,181,0,3,26,10,17,8,0,0,0,58,5,7,22,7,0,4,4,0,0,46,0,7,0,4,0,0,0,0,0,10,0,0,0,0,0,0,0,0,0,3,8,11,45,19,16,11,3,0,0,115,0,0,3,4,0,0,0,0,0,7,0,3,0,0,0,0,0,0,0,6,0,3,3,4,0,0,0,0,0,10
11103123303,core,0,5,25,17,27,7,0,0,0,85,0,11,14,5,8,11,4,0,0,44,0,0,0,0,0,0,0,0,0,8,0,0,0,0,0,0,0,0,0,3,8,14,39,23,33,19,4,0,0,141,0,0,0,0,0,0,0,0,0,6,0,0,0,0,0,0,0,0,0,4,0,0,6,0,3,0,0,0,0,11,12,18,37,23,35,19,6,0,0,148,9,6,0,5,7,9,15,6,0,63,0,4,3,0,4,0,0,0,0,17,23,25,48,29,47,26,15,11,0,229,0,0,14,8,7,12,0,0,0,48,7,11,8,16,4,12,4,0,0,59,0,0,0,0,0,0,0,0,0,5,0,0,0,0,0,0,0,0,0,0,5,14,24,20,19,20,8,0,0,111,0,0,0,0,0,0,0,0,0,3,4,0,0,0,5,0,0,0,0,4,4,0,0,0,5,0,0,0,0,7
11103123304,core,4,9,31,33,26,18,3,0,0,119,9,11,8,9,10,0,9,0,0,62,4,0,0,0,0,0,0,0,0,7,0,0,0,0,4,0,0,0,0,4,16,26,40,43,37,21,7,0,0,195,0,0,0,0,0,0,0,0,0,9,4,4,0,0,0,0,0,0,0,3,4,3,0,0,3,0,0,0,0,13,17,30,39,45,40,23,7,0,0,204,11,9,10,0,3,9,18,16,10,90,0,0,0,3,0,0,0,4,0,9,28,34,51,48,47,39,29,24,9,308,0,15,21,19,12,9,0,0,0,79,18,12,16,17,13,10,0,0,0,78,0,0,4,0,0,3,0,0,0,9,0,0,0,0,0,0,0,0,0,0,12,29,50,36,21,21,0,0,0,171,0,0,0,0,0,0,0,0,0,0,0,0,4,3,0,0,0,0,0,9,0,0,4,3,0,0,0,0,0,8
11103123305,core,4,7,29,17,10,11,3,0,0,93,0,6,7,4,6,3,0,0,0,29,0,7,0,0,0,0,0,0,0,8,0,0,0,0,0,0,0,0,0,0,8,19,38,21,18,21,5,0,0,128,0,0,0,5,0,0,0,0,0,8,0,0,0,0,0,0,0,0,0,3,3,3,3,5,0,0,0,0,0,17,8,22,41,26,23,19,5,0,0,144,6,4,0,5,11,18,18,18,3,82,0,0,8,5,4,0,4,0,0,26,15,26,50,32,39,38,21,21,5,248,0,4,23,24,5,7,0,0,0,68,3,9,16,11,11,10,0,0,0,55,0,3,10,0,0,0,0,0,0,19,0,0,0,0,0,0,0,0,0,3,8,9,44,33,20,23,0,0,0,142,0,6,0,0,0,0,0,0,0,7,0,0,0,0,0,0,0,0,0,3,0,0,0,0,0,4,0,0,0,7
11103123306,core,0,8,33,5,14,8,0,0,0,62,0,3,6,0,0,0,0,0,0,21,0,0,4,3,0,0,0,0,0,6,0,0,0,0,0,0,0,0,0,0,0,6,37,9,14,10,0,0,0,85,0,0,0,0,0,0,0,0,0,5,0,0,0,0,0,0,0,0,0,4,0,0,0,0,0,0,0,0,0,4,0,14,40,9,17,15,0,0,0,92,8,3,4,4,3,11,9,28,27,90,0,0,0,0,0,0,0,0,0,5,7,15,46,13,25,23,9,26,27,187,0,9,12,10,12,7,0,0,0,38,0,0,5,6,5,8,3,0,0,32,0,0,3,0,4,0,0,0,0,12,0,0,0,0,0,0,0,0,0,0,0,6,19,16,15,9,8,0,0,75,0,0,0,0,0,0,0,0,0,3,0,0,0,0,0,0,0,0,0,6,0,5,0,0,0,0,0,0,0,5
11103123307,core,0,0,9,3,5,0,0,0,0,18,0,0,0,0,0,0,3,0,0,7,0,0,0,0,0,0,0,0,0,0,0,0,0,0,0,0,0,0,0,0,0,0,6,5,5,0,3,0,0,24,0,0,0,0,0,0,0,0,0,0,0,0,0,0,0,0,0,0,0,0,0,0,0,0,0,0,0,0,0,0,0,0,6,5,5,0,3,0,0,28,0,0,0,0,0,8,38,85,32,174,0,0,0,0,0,0,4,4,5,5,3,0,10,3,5,7,43,89,38,204,0,0,4,0,0,3,0,0,0,15,0,0,3,0,0,3,0,0,0,9,0,0,0,0,0,0,0,0,0,0,0,0,0,0,0,0,0,0,0,0,0,3,7,0,0,9,0,0,0,27,0,0,0,0,0,0,0,0,0,0,0,0,0,0,0,0,0,0,0,0,0,0,0,0,0,0,0,0,0,0
11103123308,core,0,0,0,0,0,0,0,0,0,0,0,0,0,0,0,0,0,0,0,0,0,0,0,0,0,0,0,0,0,0,0,0,0,0,0,0,0,0,0,0,0,0,0,0,0,0,0,0,0,0,0,0,0,0,0,0,0,0,0,0,0,0,0,0,0,0,0,0,0,0,0,0,0,0,0,0,0,0,0,0,0,0,0,0,0,0,0,0,0,0,0,0,0,0,0,0,0,0,0,0,0,0,0,0,0,0,0,0,0,0,0,0,0,0,0,0,0,0,0,0,0,0,0,0,0,0,0,0,0,0,0,0,0,0,0,0,0,0,0,0,0,0,0,0,0,0,0,0,0,0,0,0,0,0,0,0,0,0,0,0,0,0,0,0,0,0,0,0,0,0,0,0,0,0,0,0,0,0,0,0,0,0,0,0,0,0,0,0,0,0,0,0,0,0,0,0,0,0,0,0
11103123309,core,0,7,14,9,7,10,0,0,0,62,0,7,3,3,6,10,0,0,0,28,0,0,0,0,0,5,0,0,0,7,0,0,0,0,0,0,0,0,0,4,6,16,23,17,14,20,0,0,0,92,0,0,3,5,0,0,0,0,0,3,0,0,0,0,0,0,0,0,0,0,0,0,3,5,0,0,0,0,0,10,4,16,23,16,13,20,0,0,0,102,12,0,4,0,0,10,13,25,20,82,0,0,0,0,0,10,0,3,5,14,13,20,28,15,18,36,18,28,28,205,0,4,16,9,8,8,0,0,0,42,6,3,0,11,3,11,0,0,0,40,0,0,5,4,0,0,0,0,0,8,0,0,0,0,0,0,0,0,0,0,3,12,17,17,12,22,4,0,0,89,0,0,0,0,0,0,0,0,0,0,0,0,4,0,0,0,0,0,0,5,0,0,6,0,0,0,0,0,0,8
11103123310,core,3,8,33,29,23,27,7,0,0,124,4,12,11,8,8,4,4,0,0,47,0,3,0,5,0,3,0,0,0,9,0,0,0,0,0,0,0,0,0,7,8,21,47,38,36,36,7,0,0,187,0,0,0,7,0,0,0,0,0,10,0,0,0,0,0,0,0,0,0,5,0,0,0,7,0,0,0,0,0,11,11,25,52,46,34,37,7,0,0,201,6,5,0,5,13,19,24,26,4,109,0,0,0,3,0,4,0,0,0,11,21,28,51,57,44,61,31,26,4,321,0,14,36,20,15,14,3,0,0,97,3,7,24,16,10,16,4,0,0,81,0,0,8,0,0,0,0,0,0,17,0,0,0,0,0,0,0,0,0,4,5,22,68,38,26,32,5,0,0,201,0,0,0,0,0,0,0,0,0,4,0,0,3,0,0,0,0,0,0,6,0,3,3,0,0,0,0,0,0,12
11103123311,core,0,0,0,0,0,0,0,0,0,0,0,0,0,0,0,0,0,0,0,0,0,0,0,0,0,0,0,0,0,0,0,0,0,0,0,0,0,0,0,0,0,0,0,0,0,0,0,0,0,0,0,0,0,0,0,0,0,0,0,0,0,0,0,0,0,0,0,0,0,0,0,0,0,0,0,0,0,0,0,0,0,0,0,0,0,0,0,0,0,0,0,0,0,0,0,0,0,0,0,0,0,0,0,0,0,0,0,0,0,0,0,0,0,0,0,0,0,0,0,0,0,0,0,0,0,0,0,0,0,0,0,0,0,0,0,0,0,0,0,0,0,0,0,0,0,0,0,0,0,0,0,0,0,0,0,0,0,0,0,0,0,0,0,0,0,0,0,0,0,0,0,0,0,0,0,0,0,0,0,0,0,0,0,0,0,0,0,0,0,0,0,0,0,0,0,0,0,0,0,0
11103123312,core,6,7,34,18,17,12,0,0,0,104,3,14,9,3,3,3,0,0,0,40,0,0,4,0,0,0,0,0,0,8,0,0,0,0,0,0,0,0,0,0,9,21,50,24,23,18,0,0,0,150,0,0,0,0,3,0,0,0,0,7,0,0,0,0,0,0,0,0,0,0,0,0,0,0,3,0,0,0,0,7,12,29,50,24,24,18,0,0,0,157,3,4,3,4,4,6,19,4,6,56,0,0,0,0,0,0,0,0,0,6,14,34,60,30,31,30,23,4,6,222,0,4,21,11,16,10,3,0,0,66,9,12,12,14,7,9,0,0,0,67,0,0,5,0,0,0,0,0,0,7,0,0,0,0,0,0,0,0,0,0,7,22,37,21,22,15,5,0,0,138,0,0,0,0,0,0,0,0,0,0,0,0,0,0,0,0,0,0,0,0,0,0,0,0,3,0,0,0,0,7
11103123313,core,0,5,21,8,6,0,0,0,0,40,0,3,6,0,0,3,3,0,0,18,0,0,0,0,0,0,0,0,0,0,0,0,0,0,0,0,0,0,0,0,0,10,24,12,8,5,3,0,0,55,0,0,0,0,0,0,0,0,0,3,0,0,0,0,0,0,0,0,0,0,0,0,0,0,0,0,0,0,0,7,0,4,23,12,8,9,3,0,0,62,0,0,4,0,0,0,0,0,0,14,0,0,0,0,0,0,0,0,0,0,4,7,27,12,8,10,4,0,0,70,0,4,17,6,3,0,0,0,0,30,0,6,4,11,0,5,0,0,0,27,0,0,5,0,0,0,0,0,0,4,0,0,0,0,0,0,0,0,0,0,3,8,24,11,8,5,0,0,0,63,0,0,0,0,0,0,0,0,0,0,0,0,0,0,0,0,0,0,0,0,0,0,0,0,0,0,0,0,0,0
11103123314,core,0,4,14,16,13,12,0,0,0,71,6,0,6,3,0,3,0,0,0,22,0,0,5,0,0,0,0,0,0,6,0,0,0,0,0,0,0,0,0,6,8,11,26,25,19,10,4,0,0,109,0,0,0,0,0,0,0,0,0,3,0,0,0,0,0,0,0,0,0,0,0,0,0,0,0,0,0,0,0,3,8,11,26,25,25,17,4,0,0,110,0,3,3,3,3,5,20,11,0,51,0,0,0,0,0,0,0,0,0,0,11,15,29,29,29,21,23,15,0,165,0,4,16,5,16,5,0,0,0,44,7,3,12,8,12,4,0,0,0,48,0,0,5,0,0,0,0,0,0,6,0,0,0,0,0,0,0,0,0,0,8,3,26,22,26,15,0,0,0,98,0,4,0,0,0,0,0,0,0,6,0,0,0,0,0,0,0,0,0,0,0,4,0,0,0,0,0,0,0,4
11103123315,core,0,8,14,18,11,12,0,0,0,63,3,9,5,8,0,5,5,0,0,31,0,3,0,4,0,0,0,0,0,10,0,0,0,0,0,0,0,0,0,3,3,17,23,28,13,22,5,0,0,106,0,6,0,0,0,0,0,0,0,9,0,0,0,0,0,0,0,0,0,0,0,6,0,0,0,0,0,0,0,9,0,24,23,32,16,22,5,0,0,117,7,3,0,5,9,6,22,11,5,69,0,0,0,0,6,0,0,0,0,6,9,26,25,34,25,29,21,11,5,184,0,4,13,10,16,9,5,0,0,54,3,5,9,14,6,3,3,0,0,49,3,0,6,0,0,0,0,0,0,11,0,0,0,0,4,0,0,0,0,3,13,13,27,20,21,15,9,0,0,117,0,0,0,0,4,0,0,0,0,3,0,0,0,0,0,0,0,0,0,4,0,0,0,0,8,0,0,0,0,9
11103123316,core,0,8,18,20,20,18,0,0,0,93,5,9,6,6,5,7,6,0,0,38,0,0,0,0,0,0,0,0,0,9,0,0,0,0,0,0,0,0,0,3,8,20,31,25,24,20,9,0,0,131,0,0,4,0,0,0,0,0,0,4,0,0,0,0,0,0,0,0,0,0,0,0,4,0,0,0,0,0,0,0,9,18,34,25,24,20,9,0,0,138,6,4,3,6,6,13,29,11,7,77,0,0,0,0,0,0,7,0,3,11,15,20,34,34,30,36,38,7,11,230,0,0,11,10,16,8,0,0,0,52,12,9,5,21,14,7,5,0,0,75,0,5,6,3,0,0,3,0,0,17,0,0,0,0,0,0,0,0,0,0,15,18,30,32,31,15,8,0,0,144,0,0,0,0,0,0,0,0,0,0,0,0,0,3,0,0,0,0,0,7,0,0,0,3,3,0,0,0,0,10
11103123317,core,0,5,28,22,3,4,0,0,0,65,0,13,15,4,4,0,5,0,0,41,5,0,8,0,0,0,0,0,0,6,0,0,0,0,0,0,0,0,0,0,7,14,45,28,7,7,5,0,0,113,0,0,8,4,5,0,0,0,0,17,0,0,0,0,0,0,0,0,0,0,0,0,8,4,5,3,0,0,0,17,7,12,57,29,8,15,5,0,0,127,5,7,11,7,13,16,24,9,5,91,6,0,5,4,0,4,7,5,0,28,16,20,70,44,24,32,34,14,5,248,0,5,13,10,3,4,0,0,0,40,3,18,25,10,0,0,0,0,0,58,3,0,0,0,3,0,0,0,0,6,0,0,0,0,0,0,0,0,0,0,8,23,42,19,4,9,0,0,0,111,0,0,7,0,0,0,0,0,0,8,0,0,0,0,0,0,0,0,0,0,0,0,7,0,0,0,0,0,0,7
11103123318,core,0,5,16,10,6,11,0,0,0,52,3,3,5,5,0,0,0,0,0,7,0,0,0,0,0,0,0,0,0,6,0,0,0,0,0,0,0,0,0,0,3,9,20,16,6,11,0,0,0,65,0,4,0,0,3,0,0,0,0,8,0,0,0,0,0,0,0,0,0,3,0,7,0,0,6,0,0,0,0,10,3,12,20,16,11,15,0,0,0,75,6,4,7,7,12,13,26,15,3,92,0,0,0,0,4,0,0,0,0,8,4,14,29,26,24,31,24,15,3,169,0,0,12,4,9,0,0,0,0,26,0,8,7,4,3,0,0,0,0,26,0,0,3,0,0,0,0,0,0,4,0,0,0,0,0,0,0,0,0,0,0,12,17,12,9,10,0,0,0,63,0,0,0,0,0,0,0,0,0,0,0,0,0,0,0,0,0,0,0,3,0,0,0,0,0,0,0,0,0,0
11103123319,core,0,0,22,35,29,18,5,0,0,110,18,10,6,4,9,4,0,0,0,52,0,0,0,0,5,0,0,0,0,5,0,0,0,0,0,0,0,0,0,3,19,8,32,39,34,19,7,0,0,166,0,0,0,0,0,0,0,0,0,3,0,0,0,0,0,0,0,0,0,4,0,0,0,3,0,3,0,0,0,9,23,8,29,44,34,29,7,0,0,172,7,0,0,3,9,6,31,29,26,115,0,0,0,3,0,0,0,0,0,8,31,14,38,46,43,33,33,27,27,294,0,5,15,17,26,14,0,0,0,81,9,12,21,14,18,17,5,0,0,86,0,0,0,0,0,0,0,0,0,4,0,0,0,0,0,0,0,0,0,0,11,15,38,35,45,29,3,0,0,171,0,0,0,0,0,0,0,0,0,3,0,0,0,0,0,5,0,0,0,9,0,0,0,0,0,6,0,0,0,5
11103123320,core,0,10,30,16,14,3,3,0,0,93,13,9,7,5,3,3,0,0,0,30,0,0,0,0,0,0,0,0,0,3,0,0,0,0,0,0,0,0,0,3,12,19,38,20,18,12,6,0,0,134,0,0,0,4,0,0,0,0,0,4,0,0,0,0,0,0,0,0,0,3,0,0,0,4,0,0,0,0,0,11,14,19,41,24,23,12,6,0,0,141,8,0,4,0,0,7,12,5,0,42,0,0,0,3,0,0,0,0,0,5,30,19,45,29,21,23,16,8,0,188,0,7,15,11,14,5,0,0,0,58,5,6,12,5,11,3,4,0,0,54,0,0,0,0,0,0,4,0,0,11,0,0,0,0,0,0,0,0,0,0,4,11,31,19,27,12,10,0,0,116,0,0,5,0,0,0,0,0,0,0,0,0,0,4,0,0,0,0,0,3,0,0,0,4,0,0,0,0,0,8
11103123321,core,4,3,28,35,21,23,0,0,0,116,8,0,5,3,0,7,0,0,0,24,0,4,5,3,0,0,0,0,0,12,0,0,0,0,0,0,0,0,0,0,10,7,34,40,21,28,0,0,0,147,0,0,0,0,0,0,0,0,0,3,0,0,0,0,0,0,0,0,0,3,0,0,0,3,0,0,0,0,0,8,10,7,39,44,21,27,0,0,0,154,0,6,4,0,0,4,25,12,4,63,0,0,0,0,0,0,0,0,0,0,15,8,44,44,23,36,30,12,4,217,0,4,15,19,13,4,0,0,0,62,6,6,11,17,12,18,0,0,0,68,0,0,4,3,0,0,0,0,0,16,0,0,0,0,0,0,0,0,0,0,3,11,29,37,28,31,0,0,0,143,0,0,0,0,0,0,0,0,0,0,0,0,0,0,0,0,0,0,0,4,0,0,0,0,0,0,0,0,0,3
11103123322,core,4,4,28,17,14,11,6,0,0,84,7,3,5,0,7,3,3,0,0,21,0,0,0,0,0,0,0,0,0,4,0,0,0,0,0,0,0,0,0,0,12,9,32,23,24,10,5,0,0,110,0,0,0,0,0,0,0,0,0,4,0,0,0,0,0,0,0,0,0,3,0,0,0,0,0,0,0,0,0,3,12,15,29,21,24,9,5,0,0,117,4,0,0,4,3,7,12,13,3,46,3,0,0,4,4,0,0,0,0,13,17,12,36,30,29,23,15,11,8,180,0,9,19,10,10,0,3,0,0,48,8,8,7,8,6,9,5,0,0,56,0,0,0,0,0,0,0,0,0,8,0,0,0,0,0,0,0,0,0,0,8,17,27,23,18,11,7,0,0,113,0,0,0,0,0,0,0,0,0,3,0,0,0,0,0,0,0,0,0,0,0,0,0,0,0,0,0,0,0,5
11103123323,core,0,3,14,16,11,4,0,0,0,53,0,0,6,0,4,0,0,0,0,19,0,0,0,0,0,0,0,0,0,9,0,0,0,0,0,0,0,0,0,0,0,5,21,16,18,7,5,0,0,81,0,0,0,0,0,0,0,0,0,3,0,0,0,0,0,0,0,0,0,0,0,0,0,0,0,0,0,0,0,3,4,5,25,16,18,8,5,0,0,82,9,4,9,3,0,11,15,9,0,59,0,0,0,0,0,0,0,0,0,4,13,8,27,22,20,18,22,8,0,148,0,0,12,5,6,6,0,0,0,31,6,4,12,13,10,8,0,0,0,60,0,0,5,0,0,0,0,0,0,7,0,0,0,0,0,0,0,0,0,0,11,7,28,14,20,10,0,0,0,95,0,0,0,0,0,0,0,0,0,5,0,0,0,0,0,0,0,0,0,6,0,0,0,6,0,0,0,0,0,6
11103123324,core,0,4,22,15,22,13,0,0,0,76,0,9,0,0,4,3,0,0,0,24,0,0,0,0,0,0,0,0,0,4,0,0,0,0,0,0,0,0,0,0,3,8,27,21,22,22,3,0,0,108,0,0,0,0,0,0,0,0,0,6,0,0,4,0,0,0,0,0,0,3,4,0,0,0,0,0,0,0,0,8,7,14,32,25,22,22,3,0,0,113,8,0,0,4,3,9,11,12,3,51,0,0,0,0,0,0,0,0,0,0,10,14,34,24,29,25,15,14,3,165,5,0,14,12,14,8,0,0,0,51,3,0,14,12,8,13,6,0,0,55,0,0,0,4,0,4,0,0,0,11,0,0,0,0,0,0,0,0,0,5,4,3,24,30,23,26,6,0,0,115,0,0,0,0,0,0,0,0,0,4,0,0,0,0,0,0,0,0,0,0,0,0,0,0,0,0,0,0,0,3
11103123325,core,0,6,26,25,16,13,0,3,0,86,6,6,4,0,0,0,3,0,0,30,0,0,0,0,0,0,0,0,0,3,0,0,0,0,0,0,0,0,0,0,5,16,30,23,22,14,10,3,0,122,0,0,3,0,3,0,0,0,0,7,0,0,0,0,0,0,0,0,0,0,0,0,3,0,3,0,0,0,0,9,5,16,30,28,23,14,10,3,0,125,0,3,3,0,3,5,25,11,4,58,0,0,6,0,0,0,0,0,0,0,9,17,40,29,25,20,30,16,4,187,0,3,7,12,15,7,0,0,0,45,3,6,13,19,13,7,10,0,0,72,0,0,0,3,0,5,0,0,0,14,0,0,0,0,0,0,0,0,0,0,9,10,23,35,27,18,10,0,0,130,0,0,0,5,0,0,0,0,0,5,0,0,0,0,0,0,0,0,0,0,0,0,0,5,0,0,0,0,0,5
11103123326,core,0,0,12,16,9,3,0,0,0,42,8,0,0,3,3,4,0,0,0,28,0,0,0,0,0,0,0,0,0,0,0,0,0,0,0,0,0,0,0,0,8,0,18,14,15,9,6,0,0,73,0,0,0,0,0,0,0,0,0,0,0,0,0,0,0,0,0,0,0,0,0,0,0,0,0,0,0,0,0,0,8,0,18,14,15,12,6,0,0,75,5,0,0,0,0,5,6,7,0,20,0,0,0,0,0,0,0,0,0,0,7,0,18,14,15,17,10,11,0,99,0,0,7,10,7,4,0,0,0,35,3,0,6,9,0,3,0,0,0,23,0,0,6,6,0,0,0,0,0,7,0,0,0,0,0,0,0,0,0,0,7,3,14,18,13,10,6,0,0,58,0,0,0,0,0,0,0,0,0,0,0,0,0,0,0,0,0,0,0,0,0,0,0,0,0,0,0,0,0,0
11103123327,core,0,6,27,31,18,9,3,0,0,102,6,5,5,0,4,3,0,0,0,25,0,0,0,5,0,3,0,0,0,4,0,0,0,0,0,0,0,0,0,0,13,19,36,35,25,14,5,0,0,137,0,0,0,0,0,0,0,0,0,0,0,0,0,0,0,0,0,0,0,0,4,0,0,0,0,0,0,0,0,4,14,19,36,35,25,14,5,0,0,142,3,0,0,0,3,0,23,28,0,72,0,0,0,0,0,0,0,3,0,6,19,18,36,32,31,21,30,36,4,218,0,0,13,21,14,3,0,0,0,63,9,7,10,23,15,11,0,0,0,76,4,0,6,0,0,0,0,0,0,9,0,0,0,0,0,0,0,0,0,0,11,15,32,46,35,14,0,0,0,154,0,0,0,0,0,0,0,0,0,0,0,0,0,0,0,0,0,0,0,0,0,0,0,0,0,0,0,0,0,0
11103123328,core,0,3,10,16,28,9,3,0,0,69,4,0,5,5,8,8,3,0,0,25,0,0,0,3,0,0,0,0,0,9,0,0,0,0,0,0,0,0,0,0,4,4,15,25,30,15,10,0,0,105,0,3,0,0,0,0,0,0,0,5,8,0,0,0,0,0,0,0,0,7,8,5,0,0,0,0,0,0,0,13,8,12,17,21,30,17,10,0,0,115,5,4,4,3,0,7,26,14,0,67,0,0,0,0,0,0,0,0,0,3,15,13,19,27,33,19,35,14,0,192,0,0,7,8,7,4,0,0,0,34,12,9,11,17,12,9,4,0,0,69,0,0,0,5,3,0,0,0,0,13,0,0,0,0,0,0,0,0,0,0,15,8,12,29,27,16,6,0,0,113,0,3,0,0,0,0,0,0,0,5,0,0,0,0,0,0,0,0,0,0,0,3,0,0,0,0,0,0,0,4
11103123329,core,0,3,4,17,27,22,4,0,0,88,10,4,0,4,0,8,0,0,0,27,0,0,0,0,0,0,0,0,0,0,0,0,0,0,0,0,0,0,0,0,10,15,8,21,23,26,6,0,0,115,0,0,0,0,0,0,0,0,0,0,0,4,0,0,0,0,0,0,0,4,0,4,0,0,0,0,0,0,0,4,10,16,8,21,23,26,6,0,0,113,5,5,0,3,0,8,19,12,5,57,0,0,0,0,0,0,3,0,0,3,15,20,11,25,23,40,25,12,5,174,0,4,0,11,20,4,0,0,0,43,11,5,5,9,15,18,3,0,0,65,0,0,0,0,0,0,0,0,0,7,0,0,0,0,0,0,0,0,0,0,11,4,9,20,29,28,4,0,0,107,0,0,0,0,0,0,0,0,0,3,0,0,0,0,0,0,0,0,0,3,0,0,0,0,0,0,0,0,0,3
11103123330,core,0,6,9,10,20,27,0,0,0,81,0,11,4,0,0,5,5,0,0,27,3,0,0,0,0,0,0,0,0,8,0,0,0,0,0,0,0,0,0,0,7,18,19,13,25,31,10,0,0,120,0,0,0,0,0,0,0,0,0,0,0,0,0,0,0,0,0,0,0,0,0,3,0,0,0,0,0,0,0,8,6,21,18,13,25,31,10,0,0,121,7,4,0,0,4,11,10,4,0,39,0,0,0,0,0,0,0,0,0,0,10,25,18,13,30,45,18,4,0,165,0,5,12,7,16,16,0,0,0,49,11,8,6,6,16,14,3,0,0,54,0,0,0,0,5,0,0,0,0,3,0,0,0,0,0,0,0,0,0,0,8,9,19,13,29,28,3,0,0,115,0,0,0,0,0,0,0,0,0,0,0,0,0,0,0,0,0,0,0,0,0,0,0,0,0,0,0,0,0,0
11103123331,core,4,8,22,19,15,10,6,0,0,70,5,11,11,6,0,0,0,0,0,29,0,0,0,0,0,0,0,0,0,5,0,0,0,0,0,0,0,0,0,3,6,12,32,26,14,10,6,0,0,109,0,0,0,0,3,3,0,0,0,8,0,0,0,0,0,0,0,0,0,0,0,0,0,0,4,3,0,0,0,7,4,12,32,29,19,8,6,0,0,114,10,0,0,0,4,4,24,16,9,62,0,0,0,0,3,0,0,0,0,12,13,12,36,36,24,11,34,14,9,191,5,0,10,23,10,0,4,0,0,58,8,9,8,10,10,3,4,0,0,52,0,0,0,3,0,0,0,0,0,8,0,0,0,0,0,0,0,0,0,0,10,14,22,36,21,8,3,0,0,113,0,0,0,0,0,0,0,0,0,0,0,0,0,0,0,0,0,0,0,5,0,0,4,0,0,0,0,0,0,8
11103123332,core,0,3,17,19,11,7,0,0,0,56,7,6,0,7,0,6,3,0,0,29,0,0,0,3,0,0,0,0,0,7,0,0,0,0,0,0,0,0,0,0,3,8,24,24,12,12,5,0,0,98,0,0,0,4,0,0,0,0,0,5,0,0,4,0,0,0,0,0,0,6,0,0,4,4,5,0,0,0,0,10,10,8,20,33,15,12,5,0,0,107,3,0,4,0,6,7,21,5,0,45,4,0,0,0,0,0,0,0,0,7,12,14,22,33,19,22,19,5,0,152,0,8,14,4,8,4,0,0,0,40,3,4,8,15,9,10,0,0,0,39,0,0,3,0,0,3,0,0,0,10,0,0,0,0,0,0,0,0,0,4,4,10,31,20,18,19,0,0,0,91,0,0,0,0,0,0,0,0,0,0,0,0,0,0,0,0,0,0,0,4,0,0,0,0,0,0,0,0,0,3
11103123333,core,0,5,17,20,10,10,3,0,0,71,9,0,0,4,0,0,4,0,0,22,0,0,0,0,0,0,0,0,0,0,0,0,0,0,0,0,0,0,0,0,4,11,21,23,14,13,5,0,0,91,0,4,0,0,0,0,0,0,0,3,0,0,0,0,0,0,0,0,0,5,0,4,0,0,0,0,0,0,0,10,6,14,21,25,15,13,5,0,0,100,0,5,0,5,5,11,17,16,3,46,0,0,0,0,3,0,0,0,0,5,6,18,21,34,21,15,23,16,3,153,0,0,13,8,4,8,0,0,0,40,6,10,3,15,7,4,3,0,0,40,0,0,0,0,0,0,0,0,0,4,0,0,0,0,0,0,0,0,0,0,6,4,22,26,13,13,7,0,0,87,0,0,0,0,0,0,0,0,0,0,0,0,0,0,0,0,0,0,0,0,0,0,0,0,0,0,0,0,0,0
11103123334,core,0,5,29,17,18,12,0,0,0,80,0,4,3,5,3,4,0,0,0,27,0,0,0,3,0,8,0,0,0,7,0,0,0,0,0,0,0,0,0,8,0,13,35,24,26,16,0,0,0,116,0,3,0,0,0,0,0,0,0,4,4,0,0,0,0,0,0,0,0,4,4,3,0,0,0,0,0,0,0,7,3,12,38,25,26,17,0,0,0,129,5,0,0,4,5,12,11,21,6,64,0,0,0,0,5,4,0,0,0,12,7,13,40,32,39,33,12,22,6,201,0,11,21,14,12,11,6,0,0,68,6,11,7,18,7,6,0,0,0,58,0,0,5,0,0,0,0,0,0,10,0,0,0,0,0,0,0,0,0,0,6,19,39,30,19,13,6,0,0,135,0,0,0,0,0,0,0,0,0,0,3,0,0,0,0,0,0,0,0,7,3,0,0,0,0,0,0,0,0,7
11103123335,core,0,8,22,19,11,5,0,0,0,67,0,3,14,7,5,6,0,0,0,34,0,0,0,0,0,0,0,0,0,4,0,3,0,0,0,0,0,0,0,3,5,16,35,23,20,12,3,0,0,107,0,0,5,0,0,0,0,0,0,10,0,0,5,0,0,0,0,0,0,9,0,3,11,0,0,0,0,0,0,13,5,21,42,26,21,11,3,0,0,125,10,3,8,6,9,16,15,11,4,76,0,4,0,0,0,4,3,13,26,62,14,22,54,32,33,35,21,23,32,264,0,3,20,7,10,9,0,0,0,52,3,4,12,11,11,4,0,0,0,54,0,0,0,3,0,0,0,0,0,9,0,0,0,0,0,0,0,0,0,0,9,10,32,25,22,10,4,0,0,107,0,0,0,0,0,0,0,0,0,0,0,0,0,0,0,0,0,0,0,0,0,0,0,0,0,0,0,0,0,3
11103123336,core,0,12,26,24,14,9,0,0,0,78,0,13,3,7,6,6,0,0,0,42,0,0,0,0,0,0,0,0,0,6,0,0,0,0,0,0,0,0,0,5,0,25,34,30,17,15,0,0,0,130,0,0,4,0,0,4,0,0,0,8,0,0,0,0,0,0,0,0,0,0,0,0,4,0,0,4,0,0,0,6,3,23,38,30,16,19,0,0,0,137,5,3,3,0,0,11,22,20,0,74,3,0,0,0,0,0,0,6,0,9,14,30,43,34,23,28,25,24,5,222,0,5,15,11,9,4,0,0,0,52,4,12,16,12,10,14,4,0,0,63,0,4,0,0,0,3,0,0,0,9,0,0,0,0,0,0,0,0,0,0,4,28,33,24,18,18,3,0,0,126,0,0,0,0,0,0,0,0,0,0,5,0,0,0,0,0,0,0,0,3,6,0,0,0,0,0,0,0,0,9
11103123337,core,0,7,30,28,14,17,0,0,0,100,0,8,10,4,3,4,4,0,0,36,0,0,0,0,0,0,0,0,0,7,0,0,3,0,0,0,0,0,0,3,4,16,40,36,18,17,9,0,0,144,0,0,0,3,0,0,0,0,0,6,5,0,0,0,0,0,0,0,0,4,4,0,0,3,0,0,0,0,0,10,8,16,47,38,18,21,9,0,0,151,5,4,0,4,5,7,29,13,7,67,0,0,5,0,0,4,0,0,0,10,14,19,52,37,28,29,36,13,7,233,0,7,24,17,14,4,0,0,0,65,10,14,10,17,10,15,5,0,0,77,0,5,4,3,0,0,0,0,0,9,0,0,0,0,0,0,0,0,0,0,9,22,39,37,25,24,6,0,0,160,0,0,0,0,0,0,0,0,0,3,0,0,0,0,0,0,0,0,0,0,0,5,0,0,3,0,0,0,0,4
11103123338,core,0,6,8,14,19,23,7,0,0,73,6,4,3,3,3,0,0,0,0,31,0,0,0,0,0,0,0,0,0,4,0,0,0,0,0,0,0,0,0,5,3,13,14,19,23,28,9,0,0,111,0,0,0,0,0,0,0,0,0,4,0,0,0,0,0,0,0,0,0,0,0,0,0,0,0,0,0,0,0,4,3,13,20,19,24,33,9,0,0,117,6,4,0,0,0,10,13,13,3,48,0,0,0,0,0,0,0,0,0,5,8,17,16,22,28,43,24,13,3,170,3,7,10,9,20,8,0,0,0,50,4,12,7,13,7,14,3,0,0,66,0,4,0,0,0,0,0,0,0,5,0,0,0,0,0,0,0,0,0,0,11,18,17,16,28,27,3,0,0,120,0,0,0,0,0,4,0,0,0,4,0,0,0,0,0,0,0,0,0,0,0,0,0,0,0,4,0,0,0,0
11103123339,core,0,7,21,16,3,6,0,0,0,58,5,3,9,5,0,3,0,0,0,23,0,0,0,0,0,0,0,0,0,7,0,0,0,0,0,0,0,0,0,0,5,12,36,21,3,11,6,0,0,89,0,0,0,0,0,0,0,0,0,8,0,0,0,0,4,0,0,0,0,0,0,5,0,0,4,0,0,0,0,12,5,13,41,25,4,11,6,0,0,102,3,4,4,4,8,7,13,6,0,51,0,0,0,4,0,0,0,0,0,5,8,21,43,31,18,18,18,5,0,159,0,10,14,9,6,0,0,0,0,44,9,11,15,14,7,0,0,0,0,54,0,3,5,0,0,0,0,0,0,10,0,0,0,0,0,0,0,0,0,0,9,23,27,21,21,4,0,0,0,106,0,0,5,0,4,0,0,0,0,8,0,0,4,0,0,0,0,0,0,4,0,0,5,0,4,0,0,0,0,10
11103123340,core,0,3,14,15,15,9,0,0,0,58,3,0,0,0,4,0,6,0,0,16,0,0,0,5,0,0,0,0,0,3,0,0,0,0,0,0,0,0,0,0,3,4,14,15,17,15,7,0,0,73,0,0,0,0,0,0,0,0,0,0,0,0,0,0,0,0,0,0,0,0,0,0,0,0,0,0,0,0,0,0,3,4,18,17,17,15,7,0,0,77,4,0,0,3,0,3,8,11,0,29,0,0,0,4,0,0,0,0,0,7,5,9,18,24,17,16,12,11,0,106,0,4,8,4,10,0,0,0,0,29,8,4,5,15,7,7,5,0,0,51,0,0,0,4,0,0,0,0,0,8,0,0,0,0,0,0,0,0,0,0,9,9,13,23,17,8,8,0,0,83,0,0,0,0,0,0,0,0,0,0,0,0,0,0,0,0,0,0,0,0,0,0,0,0,0,0,0,0,0,4
11103123341,core,4,10,24,18,20,21,0,0,0,101,3,8,13,8,6,6,5,0,0,45,0,0,4,0,3,0,0,0,0,5,0,0,0,0,0,0,0,0,0,0,12,18,44,20,27,28,4,0,0,152,0,0,0,0,0,0,0,0,0,4,0,0,0,0,0,0,0,0,0,0,5,0,0,0,0,0,0,0,0,4,15,18,40,24,31,28,4,0,0,158,9,3,5,6,5,13,24,9,6,74,0,0,0,0,0,0,0,0,0,9,22,21,45,30,41,41,31,13,6,239,5,16,22,14,20,5,0,0,0,77,5,9,10,7,15,8,7,0,0,62,0,0,4,0,0,0,0,0,0,9,0,0,0,0,0,0,0,0,0,0,7,22,31,22,41,19,3,0,0,148,0,0,0,0,0,0,0,0,0,3,4,0,0,0,0,0,0,0,0,3,4,0,0,0,0,0,0,0,0,5
11103123342,core,0,4,26,24,19,9,4,0,0,89,5,11,6,0,3,3,0,0,0,34,0,0,0,0,0,3,0,0,0,8,0,4,0,0,0,0,0,0,0,3,7,17,31,27,23,18,5,0,0,133,0,0,4,0,0,0,0,0,0,4,0,0,0,0,0,0,0,0,0,4,0,0,6,0,0,0,0,0,0,7,4,21,38,27,23,18,9,0,0,149,8,3,0,4,4,9,21,17,0,68,0,0,0,0,4,0,4,0,0,9,17,24,38,35,30,22,34,24,0,222,0,4,16,8,7,9,0,0,0,53,6,5,16,15,10,5,3,0,0,66,0,3,4,0,0,3,0,0,0,12,0,0,0,0,0,0,0,0,0,0,6,16,34,27,22,17,7,0,0,128,0,0,0,0,0,0,0,0,0,3,0,0,0,0,0,0,0,0,0,3,3,0,0,0,0,0,0,0,0,7
11103123343,core,0,3,29,32,13,9,0,0,0,88,0,0,6,0,0,3,0,0,0,18,0,0,0,0,0,0,0,0,0,4,0,0,0,0,0,0,0,0,0,0,6,8,39,33,12,14,4,0,0,112,0,0,3,0,0,0,0,0,0,9,0,0,0,0,0,0,0,0,0,0,0,0,3,0,0,0,0,0,0,9,6,8,41,33,14,14,4,0,0,117,13,0,5,10,3,11,23,13,8,80,0,0,3,0,0,0,0,0,0,10,19,8,43,40,17,27,28,14,8,204,0,9,23,10,14,9,3,0,0,55,3,4,14,17,6,8,5,3,0,54,0,0,5,0,0,0,0,0,0,5,0,0,0,0,0,0,0,0,0,0,4,13,46,22,20,13,5,3,0,125,0,0,0,0,0,0,0,0,0,4,0,0,0,0,0,0,0,0,0,4,0,0,0,0,0,0,0,0,0,6
11103123344,core,0,5,12,10,19,11,6,0,0,68,7,3,6,0,3,7,3,0,0,32,0,0,0,0,0,0,0,0,0,0,0,0,0,0,0,0,0,0,0,0,5,11,16,19,26,25,12,0,0,104,0,0,0,0,0,0,0,0,0,6,4,0,0,0,0,0,0,0,0,4,5,0,0,0,0,0,0,0,0,8,11,9,18,18,25,23,7,0,0,110,5,5,6,4,3,4,18,14,24,84,0,0,0,0,0,0,4,4,0,9,12,19,22,19,31,28,24,19,24,201,6,6,7,7,12,9,0,0,0,46,9,5,5,11,6,12,0,0,0,50,0,0,4,0,5,0,0,0,0,7,0,0,0,0,0,0,0,0,0,0,10,11,15,18,22,27,0,0,0,100,0,0,0,0,4,4,0,0,0,4,0,0,0,0,0,0,0,0,0,6,0,6,0,4,3,4,0,0,0,8
11103123401,core,0,0,15,21,23,9,0,0,0,66,0,8,7,0,5,6,0,0,0,26,0,0,0,0,0,0,0,0,0,8,0,0,0,0,0,0,0,0,0,0,0,11,23,23,26,14,0,0,0,96,0,0,0,0,0,0,0,0,0,0,0,0,0,0,0,0,0,0,0,3,0,0,0,0,0,0,0,0,0,6,5,11,23,23,29,12,0,0,0,105,0,0,4,0,0,3,12,4,3,28,0,0,0,0,3,0,0,0,0,5,6,7,26,29,31,18,13,4,3,136,0,8,15,17,11,5,0,0,0,58,4,3,9,5,9,3,0,0,0,37,0,0,0,5,0,0,0,0,0,10,0,0,4,0,0,6,0,0,0,5,4,12,27,30,24,9,0,0,0,107,0,0,0,0,0,0,0,0,0,0,0,0,0,0,0,0,0,0,0,0,0,0,0,0,0,0,0,0,0,4
11103123402,core,5,16,49,24,17,19,3,0,0,125,5,12,8,3,4,3,0,0,0,36,0,0,3,0,0,0,0,0,0,5,0,0,6,0,0,0,0,0,0,10,7,26,59,32,24,24,0,0,0,173,0,0,4,0,0,0,0,0,0,9,3,0,0,0,0,0,0,0,0,6,3,4,4,0,0,0,0,0,0,8,9,30,59,30,21,23,0,0,0,176,7,0,0,8,6,6,23,8,5,76,0,0,4,3,0,0,0,0,0,8,14,31,66,44,35,31,22,8,7,264,0,10,25,14,15,0,0,0,0,74,4,11,25,12,9,7,8,0,0,81,0,0,11,0,0,4,0,0,0,15,0,0,0,0,0,0,0,0,0,5,8,26,60,32,24,14,8,0,0,169,0,0,0,0,0,0,0,0,0,0,4,0,0,0,0,0,0,0,0,4,3,0,0,0,0,0,0,0,0,4
11103123403,core,3,11,27,24,19,11,0,0,0,91,7,24,3,7,6,0,4,0,0,57,0,0,3,5,0,0,0,0,0,5,0,0,0,0,0,0,0,0,0,3,11,35,32,28,26,11,4,3,0,154,0,3,0,0,0,0,0,0,0,3,0,0,0,0,0,0,0,0,0,3,0,0,5,0,0,0,0,0,0,12,11,36,38,28,26,12,4,3,0,161,10,0,4,0,5,4,12,8,0,52,0,0,6,0,3,0,0,0,0,11,23,38,48,30,33,22,19,15,0,226,0,7,12,12,13,6,0,0,0,58,8,20,20,11,10,8,4,0,0,87,0,0,5,0,0,0,0,0,0,12,0,0,0,0,0,0,0,0,0,0,14,31,31,33,28,16,5,0,0,155,0,0,0,0,0,0,0,0,0,0,4,4,0,0,0,0,0,0,0,9,4,10,0,0,0,0,0,0,0,13
11103123404,core,4,9,29,19,8,6,0,0,0,68,7,11,17,6,0,0,0,0,0,39,0,0,0,0,0,0,0,0,0,0,0,0,0,0,0,0,0,0,0,0,6,23,46,27,9,3,3,0,0,110,0,0,4,0,0,0,0,0,0,7,0,0,0,0,0,0,0,0,0,0,0,0,5,0,0,0,0,0,0,6,6,22,49,27,12,7,3,0,0,119,3,3,7,3,0,3,0,8,4,32,0,0,3,0,0,0,0,0,0,6,9,28,58,28,10,11,9,8,4,163,0,11,18,8,8,9,0,0,0,52,3,13,24,7,5,5,0,0,0,61,0,0,3,0,0,0,0,0,0,5,0,0,0,0,0,0,0,0,0,0,6,19,44,16,15,9,4,0,0,113,0,0,0,0,0,0,0,0,0,3,0,5,3,0,0,0,0,0,0,7,0,5,0,0,0,0,0,0,0,10
11103123405,core,0,9,14,18,9,4,3,0,0,59,0,3,0,4,0,4,0,0,0,18,0,0,0,0,3,0,0,0,0,3,0,0,0,0,0,0,0,0,0,0,0,16,22,22,12,10,3,0,0,82,0,0,0,0,0,0,0,0,0,7,6,0,0,4,0,0,0,0,0,3,6,0,0,4,0,0,0,0,0,9,4,15,22,25,12,10,3,0,0,88,4,0,3,0,3,9,11,6,0,43,0,0,0,0,0,0,0,0,0,8,11,14,23,25,18,19,12,12,0,136,0,3,3,16,7,7,0,0,0,42,9,5,5,10,4,3,0,0,0,44,0,0,0,0,0,0,0,0,0,6,0,0,0,0,0,0,0,0,0,0,9,14,13,20,12,15,0,0,0,82,0,0,0,0,0,0,0,0,0,4,0,0,0,0,0,0,0,0,0,4,0,0,0,0,0,0,0,0,0,6
11103123406,core,0,7,29,29,23,13,0,0,0,108,4,8,12,6,4,0,4,0,0,38,0,3,0,0,0,0,0,0,0,5,0,0,0,0,0,0,0,0,0,0,4,17,41,27,33,19,9,0,0,150,0,0,0,0,0,0,0,0,0,3,0,3,0,0,0,0,0,0,0,6,0,3,0,0,0,0,0,0,0,6,4,17,42,25,33,18,9,0,0,156,3,0,7,5,4,14,15,15,0,59,0,6,8,0,0,0,6,0,0,21,8,24,56,39,33,32,28,15,0,238,0,5,28,18,15,9,0,0,0,75,5,3,9,20,11,14,5,0,0,69,3,0,0,0,0,3,0,0,0,10,0,0,0,0,0,0,0,0,0,3,10,10,42,37,26,30,6,0,0,149,0,3,0,0,0,0,0,0,0,5,0,0,0,0,0,0,0,0,0,4,0,3,3,0,0,3,0,0,0,10
11103123407,core,0,11,32,24,24,17,6,0,0,108,10,17,11,4,5,3,0,0,0,47,0,3,0,0,0,0,0,0,0,11,0,0,0,0,0,0,0,0,0,4,7,30,45,27,32,19,6,0,0,165,0,5,0,0,0,0,0,0,0,6,0,0,0,0,0,0,0,0,0,3,0,5,0,0,0,0,0,0,0,8,12,36,46,25,38,19,6,0,0,174,10,0,0,7,7,7,30,32,22,119,0,0,0,0,0,0,0,0,0,4,21,35,48,33,44,30,35,28,22,299,0,11,24,7,20,9,0,0,0,72,9,19,12,19,15,7,0,0,0,76,0,0,0,0,0,0,0,0,0,6,0,0,0,0,0,0,0,0,0,0,7,27,38,26,36,17,0,0,0,160,0,0,0,0,0,0,0,0,0,0,0,0,0,0,0,0,0,0,0,4,0,0,0,4,3,0,0,0,0,4
11103123408,core,3,0,24,12,16,7,0,0,0,69,8,3,0,7,3,9,0,0,0,31,0,0,0,0,0,0,0,0,0,5,0,0,0,0,0,0,0,0,0,0,13,11,28,19,21,13,6,0,0,104,0,0,0,0,0,0,0,0,0,0,0,0,0,0,0,0,0,0,0,3,0,0,0,0,0,0,0,0,0,4,11,9,28,19,19,15,6,0,0,109,6,3,0,4,4,9,8,9,5,41,0,0,0,0,0,0,0,0,0,0,17,11,28,21,26,20,12,9,5,146,0,0,14,9,10,9,0,0,0,37,6,13,5,14,10,8,3,0,0,54,0,0,0,0,0,0,0,0,0,4,0,0,0,3,0,0,0,0,0,3,6,9,21,24,19,17,3,0,0,91,0,0,0,0,0,0,0,0,0,0,0,3,0,0,0,0,0,0,0,4,4,0,0,0,0,0,0,0,0,4
11103123409,core,0,16,18,10,9,6,0,0,0,62,4,17,18,9,3,0,0,0,0,61,0,0,4,0,4,0,0,0,0,7,0,0,0,0,0,0,0,0,0,0,6,30,45,18,12,12,6,0,0,132,0,3,0,0,0,0,0,0,0,3,0,3,0,0,0,0,0,0,0,6,0,4,0,0,0,0,0,0,0,7,6,38,46,19,12,11,6,0,0,138,0,9,7,3,4,10,12,8,3,62,0,0,0,0,0,0,0,0,0,3,10,53,48,20,18,20,24,8,0,204,0,5,13,9,7,4,0,0,0,42,5,15,14,7,4,13,0,0,0,52,0,0,0,0,0,0,0,0,0,6,0,0,0,0,0,3,0,0,0,4,4,22,25,16,13,14,3,0,0,109,0,0,0,0,0,0,0,0,0,0,0,0,0,0,0,0,0,0,0,0,0,0,0,0,0,0,0,0,0,3
11103123410,core,0,0,19,12,11,10,0,0,0,58,0,9,6,0,0,0,3,0,0,23,0,0,0,0,0,0,0,0,0,0,0,0,0,0,0,0,0,0,0,0,0,10,26,15,10,6,3,0,0,81,0,0,0,0,0,4,0,0,0,4,0,0,0,0,0,0,0,0,0,4,0,0,0,0,0,4,0,0,0,5,5,11,30,15,10,9,3,0,0,92,4,0,0,6,3,8,14,12,25,70,3,0,3,6,0,0,12,13,34,72,8,12,37,24,19,18,32,30,58,231,0,10,9,8,17,0,0,0,0,44,4,7,16,3,6,9,3,0,0,43,0,0,0,0,0,0,0,0,0,6,0,0,0,0,0,0,0,0,0,0,3,16,28,9,20,13,8,0,0,93,0,0,0,0,0,0,0,0,0,0,0,0,0,0,0,0,0,0,0,4,0,0,0,0,0,0,0,0,0,4
11103123411,core,0,0,21,13,4,11,0,0,0,48,3,9,8,4,0,0,0,0,0,22,0,0,0,0,0,0,0,0,0,8,0,0,0,0,0,0,0,0,0,0,0,11,27,19,5,11,0,0,0,75,0,0,0,0,0,0,0,0,0,0,0,3,0,0,0,0,0,0,0,3,0,7,0,0,0,0,0,0,0,7,0,16,27,19,5,11,0,0,0,77,4,0,5,0,0,8,9,9,3,45,0,3,0,0,0,0,0,0,0,7,5,24,33,13,10,14,9,9,3,129,0,3,21,0,7,9,0,0,0,41,3,12,5,4,6,4,0,3,0,40,0,0,0,0,0,0,0,0,0,3,0,0,0,0,0,0,0,0,0,0,6,19,32,8,14,8,0,3,0,84,0,0,0,0,0,0,0,0,0,0,0,0,0,0,0,0,0,0,0,0,0,4,0,0,0,0,0,0,0,3
11103123412,core,0,5,33,15,9,3,0,0,0,67,8,24,11,7,0,0,0,0,0,47,0,0,4,0,0,0,0,0,0,11,0,8,0,0,0,0,0,0,0,8,8,33,51,26,15,4,4,0,0,136,0,0,4,0,0,0,0,0,0,9,4,0,0,0,0,0,0,0,0,8,4,4,0,0,0,0,0,0,0,13,13,37,54,24,11,4,4,0,0,144,18,17,11,4,0,6,0,12,6,74,0,4,11,3,3,0,0,5,0,23,30,59,71,30,16,9,8,11,6,242,0,4,20,3,3,0,0,0,0,35,8,11,18,4,0,3,4,0,0,52,0,3,0,0,0,0,0,0,0,8,0,0,0,0,0,0,0,0,0,6,8,14,45,9,9,9,3,0,0,100,0,0,4,0,0,0,0,0,0,4,6,4,0,0,0,0,0,0,0,5,6,4,3,0,0,0,0,0,0,11
11103123413,core,0,9,35,10,21,8,0,0,0,85,9,9,10,9,3,5,0,0,0,43,4,4,3,0,0,0,0,0,0,10,0,0,0,0,0,0,0,0,0,3,7,20,56,23,26,13,3,0,0,144,0,0,0,0,5,0,0,0,0,6,0,0,0,0,0,0,0,0,0,0,0,0,0,0,5,0,0,0,0,6,7,20,54,23,30,13,3,0,0,147,11,8,8,3,6,16,8,7,0,63,0,4,4,0,0,0,0,0,0,12,21,30,61,30,35,26,11,7,0,222,0,8,18,4,8,3,6,0,0,44,9,11,19,15,8,5,3,0,0,68,0,0,0,3,0,0,0,0,0,3,0,0,0,0,0,0,0,0,0,3,10,27,38,24,18,11,9,0,0,128,0,0,0,0,0,0,0,0,0,4,0,0,0,0,0,0,0,0,0,4,0,0,0,0,0,0,0,0,0,4
11103123414,core,0,15,30,28,16,16,0,0,0,103,3,9,9,10,3,3,0,0,0,39,0,0,5,0,0,0,0,0,0,10,0,0,0,0,0,0,0,0,0,0,3,23,42,41,15,25,0,0,0,148,0,3,0,3,4,0,0,0,0,11,0,0,0,0,3,0,0,0,0,8,0,3,5,0,8,0,0,0,0,19,5,25,41,43,20,26,0,0,0,163,0,3,3,0,9,4,12,14,6,52,0,0,0,0,0,0,0,0,0,5,6,28,49,43,28,29,17,16,6,221,0,12,27,14,15,11,3,0,0,76,0,13,21,12,12,9,0,3,0,70,0,7,6,4,0,0,0,0,0,16,0,0,0,0,0,0,0,0,0,0,3,24,53,24,26,24,6,3,0,164,0,0,0,0,0,0,0,0,0,0,0,0,0,0,0,0,0,0,0,3,0,0,0,0,0,0,0,0,0,3
11103123415,core,0,0,24,23,18,11,0,0,0,76,3,3,3,0,4,0,0,0,0,24,0,0,5,0,0,0,0,0,0,5,0,0,0,0,0,0,0,0,0,0,8,3,36,24,20,17,0,0,0,103,0,0,0,0,0,0,0,0,0,0,0,0,0,0,0,0,0,0,0,3,0,0,0,0,0,0,0,0,0,3,7,3,36,28,20,17,0,0,0,105,4,0,0,0,3,4,11,7,0,38,0,0,0,0,0,4,0,0,0,10,7,3,38,28,27,23,9,7,0,150,0,0,17,8,15,14,0,0,0,58,4,6,21,20,12,8,0,0,0,55,0,0,3,0,0,0,0,0,0,10,0,0,0,0,0,0,0,0,0,0,3,12,36,31,24,14,0,0,0,123,0,0,0,0,0,0,0,0,0,0,0,0,0,0,0,0,0,0,0,7,0,0,0,4,0,0,0,0,0,4
11103123416,core,0,7,43,32,27,9,0,0,0,128,3,11,7,9,5,3,0,0,0,46,0,0,4,0,0,0,0,0,0,3,0,0,0,0,0,0,0,0,0,3,0,19,59,45,32,11,3,0,0,176,0,0,0,0,3,0,0,0,0,5,0,0,0,0,0,0,0,0,0,0,0,0,0,0,3,0,0,0,0,9,0,24,59,45,34,16,3,0,0,181,7,0,4,0,0,15,14,24,8,71,0,0,9,0,0,3,5,0,0,20,9,24,67,45,36,30,22,25,5,267,0,14,25,14,15,14,0,0,0,85,3,13,18,20,11,16,0,0,0,86,0,0,7,6,0,3,0,0,0,12,0,0,0,0,0,0,0,0,0,3,8,26,52,40,29,28,4,0,0,183,0,0,0,0,0,0,0,0,0,0,0,0,0,0,0,0,0,0,0,0,0,0,0,0,0,0,0,0,0,4
11103123417,core,0,11,14,23,17,19,0,0,0,84,10,10,4,3,3,4,0,0,0,33,0,5,0,0,0,0,0,0,0,5,0,0,0,0,0,0,0,0,0,0,10,16,23,29,22,22,3,0,0,128,0,0,4,0,0,0,0,0,0,4,0,0,0,0,0,0,0,0,0,5,0,0,4,0,0,0,0,0,0,9,10,23,23,29,22,22,3,0,0,135,4,4,0,3,4,12,14,5,0,43,0,3,0,0,0,0,0,0,0,3,13,27,28,31,28,37,13,4,0,183,0,8,10,10,19,8,0,0,0,55,5,8,18,21,12,7,3,0,0,65,0,0,0,0,0,3,0,0,0,10,0,0,0,0,0,0,0,0,0,0,6,17,26,23,31,22,3,0,0,132,0,0,0,0,0,0,0,0,0,0,0,0,0,0,0,0,0,0,0,4,0,0,0,0,0,0,0,0,0,6
11103123418,core,0,4,22,18,13,8,0,0,0,72,5,6,6,4,6,7,4,0,0,30,0,0,0,0,0,0,0,0,0,6,0,0,0,0,0,0,0,0,0,0,9,11,32,26,20,12,3,0,0,115,0,0,0,0,0,0,0,0,0,4,0,0,0,0,0,0,0,0,0,0,0,0,0,0,3,3,0,0,0,4,9,11,37,26,19,14,3,0,0,118,0,5,4,3,0,9,7,8,0,41,0,0,0,0,0,0,0,0,0,0,9,9,38,32,17,20,13,8,0,156,0,3,12,9,13,7,0,0,0,39,4,11,9,6,7,8,4,0,0,51,0,0,7,3,0,0,0,0,0,11,0,0,0,0,0,0,0,0,0,4,5,16,23,20,20,12,4,0,0,105,0,0,0,0,0,0,0,0,0,0,0,0,0,0,0,0,0,0,0,0,0,0,0,0,0,0,0,0,0,0
11103123419,core,0,10,10,12,15,8,0,0,0,53,0,9,8,3,0,0,0,0,0,30,0,0,0,3,4,0,0,0,0,5,0,0,0,0,0,0,0,0,0,0,0,19,20,13,17,8,5,0,0,86,0,0,0,0,0,0,0,0,0,3,0,0,0,0,0,0,0,0,0,3,0,0,0,0,0,0,0,0,0,4,0,19,20,20,18,12,5,0,0,87,6,0,0,0,0,4,6,8,3,27,0,0,0,6,0,4,0,0,0,7,8,16,20,23,18,17,10,6,3,120,0,0,16,6,8,5,0,0,0,44,6,6,4,9,9,4,0,0,0,46,0,0,0,0,0,0,0,0,0,8,0,0,0,0,0,0,0,0,0,0,6,11,25,20,27,13,3,0,0,101,0,0,0,0,0,0,0,0,0,3,0,0,0,0,0,0,0,0,0,0,0,0,0,0,0,0,0,0,0,5
11103123420,core,0,10,26,17,5,9,4,0,0,70,5,7,5,0,9,5,0,0,0,32,0,0,0,0,0,0,0,0,0,0,0,0,0,0,0,0,0,0,0,0,5,18,38,18,13,11,0,0,0,106,0,0,3,0,0,0,0,0,0,4,0,0,4,0,0,0,0,0,0,3,0,0,5,0,0,0,0,0,0,9,9,16,45,18,13,11,3,0,0,111,7,0,0,0,9,7,25,5,5,61,0,0,0,0,0,0,0,0,0,12,7,20,43,25,23,30,29,5,5,188,0,6,21,10,6,3,0,0,0,52,5,5,10,12,5,4,0,0,0,49,0,0,0,0,0,0,0,0,0,4,0,0,0,0,0,0,0,0,0,0,6,13,32,25,15,10,0,0,0,105,0,0,0,0,0,0,0,0,0,0,0,0,0,0,0,0,0,0,0,3,0,0,0,0,0,0,0,0,0,3
11103123421,core,3,5,28,25,22,13,0,0,0,98,12,0,10,8,6,8,0,0,0,39,0,0,0,0,0,0,0,0,0,0,0,0,0,0,0,0,0,0,0,0,9,5,45,32,25,20,0,0,0,146,0,0,0,0,0,0,0,0,0,0,6,0,0,0,0,0,0,0,0,6,6,0,0,0,0,0,0,0,0,6,16,9,45,32,25,17,0,0,0,145,3,3,5,4,6,4,9,6,5,49,5,0,5,0,4,3,0,0,0,14,21,16,55,36,29,27,15,6,5,208,0,4,36,13,10,16,0,0,0,78,3,10,20,15,14,7,4,0,0,78,0,0,4,0,0,0,0,0,0,8,0,0,0,0,0,0,0,0,0,0,5,17,59,32,24,24,3,0,0,162,0,0,0,0,0,0,0,0,0,0,0,0,0,0,0,0,0,0,0,0,0,0,0,0,0,0,0,0,0,5
11103123422,core,0,7,15,9,4,10,0,0,0,44,0,0,7,0,5,0,0,0,0,15,0,5,0,0,0,0,0,0,0,4,0,0,0,0,0,0,0,0,0,0,0,7,25,19,9,12,0,0,0,68,0,0,5,0,0,0,0,0,0,8,0,0,5,0,0,0,0,0,0,5,0,0,4,0,0,0,0,0,0,11,0,7,30,19,8,12,0,0,0,71,0,3,0,3,15,10,35,24,27,124,0,0,0,0,0,4,6,8,6,27,0,14,33,20,24,20,41,36,30,227,0,5,16,10,12,7,0,0,0,52,0,3,3,5,0,3,0,0,0,24,0,0,0,3,0,0,0,0,0,5,0,0,0,0,0,0,0,0,0,4,0,15,21,12,15,17,0,0,0,81,0,0,0,0,0,0,0,0,0,3,0,0,0,0,0,0,0,0,0,0,0,0,0,0,0,0,0,0,0,4
11103123423,core,3,4,27,14,14,8,0,0,0,64,0,5,8,3,3,7,3,0,0,34,0,0,0,3,4,0,0,0,0,8,0,0,4,0,0,0,0,0,0,0,6,11,39,19,17,16,3,0,0,112,0,0,0,0,0,0,0,0,0,6,0,0,0,0,0,0,0,0,0,4,0,3,0,0,0,0,0,0,0,12,10,18,37,24,21,13,3,0,0,123,0,9,4,0,0,3,9,0,5,40,0,0,0,0,3,0,0,0,0,9,6,22,42,24,26,16,11,0,5,168,0,3,20,19,9,3,0,0,0,64,6,16,15,5,7,4,5,0,0,57,0,4,9,4,0,4,0,0,0,20,0,0,0,0,0,0,0,0,0,8,6,25,43,31,20,15,3,0,0,140,0,0,0,0,0,0,0,0,0,0,0,0,0,0,0,0,0,0,0,0,0,4,0,0,0,0,0,0,0,4
11103123424,core,0,3,15,14,10,4,0,0,0,46,0,7,5,4,0,0,0,0,0,26,0,0,0,0,0,0,0,0,0,0,0,0,0,0,0,0,0,0,0,0,4,14,24,13,10,5,0,0,0,74,0,0,0,0,0,0,0,0,0,0,0,0,0,0,0,0,0,0,0,0,0,0,0,0,0,0,0,0,0,7,9,12,25,13,10,5,0,0,0,79,0,0,0,3,5,0,14,7,7,44,0,0,0,0,0,0,0,0,0,5,7,19,28,17,15,12,16,7,4,123,4,4,11,0,3,3,0,0,0,27,0,6,5,6,6,3,0,0,0,29,0,0,4,0,0,0,0,0,0,6,0,0,0,0,0,0,0,0,0,0,6,10,25,16,10,8,0,0,0,65,0,0,0,0,0,0,0,0,0,3,0,0,0,0,0,0,0,0,0,5,0,0,3,0,0,0,0,0,0,5
11103123425,core,3,12,32,19,17,12,0,0,0,92,0,21,17,7,0,8,4,0,0,65,0,7,5,0,0,0,0,0,0,8,0,0,0,0,0,0,0,0,0,0,7,33,47,29,18,21,5,0,0,166,0,5,0,0,0,0,0,0,0,4,4,0,0,0,4,0,0,0,0,7,4,3,0,0,6,0,0,0,0,11,9,37,47,30,22,27,5,0,0,175,0,3,13,9,10,19,17,12,0,84,0,0,5,5,3,0,0,0,0,17,13,45,63,36,40,39,21,14,0,279,0,16,15,20,14,6,0,0,0,68,6,16,20,8,16,8,0,0,0,79,0,0,11,3,0,0,0,0,0,12,0,0,0,0,0,0,0,0,0,4,6,31,46,30,36,19,0,3,0,166,0,0,0,0,0,0,0,0,0,6,0,0,0,0,0,0,0,0,0,6,0,0,3,0,0,0,0,0,0,3
11103123426,core,0,8,30,21,9,9,0,0,0,67,0,8,6,4,3,3,0,0,0,30,0,0,3,0,0,0,0,0,0,3,0,0,0,0,0,0,0,0,0,0,4,15,37,27,13,13,4,0,0,98,0,0,4,0,0,0,0,0,0,4,0,3,5,0,0,0,0,0,0,7,0,3,3,0,0,0,0,0,0,7,8,17,40,25,13,12,4,0,0,115,5,0,8,4,0,3,12,5,0,36,0,0,0,3,0,0,0,0,0,5,11,21,48,31,15,13,10,5,0,156,0,10,16,10,7,4,3,0,0,50,6,10,11,8,3,4,0,0,0,48,0,0,6,0,0,0,0,0,0,7,0,0,0,0,0,0,0,0,0,4,12,21,36,22,11,12,3,0,0,109,0,0,0,0,0,0,0,0,0,0,0,0,0,0,0,0,0,0,0,6,0,0,0,0,0,0,0,0,0,6
11103123427,core,0,3,27,21,17,4,0,0,0,75,0,8,7,5,0,4,0,0,0,21,0,0,3,0,0,0,0,0,0,4,0,0,0,0,0,0,0,0,0,0,3,15,39,28,18,7,0,0,0,112,3,0,0,0,0,0,0,0,0,4,0,0,0,0,0,0,0,0,0,6,3,0,4,0,0,0,0,0,0,9,6,14,40,29,18,9,0,0,0,120,4,5,5,0,4,9,20,11,3,56,0,5,3,3,0,0,3,3,0,18,9,24,48,32,24,21,22,10,7,187,0,4,19,10,18,5,5,0,0,58,5,8,9,8,0,3,0,0,0,38,0,0,3,0,0,3,0,0,0,6,0,0,0,0,0,0,0,0,0,0,5,14,35,21,19,13,4,0,0,105,0,0,0,0,0,0,0,0,0,3,0,0,0,0,0,0,0,0,0,5,4,0,4,0,0,0,0,0,0,4
11103123501,core,0,3,13,11,20,15,3,0,0,65,0,4,5,3,3,8,5,0,0,30,0,0,0,0,0,0,0,0,0,4,0,0,0,0,0,0,0,0,0,0,0,8,18,8,21,24,5,3,0,100,0,0,0,0,0,0,0,0,0,0,0,0,0,0,0,0,0,0,0,0,0,0,3,0,0,0,0,0,0,6,0,8,22,8,21,24,5,3,0,103,0,0,5,3,4,7,20,13,3,50,0,0,0,0,3,0,0,0,0,3,0,6,31,15,28,34,31,17,6,155,0,3,14,9,13,7,4,0,0,49,0,9,5,10,7,8,7,0,0,40,0,0,0,4,0,0,0,0,0,4,0,0,0,0,0,0,0,0,0,0,0,9,20,18,18,14,9,0,0,96,0,0,0,0,0,0,0,0,0,0,0,0,0,0,0,0,0,0,0,3,0,0,0,0,0,0,0,0,0,3
11103123502,core,0,9,36,41,26,21,3,0,0,141,6,7,14,7,6,11,3,0,0,65,0,0,3,0,5,0,0,0,0,11,0,0,0,0,0,0,0,0,0,3,12,17,54,51,29,34,8,0,0,217,0,0,0,8,0,0,0,0,0,6,0,0,0,0,0,0,0,0,0,4,0,3,0,10,0,0,0,0,0,9,12,21,56,60,31,34,8,0,0,222,7,5,4,11,3,18,12,9,0,60,0,0,6,0,0,4,0,0,0,8,14,32,60,71,41,58,23,7,0,299,0,9,36,33,19,9,0,0,0,103,9,12,21,21,13,16,0,0,0,92,4,0,5,3,4,4,0,0,0,20,0,0,0,0,0,0,0,0,0,0,6,16,69,53,35,34,3,0,0,220,0,0,0,0,4,0,0,0,0,5,0,0,0,0,0,0,0,0,0,0,0,3,0,0,4,0,0,0,0,8
11103123503,core,0,9,38,38,16,13,0,0,0,120,4,13,14,7,7,7,3,0,0,62,0,3,0,9,0,0,0,0,0,12,0,0,0,0,0,0,0,0,0,0,3,25,59,52,28,25,3,0,0,197,0,0,0,0,0,4,0,0,0,7,0,0,0,0,3,0,0,0,0,3,3,0,0,0,8,4,0,0,0,13,9,22,56,52,35,30,3,0,0,207,6,0,0,8,4,17,14,12,0,65,0,0,3,0,5,0,5,0,0,17,16,32,67,63,47,46,19,10,0,294,0,8,26,23,12,14,0,0,0,77,7,16,18,20,13,11,0,0,0,94,0,0,7,0,7,5,0,0,0,10,0,0,0,0,0,0,0,0,0,4,8,23,53,44,34,28,4,0,0,189,0,0,0,0,3,0,0,0,0,7,0,0,0,0,0,0,0,0,0,7,4,0,0,0,3,4,0,0,0,10
11103123504,core,3,5,31,28,18,19,4,0,0,107,5,8,15,5,5,8,0,0,0,41,0,0,0,0,0,3,0,0,0,8,0,0,0,0,0,0,0,0,0,6,10,13,46,32,30,30,5,0,0,163,0,0,0,0,4,0,0,0,0,3,0,0,0,0,0,0,0,0,0,6,0,0,0,0,3,0,0,0,0,3,10,13,48,33,30,28,5,0,0,170,4,0,0,4,3,9,9,11,0,40,0,4,0,3,0,0,0,0,0,17,10,19,47,40,33,42,17,9,0,221,0,6,26,12,21,3,0,0,0,67,4,18,12,12,15,19,3,0,0,83,0,0,5,0,0,0,0,0,0,9,0,0,0,0,0,0,0,0,0,0,4,28,43,23,30,26,3,0,0,162,0,0,0,0,0,0,0,0,0,0,0,0,3,0,0,0,0,0,0,3,0,0,3,0,0,0,0,0,0,3
11103123505,core,4,3,17,3,15,12,5,0,0,61,0,8,3,6,3,0,3,4,0,32,0,0,0,0,0,0,0,0,0,3,0,0,0,0,0,0,0,0,0,0,5,16,17,11,13,19,12,4,0,98,0,0,0,0,0,0,0,0,0,0,0,0,0,0,0,0,0,0,0,4,6,0,0,0,0,0,0,0,0,7,4,16,17,17,13,17,12,4,0,104,0,4,4,3,0,6,24,11,4,51,0,0,0,0,0,0,0,0,0,8,8,19,22,18,18,24,34,14,4,159,0,4,14,8,16,6,0,0,0,53,0,11,5,5,3,10,4,0,0,48,0,0,0,0,0,0,0,0,0,3,0,0,0,0,0,0,0,0,0,0,0,14,19,17,26,22,5,0,0,108,0,0,0,0,0,0,0,0,0,0,0,0,0,0,0,5,0,0,0,6,0,0,0,0,0,5,0,0,0,3
11103123506,core,0,0,0,0,0,0,0,0,0,0,0,0,0,0,0,0,0,0,0,0,0,0,0,0,0,0,0,0,0,0,0,0,0,0,0,0,0,0,0,0,0,0,0,0,0,0,0,0,0,0,0,0,0,0,0,0,0,0,0,0,0,0,0,0,0,0,0,0,0,0,0,0,0,0,0,0,0,0,0,0,0,0,0,0,0,0,0,0,0,0,0,0,0,0,0,0,0,0,0,0,0,0,0,0,0,0,0,0,0,0,0,0,0,0,0,0,0,0,0,0,0,0,0,0,0,0,0,0,0,0,0,0,0,0,0,0,0,0,0,0,0,0,0,0,0,0,0,0,0,0,0,0,0,0,0,0,0,0,0,0,0,0,0,0,0,0,0,0,0,0,0,0,0,0,0,0,0,0,0,0,0,0,0,0,0,0,0,0,0,0,0,0,0,0,0,0,0,0,0,0
11103123507,core,0,5,20,27,28,11,3,0,0,100,3,9,22,10,5,4,3,0,0,45,0,0,0,0,0,0,0,0,0,4,0,0,0,0,0,0,0,0,0,0,4,11,45,35,25,18,4,0,0,149,3,0,0,0,0,0,0,0,0,8,5,3,0,0,0,3,0,0,0,7,3,3,0,0,4,3,0,0,0,13,5,20,47,38,28,21,4,0,0,167,3,9,7,3,8,9,20,6,0,59,0,0,0,0,4,3,0,0,0,8,12,25,53,45,43,31,21,7,0,232,4,0,15,7,22,14,3,0,0,68,9,11,19,23,13,7,3,0,0,85,3,0,5,3,0,0,0,0,0,14,0,0,0,0,0,0,0,0,0,0,12,17,41,38,39,19,7,0,0,167,0,0,0,0,0,0,0,0,0,0,3,0,0,0,0,0,0,0,0,3,3,3,0,0,0,0,0,0,0,6
11103123508,core,0,4,29,21,14,10,3,0,0,84,0,13,11,9,6,7,0,0,0,47,0,0,0,0,4,0,0,0,0,9,0,0,0,0,0,0,0,0,0,0,0,21,40,25,22,24,0,0,0,138,0,4,3,0,3,0,0,0,0,10,0,0,0,0,0,0,0,0,0,3,0,8,3,0,0,0,0,0,0,14,0,26,40,28,28,21,0,0,0,156,0,8,9,3,7,6,3,7,0,36,0,4,4,8,0,0,3,0,0,13,4,32,52,38,38,27,12,3,0,208,0,5,23,11,13,5,0,0,0,62,0,15,19,6,6,0,3,0,0,53,0,3,0,0,0,0,0,0,0,6,0,0,0,0,0,0,0,0,0,0,4,23,41,18,23,6,4,0,0,122,0,0,0,0,0,0,0,0,0,0,0,5,0,0,0,0,0,0,0,7,0,5,0,0,0,0,0,0,0,8
11103123509,core,0,3,27,24,19,5,0,0,0,81,6,8,9,6,0,3,5,0,0,31,0,3,0,0,0,0,0,0,0,6,0,0,0,0,0,0,0,0,0,0,6,13,47,27,24,9,4,0,0,118,0,0,0,0,0,0,0,0,0,6,0,0,0,0,0,0,0,0,0,6,0,0,0,0,0,0,0,0,0,5,3,13,46,31,20,11,4,0,0,127,0,0,9,0,5,5,9,6,6,41,0,0,0,0,3,0,4,0,0,10,5,19,48,30,32,19,14,14,6,177,0,3,34,16,17,3,0,0,0,74,4,10,17,14,8,12,0,0,0,55,0,0,5,5,0,0,0,0,0,7,0,0,0,0,0,0,0,0,0,0,4,11,52,34,26,11,0,0,0,134,0,0,0,0,0,0,0,0,0,0,0,0,0,0,0,0,0,0,0,0,0,0,0,0,0,0,0,0,0,6
11103123510,core,0,8,28,32,15,13,0,0,0,85,0,12,13,3,0,0,3,0,0,31,0,0,0,0,0,0,0,0,0,5,0,0,0,0,0,0,0,0,0,0,0,18,41,40,11,13,0,0,0,125,0,0,0,0,0,0,0,0,0,8,0,0,0,0,0,0,0,0,0,0,0,0,0,0,0,0,0,0,0,6,0,19,46,40,14,14,0,0,0,134,0,3,0,6,8,11,14,5,0,42,0,0,0,0,0,0,0,0,0,6,0,25,48,41,22,22,20,5,0,181,0,6,32,12,11,11,0,0,0,75,4,20,24,12,3,10,0,0,0,79,0,0,3,0,0,0,0,0,0,9,0,0,0,0,0,0,0,0,0,0,4,35,59,21,17,23,4,0,0,159,0,0,0,0,0,0,0,0,0,0,0,0,0,0,0,0,0,0,0,6,0,0,0,0,0,0,0,0,0,6
11103123511,core,0,9,37,35,26,15,0,0,0,117,4,8,4,5,9,0,3,0,0,29,0,0,0,0,3,0,0,0,0,0,0,0,0,0,0,0,0,0,0,0,4,12,40,42,37,19,6,0,0,159,0,0,0,0,0,0,0,0,0,3,0,0,0,0,0,0,0,0,0,0,0,0,0,0,0,0,0,0,0,0,4,18,45,42,35,20,6,0,0,160,5,5,5,0,3,5,10,8,4,45,0,0,0,0,0,0,4,0,0,3,7,22,46,39,43,27,18,7,4,210,0,7,37,20,20,15,0,0,0,95,11,9,26,7,18,9,4,0,0,83,0,0,0,8,0,0,0,0,0,11,0,0,0,0,0,0,0,0,0,0,13,21,61,36,35,22,4,0,0,190,0,0,0,0,0,0,0,0,0,3,0,0,0,0,0,0,0,0,0,4,0,0,0,0,0,0,0,0,0,4
11103123512,core,0,4,41,25,18,9,0,0,0,101,0,6,6,3,0,0,3,0,0,25,0,0,3,0,0,0,0,0,0,4,0,0,0,0,0,0,0,0,0,0,3,14,55,23,21,12,3,0,0,133,0,0,0,0,0,0,0,0,0,10,0,0,0,0,0,0,0,0,0,0,0,0,7,0,0,0,0,0,0,12,3,14,56,25,26,9,3,0,0,139,3,0,0,4,3,8,15,6,3,42,0,5,4,0,5,5,0,3,0,20,8,18,61,28,25,26,15,7,3,201,5,5,36,23,7,9,0,0,0,84,8,17,17,8,9,11,9,0,0,63,0,0,4,0,0,0,0,0,0,4,0,0,0,0,0,0,0,0,0,0,8,18,55,33,13,22,9,0,0,157,0,0,0,0,0,0,0,0,0,5,0,0,0,3,0,0,0,0,0,5,0,0,0,3,0,0,0,0,0,4
11103123513,core,0,8,22,16,14,12,0,0,0,72,0,0,12,6,3,8,0,0,0,26,0,0,0,3,0,5,0,0,0,4,0,0,0,5,0,0,0,0,0,3,0,8,36,24,16,22,4,0,0,109,0,0,0,4,6,0,0,0,0,9,0,3,0,4,0,0,0,0,0,4,0,3,0,3,3,5,0,0,0,20,0,9,38,31,22,26,3,0,0,125,4,0,5,4,6,15,18,5,5,65,0,0,5,0,4,0,0,0,0,12,6,10,42,38,28,38,22,7,5,201,0,7,23,8,9,14,0,0,0,53,5,9,14,10,5,8,0,0,0,43,0,0,0,6,0,0,0,0,0,7,0,3,4,0,0,0,0,0,0,3,5,15,40,22,12,19,0,0,0,112,0,0,0,0,0,0,0,0,0,4,0,0,0,0,0,0,0,0,0,0,0,0,0,0,0,0,0,0,0,5
11103123514,core,0,12,24,29,27,8,0,0,0,91,3,5,9,9,6,0,0,0,0,33,0,0,0,0,0,0,0,0,0,7,0,0,0,0,0,0,0,0,0,0,3,15,31,31,32,15,4,0,0,134,0,0,0,3,3,0,0,0,0,6,0,0,0,0,0,0,0,0,0,0,0,0,0,4,3,3,0,0,0,13,3,20,31,36,28,17,4,0,0,143,0,5,0,3,7,5,8,8,0,40,0,0,3,0,0,0,0,0,0,6,9,29,38,41,38,25,11,8,0,193,0,5,24,16,15,3,3,0,0,71,6,6,12,17,14,7,9,0,0,73,0,0,0,0,0,0,0,0,0,0,0,0,0,0,0,0,0,0,0,0,6,17,38,32,32,11,10,0,0,144,0,0,3,0,0,0,0,0,0,6,0,0,0,0,0,0,0,0,0,0,0,0,3,0,0,0,0,0,0,5
11103123515,core,0,10,21,14,10,3,0,0,0,55,0,11,8,3,3,0,4,0,0,30,0,0,0,0,0,0,0,0,0,5,0,0,0,0,0,0,0,0,0,0,0,21,32,19,5,6,4,0,0,91,0,0,0,6,3,0,0,0,0,13,0,0,0,0,0,0,0,0,0,5,0,0,5,6,3,0,0,0,0,13,0,22,38,23,10,4,4,0,0,101,6,3,4,0,3,5,8,4,0,36,0,0,3,3,0,0,0,0,0,9,8,22,41,20,16,19,16,4,0,146,0,3,17,11,8,9,0,0,0,46,0,6,11,16,6,10,4,0,0,46,0,0,6,0,0,3,0,0,0,10,0,0,0,0,0,0,0,0,0,0,0,12,32,22,12,17,4,0,0,106,0,0,0,0,0,0,0,0,0,0,0,0,0,0,0,0,0,0,0,0,0,0,0,0,0,0,0,0,0,0
11103123516,core,0,9,26,25,23,18,4,0,0,112,0,3,9,5,12,3,9,0,0,42,3,0,3,0,7,0,0,0,0,10,0,0,0,0,0,0,0,0,0,0,6,13,42,29,35,29,11,0,0,159,0,3,0,0,0,6,0,0,0,13,0,0,0,0,0,0,0,0,0,0,0,3,0,0,0,4,0,0,0,13,5,17,42,29,35,32,15,0,0,176,3,0,11,3,4,18,17,11,0,78,3,0,0,0,0,4,0,0,0,16,13,20,52,36,41,57,34,16,0,269,0,3,20,19,12,6,0,0,0,67,3,21,11,15,13,22,5,0,0,87,0,6,0,0,0,0,0,0,0,10,0,0,0,0,0,0,0,0,0,3,3,27,36,36,27,29,8,0,0,165,0,0,0,0,0,0,0,0,0,5,0,0,0,0,0,0,0,0,0,0,0,0,0,0,0,0,0,0,0,3
11103123518,core,0,3,23,10,14,5,0,0,0,55,0,7,10,0,0,0,0,0,0,19,0,0,0,0,0,0,0,0,0,0,0,0,0,0,0,0,0,0,0,0,0,9,33,14,15,7,0,0,0,81,0,0,0,0,0,0,0,0,0,0,0,0,0,0,0,0,0,0,0,3,0,0,0,0,0,0,0,0,0,4,0,9,33,10,15,7,0,0,0,82,0,0,0,0,0,7,6,5,0,21,0,0,0,0,0,0,0,0,0,6,0,9,33,13,17,14,6,5,0,111,0,0,19,15,11,0,0,0,0,46,3,8,8,9,0,10,0,0,0,38,0,0,5,0,0,0,0,0,0,9,0,0,0,0,0,0,0,0,0,0,3,5,34,25,11,13,0,0,0,84,0,0,0,0,0,0,0,0,0,0,0,0,0,0,0,0,0,0,0,0,0,0,0,0,0,0,0,0,0,0
11103123519,core,0,5,24,30,23,7,0,0,0,101,6,5,8,0,6,4,4,0,0,30,0,0,3,0,0,0,0,0,0,3,0,0,0,0,0,0,0,0,0,0,4,10,35,27,31,17,0,0,0,133,0,0,0,0,0,0,0,0,0,5,0,0,0,0,0,0,0,0,0,4,0,0,5,0,0,0,0,0,0,5,4,12,40,32,31,19,0,0,0,140,0,0,3,3,10,12,9,4,5,51,0,4,0,0,3,0,0,0,0,5,6,15,40,34,37,23,19,4,5,197,0,6,19,15,20,3,3,0,0,64,3,10,11,15,13,10,5,0,0,69,0,5,5,3,0,0,0,0,0,13,0,6,0,0,0,0,0,0,0,3,9,20,33,35,32,18,5,0,0,156,0,0,0,0,0,0,0,0,0,4,0,4,0,0,0,0,0,0,0,4,0,4,0,0,0,0,0,0,0,10
11103123520,core,3,8,37,21,13,10,0,0,0,95,0,3,14,3,0,4,0,0,0,31,0,0,0,0,4,0,0,0,0,6,0,0,0,0,0,0,0,0,0,0,3,10,50,22,22,16,0,0,0,129,0,0,0,0,0,0,0,0,0,0,0,0,0,0,0,0,0,0,0,0,0,0,0,0,0,0,0,0,0,0,3,14,50,22,22,16,0,0,0,126,0,3,0,0,3,8,9,5,0,33,0,0,3,0,0,0,0,0,0,9,3,18,54,22,24,23,14,5,0,169,3,8,32,7,12,7,0,0,0,73,0,15,18,5,9,0,0,0,0,47,0,0,0,0,0,0,0,0,0,5,0,0,0,0,0,0,0,0,0,0,4,21,51,12,20,12,0,0,0,120,0,0,0,0,0,0,0,0,0,0,0,0,0,0,0,0,0,0,0,0,0,0,0,0,0,0,0,0,0,0
11103123521,core,0,18,74,14,15,7,0,0,0,125,4,3,13,7,0,0,0,0,0,28,0,4,3,3,0,0,0,0,0,9,0,0,0,0,0,0,0,0,0,0,3,32,86,26,13,10,0,0,0,172,0,0,0,0,0,0,0,0,0,0,0,4,0,0,0,0,0,0,0,4,0,4,0,0,0,0,0,0,0,4,3,31,86,26,13,10,0,0,0,178,5,3,6,7,3,7,4,3,0,37,0,6,8,4,0,0,0,0,0,12,5,42,98,37,16,18,4,3,0,228,0,25,68,13,10,8,0,0,0,133,0,22,17,9,0,8,3,0,0,68,0,4,5,5,0,0,0,0,0,9,0,0,0,0,0,0,0,0,0,0,0,49,96,24,19,16,4,0,0,208,0,0,0,0,0,0,0,0,0,0,0,0,4,0,0,0,0,0,0,12,0,3,6,0,0,0,0,0,0,11
11103123522,core,0,0,0,0,0,0,0,0,0,5,0,0,0,0,0,0,0,0,0,3,0,0,0,0,0,0,0,0,0,0,0,0,0,0,0,0,0,0,0,0,0,0,4,0,0,0,0,0,0,8,0,0,0,0,0,0,0,0,0,3,0,0,0,0,0,0,0,0,0,0,0,0,0,0,0,0,0,0,0,3,0,0,3,0,3,0,0,0,0,4,0,0,0,0,0,0,0,0,0,0,0,0,0,0,0,0,0,0,0,0,0,0,3,0,3,0,0,0,0,4,0,0,0,0,0,0,0,0,0,0,0,0,0,3,0,0,0,0,0,3,0,0,0,0,0,0,0,0,0,0,0,0,0,0,0,0,0,0,0,0,0,0,6,3,0,0,0,0,0,4,0,0,0,0,0,0,0,0,0,0,0,0,0,0,0,0,0,0,0,0,0,0,0,0,0,0,0,0,0,0
