SA1_CODE_2021,zone_tier,P15_19_Managers,P15_19_Professionals,P15_19_TechnicTrades_Wrs,P15_19_CommunPersnlSvc_W,P15_19_ClericalAdminis_W,P15_19_Sales_W,P15_19_Mach_oper_drivers,P15_19_Labourers,P15_19_Occu_ID_NS,P15_19_Tot,P20_24_Managers,P20_24_Professionals,P20_24_TechnicTrades_W,P20_24_CommunPersnlSvc_W,P20_24_ClericalAdminis_W,P20_24_Sales_W,P20_24_Mach_oper_drivers,P20_24_Labourers,P20_24_Occu_ID_NS,P20_24_Tot,P25_34_Managers,P25_34_Professionals,P25_34_TechnicTrades_W,P25_34_CommunPersnlSvc_W,P25_34_ClericalAdminis_W,P25_34_Sales_W,P25_34_Mach_oper_drivers,P25_34_Labourers,P25_34_Occu_ID_NS,P25_34_Tot,P35_44_Managers,P35_44_Professionals,P35_44_TechnicTrades_W,P35_44_CommunPersnlSvc_W,P35_44_ClericalAdminis_W,P35_44_Sales_W,P35_44_Mach_oper_drivers,P35_44_Labourers,P35_44_Occu_ID_NS,P35_44_Tot,P45_54_Managers,P45_54_Professionals,P45_54_TechnicTrades_W,P45_54_CommunPersnlSvc_W,P45_54_ClericalAdminis_W,P45_54_Sales_W,P45_54_Mach_oper_drivers,P45_54_Labourers,P45_54_Occu_ID_NS,P45_54_Tot,P55_64_Managers,P55_64_Professionals,P55_64_TechnicTrades_W,P55_64_CommunPersnlSvc_W,P55_64_ClericalAdminis_W,P55_64_Sales_W,P55_64_Mach_oper_drivers,P55_64_Labourers,P55_64_Occu_ID_NS,P55_64_Tot,P65_74_Managers,P65_74_Professionals,P65_74_TechnicTrades_W,P65_74_CommunPersnlSvc_W,P65_74_ClericalAdminis_W,P65_74_Sales_W,P65_74_Mach_oper_drivers,P65_74_Labourers,P65_74_Occu_ID_NS,P65_74_Tot,P75_84_Managers,P75_84_Professionals,P75_84_TechnicTrades_W,P75_84_CommunPersnlSvc_W,P75_84_ClericalAdminis_W,P75_84_Sales_W,P75_84_Mach_oper_drivers,P75_84_Labourers,P75_84_Occu_ID_NS,P75_84_Tot,P85_ov_Managers,P85_ov_Professionals,P85_ov_TechnicTrades_W,P85_ov_CommunPersnlSvc_W,P85_ov_ClericalAdminis_W,P85_ov_Sales_W,P85_ov_Mach_oper_drivers,P85_ov_Labourers,P85_ov_Occu_ID_NS,P85_ov_Tot,P_Tot_Managers,P_Tot_Professionals,P_Tot_TechnicTrades_W,P_Tot_CommunPersnlSvc_W,P_Tot_ClericalAdminis_W,P_Tot_Sales_W,P_Tot_Mach_oper_drivers,P_Tot_Labourers,P_Tot_Occu_ID_NS,P_Tot_Tot
10601110701,core,0,0,8,0,0,12,0,6,0,30,4,4,10,10,0,6,4,6,0,31,4,14,27,10,6,14,16,12,0,113,9,14,16,12,8,5,20,7,0,87,9,10,11,3,7,6,8,9,0,61,0,7,7,3,3,0,10,0,0,26,0,0,0,0,0,0,0,0,0,4,0,0,0,0,0,0,0,0,0,0,0,0,0,0,0,0,0,0,0,0,22,43,77,41,24,33,69,49,3,354
10601110702,core,0,0,3,4,4,5,0,5,0,24,0,0,4,4,0,0,3,0,0,19,16,4,17,3,13,8,10,11,0,75,8,3,9,10,11,6,6,5,0,55,0,6,9,8,5,3,7,4,0,44,7,5,0,4,0,0,11,10,0,39,0,0,0,0,0,0,0,0,0,7,0,0,0,0,0,0,0,0,0,0,0,0,0,0,0,0,0,0,0,0,19,9,58,38,30,29,42,39,0,266
10601110703,core,0,0,6,0,0,10,0,8,0,25,4,4,3,14,3,0,11,5,0,45,9,10,28,18,14,4,21,13,0,121,9,23,12,17,10,11,18,13,0,102,18,13,13,17,4,6,10,3,0,76,0,6,8,9,8,7,10,3,0,57,0,4,0,0,0,0,0,0,0,4,0,0,0,0,0,0,0,0,0,0,0,0,0,0,0,0,0,0,0,0,35,60,76,69,46,31,69,37,4,433
10601110704,external,0,0,0,5,0,3,0,9,0,19,3,0,4,4,4,0,0,4,0,26,3,6,6,0,0,0,4,4,0,32,4,7,5,5,6,0,10,4,0,37,12,8,10,4,3,6,8,9,0,67,17,7,5,0,15,0,10,5,0,56,6,0,0,0,0,0,3,0,0,12,3,0,0,0,0,0,0,0,0,3,0,0,0,0,0,0,0,0,0,0,51,37,45,11,24,12,38,32,3,246
10601110705,external,4,0,4,0,0,0,0,5,0,13,0,0,0,0,0,3,0,0,0,9,5,0,3,0,0,0,9,0,0,19,6,5,5,10,3,0,5,5,0,42,9,10,10,0,5,0,6,3,0,50,15,8,15,0,6,6,5,0,0,47,3,3,0,0,5,0,0,0,0,19,0,0,0,0,3,0,0,0,0,5,0,0,0,0,0,0,0,0,0,0,47,30,32,20,20,7,23,18,5,205
10601110706,core,0,0,5,0,0,5,0,0,0,19,0,0,0,4,0,0,0,0,0,7,0,5,9,4,4,0,5,0,8,27,13,9,8,4,3,0,0,3,0,39,12,6,9,3,6,8,0,5,0,47,4,3,5,3,10,0,0,4,0,30,6,0,0,0,0,0,0,0,0,14,0,0,0,0,0,0,0,0,0,4,0,0,0,0,0,0,0,0,0,0,34,23,38,21,23,15,7,21,10,188
10601110707,core,0,0,0,5,0,4,0,0,0,5,0,0,0,0,0,0,0,0,0,7,5,3,0,0,0,0,0,0,0,16,11,4,4,4,3,0,6,9,0,30,5,3,0,0,0,0,0,0,0,18,20,9,0,0,0,6,0,0,0,39,16,10,0,0,0,0,0,0,0,27,0,5,0,0,0,0,0,0,0,6,0,0,0,0,0,0,0,0,0,0,59,28,15,13,15,10,4,11,0,160
10601110708,core,0,0,0,0,0,0,0,0,0,7,0,0,0,0,0,3,0,4,0,14,3,3,3,4,0,0,0,7,0,24,7,7,3,3,4,0,5,3,0,28,8,3,3,4,9,7,8,5,0,35,4,12,5,0,0,0,4,5,0,29,10,0,0,0,0,0,0,0,0,12,0,0,0,0,0,0,0,0,0,0,0,0,0,0,0,0,0,0,0,0,24,31,19,17,18,9,17,12,0,156
10601110709,core,0,0,0,0,0,6,0,3,0,9,4,0,3,0,0,0,3,0,0,8,0,3,6,3,0,8,5,3,0,30,6,9,8,0,4,0,0,0,0,27,4,5,6,3,5,0,3,9,0,35,3,4,0,0,4,0,0,3,0,14,0,4,0,0,0,0,0,0,0,3,0,0,0,0,0,0,0,0,0,0,0,0,0,0,0,0,0,0,0,0,15,19,26,12,13,15,12,16,0,135
10601110710,core,0,0,0,0,0,8,0,0,0,5,0,0,5,0,0,0,3,0,0,15,6,10,9,7,3,3,6,3,0,37,4,3,3,4,0,0,5,3,0,23,4,4,4,3,0,0,0,0,0,21,0,0,4,6,5,0,4,0,0,15,0,0,0,0,0,0,0,0,0,0,0,0,0,0,0,0,0,0,0,0,0,0,0,0,0,0,0,0,0,0,13,19,24,14,8,13,21,13,5,122
10601110712,core,0,0,4,0,0,5,0,3,0,21,0,3,6,0,5,5,0,9,0,24,0,8,9,8,0,4,4,4,0,41,5,13,15,9,4,6,19,4,0,61,0,4,3,10,5,0,8,3,3,42,0,5,3,0,0,3,3,3,0,20,0,0,0,0,0,0,4,0,0,6,0,0,0,0,0,0,0,0,0,0,0,0,0,0,0,0,0,0,0,0,14,29,43,36,10,24,36,23,9,221
10601110713,core,0,0,0,4,0,0,3,7,0,21,0,0,3,3,0,0,0,0,0,9,4,0,7,0,0,0,3,0,0,16,3,5,4,5,0,6,8,0,0,34,0,4,6,4,4,3,3,6,0,35,0,0,4,3,0,0,6,3,0,17,5,0,0,0,4,0,0,0,0,4,0,0,0,0,0,0,0,0,0,0,0,0,0,0,0,0,0,0,0,0,15,14,20,19,15,7,17,23,3,138
10601110714,core,0,0,4,4,0,11,0,11,0,30,0,0,3,6,0,6,3,8,0,25,9,19,30,8,7,0,17,3,0,85,4,8,17,6,3,8,18,8,4,78,5,3,4,8,8,4,7,5,0,51,4,3,15,9,7,0,8,3,0,54,6,0,0,0,3,4,4,0,0,17,0,0,0,0,0,0,0,0,0,0,0,0,0,0,0,0,0,0,0,0,27,38,71,40,31,28,52,36,12,333
10601110716,external,0,0,11,8,0,13,0,8,0,42,0,4,16,3,4,3,0,4,3,45,3,10,16,4,3,5,5,3,0,52,14,15,26,7,21,0,9,3,4,100,12,31,15,13,11,6,18,4,3,119,12,7,18,7,7,0,4,10,0,67,0,4,5,0,5,0,5,3,0,16,0,0,0,0,0,0,0,0,0,0,0,0,0,0,0,0,0,0,0,0,46,70,103,50,52,26,43,37,16,441
10601110717,external,0,0,0,0,0,0,0,0,0,3,0,0,3,0,0,7,0,0,0,11,0,0,9,0,3,0,0,3,0,21,4,5,6,3,3,0,3,0,0,20,7,6,3,0,0,0,6,4,0,26,3,3,4,0,5,4,5,3,0,28,0,0,0,0,0,0,0,0,0,0,0,0,0,0,0,0,0,0,0,3,0,0,0,0,0,0,0,0,0,0,22,15,23,7,14,8,12,10,0,116
10601110718,external,0,0,4,5,0,0,0,3,0,16,0,0,6,0,0,4,0,0,0,9,3,3,15,0,3,6,3,0,0,36,3,10,9,0,6,0,5,0,0,33,14,6,11,6,11,0,3,6,0,56,6,3,5,0,0,8,4,6,0,29,0,0,4,4,0,0,0,0,0,7,0,0,0,0,0,0,0,0,0,0,0,0,0,0,0,0,0,0,0,0,27,25,47,15,25,11,25,6,4,186
10601110719,core,0,0,3,0,0,5,0,0,0,9,0,3,9,6,0,0,5,0,0,15,3,9,12,6,4,0,3,4,3,48,6,3,3,3,7,0,6,4,0,39,3,5,3,3,5,0,8,0,0,25,5,0,0,0,0,0,3,0,0,13,0,0,0,0,0,0,0,0,0,7,0,0,0,0,0,0,0,0,0,0,0,0,0,0,0,0,0,0,0,0,14,18,29,21,20,7,27,12,9,158
10601110720,core,0,0,0,4,0,8,0,3,0,14,0,0,8,3,4,5,6,5,0,25,0,13,18,7,6,0,7,12,0,68,3,6,16,9,9,0,12,8,0,59,4,0,8,9,5,0,10,6,4,45,0,3,7,0,6,3,6,5,0,30,0,0,0,0,0,0,3,3,0,10,0,0,0,0,0,0,0,0,0,0,0,0,0,0,0,0,0,0,0,0,14,24,56,34,26,17,45,30,5,246
10601110722,core,0,0,4,0,0,3,0,0,0,8,0,0,0,4,0,0,3,6,0,16,0,6,11,6,5,0,11,13,4,59,4,3,9,3,10,0,11,5,0,38,3,0,5,3,6,4,3,0,0,35,0,0,4,0,3,3,8,4,3,36,0,0,0,0,4,0,0,0,0,0,0,0,0,0,0,0,0,0,0,0,0,0,0,0,0,0,0,0,0,0,15,18,38,24,25,10,35,30,3,197
10601110723,core,0,0,4,3,0,17,0,7,0,33,0,4,19,8,3,4,6,8,4,45,4,5,33,11,3,0,11,10,0,84,11,8,17,7,10,0,12,7,5,74,7,13,3,6,11,3,22,9,0,80,8,4,12,0,5,0,3,0,0,34,0,0,0,0,0,0,0,4,0,7,0,0,0,0,0,0,0,0,0,0,0,0,0,0,0,0,0,0,0,0,39,35,87,42,31,29,56,37,13,367
10601110725,core,0,0,0,0,0,5,0,6,0,8,0,9,15,0,6,3,0,0,0,35,4,17,29,8,8,3,9,5,0,80,13,9,7,12,15,5,14,4,0,74,6,4,4,0,7,0,8,3,0,27,0,0,0,0,0,0,3,3,0,10,0,0,0,0,0,0,3,0,0,5,0,0,0,0,0,0,0,0,0,0,0,0,0,0,0,0,0,0,0,0,26,32,52,18,31,14,40,27,0,247
10601110726,core,0,0,7,0,0,9,0,0,0,11,0,0,3,0,0,0,0,3,0,17,3,3,16,4,0,0,6,5,0,47,3,7,8,6,7,0,9,5,0,51,5,0,10,0,8,6,11,0,0,41,0,0,4,5,3,0,0,4,0,14,3,0,0,0,0,0,0,0,0,4,0,0,0,0,0,0,0,0,0,0,0,0,0,0,0,0,0,0,0,0,11,15,50,13,23,12,30,18,3,180
10601110727,core,0,0,5,3,0,3,0,0,0,15,0,4,4,7,3,10,0,0,0,33,11,24,26,16,12,5,24,3,4,118,13,19,11,0,7,3,9,5,0,68,5,7,0,4,0,3,4,0,0,24,0,3,6,0,3,0,7,3,0,26,0,0,0,0,0,0,0,0,0,0,0,0,0,0,0,0,0,0,0,0,0,0,0,0,0,0,0,0,0,0,36,55,44,44,29,25,48,13,3,293
10601110728,core,0,0,0,0,0,0,0,0,0,4,0,0,4,0,0,0,0,0,0,9,3,7,0,0,0,0,0,0,0,12,0,8,0,0,0,5,4,0,0,14,12,7,0,0,3,0,0,0,0,22,10,9,4,0,3,4,0,9,0,39,7,0,0,0,0,0,0,0,0,10,4,0,0,0,0,0,0,0,0,6,0,0,0,0,0,0,0,0,0,0,31,29,12,4,12,12,6,10,0,114
10601110729,core,0,0,0,0,0,6,0,0,0,12,3,5,3,0,5,0,0,3,0,21,6,20,15,8,8,6,11,3,0,86,3,17,8,4,7,6,14,12,0,77,7,4,0,10,12,3,12,6,0,44,0,8,4,0,3,0,0,0,0,17,0,0,0,0,0,0,0,0,0,0,0,0,0,0,0,0,0,0,0,0,0,0,0,0,0,0,0,0,0,0,22,50,36,23,32,22,36,27,6,260
10601110730,core,0,0,0,3,0,0,0,0,0,7,0,0,0,3,0,4,0,0,0,10,4,3,5,0,0,0,0,0,0,15,9,7,7,0,5,0,0,0,0,28,12,4,6,0,5,5,0,0,0,36,14,13,11,4,9,0,4,0,0,57,10,4,6,0,0,3,0,0,0,21,0,0,0,0,0,0,0,0,0,0,0,0,0,0,0,0,0,0,0,0,50,41,26,12,21,12,7,3,0,177
10601110731,core,0,0,0,6,0,5,0,4,0,17,0,0,5,3,0,0,0,3,0,12,3,6,7,0,0,0,4,0,0,27,8,14,3,0,9,0,6,0,0,35,13,6,7,3,8,0,6,5,0,48,0,0,5,3,9,5,7,3,4,26,7,0,6,0,0,0,0,0,0,18,0,0,0,0,0,0,0,0,0,0,0,0,0,0,0,0,0,0,0,0,32,29,27,15,21,15,19,18,7,186
10601110732,core,0,0,3,5,0,0,0,6,0,9,0,0,7,0,3,4,0,3,0,25,7,16,28,17,4,5,27,12,5,126,10,17,16,14,14,0,16,6,3,87,3,5,3,0,5,6,7,7,0,33,0,3,0,5,0,0,0,6,0,14,0,0,0,0,4,0,0,0,0,0,0,0,0,0,0,0,0,0,0,0,0,0,0,0,0,0,0,0,0,0,31,40,52,39,33,19,54,39,0,294
10601110733,core,0,0,0,0,0,4,0,0,0,6,0,0,0,0,0,0,0,0,0,5,0,0,0,0,0,0,0,0,0,7,9,9,0,0,5,0,0,0,0,24,19,4,0,4,3,0,0,0,0,31,20,14,6,0,11,3,0,0,0,49,0,3,4,0,9,0,0,0,0,19,0,0,0,0,0,5,0,0,0,3,0,0,0,0,0,0,0,0,0,0,53,37,8,4,24,11,4,0,0,147
10601110801,core,0,0,0,3,0,5,0,5,0,13,0,0,5,7,0,0,3,0,0,23,0,0,22,9,0,0,0,7,0,45,3,6,6,4,3,0,6,7,0,44,4,4,4,7,6,0,5,4,0,39,4,6,0,3,7,0,4,3,0,34,0,0,0,5,0,0,0,4,0,8,0,0,0,0,0,0,0,0,0,0,0,0,0,0,0,0,0,0,0,0,9,21,37,42,19,21,21,31,6,211
10601110806,core,0,0,0,0,0,0,4,4,0,9,0,0,0,0,0,3,0,0,0,6,0,0,10,9,0,0,0,9,0,36,0,0,5,6,0,3,0,4,0,19,0,0,0,3,4,0,0,8,0,20,0,0,4,0,0,0,0,4,0,18,0,0,0,0,0,0,0,3,0,3,0,0,0,0,0,0,0,0,0,0,0,0,0,0,0,0,0,0,0,0,7,3,26,18,12,11,9,30,0,109
10601110807,core,0,0,4,4,0,4,0,3,0,13,0,0,4,6,0,0,3,10,0,19,0,4,13,4,3,9,4,4,0,42,0,5,10,0,0,4,9,6,0,42,3,4,6,4,4,0,11,4,0,34,3,3,3,6,6,4,8,4,3,33,0,0,0,0,0,0,0,0,0,0,0,0,0,0,0,0,0,0,0,0,0,0,0,0,0,0,0,0,0,0,11,12,39,24,11,19,30,28,3,181
10601110808,core,0,0,0,7,0,7,0,5,0,11,5,0,5,3,9,0,0,0,0,25,4,0,7,6,5,3,0,11,0,49,0,0,7,7,6,3,5,0,0,28,5,5,3,3,0,0,4,3,0,30,0,3,3,4,9,0,6,3,0,33,0,0,0,0,0,0,0,0,0,6,0,0,0,0,0,0,0,0,0,0,0,0,0,0,0,0,0,0,0,0,17,12,29,33,19,19,22,30,0,177
10601110809,core,0,0,0,0,0,0,0,3,0,3,0,0,0,5,0,0,0,0,0,10,3,0,6,0,8,3,7,0,0,27,0,0,3,3,4,0,0,0,3,15,0,0,0,0,0,0,5,3,0,14,0,0,4,4,0,0,6,3,0,22,0,0,0,0,0,0,0,0,0,0,0,0,0,0,0,0,0,0,0,0,0,0,0,0,0,0,0,0,0,0,3,7,12,13,14,17,18,17,5,95
10601110810,core,0,0,0,0,0,11,0,3,0,12,0,0,7,4,0,0,0,3,0,21,0,8,7,9,0,0,5,0,0,37,3,3,3,14,4,0,3,6,0,32,8,4,6,17,3,3,8,11,4,55,0,5,6,5,3,0,6,7,0,30,0,0,4,0,0,0,0,0,0,4,0,0,0,0,0,0,0,0,0,0,0,0,0,0,0,0,0,0,0,0,10,17,34,52,14,20,19,24,3,196
10601110811,core,0,0,4,4,0,0,0,0,0,14,0,0,4,0,0,0,0,0,0,13,4,0,9,4,3,0,6,5,0,33,5,3,3,5,9,4,7,3,0,31,3,9,3,3,3,4,0,0,0,29,0,3,11,7,3,0,5,3,0,37,0,0,0,4,5,0,0,0,0,12,0,0,0,0,0,0,0,0,0,0,0,0,0,0,0,0,0,0,0,0,19,21,26,32,20,15,21,16,0,170
10601110812,core,0,0,3,0,0,0,0,5,0,5,0,0,3,0,0,0,0,0,0,6,5,3,0,6,7,7,0,0,0,29,0,0,0,3,0,3,0,4,0,17,3,0,4,0,12,3,5,0,0,28,3,0,4,0,4,0,0,4,0,17,0,3,0,0,0,0,3,8,0,10,0,0,0,0,0,0,0,0,0,0,0,0,0,0,0,0,0,0,0,0,11,9,17,18,17,11,11,16,3,112
10601110813,core,0,0,0,0,0,5,0,0,0,12,0,0,5,4,0,3,0,8,0,21,3,3,4,7,3,0,10,7,0,49,9,8,4,10,0,0,4,5,0,34,4,10,6,4,7,0,4,5,0,43,3,0,3,0,0,0,0,6,0,22,3,0,0,0,0,0,0,0,3,15,0,0,0,0,0,0,0,0,0,0,0,0,0,0,0,0,0,0,0,0,24,25,27,27,18,11,19,30,3,190
10601110814,core,0,0,0,0,0,0,0,0,0,3,0,0,0,0,0,0,0,0,0,5,3,6,3,0,0,0,0,0,0,17,4,0,0,4,3,0,0,0,0,15,0,3,0,0,0,4,0,0,0,9,0,0,0,0,0,3,5,0,0,10,0,0,0,0,0,0,0,0,0,3,0,0,0,0,0,0,0,0,0,3,0,0,0,0,0,0,0,0,0,0,9,9,11,8,3,12,5,7,0,67
10601110815,core,0,0,0,0,0,4,0,3,0,10,0,0,0,0,0,0,0,3,0,7,0,7,6,3,0,0,5,4,0,30,0,4,4,0,0,0,5,3,0,25,0,0,5,0,0,0,3,3,0,23,0,0,0,3,0,0,3,3,0,8,0,0,0,0,0,0,4,0,0,5,0,0,0,0,0,0,0,0,0,0,0,0,0,0,0,0,0,0,0,0,9,13,13,16,10,7,19,18,0,105
10601110816,core,0,0,0,3,0,3,0,4,0,13,0,0,3,0,0,4,0,3,0,24,4,3,11,6,0,3,4,6,0,41,5,7,10,3,3,9,8,0,0,37,8,6,5,0,3,0,9,7,0,34,4,7,4,5,5,0,7,0,0,31,0,5,0,0,0,0,0,0,0,10,0,0,0,0,0,0,0,0,0,0,0,0,0,0,0,0,0,0,0,0,17,20,34,18,15,20,24,32,0,181
10601110817,core,0,0,0,0,0,9,0,0,0,9,0,0,6,11,0,0,3,4,0,21,0,4,11,5,3,0,0,6,0,26,3,5,5,3,4,5,4,4,0,31,3,6,3,10,3,0,8,3,0,44,4,3,3,4,4,0,8,5,0,34,0,0,0,0,0,0,0,0,0,7,0,0,0,0,0,0,0,0,0,0,0,0,0,0,0,0,0,0,0,0,11,22,35,39,14,15,26,18,0,172
10601110818,core,0,0,0,0,0,0,0,0,0,0,0,0,0,0,0,0,0,0,0,4,0,0,0,0,0,0,0,0,0,0,0,0,0,0,0,0,0,0,0,0,0,0,0,0,0,0,0,0,0,5,0,0,0,0,0,0,0,0,0,0,0,0,0,0,0,0,0,0,0,0,0,0,0,0,0,0,0,0,0,0,0,0,0,0,0,0,0,0,0,0,0,0,3,0,3,3,0,0,0,15
10601110819,core,0,0,0,0,0,0,0,0,0,12,0,0,4,3,5,0,0,0,0,19,7,6,14,7,5,5,3,7,0,53,0,5,17,4,4,4,3,3,0,42,3,5,4,0,6,4,3,10,0,38,4,3,4,4,3,3,9,0,0,37,0,0,0,4,0,0,0,0,0,4,0,0,0,0,0,0,0,0,0,0,0,0,0,0,0,0,0,0,0,0,16,25,45,34,23,15,24,29,4,208
10601110820,core,0,0,0,0,0,0,0,3,0,10,0,0,4,3,5,0,0,8,0,14,0,4,5,3,5,9,3,6,0,33,9,0,7,7,4,0,4,3,0,31,5,0,9,3,0,3,5,6,0,35,0,0,4,4,0,0,8,9,0,19,0,0,0,0,0,0,0,0,0,8,0,0,0,0,0,0,0,0,0,0,0,0,0,0,0,0,0,0,4,4,15,8,29,28,13,13,19,25,3,147
10601110821,core,0,0,0,0,0,3,0,0,0,8,0,0,0,5,0,0,0,0,0,8,0,0,8,3,0,0,3,3,0,24,6,0,6,4,0,6,9,3,0,29,0,0,0,3,0,0,0,7,0,19,0,5,0,7,0,4,4,8,0,21,0,0,0,0,0,0,0,0,0,6,0,0,0,0,0,0,0,0,0,0,0,0,0,0,0,0,0,0,0,0,10,10,18,21,6,12,12,17,5,111
10601110822,core,0,4,4,6,0,6,0,4,0,16,0,0,4,4,3,4,0,4,0,24,6,5,16,8,8,5,10,0,0,54,3,8,6,4,0,3,11,7,0,45,5,5,6,5,8,6,9,9,0,50,0,4,6,4,4,0,5,4,0,29,0,0,0,0,0,0,0,5,0,14,0,0,0,0,0,0,0,0,0,0,0,0,0,0,0,0,0,0,0,0,14,24,46,31,33,17,32,37,5,235
10601110823,core,0,0,0,5,0,3,0,3,0,14,0,0,0,0,0,0,0,0,0,6,3,0,3,0,0,0,0,6,0,8,0,0,6,4,0,0,3,0,0,19,5,0,6,3,4,0,7,3,0,28,5,0,6,0,0,0,0,0,0,15,0,0,0,0,0,0,0,0,0,0,0,0,0,0,0,0,0,0,0,0,0,0,0,0,0,0,0,0,0,0,11,8,30,11,9,3,13,13,4,105
10601110824,core,0,0,0,0,0,0,0,0,0,4,0,0,3,0,0,0,0,0,0,8,0,0,3,0,0,3,0,4,0,9,0,0,0,0,6,0,0,0,0,14,0,0,0,5,3,0,0,3,0,15,0,0,5,0,4,0,0,0,0,7,0,0,0,0,0,0,0,0,0,0,0,0,0,0,0,0,0,0,0,0,0,0,0,0,0,0,0,0,0,0,5,3,10,8,7,4,11,17,5,68
10601110825,core,0,0,0,0,0,6,0,10,0,15,0,0,0,7,7,0,0,5,0,17,6,6,17,13,3,9,3,6,0,63,0,0,6,3,3,9,4,6,0,43,0,3,4,3,0,0,3,16,3,37,0,3,0,3,4,3,0,4,0,13,0,0,0,0,0,0,0,0,0,0,0,0,0,0,0,0,0,0,0,0,0,0,0,0,0,0,0,0,0,0,11,8,24,34,16,22,16,45,6,186
10601110826,core,0,0,0,0,0,0,0,0,0,6,0,0,0,0,0,0,0,0,0,11,0,3,0,5,0,6,3,0,0,20,7,5,4,0,6,0,3,0,0,23,5,5,0,0,4,5,7,0,0,19,0,0,0,0,0,0,6,0,0,13,3,0,0,0,0,0,0,0,0,5,0,0,0,0,0,0,0,0,0,0,0,0,0,0,0,0,0,0,0,0,11,11,11,11,7,9,19,4,5,89
10601110827,core,0,0,0,0,0,0,0,0,0,0,0,0,0,3,0,0,0,0,0,8,0,0,0,0,0,0,0,0,0,5,0,0,0,0,0,0,0,0,0,4,0,0,0,4,3,0,0,0,0,13,0,0,0,0,0,0,0,0,0,6,0,0,0,0,0,0,0,0,0,0,0,0,0,0,0,0,0,0,0,0,0,0,0,0,0,0,0,0,0,0,7,0,5,7,3,7,4,8,0,29
10601110828,core,0,0,0,0,0,0,0,0,0,0,0,0,0,0,0,0,0,0,0,3,0,0,0,0,0,0,0,0,0,4,0,0,0,0,0,0,0,0,0,3,5,0,0,6,0,0,0,0,0,15,6,0,3,0,3,0,0,0,0,10,4,9,0,0,6,0,3,0,4,16,0,0,0,0,0,0,0,0,0,0,0,0,0,0,0,0,0,0,0,0,21,8,3,3,11,3,3,4,4,59
10601110829,core,0,0,3,0,0,5,3,11,0,14,4,0,3,0,0,0,0,5,0,22,6,7,14,6,5,6,0,3,0,46,3,3,9,3,0,3,6,6,0,33,0,7,5,7,8,6,6,10,0,45,0,4,6,3,0,0,5,3,0,24,0,0,0,0,0,0,0,0,0,7,0,0,0,0,0,0,0,0,0,0,0,0,0,0,0,0,0,0,0,0,11,20,38,23,9,18,17,43,6,183
10601110830,core,0,0,0,0,0,3,0,5,6,13,6,3,7,10,0,9,3,8,0,40,3,3,16,15,8,12,4,6,4,83,0,8,11,9,3,3,7,10,0,49,0,3,5,4,4,3,8,8,0,46,5,8,7,14,0,4,3,7,0,45,0,3,0,0,0,0,0,0,0,5,0,0,0,0,0,0,0,0,0,0,0,0,0,0,0,0,0,0,0,0,17,37,50,54,18,28,39,42,9,284
10601110831,core,0,0,0,0,0,0,0,0,0,7,0,0,4,4,0,0,0,0,0,10,3,0,12,0,3,0,0,0,0,23,0,0,0,4,0,0,6,0,0,20,0,0,5,0,0,0,0,8,0,15,0,0,3,9,3,0,0,4,0,18,0,0,0,0,0,3,0,0,0,0,0,0,0,0,0,0,0,0,0,0,0,0,0,0,0,0,0,0,0,0,7,7,22,11,13,11,10,13,0,91
10601110832,core,0,0,0,0,0,0,0,3,0,8,0,0,4,3,0,6,5,4,0,17,4,8,8,8,6,0,4,4,0,36,8,8,8,0,5,3,0,6,0,30,0,3,3,0,0,0,3,4,3,16,4,0,3,0,0,0,3,3,0,14,0,0,0,0,0,0,0,0,0,3,0,0,0,0,0,0,0,0,0,0,0,0,0,0,0,0,0,0,0,0,5,20,18,15,9,5,17,21,6,125
10601110833,core,0,0,0,0,0,0,0,0,0,0,0,0,5,11,0,4,0,0,0,18,0,8,7,5,0,0,5,3,0,30,4,3,4,0,0,0,3,4,0,21,0,7,3,8,0,0,0,0,0,19,6,3,3,7,0,0,0,4,0,24,0,0,0,0,0,0,0,0,0,11,0,0,0,0,0,0,0,0,0,0,0,0,0,0,0,0,0,0,0,0,9,18,19,23,7,8,15,16,6,124
10601110834,core,0,0,0,5,0,0,0,0,0,8,0,6,0,6,3,0,0,0,0,18,4,11,9,7,3,7,0,9,0,46,9,5,0,8,0,6,0,6,0,29,5,0,0,0,5,3,6,5,0,25,0,6,0,3,6,5,0,3,0,32,0,0,0,4,0,0,3,0,0,6,0,0,0,0,0,0,4,0,0,4,0,0,0,0,0,0,0,0,0,0,17,18,16,29,15,21,18,22,0,160
10601110835,core,0,0,3,0,0,0,0,0,0,6,0,0,4,0,0,0,0,0,0,8,6,5,5,8,3,4,0,0,0,22,0,0,0,0,0,0,0,0,0,13,3,0,4,0,0,5,4,4,0,22,0,0,5,0,3,0,0,0,0,14,0,0,0,0,0,0,0,0,0,0,0,0,0,0,0,0,0,0,0,0,0,0,0,0,0,0,0,0,0,0,6,4,19,13,9,8,4,12,0,83
10601110836,core,0,0,5,4,0,3,5,3,0,19,5,0,3,3,7,4,0,4,0,25,3,0,7,11,0,9,7,0,0,51,8,5,11,11,7,0,14,7,0,56,8,0,11,13,5,0,9,9,3,59,4,0,4,0,3,0,5,3,0,25,0,0,0,0,0,0,0,0,0,0,0,0,0,0,0,0,0,0,0,0,0,0,0,0,0,0,0,0,0,0,22,18,39,43,25,21,39,32,7,245
10601110837,core,0,0,0,0,0,3,0,7,0,18,0,0,6,6,0,0,5,0,0,25,3,8,13,16,3,3,8,3,0,67,5,3,6,8,3,3,7,6,0,40,3,10,7,0,3,4,5,3,3,41,0,7,3,9,0,4,9,10,0,41,0,0,0,0,0,0,0,3,0,4,0,0,0,0,0,0,0,0,0,0,0,0,0,0,0,0,0,0,0,0,14,32,39,39,13,22,30,30,8,227
10601110838,core,0,0,3,0,0,0,0,0,0,9,0,3,0,0,0,0,0,7,0,10,3,4,6,6,5,6,5,7,0,34,3,4,0,9,0,0,0,10,5,37,0,3,6,5,0,4,9,0,0,29,0,3,3,4,6,6,3,0,0,27,0,0,0,0,0,0,0,0,0,0,0,0,0,0,0,0,0,0,0,0,0,0,0,0,0,0,0,0,0,0,7,11,23,28,10,21,20,23,8,146
10601110839,core,0,0,0,4,0,3,0,5,0,18,0,0,3,7,0,0,0,0,0,9,3,5,16,3,6,4,4,3,0,47,0,6,9,7,3,0,6,6,0,34,6,0,0,8,4,7,6,6,0,35,0,0,0,3,3,3,4,0,0,15,0,0,0,3,0,0,0,0,0,7,0,0,0,0,0,0,0,0,0,0,0,0,0,0,0,0,0,0,0,0,5,22,32,33,12,20,23,15,3,164
10601110840,core,0,0,0,0,0,5,0,0,0,9,0,0,0,6,0,0,0,5,0,8,3,0,8,3,3,9,3,3,0,30,4,0,4,3,0,3,11,7,0,32,4,4,3,0,0,0,11,7,0,33,0,4,3,0,0,0,0,0,0,18,0,0,0,0,0,0,0,0,0,3,0,0,0,0,0,0,0,0,0,0,0,0,0,0,0,0,0,0,0,0,7,9,21,22,13,14,23,18,0,133
10601110841,core,0,0,0,0,0,0,0,0,0,6,0,0,8,0,0,6,0,0,0,20,0,5,13,5,0,6,3,9,0,52,0,0,10,11,0,0,4,3,0,22,7,0,0,5,4,5,10,4,0,34,0,0,3,5,4,0,0,5,0,21,0,0,0,0,0,0,0,0,0,0,0,0,0,0,0,0,0,0,0,0,0,0,0,0,0,0,0,0,0,0,12,10,38,24,10,18,22,23,0,158
10601110842,core,0,0,4,3,0,9,3,0,0,20,3,0,4,6,0,0,4,4,0,19,0,0,3,3,3,0,5,4,0,24,7,4,6,0,5,0,8,0,0,37,5,9,7,5,7,0,4,8,0,40,7,3,6,4,7,6,3,0,0,31,0,0,0,0,0,0,4,0,0,10,0,0,0,0,0,0,0,0,0,0,0,0,0,0,0,0,0,0,0,0,22,19,28,21,12,13,31,20,0,178
10601110843,core,0,0,0,0,0,3,0,0,0,9,0,3,0,0,0,0,0,6,0,14,5,0,7,10,5,0,3,10,0,39,0,0,5,5,3,0,6,3,0,29,0,3,0,3,0,0,3,8,0,26,0,5,7,3,5,3,3,11,0,41,0,0,4,0,0,0,0,0,0,4,0,0,0,0,0,0,0,0,0,0,0,0,0,0,0,0,0,0,0,0,11,14,28,36,13,13,19,31,0,164
10601110844,core,0,0,0,0,0,4,0,4,0,15,0,0,8,4,0,0,0,7,0,19,0,3,6,14,6,4,0,3,0,35,5,7,6,6,7,0,4,0,0,38,3,5,8,6,0,8,4,3,0,42,0,0,0,0,0,3,5,8,7,24,0,0,0,0,4,0,0,0,0,8,0,0,0,0,0,0,0,0,0,0,0,0,0,0,0,0,0,0,0,0,14,17,31,38,16,19,19,26,3,177
10601110845,core,0,0,0,4,0,4,0,4,0,8,0,0,3,0,0,4,0,0,0,12,4,3,0,8,0,0,5,3,0,19,7,0,6,0,4,0,0,6,0,22,4,4,0,3,0,4,0,3,3,20,4,0,4,0,0,0,6,0,0,15,0,0,0,0,0,0,0,0,0,6,0,0,0,0,0,0,0,0,0,0,0,0,0,0,0,0,0,0,0,0,13,4,10,16,7,18,11,25,4,110
10601110847,core,0,0,3,8,0,9,0,10,0,23,0,3,12,0,0,9,0,4,0,31,3,3,12,14,14,13,5,8,0,69,4,11,8,9,6,5,3,3,0,52,11,5,10,4,11,7,16,10,0,59,3,3,6,8,6,4,10,11,0,40,3,0,0,0,0,0,0,0,0,3,0,0,0,0,0,0,0,0,0,0,0,0,0,0,0,0,0,0,0,0,31,22,57,44,39,34,29,42,0,296
10601110848,core,0,0,0,0,0,0,0,0,0,4,0,0,0,0,0,0,0,0,0,4,0,0,5,5,0,0,0,4,0,20,4,0,6,5,4,0,0,0,0,24,0,0,0,0,3,0,4,8,0,20,3,0,0,0,0,0,4,0,0,20,0,0,0,0,0,0,0,0,0,0,0,0,0,0,0,0,0,0,0,0,0,0,0,0,0,0,0,0,0,0,11,5,21,14,15,5,10,10,3,89
10601110850,core,0,4,6,0,0,7,0,4,0,17,0,0,5,7,0,3,5,0,0,21,7,10,6,3,9,0,3,4,0,37,0,11,7,4,0,0,7,6,0,45,6,9,10,3,11,4,8,6,0,51,6,0,3,8,5,0,11,0,0,31,0,0,3,0,5,0,0,0,0,9,0,0,0,0,0,0,0,0,0,0,0,0,0,0,0,0,0,0,0,0,16,30,35,26,26,15,33,20,0,207
10601110852,core,0,0,3,5,0,0,0,0,0,12,0,0,8,3,0,0,0,0,0,10,0,3,0,7,6,0,3,0,0,20,0,4,5,4,0,3,0,0,0,26,3,3,7,0,5,3,4,0,0,28,4,5,0,0,3,0,0,3,0,21,0,0,0,0,0,0,0,0,0,4,0,0,0,0,0,0,0,0,0,0,0,0,0,0,0,0,0,0,0,0,8,14,25,12,8,12,13,10,0,106
10601110855,core,0,0,0,6,0,6,0,6,0,15,0,7,3,0,4,0,3,10,0,27,0,6,3,3,3,0,4,0,0,28,5,17,11,4,13,0,6,6,0,52,0,15,6,7,5,5,4,0,0,51,3,0,0,5,0,3,4,0,0,16,0,0,0,0,0,0,0,0,0,3,0,0,0,0,0,0,0,0,0,0,0,0,0,0,0,0,0,0,0,0,14,37,26,29,25,18,23,14,6,188
10601110858,core,0,0,0,0,0,4,0,5,0,13,0,0,8,8,0,10,0,8,0,37,0,0,8,8,0,0,9,7,0,41,4,3,0,8,0,0,8,3,3,32,0,0,6,8,4,0,7,3,0,35,6,0,4,3,3,5,0,3,4,25,0,0,0,0,0,0,0,0,0,8,0,0,0,0,0,0,0,0,0,0,0,0,0,0,0,0,0,0,0,0,8,13,33,33,15,15,24,37,7,191
10601110859,core,0,0,9,0,0,11,0,3,0,32,0,0,5,14,0,8,0,0,0,31,5,13,11,16,9,8,13,7,0,82,3,13,5,20,12,7,23,16,3,103,12,0,3,9,7,5,3,10,0,50,3,0,3,0,0,0,0,7,0,13,0,5,0,0,0,0,0,0,0,5,0,0,0,0,0,0,0,0,0,0,0,0,0,0,0,0,0,0,0,0,26,32,42,65,25,36,37,54,4,322
10601110860,core,0,0,0,3,0,0,0,0,0,5,0,0,6,3,0,0,0,0,0,16,3,6,13,15,3,6,0,7,0,62,0,4,0,3,10,7,6,3,0,36,3,0,7,4,3,0,7,6,0,29,0,0,7,4,3,3,10,4,0,33,0,3,0,5,0,0,0,0,0,11,0,0,0,0,0,0,0,0,0,0,0,0,0,0,0,0,0,0,0,0,7,17,29,33,22,18,26,23,0,183
10601110861,core,0,0,0,0,0,0,0,0,0,0,0,0,0,0,0,0,0,0,0,0,0,0,0,0,0,0,0,0,0,0,0,0,0,0,0,0,0,0,0,0,0,0,0,0,0,0,0,0,0,0,0,0,0,0,0,0,0,0,0,0,0,0,0,0,0,0,0,0,0,0,0,0,0,0,0,0,0,0,0,0,0,0,0,0,0,0,0,0,0,0,0,0,0,0,0,0,0,0,0,0
10601110862,core,0,0,0,0,0,0,0,0,0,0,0,0,0,0,0,0,0,0,0,0,0,0,0,0,0,0,0,0,0,0,0,0,0,0,0,0,0,0,0,0,0,0,0,0,0,0,0,0,0,3,0,0,0,0,0,0,0,0,0,3,0,0,0,0,0,0,0,0,0,0,0,0,0,0,0,0,0,0,0,0,0,0,0,0,0,0,0,0,0,0,0,0,0,0,0,0,5,0,0,10
10601110863,core,0,0,0,3,0,6,0,3,0,13,0,0,4,7,0,0,0,0,0,15,0,4,8,11,6,6,6,14,0,54,3,5,10,7,4,4,6,4,0,50,4,0,5,0,4,0,3,4,0,26,0,0,4,4,0,0,4,0,0,17,0,0,0,0,0,0,0,0,0,0,0,0,0,0,0,0,0,0,0,0,0,0,0,0,0,0,0,0,0,0,14,14,38,28,22,17,24,27,4,175
10601110864,core,0,0,12,3,0,6,5,11,0,34,3,3,3,5,0,0,0,3,0,21,3,9,8,8,0,7,0,10,0,50,15,18,6,5,7,5,10,4,3,67,23,8,13,3,18,4,10,4,0,89,9,14,16,4,8,5,7,0,0,72,7,0,0,3,6,0,5,0,0,16,0,0,0,0,0,0,0,0,0,0,0,0,0,0,0,0,0,0,0,4,62,61,61,30,39,36,31,30,5,350
10601110865,core,0,0,0,3,0,3,0,0,0,6,0,0,6,10,0,5,0,7,0,31,3,6,8,9,0,9,10,3,0,53,9,7,8,3,8,4,3,7,0,51,5,0,8,9,3,0,7,6,0,45,3,8,0,3,0,0,9,0,0,27,0,0,0,0,0,0,0,0,0,3,0,0,0,0,0,0,0,0,0,0,0,0,0,0,0,0,0,0,0,0,25,30,39,32,19,23,25,28,0,215
10601110866,core,0,0,9,6,0,11,5,9,0,43,0,5,8,9,3,5,3,4,0,26,9,6,12,13,3,4,7,5,0,58,14,12,12,15,11,6,8,9,0,85,20,9,12,15,8,11,4,5,0,83,5,3,11,4,8,9,4,3,0,46,0,0,0,3,0,4,0,3,0,15,0,0,0,0,0,0,0,0,0,0,0,0,0,0,0,0,0,0,0,0,48,41,62,66,31,50,33,26,8,353
10601110901,core,0,0,4,3,0,6,0,0,0,19,0,0,3,3,0,4,0,0,0,13,0,0,11,9,4,0,3,5,0,36,3,0,6,8,5,0,10,7,0,40,5,6,8,10,3,4,5,6,0,39,3,7,7,4,3,0,9,3,0,37,0,0,0,0,0,0,5,0,0,5,0,0,0,0,0,0,0,0,0,0,0,0,0,0,0,0,0,0,0,0,18,15,36,34,23,15,25,22,4,189
10601110902,core,0,0,4,0,0,6,0,10,0,18,0,0,0,0,4,0,3,4,0,13,4,0,8,7,7,0,6,3,4,46,0,0,3,4,0,6,3,8,0,21,0,0,5,5,5,3,8,6,0,30,4,3,0,4,9,0,0,0,0,20,0,0,0,0,0,0,0,0,0,5,0,0,0,0,0,0,0,0,0,0,0,0,0,0,0,0,0,0,0,0,12,11,21,30,22,15,20,30,4,159
10601110903,core,0,0,6,6,0,4,0,9,0,16,0,0,4,5,0,0,5,3,0,20,0,0,9,5,0,0,3,4,0,23,0,0,8,0,5,0,8,3,0,32,0,6,8,10,6,4,7,6,0,43,5,0,4,4,0,0,7,3,0,13,0,0,0,0,0,0,0,0,0,0,0,0,0,0,0,0,0,0,0,0,0,0,0,0,0,0,0,0,0,0,7,7,37,19,15,9,26,28,4,160
10601110904,core,0,0,0,4,0,0,0,3,0,14,0,0,5,0,0,5,0,0,0,13,3,0,7,7,0,5,4,0,4,28,0,3,3,7,3,0,8,4,0,27,3,0,9,4,3,3,7,4,0,35,0,0,0,0,3,0,3,0,0,15,0,4,0,0,0,0,0,0,0,6,0,0,0,0,0,0,0,0,0,0,0,0,0,0,0,0,0,0,0,0,10,8,22,18,14,13,19,14,6,131
10601110905,core,0,0,0,0,0,8,0,0,0,7,0,7,7,4,3,5,0,0,0,22,0,6,6,0,0,0,0,0,0,20,5,13,9,6,3,0,0,6,0,43,8,0,7,4,3,0,4,6,0,31,3,9,4,5,5,5,0,0,0,35,0,3,0,0,0,4,0,0,0,9,0,0,0,0,0,0,0,0,0,0,0,0,0,0,0,0,0,0,0,0,11,38,30,18,22,16,9,15,8,168
10601110906,core,0,0,10,7,0,4,0,0,0,16,0,3,10,3,0,5,0,0,0,22,5,6,9,0,4,0,0,4,0,26,6,15,9,3,10,0,3,4,0,47,11,12,6,0,9,0,0,4,0,48,10,14,7,6,8,0,0,0,0,55,0,0,4,3,0,0,0,0,0,8,0,0,0,0,0,0,0,0,0,0,0,0,0,0,0,0,0,0,0,0,40,50,50,19,31,13,14,16,4,237
10601110907,core,0,0,0,0,0,3,0,0,4,14,0,0,3,3,0,6,0,5,3,22,0,5,5,4,0,0,0,4,3,21,3,0,0,0,0,0,5,5,6,23,0,4,7,11,0,4,7,12,0,40,0,4,0,0,0,0,0,0,0,9,0,0,0,0,0,0,0,0,0,0,0,0,0,0,0,0,0,0,0,0,0,0,0,0,0,0,0,0,0,0,3,10,13,19,18,12,15,21,5,128
10601110908,core,0,0,8,3,0,0,0,0,0,14,0,0,9,5,0,0,0,5,0,14,0,8,6,5,6,0,4,6,0,40,9,8,14,8,4,4,7,6,7,68,5,9,8,6,6,0,12,3,0,53,5,0,9,4,3,0,6,4,3,24,0,4,0,0,0,0,0,0,0,5,0,0,0,0,0,0,0,0,0,0,0,0,0,0,0,0,0,0,0,0,22,28,43,33,21,16,27,25,8,219
10601110909,core,0,0,0,0,0,3,0,0,0,11,6,0,4,0,3,0,0,4,0,10,5,10,22,6,9,4,7,10,0,74,4,4,6,4,3,0,3,4,0,34,5,3,8,0,5,3,13,5,0,41,0,5,7,5,4,0,5,6,0,23,0,0,0,0,0,0,0,0,0,5,0,0,0,0,0,0,0,0,0,0,0,0,0,0,0,0,0,0,0,0,14,19,45,20,20,12,32,35,4,206
10601110911,core,0,0,0,0,0,0,0,4,0,14,0,0,0,9,0,0,0,0,0,11,0,0,4,4,0,0,5,3,0,18,8,0,4,4,8,0,4,3,0,27,5,9,10,8,4,0,6,3,0,33,6,9,4,5,3,5,6,3,0,29,0,0,0,0,0,0,0,0,0,8,0,0,0,0,0,0,0,0,0,0,0,0,0,0,0,0,0,0,0,0,11,26,16,29,12,14,18,13,0,139
10601110912,core,0,0,6,0,0,6,0,4,0,12,0,0,0,5,0,0,0,0,0,20,4,0,6,4,3,0,0,0,0,21,3,9,0,4,3,0,7,0,0,32,13,9,6,5,0,0,3,5,0,38,4,8,0,4,9,0,4,3,0,34,3,5,0,0,0,0,0,0,0,13,0,0,0,0,0,0,0,0,0,3,0,0,0,0,0,0,0,0,0,0,27,35,21,25,23,11,18,13,11,175
10601110913,core,0,0,0,0,0,0,0,3,0,4,0,0,5,0,5,0,0,0,0,14,0,0,6,0,0,0,0,0,0,14,0,5,9,0,0,3,4,0,0,27,0,4,10,0,8,0,4,6,0,35,7,4,4,4,4,0,3,4,0,28,0,0,0,3,0,0,0,0,0,6,0,0,0,0,0,0,0,0,0,0,0,0,0,0,0,0,0,0,0,0,10,12,29,11,16,5,18,13,0,126
10601110914,core,0,0,3,0,0,8,0,0,0,14,0,0,10,5,3,3,0,0,0,18,4,8,11,3,4,0,7,0,0,36,9,8,5,6,3,3,0,9,0,44,10,10,9,11,7,3,10,4,3,65,10,16,8,4,10,4,3,0,0,48,9,5,0,0,0,0,0,0,0,18,0,0,0,0,0,0,0,0,0,0,0,0,0,0,0,0,0,0,0,0,43,46,43,26,29,19,14,19,3,244
10601110915,core,0,0,8,8,0,0,0,0,0,16,0,0,0,6,0,0,0,0,0,14,6,7,9,0,0,0,0,3,0,26,6,4,9,0,8,0,4,0,0,33,17,13,10,4,4,8,6,5,0,59,12,8,10,0,4,0,0,0,0,46,3,3,3,0,0,0,0,0,0,13,0,0,0,0,0,0,0,0,0,0,0,0,0,0,0,0,0,0,0,0,43,35,48,19,18,13,11,16,3,208
10601110916,core,0,0,7,0,0,6,0,4,0,22,0,0,6,5,0,0,6,5,0,21,3,7,8,3,0,4,3,0,0,40,3,11,4,4,6,0,3,0,0,29,8,9,16,3,16,8,8,3,4,68,4,15,7,0,8,3,7,8,0,58,3,10,0,0,0,0,0,0,0,20,0,0,0,0,0,0,0,0,0,0,0,0,0,0,0,0,0,0,0,0,25,52,50,20,27,20,28,21,4,252
10601110917,core,0,0,7,0,0,3,0,0,0,7,0,0,0,3,4,0,0,0,0,12,4,3,3,0,0,0,5,3,0,21,3,5,6,0,3,0,8,0,0,29,5,3,3,0,4,0,6,0,0,23,3,0,3,3,4,0,3,5,0,26,3,3,0,0,0,0,0,0,0,6,0,0,0,0,0,0,0,0,0,0,0,0,0,0,0,0,0,0,0,0,15,12,21,11,17,6,20,15,3,124
10601110918,core,0,0,0,0,0,4,0,0,0,6,0,0,0,3,0,3,0,0,0,3,0,4,0,0,0,0,0,0,0,5,5,4,3,0,0,0,3,0,0,15,8,4,0,4,3,0,6,0,0,26,5,3,3,3,0,0,3,0,0,23,3,0,0,0,0,0,0,0,0,11,0,0,0,0,0,0,0,0,0,0,0,0,0,0,0,0,0,0,0,0,27,10,8,11,6,9,10,4,0,92
10601110920,core,0,0,0,0,0,0,0,0,0,0,0,0,0,0,0,0,0,0,0,4,0,9,3,0,0,0,0,0,0,21,6,0,0,9,0,0,3,0,0,15,11,13,3,6,3,0,3,0,0,41,6,19,0,0,0,0,0,3,0,43,6,8,0,0,5,0,0,0,0,28,0,0,0,0,0,0,0,0,0,5,0,0,0,0,0,0,0,0,0,0,41,53,17,20,9,4,9,16,7,163
10601110921,core,0,0,0,0,0,0,0,0,0,0,0,0,0,0,0,0,0,0,0,3,0,0,0,0,0,0,0,0,0,5,0,5,7,0,5,0,5,0,0,18,11,12,3,3,0,5,0,8,0,39,5,13,7,0,0,0,4,0,0,35,3,0,3,0,0,0,0,0,0,13,6,0,0,0,0,0,0,0,0,6,0,0,0,0,0,0,0,0,0,0,28,29,18,3,5,8,4,11,3,107
10601110922,core,0,0,0,5,0,0,0,0,0,16,0,0,0,0,0,0,0,0,0,3,4,8,8,0,0,0,0,0,0,22,6,9,3,3,0,0,0,0,0,27,15,16,7,0,9,0,0,10,0,54,5,9,4,8,9,6,4,4,0,47,3,4,4,3,0,4,0,4,0,20,4,0,0,0,0,0,0,0,0,0,0,0,0,0,0,0,0,0,0,0,33,45,32,22,19,15,8,19,0,197
10601110924,core,0,0,0,0,0,0,0,0,0,0,0,0,0,0,0,0,0,0,0,0,0,0,0,0,0,0,0,0,0,0,0,0,0,0,0,0,0,0,0,0,0,0,0,0,0,0,0,0,0,0,0,0,0,0,0,0,0,0,0,0,0,0,0,0,0,0,0,0,0,0,0,0,0,0,0,0,0,0,0,0,0,0,0,0,0,0,0,0,0,0,0,0,0,0,0,0,0,0,0,0
10601110925,core,0,0,0,0,0,0,0,6,0,4,0,0,3,4,0,0,0,0,0,10,4,11,8,3,0,0,0,0,3,29,6,8,9,9,5,0,5,0,0,40,7,0,0,5,3,0,3,0,0,13,0,7,0,0,4,0,0,3,0,10,4,0,0,0,0,0,0,0,0,3,0,0,0,0,0,0,0,0,0,0,0,0,0,0,0,0,0,0,0,0,21,24,24,18,11,5,11,10,3,116
10601110926,core,0,0,7,0,0,5,0,0,0,6,0,0,0,0,0,0,0,0,0,3,0,3,5,3,7,0,0,0,0,19,3,9,8,3,9,3,4,0,0,35,0,4,0,3,6,0,0,0,0,17,0,0,0,0,0,0,0,4,0,3,0,0,0,0,0,3,0,0,0,3,0,0,0,0,0,0,0,0,0,0,0,0,0,0,0,0,0,0,0,0,4,11,20,9,18,13,9,6,0,83
10601110927,core,0,0,4,0,0,0,0,0,0,3,0,0,3,4,0,0,0,0,0,4,0,0,3,4,4,0,0,0,0,12,0,4,3,4,5,0,3,8,0,29,9,7,6,0,9,3,0,4,0,27,6,0,5,0,0,0,4,6,0,24,0,0,0,0,0,0,0,0,0,3,0,0,0,0,0,0,0,0,0,0,0,0,0,0,0,0,0,0,0,0,20,9,24,11,16,7,8,20,0,106
10601110928,core,0,0,3,0,0,4,0,4,0,13,0,0,4,0,0,4,0,0,0,12,0,0,4,0,4,0,0,0,0,15,7,6,3,0,7,0,3,0,0,30,5,6,0,0,6,0,3,0,0,27,0,0,6,0,0,0,0,3,0,11,0,0,0,0,0,0,0,0,0,0,0,0,0,0,0,0,0,0,0,0,0,0,0,0,0,0,0,0,0,0,11,8,24,3,18,9,12,6,0,102
10601110929,core,0,0,0,0,0,0,0,0,0,8,0,0,4,3,3,0,3,7,0,21,0,3,15,8,12,0,5,8,5,56,7,3,13,9,4,0,7,0,0,36,3,4,3,5,0,0,10,6,0,34,0,3,6,4,0,0,0,4,0,19,0,0,0,0,0,0,0,0,0,3,0,0,0,0,0,0,0,0,0,0,0,0,0,0,0,0,0,0,0,0,9,15,36,30,14,11,22,30,4,181
10601110930,core,0,0,4,0,0,0,0,0,0,11,0,0,0,0,4,0,0,0,0,11,0,0,8,0,0,4,0,3,0,22,7,6,10,4,4,0,0,0,0,24,8,7,4,4,3,5,4,3,0,35,7,11,7,4,8,0,4,3,0,47,3,0,0,0,0,0,3,0,0,15,4,0,0,0,0,0,0,0,0,4,0,0,0,0,0,0,0,0,0,3,33,27,35,13,16,6,12,16,5,167
10601111001,external,0,0,0,0,0,0,0,0,0,4,0,0,0,0,0,0,0,0,0,3,0,0,6,0,0,0,0,5,0,15,6,3,8,0,0,0,3,3,0,20,0,7,3,3,0,0,3,0,0,24,0,3,8,0,0,0,0,0,0,16,0,0,0,0,0,0,6,0,0,9,0,0,0,0,0,0,0,0,0,0,0,0,0,0,0,0,0,0,0,0,8,14,24,8,8,3,8,6,0,85
10601111002,external,0,0,0,3,0,4,0,6,0,15,0,3,3,0,0,0,0,7,0,13,3,9,14,3,5,7,3,7,4,57,4,0,19,3,11,5,5,6,0,51,0,13,12,9,8,3,10,4,4,60,3,3,7,12,0,7,7,8,0,45,0,0,0,0,0,0,3,0,0,5,0,0,0,0,0,0,0,0,0,0,0,0,0,0,0,0,0,0,0,0,15,25,58,24,28,25,23,38,6,242
10601111003,external,0,0,0,0,0,6,0,0,0,8,0,0,4,3,4,0,0,0,0,17,0,4,6,4,6,0,4,0,0,33,0,4,5,3,0,5,3,0,0,28,0,0,3,0,3,0,3,3,0,21,0,4,0,3,0,0,0,6,0,21,0,0,0,3,0,0,0,0,0,5,0,0,0,0,0,0,0,0,0,0,0,0,0,0,0,0,0,0,0,0,5,15,24,20,12,18,15,22,4,134
10601111004,external,0,0,3,0,0,0,0,3,0,9,0,4,0,5,0,0,0,5,0,4,0,9,8,3,0,3,0,0,0,35,0,3,4,3,5,0,0,0,0,27,0,0,0,0,0,4,0,0,0,15,0,0,0,3,0,4,6,6,0,18,0,0,0,0,0,0,0,0,0,5,0,0,0,0,0,0,0,0,0,0,0,0,0,0,0,0,0,0,0,0,9,15,19,17,8,12,15,14,0,108
10601111006,external,0,0,0,3,0,3,0,0,0,10,0,0,8,3,0,3,0,4,0,20,0,0,3,0,0,0,0,0,0,7,0,0,4,0,0,3,0,0,0,10,0,4,3,6,3,0,5,0,0,29,0,8,0,4,4,5,7,0,0,29,6,0,0,0,0,0,0,0,0,7,0,0,0,0,0,0,0,0,0,0,0,0,0,0,0,0,0,0,0,0,12,17,19,19,17,14,9,11,0,116
10601111007,external,0,0,3,0,0,6,0,4,0,7,3,0,7,3,0,0,0,4,0,16,0,3,3,0,0,4,0,9,0,24,3,9,7,4,3,5,3,8,0,43,3,3,10,7,0,0,5,5,0,36,0,7,3,10,0,3,8,7,0,38,0,3,5,0,0,0,0,0,0,15,0,0,0,0,0,0,0,0,0,0,0,0,0,0,0,0,0,0,0,0,18,23,36,24,15,16,18,34,3,181
10601111008,external,0,0,3,0,0,0,0,0,0,3,0,0,0,0,0,0,0,0,0,6,0,0,3,5,0,0,0,0,0,7,5,0,4,0,0,0,0,0,0,9,0,4,3,5,0,0,0,0,0,14,4,5,0,0,5,0,0,6,0,24,0,3,0,0,0,0,0,0,0,4,0,0,0,0,0,0,0,0,0,0,0,0,0,0,0,0,0,0,0,0,11,9,14,10,7,0,3,9,0,76
10601111009,external,0,0,6,0,0,5,0,0,0,14,6,3,4,7,0,6,0,3,0,14,0,3,5,9,0,4,0,5,0,24,6,3,5,3,0,0,0,4,0,23,3,0,3,6,8,0,9,8,0,34,3,5,0,0,5,4,6,0,0,32,3,0,0,0,0,0,0,0,0,8,0,0,0,0,0,0,0,0,0,0,0,0,0,0,0,0,0,0,0,0,11,15,28,31,14,14,19,19,5,155
10601111010,external,0,0,0,0,0,0,0,5,0,3,0,0,0,0,0,0,0,0,0,3,0,3,4,0,0,0,3,7,0,18,0,0,3,0,0,0,0,3,0,10,0,3,8,4,5,0,3,0,0,20,0,0,3,6,0,0,0,5,0,18,0,4,0,0,0,0,0,0,0,10,0,0,0,0,0,0,0,0,0,0,0,0,0,0,0,0,0,0,0,0,5,12,17,9,12,0,6,22,0,85
10601111011,external,0,0,9,0,0,10,0,0,0,24,0,0,4,0,0,0,3,0,0,23,7,8,7,4,9,3,3,3,0,36,15,19,15,4,14,0,8,6,0,86,15,15,14,9,8,0,3,4,6,78,8,11,6,3,7,3,5,0,0,55,9,3,0,0,3,5,0,0,0,20,4,0,0,0,0,0,0,0,0,4,0,0,0,0,0,0,0,0,0,0,64,54,59,37,39,23,21,20,8,328
10601111012,external,0,0,0,0,0,6,0,0,0,7,0,0,9,0,0,0,0,0,0,16,0,0,6,5,4,0,0,0,0,18,4,5,12,4,6,0,0,3,0,34,3,8,7,0,7,0,0,5,0,33,7,9,4,8,3,3,0,0,0,37,0,0,4,0,0,0,0,0,0,5,0,0,0,0,0,0,0,0,0,3,0,0,0,0,0,0,0,0,0,0,16,25,38,21,21,7,8,13,4,153
10601111013,external,0,0,0,0,0,0,0,0,0,3,0,0,0,0,0,0,0,3,0,13,4,0,3,0,0,0,0,0,0,17,10,6,11,3,5,4,0,4,0,29,11,8,7,4,3,0,4,3,0,45,10,9,3,0,3,0,5,5,0,35,10,4,0,0,0,0,0,0,0,11,0,0,0,0,0,0,0,0,0,0,0,0,0,0,0,0,0,0,0,0,38,28,28,13,12,8,11,16,3,154
10601111014,external,0,0,0,4,0,0,0,0,0,8,0,0,0,0,0,0,0,0,0,3,0,8,6,0,0,7,0,0,0,22,13,5,4,5,3,0,10,5,0,39,9,4,3,0,4,5,0,0,0,32,8,0,4,0,5,0,5,4,0,33,6,3,0,0,0,0,0,0,0,12,5,0,0,0,0,0,0,0,0,5,0,0,0,0,0,0,0,0,0,0,44,20,18,12,23,15,8,12,0,154
10601111015,external,0,0,5,4,0,0,0,0,0,9,0,0,0,0,0,0,0,3,0,4,0,0,0,3,0,0,0,3,0,5,0,9,0,0,0,0,0,0,0,17,3,3,4,0,4,0,6,6,0,28,8,8,0,4,5,3,0,0,0,26,5,0,0,0,0,0,4,0,0,13,4,0,0,0,0,0,0,0,0,4,0,0,0,0,0,0,0,0,0,0,18,22,7,9,6,6,13,12,3,103
10601111016,external,0,0,0,0,0,0,0,0,0,9,0,0,0,0,0,0,0,0,0,3,4,0,0,0,0,0,0,3,0,9,3,0,5,5,0,0,0,0,0,17,10,4,4,0,3,3,3,4,0,25,18,9,0,0,5,0,0,3,0,36,6,4,0,0,0,0,0,0,0,8,0,0,0,0,0,0,0,0,0,0,0,0,0,0,0,0,0,0,0,0,35,18,9,9,5,8,4,16,0,114
10601111017,external,0,0,0,0,0,0,0,0,0,4,5,0,3,0,0,0,0,6,0,7,0,0,0,0,0,0,0,0,0,7,4,3,3,0,0,0,6,0,0,20,13,3,5,0,4,3,0,0,0,29,13,7,5,0,5,0,5,0,0,33,5,0,0,0,0,0,0,0,0,8,3,0,0,0,0,0,0,0,0,8,0,0,0,0,0,0,0,0,0,0,44,17,18,3,8,6,12,11,0,116
10601111018,external,0,0,0,0,0,0,0,0,0,9,0,0,3,0,0,0,0,3,0,10,5,3,0,0,0,0,0,0,0,6,0,5,6,0,0,0,8,0,0,18,0,8,0,0,4,0,4,3,0,19,15,8,4,0,0,0,0,3,0,36,9,0,0,4,0,0,0,3,0,12,0,0,0,0,0,0,0,0,0,0,0,0,0,0,0,0,0,0,0,0,27,23,16,5,3,5,15,18,3,117
10601111019,external,0,0,4,0,0,0,0,0,0,7,0,3,0,0,0,0,0,0,0,10,0,3,0,0,4,0,0,0,0,20,4,3,5,0,0,0,0,0,0,18,4,7,5,0,7,0,3,0,0,29,8,7,0,6,8,0,0,4,0,36,7,5,0,4,0,0,0,0,0,17,3,0,0,0,0,0,0,0,0,4,0,0,0,0,0,0,0,0,0,0,40,26,15,12,17,6,8,17,0,145
10601111020,external,0,0,3,3,0,4,3,0,0,17,0,3,3,5,4,0,0,7,0,19,0,5,6,3,0,0,0,4,0,23,9,3,8,4,0,5,0,3,0,25,13,11,10,8,9,0,3,3,0,51,9,12,5,0,4,0,6,5,0,45,5,4,0,0,0,0,0,0,0,11,5,0,0,0,0,0,0,0,0,3,0,0,0,0,0,0,0,0,0,0,35,32,31,23,16,11,22,25,0,195
10601111021,external,0,0,0,3,0,9,0,6,0,17,0,0,9,0,0,0,0,0,0,24,4,9,22,11,8,3,4,5,0,68,12,20,13,5,9,0,8,0,0,72,12,14,18,4,15,6,10,0,4,85,11,17,15,5,12,4,8,6,0,69,0,0,0,0,0,0,0,0,0,8,3,0,0,0,0,0,0,0,0,3,0,0,0,0,0,0,0,0,0,0,41,61,74,27,51,26,33,22,10,352
10601111022,external,0,0,0,0,0,0,0,0,0,4,0,0,0,0,0,0,0,0,0,3,0,5,7,5,0,0,3,3,0,30,0,3,3,5,4,0,6,4,0,33,0,0,0,8,0,4,4,3,0,28,10,0,5,0,0,0,4,4,0,24,0,0,0,0,6,0,0,0,0,6,0,0,0,0,0,0,0,0,0,4,0,0,0,0,0,0,0,0,0,0,12,13,27,23,12,7,23,15,0,132
10601111023,external,0,0,0,7,0,4,0,4,0,8,0,0,5,4,0,0,0,0,0,11,0,9,4,3,5,0,3,4,0,35,6,4,9,4,13,5,9,0,0,39,11,3,5,0,4,4,3,5,0,36,4,4,6,7,7,3,7,7,7,43,3,0,6,0,0,0,0,0,0,13,0,0,0,0,0,0,0,0,0,0,0,0,0,0,0,0,0,0,0,0,24,22,27,12,32,13,17,15,7,179
10601111024,external,0,0,4,0,0,5,0,3,0,11,0,0,0,4,0,0,3,0,0,9,11,0,9,4,9,0,0,4,0,39,4,4,7,0,4,5,6,0,0,39,5,10,3,4,8,5,8,4,0,48,4,8,4,4,10,0,3,5,0,41,4,0,0,0,4,0,5,0,0,12,0,0,0,0,0,0,0,0,0,0,0,0,0,0,0,0,0,0,0,0,37,30,27,14,39,16,21,13,6,205
10601111025,external,0,0,4,0,0,0,0,3,0,12,0,0,0,0,0,0,0,0,0,3,0,0,7,3,0,0,0,3,0,17,5,3,3,0,11,0,4,0,0,27,3,10,10,0,0,3,8,8,0,39,14,11,4,0,3,4,0,0,0,40,12,4,3,0,0,0,0,0,0,17,3,0,0,0,0,0,0,0,0,3,0,0,0,0,0,0,0,0,0,0,41,25,28,8,17,8,16,13,0,159
10601111026,external,0,0,0,0,0,0,0,0,0,4,0,0,3,3,4,0,0,4,0,12,0,0,3,0,0,0,0,3,0,20,4,6,4,4,0,0,4,0,0,30,0,9,8,0,8,3,6,3,0,31,7,6,6,6,4,0,4,0,0,28,6,0,0,0,0,0,0,0,0,10,0,0,0,0,0,0,0,0,0,0,0,0,0,0,0,0,0,0,0,0,24,29,25,15,10,6,11,10,0,136
10601111027,external,0,0,0,5,0,4,0,4,0,19,0,0,17,4,0,0,0,3,0,23,10,8,17,6,8,0,6,3,0,59,9,23,17,4,5,5,7,3,0,73,9,13,17,9,10,5,14,12,5,88,13,8,7,9,13,4,12,11,0,70,3,0,4,3,3,0,4,0,0,20,4,0,0,0,0,0,0,0,0,6,0,0,0,0,0,0,0,0,0,0,49,56,82,39,47,15,30,42,5,356
10601111028,external,0,0,0,0,0,3,0,3,0,5,0,0,0,0,0,0,0,0,0,3,0,0,4,7,0,0,5,0,0,14,0,0,4,0,0,0,8,0,0,19,0,0,9,0,0,3,3,0,0,23,0,4,4,0,0,0,0,4,0,14,0,0,0,0,0,0,0,0,0,7,0,0,0,0,0,0,0,0,0,0,0,0,0,0,0,0,0,0,0,0,9,5,18,9,10,6,14,16,3,80
10601111029,external,0,0,0,0,0,4,0,0,0,4,0,0,0,0,0,0,0,0,0,0,3,0,0,0,0,0,0,0,0,8,5,3,0,0,0,0,0,0,0,15,3,0,0,0,4,0,0,0,0,6,0,0,0,0,0,0,0,0,0,4,0,0,0,0,0,0,0,0,0,3,0,0,0,0,0,0,0,0,0,0,0,0,0,0,0,0,0,0,0,0,13,4,5,3,6,4,0,9,0,43
10601111101,core,0,0,3,0,0,0,0,0,0,5,0,0,3,0,0,0,3,0,0,24,0,5,12,12,10,8,9,15,0,54,0,3,10,5,10,0,9,6,0,42,0,4,11,3,3,10,6,9,0,47,0,4,3,6,3,0,7,7,0,23,0,0,0,0,0,0,0,0,0,0,0,0,0,0,0,0,0,0,0,0,0,0,0,0,0,0,0,0,0,0,5,13,50,30,20,14,32,37,0,202
10601111102,core,0,0,0,0,0,3,0,5,0,5,0,0,0,0,0,0,0,0,0,7,0,0,6,4,5,5,0,0,0,23,4,3,4,0,3,0,0,0,0,25,0,0,0,0,0,6,7,5,0,22,6,0,6,6,3,0,3,5,0,30,0,0,0,0,0,0,0,3,0,3,0,0,0,0,0,0,0,0,0,0,0,0,0,0,0,0,0,0,0,0,10,6,20,12,13,8,18,21,0,112
10601111103,core,0,0,0,0,0,0,0,0,0,0,0,0,6,0,0,0,0,0,0,6,0,0,0,3,0,3,0,0,0,6,0,0,3,3,3,0,0,0,0,13,0,0,0,0,0,0,0,4,0,4,0,0,0,0,0,0,0,0,0,0,0,0,0,0,0,0,0,0,0,0,0,0,0,0,0,0,0,0,0,0,0,0,0,0,0,0,0,0,0,0,3,0,0,9,3,4,4,14,0,39
10601111104,core,0,0,6,0,0,0,0,0,0,5,0,0,3,4,0,0,0,0,0,5,3,4,7,0,5,0,5,3,0,19,3,0,4,4,6,0,3,4,0,23,0,0,0,0,0,0,4,3,0,12,0,0,3,0,0,0,3,0,0,7,0,0,3,0,0,0,0,0,0,4,0,0,0,0,0,0,0,0,0,0,0,0,0,0,0,0,0,0,0,0,3,5,22,10,3,3,17,14,0,81
10601111105,core,0,0,0,3,0,4,0,3,0,7,0,0,4,8,0,6,0,0,0,20,4,13,19,8,11,3,7,12,0,74,3,4,0,0,3,0,0,9,0,29,5,3,8,7,0,0,9,4,0,29,0,3,0,0,3,0,3,7,0,20,0,0,0,0,0,0,0,0,0,0,0,0,0,0,0,0,0,0,0,0,0,0,0,0,0,0,0,0,0,0,9,22,42,30,23,12,21,29,0,187
10601111106,core,0,0,0,0,0,5,0,0,0,9,0,3,7,0,3,0,0,3,0,19,0,10,4,9,4,4,5,6,0,39,4,5,12,3,0,0,0,7,0,32,0,4,9,3,3,0,7,4,0,24,5,4,6,5,0,5,3,4,0,28,0,0,0,0,0,0,0,0,0,0,0,0,0,0,0,0,0,0,0,0,0,0,0,0,0,0,0,0,0,0,8,20,27,19,12,18,17,26,0,152
10601111107,core,0,0,0,0,0,3,0,0,0,9,0,0,0,0,4,3,0,3,0,15,4,7,7,0,7,3,3,5,0,27,0,3,7,3,6,0,9,3,0,23,0,4,0,0,0,0,5,4,0,15,0,0,0,0,0,0,0,0,0,11,0,0,0,0,0,0,0,0,0,0,0,0,0,0,0,0,0,0,0,0,0,0,0,0,0,0,0,0,0,0,5,15,17,11,12,13,10,17,0,100
10601111108,core,0,0,0,0,0,4,0,4,0,12,0,0,0,10,0,6,0,4,0,26,5,3,6,10,5,9,6,11,0,50,3,0,7,3,7,0,4,6,0,31,5,4,4,4,0,3,0,8,0,32,0,6,7,0,5,0,4,5,0,33,0,0,0,0,0,0,0,3,0,8,0,0,0,0,0,0,0,0,0,0,0,0,0,0,0,0,0,0,0,0,7,21,38,32,15,22,22,39,4,194
10601111109,core,0,0,0,0,0,4,0,0,0,9,0,4,4,0,0,0,0,5,0,12,0,0,11,3,6,4,4,5,4,43,0,0,8,0,3,0,0,4,0,20,0,7,3,0,3,5,0,11,0,33,4,0,3,3,3,0,0,0,0,19,0,0,0,0,0,0,0,0,0,0,0,0,0,0,0,0,0,0,0,0,0,0,0,0,0,0,0,0,0,0,8,9,32,14,18,9,19,22,4,133
10601111110,core,0,0,0,0,0,5,0,3,0,9,0,7,5,3,3,0,3,3,0,22,0,7,15,6,8,6,4,10,0,57,0,4,5,4,4,0,6,0,0,30,0,0,4,6,8,0,10,8,6,38,0,0,4,6,4,0,4,5,0,23,0,0,0,4,0,0,0,0,0,5,0,0,0,0,0,0,0,0,0,0,0,0,0,0,0,0,0,0,0,0,5,12,34,30,22,20,22,33,7,184
10601111111,core,0,0,0,3,0,5,6,0,0,11,4,0,3,7,0,0,0,5,0,27,6,3,19,8,7,4,0,16,0,57,3,3,3,7,5,8,11,7,0,48,3,8,4,11,3,0,5,9,0,37,0,0,4,9,4,6,5,9,4,32,0,0,0,0,0,0,0,4,0,5,0,0,0,0,0,0,0,0,0,3,0,0,0,0,0,0,0,0,0,0,12,18,37,39,17,23,26,41,8,215
10601111112,core,0,0,10,9,0,9,0,9,0,33,0,3,3,5,0,8,0,5,0,29,4,10,23,5,22,0,6,5,0,76,16,24,30,10,11,4,11,8,0,108,7,20,17,8,13,3,7,4,0,87,10,3,3,5,9,0,5,0,0,40,0,0,0,0,0,0,0,0,0,8,0,0,0,0,0,0,0,0,0,0,0,0,0,0,0,0,0,0,0,0,41,53,84,36,59,26,32,34,0,379
10601111113,core,0,0,3,0,0,8,0,4,0,18,7,0,5,8,0,6,5,6,3,33,4,9,14,8,5,4,5,7,5,51,3,0,7,3,6,5,6,7,0,37,3,8,13,5,9,6,5,0,0,54,0,5,7,3,7,0,5,0,0,31,0,4,0,0,0,0,0,4,0,9,0,0,0,0,0,0,0,0,0,0,0,0,0,0,0,0,0,0,0,0,18,21,58,30,28,24,31,27,6,244
10601111114,core,0,0,0,4,0,3,0,5,0,13,0,6,4,10,0,3,0,9,0,24,0,3,12,13,5,4,4,4,0,45,0,0,7,6,4,4,0,9,0,31,0,7,5,8,13,0,5,6,0,40,0,3,3,3,6,0,5,5,0,27,0,0,0,0,0,0,0,0,0,9,0,0,0,0,0,0,0,0,0,0,0,0,0,0,0,0,0,0,0,0,8,14,39,34,18,17,21,33,0,188
10601111115,core,0,0,8,4,0,0,3,6,3,25,0,0,5,7,9,5,3,3,0,35,4,5,9,6,6,3,12,6,0,63,4,0,10,5,0,10,4,5,0,37,6,3,6,7,10,0,11,4,5,55,0,7,6,5,0,5,3,8,0,31,0,0,0,3,0,0,0,0,0,6,0,0,0,0,0,0,0,0,0,0,0,0,0,0,0,0,0,0,0,0,15,21,47,38,27,27,35,38,11,251
10601111116,core,0,0,0,0,0,0,0,6,0,18,0,0,3,6,0,9,0,0,0,19,4,0,13,3,8,7,5,5,0,44,4,0,12,4,0,0,8,4,0,39,0,3,4,4,11,3,4,6,0,42,0,0,0,3,3,0,6,0,0,20,0,0,0,0,0,0,0,3,0,0,0,0,0,0,0,0,0,0,0,0,0,0,0,0,0,0,0,0,0,0,9,8,32,23,29,22,24,28,6,177
10601111117,core,0,0,0,4,0,0,0,0,0,7,0,0,0,0,0,3,0,0,0,3,0,3,9,8,8,4,3,4,0,43,5,3,8,0,8,0,5,4,0,33,4,5,6,0,4,4,0,0,0,29,3,5,8,0,10,0,6,0,0,29,0,0,0,0,0,0,0,0,0,4,0,0,0,0,0,0,0,0,0,0,0,0,0,0,0,0,0,0,0,0,19,16,30,16,23,12,21,14,5,147
10601111118,core,0,0,0,0,0,0,0,0,0,0,0,0,0,0,0,5,0,4,0,13,4,0,7,0,0,0,4,5,0,21,0,3,3,3,6,0,3,0,0,20,0,3,7,5,9,3,9,7,0,39,5,5,9,7,3,6,3,0,0,32,0,0,0,0,0,0,0,0,0,3,0,0,0,0,0,0,0,0,0,0,0,0,0,0,0,0,0,0,0,0,12,10,25,20,23,11,20,15,0,121
10601111121,core,0,0,0,8,0,0,0,0,0,14,0,0,6,0,0,0,0,6,0,15,3,0,8,9,4,9,0,0,0,25,0,0,5,3,5,0,0,0,0,22,5,5,7,5,4,0,5,3,0,31,0,6,4,0,6,0,6,8,0,26,0,0,0,0,0,0,5,0,0,4,0,0,0,0,0,0,0,0,0,0,0,0,0,0,0,0,0,0,0,0,10,10,29,28,16,13,15,20,0,139
10601111122,core,0,0,0,0,0,0,0,0,0,0,0,0,0,0,0,0,6,3,0,10,7,3,4,4,4,0,0,5,0,28,4,0,5,3,0,3,9,4,0,27,0,0,0,6,3,4,7,3,0,23,0,0,4,3,5,0,7,6,0,26,0,0,0,0,0,0,3,0,0,4,0,0,0,0,0,0,0,0,0,0,0,0,0,0,0,0,0,0,0,0,7,7,18,16,18,12,22,14,0,117
10601111123,core,0,0,5,3,0,0,0,0,0,8,0,0,8,5,0,0,0,0,0,24,7,5,12,14,6,0,5,8,0,59,3,3,10,0,0,0,6,0,0,28,0,6,9,3,0,4,6,6,0,34,3,0,10,8,0,4,16,9,0,39,4,0,0,0,0,0,0,0,0,7,0,0,0,0,0,0,0,0,0,0,0,0,0,0,0,0,0,0,0,0,22,18,42,26,17,12,39,23,5,196
10601111124,core,0,0,0,6,0,0,3,3,0,14,0,0,3,5,0,0,4,3,0,21,0,0,10,0,9,0,9,3,0,39,8,0,10,7,3,0,3,8,0,42,3,5,5,4,6,4,3,7,0,37,0,3,5,0,0,3,6,8,0,27,0,0,0,0,0,0,0,0,0,0,0,0,0,0,0,0,0,0,0,0,0,0,0,0,0,0,0,0,0,0,15,17,33,22,21,13,36,30,5,189
10601111125,core,0,0,4,0,0,0,0,0,0,4,0,0,4,3,0,0,0,0,0,6,4,0,4,6,3,0,0,3,0,27,3,5,6,0,8,0,0,4,0,24,4,0,3,4,3,0,6,6,0,30,5,5,3,3,4,0,0,4,0,30,0,0,0,0,0,0,0,0,0,0,0,0,0,0,0,0,0,0,0,3,0,0,0,0,0,0,0,0,0,0,13,10,23,17,18,9,21,20,0,131
10601111126,core,0,0,9,0,0,6,0,5,0,23,0,5,8,0,3,3,0,0,0,22,0,4,10,7,3,6,3,3,0,32,5,8,14,8,0,4,9,4,0,50,8,3,9,10,7,4,12,9,0,55,3,5,4,5,3,0,5,0,0,25,0,4,0,0,0,0,3,0,0,4,0,0,0,0,0,0,0,0,0,0,0,0,0,0,0,0,0,0,0,0,19,24,48,32,23,23,32,28,0,229
10601111127,core,0,0,3,0,0,10,0,0,0,16,0,0,0,9,0,0,0,3,0,11,4,10,15,11,8,3,7,16,0,74,3,7,5,5,4,3,4,3,3,38,5,3,7,13,3,0,6,3,0,40,3,0,7,6,4,4,0,0,0,29,0,0,0,0,0,0,0,0,0,4,0,0,0,0,0,0,0,0,0,0,0,0,0,0,0,0,0,0,0,0,16,25,36,29,25,21,26,28,5,214
10601111128,core,0,0,0,4,0,3,0,0,8,18,0,0,6,3,0,5,0,3,0,26,9,4,9,4,8,11,4,4,0,52,0,0,11,3,8,0,3,6,0,39,0,0,4,9,9,6,7,11,0,44,0,0,3,0,0,0,0,0,0,12,0,0,0,0,4,0,0,0,0,9,0,0,0,0,0,0,0,0,0,0,0,0,0,0,0,0,0,0,0,0,14,10,37,24,32,19,18,31,8,189
10601111129,core,0,0,0,0,0,0,0,0,0,5,0,0,4,5,0,0,0,0,0,14,4,0,12,3,10,3,6,5,5,55,0,4,7,3,5,0,9,8,0,34,0,0,3,10,3,0,6,9,0,38,0,0,0,8,0,0,6,8,0,26,0,0,0,0,0,0,0,0,0,0,0,0,0,0,0,0,0,0,0,0,0,0,0,0,0,0,0,0,0,0,10,12,28,27,19,12,23,25,5,161
10601111130,core,0,0,7,0,0,0,0,5,0,17,4,3,7,3,0,0,0,0,0,24,9,7,7,12,3,4,3,6,0,53,8,0,6,5,3,7,9,4,4,37,7,7,9,9,9,0,14,9,0,56,0,7,3,0,3,7,0,0,0,37,0,0,0,0,0,0,0,4,0,3,0,0,0,0,0,0,0,0,0,0,0,0,0,0,0,0,0,0,0,0,24,28,42,29,21,22,37,23,6,231
10601111131,core,0,0,3,0,0,3,0,3,0,13,0,0,3,3,0,4,0,9,0,20,0,3,10,6,3,0,0,8,4,29,4,4,3,5,0,0,4,4,0,30,4,0,5,8,10,10,3,5,0,40,0,0,3,0,5,0,5,3,0,29,0,4,0,0,0,0,0,4,0,9,0,0,0,0,0,0,0,0,0,0,0,0,0,0,0,0,0,0,0,0,7,15,29,23,21,21,17,29,3,167
10601111132,core,0,0,0,6,0,0,0,0,0,9,0,0,3,7,0,5,0,0,0,18,0,0,7,8,3,4,0,4,0,43,0,0,5,0,8,6,8,4,0,30,0,5,8,5,3,5,4,0,0,33,0,0,5,7,3,0,4,4,0,13,0,0,0,0,0,0,0,0,0,3,0,0,0,0,0,0,0,0,0,0,0,0,0,0,0,0,0,0,0,0,5,3,33,27,18,22,21,25,0,155
10601111133,core,0,0,0,0,0,3,0,4,0,7,0,0,3,9,0,8,0,3,0,28,0,8,8,9,3,5,8,3,0,48,0,7,6,5,0,9,0,9,0,24,3,0,0,0,6,0,9,3,0,27,0,0,6,0,0,4,0,3,0,18,0,0,0,0,0,0,0,0,0,0,0,0,0,0,0,0,0,0,0,0,0,0,0,0,0,0,0,0,0,0,9,12,27,22,10,32,19,22,3,147
10601111134,core,0,0,3,0,0,6,0,0,0,12,6,0,0,3,5,3,0,0,0,18,4,0,11,0,4,4,0,3,0,36,0,0,0,0,4,5,3,6,0,21,6,0,5,7,5,3,11,8,0,36,0,0,4,9,3,0,0,0,0,20,0,0,0,0,0,0,0,0,0,0,0,0,0,0,0,0,0,0,0,0,0,0,0,0,0,0,0,0,0,0,12,10,33,15,17,16,16,21,0,134
10601111135,core,0,0,0,0,0,0,0,5,0,4,0,0,6,0,0,0,0,0,0,13,6,4,5,3,3,0,3,5,0,33,0,5,0,6,8,3,9,3,0,33,0,0,3,3,0,5,10,4,0,28,4,0,0,3,0,6,0,6,0,26,0,0,0,0,0,0,0,0,0,3,0,0,0,0,0,0,0,0,0,0,0,0,0,0,0,0,0,0,0,0,9,13,18,15,17,11,20,25,0,133
10601111136,core,0,0,0,0,0,0,0,0,0,0,3,0,0,0,0,0,0,3,0,13,6,0,4,5,6,3,4,8,0,37,0,0,3,3,3,3,3,6,0,19,0,0,6,0,3,0,9,9,0,20,0,0,5,5,6,0,0,7,5,20,0,0,0,0,0,0,0,3,0,7,0,0,0,0,0,0,0,0,0,0,0,0,0,0,0,0,0,0,0,0,10,9,16,13,15,11,21,31,0,121
10601111137,core,0,0,0,0,0,0,0,0,0,0,0,0,0,0,0,0,0,0,0,0,0,0,0,0,0,0,0,0,0,0,0,0,0,0,0,0,0,0,0,0,0,0,0,0,0,0,0,0,0,0,0,0,0,0,0,0,0,0,0,0,0,0,0,0,0,0,0,0,0,0,0,0,0,0,0,0,0,0,0,0,0,0,0,0,0,0,0,0,0,0,0,0,0,0,0,0,0,0,0,0
10601111138,core,0,0,3,0,0,4,0,5,0,11,0,0,3,0,5,0,0,0,0,12,0,3,5,11,4,0,0,3,0,35,0,0,5,0,0,0,3,3,0,14,5,5,0,3,0,4,5,0,0,26,4,0,0,5,4,0,0,0,0,19,0,0,0,0,0,0,0,0,0,3,0,0,0,0,0,0,0,0,0,0,0,0,0,0,0,0,0,0,0,0,10,11,13,22,20,3,17,17,0,114
10601111139,core,0,0,0,0,0,0,0,0,0,0,0,0,0,0,0,0,0,0,0,0,0,0,0,0,0,0,0,0,0,0,0,0,0,0,0,0,0,0,0,5,0,0,0,0,0,0,0,0,0,0,0,0,0,0,0,0,0,0,0,0,0,0,0,0,0,0,0,0,0,0,0,0,0,0,0,0,0,0,0,0,0,0,0,0,0,0,0,0,0,0,0,0,0,0,0,0,0,0,0,5
10601111140,core,0,0,0,0,0,5,4,4,0,10,3,0,3,3,0,3,0,0,0,21,0,4,13,9,5,0,6,6,0,42,3,9,5,3,0,4,7,3,0,39,8,6,9,3,3,0,4,9,0,40,0,0,3,0,3,5,4,7,0,30,0,0,6,0,0,0,0,0,0,9,0,0,0,0,0,0,0,0,0,0,0,0,0,0,0,0,0,0,0,0,20,24,32,26,15,19,27,41,0,202
10601111141,core,0,0,3,0,0,7,0,4,0,16,0,0,4,3,0,0,0,0,0,9,3,8,10,0,9,0,7,3,0,34,0,9,8,4,14,4,3,0,0,47,10,4,4,5,6,3,6,4,0,37,4,3,0,3,11,0,5,3,0,31,0,0,0,0,0,0,0,0,0,7,0,0,0,0,0,0,0,0,0,0,0,0,0,0,0,0,0,0,0,0,14,21,33,19,29,18,24,18,0,181
10601111142,core,0,0,0,0,0,0,0,0,0,0,0,0,0,0,0,0,0,0,0,0,0,0,0,0,0,0,0,0,0,7,0,0,5,0,0,0,0,0,0,3,0,0,0,0,0,0,0,0,0,0,0,0,0,0,0,0,0,0,0,0,0,0,0,0,0,0,0,0,0,0,0,0,0,0,0,0,0,0,0,0,0,0,0,0,0,0,0,0,0,0,6,0,4,0,4,0,0,0,0,12
10601111143,core,0,0,0,0,0,0,0,0,0,3,0,0,4,0,0,7,0,3,0,17,0,4,9,0,4,4,0,0,0,24,0,3,4,0,0,0,0,6,0,16,0,0,0,0,4,0,0,3,0,14,4,3,0,0,0,0,3,0,0,15,0,0,0,3,0,0,0,0,0,0,0,0,0,0,0,0,0,0,0,0,0,0,0,0,0,0,0,0,0,0,12,4,19,12,12,14,9,22,0,102
10601111144,core,0,0,0,0,0,4,0,0,0,6,0,5,0,3,0,0,0,0,0,9,0,0,6,0,0,0,0,4,0,21,0,6,0,5,3,0,6,3,0,19,0,3,5,8,3,0,3,0,0,24,0,3,0,0,0,0,0,3,0,11,3,0,0,0,0,0,0,0,0,3,0,0,0,0,0,0,0,0,0,0,0,0,0,0,0,0,0,0,0,0,9,12,12,20,13,8,14,19,5,93
10601111146,core,0,0,0,0,0,0,0,0,0,0,0,0,0,0,0,0,0,0,0,0,0,0,0,0,0,0,0,0,0,0,0,0,0,0,0,0,0,0,0,0,0,0,0,0,0,0,0,0,0,0,0,0,0,0,0,0,0,0,0,0,0,0,0,0,0,0,0,0,0,0,0,0,0,0,0,0,0,0,0,0,0,0,0,0,0,0,0,0,0,0,0,0,0,0,0,0,0,0,0,0
10601111147,core,0,0,0,6,0,13,0,4,0,17,0,0,9,4,3,6,4,6,0,29,0,3,7,8,9,0,0,3,0,33,11,10,13,9,9,5,10,10,0,64,9,10,18,4,3,3,8,6,0,59,10,5,5,7,11,8,10,8,3,65,0,0,0,0,6,3,3,0,0,15,0,0,0,0,0,0,0,0,0,0,0,0,0,0,0,0,0,0,0,0,25,38,55,25,32,34,45,29,6,290
10601111148,core,0,0,4,4,0,3,0,4,0,17,0,5,4,7,0,9,0,5,0,25,0,18,17,13,8,3,0,10,0,71,10,13,9,13,9,4,10,4,0,66,6,3,7,5,8,4,4,3,0,38,3,0,3,3,7,3,3,8,0,29,0,0,0,0,0,0,0,0,0,3,0,0,0,0,0,0,0,0,0,0,0,0,0,0,0,0,0,0,0,0,22,36,43,41,29,22,20,32,0,242
10601111149,core,0,0,3,3,0,5,0,5,0,24,4,4,7,8,0,0,0,3,0,29,7,12,3,3,8,0,7,7,3,58,5,14,8,7,9,5,8,4,0,67,5,8,12,4,12,3,9,7,0,57,0,9,9,0,7,0,3,0,0,28,0,0,0,0,0,0,0,0,0,0,0,0,0,0,0,0,0,0,0,0,0,0,0,0,0,0,0,0,0,0,18,41,46,23,38,19,32,36,3,261
10601111150,core,0,0,0,0,0,3,0,3,0,10,0,0,6,0,3,4,0,4,0,27,8,18,23,10,19,9,17,7,0,109,6,8,13,5,6,4,6,5,0,47,0,3,6,0,3,0,0,6,0,16,0,0,0,0,3,0,4,0,0,7,0,0,0,0,0,0,0,0,0,0,0,0,0,0,0,0,0,0,0,0,0,0,0,0,0,0,0,0,0,0,14,28,47,26,35,22,26,20,7,224
10601111151,core,0,0,0,0,0,0,0,0,0,0,0,0,0,0,0,0,0,6,0,9,0,6,4,0,3,3,0,4,0,11,0,0,0,0,3,0,0,0,0,16,3,3,0,0,0,0,3,0,0,18,0,0,0,0,0,0,3,6,0,11,0,0,0,0,0,0,0,0,0,5,0,0,0,0,0,0,0,0,0,0,0,0,0,0,0,0,0,0,0,0,8,6,8,12,12,3,8,8,0,76
10601111152,core,0,0,0,0,0,3,0,4,0,6,0,0,0,6,4,0,0,0,0,14,9,14,22,17,11,4,9,9,4,107,11,15,5,8,6,0,9,0,0,54,0,5,5,6,0,0,0,3,0,19,0,4,3,0,0,0,4,0,0,11,0,0,0,0,3,0,0,3,0,3,0,0,0,0,0,0,0,0,0,0,0,0,0,0,0,0,0,0,0,0,16,39,41,33,23,9,30,20,0,222
10601111153,core,0,0,0,3,3,7,0,6,0,16,0,4,4,3,0,4,0,0,0,22,10,9,15,15,11,7,14,14,0,92,0,11,13,7,8,4,4,8,0,47,0,0,5,3,0,0,6,5,0,18,0,3,3,0,0,0,0,0,0,7,0,0,0,0,0,0,0,0,0,0,0,0,0,0,0,0,0,0,0,0,0,0,0,0,0,0,0,0,0,0,8,27,39,30,27,20,20,26,5,204
10601111154,core,0,0,0,3,0,4,0,4,0,8,0,3,5,13,0,0,0,0,0,27,11,14,17,15,18,14,15,12,3,113,14,12,10,4,17,9,18,0,0,70,3,0,5,3,9,0,0,0,0,21,4,0,0,0,4,0,0,0,3,13,0,0,0,0,0,0,0,0,0,0,0,0,0,0,0,0,0,0,0,0,0,0,0,0,0,0,0,0,0,0,26,27,38,44,48,31,34,15,5,264
10601111155,core,0,0,4,0,0,3,5,6,0,17,4,0,13,8,0,5,7,0,0,43,15,12,13,17,9,11,18,12,3,102,5,4,0,11,3,5,0,3,0,43,0,4,3,0,5,0,3,0,0,22,0,0,0,0,0,0,0,0,0,8,0,0,0,0,0,0,0,0,0,0,0,0,0,0,0,0,0,0,0,0,0,0,0,0,0,0,0,0,0,0,19,25,33,40,25,27,33,22,9,233
10601111156,core,0,0,0,5,0,3,0,7,0,14,0,6,3,11,3,5,4,3,0,37,12,26,20,13,13,4,9,11,0,106,0,6,11,15,5,5,0,5,0,46,0,0,0,3,5,0,0,3,0,24,0,0,0,0,9,0,0,0,0,16,0,0,0,3,0,0,0,0,0,3,0,0,0,0,0,0,0,0,0,0,0,0,0,0,0,0,0,0,0,0,19,44,39,43,34,26,21,30,0,248
10601111157,core,0,0,0,0,0,0,0,0,0,0,0,0,0,0,0,0,0,0,0,0,0,0,0,0,0,0,0,0,0,0,0,0,0,0,0,0,0,0,0,0,0,0,0,0,0,0,0,0,0,0,0,0,0,0,0,0,0,0,0,0,0,0,0,0,0,0,0,0,0,0,0,0,0,0,0,0,0,0,0,0,0,0,0,0,0,0,0,0,0,0,0,0,0,0,0,0,0,0,0,4
10601111158,core,0,0,3,0,6,6,3,6,0,21,0,3,8,6,0,4,0,0,0,22,4,10,13,20,10,5,5,6,0,73,3,9,13,11,9,3,14,3,0,77,10,7,17,9,8,6,10,3,0,59,0,3,6,3,10,6,12,0,0,45,0,0,0,0,0,0,0,0,0,3,0,0,0,0,0,0,0,0,0,0,0,0,0,0,0,0,0,0,0,0,17,38,60,54,35,24,42,28,4,307
10601111159,core,0,0,0,0,0,0,0,0,0,0,0,0,0,0,0,0,0,0,0,0,0,0,0,0,0,0,0,0,0,0,0,0,0,0,0,0,0,0,0,0,0,0,0,0,0,0,0,0,0,0,0,0,0,0,0,0,0,0,0,0,0,0,0,0,0,0,0,0,0,0,0,0,0,0,0,0,0,0,0,0,0,0,0,0,0,0,0,0,0,0,0,0,0,0,0,0,0,0,0,0
10601111201,external,0,0,4,0,0,0,0,4,0,11,0,4,0,5,5,0,4,4,0,17,4,10,13,6,7,4,15,0,0,59,5,0,4,10,0,0,6,0,0,19,0,8,7,0,0,0,7,5,0,36,4,0,4,5,0,6,5,3,0,27,3,0,0,0,0,3,0,0,0,3,0,0,0,0,0,0,0,0,0,0,0,0,0,0,0,0,0,0,0,0,19,23,33,21,15,16,34,16,3,175
10601111202,external,0,0,0,3,0,8,0,4,0,23,0,0,3,4,4,0,0,4,0,24,4,5,9,10,6,0,5,5,0,37,0,10,6,4,7,8,12,4,4,48,4,6,7,6,8,0,0,3,0,33,0,0,4,0,3,0,12,0,0,20,0,0,0,0,0,0,0,0,0,0,0,0,0,0,0,0,0,0,0,0,0,0,0,0,0,0,0,0,0,0,13,20,24,25,35,25,28,16,4,183
10601111203,external,0,0,0,0,0,10,0,10,0,23,3,3,7,0,3,3,0,6,0,29,3,4,21,12,4,4,12,8,0,58,8,8,14,5,6,10,11,3,0,61,11,12,8,4,16,3,13,0,0,64,8,13,11,0,9,4,8,0,0,49,0,0,0,0,0,0,0,0,0,9,0,0,0,0,0,0,0,0,0,0,0,0,0,0,0,0,0,0,0,0,25,35,62,28,36,30,44,24,0,282
10601111204,external,0,0,3,0,0,6,0,6,0,10,0,0,0,0,0,0,0,0,0,9,0,7,4,0,0,0,3,0,0,25,5,8,3,0,5,0,9,0,0,36,7,9,7,0,7,0,0,0,0,30,4,3,9,3,6,5,3,0,0,34,0,0,0,0,3,5,5,0,0,7,0,0,0,0,0,0,0,0,0,5,0,0,0,0,0,0,0,0,0,0,17,27,28,11,30,12,23,14,0,162
10601111205,external,0,0,0,0,0,4,0,5,0,10,0,0,0,0,0,4,0,0,0,14,0,7,6,5,3,3,0,9,4,38,0,0,11,0,8,0,5,4,0,23,3,3,4,0,6,0,4,3,0,27,0,0,6,3,3,3,0,4,0,15,0,0,0,0,0,0,0,0,0,8,0,0,0,0,0,0,0,0,0,0,0,0,0,0,0,0,0,0,0,0,9,15,28,16,16,14,19,22,3,136
10601111206,external,0,0,0,0,0,0,0,3,0,16,4,0,0,6,5,0,4,0,0,20,0,4,4,4,3,8,4,4,0,22,3,0,5,3,3,3,0,3,7,21,7,6,4,4,0,0,3,4,0,29,0,5,4,3,4,4,4,0,0,30,0,0,0,3,0,0,0,0,0,5,0,0,0,0,0,0,0,0,0,0,0,0,0,0,0,0,0,0,0,0,13,17,19,18,10,19,18,20,8,135
10601111207,external,0,0,0,0,0,0,0,3,0,9,0,0,4,0,0,0,0,0,0,6,0,6,4,0,0,0,3,0,0,24,3,0,5,3,3,0,3,0,0,21,5,0,0,0,0,0,5,6,6,12,3,0,3,0,0,0,0,3,0,20,0,3,0,6,0,0,0,0,0,3,0,0,0,0,0,0,0,0,0,0,0,0,0,0,0,0,0,0,0,0,14,10,21,7,11,3,10,13,6,93
10601111208,external,0,0,0,0,0,0,0,0,0,0,0,0,4,3,0,0,0,0,3,12,0,3,3,0,5,4,0,0,0,17,0,3,0,4,0,0,5,0,0,12,0,0,0,4,0,0,3,4,0,15,0,0,3,3,0,0,6,3,4,17,0,0,0,0,0,0,0,0,0,0,0,0,0,0,0,0,0,0,0,0,0,0,0,0,0,0,0,0,0,0,5,6,11,12,6,3,18,12,3,72
10601111209,external,0,0,6,0,0,4,0,6,0,15,0,3,4,7,0,3,0,9,0,24,9,6,16,5,4,3,6,4,0,51,4,3,4,5,5,4,10,5,0,39,6,7,6,4,10,4,9,3,4,57,0,0,8,8,0,0,9,6,0,31,0,0,0,0,5,0,4,0,0,12,0,0,0,0,0,0,0,0,0,0,0,0,0,0,0,0,0,0,0,0,22,21,40,39,27,23,36,23,3,222
10601111210,external,0,0,6,160,0,9,0,11,4,182,10,0,0,149,0,0,0,6,0,168,13,9,0,52,4,0,9,5,0,94,8,7,5,4,4,0,6,4,0,44,10,9,3,6,4,4,14,5,3,64,7,8,3,4,7,0,10,4,0,43,6,0,0,0,6,0,0,0,0,17,0,0,0,0,0,0,0,0,0,0,3,0,0,0,0,0,0,0,0,3,57,37,30,368,24,11,34,27,9,605
10601111211,external,0,0,0,0,0,0,0,0,0,0,0,0,3,0,0,0,0,0,0,12,0,0,5,0,5,0,0,0,0,13,3,0,4,0,3,0,3,0,0,8,3,0,0,0,4,0,7,4,0,17,4,3,0,0,0,0,8,0,0,16,6,0,0,0,0,0,0,0,0,6,0,0,0,0,0,0,0,0,0,0,0,0,0,0,0,0,0,0,0,0,20,3,12,3,11,5,15,7,0,83
10601111213,external,0,0,0,0,0,3,0,5,0,11,4,0,0,4,4,3,0,3,0,16,0,7,7,4,0,0,12,6,0,38,4,3,8,0,0,0,10,0,0,33,4,0,0,0,0,3,8,4,0,33,6,0,6,3,4,3,4,5,0,30,0,0,0,0,0,0,0,0,0,5,0,0,0,0,0,0,0,0,0,0,0,0,0,0,0,0,0,0,0,0,15,11,29,17,15,13,34,19,4,161
10601111214,external,0,0,0,0,0,4,0,0,0,4,0,0,0,0,0,0,3,5,0,17,6,23,16,8,7,6,3,4,0,79,5,14,5,5,0,3,3,0,0,39,3,3,5,7,9,4,14,7,0,56,6,9,7,4,4,4,5,3,0,33,0,0,0,0,0,0,0,0,0,0,0,0,0,0,0,0,0,0,0,0,0,0,0,0,0,0,0,0,0,0,28,49,36,27,25,23,31,12,0,231
10601111215,external,0,0,4,0,0,0,0,0,0,5,0,0,0,4,0,0,0,0,0,10,3,3,7,0,6,8,5,3,0,33,4,0,5,0,4,0,6,0,0,29,4,3,5,4,4,0,0,3,0,21,0,4,0,0,0,0,4,5,0,14,0,0,0,0,0,0,0,0,0,9,0,0,0,0,0,0,0,0,0,0,0,0,0,0,0,0,0,0,0,0,19,16,23,8,13,13,17,12,0,122
10601111216,external,0,0,0,0,0,3,0,0,0,9,0,0,3,3,3,0,0,4,0,20,0,4,10,0,3,0,4,3,0,35,3,3,8,0,3,0,0,5,0,20,6,0,4,0,0,0,6,5,0,26,0,0,3,3,3,0,5,0,0,15,0,0,0,0,0,0,0,0,0,4,0,0,0,0,0,0,0,0,0,0,0,0,0,0,0,0,0,0,0,0,20,8,33,9,17,6,24,20,0,136
10601111217,external,0,0,0,3,0,5,0,0,0,10,0,4,4,0,0,0,0,0,0,13,4,11,12,9,6,0,13,0,0,52,4,5,5,4,0,0,7,4,0,32,5,10,5,4,4,0,15,0,0,44,0,0,3,0,0,0,8,5,0,16,0,0,0,0,0,0,0,0,0,0,0,0,0,0,0,0,0,0,0,0,0,0,0,0,0,0,0,0,0,0,6,27,29,24,15,9,41,12,0,167
10601111218,external,0,0,0,0,0,0,0,0,0,13,0,0,3,0,0,0,0,0,0,10,0,7,5,7,4,0,4,7,0,39,6,7,0,0,5,5,11,6,0,32,6,5,10,0,5,0,3,3,0,38,0,7,0,0,3,3,7,0,0,25,0,0,0,0,0,0,0,0,0,0,0,0,0,0,0,0,0,0,0,0,0,0,0,0,0,0,0,0,0,0,15,31,28,19,18,9,31,18,0,161
10601111219,external,0,0,0,0,0,6,0,3,0,3,0,0,5,0,6,3,3,3,0,26,5,3,9,8,5,0,11,8,4,47,0,5,6,3,7,0,5,3,0,22,6,0,9,6,0,4,7,4,0,34,0,3,8,3,3,0,12,3,0,39,0,0,0,0,0,0,0,0,0,4,0,0,0,0,0,0,0,0,0,0,0,0,0,0,0,0,0,0,0,0,13,17,26,22,17,16,36,27,9,180
10601111220,external,0,0,3,0,0,3,0,0,0,3,0,0,0,0,0,0,0,0,0,8,0,0,0,0,0,3,0,0,0,9,0,5,3,0,3,0,4,0,0,13,0,4,0,0,4,0,3,0,0,14,3,0,0,0,6,5,3,0,0,20,0,0,0,0,0,0,0,0,0,0,0,0,0,0,0,0,0,0,0,0,0,0,0,0,0,0,0,0,0,0,7,11,12,6,9,6,10,8,0,71
10601111221,external,0,0,0,0,0,7,0,3,0,12,0,0,0,4,0,3,5,0,0,6,5,4,15,11,4,0,7,4,0,48,8,5,3,9,4,7,8,0,0,30,0,8,0,0,0,0,7,0,0,24,3,3,3,0,7,0,8,3,0,21,0,5,0,0,0,0,0,0,0,5,0,0,0,0,0,0,0,0,0,0,0,0,0,0,0,0,0,0,0,0,14,20,25,21,14,9,27,12,0,143
10601111222,external,0,0,0,0,0,7,0,0,0,12,3,0,0,0,0,0,0,8,0,16,0,3,6,0,5,0,4,9,0,39,0,4,12,3,0,0,5,5,0,28,0,0,4,5,0,0,3,0,0,12,0,0,0,4,5,3,0,0,0,14,0,0,0,0,0,0,0,0,0,3,0,0,0,0,0,0,0,0,0,0,0,0,0,0,0,0,0,0,0,0,3,11,21,15,14,20,15,19,0,112
10601111223,external,0,0,0,0,0,6,0,0,0,13,0,0,9,3,0,0,0,4,0,16,0,5,6,5,4,0,0,3,0,31,0,0,0,0,0,0,7,0,0,13,0,0,4,0,4,3,4,0,0,19,0,4,0,0,3,0,9,4,0,21,0,0,0,0,0,0,0,0,0,5,0,0,0,0,0,0,0,0,0,0,0,0,0,0,0,0,0,0,0,0,3,16,19,12,16,13,28,10,0,112
10601111224,external,0,0,7,0,0,14,4,7,0,26,0,0,10,9,0,0,0,0,4,23,0,7,3,8,0,0,0,0,0,22,4,7,7,5,9,0,5,4,0,54,7,7,15,6,0,8,14,0,3,64,3,0,8,0,8,0,6,0,0,30,3,3,0,0,0,0,0,0,0,7,0,0,0,0,0,0,0,0,0,0,0,0,0,0,0,0,0,0,0,0,19,31,50,25,24,20,30,18,4,215
10601111225,external,0,0,4,7,0,7,0,5,0,19,0,4,0,0,0,0,4,0,0,13,0,7,5,0,0,0,6,0,0,20,4,5,11,3,7,0,0,0,0,30,7,6,7,0,4,0,6,0,0,44,0,8,0,0,5,0,6,4,0,25,0,0,0,0,0,0,0,0,0,7,0,0,0,0,0,0,0,0,0,0,0,0,0,0,0,0,0,0,0,0,18,21,33,13,12,12,26,12,0,149
10601111226,external,0,0,7,0,0,9,0,3,0,23,0,4,3,3,0,0,0,0,0,9,0,3,5,0,0,4,7,0,0,24,0,7,9,5,5,4,9,5,0,48,9,9,9,0,10,0,8,7,0,39,5,8,9,4,3,0,10,0,0,29,0,0,4,0,0,0,0,0,0,8,0,0,0,0,0,0,0,0,0,0,0,0,0,0,0,0,0,0,0,0,15,27,43,13,21,18,25,12,0,182
10601111227,external,0,0,0,0,0,4,0,0,0,16,6,0,0,6,3,0,0,4,0,24,4,11,13,8,0,8,9,9,0,63,3,5,11,0,4,9,14,5,0,50,0,9,3,5,7,0,12,0,0,34,0,0,0,7,9,5,0,5,0,27,0,0,0,0,0,0,0,0,0,4,0,0,0,0,0,0,0,0,0,0,0,0,0,0,0,0,0,0,0,0,15,22,37,21,26,28,38,28,3,224
10601111228,external,0,0,4,3,0,4,0,4,0,11,0,0,4,5,4,0,0,4,0,20,3,4,9,0,3,9,5,0,0,44,4,4,4,0,7,0,4,4,0,23,6,0,0,4,9,0,7,7,0,38,0,0,4,0,0,0,4,0,0,12,4,0,0,0,3,0,0,0,0,6,0,0,0,0,0,0,0,0,0,0,0,0,0,0,0,0,0,0,0,0,17,16,25,14,24,12,30,22,0,159
10601111229,external,0,0,0,0,0,0,0,0,0,8,0,4,3,0,0,3,0,3,0,10,0,4,4,3,4,0,5,3,0,33,0,6,3,5,0,0,9,4,0,27,0,4,9,3,0,0,4,4,0,25,0,0,3,4,0,0,5,3,0,18,0,3,0,0,0,0,0,0,0,6,0,0,0,0,0,0,0,0,0,0,0,0,0,0,0,0,0,0,0,0,10,20,27,20,12,12,25,18,0,129
10601111230,external,0,0,0,0,0,5,0,4,0,7,0,0,3,3,0,5,0,0,0,14,5,0,7,5,0,6,8,10,0,44,4,4,8,0,0,0,4,5,3,26,0,3,9,8,0,0,12,8,0,38,4,3,0,0,0,0,8,3,0,18,0,0,0,0,0,0,0,5,0,7,4,0,0,0,0,0,0,0,0,3,0,0,0,0,0,0,0,0,0,0,10,10,35,17,7,12,30,32,5,161
10601111231,external,0,0,5,3,0,6,0,3,0,25,0,0,0,3,0,0,0,3,0,13,0,4,6,0,6,6,7,0,0,32,5,6,9,6,4,0,9,0,3,51,4,8,15,8,8,4,22,3,5,76,6,8,4,0,6,4,8,0,3,37,3,0,3,0,0,0,3,0,0,11,0,0,0,0,0,0,0,0,0,0,0,0,0,0,0,0,0,0,0,0,17,27,47,17,35,16,51,17,5,245
10601111232,external,0,0,0,0,5,7,0,0,0,12,0,0,0,4,5,4,4,0,0,15,0,6,9,4,0,3,0,0,0,26,3,9,3,5,0,0,6,5,0,33,0,5,7,3,0,0,10,3,0,29,4,0,0,0,0,0,0,0,0,19,0,0,0,0,0,0,0,0,0,3,0,0,0,0,0,0,0,0,0,0,0,0,0,0,0,0,0,0,0,0,7,25,24,21,16,13,17,13,0,137
10601111233,external,0,0,4,0,0,0,0,3,0,12,0,0,6,9,3,5,0,3,0,33,7,7,17,6,6,3,6,8,4,60,7,5,9,0,9,0,8,3,0,35,7,5,11,3,8,5,6,8,0,48,4,0,13,0,5,4,8,3,0,43,0,0,0,0,0,0,3,0,0,4,0,0,0,0,0,0,0,0,0,0,0,0,0,0,0,0,0,0,0,0,18,18,54,27,32,20,43,31,8,242
10601111234,external,0,0,6,0,0,0,0,5,0,7,0,0,3,5,0,3,0,0,0,27,0,11,9,4,0,3,6,6,4,40,3,6,3,6,4,3,3,5,0,26,0,4,0,0,4,6,4,6,0,25,3,7,0,0,5,0,9,9,0,29,0,0,0,0,0,0,0,0,0,0,0,0,0,0,0,0,0,0,0,0,0,0,0,0,0,0,0,0,0,0,9,22,21,12,17,15,29,25,4,154
10601111235,external,0,0,3,0,0,0,0,3,0,11,0,0,9,6,3,0,0,3,0,24,0,7,13,8,0,4,21,11,0,63,6,8,7,9,3,3,8,0,0,37,4,0,5,4,3,0,15,5,0,40,0,0,3,4,5,0,6,4,0,33,0,0,0,3,0,0,0,0,0,5,0,0,0,0,0,0,0,0,0,0,0,0,0,0,0,0,0,0,0,0,12,22,44,27,21,7,50,32,0,213
10601111237,external,0,0,0,0,6,8,0,0,0,18,0,3,5,0,0,0,0,0,0,12,4,8,8,3,5,0,10,0,4,47,0,4,13,9,6,0,11,3,0,49,0,6,5,4,3,4,9,4,3,40,0,3,0,0,6,0,3,4,0,14,0,0,0,0,0,0,0,0,0,0,0,0,0,0,0,0,0,0,0,0,0,0,0,0,0,0,0,0,0,0,9,17,36,19,22,15,35,15,9,182
10601111238,external,0,0,0,3,0,3,0,0,0,6,0,0,7,0,0,0,0,3,0,13,3,6,10,4,6,3,9,7,0,47,3,0,3,5,3,5,11,3,0,35,3,0,3,5,3,0,9,4,0,30,0,0,0,0,5,0,6,3,0,15,0,0,0,0,0,0,0,0,0,0,0,0,0,0,0,0,0,0,0,0,0,0,0,0,0,0,0,0,0,0,13,12,27,16,21,13,34,22,0,153
10601111240,external,0,0,3,3,0,0,0,0,0,3,0,0,0,0,0,3,0,0,0,5,7,8,8,3,5,3,11,9,0,45,5,12,4,0,0,0,7,0,0,28,0,0,0,0,6,0,6,3,0,22,0,0,9,0,0,0,0,0,0,13,0,0,0,0,5,0,0,0,0,9,0,0,0,0,0,0,0,0,0,0,0,0,0,0,0,0,0,0,0,0,10,21,29,6,14,6,27,17,3,129
10601111241,external,0,0,0,0,0,0,0,0,0,4,0,0,0,3,0,0,0,4,0,6,0,0,0,5,0,5,0,0,0,10,0,4,0,0,0,0,12,4,0,19,0,0,6,5,3,0,0,4,0,17,0,0,0,0,0,0,3,0,0,11,0,0,0,0,0,0,0,0,0,5,0,0,0,0,0,0,0,0,0,0,0,0,0,0,0,0,0,0,0,0,0,5,11,12,3,7,19,13,0,68
10601111242,external,0,0,3,8,0,8,0,4,5,22,0,5,9,6,0,4,3,4,0,32,9,13,17,6,3,0,5,0,0,46,7,9,8,3,3,0,6,3,0,48,9,3,8,3,6,3,9,8,0,51,5,8,3,0,0,0,0,3,0,23,0,0,0,3,0,0,3,0,0,9,0,0,0,0,0,0,0,0,0,0,0,0,0,0,0,0,0,0,0,0,29,33,44,26,22,20,31,18,7,229
10601111244,external,0,0,6,7,0,0,0,4,0,17,0,0,6,8,0,0,5,3,0,22,0,7,8,12,5,0,17,3,0,58,5,16,0,4,10,0,6,8,0,44,5,12,9,4,3,0,4,5,0,41,4,0,0,5,4,0,4,0,0,16,0,0,0,0,6,0,0,0,0,3,0,0,0,0,0,0,0,0,0,0,0,0,0,0,0,0,0,0,0,0,14,33,32,30,22,7,42,18,7,205
10601111245,external,0,0,0,5,3,5,0,4,0,12,0,4,5,0,0,6,0,0,0,15,4,13,7,4,3,0,3,0,0,33,3,3,5,3,4,7,9,0,0,35,5,9,13,0,4,0,3,0,0,32,0,0,0,0,3,0,0,6,0,10,0,0,0,0,0,0,0,0,0,0,0,0,0,0,0,0,0,0,0,0,0,0,0,0,0,0,0,0,0,0,15,25,27,14,17,17,16,10,0,138
10601111246,external,0,0,6,5,0,3,0,3,0,14,0,0,0,8,3,3,0,4,0,28,0,6,10,11,3,0,7,4,0,46,4,8,4,9,9,0,11,3,0,46,4,7,3,4,4,3,0,0,0,33,3,3,8,4,4,4,4,0,0,21,0,0,0,0,0,0,0,0,0,5,0,0,0,0,0,0,0,0,0,0,0,0,0,0,0,0,0,0,0,0,13,20,33,42,21,17,24,14,0,183
10601111247,external,0,0,0,5,0,4,0,4,0,16,0,0,6,5,7,6,0,6,0,20,4,0,11,8,0,0,6,5,0,41,3,0,11,0,10,0,10,0,0,37,4,0,3,0,12,0,7,3,0,33,0,3,5,3,8,0,3,3,0,22,0,0,0,0,0,0,0,0,0,0,0,0,0,0,0,0,0,0,0,0,0,0,0,0,0,0,0,0,0,0,9,9,32,23,35,14,29,13,0,174
10601111248,external,0,0,7,0,0,10,0,7,0,22,0,0,7,3,0,4,7,0,0,20,13,9,8,10,3,0,8,0,0,47,10,11,18,6,9,0,9,0,0,55,8,6,13,10,7,0,12,3,0,45,0,5,6,8,4,0,4,0,0,20,0,0,0,0,0,0,0,0,0,3,0,0,0,0,0,0,0,0,0,0,0,0,0,0,0,0,0,0,0,0,30,31,48,31,22,19,29,9,6,216
10601111249,external,0,0,0,0,0,6,0,3,0,8,0,0,0,0,0,0,0,4,0,7,0,10,10,5,4,5,5,6,0,36,8,5,6,0,3,0,6,4,0,29,0,0,6,3,3,0,7,0,0,29,0,0,7,8,0,0,3,0,0,22,0,0,0,0,0,0,3,0,0,7,0,0,0,0,0,0,0,0,0,0,0,0,0,0,0,0,0,0,0,0,9,22,32,13,18,14,26,16,0,143
10601111250,external,0,0,0,4,0,6,0,9,0,16,0,3,9,3,0,5,5,0,0,26,3,15,30,16,8,0,0,0,0,73,10,17,13,9,9,4,15,0,0,61,6,12,10,0,12,6,6,3,0,59,4,4,3,0,3,6,5,4,0,27,6,0,0,0,0,0,0,0,0,6,0,0,0,0,0,0,0,0,0,0,0,0,0,0,0,0,0,0,0,0,28,44,62,30,32,25,37,16,3,270
10601111251,external,0,0,7,4,0,5,0,0,0,19,0,3,0,0,4,4,5,0,0,14,11,20,15,6,7,10,17,7,0,95,15,7,14,5,12,3,16,3,0,74,3,5,10,5,3,8,11,0,0,52,0,0,4,3,5,0,3,0,5,18,0,0,0,0,0,0,0,0,0,3,0,0,0,0,0,0,0,0,0,0,0,0,0,0,0,0,0,0,0,0,22,36,44,24,30,25,57,20,6,275
10601111301,external,0,0,0,0,0,0,0,0,0,0,0,0,3,0,0,0,0,0,0,8,4,3,4,3,0,0,3,0,0,10,0,0,3,5,0,5,8,10,0,30,0,0,4,0,0,0,8,4,0,27,0,4,0,0,0,4,6,5,0,14,0,0,0,0,0,0,0,0,0,8,0,0,0,0,0,0,0,0,0,0,0,0,0,0,0,0,0,0,0,0,9,6,12,10,3,6,30,19,0,96
10601111302,external,0,0,0,0,0,6,0,0,0,12,0,0,0,0,3,0,0,3,0,8,5,0,7,0,0,0,0,4,0,25,11,4,11,3,3,4,3,4,0,47,14,6,3,0,9,0,4,0,0,38,10,8,3,0,7,4,0,3,0,36,8,5,0,0,6,0,0,0,0,22,0,0,0,0,0,0,0,0,0,3,0,0,0,0,0,0,0,0,0,0,55,20,29,11,20,19,16,20,0,193
10601111303,external,0,0,0,0,0,3,0,0,0,9,0,0,0,5,0,3,3,0,0,16,3,3,4,0,0,0,5,5,0,24,7,0,4,0,0,4,5,6,0,19,7,0,0,7,5,0,3,0,0,20,0,0,3,0,5,0,10,0,0,15,0,0,0,0,0,0,0,0,0,5,0,0,0,0,0,0,0,0,0,0,0,0,0,0,0,0,0,0,0,0,13,5,18,6,12,13,27,12,3,112
10601111304,external,0,0,0,0,0,0,0,0,0,8,0,0,0,0,0,0,0,0,0,3,3,5,3,0,0,4,0,0,0,13,7,3,0,0,7,0,4,6,0,22,6,4,5,0,5,0,8,4,3,43,9,5,3,0,4,0,3,4,0,30,0,4,5,0,0,0,0,0,0,12,0,0,0,0,0,0,0,0,0,5,0,0,0,0,0,0,0,0,0,0,27,18,28,7,17,4,23,19,3,149
10601111305,external,0,0,3,0,0,4,0,0,0,8,0,0,5,5,0,0,3,0,0,12,0,0,9,12,0,4,9,5,0,44,6,8,6,3,8,0,6,0,0,42,5,5,9,3,6,0,11,3,0,38,0,0,3,3,5,0,5,3,0,22,6,6,0,0,0,0,0,0,0,15,0,0,0,0,0,0,0,0,0,0,0,0,0,0,0,0,0,0,0,0,19,20,37,29,19,11,29,22,0,179
10601111306,external,0,0,0,0,0,0,0,0,0,9,0,0,3,0,0,0,0,0,0,3,9,3,10,3,4,3,0,7,0,42,0,0,8,3,0,0,7,0,3,26,3,5,0,0,3,0,10,3,4,36,7,10,0,0,3,0,15,6,0,39,3,0,0,0,0,0,3,0,0,7,0,0,0,0,0,0,0,0,3,0,0,0,0,0,0,0,0,0,0,0,22,20,27,15,17,10,32,18,12,167
10601111307,external,0,0,0,0,0,3,0,0,0,4,0,0,0,4,3,0,0,0,0,3,0,4,8,3,0,0,0,0,0,16,0,0,0,0,0,0,5,4,0,17,0,6,5,0,3,0,3,0,0,23,8,4,0,0,0,0,6,0,0,12,0,0,0,0,0,0,0,0,0,0,0,0,0,0,0,0,0,0,0,0,0,0,0,0,0,0,0,0,0,0,10,9,17,7,9,4,20,7,0,83
10601111308,external,0,0,0,0,0,0,0,3,0,6,0,0,0,0,0,0,0,0,0,5,0,0,6,0,0,3,3,4,0,19,0,0,0,0,0,0,4,3,0,15,3,3,0,0,0,0,3,0,0,16,0,0,0,0,0,0,8,0,0,13,0,0,0,0,0,0,0,0,0,0,0,0,0,0,0,0,0,0,0,0,0,0,0,0,0,0,0,0,0,0,8,8,9,4,4,5,19,8,0,73
10601111309,external,0,0,3,0,0,6,3,0,0,21,0,0,3,0,0,0,0,0,0,15,4,0,9,3,0,4,0,0,0,32,8,8,7,4,7,3,16,0,0,65,8,5,8,5,10,0,16,7,3,67,8,10,8,0,3,0,11,5,0,49,11,0,0,0,4,0,0,0,0,22,4,0,0,0,0,0,0,0,0,8,0,0,0,0,0,0,0,0,0,0,42,35,53,20,32,16,53,24,6,270
10601111310,external,0,0,4,0,0,0,0,0,0,9,0,0,0,0,0,0,0,0,0,4,3,7,4,0,0,0,3,0,0,15,0,0,6,5,4,0,0,0,0,11,0,6,5,5,0,0,7,4,0,25,3,4,0,0,3,0,3,0,0,27,0,0,0,0,0,0,0,6,0,5,0,0,0,0,0,0,0,0,0,0,0,0,0,0,0,0,0,0,0,0,5,14,17,10,7,0,21,11,0,102
10601111311,external,0,0,0,0,0,7,0,0,0,18,0,0,0,5,0,0,3,5,0,14,0,5,6,5,3,4,5,0,0,23,3,3,3,3,4,3,5,3,0,30,9,6,11,0,9,6,13,3,0,44,6,3,5,0,8,4,6,5,0,46,4,0,0,0,5,0,4,0,0,15,5,0,0,0,0,0,0,0,0,8,0,0,0,0,0,0,0,0,0,0,28,21,35,10,22,21,35,21,3,196
10601111312,external,0,0,4,0,0,11,3,6,0,24,4,0,6,3,5,0,4,0,0,21,6,10,12,7,6,3,9,3,0,53,5,8,19,12,4,0,16,0,0,73,8,13,8,3,6,0,7,6,5,56,16,0,9,3,12,8,10,0,0,62,4,0,0,0,4,0,0,0,0,12,5,0,0,0,0,0,0,0,0,9,0,0,0,0,0,0,0,0,0,0,46,37,58,31,39,31,52,15,10,316
10601111313,external,0,0,11,0,0,4,0,6,0,28,0,0,7,0,3,4,0,4,0,14,0,3,7,0,0,0,3,0,0,10,5,10,12,0,3,0,9,0,0,40,3,3,21,3,12,4,13,5,0,58,3,3,3,0,8,0,7,0,0,29,3,0,0,0,0,0,3,0,0,7,0,0,0,0,0,0,0,0,0,0,0,0,0,0,0,0,0,0,0,0,23,14,46,13,22,13,34,14,4,188
10601111314,external,0,0,0,5,0,5,0,0,0,12,0,0,4,0,3,4,0,6,0,23,4,7,13,7,4,0,5,3,0,33,15,14,13,9,10,0,5,3,0,59,12,8,9,8,12,5,13,3,0,70,15,10,8,5,7,3,11,5,0,49,3,0,3,0,4,0,0,0,0,17,3,0,0,0,0,0,0,0,0,3,0,0,0,0,0,0,0,0,0,0,52,36,44,25,30,13,35,25,0,265
10601111315,external,0,0,3,0,0,5,0,3,0,14,0,3,3,0,0,0,0,0,0,5,4,6,0,0,3,0,5,3,0,20,5,5,5,3,0,0,7,5,0,36,4,0,4,5,12,3,13,5,0,39,5,3,4,6,6,0,0,3,0,36,4,0,0,0,0,0,3,0,0,11,5,0,0,0,0,0,0,0,0,4,0,0,0,0,0,0,0,0,0,0,24,21,31,15,28,12,27,22,0,170
10602111401,core,0,0,0,0,0,0,0,4,0,6,0,0,0,3,0,3,0,4,0,13,7,8,6,11,7,3,0,3,0,41,0,5,0,4,0,0,4,5,0,34,0,0,0,0,3,4,0,0,0,16,0,5,3,0,4,0,0,3,0,19,0,7,0,0,0,0,0,0,0,5,0,0,0,0,0,0,0,0,0,0,0,0,0,0,0,0,0,0,0,0,16,22,19,30,10,10,6,21,0,132
10602111402,core,0,0,7,0,0,3,0,0,0,5,0,0,8,6,5,0,0,3,0,26,4,8,3,14,5,7,6,7,0,44,7,7,6,3,6,0,5,3,0,39,3,0,7,7,3,4,4,0,0,44,5,7,3,4,0,3,7,11,0,41,0,0,0,0,0,0,0,0,0,0,0,0,0,0,0,0,0,0,0,0,0,0,0,0,0,0,0,0,0,0,19,28,41,34,19,16,29,31,0,201
10602111403,core,0,0,0,0,0,4,0,0,0,5,6,0,0,0,0,0,0,8,0,13,0,9,12,0,3,3,6,8,0,43,3,0,0,0,0,0,0,0,0,13,5,0,0,0,4,0,4,0,0,16,0,3,3,4,0,0,3,5,0,18,0,0,0,0,0,0,0,0,0,0,0,0,0,0,0,0,0,0,0,0,0,0,0,0,0,0,0,0,0,0,15,10,15,13,15,15,18,18,0,112
10602111408,core,0,0,0,0,0,0,0,0,0,7,0,0,6,3,0,0,0,4,4,20,4,8,10,7,6,5,5,0,0,38,0,6,9,6,3,0,3,8,5,39,11,9,11,9,3,0,7,3,0,42,8,4,0,6,5,0,0,11,0,32,0,0,0,0,3,0,0,0,0,5,0,0,0,0,0,0,0,0,0,0,0,0,0,0,0,0,0,0,0,0,20,20,29,29,26,16,24,21,3,187
10602111409,core,0,0,0,0,0,0,0,0,0,0,6,3,0,0,0,0,0,4,0,21,0,0,0,7,0,0,0,3,0,24,4,7,5,10,3,0,4,0,0,27,0,0,4,8,0,0,6,4,0,25,3,0,0,4,0,4,0,3,0,18,0,0,0,0,0,0,0,0,0,3,0,0,0,0,0,0,0,0,0,0,0,0,0,0,0,0,0,0,0,0,16,11,16,30,3,9,11,16,0,114
10602111410,core,0,0,0,3,0,3,0,3,0,14,0,0,11,5,0,7,6,3,0,30,10,15,12,9,3,3,0,5,0,63,12,18,3,7,11,9,0,0,0,63,8,18,13,9,4,0,4,5,0,73,6,8,5,0,9,5,0,8,0,43,0,3,0,0,0,6,0,0,0,12,0,0,0,0,0,0,0,0,0,0,0,0,0,0,0,0,0,0,0,0,38,68,53,34,27,35,15,27,3,298
10602111411,core,0,0,0,0,0,0,0,4,0,5,0,0,3,0,0,0,0,0,0,5,5,4,10,8,3,4,0,0,0,28,0,5,3,0,0,0,0,6,0,14,0,8,0,3,3,3,7,8,0,29,5,0,3,0,0,0,0,7,0,21,0,0,0,0,0,0,0,0,0,6,0,0,0,0,0,0,0,0,0,0,0,0,0,0,0,0,0,0,0,0,10,16,18,14,8,11,9,22,6,113
10602111412,core,0,0,0,3,0,4,0,0,0,6,0,0,0,5,0,0,0,0,0,11,3,0,3,0,0,3,5,3,0,15,3,10,5,3,3,0,5,0,0,30,8,13,6,4,0,4,5,0,0,40,0,3,0,4,4,0,0,0,0,13,0,0,0,0,0,0,0,0,0,3,0,5,0,0,0,0,0,0,0,3,0,0,0,0,0,0,0,0,0,0,11,32,11,20,11,11,14,7,0,121
10602111415,core,0,6,6,7,0,5,3,8,0,39,0,8,3,8,8,3,0,0,0,26,6,7,4,4,3,7,0,0,0,35,11,21,8,8,9,0,4,0,0,50,29,24,15,11,18,5,8,0,0,109,12,9,9,4,5,8,0,6,0,58,3,0,0,0,0,0,4,0,0,11,0,0,0,0,0,0,0,0,0,0,0,0,0,0,0,0,0,0,0,0,59,70,49,30,46,32,16,15,6,322
10602111416,core,0,0,3,0,0,8,0,5,0,17,0,4,6,5,3,6,5,3,0,27,11,25,26,18,14,16,6,8,0,122,25,26,24,15,10,11,15,12,0,134,7,4,6,6,6,4,8,4,0,42,0,4,4,4,4,4,4,0,0,24,0,0,0,0,0,3,0,0,0,4,0,0,0,0,0,0,0,0,0,0,0,0,0,0,0,0,0,0,0,0,41,60,61,47,36,51,39,33,3,377
10602111417,core,0,0,0,0,0,0,0,0,0,6,5,11,12,22,9,8,3,7,3,85,15,15,22,21,21,11,18,16,6,145,3,20,9,8,9,0,11,11,0,74,0,0,4,4,4,0,3,8,0,23,0,0,0,4,0,0,0,6,0,12,0,0,0,0,0,0,0,0,0,5,0,0,0,0,0,0,0,0,0,0,0,0,0,0,0,0,0,0,0,0,25,47,53,58,40,23,41,44,6,341
10602111418,core,0,0,0,0,0,6,0,4,0,12,0,0,4,5,6,4,0,5,0,24,7,13,9,4,3,0,3,5,3,63,9,9,14,0,3,4,6,8,0,56,3,10,6,3,6,7,5,4,0,45,0,6,7,3,12,4,7,9,3,39,0,0,0,0,0,0,5,0,0,8,0,0,0,0,0,0,0,0,0,0,0,0,0,0,0,0,0,0,0,0,22,32,40,26,30,32,28,38,4,243
10602111419,core,0,0,0,0,0,0,0,0,0,3,0,0,3,0,0,3,0,0,0,10,6,0,7,4,5,0,0,4,0,26,0,0,0,0,0,0,4,0,0,9,6,3,6,3,0,0,0,0,0,17,3,0,0,3,5,0,3,0,0,19,0,0,0,0,0,0,0,0,0,0,0,0,0,0,0,0,0,0,0,0,0,0,0,0,0,0,0,0,0,0,17,6,15,10,10,4,11,3,0,83
10602111420,core,0,0,0,0,0,6,0,0,0,9,0,0,8,7,0,3,0,0,0,26,14,18,13,14,12,9,20,6,4,105,10,29,10,7,13,5,12,8,0,93,9,12,6,6,9,3,8,3,0,66,5,9,5,0,4,0,0,0,0,23,0,0,0,0,0,0,0,0,0,0,0,0,0,0,0,0,0,0,0,0,0,0,0,0,0,0,0,0,0,0,43,69,33,38,46,29,39,22,5,323
10602111421,core,0,0,4,0,0,5,5,7,0,20,0,0,4,7,0,4,0,5,0,34,15,24,16,11,13,6,12,7,0,108,21,19,18,8,10,9,14,9,0,102,13,17,4,8,11,3,3,4,0,58,3,6,6,4,6,0,5,0,0,31,0,3,0,0,0,3,0,0,0,9,0,0,0,0,0,0,0,0,0,0,0,0,0,0,0,0,0,0,0,0,42,69,64,40,38,36,36,34,4,362
10602111422,core,0,0,4,0,0,9,5,4,0,16,0,4,0,3,5,0,0,0,0,19,4,10,13,6,3,4,0,3,0,42,3,12,7,0,3,9,4,4,0,36,9,7,0,0,4,4,3,4,0,40,0,5,3,3,3,0,8,0,0,22,0,0,4,0,0,0,4,0,0,5,0,0,0,0,0,0,0,0,0,0,0,0,0,0,0,0,0,0,0,0,20,29,28,23,17,21,18,19,4,177
10602111423,core,0,0,3,0,0,0,0,0,0,3,0,0,0,0,0,3,5,3,0,15,10,19,23,6,12,10,6,4,0,90,13,15,11,6,11,0,3,3,0,68,0,3,6,8,3,5,5,5,0,25,0,0,0,0,5,0,0,0,0,8,0,0,0,0,0,0,0,0,0,0,0,0,0,0,0,0,0,0,0,0,0,0,0,0,0,0,0,0,0,0,23,42,40,26,31,20,17,14,0,209
10602111424,core,0,0,0,0,0,5,0,0,0,11,0,4,0,3,0,5,0,0,0,16,0,3,6,3,3,0,3,0,0,28,3,7,6,0,9,0,3,0,0,33,3,5,8,4,3,0,3,0,0,28,0,0,0,0,0,0,0,0,0,0,0,0,0,0,0,0,0,0,0,6,0,0,0,0,0,0,0,0,0,0,0,0,0,0,0,0,0,0,0,0,13,24,32,13,20,16,9,0,0,120
10602111425,core,0,0,0,0,0,4,0,9,0,19,0,0,7,9,3,0,3,0,0,24,19,20,25,21,27,7,10,7,3,148,7,22,4,11,12,6,5,7,8,88,0,4,4,10,7,5,6,9,0,39,4,3,0,4,5,0,0,0,0,20,0,0,0,0,0,0,0,0,0,6,0,0,0,0,0,0,0,0,0,0,0,0,0,0,0,0,0,0,0,0,37,48,45,53,59,35,27,30,12,336
10602111426,core,0,0,0,0,0,0,0,0,0,0,0,0,0,0,0,0,0,0,0,0,0,0,0,0,0,0,0,0,0,0,0,0,0,0,0,0,0,0,0,0,0,0,0,0,0,0,0,0,0,3,0,0,3,0,3,6,0,0,0,14,0,0,0,0,0,0,0,0,0,3,0,0,0,0,0,0,0,0,0,0,0,0,0,0,0,0,0,0,0,0,5,0,6,4,3,6,0,6,0,23
10602111601,core,0,4,0,4,0,10,0,4,0,22,0,5,9,4,3,3,0,0,0,18,4,6,3,0,0,4,4,3,0,25,10,8,7,8,3,0,3,6,0,52,12,13,11,8,6,3,6,4,0,66,7,9,5,5,0,3,0,3,0,36,4,3,0,6,3,3,3,3,0,18,0,0,0,0,0,0,0,0,0,0,0,0,0,0,0,0,0,0,0,0,37,43,33,31,21,28,16,27,5,245
10602111602,core,0,0,5,3,0,8,0,3,0,22,0,0,0,3,3,0,0,0,0,13,0,6,0,3,4,5,0,0,0,18,9,10,6,4,6,0,0,0,0,35,14,16,11,3,6,4,0,0,0,63,10,23,8,3,17,0,0,0,0,66,0,3,0,0,4,0,0,5,3,18,0,0,0,0,0,0,0,0,0,0,0,0,0,0,0,0,0,0,0,0,36,59,33,24,39,15,10,13,3,233
10602111603,core,0,0,4,0,0,3,0,6,0,12,0,4,0,0,0,0,0,0,0,9,6,0,6,0,0,4,4,0,0,17,4,7,9,3,0,4,4,0,0,37,3,8,6,3,3,0,0,0,0,36,3,5,0,0,0,0,0,0,0,18,0,0,0,0,0,0,6,0,0,9,0,0,0,0,0,0,0,0,0,0,0,0,0,0,0,0,0,0,0,0,16,28,30,9,10,10,14,9,0,126
10602111604,core,0,0,3,6,0,14,0,3,0,30,0,3,12,9,3,7,0,0,0,33,6,7,4,4,7,0,5,5,0,37,9,20,13,7,6,4,7,3,0,72,13,16,8,5,16,0,8,0,0,71,3,18,9,0,8,5,7,3,0,52,0,0,0,0,0,0,0,0,0,6,0,0,0,0,0,0,0,0,0,0,0,0,0,0,0,0,0,0,0,0,33,77,56,32,46,27,30,18,3,309
10602111605,core,0,0,0,0,5,8,0,6,0,14,0,5,7,0,3,3,3,3,0,26,10,20,12,3,8,4,0,4,0,56,4,22,11,8,3,5,7,5,5,61,8,14,4,0,4,0,3,0,0,40,3,5,0,0,11,4,0,3,0,33,0,0,0,0,0,0,0,3,0,12,0,0,0,0,0,0,0,0,0,0,0,0,0,0,0,0,0,0,0,0,27,62,36,19,39,17,15,24,4,248
10602111606,core,0,4,11,9,4,23,6,21,0,79,0,12,5,11,3,5,5,5,0,46,6,17,8,10,5,4,6,8,0,66,34,47,32,21,20,4,18,3,0,180,39,41,20,10,19,11,11,0,0,159,15,19,8,10,9,7,8,3,0,79,3,0,0,0,0,0,0,0,0,7,0,0,0,0,0,0,0,0,0,0,0,0,0,0,0,0,0,0,0,0,98,146,87,67,66,60,42,34,5,612
10602111607,core,0,0,4,6,0,4,0,0,0,10,0,0,0,0,0,0,0,0,0,10,0,5,3,5,0,0,0,0,0,14,7,0,0,0,0,4,0,0,0,22,6,7,0,3,6,0,0,0,0,24,0,10,0,4,4,0,0,0,4,24,0,0,0,0,0,0,0,0,0,0,0,0,0,0,0,0,0,0,0,0,0,0,0,0,0,0,0,0,0,0,17,26,11,15,14,7,4,3,4,100
10602111608,core,0,0,0,0,0,3,4,4,0,16,0,6,0,0,0,0,0,4,0,13,9,12,13,6,4,0,0,0,0,41,3,11,0,3,5,0,8,0,0,32,7,15,3,6,8,0,4,0,0,47,0,12,0,0,5,4,0,4,0,31,3,5,0,0,0,0,0,0,0,11,0,0,0,0,0,0,0,0,0,0,0,0,0,0,0,0,0,0,0,0,23,58,22,23,24,11,13,17,5,197
10602111609,core,0,0,8,6,0,4,0,0,0,13,0,0,4,3,0,0,4,0,0,18,6,8,4,3,4,0,0,0,0,22,3,19,3,0,0,0,0,0,0,30,14,16,4,0,4,0,3,0,0,50,9,9,3,3,5,0,0,0,0,25,0,4,0,3,0,0,0,4,0,8,0,0,0,0,0,0,0,0,0,0,0,0,0,0,0,0,0,0,0,0,27,48,27,22,16,9,8,8,4,175
10602111610,core,0,0,3,0,3,7,0,4,0,20,0,0,0,9,8,5,0,0,0,17,3,6,6,0,0,0,0,0,0,20,11,22,4,3,4,3,8,0,0,58,7,15,8,0,5,3,3,0,0,44,14,23,8,3,4,5,5,3,0,67,0,5,0,0,5,0,0,0,0,11,0,0,0,0,0,0,0,0,0,0,0,0,0,0,0,0,0,0,0,0,33,80,29,23,27,29,12,12,0,239
10602111611,core,0,0,0,0,0,4,0,0,0,9,0,0,0,4,0,0,0,0,0,9,3,4,3,4,3,0,0,3,0,23,6,0,0,0,3,0,3,0,0,27,0,3,0,0,4,4,4,3,0,17,0,3,3,0,0,0,4,5,0,19,5,0,0,0,0,4,0,0,0,7,0,0,0,0,0,0,0,0,0,0,0,0,0,0,0,0,0,0,0,0,15,17,14,12,16,11,10,16,0,109
10602111612,core,0,0,8,11,0,13,4,8,0,46,6,3,21,3,8,4,0,3,0,46,3,24,24,7,10,4,9,8,0,91,16,35,15,12,12,4,21,5,4,123,17,26,14,14,22,8,14,10,0,111,8,10,3,8,10,6,3,4,0,54,3,3,4,6,0,5,0,0,0,13,0,0,0,0,0,0,0,0,0,0,0,0,0,0,0,0,0,0,0,0,51,87,84,59,66,48,45,43,4,486
10602111613,core,0,0,4,6,0,3,0,8,0,22,6,0,3,7,6,3,0,0,0,29,11,21,22,6,10,4,9,4,3,84,16,20,9,7,12,5,7,0,0,82,11,14,7,7,10,5,8,0,0,58,6,16,7,5,3,5,6,4,0,52,0,0,0,9,5,0,0,0,0,15,0,0,0,0,0,0,0,0,0,3,0,0,0,0,0,0,0,0,0,0,49,70,60,46,42,31,24,26,10,354
10602111614,core,0,0,3,0,0,5,0,7,0,23,0,0,0,3,0,3,0,7,0,15,0,10,4,4,0,0,0,0,0,26,11,14,9,6,4,0,0,4,0,47,13,21,4,9,5,4,7,3,0,61,8,21,10,8,9,3,0,0,0,55,9,4,0,0,3,0,0,6,0,23,0,0,0,0,0,0,0,0,0,3,0,0,0,0,0,0,0,0,0,0,39,78,28,24,27,21,16,21,0,255
10602111615,core,3,0,5,4,0,10,0,5,0,21,3,0,6,3,0,0,0,0,0,14,6,5,9,4,3,0,0,0,4,38,9,14,8,5,8,0,0,3,0,53,19,8,5,4,11,3,3,4,0,52,15,5,5,0,5,3,3,9,0,52,5,3,0,0,0,0,3,0,0,20,5,0,0,0,0,0,0,0,0,4,0,0,0,0,0,0,0,0,0,0,65,36,44,22,30,17,21,20,4,260
10602111617,core,0,0,5,0,0,4,0,10,0,20,0,4,3,3,4,0,0,0,0,18,0,11,9,0,4,3,3,3,0,38,20,15,6,6,10,0,3,5,3,64,10,8,10,0,6,0,4,0,0,40,17,15,11,3,4,0,5,0,0,59,7,5,0,0,0,0,0,0,0,14,0,0,0,0,0,0,0,0,0,0,0,0,0,0,0,0,0,0,0,0,54,56,39,22,29,10,18,27,4,266
10602111618,core,0,0,0,8,0,3,0,5,0,16,0,0,0,3,0,3,0,0,0,12,6,27,18,6,10,8,3,4,0,85,8,20,10,7,7,3,5,4,0,64,3,0,11,3,12,3,8,6,0,40,0,6,0,0,3,0,0,0,0,11,0,0,0,0,0,0,0,0,0,0,0,0,0,0,0,0,0,0,0,0,0,0,0,0,0,0,0,0,0,0,23,50,40,37,33,18,14,18,8,239
10602161401,core,0,0,0,0,0,0,0,0,0,7,0,0,4,0,0,5,0,0,5,12,0,4,3,3,3,0,3,8,0,19,0,0,0,0,0,0,0,6,0,9,0,0,0,4,0,5,5,5,0,11,0,0,0,4,0,0,0,0,0,11,0,0,0,0,0,0,0,0,0,0,0,0,0,0,0,0,0,0,0,0,0,0,0,0,0,0,0,0,0,0,0,4,8,12,0,12,7,18,0,66
10602161402,core,0,0,0,3,0,10,0,8,0,25,0,0,0,4,3,6,0,4,0,19,4,4,4,5,6,0,0,0,0,20,10,14,8,3,6,5,6,0,5,53,9,15,0,3,0,0,3,0,0,42,6,7,0,4,6,0,5,5,0,23,5,0,0,0,0,0,0,0,0,6,0,0,0,0,0,0,0,0,0,0,0,0,0,0,0,0,0,0,0,0,33,35,27,26,16,19,16,20,5,188
10602161403,core,0,0,0,3,0,6,0,0,0,9,0,0,3,0,3,0,3,0,0,15,4,4,9,3,3,5,6,9,0,40,0,3,0,10,0,5,3,3,0,23,0,0,0,8,0,0,6,5,0,17,0,0,0,6,0,0,0,4,0,14,0,0,0,0,0,0,0,0,0,0,0,0,0,0,0,0,0,0,0,0,0,0,0,0,0,0,0,0,0,0,6,14,16,28,10,11,23,15,0,127
10602161404,core,0,0,0,0,0,3,0,4,0,5,0,4,7,6,5,0,0,0,0,10,0,4,3,3,0,0,0,4,0,15,4,5,3,0,0,0,5,0,0,18,4,5,3,0,6,0,4,3,0,23,3,0,0,7,0,0,7,0,0,14,0,0,3,0,0,0,0,5,0,9,0,0,0,0,0,0,0,0,0,0,0,0,0,0,0,0,0,0,0,0,13,11,23,15,10,4,11,13,0,90
10602161405,core,0,0,0,0,0,4,5,0,0,10,0,6,7,0,4,5,0,4,0,25,4,19,17,3,12,0,5,6,0,68,5,6,4,4,6,5,0,9,0,35,7,7,14,6,6,0,10,10,4,50,0,6,4,5,7,3,3,10,0,35,0,0,0,0,4,0,0,0,0,17,0,0,0,0,0,0,0,0,0,0,0,0,0,0,0,0,0,0,0,0,25,47,48,21,28,18,12,34,8,242
10602161406,core,0,0,7,3,5,14,0,12,0,37,0,4,6,5,0,4,0,5,0,29,0,12,9,3,4,6,6,9,0,57,7,11,5,10,4,3,6,0,3,40,15,30,16,8,9,0,8,5,0,94,6,5,3,6,11,0,5,0,0,42,0,0,0,0,0,0,0,0,0,6,0,0,0,0,0,0,0,0,0,0,0,0,0,0,0,0,0,0,0,0,33,68,47,32,36,32,24,33,0,301
10602161407,core,0,0,0,0,0,3,0,6,0,11,0,0,0,7,0,4,0,0,0,16,0,15,9,0,3,6,6,4,0,46,4,4,10,3,8,4,6,0,0,39,9,9,6,4,7,0,3,3,0,35,0,4,6,3,0,5,5,0,0,25,0,3,0,0,0,0,5,0,0,9,0,0,0,0,0,0,0,0,0,0,0,0,0,0,0,0,0,0,0,0,20,40,25,24,20,20,21,15,3,183
10602161408,core,0,0,4,0,0,0,0,5,0,13,0,9,4,0,0,3,0,0,0,19,0,10,18,8,5,9,3,9,0,74,6,17,10,14,7,0,0,3,0,58,6,13,12,5,9,0,6,7,0,54,3,6,6,9,9,0,8,6,0,45,0,3,0,0,0,0,0,0,0,13,0,0,0,0,0,0,0,0,0,0,0,0,0,0,0,0,0,0,0,0,25,54,56,38,31,18,22,21,3,269
10602161409,core,0,0,4,0,0,3,0,6,0,17,0,0,5,3,0,0,0,4,0,16,3,11,11,10,5,0,0,13,0,58,11,5,5,13,3,0,9,5,0,47,5,9,4,16,6,3,3,8,3,54,4,7,0,0,6,3,8,8,0,31,0,0,0,0,0,0,0,0,0,0,0,0,0,0,0,0,0,0,0,0,0,0,0,0,0,0,0,0,0,0,22,31,25,44,24,17,22,37,5,225
10602161410,core,0,0,4,5,0,9,0,0,0,17,0,0,0,3,0,5,0,6,0,13,0,6,6,3,9,6,0,11,0,42,6,6,8,3,4,3,5,0,0,34,5,6,8,4,3,3,4,3,3,35,7,3,8,3,10,5,8,5,0,41,0,0,0,0,0,0,4,3,0,7,0,0,0,0,0,0,0,0,0,0,0,0,0,0,0,0,0,0,0,0,19,16,29,23,28,25,21,26,3,200
10602161411,core,0,0,0,0,6,12,0,10,0,32,0,3,3,3,8,10,0,3,0,25,0,9,5,0,0,0,0,0,0,13,7,10,5,7,4,0,5,0,0,39,16,21,11,4,17,3,8,3,0,78,3,6,0,3,3,4,0,3,0,31,0,4,0,0,6,0,0,0,0,8,0,0,0,0,0,0,0,0,0,0,0,0,0,0,0,0,0,0,0,0,32,50,30,24,35,22,12,18,5,228
10602161412,core,0,0,4,0,0,5,0,4,0,11,0,3,6,5,0,4,0,3,0,20,5,11,9,10,0,0,3,9,0,44,8,22,13,6,7,5,7,0,0,69,9,6,5,0,0,3,0,3,0,32,3,6,6,3,3,3,0,9,0,39,5,4,0,0,4,0,0,0,0,16,0,0,0,0,0,0,0,0,0,3,0,0,0,0,0,0,0,0,0,0,29,55,38,29,22,17,15,25,0,224
10602161413,core,0,0,3,0,0,3,0,0,0,7,0,6,0,0,0,0,0,0,0,8,0,7,6,0,6,5,3,0,0,20,0,3,0,3,0,6,4,0,0,14,0,10,0,0,4,3,0,0,0,23,3,10,5,0,0,0,0,4,0,19,0,3,0,0,0,0,0,0,0,5,0,0,0,0,0,0,0,0,0,0,0,0,0,0,0,0,0,0,0,0,12,25,20,3,11,11,7,5,3,102
10602161414,core,0,0,3,3,0,4,0,0,0,9,0,0,3,8,7,0,0,4,0,17,3,7,8,4,3,3,0,3,0,29,0,10,9,6,5,6,0,7,0,38,0,0,5,4,4,5,0,3,0,27,0,6,3,5,3,3,6,3,0,28,0,4,0,0,0,0,0,0,0,5,0,0,0,0,0,0,0,0,0,0,0,0,0,0,0,0,0,0,0,0,3,23,32,24,26,20,9,22,0,164
10602161415,core,0,0,5,0,0,5,0,4,0,16,0,3,0,9,3,4,0,0,0,17,4,5,9,8,3,10,4,4,0,58,6,3,6,9,8,3,7,3,3,61,0,8,6,3,8,3,4,7,4,48,5,6,5,5,0,0,3,6,0,34,0,0,0,0,5,0,0,0,0,3,0,0,0,0,0,0,0,0,0,5,0,0,0,0,0,0,0,0,0,0,19,29,36,32,31,25,23,29,6,229
10602161416,core,0,0,0,5,0,0,0,0,0,7,0,0,8,6,6,0,0,3,0,23,0,0,0,5,0,5,7,3,0,24,6,5,5,3,4,0,0,3,0,27,4,0,4,6,3,3,0,9,0,28,0,0,0,4,0,0,0,5,0,11,0,0,0,0,0,0,0,0,0,6,0,0,0,0,0,0,0,0,0,0,0,0,0,0,0,0,0,0,0,0,7,9,16,26,13,13,11,20,4,125
10602161417,core,0,0,0,7,0,0,0,0,0,13,3,0,5,5,0,0,0,6,0,21,3,6,13,5,8,0,3,0,3,50,8,5,9,0,0,3,3,3,0,38,4,8,3,5,4,0,4,0,0,33,3,7,6,0,11,6,6,4,0,46,0,0,0,0,0,0,0,0,0,8,0,0,0,0,0,0,0,0,0,0,0,0,0,0,0,0,0,0,0,0,19,36,36,29,29,6,15,22,10,210
10602161418,core,0,0,0,3,0,14,0,5,0,26,0,0,5,3,0,3,0,5,0,13,0,11,6,6,0,0,0,0,0,21,11,22,0,4,8,0,3,0,0,52,16,23,5,8,10,0,0,0,0,60,7,15,4,3,15,0,5,3,0,48,3,0,0,0,4,0,0,0,0,12,0,0,0,0,0,0,0,0,0,0,0,0,0,0,0,0,0,0,0,0,30,69,17,31,29,17,13,10,0,228
10602161419,core,0,0,4,0,5,9,0,5,0,25,0,5,5,3,9,3,0,4,0,20,0,24,9,14,7,7,5,5,3,71,16,17,16,8,9,0,7,4,0,85,4,8,6,0,0,0,0,3,0,34,0,4,3,5,0,0,3,0,0,18,0,0,0,0,4,0,0,0,0,6,0,0,0,0,0,0,0,0,0,0,0,0,0,0,0,0,0,0,0,0,27,56,45,34,36,33,11,25,8,266
10602161420,core,0,0,0,0,0,4,0,4,0,18,0,6,0,3,0,3,0,0,0,14,6,6,6,5,0,5,0,0,0,30,6,5,8,4,0,0,6,0,0,29,10,10,3,3,8,3,0,3,0,36,10,14,3,3,5,6,4,4,0,51,0,3,0,0,0,3,0,0,0,11,0,0,0,0,0,0,0,0,0,0,0,0,0,0,0,0,0,0,0,0,39,40,25,25,14,20,12,11,0,194
10602161421,core,0,0,5,0,0,6,5,3,0,18,0,0,4,0,0,0,0,0,0,4,0,4,3,0,5,0,0,0,0,16,11,19,9,5,8,0,5,6,0,60,14,11,6,0,3,0,3,0,0,36,4,0,0,0,3,0,0,0,0,21,0,4,0,0,0,0,0,0,0,10,0,0,0,0,0,0,0,0,0,0,0,0,0,0,0,0,0,0,0,0,26,50,18,11,18,10,14,12,5,157
10602161422,core,0,0,0,0,0,0,0,0,0,0,0,0,0,0,0,0,0,0,0,0,0,0,0,0,0,0,0,0,0,0,0,0,0,0,0,0,0,0,0,0,0,0,0,0,0,0,0,0,0,0,0,0,0,0,0,0,0,0,0,3,0,0,0,0,0,0,0,0,0,0,0,0,0,0,0,0,0,0,0,0,0,0,0,0,0,0,0,0,0,0,0,0,0,0,0,0,0,0,0,7
10602161423,core,0,0,0,3,0,3,0,4,0,7,3,4,0,6,0,3,0,3,0,16,4,5,4,3,4,0,4,7,0,35,6,6,0,5,4,0,3,6,0,33,3,3,5,3,3,0,0,0,0,25,0,3,4,3,5,0,3,0,0,23,0,0,0,0,0,0,0,0,0,4,0,0,0,0,0,0,0,0,0,0,0,0,0,0,0,0,0,0,0,0,14,25,19,17,17,12,15,18,5,145
10602161424,core,0,0,0,0,0,0,0,0,0,0,0,0,0,0,0,0,0,0,0,0,0,0,3,0,0,3,0,0,0,5,0,0,3,0,0,0,0,0,0,5,0,0,0,0,0,0,0,0,0,0,0,0,0,0,0,0,0,0,0,0,0,0,0,0,0,0,0,0,0,0,0,0,0,0,0,0,0,0,0,0,0,0,0,0,0,0,0,0,0,0,0,3,7,0,3,5,0,0,0,18
10602161425,core,0,0,0,0,0,3,0,0,0,10,0,0,3,3,0,0,0,0,0,5,0,3,8,5,9,0,4,0,0,31,0,8,10,3,3,0,0,3,0,23,0,5,0,0,4,0,3,3,0,26,3,4,3,6,5,4,0,0,0,24,4,5,0,3,0,0,0,0,0,6,0,0,0,0,0,0,0,0,0,0,0,0,0,0,0,0,0,0,0,0,10,24,28,17,18,9,11,6,3,134
10602161426,core,0,0,0,0,0,0,0,4,0,8,0,0,4,4,0,0,0,0,0,8,0,8,0,4,4,0,3,3,0,24,0,5,3,0,0,0,4,3,0,18,3,0,3,0,8,0,4,5,0,23,0,0,0,0,0,0,7,0,0,12,0,0,0,0,0,0,3,0,0,3,0,0,0,0,0,0,0,0,0,0,0,0,0,0,0,0,0,0,0,0,4,14,13,9,13,10,15,19,0,93
10602161427,core,0,0,0,0,0,6,0,0,0,7,0,0,4,5,0,7,4,8,0,29,0,17,11,8,14,3,6,12,0,77,4,16,14,5,14,3,16,5,0,76,3,6,7,4,7,4,3,9,0,49,8,8,6,4,4,7,7,0,0,44,4,3,0,0,0,0,0,0,0,9,0,0,0,0,0,0,0,0,0,0,0,0,0,0,0,0,0,0,0,0,23,46,45,37,34,28,32,47,7,289
10602161428,core,0,0,9,0,0,5,0,5,0,12,4,3,5,6,0,5,0,0,0,22,0,10,7,7,4,0,0,0,0,29,5,4,8,6,8,0,0,3,0,38,5,8,10,0,11,0,0,0,0,39,0,3,0,0,5,0,0,0,0,10,0,0,0,0,0,0,0,0,0,3,0,0,0,0,0,0,0,0,0,0,0,0,0,0,0,0,0,0,0,0,14,32,31,16,24,8,6,9,0,145
10602161429,core,0,0,0,7,3,9,0,10,0,35,0,4,3,4,5,4,0,0,0,20,4,12,14,3,4,3,4,0,0,42,6,22,7,0,10,0,0,5,4,63,15,23,16,0,12,3,6,0,0,74,8,8,10,4,13,0,5,4,0,55,3,3,0,0,0,0,0,4,0,13,0,0,0,0,3,0,0,0,0,4,0,0,0,0,0,0,0,0,0,0,32,76,55,27,46,27,19,24,0,312
10602161430,core,0,0,3,3,0,5,0,3,0,14,3,0,4,5,0,0,0,0,0,13,0,5,3,4,3,0,4,3,0,21,0,0,5,3,4,0,5,0,0,18,10,3,4,4,4,8,5,0,0,38,0,0,4,0,5,0,0,0,0,10,0,0,0,0,0,0,0,0,0,0,0,0,0,0,0,0,0,0,0,0,0,0,0,0,0,0,0,0,0,0,15,17,26,22,18,10,14,9,0,119
10602161431,core,0,0,0,4,0,0,0,0,0,14,0,3,3,0,0,7,0,0,0,11,6,9,4,4,5,0,7,3,0,31,5,6,5,7,5,0,0,0,3,27,7,6,6,3,9,0,4,0,0,36,3,10,4,0,5,0,0,3,0,31,0,4,0,0,0,0,0,0,0,8,0,0,0,0,0,0,0,0,0,4,0,0,0,0,0,0,0,0,0,0,17,29,21,17,20,8,11,17,3,155
10602161432,core,0,0,0,0,0,7,0,0,0,8,0,3,8,8,3,6,0,0,4,32,6,11,13,9,3,6,6,10,0,58,0,6,9,4,3,0,3,8,0,41,0,0,6,8,6,0,3,3,0,38,0,3,7,7,3,0,0,6,0,29,0,0,0,0,4,0,4,3,0,12,0,0,0,0,0,0,0,0,0,0,0,0,0,0,0,0,0,0,0,0,9,23,44,34,27,21,17,35,4,219
10602161433,core,0,0,0,4,0,10,0,3,0,24,5,5,7,3,0,5,0,3,0,28,5,10,7,3,6,5,4,4,0,50,10,13,3,4,11,8,3,4,0,47,0,9,3,8,7,5,11,5,0,46,3,4,4,9,8,3,6,0,0,35,0,0,0,3,0,0,0,0,0,4,0,0,0,0,0,0,0,0,0,0,0,0,0,0,0,0,0,0,0,0,21,34,27,31,32,33,24,25,0,221
10602161434,core,0,0,0,0,0,3,0,4,0,14,0,9,8,3,3,0,0,0,0,25,6,4,11,0,0,3,0,6,0,32,4,16,11,5,11,3,5,0,0,58,12,25,13,0,20,6,3,4,4,86,10,0,7,4,6,0,4,4,0,32,0,0,0,0,0,0,0,0,0,0,0,0,0,0,0,0,0,0,0,0,0,0,0,0,0,0,0,0,0,0,25,61,44,26,42,20,13,17,3,249
10602161435,core,0,0,0,3,0,0,0,0,0,7,7,0,0,7,0,0,0,4,0,21,4,10,10,7,4,3,3,3,0,41,0,9,8,4,0,6,0,7,0,33,7,9,5,4,3,0,3,3,0,34,0,9,0,4,3,0,3,4,0,31,3,0,0,0,0,0,0,0,0,4,0,0,0,0,0,0,0,0,0,0,0,0,0,0,0,0,0,0,0,0,14,38,26,19,14,17,12,20,4,168
10602161436,core,0,0,0,0,0,0,0,5,0,6,0,0,3,0,0,0,0,0,0,11,3,0,3,0,8,0,0,0,0,22,0,0,8,0,3,3,0,0,0,19,0,0,0,0,0,0,0,0,0,7,0,0,3,0,3,3,4,0,0,11,0,0,0,0,0,0,0,0,0,0,0,0,0,0,0,0,0,0,0,0,0,0,0,0,0,0,0,0,0,0,4,5,24,7,13,0,7,17,0,82
10602161437,core,0,0,0,0,0,0,0,0,0,6,4,0,0,0,3,0,0,0,0,10,3,3,3,0,4,0,0,0,0,21,6,0,5,5,4,0,0,3,0,31,0,3,3,0,7,3,0,0,0,23,0,0,0,0,3,0,7,0,0,19,0,0,0,0,0,0,0,0,0,5,0,0,0,0,0,0,0,0,0,0,0,0,0,0,0,0,0,0,0,0,18,15,17,17,19,5,7,3,0,101
10602161438,core,0,0,0,0,3,3,0,0,0,9,0,0,0,0,0,0,0,0,0,14,4,3,4,4,0,5,0,5,0,28,0,0,4,5,3,0,0,0,0,11,7,6,6,3,0,0,5,0,0,21,0,4,3,7,4,0,0,0,0,25,5,0,0,0,4,0,0,0,0,9,0,0,0,0,0,0,0,0,0,0,0,0,0,0,0,0,0,0,0,0,14,19,15,14,18,10,14,8,6,118
10602161439,core,0,0,0,4,0,5,0,3,0,13,0,3,4,9,5,12,0,0,0,30,3,13,10,0,4,3,0,9,4,42,11,9,4,4,5,0,5,0,0,46,3,6,4,5,8,6,3,8,0,48,3,5,4,3,9,0,5,5,0,41,0,0,0,0,0,0,0,0,0,9,0,0,0,0,0,0,0,0,0,0,0,0,0,0,0,0,0,0,0,0,20,39,32,28,35,34,14,28,5,228
10602161440,core,0,0,0,0,0,0,0,0,0,3,0,0,0,0,0,0,0,3,0,7,0,0,0,0,0,0,0,3,0,10,0,3,5,0,0,0,0,0,0,17,0,0,0,0,0,0,0,0,0,4,3,6,0,0,0,0,0,0,0,15,0,0,0,0,0,0,0,0,0,6,0,0,0,0,0,0,0,0,0,0,0,0,0,0,0,0,0,0,0,0,9,16,5,8,8,4,8,12,0,59
10602161441,core,0,0,0,3,0,5,0,0,0,20,3,4,8,4,0,0,0,0,0,20,4,14,12,7,0,3,0,0,0,46,4,7,4,4,4,3,9,8,0,46,0,4,4,0,7,0,0,4,0,26,5,6,0,6,0,0,4,0,0,24,0,0,0,4,0,0,3,0,0,5,0,0,0,0,0,0,0,0,0,0,0,0,0,0,0,0,0,0,0,0,16,31,30,29,22,20,21,13,0,180
10602161442,core,0,0,0,0,0,0,0,0,0,0,0,0,0,0,0,0,3,0,0,9,6,10,11,8,4,4,0,4,0,43,3,3,4,0,5,4,0,0,0,31,0,0,4,6,4,0,0,7,0,25,3,0,3,3,0,0,4,4,0,16,0,0,0,0,4,3,0,3,0,7,0,0,0,0,0,0,0,0,0,0,0,0,0,0,0,0,0,0,0,0,12,19,27,20,23,15,9,17,6,140
10602161443,core,0,0,0,5,0,3,0,0,0,3,0,0,0,0,0,3,0,0,0,10,0,11,3,4,0,0,0,6,0,29,4,5,4,3,3,0,3,0,0,20,4,13,3,3,4,0,0,0,0,27,3,5,4,5,9,3,3,5,0,36,0,0,0,0,0,0,0,0,0,9,0,0,0,0,0,0,0,0,0,0,0,0,0,0,0,0,0,0,0,0,13,28,14,12,18,11,9,13,5,131
10602161444,core,0,0,0,0,0,6,0,3,0,9,0,0,0,3,0,4,0,0,0,13,5,5,3,0,0,3,0,0,0,16,5,7,3,5,0,0,0,0,0,25,3,24,8,5,8,0,4,0,0,57,9,6,0,6,4,3,0,0,0,24,0,0,0,0,0,0,0,0,0,4,0,0,0,0,0,0,0,0,0,0,0,0,0,0,0,0,0,0,0,0,25,40,22,13,17,16,13,4,0,148
10602161445,core,0,0,0,5,0,0,0,0,0,3,0,4,7,5,4,3,0,0,0,23,4,6,4,10,4,3,12,6,0,50,5,9,10,7,6,0,0,0,4,42,3,6,8,11,3,5,4,6,3,40,3,0,3,3,9,4,12,3,0,37,0,0,0,0,0,0,3,0,0,8,0,0,0,0,0,0,0,0,0,0,0,0,0,0,0,0,0,0,0,0,14,22,43,34,23,21,21,21,9,206
10602161446,core,0,0,3,7,0,9,0,4,0,21,3,0,3,0,3,3,0,0,0,23,9,7,0,4,0,5,0,0,0,25,0,9,3,0,8,3,0,4,0,33,9,9,5,5,8,3,4,0,0,44,3,11,11,3,6,3,4,3,0,43,5,5,4,0,0,0,0,0,0,14,0,0,0,0,0,0,0,0,0,0,0,0,0,0,0,0,0,0,0,0,26,41,29,19,21,28,15,15,0,202
10602161447,core,0,0,3,7,0,6,0,5,0,18,3,0,0,5,0,0,0,0,0,15,0,5,0,4,0,3,0,0,0,13,3,6,0,5,3,0,4,0,0,36,7,10,5,4,10,4,5,0,0,47,7,15,9,0,5,0,3,0,0,42,0,0,0,0,0,0,0,0,0,4,0,0,0,0,0,0,0,0,0,0,0,0,0,0,0,0,0,0,0,0,24,40,23,20,24,11,12,8,0,170
10602161448,core,0,0,0,3,0,10,0,6,0,17,0,0,0,4,0,3,0,6,0,18,4,3,9,0,3,5,0,4,0,26,17,23,11,4,3,4,5,6,0,65,11,14,4,8,8,0,0,0,0,52,0,4,5,0,4,0,4,0,0,24,0,0,3,0,0,0,0,0,0,6,0,0,0,0,0,0,0,0,0,0,0,0,0,0,0,0,0,0,0,0,30,40,33,24,20,22,15,24,6,219
10602161449,core,0,0,0,4,0,0,0,3,0,11,0,0,9,4,5,3,4,6,0,33,6,8,20,12,5,8,6,22,0,85,0,9,8,3,3,5,5,0,0,47,3,0,5,8,11,4,7,10,0,52,0,0,3,10,4,0,3,4,0,25,0,3,0,0,0,0,5,0,0,8,0,0,0,0,0,0,0,0,0,0,0,0,0,0,0,0,0,0,5,5,17,27,40,41,31,22,32,45,3,262
10602161501,core,0,3,4,3,0,8,0,5,0,22,0,4,0,3,0,3,0,0,0,21,9,11,19,12,13,3,11,9,0,84,12,16,16,10,9,3,7,4,0,80,6,14,0,8,11,5,12,0,0,53,0,3,3,0,0,0,3,0,0,13,3,0,0,0,0,0,0,0,0,9,0,0,0,0,0,0,0,0,0,0,0,0,0,0,0,0,0,0,0,0,25,57,44,35,32,21,32,19,3,277
10602161502,core,0,3,3,0,0,0,0,0,0,6,0,0,3,3,0,0,0,3,0,7,4,4,0,0,3,0,0,0,0,8,3,4,4,0,0,0,0,0,0,17,8,10,0,3,0,0,0,4,4,26,0,3,0,0,5,0,4,0,0,16,4,9,0,0,0,0,0,0,0,8,0,0,0,0,0,0,0,0,0,0,0,0,0,0,0,0,0,0,0,0,20,25,9,10,5,4,4,7,4,91
10602161503,core,0,0,0,3,0,0,0,0,0,15,0,3,8,4,0,6,0,0,0,16,7,10,20,14,3,8,9,8,3,83,6,11,5,9,14,4,10,10,0,66,5,4,5,6,3,4,7,7,0,28,0,0,3,0,0,0,3,0,0,11,0,0,0,0,0,0,0,0,0,0,0,0,0,0,0,0,0,0,0,0,0,0,0,0,0,0,0,0,0,0,25,25,33,36,23,25,33,29,3,232
10602161504,core,0,0,6,5,0,7,0,5,0,15,0,0,3,3,3,0,0,0,0,23,10,5,15,11,6,6,0,6,5,54,6,0,9,6,4,4,5,5,0,30,0,4,7,7,3,3,8,5,0,37,0,4,6,4,4,0,11,7,0,31,0,0,0,0,0,3,11,0,0,10,0,0,0,0,0,0,0,0,0,0,0,0,0,0,0,0,0,0,0,0,16,9,40,24,26,21,33,31,8,205
10602161505,core,0,0,0,0,0,0,0,0,0,6,0,0,0,4,0,0,0,0,0,3,0,5,6,10,0,0,9,5,0,25,0,0,5,0,6,0,0,7,0,24,3,0,0,5,3,0,0,0,0,15,0,0,0,0,4,0,0,6,0,11,0,0,0,0,0,0,0,0,0,0,0,0,0,0,0,0,0,0,0,0,0,0,0,0,0,0,0,0,0,0,7,10,10,17,13,0,12,9,0,85
10602161506,core,4,0,8,7,0,9,0,10,0,36,4,11,10,10,6,8,3,0,0,43,4,10,13,3,11,0,3,0,0,47,16,33,14,5,10,5,12,0,0,105,27,29,21,9,20,9,13,3,0,133,11,18,10,6,7,0,4,6,0,62,7,3,0,0,0,0,8,0,0,19,0,3,0,0,4,0,0,0,0,5,0,0,0,0,0,0,0,0,0,0,70,103,80,36,63,30,36,23,3,448
10602161507,core,0,0,3,5,0,16,0,11,0,38,4,6,11,13,4,0,5,0,0,44,3,18,20,13,3,10,9,9,0,80,12,15,15,12,10,4,16,10,0,98,15,15,13,7,5,8,15,6,0,94,10,16,3,3,11,6,11,8,0,64,0,0,0,0,0,0,0,3,0,5,0,0,0,0,0,0,0,0,0,0,0,0,0,0,0,0,0,0,0,0,47,67,70,46,38,42,59,36,7,420
10602161508,core,0,0,0,0,0,4,0,0,0,11,0,0,5,5,0,0,0,5,0,13,8,11,7,12,8,4,5,8,0,56,3,3,11,5,7,9,11,9,0,54,4,3,5,0,3,4,3,0,0,25,0,0,0,4,4,3,3,0,0,21,0,0,0,0,0,0,0,0,0,0,0,0,0,0,0,0,0,0,0,0,0,0,0,0,0,0,0,0,0,0,12,13,23,31,21,20,23,26,4,181
10602161509,core,0,0,0,0,0,7,0,0,0,11,0,0,3,4,0,3,0,4,0,20,4,8,7,7,0,3,3,3,7,49,0,3,10,7,5,5,7,3,0,42,3,0,4,7,0,0,7,6,0,30,0,4,0,5,0,3,7,11,0,33,0,0,0,0,5,0,3,4,0,9,0,0,0,0,0,0,0,0,0,0,0,0,0,0,0,0,0,0,0,0,15,27,28,37,5,22,25,32,7,189
10602161510,core,0,0,0,4,0,3,0,0,0,8,0,3,10,0,6,0,0,7,0,25,0,10,17,7,8,6,7,9,0,65,0,4,4,16,3,3,8,5,0,49,3,0,5,8,0,0,7,4,0,33,0,3,0,5,4,0,3,5,0,31,0,0,0,0,0,0,0,0,0,5,0,0,0,0,0,0,0,0,0,0,0,0,0,0,0,0,0,0,0,0,8,20,46,44,24,16,31,34,4,216
10602161511,core,0,0,3,0,0,13,0,5,0,22,0,4,5,0,0,5,0,6,0,23,3,0,7,3,0,0,3,3,0,24,5,13,9,3,7,3,10,0,0,48,6,6,8,4,8,4,12,3,3,61,0,0,6,3,4,0,0,3,0,22,0,0,0,0,0,0,0,0,0,3,0,0,0,0,0,0,0,0,0,0,0,0,0,0,0,0,0,0,0,0,17,26,40,18,25,29,22,21,3,203
10602161512,core,0,0,5,0,0,0,0,0,0,5,0,0,7,11,3,0,0,4,0,31,8,9,17,13,6,10,8,7,3,74,3,9,6,6,10,4,6,9,0,58,0,5,7,4,4,0,7,5,0,35,3,4,3,0,0,3,6,0,0,23,0,0,0,0,0,0,0,0,0,0,0,0,0,0,0,0,0,0,0,4,0,0,0,0,0,0,0,0,0,0,17,20,50,38,24,18,30,34,3,228
10602161513,core,0,0,0,0,0,9,0,3,0,21,0,0,8,3,5,0,0,7,0,24,5,17,8,10,11,4,3,5,0,74,6,13,10,9,6,0,8,3,0,63,7,10,9,6,8,3,4,0,0,45,4,0,4,4,9,0,3,0,0,22,0,0,0,0,0,0,0,0,0,7,0,0,0,0,0,0,0,0,0,0,0,0,0,0,0,0,0,0,0,0,29,43,39,37,40,25,26,20,4,259
10602161514,core,0,0,3,3,0,0,0,0,0,8,3,0,7,0,0,0,0,0,0,15,0,4,0,0,0,0,3,5,0,17,10,10,3,0,8,0,5,0,0,40,5,8,8,4,12,4,4,0,0,43,5,8,5,0,6,5,0,4,0,26,0,0,0,0,7,4,0,0,0,13,0,0,0,0,0,0,0,0,0,0,0,0,0,0,0,0,0,0,0,0,27,32,30,14,24,9,16,14,3,175
10602161515,core,0,0,0,4,0,0,0,0,0,6,0,0,0,7,0,0,0,4,0,15,3,4,9,3,4,0,3,3,0,36,0,5,0,0,0,3,4,0,0,16,0,0,0,0,0,0,0,6,0,11,0,0,0,5,0,3,0,0,0,20,0,0,0,0,0,0,0,0,0,0,0,0,0,0,0,0,0,0,0,0,0,0,0,0,0,0,0,0,0,0,5,11,23,21,11,8,11,18,0,102
10602161516,core,0,0,0,3,0,7,0,4,0,13,0,0,6,4,0,4,0,5,0,22,3,0,4,0,8,3,8,7,0,39,7,12,7,4,5,4,12,3,0,57,6,6,5,5,6,0,7,5,0,52,6,0,17,4,3,4,3,7,0,42,3,0,0,4,0,0,0,0,0,15,0,3,0,0,0,0,0,0,0,3,0,0,0,0,0,0,0,0,0,0,21,31,45,31,29,22,37,30,0,239
10602161517,core,0,0,5,7,0,10,4,5,0,24,0,0,7,7,0,6,4,4,0,29,4,6,15,15,4,7,6,6,0,59,4,15,7,9,8,0,5,0,0,57,10,3,9,12,5,10,10,9,0,58,6,5,4,4,3,0,3,4,0,41,0,0,0,0,5,0,0,4,0,8,0,0,0,0,0,0,0,0,0,0,0,0,0,0,0,0,0,0,0,0,23,39,38,44,31,34,37,26,5,277
10602161518,core,0,0,0,3,0,0,0,7,0,13,0,3,0,3,0,5,0,6,0,24,5,12,9,11,12,9,15,11,0,80,14,7,13,10,10,3,9,7,4,74,3,11,12,7,10,5,0,4,0,47,6,4,0,8,0,0,0,0,0,17,0,0,0,0,0,0,0,0,0,3,0,0,0,0,0,0,0,0,0,0,0,0,0,0,0,0,0,0,0,0,30,34,36,43,31,16,30,23,4,248
10602161519,core,0,0,0,0,0,9,5,6,0,23,0,0,13,9,5,3,0,0,0,34,12,8,31,14,11,8,11,11,0,115,5,4,15,14,8,10,7,21,0,95,0,3,11,9,11,0,3,6,0,51,0,0,3,3,7,0,3,5,0,23,0,3,0,0,0,0,3,0,0,7,0,0,0,3,0,0,0,0,0,3,0,0,0,0,0,0,0,0,0,0,28,30,71,56,40,33,29,52,5,345
10602161520,core,0,0,4,5,0,4,0,0,0,15,5,3,4,3,9,0,0,0,0,30,0,8,9,5,4,0,4,0,0,36,3,13,4,6,5,0,0,5,0,38,6,10,10,8,13,0,9,0,0,61,9,10,8,9,3,6,11,9,0,57,0,4,0,0,0,0,3,0,0,11,0,0,0,0,0,0,0,0,0,3,0,0,0,0,0,0,0,0,0,0,23,45,50,28,38,16,31,22,6,251
10602161521,core,0,0,4,0,0,3,0,3,0,7,0,0,10,4,0,0,0,5,0,24,9,8,6,11,8,3,5,7,5,67,7,7,4,7,5,4,4,0,0,40,3,3,0,6,4,0,0,0,4,22,4,0,3,3,0,5,0,3,0,20,0,3,0,0,3,0,0,0,0,5,0,0,0,0,0,0,0,0,0,0,0,0,0,0,0,0,0,0,0,0,26,21,26,37,20,15,12,20,5,181
10602161522,core,0,0,0,0,4,4,0,3,0,9,0,4,8,16,0,0,3,5,0,36,7,14,41,24,15,4,14,6,0,120,15,16,8,18,15,3,4,5,0,73,4,4,6,6,3,0,3,0,0,24,0,10,10,9,8,0,0,0,0,34,0,0,0,3,0,0,3,0,0,9,0,0,0,0,0,0,0,0,0,0,0,0,0,0,0,0,0,0,0,0,30,47,66,66,42,12,24,19,0,304
10602161523,core,0,0,0,4,0,4,0,6,0,11,0,0,7,9,0,0,3,0,0,30,9,3,11,3,7,0,0,8,0,43,0,4,4,8,3,5,8,0,0,36,6,6,0,6,5,0,7,9,0,41,4,0,3,4,5,5,0,0,0,19,0,0,0,0,0,0,0,0,0,3,0,0,0,0,0,0,0,0,0,0,0,0,0,0,0,0,0,0,0,0,17,15,35,31,24,17,22,18,0,178
10602161524,core,0,0,3,0,0,6,0,5,0,16,0,0,5,4,3,3,0,0,0,17,0,0,7,3,3,0,0,0,0,17,0,4,5,0,8,0,8,3,0,28,3,0,4,12,6,3,3,0,0,31,5,5,3,3,0,0,10,0,0,32,0,0,0,0,0,0,0,0,0,0,0,0,0,0,0,0,0,0,0,0,0,0,0,0,0,0,0,0,0,0,7,11,26,23,17,13,21,14,0,136
10602161525,core,0,0,0,3,0,4,0,5,0,21,3,0,4,9,0,5,0,4,0,21,5,0,6,14,9,4,5,4,6,48,3,10,11,8,6,0,7,10,0,44,3,0,7,9,3,5,3,0,0,38,0,4,0,4,6,0,3,7,0,21,0,0,0,0,0,0,0,0,0,3,0,0,0,0,0,0,0,0,0,0,0,0,0,0,0,0,0,0,0,0,11,22,31,37,21,19,13,28,3,187
10602161526,core,0,0,4,3,0,4,0,5,0,21,0,0,0,3,0,0,0,3,0,10,4,8,5,4,8,3,4,4,0,36,5,8,3,3,3,0,3,3,0,32,3,10,3,10,7,3,5,0,0,42,0,0,0,3,6,0,0,3,0,21,0,0,0,0,0,0,0,0,0,3,5,0,0,0,0,0,0,0,0,5,0,0,0,0,0,0,0,0,0,0,18,27,24,28,26,21,10,23,0,174
10602161527,core,0,0,4,5,0,6,0,9,0,21,0,0,4,9,4,4,0,3,0,26,0,3,15,8,3,9,11,6,0,62,10,4,15,13,7,8,13,3,0,71,5,6,10,5,8,3,7,4,0,53,5,0,7,8,0,0,3,6,0,29,0,0,0,0,0,0,0,0,0,4,0,0,0,0,0,0,0,0,0,0,0,0,0,0,0,0,0,0,0,0,23,25,49,39,27,25,34,33,3,265
10602161528,core,0,0,3,0,3,4,3,4,0,17,0,0,0,9,3,4,0,5,0,13,3,13,11,10,13,7,8,7,0,75,6,19,22,16,7,7,5,6,0,81,6,3,6,4,5,4,5,8,6,35,0,4,0,5,0,0,3,0,0,13,0,0,0,0,0,0,0,0,0,5,0,0,0,0,0,0,0,0,0,0,0,0,0,0,0,0,0,0,0,0,13,41,40,36,32,19,23,29,7,236
10602161529,core,0,0,0,0,0,0,0,0,0,0,0,0,0,0,0,0,0,0,0,0,0,4,10,4,0,0,0,4,0,17,0,0,0,0,0,0,0,0,0,3,0,0,0,0,0,0,0,0,0,0,0,0,0,0,4,0,0,0,0,7,0,0,0,0,0,0,5,0,0,8,0,0,0,0,0,0,0,0,0,0,0,0,0,0,0,0,0,0,0,0,3,10,8,5,7,6,10,4,0,47
10602161530,core,0,0,5,0,0,3,0,0,0,8,0,3,5,3,3,0,0,4,0,16,5,0,14,7,4,0,5,0,0,42,3,6,0,4,0,0,9,4,0,16,6,8,0,3,6,4,0,3,0,34,3,9,6,0,5,6,0,7,0,34,0,0,0,0,0,4,0,0,0,9,0,0,0,0,0,0,0,0,0,0,0,0,0,0,0,0,0,0,0,0,18,21,33,23,20,17,17,9,0,160
10602161531,core,0,0,0,0,0,0,0,0,0,3,0,0,0,0,0,0,0,0,0,3,0,0,0,0,0,0,0,3,0,8,0,4,0,0,3,0,0,0,0,9,8,10,3,0,0,0,0,4,0,31,5,7,3,0,3,4,3,0,0,31,0,0,0,0,0,0,0,0,0,4,6,0,0,0,0,0,0,0,0,6,0,0,0,0,0,0,0,0,0,0,21,25,14,5,12,12,4,6,0,94
10602161532,core,0,0,3,0,0,4,0,3,0,20,0,0,4,7,3,9,0,4,0,26,9,18,11,7,14,10,13,5,0,77,8,14,13,10,4,3,9,7,0,79,9,9,4,4,13,0,7,5,0,41,0,4,8,0,6,3,5,4,0,28,0,0,0,0,0,0,0,0,0,5,0,0,0,0,0,0,0,0,0,0,0,0,0,0,0,0,0,0,0,0,24,38,41,35,41,29,33,26,0,276
10602161533,core,0,0,0,0,0,6,0,3,0,17,0,0,4,0,0,0,5,4,0,11,3,0,6,0,5,0,3,5,0,30,3,7,3,7,0,0,5,0,0,33,13,10,6,8,4,7,4,3,0,49,8,6,7,0,11,0,3,0,0,43,3,8,0,0,0,0,0,0,0,14,0,0,0,0,0,0,0,0,0,0,0,0,0,0,0,0,0,0,0,0,31,40,26,9,22,13,29,14,4,194
10602161534,core,0,0,0,0,0,10,4,3,0,18,0,3,8,6,0,5,0,0,0,19,0,15,20,10,11,9,9,7,0,81,9,13,20,10,9,8,9,8,3,92,12,5,11,3,8,0,11,7,0,58,9,0,5,10,4,3,5,4,0,34,0,0,0,0,0,0,0,0,0,5,0,0,0,0,0,0,0,0,0,0,0,0,0,0,0,0,0,0,0,0,31,42,66,39,40,35,43,26,5,318
10602161535,core,0,0,0,3,0,4,0,3,0,11,0,0,0,0,0,3,0,0,0,11,0,8,22,5,11,0,3,0,0,58,12,10,9,5,6,4,5,0,4,52,3,5,6,5,6,0,11,3,0,45,0,4,7,0,3,4,0,5,0,21,0,0,0,0,0,0,0,0,0,0,0,0,0,0,0,0,0,0,0,0,0,0,0,0,0,0,0,0,0,0,16,34,45,21,26,20,26,16,3,200
10602161536,core,0,0,0,0,0,11,0,7,0,19,0,3,6,8,0,0,6,0,0,31,0,5,3,5,3,5,8,4,0,37,4,7,5,9,9,7,0,3,0,37,9,8,10,4,6,5,6,9,7,52,4,4,7,4,5,4,5,3,0,43,0,0,0,0,0,0,0,0,0,6,0,0,0,0,0,0,0,0,0,0,0,0,0,0,0,0,0,0,0,0,16,34,35,34,26,30,22,23,5,223
10602161537,core,0,0,0,0,0,7,0,6,0,10,0,0,3,7,0,5,3,0,0,12,0,4,4,5,0,0,4,3,0,29,0,4,10,3,4,6,11,5,0,43,7,0,0,8,5,0,5,0,3,33,0,5,0,0,0,0,6,3,0,14,0,4,0,0,0,3,0,0,0,10,0,0,0,0,0,0,0,0,0,0,0,0,0,0,0,0,0,0,0,0,10,23,22,18,18,20,22,20,3,151
10602161538,core,0,0,0,0,0,0,0,0,0,0,0,0,4,0,6,4,0,0,0,16,3,3,13,5,4,0,6,10,0,43,0,3,8,3,3,0,4,5,0,35,0,0,0,4,0,0,3,0,0,20,3,0,4,0,0,0,0,3,0,19,0,0,0,0,5,0,0,0,0,9,0,0,0,0,0,0,0,0,0,0,0,0,0,0,0,0,0,0,0,0,9,8,38,13,19,9,12,21,0,141
10602161539,core,0,0,0,5,0,5,0,6,0,20,0,0,7,0,0,0,0,0,0,8,3,4,0,4,7,10,4,0,0,36,0,5,5,4,9,4,6,7,0,37,6,6,5,12,8,0,3,0,0,56,4,3,4,6,3,5,3,0,0,31,0,0,0,0,0,0,0,0,0,0,0,0,0,0,0,0,0,0,0,0,0,0,0,0,0,0,0,0,0,0,14,21,20,32,31,21,24,25,4,190
10602161601,core,0,0,3,0,0,6,0,0,0,10,0,0,15,3,0,0,0,4,0,23,0,13,4,0,7,7,0,5,0,40,8,4,6,8,3,3,6,5,0,49,3,3,3,4,3,4,0,4,0,24,0,4,3,0,0,3,6,0,0,17,0,0,0,0,0,0,0,0,0,4,0,0,0,0,0,0,0,0,0,0,0,0,0,0,0,0,0,0,0,0,17,25,35,22,20,22,8,19,0,158
10602161602,core,0,0,0,0,0,0,0,3,0,8,5,0,5,7,0,5,0,6,0,11,6,3,6,7,5,8,0,5,0,21,0,11,6,0,3,6,6,5,0,28,0,0,4,0,0,0,0,4,0,13,0,0,0,0,0,0,0,0,0,14,0,0,0,0,0,0,0,0,0,0,0,0,0,0,0,0,0,0,0,0,0,0,0,0,0,0,0,0,0,0,8,14,16,12,4,12,6,18,0,98
10602161603,core,0,0,3,0,0,9,0,3,0,11,0,0,3,0,0,0,0,0,0,9,4,5,11,6,8,0,10,6,0,53,4,0,12,6,5,4,8,0,0,43,0,4,5,0,3,5,5,0,0,19,0,0,6,0,6,0,3,0,0,16,0,3,0,0,0,0,0,0,0,7,0,0,0,0,0,0,0,0,0,0,0,0,0,0,0,0,0,0,0,0,9,12,27,27,24,15,27,14,6,150
10602161604,core,0,0,0,0,0,3,0,4,0,7,0,0,0,4,0,3,0,3,4,20,0,0,6,0,5,0,0,3,0,19,4,0,0,0,0,0,3,3,0,13,0,0,0,0,0,0,0,8,0,16,0,0,0,0,0,6,4,5,0,12,0,0,0,0,0,0,0,0,0,0,0,0,0,0,0,0,0,0,0,0,0,0,0,0,0,0,0,0,0,0,4,0,13,11,8,10,6,23,5,87
10602161605,core,0,0,0,3,0,6,0,9,0,16,0,0,5,7,0,5,0,0,0,14,8,8,4,4,3,3,4,0,0,38,0,0,4,8,5,0,8,5,0,30,0,7,6,7,4,0,6,4,0,28,5,0,6,3,4,6,0,0,0,17,0,0,0,0,0,4,0,0,0,10,0,0,0,0,0,0,0,0,0,0,0,0,0,0,0,0,0,0,0,0,18,11,20,37,14,18,13,22,0,159
10602161606,core,0,0,0,0,0,5,0,0,0,12,0,0,6,7,5,0,4,0,0,23,0,3,4,5,4,0,4,3,0,29,0,7,5,0,3,6,3,6,0,32,3,0,3,4,0,0,0,3,0,7,0,3,0,0,0,4,3,10,0,19,0,0,0,0,0,0,0,3,0,0,0,0,0,0,0,0,0,0,0,0,0,0,0,0,0,0,0,0,0,0,8,11,21,22,10,12,22,20,3,125
10602161607,core,0,0,0,0,0,4,0,4,0,6,0,0,0,0,6,4,6,6,0,23,5,15,13,9,5,10,0,7,0,80,0,5,6,3,5,0,3,3,0,24,0,5,7,4,4,4,4,3,0,30,3,4,7,3,6,0,4,7,0,34,0,0,0,0,0,0,0,0,0,3,0,0,0,0,0,0,0,0,0,0,0,0,0,0,0,0,0,0,0,0,12,29,44,21,28,25,18,30,0,202
10602161608,core,0,0,0,0,0,5,0,4,0,5,0,0,0,4,0,0,3,0,0,8,0,6,0,4,0,0,3,3,0,23,0,4,0,6,3,0,0,0,0,13,0,0,6,5,0,0,8,5,0,26,0,3,4,0,0,0,0,0,0,19,0,0,0,0,0,0,0,0,0,0,0,0,0,0,0,0,0,0,0,0,0,0,0,0,0,0,0,0,0,0,4,8,16,22,5,7,22,15,0,94
10602161609,core,0,0,0,0,0,0,0,4,0,8,0,0,9,3,0,4,0,5,0,19,5,13,11,5,12,9,5,5,4,72,13,9,11,10,3,6,6,4,0,62,0,11,11,4,10,9,9,8,0,46,3,9,3,8,9,7,4,6,0,40,0,0,0,0,0,0,0,0,0,10,0,0,0,0,0,0,0,0,0,0,0,0,0,0,0,0,0,0,0,0,20,35,45,27,26,27,31,29,3,249
10602161610,core,0,0,6,0,0,0,0,4,0,12,0,0,10,9,3,8,0,4,0,33,5,12,9,13,3,5,11,4,0,61,6,9,7,0,6,3,4,3,0,44,0,7,4,8,0,0,8,4,0,39,0,6,8,0,3,8,4,5,0,32,0,0,0,0,0,0,0,0,0,4,0,0,0,0,0,0,0,0,0,0,0,0,0,0,0,0,0,0,0,0,19,38,44,28,17,16,26,28,5,223
10602161611,core,0,0,0,0,0,0,0,0,0,0,0,0,0,0,0,0,0,0,0,0,0,0,0,0,0,0,0,0,0,0,0,0,0,0,0,0,0,0,0,0,0,0,0,0,0,0,0,0,0,0,0,0,0,0,0,0,0,0,0,0,0,0,0,0,0,0,0,0,0,0,0,0,0,0,0,0,0,0,0,0,0,0,0,0,0,0,0,0,0,0,0,5,0,0,0,0,0,0,0,3
10602161612,core,0,0,0,3,0,3,0,0,0,10,0,0,5,0,0,0,0,5,0,17,4,8,6,4,9,4,3,4,0,40,3,0,10,0,0,3,0,6,0,34,3,0,8,5,3,4,3,7,0,27,0,8,0,5,0,0,10,3,0,26,0,0,0,0,0,0,0,0,0,5,0,0,0,0,0,0,0,0,0,0,0,0,0,0,0,0,0,0,0,0,12,15,33,30,18,12,19,23,0,167
10602161613,core,0,0,0,0,0,3,0,3,0,14,0,4,7,3,0,0,4,4,0,19,4,18,20,5,6,11,6,12,4,81,9,6,9,6,7,3,10,3,0,48,3,5,10,3,3,3,3,4,0,45,0,0,0,7,3,3,0,9,0,35,0,0,0,0,0,0,4,0,0,5,0,0,0,0,0,0,0,0,0,0,0,0,0,0,0,0,0,0,0,0,20,33,42,29,25,30,27,33,3,245
10602161614,core,0,0,0,0,0,6,0,0,0,8,0,6,5,3,3,0,3,4,3,27,4,5,15,14,5,9,9,13,3,74,0,6,3,3,0,4,8,7,0,34,0,0,6,10,7,0,4,3,0,28,0,6,0,0,9,0,0,3,4,28,0,0,0,6,0,0,0,0,0,7,0,0,0,0,0,0,0,0,0,0,0,0,0,0,0,0,0,0,0,0,12,22,32,31,19,22,26,31,12,206
10602161615,core,0,0,6,0,0,5,0,4,0,18,4,4,12,11,7,10,5,4,0,54,9,12,14,17,15,0,5,9,0,80,10,8,9,7,0,0,12,5,0,66,4,6,4,7,10,0,8,7,0,46,3,4,4,7,0,3,4,6,0,28,6,4,0,0,0,3,4,0,0,9,0,0,0,0,0,0,0,0,0,0,0,0,0,0,0,0,0,0,0,0,36,47,52,47,30,23,33,31,3,306
10602161616,core,0,0,0,0,0,0,3,0,0,6,0,0,4,0,0,0,0,0,0,9,0,0,11,7,6,7,10,10,0,50,5,3,6,8,5,8,3,0,0,35,6,0,8,5,6,0,3,12,0,31,0,0,0,3,7,0,0,6,0,14,0,0,0,4,3,0,0,0,0,11,0,0,0,0,0,0,0,0,0,0,0,0,0,0,0,0,0,0,0,0,9,4,26,25,21,15,24,25,0,155
10602161617,core,0,0,6,0,4,5,0,6,0,17,0,0,6,7,7,0,0,0,0,21,15,15,22,12,13,6,11,11,0,109,15,10,12,9,15,3,9,8,5,86,10,3,5,6,5,0,5,0,0,35,3,0,5,0,5,0,0,0,0,19,0,0,0,0,0,0,0,0,0,0,0,0,0,0,0,0,0,0,0,0,0,0,0,0,0,0,0,0,0,0,40,35,45,37,51,17,28,30,3,289
10602161618,core,0,0,0,0,0,3,0,5,0,13,0,3,3,9,0,4,0,5,0,28,3,11,10,11,5,10,0,6,0,61,0,0,8,9,5,0,8,5,0,35,0,5,0,3,4,0,0,3,0,28,3,0,0,3,6,4,8,7,0,27,0,3,0,0,0,0,0,0,0,9,0,0,0,0,0,0,0,0,0,0,0,0,0,0,0,0,0,0,0,0,11,26,27,36,14,24,19,27,6,198
10602161619,core,0,0,0,0,0,6,4,5,0,24,0,5,11,6,0,8,0,4,0,31,12,16,23,17,6,4,14,12,6,110,4,11,13,9,10,3,11,5,7,73,8,6,11,14,7,6,8,6,0,72,4,8,0,8,3,0,8,10,5,43,0,0,0,0,0,0,0,0,0,6,0,0,0,0,0,0,0,0,0,0,0,0,0,0,0,0,0,0,0,0,30,47,55,50,35,31,42,41,18,348
10602161620,core,0,0,0,3,0,0,0,0,0,8,0,0,0,0,0,0,0,0,0,4,0,0,7,0,3,0,0,3,0,12,4,5,0,0,0,0,0,0,0,21,3,0,8,0,0,0,5,3,5,27,3,4,5,3,4,0,0,3,0,25,7,0,4,0,0,0,5,0,0,14,0,0,0,0,0,0,0,0,0,0,0,0,0,0,0,0,0,0,0,0,20,12,25,16,10,6,13,16,3,117
10602161701,core,0,0,3,7,0,7,0,3,0,21,0,3,4,4,0,3,0,6,0,12,5,20,4,9,0,5,0,3,0,44,7,13,3,8,9,0,0,0,0,46,15,4,6,4,8,0,7,0,0,54,0,10,3,0,3,0,0,6,0,26,0,3,0,0,0,0,0,0,0,11,0,0,0,0,0,0,0,0,0,0,0,0,0,0,0,0,0,0,0,0,27,52,26,33,20,11,17,22,3,217
10602161702,core,0,0,0,0,0,3,0,0,0,5,0,0,9,0,5,0,0,0,0,17,3,11,15,11,4,0,0,6,0,48,0,8,7,5,0,5,0,3,0,27,3,9,0,0,5,0,0,0,0,21,0,8,8,3,3,0,0,5,0,31,0,4,0,0,0,0,0,0,0,7,0,0,0,0,0,0,0,0,0,0,0,0,0,0,0,0,0,0,0,0,13,41,31,22,19,11,4,16,4,152
10602161703,core,0,3,5,4,0,11,0,6,0,25,7,3,3,15,6,9,3,3,0,47,6,23,17,10,13,8,8,6,4,97,11,16,15,10,12,12,11,7,0,105,9,11,11,9,13,7,9,4,0,84,0,7,15,6,8,6,7,9,0,47,0,5,3,0,0,0,0,3,0,11,0,0,0,0,0,0,0,0,0,0,0,0,0,0,0,0,0,0,0,0,32,62,69,59,53,51,40,40,6,420
10602161704,core,0,0,0,3,0,10,0,0,0,14,5,5,0,6,5,0,0,4,0,28,0,10,12,5,4,8,0,6,0,51,3,4,10,3,7,0,6,0,0,37,3,11,6,6,14,4,5,0,0,48,8,7,5,5,10,6,3,5,0,44,0,3,0,0,0,0,0,0,0,11,0,0,0,0,0,0,0,0,0,0,0,0,0,0,0,0,0,0,0,0,20,37,41,24,45,24,16,12,6,231
10602161705,core,0,0,0,0,0,4,0,0,0,7,0,0,4,3,0,0,0,4,0,18,6,16,6,9,3,0,5,8,0,59,7,11,4,8,8,4,5,4,0,48,3,9,6,4,5,0,5,4,0,29,4,12,6,6,3,4,8,4,0,50,0,0,3,0,0,0,0,0,0,5,0,0,0,0,0,0,0,0,0,0,0,0,0,0,0,0,0,0,0,0,19,46,32,31,23,18,19,25,0,220
10602161706,core,0,0,6,0,0,7,0,5,0,22,0,0,5,0,0,0,0,4,0,22,4,17,16,6,15,5,0,3,0,64,0,9,8,0,3,0,5,3,0,40,3,12,4,8,0,0,7,4,0,45,6,8,6,3,7,0,3,4,0,32,0,0,0,0,0,0,4,0,0,3,0,0,0,0,0,0,0,0,0,0,0,0,0,0,0,0,0,0,0,0,20,53,46,26,31,22,16,20,6,235
10602161707,core,0,0,3,0,0,3,0,5,0,14,0,0,7,8,0,0,0,4,0,18,0,17,16,8,6,3,3,7,0,72,5,9,10,5,7,5,10,0,0,48,0,4,4,9,3,0,9,3,0,35,5,0,3,4,6,3,7,9,5,34,0,4,0,4,0,0,4,0,0,7,0,0,0,0,0,0,0,0,0,0,0,0,0,0,0,0,0,0,0,0,13,28,43,42,29,17,27,24,3,232
10602161708,core,0,0,0,0,0,3,0,4,0,3,0,5,3,4,0,0,0,0,0,13,3,12,0,3,0,0,3,3,0,31,4,12,9,0,3,4,5,0,0,31,6,13,4,0,5,0,0,0,0,31,4,9,6,0,3,0,5,3,0,25,3,8,0,0,0,0,0,0,0,14,0,0,0,0,0,0,0,0,0,6,0,0,0,0,0,0,0,0,0,0,21,49,20,10,11,14,14,13,0,154
10602161709,core,0,0,0,0,0,0,0,3,0,5,0,0,0,0,0,0,0,4,0,4,0,0,6,4,0,0,0,4,0,12,0,0,0,0,0,0,3,0,0,9,0,0,0,0,0,0,0,6,0,10,0,0,0,0,0,0,0,3,0,7,0,0,3,0,0,0,0,0,0,4,0,0,0,0,0,0,0,0,0,0,0,0,0,0,0,0,0,0,0,0,3,3,9,12,0,0,7,22,0,54
10602161710,core,0,0,3,0,0,4,0,0,0,6,0,0,3,3,0,0,0,0,0,12,0,0,0,0,0,0,0,0,0,7,0,0,0,0,0,0,0,0,0,4,0,0,0,0,0,0,0,3,0,15,3,0,0,0,0,0,0,0,0,5,0,0,0,0,0,0,0,0,0,0,0,0,0,0,0,0,0,0,0,0,0,0,0,0,0,0,0,0,0,5,10,6,9,6,4,4,0,7,0,48
10602161711,core,0,0,3,0,0,8,0,0,0,13,4,0,7,6,0,0,0,6,0,13,4,3,5,7,7,9,0,0,0,39,3,3,3,4,3,0,3,0,0,24,5,9,7,11,10,5,3,5,0,43,5,3,0,0,7,0,5,3,0,29,0,0,0,0,0,0,0,0,0,4,0,0,0,0,0,0,0,0,0,0,0,0,0,0,0,0,0,0,0,0,21,20,30,25,24,15,14,17,0,165
10602161712,core,0,0,4,0,0,5,0,0,0,13,5,0,0,0,0,4,7,0,0,20,12,16,20,5,9,3,3,7,0,60,3,13,10,0,10,4,3,5,0,45,7,12,3,5,4,0,8,4,0,50,3,5,5,4,4,5,0,3,0,30,0,0,0,0,0,0,0,0,0,5,0,0,0,0,0,0,0,0,0,0,0,0,0,0,0,0,0,0,0,0,27,52,36,16,27,20,21,26,3,223
10602161713,core,0,0,3,5,3,3,0,4,0,21,0,0,4,9,0,5,0,3,0,23,8,10,7,9,8,8,0,9,0,54,16,33,13,14,16,3,8,7,0,105,8,14,9,6,17,9,13,0,0,79,7,6,3,5,13,0,7,0,3,49,0,3,0,3,4,0,0,0,0,13,0,0,0,0,0,0,0,0,0,0,0,0,0,0,0,0,0,0,0,0,33,66,49,47,58,32,26,30,6,342
10602161714,core,0,0,0,5,0,0,0,4,0,16,0,4,10,5,3,0,6,0,0,24,9,21,16,9,7,3,5,4,0,68,11,10,6,9,11,5,6,6,3,68,12,21,4,4,7,0,6,9,0,61,6,16,5,6,12,4,7,4,0,58,0,0,0,0,0,0,0,0,0,5,0,0,0,0,0,0,0,0,0,0,0,0,0,0,0,0,0,0,0,0,34,75,52,32,49,16,23,28,3,302
10602161715,core,0,0,0,0,0,0,0,0,0,3,0,3,7,8,0,6,0,5,0,25,3,8,11,7,3,3,0,5,0,46,7,17,11,0,6,0,7,0,0,53,0,0,0,8,7,0,8,3,0,23,6,3,9,0,3,0,0,12,0,32,0,3,0,0,0,0,0,4,0,11,0,0,0,0,0,0,0,0,0,0,0,0,0,0,0,0,0,0,0,0,14,39,38,23,18,14,20,25,0,199
10602161716,core,0,0,0,0,0,8,0,5,0,20,3,0,4,4,3,6,0,0,0,23,3,12,3,9,3,5,5,0,0,46,4,6,7,7,8,5,0,6,0,31,9,10,9,6,4,7,0,0,0,44,10,8,8,7,9,3,0,5,0,49,8,4,0,0,3,0,0,0,0,11,0,0,0,0,0,0,0,0,0,0,0,0,0,0,0,0,0,0,0,0,29,36,28,34,26,28,8,19,0,219
10602161717,core,0,0,0,0,0,0,0,0,0,3,0,0,0,0,0,0,0,0,0,6,0,6,0,5,3,0,0,0,7,23,0,9,5,0,0,0,3,4,0,20,3,3,3,0,5,3,3,7,0,29,0,0,6,7,3,0,3,3,0,16,0,0,0,0,0,0,0,0,0,4,0,0,0,0,0,0,0,0,0,0,0,0,0,0,0,0,0,0,0,0,9,22,13,17,7,12,15,19,6,107
10602161718,core,0,0,0,0,0,6,0,4,0,8,0,0,3,9,4,0,0,0,0,14,3,16,9,0,8,0,0,3,0,38,6,12,7,9,3,0,3,0,0,45,4,9,11,12,9,6,6,5,0,51,4,13,12,7,8,4,8,10,0,69,0,3,0,0,0,0,0,0,0,6,0,0,0,0,0,0,0,0,0,0,0,0,0,0,0,0,0,0,0,0,23,51,41,37,28,18,17,19,0,237
10602161719,core,0,0,3,7,0,9,0,5,0,24,0,0,3,5,4,3,0,4,0,15,3,8,6,3,13,4,0,4,0,43,18,18,12,7,12,0,9,0,0,79,10,13,14,7,9,3,5,8,3,76,8,13,5,3,5,5,3,0,0,48,0,5,0,0,0,0,0,0,0,18,0,0,0,0,0,0,0,0,0,0,0,0,0,0,0,0,0,0,0,0,39,61,52,30,48,24,22,25,6,305
10602161720,core,0,0,0,0,0,0,0,0,0,0,0,0,0,0,0,0,0,0,0,0,0,0,0,0,0,0,0,0,0,0,0,0,0,0,0,0,0,0,0,0,0,0,0,0,0,0,0,0,0,0,0,0,0,0,0,0,0,0,0,0,0,0,0,0,0,0,0,0,0,0,0,0,0,0,0,0,0,0,0,0,0,0,0,0,0,0,0,0,0,0,0,0,0,0,0,0,0,0,0,0
10602161721,core,0,0,5,0,0,4,0,4,0,19,0,0,7,0,0,6,3,0,0,11,0,23,20,14,8,5,5,5,0,86,3,21,10,5,10,8,3,4,0,64,3,5,10,5,8,3,4,4,0,45,6,0,0,0,4,4,5,0,0,26,0,5,5,0,0,0,0,0,0,7,0,0,0,0,0,0,0,0,0,0,0,0,0,0,0,0,0,0,0,0,15,52,50,29,31,28,18,24,0,253
10602161722,core,0,0,0,0,0,0,0,0,0,0,0,0,3,0,0,0,0,0,0,3,0,0,0,0,0,0,0,0,0,3,0,0,0,0,0,0,0,0,0,6,6,0,0,0,0,0,0,0,0,10,0,0,3,4,4,0,3,3,0,19,0,0,0,3,0,0,0,0,0,6,0,0,0,0,0,0,0,0,0,3,0,0,0,0,0,0,0,0,0,0,9,0,10,7,6,3,5,4,0,48
10602161723,core,0,0,3,0,0,3,0,0,0,6,0,0,5,0,0,5,5,0,0,12,0,5,8,9,4,0,0,5,0,32,0,9,5,3,5,3,3,4,0,34,3,4,6,8,3,4,3,0,0,31,0,3,5,3,3,0,9,3,0,29,0,0,0,0,3,0,0,0,0,7,0,0,0,0,0,0,0,0,0,0,0,0,0,0,0,0,0,0,0,0,11,23,30,20,26,14,13,16,0,151
10602161801,core,0,0,0,0,0,0,0,0,0,3,3,4,10,11,7,5,3,3,7,47,7,14,10,16,10,3,4,9,0,76,7,0,8,8,8,0,6,0,4,38,3,0,13,4,5,3,4,5,0,46,3,3,5,3,4,3,17,5,4,38,0,0,3,3,0,0,4,0,0,12,0,0,0,0,0,0,0,0,0,0,0,0,0,0,0,0,0,0,0,0,20,28,50,44,33,27,27,24,9,262
10602161802,core,0,0,0,4,0,0,0,4,0,12,0,0,3,0,0,3,0,0,0,11,0,4,11,4,3,0,0,5,0,25,0,0,10,0,0,0,0,0,0,12,8,5,9,0,3,0,0,0,0,24,5,8,4,3,4,4,3,0,0,34,0,4,0,0,0,0,0,0,0,4,0,0,0,0,0,0,0,0,0,0,0,0,0,0,0,0,0,0,0,0,20,20,28,11,15,6,11,8,0,128
10602161803,core,0,0,5,4,0,10,0,0,0,15,5,0,13,3,0,5,0,4,0,35,0,7,8,3,4,5,4,13,0,45,6,15,3,7,8,0,4,6,0,51,5,7,11,4,14,6,11,0,0,68,0,9,3,8,8,4,6,7,0,46,0,0,0,0,0,0,3,0,0,3,0,0,0,0,0,0,0,0,0,0,0,0,0,0,0,0,0,0,0,0,23,37,44,25,41,29,24,34,0,262
10602161804,core,0,0,0,0,0,5,0,3,0,11,0,0,3,0,0,6,0,0,0,8,0,0,0,0,4,0,0,0,0,11,10,0,0,0,0,0,0,0,0,20,16,11,3,0,10,4,0,0,0,44,3,4,3,0,4,0,0,0,0,12,0,0,0,0,0,0,0,0,0,4,0,0,0,0,0,0,0,0,0,0,0,0,0,0,0,0,0,0,0,0,26,23,15,6,19,15,6,3,0,111
10602161805,core,0,0,0,0,0,9,0,8,0,13,0,0,3,5,0,3,0,0,0,10,0,3,5,0,7,0,0,0,0,23,15,14,5,5,7,4,4,5,0,61,8,18,4,7,6,0,0,4,0,46,0,0,3,5,7,0,3,4,0,21,0,0,0,0,0,0,0,0,0,3,0,0,0,0,0,0,0,0,0,0,0,0,0,0,0,0,0,0,0,0,28,36,23,19,30,14,10,16,0,177
10602161806,core,0,0,3,0,0,11,0,4,0,22,0,5,7,5,0,13,0,3,0,37,8,15,3,13,5,3,10,4,0,59,12,6,3,9,11,6,3,10,3,67,8,11,14,10,14,8,13,0,0,85,0,6,9,8,11,4,0,8,0,42,0,0,0,0,0,0,4,0,0,15,0,0,0,0,0,0,0,0,0,0,0,0,0,0,0,0,0,0,0,0,31,54,35,37,52,46,28,34,3,324
10602161807,core,0,0,0,6,0,5,0,3,0,19,0,0,0,6,0,5,0,0,0,15,4,23,17,7,11,6,4,4,0,76,13,23,6,9,11,4,14,3,0,84,6,3,8,3,10,7,8,0,0,45,3,7,4,0,6,0,4,3,0,30,0,0,0,0,0,0,0,0,0,0,0,0,0,0,0,0,0,0,0,0,0,0,0,0,0,0,0,0,0,0,23,62,40,31,40,23,25,11,0,263
10602161808,core,0,0,0,0,0,0,0,0,0,0,0,0,0,0,0,0,0,0,0,0,0,0,0,0,0,0,0,0,0,0,0,0,0,0,0,0,0,0,0,0,0,0,0,0,0,0,0,0,0,0,0,0,0,0,0,0,0,0,0,0,0,0,0,0,0,0,0,0,0,0,0,0,0,0,0,0,0,0,0,0,0,0,0,0,0,0,0,0,0,0,0,0,0,0,0,0,0,0,0,0
10602161809,core,0,0,4,0,0,0,0,0,0,5,0,0,7,4,0,0,0,3,0,19,0,10,17,8,5,5,6,6,0,60,7,3,6,3,4,6,4,3,0,29,0,7,0,9,0,0,3,5,0,19,0,0,3,6,5,0,4,0,0,13,0,0,0,0,4,0,3,0,0,3,0,0,0,0,0,0,0,0,0,0,0,0,0,0,0,0,0,0,0,0,7,19,29,25,18,13,17,22,0,155
10602161810,core,0,0,0,0,0,9,0,4,0,19,0,7,7,11,9,3,0,4,0,37,18,22,15,24,11,0,0,3,0,100,5,15,9,13,3,0,0,4,0,49,0,0,6,8,3,0,7,0,0,18,0,0,0,0,0,0,0,0,0,10,0,0,0,0,0,0,0,0,0,0,0,0,0,0,0,0,0,0,0,0,0,0,0,0,0,0,0,0,0,0,24,46,40,58,22,14,9,12,0,227
10602161811,core,0,0,0,0,0,0,0,3,0,9,0,3,3,3,0,0,4,3,0,13,0,11,10,6,3,0,9,3,0,37,0,3,4,3,3,4,0,9,0,31,0,0,6,0,4,0,3,5,0,17,0,5,5,0,4,0,5,0,0,31,0,5,0,0,0,0,6,0,0,9,0,0,0,0,0,0,0,0,0,0,0,0,0,0,0,0,0,0,0,0,6,22,25,18,15,3,18,32,0,149
10602161812,core,0,0,5,5,0,5,0,9,0,30,0,6,0,6,0,6,0,5,0,22,4,7,10,7,3,0,7,6,0,41,3,7,0,3,0,5,3,3,0,32,10,7,15,5,13,6,4,0,0,59,0,3,8,4,7,0,9,0,5,41,5,0,0,0,4,0,0,0,0,12,0,0,0,0,0,0,0,0,0,0,0,0,0,0,0,0,0,0,0,0,22,28,39,26,32,22,18,30,14,229
10602161813,core,0,0,0,3,0,0,0,4,0,11,0,3,4,3,0,0,0,3,0,13,0,4,3,7,4,3,0,7,0,31,5,4,4,4,6,0,0,0,0,26,4,3,0,4,8,0,3,0,0,34,5,8,4,9,8,4,8,9,0,44,0,0,0,0,0,0,0,0,0,3,0,0,0,0,0,0,0,0,0,0,0,0,0,0,0,0,0,0,0,0,16,25,27,32,29,10,20,17,3,171
10602161814,core,0,0,0,0,0,3,0,0,0,6,0,5,0,5,0,0,0,0,0,8,0,0,0,0,0,0,0,0,0,6,0,0,0,0,4,0,0,0,0,12,0,5,3,10,3,0,0,0,0,17,6,7,8,3,6,0,0,0,0,23,0,5,0,0,0,0,0,0,0,8,0,0,0,0,0,0,0,0,0,0,0,0,0,0,0,0,0,0,0,0,7,13,16,16,18,3,5,4,0,93
10602161815,core,0,0,4,0,0,3,0,7,0,16,0,3,10,7,8,3,0,3,0,29,10,23,21,31,19,8,9,0,5,119,7,10,12,6,9,4,7,3,0,56,0,6,0,6,3,0,0,0,0,20,0,0,0,0,0,0,0,0,0,5,0,0,0,0,0,0,0,0,0,3,0,0,0,0,0,0,0,0,0,0,0,0,0,0,0,0,0,0,0,0,24,39,38,57,36,15,21,15,4,246
10602161816,core,0,0,0,5,0,4,0,5,0,20,0,7,9,6,0,5,4,4,0,24,6,11,12,7,0,8,4,4,0,60,5,8,5,8,6,4,6,7,0,65,7,11,4,3,6,5,4,0,0,45,4,6,6,7,9,4,8,8,0,45,0,0,0,0,0,0,0,7,0,8,0,0,0,0,0,0,0,0,0,0,0,0,0,0,0,0,0,0,0,0,25,43,30,39,26,34,30,35,0,260
10602161817,core,0,0,5,4,0,0,0,12,0,28,0,7,6,3,0,10,0,4,0,30,16,37,12,16,12,15,5,3,0,116,10,38,23,9,28,7,9,3,3,132,10,16,6,7,10,7,4,0,0,65,6,3,3,4,8,3,4,0,0,26,0,0,0,0,0,0,0,0,0,3,0,0,0,0,0,0,0,0,0,0,0,0,0,0,0,0,0,0,0,0,47,100,61,42,63,37,26,19,12,401
10602161818,core,0,0,0,0,0,12,0,6,0,20,0,0,6,0,0,5,0,0,0,16,8,20,17,9,15,9,5,7,3,94,17,26,20,14,13,9,7,3,0,107,11,7,5,12,5,4,10,8,0,53,0,5,0,6,4,4,9,0,0,27,0,0,0,0,5,0,0,0,0,3,0,0,0,0,0,0,0,0,0,0,0,0,0,0,0,0,0,0,0,0,37,66,50,40,46,35,29,16,4,322
10602161819,core,0,0,0,5,0,9,0,5,0,16,0,0,6,6,0,3,0,4,0,20,4,11,15,14,8,0,8,3,0,55,9,16,10,5,11,4,4,3,0,61,12,5,16,5,17,0,15,3,0,65,0,0,7,6,5,5,8,3,0,33,0,0,0,0,0,3,0,3,0,3,0,0,0,0,0,0,0,0,0,0,0,0,0,0,0,0,0,0,0,0,22,35,45,35,41,24,33,27,8,262
10602161820,core,0,0,0,3,0,15,3,4,0,24,0,0,6,0,0,9,0,0,0,16,0,4,4,4,0,0,4,0,0,19,5,9,3,3,3,0,0,4,0,31,11,18,5,0,9,3,4,0,0,53,9,5,5,3,6,0,6,0,0,34,0,0,0,0,0,0,0,0,0,0,0,0,0,0,0,0,0,0,0,0,0,0,0,0,0,0,0,0,0,0,23,38,26,13,23,24,18,14,0,176
10602161821,core,0,0,7,5,0,3,3,6,0,24,4,0,15,9,6,6,5,0,0,47,10,11,28,8,15,7,9,6,6,96,8,7,12,8,13,0,5,8,0,61,9,8,3,12,15,3,8,6,0,68,4,3,5,3,11,4,6,9,5,45,0,0,3,0,4,0,0,6,0,13,0,0,0,0,0,0,0,0,0,0,0,0,0,0,0,0,0,0,0,0,33,37,69,54,58,28,34,43,9,354
10602161822,core,0,0,0,4,0,3,3,0,0,15,5,3,3,3,3,4,0,7,0,23,11,14,16,6,10,3,9,5,0,74,0,3,13,9,9,4,5,12,3,54,0,5,10,4,8,4,8,7,4,49,0,0,6,3,4,0,4,5,0,27,0,0,0,0,0,0,0,0,0,4,0,0,0,0,0,0,0,0,0,0,0,0,0,0,0,0,0,0,0,0,19,23,48,27,39,21,33,33,0,250
10602161823,core,0,0,6,0,4,8,0,3,0,19,0,0,0,3,0,0,0,0,0,6,4,41,21,8,16,6,7,3,0,112,18,26,16,9,15,4,9,3,3,107,4,9,0,5,8,3,5,7,0,42,9,5,0,0,0,3,3,0,0,20,0,0,0,0,4,0,0,0,0,5,0,0,0,0,0,0,0,0,0,0,0,0,0,0,0,0,0,0,0,0,45,79,48,25,46,20,24,14,3,308
10602161824,core,0,0,0,0,3,4,0,6,0,7,0,6,3,11,7,9,3,4,0,38,3,11,9,3,3,4,4,5,0,46,0,3,0,8,0,0,0,9,0,33,0,0,0,0,0,0,0,0,0,9,0,0,0,3,4,0,0,0,0,6,0,0,0,0,0,0,0,0,0,0,0,0,0,0,0,0,0,0,0,0,0,0,0,0,0,0,0,0,0,0,6,26,15,22,18,17,8,21,5,138
10602161825,core,0,0,10,8,4,8,3,8,0,39,0,7,6,8,5,4,4,3,0,40,0,12,10,6,7,4,5,10,0,53,12,15,11,7,15,4,3,4,0,71,23,23,14,9,10,7,11,8,0,95,10,8,5,10,11,5,7,0,0,52,4,0,0,0,6,0,0,0,0,11,0,0,0,0,0,0,0,5,0,4,0,0,0,0,0,0,0,0,0,0,43,65,55,39,48,27,37,32,0,359
10602161826,core,0,0,0,0,0,0,0,0,3,16,0,0,4,4,0,0,5,0,0,9,0,13,6,3,5,0,0,0,0,28,3,4,9,0,0,0,0,3,0,25,12,3,7,3,9,0,6,6,0,44,0,0,8,0,12,3,7,0,0,36,6,3,0,0,0,6,0,0,0,17,3,0,0,0,0,0,0,0,0,3,0,0,0,0,0,0,0,0,0,0,29,26,29,24,27,8,22,13,4,180
10602161827,core,0,0,0,0,0,0,0,0,0,10,0,0,4,9,5,4,0,0,0,28,10,23,15,15,12,9,3,9,0,101,7,12,7,11,8,5,6,3,5,50,0,8,3,3,5,0,0,0,0,23,0,0,3,3,6,0,0,0,0,11,0,0,0,0,0,0,0,0,0,5,0,0,0,0,0,0,0,0,0,0,0,0,0,0,0,0,0,0,0,0,18,47,30,42,30,19,14,18,10,225
10602161828,core,0,0,4,9,0,4,0,10,0,25,0,0,8,9,3,4,0,0,0,21,8,5,6,4,3,0,3,0,0,35,9,5,10,5,11,0,4,0,3,43,4,11,12,10,15,5,6,0,0,60,8,3,5,5,11,4,3,0,0,37,0,0,0,0,0,0,0,0,0,4,0,0,0,0,0,0,0,0,0,0,0,0,0,0,0,0,0,0,0,0,25,33,38,33,39,20,16,20,4,223
10602161829,core,0,0,0,0,0,3,0,0,0,4,0,0,3,4,0,0,0,0,0,12,6,12,9,6,8,0,0,0,0,54,4,11,3,3,3,5,4,0,0,34,0,0,0,3,5,0,3,0,0,13,4,0,0,4,4,0,4,0,0,15,0,0,0,0,0,0,0,0,0,4,0,0,0,0,0,0,0,0,0,0,0,0,0,0,0,0,0,0,0,0,23,27,20,21,19,12,17,0,0,136
10602161830,core,0,0,0,0,0,0,0,0,0,0,0,5,3,10,0,4,0,3,0,22,4,18,18,12,7,11,4,6,0,70,5,8,4,0,4,0,0,0,0,19,4,7,0,3,0,0,0,5,0,15,0,0,0,0,0,0,0,0,0,10,0,0,0,0,0,0,0,0,0,0,0,0,0,0,0,0,0,0,0,0,0,0,0,0,0,0,0,0,0,0,10,34,23,20,20,12,8,15,4,147
10602161831,core,0,0,0,4,0,0,0,0,0,9,0,3,8,10,4,9,4,0,0,42,13,28,21,12,18,10,16,9,0,132,11,7,11,6,7,3,6,9,0,60,4,3,4,5,10,0,3,3,0,39,0,0,0,4,3,0,3,0,0,18,0,0,0,0,0,0,0,0,0,0,0,0,0,0,0,0,0,0,0,0,0,0,0,0,0,0,0,0,0,0,29,56,55,52,47,20,25,23,0,303
10602161832,core,0,0,0,4,0,4,4,8,0,24,0,0,5,0,0,0,0,5,0,18,9,26,4,7,9,5,3,3,6,65,18,48,7,9,9,14,11,7,0,120,11,16,9,7,9,6,0,0,0,60,5,0,6,0,8,0,0,0,0,23,0,0,0,0,0,0,0,0,0,4,0,0,0,0,0,0,0,0,0,0,0,0,0,0,0,0,0,0,0,0,42,89,40,30,33,28,17,25,3,308
10602161833,core,0,0,4,0,0,10,0,5,0,28,0,0,9,8,4,5,0,5,0,27,0,11,12,3,7,0,0,0,0,39,11,15,20,7,8,4,3,9,0,66,6,9,8,3,14,6,3,5,0,63,4,4,0,3,7,6,3,8,0,37,0,0,0,0,0,0,0,0,0,5,0,0,0,0,0,0,0,0,0,0,0,0,0,0,0,0,0,0,0,0,21,49,54,21,41,28,15,26,3,261
10602161834,core,0,0,5,3,0,3,0,10,0,21,0,3,8,5,0,0,0,3,0,26,5,8,13,10,8,5,0,11,3,62,4,9,9,8,6,3,13,4,0,53,0,4,3,3,3,3,5,3,0,33,0,3,9,14,0,6,6,10,0,48,0,5,0,0,0,0,6,0,0,7,0,0,0,0,0,0,0,0,0,0,0,0,0,0,0,0,0,0,0,0,10,27,51,44,20,23,29,46,0,249
10602161835,core,0,0,0,0,4,0,0,0,0,7,0,4,3,0,0,0,0,0,0,15,4,17,11,0,3,9,8,3,0,44,15,23,8,4,15,4,3,0,0,72,12,8,9,9,7,3,7,6,0,54,9,0,0,3,4,8,3,0,0,18,0,0,0,0,0,0,0,0,0,0,0,0,0,0,0,0,0,0,0,0,0,0,0,0,0,0,0,0,0,0,36,48,25,17,33,23,18,11,0,217
10602161836,core,0,0,0,0,0,0,0,0,0,0,0,0,0,0,0,0,0,0,0,0,0,0,0,0,0,0,0,0,0,0,0,0,0,0,0,0,0,0,0,0,0,0,0,0,0,0,0,0,0,0,0,0,0,0,0,0,0,0,0,0,0,0,0,0,0,0,0,0,0,0,0,0,0,0,0,0,0,0,0,0,0,0,0,0,0,0,0,0,0,0,0,0,0,0,0,0,0,0,0,0
10602161837,core,0,0,0,5,0,3,0,3,0,16,0,3,0,6,0,4,0,0,0,15,10,22,12,11,3,7,11,5,3,82,18,25,12,7,5,9,8,0,0,75,0,8,6,3,6,3,0,3,0,33,0,0,0,0,10,0,3,0,0,15,0,0,0,0,0,0,0,0,0,3,0,0,0,0,0,0,0,0,0,0,0,0,0,0,0,0,0,0,0,0,28,55,34,23,21,32,21,21,7,244
10602161838,core,0,0,0,0,0,4,0,0,0,16,0,0,3,7,6,5,0,3,0,21,11,17,19,25,12,6,0,0,0,106,3,10,8,18,7,0,4,0,0,49,5,3,5,4,4,0,6,0,0,22,0,0,0,0,5,0,0,0,0,10,0,0,0,0,0,0,0,0,0,0,0,0,0,0,0,0,0,0,0,0,0,0,0,0,0,0,0,0,0,0,17,40,39,55,28,23,9,10,0,226
10602161839,core,0,0,0,5,0,4,0,0,0,7,0,3,3,4,0,0,0,0,0,16,0,6,4,10,4,0,0,9,0,34,0,0,3,0,3,0,4,6,0,24,4,0,3,5,4,0,6,5,0,24,0,6,0,4,3,3,3,0,0,17,0,0,0,0,0,0,0,0,0,3,0,0,0,0,0,0,0,0,0,0,0,0,0,0,0,0,0,0,0,0,9,16,16,27,14,10,16,20,0,127
10603111901,core,0,0,4,3,0,3,0,4,0,17,0,3,4,0,0,0,0,0,0,7,0,5,3,6,4,3,0,0,0,23,3,9,7,4,0,0,3,5,0,30,7,15,3,7,0,0,0,0,0,27,10,7,0,4,4,0,0,3,0,34,0,0,0,0,0,0,0,0,0,3,0,0,0,0,0,0,0,0,0,0,0,0,0,0,0,0,0,0,0,0,22,35,32,18,10,10,3,9,0,138
10603111902,core,0,0,0,3,0,6,0,3,0,15,0,0,5,0,0,0,0,0,0,15,5,7,12,7,3,0,0,11,0,45,0,0,4,11,3,3,0,3,0,36,8,6,9,3,6,11,6,5,0,52,0,4,3,8,7,10,8,7,0,53,0,0,0,0,0,0,0,0,0,4,0,0,0,0,0,0,0,0,0,0,0,0,0,0,0,0,0,0,0,0,13,25,38,35,29,25,14,30,4,218
10603111903,core,0,0,6,7,0,11,0,5,0,30,0,3,4,3,3,0,0,0,0,18,0,3,5,0,6,0,0,3,0,25,6,15,11,3,9,4,5,4,3,52,12,12,15,6,11,5,3,5,0,71,11,11,10,8,8,5,0,0,0,55,5,5,0,0,0,0,0,0,0,13,0,0,0,0,0,0,0,0,0,0,0,0,0,0,0,0,0,0,0,0,32,55,50,34,38,28,10,17,4,264
10603111904,core,0,0,0,11,0,0,0,0,3,17,0,0,3,7,5,0,0,0,0,13,3,14,3,4,6,5,0,0,0,22,3,9,4,4,4,0,6,0,0,28,11,11,8,5,8,0,5,0,0,49,5,17,6,6,3,4,0,4,0,39,5,3,0,0,0,0,0,0,0,13,0,0,0,0,0,0,0,0,0,0,0,0,0,0,0,0,0,0,0,0,25,48,28,28,22,13,12,12,4,190
10603111906,core,0,0,0,0,0,3,0,4,0,11,0,0,4,5,0,0,4,3,0,14,3,0,7,0,5,0,5,0,0,18,9,0,12,0,0,3,0,0,0,32,8,0,7,0,0,0,5,3,0,31,8,8,7,3,9,0,0,0,0,36,0,0,0,0,0,0,0,0,0,3,0,0,0,0,0,0,0,0,0,0,0,0,0,0,0,0,0,0,0,0,27,11,39,11,21,9,16,9,3,153
10603111907,core,0,0,0,0,0,0,0,0,0,4,0,0,0,0,0,0,0,0,0,0,0,0,3,0,0,0,0,0,0,6,0,0,0,0,0,0,0,0,0,9,5,0,0,0,0,0,0,0,0,11,4,9,7,0,3,3,7,6,0,32,0,6,6,0,3,0,3,0,0,22,0,0,0,0,6,0,0,0,0,7,0,0,0,0,0,0,0,0,0,0,9,17,10,8,13,9,12,8,6,94
10603111908,core,0,0,0,0,0,0,0,0,0,0,0,0,0,0,0,0,0,0,0,0,0,0,0,0,0,0,0,0,0,0,0,0,0,0,0,0,0,0,0,0,0,0,0,0,0,0,0,0,0,0,0,0,0,0,0,0,0,0,0,0,0,0,0,0,0,0,0,0,0,0,0,0,0,0,0,0,0,0,0,0,0,0,0,0,0,0,0,0,0,0,0,0,0,0,0,0,0,0,0,0
10603111909,core,0,0,0,0,0,0,0,0,0,0,0,0,0,0,0,0,0,0,0,0,0,0,0,0,0,0,0,0,0,3,0,0,0,0,0,0,0,0,0,3,0,0,0,0,0,0,0,0,0,3,0,0,0,3,3,0,0,0,0,10,0,0,0,4,0,0,0,0,0,4,0,0,0,0,0,0,0,0,0,0,0,0,0,0,0,0,0,0,0,0,3,5,3,10,4,0,0,3,0,26
10603111910,core,0,0,3,0,0,3,0,0,0,8,0,0,6,0,5,8,0,3,0,20,4,6,9,0,0,0,0,5,0,22,3,3,3,3,0,4,0,0,0,20,9,7,6,3,4,4,6,0,4,35,0,3,4,5,3,0,0,5,0,26,0,4,0,4,0,0,0,0,0,14,0,0,0,0,0,0,0,0,0,0,0,0,0,0,0,0,0,0,0,0,19,18,26,25,16,13,13,14,4,151
10603111911,core,0,0,0,0,0,0,0,3,0,3,0,0,0,3,0,0,0,0,0,8,0,0,6,0,0,0,0,0,4,10,0,0,0,0,3,5,3,0,0,11,0,0,4,0,3,4,0,0,0,23,0,0,6,4,3,5,0,7,0,24,0,0,0,0,5,0,0,0,0,4,0,0,0,0,0,0,0,0,0,0,0,0,0,0,0,0,0,0,0,0,0,13,12,14,14,9,8,8,5,83
10603111912,core,0,0,5,5,0,0,0,4,0,16,0,0,0,0,0,0,0,0,0,6,0,5,10,0,0,0,3,3,0,19,5,8,0,3,4,0,0,5,0,22,10,7,9,7,4,0,3,0,0,33,3,5,0,0,0,3,0,0,0,17,0,3,0,0,0,0,0,0,0,3,0,0,0,0,0,0,0,0,0,0,0,0,0,0,0,0,0,0,0,0,20,20,24,13,8,9,4,13,0,116
10603111913,core,0,0,5,0,0,9,0,4,0,22,0,0,9,7,0,8,3,0,0,22,5,4,11,0,10,4,4,0,0,34,3,3,4,4,7,0,0,3,4,25,6,15,14,5,10,6,6,3,0,57,7,6,9,9,0,4,0,6,0,38,0,0,0,0,0,0,0,0,0,0,0,0,0,0,0,0,0,0,0,0,0,0,0,0,0,0,0,0,0,0,22,32,40,27,27,26,7,17,8,205
10603111914,core,0,0,4,0,0,0,0,0,0,12,0,0,4,5,0,0,0,0,0,11,6,7,5,9,0,0,0,10,0,38,0,4,9,5,0,3,0,7,0,29,4,4,7,5,0,9,5,6,0,32,8,5,5,8,7,0,3,7,0,39,6,0,0,0,0,0,0,5,0,11,0,0,0,0,0,0,0,0,0,0,0,0,0,0,0,0,0,0,0,0,19,23,37,24,14,13,13,30,0,168
10603111915,core,0,0,3,4,0,7,0,0,0,24,0,0,9,4,3,4,0,0,0,18,5,4,10,4,6,6,0,8,0,34,3,9,15,7,11,3,3,3,0,61,5,3,14,7,8,7,13,5,4,61,3,3,6,9,3,6,0,8,0,39,0,0,0,0,0,0,0,0,0,6,0,0,0,0,0,0,0,0,0,0,0,0,0,0,0,0,0,0,0,0,14,25,50,36,24,34,18,33,4,238
10603111916,core,0,0,3,3,0,3,0,0,0,11,0,0,14,7,3,0,0,0,0,21,3,5,14,4,0,0,0,0,0,34,5,10,6,4,3,5,0,6,0,31,6,8,10,11,7,8,4,10,0,48,4,10,3,3,5,0,0,3,0,41,0,0,0,0,0,3,0,0,0,6,0,0,0,0,0,0,0,0,0,0,0,0,0,0,0,0,0,0,0,0,15,31,50,26,20,22,6,21,4,192
10603111917,core,0,0,0,0,0,0,0,0,0,0,0,0,0,0,0,0,0,0,0,0,0,0,0,0,0,0,0,0,0,0,0,0,0,0,0,0,0,0,0,0,0,0,0,0,0,0,0,0,0,0,0,0,0,0,0,0,0,0,0,0,0,0,0,0,0,0,0,0,0,0,0,0,0,0,0,0,0,0,0,0,0,0,0,0,0,0,0,0,0,0,0,0,0,0,0,0,0,0,0,0
10603111918,core,0,0,4,8,0,7,0,5,0,19,0,0,5,4,0,4,0,0,0,14,5,8,4,3,0,0,0,0,0,11,3,3,5,8,3,0,0,0,0,20,16,12,9,4,7,6,0,0,0,49,8,5,5,0,4,0,0,4,0,34,0,3,3,0,0,0,0,0,0,11,0,0,0,0,0,0,0,0,0,0,0,0,0,0,0,0,0,0,0,0,26,37,24,19,16,17,3,11,0,165
10603111919,core,0,0,0,0,0,0,0,0,0,0,0,0,0,0,0,0,0,0,0,0,0,0,0,0,0,0,0,0,0,0,0,0,0,0,0,0,0,0,0,0,0,0,0,0,0,0,0,0,0,0,0,0,0,0,0,0,0,0,0,0,0,0,0,0,0,0,0,0,0,0,0,0,0,0,0,0,0,0,0,0,0,0,0,0,0,0,0,0,0,0,0,0,0,0,0,0,0,0,0,0
10603111921,core,0,0,0,0,0,0,0,0,0,0,0,0,0,0,0,0,0,0,0,0,0,0,0,0,0,0,0,0,0,0,0,0,0,0,0,0,0,0,0,0,0,0,0,0,0,0,0,0,0,3,0,0,0,3,0,0,0,4,0,6,0,0,0,0,0,0,0,0,0,3,0,0,0,0,0,0,0,0,0,0,0,0,0,0,0,0,0,0,0,0,0,0,0,3,0,0,0,4,0,14
10603111922,core,0,0,3,0,0,11,0,3,0,19,0,0,10,7,0,4,0,0,0,19,5,0,6,0,0,0,0,0,0,18,6,3,7,6,8,0,0,0,0,26,3,10,3,10,11,3,4,0,0,51,10,14,3,6,4,0,0,4,0,41,0,0,0,0,0,0,0,0,0,15,0,0,0,0,0,0,0,0,0,0,0,0,0,0,0,0,0,0,0,0,26,31,30,25,28,19,6,17,6,188
10603112001,core,0,0,0,0,0,0,0,0,0,0,0,0,0,0,0,0,0,0,0,0,0,0,0,0,0,0,0,0,0,0,0,0,0,0,0,0,0,0,0,0,0,0,0,0,0,0,0,0,0,4,0,0,0,0,0,0,0,0,0,0,0,0,0,0,0,0,0,0,0,0,0,0,0,0,0,0,0,0,0,0,0,0,0,0,0,0,0,0,0,0,0,0,0,0,0,0,0,3,0,3
10603112002,core,0,0,0,0,0,0,0,4,0,5,0,0,6,4,0,0,0,5,0,16,0,0,3,5,6,0,4,4,0,22,0,6,6,4,3,0,0,4,0,25,6,0,0,6,4,0,3,6,4,27,4,6,9,6,4,4,0,4,0,31,0,0,0,0,0,0,0,0,0,5,0,0,0,0,0,0,0,0,0,0,0,0,0,0,0,0,0,0,0,0,13,12,21,30,13,10,5,26,3,124
10603112003,core,0,0,0,0,0,0,0,4,0,3,0,0,3,0,0,0,0,0,0,4,4,0,4,3,0,0,0,0,0,13,0,4,6,5,0,0,5,0,0,16,4,4,5,4,0,4,4,0,0,23,0,3,3,0,0,4,4,4,0,14,4,0,0,0,0,0,0,0,0,12,0,0,0,0,0,0,0,0,0,0,0,0,0,0,0,0,0,0,0,0,9,15,23,15,8,6,11,14,0,96
10603112004,core,0,0,0,4,0,3,0,3,0,13,0,0,3,4,0,3,5,4,0,16,0,3,0,7,0,0,0,0,3,17,0,10,6,8,0,3,5,0,0,32,8,4,8,0,4,0,0,4,0,35,8,6,9,0,8,3,8,4,0,47,0,0,4,0,0,0,0,0,0,3,0,0,0,0,0,0,0,0,0,0,0,0,0,0,0,0,0,0,0,0,18,22,33,30,18,15,11,11,8,159
10603112005,core,0,0,0,0,0,0,0,0,0,0,0,0,0,0,0,0,0,0,0,0,0,0,0,0,0,0,0,0,0,0,0,0,0,0,0,0,0,0,0,0,0,0,0,0,0,0,0,0,0,0,0,0,0,0,0,0,0,0,0,0,0,0,0,0,0,0,0,0,0,0,0,0,0,0,0,0,0,0,0,0,0,0,0,0,0,0,0,0,0,0,0,0,0,0,0,0,0,0,0,0
10603112006,core,0,0,5,0,0,4,0,0,0,10,0,0,4,3,0,0,0,4,0,14,7,3,6,8,3,3,4,9,0,46,0,5,7,5,6,5,5,10,0,33,4,0,7,7,4,0,0,4,0,38,5,3,7,10,6,3,4,5,0,46,0,0,0,0,0,0,0,0,0,9,0,0,0,0,0,0,0,0,0,0,0,0,0,0,0,0,0,0,0,0,12,13,39,42,17,18,10,37,3,187
10603112007,core,0,0,0,0,0,0,0,3,0,4,0,0,0,0,0,0,0,0,0,4,0,4,6,3,0,0,3,0,0,17,0,0,0,4,6,5,0,3,0,17,0,7,10,0,0,0,0,0,0,19,4,0,0,0,7,0,0,5,0,23,3,3,3,0,0,0,0,0,0,9,0,0,0,0,0,0,0,0,0,0,0,0,0,0,0,0,0,0,0,0,10,15,21,9,7,7,11,14,0,100
10603112008,core,0,0,7,5,0,4,0,3,0,12,0,0,0,0,4,0,0,3,0,16,5,3,8,9,3,3,0,7,0,37,8,11,0,9,5,3,4,3,0,43,0,6,4,8,10,0,13,0,3,48,3,9,7,10,5,3,8,6,0,45,5,3,4,0,0,0,0,0,0,14,0,0,0,0,0,0,0,0,0,0,0,0,0,0,0,0,0,0,0,0,19,28,37,40,24,20,27,21,9,225
10603112009,core,0,0,3,0,0,7,0,9,0,21,3,0,3,6,0,3,3,8,0,27,0,7,18,11,8,10,0,9,3,67,8,12,15,12,11,0,6,5,0,78,8,5,15,16,12,5,6,17,6,87,6,4,6,8,0,0,8,5,0,38,0,3,0,0,0,0,0,0,0,11,0,0,0,0,0,0,0,0,0,0,0,0,0,0,0,0,0,0,0,0,29,39,56,52,37,32,27,56,10,329
10603112010,core,0,0,3,0,0,0,0,11,0,19,0,0,4,0,3,5,0,5,0,19,0,3,9,7,5,9,4,5,3,41,5,8,7,13,4,4,3,0,0,37,3,0,10,7,8,0,4,14,0,51,8,3,11,6,9,6,10,9,0,55,0,0,0,4,0,0,0,0,0,6,0,0,0,0,0,0,0,0,0,0,0,0,0,0,0,0,0,0,0,0,12,17,48,40,28,24,20,38,0,232
10603112011,core,0,0,0,0,0,5,0,3,0,8,0,0,0,0,0,0,0,0,0,8,0,3,0,5,0,0,0,0,0,7,5,0,3,5,3,0,0,4,0,25,0,0,5,3,4,3,3,0,0,19,0,3,6,0,0,0,3,0,0,13,0,0,4,0,0,0,0,0,0,3,0,0,0,0,0,0,0,0,0,0,0,0,0,0,0,0,0,0,0,0,12,10,13,13,8,12,3,9,3,81
10603112012,core,0,0,0,0,0,0,0,4,0,4,0,0,0,0,0,0,0,0,0,6,0,3,14,3,0,7,6,3,0,37,0,0,6,5,5,0,3,0,0,26,0,0,3,5,8,0,0,3,0,27,4,0,9,0,6,0,0,0,0,26,0,0,0,0,4,0,0,0,0,3,0,0,0,0,0,0,0,0,0,0,0,0,0,0,0,0,0,0,0,0,14,14,27,17,23,12,14,20,0,132
10603112013,core,0,0,3,0,0,0,0,0,0,0,0,0,6,0,0,0,0,0,0,9,0,3,3,4,0,3,0,0,0,20,0,3,11,3,5,3,0,3,0,33,5,9,5,3,7,0,4,0,3,41,10,9,6,4,11,3,3,8,0,47,3,0,0,0,0,0,0,0,0,13,0,0,0,0,0,0,0,0,0,0,0,0,0,0,0,0,0,0,0,0,19,27,34,15,23,9,13,12,5,159
10603112014,core,0,0,0,0,0,3,5,4,0,6,0,0,0,0,0,7,0,0,0,13,0,4,10,4,4,8,0,3,0,30,5,11,3,3,5,5,4,4,0,32,0,0,6,8,5,6,0,5,0,27,3,5,8,6,0,8,9,8,0,37,6,0,4,0,0,0,0,0,0,8,0,0,0,0,0,0,0,0,0,0,0,0,0,0,0,0,0,0,0,0,18,19,35,18,16,23,17,22,0,169
10603112015,core,0,0,0,0,0,0,0,0,0,0,0,0,0,0,0,0,0,0,0,7,0,0,0,0,0,0,4,0,0,10,4,3,0,0,0,0,0,0,0,11,0,4,0,4,0,0,0,0,0,12,5,5,3,3,3,7,4,0,0,26,0,4,0,0,0,0,0,0,0,13,0,0,0,0,0,0,0,0,0,6,0,0,0,0,0,0,0,0,0,0,15,18,10,12,8,8,6,4,5,83
10603112016,core,0,0,3,4,0,4,0,4,0,16,6,0,7,0,0,3,0,4,0,19,0,4,8,7,6,0,3,0,0,34,3,3,6,9,3,0,4,4,0,31,0,3,10,15,7,3,5,6,0,50,3,6,6,11,4,9,5,9,3,51,0,0,0,0,0,0,0,0,0,10,0,0,0,0,0,0,0,0,0,0,0,0,0,0,0,0,0,0,0,0,11,20,43,36,26,29,16,29,9,217
10603112017,core,0,0,0,0,0,0,0,0,0,0,0,0,0,0,0,0,0,0,0,0,0,0,0,0,0,0,0,0,0,0,0,0,0,0,0,0,0,0,0,0,0,0,0,0,0,0,0,0,0,0,0,0,0,0,0,0,0,0,0,0,0,0,0,0,0,0,0,0,0,0,0,0,0,0,0,0,0,0,0,0,0,0,0,0,0,0,0,0,0,0,0,0,3,0,0,0,0,0,0,5
10603112018,core,0,0,0,0,0,3,0,3,0,12,0,0,7,4,0,4,3,6,0,21,0,3,3,3,0,5,3,4,0,21,8,3,4,7,3,4,6,0,3,38,3,3,5,13,3,5,4,0,3,40,3,7,7,9,5,0,11,5,0,43,0,0,0,0,0,0,0,0,0,3,0,0,0,0,0,0,0,0,0,0,0,0,0,0,0,0,0,0,0,0,9,21,29,38,8,26,20,16,7,172
10603112101,core,0,0,0,5,0,5,0,0,0,15,0,0,6,5,0,3,0,0,0,17,0,10,12,0,4,0,3,0,0,33,5,4,4,6,8,0,0,7,0,25,9,10,8,6,10,4,0,3,0,50,7,12,11,3,13,7,5,6,0,64,4,7,0,0,6,3,0,0,0,21,0,0,0,0,0,0,0,0,0,9,0,0,0,0,0,0,0,0,0,0,25,38,41,30,31,24,10,18,0,226
10603112102,core,0,0,0,0,0,3,0,3,0,8,0,0,0,3,0,0,0,4,0,9,4,3,4,0,0,3,0,3,0,24,4,5,8,0,0,0,0,0,0,26,4,8,8,5,12,4,0,4,0,42,10,15,3,4,5,6,0,7,0,54,0,4,0,0,4,0,0,0,0,12,0,0,0,0,0,0,0,0,0,0,0,0,0,0,0,0,0,0,0,0,29,36,26,26,18,18,5,21,0,178
10603112103,core,0,0,3,0,0,6,0,3,0,8,0,0,4,4,0,0,0,4,0,14,0,0,11,5,6,3,0,0,0,29,0,5,11,6,5,4,0,3,0,31,9,9,8,5,3,0,0,3,0,47,3,7,4,8,4,8,3,4,4,41,3,0,0,0,0,0,0,0,0,3,0,0,0,0,0,0,0,0,5,0,0,0,0,0,0,0,0,0,0,0,25,22,39,21,13,17,13,19,6,173
10603112104,core,0,0,0,0,0,4,0,4,0,10,0,0,0,3,0,3,0,3,0,4,6,0,4,0,0,0,0,0,0,14,3,0,5,6,6,0,0,6,0,18,9,10,0,4,8,4,0,6,0,41,4,3,6,5,8,5,0,0,0,32,5,0,0,0,0,0,0,0,0,12,0,0,0,0,0,0,0,0,0,0,0,0,0,0,0,0,0,0,0,0,26,17,20,18,16,11,5,14,4,129
10603112105,core,0,0,7,3,0,0,0,0,0,12,0,0,0,0,0,0,0,7,0,7,0,0,0,4,0,0,0,0,0,12,3,3,3,6,3,5,0,0,0,15,0,9,3,3,3,5,0,0,4,28,4,3,9,3,6,3,3,0,0,34,0,0,0,0,0,0,0,0,0,0,0,0,0,0,0,0,0,0,0,3,0,0,0,0,0,0,0,0,0,0,13,18,18,20,10,15,8,13,4,114
10603112106,core,0,0,0,0,0,0,0,0,0,3,0,0,0,5,0,0,0,0,0,7,0,4,0,0,0,3,0,0,0,7,5,6,6,4,0,0,0,0,0,18,11,0,3,0,4,0,0,0,0,21,0,11,0,3,6,3,0,4,0,30,5,7,0,0,0,0,3,4,0,24,0,0,0,0,0,0,0,0,0,0,0,0,0,0,0,0,0,0,0,0,21,21,11,10,15,7,4,12,0,110
10603112107,core,0,0,0,3,0,0,0,0,0,7,0,0,0,0,0,5,0,0,0,10,0,0,5,4,0,0,5,0,0,12,0,3,4,0,5,0,0,0,0,17,3,5,0,6,8,0,0,6,0,20,3,0,7,4,3,0,0,0,0,18,0,0,0,0,0,0,0,0,0,0,0,0,0,0,0,0,0,0,0,0,0,0,0,0,0,0,0,0,0,0,9,11,14,21,16,9,0,11,0,86
10603112108,core,0,0,0,0,0,0,0,3,0,5,0,0,5,6,0,0,0,0,0,16,0,4,3,0,0,0,0,3,0,23,0,5,8,4,3,0,5,3,0,21,9,3,11,4,9,3,0,6,0,38,0,3,7,5,0,3,0,8,0,26,0,3,0,0,0,0,3,0,0,6,0,0,0,0,0,0,0,0,0,0,0,0,0,0,0,0,0,0,0,0,15,18,28,13,19,11,10,23,5,145
10603112109,core,0,0,4,8,0,5,0,4,0,16,0,3,0,4,0,3,0,0,0,16,3,6,7,0,6,6,0,7,0,26,3,5,5,5,0,0,0,0,0,28,5,6,6,7,6,3,3,6,0,40,3,4,8,11,3,5,0,4,0,35,0,5,0,0,4,0,0,0,0,6,0,0,0,0,0,0,0,0,0,3,0,0,0,0,0,0,0,0,0,0,19,30,25,32,25,22,6,17,0,170
10603112110,core,0,0,5,0,0,0,0,0,0,4,0,0,4,0,0,0,0,0,0,11,0,0,5,0,0,0,0,4,0,12,0,4,4,0,0,0,0,0,0,21,5,3,4,3,6,3,0,3,0,25,0,6,0,3,4,4,3,4,0,24,0,0,3,0,0,0,0,0,0,4,0,0,0,0,0,0,0,0,0,0,0,0,0,0,0,0,0,0,0,0,7,18,23,10,12,10,8,12,0,110
10603112111,core,0,0,0,0,0,0,0,0,0,0,0,0,0,0,0,0,0,0,0,0,0,0,0,0,0,0,0,0,0,0,0,0,0,0,0,0,0,0,0,0,0,0,0,0,0,0,0,0,0,0,0,0,0,0,0,0,0,0,0,0,0,0,0,0,0,0,0,0,0,0,0,0,0,0,0,0,0,0,0,0,0,0,0,0,0,0,0,0,0,0,0,0,0,0,0,0,0,0,0,0
10603112112,core,0,0,0,0,0,0,0,0,0,0,0,0,0,0,0,0,0,0,0,0,0,0,0,0,0,0,0,0,0,0,0,0,0,0,0,0,0,0,0,0,0,0,0,0,0,0,0,0,0,0,0,0,0,0,0,0,0,0,0,0,0,0,0,0,0,0,0,0,0,0,0,0,0,0,0,0,0,0,0,0,0,0,0,0,0,0,0,0,0,0,0,0,0,0,0,0,0,0,0,0
10603112113,core,0,0,0,0,0,0,0,0,0,0,0,0,0,0,0,0,0,0,0,0,0,0,0,0,0,0,0,0,0,9,0,0,5,0,0,0,0,0,0,6,3,0,0,0,0,0,0,0,0,4,0,0,0,0,0,0,0,0,0,6,0,0,0,0,0,0,0,0,0,10,0,0,0,0,0,0,0,0,0,0,0,0,0,0,0,0,0,0,0,0,3,3,7,0,4,6,0,5,0,34
10603112114,core,0,0,0,0,0,0,0,0,0,0,0,0,0,0,0,0,0,0,0,0,0,0,0,0,0,0,0,0,0,0,0,0,0,0,0,0,0,0,0,0,0,0,0,0,0,0,0,0,0,3,0,0,0,0,0,0,0,0,0,0,0,0,0,0,0,0,0,0,0,0,0,0,0,0,0,0,0,0,0,0,0,0,0,0,0,0,0,0,0,0,0,0,0,0,4,0,0,0,0,10
10603112115,core,0,0,0,0,0,8,0,3,0,12,0,0,3,7,0,0,0,0,0,18,10,11,9,8,3,3,0,9,0,41,12,7,6,5,5,3,0,6,0,50,6,10,9,9,5,4,4,5,0,52,3,5,0,3,11,0,0,5,4,37,4,0,0,0,5,7,0,0,0,12,0,0,0,0,0,0,0,0,0,0,0,0,0,0,0,0,0,0,0,0,32,33,31,30,24,27,5,28,5,221
10603112116,core,0,0,0,0,0,0,0,0,0,9,0,0,10,4,0,0,0,4,0,16,5,4,7,5,0,3,0,4,0,30,4,5,3,0,0,3,0,3,0,28,6,9,3,3,7,0,8,3,0,37,12,15,4,8,5,3,0,5,0,57,0,0,0,0,6,0,0,0,0,16,4,6,0,0,0,0,0,0,0,5,0,0,0,0,0,0,0,0,0,0,31,47,28,31,8,11,6,19,0,195
10603112117,core,0,0,0,0,0,0,0,0,0,0,0,0,0,0,0,0,0,0,0,0,0,0,0,0,0,0,0,0,0,0,0,0,0,0,0,0,0,0,0,3,0,0,0,0,0,0,0,0,0,0,0,0,0,0,0,0,0,0,0,0,0,0,0,0,0,0,0,0,0,4,0,0,0,0,0,0,0,0,0,0,0,0,0,0,0,0,0,0,0,0,0,3,0,0,0,0,0,0,0,3
10603112118,core,0,0,0,6,0,3,0,0,0,12,0,0,3,4,0,9,3,0,0,18,3,7,0,0,4,3,0,5,0,23,3,3,0,6,0,4,0,3,0,20,5,6,4,8,7,0,0,0,0,39,10,13,8,4,5,0,3,0,0,39,7,4,0,0,0,0,0,0,0,14,0,0,0,0,0,0,0,0,0,7,0,0,0,0,0,0,0,0,0,0,22,33,19,25,18,12,12,11,0,161
10603112119,core,0,0,0,0,0,3,0,7,0,15,0,0,0,0,3,8,0,0,0,10,0,6,0,0,4,0,0,4,0,19,0,0,5,7,3,4,0,3,0,21,11,3,7,6,3,9,0,0,0,43,5,0,6,5,3,0,3,3,0,29,0,3,0,0,0,0,0,0,0,9,0,0,0,0,0,0,0,0,0,0,0,0,0,0,0,0,0,0,0,0,19,21,21,23,19,23,11,17,4,154
10603112120,core,0,0,3,4,0,3,4,0,0,13,0,0,0,0,0,5,0,0,0,4,0,3,8,0,3,0,0,0,0,16,0,3,6,3,0,5,4,0,0,29,8,0,0,4,5,0,4,0,0,29,0,3,5,0,5,0,4,0,0,20,0,0,0,0,0,0,0,0,0,7,0,0,0,0,0,0,0,0,0,0,0,0,0,0,0,0,0,0,0,0,12,13,27,17,10,12,12,5,4,111
10603112121,core,0,0,0,0,0,0,0,0,0,6,0,0,0,0,0,0,0,0,0,7,0,0,0,0,0,0,0,0,0,3,0,3,0,0,0,4,0,0,0,10,4,4,0,3,0,0,0,0,0,10,0,5,0,0,0,4,0,3,0,7,0,3,0,0,0,0,0,0,4,4,0,0,0,0,0,0,0,0,0,0,0,0,0,0,0,0,0,0,0,0,3,13,8,7,0,7,5,4,4,51
10603112122,core,0,0,3,0,0,5,0,0,0,9,0,0,0,0,0,5,0,0,0,7,4,0,0,4,0,0,0,0,0,14,0,5,0,0,0,0,0,0,0,12,5,7,6,0,0,5,3,0,3,24,7,7,0,3,0,0,0,3,0,28,0,0,0,0,0,0,0,0,0,6,0,0,0,0,0,0,0,0,0,3,0,0,0,0,0,0,0,0,0,0,21,20,10,9,3,14,7,9,5,98
10603112123,core,0,0,0,3,0,0,0,0,0,4,0,0,0,0,0,0,0,4,0,8,0,3,8,0,3,0,0,3,0,15,5,4,5,0,0,0,0,4,0,16,6,0,3,5,7,0,4,3,0,21,4,5,5,4,5,9,4,8,0,37,0,0,0,0,6,0,0,0,0,8,0,0,0,0,0,0,0,0,0,5,0,0,0,0,0,0,0,0,0,0,17,15,16,20,18,9,7,16,0,111
10603112124,core,0,0,0,7,0,0,0,0,0,16,0,0,5,6,0,0,0,0,0,13,4,0,6,0,0,0,0,5,0,20,0,5,3,6,4,0,0,3,0,25,3,7,5,0,5,6,0,5,0,32,9,9,3,6,9,0,0,3,0,34,0,0,0,0,0,0,5,0,0,7,0,0,0,0,0,0,0,0,0,0,0,0,0,0,0,0,0,0,0,0,15,23,22,35,16,11,7,16,0,138
10603112125,core,0,0,0,0,0,3,0,6,0,8,0,0,0,6,0,0,0,3,0,7,0,6,0,0,0,0,0,0,0,11,4,4,9,5,0,0,0,0,0,23,0,0,5,6,4,0,0,3,0,25,4,5,5,3,5,3,0,10,0,42,6,6,0,0,7,0,5,0,0,23,0,0,0,0,0,0,0,0,0,0,0,0,0,0,0,0,0,0,0,0,15,22,32,22,13,12,0,24,0,154
10603112126,core,0,0,0,0,0,3,0,4,0,14,0,0,0,0,0,5,0,0,0,9,0,3,0,3,0,0,0,3,0,10,0,0,0,3,0,0,0,0,0,22,5,7,3,3,0,0,0,3,0,34,9,10,4,4,10,5,0,0,0,38,3,0,0,3,0,0,0,0,0,8,0,0,0,0,0,0,0,0,0,0,0,0,0,0,0,0,0,0,0,0,19,29,20,21,17,12,3,7,0,132
10603112127,core,0,0,0,0,0,3,0,3,0,14,0,0,3,6,3,0,0,0,0,10,6,4,3,0,0,0,0,0,0,12,0,3,9,3,4,0,6,0,0,28,9,14,10,4,8,0,0,3,0,43,10,14,11,0,6,0,4,4,0,47,4,8,4,0,7,0,0,0,0,18,0,4,0,0,0,0,0,0,0,4,0,0,0,0,0,0,0,0,0,0,32,37,33,23,26,7,10,11,0,180
10603112128,core,0,0,6,6,0,6,4,0,0,20,0,0,4,5,0,0,0,4,0,13,0,9,8,6,0,3,0,4,0,30,10,4,7,9,0,5,0,3,0,41,7,10,6,3,0,0,4,5,0,38,0,0,0,8,7,0,7,5,0,31,0,0,0,0,0,0,0,0,0,7,0,0,0,0,0,0,0,0,0,0,0,0,0,0,0,0,0,0,0,0,19,32,23,36,18,18,11,16,0,179
10603112129,core,0,0,0,4,0,9,0,3,0,20,0,0,0,0,0,0,0,0,0,3,0,9,3,7,0,0,0,3,0,19,3,3,11,0,7,3,4,0,0,33,0,5,3,5,7,4,0,5,4,30,3,0,0,0,4,0,0,0,0,16,0,0,0,5,4,0,0,0,0,4,0,0,0,0,0,0,0,0,0,0,0,0,0,0,0,0,0,0,0,0,9,19,21,15,17,19,10,9,0,123
10603112130,core,0,0,0,5,0,0,0,0,0,11,0,0,0,0,0,0,0,0,0,0,0,3,3,0,0,0,0,0,0,15,5,5,11,4,4,0,0,0,0,31,8,5,3,0,3,3,0,0,0,36,3,8,4,6,4,0,0,0,0,21,0,0,5,0,3,0,0,0,0,9,0,0,0,0,0,0,0,0,0,0,0,0,0,0,0,0,0,0,0,0,22,25,26,22,14,5,3,4,3,128
10603112131,core,0,0,0,6,0,0,0,5,0,13,5,0,3,3,0,3,0,6,0,16,3,16,12,10,7,5,0,5,4,55,0,9,0,3,3,3,0,3,0,23,8,6,13,16,5,3,9,5,0,68,4,7,15,5,10,7,0,6,5,53,6,4,0,0,0,6,0,0,0,17,0,0,0,0,0,0,0,0,0,4,0,0,0,0,0,0,0,0,0,0,24,38,44,40,26,27,19,26,5,251
10603112133,core,0,0,0,5,0,3,0,0,0,5,0,0,0,4,0,0,0,0,0,11,4,0,0,7,0,0,0,0,0,15,0,9,0,6,0,0,0,0,0,15,4,9,3,4,3,3,0,0,0,23,14,9,0,4,13,3,0,4,0,45,0,3,0,0,0,5,0,3,0,15,0,0,0,0,0,0,0,0,0,0,0,0,0,0,0,0,0,0,0,0,23,24,11,26,16,13,0,12,0,132
10603112134,core,0,0,0,6,0,4,0,3,0,22,0,0,8,4,0,3,0,3,0,20,10,3,4,5,4,0,0,0,0,33,5,9,0,8,0,4,3,3,0,31,11,18,8,5,6,4,4,5,0,60,11,15,6,5,12,9,0,11,0,69,3,3,0,0,3,0,0,0,0,17,0,5,0,0,0,0,0,0,0,8,0,0,0,0,0,0,0,0,0,0,38,49,36,37,26,30,5,25,5,249
10603112135,core,0,6,4,3,0,8,0,7,0,31,0,4,0,3,3,0,0,3,0,19,4,11,3,9,0,0,3,0,0,35,19,31,11,15,3,3,0,0,3,90,25,21,16,10,9,6,4,0,0,101,17,22,0,4,16,14,0,9,0,75,4,0,0,0,0,0,0,0,0,12,0,0,0,0,0,0,0,0,0,0,0,0,0,0,0,0,0,0,0,0,74,86,39,39,41,35,14,25,5,359
10603112136,core,0,0,0,7,0,8,0,3,0,15,0,0,5,8,0,0,0,0,0,22,4,0,14,8,5,3,0,5,0,39,11,13,4,9,6,0,0,0,0,41,7,9,5,11,9,0,0,10,0,42,4,5,0,4,5,3,3,9,3,29,5,5,0,3,0,0,0,0,0,15,0,0,0,0,0,0,0,0,0,0,0,0,0,0,0,0,0,0,0,0,28,34,31,40,21,24,4,22,8,204
10603112137,core,0,0,4,4,0,4,0,3,0,20,0,0,0,3,0,3,0,4,0,12,0,5,0,3,0,4,0,3,0,18,4,9,6,10,3,8,4,0,0,43,11,14,9,6,6,0,3,0,0,54,9,15,6,5,8,3,4,0,0,43,0,0,0,0,0,0,0,0,0,4,0,0,0,0,0,0,0,0,0,0,0,0,0,0,0,0,0,0,0,0,22,45,32,27,18,20,9,9,4,193
10603112138,core,4,0,0,10,0,12,0,8,0,25,0,0,7,4,0,4,0,0,0,30,0,19,6,4,4,3,0,4,4,42,9,0,4,0,5,8,4,7,0,29,16,7,3,9,13,5,4,7,0,69,14,16,8,3,9,3,0,4,0,61,3,3,0,0,4,0,0,0,0,15,0,0,0,0,0,0,0,0,0,0,0,0,0,0,0,0,0,0,0,0,43,50,33,29,36,32,10,29,7,269
10603112139,core,0,0,5,0,0,8,0,3,0,13,0,0,3,0,3,0,0,0,0,11,5,0,6,3,0,0,0,0,0,12,5,5,7,5,8,4,0,0,0,34,11,10,0,6,9,5,0,0,0,45,6,3,0,5,10,4,0,0,0,23,0,3,0,0,0,0,0,0,0,7,0,3,0,0,0,0,0,0,0,4,0,0,0,0,0,0,0,0,0,0,25,30,25,20,27,24,6,11,0,157
10603112140,core,0,0,0,4,0,0,0,0,0,4,0,0,0,0,0,0,0,5,0,10,0,3,3,0,0,0,0,3,0,15,4,7,0,7,7,0,0,0,0,28,0,9,4,3,4,0,4,0,0,25,0,4,0,0,0,0,3,0,0,20,0,4,0,0,0,0,0,5,0,8,0,0,0,0,0,0,0,0,0,0,0,0,0,0,0,0,0,0,0,0,11,23,11,18,15,12,7,12,0,120
10603112141,core,0,0,0,3,0,6,4,3,0,15,0,0,0,3,0,3,0,0,0,14,0,5,4,3,4,0,4,4,6,19,3,13,8,9,7,12,0,0,0,47,11,21,9,5,4,4,5,8,0,58,8,8,6,5,5,4,3,9,0,51,0,0,0,0,4,0,0,0,0,4,0,0,0,0,0,0,0,0,0,0,0,0,0,0,0,0,0,0,0,0,23,49,26,18,24,26,12,18,3,213
10603112142,core,0,0,7,0,0,4,0,0,0,13,0,0,0,0,0,0,0,3,0,3,0,3,8,0,0,0,0,0,0,7,8,5,0,0,5,0,0,0,0,18,4,8,7,4,8,0,0,0,0,31,10,4,0,5,0,7,0,4,0,30,3,8,0,0,5,0,0,0,0,14,3,4,0,0,0,0,0,0,0,7,0,0,0,0,0,0,0,0,0,0,26,29,18,15,17,12,3,7,0,124
10603112143,core,0,0,0,0,0,4,0,0,0,6,0,0,7,0,3,3,0,5,0,22,0,9,4,9,0,0,3,5,0,32,4,6,8,3,0,0,0,3,0,38,3,3,6,8,6,0,0,4,0,40,3,10,10,8,7,0,0,5,0,41,0,0,0,3,0,0,0,0,0,7,0,3,0,0,0,0,0,0,0,7,0,0,0,0,0,0,0,0,0,0,18,28,38,38,18,13,7,26,0,190
10603112144,core,0,0,6,0,0,0,0,0,0,9,0,3,7,5,0,0,0,6,0,18,0,0,4,4,0,0,0,3,0,15,9,5,3,3,5,0,0,4,0,26,4,8,13,3,0,0,0,9,3,44,5,8,0,0,11,6,0,7,0,31,0,5,0,0,0,5,0,0,0,8,0,0,0,0,0,0,0,0,0,0,0,0,0,0,0,0,0,0,0,0,17,26,30,22,17,17,0,27,5,161
10603112145,core,0,0,0,0,0,3,0,3,0,8,0,0,8,6,0,0,0,0,0,18,0,4,12,8,0,0,0,3,0,22,8,10,6,9,6,0,0,3,0,40,5,6,3,9,6,7,3,0,0,38,5,12,7,6,8,8,0,6,0,44,0,4,4,0,0,0,0,0,0,6,0,0,0,0,0,0,0,0,0,0,0,0,0,0,0,0,0,0,0,0,21,35,36,34,14,19,6,18,0,183
10603112146,core,0,0,0,0,0,0,0,0,0,0,0,0,0,0,0,0,0,0,0,5,0,0,0,6,3,0,0,0,0,16,0,0,3,0,0,0,0,0,0,9,0,0,0,0,0,3,0,0,0,10,0,0,0,4,7,0,0,0,0,19,0,0,0,0,0,0,0,0,0,0,0,0,0,0,0,0,0,0,0,0,0,0,0,0,0,0,0,0,0,0,9,12,5,12,11,4,6,3,0,61
10603112147,core,0,0,0,6,0,3,0,5,0,12,0,0,3,0,0,0,0,0,0,9,3,6,5,4,0,6,0,0,0,26,7,8,6,6,0,0,0,0,0,39,5,7,5,3,9,0,3,4,0,39,7,5,0,6,10,3,0,0,0,25,0,0,0,0,0,0,0,0,0,7,0,0,0,0,0,0,0,0,0,0,0,0,0,0,0,0,0,0,0,0,10,26,27,25,19,14,6,12,4,150
10603112148,core,0,0,0,0,0,4,0,5,3,13,0,0,3,6,3,4,0,0,0,12,0,0,8,8,4,4,3,3,0,30,3,4,3,0,3,4,4,0,0,28,8,7,4,8,8,5,0,0,0,44,0,0,9,8,11,4,3,8,0,34,4,7,0,0,3,5,3,0,0,17,0,0,0,0,5,0,0,0,0,5,0,0,0,0,0,0,0,0,0,0,21,21,37,33,23,23,12,22,4,187
10603112149,core,0,0,0,0,0,5,0,0,0,11,0,0,0,3,0,3,0,0,0,14,4,0,6,5,4,0,0,5,0,33,12,4,11,0,8,0,0,5,0,36,8,11,10,9,6,0,0,6,0,46,8,0,7,4,7,6,0,6,0,39,3,0,4,0,6,0,0,0,0,13,0,0,0,0,0,0,0,0,0,4,0,0,0,0,0,0,0,0,0,0,39,25,39,27,26,13,8,19,0,198
10603112150,core,0,0,4,0,0,0,0,0,0,12,0,0,0,6,0,0,0,0,0,3,5,0,0,6,0,4,0,0,0,19,0,5,6,5,3,0,0,3,0,29,0,3,3,0,6,0,0,6,0,17,0,9,3,0,0,0,0,4,0,21,0,0,0,0,0,0,0,0,0,6,0,0,0,0,0,0,0,0,0,0,0,0,0,0,0,0,0,0,0,0,13,22,13,19,9,10,9,11,0,98
10603112151,core,0,0,0,3,0,3,0,3,0,7,0,0,0,3,3,6,0,0,0,12,0,6,13,4,3,0,0,4,0,33,6,4,19,6,0,0,3,4,0,44,5,8,3,3,10,4,6,4,0,31,0,4,5,8,14,5,3,5,0,36,0,0,0,0,0,0,0,7,0,10,0,0,0,0,0,0,0,0,0,0,0,0,0,0,0,0,0,0,0,0,16,20,36,26,32,16,14,20,0,179
10603112152,core,0,0,0,0,0,4,0,5,0,4,0,0,3,4,0,4,0,0,0,9,0,4,0,0,0,3,0,0,0,15,0,9,7,3,7,0,3,6,0,31,0,0,6,6,4,3,0,6,0,24,5,4,3,6,0,0,4,3,0,25,0,0,0,0,0,3,0,0,0,3,0,0,0,0,0,0,0,0,0,0,0,0,0,0,0,0,0,0,0,0,10,12,26,16,12,12,9,21,0,117
10603112153,core,0,0,0,4,0,4,0,9,0,16,0,0,12,5,0,4,0,0,0,22,0,11,8,9,5,5,0,3,0,34,9,9,3,8,0,6,0,6,0,37,3,9,6,6,0,0,0,0,6,36,10,6,8,10,3,5,0,0,0,31,3,6,4,0,0,0,0,0,0,9,0,0,0,0,0,0,0,0,0,0,0,0,0,0,0,0,0,0,0,0,24,36,36,33,15,18,3,20,8,191
10603112154,core,0,0,4,0,0,6,0,0,0,11,0,0,3,4,0,0,0,3,0,9,0,3,3,5,3,0,0,0,0,18,7,3,0,0,3,0,0,0,0,26,3,14,11,4,10,0,0,4,0,49,5,11,5,0,3,0,8,3,0,35,3,5,0,0,3,0,0,0,0,8,0,0,0,0,0,0,0,0,0,3,0,0,0,0,0,0,0,0,0,0,21,28,34,15,23,8,12,15,8,162
10603112155,core,0,0,0,3,0,5,0,6,0,14,0,0,0,3,0,0,0,0,0,5,0,4,6,0,7,5,0,0,0,16,6,0,8,4,0,4,0,0,4,28,9,5,5,0,8,3,3,3,0,38,0,0,3,5,6,0,0,0,0,23,0,4,0,5,0,0,0,0,0,10,0,0,0,0,0,0,0,0,0,3,0,0,0,0,0,0,0,0,0,0,20,18,21,17,20,20,6,17,4,137
10603112156,core,0,0,0,0,0,0,0,8,0,7,0,3,4,0,0,0,0,0,0,6,0,0,5,4,0,0,0,3,0,9,0,3,0,7,0,0,3,0,0,20,7,3,5,0,0,4,0,0,0,27,6,9,5,5,15,3,0,0,0,44,0,5,6,0,5,0,0,4,0,22,0,0,0,0,0,0,0,0,0,0,0,0,0,0,0,0,0,0,0,0,20,19,30,12,14,14,7,13,9,140
10603112157,core,0,0,3,0,0,3,0,4,0,14,0,0,4,0,0,0,0,0,0,8,4,3,10,0,4,0,4,0,0,30,5,9,4,0,3,3,0,0,0,24,0,4,4,8,3,0,0,0,5,35,7,0,6,3,8,3,4,5,0,37,0,0,3,0,0,0,0,0,0,11,0,0,0,0,0,0,0,0,0,0,0,0,0,0,0,0,0,0,0,0,9,22,29,23,19,12,8,21,0,141
10603112158,core,0,0,0,0,0,3,0,3,0,6,0,0,8,6,3,0,0,0,0,22,9,7,8,8,0,4,0,0,0,39,8,6,4,0,0,4,0,4,0,35,5,3,0,7,5,10,3,9,0,38,7,10,0,4,3,4,0,6,0,37,0,0,0,0,3,3,0,0,0,11,0,0,0,0,3,0,0,0,0,0,0,0,0,0,0,0,0,0,0,0,29,27,26,32,26,24,4,23,5,190
10603112201,core,0,0,4,4,0,8,0,3,0,16,0,0,8,3,0,7,3,7,0,26,3,7,11,11,15,9,5,9,4,62,4,10,14,11,14,3,0,10,0,62,5,3,12,8,9,7,5,11,0,56,4,3,7,7,3,4,9,5,0,37,0,0,0,3,5,0,0,3,0,7,0,0,0,0,0,0,0,0,0,0,0,0,0,0,0,0,0,0,0,0,11,29,52,35,40,39,26,37,4,278
10603112202,core,0,0,0,0,0,0,0,0,0,0,0,0,0,0,0,0,0,0,0,0,0,0,0,0,0,0,0,0,0,4,5,0,0,0,0,0,0,0,0,10,0,0,4,4,0,0,3,7,0,23,4,0,0,6,0,0,8,3,0,18,0,0,0,0,0,5,0,0,0,11,0,0,0,0,0,0,4,0,0,4,0,0,0,0,0,0,0,0,0,0,8,10,13,9,7,5,12,17,0,71
10603112203,core,0,0,0,0,0,0,0,0,0,0,0,0,0,0,0,0,0,0,0,0,0,0,0,0,0,0,0,0,0,0,0,0,0,0,0,0,0,0,0,0,0,0,0,0,0,0,0,0,0,0,0,0,0,0,0,0,0,0,0,0,0,0,0,0,0,0,0,0,0,0,0,0,0,0,0,0,0,0,0,0,0,0,0,0,0,0,0,0,0,0,0,0,0,0,0,0,0,0,0,0
10603112204,core,0,0,0,0,0,0,0,0,0,8,0,0,4,0,0,0,0,0,0,14,5,8,4,5,5,4,3,10,0,42,0,4,8,6,0,4,0,0,0,33,0,4,0,0,0,3,4,4,0,11,0,8,0,4,4,0,3,4,0,27,0,0,0,0,0,0,0,0,0,5,0,0,0,0,0,0,0,0,0,0,0,0,0,0,0,0,0,0,0,0,9,22,20,16,11,24,12,15,0,140
10603112205,core,0,0,0,0,0,5,0,6,0,19,3,6,8,6,0,0,0,7,0,21,0,0,5,4,3,8,0,5,0,35,3,0,3,8,6,8,4,3,0,34,5,0,0,10,6,6,4,9,0,32,0,4,3,9,6,0,10,3,0,33,0,0,0,0,0,0,0,0,0,4,0,0,0,0,0,0,0,0,0,0,0,0,0,0,0,0,0,0,0,0,14,15,25,33,19,21,21,31,3,177
10603112206,core,0,0,5,7,0,7,0,0,0,16,0,0,4,0,0,0,0,4,0,11,0,3,10,4,9,0,0,6,0,31,0,0,5,7,3,3,0,3,4,36,3,5,9,10,3,0,4,7,0,31,4,7,3,6,3,0,4,8,0,33,0,0,0,0,0,3,3,0,0,11,0,0,0,0,0,0,0,0,0,0,0,0,0,0,0,0,0,0,0,0,8,18,31,25,20,15,15,31,4,167
10603112207,core,0,0,0,0,0,9,0,0,0,8,0,0,8,8,0,0,0,0,0,18,0,0,4,3,6,0,11,7,0,33,5,0,0,9,0,0,5,9,0,20,0,0,0,8,0,5,3,0,0,16,0,0,0,10,0,0,4,10,0,19,0,0,0,0,0,0,0,0,0,4,0,0,0,0,0,0,0,0,0,0,0,0,0,0,0,0,0,0,0,0,7,4,16,31,11,13,16,19,0,121
10603112208,core,0,0,0,0,0,4,0,0,0,10,3,0,0,6,0,4,0,4,0,11,0,0,0,5,0,3,4,5,0,25,4,3,4,5,4,0,0,4,0,23,3,7,3,3,0,0,3,5,0,14,0,5,0,4,4,4,6,3,0,23,0,0,0,0,0,0,4,0,0,8,0,0,0,0,0,0,0,0,0,3,0,0,0,0,0,0,0,0,0,0,10,19,11,20,7,12,17,20,0,112
10603112209,core,0,0,0,5,0,5,0,0,0,8,0,0,7,4,0,0,0,3,0,20,3,5,10,6,0,0,3,3,0,43,5,5,7,0,4,4,5,3,0,32,0,3,5,9,5,3,4,9,0,31,0,3,5,7,9,0,3,3,0,37,0,5,4,0,0,0,0,0,0,8,0,0,0,0,0,0,0,0,0,0,0,0,0,0,0,0,0,0,0,0,11,21,33,34,25,9,17,29,0,178
10603112210,core,0,0,0,0,0,4,0,5,0,11,0,5,0,6,0,4,3,4,0,33,0,10,8,6,7,3,8,3,0,51,4,6,7,10,6,0,4,12,0,48,0,5,10,9,12,3,0,8,0,50,0,3,6,5,9,5,7,4,0,43,0,0,0,0,0,0,3,0,0,9,0,0,0,0,0,0,0,0,0,0,0,0,0,0,0,0,0,0,0,0,14,31,35,42,38,18,23,31,12,243
10603112211,core,0,0,4,0,0,3,0,0,0,7,7,0,0,3,0,5,0,0,0,17,0,4,9,7,0,3,5,0,0,22,0,4,0,4,3,0,0,4,0,15,8,0,4,3,5,0,6,4,0,26,3,0,3,0,3,0,6,3,0,20,0,6,0,0,0,0,0,0,0,6,0,0,0,0,0,0,0,0,0,0,0,0,0,0,0,0,0,0,0,0,16,17,20,16,8,10,9,18,0,109
10603112212,core,0,0,0,0,0,11,0,0,0,15,0,0,0,0,0,5,0,0,3,13,0,0,6,4,5,4,3,8,0,36,3,9,7,6,5,4,4,3,0,34,4,4,7,4,3,6,9,14,0,50,3,3,3,0,6,4,10,5,0,36,0,0,0,0,0,0,0,0,0,4,0,0,0,0,0,0,0,0,0,0,0,0,0,0,0,0,0,0,0,0,14,17,29,24,17,27,25,28,4,186
10603112213,core,0,0,0,0,0,3,0,0,0,6,0,0,0,0,0,0,0,0,0,7,3,0,11,0,3,0,4,0,0,21,3,0,4,3,0,0,3,6,0,19,0,0,3,0,3,0,8,4,0,16,4,0,8,7,0,0,0,4,0,26,0,0,0,0,4,0,0,0,0,4,0,0,0,0,0,0,0,0,0,0,0,0,0,0,0,0,0,0,0,0,10,4,17,14,15,7,12,13,0,97
10603112214,core,0,0,0,0,0,8,0,5,0,13,0,3,4,0,0,4,3,0,0,22,4,4,5,7,3,0,3,9,0,31,0,0,0,5,0,4,0,9,0,18,3,0,0,3,0,0,0,6,0,16,0,0,4,0,0,0,8,0,0,18,0,0,0,0,3,0,0,0,0,3,0,0,0,0,0,0,0,0,0,0,0,0,0,0,0,0,0,0,0,0,6,10,14,14,10,18,20,22,3,120
10603112215,core,0,0,0,0,0,4,0,3,0,9,0,0,3,0,0,0,0,0,0,10,3,3,3,9,6,0,3,0,0,22,4,3,6,3,4,0,3,3,0,31,3,0,3,9,4,3,5,6,4,43,6,0,6,3,4,3,7,3,0,30,0,0,0,0,0,0,0,0,0,4,0,0,0,0,0,0,0,0,0,0,0,0,0,0,0,0,0,0,0,0,13,17,22,23,19,16,15,22,0,148
10603112216,core,0,0,0,3,0,3,0,0,0,3,0,0,0,0,0,0,0,4,0,9,0,0,10,5,7,3,0,5,3,45,4,4,4,4,7,0,5,8,0,36,0,0,4,4,0,3,8,4,0,32,3,3,8,3,3,0,7,7,0,33,0,4,0,0,0,0,3,0,0,11,0,0,0,0,0,0,0,0,0,0,0,0,0,0,0,0,0,0,0,0,13,16,29,25,27,14,20,23,9,172
10603112217,core,0,5,14,5,0,10,0,5,0,36,0,5,12,4,10,3,0,11,0,38,10,8,15,20,12,12,13,15,0,106,10,22,12,15,17,8,10,12,6,102,0,15,7,14,18,6,12,9,0,77,3,0,6,12,4,3,0,6,0,31,0,0,0,0,4,0,0,0,0,6,0,0,0,0,0,0,0,0,0,0,0,0,0,0,0,0,0,0,0,0,21,56,57,67,55,43,30,57,7,395
10603112218,core,0,0,4,4,0,7,0,0,0,19,0,0,3,0,0,4,3,4,0,15,4,0,0,0,6,6,4,4,0,24,5,6,8,5,6,7,7,0,0,34,4,4,3,6,6,0,4,8,0,41,5,0,6,4,4,0,0,5,0,26,0,0,0,0,0,0,0,0,0,3,0,0,0,0,0,0,0,0,0,0,0,0,0,0,0,0,0,0,0,0,23,12,37,19,16,21,19,23,3,171
10603112219,core,0,0,0,0,0,0,0,4,0,11,0,4,0,5,0,3,0,0,0,14,5,3,8,3,7,0,6,11,0,44,0,3,6,9,12,6,6,7,0,32,3,3,6,3,4,3,6,4,0,41,0,3,0,6,10,0,11,9,0,42,0,0,4,0,0,0,0,0,0,7,0,0,0,0,0,0,0,0,0,0,0,0,0,0,0,0,0,0,0,0,15,21,20,17,29,20,30,29,5,189
10603112220,core,0,0,5,0,0,0,0,5,0,9,0,3,3,3,0,3,0,4,0,11,0,9,6,0,4,3,5,0,0,29,0,3,4,4,5,4,0,3,0,28,6,4,0,5,0,0,3,3,0,27,0,4,9,4,3,0,4,4,0,27,0,0,0,0,0,0,3,0,0,3,0,0,0,0,0,0,0,0,0,0,0,0,0,0,0,0,0,0,0,0,11,16,25,24,23,11,17,23,4,142
10603112221,core,0,0,0,0,0,4,0,4,0,17,0,3,0,6,3,0,8,6,0,26,0,5,10,6,8,5,0,7,0,36,3,4,4,8,9,9,3,6,0,44,8,7,9,9,13,3,8,8,0,62,11,10,3,6,10,3,5,6,0,43,0,0,6,3,0,0,6,3,0,12,0,0,0,0,0,0,0,0,0,0,0,0,0,0,0,0,0,0,0,0,19,31,32,34,37,22,28,29,0,239
10603112222,core,0,0,0,0,0,3,0,0,0,9,0,0,5,3,0,8,0,6,0,20,3,4,9,4,3,0,4,6,0,34,0,0,3,4,4,4,7,9,0,30,4,0,4,6,0,0,3,0,0,16,3,0,5,3,0,0,4,5,0,17,4,0,0,0,0,0,0,0,0,4,0,0,0,0,0,0,0,0,0,3,0,0,0,0,0,0,0,0,0,0,13,8,16,23,8,20,20,30,3,143
10603112223,core,0,0,0,0,0,0,0,3,0,10,0,0,4,3,0,5,0,5,0,18,3,3,5,0,0,0,4,3,0,22,3,0,3,3,5,0,9,0,0,22,4,0,0,11,0,0,0,3,0,24,0,3,0,3,5,0,5,3,0,23,0,0,0,0,0,0,0,0,0,0,0,0,0,0,0,0,0,0,0,0,0,0,0,0,0,0,0,0,0,0,8,6,20,25,5,7,18,18,0,117
10603112224,core,0,0,0,0,0,4,0,0,0,3,0,0,0,3,0,0,0,3,0,9,0,0,7,4,3,0,3,9,0,28,0,0,0,0,0,0,3,3,0,18,0,0,4,0,0,0,4,0,0,9,4,0,0,3,0,0,0,4,0,11,0,0,0,0,0,0,0,0,0,4,0,0,0,0,0,0,0,0,0,0,0,0,0,0,0,0,0,0,0,0,5,0,13,18,6,8,11,20,0,89
10603112225,core,0,0,3,0,0,7,5,0,0,10,0,3,6,0,4,3,3,5,0,16,3,8,14,6,9,0,8,9,3,49,0,5,5,5,8,4,4,4,0,34,5,6,5,9,0,4,9,0,0,44,8,3,9,0,3,4,3,4,0,30,0,3,0,0,5,0,0,0,0,11,0,0,0,0,0,0,0,0,0,0,0,0,0,0,0,0,0,0,0,0,15,23,42,21,31,22,30,17,4,200
10603112226,core,0,0,4,6,0,3,0,4,0,15,0,0,4,6,0,0,8,3,0,24,4,9,10,10,9,8,7,12,0,58,6,8,13,4,8,0,8,0,4,49,0,0,3,4,3,0,3,6,3,33,3,3,6,8,3,4,4,0,0,31,0,0,0,3,0,0,4,0,0,8,0,0,0,0,0,0,0,0,0,0,0,0,0,0,0,0,0,0,0,0,10,23,36,38,27,21,28,27,10,220
10603112227,core,0,0,4,5,0,7,0,8,0,26,4,0,12,7,0,4,0,4,0,31,3,8,9,6,13,12,5,5,0,52,18,11,14,6,13,4,8,10,0,84,8,4,6,11,13,4,7,6,3,67,10,11,10,3,17,6,14,6,0,65,0,0,4,0,3,0,0,0,0,11,0,0,0,0,0,0,0,0,0,0,0,0,0,0,0,0,0,0,0,0,45,37,55,45,54,36,21,40,9,343
10603112228,core,0,0,4,6,0,7,0,6,0,26,0,0,5,0,4,4,0,5,0,31,4,5,17,3,0,0,7,5,0,44,8,13,10,6,5,0,10,3,0,56,9,6,6,7,13,4,12,8,0,66,3,5,4,3,8,0,5,6,0,41,0,0,0,0,0,0,0,0,0,3,0,0,0,0,0,0,0,0,0,0,0,0,0,0,0,0,0,0,0,0,24,35,45,36,38,25,31,38,4,268
10603112230,core,0,0,0,4,0,0,0,6,0,12,0,0,3,3,3,5,6,9,0,29,3,12,6,3,5,6,8,20,0,61,3,6,0,0,5,0,4,6,0,30,8,6,0,3,10,0,9,4,0,46,6,5,9,8,9,0,6,7,3,49,4,0,0,0,4,0,0,0,0,7,0,0,0,0,0,0,0,0,0,4,0,0,0,0,0,0,0,0,0,0,22,27,28,25,32,17,32,54,10,247
10603112232,core,0,0,0,0,0,0,0,0,0,0,0,0,0,0,0,0,0,0,0,3,0,0,0,0,0,0,0,0,0,0,0,0,0,0,0,0,0,0,0,0,0,0,0,0,0,0,0,0,0,0,0,0,0,0,0,0,0,0,0,0,0,0,0,0,0,0,0,0,0,0,0,0,0,0,0,0,0,0,0,0,0,0,0,0,0,0,0,0,0,0,0,0,0,0,0,0,0,0,0,7
10603112233,core,0,0,0,0,0,5,0,0,0,10,0,4,3,0,4,0,0,10,0,19,0,4,7,4,5,3,0,0,5,23,3,7,8,3,4,0,4,6,0,33,3,0,3,0,9,0,0,4,0,22,6,0,3,3,7,0,4,6,0,40,0,0,5,0,0,0,0,0,0,8,0,0,0,0,0,0,0,0,0,0,0,0,0,0,0,0,0,0,0,0,14,17,26,15,26,17,18,21,5,152
10603112234,core,0,0,0,0,0,0,0,0,0,5,0,0,0,0,0,7,0,0,0,9,0,3,7,6,5,5,5,0,0,27,0,0,0,5,5,6,0,4,0,22,0,0,3,12,0,0,3,4,0,24,0,3,0,0,3,0,3,0,0,14,0,0,0,0,0,0,0,0,0,8,0,0,0,0,0,0,0,0,0,4,0,0,0,0,0,0,0,0,0,0,8,8,16,22,10,19,16,10,0,101
10603112235,core,0,0,3,8,0,9,0,11,0,36,0,0,12,10,10,9,8,5,0,54,13,21,34,23,26,8,10,13,3,152,7,19,12,20,16,0,18,8,0,101,13,10,16,11,15,4,15,4,4,91,4,5,9,7,5,0,12,5,3,50,4,5,0,0,0,0,3,0,0,12,3,0,0,0,0,0,0,0,0,3,0,0,0,0,0,0,0,0,0,0,57,63,92,77,74,30,61,48,7,505
10603112236,core,0,0,5,0,0,4,0,5,0,12,0,0,0,0,0,0,0,0,0,5,4,3,0,0,0,0,0,0,0,7,0,0,0,0,3,0,0,0,0,14,3,7,5,3,0,0,0,0,0,20,4,0,4,0,9,0,4,3,0,26,6,0,0,0,0,0,0,0,0,10,0,0,0,0,0,0,0,0,0,3,0,0,0,0,0,0,0,0,0,0,13,16,10,6,19,6,8,8,3,100
10603112301,core,0,0,0,0,0,7,0,0,0,7,0,0,3,4,0,0,0,0,0,12,0,12,5,0,0,0,4,0,0,31,10,7,5,5,0,0,0,4,0,38,3,5,5,0,4,0,0,0,0,27,0,0,7,0,7,0,7,3,0,25,0,4,4,0,0,0,0,0,0,7,0,0,0,0,0,0,0,0,0,0,0,0,0,0,0,0,0,0,0,0,11,41,34,17,13,12,11,8,4,148
10603112302,core,0,0,0,0,0,0,0,5,0,12,0,0,4,3,4,0,0,0,0,19,0,5,0,0,0,0,3,4,0,14,5,4,4,3,3,0,4,0,0,24,0,12,0,0,8,0,0,4,0,36,4,12,6,4,6,0,0,6,0,42,0,0,0,4,0,0,0,0,0,8,0,0,0,0,0,0,0,0,0,0,0,0,0,0,0,0,0,0,0,0,13,40,19,20,24,9,10,21,4,159
10603112303,core,0,0,5,5,0,4,0,3,0,20,0,5,14,0,4,0,3,0,0,19,6,5,12,10,3,4,4,3,0,46,3,9,9,5,6,0,4,3,0,35,3,7,7,4,3,0,13,3,0,48,5,13,7,5,6,5,10,6,0,48,0,0,0,0,0,0,0,0,0,6,0,0,0,0,0,0,0,0,0,0,0,0,0,0,0,0,0,0,0,0,13,36,49,23,29,11,39,24,0,232
10603112304,core,0,0,6,8,0,8,0,3,0,24,0,4,3,6,0,0,0,0,0,18,5,4,6,0,3,0,6,3,0,27,5,12,9,3,8,0,3,0,0,50,11,19,11,3,9,5,10,8,0,74,11,7,3,0,4,0,8,0,0,37,0,3,0,0,0,0,0,0,0,8,0,0,0,0,0,0,0,0,0,0,0,0,0,0,0,0,0,0,0,0,36,52,38,25,26,22,31,17,0,236
10603112305,core,0,0,3,10,3,6,5,6,0,30,0,4,11,0,4,7,0,0,0,23,5,4,4,3,4,0,4,3,0,35,8,7,11,3,9,3,4,5,0,60,11,13,17,6,12,4,4,5,4,69,3,10,10,6,9,3,4,3,0,59,4,0,3,0,0,0,0,0,0,10,0,0,0,0,0,0,0,0,0,0,0,0,0,0,0,0,0,0,0,0,36,45,64,33,40,23,26,27,3,290
10603112306,core,0,0,0,0,0,6,0,0,0,11,0,5,0,8,0,3,0,0,0,18,0,0,0,0,0,0,0,0,0,8,0,0,0,0,0,0,0,0,0,10,4,7,7,3,3,3,0,0,0,33,8,0,5,0,4,3,4,3,0,19,0,0,0,0,0,0,0,0,0,6,0,0,0,0,0,0,0,0,0,0,0,0,0,0,0,0,0,0,0,0,13,9,16,10,11,18,9,8,0,99
10603112307,core,0,0,0,0,0,6,0,3,0,12,0,0,3,0,0,3,0,0,0,14,5,3,3,0,3,0,0,0,0,15,4,6,9,0,6,0,0,0,0,24,0,6,0,0,7,0,4,0,0,23,6,9,4,4,9,0,5,0,0,31,6,0,3,0,0,0,0,0,0,9,0,0,0,0,0,0,0,0,0,0,0,0,0,0,0,0,0,0,0,0,15,31,27,4,24,11,16,10,0,134
10603112308,core,0,0,0,0,0,7,0,0,0,7,0,0,6,8,0,8,0,0,0,21,0,10,0,6,3,0,0,5,0,31,10,4,6,6,0,0,3,0,4,36,5,12,9,6,9,3,3,0,0,45,12,15,12,4,10,0,4,4,0,64,0,4,3,0,0,0,0,0,0,13,0,0,0,0,0,0,0,0,0,0,0,0,0,0,0,0,0,0,0,0,26,44,34,22,29,16,15,18,8,220
10603112309,core,0,0,0,4,0,3,0,7,0,14,0,0,3,10,0,3,0,3,0,24,0,3,0,3,0,3,0,0,0,23,8,10,7,0,5,0,6,0,0,40,3,14,0,10,13,0,9,6,4,48,3,5,8,5,5,0,6,4,0,41,3,0,3,0,0,0,3,0,0,11,0,0,0,0,0,0,0,0,0,0,0,0,0,0,0,0,0,0,0,0,22,36,33,29,29,12,18,20,6,199
10603112310,core,0,0,3,6,5,13,3,0,0,32,0,0,7,9,3,0,0,0,0,19,6,10,5,9,0,0,0,0,0,34,12,14,12,7,9,4,0,6,0,63,19,17,18,9,12,3,7,8,3,91,10,17,9,5,9,0,6,4,0,62,10,4,0,0,6,0,5,0,0,26,3,0,0,0,0,0,0,0,0,3,0,0,0,0,0,0,0,0,0,0,52,67,51,43,43,22,23,21,9,327
10603112311,core,0,0,5,0,0,11,0,0,0,15,4,0,3,3,5,0,5,0,0,15,0,4,0,3,0,0,4,7,0,24,9,3,7,4,5,0,3,0,0,41,8,3,7,0,9,0,7,0,0,48,7,3,15,3,9,4,0,0,0,48,0,0,0,0,0,0,5,0,0,8,0,0,0,0,0,0,0,0,0,3,0,0,0,0,0,0,0,0,0,0,25,21,45,23,25,12,24,18,3,203
10603112312,core,0,0,5,0,0,6,0,3,0,16,0,0,7,3,0,7,0,4,0,18,3,9,9,4,3,4,5,0,0,31,3,6,9,4,7,0,5,0,0,39,5,5,11,3,9,4,5,3,3,52,8,8,11,8,5,4,5,3,6,41,3,0,0,0,0,0,0,0,0,4,0,0,0,0,0,0,0,0,0,0,0,0,0,0,0,0,0,0,0,0,25,28,50,25,18,14,19,12,3,198
10603112313,core,0,0,0,6,0,0,3,9,0,14,0,0,0,4,0,4,0,0,0,17,3,11,0,4,5,0,0,0,0,23,15,9,3,0,8,0,0,3,4,36,10,16,9,8,14,0,7,3,0,60,5,18,11,8,4,3,3,0,0,59,9,0,6,0,0,0,0,0,0,9,0,0,0,0,0,0,0,0,0,0,0,0,0,0,0,0,0,0,0,0,40,45,25,28,33,13,14,16,4,228
10603112314,core,0,0,3,0,0,0,0,3,0,14,0,0,4,0,0,4,0,0,0,12,0,0,7,4,3,0,4,0,0,14,4,6,6,0,3,3,0,4,0,26,4,9,9,4,3,3,8,0,0,47,13,7,0,5,3,0,6,3,0,37,4,0,0,0,3,0,5,0,0,15,0,0,0,0,3,0,0,0,0,6,0,0,0,0,0,0,0,0,0,0,27,32,27,10,24,13,20,14,0,173
10603112315,core,0,0,0,3,0,7,0,4,0,12,0,0,3,5,0,0,0,3,0,16,0,10,8,3,3,0,0,0,0,22,5,8,5,0,3,0,4,0,0,20,10,8,0,5,10,7,5,0,0,45,5,0,3,3,6,0,0,5,0,23,0,0,0,0,0,0,0,5,0,0,0,0,0,0,0,0,0,0,0,4,0,0,0,0,0,0,0,0,0,0,23,26,29,17,18,11,13,10,0,158
10603112402,external,0,0,0,6,0,3,0,0,0,4,0,0,0,4,0,0,0,0,0,8,0,4,3,3,6,0,0,0,0,12,4,4,4,0,3,3,0,0,0,19,5,6,3,0,3,0,0,3,0,23,0,3,6,5,4,0,6,3,0,41,3,0,0,0,0,0,0,0,0,9,0,0,0,0,0,0,0,0,0,0,0,0,0,0,0,0,0,0,0,0,20,15,23,16,17,8,13,19,0,122
10603112403,external,0,0,0,4,0,0,0,0,0,8,0,0,0,0,0,0,0,4,0,5,0,4,0,0,0,5,0,3,0,16,0,4,0,3,0,0,0,3,0,14,0,0,0,6,4,3,3,0,5,22,7,8,5,11,5,4,3,3,0,41,0,5,0,3,3,4,3,0,0,14,0,0,0,0,0,0,0,0,0,0,0,0,0,0,0,0,0,0,0,0,14,13,14,25,10,16,13,18,3,129
10603112404,external,0,0,5,0,0,3,0,0,0,10,0,0,0,0,0,0,0,0,0,3,0,0,0,0,0,0,0,0,0,0,3,5,5,0,0,0,0,0,0,11,0,4,3,0,0,0,0,3,0,17,10,3,3,6,0,4,0,6,0,38,3,9,0,0,4,0,0,0,4,22,0,0,0,0,3,0,0,3,0,8,0,0,0,0,0,0,0,0,0,0,14,20,19,14,5,8,4,15,6,111
10603112405,external,0,0,0,0,0,0,0,0,0,3,0,0,0,0,0,0,0,0,0,0,0,0,4,0,0,3,0,0,0,8,3,0,0,0,0,0,0,7,0,11,3,5,7,3,0,0,0,0,0,22,3,0,5,3,0,0,0,3,0,22,0,0,0,0,0,0,0,0,0,8,0,0,0,0,0,0,0,0,0,0,0,0,0,0,0,0,0,0,0,0,12,13,16,16,4,12,3,12,0,83
10603112406,external,0,0,0,7,0,0,0,0,0,8,0,0,0,6,0,0,0,0,0,4,3,0,4,0,0,4,0,0,0,10,0,0,4,0,0,0,0,0,0,14,4,3,10,4,0,0,0,0,0,18,5,4,3,0,6,4,5,4,0,36,0,0,0,0,3,0,3,0,0,6,0,0,0,0,0,0,0,0,0,0,0,0,0,0,0,0,0,0,0,0,11,4,21,14,11,4,10,9,0,88
10603112407,external,0,0,3,0,0,0,0,0,0,5,0,0,0,0,0,0,0,0,0,6,0,4,4,5,0,0,7,4,0,15,3,3,0,6,0,0,0,4,0,16,6,0,5,3,3,0,0,4,0,21,0,0,0,6,0,5,0,4,0,25,0,3,0,0,0,0,0,0,0,8,0,0,0,0,0,0,0,0,0,0,0,0,0,0,0,0,0,0,0,0,4,9,12,16,7,11,11,14,4,93
10603112408,external,0,0,0,8,0,0,0,0,0,4,0,0,0,0,0,0,0,0,0,0,0,3,5,3,0,0,0,0,0,15,3,5,7,3,0,4,0,0,0,24,0,0,0,3,0,5,0,0,3,15,8,0,6,4,4,0,5,0,0,32,5,0,0,0,0,0,0,4,0,11,0,0,0,0,0,0,0,0,0,3,0,0,0,0,0,0,0,0,0,0,16,14,13,19,11,11,3,10,9,102
10603112409,external,0,0,0,0,0,0,0,0,0,0,0,0,0,5,0,0,0,6,0,12,3,0,6,0,0,0,5,0,0,20,0,0,4,5,7,0,0,0,0,20,4,5,5,5,3,0,3,3,0,23,3,3,3,0,6,0,0,3,0,21,0,3,0,0,0,4,0,3,0,9,0,0,0,0,0,0,0,0,0,0,0,0,0,0,0,0,0,0,0,0,14,12,26,13,13,8,7,12,6,108
10603112411,external,0,0,0,0,0,0,0,0,0,3,0,4,3,3,0,5,0,0,0,18,0,5,9,3,5,4,4,3,0,31,0,4,9,7,0,0,0,0,4,23,5,3,7,8,5,4,0,3,4,34,4,9,9,6,7,6,0,5,0,53,6,4,0,0,5,0,0,0,0,13,0,7,0,0,0,0,0,0,0,7,0,0,0,0,0,0,0,0,0,0,20,42,32,26,22,19,6,19,6,184
10603112412,external,0,0,4,0,0,0,0,6,0,5,0,0,4,0,0,3,0,0,0,8,0,0,3,0,0,0,0,0,0,8,3,0,0,0,0,0,0,0,0,7,3,0,4,3,4,3,6,6,0,31,5,7,8,3,4,3,3,9,0,37,3,3,0,0,4,0,0,0,0,14,0,0,0,0,0,0,0,0,0,7,0,0,0,0,0,0,0,0,0,0,15,17,19,14,15,10,5,20,0,113
10603112413,external,0,0,4,0,0,0,0,0,0,5,0,0,0,0,0,0,0,0,0,0,3,0,3,5,0,3,0,0,0,15,5,4,3,3,9,0,0,4,0,24,7,6,8,7,0,3,6,6,0,41,16,14,7,5,9,7,0,7,0,59,3,5,3,0,4,0,0,3,0,18,0,0,0,0,0,0,0,0,0,0,0,0,0,0,0,0,0,0,0,0,32,28,25,20,29,8,7,17,0,163
10603112414,external,0,0,0,0,0,0,0,0,0,3,0,0,0,0,0,0,0,0,0,0,0,0,0,0,0,0,0,0,0,4,0,0,0,0,0,0,0,0,0,5,4,0,0,0,0,0,0,3,0,14,6,0,0,0,0,0,0,0,0,8,4,3,0,0,0,0,0,0,0,9,0,0,0,0,0,0,0,0,0,0,0,0,0,0,0,0,0,0,0,0,12,8,5,0,3,5,0,7,0,41
10603112415,external,0,0,0,0,0,0,0,0,0,0,0,0,0,0,0,0,0,0,0,0,0,0,0,0,0,0,0,0,0,0,0,0,0,0,0,0,0,0,0,0,0,0,0,0,0,0,0,0,0,0,0,0,0,0,0,0,0,0,0,0,0,0,0,0,0,0,0,0,0,0,0,0,0,0,0,0,0,0,0,0,0,0,0,0,0,0,0,0,0,0,0,0,0,0,0,0,0,0,0,0
10603112416,external,0,0,0,0,0,0,0,0,0,0,0,0,0,0,0,0,0,0,0,0,0,0,0,0,0,0,0,0,0,0,0,0,0,0,0,0,0,0,0,0,0,0,0,0,0,0,0,0,0,0,0,0,0,0,0,0,0,0,0,0,0,0,0,0,0,0,0,0,0,0,0,0,0,0,0,0,0,0,0,0,0,0,0,0,0,0,0,0,0,0,0,0,0,0,0,0,0,0,0,0
10603112417,external,0,0,0,0,0,0,0,4,0,5,0,0,0,3,0,0,0,0,0,5,0,3,0,0,0,0,0,0,0,5,0,3,0,0,0,0,0,3,0,11,3,0,0,0,3,0,0,0,0,12,6,3,6,6,3,6,3,0,3,37,3,3,0,0,0,3,0,3,0,16,0,0,0,0,0,0,0,0,0,0,0,0,0,0,0,0,0,0,0,0,16,15,15,13,12,8,3,5,3,93
10603112418,external,0,0,5,0,0,3,0,0,0,11,0,0,0,0,0,0,0,0,0,4,0,3,0,0,0,0,0,5,0,10,0,0,3,0,5,0,0,3,0,13,5,0,3,0,0,0,0,0,0,9,3,6,0,4,4,0,0,0,0,23,0,0,0,0,0,0,0,0,0,6,0,0,0,0,0,0,0,0,0,0,0,0,0,0,0,0,0,0,0,0,8,11,12,9,10,9,3,11,0,74
10603112419,external,0,0,0,0,0,0,0,0,0,0,0,0,0,0,0,0,0,0,0,0,0,0,0,0,0,0,0,0,0,0,0,0,0,0,0,0,0,0,0,0,0,0,0,0,0,0,0,4,0,3,0,0,0,0,0,0,0,0,0,0,0,0,0,0,0,0,0,0,0,0,0,0,0,0,0,0,0,0,0,0,0,0,0,0,0,0,0,0,0,0,3,0,0,0,0,0,0,4,0,8
10603112420,external,0,0,0,0,0,0,0,0,0,0,0,0,0,0,0,0,0,0,0,0,0,0,0,0,0,0,0,0,0,0,0,0,0,0,0,0,0,0,0,0,0,0,0,0,0,0,0,0,0,0,0,0,0,0,0,0,0,0,0,4,0,0,0,0,5,3,0,3,0,16,0,0,0,0,3,0,0,0,0,5,0,0,0,0,0,0,0,0,0,0,5,0,0,0,8,3,0,3,0,28
10603112421,external,0,0,0,0,0,0,0,0,0,0,0,0,0,0,0,0,0,0,0,0,0,0,0,0,0,0,0,0,0,3,0,0,0,0,0,0,0,0,0,4,0,3,0,0,0,3,0,0,0,11,3,3,0,0,0,0,0,0,0,10,0,0,0,0,0,0,0,0,0,4,0,0,0,0,0,0,0,0,0,0,0,0,0,0,0,0,0,0,0,0,9,10,5,3,0,4,4,0,0,36
10603112422,external,0,0,0,0,0,0,0,0,0,3,0,0,0,0,0,0,0,0,0,5,0,0,0,0,0,0,0,0,0,0,3,0,0,0,0,0,0,0,0,3,0,3,3,0,0,0,4,0,0,7,3,0,5,0,3,0,0,0,0,16,0,5,0,0,0,0,0,0,0,5,0,0,0,0,0,0,0,0,0,0,0,0,0,0,0,0,0,0,0,0,7,6,9,3,4,3,4,5,0,43
10603112501,core,0,0,0,0,0,5,0,4,0,3,0,0,0,5,0,0,0,0,0,6,0,3,3,0,6,0,0,7,0,14,3,4,4,3,3,0,0,3,0,13,0,0,5,0,0,0,6,3,0,18,0,6,0,0,0,0,0,4,0,10,0,0,0,0,0,0,0,4,0,3,0,0,0,0,0,0,0,0,0,0,0,0,0,0,0,0,0,0,0,0,5,11,19,12,9,6,5,21,0,79
10603112502,core,3,0,3,3,0,7,0,4,0,19,0,0,4,9,0,3,0,5,0,16,4,4,14,6,5,3,5,10,0,51,3,8,6,9,5,0,5,5,0,39,9,8,12,3,8,5,5,8,0,48,0,4,7,8,8,0,7,5,0,42,5,0,4,0,0,0,0,0,0,7,0,0,0,0,0,0,0,0,0,0,0,0,0,0,0,0,0,0,0,0,22,19,46,30,28,23,31,33,3,231
10603112503,core,0,0,5,4,0,3,0,8,0,20,0,0,3,3,0,0,0,3,0,19,0,11,4,4,3,0,3,0,0,29,10,11,15,4,11,0,0,9,5,62,14,16,8,5,3,7,4,5,0,58,10,4,3,4,5,3,0,4,0,41,4,0,0,0,3,0,0,4,0,12,0,0,0,0,0,0,0,0,0,0,0,0,0,0,0,0,0,0,0,0,31,40,44,20,28,22,14,27,4,242
10603112505,core,0,0,0,0,0,0,0,0,0,0,0,0,0,0,0,0,0,0,0,0,0,0,0,0,0,0,0,0,0,0,0,0,0,0,0,0,0,0,0,0,0,0,0,0,0,0,0,0,0,0,0,0,0,0,0,0,0,0,0,0,0,0,0,0,0,0,0,0,0,0,0,0,0,0,0,0,0,0,0,0,0,0,0,0,0,0,0,0,0,0,0,0,0,0,0,0,0,0,0,0
10603112506,core,0,0,0,0,0,3,4,4,0,12,0,0,3,9,0,9,0,0,0,18,0,3,11,4,6,3,0,0,0,43,3,10,7,3,13,3,5,7,0,42,10,11,14,11,7,6,10,3,3,67,9,4,10,7,0,0,3,7,0,45,0,5,4,0,0,0,0,0,0,16,0,0,0,0,0,0,0,0,0,0,0,0,0,0,0,0,0,0,0,0,20,30,54,34,41,18,17,21,7,244
10603112507,core,0,0,6,4,0,0,0,6,0,16,0,0,8,5,0,0,4,5,0,21,0,5,3,3,0,3,0,6,0,25,12,4,13,3,4,0,0,4,0,40,4,5,9,5,4,8,0,10,5,55,3,8,4,8,3,5,9,8,6,48,0,0,0,4,0,0,0,0,0,10,3,0,0,0,0,0,0,0,0,3,0,0,0,0,0,0,0,0,0,0,28,25,43,31,21,20,27,31,8,223
10603112508,core,0,0,0,0,0,0,0,0,0,0,0,0,0,0,0,0,0,0,0,0,0,0,0,0,0,0,0,0,0,0,0,0,0,0,0,0,0,0,0,0,0,0,0,0,0,0,0,0,0,0,0,0,0,0,0,0,0,0,0,0,0,0,0,0,0,0,0,0,0,0,0,0,0,0,0,0,0,0,0,0,0,0,0,0,0,0,0,0,0,0,0,0,0,0,0,0,0,0,0,0
10603112509,core,0,0,9,4,0,0,4,0,0,10,4,0,0,11,0,0,0,0,0,20,0,0,0,3,0,0,0,0,0,6,0,0,0,0,0,0,0,0,0,5,0,0,0,0,0,0,0,0,0,0,0,0,0,0,0,0,0,0,0,0,0,0,0,0,0,0,0,0,0,0,0,0,0,0,0,0,0,0,0,0,0,0,0,0,0,0,0,0,0,0,6,0,9,21,0,0,0,0,0,46
10603112510,core,0,0,0,0,0,0,0,0,0,3,0,0,4,0,0,0,0,0,0,5,3,7,3,3,3,0,0,9,0,27,4,0,0,0,4,3,0,0,0,17,3,0,0,0,3,0,4,0,0,22,3,5,5,4,6,0,0,0,0,24,0,0,0,0,3,0,5,0,0,5,3,0,0,0,0,0,0,0,0,3,0,0,0,0,0,0,0,0,0,0,19,10,14,11,19,13,15,16,0,107
10603112512,core,0,0,0,5,0,3,0,5,0,7,0,0,3,3,0,5,0,0,0,12,0,0,10,7,0,0,0,3,0,17,4,4,0,4,5,0,6,0,0,23,8,11,12,13,6,0,4,3,0,53,7,6,4,0,7,0,3,0,0,30,0,0,0,0,0,4,4,0,0,10,0,0,0,0,0,0,0,0,0,0,0,0,0,0,0,0,0,0,0,0,16,19,32,23,25,17,13,8,0,162
10603112513,core,0,0,0,4,0,13,0,7,0,25,0,0,0,0,0,5,0,3,0,17,0,11,5,0,0,9,4,6,0,30,10,11,11,12,9,0,5,0,3,61,16,20,12,6,13,3,4,3,3,74,4,15,14,6,9,8,7,0,0,57,0,0,0,3,4,0,3,0,0,10,0,0,0,0,0,0,0,0,0,3,0,0,0,0,0,0,0,0,0,0,34,63,41,35,40,35,20,18,5,282
10603112514,core,0,0,0,0,0,0,0,0,0,0,0,0,0,0,0,0,0,0,0,5,0,0,0,3,0,0,0,3,0,7,0,0,0,0,0,0,0,0,0,3,0,6,0,0,6,0,6,0,0,3,0,0,0,0,0,0,0,6,0,9,0,0,0,0,0,0,0,0,0,3,0,0,0,0,0,0,0,0,0,0,0,0,0,0,0,0,0,0,0,0,0,0,0,4,4,0,4,7,0,28
10603112515,core,0,0,4,4,0,0,0,0,0,9,0,0,0,3,0,0,0,3,0,15,3,4,9,6,0,3,0,5,3,26,0,0,0,5,3,0,3,4,5,22,4,0,0,8,0,0,0,3,0,20,0,0,4,0,3,8,5,3,0,37,5,0,0,0,0,0,3,0,0,8,0,0,0,0,0,0,0,0,0,0,0,0,0,0,0,0,0,0,0,0,22,4,17,21,13,15,14,19,3,126
10603112516,core,0,0,0,0,0,7,0,0,0,7,0,0,0,6,0,3,0,4,0,12,0,5,3,6,0,0,4,3,0,16,6,3,7,5,7,0,6,3,0,37,7,3,8,6,8,0,12,4,0,50,3,0,7,3,8,6,0,6,0,35,0,0,3,0,4,0,0,0,0,16,0,0,0,0,0,0,0,0,0,0,0,0,0,0,0,0,0,0,0,3,22,19,29,22,23,17,25,24,10,180
10603112517,core,0,0,0,0,0,0,0,0,0,0,0,0,7,4,0,0,0,0,0,18,0,4,10,0,3,0,0,6,0,27,5,11,10,4,0,0,0,3,0,35,7,0,6,0,0,3,6,0,0,31,4,0,7,6,0,0,0,0,0,30,3,3,0,0,3,0,3,0,0,18,0,0,0,0,0,0,0,0,0,0,0,0,0,0,0,0,0,0,0,0,27,23,32,17,12,6,10,18,0,147
10603112518,core,0,0,3,5,0,9,0,0,0,18,0,0,5,7,3,0,0,0,0,17,0,6,10,5,12,3,6,3,0,44,9,9,11,5,11,4,4,4,5,57,7,10,12,8,15,0,11,7,3,68,9,11,13,4,15,3,8,3,0,69,5,8,3,3,0,0,0,0,0,20,0,0,0,0,0,0,0,0,0,0,0,0,0,0,0,0,0,0,0,0,31,41,52,32,53,27,26,22,6,283
10603112519,core,0,0,0,4,0,5,0,6,0,12,0,0,0,0,0,5,0,0,0,15,3,3,6,4,0,0,4,0,0,16,3,3,4,6,5,0,3,3,0,27,12,4,10,3,8,0,7,6,0,40,4,3,8,6,6,0,3,5,0,44,0,0,0,0,0,0,0,0,0,3,0,0,0,0,0,0,0,0,0,0,0,0,0,0,0,0,0,0,0,0,18,12,28,21,21,12,17,23,0,156
10603112520,core,0,0,4,0,0,9,0,5,0,16,0,0,0,0,0,0,0,0,0,11,0,3,3,3,0,0,0,4,0,14,0,6,7,0,6,0,3,0,0,35,5,10,0,0,4,5,3,0,0,31,5,5,3,5,5,5,0,3,0,40,0,0,3,0,3,0,3,0,0,13,0,0,0,0,0,0,0,0,0,0,0,0,0,0,0,0,0,0,0,0,12,28,27,19,22,20,11,18,4,153
10603112521,core,0,0,6,4,0,8,0,3,0,34,0,0,11,4,4,3,0,0,0,23,0,3,5,3,0,0,6,5,0,20,6,17,12,10,6,0,0,4,0,55,11,22,8,8,18,6,8,4,0,84,4,9,11,4,16,5,4,5,0,58,0,4,3,0,0,0,4,0,0,13,0,0,0,0,0,0,0,0,0,0,0,0,0,0,0,0,0,0,0,0,30,50,58,38,56,24,17,24,8,296
10603112522,core,0,3,3,0,0,6,0,0,0,19,0,0,3,3,0,6,0,0,0,12,0,5,7,9,4,0,0,3,3,32,4,5,9,4,5,0,0,3,0,34,10,7,12,9,5,8,4,4,0,47,5,6,0,3,3,0,5,4,0,28,0,0,0,0,0,0,0,0,0,5,0,0,0,0,0,0,0,0,0,0,0,0,0,0,0,0,0,0,0,0,24,22,30,31,14,16,13,13,3,172
10603112523,core,0,0,0,5,0,4,0,0,0,11,0,0,5,0,0,0,0,4,0,17,0,3,9,4,9,0,0,6,0,35,5,16,5,6,5,0,0,0,0,38,3,3,8,7,5,6,4,5,0,36,0,0,3,0,0,0,5,3,0,19,0,0,3,0,0,0,0,0,0,4,0,0,0,0,0,0,0,0,0,0,0,0,0,0,0,0,0,0,0,0,13,29,27,30,17,14,13,23,3,163
10603112524,core,0,0,0,6,0,5,0,5,0,18,0,0,7,8,0,5,0,3,0,25,5,6,21,7,8,4,4,0,0,56,3,12,19,9,7,4,0,4,0,64,5,14,6,6,8,0,6,7,0,49,0,0,3,5,7,6,3,0,0,38,0,0,0,0,3,0,0,0,0,7,0,0,0,0,0,0,0,0,0,0,0,0,0,0,0,0,0,0,0,0,21,42,59,34,33,19,16,19,8,253
10603112525,core,0,0,4,0,0,9,0,0,0,11,0,0,8,7,0,3,0,3,0,21,5,5,7,6,5,5,4,7,0,46,0,9,8,6,6,0,7,3,0,48,7,4,3,8,3,4,9,8,0,48,0,0,3,0,7,0,0,12,0,28,0,0,0,0,0,4,0,0,0,9,0,0,0,0,0,0,0,0,0,0,0,0,0,0,0,0,0,0,0,0,14,25,35,33,31,23,23,33,0,214
10603112526,core,0,0,0,0,0,3,0,0,0,13,0,0,0,0,4,0,0,0,0,11,0,7,11,0,4,0,3,3,3,39,0,7,13,6,9,4,0,4,0,49,0,3,0,3,0,5,3,0,0,18,0,3,0,0,6,3,4,0,0,25,0,0,0,0,0,0,0,0,0,4,0,0,0,0,0,0,0,0,0,0,0,0,0,0,0,0,0,0,0,0,4,26,31,20,30,12,14,16,5,154
10603112527,core,0,0,3,3,0,4,0,10,0,26,0,0,10,8,3,7,3,4,5,33,10,16,18,12,7,6,6,11,0,86,5,15,15,6,4,0,10,5,0,69,6,9,7,14,9,0,8,7,5,62,4,8,3,5,3,0,12,3,0,40,0,0,0,0,0,0,0,0,0,4,0,0,0,0,0,0,0,0,0,0,0,0,0,0,0,0,0,0,0,0,23,44,51,54,33,23,27,40,11,323
10603112528,core,0,0,0,0,0,3,0,0,0,10,0,3,8,0,0,7,0,0,0,21,6,4,16,10,4,8,3,4,3,63,3,10,10,0,7,0,4,3,5,43,5,0,6,4,0,10,4,4,3,37,5,4,13,3,5,0,9,10,0,35,0,0,0,4,0,0,0,0,0,6,0,0,0,0,0,0,0,0,0,0,0,0,0,0,0,0,0,0,0,0,16,22,55,29,21,24,18,23,7,215
10603112529,core,0,0,0,0,0,6,0,4,0,14,0,0,5,4,3,9,0,0,0,18,0,11,15,12,5,0,7,6,0,50,7,7,3,10,12,0,4,5,0,44,0,5,10,8,6,0,3,5,0,30,0,0,5,0,0,0,0,3,0,15,0,0,0,0,0,4,0,0,0,0,0,0,0,0,0,0,0,0,0,0,0,0,0,0,0,0,0,0,0,0,9,24,35,24,24,20,12,25,5,171
10603112530,core,0,0,0,0,0,0,0,4,0,7,0,0,6,7,3,3,0,0,0,23,0,7,11,26,6,5,9,3,4,72,13,17,6,13,7,5,3,4,0,68,8,4,6,9,9,6,5,3,0,51,4,0,9,0,4,0,9,3,0,28,0,0,0,0,0,0,0,0,0,3,0,0,0,0,0,0,0,0,0,0,0,0,0,0,0,0,0,5,0,4,20,35,40,53,27,17,28,29,7,262
10603112531,core,0,0,7,0,0,6,0,8,0,25,3,0,11,3,0,4,0,0,0,19,0,0,3,0,5,0,0,0,0,14,6,11,10,3,0,0,0,0,0,35,15,11,13,4,9,0,7,6,0,57,4,9,8,4,0,0,6,0,0,27,0,4,0,0,0,0,0,0,0,9,0,0,0,0,0,0,0,0,0,0,0,0,0,0,0,0,0,0,0,0,26,32,43,15,18,13,14,9,0,180
10603112532,core,0,0,3,0,0,4,0,7,0,11,0,0,3,0,0,0,0,0,0,11,0,6,8,4,9,0,0,0,0,19,0,7,7,0,5,0,0,5,0,25,4,12,8,4,3,0,8,0,0,36,0,6,5,4,3,0,0,0,0,18,0,0,0,0,0,0,0,0,0,7,0,0,0,0,0,0,0,0,0,0,0,0,0,0,0,0,0,0,0,0,11,25,29,12,16,5,11,19,0,129
10603112533,core,0,0,0,0,0,0,0,0,0,0,0,0,0,0,0,0,0,0,0,0,0,0,0,0,0,0,0,0,0,0,0,0,0,0,0,0,0,0,0,0,0,0,0,0,0,0,0,0,0,0,0,0,0,0,0,0,0,0,0,0,0,0,0,0,0,0,0,0,0,0,0,0,0,0,0,0,0,0,0,0,0,0,0,0,0,0,0,0,0,0,0,0,0,0,0,0,0,0,0,0
10603112534,core,0,0,3,0,3,0,0,0,0,10,0,0,0,0,0,0,0,0,0,3,0,7,3,0,4,0,0,0,0,17,0,0,0,5,0,0,0,0,0,11,0,7,3,0,5,4,6,0,0,19,0,3,3,4,4,0,0,3,0,22,0,0,0,0,0,0,0,0,0,3,0,0,0,0,0,0,0,0,0,0,0,0,0,0,0,0,0,0,0,0,4,21,16,16,10,8,11,9,0,98
10603112535,core,0,0,0,0,0,4,0,6,0,7,0,5,3,4,0,0,0,0,0,13,7,10,14,9,4,0,0,0,0,44,4,4,5,7,5,6,6,0,0,37,0,10,5,4,0,5,0,0,0,32,0,3,0,0,5,3,0,0,0,12,0,0,0,0,0,0,0,0,0,0,0,0,0,0,0,0,0,0,0,0,0,0,0,0,0,0,0,0,0,0,19,28,32,28,22,14,10,11,0,151
10603112536,core,0,0,0,0,0,7,0,5,0,15,0,0,0,0,0,0,0,3,0,13,0,5,5,0,0,0,0,0,0,13,0,0,8,5,0,0,0,0,0,18,6,8,4,4,6,5,0,0,0,29,0,0,6,9,0,3,3,8,0,30,0,0,0,0,0,0,0,0,0,5,0,0,0,0,0,0,0,0,0,0,0,0,0,0,0,0,0,0,0,0,10,16,24,13,11,14,11,16,0,124
10603112537,core,0,0,0,4,0,0,0,5,0,13,0,0,3,3,0,4,0,3,0,18,3,5,11,6,4,0,5,8,0,36,7,0,7,0,6,0,0,3,4,31,3,4,12,9,6,3,3,4,0,51,5,5,6,3,6,0,0,5,0,31,0,6,0,0,4,0,0,0,0,13,0,0,0,0,0,0,0,0,0,0,0,0,0,0,0,0,0,0,0,0,15,25,48,24,29,10,12,28,4,188
10603112538,core,0,0,8,4,0,4,0,9,0,24,0,0,8,5,6,0,0,6,0,26,14,18,29,20,15,6,6,0,0,100,15,19,17,16,13,8,9,7,3,108,9,13,14,11,7,0,7,4,0,62,0,4,0,0,0,0,0,0,0,3,0,0,0,0,0,0,0,0,0,5,0,0,0,0,0,0,0,0,0,0,0,0,0,0,0,0,0,0,0,0,39,62,67,52,47,22,19,23,10,329
10603112539,core,0,0,0,0,0,0,0,3,0,4,0,0,0,0,3,0,0,0,0,11,7,11,0,0,0,0,0,0,6,24,9,8,0,3,0,6,0,0,0,28,6,7,0,7,6,0,0,0,0,30,4,6,4,4,8,3,0,0,0,37,4,6,0,0,0,4,3,0,0,12,0,0,0,0,0,0,0,0,0,0,0,0,0,0,0,0,0,0,0,0,32,41,13,13,24,11,11,7,3,154
10603112540,core,0,0,0,0,5,3,0,0,0,11,0,0,4,0,0,0,0,3,0,4,4,3,6,0,0,0,0,0,0,10,3,3,0,0,0,0,0,0,0,17,6,3,11,3,3,3,4,4,0,41,6,9,0,5,4,0,6,7,0,27,7,0,0,0,0,0,0,0,0,14,0,0,0,0,0,0,0,0,0,0,0,0,0,0,0,0,0,0,0,0,23,16,25,11,21,5,14,13,0,128
10603112541,core,0,0,4,4,0,5,5,18,0,39,3,0,3,5,5,0,0,0,0,20,13,14,11,7,15,5,4,0,0,66,28,29,16,13,17,6,5,5,7,121,17,30,9,14,18,10,3,5,4,107,14,7,3,5,9,4,0,3,0,54,0,0,0,0,0,0,0,0,0,6,0,0,0,0,0,0,0,0,0,0,0,0,0,0,0,0,0,0,0,0,65,84,55,45,68,28,21,30,10,416
10603112542,core,0,0,0,0,0,4,0,0,0,9,0,0,4,3,0,0,0,3,0,9,0,0,3,0,0,0,0,0,0,8,0,0,3,3,4,0,0,0,0,11,7,0,0,4,3,0,0,0,0,16,3,0,0,0,5,0,3,3,0,14,4,0,0,0,0,0,0,0,0,3,0,0,0,0,4,0,0,0,0,0,0,0,0,0,0,0,0,0,0,0,14,7,10,13,12,3,9,8,0,77
10604112601,external,0,0,0,0,0,0,0,0,0,0,0,0,0,0,0,0,0,0,0,0,5,0,0,0,0,0,0,0,0,4,0,0,0,0,0,0,0,0,0,9,3,0,0,0,0,0,0,0,0,4,0,0,0,0,0,0,0,3,0,3,0,0,0,0,0,0,0,0,0,0,0,0,0,0,0,0,0,0,0,0,0,0,0,0,0,0,0,0,0,0,6,0,0,0,0,0,3,10,0,23
10604112602,external,0,0,0,0,0,0,0,0,0,3,0,0,0,0,0,0,0,0,0,6,3,8,0,4,6,0,5,3,0,33,0,4,3,0,0,0,4,5,0,19,6,0,7,3,3,0,5,0,0,19,0,0,0,0,0,0,0,0,0,4,0,0,0,0,0,0,0,0,0,0,0,0,0,0,0,0,0,0,0,3,0,0,0,0,0,0,0,0,0,0,12,14,7,12,10,5,12,15,0,89
10604112603,external,0,0,0,0,0,0,0,3,0,8,0,0,0,0,0,0,0,0,0,9,0,0,4,0,5,0,6,5,0,29,0,6,4,4,0,0,4,3,0,23,0,0,5,0,0,0,8,11,0,25,0,5,9,0,4,0,11,3,0,29,0,0,0,0,0,0,0,0,0,9,0,0,0,0,0,0,0,0,0,0,0,0,0,0,0,0,0,0,0,0,4,10,25,14,13,10,28,28,0,129
10604112604,external,0,0,4,3,0,6,0,3,0,22,0,0,10,7,3,0,0,0,0,18,3,3,8,9,4,4,6,8,0,42,0,3,10,0,3,0,7,9,0,35,10,0,3,4,3,3,8,6,0,48,0,4,3,0,6,0,0,6,0,17,0,5,0,3,0,0,0,0,0,7,0,0,0,0,0,0,0,0,0,0,0,0,0,0,0,0,0,0,0,0,16,12,37,22,22,13,32,25,0,182
10604112605,external,0,0,4,0,0,4,0,4,0,14,0,0,3,0,0,0,0,6,0,9,6,6,9,0,4,3,6,0,0,33,0,8,9,7,0,0,6,4,0,31,0,6,0,3,9,0,6,4,0,37,5,6,6,0,6,3,6,0,0,31,0,0,0,0,0,0,0,0,0,0,0,0,0,0,0,0,0,0,0,0,0,0,0,0,0,0,0,0,0,0,11,24,29,17,17,9,29,17,6,163
10604112606,external,0,0,0,0,0,0,0,0,0,4,0,0,3,0,0,0,0,0,0,5,0,8,3,0,0,0,3,4,0,23,0,3,3,0,0,0,0,0,0,13,6,0,5,3,0,4,4,3,0,21,4,5,4,9,3,4,3,0,0,23,0,5,0,0,0,0,0,0,0,3,0,0,0,0,0,0,0,0,0,0,0,0,0,0,0,0,0,0,0,0,7,17,15,17,9,11,13,11,0,95
10604112607,external,0,0,4,0,0,0,0,3,0,3,0,0,8,8,0,5,0,4,0,13,0,0,6,0,8,5,0,5,0,23,0,4,10,0,0,0,10,4,0,31,0,0,4,0,0,0,0,0,0,17,0,0,0,0,0,0,0,0,0,10,0,6,0,3,0,0,0,0,0,10,0,0,0,0,0,0,0,0,0,0,0,0,0,0,0,0,0,0,0,0,3,12,35,8,16,10,13,9,0,106
10604112608,external,0,0,0,0,0,0,0,0,0,4,0,0,0,3,0,0,0,0,0,7,4,0,6,5,0,0,0,0,0,20,3,4,8,3,0,0,3,4,0,27,3,0,0,0,0,0,0,6,0,16,0,4,5,0,0,0,3,6,0,18,0,0,0,0,0,0,0,0,0,8,0,0,0,0,0,0,0,0,0,0,0,0,0,0,0,0,0,0,0,0,13,13,20,13,6,4,8,20,0,96
10604112609,external,0,0,3,0,0,3,0,4,0,13,0,0,7,3,3,3,3,0,0,26,0,4,15,8,3,4,11,5,0,48,5,0,7,6,6,3,8,0,0,30,0,6,7,4,5,3,6,7,0,41,5,8,7,0,0,0,5,3,0,33,0,0,0,0,0,0,0,0,0,4,0,0,0,0,0,0,0,0,0,0,0,0,0,0,0,0,0,0,0,0,11,17,49,18,22,21,31,28,0,200
10604112610,external,0,0,7,0,0,4,0,3,0,11,0,0,7,7,0,0,0,0,0,17,0,12,13,5,4,3,14,12,0,71,0,0,9,6,5,0,18,5,0,51,0,4,3,5,0,0,5,5,0,34,0,0,10,0,5,3,3,3,0,28,0,0,0,0,0,0,0,0,0,9,0,0,0,0,0,0,0,0,0,0,0,0,0,0,0,0,0,0,0,0,12,15,47,22,25,16,46,27,0,218
10604112611,external,0,0,0,0,0,0,0,4,0,4,0,0,9,0,0,0,0,0,0,9,0,0,3,0,0,0,3,0,0,20,0,0,3,0,0,0,10,5,5,15,0,0,0,3,0,0,3,0,0,10,0,0,0,4,0,4,4,0,0,10,0,0,0,0,0,0,0,0,0,4,0,0,0,0,0,0,0,0,0,0,0,0,0,0,0,0,0,0,0,0,0,4,16,13,8,5,22,8,5,80
10604112612,external,0,0,0,0,0,0,0,0,0,9,0,0,3,3,0,0,0,0,0,10,0,5,3,4,0,6,8,4,3,42,3,0,3,3,0,0,5,0,0,19,3,4,0,3,0,5,10,6,0,23,0,0,0,0,3,6,6,4,0,16,0,0,4,0,0,0,0,0,0,7,0,0,0,0,0,0,0,0,0,0,0,0,0,0,0,0,0,0,0,0,5,15,15,18,4,9,28,12,8,121
10604112613,external,0,0,0,0,0,8,0,6,0,16,0,0,3,0,0,4,0,0,0,16,0,6,8,0,0,6,8,0,0,32,0,10,9,5,3,0,12,4,0,40,0,0,9,6,3,4,16,3,0,53,4,5,7,4,4,0,7,0,0,27,6,3,0,0,0,0,0,0,0,13,0,0,0,0,0,0,0,0,0,0,0,0,0,0,0,0,0,0,0,0,8,18,37,19,22,25,51,23,5,200
10604112614,external,0,0,0,0,0,3,3,7,0,12,0,3,3,0,0,5,3,3,0,25,0,11,16,0,5,5,6,5,0,51,0,4,4,0,4,0,11,4,0,29,8,10,7,10,3,4,10,12,0,65,0,4,0,0,4,3,4,6,0,24,5,0,0,0,0,0,0,0,5,7,0,0,0,0,0,0,0,0,0,0,0,0,0,0,0,0,0,0,0,0,14,33,39,19,19,21,38,39,4,209
10604112615,external,0,0,0,0,0,3,0,0,0,3,0,4,0,0,0,0,0,0,0,6,0,0,0,0,0,4,0,0,0,11,0,5,0,0,0,0,4,0,0,8,0,0,0,0,0,0,4,0,0,7,5,3,0,0,0,0,0,0,0,14,0,0,0,0,0,0,0,0,0,0,0,0,0,0,0,0,0,0,0,0,0,0,0,0,0,0,0,0,0,0,5,14,5,0,0,10,9,3,0,38
10604112617,external,0,0,3,4,0,0,0,3,0,6,0,0,8,6,0,4,0,3,0,23,0,0,7,0,0,0,12,3,0,26,0,0,7,3,0,4,0,4,0,23,0,0,4,0,3,0,0,4,0,9,0,0,8,0,6,0,0,4,6,24,0,0,0,0,0,0,3,3,0,10,0,0,0,0,0,0,0,0,0,7,0,0,0,0,0,0,0,0,0,0,4,0,25,14,16,7,17,31,7,124
10604112618,external,0,0,0,4,0,3,0,6,0,9,0,0,4,3,0,0,0,0,0,9,5,0,5,0,8,0,5,0,0,28,5,4,11,3,3,0,11,0,0,41,8,0,10,3,5,0,3,5,0,34,3,8,5,6,5,0,11,3,0,40,0,0,0,0,4,0,0,0,0,5,0,0,0,0,0,0,0,0,0,0,0,0,0,0,0,0,0,0,0,0,22,20,39,17,18,4,34,14,11,168
10604112619,external,0,0,0,4,0,0,0,3,0,9,0,0,6,0,0,3,0,0,0,8,0,0,5,0,3,3,4,5,0,14,0,4,5,0,0,5,6,4,0,16,3,0,0,4,6,6,0,0,0,11,4,5,6,4,0,0,0,0,0,17,0,0,0,0,0,0,0,0,0,8,0,0,0,0,0,0,0,0,0,0,0,0,0,0,0,0,0,0,0,0,3,7,23,11,9,12,11,8,3,88
10604112620,external,0,0,3,0,0,5,0,3,0,9,0,0,7,0,0,3,0,4,0,21,0,6,5,5,0,5,3,4,0,34,6,0,7,7,0,4,7,0,0,32,4,3,8,6,5,0,9,4,0,36,0,0,0,7,4,4,8,3,0,28,0,0,0,3,0,0,0,0,0,3,0,0,0,0,0,0,0,0,0,0,0,0,0,0,0,0,0,0,0,0,7,10,32,27,4,21,31,20,0,161
10604112621,external,0,0,0,0,0,0,0,4,0,9,0,0,3,0,0,0,0,10,0,10,0,0,7,4,0,0,3,4,0,24,0,0,0,3,0,0,0,0,0,10,0,3,0,0,3,0,0,3,0,12,0,0,0,0,0,0,7,6,0,19,3,0,3,0,0,0,0,0,0,4,0,0,0,0,0,0,0,0,0,0,0,0,0,0,0,0,0,0,0,0,4,3,11,11,6,5,16,25,5,81
10604112622,external,0,0,3,0,0,0,0,0,0,11,0,0,3,0,0,0,0,0,0,10,0,0,4,0,0,0,3,6,0,13,0,0,3,0,3,3,3,6,0,24,0,0,7,0,0,4,13,3,0,31,0,0,7,0,0,0,4,5,0,21,0,0,0,0,0,0,0,0,0,3,0,0,0,0,0,0,0,0,0,0,0,0,0,0,0,0,0,0,0,0,3,9,20,10,7,13,27,18,0,117
10604112623,external,0,0,0,0,0,0,0,0,0,7,0,0,5,0,3,0,4,4,0,13,3,6,13,0,6,3,13,7,5,61,3,0,8,4,0,4,5,6,0,35,0,4,3,0,7,4,6,6,0,35,0,0,6,3,3,4,12,7,0,37,0,0,0,3,0,0,0,0,0,5,0,0,0,0,0,0,0,0,0,0,0,0,0,0,0,0,0,0,0,0,7,11,39,15,19,19,37,26,4,192
10604112624,external,0,0,0,4,0,0,0,0,0,5,0,0,3,0,0,9,0,4,0,13,4,3,10,0,3,0,0,3,0,28,0,0,3,5,3,0,7,6,0,26,4,0,4,4,3,0,3,3,0,31,5,0,5,7,3,0,7,5,0,36,0,0,0,0,0,0,0,0,0,3,0,0,0,0,0,0,0,0,0,0,0,0,0,0,0,0,0,0,0,0,14,4,21,19,12,8,29,29,4,148
10604112625,external,0,0,4,6,0,6,0,0,0,14,0,3,5,0,0,4,5,5,0,21,0,4,9,9,0,5,5,6,0,34,3,3,6,3,0,0,0,9,3,27,3,3,5,4,0,0,3,7,4,33,0,4,0,0,0,0,7,0,0,22,0,4,0,0,0,0,0,0,0,6,0,0,0,0,0,0,0,0,0,0,0,0,0,0,0,0,0,0,0,0,13,20,24,21,12,18,24,25,9,163
10604112626,external,0,0,4,0,0,6,0,0,0,9,0,0,8,0,0,3,4,0,0,9,0,0,13,0,4,3,3,3,0,25,0,0,8,0,0,4,4,5,0,24,5,7,4,0,0,4,4,0,0,26,0,3,3,5,8,0,4,0,0,13,0,0,0,0,0,0,0,0,0,0,0,0,0,0,0,0,0,0,0,0,0,0,0,0,0,0,0,0,0,0,6,8,34,6,12,22,16,8,6,119
10604112627,external,0,0,9,4,0,6,0,7,0,26,0,0,6,5,3,0,0,0,0,14,0,7,6,3,3,6,5,0,0,38,4,12,13,0,5,0,15,4,0,52,9,11,7,4,6,3,12,4,6,56,3,9,7,3,4,0,8,5,0,38,0,0,3,0,3,0,0,0,0,9,0,0,0,0,0,0,0,0,0,0,0,0,0,0,0,0,0,0,0,0,15,34,52,24,24,15,38,24,3,230
10604112628,external,0,0,0,0,0,0,0,0,0,6,0,0,4,3,0,0,0,0,0,5,4,0,5,0,0,3,0,0,0,18,0,0,3,0,0,0,0,4,0,14,0,0,5,5,0,0,4,7,5,27,0,0,0,0,4,0,0,0,0,10,0,0,0,3,0,0,0,4,0,9,0,0,0,0,0,0,0,0,0,0,0,0,0,0,0,0,0,0,0,0,10,3,21,16,6,5,8,17,5,80
10604112629,external,0,0,0,0,0,0,0,0,0,9,0,0,0,0,3,4,0,3,0,13,0,3,7,0,4,0,4,5,0,32,0,0,4,4,4,0,0,0,0,24,0,3,6,3,5,0,3,6,0,28,0,5,9,0,0,0,0,5,0,18,0,0,0,0,5,0,3,0,0,9,0,0,0,0,0,0,0,0,0,0,0,0,0,0,0,0,0,0,0,0,4,19,30,8,15,10,19,24,4,126
10604112630,external,0,0,3,5,0,13,3,4,0,34,0,8,11,4,5,0,0,0,5,38,7,18,26,10,10,11,32,9,0,117,5,7,19,9,8,10,20,14,0,102,3,7,16,8,9,0,15,11,0,68,3,6,0,3,5,0,6,0,0,17,0,3,0,0,0,0,0,0,0,9,0,0,0,0,0,0,0,0,0,0,0,0,0,0,0,0,0,0,0,0,26,60,77,43,36,35,80,41,6,392
10604112632,external,0,0,0,0,0,0,0,0,0,0,0,0,0,0,0,3,0,0,0,3,0,0,0,0,0,0,0,9,0,7,0,0,0,0,0,0,0,3,0,6,4,0,0,0,0,0,0,0,0,5,0,0,0,0,0,0,3,0,0,5,0,0,0,0,0,0,0,0,0,0,0,0,0,0,0,0,0,0,0,0,0,0,0,0,0,0,0,0,0,0,5,4,7,4,0,4,8,9,0,37
10604112633,external,0,0,0,0,0,8,0,0,0,8,0,0,0,0,0,0,0,3,0,7,0,3,4,3,4,3,0,3,0,21,3,0,6,6,3,5,5,8,0,32,5,5,5,3,5,0,5,0,0,27,3,3,0,0,0,3,0,0,0,15,0,4,0,0,3,0,0,0,0,8,0,0,0,0,0,0,0,0,0,0,0,0,0,0,0,0,0,0,0,0,12,17,13,12,15,12,16,9,0,109
10604112634,external,0,0,3,0,0,4,0,0,0,0,0,0,3,0,0,0,5,0,0,8,0,0,4,0,0,0,4,0,0,21,0,3,0,5,0,0,9,5,0,19,5,3,0,0,4,4,5,0,0,27,0,0,6,3,0,0,3,0,0,23,0,0,0,0,0,0,0,0,0,3,0,0,0,0,0,0,0,0,0,0,0,0,0,0,0,0,0,0,0,0,7,5,18,12,12,9,24,10,0,97
10604112635,external,0,0,0,0,0,0,0,0,0,0,0,0,0,0,0,0,0,0,0,0,0,0,0,0,0,0,0,0,0,0,0,0,0,0,0,0,0,0,0,0,0,0,0,0,0,0,0,0,0,0,0,0,0,0,0,0,0,0,0,5,0,0,0,0,0,0,0,0,0,0,0,0,0,0,0,0,0,0,0,0,0,0,0,0,0,0,0,0,0,0,0,0,0,0,0,0,0,0,0,4
10604112636,external,0,0,0,4,0,5,0,4,0,12,0,0,5,0,0,3,0,3,0,7,0,12,7,0,4,0,3,4,5,38,0,4,0,3,0,3,6,3,4,24,0,0,0,3,0,0,3,3,0,18,0,3,0,5,3,0,4,0,0,19,0,0,0,0,4,0,0,0,0,6,0,0,0,0,0,0,0,0,0,0,0,0,0,0,0,0,0,0,0,0,3,17,19,15,9,11,15,22,5,123
10604112637,external,0,0,0,3,0,3,0,8,0,15,3,5,14,6,5,8,7,9,0,46,10,19,17,15,12,10,21,18,3,132,8,12,21,12,7,7,24,15,0,105,14,3,3,9,3,3,22,11,0,67,3,3,7,4,0,0,16,0,0,44,0,5,0,0,4,0,0,0,0,9,0,0,0,0,0,0,0,0,0,0,0,0,0,0,0,0,0,0,0,0,39,48,68,45,29,36,98,59,11,423
10604112638,external,0,0,0,0,0,3,0,4,0,16,0,0,4,4,0,0,0,0,0,13,3,7,25,9,5,8,9,13,0,72,11,3,12,8,9,0,13,0,0,57,0,8,6,0,10,3,7,6,0,42,0,0,0,0,3,0,6,4,0,16,0,0,0,0,0,0,0,0,0,5,0,0,0,0,0,0,0,0,0,0,0,0,0,0,0,0,0,0,0,0,18,21,49,21,24,22,44,24,6,222
10604112639,external,0,0,3,0,0,3,0,0,0,14,0,0,3,0,0,0,0,0,0,5,0,7,14,3,7,0,3,0,0,30,10,10,11,3,10,0,11,4,4,60,4,9,6,0,7,0,3,5,0,36,0,0,3,0,3,0,5,0,0,12,0,0,0,0,0,0,0,0,0,3,0,0,0,0,0,0,0,0,0,0,0,0,0,0,0,0,0,0,0,0,14,24,42,7,29,6,22,10,4,153
10604112701,external,0,0,3,5,0,5,0,0,0,8,0,0,0,0,0,3,0,3,0,13,0,3,7,3,0,3,10,6,0,29,3,3,6,3,4,3,9,0,0,39,4,0,7,5,0,4,9,0,0,34,6,0,0,5,0,0,11,0,0,30,0,0,0,0,0,0,3,3,0,10,0,0,0,0,0,0,0,0,0,4,0,0,0,0,0,0,0,0,0,0,19,11,28,24,7,17,43,15,0,159
10604112702,external,0,0,0,0,0,0,0,6,0,8,0,0,0,0,0,0,0,6,0,7,6,3,9,0,0,0,3,25,0,54,13,3,11,0,4,0,3,6,5,47,7,4,9,0,5,0,0,0,0,27,10,0,0,5,4,0,0,5,0,24,7,0,0,0,0,0,0,3,0,16,7,0,0,0,0,0,0,0,0,7,0,0,0,0,0,0,0,0,0,0,57,15,31,4,15,0,13,54,5,188
10604112704,external,0,0,0,0,0,0,0,0,0,0,0,0,0,0,0,0,0,0,0,0,0,0,0,0,0,0,0,0,0,0,0,0,0,0,0,0,0,0,0,0,0,0,0,0,0,0,0,0,0,0,0,0,0,0,0,0,0,0,0,0,0,0,0,0,0,0,0,0,0,0,0,0,0,0,0,0,0,0,0,0,0,0,0,0,0,0,0,0,0,0,0,0,0,0,0,0,0,0,0,0
10604112705,external,0,0,0,0,0,0,0,0,0,8,0,0,0,0,0,0,0,0,0,7,0,3,0,0,0,0,0,0,0,7,0,0,10,3,0,0,7,0,0,24,3,3,5,0,0,0,5,5,0,18,11,0,0,4,6,0,4,7,0,30,6,0,0,0,0,0,6,0,0,6,3,0,0,0,0,0,0,0,0,3,0,0,0,0,0,0,0,0,0,0,17,8,11,10,9,8,20,16,0,102
10604112706,external,0,0,7,4,0,6,0,7,0,26,7,0,6,0,0,0,7,22,0,36,6,4,5,0,4,0,0,10,0,39,10,8,7,3,6,4,5,0,4,42,8,8,10,0,10,0,7,6,5,55,13,4,6,4,6,0,4,7,0,38,13,0,0,0,5,0,3,0,0,30,7,0,0,0,0,0,0,0,0,6,0,0,0,0,0,0,0,0,0,0,73,25,38,14,27,11,22,54,9,270
10604112707,external,0,0,0,3,0,3,0,4,0,6,0,0,4,0,0,0,0,0,0,11,0,0,4,4,5,0,3,0,0,18,0,3,4,0,0,0,4,0,0,19,0,0,13,4,0,0,6,3,0,28,4,0,3,0,3,0,3,4,0,18,0,0,0,0,0,0,0,0,0,3,0,0,0,0,0,0,0,0,0,0,0,0,0,0,0,0,0,0,0,0,5,6,24,14,11,6,13,19,3,103
10604112708,external,0,0,4,0,0,3,0,0,0,10,0,6,9,0,0,0,7,0,0,17,0,0,8,0,0,0,4,3,0,19,5,0,4,0,0,0,6,6,0,19,5,0,3,3,3,0,0,9,0,28,5,5,7,0,5,0,9,7,0,33,11,3,0,0,0,0,0,0,0,12,6,0,0,0,0,0,0,0,0,6,0,0,0,0,0,0,0,0,0,0,26,11,28,6,14,8,20,27,0,141
10604112709,external,0,0,4,5,0,0,0,0,0,8,0,0,0,0,0,0,0,0,0,4,0,6,3,0,4,0,9,4,0,28,3,5,3,3,4,0,5,0,0,26,10,6,7,4,3,0,6,4,0,42,0,0,4,5,3,0,9,0,0,23,0,0,0,0,0,0,3,0,0,8,3,0,0,0,0,0,0,0,0,0,0,0,0,0,0,0,0,0,0,0,16,19,26,11,12,7,31,14,0,137
10604112710,external,0,0,0,0,0,5,0,9,3,22,0,0,5,0,0,0,4,3,3,17,3,3,14,8,9,0,8,0,0,49,12,11,10,6,17,0,16,6,0,86,10,10,20,3,17,8,24,10,0,98,14,5,10,5,6,3,16,5,0,68,4,3,0,6,0,0,0,0,0,22,4,0,0,0,0,0,0,0,0,7,0,0,0,0,0,0,0,0,0,0,49,37,61,30,50,23,65,40,7,371
10604112711,external,0,0,0,0,0,0,0,0,0,7,0,0,3,0,0,3,0,0,0,7,0,8,5,5,3,0,9,8,0,31,6,0,5,0,0,0,3,0,0,28,5,3,6,3,3,0,6,3,0,27,0,0,4,3,0,0,6,0,0,21,0,0,0,0,0,0,0,0,0,0,0,0,0,0,0,0,0,0,0,0,0,0,0,0,0,0,0,0,0,0,11,16,26,12,12,11,25,14,0,117
10604112712,external,0,0,6,4,0,6,0,3,0,15,0,3,4,3,0,5,0,0,0,15,3,4,11,10,3,0,8,0,0,40,0,0,11,3,0,7,9,4,0,39,0,0,13,4,3,0,9,6,0,38,4,3,4,5,3,3,14,4,0,51,0,0,0,0,0,0,6,0,0,8,0,0,0,0,0,0,0,0,0,0,0,0,0,0,0,0,0,0,0,0,15,14,46,33,14,19,46,20,0,207
10604112713,external,3,0,6,0,0,0,0,0,0,11,0,0,0,4,0,0,0,0,0,7,0,0,3,4,0,0,0,0,4,21,3,7,0,0,5,0,10,0,0,27,10,3,8,5,6,0,13,3,0,53,0,7,0,4,3,3,6,3,0,27,0,0,0,0,0,0,0,0,0,0,7,0,0,0,0,0,0,0,0,4,0,0,0,0,0,0,0,0,0,0,28,18,23,8,22,6,32,15,6,159
10604112714,external,0,0,0,3,0,0,0,0,0,7,0,0,11,0,0,0,0,0,0,12,0,0,7,0,3,3,0,0,0,24,0,3,0,5,0,0,4,0,0,20,4,0,7,3,0,0,3,0,0,19,0,0,0,0,0,0,3,0,0,8,0,0,0,0,3,0,0,0,0,4,0,0,0,0,0,0,0,0,0,0,0,0,0,0,0,0,0,0,0,0,11,9,28,14,9,7,14,5,0,96
10604112801,external,0,0,0,0,0,3,0,0,0,7,0,0,5,3,0,0,0,0,0,7,0,0,9,4,3,0,0,14,0,40,0,4,3,9,4,7,4,9,0,34,7,0,0,5,0,0,4,7,0,29,0,4,0,0,3,0,8,7,0,24,3,0,0,0,0,0,0,0,0,6,0,0,0,0,0,0,5,0,0,5,0,0,0,0,0,0,0,0,0,0,9,10,23,26,13,12,15,39,0,149
10604112802,external,0,0,0,3,0,5,0,4,0,12,0,6,0,0,0,5,0,0,0,11,0,7,11,7,4,0,0,15,0,47,6,10,0,5,7,4,0,6,0,36,5,6,7,3,9,4,4,3,0,50,3,4,0,0,0,0,9,3,0,25,0,0,0,0,0,0,4,5,0,9,0,0,0,0,0,0,0,0,0,0,0,0,0,0,0,0,0,0,0,0,20,22,24,20,16,18,26,37,6,196
10604112803,external,0,0,5,0,0,0,0,3,0,7,0,5,0,5,0,0,0,0,0,7,6,4,10,3,0,0,3,11,0,33,4,3,7,0,4,3,3,13,3,39,3,6,5,3,0,0,0,7,0,24,0,3,5,3,0,0,0,3,0,22,0,0,3,0,0,0,0,0,0,10,0,0,0,0,0,0,0,0,0,0,0,0,0,0,0,0,0,0,0,0,10,22,32,15,8,6,9,39,6,153
10604112804,external,0,0,0,0,0,5,0,4,0,10,0,4,6,3,4,0,0,3,0,22,0,19,10,5,0,0,5,24,0,75,5,14,9,10,7,0,7,19,0,68,4,3,8,3,0,0,9,12,0,36,9,9,7,0,11,6,0,10,0,51,0,3,4,0,3,6,3,0,0,14,0,0,0,0,0,0,0,0,0,6,0,0,0,0,0,0,0,0,0,0,18,46,42,29,21,14,28,67,0,281
10604112805,external,0,0,4,0,0,9,0,3,0,13,0,0,3,0,0,0,0,10,0,11,0,0,5,0,8,0,0,8,0,21,12,5,8,5,3,0,0,0,0,47,7,5,10,6,3,3,5,6,0,43,8,5,0,0,3,0,0,4,0,31,3,0,0,0,6,0,3,0,0,13,0,0,0,0,0,0,0,0,0,0,0,0,0,0,0,0,0,0,0,0,34,16,39,14,18,18,18,30,0,184
10604112806,external,0,0,3,8,0,3,0,9,0,24,4,0,6,0,0,0,0,9,0,17,11,14,11,4,3,0,6,7,0,57,18,17,14,11,3,3,10,0,0,77,14,24,8,10,6,5,14,4,0,95,19,4,0,7,3,0,4,7,0,46,3,0,5,0,0,0,0,0,0,10,0,0,0,0,0,0,0,0,0,0,0,0,0,0,0,0,0,0,0,0,63,59,52,32,22,21,39,34,0,334
10604112807,external,0,0,3,0,0,0,0,6,0,12,0,3,0,0,0,0,0,0,0,9,0,3,5,0,0,0,0,0,0,8,0,6,0,0,6,0,3,0,0,26,0,9,4,5,3,0,7,0,0,29,7,4,3,3,0,0,0,0,0,29,0,0,0,0,0,0,0,0,0,4,0,0,0,0,0,0,0,0,0,0,0,0,0,0,0,0,0,0,0,0,14,30,21,11,19,0,14,9,0,116
10604112808,external,0,0,0,0,0,4,0,0,0,7,0,0,7,0,0,0,3,4,0,12,5,8,11,8,3,5,7,5,0,54,4,5,13,3,0,0,9,0,0,29,0,6,0,3,0,5,6,4,0,22,5,4,3,8,9,4,7,5,0,30,3,0,0,0,0,0,7,0,0,10,0,0,0,0,0,0,0,0,0,0,0,0,0,0,0,0,0,0,0,0,17,17,38,19,13,13,27,22,4,173
10604112809,external,0,0,3,3,0,6,0,9,0,19,0,0,3,3,0,3,0,4,0,18,0,18,21,3,6,3,13,14,0,74,4,14,13,5,4,6,20,4,0,71,5,7,0,11,3,7,7,3,0,43,8,4,6,6,12,6,12,5,0,58,0,3,3,0,3,0,3,4,0,19,0,0,0,0,0,0,0,0,0,0,0,0,0,0,0,0,0,0,0,0,18,45,50,37,29,31,52,36,4,302
10604112810,external,0,0,7,4,0,6,0,0,0,23,0,3,9,8,0,0,3,8,0,27,4,15,19,5,4,3,7,3,0,64,11,22,14,3,12,6,15,0,0,95,24,13,12,7,7,6,17,5,4,95,7,11,6,3,6,0,3,6,0,42,3,8,0,0,0,0,3,0,0,12,0,0,0,0,0,0,0,0,0,0,0,0,0,0,0,0,0,0,0,0,46,59,68,33,33,17,52,33,4,357
10604112811,external,0,0,0,0,0,9,0,3,0,17,0,0,3,0,3,0,0,11,0,22,5,3,11,5,3,6,6,33,4,77,6,0,10,9,4,3,7,29,0,59,5,0,11,7,0,0,10,11,0,46,3,3,4,0,5,0,4,7,0,23,0,0,0,0,0,0,6,0,0,13,0,0,0,0,0,0,0,0,0,3,0,0,0,0,0,0,0,0,0,0,17,15,39,25,19,13,38,95,3,262
10604112812,external,0,0,6,3,0,0,0,3,0,19,5,0,8,0,0,0,0,8,0,26,3,13,11,7,6,5,5,5,0,47,5,9,6,11,7,3,4,6,0,42,12,8,10,3,8,0,3,9,0,47,0,8,4,0,7,4,0,7,0,32,0,0,0,0,0,3,4,0,0,9,0,0,0,0,0,0,0,0,0,0,0,0,0,0,0,0,0,0,0,0,15,38,48,22,20,16,17,34,3,214
10604112813,external,0,0,3,5,4,0,0,0,0,13,0,0,5,0,0,0,0,7,0,15,3,14,9,6,0,0,0,8,3,51,6,3,0,5,0,0,4,5,0,36,8,10,0,0,4,0,3,5,0,39,3,0,4,4,4,0,6,6,0,36,0,5,0,0,0,0,0,0,0,6,0,0,0,0,0,0,0,0,0,0,0,0,0,0,0,0,0,0,6,6,20,30,24,28,15,9,21,41,9,196
10604112901,external,0,0,6,3,0,3,0,3,0,18,0,0,8,0,0,0,0,3,0,12,0,4,11,0,0,0,0,3,0,22,0,5,7,4,4,3,3,0,0,29,3,0,0,0,7,0,8,3,0,32,4,3,3,8,5,5,9,3,0,33,0,0,0,0,0,0,0,3,0,4,0,0,0,0,0,0,0,0,0,0,0,0,0,0,0,0,0,0,0,0,10,11,37,24,18,8,25,24,0,155
10604112902,external,0,0,3,4,0,0,0,5,0,17,0,0,10,0,0,3,0,0,0,17,0,10,19,4,8,0,3,12,0,57,0,3,11,3,5,3,14,11,3,52,4,3,9,5,5,4,9,4,4,37,3,5,9,6,0,4,9,7,0,38,0,0,0,0,0,0,4,5,0,13,0,0,0,0,0,0,0,0,0,0,0,0,0,0,0,0,0,0,0,0,6,17,61,21,21,15,43,35,11,223
10604112903,external,0,0,9,0,0,11,0,0,0,20,0,0,8,5,5,0,5,4,0,28,9,13,14,6,3,9,14,6,0,64,5,4,9,10,5,0,19,8,0,48,7,3,13,7,3,4,18,12,0,66,3,4,8,5,6,3,11,4,0,47,0,0,0,0,0,0,3,0,0,9,0,0,0,0,0,0,0,0,0,0,0,0,0,0,0,0,0,0,0,0,21,27,61,31,26,23,65,39,0,289
10604112904,external,0,0,0,0,0,3,0,0,0,10,0,0,9,6,0,3,0,0,0,21,5,5,12,7,3,0,5,3,0,32,0,0,6,0,3,0,9,4,0,33,3,0,4,6,0,0,14,7,3,38,5,0,4,3,3,0,8,15,3,44,0,0,0,0,0,0,0,0,0,0,0,0,0,0,0,0,0,0,0,7,0,0,0,0,0,0,0,0,0,0,13,5,44,25,12,15,34,31,5,179
10604112905,external,0,0,3,0,0,0,0,5,0,9,3,0,0,0,0,0,0,0,0,11,5,5,5,0,0,0,0,7,0,25,5,4,6,0,0,3,4,0,0,23,6,3,3,0,3,4,3,3,0,27,5,0,9,0,0,0,3,6,3,22,10,4,0,0,0,0,3,0,0,16,6,0,0,0,0,0,0,0,0,6,0,0,0,0,0,0,0,0,0,0,35,16,24,5,15,9,22,14,4,140
10604112906,external,0,0,0,0,0,4,0,0,0,4,0,0,4,0,0,0,0,11,0,16,4,8,11,0,0,0,0,12,0,40,9,3,12,0,5,0,8,9,0,46,7,7,0,0,8,0,0,0,0,26,4,3,3,4,6,3,4,3,0,29,11,3,0,0,0,0,6,3,0,17,0,0,0,0,0,0,0,0,0,6,0,0,0,0,0,0,0,0,0,0,39,21,35,4,15,7,16,42,5,182
10604112907,external,0,0,5,0,0,0,0,0,0,5,0,0,0,0,0,0,0,9,0,13,10,5,3,0,5,4,5,10,0,34,5,5,3,0,4,0,6,0,0,21,4,8,3,5,0,0,5,0,0,32,16,10,4,0,0,3,6,0,0,44,9,0,0,0,0,0,0,0,0,14,8,0,0,0,0,0,0,0,0,8,3,0,0,0,0,0,0,0,0,3,54,24,22,10,7,8,21,24,0,164
10604112908,external,0,0,0,0,0,0,0,0,0,12,0,0,3,0,0,0,0,0,0,10,3,8,5,0,5,0,0,9,0,27,5,9,7,3,4,0,4,7,0,25,4,5,0,4,3,0,8,7,0,36,20,11,8,7,4,0,0,0,0,54,6,0,3,0,0,0,3,0,0,19,3,0,0,0,0,0,0,0,0,4,0,0,0,0,0,0,0,0,0,0,36,33,22,11,17,6,23,32,0,187
10604112909,external,0,0,5,0,0,0,0,5,0,11,0,0,0,0,0,0,0,0,0,0,0,0,5,0,0,3,3,4,4,20,3,3,8,9,5,0,3,4,0,30,8,0,6,0,0,0,9,3,0,25,7,3,4,3,5,0,3,3,0,33,3,0,0,0,0,0,3,3,0,11,0,0,0,0,0,0,0,0,0,0,0,0,0,0,0,0,0,0,0,0,25,13,27,14,20,8,17,16,3,140
10604112910,external,0,0,7,4,0,11,0,9,0,29,0,0,4,0,0,3,0,5,0,14,4,10,11,0,0,0,4,4,0,33,0,0,13,0,3,5,0,4,0,35,5,6,8,5,3,4,8,4,0,47,10,3,4,4,3,0,7,6,0,37,10,4,9,0,3,0,0,0,0,27,0,0,0,0,0,0,0,0,0,0,0,0,0,0,0,0,0,0,0,0,41,23,46,13,21,22,22,31,7,221
10604112911,external,0,0,0,0,0,0,0,0,0,7,0,0,0,4,0,0,0,3,0,10,0,0,0,0,0,0,0,0,0,3,5,0,5,0,0,0,4,0,0,17,0,0,9,0,0,0,4,8,0,27,3,4,6,3,0,0,3,10,0,22,6,4,0,0,0,0,0,8,0,10,0,0,0,0,0,0,0,0,0,0,0,0,0,0,0,0,0,0,0,0,12,11,13,9,5,7,8,20,0,90
10604112912,external,0,0,0,0,0,0,0,0,0,0,0,0,0,0,0,0,0,4,0,7,0,4,6,0,0,0,4,4,0,18,4,9,3,0,0,0,4,5,0,26,6,7,0,0,4,0,0,4,0,23,10,3,4,0,3,0,3,0,0,24,18,0,0,0,3,0,3,0,0,27,7,0,0,0,0,0,0,0,0,9,0,0,0,0,0,0,0,0,0,0,38,26,23,0,12,4,16,16,0,129
10604112913,external,0,0,3,0,0,4,0,5,0,12,7,0,10,0,0,0,0,6,0,26,9,0,4,0,0,0,0,7,0,22,10,0,0,0,0,0,5,3,0,26,17,4,9,3,4,0,6,10,0,60,17,0,12,0,3,3,3,12,0,45,19,6,0,0,0,0,0,0,0,24,5,0,0,0,0,0,0,0,0,5,0,0,0,0,0,0,0,0,0,0,78,11,40,13,11,8,14,46,3,228
10604112914,external,0,0,0,3,0,0,0,0,0,5,0,0,0,0,0,0,0,0,0,6,4,0,5,5,0,0,5,0,0,24,4,0,0,9,4,0,4,0,0,27,0,0,5,4,0,0,4,5,0,17,0,0,0,5,0,0,3,5,0,13,0,0,0,0,0,0,0,0,0,4,0,0,0,0,0,0,0,0,0,0,0,0,0,0,0,0,0,0,0,0,10,9,13,20,7,4,15,15,4,101
10604112915,external,0,0,0,0,0,0,0,3,0,11,0,3,3,0,0,0,5,0,0,19,0,11,0,0,0,5,0,3,0,20,3,0,0,0,0,0,4,9,0,24,0,0,0,3,3,0,5,0,0,12,0,0,3,8,0,0,0,5,0,18,0,0,0,0,0,0,4,0,0,3,0,0,0,0,0,0,0,0,0,0,0,0,0,0,0,0,0,0,0,0,9,11,15,13,11,7,15,21,0,101
10604112916,external,0,0,0,0,0,3,0,0,0,8,0,0,4,0,0,0,0,0,0,14,0,5,5,5,0,4,9,3,4,34,4,4,0,5,7,3,6,9,0,38,3,0,5,5,3,5,5,0,0,25,0,0,5,4,3,0,7,0,0,22,0,0,0,0,0,0,6,3,0,12,0,0,0,0,0,0,0,0,0,3,0,0,0,0,0,0,0,0,0,0,8,15,25,20,19,11,32,23,3,155
10604112917,external,0,0,0,0,0,0,0,0,0,10,0,0,0,0,0,0,0,0,0,7,12,5,3,0,0,3,0,0,0,25,16,6,0,5,0,0,4,6,0,28,9,0,0,5,0,0,5,0,0,18,7,4,0,0,0,0,0,9,0,21,11,0,0,0,0,0,0,0,0,16,9,0,0,0,0,0,0,0,0,8,0,0,0,0,0,0,0,0,0,0,59,12,3,6,8,5,13,19,0,126
10604112918,external,0,0,3,0,0,0,0,6,0,8,0,0,0,0,0,0,0,0,0,10,7,3,4,0,0,0,0,4,0,21,8,3,0,0,6,0,8,6,0,28,10,5,0,0,3,0,4,6,0,35,9,0,0,5,0,0,0,3,0,17,9,0,0,0,4,0,3,4,0,18,7,6,0,0,0,0,0,0,0,5,4,0,0,0,0,0,0,0,0,4,50,19,7,10,10,3,13,31,0,146
10604112919,external,0,0,0,0,0,0,0,0,0,0,0,0,0,0,0,0,0,0,0,6,3,0,0,0,0,0,3,4,0,12,0,0,0,0,0,0,0,3,0,6,13,0,0,0,0,0,0,0,0,11,12,0,3,0,4,0,0,0,0,18,3,0,0,0,0,0,0,0,0,8,0,0,0,0,0,0,0,0,0,0,0,0,0,0,0,0,0,0,0,0,28,3,7,3,3,0,8,9,3,71
10604112920,external,0,0,3,0,0,0,0,3,0,13,0,0,5,0,0,0,0,6,0,23,0,7,13,3,0,0,3,7,3,37,9,9,10,4,10,0,11,0,0,53,6,14,4,5,4,0,5,9,0,44,17,9,9,0,0,0,5,4,0,42,10,0,4,0,3,0,0,3,6,20,4,0,0,0,0,0,0,0,0,3,0,0,0,0,0,0,0,0,0,0,52,34,47,12,18,3,23,40,9,243
10604112921,external,0,0,0,0,0,0,0,3,0,7,0,0,0,0,0,0,6,4,0,11,4,3,3,4,0,0,7,4,0,28,5,4,3,5,0,0,5,3,0,30,6,5,3,0,8,0,0,3,0,26,4,3,8,7,4,0,0,0,0,21,4,0,0,4,4,0,0,0,0,18,0,0,0,0,4,0,4,0,0,5,0,0,0,0,0,0,0,0,0,0,23,13,22,21,17,8,16,20,3,141
10604112922,external,0,0,0,0,0,0,0,0,0,8,0,0,6,9,0,0,0,6,0,13,0,0,0,5,0,3,5,5,0,17,0,3,4,4,0,0,12,0,0,31,3,5,3,7,5,0,4,8,0,32,5,6,4,4,4,0,8,8,0,37,3,4,0,6,0,0,3,0,0,17,0,0,0,0,0,0,0,0,0,0,0,0,0,0,0,0,0,0,0,0,8,29,28,29,10,8,28,23,6,156
10604112923,external,4,0,5,0,0,0,4,3,0,17,0,0,4,0,0,0,0,3,0,15,11,3,9,0,4,0,6,5,0,32,10,9,9,3,4,0,10,4,0,50,16,7,12,5,5,5,10,12,0,73,27,11,10,5,7,0,15,6,0,73,19,0,0,0,0,0,0,4,0,27,4,0,0,0,0,0,0,0,0,3,0,0,0,0,0,0,0,0,0,0,79,25,35,20,19,19,51,37,12,296
11101120601,core,0,0,0,0,0,0,0,0,0,0,0,0,0,0,0,0,0,0,0,0,0,4,3,0,0,0,0,0,0,13,0,3,0,5,0,0,0,0,0,12,5,4,3,0,0,0,0,0,0,10,0,0,0,0,4,0,0,0,0,10,0,0,0,0,0,0,0,0,0,5,0,0,0,0,0,0,0,0,0,0,0,0,0,0,0,0,0,0,0,0,4,14,13,4,7,0,0,0,0,43
11101120602,core,0,3,4,4,0,3,0,7,0,21,0,0,4,0,0,0,0,0,0,14,3,9,11,0,3,0,4,0,0,26,9,9,6,3,0,0,3,0,0,29,10,11,3,5,5,0,5,0,0,44,6,5,3,4,4,0,0,0,0,23,0,3,0,3,0,0,0,0,0,14,0,0,0,0,0,0,0,0,0,0,0,0,0,0,0,0,0,0,0,0,30,42,33,22,10,6,10,6,0,165
11101120603,core,0,0,0,0,0,3,0,0,0,7,0,0,5,0,0,0,0,0,0,11,0,4,9,3,7,0,0,4,0,27,6,11,0,4,4,5,5,0,0,33,4,4,4,0,6,0,0,0,0,19,0,6,6,0,0,0,0,0,0,11,0,0,0,0,0,0,0,0,0,3,0,0,0,0,0,0,0,0,0,0,0,0,0,0,0,0,0,0,0,0,15,27,24,11,12,10,11,6,0,111
11101120604,core,0,4,0,0,0,0,0,0,0,9,0,0,0,9,0,0,0,0,0,23,3,6,5,6,3,4,0,4,0,24,0,13,3,0,4,6,0,5,0,33,10,12,4,0,3,3,0,4,0,39,5,13,8,8,7,6,0,3,0,45,0,3,0,0,0,0,0,0,0,3,0,0,0,0,0,0,0,0,0,0,0,0,0,0,0,0,0,0,0,0,21,40,28,25,22,19,6,16,0,175
11101120605,core,0,0,3,0,0,4,0,0,0,12,0,0,8,4,0,0,0,5,0,16,0,8,10,7,6,3,0,9,0,49,4,6,5,3,12,0,4,11,4,42,4,0,9,6,5,0,4,5,6,36,5,4,0,5,6,3,0,3,0,32,0,0,0,0,0,0,0,0,0,5,0,0,0,0,0,0,0,0,0,0,0,0,0,0,0,0,0,0,0,0,11,18,32,29,29,10,21,32,11,188
11101120606,core,0,0,4,3,0,3,0,0,0,10,0,5,5,0,0,0,0,0,0,15,3,5,9,6,0,0,0,3,3,33,0,3,9,7,9,4,3,4,0,37,0,10,6,9,3,0,4,6,4,37,3,12,3,6,7,0,4,5,0,51,0,0,5,0,0,0,0,4,0,11,0,0,0,0,0,0,0,0,0,4,0,0,0,0,0,0,0,0,0,0,16,41,36,30,22,18,13,26,8,204
11101120607,core,0,0,0,0,0,0,0,0,0,0,0,0,0,0,0,0,0,0,0,0,0,0,0,0,0,0,0,0,0,0,0,0,0,0,0,0,0,0,0,0,0,0,0,0,0,0,0,0,0,0,0,0,0,0,0,0,0,0,0,0,0,0,0,0,0,0,0,0,0,0,0,0,0,0,0,0,0,0,0,0,0,0,0,0,0,0,0,0,0,0,0,0,0,0,0,0,0,0,0,0
11101120608,core,0,0,0,3,0,0,0,3,0,9,0,0,3,0,0,4,0,0,0,10,3,3,10,9,4,0,0,6,0,36,0,7,7,7,6,6,6,0,0,32,4,0,8,4,5,3,0,4,0,30,0,3,6,5,6,0,5,5,0,22,0,0,0,0,3,0,0,0,0,4,0,0,0,0,0,0,0,0,0,0,0,0,0,0,0,0,0,0,0,0,11,11,32,24,24,15,13,23,0,146
11101120609,core,0,0,6,0,0,3,0,0,0,13,0,0,0,12,0,0,0,8,0,25,6,11,10,9,3,0,3,0,0,53,0,3,12,3,0,8,6,8,0,45,5,9,10,3,0,3,6,3,0,42,0,0,0,10,3,0,6,5,0,36,0,0,0,0,0,0,0,0,0,9,0,0,0,0,0,0,0,0,0,0,0,0,0,0,0,0,0,0,0,0,13,31,46,36,14,12,22,23,4,209
11101120610,core,0,0,6,4,0,15,6,6,0,35,0,3,10,12,0,3,0,3,0,41,0,13,9,8,3,0,0,9,0,50,17,21,17,8,17,3,0,3,4,93,17,29,12,8,19,0,12,5,0,101,9,6,6,9,18,3,6,0,4,62,0,3,0,0,0,0,0,0,0,9,0,0,0,0,0,0,0,0,0,0,0,0,0,0,0,0,0,0,0,0,48,78,65,52,56,28,29,28,3,379
11101120611,core,0,0,5,3,0,6,3,3,0,21,0,0,10,4,0,8,3,0,0,28,0,19,7,5,7,3,3,3,0,47,6,8,12,7,13,3,5,6,0,48,3,5,8,11,16,4,7,0,0,64,0,4,7,0,5,0,0,3,0,21,0,0,0,0,0,0,0,0,0,0,0,0,0,0,0,0,0,0,0,0,0,0,0,0,0,0,0,0,0,0,19,38,55,29,39,20,18,20,0,233
11101120612,core,0,0,4,3,0,8,0,0,0,18,0,0,4,7,3,10,0,0,0,23,4,14,15,13,5,4,0,0,0,55,10,22,4,7,7,6,3,3,0,54,16,7,9,7,16,0,3,0,0,55,5,6,7,7,14,3,0,0,0,49,0,0,3,0,4,0,3,0,0,12,0,0,0,0,0,0,0,0,0,0,0,0,0,0,0,0,0,0,0,0,34,59,44,37,43,25,15,14,3,269
11101120613,core,0,0,0,3,0,0,0,6,0,11,0,0,9,8,0,0,0,0,0,25,0,9,12,4,4,5,6,7,0,47,3,11,14,6,7,8,5,4,0,49,0,0,6,4,0,3,0,0,0,19,0,3,0,0,4,0,0,4,0,16,0,0,0,0,0,0,0,0,0,0,0,0,0,0,0,0,0,0,0,0,0,0,0,0,0,0,0,0,0,0,14,24,47,18,16,11,11,20,3,164
11101120614,core,0,0,0,0,3,0,0,0,0,8,0,7,0,0,0,0,0,3,0,7,0,7,12,0,3,0,4,0,0,30,4,13,0,3,4,0,0,0,0,27,6,7,4,3,4,0,7,0,0,26,6,5,3,4,5,0,5,4,0,21,0,0,0,0,0,0,0,0,0,7,0,0,0,0,0,0,0,0,0,0,0,0,0,0,0,0,0,0,0,0,15,43,19,12,16,7,14,6,6,136
11101120615,core,0,0,8,0,0,9,3,6,0,20,0,0,8,5,3,0,0,3,0,25,0,11,12,10,4,0,3,3,0,49,12,10,9,0,10,5,3,5,0,61,8,17,10,4,16,0,4,3,0,65,9,3,8,5,9,4,8,8,0,51,0,0,0,0,0,0,3,0,0,6,0,0,0,0,0,0,0,0,0,0,0,0,0,0,0,0,0,0,0,0,32,48,47,32,52,24,23,31,0,286
11101120616,core,0,0,6,4,0,7,0,0,0,16,0,4,0,8,0,0,0,0,0,13,4,7,7,4,7,3,0,4,0,29,12,18,3,6,7,4,0,0,0,56,3,4,13,10,6,0,3,0,0,42,5,0,6,4,0,0,5,0,0,23,0,0,0,3,6,0,3,0,0,12,0,0,0,0,0,0,0,0,0,3,0,0,0,0,0,0,0,0,0,0,28,41,37,29,28,18,9,10,3,197
11101120617,core,0,0,5,0,0,0,0,0,0,5,0,0,3,5,0,0,0,0,0,15,3,3,12,5,0,0,0,0,0,24,3,7,8,3,3,4,0,0,0,25,9,8,0,3,7,0,0,0,0,30,0,0,9,4,3,0,0,0,0,17,0,5,0,0,0,0,0,0,0,8,0,0,0,0,0,0,0,0,0,0,0,0,0,0,0,0,0,0,0,0,12,17,32,19,12,10,4,3,0,115
11101120618,core,0,0,0,0,0,3,0,8,0,12,0,4,3,0,3,4,0,0,0,19,0,4,10,6,6,0,0,3,0,36,0,10,3,4,9,0,3,7,0,44,7,9,9,3,14,9,8,4,0,56,0,4,7,8,9,0,0,4,0,36,0,0,0,0,0,0,0,0,0,5,0,0,0,0,0,0,0,0,0,0,0,0,0,0,0,0,0,0,0,0,11,34,38,23,36,16,13,22,0,204
11101120619,core,0,0,0,5,0,8,0,7,0,27,0,7,3,4,4,0,0,0,0,19,0,4,6,3,9,3,0,4,0,38,8,12,17,7,11,4,0,3,0,64,4,19,6,3,9,5,0,0,0,50,3,4,3,5,5,4,3,0,0,30,4,4,0,0,3,0,0,0,0,13,0,0,0,0,0,0,0,0,0,0,0,0,0,0,0,0,0,0,0,0,14,45,44,29,42,25,10,22,5,231
11101120620,core,0,0,0,0,0,5,0,4,0,12,0,0,0,5,0,4,0,0,0,13,4,12,8,5,4,4,0,3,0,44,0,16,7,3,0,0,3,4,0,42,15,14,4,9,5,7,11,0,0,59,0,3,5,9,12,4,6,0,0,47,0,3,0,0,3,0,0,3,0,11,0,0,0,0,0,0,0,0,0,4,0,0,0,0,0,0,0,0,0,0,19,49,34,28,33,22,16,24,4,223
11101120621,core,0,0,3,4,0,11,5,7,0,22,0,3,7,9,0,3,3,0,0,26,6,12,5,6,0,0,0,0,0,27,10,12,0,5,8,7,0,0,0,40,14,22,5,11,14,4,0,4,0,71,5,14,10,0,7,4,3,0,0,48,0,0,0,0,0,4,0,0,0,8,0,0,0,0,0,0,0,0,0,0,0,0,0,0,0,0,0,0,0,0,37,67,33,25,31,26,11,11,0,238
11101120622,core,0,0,0,0,0,9,0,4,0,10,0,0,3,3,0,0,0,0,0,19,3,4,9,4,4,0,4,4,0,32,3,9,8,0,12,0,0,0,0,45,3,10,8,3,6,0,0,3,0,41,8,12,4,6,5,5,0,4,0,47,0,3,4,0,0,0,0,0,0,10,0,0,0,0,0,0,0,0,0,0,0,0,0,0,0,0,0,0,0,0,21,39,27,21,31,16,5,22,0,195
11101120623,core,0,0,7,3,0,3,0,5,3,26,0,3,5,4,5,0,0,0,0,26,5,17,17,6,10,8,0,0,0,58,10,9,8,7,0,4,3,0,0,43,15,17,4,7,9,4,3,3,3,63,7,6,0,3,9,4,3,9,0,53,0,0,0,0,0,0,0,0,0,10,0,0,0,0,0,0,0,0,0,6,0,0,0,0,0,0,0,0,0,0,35,55,43,36,36,28,18,20,8,276
11101120624,core,0,0,0,4,0,5,3,0,0,14,0,4,5,3,0,0,0,0,0,15,0,10,10,3,0,0,0,0,0,35,5,16,3,5,11,0,4,0,0,44,10,3,11,6,9,0,0,3,0,45,8,10,0,0,4,0,3,0,0,32,0,0,0,0,5,0,0,0,0,8,0,0,0,0,0,0,0,0,0,0,0,0,0,0,0,0,0,0,0,0,28,47,27,20,32,9,16,10,3,188
11101120625,core,0,0,4,4,0,12,0,4,0,23,4,4,5,3,0,8,0,6,6,26,4,10,0,5,4,4,0,0,0,28,26,19,4,9,7,8,0,6,0,68,9,19,7,13,10,0,0,0,0,65,3,3,0,3,4,0,0,4,0,31,0,0,0,0,0,0,0,0,0,4,0,0,0,0,0,0,0,0,0,0,0,0,0,0,0,0,0,0,0,0,47,59,32,31,28,28,7,18,5,254
11101120626,core,0,0,5,3,0,15,3,7,0,26,0,0,9,6,7,6,0,3,0,32,6,31,8,8,3,0,6,3,0,66,9,25,11,5,10,0,6,5,0,76,8,14,7,6,12,10,6,4,3,67,6,8,8,5,7,0,0,5,0,35,0,0,0,0,3,0,0,6,0,10,0,0,0,0,0,0,0,0,0,0,0,0,0,0,0,0,0,0,0,0,26,76,47,33,43,30,23,25,3,306
11101120627,core,0,0,0,3,0,6,0,8,0,20,0,3,5,3,0,3,0,4,0,26,7,7,0,3,5,0,0,0,0,30,3,18,5,0,6,4,0,0,0,46,6,19,9,4,17,0,5,0,6,69,7,13,15,4,10,10,3,8,0,63,0,0,0,0,0,0,0,0,0,10,0,0,0,0,0,0,0,0,0,0,0,0,0,0,0,0,0,0,0,0,34,61,31,24,42,27,15,26,9,267
11101120628,core,0,0,4,0,0,16,0,4,0,27,0,7,8,3,0,3,0,5,0,25,8,12,14,3,7,3,3,5,0,44,5,12,7,8,8,0,4,0,0,48,5,13,10,3,12,0,6,4,0,60,5,5,4,4,6,6,0,7,0,40,0,0,4,0,0,0,0,0,0,3,0,0,0,0,0,0,0,0,0,0,0,0,0,0,0,0,0,0,0,0,19,36,51,30,38,32,15,26,3,250
11101120629,core,0,0,5,0,0,4,0,3,0,14,0,0,4,4,0,0,0,6,0,11,0,6,3,5,0,0,0,0,0,20,0,3,0,0,5,0,0,0,0,13,0,3,3,0,0,0,7,4,0,23,4,3,0,0,0,4,0,3,0,21,0,0,0,0,0,0,0,0,0,8,0,0,0,0,0,0,0,0,0,3,0,0,0,0,0,0,0,0,0,0,10,12,20,9,8,13,11,22,0,104
11101120630,core,0,0,0,3,0,0,0,3,0,7,0,0,3,7,0,5,0,0,0,16,0,8,5,4,5,0,0,3,0,24,0,9,0,0,3,0,4,0,0,18,3,11,8,0,4,0,3,5,0,33,5,5,5,0,8,0,4,4,0,28,3,9,0,0,4,4,0,3,0,18,0,0,0,0,0,0,0,0,0,6,0,0,0,0,0,0,0,0,0,0,16,35,30,16,22,12,10,13,4,156
11101120631,core,0,0,0,0,0,3,0,0,0,3,3,0,5,6,0,4,3,4,0,22,0,8,3,12,7,0,0,5,0,40,6,5,0,3,0,5,0,3,0,20,6,4,0,0,5,0,0,8,0,20,0,4,0,7,0,3,4,4,0,17,0,4,0,0,0,0,0,3,0,3,0,0,0,0,0,0,0,0,0,0,0,0,0,0,0,0,0,0,0,0,8,17,15,21,13,17,14,26,6,136
11101120632,core,0,0,4,0,0,7,0,0,0,9,4,3,6,4,0,3,0,0,0,13,6,14,7,3,6,3,3,4,0,51,3,4,13,9,0,4,0,5,0,31,0,6,4,4,8,0,0,10,0,37,0,3,10,0,3,4,0,4,3,23,0,0,0,0,0,0,0,0,0,4,0,0,0,0,0,0,0,0,0,0,0,0,0,0,0,0,0,0,0,0,10,31,34,19,22,16,7,22,4,166
11101120633,core,0,0,0,0,0,6,0,3,0,17,0,0,5,3,7,0,4,0,0,28,4,15,16,16,10,5,3,5,0,78,4,12,10,3,6,4,4,7,0,45,3,5,16,8,12,0,3,7,3,51,3,3,3,5,7,3,6,0,0,41,0,0,0,3,0,0,0,0,0,12,0,0,0,0,0,0,0,0,0,0,0,0,0,0,0,0,0,0,0,0,18,45,55,42,34,19,21,26,6,275
11101120634,core,0,0,5,4,0,3,0,7,0,20,0,3,6,7,0,5,0,6,0,30,3,12,22,13,9,5,0,3,0,77,4,10,10,3,5,0,7,4,0,51,6,8,12,11,14,5,6,10,0,62,3,0,6,0,8,0,10,6,5,39,0,0,0,0,0,0,0,3,0,3,0,0,0,0,0,0,0,0,0,0,0,0,0,0,0,0,0,0,0,0,24,33,58,41,39,24,22,41,5,284
11101120635,core,0,0,0,0,0,0,0,0,0,6,0,5,0,0,0,5,0,0,0,8,0,4,3,3,3,0,0,0,0,14,3,3,3,0,3,3,0,0,0,16,0,5,3,4,3,0,4,4,0,29,0,4,4,0,0,0,0,4,0,14,0,0,0,4,0,0,0,6,0,8,0,0,0,0,0,0,0,0,0,0,0,0,0,0,0,0,0,0,0,0,11,17,11,19,8,6,4,10,0,96
11101120636,core,0,0,0,3,0,0,0,0,0,4,0,0,3,0,0,0,0,0,0,9,0,3,5,6,7,0,0,8,0,33,0,8,5,4,6,0,0,4,0,23,0,0,5,3,0,0,0,6,0,23,0,0,5,0,4,0,0,0,0,20,0,0,0,0,0,0,0,0,0,5,0,0,0,0,0,0,0,0,0,0,0,0,0,0,0,0,0,0,0,0,0,21,26,21,12,3,6,14,0,106
11101120637,core,0,0,6,0,0,4,0,5,0,15,0,4,0,0,5,0,0,3,0,7,0,12,5,5,6,9,0,8,4,45,7,7,12,5,11,4,0,0,0,47,6,8,7,0,5,9,9,0,0,35,3,7,3,11,5,4,0,8,6,41,0,0,0,0,0,0,0,0,0,0,0,0,0,0,0,0,0,0,0,0,0,0,0,0,0,0,0,0,0,0,20,24,35,23,29,26,12,26,9,189
11101120638,core,0,0,4,3,0,3,4,3,0,24,0,3,5,7,0,4,0,0,0,22,4,11,11,15,3,7,7,7,0,59,9,14,10,6,6,3,0,0,0,47,10,6,10,8,8,8,3,7,0,56,11,7,3,7,11,9,3,3,0,56,0,4,0,4,0,0,0,0,4,16,0,0,0,0,0,0,0,0,0,0,0,0,0,0,0,0,0,0,0,0,27,50,43,45,32,28,13,24,5,278
11101120639,core,0,0,0,0,0,0,0,0,0,4,0,0,0,0,0,0,0,3,0,5,0,5,6,3,4,6,0,0,0,31,5,8,8,0,4,4,0,7,0,40,5,0,4,4,3,3,0,3,0,27,0,7,9,7,0,0,0,5,0,34,0,0,0,5,0,0,0,0,0,6,0,0,0,0,0,0,0,0,0,3,0,0,0,0,0,0,0,0,0,0,11,21,33,22,14,15,7,24,0,146
11101120640,core,0,0,8,5,0,6,0,3,0,17,0,0,0,0,4,0,0,0,0,7,0,8,6,0,4,4,0,0,0,27,9,15,0,0,0,0,0,0,0,33,14,18,4,3,5,0,0,0,0,53,13,27,7,0,10,0,0,0,0,52,4,5,0,0,4,7,0,0,0,20,3,0,0,0,0,0,0,0,0,9,0,0,0,0,0,0,0,0,0,0,38,82,29,17,29,16,0,13,0,218
11101120641,core,0,0,0,6,0,5,3,9,0,22,0,3,7,8,0,4,0,5,0,23,0,10,0,0,0,0,0,0,0,12,10,10,3,3,4,0,0,3,0,28,10,16,4,4,12,6,5,9,0,58,11,12,7,0,9,3,0,4,0,49,0,0,0,0,0,0,0,0,0,3,0,0,0,0,0,0,0,0,0,0,0,0,0,0,0,0,0,0,0,0,36,51,21,18,25,24,8,16,0,205
11101120642,core,0,0,0,3,0,0,0,3,0,11,0,0,5,0,3,5,0,0,0,11,0,0,8,3,0,5,0,0,0,25,5,12,3,0,4,0,4,3,0,29,9,3,8,0,8,0,0,0,0,36,6,3,0,3,9,0,0,0,0,31,0,0,0,0,0,3,0,0,0,8,0,0,0,0,0,0,0,0,0,0,0,0,0,0,0,0,0,0,0,0,15,16,25,16,25,18,3,16,0,139
11101120701,core,0,0,0,0,0,6,3,6,0,14,0,0,0,3,3,3,0,0,0,8,0,8,6,4,0,3,0,3,0,29,4,10,12,3,4,4,0,0,0,32,9,8,6,6,14,3,0,4,0,54,0,3,8,0,8,0,3,7,0,41,0,0,0,0,0,0,0,0,0,4,0,0,0,0,0,0,0,0,0,0,0,0,0,0,0,0,0,0,0,0,16,27,41,22,28,18,7,19,6,184
11101120702,core,0,0,5,0,0,4,0,9,0,21,0,5,9,7,5,5,0,0,0,34,3,8,6,3,0,7,0,8,0,34,0,11,5,0,9,5,0,3,6,38,13,14,4,14,12,12,3,4,0,71,5,5,19,11,10,0,9,4,0,68,0,0,0,0,4,0,0,0,0,8,0,0,0,0,0,0,0,0,0,0,0,0,0,0,0,0,0,0,0,0,21,48,46,40,33,30,17,31,3,271
11101120703,core,0,0,4,0,0,7,0,3,0,20,0,0,5,7,6,0,4,0,0,22,0,7,8,4,0,4,0,0,0,26,8,8,4,3,3,0,0,3,0,29,10,6,9,8,7,5,7,0,0,51,5,8,6,4,7,5,0,0,0,27,0,0,0,0,0,0,0,0,0,6,0,0,0,0,0,0,0,0,0,0,0,0,0,0,0,0,0,0,0,0,24,28,31,24,27,29,10,19,0,188
11101120704,core,0,0,0,0,0,0,0,0,0,5,0,0,0,4,0,3,0,0,0,10,0,0,0,8,0,0,0,0,0,19,0,9,4,0,4,4,0,3,0,18,0,0,4,4,0,0,3,0,0,23,3,0,4,0,4,3,0,0,0,26,0,0,0,0,0,0,0,0,0,3,0,0,0,0,0,0,0,0,0,0,0,0,0,0,0,0,0,0,0,0,11,16,19,15,13,11,13,7,0,107
11101120705,core,0,0,0,3,0,0,0,0,0,13,0,6,3,9,3,0,0,0,0,20,0,3,4,4,9,0,0,0,0,20,3,6,8,10,0,9,0,0,0,35,5,7,7,5,9,0,3,0,0,41,3,9,0,6,10,0,3,6,0,38,3,9,0,0,4,3,0,0,0,17,0,0,0,0,0,0,0,0,0,0,0,0,0,0,0,0,0,0,0,0,14,34,24,37,26,14,11,11,4,183
11101120706,core,0,0,4,3,0,5,0,0,0,9,0,0,4,0,0,0,0,3,0,12,3,6,3,7,4,5,0,0,0,28,0,11,3,7,5,0,3,3,0,33,0,0,3,6,6,0,3,0,0,28,4,0,8,0,0,0,0,5,0,25,0,0,0,0,0,0,0,0,0,0,0,0,0,0,0,0,0,0,0,0,0,0,0,0,0,0,0,0,0,0,14,19,25,21,12,13,14,22,0,131
11101120707,core,0,0,0,5,0,3,0,0,0,7,0,0,3,0,0,0,0,3,0,6,0,11,8,0,0,0,4,0,0,27,0,10,4,3,0,0,0,3,0,25,3,4,3,5,3,0,9,6,0,33,0,4,6,4,4,3,3,8,0,28,0,0,0,0,6,0,0,0,0,5,0,0,0,0,0,0,0,0,0,0,0,0,0,0,0,0,0,0,0,0,6,34,15,14,14,9,12,17,0,132
11101120708,core,0,0,0,3,0,3,0,5,0,13,0,0,0,0,7,8,0,0,0,16,0,6,0,0,7,4,3,0,0,20,0,3,9,0,4,0,0,0,0,21,5,8,8,9,13,6,0,3,0,54,8,12,7,5,11,3,0,5,0,43,0,3,0,4,0,0,0,0,0,6,0,0,0,0,0,0,0,0,0,0,0,0,0,0,0,0,0,0,0,0,21,28,23,22,28,24,8,21,0,185
11101120709,core,0,0,3,0,0,5,0,5,0,8,0,0,13,15,0,0,0,3,0,29,4,5,8,10,7,0,4,3,0,37,4,5,7,6,8,6,0,6,0,26,8,4,3,3,6,5,5,3,0,42,4,3,0,3,0,0,3,7,0,26,0,0,0,0,0,0,0,0,0,7,0,0,0,0,0,0,0,0,0,0,0,0,0,0,0,0,0,0,0,0,15,16,37,38,17,9,15,28,0,176
11101120710,core,0,0,0,0,0,0,0,0,0,0,0,0,0,0,0,0,0,0,0,0,0,0,0,0,0,0,0,0,0,0,0,0,0,0,0,0,0,0,0,0,0,0,0,0,0,0,0,0,0,0,0,0,0,0,0,0,0,0,0,0,0,0,0,0,0,0,0,0,0,0,0,0,0,0,0,0,0,0,0,0,0,0,0,0,0,0,0,0,0,0,0,0,0,0,0,0,0,0,0,0
11101120711,core,0,0,0,0,0,4,0,0,0,7,0,0,7,0,0,0,0,3,0,14,0,0,0,4,0,0,0,0,0,10,3,5,4,0,5,0,3,0,0,26,0,4,3,5,4,0,0,9,0,38,0,7,5,3,5,3,3,5,0,32,0,0,0,0,6,0,0,0,0,3,0,0,0,0,0,0,0,0,0,0,0,0,0,0,0,0,0,0,0,0,5,22,28,22,15,10,9,16,0,133
11101120712,core,0,0,4,0,0,3,0,6,0,18,0,0,4,0,5,5,0,3,0,18,5,3,3,6,4,8,5,0,0,25,7,0,5,6,4,0,0,3,0,24,9,6,3,0,6,4,0,5,0,29,6,3,5,4,8,8,4,6,0,51,0,0,0,0,0,0,0,5,3,6,0,0,0,0,0,0,0,0,0,0,0,0,0,0,0,0,0,0,0,0,16,12,24,20,20,25,4,30,4,171
11101120713,core,0,0,0,3,0,0,0,0,0,0,0,0,6,0,0,0,0,0,0,9,0,11,9,0,0,3,0,0,0,24,6,4,12,0,5,8,5,0,0,36,0,3,4,3,3,0,0,7,0,30,3,0,4,4,0,5,0,3,0,26,0,0,0,0,0,3,0,0,0,6,0,0,0,0,0,0,0,0,0,0,0,0,0,0,0,0,0,0,0,0,13,25,30,9,7,20,9,14,0,131
11101120714,core,0,0,0,0,0,0,0,0,0,0,0,0,0,0,0,0,0,0,0,0,0,0,0,0,0,0,0,0,0,0,0,0,0,0,0,0,0,0,0,0,0,0,0,0,0,0,0,0,0,0,0,0,0,0,0,0,0,0,0,0,0,0,0,0,0,0,0,0,0,0,0,0,0,0,0,0,0,0,0,0,0,0,0,0,0,0,0,0,0,0,0,0,0,0,0,0,0,0,0,0
11101120715,core,0,0,0,4,0,0,0,0,0,15,0,0,0,6,0,3,0,3,0,27,3,13,13,3,7,0,7,6,0,51,3,5,8,10,9,0,8,0,0,53,8,14,8,6,3,0,0,4,3,55,4,5,10,3,8,0,7,7,0,46,0,0,0,0,4,4,0,0,0,13,0,0,0,0,0,0,0,0,0,3,0,0,0,0,0,0,0,0,0,0,20,41,46,38,31,19,24,27,11,253
11101120716,core,0,0,0,3,0,6,0,0,0,4,0,3,7,5,0,5,0,0,0,17,0,6,12,9,5,3,0,3,0,31,0,6,5,0,3,0,5,0,0,21,3,0,3,10,5,0,3,0,0,32,0,3,0,4,3,5,0,8,0,18,0,0,0,0,0,0,0,5,0,8,0,0,0,0,0,0,0,0,0,0,0,0,0,0,0,0,0,0,0,0,8,17,25,24,16,12,12,16,0,138
11101120801,core,0,0,3,4,0,5,0,0,0,17,0,0,3,4,0,0,0,0,0,17,4,30,15,0,5,3,0,4,0,60,6,14,3,5,9,4,6,4,0,51,3,13,3,0,8,4,3,11,0,46,0,9,9,0,0,3,8,0,0,34,0,0,0,0,0,0,0,0,0,6,0,0,0,0,0,0,0,0,0,0,0,0,0,0,0,0,0,0,0,0,13,64,37,19,27,18,19,25,0,226
11101120802,core,0,0,0,0,0,0,0,0,0,6,0,0,0,9,0,9,0,3,0,17,3,19,8,4,5,4,0,0,0,50,7,18,5,3,4,0,4,5,0,55,0,4,5,0,0,0,0,4,0,18,0,7,4,0,7,0,0,4,0,22,0,0,0,0,0,0,0,0,0,4,0,0,0,0,0,0,0,0,0,0,0,0,0,0,0,0,0,0,0,0,12,44,22,20,21,16,5,16,3,167
11101120803,core,0,0,0,4,0,5,0,0,0,9,0,0,8,3,0,3,0,4,0,20,4,7,3,7,0,0,4,6,0,30,6,14,4,4,4,0,0,4,0,43,10,3,3,4,0,0,0,3,0,25,3,10,7,0,0,0,0,0,0,17,0,0,0,0,0,0,0,0,0,0,0,0,0,0,0,0,0,0,0,0,0,0,0,0,0,0,0,0,0,0,18,37,27,17,7,10,10,14,3,151
11101120804,core,0,0,0,0,0,3,0,4,0,11,0,0,5,6,0,7,0,0,0,15,7,12,9,7,0,0,0,0,0,32,4,10,3,0,8,0,0,0,0,26,7,4,6,0,0,0,0,0,0,24,3,4,3,5,4,0,0,3,0,21,0,0,0,0,0,0,0,0,0,3,0,0,0,0,0,0,0,0,0,0,0,0,0,0,0,0,0,0,0,0,18,30,30,20,21,13,3,9,3,142
11101120806,core,0,0,0,0,0,3,0,0,0,7,0,0,8,9,0,0,0,0,0,20,3,11,7,3,3,0,0,0,0,28,6,11,4,3,9,0,3,0,0,34,13,4,6,0,12,0,0,3,0,36,5,14,0,4,4,0,0,0,0,32,0,0,0,0,0,0,0,0,0,0,0,0,0,0,0,0,0,0,0,0,0,0,0,0,0,0,0,0,0,0,23,42,25,24,30,8,9,8,7,169
11101120807,core,0,0,3,5,0,3,0,0,0,12,0,0,5,7,7,6,0,4,0,32,3,15,11,9,4,4,4,3,0,57,3,13,9,4,7,0,0,7,0,55,6,6,3,4,19,0,6,0,0,48,0,8,3,0,9,3,4,0,0,35,0,0,0,0,6,0,0,3,0,7,0,0,0,0,0,0,0,0,0,0,0,0,0,0,0,0,0,0,0,0,16,46,33,28,53,22,20,24,0,242
11101120808,core,0,0,0,0,0,4,0,3,0,17,0,0,3,4,3,0,0,4,0,16,3,5,3,3,0,4,0,0,0,19,10,17,4,4,3,0,0,0,0,36,10,24,0,0,13,0,0,3,0,58,9,18,8,7,9,5,0,9,0,52,3,10,5,0,0,0,0,0,0,22,0,0,5,0,0,0,0,0,0,6,0,0,0,0,0,0,0,0,0,0,35,76,24,23,33,9,0,13,0,216
11101120809,core,0,0,0,4,6,5,0,9,0,15,3,0,4,6,0,0,0,0,0,15,0,23,0,4,4,0,0,3,0,32,5,26,5,4,5,5,0,0,3,59,8,17,8,4,8,5,0,4,0,50,6,11,0,9,4,0,0,0,0,27,0,0,0,0,0,0,0,0,0,0,0,0,0,0,0,0,0,0,0,5,0,0,0,0,0,0,0,0,0,0,23,78,21,24,21,17,5,13,3,199
11101120810,core,0,0,0,0,0,3,0,0,0,17,0,0,0,6,0,3,0,3,0,11,4,19,4,4,4,5,0,0,0,41,4,19,6,5,9,0,0,0,0,58,0,15,3,0,7,3,4,0,0,37,4,14,6,3,4,0,3,3,0,37,0,0,0,0,0,0,0,0,0,10,0,0,0,0,0,0,0,0,0,0,0,0,0,0,0,0,0,0,0,0,17,67,26,25,26,18,7,12,0,207
11101120811,core,0,0,0,5,0,0,0,3,0,11,0,0,3,3,0,3,0,5,0,15,9,16,4,0,7,0,0,0,0,31,11,22,8,0,6,0,0,4,0,53,9,19,0,3,7,0,3,4,0,44,0,12,3,4,6,4,0,0,0,32,0,0,0,0,0,0,0,0,0,0,0,0,0,0,0,0,0,0,0,4,0,0,0,0,0,0,0,0,0,0,29,64,16,24,24,6,3,19,0,194
11101120812,core,0,0,4,0,0,0,0,0,0,5,0,0,4,3,4,0,0,0,0,13,5,6,8,4,8,4,0,0,0,38,5,19,10,9,14,0,0,0,0,49,6,13,9,3,0,0,5,4,0,36,0,7,10,0,9,4,0,0,0,32,0,0,0,0,0,0,0,4,0,4,0,0,0,0,0,0,0,0,0,0,0,0,0,0,0,0,0,0,0,0,16,51,33,26,33,15,9,11,4,185
11101120813,core,0,0,0,0,0,3,0,0,0,3,0,4,4,9,0,3,0,0,0,19,0,3,4,3,0,0,0,0,0,23,0,12,0,4,3,0,0,8,6,27,0,6,4,4,0,5,3,0,0,25,0,8,0,5,0,0,0,8,0,20,0,0,0,0,0,0,0,0,0,4,0,0,0,0,0,0,0,0,0,0,0,0,0,0,0,0,0,0,0,0,3,26,19,24,11,11,10,17,6,119
11101120814,core,0,0,4,0,0,0,0,4,0,11,0,0,0,3,0,5,0,0,0,9,5,15,6,3,4,0,0,0,0,37,10,13,4,5,7,0,0,0,0,49,5,11,4,7,4,0,3,3,0,40,9,6,9,4,10,0,3,0,0,41,0,4,6,0,0,0,4,5,0,12,0,0,0,0,0,0,0,0,0,0,0,0,0,0,0,0,0,0,0,0,24,55,27,21,30,12,13,13,5,197
11101120815,core,0,0,0,3,0,13,0,0,0,15,5,3,3,8,0,3,0,0,0,17,6,25,11,6,4,4,0,4,0,63,10,22,3,4,0,0,3,0,0,51,10,15,5,3,9,0,0,3,0,51,0,5,5,8,9,0,4,0,0,23,0,0,3,0,0,0,0,0,0,14,0,0,0,0,0,0,0,0,0,0,0,0,0,0,0,0,0,0,0,0,30,78,37,34,29,19,9,8,0,247
11101120816,core,0,0,5,0,0,10,0,5,0,13,0,6,4,0,0,3,0,0,0,16,8,19,8,3,9,0,0,0,0,40,9,10,5,0,9,3,4,3,0,45,5,14,12,5,6,0,7,0,0,46,0,8,3,3,7,0,0,0,0,20,0,0,0,0,0,0,0,0,0,0,0,0,0,0,0,0,0,0,0,0,0,0,0,0,0,0,0,0,0,0,15,53,30,20,32,12,10,14,4,184
11101120817,core,0,0,0,0,0,0,0,0,0,8,0,0,3,14,0,5,4,5,0,36,11,25,13,13,5,8,0,0,0,77,16,32,14,9,9,5,3,0,0,89,7,6,6,6,5,9,0,0,0,39,6,11,5,5,3,0,0,0,0,29,3,5,0,0,0,0,0,0,0,10,0,0,0,0,0,0,0,0,0,0,0,0,0,0,0,0,0,0,0,0,34,82,38,49,30,23,11,6,5,284
11101120818,core,0,0,0,5,0,4,0,0,0,15,0,0,0,4,0,0,0,0,0,12,3,17,8,12,3,3,0,0,0,47,6,27,9,8,3,0,3,0,0,56,6,11,4,8,11,0,0,0,0,41,4,10,0,0,4,0,0,0,0,20,0,0,0,0,0,0,0,0,0,5,0,0,0,0,0,0,0,0,0,0,0,0,0,0,0,0,0,0,0,0,20,69,24,30,29,12,7,3,4,198
11101120819,core,0,0,4,0,0,3,0,6,0,11,0,4,4,4,0,3,0,6,0,16,10,26,15,15,7,0,0,3,0,78,9,19,8,3,9,0,0,8,0,66,3,9,3,4,4,0,3,3,0,41,4,9,4,9,4,0,0,6,0,35,0,0,0,0,0,0,0,0,0,4,0,7,0,0,0,0,0,0,0,5,0,0,0,0,0,0,0,0,0,0,29,73,40,34,31,14,15,20,4,257
11101120820,core,0,0,0,0,4,0,0,0,0,7,3,4,8,3,6,6,0,0,0,22,7,18,12,10,12,7,0,0,0,67,3,21,3,9,8,0,3,3,0,45,3,7,6,7,11,0,0,5,0,32,4,8,6,0,3,0,0,3,0,27,0,0,0,0,0,0,0,0,0,5,0,0,0,0,0,0,0,0,0,0,0,0,0,0,0,0,0,0,0,0,24,63,30,21,30,14,3,9,0,200
11101120821,core,0,0,0,0,0,0,0,0,0,9,0,8,8,5,0,0,0,0,0,19,6,20,14,10,0,0,3,0,0,55,3,21,4,4,7,0,4,5,0,51,4,18,10,9,7,8,0,3,0,52,6,9,4,0,0,0,0,3,0,24,0,5,0,0,0,4,0,0,0,10,0,0,0,0,0,0,4,0,0,4,0,0,0,0,0,0,0,0,0,0,20,64,37,28,23,16,11,14,0,220
11101120822,core,0,0,0,0,4,7,0,5,0,22,4,0,4,7,0,5,5,0,0,19,3,22,8,5,6,0,0,0,0,47,11,24,15,5,10,3,3,0,0,72,7,12,6,7,7,5,3,10,0,53,0,6,6,0,4,0,5,4,0,26,0,0,0,0,0,0,0,0,0,3,0,0,0,0,0,0,0,0,0,0,0,0,0,0,0,0,0,0,0,0,24,71,35,30,29,18,10,18,0,238
11101120823,core,0,0,0,0,0,0,0,0,0,0,0,0,0,0,0,0,0,0,0,0,0,0,0,0,0,0,0,0,0,0,0,0,0,0,0,0,0,0,0,0,0,0,0,0,0,0,0,0,0,0,0,0,0,0,0,0,0,0,0,0,0,0,0,0,0,0,0,0,0,0,0,0,0,0,0,0,0,0,0,0,0,0,0,0,0,0,0,0,0,0,0,0,0,0,0,0,0,0,0,0
11101120824,core,0,0,0,0,0,0,0,0,0,4,0,0,0,0,0,0,0,0,0,3,0,3,0,3,4,0,0,3,0,17,3,9,3,5,3,0,0,4,0,27,0,3,4,0,0,0,5,0,0,8,3,0,0,4,0,3,0,3,0,16,0,0,0,0,0,0,0,0,0,3,0,0,0,0,0,0,0,0,0,0,0,0,0,0,0,0,0,0,0,0,7,20,5,18,5,3,6,13,0,84
11101120825,core,0,0,0,0,0,8,0,0,0,12,0,6,6,10,4,0,0,6,0,21,4,7,15,5,5,0,0,5,0,48,0,4,7,4,3,4,5,3,0,24,4,11,0,6,5,3,0,6,0,35,4,3,7,0,0,0,6,10,0,24,0,0,0,0,0,0,0,0,0,8,0,0,0,0,0,0,0,0,0,0,0,0,0,0,0,0,0,0,0,0,17,28,38,28,16,11,10,28,3,176
11101120826,core,0,0,3,3,0,12,3,10,0,32,0,0,3,3,0,0,5,0,0,20,5,26,8,3,9,0,0,0,0,50,10,33,7,3,11,0,0,0,0,82,16,24,4,7,21,7,6,4,0,86,3,0,7,6,6,3,0,0,0,38,0,3,0,0,4,0,3,0,0,9,0,0,0,0,0,0,0,0,0,0,0,0,0,0,0,0,0,0,0,0,35,98,35,38,54,27,19,19,0,322
11101120827,core,0,0,4,5,0,3,0,0,0,16,0,3,5,8,0,4,0,0,0,16,7,26,5,0,9,0,0,4,0,59,12,31,15,5,6,0,3,3,0,80,9,31,4,3,9,0,0,0,0,57,9,20,7,3,6,0,3,0,0,47,0,0,0,0,0,0,0,0,0,8,0,0,0,0,0,0,0,0,0,0,0,0,0,0,0,0,0,0,0,0,36,111,44,28,26,11,12,11,0,283
11101120828,core,0,0,0,4,0,4,0,3,0,11,0,6,0,3,0,3,0,0,0,18,4,19,13,3,10,0,5,5,0,50,6,23,10,6,5,0,0,5,0,56,6,10,5,14,7,5,4,3,0,52,9,10,6,3,5,0,5,0,0,35,0,5,0,0,0,0,0,0,0,5,0,0,0,0,0,0,0,0,0,0,0,0,0,0,0,0,0,0,0,0,28,68,37,33,30,13,14,12,0,237
11101120829,core,0,0,3,0,0,0,0,0,0,7,0,0,6,4,0,8,0,4,0,16,3,9,0,3,5,0,0,0,0,27,4,22,11,3,9,3,0,0,0,50,4,14,8,3,6,0,0,4,0,32,0,6,0,0,6,0,3,0,0,15,3,0,0,0,0,0,0,0,0,7,0,0,0,0,0,0,0,0,0,0,0,0,0,0,0,0,0,0,0,0,11,47,23,18,27,14,9,16,0,157
11101120830,core,0,0,0,0,0,5,0,0,0,9,0,0,0,4,0,0,0,3,0,12,5,4,5,4,4,5,0,3,0,31,8,18,4,5,3,0,0,3,0,37,11,12,4,0,10,0,0,3,0,33,8,3,0,0,9,0,3,4,0,27,0,0,0,0,0,0,0,0,0,0,0,0,0,0,0,0,0,0,0,6,0,0,0,0,0,0,0,0,0,0,22,38,20,16,27,12,6,16,3,161
11101120831,core,0,0,0,3,0,4,0,5,0,7,0,3,3,0,0,6,3,0,0,16,4,0,3,0,0,4,0,0,0,14,5,22,14,5,3,0,4,0,0,58,4,18,9,3,8,0,4,3,0,47,4,5,4,0,0,5,0,0,0,15,0,0,0,3,0,0,0,0,0,4,0,0,0,0,0,0,0,0,0,0,0,0,0,0,0,0,0,0,0,0,15,52,33,22,15,14,13,12,0,170
11101120832,core,0,0,0,4,0,4,0,5,0,11,0,4,4,10,5,3,0,0,0,24,0,8,0,0,0,0,0,0,0,9,3,7,4,0,9,0,0,0,0,27,8,12,5,9,0,4,0,0,0,33,6,11,6,0,9,0,0,0,0,38,0,0,0,4,0,0,0,0,0,12,0,0,0,0,0,0,0,0,0,0,0,0,0,0,0,0,0,0,0,0,24,35,22,25,20,9,3,3,0,151
11101120833,core,0,3,4,0,0,4,0,3,0,17,0,0,0,0,0,0,0,0,0,3,5,11,3,4,5,0,4,3,0,34,6,12,0,4,6,0,3,0,0,32,4,8,0,3,7,0,0,0,4,26,5,6,5,3,7,0,0,4,0,34,0,0,5,0,0,0,0,0,0,3,0,0,0,0,0,0,0,0,0,0,0,0,0,0,0,0,0,0,0,0,16,36,19,22,20,9,10,7,8,149
11101120834,core,0,0,3,0,0,5,0,4,0,11,0,0,5,3,0,3,0,0,0,17,0,8,3,6,0,0,3,4,0,17,8,15,7,0,5,0,0,0,0,38,9,12,7,3,9,4,3,0,0,46,3,3,4,4,6,3,0,0,0,22,0,0,0,0,0,0,0,0,0,4,0,0,0,0,0,0,0,0,0,0,0,0,0,0,0,0,0,0,0,0,21,39,29,21,21,18,5,12,0,161
11101120835,core,0,0,0,0,0,5,0,3,0,17,0,0,6,3,0,0,0,0,0,12,6,5,5,0,8,0,0,0,0,30,6,18,5,7,4,4,4,0,0,52,3,4,5,0,3,0,0,8,0,30,0,5,12,10,4,0,0,0,0,27,0,0,0,0,0,0,0,0,0,3,0,0,0,0,0,0,0,0,0,0,0,0,0,0,0,0,0,0,0,0,11,36,30,21,28,12,8,13,0,163
11101120836,core,0,0,4,3,0,3,0,5,0,11,0,0,3,5,3,4,4,0,0,21,0,7,14,20,6,3,7,4,0,63,3,3,6,8,3,0,3,8,0,40,4,0,0,3,0,4,7,0,0,19,0,0,0,4,3,0,4,17,0,31,0,0,0,0,0,0,0,3,0,4,0,0,0,0,0,0,0,0,0,0,0,0,0,0,0,0,0,0,0,0,13,21,32,38,18,17,14,37,0,184
11101120837,core,0,0,0,0,0,4,0,3,0,15,0,4,7,4,0,0,0,4,0,22,0,6,5,7,3,4,4,7,0,34,0,3,6,0,5,0,0,3,0,22,0,0,0,9,4,0,6,8,0,33,0,4,5,3,0,0,4,4,0,21,0,0,0,0,0,0,0,0,0,3,0,0,0,0,0,0,0,0,0,0,0,0,0,0,0,0,0,0,0,0,4,16,25,26,13,8,14,30,0,143
11101120838,core,0,0,0,0,0,5,0,0,0,11,0,0,4,4,0,0,0,0,0,11,5,9,9,3,3,0,0,6,0,33,0,4,0,4,3,0,0,0,0,21,3,0,3,3,7,0,5,3,0,32,6,6,3,4,5,0,0,3,0,22,0,3,0,0,0,0,0,0,0,0,0,0,0,0,0,0,0,0,0,0,0,0,0,0,0,0,0,0,0,0,12,26,20,20,20,8,3,15,0,120
11101120839,core,0,0,0,0,0,5,0,4,0,11,0,3,3,0,5,0,0,0,0,13,6,25,8,3,5,4,3,0,0,56,9,8,8,3,5,7,0,3,0,40,5,4,4,6,10,0,3,0,0,45,7,4,7,3,3,3,0,0,0,25,0,0,0,0,0,0,0,0,0,0,0,0,0,0,0,0,0,0,0,0,0,0,0,0,0,0,0,0,0,0,20,47,33,20,33,17,6,15,0,192
11101120840,core,0,0,0,4,0,0,0,4,0,16,0,0,4,3,0,7,0,0,0,15,0,16,16,4,5,0,0,7,0,52,3,16,4,11,8,5,0,5,0,52,10,15,4,3,9,3,5,0,0,49,3,8,8,3,6,0,4,0,0,38,0,0,0,0,0,0,0,0,0,3,0,0,0,0,0,0,0,0,0,0,0,0,0,0,0,0,0,0,0,0,22,60,34,32,28,13,8,19,0,224
11101120841,core,0,0,0,0,0,6,0,0,0,11,0,7,0,12,0,0,0,3,0,29,0,15,9,3,3,5,0,3,3,47,5,15,10,11,4,0,4,3,0,49,11,6,15,4,7,4,3,4,0,46,0,8,6,0,5,0,0,4,0,19,0,3,3,0,0,0,0,5,0,15,0,0,0,0,0,0,0,3,0,5,0,0,0,0,0,0,0,0,0,0,21,56,41,29,22,17,17,19,4,219
11101120842,core,0,0,0,0,0,0,0,0,0,4,0,0,9,0,0,0,0,0,0,13,0,16,15,10,3,8,4,3,0,56,3,12,5,0,5,0,3,6,0,36,4,12,3,0,5,0,0,0,0,31,0,3,0,3,10,0,0,3,0,25,0,0,0,0,0,0,0,0,0,0,0,0,0,0,0,0,0,0,0,0,0,0,0,0,0,0,0,0,0,0,17,42,37,15,23,12,6,17,0,164
11101120844,core,0,0,0,0,0,0,0,0,0,0,0,0,5,0,0,5,0,0,0,6,3,20,9,3,6,0,0,3,0,41,4,14,3,4,0,0,0,3,0,24,0,7,4,0,6,0,4,3,0,27,0,5,5,0,7,0,3,0,0,18,0,0,0,0,6,0,0,0,0,9,0,0,0,0,0,0,0,0,0,0,0,0,0,0,0,0,0,0,0,0,10,36,15,10,26,6,9,12,0,121
11101120845,core,0,0,0,4,0,3,0,0,0,9,0,0,0,0,0,0,0,0,0,3,3,11,0,8,0,0,0,5,0,32,3,17,5,0,8,0,3,0,5,40,0,12,3,3,6,0,0,0,0,34,8,12,6,0,16,4,0,5,0,49,0,0,0,0,0,0,0,0,0,8,0,0,0,0,0,0,0,0,0,0,0,0,0,0,0,0,0,0,0,0,16,54,28,17,24,12,3,5,5,169
11101120846,core,0,0,3,7,0,13,0,0,0,27,0,0,0,3,0,0,0,0,0,16,0,14,5,0,8,0,0,0,0,30,7,25,9,0,18,4,0,0,0,58,16,23,3,9,19,0,4,5,0,71,9,9,0,3,10,0,3,0,0,33,0,0,0,0,0,0,0,0,0,11,0,0,0,0,0,0,0,0,0,0,0,0,0,0,0,0,0,0,0,0,40,74,21,24,54,16,10,9,0,249
11101120847,core,0,0,4,4,0,3,0,5,0,13,0,0,3,4,0,0,0,0,0,6,3,17,9,6,7,4,0,0,0,41,4,5,5,7,15,0,0,0,0,37,5,9,0,3,6,0,0,0,0,30,0,0,0,4,3,0,4,0,3,20,0,0,0,0,0,0,0,0,0,4,0,0,0,0,0,0,0,0,0,0,0,0,0,0,0,0,0,0,0,0,13,36,29,28,24,11,9,8,3,157
11101120848,core,0,0,0,0,0,0,0,3,0,8,0,0,0,0,0,3,3,0,0,8,5,9,8,3,8,0,4,4,3,45,0,14,3,0,7,0,3,0,0,33,3,3,5,4,7,0,0,0,0,31,6,6,0,7,7,0,3,3,0,23,0,0,0,0,0,0,0,0,0,5,3,0,0,0,0,0,0,0,0,3,0,0,0,0,0,0,0,0,0,0,24,38,25,12,25,6,13,9,3,159
11101120849,core,0,0,0,6,0,8,0,6,0,14,0,3,0,3,0,0,0,3,0,21,4,23,5,8,3,6,0,0,0,46,4,21,7,8,6,9,3,0,0,60,8,12,3,3,8,4,3,0,0,51,0,8,6,0,0,0,0,0,0,16,0,0,0,0,0,0,0,0,0,6,0,0,0,0,0,0,0,0,0,0,0,0,0,0,0,0,0,0,0,0,21,75,24,30,19,22,8,11,4,215
11101120850,core,0,0,0,3,0,5,0,4,0,12,0,4,3,3,0,3,0,0,0,13,5,14,4,0,0,0,3,0,0,23,11,22,5,3,0,0,0,4,0,49,9,3,0,3,9,3,0,0,0,24,0,6,0,0,0,5,6,0,0,25,0,0,0,0,0,0,0,0,0,3,0,0,0,0,0,0,0,0,0,0,0,0,0,0,0,0,0,0,0,0,23,46,19,13,16,15,6,5,0,145
11101120851,core,0,0,3,0,0,0,0,0,0,4,0,3,0,4,0,0,0,0,0,14,6,3,5,3,4,4,0,0,0,27,4,8,5,0,8,0,4,5,0,38,3,0,5,0,0,0,0,0,0,16,3,4,0,0,3,0,0,3,0,27,0,0,0,0,0,0,0,0,0,0,0,0,0,0,0,0,0,0,0,0,0,0,0,0,0,0,0,0,0,0,10,19,18,18,17,12,4,14,7,120
11101120852,core,0,0,0,0,0,5,0,3,0,11,0,0,0,5,0,4,0,5,0,23,3,21,10,8,6,5,0,5,5,57,4,11,5,3,3,3,0,7,0,41,3,10,6,0,12,0,0,4,0,36,4,5,0,0,0,0,0,0,0,14,0,0,0,3,0,0,0,0,0,7,0,0,0,0,0,0,0,0,0,3,0,0,0,0,0,0,0,0,0,0,24,46,26,22,24,19,0,23,5,181
11101120853,core,0,0,0,0,0,10,0,5,0,13,0,0,5,4,0,0,0,3,0,16,3,6,0,0,0,0,0,0,0,10,7,19,6,0,6,0,0,0,0,38,4,22,5,4,4,0,5,0,0,41,3,23,0,0,3,0,0,0,0,30,5,9,0,0,3,0,0,0,0,17,0,0,0,0,0,0,0,0,0,3,0,0,0,0,0,0,0,0,0,0,25,76,15,11,18,16,4,15,0,171
11101120854,core,0,0,0,0,0,0,0,0,0,3,0,0,5,6,0,0,0,0,0,5,4,13,8,3,3,3,0,0,0,37,3,17,8,0,0,0,0,0,0,28,0,10,3,5,0,0,0,0,0,24,3,11,0,0,8,0,0,3,0,27,0,0,0,0,0,0,0,0,0,4,0,0,0,0,0,0,0,0,0,0,0,0,0,0,0,0,0,0,0,0,20,48,18,14,19,5,4,6,0,132
11101120855,core,0,0,0,0,3,10,0,4,0,24,4,3,8,8,5,9,0,7,0,35,6,18,24,16,14,7,0,3,5,86,15,32,17,10,9,3,0,3,0,90,13,27,10,4,18,0,0,4,0,85,9,12,7,4,6,0,0,4,0,41,0,3,0,3,0,3,0,3,0,14,0,0,0,0,0,0,0,0,0,0,0,0,0,0,0,0,0,0,0,0,39,92,61,43,57,33,9,30,5,367
11101120856,core,0,0,0,0,0,4,0,3,0,17,0,3,3,0,0,0,0,5,0,11,0,9,3,4,4,0,0,0,0,18,3,21,4,6,7,0,4,4,0,44,4,14,4,3,6,0,4,0,0,41,4,12,0,0,6,0,0,0,0,27,3,9,4,0,0,0,0,0,0,11,0,0,0,0,0,0,0,0,0,3,0,0,0,0,0,0,0,0,0,0,18,58,22,18,23,11,5,10,0,165
11101120857,core,0,0,0,0,0,0,0,4,0,10,0,0,4,4,0,5,0,6,0,20,6,11,8,0,6,0,0,0,0,20,4,14,4,0,7,0,0,0,0,31,5,19,4,0,15,0,0,0,0,44,3,9,0,6,5,0,0,0,3,26,3,11,0,0,0,0,0,0,0,10,0,0,0,0,0,0,0,0,0,0,0,0,0,0,0,0,0,0,0,0,28,56,14,15,24,11,4,11,4,157
11101120858,core,0,0,0,0,0,0,0,4,0,10,0,8,3,11,4,9,0,3,0,34,4,13,10,9,11,7,4,7,0,66,8,9,4,6,4,4,3,4,0,36,10,5,7,4,4,0,0,4,0,32,4,5,6,3,12,0,0,3,0,32,0,5,0,0,5,0,0,0,0,8,0,4,0,0,0,0,0,0,0,4,0,0,0,0,0,0,0,0,0,0,26,47,34,35,30,25,3,27,6,224
11101120859,core,0,0,4,4,0,5,0,3,0,11,0,3,0,9,3,4,0,0,0,20,11,25,15,16,8,4,0,4,4,82,12,25,8,10,8,0,0,7,0,73,8,14,3,4,12,7,4,0,5,45,4,4,4,4,4,3,3,0,0,24,0,0,0,0,0,0,0,0,0,8,0,0,0,0,0,0,0,0,0,0,0,0,0,0,0,0,0,0,0,0,28,70,38,40,32,31,4,22,10,268
11101120860,core,0,0,3,0,0,0,0,3,3,11,0,5,4,0,3,3,0,3,0,29,8,15,23,12,10,10,8,10,0,94,0,7,10,8,6,0,3,3,0,47,0,4,3,7,6,4,9,5,0,40,3,0,6,4,7,5,6,10,3,41,0,0,3,0,3,0,0,4,0,9,0,0,0,0,0,0,0,0,0,0,0,0,0,0,0,0,0,0,0,0,15,35,52,35,39,20,27,35,5,264
11101120861,core,0,0,0,0,0,3,0,0,0,7,0,0,5,0,0,0,0,4,0,14,3,10,14,10,5,3,4,7,0,57,0,4,6,0,4,0,0,4,0,19,0,0,9,3,7,3,3,6,0,36,0,0,0,0,6,4,4,6,0,24,0,0,0,0,0,0,0,0,0,0,0,0,0,0,0,0,0,0,0,0,0,0,0,0,0,0,0,0,0,0,9,14,31,21,23,17,12,25,4,166
11101120862,core,0,0,0,0,0,9,0,0,0,9,0,4,0,4,0,0,0,0,0,11,5,11,4,6,7,3,12,6,0,52,3,3,8,7,4,0,0,7,0,33,4,0,3,5,0,4,10,8,0,31,0,4,0,0,5,0,0,4,0,15,0,0,0,0,0,0,0,0,0,0,0,0,0,0,0,0,0,0,0,0,0,0,0,0,0,0,0,0,0,0,11,21,20,25,15,23,20,32,3,164
11101120863,core,0,0,6,3,4,0,0,0,0,13,0,4,3,9,0,0,0,0,0,17,8,18,10,6,8,14,0,9,0,63,11,16,3,0,6,7,4,5,5,54,0,5,3,4,8,0,0,8,0,34,0,5,0,0,8,0,0,3,0,32,0,5,0,0,4,4,0,0,0,11,0,0,0,0,0,0,0,0,0,0,0,0,0,0,0,0,0,0,0,0,24,51,35,30,30,26,7,24,4,224
11101120864,core,0,4,3,4,0,8,3,0,0,16,8,0,6,0,0,3,0,0,0,22,0,8,9,5,13,0,0,0,0,36,3,20,6,3,13,0,6,0,0,46,11,12,8,5,9,9,13,3,0,66,3,13,5,0,4,0,0,5,0,34,0,0,0,4,0,0,0,0,0,7,0,0,0,0,0,0,0,0,0,0,0,0,0,0,0,0,0,0,0,0,19,59,34,23,42,23,17,11,0,229
11101120865,core,0,0,0,0,0,0,0,0,0,0,0,0,0,0,0,0,0,0,0,0,0,0,0,0,0,0,0,0,0,0,0,0,0,3,0,0,0,0,0,4,0,0,0,0,0,0,0,0,0,4,0,0,0,0,0,0,0,0,0,0,0,0,0,0,0,0,0,0,0,0,0,0,0,0,0,0,0,0,0,0,0,0,0,0,0,0,0,0,0,0,0,0,4,3,0,0,0,0,0,12
11101120866,core,0,0,0,7,0,6,0,0,0,7,0,0,5,3,0,0,0,0,0,10,6,10,3,6,0,0,5,0,0,31,3,15,0,7,9,0,0,0,0,32,4,0,4,0,4,0,0,0,0,19,3,8,0,0,0,0,0,0,0,14,0,0,0,0,0,0,0,0,0,3,0,0,0,0,0,0,0,0,0,0,0,0,0,0,0,0,0,0,0,0,22,35,14,22,12,9,5,3,0,120
11101120867,core,0,0,0,0,0,6,0,0,0,9,0,7,0,3,0,0,0,0,0,9,3,12,13,6,4,4,0,6,0,48,0,8,5,7,3,0,0,0,0,27,3,3,3,3,4,0,0,0,0,21,0,3,0,0,3,4,0,0,0,14,0,0,0,0,0,0,0,0,0,5,0,0,0,0,0,0,0,0,0,0,0,0,0,0,0,0,0,0,0,0,11,32,27,20,14,17,3,9,5,138
11101120868,core,0,0,0,6,0,0,0,0,0,3,0,4,6,3,5,0,0,0,0,20,10,22,3,3,10,5,3,3,0,65,5,13,0,0,6,0,0,5,0,30,3,3,0,0,0,0,0,0,0,12,0,4,0,5,0,0,0,0,0,17,0,0,0,0,0,0,0,0,0,8,0,0,0,0,0,0,0,0,0,0,0,0,0,0,0,0,0,0,0,0,20,57,12,17,18,13,8,7,3,154
11101120869,core,0,0,0,0,0,5,0,0,0,4,0,0,4,0,0,0,0,0,0,12,0,5,7,0,0,3,0,5,0,27,3,4,9,0,3,0,0,0,0,21,5,9,4,9,3,0,3,0,0,32,4,9,7,0,5,0,0,4,0,23,0,0,0,0,0,0,0,0,0,4,0,0,0,0,0,0,0,0,0,6,0,0,0,0,0,0,0,0,0,0,14,31,24,12,20,13,9,8,6,129
11101120870,core,0,0,0,8,4,4,0,3,0,16,0,4,4,4,0,4,4,0,0,23,7,24,9,14,6,0,0,5,3,67,9,21,6,0,10,0,0,0,0,52,12,9,0,6,5,0,0,0,0,35,0,4,6,0,4,0,0,0,0,15,0,0,0,0,0,0,0,0,0,0,0,0,0,0,0,0,0,0,0,0,0,0,0,0,0,0,0,0,0,0,30,74,21,34,27,12,6,8,3,218
11101120871,core,0,0,0,0,0,0,0,0,0,0,0,0,0,0,0,0,0,0,0,0,0,0,0,0,0,0,0,0,0,0,0,0,0,0,0,0,0,0,0,0,0,0,0,0,0,0,0,0,0,0,0,0,0,0,0,0,0,0,0,0,0,0,0,0,0,0,0,0,0,0,0,0,0,0,0,0,0,0,0,0,0,0,0,0,0,0,0,0,0,0,0,0,0,0,0,0,0,0,0,0
11101120901,core,0,0,0,0,0,4,0,0,0,8,0,8,8,4,6,0,3,0,0,20,6,10,14,6,7,3,6,0,0,52,9,15,7,7,14,0,0,0,0,61,3,6,8,9,5,3,4,5,0,41,0,0,3,3,9,0,0,0,0,26,0,0,0,0,0,0,0,0,0,6,0,0,0,0,0,0,0,0,0,0,0,0,0,0,0,0,0,0,0,0,25,35,38,22,40,18,16,9,4,211
11101120902,core,0,0,0,0,0,0,0,0,0,0,0,0,0,0,0,0,0,0,0,0,0,0,0,0,0,0,0,0,0,0,0,0,0,0,0,0,0,0,0,0,0,0,0,0,0,0,0,0,0,0,0,0,0,0,0,0,0,0,0,0,0,0,0,0,0,0,0,0,0,0,0,0,0,0,0,0,0,0,0,0,0,0,0,0,0,0,0,0,0,0,0,0,0,0,0,0,0,0,0,6
11101120903,core,0,0,0,4,0,0,0,0,0,6,0,0,0,7,0,0,0,0,0,20,6,4,11,6,7,0,0,4,0,39,0,4,3,0,8,0,9,0,0,22,6,3,7,4,7,0,3,0,0,39,4,0,3,6,5,0,4,5,0,30,0,0,0,0,0,0,0,0,0,0,0,0,0,0,0,0,0,0,0,0,0,0,0,0,0,0,0,0,0,0,23,18,27,27,27,12,13,10,0,161
11101120904,core,0,0,3,3,0,5,0,0,0,8,5,0,0,4,3,4,0,3,0,17,3,12,11,3,3,0,0,3,0,44,0,8,3,8,5,4,7,5,0,36,5,5,4,0,14,3,3,4,0,43,0,0,7,0,5,0,0,0,0,22,0,0,0,0,0,0,0,0,0,3,0,0,0,0,0,0,0,0,0,0,0,0,0,0,0,0,0,0,0,0,11,30,30,20,24,16,8,15,0,165
11101120905,core,0,0,4,0,0,0,0,0,0,8,0,0,4,0,0,5,6,3,0,23,8,4,12,7,0,7,6,6,0,48,0,4,6,4,9,4,7,9,0,38,4,8,4,6,4,9,3,3,0,35,0,4,6,0,0,0,3,9,0,26,0,3,0,0,0,0,0,0,0,9,0,0,0,0,0,0,0,0,0,0,0,0,0,0,0,0,0,0,0,0,13,26,34,21,17,28,19,32,0,194
11101120906,core,0,0,3,0,0,4,0,4,0,14,0,0,0,3,3,0,0,0,0,17,4,11,5,3,5,11,0,0,0,44,4,4,12,9,5,4,5,12,0,63,0,3,11,5,3,6,0,0,0,23,3,7,0,4,3,0,4,0,0,28,0,0,0,0,0,0,0,4,0,6,0,0,0,0,0,0,0,0,0,0,0,0,0,0,0,0,0,0,0,0,15,26,37,32,21,22,21,21,5,197
11101120907,core,0,0,0,0,0,9,0,0,0,8,0,0,6,3,0,0,0,3,0,20,5,5,10,8,16,8,10,4,0,61,4,0,3,13,3,0,8,0,0,37,0,0,5,3,3,0,0,10,0,32,3,0,9,0,4,0,3,8,0,28,0,0,0,0,0,0,0,0,0,6,0,0,0,0,0,0,0,0,0,0,0,0,0,0,0,0,0,0,0,0,16,15,36,24,31,20,24,24,5,193
11101120908,core,0,0,0,0,0,3,0,3,0,5,0,3,0,0,0,0,0,0,0,7,0,3,11,3,0,3,5,8,0,34,0,4,3,3,0,0,3,3,0,21,0,0,4,0,7,0,5,8,0,24,0,8,0,5,0,3,3,3,0,19,0,0,0,0,0,0,0,0,0,5,0,0,0,0,0,0,0,0,0,0,0,0,0,0,0,0,0,0,0,0,5,22,21,16,11,14,10,25,0,117
11101120909,core,0,0,3,4,3,0,0,4,0,11,0,3,4,8,0,10,0,0,0,21,9,16,12,4,11,0,0,3,0,51,0,7,8,7,3,6,3,4,0,45,4,0,6,4,4,6,4,7,0,30,0,6,3,9,0,6,3,10,0,26,0,0,0,0,0,0,0,0,0,3,0,0,0,0,0,0,0,0,0,0,0,0,0,0,0,0,0,0,0,0,17,28,31,29,19,24,15,28,0,186
11101120910,core,0,0,0,0,0,0,0,0,0,4,0,0,5,4,5,6,0,0,0,19,9,8,8,7,4,3,3,4,0,41,4,8,4,5,3,0,0,4,0,33,5,7,0,6,0,0,9,0,0,21,5,3,3,0,6,0,0,0,0,19,0,0,0,0,0,0,0,0,0,4,0,0,0,0,0,0,0,0,0,0,0,0,0,0,0,0,0,0,0,0,9,30,19,26,20,13,15,13,0,144
11101120911,core,0,0,0,0,0,5,0,4,0,13,0,7,4,4,0,0,0,3,0,20,0,11,7,5,4,4,6,0,0,39,5,0,10,5,4,0,5,3,0,32,8,3,0,7,6,4,0,5,4,42,0,4,0,0,8,0,0,0,0,15,0,0,0,0,0,0,0,0,0,11,0,0,0,0,0,0,0,0,0,0,0,0,0,0,0,0,0,0,0,0,15,26,23,28,23,13,14,20,4,170
11101120912,core,0,0,0,0,0,4,0,3,0,8,0,0,3,0,0,0,0,0,0,4,11,14,15,9,7,5,0,0,0,57,3,9,0,4,8,3,6,0,0,30,6,4,0,4,10,5,3,7,0,31,0,0,4,0,7,3,0,0,0,15,0,0,0,0,0,0,4,0,0,5,0,0,0,0,0,0,0,0,0,0,0,0,0,0,0,0,0,0,0,0,15,24,20,22,28,17,16,14,0,158
11101120913,core,0,0,7,4,0,8,0,4,0,25,0,0,6,0,0,3,0,0,0,16,5,29,20,9,9,0,5,0,0,85,16,18,14,12,12,5,3,8,0,84,4,8,9,4,5,0,3,4,0,42,0,8,3,6,9,0,7,0,0,28,0,0,0,0,0,0,0,0,0,5,0,0,0,0,0,0,0,0,0,0,0,0,0,0,0,0,0,0,0,0,31,61,52,36,42,27,17,20,3,280
11101120914,core,0,0,0,8,0,4,0,0,0,12,3,0,10,9,3,5,3,3,0,37,6,9,17,9,6,5,0,3,0,60,8,24,8,6,3,4,6,6,0,58,4,13,12,3,12,0,4,0,0,50,0,5,4,9,3,3,0,5,0,31,5,0,3,0,0,0,0,0,0,15,0,0,0,0,0,0,0,0,0,0,0,0,0,0,0,0,0,0,0,0,28,55,47,38,34,21,18,18,5,263
11101120915,core,0,0,0,3,0,13,0,12,0,27,0,4,7,4,8,0,4,3,0,27,3,6,12,3,11,0,3,8,0,50,10,28,10,4,12,3,3,3,0,82,14,23,9,5,19,8,9,0,0,90,10,0,7,8,14,3,4,4,0,58,3,5,0,0,3,0,0,0,0,13,0,0,0,0,0,0,0,0,0,0,0,0,0,0,0,0,0,0,0,0,49,73,46,32,60,32,27,28,0,348
11101120916,core,0,0,0,0,0,0,0,0,0,6,0,4,7,4,8,5,0,0,0,26,4,10,6,7,4,5,6,0,0,47,4,13,3,3,7,0,3,0,0,38,3,12,6,4,6,0,5,8,0,51,3,3,0,3,6,0,3,4,0,24,0,0,0,0,0,0,0,0,0,4,0,0,0,0,0,0,0,0,0,0,0,0,0,0,0,0,0,0,0,0,18,47,32,28,32,11,16,18,0,197
11101120917,core,0,0,0,5,0,6,0,0,0,16,5,0,3,3,6,5,4,4,0,24,11,21,14,10,5,0,4,0,0,60,12,21,8,11,6,0,0,0,0,58,13,16,9,5,9,3,0,0,0,60,7,14,3,10,15,3,7,0,0,56,0,0,0,0,3,0,0,0,0,5,0,0,0,0,0,0,0,0,0,0,0,0,0,0,0,0,0,0,0,0,44,77,36,37,39,26,16,10,0,281
11101120918,core,0,0,4,0,0,8,0,5,0,21,0,9,3,3,5,0,0,0,0,19,3,22,3,7,4,0,0,0,0,49,11,28,12,12,6,7,0,0,0,73,5,21,9,10,8,0,5,5,0,65,0,7,5,3,9,0,3,0,0,38,5,6,0,0,0,0,0,0,0,9,3,0,0,0,0,0,0,0,0,4,0,0,0,0,0,0,0,0,0,0,26,88,41,41,32,18,11,10,7,272
11101120919,core,0,0,0,3,0,4,0,0,0,16,0,4,0,8,3,8,0,0,0,23,3,6,0,3,3,0,0,5,0,28,7,14,9,0,8,0,0,0,0,48,5,10,4,3,4,0,0,3,0,37,9,16,3,10,11,0,4,3,0,48,0,4,3,0,0,0,0,0,0,10,0,0,0,0,0,0,0,0,0,0,0,0,0,0,0,0,0,0,0,0,22,58,23,31,31,20,10,13,0,208
11101120920,core,0,0,0,7,0,15,0,9,0,33,0,6,5,6,3,0,0,5,0,37,6,11,0,8,0,0,0,6,0,39,15,18,13,5,0,0,3,0,0,57,11,42,9,0,15,0,0,3,0,89,10,12,0,3,14,0,0,6,0,48,0,12,0,0,0,0,0,0,0,16,0,0,0,0,0,0,0,0,0,0,0,0,0,0,0,0,0,0,0,0,45,107,32,34,42,28,5,19,0,312
11101120921,core,0,0,0,3,0,12,0,5,0,17,0,3,4,3,0,0,0,4,0,23,9,22,13,9,9,6,0,7,0,70,0,16,7,7,14,5,6,0,0,62,10,8,5,0,20,3,3,4,0,57,4,4,11,12,3,0,5,0,0,44,0,0,0,0,0,0,3,0,0,4,0,0,0,0,0,0,0,0,0,4,0,0,0,0,0,0,0,0,0,0,21,54,45,37,46,21,21,19,3,275
11101120922,core,0,0,0,0,0,5,0,0,0,13,3,4,9,14,0,3,3,3,0,49,5,23,14,7,7,6,0,0,0,70,3,13,9,14,7,0,0,7,0,51,5,3,3,3,14,0,4,9,0,46,0,0,3,11,10,0,6,3,0,30,0,0,3,0,4,0,0,0,0,9,0,0,0,0,0,0,0,0,0,0,0,0,0,0,0,0,0,0,0,0,22,50,42,44,46,28,20,29,0,279
11101120923,core,0,0,0,3,0,8,0,3,0,14,0,0,0,3,3,3,0,0,0,17,4,14,16,8,3,9,6,5,0,61,10,17,12,10,9,3,8,3,0,64,6,10,0,8,9,0,0,0,0,38,0,7,4,5,3,0,0,4,0,20,0,4,0,0,0,0,0,0,0,10,0,0,0,0,0,0,0,0,0,0,0,0,0,0,0,0,0,0,0,0,23,45,32,31,29,18,16,19,6,221
11101120924,core,0,0,0,0,0,0,0,6,0,7,0,5,6,4,0,0,0,4,0,20,11,19,12,3,9,7,0,0,0,66,6,19,14,9,11,0,5,5,0,60,3,3,13,4,6,0,9,3,0,48,5,9,3,3,3,0,0,0,0,28,0,0,0,0,0,0,0,0,0,7,0,0,0,0,0,0,0,0,0,0,0,0,0,0,0,0,0,0,0,0,23,54,48,27,29,11,8,22,3,233
11101120925,core,0,0,5,4,0,6,0,0,0,14,0,0,10,14,4,10,0,4,0,39,9,21,18,10,8,10,3,14,0,92,10,14,12,12,11,7,10,9,0,75,5,9,5,4,12,6,7,6,0,49,3,3,0,4,8,0,3,7,0,32,0,0,0,3,0,0,0,3,0,7,0,0,0,0,0,0,0,0,0,0,0,0,0,0,0,0,0,0,0,0,24,51,48,53,40,29,16,40,4,303
11101120926,core,0,0,0,4,0,0,0,0,0,14,0,0,0,3,4,0,0,6,0,20,4,13,16,9,6,0,3,3,0,51,4,10,4,11,5,9,4,4,0,50,6,10,7,0,6,3,0,6,0,48,0,4,0,3,0,4,0,7,0,21,0,0,0,0,0,0,0,0,0,6,0,0,0,0,0,0,0,0,0,0,0,0,0,0,0,0,0,0,0,0,14,43,38,42,27,20,8,25,3,213
11101120927,core,0,0,0,4,0,4,0,6,0,7,0,7,0,5,0,0,0,0,0,20,7,17,6,6,4,4,3,6,0,50,12,14,9,0,8,0,4,3,0,56,8,9,3,8,10,8,5,0,0,47,3,3,9,7,5,3,8,0,0,49,0,0,0,0,0,0,0,0,0,6,0,0,0,0,0,0,0,0,0,0,0,0,0,0,0,0,0,0,0,0,26,54,32,35,27,21,24,16,0,234
11101120928,core,0,0,0,8,0,6,0,0,0,19,0,0,6,9,0,9,0,0,0,33,13,12,4,10,11,3,3,0,0,60,5,16,13,14,9,3,0,4,4,66,6,12,6,20,6,5,0,11,0,60,10,4,10,6,7,7,3,3,0,52,0,3,0,0,0,0,4,0,0,10,0,0,0,0,0,0,0,0,0,0,0,0,0,0,0,0,0,0,0,0,32,49,40,63,28,32,16,20,5,293
11101120929,core,0,0,0,3,0,3,0,3,0,13,3,5,0,3,0,0,0,0,0,15,3,0,3,8,0,0,0,3,0,17,6,8,7,9,9,0,0,0,0,40,10,0,4,0,14,0,0,3,0,40,6,0,5,7,3,3,0,8,0,27,0,0,0,0,0,0,0,0,0,3,0,0,0,0,0,0,0,0,0,0,0,0,0,0,0,0,0,0,0,0,27,16,27,15,24,11,5,16,0,148
11101120930,core,0,0,0,3,0,6,5,3,0,20,3,3,9,12,0,7,4,3,0,33,0,6,8,4,5,0,0,5,0,40,5,13,5,6,9,3,4,6,0,43,7,7,4,13,3,3,7,5,0,48,5,7,3,5,9,0,0,0,0,32,0,3,5,0,0,0,0,0,0,5,0,0,0,0,0,0,0,0,0,0,0,0,0,0,0,0,0,0,0,0,20,39,34,41,26,20,20,17,0,217
11101120931,core,0,0,5,0,0,7,0,4,0,15,3,0,3,0,0,5,0,4,0,24,5,9,12,7,9,0,4,0,0,50,3,8,9,6,6,3,6,4,0,39,7,12,9,4,4,0,0,3,0,41,6,3,0,7,3,5,0,0,0,34,0,0,0,0,4,0,0,5,0,6,0,0,0,0,0,0,0,0,0,0,0,0,0,0,0,0,0,0,0,0,26,34,36,34,28,16,12,22,0,211
11101120932,core,0,0,0,0,0,3,0,3,0,8,7,3,8,3,7,7,0,0,0,35,3,13,15,17,11,3,0,10,0,79,4,10,10,9,7,0,9,3,3,51,5,12,9,13,5,3,6,7,0,60,0,0,3,6,4,3,4,5,0,34,0,0,0,5,0,0,0,0,0,8,0,0,0,0,0,0,0,0,0,0,0,0,0,0,0,0,0,0,0,0,18,41,49,47,32,22,27,30,9,285
11101120933,core,0,0,0,9,0,0,0,0,0,12,3,0,5,7,3,11,0,0,0,35,3,10,18,11,12,8,4,6,0,66,3,13,4,10,4,0,5,5,0,48,0,7,10,13,3,6,0,6,0,48,3,5,3,3,7,6,4,3,0,30,0,0,0,0,0,0,0,0,0,9,0,0,0,0,0,0,0,0,0,0,0,0,0,0,0,0,0,0,0,0,19,42,39,49,27,27,19,22,4,240
11101120934,core,0,0,0,6,0,0,0,9,0,13,6,3,5,4,0,0,0,4,0,31,4,9,14,9,6,6,0,0,0,48,7,8,8,0,11,4,9,6,0,50,3,6,4,11,6,0,3,3,0,41,0,4,6,5,0,3,3,3,0,32,0,0,0,0,0,0,0,0,0,0,0,0,0,0,0,0,3,0,0,4,0,0,0,0,0,0,0,0,0,0,16,39,37,31,30,20,18,22,0,215
11101120935,core,0,0,0,0,0,8,0,4,0,21,0,0,10,8,0,0,4,0,0,21,0,14,11,13,4,4,4,6,0,50,5,6,13,4,6,0,0,4,0,44,3,0,5,3,8,3,3,6,0,32,0,0,0,0,3,0,4,0,0,13,0,0,0,0,0,0,0,0,0,0,0,0,0,0,0,0,0,0,0,0,0,0,0,0,0,0,0,0,0,0,10,28,40,28,22,16,17,22,3,187
11101120936,core,0,0,0,0,0,0,0,4,0,10,0,4,3,0,0,0,0,0,0,13,5,16,16,8,9,3,5,3,0,64,5,14,9,3,6,10,4,7,0,54,3,5,9,7,4,5,0,5,0,37,3,0,8,0,5,5,3,0,0,22,0,0,0,3,0,0,0,0,0,3,0,0,0,0,0,0,0,0,0,0,0,0,0,0,0,0,0,0,0,0,16,42,34,24,30,27,15,17,0,201
11101120937,core,0,0,0,0,0,0,0,0,0,0,0,0,0,0,0,0,0,0,0,0,0,0,0,0,0,0,0,0,0,0,0,0,0,0,0,0,0,0,0,3,0,0,0,0,0,0,0,0,0,0,0,0,0,0,0,0,0,0,0,4,0,0,0,0,0,0,0,0,0,0,0,0,0,0,0,0,0,0,0,0,0,0,0,0,0,0,0,0,0,0,0,0,0,0,3,0,0,0,0,8
11101120938,core,0,0,0,0,0,0,0,0,0,0,0,0,0,0,0,0,0,0,0,0,0,0,0,0,0,0,0,0,0,0,0,0,0,0,0,0,0,0,0,0,0,0,0,0,0,0,0,0,0,0,0,0,0,0,0,0,0,0,0,0,0,0,0,0,0,0,0,0,0,0,0,0,0,0,0,0,0,0,0,0,0,0,0,0,0,0,0,0,0,0,0,0,0,0,0,0,0,0,0,0
11101120939,core,0,0,7,9,0,14,0,3,0,30,0,5,4,8,4,4,0,3,0,32,8,38,24,8,20,9,4,7,0,126,27,44,17,10,22,10,5,6,3,144,10,12,4,15,21,3,6,4,0,85,4,9,10,3,12,4,8,0,0,49,0,0,3,5,5,0,0,0,0,12,0,0,0,0,0,0,0,0,0,0,0,0,0,0,0,0,0,0,0,0,49,106,67,59,86,35,32,27,6,475
11101120940,core,0,0,7,6,0,3,0,7,0,13,0,0,7,4,4,0,4,0,0,20,3,7,12,12,4,3,10,7,0,54,3,0,8,6,3,6,5,0,0,39,5,0,7,3,4,4,4,10,3,41,0,3,4,0,0,0,5,8,0,28,0,0,0,0,0,0,0,0,0,4,0,0,0,0,0,0,0,0,0,0,0,0,0,0,0,0,0,0,0,0,12,15,41,31,25,16,25,27,6,193
11101120941,core,0,4,4,6,0,6,0,5,0,23,0,0,0,10,0,4,0,0,0,15,7,22,10,3,11,0,0,3,0,61,10,13,7,10,13,3,5,0,0,60,10,13,3,9,7,7,3,0,6,53,3,4,8,6,5,3,5,0,0,29,0,0,3,0,0,0,0,0,0,9,0,0,0,0,0,0,0,0,0,0,0,0,0,0,0,0,0,0,0,0,26,56,33,32,45,27,14,16,10,255
11101120942,core,0,0,3,5,0,4,0,5,0,18,0,5,0,5,0,0,0,0,0,16,0,15,3,3,4,0,0,0,0,32,11,22,0,4,4,0,4,0,0,45,16,29,5,6,5,3,0,0,4,65,5,23,3,0,5,0,0,0,0,42,0,4,0,0,0,0,0,0,0,3,0,0,0,0,0,0,0,0,0,0,0,0,0,0,0,0,0,0,0,0,31,98,20,25,24,12,6,12,3,225
11101120943,core,0,0,0,5,0,6,0,0,0,15,0,0,5,10,3,0,0,5,0,17,4,9,3,4,4,0,0,0,0,28,5,30,5,0,8,0,0,4,0,62,8,30,7,6,5,3,0,0,0,52,11,14,5,4,0,0,0,3,0,36,3,5,0,0,4,0,0,3,0,20,0,0,0,0,0,0,0,0,0,0,0,0,0,0,0,0,0,0,0,0,24,93,32,22,25,12,3,17,6,231
11101120944,core,0,0,0,0,0,8,0,4,0,12,0,3,0,3,3,0,0,0,0,16,0,16,0,0,0,0,0,0,0,23,10,21,10,9,6,0,3,0,0,53,16,23,4,4,7,0,0,0,0,54,0,8,0,0,7,0,0,0,0,30,0,0,4,0,6,6,0,0,0,15,0,0,0,0,0,0,0,0,0,0,0,0,0,0,0,0,0,0,0,0,21,87,20,18,27,16,6,10,0,198
11101120945,core,0,6,4,4,4,0,0,5,0,23,0,3,5,6,3,3,0,0,0,15,5,16,6,3,4,3,0,0,0,32,9,29,8,6,8,0,0,4,0,66,8,26,3,10,13,0,0,5,0,55,5,16,3,0,9,0,0,0,0,30,0,5,0,0,0,0,3,0,0,15,0,0,0,0,0,0,0,0,0,0,0,0,0,0,0,0,0,0,0,0,29,86,20,28,37,11,8,20,0,240
11101120946,core,0,0,0,9,0,4,0,0,0,16,0,8,0,0,3,0,0,0,0,13,0,20,7,3,4,0,0,5,0,41,17,29,0,8,9,3,3,0,0,61,11,8,6,4,10,0,0,0,0,48,6,16,3,0,11,5,3,3,0,51,0,5,3,0,3,0,0,0,0,12,0,0,0,0,0,0,0,0,0,4,0,0,0,0,0,0,0,0,0,0,37,86,19,24,36,15,4,13,4,238
11101120947,core,0,0,0,5,0,17,7,7,0,29,0,6,4,5,3,5,0,3,0,33,0,13,3,7,7,3,0,0,0,31,3,13,6,7,8,4,4,0,0,48,11,25,5,8,8,0,3,3,0,64,7,18,6,9,8,5,3,0,0,60,0,0,0,0,0,0,0,0,0,5,0,0,0,0,4,0,0,0,0,5,0,0,0,0,0,0,0,0,0,0,25,70,32,36,45,34,17,24,3,279
11101120948,core,0,0,3,0,0,4,0,5,0,21,4,5,3,9,0,7,0,6,0,31,5,22,7,7,3,0,4,7,0,59,15,24,0,8,13,0,4,3,0,65,12,17,11,0,8,3,4,0,0,54,6,14,5,4,6,0,0,0,0,29,0,3,0,0,0,0,0,0,0,10,0,0,0,0,0,0,0,0,0,0,0,0,0,0,0,0,0,0,0,0,35,78,33,32,30,15,14,24,0,259
11101120949,core,0,0,0,0,0,0,0,0,0,7,0,0,0,5,0,0,0,5,0,11,8,22,5,12,3,5,4,0,0,55,8,20,6,4,5,0,5,5,0,50,3,11,3,8,3,0,0,3,3,34,0,5,4,9,6,0,4,6,0,29,0,3,0,0,0,0,0,0,0,5,0,0,0,0,0,0,0,0,0,0,0,0,0,0,0,0,0,0,0,0,17,55,19,35,19,13,15,22,4,194
11101120950,core,0,0,0,6,0,8,0,4,0,15,5,0,0,10,4,0,0,5,0,17,6,21,21,10,10,8,4,3,0,74,12,17,12,7,8,5,4,0,0,65,6,3,4,10,4,0,0,3,0,44,0,3,5,5,0,0,5,0,0,32,0,7,0,0,0,0,0,0,0,9,0,0,0,0,0,0,0,0,0,0,0,0,0,0,0,0,0,0,0,0,25,51,45,43,30,25,25,15,3,262
11101120951,core,0,0,0,5,0,0,0,0,0,3,0,0,0,0,0,0,0,0,0,3,0,5,4,0,0,0,0,0,0,12,0,11,4,3,0,0,0,0,0,19,3,10,0,0,3,0,0,0,0,13,7,8,3,9,5,4,0,0,0,32,0,0,0,0,0,0,5,0,0,10,0,0,0,0,0,0,0,0,0,0,0,0,0,0,0,0,0,0,0,0,12,27,14,9,11,3,3,7,0,92
11101120952,core,0,0,0,0,0,6,0,11,0,13,7,6,5,8,0,0,0,0,0,20,3,9,3,6,5,3,0,9,0,37,4,15,10,11,7,7,6,4,0,63,5,11,9,8,7,0,0,4,3,56,4,4,0,3,6,7,0,5,0,28,0,0,0,0,0,0,0,6,0,6,0,0,0,0,0,0,0,0,0,0,0,0,0,0,0,0,0,0,0,0,22,54,31,36,29,23,9,28,7,227
11101120953,core,0,0,6,0,0,6,0,0,0,17,0,0,3,0,7,3,0,3,0,21,3,12,10,9,3,0,0,0,0,42,10,27,10,4,7,0,4,4,0,69,10,8,3,0,13,0,5,6,0,41,5,7,4,6,3,4,0,0,0,35,0,6,0,0,0,0,0,3,0,12,0,0,0,0,0,0,0,0,0,4,0,0,0,0,0,0,0,0,0,0,27,60,34,25,33,19,9,18,3,239
11101120954,core,0,0,0,3,0,5,0,0,0,11,0,4,5,0,0,0,0,3,0,24,10,19,14,13,11,4,4,4,0,75,14,27,7,6,8,6,4,0,0,74,11,5,10,4,7,5,3,3,0,43,11,10,4,3,14,4,0,7,0,53,0,0,0,0,4,0,0,0,0,4,0,0,0,0,0,0,0,0,0,0,0,0,0,0,0,0,0,0,0,0,37,68,38,31,40,35,8,24,0,282
11101120955,core,0,0,0,5,0,3,0,0,0,8,0,0,7,7,0,0,0,0,0,20,9,15,0,5,3,0,0,0,0,32,12,30,4,3,5,3,5,0,0,68,6,20,9,3,8,0,0,3,0,47,4,8,3,0,7,0,4,0,0,33,4,6,0,0,3,0,0,0,0,16,0,0,0,0,0,0,0,0,0,0,0,0,0,0,0,0,0,0,0,0,30,83,31,23,27,17,11,3,0,220
11101120956,core,0,3,0,4,0,12,0,0,0,22,0,3,0,4,0,6,0,0,4,20,7,5,3,3,5,4,0,0,0,32,12,30,4,4,0,0,0,6,0,55,12,29,7,0,4,4,0,4,0,64,5,20,0,3,8,0,0,0,0,52,4,3,4,0,3,0,0,0,0,18,0,0,0,0,0,0,0,0,0,0,0,0,0,0,0,0,0,0,0,0,34,91,21,25,25,29,4,13,3,252
11101121001,core,0,0,0,0,0,0,0,0,0,0,0,0,0,0,0,0,0,0,0,0,0,0,4,0,0,3,0,4,0,5,0,0,0,0,0,0,0,0,0,0,0,0,0,0,0,0,0,0,0,4,0,0,0,0,0,0,0,0,0,7,0,0,0,0,0,0,0,0,0,0,0,0,0,0,0,0,0,0,0,0,0,0,0,0,0,0,0,0,0,0,0,0,9,3,0,3,0,4,0,21
11101121002,core,0,0,4,0,0,3,0,0,0,10,0,0,0,4,0,0,0,0,0,9,3,14,6,0,3,0,0,0,0,26,5,5,6,0,3,0,0,0,0,18,3,9,8,0,3,0,4,3,0,25,3,0,8,0,3,0,4,7,0,31,0,0,0,0,0,0,0,0,0,7,0,0,0,0,0,0,0,0,0,0,0,0,0,0,0,0,0,0,0,0,15,20,22,15,17,12,11,18,0,131
11101121003,core,0,0,0,0,0,7,0,0,0,8,0,0,5,7,0,0,0,0,0,22,0,5,7,7,4,0,0,4,0,32,3,7,8,4,9,0,0,0,0,37,3,10,8,9,10,3,4,0,0,50,3,3,10,7,0,0,4,0,0,30,0,0,0,0,0,0,0,0,0,3,0,0,0,0,0,0,0,0,0,0,0,0,0,0,0,0,0,0,0,0,15,30,45,32,29,16,9,12,0,181
11101121004,core,0,0,0,0,0,9,0,0,0,10,0,0,0,4,0,6,0,3,0,9,0,9,8,6,10,3,0,3,0,41,0,8,8,3,4,0,0,3,0,24,0,0,0,6,6,3,0,0,0,19,7,3,3,4,0,0,0,0,0,25,0,0,0,0,0,0,0,0,0,7,0,0,0,0,0,0,0,0,0,0,0,0,0,0,0,0,0,0,0,0,13,24,27,22,15,11,6,13,0,136
11101121005,core,0,0,3,3,0,5,0,0,0,11,4,4,7,3,0,0,0,3,0,18,0,12,15,0,9,0,5,5,0,47,0,5,0,4,0,6,0,3,0,24,0,4,6,9,8,5,0,9,0,38,4,5,0,10,4,0,4,0,0,22,3,0,0,0,5,0,0,3,0,17,0,0,0,0,0,0,0,0,0,0,0,0,0,0,0,0,0,0,0,0,11,31,29,31,28,16,13,23,0,182
11101121006,core,0,0,4,4,0,3,0,6,0,13,4,0,9,4,0,0,0,0,0,23,3,17,6,11,10,7,0,3,0,53,6,17,5,3,8,3,0,3,0,52,5,6,8,4,9,4,0,0,0,40,3,5,8,4,18,0,3,0,0,39,3,0,0,0,0,0,3,0,0,10,0,0,0,0,0,0,0,0,0,0,0,0,0,0,0,0,0,0,0,0,24,46,35,35,44,16,11,17,0,234
11101121007,core,0,0,4,0,0,4,0,3,0,10,3,3,9,3,0,0,0,0,0,28,7,19,17,13,3,5,4,6,0,70,3,3,8,3,12,4,7,7,0,46,3,11,10,4,12,0,0,4,0,50,0,11,6,13,10,4,15,4,3,70,0,0,0,0,0,0,0,0,0,5,0,0,0,0,0,0,0,0,0,0,0,0,0,0,0,0,0,0,0,0,24,50,58,40,35,17,29,25,6,279
11101121008,core,0,0,0,3,0,0,0,0,0,5,4,0,5,0,3,4,0,0,0,29,5,12,13,7,7,5,7,8,0,62,4,23,8,3,3,4,0,0,0,46,4,8,6,4,6,6,7,6,4,54,0,10,9,7,16,0,9,11,0,56,0,5,0,0,0,0,0,0,0,11,0,0,0,0,0,0,4,0,0,4,0,0,0,0,0,0,0,0,0,0,17,54,38,27,45,24,23,27,5,260
11101121010,core,0,0,0,3,0,9,0,0,0,12,0,0,0,0,3,3,5,5,0,14,0,11,6,10,0,0,0,4,3,37,0,3,0,3,4,0,0,0,0,19,0,3,3,0,5,3,0,0,0,19,0,0,0,0,5,0,0,0,0,5,0,0,0,0,0,0,0,0,0,9,0,0,0,0,0,0,0,0,0,0,0,0,0,0,0,0,0,0,0,0,6,19,15,20,17,21,8,10,0,117
11101121011,core,0,0,0,0,0,4,0,3,0,7,0,0,0,0,0,0,0,0,0,4,4,7,3,7,3,7,0,5,0,34,3,12,4,0,0,4,0,0,0,22,0,8,0,3,0,4,5,5,5,25,0,5,6,0,0,4,0,0,0,16,0,0,0,0,0,0,0,0,0,0,0,0,0,0,0,0,0,0,0,0,0,0,0,0,0,0,0,0,0,0,11,22,13,19,11,15,7,13,5,116
11101121012,core,0,0,0,0,0,0,0,0,0,3,0,0,0,3,0,3,0,0,0,9,0,4,5,0,3,3,0,3,5,20,0,0,0,5,0,0,0,0,0,15,0,0,0,0,0,0,0,4,0,7,0,0,0,0,0,0,3,12,0,20,0,0,0,0,0,0,0,4,0,3,0,0,0,0,0,0,0,0,0,0,0,0,0,0,0,0,0,0,0,0,4,5,10,6,4,8,6,21,4,73
11101121013,core,0,0,0,0,0,0,0,0,0,4,0,0,0,3,0,0,0,7,0,7,0,0,7,5,0,3,0,3,0,23,0,0,3,0,5,0,0,6,0,15,0,0,0,4,0,0,0,4,0,16,0,3,0,0,0,0,0,5,0,12,0,0,0,0,0,0,0,0,0,5,0,0,0,0,0,0,0,0,0,0,0,0,0,0,0,0,0,0,0,0,0,0,19,17,4,14,10,20,0,81
11101121014,core,0,0,0,0,0,0,0,6,0,9,0,5,0,0,0,0,0,4,0,10,3,7,5,3,7,4,0,3,0,38,0,5,7,0,0,0,0,4,0,25,7,3,0,3,8,0,5,3,0,30,0,6,0,5,0,0,0,4,0,21,0,0,0,0,0,0,3,0,0,8,0,0,0,0,0,0,0,0,0,0,0,0,0,0,0,0,0,0,0,0,9,26,15,20,18,6,13,16,4,125
11101121015,core,0,0,0,3,0,4,0,0,0,12,0,0,3,3,6,0,0,0,0,14,5,4,0,0,3,0,0,5,0,14,3,6,0,6,7,0,0,0,0,23,5,7,4,0,15,5,4,3,0,45,5,12,0,4,4,0,0,0,4,30,3,7,0,0,7,3,0,0,0,21,0,0,3,0,0,0,0,0,0,3,0,0,0,0,0,0,0,0,0,0,22,28,17,15,40,14,7,14,4,167
11101121016,core,0,0,8,5,0,3,0,3,0,18,0,4,3,6,3,5,0,4,0,28,5,5,12,9,5,0,0,0,0,27,3,17,0,4,9,0,0,0,0,38,17,11,4,7,6,3,0,4,0,53,8,8,7,3,8,0,0,0,0,32,0,0,0,0,0,0,0,0,0,6,0,0,0,0,0,0,0,0,0,0,0,0,0,0,0,0,0,0,0,0,28,47,34,23,27,23,10,13,0,198
11101121017,core,0,0,3,5,0,12,0,0,0,28,0,0,6,5,0,8,0,3,0,23,0,0,3,7,4,0,0,0,0,19,5,11,4,3,0,0,3,0,0,24,10,9,10,3,10,3,0,0,0,52,5,14,6,0,7,0,3,3,0,40,0,0,0,0,0,0,0,0,0,3,0,0,0,0,0,0,0,0,0,0,0,0,0,0,0,0,0,0,0,0,21,36,37,20,22,23,11,8,0,184
11101121018,core,0,0,0,4,0,0,0,9,5,17,0,3,10,6,0,0,0,4,0,27,0,0,7,3,6,0,0,3,0,26,3,4,5,4,4,0,5,8,4,38,0,0,0,8,3,0,0,3,0,20,0,0,0,0,0,0,6,0,0,15,0,0,0,6,0,0,0,0,5,4,0,0,0,0,0,0,0,0,0,0,0,0,0,0,0,0,0,0,0,0,9,11,32,27,11,6,15,27,12,144
11101121019,core,0,0,0,0,0,3,0,0,0,7,0,0,5,0,0,0,0,0,0,6,0,5,0,3,5,10,0,4,0,27,0,0,6,0,0,3,0,0,0,13,0,0,0,3,0,0,0,5,0,17,0,0,5,0,0,0,0,0,0,7,0,0,0,0,0,0,0,0,0,6,0,0,0,0,0,0,0,0,0,0,0,0,0,0,0,0,0,0,0,0,6,8,13,5,3,16,5,11,0,75
11101121020,core,0,0,0,0,0,0,0,3,0,3,0,0,0,3,0,0,0,0,0,10,3,3,5,5,4,0,4,14,0,33,0,3,3,6,3,0,3,9,0,27,0,0,3,6,0,0,4,0,0,15,5,0,0,0,0,0,0,4,0,16,0,0,0,0,0,0,0,3,0,9,0,0,0,0,0,0,0,0,0,0,0,0,0,0,0,0,0,0,0,0,6,13,9,22,5,7,7,31,4,112
11101121021,core,0,0,0,0,0,0,0,3,0,9,0,0,4,0,0,4,3,0,0,8,0,6,9,4,3,3,0,0,0,35,3,3,4,5,7,3,5,0,0,26,4,0,4,10,0,0,6,4,0,31,0,0,0,3,3,0,5,11,0,25,0,0,0,0,0,0,0,0,0,0,0,0,0,0,0,0,0,0,0,0,0,0,0,0,0,0,0,0,0,0,8,10,19,29,15,17,13,28,3,139
11101121022,core,0,0,0,0,0,0,0,0,0,0,0,0,0,5,0,0,3,5,3,16,0,4,3,7,6,3,0,4,0,27,3,6,3,0,3,0,0,4,0,21,3,0,0,5,0,0,0,7,0,16,0,5,3,0,0,0,0,0,0,12,0,0,0,0,0,0,0,0,0,3,0,0,0,0,0,0,0,0,0,0,0,0,0,0,0,0,0,0,0,0,10,7,16,14,13,5,9,21,3,103
11101121023,core,0,0,3,0,3,4,0,3,0,14,0,5,3,5,0,5,10,0,0,23,6,17,17,6,9,11,5,8,0,65,7,10,10,4,6,7,0,0,0,45,7,8,4,5,8,4,0,4,0,50,9,3,0,3,12,5,0,5,0,46,0,0,0,0,0,0,0,0,0,8,0,0,0,0,0,0,0,0,0,0,0,0,0,0,0,0,0,0,0,0,30,45,34,29,36,37,13,19,3,248
11101121024,core,0,0,0,0,0,9,0,3,0,17,0,6,4,11,0,7,0,4,0,38,13,29,15,15,19,7,3,3,0,97,3,12,9,11,9,0,5,4,0,59,3,14,4,9,5,5,0,6,0,41,0,3,9,9,5,0,0,3,0,40,0,0,0,0,0,0,0,0,0,5,0,0,0,0,0,0,0,0,0,0,0,0,0,0,0,0,0,0,0,0,23,65,46,54,39,30,7,23,3,289
11101121101,core,0,0,0,0,3,4,0,0,0,7,0,3,0,3,0,0,0,0,0,12,0,11,6,4,0,0,0,0,0,22,4,14,0,0,5,4,0,0,0,31,7,12,3,6,8,0,0,0,0,37,0,7,7,0,6,0,0,3,0,29,0,0,0,0,0,0,0,0,0,0,0,0,0,0,0,0,0,0,0,0,0,0,0,0,0,0,0,0,0,0,14,47,19,15,19,8,0,8,0,138
11101121102,core,0,0,3,4,0,7,0,0,0,12,0,0,0,3,0,0,0,0,0,5,0,13,4,0,0,0,0,0,0,18,3,13,4,0,8,0,0,0,0,28,0,14,0,3,9,0,0,0,0,24,0,5,4,0,0,0,4,0,0,19,0,0,0,0,5,0,0,0,0,4,0,0,0,0,0,0,0,0,0,0,0,0,0,0,0,0,0,0,0,0,11,44,19,15,15,4,5,4,0,123
11101121103,core,0,0,0,0,0,4,0,0,0,3,0,0,0,0,0,0,0,0,0,0,0,0,0,0,0,0,0,0,0,4,0,0,0,0,3,0,3,6,0,9,0,0,0,8,0,0,0,5,0,14,0,6,6,6,3,4,7,3,0,29,0,3,3,0,4,0,3,4,0,16,0,0,0,0,0,0,0,0,0,0,0,0,0,0,0,0,0,0,0,0,5,8,9,17,6,3,9,9,0,82
11101121104,core,0,0,0,4,0,8,0,0,0,23,0,6,3,5,0,0,0,6,0,23,6,7,7,0,3,0,0,0,0,25,12,7,7,5,4,0,0,3,3,41,16,22,8,3,10,4,0,6,0,70,7,8,0,5,4,0,3,0,0,29,0,3,0,0,0,0,0,0,0,13,0,0,0,0,0,0,0,0,0,0,0,0,0,0,0,0,0,0,0,0,34,55,22,26,31,19,7,15,3,213
11101121105,core,0,0,8,3,0,4,0,0,0,12,0,0,5,0,0,0,0,0,0,12,6,4,3,4,0,0,3,0,0,15,4,10,5,4,0,0,0,0,0,19,5,13,4,5,7,0,0,0,0,32,0,3,5,0,9,0,0,0,0,20,0,4,0,0,0,0,0,0,0,4,0,0,0,0,0,0,0,0,0,0,0,0,0,0,0,0,0,0,0,0,13,31,23,13,19,11,5,4,0,119
11101121106,core,0,0,4,0,0,0,0,6,0,12,4,0,3,7,4,0,0,0,0,15,0,4,7,3,0,0,0,0,0,20,10,22,8,3,3,0,0,0,0,46,7,19,6,7,4,3,0,0,0,56,5,16,7,4,3,0,0,0,0,36,0,0,0,0,0,0,0,0,0,3,0,0,0,0,0,0,0,0,0,0,0,0,0,0,0,0,0,0,0,0,25,74,30,27,22,10,0,10,4,189
11101121107,core,0,0,3,8,0,3,0,4,0,17,0,0,0,8,4,0,0,0,0,12,4,16,5,4,5,0,0,0,0,32,6,14,5,4,4,0,4,0,0,40,4,25,7,7,12,0,0,3,4,66,6,10,3,0,3,0,0,0,0,25,0,0,0,0,0,0,0,0,0,0,0,0,0,0,0,0,0,0,0,0,0,0,0,0,0,0,0,0,0,0,26,62,30,28,20,4,10,16,8,197
11101121108,core,0,0,0,10,0,18,0,4,0,32,0,0,3,3,7,5,0,0,0,23,6,18,4,3,7,4,0,3,0,52,8,31,15,10,3,0,3,0,5,84,17,14,14,7,20,10,0,9,4,91,4,11,10,4,10,0,3,3,0,43,3,3,0,0,0,0,0,0,0,13,0,0,0,0,0,0,0,0,0,0,0,0,0,0,0,0,0,0,0,0,45,79,47,40,33,40,12,21,7,334
11101121109,core,0,0,0,0,0,0,0,0,0,0,0,0,0,0,0,0,0,0,0,0,0,0,0,0,0,0,0,0,0,0,0,0,0,0,0,0,0,0,0,0,0,0,0,0,0,0,0,0,0,0,0,0,0,0,0,0,0,0,0,4,0,0,0,0,0,0,0,0,0,0,0,0,0,0,0,0,0,0,0,0,0,0,0,0,0,0,0,0,0,0,0,0,0,0,0,0,0,3,0,4
11101121110,core,0,0,7,12,0,5,0,4,0,28,0,0,6,7,0,0,0,5,0,15,0,10,7,0,4,0,0,0,0,18,15,26,3,0,10,0,0,5,0,58,12,21,6,8,11,0,3,0,0,64,10,15,0,0,6,0,0,3,0,35,5,4,0,0,0,0,0,0,0,11,0,0,0,0,0,0,0,0,0,0,0,0,0,0,0,0,0,0,0,0,41,74,31,31,26,11,4,14,0,239
11101121201,core,0,0,0,0,0,5,0,8,0,13,4,5,5,4,0,4,0,4,0,31,0,6,0,3,0,6,0,9,0,17,6,11,0,0,4,0,0,0,0,30,7,13,3,11,11,9,0,0,0,56,7,5,8,0,9,9,4,4,0,39,4,0,0,0,0,0,0,4,0,9,0,0,0,0,0,0,0,0,0,0,0,0,0,0,0,0,0,0,0,0,25,44,28,20,21,29,7,22,3,192
11101121202,core,0,0,0,5,0,3,0,0,0,9,0,0,0,7,0,4,0,3,0,15,0,5,3,0,0,0,0,0,0,6,6,12,9,4,5,0,4,3,0,40,7,10,4,0,4,3,0,3,0,33,3,10,10,4,5,4,0,3,0,31,5,0,0,0,0,0,0,0,0,8,0,0,0,0,0,0,0,0,0,0,0,0,0,0,0,0,0,0,0,0,22,33,23,26,21,8,3,13,4,151
11101121203,core,0,0,4,0,0,0,0,3,0,7,0,0,0,0,0,0,0,0,0,7,5,3,3,0,6,0,3,0,0,23,4,3,6,0,3,0,3,3,0,30,3,8,7,7,0,0,0,0,0,26,12,3,0,8,4,5,0,0,0,29,0,0,0,0,0,0,0,0,0,6,0,0,0,0,0,0,0,0,0,0,0,0,0,0,0,0,0,0,0,0,21,22,17,17,11,9,6,14,0,120
11101121204,core,0,0,0,0,0,3,0,3,0,9,0,0,3,0,0,5,0,7,0,17,0,3,11,7,0,0,5,4,0,38,4,9,7,0,10,0,4,3,0,37,7,3,8,7,9,3,9,9,3,54,0,8,0,5,8,5,4,3,0,40,0,0,0,3,0,0,0,4,0,11,0,0,0,0,0,0,0,0,0,0,0,0,0,0,0,0,0,0,0,0,15,25,38,25,33,20,15,29,5,210
11101121205,core,0,0,0,3,0,3,0,0,0,12,0,0,3,3,0,0,0,0,0,7,0,0,5,0,4,0,0,0,0,22,4,7,5,5,3,0,0,3,0,26,0,6,8,3,3,3,0,6,0,31,0,3,4,5,8,3,0,4,0,31,0,0,0,0,0,0,0,0,3,4,0,0,0,0,0,0,0,0,0,0,0,0,0,0,0,0,0,0,0,0,11,24,18,20,15,11,6,15,0,129
11101121206,core,0,0,4,0,3,0,0,0,0,12,0,0,5,0,0,0,0,0,0,9,0,5,9,5,6,0,4,4,0,30,3,9,7,5,3,0,0,0,0,27,0,10,11,10,7,0,5,9,0,45,3,0,7,10,4,0,3,8,0,38,0,0,4,5,4,0,0,0,0,11,0,0,0,0,0,0,0,0,0,0,0,0,0,0,0,0,0,0,0,0,6,24,41,29,25,9,16,20,6,165
11101121207,core,0,0,0,3,0,4,0,4,0,14,0,0,0,0,5,5,0,5,0,15,3,6,3,5,4,4,0,4,0,31,0,8,3,4,3,0,7,3,0,30,4,5,15,8,6,3,4,7,0,54,5,0,5,8,4,0,5,3,0,36,0,0,0,0,0,0,0,0,0,4,0,0,0,0,0,0,0,0,0,0,0,0,0,0,0,0,0,0,0,0,17,19,29,32,29,19,13,25,3,192
11101121208,core,0,0,0,0,0,0,0,3,0,7,0,0,3,0,0,4,0,0,0,6,5,4,0,0,0,0,0,0,0,19,5,15,3,3,4,0,0,0,0,35,4,6,5,4,7,0,0,0,0,32,5,6,11,4,3,8,3,0,0,32,0,3,0,0,0,0,0,0,0,11,0,0,0,0,0,0,0,0,0,0,0,0,0,0,0,0,0,0,0,0,28,40,28,16,15,17,0,3,0,144
11101121209,core,0,0,0,3,0,9,0,4,0,14,0,3,3,5,0,0,0,10,0,20,0,0,3,8,0,0,0,0,0,26,5,10,4,3,3,0,0,0,4,30,10,11,10,13,3,3,5,0,0,58,0,12,0,5,3,0,0,0,0,26,5,0,0,0,0,0,0,0,0,10,0,0,0,0,0,0,0,0,0,0,0,0,0,0,0,0,0,0,0,0,20,39,24,35,16,10,11,16,9,180
11101121210,core,0,0,0,4,0,0,0,7,0,9,0,0,0,9,0,0,0,0,0,10,0,6,0,0,0,0,0,0,0,18,3,10,5,4,0,0,0,0,0,24,9,4,0,3,3,0,0,6,0,28,0,0,0,3,0,0,0,0,0,15,4,0,0,0,0,0,0,0,0,7,0,0,0,0,0,0,0,0,0,0,0,0,0,0,0,0,0,0,0,0,13,30,14,27,11,4,4,11,0,117
11101121212,core,0,0,0,6,0,6,0,0,0,20,0,8,3,3,4,6,0,7,0,29,0,7,6,4,0,6,0,0,0,25,8,10,0,4,3,0,0,0,0,33,11,10,3,9,7,3,0,0,0,52,13,19,11,4,8,0,0,9,0,53,0,3,0,0,3,0,0,0,0,10,0,0,0,0,0,0,0,0,0,3,0,0,0,0,0,0,0,0,0,0,32,56,27,30,28,23,9,13,3,227
11101121213,core,0,0,0,0,0,6,0,0,0,6,0,4,0,4,0,3,0,0,0,14,0,6,0,0,0,0,0,0,0,5,0,0,0,0,4,0,0,0,0,15,5,7,5,4,0,0,0,0,0,23,6,7,5,0,5,0,0,0,0,19,4,6,0,0,4,0,0,0,0,14,0,0,0,0,3,0,0,0,0,3,0,0,0,0,0,0,0,0,0,0,19,30,15,8,15,4,7,9,0,94
11101121215,core,0,0,5,0,0,0,0,0,0,12,4,0,3,3,0,0,0,5,0,17,0,4,8,9,6,0,0,0,0,24,4,4,10,3,0,0,8,0,0,36,0,4,5,8,3,0,0,4,4,34,0,3,4,3,9,3,4,6,0,26,0,3,3,0,0,0,0,0,0,7,0,0,0,0,0,0,0,0,0,0,0,0,0,0,0,0,0,0,0,0,10,21,34,32,18,6,14,17,5,152
11101121216,core,0,0,0,0,0,6,0,0,0,0,0,0,4,0,0,0,0,0,0,5,0,3,0,5,7,0,0,3,0,26,0,0,0,3,6,0,0,0,0,20,4,4,0,4,5,0,9,7,0,30,0,7,0,6,6,0,0,3,0,23,0,0,0,0,0,0,0,0,0,3,0,0,0,0,0,0,0,0,0,0,0,0,0,0,0,0,0,0,0,0,10,16,17,16,14,14,7,19,5,112
11101121217,core,0,0,3,0,0,0,0,5,0,10,0,0,0,5,0,3,0,0,0,17,0,0,13,10,0,4,0,4,0,34,6,0,10,3,3,0,6,3,0,28,0,10,11,5,10,0,3,8,0,42,0,0,10,4,4,3,3,3,0,33,0,0,0,0,0,0,3,0,0,6,0,0,0,0,0,0,0,0,0,0,0,0,0,0,0,0,0,0,0,0,10,18,39,25,21,16,10,25,0,173
11101121218,core,0,0,0,0,0,3,0,0,0,7,0,0,0,0,0,0,0,0,0,5,0,6,4,3,0,0,4,0,0,14,0,0,0,0,0,0,0,0,0,11,5,3,5,5,4,6,0,0,0,23,0,0,0,5,3,0,5,4,0,23,0,0,0,0,0,0,0,0,0,0,0,0,0,0,0,0,0,0,0,0,0,0,0,0,0,0,0,0,0,0,4,7,7,16,11,7,6,10,0,77
11101121219,core,0,0,5,0,0,4,0,0,0,7,0,0,4,0,0,3,3,0,0,14,0,3,0,4,0,0,4,0,0,16,10,4,6,6,6,3,5,5,0,37,7,6,0,7,5,0,0,0,4,24,8,0,3,9,0,0,3,3,0,28,0,0,0,0,0,0,0,0,0,0,0,0,0,0,0,0,0,0,0,0,0,0,0,0,0,0,0,0,0,0,19,16,17,27,15,10,9,6,3,119
11101121220,core,0,0,0,0,0,0,0,0,0,0,0,0,0,0,0,0,0,0,0,0,0,0,0,0,0,0,0,0,0,0,0,0,0,0,0,0,0,0,0,0,0,0,0,0,0,0,0,0,0,0,0,0,0,0,0,0,0,0,0,0,0,0,0,0,0,0,0,0,0,0,0,0,0,0,0,0,0,0,0,0,0,0,0,0,0,0,0,0,0,0,0,0,0,0,0,0,0,0,0,0
11101121222,core,0,3,8,5,0,5,0,0,0,16,0,4,5,9,0,0,0,0,0,27,3,8,3,0,4,5,0,0,0,25,9,31,17,4,4,0,3,3,0,70,6,12,13,4,7,3,3,3,0,47,7,18,7,12,3,0,0,4,0,57,6,0,0,0,0,0,0,0,0,6,0,0,0,0,0,0,0,0,0,3,0,0,0,0,0,0,0,0,0,0,36,71,50,30,24,14,9,16,4,256
11101121223,core,0,0,0,3,0,0,0,0,0,12,0,4,6,0,0,0,0,0,0,15,5,3,4,8,0,0,0,0,0,26,0,6,0,3,3,0,3,3,0,18,8,8,4,8,3,0,0,5,0,38,8,10,4,7,8,3,0,0,0,49,0,0,4,0,0,0,0,0,0,4,0,0,0,0,0,0,0,0,0,0,0,0,0,0,0,0,0,0,0,0,26,29,22,23,22,12,8,15,0,161
11101121224,core,0,0,0,0,0,0,0,5,0,13,0,5,5,4,4,6,0,4,0,27,3,3,4,5,9,0,0,0,0,31,5,19,4,6,7,5,0,8,0,52,10,14,12,9,13,0,0,5,0,60,8,13,9,4,9,7,3,4,0,57,6,6,0,3,5,0,0,0,0,11,0,0,0,0,0,0,0,0,0,0,0,0,0,0,0,0,0,0,0,0,31,61,39,29,36,16,12,22,7,254
11101121225,core,0,0,0,7,0,5,0,3,0,23,0,0,0,0,3,3,0,3,0,19,0,15,13,6,5,4,5,0,0,45,13,7,15,8,3,0,4,0,0,57,7,14,13,8,8,0,9,0,0,50,7,3,6,6,10,0,0,3,0,39,0,0,0,0,0,0,0,0,0,5,0,0,0,0,0,0,0,0,0,0,0,0,0,0,0,0,0,0,0,0,28,47,39,43,24,18,15,20,0,232
11101121226,core,0,0,6,0,0,0,0,0,0,5,0,0,0,3,0,5,0,3,0,18,0,7,6,6,0,0,0,5,0,24,5,0,4,8,3,0,0,3,0,18,3,0,4,8,11,8,4,10,0,44,0,3,4,9,5,4,5,0,0,26,0,0,0,0,0,0,0,0,0,5,0,0,0,0,0,0,0,0,0,0,0,0,0,0,0,0,0,0,0,0,11,12,22,30,13,13,15,24,0,142
11101121227,core,0,0,3,3,0,0,0,3,0,17,0,3,8,4,0,0,0,0,0,20,10,7,5,4,9,0,3,3,0,36,9,16,14,4,12,0,3,3,0,71,3,17,14,3,8,0,5,0,0,59,11,15,13,7,8,6,8,11,0,72,5,9,0,0,0,0,0,0,0,13,0,0,0,0,0,0,0,0,0,7,0,0,0,0,0,0,0,0,0,0,33,67,62,29,42,17,17,24,4,289
11101121228,core,0,0,0,0,4,5,0,0,0,8,0,0,0,0,0,3,0,0,0,3,3,12,4,4,4,0,0,0,0,23,19,18,5,8,12,4,0,4,0,73,8,15,6,7,0,3,0,0,3,45,4,10,5,3,9,3,0,0,0,36,0,0,0,0,0,0,0,0,0,5,0,0,0,0,0,0,0,0,0,0,0,0,0,0,0,0,0,0,0,0,35,52,25,21,28,19,5,5,3,196
11101121229,core,0,0,0,0,0,0,0,0,0,0,0,0,0,0,0,0,0,0,0,0,0,0,0,0,0,0,0,0,0,0,0,0,0,0,0,0,0,0,0,3,0,0,0,0,0,3,0,0,0,0,7,0,0,0,0,0,0,0,0,8,0,0,0,0,0,0,0,0,0,0,0,0,0,0,0,0,0,0,0,0,0,0,0,0,0,0,0,0,0,0,7,0,0,0,0,6,3,0,0,12
11101121230,core,0,0,0,3,0,0,0,0,0,3,0,0,0,0,0,0,0,0,0,4,0,0,0,0,0,0,0,0,0,3,0,3,4,0,0,0,0,0,0,13,5,0,3,3,3,0,0,3,0,18,0,7,0,0,3,0,0,0,0,12,0,5,0,0,0,0,0,0,0,9,0,0,0,0,0,0,0,0,0,0,0,0,0,0,0,0,0,0,0,0,10,16,9,8,3,3,0,4,0,61
11101121231,core,0,0,0,0,0,3,0,0,0,8,0,3,4,3,0,0,0,0,0,12,0,9,0,3,6,5,0,0,0,30,7,24,6,6,3,7,0,0,0,53,5,9,4,7,4,0,0,3,0,37,4,0,8,4,5,0,3,0,0,26,0,0,0,0,0,0,0,0,0,7,0,0,0,0,0,0,0,0,0,0,0,0,0,0,0,0,0,0,0,0,30,43,22,31,25,14,9,5,0,178
11101121232,core,0,0,0,0,0,0,0,0,0,5,0,3,3,6,0,0,0,0,0,11,7,4,12,8,3,0,0,0,0,37,4,13,8,10,3,4,7,4,0,48,4,4,0,4,4,0,0,0,0,26,0,4,0,0,5,0,0,0,0,19,0,0,0,0,0,0,0,0,0,9,0,0,0,0,0,0,0,0,0,0,0,0,0,0,0,0,0,0,0,0,19,30,26,19,16,8,10,8,4,141
11101121233,core,0,0,0,5,0,3,3,0,0,12,0,0,4,9,0,0,0,0,0,8,3,7,0,0,0,0,0,0,0,18,12,17,4,3,5,4,3,0,0,51,6,16,6,7,14,3,3,0,0,66,0,17,6,6,3,0,0,0,0,45,0,7,0,0,5,0,0,3,0,17,0,0,0,0,0,0,0,0,0,0,0,0,0,0,0,0,0,0,0,0,24,69,21,29,27,17,9,3,0,212
11101121234,core,0,0,0,0,0,0,0,4,0,6,0,0,0,0,0,4,0,0,0,5,0,3,0,0,3,0,0,0,0,15,4,3,0,6,3,0,0,0,0,20,0,5,6,0,9,0,0,0,0,15,0,4,0,0,0,0,0,0,0,19,0,0,0,0,0,0,0,0,0,0,0,0,0,0,0,0,0,0,0,0,0,0,0,0,0,0,0,0,0,0,11,23,5,9,15,6,5,9,0,81
11101121235,core,0,0,0,0,0,7,0,0,0,7,0,0,4,0,0,0,0,0,0,5,0,0,4,6,0,0,0,0,0,16,0,3,5,0,5,0,4,0,0,13,7,3,5,0,3,0,0,9,0,25,0,4,5,4,3,5,0,4,3,20,0,0,0,0,0,0,4,3,0,3,0,0,0,0,0,0,0,0,0,0,0,0,0,0,0,0,0,0,0,0,9,11,23,7,10,13,9,10,3,96
11101121236,core,0,0,0,0,0,6,0,0,0,9,0,0,4,0,0,0,0,0,0,6,0,5,0,0,0,0,0,0,0,9,4,5,3,0,0,0,0,0,0,20,10,10,3,3,0,5,0,3,0,30,5,7,9,0,6,0,0,0,0,21,0,0,0,0,0,0,0,0,0,3,0,0,0,0,0,0,0,0,0,0,0,0,0,0,0,0,0,0,0,0,21,23,19,13,9,10,4,5,0,99
11101121237,core,0,0,0,0,0,0,0,9,0,9,0,4,5,4,4,5,3,0,0,21,0,7,5,5,5,0,0,3,0,20,8,6,6,7,4,7,5,0,0,29,0,8,0,11,0,5,0,0,0,33,4,10,0,5,0,0,0,5,0,33,0,5,0,0,4,0,4,3,0,17,0,0,0,0,0,0,0,0,0,0,0,0,0,0,0,0,0,0,0,0,11,30,23,34,22,15,10,19,3,161
11101121238,core,0,0,0,6,0,0,0,0,0,8,0,0,0,0,0,0,0,0,0,5,0,6,4,0,0,0,0,0,0,16,0,4,4,0,0,0,0,5,0,14,3,8,3,0,4,0,0,0,0,21,0,6,0,5,0,0,0,0,0,8,0,0,0,0,0,0,0,0,0,0,0,0,0,0,0,0,0,0,0,0,0,0,0,0,0,0,0,0,0,0,10,20,13,10,4,5,8,10,0,66
11101121301,core,0,0,0,0,0,0,0,0,0,0,0,0,0,0,0,0,0,0,0,0,0,0,0,0,0,0,0,0,0,0,0,0,0,0,0,0,0,0,0,0,0,0,0,0,0,0,0,0,0,0,0,0,0,0,0,0,0,0,0,0,0,0,0,0,0,0,0,0,0,0,0,0,0,0,0,0,0,0,0,0,0,0,0,0,0,0,0,0,0,0,0,0,0,0,0,0,0,0,0,0
11101121302,core,0,0,0,0,0,0,0,0,0,0,0,0,0,0,0,0,0,0,0,0,0,0,0,0,0,0,0,0,0,0,0,0,0,0,0,0,0,0,0,0,0,0,0,0,0,0,0,0,0,0,0,0,0,0,0,0,0,0,0,0,0,0,0,0,0,0,0,0,0,0,0,0,0,0,0,0,0,0,0,0,0,0,0,0,0,0,0,0,0,0,0,0,0,0,0,0,0,0,0,0
11101121303,core,0,0,6,3,0,6,0,5,0,11,0,0,3,0,0,5,0,0,0,14,6,14,12,7,4,0,0,6,0,45,5,22,13,6,12,4,0,0,0,62,8,18,11,8,3,0,0,0,0,50,7,6,7,5,4,0,3,0,5,38,0,5,0,0,6,0,0,0,0,10,0,0,0,0,0,0,0,0,0,0,0,0,0,0,0,0,0,0,0,0,23,66,53,21,26,17,12,11,4,235
11101121304,core,0,0,6,6,0,11,0,8,0,19,0,6,4,8,0,8,0,8,0,22,0,9,11,4,4,0,4,8,0,35,5,16,16,13,14,0,3,0,0,61,10,22,9,0,10,5,0,3,0,56,3,11,8,0,6,0,0,0,0,39,0,0,3,0,0,0,0,0,0,12,0,0,0,0,0,0,0,0,0,0,0,0,0,0,0,0,0,0,0,0,24,67,45,35,32,18,5,19,0,246
11101121305,core,0,0,0,3,0,4,0,4,0,20,0,3,0,8,4,7,0,4,0,21,5,12,6,8,3,4,0,7,0,32,10,25,4,4,10,0,3,0,0,57,10,27,10,4,11,0,3,0,0,69,12,30,3,0,7,0,3,4,0,60,3,8,0,6,0,0,0,0,0,22,0,0,0,0,0,0,0,0,0,0,0,0,0,0,0,0,0,0,0,0,33,99,26,31,36,22,14,17,3,277
11101121306,core,0,0,6,4,0,8,0,6,0,26,0,4,3,0,0,0,0,0,0,7,0,8,4,3,4,0,5,0,0,29,7,18,11,5,10,0,0,0,0,53,10,9,6,7,11,4,0,3,0,44,3,6,5,3,3,0,3,0,0,21,0,3,0,0,0,0,3,3,0,11,0,0,0,0,0,0,0,0,0,0,0,0,0,0,0,0,0,0,0,0,19,48,34,21,22,13,16,12,0,193
11101121307,core,5,0,3,7,0,12,4,6,0,29,0,4,0,3,0,0,0,5,0,18,3,8,4,5,6,0,3,0,0,35,13,18,13,7,7,3,4,3,3,64,13,17,5,9,11,0,4,0,0,59,4,6,7,4,17,3,5,0,0,48,0,8,0,0,5,0,0,0,0,13,0,0,0,0,0,0,0,0,0,0,0,0,0,0,0,0,0,0,0,0,38,64,33,32,47,15,14,14,3,264
11101121308,core,0,0,9,3,0,13,0,3,0,27,0,0,6,12,3,6,0,0,0,27,0,10,7,6,5,3,5,0,0,32,18,30,9,5,12,3,5,0,0,79,17,17,6,7,14,7,3,3,0,80,12,10,3,3,9,0,3,0,0,51,0,0,0,0,0,0,0,0,0,8,0,0,0,0,0,0,0,0,0,0,0,0,0,0,0,0,0,0,0,0,49,66,34,39,41,33,13,16,6,297
11101121309,core,0,0,4,0,0,4,0,4,0,15,0,0,4,3,0,5,0,0,0,11,0,3,0,0,0,0,0,0,0,10,7,11,0,0,0,0,0,0,0,30,5,11,4,0,4,0,0,0,0,25,3,10,3,0,5,0,0,5,0,20,0,5,0,0,0,0,0,0,0,5,0,0,0,0,0,0,0,0,0,0,0,0,0,0,0,0,0,0,0,0,24,35,16,7,11,8,0,8,0,114
11101121310,core,0,0,0,3,0,7,0,4,0,21,0,4,0,0,0,0,0,0,0,15,3,4,4,0,0,3,0,0,0,12,15,25,9,0,11,3,0,0,0,70,7,15,4,3,3,0,3,0,0,45,5,16,4,3,6,0,4,3,0,42,0,8,0,0,0,0,0,3,0,13,0,0,0,0,0,0,0,0,0,0,0,0,0,0,0,0,0,0,0,0,33,71,25,14,27,15,8,19,0,224
11101121311,core,0,0,0,3,0,8,0,0,0,19,0,0,6,5,0,3,0,3,0,20,4,10,0,0,4,4,0,0,0,26,0,15,4,4,9,0,4,0,0,36,13,19,9,9,15,3,5,3,0,73,4,9,8,3,6,4,3,8,0,39,0,4,4,0,0,0,0,0,0,17,0,0,0,0,0,0,0,0,0,0,0,0,0,0,0,0,0,0,0,0,28,64,20,21,36,21,11,22,0,223
11101121312,core,0,0,0,5,0,9,0,3,0,18,0,6,6,0,0,0,0,0,0,21,4,7,5,4,3,0,3,3,0,27,5,11,4,0,12,0,3,0,0,40,8,3,3,12,10,4,4,5,6,51,6,10,10,9,9,4,0,0,0,43,0,3,0,4,3,0,0,0,0,11,0,0,0,0,0,0,0,0,0,0,0,0,0,0,0,0,0,0,0,0,20,44,33,30,38,24,8,10,3,212
11101121313,core,0,0,0,0,0,9,0,5,0,14,0,5,0,0,0,0,0,0,0,14,4,7,10,0,0,0,5,0,0,23,3,0,0,7,6,0,0,0,0,23,8,16,3,0,7,6,0,0,0,42,0,4,4,0,8,0,0,4,0,23,0,0,0,0,0,0,0,0,0,6,0,0,0,0,0,0,0,0,0,0,0,0,0,0,0,0,0,0,0,0,18,31,26,14,26,20,3,13,0,142
11101121314,core,0,0,0,6,0,8,0,12,0,19,0,0,3,4,3,6,3,0,0,18,0,9,3,0,3,0,0,3,0,22,9,19,5,0,3,3,5,0,0,40,14,26,9,4,13,0,0,0,0,69,7,15,3,0,14,4,11,3,0,55,4,4,3,0,0,0,0,5,0,17,0,0,0,0,0,0,0,0,0,0,0,0,0,0,0,0,0,0,0,0,31,78,27,21,29,19,19,21,0,243
11101121315,core,0,0,5,4,3,12,0,8,0,29,0,3,7,3,4,3,0,0,0,21,4,12,5,0,0,0,0,0,0,24,14,25,9,4,7,0,0,0,0,52,12,22,9,3,12,4,3,0,0,66,7,9,3,3,14,3,0,3,0,37,0,12,0,0,3,0,0,0,0,13,0,0,0,0,0,0,0,0,0,3,0,0,0,0,0,0,0,0,0,0,35,74,37,19,40,26,7,11,0,254
11101121316,core,0,0,0,3,0,0,0,0,0,15,0,0,0,4,0,4,0,3,0,13,0,4,0,0,0,0,0,0,0,4,3,16,3,0,4,0,0,0,0,27,9,8,9,6,3,0,0,0,0,31,5,5,3,6,0,0,0,0,0,20,0,5,0,0,0,0,0,0,0,4,0,0,0,0,0,0,0,0,0,0,0,0,0,0,0,0,0,0,0,0,19,37,15,17,10,12,0,11,0,109
11101121317,core,0,0,6,4,0,6,0,8,0,21,0,0,5,0,0,0,0,0,0,14,6,9,3,3,0,0,0,0,0,24,11,21,3,0,4,0,0,0,0,39,8,9,9,4,16,0,0,4,0,52,7,17,5,5,8,8,0,0,0,54,0,0,5,0,0,0,0,0,0,9,0,0,0,0,0,0,0,0,0,0,0,0,0,0,0,0,0,0,0,0,28,63,35,23,37,18,5,18,5,224
11101121318,core,0,0,0,9,0,6,0,0,0,16,0,3,4,5,0,7,0,0,0,25,5,9,7,5,8,0,0,0,0,30,9,19,13,0,9,3,0,0,0,59,7,13,4,0,8,0,8,0,0,45,5,21,3,9,17,3,0,3,0,60,0,5,0,0,0,3,0,0,0,12,0,0,0,0,0,0,0,0,0,0,0,0,0,0,0,0,0,0,0,0,32,63,32,37,40,19,12,13,0,248
11101121319,core,0,0,5,0,0,9,0,7,0,16,0,0,0,9,0,0,0,0,0,13,3,16,5,4,4,0,0,0,0,31,15,25,6,7,10,3,0,0,0,70,14,6,12,4,7,0,8,0,0,48,5,14,4,0,8,3,0,0,0,37,3,3,0,0,0,0,0,0,0,10,0,0,0,0,0,0,0,0,0,0,0,0,0,0,0,0,0,0,0,0,36,72,28,20,32,21,13,11,0,223
11101121320,core,0,0,0,6,0,5,0,0,0,9,0,4,6,3,0,0,0,4,0,14,0,4,0,0,0,0,0,0,0,9,3,4,6,0,6,0,4,5,0,30,7,10,3,0,4,0,0,0,0,30,3,12,0,3,3,0,0,5,0,27,0,0,0,0,0,0,0,0,0,4,0,0,0,0,0,0,0,0,0,0,0,0,0,0,0,0,0,0,0,0,11,32,18,11,12,14,4,13,6,126
11101121321,core,0,0,0,4,0,4,0,3,0,16,6,0,0,6,0,3,0,0,0,21,3,12,6,3,0,0,0,0,0,26,10,27,4,4,12,0,0,3,0,56,9,17,9,6,8,3,3,3,0,54,4,4,10,7,5,0,0,0,0,30,0,9,4,0,6,4,0,0,0,16,0,0,0,0,0,0,0,0,0,0,0,0,0,0,0,0,0,0,0,0,33,66,27,21,33,15,6,10,0,215
11101121322,core,0,0,6,4,0,5,0,3,0,26,0,4,0,3,0,6,0,0,0,19,7,0,0,3,3,0,0,0,0,15,17,37,10,4,4,0,3,5,3,82,16,23,7,7,13,4,0,3,3,65,9,11,3,0,7,0,0,0,0,41,0,7,4,0,0,0,0,0,0,15,0,0,0,0,0,0,0,0,0,0,0,0,0,0,0,0,0,0,0,0,43,80,28,23,36,17,13,13,13,264
11101121323,core,0,3,4,6,0,16,3,17,0,43,0,3,5,7,0,9,0,4,0,31,3,4,0,6,3,0,0,0,0,30,9,25,16,4,11,7,0,0,0,66,33,27,3,6,20,11,8,0,0,106,10,13,6,9,0,3,0,0,0,46,0,4,0,3,4,0,0,0,0,13,0,0,0,0,0,0,0,0,0,0,0,0,0,0,0,0,0,0,0,0,65,80,32,37,42,42,9,22,3,337
11101121324,core,0,0,0,7,0,7,0,3,0,27,0,5,9,12,0,5,0,3,0,29,3,6,8,4,6,5,0,0,0,33,10,16,4,3,4,0,0,5,0,37,18,20,10,3,8,4,0,0,0,68,13,21,8,0,7,5,3,0,0,62,4,0,0,0,5,0,0,0,0,12,0,0,0,0,0,0,0,0,0,0,0,0,0,0,0,0,0,0,0,0,52,72,35,31,28,23,0,12,5,266
11101121325,core,0,0,0,0,0,5,0,3,0,21,0,0,5,4,3,3,0,0,0,8,0,14,0,4,6,0,3,4,0,31,17,19,12,8,5,0,6,0,0,66,11,20,7,5,9,0,0,0,0,56,15,15,0,4,5,6,0,0,0,53,0,9,0,0,11,0,0,0,0,17,0,0,0,0,0,0,0,0,0,3,0,0,0,0,0,0,0,0,0,0,43,81,26,22,27,16,12,11,3,245
11101121326,core,0,0,3,9,0,3,0,0,0,10,0,3,3,0,0,5,0,0,0,13,0,3,3,0,0,0,0,0,0,19,4,18,5,3,4,0,0,0,0,41,15,18,7,8,8,0,0,0,3,59,12,14,3,0,9,6,0,0,0,40,6,0,5,0,0,0,0,0,0,13,0,0,0,0,0,0,0,0,0,6,0,0,0,0,0,0,0,0,0,0,40,59,22,24,21,12,9,3,4,198
11101121327,core,0,0,5,8,0,6,0,0,0,14,0,0,0,3,0,0,0,0,0,9,5,13,5,0,4,6,0,0,0,33,4,14,3,0,5,3,0,0,0,37,15,20,3,0,11,3,0,0,3,59,5,13,8,3,4,6,5,0,0,43,5,5,0,0,5,6,0,0,0,16,0,0,0,0,0,0,0,0,0,0,0,0,0,0,0,0,0,0,0,0,36,64,29,22,30,27,7,6,3,217
11101121328,core,0,0,0,0,0,0,0,6,0,9,0,0,6,3,0,0,0,0,0,19,0,8,0,3,0,0,0,0,0,20,4,18,6,0,3,0,0,0,0,39,4,10,3,4,3,0,0,0,0,31,8,11,8,4,4,0,0,5,0,40,4,3,0,0,5,0,0,0,0,14,0,0,0,0,0,0,0,0,0,0,0,0,0,0,0,0,0,0,0,0,23,56,27,13,17,4,3,10,0,160
11101121329,core,0,0,4,3,0,0,0,4,0,16,0,3,4,6,0,0,0,0,0,11,0,6,3,4,5,0,0,0,0,20,0,9,11,4,4,0,0,0,0,29,8,10,0,3,0,0,0,7,0,34,6,13,3,0,0,3,3,0,0,30,0,3,4,0,4,0,0,0,0,12,0,0,0,0,0,0,0,0,0,0,0,0,0,0,0,0,0,0,0,0,16,37,23,25,25,5,7,6,3,145
11101121330,core,0,0,3,6,0,3,5,11,0,16,0,0,5,5,3,3,0,4,0,19,0,15,3,0,0,5,0,0,0,25,10,20,7,0,5,0,0,0,0,47,9,19,3,9,5,3,0,0,0,55,7,10,7,3,7,3,0,4,0,45,0,8,0,4,3,0,0,0,0,11,0,0,0,0,0,0,0,0,0,0,0,0,0,0,0,0,0,0,0,0,28,82,28,19,25,19,9,17,0,224
11101121401,core,0,0,0,0,0,5,0,5,0,10,0,0,4,6,5,0,0,0,0,14,0,10,6,0,0,0,0,0,0,29,20,21,7,8,3,0,5,3,0,65,9,23,10,5,5,0,5,0,0,66,9,14,3,10,3,3,7,4,0,50,0,4,0,0,4,0,0,0,0,8,0,0,0,0,0,0,0,0,0,0,0,0,0,0,0,0,0,0,0,0,38,74,32,25,23,12,19,8,4,242
11101121402,core,0,0,3,3,0,10,0,8,0,22,0,0,0,5,0,0,0,0,0,14,3,13,3,0,4,4,0,0,0,33,7,18,7,3,4,0,0,0,0,35,7,12,8,0,9,7,0,4,0,39,10,5,7,3,10,5,3,0,0,49,3,0,0,0,0,0,0,0,0,4,3,0,0,0,0,0,0,0,0,3,0,0,0,0,0,0,0,0,0,0,34,59,25,17,26,18,7,10,3,205
11101121403,core,0,0,3,13,0,4,0,3,0,23,0,0,7,11,7,0,0,7,0,33,6,4,9,0,0,0,5,0,0,33,6,21,9,3,4,4,0,0,0,57,10,19,5,8,18,5,5,3,0,80,19,20,10,4,6,5,0,5,0,73,0,3,0,8,3,0,3,0,0,20,0,3,0,0,0,0,0,0,0,5,0,0,0,0,0,0,0,0,0,0,49,83,40,44,43,23,14,23,3,317
11101121404,core,0,0,4,7,0,16,0,9,0,33,3,0,4,7,0,13,0,3,0,33,8,16,5,3,3,5,0,0,0,42,16,43,12,11,15,5,0,7,0,113,19,39,8,17,25,6,0,3,0,118,5,13,3,3,7,0,6,0,0,46,4,0,0,0,0,3,4,0,0,15,0,0,0,0,0,0,0,0,0,0,0,0,0,0,0,0,0,0,0,0,56,120,50,49,48,45,16,23,3,402
11101121405,core,0,0,0,0,0,0,0,0,0,0,0,0,0,0,0,0,0,0,0,0,0,0,0,0,0,0,0,0,0,0,0,0,0,0,0,0,0,0,0,0,0,0,0,0,0,0,0,0,0,0,0,0,0,0,0,0,0,0,0,0,0,0,0,0,0,0,0,0,0,0,0,0,0,0,0,0,0,0,0,0,0,0,0,0,0,0,0,0,0,0,0,0,0,0,0,0,0,0,0,0
11101121406,core,0,0,5,5,0,5,0,4,0,22,0,4,4,6,0,3,0,3,0,33,6,9,3,3,5,0,0,0,0,23,12,16,0,7,9,4,0,0,0,47,10,21,3,10,14,6,0,0,0,61,3,20,12,4,13,4,0,0,0,63,0,6,0,0,4,0,0,0,0,9,0,0,0,0,0,0,0,0,0,0,0,0,0,0,0,0,0,0,0,0,37,78,26,34,36,21,5,17,0,255
11101121407,core,0,0,3,3,0,5,0,0,0,13,3,4,5,6,0,0,0,0,0,13,0,16,6,3,0,0,0,5,0,39,0,17,3,6,4,0,7,0,0,43,8,13,8,3,4,0,8,0,0,51,3,8,3,10,11,0,3,4,0,39,3,0,0,0,0,0,0,0,0,3,0,0,0,0,0,0,0,0,0,0,0,0,0,0,0,0,0,0,0,0,21,56,32,26,27,10,23,13,0,206
11101121408,core,0,0,4,0,0,6,0,0,0,10,0,3,0,0,0,0,0,0,0,9,6,7,5,3,0,0,0,0,0,32,10,10,8,4,0,0,0,3,0,36,3,14,5,3,7,0,0,4,0,43,3,4,4,0,0,0,4,0,0,17,0,3,0,0,0,0,0,0,0,6,0,0,0,0,0,0,0,0,0,0,0,0,0,0,0,0,0,0,0,0,21,44,21,14,17,5,9,16,4,153
11101121409,core,0,0,0,3,0,4,0,3,0,9,0,0,0,0,0,0,0,0,0,6,0,5,5,0,3,0,0,0,0,12,3,15,9,7,4,0,0,3,0,34,4,15,3,3,0,0,0,0,0,27,0,5,0,8,3,0,0,0,0,22,0,4,0,0,0,0,0,0,0,5,0,0,0,0,0,0,0,0,0,3,0,0,0,0,0,0,0,0,0,0,5,37,15,20,18,11,8,5,0,125
11101121410,core,0,0,3,4,0,3,0,0,0,12,0,3,3,3,0,3,0,5,0,21,0,14,12,8,0,0,0,0,0,43,11,16,12,8,3,4,0,4,0,52,7,14,4,14,11,3,0,9,0,66,13,12,6,11,14,8,4,4,0,59,5,3,0,0,4,4,0,0,0,13,0,0,0,0,0,0,0,0,0,0,0,0,0,0,0,0,0,0,0,0,37,58,42,46,38,31,12,16,0,276
11101121411,core,0,3,5,10,0,13,0,5,0,29,0,0,0,3,0,4,0,4,0,13,5,6,6,0,6,0,0,3,0,21,4,20,10,3,6,0,0,3,0,51,5,20,6,7,9,0,0,0,3,47,3,10,6,3,6,7,3,0,0,43,0,0,0,0,0,0,0,0,0,3,0,0,0,0,0,0,0,0,0,0,0,0,0,0,0,0,0,0,0,0,23,58,30,27,19,21,14,18,3,210
11101121412,core,0,0,0,0,0,0,0,4,0,5,0,0,4,5,0,0,0,0,0,11,0,4,7,3,0,0,0,0,0,17,5,10,0,0,0,0,0,0,0,12,4,6,3,5,0,0,0,0,0,16,0,3,0,3,3,0,0,0,0,20,3,0,0,0,0,0,0,0,0,5,0,0,0,0,0,0,0,0,0,0,0,0,0,0,0,0,0,0,0,0,11,25,15,17,10,0,3,0,0,93
11101121413,core,0,0,4,5,0,13,0,3,0,17,0,4,0,0,4,5,0,0,0,14,0,6,4,0,0,0,0,0,0,19,4,24,7,6,9,3,0,0,0,54,15,16,4,9,14,0,0,3,0,59,14,14,5,5,8,0,0,0,0,42,0,7,0,0,0,0,0,0,0,12,0,0,0,0,0,0,0,0,0,0,0,0,0,0,0,0,0,0,0,0,28,67,22,27,36,23,5,11,0,219
11101121414,core,0,0,0,7,4,4,0,5,0,21,0,3,7,6,11,5,0,3,0,33,0,12,4,6,3,4,6,5,0,45,6,20,10,10,15,3,3,0,3,65,11,20,10,10,13,6,0,4,0,76,6,11,5,3,8,8,7,3,0,50,0,6,3,0,3,0,0,0,0,13,0,0,0,0,0,0,0,0,0,0,0,0,0,0,0,0,0,0,0,0,25,68,45,46,53,28,13,18,4,304
11101121415,core,0,0,0,3,0,3,0,8,0,13,3,6,3,12,5,8,0,0,0,32,7,8,19,6,8,3,0,5,0,53,7,10,8,8,6,8,8,5,0,61,5,3,10,4,13,5,4,3,0,55,3,5,19,15,4,0,7,8,0,54,0,0,5,3,0,0,0,0,0,14,0,0,0,0,0,0,0,0,0,3,0,0,0,0,0,0,0,0,0,0,24,34,66,50,43,32,23,31,3,298
11101121416,core,0,0,0,3,0,10,0,6,0,25,0,0,0,0,3,3,0,3,0,13,5,6,0,6,4,4,0,5,0,32,6,15,0,0,6,0,0,0,0,31,3,11,8,3,9,3,0,6,0,46,0,7,0,3,12,6,7,3,0,33,0,0,0,0,0,0,0,0,0,4,0,0,0,0,0,0,0,0,0,3,0,0,0,0,0,0,0,0,0,0,19,41,24,23,35,16,10,22,0,187
11101121417,core,0,0,0,3,0,4,0,4,0,14,0,0,0,0,0,3,0,0,0,7,7,13,12,5,5,5,3,3,0,55,0,11,6,9,7,0,0,0,0,24,7,5,4,3,6,0,0,3,0,35,3,8,6,3,9,0,5,0,0,38,0,5,0,0,6,4,0,0,0,13,0,0,0,0,0,0,0,0,0,0,0,0,0,0,0,0,0,0,0,0,22,36,26,17,32,17,15,16,0,183
11101121419,core,0,0,0,3,0,10,0,0,0,12,0,3,3,5,0,10,0,3,0,27,6,14,7,10,13,5,4,9,0,73,6,9,4,7,6,7,3,4,0,54,4,12,3,8,7,3,4,6,0,42,3,9,8,11,0,3,4,7,0,44,0,0,0,0,0,0,0,0,0,5,0,0,0,0,0,0,0,0,0,0,0,0,0,0,0,0,0,0,0,0,22,54,32,53,31,30,17,26,0,258
11101121420,core,0,0,0,0,0,0,0,0,0,0,0,0,0,0,0,0,0,0,0,0,0,0,0,0,0,0,0,0,0,0,0,0,0,0,0,0,0,0,0,0,0,0,0,0,0,0,0,0,0,0,0,0,0,0,0,0,0,0,0,0,0,0,0,0,0,0,0,0,0,0,0,0,0,0,0,0,0,0,0,0,0,0,0,0,0,0,0,0,0,0,0,0,0,0,0,0,0,0,0,3
11101121421,core,0,0,0,5,0,6,0,3,0,18,0,0,3,0,0,5,0,0,0,11,4,10,4,4,0,0,3,0,0,28,3,0,4,3,0,3,5,4,0,32,7,15,5,8,8,3,0,4,0,56,5,3,0,5,17,0,0,0,0,32,0,0,0,0,4,0,0,0,0,8,0,0,0,0,0,0,0,0,0,0,0,0,0,0,0,0,0,0,0,0,24,35,13,30,26,23,14,17,3,186
11101121422,core,0,0,4,0,0,10,0,5,0,17,0,4,3,0,0,4,0,0,0,12,7,10,7,4,4,8,0,5,0,37,10,17,3,8,5,0,0,3,4,50,3,9,8,3,10,4,5,4,0,43,0,4,6,3,11,0,4,3,0,34,0,5,0,0,0,0,0,0,0,15,0,0,0,0,0,0,0,0,0,0,0,0,0,0,0,0,0,0,0,0,21,40,29,23,31,21,12,15,6,212
11101121423,core,0,0,0,6,0,9,0,3,0,23,0,6,3,4,6,4,0,0,0,18,6,14,4,4,3,0,0,5,0,37,6,6,5,12,0,3,0,0,0,35,15,12,6,5,7,0,0,3,0,57,4,3,6,0,5,6,0,0,0,33,0,0,0,0,0,0,0,0,0,0,0,0,0,0,0,0,0,0,0,0,0,0,0,0,0,0,0,0,0,0,34,39,27,34,24,20,3,17,3,199
11101121424,core,0,0,3,0,0,3,0,0,0,8,0,0,0,5,0,0,0,0,0,8,0,9,5,3,0,0,4,4,0,23,3,3,9,5,10,0,3,0,0,34,0,3,6,0,8,0,0,0,0,29,0,6,0,7,7,0,0,5,0,33,0,3,4,0,4,0,0,0,0,7,0,0,0,0,0,0,0,0,0,0,0,0,0,0,0,0,0,0,0,0,15,29,29,15,27,8,9,13,0,146
11101121425,core,0,0,0,0,0,6,0,4,0,20,0,0,0,0,0,0,0,6,0,12,5,6,0,0,0,4,5,0,0,20,3,7,0,0,8,7,3,6,0,29,3,17,8,0,3,0,3,6,0,41,9,3,0,7,5,0,0,0,0,31,0,0,0,0,0,0,0,0,0,8,0,0,0,0,0,0,0,0,0,0,0,0,0,0,0,0,0,0,0,0,14,29,16,12,23,16,11,16,0,156
11101121426,core,0,0,4,0,0,8,0,5,0,17,0,0,6,8,0,0,0,3,0,19,6,15,11,10,4,0,0,0,0,50,8,16,8,3,5,0,3,0,0,48,0,17,9,6,10,3,0,0,0,48,0,9,6,3,4,0,6,0,0,33,0,7,0,0,0,0,0,0,0,6,0,0,0,0,0,0,0,0,0,4,0,0,0,0,0,0,0,0,0,0,18,70,38,35,26,18,13,19,4,225
11101121427,core,0,0,0,0,4,7,0,0,0,12,0,3,4,0,6,6,0,0,0,19,3,18,15,8,3,3,0,0,0,57,3,15,6,5,3,0,8,8,0,42,8,10,8,5,5,3,4,3,0,43,7,11,6,3,12,0,0,0,0,38,0,0,0,0,3,0,4,0,0,13,0,0,0,0,0,0,0,0,0,4,0,0,0,0,0,0,0,0,0,0,23,53,39,18,35,20,16,19,3,226
11101121428,core,0,0,0,0,0,11,0,6,0,18,3,3,5,5,0,3,0,0,0,23,0,6,4,5,9,3,3,3,0,37,9,13,5,4,3,0,0,0,0,38,14,12,4,9,15,4,5,7,0,67,9,15,4,6,5,0,8,3,0,50,0,0,0,0,0,4,5,0,0,10,0,0,0,0,0,0,0,0,0,0,0,0,0,0,0,0,0,0,0,0,35,51,20,33,36,26,23,19,3,240
11101121429,core,0,0,4,7,0,3,0,0,0,10,0,3,0,0,3,0,0,0,0,12,0,11,4,6,0,3,0,0,0,23,4,11,8,0,6,0,0,5,0,38,0,12,9,4,10,0,3,0,0,34,7,3,8,3,6,0,0,0,0,29,0,0,0,0,0,0,0,0,0,3,0,0,0,0,0,0,0,0,0,0,0,0,0,0,0,0,0,0,0,0,15,39,25,18,23,14,5,7,3,152
11101121430,core,0,0,0,0,0,0,0,5,0,15,0,4,0,0,4,4,0,0,0,15,4,9,5,5,4,0,4,0,3,29,5,14,11,6,4,3,7,0,0,51,10,20,0,7,16,4,6,3,0,63,4,6,3,6,7,3,0,3,0,41,0,4,0,0,0,0,0,0,0,8,0,0,0,0,0,0,0,0,0,0,0,0,0,0,0,0,0,0,0,0,23,60,25,38,29,21,15,15,4,220
11101121431,core,0,0,7,0,0,3,0,5,0,13,0,7,0,10,7,4,0,10,0,31,3,3,3,0,8,5,3,0,0,22,0,14,9,3,3,5,0,3,0,38,4,8,3,0,4,3,0,3,0,28,5,3,3,0,5,4,3,0,0,31,0,4,0,0,0,0,0,0,0,4,0,0,0,0,0,0,0,0,0,0,0,0,0,0,0,0,0,0,0,0,16,41,18,21,19,25,11,16,8,172
11101121432,core,0,0,0,0,0,3,0,9,0,22,0,0,3,5,0,3,0,3,0,28,3,17,4,8,6,0,4,4,0,50,7,25,10,8,8,6,0,9,0,64,6,21,3,0,8,3,0,6,0,57,9,11,4,6,4,0,0,5,0,32,3,4,0,0,3,0,0,4,0,15,0,0,0,0,0,0,0,0,0,5,0,0,0,0,0,0,0,0,0,0,29,82,29,25,33,21,16,33,0,265
11101121433,core,0,0,5,3,0,10,0,4,0,21,0,3,6,0,0,4,0,3,0,16,3,8,3,4,3,3,0,8,0,30,5,14,4,6,6,3,0,0,0,36,7,20,3,9,9,3,3,0,0,63,6,5,5,0,4,0,0,6,0,32,0,5,0,0,4,0,0,0,0,10,0,0,0,0,0,0,0,0,0,3,0,0,0,0,0,0,0,0,0,0,28,53,25,19,28,21,8,19,0,206
11101121435,core,0,0,6,3,0,3,0,4,0,15,0,0,0,0,0,5,0,4,0,19,6,22,14,9,13,3,6,3,0,75,12,10,9,8,5,0,5,0,0,52,3,8,6,9,7,8,8,7,0,44,4,5,0,0,3,5,0,3,0,19,0,0,0,0,4,0,0,0,0,5,0,0,0,0,0,0,0,0,0,0,0,0,0,0,0,0,0,0,0,0,22,51,40,30,28,21,18,20,0,232
11101121436,core,0,0,0,5,0,0,0,0,0,8,0,9,0,0,4,4,0,0,0,14,4,10,5,3,4,0,3,0,0,29,5,18,4,0,9,0,0,0,0,39,5,15,5,8,7,5,0,0,4,43,8,5,0,3,10,3,0,0,0,31,0,0,0,0,0,0,0,0,0,3,0,0,0,0,0,0,0,0,0,5,0,0,0,0,0,0,0,0,0,0,25,61,11,14,27,21,8,4,8,176
11101121437,core,0,0,0,0,0,0,0,0,0,0,0,0,0,0,0,0,4,0,0,10,0,9,3,3,4,4,0,0,0,23,0,3,0,0,6,0,0,0,0,12,9,3,0,4,6,6,0,0,0,20,7,5,0,0,10,0,0,0,0,28,0,0,0,0,5,0,0,0,0,12,0,0,0,0,0,0,0,0,0,0,0,0,0,0,0,0,0,0,0,0,19,29,8,12,28,6,6,0,0,109
11101121438,core,0,0,0,0,0,0,0,0,0,0,0,0,0,0,0,0,0,0,0,0,0,0,0,0,0,0,0,0,0,0,0,0,0,0,0,0,0,0,0,0,0,0,0,0,0,0,0,0,0,0,0,0,0,0,0,0,0,0,0,0,0,0,0,0,0,0,0,0,0,0,0,0,0,0,0,0,0,0,0,0,0,0,0,0,0,0,0,0,0,0,0,0,0,0,0,0,0,0,0,0
11102121501,core,0,0,0,0,0,9,0,0,0,17,0,0,3,0,0,6,0,0,0,14,0,4,5,0,4,0,0,0,0,10,3,3,0,7,3,0,0,5,0,21,5,8,3,4,9,0,5,4,0,36,0,0,4,0,3,0,7,0,0,12,0,0,0,0,4,0,0,0,0,9,0,0,0,0,0,0,0,0,0,0,0,0,0,0,0,0,0,0,0,0,7,16,14,12,21,20,10,6,0,123
11102121502,core,0,0,0,0,0,0,0,0,0,10,0,0,4,9,3,4,0,5,0,20,0,8,4,3,4,3,0,3,0,28,0,6,0,0,0,4,5,5,0,22,6,6,4,6,9,3,5,4,0,43,6,9,8,0,3,4,11,6,0,35,0,0,0,0,0,0,0,0,0,4,0,0,0,0,0,0,0,0,0,0,0,0,0,0,0,0,0,0,0,0,9,38,29,24,16,14,18,19,0,169
11102121503,core,0,0,0,0,0,0,0,5,0,9,4,0,5,8,0,0,0,0,0,10,5,5,3,3,3,0,0,0,0,26,0,10,12,5,6,3,0,0,0,35,3,4,0,3,0,3,6,0,0,20,0,5,5,6,3,5,6,10,6,36,0,0,0,0,0,0,0,0,0,0,0,0,0,0,0,0,0,0,0,0,0,0,0,0,0,0,0,0,0,0,13,15,28,20,18,11,11,13,6,139
11102121504,core,0,0,0,3,0,4,0,0,0,12,0,0,5,6,0,4,0,0,0,17,0,17,4,10,4,4,0,3,0,37,0,13,3,4,6,0,0,0,0,25,6,11,12,9,8,7,4,0,0,51,6,10,6,3,9,7,3,0,0,32,0,0,0,0,0,0,0,0,0,0,0,0,0,0,0,0,0,0,0,0,0,0,0,0,0,0,0,0,0,0,17,45,25,25,26,16,7,7,0,175
11102121505,core,0,0,0,3,0,6,0,3,0,11,0,0,4,0,0,9,0,0,0,12,4,8,7,5,9,3,0,6,0,32,0,9,8,11,3,0,0,0,0,31,9,4,6,7,5,0,4,0,0,46,12,8,10,7,11,3,7,0,0,50,0,3,0,0,0,0,0,0,0,10,0,0,0,0,0,0,0,0,0,0,0,0,0,0,0,0,0,0,0,0,23,45,32,27,24,19,19,14,0,201
11102121506,core,0,0,3,0,4,4,0,3,0,19,0,0,3,3,0,4,3,6,0,28,9,9,19,13,10,4,7,3,0,73,0,7,8,8,3,0,0,0,5,38,8,0,5,10,14,6,5,7,0,40,5,0,0,6,3,0,9,6,0,30,0,0,3,3,0,0,0,0,0,7,0,0,0,0,0,0,0,0,0,0,0,0,0,0,0,0,0,0,0,0,23,20,45,37,31,16,25,22,5,230
11102121507,core,0,0,3,3,0,0,0,5,0,11,0,3,11,0,0,0,0,0,0,17,0,8,6,5,0,3,0,0,0,24,6,7,5,3,0,0,0,0,0,26,5,6,3,9,6,3,4,4,0,37,5,24,4,7,8,8,5,4,0,56,0,0,0,0,0,0,0,0,0,5,0,0,0,0,0,0,0,0,0,7,0,0,0,0,0,0,0,0,0,0,12,41,29,30,22,22,14,8,4,184
11102121508,core,0,0,0,0,0,0,0,3,0,9,0,0,5,5,0,4,0,3,0,17,0,10,6,3,0,3,3,0,0,22,0,5,8,7,0,5,0,5,0,28,0,0,0,0,5,0,4,5,0,13,5,0,4,3,0,0,8,3,0,25,0,0,0,0,0,0,0,0,0,5,0,0,0,0,0,0,0,0,0,0,0,0,0,0,0,0,0,0,0,0,9,15,28,14,14,10,14,18,0,119
11102121509,core,0,0,0,5,0,3,0,4,0,14,0,0,0,3,3,0,0,5,0,10,3,4,10,4,0,0,0,0,0,32,0,16,6,0,5,3,6,0,0,35,6,5,4,7,3,0,7,3,0,39,8,8,0,0,9,3,0,4,0,36,0,9,0,0,0,0,0,0,0,5,0,0,0,0,0,0,0,0,0,0,0,0,0,0,0,0,0,0,0,0,20,35,23,21,22,18,12,21,0,173
11102121510,core,0,0,3,0,3,3,0,7,0,16,0,0,0,3,0,0,0,3,0,12,0,3,6,10,5,0,3,7,0,30,0,0,0,6,4,0,0,3,0,27,0,3,9,3,5,3,5,7,0,34,0,0,0,6,3,0,0,3,0,15,0,0,0,0,0,0,0,0,0,5,0,0,0,0,0,0,0,0,0,0,0,0,0,0,0,0,0,0,0,0,5,21,21,30,17,17,13,28,0,144
11102121511,core,0,0,7,0,0,3,0,3,0,8,0,0,4,6,0,0,0,3,0,16,0,11,10,5,3,4,4,4,0,41,7,19,9,13,0,5,6,6,0,59,3,6,11,3,0,3,8,0,8,42,11,4,3,8,3,0,0,6,0,35,0,0,0,0,0,0,0,0,0,4,0,0,0,0,0,0,0,0,0,0,0,0,0,0,0,0,0,0,0,0,23,43,41,30,7,14,14,17,10,210
11102121512,core,0,0,0,0,0,0,0,0,0,3,0,0,0,3,0,4,0,0,0,11,0,4,7,3,6,0,0,4,0,19,3,12,7,3,3,0,0,4,0,31,4,3,3,7,8,5,0,4,0,29,5,0,5,5,4,8,5,4,0,24,0,0,4,0,0,0,0,0,0,0,0,0,0,0,0,0,0,0,0,0,0,0,0,0,0,0,0,0,0,0,8,12,27,21,16,17,6,12,0,128
11102121513,core,0,0,3,0,0,8,0,0,0,16,0,4,6,4,0,0,0,4,0,22,0,3,9,4,8,5,0,3,0,35,6,4,14,5,3,5,3,0,0,43,5,9,4,3,5,0,6,0,0,37,0,3,3,5,4,3,5,10,0,36,0,0,0,0,0,0,0,0,0,4,0,0,0,0,0,0,0,0,0,0,0,0,0,0,0,0,0,0,0,0,13,26,40,28,19,20,21,19,4,189
11102121514,core,0,0,0,0,0,3,0,0,0,3,0,3,0,0,0,0,0,0,0,8,0,3,9,5,0,3,3,6,0,23,0,3,0,0,0,0,0,3,0,14,0,0,6,8,0,3,3,4,0,20,0,0,0,0,0,0,4,7,0,24,0,0,0,0,0,0,0,0,0,4,0,0,0,0,0,0,0,0,0,0,0,0,0,0,0,0,0,0,0,0,3,19,20,20,9,6,9,25,0,104
11102121515,core,0,0,0,0,0,0,0,0,0,0,0,0,0,0,0,0,0,0,0,0,0,0,0,0,0,0,0,0,0,0,0,0,0,0,0,0,0,0,0,0,0,0,0,0,0,0,0,0,0,0,5,0,0,0,0,0,0,0,0,5,0,0,0,0,0,0,0,0,0,0,0,0,0,0,0,0,0,0,0,0,0,0,0,0,0,0,0,0,0,0,5,0,0,0,0,0,0,0,0,5
11102121516,core,0,0,0,3,0,5,0,0,0,10,0,6,9,9,0,3,0,0,0,27,3,3,13,10,4,6,5,5,0,50,4,4,9,4,4,0,3,0,0,36,4,8,11,5,5,3,6,5,0,45,4,3,5,8,8,0,0,6,0,35,0,0,0,0,0,3,0,0,0,9,0,0,0,0,0,0,0,0,0,0,0,0,0,0,0,0,0,0,0,0,15,32,42,34,17,20,18,25,4,212
11102121517,core,0,0,0,5,0,3,0,0,0,10,0,0,0,3,0,3,0,0,0,9,4,6,4,8,0,0,5,0,0,31,0,0,0,3,3,0,0,0,0,11,4,3,7,3,5,0,3,5,0,30,3,0,4,0,0,0,0,3,0,12,0,0,0,0,0,0,0,0,0,8,0,0,0,0,0,0,0,0,0,0,0,0,0,0,0,0,0,0,0,0,7,18,16,19,17,8,9,14,0,106
11102121518,core,0,0,3,3,4,17,0,4,0,39,0,6,11,8,0,9,4,0,0,54,17,80,37,27,35,11,19,19,5,250,33,48,28,25,17,8,9,3,4,176,20,26,15,18,22,10,8,5,7,131,11,16,13,9,15,3,3,0,0,75,0,3,0,0,5,0,0,4,0,12,0,0,0,0,0,0,0,0,0,0,0,0,0,0,0,0,0,0,0,0,88,184,117,95,101,50,50,43,13,736
11102121519,core,0,0,0,0,0,0,0,6,0,9,0,6,5,0,0,0,4,0,0,22,0,4,3,4,3,0,0,3,0,23,0,5,8,10,0,0,4,0,0,32,0,3,4,4,3,0,0,9,0,29,3,3,5,0,7,0,5,7,0,35,0,0,0,0,0,0,5,0,0,7,0,0,0,0,0,0,0,0,0,0,0,0,0,0,0,0,0,0,0,0,3,22,23,27,16,3,20,26,5,153
11102121520,core,0,0,0,0,0,4,0,6,0,7,0,0,3,0,0,5,5,6,0,10,4,13,5,4,0,6,0,0,0,34,4,0,4,4,4,3,4,3,0,25,3,0,0,3,4,0,0,0,0,22,0,5,3,10,6,0,8,9,0,35,0,0,0,0,0,0,0,0,0,0,0,0,0,0,0,0,0,0,0,0,0,0,0,0,0,0,0,0,0,0,13,22,22,24,14,11,15,18,0,139
11102121521,core,0,0,5,0,0,0,0,0,0,3,0,0,0,0,0,0,0,0,0,6,0,4,0,0,0,0,0,0,0,4,0,0,0,0,0,0,0,0,0,0,0,0,0,0,0,0,0,0,0,4,0,0,3,0,0,0,0,0,0,12,0,0,0,0,0,0,0,0,0,0,0,0,0,0,0,0,0,0,0,0,0,0,0,0,0,0,0,0,0,0,3,11,6,0,4,0,0,4,0,31
11102121522,core,0,0,10,0,0,0,0,0,0,15,0,0,11,3,7,5,0,6,0,36,5,11,14,13,4,3,6,6,0,69,4,10,3,11,5,0,3,6,0,38,5,3,6,8,8,0,6,7,0,42,0,8,4,3,3,3,3,3,0,34,0,0,0,0,0,0,0,0,0,7,0,0,0,0,0,0,0,0,0,0,0,0,0,0,0,0,0,0,0,0,23,31,45,38,25,13,18,31,3,226
11102121523,core,0,0,0,0,0,0,0,0,0,0,0,0,0,0,0,0,0,0,0,0,0,0,0,0,0,0,0,0,0,0,0,0,0,0,0,0,0,0,0,0,0,0,0,0,0,0,0,0,0,0,0,0,0,0,0,0,0,0,0,0,0,0,0,0,0,0,0,0,0,0,0,0,0,0,0,0,0,0,0,0,0,0,0,0,0,0,0,0,0,0,0,0,0,0,0,0,0,0,0,0
11102121524,core,0,0,0,4,0,7,0,3,0,14,0,3,10,4,0,0,6,3,0,31,3,16,13,7,4,0,5,3,0,53,8,10,0,10,10,3,3,3,0,54,3,7,3,3,11,5,0,4,0,46,8,5,3,0,0,5,5,6,0,33,5,0,0,0,0,0,0,0,0,8,0,0,0,0,0,0,0,0,0,0,0,0,0,0,0,0,0,0,0,0,19,41,29,30,30,23,21,24,0,229
11102121525,core,0,0,0,0,0,0,0,3,0,8,0,6,0,3,0,3,0,0,0,16,0,4,6,9,5,3,0,4,0,27,0,4,0,7,0,0,4,0,0,18,0,6,6,9,3,4,0,0,0,29,3,5,0,0,9,0,3,0,0,23,0,0,0,0,0,0,0,0,0,4,0,0,0,0,0,0,0,0,0,0,0,0,0,0,0,0,0,0,0,0,11,19,13,23,17,12,10,13,0,131
11102121601,core,0,0,0,0,3,0,0,3,0,7,3,0,0,6,0,0,0,0,0,12,0,3,7,0,8,3,0,4,4,30,0,0,5,4,3,0,3,0,0,25,5,8,16,0,10,0,0,0,0,44,4,0,0,3,4,0,0,0,3,22,0,4,0,0,0,0,0,0,0,8,0,0,0,0,0,0,0,0,0,0,0,0,0,0,0,0,0,0,0,0,18,20,30,15,24,9,5,11,8,147
11102121602,core,0,0,0,0,0,4,0,0,0,10,0,3,4,5,0,0,0,0,0,19,3,8,12,0,4,0,3,0,3,40,4,4,11,0,0,4,5,0,0,28,3,3,6,4,4,3,3,0,0,32,3,5,5,4,3,0,3,6,0,33,5,0,0,3,3,0,0,0,0,9,0,0,0,0,0,0,0,0,0,0,0,0,0,0,0,0,0,0,0,0,21,26,37,22,19,18,10,19,3,173
11102121603,core,0,0,4,0,0,7,0,9,0,24,3,7,10,11,3,8,0,6,0,42,5,18,21,15,8,4,4,8,0,67,8,7,11,10,9,0,8,10,0,61,15,15,9,12,13,7,8,10,0,93,5,22,10,5,9,4,8,8,0,80,0,0,3,0,4,0,0,4,5,20,0,0,0,0,0,0,0,0,0,0,0,0,0,0,0,0,0,0,0,0,42,71,62,43,47,33,31,45,4,381
11102121604,core,0,0,0,4,0,0,0,3,0,6,0,7,4,0,0,4,0,0,0,22,0,3,7,4,0,0,0,5,3,26,0,6,0,9,4,0,3,4,0,29,8,12,7,6,9,6,10,3,4,58,7,5,5,11,4,0,3,4,0,40,3,0,0,0,3,0,4,0,0,14,3,0,0,0,0,0,0,0,0,5,0,0,0,0,0,0,0,0,0,0,24,34,26,34,28,17,23,16,5,200
11102121605,core,0,0,4,0,0,3,0,6,0,7,0,0,0,7,0,0,3,0,0,7,0,3,0,6,3,0,0,5,0,18,0,5,0,3,0,0,0,0,0,23,0,5,5,0,5,4,0,5,0,22,5,0,4,3,3,0,0,0,0,16,3,0,0,0,0,0,0,0,0,10,0,0,0,0,0,0,0,0,0,0,0,0,0,0,0,0,0,0,0,0,8,15,15,13,17,9,9,8,0,102
11102121606,core,0,3,3,3,0,7,0,4,0,18,0,0,3,6,0,4,0,4,5,22,4,8,17,11,4,4,5,4,0,51,6,11,16,7,9,4,8,4,0,58,4,13,5,3,11,0,4,4,4,53,11,9,13,6,0,3,3,4,0,45,3,0,0,3,0,0,0,0,0,15,0,0,0,0,0,0,0,0,0,0,0,0,0,0,0,0,0,0,0,0,30,45,56,37,32,21,25,23,6,271
11102121607,core,0,0,4,0,0,8,0,0,0,19,0,10,10,12,0,12,3,3,0,51,5,10,9,12,21,3,4,8,0,78,7,11,9,8,4,6,7,3,0,55,0,7,7,10,8,5,5,13,0,47,9,15,15,0,17,6,12,3,0,71,3,0,3,0,0,0,0,0,0,14,0,0,0,0,0,0,0,0,0,0,0,0,0,0,0,0,0,0,0,0,32,47,59,46,47,36,31,37,15,343
11102121608,core,0,0,6,8,0,5,4,10,0,30,3,0,8,11,0,8,6,11,0,45,14,22,20,18,11,12,11,11,0,124,18,34,15,13,20,10,6,5,0,123,13,17,12,13,13,4,7,9,0,90,5,6,7,8,13,0,5,9,0,57,0,0,0,0,0,0,3,0,0,10,0,0,0,0,0,0,0,0,0,3,0,0,0,0,0,0,0,0,0,0,52,85,63,72,69,47,40,50,3,478
11102121609,core,0,0,0,0,0,5,0,0,0,9,0,0,4,6,0,3,0,7,0,17,0,8,3,6,5,4,4,3,0,36,4,11,13,4,8,0,5,3,0,38,13,11,8,10,8,0,5,4,0,53,13,11,8,6,10,4,0,0,3,52,3,0,0,0,0,0,0,0,3,7,0,0,0,0,0,0,0,0,0,0,0,0,0,0,0,0,0,0,0,0,35,41,29,30,35,19,11,22,5,220
11102121610,core,0,0,6,0,0,3,0,0,0,12,0,0,0,4,0,4,0,0,0,15,3,0,4,0,4,0,0,7,0,23,0,0,5,0,4,3,3,0,0,21,4,10,6,6,8,4,0,0,3,39,9,14,3,0,5,5,0,0,0,37,0,4,4,0,0,0,0,0,0,12,0,0,0,0,0,0,0,0,0,0,0,0,0,0,0,0,0,0,0,0,18,29,32,16,24,19,11,6,3,148
11102121611,core,0,0,0,0,0,3,0,5,0,13,0,3,0,0,0,0,0,0,0,12,0,7,4,3,8,0,3,3,0,22,13,5,8,4,6,5,3,0,0,54,5,6,0,10,4,0,4,0,0,36,9,6,0,3,0,4,3,0,0,19,0,0,0,0,0,0,0,0,0,4,0,0,0,0,0,0,0,0,0,0,0,0,0,0,0,0,0,0,0,0,26,28,21,22,26,13,14,15,3,167
11102121612,core,0,0,5,3,3,8,0,0,0,26,0,4,7,5,0,6,0,0,0,22,11,8,8,10,9,4,10,8,3,66,21,17,10,5,6,5,0,3,5,72,10,19,13,8,12,6,5,8,0,87,12,14,7,4,17,3,0,3,0,69,0,15,0,0,7,0,3,4,0,27,0,0,0,0,0,0,0,0,0,5,0,0,0,0,0,0,0,0,0,0,57,75,54,34,53,30,28,30,6,361
11102121613,core,0,0,0,0,0,5,0,4,0,14,4,0,16,7,0,8,0,7,0,44,9,10,18,22,6,0,5,3,3,72,6,8,8,8,7,3,7,8,3,53,3,6,10,7,0,0,4,10,4,52,3,5,8,5,9,3,3,3,0,36,0,0,3,0,0,0,0,0,0,7,0,0,0,0,0,0,0,0,0,0,0,0,0,0,0,0,0,0,0,0,25,33,56,48,22,22,19,35,7,272
11102121614,core,0,0,6,3,0,4,0,3,0,14,0,6,3,3,3,5,0,5,0,23,5,4,8,6,0,4,3,3,0,38,4,4,4,7,3,0,3,4,0,40,0,8,6,6,7,4,4,0,0,31,0,3,4,3,10,3,5,9,0,26,0,0,0,0,0,0,0,0,0,3,0,0,0,0,0,0,0,0,0,0,0,0,0,0,0,0,0,0,0,0,14,18,31,27,19,16,17,24,0,175
11102121615,core,0,0,3,0,0,0,0,9,0,17,0,0,5,0,3,0,3,0,0,17,5,5,16,10,12,8,7,7,0,68,0,5,3,7,4,0,9,7,0,44,7,12,7,5,6,3,5,5,0,55,4,9,7,6,5,4,0,8,0,53,0,0,0,0,0,0,0,0,0,4,0,0,0,0,0,0,0,0,0,0,0,0,0,0,0,0,0,0,0,0,20,34,39,36,31,25,21,39,3,248
11102121616,core,0,0,0,3,0,7,0,3,0,9,0,0,9,4,7,0,0,0,0,16,3,5,6,4,5,4,0,5,0,34,0,5,4,5,0,3,3,6,0,34,6,9,10,11,4,3,0,3,0,40,3,5,9,7,8,4,4,5,4,43,0,4,4,0,0,0,0,0,0,11,0,6,0,0,0,0,0,0,0,4,0,0,0,0,0,0,0,0,0,0,23,28,28,33,23,18,10,16,3,189
11102121617,core,0,0,3,0,0,6,0,0,0,15,0,9,7,7,0,3,0,4,0,21,4,7,6,3,11,3,0,5,0,28,7,14,3,4,7,0,0,5,0,53,9,17,12,6,15,8,8,0,0,74,6,17,3,6,6,4,0,3,0,51,3,7,0,0,9,0,0,5,0,23,0,0,0,0,0,0,0,0,0,3,0,0,0,0,0,0,0,0,0,0,29,61,40,25,55,26,14,22,4,274
11102121701,core,0,0,0,0,0,0,0,0,0,0,0,0,0,0,0,0,0,0,0,0,0,0,0,0,0,0,0,0,0,0,0,0,0,0,0,0,0,0,0,0,0,0,0,0,0,0,0,0,0,4,0,0,0,0,0,0,0,0,0,5,0,0,0,0,0,0,0,0,0,0,0,0,0,0,0,0,0,0,0,0,0,0,0,0,0,0,0,0,0,0,0,4,0,0,0,0,0,5,0,9
11102121702,core,0,0,4,5,0,5,0,3,0,19,0,0,6,0,0,6,4,7,0,20,0,9,3,0,4,4,0,0,0,26,0,3,10,0,6,6,5,0,0,32,5,6,9,7,6,0,4,0,0,40,6,8,4,6,6,0,3,0,0,37,0,0,0,0,0,0,0,0,0,7,0,0,0,0,0,0,0,0,0,0,0,0,0,0,0,0,0,0,0,0,20,23,37,24,24,22,16,16,0,184
11102121703,core,0,0,0,0,0,0,0,0,0,3,0,4,0,3,0,0,0,0,0,13,0,9,12,0,6,4,7,5,0,40,0,9,6,0,3,0,0,0,0,23,3,0,3,5,0,0,4,7,0,25,0,0,0,0,0,0,0,0,0,5,0,3,0,0,0,0,0,0,0,3,0,0,0,0,0,0,0,0,0,0,0,0,0,0,0,0,0,0,0,0,8,23,20,14,8,13,13,14,0,117
11102121704,core,0,0,3,0,0,8,0,5,0,14,0,0,6,0,6,3,0,4,0,16,0,6,8,6,14,0,6,0,0,43,6,3,3,4,10,8,0,7,0,44,3,7,0,0,13,0,5,4,0,37,6,0,8,5,10,5,4,6,0,44,0,0,0,0,0,0,0,0,0,8,0,0,0,0,0,0,0,0,0,0,0,0,0,0,0,0,0,0,0,0,16,25,32,23,43,23,19,21,3,201
11102121705,core,0,0,0,0,0,0,0,4,3,12,0,0,6,3,3,0,4,6,0,22,0,20,15,6,9,4,5,8,0,75,0,8,5,6,0,0,5,4,0,38,0,3,14,5,10,3,0,8,0,41,0,0,5,5,5,0,5,11,0,39,0,0,0,0,0,0,0,0,0,6,0,0,0,0,0,0,0,0,0,0,0,0,0,0,0,0,0,0,0,0,12,33,42,34,33,23,16,38,9,230
11102121706,core,0,0,7,8,0,0,0,0,0,16,0,0,9,3,5,3,0,4,0,24,3,6,14,3,3,0,6,5,0,50,5,8,10,3,6,0,4,11,0,51,5,3,12,0,7,0,3,0,0,37,3,3,4,0,3,0,0,0,0,28,0,0,0,0,0,0,0,0,0,3,0,0,0,0,0,0,0,0,0,0,0,0,0,0,0,0,0,0,0,0,14,22,47,24,27,11,19,30,0,195
11102121707,core,0,0,0,0,0,0,0,3,0,3,0,0,5,4,0,0,0,0,0,5,3,5,9,5,0,6,0,8,0,37,3,7,0,0,3,0,4,3,0,23,0,0,5,4,0,0,0,6,0,15,0,0,0,0,0,0,6,7,0,10,0,0,0,0,0,0,0,0,0,5,0,0,0,0,0,0,0,0,0,0,0,0,0,0,0,0,0,0,0,0,10,6,20,14,11,12,10,14,4,96
11102121708,core,0,0,0,0,0,0,0,3,0,11,0,0,7,4,0,3,0,5,0,20,0,4,15,4,0,4,0,8,0,35,0,9,8,5,9,0,0,0,0,39,0,4,7,3,0,3,0,3,0,28,0,0,5,0,7,0,4,5,0,26,0,0,0,5,0,0,0,0,0,4,0,0,0,0,0,0,0,0,0,0,0,0,0,0,0,0,0,0,0,0,12,16,36,17,23,16,16,28,0,160
11102121709,core,0,0,0,8,0,4,0,0,0,15,0,0,5,8,0,6,0,0,0,23,0,14,8,5,7,4,0,4,0,45,4,0,6,0,4,4,5,0,0,23,9,9,6,6,5,0,3,4,0,40,5,3,3,3,9,9,5,0,0,29,0,0,0,0,0,0,0,0,0,6,0,0,0,0,0,0,0,0,0,0,0,0,0,0,0,0,0,0,0,0,22,24,23,29,34,22,11,17,5,188
11102121710,core,0,0,0,0,0,0,0,0,0,4,0,0,0,4,0,0,0,0,0,7,0,3,9,4,0,3,3,0,0,28,4,0,4,0,5,0,0,0,0,19,0,0,0,0,0,3,4,0,0,13,3,0,3,3,5,0,0,3,0,23,0,0,0,0,0,0,0,0,0,6,0,0,0,0,0,0,0,0,0,0,0,0,0,0,0,0,0,0,0,0,8,9,21,13,6,8,6,9,0,94
11102121711,core,4,0,4,0,0,5,0,5,0,14,3,0,13,4,6,3,0,5,0,36,3,18,24,7,13,10,5,7,0,85,9,17,11,9,10,5,0,3,0,64,9,13,12,0,7,8,6,7,0,56,0,0,4,3,10,5,5,3,0,27,0,0,0,0,0,0,3,0,0,8,0,0,0,0,0,0,0,0,0,0,0,0,0,0,0,0,0,0,0,0,25,48,60,35,43,20,23,33,4,290
11102121714,core,0,0,0,0,0,9,0,3,0,17,0,0,8,3,4,9,0,0,0,33,0,8,9,3,0,0,0,3,0,27,6,6,5,6,3,0,4,0,0,33,9,7,11,7,8,11,4,3,0,59,5,0,13,6,9,3,10,3,0,49,0,0,0,0,0,0,0,0,0,0,0,0,0,0,0,0,0,0,0,0,0,0,0,0,0,0,0,0,0,0,20,23,37,24,33,28,19,19,0,217
11102121718,core,0,0,0,0,0,0,0,0,0,0,0,0,0,0,0,0,0,0,0,0,0,0,0,0,0,0,0,0,0,3,0,0,0,0,0,0,0,0,0,3,0,0,0,0,0,0,0,0,0,0,0,0,0,0,0,0,0,0,0,0,0,0,0,0,0,0,0,0,0,0,0,0,0,0,0,0,0,0,0,0,0,0,0,0,0,0,0,0,0,0,0,4,0,0,0,0,0,0,0,14
11102121719,core,0,0,4,0,0,0,0,0,0,5,0,0,0,4,0,7,0,0,0,14,0,6,18,14,3,0,3,0,0,51,0,4,0,4,5,0,8,5,0,33,3,0,4,0,4,0,6,5,0,21,3,3,9,0,0,0,3,4,0,24,0,5,0,0,5,0,0,0,0,6,0,0,0,0,0,0,0,0,0,0,0,0,0,0,0,0,0,0,0,0,5,14,40,23,19,12,16,23,0,156
11102121720,core,0,0,0,0,0,0,0,4,0,6,0,0,0,0,4,6,0,5,0,15,0,4,5,0,0,0,0,0,0,13,0,3,0,5,0,0,3,6,0,16,0,0,0,4,3,0,6,8,0,18,0,0,0,0,0,4,0,4,0,15,0,0,0,0,0,0,0,0,0,3,0,0,0,0,0,0,0,0,0,0,0,0,0,0,0,0,0,0,0,0,0,7,16,12,9,8,7,17,0,80
11102121721,core,0,0,0,4,0,3,0,5,0,18,0,0,4,4,0,4,0,0,0,25,4,13,18,9,9,0,0,3,0,57,4,12,12,9,4,0,5,7,0,54,0,4,7,11,10,4,10,10,0,60,3,3,10,0,6,3,9,0,0,36,0,0,0,0,3,0,4,0,0,5,0,0,0,0,0,0,0,0,0,0,0,0,0,0,0,0,0,0,0,0,17,33,50,32,34,18,27,31,7,252
11102121722,core,0,0,6,0,0,4,0,4,0,19,0,8,6,7,0,7,0,3,0,25,3,19,15,4,8,0,4,3,0,61,3,10,10,11,13,0,9,7,0,61,3,10,7,10,9,6,9,9,0,57,0,7,0,4,6,6,3,5,0,34,3,0,3,0,0,0,0,0,0,13,0,0,0,0,0,0,0,0,0,0,0,0,0,0,0,0,0,0,0,0,20,41,45,40,36,23,22,30,6,265
11102121723,core,0,0,9,0,0,5,0,8,0,17,0,0,0,9,0,0,0,4,0,18,3,8,26,15,4,3,10,7,3,75,0,9,7,8,12,8,7,7,0,44,5,3,13,8,9,5,3,8,0,53,4,3,5,0,5,0,5,6,5,36,0,0,0,0,0,0,0,0,0,6,0,0,0,0,0,0,0,0,0,0,0,0,0,0,0,0,0,0,0,0,11,23,62,37,36,28,25,26,4,251
11102121724,core,0,0,4,0,4,12,0,5,0,27,0,4,6,3,0,3,0,0,0,23,6,8,6,3,6,0,4,0,3,35,9,17,4,5,8,3,0,0,0,51,12,16,11,14,9,3,3,5,0,71,4,11,3,5,6,0,4,3,0,37,0,3,0,0,0,0,0,0,0,3,0,0,0,0,0,0,0,0,0,0,0,0,0,0,0,0,0,0,0,0,29,58,35,32,28,23,12,14,6,240
11102121727,core,0,0,0,0,0,0,0,0,0,0,0,0,3,0,0,0,0,3,0,15,4,4,12,3,10,0,3,0,0,37,4,6,4,3,3,3,0,0,0,20,0,4,3,7,0,5,0,0,0,18,0,0,5,4,0,0,0,0,0,7,0,0,0,0,0,0,0,0,0,0,0,0,0,0,0,0,0,0,0,0,0,0,0,0,0,0,0,0,0,0,7,18,26,17,13,6,7,4,4,104
11102121729,core,0,0,6,5,0,16,0,4,0,32,0,0,3,10,4,8,0,0,0,26,3,12,5,5,0,3,0,5,0,25,5,8,8,3,4,6,0,0,0,37,14,15,7,3,12,4,13,0,0,75,6,0,6,0,4,0,0,3,0,31,0,0,0,0,7,0,0,0,0,12,0,0,0,0,0,0,0,0,0,0,0,0,0,0,0,0,0,0,0,0,33,33,39,27,37,33,15,20,0,238
11102121730,core,0,0,5,0,0,10,0,6,0,22,0,0,7,5,0,3,0,6,0,16,0,6,8,3,4,6,3,0,0,29,4,3,5,8,6,0,6,0,0,22,0,6,7,8,9,8,0,4,0,38,0,0,11,4,6,6,0,5,0,37,0,0,0,0,0,0,0,3,0,3,0,0,0,0,0,0,0,0,0,0,0,0,0,0,0,0,0,0,0,0,8,11,40,25,26,27,17,22,0,182
11102121731,core,0,0,0,0,0,8,0,3,0,13,0,0,0,6,5,3,0,3,0,23,3,3,9,3,3,0,0,3,0,27,7,10,3,6,4,5,0,0,0,36,6,6,10,3,15,5,7,9,0,67,9,3,9,3,13,3,6,0,0,41,0,0,0,0,0,3,0,0,0,3,0,0,0,0,0,0,0,0,0,0,0,0,0,0,0,0,0,0,0,0,22,30,31,27,32,32,17,21,0,223
11102121732,core,0,0,4,4,0,20,0,10,0,45,0,0,8,4,5,10,0,0,0,22,7,14,9,4,9,0,4,0,0,49,16,40,15,11,20,0,11,5,4,117,17,20,6,18,13,11,6,4,0,95,8,4,9,3,4,3,4,3,0,38,0,0,0,0,0,0,0,0,0,0,0,0,0,0,0,0,0,0,0,0,0,0,0,0,0,0,0,0,0,0,36,79,53,48,49,51,26,23,11,379
11102121734,core,0,0,0,0,0,0,0,0,0,0,0,0,0,0,0,0,0,0,0,0,0,0,0,0,0,0,0,0,0,0,0,0,0,0,0,0,0,0,0,0,0,0,0,0,0,0,0,0,0,0,0,0,0,0,0,0,0,0,0,0,0,0,0,0,0,0,0,0,0,0,0,0,0,0,0,0,0,0,0,0,0,0,0,0,0,0,0,0,0,0,0,0,0,0,0,0,0,0,0,0
11102121736,core,0,0,4,4,0,8,0,3,0,22,0,0,4,5,0,4,0,3,0,19,8,7,6,3,9,5,5,4,0,43,13,20,11,13,7,5,4,5,0,80,0,9,10,3,12,7,8,0,0,58,4,4,3,4,3,4,3,4,0,25,0,0,0,0,0,0,0,0,0,0,0,0,0,0,0,0,0,0,0,0,0,0,0,0,0,0,0,0,0,0,31,41,38,32,39,25,16,22,0,246
11102121737,core,0,0,4,7,0,6,0,0,0,25,3,0,0,4,4,5,0,0,0,16,4,15,6,5,3,5,3,0,0,50,19,26,11,3,10,4,3,6,0,84,12,21,7,9,11,0,0,5,0,65,0,6,7,5,0,0,0,0,0,18,0,0,0,0,0,0,0,0,0,0,0,0,0,0,0,0,0,0,0,0,0,0,0,0,0,0,0,0,0,0,35,74,35,33,35,19,11,14,7,258
11102121738,core,0,0,5,3,0,6,0,6,0,18,4,3,0,4,0,3,3,0,0,25,6,12,5,10,7,3,0,5,3,50,11,20,10,3,12,5,5,3,0,66,4,0,4,6,7,0,8,4,4,33,3,0,0,0,5,0,0,0,0,14,0,0,4,0,0,0,0,0,0,7,0,0,0,0,0,0,0,0,0,0,0,0,0,0,0,0,0,0,0,0,26,40,33,28,33,19,22,18,4,215
11102121739,core,0,0,0,0,0,0,0,0,0,0,0,0,0,0,0,0,0,0,0,4,0,0,0,0,0,0,0,0,0,0,0,0,0,0,0,0,0,0,0,0,0,0,0,0,0,0,0,0,0,0,0,0,0,0,0,0,0,0,0,0,0,0,0,0,0,0,0,0,0,0,0,0,0,0,0,0,0,0,0,0,0,0,0,0,0,0,0,0,0,0,0,0,0,0,0,0,0,0,0,4
11102121740,core,0,0,6,3,0,7,0,3,0,14,0,0,6,0,8,0,7,6,0,26,8,13,8,6,16,6,0,3,0,73,21,26,14,7,21,4,6,8,0,108,4,8,12,5,9,4,8,10,0,64,6,3,3,6,4,4,3,3,0,28,0,0,0,0,0,0,0,0,0,0,0,0,0,0,0,0,0,0,0,0,0,0,0,0,0,0,0,0,0,0,38,55,48,33,54,31,26,27,0,317
11102121741,core,0,0,0,4,0,7,4,8,0,26,0,0,12,10,0,8,0,6,0,32,11,22,13,13,15,4,5,3,3,89,14,25,20,11,13,0,9,3,4,113,11,8,7,5,8,5,7,3,4,59,3,11,6,3,4,0,0,3,0,28,0,0,0,0,0,0,0,0,0,0,0,0,0,0,0,0,0,0,0,0,0,0,0,0,0,0,0,0,0,0,37,77,54,45,48,24,28,26,11,346
11102121742,core,0,0,0,0,0,0,0,0,0,0,0,0,0,0,0,0,0,0,0,0,0,0,0,0,0,0,0,0,0,0,0,0,0,0,0,0,0,0,0,0,0,0,0,0,0,0,0,0,0,0,0,0,0,0,0,0,0,0,0,0,0,0,0,0,0,0,0,0,0,0,0,0,0,0,0,0,0,0,0,0,0,0,0,0,0,0,0,0,0,0,0,0,0,0,0,0,0,0,0,0
11102121743,core,0,0,6,0,0,11,0,11,0,23,0,0,5,9,3,8,4,4,0,31,16,40,26,10,23,11,4,4,0,137,6,52,22,18,17,5,3,6,7,139,8,7,10,6,14,5,10,0,0,61,5,0,0,3,5,7,6,0,0,28,0,0,0,0,0,0,0,3,0,0,0,0,0,0,0,0,0,0,0,0,0,0,0,0,0,0,0,0,0,0,38,105,62,51,69,49,21,32,6,429
11102121744,core,0,0,0,0,0,0,0,4,0,9,0,5,0,3,0,0,0,0,0,15,10,18,7,6,3,8,7,4,4,59,13,26,5,6,12,5,5,4,0,84,4,5,8,9,6,0,3,6,0,33,4,3,4,0,7,0,0,0,0,23,0,3,0,0,0,0,0,0,0,7,0,0,0,0,0,0,0,0,0,0,0,0,0,0,0,0,0,0,0,0,30,62,22,21,26,17,22,23,4,227
11102121745,core,0,0,4,8,0,9,0,5,0,24,3,0,0,12,0,0,0,3,0,17,6,6,11,0,11,0,0,5,0,43,16,23,21,11,9,5,3,3,0,90,11,17,3,7,5,0,5,0,0,56,7,0,0,4,10,0,4,0,3,24,0,5,0,0,0,0,0,0,0,5,0,0,0,0,0,0,0,0,0,0,0,0,0,0,0,0,0,0,0,0,40,56,39,36,36,18,13,17,8,262
11102121746,core,0,0,3,0,0,4,0,4,0,10,0,7,8,19,5,8,3,5,0,58,17,65,26,24,21,13,20,23,4,192,28,69,7,16,21,13,15,8,0,178,12,10,5,15,11,8,3,3,3,71,5,9,0,4,10,6,3,3,0,38,0,0,0,0,0,0,0,0,0,4,0,0,0,0,0,0,0,0,0,0,0,0,0,0,0,0,0,0,0,0,55,155,58,75,60,47,41,43,6,549
11102121747,core,0,0,0,0,0,10,0,7,0,15,0,0,3,0,3,0,0,4,0,14,0,10,6,6,0,3,4,3,3,38,0,4,4,9,8,0,11,0,3,37,3,6,3,8,4,3,4,7,0,37,5,4,3,7,5,7,0,3,0,34,0,0,0,0,0,0,0,0,0,0,0,0,0,0,0,0,0,0,0,0,0,0,0,0,0,0,0,0,0,0,10,29,21,28,16,31,26,23,8,173
11102121748,core,0,0,0,0,0,5,0,4,0,16,0,0,5,0,0,0,0,0,0,5,3,0,0,8,0,0,0,0,0,16,7,13,4,10,0,0,0,4,0,40,12,14,9,6,3,8,0,0,0,50,5,3,0,3,5,0,0,0,0,17,0,0,0,0,0,0,0,0,0,3,0,0,0,0,0,0,0,0,0,0,0,0,0,0,0,0,0,0,0,0,23,36,16,25,10,15,8,13,0,147
11102121749,core,0,0,0,0,0,10,0,6,0,21,0,7,4,6,0,0,0,6,0,24,15,39,21,16,18,7,17,6,5,132,22,59,20,21,23,12,8,6,4,178,10,18,11,7,4,8,4,0,0,59,4,8,5,0,3,0,3,3,0,20,0,0,3,0,0,0,0,0,0,6,0,0,0,0,0,0,0,0,0,0,0,0,0,0,0,0,0,0,0,0,53,123,62,60,50,34,28,22,8,443
11102121750,core,0,0,3,0,0,10,0,4,0,16,0,4,0,8,7,0,0,5,0,26,8,16,16,17,9,4,0,13,3,84,12,14,7,8,14,3,5,9,0,65,8,5,3,7,7,0,0,3,0,44,4,5,3,3,3,5,3,4,0,30,0,0,0,0,0,0,0,0,0,4,0,0,0,0,0,0,0,0,0,4,0,0,0,0,0,0,0,0,0,0,35,39,41,50,39,21,14,37,4,276
11102121801,core,0,0,5,0,0,14,0,11,0,33,0,3,8,4,0,4,3,6,0,23,0,7,15,5,9,3,7,7,0,44,7,10,10,3,11,0,0,3,0,49,13,13,17,4,6,0,4,0,0,68,0,4,9,3,4,0,0,5,0,35,0,5,0,0,0,0,0,0,0,5,0,0,0,0,0,0,0,0,0,0,0,0,0,0,0,0,0,0,0,0,30,43,61,25,34,23,12,25,7,261
11102121803,core,4,0,0,0,0,3,0,3,0,19,0,3,10,3,0,0,0,6,0,23,0,5,0,3,0,0,0,0,0,14,4,4,9,5,3,3,3,0,3,37,4,8,5,4,9,10,6,4,0,48,3,4,0,5,4,5,5,7,0,31,6,0,0,0,0,0,3,0,0,12,4,0,0,0,0,0,0,0,0,9,0,0,0,0,0,0,0,0,0,0,21,24,29,19,18,19,19,16,6,189
11102121804,core,0,0,0,0,0,0,0,0,0,0,0,0,0,0,0,0,0,0,0,0,0,0,0,0,0,0,0,0,0,0,0,0,0,0,0,0,0,0,0,0,0,0,0,0,0,0,0,0,0,0,0,0,0,0,0,0,0,0,0,0,0,0,0,0,0,0,0,0,0,0,0,0,0,0,0,0,0,0,0,0,0,0,0,0,0,0,0,0,0,0,0,0,0,0,0,0,0,0,0,3
11102121805,core,0,0,4,4,0,0,0,5,0,15,0,3,0,0,0,4,0,0,0,9,0,8,12,3,0,3,0,5,0,34,3,6,11,0,10,0,0,0,0,24,0,10,9,6,4,0,3,0,0,39,0,9,9,4,0,0,0,4,0,17,0,0,4,3,0,0,0,0,0,10,0,0,0,0,0,0,0,0,0,0,0,0,0,0,0,0,0,0,0,0,12,35,41,19,18,9,4,10,0,152
11102121807,core,0,0,0,0,0,0,0,5,0,6,0,0,0,0,0,0,0,0,0,0,0,3,4,0,0,0,3,0,0,24,0,0,0,0,0,0,5,0,0,15,0,0,0,0,0,0,0,0,0,8,0,4,3,0,3,0,3,0,0,20,0,5,0,3,0,0,0,0,0,7,0,0,0,0,0,0,0,0,0,0,0,0,0,0,0,0,0,0,0,0,7,9,8,7,3,8,9,7,0,66
11102121809,core,0,0,10,0,0,0,3,0,0,14,0,0,8,5,4,7,3,7,0,38,12,14,17,16,5,5,5,3,0,76,13,4,12,6,9,0,16,0,0,61,9,3,7,6,11,12,11,4,0,67,12,3,5,4,4,4,9,8,0,53,0,0,4,0,0,0,0,0,0,9,0,0,0,0,0,0,0,0,0,4,0,0,0,0,0,0,0,0,0,0,48,30,61,43,36,25,38,28,3,309
11102121810,core,0,0,0,5,0,3,0,4,0,7,0,0,0,0,0,6,6,0,0,12,0,0,4,3,0,0,0,0,0,13,0,6,5,4,3,0,0,5,4,30,10,8,3,0,7,3,7,0,0,36,0,4,0,0,6,0,3,4,0,21,0,0,0,0,3,0,0,0,0,3,0,0,0,0,0,0,0,0,0,0,0,0,0,0,0,0,0,0,0,0,17,20,20,9,16,9,14,13,7,129
11102121811,core,0,0,5,3,0,3,0,3,0,10,0,3,7,5,3,0,0,6,0,18,3,8,15,8,4,7,4,4,0,50,6,4,8,8,4,0,5,4,0,39,13,7,6,0,7,0,8,4,0,49,6,10,3,5,4,0,7,4,3,36,0,0,0,0,0,0,0,0,0,8,0,0,0,0,0,0,0,0,0,0,0,0,0,0,0,0,0,0,0,0,25,26,40,31,21,13,21,27,10,212
11102121812,core,0,3,0,8,3,8,0,5,6,28,0,5,12,6,4,10,3,3,0,36,0,7,9,0,3,4,0,0,0,30,7,15,16,3,0,0,8,3,8,59,8,9,7,10,15,5,4,8,0,72,12,4,12,3,9,0,6,5,0,50,7,4,0,0,0,6,0,0,0,18,0,0,0,0,0,0,0,0,0,3,0,0,0,0,0,0,0,0,0,0,39,39,53,33,42,37,25,32,15,309
11102121813,core,0,0,3,0,0,5,0,0,0,10,0,0,0,4,0,0,0,0,0,14,0,3,5,3,0,0,0,0,0,16,3,5,9,3,4,3,0,4,0,22,5,0,4,3,6,0,5,0,0,24,4,3,9,4,5,0,0,4,0,26,0,0,0,0,0,0,0,0,0,6,0,0,0,0,0,0,0,0,0,0,0,0,0,0,0,0,0,0,0,0,12,10,22,16,15,13,10,12,0,111
11102121814,core,0,0,6,0,0,3,0,4,0,12,0,0,5,4,3,3,5,3,0,25,6,14,6,10,7,6,0,10,5,53,6,13,9,3,7,5,3,8,3,58,0,15,7,8,4,0,5,5,0,55,4,11,0,4,5,0,10,7,0,40,0,6,0,0,0,0,7,0,0,8,0,0,0,0,0,0,0,0,0,0,0,0,0,0,0,0,0,0,0,0,15,56,35,26,24,16,29,41,11,252
11102121815,core,0,0,5,0,0,4,0,7,0,15,0,0,3,3,0,0,0,3,0,15,6,6,6,5,0,0,0,0,0,17,0,0,0,0,4,0,0,0,0,16,8,10,10,6,5,0,3,3,0,38,0,0,8,4,7,3,0,8,0,35,0,0,0,0,0,0,0,0,0,4,0,0,0,0,0,0,0,0,0,0,0,0,0,0,0,0,0,0,0,0,14,16,22,22,19,16,8,24,0,136
11102121816,core,0,0,3,0,0,0,0,5,0,22,0,0,8,3,0,4,0,0,0,19,6,9,3,7,0,0,0,4,0,34,0,9,6,6,0,0,7,5,0,32,16,11,10,4,6,4,7,0,0,60,8,7,5,6,6,3,5,8,0,48,0,3,0,0,0,0,0,0,0,7,0,0,0,0,0,0,0,0,0,4,0,0,0,0,0,0,0,0,0,0,37,36,35,23,25,8,17,20,3,214
11102121817,core,0,0,0,0,0,0,0,0,0,0,0,0,0,0,0,0,0,0,0,0,0,0,0,0,0,0,0,0,0,0,0,0,0,0,0,0,0,0,0,0,0,0,0,0,0,0,0,0,0,3,0,0,0,0,0,0,0,0,0,0,0,0,0,0,0,0,0,0,0,0,0,0,0,0,0,0,0,0,0,0,0,0,0,0,0,0,0,0,0,0,0,0,0,0,0,4,0,0,0,6
11102121819,core,0,0,3,0,0,0,0,3,0,12,0,0,0,0,0,0,0,0,0,9,0,0,3,3,3,0,0,5,0,11,0,3,6,3,0,5,0,4,0,30,8,0,6,0,3,4,4,0,0,13,4,0,3,6,6,0,5,0,0,40,0,0,0,0,0,0,0,0,0,3,0,0,0,0,0,0,0,0,0,0,0,0,0,0,0,0,0,0,0,0,10,14,30,16,20,8,9,18,3,119
11102121820,core,0,0,0,0,0,0,0,0,0,7,0,0,0,0,0,0,0,0,0,3,5,0,7,0,0,0,0,0,0,12,3,5,0,0,0,0,0,4,0,8,4,3,5,0,0,0,0,0,0,12,5,4,7,3,3,0,0,0,0,22,5,0,0,0,0,0,3,0,0,10,3,5,0,0,0,0,0,0,0,7,0,0,0,0,0,0,0,0,0,0,17,20,16,8,9,0,3,6,5,85
11102121822,core,0,0,0,0,0,5,0,3,0,14,0,3,3,3,0,4,0,0,0,19,0,11,14,7,3,3,4,5,5,53,0,5,3,6,4,3,3,0,0,35,3,8,6,9,9,3,5,0,0,53,3,11,7,8,6,6,3,5,0,53,7,3,3,4,0,0,0,4,0,20,0,0,0,0,0,0,0,0,0,0,0,0,0,0,0,0,0,0,0,0,28,40,41,41,21,24,23,28,5,242
11102121823,core,0,0,4,0,0,0,0,0,0,11,0,0,3,5,0,0,0,9,0,13,7,3,3,3,6,6,0,3,0,31,0,6,7,0,3,0,5,0,0,26,5,8,3,6,3,0,0,5,0,28,6,4,5,0,3,0,0,4,0,29,0,0,0,0,0,0,0,0,0,6,0,0,0,0,0,0,0,0,0,0,0,0,0,0,0,0,0,0,0,0,21,21,24,14,23,7,9,19,0,143
11102121824,core,0,0,0,0,0,0,0,0,0,4,0,0,9,0,0,0,0,4,0,11,5,6,0,5,0,5,0,0,0,17,0,8,6,0,0,0,0,4,0,19,0,5,3,4,0,0,3,0,0,16,0,0,3,4,0,0,4,4,0,15,0,0,0,4,0,0,0,0,0,4,0,0,0,0,0,0,0,0,0,0,0,0,0,0,0,0,0,0,0,0,5,18,18,11,5,11,6,7,0,87
11102121825,core,0,0,3,0,0,6,3,4,0,11,0,7,4,3,0,0,0,0,0,15,8,9,6,0,0,0,0,0,0,24,4,11,4,0,6,0,4,0,0,35,12,11,5,0,0,0,0,0,0,37,9,13,5,7,10,6,3,3,0,46,5,3,7,0,5,0,0,5,0,26,0,0,0,0,0,0,0,0,0,5,0,0,0,0,0,0,0,0,0,4,34,51,27,12,29,14,11,12,8,199
11102121827,core,0,0,0,0,0,0,0,0,0,4,0,0,0,3,0,0,0,4,0,7,4,0,7,4,0,0,0,0,0,14,3,0,4,0,0,0,0,0,0,10,3,5,0,3,3,0,0,0,5,14,3,0,0,4,0,0,0,3,0,18,0,4,0,0,4,0,0,0,0,11,0,0,0,0,0,0,0,0,0,0,0,0,0,0,0,0,0,0,0,0,12,12,15,12,11,0,6,15,5,80
11102121828,core,0,0,5,0,0,4,0,8,0,12,0,5,3,3,0,4,0,0,0,20,0,0,3,0,0,0,0,0,0,11,3,13,8,6,0,0,6,6,0,39,4,9,11,6,5,7,3,0,0,46,8,0,0,3,0,4,0,0,0,29,0,5,0,0,0,3,0,4,0,12,0,0,0,0,0,0,0,0,0,0,0,0,0,0,0,0,0,0,0,0,14,40,29,14,16,19,14,16,0,161
11102121829,core,0,0,0,0,0,0,0,0,0,0,0,0,0,0,0,3,0,0,0,10,0,4,0,5,0,0,0,5,0,23,0,0,0,0,0,0,0,3,0,10,5,0,0,3,0,6,0,0,0,11,0,3,3,0,0,0,0,0,0,8,0,0,0,0,0,0,0,0,0,3,0,0,0,0,0,0,0,0,0,0,0,0,0,0,0,0,0,0,0,0,9,13,12,10,0,6,3,13,0,68
11102121830,core,0,0,0,0,0,0,0,0,0,0,0,0,0,0,0,0,0,0,0,0,0,0,0,0,0,0,0,0,0,0,0,0,0,0,0,0,0,0,0,0,0,0,0,0,0,0,0,0,0,0,0,0,0,0,0,0,0,0,0,0,0,0,0,0,0,0,0,0,0,0,0,0,0,0,0,0,0,0,0,0,0,0,0,0,0,0,0,0,0,0,0,0,0,0,0,0,0,0,0,3
11102121831,core,0,0,0,0,0,5,0,3,0,8,0,0,0,0,0,0,0,5,0,3,0,0,5,3,0,0,0,4,0,10,4,5,0,0,0,0,0,0,0,8,5,3,0,3,0,0,0,0,0,14,0,0,4,8,6,0,0,0,0,11,0,0,0,0,0,0,0,0,0,4,0,0,0,0,0,0,0,0,0,0,0,0,0,0,0,0,0,0,0,0,5,6,11,11,4,3,4,11,0,61
11102121832,core,0,0,0,0,4,0,7,0,0,10,0,4,0,3,0,0,0,4,0,10,0,8,0,0,4,0,0,0,0,9,0,4,0,3,0,4,0,0,0,13,0,3,0,0,0,0,0,0,0,8,0,5,0,0,0,0,0,0,0,8,4,0,0,0,0,0,0,0,0,4,0,0,0,0,0,0,0,0,0,7,0,0,0,0,0,0,0,0,0,0,7,19,5,16,7,3,4,8,0,65
11102121833,core,0,0,3,3,0,0,0,4,0,8,0,0,3,3,0,5,0,0,0,12,0,12,0,9,10,0,0,0,0,38,8,11,6,5,3,0,3,3,0,35,0,5,5,0,0,0,5,0,0,23,5,10,5,3,3,5,5,0,0,32,0,3,0,0,0,0,0,3,0,13,0,0,0,0,0,4,0,0,0,4,0,0,0,0,0,0,0,0,0,0,15,42,22,17,25,13,13,12,0,164
11102121835,core,0,0,0,4,0,4,0,4,0,16,3,0,0,5,0,3,5,4,0,14,0,5,4,7,0,0,3,6,0,23,0,8,6,4,5,5,6,5,0,38,0,6,3,0,8,3,4,6,0,41,3,0,6,0,9,0,4,6,0,34,0,0,0,0,3,0,0,0,0,6,0,0,0,0,0,0,0,0,0,0,0,0,0,0,0,0,0,0,0,0,11,25,14,21,21,15,22,30,3,167
11102121836,core,0,0,0,0,0,0,0,0,0,0,0,0,5,4,3,0,0,5,0,14,8,6,3,3,0,6,6,3,0,34,4,10,5,6,0,0,7,0,5,26,4,7,3,7,5,0,0,9,0,41,5,8,0,3,3,0,3,4,0,25,3,0,0,0,3,0,0,0,0,12,0,0,0,0,0,0,0,0,0,0,0,0,0,0,0,0,0,0,0,0,20,31,16,17,19,9,16,19,3,156
11102121837,core,0,0,3,3,0,3,0,5,0,21,4,5,0,0,0,0,0,3,0,17,12,36,33,19,12,9,5,13,0,129,4,21,15,13,9,3,8,12,0,87,7,21,7,6,8,0,4,0,0,60,3,13,5,12,14,4,8,0,0,57,3,5,0,0,0,0,0,0,0,10,0,0,0,0,0,0,0,0,0,0,0,0,0,0,0,0,0,0,0,0,35,98,68,59,43,29,27,35,4,387
11102121838,core,0,0,0,0,0,0,0,0,0,4,0,0,0,3,0,0,0,0,0,4,0,0,3,0,0,0,0,3,0,12,0,0,0,0,0,0,0,3,0,7,3,0,0,3,0,0,0,0,0,5,3,0,3,0,0,0,3,0,0,10,4,0,0,0,0,0,0,0,0,4,0,0,0,0,0,0,0,0,0,0,0,0,0,0,0,0,0,0,0,0,9,5,11,3,4,0,4,8,0,49
11102121839,core,0,0,0,0,0,0,0,3,0,16,0,0,3,3,0,0,0,5,0,11,3,3,4,5,4,0,3,0,0,22,0,0,7,5,3,0,3,3,0,30,6,0,6,0,3,0,3,6,0,32,0,6,4,4,0,0,0,5,0,18,0,0,0,0,0,0,0,0,0,5,0,0,0,0,0,0,0,0,0,0,0,0,0,0,0,0,0,0,0,0,16,14,30,19,15,4,11,16,4,127
11102121840,core,0,0,4,0,0,3,0,4,0,14,0,0,8,7,6,0,0,4,0,26,0,3,14,6,0,0,4,10,0,37,6,9,7,5,5,0,7,0,0,33,6,3,12,0,12,4,5,6,0,44,3,10,9,5,6,0,3,11,0,47,0,0,0,0,0,0,0,0,0,0,0,0,0,0,0,0,0,0,0,0,0,0,0,0,0,0,0,0,0,0,19,28,47,30,22,15,29,28,0,207
11102121841,core,0,0,3,0,0,0,0,0,0,7,0,3,3,0,0,0,0,3,0,16,4,5,6,0,0,0,0,0,0,26,5,10,7,0,0,0,4,4,0,25,0,12,4,3,6,4,3,0,0,25,11,16,6,0,3,0,0,0,0,42,0,5,0,0,3,0,0,5,0,10,0,0,0,0,0,0,0,0,0,0,0,0,0,0,0,0,0,0,0,0,23,41,33,8,13,9,11,15,0,150
11102121842,core,0,0,0,0,0,4,0,0,0,8,0,0,3,3,0,0,0,0,0,12,6,4,7,3,0,0,3,3,0,30,3,3,3,0,0,0,0,4,0,22,7,11,0,3,3,5,0,7,0,35,3,12,4,0,3,0,0,3,0,27,4,6,4,4,0,0,0,0,0,12,0,3,0,0,0,0,0,0,0,3,0,0,0,0,0,0,0,0,0,0,18,42,25,15,12,9,8,20,0,158
11102121843,core,0,0,0,0,0,0,0,5,0,9,0,0,3,3,0,0,4,0,0,16,4,0,0,6,0,0,0,3,0,15,7,5,0,0,0,0,0,3,0,19,4,3,0,0,9,3,9,0,0,34,0,5,7,5,8,0,7,3,0,27,0,0,0,0,0,0,0,0,0,4,0,0,0,0,0,0,0,0,0,0,0,0,0,0,0,0,0,0,0,0,15,22,13,14,15,8,13,17,6,126
11102121844,core,0,0,0,0,0,3,0,0,0,3,0,0,0,0,0,0,0,0,0,0,0,0,0,0,0,0,0,0,0,0,0,0,0,0,0,0,0,0,0,0,0,0,0,0,0,0,0,0,0,8,0,0,0,0,0,0,0,0,0,3,0,0,0,0,0,0,0,0,0,0,0,0,0,0,0,0,0,0,0,0,0,0,0,0,0,0,0,0,0,0,3,3,0,0,0,3,0,6,0,15
11102121845,core,0,0,0,0,0,0,0,0,0,0,0,0,0,0,0,0,0,0,0,0,0,0,0,0,0,0,0,0,0,0,0,0,0,0,0,0,0,0,0,0,0,0,0,0,0,0,0,0,0,0,0,0,0,0,0,0,0,0,0,0,0,0,0,0,0,0,0,0,0,0,0,0,0,0,0,0,0,0,0,0,0,0,0,0,0,0,0,0,0,0,0,0,0,0,0,0,0,0,0,0
11102121846,core,0,0,3,0,0,4,0,9,0,18,0,4,0,5,0,0,4,6,0,16,6,26,13,11,21,9,8,6,0,93,16,29,11,12,12,3,7,4,0,89,12,18,7,9,7,3,0,3,0,61,0,11,0,3,5,3,3,0,0,28,0,0,0,0,0,0,0,0,0,4,0,0,0,0,0,0,0,0,0,0,0,0,0,0,0,0,0,0,0,0,41,86,35,36,37,26,22,37,0,308
11102121847,core,0,0,0,0,0,0,0,0,0,4,0,3,3,0,0,0,0,0,0,11,3,3,4,6,3,0,0,0,0,28,0,7,10,5,4,5,0,3,0,28,0,0,0,0,0,7,5,0,0,24,0,5,3,7,0,3,0,0,0,23,0,4,0,0,0,0,0,0,0,6,0,0,0,0,0,0,0,0,0,0,0,0,0,0,0,0,0,0,0,0,12,25,24,18,16,15,12,14,7,132
11102121848,core,0,0,6,5,0,0,0,3,0,13,0,0,3,0,0,0,0,3,0,7,0,0,0,0,0,0,0,0,0,10,0,0,0,0,0,0,0,0,0,5,7,10,5,4,4,0,0,0,0,20,5,11,6,0,6,0,0,0,0,24,0,0,3,0,0,0,0,0,0,11,0,0,0,0,0,0,0,0,0,0,0,0,0,0,0,0,0,0,0,0,20,20,15,6,10,6,0,5,0,92
11102121849,core,0,0,5,0,0,4,0,3,0,15,0,3,3,3,3,3,0,0,0,19,7,17,12,9,11,3,3,4,0,69,5,13,11,4,6,0,0,6,0,48,6,16,10,5,16,0,10,11,0,70,0,8,5,12,8,3,8,9,0,56,0,6,5,0,0,0,0,0,0,13,0,0,0,0,0,0,0,0,0,0,0,0,0,0,0,0,0,0,0,0,28,68,54,37,38,23,22,33,6,300
11102121850,core,0,0,0,0,0,5,0,4,0,14,0,3,5,6,3,3,0,3,0,29,11,43,23,10,23,9,3,9,0,132,10,23,16,9,16,3,10,9,0,87,9,12,0,9,7,3,7,4,0,47,3,5,9,4,11,3,3,3,0,34,0,5,0,0,0,0,0,0,0,8,0,0,0,0,0,0,0,0,0,0,0,0,0,0,0,0,0,0,0,0,27,87,54,43,55,28,26,19,10,349
11102121851,core,0,0,0,0,0,0,0,0,0,0,0,0,0,0,0,0,0,0,0,5,0,0,0,0,0,0,0,0,0,3,0,0,0,0,0,0,0,0,0,0,0,0,7,0,7,0,0,0,0,15,0,4,0,0,0,0,0,0,0,10,3,0,0,0,0,0,0,0,0,8,0,0,0,0,0,0,0,0,0,0,0,0,0,0,0,0,0,0,0,0,7,3,8,0,8,0,6,7,0,38
11102121852,core,0,0,0,0,0,4,0,8,0,14,0,6,0,3,0,0,0,3,0,15,0,6,5,3,3,5,0,5,0,30,0,5,3,3,5,0,6,0,0,22,7,7,9,8,0,0,4,0,0,30,5,4,6,3,7,0,0,0,0,21,0,0,0,3,3,0,0,0,0,12,0,0,0,0,0,0,0,0,0,3,0,0,0,0,0,0,0,0,0,0,7,29,26,27,12,8,15,15,0,147
11102121853,core,4,0,0,0,0,0,0,0,0,10,0,0,3,5,0,3,3,0,0,20,9,17,3,12,4,6,3,8,4,62,3,3,0,7,6,0,0,0,0,24,0,0,3,0,9,0,3,0,0,22,0,4,0,0,4,4,0,3,0,14,0,0,0,0,3,0,0,0,0,7,0,0,0,0,0,0,0,0,0,0,0,0,0,0,0,0,0,0,0,0,22,28,14,33,21,15,15,17,10,170
11102121854,core,0,0,3,0,0,0,0,3,0,10,0,0,8,0,0,0,0,0,0,11,0,3,0,3,4,0,4,3,0,25,0,7,6,0,3,0,0,0,0,22,8,8,10,5,0,0,6,9,0,38,4,3,4,0,7,3,4,0,0,21,0,0,3,0,0,0,0,0,0,5,0,0,0,0,0,0,0,0,0,0,0,0,0,0,0,0,0,0,0,0,18,26,33,8,17,13,10,20,4,142
11102121855,core,0,0,0,4,0,0,0,0,5,17,0,6,4,0,0,3,3,0,0,17,5,11,7,14,6,5,6,7,0,70,3,10,14,15,9,0,3,10,0,69,0,6,4,10,5,0,8,4,0,35,0,0,3,0,0,5,6,0,0,15,4,0,0,0,0,0,0,0,0,5,0,0,0,0,0,0,0,0,0,0,0,0,0,0,0,0,0,0,0,0,13,32,33,45,27,17,25,19,9,224
11102121856,core,0,0,0,3,0,0,0,0,0,5,4,0,0,0,0,3,0,0,0,10,0,8,4,5,0,3,3,0,0,20,0,8,0,3,4,0,3,0,0,21,0,0,3,0,0,0,0,0,0,10,0,10,0,3,0,0,0,0,0,18,0,0,0,4,0,0,0,0,0,0,0,0,0,0,0,0,0,0,0,0,0,0,0,0,0,0,0,0,0,0,7,18,6,15,8,10,8,7,0,83
11102121901,core,0,0,0,0,0,0,0,4,0,10,0,3,9,0,0,0,0,0,0,16,4,6,0,3,0,0,0,0,0,14,0,3,0,4,3,0,0,0,0,14,3,4,0,3,4,3,0,0,0,22,4,11,3,3,0,6,0,5,0,26,0,0,0,0,0,0,0,0,0,4,0,0,0,0,0,0,0,0,0,0,0,0,0,0,0,0,0,0,0,0,10,26,15,18,11,15,4,9,0,106
11102121902,core,0,0,0,3,0,3,0,4,0,9,0,0,6,6,0,5,3,6,0,15,0,6,0,3,6,0,0,6,0,26,5,4,0,5,4,0,0,0,0,24,3,4,4,9,9,0,3,5,0,44,9,3,7,3,3,0,5,3,0,32,0,6,0,0,0,0,0,0,0,13,0,0,0,0,0,0,0,0,0,0,0,0,0,0,0,0,0,0,0,0,20,26,24,25,20,14,14,13,3,164
11102121903,core,0,0,0,0,0,3,0,0,0,6,0,0,0,0,4,3,0,4,0,10,3,7,7,3,5,3,0,6,0,30,0,4,0,4,0,0,0,4,0,16,7,5,3,0,3,0,5,3,0,26,10,8,3,0,7,0,0,4,0,41,3,8,0,0,5,0,0,0,0,16,0,0,0,0,0,0,0,0,0,7,0,0,0,0,0,0,0,0,0,0,23,23,17,10,24,14,8,22,6,148
11102121904,core,0,0,0,4,0,0,0,7,0,8,0,0,0,6,0,0,0,6,0,15,3,4,15,6,9,6,5,8,0,54,4,5,11,4,8,4,4,0,0,37,0,5,9,10,3,0,10,4,0,32,3,0,0,3,0,0,7,4,0,27,0,0,0,0,0,0,0,0,0,3,0,0,0,0,0,0,0,0,0,0,0,0,0,0,0,0,0,0,0,0,11,22,29,36,18,7,29,29,0,172
11102121905,core,0,0,5,4,0,0,0,4,0,13,0,0,0,5,3,0,0,0,0,6,0,0,7,0,0,0,0,4,0,9,0,4,4,5,0,0,0,3,0,21,4,0,3,0,6,3,8,4,0,27,0,0,3,0,3,0,0,0,0,9,0,0,0,3,0,0,0,0,0,3,0,0,0,0,0,0,0,0,0,0,0,0,0,0,0,0,0,0,0,0,3,10,21,16,17,7,9,13,0,100
11102121906,core,0,0,4,0,0,0,0,3,0,8,0,0,7,3,0,0,0,0,0,11,0,6,7,0,3,0,0,0,0,19,0,0,7,0,7,0,3,0,0,21,0,3,0,0,0,3,0,0,0,18,0,5,4,3,3,0,5,3,0,23,0,0,0,0,0,0,0,0,0,4,0,0,0,0,0,0,0,0,5,4,0,0,0,0,0,0,0,0,0,0,8,18,16,9,17,8,10,7,8,103
11102121907,core,0,0,5,0,0,3,0,0,0,3,0,3,4,4,0,0,0,4,0,21,0,3,11,4,5,3,0,4,0,30,0,0,0,0,0,0,4,0,0,6,0,4,6,4,0,3,0,0,0,18,0,0,3,5,0,3,0,0,0,16,0,0,0,0,0,0,0,0,0,3,0,0,0,0,0,0,0,0,0,0,0,0,0,0,0,0,0,0,0,0,7,15,25,12,7,16,7,10,0,95
11102121908,core,0,0,4,3,0,0,0,6,0,20,0,0,9,0,0,0,0,0,0,11,0,0,7,0,0,0,0,0,0,11,8,19,3,7,4,3,0,0,0,56,16,17,13,4,10,5,0,4,0,63,9,11,0,4,13,0,0,0,0,48,0,0,0,0,0,0,0,0,0,8,0,0,0,0,0,0,0,0,0,0,0,0,0,0,0,0,0,0,0,0,36,62,34,25,28,16,5,11,0,219
11102121909,core,0,0,3,0,0,6,0,0,0,13,0,0,5,5,0,0,0,0,0,11,0,5,10,0,3,0,0,0,0,30,9,7,6,3,0,0,0,0,0,24,13,8,7,11,5,0,0,3,5,52,5,9,4,0,6,0,3,0,0,30,0,0,0,0,4,0,0,3,0,9,0,0,0,0,0,0,0,0,0,0,0,0,0,0,0,0,0,0,0,0,24,34,30,21,22,17,10,8,9,168
11102121910,core,0,0,4,0,0,0,0,0,0,12,0,0,0,8,3,0,0,0,0,19,3,10,10,3,0,0,0,4,0,36,0,7,9,0,3,0,0,4,0,29,9,17,3,3,6,6,0,0,4,50,7,15,5,4,5,0,3,3,0,48,4,5,0,0,3,0,3,0,0,20,0,0,0,0,0,0,0,0,0,0,0,0,0,0,0,0,0,0,0,0,24,67,28,28,23,18,12,10,4,212
11102121911,core,0,0,0,0,0,6,0,0,0,11,0,0,3,0,0,3,0,0,0,12,4,8,8,5,4,5,0,4,0,36,0,12,4,6,6,0,4,0,0,29,12,10,7,4,6,0,6,3,0,46,6,5,4,0,5,4,0,3,0,28,3,3,5,0,3,3,0,3,0,16,0,0,0,0,0,0,0,0,0,0,0,0,0,0,0,0,0,0,0,0,23,34,32,22,22,19,14,18,0,188
11102121912,core,0,0,0,0,0,0,0,0,0,0,0,0,0,0,0,0,0,0,0,9,3,0,0,3,0,0,4,0,0,18,0,5,0,6,0,0,0,5,0,10,3,3,0,0,0,0,4,6,0,20,0,0,3,3,0,0,0,0,0,12,0,0,0,0,0,0,0,0,0,0,0,0,0,0,0,0,0,0,0,0,0,0,0,0,0,0,0,0,0,0,3,10,12,13,3,5,9,12,0,64
11102121913,core,0,0,3,3,0,0,0,0,0,10,0,0,3,3,3,0,0,0,0,8,0,5,3,4,0,0,0,0,0,15,4,10,0,0,5,0,0,0,0,23,3,6,3,0,3,0,3,4,0,23,6,8,4,0,7,4,0,7,0,28,4,7,0,0,7,0,0,0,0,13,3,0,0,0,0,0,0,0,0,5,0,0,0,0,0,0,0,0,0,0,19,40,11,6,22,6,8,7,0,123
11102121914,core,0,0,0,5,0,4,0,0,0,6,0,0,13,0,0,3,0,0,0,15,3,4,3,4,0,0,0,0,0,18,9,12,8,3,12,0,5,0,0,48,11,11,5,0,7,3,9,0,0,48,7,9,5,0,7,3,3,4,0,47,5,8,0,0,0,0,0,0,0,22,0,0,0,0,0,0,0,0,0,3,0,0,0,0,0,0,0,0,0,0,38,52,34,10,31,12,10,5,3,198
11102121915,core,0,0,0,0,0,3,0,0,0,6,0,5,3,0,0,0,0,0,0,12,6,0,3,0,6,0,0,0,0,18,0,8,3,0,7,0,4,0,0,31,8,0,0,3,3,0,3,0,0,24,5,8,6,3,4,0,0,0,0,22,0,4,0,0,0,0,0,0,0,8,0,0,0,0,0,0,0,0,0,0,0,0,0,0,0,0,0,0,0,0,14,31,20,11,19,10,7,12,0,117
11102121916,core,0,0,0,0,0,0,0,0,0,3,0,0,0,0,0,0,0,0,0,7,3,4,8,4,5,0,0,6,0,29,9,4,0,6,0,0,3,0,0,20,0,3,4,3,10,0,5,4,0,23,0,3,0,3,5,5,5,0,0,20,0,0,0,0,4,0,0,0,0,9,0,0,0,0,0,0,0,0,0,0,0,0,0,0,0,0,0,0,0,0,9,16,17,16,26,8,14,9,0,112
11102121917,core,0,0,3,5,0,7,0,5,0,19,0,0,4,6,0,0,0,0,0,23,0,11,12,7,6,0,5,7,0,49,3,6,4,7,3,6,3,4,0,30,3,3,13,4,13,3,3,0,0,54,3,15,3,8,6,3,4,4,0,46,0,0,0,0,0,0,0,0,0,7,0,0,0,0,0,0,0,0,0,0,0,0,0,0,0,0,0,0,0,0,11,50,40,36,31,18,19,17,4,226
11102121918,core,0,0,0,0,4,0,0,0,0,8,0,0,3,6,0,0,0,0,0,10,7,7,12,4,5,0,0,4,0,38,4,0,3,5,4,0,4,7,0,29,5,0,5,6,5,0,8,3,0,27,0,7,0,6,4,0,0,0,0,17,0,0,0,0,0,0,0,0,0,7,0,0,0,0,0,0,0,0,0,0,0,0,0,0,0,0,0,0,0,0,11,17,22,21,10,6,9,17,0,126
11102121919,core,0,0,0,0,0,0,0,0,0,6,0,0,3,6,0,0,0,0,0,6,0,9,0,0,0,3,0,0,0,13,4,3,3,0,0,0,0,0,0,10,3,3,4,5,4,0,7,0,0,30,9,8,3,3,4,0,5,0,0,29,0,4,0,0,4,0,0,0,0,9,3,0,0,0,0,0,0,0,0,3,0,0,0,0,0,0,0,0,0,0,26,30,11,7,15,6,3,0,0,108
11102121921,core,0,0,0,0,0,0,0,0,0,0,0,0,0,0,0,0,0,0,0,0,0,0,0,0,0,0,0,0,0,0,0,0,0,0,0,0,0,0,0,0,0,0,0,0,0,0,0,0,0,0,0,0,0,0,0,0,0,0,0,0,0,0,0,0,0,0,0,0,0,0,0,0,0,0,0,0,0,0,0,0,0,0,0,0,0,0,0,0,0,0,0,0,0,0,0,0,0,0,0,0
11102121922,core,0,0,0,3,0,0,0,4,0,11,0,0,0,3,0,0,0,0,0,8,0,0,0,0,4,0,0,0,0,9,0,0,0,0,0,0,4,0,0,4,3,9,0,3,5,0,3,0,0,14,3,0,3,3,0,0,0,0,0,11,0,3,0,0,0,0,0,0,0,3,0,0,0,0,0,0,0,0,0,0,0,0,0,0,0,0,0,0,0,0,5,6,9,13,9,4,5,3,0,58
11102121923,core,0,0,0,3,0,3,0,3,0,12,0,3,6,3,0,4,0,0,0,14,0,9,3,0,10,3,3,0,0,26,10,17,14,3,6,4,4,0,0,64,13,18,9,0,8,0,5,0,0,58,9,6,4,4,9,11,3,4,0,46,0,3,0,0,0,0,0,3,0,13,0,0,0,0,0,0,0,0,0,0,0,0,0,0,0,0,0,0,0,0,37,62,33,20,27,28,12,10,0,229
11102121924,core,0,0,3,5,0,7,0,0,0,12,0,0,0,4,3,0,0,0,0,6,0,3,3,0,5,0,0,0,0,21,5,13,0,0,3,0,0,0,0,22,16,14,5,0,3,5,0,0,0,41,4,5,3,0,9,0,0,0,0,22,0,3,0,0,4,0,0,0,0,10,0,0,0,0,0,0,0,0,0,0,0,0,0,0,0,0,0,0,0,0,24,39,23,11,25,15,0,4,0,138
11102121925,core,0,0,0,3,0,0,0,3,0,14,0,0,3,6,5,4,0,4,0,21,0,7,3,0,9,7,3,5,0,30,4,8,0,0,7,0,4,4,0,29,6,4,9,7,10,0,6,9,0,47,4,8,5,4,6,9,6,4,0,37,0,4,0,0,0,0,0,0,0,3,0,0,0,0,0,0,0,0,0,0,0,0,0,0,0,0,0,0,0,0,15,28,22,18,29,20,17,21,0,171
11102121926,core,0,0,0,0,0,0,0,5,0,6,0,3,6,0,0,3,0,3,0,19,0,7,13,16,7,8,0,4,0,54,4,0,7,0,8,0,0,4,0,26,6,5,6,3,0,4,6,0,0,27,3,4,3,5,3,7,4,0,5,31,0,0,0,0,0,0,0,0,0,11,0,0,0,0,0,0,0,0,0,0,0,0,0,0,0,0,0,0,0,0,15,21,40,27,19,16,14,21,5,175
11102121927,core,0,0,0,0,0,0,0,0,0,0,0,0,0,0,0,0,0,0,0,0,0,0,0,0,0,0,0,0,0,0,0,0,0,0,0,0,0,0,0,0,0,0,0,0,0,0,0,0,0,0,0,0,0,0,0,0,0,0,0,0,0,0,0,0,0,0,0,0,0,0,0,0,0,0,0,0,0,0,0,0,0,0,0,0,0,0,0,0,0,0,0,0,0,0,0,0,0,0,0,0
11102121929,core,0,0,5,0,0,3,0,3,0,12,0,0,3,0,0,0,0,0,0,4,0,0,7,4,0,0,0,3,0,15,5,0,7,8,0,0,4,3,0,18,0,0,0,3,0,0,5,9,0,19,0,0,0,0,0,3,4,0,0,12,5,0,0,0,0,0,0,0,0,3,0,0,0,0,0,0,0,0,0,0,0,0,0,0,0,0,0,0,0,0,6,3,21,13,10,7,8,18,4,97
11102121930,core,0,0,6,0,0,0,0,3,0,11,0,0,0,3,0,4,0,8,0,21,3,3,8,10,0,8,0,5,0,33,4,3,3,6,0,0,0,6,0,24,0,5,0,5,4,0,9,8,0,37,0,4,3,0,0,0,0,3,0,15,0,0,0,0,0,0,0,0,0,4,0,0,0,0,0,0,0,0,0,0,0,0,0,0,0,0,0,0,0,0,13,17,19,19,13,15,11,28,4,137
11102121931,core,0,0,4,3,0,5,0,7,0,18,3,0,6,4,0,4,3,5,0,21,14,9,12,7,6,3,3,4,0,65,0,6,6,8,3,0,5,4,0,34,6,3,3,6,3,3,4,8,0,41,6,7,11,11,4,4,4,3,0,35,0,4,0,0,0,0,0,0,0,7,0,0,0,0,0,0,0,0,0,0,0,0,0,0,0,0,0,0,0,0,27,29,38,36,16,18,17,34,9,218
11102121933,core,0,0,0,3,0,0,0,0,0,5,0,0,5,0,0,0,0,3,0,11,0,13,4,8,3,4,3,0,0,38,4,6,0,3,5,0,5,5,0,23,5,9,7,0,5,0,3,0,0,32,3,11,5,4,3,0,5,0,0,29,0,0,0,0,0,0,0,0,0,6,0,0,0,0,0,0,0,0,0,0,0,0,0,0,0,0,0,0,0,0,21,44,25,20,19,6,12,13,0,150
11102121934,core,0,0,0,0,0,0,0,5,0,12,0,0,0,0,3,0,0,0,0,12,0,5,0,0,0,0,0,0,0,11,0,4,6,3,3,0,5,0,0,28,5,11,4,4,7,0,0,3,0,35,9,9,5,0,4,0,3,6,0,33,6,0,0,0,0,0,0,0,0,12,0,0,0,0,0,0,0,0,0,0,0,0,0,0,0,0,0,0,0,0,25,39,17,18,22,0,12,11,0,145
11102121935,core,0,0,0,0,0,0,0,0,0,3,0,0,3,5,0,0,0,0,0,13,5,3,5,0,0,0,0,0,0,24,7,8,4,3,5,3,4,3,0,38,10,13,3,8,10,4,0,0,0,51,13,7,3,4,4,0,0,3,0,41,4,0,0,3,0,0,0,0,0,16,0,0,3,0,0,0,0,0,0,6,0,0,0,0,0,0,0,0,0,0,40,38,25,22,26,11,8,6,4,179
11102121936,core,0,0,0,0,0,6,6,7,0,12,0,0,3,0,0,3,0,0,0,14,5,15,4,4,5,5,4,3,0,39,4,19,10,0,9,0,0,4,0,46,9,11,12,5,6,0,0,3,0,38,4,8,3,4,4,0,0,0,0,26,0,0,3,0,3,0,0,0,0,13,0,0,0,0,0,0,0,0,0,0,0,0,0,0,0,0,0,0,0,0,20,50,24,17,27,13,12,23,4,193
11102121937,core,0,0,3,3,0,0,0,0,0,9,0,0,8,0,0,0,0,3,0,22,6,0,8,7,0,4,0,0,0,28,3,3,8,6,8,0,0,3,0,28,4,11,7,6,5,0,0,8,3,39,6,8,6,8,3,5,4,0,0,36,0,4,0,0,0,0,0,0,0,9,0,0,0,0,0,0,0,0,0,0,0,0,0,0,0,0,0,0,0,0,13,30,33,27,19,15,12,17,4,164
11102121938,core,0,0,3,3,0,9,0,3,0,19,0,0,5,4,0,0,0,0,0,7,0,8,6,11,8,8,5,11,0,54,4,20,7,12,4,4,5,6,0,59,4,3,11,9,7,0,9,10,0,53,0,4,4,5,8,0,8,4,0,40,0,0,4,0,0,0,0,0,0,15,0,0,0,0,0,0,0,0,0,0,0,0,0,0,0,0,0,0,0,0,16,40,38,44,29,21,21,29,4,248
11102121939,core,0,0,8,0,0,5,0,0,0,13,0,0,5,0,0,0,0,0,0,4,0,7,0,3,3,0,3,0,0,21,0,9,3,5,0,0,0,0,0,19,0,0,0,3,0,0,6,3,3,23,6,9,3,10,3,0,5,0,0,31,0,0,0,4,0,0,8,0,0,11,0,0,0,0,0,0,0,0,0,0,0,0,0,0,0,0,0,0,0,0,12,22,15,20,8,13,16,13,3,117
11102121940,core,0,0,0,0,0,3,0,0,0,5,0,0,5,0,0,3,0,0,0,15,0,0,13,4,0,0,0,5,0,25,0,3,4,4,0,0,0,0,0,17,0,0,0,5,0,0,0,0,0,10,0,3,3,0,7,5,0,4,0,28,0,0,0,0,6,0,0,0,0,6,0,0,0,0,0,0,0,0,0,0,0,0,0,0,0,0,0,0,0,0,0,14,31,21,11,7,11,7,0,102
11102121941,core,0,0,0,3,0,5,0,3,0,9,0,3,6,4,0,4,3,0,0,13,0,8,3,9,3,5,0,0,3,35,4,12,0,4,6,7,0,4,0,35,9,8,5,5,9,0,0,5,0,34,12,0,0,3,0,0,0,4,0,34,0,4,0,0,0,0,0,0,0,3,0,0,0,0,0,0,0,0,0,0,0,0,0,0,0,0,0,0,0,0,19,35,15,23,20,13,6,19,3,168
11102121942,core,0,0,3,0,0,3,0,0,0,7,0,3,0,3,0,0,0,0,0,8,4,3,8,0,0,7,0,4,0,23,0,6,3,0,0,0,0,0,0,14,0,3,0,3,0,0,0,0,0,11,4,0,0,0,6,5,0,0,0,19,0,0,0,0,0,0,0,0,0,3,0,0,0,0,0,0,0,0,0,0,0,0,0,0,0,0,0,0,0,0,10,19,14,9,6,16,3,3,4,86
11102121943,core,0,0,0,0,0,0,0,0,0,0,0,0,0,0,0,0,0,0,0,0,0,0,0,0,0,0,0,0,0,0,0,0,0,0,0,0,0,0,0,0,0,0,0,0,0,0,0,0,0,0,0,0,0,0,3,3,0,0,0,8,0,0,0,0,0,3,3,3,0,7,0,0,0,0,0,0,0,0,0,7,0,0,0,0,0,0,0,0,0,0,6,0,0,0,3,4,3,0,0,20
11102121944,core,0,0,0,0,0,4,0,3,0,3,0,0,0,9,0,0,0,0,0,13,0,4,5,0,3,3,3,6,0,22,0,3,4,4,0,0,0,0,0,15,3,3,5,8,0,0,3,4,0,23,0,0,0,3,0,0,4,0,0,11,0,0,0,0,0,0,3,0,0,3,0,0,0,0,0,0,0,0,0,0,0,0,0,0,0,0,0,0,0,0,3,11,12,25,7,9,7,18,3,100
11102122001,core,0,4,9,4,0,3,0,5,0,26,5,3,4,3,0,0,4,0,0,22,0,0,4,0,6,0,4,0,0,13,3,15,4,3,3,3,0,0,0,42,7,16,12,4,12,7,6,3,0,56,0,4,3,0,6,0,4,4,0,32,0,3,0,4,0,6,0,0,0,14,0,0,0,0,0,0,0,0,0,0,0,0,0,0,0,0,0,0,0,0,19,44,41,23,22,23,20,12,0,206
11102122002,core,0,0,0,0,0,4,0,0,0,13,0,0,5,7,0,0,0,0,0,16,0,3,6,3,5,3,0,4,0,23,3,6,8,14,3,0,0,3,0,39,6,5,4,8,8,0,3,5,0,38,0,3,4,5,0,0,0,0,0,30,0,0,0,0,0,0,6,0,0,6,0,0,0,0,0,0,0,0,0,0,0,0,0,0,0,0,0,0,0,0,9,25,29,39,16,16,9,12,4,161
11102122003,core,0,0,4,5,0,3,0,4,0,18,0,0,3,4,0,0,0,5,0,15,4,5,0,3,3,3,0,0,3,16,4,8,0,6,6,0,3,0,3,37,9,5,3,3,10,0,0,4,0,34,5,11,4,0,10,0,3,0,0,41,3,9,0,0,0,0,0,0,0,18,0,0,0,0,0,0,0,0,0,3,0,0,0,0,0,0,0,0,0,0,32,31,23,23,23,17,10,20,10,182
11102122004,core,0,0,0,4,0,0,0,3,0,14,0,4,10,3,3,3,0,4,0,18,0,11,4,8,3,3,0,0,0,31,0,10,15,5,3,3,0,4,0,43,9,8,8,11,5,5,0,0,0,53,4,5,6,3,3,5,4,0,0,32,0,0,3,0,5,4,0,0,0,15,0,0,0,0,0,0,0,0,0,0,0,0,0,0,0,0,0,0,0,0,15,43,45,32,19,22,16,17,4,208
11102122005,core,0,0,6,3,5,4,0,0,0,22,0,3,4,3,0,3,0,0,0,17,0,4,7,0,5,0,0,0,0,21,11,8,3,10,3,5,7,5,0,48,7,13,7,11,15,7,0,3,3,63,5,12,4,5,11,0,6,0,3,46,0,3,4,0,0,0,0,0,0,9,0,0,0,0,0,0,0,0,0,0,0,0,0,0,0,0,0,0,0,0,28,49,36,36,30,21,11,11,10,223
11102122006,core,0,0,3,0,0,0,0,3,0,12,0,6,5,5,4,0,8,3,0,24,3,13,13,5,3,5,0,5,0,48,4,7,5,5,3,7,3,0,0,35,4,6,5,7,9,6,3,3,0,40,0,3,11,14,9,0,11,3,5,49,0,4,0,0,6,0,0,0,0,12,0,0,0,0,0,0,0,0,0,0,0,0,0,0,0,0,0,0,0,0,19,43,38,38,30,15,22,15,3,224
11102122007,core,0,0,5,11,0,6,0,0,0,18,0,5,4,3,0,0,5,0,0,21,0,3,7,8,9,4,0,0,3,37,4,15,12,4,3,0,5,5,0,45,6,7,11,9,8,0,6,3,0,50,0,6,8,6,8,3,9,0,0,37,0,0,0,0,3,0,3,0,0,8,0,0,0,0,0,0,0,0,0,0,0,0,0,0,0,0,0,0,0,0,7,35,45,31,27,17,27,19,0,215
11102122009,core,0,0,0,0,0,4,0,8,0,12,0,0,13,3,0,0,0,0,0,18,4,13,10,8,3,0,0,3,3,51,4,4,16,3,3,3,3,3,0,49,4,8,3,9,7,0,5,9,0,45,3,3,4,3,6,0,0,5,0,30,0,0,0,0,3,0,0,0,0,8,0,0,0,0,0,0,0,0,0,0,0,0,0,0,0,0,0,0,0,0,23,34,51,31,24,9,15,21,3,210
11102122010,core,0,0,5,0,0,5,0,3,0,16,0,0,4,3,0,4,0,0,0,10,0,8,6,6,3,0,4,7,3,46,0,5,13,4,9,0,4,0,0,44,12,11,14,3,8,0,0,4,0,62,10,16,12,3,6,0,0,3,0,52,0,7,0,0,0,0,0,0,0,6,0,0,0,0,0,0,0,0,0,0,0,0,0,0,0,0,0,0,0,0,17,53,52,23,34,12,21,18,3,232
11102122011,core,0,0,0,0,0,6,0,4,0,20,0,8,5,0,6,0,3,4,0,25,0,13,13,11,7,0,6,0,0,50,12,12,13,3,5,3,4,9,0,66,13,13,9,8,7,4,3,3,0,63,8,19,7,6,12,4,11,9,0,62,4,5,0,0,0,0,0,3,0,16,0,0,0,0,0,0,0,0,0,6,0,0,0,0,0,0,0,0,0,0,39,62,57,39,32,15,19,31,10,308
11102122012,core,0,0,3,6,0,4,0,0,0,12,0,0,4,10,0,5,0,5,0,23,4,4,7,6,0,0,4,4,0,28,4,10,3,5,8,0,3,5,0,34,7,5,5,3,8,3,9,7,0,53,6,5,4,0,10,4,3,0,0,30,0,0,0,0,0,0,0,0,0,5,0,0,0,0,0,0,0,0,0,0,0,0,0,0,0,0,0,0,0,0,21,26,35,27,29,22,16,16,0,186
11102122013,core,0,0,4,0,0,0,5,4,0,18,0,0,9,12,3,3,0,0,0,26,3,8,6,6,4,3,0,6,3,40,7,0,10,9,5,0,0,3,0,41,6,7,11,6,11,5,4,0,0,52,9,7,6,10,7,5,3,8,3,57,3,0,4,0,0,0,0,0,0,12,0,0,0,0,0,0,0,0,0,0,0,0,0,0,0,0,0,0,0,0,33,25,55,43,35,23,17,17,9,251
11102122014,core,0,0,0,0,5,0,0,5,0,9,3,0,3,3,0,0,0,3,0,14,5,4,4,0,6,0,0,0,0,12,0,4,6,0,0,0,0,4,0,23,6,13,5,5,3,0,0,5,0,34,8,10,0,3,4,0,0,0,0,30,0,7,0,0,0,0,0,0,0,20,0,0,0,0,0,0,0,0,0,4,0,0,0,0,0,0,0,0,0,0,29,34,16,15,17,6,3,11,0,145
11102122015,core,0,0,0,4,0,3,3,0,0,10,0,0,3,0,0,0,0,0,0,3,0,5,5,4,4,0,6,0,0,19,3,6,3,0,0,0,0,0,0,20,3,7,13,3,6,3,8,0,0,46,11,3,3,0,8,0,5,0,0,30,0,3,3,0,0,0,4,0,0,14,0,0,0,0,0,0,0,0,0,0,0,0,0,0,0,0,0,0,0,0,23,28,30,14,18,7,23,5,0,144
11102122016,core,0,0,0,0,0,0,0,7,0,13,0,0,6,5,0,3,0,5,0,20,3,12,13,4,14,0,4,3,0,63,11,12,6,6,0,0,6,3,6,47,10,7,11,10,10,4,8,0,0,65,8,7,3,5,9,0,8,5,0,45,0,6,0,0,0,0,4,0,0,8,0,0,0,0,0,0,0,0,0,0,0,0,0,0,0,0,0,0,0,0,31,45,48,30,40,15,23,31,6,261
11102122017,core,0,0,3,4,0,4,0,0,0,5,0,0,4,8,0,0,0,0,0,12,4,5,0,7,5,0,0,3,0,24,3,10,8,3,10,0,0,4,0,40,3,3,11,5,6,0,0,0,3,33,0,12,4,3,7,0,5,3,0,36,0,4,0,3,0,0,0,0,0,14,0,0,0,0,0,0,0,0,0,0,0,0,0,0,0,0,0,0,0,0,14,35,30,20,25,9,9,12,3,168
11102122018,core,0,0,0,0,0,0,0,0,0,6,0,0,0,0,0,0,0,0,0,3,0,0,13,0,0,0,0,0,0,18,3,0,0,4,5,0,0,0,0,20,3,5,4,7,5,0,10,0,0,28,4,3,3,6,5,0,5,0,0,31,0,3,0,0,3,0,4,0,0,12,0,0,0,0,0,0,0,0,0,0,0,0,0,0,0,0,0,0,0,0,14,16,22,16,14,9,16,13,7,114
11102122019,core,0,0,0,0,0,0,0,0,0,5,0,0,5,0,0,0,0,4,0,8,0,8,0,0,3,3,0,0,0,17,10,7,3,6,4,0,0,0,0,32,3,13,3,0,3,3,0,0,0,33,5,5,5,3,5,0,0,4,0,34,0,7,0,0,4,0,0,0,0,12,0,4,0,0,0,0,0,0,0,4,0,0,0,0,0,0,0,0,0,0,17,42,19,18,14,9,8,7,0,150
11102122020,core,0,0,0,3,0,5,0,3,0,13,0,0,0,0,0,3,0,5,0,14,0,12,4,3,0,0,6,13,0,34,14,6,11,6,4,7,4,0,0,50,7,9,9,8,9,4,3,4,0,46,8,11,14,9,4,4,3,6,0,58,0,5,0,0,4,0,0,0,0,10,0,0,0,0,0,0,0,0,0,0,0,0,0,0,0,0,0,0,0,0,26,38,44,35,24,16,13,31,3,236
11102122021,core,0,0,3,0,0,9,0,0,0,16,0,0,0,3,0,6,0,0,0,17,5,11,4,3,9,5,3,0,0,35,4,17,7,3,11,5,0,3,0,47,11,9,9,3,6,3,3,5,0,51,15,12,9,7,8,4,7,3,5,80,0,3,5,0,7,0,5,0,0,23,0,3,0,0,0,0,0,0,0,5,0,0,0,0,0,0,0,0,0,0,41,55,43,24,41,27,14,18,9,270
11102122022,core,0,0,0,0,0,0,0,0,0,0,0,0,0,0,0,0,0,0,0,0,0,0,0,0,0,0,0,0,0,0,0,0,0,0,0,0,0,0,0,0,0,0,0,0,0,0,0,0,0,0,0,0,0,0,0,0,0,0,0,0,0,0,0,0,0,0,0,0,0,0,0,0,0,0,0,0,0,0,0,0,0,0,0,0,0,0,0,0,0,0,0,0,0,0,0,0,0,0,0,0
11102122023,core,0,0,0,0,0,0,0,0,0,0,0,0,0,0,0,0,0,0,0,0,0,0,0,0,0,0,0,0,0,0,0,0,0,0,0,0,0,0,0,0,0,0,0,0,0,0,0,0,0,0,0,0,0,0,0,0,0,0,0,0,0,0,0,0,0,0,0,0,0,0,0,0,0,0,0,0,0,0,0,0,0,0,0,0,0,0,0,0,0,0,0,0,0,0,0,0,0,0,0,0
11102122024,core,0,0,0,0,0,0,0,0,0,3,0,0,0,0,0,0,0,0,0,0,0,0,0,0,0,0,0,0,0,4,0,0,0,0,0,0,0,0,0,0,5,4,0,0,0,0,0,0,0,8,0,0,0,0,0,0,0,0,0,0,0,0,0,0,0,0,0,0,0,0,0,0,0,0,0,0,0,0,0,0,0,0,0,0,0,0,0,0,0,0,5,5,8,0,0,0,0,3,0,20
11102122101,core,0,0,0,0,0,4,0,9,0,11,0,0,5,3,5,0,0,0,0,13,3,12,9,5,6,0,0,4,0,44,4,0,9,6,3,0,3,4,0,30,0,8,13,9,4,3,5,4,0,43,3,0,0,3,6,9,3,10,0,36,0,0,0,0,0,0,0,0,0,0,0,0,0,0,0,0,0,0,0,0,0,0,0,0,0,0,0,0,0,0,17,24,37,17,23,14,13,30,0,177
11102122102,core,0,0,0,5,0,0,0,0,0,7,0,0,6,0,0,4,0,0,4,10,0,0,4,0,4,3,4,5,0,21,0,3,9,3,3,0,0,3,0,17,0,0,0,0,0,0,6,5,0,18,0,3,0,0,0,5,4,4,0,18,0,0,0,0,0,0,0,0,0,4,0,0,0,0,0,0,0,0,0,0,0,0,0,0,0,0,0,0,0,0,4,8,14,15,8,12,9,18,8,93
11102122103,core,0,0,0,0,4,5,0,0,0,8,0,6,0,6,3,0,0,0,0,17,0,9,8,3,6,0,5,0,0,29,6,6,3,5,3,0,4,0,0,33,0,9,4,3,4,0,9,0,3,34,0,3,3,0,0,3,3,0,0,19,0,0,0,0,0,0,0,0,0,0,0,0,0,0,0,0,0,0,0,0,0,0,0,0,0,0,0,0,0,0,11,27,26,12,24,13,17,6,5,144
11102122104,core,0,0,8,3,0,9,0,0,0,14,0,0,3,3,5,0,0,0,0,15,9,3,19,6,5,0,4,5,0,51,3,0,12,3,7,6,8,7,0,51,6,0,3,4,4,0,6,6,0,28,5,0,3,7,5,0,0,5,0,19,0,0,3,0,0,0,0,0,0,4,0,0,0,0,0,0,0,0,0,0,0,0,0,0,0,0,0,0,0,0,13,10,50,29,21,21,24,26,6,192
11102122105,core,0,0,4,0,0,0,0,0,0,7,0,6,4,3,0,0,0,6,0,12,0,0,7,4,0,0,0,3,0,21,0,3,3,10,0,0,3,6,0,21,9,0,0,0,4,3,0,5,0,21,0,0,0,0,3,0,0,3,0,18,0,0,0,0,0,0,0,0,0,0,0,0,0,0,0,0,0,0,0,0,0,0,0,0,0,0,0,0,0,0,11,12,21,14,20,5,10,23,4,106
11102122106,core,0,0,4,0,0,4,0,5,0,23,0,0,9,5,0,0,0,0,0,22,5,11,17,9,3,7,0,6,0,59,4,7,14,8,12,0,7,6,0,49,0,3,8,6,10,0,8,4,5,45,7,3,4,5,8,3,3,6,0,39,0,0,0,0,0,0,0,0,0,0,0,0,0,0,0,0,0,0,0,0,0,0,0,0,0,0,0,0,0,0,19,19,51,35,37,23,18,29,3,238
11102122107,core,0,0,4,0,0,6,5,0,0,11,0,0,3,0,0,0,0,0,0,12,0,4,4,3,0,0,4,5,0,25,0,0,6,0,5,4,4,5,0,27,3,8,9,5,11,0,14,7,0,52,3,0,0,3,4,0,4,8,0,28,0,0,0,0,0,0,0,5,0,10,0,0,0,0,0,0,0,0,0,0,0,0,0,0,0,0,0,0,0,0,9,14,34,13,21,12,33,27,0,161
11102122108,core,0,0,4,3,0,15,0,4,0,26,0,0,4,5,4,9,0,3,0,30,3,32,20,18,10,10,3,3,3,116,10,21,3,14,13,6,0,7,0,77,5,7,13,9,9,0,5,3,0,53,0,0,4,0,4,3,6,0,0,25,0,0,0,0,0,0,0,6,0,9,0,0,0,0,3,0,0,0,0,0,0,0,0,0,0,0,0,0,0,0,28,63,47,56,42,37,19,33,11,340
11102122109,core,0,0,0,0,0,0,0,0,0,8,0,0,3,0,0,0,0,4,0,8,3,4,14,3,5,4,0,6,0,36,4,0,8,4,0,0,0,5,0,34,0,3,5,6,0,0,0,0,0,19,6,0,0,5,0,0,0,0,0,13,0,0,0,0,0,0,0,0,0,3,0,0,0,0,0,0,0,0,0,0,0,0,0,0,0,0,0,0,0,0,6,13,28,19,15,11,14,19,0,120
11102122110,core,0,0,0,3,0,4,0,4,0,15,0,0,7,0,0,3,0,3,0,16,0,3,6,0,9,0,0,3,0,33,8,3,10,7,4,0,0,4,3,40,3,4,9,4,5,0,6,0,0,37,4,6,8,5,3,5,10,10,0,37,0,4,4,0,0,0,0,0,0,7,0,0,0,0,0,0,0,0,0,0,0,0,0,0,0,0,0,0,0,0,20,25,47,21,24,12,13,19,3,185
11102122111,core,0,0,8,3,0,3,0,0,0,13,0,0,18,5,5,0,0,3,0,30,3,7,11,8,4,0,5,0,0,30,3,3,13,9,5,0,6,4,0,39,0,5,0,0,5,8,12,4,0,37,0,0,4,3,6,3,7,0,0,32,0,0,3,0,0,0,0,0,0,6,0,0,0,0,0,0,0,0,0,0,0,0,0,0,0,0,0,0,0,0,11,17,49,23,31,19,28,16,0,196
11102122112,core,0,0,10,0,0,8,0,5,0,16,3,0,8,3,0,6,0,7,0,23,5,6,13,4,13,3,10,5,0,55,7,4,7,4,12,0,0,0,5,36,3,3,11,6,5,10,6,3,0,54,0,6,0,0,9,5,6,4,0,33,0,0,0,0,0,0,0,0,0,3,0,0,0,0,0,0,0,0,0,0,0,0,0,0,0,0,0,0,0,0,19,21,45,27,33,22,27,25,3,222
11102122113,core,0,0,0,3,0,8,0,4,0,17,0,0,3,3,0,4,0,3,0,18,6,3,15,10,3,0,0,7,0,46,0,5,7,0,0,7,0,0,0,24,3,9,9,9,6,0,3,4,0,41,0,0,5,4,5,0,7,3,0,25,0,6,0,0,0,0,0,0,0,9,0,0,0,0,0,0,0,0,0,0,0,0,0,0,0,0,0,0,0,0,13,18,37,25,15,20,16,27,0,178
11102122114,core,0,0,3,7,0,13,0,10,0,32,0,0,3,9,10,0,0,6,0,28,11,39,32,15,17,11,7,9,0,141,8,26,17,7,16,4,7,13,0,98,8,9,10,14,17,7,9,3,0,83,4,8,5,5,8,0,5,4,0,41,0,6,0,4,0,0,0,3,0,11,0,0,0,0,0,0,0,0,0,0,0,0,0,0,0,0,0,0,0,0,38,93,73,60,58,35,42,46,0,441
11102122115,core,0,0,4,0,0,3,0,8,0,19,0,4,5,14,0,0,0,0,0,24,0,3,7,9,4,6,5,4,0,35,5,5,7,5,3,0,0,3,0,40,8,10,6,5,0,14,5,6,0,47,3,8,12,6,8,0,3,5,0,37,0,0,0,0,0,0,0,0,0,3,0,0,0,0,0,0,0,0,0,0,0,0,0,0,0,0,0,0,0,0,18,34,39,43,16,27,17,27,0,212
11102122116,core,0,0,0,0,0,0,0,0,0,9,0,0,7,3,0,0,0,0,0,15,4,0,10,3,3,3,3,5,0,31,0,6,7,0,9,0,0,0,0,21,0,0,0,6,0,5,0,7,0,24,0,0,0,3,3,4,3,0,0,18,0,0,0,0,0,0,0,0,0,4,0,0,0,0,0,0,0,0,0,0,0,0,0,0,0,0,0,0,0,0,5,14,29,19,10,17,15,13,3,122
11102122117,core,0,0,0,0,0,3,0,4,0,11,0,4,9,0,0,0,0,3,0,10,0,6,10,0,3,10,0,4,0,40,4,4,6,4,7,0,0,3,0,33,4,3,12,5,5,3,5,3,0,39,0,0,10,9,6,0,3,5,0,36,0,0,0,0,0,0,0,0,0,4,0,0,0,0,0,0,0,0,0,0,0,0,0,0,0,0,0,0,0,0,15,15,42,29,23,18,16,17,0,173
11102122118,core,0,0,0,0,0,0,0,0,0,7,0,0,4,0,0,0,0,3,0,12,6,0,4,4,6,0,0,0,0,30,4,5,5,0,3,0,0,0,0,22,6,4,3,0,6,0,5,3,0,18,0,0,3,4,4,0,5,4,0,31,0,0,0,0,0,0,0,0,0,3,0,0,0,0,0,0,0,0,0,0,0,0,0,0,0,0,0,0,0,0,18,14,27,12,19,6,10,16,6,118
11102122119,core,0,0,0,0,0,0,0,0,0,8,0,0,3,8,0,5,0,0,4,23,0,4,8,11,6,0,0,5,0,33,0,4,8,0,7,5,0,6,0,32,3,3,4,4,0,0,3,3,0,24,0,0,0,0,3,0,3,5,0,17,0,0,0,0,0,0,0,0,0,0,0,0,0,0,0,0,0,0,0,0,0,0,0,0,0,0,0,0,0,0,7,14,21,28,13,6,14,22,4,129
11102122120,core,0,0,3,0,0,5,0,0,0,3,0,0,0,0,0,0,0,0,0,3,4,3,0,0,0,0,0,0,0,4,3,9,4,8,3,0,4,5,0,28,0,9,0,0,0,0,0,0,0,17,4,8,0,0,5,0,4,0,0,17,0,0,0,0,0,0,0,0,0,0,0,0,0,0,0,0,0,0,0,0,0,0,0,0,0,0,0,0,0,0,13,24,9,12,10,5,10,4,0,83
11103122201,core,0,0,0,5,0,9,0,5,0,18,0,0,0,6,0,0,0,3,0,12,11,24,4,3,7,4,4,0,0,54,3,24,5,3,3,3,0,0,0,43,13,19,0,4,8,0,5,6,0,53,3,8,0,0,3,0,0,0,0,28,4,3,0,0,0,0,0,0,0,6,0,0,0,0,0,0,0,0,0,0,0,0,0,0,0,0,0,0,0,0,33,83,16,25,32,19,6,7,0,219
11103122202,core,0,0,4,6,0,3,0,0,0,14,0,3,3,4,0,0,0,0,0,18,3,11,0,4,4,5,7,0,0,36,4,16,3,0,5,4,0,0,0,39,12,13,3,3,0,3,0,4,0,41,0,4,0,7,0,0,3,6,0,25,0,0,0,0,0,0,0,0,0,0,0,0,0,0,0,0,0,0,0,0,0,0,0,0,0,0,0,0,0,0,22,52,11,19,14,23,11,12,7,166
11103122203,core,0,0,0,5,0,6,0,0,0,18,0,6,4,13,0,3,0,7,0,28,7,22,5,7,10,0,0,0,0,61,7,21,5,4,13,7,0,0,0,67,4,12,6,11,12,5,5,3,0,47,3,14,3,3,7,0,0,3,0,37,0,3,0,0,0,0,0,0,0,8,0,0,0,0,0,0,0,0,0,0,0,0,0,0,0,0,0,0,0,0,24,81,24,40,37,23,6,17,3,267
11103122204,core,0,0,3,4,0,12,5,4,0,30,3,3,0,5,4,8,0,0,0,27,7,15,6,12,3,5,0,0,0,52,21,39,10,6,7,5,0,4,4,90,18,37,9,10,12,4,3,4,0,82,8,10,3,3,0,4,0,3,0,30,5,3,0,0,3,0,0,0,0,11,0,0,0,0,0,0,0,0,0,0,0,0,0,0,0,0,0,0,0,0,61,107,29,40,33,26,7,20,5,326
11103122205,core,0,0,0,0,0,6,0,7,0,11,0,0,5,0,0,5,0,0,0,9,0,9,4,4,0,0,3,0,0,27,3,26,4,5,14,4,4,4,0,54,10,20,7,3,9,6,4,0,0,48,3,12,4,0,7,4,4,0,0,33,0,0,0,0,4,0,3,0,0,10,0,0,0,0,0,0,0,0,0,0,0,0,0,0,0,0,0,0,0,0,20,74,17,21,29,10,13,18,0,205
11103122206,core,0,0,0,0,0,11,0,3,0,13,0,0,4,4,0,3,0,0,0,16,7,14,7,0,4,0,5,3,0,40,11,18,4,0,10,0,0,0,0,45,4,11,13,3,7,0,0,4,0,49,0,11,0,4,6,3,4,3,0,36,0,3,0,0,0,0,3,0,0,13,0,0,0,0,0,0,0,0,0,5,0,0,0,0,0,0,0,0,0,0,27,66,23,21,29,18,8,10,0,214
11103122207,core,0,0,3,5,0,7,0,11,0,25,0,3,0,0,0,6,3,3,0,26,3,28,13,11,3,5,0,3,5,67,19,34,7,6,12,4,3,3,0,83,14,20,15,10,11,3,4,3,0,75,8,11,10,0,8,0,3,4,0,41,0,5,0,0,0,0,0,0,0,10,0,0,0,0,0,0,0,0,0,3,0,0,0,0,0,0,0,0,0,0,38,97,48,36,39,20,11,29,8,318
11103122208,core,0,0,0,3,0,4,0,0,0,11,3,10,3,20,3,9,0,3,0,51,3,33,18,18,14,4,0,4,0,99,7,38,11,5,16,0,8,0,0,83,0,10,4,5,11,0,0,0,0,32,9,9,0,0,8,0,0,0,0,24,0,0,0,3,0,0,0,0,0,10,0,0,0,0,0,0,0,0,0,0,0,0,0,0,0,0,0,0,0,0,21,99,34,48,55,19,13,18,0,306
11103122209,core,0,0,0,7,0,12,7,3,0,29,0,0,0,10,0,5,0,3,0,13,3,7,3,0,3,0,0,0,0,17,9,24,0,5,4,0,0,0,0,44,13,24,3,6,10,0,5,0,0,59,3,8,6,0,0,4,0,3,0,25,0,0,0,0,0,0,0,0,0,0,0,0,0,0,0,0,0,0,0,0,0,0,0,0,0,0,0,0,0,0,30,64,11,25,21,13,5,14,0,193
11103122210,core,0,0,0,6,0,9,0,0,0,21,5,9,8,7,4,8,3,7,0,50,7,37,14,9,12,6,0,6,7,101,7,18,3,3,9,4,4,3,0,50,9,22,6,6,11,0,5,4,0,53,9,6,3,0,5,5,0,8,0,35,0,0,0,0,0,0,0,0,0,3,0,0,0,0,0,0,0,0,0,0,0,0,0,0,0,0,0,0,0,0,31,95,36,36,43,36,12,29,7,322
11103122211,core,0,0,0,0,0,10,0,5,0,16,0,5,4,3,0,9,0,0,0,23,3,14,8,3,0,8,0,5,0,36,9,15,11,3,0,0,0,0,0,39,8,18,7,7,9,0,3,0,0,41,3,14,8,0,3,0,0,0,0,32,0,4,0,0,0,0,0,0,0,4,0,0,0,0,0,0,0,0,0,0,0,0,0,0,0,0,0,0,0,0,26,64,32,17,20,22,7,11,0,195
11103122212,core,0,0,0,0,3,3,3,0,0,11,0,14,7,6,4,5,3,3,0,43,7,14,11,4,5,3,3,4,0,52,16,15,10,0,8,3,0,6,0,53,15,13,3,5,8,0,0,0,0,50,6,7,5,3,10,0,0,5,0,44,5,5,0,0,4,0,0,0,0,14,0,0,0,0,0,0,0,0,0,0,0,0,0,0,0,0,0,0,0,0,45,63,45,30,33,17,15,19,3,268
11103122213,core,0,0,0,0,0,0,0,0,0,7,0,0,0,3,0,0,0,0,0,10,4,21,8,3,0,6,0,0,0,43,3,7,5,0,4,3,0,0,0,29,5,3,7,0,4,0,3,0,0,26,3,7,0,0,4,0,0,0,0,21,0,0,0,0,0,0,0,0,0,6,0,0,0,0,0,0,0,0,0,0,0,0,0,0,0,0,0,0,0,0,18,50,27,15,19,7,8,13,0,142
11103122214,core,0,0,0,0,0,4,0,0,0,13,0,0,9,3,0,4,0,0,0,24,12,32,10,3,4,3,0,0,0,65,0,16,0,4,3,5,0,5,0,36,0,7,8,0,7,0,3,4,0,32,8,8,4,0,3,0,0,5,0,29,0,0,0,0,0,0,0,3,0,9,0,0,0,0,0,0,0,0,0,0,0,0,0,0,0,0,0,0,0,0,26,64,31,16,32,20,16,17,0,208
11103122215,core,0,0,0,4,0,0,0,0,0,4,0,3,3,5,0,3,0,0,0,16,3,20,0,6,4,0,0,0,0,35,19,39,0,3,5,0,0,0,0,70,8,5,3,0,9,3,0,3,0,31,5,3,4,0,4,3,0,4,0,25,0,4,0,0,0,0,0,0,0,3,0,0,0,0,0,0,0,0,0,0,0,0,0,0,0,0,0,0,0,0,34,70,17,19,21,6,3,11,0,186
11103122216,core,0,0,5,3,3,9,0,8,0,31,0,9,9,7,0,9,0,0,0,33,3,23,10,5,0,7,3,4,0,63,12,26,4,5,4,0,3,6,0,60,12,17,8,4,13,0,6,0,0,58,3,13,6,6,8,3,0,0,0,40,0,0,0,0,0,0,0,0,0,0,0,0,0,0,0,0,0,0,0,0,0,0,0,0,0,0,0,0,0,0,36,84,47,40,35,29,16,15,0,289
11103122217,core,0,0,3,0,0,9,0,3,0,16,0,3,7,5,3,8,0,5,0,31,6,34,15,11,8,4,3,0,0,77,8,31,14,4,7,3,0,0,0,69,5,17,9,5,9,5,0,0,0,56,6,10,8,5,3,7,0,4,0,48,3,4,0,0,5,0,0,0,0,16,0,0,0,0,0,0,0,0,0,0,0,0,0,0,0,0,0,0,0,0,35,99,49,25,40,28,9,12,4,307
11103122218,core,0,0,4,6,0,4,0,9,0,23,0,11,5,14,7,8,0,0,0,48,10,43,5,5,7,3,4,3,0,83,3,21,7,4,8,3,0,3,7,53,8,18,5,5,10,5,3,0,0,52,7,7,0,6,9,0,0,0,0,32,0,0,0,0,0,4,0,0,0,3,0,0,0,0,0,0,0,0,0,0,0,0,0,0,0,0,0,0,0,0,24,97,26,36,46,27,7,26,8,297
11103122219,core,0,0,0,0,0,4,0,4,0,9,3,3,0,12,3,7,0,4,0,33,9,32,18,15,10,6,5,5,0,80,8,21,15,0,3,0,0,0,0,52,8,11,8,7,5,0,0,4,0,34,3,8,7,5,7,0,4,6,0,35,0,0,0,0,0,0,0,0,0,0,0,0,0,0,0,0,0,0,0,0,0,0,0,0,0,0,0,0,0,0,28,76,42,34,29,12,7,25,0,260
11103122220,core,0,0,3,8,0,5,0,0,0,14,0,11,5,16,10,4,5,6,0,49,8,33,20,14,8,6,0,3,3,90,8,14,5,6,12,4,5,0,0,47,0,22,5,3,7,3,7,10,0,58,0,8,4,8,8,3,5,4,0,34,4,0,0,0,0,0,0,0,0,4,0,0,0,0,0,0,0,0,0,0,0,0,0,0,0,0,0,0,0,0,19,84,40,50,42,22,15,29,5,305
11103122221,core,0,0,0,0,0,0,0,0,0,0,0,0,0,0,0,0,0,0,0,0,0,0,0,0,0,0,0,0,0,0,0,0,0,0,0,0,0,0,0,3,0,0,0,0,0,0,0,0,0,0,0,0,0,0,0,0,0,0,0,0,0,0,0,0,0,0,0,0,0,0,0,0,0,0,0,0,0,0,0,0,0,0,0,0,0,0,0,0,0,0,0,3,0,0,0,0,0,0,0,3
11103122222,core,0,0,0,0,0,0,0,0,0,0,0,0,0,0,0,0,0,0,0,0,0,0,0,0,0,0,0,0,0,0,0,0,0,0,0,0,0,0,0,0,0,0,0,0,0,0,0,0,0,0,0,0,0,0,0,0,0,0,0,0,0,0,0,0,0,0,0,0,0,0,0,0,0,0,0,0,0,0,0,0,0,0,0,0,0,0,0,0,0,0,0,0,0,0,0,0,0,0,0,0
11103122223,core,0,0,4,5,0,12,0,4,0,30,0,0,5,3,3,3,0,3,0,20,4,15,10,4,9,3,0,3,0,48,9,26,15,5,13,4,0,0,0,77,17,25,9,3,14,3,0,4,0,76,7,12,0,3,4,7,3,0,0,40,0,4,0,0,0,0,0,0,0,8,0,0,0,0,0,0,0,0,0,0,0,0,0,0,0,0,0,0,0,0,43,85,43,28,42,32,5,23,5,301
11103122224,core,0,0,8,3,0,15,0,6,0,28,0,0,4,5,0,4,0,3,0,23,3,19,7,3,3,0,0,0,0,39,9,26,5,0,6,0,3,0,0,52,12,20,4,6,8,3,4,6,0,66,3,7,0,0,7,4,3,3,0,35,0,3,0,0,0,0,0,0,0,5,0,0,0,0,0,0,0,0,0,0,0,0,0,0,0,0,0,0,0,0,26,78,32,25,33,26,10,23,3,243
11103122225,core,0,0,0,0,0,0,0,0,0,11,0,5,3,6,0,3,0,5,0,28,5,24,4,11,6,3,0,0,0,53,13,31,11,5,3,7,0,5,3,81,0,19,7,4,9,3,3,3,0,46,0,4,4,0,7,0,5,0,0,24,0,3,0,0,0,0,0,0,0,5,0,0,0,0,0,0,0,0,0,0,0,0,0,0,0,0,0,0,0,0,28,87,33,25,25,21,14,19,5,251
11103122226,core,0,0,4,3,0,11,0,0,0,23,0,5,4,5,0,5,0,0,0,21,3,18,6,3,3,7,0,0,0,42,3,18,0,4,17,0,3,0,0,59,8,19,0,0,0,8,0,9,0,46,0,17,3,5,0,5,0,0,0,41,0,4,0,0,0,0,0,0,0,10,0,0,0,0,0,0,0,0,0,4,0,0,0,0,0,0,0,0,0,0,21,80,25,20,29,36,6,15,3,232
11103122227,core,0,0,5,3,0,5,0,8,0,16,0,7,0,7,3,5,0,0,0,13,5,3,0,4,7,0,0,0,0,16,12,19,0,11,3,5,0,0,6,58,12,20,6,4,11,3,0,0,3,63,7,8,3,3,7,3,5,0,0,38,6,3,4,0,4,0,0,4,0,16,0,0,0,0,0,0,0,0,0,0,0,0,0,0,0,0,0,0,0,0,35,61,21,24,34,25,9,10,5,222
11103122228,core,0,0,0,0,0,5,0,4,0,8,0,3,5,4,3,0,0,0,0,18,0,11,0,0,3,3,0,0,0,13,15,24,4,9,6,0,0,0,0,55,12,15,11,6,8,0,0,4,0,58,3,9,4,0,6,4,0,0,0,29,0,0,0,0,0,0,0,0,0,3,0,0,0,0,0,0,0,0,0,0,0,0,0,0,0,0,0,0,0,5,31,61,30,19,25,13,9,9,0,195
11103122229,core,0,0,0,6,0,3,0,0,0,10,0,0,3,3,5,0,0,5,0,20,5,10,5,0,6,5,7,4,0,40,10,32,7,7,8,4,0,4,0,67,6,14,5,3,3,0,0,0,0,40,5,7,0,4,7,0,0,0,0,30,0,5,0,0,0,0,0,0,0,5,0,0,0,0,0,0,0,0,0,0,0,0,0,0,0,0,0,0,0,0,27,72,21,18,27,10,9,11,3,212
11103122230,core,0,0,0,4,0,7,0,4,0,15,0,3,7,5,0,5,0,0,0,24,5,19,10,7,11,0,0,3,0,45,13,28,10,7,5,3,0,0,0,73,12,16,11,4,8,3,4,0,0,51,5,3,4,0,0,0,3,0,0,21,0,0,0,0,0,0,0,0,0,0,0,0,0,0,0,0,0,0,0,0,0,0,0,0,0,0,0,0,0,0,34,66,35,24,22,25,12,11,0,230
11103122231,core,0,0,0,4,0,3,3,0,0,18,0,0,4,9,5,0,0,0,0,13,4,10,8,3,7,0,0,0,0,31,6,20,8,6,4,3,0,0,0,42,12,21,5,5,4,0,0,0,0,50,7,7,0,9,0,3,0,0,0,21,0,0,0,0,0,0,0,0,0,0,0,0,0,0,0,0,0,0,0,0,0,0,0,0,0,0,0,0,0,0,35,50,23,25,19,14,6,8,0,183
11103122232,core,0,0,0,6,0,9,0,4,0,18,0,9,4,8,3,8,0,3,0,31,8,16,9,9,9,3,7,4,0,64,17,18,9,14,0,0,0,3,0,60,12,15,7,5,6,0,4,3,0,58,5,10,8,6,3,0,0,0,0,29,4,0,0,0,0,3,0,0,0,9,0,6,0,0,0,0,0,0,0,7,0,0,0,0,0,0,0,0,0,0,39,73,35,39,19,25,11,21,6,275
11103122233,core,0,0,3,0,0,0,0,0,0,9,0,0,4,7,0,3,0,0,0,20,5,19,12,4,0,10,0,0,0,47,8,21,7,0,7,0,0,0,0,43,9,5,3,4,7,0,0,4,0,34,0,6,5,0,3,0,4,0,0,21,0,6,3,3,0,0,0,0,0,8,0,0,0,0,0,0,0,0,0,0,0,0,0,0,0,0,0,0,0,0,27,60,33,19,16,16,7,9,0,184
11103122234,core,0,0,0,3,0,13,0,3,0,14,0,4,0,11,0,0,0,3,0,14,9,9,3,6,4,4,0,0,0,45,9,23,5,5,5,4,0,0,0,53,4,17,4,3,12,4,3,0,0,44,3,13,0,0,3,0,0,3,0,26,0,0,0,0,0,0,0,0,0,5,0,0,0,0,0,0,0,0,0,0,0,0,0,0,0,0,0,0,0,0,29,65,16,24,25,20,8,5,3,203
11103122235,core,0,0,0,3,0,12,0,6,0,29,0,0,5,4,0,0,0,0,0,14,9,18,16,12,4,0,0,0,5,66,19,48,9,6,10,0,3,4,0,105,22,23,7,8,6,3,6,0,0,81,4,7,3,0,6,0,0,0,0,29,0,0,0,0,0,0,0,0,0,8,0,0,0,0,0,0,0,0,0,0,0,0,0,0,0,0,0,0,0,0,57,107,39,29,33,20,22,21,3,328
11103122236,core,0,0,0,5,0,3,0,6,0,7,0,0,9,7,0,5,3,0,0,15,8,21,6,3,4,4,0,0,0,39,10,25,3,0,3,0,0,0,0,50,8,13,5,4,5,4,3,0,0,49,4,10,0,0,5,0,3,3,0,27,0,0,0,0,0,0,0,0,0,3,0,0,0,0,0,0,0,0,0,0,0,0,0,0,0,0,0,0,0,0,28,65,32,26,23,13,5,6,0,199
11103122237,core,0,0,0,0,0,0,0,0,0,0,0,0,0,0,0,0,0,0,0,0,0,0,0,0,0,0,0,0,0,0,0,0,0,0,0,0,0,0,0,0,0,0,0,0,0,0,0,0,0,0,0,0,0,0,0,0,0,0,0,0,0,0,0,0,0,0,0,0,0,0,0,0,0,0,0,0,0,0,0,0,0,0,0,0,0,0,0,0,0,0,0,0,0,0,0,0,0,0,0,0
11103122238,core,0,0,0,0,0,0,0,0,0,0,0,0,0,0,0,0,0,0,0,0,0,0,0,0,0,0,0,0,0,0,0,0,0,0,0,0,0,0,0,0,0,0,0,0,0,0,0,0,0,0,0,0,0,0,0,0,0,0,0,0,0,0,0,0,0,0,0,0,0,0,0,0,0,0,0,0,0,0,0,0,0,0,0,0,0,0,0,0,0,0,0,0,0,0,0,0,0,0,0,0
11103122239,core,0,0,0,0,0,9,0,0,0,12,0,7,7,18,6,3,3,0,0,43,6,30,5,14,4,6,8,7,0,74,3,16,7,4,4,0,0,3,0,36,0,5,0,4,4,5,4,3,0,35,5,4,3,7,9,0,9,4,0,32,0,3,0,6,0,0,0,0,0,10,0,0,0,0,0,0,0,0,0,0,0,0,0,0,0,0,0,0,0,0,14,68,25,50,24,23,15,16,0,240
11103122240,core,0,0,7,6,0,6,0,6,0,21,0,4,6,9,3,0,0,0,0,23,0,14,9,0,5,0,0,0,0,31,7,21,6,7,5,0,0,0,0,51,12,22,10,5,6,0,0,0,0,64,8,19,3,10,9,6,4,0,0,60,0,0,0,0,0,0,0,0,0,0,0,0,0,0,0,0,0,0,0,0,0,0,0,0,0,0,0,0,0,0,37,80,29,30,33,19,8,19,0,254
11103122301,core,0,0,0,6,0,7,0,0,0,9,0,0,0,0,0,0,0,0,0,8,4,0,4,4,0,3,0,0,0,25,0,0,6,3,9,0,0,3,3,21,0,0,4,3,0,0,5,3,5,23,0,3,0,3,3,4,8,7,0,19,0,0,0,0,0,0,0,0,0,0,0,0,0,0,0,0,0,0,0,0,0,0,0,0,0,0,0,0,0,0,9,7,15,18,14,8,15,20,3,108
11103122302,core,0,0,3,0,0,0,0,3,0,6,0,0,9,6,0,4,0,4,0,29,0,11,9,8,9,7,0,10,0,49,4,5,8,9,10,5,0,9,0,48,0,0,5,3,9,0,3,4,0,30,0,3,5,4,0,0,4,9,0,24,0,0,0,0,0,0,0,0,0,4,0,0,0,0,0,0,0,0,0,0,0,0,0,0,0,0,0,0,0,0,14,21,40,31,26,13,19,36,0,199
11103122303,core,0,0,3,0,0,0,0,5,0,8,3,0,7,3,0,0,0,0,0,23,5,14,13,11,4,0,8,9,0,75,3,5,9,9,5,8,7,3,0,49,0,3,3,5,0,4,4,12,0,44,0,0,5,9,7,5,7,8,0,40,0,0,5,0,5,0,0,0,0,15,0,0,0,0,0,0,0,0,0,0,0,0,0,0,0,0,0,0,0,0,11,20,48,39,22,24,32,42,6,253
11103122304,core,0,0,0,0,0,0,0,0,0,3,0,0,3,4,0,0,0,5,0,11,3,3,4,0,5,0,5,5,0,28,5,9,0,3,7,0,5,3,0,25,5,0,8,5,4,0,3,3,0,35,0,6,6,4,3,0,4,6,0,28,0,0,0,0,4,0,0,0,0,10,0,0,0,0,0,0,0,0,0,0,0,0,0,0,0,0,0,0,0,0,9,18,17,18,14,10,12,27,4,142
11103122306,core,0,0,3,0,3,0,0,3,0,8,0,0,3,8,5,0,3,0,0,17,8,5,11,10,9,0,6,11,0,46,5,3,6,3,0,0,0,0,0,20,0,0,9,9,7,0,4,5,0,30,0,5,4,3,5,3,3,3,0,31,0,0,0,0,0,0,0,0,0,4,0,0,0,0,0,0,0,0,0,0,0,0,0,0,0,0,0,0,0,0,11,12,36,28,20,7,16,22,0,161
11103122307,core,0,0,0,0,0,0,0,4,0,3,0,3,4,4,3,0,0,3,0,19,0,7,15,10,5,4,0,7,0,54,3,10,3,5,0,5,3,3,0,32,8,0,3,6,4,3,8,7,0,40,0,0,0,7,3,5,3,7,0,21,0,0,0,0,0,0,0,0,0,8,0,0,0,0,0,0,0,0,0,0,0,0,0,0,0,0,0,0,0,0,13,21,29,35,21,17,19,27,6,175
11103122308,core,0,0,0,3,0,9,0,4,0,12,0,0,0,0,0,0,0,6,0,7,5,0,20,0,3,7,0,11,0,38,3,4,3,3,3,4,0,3,5,30,11,0,6,3,4,7,11,11,0,54,3,7,0,0,3,0,4,11,0,27,0,0,0,0,0,3,0,0,0,9,0,0,0,0,0,0,0,0,0,0,0,0,0,0,0,0,0,0,0,0,23,11,29,15,15,19,25,39,5,182
11103122309,core,0,0,0,0,0,0,0,0,0,0,0,0,0,0,0,0,0,0,0,0,0,0,0,0,0,0,0,0,0,6,0,0,0,0,0,0,0,0,0,6,0,0,0,0,0,0,0,0,0,0,0,0,0,0,0,0,0,0,0,3,0,0,0,0,0,0,0,0,0,0,0,0,0,0,0,0,0,0,0,0,0,0,0,0,0,0,0,0,0,0,0,3,5,0,0,0,0,0,0,10
11103122310,core,0,0,3,0,0,3,0,3,0,7,5,0,5,0,0,3,0,5,0,17,7,13,14,3,4,5,4,14,0,56,0,6,5,8,6,0,3,10,3,45,0,0,4,4,4,4,3,3,0,32,4,3,7,8,0,0,5,11,4,34,0,0,6,0,4,0,0,5,0,16,0,0,0,0,0,0,0,0,0,0,0,0,0,0,0,0,0,0,0,0,13,23,36,24,23,13,21,53,7,219
11103122311,core,0,0,4,6,0,0,0,6,0,13,0,4,7,9,5,0,0,7,0,24,3,10,16,4,5,0,7,33,0,90,7,3,13,8,9,3,12,18,3,68,0,8,0,6,0,0,9,10,0,25,4,3,9,6,5,3,5,11,0,38,0,0,0,0,0,0,0,6,0,3,0,0,0,0,0,0,0,0,0,0,0,0,0,0,0,0,0,0,0,0,20,19,50,30,23,10,37,79,5,261
11103122312,core,0,0,0,0,0,8,0,0,0,8,0,0,0,3,0,3,6,4,0,21,0,8,6,7,8,4,5,6,0,52,3,0,0,8,11,7,0,10,0,39,0,0,10,6,6,4,10,0,0,36,4,3,0,0,3,3,8,11,0,27,0,0,0,0,0,0,0,3,0,7,0,0,0,0,0,0,0,0,0,0,0,0,0,0,0,0,0,0,0,0,7,18,21,24,23,28,31,42,0,190
11103122313,core,0,0,4,0,0,0,0,5,0,5,0,3,3,5,3,5,0,3,3,20,3,6,9,6,4,4,3,10,4,50,9,0,3,3,11,7,3,5,0,34,0,0,5,3,0,5,10,0,0,26,4,5,10,4,4,5,15,5,0,42,0,0,0,0,5,3,0,3,0,11,0,0,0,0,0,0,0,0,0,0,0,0,0,0,0,0,0,0,0,0,14,16,34,27,17,18,29,27,6,199
11103122314,core,0,0,3,5,0,3,0,4,0,16,0,5,0,3,4,8,0,0,0,21,0,5,0,0,0,0,0,3,0,16,5,6,5,0,3,0,0,0,0,24,16,20,8,4,10,0,0,0,0,57,6,4,0,0,10,0,3,0,0,31,4,4,0,0,0,0,0,0,0,12,0,0,0,0,0,0,0,0,0,0,0,0,0,0,0,0,0,0,0,0,28,46,22,19,33,13,6,7,3,177
11103122315,core,0,0,3,0,0,0,0,0,0,5,0,0,4,0,0,0,6,4,0,14,0,4,7,0,7,0,0,0,0,23,3,0,3,0,0,0,0,0,0,11,5,5,4,7,10,0,3,3,0,35,8,3,4,3,7,6,11,8,0,42,0,0,0,0,0,0,0,3,0,7,0,0,0,0,0,0,0,0,0,0,0,0,0,0,0,0,0,0,0,0,11,10,24,19,21,13,15,23,0,136
11103122316,core,0,0,5,0,0,0,0,0,0,9,0,0,0,0,5,0,0,4,0,16,0,0,4,5,0,0,0,4,0,12,0,0,0,0,3,0,3,0,0,18,3,5,0,3,0,0,6,9,0,20,0,0,0,0,0,0,0,6,0,18,0,0,0,0,0,3,0,0,0,6,0,0,0,0,0,0,0,0,0,0,0,0,0,0,0,0,0,0,0,0,10,9,15,12,9,3,17,20,5,90
11103122317,core,0,0,0,0,0,13,0,4,0,12,0,0,0,3,3,0,0,5,0,13,5,3,3,3,3,5,3,9,0,39,0,7,3,0,0,0,3,4,0,28,0,0,0,0,0,0,11,6,0,30,0,0,9,0,0,0,6,6,0,20,0,0,0,0,0,0,0,0,0,0,0,0,0,0,0,0,0,0,0,0,0,0,0,0,0,0,0,0,0,0,8,15,18,17,5,20,23,35,0,146
11103122318,core,0,0,3,0,0,5,0,4,0,10,0,0,0,5,0,0,0,0,0,8,4,0,8,4,0,0,4,0,0,31,0,6,6,3,4,4,0,6,0,23,0,0,0,4,4,0,5,3,0,15,0,0,4,0,0,0,4,3,0,19,0,0,0,0,0,0,0,0,0,3,0,0,0,0,0,0,0,0,0,0,0,0,0,0,0,0,0,0,0,0,4,13,21,13,13,13,18,11,3,116
11103122319,core,0,0,0,0,0,0,0,6,0,9,0,0,0,3,5,0,0,6,0,6,0,0,14,3,4,0,7,9,0,28,0,6,3,0,3,4,0,6,0,19,0,0,4,0,4,0,0,3,0,13,0,4,0,4,0,0,3,13,0,16,0,0,0,0,0,0,0,0,0,3,0,0,0,0,0,0,0,0,0,0,0,0,0,0,0,0,0,0,0,0,6,5,18,12,8,3,18,30,4,100
11103122320,core,0,0,0,0,0,0,0,0,0,6,0,0,0,0,0,4,4,8,4,13,3,3,7,4,8,4,5,0,0,31,3,0,0,7,0,3,0,3,0,24,0,0,7,0,3,3,8,3,0,23,3,5,4,6,0,0,6,6,3,33,0,0,0,3,0,0,0,0,0,5,0,0,0,0,0,0,0,0,0,0,0,0,0,0,0,0,0,0,0,0,11,6,22,26,9,12,21,26,7,138
11103122321,core,0,0,0,3,0,4,0,0,0,3,0,0,6,0,3,3,0,0,0,14,0,4,6,4,0,0,0,4,0,23,3,0,3,4,0,0,0,0,0,14,0,0,5,4,0,6,3,3,0,15,0,0,0,0,0,0,0,4,0,5,0,0,0,0,0,0,0,0,0,0,0,0,0,0,0,0,0,0,0,0,0,0,0,0,0,0,0,0,0,0,7,7,13,20,4,7,4,20,0,71
11103122322,core,0,0,0,0,0,3,0,3,0,9,0,0,4,7,0,0,0,3,0,12,4,3,14,7,5,0,0,8,3,47,0,5,0,0,0,4,8,4,0,24,0,0,4,7,0,7,5,13,0,38,3,0,0,6,6,0,6,12,0,42,0,0,0,0,0,0,0,0,0,0,0,0,0,0,0,0,0,0,0,0,0,0,0,0,0,0,0,0,0,0,10,6,25,31,19,16,23,43,10,178
11103122323,core,0,0,0,0,0,0,4,0,0,11,0,7,5,0,0,8,0,6,0,22,0,0,7,6,0,4,0,6,0,29,0,0,0,0,3,0,0,8,0,24,5,9,4,8,4,4,7,12,0,41,0,4,4,0,0,0,5,4,0,19,0,0,0,0,0,5,0,0,0,5,0,0,0,0,0,0,0,0,0,0,0,0,0,0,0,0,0,0,0,0,6,16,22,16,11,21,14,28,0,142
11103122324,core,0,0,0,0,0,0,0,0,0,8,0,0,5,0,0,3,0,0,0,13,0,0,3,4,3,0,0,0,0,23,0,3,5,0,6,0,10,3,0,24,0,3,9,7,4,0,0,3,0,23,0,0,0,3,0,0,3,5,0,14,0,0,0,0,0,0,0,0,0,3,0,0,0,0,0,0,0,0,0,0,0,0,0,0,0,0,0,0,0,0,7,9,16,13,13,11,18,14,3,102
11103122325,core,0,0,0,0,0,0,0,0,0,4,0,0,5,0,0,0,0,0,0,5,0,3,0,0,0,0,0,3,0,10,0,0,0,0,0,0,0,0,0,10,0,0,0,0,4,0,0,0,0,12,0,0,0,0,0,0,0,0,0,7,0,0,0,0,0,0,0,0,0,0,0,0,0,0,0,0,0,0,0,0,0,0,0,0,0,0,0,0,0,0,5,6,3,4,3,4,3,12,4,45
11103122401,core,0,0,0,0,0,7,0,3,0,8,0,4,4,3,4,0,0,0,0,16,0,28,7,6,0,0,0,0,0,49,18,39,0,0,6,0,0,0,0,65,7,31,8,10,8,0,0,0,0,63,14,18,5,3,6,0,0,0,0,49,0,7,0,0,0,0,0,0,0,7,0,0,0,0,0,0,0,0,0,3,0,0,0,0,0,0,0,0,0,0,40,117,25,24,33,10,5,8,4,264
11103122402,core,0,0,0,9,0,3,0,6,0,15,0,10,0,13,0,4,3,3,0,32,7,7,10,6,3,0,0,3,3,35,5,18,3,5,3,0,0,0,0,35,18,20,0,4,0,5,0,9,0,52,3,8,3,0,7,8,0,0,0,28,0,4,0,0,0,0,0,0,0,7,0,0,0,0,0,0,0,0,0,0,0,0,0,0,0,0,0,0,0,0,29,67,19,25,18,22,4,21,3,209
11103122403,core,0,0,0,0,0,0,0,0,0,0,0,0,0,0,0,0,0,0,0,0,0,4,0,3,0,0,0,0,0,9,0,0,0,0,0,0,0,0,0,11,0,0,0,0,0,0,0,0,0,4,0,0,4,0,0,0,0,7,0,13,0,0,0,0,0,0,0,0,0,3,0,0,0,0,0,0,0,0,0,0,0,0,0,0,0,0,0,0,0,0,0,3,3,9,0,0,5,14,0,35
11103122404,core,0,0,0,6,0,3,0,0,0,6,0,8,3,10,3,4,0,4,0,36,0,21,7,3,0,0,0,9,0,41,10,15,5,3,4,4,0,3,0,43,6,10,0,0,9,0,6,0,0,30,5,8,0,5,4,0,0,0,0,28,0,3,0,0,0,0,0,0,0,5,0,0,0,0,0,0,0,0,0,0,0,0,0,0,0,0,0,0,0,0,30,60,10,29,22,12,4,16,5,189
11103122405,core,0,0,0,0,0,5,0,4,0,9,0,0,0,0,0,0,0,0,0,5,0,4,5,0,5,0,0,0,0,17,0,6,0,0,0,5,0,0,0,14,0,0,0,0,5,0,0,4,0,13,4,5,0,0,0,0,0,0,0,18,0,0,0,0,0,0,0,3,0,5,0,0,0,0,0,0,0,0,0,0,0,0,0,0,0,0,0,0,0,0,3,15,10,12,8,12,3,12,0,83
11103122406,core,0,0,0,0,0,0,0,0,0,0,0,0,0,3,0,0,0,0,0,9,4,6,7,11,3,0,0,0,0,25,3,8,0,0,0,0,3,0,0,8,0,0,0,0,0,0,0,0,0,6,0,0,0,4,0,0,0,0,0,7,0,0,0,0,0,0,0,0,0,0,0,0,0,0,0,0,0,0,0,0,0,0,0,0,0,0,0,0,0,0,7,10,12,14,8,0,3,4,0,50
11103122407,core,0,0,0,0,0,0,0,0,0,4,3,8,3,8,4,3,0,0,0,38,16,34,14,12,17,9,0,8,4,107,3,12,0,10,7,0,0,4,0,40,10,15,0,0,3,0,0,3,0,37,3,8,0,8,4,0,5,4,0,31,7,7,0,0,0,0,0,0,0,19,0,0,0,0,0,0,0,0,0,0,0,0,0,0,0,0,0,0,0,0,41,89,27,34,33,20,9,13,7,274
11103122408,core,0,0,4,3,0,0,0,0,0,4,0,4,5,0,0,0,0,0,0,13,3,10,3,3,3,0,0,0,0,35,4,6,0,4,0,0,0,0,0,15,4,5,0,5,4,0,0,0,0,21,0,11,0,3,4,0,0,0,0,21,0,0,0,0,0,0,0,0,0,0,0,0,0,0,0,0,0,0,0,0,0,0,0,0,0,0,0,0,0,0,13,32,12,16,13,4,0,3,5,107
11103122409,core,0,0,0,0,0,0,0,0,0,0,0,0,0,0,0,0,0,0,0,0,0,0,0,0,0,0,0,0,0,3,0,0,0,0,0,0,0,0,0,0,0,0,0,0,0,0,0,0,0,0,0,0,0,0,0,0,0,0,0,0,0,0,0,0,0,0,0,0,0,0,0,0,0,0,0,0,0,0,0,0,0,0,0,0,0,0,0,0,0,0,0,0,0,4,0,0,0,3,0,7
11103122410,core,0,0,0,0,0,0,0,0,0,0,0,0,0,0,0,0,0,0,0,0,0,0,0,0,0,0,0,0,0,0,0,0,0,0,0,0,0,0,0,0,0,0,0,0,0,0,0,0,0,0,0,0,0,0,0,0,0,0,0,0,0,0,0,0,0,0,0,0,0,0,0,0,0,0,0,0,0,0,0,0,0,0,0,0,0,0,0,0,0,0,0,0,0,0,0,0,0,0,0,0
11103122411,core,0,0,0,0,0,0,0,6,0,6,0,0,3,6,0,0,0,0,0,17,0,9,7,12,4,0,3,0,0,42,9,7,3,3,5,0,3,0,0,31,0,11,7,6,6,4,3,3,0,31,4,7,0,10,9,3,3,0,6,32,0,0,0,0,0,0,0,0,0,0,0,0,0,0,0,0,0,0,0,0,0,0,0,0,0,0,0,0,0,0,17,41,22,28,23,11,12,7,3,165
11103122412,core,0,0,4,8,0,7,4,10,0,23,0,5,4,16,4,5,0,8,0,51,10,24,8,0,9,3,0,4,7,74,20,29,8,0,8,0,4,0,0,78,9,17,12,3,10,5,0,0,0,64,3,9,0,8,3,0,6,3,0,40,0,0,0,0,6,0,0,0,0,4,0,0,0,0,0,0,0,0,0,0,0,0,0,0,0,0,0,0,0,0,48,87,35,42,42,22,20,25,7,337
11103122413,core,0,0,0,0,3,0,0,4,0,14,0,5,4,6,6,3,0,0,0,33,9,24,13,19,7,0,0,0,0,78,7,16,5,4,4,3,3,4,0,45,0,3,5,6,8,3,0,5,3,39,3,12,5,4,0,6,4,5,0,35,0,0,0,4,0,0,3,0,0,9,0,0,0,0,0,0,0,0,0,0,0,0,0,0,0,0,0,0,0,0,23,62,30,49,34,21,10,17,9,247
11103122414,core,0,0,0,0,0,3,0,6,0,14,5,10,4,7,0,3,5,3,0,32,5,20,5,3,0,6,0,4,0,49,10,14,11,4,8,0,0,7,0,52,8,8,3,4,0,0,0,3,0,25,4,5,4,7,3,3,0,0,0,31,0,0,0,0,0,0,0,0,0,3,0,0,0,0,0,0,0,0,0,0,0,0,0,0,0,0,0,0,0,0,25,61,30,22,17,15,7,28,3,206
11103122415,core,0,0,0,0,0,0,0,3,0,3,0,12,5,5,10,6,5,3,0,37,5,35,11,11,4,6,3,3,0,76,7,30,7,3,12,0,3,6,0,69,6,8,0,3,8,4,0,5,0,43,5,8,0,4,4,0,0,0,0,24,0,6,0,0,0,0,0,0,0,8,0,0,0,0,0,0,0,0,0,0,0,0,0,0,0,0,0,0,0,0,26,88,24,32,31,24,14,21,4,263
11103122416,core,0,0,0,0,0,0,0,0,0,0,0,0,0,0,0,0,0,0,0,0,0,0,0,0,0,0,0,0,0,0,0,0,0,0,0,0,0,0,0,0,0,0,0,0,0,0,0,0,0,0,0,0,0,0,0,0,0,0,0,0,0,0,0,0,0,0,0,0,0,0,0,0,0,0,0,0,0,0,0,0,0,0,0,0,0,0,0,0,0,0,0,0,0,0,0,0,0,0,0,0
11103122417,core,0,0,4,0,0,6,0,0,0,3,0,0,4,7,0,3,0,3,0,23,0,21,10,8,0,0,0,4,0,43,8,8,4,7,0,0,0,3,0,32,0,0,0,5,0,0,0,0,0,12,0,0,3,0,11,0,0,7,0,17,0,3,0,0,0,0,0,0,0,4,0,0,0,0,0,0,0,0,0,0,0,0,0,0,0,0,0,0,0,0,9,36,24,23,12,8,6,12,3,130
11103122418,core,3,0,0,5,0,0,0,3,0,19,0,15,7,20,6,17,3,3,0,65,9,31,10,11,10,5,3,6,0,89,10,20,6,8,4,0,8,0,0,58,4,18,0,10,12,3,0,5,0,46,3,29,7,0,3,0,0,3,0,55,0,3,0,0,4,0,0,0,0,11,0,0,0,0,0,0,0,0,0,0,0,0,0,0,0,0,0,0,0,0,37,113,31,58,37,28,12,24,6,347
11103122419,core,0,0,0,4,0,4,0,3,0,5,0,6,5,8,0,13,0,0,3,31,5,25,12,12,4,0,0,3,0,66,3,19,3,0,3,3,0,3,0,41,5,9,3,0,11,0,0,0,0,36,0,11,4,6,10,9,0,0,0,36,0,6,0,0,4,5,0,0,0,10,0,0,0,0,0,0,0,0,0,0,0,0,0,0,0,0,0,0,0,0,15,70,28,37,24,28,9,14,7,225
11103122420,core,0,0,0,0,0,0,0,0,0,0,0,4,5,4,0,0,0,4,0,16,4,14,0,10,0,0,8,3,0,36,0,7,0,6,0,0,4,0,0,19,3,4,0,4,0,0,0,0,0,15,0,0,0,5,0,0,0,3,0,7,0,0,0,0,0,0,0,0,0,0,0,0,0,0,0,0,0,0,0,0,0,0,0,0,0,0,0,0,0,0,6,35,9,20,4,5,6,4,0,96
11103122421,core,0,0,0,9,0,3,0,7,0,22,4,3,8,22,11,8,0,12,0,69,11,36,14,17,6,8,3,5,0,103,13,20,15,8,9,5,3,7,0,82,14,27,4,3,5,0,7,5,0,73,9,21,3,3,10,0,6,0,0,54,0,9,0,5,3,3,0,0,0,11,0,0,0,0,0,0,0,0,0,0,0,0,0,0,0,0,0,0,0,0,54,120,40,64,54,28,14,33,0,412
11103122422,core,0,0,0,13,0,5,3,11,0,29,4,14,5,23,4,5,5,4,0,59,5,30,5,8,12,5,0,4,0,65,17,38,10,4,10,5,0,3,0,88,14,20,3,3,12,7,0,8,0,73,7,24,5,6,8,0,0,5,0,58,9,5,0,6,0,3,0,0,0,26,0,0,0,0,0,0,0,0,0,3,0,0,0,0,0,0,0,0,0,0,59,138,30,54,41,24,13,27,3,399
11103122423,core,0,0,0,0,0,0,0,0,0,5,0,14,5,20,3,10,0,5,0,62,8,16,7,0,0,3,0,5,0,58,5,16,0,0,0,4,0,0,0,31,0,8,0,0,4,0,0,0,0,31,5,14,4,5,4,5,0,5,0,33,0,0,0,0,3,0,0,0,0,3,0,0,0,0,0,0,0,0,0,0,0,0,0,0,0,0,0,0,0,0,22,67,25,34,17,26,3,19,6,223
11103122424,core,0,0,4,7,0,0,0,0,0,6,3,3,4,22,4,8,0,4,0,54,5,26,3,8,8,7,4,5,6,68,8,28,7,4,6,0,0,0,0,49,5,21,3,3,4,0,3,0,0,43,3,11,4,0,0,0,3,0,0,23,0,0,0,0,3,0,0,0,0,8,0,0,0,0,0,0,0,0,0,0,0,0,0,0,0,0,0,0,0,0,29,92,23,45,23,17,17,8,0,250
11103122425,core,0,0,0,4,0,0,0,4,0,11,4,9,0,14,3,9,0,4,0,50,9,30,3,13,5,0,3,4,0,70,4,21,8,4,6,8,0,0,0,48,4,14,0,3,4,4,3,0,0,40,3,10,4,4,9,3,0,0,0,42,4,3,0,0,3,0,0,0,0,9,0,0,0,0,0,0,0,0,0,0,0,0,0,0,0,0,0,0,0,0,32,95,14,41,30,23,14,18,0,264
11103122426,core,0,0,0,3,3,4,0,0,0,13,0,6,7,10,9,8,0,7,0,44,7,29,10,17,7,4,0,6,3,81,10,17,4,6,3,0,0,0,6,55,13,19,7,3,6,0,0,6,0,59,3,10,6,3,3,0,0,8,0,43,5,3,3,4,0,3,0,0,0,22,0,0,0,0,0,0,0,0,0,0,0,0,0,0,0,0,0,0,0,0,41,92,41,47,34,24,7,22,3,317
11103122427,core,0,0,0,3,0,3,0,8,0,15,0,12,5,22,0,5,0,0,0,39,3,13,3,5,3,4,0,4,0,42,11,33,5,6,8,0,0,0,0,72,17,29,3,5,3,3,0,0,4,71,13,17,4,0,7,6,0,5,0,46,0,6,0,0,4,0,0,0,0,13,0,0,0,0,0,0,0,0,0,0,0,0,0,0,0,0,0,0,0,0,52,118,15,40,26,26,4,20,5,311
11103122428,core,0,0,0,4,0,0,0,7,0,13,0,3,4,3,0,0,0,0,0,8,0,10,0,0,0,0,0,0,0,21,16,14,0,3,3,0,0,0,0,39,12,16,0,3,0,0,0,0,3,38,0,8,3,3,9,0,0,0,0,21,0,5,0,0,0,0,0,0,0,5,0,0,0,0,0,0,0,0,0,0,0,0,0,0,0,0,0,0,0,0,35,58,9,18,17,13,5,5,0,156
11103122429,core,0,0,0,0,0,5,0,4,0,18,0,0,3,3,4,3,0,4,0,20,6,11,5,4,0,0,3,4,0,36,10,24,0,0,7,0,0,0,0,36,16,33,7,0,9,5,0,5,0,67,8,16,0,5,3,0,0,0,0,39,5,5,0,0,0,0,0,0,0,10,0,0,0,0,0,0,0,0,0,0,0,0,0,0,0,0,0,0,0,0,45,82,17,17,30,17,3,12,3,235
11103122430,core,0,0,0,0,0,4,0,6,0,9,0,0,3,8,3,0,0,0,0,18,0,12,0,5,5,0,0,0,0,22,6,16,4,0,0,0,4,0,0,30,17,22,5,6,5,3,0,0,0,60,14,20,7,0,4,5,3,0,3,53,4,5,3,0,5,0,0,0,0,24,0,0,0,0,0,0,0,0,0,0,0,0,0,0,0,0,0,0,0,0,40,84,15,19,22,15,5,7,8,209
11103122431,core,0,0,0,3,4,14,0,9,0,27,0,8,3,9,3,3,0,0,0,24,6,11,8,5,0,0,0,0,0,33,14,27,0,0,5,4,0,0,0,56,6,27,6,4,14,7,0,3,0,59,6,20,0,6,7,0,0,6,0,50,0,6,0,3,0,0,0,0,0,11,0,0,0,0,0,0,0,0,0,0,0,0,0,0,0,0,0,0,0,0,34,101,21,29,32,31,4,21,0,273
11103122432,core,0,0,0,0,0,0,0,3,0,7,0,0,0,0,4,3,0,0,0,9,0,10,0,4,0,0,0,5,0,23,8,14,6,0,3,6,0,0,0,24,7,16,3,0,5,3,0,4,0,43,4,3,7,0,4,4,0,0,0,17,0,0,0,0,0,0,0,0,0,6,0,0,0,0,0,0,0,0,0,0,0,0,0,0,0,0,0,0,0,0,19,42,8,5,12,11,4,12,8,123
11103122501,core,0,0,4,9,3,3,0,9,0,23,0,3,3,8,4,6,0,6,0,31,7,24,4,0,3,0,0,0,0,42,14,29,10,7,10,4,0,0,0,76,16,29,11,6,14,0,5,0,3,89,10,17,8,0,12,6,4,0,0,47,0,3,0,0,0,0,0,0,0,10,0,0,0,0,0,0,0,0,0,0,0,0,0,0,0,0,0,0,0,0,46,97,37,30,52,22,11,22,4,316
11103122502,core,0,0,0,4,0,3,0,0,0,16,0,0,0,7,0,0,0,0,0,11,3,13,5,7,0,0,0,0,0,24,8,27,6,5,3,0,0,0,0,48,6,23,5,0,3,0,7,0,0,44,0,6,0,4,3,0,0,0,0,16,0,6,0,0,0,0,0,3,0,7,0,0,0,0,0,0,0,0,0,0,0,0,0,0,0,0,0,0,0,0,18,62,17,19,15,12,6,8,3,167
11103122503,core,0,0,0,4,0,13,0,3,0,12,0,3,0,3,0,3,0,6,0,15,6,12,0,6,8,0,0,0,0,40,12,20,4,3,4,4,3,0,0,53,8,14,8,0,11,5,0,4,0,55,4,9,7,0,10,4,3,3,0,38,0,0,0,0,0,0,0,0,0,10,0,0,0,0,0,0,0,0,0,0,0,0,0,0,0,0,0,0,0,0,31,72,20,22,33,22,10,13,0,221
11103122504,core,0,0,0,0,0,5,0,5,0,10,4,7,12,11,6,8,0,0,0,55,17,37,12,16,10,7,9,6,0,115,13,23,8,6,13,0,3,5,0,72,6,10,10,7,11,3,0,4,3,59,0,7,7,3,11,0,0,7,0,43,0,0,3,3,3,0,0,0,0,6,0,0,0,0,0,0,0,0,0,0,0,0,0,0,0,0,0,0,0,0,49,86,46,44,45,30,16,32,4,355
11103122505,core,0,0,4,3,0,9,3,3,0,22,0,0,0,4,0,0,0,7,0,17,0,11,6,9,4,0,0,3,5,33,10,29,7,6,5,4,0,0,0,58,14,19,8,6,11,0,3,0,0,53,5,6,7,5,7,0,0,0,0,31,0,4,0,0,0,0,0,0,0,10,0,0,0,0,0,0,0,0,0,0,0,0,0,0,0,0,0,0,0,0,25,66,30,27,26,10,6,19,4,221
11103122506,core,0,0,0,4,0,6,0,0,0,11,0,0,7,9,0,3,0,6,0,21,4,10,6,3,11,0,0,4,0,36,9,16,0,3,8,0,0,0,0,40,6,9,3,6,7,0,4,0,0,38,0,9,3,4,10,0,3,4,0,35,0,0,0,0,0,0,0,0,0,0,0,0,0,0,0,0,0,0,0,0,0,0,0,0,0,0,0,0,0,0,22,44,20,28,30,20,7,5,0,175
11103122507,core,0,0,0,0,0,8,0,7,0,18,0,0,0,4,5,3,0,4,0,15,7,14,3,3,3,6,6,4,0,47,5,10,0,0,4,3,5,6,0,35,15,12,4,4,10,0,0,6,3,48,9,14,0,4,6,0,0,8,0,45,0,10,0,0,0,0,0,0,0,16,0,0,0,0,0,0,0,0,0,0,0,0,0,0,0,0,0,0,0,0,30,66,14,24,31,23,10,20,8,226
11103122508,core,0,0,3,3,3,24,0,9,0,40,0,3,3,14,5,4,4,5,0,39,3,9,0,3,5,0,0,0,0,27,11,34,0,3,9,0,0,0,0,61,24,34,9,7,12,9,0,3,0,96,7,17,8,3,11,0,0,5,0,53,9,9,0,0,0,0,0,0,0,12,0,0,0,0,0,0,0,0,0,5,0,0,0,0,0,0,0,0,0,0,50,111,21,37,40,37,13,18,0,331
11103122509,core,0,0,0,3,0,5,0,6,0,15,0,6,0,4,0,5,0,3,0,24,0,10,5,7,0,5,0,0,0,25,4,22,0,0,10,0,0,3,0,48,3,14,0,5,4,0,0,3,0,37,11,12,3,5,3,0,0,0,0,37,0,0,0,0,0,0,0,0,0,11,0,0,0,0,0,0,0,0,0,0,0,0,0,0,0,0,0,0,0,0,23,66,11,25,23,22,7,14,0,188
11103122510,core,0,0,3,0,0,4,0,0,0,11,0,4,3,5,0,3,0,0,0,17,0,15,0,0,3,0,0,0,0,30,5,12,4,3,4,0,0,0,0,29,3,18,7,4,7,0,0,0,0,43,6,5,3,6,3,0,0,5,0,32,0,4,0,0,0,0,0,0,0,8,0,0,0,0,0,0,0,0,0,0,0,0,0,0,0,0,0,0,0,0,14,70,18,13,21,19,0,10,0,166
11103122511,core,0,0,0,0,0,5,0,6,0,17,0,0,0,3,0,3,0,0,4,17,3,11,4,5,8,3,0,3,0,30,13,21,3,5,3,4,0,0,0,58,12,9,3,0,9,5,3,0,0,45,0,7,0,9,11,0,0,0,0,30,0,0,0,0,0,0,0,0,0,6,0,0,0,0,0,0,0,0,0,0,0,0,0,0,0,0,0,0,0,0,31,44,21,22,27,14,9,9,5,193
11103122512,core,0,0,0,0,0,9,0,10,0,20,0,0,5,3,0,0,0,0,0,13,5,14,3,0,3,0,0,0,0,29,7,16,7,0,5,3,4,3,0,45,7,17,0,6,9,0,0,0,3,40,4,7,4,7,9,0,0,0,0,28,0,6,0,0,0,0,0,0,0,8,0,0,0,0,0,0,0,0,0,0,0,0,0,0,0,0,0,0,0,0,28,59,24,17,23,17,5,14,6,189
11103122513,core,0,0,6,7,3,15,0,9,0,38,0,7,3,8,3,3,0,3,0,28,8,13,5,9,3,3,0,0,0,41,13,36,4,3,6,0,0,0,3,67,15,39,5,8,9,6,0,3,0,86,5,22,3,5,11,0,4,3,0,53,0,4,4,3,0,0,0,0,0,14,0,0,0,0,0,0,0,0,0,3,0,0,0,0,0,0,0,0,0,0,41,112,29,37,40,28,6,20,10,331
11103122514,core,0,0,0,3,0,7,0,0,0,19,0,0,5,4,5,4,0,0,0,16,0,28,7,9,5,3,4,5,0,61,11,19,6,4,8,3,4,0,0,57,8,19,8,7,11,5,0,4,0,51,3,5,11,7,10,4,0,5,0,42,0,4,0,0,3,0,3,0,0,12,0,0,0,0,0,0,0,0,0,0,0,0,0,0,0,0,0,0,0,0,26,71,37,36,40,27,12,26,0,265
11103122515,core,0,0,0,0,0,5,0,4,0,10,0,0,0,3,4,4,0,3,0,24,8,18,9,6,8,0,0,0,0,38,7,12,3,4,3,4,0,0,0,33,6,21,0,6,9,0,0,0,0,42,3,5,0,4,3,6,4,0,0,27,0,0,0,0,0,0,0,0,0,0,0,0,0,0,0,0,0,0,0,0,0,0,0,0,0,0,0,0,0,0,19,57,19,22,29,17,9,19,0,182
11103122516,core,0,0,0,5,0,7,0,3,0,17,0,11,3,3,3,0,0,3,0,26,9,27,17,12,12,5,4,4,0,84,5,11,7,8,7,3,4,0,0,56,7,6,6,6,13,0,0,5,7,54,0,9,3,3,3,0,5,6,0,40,0,6,3,0,0,0,0,0,0,7,0,0,0,0,0,0,0,0,0,0,0,0,0,0,0,0,0,0,0,0,23,69,41,32,42,22,14,25,3,276
11103122517,core,0,0,0,0,0,3,3,5,0,13,0,0,0,3,0,5,0,0,0,12,5,20,0,5,3,0,0,0,0,39,3,9,3,3,4,0,0,12,0,39,5,11,3,5,5,6,0,5,0,35,0,7,0,0,3,0,0,3,0,19,0,3,0,0,0,0,0,0,0,6,0,0,0,0,0,0,0,0,0,0,0,0,0,0,0,0,0,0,0,0,17,51,9,18,20,15,7,21,0,164
11103122518,core,0,0,0,7,0,9,0,9,0,23,0,5,7,9,8,9,0,0,0,31,0,19,17,0,3,0,6,0,0,48,11,27,7,3,5,0,0,0,0,61,15,22,7,5,8,3,0,4,0,61,3,12,0,3,7,7,3,0,0,45,0,4,0,0,0,0,0,0,0,6,0,0,0,0,0,0,0,0,0,0,0,0,0,0,0,0,0,0,0,0,30,88,36,29,32,29,11,16,0,276
11103122519,core,0,0,3,6,0,3,0,0,0,20,0,3,4,3,4,9,0,0,0,27,9,25,10,12,11,3,0,5,0,70,10,21,0,6,7,0,0,0,0,47,7,13,0,6,4,3,0,5,0,48,9,9,3,4,9,3,5,5,0,38,0,0,0,0,0,0,0,0,0,7,0,0,0,0,0,0,0,0,0,4,0,0,0,0,0,0,0,0,0,0,35,75,26,37,42,24,5,23,0,261
11103122520,core,0,0,0,0,0,5,0,0,0,8,0,3,0,4,3,6,0,0,0,19,4,7,3,0,3,0,0,0,0,14,0,14,0,3,0,0,0,0,0,16,12,20,4,6,4,0,0,0,0,42,0,10,0,4,9,0,0,4,0,26,0,0,0,0,0,0,0,0,0,0,0,0,0,0,0,0,0,0,0,0,0,0,0,0,0,0,0,0,0,0,16,51,6,15,19,10,0,5,0,127
11103122521,core,0,0,0,12,0,13,0,0,0,29,0,3,0,3,0,3,0,5,0,19,0,7,9,6,3,0,3,4,0,38,12,20,7,0,4,5,0,5,0,47,16,19,3,0,6,8,0,0,0,58,3,12,3,5,4,3,4,3,3,53,0,0,0,0,0,0,4,0,0,8,0,0,0,0,0,0,0,0,0,0,0,0,0,0,0,0,0,0,0,0,33,71,26,30,23,32,14,16,6,243
11103122522,core,0,0,0,4,0,4,3,6,0,18,0,9,0,4,0,5,0,0,0,19,0,8,0,0,0,0,0,0,0,19,3,6,4,0,3,0,0,0,0,26,6,27,7,4,3,0,7,0,0,50,0,14,5,0,11,0,3,0,0,40,0,0,0,0,0,0,0,0,0,0,0,0,0,0,0,0,0,0,0,5,0,0,0,0,0,0,0,0,0,0,13,67,17,14,29,11,9,6,3,175
11103122523,core,0,0,0,0,0,5,0,0,0,4,0,3,4,3,0,0,0,4,0,19,7,21,9,6,0,6,5,8,0,55,0,7,5,4,5,3,4,0,0,33,3,4,3,6,4,0,0,4,0,24,0,5,0,3,4,0,4,0,4,23,0,0,0,0,0,0,0,0,0,4,0,0,0,0,0,0,0,0,0,0,0,0,0,0,0,0,0,0,0,0,12,44,25,16,16,17,10,21,4,157
11103122524,core,0,3,0,7,0,5,0,4,0,15,0,5,3,7,5,4,0,3,0,33,3,28,11,11,6,6,3,8,0,69,7,20,6,7,7,4,0,8,0,66,5,11,4,7,11,3,3,0,0,51,9,8,5,5,6,0,4,4,0,43,0,3,0,0,4,4,0,0,0,16,0,0,0,0,0,0,0,0,0,3,0,0,0,0,0,0,0,0,0,0,29,87,33,43,37,26,12,20,0,285
11103122525,core,0,0,0,0,0,8,3,6,0,20,0,3,0,7,0,6,0,0,0,14,0,17,3,4,6,0,0,0,0,31,0,26,12,4,8,6,0,7,0,60,11,15,6,8,9,0,4,3,0,50,0,9,10,6,4,3,0,6,0,32,3,0,0,0,0,0,0,0,0,3,0,0,0,0,0,0,0,0,0,0,0,0,0,0,0,0,0,0,0,0,21,75,21,31,20,18,6,23,0,213
11103122526,core,0,0,3,0,0,12,0,0,0,22,0,0,4,5,0,5,0,0,0,21,4,23,9,5,8,0,0,0,0,50,9,33,7,4,6,0,4,0,0,70,17,23,10,7,7,3,4,4,0,69,12,15,4,6,9,9,0,4,0,57,0,8,0,0,5,0,0,0,0,17,0,0,0,0,0,0,0,0,0,0,0,0,0,0,0,0,0,0,0,0,44,112,37,24,34,32,13,16,0,310
11103122527,core,0,0,0,0,0,6,0,0,0,6,0,0,3,4,4,4,0,0,0,12,0,8,4,4,0,0,0,4,0,16,4,12,5,0,5,0,4,0,0,32,6,9,0,0,7,0,0,0,0,26,0,3,5,5,5,0,0,3,0,18,0,0,0,0,0,0,0,0,0,0,0,0,0,0,0,0,0,0,0,0,0,0,0,0,0,0,0,0,0,0,10,33,18,16,15,5,3,10,0,114
11103122528,core,0,0,0,3,4,9,0,0,0,18,0,3,0,3,0,0,0,0,0,8,0,10,3,4,0,3,0,0,0,13,8,30,0,0,0,0,4,0,0,46,5,18,0,4,9,0,0,4,0,41,7,14,0,0,3,4,0,5,0,28,5,10,0,4,0,0,0,0,0,26,4,6,0,0,0,0,0,0,0,5,0,0,0,0,0,0,0,0,0,0,31,92,6,15,24,14,4,8,0,192
11103122529,core,0,0,4,0,0,10,0,3,0,14,0,0,3,3,0,3,0,0,0,7,0,5,0,0,0,3,0,0,0,8,3,20,0,6,0,0,0,0,0,29,12,16,0,5,6,0,0,0,0,46,4,10,3,0,4,0,0,0,0,31,0,3,0,0,0,0,0,0,0,8,0,0,0,0,0,0,0,0,0,0,0,0,0,0,0,0,0,0,0,0,16,54,13,14,16,19,0,11,0,145
11103122530,core,0,0,0,4,0,5,0,6,0,17,0,4,0,5,0,0,0,0,0,23,0,21,3,3,4,4,0,0,0,44,9,19,3,8,0,7,4,4,0,51,15,18,11,12,15,3,0,3,0,69,6,19,7,3,10,3,0,7,0,51,3,4,0,0,3,0,0,0,0,10,0,0,0,0,0,0,0,0,0,0,0,0,0,0,0,0,0,0,0,0,34,84,29,32,32,19,9,20,0,261
11103122531,core,3,0,0,0,0,7,0,0,0,12,0,0,0,4,0,0,0,0,0,9,4,11,7,0,0,0,4,0,0,27,8,20,8,5,0,0,0,0,0,32,9,12,8,0,7,0,0,0,5,38,0,12,0,0,0,0,0,4,0,21,0,7,0,0,0,0,0,0,0,4,0,0,0,0,0,0,0,0,0,0,0,0,0,0,0,0,0,0,0,0,17,65,14,14,10,13,3,6,9,150
11103122532,core,0,0,0,0,0,0,0,0,0,9,0,0,0,0,0,0,0,5,0,12,0,9,4,4,3,0,4,4,0,31,8,9,0,4,6,0,0,0,0,34,4,12,6,3,4,3,0,0,0,37,4,9,3,0,9,0,0,4,0,31,0,0,0,0,0,0,0,0,0,4,0,0,0,0,0,0,0,0,0,0,0,0,0,0,0,0,0,0,0,0,19,41,23,19,17,9,3,19,3,153
11103122533,core,0,0,0,0,0,0,0,0,0,0,0,0,0,0,0,0,0,0,0,0,0,0,0,0,0,0,0,0,0,0,0,0,0,0,0,0,0,0,0,0,0,0,0,0,0,0,0,0,0,0,0,0,0,0,0,0,0,0,0,0,0,0,0,0,0,0,0,0,0,0,0,0,0,0,0,0,0,0,0,0,0,0,0,0,0,0,0,0,0,0,0,0,0,0,0,0,0,0,0,0
11103122534,core,0,7,0,4,0,5,0,5,0,17,0,4,0,0,0,7,0,5,0,24,0,14,0,0,5,0,0,0,0,25,8,29,3,3,5,4,0,0,0,57,10,42,5,3,6,0,0,0,0,71,7,19,0,0,0,3,0,0,0,38,3,11,0,0,0,0,0,0,0,15,0,4,0,0,0,0,0,0,0,6,0,0,0,0,0,0,0,0,0,0,44,120,14,11,22,23,3,8,0,254
11103122535,core,0,0,0,0,0,0,0,0,0,0,0,0,0,0,0,0,0,0,0,0,0,0,0,0,0,0,0,0,0,0,0,0,0,0,0,0,0,0,0,0,0,0,0,0,0,0,0,0,0,0,0,0,0,0,0,0,0,0,0,0,0,0,0,0,0,0,0,0,0,0,0,0,0,0,0,0,0,0,0,0,0,0,0,0,0,0,0,0,0,0,0,0,0,0,0,0,0,0,0,0
11103122536,core,0,0,0,0,0,7,0,3,0,12,0,3,0,0,0,0,0,5,0,13,5,15,0,5,6,0,0,0,0,32,9,19,8,0,5,0,3,5,0,45,14,19,5,0,3,0,0,0,0,42,0,8,0,5,0,0,0,0,0,19,0,0,0,0,0,0,0,0,0,5,0,6,0,0,0,0,0,0,0,5,0,0,0,0,0,0,0,0,0,0,30,69,12,19,11,12,4,15,0,179
11103122537,core,0,0,0,0,0,10,3,0,0,17,0,0,0,5,0,0,0,0,0,12,3,16,9,5,11,0,0,4,0,40,9,26,3,3,5,0,3,0,0,60,8,20,4,8,12,0,0,0,3,58,3,4,0,0,5,0,0,7,0,24,0,0,0,0,0,0,0,0,0,0,0,0,0,0,0,0,0,0,0,0,0,0,0,0,0,0,0,0,0,0,26,64,23,21,38,14,9,13,0,219
11103122538,core,0,0,0,0,0,4,0,0,0,8,0,5,8,6,0,0,0,0,0,17,3,28,3,9,4,5,0,0,0,60,10,21,12,3,3,0,4,4,0,53,7,10,11,7,14,3,4,4,0,58,0,10,0,3,3,0,0,5,0,29,0,0,0,0,0,0,3,0,0,6,0,0,0,0,0,0,0,0,0,0,0,0,0,0,0,0,0,0,0,0,23,78,31,33,22,18,20,14,0,239
11103122539,core,0,0,5,3,0,5,0,5,0,23,0,0,4,4,4,3,0,3,0,15,4,16,6,9,6,7,8,3,0,57,5,26,10,4,4,0,3,0,0,53,4,15,4,3,14,3,0,0,0,56,3,6,7,7,4,0,0,4,0,25,0,0,0,0,0,0,0,0,0,10,0,0,0,0,0,0,0,0,0,0,0,0,0,0,0,0,0,0,0,0,19,67,29,32,26,21,11,21,0,232
11103122540,core,0,0,0,0,0,10,0,6,0,11,4,8,11,3,0,7,0,0,0,40,6,22,15,9,5,0,0,0,0,50,11,15,9,0,4,4,4,0,0,48,7,17,12,5,3,4,3,3,0,59,5,9,4,8,8,6,0,0,4,33,0,0,0,0,0,0,0,0,0,5,0,0,0,0,0,0,0,0,0,0,0,0,0,0,0,0,0,0,0,0,27,74,44,22,29,25,7,10,0,242
11103122541,core,0,0,3,0,0,7,0,5,0,16,0,3,0,7,0,0,0,0,0,9,4,17,3,0,4,0,0,3,0,31,7,9,4,0,0,0,3,0,0,31,5,13,4,0,10,0,4,8,0,50,4,3,4,4,4,3,3,0,0,20,0,0,0,0,0,0,0,0,0,7,0,0,0,0,0,0,0,0,0,0,0,0,0,0,0,0,0,0,0,0,20,51,18,17,18,18,10,18,4,159
11103122542,core,0,0,5,0,0,4,0,0,0,11,0,0,0,7,0,0,0,0,0,12,6,11,4,4,3,0,4,0,0,26,5,8,0,0,3,0,3,0,3,29,4,10,5,0,0,0,0,5,0,25,3,3,0,0,0,5,0,0,0,20,0,0,0,0,0,0,0,0,0,10,0,0,0,0,0,0,0,0,0,0,0,0,0,0,0,0,0,0,0,0,23,35,12,20,10,12,10,14,3,130
11103122543,core,0,0,0,5,0,5,0,6,0,15,0,0,4,5,10,3,0,5,0,34,0,8,9,6,0,5,0,0,0,31,9,16,10,7,7,0,4,0,0,59,4,21,0,6,6,0,4,8,0,58,0,11,3,4,7,0,4,3,0,29,0,0,0,0,0,0,0,0,0,9,0,0,0,0,0,0,0,0,0,0,0,0,0,0,0,0,0,0,0,0,25,64,28,39,31,15,11,26,0,232
11103122601,core,0,0,3,0,0,9,0,0,0,13,3,0,0,0,0,0,6,4,3,22,0,7,12,3,6,4,8,0,0,43,4,12,3,6,5,3,3,6,0,41,9,7,8,10,8,8,9,7,0,60,5,12,3,6,8,3,4,4,3,47,0,0,0,0,0,0,0,0,0,6,0,0,0,0,0,0,0,0,0,0,0,0,0,0,0,0,0,0,0,0,25,37,36,34,24,25,20,16,9,227
11103122602,core,0,0,4,3,0,7,0,6,0,11,0,3,4,0,0,0,0,0,0,9,5,3,3,0,4,0,3,0,0,19,0,4,4,5,6,3,3,4,4,25,6,4,3,3,9,0,0,3,0,30,0,0,7,0,0,0,0,0,0,15,0,0,0,0,0,0,0,0,0,5,0,0,0,0,0,0,0,0,0,0,0,0,0,0,0,0,0,0,0,0,7,24,23,16,20,11,11,10,4,123
11103122603,core,0,0,4,3,0,20,3,8,0,45,0,8,8,20,7,10,0,4,0,50,7,17,5,9,9,8,8,4,0,57,11,20,10,15,13,3,8,0,0,77,9,18,11,12,19,7,7,7,0,91,4,3,4,4,4,4,5,9,0,45,0,0,0,0,0,0,0,0,0,0,0,0,0,0,0,0,0,0,0,3,0,0,0,0,0,0,0,0,0,0,38,65,39,65,48,42,26,37,8,372
11103122604,core,0,0,3,0,0,6,0,3,0,14,0,0,4,0,0,0,0,0,0,14,4,5,5,3,0,0,0,0,0,26,0,0,4,5,6,0,0,0,0,18,3,4,10,0,4,0,0,0,0,27,4,7,8,5,4,0,0,4,5,31,0,0,4,0,0,0,0,0,0,7,0,0,0,0,0,0,0,0,0,0,0,0,0,0,0,0,0,0,0,0,13,25,32,25,14,8,4,7,3,135
11103122605,core,0,4,3,3,3,18,0,7,5,42,0,6,6,5,6,0,0,4,0,21,3,8,7,6,3,4,0,0,0,32,0,17,13,13,7,0,8,5,3,61,13,21,7,3,17,3,4,0,5,74,9,9,4,9,17,6,10,0,4,65,0,0,0,0,0,0,0,0,0,3,0,0,0,0,0,0,0,0,0,0,0,0,0,0,0,0,0,0,0,0,24,68,41,31,50,32,20,18,14,304
11103122606,core,0,0,3,0,0,4,0,0,0,10,3,0,3,5,0,0,0,0,4,18,3,0,0,3,0,6,5,0,0,13,6,10,13,7,7,0,0,0,0,36,9,16,6,3,10,0,0,4,0,47,0,5,0,0,0,0,3,0,0,12,0,3,0,0,3,0,0,0,0,8,0,0,0,0,0,0,0,0,0,0,0,0,0,0,0,0,0,0,0,0,20,34,25,15,18,10,9,7,7,144
11103122608,core,0,0,3,5,0,0,0,9,0,18,0,0,8,5,0,0,0,8,0,20,0,11,13,15,4,0,3,3,0,56,7,7,3,3,4,6,0,0,0,37,9,17,10,8,9,0,6,11,0,67,0,0,10,9,4,0,3,6,0,29,0,0,0,0,0,0,0,0,0,3,0,0,0,0,0,0,0,0,0,0,0,0,0,0,0,0,0,0,0,0,20,39,41,40,33,10,11,32,3,230
11103122609,core,0,3,5,0,0,7,0,12,0,26,3,3,10,3,4,4,4,0,0,34,0,15,13,10,3,6,0,0,0,45,5,6,6,4,6,0,0,4,0,34,9,5,14,11,9,4,5,8,0,61,4,3,4,0,8,3,5,10,0,36,0,0,0,0,0,5,3,3,0,13,0,0,0,0,0,0,0,0,0,0,0,0,0,0,0,0,0,0,0,0,15,33,47,36,35,25,21,34,4,249
11103122610,core,0,0,0,0,0,0,0,0,0,0,0,6,4,4,0,6,0,0,0,16,0,7,15,3,8,3,3,4,0,41,7,8,3,3,0,3,3,5,0,32,0,0,3,5,4,0,4,8,0,20,3,0,6,0,9,0,3,3,0,24,0,0,0,0,4,0,0,0,0,9,0,0,0,0,0,0,0,0,0,0,0,0,0,0,0,0,0,0,0,0,8,25,29,13,18,11,14,16,0,143
11103122611,core,0,0,0,0,0,0,0,0,0,3,0,0,6,0,3,9,0,0,0,18,7,14,10,5,4,0,7,0,0,39,4,8,7,0,4,3,3,0,5,37,3,8,4,0,5,3,4,6,0,32,0,0,3,0,0,4,0,0,0,14,0,0,0,0,0,0,0,0,0,0,0,0,0,0,0,0,0,0,0,0,0,0,0,0,0,0,0,0,0,0,14,28,29,14,15,18,16,18,7,151
11103122613,core,0,0,0,0,0,9,3,4,0,19,4,0,4,0,3,0,0,0,0,18,3,8,5,4,7,4,5,3,0,39,4,12,7,3,4,0,0,0,3,34,10,12,4,3,7,0,3,3,0,42,3,3,3,5,3,0,0,3,0,23,0,0,0,0,0,0,0,0,0,0,0,0,0,0,0,0,0,0,0,0,0,0,0,0,0,0,0,0,0,0,21,38,20,21,26,15,15,12,5,168
11103122614,core,0,0,6,4,0,10,0,6,0,24,0,0,0,0,0,5,0,0,0,16,6,10,0,0,6,8,0,0,0,46,3,9,9,4,5,3,3,5,0,41,11,7,5,8,10,0,3,0,0,55,0,11,8,3,10,3,0,6,4,43,0,0,0,0,0,0,0,0,0,5,0,0,0,0,0,0,0,0,0,0,0,0,0,0,0,0,0,0,0,0,23,40,33,26,38,27,9,21,8,225
11103122615,core,0,0,3,0,0,13,0,5,0,24,0,4,9,3,5,3,0,4,0,23,0,12,7,7,10,0,0,4,0,36,7,18,8,3,8,0,8,3,0,60,3,14,8,4,14,0,10,0,0,55,0,9,6,8,8,0,0,3,0,27,0,4,0,0,0,0,0,0,0,7,0,0,0,0,0,0,0,0,0,0,0,0,0,0,0,0,0,0,0,0,16,49,38,27,37,24,18,18,0,233
11103122616,core,0,0,0,0,0,0,0,4,0,7,0,4,4,3,0,7,0,6,0,13,0,6,5,0,0,0,0,0,0,15,4,8,6,3,10,0,0,0,0,30,3,13,3,6,7,0,4,6,0,43,0,0,0,6,3,5,0,0,0,11,0,0,0,0,0,0,0,0,0,3,0,0,0,0,0,0,0,0,0,0,0,0,0,0,0,0,0,0,0,0,7,29,20,12,26,16,8,11,0,128
11103122617,core,0,0,0,0,0,3,0,3,0,12,0,0,4,0,0,0,0,0,0,9,3,8,7,8,7,0,4,0,0,45,5,6,3,6,0,0,4,0,0,33,0,10,7,5,0,0,5,8,0,32,3,5,4,6,3,0,3,4,0,32,3,0,0,0,0,0,0,0,0,6,0,0,0,0,0,0,0,0,0,0,0,0,0,0,0,0,0,0,0,0,14,30,21,26,18,9,16,17,0,159
11103122618,core,0,0,0,4,0,0,0,0,0,8,0,0,3,8,0,0,0,3,0,14,12,3,13,5,8,5,0,3,0,46,0,3,6,12,7,6,10,6,0,48,3,8,3,3,0,0,4,5,0,27,3,5,4,7,0,0,3,0,0,26,0,0,0,0,4,0,0,3,0,5,0,0,0,0,0,0,0,0,0,0,0,0,0,0,0,0,0,0,0,0,23,27,25,32,25,10,16,21,0,180
11103122619,core,0,0,0,5,0,7,0,3,0,14,0,0,4,0,0,7,6,4,0,22,0,7,8,4,3,0,0,0,4,33,0,11,5,8,6,3,0,3,0,39,0,6,7,8,5,0,3,5,3,27,0,3,6,3,3,4,0,3,0,22,0,0,0,0,0,0,0,0,0,0,0,0,0,0,0,0,0,0,0,0,0,0,0,0,0,0,0,0,0,0,4,25,24,25,14,20,7,19,8,152
11103122620,core,0,0,0,6,0,3,0,0,0,13,0,0,0,0,0,5,0,5,0,14,0,10,4,3,5,5,0,0,0,31,3,5,4,4,9,3,0,4,3,27,0,4,6,0,0,0,6,3,0,24,0,3,0,4,3,0,5,0,0,16,3,0,0,0,0,0,0,0,0,8,0,0,0,0,0,0,0,0,0,0,0,0,0,0,0,0,0,0,0,0,9,21,24,19,19,12,16,8,5,131
11103122621,core,0,0,0,0,0,0,0,0,0,3,0,0,3,0,0,0,0,0,0,7,0,0,5,0,0,0,0,3,0,10,0,4,3,3,0,0,0,0,0,14,0,4,4,0,0,0,0,3,0,12,3,0,5,5,4,0,0,9,0,25,0,0,0,0,0,0,0,0,0,7,0,0,0,0,0,0,0,0,0,0,0,0,0,0,0,0,0,0,0,0,7,4,14,15,13,8,5,17,0,78
11103122622,core,0,0,0,0,0,0,0,0,0,0,0,0,4,4,0,3,0,0,0,7,3,0,0,0,0,0,0,0,0,0,0,0,0,0,0,0,0,0,0,5,0,0,0,0,0,0,0,0,0,0,0,0,0,0,0,0,0,0,0,0,0,0,0,0,0,0,0,0,0,0,0,0,0,0,0,0,0,0,0,0,0,0,0,0,0,0,0,0,0,0,0,0,4,5,0,3,0,0,0,17
11103122623,core,0,0,3,0,0,3,5,4,0,15,0,0,9,0,0,5,0,0,0,18,3,9,11,7,0,4,4,0,0,42,5,5,4,4,10,0,8,0,0,35,3,7,12,6,3,4,0,3,0,37,6,5,0,0,9,3,3,5,0,24,0,0,0,0,0,0,0,0,0,0,0,0,0,0,0,0,0,0,0,4,0,0,0,0,0,0,0,0,0,0,11,28,40,20,23,23,13,17,3,180
11103122624,core,0,0,0,3,0,10,0,3,0,16,0,0,3,8,3,3,0,0,0,21,0,10,7,0,5,5,7,0,0,36,5,5,6,4,8,0,4,3,0,32,6,4,0,4,7,3,4,0,0,36,5,3,3,7,4,0,5,8,0,30,0,0,0,0,0,0,0,0,0,3,0,0,0,0,0,0,0,0,0,0,0,0,0,0,0,0,0,0,0,0,15,29,30,25,24,15,14,17,4,183
11103122625,core,0,0,0,3,0,3,0,6,0,9,0,3,3,3,3,0,3,0,0,24,5,16,7,10,7,4,3,3,0,51,0,9,5,7,3,7,4,7,0,46,3,10,7,3,3,3,8,0,0,39,5,3,0,4,3,0,7,4,0,33,0,0,0,0,0,0,0,0,0,15,0,0,0,0,0,0,0,0,0,0,0,0,0,0,0,0,0,0,0,0,14,41,25,31,26,18,26,23,0,211
11103122626,core,0,0,0,0,0,0,0,4,0,5,0,3,6,6,8,0,0,3,0,24,6,14,7,7,3,4,4,3,0,40,0,4,9,10,4,0,4,4,3,43,6,9,10,0,7,0,10,4,0,45,6,0,3,0,8,0,4,6,0,31,0,0,0,0,0,0,0,0,0,3,0,0,0,0,0,0,0,0,0,0,0,0,0,0,0,0,0,0,0,0,22,36,34,25,33,12,15,16,4,193
11103122627,core,0,0,0,7,0,5,0,3,0,15,0,4,5,0,3,5,0,4,0,20,5,3,3,3,0,3,7,4,0,25,3,9,5,3,4,4,0,0,0,28,3,5,4,3,8,6,0,3,0,30,0,3,7,5,4,0,3,0,0,27,0,0,0,0,0,0,0,0,0,0,0,0,0,0,0,0,0,0,0,0,0,0,0,0,0,0,0,0,0,0,14,23,27,20,22,15,11,15,0,150
11103122628,core,0,3,0,0,0,0,5,0,0,11,0,5,4,0,4,0,0,7,0,25,0,11,11,10,6,4,3,3,0,57,5,13,10,8,0,3,6,3,0,56,5,7,6,7,11,5,0,10,0,47,6,7,5,9,4,4,3,0,0,34,0,0,0,0,0,0,0,4,0,4,0,0,0,0,0,0,0,0,0,4,0,0,0,0,0,0,0,0,0,0,17,42,39,33,24,24,20,27,3,226
11103122629,core,0,3,0,4,3,10,0,5,0,30,0,0,4,12,7,3,0,3,0,31,10,18,10,11,12,4,0,0,0,62,15,26,11,7,10,0,3,5,0,65,9,12,10,4,4,7,0,0,0,57,4,6,7,5,4,6,4,5,4,39,0,0,0,0,0,0,0,0,0,3,0,0,0,0,0,0,0,0,0,0,0,0,0,0,0,0,0,0,0,0,31,69,42,41,39,29,10,19,3,286
11103122631,core,0,0,0,0,0,0,0,0,0,0,0,0,0,0,0,0,0,0,0,0,0,0,0,0,0,0,0,0,0,4,0,0,0,0,0,0,0,0,0,3,0,0,0,0,0,0,0,0,0,0,0,0,0,0,0,0,0,0,0,0,0,0,0,0,0,0,0,0,0,0,0,0,0,0,0,0,0,0,0,0,0,0,0,0,0,0,0,0,0,0,0,0,3,4,0,0,6,0,0,14
11103122632,core,0,0,5,0,0,10,0,9,0,21,0,3,0,8,0,0,0,0,0,10,0,9,0,5,3,3,3,0,0,29,3,9,5,10,9,3,4,5,0,51,7,13,4,8,11,0,4,0,0,42,0,3,0,0,9,0,4,0,0,20,0,0,0,0,0,0,0,0,0,0,0,0,0,0,0,0,0,0,0,0,0,0,0,0,0,0,0,0,0,0,19,36,17,31,26,24,13,13,0,182
11103122633,core,0,0,0,0,0,0,0,0,0,0,0,0,0,0,0,0,0,0,0,0,0,0,0,0,0,0,0,0,0,0,0,0,0,0,0,0,0,0,0,0,0,0,0,0,0,0,0,0,0,0,0,0,0,0,0,0,0,0,0,0,0,0,0,0,0,0,0,0,0,0,0,0,0,0,0,0,0,0,0,0,0,0,0,0,0,0,0,0,0,0,0,0,0,0,0,0,0,0,0,0
11103122634,core,0,0,0,8,0,3,0,4,0,8,5,0,8,5,3,6,3,3,0,28,6,22,5,6,11,10,4,0,0,63,20,28,10,6,18,4,3,8,0,94,5,8,0,0,7,3,5,0,0,32,0,7,0,4,0,4,0,0,0,16,0,0,0,0,0,0,0,0,0,4,0,0,0,0,0,0,0,0,0,0,0,0,0,0,0,0,0,0,0,0,36,72,24,29,35,24,17,14,4,246
11103122635,core,0,0,4,0,0,0,0,5,0,9,0,0,0,6,3,3,0,5,0,16,4,24,0,6,3,0,4,0,4,48,15,50,10,5,10,6,3,7,0,100,7,11,10,5,0,0,5,5,0,41,0,5,0,3,3,6,0,4,0,21,0,3,0,0,0,0,0,0,0,3,0,0,0,0,0,0,0,0,0,0,0,0,0,0,0,0,0,0,0,0,27,88,27,27,28,15,11,16,4,237
11103122636,core,0,0,0,7,0,5,0,3,0,22,0,0,0,10,6,7,0,0,0,25,5,30,12,9,9,11,4,7,6,97,9,33,13,9,14,5,3,5,4,95,0,22,3,8,11,4,5,4,0,50,4,8,0,3,3,0,0,5,0,21,0,0,0,0,0,0,0,0,0,3,0,0,0,0,0,0,0,0,0,0,0,0,0,0,0,0,0,0,0,0,21,92,36,41,39,30,11,18,4,302
11103122637,core,0,0,5,4,4,12,0,3,0,32,0,10,5,18,5,15,0,3,0,75,16,76,25,10,23,15,5,9,0,179,22,67,22,19,26,14,10,13,0,186,16,30,8,4,14,6,7,5,0,89,8,6,3,3,8,3,0,0,0,29,0,6,0,0,0,0,0,0,0,7,0,0,0,0,0,0,0,0,0,0,0,0,0,0,0,0,0,0,0,0,63,206,75,65,71,59,24,35,3,604
11103122638,core,0,3,3,8,0,14,0,13,0,34,3,0,4,4,3,9,0,4,0,38,4,28,15,9,11,5,3,4,0,70,26,50,13,10,16,5,4,4,4,134,22,25,14,12,18,5,12,6,0,121,4,4,3,4,8,4,6,3,0,43,0,0,0,0,0,0,3,0,0,8,0,0,0,0,0,0,0,0,0,0,0,0,0,0,0,0,0,0,0,0,60,112,60,53,52,26,33,34,7,446
11103122639,core,0,0,0,4,0,8,0,7,0,23,0,0,3,6,0,0,0,5,0,16,7,16,5,0,9,6,0,0,0,53,20,41,8,8,11,4,4,6,0,102,11,14,6,11,18,8,3,5,0,69,0,0,8,0,3,0,3,4,0,20,0,5,0,0,0,0,0,0,0,3,0,0,0,0,0,0,0,0,0,0,0,0,0,0,0,0,0,0,0,0,38,74,40,28,40,28,12,26,0,289
11103122640,core,0,0,6,7,0,23,4,16,0,61,0,7,14,12,4,10,5,3,0,56,10,28,13,27,15,0,9,3,0,106,26,52,9,9,26,7,0,6,0,138,24,31,14,12,22,8,5,4,4,131,3,12,4,9,7,0,5,5,0,47,0,0,0,0,0,0,0,0,0,5,0,0,0,0,0,0,0,0,0,0,0,0,0,0,0,0,0,0,0,0,74,131,65,77,78,51,38,42,8,545
11103122641,core,0,0,0,3,0,7,0,8,0,24,0,4,0,4,0,0,4,0,0,19,8,16,12,9,8,0,4,4,3,60,14,34,23,11,26,0,9,5,0,118,10,16,15,12,6,5,4,0,0,68,4,4,4,4,3,5,0,0,0,16,0,0,0,0,0,0,0,0,0,4,0,0,0,0,0,0,0,0,0,0,0,0,0,0,0,0,0,0,0,0,34,82,44,42,40,15,16,25,4,309
11103122642,core,0,0,3,4,0,9,5,3,0,22,3,8,4,5,7,4,0,3,0,28,7,26,11,12,15,0,3,0,0,74,21,49,18,16,20,5,4,9,6,143,11,28,9,8,7,5,8,9,0,85,5,10,0,0,5,0,0,0,0,23,4,0,0,0,0,0,0,6,0,9,0,0,0,0,0,0,0,0,0,0,0,0,0,0,0,0,0,0,0,0,53,111,41,39,58,26,21,20,6,372
11103122701,core,0,0,0,3,0,0,0,0,0,4,0,3,0,3,0,0,0,0,0,15,3,12,0,4,3,3,5,3,0,31,3,0,5,5,3,0,0,0,0,17,4,3,4,4,10,0,9,0,0,32,9,6,0,3,4,5,0,0,0,27,0,0,0,0,0,0,0,0,0,6,0,0,0,0,0,0,0,0,0,0,0,0,0,0,0,0,0,0,0,0,18,31,11,24,15,15,7,13,0,133
11103122702,core,0,0,0,0,0,0,0,0,0,0,0,0,0,0,0,0,0,0,0,0,0,0,0,0,0,0,0,0,0,0,0,0,0,0,0,0,0,0,0,0,0,0,0,0,0,0,0,0,0,0,0,0,0,0,0,0,0,0,0,0,0,0,0,0,0,0,0,0,0,0,0,0,0,0,0,0,0,0,0,0,0,0,0,0,0,0,0,0,0,0,0,0,0,0,0,0,0,0,0,0
11103122703,core,0,0,0,0,0,0,0,4,0,4,0,3,0,0,4,0,0,0,0,12,7,18,6,9,3,3,0,0,3,50,4,15,0,3,4,0,5,0,0,35,3,11,0,0,5,0,3,5,0,23,0,4,6,0,0,4,3,0,0,26,0,0,0,0,0,0,0,0,0,5,0,3,0,0,0,0,0,0,0,3,0,0,0,0,0,0,0,0,0,0,21,55,11,14,18,8,12,6,3,156
11103122704,core,0,0,0,0,0,0,0,0,0,0,0,3,0,9,0,4,3,0,0,19,3,25,10,12,9,0,0,0,0,61,9,19,8,0,5,0,3,4,0,47,0,9,0,0,5,0,0,0,0,23,0,8,6,0,0,5,3,4,0,23,0,0,0,0,0,0,0,3,0,5,0,0,0,0,0,0,0,0,0,0,0,0,0,0,0,0,0,0,0,0,18,61,23,26,22,4,9,7,0,180
11103122705,core,0,0,0,3,0,0,0,0,0,7,0,5,0,0,0,3,0,0,0,5,8,28,9,8,9,3,0,3,0,71,14,26,7,0,7,0,0,0,6,61,3,11,4,5,0,4,0,0,0,24,3,3,4,0,0,4,0,0,0,19,0,0,0,0,0,0,0,0,0,3,0,0,0,0,0,0,0,0,0,0,0,0,0,0,0,0,0,0,0,0,27,70,24,30,10,13,5,6,6,196
11103122706,core,0,0,3,0,0,8,0,3,0,15,0,3,0,6,9,4,3,0,0,30,7,33,9,19,11,0,0,4,0,86,7,28,8,3,12,3,9,6,0,76,0,4,5,8,3,0,4,3,0,36,3,7,3,5,7,0,0,8,0,33,0,3,0,0,0,0,6,0,0,6,0,0,0,0,0,0,0,0,0,0,0,0,0,0,0,0,0,0,0,0,20,85,27,40,40,17,16,23,5,282
11103122707,core,0,0,0,3,0,3,0,0,0,7,0,9,9,6,8,7,0,3,0,38,8,26,20,15,14,8,4,8,0,106,12,20,9,4,13,4,0,0,0,61,9,12,5,4,11,0,6,3,0,52,4,12,4,4,11,4,8,6,0,54,0,3,0,0,0,0,0,0,0,12,0,0,0,0,0,0,0,0,0,0,0,0,0,0,0,0,0,0,0,0,33,77,43,41,58,27,20,26,6,332
11103122708,core,0,0,0,0,0,0,0,4,0,9,0,0,0,6,0,7,0,0,0,27,12,31,7,16,15,7,3,5,5,88,11,20,9,7,10,0,0,0,0,55,4,11,5,5,3,0,0,8,0,36,0,6,4,3,3,0,0,6,0,23,5,0,0,0,0,0,0,0,0,8,0,0,0,0,0,0,0,0,0,0,0,0,0,0,0,0,0,0,0,0,27,64,30,40,26,17,10,29,0,246
11103122709,core,0,0,0,0,0,0,0,0,0,5,3,3,0,0,6,3,0,0,0,17,3,22,13,7,6,7,0,0,0,64,9,22,12,6,7,0,0,3,0,53,0,10,8,8,0,3,4,0,0,38,0,6,3,3,5,0,0,3,0,25,0,0,0,0,0,0,0,0,0,0,0,0,0,0,0,0,0,0,0,0,0,0,0,0,0,0,0,0,0,0,18,67,35,27,30,10,6,9,4,206
11103122710,core,0,0,0,0,0,3,0,0,0,5,0,4,3,4,5,0,3,0,0,26,7,27,6,7,9,7,6,7,3,83,8,14,0,3,5,0,5,0,0,35,9,5,4,0,0,0,0,8,5,43,0,4,0,3,3,0,0,6,0,22,0,0,0,0,0,0,0,0,0,6,0,0,0,0,0,0,0,0,0,0,0,0,0,0,0,0,0,0,0,0,23,59,24,26,28,10,17,29,4,219
11103122711,core,0,0,0,0,0,0,0,4,0,8,0,9,3,5,0,5,0,0,0,17,14,41,18,12,6,8,3,0,0,99,3,20,9,14,9,8,5,0,3,63,5,19,0,0,5,6,0,0,0,35,4,9,3,3,0,5,0,5,0,35,0,0,0,0,0,0,0,0,0,3,0,0,0,0,0,0,0,0,0,0,0,0,0,0,0,0,0,0,0,0,30,96,31,34,24,25,8,12,4,265
11103122712,core,0,0,0,0,0,0,0,0,0,0,0,0,0,3,0,7,0,4,0,10,4,13,7,0,6,0,3,0,3,33,4,7,0,8,3,0,0,0,0,25,3,5,6,8,0,0,0,3,0,23,0,0,4,0,0,0,4,3,0,10,0,0,0,0,0,0,0,0,0,4,0,0,0,0,0,0,0,0,0,0,0,0,0,0,0,0,0,0,0,0,11,27,15,19,8,10,9,8,3,111
11103122713,core,0,0,0,7,0,7,0,0,0,11,3,7,6,12,3,12,0,3,0,40,15,28,17,10,12,3,3,9,0,95,7,23,10,4,10,8,0,0,6,70,4,8,4,5,3,4,0,4,0,38,8,7,3,3,5,0,6,5,0,33,0,4,3,0,0,0,0,0,0,8,0,0,0,0,0,0,0,0,0,0,0,0,0,0,0,0,0,0,0,0,38,73,44,36,37,32,13,18,4,294
11103122714,core,0,0,0,0,0,3,0,3,0,13,3,0,8,3,3,4,5,3,0,31,3,34,10,13,9,7,3,5,0,89,7,22,8,5,10,6,8,9,0,72,10,15,0,8,0,0,8,8,0,43,8,7,4,4,3,3,0,5,0,35,0,0,0,0,0,0,0,0,0,3,0,0,0,0,0,0,0,0,0,0,0,0,0,0,0,0,0,0,0,0,31,79,34,39,22,22,21,33,0,293
11103122715,core,0,0,0,0,0,4,0,0,0,5,0,3,3,3,0,5,0,0,0,17,6,18,4,3,6,4,6,4,0,44,4,3,4,0,0,0,4,0,0,13,0,11,0,3,5,0,0,0,0,17,4,3,0,5,5,0,0,0,0,20,5,0,3,0,0,0,0,0,0,9,0,0,0,0,0,0,0,0,0,0,0,0,0,0,0,0,0,0,0,0,18,36,14,21,19,11,9,6,0,136
11103122716,core,0,0,4,0,0,0,0,0,0,9,0,0,0,5,0,0,3,0,0,14,3,5,0,0,3,3,0,3,0,20,0,6,0,0,0,0,0,0,0,9,5,8,4,0,0,0,0,7,0,26,0,3,3,3,4,0,0,0,0,19,0,0,0,0,0,0,3,3,0,13,0,0,0,0,0,0,0,0,0,0,0,0,0,0,0,0,0,0,0,0,11,22,16,7,9,6,13,21,0,109
11103122717,core,0,0,0,3,0,3,0,4,0,12,0,3,5,7,3,5,0,3,0,32,11,25,14,5,3,0,0,6,3,70,6,19,6,8,5,3,0,5,0,55,0,5,0,5,6,5,9,6,0,41,0,10,3,0,0,0,0,5,0,22,0,3,0,0,3,0,0,0,0,7,0,0,0,0,0,0,0,0,0,0,0,0,0,0,0,0,0,0,0,0,20,72,36,28,23,24,9,26,0,249
11103122718,core,0,0,0,0,0,0,0,0,0,3,0,7,0,8,0,0,0,5,0,27,14,33,19,6,6,3,0,4,0,87,0,21,6,8,13,0,0,7,0,63,3,3,4,3,8,0,4,3,0,29,5,5,3,4,4,0,4,0,0,21,0,0,0,0,0,0,0,0,0,3,0,0,0,0,0,0,0,0,0,0,0,0,0,0,0,0,0,0,0,0,20,67,35,27,30,16,16,17,0,233
11103122719,core,0,0,0,3,0,4,0,7,0,12,3,0,0,7,0,3,0,0,0,14,8,18,7,6,12,4,0,6,0,63,10,18,10,0,8,3,3,8,0,55,8,15,3,9,3,0,7,0,0,43,8,8,9,7,4,0,0,4,3,33,0,0,0,0,0,0,0,0,0,5,0,0,0,0,0,0,0,0,0,0,0,0,0,0,0,0,0,0,0,0,28,64,27,28,26,16,6,25,3,229
11103122720,core,0,0,0,0,0,0,0,5,0,3,0,0,7,8,0,3,0,3,0,22,4,27,14,15,7,5,0,8,0,77,9,21,6,6,6,0,0,5,3,53,3,14,0,7,8,4,0,3,0,39,3,8,7,5,8,0,7,3,0,41,0,0,0,0,0,0,0,0,0,5,0,0,0,0,0,0,0,0,0,0,0,0,0,0,0,0,0,0,0,0,20,75,26,33,33,12,12,23,8,246
11103122721,core,0,0,0,0,0,3,0,0,0,3,0,8,3,7,0,3,0,0,4,32,3,23,5,14,4,0,0,4,0,59,10,12,7,9,3,4,9,6,0,54,0,7,0,3,5,0,4,6,0,20,0,6,6,3,0,0,3,0,0,17,0,0,3,0,0,0,0,0,0,9,0,0,0,0,0,0,0,0,0,0,0,0,0,0,0,0,0,0,0,0,13,45,25,38,15,12,15,20,5,186
11103122722,core,0,0,0,0,0,5,0,3,0,7,4,0,0,10,4,3,0,0,0,20,0,15,0,6,5,0,0,0,0,32,6,12,0,0,0,0,0,0,0,25,4,0,3,0,3,0,4,3,0,21,4,0,3,0,0,0,0,3,0,7,0,0,0,0,0,0,0,0,0,7,0,0,0,0,0,0,0,0,0,0,0,0,0,0,0,0,0,0,0,0,13,29,8,21,11,13,5,15,0,114
11103122723,core,0,0,0,0,0,0,0,4,0,7,0,4,0,10,4,3,0,0,0,26,6,34,6,11,6,7,5,4,0,71,5,12,7,0,0,0,0,0,0,33,0,5,0,0,7,3,0,4,0,23,3,7,4,0,4,4,5,7,0,26,0,4,0,0,0,0,0,0,0,4,0,0,0,0,0,0,0,0,0,0,0,0,0,0,0,0,0,0,0,0,13,65,18,22,17,19,10,22,0,195
11103122724,core,0,0,0,3,0,5,0,3,0,8,4,0,4,0,0,0,3,6,0,20,8,27,8,15,8,4,0,7,0,82,5,23,13,0,7,6,3,6,0,69,5,3,10,7,12,0,6,9,0,51,4,5,3,3,10,0,8,4,0,37,0,4,0,6,0,0,0,3,0,11,0,0,0,0,0,0,0,0,0,0,0,0,0,0,0,0,0,0,0,0,29,63,35,36,41,19,20,33,3,277
11103122725,core,3,0,3,0,0,5,0,4,0,12,0,7,3,3,6,3,0,5,0,24,3,26,13,8,3,9,3,3,7,69,9,15,9,0,0,0,0,5,0,36,3,9,6,6,8,0,8,11,4,56,4,7,0,3,5,6,5,10,0,32,0,5,3,0,0,0,0,0,0,11,0,0,0,0,0,0,0,0,0,0,0,0,0,0,0,0,0,0,0,0,21,58,29,28,20,17,15,37,12,243
11103122726,core,0,0,0,0,0,0,0,0,0,5,0,11,3,0,3,4,0,0,0,21,0,14,7,3,7,9,0,5,0,45,6,12,0,3,10,3,0,3,0,45,0,8,4,8,5,0,0,3,0,25,0,4,0,0,0,4,4,3,0,17,0,0,0,0,0,0,0,0,0,5,0,0,0,0,0,0,0,0,0,0,0,0,0,0,0,0,0,0,0,0,16,41,21,14,24,27,11,13,0,163
11103122727,core,0,0,0,0,0,8,0,4,0,8,0,0,4,5,0,0,0,0,0,13,0,11,0,5,3,3,0,4,5,30,5,8,0,3,11,0,0,0,0,29,6,7,7,0,8,0,0,0,0,31,0,6,0,0,0,0,5,0,0,18,0,0,0,0,3,0,0,0,0,8,0,0,0,0,0,0,0,0,0,0,0,0,0,0,0,0,0,0,0,0,12,35,18,20,25,9,4,14,9,137
11103122728,core,0,0,3,3,0,9,0,10,0,22,0,5,3,3,4,8,0,3,0,22,0,23,9,12,6,9,5,4,0,68,5,14,3,6,3,4,4,4,0,41,8,12,8,11,8,5,3,6,0,53,4,8,9,4,5,3,0,4,0,43,0,6,0,0,4,0,0,3,0,13,0,0,0,0,0,0,0,0,0,0,0,0,0,0,0,0,0,0,0,0,21,65,27,41,28,32,16,30,0,266
11103122729,core,0,0,3,0,0,3,3,3,0,20,0,0,3,10,0,6,0,3,0,24,4,25,15,12,0,0,3,0,0,60,13,27,16,9,7,3,0,0,6,84,8,10,8,7,5,0,3,3,0,55,3,5,0,4,5,5,0,8,0,30,0,3,0,0,5,4,3,0,0,13,0,0,0,0,0,0,0,0,0,0,0,0,0,0,0,0,0,0,0,0,28,73,52,43,27,14,17,28,5,281
11103122730,core,0,0,0,7,0,0,0,0,0,8,0,5,0,6,0,8,0,6,0,31,3,34,13,13,11,7,0,5,0,96,7,27,13,10,8,0,4,0,0,71,7,5,4,12,10,0,3,0,0,43,0,10,4,0,7,0,7,0,0,35,0,0,0,0,0,0,0,0,0,3,0,0,0,0,0,0,0,0,0,0,0,0,0,0,0,0,0,0,0,0,15,82,33,49,29,21,14,12,4,280
11103122731,core,0,0,3,0,0,4,0,3,0,11,5,5,0,8,10,0,0,3,0,25,11,27,21,23,13,7,0,4,4,109,7,13,15,6,16,3,0,5,0,69,0,11,3,6,6,0,8,4,0,36,0,9,4,4,4,3,4,4,0,26,0,0,0,0,0,0,0,0,0,4,0,0,0,0,0,0,0,0,0,0,0,0,0,0,0,0,0,0,0,0,22,53,44,52,47,13,10,27,4,279
11103122732,core,0,0,6,0,0,0,0,3,0,11,4,4,0,0,0,0,0,9,0,13,3,20,12,9,5,7,4,3,3,63,7,10,11,8,5,0,6,3,0,50,11,9,4,8,10,3,0,0,0,44,0,12,0,7,5,0,0,0,0,21,0,0,0,0,0,0,0,0,4,12,0,0,0,0,0,0,0,0,0,0,0,0,0,0,0,0,0,0,0,0,26,54,29,36,21,12,9,17,6,221
11103122733,core,0,0,0,0,0,0,0,3,0,5,7,10,4,3,0,0,0,0,0,25,4,26,15,8,12,7,4,0,0,79,3,20,10,5,4,4,4,0,0,45,5,7,3,0,5,6,9,0,0,29,8,0,8,3,4,0,0,3,0,27,0,0,0,0,0,0,0,0,0,7,0,0,0,0,0,0,0,0,0,0,0,0,0,0,0,0,0,0,0,0,16,61,28,32,25,17,18,20,4,222
11103122734,core,0,0,0,0,0,0,0,3,0,6,0,0,0,11,0,0,0,5,0,20,5,20,10,13,10,5,0,0,4,64,9,28,4,3,5,4,0,5,0,59,3,13,13,4,9,0,0,0,0,43,4,7,0,4,3,0,0,6,0,21,0,0,0,0,0,0,0,0,0,7,0,0,0,0,0,0,0,0,0,0,0,0,0,0,0,0,0,0,0,0,23,71,30,35,27,14,8,18,5,228
11103122735,core,0,0,0,3,0,3,0,0,0,10,0,0,0,12,0,4,0,0,0,19,4,28,11,15,8,4,6,4,0,80,4,20,5,3,4,3,0,0,0,50,6,9,4,3,7,5,0,0,0,39,4,10,3,3,8,0,4,0,0,26,0,0,0,0,0,0,0,0,0,3,0,0,0,0,0,0,0,0,0,4,0,0,0,0,0,0,0,0,0,0,18,75,32,38,27,19,13,18,0,241
11103122736,core,0,0,0,4,0,3,0,4,0,15,0,4,4,14,5,14,0,3,0,42,9,34,16,11,11,9,8,7,5,108,8,36,6,3,16,0,5,0,0,77,5,10,8,11,8,4,5,3,0,50,3,9,7,4,7,3,6,4,0,36,0,3,0,0,0,0,0,0,0,11,0,0,0,0,0,0,0,0,0,0,0,0,0,0,0,0,0,0,0,0,28,97,39,51,42,33,22,21,5,339
11103122801,core,0,0,0,0,0,7,0,6,0,16,0,3,3,4,0,3,0,0,0,19,5,14,0,6,3,0,0,0,0,37,31,39,4,3,13,0,0,0,0,91,23,36,3,0,4,3,3,0,0,76,4,6,4,0,4,4,0,0,0,31,0,0,0,0,5,0,0,0,0,9,0,3,0,0,0,0,0,0,0,4,0,0,0,0,0,0,0,0,0,0,62,103,19,18,35,18,5,12,3,281
11103122802,core,0,3,4,9,0,15,0,10,0,37,0,3,4,0,4,5,0,3,0,22,0,12,5,6,0,0,0,0,0,29,10,23,10,3,5,5,0,0,0,57,21,28,5,0,5,6,0,3,3,75,7,15,5,4,5,0,0,0,0,38,4,10,0,0,6,0,0,0,0,11,0,4,0,0,0,0,0,0,0,4,0,0,0,0,0,0,0,0,0,0,48,93,33,26,26,27,8,21,4,271
11103122803,core,0,0,0,0,0,0,0,0,0,0,0,0,0,0,0,0,0,0,0,0,0,0,0,0,0,0,0,0,0,0,0,0,0,0,0,0,0,0,0,0,0,0,0,0,0,0,0,0,0,0,0,0,0,0,0,0,0,0,0,0,0,0,0,0,0,0,0,0,0,0,0,0,0,0,0,0,0,0,0,0,0,0,0,0,0,0,0,0,0,0,0,0,0,0,0,0,0,0,0,0
11103122804,core,0,4,0,5,0,6,0,0,0,8,0,4,5,3,0,7,0,0,0,19,0,16,5,4,0,0,0,0,0,24,9,24,3,4,7,0,0,0,0,38,13,24,5,0,7,0,0,0,0,43,3,14,4,0,4,0,0,0,0,30,0,4,0,0,0,0,0,0,0,8,0,0,0,0,0,0,0,0,0,0,0,0,0,0,0,0,0,0,0,0,19,79,17,20,18,11,4,0,0,170
11103122805,core,0,0,0,5,0,0,0,3,0,9,4,5,0,0,0,0,0,3,0,13,6,13,0,4,0,3,0,4,0,29,3,9,4,3,0,0,0,0,0,20,11,13,0,0,6,0,0,0,0,29,19,17,3,6,7,0,0,0,0,44,3,10,0,0,0,0,0,0,0,16,0,0,0,0,0,0,0,0,0,0,0,0,0,0,0,0,0,0,0,0,48,65,10,12,15,5,0,7,0,155
11103122806,core,0,0,0,9,5,3,0,3,0,18,0,7,4,7,4,3,0,0,0,19,0,8,0,5,0,0,0,0,0,16,21,21,0,0,6,0,0,0,0,48,17,44,4,0,14,0,5,0,0,82,18,34,5,0,7,0,0,0,0,56,9,4,0,0,4,0,0,0,0,22,0,3,0,0,0,0,0,0,0,4,0,0,0,0,0,0,0,0,0,0,64,112,5,22,36,17,8,3,0,269
11103122807,core,0,0,6,6,5,7,0,12,0,38,0,7,11,3,3,0,0,5,0,33,5,26,6,4,7,0,3,0,0,58,11,36,0,3,11,3,0,6,0,73,12,42,10,8,11,5,0,0,0,87,15,28,0,3,10,5,3,3,0,71,5,6,5,0,0,0,4,0,0,22,0,0,0,0,0,0,0,0,0,0,0,0,0,0,0,0,0,0,0,0,45,148,35,27,46,23,14,22,4,372
11103122808,core,0,0,0,3,0,3,0,4,0,19,0,8,3,9,5,6,0,0,0,27,0,10,3,3,3,3,0,0,0,31,10,21,3,0,7,3,0,0,0,46,17,22,6,3,4,4,0,0,0,60,5,21,0,0,9,8,0,6,0,44,0,5,0,0,0,0,0,0,0,11,0,0,0,0,0,0,0,0,0,7,0,0,0,0,0,0,0,0,0,0,37,95,15,22,33,26,3,15,0,238
11103122809,core,0,0,0,5,0,0,0,0,0,7,0,9,0,14,5,0,0,0,0,33,11,26,14,11,3,4,0,0,0,72,7,15,6,0,0,3,0,3,0,34,11,23,4,3,3,3,0,4,0,55,6,9,3,0,10,0,0,0,0,23,8,0,0,0,0,0,0,0,0,9,0,0,0,0,0,6,0,0,0,4,0,0,0,0,0,0,0,0,0,0,40,87,25,37,18,20,0,8,3,248
11103122810,core,0,0,3,9,0,3,0,3,0,18,3,10,7,12,0,3,0,0,0,35,9,20,5,14,8,3,3,4,0,60,13,11,4,4,10,3,4,4,4,44,5,15,0,5,3,5,5,0,0,45,15,16,0,6,11,0,4,0,0,56,3,3,0,0,4,0,0,0,0,9,0,0,0,0,0,0,0,0,0,0,0,0,0,0,0,0,0,0,0,0,52,78,17,39,32,18,13,8,4,259
11103122811,core,0,0,0,5,0,7,0,6,0,23,0,0,0,6,4,0,0,5,0,24,0,15,8,3,0,0,0,0,0,27,18,36,0,0,3,5,0,0,0,59,12,31,4,5,9,8,0,0,0,65,5,20,4,0,8,0,0,3,0,44,5,4,0,0,3,0,0,0,0,14,0,0,0,0,0,0,0,0,0,0,0,0,0,0,0,0,0,0,0,0,43,101,28,24,20,24,5,13,0,268
11103122812,core,0,0,0,6,0,11,0,6,0,25,0,3,3,9,0,0,0,3,0,27,0,14,0,3,4,8,0,0,0,28,8,24,7,0,6,3,3,0,0,59,16,41,4,4,10,6,0,0,0,83,3,17,3,3,9,0,3,0,0,45,0,5,0,0,0,0,0,0,0,9,0,0,0,0,0,0,0,0,0,0,0,0,0,0,0,0,0,0,0,0,36,107,25,26,32,26,6,7,3,266
11103122813,core,0,0,0,0,0,9,0,0,0,14,0,11,7,12,9,10,0,0,0,38,5,24,11,10,3,3,6,3,0,54,11,20,0,11,4,0,0,0,0,47,12,21,0,0,3,0,0,0,0,40,9,11,9,9,11,0,0,0,0,49,0,3,0,0,7,0,0,0,0,17,0,0,0,0,0,0,0,0,0,0,0,0,0,0,0,0,0,0,0,0,39,84,23,31,38,22,5,11,0,259
11103122814,core,0,0,0,3,0,3,0,5,0,14,3,14,9,12,4,3,0,3,0,37,9,35,7,4,10,4,0,0,0,69,11,23,6,3,5,0,0,0,0,59,7,24,8,3,9,4,0,4,0,56,14,12,0,0,0,0,3,0,0,39,0,5,0,0,5,0,0,0,0,17,0,0,0,0,0,0,0,0,0,0,0,0,0,0,0,0,0,0,0,0,43,117,27,27,31,13,3,18,7,291
11103122815,core,0,0,0,3,0,6,0,0,0,10,0,13,0,12,3,6,0,0,0,39,12,30,10,5,9,3,0,0,0,69,13,10,3,7,9,0,0,0,0,35,6,8,4,8,7,0,3,0,0,38,0,5,0,0,0,3,0,0,0,11,0,4,0,0,0,0,5,0,0,5,0,0,0,0,0,0,0,0,0,0,0,0,0,0,0,0,0,0,0,0,32,62,26,29,22,19,6,3,0,203
11103122816,core,0,0,0,0,0,5,0,3,0,6,0,5,0,5,3,0,0,4,0,18,6,25,7,9,0,4,0,0,0,55,4,8,3,5,3,0,0,3,0,29,4,9,3,3,7,0,3,3,0,35,0,5,0,6,3,4,3,0,0,23,0,0,0,0,0,0,0,4,0,4,0,0,0,0,0,0,0,0,0,0,0,0,0,0,0,0,0,0,0,0,19,50,13,26,19,11,8,13,5,170
11103122817,core,0,0,5,9,3,6,3,5,0,27,6,13,10,32,10,5,0,3,0,82,5,71,14,26,9,3,4,4,0,137,14,30,9,5,11,6,0,0,0,76,13,21,4,6,10,3,0,3,0,58,7,7,0,6,0,3,0,0,0,36,0,0,0,0,0,0,0,0,0,6,0,0,0,0,0,0,0,0,0,0,0,0,0,0,0,0,0,0,0,0,42,142,43,81,47,25,15,16,3,414
11103122818,core,0,0,0,4,0,9,4,6,0,20,0,3,10,14,6,6,0,0,0,39,7,26,6,0,4,6,0,5,0,57,24,52,15,0,10,0,4,0,0,111,11,32,9,5,11,3,4,5,0,78,4,9,3,7,6,7,8,3,0,42,0,0,0,0,0,0,0,0,0,3,0,0,0,0,0,0,0,0,0,0,0,0,0,0,0,0,0,0,0,0,55,128,34,38,46,27,14,18,4,364
11103122819,core,0,0,3,0,0,4,0,5,0,16,0,10,3,6,0,0,0,3,0,22,8,8,0,5,4,3,0,0,0,33,11,11,4,0,3,0,3,0,0,31,7,17,4,6,0,0,4,0,0,44,0,9,3,0,4,0,0,0,0,24,0,8,0,0,0,0,0,0,0,3,0,0,0,0,0,0,0,0,0,0,0,0,0,0,0,0,0,0,0,0,26,60,21,22,22,8,5,13,0,173
11103122820,core,0,0,4,5,0,9,0,10,0,28,0,6,4,9,0,7,0,0,0,25,9,3,8,3,0,0,0,5,0,35,4,23,0,4,6,3,0,0,0,46,17,26,12,5,4,4,0,0,0,76,14,21,0,0,6,4,0,0,0,47,0,10,0,0,0,0,0,0,0,17,0,0,0,0,0,0,0,0,0,4,0,0,0,0,0,0,0,0,0,0,53,94,34,20,23,26,8,19,6,275
11103122821,core,0,0,0,5,3,4,0,0,0,15,0,3,3,8,0,0,0,0,0,12,3,15,8,5,3,0,6,0,0,41,17,30,5,3,0,0,0,0,0,58,8,23,5,5,3,4,0,0,0,53,0,13,3,0,9,0,0,0,0,30,0,4,0,0,0,0,0,0,0,5,0,0,0,0,0,0,0,0,0,0,0,0,0,0,0,0,0,0,0,0,30,87,19,26,22,16,7,5,0,206
11103122822,core,0,0,3,0,0,5,0,3,0,13,3,5,4,12,6,6,0,5,0,39,3,15,16,0,5,0,0,0,0,42,7,14,3,6,7,0,0,4,0,43,3,14,5,6,5,0,3,3,0,34,7,8,6,3,8,0,0,5,5,36,4,0,3,0,4,0,0,4,0,12,0,0,0,0,0,0,0,0,0,0,0,0,0,0,0,0,0,0,0,0,25,58,33,31,28,16,8,18,3,225
11103122823,core,0,0,0,0,0,3,0,0,0,9,0,5,0,9,3,5,0,0,0,24,8,46,11,14,8,3,6,6,0,94,5,11,0,0,5,5,0,0,0,29,3,8,0,3,0,4,0,0,0,21,5,4,0,0,4,0,0,0,0,24,0,3,0,0,0,0,0,0,0,3,0,0,0,0,0,0,0,0,0,0,0,0,0,0,0,0,0,0,0,0,25,70,18,32,22,18,5,6,0,197
11103122824,core,0,0,4,0,0,5,0,0,0,11,0,11,3,9,0,0,0,4,0,28,0,23,12,8,8,0,3,0,0,56,5,20,0,0,4,0,0,0,0,34,9,7,0,3,0,0,0,5,0,25,0,3,0,3,3,0,0,0,0,16,0,0,0,0,0,0,0,0,0,7,0,0,0,0,0,0,0,0,0,0,0,0,0,0,0,0,0,0,0,0,17,61,23,24,22,10,6,11,3,171
11103122825,core,0,0,3,0,0,4,0,3,0,10,0,7,0,7,0,4,0,4,0,23,10,41,11,11,0,6,0,0,0,68,10,8,4,4,0,8,3,0,0,32,10,14,6,5,3,0,0,3,0,45,3,11,3,0,6,0,0,0,0,39,0,3,0,0,0,0,0,0,0,9,0,0,0,0,0,0,0,0,0,4,0,0,0,0,0,0,0,0,0,0,33,83,28,24,14,19,6,15,0,234
11103122826,core,0,0,3,9,0,0,0,6,0,24,3,7,6,11,4,3,0,3,0,47,10,62,3,14,10,0,3,5,0,100,12,41,3,3,6,3,3,0,0,75,29,27,7,5,7,0,0,0,0,72,14,27,7,9,9,5,0,0,5,69,3,0,3,0,0,0,0,0,0,12,0,0,0,0,0,0,0,0,0,0,0,0,0,0,0,0,0,0,0,0,69,162,35,54,36,18,6,15,3,403
11103122827,core,0,0,3,8,0,8,0,0,0,19,0,0,0,0,0,5,0,0,0,20,5,17,0,3,7,0,0,0,0,35,0,19,0,0,6,0,0,3,0,35,18,27,0,3,7,0,0,3,0,62,4,8,0,3,3,4,0,0,0,31,0,3,0,0,0,0,0,0,0,9,0,0,0,0,0,0,0,0,0,3,0,0,0,0,0,0,0,0,0,0,30,73,15,19,25,18,9,10,4,206
11103122828,core,0,0,0,0,0,0,0,6,0,11,0,5,4,9,0,4,0,0,0,15,0,21,0,9,6,0,0,0,0,39,12,9,4,0,0,4,0,0,0,35,7,13,4,3,3,7,0,0,0,35,7,10,0,3,8,0,0,0,0,42,11,6,0,0,6,0,0,0,0,21,0,0,0,0,0,0,0,0,0,0,0,0,0,0,0,0,0,0,0,0,35,73,13,22,22,15,0,9,0,190
11103122829,core,0,0,3,3,0,5,0,5,0,19,0,13,4,14,3,3,0,0,0,44,12,46,12,13,9,8,0,0,0,104,14,47,4,12,5,0,3,0,3,86,14,25,3,0,13,6,0,0,0,75,14,14,6,4,11,6,0,3,0,63,0,0,0,0,0,0,0,0,0,7,0,0,0,0,0,0,0,0,0,0,0,0,0,0,0,0,0,0,0,0,60,152,34,43,40,29,9,14,10,380
11103122830,core,0,0,8,5,0,3,0,3,0,15,0,6,0,9,0,0,0,0,0,28,7,19,11,7,6,4,0,6,0,63,11,17,3,4,0,0,4,0,0,37,4,13,6,4,3,0,0,4,0,38,8,6,0,3,5,0,3,5,0,23,0,5,0,0,0,0,0,0,0,7,0,0,0,0,0,0,0,0,0,0,0,0,0,0,0,0,0,0,0,0,28,66,24,30,17,12,9,15,0,210
11103122831,core,0,0,0,3,0,9,4,5,0,17,3,6,0,16,3,6,0,0,0,43,4,18,3,0,0,0,0,0,0,38,14,24,3,6,4,0,0,0,0,53,20,31,0,4,10,0,0,0,0,71,3,20,3,0,8,6,0,0,0,41,0,3,0,0,0,0,0,0,0,5,0,0,0,0,0,0,0,0,0,0,0,0,0,0,0,0,0,0,0,0,43,108,23,35,23,23,6,7,4,269
11103122832,core,0,0,0,4,0,7,0,0,0,14,0,5,3,6,4,0,0,0,0,27,15,51,13,5,9,6,0,7,0,94,6,27,3,3,9,0,0,0,5,54,12,15,0,8,6,0,0,0,4,51,9,21,3,3,3,8,0,0,0,49,7,5,0,0,0,0,0,0,0,16,3,0,0,0,5,0,0,0,0,0,0,0,0,0,0,0,0,0,0,0,51,120,27,40,30,24,4,17,5,313
11103122901,core,0,0,0,5,0,0,0,0,0,11,6,6,12,18,0,0,0,3,0,45,11,45,5,9,12,3,0,6,0,91,8,10,4,4,13,0,4,3,0,41,9,10,0,5,3,0,4,0,0,35,3,4,5,4,4,0,0,3,0,20,0,0,0,0,0,0,0,0,0,3,0,0,0,0,0,0,0,0,0,0,0,0,0,0,0,0,0,0,0,0,35,82,26,42,30,11,6,21,0,246
11103122902,core,0,0,0,0,0,4,0,6,0,8,6,10,7,11,8,3,0,0,0,49,17,49,12,7,4,7,0,4,0,96,14,19,8,6,4,0,5,0,0,51,11,23,7,3,0,3,0,0,0,44,10,15,0,4,3,3,0,4,0,35,4,5,0,0,0,0,0,0,0,14,0,0,0,0,0,0,0,0,0,0,0,0,0,0,0,0,0,0,0,0,50,123,28,34,19,14,11,11,3,307
11103122903,core,0,0,4,5,0,3,0,0,0,12,4,7,9,11,0,7,0,3,0,38,23,66,14,12,16,5,3,0,4,146,24,35,7,9,6,3,0,0,6,91,25,32,10,6,13,8,3,4,0,98,17,36,15,4,16,16,3,3,0,104,13,11,3,3,9,0,0,0,0,43,0,6,0,0,0,0,0,0,0,9,0,0,0,0,0,0,0,0,0,0,98,191,59,57,68,42,11,15,7,544
11103122905,core,0,0,3,5,0,4,4,9,0,17,10,24,9,17,10,5,3,7,0,86,23,70,20,21,25,10,3,4,0,183,17,33,6,6,8,4,0,7,0,84,28,34,8,4,8,7,9,7,0,99,24,26,4,5,11,5,7,3,0,80,8,14,0,0,6,0,0,0,0,35,0,3,0,0,0,0,0,0,0,7,0,0,0,0,0,0,0,0,0,0,111,205,44,53,66,50,22,38,4,592
11103122906,core,0,0,0,0,0,3,0,0,0,7,3,16,0,9,7,4,3,4,0,42,8,25,3,15,10,6,0,0,0,67,4,19,4,0,5,0,0,0,0,39,0,15,0,4,5,0,0,0,4,28,4,9,5,0,3,0,0,0,0,17,0,0,0,0,0,0,0,0,0,0,0,0,0,0,0,0,0,0,0,0,0,0,0,0,0,0,0,0,0,0,19,77,11,38,32,16,4,7,5,205
11103122908,core,0,0,0,0,0,5,0,5,0,10,0,5,5,6,5,3,0,0,0,25,8,22,5,3,4,4,0,3,0,54,0,16,0,6,0,0,0,0,0,33,11,16,6,0,11,0,3,0,0,44,0,10,0,0,4,0,0,0,0,23,4,9,0,0,0,0,0,0,0,13,0,0,0,0,0,0,0,0,0,4,0,0,0,0,0,0,0,0,0,0,27,84,14,21,24,11,3,11,0,205
11103122909,core,0,0,0,0,5,6,0,3,0,11,0,6,0,8,0,0,0,0,0,20,0,23,3,8,9,3,0,0,0,41,5,17,3,4,0,0,0,0,0,32,5,21,4,0,0,0,0,0,0,35,6,22,0,0,6,5,0,0,0,42,0,5,0,0,3,0,0,0,0,18,0,0,0,0,0,0,0,0,0,0,0,0,0,0,0,0,0,0,0,0,26,97,15,23,27,8,4,5,0,197
11103122910,core,0,0,0,0,0,3,0,0,0,6,0,12,0,6,7,5,0,3,0,25,5,42,9,9,9,3,0,4,0,74,3,20,4,0,0,0,0,0,0,36,12,22,3,6,3,0,0,5,0,46,4,11,4,0,0,0,0,0,0,13,4,3,0,0,0,0,0,0,0,13,0,0,0,0,0,0,0,0,0,0,0,0,0,0,0,0,0,0,0,0,21,102,14,21,19,16,10,5,5,216
11103122911,core,0,4,0,5,0,3,0,3,0,18,3,29,10,22,8,12,0,3,0,88,7,83,13,21,21,9,3,9,0,170,12,33,4,4,13,0,0,4,0,68,15,23,9,8,3,0,0,0,0,58,6,20,0,0,0,9,0,0,0,40,0,6,0,0,5,0,0,0,0,16,0,0,0,0,0,0,0,0,0,0,0,0,0,0,0,0,0,0,0,0,38,201,39,67,48,31,11,20,3,465
11103122912,core,0,0,0,0,0,6,0,0,0,10,0,6,0,10,0,0,0,0,0,11,8,17,8,7,0,0,0,0,0,38,8,15,0,0,4,0,0,0,0,32,8,4,7,3,9,5,0,0,0,35,10,14,4,0,3,0,0,0,0,37,4,5,0,0,0,0,0,0,0,10,0,4,0,0,0,0,0,0,0,4,0,0,0,0,0,0,0,0,0,0,36,64,19,15,22,12,8,4,0,186
11103122913,core,0,0,0,6,0,0,0,3,0,4,0,0,4,0,0,3,0,0,0,16,8,8,6,0,0,0,0,0,0,19,4,12,0,7,0,0,0,0,6,28,5,16,0,4,5,0,0,0,0,31,3,11,4,0,0,0,3,3,0,28,0,3,0,0,0,0,0,0,0,8,0,0,0,0,0,0,0,0,0,0,0,0,0,0,0,0,0,0,0,0,23,56,10,15,10,5,3,11,6,140
11103122914,core,0,0,0,0,0,0,0,0,0,0,0,0,0,0,0,0,0,0,0,0,0,0,0,0,0,0,0,0,0,0,0,0,0,0,0,0,0,0,0,0,0,0,0,0,0,0,0,0,0,0,0,0,0,0,0,0,0,0,0,0,0,0,0,0,0,0,0,0,0,0,0,0,0,0,0,0,0,0,0,0,0,0,0,0,0,0,0,0,0,0,0,0,0,0,0,0,0,0,0,0
11103122916,core,0,0,0,3,0,3,0,4,0,14,4,9,7,37,6,4,7,7,0,83,11,41,6,15,9,3,0,0,0,83,5,18,0,3,5,8,0,3,0,41,9,33,3,0,4,0,0,0,0,57,5,17,3,0,7,3,3,0,0,31,5,8,0,0,0,0,0,0,0,12,0,0,0,0,0,0,0,0,0,0,0,0,0,0,0,0,0,0,0,0,39,115,26,64,30,14,8,18,0,314
11103122917,core,0,0,0,3,0,3,0,0,0,17,5,4,4,10,3,8,0,0,0,41,6,26,10,14,4,0,0,3,5,70,13,24,7,0,3,0,0,0,0,50,3,25,0,5,3,3,0,0,0,37,7,19,0,0,4,0,0,3,0,36,3,4,0,0,0,0,0,0,0,13,0,0,0,0,0,0,0,0,0,0,0,0,0,0,0,0,0,0,0,0,34,102,25,39,19,21,4,12,5,261
11103122918,core,0,0,0,0,0,0,0,3,0,9,6,16,8,19,5,6,0,0,0,54,5,41,10,20,9,4,0,0,4,97,11,22,4,3,7,0,0,0,0,40,7,14,0,0,3,0,0,0,0,33,0,10,0,0,8,0,0,0,0,23,0,4,0,0,0,0,0,0,0,7,0,0,0,0,0,0,0,0,0,0,0,0,0,0,0,0,0,0,0,0,28,110,24,42,27,13,4,5,4,263
11103122919,core,0,0,0,4,0,5,0,0,0,14,0,12,5,18,4,4,3,5,3,50,14,49,4,16,9,7,0,6,0,100,12,29,4,3,4,0,5,0,0,53,8,15,7,0,6,3,5,0,0,40,5,9,5,0,0,0,0,0,0,31,7,11,0,0,0,0,0,0,0,21,0,0,0,0,0,0,0,0,0,0,0,0,0,0,0,0,0,0,0,0,44,125,29,45,22,22,8,11,4,307
11103122920,core,0,0,0,6,0,0,0,0,0,6,0,5,0,5,3,0,0,0,0,9,4,17,4,3,0,0,0,0,0,28,3,11,0,0,0,0,0,0,4,21,9,13,5,0,0,0,0,0,0,23,3,7,5,0,0,0,0,0,0,23,0,3,0,0,0,0,0,0,0,7,0,0,0,0,0,0,0,0,0,4,0,0,0,0,0,0,0,0,0,0,17,59,12,9,14,6,5,0,5,122
11103122921,core,0,0,0,0,0,0,0,0,0,3,0,5,0,9,0,0,0,3,0,13,0,16,4,3,0,0,0,0,0,27,5,9,0,3,0,0,0,0,0,23,10,10,0,0,0,0,0,0,0,27,6,8,0,0,5,0,3,0,0,19,0,0,0,0,0,3,0,0,0,4,0,0,0,0,0,0,0,0,0,3,0,0,0,0,0,0,0,0,0,0,18,50,3,22,11,0,3,7,0,115
11103122922,core,0,0,0,6,0,4,0,0,0,12,0,4,4,13,0,4,0,0,0,33,4,19,6,4,3,6,0,0,0,46,12,15,0,0,0,0,0,0,0,28,7,24,0,0,10,0,0,0,4,57,7,25,6,0,3,8,0,0,0,45,4,12,0,0,0,0,0,0,0,15,0,3,0,0,0,0,0,0,0,5,0,0,0,0,0,0,0,0,0,0,37,103,15,27,26,16,9,3,4,234
11103122923,core,0,0,0,3,5,5,0,3,0,9,0,10,12,14,4,6,0,10,0,53,11,35,16,14,13,4,0,3,0,99,16,19,3,4,3,0,5,0,3,59,10,17,5,0,8,0,5,7,0,44,4,8,3,3,0,0,0,0,0,31,0,3,0,0,0,0,0,0,0,9,0,0,0,0,0,0,0,0,0,3,0,0,0,0,0,0,0,0,0,0,33,110,38,37,29,11,11,17,5,301
11103122924,core,0,0,3,3,3,4,0,6,0,16,0,3,6,4,6,0,0,4,0,18,4,17,7,6,0,0,7,0,0,33,0,7,3,0,0,0,0,0,0,15,12,19,0,3,0,3,0,0,0,43,0,10,0,4,0,0,0,0,0,19,0,9,0,0,0,0,0,0,0,10,0,0,0,0,0,0,0,0,0,0,0,0,0,0,0,0,0,0,0,0,28,58,15,15,13,8,6,10,0,151
11103122925,core,0,0,0,8,0,7,0,3,0,22,5,13,8,25,6,3,0,0,0,61,7,59,13,8,7,7,0,0,0,108,10,23,5,3,7,6,0,0,0,53,11,26,0,4,8,3,4,3,0,68,6,22,5,3,3,0,0,0,0,47,0,7,0,0,4,0,0,4,0,17,0,0,0,0,0,0,0,0,0,0,0,0,0,0,0,0,0,0,0,0,47,154,38,52,35,20,4,18,5,381
11103122926,core,0,0,0,3,0,0,0,3,0,10,0,9,4,18,7,6,0,0,0,43,12,30,11,9,6,4,3,3,0,78,11,25,8,6,9,3,0,0,3,54,0,20,0,5,7,0,0,0,0,28,7,14,0,0,3,5,0,0,0,35,0,6,0,0,0,0,0,0,0,8,0,0,0,0,0,0,0,0,0,0,0,0,0,0,0,0,0,0,0,0,32,106,17,40,30,17,6,16,0,256
11103122927,core,0,0,4,0,0,0,0,0,0,7,0,4,3,19,6,3,0,0,0,30,11,35,5,9,9,7,0,7,0,71,9,17,3,3,3,0,0,0,0,39,3,12,4,3,4,4,0,0,0,37,9,12,3,5,5,4,0,3,0,45,9,5,0,0,3,3,0,0,0,20,0,0,0,0,0,0,0,0,0,5,0,0,0,0,0,0,0,0,0,0,39,92,17,33,32,22,8,9,6,252
11103122928,core,0,0,0,0,0,0,0,0,0,0,5,6,4,3,4,0,0,0,0,21,10,29,6,4,11,4,0,0,0,63,10,22,5,0,5,3,0,0,0,48,5,19,0,3,0,0,3,0,0,38,7,14,0,6,7,0,0,0,0,40,4,3,0,0,0,0,0,0,0,8,5,0,0,0,0,0,0,0,0,5,0,0,0,0,0,0,0,0,0,0,40,92,23,24,21,7,5,3,0,212
11103122929,core,0,0,0,0,0,0,0,0,0,0,3,3,3,9,0,4,0,0,0,27,10,36,9,16,6,0,5,3,0,80,7,23,0,0,10,0,0,5,0,40,12,0,0,0,0,0,0,3,0,24,9,12,0,4,9,0,3,0,0,35,7,0,3,0,3,0,0,0,0,13,0,3,0,0,0,0,0,0,0,3,0,0,0,0,0,0,0,0,0,0,41,79,17,28,30,9,10,10,0,219
11103122930,core,0,0,0,3,0,0,0,0,0,3,0,4,4,7,3,0,0,0,0,23,11,54,11,12,5,9,4,3,0,105,14,27,3,0,0,0,0,0,0,57,15,10,7,0,10,4,3,4,0,46,15,15,6,4,7,0,0,0,0,45,4,5,4,0,0,0,0,0,0,17,0,9,0,0,0,0,0,0,0,11,0,0,0,0,0,0,0,0,0,0,61,120,28,31,28,17,5,5,0,296
11103122931,core,0,0,0,8,0,6,0,0,0,8,3,8,8,10,8,7,0,0,0,42,21,52,5,14,4,16,3,8,0,116,7,21,11,3,3,3,0,0,5,53,8,17,4,0,8,0,3,0,0,42,10,16,4,3,11,3,3,0,0,43,0,3,0,0,3,0,0,0,0,6,0,0,0,0,0,0,0,0,0,0,0,0,0,0,0,0,0,0,0,0,54,110,27,31,30,32,15,9,0,312
11103122932,core,0,0,0,3,0,0,0,0,0,3,0,5,0,13,0,4,0,5,0,28,20,55,16,9,11,7,4,3,0,121,7,30,4,4,9,5,3,0,0,55,8,18,5,4,5,0,0,0,0,39,9,9,3,4,10,0,0,0,0,34,0,11,0,0,0,0,0,0,0,17,3,0,0,0,0,0,0,0,0,3,0,0,0,0,0,0,0,0,0,0,44,127,24,32,35,15,6,7,5,300
11103123001,core,0,0,0,0,0,0,0,0,0,0,0,0,0,0,0,0,0,0,0,0,0,0,0,0,0,0,0,0,0,4,4,0,0,0,0,0,0,0,0,6,0,0,0,0,0,0,0,0,0,3,0,0,0,0,0,0,0,0,0,0,0,0,0,0,0,0,0,0,0,0,0,0,0,0,0,0,0,0,0,0,0,0,0,0,0,0,0,0,0,0,4,0,4,0,0,0,0,0,0,16
11103123101,core,0,0,8,4,0,7,0,3,0,18,3,4,4,15,3,4,3,10,0,46,8,27,11,12,10,10,9,9,0,86,0,14,8,5,4,0,5,3,0,37,0,3,3,0,3,0,0,5,0,21,0,0,4,0,0,0,4,3,0,12,0,0,0,0,0,0,0,0,0,0,0,0,0,0,0,0,0,0,0,0,0,0,0,0,0,0,0,0,0,0,14,50,27,37,17,20,19,35,0,224
11103123102,core,0,0,6,0,0,3,0,3,0,14,0,5,13,7,6,6,0,5,3,49,4,13,10,11,14,5,3,6,0,69,0,7,6,10,6,4,0,4,0,45,0,4,0,4,5,0,0,0,0,17,0,3,6,8,4,8,7,4,0,29,0,0,0,0,0,0,0,0,0,0,0,0,0,0,0,0,0,0,0,0,0,0,0,0,0,0,0,0,0,0,14,38,35,44,30,28,10,23,0,222
11103123103,core,0,0,0,5,0,4,0,3,0,12,4,10,7,10,0,11,6,9,0,57,5,25,11,15,8,8,10,6,3,93,0,3,6,5,0,0,0,3,0,24,0,0,4,0,0,5,3,9,0,21,3,0,4,3,3,0,0,0,0,18,0,0,0,0,0,0,0,0,0,0,0,0,0,0,0,0,0,0,0,0,0,0,0,0,0,0,0,0,0,0,17,42,25,38,16,29,17,30,8,230
11103123104,core,0,0,3,10,3,21,0,5,0,44,0,17,8,34,8,21,10,5,0,102,6,45,22,14,7,7,3,3,0,124,5,14,7,9,0,6,0,7,0,45,7,10,4,4,0,0,6,4,0,45,0,6,5,6,9,5,0,5,0,30,0,0,0,0,0,0,0,0,0,0,0,0,0,0,0,0,0,0,0,0,0,0,0,0,0,0,0,0,0,0,24,90,53,74,34,57,22,36,3,383
11103123105,core,0,0,0,0,0,0,0,0,0,0,0,0,0,0,0,0,0,0,0,0,0,5,3,0,0,3,0,8,0,18,0,4,0,0,3,0,0,0,0,13,0,0,0,0,0,0,0,4,0,8,0,0,0,3,0,0,0,0,0,0,0,0,0,0,0,0,0,0,0,0,0,0,0,0,0,0,0,0,0,0,0,0,0,0,0,0,0,0,0,0,0,8,10,5,5,8,6,7,0,52
11103123106,core,0,0,0,0,0,0,0,0,0,0,0,0,0,0,0,0,0,0,0,0,0,0,0,0,0,0,0,0,0,0,0,0,0,0,0,0,0,0,0,0,0,0,0,0,0,0,0,0,0,3,3,0,0,0,0,0,0,0,0,8,0,0,0,0,5,0,0,0,0,4,0,0,0,0,0,0,0,0,0,0,0,0,0,0,0,0,0,0,0,0,5,0,0,0,5,0,4,0,0,20
11103123107,core,0,0,3,0,0,0,0,0,0,7,0,0,0,0,0,0,0,0,0,0,0,0,0,0,0,3,0,0,0,10,0,0,0,0,0,0,0,0,0,4,0,0,0,0,0,0,0,0,0,9,0,0,0,0,0,0,0,3,0,10,0,0,0,0,0,0,0,0,0,0,0,0,0,0,0,0,0,0,0,0,0,0,0,0,0,0,0,0,0,0,0,0,9,6,4,3,5,9,0,36
11103123108,core,0,0,6,4,0,3,0,0,0,12,0,0,5,4,0,12,4,3,0,23,6,18,11,13,18,5,6,6,0,88,4,9,11,7,4,0,7,5,0,45,0,8,5,4,5,7,5,10,0,48,0,3,6,9,4,0,4,3,0,30,0,4,0,0,0,0,0,0,0,3,0,0,0,0,0,0,0,0,0,0,0,0,0,0,0,0,0,0,0,0,18,43,41,40,29,23,26,28,0,253
11103123109,core,0,0,0,5,0,3,3,0,0,17,0,6,7,8,5,6,0,0,0,37,3,32,23,11,13,10,0,6,0,102,5,6,13,4,5,5,11,7,0,65,0,11,4,8,12,0,3,7,0,43,4,8,12,5,3,4,10,3,0,42,0,0,3,0,0,0,0,0,0,4,0,0,0,0,0,0,0,0,0,0,0,0,0,0,0,0,0,0,0,0,13,62,57,36,47,24,32,29,5,320
11103123110,core,0,0,0,3,0,6,0,3,0,14,3,12,11,12,4,12,4,11,0,72,0,26,17,16,5,11,4,4,0,85,3,9,9,8,3,6,4,3,0,48,0,3,3,3,9,0,5,7,0,28,0,3,0,8,0,0,0,0,0,12,0,0,0,4,0,0,0,0,0,10,0,0,0,0,0,0,0,0,0,3,0,0,0,0,0,0,0,0,0,0,13,47,45,50,29,39,18,32,0,263
11103123111,core,0,0,0,0,0,3,0,0,0,9,4,5,5,5,4,0,5,9,0,31,4,21,20,13,8,4,11,4,0,80,3,10,3,0,5,3,0,4,0,29,3,7,5,5,8,5,5,8,0,43,4,6,3,3,0,0,3,0,0,29,0,0,0,0,0,0,0,4,0,9,0,0,0,0,0,0,0,0,0,0,0,0,0,0,0,0,0,0,0,0,15,48,32,41,31,19,30,27,0,237
11103123112,core,0,0,0,0,0,0,0,0,0,0,0,0,0,0,0,0,0,0,0,0,0,0,0,0,0,0,0,0,0,0,0,0,0,0,0,0,0,0,0,0,0,0,0,0,0,0,0,0,0,0,0,0,0,0,0,0,0,0,0,0,0,0,0,0,0,0,0,0,0,0,0,0,0,0,0,0,0,0,0,0,0,0,0,0,0,0,0,0,0,0,0,0,0,0,0,0,0,0,0,0
11103123113,core,0,0,0,5,0,4,0,0,0,13,0,9,8,20,0,17,8,4,0,70,11,39,12,14,14,17,8,0,0,114,5,16,11,6,5,4,9,3,0,64,5,0,0,9,3,5,4,0,0,23,0,3,9,7,5,0,5,10,0,39,0,0,0,0,0,0,0,4,0,4,0,0,0,0,0,0,0,0,0,0,0,0,0,0,0,0,0,0,0,0,22,66,41,59,32,42,25,24,4,318
11103123114,core,0,0,0,9,3,9,0,4,0,28,6,5,13,27,6,20,5,16,0,103,0,40,22,17,4,0,14,13,0,115,5,9,12,6,3,6,8,8,0,59,0,5,4,4,0,0,0,9,3,40,5,5,5,0,5,0,6,7,0,28,0,0,0,0,0,0,0,0,0,3,0,0,0,0,0,0,0,0,0,0,0,0,0,0,0,0,0,0,0,0,22,67,63,62,25,37,32,59,8,375
11103123115,core,0,0,0,0,0,0,0,0,0,0,0,3,4,8,5,3,0,4,0,34,7,21,14,16,17,7,0,9,4,79,0,5,7,4,3,5,5,10,0,30,5,3,3,3,0,0,0,7,0,23,5,7,3,6,6,3,0,4,0,35,0,0,0,0,0,0,0,0,0,3,0,0,0,0,0,0,0,0,0,0,0,0,0,0,0,0,0,0,0,0,11,41,30,36,29,16,12,37,3,209
11103123116,core,0,0,4,5,0,3,0,3,0,16,0,7,3,14,0,7,0,6,0,38,5,19,13,10,4,6,8,0,0,64,4,16,15,0,11,7,3,3,0,50,8,6,8,11,3,0,0,10,0,40,0,7,4,3,3,0,3,0,6,28,0,3,0,0,0,0,0,0,0,5,0,0,0,0,0,0,0,0,0,0,0,0,0,0,0,0,0,0,0,0,8,49,38,41,32,24,13,26,6,245
11103123117,core,0,0,0,0,0,0,0,0,0,4,0,0,0,0,3,3,0,0,0,19,0,10,8,3,3,5,3,3,0,38,0,0,0,0,0,0,0,0,4,10,0,0,0,4,0,0,0,0,0,8,0,0,3,5,4,0,4,0,0,18,0,0,0,0,0,0,0,0,0,0,0,0,0,0,0,0,0,0,0,0,0,0,0,0,0,0,0,0,0,0,4,16,22,18,12,9,11,12,5,105
11103123118,core,0,0,0,0,0,3,0,0,0,3,5,0,0,5,4,4,0,0,0,16,3,13,6,9,7,6,4,3,0,39,3,3,0,0,0,4,0,0,0,11,0,4,0,0,0,0,0,0,0,10,0,5,0,0,0,0,3,3,0,15,0,0,0,0,0,0,0,0,0,0,0,0,0,0,0,0,0,0,0,0,0,0,0,0,0,0,0,0,0,0,12,24,4,11,8,13,8,18,0,94
11103123119,core,0,3,0,5,0,0,0,3,0,15,3,0,5,18,3,9,0,3,0,45,4,25,10,15,6,6,7,9,0,78,3,14,9,13,9,4,3,7,0,52,0,0,0,0,3,0,4,5,0,21,0,0,3,8,0,0,0,8,0,21,0,0,0,0,0,0,0,0,0,0,0,0,0,0,0,0,0,0,0,0,0,0,0,0,0,0,0,0,0,0,10,48,32,53,20,18,12,32,4,220
11103123120,core,0,0,0,0,0,0,0,0,0,4,0,0,5,4,4,3,3,0,0,25,4,11,13,8,3,8,0,4,5,51,4,6,7,3,3,5,0,3,0,26,0,0,0,0,0,0,0,0,0,12,0,3,0,0,0,0,0,6,0,7,0,0,0,0,0,0,0,0,0,0,0,0,0,0,0,0,0,0,0,0,0,0,0,0,0,0,0,0,0,0,9,22,24,19,11,16,3,9,5,121
11103123121,core,0,0,4,4,0,0,0,0,0,8,4,3,8,9,3,4,0,3,0,33,5,14,7,10,3,8,15,6,0,58,0,4,6,3,0,0,3,0,0,25,5,0,0,4,0,0,3,5,0,18,0,0,3,0,0,0,4,0,0,13,0,3,0,0,0,0,0,0,0,5,0,0,0,0,0,0,0,0,0,0,0,0,0,0,0,0,0,0,0,0,9,35,19,33,14,7,17,17,0,151
11103123122,core,0,0,0,0,0,3,0,6,0,9,0,9,8,11,3,11,0,3,0,49,4,20,3,10,9,9,4,5,0,68,0,9,4,5,5,0,9,5,0,39,3,9,9,8,0,0,4,4,0,31,0,0,7,4,3,0,0,3,0,24,0,0,0,0,0,0,0,0,0,3,0,0,0,0,0,0,0,0,0,0,0,0,0,0,0,0,0,0,0,0,20,51,27,36,23,23,14,24,3,225
11103123123,core,0,0,0,7,0,10,0,3,0,21,0,0,4,13,6,13,0,8,0,49,4,24,6,4,5,13,12,3,6,70,3,11,14,4,0,6,7,8,0,49,3,10,3,3,9,0,5,6,0,40,0,3,3,3,0,0,0,4,0,27,0,0,0,0,0,0,0,0,0,3,0,0,0,0,0,0,0,0,0,0,0,0,0,0,0,0,0,0,0,0,17,44,34,42,19,37,31,37,6,270
11103123124,core,0,0,5,13,3,12,5,7,0,38,8,22,10,25,5,20,14,15,0,117,3,38,11,18,4,14,3,14,0,100,4,20,8,4,11,5,6,4,0,53,0,9,4,0,3,0,4,3,0,24,6,4,0,3,5,0,0,0,0,13,0,0,0,0,0,0,0,0,0,0,0,0,0,0,0,0,0,0,0,0,0,0,0,0,0,0,0,0,0,0,17,87,38,65,25,51,28,43,4,353
11103123125,core,0,20,0,72,17,63,4,27,0,210,0,29,7,76,19,78,10,41,7,270,0,0,0,3,0,3,0,0,0,9,0,0,0,0,0,0,0,0,0,0,0,0,0,0,0,0,0,0,0,0,0,0,0,0,0,0,0,0,0,0,0,0,0,0,0,0,0,0,0,0,0,0,0,0,0,0,0,0,0,0,0,0,0,0,0,0,0,0,0,0,8,52,5,154,40,143,17,67,7,493
11103123126,core,0,0,0,0,0,5,0,0,0,8,0,0,9,8,3,6,4,9,0,40,5,6,3,14,5,7,0,3,0,49,0,0,0,0,3,0,0,6,0,15,0,0,0,0,0,0,0,3,0,18,0,0,0,0,4,0,4,0,0,12,0,0,0,0,0,0,0,0,0,0,0,0,0,0,0,0,0,0,0,0,0,0,0,0,0,0,0,0,0,0,7,21,11,22,11,22,17,19,0,131
11103123201,core,0,0,4,3,0,3,0,3,0,17,0,0,3,0,0,0,0,0,0,12,0,10,3,6,0,5,0,0,0,31,6,12,0,3,6,3,3,6,0,47,5,5,9,4,8,0,3,0,0,34,6,15,3,3,10,4,4,5,0,40,5,4,0,0,0,0,0,4,0,9,0,5,0,0,0,0,0,0,0,5,0,0,0,0,0,0,0,0,0,0,22,46,24,25,26,17,10,23,7,201
11103123202,core,4,0,3,5,0,5,0,0,0,12,0,0,0,5,0,0,0,0,0,8,0,9,14,15,3,0,4,8,4,53,3,21,7,6,5,0,5,0,4,46,5,12,4,3,6,0,8,4,0,41,4,4,8,5,0,0,0,0,0,29,0,3,0,0,0,0,0,0,0,6,0,0,0,0,0,0,0,0,0,0,0,0,0,0,0,0,0,0,0,0,16,47,36,38,14,10,11,16,5,196
11103123203,core,0,0,0,6,0,3,0,0,0,13,0,0,0,0,0,4,0,0,0,8,0,11,0,8,3,0,4,0,0,24,5,3,4,6,0,0,0,0,0,23,5,13,9,0,13,0,0,0,0,39,4,16,3,9,9,0,0,0,0,42,6,0,0,0,0,0,0,0,0,8,0,0,0,0,0,0,0,0,0,0,0,0,0,0,0,0,0,0,0,0,20,45,19,22,25,16,10,12,0,162
11103123204,core,0,0,0,4,0,0,0,3,0,14,0,0,6,0,0,8,0,0,0,26,5,8,4,5,3,3,0,4,0,25,3,9,6,3,5,0,7,4,0,37,0,5,9,4,4,0,0,6,0,36,3,8,7,0,4,3,5,0,0,33,0,0,0,0,3,0,0,0,0,9,0,0,0,0,0,0,0,0,0,0,0,0,0,0,0,0,0,0,0,0,23,34,35,28,22,6,11,18,6,181
11103123205,core,0,0,3,0,0,10,0,6,0,21,0,3,0,0,0,4,0,0,0,10,4,12,9,3,3,0,6,0,0,42,5,4,0,4,10,0,0,5,0,29,6,3,7,8,7,4,4,12,0,54,9,18,6,0,4,0,0,5,0,38,0,3,0,5,0,0,3,5,0,16,0,0,0,0,0,0,0,0,0,0,0,0,0,0,0,0,0,0,0,0,25,45,27,26,24,19,13,31,0,213
11103123206,core,0,0,0,0,0,0,0,3,0,8,0,3,3,0,0,0,0,0,0,11,0,10,3,0,0,0,0,0,3,27,3,20,3,7,0,0,0,3,0,37,3,3,6,0,10,3,5,3,0,40,3,3,6,7,5,0,6,9,0,39,0,4,0,0,0,0,0,0,0,7,0,0,0,0,0,0,0,0,0,0,0,0,0,0,0,0,0,0,0,0,11,37,25,15,22,10,12,16,0,151
11103123207,core,0,0,4,9,0,6,0,8,0,29,0,0,3,3,0,5,0,4,0,22,0,7,9,5,9,0,0,0,0,37,11,18,6,3,5,0,0,0,0,53,10,15,6,4,10,0,0,4,0,57,5,13,7,5,11,5,6,4,0,55,0,3,3,0,0,0,0,0,0,12,0,0,0,0,0,0,0,0,0,0,0,0,0,0,0,0,0,0,0,0,32,66,47,31,33,22,10,20,0,254
11103123208,core,0,0,0,6,5,0,0,6,0,10,0,0,6,3,0,3,0,0,0,17,3,6,4,0,0,0,0,0,0,18,7,6,9,0,4,6,3,0,0,27,7,7,12,5,3,3,0,0,5,43,5,12,11,4,0,0,0,5,0,39,0,0,0,0,0,0,0,0,0,8,0,0,0,0,0,0,0,0,0,0,0,0,0,0,0,0,0,0,0,0,20,33,30,21,12,10,13,10,4,158
11103123209,core,0,0,0,0,0,5,0,0,0,12,0,6,3,3,0,0,0,0,0,13,0,13,8,4,8,0,0,0,0,41,4,9,7,6,3,0,9,0,0,40,9,11,7,8,7,3,3,0,0,51,5,11,11,4,4,0,5,8,0,40,0,0,0,0,3,0,0,0,0,7,0,0,0,0,0,0,0,0,0,0,0,0,0,0,0,0,0,0,0,0,22,50,34,25,27,13,25,9,4,214
11103123210,core,0,0,0,0,0,0,0,0,0,4,0,0,0,0,0,0,0,0,0,8,0,0,0,0,0,0,0,3,0,15,0,4,3,0,0,0,0,0,0,13,0,5,4,3,4,0,0,0,0,12,5,0,0,0,0,0,0,0,0,6,0,0,0,0,0,0,0,0,0,0,0,0,0,0,0,0,0,0,0,0,0,0,0,0,0,0,0,0,0,0,12,11,9,11,9,3,0,3,3,50
11103123211,core,0,0,0,0,0,0,0,0,0,0,0,0,0,0,0,0,0,0,0,0,0,0,0,0,0,0,0,0,0,0,0,0,0,0,0,0,0,0,0,0,0,0,0,0,0,0,0,0,0,5,0,0,0,0,0,0,0,0,0,0,0,0,0,0,0,0,0,0,0,0,0,0,0,0,0,0,0,0,0,0,0,0,0,0,0,0,0,0,0,0,0,0,0,0,0,0,0,0,0,3
11103123213,core,0,0,0,0,0,0,0,0,0,0,0,0,0,0,0,0,0,0,0,0,0,0,0,0,0,0,0,0,0,4,0,0,0,0,0,0,0,0,0,0,0,0,0,0,0,0,5,4,0,7,0,5,6,6,7,0,4,5,0,34,0,5,0,0,0,0,5,0,0,17,0,0,0,0,0,0,0,0,0,5,0,0,0,0,0,0,0,0,0,0,4,6,7,8,8,5,15,13,0,72
11103123216,core,0,0,0,0,0,0,0,0,0,0,0,0,0,0,0,0,0,0,0,0,0,0,0,0,0,0,0,0,0,0,0,0,0,0,0,0,0,0,0,0,0,0,0,0,0,0,0,0,0,0,0,0,0,0,0,0,0,0,0,0,0,0,0,0,0,0,0,0,0,0,0,0,0,0,0,0,0,0,0,0,0,0,0,0,0,0,0,0,0,0,0,0,0,0,0,0,0,0,0,0
11103123217,core,0,0,0,0,0,0,0,0,0,0,0,0,0,0,0,0,0,0,0,0,0,0,0,0,0,0,0,0,0,0,0,0,0,0,0,0,0,0,0,0,0,0,0,0,0,0,0,0,0,4,0,0,3,0,0,0,0,0,0,7,0,0,0,0,0,3,0,4,0,6,0,0,0,0,0,0,0,0,0,0,0,0,0,0,0,0,0,0,0,0,0,0,5,0,0,3,4,0,0,22
11103123218,core,0,4,0,3,0,7,0,4,0,15,0,5,0,4,0,0,0,0,0,12,4,21,9,11,4,5,0,0,0,61,16,30,12,14,12,0,0,0,0,79,4,17,13,0,7,3,0,0,0,47,3,4,0,3,0,0,3,0,0,22,0,7,0,0,0,0,0,0,0,7,0,0,0,0,0,0,0,0,0,0,0,0,0,0,0,0,0,0,0,0,32,73,33,32,30,17,11,10,0,245
11103123219,core,0,0,0,4,0,4,0,0,0,10,3,3,10,10,8,0,0,6,0,36,19,32,26,20,14,4,3,3,3,122,15,27,25,3,18,6,7,4,3,107,3,11,4,6,7,0,0,3,0,36,9,3,0,3,3,0,0,8,0,29,0,3,0,0,0,0,0,0,0,3,0,0,0,0,0,0,0,0,0,0,0,0,0,0,0,0,0,0,0,0,40,86,58,42,51,15,14,22,6,344
11103123220,core,0,0,4,3,0,13,0,10,0,34,0,3,5,12,5,4,0,6,0,33,7,17,13,8,3,3,4,5,0,62,30,42,20,22,22,8,6,3,0,153,15,34,10,13,13,0,6,3,4,102,9,24,13,0,5,5,5,0,0,52,3,4,0,0,0,0,0,0,0,5,0,0,0,0,0,0,0,0,0,0,0,0,0,0,0,0,0,0,0,0,62,130,62,63,48,39,14,26,6,450
11103123221,core,0,0,0,0,0,0,0,0,0,0,0,0,0,0,0,0,0,0,0,0,0,0,0,0,0,0,0,0,0,0,0,0,0,0,0,0,0,0,0,4,0,0,0,0,4,0,0,0,0,4,3,0,0,0,0,0,0,0,0,10,0,0,0,0,5,0,0,0,0,6,0,0,0,0,0,0,0,0,0,0,0,0,0,0,0,0,0,0,0,0,3,3,0,0,10,0,3,3,0,25
11103123222,core,0,0,3,0,0,4,0,7,0,11,0,0,0,0,0,0,0,0,0,8,0,5,3,0,0,3,0,5,0,19,4,4,4,3,3,0,0,4,0,21,7,11,3,3,0,0,0,0,0,33,5,7,4,5,5,0,0,7,0,31,6,5,0,0,0,0,3,0,0,12,0,0,0,0,0,0,0,0,0,0,0,0,0,0,0,0,0,0,0,0,19,28,22,16,13,14,8,23,0,143
11103123223,core,0,0,0,0,4,0,0,3,0,10,0,0,3,5,0,4,0,4,0,17,11,25,15,8,14,3,8,3,0,77,10,23,15,9,11,3,12,4,0,87,9,9,4,3,5,0,0,0,0,40,8,8,5,7,0,0,0,7,0,29,0,0,0,0,0,0,0,0,0,8,0,0,0,0,0,0,0,0,0,0,0,0,0,0,0,0,0,0,0,0,40,66,30,27,40,11,23,21,3,264
11103123224,core,0,0,0,4,0,3,0,3,0,12,0,0,3,6,0,0,0,5,0,13,3,5,8,6,7,0,4,5,0,43,10,9,7,4,7,0,4,8,3,37,4,4,3,9,6,3,0,0,0,30,0,4,5,7,3,5,7,9,0,41,0,0,4,0,0,0,3,0,0,9,0,0,0,0,0,0,0,0,0,3,0,0,0,0,0,0,0,0,0,0,19,23,36,32,17,18,10,18,3,179
11103123301,core,0,0,0,0,0,3,0,0,0,4,0,0,3,5,4,6,0,4,0,31,8,19,20,15,6,4,3,4,0,84,0,12,9,7,0,0,0,5,0,30,0,7,4,0,4,0,6,8,0,29,0,0,9,6,4,0,3,0,0,26,0,0,0,0,0,0,0,4,0,6,0,0,0,0,0,0,0,0,0,0,0,0,0,0,0,0,0,0,4,4,15,40,44,35,19,13,12,28,3,206
11103123302,core,0,0,3,0,0,8,0,0,0,11,0,6,0,8,3,3,3,10,0,31,4,27,12,13,5,8,6,3,0,69,6,9,6,5,5,0,5,6,0,41,5,9,3,3,9,0,3,4,0,34,0,7,0,5,0,0,0,0,0,13,0,0,0,5,0,0,0,0,0,9,0,0,0,0,0,0,0,0,0,0,0,0,0,0,0,0,0,0,0,0,18,60,24,33,24,16,13,22,0,219
11103123303,core,0,0,7,0,0,3,0,3,0,16,0,0,0,9,0,12,3,0,0,30,5,13,10,8,4,4,3,4,0,65,5,12,6,3,5,4,6,3,0,43,9,9,9,6,8,6,9,3,0,50,0,12,0,5,4,0,5,3,0,39,0,5,0,4,0,0,0,0,0,3,0,0,0,0,0,0,0,0,0,0,0,0,0,0,0,0,0,0,0,0,17,53,30,39,29,22,26,28,3,249
11103123304,core,0,0,6,4,0,11,0,6,0,29,3,12,6,13,0,6,9,8,0,57,4,34,12,11,13,5,3,3,0,83,10,33,7,9,5,3,8,5,0,78,3,16,11,4,7,0,12,9,0,58,3,9,7,6,10,0,3,4,3,46,3,3,0,0,3,0,0,4,0,11,0,0,0,0,3,0,0,0,0,3,0,0,0,0,0,0,0,0,0,0,30,97,40,48,46,33,28,34,8,364
11103123305,core,0,0,3,0,0,8,0,0,0,9,0,8,9,6,6,3,0,5,0,34,10,23,21,3,5,7,5,6,5,81,9,14,5,4,18,3,3,9,0,56,0,10,7,9,8,3,6,5,0,41,4,4,4,3,3,0,4,6,0,44,0,0,0,0,0,0,0,0,0,3,0,0,0,0,0,0,0,0,0,0,0,0,0,0,0,0,0,0,0,0,21,52,47,35,34,26,25,24,6,269
11103123306,core,0,0,0,0,0,0,0,0,0,0,0,0,0,6,8,4,0,3,0,19,9,18,13,6,11,3,5,0,0,56,0,4,8,3,0,0,0,6,0,26,5,8,4,10,6,3,4,3,0,33,0,0,6,4,5,0,5,4,0,17,0,4,0,0,0,0,0,3,0,10,0,0,0,0,0,0,0,0,0,0,0,0,0,0,0,0,0,0,0,0,15,33,30,24,18,15,13,22,0,162
11103123307,core,0,0,0,0,0,0,0,0,0,0,0,0,0,3,0,0,0,0,0,5,0,0,0,0,3,4,0,4,0,13,0,5,5,0,0,0,0,0,0,9,6,0,0,0,0,0,0,0,0,6,0,0,0,4,3,0,0,0,0,11,0,0,0,0,0,0,0,0,0,0,0,0,0,0,0,0,0,0,0,5,0,0,0,0,0,0,0,0,0,0,10,8,4,3,10,7,4,4,0,51
11103123308,core,0,0,0,0,0,0,0,0,0,0,0,0,0,0,0,0,0,0,0,0,0,0,0,0,0,0,0,0,0,0,0,0,0,0,0,0,0,0,0,0,0,0,0,0,0,0,0,0,0,0,0,0,0,0,0,0,0,0,0,0,0,0,0,0,0,0,0,0,0,0,0,0,0,0,0,0,0,0,0,0,0,0,0,0,0,0,0,0,0,0,0,0,0,0,0,0,0,0,0,0
11103123309,core,0,0,0,0,0,0,0,0,0,5,0,0,9,9,0,3,0,7,0,26,0,11,7,4,9,4,4,5,0,41,5,5,6,6,3,0,4,5,0,30,0,3,6,5,6,0,3,0,0,30,3,6,6,10,10,4,8,4,0,48,0,0,0,0,4,0,4,0,0,9,0,0,0,0,0,0,0,0,0,0,0,0,0,0,0,0,0,0,0,0,14,27,31,34,24,16,19,20,4,185
11103123310,core,0,0,0,6,0,3,0,4,0,14,0,0,7,8,7,5,0,3,0,41,14,32,14,14,17,15,12,4,0,113,9,10,13,3,11,0,10,15,0,80,7,8,14,8,6,3,9,5,0,63,4,9,6,5,11,8,14,12,0,64,3,0,0,0,4,0,0,3,0,7,0,0,0,0,0,0,0,0,0,0,0,0,0,0,0,0,0,0,0,0,39,63,63,47,51,37,39,46,3,386
11103123311,core,0,0,0,0,0,0,0,0,0,0,0,0,0,0,0,0,0,0,0,0,0,0,0,0,0,0,0,0,0,0,0,0,0,0,0,0,0,0,0,0,0,0,0,0,0,0,0,0,0,0,0,0,0,0,0,0,0,0,0,0,0,0,0,0,0,0,0,0,0,0,0,0,0,0,0,0,0,0,0,0,0,0,0,0,0,0,0,0,0,0,0,0,0,0,0,0,0,0,0,0
11103123312,core,0,0,0,0,0,5,0,7,0,20,6,13,3,11,5,4,0,6,0,48,0,34,13,12,3,11,9,6,0,86,6,14,6,5,6,4,0,6,0,46,3,4,5,3,12,4,10,0,0,44,0,0,8,4,5,4,7,8,0,31,0,0,0,0,0,0,3,0,0,7,0,0,0,0,0,0,0,0,0,0,0,0,0,0,0,0,0,0,0,0,26,72,37,39,33,26,32,31,6,285
11103123313,core,0,0,0,0,0,0,0,0,0,6,0,3,4,8,0,0,0,4,0,16,5,16,5,4,0,4,5,9,4,51,0,10,5,0,5,0,0,4,3,22,3,3,0,0,0,0,0,4,0,15,0,0,0,3,0,0,0,3,0,10,0,0,0,0,0,0,0,0,0,3,0,0,0,0,0,0,0,0,0,0,0,0,0,0,0,0,0,0,0,0,7,32,12,18,8,3,7,20,7,121
11103123314,core,0,0,3,4,0,8,0,4,0,19,0,0,5,3,0,0,0,4,0,15,8,14,11,13,0,0,0,10,0,51,8,10,5,7,6,0,3,3,0,44,6,10,7,9,3,0,4,12,0,48,0,0,3,3,3,4,3,6,0,27,0,0,0,0,0,0,0,0,0,3,0,0,0,0,0,0,0,0,0,0,0,0,0,0,0,0,0,0,0,0,16,36,36,41,17,11,14,36,0,207
11103123315,core,0,0,0,4,0,7,0,5,0,15,0,9,4,5,5,5,0,6,0,34,0,20,4,8,3,3,0,6,0,49,9,16,0,6,7,3,5,4,0,50,3,11,3,0,3,3,0,8,0,36,0,7,4,3,3,0,3,3,0,31,0,0,0,0,3,0,0,0,0,8,0,0,0,0,0,0,0,0,0,0,0,0,0,0,0,0,0,0,0,0,11,63,28,27,23,21,13,31,3,224
11103123316,core,0,0,0,9,0,6,0,4,0,26,0,3,0,13,6,5,3,3,0,33,6,22,6,3,7,0,3,5,0,52,3,20,5,7,13,9,4,0,0,59,10,17,11,5,13,6,0,0,3,57,9,11,7,3,5,0,3,0,0,32,0,3,0,0,7,3,5,0,0,13,0,0,0,0,0,0,0,0,0,0,0,0,0,0,0,0,0,0,0,0,27,76,36,41,39,24,15,22,5,281
11103123317,core,0,0,6,0,4,4,0,5,0,14,0,9,3,9,5,7,0,3,0,40,4,23,21,18,4,4,9,4,5,85,0,6,8,11,3,0,8,5,4,44,0,4,0,7,0,0,0,3,0,15,0,9,0,0,3,0,3,0,0,13,0,0,0,0,0,0,0,0,0,5,0,0,0,0,0,0,0,0,0,0,0,0,0,0,0,0,0,0,0,0,6,51,34,51,20,20,16,20,5,221
11103123318,core,0,0,0,0,0,0,0,3,0,3,0,0,3,7,0,0,0,0,0,20,4,16,6,7,0,4,5,0,0,43,4,4,0,3,0,0,0,3,0,29,5,0,0,6,6,0,0,3,0,10,0,10,4,0,3,0,4,0,0,26,0,3,0,0,0,0,0,0,0,3,0,0,0,0,0,0,0,0,0,0,0,0,0,0,0,0,0,0,0,0,11,33,19,23,10,6,10,12,0,126
11103123319,core,0,0,7,5,0,20,0,3,0,36,3,0,5,0,3,6,0,5,0,23,3,17,13,8,10,0,3,3,0,65,12,25,16,7,3,0,3,0,0,78,12,25,10,8,8,6,5,7,0,76,8,15,7,4,5,0,0,11,0,51,0,0,0,3,0,0,0,0,0,13,0,0,0,0,0,0,0,0,0,0,0,0,0,0,0,0,0,0,0,0,38,91,54,38,31,36,19,29,0,335
11103123320,core,0,0,0,0,0,7,3,3,0,17,0,9,0,3,5,5,4,4,0,35,7,22,10,10,6,0,6,4,3,71,8,13,3,5,10,0,0,0,0,43,8,17,0,7,6,3,4,0,0,49,4,3,0,3,0,0,0,10,0,22,0,5,3,0,0,0,0,6,0,16,0,0,0,0,0,0,0,0,0,0,0,0,0,0,0,0,0,0,0,0,29,67,26,29,29,22,14,28,6,249
11103123321,core,0,0,3,0,0,4,0,3,0,10,0,3,4,4,0,3,0,4,0,21,6,27,15,6,5,3,3,3,0,69,4,23,16,9,7,4,3,0,0,78,5,12,6,5,5,4,3,3,0,49,4,15,8,12,11,4,10,3,0,61,0,0,0,0,0,0,0,0,0,6,0,0,0,0,0,0,0,0,0,0,0,0,0,0,0,0,0,0,0,0,24,74,50,44,33,29,18,25,6,289
11103123322,core,0,0,0,0,0,8,0,5,0,16,0,8,6,3,0,4,0,5,0,28,7,18,15,5,10,4,3,5,0,62,6,9,11,4,11,6,0,4,0,47,0,6,11,5,7,0,9,9,0,41,4,0,0,4,8,0,3,3,0,21,0,0,3,5,0,0,0,3,0,12,0,0,0,0,0,0,0,0,0,0,0,0,0,0,0,0,0,0,0,0,15,39,51,24,30,17,19,23,5,222
11103123323,core,0,0,0,0,0,5,0,5,0,7,0,0,3,8,0,0,0,5,0,11,3,16,8,12,0,0,5,4,0,48,4,12,6,5,0,0,0,4,0,34,3,7,7,4,5,0,4,3,0,37,0,0,0,5,5,4,3,0,0,18,0,0,0,0,0,0,0,0,0,6,0,0,0,0,0,0,0,0,0,0,0,0,0,0,0,0,0,0,0,0,16,38,24,38,12,15,13,20,3,174
11103123324,core,0,0,0,4,0,5,0,3,0,12,0,5,0,0,0,0,4,0,0,8,10,14,9,7,7,3,5,5,6,54,5,14,3,8,6,6,3,0,0,48,5,13,7,4,11,4,9,4,0,47,0,9,6,10,8,0,0,4,0,46,0,0,0,0,3,0,0,0,0,10,0,0,0,0,0,0,0,0,0,0,0,0,0,0,0,0,0,0,0,0,17,47,26,36,33,17,14,24,5,217
11103123325,core,0,0,0,4,0,3,0,4,0,11,0,5,3,5,4,3,0,3,0,25,7,14,3,10,7,4,3,4,0,55,10,30,9,7,5,0,0,0,0,57,7,13,3,3,8,4,0,4,0,48,3,12,0,3,5,0,3,3,3,31,0,3,0,0,4,0,0,0,0,13,0,0,0,0,0,0,0,0,0,4,0,0,0,0,0,0,0,0,0,0,31,78,28,30,42,15,15,16,3,250
11103123326,core,0,0,0,0,0,8,0,3,0,10,0,0,0,0,0,0,0,0,0,9,0,15,3,5,7,6,3,0,0,31,12,5,4,4,3,3,0,0,0,32,0,8,3,4,3,3,0,0,0,25,0,4,4,3,5,0,0,0,0,20,0,0,0,0,0,0,5,0,0,7,0,0,0,0,0,0,0,0,0,0,0,0,0,0,0,0,0,0,0,0,15,34,21,16,21,14,9,4,0,132
11103123327,core,0,0,0,0,0,8,0,7,0,23,0,8,4,5,5,0,0,0,0,28,9,23,8,8,10,3,6,0,0,67,7,36,8,3,9,0,8,6,0,76,5,10,6,9,16,0,3,6,0,60,5,11,4,11,4,0,0,0,0,32,0,5,0,0,0,0,0,0,0,4,0,0,0,0,0,0,0,0,0,0,0,0,0,0,0,0,0,0,0,0,21,92,33,36,46,19,20,21,0,291
11103123328,core,0,0,0,3,3,9,0,0,0,12,0,3,4,0,5,3,0,0,0,15,7,4,4,9,7,4,0,0,0,31,6,29,3,6,4,0,0,5,0,51,11,20,4,0,7,7,0,7,0,56,7,6,3,3,9,0,0,6,0,29,5,3,0,0,0,0,0,5,0,15,0,0,0,0,0,0,0,0,0,0,0,0,0,0,0,0,0,0,0,0,26,67,19,28,27,18,8,20,0,214
11103123329,core,0,0,0,0,0,11,0,4,0,23,0,3,0,0,0,5,0,0,0,16,0,4,4,0,4,0,0,0,0,17,10,20,3,3,5,5,0,0,0,43,7,25,5,6,7,6,0,4,0,54,18,18,5,5,7,4,3,0,0,55,4,5,0,0,0,0,0,3,0,15,0,0,0,0,0,0,0,0,0,0,0,0,0,0,0,0,0,0,0,0,33,70,21,14,27,23,7,13,0,222
11103123330,core,0,0,0,3,0,7,0,3,0,18,0,3,6,12,4,6,0,3,0,30,3,13,11,4,4,5,0,0,0,35,6,8,3,0,0,0,0,0,0,21,12,16,7,5,9,3,0,0,0,55,12,26,5,5,12,3,5,5,0,60,0,4,0,0,0,0,0,0,0,14,0,0,0,0,0,0,0,0,0,0,0,0,0,0,0,0,0,0,0,0,33,69,33,28,32,19,8,12,4,231
11103123331,core,0,0,3,0,0,4,0,4,0,18,0,9,8,4,4,7,0,0,0,30,9,27,3,0,8,8,0,0,0,53,9,31,8,5,11,0,0,4,0,62,4,14,0,4,6,3,4,5,0,33,3,3,6,4,0,0,0,0,0,18,4,0,4,3,3,0,0,0,0,7,0,0,0,0,0,0,0,0,0,0,0,0,0,0,0,0,0,0,0,0,26,77,27,20,22,24,13,15,0,222
11103123332,core,0,0,0,0,0,3,0,0,0,7,0,0,3,9,0,5,0,0,0,20,6,17,5,12,3,4,6,0,0,48,8,5,11,10,6,7,0,3,4,45,0,3,4,4,4,0,3,3,0,32,6,7,0,6,4,3,0,0,0,30,0,0,0,0,0,0,0,0,0,3,0,0,0,0,0,0,0,0,0,0,0,0,0,0,0,0,0,0,0,0,15,41,23,41,11,25,12,13,4,182
11103123333,core,0,0,0,0,0,5,0,5,0,13,0,3,0,3,5,4,0,0,0,23,5,12,9,0,4,0,3,0,0,42,8,10,9,0,8,0,6,0,3,49,3,11,0,0,6,0,3,0,0,25,0,3,0,4,6,0,4,0,3,19,3,0,0,0,0,0,0,0,0,10,0,0,0,0,0,0,0,0,0,0,0,0,0,0,0,0,0,0,0,0,26,43,23,16,37,14,10,9,3,177
11103123334,core,0,0,0,0,0,4,0,3,0,8,4,0,4,14,7,0,0,0,3,29,14,27,11,12,7,5,0,4,0,75,10,15,10,3,10,3,5,3,0,58,3,7,6,5,5,4,0,5,0,45,0,9,6,5,3,5,0,0,0,31,0,0,0,0,0,0,0,0,0,4,0,0,0,0,0,0,0,0,0,0,0,0,0,0,0,0,0,0,0,0,24,53,37,39,36,18,15,18,4,252
11103123335,core,0,0,0,0,0,3,0,0,0,11,0,5,4,0,0,3,3,4,0,22,6,8,15,13,8,9,8,11,0,69,0,17,3,11,8,5,8,0,0,48,4,0,6,10,5,0,4,4,0,40,0,0,7,3,3,0,0,3,0,21,0,0,0,0,0,0,0,0,0,4,0,0,0,0,0,0,0,0,0,0,0,0,0,0,0,0,0,0,0,0,14,35,34,37,25,24,20,28,4,214
11103123336,core,0,0,0,3,0,0,0,0,0,3,0,11,4,5,6,3,0,12,4,52,4,17,13,6,10,6,0,0,0,62,4,13,11,4,3,5,0,8,4,56,4,13,6,3,5,8,0,3,0,37,4,5,3,6,7,4,5,5,0,33,0,0,0,3,0,0,0,0,0,8,0,0,0,0,0,0,0,0,0,0,0,0,0,0,0,0,0,0,0,0,16,59,36,33,38,28,5,22,6,255
11103123337,core,0,0,0,0,0,6,0,3,0,12,0,4,4,10,3,5,0,7,0,35,8,32,11,8,7,5,0,5,0,78,5,19,16,12,9,5,3,0,0,67,8,11,9,0,8,0,5,3,0,46,3,10,0,3,9,3,0,3,0,40,0,0,0,0,0,5,4,3,0,13,0,0,0,0,0,0,0,0,0,0,0,0,0,0,0,0,0,0,0,0,26,67,46,39,41,31,12,30,3,297
11103123338,core,0,3,0,3,0,9,0,3,0,13,4,0,5,5,0,11,0,0,0,26,3,15,3,4,0,5,0,0,0,35,5,24,6,0,0,0,0,5,0,35,8,15,3,7,9,3,0,5,0,47,7,11,9,3,17,0,3,4,0,55,0,8,0,0,6,0,0,0,0,11,0,0,0,0,0,0,0,0,0,0,0,0,0,0,0,0,0,0,0,0,28,66,28,27,35,17,9,14,3,236
11103123339,core,0,0,0,3,0,0,0,0,3,9,7,6,7,9,0,4,0,4,0,35,3,16,11,11,6,8,4,6,0,66,7,13,6,9,0,5,0,5,0,50,0,7,0,9,6,0,0,0,0,19,0,0,0,0,4,0,0,0,0,14,0,0,0,0,0,0,0,0,0,5,0,0,0,0,0,0,0,0,0,0,0,0,0,0,0,0,0,0,0,0,17,47,21,37,18,19,11,18,3,195
11103123340,core,0,0,0,4,0,4,0,3,0,11,0,0,0,0,5,0,0,0,0,13,8,9,3,3,4,0,0,3,0,28,7,13,5,5,3,0,8,0,0,45,0,17,3,3,9,0,0,0,0,36,3,7,0,0,0,0,0,0,0,22,0,0,0,4,0,5,4,0,0,8,0,0,0,0,0,0,0,0,0,0,0,0,0,0,0,0,0,0,0,0,23,53,18,20,19,9,7,5,0,161
11103123341,core,0,0,7,6,0,3,0,3,0,20,5,7,8,13,8,4,0,4,0,41,3,13,13,11,8,3,0,7,0,72,5,15,12,0,0,6,0,9,0,46,11,14,13,14,11,4,3,3,4,69,10,8,5,3,6,6,0,9,0,43,0,0,0,0,0,0,0,4,0,6,0,0,0,0,0,0,0,0,0,0,0,0,0,0,0,0,0,0,0,0,30,57,50,42,37,26,13,38,0,304
11103123342,core,0,0,0,0,0,7,0,3,0,18,0,3,3,11,0,6,0,0,4,30,3,23,18,4,10,5,3,3,0,68,7,11,7,4,7,4,4,8,0,60,3,8,8,7,9,5,6,5,0,48,6,4,7,4,3,4,3,0,0,35,0,0,4,0,4,0,0,0,0,7,0,0,0,0,0,0,0,0,0,0,0,0,0,0,0,0,0,0,0,0,24,49,48,37,35,34,15,25,6,265
11103123343,core,0,0,0,0,0,3,0,6,0,8,0,0,4,8,5,5,0,0,0,17,6,26,16,11,9,8,6,3,0,81,9,14,11,3,8,3,6,0,3,54,3,8,5,3,10,0,4,8,0,35,5,0,4,0,11,0,3,0,3,26,0,5,0,0,0,0,0,0,0,7,0,0,0,0,0,0,0,0,0,4,0,0,0,0,0,0,0,0,0,0,21,53,39,29,34,17,18,26,4,235
11103123344,core,0,0,0,5,0,4,0,5,0,14,0,0,3,5,0,3,0,0,0,21,0,5,0,4,4,0,0,6,0,29,8,15,0,9,7,0,0,0,0,31,6,16,10,8,9,0,6,3,0,51,5,18,4,5,9,3,0,5,0,48,0,5,0,4,0,0,0,0,0,12,0,0,0,0,0,0,0,0,0,0,0,0,0,0,0,0,0,0,0,0,15,54,19,29,34,17,14,16,0,201
11103123401,core,0,0,0,0,0,7,0,0,0,10,0,0,0,9,3,0,0,0,0,20,5,12,5,5,4,0,0,3,0,48,8,20,3,3,3,0,6,6,6,52,13,13,8,5,5,6,3,3,0,52,0,4,4,0,6,6,3,3,0,26,0,0,0,0,0,0,0,0,0,4,0,0,0,0,0,0,0,0,0,0,0,0,0,0,0,0,0,0,0,0,30,52,29,24,21,17,13,14,4,205
11103123402,core,0,0,3,3,0,3,0,0,0,14,0,8,4,11,4,9,3,9,0,52,17,35,25,9,17,8,4,3,0,116,13,16,11,3,5,0,4,6,0,63,9,10,9,0,5,5,9,0,4,47,0,9,7,7,3,0,4,9,0,36,0,8,0,0,0,0,0,0,0,14,0,0,0,0,0,0,0,0,0,0,0,0,0,0,0,0,0,0,0,0,34,82,57,37,40,23,20,32,9,338
11103123403,core,3,0,0,0,0,6,0,8,0,24,4,11,13,15,5,5,0,9,0,64,6,19,7,12,5,9,3,11,0,66,9,24,11,8,5,3,0,0,0,60,8,9,4,15,4,3,0,3,0,51,4,3,8,10,5,0,0,3,0,28,0,0,0,5,0,0,0,3,0,8,0,0,0,0,0,0,0,0,0,3,0,0,0,0,0,0,0,0,0,0,25,71,42,61,29,28,16,33,0,306
11103123404,core,0,0,0,0,0,5,0,0,0,11,0,7,0,10,3,9,0,3,0,40,11,39,11,12,6,3,0,5,0,89,8,11,4,6,8,3,3,3,0,38,0,10,4,6,3,0,0,0,0,25,0,6,0,0,3,0,4,0,0,16,0,0,0,0,0,0,0,0,0,4,0,0,0,0,0,0,0,0,0,0,0,0,0,0,0,0,0,0,0,0,17,72,19,33,27,24,7,17,0,224
11103123405,core,0,0,0,0,0,0,0,3,0,6,0,0,9,9,3,3,3,0,0,27,0,10,6,5,0,0,0,0,0,29,11,11,5,7,6,0,0,3,0,45,0,8,5,0,6,0,3,0,0,29,7,4,0,3,4,0,0,0,0,25,0,0,0,0,0,0,3,0,0,8,0,0,0,0,0,0,0,0,0,0,0,0,0,0,0,0,0,0,0,0,18,42,21,30,22,12,15,12,4,168
11103123406,core,0,0,0,0,0,3,0,7,0,16,0,4,3,13,3,0,0,0,0,25,7,29,13,0,14,12,3,6,0,83,10,24,7,5,11,5,0,3,0,65,13,16,5,7,9,8,5,4,0,54,4,16,6,10,3,0,3,4,0,46,0,11,0,0,0,4,0,0,0,17,0,0,0,0,0,0,0,0,0,0,0,0,0,0,0,0,0,0,0,0,28,96,34,33,42,29,15,22,3,301
11103123407,core,3,0,0,0,3,5,0,6,0,14,0,6,8,16,7,7,3,4,0,52,8,31,5,13,5,3,8,6,0,86,7,19,7,4,6,3,0,3,0,54,8,15,10,11,16,3,0,7,0,68,4,9,0,4,3,0,5,5,0,37,0,0,5,0,0,0,0,0,0,6,0,0,0,0,0,0,0,0,0,0,0,0,0,0,0,0,0,0,0,0,32,84,42,50,40,25,16,24,3,324
11103123408,core,0,0,0,0,4,4,0,6,0,18,0,4,0,8,0,0,0,0,0,19,4,23,9,3,9,0,3,0,0,41,6,17,7,7,5,0,0,5,0,43,6,10,3,4,14,0,0,7,0,41,5,9,4,4,7,0,5,5,0,29,0,0,0,0,0,0,0,0,0,7,0,0,0,0,0,0,0,0,0,0,0,0,0,0,0,0,0,0,0,0,16,57,21,23,30,10,11,21,5,196
11103123409,core,0,0,0,3,0,3,0,3,0,14,9,18,5,9,10,3,3,4,0,53,3,31,3,19,9,0,3,0,0,72,3,10,8,4,9,0,0,0,0,37,3,9,4,0,7,0,0,0,0,26,0,3,5,0,4,0,0,3,0,27,0,5,0,0,0,0,0,0,0,8,0,0,0,0,0,0,0,0,0,0,0,0,0,0,0,0,0,0,0,0,19,75,22,37,39,20,9,17,0,233
11103123410,core,0,0,0,3,0,0,0,0,0,10,0,0,3,5,0,3,3,0,0,23,4,21,14,3,4,0,0,5,0,57,4,10,7,5,0,3,0,0,0,29,0,10,3,7,7,3,0,0,0,32,0,0,0,3,4,0,5,0,0,19,0,6,0,0,3,0,0,0,0,9,0,0,0,0,0,0,0,0,0,0,0,0,0,0,0,0,0,0,0,0,11,56,29,30,25,19,8,6,0,175
11103123411,core,0,0,0,3,0,3,0,3,0,8,0,4,5,10,0,3,3,0,0,32,8,19,6,8,7,0,4,0,0,55,3,4,3,5,0,0,3,4,0,25,4,6,6,3,5,0,0,0,0,19,0,4,3,0,3,0,3,3,0,19,0,0,0,0,0,0,0,0,0,0,0,0,0,0,3,0,0,0,0,3,0,0,0,0,0,0,0,0,0,0,12,40,21,29,24,11,7,17,0,165
11103123412,core,0,0,0,5,0,5,0,6,0,12,0,11,9,16,6,9,4,8,0,47,7,26,16,14,5,17,5,9,0,93,3,7,7,5,3,0,3,4,0,29,0,3,3,0,5,0,4,5,0,18,0,0,0,0,3,0,3,0,0,10,0,5,0,0,6,0,0,0,0,7,0,0,0,0,0,0,0,0,0,0,0,0,0,0,0,0,0,0,0,0,12,53,34,38,17,29,15,24,0,226
11103123413,core,0,0,3,6,0,5,0,8,0,19,6,11,9,10,5,6,0,0,0,44,12,25,16,8,10,7,3,8,0,89,6,14,7,4,4,3,0,0,0,46,3,12,12,6,6,0,8,5,0,43,4,0,6,0,4,3,5,4,0,22,0,3,0,0,4,0,0,0,0,10,0,0,0,0,0,0,0,0,0,0,0,0,0,0,0,0,0,0,0,0,17,69,49,36,24,30,14,25,4,273
11103123414,core,0,0,0,3,0,4,0,6,0,9,4,7,11,14,3,6,0,4,0,49,15,39,7,12,13,4,4,3,0,101,13,22,9,0,12,5,0,3,0,62,10,20,5,5,4,0,4,0,0,40,0,7,6,4,11,3,6,6,0,48,0,3,0,0,0,0,0,0,0,8,0,0,0,0,0,0,0,0,0,0,0,0,0,0,0,0,0,0,0,0,40,97,33,39,45,20,19,21,0,312
11103123415,core,0,0,5,0,0,4,0,0,0,11,0,0,0,5,0,0,0,0,0,19,10,23,19,14,4,0,0,3,0,70,12,23,10,0,8,0,0,3,0,57,5,13,5,0,8,0,3,5,0,43,3,5,3,4,7,0,4,3,0,30,0,0,0,0,0,0,0,0,0,0,0,0,0,0,0,0,0,0,0,0,0,0,0,0,0,0,0,0,0,0,21,69,40,32,37,12,9,15,0,231
11103123416,core,0,0,0,3,0,8,0,0,0,14,0,12,6,13,3,5,0,3,0,44,12,55,15,11,4,4,3,7,0,112,14,36,3,10,11,5,0,0,0,80,8,19,10,3,7,5,4,5,3,64,3,12,7,6,10,0,0,0,0,42,0,0,0,0,0,0,0,0,0,5,0,0,0,0,0,0,0,0,0,4,0,0,0,0,0,0,0,0,0,0,43,135,43,49,40,24,14,22,9,359
11103123417,core,0,0,0,0,0,5,0,6,0,16,0,10,3,11,6,3,0,3,0,34,5,14,9,6,7,3,0,3,0,52,10,18,4,4,5,0,0,3,0,51,9,19,5,4,5,5,0,9,3,53,3,13,5,4,13,0,0,5,0,42,0,0,0,0,0,0,0,0,0,3,0,0,0,0,0,0,0,0,0,0,0,0,0,0,0,0,0,0,0,0,26,75,29,34,31,15,13,27,8,255
11103123418,core,0,0,3,0,0,3,0,3,0,11,0,6,4,8,3,3,0,6,0,20,10,26,4,6,4,3,0,4,0,62,11,10,5,4,10,0,0,0,5,48,7,7,5,7,6,3,0,0,0,34,0,5,3,4,3,0,0,3,5,27,0,0,0,0,0,0,0,0,0,5,0,0,0,0,0,0,0,0,0,0,0,0,0,0,0,0,0,0,0,0,33,49,22,23,24,17,10,21,3,217
11103123419,core,0,0,0,0,0,0,0,0,0,4,0,3,9,6,0,10,0,5,0,30,0,16,6,7,9,0,0,0,0,44,5,8,10,4,3,4,0,0,0,38,8,13,0,6,0,3,4,7,0,44,0,6,3,6,9,0,0,0,0,22,0,0,3,0,0,0,0,0,0,7,0,0,0,0,0,0,0,0,0,0,0,0,0,0,0,0,0,0,0,0,21,52,30,31,16,14,6,19,0,184
11103123420,core,0,0,0,0,0,3,0,0,0,8,3,8,0,8,4,0,0,5,0,30,3,15,18,11,5,10,7,7,4,68,4,15,0,0,11,5,0,4,0,43,0,11,5,3,0,6,0,3,0,33,5,5,6,0,3,4,7,0,0,22,0,0,0,0,0,0,0,0,0,7,0,0,0,0,0,0,0,0,0,0,0,0,0,0,0,0,0,0,0,0,10,52,22,39,18,20,14,19,4,209
11103123421,core,0,0,3,0,0,3,0,6,0,19,0,5,0,5,6,3,0,0,0,25,7,41,13,16,12,13,4,11,0,106,6,18,12,7,8,5,0,0,0,63,10,16,6,9,3,5,0,3,0,52,3,10,0,5,7,3,3,0,0,40,0,0,0,4,0,0,0,0,0,5,0,0,0,0,0,0,0,0,0,0,0,0,0,0,0,0,0,0,0,0,28,92,37,40,35,30,15,24,4,305
11103123422,core,0,0,0,0,0,0,0,0,0,0,0,4,3,3,0,0,0,0,0,17,3,17,4,5,5,0,0,3,0,46,4,6,6,5,3,3,0,0,0,27,5,0,0,0,5,0,0,5,0,21,0,8,3,0,8,3,0,3,0,25,0,0,0,0,0,0,0,0,0,0,0,0,0,0,0,0,0,0,0,0,0,0,0,0,0,0,0,0,0,0,21,31,14,20,23,9,0,11,5,148
11103123423,core,0,0,0,3,0,0,0,0,0,15,0,5,0,15,9,7,4,6,0,42,0,36,13,7,5,5,4,0,4,78,12,25,5,3,4,5,0,3,0,51,7,15,4,3,0,0,4,6,0,37,0,10,5,0,5,0,0,3,0,29,0,0,0,0,0,0,0,0,0,5,0,0,0,0,0,0,0,0,0,0,0,0,0,0,0,0,0,0,0,0,30,84,27,39,25,21,13,17,0,252
11103123424,core,0,0,0,0,0,5,0,0,0,6,0,3,3,7,0,10,3,3,0,23,3,17,3,0,6,3,7,6,0,46,0,12,5,4,5,7,5,0,0,27,5,6,0,10,6,0,0,4,0,24,0,0,0,4,3,0,0,0,0,10,0,0,0,0,0,0,0,0,0,0,0,0,0,0,0,0,0,0,0,0,0,0,0,0,0,0,0,0,0,0,10,41,11,18,17,18,11,9,0,135
11103123425,core,0,0,3,6,0,4,0,0,0,12,0,11,7,23,0,13,4,10,0,65,3,26,14,17,8,3,4,9,0,89,5,27,4,3,4,3,6,5,0,55,3,12,9,9,6,0,4,6,0,54,3,13,3,3,7,0,4,10,0,38,0,3,0,0,0,0,0,0,0,3,0,0,0,0,0,0,0,0,0,3,0,0,0,0,0,0,0,0,0,0,19,85,32,56,34,32,22,49,7,333
11103123426,core,0,0,0,3,0,6,0,0,0,14,0,0,7,8,0,10,3,4,0,36,6,13,15,13,10,6,0,5,0,72,0,11,5,9,8,3,3,5,0,48,4,0,9,3,4,0,0,0,0,19,0,8,6,0,0,4,0,0,0,20,0,0,0,0,0,0,0,0,0,5,0,0,0,0,0,0,0,0,0,0,0,0,0,0,0,0,0,0,0,0,12,40,38,39,20,27,12,21,3,211
11103123427,core,0,0,0,0,0,0,0,3,0,3,0,3,7,12,3,3,0,0,0,24,4,21,16,9,7,0,5,5,0,69,10,13,7,4,6,5,0,5,0,48,3,9,6,6,5,5,3,0,0,41,4,5,0,3,0,0,6,0,0,26,0,4,0,0,0,0,0,0,0,3,0,0,0,0,0,0,0,0,0,0,0,0,0,0,0,0,0,0,0,0,23,50,37,32,30,13,10,13,0,214
11103123501,core,0,0,0,0,0,0,0,0,0,4,0,4,0,3,0,0,0,0,0,16,8,13,13,3,0,0,0,0,3,45,10,5,3,0,6,0,0,0,0,33,7,13,5,0,9,6,0,0,4,40,6,18,3,0,9,0,6,0,0,42,0,6,3,0,5,0,0,0,0,19,0,0,0,0,0,0,0,0,0,4,0,0,0,0,0,0,0,0,0,0,34,62,25,19,28,9,6,5,7,196
11103123502,core,0,0,0,8,0,3,0,10,0,19,0,7,4,10,3,9,0,3,0,38,16,46,9,12,8,8,0,10,6,119,29,44,9,8,8,3,3,0,4,109,14,20,4,6,3,0,4,7,3,68,14,24,8,9,10,0,4,3,0,66,0,6,4,0,0,0,0,0,0,15,0,0,0,0,0,0,0,0,0,0,0,0,0,0,0,0,0,0,0,0,74,148,46,52,37,22,8,36,5,431
11103123503,core,0,0,0,7,0,6,0,0,0,14,4,12,6,18,8,0,0,0,0,46,9,52,15,15,9,3,5,5,0,114,17,44,9,12,7,5,4,8,0,100,6,22,8,4,4,4,0,3,0,64,7,14,4,9,6,0,3,3,0,49,0,4,0,0,0,0,0,0,0,0,0,0,0,0,0,0,0,0,0,0,0,0,0,0,0,0,0,0,0,0,37,140,46,62,40,16,14,29,0,389
11103123504,core,0,0,3,0,0,0,0,3,0,12,0,6,0,13,7,3,0,3,0,40,8,41,18,7,8,5,3,5,0,91,11,23,11,5,8,3,0,6,0,61,10,23,4,6,8,5,0,0,0,57,9,13,9,0,8,0,3,3,0,57,0,5,0,0,0,0,0,0,0,6,0,0,0,0,0,0,0,0,0,0,0,0,0,0,0,0,0,0,0,0,37,103,44,48,38,18,13,26,5,324
11103123505,core,0,0,4,4,0,3,0,0,0,7,0,3,5,19,3,0,0,0,0,27,4,20,0,3,0,0,0,0,0,39,8,12,0,3,4,0,3,0,0,28,6,14,0,9,9,0,0,0,0,40,8,15,7,4,3,0,4,0,0,40,3,6,0,0,5,0,3,0,0,18,0,0,0,0,0,0,0,0,0,4,0,0,0,0,0,0,0,0,0,0,34,69,14,34,21,16,8,4,8,204
11103123506,core,0,0,0,0,0,0,0,0,0,0,0,0,0,0,0,0,0,0,0,0,0,0,0,0,0,0,0,0,0,0,0,0,0,0,0,0,0,0,0,0,0,0,0,0,0,0,0,0,0,0,0,0,0,0,0,0,0,0,0,0,0,0,0,0,0,0,0,0,0,0,0,0,0,0,0,0,0,0,0,0,0,0,0,0,0,0,0,0,0,0,0,0,0,0,0,0,0,0,0,0
11103123507,core,0,0,0,6,0,4,0,0,0,15,0,4,3,8,5,3,4,7,0,29,5,33,10,9,5,12,0,4,0,90,6,43,6,5,5,0,4,6,0,77,13,30,9,8,7,5,0,0,0,66,8,13,5,7,4,0,0,5,0,35,3,7,0,0,0,3,0,0,0,13,0,0,0,0,0,0,0,0,0,0,0,0,0,0,0,0,0,0,0,0,36,125,29,43,33,26,5,19,0,319
11103123508,core,0,0,0,0,0,0,0,4,0,3,3,8,9,13,0,9,0,0,0,45,7,33,12,14,7,3,4,6,0,82,7,18,10,7,4,0,0,5,0,47,10,17,4,4,3,8,0,3,4,43,4,5,5,5,3,0,0,0,0,28,0,0,0,0,0,4,0,0,0,10,0,0,0,0,0,0,0,0,0,0,0,0,0,0,0,0,0,0,0,0,32,81,35,38,27,21,3,13,7,260
11103123509,core,0,0,0,0,0,0,0,4,0,5,0,3,3,8,0,5,0,0,0,25,10,36,9,12,10,3,0,3,0,97,10,28,7,6,6,0,0,0,3,60,13,8,5,5,5,0,3,9,0,50,0,9,0,5,3,0,4,0,0,15,0,0,0,0,0,0,0,3,0,3,0,0,0,0,0,0,0,0,0,0,0,0,0,0,0,0,0,0,0,0,36,85,26,32,24,18,10,15,3,257
11103123510,core,0,0,0,4,0,0,0,0,0,4,0,15,11,12,0,5,0,4,0,51,13,38,17,10,13,0,0,4,0,98,12,22,7,4,9,3,4,3,3,60,3,11,5,5,4,5,0,0,0,31,9,5,4,5,10,0,0,0,0,36,0,0,0,0,0,0,0,0,0,4,0,0,0,0,0,0,0,0,0,0,0,0,0,0,0,0,0,0,0,0,38,87,35,41,36,14,10,17,5,287
11103123511,core,0,0,3,5,0,6,0,3,0,13,5,3,0,12,7,3,0,3,0,31,3,59,12,10,8,8,0,4,0,105,15,37,7,6,9,3,0,0,0,76,14,20,5,8,9,9,5,4,6,67,10,15,0,0,9,4,3,0,0,43,5,5,0,4,0,0,0,0,0,6,0,0,0,0,0,0,0,0,0,0,0,0,0,0,0,0,0,0,0,0,55,130,31,41,40,26,8,15,10,349
11103123512,core,0,0,0,6,0,0,0,3,0,11,0,4,3,10,4,10,0,0,0,36,12,47,15,14,15,9,6,5,0,111,15,16,8,4,4,0,0,8,0,59,9,14,3,5,4,0,3,0,0,38,6,3,5,0,3,4,0,7,0,29,0,8,0,0,0,0,0,0,0,11,0,0,0,0,0,0,0,0,0,0,0,0,0,0,0,0,0,0,0,0,41,93,36,37,30,16,11,23,0,289
11103123513,core,0,0,0,0,0,0,0,0,0,3,0,5,5,3,0,3,0,0,0,26,11,29,10,8,7,0,4,3,0,69,3,21,9,0,3,0,8,0,0,42,3,13,7,3,0,0,0,0,0,29,11,10,4,11,0,4,0,3,0,42,0,4,0,0,0,0,0,0,0,4,0,0,0,0,0,0,0,0,0,0,0,0,0,0,0,0,0,0,0,0,32,80,32,19,13,11,8,15,0,214
11103123514,core,0,0,0,0,0,6,0,3,0,11,0,7,5,9,4,6,0,4,0,37,5,21,9,9,7,4,4,9,0,71,15,25,14,6,0,0,0,4,0,67,11,22,3,6,9,3,3,9,0,64,6,8,6,4,0,3,0,3,0,29,0,0,0,3,0,0,0,0,0,8,0,0,0,0,0,0,0,0,0,0,0,0,0,0,0,0,0,0,0,0,32,88,39,36,30,23,8,28,8,277
11103123515,core,0,0,0,4,0,0,0,0,0,4,0,7,4,9,3,5,0,4,0,34,13,18,12,9,5,0,3,7,0,67,6,14,9,9,0,0,0,3,0,43,3,9,0,0,9,0,0,3,0,17,0,13,0,7,3,0,0,0,0,24,0,4,0,0,0,0,0,0,0,6,0,0,0,0,0,0,0,0,0,0,0,0,0,0,0,0,0,0,0,0,21,59,28,34,18,11,4,14,0,194
11103123516,core,0,0,0,0,0,4,0,0,0,8,0,3,7,19,0,5,3,3,0,39,5,34,9,11,7,0,0,0,0,78,12,27,9,9,11,5,0,0,0,65,11,18,13,3,6,5,7,6,0,58,3,12,3,8,8,4,3,4,0,53,3,12,0,0,5,0,0,3,0,17,0,0,0,0,0,0,0,0,0,0,0,0,0,0,0,0,0,0,0,0,44,100,40,50,37,24,10,22,5,331
11103123518,core,0,0,0,0,0,3,0,0,0,3,0,3,0,4,0,3,0,0,0,16,8,18,10,12,5,3,0,0,0,65,6,12,6,6,4,0,0,3,0,37,4,8,0,3,0,0,0,6,0,23,0,3,0,0,0,0,5,0,0,17,0,0,0,0,0,0,0,0,0,0,0,0,0,0,0,0,0,0,0,0,0,0,0,0,0,0,0,0,0,0,21,47,22,24,16,14,5,12,3,162
11103123519,core,0,0,0,3,0,3,0,0,0,8,0,8,4,9,5,0,0,5,3,33,7,38,6,12,5,4,0,6,0,70,11,39,5,10,5,4,0,3,0,66,12,22,5,6,11,0,0,4,0,61,4,12,4,0,8,0,0,4,0,30,0,3,0,3,0,0,0,0,0,7,0,0,0,0,0,0,0,0,0,0,0,0,0,0,0,0,0,0,0,0,35,119,27,38,32,14,3,16,3,287
11103123520,core,0,0,4,0,0,6,0,0,0,4,4,5,6,5,3,3,0,8,0,36,10,51,14,13,8,3,0,4,0,99,4,11,7,0,3,0,0,0,0,36,13,10,7,3,6,0,0,0,0,41,3,14,0,0,0,5,0,3,0,28,0,0,0,0,0,0,0,0,0,0,0,0,0,0,0,0,0,0,0,0,0,0,0,0,0,0,0,0,0,0,33,86,31,28,28,16,8,15,0,246
11103123521,core,0,0,0,3,0,3,0,0,0,6,10,11,9,27,7,13,0,3,0,82,25,75,26,19,20,6,0,0,0,183,8,13,5,6,16,0,0,3,0,49,4,8,4,8,3,0,0,0,0,29,5,0,0,3,3,3,0,3,4,29,0,0,0,0,0,0,0,0,0,4,0,0,0,0,0,0,0,0,0,0,0,0,0,0,0,0,0,0,0,0,57,109,48,70,44,27,5,17,6,381
11103123522,core,0,0,0,0,0,0,0,0,0,0,0,0,0,0,0,0,0,0,0,0,0,0,0,0,0,0,0,0,0,6,0,0,0,0,0,0,0,0,0,0,0,0,0,0,0,0,0,0,0,0,0,0,0,0,0,0,0,0,0,0,0,0,0,0,0,0,0,0,0,0,0,0,0,0,0,0,0,0,0,0,0,0,0,0,0,0,0,0,0,0,0,5,3,3,0,0,0,0,0,13
